# num_workers = 96
# num_cells = 256
# seed_for_environment = 232323
# lr = 0.0003
# max_grad_norm = 1.0
# eval_rollout_length = 30
# scaling_factor = 1000
# frames_per_batch = 500
# sub_batch_size = 64
# num_epochs = 15
# clip_epsilon = 0.2
# gamma = 0.99
# lmbda = 0.95
# entropy_eps = 0.003
# env_reward_engineering = True
# env_minimum_number_of_qubits = 8
# log_name = None
# env_version = qecc/bbcode-ldpc-v0
# env_bit_flipping = True
# env_l = 9
# env_m = 6
# env_use_dict_observation = True
# env_number_of_decoder_iterations = 50
# env_number_of_samples = 50
# env_code_logging = True
# model_architecture = hybrid
# model_surrogate_model_path = /vol/bitbucket/osella/rl-qecc-data//supervisedLearning/2026-07-12_21-15-58/surrogate_6x6.pth
# model_use_pretrained_encoder = False
# index_to_unfreeze_encoder_updates = 50
# encoder_lr_factor = 0.1
# training_device = cpu
# Resolved arguments:
# Resolved_env_reward_engineering = True
# Resolved_env_bit_flipping = True
# Resolved_env_useDictObservation = True
# Resolved_env_code_logging = True
# Resolved_model_use_pretrained_encoder = False
# Resolved_trainingDevice = cpu
# Resolved_model_architecture = hybrid
# Just for information, not used in actual run: SLURM CPUS queried from os environment: 96
# Number of workers: 96
# Does torch identify cuda: False
# encoder ***RANDOM WEIGHTS***
evaluation number	reward	policy entropy	policy entropy aX	policy entropy bX	policy entropy aY	policy entropy bY	Encoder freeze
0	0.13500000536441803	8.416949272155762	2.2766668796539307	2.2783043384552	1.9343656301498413	1.927612543106079	True
0	0.12250000238418579	8.442541122436523	2.28602933883667	2.28548526763916	1.9386738538742065	1.9323526620864868	True
0	0.14000000059604645	8.416415214538574	2.2765891551971436	2.2789831161499023	1.9339519739151	1.9268909692764282	True
0	0.125	8.441777229309082	2.2861204147338867	2.285219669342041	1.9388220310211182	1.9316145181655884	True
0	0.125	8.41731071472168	2.2767412662506104	2.2789838314056396	1.934072494506836	1.9275128841400146	True
0	0.11999999731779099	8.442890167236328	2.286409854888916	2.2859911918640137	1.9387180805206299	1.931771159172058	True
0	0.13500000536441803	8.416922569274902	2.276808500289917	2.2791216373443604	1.9342870712280273	1.9267051219940186	True
0	0.11500000208616257	8.442094802856445	2.285813093185425	2.2854175567626953	1.9385942220687866	1.9322692155838013	True
0	0.11999999731779099	8.416818618774414	2.276940107345581	2.2783429622650146	1.934556484222412	1.9269788265228271	True
0	0.125	8.442231178283691	2.2854816913604736	2.285571575164795	1.9385104179382324	1.9326672554016113	True
0	0.1274999976158142	8.41799259185791	2.277216672897339	2.278900146484375	1.9345413446426392	1.9273343086242676	True
0	0.12250000238418579	8.443239212036133	2.286182165145874	2.28598690032959	1.9385931491851807	1.9324766397476196	True
0	0.125	8.416027069091797	2.2765090465545654	2.278714418411255	1.934145212173462	1.9266583919525146	True
0	0.125	8.441953659057617	2.2863962650299072	2.285598039627075	1.9382487535476685	1.9317106008529663	True
0	0.13750000298023224	8.417791366577148	2.276498794555664	2.2789804935455322	1.9351167678833008	1.92719566822052	True
0	0.11999999731779099	8.441855430603027	2.2861876487731934	2.2853240966796875	1.9383676052093506	1.9319761991500854	True
0	0.13500000536441803	8.417060852050781	2.2767767906188965	2.2785325050354004	1.9344654083251953	1.9272860288619995	True
0	0.11999999731779099	8.441887855529785	2.2863523960113525	2.285799026489258	1.9383338689804077	1.9314029216766357	True
0	0.13249999284744263	8.416601181030273	2.276259183883667	2.278376579284668	1.9344079494476318	1.9275572299957275	True
0	0.125	8.44278335571289	2.2867119312286377	2.2857298851013184	1.9379454851150513	1.932396411895752	True
0	0.14000000059604645	8.417333602905273	2.27719783782959	2.27864146232605	1.9346013069152832	1.926892638206482	True
0	0.11999999731779099	8.444055557250977	2.286485195159912	2.2864561080932617	1.9388283491134644	1.932286024093628	True
0	0.13500000536441803	8.417203903198242	2.2770111560821533	2.279110908508301	1.9339911937713623	1.9270910024642944	True
0	0.11749999970197678	8.442169189453125	2.286210775375366	2.2854130268096924	1.9382433891296387	1.9323019981384277	True
0	0.1599999964237213	8.41844654083252	2.2769787311553955	2.2794387340545654	1.9347862005233765	1.9272427558898926	True
0	0.12250000238418579	8.443119049072266	2.2859597206115723	2.2859020233154297	1.9386396408081055	1.9326179027557373	True
0	0.14499999582767487	8.418144226074219	2.276864767074585	2.2790536880493164	1.934799313545227	1.9274260997772217	True
0	0.11749999970197678	8.442069053649902	2.28572940826416	2.2852718830108643	1.9386943578720093	1.9323737621307373	True
0	0.14499999582767487	8.417510032653809	2.2774603366851807	2.278853416442871	1.934277057647705	1.92691969871521	True
0	0.12250000238418579	8.442024230957031	2.2863404750823975	2.285252094268799	1.9381937980651855	1.9322377443313599	True
1	0.125	7.187170028686523	1.9626593589782715	1.8191771507263184	1.819438099861145	1.5858957767486572	True
1	0.13500000536441803	7.603719234466553	2.1019442081451416	2.0604825019836426	1.8242137432098389	1.6170783042907715	True
1	0.12250000238418579	7.733932971954346	2.1233062744140625	2.1592023372650146	1.8130052089691162	1.6384185552597046	True
1	-0.25	7.715831756591797	2.095393419265747	2.0978453159332275	1.8430153131484985	1.6795780658721924	True
1	0.1274999976158142	7.952206134796143	2.1322977542877197	2.1258790493011475	1.8770579099655151	1.8169713020324707	True
1	0.33500000834465027	7.519758224487305	2.05153489112854	2.175771713256836	1.714872121810913	1.5775792598724365	True
1	-0.75	7.661243915557861	2.174272060394287	2.21772837638855	1.6914982795715332	1.5777454376220703	True
1	-0.25	7.928009510040283	2.1826188564300537	2.2314536571502686	1.7655832767486572	1.7483534812927246	True
1	0.375	7.9897942543029785	2.194875955581665	2.2486608028411865	1.8085781335830688	1.7376796007156372	True
1	-0.5	7.661074638366699	2.0983469486236572	2.2144269943237305	1.7140663862228394	1.6342341899871826	True
1	0.14000000059604645	7.836544990539551	2.216797113418579	2.21370792388916	1.707444667816162	1.6985952854156494	True
1	0.13500000536441803	7.7078752517700195	2.128737449645996	2.177685260772705	1.790493369102478	1.6109591722488403	True
1	0.23999999463558197	7.7562947273254395	2.104262351989746	2.1842293739318848	1.7765649557113647	1.6912380456924438	True
1	-0.25	7.620494842529297	2.119581699371338	2.1760928630828857	1.7600654363632202	1.564754843711853	True
1	0.4099999964237213	7.989827632904053	2.194774866104126	2.2484419345855713	1.8085815906524658	1.738028883934021	True
1	-0.5	7.662657737731934	2.098041296005249	2.2139029502868652	1.7140803337097168	1.6366331577301025	True
1	0.125	7.836763381958008	2.21737003326416	2.2134971618652344	1.7083922624588013	1.6975041627883911	True
1	0.125	7.704928874969482	2.1277763843536377	2.1768555641174316	1.7897552251815796	1.6105412244796753	True
1	0.20999999344348907	7.7540812492370605	2.102505683898926	2.1847047805786133	1.7776587009429932	1.6892123222351074	True
1	-0.25	7.620021343231201	2.118173122406006	2.176140308380127	1.7607791423797607	1.564928412437439	True
1	0.41499999165534973	7.990408897399902	2.195629358291626	2.249377965927124	1.8077220916748047	1.7376794815063477	True
1	-0.5	7.663033485412598	2.097731113433838	2.2146852016448975	1.7162200212478638	1.6343975067138672	True
1	0.12999999523162842	7.835661888122559	2.2151355743408203	2.2129592895507812	1.709769368171692	1.6977975368499756	True
1	0.12999999523162842	7.704970359802246	2.1275017261505127	2.177241086959839	1.7892391681671143	1.6109883785247803	True
1	0.20000000298023224	7.753371238708496	2.103130340576172	2.1839938163757324	1.7765295505523682	1.689717173576355	True
1	-0.25	7.615484237670898	2.1175343990325928	2.1756842136383057	1.7603960037231445	1.561869502067566	True
1	0.3799999952316284	7.990335464477539	2.1953961849212646	2.2487213611602783	1.8083440065383911	1.7378737926483154	True
1	-0.5	7.663971900939941	2.0985889434814453	2.2139999866485596	1.7152702808380127	1.636113166809082	True
1	0.12999999523162842	7.837296962738037	2.217057704925537	2.2135255336761475	1.7084550857543945	1.6982587575912476	True
1	0.11999999731779099	7.705399990081787	2.1267025470733643	2.178337812423706	1.7894821166992188	1.6108773946762085	True
2	-0.25	4.651166915893555	1.761710286140442	0.8093793988227844	1.6364426612854004	0.4436344504356384	True
2	0.125	6.9013495445251465	1.849640130996704	2.0172951221466064	1.7538608312606812	1.2805533409118652	True
2	-0.25	5.124659538269043	1.5985594987869263	1.3618971109390259	1.7427860498428345	0.42141661047935486	True
2	0.11999999731779099	6.898514747619629	1.841686725616455	2.022228717803955	1.7526899576187134	1.2819092273712158	True
2	-0.25	4.659543991088867	1.7588716745376587	0.8149169087409973	1.6406762599945068	0.44507861137390137	True
2	0.125	6.89678955078125	1.8532423973083496	2.015955686569214	1.7523431777954102	1.275248408317566	True
2	-0.25	5.109543323516846	1.5922785997390747	1.3549695014953613	1.7417807579040527	0.4205144941806793	True
2	0.125	6.910794734954834	1.8416897058486938	2.0310192108154297	1.7534536123275757	1.2846322059631348	True
2	-0.25	4.670799255371094	1.7648110389709473	0.8189096450805664	1.64047110080719	0.4466076195240021	True
2	0.11999999731779099	6.885297775268555	1.8501008749008179	2.0121209621429443	1.7519367933273315	1.271139144897461	True
2	-0.25	5.112541198730469	1.597031593322754	1.3535746335983276	1.7423220872879028	0.41961294412612915	True
2	0.125	6.92188024520874	1.8405067920684814	2.036766767501831	1.7520942687988281	1.2925125360488892	True
2	-0.25	4.66444730758667	1.7600072622299194	0.816891074180603	1.6409865617752075	0.44656243920326233	True
2	0.11749999970197678	6.9153594970703125	1.8525081872940063	2.023977041244507	1.753029465675354	1.2858448028564453	True
2	-0.25	5.104436874389648	1.5939761400222778	1.3495230674743652	1.7409796714782715	0.4199579954147339	True
2	0.125	6.888558387756348	1.840551495552063	2.020733118057251	1.7511025667190552	1.276171088218689	True
2	-0.25	4.659111499786377	1.7629187107086182	0.8123160004615784	1.6377826929092407	0.44609391689300537	True
2	0.11999999731779099	6.903695583343506	1.8504638671875	2.020754337310791	1.7541664838790894	1.278310775756836	True
2	-0.25	5.103750705718994	1.5908715724945068	1.351752758026123	1.7415947914123535	0.4195311665534973	True
2	0.12250000238418579	6.88878870010376	1.840434193611145	2.0218305587768555	1.7508291006088257	1.2756949663162231	True
2	-0.25	4.661221981048584	1.7626513242721558	0.8146920204162598	1.6373050212860107	0.44657379388809204	True
2	0.125	6.9061737060546875	1.8508036136627197	2.0233781337738037	1.7534958124160767	1.2784961462020874	True
2	-0.25	5.111013412475586	1.595790982246399	1.3534677028656006	1.7422053813934326	0.41954874992370605	True
2	0.11749999970197678	6.887082099914551	1.8425147533416748	2.0190868377685547	1.7518055438995361	1.273674726486206	True
2	-0.25	4.6596527099609375	1.7599765062332153	0.8165782690048218	1.6389291286468506	0.44416892528533936	True
2	0.125	6.899473667144775	1.853434443473816	2.017094135284424	1.7523642778396606	1.2765809297561646	True
2	-0.25	5.109945297241211	1.5954301357269287	1.3534342050552368	1.7413781881332397	0.41970235109329224	True
2	0.11749999970197678	6.915408134460449	1.8437670469284058	2.0322422981262207	1.7524902820587158	1.2869079113006592	True
2	-0.25	4.6391921043396	1.7581614255905151	0.8031501770019531	1.6353085041046143	0.4425719678401947	True
2	0.125	6.897500038146973	1.8475421667099	2.01706862449646	1.751292109489441	1.281597375869751	True
3	-0.25	4.424427509307861	1.3173751831054688	1.2633599042892456	1.3175272941589355	0.5261648297309875	True
3	0.13500000536441803	5.9983649253845215	1.6352791786193848	1.8530023097991943	1.6162874698638916	0.8937958478927612	True
3	0.25	4.41306209564209	1.1771849393844604	1.3409754037857056	1.51421058177948	0.38069087266921997	True
3	0.20999999344348907	5.224244117736816	1.5865652561187744	1.5487223863601685	1.5534305572509766	0.5355259776115417	True
3	-0.25	4.757033824920654	1.4224780797958374	1.6036288738250732	1.468982458114624	0.2619442045688629	True
3	0.2800000011920929	6.365983963012695	1.3985735177993774	1.7470804452896118	1.6761205196380615	1.544209599494934	True
3	-0.25	4.755877494812012	1.4203616380691528	1.6044957637786865	1.4683551788330078	0.2626648545265198	True
3	0.23499999940395355	6.36838960647583	1.395256519317627	1.7492647171020508	1.6770846843719482	1.5467840433120728	True
3	-0.25	4.762009143829346	1.4203624725341797	1.6077924966812134	1.4693752527236938	0.26447898149490356	True
3	0.2549999952316284	6.3560075759887695	1.3946629762649536	1.7438783645629883	1.6755125522613525	1.5419540405273438	True
3	-0.25	4.759385585784912	1.4224439859390259	1.606818675994873	1.4683729410171509	0.2617502808570862	True
3	0.2150000035762787	6.354404449462891	1.3953049182891846	1.7448196411132812	1.6759181022644043	1.538361668586731	True
3	-0.25	4.761870861053467	1.422637939453125	1.606918454170227	1.4697964191436768	0.2625181972980499	True
3	0.22499999403953552	6.358614444732666	1.397365689277649	1.7456202507019043	1.675215721130371	1.5404129028320312	True
3	-0.25	4.760903358459473	1.4212840795516968	1.60587739944458	1.4707815647125244	0.26296037435531616	True
3	0.24500000476837158	6.354321002960205	1.3887450695037842	1.7457153797149658	1.6763074398040771	1.5435529947280884	True
3	-0.25	4.761356830596924	1.4229034185409546	1.6054197549819946	1.4706519842147827	0.2623816728591919	True
3	0.19499999284744263	6.375205039978027	1.3964380025863647	1.7507086992263794	1.6778327226638794	1.5502254962921143	True
3	-0.25	4.756613731384277	1.423658847808838	1.6054644584655762	1.4671716690063477	0.26031893491744995	True
3	0.20499999821186066	6.365777969360352	1.393039345741272	1.7475193738937378	1.6766308546066284	1.5485880374908447	True
3	-0.25	4.759470462799072	1.423551082611084	1.6066269874572754	1.4670647382736206	0.26222750544548035	True
3	0.19499999284744263	6.366787433624268	1.3938642740249634	1.74887216091156	1.6761341094970703	1.5479167699813843	True
3	-0.25	4.75371789932251	1.4228097200393677	1.6040252447128296	1.46631920337677	0.2605637013912201	True
3	0.23999999463558197	6.369760513305664	1.3951172828674316	1.7494418621063232	1.6762418746948242	1.5489599704742432	True
3	-0.25	4.755266189575195	1.422864317893982	1.6053204536437988	1.4666624069213867	0.26041868329048157	True
3	0.2199999988079071	6.360315799713135	1.3920633792877197	1.7471601963043213	1.6766668558120728	1.5444254875183105	True
3	-0.25	4.75666618347168	1.4197319746017456	1.6059707403182983	1.468227505683899	0.26273560523986816	True
3	0.2150000035762787	6.3637471199035645	1.3918483257293701	1.748234748840332	1.6767613887786865	1.5469025373458862	True
3	-0.25	4.758137226104736	1.4221735000610352	1.6053874492645264	1.469039797782898	0.26153668761253357	True
3	0.20999999344348907	6.363154411315918	1.3929598331451416	1.7477645874023438	1.6765965223312378	1.5458338260650635	True
4	0.125	3.0374755859375	1.0002150535583496	1.0809818506240845	0.6297875046730042	0.32649141550064087	True
4	0.11749999970197678	4.501340389251709	1.4178717136383057	1.3454779386520386	0.9349660873413086	0.80302494764328	True
4	0.125	3.0331671237945557	1.0018577575683594	1.0793778896331787	0.6264030933380127	0.3255283832550049	True
4	0.12250000238418579	4.5040812492370605	1.4155384302139282	1.3466668128967285	0.9351052045822144	0.8067706823348999	True
4	0.12250000238418579	3.040344476699829	0.9998854994773865	1.0820034742355347	0.6299103498458862	0.32854536175727844	True
4	0.12250000238418579	4.51662015914917	1.4239622354507446	1.3479113578796387	0.9379307627677917	0.8068158626556396	True
4	0.13500000536441803	3.038384199142456	1.000420093536377	1.0803751945495605	0.6286483407020569	0.3289405405521393	True
4	0.12250000238418579	4.512343406677246	1.4188058376312256	1.3496596813201904	0.9356080889701843	0.8082696795463562	True
4	0.13249999284744263	3.038423776626587	0.9984692931175232	1.0809125900268555	0.6298798322677612	0.32916194200515747	True
4	0.11999999731779099	4.504516124725342	1.4204413890838623	1.3471448421478271	0.9314721822738647	0.805457592010498	True
4	0.1274999976158142	3.044353485107422	0.9997974038124084	1.082740306854248	0.6319881677627563	0.3298279047012329	True
4	0.12250000238418579	4.476413726806641	1.4211853742599487	1.3356608152389526	0.9270862936973572	0.7924812436103821	True
4	0.12250000238418579	3.0413386821746826	0.9989730715751648	1.0828394889831543	0.6305164098739624	0.3290097117424011	True
4	0.11999999731779099	4.515716552734375	1.420595645904541	1.3489718437194824	0.9400442242622375	0.8061047792434692	True
4	0.12250000238418579	3.030836820602417	1.0008084774017334	1.0792601108551025	0.6266337633132935	0.3241345286369324	True
4	0.11999999731779099	4.499385356903076	1.4199812412261963	1.3469951152801514	0.9326698184013367	0.7997390627861023	True
4	0.125	3.0496506690979004	1.0011320114135742	1.083992838859558	0.6344455480575562	0.33007997274398804	True
4	0.12250000238418579	4.496435642242432	1.416345238685608	1.3456405401229858	0.9319348335266113	0.802514910697937	True
4	0.12250000238418579	3.045135736465454	0.9972314834594727	1.0843963623046875	0.6334468722343445	0.3300609290599823	True
4	0.11999999731779099	4.513443946838379	1.4210387468338013	1.3481009006500244	0.9372855424880981	0.8070187568664551	True
4	0.11999999731779099	3.035940647125244	1.0002065896987915	1.0813966989517212	0.6276588439941406	0.3266785144805908	True
4	0.11999999731779099	4.501903057098389	1.4174749851226807	1.3467100858688354	0.9338406920433044	0.8038773536682129	True
4	0.125	3.046438455581665	1.0004358291625977	1.083369493484497	0.6326419115066528	0.3299911618232727	True
4	0.125	4.503429889678955	1.4171414375305176	1.345219373703003	0.9328917264938354	0.808177649974823	True
4	0.12999999523162842	3.0360798835754395	1.000962734222412	1.082107424736023	0.6266082525253296	0.32640135288238525	True
4	0.11999999731779099	4.518515586853027	1.4193720817565918	1.3507808446884155	0.9385066628456116	0.8098560571670532	True
4	0.13750000298023224	3.0385656356811523	1.0030115842819214	1.0797785520553589	0.6285364627838135	0.32723891735076904	True
4	0.11999999731779099	4.493190288543701	1.4233808517456055	1.343240737915039	0.9285070896148682	0.798061728477478	True
4	0.1274999976158142	3.046922206878662	1.0002318620681763	1.0850021839141846	0.6310340166091919	0.3306540846824646	True
4	0.11749999970197678	4.505939483642578	1.420421838760376	1.346250057220459	0.9334553480148315	0.8058125972747803	True
5	0.1274999976158142	1.6283138990402222	0.2707245945930481	1.1450790166854858	0.18515440821647644	0.02735583856701851	False
5	0.125	1.7729977369308472	0.261416494846344	0.9333717823028564	0.46544188261032104	0.11276761442422867	False
5	0.24500000476837158	1.911925196647644	0.6108685731887817	0.5464852452278137	0.6852340698242188	0.06933723390102386	False
5	0.2849999964237213	3.2325971126556396	1.7631521224975586	0.7030873894691467	0.33537766337394714	0.43097996711730957	False
5	0.22499999403953552	3.1733033657073975	1.7264747619628906	0.7511214017868042	0.30273541808128357	0.3929716944694519	False
5	0.28999999165534973	3.2344775199890137	1.7649290561676025	0.7017672657966614	0.3363577127456665	0.43142372369766235	False
5	0.2549999952316284	3.177886962890625	1.7295429706573486	0.7510403394699097	0.3026424050331116	0.3946613073348999	False
5	0.2849999964237213	3.2334303855895996	1.7651101350784302	0.7014634609222412	0.33557796478271484	0.4312788248062134	False
5	0.25	3.165379047393799	1.726637840270996	0.7472585439682007	0.29980626702308655	0.391676127910614	False
5	0.33500000834465027	3.2404985427856445	1.7664697170257568	0.7037255167961121	0.33773526549339294	0.4325679540634155	False
5	0.25999999046325684	3.197775363922119	1.725191593170166	0.761673629283905	0.3104838728904724	0.40042614936828613	False
5	0.33250001072883606	3.224449396133423	1.7611464262008667	0.6999744772911072	0.3349360525608063	0.4283924996852875	False
5	0.22499999403953552	3.1883444786071777	1.7284448146820068	0.7570845484733582	0.3058871328830719	0.39692774415016174	False
5	0.33000001311302185	3.226379156112671	1.7654191255569458	0.697533369064331	0.3337772786617279	0.4296494126319885	False
5	0.23499999940395355	3.1948840618133545	1.728790283203125	0.7598253488540649	0.3083791434764862	0.3978894352912903	False
5	0.33500000834465027	3.233152389526367	1.7638269662857056	0.7019571661949158	0.3362234830856323	0.4311447739601135	False
5	0.22499999403953552	3.1899452209472656	1.7288810014724731	0.7563754320144653	0.3068564534187317	0.39783233404159546	False
5	0.28999999165534973	3.2232964038848877	1.7655658721923828	0.6967382431030273	0.3323475122451782	0.42864495515823364	False
5	0.20999999344348907	3.1789965629577637	1.7255972623825073	0.754578173160553	0.3042221665382385	0.39459890127182007	False
5	0.2849999964237213	3.2248644828796387	1.7635934352874756	0.6979559659957886	0.33340129256248474	0.4299139976501465	False
5	0.24500000476837158	3.1802899837493896	1.7251484394073486	0.755795955657959	0.30496200919151306	0.3943837583065033	False
5	0.30000001192092896	3.2318129539489746	1.7657755613327026	0.7007233500480652	0.33464449644088745	0.4306694269180298	False
5	0.25	3.1820590496063232	1.729108452796936	0.7534912824630737	0.30478715896606445	0.394672155380249	False
5	0.3100000023841858	3.2312629222869873	1.7635257244110107	0.7020687460899353	0.33595791459083557	0.4297104477882385	False
5	0.20000000298023224	3.184528350830078	1.7252821922302246	0.7566585540771484	0.30614012479782104	0.3964473605155945	False
5	0.3050000071525574	3.2092902660369873	1.7652217149734497	0.6888748407363892	0.32877111434936523	0.4264225363731384	False
5	0.23999999463558197	3.190403461456299	1.7287957668304443	0.7581504583358765	0.30635419487953186	0.3971030116081238	False
5	0.33000001311302185	3.2303876876831055	1.7631316184997559	0.7006498575210571	0.33553627133369446	0.4310699999332428	False
5	0.2199999988079071	3.1768972873687744	1.7270219326019287	0.7529250979423523	0.3030413091182709	0.3939090669155121	False
5	0.32499998807907104	3.2214155197143555	1.7672696113586426	0.6948216557502747	0.33208897709846497	0.42723527550697327	False
6	0.2199999988079071	1.946006417274475	0.6791164875030518	1.110254168510437	0.142900288105011	0.013735359534621239	False
6	0.12250000238418579	3.4154157638549805	1.3973987102508545	1.1964613199234009	0.7303131222724915	0.09124258160591125	False
6	0.25999999046325684	1.946355938911438	0.6796661019325256	1.1097692251205444	0.14316007494926453	0.013760505244135857	False
6	0.11500000208616257	3.425386667251587	1.4020836353302002	1.1982179880142212	0.7331881523132324	0.09189671277999878	False
6	0.23499999940395355	1.9447689056396484	0.6788885593414307	1.110205888748169	0.14201050996780396	0.013664036989212036	False
6	0.125	3.423283815383911	1.4016165733337402	1.196257472038269	0.7336357831954956	0.09177370369434357	False
6	0.2750000059604645	1.9457054138183594	0.6806756854057312	1.1094965934753418	0.14182911813259125	0.013703890144824982	False
6	0.125	3.4202544689178467	1.3998165130615234	1.1969273090362549	0.7320802211761475	0.09143048524856567	False
6	0.26499998569488525	1.943448781967163	0.6782925128936768	1.109899640083313	0.141668438911438	0.013588154688477516	False
6	0.12250000238418579	3.4221012592315674	1.4025039672851562	1.196135401725769	0.732083261013031	0.09137845039367676	False
6	0.24500000476837158	1.9453157186508179	0.6802658438682556	1.1100540161132812	0.14133234322071075	0.013663379475474358	False
6	0.12250000238418579	3.4266295433044434	1.4010437726974487	1.197647213935852	0.736190676689148	0.09174784272909164	False
6	0.23999999463558197	1.9441074132919312	0.6781135201454163	1.1100479364395142	0.14234286546707153	0.013603053987026215	False
6	0.11999999731779099	3.429388999938965	1.4067015647888184	1.1978074312210083	0.7327458262443542	0.09213416278362274	False
6	0.2150000035762787	1.9460121393203735	0.67937833070755	1.1102886199951172	0.14260415732860565	0.013741091825067997	False
6	0.125	3.4200003147125244	1.4011403322219849	1.196696162223816	0.7305841445922852	0.09157956391572952	False
6	0.22499999403953552	1.9437205791473389	0.6789739727973938	1.109842300415039	0.1413421481847763	0.013562249951064587	False
6	0.11999999731779099	3.434528350830078	1.4055503606796265	1.1991561651229858	0.7375333309173584	0.09228849411010742	False
6	0.23999999463558197	1.9454337358474731	0.6800445318222046	1.1101133823394775	0.14168696105480194	0.013588903471827507	False
6	0.11749999970197678	3.4196865558624268	1.4017834663391113	1.1960735321044922	0.7305474281311035	0.0912821888923645	False
6	0.23499999940395355	1.9445688724517822	0.6783387064933777	1.110054850578308	0.14245840907096863	0.013716895133256912	False
6	0.11999999731779099	3.423191785812378	1.399269938468933	1.1971068382263184	0.7351882457733154	0.09162674844264984	False
6	0.24500000476837158	1.9459782838821411	0.6802485585212708	1.1098743677139282	0.14222390949726105	0.013631396926939487	False
6	0.12250000238418579	3.4279394149780273	1.4065641164779663	1.198979377746582	0.730104923248291	0.09229078888893127	False
6	0.27000001072883606	1.9449472427368164	0.6806808710098267	1.1092268228530884	0.1415271759033203	0.013512359000742435	False
6	0.12250000238418579	3.4282379150390625	1.401874303817749	1.1975111961364746	0.7367862462997437	0.09206628799438477	False
6	0.23000000417232513	1.9451249837875366	0.6794924736022949	1.110141634941101	0.1418772041797638	0.013613657094538212	False
6	0.12250000238418579	3.4155454635620117	1.4013078212738037	1.1959772109985352	0.7272374033927917	0.09102290123701096	False
6	0.24500000476837158	1.9442631006240845	0.6784862875938416	1.1101027727127075	0.1420670449733734	0.013607057742774487	False
6	0.12250000238418579	3.4188294410705566	1.3998337984085083	1.1957392692565918	0.7319830060005188	0.09127356857061386	False
7	0.11500000208616257	2.0480213165283203	0.8059252500534058	1.0870068073272705	0.15038764476776123	0.004701625555753708	False
7	0.12250000238418579	2.0429344177246094	0.803177535533905	1.0868492126464844	0.14837469160556793	0.004532773979008198	False
7	0.12250000238418579	2.0463714599609375	0.8049054145812988	1.0868295431137085	0.1499994993209839	0.004636907018721104	False
7	0.12250000238418579	2.046217441558838	0.8058072924613953	1.0875821113586426	0.14831943809986115	0.004508501384407282	False
7	0.125	2.0465855598449707	0.8046781420707703	1.087253212928772	0.14996758103370667	0.004686672706156969	False
7	0.11999999731779099	2.0388998985290527	0.800326406955719	1.0866708755493164	0.14742633700370789	0.004476314410567284	False
7	0.12250000238418579	2.0496275424957275	0.8072327375411987	1.087302803993225	0.15040557086467743	0.004686265252530575	False
7	0.12250000238418579	2.0437142848968506	0.8040773272514343	1.087348222732544	0.14771637320518494	0.004572408739477396	False
7	0.125	2.0494120121002197	0.8074740171432495	1.0871049165725708	0.1501765102148056	0.004656486213207245	False
7	0.125	2.046989679336548	0.8063809871673584	1.0873899459838867	0.14870242774486542	0.004516434855759144	False
7	0.11749999970197678	2.056962013244629	0.8128706216812134	1.0877447128295898	0.15166409313678741	0.004682497587054968	False
7	0.11999999731779099	2.048187732696533	0.8073413372039795	1.087624430656433	0.14869233965873718	0.004529786761850119	False
7	0.125	2.0519309043884277	0.80911785364151	1.08759605884552	0.15055464208126068	0.004662330262362957	False
7	0.125	2.049603223800659	0.8082984685897827	1.087964653968811	0.14881549775600433	0.004524612799286842	False
7	0.11249999701976776	2.0529468059539795	0.8102223873138428	1.0871942043304443	0.1508406549692154	0.004689496010541916	False
7	0.12250000238418579	2.0482349395751953	0.8072189688682556	1.0874154567718506	0.14902354776859283	0.0045770313590765	False
7	0.125	2.0511717796325684	0.808110237121582	1.086958885192871	0.15137946605682373	0.0047230347990989685	False
7	0.11500000208616257	2.0446786880493164	0.8050227761268616	1.0871058702468872	0.1479920893907547	0.004557892680168152	False
7	0.11999999731779099	2.04608154296875	0.8034999370574951	1.0865962505340576	0.1512441188097	0.004741097800433636	False
7	0.11500000208616257	2.046823024749756	0.8066585659980774	1.0874359607696533	0.1482040137052536	0.0045245056971907616	False
7	0.12250000238418579	2.050644636154175	0.808667778968811	1.087275505065918	0.15003427863121033	0.004667133092880249	False
7	0.11749999970197678	2.0435256958007812	0.8035985231399536	1.0871676206588745	0.14827033877372742	0.004489221144467592	False
7	0.12250000238418579	2.050827980041504	0.8080605864524841	1.0874559879302979	0.15062546730041504	0.004685837775468826	False
7	0.12250000238418579	2.0461790561676025	0.8061410188674927	1.0872472524642944	0.1482413411140442	0.004549618810415268	False
7	0.125	2.051386833190918	0.8083975315093994	1.0874406099319458	0.15089882910251617	0.004649807699024677	False
7	0.12250000238418579	2.036072254180908	0.7973373532295227	1.0862210988998413	0.1479935348033905	0.004520160146057606	False
7	0.11999999731779099	2.05035662651062	0.8078308701515198	1.0875468254089355	0.15033045411109924	0.004648339934647083	False
7	0.12250000238418579	2.0426218509674072	0.8025947213172913	1.0875080823898315	0.14796082675457	0.004558137152343988	False
7	0.11500000208616257	2.049222469329834	0.8071979880332947	1.0865949392318726	0.15074522793293	0.004684378392994404	False
7	0.125	2.0467307567596436	0.8059674501419067	1.0880550146102905	0.148172065615654	0.004536167252808809	False
8	0.125	2.200838088989258	0.8890972137451172	0.7161384224891663	0.5946347117424011	0.0009676922345533967	False
8	0.12250000238418579	2.2052290439605713	0.8915064930915833	0.7201010584831238	0.5926835536956787	0.000937827629968524	False
8	0.12250000238418579	2.201948642730713	0.8901910781860352	0.7168808579444885	0.5939116477966309	0.0009651646832935512	False
8	0.11749999970197678	2.20255184173584	0.8901365399360657	0.7182998061180115	0.5931667685508728	0.0009486280614510179	False
8	0.11999999731779099	2.205230236053467	0.8920183777809143	0.716606616973877	0.5956328511238098	0.0009724653791636229	False
8	0.11999999731779099	2.1980504989624023	0.8881056904792786	0.7171454429626465	0.5918605923652649	0.0009387955069541931	False
8	0.11999999731779099	2.201204776763916	0.8900726437568665	0.7156962156295776	0.5944618582725525	0.0009739531087689102	False
8	0.11999999731779099	2.1982920169830322	0.8884857892990112	0.7163172364234924	0.592544674873352	0.0009443737799301744	False
8	0.12250000238418579	2.204998254776001	0.8908868432044983	0.7178131341934204	0.5953291654586792	0.0009690997540019453	False
8	0.12250000238418579	2.205763578414917	0.8929554224014282	0.7189008593559265	0.5929555892944336	0.0009517789585515857	False
8	0.11749999970197678	2.202362537384033	0.8893799185752869	0.7171345353126526	0.5948774814605713	0.0009706772398203611	False
8	0.11999999731779099	2.1946966648101807	0.8871890306472778	0.7153071165084839	0.5912640690803528	0.0009366036392748356	False
8	0.11999999731779099	2.2045910358428955	0.8920390009880066	0.7166302800178528	0.594944417476654	0.000977235846221447	False
8	0.11999999731779099	2.2017674446105957	0.8908593058586121	0.7178128957748413	0.5921540260314941	0.0009412664803676307	False
8	0.12250000238418579	2.2034435272216797	0.890669584274292	0.7166979908943176	0.5951054692268372	0.0009704871918074787	False
8	0.12250000238418579	2.2018895149230957	0.8895918726921082	0.7195464968681335	0.5918101668357849	0.0009409384801983833	False
8	0.12250000238418579	2.2065024375915527	0.8910068869590759	0.718716561794281	0.59581059217453	0.0009684864198789	False
8	0.12250000238418579	2.201817274093628	0.8903140425682068	0.7181337475776672	0.5924251675605774	0.0009443574817851186	False
8	0.12250000238418579	2.206228017807007	0.8919479250907898	0.7180259823799133	0.5952838063240051	0.0009702576790004969	False
8	0.11999999731779099	2.205218553543091	0.8915360569953918	0.7198882102966309	0.5928470492362976	0.0009472584933973849	False
8	0.125	2.2032346725463867	0.8909667134284973	0.7161827683448792	0.595104992389679	0.0009801159612834454	False
8	0.125	2.204171657562256	0.890335738658905	0.7206299304962158	0.5922724604606628	0.0009334170026704669	False
8	0.11999999731779099	2.203685998916626	0.8910403251647949	0.7177388668060303	0.593941330909729	0.0009654003661125898	False
8	0.11500000208616257	2.1985599994659424	0.8888971209526062	0.7167127132415771	0.592012345790863	0.0009376865345984697	False
8	0.11999999731779099	2.2092466354370117	0.8942402005195618	0.7185747027397156	0.5954655408859253	0.0009659710340201855	False
8	0.11749999970197678	2.2011213302612305	0.8900784850120544	0.718174397945404	0.59192955493927	0.0009389579063281417	False
8	0.11999999731779099	2.208965539932251	0.8935069441795349	0.7192946076393127	0.5951933860778809	0.0009706027340143919	False
8	0.11749999970197678	2.20497989654541	0.8915287852287292	0.7199454307556152	0.5925682783126831	0.000937434087973088	False
8	0.125	2.204930305480957	0.8914279937744141	0.7186323404312134	0.5939008593559265	0.0009692211169749498	False
8	0.12250000238418579	2.2020270824432373	0.8906052708625793	0.7180724143981934	0.5924068689346313	0.0009424047311767936	False
9	0.12250000238418579	1.7282038927078247	0.5174271464347839	0.864206850528717	0.3463200628757477	0.00024980749003589153	False
9	0.12250000238418579	1.7329703569412231	0.5211742520332336	0.8673132061958313	0.34423917531967163	0.0002438229275867343	False
9	0.12250000238418579	1.7323331832885742	0.5199121236801147	0.8642094731330872	0.34796130657196045	0.0002502777788322419	False
9	0.125	1.7311451435089111	0.5195611715316772	0.8673856258392334	0.34395548701286316	0.0002428820007480681	False
9	0.12250000238418579	1.7316464185714722	0.5193530917167664	0.8642362356185913	0.34780529141426086	0.0002519228437449783	False
9	0.125	1.731834053993225	0.5187482833862305	0.8693478107452393	0.34349605441093445	0.00024188563111238182	False
9	0.11749999970197678	1.7345722913742065	0.5208552479743958	0.8646829724311829	0.34878087043762207	0.0002532422367949039	False
9	0.125	1.7313873767852783	0.5194923281669617	0.867311418056488	0.3443392515182495	0.00024441489949822426	False
9	0.125	1.732789158821106	0.5205171704292297	0.8641544580459595	0.347866415977478	0.0002509982732590288	False
9	0.11500000208616257	1.7288875579833984	0.5176687836647034	0.8676338791847229	0.34334391355514526	0.00024103814212139696	False
9	0.11999999731779099	1.7311238050460815	0.519288182258606	0.8635579943656921	0.3480266332626343	0.00025103893131017685	False
9	0.12250000238418579	1.7269954681396484	0.5166287422180176	0.8673730492591858	0.3427528440952301	0.00024096804554574192	False
9	0.11500000208616257	1.7308658361434937	0.5198671817779541	0.863181471824646	0.3475653827190399	0.00025182811077684164	False
9	0.11999999731779099	1.7282509803771973	0.5180045366287231	0.8656783699989319	0.34432387351989746	0.0002441112301312387	False
9	0.12250000238418579	1.7350126504898071	0.52165287733078	0.8647867441177368	0.348321795463562	0.00025129958521574736	False
9	0.12250000238418579	1.7265201807022095	0.5172500610351562	0.8646406531333923	0.34438636898994446	0.00024305337865371257	False
9	0.11999999731779099	1.7317429780960083	0.519077479839325	0.8648150563240051	0.3475995361804962	0.0002508856705389917	False
9	0.12250000238418579	1.7279030084609985	0.5173121690750122	0.8660552501678467	0.34429144859313965	0.00024408462923020124	False
9	0.11999999731779099	1.726098656654358	0.5156911611557007	0.8626276850700378	0.3475283682346344	0.0002515072701498866	False
9	0.11999999731779099	1.7348319292068481	0.5218643546104431	0.8686053156852722	0.3441199064254761	0.0002423223777441308	False
9	0.125	1.7370131015777588	0.5215172171592712	0.8662084937095642	0.3490365445613861	0.0002507910248823464	False
9	0.12250000238418579	1.7328063249588013	0.5200427770614624	0.8682733178138733	0.3442469537258148	0.00024315944756381214	False
9	0.12250000238418579	1.7353183031082153	0.5208068490028381	0.8655988574028015	0.348660409450531	0.00025211990578100085	False
9	0.11999999731779099	1.7300846576690674	0.5190974473953247	0.8665555715560913	0.3441879451274872	0.00024362241674680263	False
9	0.11749999970197678	1.7283028364181519	0.516610324382782	0.863062858581543	0.3483778238296509	0.00025173541507683694	False
9	0.11999999731779099	1.730738639831543	0.5195786952972412	0.8664371967315674	0.34447821974754333	0.00024443966685794294	False
9	0.11999999731779099	1.7294102907180786	0.518879771232605	0.8630582094192505	0.34722083806991577	0.00025136861950159073	False
9	0.11999999731779099	1.7287613153457642	0.5174170732498169	0.8673335313796997	0.34376832842826843	0.00024235820455942303	False
9	0.12250000238418579	1.732176661491394	0.5186765789985657	0.8648614883422852	0.3483865559101105	0.00025218521477654576	False
9	0.12250000238418579	1.7303075790405273	0.5192319750785828	0.8662903308868408	0.34454146027565	0.00024379580281674862	False
10	0.125	1.3670341968536377	0.38836607336997986	0.8567900657653809	0.12175393104553223	0.00012413239164743572	False
10	0.11749999970197678	1.359440565109253	0.38400232791900635	0.8558202981948853	0.11949703842401505	0.00012084361515007913	False
10	0.11999999731779099	1.3683834075927734	0.3894725441932678	0.8571032285690308	0.12168360501527786	0.00012398377293720841	False
10	0.11999999731779099	1.3599601984024048	0.384592205286026	0.8552883267402649	0.11995811015367508	0.00012146381050115451	False
10	0.12250000238418579	1.36708402633667	0.3884381055831909	0.8567017316818237	0.12182025611400604	0.000123993813758716	False
10	0.125	1.361942172050476	0.3852820098400116	0.8566434979438782	0.11989548057317734	0.0001212552742799744	False
10	0.12250000238418579	1.36423921585083	0.38690030574798584	0.8553531169891357	0.12186180800199509	0.00012398711987771094	False
10	0.11999999731779099	1.3595973253250122	0.3839014172554016	0.8563281893730164	0.11924710124731064	0.00012069174408679828	False
10	0.12250000238418579	1.367248296737671	0.3885246515274048	0.8567238450050354	0.12187516689300537	0.00012451990914996713	False
10	0.12250000238418579	1.3624159097671509	0.3853808045387268	0.8569024205207825	0.12001070380210876	0.00012189483823021874	False
10	0.125	1.364406704902649	0.38709306716918945	0.8553034067153931	0.1218857616186142	0.00012441926810424775	False
10	0.11500000208616257	1.3596049547195435	0.3837670385837555	0.8557679653167725	0.11994854360818863	0.00012149041140219197	False
10	0.12250000238418579	1.3652796745300293	0.38779503107070923	0.855156660079956	0.12220300734043121	0.00012510419765021652	False
10	0.11999999731779099	1.3584438562393188	0.38306576013565063	0.8557130694389343	0.11954446136951447	0.00012055993283865973	False
10	0.11749999970197678	1.366621494293213	0.3879305422306061	0.8568954467773438	0.1216711774468422	0.00012436621182132512	False
10	0.12250000238418579	1.359857439994812	0.38458940386772156	0.8555053472518921	0.11964135617017746	0.00012140869512222707	False
10	0.12250000238418579	1.3614683151245117	0.3854435086250305	0.8543713092803955	0.12152887880802155	0.00012472961680032313	False
10	0.125	1.3572039604187012	0.3824777603149414	0.8548629879951477	0.11974221467971802	0.00012108899682061747	False
10	0.11999999731779099	1.3676531314849854	0.389443039894104	0.8564609885215759	0.1216249018907547	0.00012419972335919738	False
10	0.12250000238418579	1.3559539318084717	0.38211727142333984	0.8539204001426697	0.11979535967111588	0.00012092500401195139	False
10	0.11999999731779099	1.3645492792129517	0.3873057961463928	0.8554367423057556	0.12168233096599579	0.00012443243758752942	False
10	0.12250000238418579	1.3610422611236572	0.3843398690223694	0.8566462993621826	0.11993477493524551	0.00012131451512686908	False
10	0.11500000208616257	1.3664240837097168	0.3888343572616577	0.8558309674263	0.12163463234901428	0.00012409038026817143	False
10	0.11999999731779099	1.3613426685333252	0.38531890511512756	0.8564684987068176	0.11943448334932327	0.0001207831155625172	False
10	0.12250000238418579	1.361683964729309	0.3850458860397339	0.8547326922416687	0.12178097665309906	0.00012450688518583775	False
10	0.11749999970197678	1.3620651960372925	0.38519957661628723	0.8565791249275208	0.12016456574201584	0.00012200590572319925	False
10	0.11999999731779099	1.363590121269226	0.3861123323440552	0.8558545112609863	0.12149954587221146	0.00012370373588055372	False
10	0.12250000238418579	1.3639932870864868	0.3867959678173065	0.856860339641571	0.12021540850400925	0.0001216098025906831	False
10	0.125	1.3643440008163452	0.3871587812900543	0.855294406414032	0.12176595628261566	0.00012484269973356277	False
10	0.11999999731779099	1.3601914644241333	0.38390296697616577	0.856404721736908	0.11976269632577896	0.00012117451115045696	False
11	0.125	1.8785598278045654	0.7098716497421265	1.097611665725708	0.07100863754749298	6.781287083867937e-05	False
11	0.125	2.1913814544677734	0.983241081237793	1.0951918363571167	0.11273428797721863	0.00021404001745395362	False
11	0.12250000238418579	1.8781883716583252	0.7092052102088928	1.0975768566131592	0.07133845239877701	6.792323256377131e-05	False
11	0.12250000238418579	2.1913201808929443	0.9835893511772156	1.0951696634292603	0.11234870553016663	0.00021247327094897628	False
11	0.12250000238418579	1.8772976398468018	0.7082763910293579	1.097612977027893	0.07133994251489639	6.825341552030295e-05	False
11	0.11999999731779099	2.1866326332092285	0.9792166948318481	1.0953131914138794	0.11189083009958267	0.0002119547571055591	False
11	0.125	1.877768635749817	0.7095668315887451	1.097588300704956	0.07054593414068222	6.758524250471964e-05	False
11	0.125	2.1945903301239014	0.9861926436424255	1.0951069593429565	0.11307549476623535	0.00021534522238653153	False
11	0.12250000238418579	1.876552939414978	0.7078614234924316	1.0976523160934448	0.07097116112709045	6.807274621678516e-05	False
11	0.11999999731779099	2.1878292560577393	0.9803869724273682	1.095379114151001	0.11185310781002045	0.00021013972582295537	False
11	0.12250000238418579	1.8774163722991943	0.7084519863128662	1.0977072715759277	0.07118918746709824	6.797844253014773e-05	False
11	0.11999999731779099	2.1922900676727295	0.984466016292572	1.0951263904571533	0.11248300224542618	0.00021459709387272596	False
11	0.11999999731779099	1.8778870105743408	0.7094366550445557	1.0976052284240723	0.07077750563621521	6.758380186511204e-05	False
11	0.12250000238418579	2.1930620670318604	0.9850848317146301	1.0951710939407349	0.1125926524400711	0.00021346716675907373	False
11	0.1274999976158142	1.8774869441986084	0.7089530825614929	1.0975836515426636	0.070882648229599	6.753409979864955e-05	False
11	0.11999999731779099	2.1903204917907715	0.9827095866203308	1.09520423412323	0.11219340562820435	0.0002133913803845644	False
11	0.13500000536441803	1.877529263496399	0.7087924480438232	1.0976247787475586	0.07104407995939255	6.794152432121336e-05	False
11	0.12250000238418579	2.190995693206787	0.9828335046768188	1.0952340364456177	0.11271433532238007	0.00021378246310632676	False
11	0.12250000238418579	1.8792332410812378	0.7102272510528564	1.0976871252059937	0.07125058025121689	6.835139356553555e-05	False
11	0.11500000208616257	2.1896462440490723	0.9822419881820679	1.0951844453811646	0.1120075061917305	0.00021222655777819455	False
11	0.12250000238418579	1.8732216358184814	0.7047578692436218	1.0978690385818481	0.07052730023860931	6.742171535734087e-05	False
11	0.12250000238418579	2.191844940185547	0.9840631484985352	1.0950602293014526	0.1125095784664154	0.0002119256678270176	False
11	0.11500000208616257	1.8774595260620117	0.7089719176292419	1.0975843667984009	0.07083584368228912	6.746934377588332e-05	False
11	0.11749999970197678	2.192068099975586	0.9844351410865784	1.095015048980713	0.11240502446889877	0.00021293014287948608	False
11	0.11999999731779099	1.880747675895691	0.7117812633514404	1.0976638793945312	0.07123444974422455	6.807367026340216e-05	False
11	0.12250000238418579	2.1926326751708984	0.98493891954422	1.095033884048462	0.11244821548461914	0.00021163062774576247	False
11	0.11999999731779099	1.8748207092285156	0.7062399387359619	1.0977261066436768	0.07078689336776733	6.770509207854047e-05	False
11	0.125	2.189718246459961	0.9823376536369324	1.0951226949691772	0.1120462492108345	0.0002116233663400635	False
11	0.125	1.8777543306350708	0.708817183971405	1.097632884979248	0.07123616337776184	6.806993042118847e-05	False
11	0.125	2.1931605339050293	0.9847776293754578	1.0953114032745361	0.11285668611526489	0.00021489427308551967	False
12	0.125	1.4353642463684082	0.4539804458618164	0.971084475517273	0.01028407085686922	1.5208973309199791e-05	False
12	0.125	1.4377870559692383	0.45520710945129395	0.9724639654159546	0.010101190768182278	1.4805630598857533e-05	False
12	0.125	1.4323092699050903	0.45135313272476196	0.9706954956054688	0.010245397686958313	1.528473148937337e-05	False
12	0.125	1.4382559061050415	0.4555266201496124	0.9726464748382568	0.010068095289170742	1.4729303984495346e-05	False
12	0.11999999731779099	1.43409264087677	0.45289885997772217	0.970906138420105	0.010272483341395855	1.5180284208327066e-05	False
12	0.12250000238418579	1.437449336051941	0.45477110147476196	0.9726827144622803	0.009980828501284122	1.4731855117133819e-05	False
12	0.11999999731779099	1.4305511713027954	0.4501514136791229	0.9701112508773804	0.01027319673448801	1.5289144357666373e-05	False
12	0.11500000208616257	1.4371163845062256	0.45492488145828247	0.9721252918243408	0.01005139946937561	1.4885217751725577e-05	False
12	0.11999999731779099	1.4348162412643433	0.45291680097579956	0.9716058969497681	0.010278319008648396	1.5224093658616766e-05	False
12	0.125	1.4363608360290527	0.45394349098205566	0.9723551273345947	0.010047394782304764	1.4757540157006588e-05	False
12	0.11749999970197678	1.4331682920455933	0.45252421498298645	0.9703400731086731	0.010288549587130547	1.5369234461104497e-05	False
12	0.11999999731779099	1.4389941692352295	0.4560087025165558	0.9730194211006165	0.009951402433216572	1.4636973901360761e-05	False
12	0.12250000238418579	1.4351736307144165	0.45344504714012146	0.9714513421058655	0.010262120515108109	1.5165992408583406e-05	False
12	0.11749999970197678	1.4370602369308472	0.45450225472450256	0.97251296043396	0.010030249133706093	1.4840110452496447e-05	False
12	0.11749999970197678	1.4345585107803345	0.4535191059112549	0.9707554578781128	0.01026869099587202	1.5250723663484678e-05	False
12	0.11999999731779099	1.4389022588729858	0.45602092146873474	0.9728248119354248	0.010041758418083191	1.4746751730854157e-05	False
12	0.125	1.434650182723999	0.4532528817653656	0.9711042046546936	0.010277851484715939	1.5270576113834977e-05	False
12	0.125	1.4370921850204468	0.45485082268714905	0.9722030162811279	0.010023584589362144	1.4779396224184893e-05	False
12	0.11749999970197678	1.4301551580429077	0.45001962780952454	0.9698388576507568	0.010281343944370747	1.538684227853082e-05	False
12	0.12250000238418579	1.4370044469833374	0.4546200633049011	0.9723581075668335	0.010011525824666023	1.474864620831795e-05	False
12	0.12250000238418579	1.4327938556671143	0.4517265558242798	0.9708776473999023	0.010174378752708435	1.523556602478493e-05	False
12	0.125	1.437605857849121	0.45546087622642517	0.9721209406852722	0.01000946294516325	1.4722012565471232e-05	False
12	0.125	1.4325571060180664	0.451696515083313	0.9706022143363953	0.010243200697004795	1.5252351659000851e-05	False
12	0.11749999970197678	1.4364855289459229	0.4541983902454376	0.9722749590873718	0.009997461922466755	1.4691010619571898e-05	False
12	0.11999999731779099	1.431360125541687	0.4503282308578491	0.9708302021026611	0.010186592116951942	1.5193474609986879e-05	False
12	0.11999999731779099	1.4388896226882935	0.4560161232948303	0.9728353023529053	0.010023443959653378	1.47322043630993e-05	False
12	0.11999999731779099	1.4322885274887085	0.4515100121498108	0.9705187082290649	0.010244464501738548	1.526402593299281e-05	False
12	0.11999999731779099	1.438226342201233	0.4554973244667053	0.9726703763008118	0.01004380825906992	1.4781480786041357e-05	False
12	0.12250000238418579	1.4332371950149536	0.452069491147995	0.9709116220474243	0.010240824893116951	1.5218254702631384e-05	False
12	0.11500000208616257	1.4385327100753784	0.45625096559524536	0.9722251296043396	0.01004192978143692	1.4704136447107885e-05	False
13	0.125	1.481425166130066	0.41328826546669006	1.0633705854415894	0.004736801143735647	2.9507191356969997e-05	False
13	0.12250000238418579	1.565893530845642	0.4500358998775482	1.0941240787506104	0.021692629903554916	4.094699033885263e-05	False
13	0.125	1.5389835834503174	0.4624626338481903	1.0691097974777222	0.007354916073381901	5.615635382127948e-05	False
13	0.11500000208616257	1.5568008422851562	0.4695713222026825	1.0787445306777954	0.008433734066784382	5.128537304699421e-05	False
13	0.11999999731779099	1.5388144254684448	0.4619610011577606	1.06946861743927	0.007328330539166927	5.654393316945061e-05	False
13	0.12250000238418579	1.555720567703247	0.4680592715740204	1.0791321992874146	0.008477612398564816	5.154583413968794e-05	False
13	0.125	1.5363417863845825	0.4594024121761322	1.0695253610610962	0.007357223890721798	5.674663407262415e-05	False
13	0.125	1.5533705949783325	0.4658869504928589	1.0790678262710571	0.008364148437976837	5.158887506695464e-05	False
13	0.11999999731779099	1.5375032424926758	0.46092090010643005	1.0692001581192017	0.00732544856145978	5.6697124819038436e-05	False
13	0.11999999731779099	1.5550540685653687	0.467484712600708	1.0790971517562866	0.00842091254889965	5.128765769768506e-05	False
13	0.12250000238418579	1.5392906665802002	0.46242326498031616	1.0694468021392822	0.007364110555499792	5.634628905681893e-05	False
13	0.12250000238418579	1.556010365486145	0.46890565752983093	1.078616738319397	0.008436708711087704	5.123030859977007e-05	False
13	0.125	1.5384047031402588	0.4619036018848419	1.0691165924072266	0.0073281144723296165	5.639548908220604e-05	False
13	0.125	1.5555731058120728	0.4674365818500519	1.0796126127243042	0.008472384884953499	5.153457459527999e-05	False
13	0.125	1.5389714241027832	0.46191251277923584	1.069635272026062	0.007367364596575499	5.628076905850321e-05	False
13	0.11749999970197678	1.5568722486495972	0.46927452087402344	1.0790966749191284	0.008449670858681202	5.1430084567982703e-05	False
13	0.11999999731779099	1.5373061895370483	0.46049267053604126	1.06942617893219	0.007330526132136583	5.673296982422471e-05	False
13	0.12250000238418579	1.553928256034851	0.46613654494285583	1.079345464706421	0.00839455146342516	5.1637569413287565e-05	False
13	0.12250000238418579	1.5396372079849243	0.4628508687019348	1.0693550109863281	0.007374850567430258	5.6490327551728114e-05	False
13	0.125	1.5559337139129639	0.4682764708995819	1.0791372060775757	0.00846854131668806	5.1496568630682305e-05	False
13	0.125	1.5383540391921997	0.4612438678741455	1.0696611404418945	0.007392290513962507	5.6721317378105596e-05	False
13	0.125	1.5557509660720825	0.4680996835231781	1.0791281461715698	0.008471325971186161	5.1779385103145614e-05	False
13	0.125	1.5374908447265625	0.4610315263271332	1.0690654516220093	0.007337265647947788	5.658133522956632e-05	False
13	0.12250000238418579	1.5528504848480225	0.4652386009693146	1.0791802406311035	0.00837965402752161	5.203213368076831e-05	False
13	0.12250000238418579	1.53871750831604	0.4622589349746704	1.069077730178833	0.007324616424739361	5.62076129426714e-05	False
13	0.125	1.5560657978057861	0.46861204504966736	1.078946590423584	0.008456015028059483	5.115913154440932e-05	False
13	0.125	1.5378109216690063	0.4614887237548828	1.0689586400985718	0.0073072342202067375	5.626560596283525e-05	False
13	0.125	1.5554213523864746	0.4679007828235626	1.0790070295333862	0.008461883291602135	5.17900480190292e-05	False
13	0.125	1.5388062000274658	0.46187347173690796	1.0695171356201172	0.007359280250966549	5.62891764275264e-05	False
13	0.11999999731779099	1.5543936491012573	0.4664067029953003	1.0795035362243652	0.008431687951087952	5.175051774131134e-05	False
14	0.125	1.5259156227111816	0.4790519177913666	1.0405128002166748	0.006344506982713938	6.2996427914185915e-06	False
14	0.11999999731779099	1.5276566743850708	0.48126816749572754	1.040254831314087	0.006127515342086554	6.2175431594369e-06	False
14	0.12250000238418579	1.5272380113601685	0.48015639185905457	1.0407698154449463	0.0063054533675313	6.2914000409364235e-06	False
14	0.125	1.5271868705749512	0.48075273633003235	1.0402601957321167	0.0061678197234869	6.21657864030567e-06	False
14	0.12250000238418579	1.5263751745224	0.47919782996177673	1.0408658981323242	0.006305135786533356	6.262011083890684e-06	False
14	0.11999999731779099	1.5278018712997437	0.48097047209739685	1.0407251119613647	0.006100035272538662	6.188951374497265e-06	False
14	0.11999999731779099	1.5249141454696655	0.4778326451778412	1.0407333374023438	0.006341781001538038	6.342515462165466e-06	False
14	0.11999999731779099	1.5286051034927368	0.481545627117157	1.0409514904022217	0.00610176520422101	6.142615347926039e-06	False
14	0.12250000238418579	1.5270342826843262	0.4798237085342407	1.0409119129180908	0.0062923855148255825	6.2814424381940626e-06	False
14	0.12250000238418579	1.5263532400131226	0.47958195209503174	1.040623426437378	0.006141663994640112	6.216049769136589e-06	False
14	0.125	1.5258468389511108	0.4787789285182953	1.0407826900482178	0.006278864573687315	6.267501703405287e-06	False
14	0.11999999731779099	1.5275771617889404	0.4808402955532074	1.0406142473220825	0.0061163404025137424	6.185269285197137e-06	False
14	0.12250000238418579	1.528159260749817	0.48078081011772156	1.0410716533660889	0.006300503388047218	6.28633006272139e-06	False
14	0.12250000238418579	1.526896595954895	0.48052075505256653	1.0402411222457886	0.006128500681370497	6.2142894421413075e-06	False
14	0.11999999731779099	1.5249457359313965	0.4779108464717865	1.0407081842422485	0.00632040249183774	6.277278771449346e-06	False
14	0.11999999731779099	1.5272032022476196	0.48021596670150757	1.0408203601837158	0.0061605582013726234	6.144646704342449e-06	False
14	0.125	1.525367021560669	0.4781528413295746	1.0408782958984375	0.006329561583697796	6.287074484134791e-06	False
14	0.12250000238418579	1.5268745422363281	0.4800911247730255	1.0406126976013184	0.006164532620459795	6.197208676894661e-06	False
14	0.12250000238418579	1.525739073753357	0.4787803292274475	1.0406289100646973	0.006323585286736488	6.310834123723907e-06	False
14	0.125	1.5278804302215576	0.48104172945022583	1.0406960248947144	0.006136386655271053	6.1960772654856555e-06	False
14	0.12250000238418579	1.5264205932617188	0.47917553782463074	1.0408968925476074	0.006341851782053709	6.331689746730262e-06	False
14	0.12250000238418579	1.5272833108901978	0.48079714179039	1.0403271913528442	0.006152764894068241	6.211976142367348e-06	False
14	0.12250000238418579	1.5258334875106812	0.478810578584671	1.0407392978668213	0.006277307868003845	6.2773851823294535e-06	False
14	0.12250000238418579	1.5277742147445679	0.48092785477638245	1.0406914949417114	0.006148674990981817	6.172607299959054e-06	False
14	0.12250000238418579	1.5260831117630005	0.47892704606056213	1.0408244132995605	0.0063253119587898254	6.3106813286140095e-06	False
14	0.125	1.5283615589141846	0.4812243580818176	1.04099440574646	0.006136602722108364	6.144285634945845e-06	False
14	0.12250000238418579	1.5249801874160767	0.4782816767692566	1.0403767824172974	0.006315437611192465	6.294446393440012e-06	False
14	0.11749999970197678	1.5267908573150635	0.48018211126327515	1.040440320968628	0.006162191741168499	6.218501312105218e-06	False
14	0.12250000238418579	1.524407148361206	0.4773702323436737	1.040682315826416	0.00634828582406044	6.3112902353168465e-06	False
14	0.11999999731779099	1.5277104377746582	0.48086944222450256	1.0407226085662842	0.006112272385507822	6.172400844661752e-06	False
15	0.12250000238418579	1.6237692832946777	0.6456257104873657	0.977438747882843	0.0006302364636212587	7.448308315360919e-05	False
15	0.1274999976158142	1.6412944793701172	0.6964882612228394	0.9438525438308716	0.0008917432860471308	6.194524030433968e-05	False
15	0.125	1.6233121156692505	0.645704448223114	0.9769018888473511	0.0006312360637821257	7.462923531420529e-05	False
15	0.12250000238418579	1.6410698890686035	0.696830689907074	0.943287193775177	0.000890297582373023	6.178223702590913e-05	False
15	0.11999999731779099	1.6237452030181885	0.6458621621131897	0.9771823883056641	0.0006263090763241053	7.432792335748672e-05	False
15	0.125	1.6418579816818237	0.6973009705543518	0.9436061978340149	0.0008889490272849798	6.183799268910661e-05	False
15	0.125	1.623976469039917	0.6461926102638245	0.9770808219909668	0.00062900863122195	7.400950562441722e-05	False
15	0.11999999731779099	1.6409876346588135	0.6969917416572571	0.9430421590805054	0.0008918037638068199	6.181673234095797e-05	False
15	0.12250000238418579	1.6238824129104614	0.6464167237281799	0.9767624139785767	0.0006285870331339538	7.462436042260379e-05	False
15	0.11999999731779099	1.6413300037384033	0.6969236135482788	0.9434514045715332	0.0008931556949391961	6.187857070472091e-05	False
15	0.12250000238418579	1.623672366142273	0.6456111073493958	0.9773573875427246	0.0006294275517575443	7.446316158166155e-05	False
15	0.12250000238418579	1.64116632938385	0.6966940760612488	0.9435158371925354	0.0008942825370468199	6.209274579305202e-05	False
15	0.11999999731779099	1.6244871616363525	0.6458926200866699	0.9778892993927002	0.0006308377487584949	7.440095214406028e-05	False
15	0.125	1.641963005065918	0.6970451474189758	0.9439640641212463	0.0008919242536649108	6.184433004818857e-05	False
15	0.12999999523162842	1.6228268146514893	0.6450022459030151	0.9771211743354797	0.00062883913051337	7.449795521097258e-05	False
15	0.11999999731779099	1.6412956714630127	0.6969696283340454	0.9433720707893372	0.0008919453248381615	6.203835073392838e-05	False
15	0.1274999976158142	1.6235376596450806	0.6453255414962769	0.9775069355964661	0.0006305151036940515	7.463018846465275e-05	False
15	0.12250000238418579	1.6411381959915161	0.6963828206062317	0.9438008666038513	0.0008924524881877005	6.213954475242645e-05	False
15	0.125	1.6237502098083496	0.6462336778640747	0.9768152236938477	0.00062704918673262	7.421622285619378e-05	False
15	0.11999999731779099	1.641690731048584	0.6969926953315735	0.9437468647956848	0.0008897949592210352	6.14515010965988e-05	False
15	0.12999999523162842	1.6244778633117676	0.6460278034210205	0.9777477979660034	0.000628229696303606	7.405765063595027e-05	False
15	0.125	1.6416900157928467	0.6964753270149231	0.9442556500434875	0.0008969938498921692	6.198705523274839e-05	False
15	0.11500000208616257	1.6237114667892456	0.6456629633903503	0.9773429036140442	0.0006311385659500957	7.455052400473505e-05	False
15	0.12999999523162842	1.6402088403701782	0.6960811614990234	0.94317626953125	0.0008894400671124458	6.1982442275621e-05	False
15	0.125	1.6237319707870483	0.6462808847427368	0.976748526096344	0.0006281985552050173	7.42329575587064e-05	False
15	0.12250000238418579	1.6407904624938965	0.6967219114303589	0.9431160688400269	0.0008906745351850986	6.17779151070863e-05	False
15	0.11999999731779099	1.623744010925293	0.6462764143943787	0.9767645001411438	0.000629071902949363	7.406432268908247e-05	False
15	0.12250000238418579	1.6413358449935913	0.696882426738739	0.9434983730316162	0.0008926992304623127	6.219747592695057e-05	False
15	0.1274999976158142	1.6240938901901245	0.6456977128982544	0.9776889085769653	0.0006321392138488591	7.504825771320611e-05	False
15	0.12250000238418579	1.6414040327072144	0.6964677572250366	0.9439789056777954	0.000895317702088505	6.20943756075576e-05	False
16	0.125	1.7101976871490479	0.6947107315063477	1.0151698589324951	0.00030951914959587157	7.638974238943774e-06	False
16	0.1274999976158142	1.6738066673278809	0.6921578645706177	0.9808159470558167	0.0008183124591596425	1.4471727808995638e-05	False
16	0.125	1.673001766204834	0.6938561201095581	0.9785323143005371	0.0005993102677166462	1.4010821359988768e-05	False
16	0.12250000238418579	1.6735825538635254	0.692185640335083	0.9805637001991272	0.0008188611245714128	1.4435529010370374e-05	False
16	0.11749999970197678	1.6725353002548218	0.6938587427139282	0.9780617356300354	0.0006006393814459443	1.4033195839147083e-05	False
16	0.12250000238418579	1.6745911836624146	0.6922854781150818	0.9814757704734802	0.0008155230898410082	1.4420231309486553e-05	False
16	0.12250000238418579	1.6723041534423828	0.693882405757904	0.9778071641921997	0.0006005555624142289	1.4022003597347066e-05	False
16	0.11999999731779099	1.675290584564209	0.6923127770423889	0.9821465611457825	0.000816644576843828	1.4492085028905421e-05	False
16	0.12250000238418579	1.673356533050537	0.6938564777374268	0.9788913130760193	0.000594710698351264	1.3962015145807527e-05	False
16	0.11999999731779099	1.674957513809204	0.6923069357872009	0.98182213306427	0.0008139371639117599	1.4487914995697793e-05	False
16	0.13500000536441803	1.671578049659729	0.6937997341156006	0.9771644473075867	0.000599737511947751	1.4042923794477247e-05	False
16	0.11749999970197678	1.6742340326309204	0.6921555399894714	0.9812479019165039	0.0008160849683918059	1.4433609976549633e-05	False
16	0.125	1.6715575456619263	0.6938115954399109	0.9771304726600647	0.0006014727405272424	1.3983220924274065e-05	False
16	0.125	1.6751861572265625	0.6923949122428894	0.9819628000259399	0.0008140905993059278	1.4431323506869376e-05	False
16	0.12250000238418579	1.672237753868103	0.6938327550888062	0.9777894020080566	0.0006016409024596214	1.3967046470497735e-05	False
16	0.12250000238418579	1.674391508102417	0.6922236084938049	0.981334924697876	0.0008184798643924296	1.4505009858112317e-05	False
16	0.12999999523162842	1.6720879077911377	0.6938318014144897	0.9776415824890137	0.0006006000912748277	1.3999659131513909e-05	False
16	0.125	1.674634575843811	0.6923590302467346	0.9814498424530029	0.0008113468647934496	1.4448344700213056e-05	False
16	0.125	1.6726386547088623	0.6938507556915283	0.9781756401062012	0.0005982956499792635	1.4005829143570736e-05	False
16	0.125	1.6752147674560547	0.6922603845596313	0.9821236729621887	0.0008162730373442173	1.4442187421082053e-05	False
16	0.12250000238418579	1.6717634201049805	0.6938266754150391	0.9773239493370056	0.0005987382028251886	1.3918088370701298e-05	False
16	0.125	1.674290657043457	0.6921892762184143	0.9812663793563843	0.0008204537443816662	1.4496796211460605e-05	False
16	0.125	1.6729991436004639	0.6939084529876709	0.9784764051437378	0.0006001789006404579	1.4010685845278203e-05	False
16	0.12999999523162842	1.6746690273284912	0.6922121047973633	0.9816265106201172	0.0008159992285072803	1.4447259673033841e-05	False
16	0.12250000238418579	1.6719326972961426	0.6937949657440186	0.9775261282920837	0.0005976014072075486	1.3970254258310888e-05	False
16	0.125	1.6753597259521484	0.6924108862876892	0.982119619846344	0.0008146728505380452	1.4505344552162569e-05	False
16	0.12250000238418579	1.672309160232544	0.6938401460647583	0.9778562784194946	0.0005986743490211666	1.4018951333127916e-05	False
16	0.11749999970197678	1.6748777627944946	0.6923206448554993	0.9817271828651428	0.0008154614479281008	1.4459333215199877e-05	False
16	0.125	1.6720786094665527	0.6938782930374146	0.9775874018669128	0.000599073595367372	1.3978847164253239e-05	False
16	0.12250000238418579	1.6738708019256592	0.6922228336334229	0.9808194041252136	0.0008140515419654548	1.4385309441422578e-05	False
17	0.125	1.3926236629486084	0.5437363982200623	0.8488487005233765	3.640840441221371e-05	2.271279754495481e-06	False
17	0.125	1.4049303531646729	0.5633537173271179	0.8415307402610779	4.3319731048541144e-05	2.5953906970244134e-06	False
17	0.12250000238418579	1.3925771713256836	0.5438879132270813	0.8486506938934326	3.637160261860117e-05	2.2631188585364725e-06	False
17	0.12250000238418579	1.404798150062561	0.5632044672966003	0.8415477275848389	4.331137097324245e-05	2.5968424779421184e-06	False
17	0.125	1.3926336765289307	0.5437589287757874	0.8488361835479736	3.637678310042247e-05	2.2737663130101282e-06	False
17	0.11999999731779099	1.4046217203140259	0.5629613399505615	0.8416144847869873	4.330146839492954e-05	2.5900603759509977e-06	False
17	0.125	1.3928735256195068	0.5439803600311279	0.8488544225692749	3.6428515159059316e-05	2.2765468656871235e-06	False
17	0.11999999731779099	1.4045196771621704	0.5630418062210083	0.8414319753646851	4.331109448685311e-05	2.590526264611981e-06	False
17	0.125	1.3928121328353882	0.5441231727600098	0.8486501574516296	3.6438137613004074e-05	2.269579226776841e-06	False
17	0.12250000238418579	1.4045636653900146	0.5631688237190247	0.8413488268852234	4.338978760642931e-05	2.592919372546021e-06	False
17	0.12250000238418579	1.3924400806427002	0.5436356663703918	0.8487658500671387	3.632073276094161e-05	2.263385795231443e-06	False
17	0.11999999731779099	1.4043923616409302	0.5629768967628479	0.8413695096969604	4.330985393607989e-05	2.5825049760896945e-06	False
17	0.125	1.392836570739746	0.5438885688781738	0.848909318447113	3.639889109763317e-05	2.277864496136317e-06	False
17	0.11749999970197678	1.4045637845993042	0.5629521608352661	0.841565728187561	4.323212124290876e-05	2.5884485239657806e-06	False
17	0.125	1.3929507732391357	0.5439585447311401	0.8489534854888916	3.6421035474631935e-05	2.2804322270530974e-06	False
17	0.11999999731779099	1.404796838760376	0.5632336139678955	0.8415171504020691	4.334382538218051e-05	2.5950328108592657e-06	False
17	0.11999999731779099	1.392744541168213	0.5438743829727173	0.8488315939903259	3.63986000593286e-05	2.2747451566829113e-06	False
17	0.12250000238418579	1.4044992923736572	0.5627662539482117	0.8416873216629028	4.318241190048866e-05	2.590551957837306e-06	False
17	0.12250000238418579	1.3925697803497314	0.543817937374115	0.8487131595611572	3.641083094407804e-05	2.27137161346036e-06	False
17	0.11749999970197678	1.4046934843063354	0.5630812644958496	0.841566264629364	4.328546492615715e-05	2.5935178200597875e-06	False
17	0.11749999970197678	1.3929917812347412	0.5440343618392944	0.8489187955856323	3.6393103073351085e-05	2.280353101014043e-06	False
17	0.12250000238418579	1.4045072793960571	0.5629134178161621	0.841547966003418	4.3247026042081416e-05	2.589559926491347e-06	False
17	0.11999999731779099	1.3924906253814697	0.5437175035476685	0.848734438419342	3.64108600479085e-05	2.2727226678398438e-06	False
17	0.12250000238418579	1.404739260673523	0.5628663897514343	0.8418270945549011	4.319782601669431e-05	2.6069171781273326e-06	False
17	0.12250000238418579	1.392336368560791	0.5436655282974243	0.848632276058197	3.6381545214680955e-05	2.272373876621714e-06	False
17	0.12250000238418579	1.404727578163147	0.5632805228233337	0.8414010405540466	4.339031511335634e-05	2.5914473553712014e-06	False
17	0.125	1.3925106525421143	0.5436829328536987	0.8487890958786011	3.636990732047707e-05	2.2674992123938864e-06	False
17	0.125	1.4043959379196167	0.5628229975700378	0.8415270447731018	4.3268140871077776e-05	2.5881806777761085e-06	False
17	0.125	1.3923577070236206	0.5437153577804565	0.8486037254333496	3.63897233910393e-05	2.2631866158917546e-06	False
17	0.11749999970197678	1.4047473669052124	0.5631545186042786	0.8415468335151672	4.333974720793776e-05	2.596146714495262e-06	False
18	0.1274999976158142	1.5397471189498901	0.6939531564712524	0.8457358479499817	5.5289925512624905e-05	2.7510618565429468e-06	False
18	0.12250000238418579	1.5143183469772339	0.6913777589797974	0.8228606581687927	7.646299491170794e-05	3.535857331371517e-06	False
18	0.125	1.5400043725967407	0.6939542889595032	0.8459922671318054	5.5047163186827675e-05	2.7309308734402293e-06	False
18	0.11999999731779099	1.5144051313400269	0.6914121508598328	0.8229129314422607	7.636678492417559e-05	3.534543111527455e-06	False
18	0.125	1.5397844314575195	0.6939532160758972	0.8457733392715454	5.518054240383208e-05	2.7426758606452495e-06	False
18	0.12250000238418579	1.514481782913208	0.6914200186729431	0.822981595993042	7.657108653802425e-05	3.54369217347994e-06	False
18	0.12250000238418579	1.539670467376709	0.6939491629600525	0.8456634879112244	5.513293945114128e-05	2.737794602580834e-06	False
18	0.11999999731779099	1.5144424438476562	0.6914207339286804	0.8229414820671082	7.66830999054946e-05	3.547294909367338e-06	False
18	0.12999999523162842	1.5396665334701538	0.6939473748207092	0.8456611037254333	5.52909477846697e-05	2.745333858911181e-06	False
18	0.12250000238418579	1.514331340789795	0.6914203763008118	0.8228309750556946	7.645010919077322e-05	3.5519983612175565e-06	False
18	0.12250000238418579	1.539762258529663	0.6939550638198853	0.8457493782043457	5.513127689482644e-05	2.744841367530171e-06	False
18	0.12250000238418579	1.5145295858383179	0.6914129853248596	0.8230366706848145	7.646124868188053e-05	3.5366886095289374e-06	False
18	0.125	1.5396419763565063	0.6939482092857361	0.845635712146759	5.526138920686208e-05	2.7429111923993332e-06	False
18	0.12250000238418579	1.5144721269607544	0.6914144158363342	0.8229777812957764	7.636967347934842e-05	3.529630703269504e-06	False
18	0.12250000238418579	1.5398489236831665	0.6939524412155151	0.8458383679389954	5.527606845134869e-05	2.7507564936968265e-06	False
18	0.12250000238418579	1.5144648551940918	0.6914144158363342	0.8229703903198242	7.648962491657585e-05	3.5563141409511445e-06	False
18	0.1274999976158142	1.5399011373519897	0.6939586997032166	0.8458845019340515	5.514768054126762e-05	2.742013293755008e-06	False
18	0.1274999976158142	1.5142589807510376	0.6913719773292542	0.8228067755699158	7.663208089070395e-05	3.543320872267941e-06	False
18	0.125	1.5397000312805176	0.6939522624015808	0.8456898927688599	5.518033867701888e-05	2.7463397600513417e-06	False
18	0.11999999731779099	1.514371395111084	0.691402018070221	0.8228893280029297	7.647927850484848e-05	3.5288496746943565e-06	False
18	0.13249999284744263	1.539704442024231	0.6939507722854614	0.8456955552101135	5.5305659770965576e-05	2.748355427684146e-06	False
18	0.125	1.514417290687561	0.6914232969284058	0.8229141235351562	7.630822801729664e-05	3.534710231178906e-06	False
18	0.125	1.5397393703460693	0.693952739238739	0.8457286357879639	5.520956983673386e-05	2.7435360152594512e-06	False
18	0.11999999731779099	1.5142520666122437	0.6913768649101257	0.8227949738502502	7.66832527006045e-05	3.540449142747093e-06	False
18	0.14000000059604645	1.5397127866744995	0.6939467787742615	0.8457079529762268	5.526324093807489e-05	2.7435326046543196e-06	False
18	0.125	1.5143433809280396	0.6913958191871643	0.8228673934936523	7.669208571314812e-05	3.553274382284144e-06	False
18	0.125	1.5396922826766968	0.69395512342453	0.8456793427467346	5.510182018042542e-05	2.7400371891417308e-06	False
18	0.11999999731779099	1.5143375396728516	0.6914204955101013	0.8228368163108826	7.660157280042768e-05	3.532728214850067e-06	False
18	0.1274999976158142	1.539881706237793	0.6939558386802673	0.8458680510520935	5.506694651558064e-05	2.7398129986977438e-06	False
18	0.12250000238418579	1.5141994953155518	0.6913636922836304	0.822755753993988	7.65352015150711e-05	3.537073098414112e-06	False
19	0.11749999970197678	1.2847857475280762	0.6687923669815063	0.6159239411354065	6.646238034591079e-05	2.8418030524335336e-06	False
19	0.11999999731779099	1.2797596454620361	0.6752419471740723	0.604430079460144	8.419214282184839e-05	3.4319441510888282e-06	False
19	0.125	1.2848474979400635	0.6687241196632385	0.6160542964935303	6.631630094489083e-05	2.828220885930932e-06	False
19	0.125	1.2799955606460571	0.675127387046814	0.6047806143760681	8.410232840105891e-05	3.4370827961538453e-06	False
19	0.125	1.284777283668518	0.6688211560249329	0.6158868074417114	6.640787614742294e-05	2.8334643502603285e-06	False
19	0.12250000238418579	1.2799677848815918	0.6751232147216797	0.6047571897506714	8.398226054850966e-05	3.4277977647434454e-06	False
19	0.12250000238418579	1.2850475311279297	0.6687907576560974	0.6161876320838928	6.626387767028064e-05	2.826777290465543e-06	False
19	0.125	1.279876947402954	0.6751019358634949	0.6046874523162842	8.401669765589759e-05	3.4286997561139287e-06	False
19	0.125	1.2848048210144043	0.6687854528427124	0.6159501671791077	6.632196891587228e-05	2.827248181347386e-06	False
19	0.12250000238418579	1.2797207832336426	0.6752331256866455	0.6043999195098877	8.422865357715636e-05	3.4389240681775846e-06	False
19	0.12250000238418579	1.2852003574371338	0.6687620282173157	0.6163694262504578	6.607946852454916e-05	2.8244978693692246e-06	False
19	0.125	1.2800250053405762	0.6751219630241394	0.6048156023025513	8.398431964451447e-05	3.424715032451786e-06	False
19	0.125	1.2849793434143066	0.668807864189148	0.616102397441864	6.633510201936588e-05	2.8340020890027517e-06	False
19	0.11999999731779099	1.2801086902618408	0.6751223206520081	0.6048988103866577	8.40047505334951e-05	3.424171154620126e-06	False
19	0.1274999976158142	1.2851613759994507	0.6687440276145935	0.616348385810852	6.618627958232537e-05	2.8246681722521316e-06	False
19	0.11999999731779099	1.2802329063415527	0.6750155091285706	0.6051299571990967	8.398870704695582e-05	3.4161289477196988e-06	False
19	0.11999999731779099	1.285007357597351	0.6687374114990234	0.6162008047103882	6.627602124353871e-05	2.8358365398162277e-06	False
19	0.11749999970197678	1.2799090147018433	0.675069272518158	0.6047521233558655	8.422001701546833e-05	3.424442638788605e-06	False
19	0.125	1.285024642944336	0.6687304377555847	0.6162251234054565	6.622703949688002e-05	2.8271156224946026e-06	False
19	0.11749999970197678	1.279629111289978	0.6752732396125793	0.6042683124542236	8.418497600359842e-05	3.4302647691220045e-06	False
19	0.12250000238418579	1.2852802276611328	0.6687091588973999	0.6165021061897278	6.60723089822568e-05	2.8237461719982093e-06	False
19	0.11999999731779099	1.2800474166870117	0.6750561594963074	0.6049034595489502	8.432989852735773e-05	3.4360800782451406e-06	False
19	0.12250000238418579	1.2854008674621582	0.6686840653419495	0.6166478991508484	6.600759661523625e-05	2.821344196490827e-06	False
19	0.125	1.2797034978866577	0.6751534938812256	0.604462206363678	8.442770194960758e-05	3.425495151532232e-06	False
19	0.12250000238418579	1.2849823236465454	0.6687957644462585	0.616117537021637	6.621336797252297e-05	2.8352237677609082e-06	False
19	0.11500000208616257	1.280007004737854	0.6751288175582886	0.6047905683517456	8.416695345658809e-05	3.429181560932193e-06	False
19	0.11999999731779099	1.2852236032485962	0.6686944365501404	0.6164600849151611	6.618023326154798e-05	2.82623955172312e-06	False
19	0.11999999731779099	1.28001868724823	0.6751229763031006	0.6048079133033752	8.43669258756563e-05	3.4363067697995575e-06	False
19	0.125	1.2850735187530518	0.6687341332435608	0.6162702441215515	6.625495007028803e-05	2.83191593553056e-06	False
19	0.12250000238418579	1.280004620552063	0.6751253604888916	0.6047917604446411	8.40992943267338e-05	3.4269671687070513e-06	False
20	0.13500000536441803	1.2204865217208862	0.685495138168335	0.5346022248268127	0.00038479460636153817	4.444412752491189e-06	False
20	0.125	1.1651970148086548	0.6737416386604309	0.4906245172023773	0.0008237420697696507	7.1943190960155334e-06	False
20	0.125	1.2201305627822876	0.6854141354560852	0.5343254804611206	0.0003864035534206778	4.470755811780691e-06	False
20	0.125	1.1650307178497314	0.6736679673194885	0.49053049087524414	0.0008250158280134201	7.212813216028735e-06	False
20	0.11749999970197678	1.2200652360916138	0.6853768825531006	0.5342947244644165	0.0003892359382007271	4.468833139981143e-06	False
20	0.12250000238418579	1.1650067567825317	0.6737212538719177	0.49045389890670776	0.0008244660566560924	7.195248599600745e-06	False
20	0.12999999523162842	1.2202333211898804	0.685401976108551	0.534439742565155	0.0003871098451782018	4.474290562939132e-06	False
20	0.11749999970197678	1.1653605699539185	0.6737569570541382	0.4907777011394501	0.0008187695639207959	7.163665486586979e-06	False
20	0.1274999976158142	1.2202017307281494	0.6854256391525269	0.5343859791755676	0.0003856990661006421	4.446659659151919e-06	False
20	0.125	1.165101170539856	0.6737757325172424	0.4904932677745819	0.000825058261398226	7.210002422652906e-06	False
20	0.11999999731779099	1.2200549840927124	0.685421347618103	0.5342424511909485	0.0003867692139465362	4.466167411010247e-06	False
20	0.12250000238418579	1.165075659751892	0.673613429069519	0.49063342809677124	0.0008217018912546337	7.165245733631309e-06	False
20	0.125	1.2204921245574951	0.6854202747344971	0.5346821546554565	0.00038529132143594325	4.465765869099414e-06	False
20	0.12250000238418579	1.1657180786132812	0.6737291216850281	0.49116629362106323	0.0008155460236594081	7.168142474256456e-06	False
20	0.12250000238418579	1.220456600189209	0.6854377388954163	0.534629762172699	0.0003846585168503225	4.446636467037024e-06	False
20	0.12250000238418579	1.165521264076233	0.6736124157905579	0.4910842180252075	0.0008174113463610411	7.158447715482907e-06	False
20	0.125	1.2203797101974487	0.6854232549667358	0.5345662236213684	0.00038570916512981057	4.449511834536679e-06	False
20	0.12250000238418579	1.1653387546539307	0.6737409234046936	0.490768700838089	0.0008219037554226816	7.2056259341479745e-06	False
20	0.12999999523162842	1.2201656103134155	0.685432493686676	0.5343433022499084	0.0003854622191283852	4.467002327146474e-06	False
20	0.11249999701976776	1.165143370628357	0.6736508011817932	0.49066075682640076	0.0008246909128502011	7.2013281169347465e-06	False
20	0.125	1.2201687097549438	0.6853599548339844	0.5344175696372986	0.00038669066270813346	4.462700417207088e-06	False
20	0.12250000238418579	1.1653738021850586	0.6737496852874756	0.4907982051372528	0.00081869144923985	7.1835524977359455e-06	False
20	0.1274999976158142	1.2204713821411133	0.6854610443115234	0.5346217155456543	0.0003841744037345052	4.460265699890442e-06	False
20	0.11749999970197678	1.1653271913528442	0.6737394332885742	0.49076128005981445	0.0008192976238206029	7.176554390753154e-06	False
20	0.11999999731779099	1.2201662063598633	0.6854358911514282	0.534338653087616	0.0003873089444823563	4.467395683604991e-06	False
20	0.12250000238418579	1.1655919551849365	0.6738805174827576	0.4908885061740875	0.0008157212869264185	7.161099347285926e-06	False
20	0.13750000298023224	1.2202874422073364	0.6854028105735779	0.5344929099082947	0.0003871888620778918	4.472698037716327e-06	False
20	0.11999999731779099	1.1649978160858154	0.6736670136451721	0.49049893021583557	0.0008245615754276514	7.2281559369002935e-06	False
20	0.125	1.2203516960144043	0.6854212880134583	0.5345398783683777	0.0003860759024973959	4.457172963157063e-06	False
20	0.11999999731779099	1.1657074689865112	0.6737919449806213	0.49109113216400146	0.0008171812514774501	7.193931196525227e-06	False
21	0.12999999523162842	1.0307210683822632	0.6805993914604187	0.3404808044433594	0.00964039471000433	4.612577413354302e-07	False
21	0.125	0.9848936796188354	0.6622082591056824	0.30461955070495605	0.018065178766846657	7.065530667205167e-07	False
21	0.12250000238418579	1.0308853387832642	0.6805688738822937	0.3406645357608795	0.00965143833309412	4.596807343659748e-07	False
21	0.125	0.985242486000061	0.6623119711875916	0.3049275577068329	0.018002251163125038	7.049070518405642e-07	False
21	0.11999999731779099	1.0311311483383179	0.6806898713111877	0.34080755710601807	0.009633166715502739	4.60570703353369e-07	False
21	0.11749999970197678	0.9850869178771973	0.6620743870735168	0.3049628436565399	0.01804899051785469	7.088127063070715e-07	False
21	0.12999999523162842	1.0307285785675049	0.6807011365890503	0.3403979539871216	0.009629001840949059	4.601477030519163e-07	False
21	0.125	0.9848156571388245	0.6622148752212524	0.30454498529434204	0.01805507205426693	7.067463911880623e-07	False
21	0.125	1.0308449268341064	0.6806399822235107	0.34056633710861206	0.009638035669922829	4.591998674641218e-07	False
21	0.11999999731779099	0.9852017164230347	0.6621410250663757	0.30504652857780457	0.018013451248407364	7.092905889294343e-07	False
21	0.12250000238418579	1.0309001207351685	0.6806284189224243	0.34063151478767395	0.009639709256589413	4.616974820237374e-07	False
21	0.12250000238418579	0.9852582812309265	0.6622733473777771	0.3049749732017517	0.01800927147269249	7.047411259009095e-07	False
21	0.125	1.0305532217025757	0.6806313991546631	0.3402683734893799	0.009652979671955109	4.601617149546655e-07	False
21	0.11500000208616257	0.9854269027709961	0.662287712097168	0.30504873394966125	0.01808975264430046	7.050264798635908e-07	False
21	0.11999999731779099	1.0308160781860352	0.6806163191795349	0.34059572219848633	0.009603520855307579	4.5900407030785573e-07	False
21	0.12250000238418579	0.985446035861969	0.662427544593811	0.3050368130207062	0.017980968579649925	7.040870286800782e-07	False
21	0.12250000238418579	1.0309314727783203	0.68064945936203	0.34064817428588867	0.00963324960321188	4.601108685164945e-07	False
21	0.125	0.9853320717811584	0.6622906923294067	0.30504563450813293	0.017995033413171768	7.078435260154947e-07	False
21	0.1274999976158142	1.031052589416504	0.6806580424308777	0.34078139066696167	0.009612643159925938	4.599840792707255e-07	False
21	0.12250000238418579	0.9853656888008118	0.6623831391334534	0.3049697279930115	0.018012110143899918	7.062031386340095e-07	False
21	0.12250000238418579	1.0303093194961548	0.6806190609931946	0.3400487005710602	0.009641057811677456	4.5939307824482967e-07	False
21	0.125	0.9852966070175171	0.6623690724372864	0.30494630336761475	0.017980515956878662	7.089602149790153e-07	False
21	0.12999999523162842	1.0311294794082642	0.6806265115737915	0.3408898115158081	0.009612669236958027	4.591807396536751e-07	False
21	0.12250000238418579	0.9847251176834106	0.6619629859924316	0.30461129546165466	0.01815006695687771	7.086330811034713e-07	False
21	0.125	1.0310064554214478	0.6806178092956543	0.34078139066696167	0.009606660343706608	4.5903465206720284e-07	False
21	0.12250000238418579	0.984562337398529	0.6621261239051819	0.3043421506881714	0.01809336617588997	7.099166623447672e-07	False
21	0.125	1.0307393074035645	0.6806304454803467	0.3404969274997711	0.009611492976546288	4.603436138950201e-07	False
21	0.11749999970197678	0.9849186539649963	0.6620826125144958	0.30473989248275757	0.018095407634973526	7.098531114024809e-07	False
21	0.125	1.0310282707214355	0.6806142926216125	0.3408074975013733	0.009605961851775646	4.595872837853676e-07	False
21	0.12250000238418579	0.9848933815956116	0.6621082425117493	0.30473971366882324	0.018044698983430862	7.066067837513401e-07	False
22	0.12250000238418579	1.2968569993972778	0.303486704826355	0.9890217185020447	0.004348056856542826	5.712714141736797e-07	False
22	0.12250000238418579	1.2615365982055664	0.24377234280109406	1.0009398460388184	0.01682302914559841	1.2695485338554136e-06	False
22	0.1274999976158142	1.2978304624557495	0.3044678270816803	0.9890593886375427	0.004302662331610918	5.697518759006925e-07	False
22	0.12250000238418579	1.2608658075332642	0.2432258278131485	1.0007953643798828	0.016843274235725403	1.275780618925637e-06	False
22	0.1274999976158142	1.2968945503234863	0.3033088743686676	0.9892290234565735	0.004356039222329855	5.716570399272314e-07	False
22	0.12250000238418579	1.2606953382492065	0.24266283214092255	1.00101637840271	0.017014823853969574	1.2840366707678186e-06	False
22	0.12250000238418579	1.296567440032959	0.30309563875198364	0.9891502857208252	0.004321000538766384	5.717901672142034e-07	False
22	0.11999999731779099	1.2608072757720947	0.24283254146575928	1.0009936094284058	0.016979804262518883	1.2740396186927683e-06	False
22	0.125	1.2966594696044922	0.3031800389289856	0.9891680479049683	0.0043107131496071815	5.731611167902884e-07	False
22	0.11999999731779099	1.2610749006271362	0.2431565374135971	1.0010583400726318	0.016858652234077454	1.2743900015266263e-06	False
22	0.12250000238418579	1.2967753410339355	0.3032395839691162	0.9891994595527649	0.004335719160735607	5.715747875001398e-07	False
22	0.11999999731779099	1.261062502861023	0.2436865270137787	1.0006394386291504	0.016735156998038292	1.2705470453511225e-06	False
22	0.125	1.2968661785125732	0.30325043201446533	0.9892734885215759	0.0043416754342615604	5.72453132008377e-07	False
22	0.11999999731779099	1.2612030506134033	0.24325478076934814	1.000893235206604	0.01705377921462059	1.2750001587846782e-06	False
22	0.13249999284744263	1.2966822385787964	0.30315065383911133	0.9891931414604187	0.004337734542787075	5.725295295633259e-07	False
22	0.12250000238418579	1.261246919631958	0.24388135969638824	1.0006582736968994	0.01670604571700096	1.268801042897394e-06	False
22	0.125	1.2966516017913818	0.3031555414199829	0.9891483187675476	0.004347196780145168	5.714272219847771e-07	False
22	0.12250000238418579	1.2611103057861328	0.24333570897579193	1.0009104013442993	0.01686292141675949	1.2669013358390657e-06	False
22	0.1274999976158142	1.2968124151229858	0.30295470356941223	0.9894724488258362	0.004384595435112715	5.726861331822874e-07	False
22	0.11999999731779099	1.2611037492752075	0.2434232383966446	1.0008447170257568	0.016834506765007973	1.2694055158135598e-06	False
22	0.12999999523162842	1.2961808443069458	0.3024263381958008	0.9894086122512817	0.004345251247286797	5.752144147663785e-07	False
22	0.12250000238418579	1.2614670991897583	0.24355579912662506	1.0009872913360596	0.01692267507314682	1.2726411569019547e-06	False
22	0.1274999976158142	1.296687364578247	0.30295848846435547	0.989375650882721	0.004352712072432041	5.757589178756461e-07	False
22	0.11999999731779099	1.261315941810608	0.2439962774515152	1.0005383491516113	0.016780007630586624	1.2693436701738392e-06	False
22	0.11749999970197678	1.2966493368148804	0.30282968282699585	0.9895041584968567	0.004314931109547615	5.726363383473654e-07	False
22	0.12250000238418579	1.2617512941360474	0.24403534829616547	1.0008459091186523	0.016868745908141136	1.2656381613851408e-06	False
22	0.125	1.296561360359192	0.3027890920639038	0.9894606471061707	0.004311027470976114	5.713555992770125e-07	False
22	0.11999999731779099	1.2619142532348633	0.2440810352563858	1.0009808540344238	0.016851035878062248	1.261571810573514e-06	False
22	0.125	1.2963531017303467	0.3027401566505432	0.989276647567749	0.0043357671238482	5.755227334702795e-07	False
22	0.11999999731779099	1.2608836889266968	0.24316948652267456	1.0009220838546753	0.016790812835097313	1.274147507501766e-06	False
23	0.1274999976158142	1.488363265991211	0.42520326375961304	1.063122272491455	3.7665082345483825e-05	5.2184542909117226e-08	False
23	0.125	1.4597958326339722	0.39252784848213196	1.0672097206115723	5.81569220230449e-05	6.390988716020729e-08	False
23	0.12250000238418579	1.4881459474563599	0.4252392649650574	1.0628690719604492	3.7549849366769195e-05	5.218511844873319e-08	False
23	0.11999999731779099	1.459902286529541	0.3924327492713928	1.067411184310913	5.827872155350633e-05	6.354080994697142e-08	False
23	0.11999999731779099	1.488659143447876	0.42555373907089233	1.06306791305542	3.7458583392435685e-05	5.219892429408901e-08	False
23	0.125	1.4600316286087036	0.3925919532775879	1.0673809051513672	5.8605943195289e-05	6.399396568212978e-08	False
23	0.12250000238418579	1.4882595539093018	0.4252038598060608	1.0630179643630981	3.7653459003195167e-05	5.219782650556226e-08	False
23	0.12250000238418579	1.4599772691726685	0.3923581838607788	1.0675604343414307	5.849008812219836e-05	6.404196284393038e-08	False
23	0.12999999523162842	1.4885221719741821	0.4253973662853241	1.0630871057510376	3.761095285881311e-05	5.215548526393832e-08	False
23	0.12250000238418579	1.4597084522247314	0.3923865854740143	1.0672634840011597	5.8278128562960774e-05	6.403422503353795e-08	False
23	0.12999999523162842	1.4885257482528687	0.4251057505607605	1.0633822679519653	3.775984077947214e-05	5.214647558204888e-08	False
23	0.125	1.4600909948349	0.39270544052124023	1.0673270225524902	5.842863174621016e-05	6.389348783386595e-08	False
23	0.125	1.4879893064498901	0.4249826669692993	1.0629692077636719	3.748838935280219e-05	5.2357339797026725e-08	False
23	0.12250000238418579	1.4597669839859009	0.3924490809440613	1.067259430885315	5.839400546392426e-05	6.370717642312229e-08	False
23	0.12250000238418579	1.4881020784378052	0.4250972867012024	1.062967300415039	3.7518413591897115e-05	5.210645781517087e-08	False
23	0.11999999731779099	1.459994912147522	0.39262768626213074	1.0673084259033203	5.861110912519507e-05	6.388737006091105e-08	False
23	0.11999999731779099	1.4884734153747559	0.4252294898033142	1.0632065534591675	3.748992094187997e-05	5.2204896405783074e-08	False
23	0.12250000238418579	1.459517240524292	0.3921927213668823	1.0672656297683716	5.8712877944344655e-05	6.387546847008707e-08	False
23	0.125	1.4883846044540405	0.424885094165802	1.0634620189666748	3.749303868971765e-05	5.214027964939305e-08	False
23	0.11999999731779099	1.45965576171875	0.39215287566185	1.0674442052841187	5.8495996199781075e-05	6.406659736057918e-08	False
23	0.12250000238418579	1.4886600971221924	0.4256366491317749	1.0629857778549194	3.771553747355938e-05	5.2234096159509136e-08	False
23	0.11249999701976776	1.4597545862197876	0.3922877013683319	1.0674079656600952	5.872383917449042e-05	6.408012609426805e-08	False
23	0.12999999523162842	1.4885460138320923	0.42551881074905396	1.0629897117614746	3.753758210223168e-05	5.2260432426010084e-08	False
23	0.11999999731779099	1.459795355796814	0.39230576157569885	1.067431092262268	5.8427332987776026e-05	6.39673345403935e-08	False
23	0.12999999523162842	1.488556146621704	0.42550885677337646	1.0630096197128296	3.766902591451071e-05	5.2168374509165005e-08	False
23	0.1274999976158142	1.45989191532135	0.39246851205825806	1.0673649311065674	5.8388093748362735e-05	6.399958607516965e-08	False
23	0.125	1.4884107112884521	0.42523568868637085	1.063137412071228	3.76772259187419e-05	5.2216005741456684e-08	False
23	0.11999999731779099	1.4596774578094482	0.39263343811035156	1.0669853687286377	5.847815191373229e-05	6.402138552630277e-08	False
23	0.12250000238418579	1.4887938499450684	0.42563799023628235	1.0631182193756104	3.762179039767943e-05	5.2300112685088607e-08	False
23	0.125	1.4595967531204224	0.39227214455604553	1.0672659873962402	5.8484925830271095e-05	6.371290339757252e-08	False
24	0.125	1.3766809701919556	0.27829352021217346	1.0983624458312988	2.508594116079621e-05	4.5350716959546844e-08	False
24	0.11749999970197678	1.365525245666504	0.2673284411430359	1.0981658697128296	3.103183917119168e-05	5.029915683962827e-08	False
24	0.12999999523162842	1.3766958713531494	0.27830180525779724	1.0983690023422241	2.5051045668078586e-05	4.5432962281211076e-08	False
24	0.125	1.365505576133728	0.26731234788894653	1.0981621742248535	3.108859164058231e-05	5.0270639206928536e-08	False
24	0.13500000536441803	1.3767420053482056	0.27835336327552795	1.0983636379241943	2.5066412490559742e-05	4.5322135378000894e-08	False
24	0.11749999970197678	1.3654831647872925	0.2672876715660095	1.0981643199920654	3.1158946512732655e-05	5.034564765082905e-08	False
24	0.12250000238418579	1.3766783475875854	0.2782863974571228	1.0983667373657227	2.5139532226603478e-05	4.5436486573180446e-08	False
24	0.125	1.3654814958572388	0.26729947328567505	1.0981508493423462	3.111032128799707e-05	5.0339085788664306e-08	False
24	0.1274999976158142	1.3767088651657104	0.2783268690109253	1.0983569622039795	2.5017619918799028e-05	4.529572450451269e-08	False
24	0.11999999731779099	1.3653879165649414	0.26720213890075684	1.0981546640396118	3.1134077289607376e-05	5.0350699609680305e-08	False
24	0.12999999523162842	1.3766361474990845	0.2782488167285919	1.0983622074127197	2.516318636480719e-05	4.549985987978289e-08	False
24	0.11500000208616257	1.3656516075134277	0.26746827363967896	1.0981523990631104	3.095011197729036e-05	5.029235694564704e-08	False
24	0.125	1.3765650987625122	0.27817490696907043	1.098365068435669	2.5172206733259372e-05	4.54651178927179e-08	False
24	0.125	1.3655112981796265	0.26732179522514343	1.098158359527588	3.107486918452196e-05	5.0191090394946514e-08	False
24	0.125	1.3769563436508179	0.27855461835861206	1.098376750946045	2.4948047212092206e-05	4.532902764253777e-08	False
24	0.12250000238418579	1.3655556440353394	0.2673640847206116	1.0981603860855103	3.109113094978966e-05	5.031052552340043e-08	False
24	0.125	1.376675009727478	0.2782760262489319	1.0983738899230957	2.5096358513110317e-05	4.5379085378272066e-08	False
24	0.11999999731779099	1.3655142784118652	0.26734012365341187	1.0981431007385254	3.0961240554461256e-05	5.013748705096077e-08	False
24	0.125	1.3768293857574463	0.27842026948928833	1.098384141921997	2.5070234187296592e-05	4.547899834506097e-08	False
24	0.11749999970197678	1.3656319379806519	0.26743826270103455	1.0981625318527222	3.112889316980727e-05	5.036822159354415e-08	False
24	0.125	1.3765273094177246	0.2781513035297394	1.0983508825302124	2.5183671823469922e-05	4.5390166292236245e-08	False
24	0.11500000208616257	1.365502119064331	0.2673223614692688	1.0981488227844238	3.1050254619913176e-05	5.034669214865062e-08	False
24	0.12250000238418579	1.3766900300979614	0.27830448746681213	1.098360538482666	2.5082737920456566e-05	4.5453049324351014e-08	False
24	0.11749999970197678	1.365512490272522	0.2673211991786957	1.0981601476669312	3.113791171927005e-05	5.052025287000106e-08	False
24	0.12999999523162842	1.3766560554504395	0.27826550602912903	1.0983654260635376	2.5101209757849574e-05	4.533568187525816e-08	False
24	0.11999999731779099	1.3655459880828857	0.2673632800579071	1.0981515645980835	3.1073257559910417e-05	5.018712556648097e-08	False
24	0.12999999523162842	1.3768391609191895	0.2784425914287567	1.0983716249465942	2.4919376301113516e-05	4.528849828489001e-08	False
24	0.12250000238418579	1.3654440641403198	0.26727113127708435	1.0981419086456299	3.099981040577404e-05	5.015500192939726e-08	False
24	0.125	1.376607060432434	0.2782106101512909	1.0983712673187256	2.514294465072453e-05	4.54587834042286e-08	False
24	0.125	1.365338683128357	0.267160028219223	1.0981475114822388	3.114411811111495e-05	5.0420922548255476e-08	False
25	0.125	1.2971066236495972	0.21743394434452057	1.0796507596969604	2.1973739421810023e-05	4.229572425629158e-08	False
25	0.11749999970197678	1.288147211074829	0.2080036848783493	1.0801162719726562	2.7314059479977004e-05	4.690474852964144e-08	False
25	0.125	1.29715895652771	0.21748842298984528	1.0796486139297485	2.1879088308196515e-05	4.231804595633548e-08	False
25	0.11999999731779099	1.287989854812622	0.20784083008766174	1.080121636390686	2.7476411560201086e-05	4.68970959843773e-08	False
25	0.11749999970197678	1.2970978021621704	0.21741153299808502	1.0796643495559692	2.19342782656895e-05	4.234360773125445e-08	False
25	0.125	1.28813636302948	0.20798656344413757	1.080122470855713	2.7277510525891557e-05	4.693469435324005e-08	False
25	0.125	1.2970833778381348	0.21739819645881653	1.0796631574630737	2.1994157577864826e-05	4.231832306800243e-08	False
25	0.125	1.2880220413208008	0.20786809921264648	1.0801266431808472	2.734735608100891e-05	4.681961840447002e-08	False
25	0.11749999970197678	1.2970436811447144	0.21734952926635742	1.0796722173690796	2.1987843865645118e-05	4.2367325647774123e-08	False
25	0.12250000238418579	1.2880423069000244	0.207877978682518	1.0801368951797485	2.738133662205655e-05	4.6861366342909605e-08	False
25	0.125	1.2970582246780396	0.2173793762922287	1.079656958580017	2.196698733314406e-05	4.22788950515951e-08	False
25	0.11500000208616257	1.287975549697876	0.2078149914741516	1.080133080482483	2.740687705227174e-05	4.687509402856449e-08	False
25	0.12250000238418579	1.2971562147140503	0.21748234331607819	1.079651951789856	2.196810419263784e-05	4.2452118265146055e-08	False
25	0.11999999731779099	1.2880035638809204	0.20785267651081085	1.0801234245300293	2.74332251137821e-05	4.699514377648484e-08	False
25	0.12250000238418579	1.2971720695495605	0.21748501062393188	1.0796650648117065	2.1886604372411966e-05	4.236203565710639e-08	False
25	0.11500000208616257	1.287956953048706	0.20778006315231323	1.0801494121551514	2.7386631700210273e-05	4.690847887900418e-08	False
25	0.1274999976158142	1.2971128225326538	0.21742750704288483	1.0796633958816528	2.1982070393278264e-05	4.2408018430251104e-08	False
25	0.12250000238418579	1.2880173921585083	0.20785759389400482	1.0801323652267456	2.7389956812839955e-05	4.679444032262836e-08	False
25	0.12250000238418579	1.2971372604370117	0.21745558083057404	1.0796597003936768	2.1893371012993157e-05	4.2426115953730914e-08	False
25	0.125	1.2880523204803467	0.2078833431005478	1.080141544342041	2.740452873695176e-05	4.689630372922693e-08	False
25	0.125	1.2971233129501343	0.21744711697101593	1.0796542167663574	2.1965393898426555e-05	4.241451634356963e-08	False
25	0.125	1.2881157398223877	0.20796099305152893	1.080127477645874	2.7340453016222455e-05	4.6860311186947e-08	False
25	0.1274999976158142	1.2970637083053589	0.21737852692604065	1.0796631574630737	2.1994448616169393e-05	4.2339010519754083e-08	False
25	0.11999999731779099	1.2879958152770996	0.20785397291183472	1.080114483833313	2.739291448961012e-05	4.6829676136894705e-08	False
25	0.12250000238418579	1.2971034049987793	0.21741987764835358	1.0796616077423096	2.1887224647798575e-05	4.2242771058909057e-08	False
25	0.11749999970197678	1.2880628108978271	0.20789270102977753	1.0801427364349365	2.741531170613598e-05	4.688964594379286e-08	False
25	0.11749999970197678	1.2970956563949585	0.21743430197238922	1.0796394348144531	2.1962947357678786e-05	4.232453321151297e-08	False
25	0.11500000208616257	1.288125991821289	0.20796820521354675	1.0801305770874023	2.7198873794986866e-05	4.678176068750872e-08	False
25	0.125	1.297160267829895	0.2174803763628006	1.0796579122543335	2.195693741668947e-05	4.2454871618247125e-08	False
25	0.11999999731779099	1.28810453414917	0.20796433091163635	1.0801129341125488	2.7326119379722513e-05	4.673686149203604e-08	False
26	0.125	1.4249670505523682	0.40577787160873413	1.019181728363037	7.3643127507239114e-06	4.9072792052129444e-08	False
26	0.12250000238418579	1.398394227027893	0.38854169845581055	1.009843111038208	9.445285286346916e-06	5.4242875080490194e-08	False
26	0.12999999523162842	1.4249131679534912	0.4057347774505615	1.0191709995269775	7.385046501440229e-06	4.9256772882699806e-08	False
26	0.12250000238418579	1.3980869054794312	0.3883073925971985	1.0097700357437134	9.454899554839358e-06	5.4319489350973527e-08	False
26	0.11999999731779099	1.4249086380004883	0.4057430624961853	1.019158124923706	7.394226940959925e-06	4.9328633622280904e-08	False
26	0.125	1.3984267711639404	0.38853690028190613	1.0098804235458374	9.44668772717705e-06	5.4158878270982314e-08	False
26	0.11999999731779099	1.424780011177063	0.4056612551212311	1.0191113948822021	7.371377250819933e-06	4.93384710864575e-08	False
26	0.12250000238418579	1.3982547521591187	0.38842517137527466	1.0098201036453247	9.459262400923762e-06	5.433807004351365e-08	False
26	0.1274999976158142	1.424800157546997	0.40567272901535034	1.0191200971603394	7.3744217843341175e-06	4.92641980542885e-08	False
26	0.12250000238418579	1.398344874382019	0.388532817363739	1.0098025798797607	9.441717338631861e-06	5.4242281777305834e-08	False
26	0.12250000238418579	1.424800157546997	0.4056500196456909	1.019142746925354	7.3954738581960555e-06	4.928475405563404e-08	False
26	0.12250000238418579	1.3983498811721802	0.38853245973587036	1.00980806350708	9.442538612347562e-06	5.4236913626937167e-08	False
26	0.13500000536441803	1.424810767173767	0.4056476354598999	1.019155740737915	7.367117632384179e-06	4.9083240583058796e-08	False
26	0.11999999731779099	1.398224949836731	0.3884020447731018	1.0098134279251099	9.450172001379542e-06	5.412752912548058e-08	False
26	0.125	1.424905776977539	0.4057038426399231	1.019194483757019	7.385428034467623e-06	4.912371309728769e-08	False
26	0.11999999731779099	1.398414134979248	0.388574481010437	1.0098302364349365	9.44527164392639e-06	5.4228770807185356e-08	False
26	0.13500000536441803	1.4249168634414673	0.4057585299015045	1.019150972366333	7.362407359323697e-06	4.920502760796808e-08	False
26	0.12250000238418579	1.3982048034667969	0.3884086310863495	1.0097867250442505	9.453867278352845e-06	5.436402972236465e-08	False
26	0.1274999976158142	1.424874186515808	0.40569648146629333	1.0191702842712402	7.3892615546355955e-06	4.9262848023090555e-08	False
26	0.11999999731779099	1.3982912302017212	0.3884865939617157	1.0097951889038086	9.446695912629366e-06	5.4172200947277815e-08	False
26	0.125	1.424869179725647	0.40568748116493225	1.019174337387085	7.3721430453588255e-06	4.9080870923035036e-08	False
26	0.12250000238418579	1.3982257843017578	0.3884158432483673	1.0098005533218384	9.440171197638847e-06	5.4422976347723306e-08	False
26	0.11749999970197678	1.4248522520065308	0.40569111704826355	1.0191537141799927	7.356517016887665e-06	4.9181661410102606e-08	False
26	0.11749999970197678	1.3984143733978271	0.38854703307151794	1.0098578929901123	9.440863323106896e-06	5.420689674906498e-08	False
26	0.125	1.4248101711273193	0.40565621852874756	1.0191465616226196	7.394995009235572e-06	4.915652596082509e-08	False
26	0.11249999701976776	1.3983769416809082	0.38851597905158997	1.0098515748977661	9.431365469936281e-06	5.42031060035697e-08	False
26	0.12250000238418579	1.4249435663223267	0.4057501256465912	1.019186019897461	7.391046892735176e-06	4.9303096716357686e-08	False
26	0.125	1.3984147310256958	0.38853970170021057	1.009865641593933	9.458064596401528e-06	5.425512838996838e-08	False
26	0.13500000536441803	1.4248367547988892	0.4056730270385742	1.0191563367843628	7.382398507616017e-06	4.920868335034356e-08	False
26	0.11749999970197678	1.3981701135635376	0.3883722722530365	1.0097883939743042	9.447302545595448e-06	5.4287799144958626e-08	False
27	0.12250000238418579	1.0451699495315552	0.1932041198015213	0.8519651293754578	7.223954980872804e-07	4.564604338952449e-08	False
27	0.12250000238418579	0.9997762441635132	0.17514482140541077	0.8246303200721741	1.0000353540817741e-06	5.379876455435806e-08	False
27	0.12250000238418579	1.0450657606124878	0.1931401938199997	0.8519248366355896	7.232785037558642e-07	4.554775756560048e-08	False
27	0.11999999731779099	1.0005266666412354	0.17542915046215057	0.8250965476036072	9.957601605492528e-07	5.374404921099085e-08	False
27	0.13249999284744263	1.0453341007232666	0.1932574361562729	0.85207599401474	7.20073217053141e-07	4.555568722253156e-08	False
27	0.11999999731779099	0.9999552965164185	0.17518213391304016	0.82477205991745	1.0007242963183671e-06	5.37582351967103e-08	False
27	0.12250000238418579	1.0452507734298706	0.19321957230567932	0.8520305156707764	7.214130732791091e-07	4.5387320568579526e-08	False
27	0.11999999731779099	1.0001442432403564	0.17530563473701477	0.8248376250267029	1.0010082860389957e-06	5.3766900265372897e-08	False
27	0.125	1.0452449321746826	0.19323277473449707	0.852011501789093	7.214998731797095e-07	4.557912092195693e-08	False
27	0.12250000238418579	1.000532865524292	0.17542101442813873	0.825110912322998	9.967355936169042e-07	5.359791188652707e-08	False
27	0.12250000238418579	1.0453301668167114	0.19327077269554138	0.8520587086677551	7.21834965133894e-07	4.551970178567899e-08	False
27	0.12250000238418579	1.000068187713623	0.17525403201580048	0.824813187122345	1.0008845947595546e-06	5.361933830272392e-08	False
27	0.13750000298023224	1.045051097869873	0.19312207400798798	0.8519282937049866	7.219577469186333e-07	4.5761961331436396e-08	False
27	0.12250000238418579	1.0004066228866577	0.17540808022022247	0.82499760389328	9.997745564760407e-07	5.359250110359426e-08	False
27	0.12250000238418579	1.0454374551773071	0.19328781962394714	0.8521488904953003	7.224398359539919e-07	4.558287614031542e-08	False
27	0.12250000238418579	0.9998608231544495	0.17516635358333588	0.8246933817863464	1.0023953791460372e-06	5.371944311605148e-08	False
27	0.13249999284744263	1.0452672243118286	0.1932273656129837	0.852039098739624	7.204276357697381e-07	4.560601851721913e-08	False
27	0.12250000238418579	1.0001577138900757	0.1753009706735611	0.8248557448387146	1.0016547093982808e-06	5.358817389833348e-08	False
27	0.13500000536441803	1.0450770854949951	0.19313687086105347	0.8519394397735596	7.225837634905474e-07	4.5743604459858034e-08	False
27	0.11999999731779099	1.0003989934921265	0.1753903180360794	0.8250077366828918	9.98495011117484e-07	5.371937561449158e-08	False
27	0.11500000208616257	1.04521906375885	0.19319984316825867	0.8520185351371765	7.200984555311152e-07	4.568206435351385e-08	False
27	0.125	1.0001568794250488	0.17526863515377045	0.8248872756958008	1.0003851684814435e-06	5.3622898121830076e-08	False
27	0.12250000238418579	1.0452687740325928	0.1932273954153061	0.852040708065033	7.21145624993369e-07	4.566358313695673e-08	False
27	0.125	1.000283122062683	0.17534253001213074	0.8249396085739136	9.983763220589026e-07	5.360893595707239e-08	False
27	0.13500000536441803	1.045061469078064	0.19314242899417877	0.8519182801246643	7.229586458379345e-07	4.5663394843131755e-08	False
27	0.12250000238418579	1.0000488758087158	0.17519426345825195	0.8248535990715027	9.992082823373494e-07	5.3715723424829775e-08	False
27	0.125	1.0452275276184082	0.19321376085281372	0.8520130515098572	7.217535653580853e-07	4.562642530459016e-08	False
27	0.11749999970197678	0.9999322891235352	0.17520354688167572	0.8247276544570923	1.000551151264517e-06	5.363339994346461e-08	False
27	0.1274999976158142	1.0454421043395996	0.19331464171409607	0.8521267771720886	7.197754712251481e-07	4.55891644435269e-08	False
27	0.11999999731779099	1.0001555681228638	0.1753355860710144	0.824819028377533	9.983637028199155e-07	5.3840501834656607e-08	False
28	0.125	1.19329833984375	0.11819111555814743	1.0751062631607056	9.268651979255083e-07	4.883810689193524e-08	False
28	0.11249999701976776	1.1805737018585205	0.11051158607006073	1.0700609683990479	1.1478535952846869e-06	5.4216421574437845e-08	False
28	0.12999999523162842	1.1933209896087646	0.1181895062327385	1.075130581855774	9.247480079466186e-07	4.869635716886478e-08	False
28	0.125	1.180680513381958	0.11058670282363892	1.0700926780700684	1.144630232374766e-06	5.420834625624593e-08	False
28	0.125	1.1933332681655884	0.11819883435964584	1.0751334428787231	9.252589165953395e-07	4.866623370958223e-08	False
28	0.125	1.1806285381317139	0.11056347191333771	1.070063829421997	1.1474866141725215e-06	5.447462214647203e-08	False
28	0.12999999523162842	1.1933073997497559	0.11819247901439667	1.0751140117645264	9.276574246541713e-07	4.8902187188559765e-08	False
28	0.11999999731779099	1.1806405782699585	0.11057396978139877	1.0700653791427612	1.146177510236157e-06	5.41842197776532e-08	False
28	0.12999999523162842	1.1933846473693848	0.11822919547557831	1.0751545429229736	9.236999858330819e-07	4.8628663762428914e-08	False
28	0.12250000238418579	1.180679202079773	0.110608771443367	1.0700691938400269	1.1466520390968071e-06	5.417127013629397e-08	False
28	0.12250000238418579	1.1933180093765259	0.1182057186961174	1.0751113891601562	9.305488788413641e-07	4.881852078142401e-08	False
28	0.125	1.1806952953338623	0.11060506105422974	1.0700889825820923	1.1444944902905263e-06	5.435297367739622e-08	False
28	0.125	1.1933035850524902	0.11820439249277115	1.0750982761383057	9.282193218496104e-07	4.861513502874004e-08	False
28	0.12250000238418579	1.1806507110595703	0.11056316643953323	1.0700863599777222	1.1440702110121492e-06	5.436118044599425e-08	False
28	0.1274999976158142	1.1933708190917969	0.11823720484972	1.0751326084136963	9.261069067179051e-07	4.8804359664700314e-08	False
28	0.11999999731779099	1.1806508302688599	0.11056502908468246	1.070084571838379	1.1467682270449586e-06	5.4130474325120304e-08	False
28	0.12250000238418579	1.1933281421661377	0.11819882690906525	1.0751283168792725	9.236800337930617e-07	4.871714764931312e-08	False
28	0.12250000238418579	1.1805707216262817	0.11049710214138031	1.0700724124908447	1.1474201073724544e-06	5.437174976918868e-08	False
28	0.12999999523162842	1.193342924118042	0.11821397393941879	1.0751279592514038	9.239286669071589e-07	4.884184789943902e-08	False
28	0.11749999970197678	1.1806957721710205	0.11058725416660309	1.070107340812683	1.1435239457568969e-06	5.425158988714429e-08	False
28	0.125	1.1933207511901855	0.11819842457771301	1.0751214027404785	9.257320812139369e-07	4.877569637073975e-08	False
28	0.11999999731779099	1.1806422472000122	0.11057788878679276	1.0700631141662598	1.1475674455141416e-06	5.42948583870384e-08	False
28	0.11999999731779099	1.1933274269104004	0.11820710450410843	1.0751193761825562	9.243734666597447e-07	4.88718150393197e-08	False
28	0.11999999731779099	1.180586338043213	0.11055180430412292	1.070033311843872	1.147572561421839e-06	5.42626992228179e-08	False
28	0.12999999523162842	1.19330894947052	0.11817891150712967	1.0751290321350098	9.251754704564519e-07	4.886322457764436e-08	False
28	0.11999999731779099	1.1806389093399048	0.11055226624011993	1.0700854063034058	1.142304881796008e-06	5.423069282528559e-08	False
28	0.125	1.1933214664459229	0.11819254606962204	1.0751279592514038	9.253397479369596e-07	4.875451864450042e-08	False
28	0.12250000238418579	1.1806339025497437	0.11054667085409164	1.0700860023498535	1.1484672768347082e-06	5.447853368423239e-08	False
28	0.125	1.193314790725708	0.11818473041057587	1.0751291513442993	9.253845405510219e-07	4.8832522026032166e-08	False
28	0.125	1.1806530952453613	0.11056467890739441	1.070087194442749	1.1473356380520272e-06	5.421196647148463e-08	False
29	0.125	1.0183473825454712	0.08557038754224777	0.9327762126922607	7.616779953423247e-07	6.428985699358236e-08	False
29	0.11749999970197678	0.9842503070831299	0.07837814092636108	0.9058708548545837	1.2587499895744259e-06	8.522080463535531e-08	False
29	0.11500000208616257	1.0181951522827148	0.08558432012796402	0.932610034942627	7.691015184718708e-07	6.48408686743096e-08	False
29	0.12250000238418579	0.9841784238815308	0.07840628176927567	0.9057708382606506	1.260590465790301e-06	8.52203356771497e-08	False
29	0.13500000536441803	1.01836359500885	0.08558466285467148	0.9327781200408936	7.626866818100098e-07	6.422938980676918e-08	False
29	0.11749999970197678	0.9841597676277161	0.07842755317687988	0.9057309031486511	1.2639821989068878e-06	8.531506523468124e-08	False
29	0.12999999523162842	1.018194556236267	0.0855596512556076	0.9326340556144714	7.646376616321504e-07	6.443980993253717e-08	False
29	0.12250000238418579	0.9843195080757141	0.07844217121601105	0.9058760404586792	1.2592577149916906e-06	8.49769534738698e-08	False
29	0.125	1.0184956789016724	0.0855969786643982	0.9328978061676025	7.618108384122024e-07	6.425877074889286e-08	False
29	0.12250000238418579	0.9840009808540344	0.0783698558807373	0.9056298136711121	1.2678668781518354e-06	8.558142639003563e-08	False
29	0.12250000238418579	1.0182421207427979	0.08555828779935837	0.932682991027832	7.656230991415214e-07	6.449567990784999e-08	False
29	0.11749999970197678	0.9840348958969116	0.07837378978729248	0.9056597948074341	1.265241166947817e-06	8.5535077687382e-08	False
29	0.11999999731779099	1.018215298652649	0.0855676531791687	0.9326468706130981	7.652447493455838e-07	6.474579095083755e-08	False
29	0.11999999731779099	0.9843197464942932	0.07839775085449219	0.905920684337616	1.258450197383354e-06	8.54573016795257e-08	False
29	0.12999999523162842	1.0183687210083008	0.08555839955806732	0.9328094720840454	7.609111207784736e-07	6.408656361145404e-08	False
29	0.12250000238418579	0.9841116070747375	0.07840747386217117	0.9057028293609619	1.2629835737243411e-06	8.525739758624695e-08	False
29	0.12999999523162842	1.0184917449951172	0.08560799062252045	0.9328829050064087	7.612794092892727e-07	6.445715428071708e-08	False
29	0.11999999731779099	0.984100341796875	0.07838644832372665	0.9057126045227051	1.2626535408344353e-06	8.519364769199456e-08	False
29	0.125	1.018359661102295	0.08557280153036118	0.9327859878540039	7.627157856404665e-07	6.430474996932389e-08	False
29	0.125	0.9839959740638733	0.07834701985120773	0.9056476354598999	1.2637608506338438e-06	8.54180868259391e-08	False
29	0.125	1.0184276103973389	0.08558116108179092	0.9328456521034241	7.626123306181398e-07	6.425980814128707e-08	False
29	0.11500000208616257	0.9842727780342102	0.07840951532125473	0.9058619737625122	1.2644308071685373e-06	8.582100008425186e-08	False
29	0.12999999523162842	1.0183345079421997	0.08554738759994507	0.9327863454818726	7.651073019587784e-07	6.431329779843509e-08	False
29	0.11999999731779099	0.9840841889381409	0.07837015390396118	0.9057127237319946	1.267503193957964e-06	8.5428794704967e-08	False
29	0.12250000238418579	1.0185096263885498	0.08561248332262039	0.9328962564468384	7.625426974300353e-07	6.431986321331351e-08	False
29	0.11999999731779099	0.9842959046363831	0.07843685895204544	0.9058577418327332	1.2667622968365322e-06	8.592289191255986e-08	False
29	0.125	1.0184955596923828	0.0856143981218338	0.9328802824020386	7.600078220093565e-07	6.438159516619635e-08	False
29	0.12250000238418579	0.9842886924743652	0.07843730598688126	0.9058500528335571	1.2638952284760308e-06	8.542907181663395e-08	False
29	0.12999999523162842	1.0184131860733032	0.08554714173078537	0.9328652620315552	7.613079446855409e-07	6.417430853389305e-08	False
29	0.125	0.9840428829193115	0.07835442572832108	0.905687153339386	1.268655637431948e-06	8.546245311435996e-08	False
30	0.125	0.8665891885757446	0.03783823922276497	0.8287460207939148	4.901244665234117e-06	7.129528967197984e-08	False
30	0.12250000238418579	0.837666928768158	0.03446624055504799	0.8031917214393616	8.828548743622378e-06	9.000221012911425e-08	False
30	0.125	0.8665019273757935	0.03782409802079201	0.8286728262901306	4.932068350171903e-06	7.128569734504708e-08	False
30	0.12250000238418579	0.8380826711654663	0.03452479466795921	0.8035491108894348	8.731910384085495e-06	8.923692718099119e-08	False
30	0.12250000238418579	0.866443395614624	0.03783088177442551	0.8286075592041016	4.913271368423011e-06	7.152257097686743e-08	False
30	0.11999999731779099	0.8381727337837219	0.03453304246068001	0.8036309480667114	8.711059308552649e-06	8.919348459812682e-08	False
30	0.125	0.866419792175293	0.03781132772564888	0.8286034464836121	4.922979769617086e-06	7.125356660253601e-08	False
30	0.12250000238418579	0.8379256725311279	0.03450292348861694	0.8034138679504395	8.759966476645786e-06	8.955193209203571e-08	False
30	0.125	0.8663095831871033	0.03780088201165199	0.8285036683082581	4.937796347803669e-06	7.142578795082954e-08	False
30	0.11749999970197678	0.8380182385444641	0.03450772538781166	0.8035016655921936	8.76640660862904e-06	8.92251108552955e-08	False
30	0.125	0.8662956953048706	0.03780454397201538	0.8284861445426941	4.9377786126569845e-06	7.148401692802508e-08	False
30	0.11999999731779099	0.8378938436508179	0.034500930458307266	0.803384006023407	8.771502507443074e-06	8.970962994681031e-08	False
30	0.13500000536441803	0.8662670850753784	0.03780515864491463	0.8284569382667542	4.950986749463482e-06	7.139190216776115e-08	False
30	0.11999999731779099	0.837837815284729	0.03447427600622177	0.8033546805381775	8.788396371528506e-06	8.987056787645997e-08	False
30	0.12250000238418579	0.8664214015007019	0.03781900182366371	0.828597366809845	4.919851562590338e-06	7.135012936032581e-08	False
30	0.125	0.8379324078559875	0.034490060061216354	0.8034334778785706	8.781033102422953e-06	8.951040086913054e-08	False
30	0.125	0.8662481904029846	0.037804607301950455	0.8284385800361633	4.928330326947616e-06	7.137607127560841e-08	False
30	0.11749999970197678	0.838020920753479	0.034510206431150436	0.8035019040107727	8.719277502677869e-06	8.94431053666267e-08	False
30	0.12250000238418579	0.8663878440856934	0.03782147914171219	0.8285613656044006	4.934027856506873e-06	7.129774814984557e-08	False
30	0.12250000238418579	0.8379576206207275	0.03450891375541687	0.8034399151802063	8.747155334276613e-06	8.939717588418716e-08	False
30	0.1274999976158142	0.8663482069969177	0.03780866786837578	0.8285345435142517	4.9432055675424635e-06	7.132337742632444e-08	False
30	0.11500000208616257	0.8377029299736023	0.034476980566978455	0.8032169938087463	8.82541553437477e-06	8.969968234850967e-08	False
30	0.13249999284744263	0.8663305640220642	0.03781047835946083	0.8285150527954102	4.935270226269495e-06	7.14691168468562e-08	False
30	0.11999999731779099	0.8379956483840942	0.03450995683670044	0.803476870059967	8.72164309839718e-06	8.955456820558538e-08	False
30	0.125	0.866289496421814	0.037801388651132584	0.8284831047058105	4.947542493027868e-06	7.145773395222932e-08	False
30	0.12250000238418579	0.8378612995147705	0.03449530899524689	0.8033571839332581	8.770062777330168e-06	8.936330431197348e-08	False
30	0.13249999284744263	0.8664199113845825	0.0378197580575943	0.8285951614379883	4.9378377298126e-06	7.164194215647512e-08	False
30	0.125	0.8379571437835693	0.034484636038541794	0.8034636378288269	8.779064955888316e-06	8.969504250444515e-08	False
30	0.12250000238418579	0.8665390610694885	0.037839002907276154	0.8286951184272766	4.9158616093336605e-06	7.122191902908526e-08	False
30	0.125	0.8378163576126099	0.0344717800617218	0.8033356070518494	8.809522114461288e-06	8.969750808773824e-08	False
31	0.11999999731779099	0.7386044263839722	0.15276408195495605	0.5858402252197266	1.0852117782178539e-07	1.695872953177968e-08	False
31	0.125	0.7629964351654053	0.13577546179294586	0.6272208094596863	2.040135029801604e-07	2.244926200489772e-08	False
31	0.125	0.7384452223777771	0.15261302888393402	0.5858320593833923	1.0843683639905066e-07	1.6906300359664783e-08	False
31	0.12250000238418579	0.7634091377258301	0.13588841259479523	0.6275205612182617	2.044310747351119e-07	2.252268238578381e-08	False
31	0.125	0.7384343147277832	0.1528378427028656	0.5855963826179504	1.0836282626769389e-07	1.6925786994193004e-08	False
31	0.11999999731779099	0.7633662223815918	0.1356961876153946	0.6276698708534241	2.0426558933195338e-07	2.2552796963282162e-08	False
31	0.125	0.738682746887207	0.15309089422225952	0.585591733455658	1.0812671291660081e-07	1.6970361116364074e-08	False
31	0.12250000238418579	0.7633077502250671	0.13567177951335907	0.6276357769966125	2.0492714725151018e-07	2.2532509191819372e-08	False
31	0.125	0.738434910774231	0.1527320146560669	0.5857027769088745	1.0863934107874229e-07	1.69457052834332e-08	False
31	0.11999999731779099	0.7632113099098206	0.13579601049423218	0.627415120601654	2.0534656641757465e-07	2.2576003289032087e-08	False
31	0.125	0.7382790446281433	0.15267878770828247	0.5856001377105713	1.0851633902575486e-07	1.695025986236942e-08	False
31	0.125	0.7631427049636841	0.1358402818441391	0.6273022294044495	2.0447600945772137e-07	2.2554189627044252e-08	False
31	0.125	0.738479495048523	0.15294992923736572	0.5855294466018677	1.0818049389627049e-07	1.6924278867236353e-08	False
31	0.12250000238418579	0.7633834481239319	0.13584838807582855	0.6275348663330078	2.0527448896245915e-07	2.2587107295635178e-08	False
31	0.13249999284744263	0.73819899559021	0.15266478061676025	0.5855340957641602	1.0830947871909302e-07	1.693133633295929e-08	False
31	0.12250000238418579	0.7631650567054749	0.13580982387065887	0.6273550391197205	2.0413470736002637e-07	2.2431237312048324e-08	False
31	0.11999999731779099	0.7386608123779297	0.15294884145259857	0.5857118368148804	1.0824586382796042e-07	1.6939026181717054e-08	False
31	0.11999999731779099	0.7634282112121582	0.13570760190486908	0.6277204155921936	2.0540605305541249e-07	2.2513276576319186e-08	False
31	0.1274999976158142	0.7388001680374146	0.15288867056369781	0.5859113931655884	1.0813256778874347e-07	1.6916182232762367e-08	False
31	0.11749999970197678	0.7637706398963928	0.1359655261039734	0.6278049349784851	2.0456468519114424e-07	2.2675935795746227e-08	False
31	0.125	0.7381706237792969	0.152653768658638	0.5855167508125305	1.0883861989441357e-07	1.695354967523599e-08	False
31	0.11500000208616257	0.7633616328239441	0.13576604425907135	0.6275954246520996	2.0417417090357048e-07	2.2493530593692412e-08	False
31	0.12250000238418579	0.738409161567688	0.15281833708286285	0.5855907201766968	1.0829027274894543e-07	1.695269169488256e-08	False
31	0.11999999731779099	0.763639509677887	0.13603177666664124	0.6276075839996338	2.047211324907039e-07	2.2529512477831304e-08	False
31	0.125	0.7382537126541138	0.15301260352134705	0.5852409601211548	1.0815707440769984e-07	1.687977579933886e-08	False
31	0.125	0.7634022831916809	0.13574209809303284	0.6276600360870361	2.0515641097063053e-07	2.2554306866595653e-08	False
31	0.12250000238418579	0.7384819388389587	0.15280510485172272	0.5856767296791077	1.0838625996711926e-07	1.689469897314666e-08	False
31	0.12250000238418579	0.7635745406150818	0.13583077490329742	0.6277436017990112	2.0447409099233482e-07	2.2494230478287136e-08	False
31	0.11999999731779099	0.7382256388664246	0.15284566581249237	0.5853798389434814	1.0831290353507939e-07	1.6899903698686103e-08	False
31	0.11749999970197678	0.7633959650993347	0.13579432666301727	0.6276014447212219	2.045053832944177e-07	2.247520392018032e-08	False
32	0.11999999731779099	1.139788031578064	0.3849455416202545	0.7548425197601318	2.8594932643954962e-08	9.20750586885788e-09	False
32	0.11500000208616257	1.1394085884094238	0.35629981756210327	0.7831087112426758	4.5926942249252534e-08	1.1342455863427858e-08	False
32	0.11999999731779099	1.1400505304336548	0.3849949538707733	0.7550556063652039	2.8512623373444512e-08	9.196482686490981e-09	False
32	0.125	1.1389787197113037	0.35595184564590454	0.783026933670044	4.604862624546513e-08	1.1342464745212055e-08	False
32	0.12250000238418579	1.1406171321868896	0.3853403925895691	0.7552767395973206	2.837357548912678e-08	9.223370511790563e-09	False
32	0.12250000238418579	1.139483094215393	0.35617098212242126	0.7833121418952942	4.559623789646139e-08	1.1292001111939953e-08	False
32	0.12999999523162842	1.1404279470443726	0.3853597342967987	0.7550682425498962	2.8505027671599237e-08	9.233483311277269e-09	False
32	0.11999999731779099	1.1393537521362305	0.35615766048431396	0.7831960320472717	4.585805513102059e-08	1.1329277072036348e-08	False
32	0.125	1.1400989294052124	0.3850662112236023	0.7550327181816101	2.8505217741781053e-08	9.217517416004739e-09	False
32	0.11999999731779099	1.139410138130188	0.3560062348842621	0.7834038734436035	4.579788281944275e-08	1.1304841507353558e-08	False
32	0.125	1.1400761604309082	0.3850667476654053	0.7550094127655029	2.8416380359885807e-08	9.213430018917279e-09	False
32	0.11749999970197678	1.139385461807251	0.3561110198497772	0.7832744121551514	4.571883138737576e-08	1.1286668488708074e-08	False
32	0.11999999731779099	1.1403449773788452	0.3849239647388458	0.755420982837677	2.840840807039058e-08	9.208171114494235e-09	False
32	0.12250000238418579	1.1390215158462524	0.3557260036468506	0.7832955121994019	4.6078319826392544e-08	1.129911897379543e-08	False
32	0.125	1.1400625705718994	0.38499122858047485	0.7550712823867798	2.8512523897461506e-08	9.172506310051176e-09	False
32	0.125	1.1393601894378662	0.35576337575912476	0.7835968136787415	4.5974417162142345e-08	1.1299945867904171e-08	False
32	0.125	1.1400299072265625	0.3849794268608093	0.7550504803657532	2.849651892233851e-08	9.232449471596738e-09	False
32	0.11999999731779099	1.139169692993164	0.3560664653778076	0.7831031680107117	4.588599722410436e-08	1.1328117999198639e-08	False
32	0.125	1.1402140855789185	0.3851830065250397	0.7550311088562012	2.8510601879361275e-08	9.227602681960434e-09	False
32	0.12250000238418579	1.139252781867981	0.355754017829895	0.7834987640380859	4.6035310674596985e-08	1.1290345547365632e-08	False
32	0.12999999523162842	1.140486240386963	0.3852372467517853	0.7552490234375	2.862603487585602e-08	9.266527101203792e-09	False
32	0.125	1.1392675638198853	0.35600829124450684	0.7832592725753784	4.614249249357272e-08	1.1385818510234458e-08	False
32	0.12999999523162842	1.1402684450149536	0.38529083132743835	0.7549776434898376	2.8517440853192966e-08	9.24461396323295e-09	False
32	0.12250000238418579	1.1396064758300781	0.3562406897544861	0.783365786075592	4.593172064915052e-08	1.131724314262783e-08	False
32	0.125	1.1395313739776611	0.3845428228378296	0.7549884915351868	2.8605555257854576e-08	9.244623733195567e-09	False
32	0.11249999701976776	1.139565348625183	0.355856716632843	0.7837086319923401	4.592784819124063e-08	1.1340048899910471e-08	False
32	0.125	1.140099287033081	0.38510435819625854	0.7549949884414673	2.851980163143253e-08	9.240775256103007e-09	False
32	0.1274999976158142	1.1394755840301514	0.3562707304954529	0.7832049131393433	4.582791746088333e-08	1.1340250516411743e-08	False
32	0.11749999970197678	1.1401028633117676	0.3847680389881134	0.7553348541259766	2.8555138698038718e-08	9.21209242221721e-09	False
32	0.12250000238418579	1.1394140720367432	0.3561517596244812	0.783262312412262	4.587216650975279e-08	1.1304427616209978e-08	False
33	0.12250000238418579	0.9272362589836121	0.18049652874469757	0.7467397451400757	2.3614509458980137e-08	9.974743697682698e-09	False
33	0.11749999970197678	0.927490770816803	0.17804336547851562	0.7494474053382874	2.500430795748798e-08	1.0211635981249856e-08	False
33	0.12250000238418579	0.9273815155029297	0.18047185242176056	0.7469096779823303	2.3613750954609714e-08	9.961879321451761e-09	False
33	0.12250000238418579	0.9274337291717529	0.1780492514371872	0.7493844628334045	2.499415074908029e-08	1.0200059463727484e-08	False
33	0.12250000238418579	0.927463948726654	0.1804126352071762	0.7470512986183167	2.360978790250101e-08	9.99416460700786e-09	False
33	0.11500000208616257	0.9273359775543213	0.17803870141506195	0.7492972612380981	2.5037891759893682e-08	1.0200358779854923e-08	False
33	0.12250000238418579	0.927345871925354	0.1805141270160675	0.7468317151069641	2.3595385201247154e-08	9.976331760697121e-09	False
33	0.125	0.9275159239768982	0.17806625366210938	0.7494496703147888	2.502966722772726e-08	1.02113268951598e-08	False
33	0.125	0.9274713397026062	0.18036840856075287	0.7471029162406921	2.3674695981412697e-08	9.99437332893649e-09	False
33	0.125	0.9276093244552612	0.17799559235572815	0.7496137619018555	2.502693874362194e-08	1.0225452484746711e-08	False
33	0.125	0.9272496700286865	0.18050068616867065	0.7467489838600159	2.3592420461682195e-08	9.97251348167083e-09	False
33	0.125	0.9275256395339966	0.178134486079216	0.7493911385536194	2.493283801641155e-08	1.0195203792306984e-08	False
33	0.12250000238418579	0.9274351596832275	0.18044081330299377	0.7469943761825562	2.364598472581747e-08	9.982016102583202e-09	False
33	0.125	0.9274526834487915	0.1780661642551422	0.7493865489959717	2.502125795444954e-08	1.0217451773542052e-08	False
33	0.125	0.9274808168411255	0.18046419322490692	0.7470166087150574	2.359685069563966e-08	9.988860405485411e-09	False
33	0.125	0.9274250268936157	0.17809392511844635	0.7493311166763306	2.5018598748260956e-08	1.0201892663985745e-08	False
33	0.12250000238418579	0.9272652268409729	0.1804487258195877	0.7468165159225464	2.3591171682824097e-08	9.969888026262197e-09	False
33	0.12250000238418579	0.9275258779525757	0.1781373918056488	0.7493884563446045	2.4972454326643856e-08	1.0206098188803026e-08	False
33	0.125	0.9273725152015686	0.18039639294147491	0.7469761371612549	2.3637657164954362e-08	9.988028182306152e-09	False
33	0.125	0.9274198412895203	0.17805804312229156	0.7493618130683899	2.4989361691041267e-08	1.020800777240538e-08	False
33	0.125	0.9272516965866089	0.18053089082241058	0.7467207908630371	2.3577555907650094e-08	9.966391267823838e-09	False
33	0.11749999970197678	0.9275381565093994	0.178061380982399	0.7494767904281616	2.5022597327506446e-08	1.0224011859349957e-08	False
33	0.1274999976158142	0.9272701740264893	0.18052364885807037	0.7467465400695801	2.3550132510763433e-08	9.977322079635087e-09	False
33	0.11999999731779099	0.9275128245353699	0.17803744971752167	0.749475359916687	2.5011907212046935e-08	1.0217356738451144e-08	False
33	0.1274999976158142	0.9272888898849487	0.18050913512706757	0.74677973985672	2.3583202946042547e-08	9.967174641190013e-09	False
33	0.12250000238418579	0.9276263117790222	0.17803168296813965	0.7495946288108826	2.5008215942534662e-08	1.022859574817403e-08	False
33	0.125	0.9272530674934387	0.18046025931835175	0.7467927932739258	2.3620849276539957e-08	9.97437954453062e-09	False
33	0.12999999523162842	0.9278484582901001	0.17800594866275787	0.7498425245285034	2.5048377594316662e-08	1.0242541925720161e-08	False
33	0.12250000238418579	0.9273984432220459	0.18045569956302643	0.7469427585601807	2.3633850432247527e-08	9.991580007806533e-09	False
33	0.11749999970197678	0.9273738861083984	0.17802269756793976	0.7493512034416199	2.4981432034110185e-08	1.0215480017450318e-08	False
34	0.125	0.40278932452201843	0.04811929166316986	0.3546700179576874	2.244247632177121e-08	1.1114738462936202e-08	False
34	0.12250000238418579	0.40467962622642517	0.047036848962306976	0.3576427400112152	2.4993713765297798e-08	1.1681861700196805e-08	False
34	0.12250000238418579	0.40264278650283813	0.048108648508787155	0.3545341193675995	2.241981533757098e-08	1.1151119139185539e-08	False
34	0.11999999731779099	0.4046250879764557	0.04703741893172264	0.35758763551712036	2.4956161581712877e-08	1.1646288378130976e-08	False
34	0.12250000238418579	0.40268462896347046	0.04812226817011833	0.35456234216690063	2.2460906023979987e-08	1.1139411171257052e-08	False
34	0.12250000238418579	0.404685914516449	0.04702572897076607	0.3576601445674896	2.49174121336182e-08	1.1651764886266847e-08	False
34	0.125	0.4026276469230652	0.04814537614583969	0.3544822335243225	2.239795726666216e-08	1.1083425732749674e-08	False
34	0.125	0.4046105146408081	0.04698295518755913	0.3576275408267975	2.4917493846032812e-08	1.1656083209743429e-08	False
34	0.125	0.40268707275390625	0.048109591007232666	0.3545774519443512	2.244819441443724e-08	1.1140530276065874e-08	False
34	0.12250000238418579	0.404838502407074	0.04704568535089493	0.35779279470443726	2.491714212737861e-08	1.1635313157398741e-08	False
34	0.12999999523162842	0.40259066224098206	0.04811926186084747	0.3544713854789734	2.242559205001271e-08	1.111720582258613e-08	False
34	0.11999999731779099	0.4047444760799408	0.04705926030874252	0.3576851785182953	2.4955753019639815e-08	1.1653565223923579e-08	False
34	0.125	0.4025498330593109	0.04810928553342819	0.35444051027297974	2.2477850691871026e-08	1.1139887234890011e-08	False
34	0.11749999970197678	0.4046275019645691	0.04699840024113655	0.35762906074523926	2.5014315951921162e-08	1.1646856812319584e-08	False
34	0.11999999731779099	0.4026491940021515	0.048126984387636185	0.354522168636322	2.2446050351732083e-08	1.110304559404085e-08	False
34	0.12250000238418579	0.40466025471687317	0.04703225940465927	0.3576279580593109	2.4963384248621878e-08	1.1651646758537026e-08	False
34	0.12250000238418579	0.4027460813522339	0.04813465476036072	0.3546113967895508	2.241495877797206e-08	1.110757974487342e-08	False
34	0.125	0.404802531003952	0.04703618213534355	0.357766330242157	2.4890589145343256e-08	1.1637070862491328e-08	False
34	0.11999999731779099	0.40264013409614563	0.048144303262233734	0.3544957935810089	2.2475013849998504e-08	1.1093491458780136e-08	False
34	0.12250000238418579	0.4048311114311218	0.04703310504555702	0.3577979803085327	2.4963448197468097e-08	1.1668801924713534e-08	False
34	0.125	0.402700811624527	0.04811956733465195	0.35458120703697205	2.232495432963333e-08	1.112330316743737e-08	False
34	0.11999999731779099	0.404823899269104	0.047032419592142105	0.3577914535999298	2.4972788281729663e-08	1.16610276990059e-08	False
34	0.125	0.40270256996154785	0.048132602125406265	0.3545699417591095	2.2389265552646975e-08	1.1088241436141288e-08	False
34	0.125	0.4047684669494629	0.04703005030751228	0.3577383756637573	2.4961053668448585e-08	1.166230045868133e-08	False
34	0.125	0.4025856852531433	0.04813637211918831	0.3544492721557617	2.2486268846932944e-08	1.1115786513471448e-08	False
34	0.11249999701976776	0.40488919615745544	0.04704207926988602	0.35784709453582764	2.4886862348694194e-08	1.1612070416333609e-08	False
34	0.13249999284744263	0.40273264050483704	0.048091720789670944	0.3546409010887146	2.2424218926175854e-08	1.1147278655698756e-08	False
34	0.12250000238418579	0.404829204082489	0.04701707139611244	0.3578121066093445	2.5005014947510062e-08	1.1682821821068501e-08	False
34	0.125	0.40260201692581177	0.04809903725981712	0.35450294613838196	2.242058982915296e-08	1.1135231403613943e-08	False
34	0.11749999970197678	0.4047378599643707	0.047054748982191086	0.35768309235572815	2.4938280773767474e-08	1.1647916409174286e-08	False
35	0.11999999731779099	0.9575833082199097	0.5308873653411865	0.42669591307640076	2.0523167165720224e-08	1.2636220958484046e-08	False
35	0.12250000238418579	0.9594816565513611	0.5319031476974487	0.42757850885391235	2.0397525446469444e-08	1.2629583601153627e-08	False
35	0.11500000208616257	0.9575972557067871	0.5309467911720276	0.4266504943370819	2.0469180128657172e-08	1.2577964447757495e-08	False
35	0.125	0.9592161178588867	0.5317479968070984	0.42746809124946594	2.0342019624308705e-08	1.2625833711865653e-08	False
35	0.12250000238418579	0.9570436477661133	0.5307502150535583	0.42629343271255493	2.051571534877894e-08	1.2540268379268582e-08	False
35	0.11999999731779099	0.9590505361557007	0.531677782535553	0.4273727536201477	2.027450207719994e-08	1.2583337039018261e-08	False
35	0.12250000238418579	0.9569268822669983	0.5305476188659668	0.4263792634010315	2.0608812434375068e-08	1.2619817191250604e-08	False
35	0.125	0.9598332643508911	0.532126247882843	0.4277070164680481	2.027305079366215e-08	1.262735249696334e-08	False
35	0.12250000238418579	0.9576518535614014	0.5309813618659973	0.42667046189308167	2.0485220630916956e-08	1.2566386153878284e-08	False
35	0.11999999731779099	0.9597084522247314	0.5320504307746887	0.4276580512523651	2.041021218701644e-08	1.267856220010799e-08	False
35	0.125	0.9577362537384033	0.5310617089271545	0.42667457461357117	2.0523255983562194e-08	1.254859682831011e-08	False
35	0.11999999731779099	0.9595665335655212	0.5318948030471802	0.42767173051834106	2.040950164428068e-08	1.2721222297784607e-08	False
35	0.12250000238418579	0.9574050903320312	0.530949056148529	0.4264560639858246	2.061704407196885e-08	1.2576797381314009e-08	False
35	0.11999999731779099	0.9598520994186401	0.5320910811424255	0.4277610182762146	2.038820667848995e-08	1.2692174422568314e-08	False
35	0.12250000238418579	0.9574877023696899	0.530897319316864	0.42659035325050354	2.057267600719115e-08	1.2568015073100014e-08	False
35	0.125	0.9595509767532349	0.5319266319274902	0.42762431502342224	2.0324785410252844e-08	1.2659567616424283e-08	False
35	0.12250000238418579	0.9570132493972778	0.5306269526481628	0.4263862669467926	2.0639950193412915e-08	1.25821530971848e-08	False
35	0.11999999731779099	0.9595312476158142	0.5319699048995972	0.42756134271621704	2.0404426592790514e-08	1.2648074587673364e-08	False
35	0.11999999731779099	0.9574973583221436	0.5308853983879089	0.42661193013191223	2.056749082157694e-08	1.2585557485067511e-08	False
35	0.125	0.9595026969909668	0.5319206714630127	0.4275820255279541	2.0300705116937934e-08	1.262362037124376e-08	False
35	0.12250000238418579	0.9570556879043579	0.5306724905967712	0.4263831675052643	2.0480372953102233e-08	1.2536237825599983e-08	False
35	0.11999999731779099	0.9594513177871704	0.5319107174873352	0.4275406002998352	2.0411377477103088e-08	1.263389926009495e-08	False
35	0.11749999970197678	0.9577597379684448	0.5310370326042175	0.4267226755619049	2.0540543488323237e-08	1.2581757857788034e-08	False
35	0.11999999731779099	0.9591726064682007	0.5317090749740601	0.4274635314941406	2.03641246088182e-08	1.2629611134684637e-08	False
35	0.11999999731779099	0.9570615887641907	0.5306692719459534	0.4263923168182373	2.0501339292877674e-08	1.253565340419982e-08	False
35	0.12250000238418579	0.9592411518096924	0.5317608714103699	0.4274802505970001	2.0370075404230192e-08	1.2627467071979481e-08	False
35	0.11999999731779099	0.9573264122009277	0.530851423740387	0.4264749586582184	2.0506702114175823e-08	1.252469505885756e-08	False
35	0.11749999970197678	0.9599146842956543	0.5321258306503296	0.4277888536453247	2.0430130476256636e-08	1.2685697825531861e-08	False
35	0.12250000238418579	0.9573405385017395	0.5308099389076233	0.4265305995941162	2.044824576330484e-08	1.2555223527499493e-08	False
35	0.125	0.9592604637145996	0.5317580699920654	0.4275023639202118	2.0364710806575204e-08	1.264337345929789e-08	False
36	0.125	1.179478406906128	0.6558330059051514	0.5236453413963318	3.1365864572308055e-08	2.079160843493355e-08	False
36	0.11500000208616257	1.1787573099136353	0.6552844643592834	0.5234728455543518	3.092930356274337e-08	2.0419593127485314e-08	False
36	0.11999999731779099	1.1789770126342773	0.6554869413375854	0.5234900712966919	3.1393025068382485e-08	2.083455186152605e-08	False
36	0.11999999731779099	1.1788030862808228	0.6551759243011475	0.5236271619796753	3.1012962864451765e-08	2.0534915989856017e-08	False
36	0.12250000238418579	1.1790558099746704	0.6555837392807007	0.5234720706939697	3.144650051467579e-08	2.0891208762918723e-08	False
36	0.11999999731779099	1.178741455078125	0.6551141738891602	0.5236273407936096	3.1020544355442325e-08	2.0529922650780463e-08	False
36	0.11999999731779099	1.1792986392974854	0.6557043790817261	0.5235942602157593	3.1319984827860026e-08	2.0756743879246642e-08	False
36	0.12250000238418579	1.1785238981246948	0.6551404595375061	0.5233834385871887	3.076335985952028e-08	2.0294987024271904e-08	False
36	0.11500000208616257	1.1792653799057007	0.6557628512382507	0.52350252866745	3.145654403624576e-08	2.087563899522138e-08	False
36	0.11999999731779099	1.178964614868164	0.6552536487579346	0.5237110257148743	3.098279677260507e-08	2.0501092379276997e-08	False
36	0.125	1.1792998313903809	0.6555636525154114	0.5237361788749695	3.152797489747172e-08	2.0982954040960067e-08	False
36	0.11999999731779099	1.1783778667449951	0.6552531719207764	0.5231247544288635	3.084236865902312e-08	2.0335322759024166e-08	False
36	0.12250000238418579	1.1793222427368164	0.6555931568145752	0.5237290859222412	3.1495211771925824e-08	2.0964202818163358e-08	False
36	0.12250000238418579	1.178764820098877	0.6551663875579834	0.5235984921455383	3.0940430661985374e-08	2.048180469671479e-08	False
36	0.12250000238418579	1.1788270473480225	0.6554373502731323	0.5233897566795349	3.1395391175692566e-08	2.0900866815054542e-08	False
36	0.125	1.1787490844726562	0.6551657915115356	0.5235832333564758	3.0933914985098454e-08	2.0445412474145996e-08	False
36	0.11749999970197678	1.1793410778045654	0.6556252837181091	0.5237157344818115	3.143848203990274e-08	2.0851254944886932e-08	False
36	0.12250000238418579	1.1790003776550293	0.6553536653518677	0.5236467719078064	3.08628678169498e-08	2.036350466028125e-08	False
36	0.12250000238418579	1.1790940761566162	0.6556758284568787	0.5234181880950928	3.131046000248716e-08	2.0729890692905428e-08	False
36	0.12250000238418579	1.1786013841629028	0.6551263928413391	0.5234749913215637	3.084137034647938e-08	2.0406815792739508e-08	False
36	0.11999999731779099	1.1793222427368164	0.6555454730987549	0.5237767100334167	3.145126470371906e-08	2.0910718490085856e-08	False
36	0.125	1.178663730621338	0.6552276611328125	0.5234361290931702	3.085673228042651e-08	2.0333571271180517e-08	False
36	0.11749999970197678	1.1791272163391113	0.6556950807571411	0.5234321355819702	3.153384753318278e-08	2.1002824368565598e-08	False
36	0.12250000238418579	1.178858995437622	0.6551118493080139	0.5237470865249634	3.08791072711756e-08	2.0403144063152467e-08	False
36	0.11999999731779099	1.1791388988494873	0.6555242538452148	0.5236146450042725	3.13623544911934e-08	2.086026995584689e-08	False
36	0.11999999731779099	1.178664207458496	0.6551458835601807	0.5235183238983154	3.1006948120193556e-08	2.0519397736507017e-08	False
36	0.125	1.1793601512908936	0.6555334329605103	0.5238266587257385	3.1583056170347845e-08	2.1046821174763863e-08	False
36	0.11500000208616257	1.1787409782409668	0.6551180481910706	0.5236229300498962	3.090588052145904e-08	2.04449843721477e-08	False
36	0.11999999731779099	1.1789538860321045	0.6555240154266357	0.5234298706054688	3.141508031490048e-08	2.0885730478426012e-08	False
36	0.125	1.1789631843566895	0.6550719141960144	0.523891270160675	3.109931157041501e-08	2.0723113891563116e-08	False
37	0.12250000238418579	1.234463095664978	0.8396000266075134	0.3948630392551422	2.1607608147178325e-08	1.3233690587810543e-08	False
37	0.11999999731779099	1.2560477256774902	0.8449103236198425	0.4111374318599701	3.030907791412574e-08	1.701912388796245e-08	False
37	0.11749999970197678	1.2341657876968384	0.8397996425628662	0.3943661153316498	2.1604845912293058e-08	1.324957388249004e-08	False
37	0.11749999970197678	1.2556109428405762	0.8449241518974304	0.41068682074546814	3.035376394677769e-08	1.701471319393022e-08	False
37	0.125	1.2346371412277222	0.8397810459136963	0.3948560655117035	2.1607570843684698e-08	1.324347387310354e-08	False
37	0.12250000238418579	1.2550551891326904	0.844403088092804	0.41065213084220886	3.028726780485158e-08	1.696752960356207e-08	False
37	0.12999999523162842	1.2346426248550415	0.8399664759635925	0.39467617869377136	2.1610123468462916e-08	1.325685783371e-08	False
37	0.11999999731779099	1.255889892578125	0.8449634909629822	0.41092637181282043	3.046921648319767e-08	1.7099445415169612e-08	False
37	0.12250000238418579	1.2342549562454224	0.8396895527839661	0.3945654034614563	2.161579537585112e-08	1.322226594879794e-08	False
37	0.125	1.2555654048919678	0.8440601825714111	0.41150525212287903	3.024509354077054e-08	1.6925731927130983e-08	False
37	0.12250000238418579	1.2342170476913452	0.8391172289848328	0.39509981870651245	2.1555067064582545e-08	1.3152147815276294e-08	False
37	0.12250000238418579	1.2553563117980957	0.844573974609375	0.4107823371887207	3.0397703909557094e-08	1.7017782738548703e-08	False
37	0.12250000238418579	1.2345807552337646	0.8394990563392639	0.39508169889450073	2.1556843421421945e-08	1.318319853282901e-08	False
37	0.11999999731779099	1.2556040287017822	0.8447652459144592	0.410838782787323	3.0343795032194976e-08	1.7065797663917692e-08	False
37	0.1274999976158142	1.2345142364501953	0.839840829372406	0.3946734070777893	2.159426948367127e-08	1.3260043729701465e-08	False
37	0.125	1.256234049797058	0.8448850512504578	0.41134902834892273	3.039070151089618e-08	1.707821262186826e-08	False
37	0.125	1.2341370582580566	0.8398739695549011	0.3942631483078003	2.1565078611729405e-08	1.3211225002862648e-08	False
37	0.11999999731779099	1.256013035774231	0.844641387462616	0.4113716781139374	3.032663897784005e-08	1.7010430397590426e-08	False
37	0.125	1.2341450452804565	0.839695930480957	0.3944490849971771	2.1641826108975692e-08	1.326497578446606e-08	False
37	0.11249999701976776	1.2563128471374512	0.8449162840843201	0.4113966226577759	3.028964812301638e-08	1.7030981069865447e-08	False
37	0.12250000238418579	1.2342023849487305	0.8397647738456726	0.39443767070770264	2.168602009078313e-08	1.3262185127871362e-08	False
37	0.12250000238418579	1.2559950351715088	0.844832181930542	0.4111628234386444	3.0304875053843716e-08	1.7048817468889865e-08	False
37	0.125	1.2343581914901733	0.8396077752113342	0.3947504460811615	2.1694360086144115e-08	1.3261884035387084e-08	False
37	0.125	1.2559120655059814	0.8446190357208252	0.41129305958747864	3.0416391183507585e-08	1.7107188554632557e-08	False
37	0.12250000238418579	1.2343332767486572	0.8398427367210388	0.3944905400276184	2.1673658423537745e-08	1.3249623620481543e-08	False
37	0.125	1.2556633949279785	0.8447560667991638	0.4109072685241699	3.011306404232528e-08	1.694442808286567e-08	False
37	0.11999999731779099	1.2346539497375488	0.8396859765052795	0.3949679732322693	2.160288481434236e-08	1.322448639484719e-08	False
37	0.11749999970197678	1.2562482357025146	0.8454112410545349	0.4108370542526245	3.0399299077998876e-08	1.7063779722548134e-08	False
37	0.12250000238418579	1.2344646453857422	0.8399631381034851	0.3945014476776123	2.1622870605142452e-08	1.3285018418685013e-08	False
37	0.12250000238418579	1.2551476955413818	0.8448843359947205	0.410263329744339	3.0262143013715104e-08	1.6902037103250223e-08	False
38	0.125	1.3140225410461426	1.0372081995010376	0.27681440114974976	1.8361404841016338e-08	1.4476978726918333e-08	False
38	0.11749999970197678	1.3062297105789185	1.0321882963180542	0.27404141426086426	2.991590974943392e-08	2.226582829223389e-08	False
38	0.12250000238418579	1.3137531280517578	1.0369986295700073	0.2767545282840729	1.8252244160521514e-08	1.4390987956858226e-08	False
38	0.11249999701976776	1.3062427043914795	1.0314518213272095	0.2747909426689148	2.984889846402439e-08	2.213115735116844e-08	False
38	0.11999999731779099	1.3140202760696411	1.0366889238357544	0.2773313820362091	1.8232217513514115e-08	1.4346229093575857e-08	False
38	0.10999999940395355	1.3069572448730469	1.032429814338684	0.274527370929718	3.01039939643033e-08	2.2301748003883404e-08	False
38	0.11749999970197678	1.3138864040374756	1.0373784303665161	0.27650803327560425	1.8434453963322994e-08	1.4506985834827901e-08	False
38	0.12250000238418579	1.306362271308899	1.0320230722427368	0.2743392288684845	2.9925288913545955e-08	2.21482743256729e-08	False
38	0.12250000238418579	1.3138201236724854	1.0373426675796509	0.2764773964881897	1.841162955429354e-08	1.4496763789395573e-08	False
38	0.11749999970197678	1.3062362670898438	1.031437873840332	0.2747984230518341	2.978562108069127e-08	2.1928073579147167e-08	False
38	0.125	1.3138796091079712	1.0370843410491943	0.27679523825645447	1.8360667652927987e-08	1.448862807507112e-08	False
38	0.125	1.306490421295166	1.032150387763977	0.27434006333351135	2.998294235112553e-08	2.2361893670108657e-08	False
38	0.12250000238418579	1.3136996030807495	1.0367745161056519	0.27692505717277527	1.83276345211425e-08	1.4391194014251596e-08	False
38	0.11749999970197678	1.3068358898162842	1.031994342803955	0.2748415768146515	2.9718727034833137e-08	2.1932194727014576e-08	False
38	0.125	1.3137967586517334	1.0368411540985107	0.2769555449485779	1.8259202150261444e-08	1.4398414904803758e-08	False
38	0.11749999970197678	1.3071438074111938	1.0319874286651611	0.2751563489437103	2.972953083713037e-08	2.193529091698565e-08	False
38	0.125	1.3141463994979858	1.0374022722244263	0.27674412727355957	1.8325657435980247e-08	1.4423506833338706e-08	False
38	0.125	1.3071953058242798	1.0325053930282593	0.2746899127960205	2.9923604927262204e-08	2.2173413327664093e-08	False
38	0.125	1.3134183883666992	1.036355972290039	0.27706241607666016	1.8274002755447327e-08	1.4355419963862914e-08	False
38	0.11999999731779099	1.306497573852539	1.0320625305175781	0.27443501353263855	2.9798442824358062e-08	2.204754778745155e-08	False
38	0.11999999731779099	1.3135440349578857	1.0366145372390747	0.27692943811416626	1.8317255268129884e-08	1.4380228563481978e-08	False
38	0.125	1.306678295135498	1.0315299034118652	0.2751484215259552	2.983392732858192e-08	2.1969476904359908e-08	False
38	0.11999999731779099	1.3139421939849854	1.037031888961792	0.27691030502319336	1.8307959592789302e-08	1.4446886353880473e-08	False
38	0.125	1.3060938119888306	1.031602144241333	0.27449166774749756	3.003575699267458e-08	2.2195127513668922e-08	False
38	0.11999999731779099	1.3145018815994263	1.0369486808776855	0.27755317091941833	1.819376294065478e-08	1.4324413655231183e-08	False
38	0.11999999731779099	1.306685447692871	1.032252311706543	0.2744331657886505	3.0115533178332043e-08	2.2119854392599336e-08	False
38	0.11500000208616257	1.3140395879745483	1.0371241569519043	0.27691546082496643	1.8361237863473434e-08	1.4369313738882283e-08	False
38	0.11999999731779099	1.3063116073608398	1.0320022106170654	0.2743094563484192	3.0023745267726554e-08	2.227940143484375e-08	False
38	0.125	1.3140482902526855	1.0373783111572266	0.276669979095459	1.835998020283114e-08	1.4531788217198027e-08	False
38	0.12250000238418579	1.3063768148422241	1.032224416732788	0.27415236830711365	3.0019947416803916e-08	2.2443503056024383e-08	False
39	0.12250000238418579	1.1953312158584595	1.085000991821289	0.11033020913600922	1.2580773756099006e-08	2.7426272364294846e-09	False
39	0.12250000238418579	1.2034059762954712	1.0892202854156494	0.11418568342924118	1.0820561335833645e-08	2.217022343486974e-09	False
39	0.125	1.1970181465148926	1.0859203338623047	0.11109784990549088	1.207742705844339e-08	2.592721370930917e-09	False
39	0.125	1.2062941789627075	1.090453863143921	0.11584028601646423	1.0236766101456851e-08	2.0276440526600936e-09	False
39	0.12250000238418579	1.1966677904129028	1.085776448249817	0.11089138686656952	1.2231257784378613e-08	2.6189304058732432e-09	False
39	0.125	1.2042607069015503	1.089583396911621	0.1146773248910904	1.0598043331810914e-08	2.1436206143476966e-09	False
39	0.11999999731779099	1.1959426403045654	1.0853663682937622	0.11057627946138382	1.2395050319469192e-08	2.7082078801754506e-09	False
39	0.11500000208616257	1.205897569656372	1.0905485153198242	0.11534909904003143	1.0404031414168458e-08	2.079394878506946e-09	False
39	0.12250000238418579	1.195825219154358	1.0851329565048218	0.11069227010011673	1.24475114660072e-08	2.6964583899058425e-09	False
39	0.12250000238418579	1.204971432685852	1.090061902999878	0.11490951478481293	1.0559186414127453e-08	2.1270996075628545e-09	False
39	0.12250000238418579	1.195743203163147	1.0851153135299683	0.11062789708375931	1.2411398131462192e-08	2.686723954425929e-09	False
39	0.12250000238418579	1.2036330699920654	1.0892646312713623	0.11436838656663895	1.0746311396303554e-08	2.193683235063304e-09	False
39	0.125	1.195349097251892	1.0851011276245117	0.11024799942970276	1.2631474533009168e-08	2.747725824647773e-09	False
39	0.125	1.2049965858459473	1.090031623840332	0.11496496945619583	1.0582192899732945e-08	2.146069100206205e-09	False
39	0.11500000208616257	1.195820689201355	1.0853394269943237	0.11048126220703125	1.247991221475786e-08	2.7099977817357512e-09	False
39	0.11500000208616257	1.2041363716125488	1.0895953178405762	0.11454105377197266	1.065800159238961e-08	2.1862749388645852e-09	False
39	0.12250000238418579	1.1966367959976196	1.0858761072158813	0.11076072603464127	1.2225302548074524e-08	2.6382578344197327e-09	False
39	0.125	1.203519582748413	1.0892693996429443	0.11425014585256577	1.0831934460497905e-08	2.2213537675952466e-09	False
39	0.12250000238418579	1.1960660219192505	1.0853632688522339	0.11070279777050018	1.2411337735329653e-08	2.6711226563946866e-09	False
39	0.11749999970197678	1.202498435974121	1.0886980295181274	0.11380043625831604	1.0973313813167351e-08	2.258789599807187e-09	False
39	0.12250000238418579	1.1965874433517456	1.0858573913574219	0.11073004454374313	1.2310411356963868e-08	2.651620922833331e-09	False
39	0.12250000238418579	1.2025398015975952	1.0886212587356567	0.11391858756542206	1.0978492781532623e-08	2.2678909861184593e-09	False
39	0.11999999731779099	1.1966768503189087	1.0856086015701294	0.1110682412981987	1.2135582316830096e-08	2.587283498556303e-09	False
39	0.125	1.2027308940887451	1.088816523551941	0.11391431838274002	1.0895613300476725e-08	2.2427770751676235e-09	False
39	0.125	1.1950697898864746	1.0850863456726074	0.1099834069609642	1.2573453389563838e-08	2.7514035494391464e-09	False
39	0.11999999731779099	1.203048586845398	1.0890735387802124	0.11397500336170197	1.0881592515943339e-08	2.229877171799899e-09	False
39	0.11999999731779099	1.1954644918441772	1.085192084312439	0.1102723628282547	1.249670589231755e-08	2.7052320383802453e-09	False
39	0.125	1.2055778503417969	1.0902278423309326	0.11534999310970306	1.0419654472570983e-08	2.0967287905904186e-09	False
39	0.12250000238418579	1.1955417394638062	1.0848833322525024	0.11065838485956192	1.245497394108952e-08	2.7119806400577318e-09	False
39	0.125	1.2039300203323364	1.0892642736434937	0.11466579884290695	1.0674874317828653e-08	2.1759170021340424e-09	False
40	0.12250000238418579	1.122512698173523	1.0349748134613037	0.08753791451454163	3.4798888215448187e-09	7.87625575870976e-10	False
40	0.12250000238418579	1.1341655254364014	1.0443830490112305	0.0897824764251709	3.2226421531333926e-09	7.190881778917912e-10	False
40	0.11999999731779099	1.121337890625	1.03410804271698	0.0872299075126648	3.522431235580825e-09	8.025310416215348e-10	False
40	0.125	1.1334832906723022	1.0437768697738647	0.08970639109611511	3.2269791283567884e-09	7.170917748489103e-10	False
40	0.11500000208616257	1.121748685836792	1.0344815254211426	0.08726712316274643	3.4871290299776092e-09	7.909774502046218e-10	False
40	0.11749999970197678	1.1355767250061035	1.0453327894210815	0.09024395793676376	3.162945683143903e-09	7.026773607421433e-10	False
40	0.125	1.1187982559204102	1.0319762229919434	0.08682198822498322	3.572492968118013e-09	8.244969706971972e-10	False
40	0.11999999731779099	1.1336138248443604	1.043729543685913	0.08988433331251144	3.2194908961002966e-09	7.146810920843905e-10	False
40	0.125	1.1208429336547852	1.033625602722168	0.0872172862291336	3.5288814093092924e-09	8.104025783772784e-10	False
40	0.11999999731779099	1.1354811191558838	1.0451966524124146	0.09028441458940506	3.185663066673783e-09	7.091150444615835e-10	False
40	0.12250000238418579	1.1183664798736572	1.0317003726959229	0.0866660475730896	3.5869651693332116e-09	8.232862169776922e-10	False
40	0.125	1.1363661289215088	1.0459911823272705	0.0903749093413353	3.1615692286379726e-09	6.9833688831622e-10	False
40	0.12250000238418579	1.118453860282898	1.0316565036773682	0.08679740875959396	3.576426266249655e-09	8.254963934639648e-10	False
40	0.12250000238418579	1.135849118232727	1.045689582824707	0.09015952795743942	3.1864080263233063e-09	7.043239880211161e-10	False
40	0.11999999731779099	1.121674656867981	1.0344301462173462	0.08724448084831238	3.5151974664415775e-09	8.044291344155852e-10	False
40	0.11999999731779099	1.1361446380615234	1.0459119081497192	0.09023267775774002	3.1823996771151997e-09	7.087637143854408e-10	False
40	0.11999999731779099	1.1209766864776611	1.0337144136428833	0.08726221323013306	3.52517082191639e-09	8.046648902748643e-10	False
40	0.11749999970197678	1.1358342170715332	1.045666217803955	0.0901680514216423	3.2058897758702187e-09	7.173753813205508e-10	False
40	0.12250000238418579	1.122023105621338	1.034468173980713	0.0875549241900444	3.469027287650306e-09	7.929528145211862e-10	False
40	0.11749999970197678	1.135892629623413	1.0456441640853882	0.09024844318628311	3.189243091838989e-09	7.122907819123725e-10	False
40	0.12250000238418579	1.120907187461853	1.0336194038391113	0.0872877910733223	3.502018230960857e-09	7.988965045058194e-10	False
40	0.11999999731779099	1.1335123777389526	1.043736457824707	0.08977589011192322	3.217363708785115e-09	7.16937842426546e-10	False
40	0.12250000238418579	1.119116187095642	1.0323705673217773	0.08674562722444534	3.5615324023297035e-09	8.137284734921479e-10	False
40	0.11999999731779099	1.134456992149353	1.0444780588150024	0.08997892588376999	3.1906450814744858e-09	7.060092510613458e-10	False
40	0.12250000238418579	1.1208957433700562	1.0336459875106812	0.08724980056285858	3.5152118993408976e-09	8.073923751794609e-10	False
40	0.11999999731779099	1.135948896408081	1.0456211566925049	0.09032770246267319	3.196233056002029e-09	7.08926251036246e-10	False
40	0.12250000238418579	1.122403860092163	1.0350830554962158	0.08732084184885025	3.5010021548487202e-09	8.01068045230835e-10	False
40	0.12250000238418579	1.1356281042099	1.04542875289917	0.09019937366247177	3.1932199107131964e-09	7.118655109827898e-10	False
40	0.125	1.12321937084198	1.0354681015014648	0.08775123208761215	3.44373574101553e-09	7.799780266104506e-10	False
40	0.12250000238418579	1.1332802772521973	1.0435824394226074	0.08969789743423462	3.2414297912453094e-09	7.245611888251346e-10	False
41	0.11500000208616257	1.1661696434020996	0.9184430241584778	0.24772655963897705	1.8376731247826683e-09	4.216711424476216e-10	False
41	0.11749999970197678	1.1499613523483276	0.913140594959259	0.23682080209255219	3.0048945554028705e-09	7.313644134754327e-10	False
41	0.12999999523162842	1.1660182476043701	0.9182804822921753	0.2477378249168396	1.838328822501012e-09	4.226901328951982e-10	False
41	0.125	1.1510823965072632	0.9134002923965454	0.23768213391304016	2.9110871491155876e-09	6.99897861888843e-10	False
41	0.12999999523162842	1.1642998456954956	0.9169707298278809	0.24732913076877594	1.8649326527508947e-09	4.305561740469699e-10	False
41	0.12250000238418579	1.1491038799285889	0.9129430055618286	0.23616084456443787	2.976894730721824e-09	7.145916081086057e-10	False
41	0.12250000238418579	1.1637498140335083	0.9178897142410278	0.24586006999015808	1.8907306831295045e-09	4.397691100166412e-10	False
41	0.11500000208616257	1.1498245000839233	0.912939190864563	0.23688533902168274	2.945105936902337e-09	7.14284908998053e-10	False
41	0.11749999970197678	1.1655120849609375	0.9179019927978516	0.24761004745960236	1.8472730012319971e-09	4.253548624433279e-10	False
41	0.12250000238418579	1.149776816368103	0.9122322797775269	0.23754456639289856	2.9482412067238783e-09	7.117891276386956e-10	False
41	0.12250000238418579	1.1654764413833618	0.9178828597068787	0.24759358167648315	1.8418172542666866e-09	4.253497554174146e-10	False
41	0.11999999731779099	1.149185299873352	0.9115535616874695	0.23763176798820496	2.960012013275559e-09	7.182552330675662e-10	False
41	0.12250000238418579	1.16383695602417	0.9175830483436584	0.24625390768051147	1.8707213556012903e-09	4.32100383251921e-10	False
41	0.11999999731779099	1.147484302520752	0.9126669764518738	0.2348172962665558	3.0407454332248562e-09	7.409475255570896e-10	False
41	0.11999999731779099	1.1646997928619385	0.9180929660797119	0.24660684168338776	1.8629491282950994e-09	4.3005923822114767e-10	False
41	0.12250000238418579	1.1521269083023071	0.9137485027313232	0.2383783757686615	2.898575157672667e-09	6.898454030235257e-10	False
41	0.125	1.166369915008545	0.918786883354187	0.2475830614566803	1.8292234393868512e-09	4.1896938696162067e-10	False
41	0.11999999731779099	1.1472707986831665	0.9123896956443787	0.23488105833530426	3.037411211437302e-09	7.473688334869166e-10	False
41	0.125	1.1641370058059692	0.9179072380065918	0.24622981250286102	1.8774355403650134e-09	4.337679659904836e-10	False
41	0.125	1.1482130289077759	0.912128210067749	0.23608477413654327	3.0249815985428086e-09	7.383598732424446e-10	False
41	0.11999999731779099	1.1649141311645508	0.9181836843490601	0.2467304915189743	1.8587386074742085e-09	4.2656458920653506e-10	False
41	0.11500000208616257	1.1496620178222656	0.9131295084953308	0.23653246462345123	2.95327096111464e-09	7.141978675129224e-10	False
41	0.125	1.164422869682312	0.9176825284957886	0.24674034118652344	1.869845611679466e-09	4.32161473273851e-10	False
41	0.125	1.1488771438598633	0.9119698405265808	0.23690728843212128	2.985558467116789e-09	7.287145886714086e-10	False
41	0.125	1.165123462677002	0.9185119271278381	0.2466115802526474	1.8531018941558841e-09	4.253209728855012e-10	False
41	0.12250000238418579	1.151613473892212	0.9138323664665222	0.2377811074256897	2.921150432655395e-09	7.004886670713972e-10	False
41	0.11999999731779099	1.162894368171692	0.9171696901321411	0.2457246482372284	1.8874011242786537e-09	4.387630814228771e-10	False
41	0.125	1.1495157480239868	0.9135851263999939	0.23593059182167053	3.0126012795506085e-09	7.285787528843457e-10	False
41	0.12250000238418579	1.1660189628601074	0.9179362654685974	0.2480827271938324	1.836575336255919e-09	4.2034783986899527e-10	False
41	0.12250000238418579	1.149362564086914	0.9130259156227112	0.2363366335630417	2.97353075495721e-09	7.214763231289112e-10	False
42	0.11749999970197678	1.540492057800293	1.0585918426513672	0.48190027475357056	6.29327534529267e-10	2.0758678109800144e-10	False
42	0.11749999970197678	1.5186593532562256	1.0624347925186157	0.4562245309352875	9.47220080149691e-10	3.182017149772065e-10	False
42	0.1274999976158142	1.5388740301132202	1.060492753982544	0.4783812463283539	6.391396856209042e-10	2.1283033668773044e-10	False
42	0.11999999731779099	1.5189378261566162	1.0621970891952515	0.45674073696136475	9.41110078755969e-10	3.152257621596988e-10	False
42	0.125	1.536972165107727	1.0623559951782227	0.4746161699295044	6.619179648836848e-10	2.2275875588562144e-10	False
42	0.12250000238418579	1.5176889896392822	1.063656210899353	0.454032838344574	9.546685664219012e-10	3.2110686332131877e-10	False
42	0.12999999523162842	1.5387974977493286	1.061155080795288	0.4776424169540405	6.484425774111457e-10	2.1770507618867896e-10	False
42	0.12250000238418579	1.5177544355392456	1.0637174844741821	0.4540369212627411	9.56151491315893e-10	3.2051861165172113e-10	False
42	0.13249999284744263	1.5382633209228516	1.0611504316329956	0.47711288928985596	6.503381722033907e-10	2.1721260901053085e-10	False
42	0.11999999731779099	1.5170689821243286	1.0635511875152588	0.4535177946090698	9.601586192786726e-10	3.20964449462835e-10	False
42	0.11999999731779099	1.5368614196777344	1.0630114078521729	0.47384998202323914	6.577541844521306e-10	2.1942780925598981e-10	False
42	0.12250000238418579	1.5198343992233276	1.0606627464294434	0.4591716527938843	9.236910125665077e-10	3.068824083740651e-10	False
42	0.1274999976158142	1.5397512912750244	1.059674859046936	0.48007646203041077	6.413282682693477e-10	2.1406122707734454e-10	False
42	0.11500000208616257	1.5165503025054932	1.06510591506958	0.4514443874359131	9.835898762133866e-10	3.3282657185829123e-10	False
42	0.125	1.539879322052002	1.058316946029663	0.4815623164176941	6.309150424321786e-10	2.0976088921376146e-10	False
42	0.11999999731779099	1.520003080368042	1.061215877532959	0.4587872326374054	9.309254478395701e-10	3.117354152593066e-10	False
42	0.125	1.5386145114898682	1.0600197315216064	0.4785947799682617	6.429309862276966e-10	2.141219007656403e-10	False
42	0.12250000238418579	1.5190874338150024	1.062814712524414	0.456272691488266	9.47664391404146e-10	3.156856165364985e-10	False
42	0.11249999701976776	1.5378302335739136	1.0615471601486206	0.4762830436229706	6.523404594283022e-10	2.1813478801036013e-10	False
42	0.11500000208616257	1.5197217464447021	1.0623122453689575	0.4574095606803894	9.304318426828218e-10	3.095959877352783e-10	False
42	0.12250000238418579	1.5384516716003418	1.061252236366272	0.4771994948387146	6.507482885886873e-10	2.1729523735913858e-10	False
42	0.125	1.5180751085281372	1.0629842281341553	0.45509088039398193	9.501909259412855e-10	3.1783986553790555e-10	False
42	0.12250000238418579	1.539904236793518	1.058463454246521	0.48144078254699707	6.322493639743243e-10	2.101525342634858e-10	False
42	0.11999999731779099	1.51962411403656	1.0628812313079834	0.45674288272857666	9.386814658896014e-10	3.101443546427163e-10	False
42	0.11999999731779099	1.5386414527893066	1.0603015422821045	0.47833991050720215	6.482993586409691e-10	2.1678910055999978e-10	False
42	0.12250000238418579	1.5192090272903442	1.061723232269287	0.4574858248233795	9.335875406080163e-10	3.1286448431977476e-10	False
42	0.125	1.5395442247390747	1.0600314140319824	0.4795128107070923	6.459441870276805e-10	2.1645955861071542e-10	False
42	0.12250000238418579	1.5178349018096924	1.0639524459838867	0.4538823962211609	9.546536894333713e-10	3.1982086423631984e-10	False
42	0.12250000238418579	1.54097318649292	1.0577616691589355	0.483211487531662	6.288369269746852e-10	2.094706075261854e-10	False
42	0.12250000238418579	1.5186021327972412	1.063520073890686	0.4550820589065552	9.566665237770167e-10	3.2276767369943116e-10	False
43	0.12250000238418579	1.6456184387207031	1.055478572845459	0.5901398062705994	5.147510195868676e-10	2.1623482171495567e-10	False
43	0.11749999970197678	1.6030747890472412	1.0663282871246338	0.5367465019226074	8.042482235737225e-10	3.435842443888504e-10	False
43	0.11999999731779099	1.6468229293823242	1.054373025894165	0.592449963092804	5.031895455864799e-10	2.0928139776721366e-10	False
43	0.125	1.6046669483184814	1.0647876262664795	0.539879322052002	7.872394958141626e-10	3.3609201532946997e-10	False
43	0.125	1.6464341878890991	1.0543328523635864	0.5921013355255127	5.060711849580457e-10	2.130541992828583e-10	False
43	0.12250000238418579	1.6036065816879272	1.0668857097625732	0.536720871925354	8.042657095863603e-10	3.435322581957223e-10	False
43	0.11999999731779099	1.645266056060791	1.0563844442367554	0.5888816118240356	5.172996475621972e-10	2.1751878076514686e-10	False
43	0.11999999731779099	1.60160231590271	1.0690114498138428	0.5325908660888672	8.443354904130729e-10	3.6885261511798717e-10	False
43	0.12250000238418579	1.6462082862854004	1.0559446811676025	0.5902636647224426	5.186887586106081e-10	2.1973030339683675e-10	False
43	0.11749999970197678	1.6041035652160645	1.0659185647964478	0.5381850004196167	7.971248106031226e-10	3.418027250123856e-10	False
43	0.11999999731779099	1.6454980373382568	1.0562835931777954	0.5892144441604614	5.150895820982271e-10	2.1632708124830202e-10	False
43	0.11999999731779099	1.6037890911102295	1.0655821561813354	0.5382069945335388	7.940261226302425e-10	3.3785366171379394e-10	False
43	0.125	1.645860195159912	1.055429220199585	0.5904310345649719	5.148158566115058e-10	2.1687571183370835e-10	False
43	0.12250000238418579	1.60320246219635	1.0674107074737549	0.5357917547225952	8.176141985671848e-10	3.5435918088744245e-10	False
43	0.125	1.6458488702774048	1.0558124780654907	0.5900363922119141	5.161168159517615e-10	2.1794477333969553e-10	False
43	0.12250000238418579	1.603792667388916	1.0662956237792969	0.5374970436096191	7.99459054512397e-10	3.4084077227269916e-10	False
43	0.12250000238418579	1.6447197198867798	1.0587501525878906	0.5859695672988892	5.323116392119687e-10	2.2560249501868412e-10	False
43	0.11999999731779099	1.6048085689544678	1.0658512115478516	0.5389573574066162	7.965174630975014e-10	3.409445781255016e-10	False
43	0.125	1.646389365196228	1.0541095733642578	0.5922797918319702	5.070904807169541e-10	2.141656019194471e-10	False
43	0.12250000238418579	1.6033861637115479	1.066502332687378	0.5368838310241699	8.062355227878015e-10	3.4865976772380236e-10	False
43	0.12250000238418579	1.646085500717163	1.0549101829528809	0.5911753177642822	5.088287569066097e-10	2.1371684977289362e-10	False
43	0.12250000238418579	1.6007310152053833	1.0699611902236938	0.5307698249816895	8.535241957652318e-10	3.7585856649258176e-10	False
43	0.11999999731779099	1.6459259986877441	1.0558689832687378	0.5900570154190063	5.151978843542793e-10	2.1785281911768095e-10	False
43	0.11999999731779099	1.6033000946044922	1.0662996768951416	0.5370004177093506	8.03130728588286e-10	3.4811364901798925e-10	False
43	0.125	1.6450920104980469	1.0553336143493652	0.5897583365440369	5.13852405070736e-10	2.1719538667586136e-10	False
43	0.125	1.6035552024841309	1.066765308380127	0.5367899537086487	8.095344394831727e-10	3.4901656564834127e-10	False
43	0.14000000059604645	1.6452269554138184	1.0564202070236206	0.588806688785553	5.202518971181291e-10	2.201482746100325e-10	False
43	0.11749999970197678	1.6030563116073608	1.066453456878662	0.5366028547286987	8.066750600832506e-10	3.4831626471998334e-10	False
43	0.11999999731779099	1.6461267471313477	1.0535601377487183	0.5925666093826294	5.027073202157339e-10	2.1124282878481893e-10	False
43	0.12250000238418579	1.601228952407837	1.067287564277649	0.533941388130188	8.169626086740323e-10	3.537646564577557e-10	False
44	0.11999999731779099	1.544939637184143	1.0580195188522339	0.4869200885295868	3.332820408541437e-10	1.7224618953370907e-10	False
44	0.125	1.5579931735992432	1.060085415840149	0.49790772795677185	2.966568379836332e-10	1.504078389613639e-10	False
44	0.125	1.5148067474365234	1.0525391101837158	0.4622676968574524	4.74199679523224e-10	2.466110926580001e-10	False
44	0.125	1.5215280055999756	1.054457426071167	0.4670705199241638	4.438850953469853e-10	2.2856694315009918e-10	False
44	0.11749999970197678	1.5117707252502441	1.0519042015075684	0.45986655354499817	4.864794678205442e-10	2.5510490941904607e-10	False
44	0.1274999976158142	1.5236024856567383	1.0550894737243652	0.46851295232772827	4.3852071973660145e-10	2.2543095168359173e-10	False
44	0.12250000238418579	1.5159456729888916	1.0530619621276855	0.46288374066352844	4.703089029334251e-10	2.444203450746585e-10	False
44	0.125	1.520336389541626	1.05415940284729	0.4661770462989807	4.4898243456437115e-10	2.3125468207041422e-10	False
44	0.12250000238418579	1.5138577222824097	1.0523689985275269	0.4614887237548828	4.775976281123917e-10	2.4932128583898816e-10	False
44	0.11999999731779099	1.5208916664123535	1.05437433719635	0.4665173888206482	4.452188617776187e-10	2.293766149241705e-10	False
44	0.125	1.5151302814483643	1.0526371002197266	0.4624931812286377	4.744570292203321e-10	2.4731983128134516e-10	False
44	0.11999999731779099	1.5226165056228638	1.0548245906829834	0.467791885137558	4.407378906279291e-10	2.2722607129210814e-10	False
44	0.11749999970197678	1.5145626068115234	1.052678108215332	0.4618844985961914	4.76910955171661e-10	2.508088181585322e-10	False
44	0.125	1.5217746496200562	1.0546544790267944	0.4671201705932617	4.448666435230564e-10	2.2980509162273677e-10	False
44	0.125	1.5117324590682983	1.0515425205230713	0.46018990874290466	4.885554183431395e-10	2.5617288845758424e-10	False
44	0.125	1.5230062007904053	1.0547670125961304	0.4682391285896301	4.377468387772865e-10	2.2410266697914238e-10	False
44	0.12250000238418579	1.513550877571106	1.0522842407226562	0.4612666368484497	4.762674699065883e-10	2.4787707997298014e-10	False
44	0.125	1.522923231124878	1.0547138452529907	0.4682094156742096	4.392771424388542e-10	2.2627681672826583e-10	False
44	0.12250000238418579	1.514357328414917	1.0525481700897217	0.4618091881275177	4.759334593096298e-10	2.488646233533842e-10	False
44	0.1274999976158142	1.5186262130737305	1.0539286136627197	0.4646976590156555	4.5770107148790373e-10	2.3814261673749115e-10	False
44	0.12250000238418579	1.5143351554870605	1.052618145942688	0.46171703934669495	4.776957163166173e-10	2.503444951340583e-10	False
44	0.11999999731779099	1.5213747024536133	1.0544860363006592	0.4668886661529541	4.458194369227897e-10	2.309626934149378e-10	False
44	0.13249999284744263	1.5137779712677002	1.0524706840515137	0.4613072872161865	4.782952922610662e-10	2.4997587333430715e-10	False
44	0.12250000238418579	1.5205979347229004	1.0544551610946655	0.46614280343055725	4.4980719149378956e-10	2.332975201913001e-10	False
44	0.11999999731779099	1.5133304595947266	1.0524487495422363	0.460881769657135	4.76770511959046e-10	2.496484963199208e-10	False
44	0.12250000238418579	1.5213721990585327	1.0545408725738525	0.4668313264846802	4.4568315704651695e-10	2.2951766875944912e-10	False
44	0.11749999970197678	1.5145578384399414	1.0526936054229736	0.461864173412323	4.71400585233539e-10	2.457888892415383e-10	False
44	0.12999999523162842	1.5240905284881592	1.055077314376831	0.46901318430900574	4.346654980391662e-10	2.2161790458330444e-10	False
44	0.11749999970197678	1.5153475999832153	1.0529718399047852	0.46237578988075256	4.7019821369787e-10	2.447370084368572e-10	False
44	0.12250000238418579	1.5226519107818604	1.05478835105896	0.46786361932754517	4.4411696542567825e-10	2.2948543065837157e-10	False
45	0.11999999731779099	1.5468430519104004	1.0722500085830688	0.4745931029319763	2.759467376822755e-10	1.5558787591629653e-10	False
45	0.12250000238418579	1.5682815313339233	1.0802836418151855	0.4879978895187378	2.588778913459322e-10	1.4489803801254197e-10	False
45	0.11749999970197678	1.5481908321380615	1.0728392601013184	0.47535160183906555	2.743702487428834e-10	1.5445340839637112e-10	False
45	0.11749999970197678	1.567307472229004	1.0800902843475342	0.4872172176837921	2.57349863641565e-10	1.4417916860409719e-10	False
45	0.11999999731779099	1.5400923490524292	1.069422721862793	0.47066959738731384	2.834663059836373e-10	1.6173341832459442e-10	False
45	0.12250000238418579	1.5682990550994873	1.080319881439209	0.4879792034626007	2.591831471665529e-10	1.4595286090823834e-10	False
45	0.12250000238418579	1.5367486476898193	1.0678467750549316	0.4689018428325653	2.8554777986578017e-10	1.619962081145232e-10	False
45	0.11999999731779099	1.5684210062026978	1.080435037612915	0.4879859685897827	2.5809959725009435e-10	1.4454187846624222e-10	False
45	0.125	1.542093276977539	1.0703758001327515	0.4717175364494324	2.796651521475013e-10	1.5919197904334936e-10	False
45	0.11999999731779099	1.5678653717041016	1.0801994800567627	0.48766595125198364	2.5799995473363424e-10	1.448891839839206e-10	False
45	0.11999999731779099	1.5419056415557861	1.07030189037323	0.4716036915779114	2.801144038944159e-10	1.591803217015908e-10	False
45	0.11999999731779099	1.5717358589172363	1.081533670425415	0.4902021288871765	2.5419635840684407e-10	1.41776021478357e-10	False
45	0.12250000238418579	1.5427484512329102	1.070533275604248	0.4722152352333069	2.802471033014342e-10	1.5941656328344322e-10	False
45	0.12250000238418579	1.570804476737976	1.0812089443206787	0.48959556221961975	2.5441065920617234e-10	1.424977497110902e-10	False
45	0.125	1.539154052734375	1.068915605545044	0.47023847699165344	2.828605405458262e-10	1.6061710295112164e-10	False
45	0.11500000208616257	1.5695874691009521	1.0809192657470703	0.48866817355155945	2.5593516195243637e-10	1.4402722070538942e-10	False
45	0.12250000238418579	1.5382435321807861	1.068519115447998	0.4697243571281433	2.854025904497348e-10	1.6207957198588474e-10	False
45	0.12250000238418579	1.5735549926757812	1.0822076797485352	0.4913472831249237	2.5335936126857916e-10	1.4173444362608478e-10	False
45	0.12250000238418579	1.5446264743804932	1.0714163780212402	0.47321006655693054	2.781765373605083e-10	1.5713619294643877e-10	False
45	0.125	1.5732920169830322	1.0819883346557617	0.4913036823272705	2.5506455281210094e-10	1.4305960582827737e-10	False
45	0.125	1.5447032451629639	1.0712541341781616	0.47344905138015747	2.781760377601472e-10	1.5723615465201846e-10	False
45	0.12250000238418579	1.570058822631836	1.0808086395263672	0.4892502427101135	2.5413970927701257e-10	1.4124061642473151e-10	False
45	0.125	1.5440561771392822	1.0710954666137695	0.4729607105255127	2.781964103526491e-10	1.5751604187652646e-10	False
45	0.11999999731779099	1.5697354078292847	1.0808818340301514	0.4888536036014557	2.5647961532371255e-10	1.4403649106764504e-10	False
45	0.11999999731779099	1.5427772998809814	1.070329189300537	0.4724481701850891	2.802053866712839e-10	1.593454673765038e-10	False
45	0.12250000238418579	1.5698628425598145	1.0809177160263062	0.4889451563358307	2.567565604572053e-10	1.435905006008653e-10	False
45	0.12250000238418579	1.5435683727264404	1.0707772970199585	0.4727911055088043	2.775312202274449e-10	1.5640462536214983e-10	False
45	0.11999999731779099	1.56584632396698	1.0796403884887695	0.48620590567588806	2.596786674580187e-10	1.463879018004377e-10	False
45	0.11999999731779099	1.5415188074111938	1.07021164894104	0.4713071286678314	2.810240928852181e-10	1.5982476453402228e-10	False
45	0.11749999970197678	1.5698726177215576	1.0806812047958374	0.4891914427280426	2.569975343647002e-10	1.4405905635062055e-10	False
46	0.1274999976158142	1.8748104572296143	1.093269944190979	0.7815404534339905	2.6203908487509864e-10	1.3431830647725462e-10	False
46	0.125	1.8604397773742676	1.093586802482605	0.7668529748916626	3.045954044544885e-10	1.5306803047288042e-10	False
46	0.125	1.8715944290161133	1.0930171012878418	0.7785772681236267	2.6506635775191967e-10	1.356524892415223e-10	False
46	0.11749999970197678	1.8576782941818237	1.0934715270996094	0.7642067670822144	3.0712582477221417e-10	1.5350287707605048e-10	False
46	0.125	1.873671054840088	1.0932179689407349	0.780453085899353	2.6268290320707877e-10	1.3512570229412546e-10	False
46	0.11999999731779099	1.8605217933654785	1.0935237407684326	0.7669980525970459	3.0314759036365047e-10	1.519216558110159e-10	False
46	0.11500000208616257	1.8734209537506104	1.0932258367538452	0.7801951766014099	2.6297944377695615e-10	1.3477476079604145e-10	False
46	0.12250000238418579	1.8512637615203857	1.093094825744629	0.7581689357757568	3.1598137995025866e-10	1.5851972512415102e-10	False
46	0.11749999970197678	1.8736393451690674	1.0931910276412964	0.7804482579231262	2.623714578930958e-10	1.3468240411818044e-10	False
46	0.11999999731779099	1.8608514070510864	1.093575119972229	0.7672762870788574	3.0208766044204083e-10	1.5156066679455904e-10	False
46	0.11999999731779099	1.8726073503494263	1.0930566787719727	0.7795506715774536	2.6317945045484237e-10	1.3505055407314615e-10	False
46	0.12250000238418579	1.8556294441223145	1.093316674232483	0.7623128294944763	3.094096923117462e-10	1.5479917347960281e-10	False
46	0.11999999731779099	1.8703324794769287	1.092988133430481	0.777344286441803	2.6666960306620524e-10	1.370249469445639e-10	False
46	0.125	1.8564543724060059	1.0933969020843506	0.7630574703216553	3.100962264745988e-10	1.5503608119527001e-10	False
46	0.11999999731779099	1.870688557624817	1.0929908752441406	0.7776976823806763	2.6579607959043017e-10	1.3622922234723944e-10	False
46	0.125	1.8570953607559204	1.0934641361236572	0.7636312246322632	3.0808869344589596e-10	1.5518679397086288e-10	False
46	0.12250000238418579	1.8753881454467773	1.0934010744094849	0.7819870710372925	2.6180507761708327e-10	1.3465897841236085e-10	False
46	0.11999999731779099	1.8569355010986328	1.0934327840805054	0.7635027170181274	3.0813507301274967e-10	1.5442384870834047e-10	False
46	0.125	1.8721401691436768	1.0930941104888916	0.7790459990501404	2.6409063824672785e-10	1.35852315508167e-10	False
46	0.11999999731779099	1.8574748039245605	1.0934488773345947	0.7640259861946106	3.0728369848631587e-10	1.541567845597669e-10	False
46	0.125	1.873734951019287	1.0932260751724243	0.7805089354515076	2.627189854553791e-10	1.348110789667345e-10	False
46	0.11999999731779099	1.8550305366516113	1.093353509902954	0.761677086353302	3.1178049031410637e-10	1.5692636079478461e-10	False
46	0.11500000208616257	1.8723407983779907	1.093099594116211	0.7792412042617798	2.632973838956332e-10	1.3496231909826406e-10	False
46	0.12250000238418579	1.8535765409469604	1.0932338237762451	0.7603427171707153	3.1307689773996117e-10	1.5692433463776467e-10	False
46	0.11999999731779099	1.8724610805511475	1.093171238899231	0.7792898416519165	2.6404076147734656e-10	1.3553874689264944e-10	False
46	0.11999999731779099	1.8524041175842285	1.093076229095459	0.7593279480934143	3.1490604568418235e-10	1.5779003104121614e-10	False
46	0.12250000238418579	1.8726789951324463	1.0931272506713867	0.7795518040657043	2.6343549563989654e-10	1.3516904262544926e-10	False
46	0.11999999731779099	1.856590747833252	1.093376874923706	0.7632138729095459	3.0900149106116714e-10	1.5437190414857582e-10	False
46	0.12250000238418579	1.8755569458007812	1.093367099761963	0.7821899056434631	2.6100716032928517e-10	1.334070631742179e-10	False
46	0.1274999976158142	1.8546353578567505	1.09329092502594	0.7613444328308105	3.114042357310609e-10	1.563981583130314e-10	False
47	0.12250000238418579	1.6956737041473389	0.9759772419929504	0.7196964621543884	1.9960738617541551e-10	1.0885305851138227e-10	False
47	0.11500000208616257	1.6872918605804443	0.9753441214561462	0.7119476795196533	2.168100698973774e-10	1.1355858614559011e-10	False
47	0.125	1.695636510848999	0.9757095575332642	0.7199268937110901	1.9936818862476002e-10	1.0859588228662176e-10	False
47	0.11999999731779099	1.6876220703125	0.9745059609413147	0.7131161093711853	2.150577910198237e-10	1.1249473574892477e-10	False
47	0.125	1.695627212524414	0.9761993885040283	0.719427764415741	1.9980506138495002e-10	1.089562953748846e-10	False
47	0.11999999731779099	1.6874358654022217	0.9747400879859924	0.712695837020874	2.1589927068355053e-10	1.1279426698207473e-10	False
47	0.12999999523162842	1.6958305835723877	0.9756041169166565	0.7202264070510864	1.9900991965471349e-10	1.0849339482366105e-10	False
47	0.125	1.687910795211792	0.9741460680961609	0.7137647867202759	2.1411686312866607e-10	1.1240523095645827e-10	False
47	0.12250000238418579	1.6955182552337646	0.9762564301490784	0.7192617654800415	2.0009971457568554e-10	1.089220241778932e-10	False
47	0.125	1.687227725982666	0.9748365879058838	0.7123910784721375	2.1628951407670627e-10	1.1286039464097897e-10	False
47	0.125	1.6957485675811768	0.9760653376579285	0.7196832299232483	1.9964177533360328e-10	1.0887667156733727e-10	False
47	0.125	1.6871792078018188	0.9749978184700012	0.7121813893318176	2.1644258607622646e-10	1.130915083802364e-10	False
47	0.125	1.6955915689468384	0.9756567478179932	0.7199348211288452	1.9924673022586603e-10	1.0863034777264247e-10	False
47	0.125	1.6874544620513916	0.9745398163795471	0.7129145860671997	2.1535853655940684e-10	1.1248205145086843e-10	False
47	0.11999999731779099	1.6957876682281494	0.9753583669662476	0.7204292416572571	1.9883808488607713e-10	1.0845702114181677e-10	False
47	0.125	1.6873340606689453	0.975037157535553	0.7122969031333923	2.1655233162221066e-10	1.1293725676875255e-10	False
47	0.12250000238418579	1.6956125497817993	0.9761741161346436	0.7194384336471558	1.998343157616489e-10	1.0886870571713558e-10	False
47	0.11999999731779099	1.6871767044067383	0.9750993847846985	0.7120773196220398	2.1644457059988298e-10	1.1301715119316214e-10	False
47	0.12250000238418579	1.695755958557129	0.9759050607681274	0.7198509573936462	1.993031434333048e-10	1.0883858397869872e-10	False
47	0.12250000238418579	1.687320590019226	0.9745761752128601	0.712744414806366	2.1558527185661092e-10	1.1259326804236025e-10	False
47	0.125	1.696009635925293	0.9756016731262207	0.720408022403717	1.9862861355690598e-10	1.086288212159836e-10	False
47	0.10999999940395355	1.6878907680511475	0.9745705723762512	0.7133201360702515	2.148894395759271e-10	1.1250093218118096e-10	False
47	0.12250000238418579	1.6961530447006226	0.9752592444419861	0.7208938002586365	1.9818009733274522e-10	1.0830750185597537e-10	False
47	0.11999999731779099	1.6873912811279297	0.9744938611984253	0.7128974199295044	2.1548342277188937e-10	1.1251993781158376e-10	False
47	0.125	1.6958260536193848	0.9756749868392944	0.7201510071754456	1.9911379489645498e-10	1.0864414923261734e-10	False
47	0.11249999701976776	1.6873705387115479	0.9748741388320923	0.7124964594841003	2.159212253438625e-10	1.1291766133236791e-10	False
47	0.12250000238418579	1.6956862211227417	0.9758275151252747	0.719858705997467	1.994400755656045e-10	1.086769285674194e-10	False
47	0.11999999731779099	1.687278151512146	0.9751718044281006	0.7121063470840454	2.1644783188001782e-10	1.1300348851106534e-10	False
47	0.11999999731779099	1.695662021636963	0.97593754529953	0.7197244167327881	1.9958361352490073e-10	1.0861898186442787e-10	False
47	0.11749999970197678	1.6874384880065918	0.9746290445327759	0.7128094434738159	2.1566713692688921e-10	1.1238270730684619e-10	False
48	0.125	1.826829433441162	0.9420657157897949	0.8847637176513672	3.0550917351490625e-10	1.3590689684761514e-10	False
48	0.125	1.8144006729125977	0.93938148021698	0.8750191330909729	3.8173963989862614e-10	1.7040113764466014e-10	False
48	0.125	1.8259613513946533	0.9431968331336975	0.8827645778656006	3.0590535660124374e-10	1.3631112905088116e-10	False
48	0.11749999970197678	1.8160955905914307	0.9387017488479614	0.8773938417434692	3.7853092882400574e-10	1.6784319767371159e-10	False
48	0.12250000238418579	1.8260936737060547	0.9431307315826416	0.8829629421234131	3.0660279870531326e-10	1.3673914778244978e-10	False
48	0.12250000238418579	1.815779209136963	0.9392337799072266	0.8765454292297363	3.789047131608214e-10	1.6764246935085936e-10	False
48	0.11999999731779099	1.8262372016906738	0.9425467848777771	0.8836904168128967	3.0734970124512984e-10	1.3696707656940532e-10	False
48	0.11999999731779099	1.816483497619629	0.9387885332107544	0.8776950240135193	3.780087354243733e-10	1.6751135201165113e-10	False
48	0.11999999731779099	1.8249274492263794	0.9440597295761108	0.8808677196502686	3.0795904715219535e-10	1.3753903571611659e-10	False
48	0.11749999970197678	1.8158817291259766	0.9385912418365479	0.8772905468940735	3.7882735837158066e-10	1.6852903794717378e-10	False
48	0.125	1.826242208480835	0.9428309202194214	0.8834112286567688	3.0695490593757313e-10	1.3710339807904148e-10	False
48	0.12250000238418579	1.8169509172439575	0.938045859336853	0.8789050579071045	3.738180875956232e-10	1.6633858179737615e-10	False
48	0.12250000238418579	1.8261919021606445	0.9429090023040771	0.8832828402519226	3.073730991953738e-10	1.370892149799019e-10	False
48	0.12250000238418579	1.8164503574371338	0.9386728405952454	0.8777775764465332	3.739902276755913e-10	1.655995479632466e-10	False
48	0.12250000238418579	1.8263564109802246	0.9424850940704346	0.88387131690979	3.067058829131497e-10	1.3668932652421972e-10	False
48	0.12250000238418579	1.8162165880203247	0.9381868839263916	0.8780297040939331	3.7728209445475613e-10	1.676617317203366e-10	False
48	0.12250000238418579	1.8262004852294922	0.942913293838501	0.8832871317863464	3.0591781885469516e-10	1.360817569739936e-10	False
48	0.11500000208616257	1.8166853189468384	0.9383540749549866	0.8783312439918518	3.7441955091921386e-10	1.6587484163999022e-10	False
48	0.12250000238418579	1.8270103931427002	0.9428615570068359	0.8841487765312195	3.0545443951979223e-10	1.3578164981264962e-10	False
48	0.11999999731779099	1.8147554397583008	0.9392409324645996	0.8755145072937012	3.8280364988985127e-10	1.7023595033638372e-10	False
48	0.12250000238418579	1.8274180889129639	0.9418368935585022	0.8855812549591064	3.052244013090899e-10	1.3570412848995517e-10	False
48	0.12250000238418579	1.8170440196990967	0.9382978677749634	0.8787462115287781	3.7489295001691403e-10	1.6612738962251683e-10	False
48	0.10999999940395355	1.8264362812042236	0.9423289895057678	0.8841073513031006	3.0680291640550195e-10	1.3644509133659e-10	False
48	0.12250000238418579	1.8158279657363892	0.939086377620697	0.8767415881156921	3.778386492570007e-10	1.6725854035115617e-10	False
48	0.12250000238418579	1.8256723880767822	0.9428485631942749	0.8828238844871521	3.0837266074001946e-10	1.3781854824035378e-10	False
48	0.12250000238418579	1.816307783126831	0.9382978081703186	0.8780099153518677	3.771105094863003e-10	1.6715638595510285e-10	False
48	0.125	1.8261430263519287	0.9429195523262024	0.8832234740257263	3.059636710656122e-10	1.3631691608839702e-10	False
48	0.11749999970197678	1.8153140544891357	0.9391300082206726	0.8761841058731079	3.827287931024159e-10	1.6987430906389989e-10	False
48	0.11749999970197678	1.8258230686187744	0.9437098503112793	0.8821131587028503	3.082510635632474e-10	1.377116892742336e-10	False
48	0.11999999731779099	1.8159253597259521	0.9383436441421509	0.8775817155838013	3.769573819756289e-10	1.673630262155612e-10	False
49	0.125	1.7686035633087158	0.8915809392929077	0.8770226240158081	2.7396171442539696e-10	1.3419101940748135e-10	False
49	0.125	1.756075143814087	0.8866325616836548	0.8694425821304321	3.513220825368535e-10	1.797373777590039e-10	False
49	0.125	1.7685458660125732	0.8932328224182129	0.8753131031990051	2.751587568905478e-10	1.3630652162532897e-10	False
49	0.11500000208616257	1.7564888000488281	0.8869533538818359	0.869535505771637	3.5088976169106445e-10	1.7960682940909578e-10	False
49	0.125	1.768615961074829	0.8937203884124756	0.8748955130577087	2.753164918267714e-10	1.3624613937057717e-10	False
49	0.12250000238418579	1.7562828063964844	0.8879894018173218	0.8682933449745178	3.538064285990572e-10	1.823108886078728e-10	False
49	0.125	1.7684082984924316	0.8924360871315002	0.8759722113609314	2.74447686798851e-10	1.3534147413896136e-10	False
49	0.11999999731779099	1.7565276622772217	0.887182354927063	0.8693452477455139	3.5418992738733834e-10	1.8228754616878007e-10	False
49	0.125	1.768479585647583	0.8911712169647217	0.8773083090782166	2.7363186716478083e-10	1.341065869464586e-10	False
49	0.12250000238418579	1.7565302848815918	0.8873834013938904	0.8691468238830566	3.517135471753363e-10	1.802114013571554e-10	False
49	0.12250000238418579	1.7686798572540283	0.8924112319946289	0.8762686848640442	2.748260785612189e-10	1.3550804922601856e-10	False
49	0.12250000238418579	1.756356954574585	0.8882805109024048	0.8680763840675354	3.532938663841634e-10	1.833414253749055e-10	False
49	0.125	1.7685749530792236	0.8929762840270996	0.875598669052124	2.7532559565557335e-10	1.3635781392906665e-10	False
49	0.11999999731779099	1.7565817832946777	0.8866294622421265	0.869952380657196	3.5057168279450934e-10	1.7896675807982376e-10	False
49	0.12250000238418579	1.7686959505081177	0.893324613571167	0.8753713369369507	2.7597610308127685e-10	1.3655694630632098e-10	False
49	0.12250000238418579	1.7561547756195068	0.8869055509567261	0.8692492246627808	3.5172906254210545e-10	1.8014127689536252e-10	False
49	0.12250000238418579	1.7686084508895874	0.8926503658294678	0.8759580850601196	2.7507926492198465e-10	1.3601882120628517e-10	False
49	0.11999999731779099	1.7562404870986938	0.8869078755378723	0.8693326115608215	3.5094305239624646e-10	1.7982110245284844e-10	False
49	0.12999999523162842	1.7684154510498047	0.8923397064208984	0.8760756850242615	2.7384350342885e-10	1.3486566030618263e-10	False
49	0.11749999970197678	1.7564136981964111	0.8862786293029785	0.8701350092887878	3.511993751370568e-10	1.7841300659071635e-10	False
49	0.11999999731779099	1.7684156894683838	0.8933404684066772	0.8750752806663513	2.7609584063448267e-10	1.3713138957704984e-10	False
49	0.11999999731779099	1.7564741373062134	0.8866474628448486	0.8698266744613647	3.502119427789552e-10	1.784709741103896e-10	False
49	0.11999999731779099	1.7683418989181519	0.8922747373580933	0.8760671615600586	2.7384042255995666e-10	1.3428361200773509e-10	False
49	0.125	1.7563965320587158	0.8860235214233398	0.8703729510307312	3.5065442216541953e-10	1.7976461985647063e-10	False
49	0.125	1.7683391571044922	0.8924788236618042	0.875860333442688	2.7475832720114113e-10	1.3526300912669598e-10	False
49	0.11999999731779099	1.7562910318374634	0.8884351253509521	0.8678559064865112	3.546260507469867e-10	1.83340884141181e-10	False
49	0.12999999523162842	1.7684119939804077	0.8929274082183838	0.8754845857620239	2.7519131418074494e-10	1.3624339156859122e-10	False
49	0.12250000238418579	1.756174087524414	0.8868861198425293	0.8692880272865295	3.5227581962615773e-10	1.805118554631946e-10	False
49	0.125	1.7685370445251465	0.8922736644744873	0.8762633800506592	2.737172433153745e-10	1.346081163200452e-10	False
49	0.11749999970197678	1.7565346956253052	0.8868422508239746	0.8696924448013306	3.5073310922228984e-10	1.7917077543838644e-10	False
50	0.13500000536441803	1.8048033714294434	0.9421333074569702	0.8626701235771179	2.7249091871794917e-10	1.0984110149214743e-10	False
50	0.12250000238418579	1.8036600351333618	0.9373577833175659	0.8663022518157959	3.213966037751703e-10	1.2795101089757566e-10	False
50	0.125	1.8055418729782104	0.9425531625747681	0.8629887104034424	2.7258389989626153e-10	1.1061759841446417e-10	False
50	0.11749999970197678	1.8034889698028564	0.9372776746749878	0.8662113547325134	3.2132441152299407e-10	1.2817068240078555e-10	False
50	0.125	1.8035104274749756	0.9412325620651245	0.8622778654098511	2.7368887711709533e-10	1.1005989175583153e-10	False
50	0.125	1.8034275770187378	0.937150239944458	0.8662773370742798	3.211255428237081e-10	1.2749115652077592e-10	False
50	0.12999999523162842	1.8034173250198364	0.9411019682884216	0.8623153567314148	2.73408795603558e-10	1.1033980673591515e-10	False
50	0.11749999970197678	1.802883267402649	0.9367963075637817	0.8660869598388672	3.2120950343994537e-10	1.279397421338757e-10	False
50	0.13500000536441803	1.8051551580429077	0.9422420263290405	0.8629131317138672	2.730752013402338e-10	1.1044735959142571e-10	False
50	0.12250000238418579	1.8023769855499268	0.9363706111907959	0.8660064339637756	3.2082766998620116e-10	1.2684746308888606e-10	False
50	0.12999999523162842	1.8043824434280396	0.9418302774429321	0.8625521659851074	2.7288177273376846e-10	1.1001333177773631e-10	False
50	0.125	1.8027334213256836	0.9366734623908997	0.8660598993301392	3.2066999056112877e-10	1.2717042696674952e-10	False
50	0.125	1.8050432205200195	0.9422183036804199	0.8628249168395996	2.7325847140602377e-10	1.1055114462754645e-10	False
50	0.11749999970197678	1.8019821643829346	0.9362467527389526	0.8657353520393372	3.201821863196841e-10	1.263795734729456e-10	False
50	0.13249999284744263	1.8053984642028809	0.9424244165420532	0.8629741072654724	2.7286581327778947e-10	1.1046118186808229e-10	False
50	0.12250000238418579	1.8039946556091309	0.9376145601272583	0.8663800954818726	3.2175126452038683e-10	1.2765549728399606e-10	False
50	0.125	1.8052582740783691	0.9423158168792725	0.8629425168037415	2.7293040050224704e-10	1.1056784654517315e-10	False
50	0.12250000238418579	1.8033711910247803	0.9371960759162903	0.8661751747131348	3.20362070205249e-10	1.2724418740894805e-10	False
50	0.11999999731779099	1.805443286895752	0.9425375461578369	0.8629056811332703	2.7292992865746157e-10	1.1066423472039233e-10	False
50	0.11999999731779099	1.8021526336669922	0.9362387657165527	0.8659138679504395	3.2132332905554506e-10	1.2734306664707873e-10	False
50	0.12999999523162842	1.8039591312408447	0.9415426254272461	0.8624165058135986	2.7280022685260974e-10	1.0988387283417111e-10	False
50	0.11749999970197678	1.802886724472046	0.9368016719818115	0.8660851120948792	3.21655646562391e-10	1.2759943102125249e-10	False
50	0.125	1.8043859004974365	0.9417141675949097	0.8626717329025269	2.7350705034123735e-10	1.1051579790199995e-10	False
50	0.12250000238418579	1.8021721839904785	0.936241626739502	0.8659304976463318	3.2153726903239033e-10	1.2740740407135576e-10	False
50	0.12999999523162842	1.804884910583496	0.9420641660690308	0.8628206849098206	2.7291727211498085e-10	1.0999549882040327e-10	False
50	0.11999999731779099	1.802793025970459	0.9366754293441772	0.866117537021637	3.2093833146618067e-10	1.274179789456653e-10	False
50	0.1274999976158142	1.8052656650543213	0.9424296021461487	0.8628360033035278	2.730734804945456e-10	1.1047697479060758e-10	False
50	0.125	1.8029868602752686	0.9369627833366394	0.8660241365432739	3.204445042648274e-10	1.2725963338677815e-10	False
50	0.1274999976158142	1.80466628074646	0.9419177770614624	0.8627485036849976	2.7299418281501175e-10	1.1071542987961536e-10	False
50	0.11749999970197678	1.8036434650421143	0.9373871088027954	0.8662562966346741	3.2182306819450446e-10	1.283593786816084e-10	False
51	0.12250000238418579	2.0630369186401367	1.0591574907302856	1.003879427909851	3.1114771870122127e-10	1.4023468497548208e-10	False
51	0.12999999523162842	2.060804843902588	1.058393955230713	1.0024107694625854	3.7278644060556587e-10	1.6007724312760985e-10	False
51	0.12999999523162842	2.0610756874084473	1.060121774673462	1.0009537935256958	3.7705608080251807e-10	1.6420356740987074e-10	False
51	0.11749999970197678	2.0606610774993896	1.05802321434021	1.0026378631591797	3.716745522464038e-10	1.5836122690959797e-10	False
51	0.12250000238418579	2.0613274574279785	1.0600368976593018	1.0012904405593872	3.7819686271589603e-10	1.64976921013249e-10	False
51	0.12250000238418579	2.0609209537506104	1.059148907661438	1.0017720460891724	3.7383451889638764e-10	1.618099265687789e-10	False
51	0.125	2.0610532760620117	1.0600156784057617	1.00103759765625	3.787045677050571e-10	1.654572867604287e-10	False
51	0.125	2.060771942138672	1.058889627456665	1.0018823146820068	3.735783904446066e-10	1.6075639430734867e-10	False
51	0.12250000238418579	2.0611367225646973	1.0601377487182617	1.0009989738464355	3.7672376329567214e-10	1.648841757573294e-10	False
51	0.11999999731779099	2.0607173442840576	1.0585761070251465	1.0021412372589111	3.735556308726018e-10	1.6088108623080188e-10	False
51	0.125	2.060943126678467	1.060247778892517	1.0006954669952393	3.7760730653424446e-10	1.6491996657208574e-10	False
51	0.125	2.061131000518799	1.0587165355682373	1.002414584159851	3.7320657675365965e-10	1.606523802877291e-10	False
51	0.12250000238418579	2.061295986175537	1.0598630905151367	1.0014327764511108	3.7613667736025036e-10	1.6357706855707477e-10	False
51	0.11999999731779099	2.0608673095703125	1.0584280490875244	1.0024393796920776	3.7340905367777566e-10	1.5991510893265115e-10	False
51	0.12999999523162842	2.061049222946167	1.0600512027740479	1.0009980201721191	3.788241942359605e-10	1.6501744415364783e-10	False
51	0.12999999523162842	2.0610318183898926	1.0585092306137085	1.002522587776184	3.738903631145263e-10	1.6101829591885775e-10	False
51	0.13750000298023224	2.061224937438965	1.0606539249420166	1.0005708932876587	3.797098746538552e-10	1.6663674606842704e-10	False
51	0.12999999523162842	2.06076717376709	1.0583401918411255	1.002427101135254	3.735692866158047e-10	1.6040849204479457e-10	False
51	0.12999999523162842	2.0611047744750977	1.0599002838134766	1.0012046098709106	3.785676216949696e-10	1.6506167266339133e-10	False
51	0.1274999976158142	2.060941219329834	1.0580077171325684	1.0029335021972656	3.7272887554173906e-10	1.592604242928175e-10	False
51	0.1274999976158142	2.0611019134521484	1.0598454475402832	1.0012565851211548	3.759647038137359e-10	1.637717739200184e-10	False
51	0.12250000238418579	2.060800552368164	1.0590118169784546	1.00178861618042	3.7433567356970343e-10	1.6129521329677488e-10	False
51	0.12250000238418579	2.061143159866333	1.0600484609603882	1.0010946989059448	3.7791486606764124e-10	1.6527321178294585e-10	False
51	0.11999999731779099	2.0609521865844727	1.0587314367294312	1.002220869064331	3.732031628178589e-10	1.6070800246126282e-10	False
51	0.12999999523162842	2.061237335205078	1.060178279876709	1.0010591745376587	3.798777403751785e-10	1.656620673973208e-10	False
51	0.12250000238418579	2.0608015060424805	1.0588544607162476	1.001947045326233	3.7383973694460337e-10	1.610341859858977e-10	False
51	0.12250000238418579	2.0610828399658203	1.0609848499298096	1.0000978708267212	3.802101411487513e-10	1.6666587554503565e-10	False
51	0.11500000208616257	2.0609230995178223	1.0586484670639038	1.002274513244629	3.738456766377851e-10	1.613199573924362e-10	False
51	0.12250000238418579	2.0613527297973633	1.0600616931915283	1.001291036605835	3.7827627141773235e-10	1.6523765689058223e-10	False
51	0.12250000238418579	2.060861587524414	1.058473825454712	1.0023878812789917	3.7330866176077393e-10	1.6021721449543946e-10	False
52	0.12250000238418579	1.9908642768859863	1.0244618654251099	0.9664023518562317	3.748550775339865e-11	1.4619369603785515e-10	False
52	0.12250000238418579	1.9883606433868408	1.027201771736145	0.9611588716506958	4.188223379220091e-11	1.6044698902817345e-10	False
52	0.125	1.990788221359253	1.024876356124878	0.965911865234375	3.759275529757744e-11	1.4693958549916175e-10	False
52	0.11500000208616257	1.9883406162261963	1.027171015739441	0.9611696004867554	4.179566415185576e-11	1.604170823954476e-10	False
52	0.125	1.991072416305542	1.0249634981155396	0.9661089777946472	3.750772262223201e-11	1.4617840271569094e-10	False
52	0.12250000238418579	1.9885923862457275	1.0266567468643188	0.9619356989860535	4.166613234990457e-11	1.5883896975488199e-10	False
52	0.12250000238418579	1.9909484386444092	1.0248334407806396	0.9661149978637695	3.7553796877753953e-11	1.4652706825657447e-10	False
52	0.12250000238418579	1.9886083602905273	1.027346134185791	0.9612622857093811	4.185229246500555e-11	1.5993424640203813e-10	False
52	0.125	1.9910147190093994	1.0255013704299927	0.9655134081840515	3.759566616357013e-11	1.474110139509932e-10	False
52	0.11999999731779099	1.9882302284240723	1.0274803638458252	0.9607499241828918	4.199292996664994e-11	1.6151649462337048e-10	False
52	0.11999999731779099	1.9909350872039795	1.02534818649292	0.9655869603157043	3.764759684554697e-11	1.4725343167043548e-10	False
52	0.11500000208616257	1.9884487390518188	1.026994228363037	0.9614545106887817	4.1703220737820956e-11	1.6010187620096872e-10	False
52	0.11999999731779099	1.9910576343536377	1.0254895687103271	0.9655681252479553	3.7607202074685375e-11	1.4690100524905603e-10	False
52	0.125	1.9885668754577637	1.0271117687225342	0.9614551067352295	4.17525805596064e-11	1.5957929422327766e-10	False
52	0.125	1.9909673929214478	1.0252622365951538	0.965705156326294	3.7616243453442166e-11	1.4711554197077703e-10	False
52	0.11500000208616257	1.9883567094802856	1.027103066444397	0.9612536430358887	4.1812969753252105e-11	1.6060784646665383e-10	False
52	0.125	1.9909980297088623	1.024665117263794	0.9663329720497131	3.750717098016665e-11	1.4600373687834178e-10	False
52	0.11999999731779099	1.9883801937103271	1.0267786979675293	0.9616014957427979	4.1723621085898444e-11	1.598100679567338e-10	False
52	0.125	1.991032361984253	1.0250825881958008	0.9659497141838074	3.752273144974616e-11	1.4687427662973818e-10	False
52	0.11999999731779099	1.9883288145065308	1.026943564414978	0.9613852500915527	4.1878556178431836e-11	1.6045156869815003e-10	False
52	0.125	1.990891695022583	1.0245683193206787	0.9663234353065491	3.7478055381345854e-11	1.4605884557372661e-10	False
52	0.125	1.9886858463287354	1.0270694494247437	0.9616163969039917	4.173038650745475e-11	1.5981756196215002e-10	False
52	0.12250000238418579	1.9909601211547852	1.0254199504852295	0.9655402302742004	3.764352371482538e-11	1.4734720388265288e-10	False
52	0.11749999970197678	1.988572597503662	1.0272109508514404	0.9613615870475769	4.1828897984208524e-11	1.6021664550613934e-10	False
52	0.11749999970197678	1.990841269493103	1.0244605541229248	0.9663807153701782	3.750763241661126e-11	1.460303961087206e-10	False
52	0.11249999701976776	1.9883744716644287	1.0273603200912476	0.9610142111778259	4.188056498821702e-11	1.6065029861955793e-10	False
52	0.125	1.9909955263137817	1.025345802307129	0.9656497240066528	3.76052869399679e-11	1.4718501417654295e-10	False
52	0.11500000208616257	1.9886484146118164	1.0270789861679077	0.9615694880485535	4.167804990018453e-11	1.5962463295604579e-10	False
52	0.12999999523162842	1.9908380508422852	1.0246460437774658	0.9661919474601746	3.756242192287651e-11	1.4693277150534811e-10	False
52	0.12250000238418579	1.9886624813079834	1.0270414352416992	0.9616209864616394	4.179464760389884e-11	1.5916171158814052e-10	False
53	0.12999999523162842	1.6822326183319092	0.797452449798584	0.8847801089286804	4.058211405810752e-11	1.551214851014393e-10	False
53	0.125	1.7068262100219727	0.8095647096633911	0.8972615003585815	4.7704472316834057e-11	1.7390719420085077e-10	False
53	0.12999999523162842	1.6817357540130615	0.7970168590545654	0.8847188949584961	4.053453059316148e-11	1.5448559098629744e-10	False
53	0.125	1.7071231603622437	0.8097069263458252	0.8974162340164185	4.777339634998157e-11	1.747985645117467e-10	False
53	0.125	1.683435082435608	0.7979226112365723	0.8855124711990356	4.0659246802743354e-11	1.5627321658939763e-10	False
53	0.12250000238418579	1.7078967094421387	0.810259222984314	0.8976374268531799	4.771277123394313e-11	1.740931981908389e-10	False
53	0.11999999731779099	1.6821691989898682	0.7975516319274902	0.8846176266670227	4.05727569596781e-11	1.5486975590839336e-10	False
53	0.11999999731779099	1.7060623168945312	0.8091095685958862	0.8969528079032898	4.756165600250384e-11	1.732634868911731e-10	False
53	0.12999999523162842	1.6823859214782715	0.7975493669509888	0.8848365545272827	4.0670470463632924e-11	1.559017914765093e-10	False
53	0.125	1.7062160968780518	0.8092141151428223	0.8970020413398743	4.7556909799073566e-11	1.729971166319899e-10	False
53	0.125	1.6832609176635742	0.7980448007583618	0.8852161169052124	4.075254717017529e-11	1.5654248730623266e-10	False
53	0.125	1.7066181898117065	0.8094520568847656	0.8971661329269409	4.766155178859144e-11	1.7424653386832745e-10	False
53	0.13500000536441803	1.6835780143737793	0.7981522083282471	0.8854257464408875	4.070306938719348e-11	1.564472024151442e-10	False
53	0.11999999731779099	1.7075486183166504	0.8103058338165283	0.8972428441047668	4.7890177934384326e-11	1.7472109870020347e-10	False
53	0.12999999523162842	1.683501958847046	0.7981618046760559	0.88534015417099	4.078494139636568e-11	1.5604106895494851e-10	False
53	0.125	1.7067060470581055	0.8097957372665405	0.8969103693962097	4.76312982111704e-11	1.7373714966684162e-10	False
53	0.12250000238418579	1.6827929019927979	0.797818124294281	0.8849747180938721	4.066081846221259e-11	1.562230900198358e-10	False
53	0.11999999731779099	1.7072954177856445	0.8098767399787903	0.897418737411499	4.778962989226976e-11	1.7501623761351226e-10	False
53	0.125	1.6824512481689453	0.7976911067962646	0.8847602009773254	4.076566861854758e-11	1.5549418697080597e-10	False
53	0.12250000238418579	1.7082407474517822	0.810326337814331	0.897914469242096	4.778043932729403e-11	1.7610224389841278e-10	False
53	0.125	1.6846362352371216	0.7985891103744507	0.8860471248626709	4.07544241409763e-11	1.565848423146221e-10	False
53	0.12250000238418579	1.706942081451416	0.8095873594284058	0.8973546624183655	4.782080287313306e-11	1.7461401768947837e-10	False
53	0.125	1.6832380294799805	0.7978568077087402	0.8853811621665955	4.066133194036148e-11	1.5584769585963443e-10	False
53	0.1274999976158142	1.7070655822753906	0.8097915649414062	0.8972740769386292	4.7646220302510756e-11	1.7364557014509785e-10	False
53	0.13249999284744263	1.6839988231658936	0.7982884645462036	0.8857102990150452	4.0870525713776473e-11	1.5708104261769051e-10	False
53	0.11999999731779099	1.7064626216888428	0.8093896508216858	0.8970730304718018	4.766449734905365e-11	1.7414655828495995e-10	False
53	0.12250000238418579	1.6839349269866943	0.7982488870620728	0.8856860995292664	4.077053278317422e-11	1.5678448817002533e-10	False
53	0.12250000238418579	1.7074657678604126	0.8099355697631836	0.897530198097229	4.7827946464407134e-11	1.7520500328327415e-10	False
53	0.12250000238418579	1.6826634407043457	0.7977199554443359	0.884943425655365	4.067186171186066e-11	1.5599518898845588e-10	False
53	0.12250000238418579	1.7063205242156982	0.8094745874404907	0.8968459963798523	4.7579211404080723e-11	1.7313914191241508e-10	False
54	0.1274999976158142	1.7774686813354492	0.8163830041885376	0.9610856175422668	3.939767349164791e-12	3.953666560807534e-11	False
54	0.11249999701976776	1.7899647951126099	0.8162069320678711	0.9737578630447388	4.5954008827397974e-12	4.6823721983058064e-11	False
54	0.12999999523162842	1.7774953842163086	0.8163987398147583	0.9610965847969055	3.939673240416219e-12	3.9587732397761144e-11	False
54	0.11999999731779099	1.7918834686279297	0.8175138235092163	0.9743696451187134	4.618532119249341e-12	4.738191783371093e-11	False
54	0.11999999731779099	1.7821834087371826	0.8192874193191528	0.9628960490226746	3.987315685960446e-12	3.992969843658045e-11	False
54	0.11749999970197678	1.789072036743164	0.8159691095352173	0.9731029272079468	4.578384112802203e-12	4.6885453852674175e-11	False
54	0.12250000238418579	1.7761032581329346	0.8153626322746277	0.9607406854629517	3.946384885544774e-12	3.969819264981744e-11	False
54	0.12250000238418579	1.7876098155975342	0.815110981464386	0.9724988341331482	4.534197670102991e-12	4.61001931073568e-11	False
54	0.125	1.7771775722503662	0.8162587881088257	0.9609187245368958	3.9360693523948775e-12	3.966531270105378e-11	False
54	0.12250000238418579	1.788634181022644	0.815549373626709	0.9730848073959351	4.568453688263974e-12	4.6430911199157876e-11	False
54	0.11999999731779099	1.781829833984375	0.8190699219703674	0.9627599716186523	3.997715353198927e-12	4.0269367701517567e-11	False
54	0.11999999731779099	1.786934494972229	0.8148576021194458	0.9720768928527832	4.519050064710761e-12	4.568262435000747e-11	False
54	0.11749999970197678	1.7746405601501465	0.8145334720611572	0.9601070284843445	3.919406032365513e-12	3.925614000532818e-11	False
54	0.11749999970197678	1.7902677059173584	0.8165419101715088	0.9737257361412048	4.585959216540925e-12	4.66857039138624e-11	False
54	0.13500000536441803	1.7791074514389038	0.817277193069458	0.9618302583694458	3.966049277187578e-12	3.98496860509745e-11	False
54	0.12250000238418579	1.7869517803192139	0.8147830963134766	0.9721687436103821	4.532103858867487e-12	4.595092362169595e-11	False
54	0.12250000238418579	1.7768611907958984	0.8161019086837769	0.9607592821121216	3.939726149482237e-12	3.957447911040468e-11	False
54	0.12250000238418579	1.786604404449463	0.8145791888237	0.9720252156257629	4.508882850418061e-12	4.5643613888479706e-11	False
54	0.125	1.7778931856155396	0.8164107799530029	0.9614824056625366	3.967718081171467e-12	3.991012728632448e-11	False
54	0.11999999731779099	1.788543939590454	0.8153606057167053	0.9731833338737488	4.586065468353828e-12	4.6977588485930255e-11	False
54	0.125	1.778095006942749	0.8168678283691406	0.9612271189689636	3.935344237981919e-12	3.9384603217618164e-11	False
54	0.11749999970197678	1.7885797023773193	0.8155207633972168	0.9730589389801025	4.550473279435474e-12	4.617019613850637e-11	False
54	0.12999999523162842	1.77742600440979	0.8163086175918579	0.9611173868179321	3.940605654284557e-12	3.9601068951844454e-11	False
54	0.11749999970197678	1.7877048254013062	0.815250039100647	0.9724547863006592	4.528120933766644e-12	4.594558414283689e-11	False
54	0.11999999731779099	1.7803585529327393	0.8179498910903931	0.9624086022377014	3.983740420876458e-12	3.992400854357925e-11	False
54	0.11749999970197678	1.7881779670715332	0.8153902292251587	0.9727876782417297	4.5487949344724665e-12	4.619172405684324e-11	False
54	0.125	1.7790369987487793	0.8171437978744507	0.9618931412696838	3.968343882665426e-12	3.995221514729863e-11	False
54	0.125	1.7885420322418213	0.8154261112213135	0.9731159210205078	4.559610935345182e-12	4.6337978593102847e-11	False
54	0.125	1.7792904376983643	0.8174393177032471	0.9618511199951172	3.968771492002254e-12	3.978920665170804e-11	False
54	0.12250000238418579	1.7900104522705078	0.8167352676391602	0.9732751250267029	4.575847513399456e-12	4.6562503852598525e-11	False
55	0.125	1.9598314762115479	1.0009920597076416	0.9588394165039062	3.952923492006599e-12	4.6551477950185216e-11	False
55	0.125	1.9803242683410645	1.0044827461242676	0.9758414626121521	4.8156739013149874e-12	6.008037123361731e-11	False
55	0.125	1.9608392715454102	1.0017123222351074	0.9591269493103027	3.950411612413385e-12	4.672474560041273e-11	False
55	0.11999999731779099	1.984045386314392	1.006603717803955	0.977441668510437	4.939659792313478e-12	6.23657583909143e-11	False
55	0.12250000238418579	1.9612126350402832	1.0018346309661865	0.9593779444694519	3.975986640619711e-12	4.702188291516585e-11	False
55	0.12250000238418579	1.98238205909729	1.0054888725280762	0.9768932461738586	4.878951843229062e-12	6.10698783209962e-11	False
55	0.12999999523162842	1.9614160060882568	1.001865267753601	0.959550678730011	3.971704042038393e-12	4.7000143360564905e-11	False
55	0.12250000238418579	1.9821925163269043	1.0053986310958862	0.9767938852310181	4.900159271403748e-12	6.167048122174279e-11	False
55	0.11999999731779099	1.9593076705932617	1.000650405883789	0.9586572647094727	3.923793581717128e-12	4.608573939135496e-11	False
55	0.11500000208616257	1.9835609197616577	1.0062323808670044	0.9773285388946533	4.918475349224849e-12	6.18685033759725e-11	False
55	0.13500000536441803	1.9605860710144043	1.0015332698822021	0.9590528011322021	3.9542540249126734e-12	4.655724417101936e-11	False
55	0.11999999731779099	1.9826403856277466	1.0054395198822021	0.9772008657455444	4.900643259253545e-12	6.136124941491516e-11	False
55	0.125	1.9595179557800293	1.000964641571045	0.9585533738136292	3.944410336548243e-12	4.64820126833132e-11	False
55	0.125	1.9830102920532227	1.0059318542480469	0.9770784974098206	4.905551225647953e-12	6.152493792210834e-11	False
55	0.1274999976158142	1.9605648517608643	1.0014429092407227	0.9591220021247864	3.9570196078142494e-12	4.6689412752654036e-11	False
55	0.12250000238418579	1.984078288078308	1.0064547061920166	0.9776235818862915	4.953323775452878e-12	6.251678341673284e-11	False
55	0.12999999523162842	1.9606420993804932	1.0015026330947876	0.9591395258903503	3.9449008296110755e-12	4.6511499512957855e-11	False
55	0.12250000238418579	1.9827818870544434	1.005799651145935	0.9769821763038635	4.9188114518983195e-12	6.19093595832787e-11	False
55	0.125	1.960448145866394	1.0012733936309814	0.9591747522354126	3.9456406891735796e-12	4.648387230687945e-11	False
55	0.12250000238418579	1.981725811958313	1.0049968957901	0.9767289161682129	4.8533659730010115e-12	6.057264412273611e-11	False
55	0.12250000238418579	1.960518479347229	1.0014472007751465	0.9590712785720825	3.952175392507584e-12	4.661273103612196e-11	False
55	0.125	1.9827635288238525	1.0058529376983643	0.9769105315208435	4.910172095307086e-12	6.177247602323632e-11	False
55	0.1274999976158142	1.957953929901123	1.0000317096710205	0.9579221606254578	3.914141580296793e-12	4.611407783405852e-11	False
55	0.12250000238418579	1.9807612895965576	1.0046364068984985	0.9761248826980591	4.847035533356303e-12	6.05999694869297e-11	False
55	0.125	1.9597876071929932	1.0010348558425903	0.9587526917457581	3.954826049978877e-12	4.664768571416289e-11	False
55	0.11999999731779099	1.9833027124404907	1.0059928894042969	0.9773098230361938	4.935012468121336e-12	6.23215506978525e-11	False
55	0.12250000238418579	1.960986852645874	1.0016026496887207	0.9593842625617981	3.95712716066976e-12	4.665436786899235e-11	False
55	0.125	1.981727123260498	1.0051416158676147	0.9765855073928833	4.8648082090485545e-12	6.083515635690873e-11	False
55	0.125	1.9617571830749512	1.0020880699157715	0.9596691131591797	3.978807300991649e-12	4.6859505858920514e-11	False
55	0.125	1.9813681840896606	1.005248785018921	0.9761193990707397	4.847954503117702e-12	6.083591963523816e-11	False
56	0.125	2.2182273864746094	1.1231844425201416	1.0950428247451782	3.377730603895679e-12	2.7465984347996297e-11	False
56	0.12250000238418579	2.2194645404815674	1.1230957508087158	1.0963687896728516	3.1711963784097907e-12	2.6069672462436522e-11	False
56	0.125	2.218872547149658	1.1276741027832031	1.091198444366455	4.183210201846865e-12	3.538552784121407e-11	False
56	0.12999999523162842	2.2193942070007324	1.1274375915527344	1.0919564962387085	4.091807188216778e-12	3.458116085153229e-11	False
56	0.12250000238418579	2.2189788818359375	1.127589464187622	1.0913892984390259	4.154046898130481e-12	3.50875856147681e-11	False
56	0.13249999284744263	2.2192893028259277	1.127488374710083	1.0918008089065552	4.119675087177477e-12	3.476409438096795e-11	False
56	0.12250000238418579	2.2186622619628906	1.1276743412017822	1.0909878015518188	4.200426898665066e-12	3.5443679241575765e-11	False
56	0.14249999821186066	2.2191429138183594	1.1275081634521484	1.091634750366211	4.143570035697319e-12	3.49257046894369e-11	False
56	0.11999999731779099	2.2187886238098145	1.1274789571762085	1.0913095474243164	4.1582852612631616e-12	3.496838582583983e-11	False
56	0.12999999523162842	2.218797206878662	1.1275498867034912	1.091247320175171	4.1493865635122695e-12	3.485448041296024e-11	False
56	0.11999999731779099	2.218350887298584	1.127589225769043	1.0907617807388306	4.2251558154959845e-12	3.555902100549346e-11	False
56	0.12250000238418579	2.21905517578125	1.1274359226226807	1.0916191339492798	4.146854734599081e-12	3.504890128125382e-11	False
56	0.11999999731779099	2.2185707092285156	1.1275907754898071	1.090980052947998	4.209834737756157e-12	3.5395176373187454e-11	False
56	0.125	2.218997001647949	1.1276201009750366	1.091376781463623	4.1603114182831025e-12	3.520214675312161e-11	False
56	0.11999999731779099	2.2190613746643066	1.1274996995925903	1.0915617942810059	4.127015135885204e-12	3.490232408642768e-11	False
56	0.12999999523162842	2.2186667919158936	1.127638339996338	1.0910284519195557	4.1812486632764045e-12	3.531440417869902e-11	False
56	0.13500000536441803	2.2190871238708496	1.127508282661438	1.0915788412094116	4.156448622782971e-12	3.513746585359634e-11	False
56	0.12999999523162842	2.219287872314453	1.1273914575576782	1.0918962955474854	4.099789084610617e-12	3.447404167689072e-11	False
56	0.12250000238418579	2.2194340229034424	1.1274726390838623	1.09196138381958	4.109885175240802e-12	3.485114974388637e-11	False
56	0.12250000238418579	2.2194886207580566	1.1273283958435059	1.0921603441238403	4.088838208987644e-12	3.4428123546481615e-11	False
56	0.1274999976158142	2.2184181213378906	1.1277947425842285	1.0906232595443726	4.242537744725272e-12	3.589229954914508e-11	False
56	0.12999999523162842	2.2188496589660645	1.1274358034133911	1.0914137363433838	4.146284877937223e-12	3.487777081034871e-11	False
56	0.12999999523162842	2.2185463905334473	1.1276363134384155	1.0909099578857422	4.204653118733415e-12	3.5428333877707274e-11	False
56	0.11749999970197678	2.2187929153442383	1.127509355545044	1.0912835597991943	4.1825288892016754e-12	3.520507149690211e-11	False
56	0.125	2.219080924987793	1.1275885105133057	1.0914922952651978	4.148225166145103e-12	3.488676708629512e-11	False
56	0.125	2.2191076278686523	1.127495527267456	1.0916119813919067	4.146287046341568e-12	3.484586577617854e-11	False
56	0.125	2.2188658714294434	1.127603530883789	1.0912624597549438	4.1635323660971224e-12	3.507367660193772e-11	False
56	0.11999999731779099	2.21923828125	1.1274815797805786	1.091756820678711	4.128341331982588e-12	3.474399934422223e-11	False
56	0.1274999976158142	2.218864917755127	1.1276369094848633	1.0912278890609741	4.1867863342925915e-12	3.540841925220306e-11	False
56	0.125	2.2190866470336914	1.1274313926696777	1.0916552543640137	4.136138914007104e-12	3.483755645072861e-11	False
57	0.11999999731779099	2.14939546585083	1.0663208961486816	1.0830745697021484	4.519429969152e-12	3.4767785872524826e-11	False
57	0.125	2.1571390628814697	1.066174030303955	1.0909650325775146	5.989758168623016e-12	4.9011752989436275e-11	False
57	0.12250000238418579	2.149258613586426	1.0658972263336182	1.0833615064620972	4.567059837951026e-12	3.500830181302206e-11	False
57	0.11749999970197678	2.1556243896484375	1.063671588897705	1.091952919960022	6.166854353562012e-12	5.0481941543667475e-11	False
57	0.12250000238418579	2.1488289833068848	1.0651212930679321	1.083707571029663	4.580274961391018e-12	3.5258983233088514e-11	False
57	0.125	2.1555910110473633	1.0636682510375977	1.0919227600097656	6.2239189496660074e-12	5.150058157710191e-11	False
57	0.125	2.1477808952331543	1.0627787113189697	1.085002064704895	4.759454549224662e-12	3.6753322607552263e-11	False
57	0.125	2.155531167984009	1.063697099685669	1.0918340682983398	6.129121515874303e-12	5.012605608367693e-11	False
57	0.125	2.1484227180480957	1.0638436079025269	1.0845792293548584	4.666711461709383e-12	3.588967317780245e-11	False
57	0.11999999731779099	2.1537086963653564	1.0610302686691284	1.092678427696228	6.3710356434931725e-12	5.251355947311076e-11	False
57	0.12250000238418579	2.1480445861816406	1.0634243488311768	1.0846203565597534	4.680084444985688e-12	3.601769577032954e-11	False
57	0.125	2.154496669769287	1.0618036985397339	1.0926930904388428	6.279368951894737e-12	5.166245556353921e-11	False
57	0.12250000238418579	2.1490392684936523	1.0652838945388794	1.0837552547454834	4.6024967691182805e-12	3.5564953759781304e-11	False
57	0.12250000238418579	2.1560449600219727	1.064192295074463	1.0918526649475098	6.171964415241371e-12	5.062466071348304e-11	False
57	0.125	2.148184061050415	1.0635619163513184	1.0846221446990967	4.719369860184397e-12	3.63437717421089e-11	False
57	0.125	2.1557512283325195	1.064032793045044	1.091718316078186	6.124346689506677e-12	5.063324412524217e-11	False
57	0.13249999284744263	2.147367000579834	1.062217354774475	1.0851497650146484	4.783747183101372e-12	3.693062175513795e-11	False
57	0.125	2.1551437377929688	1.0632915496826172	1.0918523073196411	6.130409981736085e-12	5.030153377161284e-11	False
57	0.12250000238418579	2.1486454010009766	1.0649083852767944	1.0837370157241821	4.585163845827189e-12	3.509257467948501e-11	False
57	0.11749999970197678	2.1560099124908447	1.0641072988510132	1.0919026136398315	6.124876647528588e-12	5.026074001435177e-11	False
57	0.12999999523162842	2.1477560997009277	1.062425971031189	1.0853301286697388	4.794957399884003e-12	3.687169319865902e-11	False
57	0.11999999731779099	2.1546292304992676	1.0622620582580566	1.0923672914505005	6.243454104409851e-12	5.154037613364082e-11	False
57	0.11999999731779099	2.147952079772949	1.0637035369873047	1.0842485427856445	4.693927972004852e-12	3.609854082320396e-11	False
57	0.125	2.1570448875427246	1.066115140914917	1.0909298658370972	5.986258364010233e-12	4.924398042116529e-11	False
57	0.125	2.1490821838378906	1.0653433799743652	1.083738923072815	4.62445273047285e-12	3.569004813908094e-11	False
57	0.11999999731779099	2.15583872795105	1.063920259475708	1.0919184684753418	6.144126873941502e-12	5.0669763523858435e-11	False
57	0.11999999731779099	2.149096965789795	1.065577507019043	1.083519458770752	4.561418083526281e-12	3.49729516180286e-11	False
57	0.11999999731779099	2.156066417694092	1.0645254850387573	1.0915409326553345	6.032580684989242e-12	4.923863400341233e-11	False
57	0.12250000238418579	2.148318290710449	1.0640301704406738	1.0842880010604858	4.6715339929725985e-12	3.591767508415167e-11	False
57	0.125	2.1543712615966797	1.0615551471710205	1.0928161144256592	6.278167655887623e-12	5.1839522258179116e-11	False
58	0.11999999731779099	2.0606133937835693	0.9624252915382385	1.0981881618499756	1.2143641127393412e-11	7.697979059750892e-11	False
58	0.11999999731779099	2.1135568618774414	1.0116486549377441	1.1019080877304077	1.9134395456976705e-11	1.4934420367040957e-10	False
58	0.125	2.0546398162841797	0.9574075937271118	1.0972322225570679	1.1765544268016459e-11	7.377975314026841e-11	False
58	0.11999999731779099	2.1094300746917725	1.007964849472046	1.1014652252197266	1.8500053919345838e-11	1.4154449834435923e-10	False
58	0.13249999284744263	2.0612497329711914	0.9631086587905884	1.0981409549713135	1.2143043515155938e-11	7.727186251971219e-11	False
58	0.11999999731779099	2.109281301498413	1.0076041221618652	1.1016771793365479	1.851042236156175e-11	1.423816203827144e-10	False
58	0.13249999284744263	2.0639781951904297	0.9655234217643738	1.0984547138214111	1.2382414538159026e-11	7.933410872684732e-11	False
58	0.11999999731779099	2.107027769088745	1.0056226253509521	1.101405143737793	1.8099048301745135e-11	1.3812108401456413e-10	False
58	0.12250000238418579	2.0641446113586426	0.9656740427017212	1.0984704494476318	1.2391647603859912e-11	8.004615720258457e-11	False
58	0.12250000238418579	2.1086740493774414	1.0072638988494873	1.1014102697372437	1.8426194597909173e-11	1.4109564905329108e-10	False
58	0.1274999976158142	2.059237480163574	0.9613193273544312	1.0979180335998535	1.2097959786738777e-11	7.681780211932221e-11	False
58	0.11999999731779099	2.1078386306762695	1.0062758922576904	1.1015626192092896	1.830733654950567e-11	1.4075850207628804e-10	False
58	0.11749999970197678	2.0648255348205566	0.9662548303604126	1.0985708236694336	1.2457626943906952e-11	8.020217823201392e-11	False
58	0.11999999731779099	2.1037044525146484	1.0024125576019287	1.1012918949127197	1.7816628380962207e-11	1.3521997410670394e-10	False
58	0.12999999523162842	2.0653955936431885	0.9666754603385925	1.0987201929092407	1.2504865198881276e-11	7.913238814216683e-11	False
58	0.12250000238418579	2.1105942726135254	1.009089469909668	1.1015046834945679	1.868180436737088e-11	1.4148340832242923e-10	False
58	0.11999999731779099	2.063990592956543	0.9653669595718384	1.0986237525939941	1.247362456380241e-11	7.966277637549979e-11	False
58	0.11999999731779099	2.1047260761260986	1.003448724746704	1.1012773513793945	1.7858114292890193e-11	1.3489140360256613e-10	False
58	0.11999999731779099	2.06190824508667	0.9636207222938538	1.098287582397461	1.223891561014101e-11	7.795891016071366e-11	False
58	0.12250000238418579	2.1084024906158447	1.0068739652633667	1.101528525352478	1.84463104513366e-11	1.4198779652030424e-10	False
58	0.1274999976158142	2.0564796924591064	0.9591255784034729	1.0973541736602783	1.1890587472973557e-11	7.5396355825319e-11	False
58	0.11999999731779099	2.1079111099243164	1.0063941478729248	1.101516842842102	1.8414426233848147e-11	1.4170493944920537e-10	False
58	0.13750000298023224	2.0573112964630127	0.9596462845802307	1.0976649522781372	1.1911082363480485e-11	7.48495501690094e-11	False
58	0.125	2.107725143432617	1.0061819553375244	1.1015431880950928	1.838302600420949e-11	1.412708006132135e-10	False
58	0.12250000238418579	2.058901071548462	0.9610360264778137	1.097865104675293	1.2089506479240342e-11	7.695333259505333e-11	False
58	0.125	2.1084790229797363	1.0068833827972412	1.1015956401824951	1.835891855206384e-11	1.4107742751789942e-10	False
58	0.125	2.069176197052002	0.9700124263763428	1.0991636514663696	1.2807008058224323e-11	8.274476936964703e-11	False
58	0.11749999970197678	2.1114883422851562	1.0099936723709106	1.101494550704956	1.882058918434293e-11	1.4433473860542279e-10	False
58	0.11999999731779099	2.062307119369507	0.9640269875526428	1.0982801914215088	1.2260060154589691e-11	7.814168062614257e-11	False
58	0.11500000208616257	2.112910747528076	1.011192798614502	1.1017178297042847	1.898400187050342e-11	1.4687748239872178e-10	False
59	0.12999999523162842	2.070690631866455	1.0123955011367798	1.0582950115203857	7.98463850593123e-10	1.0664852334585362e-09	False
59	0.11999999731779099	2.1036229133605957	1.0402424335479736	1.063380479812622	1.5532695130104912e-09	2.147381161776707e-09	False
59	0.11999999731779099	2.076350688934326	1.0167144536972046	1.0596363544464111	8.522622607642916e-10	1.1610432615327682e-09	False
59	0.12250000238418579	2.10408878326416	1.0405797958374023	1.0635091066360474	1.5844915379759072e-09	2.1960815388410992e-09	False
59	0.125	2.0740904808044434	1.014914870262146	1.0591756105422974	8.253228100940646e-10	1.1097974761398177e-09	False
59	0.12250000238418579	2.104562759399414	1.0404682159423828	1.0640946626663208	1.5934699115760509e-09	2.197749982002506e-09	False
59	0.125	2.0757699012756348	1.0154973268508911	1.0602726936340332	8.449466126769778e-10	1.1330284488408893e-09	False
59	0.12250000238418579	2.104255199432373	1.040454626083374	1.0638006925582886	1.5779058060161333e-09	2.1892683221835796e-09	False
59	0.1274999976158142	2.0741920471191406	1.014892816543579	1.0592992305755615	8.251777594558973e-10	1.1093636009817942e-09	False
59	0.11749999970197678	2.105189323425293	1.0411267280578613	1.0640625953674316	1.6114575229764228e-09	2.229787909868719e-09	False
59	0.12250000238418579	2.0734362602233887	1.0141445398330688	1.0592918395996094	8.125214945309267e-10	1.0900569336058652e-09	False
59	0.11500000208616257	2.103208541870117	1.0395421981811523	1.0636664628982544	1.5330723357465104e-09	2.11285211548784e-09	False
59	0.11999999731779099	2.074936628341675	1.0154902935028076	1.0594463348388672	8.360120373751556e-10	1.1255616438887728e-09	False
59	0.11999999731779099	2.106306552886963	1.041912317276001	1.0643941164016724	1.6117760459621877e-09	2.246053787402502e-09	False
59	0.11999999731779099	2.076176643371582	1.0158500671386719	1.0603264570236206	8.400468098912484e-10	1.1304559510705303e-09	False
59	0.11999999731779099	2.1041312217712402	1.0408556461334229	1.0632754564285278	1.5921423068832041e-09	2.20733431532949e-09	False
59	0.13249999284744263	2.074625253677368	1.0153803825378418	1.0592448711395264	8.353192026966383e-10	1.1241391151273206e-09	False
59	0.12250000238418579	2.1053500175476074	1.0412846803665161	1.0640653371810913	1.60266133697462e-09	2.2221988693615913e-09	False
59	0.1274999976158142	2.0750386714935303	1.0154976844787598	1.0595409870147705	8.37704183798138e-10	1.133036775513574e-09	False
59	0.125	2.1087684631347656	1.0443975925445557	1.0643709897994995	1.7572738819637834e-09	2.4693538325237796e-09	False
59	0.12999999523162842	2.078217029571533	1.017953872680664	1.0602631568908691	8.756435576628974e-10	1.1916018172186682e-09	False
59	0.12250000238418579	2.108668088912964	1.0440447330474854	1.0646233558654785	1.7029455623429612e-09	2.3954331851427924e-09	False
59	0.12250000238418579	2.072596788406372	1.013236403465271	1.059360384941101	8.011783458883315e-10	1.0724958698915543e-09	False
59	0.11749999970197678	2.1033525466918945	1.039790391921997	1.063562035560608	1.536343496866266e-09	2.1204467071100908e-09	False
59	0.11749999970197678	2.077561378479004	1.0171546936035156	1.0604066848754883	8.580288701764971e-10	1.1661807075569186e-09	False
59	0.11749999970197678	2.1049036979675293	1.0408910512924194	1.0640127658843994	1.5987112744753063e-09	2.204405324945924e-09	False
59	0.12999999523162842	2.0796611309051514	1.0189318656921387	1.0607292652130127	8.842173104817164e-10	1.2095988655147494e-09	False
59	0.11999999731779099	2.108348846435547	1.0437369346618652	1.064611792564392	1.704480778741413e-09	2.3966093554150802e-09	False
59	0.13500000536441803	2.075963020324707	1.0162031650543213	1.0597597360610962	8.479870694522162e-10	1.1451012360552681e-09	False
59	0.125	2.1050608158111572	1.0412163734436035	1.0638444423675537	1.5962940969060924e-09	2.2157744528072953e-09	False
60	0.12999999523162842	1.1795002222061157	0.5002298951148987	0.679270327091217	8.989911925993965e-09	3.3450406888846373e-09	False
60	0.11999999731779099	1.2039117813110352	0.5307149291038513	0.6731968522071838	2.2920657372083042e-08	6.883424941150906e-09	False
60	0.11999999731779099	1.1856787204742432	0.5056328773498535	0.6800457835197449	9.24929466350477e-09	3.4583806929333605e-09	False
60	0.125	1.2016477584838867	0.5289952158927917	0.672652542591095	2.2761218687605833e-08	6.831454957278993e-09	False
60	0.12250000238418579	1.190306305885315	0.5084757804870605	0.6818305253982544	9.282059565407508e-09	3.49196938032037e-09	False
60	0.125	1.2041897773742676	0.531469464302063	0.6727203726768494	2.3172692209527668e-08	6.884861125655561e-09	False
60	0.13249999284744263	1.1843533515930176	0.5046273469924927	0.6797259449958801	9.296954317505879e-09	3.46224671154971e-09	False
60	0.125	1.2019007205963135	0.5287733674049377	0.6731273531913757	2.2414205602672155e-08	6.700952237537194e-09	False
60	0.13500000536441803	1.1847126483917236	0.5049031972885132	0.6798094511032104	9.226529762429436e-09	3.432080619703015e-09	False
60	0.12250000238418579	1.2076300382614136	0.5335245728492737	0.6741054654121399	2.3213660327314756e-08	6.9528498514159764e-09	False
60	0.1274999976158142	1.186484456062317	0.5065863728523254	0.6798980832099915	9.352346452828897e-09	3.4841223239823194e-09	False
60	0.11999999731779099	1.202711582183838	0.5294579863548279	0.6732535362243652	2.2989931736105973e-08	6.7646932500053936e-09	False
60	0.12250000238418579	1.1845310926437378	0.5046331286430359	0.6798979640007019	9.260689992629523e-09	3.484843080769906e-09	False
60	0.125	1.2030410766601562	0.530672550201416	0.6723684668540955	2.2807867594565323e-08	6.791754714186027e-09	False
60	0.125	1.1808415651321411	0.5026181936264038	0.6782233715057373	9.42490352429104e-09	3.523396685523039e-09	False
60	0.11999999731779099	1.1961696147918701	0.5259305238723755	0.6702390313148499	2.2043924019499173e-08	6.573542155052792e-09	False
60	0.12999999523162842	1.1808831691741943	0.5023837089538574	0.6784995198249817	9.100894260427594e-09	3.40776429297307e-09	False
60	0.11749999970197678	1.205061435699463	0.5320366621017456	0.6730247139930725	2.2760058726589705e-08	6.742887137534126e-09	False
60	0.125	1.1810983419418335	0.5014426708221436	0.6796556711196899	9.036964065955999e-09	3.3595330961588843e-09	False
60	0.11749999970197678	1.2089811563491821	0.5340409278869629	0.6749402284622192	2.2838106517042434e-08	6.809451669198552e-09	False
60	0.125	1.176643967628479	0.4995654821395874	0.6770784854888916	9.136661205388918e-09	3.430256301228951e-09	False
60	0.11999999731779099	1.1947011947631836	0.5251480937004089	0.6695531010627747	2.2481616568370555e-08	6.653184225768882e-09	False
60	0.1274999976158142	1.1857538223266602	0.5067132711410522	0.6790405511856079	9.288691593667409e-09	3.4973723916920108e-09	False
60	0.125	1.2009303569793701	0.5288295149803162	0.6721007823944092	2.2712345781883414e-08	6.813749120482271e-09	False
60	0.12999999523162842	1.1865389347076416	0.5063610672950745	0.6801778674125671	9.371063924845657e-09	3.508677126617954e-09	False
60	0.11500000208616257	1.2001607418060303	0.5293697714805603	0.67079097032547	2.2800625387731088e-08	6.826801790538184e-09	False
60	0.12250000238418579	1.1856768131256104	0.5062606930732727	0.6794161796569824	9.354357288771098e-09	3.520414848523501e-09	False
60	0.11999999731779099	1.1972877979278564	0.527174711227417	0.6701130867004395	2.2844588443149405e-08	6.832157506408976e-09	False
60	0.125	1.187148094177246	0.5066254734992981	0.6805225610733032	9.29979648844892e-09	3.498209943941788e-09	False
60	0.11999999731779099	1.1987595558166504	0.5271543860435486	0.671605110168457	2.2401195565180387e-08	6.636844851470869e-09	False
61	0.12250000238418579	1.0128782987594604	0.25015467405319214	0.7627236247062683	3.3667295618045046e-09	1.899662205318009e-09	False
61	0.12250000238418579	1.032078742980957	0.2537667751312256	0.7783119082450867	6.274628372437974e-09	3.137621495952203e-09	False
61	0.125	1.012638807296753	0.25004124641418457	0.7625975608825684	3.2952429673827055e-09	1.881491851207784e-09	False
61	0.11749999970197678	1.034446120262146	0.25473329424858093	0.7797127962112427	6.5069696297825885e-09	3.237752288498541e-09	False
61	0.125	1.0123844146728516	0.25001761317253113	0.7623668313026428	3.3157361301050514e-09	1.8717996042028062e-09	False
61	0.11999999731779099	1.0311013460159302	0.25331375002861023	0.7777876257896423	6.289584408847304e-09	3.1532312316784328e-09	False
61	0.11999999731779099	1.0151258707046509	0.2508614957332611	0.7642644047737122	3.3743794425333817e-09	1.8921404443261736e-09	False
61	0.11500000208616257	1.0326566696166992	0.25433045625686646	0.7783262133598328	6.41073549800808e-09	3.199402076603519e-09	False
61	0.125	1.015901803970337	0.25140315294265747	0.7644986510276794	3.369328371860547e-09	1.90953675094363e-09	False
61	0.12250000238418579	1.0327434539794922	0.2539081573486328	0.7788353562355042	6.3145630946337405e-09	3.1608118344905733e-09	False
61	0.12250000238418579	1.010459303855896	0.2489723265171051	0.7614870071411133	3.366870338084027e-09	1.9045769406034196e-09	False
61	0.125	1.0323232412338257	0.2536775469779968	0.7786456942558289	6.393477303134887e-09	3.17976311947632e-09	False
61	0.125	1.0130807161331177	0.2500093877315521	0.7630713582038879	3.4336578025317976e-09	1.9268702189378928e-09	False
61	0.11749999970197678	1.03631591796875	0.255418986082077	0.7808969616889954	6.5687681960469035e-09	3.2980627118206485e-09	False
61	0.125	1.0114332437515259	0.24917031824588776	0.7622629404067993	3.3671005983393343e-09	1.889064904503357e-09	False
61	0.12250000238418579	1.0303001403808594	0.25265881419181824	0.7776413559913635	6.3494001167896386e-09	3.1762865670970086e-09	False
61	0.125	1.013859510421753	0.25050511956214905	0.7633543610572815	3.3406708510597127e-09	1.8983103977632254e-09	False
61	0.125	1.0266695022583008	0.25137683749198914	0.775292694568634	6.158923149257589e-09	3.0719036203663563e-09	False
61	0.12250000238418579	1.0179879665374756	0.25206464529037476	0.7659233212471008	3.404666548689761e-09	1.9170136589252706e-09	False
61	0.11999999731779099	1.0291540622711182	0.25246068835258484	0.7766934037208557	6.2837335335075295e-09	3.1494828967026933e-09	False
61	0.12250000238418579	1.0168646574020386	0.2516978681087494	0.7651667594909668	3.43371020505856e-09	1.9423398445184148e-09	False
61	0.12250000238418579	1.0320574045181274	0.25364696979522705	0.7784104347229004	6.4515273123788575e-09	3.217457633652998e-09	False
61	0.125	1.0191659927368164	0.25265178084373474	0.766514241695404	3.4096252488069467e-09	1.9234915882293535e-09	False
61	0.125	1.0298547744750977	0.2523728609085083	0.7774819135665894	6.274261998839847e-09	3.1300335656681e-09	False
61	0.13500000536441803	1.015392541885376	0.25118082761764526	0.7642117142677307	3.3761340390014993e-09	1.9223980185500977e-09	False
61	0.11999999731779099	1.0324431657791138	0.2539110779762268	0.778532087802887	6.312211198178375e-09	3.1374924880367416e-09	False
61	0.125	1.015151023864746	0.25102442502975464	0.7641265392303467	3.356003697163601e-09	1.9012327268086437e-09	False
61	0.11749999970197678	1.0237815380096436	0.24978920817375183	0.7739923596382141	6.1959628538943434e-09	3.078482802010285e-09	False
61	0.1274999976158142	1.0141780376434326	0.25045859813690186	0.7637194395065308	3.3545481947783173e-09	1.8923898004175044e-09	False
61	0.125	1.0310600996017456	0.253017783164978	0.7780423164367676	6.463118928934364e-09	3.2299172225691564e-09	False
62	0.125	1.0256463289260864	0.27732017636299133	0.7483261227607727	3.208853849301363e-09	1.3459069414523128e-09	False
62	0.12250000238418579	1.0196080207824707	0.2737155258655548	0.7458924651145935	7.687001257750126e-09	2.679666266658387e-09	False
62	0.11999999731779099	1.0241420269012451	0.2767428159713745	0.7473991513252258	3.1615701168163923e-09	1.34250155436888e-09	False
62	0.11999999731779099	1.020374059677124	0.2736462950706482	0.7467278242111206	7.597327211783522e-09	2.661978415474664e-09	False
62	0.11749999970197678	1.0253064632415771	0.27709126472473145	0.7482152581214905	3.2477789346785357e-09	1.3466183723664926e-09	False
62	0.11999999731779099	1.0190188884735107	0.27310553193092346	0.7459133863449097	7.597426687766529e-09	2.6375295281155786e-09	False
62	0.125	1.0278856754302979	0.27828195691108704	0.7496036887168884	3.3279652367212975e-09	1.3667624809698964e-09	False
62	0.11500000208616257	1.017763376235962	0.27255696058273315	0.7452064156532288	7.549862957034748e-09	2.6335289504686443e-09	False
62	0.11999999731779099	1.0287797451019287	0.27888715267181396	0.7498926520347595	3.2141564965115776e-09	1.3373362417468115e-09	False
62	0.12250000238418579	1.0213027000427246	0.2741166353225708	0.7471860647201538	7.651473232783701e-09	2.672525312163998e-09	False
62	0.13500000536441803	1.0216904878616333	0.2755870819091797	0.7461034059524536	3.2082709822134348e-09	1.3462686521137357e-09	False
62	0.12250000238418579	1.0170055627822876	0.2723178565502167	0.7446877360343933	7.475082774988095e-09	2.619179317875364e-09	False
62	0.1274999976158142	1.0241360664367676	0.2766609191894531	0.7474751472473145	3.153518113307996e-09	1.328142817946798e-09	False
62	0.11500000208616257	1.0144901275634766	0.27125823497772217	0.7432318329811096	7.669463286674727e-09	2.701020962447842e-09	False
62	0.1274999976158142	1.0260021686553955	0.27737024426460266	0.7486318945884705	3.2424936069475052e-09	1.3534501297485235e-09	False
62	0.12250000238418579	1.0191115140914917	0.2730589210987091	0.7460525631904602	7.569220805692112e-09	2.6629722871263084e-09	False
62	0.12999999523162842	1.027296543121338	0.27829185128211975	0.7490046620368958	3.2497795565689103e-09	1.3594566583563505e-09	False
62	0.11999999731779099	1.0195059776306152	0.27345186471939087	0.7460540533065796	7.771889798391385e-09	2.686229905179971e-09	False
62	0.12999999523162842	1.026497721672058	0.277595579624176	0.7489021420478821	3.244940316449174e-09	1.3481452620922596e-09	False
62	0.12250000238418579	1.0179718732833862	0.27269116044044495	0.7452806830406189	7.627648734853665e-09	2.642942753539046e-09	False
62	0.125	1.0258591175079346	0.27724403142929077	0.7486151456832886	3.2707627717343257e-09	1.3695817813186295e-09	False
62	0.12250000238418579	1.0169024467468262	0.2720983028411865	0.7448040843009949	7.590529094159137e-09	2.653575803535091e-09	False
62	0.1274999976158142	1.0252128839492798	0.27688467502593994	0.7483282089233398	3.1284186352564802e-09	1.3070734494746716e-09	False
62	0.11999999731779099	1.019556999206543	0.27336835861206055	0.7461887001991272	7.646686839279937e-09	2.673004928510636e-09	False
62	0.12250000238418579	1.0305469036102295	0.27980658411979675	0.7507402896881104	3.282333960186179e-09	1.36652955617933e-09	False
62	0.12250000238418579	1.0200676918029785	0.2739138603210449	0.7461538314819336	7.775373234153449e-09	2.7248414635749896e-09	False
62	0.125	1.0302807092666626	0.27933183312416077	0.7509489059448242	3.2384610548774617e-09	1.3473157034482597e-09	False
62	0.125	1.0268968343734741	0.27707359194755554	0.7498232126235962	7.798468537600911e-09	2.7162945226422153e-09	False
62	0.12250000238418579	1.0245598554611206	0.276819109916687	0.7477407455444336	3.1931717270339277e-09	1.3389620523440726e-09	False
62	0.11999999731779099	1.0157766342163086	0.27197158336639404	0.7438049912452698	7.628292664207947e-09	2.6198767599794337e-09	False
63	0.12250000238418579	1.4859408140182495	0.544097900390625	0.9418429136276245	1.0921816784303928e-09	9.194926486877364e-10	False
63	0.11999999731779099	1.4425956010818481	0.5519616007804871	0.8906340003013611	6.0360205722531646e-09	4.42316894222472e-09	False
63	0.125	1.4791604280471802	0.5377889275550842	0.941371500492096	1.0533253158584444e-09	8.772725323957786e-10	False
63	0.11749999970197678	1.4420398473739624	0.5519516468048096	0.8900882005691528	6.008042507943401e-09	4.40051151073817e-09	False
63	0.12250000238418579	1.4800770282745361	0.538672924041748	0.9414040446281433	1.0598318889165625e-09	8.838847986858411e-10	False
63	0.11999999731779099	1.4383964538574219	0.5480806827545166	0.8903157114982605	5.893268095746862e-09	4.31636415498815e-09	False
63	0.125	1.4879531860351562	0.545973002910614	0.9419801831245422	1.0805346617459577e-09	9.079507701237333e-10	False
63	0.12250000238418579	1.4444901943206787	0.5538069605827332	0.8906832933425903	6.1074838519914465e-09	4.4508929875064496e-09	False
63	0.1274999976158142	1.4835841655731201	0.5420191884040833	0.9415649771690369	1.0620753165824226e-09	8.955520769404757e-10	False
63	0.11999999731779099	1.441766619682312	0.5516467094421387	0.8901199102401733	5.968308514070486e-09	4.353753357833057e-09	False
63	0.125	1.4882090091705322	0.5462564826011658	0.9419525861740112	1.0987274423612803e-09	9.266610256908336e-10	False
63	0.11999999731779099	1.4410898685455322	0.5504969358444214	0.8905929923057556	5.976460215606494e-09	4.357473493143971e-09	False
63	0.13249999284744263	1.4837067127227783	0.542096734046936	0.9416100382804871	1.0691836305198876e-09	9.023615743508628e-10	False
63	0.11500000208616257	1.4364275932312012	0.5470688343048096	0.8893587589263916	5.820791848520912e-09	4.222419747179629e-09	False
63	0.13500000536441803	1.4831793308258057	0.5414685010910034	0.941710889339447	1.0726097787738809e-09	8.92096785332086e-10	False
63	0.11999999731779099	1.439042568206787	0.5493403077125549	0.8897022008895874	5.917849321690483e-09	4.338330583664174e-09	False
63	0.12999999523162842	1.4852792024612427	0.5435073375701904	0.9417718648910522	1.0856539001125043e-09	9.063151340527043e-10	False
63	0.12250000238418579	1.4450092315673828	0.5543336868286133	0.8906754851341248	6.097680582684006e-09	4.475235293455171e-09	False
63	0.1274999976158142	1.4840021133422852	0.5422255396842957	0.9417766332626343	1.0682799089778428e-09	8.956476671428959e-10	False
63	0.12250000238418579	1.4386160373687744	0.5487360954284668	0.8898800015449524	5.995127949631751e-09	4.376588425003547e-09	False
63	0.125	1.4856082201004028	0.5439163446426392	0.9416918754577637	1.0749915402286092e-09	9.10847508528434e-10	False
63	0.11500000208616257	1.44316565990448	0.5527989268302917	0.8903667330741882	6.022196519239742e-09	4.395082520147753e-09	False
63	0.125	1.4868333339691162	0.5449422001838684	0.9418911933898926	1.0773346659220806e-09	9.074782592044528e-10	False
63	0.11999999731779099	1.437462329864502	0.5478457808494568	0.8896166086196899	5.773335587377915e-09	4.174200984863319e-09	False
63	0.125	1.4831479787826538	0.5413658022880554	0.9417821764945984	1.0757514878889651e-09	8.94352925051578e-10	False
63	0.125	1.4400923252105713	0.5500247478485107	0.8900675177574158	6.002434549401414e-09	4.4009538235911805e-09	False
63	0.11999999731779099	1.4852365255355835	0.5434515476226807	0.9417849779129028	1.0687963847288984e-09	8.972825260578077e-10	False
63	0.11999999731779099	1.439307689666748	0.549521803855896	0.8897859454154968	5.922076606879045e-09	4.3101442415149904e-09	False
63	0.12250000238418579	1.4849393367767334	0.5431305766105652	0.9418087601661682	1.0647409620645476e-09	8.927006356351797e-10	False
63	0.125	1.4362221956253052	0.5466725826263428	0.8895496129989624	5.963955551635536e-09	4.358688077132911e-09	False
64	0.12250000238418579	1.8653337955474854	0.8135721683502197	1.0517616271972656	7.713885086246819e-10	1.2192280518519283e-09	False
64	0.11749999970197678	1.9023544788360596	0.8369524478912354	1.0654020309448242	1.0220000401517382e-09	1.463175691718277e-09	False
64	0.1274999976158142	1.8625469207763672	0.8113021850585938	1.0512447357177734	7.59243223846795e-10	1.199587651434797e-09	False
64	0.11749999970197678	1.903592824935913	0.8377999067306519	1.0657929182052612	1.0222501733991862e-09	1.4635003209306774e-09	False
64	0.125	1.8597605228424072	0.8094955682754517	1.0502649545669556	7.592997341987484e-10	1.2057411735710843e-09	False
64	0.12250000238418579	1.9065117835998535	0.8401213884353638	1.0663903951644897	1.032189445027143e-09	1.4782176593897134e-09	False
64	0.12250000238418579	1.863720178604126	0.8122254014015198	1.051494836807251	7.611011820785052e-10	1.2024948814470804e-09	False
64	0.12250000238418579	1.9113026857376099	0.8440464735031128	1.067256212234497	1.0528190541592153e-09	1.525574111482797e-09	False
64	0.13500000536441803	1.8631062507629395	0.8113960027694702	1.0517102479934692	7.545253311036504e-10	1.183888542755085e-09	False
64	0.11999999731779099	1.9081215858459473	0.8414970636367798	1.0666245222091675	1.03444897092686e-09	1.4965014782930552e-09	False
64	0.12250000238418579	1.8656539916992188	0.813720166683197	1.051933765411377	7.704660798246721e-10	1.218699918759114e-09	False
64	0.11749999970197678	1.9060626029968262	0.8396871089935303	1.066375494003296	1.025415530264695e-09	1.4718657403989255e-09	False
64	0.12999999523162842	1.8568875789642334	0.8071298003196716	1.049757719039917	7.495752907260567e-10	1.177839048516205e-09	False
64	0.11999999731779099	1.9087209701538086	0.8417803645133972	1.0669405460357666	1.0364178404387303e-09	1.510691127748487e-09	False
64	0.125	1.8585103750228882	0.8082478046417236	1.0502625703811646	7.524711409523377e-10	1.18544329907877e-09	False
64	0.125	1.9155142307281494	0.8469449877738953	1.068569302558899	1.0558982577180132e-09	1.5347991766390123e-09	False
64	0.12250000238418579	1.859147310256958	0.8088451623916626	1.0503021478652954	7.615347796807725e-10	1.1948705358477696e-09	False
64	0.12250000238418579	1.9140896797180176	0.8460989594459534	1.067990779876709	1.057253506964173e-09	1.526984094724071e-09	False
64	0.125	1.865506887435913	0.8137525320053101	1.051754355430603	7.725141637493493e-10	1.2202836519037419e-09	False
64	0.12250000238418579	1.9005143642425537	0.8352490067481995	1.065265417098999	1.0085736690257363e-09	1.4369510026313037e-09	False
64	0.125	1.8678011894226074	0.8152741193771362	1.0525270700454712	7.700385884490402e-10	1.2245849889680471e-09	False
64	0.125	1.9176828861236572	0.8486640453338623	1.069018840789795	1.0468923505868588e-09	1.5252484830696744e-09	False
64	0.125	1.863439679145813	0.8119784593582153	1.0514612197875977	7.692343428900017e-10	1.2155614292908012e-09	False
64	0.12250000238418579	1.9071614742279053	0.8406882882118225	1.0664732456207275	1.0387418702961781e-09	1.495336965362526e-09	False
64	0.12250000238418579	1.8639161586761475	0.8127167224884033	1.0511994361877441	7.772761878577228e-10	1.2300277463239695e-09	False
64	0.125	1.9104937314987183	0.8431854248046875	1.0673083066940308	1.046299713536314e-09	1.506160640651899e-09	False
64	0.12250000238418579	1.868749976158142	0.8162248134613037	1.0525251626968384	7.797426038180788e-10	1.2443663877093059e-09	False
64	0.11749999970197678	1.9096672534942627	0.8425384759902954	1.0671287775039673	1.0384009208053158e-09	1.4948131621395078e-09	False
64	0.125	1.8560304641723633	0.8062635660171509	1.0497668981552124	7.465870699441268e-10	1.1736518423788311e-09	False
64	0.12250000238418579	1.9044126272201538	0.8383595943450928	1.066053032875061	1.0221575807989325e-09	1.4636877265772341e-09	False
65	0.12250000238418579	2.1027181148529053	0.9928175806999207	1.1099004745483398	1.000619365143507e-09	1.9334283063443536e-09	False
65	0.125	2.138413429260254	1.0303882360458374	1.108025312423706	2.643982366379305e-09	4.3352010870023605e-09	False
65	0.125	2.1406760215759277	1.0311683416366577	1.1095075607299805	2.184518788084233e-09	4.4469512516798204e-09	False
65	0.12250000238418579	2.134352207183838	1.0232114791870117	1.1111408472061157	1.876569122316596e-09	3.599684550437132e-09	False
65	0.11749999970197678	2.1388087272644043	1.0310609340667725	1.1077479124069214	2.7151620951570976e-09	4.474561610123828e-09	False
65	0.11749999970197678	2.1342782974243164	1.02316153049469	1.111116886138916	1.8569652482369747e-09	3.563307648946079e-09	False
65	0.12250000238418579	2.1389946937561035	1.0310847759246826	1.107909917831421	2.722198022553357e-09	4.52256809779783e-09	False
65	0.12250000238418579	2.1354763507843018	1.0244077444076538	1.111068606376648	1.9236194859217903e-09	3.728562347760089e-09	False
65	0.12250000238418579	2.138124942779541	1.0302457809448242	1.1078790426254272	2.6507047667934103e-09	4.3495691492978494e-09	False
65	0.14000000059604645	2.1340572834014893	1.022822380065918	1.1112349033355713	1.8485752928398824e-09	3.5320464331078938e-09	False
65	0.12250000238418579	2.1382052898406982	1.030097484588623	1.1081078052520752	2.636483031892567e-09	4.3705092878099094e-09	False
65	0.11999999731779099	2.13512921333313	1.024015188217163	1.1111140251159668	1.907066504713839e-09	3.7059779689485595e-09	False
65	0.125	2.1394054889678955	1.0312286615371704	1.108176827430725	2.6704778388619843e-09	4.437016531966265e-09	False
65	0.13500000536441803	2.135018825531006	1.0238641500473022	1.111154556274414	1.890610779042845e-09	3.6427076910428013e-09	False
65	0.1274999976158142	2.1387276649475098	1.0307148694992065	1.1080129146575928	2.6980209177907e-09	4.442060497211742e-09	False
65	0.125	2.133950710296631	1.0227558612823486	1.1111948490142822	1.8454570094306177e-09	3.539924353646029e-09	False
65	0.12250000238418579	2.139146089553833	1.03106689453125	1.108079195022583	2.677445154475322e-09	4.406263798273358e-09	False
65	0.1274999976158142	2.0821871757507324	0.9764120578765869	1.1057751178741455	8.480140478717146e-10	1.547420414027556e-09	False
65	0.12999999523162842	2.1396374702453613	1.0317702293395996	1.1078673601150513	2.74153011403655e-09	4.5127688252932785e-09	False
65	0.12250000238418579	2.1380815505981445	1.0299179553985596	1.108163595199585	2.629007012089346e-09	4.2835113234218625e-09	False
65	0.1274999976158142	2.105280637741089	0.9949589967727661	1.1103216409683228	1.023847340242412e-09	2.01217975615009e-09	False
65	0.12250000238418579	2.1369986534118652	1.0285805463790894	1.1084182262420654	2.553272704375331e-09	4.1336041256556655e-09	False
65	0.12999999523162842	2.105156660079956	0.9948545694351196	1.1103020906448364	1.0207661382821698e-09	2.0032973058192738e-09	False
65	0.11999999731779099	2.138606548309326	1.0306239128112793	1.1079826354980469	2.7209114961124214e-09	4.468937220281077e-09	False
65	0.1274999976158142	2.103323459625244	0.9933055639266968	1.1100178956985474	9.960094971006583e-10	1.926351078651578e-09	False
65	0.125	2.139333486557007	1.0311936140060425	1.1081398725509644	2.6831008526073674e-09	4.419088206475408e-09	False
65	0.125	2.103703498840332	0.9934816360473633	1.1102219820022583	1.0130062344515522e-09	1.9721462241051313e-09	False
65	0.11999999731779099	2.1398205757141113	1.0322242975234985	1.1075963973999023	2.7799562651864562e-09	4.628104122161858e-09	False
65	0.11999999731779099	2.140158176422119	1.0306732654571533	1.1094847917556763	2.2070543170826795e-09	4.478020176890141e-09	False
65	0.125	2.138134479522705	1.030076503753662	1.1080578565597534	2.6723279145102197e-09	4.408698295321756e-09	False
66	0.125	1.9414411783218384	0.979179859161377	0.9622613191604614	2.4663646125411276e-10	4.6317197299750035e-10	False
66	0.125	1.9976162910461426	1.0645780563354492	0.9330382347106934	2.796765707913096e-09	4.875478243349107e-09	False
66	0.12250000238418579	1.9434655904769897	0.9804743528366089	0.9629912376403809	2.5279300874814226e-10	4.762952809933552e-10	False
66	0.12250000238418579	1.9985414743423462	1.0655503273010254	0.9329911470413208	2.8895639214709945e-09	5.074378695013593e-09	False
66	0.12250000238418579	1.9414465427398682	0.979474663734436	0.9619719386100769	2.479968730373372e-10	4.671106279552362e-10	False
66	0.11999999731779099	1.9993927478790283	1.0657265186309814	0.9336662888526917	2.82887402391907e-09	4.943712994531779e-09	False
66	0.12250000238418579	1.947589635848999	0.9830148220062256	0.9645747542381287	2.5400398451225215e-10	4.804693309878871e-10	False
66	0.11999999731779099	1.988574504852295	1.0580224990844727	0.9305520057678223	2.7558901827262616e-09	4.831176347863675e-09	False
66	0.12999999523162842	1.946260929107666	0.9822115898132324	0.9640492796897888	2.556663214470234e-10	4.839503242592968e-10	False
66	0.125	1.9789496660232544	1.0512202978134155	0.9277293682098389	2.658693487589403e-09	4.61666438411612e-09	False
66	0.1274999976158142	1.9428794384002686	0.9801339507102966	0.9627455472946167	2.4979812662806467e-10	4.693805899513848e-10	False
66	0.12250000238418579	1.9945080280303955	1.0623046159744263	0.9322033524513245	2.8153190889668167e-09	4.9533888102359924e-09	False
66	0.12999999523162842	1.9417524337768555	0.9797629117965698	0.9619895815849304	2.497785034361044e-10	4.697073285875319e-10	False
66	0.125	1.9890581369400024	1.0585752725601196	0.9304828643798828	2.733124393472508e-09	4.764623806607915e-09	False
66	0.125	1.940171241760254	0.978927493095398	0.9612436890602112	2.468814597200719e-10	4.647819351610849e-10	False
66	0.12250000238418579	1.9868677854537964	1.0574042797088623	0.9294635057449341	2.7564537319335614e-09	4.804188602491877e-09	False
66	0.12250000238418579	1.9422621726989746	0.9801102876663208	0.9621518850326538	2.4875737580920543e-10	4.712660262029544e-10	False
66	0.12250000238418579	1.9846603870391846	1.0549507141113281	0.9297096133232117	2.733195447746084e-09	4.738808456750121e-09	False
66	0.1274999976158142	1.9434795379638672	0.9802088141441345	0.9632707238197327	2.4801419251652135e-10	4.674682307914679e-10	False
66	0.11749999970197678	1.9922263622283936	1.06138277053833	0.9308435320854187	2.833444145977637e-09	4.982374957052116e-09	False
66	0.125	1.9465599060058594	0.982369065284729	0.9641907811164856	2.52623838514765e-10	4.789622587431097e-10	False
66	0.11999999731779099	1.9873530864715576	1.0572726726531982	0.9300803542137146	2.7219215770202254e-09	4.735587921800288e-09	False
66	0.125	1.944563865661621	0.9812461137771606	0.9633176922798157	2.517973052285072e-10	4.756338656264347e-10	False
66	0.11749999970197678	1.9824047088623047	1.0536913871765137	0.928713321685791	2.6587461121607703e-09	4.638176509530467e-09	False
66	0.12999999523162842	1.9437053203582764	0.9807800054550171	0.962925374507904	2.5140708959092706e-10	4.771755768295805e-10	False
66	0.11999999731779099	1.9884216785430908	1.0583832263946533	0.9300385117530823	2.7668642932354715e-09	4.8369885874421925e-09	False
66	0.12250000238418579	1.9420726299285889	0.9793623685836792	0.9627102017402649	2.470791071740308e-10	4.670053788125017e-10	False
66	0.12250000238418579	1.9952270984649658	1.0631636381149292	0.9320634007453918	2.834729562195548e-09	4.9498964926897315e-09	False
66	0.125	1.9395959377288818	0.9780170917510986	0.9615787863731384	2.4344884441696024e-10	4.5470119336421533e-10	False
66	0.125	1.9800441265106201	1.0520198345184326	0.9280242919921875	2.66875810339684e-09	4.618805782286017e-09	False
67	0.1274999976158142	2.010550022125244	1.0368850231170654	0.9736651182174683	9.723107735615244e-11	2.0872398254212499e-10	False
67	0.12250000238418579	2.030059337615967	1.045623779296875	0.984435498714447	1.4036123652250154e-10	2.832996892632167e-10	False
67	0.12250000238418579	2.0114548206329346	1.038549780845642	0.9729049801826477	9.406408291168233e-11	2.0113069543192807e-10	False
67	0.125	2.0297696590423584	1.045712947845459	0.9840567708015442	1.410841304894106e-10	2.862600156916528e-10	False
67	0.11999999731779099	2.01077938079834	1.0369616746902466	0.9738178253173828	9.686855484414281e-11	2.0861562477492157e-10	False
67	0.11999999731779099	2.0308427810668945	1.0464792251586914	0.9843636155128479	1.37306777059365e-10	2.772719276400437e-10	False
67	0.12250000238418579	2.0108163356781006	1.0381501913070679	0.9726660847663879	9.463706901469138e-11	2.030791090845696e-10	False
67	0.11749999970197678	2.0294008255004883	1.0449548959732056	0.9844459891319275	1.3942796917021383e-10	2.825056855115804e-10	False
67	0.12999999523162842	2.0109095573425293	1.038237452507019	0.9726722240447998	9.387954302830792e-11	2.008760935368059e-10	False
67	0.125	2.0297763347625732	1.044729232788086	0.9850471615791321	1.435395136084594e-10	2.913623786682251e-10	False
67	0.125	2.0109903812408447	1.038211703300476	0.9727786183357239	9.461790378972879e-11	2.0240771558821535e-10	False
67	0.12250000238418579	2.029902935028076	1.0449095964431763	0.9849934577941895	1.405504879148367e-10	2.8208468894064254e-10	False
67	0.12250000238418579	2.01163387298584	1.038747787475586	0.9728859663009644	9.499031422555149e-11	2.0446797033280006e-10	False
67	0.125	2.029862403869629	1.0445618629455566	0.9853006601333618	1.4401145553843975e-10	2.926262565594584e-10	False
67	0.12250000238418579	2.012164831161499	1.0403140783309937	0.9718507528305054	9.266942768704212e-11	1.9934780215447034e-10	False
67	0.12250000238418579	2.0295464992523193	1.0443391799926758	0.9852073192596436	1.4150314253669194e-10	2.8621832681707815e-10	False
67	0.11999999731779099	2.0114784240722656	1.0386347770690918	0.9728435277938843	9.45429845522483e-11	2.038262197912033e-10	False
67	0.125	2.0283749103546143	1.0434951782226562	0.9848796725273132	1.4414092142089885e-10	2.912751428940652e-10	False
67	0.11249999701976776	2.0110363960266113	1.038333773612976	0.9727026224136353	9.572402592805673e-11	2.0409922363295863e-10	False
67	0.12250000238418579	2.0303876399993896	1.045670509338379	0.9847171306610107	1.3952441979547814e-10	2.8112501215815655e-10	False
67	0.12999999523162842	2.010812282562256	1.0379645824432373	0.9728477001190186	9.502078290868354e-11	2.041670305041876e-10	False
67	0.12250000238418579	2.029681444168091	1.0454490184783936	0.984232485294342	1.4187347130434347e-10	2.852984792856006e-10	False
67	0.12250000238418579	2.0119011402130127	1.0393691062927246	0.9725320339202881	9.407057077748249e-11	2.0175416892698195e-10	False
67	0.11749999970197678	2.0300986766815186	1.0453386306762695	0.9847599864006042	1.4078793686422841e-10	2.828200174054274e-10	False
67	0.11749999970197678	2.011399745941162	1.037960410118103	0.9734393954277039	9.64559890292982e-11	2.078445748843194e-10	False
67	0.11500000208616257	2.031100273132324	1.0471223592758179	0.9839779734611511	1.3792375574972482e-10	2.7666732793640847e-10	False
67	0.1274999976158142	2.0106492042541504	1.0371849536895752	0.9734643697738647	9.557413888083843e-11	2.0330122307843368e-10	False
67	0.12250000238418579	2.0298829078674316	1.0449879169464111	0.984894871711731	1.4058355868318273e-10	2.840421786665104e-10	False
67	0.12250000238418579	2.012044906616211	1.0390743017196655	0.9729705452919006	9.474335205261752e-11	2.0489783481014712e-10	False
67	0.12250000238418579	2.030134677886963	1.045469880104065	0.9846646785736084	1.403586968873327e-10	2.85441281722143e-10	False
68	0.11999999731779099	2.1482155323028564	1.0755442380905151	1.0726712942123413	6.925882090058622e-11	1.729312110176906e-10	False
68	0.11999999731779099	2.16226863861084	1.0794352293014526	1.0828335285186768	9.657399879792194e-11	2.3172831709050712e-10	False
68	0.12250000238418579	2.1481242179870605	1.0749189853668213	1.0732053518295288	7.00813920784249e-11	1.7577311828276265e-10	False
68	0.125	2.1620593070983887	1.0790934562683105	1.0829659700393677	9.731619676767167e-11	2.334528681480208e-10	False
68	0.11999999731779099	2.14789080619812	1.0755019187927246	1.0723888874053955	6.863937196399661e-11	1.7275142427664036e-10	False
68	0.11500000208616257	2.1616568565368652	1.0784615278244019	1.083195447921753	9.885139234944162e-11	2.3649815439341637e-10	False
68	0.12250000238418579	2.1480937004089355	1.0749034881591797	1.0731903314590454	6.960258064347968e-11	1.7371071248106773e-10	False
68	0.11249999701976776	2.1613876819610596	1.0785269737243652	1.0828607082366943	9.66508123534382e-11	2.295998668966348e-10	False
68	0.12250000238418579	2.148113250732422	1.0749893188476562	1.073123812675476	6.957853737610264e-11	1.7351668712972668e-10	False
68	0.125	2.161900043487549	1.0794837474822998	1.0824164152145386	9.481439938729963e-11	2.2794298393247203e-10	False
68	0.11999999731779099	2.1481218338012695	1.0753726959228516	1.072749137878418	6.937202895462846e-11	1.7393703144463757e-10	False
68	0.11999999731779099	2.1615118980407715	1.0790565013885498	1.0824552774429321	9.492436697788875e-11	2.266666021544239e-10	False
68	0.11749999970197678	2.147937297821045	1.0749433040618896	1.0729941129684448	6.967361410037398e-11	1.7481965874921457e-10	False
68	0.11999999731779099	2.161543369293213	1.0786017179489136	1.0829417705535889	9.693369718011269e-11	2.334260285064005e-10	False
68	0.125	2.14808988571167	1.074922800064087	1.0731669664382935	6.974455041275363e-11	1.7471005198110845e-10	False
68	0.11749999970197678	2.1615700721740723	1.0789620876312256	1.0826078653335571	9.559390778957066e-11	2.293824713506254e-10	False
68	0.12250000238418579	2.147569179534912	1.0748364925384521	1.07273268699646	6.882642372696424e-11	1.7315837652631672e-10	False
68	0.125	2.16158390045166	1.0791250467300415	1.082458734512329	9.529230876603734e-11	2.2806738442238128e-10	False
68	0.125	2.1477713584899902	1.0747878551483154	1.0729833841323853	6.929169737990293e-11	1.7281778785793733e-10	False
68	0.12250000238418579	2.1616108417510986	1.0786700248718262	1.0829408168792725	9.63897572869854e-11	2.31290875341017e-10	False
68	0.12250000238418579	2.147855043411255	1.0747942924499512	1.0730607509613037	6.944675390307964e-11	1.733061055775309e-10	False
68	0.11749999970197678	2.1613216400146484	1.0782920122146606	1.0830296277999878	9.704576031666079e-11	2.3254975722863946e-10	False
68	0.12250000238418579	2.1478991508483887	1.0754899978637695	1.0724092721939087	6.842620914326858e-11	1.7230844528981493e-10	False
68	0.12250000238418579	2.1617679595947266	1.079383134841919	1.0823848247528076	9.472155698686535e-11	2.2611845729159086e-10	False
68	0.11999999731779099	2.1478371620178223	1.074930191040039	1.0729070901870728	6.892961201820924e-11	1.72334146952835e-10	False
68	0.12250000238418579	2.1611368656158447	1.0781278610229492	1.0830090045928955	9.683664980997264e-11	2.326036308009094e-10	False
68	0.12250000238418579	2.1479671001434326	1.0754716396331787	1.072495460510254	6.888777742686258e-11	1.722709336293704e-10	False
68	0.11749999970197678	2.1615231037139893	1.0781042575836182	1.083418846130371	9.793708899419329e-11	2.3540128180066233e-10	False
68	0.11999999731779099	2.1480727195739746	1.075225830078125	1.07284677028656	6.92021440151791e-11	1.725651843642595e-10	False
68	0.11999999731779099	2.161649465560913	1.0787233114242554	1.0829261541366577	9.669633843634173e-11	2.3195273479714729e-10	False
69	0.125	2.085322380065918	1.095548152923584	0.9897741079330444	8.196744671895573e-11	1.93790011815409e-10	False
69	0.12250000238418579	2.1078920364379883	1.0923974514007568	1.015494465827942	1.4003061210576817e-10	2.9228824915961127e-10	False
69	0.125	2.0857579708099365	1.0955196619033813	0.9902383685112	8.260225836664858e-11	1.9494317271551154e-10	False
69	0.12250000238418579	2.106884479522705	1.0925315618515015	1.014352798461914	1.3574580348674203e-10	2.8230812132434835e-10	False
69	0.12999999523162842	2.0844550132751465	1.0956969261169434	0.9887579679489136	8.00490645991303e-11	1.8928740519452703e-10	False
69	0.11500000208616257	2.1067652702331543	1.0923460721969604	1.0144190788269043	1.3651035857265015e-10	2.854667058294069e-10	False
69	0.125	2.086064100265503	1.0955222845077515	0.9905418753623962	8.318608302193553e-11	1.960644285814439e-10	False
69	0.125	2.1066792011260986	1.0923190116882324	1.0143601894378662	1.3644160801185024e-10	2.8443283839330036e-10	False
69	0.125	2.0848357677459717	1.0955513715744019	0.9892844557762146	8.09432382231634e-11	1.9065159173603519e-10	False
69	0.11999999731779099	2.107405662536621	1.092458724975586	1.0149470567703247	1.3762586903443008e-10	2.8598304280258446e-10	False
69	0.12250000238418579	2.084770679473877	1.0954185724258423	0.9893520474433899	8.10348732560584e-11	1.9206829182660812e-10	False
69	0.12250000238418579	2.1070046424865723	1.0924781560897827	1.0145264863967896	1.3652870500813208e-10	2.8277516439523254e-10	False
69	0.1274999976158142	2.084829568862915	1.0954729318618774	0.9893566966056824	8.101173204488887e-11	1.9125848127465872e-10	False
69	0.12250000238418579	2.1067638397216797	1.0923885107040405	1.0143753290176392	1.3627576844754685e-10	2.8257166051481875e-10	False
69	0.1274999976158142	2.084500789642334	1.095428705215454	0.9890720248222351	8.097161829923039e-11	1.9154192121284552e-10	False
69	0.11749999970197678	2.108609199523926	1.0927330255508423	1.015876054763794	1.4003589954292295e-10	2.8979035837650713e-10	False
69	0.1274999976158142	2.085308313369751	1.0955078601837158	0.9898003935813904	8.214195296174509e-11	1.9398936623726826e-10	False
69	0.12250000238418579	2.106600284576416	1.0923290252685547	1.0142713785171509	1.3598072667875272e-10	2.82921575056605e-10	False
69	0.125	2.084822416305542	1.0955040454864502	0.9893183708190918	8.12691164364665e-11	1.9126028538707374e-10	False
69	0.125	2.107973575592041	1.0924090147018433	1.0155645608901978	1.4040192619635405e-10	2.9273453105993497e-10	False
69	0.12250000238418579	2.083719253540039	1.095318078994751	0.9884012341499329	7.981039440441151e-11	1.8814697022584426e-10	False
69	0.12250000238418579	2.107630968093872	1.0925010442733765	1.0151299238204956	1.3826122191584744e-10	2.886222649767234e-10	False
69	0.11999999731779099	2.0859832763671875	1.0956846475601196	0.9902986884117126	8.162638620579088e-11	1.9165011244659524e-10	False
69	0.12250000238418579	2.106234073638916	1.0922720432281494	1.0139621496200562	1.3383309738213e-10	2.795273179589941e-10	False
69	0.11999999731779099	2.0854573249816895	1.0954806804656982	0.9899765849113464	8.212940050267292e-11	1.9270178508445923e-10	False
69	0.11999999731779099	2.1078710556030273	1.0925065279006958	1.0153645277023315	1.3897585859901085e-10	2.9010419066999305e-10	False
69	0.12999999523162842	2.0860164165496826	1.0956170558929443	0.9903994202613831	8.297854764416357e-11	1.944660821262545e-10	False
69	0.11999999731779099	2.107405185699463	1.0925841331481934	1.014821171760559	1.3753452543507905e-10	2.8690344544557433e-10	False
69	0.12999999523162842	2.083855390548706	1.095533013343811	0.988322377204895	7.977422195049044e-11	1.8803469892247904e-10	False
69	0.12250000238418579	2.108093738555908	1.0924720764160156	1.015621542930603	1.3967944856307923e-10	2.9093355502496365e-10	False
70	0.13750000298023224	1.9995312690734863	1.099979281425476	0.899552047252655	7.006450281066279e-11	1.7061158041897784e-10	False
70	0.11249999701976776	2.0513558387756348	1.0981340408325195	0.95322185754776	1.339065941463602e-10	3.2439956276775206e-10	False
70	0.12250000238418579	1.998294472694397	1.1001256704330444	0.8981688022613525	6.861503726307561e-11	1.670511506901562e-10	False
70	0.12250000238418579	2.054304361343384	1.0981589555740356	0.9561453461647034	1.3655043762383912e-10	3.3378880215373385e-10	False
70	0.12250000238418579	2.0008974075317383	1.0998821258544922	0.9010151624679565	7.046761785201028e-11	1.7107015803929926e-10	False
70	0.11749999970197678	2.050601005554199	1.0977975130081177	0.9528034329414368	1.3355734573838873e-10	3.242476287468321e-10	False
70	0.1274999976158142	1.9999299049377441	1.0998451709747314	0.9000847935676575	6.998802926094783e-11	1.7141958685851222e-10	False
70	0.11999999731779099	2.0514140129089355	1.0981887578964233	0.953225314617157	1.3212560212583213e-10	3.198665776693588e-10	False
70	0.13500000536441803	1.999253511428833	1.100095510482788	0.8991579413414001	6.951997311155367e-11	1.690115825070393e-10	False
70	0.125	2.04891037940979	1.0982638597488403	0.9506465792655945	1.2839287966137647e-10	3.090883937684197e-10	False
70	0.125	2.0009992122650146	1.0997458696365356	0.9012532830238342	7.143639846329819e-11	1.7538079322143574e-10	False
70	0.11999999731779099	2.055973529815674	1.0979886054992676	0.9579848051071167	1.3900230966257254e-10	3.366905365620454e-10	False
70	0.12250000238418579	2.001689910888672	1.099700927734375	0.9019889831542969	7.157551634717763e-11	1.7583308420388022e-10	False
70	0.11500000208616257	2.055142879486084	1.0978318452835083	0.9573110342025757	1.3871051529612544e-10	3.3576502689314225e-10	False
70	0.125	1.9995367527008057	1.0999603271484375	0.8995764851570129	7.014634706425937e-11	1.70259181753174e-10	False
70	0.12250000238418579	2.05024790763855	1.0982449054718018	0.952003002166748	1.3045363400632226e-10	3.1663971444828576e-10	False
70	0.12250000238418579	2.000415563583374	1.0998562574386597	0.9005592465400696	7.050528216812069e-11	1.7297231702517735e-10	False
70	0.11999999731779099	2.0535616874694824	1.0981208086013794	0.955440878868103	1.362950446948119e-10	3.293514072577608e-10	False
70	0.1274999976158142	2.002612590789795	1.09951913356781	0.9030933380126953	7.248525391023719e-11	1.7687518116815681e-10	False
70	0.11999999731779099	2.054266929626465	1.0980356931686401	0.9562313556671143	1.3639578355650883e-10	3.28008425976023e-10	False
70	0.12250000238418579	2.002211332321167	1.0996527671813965	0.9025585055351257	7.144194263952741e-11	1.73763767263857e-10	False
70	0.125	2.0545496940612793	1.0983079671859741	0.95624178647995	1.3612373728211224e-10	3.28284122108613e-10	False
70	0.11999999731779099	1.9993880987167358	1.1000068187713623	0.8993812799453735	6.974480715182807e-11	1.6968793037364094e-10	False
70	0.12250000238418579	2.052818536758423	1.0981818437576294	0.9546367526054382	1.3450539293469177e-10	3.257253633481838e-10	False
70	0.125	2.000866651535034	1.0997166633605957	0.9011499881744385	7.042441629856455e-11	1.715772662835846e-10	False
70	0.12250000238418579	2.0557448863983154	1.0981345176696777	0.9576104283332825	1.3908632578996105e-10	3.3777283747760123e-10	False
70	0.13500000536441803	1.9993796348571777	1.0999388694763184	0.8994408249855042	7.058464229769967e-11	1.7226925441704566e-10	False
70	0.11999999731779099	2.054100513458252	1.097872257232666	0.9562282562255859	1.3744501370371864e-10	3.349760469006924e-10	False
70	0.12250000238418579	2.0006678104400635	1.0999566316604614	0.9007111191749573	7.029388876533815e-11	1.725850851119759e-10	False
70	0.11999999731779099	2.0516486167907715	1.098198652267456	0.953450083732605	1.3203950433027245e-10	3.1843050418700614e-10	False
71	0.12250000238418579	2.0566022396087646	1.1008169651031494	0.95578533411026	1.2839342089510097e-10	3.196675146810435e-10	False
71	0.12250000238418579	2.107546806335449	1.1012824773788452	1.0062642097473145	2.2994867121539642e-10	5.66473978835802e-10	False
71	0.12250000238418579	2.062455177307129	1.1005938053131104	0.961861252784729	1.3862286318833128e-10	3.491729405613597e-10	False
71	0.12250000238418579	2.104712963104248	1.1014072895050049	1.0033055543899536	2.232694307213734e-10	5.476453734942766e-10	False
71	0.11999999731779099	2.060758590698242	1.1007258892059326	0.9600326418876648	1.342552180538803e-10	3.39800521054201e-10	False
71	0.125	2.1029937267303467	1.1015838384628296	1.001409888267517	2.203038446113581e-10	5.476979425544926e-10	False
71	0.125	2.059499502182007	1.1007930040359497	0.9587064385414124	1.3331334647315174e-10	3.3799485432695064e-10	False
71	0.11749999970197678	2.1055073738098145	1.1014004945755005	1.0041069984436035	2.255971381925903e-10	5.617336595875599e-10	False
71	0.12250000238418579	2.0598161220550537	1.1007126569747925	0.9591034650802612	1.336911831240073e-10	3.3409547350871094e-10	False
71	0.11999999731779099	2.1068594455718994	1.1012475490570068	1.0056118965148926	2.3007129534846626e-10	5.69680191908617e-10	False
71	0.125	2.058274984359741	1.100820779800415	0.957454264163971	1.309180819308864e-10	3.2772154434645984e-10	False
71	0.125	2.1006405353546143	1.101649284362793	0.9989913105964661	2.1211056522307814e-10	5.143354631087504e-10	False
71	0.12999999523162842	2.056856632232666	1.1008918285369873	0.9559648633003235	1.285787171179109e-10	3.1970354141819257e-10	False
71	0.125	2.1025853157043457	1.1015743017196655	1.0010110139846802	2.183535297017869e-10	5.398513303056518e-10	False
71	0.125	2.056093215942383	1.1008151769638062	0.9552780985832214	1.2725413778280625e-10	3.162519690569354e-10	False
71	0.11999999731779099	2.101055860519409	1.1016086339950562	0.9994471669197083	2.1338011912952481e-10	5.231247657278004e-10	False
71	0.125	2.057225227355957	1.1008045673370361	0.9564206600189209	1.2920298164686983e-10	3.2139543804099446e-10	False
71	0.11999999731779099	2.1029815673828125	1.1015090942382812	1.0014724731445312	2.1908319602914617e-10	5.374234390842503e-10	False
71	0.11999999731779099	2.0572164058685303	1.1008360385894775	0.956380307674408	1.2911349767108504e-10	3.2124086724039103e-10	False
71	0.11999999731779099	2.1060523986816406	1.1011431217193604	1.0049092769622803	2.2721388659441288e-10	5.542699077487612e-10	False
71	0.12250000238418579	2.055931806564331	1.1006885766983032	0.9552432894706726	1.2753191558356747e-10	3.162760886521454e-10	False
71	0.125	2.103140115737915	1.1014994382858276	1.0016406774520874	2.1657828308541127e-10	5.324004570539387e-10	False
71	0.11999999731779099	2.058870553970337	1.1007463932037354	0.9581241607666016	1.31267607894614e-10	3.3007591104805556e-10	False
71	0.11500000208616257	2.1019043922424316	1.101557970046997	1.0003464221954346	2.1749321788000486e-10	5.303199546169424e-10	False
71	0.11999999731779099	2.0587284564971924	1.1007717847824097	0.9579566121101379	1.311512703994211e-10	3.281068750027316e-10	False
71	0.11500000208616257	2.1021485328674316	1.1014342308044434	1.0007141828536987	2.16643869510591e-10	5.283287141111259e-10	False
71	0.125	2.0591742992401123	1.100799798965454	0.9583745002746582	1.3339714055593532e-10	3.3649671937752146e-10	False
71	0.12250000238418579	2.105332851409912	1.1013405323028564	1.0039923191070557	2.242044327971371e-10	5.490849441791568e-10	False
71	0.125	2.0575904846191406	1.1007155179977417	0.9568750262260437	1.2880402300297078e-10	3.214024324460496e-10	False
71	0.12250000238418579	2.105315685272217	1.1013784408569336	1.0039371252059937	2.2447951830706359e-10	5.527505120284104e-10	False
72	0.125	1.980261206626892	1.0618841648101807	0.9183770418167114	1.1017411288838375e-10	2.4180013546981627e-10	False
72	0.125	1.9435625076293945	1.0438764095306396	0.8996860980987549	1.8775203614040947e-10	3.3380548325467885e-10	False
72	0.12250000238418579	1.9791064262390137	1.0624058246612549	0.9167006015777588	1.0831514851705748e-10	2.3699625595341445e-10	False
72	0.12250000238418579	1.9365005493164062	1.0465748310089111	0.8899256587028503	1.805006977217971e-10	3.23175458616376e-10	False
72	0.12250000238418579	1.9784183502197266	1.0622154474258423	0.916202962398529	1.0646567655259176e-10	2.331896620244578e-10	False
72	0.11500000208616257	1.939664363861084	1.0452147722244263	0.8944496512413025	1.8539496327019123e-10	3.329236886173703e-10	False
72	0.12999999523162842	1.9814162254333496	1.0619384050369263	0.9194778800010681	1.105341790319514e-10	2.434423773678418e-10	False
72	0.125	1.935238242149353	1.0476990938186646	0.8875391483306885	1.7494167225962087e-10	3.102712253788553e-10	False
72	0.125	1.9812095165252686	1.0615715980529785	0.9196379780769348	1.1020411666562424e-10	2.415631028540588e-10	False
72	0.12250000238418579	1.933139443397522	1.0476046800613403	0.8855347633361816	1.730603299554545e-10	3.109477675344863e-10	False
72	0.125	1.9840102195739746	1.0610356330871582	0.9229746460914612	1.1264710692016067e-10	2.483037941924948e-10	False
72	0.11749999970197678	1.9404526948928833	1.0444183349609375	0.8960343599319458	1.8596170436868675e-10	3.333889275758395e-10	False
72	0.1274999976158142	1.9787027835845947	1.062909722328186	0.9157931208610535	1.0658533083907074e-10	2.3316309993859363e-10	False
72	0.12250000238418579	1.9396533966064453	1.0450899600982666	0.8945634365081787	1.8321361094919553e-10	3.2646013670145635e-10	False
72	0.12250000238418579	1.9808130264282227	1.0614054203033447	0.9194076061248779	1.0987630943981586e-10	2.435066870365432e-10	False
72	0.11999999731779099	1.9360637664794922	1.0463557243347168	0.8897081017494202	1.7804503704699215e-10	3.2063832144935134e-10	False
72	0.125	1.9818099737167358	1.0619632005691528	0.919846773147583	1.0997382865474137e-10	2.406473076366211e-10	False
72	0.125	1.9410650730133057	1.0445282459259033	0.8965368270874023	1.8637633103502083e-10	3.363288259006225e-10	False
72	0.12250000238418579	1.9824072122573853	1.061606526374817	0.9208006858825684	1.1059920340672491e-10	2.435576185177979e-10	False
72	0.12999999523162842	1.9395054578781128	1.044348955154419	0.8951565027236938	1.8662095480070917e-10	3.3811903277225497e-10	False
72	0.125	1.9823722839355469	1.0612940788269043	0.9210782647132874	1.1135974087306266e-10	2.432407886221455e-10	False
72	0.11249999701976776	1.9402289390563965	1.0447050333023071	0.8955238461494446	1.833991292166104e-10	3.3081859474037856e-10	False
72	0.12999999523162842	1.9762438535690308	1.0630991458892822	0.9131447076797485	1.0618270845919042e-10	2.319714004217488e-10	False
72	0.125	1.941668152809143	1.043932557106018	0.897735595703125	1.8811727175993553e-10	3.381404323210546e-10	False
72	0.1274999976158142	1.978769302368164	1.0625272989273071	0.9162420034408569	1.0815350004467206e-10	2.376442376217369e-10	False
72	0.125	1.9414124488830566	1.044050931930542	0.8973615765571594	1.8765942966236793e-10	3.4208869070795345e-10	False
72	0.12999999523162842	1.9808404445648193	1.0618400573730469	0.9190004467964172	1.0957197649208439e-10	2.3938998006123313e-10	False
72	0.11999999731779099	1.9408551454544067	1.0445342063903809	0.8963209390640259	1.8571945370471354e-10	3.3286512435282134e-10	False
72	0.1274999976158142	1.9804863929748535	1.0620471239089966	0.9184392690658569	1.0876978484564148e-10	2.375419028144421e-10	False
72	0.11999999731779099	1.9401018619537354	1.0455288887023926	0.8945729732513428	1.8248923205899104e-10	3.2513319814242436e-10	False
73	0.12250000238418579	1.8713853359222412	1.011507272720337	0.8598780632019043	1.0108966441713108e-10	2.0638581121890098e-10	False
73	0.12250000238418579	1.7987555265426636	1.0073319673538208	0.7914235591888428	1.5811854603420272e-10	2.6649465967309993e-10	False
73	0.13750000298023224	1.867255687713623	1.0118721723556519	0.8553835153579712	9.906316045249497e-11	2.0107325526819153e-10	False
73	0.12250000238418579	1.800337791442871	1.0071882009506226	0.7931495308876038	1.6152093551546898e-10	2.717607250346532e-10	False
73	0.11749999970197678	1.8679132461547852	1.012435793876648	0.8554773926734924	9.837436421022971e-11	1.9935292305817143e-10	False
73	0.11999999731779099	1.7993743419647217	1.0069520473480225	0.7924222350120544	1.6114826140167793e-10	2.74409633904682e-10	False
73	0.13500000536441803	1.8646427392959595	1.0122644901275635	0.852378249168396	9.733124028965534e-11	1.9974649712040105e-10	False
73	0.11999999731779099	1.7980401515960693	1.0075359344482422	0.7905041575431824	1.574239488766338e-10	2.6445171052991157e-10	False
73	0.12999999523162842	1.8693621158599854	1.0114701986312866	0.8578919172286987	1.006446662121796e-10	2.047445268882342e-10	False
73	0.125	1.7995564937591553	1.0067757368087769	0.7927807569503784	1.6027881799551835e-10	2.6961802235270227e-10	False
73	0.12250000238418579	1.8676608800888062	1.0119738578796387	0.8556870222091675	9.86183495976789e-11	1.9993753874736342e-10	False
73	0.11500000208616257	1.7984027862548828	1.0081243515014648	0.790278434753418	1.5745149628543231e-10	2.6312688139462637e-10	False
73	0.11749999970197678	1.8662116527557373	1.0115807056427002	0.8546310067176819	9.89081733182573e-11	2.0304809222881914e-10	False
73	0.125	1.8005261421203613	1.0067764520645142	0.7937497496604919	1.6104959033036437e-10	2.7059529617012856e-10	False
73	0.125	1.866023063659668	1.0122398138046265	0.8537833094596863	9.79946540580201e-11	1.9865786793360485e-10	False
73	0.125	1.797957181930542	1.007573127746582	0.79038405418396	1.5820098009378114e-10	2.6623930837743615e-10	False
73	0.125	1.8631248474121094	1.0118801593780518	0.8512446880340576	9.698873648655848e-11	1.9760951208702693e-10	False
73	0.12250000238418579	1.8031809329986572	1.0067100524902344	0.7964708209037781	1.6362144972248416e-10	2.7566868232575814e-10	False
73	0.12250000238418579	1.8619706630706787	1.011900544166565	0.850070059299469	9.643804504966269e-11	1.9524123984204778e-10	False
73	0.10999999940395355	1.7994320392608643	1.0068668127059937	0.7925651669502258	1.6049653273064735e-10	2.713362312611878e-10	False
73	0.12250000238418579	1.861783504486084	1.0124503374099731	0.8493332266807556	9.557150904004885e-11	1.94007365728055e-10	False
73	0.10999999940395355	1.801802158355713	1.0064043998718262	0.7953976988792419	1.6187594320538068e-10	2.71237865501206e-10	False
73	0.125	1.866254448890686	1.0118372440338135	0.8544172048568726	9.84231723899498e-11	1.9997926925530152e-10	False
73	0.11500000208616257	1.800478219985962	1.0069819688796997	0.7934961915016174	1.6084353293699394e-10	2.716530889124158e-10	False
73	0.12250000238418579	1.8683643341064453	1.0118768215179443	0.856487512588501	9.893483254863611e-11	2.009003935432574e-10	False
73	0.11999999731779099	1.8032500743865967	1.0065633058547974	0.7966867685317993	1.6399752389428812e-10	2.7788468748290995e-10	False
73	0.125	1.8663501739501953	1.0119973421096802	0.8543528914451599	9.796323474642321e-11	1.9775059367788117e-10	False
73	0.12250000238418579	1.8000259399414062	1.0070929527282715	0.79293292760849	1.6080610454327626e-10	2.696099177246225e-10	False
73	0.125	1.8658618927001953	1.012274980545044	0.8535868525505066	9.75828098881415e-11	1.983109509939851e-10	False
73	0.11749999970197678	1.7995346784591675	1.0078537464141846	0.7916809320449829	1.5767961936141717e-10	2.6204421965658753e-10	False
74	0.11999999731779099	1.875403642654419	0.9516513347625732	0.9237523078918457	1.3593157155433744e-10	2.919633146358791e-10	False
74	0.125	1.8952441215515137	0.9319977164268494	0.9632464051246643	2.3376342528358407e-10	5.03329267154129e-10	False
74	0.13500000536441803	1.8788871765136719	0.9527167081832886	0.9261705279350281	1.3942060006488788e-10	3.0214206137024746e-10	False
74	0.11999999731779099	1.89630126953125	0.9316281080245972	0.9646731019020081	2.3298091234025264e-10	5.041853046172662e-10	False
74	0.12250000238418579	1.8787050247192383	0.9523071050643921	0.926397979259491	1.3977713431145844e-10	3.0481939194970664e-10	False
74	0.125	1.9034537076950073	0.9327808618545532	0.9706728458404541	2.428715561997308e-10	5.215749498965749e-10	False
74	0.12999999523162842	1.8802560567855835	0.952796459197998	0.9274595975875854	1.400063537326801e-10	3.0456381860943793e-10	False
74	0.11999999731779099	1.8959815502166748	0.9316295385360718	0.9643519520759583	2.336036919459161e-10	4.991113078389731e-10	False
74	0.1274999976158142	1.872772455215454	0.9519989490509033	0.920773446559906	1.3410025867521824e-10	2.8818800124064126e-10	False
74	0.125	1.8955321311950684	0.930804431438446	0.9647277593612671	2.393437115166819e-10	5.1648418875061e-10	False
74	0.125	1.881844162940979	0.9530164003372192	0.9288277626037598	1.3919071450985143e-10	2.991795144957621e-10	False
74	0.12250000238418579	1.8959589004516602	0.9317129850387573	0.9642458558082581	2.3537860549538436e-10	5.029379135379486e-10	False
74	0.12250000238418579	1.8768141269683838	0.9525166749954224	0.9242975115776062	1.364868218445281e-10	2.9406660440045584e-10	False
74	0.11999999731779099	1.9008779525756836	0.9345534443855286	0.9663244485855103	2.339714533228232e-10	5.01125474450248e-10	False
74	0.12999999523162842	1.8796756267547607	0.9519771337509155	0.9276984333992004	1.3937040410638701e-10	3.0218266777737313e-10	False
74	0.11999999731779099	1.8934738636016846	0.9326170682907104	0.9608568549156189	2.2684445988296886e-10	4.872536818467665e-10	False
74	0.12250000238418579	1.881805658340454	0.9519492983818054	0.9298563599586487	1.4362994127381512e-10	3.1281843781982843e-10	False
74	0.11249999701976776	1.89708411693573	0.9322991967201233	0.9647849202156067	2.3481400157621124e-10	5.015667881025365e-10	False
74	0.125	1.8778276443481445	0.952517032623291	0.9253105521202087	1.3701383083652985e-10	2.9361446607367725e-10	False
74	0.11999999731779099	1.8965704441070557	0.931999921798706	0.9645704627037048	2.361087159119535e-10	5.10413100673901e-10	False
74	0.11999999731779099	1.8795194625854492	0.9521709084510803	0.9273485541343689	1.397175569683995e-10	3.010465765562742e-10	False
74	0.11999999731779099	1.899413824081421	0.9321122765541077	0.967301607131958	2.408102606210605e-10	5.182848594742495e-10	False
74	0.12250000238418579	1.8796403408050537	0.9523664712905884	0.9272738695144653	1.3940264220746457e-10	3.0105107295952394e-10	False
74	0.11999999731779099	1.897986650466919	0.9328762888908386	0.9651103019714355	2.319801017947043e-10	4.946512643932977e-10	False
74	0.12250000238418579	1.8808958530426025	0.9528377056121826	0.9280580878257751	1.3994101710768092e-10	3.027009753964194e-10	False
74	0.125	1.8973314762115479	0.9335290193557739	0.9638024568557739	2.2997129200952315e-10	4.89766283084947e-10	False
74	0.12999999523162842	1.8751389980316162	0.951500415802002	0.9236385226249695	1.3410271504366023e-10	2.860071068866432e-10	False
74	0.12250000238418579	1.8979485034942627	0.9324167370796204	0.9655317664146423	2.3561888551348886e-10	5.070615594071626e-10	False
74	0.12250000238418579	1.8786747455596924	0.9517702460289001	0.9269044399261475	1.4053327945795502e-10	3.049956676104415e-10	False
74	0.11999999731779099	1.898413062095642	0.9326400756835938	0.9657729864120483	2.320086900375884e-10	4.950010401572058e-10	False
75	0.125	1.9407248497009277	0.9649628400802612	0.9757620692253113	1.453344389279465e-10	2.804355081487131e-10	False
75	0.12250000238418579	1.9525858163833618	0.9434026479721069	1.0091831684112549	2.2338403349309033e-10	4.241962892059803e-10	False
75	0.125	1.940161943435669	0.9657759666442871	0.9743859171867371	1.4304764317518703e-10	2.7476035335816107e-10	False
75	0.11999999731779099	1.9558138847351074	0.9402031898498535	1.015610694885254	2.3904561663457e-10	4.565307298864951e-10	False
75	0.1274999976158142	1.939924955368042	0.9665248990058899	0.9733999967575073	1.3968626255689287e-10	2.65575200719681e-10	False
75	0.11999999731779099	1.9539915323257446	0.9413559436798096	1.012635588645935	2.3358351364244356e-10	4.4906026119839737e-10	False
75	0.12999999523162842	1.9384204149246216	0.9660085439682007	0.9724118709564209	1.3982152935465564e-10	2.656412867452218e-10	False
75	0.12250000238418579	1.9530993700027466	0.9429055452346802	1.0101938247680664	2.2805672628134488e-10	4.301942690965177e-10	False
75	0.12250000238418579	1.9383294582366943	0.9664021730422974	0.9719272255897522	1.4053609664888e-10	2.691236677954123e-10	False
75	0.11999999731779099	1.9518496990203857	0.9428478479385376	1.0090018510818481	2.24653226577054e-10	4.268073949820206e-10	False
75	0.1274999976158142	1.938344955444336	0.9662145972251892	0.9721304178237915	1.404474592181515e-10	2.6600721625413826e-10	False
75	0.11749999970197678	1.9529533386230469	0.9414587020874023	1.0114946365356445	2.2964881385423297e-10	4.3623604728537657e-10	False
75	0.12250000238418579	1.9401730298995972	0.9661062955856323	0.9740667343139648	1.414854761128126e-10	2.6976804123890474e-10	False
75	0.12250000238418579	1.9530032873153687	0.9419164657592773	1.0110868215560913	2.2964807833147916e-10	4.3852677045208566e-10	False
75	0.125	1.9407583475112915	0.964849591255188	0.9759087562561035	1.4483116095309612e-10	2.7564600602048017e-10	False
75	0.12250000238418579	1.953270435333252	0.9427765607833862	1.0104938745498657	2.2813084754602642e-10	4.3012154948840475e-10	False
75	0.14249999821186066	1.9398914575576782	0.9651550054550171	0.9747364521026611	1.4481343901806554e-10	2.770822460362865e-10	False
75	0.12250000238418579	1.9522558450698853	0.9415546655654907	1.0107011795043945	2.30457278260765e-10	4.377271878297506e-10	False
75	0.12250000238418579	1.9404504299163818	0.9659004211425781	0.9745500683784485	1.4419809790666704e-10	2.75774986180366e-10	False
75	0.125	1.9544041156768799	0.9412737488746643	1.0131303071975708	2.3532426007832896e-10	4.4842768387454157e-10	False
75	0.12250000238418579	1.93802809715271	0.9664105176925659	0.9716175198554993	1.392316956172479e-10	2.6517199547271275e-10	False
75	0.11999999731779099	1.9515808820724487	0.942033052444458	1.0095478296279907	2.2497906315699367e-10	4.2408893063949904e-10	False
75	0.125	1.9405665397644043	0.9660085439682007	0.9745579361915588	1.4335335696280538e-10	2.7387694889746683e-10	False
75	0.11999999731779099	1.9533635377883911	0.9421311616897583	1.0112323760986328	2.3044652297521395e-10	4.39764863413572e-10	False
75	0.125	1.9396319389343262	0.9653851389884949	0.9742467403411865	1.419422634985068e-10	2.712046975883453e-10	False
75	0.11999999731779099	1.955632209777832	0.9419744610786438	1.013657808303833	2.3472129795365504e-10	4.4618306271893005e-10	False
75	0.12250000238418579	1.940352201461792	0.9660539627075195	0.9742981791496277	1.4137363502086941e-10	2.712465529963737e-10	False
75	0.11999999731779099	1.9530787467956543	0.9423184394836426	1.0107603073120117	2.2857915560337005e-10	4.342785020483575e-10	False
75	0.1274999976158142	1.9395604133605957	0.9659635424613953	0.9735968708992004	1.418715839252016e-10	2.723702374751724e-10	False
75	0.125	1.9535268545150757	0.9416099786758423	1.0119168758392334	2.3046903274703823e-10	4.3923784054378245e-10	False
76	0.12250000238418579	1.96328604221344	0.9855799674987793	0.9777060747146606	9.205480822060963e-11	1.82497683631766e-10	False
76	0.125	1.8933112621307373	0.9897763729095459	0.9035348296165466	1.762633511370737e-10	3.1323157956286707e-10	False
76	0.12250000238418579	1.9649977684020996	0.9852114915847778	0.979786217212677	9.411664503300443e-11	1.8852643057787333e-10	False
76	0.125	1.8912907838821411	0.9889905452728271	0.902300238609314	1.7512132022279303e-10	3.0780966664423204e-10	False
76	0.12999999523162842	1.9679796695709229	0.9842358231544495	0.9837437868118286	9.710020981712475e-11	1.964162443801598e-10	False
76	0.125	1.88751220703125	0.9903854131698608	0.8971268534660339	1.717098963016639e-10	3.008290005990233e-10	False
76	0.13750000298023224	1.9627043008804321	0.9852604866027832	0.9774438142776489	9.220114949304303e-11	1.82532128301105e-10	False
76	0.125	1.888789176940918	0.9905036687850952	0.8982855081558228	1.7270844476779956e-10	3.039436202723067e-10	False
76	0.12250000238418579	1.9658195972442627	0.985353946685791	0.9804656505584717	9.392506217231755e-11	1.8791415645758036e-10	False
76	0.125	1.8835375308990479	0.99101722240448	0.8925203084945679	1.6701327820722867e-10	2.927960651710748e-10	False
76	0.11999999731779099	1.962386131286621	0.98487788438797	0.9775083065032959	9.241682419336428e-11	1.8504787979711779e-10	False
76	0.12250000238418579	1.888624668121338	0.9900474548339844	0.8985772132873535	1.7222683001971717e-10	3.001326409624028e-10	False
76	0.125	1.9652948379516602	0.9844523668289185	0.9808424115180969	9.489208724344778e-11	1.8950821467633716e-10	False
76	0.11749999970197678	1.8864879608154297	0.9902960658073425	0.8961918950080872	1.7112010419761958e-10	2.982470104218038e-10	False
76	0.12250000238418579	1.9630439281463623	0.9851835370063782	0.9778603315353394	9.295854364044231e-11	1.8419950287285047e-10	False
76	0.125	1.888264775276184	0.9908021688461304	0.8974626064300537	1.7096549176365272e-10	2.980147240094766e-10	False
76	0.125	1.96280038356781	0.9846737384796143	0.9781266450881958	9.297956155007725e-11	1.8600358753229074e-10	False
76	0.11500000208616257	1.8899011611938477	0.9900175929069519	0.899883508682251	1.7410890784663735e-10	3.05124814303781e-10	False
76	0.11999999731779099	1.966900110244751	0.9849669933319092	0.9819331765174866	9.537209216814446e-11	1.8981245741844788e-10	False
76	0.12250000238418579	1.8871489763259888	0.9903154373168945	0.8968335390090942	1.6950980896712764e-10	2.953612077138956e-10	False
76	0.13500000536441803	1.9616315364837646	0.9847496747970581	0.9768818020820618	9.208115520076277e-11	1.8183374250746454e-10	False
76	0.11749999970197678	1.886240005493164	0.9902844429016113	0.8959556221961975	1.679641425944567e-10	2.922194430876601e-10	False
76	0.12250000238418579	1.9613215923309326	0.9851124286651611	0.9762091040611267	9.093212294253306e-11	1.7838849841744775e-10	False
76	0.12250000238418579	1.8920073509216309	0.9899651408195496	0.9020422697067261	1.7565995880097773e-10	3.084029420730161e-10	False
76	0.125	1.967622995376587	0.9852837920188904	0.9823392629623413	9.589246063868018e-11	1.911499153406382e-10	False
76	0.12250000238418579	1.8842403888702393	0.9908818602561951	0.8933584690093994	1.685153960817587e-10	2.9261054690365995e-10	False
76	0.12250000238418579	1.9658427238464355	0.9852091670036316	0.980633556842804	9.549402935071782e-11	1.9226552294693278e-10	False
76	0.125	1.8841420412063599	0.9900534152984619	0.894088625907898	1.6892312548755228e-10	2.933376597180626e-10	False
76	0.12250000238418579	1.9604684114456177	0.9855377674102783	0.9749306440353394	8.984506194575914e-11	1.7783369221646694e-10	False
76	0.12250000238418579	1.8895065784454346	0.9909864664077759	0.8985200524330139	1.7119318462821553e-10	2.98427449418881e-10	False
77	0.12250000238418579	1.922187328338623	0.9553777575492859	0.9668095707893372	6.80877507153177e-11	1.5373355366499197e-10	False
77	0.11749999970197678	1.789341688156128	0.9434071779251099	0.8459344506263733	1.1971310054370576e-10	2.1099216818143418e-10	False
77	0.12250000238418579	1.9188274145126343	0.9549287557601929	0.9638986587524414	6.708084088202781e-11	1.4980290619082126e-10	False
77	0.11999999731779099	1.7915911674499512	0.9431979060173035	0.8483933210372925	1.211417077762178e-10	2.1462780164238637e-10	False
77	0.12999999523162842	1.9170801639556885	0.9553418159484863	0.9617383480072021	6.595997359415406e-11	1.475495420288908e-10	False
77	0.12250000238418579	1.785226821899414	0.943578839302063	0.8416479229927063	1.158903251141652e-10	2.0452448068475348e-10	False
77	0.12999999523162842	1.9204031229019165	0.9546823501586914	0.9657207727432251	6.777183675366061e-11	1.5273922404634988e-10	False
77	0.125	1.7908623218536377	0.9437251687049866	0.8471372127532959	1.1909208341709387e-10	2.0938194233988128e-10	False
77	0.11999999731779099	1.922591209411621	0.9546310901641846	0.9679601192474365	6.897158538743398e-11	1.5585052692834722e-10	False
77	0.12250000238418579	1.785773754119873	0.9441778659820557	0.8415958881378174	1.1513560937981282e-10	2.0238484499390808e-10	False
77	0.12999999523162842	1.9176281690597534	0.9541767835617065	0.9634513854980469	6.700923149693949e-11	1.5055953705989111e-10	False
77	0.11999999731779099	1.7889909744262695	0.9447290301322937	0.8442619442939758	1.1741119188002358e-10	2.068940851973622e-10	False
77	0.13500000536441803	1.9219334125518799	0.9552009105682373	0.9667325615882874	6.80158360188976e-11	1.5333566361075412e-10	False
77	0.11749999970197678	1.7863194942474365	0.9441978931427002	0.8421216011047363	1.1613139616617474e-10	2.0523283073003995e-10	False
77	0.11999999731779099	1.9248037338256836	0.9544424414634705	0.9703612923622131	7.030530324581008e-11	1.590329118394962e-10	False
77	0.11999999731779099	1.7913321256637573	0.9431718587875366	0.8481602668762207	1.200559235359222e-10	2.1212956391458704e-10	False
77	0.125	1.9203124046325684	0.9544816017150879	0.9658307433128357	6.819261821888745e-11	1.5353318616462275e-10	False
77	0.12250000238418579	1.7886016368865967	0.943145751953125	0.8454558253288269	1.1773576558127274e-10	2.0923979215936583e-10	False
77	0.125	1.9193902015686035	0.954820990562439	0.9645692110061646	6.730774271268558e-11	1.5038079115292646e-10	False
77	0.11749999970197678	1.7894543409347534	0.9441909790039062	0.8452633619308472	1.1833467539190679e-10	2.0969441461016203e-10	False
77	0.12250000238418579	1.9206066131591797	0.9549733400344849	0.9656332731246948	6.801913893239586e-11	1.538232735631695e-10	False
77	0.12250000238418579	1.7889416217803955	0.9432209730148315	0.8457207083702087	1.1760370455249358e-10	2.0747796536380037e-10	False
77	0.12999999523162842	1.9205005168914795	0.9552862644195557	0.9652143120765686	6.779307670790047e-11	1.5284803978055095e-10	False
77	0.11999999731779099	1.793142557144165	0.9427750110626221	0.8503676056861877	1.2221371137322024e-10	2.175258029257776e-10	False
77	0.12250000238418579	1.919646978378296	0.9555221796035767	0.9641247987747192	6.697986609793816e-11	1.4991263785901765e-10	False
77	0.11500000208616257	1.7857780456542969	0.944055438041687	0.8417226076126099	1.1597971194543533e-10	2.041544294728581e-10	False
77	0.12250000238418579	1.9218060970306396	0.9550139307975769	0.9667922258377075	6.837115595903498e-11	1.5390030916329067e-10	False
77	0.12250000238418579	1.7917102575302124	0.9441543817520142	0.8475558757781982	1.207478145248686e-10	2.1270855909971687e-10	False
77	0.12999999523162842	1.9229762554168701	0.9553740620613098	0.9676022529602051	6.873232538673335e-11	1.5463669233994892e-10	False
77	0.12250000238418579	1.7911205291748047	0.9454385042190552	0.8456820845603943	1.1853018566654328e-10	2.077628902252826e-10	False
78	0.12999999523162842	1.7632930278778076	0.8403874635696411	0.9229056239128113	5.954095549931537e-11	1.3804564436004085e-10	False
78	0.12250000238418579	1.7733221054077148	0.8185880184173584	0.9547341465950012	9.641470261056995e-11	2.163609708061287e-10	False
78	0.12999999523162842	1.764568567276001	0.8401284217834473	0.9244402050971985	5.96328125768153e-11	1.3824252853567032e-10	False
78	0.11999999731779099	1.7757264375686646	0.8185129761695862	0.9572134613990784	9.906378495294632e-11	2.2346553774088562e-10	False
78	0.125	1.7628369331359863	0.8398397564888	0.9229971170425415	5.919273404764169e-11	1.3720896641089553e-10	False
78	0.11500000208616257	1.7752304077148438	0.8183552622795105	0.9568751454353333	9.974263082135337e-11	2.2689222722860336e-10	False
78	0.12999999523162842	1.765049934387207	0.841111421585083	0.9239385724067688	6.003675334653735e-11	1.3954569444418752e-10	False
78	0.11749999970197678	1.7733144760131836	0.8176538944244385	0.9556606411933899	9.750533713770437e-11	2.1956414464341378e-10	False
78	0.125	1.7684032917022705	0.841015100479126	0.9273881316184998	6.137167163355883e-11	1.4278603299722192e-10	False
78	0.12250000238418579	1.7750152349472046	0.8190397024154663	0.9559755325317383	9.675828194222191e-11	2.1650842230158673e-10	False
78	0.1274999976158142	1.765225887298584	0.8404093980789185	0.9248164892196655	6.023157667067736e-11	1.4028334049953628e-10	False
78	0.11500000208616257	1.7724230289459229	0.8176507949829102	0.9547722339630127	9.741667889029415e-11	2.194237014307987e-10	False
78	0.12250000238418579	1.764890432357788	0.8393136858940125	0.9255768060684204	6.116745304707294e-11	1.4217504951119508e-10	False
78	0.125	1.7769919633865356	0.8193149566650391	0.9576770067214966	1.0038178621663008e-10	2.2845531022497312e-10	False
78	0.12250000238418579	1.7639539241790771	0.8405370712280273	0.923416793346405	5.94754731575442e-11	1.3770408424651492e-10	False
78	0.12250000238418579	1.775971531867981	0.8199467062950134	0.9560248255729675	9.84585191154963e-11	2.227002610100115e-10	False
78	0.12250000238418579	1.766974925994873	0.8402080535888672	0.9267668724060059	6.122149315279657e-11	1.415733780207873e-10	False
78	0.11999999731779099	1.7748668193817139	0.8181042075157166	0.9567626714706421	9.80498876534952e-11	2.2074275740635585e-10	False
78	0.1274999976158142	1.7641187906265259	0.8406851291656494	0.9234336614608765	5.9538526886449e-11	1.373261365733569e-10	False
78	0.11500000208616257	1.775418996810913	0.8182778358459473	0.957141101360321	9.832189923342227e-11	2.2104390540178542e-10	False
78	0.13500000536441803	1.7645423412322998	0.839979350566864	0.9245629906654358	6.081825321135881e-11	1.4138953896569717e-10	False
78	0.11500000208616257	1.7722846269607544	0.8184244632720947	0.9538601636886597	9.530057298867689e-11	2.146395838842352e-10	False
78	0.125	1.76649808883667	0.8406962752342224	0.9258018732070923	6.103333116680432e-11	1.4315457153024624e-10	False
78	0.12250000238418579	1.7769575119018555	0.8193820714950562	0.9575753808021545	9.943241369159139e-11	2.2478256755942283e-10	False
78	0.13249999284744263	1.7627434730529785	0.8404476642608643	0.9222957491874695	5.952353193672266e-11	1.3793782782656194e-10	False
78	0.11999999731779099	1.7748336791992188	0.8169726133346558	0.9578610062599182	1.001262683875126e-10	2.2582508085733366e-10	False
78	0.125	1.7644798755645752	0.840061604976654	0.9244183301925659	6.024716142638553e-11	1.391388115834502e-10	False
78	0.11749999970197678	1.775090217590332	0.8188464641571045	0.9562437534332275	9.806630507647185e-11	2.2001350741263082e-10	False
78	0.1274999976158142	1.7652338743209839	0.8400427103042603	0.9251911640167236	6.064920787807182e-11	1.411366995496266e-10	False
78	0.11999999731779099	1.774716854095459	0.8179576396942139	0.9567591547966003	9.967771746888232e-11	2.2489522744084667e-10	False
79	0.12999999523162842	1.910365104675293	0.9550610780715942	0.9553040862083435	4.415547788516605e-11	1.2006573513190233e-10	False
79	0.12250000238418579	1.8997564315795898	0.9555630683898926	0.9441933035850525	8.802231166171737e-11	2.480569361029694e-10	False
79	0.12999999523162842	1.9082093238830566	0.9549700021743774	0.9532393217086792	4.303107523084826e-11	1.1856411685773338e-10	False
79	0.11999999731779099	1.9005143642425537	0.9545168876647949	0.9459975361824036	9.073949924776059e-11	2.597125292602698e-10	False
79	0.12250000238418579	1.908022165298462	0.9547690153121948	0.9532532095909119	4.3169925967312395e-11	1.1828804602487253e-10	False
79	0.12250000238418579	1.901152491569519	0.9542546272277832	0.9468978643417358	9.128677674885566e-11	2.6141577791349846e-10	False
79	0.12250000238418579	1.90617036819458	0.954793393611908	0.9513769149780273	4.215342311320036e-11	1.144133121577795e-10	False
79	0.11500000208616257	1.899739384651184	0.9546248912811279	0.9451144933700562	8.939790574480355e-11	2.5520555113622834e-10	False
79	0.13249999284744263	1.9061481952667236	0.9543147087097168	0.9518334865570068	4.289861174622267e-11	1.170407659678574e-10	False
79	0.12250000238418579	1.9002424478530884	0.954473614692688	0.9457688331604004	9.013441382155207e-11	2.5692764582530003e-10	False
79	0.12250000238418579	1.9105193614959717	0.9554303288459778	0.9550889730453491	4.351576043948313e-11	1.1806772226563567e-10	False
79	0.12250000238418579	1.8985811471939087	0.9549455642700195	0.9436355829238892	8.929713218863711e-11	2.5291196914523084e-10	False
79	0.12250000238418579	1.9095723628997803	0.9546602964401245	0.9549120664596558	4.374431372689003e-11	1.1953688039412214e-10	False
79	0.12250000238418579	1.8982082605361938	0.9540270566940308	0.9441812038421631	9.059573924385944e-11	2.60296478815647e-10	False
79	0.12250000238418579	1.9079819917678833	0.955138087272644	0.9528439044952393	4.30832661213465e-11	1.1750789230546843e-10	False
79	0.10999999940395355	1.9016623497009277	0.9553835391998291	0.9462787508964539	9.054165750477239e-11	2.5753610355394585e-10	False
79	0.12999999523162842	1.9078493118286133	0.9559492468833923	0.951900064945221	4.289419514025283e-11	1.1795688037441465e-10	False
79	0.11999999731779099	1.9017961025238037	0.9562020301818848	0.945594072341919	8.888036834298063e-11	2.5048768614865935e-10	False
79	0.125	1.9055202007293701	0.9544658660888672	0.9510543346405029	4.21704476893936e-11	1.1428877288999217e-10	False
79	0.11999999731779099	1.8981627225875854	0.9545488357543945	0.9436138868331909	8.887734992413243e-11	2.544684463146041e-10	False
79	0.12999999523162842	1.909064769744873	0.9549271464347839	0.9541376233100891	4.362947503278036e-11	1.1959784551596186e-10	False
79	0.11999999731779099	1.8949764966964722	0.9544265866279602	0.940549910068512	8.64922508614363e-11	2.4466184633809007e-10	False
79	0.11749999970197678	1.905469536781311	0.9549802541732788	0.9504892826080322	4.238574075055013e-11	1.151188797066105e-10	False
79	0.11999999731779099	1.8952062129974365	0.9539364576339722	0.9412697553634644	8.75890471263574e-11	2.501348572714335e-10	False
79	0.1274999976158142	1.9086918830871582	0.9548401832580566	0.9538517594337463	4.3514487152451764e-11	1.1980198777461482e-10	False
79	0.125	1.9008762836456299	0.9550131559371948	0.9458631277084351	9.008051943260043e-11	2.581808655754969e-10	False
79	0.125	1.906421422958374	0.9554929137229919	0.9509284496307373	4.2517170339984034e-11	1.1609895683717397e-10	False
79	0.125	1.8966021537780762	0.9545015692710876	0.9421005845069885	8.807257700915727e-11	2.4991161917675697e-10	False
79	0.12999999523162842	1.907773494720459	0.9557207822799683	0.9520527720451355	4.275781811946544e-11	1.1716787262638917e-10	False
79	0.12250000238418579	1.8980870246887207	0.9548283815383911	0.9432586431503296	8.940875817486926e-11	2.535766041589227e-10	False
80	0.12999999523162842	1.9178788661956787	0.8838835954666138	1.033995270729065	5.735254979266635e-11	1.9199360157262646e-10	False
80	0.11999999731779099	1.932654619216919	0.8675466179847717	1.065108060836792	1.0109765802290838e-10	3.292999484205694e-10	False
80	0.125	1.916802167892456	0.8837279677391052	1.0330742597579956	5.659845855876533e-11	1.8995664763377107e-10	False
80	0.125	1.9321691989898682	0.8672033548355103	1.064965844154358	1.0042602166526748e-10	3.27459698246102e-10	False
80	0.125	1.9168790578842163	0.8833605051040649	1.0335185527801514	5.7080146165233714e-11	1.9091789260627934e-10	False
80	0.12250000238418579	1.9334805011749268	0.867850661277771	1.0656298398971558	1.0105091763357166e-10	3.311292906538199e-10	False
80	0.125	1.9150800704956055	0.8829270601272583	1.0321530103683472	5.603302891121764e-11	1.866428678276577e-10	False
80	0.11999999731779099	1.9292519092559814	0.8672856688499451	1.0619663000106812	9.700391878642023e-11	3.151600647122166e-10	False
80	0.12250000238418579	1.9188055992126465	0.882670521736145	1.0361350774765015	5.865477548105957e-11	1.967660756552192e-10	False
80	0.12250000238418579	1.9319854974746704	0.8672163486480713	1.0647691488265991	1.0142430645343481e-10	3.295717865281489e-10	False
80	0.12250000238418579	1.9152750968933105	0.883022129535675	1.0322530269622803	5.690203863650822e-11	1.9010343299541432e-10	False
80	0.11999999731779099	1.931742548942566	0.868111252784729	1.063631296157837	9.929929101204493e-11	3.189381814205916e-10	False
80	0.125	1.9177162647247314	0.8831601738929749	1.0345560312271118	5.748695963703199e-11	1.935454851942353e-10	False
80	0.12250000238418579	1.9305920600891113	0.866756796836853	1.0638352632522583	9.934024436386579e-11	3.247314084298125e-10	False
80	0.125	1.9188621044158936	0.8826127648353577	1.0362492799758911	5.891840487715072e-11	1.9946755358546397e-10	False
80	0.11999999731779099	1.9287997484207153	0.8668504953384399	1.0619492530822754	9.753656909916586e-11	3.1454305826628115e-10	False
80	0.11999999731779099	1.9155508279800415	0.8831198215484619	1.0324310064315796	5.6452308105914284e-11	1.8887644226417422e-10	False
80	0.125	1.9312735795974731	0.8683416843414307	1.0629318952560425	9.809223572299075e-11	3.185742780686951e-10	False
80	0.12250000238418579	1.9199252128601074	0.8841363191604614	1.035788893699646	5.837497152327842e-11	1.9545229323902902e-10	False
80	0.12250000238418579	1.9309407472610474	0.8663811683654785	1.0645595788955688	1.0001147826566026e-10	3.254119473883321e-10	False
80	0.12250000238418579	1.9196232557296753	0.8831322193145752	1.0364910364151	5.911526823609847e-11	2.004555410550779e-10	False
80	0.11749999970197678	1.931434154510498	0.867146372795105	1.064287781715393	1.001653551768733e-10	3.246077850960205e-10	False
80	0.12250000238418579	1.9155720472335815	0.884169340133667	1.0314027070999146	5.604517891444338e-11	1.8881964047867683e-10	False
80	0.12250000238418579	1.9334431886672974	0.8678683042526245	1.0655748844146729	1.0107308046070074e-10	3.2933697435844067e-10	False
80	0.1274999976158142	1.9161452054977417	0.8836090564727783	1.0325361490249634	5.7266049541260244e-11	1.9143203688898325e-10	False
80	0.12250000238418579	1.9329612255096436	0.8667685985565186	1.066192626953125	1.0244381037916028e-10	3.329776177007915e-10	False
80	0.1274999976158142	1.9178576469421387	0.8832886219024658	1.0345690250396729	5.804198788261772e-11	1.9549123431161775e-10	False
80	0.11500000208616257	1.9318420886993408	0.8664286136627197	1.065413475036621	1.0228874691708967e-10	3.301372231145905e-10	False
80	0.1274999976158142	1.9151339530944824	0.8830479383468628	1.0320860147476196	5.663071053763069e-11	1.8881504693091244e-10	False
80	0.125	1.9328683614730835	0.8676252365112305	1.065243124961853	1.0152987478528885e-10	3.307922269435437e-10	False
81	0.125	1.869830846786499	0.8059532642364502	1.0638775825500488	4.8706757377336984e-11	1.8584844774238718e-10	False
81	0.12250000238418579	1.8738871812820435	0.7871013879776001	1.0867857933044434	8.741975893178378e-11	3.266678594293637e-10	False
81	0.125	1.8715131282806396	0.8058751821517944	1.0656379461288452	5.031909958153058e-11	1.9313400878573361e-10	False
81	0.12250000238418579	1.8722693920135498	0.78618323802948	1.0860861539840698	8.42165850944987e-11	3.134836557006082e-10	False
81	0.125	1.8673650026321411	0.8048286437988281	1.062536358833313	4.7977979228397416e-11	1.812637678844098e-10	False
81	0.11500000208616257	1.8729629516601562	0.7865132093429565	1.0864497423171997	8.561994863098832e-11	3.1813959799897873e-10	False
81	0.1274999976158142	1.8701303005218506	0.8054095506668091	1.0647207498550415	4.967979500003494e-11	1.9003924822680318e-10	False
81	0.12250000238418579	1.8729034662246704	0.7867429256439209	1.0861605405807495	8.562857367611088e-11	3.1913910403247314e-10	False
81	0.125	1.8688724040985107	0.8055832982063293	1.0632891654968262	4.8569107069518225e-11	1.855812170603599e-10	False
81	0.12250000238418579	1.8731565475463867	0.7879673838615417	1.0851891040802002	8.255456734884703e-11	3.078625132602042e-10	False
81	0.12250000238418579	1.870047688484192	0.8061996698379517	1.0638480186462402	4.909084250215301e-11	1.882429490063231e-10	False
81	0.12250000238418579	1.8732237815856934	0.7870118021965027	1.086211919784546	8.454940914059961e-11	3.1429286950768187e-10	False
81	0.12999999523162842	1.873154640197754	0.8065310716629028	1.066623568534851	5.129539501491642e-11	1.9771971560000878e-10	False
81	0.12250000238418579	1.8743380308151245	0.7877788543701172	1.0865591764450073	8.616117541659918e-11	3.194781938997693e-10	False
81	0.12999999523162842	1.866767168045044	0.8053553104400635	1.0614118576049805	4.715106777242184e-11	1.7767706750326795e-10	False
81	0.11500000208616257	1.8715732097625732	0.7863135933876038	1.0852595567703247	8.31792759670158e-11	3.080985744308151e-10	False
81	0.11999999731779099	1.866781234741211	0.8056093454360962	1.0611718893051147	4.700970515636449e-11	1.7796081275278652e-10	False
81	0.11749999970197678	1.8740625381469727	0.7875242829322815	1.0865381956100464	8.669297224539463e-11	3.2312599818062893e-10	False
81	0.13500000536441803	1.868533730506897	0.8049782514572144	1.0635554790496826	4.8917772610401755e-11	1.8708268267886297e-10	False
81	0.11749999970197678	1.8711128234863281	0.7858948707580566	1.0852179527282715	8.317922045586457e-11	3.08099740164991e-10	False
81	0.1274999976158142	1.868915319442749	0.805657684803009	1.0632575750350952	4.864633695866871e-11	1.8551707392511219e-10	False
81	0.11999999731779099	1.8745261430740356	0.7868425846099854	1.0876835584640503	8.876507862076721e-11	3.3400140986294957e-10	False
81	0.12999999523162842	1.8700662851333618	0.8061755895614624	1.0638906955718994	4.881474391371654e-11	1.8698788351034779e-10	False
81	0.11749999970197678	1.8727260828018188	0.7866684198379517	1.0860576629638672	8.470823348316614e-11	3.133307502345417e-10	False
81	0.125	1.8699086904525757	0.8058139085769653	1.0640947818756104	4.892993302196835e-11	1.8605722518216794e-10	False
81	0.125	1.8717290163040161	0.785431981086731	1.0862970352172852	8.530723349942093e-11	3.191897857135473e-10	False
81	0.12250000238418579	1.868059515953064	0.8043622970581055	1.0636972188949585	4.8747089698153445e-11	1.8717646876886818e-10	False
81	0.12250000238418579	1.8747916221618652	0.7866860628128052	1.08810555934906	9.000222789268264e-11	3.370865808705048e-10	False
81	0.1274999976158142	1.8683754205703735	0.8066165447235107	1.0617588758468628	4.755799573596953e-11	1.7978928068540512e-10	False
81	0.11749999970197678	1.874631404876709	0.7865740656852722	1.0880573987960815	8.977327908832322e-11	3.365289158452356e-10	False
82	0.125	1.8575221300125122	0.8239568471908569	1.0335652828216553	4.048266583067672e-11	1.8539607349321585e-10	False
82	0.12250000238418579	1.8679306507110596	0.8141061067581177	1.053824543952942	7.154937753384161e-11	2.9230717846218113e-10	False
82	0.12999999523162842	1.856340765953064	0.8239501714706421	1.0323905944824219	3.928812830622519e-11	1.7774383354041134e-10	False
82	0.125	1.8689908981323242	0.8144672513008118	1.0545235872268677	7.214564362589826e-11	2.9742400209364916e-10	False
82	0.12250000238418579	1.8551526069641113	0.8239009380340576	1.0312516689300537	3.8761559933986334e-11	1.7506113225707054e-10	False
82	0.11749999970197678	1.868661880493164	0.8148952126502991	1.0537666082382202	7.165892185190259e-11	2.9258476197391303e-10	False
82	0.12250000238418579	1.8559229373931885	0.8240609765052795	1.0318619012832642	3.903438683394711e-11	1.7626963777495064e-10	False
82	0.125	1.8713879585266113	0.8151127099990845	1.0562752485275269	7.493003439940082e-11	3.108288348929733e-10	False
82	0.125	1.8555629253387451	0.823248028755188	1.0323148965835571	3.8515579614539774e-11	1.74692538212895e-10	False
82	0.11999999731779099	1.8686680793762207	0.8141143321990967	1.054553747177124	7.282566216737507e-11	2.9687180491677623e-10	False
82	0.125	1.8562204837799072	0.8241111040115356	1.0321093797683716	3.8949100888974186e-11	1.763120066611279e-10	False
82	0.11999999731779099	1.8672086000442505	0.8134992122650146	1.0537093877792358	7.118983874621065e-11	2.9304508819549824e-10	False
82	0.125	1.8562815189361572	0.8241829872131348	1.0320985317230225	3.903708259422878e-11	1.761964046886888e-10	False
82	0.125	1.8678609132766724	0.8146491050720215	1.0532118082046509	6.966806298525086e-11	2.854311509370433e-10	False
82	0.12250000238418579	1.8575453758239746	0.8243845701217651	1.0331608057022095	3.9694109110754994e-11	1.8036901139328876e-10	False
82	0.12250000238418579	1.8691521883010864	0.8143987655639648	1.0547534227371216	7.247161898371601e-11	2.9943925117237313e-10	False
82	0.12250000238418579	1.8550440073013306	0.8237801790237427	1.031263828277588	3.847737406470486e-11	1.750641021036614e-10	False
82	0.125	1.8694212436676025	0.8152002096176147	1.0542210340499878	7.21034482120686e-11	2.983331359729391e-10	False
82	0.12250000238418579	1.8563899993896484	0.8243639469146729	1.0320260524749756	3.94901576716844e-11	1.794235870988814e-10	False
82	0.12250000238418579	1.869117259979248	0.8142566084861755	1.0548607110977173	7.444381222576624e-11	3.0564092923235364e-10	False
82	0.1274999976158142	1.8572542667388916	0.8234437704086304	1.0338104963302612	4.068745687590969e-11	1.8659868095127763e-10	False
82	0.12250000238418579	1.868198037147522	0.8141776323318481	1.0540204048156738	7.121254974595814e-11	2.938652932105157e-10	False
82	0.125	1.858102798461914	0.824081540107727	1.034021258354187	4.042163825879186e-11	1.8341950180911226e-10	False
82	0.11999999731779099	1.8692851066589355	0.8149575591087341	1.0543276071548462	7.183952044353958e-11	2.9319485728152017e-10	False
82	0.1274999976158142	1.8566457033157349	0.8243367671966553	1.0323089361190796	3.9149367775381805e-11	1.7804986651714927e-10	False
82	0.125	1.8676607608795166	0.8142196536064148	1.053441047668457	7.048299444090134e-11	2.898709050569437e-10	False
82	0.1274999976158142	1.855376124382019	0.8247599601745605	1.0306161642074585	3.800903342066064e-11	1.7184537126624377e-10	False
82	0.125	1.8693811893463135	0.8137561678886414	1.055625081062317	7.452119477058261e-11	3.0572086529012665e-10	False
82	0.12999999523162842	1.8573404550552368	0.8248977661132812	1.0324426889419556	3.950201971081313e-11	1.7820399322854286e-10	False
82	0.12250000238418579	1.8705084323883057	0.8146270513534546	1.055881381034851	7.439013988141951e-11	3.09205494541942e-10	False
83	0.11999999731779099	1.7160009145736694	0.7306679487228394	0.9853329658508301	2.5740872974799878e-11	1.3938630805121477e-10	False
83	0.11999999731779099	1.7216660976409912	0.7116205096244812	1.0100455284118652	4.4173407987013746e-11	2.2815468958548024e-10	False
83	0.125	1.7154107093811035	0.7311140894889832	0.9842965602874756	2.5165541525651314e-11	1.3502086948502523e-10	False
83	0.11749999970197678	1.7227044105529785	0.7134596109390259	1.0092447996139526	4.34309081753792e-11	2.2332072302511108e-10	False
83	0.13500000536441803	1.7149614095687866	0.7308425307273865	0.9841188788414001	2.5557431171385758e-11	1.3902741458071688e-10	False
83	0.11749999970197678	1.7234783172607422	0.7124678492546082	1.0110104084014893	4.52425145958113e-11	2.348762850878927e-10	False
83	0.12250000238418579	1.7146815061569214	0.7313776016235352	0.9833039045333862	2.4986897967371746e-11	1.351778133873438e-10	False
83	0.11999999731779099	1.7235150337219238	0.7122455835342407	1.011269450187683	4.482403337391361e-11	2.332855852937854e-10	False
83	0.13249999284744263	1.716517448425293	0.7303717136383057	0.9861456751823425	2.6507344930148946e-11	1.451545134090182e-10	False
83	0.11749999970197678	1.7231072187423706	0.7123398780822754	1.0107673406600952	4.471599479582977e-11	2.3026448803253885e-10	False
83	0.13249999284744263	1.7169218063354492	0.7315382361412048	0.9853835105895996	2.6126146385196947e-11	1.4257474367784795e-10	False
83	0.11749999970197678	1.7219371795654297	0.7119311690330505	1.010006070137024	4.4856830055950425e-11	2.3251862935058654e-10	False
83	0.125	1.7167143821716309	0.7315433025360107	0.9851711392402649	2.565308729329807e-11	1.3852395619462499e-10	False
83	0.11999999731779099	1.723127007484436	0.7136275768280029	1.009499430656433	4.338569087325439e-11	2.2432142254835696e-10	False
83	0.11999999731779099	1.716392993927002	0.7312765121459961	0.9851164221763611	2.6010121140229714e-11	1.4201977094341345e-10	False
83	0.12250000238418579	1.7237542867660522	0.7131340503692627	1.0106202363967896	4.46562890832336e-11	2.303679330628583e-10	False
83	0.125	1.7178521156311035	0.7327125668525696	0.9851394891738892	2.5948788257013078e-11	1.4080431265384163e-10	False
83	0.12250000238418579	1.7213020324707031	0.712306797504425	1.0089951753616333	4.3148293965566964e-11	2.2380929054488519e-10	False
83	0.125	1.7169557809829712	0.7317733764648438	0.9851824045181274	2.574538672528437e-11	1.403888810758147e-10	False
83	0.125	1.7229888439178467	0.71244215965271	1.0105466842651367	4.457434421567541e-11	2.2999434301507193e-10	False
83	0.125	1.717427372932434	0.7310202121734619	0.9864071607589722	2.6088641663646328e-11	1.4266229864112745e-10	False
83	0.125	1.7212238311767578	0.7127960324287415	1.0084278583526611	4.318941732028847e-11	2.2289661782970427e-10	False
83	0.125	1.7162494659423828	0.7308298945426941	0.9854195713996887	2.5811302747924536e-11	1.4039855389391676e-10	False
83	0.11999999731779099	1.723345160484314	0.7121498584747314	1.0111953020095825	4.499874778352009e-11	2.360456829997304e-10	False
83	0.125	1.7167160511016846	0.7311567068099976	0.985559344291687	2.5844120246643065e-11	1.4070687670564297e-10	False
83	0.12250000238418579	1.720491886138916	0.7111812829971313	1.0093106031417847	4.326508942775753e-11	2.225244571940621e-10	False
83	0.125	1.7159032821655273	0.7300256490707397	0.9858776926994324	2.5925126628800754e-11	1.4186632424362244e-10	False
83	0.12250000238418579	1.7210437059402466	0.7124933004379272	1.0085504055023193	4.293172761737907e-11	2.2194279747367318e-10	False
83	0.12250000238418579	1.7170741558074951	0.7314964532852173	0.9855776429176331	2.567298283684405e-11	1.3937484499848551e-10	False
83	0.11999999731779099	1.7225929498672485	0.7119234800338745	1.010669469833374	4.4337644666825327e-11	2.3022470041489385e-10	False
84	0.13500000536441803	1.8048346042633057	0.8165562152862549	0.9882783889770508	1.9469559645046708e-11	1.0302714237298005e-10	False
84	0.11999999731779099	1.8157801628112793	0.8196287155151367	0.9961513876914978	3.778803311926815e-11	1.9416054874987765e-10	False
84	0.12250000238418579	1.8064863681793213	0.8184367418289185	0.9880496263504028	1.9634491948972155e-11	1.0399121841420111e-10	False
84	0.125	1.8176023960113525	0.819089949131012	0.9985125064849854	3.8527212670169675e-11	1.9696198838570211e-10	False
84	0.12250000238418579	1.8061424493789673	0.8179997205734253	0.988142728805542	1.9488001490319817e-11	1.0240990000465189e-10	False
84	0.125	1.8160420656204224	0.8212875127792358	0.9947545528411865	3.685660457386497e-11	1.8640164411998228e-10	False
84	0.12999999523162842	1.8044229745864868	0.8173725605010986	0.9870504140853882	1.9160914174753962e-11	1.0054443388973766e-10	False
84	0.11999999731779099	1.8173238039016724	0.8202061653137207	0.9971176385879517	3.8318150735738854e-11	1.9660739702942465e-10	False
84	0.1274999976158142	1.8025481700897217	0.8195443153381348	0.9830038547515869	1.833627347180844e-11	9.55620096942944e-11	False
84	0.11749999970197678	1.8179244995117188	0.820033848285675	0.9978905916213989	3.848583951526763e-11	1.9710019727448014e-10	False
84	0.12250000238418579	1.8066835403442383	0.8166849613189697	0.9899986386299133	1.9831072547993323e-11	1.0464654143227392e-10	False
84	0.11999999731779099	1.8162739276885986	0.8200908899307251	0.9961830377578735	3.770133510938578e-11	1.9173151954987588e-10	False
84	0.125	1.8055412769317627	0.8161687254905701	0.9893724918365479	1.9751832114334178e-11	1.034832775026473e-10	False
84	0.12250000238418579	1.817746639251709	0.8181514739990234	0.9995951056480408	4.0154074509857196e-11	2.068896581830515e-10	False
84	0.12250000238418579	1.80509352684021	0.8171412944793701	0.9879522919654846	1.9343674231842023e-11	1.0179146414657225e-10	False
84	0.11749999970197678	1.8163185119628906	0.8196206092834473	0.9966978430747986	3.836916548372038e-11	1.9782800397827316e-10	False
84	0.11999999731779099	1.8076136112213135	0.8166512250900269	0.9909623861312866	2.0214800319773296e-11	1.0661743016227021e-10	False
84	0.12250000238418579	1.8162438869476318	0.8194089531898499	0.9968349933624268	3.823855121432018e-11	1.9618291713374703e-10	False
84	0.13500000536441803	1.8048744201660156	0.8178194761276245	0.9870549440383911	1.9310091720070588e-11	1.0186350374308262e-10	False
84	0.11749999970197678	1.8216959238052368	0.8195458650588989	1.002150058746338	4.165144271151e-11	2.1579844855512675e-10	False
84	0.125	1.8044157028198242	0.8163129091262817	0.9881027340888977	1.965266838155344e-11	1.0406191880418802e-10	False
84	0.12250000238418579	1.8174021244049072	0.8211883306503296	0.9962138533592224	3.742507692638952e-11	1.895242851546186e-10	False
84	0.12999999523162842	1.8047257661819458	0.8177511096000671	0.9869746565818787	1.9203250101185176e-11	1.0025548446979116e-10	False
84	0.125	1.8207241296768188	0.8217175006866455	0.9990066289901733	3.93486181138325e-11	2.0108416320940847e-10	False
84	0.125	1.8046784400939941	0.8186855316162109	0.985992968082428	1.8799675358116552e-11	9.837278214241962e-11	False
84	0.125	1.818545937538147	0.8191137313842773	0.9994322061538696	3.938892961796725e-11	2.0281777646236065e-10	False
84	0.125	1.8042924404144287	0.8173463344573975	0.9869461059570312	1.900783697106334e-11	9.88179676975065e-11	False
84	0.12250000238418579	1.816118836402893	0.819817066192627	0.9963017702102661	3.832567596617764e-11	1.9615209456702587e-10	False
84	0.1274999976158142	1.8062071800231934	0.816747784614563	0.9894594550132751	1.972336009792297e-11	1.0410547424122285e-10	False
84	0.11749999970197678	1.8187129497528076	0.8202213048934937	0.9984915852546692	3.930671066409985e-11	2.0171671277768866e-10	False
85	0.1274999976158142	1.8039530515670776	0.9806272983551025	0.8233257532119751	1.2383420677775092e-11	5.0400940365680214e-11	False
85	0.125	1.7737401723861694	0.9624093174934387	0.8113308548927307	1.9580313065370447e-11	7.726611017666585e-11	False
85	0.13750000298023224	1.8041763305664062	0.9807581901550293	0.8234182000160217	1.2101025043120828e-11	4.901275219015844e-11	False
85	0.12250000238418579	1.7717835903167725	0.9622843265533447	0.8094992637634277	1.9308901699766068e-11	7.649513661389662e-11	False
85	0.12999999523162842	1.8051788806915283	0.9807548522949219	0.8244240880012512	1.2253681576368525e-11	5.001119657288555e-11	False
85	0.11999999731779099	1.7751679420471191	0.9623128771781921	0.8128551244735718	1.9940053080924613e-11	7.878393076810042e-11	False
85	0.125	1.8054180145263672	0.9802262187004089	0.8251917362213135	1.2419318178025218e-11	5.0716274929696326e-11	False
85	0.12250000238418579	1.7787768840789795	0.9626693725585938	0.816107451915741	1.9880274509942453e-11	7.878980107234312e-11	False
85	0.125	1.802635908126831	0.9807279109954834	0.8219079375267029	1.2167860469203262e-11	4.957431687380165e-11	False
85	0.11249999701976776	1.7733395099639893	0.9625370502471924	0.8108024001121521	1.9408483500904516e-11	7.59609181111287e-11	False
85	0.11999999731779099	1.8052223920822144	0.980549156665802	0.8246732354164124	1.2302620727711044e-11	5.014760134924856e-11	False
85	0.11999999731779099	1.7770662307739258	0.9613398313522339	0.8157263398170471	1.9853381091894384e-11	7.978562255317456e-11	False
85	0.12250000238418579	1.8039145469665527	0.9809536933898926	0.8229608535766602	1.2092990671341841e-11	4.940253067742262e-11	False
85	0.11999999731779099	1.773871898651123	0.9628888368606567	0.8109830617904663	1.9382414076507537e-11	7.612610541940512e-11	False
85	0.12999999523162842	1.802715539932251	0.9813923835754395	0.8213230967521667	1.2194084283989604e-11	4.9249052752609046e-11	False
85	0.11999999731779099	1.775482177734375	0.9619022607803345	0.8135798573493958	1.9729537448220924e-11	7.868826423784725e-11	False
85	0.12999999523162842	1.8042612075805664	0.9811883568763733	0.8230728507041931	1.214470277816071e-11	4.884134416349717e-11	False
85	0.12250000238418579	1.7755324840545654	0.9623634815216064	0.8131690621376038	1.9873979198448133e-11	7.807114676960936e-11	False
85	0.12250000238418579	1.8028570413589478	0.9811898469924927	0.8216671943664551	1.2159377671405736e-11	4.907764472594778e-11	False
85	0.12250000238418579	1.7738640308380127	0.9622434377670288	0.8116205334663391	1.9702312697988944e-11	7.777123389729468e-11	False
85	0.11999999731779099	1.805474042892456	0.9810903668403625	0.8243837356567383	1.2204158690576339e-11	4.90936666319719e-11	False
85	0.11749999970197678	1.7752768993377686	0.9626919031143188	0.8125849366188049	1.9628994610276784e-11	7.721934897064742e-11	False
85	0.1274999976158142	1.8039062023162842	0.9807488918304443	0.8231573700904846	1.2381690291107805e-11	5.030112437687251e-11	False
85	0.11999999731779099	1.7735514640808105	0.9631723165512085	0.8103792071342468	1.93432353468026e-11	7.654734485162962e-11	False
85	0.125	1.8056061267852783	0.9803463220596313	0.8252598643302917	1.2397183973833492e-11	5.08171907331878e-11	False
85	0.12250000238418579	1.7735679149627686	0.9619920253753662	0.8115758895874023	1.9812190082957315e-11	7.831155168780413e-11	False
85	0.125	1.804090976715088	0.9814327359199524	0.8226583003997803	1.2151023243145431e-11	4.926423158302384e-11	False
85	0.12250000238418579	1.7728110551834106	0.9639657139778137	0.8088453412055969	1.912033205375696e-11	7.468583390624062e-11	False
85	0.11749999970197678	1.8024259805679321	0.9814271926879883	0.8209987878799438	1.2176242653039182e-11	4.9434900617484345e-11	False
85	0.11999999731779099	1.7767796516418457	0.9630769491195679	0.8137026429176331	1.9529473524459995e-11	7.665638263043562e-11	False
86	0.1274999976158142	1.750420093536377	0.9283690452575684	0.8220509886741638	1.4711214885165802e-11	5.596636348803585e-11	False
86	0.11999999731779099	1.7362293004989624	0.9062314629554749	0.8299978375434875	2.3703204329872385e-11	9.421523283759115e-11	False
86	0.12250000238418579	1.7492738962173462	0.927539587020874	0.8217343091964722	1.4741433768117318e-11	5.582575721141403e-11	False
86	0.11999999731779099	1.7290167808532715	0.9058903455734253	0.823126494884491	2.279772724766982e-11	8.832933690028355e-11	False
86	0.1274999976158142	1.751694679260254	0.9280046224594116	0.8236901164054871	1.470080654430994e-11	5.6618123384089e-11	False
86	0.11999999731779099	1.7327780723571777	0.906027615070343	0.8267503976821899	2.2977821034775303e-11	8.920673921775091e-11	False
86	0.12250000238418579	1.7514517307281494	0.9269381761550903	0.8245134949684143	1.5074021891825495e-11	5.782905404538852e-11	False
86	0.11749999970197678	1.7352113723754883	0.9074712991714478	0.8277400135993958	2.31402657452362e-11	9.009482049293638e-11	False
86	0.13249999284744263	1.747779130935669	0.9281449317932129	0.8196341395378113	1.4763967826070257e-11	5.594834665001436e-11	False
86	0.11500000208616257	1.7302653789520264	0.9064545035362244	0.8238109350204468	2.320681841139205e-11	9.092816083411392e-11	False
86	0.125	1.751999855041504	0.9278576970100403	0.8241422176361084	1.4974042839011048e-11	5.709739625547883e-11	False
86	0.11999999731779099	1.7348153591156006	0.9073851704597473	0.827430248260498	2.351777279863132e-11	9.224818825481762e-11	False
86	0.1274999976158142	1.7498009204864502	0.9281262755393982	0.8216747045516968	1.4748558277433155e-11	5.610147069123883e-11	False
86	0.12250000238418579	1.7302088737487793	0.9063250422477722	0.8238838315010071	2.304092507066091e-11	8.907082710285508e-11	False
86	0.125	1.7481017112731934	0.9274903535842896	0.8206114172935486	1.4850268584276627e-11	5.6970629602748346e-11	False
86	0.11749999970197678	1.7302956581115723	0.9069559574127197	0.8233396410942078	2.2826690190824728e-11	8.85285039720074e-11	False
86	0.12999999523162842	1.7524592876434326	0.9272638559341431	0.8251954913139343	1.5009807632915262e-11	5.779672226924326e-11	False
86	0.125	1.7344982624053955	0.9059149026870728	0.8285834193229675	2.3224424119949738e-11	9.169235509753904e-11	False
86	0.125	1.7468595504760742	0.9282841682434082	0.8185754418373108	1.4403952856845148e-11	5.440325273609048e-11	False
86	0.11999999731779099	1.7303603887557983	0.905552864074707	0.8248075246810913	2.351036032521847e-11	9.287200175567278e-11	False
86	0.12999999523162842	1.7459280490875244	0.9282716512680054	0.817656397819519	1.4505166165412753e-11	5.460495944298316e-11	False
86	0.11999999731779099	1.7397212982177734	0.9069832563400269	0.8327380418777466	2.370387913730454e-11	9.387159105589404e-11	False
86	0.125	1.751393437385559	0.9278435707092285	0.8235498666763306	1.4850710938763e-11	5.681057707596082e-11	False
86	0.125	1.7258996963500977	0.9063100814819336	0.8195896148681641	2.2207723507361443e-11	8.458789918508458e-11	False
86	0.1274999976158142	1.7509467601776123	0.9281234741210938	0.8228232264518738	1.4792245553452155e-11	5.6395034475631434e-11	False
86	0.12250000238418579	1.728110909461975	0.9052695631980896	0.8228413462638855	2.3230098400439658e-11	9.088446661920102e-11	False
86	0.14000000059604645	1.74961519241333	0.928374171257019	0.8212410807609558	1.4616958685098602e-11	5.576008058061355e-11	False
86	0.11749999970197678	1.7302794456481934	0.9051873683929443	0.8250921368598938	2.347605616848103e-11	9.280488183494029e-11	False
86	0.125	1.750364065170288	0.9276484251022339	0.822715699672699	1.4998733158244626e-11	5.7266247299736506e-11	False
86	0.12250000238418579	1.7353174686431885	0.9072277545928955	0.8280897736549377	2.3274661711814026e-11	9.14521999795248e-11	False
