# num_workers = 7
# num_cells = 256
# seed_for_environment = 7654321
# lr = 0.0003
# max_grad_norm = 1.0
# eval_rollout_length = 30
# scaling_factor = 1000
# frames_per_batch = 500
# sub_batch_size = 64
# num_epochs = 15
# clip_epsilon = 0.2
# gamma = 0.99
# lmbda = 0.95
# entropy_eps = 0.03
# env_reward_engineering = True
# env_minimum_number_of_qubits = 8
# log_name = search_9_6_seed_7654321
# env_error_range = geometric5
# env_version = qecc/bbcode-ldpc-v0
# env_bit_flipping = True
# env_l = 9
# env_m = 6
# env_use_dict_observation = True
# env_number_of_decoder_iterations = 50
# env_number_of_samples = 50
# env_code_logging = False
# env_reset_type = zero
# model_architecture = hybrid
# model_surrogate_model_path = /vol/bitbucket/osella/rl-qecc-data//supervisedLearning/2026-07-12_20-18-32/surrogate_6x6.pth
# model_use_pretrained_encoder = True
# index_to_unfreeze_encoder_updates = 20
# encoder_lr_factor = 0.1
# training_device = cpu
# Resolved arguments:
# Resolved_env_reward_engineering = True
# Resolved_env_bit_flipping = True
# Resolved_env_useDictObservation = True
# Resolved_env_code_logging = False
# Resolved_env_reset_type = zero
# Resolved_env_error_range = [np.float64(0.001), np.float64(0.003162), np.float64(0.01), np.float64(0.031623), np.float64(0.1)]
# Resolved_model_use_pretrained_encoder = True
# Resolved_trainingDevice = cpu
# Resolved_model_architecture = hybrid
# Just for information, not used in actual run: SLURM CPUS queried from os environment: 96
# Number of workers: 7
# Does torch identify cuda: False
evaluation number	reward	policy entropy	policy entropy aX	policy entropy bX	policy entropy aY	policy entropy bY	Encoder freeze	postAction_aX	postAction_bX	postAction_aY	postAction_bY
0	-0.75	8.404970169067383	2.267697811126709	2.2783265113830566	1.9384715557098389	1.9204744100570679	True	[0 0 1 0 0 0 0 0 0]	[0 1 0 0 0 0 0 0 0]	[0 0 0 0 0 1]	[0 0 0 1 0 0]
0	-0.5	8.434980392456055	2.2846930027008057	2.2944326400756836	1.936514139175415	1.9193415641784668	True	[0 0 1 0 0 0 0 0 0]	[0 0 0 0 0 0 0 0 0]	[0 0 0 1 0 1]	[0 0 0 0 0 0]
0	-0.75	8.438484191894531	2.2805349826812744	2.292194366455078	1.936234474182129	1.9295202493667603	True	[0 0 1 0 0 0 0 0 0]	[0 1 0 0 0 0 0 0 0]	[0 1 0 1 0 1]	[0 0 0 1 0 0]
0	-0.5	8.453348159790039	2.2875609397888184	2.296675682067871	1.9321391582489014	1.9369726181030273	True	[0 0 1 0 0 0 0 0 0]	[0 1 0 0 0 0 0 1 0]	[0 1 0 0 0 1]	[0 0 0 0 0 0]
0	0.40345636010169983	8.426871299743652	2.2800533771514893	2.2925989627838135	1.9273838996887207	1.9268348217010498	True	[0 1 1 0 0 0 0 0 0]	[0 1 0 1 0 0 0 1 0]	[0 1 0 1 0 1]	[0 0 0 1 0 0]
0	-0.5	8.433374404907227	2.2888381481170654	2.29068922996521	1.9246841669082642	1.9291630983352661	True	[0 1 1 0 0 0 0 0 0]	[0 1 0 0 0 0 0 1 0]	[0 1 0 0 0 1]	[0 1 0 1 0 0]
0	-1.0	8.434331893920898	2.2876832485198975	2.2917821407318115	1.9252400398254395	1.9296259880065918	True	[0 0 1 0 0 0 0 0 0]	[0 1 0 1 0 0 0 1 0]	[0 1 0 1 0 1]	[0 1 0 1 0 0]
0	-1.0	8.441705703735352	2.2938449382781982	2.288761615753174	1.9231939315795898	1.9359058141708374	True	[0 0 1 0 0 0 0 0 0]	[0 1 1 1 0 0 0 1 0]	[0 1 0 0 0 1]	[0 1 0 1 0 0]
0	-1.0	8.438141822814941	2.2877159118652344	2.2893624305725098	1.9254770278930664	1.9355862140655518	True	[0 0 1 0 0 0 0 0 0]	[0 1 0 1 0 0 0 1 0]	[0 1 0 1 0 1]	[0 1 0 1 0 0]
0	-1.0	8.442062377929688	2.2919504642486572	2.2894790172576904	1.9247945547103882	1.935838222503662	True	[0 0 1 0 0 0 0 0 0]	[0 1 1 1 0 0 0 1 0]	[0 1 0 0 0 1]	[0 1 0 1 0 0]
0	-1.0	8.437280654907227	2.2878105640411377	2.2892844676971436	1.92465078830719	1.9355347156524658	True	[0 0 1 0 0 0 0 0 0]	[0 1 1 0 0 0 0 1 0]	[0 1 0 1 0 1]	[0 1 0 1 0 0]
0	-1.0	8.440031051635742	2.2891616821289062	2.2897908687591553	1.9227756261825562	1.9383028745651245	True	[0 0 1 0 0 0 0 0 0]	[0 1 0 0 0 0 0 1 0]	[0 1 0 0 0 1]	[0 1 0 1 0 0]
0	-1.0	8.43167495727539	2.2869975566864014	2.28784441947937	1.9269665479660034	1.9298666715621948	True	[0 1 1 0 0 0 0 0 0]	[0 1 1 0 0 0 0 1 0]	[0 1 0 1 0 1]	[0 1 0 0 0 0]
0	-0.5	8.435574531555176	2.286395788192749	2.2876551151275635	1.9249006509780884	1.9366230964660645	True	[0 1 1 0 0 0 0 0 0]	[0 1 1 1 0 0 0 1 0]	[0 1 0 0 0 1]	[0 1 0 0 0 0]
0	-0.75	8.427471160888672	2.278963327407837	2.2905495166778564	1.9255590438842773	1.9323992729187012	True	[0 0 1 0 0 0 0 0 0]	[0 1 1 0 0 0 0 1 0]	[0 1 0 1 0 1]	[0 1 0 0 0 0]
0	-1.0	8.437944412231445	2.28584361076355	2.2914376258850098	1.9237785339355469	1.936884880065918	True	[0 0 1 0 0 0 0 0 0]	[0 1 1 1 0 0 0 1 0]	[0 1 0 0 0 1]	[0 1 0 0 0 0]
0	-1.0	8.428342819213867	2.27892804145813	2.2895193099975586	1.9272924661636353	1.9326030015945435	True	[0 1 1 0 0 0 0 0 0]	[0 1 1 0 0 0 0 1 0]	[0 1 0 1 0 1]	[0 1 0 0 0 0]
0	-0.5	8.436165809631348	2.2870049476623535	2.2891714572906494	1.9222967624664307	1.9376928806304932	True	[0 1 1 0 0 0 0 0 0]	[0 1 1 1 0 0 0 1 0]	[0 1 0 0 0 1]	[0 1 0 0 0 0]
0	-0.75	8.424912452697754	2.277756690979004	2.289562940597534	1.9261255264282227	1.931467056274414	True	[0 0 1 0 0 0 0 0 0]	[0 1 1 0 0 0 0 1 0]	[0 1 0 1 0 1]	[0 1 0 0 0 0]
0	-0.5	8.435514450073242	2.288175106048584	2.2906336784362793	1.920785903930664	1.9359195232391357	True	[0 1 1 0 0 0 0 0 0]	[0 1 1 1 0 0 0 1 0]	[0 1 0 0 0 1]	[0 1 0 0 0 0]
0	-0.75	8.42992877960205	2.279477596282959	2.2884223461151123	1.9288520812988281	1.9331772327423096	True	[0 0 1 0 0 0 0 0 0]	[0 1 1 0 0 0 0 1 0]	[0 1 0 1 0 1]	[0 1 0 0 0 0]
0	-0.5	8.439253807067871	2.290191411972046	2.2920005321502686	1.9224326610565186	1.9346297979354858	True	[0 1 1 0 0 0 0 0 0]	[0 1 1 1 0 0 0 1 0]	[0 1 0 0 0 1]	[0 1 0 0 0 0]
0	-0.75	8.427446365356445	2.2797393798828125	2.2891345024108887	1.9261460304260254	1.9324262142181396	True	[0 0 1 0 0 0 0 0 0]	[0 1 1 0 0 0 0 1 0]	[0 1 0 1 0 1]	[0 1 0 0 0 0]
0	-1.0	8.440589904785156	2.2878971099853516	2.2916793823242188	1.9254175424575806	1.935595989227295	True	[0 0 1 0 0 0 0 0 0]	[0 1 1 1 0 0 0 1 0]	[0 1 0 0 0 1]	[0 1 0 0 0 0]
0	-1.0	8.433378219604492	2.283474922180176	2.2891502380371094	1.92704176902771	1.9337106943130493	True	[0 1 1 0 0 0 0 0 0]	[0 1 1 0 0 0 0 1 0]	[0 1 0 1 0 1]	[0 1 0 0 0 0]
0	-0.5	8.433883666992188	2.2849271297454834	2.28922176361084	1.922633409500122	1.9371016025543213	True	[0 1 1 0 0 0 0 0 0]	[0 1 1 1 0 0 0 1 0]	[0 1 0 0 0 1]	[0 1 0 0 0 0]
0	-0.75	8.434246063232422	2.280254602432251	2.290937662124634	1.9288771152496338	1.9341766834259033	True	[0 0 1 0 0 0 0 0 0]	[0 1 1 0 0 0 0 1 0]	[0 1 0 1 0 1]	[0 1 0 0 0 0]
0	-1.0	8.436104774475098	2.28760027885437	2.2907559871673584	1.9247124195098877	1.9330358505249023	True	[0 0 1 0 0 0 0 0 0]	[0 1 1 1 0 0 0 1 0]	[0 1 0 0 0 1]	[0 1 0 0 0 0]
0	-1.0	8.428504943847656	2.2805817127227783	2.287686824798584	1.9272146224975586	1.9330214262008667	True	[0 1 1 0 0 0 0 0 0]	[0 1 1 0 0 0 0 1 0]	[0 1 0 1 0 1]	[0 1 0 0 0 0]
0	-0.5	8.432937622070312	2.285771131515503	2.2875499725341797	1.9235575199127197	1.9360589981079102	True	[0 1 1 0 0 0 0 0 0]	[0 1 1 1 0 0 0 1 0]	[0 1 0 0 0 1]	[0 1 0 0 0 0]
1	0.11393623054027557	7.62258243560791	2.2002618312835693	1.84712815284729	1.839015007019043	1.7361774444580078	True	[1 0 0 0 0 0 0 0 0]	[1 0 0 0 0 0 0 0 0]	[0 0 1 0 0 0]	[0 0 0 1 0 0]
1	0.0736708715558052	7.814619064331055	2.243194818496704	2.085106372833252	1.85415780544281	1.632159948348999	True	[1 0 0 0 0 1 0 0 0]	[1 0 0 0 1 0 0 0 0]	[0 0 0 0 0 0]	[0 0 0 0 0 0]
1	-0.75	7.875039100646973	2.2606239318847656	2.008582353591919	1.868453025817871	1.737379789352417	True	[0 0 0 0 0 1 0 0 0]	[0 0 0 0 1 0 0 0 0]	[0 0 1 0 0 0]	[0 0 0 1 0 0]
1	-0.25	8.149300575256348	2.256040334701538	2.1917104721069336	1.882642388343811	1.8189071416854858	True	[1 0 0 0 0 1 0 0 0]	[0 0 0 0 0 0 0 0 0]	[0 0 1 1 0 0]	[0 0 0 0 0 0]
1	-1.0	8.058326721191406	2.275912046432495	2.0968430042266846	1.8777893781661987	1.8077821731567383	True	[1 0 0 0 0 1 0 0 0]	[0 0 0 0 1 0 0 0 0]	[0 0 0 1 0 0]	[0 0 0 1 0 0]
1	0.07541816681623459	8.124853134155273	2.2592432498931885	2.2107162475585938	1.816907525062561	1.8379868268966675	True	[1 0 0 0 0 1 0 0 0]	[1 0 0 0 1 0 0 0 0]	[0 0 0 0 0 0]	[0 0 0 0 0 0]
1	-0.75	7.837262153625488	2.2602531909942627	1.984687328338623	1.8716003894805908	1.7207214832305908	True	[0 0 0 0 0 1 0 0 0]	[0 0 0 0 1 0 0 0 0]	[0 0 1 0 0 0]	[0 0 0 1 0 0]
1	-0.25	8.14034652709961	2.263272762298584	2.1655211448669434	1.8739008903503418	1.8376513719558716	True	[1 0 0 0 0 1 0 0 0]	[0 0 0 0 0 0 0 0 0]	[0 0 1 1 0 0]	[0 0 0 0 0 0]
1	-1.0	8.01876449584961	2.2718076705932617	2.0672831535339355	1.8830454349517822	1.7966275215148926	True	[1 0 0 0 0 1 0 0 0]	[0 0 0 0 1 0 0 0 0]	[0 0 0 1 0 0]	[0 0 0 1 0 0]
1	0.07312196493148804	8.149761199951172	2.2597765922546387	2.212606906890869	1.824777364730835	1.85260009765625	True	[1 0 0 0 0 1 0 0 0]	[1 0 0 0 1 0 0 0 0]	[0 0 0 0 0 0]	[0 0 0 0 0 0]
1	-0.75	7.771347999572754	2.239363193511963	1.9270780086517334	1.8438924551010132	1.761014461517334	True	[0 0 0 0 0 1 0 0 0]	[0 0 0 0 1 0 0 0 0]	[0 0 1 0 0 0]	[0 0 0 1 0 0]
1	-0.25	8.122942924499512	2.2705183029174805	2.1773667335510254	1.8868862390518188	1.788171648979187	True	[1 0 0 0 0 1 0 0 0]	[0 0 0 0 0 0 0 0 0]	[0 0 1 1 0 0]	[0 0 0 0 0 0]
1	-1.0	8.091175079345703	2.2809958457946777	2.1081957817077637	1.891050934791565	1.8109328746795654	True	[1 0 0 0 0 1 0 0 0]	[0 0 0 0 1 0 0 0 0]	[0 0 0 1 0 0]	[0 0 0 1 0 0]
1	-0.75	8.136008262634277	2.265808343887329	2.2208704948425293	1.8108011484146118	1.838528037071228	True	[1 0 0 0 0 1 0 0 0]	[1 0 0 0 1 0 0 0 0]	[0 0 1 1 0 0]	[0 0 0 0 0 0]
1	0.11005176603794098	8.194402694702148	2.2864174842834473	2.2054014205932617	1.8805216550827026	1.8220622539520264	True	[1 0 0 0 0 0 0 0 0]	[1 0 0 0 0 0 0 0 0]	[0 0 1 0 0 0]	[0 0 0 1 0 0]
1	0.07450907677412033	7.870914936065674	2.249166488647461	2.0887913703918457	1.8676782846450806	1.6652789115905762	True	[1 0 0 0 1 0 0 0 0]	[1 0 0 0 1 0 0 0 0]	[0 0 0 0 0 0]	[0 0 0 0 0 0]
1	0.08029411733150482	7.87423038482666	2.260397434234619	2.0323405265808105	1.875812292098999	1.7056801319122314	True	[1 0 0 0 0 0 0 0 0]	[1 0 0 0 0 0 0 0 0]	[0 0 1 0 0 0]	[0 0 0 1 0 0]
1	0.053623925894498825	7.823784351348877	2.2389297485351562	2.060189962387085	1.8559983968734741	1.668665885925293	True	[0 0 0 0 0 0 0 0 0]	[1 0 0 0 1 0 0 0 0]	[0 0 0 0 0 0]	[0 0 0 0 0 0]
1	-0.75	7.7822113037109375	2.2404263019561768	1.9038329124450684	1.883057951927185	1.7548935413360596	True	[0 0 0 0 1 0 0 0 0]	[0 0 0 0 1 0 0 0 0]	[0 0 1 0 0 0]	[0 0 0 1 0 0]
1	-0.25	8.149269104003906	2.261826753616333	2.1862828731536865	1.8852792978286743	1.815880537033081	True	[1 0 0 0 1 0 0 0 0]	[0 0 0 0 0 0 0 0 0]	[0 0 1 1 0 0]	[0 0 0 0 0 0]
1	-0.25	8.03203296661377	2.2714054584503174	2.090144634246826	1.889054536819458	1.7814284563064575	True	[0 0 0 0 1 0 0 0 0]	[0 0 0 0 1 0 0 0 0]	[0 0 0 1 0 0]	[0 0 0 1 0 0]
1	-0.75	7.97447395324707	2.253744602203369	2.0628669261932373	1.8777070045471191	1.7801556587219238	True	[0 0 0 0 1 1 0 0 0]	[1 0 0 0 1 0 0 0 0]	[0 0 1 1 0 0]	[0 0 0 0 0 0]
1	-0.75	8.130260467529297	2.260063886642456	2.1542768478393555	1.8969457149505615	1.8189733028411865	True	[1 0 0 0 1 1 0 0 0]	[1 0 0 0 0 0 0 0 0]	[0 0 1 0 0 0]	[0 0 0 1 0 0]
1	-0.75	8.053658485412598	2.262629985809326	2.1699349880218506	1.890702486038208	1.7303917407989502	True	[1 0 0 0 1 0 0 0 0]	[1 0 0 0 1 0 0 0 0]	[0 0 1 1 0 0]	[0 0 0 0 0 0]
1	-0.75	8.12513542175293	2.2821264266967773	2.1979427337646484	1.8698177337646484	1.775248646736145	True	[1 0 0 0 1 1 0 0 0]	[1 0 0 0 0 0 0 0 0]	[0 0 1 0 0 0]	[0 0 0 1 0 0]
1	-0.75	8.05252456665039	2.263819456100464	2.1828160285949707	1.8876489400863647	1.7182397842407227	True	[1 0 0 0 1 0 0 0 0]	[1 0 0 0 1 0 0 0 0]	[0 0 1 1 0 0]	[0 0 0 0 0 0]
1	-0.75	8.179372787475586	2.285280466079712	2.2040576934814453	1.8831228017807007	1.8069117069244385	True	[1 0 0 0 1 1 0 0 0]	[1 0 0 0 0 0 0 0 0]	[0 0 1 0 0 0]	[0 0 0 1 0 0]
1	-0.75	8.147950172424316	2.266209363937378	2.1895744800567627	1.9023044109344482	1.7898616790771484	True	[1 0 0 0 1 0 0 0 0]	[1 0 0 0 1 0 0 0 0]	[0 0 1 1 0 0]	[0 0 0 0 0 0]
1	-0.75	8.183236122131348	2.281825065612793	2.212703227996826	1.878876805305481	1.8098312616348267	True	[1 0 0 0 1 1 0 0 0]	[1 0 0 0 0 0 0 0 0]	[0 0 1 0 0 0]	[0 0 0 1 0 0]
1	-0.75	8.123902320861816	2.267092704772949	2.2023725509643555	1.886906623840332	1.7675305604934692	True	[1 0 0 0 1 0 0 0 0]	[1 0 0 0 1 0 0 0 0]	[0 0 1 1 0 0]	[0 0 0 0 0 0]
2	0.06409619748592377	6.905754089355469	2.1418964862823486	1.2469691038131714	1.8033443689346313	1.7135446071624756	False	[0 0 0 0 0 0 0 1 0]	[1 0 0 0 0 0 0 0 0]	[0 0 1 0 0 0]	[1 0 0 0 0 0]
2	-0.25	7.248038291931152	2.185379981994629	1.4815655946731567	1.810046911239624	1.7710456848144531	False	[0 1 0 0 0 0 0 1 0]	[0 0 0 0 0 0 0 0 0]	[0 0 1 1 0 0]	[1 0 0 1 0 0]
2	0.04907272011041641	7.384655952453613	2.2071340084075928	1.830798864364624	1.5520073175430298	1.7947160005569458	False	[0 0 0 0 0 0 0 1 0]	[1 0 0 0 0 0 0 0 0]	[0 0 1 0 0 0]	[1 0 0 0 0 0]
2	-0.25	7.285103797912598	2.198573589324951	1.5295650959014893	1.8105429410934448	1.7464220523834229	False	[0 1 0 0 0 0 0 1 0]	[0 0 0 0 0 0 0 0 0]	[0 0 1 1 0 0]	[1 0 0 1 0 0]
2	0.06329918652772903	7.328692436218262	2.19714617729187	1.8623179197311401	1.530799150466919	1.7384288311004639	False	[0 0 0 0 0 0 0 1 0]	[1 0 0 0 0 0 0 0 0]	[0 0 1 0 0 0]	[1 0 0 0 0 0]
2	-0.25	7.28189754486084	2.187819242477417	1.500960350036621	1.8174405097961426	1.7756779193878174	False	[0 1 0 0 0 0 0 1 0]	[0 0 0 0 0 0 0 0 0]	[0 0 1 1 0 0]	[1 0 0 1 0 0]
2	0.042597003281116486	7.330986499786377	2.181288003921509	1.8346929550170898	1.5352166891098022	1.779788851737976	False	[0 0 0 0 0 0 0 1 0]	[1 0 0 0 0 0 0 0 0]	[0 0 1 0 0 0]	[1 0 0 0 0 0]
2	-0.25	7.287497520446777	2.187732219696045	1.5202739238739014	1.8124128580093384	1.7670786380767822	False	[0 1 0 0 0 0 0 1 0]	[0 0 0 0 0 0 0 0 0]	[0 0 1 1 0 0]	[1 0 0 1 0 0]
2	0.06243129074573517	7.300263404846191	2.176933765411377	1.8151278495788574	1.510972261428833	1.797229528427124	False	[0 0 0 0 0 0 0 1 0]	[1 0 0 0 0 0 0 0 0]	[0 0 1 0 0 0]	[1 0 0 0 0 0]
2	-0.25	7.284373760223389	2.184846878051758	1.5082247257232666	1.8136861324310303	1.7776161432266235	False	[0 1 0 0 0 0 0 1 0]	[0 0 0 0 0 0 0 0 0]	[0 0 1 1 0 0]	[1 0 0 1 0 0]
2	0.0492202453315258	7.460016250610352	2.195723056793213	1.877569556236267	1.605780005455017	1.7809431552886963	False	[0 0 0 0 0 0 0 1 0]	[1 0 0 0 0 0 0 0 0]	[0 0 1 0 0 0]	[1 0 0 0 0 0]
2	-0.25	7.247063159942627	2.1839981079101562	1.5179047584533691	1.7801024913787842	1.7650580406188965	False	[0 1 0 0 0 0 0 1 0]	[0 0 0 0 0 0 0 0 0]	[0 0 1 1 0 0]	[1 0 0 1 0 0]
2	0.06362967938184738	7.307573318481445	2.187991142272949	1.8275694847106934	1.5009815692901611	1.7910306453704834	False	[0 0 0 0 0 0 0 1 0]	[1 0 0 0 0 0 0 0 0]	[0 0 1 0 0 0]	[1 0 0 0 0 0]
2	-0.25	7.3005242347717285	2.194617509841919	1.5330743789672852	1.8198072910308838	1.753024935722351	False	[0 1 0 0 0 0 0 1 0]	[0 0 0 0 0 0 0 0 0]	[0 0 1 1 0 0]	[1 0 0 1 0 0]
2	0.05085545778274536	7.393998622894287	2.1924831867218018	1.8420602083206177	1.5608160495758057	1.7986387014389038	False	[0 0 0 0 0 0 0 1 0]	[1 0 0 0 0 0 0 0 0]	[0 0 1 0 0 0]	[1 0 0 0 0 0]
2	-0.25	7.291207790374756	2.19106388092041	1.5296965837478638	1.8126633167266846	1.7577844858169556	False	[0 1 0 0 0 0 0 1 0]	[0 0 0 0 0 0 0 0 0]	[0 0 1 1 0 0]	[1 0 0 1 0 0]
2	0.056900106370449066	7.384267330169678	2.1813597679138184	1.8566951751708984	1.5600776672363281	1.7861348390579224	False	[0 0 0 0 0 0 0 1 0]	[1 0 0 0 0 0 0 0 0]	[0 0 1 0 0 0]	[1 0 0 0 0 0]
2	-0.25	7.270776271820068	2.17726731300354	1.5088634490966797	1.8083055019378662	1.7763400077819824	False	[0 1 0 0 0 0 0 1 0]	[0 0 0 0 0 0 0 0 0]	[0 0 1 1 0 0]	[1 0 0 1 0 0]
2	0.03786857798695564	7.352806091308594	2.203171968460083	1.8203551769256592	1.545221209526062	1.7840576171875	False	[0 0 0 0 0 0 0 1 0]	[1 0 0 0 0 0 0 0 0]	[0 0 1 0 0 0]	[1 0 0 0 0 0]
2	-0.25	7.254118919372559	2.186753034591675	1.5342018604278564	1.7752411365509033	1.7579232454299927	False	[0 1 0 0 0 0 0 1 0]	[0 0 0 0 0 0 0 0 0]	[0 0 1 1 0 0]	[1 0 0 1 0 0]
2	0.05646328255534172	7.440535545349121	2.192812442779541	1.882830023765564	1.5646089315414429	1.800283670425415	False	[0 0 0 0 0 0 0 1 0]	[1 0 0 0 0 0 0 0 0]	[0 0 1 0 0 0]	[1 0 0 0 0 0]
2	-0.25	7.3254170417785645	2.182708740234375	1.5183207988739014	1.827150583267212	1.7972369194030762	False	[0 1 0 0 0 0 0 1 0]	[0 0 0 0 0 0 0 0 0]	[0 0 1 1 0 0]	[1 0 0 1 0 0]
2	0.04980459436774254	7.371069431304932	2.190056085586548	1.858258843421936	1.538583517074585	1.7841705083847046	False	[0 0 0 0 0 0 0 1 0]	[1 0 0 0 0 0 0 0 0]	[0 0 1 0 0 0]	[1 0 0 0 0 0]
2	-0.25	7.276642799377441	2.1905243396759033	1.5044934749603271	1.818040132522583	1.763584852218628	False	[0 1 0 0 0 0 0 1 0]	[0 0 0 0 0 0 0 0 0]	[0 0 1 1 0 0]	[1 0 0 1 0 0]
2	0.05438549444079399	7.455248832702637	2.2051682472229004	1.8651466369628906	1.586302638053894	1.798631191253662	False	[0 0 0 0 0 0 0 1 0]	[1 0 0 0 0 0 0 0 0]	[0 0 1 0 0 0]	[1 0 0 0 0 0]
2	-0.25	7.408340930938721	2.196385145187378	1.600669026374817	1.825272560119629	1.7860139608383179	False	[0 1 0 0 0 0 0 1 0]	[0 0 0 0 0 0 0 0 0]	[0 0 1 1 0 0]	[1 0 0 1 0 0]
2	0.05879492685198784	7.344103813171387	2.1829769611358643	1.8616409301757812	1.5070130825042725	1.7924729585647583	False	[0 0 0 0 0 0 0 1 0]	[1 0 0 0 0 0 0 0 0]	[0 0 1 0 0 0]	[1 0 0 0 0 0]
2	-0.25	7.2847065925598145	2.1923446655273438	1.5039074420928955	1.8070924282073975	1.7813620567321777	False	[0 1 0 0 0 0 0 1 0]	[0 0 0 0 0 0 0 0 0]	[0 0 1 1 0 0]	[1 0 0 1 0 0]
2	0.04081426560878754	7.371406555175781	2.1853151321411133	1.8721938133239746	1.533174753189087	1.780722737312317	False	[0 0 0 0 0 0 0 1 0]	[1 0 0 0 0 0 0 0 0]	[0 0 1 0 0 0]	[1 0 0 0 0 0]
2	-0.25	7.345241546630859	2.1897499561309814	1.5606155395507812	1.8110294342041016	1.7838467359542847	False	[0 1 0 0 0 0 0 1 0]	[0 0 0 0 0 0 0 0 0]	[0 0 1 1 0 0]	[1 0 0 1 0 0]
3	-0.25	7.154513359069824	1.9533464908599854	2.0242488384246826	1.700549602508545	1.4763681888580322	False	[0 0 1 0 0 0 0 0 0]	[1 0 0 0 0 0 0 0 0]	[0 0 1 0 0 0]	[0 0 0 1 0 0]
3	-0.75	7.667476177215576	2.1925244331359863	2.003781795501709	1.8153469562530518	1.6558232307434082	False	[0 0 1 0 1 0 0 0 0]	[0 0 0 0 0 0 0 0 0]	[0 0 1 1 0 0]	[0 0 0 0 0 0]
3	-0.75	8.007904052734375	2.2280688285827637	1.9925345182418823	1.8847332000732422	1.902566909790039	False	[0 1 1 0 1 0 0 0 0]	[1 0 0 0 0 0 0 0 0]	[0 0 1 0 0 0]	[0 1 0 0 0 0]
3	-0.75	7.780420303344727	2.151170015335083	2.0550336837768555	1.826364517211914	1.7478522062301636	False	[0 1 1 0 0 0 0 0 0]	[0 0 0 0 0 0 0 0 0]	[0 0 1 1 0 0]	[0 1 0 1 0 0]
3	-0.75	8.01958179473877	2.255850076675415	2.072084426879883	1.8628005981445312	1.8288469314575195	False	[0 1 1 0 0 0 1 0 0]	[1 0 0 0 0 0 0 0 0]	[1 0 1 1 0 0]	[0 0 0 1 0 0]
3	-0.5	8.187503814697266	2.2406396865844727	2.1395833492279053	1.919485092163086	1.887795329093933	False	[0 1 1 0 0 1 1 0 0]	[0 0 0 0 0 0 0 0 0]	[1 1 1 1 0 0]	[0 0 0 1 0 1]
3	-0.75	7.9349541664123535	2.210927724838257	2.042423725128174	1.8007854223251343	1.8808174133300781	False	[0 1 1 0 0 1 1 1 0]	[0 0 0 0 1 0 0 0 0]	[0 1 1 1 0 0]	[0 0 0 1 0 0]
3	-1.0	8.046723365783691	2.2344048023223877	2.0441136360168457	1.8761372566223145	1.8920671939849854	False	[0 1 1 0 0 0 1 1 0]	[0 0 0 0 0 0 0 0 0]	[0 1 1 0 0 0]	[0 0 0 1 0 0]
3	-0.5	7.762775897979736	2.214841842651367	2.19118070602417	1.755570411682129	1.6011830568313599	False	[0 1 1 0 0 1 1 1 0]	[0 0 0 0 0 0 0 1 0]	[0 1 1 0 0 0]	[0 0 0 1 0 0]
3	-1.0	7.7681474685668945	2.2240793704986572	1.9931066036224365	1.7858140468597412	1.7651469707489014	False	[0 1 1 0 0 0 1 1 0]	[1 0 0 0 0 0 0 1 0]	[0 1 1 1 0 0]	[0 0 1 1 0 0]
3	-0.75	8.087837219238281	2.2349131107330322	2.0983638763427734	1.8613715171813965	1.893188714981079	False	[0 1 1 0 0 1 1 1 0]	[0 0 0 0 0 0 0 1 0]	[0 1 1 1 0 0]	[0 0 0 1 0 0]
3	-0.75	7.903127193450928	2.255462169647217	1.9583652019500732	1.8707196712493896	1.818580150604248	False	[0 1 1 0 0 1 0 1 0]	[1 0 0 0 0 0 0 1 0]	[0 1 1 0 0 0]	[0 0 1 1 0 0]
3	-0.75	7.837805271148682	2.220905065536499	1.964750051498413	1.8381224870681763	1.8140279054641724	False	[0 1 0 0 0 1 0 1 0]	[0 0 0 0 0 0 0 1 0]	[0 1 1 1 0 0]	[0 0 0 1 0 0]
3	-0.75	7.776463985443115	2.212880849838257	2.0519678592681885	1.8145291805267334	1.6970858573913574	False	[0 1 0 0 1 1 0 1 0]	[1 0 0 0 0 0 0 1 0]	[0 1 1 0 0 0]	[0 0 0 0 0 0]
3	-0.75	7.867264270782471	2.2134177684783936	2.05063533782959	1.8340246677398682	1.7691866159439087	False	[0 1 0 0 0 1 0 1 0]	[0 0 0 0 0 0 0 1 0]	[0 1 1 1 0 0]	[0 0 0 1 0 0]
3	-0.75	7.774306297302246	2.2182118892669678	2.0574300289154053	1.8057420253753662	1.6929224729537964	False	[0 1 0 0 1 1 0 1 0]	[1 0 0 0 0 0 0 1 0]	[0 1 1 0 0 0]	[0 0 0 0 0 0]
3	-0.75	7.843378067016602	2.211904287338257	2.0544910430908203	1.825209617614746	1.7517728805541992	False	[0 1 0 0 0 1 0 1 0]	[0 0 0 0 0 0 0 1 0]	[0 1 1 1 0 0]	[0 0 0 1 0 0]
3	-0.75	7.7884907722473145	2.2049307823181152	2.0684282779693604	1.8137680292129517	1.7013636827468872	False	[0 1 0 0 1 1 0 1 0]	[1 0 0 0 0 0 0 1 0]	[0 1 1 0 0 0]	[0 0 0 0 0 0]
3	-0.75	7.839641571044922	2.217427968978882	2.0515518188476562	1.8179888725280762	1.7526724338531494	False	[0 1 0 0 0 1 0 1 0]	[0 0 0 0 0 0 0 1 0]	[0 1 1 1 0 0]	[0 0 0 1 0 0]
3	-0.75	7.749763488769531	2.1941213607788086	2.081923007965088	1.7913596630096436	1.6823595762252808	False	[0 1 0 0 1 1 0 1 0]	[1 0 0 0 0 0 0 1 0]	[0 1 1 0 0 0]	[0 0 0 0 0 0]
3	-0.75	7.832359790802002	2.203734874725342	2.028050422668457	1.81606924533844	1.7845054864883423	False	[0 0 0 0 1 1 0 1 0]	[0 0 0 0 0 0 0 1 0]	[0 1 1 1 0 0]	[0 0 0 1 0 0]
3	-0.75	7.725096702575684	2.2116692066192627	2.0448102951049805	1.8075193166732788	1.6610982418060303	False	[0 0 0 0 0 1 0 1 0]	[1 0 0 0 0 0 0 1 0]	[0 1 1 0 0 0]	[0 0 0 0 0 0]
3	-0.75	7.726700305938721	2.1662423610687256	2.048022985458374	1.8142799139022827	1.6981549263000488	False	[0 0 0 0 1 1 0 1 0]	[0 0 0 0 0 0 0 1 0]	[0 1 1 1 0 0]	[0 0 0 1 0 0]
3	-0.75	7.732108116149902	2.207878351211548	2.0495107173919678	1.7889957427978516	1.6857234239578247	False	[0 0 0 0 0 1 0 1 0]	[1 0 0 0 0 0 0 1 0]	[0 1 1 0 0 0]	[0 0 0 0 0 0]
3	-0.75	7.708600044250488	2.160130739212036	2.057340383529663	1.787837266921997	1.7032921314239502	False	[0 0 0 0 1 1 0 1 0]	[0 0 0 0 0 0 0 1 0]	[0 1 1 1 0 0]	[0 0 0 1 0 0]
3	-0.75	7.742293357849121	2.219374418258667	2.0486679077148438	1.7971181869506836	1.6771323680877686	False	[0 0 0 0 0 1 0 1 0]	[1 0 0 0 0 0 0 1 0]	[0 1 1 0 0 0]	[0 0 0 0 0 0]
3	-0.75	7.712550163269043	2.158585786819458	2.064950942993164	1.797202706336975	1.6918113231658936	False	[0 1 0 0 0 1 0 1 0]	[0 0 0 0 0 0 0 1 0]	[0 1 1 1 0 0]	[0 0 0 1 0 0]
3	-0.75	7.791821002960205	2.236686944961548	2.017117977142334	1.8089210987091064	1.7290949821472168	False	[0 1 0 0 1 1 0 1 0]	[1 0 0 0 0 0 0 1 0]	[0 1 1 0 0 0]	[0 0 0 0 0 0]
3	-0.75	7.826609134674072	2.209320068359375	2.0551257133483887	1.8238974809646606	1.738265872001648	False	[0 0 0 0 1 1 0 1 0]	[0 0 0 0 0 0 0 1 0]	[0 1 1 1 0 0]	[0 0 0 1 0 0]
3	-0.75	7.7308454513549805	2.217512845993042	2.0470755100250244	1.7922707796096802	1.673986554145813	False	[0 0 0 0 0 1 0 1 0]	[1 0 0 0 0 0 0 1 0]	[0 1 1 0 0 0]	[0 0 0 0 0 0]
4	0.2747083604335785	6.589756965637207	1.8236037492752075	1.75800621509552	1.7561677694320679	1.251979112625122	False	[0 0 0 0 1 0 0 0 0]	[0 0 0 1 0 0 0 0 0]	[0 0 0 0 1 0]	[1 0 0 0 0 0]
4	0.1299157440662384	7.014540195465088	1.942165732383728	1.6957027912139893	1.6873717308044434	1.6893001794815063	False	[0 0 0 0 0 0 0 0 0]	[0 0 0 0 0 0 0 0 0]	[0 1 0 0 1 0]	[1 0 0 0 1 0]
4	-0.75	6.973921775817871	1.898833155632019	1.8798291683197021	1.7491276264190674	1.446131944656372	False	[0 0 0 0 1 0 0 0 0]	[0 0 0 1 0 0 0 0 0]	[0 1 1 0 1 0]	[0 0 0 0 1 0]
4	-0.5	7.835506916046143	2.1359825134277344	2.0473949909210205	1.7875851392745972	1.86454439163208	False	[0 0 0 0 0 0 0 0 0]	[0 0 0 1 1 0 0 0 0]	[0 0 1 0 1 0]	[0 0 0 0 0 0]
4	-0.75	7.494544982910156	2.158862352371216	1.8893567323684692	1.6590635776519775	1.787261724472046	False	[0 1 0 0 0 0 0 0 0]	[0 0 0 1 0 0 0 0 0]	[0 1 1 0 1 0]	[0 1 0 0 0 0]
4	-0.5	7.60217809677124	2.193146228790283	2.046312093734741	1.571344017982483	1.791375994682312	False	[0 1 0 0 1 0 0 0 0]	[0 0 0 1 0 0 0 1 0]	[0 0 1 0 1 0]	[0 0 0 0 0 0]
4	-0.75	7.552040100097656	2.0118746757507324	2.044562339782715	1.7670221328735352	1.7285809516906738	False	[0 1 0 0 0 0 0 0 0]	[0 0 0 0 0 0 0 1 0]	[0 1 1 0 1 0]	[0 0 0 0 1 0]
4	-0.25	7.8146538734436035	2.1116726398468018	2.0167338848114014	1.8526709079742432	1.8335766792297363	False	[0 0 0 0 0 0 0 0 0]	[0 0 0 0 1 0 0 1 0]	[0 1 0 0 1 0]	[0 0 0 0 1 1]
4	-0.75	7.6353373527526855	2.0876803398132324	1.9951534271240234	1.7999306917190552	1.7525731325149536	False	[0 0 0 0 0 1 0 0 0]	[0 0 0 0 0 0 0 1 0]	[0 0 0 0 1 0]	[1 0 0 0 1 1]
4	-0.75	7.8458709716796875	2.1548972129821777	2.0474534034729004	1.8197648525238037	1.8237552642822266	False	[0 0 0 0 1 1 0 0 0]	[0 0 0 0 1 0 0 1 0]	[0 1 0 0 1 0]	[1 0 0 0 0 1]
4	0.5182968378067017	7.775263786315918	2.1010687351226807	2.060509204864502	1.8258198499679565	1.787865400314331	False	[0 0 1 0 1 1 0 0 0]	[0 0 0 0 0 0 0 1 0]	[0 1 0 1 1 0]	[1 0 0 0 0 0]
4	-0.75	7.215208053588867	2.046736240386963	1.811935305595398	1.7196605205535889	1.636875867843628	False	[0 0 0 0 1 1 0 0 0]	[0 0 0 1 0 0 0 1 0]	[0 0 0 1 1 0]	[0 0 0 0 0 0]
4	0.5426948070526123	7.825624942779541	2.169807195663452	2.016618490219116	1.7805566787719727	1.858642578125	False	[0 0 0 0 0 1 0 0 0]	[0 0 0 0 0 0 0 1 0]	[0 1 0 1 1 0]	[1 0 0 0 0 0]
4	-0.75	7.183040142059326	2.0205800533294678	1.7856422662734985	1.6947591304779053	1.6820586919784546	False	[0 0 1 0 0 1 0 0 0]	[0 0 0 1 0 0 0 1 0]	[0 0 0 1 1 0]	[0 0 0 0 0 0]
4	0.4790584146976471	7.805204391479492	2.1086978912353516	2.1176226139068604	1.7962486743927002	1.7826356887817383	False	[0 0 1 0 1 1 0 0 0]	[0 0 0 0 0 0 0 1 0]	[0 1 0 1 1 0]	[1 0 0 0 0 0]
4	-0.75	7.191880226135254	2.035360097885132	1.8332297801971436	1.72055983543396	1.6027307510375977	False	[0 0 0 0 1 1 0 0 0]	[0 0 0 1 0 0 0 1 0]	[0 0 0 1 1 0]	[0 0 0 0 0 0]
4	0.36709269881248474	7.809169769287109	2.159332513809204	2.0245862007141113	1.7789185047149658	1.8463327884674072	False	[0 0 0 0 0 1 0 0 0]	[0 0 0 1 1 0 0 1 0]	[0 1 0 1 1 0]	[1 0 0 0 0 0]
4	-0.75	7.22086238861084	2.0561065673828125	1.9060388803482056	1.604327917098999	1.654389500617981	False	[0 0 0 0 1 1 0 0 0]	[0 0 0 0 1 0 0 1 0]	[0 0 0 1 1 0]	[0 0 0 0 0 0]
4	-0.75	7.8209028244018555	2.171276092529297	1.950315237045288	1.8318949937820435	1.8674163818359375	False	[0 0 1 0 1 1 0 0 0]	[0 0 0 0 0 0 0 1 0]	[0 1 0 1 1 0]	[0 0 0 0 0 1]
4	-0.75	7.775153636932373	2.2153260707855225	2.021800994873047	1.6767061948776245	1.8613201379776	False	[0 0 1 0 1 0 0 0 0]	[0 0 0 0 1 0 0 1 0]	[0 0 0 1 1 0]	[0 0 0 1 0 1]
4	-0.75	7.654008865356445	2.142874002456665	1.9632149934768677	1.8249472379684448	1.7229722738265991	False	[0 0 1 0 1 1 0 0 0]	[0 0 0 0 0 0 0 1 0]	[1 0 0 1 1 0]	[0 0 0 1 0 0]
4	-0.5	7.835080146789551	2.202399730682373	2.011141300201416	1.7970560789108276	1.8244831562042236	False	[0 0 0 0 1 1 0 0 0]	[0 0 0 0 1 0 0 1 0]	[1 1 0 1 1 0]	[0 0 0 1 0 1]
4	-0.25	7.648235321044922	2.09574556350708	2.0226480960845947	1.822500467300415	1.707340955734253	False	[0 0 0 0 1 0 0 0 0]	[0 0 0 0 0 0 0 1 0]	[1 1 0 0 1 0]	[0 0 0 1 0 0]
4	0.07767317444086075	7.613576889038086	2.0625503063201904	2.008143663406372	1.7982617616653442	1.7446210384368896	False	[0 0 0 0 0 0 0 0 0]	[0 0 0 0 1 0 0 1 0]	[1 1 0 1 1 0]	[0 0 0 1 0 1]
4	-0.5	7.293447494506836	2.02554988861084	1.9135072231292725	1.7744641304016113	1.579926609992981	False	[0 0 0 1 0 0 0 0 0]	[0 0 0 0 0 0 0 1 0]	[1 1 1 1 1 0]	[1 0 0 1 0 1]
4	-0.25	7.726122856140137	2.1379570960998535	2.072091579437256	1.7701683044433594	1.745906114578247	False	[1 0 0 1 0 0 0 0 0]	[0 0 0 0 1 0 0 1 0]	[1 0 1 1 1 0]	[0 0 0 1 0 1]
4	-0.75	7.617298603057861	2.0935637950897217	2.0019516944885254	1.7799997329711914	1.741783618927002	False	[1 0 0 1 0 1 0 0 0]	[0 0 0 0 0 0 0 1 0]	[1 0 0 1 1 0]	[0 0 0 1 0 0]
4	0.39436542987823486	7.838137149810791	2.1965551376342773	2.0132570266723633	1.7950905561447144	1.8332343101501465	False	[1 0 0 1 1 1 0 0 0]	[0 0 0 0 1 0 0 1 0]	[1 1 0 1 1 0]	[0 0 0 0 0 0]
4	-0.25	7.004337310791016	1.9298104047775269	1.8717539310455322	1.683889627456665	1.5188839435577393	False	[1 0 1 1 1 1 0 0 0]	[0 0 0 1 1 0 0 1 0]	[1 1 0 0 1 0]	[1 0 0 0 0 0]
4	-0.5	7.216963768005371	2.1622278690338135	1.9604699611663818	1.598656415939331	1.4956090450286865	False	[1 0 0 1 1 1 0 0 0]	[0 0 0 0 1 0 0 1 0]	[1 0 0 0 1 0]	[0 0 0 0 0 0]
5	0.3635569214820862	6.212240695953369	2.0464205741882324	1.6624659299850464	1.6603317260742188	0.8430225253105164	False	[0 0 0 1 0 0 0 0 0]	[0 0 0 1 0 0 0 0 0]	[0 0 0 0 1 0]	[1 0 0 0 0 0]
5	0.07327524572610855	6.451552867889404	2.1148862838745117	1.6320244073867798	1.7121074199676514	0.9925352931022644	False	[0 0 0 0 0 0 0 0 0]	[0 0 0 0 0 0 0 0 0]	[1 0 0 0 1 0]	[0 0 0 0 0 0]
5	0.07541241496801376	6.56905460357666	1.9426743984222412	2.0110208988189697	1.7663339376449585	0.8490252494812012	False	[0 0 0 1 0 0 0 0 0]	[1 0 0 0 0 0 0 0 0]	[1 0 0 0 0 0]	[1 0 0 0 0 0]
5	0.3493773937225342	6.239564895629883	2.0779237747192383	1.6502207517623901	1.691322684288025	0.8200974464416504	False	[0 0 0 0 0 0 0 0 0]	[1 0 0 1 0 0 0 0 0]	[1 0 0 0 1 0]	[0 0 0 0 0 0]
5	0.03368331119418144	6.842091083526611	2.046940326690674	1.9993312358856201	1.7774708271026611	1.018349289894104	False	[0 0 0 1 0 0 0 0 0]	[1 0 0 0 0 0 0 0 0]	[1 0 0 0 0 0]	[1 0 0 0 0 0]
5	0.38574105501174927	6.171787261962891	2.0712356567382812	1.6295404434204102	1.6847641468048096	0.7862473726272583	False	[0 0 0 0 0 0 0 0 0]	[1 0 0 1 0 0 0 0 0]	[1 0 0 0 1 0]	[0 0 0 0 0 0]
5	0.06141011789441109	6.833949089050293	2.025628089904785	1.995596170425415	1.7795424461364746	1.0331825017929077	False	[0 0 0 1 0 0 0 0 0]	[1 0 0 0 0 0 0 0 0]	[1 0 0 0 0 0]	[1 0 0 0 0 0]
5	0.047183651477098465	6.246306896209717	2.0800421237945557	1.633769154548645	1.6987497806549072	0.8337453603744507	False	[0 0 0 0 0 0 0 0 0]	[1 0 0 1 0 0 0 0 0]	[0 0 0 0 0 0]	[0 0 0 0 0 0]
5	0.040312305092811584	6.340460777282715	2.084449529647827	1.6199467182159424	1.6569489240646362	0.9791155457496643	False	[0 0 0 1 0 0 0 0 0]	[1 0 0 0 0 0 0 0 0]	[0 0 0 0 1 0]	[1 0 0 0 0 0]
5	0.38712239265441895	6.307313442230225	2.0610527992248535	1.654336929321289	1.7214809656143188	0.8704429268836975	False	[0 0 0 0 0 0 0 0 0]	[1 0 0 1 0 0 0 0 0]	[1 0 0 0 1 0]	[0 0 0 0 0 0]
5	0.1190660372376442	6.767708778381348	2.013228416442871	1.9949984550476074	1.7757517099380493	0.983730137348175	False	[0 0 0 1 0 0 0 0 0]	[1 0 0 0 0 0 0 0 0]	[1 0 1 0 1 0]	[1 0 0 0 0 0]
5	0.3493773937225342	6.468406677246094	2.1213817596435547	1.7116800546646118	1.7044496536254883	0.9308950901031494	False	[0 0 0 0 0 0 0 0 0]	[1 0 0 1 0 0 0 0 0]	[1 0 1 0 0 0]	[0 0 0 0 0 0]
5	0.048458680510520935	6.370684623718262	2.1026864051818848	1.701167345046997	1.7396072149276733	0.8272236585617065	False	[0 0 0 1 0 0 0 0 0]	[1 0 0 0 0 0 0 0 0]	[0 0 1 0 0 0]	[1 0 0 0 0 0]
5	0.42497947812080383	6.50709867477417	2.084691286087036	1.647394061088562	1.6649245023727417	1.1100889444351196	False	[0 0 0 0 0 0 0 0 0]	[1 0 0 1 0 0 0 0 0]	[0 0 1 0 1 0]	[0 0 0 0 0 0]
5	0.06464509665966034	6.537776947021484	2.110640048980713	1.708345651626587	1.7554007768630981	0.963390588760376	False	[0 0 0 1 0 0 0 0 0]	[1 0 0 0 0 0 0 0 0]	[1 0 1 0 1 0]	[1 0 0 0 0 0]
5	0.3489108979701996	6.5077128410339355	2.12435245513916	1.7269107103347778	1.695728063583374	0.9607215523719788	False	[0 0 0 0 0 0 0 0 0]	[1 0 0 1 0 0 0 0 0]	[1 0 1 0 0 0]	[0 0 0 0 0 0]
5	0.03728998079895973	6.385802268981934	2.100558042526245	1.722490906715393	1.7436554431915283	0.8190977573394775	False	[0 0 0 1 0 0 0 0 0]	[1 0 0 0 0 0 0 0 0]	[0 0 1 0 0 0]	[1 0 0 0 0 0]
5	0.412328839302063	6.556900501251221	2.0914125442504883	1.6554739475250244	1.6618001461029053	1.1482138633728027	False	[0 0 0 0 0 0 0 0 0]	[1 0 0 1 0 0 0 0 0]	[0 0 1 0 1 0]	[0 0 0 0 0 0]
5	0.0845387727022171	6.425621032714844	2.117718458175659	1.7270766496658325	1.7466332912445068	0.8341924548149109	False	[0 0 0 1 0 0 0 0 0]	[1 0 0 0 0 0 0 0 0]	[1 0 1 0 1 0]	[1 0 0 0 0 0]
5	0.3642179071903229	6.466218948364258	2.1131136417388916	1.668005347251892	1.7013237476348877	0.983776330947876	False	[0 0 0 0 0 0 0 0 0]	[1 0 0 1 0 0 0 0 0]	[1 0 1 0 0 0]	[0 0 0 0 0 0]
5	0.04456270858645439	6.387716293334961	2.1125264167785645	1.7393063306808472	1.7365810871124268	0.7993020415306091	False	[0 0 0 1 0 0 0 0 0]	[1 0 0 0 0 0 0 0 0]	[0 0 1 0 0 0]	[1 0 0 0 0 0]
5	0.384831964969635	6.518665790557861	2.090879201889038	1.6153478622436523	1.6586661338806152	1.1537727117538452	False	[0 0 0 0 0 0 0 0 0]	[1 0 0 1 0 0 0 0 0]	[0 0 1 0 1 0]	[0 0 0 0 0 0]
5	0.08680527657270432	6.454431056976318	2.0913543701171875	1.6853240728378296	1.7564051151275635	0.9213471412658691	False	[0 0 0 1 0 0 0 0 0]	[1 0 0 0 0 0 0 0 0]	[1 0 1 0 1 0]	[1 0 0 0 0 0]
5	0.421638160943985	6.47636079788208	2.1332144737243652	1.6847769021987915	1.6885428428649902	0.969826877117157	False	[0 0 0 0 0 0 0 0 0]	[1 0 0 1 0 0 0 0 0]	[0 0 1 0 1 0]	[0 0 0 0 0 0]
5	0.07195326685905457	6.414631366729736	2.095693826675415	1.6913255453109741	1.7461152076721191	0.8814967274665833	False	[0 0 0 1 0 0 0 0 0]	[1 0 0 0 0 0 0 0 0]	[1 0 1 0 1 0]	[1 0 0 0 0 0]
5	0.45846831798553467	6.51176118850708	2.1243066787719727	1.6889697313308716	1.6998178958892822	0.9986674189567566	False	[0 0 0 0 0 0 0 0 0]	[1 0 0 1 0 0 0 0 0]	[0 0 1 0 1 0]	[0 0 0 0 0 0]
5	0.08404256403446198	6.376989364624023	2.109229326248169	1.6918272972106934	1.7493764162063599	0.8265559673309326	False	[0 0 0 1 0 0 0 0 0]	[1 0 0 0 0 0 0 0 0]	[1 0 1 0 1 0]	[1 0 0 0 0 0]
5	0.4402864873409271	6.467785358428955	2.1133997440338135	1.6853265762329102	1.702711820602417	0.9663473963737488	False	[0 0 0 0 0 0 0 0 0]	[1 0 0 1 0 0 0 0 0]	[1 0 1 0 0 0]	[0 0 0 0 0 0]
5	0.05285660922527313	6.381207466125488	2.1034560203552246	1.718383550643921	1.737121343612671	0.8222467303276062	False	[0 0 0 1 0 0 0 0 0]	[1 0 0 0 0 0 0 0 0]	[0 0 1 0 0 0]	[1 0 0 0 0 0]
5	0.40967246890068054	6.485767364501953	2.0871551036834717	1.6330256462097168	1.6606059074401855	1.104980230331421	False	[0 0 0 0 0 0 0 0 0]	[1 0 0 1 0 0 0 0 0]	[0 0 1 0 1 0]	[0 0 0 0 0 0]
6	0.27711665630340576	6.288478374481201	1.846070408821106	1.8373868465423584	1.6118686199188232	0.9931519627571106	False	[0 0 0 1 0 0 0 0 0]	[0 0 0 1 0 0 0 0 0]	[0 0 0 1 0 0]	[1 0 0 0 0 0]
6	0.027791941538453102	6.637351989746094	1.7792288064956665	1.8751200437545776	1.6893796920776367	1.2936235666275024	False	[0 0 0 0 0 0 0 0 0]	[0 0 0 0 0 0 0 0 0]	[0 0 0 0 0 0]	[0 0 0 0 0 0]
6	0.21124346554279327	6.357386589050293	1.8559763431549072	1.8603307008743286	1.6212981939315796	1.019781231880188	False	[0 0 0 1 0 0 0 0 0]	[0 0 0 1 0 0 0 0 0]	[0 0 0 1 0 0]	[1 0 0 0 0 0]
6	0.08869434893131256	6.682538032531738	1.792803406715393	1.8779706954956055	1.7146599292755127	1.2971038818359375	False	[0 0 0 0 0 0 0 0 0]	[0 0 0 0 0 0 0 0 0]	[0 0 0 1 1 0]	[0 0 0 0 0 0]
6	0.2422761470079422	6.520007610321045	1.8958733081817627	1.9469716548919678	1.619299292564392	1.0578633546829224	False	[0 0 0 1 0 0 0 0 0]	[0 0 0 1 0 0 0 0 0]	[0 0 0 1 0 0]	[1 0 0 0 0 0]
6	0.031139006838202477	6.673398971557617	1.7953602075576782	1.9245208501815796	1.6814213991165161	1.2720967531204224	False	[0 0 0 0 0 0 0 0 0]	[0 0 0 0 0 0 0 0 0]	[0 0 0 0 0 0]	[0 0 0 0 0 0]
6	0.20500342547893524	6.337063789367676	1.8474278450012207	1.8427743911743164	1.6152310371398926	1.0316307544708252	False	[0 0 0 1 0 0 0 0 0]	[0 0 0 1 0 0 0 0 0]	[0 0 0 1 0 0]	[1 0 0 0 0 0]
6	0.02102692425251007	6.695901393890381	1.7998969554901123	1.8554502725601196	1.6999808549880981	1.3405731916427612	False	[0 0 0 0 0 0 0 0 0]	[0 0 0 0 0 0 0 0 0]	[0 0 0 0 0 0]	[0 0 0 0 0 0]
6	0.1933567076921463	6.263460636138916	1.8470439910888672	1.8285062313079834	1.6087850332260132	0.9791254997253418	False	[0 0 0 1 0 0 0 0 0]	[0 0 0 1 0 0 0 0 0]	[0 0 0 1 0 0]	[1 0 0 0 0 0]
6	0.07680527865886688	6.702994346618652	1.8066861629486084	1.8800053596496582	1.701464056968689	1.3148391246795654	False	[0 0 0 0 0 0 0 0 0]	[0 0 0 0 0 0 0 0 0]	[0 0 0 1 1 0]	[0 0 0 0 0 0]
6	0.2205585390329361	6.651139259338379	1.8740253448486328	1.9625489711761475	1.630814790725708	1.1837503910064697	False	[0 0 0 1 0 0 0 0 0]	[0 0 0 1 0 0 0 0 0]	[0 0 0 1 0 0]	[1 0 0 0 0 0]
6	0.026304252445697784	6.672441482543945	1.7770434617996216	1.8606078624725342	1.6995012760162354	1.3352887630462646	False	[0 0 0 0 0 0 0 0 0]	[0 0 0 0 0 0 0 0 0]	[0 0 0 0 0 0]	[0 0 0 0 0 0]
6	0.1933567076921463	6.2817792892456055	1.8589645624160767	1.8494793176651	1.609288215637207	0.9640475511550903	False	[0 0 0 1 0 0 0 0 0]	[0 0 0 1 0 0 0 0 0]	[0 0 0 1 0 0]	[1 0 0 0 0 0]
6	0.0344860702753067	6.597384929656982	1.7925714254379272	1.8992273807525635	1.6779588460922241	1.227627158164978	False	[0 0 0 0 0 0 0 0 0]	[0 0 0 0 0 0 0 0 0]	[0 0 0 0 0 0]	[0 0 0 0 0 0]
6	0.20281930267810822	6.315694332122803	1.8528788089752197	1.8596829175949097	1.6145164966583252	0.9886166453361511	False	[0 0 0 1 0 0 0 0 0]	[0 0 0 1 0 0 0 0 0]	[0 0 0 1 0 0]	[1 0 0 0 0 0]
6	0.021062368527054787	6.558864593505859	1.7902052402496338	1.8850133419036865	1.664057970046997	1.2195885181427002	False	[0 0 0 0 0 0 0 0 0]	[0 0 0 0 0 0 0 0 0]	[0 0 0 0 0 0]	[0 0 0 0 0 0]
6	0.2791062891483307	6.2637763023376465	1.8523519039154053	1.8298938274383545	1.605077862739563	0.9764529466629028	False	[0 0 0 1 0 0 0 0 0]	[0 0 0 1 0 0 0 0 0]	[0 0 0 1 0 0]	[1 0 0 0 0 0]
6	0.07835809886455536	6.703648567199707	1.8059184551239014	1.8745824098587036	1.692902684211731	1.3302451372146606	False	[0 0 0 0 0 0 0 0 0]	[0 0 0 0 0 0 0 0 0]	[0 0 0 1 1 0]	[0 0 0 0 0 0]
6	0.20726417005062103	6.647482395172119	1.88201904296875	1.9598848819732666	1.6364744901657104	1.1691042184829712	False	[0 0 0 1 0 0 0 0 0]	[0 0 0 1 0 0 0 0 0]	[0 0 0 1 0 0]	[1 0 0 0 0 0]
6	0.020188720896840096	6.730344772338867	1.813357949256897	1.8618175983428955	1.710879921913147	1.3442890644073486	False	[0 0 0 0 0 0 0 0 0]	[0 0 0 0 0 0 0 0 0]	[0 0 0 0 0 0]	[0 0 0 0 0 0]
6	0.25330883264541626	6.232049465179443	1.8563328981399536	1.8300702571868896	1.590303897857666	0.9553422331809998	False	[0 0 0 1 0 0 0 0 0]	[0 0 0 1 0 0 0 0 0]	[0 0 0 1 0 0]	[1 0 0 0 0 0]
6	0.07163427770137787	6.7718963623046875	1.8114696741104126	1.9413336515426636	1.6964051723480225	1.3226882219314575	False	[0 0 0 0 0 0 0 0 0]	[0 0 0 0 0 0 0 0 0]	[0 0 0 1 1 0]	[0 0 0 0 0 0]
6	0.2403104454278946	6.618871212005615	1.8782899379730225	1.9710983037948608	1.6247572898864746	1.1447257995605469	False	[0 0 0 1 0 0 0 0 0]	[0 0 0 1 0 0 0 0 0]	[0 0 0 1 0 0]	[1 0 0 0 0 0]
6	0.09963887929916382	6.687350273132324	1.8015352487564087	1.925364375114441	1.688100814819336	1.2723495960235596	False	[0 0 0 0 0 0 0 0 0]	[0 0 0 0 0 0 0 0 0]	[0 0 0 1 1 0]	[0 0 0 0 0 0]
6	0.24608397483825684	6.583187580108643	1.894700288772583	1.9627217054367065	1.629199743270874	1.096565842628479	False	[0 0 0 1 0 0 0 0 0]	[0 0 0 1 0 0 0 0 0]	[0 0 0 1 0 0]	[1 0 0 0 0 0]
6	0.022626694291830063	6.705852508544922	1.8356260061264038	1.9138892889022827	1.6681602001190186	1.2881767749786377	False	[0 0 0 0 0 0 0 0 0]	[0 0 0 0 0 0 0 0 0]	[0 0 0 0 0 0]	[0 0 0 0 0 0]
6	0.23787821829319	6.274672508239746	1.845937967300415	1.8398199081420898	1.6073806285858154	0.9815341234207153	False	[0 0 0 1 0 0 0 0 0]	[0 0 0 1 0 0 0 0 0]	[0 0 0 1 0 0]	[1 0 0 0 0 0]
6	0.02677076868712902	6.742423057556152	1.8076672554016113	1.9434998035430908	1.6845595836639404	1.3066961765289307	False	[0 0 0 0 0 0 0 0 0]	[0 0 0 0 0 0 0 0 0]	[0 0 0 0 0 0]	[0 0 0 0 0 0]
6	0.2551509439945221	6.291556358337402	1.8425761461257935	1.8280072212219238	1.6085073947906494	1.0124653577804565	False	[0 0 0 1 0 0 0 0 0]	[0 0 0 1 0 0 0 0 0]	[0 0 0 1 0 0]	[1 0 0 0 0 0]
6	0.022414034232497215	6.604340076446533	1.8256196975708008	1.9226305484771729	1.6426680088043213	1.2134219408035278	False	[0 0 0 0 0 0 0 0 0]	[0 0 0 0 0 0 0 0 0]	[0 0 0 0 0 0]	[0 0 0 0 0 0]
7	0.04649297147989273	6.30214262008667	1.9129137992858887	1.8150335550308228	1.4490129947662354	1.1251825094223022	False	[0 0 0 1 0 0 0 0 0]	[1 0 0 0 0 0 0 0 0]	[1 0 0 0 0 0]	[1 0 0 0 0 0]
7	0.06118595227599144	6.521143913269043	1.9228757619857788	1.8927973508834839	1.5427391529083252	1.162731409072876	False	[0 0 0 0 0 0 0 0 0]	[1 0 0 1 0 0 0 0 0]	[0 0 0 0 0 0]	[0 0 0 0 0 0]
7	0.040235668420791626	6.327568054199219	1.625171184539795	1.9166052341461182	1.5078970193862915	1.2778946161270142	False	[0 0 0 1 0 0 0 0 0]	[1 0 0 0 0 0 0 0 0]	[1 0 0 0 0 0]	[1 0 0 0 0 0]
7	0.0428566113114357	6.498072147369385	1.922952651977539	1.8990777730941772	1.540644645690918	1.135396957397461	False	[0 0 0 0 0 0 0 0 0]	[1 0 0 1 0 0 0 0 0]	[0 0 0 0 0 0]	[0 0 0 0 0 0]
7	0.07803910970687866	6.282092094421387	1.6246564388275146	1.9102755784988403	1.4988164901733398	1.248343586921692	False	[0 0 0 1 0 0 0 0 0]	[0 0 0 1 0 0 0 0 0]	[1 0 0 0 0 0]	[1 0 0 0 0 0]
7	0.028559258207678795	6.459496974945068	1.645247459411621	1.905884861946106	1.5905938148498535	1.3177709579467773	False	[0 0 0 0 0 0 0 0 0]	[0 0 0 0 0 0 0 0 0]	[0 0 0 0 0 0]	[0 0 0 0 0 0]
7	0.04583773761987686	6.300079345703125	1.8872121572494507	1.8207557201385498	1.4756726026535034	1.1164389848709106	False	[0 0 0 1 0 0 0 0 0]	[1 0 0 0 0 0 0 0 0]	[1 0 0 0 0 0]	[1 0 0 0 0 0]
7	0.04077881947159767	6.557938575744629	1.9374210834503174	1.9085155725479126	1.545175552368164	1.1668260097503662	False	[0 0 0 0 0 0 0 0 0]	[1 0 0 1 0 0 0 0 0]	[0 0 0 0 0 0]	[0 0 0 0 0 0]
7	0.06882461905479431	6.301516532897949	1.642139196395874	1.901249885559082	1.481040358543396	1.2770869731903076	False	[0 0 0 1 0 0 0 0 0]	[0 0 0 1 0 0 0 0 0]	[1 0 0 0 0 0]	[1 0 0 0 0 0]
7	0.02972220443189144	6.3668694496154785	1.6208038330078125	1.9107035398483276	1.5724722146987915	1.2628897428512573	False	[0 0 0 0 0 0 0 0 0]	[0 0 0 0 0 0 0 0 0]	[0 0 0 0 0 0]	[0 0 0 0 0 0]
7	0.056829217821359634	6.259847640991211	1.9013843536376953	1.8119462728500366	1.4430930614471436	1.1034241914749146	False	[0 0 0 1 0 0 0 0 0]	[1 0 0 0 0 0 0 0 0]	[1 0 0 0 0 0]	[1 0 0 0 0 0]
7	0.045949820429086685	6.666168212890625	1.960512399673462	1.907639980316162	1.5675442218780518	1.2304714918136597	False	[0 0 0 0 0 0 0 0 0]	[1 0 0 1 0 0 0 0 0]	[0 0 0 0 0 0]	[0 0 0 0 0 0]
7	0.057407815009355545	6.278077125549316	1.6223194599151611	1.91087007522583	1.497065782546997	1.2478219270706177	False	[0 0 0 1 0 0 0 0 0]	[1 0 0 0 0 0 0 0 0]	[1 0 0 0 0 0]	[1 0 0 0 0 0]
7	0.05300413444638252	6.705898761749268	1.9642258882522583	1.893300175666809	1.5915400981903076	1.2568327188491821	False	[0 0 0 0 0 0 0 0 0]	[1 0 0 1 0 0 0 0 0]	[0 0 0 0 0 0]	[0 0 0 0 0 0]
7	0.05631575733423233	6.368696212768555	1.6444495916366577	1.916845679283142	1.5197584629058838	1.2876427173614502	False	[0 0 0 1 0 0 0 0 0]	[1 0 0 0 0 0 0 0 0]	[1 0 0 0 0 0]	[1 0 0 0 0 0]
7	0.053623925894498825	6.703110694885254	1.9482029676437378	1.9013967514038086	1.5986028909683228	1.2549082040786743	False	[0 0 0 0 0 0 0 0 0]	[1 0 0 1 0 0 0 0 0]	[0 0 0 0 0 0]	[0 0 0 0 0 0]
7	0.043694812804460526	6.28286600112915	1.6516647338867188	1.891985297203064	1.480686902999878	1.2585291862487793	False	[0 0 0 1 0 0 0 0 0]	[1 0 0 0 0 0 0 0 0]	[1 0 0 0 0 0]	[1 0 0 0 0 0]
7	0.043948668986558914	6.639023780822754	1.948746919631958	1.903185486793518	1.5621609687805176	1.2249302864074707	False	[0 0 0 0 0 0 0 0 0]	[1 0 0 1 0 0 0 0 0]	[0 0 0 0 0 0]	[0 0 0 0 0 0]
7	0.06632150709629059	6.286754608154297	1.6433433294296265	1.9091931581497192	1.484473466873169	1.2497444152832031	False	[0 0 0 1 0 0 0 0 0]	[0 0 0 1 0 0 0 0 0]	[1 0 0 0 0 0]	[1 0 0 0 0 0]
7	0.03277996927499771	6.397414207458496	1.6255954504013062	1.9193387031555176	1.5702406167984009	1.2822396755218506	False	[0 0 0 0 0 0 0 0 0]	[0 0 0 0 0 0 0 0 0]	[0 0 0 0 0 0]	[0 0 0 0 0 0]
7	0.055406663566827774	6.270282745361328	1.9088540077209473	1.8099476099014282	1.4387283325195312	1.1127526760101318	False	[0 0 0 1 0 0 0 0 0]	[1 0 0 0 0 0 0 0 0]	[1 0 0 0 0 0]	[1 0 0 0 0 0]
7	0.045076172798871994	6.575568675994873	1.9494132995605469	1.8921929597854614	1.552506923675537	1.1814556121826172	False	[0 0 0 0 0 0 0 0 0]	[1 0 0 1 0 0 0 0 0]	[0 0 0 0 0 0]	[0 0 0 0 0 0]
7	0.06828721612691879	6.28620719909668	1.619879961013794	1.9133466482162476	1.503890872001648	1.2490894794464111	False	[0 0 0 1 0 0 0 0 0]	[0 0 0 1 0 0 0 0 0]	[1 0 0 0 0 0]	[1 0 0 0 0 0]
7	0.031139006838202477	6.470109939575195	1.6521365642547607	1.897542119026184	1.593573808670044	1.3268578052520752	False	[0 0 0 0 0 0 0 0 0]	[0 0 0 0 0 0 0 0 0]	[0 0 0 0 0 0]	[0 0 0 0 0 0]
7	0.04172910749912262	6.2871832847595215	1.9048726558685303	1.8093433380126953	1.4579944610595703	1.114972710609436	False	[0 0 0 1 0 0 0 0 0]	[1 0 0 0 0 0 0 0 0]	[1 0 0 0 0 0]	[1 0 0 0 0 0]
7	0.047183651477098465	6.5872483253479	1.944061040878296	1.9078739881515503	1.549704909324646	1.1856085062026978	False	[0 0 0 0 0 0 0 0 0]	[1 0 0 1 0 0 0 0 0]	[0 0 0 0 0 0]	[0 0 0 0 0 0]
7	0.035176750272512436	6.311617851257324	1.6320573091506958	1.9125397205352783	1.5050702095031738	1.2619504928588867	False	[0 0 0 1 0 0 0 0 0]	[1 0 0 0 0 0 0 0 0]	[1 0 0 0 0 0]	[1 0 0 0 0 0]
7	0.044928647577762604	6.578650951385498	1.9368582963943481	1.9048599004745483	1.5533497333526611	1.1835826635360718	False	[0 0 0 0 0 0 0 0 0]	[1 0 0 1 0 0 0 0 0]	[0 0 0 0 0 0]	[0 0 0 0 0 0]
7	0.046457529067993164	6.35047721862793	1.6237417459487915	1.9164191484451294	1.520007848739624	1.2903084754943848	False	[0 0 0 1 0 0 0 0 0]	[1 0 0 0 0 0 0 0 0]	[1 0 0 0 0 0]	[1 0 0 0 0 0]
7	0.05471598729491234	6.636105537414551	1.9407408237457275	1.8991450071334839	1.5966624021530151	1.1995573043823242	False	[0 0 0 0 0 0 0 0 0]	[1 0 0 1 0 0 0 0 0]	[0 0 0 0 0 0]	[0 0 0 0 0 0]
8	0.2609005272388458	5.634928226470947	1.8259892463684082	1.6372544765472412	1.6375082731246948	0.5341763496398926	False	[0 0 0 0 0 0 1 0 0]	[0 0 0 1 0 0 0 0 0]	[0 0 0 1 0 0]	[1 0 0 0 0 0]
8	0.04867709055542946	6.0306925773620605	1.7012584209442139	1.784121036529541	1.5149891376495361	1.0303239822387695	False	[0 0 0 1 0 0 1 0 0]	[0 0 0 0 0 0 0 0 0]	[0 0 0 0 0 0]	[0 0 0 0 0 0]
8	0.06694129854440689	6.287186145782471	2.013526439666748	1.7654972076416016	1.7043445110321045	0.8038182854652405	False	[0 0 0 1 0 0 0 0 0]	[0 0 0 1 0 0 0 0 0]	[1 0 0 0 0 0]	[1 0 0 0 0 0]
8	0.06308077275753021	5.583745956420898	1.5797176361083984	1.7370636463165283	1.5469061136245728	0.7200585603713989	False	[0 0 0 0 0 0 0 0 0]	[0 0 0 0 0 0 0 0 0]	[1 0 1 0 0 0]	[0 0 0 0 0 0]
8	-0.75	5.832414150238037	1.7540719509124756	1.784326434135437	1.649857997894287	0.644157886505127	False	[0 0 0 0 0 0 1 0 0]	[0 0 0 0 1 0 0 0 0]	[1 0 1 1 0 0]	[1 0 0 0 0 0]
8	0.07836385071277618	7.970530033111572	2.1965901851654053	2.2082767486572266	1.759869933128357	1.8057928085327148	False	[0 0 0 0 0 0 0 0 0]	[0 0 0 0 0 0 0 0 0]	[1 0 1 0 0 0]	[1 0 0 1 0 0]
8	-0.75	6.11087703704834	1.7314399480819702	1.8781520128250122	1.5707783699035645	0.9305064678192139	False	[0 0 0 0 0 0 1 0 0]	[0 0 0 0 1 0 0 0 0]	[1 0 1 1 0 0]	[0 0 0 1 0 0]
8	-0.5	7.913661956787109	2.1914141178131104	2.206742763519287	1.7211061716079712	1.7943990230560303	False	[0 0 0 0 1 0 1 0 0]	[0 0 1 0 1 0 0 0 0]	[1 0 1 0 0 0]	[0 0 0 0 0 0]
8	-0.75	7.527027606964111	2.0526819229125977	2.093550205230713	1.7076020240783691	1.6731934547424316	False	[0 0 0 0 1 0 0 0 0]	[0 0 1 0 0 0 0 0 0]	[1 0 1 1 0 0]	[1 0 0 0 0 0]
8	-0.75	7.549563884735107	2.019968032836914	2.106210708618164	1.667120337486267	1.756264567375183	False	[0 0 0 0 0 0 0 0 0]	[0 0 1 0 1 0 0 0 0]	[1 0 1 0 0 0]	[1 0 0 1 0 0]
8	-0.75	7.508685111999512	2.0203254222869873	2.1656713485717773	1.7047659158706665	1.617922306060791	False	[0 0 0 0 0 0 1 0 0]	[0 0 1 0 0 0 0 0 0]	[1 0 1 1 0 0]	[1 0 0 0 0 0]
8	-0.25	7.54724645614624	1.926283359527588	2.154080390930176	1.6812098026275635	1.785672664642334	False	[0 0 0 1 0 0 1 0 0]	[0 0 1 0 1 0 0 0 0]	[1 0 0 1 0 0]	[1 0 0 1 0 0]
8	0.22637902200222015	7.025825500488281	1.974393606185913	1.9646577835083008	1.701310396194458	1.3854639530181885	False	[0 0 0 1 0 0 0 0 0]	[0 0 1 1 1 0 0 0 0]	[1 0 0 0 0 0]	[1 0 0 0 0 0]
8	-0.5	6.455872535705566	1.8563616275787354	1.9039876461029053	1.6513532400131226	1.0441697835922241	False	[0 0 0 1 0 0 1 0 0]	[0 0 1 1 0 0 0 0 0]	[1 0 1 0 0 0]	[0 0 0 0 0 0]
8	0.21731780469417572	7.444366455078125	2.012418508529663	2.0738601684570312	1.6667976379394531	1.6912896633148193	False	[0 0 0 0 0 0 1 0 0]	[0 0 1 1 1 0 0 0 0]	[1 0 0 0 0 0]	[1 0 0 0 0 0]
8	-0.5	7.029601097106934	2.0298588275909424	1.924904465675354	1.731919765472412	1.3429176807403564	False	[0 0 0 0 0 0 0 0 0]	[0 0 1 1 0 0 0 0 0]	[1 0 1 0 0 0]	[0 0 0 0 0 0]
8	0.23191021382808685	6.874228477478027	1.8082712888717651	2.019209146499634	1.5335201025009155	1.5132277011871338	False	[0 0 0 1 0 0 0 0 0]	[0 0 1 1 1 0 0 0 0]	[1 0 0 0 0 0]	[1 0 0 0 0 0]
8	-0.25	6.36400842666626	1.8498045206069946	1.9034781455993652	1.6387802362442017	0.9719458222389221	False	[0 0 0 1 0 0 1 0 0]	[0 0 1 1 0 0 0 0 0]	[1 0 0 1 0 0]	[0 0 0 0 0 0]
8	0.2383447289466858	7.39958381652832	2.0473461151123047	2.0951337814331055	1.6050782203674316	1.6520256996154785	False	[0 0 0 0 0 0 1 0 0]	[0 0 1 1 1 0 0 0 0]	[1 0 0 0 0 0]	[1 0 0 0 0 0]
8	-0.5	7.077159881591797	2.029675006866455	1.9400160312652588	1.7446918487548828	1.3627766370773315	False	[0 0 0 0 0 0 0 0 0]	[0 0 1 1 0 0 0 0 0]	[1 0 1 0 0 0]	[0 0 0 0 0 0]
8	0.2684922516345978	6.847799301147461	1.7863543033599854	2.0322751998901367	1.551716685295105	1.4774534702301025	False	[0 0 0 1 0 0 0 0 0]	[0 0 1 1 1 0 0 0 0]	[1 0 0 0 0 0]	[1 0 0 0 0 0]
8	-0.25	6.444888591766357	1.854360818862915	1.9037539958953857	1.6357941627502441	1.050979495048523	False	[0 0 0 1 0 0 1 0 0]	[0 0 1 1 0 0 0 0 0]	[1 0 0 1 0 0]	[0 0 0 0 0 0]
8	-0.25	7.4008941650390625	2.048076868057251	2.092507839202881	1.599104642868042	1.6612040996551514	False	[0 0 0 0 0 0 1 0 0]	[0 0 1 1 1 0 0 0 0]	[1 0 0 0 0 0]	[0 0 0 1 0 0]
8	-0.25	7.5437469482421875	2.082751989364624	2.1002469062805176	1.6872920989990234	1.673456072807312	False	[0 0 0 0 1 0 1 0 0]	[0 0 1 1 0 0 0 0 0]	[1 0 0 1 0 0]	[1 0 0 1 0 0]
8	0.23077695071697235	6.642684459686279	1.9374549388885498	2.068093776702881	1.1216460466384888	1.5154900550842285	False	[0 0 0 1 1 0 1 0 0]	[0 0 1 0 0 0 0 0 0]	[1 0 0 0 0 0]	[1 0 0 0 0 0]
8	-0.25	6.383860111236572	1.7056362628936768	1.8532180786132812	1.5873355865478516	1.2376705408096313	False	[0 0 0 0 1 0 1 0 0]	[0 0 1 1 0 0 0 0 0]	[1 0 0 1 0 0]	[0 0 0 0 0 0]
8	-0.25	7.346856117248535	2.098642349243164	2.1044845581054688	1.5358271598815918	1.6079020500183105	False	[0 0 0 1 1 0 1 0 0]	[0 0 1 1 1 0 0 0 0]	[1 0 0 0 0 0]	[0 0 0 1 0 0]
8	-0.25	7.429218292236328	2.038193941116333	2.1358211040496826	1.5957965850830078	1.6594064235687256	False	[0 0 0 1 1 0 0 0 0]	[0 0 1 0 1 0 0 0 0]	[1 0 0 1 0 0]	[1 0 0 1 0 0]
8	0.1785161942243576	6.676392078399658	2.0102899074554443	1.911429524421692	1.560921311378479	1.1937512159347534	False	[0 0 0 1 1 0 1 0 0]	[0 0 1 1 1 0 0 0 0]	[1 0 0 0 0 0]	[1 0 0 0 0 0]
8	-0.25	6.508647441864014	1.756281852722168	1.8993828296661377	1.616217017173767	1.2367658615112305	False	[0 0 0 0 1 0 1 0 0]	[0 0 1 0 1 0 0 0 0]	[1 0 0 1 0 0]	[0 0 0 0 0 0]
9	0.056280311197042465	4.9940185546875	1.6922000646591187	1.871009349822998	0.8840190172195435	0.5467898845672607	False	[0 0 0 0 0 0 1 0 0]	[0 0 0 1 0 0 0 0 0]	[1 0 0 0 0 0]	[1 0 0 0 0 0]
9	0.02571990340948105	5.6778082847595215	1.704574704170227	1.8827316761016846	1.331600546836853	0.7589012980461121	False	[0 0 0 0 0 0 0 0 0]	[0 0 0 0 0 0 0 0 0]	[0 0 0 0 0 0]	[0 0 0 0 0 0]
9	0.0794147178530693	4.973268508911133	1.7361246347427368	1.887454628944397	0.8326209783554077	0.5170681476593018	False	[0 0 0 0 0 0 1 0 0]	[0 0 0 1 0 0 0 0 0]	[1 0 0 0 0 0]	[1 0 0 0 0 0]
9	0.03135741874575615	5.757328033447266	1.731330394744873	1.9252158403396606	1.3281471729278564	0.7726342678070068	False	[0 0 0 0 0 0 0 0 0]	[0 0 0 0 0 0 0 0 0]	[0 0 0 0 0 0]	[0 0 0 0 0 0]
9	0.06966857612133026	4.9745659828186035	1.6901980638504028	1.884139895439148	0.8633002042770386	0.5369278788566589	False	[0 0 0 0 0 0 1 0 0]	[0 0 0 1 0 0 0 0 0]	[1 0 0 0 0 0]	[1 0 0 0 0 0]
9	0.0336536169052124	5.595906734466553	1.7255269289016724	1.9045772552490234	1.2501449584960938	0.7156575918197632	False	[0 0 0 0 0 0 0 0 0]	[0 0 0 0 0 0 0 0 0]	[0 0 0 0 0 0]	[0 0 0 0 0 0]
9	0.05384233966469765	4.957998752593994	1.7186970710754395	1.8720380067825317	0.8540597558021545	0.5132041573524475	False	[0 0 0 0 0 0 1 0 0]	[0 0 0 1 0 0 0 0 0]	[1 0 0 0 0 0]	[1 0 0 0 0 0]
9	0.05446213111281395	5.711785316467285	1.6285815238952637	1.8874602317810059	1.3761167526245117	0.8196269273757935	False	[0 0 0 0 0 0 0 0 0]	[0 0 0 1 0 0 0 0 1]	[0 0 0 0 0 0]	[0 0 0 0 0 0]
9	0.2828662395477295	5.7267022132873535	1.6729774475097656	1.928348183631897	1.1839826107025146	0.9413942098617554	False	[0 0 0 0 0 0 1 0 0]	[0 0 0 0 0 0 0 0 1]	[1 0 0 0 0 0]	[1 0 0 0 0 0]
9	0.05834659934043884	6.125276565551758	1.722904920578003	1.9255735874176025	1.3795709609985352	1.0972272157669067	False	[0 0 0 0 0 0 0 0 0]	[0 0 0 1 0 0 0 0 1]	[0 0 0 0 0 0]	[0 0 0 0 0 0]
9	0.3121046721935272	5.783463001251221	1.6871024370193481	1.9365087747573853	1.183490514755249	0.9763612747192383	False	[0 0 0 0 0 0 1 0 0]	[0 0 0 0 0 0 0 0 1]	[1 0 0 0 0 0]	[1 0 0 0 0 0]
9	0.04707732051610947	5.9261956214904785	1.7520333528518677	1.9613984823226929	1.2199748754501343	0.9927887916564941	False	[0 0 0 0 0 0 0 0 0]	[0 0 0 1 0 0 0 0 1]	[0 0 0 0 0 0]	[0 0 0 0 0 0]
9	0.3039228618144989	5.8403801918029785	1.705004096031189	1.913473129272461	1.2207868099212646	1.0011162757873535	False	[0 0 0 0 0 0 1 0 0]	[0 0 0 0 0 0 0 0 1]	[1 0 0 0 0 0]	[1 0 0 0 0 0]
9	0.05162277817726135	5.917912483215332	1.7408907413482666	1.9594497680664062	1.2159521579742432	1.0016199350357056	False	[0 0 0 0 0 0 0 0 0]	[0 0 0 1 0 0 0 0 1]	[0 0 0 0 0 0]	[0 0 0 0 0 0]
9	0.30104807019233704	5.796675205230713	1.6947760581970215	1.938491940498352	1.1788442134857178	0.9845633506774902	False	[0 0 0 0 0 0 1 0 0]	[0 0 0 0 0 0 0 0 1]	[1 0 0 0 0 0]	[1 0 0 0 0 0]
9	0.05412588641047478	5.923731327056885	1.753098726272583	1.9499695301055908	1.2348240613937378	0.9858389496803284	False	[0 0 0 0 0 0 0 0 0]	[0 0 0 1 0 0 0 0 1]	[0 0 0 0 0 0]	[0 0 0 0 0 0]
9	0.2766501307487488	5.801868438720703	1.6877542734146118	1.9271572828292847	1.1988695859909058	0.9880870580673218	False	[0 0 0 0 0 0 1 0 0]	[0 0 0 0 0 0 0 0 1]	[1 0 0 0 0 0]	[1 0 0 0 0 0]
9	0.04819907248020172	5.932950496673584	1.7285022735595703	1.9588323831558228	1.2329314947128296	1.0126844644546509	False	[0 0 0 0 0 0 0 0 0]	[0 0 0 1 0 0 0 0 1]	[0 0 0 0 0 0]	[0 0 0 0 0 0]
9	0.331662118434906	5.762611389160156	1.6881623268127441	1.931783676147461	1.183121919631958	0.9595434069633484	False	[0 0 0 0 0 0 1 0 0]	[0 0 0 0 0 0 0 0 1]	[1 0 0 0 0 0]	[1 0 0 0 0 0]
9	0.05388353392481804	5.9085869789123535	1.72860848903656	1.9497685432434082	1.2289397716522217	1.0012696981430054	False	[0 0 0 0 0 0 0 0 0]	[0 0 0 1 0 0 0 0 1]	[0 0 0 0 0 0]	[0 0 0 0 0 0]
9	0.3192298710346222	5.81937313079834	1.6930434703826904	1.9315613508224487	1.1918861865997314	1.0028817653656006	False	[0 0 0 0 0 0 1 0 0]	[0 0 0 0 0 0 0 0 1]	[1 0 0 0 0 0]	[1 0 0 0 0 0]
9	0.04172910749912262	5.96732234954834	1.7041256427764893	1.9135209321975708	1.3106451034545898	1.0390304327011108	False	[0 0 0 0 0 0 0 0 0]	[0 0 0 1 0 0 0 0 1]	[0 0 0 0 0 0]	[0 0 0 0 0 0]
9	0.32451295852661133	5.837410926818848	1.726218581199646	1.9394910335540771	1.1709554195404053	1.0007457733154297	False	[0 0 0 0 0 0 1 0 0]	[0 0 0 0 0 0 0 0 1]	[1 0 0 0 0 0]	[1 0 0 0 0 0]
9	0.07355879247188568	6.045429229736328	1.7307764291763306	1.9115540981292725	1.3240272998809814	1.0790709257125854	False	[0 0 0 0 0 0 0 0 0]	[0 0 0 1 0 0 0 0 1]	[0 0 0 0 0 0]	[0 0 0 0 0 0]
9	0.30500340461730957	5.722853183746338	1.6908693313598633	1.9302107095718384	1.1572606563568115	0.9445129632949829	False	[0 0 0 0 0 0 1 0 0]	[0 0 0 0 0 0 0 0 1]	[1 0 0 0 0 0]	[1 0 0 0 0 0]
9	0.05897214263677597	6.044112205505371	1.7267324924468994	1.9295262098312378	1.3274105787277222	1.0604426860809326	False	[0 0 0 0 0 0 0 0 0]	[0 0 0 1 0 0 0 0 1]	[0 0 0 0 0 0]	[0 0 0 0 0 0]
9	0.32453688979148865	5.724944114685059	1.6965126991271973	1.9257924556732178	1.1626919507980347	0.9399468898773193	False	[0 0 0 0 0 0 1 0 0]	[0 0 0 0 0 0 0 0 1]	[1 0 0 0 0 0]	[1 0 0 0 0 0]
9	0.0598754808306694	6.049278259277344	1.739760160446167	1.936161756515503	1.3151154518127441	1.0582407712936401	False	[0 0 0 0 0 0 0 0 0]	[0 0 0 1 0 0 0 0 1]	[0 0 0 0 0 0]	[0 0 0 0 0 0]
9	0.25734081864356995	5.742591381072998	1.7025665044784546	1.9439018964767456	1.1571040153503418	0.9390186071395874	False	[0 0 0 0 0 0 1 0 0]	[0 0 0 0 0 0 0 0 1]	[1 0 0 0 0 0]	[1 0 0 0 0 0]
9	0.060683995485305786	5.946292877197266	1.706451177597046	1.9412492513656616	1.2813832759857178	1.0172092914581299	False	[0 0 0 0 0 0 0 0 0]	[0 0 0 1 0 0 0 0 1]	[0 0 0 0 0 0]	[0 0 0 0 0 0]
10	0.06515856087207794	4.759315013885498	1.8710036277770996	1.7273082733154297	0.6467902660369873	0.5142132639884949	False	[0 0 0 1 0 0 0 0 0]	[0 0 0 1 0 0 0 0 0]	[1 0 0 0 0 0]	[1 0 0 0 0 0]
10	0.035979509353637695	5.2663893699646	1.7919281721115112	1.8755351305007935	1.0081865787506104	0.5907397270202637	False	[0 0 0 0 0 0 0 0 0]	[0 0 0 0 0 0 0 0 0]	[0 0 0 0 0 0]	[0 0 0 0 0 0]
10	0.07068974524736404	4.802464008331299	1.8689703941345215	1.6891539096832275	0.6993091106414795	0.5450307726860046	False	[0 0 0 1 0 0 0 0 0]	[0 0 0 1 0 0 0 0 0]	[1 0 0 0 0 0]	[1 0 0 0 0 0]
10	0.025973759591579437	5.282304286956787	1.7812719345092773	1.8669368028640747	1.034124732017517	0.5999706983566284	False	[0 0 0 0 0 0 0 0 0]	[0 0 0 0 0 0 0 0 0]	[0 0 0 0 0 0]	[0 0 0 0 0 0]
10	0.05762622877955437	4.808818817138672	1.8815276622772217	1.701385498046875	0.6868262887001038	0.5390790700912476	False	[0 0 0 1 0 0 0 0 0]	[0 0 0 1 0 0 0 0 0]	[1 0 0 0 0 0]	[1 0 0 0 0 0]
10	0.021499192342162132	5.259088516235352	1.7832995653152466	1.885420799255371	1.0165774822235107	0.5737906694412231	False	[0 0 0 0 0 0 0 0 0]	[0 0 0 0 0 0 0 0 0]	[0 0 0 0 0 0]	[0 0 0 0 0 0]
10	0.05802185460925102	4.786041259765625	1.8710366487503052	1.7208491563796997	0.661895751953125	0.5322601199150085	False	[0 0 0 1 0 0 0 0 0]	[0 0 0 1 0 0 0 0 0]	[1 0 0 0 0 0]	[1 0 0 0 0 0]
10	0.0270658191293478	5.2322797775268555	1.7856950759887695	1.8979506492614746	0.9858916401863098	0.5627423524856567	False	[0 0 0 0 0 0 0 0 0]	[0 0 0 0 0 0 0 0 0]	[0 0 0 0 0 0]	[0 0 0 0 0 0]
10	0.0625021755695343	4.763734340667725	1.8708784580230713	1.6709071397781372	0.699630081653595	0.522318422794342	False	[0 0 0 1 0 0 0 0 0]	[0 0 0 1 0 0 0 0 0]	[1 0 0 0 0 0]	[1 0 0 0 0 0]
10	0.02797490917146206	5.264573097229004	1.777627944946289	1.8709474802017212	1.0362104177474976	0.5797874927520752	False	[0 0 0 0 0 0 0 0 0]	[0 0 0 0 0 0 0 0 0]	[0 0 0 0 0 0]	[0 0 0 0 0 0]
10	0.052602753043174744	4.7795186042785645	1.8685415983200073	1.704865574836731	0.6770238876342773	0.5290873646736145	False	[0 0 0 1 0 0 0 0 0]	[0 0 0 1 0 0 0 0 0]	[1 0 0 0 0 0]	[1 0 0 0 0 0]
10	0.03216017782688141	5.264973163604736	1.809669017791748	1.7946703433990479	1.020220398902893	0.6404134631156921	False	[0 0 0 0 0 0 0 0 0]	[0 0 0 0 0 0 0 0 0]	[0 0 0 0 0 0]	[0 0 0 0 0 0]
10	0.09120895713567734	4.764946460723877	1.894879937171936	1.7254722118377686	0.6334480047225952	0.5111458897590637	False	[0 0 0 1 0 0 0 0 0]	[0 0 0 1 0 0 0 0 0]	[1 0 0 0 0 0]	[1 0 0 0 0 0]
10	0.027390560135245323	5.196696758270264	1.82701575756073	1.8289315700531006	0.9396421909332275	0.6011071801185608	False	[0 0 0 0 0 0 0 0 0]	[0 0 0 0 0 0 0 0 0]	[0 0 0 0 0 0]	[0 0 0 0 0 0]
10	0.07978640496730804	4.748089790344238	1.8747254610061646	1.6812639236450195	0.6719377040863037	0.5201627016067505	False	[0 0 0 1 0 0 0 0 0]	[0 0 0 1 0 0 0 0 0]	[1 0 0 0 0 0]	[1 0 0 0 0 0]
10	0.028340846300125122	5.254161834716797	1.7980341911315918	1.8469902276992798	1.0103533267974854	0.5987842679023743	False	[0 0 0 0 0 0 0 0 0]	[0 0 0 0 0 0 0 0 0]	[0 0 0 0 0 0]	[0 0 0 0 0 0]
10	0.05293324962258339	4.771912097930908	1.8714642524719238	1.6816450357437134	0.678963303565979	0.5398398637771606	False	[0 0 0 1 0 0 0 0 0]	[0 0 0 1 0 0 0 0 0]	[1 0 0 0 0 0]	[1 0 0 0 0 0]
10	0.02935626730322838	5.244644641876221	1.810820460319519	1.7994053363800049	1.0067367553710938	0.627682089805603	False	[0 0 0 0 0 0 0 0 0]	[0 0 0 0 0 0 0 0 0]	[0 0 0 0 0 0]	[0 0 0 0 0 0]
10	0.05005845054984093	4.780293941497803	1.8722528219223022	1.7016807794570923	0.6720975637435913	0.5342628359794617	False	[0 0 0 1 0 0 0 0 0]	[0 0 0 1 0 0 0 0 0]	[1 0 0 0 0 0]	[1 0 0 0 0 0]
10	0.035105861723423004	5.237481117248535	1.7920687198638916	1.8321247100830078	0.996741533279419	0.6165459156036377	False	[0 0 0 0 0 0 0 0 0]	[0 0 0 0 0 0 0 0 0]	[0 0 0 0 0 0]	[0 0 0 0 0 0]
10	0.08192933350801468	4.748664379119873	1.8735047578811646	1.7033859491348267	0.6655685901641846	0.5062049627304077	False	[0 0 0 1 0 0 0 0 0]	[0 0 0 1 0 0 0 0 0]	[1 0 0 0 0 0]	[1 0 0 0 0 0]
10	0.035725656896829605	5.281615257263184	1.7827746868133545	1.856572151184082	1.0382829904556274	0.6039851307868958	False	[0 0 0 0 0 0 0 0 0]	[0 0 0 0 0 0 0 0 0]	[0 0 0 0 0 0]	[0 0 0 0 0 0]
10	0.055878933519124985	4.784524440765381	1.8711870908737183	1.713623046875	0.6730495691299438	0.5266647338867188	False	[0 0 0 1 0 0 0 0 0]	[0 0 0 1 0 0 0 0 0]	[1 0 0 0 0 0]	[1 0 0 0 0 0]
10	0.03688860312104225	5.233641147613525	1.7682318687438965	1.8887150287628174	0.9887605905532837	0.5879334211349487	False	[0 0 0 0 0 0 0 0 0]	[0 0 0 0 0 0 0 0 0]	[0 0 0 0 0 0]	[0 0 0 0 0 0]
10	0.07155764102935791	4.724821090698242	1.8777422904968262	1.717678189277649	0.6333857178688049	0.49601486325263977	False	[0 0 0 0 0 0 1 0 0]	[0 0 0 1 0 0 0 0 0]	[1 0 0 0 0 0]	[1 0 0 0 0 0]
10	0.0385650098323822	5.226778507232666	1.7929997444152832	1.853933572769165	0.975847065448761	0.603998064994812	False	[0 0 0 1 0 0 1 0 0]	[0 0 0 0 0 0 0 0 0]	[0 0 0 0 0 0]	[0 0 0 0 0 0]
10	0.06443244218826294	4.5923895835876465	1.8438084125518799	1.4780560731887817	0.596258282661438	0.6742669343948364	False	[0 0 0 1 0 0 0 0 0]	[0 0 0 1 0 0 0 0 0]	[1 0 0 0 0 0]	[1 0 0 0 0 0]
10	0.03612128272652626	5.190924644470215	1.8232187032699585	1.8470176458358765	0.944849967956543	0.5758382081985474	False	[0 0 0 0 0 0 0 0 0]	[0 0 0 0 0 0 0 0 0]	[0 0 0 0 0 0]	[0 0 0 0 0 0]
10	0.0603238083422184	4.761571884155273	1.8845552206039429	1.7004395723342896	0.6543163657188416	0.5222605466842651	False	[0 0 0 1 0 0 0 0 0]	[0 0 0 1 0 0 0 0 0]	[1 0 0 0 0 0]	[1 0 0 0 0 0]
10	0.028010353446006775	5.183967590332031	1.8267518281936646	1.7954310178756714	0.9398578405380249	0.6219269037246704	False	[0 0 0 0 0 0 0 0 0]	[0 0 0 0 0 0 0 0 0]	[0 0 0 0 0 0]	[0 0 0 0 0 0]
11	0.05587318167090416	4.567222595214844	1.837540864944458	1.8325183391571045	0.4503409266471863	0.4468228220939636	False	[0 0 0 1 0 0 0 0 0]	[0 0 0 1 0 0 0 0 0]	[1 0 0 0 0 0]	[1 0 0 0 0 0]
11	0.025973759591579437	4.783581256866455	1.7625815868377686	1.8406217098236084	0.6935333013534546	0.4868446886539459	False	[0 0 0 0 0 0 0 0 0]	[0 0 0 0 0 0 0 0 0]	[0 0 0 0 0 0]	[0 0 0 0 0 0]
11	0.07028836756944656	4.568065643310547	1.8355467319488525	1.8141509294509888	0.46362587809562683	0.4547419846057892	False	[0 0 0 1 0 0 0 0 0]	[0 0 0 1 0 0 0 0 0]	[1 0 0 0 0 0]	[1 0 0 0 0 0]
11	0.024120133370161057	4.756863117218018	1.7521803379058838	1.8377289772033691	0.7034001350402832	0.4635539948940277	False	[0 0 0 0 0 0 0 0 0]	[0 0 0 0 0 0 0 0 0]	[0 0 0 0 0 0]	[0 0 0 0 0 0]
11	0.05930263549089432	4.598615646362305	1.869803547859192	1.8210155963897705	0.4754146337509155	0.43238145112991333	False	[0 0 0 1 0 0 0 0 0]	[0 0 0 1 0 0 0 0 0]	[1 0 0 0 0 0]	[1 0 0 0 0 0]
11	0.029863977804780006	4.680408477783203	1.7456235885620117	1.8393391370773315	0.6435906887054443	0.451854944229126	False	[0 0 0 0 0 0 0 0 0]	[0 0 0 0 0 0 0 0 0]	[0 0 0 0 0 0]	[0 0 0 0 0 0]
11	0.07625637203454971	4.613740921020508	1.8600507974624634	1.7845877408981323	0.49154090881347656	0.47756147384643555	False	[0 0 0 1 0 0 0 0 0]	[0 0 0 1 0 0 0 0 0]	[1 0 0 0 0 0]	[1 0 0 0 0 0]
11	0.02644602581858635	4.972718238830566	1.8626816272735596	1.863053798675537	0.7228237986564636	0.5241589546203613	False	[0 0 0 0 0 0 0 0 0]	[0 0 0 0 0 0 0 0 0]	[0 0 0 0 0 0]	[0 0 0 0 0 0]
11	0.08225982636213303	4.639387607574463	1.8779282569885254	1.7860299348831177	0.49357935786247253	0.481850266456604	False	[0 0 0 1 0 0 0 0 0]	[0 0 0 1 0 0 0 0 0]	[1 0 0 0 0 0]	[1 0 0 0 0 0]
11	0.030666738748550415	4.80472469329834	1.823209285736084	1.865901231765747	0.6472582817077637	0.46835604310035706	False	[0 0 0 0 0 0 0 0 0]	[0 0 0 0 0 0 0 0 0]	[0 0 0 0 0 0]	[0 0 0 0 0 0]
11	0.05875372886657715	4.529136657714844	1.838067650794983	1.8225104808807373	0.4415857195854187	0.4269728660583496	False	[0 0 0 1 0 0 0 0 0]	[0 0 0 1 0 0 0 0 0]	[1 0 0 0 0 0]	[1 0 0 0 0 0]
11	0.034999534487724304	4.757679462432861	1.7846410274505615	1.873285174369812	0.6522740125656128	0.4474793076515198	False	[0 0 0 0 0 0 0 0 0]	[0 0 0 0 0 0 0 0 0]	[0 0 0 0 0 0]	[0 0 0 0 0 0]
11	0.06763198226690292	4.611485004425049	1.8783705234527588	1.8103090524673462	0.47762203216552734	0.4451830983161926	False	[0 0 0 1 0 0 0 0 0]	[0 0 0 1 0 0 0 0 0]	[1 0 0 0 0 0]	[1 0 0 0 0 0]
11	0.03801610320806503	4.730666637420654	1.755128026008606	1.9099761247634888	0.6222704648971558	0.4432920813560486	False	[0 0 0 0 0 0 0 0 0]	[0 0 0 0 0 0 0 0 0]	[0 0 0 0 0 0]	[0 0 0 0 0 0]
11	0.0830213874578476	4.600907802581787	1.8506109714508057	1.7901026010513306	0.5019993782043457	0.4581945538520813	False	[0 0 0 1 0 0 0 0 0]	[0 0 0 1 0 0 0 0 0]	[1 0 0 0 0 0]	[1 0 0 0 0 0]
11	0.03423221409320831	4.752180099487305	1.767547845840454	1.8202153444290161	0.7034686803817749	0.4609479010105133	False	[0 0 0 0 0 0 0 0 0]	[0 0 0 0 0 0 0 0 0]	[0 0 0 0 0 0]	[0 0 0 0 0 0]
11	0.052679393440485	4.646254062652588	1.8413523435592651	1.7995706796646118	0.5284231901168823	0.4769076406955719	False	[0 0 0 1 0 0 0 0 0]	[0 0 0 1 0 0 0 0 0]	[1 0 0 0 0 0]	[1 0 0 0 0 0]
11	0.029793091118335724	4.860222816467285	1.80000638961792	1.8553249835968018	0.708858847618103	0.4960325062274933	False	[0 0 0 0 0 0 0 0 0]	[0 0 0 0 0 0 0 0 0]	[0 0 0 0 0 0]	[0 0 0 0 0 0]
11	0.0821477398276329	4.624083995819092	1.8820353746414185	1.8028708696365356	0.4868771433830261	0.4523006081581116	False	[0 0 0 1 0 0 0 0 0]	[0 0 0 1 0 0 0 0 0]	[1 0 0 0 0 0]	[1 0 0 0 0 0]
11	0.02128078043460846	4.847165107727051	1.8322579860687256	1.8279387950897217	0.6981935501098633	0.48877453804016113	False	[0 0 0 0 0 0 0 0 0]	[0 0 0 0 0 0 0 0 0]	[0 0 0 0 0 0]	[0 0 0 0 0 0]
11	0.05187663063406944	4.60078763961792	1.8615570068359375	1.8033497333526611	0.48383480310440063	0.45204609632492065	False	[0 0 0 1 0 0 0 0 0]	[0 0 0 1 0 0 0 0 0]	[1 0 0 0 0 0]	[1 0 0 0 0 0]
11	0.024881700053811073	4.6364240646362305	1.7256747484207153	1.8424487113952637	0.6365861892700195	0.4317142963409424	False	[0 0 0 0 0 0 0 0 0]	[0 0 0 0 0 0 0 0 0]	[0 0 0 0 0 0]	[0 0 0 0 0 0]
11	0.05172910541296005	4.568880558013916	1.8375544548034668	1.7985098361968994	0.48209306597709656	0.45072317123413086	False	[0 0 0 1 0 0 0 0 0]	[0 0 0 1 0 0 0 0 0]	[1 0 0 0 0 0]	[1 0 0 0 0 0]
11	0.03263244777917862	4.797130584716797	1.7938023805618286	1.8889185190200806	0.6531929969787598	0.4612169563770294	False	[0 0 0 0 0 0 0 0 0]	[0 0 0 0 0 0 0 0 0]	[0 0 0 0 0 0]	[0 0 0 0 0 0]
11	0.07469204813241959	4.624019622802734	1.8807668685913086	1.7837046384811401	0.5006137490272522	0.45893433690071106	False	[0 0 0 1 0 0 0 0 0]	[0 0 0 1 0 0 0 0 0]	[1 0 0 0 0 0]	[1 0 0 0 0 0]
11	0.0324140340089798	4.774468421936035	1.79335355758667	1.865472674369812	0.655320942401886	0.46032094955444336	False	[0 0 0 0 0 0 0 0 0]	[0 0 0 0 0 0 0 0 0]	[0 0 0 0 0 0]	[0 0 0 0 0 0]
11	0.07169941812753677	4.62192964553833	1.8863508701324463	1.783473253250122	0.482371985912323	0.4697338342666626	False	[0 0 0 1 0 0 0 0 0]	[0 0 0 1 0 0 0 0 0]	[1 0 0 0 0 0]	[1 0 0 0 0 0]
11	0.031540386378765106	4.782340049743652	1.7857807874679565	1.849550724029541	0.6730635762214661	0.4739447236061096	False	[0 0 0 0 0 0 0 0 0]	[0 0 0 0 0 0 0 0 0]	[0 0 0 0 0 0]	[0 0 0 0 0 0]
11	0.06733693182468414	4.65842342376709	1.8993337154388428	1.769255518913269	0.5116557478904724	0.4781786799430847	False	[0 0 0 1 0 0 0 0 0]	[0 0 0 1 0 0 0 0 0]	[1 0 0 0 0 0]	[1 0 0 0 0 0]
11	0.026263058185577393	4.775647163391113	1.7857853174209595	1.864184021949768	0.6573021411895752	0.4683755040168762	False	[0 0 0 0 0 0 0 0 0]	[0 0 0 0 0 0 0 0 0]	[0 0 0 0 0 0]	[0 0 0 0 0 0]
12	0.04249067232012749	4.462907314300537	1.9696635007858276	1.963845133781433	0.3579789996147156	0.17141979932785034	False	[0 0 0 0 0 0 1 0 0]	[1 0 0 0 0 0 0 0 0]	[1 0 0 0 0 0]	[1 0 0 0 0 0]
12	0.02506466768682003	4.134383201599121	1.6331520080566406	1.810949683189392	0.48384472727775574	0.20643672347068787	False	[0 0 0 0 0 0 0 0 0]	[0 0 0 0 0 0 0 0 0]	[0 0 0 0 0 0]	[0 0 0 0 0 0]
12	0.058535318821668625	4.463109016418457	1.9694750308990479	1.9741764068603516	0.3547961711883545	0.16466128826141357	False	[0 0 0 0 0 0 1 0 0]	[1 0 0 0 0 0 0 0 0]	[1 0 0 0 0 0]	[1 0 0 0 0 0]
12	0.03187087923288345	4.1794352531433105	1.6585184335708618	1.821927785873413	0.48619890213012695	0.2127900868654251	False	[0 0 0 0 0 0 0 0 0]	[0 0 0 0 0 0 0 0 0]	[0 0 0 0 0 0]	[0 0 0 0 0 0]
12	0.03772680461406708	4.504048824310303	1.9700336456298828	1.9614980220794678	0.38880616426467896	0.18371111154556274	False	[0 0 0 0 0 0 1 0 0]	[1 0 0 0 0 0 0 0 0]	[1 0 0 0 0 0]	[1 0 0 0 0 0]
12	0.03786857798695564	4.132296085357666	1.609626054763794	1.8047934770584106	0.5102704763412476	0.2076060175895691	False	[0 0 0 0 0 0 0 0 0]	[0 0 0 0 0 0 0 0 0]	[0 0 0 0 0 0]	[0 0 0 0 0 0]
12	0.047585032880306244	4.45208740234375	1.9741499423980713	1.9596105813980103	0.35117781162261963	0.16714918613433838	False	[0 0 0 0 0 0 1 0 0]	[1 0 0 0 0 0 0 0 0]	[1 0 0 0 0 0]	[1 0 0 0 0 0]
12	0.032343149185180664	4.090148448944092	1.623515009880066	1.804793357849121	0.46802306175231934	0.1938171088695526	False	[0 0 0 0 0 0 0 0 0]	[0 0 0 0 0 0 0 0 0]	[0 0 0 0 0 0]	[0 0 0 0 0 0]
12	0.049113914370536804	4.519308090209961	1.9770547151565552	1.9525409936904907	0.39154133200645447	0.19817113876342773	False	[0 0 0 0 0 0 1 0 0]	[1 0 0 0 0 0 0 0 0]	[1 0 0 0 0 0]	[1 0 0 0 0 0]
12	0.03022991493344307	4.138708114624023	1.6338495016098022	1.7871559858322144	0.4858122169971466	0.2318902313709259	False	[0 0 0 0 0 0 0 0 0]	[0 0 0 0 0 0 0 0 0]	[0 0 0 0 0 0]	[0 0 0 0 0 0]
12	0.04198296368122101	4.501245498657227	1.9654768705368042	1.964263677597046	0.39125701785087585	0.18024833500385284	False	[0 0 0 0 0 0 1 0 0]	[1 0 0 0 0 0 0 0 0]	[1 0 0 0 0 0]	[1 0 0 0 0 0]
12	0.02844717726111412	4.1154866218566895	1.6291253566741943	1.823053240776062	0.46556395292282104	0.197744220495224	False	[0 0 0 0 0 0 0 0 0]	[0 0 0 0 0 0 0 0 0]	[0 0 0 0 0 0]	[0 0 0 0 0 0]
12	0.054645098745822906	4.504212856292725	1.9716668128967285	1.9792261123657227	0.38404494524002075	0.16927501559257507	False	[0 0 0 0 0 0 1 0 0]	[1 0 0 0 0 0 0 0 0]	[1 0 0 0 0 0]	[1 0 0 0 0 0]
12	0.029539236798882484	4.142721176147461	1.6519572734832764	1.8078688383102417	0.470187246799469	0.21270805597305298	False	[0 0 0 0 0 0 0 0 0]	[0 0 0 0 0 0 0 0 0]	[0 0 0 0 0 0]	[0 0 0 0 0 0]
12	0.0548577606678009	4.481454849243164	1.9757020473480225	1.9592344760894775	0.37636905908584595	0.17014911770820618	False	[0 0 0 0 0 0 1 0 0]	[1 0 0 0 0 0 0 0 0]	[1 0 0 0 0 0]	[1 0 0 0 0 0]
12	0.023718753829598427	4.108560085296631	1.6317522525787354	1.7739955186843872	0.4844261407852173	0.2183862030506134	False	[0 0 0 0 0 0 0 0 0]	[0 0 0 0 0 0 0 0 0]	[0 0 0 0 0 0]	[0 0 0 0 0 0]
12	0.05165822058916092	4.492628574371338	1.9715427160263062	1.956703782081604	0.38231074810028076	0.1820710301399231	False	[0 0 0 0 0 0 1 0 0]	[1 0 0 0 0 0 0 0 0]	[1 0 0 0 0 0]	[1 0 0 0 0 0]
12	0.03063129633665085	4.091179847717285	1.6292088031768799	1.8085708618164062	0.45887094736099243	0.19452932476997375	False	[0 0 0 0 0 0 0 0 0]	[0 0 0 0 0 0 0 0 0]	[0 0 0 0 0 0]	[0 0 0 0 0 0]
12	0.048204824328422546	4.5050435066223145	1.9738445281982422	1.9730108976364136	0.3830048143863678	0.1751832216978073	False	[0 0 0 0 0 0 1 0 0]	[1 0 0 0 0 0 0 0 0]	[1 0 0 0 0 0]	[1 0 0 0 0 0]
12	0.026558108627796173	4.217220306396484	1.635321021080017	1.8401408195495605	0.5249358415603638	0.2168227881193161	False	[0 0 0 0 0 0 0 0 0]	[0 0 0 0 0 0 0 0 0]	[0 0 0 0 0 0]	[0 0 0 0 0 0]
12	0.044527266174554825	4.4764533042907715	1.967667579650879	1.9731703996658325	0.36863625049591064	0.1669793576002121	False	[0 0 0 0 0 0 1 0 0]	[1 0 0 0 0 0 0 0 0]	[1 0 0 0 0 0]	[1 0 0 0 0 0]
12	0.03503497689962387	4.125239849090576	1.633697509765625	1.8450977802276611	0.4628061056137085	0.1836385726928711	False	[0 0 0 0 0 0 0 0 0]	[0 0 0 0 0 0 0 0 0]	[0 0 0 0 0 0]	[0 0 0 0 0 0]
12	0.04321679472923279	4.49815559387207	1.9649052619934082	1.9634240865707397	0.3898959457874298	0.17993012070655823	False	[0 0 0 0 0 0 1 0 0]	[1 0 0 0 0 0 0 0 0]	[1 0 0 0 0 0]	[1 0 0 0 0 0]
12	0.030737625434994698	4.105030536651611	1.6305962800979614	1.8175369501113892	0.46327298879623413	0.1936243772506714	False	[0 0 0 0 0 0 0 0 0]	[0 0 0 0 0 0 0 0 0]	[0 0 0 0 0 0]	[0 0 0 0 0 0]
12	0.0532991848886013	4.521389961242676	1.972931146621704	1.9560962915420532	0.39763063192367554	0.19473154842853546	False	[0 0 0 0 0 0 1 0 0]	[1 0 0 0 0 0 0 0 0]	[1 0 0 0 0 0]	[1 0 0 0 0 0]
12	0.03343520686030388	4.131346702575684	1.6307296752929688	1.8243656158447266	0.4840478003025055	0.19220338761806488	False	[0 0 0 0 0 0 0 0 0]	[0 0 0 0 0 0 0 0 0]	[0 0 0 0 0 0]	[0 0 0 0 0 0]
12	0.05664625018835068	4.530259609222412	1.9708631038665771	1.9709391593933105	0.4033862352371216	0.18507112562656403	False	[0 0 0 0 0 0 1 0 0]	[1 0 0 0 0 0 0 0 0]	[1 0 0 0 0 0]	[1 0 0 0 0 0]
12	0.030961789190769196	4.138372898101807	1.622079849243164	1.8088524341583252	0.4886786937713623	0.2187620848417282	False	[0 0 0 0 0 0 0 0 0]	[0 0 0 0 0 0 0 0 0]	[0 0 0 0 0 0]	[0 0 0 0 0 0]
12	0.04736661911010742	4.438124179840088	1.9697524309158325	1.960176944732666	0.3404746651649475	0.16772013902664185	False	[0 0 0 0 0 0 1 0 0]	[1 0 0 0 0 0 0 0 0]	[1 0 0 0 0 0]	[1 0 0 0 0 0]
12	0.02972220443189144	4.18222713470459	1.6381545066833496	1.8294357061386108	0.49964508414268494	0.214991956949234	False	[0 0 0 0 0 0 0 0 0]	[0 0 0 0 0 0 0 0 0]	[0 0 0 0 0 0]	[0 0 0 0 0 0]
13	0.0604301393032074	4.499094009399414	2.0458498001098633	2.097174882888794	0.323421835899353	0.032647520303726196	False	[0 0 0 0 0 0 1 0 0]	[1 0 0 0 0 0 0 0 0]	[1 0 0 0 0 0]	[1 0 0 0 0 0]
13	0.05439124256372452	4.5908379554748535	1.920886516571045	2.114030361175537	0.5178439617156982	0.038077086210250854	False	[0 0 0 0 0 0 0 0 0]	[1 0 0 0 0 0 0 1 0]	[0 0 0 0 0 0]	[0 0 0 0 0 0]
13	0.05293324962258339	4.907337188720703	2.0471043586730957	2.1405463218688965	0.6527560949325562	0.06693044304847717	False	[0 1 0 0 0 0 0 0 0]	[1 0 0 0 0 0 0 0 0]	[1 0 0 0 0 0]	[1 0 0 0 0 0]
13	0.27136704325675964	4.551137447357178	1.9751392602920532	2.086430072784424	0.4528205096721649	0.0367480106651783	False	[0 1 0 0 0 0 1 0 0]	[1 0 0 0 0 0 0 1 0]	[0 0 0 0 0 0]	[0 0 0 0 0 0]
13	0.04558388143777847	4.957697868347168	1.9397269487380981	2.118203639984131	0.806376576423645	0.09339092671871185	False	[0 1 0 0 0 0 0 0 0]	[1 0 0 0 0 0 0 0 0]	[1 0 0 0 0 0]	[1 0 0 0 0 0]
13	0.3247610628604889	4.529934883117676	1.981775164604187	2.0850234031677246	0.4299202561378479	0.03321591764688492	False	[0 1 0 0 0 0 1 0 0]	[1 0 0 0 0 0 0 1 0]	[0 0 0 0 0 0]	[0 0 0 0 0 0]
13	0.04139861464500427	4.886934757232666	1.9423654079437256	2.125819206237793	0.7516188621520996	0.06713102757930756	False	[0 1 0 0 0 0 0 0 0]	[1 0 0 0 0 0 0 0 0]	[1 0 0 0 0 0]	[1 0 0 0 0 0]
13	0.3336278200149536	4.515290260314941	1.9793004989624023	2.0857431888580322	0.4160843789577484	0.03416256606578827	False	[0 1 0 0 0 0 1 0 0]	[1 0 0 0 0 0 1 0 0]	[0 0 0 0 0 0]	[0 0 0 0 0 0]
13	0.06515280902385712	4.808233737945557	1.9612574577331543	2.1298739910125732	0.6712218523025513	0.0458807535469532	False	[0 1 0 0 0 0 0 0 0]	[1 0 0 0 0 0 1 1 0]	[1 0 0 0 0 0]	[1 0 0 0 0 0]
13	0.26908236742019653	4.74391508102417	1.9711415767669678	2.0892980098724365	0.6163744926452637	0.06710109859704971	False	[0 1 0 0 0 0 1 0 0]	[1 0 0 0 0 0 1 0 0]	[0 0 0 0 0 0]	[0 0 0 0 0 0]
13	0.06380689889192581	4.8217387199401855	1.9429141283035278	2.132511854171753	0.699216365814209	0.04709647595882416	False	[0 1 0 0 0 0 0 0 0]	[1 0 0 0 0 0 1 1 0]	[1 0 0 0 0 0]	[1 0 0 0 0 0]
13	0.31832078099250793	4.681242942810059	1.9674371480941772	2.0892608165740967	0.5697962045669556	0.05474917218089104	False	[0 1 0 0 0 0 1 0 0]	[1 0 0 0 0 0 1 0 0]	[0 0 0 0 0 0]	[0 0 0 0 0 0]
13	0.058535318821668625	4.820065021514893	1.9571821689605713	2.1408770084381104	0.666599452495575	0.05540657043457031	False	[0 1 0 0 0 0 0 0 0]	[1 0 0 0 0 0 1 1 0]	[1 0 0 0 0 0]	[1 0 0 0 0 0]
13	0.26239973306655884	4.678272724151611	1.9739577770233154	2.092244863510132	0.5573801398277283	0.054689694195985794	False	[0 1 0 0 0 0 1 0 0]	[1 0 0 0 0 0 0 1 0]	[0 0 0 0 0 0]	[0 0 0 0 0 0]
13	0.3555935323238373	4.956374168395996	1.9262824058532715	2.1137633323669434	0.8250561952590942	0.09127221256494522	False	[0 1 0 0 0 0 0 0 0]	[1 0 0 1 0 0 0 1 0]	[1 0 0 0 0 0]	[1 0 0 0 0 0]
13	0.2352515161037445	4.687765598297119	1.9825146198272705	2.0975184440612793	0.5517662763595581	0.05596589297056198	False	[0 1 0 0 0 0 1 0 0]	[1 0 0 1 0 0 1 1 0]	[0 0 0 0 0 0]	[0 0 0 0 0 0]
13	0.07861770689487457	4.97437047958374	1.9514942169189453	2.124547004699707	0.8002742528915405	0.0980549305677414	False	[0 1 0 0 0 0 0 0 0]	[1 0 0 0 0 0 1 1 0]	[1 0 0 0 0 0]	[1 0 0 0 0 0]
13	0.3043893873691559	4.684087753295898	1.978156566619873	2.0928337574005127	0.5649037957191467	0.04819341003894806	False	[0 1 0 0 0 0 1 0 0]	[1 0 0 0 0 0 1 0 0]	[0 0 0 0 0 0]	[0 0 0 0 0 0]
13	0.07810425013303757	4.8451714515686035	1.9471296072006226	2.123427152633667	0.7256714105606079	0.04894344136118889	False	[0 1 0 0 0 0 0 0 0]	[1 0 0 0 0 0 1 1 0]	[1 0 0 0 0 0]	[1 0 0 0 0 0]
13	0.2766501307487488	4.6886982917785645	1.97218918800354	2.0979161262512207	0.5548578500747681	0.06373484432697296	False	[0 1 0 0 0 0 1 0 0]	[1 0 0 0 0 0 1 0 0]	[0 0 0 0 0 0]	[0 0 0 0 0 0]
13	0.06632150709629059	4.809226036071777	1.9522693157196045	2.1331305503845215	0.6735239028930664	0.0503024086356163	False	[0 1 0 0 0 0 0 0 0]	[1 0 0 0 0 0 1 1 0]	[1 0 0 0 0 0]	[1 0 0 0 0 0]
13	0.281048059463501	4.772805213928223	1.9766924381256104	2.093235731124878	0.633293628692627	0.06958340853452682	False	[0 1 0 0 0 0 1 0 0]	[1 0 0 0 0 0 1 0 0]	[0 0 0 0 0 0]	[0 0 0 0 0 0]
13	0.07730148732662201	4.908390522003174	1.9348193407058716	2.124433994293213	0.7680513858795166	0.08108548074960709	False	[0 1 0 0 0 0 0 0 0]	[1 0 0 0 0 0 1 1 0]	[1 0 0 0 0 0]	[1 0 0 0 0 0]
13	0.28311434388160706	4.691278457641602	1.9711459875106812	2.0909314155578613	0.571150541305542	0.05805002152919769	False	[0 1 0 0 0 0 1 0 0]	[1 0 0 0 0 0 1 0 0]	[0 0 0 0 0 0]	[0 0 0 0 0 0]
13	0.07188238203525543	4.807741641998291	1.9431912899017334	2.1237356662750244	0.6973139643669128	0.043500833213329315	False	[0 1 0 0 0 0 0 0 0]	[1 0 0 0 0 0 1 1 0]	[1 0 0 0 0 0]	[1 0 0 0 0 0]
13	0.3063550889492035	4.695586681365967	1.959725260734558	2.084794044494629	0.5851796865463257	0.06588762998580933	False	[0 1 0 0 0 0 1 0 0]	[1 0 0 0 0 0 1 0 0]	[0 0 0 0 0 0]	[0 0 0 0 0 0]
13	0.07853531837463379	4.866639614105225	1.9453792572021484	2.124778985977173	0.7431955337524414	0.053286075592041016	False	[0 1 0 0 0 0 0 0 0]	[1 0 0 0 0 0 1 1 0]	[1 0 0 0 0 0]	[1 0 0 0 0 0]
13	0.31588858366012573	4.640737056732178	1.9754160642623901	2.092299222946167	0.5276161432266235	0.04540584981441498	False	[0 1 0 0 0 0 1 0 0]	[1 0 0 0 0 0 0 1 0]	[0 0 0 0 0 0]	[0 0 0 0 0 0]
13	0.30301377177238464	4.922658920288086	1.9372334480285645	2.1182570457458496	0.7941585779190063	0.07300982624292374	False	[0 1 0 0 0 0 0 0 0]	[1 0 0 1 0 0 0 1 0]	[1 0 0 0 0 0]	[1 0 0 0 0 0]
13	0.2994779944419861	4.670377731323242	1.9709994792938232	2.088984251022339	0.5487703084945679	0.061623670160770416	False	[0 1 0 0 0 0 1 0 0]	[1 0 0 1 0 0 0 0 0]	[0 0 0 0 0 0]	[0 0 0 0 0 0]
14	0.05140436440706253	4.3338470458984375	2.0389184951782227	1.8812892436981201	0.38704913854599	0.026590535417199135	False	[0 0 1 0 0 0 0 0 0]	[1 0 0 0 0 0 0 0 0]	[1 0 0 0 0 0]	[1 0 0 0 0 0]
14	0.04925568774342537	4.917501926422119	2.0881636142730713	1.9964271783828735	0.7705188989639282	0.06239207461476326	False	[0 0 1 0 0 0 0 0 1]	[0 0 0 0 0 0 0 0 0]	[0 0 0 0 0 0]	[0 0 0 0 0 0]
14	0.05383658781647682	4.6344990730285645	2.0675387382507324	1.9522318840026855	0.5735980272293091	0.04113035649061203	False	[0 0 1 0 0 0 0 0 0]	[1 0 0 0 0 0 0 0 0]	[1 0 0 0 0 0]	[1 0 0 0 0 0]
14	0.05606190115213394	4.943999767303467	2.080723762512207	1.9894087314605713	0.8125710487365723	0.0612964890897274	False	[0 0 1 0 0 0 0 0 1]	[0 0 0 0 0 0 0 0 0]	[0 0 0 0 0 0]	[0 0 0 0 0 0]
14	0.050241418182849884	4.656313419342041	2.073282480239868	1.9227681159973145	0.6173018217086792	0.042961157858371735	False	[0 0 1 0 0 0 0 0 0]	[1 0 0 0 0 0 0 0 0]	[1 0 0 0 0 0]	[1 0 0 0 0 0]
14	0.06279147416353226	4.943326950073242	2.0902040004730225	1.9966483116149902	0.7907469868659973	0.06572762131690979	False	[0 0 1 0 0 0 0 0 1]	[0 0 0 0 0 0 0 0 0]	[0 0 0 0 0 0]	[0 0 0 0 0 0]
14	0.04689435288310051	4.661570072174072	2.0723297595977783	1.9232271909713745	0.6242080926895142	0.04180549830198288	False	[0 0 1 0 0 0 0 0 0]	[1 0 0 0 0 0 0 0 0]	[1 0 0 0 0 0]	[1 0 0 0 0 0]
14	0.04757928103208542	4.960382461547852	2.094170570373535	1.991419792175293	0.8006814122200012	0.07411040365695953	False	[0 0 1 0 0 0 0 0 1]	[0 0 0 0 0 0 0 0 0]	[0 0 0 0 0 0]	[0 0 0 0 0 0]
14	0.04995211958885193	4.644680023193359	2.071794033050537	1.9522945880889893	0.5746631026268005	0.045928049832582474	False	[0 0 0 0 0 0 0 0 1]	[1 0 0 0 0 0 0 0 0]	[1 0 0 0 0 0]	[1 0 0 0 0 0]
14	0.02553693577647209	4.859117031097412	2.079887628555298	2.023843765258789	0.6965051889419556	0.058881036937236786	False	[0 0 0 0 0 0 0 0 0]	[0 0 0 0 0 0 0 0 0]	[0 0 0 0 0 0]	[0 0 0 0 0 0]
14	0.04852956533432007	4.353529453277588	2.0343666076660156	1.912392258644104	0.3808024227619171	0.02596801519393921	False	[0 0 1 0 0 0 0 0 0]	[1 0 0 0 0 0 0 0 0]	[1 0 0 0 0 0]	[1 0 0 0 0 0]
14	0.049007587134838104	4.910645484924316	2.0883772373199463	1.9925938844680786	0.7677335739135742	0.0619407594203949	False	[0 0 1 0 0 0 0 0 1]	[0 0 0 0 0 0 0 0 0]	[0 0 0 0 0 0]	[0 0 0 0 0 0]
14	0.06432035565376282	4.607021331787109	2.0717601776123047	1.9316960573196411	0.557976245880127	0.045589011162519455	False	[0 0 1 0 0 0 0 0 0]	[1 0 0 0 0 0 0 0 0]	[1 0 0 0 0 0]	[1 0 0 0 0 0]
14	0.048860061913728714	4.8946213722229	2.0863609313964844	2.0138161182403564	0.7318238019943237	0.06262053549289703	False	[0 0 1 0 0 0 0 0 1]	[0 0 0 0 0 0 0 0 0]	[0 0 0 0 0 0]	[0 0 0 0 0 0]
14	0.044096194207668304	4.624362468719482	2.0720467567443848	1.949073076248169	0.5587538480758667	0.04448860138654709	False	[0 0 1 0 0 0 0 0 0]	[1 0 0 0 0 0 0 0 0]	[1 0 0 0 0 0]	[1 0 0 0 0 0]
14	0.05093209818005562	4.935788631439209	2.0890650749206543	2.0119287967681885	0.7690343856811523	0.06576016545295715	False	[0 0 1 0 0 0 0 0 1]	[0 0 0 0 0 0 0 0 0]	[0 0 0 0 0 0]	[0 0 0 0 0 0]
14	0.07050102204084396	4.596135139465332	2.0733895301818848	1.9162287712097168	0.567824125289917	0.038692355155944824	False	[0 0 0 0 0 0 0 0 1]	[1 0 0 0 0 0 0 0 0]	[1 0 0 0 0 0]	[1 0 0 0 0 0]
14	0.02102692425251007	4.876646041870117	2.078247547149658	2.00653338432312	0.7343072891235352	0.05755817890167236	False	[0 0 0 0 0 0 0 0 0]	[0 0 0 0 0 0 0 0 0]	[0 0 0 0 0 0]	[0 0 0 0 0 0]
14	0.06031230464577675	4.359716892242432	2.039606809616089	1.8820703029632568	0.4099811613559723	0.028058549389243126	False	[0 0 1 0 0 0 0 0 0]	[1 0 0 0 0 0 0 0 0]	[1 0 0 0 0 0]	[1 0 0 0 0 0]
14	0.05620367452502251	4.875917911529541	2.087688446044922	1.9882980585098267	0.7422584295272827	0.057673029601573944	False	[0 0 1 0 0 0 0 0 1]	[0 0 0 0 0 0 0 0 0]	[0 0 0 0 0 0]	[0 0 0 0 0 0]
14	0.0576971136033535	4.622169017791748	2.0680184364318848	1.9406466484069824	0.5721662044525146	0.0413375124335289	False	[0 0 1 0 0 0 0 0 0]	[1 0 0 0 0 0 0 0 0]	[1 0 0 0 0 0]	[1 0 0 0 0 0]
14	0.056280311197042465	4.911102294921875	2.0882458686828613	2.0135793685913086	0.7446502447128296	0.06462670117616653	False	[0 0 1 0 0 0 0 0 1]	[0 0 0 0 0 0 0 0 0]	[0 0 0 0 0 0]	[0 0 0 0 0 0]
14	0.052968692034482956	4.640234470367432	2.0760624408721924	1.9236342906951904	0.5933092832565308	0.04722854867577553	False	[0 0 1 0 0 0 0 0 0]	[1 0 0 0 0 0 0 0 0]	[1 0 0 0 0 0]	[1 0 0 0 0 0]
14	0.04281541332602501	4.88150691986084	2.0849392414093018	1.999464511871338	0.7366595268249512	0.0604434460401535	False	[0 0 1 0 0 0 0 0 1]	[0 0 0 0 0 0 0 0 0]	[0 0 0 0 0 0]	[0 0 0 0 0 0]
14	0.047585032880306244	4.654079914093018	2.0729026794433594	1.9407955408096313	0.5964977145195007	0.04388438165187836	False	[0 0 0 0 0 0 0 0 1]	[1 0 0 0 0 0 0 0 0]	[1 0 0 0 0 0]	[1 0 0 0 0 0]
14	0.029645565897226334	4.885500907897949	2.0868940353393555	1.9859404563903809	0.7552326917648315	0.057433679699897766	False	[0 0 0 0 0 0 0 0 0]	[0 0 0 0 0 0 0 0 0]	[0 0 0 0 0 0]	[0 0 0 0 0 0]
14	0.04965131729841232	4.357176780700684	2.032938003540039	1.9157278537750244	0.38170772790908813	0.02680300548672676	False	[0 0 1 0 0 0 0 0 0]	[1 0 0 0 0 0 0 0 0]	[1 0 0 0 0 0]	[1 0 0 0 0 0]
14	0.05861195549368858	4.9178361892700195	2.0874786376953125	2.014920234680176	0.7501413226127625	0.06529596447944641	False	[0 0 1 0 0 0 0 0 1]	[0 0 0 0 0 0 0 0 0]	[0 0 0 0 0 0]	[0 0 0 0 0 0]
14	0.055406663566827774	4.62298059463501	2.0726981163024902	1.914886474609375	0.5919951796531677	0.04340057820081711	False	[0 0 1 0 0 0 0 0 0]	[1 0 0 0 0 0 0 0 0]	[1 0 0 0 0 0]	[1 0 0 0 0 0]
14	0.045400913804769516	4.921009063720703	2.0879621505737305	1.9971883296966553	0.7699732780456543	0.06588521599769592	False	[0 0 1 0 0 0 0 0 1]	[0 0 0 0 0 0 0 0 0]	[0 0 0 0 0 0]	[0 0 0 0 0 0]
15	0.05180574581027031	4.520376205444336	2.0590744018554688	1.8449883460998535	0.5873374938964844	0.028975989669561386	False	[0 0 0 0 0 1 0 0 0]	[1 0 0 0 0 0 0 0 0]	[1 0 0 0 0 0]	[1 0 0 0 0 0]
15	0.05344095826148987	4.970785617828369	2.0571134090423584	2.0171701908111572	0.8394495248794556	0.05705249309539795	False	[0 0 0 0 0 1 0 0 1]	[0 0 0 0 0 0 0 0 0]	[0 0 0 0 0 0]	[0 0 0 0 0 0]
15	0.05544210970401764	4.790462970733643	2.066317558288574	1.961656093597412	0.7193083167076111	0.04318101331591606	False	[0 0 0 0 0 0 0 0 1]	[1 0 0 0 0 0 0 0 0]	[1 0 0 0 0 0]	[1 0 0 0 0 0]
15	0.0492202453315258	4.978010654449463	2.063779354095459	2.090701103210449	0.7624645233154297	0.06106547266244888	False	[0 0 0 0 0 1 0 0 1]	[0 0 0 0 0 0 0 0 0]	[0 0 0 0 0 0]	[0 0 0 0 0 0]
15	0.05256731063127518	4.728157997131348	2.0658934116363525	1.917868971824646	0.7029026746749878	0.04149308055639267	False	[0 0 0 0 0 0 0 0 1]	[1 0 0 0 0 0 0 0 0]	[1 0 0 0 0 0]	[1 0 0 0 0 0]
15	0.04765591770410538	4.960371971130371	2.0532498359680176	2.059922218322754	0.7917201519012451	0.0554802268743515	False	[0 0 0 0 0 1 0 0 1]	[0 0 0 0 0 0 0 0 0]	[0 0 0 0 0 0]	[0 0 0 0 0 0]
15	0.057555340230464935	4.699615955352783	2.0662989616394043	1.9142100811004639	0.684421181678772	0.03468584269285202	False	[0 0 0 0 0 0 0 0 1]	[1 0 0 0 0 0 0 0 0]	[1 0 0 0 0 0]	[1 0 0 0 0 0]
15	0.031392861157655716	4.971775531768799	2.060079574584961	2.0627152919769287	0.7909609079360962	0.05801964923739433	False	[0 0 0 0 0 0 0 0 0]	[0 0 0 0 0 0 0 0 0]	[0 0 0 0 0 0]	[0 0 0 0 0 0]
15	0.05107387155294418	4.53826904296875	2.0575919151306152	1.8754236698150635	0.5732815265655518	0.031971994787454605	False	[0 0 0 0 0 1 0 0 0]	[1 0 0 0 0 0 0 0 0]	[1 0 0 0 0 0]	[1 0 0 0 0 0]
15	0.048565011471509933	4.959192276000977	2.0616559982299805	2.0290699005126953	0.8127515316009521	0.05571456998586655	False	[0 0 0 0 0 1 0 0 1]	[0 0 0 0 0 0 0 0 0]	[0 0 0 0 0 0]	[0 0 0 0 0 0]
15	0.055625077337026596	4.760804653167725	2.0624990463256836	1.9891968965530396	0.6681815385818481	0.04092755168676376	False	[0 0 0 0 0 0 0 0 1]	[1 0 0 0 0 0 0 0 0]	[1 0 0 0 0 0]	[1 0 0 0 0 0]
15	0.06861770898103714	4.947871685028076	2.0545856952667236	2.022082567214966	0.8212778568267822	0.0499255396425724	False	[0 0 0 0 0 1 0 0 1]	[0 0 0 0 0 0 0 0 0]	[0 0 0 0 0 0]	[0 0 0 0 0 0]
15	0.04809274151921272	4.7342987060546875	2.064549446105957	1.9299861192703247	0.6964954733848572	0.04326765611767769	False	[0 0 0 0 0 0 0 0 1]	[1 0 0 0 0 0 0 0 0]	[1 0 0 0 0 0]	[1 0 0 0 0 0]
15	0.0532991848886013	4.975569248199463	2.0596086978912354	2.015040397644043	0.8488442897796631	0.052075739949941635	False	[0 0 0 0 0 1 0 0 1]	[0 0 0 0 0 0 0 0 0]	[0 0 0 0 0 0]	[0 0 0 0 0 0]
15	0.06246098130941391	4.733912944793701	2.071148157119751	1.8840276002883911	0.7367091774940491	0.04202789068222046	False	[0 0 0 0 0 0 0 0 1]	[1 0 0 0 0 0 0 0 0]	[1 0 0 0 0 0]	[1 0 0 0 0 0]
15	0.033724505454301834	4.990520477294922	2.057340621948242	2.0431602001190186	0.8357119560241699	0.054307397454977036	False	[0 0 0 0 0 1 0 0 1]	[0 0 0 0 0 0 0 0 0]	[0 0 0 0 0 0]	[0 0 0 0 0 0]
15	0.05100298300385475	4.728298664093018	2.070038318634033	1.912688136100769	0.7022321224212646	0.04334014654159546	False	[0 0 0 0 0 0 0 0 1]	[1 0 0 0 0 0 0 0 0]	[1 0 0 0 0 0]	[1 0 0 0 0 0]
15	0.045548439025878906	4.949221134185791	2.0552432537078857	2.0073704719543457	0.836534857749939	0.050072625279426575	False	[0 0 0 0 0 1 0 0 1]	[0 0 0 0 0 0 0 0 0]	[0 0 0 0 0 0]	[0 0 0 0 0 0]
15	0.059515297412872314	4.752470016479492	2.064549207687378	1.924769401550293	0.7197867631912231	0.04336466267704964	False	[0 0 0 0 0 0 0 0 1]	[1 0 0 0 0 0 0 0 0]	[1 0 0 0 0 0]	[1 0 0 0 0 0]
15	0.03761472553014755	4.9611663818359375	2.055046319961548	2.041220188140869	0.8107922077178955	0.05410756170749664	False	[0 0 0 0 0 1 0 0 1]	[0 0 0 0 0 0 0 0 0]	[0 0 0 0 0 0]	[0 0 0 0 0 0]
15	0.04729573428630829	4.729110240936279	2.069139003753662	1.8832861185073853	0.7383309602737427	0.038354407995939255	False	[0 0 0 0 0 0 0 0 1]	[1 0 0 0 0 0 0 0 0]	[1 0 0 0 0 0]	[1 0 0 0 0 0]
15	0.06406649947166443	4.957284927368164	2.0569217205047607	2.041120767593384	0.8081938028335571	0.05104885995388031	False	[0 0 0 0 0 1 0 0 1]	[0 0 0 0 0 0 0 0 0]	[0 0 0 0 0 0]	[0 0 0 0 0 0]
15	0.04769711568951607	4.728654861450195	2.0682902336120605	1.9358125925064087	0.6871312856674194	0.03742079436779022	False	[0 0 0 0 0 0 0 0 1]	[1 0 0 0 0 0 0 0 0]	[1 0 0 0 0 0]	[1 0 0 0 0 0]
15	0.05806305259466171	4.97499942779541	2.0574796199798584	2.0534908771514893	0.8081369400024414	0.05589178204536438	False	[0 0 0 0 0 1 0 0 1]	[0 0 0 0 0 0 0 0 0]	[0 0 0 0 0 0]	[0 0 0 0 0 0]
15	0.06494014710187912	4.695122241973877	2.064673662185669	1.8970576524734497	0.6964119672775269	0.03697872906923294	False	[0 0 0 0 0 0 0 0 1]	[1 0 0 0 0 0 0 0 0]	[1 0 0 0 0 0]	[1 0 0 0 0 0]
15	0.06024717167019844	4.931457042694092	2.056246042251587	2.045413017272949	0.7796552777290344	0.050142984837293625	False	[0 0 0 0 0 1 0 0 1]	[0 0 0 0 0 0 0 0 0]	[0 0 0 0 0 0]	[0 0 0 0 0 0]
15	0.05118595436215401	4.728908538818359	2.064218759536743	1.902467131614685	0.7212234139442444	0.04099944606423378	False	[0 0 0 0 0 0 0 0 1]	[1 0 0 0 0 0 0 0 0]	[1 0 0 0 0 0]	[1 0 0 0 0 0]
15	0.04583773761987686	4.970964431762695	2.054713249206543	2.04628324508667	0.8199522495269775	0.050015244632959366	False	[0 0 0 0 0 1 0 0 1]	[0 0 0 0 0 0 0 0 0]	[0 0 0 0 0 0]	[0 0 0 0 0 0]
15	0.06078457087278366	4.776362895965576	2.06797194480896	1.9472495317459106	0.71333909034729	0.04780246689915657	False	[0 0 0 0 0 0 0 0 1]	[1 0 0 0 0 0 0 0 0]	[1 0 0 0 0 0]	[1 0 0 0 0 0]
15	0.05431460589170456	4.9643168449401855	2.048187732696533	2.072761058807373	0.7846904397010803	0.05867753177881241	False	[0 0 0 0 0 1 0 0 1]	[0 0 0 0 0 0 0 0 0]	[0 0 0 0 0 0]	[0 0 0 0 0 0]
16	0.056900106370449066	4.653366565704346	2.0508296489715576	2.004239559173584	0.5822880864143372	0.016009263694286346	False	[0 0 0 1 0 0 0 0 0]	[1 0 0 0 0 0 0 0 0]	[1 0 0 0 0 0]	[1 0 0 0 0 0]
16	0.027243034914135933	4.747954845428467	2.062305212020874	2.006023645401001	0.6560606956481934	0.023565180599689484	False	[0 0 0 0 0 0 0 0 0]	[0 0 0 0 0 0 0 0 0]	[0 0 0 0 0 0]	[0 0 0 0 0 0]
16	0.04874797910451889	4.657073497772217	2.0552754402160645	2.003371000289917	0.5822304487228394	0.01619691215455532	False	[0 0 0 1 0 0 0 0 0]	[1 0 0 0 0 0 0 0 0]	[1 0 0 0 0 0]	[1 0 0 0 0 0]
16	0.02950379252433777	4.758840560913086	2.064551591873169	2.012035608291626	0.6588273048400879	0.023425966501235962	False	[0 0 0 0 0 0 0 0 0]	[0 0 0 0 0 0 0 0 0]	[0 0 0 0 0 0]	[0 0 0 0 0 0]
16	0.042968690395355225	4.646991729736328	2.0587668418884277	1.995794653892517	0.5771472454071045	0.015282809734344482	False	[0 0 0 1 0 0 0 0 0]	[1 0 0 0 0 0 0 0 0]	[1 0 0 0 0 0]	[1 0 0 0 0 0]
16	0.02481081336736679	4.759779930114746	2.0719032287597656	2.001047134399414	0.6638376712799072	0.022992035374045372	False	[0 0 0 0 0 0 0 0 0]	[0 0 0 0 0 0 0 0 0]	[0 0 0 0 0 0]	[0 0 0 0 0 0]
16	0.0494329072535038	4.634938716888428	2.0580320358276367	1.995381474494934	0.5666804313659668	0.014844754710793495	False	[0 0 0 1 0 0 0 0 0]	[1 0 0 0 0 0 0 0 0]	[1 0 0 0 0 0]	[1 0 0 0 0 0]
16	0.032815415412187576	4.7593231201171875	2.060454845428467	2.0164642333984375	0.6567736268043518	0.025630583986639977	False	[0 0 0 0 0 0 0 0 0]	[0 0 0 0 0 0 0 0 0]	[0 0 0 0 0 0]	[0 0 0 0 0 0]
16	0.043694812804460526	4.639549732208252	2.062389850616455	1.9919568300247192	0.5709502696990967	0.014253087341785431	False	[0 0 0 1 0 0 0 0 0]	[1 0 0 0 0 0 0 0 0]	[1 0 0 0 0 0]	[1 0 0 0 0 0]
16	0.024698730558156967	4.760822296142578	2.0684165954589844	2.015563726425171	0.6542460918426514	0.0225954819470644	False	[0 0 0 0 0 0 0 0 0]	[0 0 0 0 0 0 0 0 0]	[0 0 0 0 0 0]	[0 0 0 0 0 0]
16	0.053623925894498825	4.644298553466797	2.060729503631592	1.998570442199707	0.5700594782829285	0.014939270913600922	False	[0 0 0 1 0 0 0 0 0]	[1 0 0 0 0 0 0 0 0]	[1 0 0 0 0 0]	[1 0 0 0 0 0]
16	0.0330338254570961	4.751730918884277	2.06799054145813	2.0057640075683594	0.6557083129882812	0.02226833440363407	False	[0 0 0 0 0 0 0 0 0]	[0 0 0 0 0 0 0 0 0]	[0 0 0 0 0 0]	[0 0 0 0 0 0]
16	0.04609159380197525	4.650078296661377	2.0580878257751465	2.0014703273773193	0.5754662752151489	0.015054205432534218	False	[0 0 0 1 0 0 0 0 0]	[1 0 0 0 0 0 0 0 0]	[1 0 0 0 0 0]	[1 0 0 0 0 0]
16	0.03371875360608101	4.765293121337891	2.065136432647705	2.0113210678100586	0.6638501882553101	0.02498520165681839	False	[0 0 0 0 0 0 0 0 0]	[0 0 0 0 0 0 0 0 0]	[0 0 0 0 0 0]	[0 0 0 0 0 0]
16	0.04729573428630829	4.659678936004639	2.0525596141815186	2.004845142364502	0.584701418876648	0.017572855576872826	False	[0 0 0 1 0 0 0 0 0]	[1 0 0 0 0 0 0 0 0]	[1 0 0 0 0 0]	[1 0 0 0 0 0]
16	0.02884855680167675	4.744380474090576	2.0631861686706543	2.0078585147857666	0.6504664421081543	0.022869307547807693	False	[0 0 0 0 0 0 0 0 0]	[0 0 0 0 0 0 0 0 0]	[0 0 0 0 0 0]	[0 0 0 0 0 0]
16	0.04471023380756378	4.662164211273193	2.047987937927246	1.999172568321228	0.5964069962501526	0.018596554175019264	False	[0 0 0 1 0 0 0 0 0]	[1 0 0 0 0 0 0 0 0]	[1 0 0 0 0 0]	[1 0 0 0 0 0]
16	0.02957467921078205	4.763367176055908	2.058518409729004	2.0262069702148438	0.6533129215240479	0.025329025462269783	False	[0 0 0 0 0 0 0 0 0]	[0 0 0 0 0 0 0 0 0]	[0 0 0 0 0 0]	[0 0 0 0 0 0]
16	0.04445637762546539	4.662238121032715	2.0505125522613525	1.9923173189163208	0.6013532876968384	0.018054747954010963	False	[0 0 0 1 0 0 0 0 0]	[1 0 0 0 0 0 0 0 0]	[1 0 0 0 0 0]	[1 0 0 0 0 0]
16	0.03496408835053444	4.739591121673584	2.0704240798950195	2.0108234882354736	0.6370692253112793	0.021274801343679428	False	[0 0 0 0 0 0 0 0 0]	[0 0 0 0 0 0 0 0 0]	[0 0 0 0 0 0]	[0 0 0 0 0 0]
16	0.03786857798695564	4.653745174407959	2.052971124649048	2.0017898082733154	0.5829598903656006	0.016023945063352585	False	[0 0 0 1 0 0 0 0 0]	[1 0 0 0 0 0 0 0 0]	[1 0 0 0 0 0]	[1 0 0 0 0 0]
16	0.027904022485017776	4.736246109008789	2.071115255355835	1.9988287687301636	0.6458916664123535	0.02041037380695343	False	[0 0 0 0 0 0 0 0 0]	[0 0 0 0 0 0 0 0 0]	[0 0 0 0 0 0]	[0 0 0 0 0 0]
16	0.0392911322414875	4.660549163818359	2.0519862174987793	2.0103931427001953	0.5812031030654907	0.016966961324214935	False	[0 0 0 1 0 0 0 0 0]	[1 0 0 0 0 0 0 0 0]	[1 0 0 0 0 0]	[1 0 0 0 0 0]
16	0.022189870476722717	4.746823310852051	2.065232992172241	2.0144705772399902	0.644668459892273	0.022451451048254967	False	[0 0 0 0 0 0 0 0 0]	[0 0 0 0 0 0 0 0 0]	[0 0 0 0 0 0]	[0 0 0 0 0 0]
16	0.04256156086921692	4.646848678588867	2.0544097423553467	1.9943398237228394	0.5819047093391418	0.0161944180727005	False	[0 0 0 1 0 0 0 0 0]	[1 0 0 0 0 0 0 0 0]	[1 0 0 0 0 0]	[1 0 0 0 0 0]
16	0.035578131675720215	4.7654595375061035	2.0578439235687256	2.021648406982422	0.6597206592559814	0.026246357709169388	False	[0 0 0 0 0 0 0 0 0]	[0 0 0 0 0 0 0 0 0]	[0 0 0 0 0 0]	[0 0 0 0 0 0]
16	0.05471598729491234	4.666350364685059	2.0534863471984863	2.000772476196289	0.595701277256012	0.016390394419431686	False	[0 0 0 1 0 0 0 0 0]	[1 0 0 0 0 0 0 0 0]	[1 0 0 0 0 0]	[1 0 0 0 0 0]
16	0.03594406694173813	4.758423328399658	2.0638339519500732	2.006499767303467	0.6645853519439697	0.023504644632339478	False	[0 0 0 0 0 0 0 0 0]	[0 0 0 0 0 0 0 0 0]	[0 0 0 0 0 0]	[0 0 0 0 0 0]
16	0.031540386378765106	4.656797409057617	2.0540332794189453	1.9968211650848389	0.5887271165847778	0.017215797677636147	False	[0 0 0 1 0 0 0 0 0]	[1 0 0 0 0 0 0 0 0]	[1 0 0 0 0 0]	[1 0 0 0 0 0]
16	0.030159028246998787	4.753698348999023	2.063934803009033	1.994379997253418	0.6697596311569214	0.025623848661780357	False	[0 0 0 0 0 0 0 0 0]	[0 0 0 0 0 0 0 0 0]	[0 0 0 0 0 0]	[0 0 0 0 0 0]
17	0.049987562000751495	4.348077774047852	2.099531650543213	1.980936050415039	0.20968759059906006	0.0579221285879612	False	[1 0 0 0 0 0 0 0 0]	[0 0 0 0 1 0 0 0 0]	[1 0 0 0 0 0]	[1 0 0 0 0 0]
17	0.060790322721004486	4.6937713623046875	2.0763652324676514	2.038160562515259	0.4648609459400177	0.11438453197479248	False	[1 0 0 0 0 1 0 0 0]	[0 0 0 0 0 0 0 0 0]	[0 0 0 0 0 0]	[0 0 0 0 0 0]
17	0.061740610748529434	4.673083782196045	2.070409059524536	2.0347464084625244	0.45970505475997925	0.108223557472229	False	[1 0 0 0 0 0 0 0 0]	[0 0 0 0 1 0 0 0 0]	[1 0 0 0 0 0]	[1 0 0 0 0 0]
17	0.027538085356354713	4.714907646179199	2.0760788917541504	2.035407543182373	0.48135852813720703	0.12206275761127472	False	[0 0 0 0 0 0 0 0 0]	[0 0 0 0 0 0 0 0 0]	[0 0 0 0 0 0]	[0 0 0 0 0 0]
17	0.054898954927921295	4.332833290100098	2.097094774246216	1.977088451385498	0.20663978159427643	0.05201025307178497	False	[1 0 0 0 0 0 0 0 0]	[0 0 0 0 1 0 0 0 0]	[1 0 0 0 0 0]	[1 0 0 0 0 0]
17	0.05984579026699066	4.78225564956665	2.0680670738220215	2.0413691997528076	0.5291422605514526	0.14367711544036865	False	[1 0 0 0 0 1 0 0 0]	[0 0 0 0 0 0 0 0 0]	[0 0 0 0 0 0]	[0 0 0 0 0 0]
17	0.0667937770485878	4.663077354431152	2.0711758136749268	2.031785011291504	0.4531124234199524	0.10700438916683197	False	[0 0 0 0 0 1 0 0 0]	[0 0 0 0 1 0 0 0 0]	[1 0 0 0 0 0]	[1 0 0 0 0 0]
17	0.02942715398967266	4.810281753540039	2.0806288719177246	2.049459934234619	0.5303429365158081	0.14984998106956482	False	[0 0 0 0 0 0 0 0 0]	[0 0 0 0 0 0 0 0 0]	[0 0 0 0 0 0]	[0 0 0 0 0 0]
17	0.06427916139364243	4.3174519538879395	2.0986058712005615	1.9703468084335327	0.19858410954475403	0.04991520196199417	False	[1 0 0 0 0 0 0 0 0]	[0 0 0 0 1 0 0 0 0]	[1 0 0 0 0 0]	[1 0 0 0 0 0]
17	0.04394291713833809	4.774765491485596	2.066006660461426	2.0423340797424316	0.5284489393234253	0.13797546923160553	False	[1 0 0 0 0 1 0 0 0]	[0 0 0 0 0 0 0 0 0]	[0 0 0 0 0 0]	[0 0 0 0 0 0]
17	0.06911391764879227	4.655313491821289	2.075922966003418	2.0319905281066895	0.4431129992008209	0.10428710281848907	False	[0 0 0 0 0 1 0 0 0]	[0 0 0 0 1 0 0 0 0]	[1 0 0 0 0 0]	[1 0 0 0 0 0]
17	0.028193321079015732	4.77159309387207	2.0722906589508057	2.051166534423828	0.5072299838066101	0.14090627431869507	False	[0 0 0 0 0 0 0 0 0]	[0 0 0 0 0 0 0 0 0]	[0 0 0 0 0 0]	[0 0 0 0 0 0]
17	0.04751414433121681	4.3314409255981445	2.1021924018859863	1.9806735515594482	0.1966719925403595	0.051903028041124344	False	[1 0 0 0 0 0 0 0 0]	[0 0 0 0 1 0 0 0 0]	[1 0 0 0 0 0]	[1 0 0 0 0 0]
17	0.03397836163640022	4.713858604431152	2.0735974311828613	2.036147356033325	0.48016464710235596	0.1239488422870636	False	[0 0 0 0 0 0 0 0 0]	[0 0 0 0 0 0 0 0 0]	[0 0 0 0 0 0]	[0 0 0 0 0 0]
17	0.06849987804889679	4.319225788116455	2.099576950073242	1.9718705415725708	0.19658821821212769	0.05119048431515694	False	[1 0 0 0 0 0 0 0 0]	[0 0 0 0 1 0 0 0 0]	[1 0 0 0 0 0]	[1 0 0 0 0 0]
17	0.05442093685269356	4.743087291717529	2.085020065307617	2.0397989749908447	0.501785397529602	0.11648330092430115	False	[1 0 0 0 0 1 0 0 0]	[0 0 0 0 0 0 0 0 0]	[0 0 0 0 0 0]	[0 0 0 0 0 0]
17	0.08741931617259979	4.6450886726379395	2.082223653793335	2.0325024127960205	0.43853598833084106	0.09182637929916382	False	[0 0 0 0 0 1 0 0 0]	[0 0 0 0 1 0 0 0 0]	[1 0 0 0 0 0]	[1 0 0 0 0 0]
17	0.030159028246998787	4.748912811279297	2.074467420578003	2.0461881160736084	0.49924153089523315	0.1290159672498703	False	[0 0 0 0 0 0 0 0 0]	[0 0 0 0 0 0 0 0 0]	[0 0 0 0 0 0]	[0 0 0 0 0 0]
17	0.05027686059474945	4.332476615905762	2.101959466934204	1.9794358015060425	0.1992153376340866	0.051865946501493454	False	[1 0 0 0 0 0 0 0 0]	[0 0 0 0 1 0 0 0 0]	[1 0 0 0 0 0]	[1 0 0 0 0 0]
17	0.0604301393032074	4.711484432220459	2.0749425888061523	2.034658193588257	0.4890376329421997	0.11284580826759338	False	[1 0 0 0 0 1 0 0 0]	[0 0 0 0 0 0 0 0 0]	[0 0 0 0 0 0]	[0 0 0 0 0 0]
17	0.0795622393488884	4.697723865509033	2.067516803741455	2.032972812652588	0.47335144877433777	0.12388283014297485	False	[0 0 0 0 0 1 0 0 0]	[0 0 0 0 1 0 0 0 0]	[1 0 0 0 0 0]	[1 0 0 0 0 0]
17	0.029539236798882484	4.726602554321289	2.0820655822753906	2.0487170219421387	0.47107812762260437	0.12474226206541061	False	[0 0 0 0 0 0 0 0 0]	[0 0 0 0 0 0 0 0 0]	[0 0 0 0 0 0]	[0 0 0 0 0 0]
17	0.07269089668989182	4.343522548675537	2.099975109100342	1.9863048791885376	0.20385828614234924	0.05338453873991966	False	[0 0 0 0 0 1 0 0 0]	[0 0 0 0 1 0 0 0 0]	[1 0 0 0 0 0]	[1 0 0 0 0 0]
17	0.031794242560863495	4.791938781738281	2.0766422748565674	2.055905818939209	0.505497932434082	0.15389227867126465	False	[0 0 0 0 0 0 0 0 0]	[0 0 0 0 0 0 0 0 0]	[0 0 0 0 0 0]	[0 0 0 0 0 0]
17	0.04583773761987686	4.33820104598999	2.0934178829193115	1.9800530672073364	0.20809204876422882	0.05663777142763138	False	[1 0 0 0 0 0 0 0 0]	[0 0 0 0 1 0 0 0 0]	[1 0 0 0 0 0]	[1 0 0 0 0 0]
17	0.02812243439257145	4.714665412902832	2.0794103145599365	2.036555528640747	0.4893895983695984	0.10930992662906647	False	[0 0 0 0 0 0 0 0 0]	[0 0 0 0 0 0 0 0 0]	[0 0 0 0 0 0]	[0 0 0 0 0 0]
17	0.0569709911942482	4.3338303565979	2.096583843231201	1.9837517738342285	0.2015603482723236	0.05193416774272919	False	[1 0 0 0 0 0 0 0 0]	[0 0 0 0 1 0 0 0 0]	[1 0 0 0 0 0]	[1 0 0 0 0 0]
17	0.0477680005133152	4.7757673263549805	2.0770461559295654	2.0406334400177	0.5240026712417603	0.13408493995666504	False	[1 0 0 0 0 1 0 0 0]	[0 0 0 0 0 0 0 0 0]	[0 0 0 0 0 0]	[0 0 0 0 0 0]
17	0.07428491115570068	4.651835918426514	2.0754776000976562	2.038888454437256	0.4375757873058319	0.09989410638809204	False	[0 0 0 0 0 1 0 0 0]	[0 0 0 0 1 0 0 0 0]	[1 0 0 0 0 0]	[1 0 0 0 0 0]
17	0.029066968709230423	4.750592231750488	2.0810365676879883	2.0535783767700195	0.48424607515335083	0.13173097372055054	False	[0 0 0 0 0 0 0 0 0]	[0 0 0 0 0 0 0 0 0]	[0 0 0 0 0 0]	[0 0 0 0 0 0]
18	0.29633113741874695	4.372204780578613	2.0662293434143066	1.9902245998382568	0.2199728637933731	0.09577786922454834	False	[0 0 0 0 0 0 0 1 0]	[0 1 0 0 0 0 0 0 0]	[1 0 0 0 0 0]	[1 0 0 0 0 0]
18	0.04547179862856865	4.998722076416016	2.157893180847168	2.0915544033050537	0.5534012317657471	0.1958732306957245	False	[0 0 0 0 0 1 0 1 0]	[0 0 0 0 0 0 0 0 0]	[0 0 0 0 0 0]	[0 0 0 0 0 0]
18	0.32453688979148865	4.8516435623168945	2.091557025909424	1.9596874713897705	0.5528734922409058	0.24752531945705414	False	[0 0 0 0 0 1 0 0 0]	[0 0 0 0 0 0 0 1 0]	[1 0 0 0 0 0]	[1 0 0 0 0 0]
18	0.045802295207977295	4.763115406036377	2.0731518268585205	2.004131317138672	0.44653087854385376	0.23930157721042633	False	[0 0 0 0 0 1 0 1 0]	[0 0 0 0 0 0 0 0 0]	[0 0 0 0 0 0]	[0 0 0 0 0 0]
18	0.3125951290130615	4.83757209777832	2.0946340560913086	1.9452258348464966	0.5708370208740234	0.2268751859664917	False	[0 0 0 0 0 1 0 0 0]	[0 1 0 0 0 0 0 0 0]	[1 0 0 0 0 0]	[1 0 0 0 0 0]
18	0.02993486449122429	4.821813583374023	2.1557960510253906	2.06246280670166	0.46356791257858276	0.1399870365858078	False	[0 0 0 0 0 0 0 0 0]	[0 0 0 0 0 0 0 0 0]	[0 0 0 0 0 0]	[0 0 0 0 0 0]
18	0.3211956024169922	4.403528690338135	2.073120594024658	1.9809573888778687	0.23672933876514435	0.11272148787975311	False	[0 0 0 0 0 0 0 1 0]	[0 1 0 0 0 0 0 0 0]	[1 0 0 0 0 0]	[1 0 0 0 0 0]
18	0.053476400673389435	4.989816188812256	2.1573052406311035	2.070962429046631	0.5602346062660217	0.20131394267082214	False	[0 0 0 0 0 1 0 1 0]	[0 0 0 0 0 0 0 0 0]	[0 0 0 0 0 0]	[0 0 0 0 0 0]
18	0.35225221514701843	4.891244888305664	2.087048292160034	1.9486501216888428	0.5984034538269043	0.2571427822113037	False	[0 0 0 0 0 1 0 0 0]	[0 1 0 0 0 0 0 0 0]	[1 0 0 0 0 0]	[1 0 0 0 0 0]
18	0.03125108778476715	4.880038738250732	2.1596479415893555	2.081700086593628	0.47612178325653076	0.16256839036941528	False	[0 0 0 0 0 0 0 0 0]	[0 0 0 0 0 0 0 0 0]	[0 0 0 0 0 0]	[0 0 0 0 0 0]
18	0.2546844184398651	4.403120517730713	2.0741050243377686	1.9821808338165283	0.23908010125160217	0.10775492340326309	False	[0 0 0 0 0 0 0 1 0]	[0 1 0 0 0 0 0 0 0]	[1 0 0 0 0 0]	[1 0 0 0 0 0]
18	0.04729573428630829	4.998101234436035	2.1594998836517334	2.07635498046875	0.559799075126648	0.20244675874710083	False	[0 0 0 0 0 1 0 1 0]	[0 0 0 0 0 0 0 0 0]	[0 0 0 0 0 0]	[0 0 0 0 0 0]
18	0.3187633752822876	4.810181617736816	2.0870916843414307	1.963570475578308	0.5435817837715149	0.21593785285949707	False	[0 0 0 0 0 1 0 0 0]	[0 0 0 0 0 0 0 1 0]	[1 0 0 0 0 0]	[1 0 0 0 0 0]
18	0.05271483585238457	4.713728904724121	2.0681703090667725	2.011363983154297	0.4252358675003052	0.20895862579345703	False	[0 0 0 0 0 1 0 1 0]	[0 0 0 0 0 0 0 0 0]	[0 0 0 0 0 0]	[0 0 0 0 0 0]
18	0.28574103116989136	4.82329797744751	2.0898666381835938	1.9622809886932373	0.5377824306488037	0.23336732387542725	False	[0 0 0 0 0 1 0 0 0]	[0 1 0 0 0 0 0 0 0]	[1 0 0 0 0 0]	[1 0 0 0 0 0]
18	0.031174449250102043	4.817697048187256	2.161771774291992	2.0633721351623535	0.4610268771648407	0.13152649998664856	False	[0 0 0 0 0 0 0 0 0]	[0 0 0 0 0 0 0 0 0]	[0 0 0 0 0 0]	[0 0 0 0 0 0]
18	0.3187633752822876	4.399052619934082	2.0671589374542236	1.994462013244629	0.2333993911743164	0.104032501578331	False	[0 0 0 0 0 0 0 1 0]	[0 1 0 0 0 0 0 0 0]	[1 0 0 0 0 0]	[1 0 0 0 0 0]
18	0.03605039790272713	4.904272079467773	2.1608614921569824	2.079559326171875	0.504789412021637	0.15906187891960144	False	[0 0 0 0 0 1 0 1 0]	[0 0 0 0 0 0 0 0 0]	[0 0 0 0 0 0]	[0 0 0 0 0 0]
18	0.3229428827762604	4.857500076293945	2.081599235534668	1.9583736658096313	0.5681580901145935	0.2493690550327301	False	[0 0 0 0 0 1 0 0 0]	[0 1 0 0 0 0 0 0 0]	[1 0 0 0 0 0]	[1 0 0 0 0 0]
18	0.03717790171504021	4.860845565795898	2.1567611694335938	2.0745840072631836	0.47508150339126587	0.15441904962062836	False	[0 0 0 0 0 0 0 0 0]	[0 0 0 0 0 0 0 0 0]	[0 0 0 0 0 0]	[0 0 0 0 0 0]
18	0.27908235788345337	4.394207000732422	2.0715651512145996	1.9931223392486572	0.2268759310245514	0.10264351963996887	False	[0 0 0 0 0 0 0 1 0]	[0 1 0 0 0 0 0 0 0]	[1 0 0 0 0 0]	[1 0 0 0 0 0]
18	0.06508767604827881	4.88410758972168	2.16225004196167	2.065891981124878	0.4974520802497864	0.15851368010044098	False	[0 0 0 0 0 1 0 1 0]	[0 0 0 0 0 0 0 0 0]	[0 0 0 0 0 0]	[0 0 0 0 0 0]
18	0.3278542757034302	4.841614723205566	2.0880045890808105	1.9641656875610352	0.5555212497711182	0.23392274975776672	False	[0 0 0 0 0 1 0 0 0]	[0 0 0 0 0 0 0 1 0]	[1 0 0 0 0 0]	[1 0 0 0 0 0]
18	0.05911966785788536	4.813446998596191	2.073836326599121	2.0140976905822754	0.46639448404312134	0.25911858677864075	False	[0 0 0 0 0 1 0 1 0]	[0 0 0 0 0 0 0 0 0]	[0 0 0 0 0 0]	[0 0 0 0 0 0]
18	0.32832080125808716	4.9604411125183105	2.0878498554229736	1.9632703065872192	0.621842622756958	0.28747785091400146	False	[0 0 0 0 0 1 0 0 0]	[0 1 0 0 0 0 0 0 0]	[1 0 0 0 0 0]	[1 0 0 0 0 0]
18	0.029031526297330856	4.833893775939941	2.1587986946105957	2.0672831535339355	0.46924886107444763	0.13856293261051178	False	[0 0 0 0 0 0 0 0 0]	[0 0 0 0 0 0 0 0 0]	[0 0 0 0 0 0]	[0 0 0 0 0 0]
18	0.3642418384552002	4.427956581115723	2.078464984893799	1.9782216548919678	0.24666772782802582	0.12460244446992874	False	[0 0 0 0 0 0 0 1 0]	[0 1 0 0 0 0 0 0 0]	[1 0 0 0 0 0]	[1 0 0 0 0 0]
18	0.04445637762546539	4.958087921142578	2.161128282546997	2.072598457336426	0.5381027460098267	0.18625879287719727	False	[0 0 0 0 0 1 0 1 0]	[0 0 0 0 0 0 0 0 0]	[0 0 0 0 0 0]	[0 0 0 0 0 0]
18	0.27952492237091064	4.871100902557373	2.0853018760681152	1.9584883451461792	0.5796962380409241	0.24761433899402618	False	[0 0 0 0 0 1 0 0 0]	[0 0 0 0 0 0 0 1 0]	[1 0 0 0 0 0]	[1 0 0 0 0 0]
18	0.3216620981693268	4.809932708740234	2.075326681137085	2.0102767944335938	0.46813568472862244	0.2561933398246765	False	[0 0 0 0 0 1 0 1 0]	[0 1 0 0 0 0 0 1 0]	[0 0 0 0 0 0]	[0 0 0 0 0 0]
19	0.35421791672706604	4.306788444519043	2.080465316772461	1.942967176437378	0.21142494678497314	0.07193081080913544	False	[0 0 0 0 1 0 0 0 0]	[0 1 0 0 0 0 0 0 0]	[1 0 0 0 0 0]	[1 0 0 0 0 0]
19	0.06195326894521713	4.539720058441162	2.08756685256958	2.0036847591400146	0.33673369884490967	0.11173464357852936	False	[0 0 0 1 1 0 0 0 0]	[0 0 0 0 0 0 0 0 0]	[0 0 0 0 0 0]	[0 0 0 0 0 0]
19	0.2996963858604431	4.6279072761535645	2.1093342304229736	2.0159151554107666	0.4040135145187378	0.09864439815282822	False	[0 0 0 1 0 0 0 0 0]	[0 0 0 0 1 0 0 0 0]	[1 0 0 0 0 0]	[1 0 0 0 0 0]
19	0.0238308347761631	4.531441688537598	2.0906238555908203	1.999983787536621	0.3265315294265747	0.1143026277422905	False	[0 0 0 0 0 0 0 0 0]	[0 0 0 0 0 0 0 0 0]	[0 0 0 0 0 0]	[0 0 0 0 0 0]
19	0.3489348292350769	4.289306163787842	2.082594394683838	1.9438873529434204	0.19577249884605408	0.06705192476511002	False	[0 0 0 0 1 0 0 0 0]	[0 1 0 0 0 0 0 0 0]	[1 0 0 0 0 0]	[1 0 0 0 0 0]
19	0.05107962340116501	4.647874355316162	2.087183713912964	2.012342691421509	0.4003867506980896	0.14796112477779388	False	[0 0 0 1 1 0 0 0 0]	[0 0 0 0 0 0 0 0 0]	[0 0 0 0 0 0]	[0 0 0 0 0 0]
19	0.31407037377357483	4.642565727233887	2.0923893451690674	2.0260837078094482	0.4188581109046936	0.10523438453674316	False	[0 0 0 1 0 0 0 0 0]	[0 0 0 0 1 0 0 0 0]	[1 0 0 0 0 0]	[1 0 0 0 0 0]
19	0.02772105485200882	4.689234733581543	2.0994977951049805	2.0160915851593018	0.4181654453277588	0.15548059344291687	False	[0 0 0 0 0 0 0 0 0]	[0 0 0 0 0 0 0 0 0]	[0 0 0 0 0 0]	[0 0 0 0 0 0]
19	0.3034802973270416	4.269198417663574	2.08176589012146	1.941217303276062	0.1820068359375	0.06420834362506866	False	[0 0 0 0 1 0 0 0 0]	[0 1 0 0 0 0 0 0 0]	[1 0 0 0 0 0]	[1 0 0 0 0 0]
19	0.059474099427461624	4.616769790649414	2.085683584213257	2.003650188446045	0.38522741198539734	0.14220882952213287	False	[0 0 0 1 1 0 0 0 0]	[0 0 0 0 0 0 0 0 0]	[0 0 0 0 0 0]	[0 0 0 0 0 0]
19	0.2566501200199127	4.648148059844971	2.1065783500671387	2.0196516513824463	0.417292058467865	0.10462554544210434	False	[0 0 0 1 0 0 0 0 0]	[0 0 0 0 1 0 0 0 0]	[1 0 0 0 0 0]	[1 0 0 0 0 0]
19	0.027101261541247368	4.671192169189453	2.102107286453247	2.0158627033233643	0.4110965132713318	0.14212541282176971	False	[0 0 0 0 0 0 0 0 0]	[0 0 0 0 0 0 0 0 0]	[0 0 0 0 0 0]	[0 0 0 0 0 0]
19	0.3289108872413635	4.273857116699219	2.0807337760925293	1.9364701509475708	0.18701700866222382	0.06963655352592468	False	[0 0 0 0 1 0 0 0 0]	[0 1 0 0 0 0 0 0 0]	[1 0 0 0 0 0]	[1 0 0 0 0 0]
19	0.0520596019923687	4.621512413024902	2.085462808609009	2.012383460998535	0.38894814252853394	0.13471825420856476	False	[0 0 0 1 1 0 0 0 0]	[0 0 0 0 0 0 0 0 0]	[0 0 0 0 0 0]	[0 0 0 0 0 0]
19	0.2890823483467102	4.609257221221924	2.1120553016662598	2.0125584602355957	0.39243650436401367	0.09220681339502335	False	[0 0 0 1 0 0 0 0 0]	[0 0 0 0 1 0 0 0 0]	[1 0 0 0 0 0]	[1 0 0 0 0 0]
19	0.03022991493344307	4.689100742340088	2.1002278327941895	2.0253262519836426	0.42059651017189026	0.14294984936714172	False	[0 0 0 0 0 0 0 0 0]	[0 0 0 0 0 0 0 0 0]	[0 0 0 0 0 0]	[0 0 0 0 0 0]
19	0.33500340580940247	4.297224998474121	2.082061529159546	1.9401715993881226	0.2026251256465912	0.07236664742231369	False	[0 0 0 0 1 0 0 0 0]	[0 1 0 0 0 0 0 0 0]	[1 0 0 0 0 0]	[1 0 0 0 0 0]
19	0.05347064882516861	4.576167583465576	2.086350440979004	2.00412654876709	0.35886284708976746	0.12682770192623138	False	[0 0 0 1 1 0 0 0 0]	[0 0 0 0 0 0 0 0 0]	[0 0 0 0 0 0]	[0 0 0 0 0 0]
19	0.28394681215286255	4.631750106811523	2.1116514205932617	2.0219175815582275	0.4008760452270508	0.09730540961027145	False	[0 0 0 1 0 0 0 0 0]	[0 0 0 0 1 0 0 0 0]	[1 0 0 0 0 0]	[1 0 0 0 0 0]
19	0.032195623964071274	4.720341682434082	2.1017754077911377	2.0301458835601807	0.4465664327144623	0.14185357093811035	False	[0 0 0 0 0 0 0 0 0]	[0 0 0 0 0 0 0 0 0]	[0 0 0 0 0 0]	[0 0 0 0 0 0]
19	0.29817327857017517	4.26934289932251	2.0841541290283203	1.9392499923706055	0.18154625594615936	0.06439265608787537	False	[0 0 0 0 1 0 0 0 0]	[0 1 0 0 0 0 0 0 0]	[1 0 0 0 0 0]	[1 0 0 0 0 0]
19	0.0450349785387516	4.580829620361328	2.0904922485351562	2.001530885696411	0.36396121978759766	0.12484555691480637	False	[0 0 0 1 1 0 0 0 0]	[0 0 0 0 0 0 0 0 0]	[0 0 0 0 0 0]	[0 0 0 0 0 0]
19	0.29195716977119446	4.602807998657227	2.1154837608337402	2.013472557067871	0.3771263360977173	0.09672550857067108	False	[0 0 0 1 0 0 0 0 0]	[0 0 0 0 1 0 0 0 0]	[1 0 0 0 0 0]	[1 0 0 0 0 0]
19	0.03354153782129288	4.606050491333008	2.0939579010009766	2.0161049365997314	0.3672890067100525	0.12869875133037567	False	[0 0 0 0 0 0 0 0 0]	[0 0 0 0 0 0 0 0 0]	[0 0 0 0 0 0]	[0 0 0 0 0 0]
19	0.3249794840812683	4.282337665557861	2.07643723487854	1.9413175582885742	0.19557416439056396	0.06900887191295624	False	[0 0 0 0 1 0 0 0 0]	[0 1 0 0 0 0 0 0 0]	[1 0 0 0 0 0]	[1 0 0 0 0 0]
19	0.04707156866788864	4.600856304168701	2.0864808559417725	2.002458333969116	0.3708760440349579	0.141041100025177	False	[0 0 0 1 1 0 0 0 0]	[0 0 0 0 0 0 0 0 0]	[0 0 0 0 0 0]	[0 0 0 0 0 0]
19	0.2890823483467102	4.616806507110596	2.11480975151062	2.0193588733673096	0.3860812783241272	0.09655672311782837	False	[0 0 0 1 0 0 0 0 0]	[0 0 0 0 1 0 0 0 0]	[1 0 0 0 0 0]	[1 0 0 0 0 0]
19	0.04711276665329933	4.6065449714660645	2.100405693054199	2.012868642807007	0.3709865212440491	0.12228409200906754	False	[0 0 0 1 0 1 0 0 0]	[0 0 0 0 0 0 0 0 0]	[0 0 0 0 0 0]	[0 0 0 0 0 0]
19	0.21591250598430634	4.653440952301025	2.1228175163269043	2.0134384632110596	0.41932111978530884	0.09786377847194672	False	[0 0 0 1 1 1 0 0 0]	[0 0 0 0 1 0 0 0 0]	[1 0 0 0 0 0]	[1 0 0 0 0 0]
19	0.2890823483467102	4.653393745422363	2.0989830493927	2.022271156311035	0.3775895833969116	0.1545502245426178	False	[0 0 0 0 1 1 0 0 0]	[0 1 0 0 1 0 0 0 0]	[0 0 0 0 0 0]	[0 0 0 0 0 0]
20	0.09436730295419693	4.199672698974609	2.0427584648132324	2.073791265487671	0.058800265192985535	0.024323025718331337	False	[0 0 0 0 1 0 0 0 0]	[0 0 0 0 1 0 0 0 0]	[1 0 0 0 0 0]	[1 0 0 0 0 0]
20	0.04671138525009155	4.403505802154541	2.063681125640869	2.08273983001709	0.17536547780036926	0.08171960711479187	False	[0 0 0 0 0 0 0 0 0]	[0 0 0 0 1 1 0 0 0]	[0 0 0 0 0 0]	[0 0 0 0 0 0]
20	0.0835348516702652	4.362021446228027	2.068499803543091	2.0753660202026367	0.15349823236465454	0.06465765833854675	False	[0 0 0 0 1 0 0 0 0]	[0 0 0 0 1 0 0 0 0]	[1 0 0 0 0 0]	[1 0 0 0 0 0]
20	0.04830540344119072	4.364657878875732	2.06420636177063	2.080559730529785	0.14990630745887756	0.06998588144779205	False	[0 0 0 0 0 0 0 0 0]	[0 0 0 0 1 1 0 0 0]	[0 0 0 0 0 0]	[0 0 0 0 0 0]
20	0.07581955194473267	4.330006122589111	2.0657854080200195	2.073221206665039	0.1296619474887848	0.06133737042546272	False	[0 0 0 0 1 0 0 0 0]	[0 0 0 0 1 0 0 0 0]	[1 0 0 0 0 0]	[1 0 0 0 0 0]
20	0.0576971136033535	4.361690998077393	2.065439224243164	2.0781757831573486	0.14753754436969757	0.07053829729557037	False	[0 0 0 0 0 0 0 0 0]	[0 0 0 0 1 1 0 0 0]	[0 0 0 0 0 0]	[0 0 0 0 0 0]
20	0.08173485845327377	4.388267517089844	2.0703072547912598	2.0756678581237793	0.16295090317726135	0.07934132218360901	False	[0 0 0 0 1 0 0 0 0]	[0 0 0 0 1 0 0 0 0]	[1 0 0 0 0 0]	[1 0 0 0 0 0]
20	0.043653618544340134	4.386352062225342	2.065490961074829	2.08040189743042	0.1630268394947052	0.07743231952190399	False	[0 0 0 0 0 0 0 0 0]	[0 0 0 0 1 1 0 0 0]	[0 0 0 0 0 0]	[0 0 0 0 0 0]
20	0.06403105705976486	4.352115154266357	2.0655384063720703	2.0751285552978516	0.14242032170295715	0.06902813166379929	False	[0 0 0 0 1 0 0 0 0]	[0 0 0 0 1 0 0 0 0]	[1 0 0 0 0 0]	[1 0 0 0 0 0]
20	0.0745033249258995	4.381595134735107	2.062486410140991	2.0827038288116455	0.16296470165252686	0.07343984395265579	False	[0 0 0 0 0 0 0 0 0]	[0 0 0 0 1 1 0 0 0]	[0 0 0 0 0 0]	[0 0 0 0 0 0]
20	0.0612625926733017	4.331109046936035	2.0662765502929688	2.0719106197357178	0.13301432132720947	0.05990733206272125	False	[0 0 0 0 1 0 0 0 0]	[0 0 0 0 1 0 0 0 0]	[1 0 0 0 0 0]	[1 0 0 0 0 0]
20	0.056132785975933075	4.336854457855225	2.0690200328826904	2.076852321624756	0.1315394788980484	0.05944301187992096	False	[0 0 0 0 0 0 0 0 0]	[0 0 0 0 1 1 0 0 0]	[0 0 0 0 0 0]	[0 0 0 0 0 0]
20	0.06847018003463745	4.350203037261963	2.062485933303833	2.074986219406128	0.1495988517999649	0.06313176453113556	False	[0 0 0 0 1 0 0 0 0]	[0 0 0 0 1 0 0 0 0]	[1 0 0 0 0 0]	[1 0 0 0 0 0]
20	0.07436155527830124	4.3557538986206055	2.061570644378662	2.0795810222625732	0.14995788037776947	0.06464502215385437	False	[0 0 0 0 0 0 0 0 0]	[0 0 0 0 1 1 0 0 0]	[0 0 0 0 0 0]	[0 0 0 0 0 0]
20	0.07716546207666397	4.361468315124512	2.0602550506591797	2.078214406967163	0.1546066254377365	0.06839203089475632	False	[0 0 0 0 1 0 0 0 0]	[0 0 0 0 1 0 0 0 0]	[1 0 0 0 0 0]	[1 0 0 0 0 0]
20	0.04816938191652298	4.3702239990234375	2.0623414516448975	2.0813722610473633	0.16082102060317993	0.06568923592567444	False	[0 0 0 0 0 0 0 0 0]	[0 0 0 0 1 1 0 0 0]	[0 0 0 0 0 0]	[0 0 0 0 0 0]
20	0.06388353556394577	4.368037223815918	2.063096761703491	2.075882911682129	0.15643437206745148	0.07262272387742996	False	[0 0 0 0 1 0 0 0 0]	[0 0 0 0 1 0 0 0 0]	[1 0 0 0 0 0]	[1 0 0 0 0 0]
20	0.07017052918672562	4.346114158630371	2.0654122829437256	2.0802001953125	0.14107613265514374	0.05942542850971222	False	[0 0 0 0 0 0 0 0 0]	[0 0 0 0 1 1 0 0 0]	[0 0 0 0 0 0]	[0 0 0 0 0 0]
20	0.059043027460575104	4.366512298583984	2.0657801628112793	2.076404333114624	0.1558903306722641	0.0684373527765274	False	[0 0 0 0 1 0 0 0 0]	[0 0 0 0 1 0 0 0 0]	[1 0 0 0 0 0]	[1 0 0 0 0 0]
20	0.05384233966469765	4.366151332855225	2.0590147972106934	2.08404278755188	0.1525019258260727	0.07059153914451599	False	[0 0 0 0 0 0 0 0 0]	[0 0 0 0 1 1 0 0 0]	[0 0 0 0 0 0]	[0 0 0 0 0 0]
20	0.06145131215453148	4.341588497161865	2.0627689361572266	2.0772769451141357	0.1405036449432373	0.06103845313191414	False	[0 0 0 0 1 0 0 0 0]	[0 0 0 0 1 0 0 0 0]	[1 0 0 0 0 0]	[1 0 0 0 0 0]
20	0.053918976336717606	4.347552299499512	2.064466953277588	2.0782036781311035	0.14052742719650269	0.06435460597276688	False	[0 0 0 0 0 0 0 0 0]	[0 0 0 0 1 1 0 0 0]	[0 0 0 0 0 0]	[0 0 0 0 0 0]
20	0.053222548216581345	4.376992225646973	2.0667123794555664	2.074098587036133	0.1629718840122223	0.07320909202098846	False	[0 0 0 0 1 0 0 0 0]	[0 0 0 0 1 0 0 0 0]	[1 0 0 0 0 0]	[1 0 0 0 0 0]
20	0.042526114732027054	4.348358631134033	2.058659076690674	2.080800771713257	0.14337778091430664	0.06552128493785858	False	[0 0 0 0 0 0 0 0 0]	[0 0 0 0 1 1 0 0 0]	[0 0 0 0 0 0]	[0 0 0 0 0 0]
20	0.08912541717290878	4.331814289093018	2.0634515285491943	2.0772430896759033	0.12442195415496826	0.06669744104146957	False	[0 0 0 0 1 0 0 0 0]	[0 0 0 0 1 0 0 0 0]	[1 0 0 0 0 0]	[1 0 0 0 0 0]
20	0.07333462685346603	4.4105424880981445	2.065958023071289	2.08040714263916	0.17749249935150146	0.08668484538793564	False	[0 0 0 0 0 0 0 0 0]	[0 0 0 0 1 1 0 0 0]	[0 0 0 0 0 0]	[0 0 0 0 0 0]
20	0.07207110524177551	4.363187313079834	2.0730857849121094	2.0693273544311523	0.15384569764137268	0.06692861765623093	False	[0 0 0 0 1 0 0 0 0]	[0 0 0 0 1 0 0 0 0]	[1 0 0 0 0 0]	[1 0 0 0 0 0]
20	0.06606189906597137	4.365846157073975	2.0679943561553955	2.079026937484741	0.14908145368099213	0.06974364817142487	False	[0 0 0 0 0 0 0 0 0]	[0 0 0 0 1 1 0 0 0]	[0 0 0 0 0 0]	[0 0 0 0 0 0]
20	0.07526489347219467	4.3419694900512695	2.063976526260376	2.078721046447754	0.1392638087272644	0.0600084587931633	False	[0 0 0 0 1 0 0 0 0]	[0 0 0 0 1 0 0 0 0]	[1 0 0 0 0 0]	[1 0 0 0 0 0]
20	0.0562448687851429	4.363361835479736	2.0563981533050537	2.083967924118042	0.15344521403312683	0.06955046951770782	False	[0 0 0 0 0 0 0 0 0]	[0 0 0 0 1 1 0 0 0]	[0 0 0 0 0 0]	[0 0 0 0 0 0]
21	0.3039228618144989	3.9464733600616455	1.9676505327224731	1.935817837715149	0.038020793348550797	0.004984085448086262	False	[0 0 0 0 0 0 1 0 0]	[0 1 0 0 0 0 0 0 0]	[1 0 0 0 0 0]	[1 0 0 0 0 0]
21	0.031646717339754105	4.1956586837768555	2.035097599029541	1.977475881576538	0.17309781908988953	0.009987836703658104	False	[0 0 0 0 0 0 0 0 0]	[0 0 0 0 0 0 0 0 0]	[0 0 0 0 0 0]	[0 0 0 0 0 0]
21	0.28195714950561523	3.9445459842681885	1.9648053646087646	1.9358783960342407	0.038813769817352295	0.005048210266977549	False	[0 0 0 0 0 0 1 0 0]	[0 1 0 0 0 0 0 0 0]	[1 0 0 0 0 0]	[1 0 0 0 0 0]
21	0.030412884429097176	4.2060627937316895	2.029130697250366	1.9749675989151	0.19169402122497559	0.010270816273987293	False	[0 0 0 0 0 0 0 0 0]	[0 0 0 0 0 0 0 0 0]	[0 0 0 0 0 0]	[0 0 0 0 0 0]
21	0.32028651237487793	3.9383974075317383	1.9641094207763672	1.933426856994629	0.0364408940076828	0.0044202073477208614	False	[0 0 0 0 0 0 1 0 0]	[0 1 0 0 0 0 0 0 0]	[1 0 0 0 0 0]	[1 0 0 0 0 0]
21	0.02804579585790634	4.299222469329834	2.0305404663085938	1.986495018005371	0.2692790925502777	0.012908115051686764	False	[0 0 0 0 0 0 0 0 0]	[0 0 0 0 0 0 0 0 0]	[0 0 0 0 0 0]	[0 0 0 0 0 0]
21	0.30726417899131775	3.9543442726135254	1.9620981216430664	1.94191575050354	0.04449506476521492	0.0058352528139948845	False	[0 0 0 0 0 0 1 0 0]	[0 1 0 0 0 0 0 0 0]	[1 0 0 0 0 0]	[1 0 0 0 0 0]
21	0.026227613911032677	4.160792827606201	2.022949695587158	1.9691251516342163	0.15926556289196014	0.009452453814446926	False	[0 0 0 0 0 0 0 0 0]	[0 0 0 0 0 0 0 0 0]	[0 0 0 0 0 0]	[0 0 0 0 0 0]
21	0.3083207905292511	3.950488567352295	1.9682320356369019	1.937954306602478	0.03934922814369202	0.004952861927449703	False	[0 0 0 0 0 0 1 0 0]	[0 1 0 0 0 0 0 0 0]	[1 0 0 0 0 0]	[1 0 0 0 0 0]
21	0.02571990340948105	4.206695079803467	2.0225651264190674	1.9781206846237183	0.1953352987766266	0.010673977434635162	False	[0 0 0 0 0 0 0 0 0]	[0 0 0 0 0 0 0 0 0]	[0 0 0 0 0 0]	[0 0 0 0 0 0]
21	0.054674793034791946	3.934690475463867	1.9604533910751343	1.9336949586868286	0.035371553152799606	0.005170605611056089	False	[1 0 0 0 0 0 0 0 0]	[0 1 0 0 0 0 0 0 0]	[1 0 0 0 0 0]	[1 0 0 0 0 0]
21	0.03394291549921036	4.162768363952637	2.037107467651367	1.9783262014389038	0.1378372311592102	0.009497355669736862	False	[0 0 0 0 0 0 0 0 0]	[0 0 0 0 0 0 0 0 0]	[0 0 0 0 0 0]	[0 0 0 0 0 0]
21	0.34362781047821045	3.9473869800567627	1.971091866493225	1.935097098350525	0.036570098251104355	0.004627899266779423	False	[0 0 0 0 0 0 1 0 0]	[0 1 0 0 0 0 0 0 0]	[1 0 0 0 0 0]	[1 0 0 0 0 0]
21	0.025283079594373703	4.304195404052734	2.0353171825408936	1.9859037399291992	0.26938140392303467	0.013592705130577087	False	[0 0 0 0 0 0 0 0 0]	[0 0 0 0 0 0 0 0 0]	[0 0 0 0 0 0]	[0 0 0 0 0 0]
21	0.33316129446029663	3.9263436794281006	1.9584574699401855	1.92909836769104	0.03380640596151352	0.004981434438377619	False	[0 0 0 0 0 0 1 0 0]	[0 1 0 0 0 0 0 0 0]	[1 0 0 0 0 0]	[1 0 0 0 0 0]
21	0.02797490917146206	4.215469837188721	2.030855655670166	1.9793039560317993	0.19132936000823975	0.013980739749968052	False	[0 0 0 0 0 0 0 0 0]	[0 0 0 0 0 0 0 0 0]	[0 0 0 0 0 0]	[0 0 0 0 0 0]
21	0.3249794840812683	3.934035062789917	1.958135724067688	1.934267282485962	0.03666188567876816	0.004970044828951359	False	[0 0 0 0 0 0 1 0 0]	[0 1 0 0 0 0 0 0 0]	[1 0 0 0 0 0]	[1 0 0 0 0 0]
21	0.03394291549921036	4.183046340942383	2.0244040489196777	1.967482089996338	0.18303528428077698	0.008124631829559803	False	[0 0 0 0 0 0 0 0 0]	[0 0 0 0 0 0 0 0 0]	[0 0 0 0 0 0]	[0 0 0 0 0 0]
21	0.3063550889492035	3.9568841457366943	1.9746129512786865	1.9376130104064941	0.03963838890194893	0.005019977688789368	False	[0 0 0 0 0 0 1 0 0]	[0 1 0 0 0 0 0 0 0]	[1 0 0 0 0 0]	[1 0 0 0 0 0]
21	0.02731967344880104	4.199001789093018	2.0372467041015625	1.9768638610839844	0.1745332032442093	0.010357918217778206	False	[0 0 0 0 0 0 0 0 0]	[0 0 0 0 0 0 0 0 0]	[0 0 0 0 0 0]	[0 0 0 0 0 0]
21	0.36952492594718933	3.952324390411377	1.9713139533996582	1.9359714984893799	0.03949414938688278	0.00554494746029377	False	[0 0 0 0 0 0 1 0 0]	[0 1 0 0 0 0 0 0 0]	[1 0 0 0 0 0]	[1 0 0 0 0 0]
21	0.0239371657371521	4.201112270355225	2.0118865966796875	1.9763884544372559	0.19821637868881226	0.014620967209339142	False	[0 0 0 0 0 0 0 0 0]	[0 0 0 0 0 0 0 0 0]	[0 0 0 0 0 0]	[0 0 0 0 0 0]
21	0.32453688979148865	3.9470291137695312	1.9623546600341797	1.9386301040649414	0.040477536618709564	0.005566748324781656	False	[0 0 0 0 0 0 1 0 0]	[0 1 0 0 0 0 0 0 0]	[1 0 0 0 0 0]	[1 0 0 0 0 0]
21	0.029757648706436157	4.209699630737305	2.0278964042663574	1.9711449146270752	0.20136311650276184	0.009294949471950531	False	[0 0 0 0 0 0 0 0 0]	[0 0 0 0 0 0 0 0 0]	[0 0 0 0 0 0]	[0 0 0 0 0 0]
21	0.2986637353897095	3.930008888244629	1.966858983039856	1.9298007488250732	0.02960781753063202	0.003741213586181402	False	[0 0 0 0 0 0 1 0 0]	[0 1 0 0 0 0 0 0 0]	[1 0 0 0 0 0]	[1 0 0 0 0 0]
21	0.05325799062848091	4.208254337310791	2.033169746398926	1.9794760942459106	0.18473553657531738	0.010873262770473957	False	[1 0 0 0 0 0 1 0 0]	[0 0 0 0 0 0 0 0 0]	[0 0 0 0 0 0]	[0 0 0 0 0 0]
21	0.051368921995162964	4.037257671356201	2.007966995239258	1.9578030109405518	0.06537014245986938	0.006117123644798994	False	[1 0 0 0 0 0 0 0 0]	[0 1 0 0 0 0 0 0 0]	[1 0 0 0 0 0]	[1 0 0 0 0 0]
21	0.02772105485200882	4.141899108886719	2.033789873123169	1.9678149223327637	0.13249711692333221	0.007796941325068474	False	[0 0 0 0 0 0 0 0 0]	[0 0 0 0 0 0 0 0 0]	[0 0 0 0 0 0]	[0 0 0 0 0 0]
21	0.0472545400261879	3.9418299198150635	1.9599634408950806	1.9378794431686401	0.03885650262236595	0.005130457691848278	False	[1 0 0 0 0 0 0 0 0]	[0 1 0 0 0 0 0 0 0]	[1 0 0 0 0 0]	[1 0 0 0 0 0]
21	0.03790402412414551	4.12359094619751	2.036416530609131	1.9624098539352417	0.11779463291168213	0.0069701517932116985	False	[0 0 0 0 0 0 0 0 0]	[0 0 0 0 0 0 0 0 0]	[0 0 0 0 0 0]	[0 0 0 0 0 0]
22	0.32832080125808716	3.9378490447998047	1.981245517730713	1.9524770975112915	0.0022487472742795944	0.001877762726508081	False	[0 0 0 0 0 0 1 0 0]	[0 1 0 0 0 0 0 0 0]	[1 0 0 0 0 0]	[1 0 0 0 0 0]
22	0.03423796594142914	4.04164981842041	2.0357251167297363	1.9967262744903564	0.005911281332373619	0.0032870634458959103	False	[0 0 0 0 0 0 0 0 0]	[0 0 0 0 0 0 0 0 0]	[0 0 0 0 0 0]	[0 0 0 0 0 0]
22	0.30257120728492737	3.9356775283813477	1.9801253080368042	1.9514687061309814	0.0022529452107846737	0.0018305943813174963	False	[0 0 0 0 0 0 1 0 0]	[0 1 0 0 0 0 0 0 0]	[1 0 0 0 0 0]	[1 0 0 0 0 0]
22	0.034196771681308746	4.041268825531006	2.0252764225006104	2.0038273334503174	0.0070586237125098705	0.005106596276164055	False	[0 0 0 0 0 0 0 0 0]	[0 0 0 0 0 0 0 0 0]	[0 0 0 0 0 0]	[0 0 0 0 0 0]
22	0.27483195066452026	3.9332845211029053	1.9731031656265259	1.9556174278259277	0.002493868814781308	0.0020701917819678783	False	[0 0 0 0 0 0 1 0 0]	[0 1 0 0 0 0 0 0 0]	[1 0 0 0 0 0]	[1 0 0 0 0 0]
22	0.03543635830283165	4.037417411804199	2.039466619491577	1.990715742111206	0.004540087655186653	0.002695102710276842	False	[0 0 0 0 0 0 0 0 0]	[0 0 0 0 0 0 0 0 0]	[0 0 0 0 0 0]	[0 0 0 0 0 0]
22	0.321886271238327	3.9517877101898193	1.9814621210098267	1.9661180973052979	0.0024103557225316763	0.0017970791086554527	False	[0 0 0 0 0 0 1 0 0]	[0 1 0 0 0 0 0 0 0]	[1 0 0 0 0 0]	[1 0 0 0 0 0]
22	0.031032675877213478	4.048526763916016	2.025174379348755	2.0102248191833496	0.007709226105362177	0.005418439861387014	False	[0 0 0 0 0 0 0 0 0]	[0 0 0 0 0 0 0 0 0]	[0 0 0 0 0 0]	[0 0 0 0 0 0]
22	0.32210469245910645	3.9499568939208984	1.9770913124084473	1.9678281545639038	0.0027406150475144386	0.0022967809345573187	False	[0 0 0 0 0 0 1 0 0]	[0 1 0 0 0 0 0 0 0]	[1 0 0 0 0 0]	[1 0 0 0 0 0]
22	0.03132197633385658	4.045467376708984	2.0369338989257812	1.9995695352554321	0.005582491867244244	0.0033816350623965263	False	[0 0 0 0 0 0 0 0 0]	[0 0 0 0 0 0 0 0 0]	[0 0 0 0 0 0]	[0 0 0 0 0 0]
22	0.2584683299064636	3.935299873352051	1.9772286415100098	1.9542241096496582	0.002127743558958173	0.00171939458232373	False	[0 0 0 0 0 0 1 0 0]	[0 1 0 0 0 0 0 0 0]	[1 0 0 0 0 0]	[1 0 0 0 0 0]
22	0.02521219290792942	4.072113037109375	2.0354390144348145	2.0224173069000244	0.00798000954091549	0.006276406347751617	False	[0 0 0 0 0 0 0 0 0]	[0 0 0 0 0 0 0 0 0]	[0 0 0 0 0 0]	[0 0 0 0 0 0]
22	0.27908235788345337	3.9395384788513184	1.982684850692749	1.9529396295547485	0.0020931195467710495	0.0018207470420747995	False	[0 0 0 0 0 0 1 0 0]	[0 1 0 0 0 0 0 0 0]	[1 0 0 0 0 0]	[1 0 0 0 0 0]
22	0.03769136220216751	4.065405368804932	2.0280299186706543	2.024228096008301	0.00845964252948761	0.004687728825956583	False	[0 0 0 0 0 0 0 0 0]	[0 0 0 0 0 0 0 0 0]	[0 0 0 0 0 0]	[0 0 0 0 0 0]
22	0.2915145754814148	3.9366984367370605	1.9784409999847412	1.954339623451233	0.0021641170606017113	0.0017535577062517405	False	[0 0 0 0 0 0 1 0 0]	[0 1 0 0 0 0 0 0 0]	[1 0 0 0 0 0]	[1 0 0 0 0 0]
22	0.025902872905135155	4.049415111541748	2.0155868530273438	2.0154263973236084	0.012009017169475555	0.006392342038452625	False	[0 0 0 0 0 0 0 0 0]	[0 0 0 0 0 0 0 0 0]	[0 0 0 0 0 0]	[0 0 0 0 0 0]
22	0.2824236750602722	3.943535327911377	1.980873942375183	1.9583195447921753	0.002336700912564993	0.0020052085164934397	False	[0 0 0 0 0 0 1 0 0]	[0 1 0 0 0 0 0 0 0]	[1 0 0 0 0 0]	[1 0 0 0 0 0]
22	0.04136316850781441	4.035808086395264	2.0314512252807617	1.9951918125152588	0.005998206324875355	0.0031669894233345985	False	[0 0 0 0 0 0 0 0 0]	[0 0 0 0 0 0 0 0 0]	[0 0 0 0 0 0]	[0 0 0 0 0 0]
22	0.27758315205574036	3.933497905731201	1.9779460430145264	1.9513763189315796	0.002254312392324209	0.0019215092761442065	False	[0 0 0 0 0 0 1 0 0]	[0 1 0 0 0 0 0 0 0]	[1 0 0 0 0 0]	[1 0 0 0 0 0]
22	0.028305403888225555	4.093507289886475	2.0352306365966797	2.0398521423339844	0.012006334029138088	0.006418166216462851	False	[0 0 0 0 0 0 0 0 0]	[0 0 0 0 0 0 0 0 0]	[0 0 0 0 0 0]	[0 0 0 0 0 0]
22	0.2992298901081085	3.957355499267578	1.9790277481079102	1.973385214805603	0.0027742076199501753	0.0021682544611394405	False	[0 0 0 0 0 0 1 0 0]	[0 1 0 0 0 0 0 0 0]	[1 0 0 0 0 0]	[1 0 0 0 0 0]
22	0.028665589168667793	4.056011199951172	2.0324244499206543	2.011568546295166	0.0072599975392222404	0.00475818058475852	False	[0 0 0 0 0 0 0 0 0]	[0 0 0 0 0 0 0 0 0]	[0 0 0 0 0 0]	[0 0 0 0 0 0]
22	0.2948319613933563	3.9304659366607666	1.9763835668563843	1.9502326250076294	0.0020879607181996107	0.0017616397235542536	False	[0 0 0 0 0 0 1 0 0]	[0 1 0 0 0 0 0 0 0]	[1 0 0 0 0 0]	[1 0 0 0 0 0]
22	0.03027111105620861	4.0368757247924805	2.024719476699829	2.001465082168579	0.006290104240179062	0.004401383921504021	False	[0 0 0 0 0 0 0 0 0]	[0 0 0 0 0 0 0 0 0]	[0 0 0 0 0 0]	[0 0 0 0 0 0]
22	0.3058885633945465	3.9452128410339355	1.9860130548477173	1.9554531574249268	0.002129863714799285	0.001616783905774355	False	[0 0 0 0 0 0 1 0 0]	[0 1 0 0 0 0 0 0 0]	[1 0 0 0 0 0]	[1 0 0 0 0 0]
22	0.02829965204000473	4.039784908294678	2.0242371559143066	2.003319501876831	0.006970764137804508	0.005257412325590849	False	[0 0 0 0 0 0 0 0 0]	[0 0 0 0 0 0 0 0 0]	[0 0 0 0 0 0]	[0 0 0 0 0 0]
22	0.3360360860824585	3.9293763637542725	1.9799630641937256	1.9456357955932617	0.0021114498376846313	0.0016661707777529955	False	[0 0 0 0 0 0 1 0 0]	[0 1 0 0 0 0 0 0 0]	[1 0 0 0 0 0]	[1 0 0 0 0 0]
22	0.030595852062106133	4.0686726570129395	2.034196138381958	2.022631883621216	0.007942759431898594	0.0039017305243760347	False	[0 0 0 0 0 0 0 0 0]	[0 0 0 0 0 0 0 0 0]	[0 0 0 0 0 0]	[0 0 0 0 0 0]
22	0.2852984666824341	3.94211483001709	1.9795024394989014	1.958759069442749	0.0022121223155409098	0.0016413875855505466	False	[0 0 0 0 0 0 1 0 0]	[0 1 0 0 0 0 0 0 0]	[1 0 0 0 0 0]	[1 0 0 0 0 0]
22	0.03248492255806923	4.04823112487793	2.043696165084839	1.9955527782440186	0.005101251881569624	0.00388118764385581	False	[0 0 0 0 0 0 0 0 0]	[0 0 0 0 0 0 0 0 0]	[0 0 0 0 0 0]	[0 0 0 0 0 0]
23	0.0442025251686573	3.7424583435058594	1.9498783349990845	1.7635598182678223	0.021675046533346176	0.007345248945057392	False	[0 0 0 0 0 0 1 0 0]	[1 0 0 0 0 0 0 0 0]	[1 0 0 0 0 0]	[1 0 0 0 0 0]
23	0.030737625434994698	3.8680341243743896	1.995356559753418	1.8186557292938232	0.04410482197999954	0.009916924871504307	False	[0 0 0 0 0 0 0 0 0]	[0 0 0 0 0 0 0 0 0]	[0 0 0 0 0 0]	[0 0 0 0 0 0]
23	0.04882461577653885	3.7578506469726562	1.9482831954956055	1.7806655168533325	0.02186085283756256	0.007041131146252155	False	[0 0 0 0 0 0 1 0 0]	[1 0 0 0 0 0 0 0 0]	[1 0 0 0 0 0]	[1 0 0 0 0 0]
23	0.028157878667116165	3.8742666244506836	1.9952397346496582	1.8184136152267456	0.04976304993033409	0.010850283317267895	False	[0 0 0 0 0 0 0 0 0]	[0 0 0 0 0 0 0 0 0]	[0 0 0 0 0 0]	[0 0 0 0 0 0]
23	0.05518825352191925	3.723323106765747	1.9456634521484375	1.753095030784607	0.017827078700065613	0.006737434305250645	False	[0 0 0 0 0 0 1 0 0]	[1 0 0 0 0 0 0 0 0]	[1 0 0 0 0 0]	[1 0 0 0 0 0]
23	0.028919443488121033	3.8881869316101074	1.994948148727417	1.8092867136001587	0.0644221305847168	0.019529718905687332	False	[0 0 0 0 0 0 0 0 0]	[0 0 0 0 0 0 0 0 0]	[0 0 0 0 0 0]	[0 0 0 0 0 0]
23	0.05631575733423233	3.7435052394866943	1.9507817029953003	1.769073486328125	0.017318587750196457	0.006331483833491802	False	[0 0 0 0 0 0 1 0 0]	[1 0 0 0 0 0 0 0 0]	[1 0 0 0 0 0]	[1 0 0 0 0 0]
23	0.032520364969968796	3.8694052696228027	1.9911859035491943	1.8228495121002197	0.04600699990987778	0.009362978860735893	False	[0 0 0 0 0 0 0 0 0]	[0 0 0 0 0 0 0 0 0]	[0 0 0 0 0 0]	[0 0 0 0 0 0]
23	0.04649297147989273	3.7424497604370117	1.9510709047317505	1.7669748067855835	0.017399154603481293	0.007004870101809502	False	[0 0 0 0 0 0 1 0 0]	[1 0 0 0 0 0 0 0 0]	[1 0 0 0 0 0]	[1 0 0 0 0 0]
23	0.027685610577464104	3.8624267578125	1.993274450302124	1.8132872581481934	0.04383695870637894	0.012028014287352562	False	[0 0 0 0 0 0 0 0 0]	[0 0 0 0 0 0 0 0 0]	[0 0 0 0 0 0]	[0 0 0 0 0 0]
23	0.04969826340675354	3.788443088531494	1.9577386379241943	1.8031225204467773	0.020581480115652084	0.007000523153692484	False	[0 0 0 0 0 0 1 0 0]	[1 0 0 0 0 0 0 0 0]	[1 0 0 0 0 0]	[1 0 0 0 0 0]
23	0.02481081336736679	3.8422443866729736	1.9929327964782715	1.7995842695236206	0.041322968900203705	0.00840416457504034	False	[0 0 0 0 0 0 0 0 0]	[0 0 0 0 0 0 0 0 0]	[0 0 0 0 0 0]	[0 0 0 0 0 0]
23	0.05140436440706253	3.7580103874206543	1.9486792087554932	1.77959406375885	0.021702667698264122	0.008034209720790386	False	[0 0 0 0 0 0 1 0 0]	[1 0 0 0 0 0 0 0 0]	[1 0 0 0 0 0]	[1 0 0 0 0 0]
23	0.024226464331150055	3.820270538330078	1.9895395040512085	1.7794934511184692	0.03953225538134575	0.01170547679066658	False	[0 0 0 0 0 0 0 0 0]	[0 0 0 0 0 0 0 0 0]	[0 0 0 0 0 0]	[0 0 0 0 0 0]
23	0.05231345444917679	3.749417543411255	1.9494143724441528	1.7714910507202148	0.02031882107257843	0.008193501271307468	False	[0 0 0 0 0 0 1 0 0]	[1 0 0 0 0 0 0 0 0]	[1 0 0 0 0 0]	[1 0 0 0 0 0]
23	0.03125108778476715	3.8829891681671143	1.9894721508026123	1.8188966512680054	0.05949841067194939	0.0151221277192235	False	[0 0 0 0 0 0 0 0 0]	[0 0 0 0 0 0 0 0 0]	[0 0 0 0 0 0]	[0 0 0 0 0 0]
23	0.05151069536805153	3.746103286743164	1.9545162916183472	1.7669161558151245	0.018120789900422096	0.006550117861479521	False	[0 0 0 0 0 0 1 0 0]	[1 0 0 0 0 0 0 0 0]	[1 0 0 0 0 0]	[1 0 0 0 0 0]
23	0.03310471400618553	3.85508394241333	1.9949638843536377	1.8107595443725586	0.04183174669742584	0.007528838701546192	False	[0 0 0 0 0 0 0 0 0]	[0 0 0 0 0 0 0 0 0]	[0 0 0 0 0 0]	[0 0 0 0 0 0]
23	0.04106811806559563	3.737264633178711	1.9511635303497314	1.7631349563598633	0.01748676784336567	0.0054792556911706924	False	[0 0 0 0 0 0 1 0 0]	[1 0 0 0 0 0 0 0 0]	[1 0 0 0 0 0]	[1 0 0 0 0 0]
23	0.027791941538453102	3.845275640487671	1.9918286800384521	1.7980284690856934	0.04348450154066086	0.011934027075767517	False	[0 0 0 0 0 0 0 0 0]	[0 0 0 0 0 0 0 0 0]	[0 0 0 0 0 0]	[0 0 0 0 0 0]
23	0.05074913054704666	3.7388362884521484	1.949080467224121	1.764946460723877	0.018839098513126373	0.005970263388007879	False	[0 0 0 0 0 0 1 0 0]	[1 0 0 0 0 0 0 0 0]	[1 0 0 0 0 0]	[1 0 0 0 0 0]
23	0.039657071232795715	3.8852007389068604	1.9993406534194946	1.8335881233215332	0.043120671063661575	0.00915148202329874	False	[0 0 0 0 0 0 0 0 0]	[0 0 0 0 0 0 0 0 0]	[0 0 0 0 0 0]	[0 0 0 0 0 0]
23	0.051115065813064575	3.766448497772217	1.9577187299728394	1.7851972579956055	0.016971610486507416	0.006560691632330418	False	[0 0 0 0 0 0 1 0 0]	[1 0 0 0 0 0 0 0 0]	[1 0 0 0 0 0]	[1 0 0 0 0 0]
23	0.025649016723036766	3.8164498805999756	1.9884839057922363	1.7784569263458252	0.039481885731220245	0.010027213022112846	False	[0 0 0 0 0 0 0 0 0]	[0 0 0 0 0 0 0 0 0]	[0 0 0 0 0 0]	[0 0 0 0 0 0]
23	0.04489320144057274	3.759328603744507	1.9513030052185059	1.7803564071655273	0.021091178059577942	0.006577890366315842	False	[0 0 0 0 0 0 1 0 0]	[1 0 0 0 0 0 0 0 0]	[1 0 0 0 0 0]	[1 0 0 0 0 0]
23	0.031032675877213478	3.859961986541748	1.997552752494812	1.803790807723999	0.04624078422784805	0.012377734296023846	False	[0 0 0 0 0 0 0 0 0]	[0 0 0 0 0 0 0 0 0]	[0 0 0 0 0 0]	[0 0 0 0 0 0]
23	0.05067824199795723	3.749508857727051	1.950373888015747	1.7740061283111572	0.018251243978738785	0.006877576000988483	False	[0 0 0 0 0 0 1 0 0]	[1 0 0 0 0 0 0 0 0]	[1 0 0 0 0 0]	[1 0 0 0 0 0]
23	0.028376290574669838	3.8366146087646484	1.9939038753509521	1.7989723682403564	0.03697929158806801	0.006759158801287413	False	[0 0 0 0 0 0 0 0 0]	[0 0 0 0 0 0 0 0 0]	[0 0 0 0 0 0]	[0 0 0 0 0 0]
23	0.04092634469270706	3.7414426803588867	1.95088529586792	1.7632911205291748	0.020051289349794388	0.007214982993900776	False	[0 0 0 0 0 0 1 0 0]	[1 0 0 0 0 0 0 0 0]	[1 0 0 0 0 0]	[1 0 0 0 0 0]
23	0.03674107789993286	3.8294529914855957	1.9906038045883179	1.7954044342041016	0.035771116614341736	0.007673480547964573	False	[0 0 0 0 0 0 0 0 0]	[0 0 0 0 0 0 0 0 0]	[0 0 0 0 0 0]	[0 0 0 0 0 0]
24	0.050312306731939316	3.8140084743499756	1.8694179058074951	1.9253913164138794	0.015711115673184395	0.0034881422761827707	False	[0 0 0 0 1 0 0 0 0]	[1 0 0 0 0 0 0 0 0]	[1 0 0 0 0 0]	[1 0 0 0 0 0]
24	0.0270658191293478	3.952115058898926	1.9333419799804688	1.9697470664978027	0.04075458273291588	0.008271371014416218	False	[0 0 0 0 0 0 0 0 0]	[0 0 0 0 0 0 0 0 0]	[0 0 0 0 0 0]	[0 0 0 0 0 0]
24	0.06005844846367836	3.8167383670806885	1.8644893169403076	1.928269624710083	0.01923336274921894	0.004745976533740759	False	[0 0 0 0 1 0 0 0 0]	[1 0 0 0 0 0 0 0 0]	[1 0 0 0 0 0]	[1 0 0 0 0 0]
24	0.03416132926940918	3.9576966762542725	1.9366075992584229	1.9704804420471191	0.042359016835689545	0.00824959110468626	False	[0 0 0 0 0 0 0 0 0]	[0 0 0 0 0 0 0 0 0]	[0 0 0 0 0 0]	[0 0 0 0 0 0]
24	0.05714820697903633	3.8182730674743652	1.866652488708496	1.928614854812622	0.01891850307583809	0.0040872180834412575	False	[0 0 0 0 1 0 0 0 0]	[1 0 0 0 0 0 0 0 0]	[1 0 0 0 0 0]	[1 0 0 0 0 0]
24	0.02506466768682003	3.96701979637146	1.920665979385376	1.9831291437149048	0.05173575505614281	0.01148896012455225	False	[0 0 0 0 0 0 0 0 0]	[0 0 0 0 0 0 0 0 0]	[0 0 0 0 0 0]	[0 0 0 0 0 0]
24	0.046351198107004166	3.822824239730835	1.8790011405944824	1.923938512802124	0.016328532248735428	0.003556076902896166	False	[0 0 0 0 1 0 0 0 0]	[1 0 0 0 0 0 0 0 0]	[1 0 0 0 0 0]	[1 0 0 0 0 0]
24	0.03896639123558998	3.9620206356048584	1.9263970851898193	1.9771721363067627	0.04871536046266556	0.009735967963933945	False	[0 0 0 0 0 0 0 0 0]	[0 0 0 0 0 0 0 0 0]	[0 0 0 0 0 0]	[0 0 0 0 0 0]
24	0.051841188222169876	3.820636749267578	1.8741776943206787	1.9266871213912964	0.016289856284856796	0.0034821229055523872	False	[0 0 0 0 1 0 0 0 0]	[1 0 0 0 0 0 0 0 0]	[1 0 0 0 0 0]	[1 0 0 0 0 0]
24	0.03175880014896393	3.96576189994812	1.9350039958953857	1.9761837720870972	0.04566032439470291	0.008913937956094742	False	[0 0 0 0 0 0 0 0 0]	[0 0 0 0 0 0 0 0 0]	[0 0 0 0 0 0]	[0 0 0 0 0 0]
24	0.05227801203727722	3.821894645690918	1.8732926845550537	1.926470160484314	0.017971530556678772	0.004160392563790083	False	[0 0 0 0 1 0 0 0 0]	[1 0 0 0 0 0 0 0 0]	[1 0 0 0 0 0]	[1 0 0 0 0 0]
24	0.02433854527771473	3.967092275619507	1.9349852800369263	1.9745416641235352	0.04819859564304352	0.009366749785840511	False	[0 0 0 0 0 0 0 0 0]	[0 0 0 0 0 0 0 0 0]	[0 0 0 0 0 0]	[0 0 0 0 0 0]
24	0.06678802520036697	3.8164830207824707	1.872522234916687	1.9237315654754639	0.016757890582084656	0.003471462056040764	False	[0 0 0 0 1 0 0 0 0]	[1 0 0 0 0 0 0 0 0]	[1 0 0 0 0 0]	[1 0 0 0 0 0]
24	0.03197721019387245	3.968416452407837	1.9323484897613525	1.9758471250534058	0.05036443844437599	0.009856528602540493	False	[0 0 0 0 0 0 0 0 0]	[0 0 0 0 0 0 0 0 0]	[0 0 0 0 0 0]	[0 0 0 0 0 0]
24	0.06253761798143387	3.813754081726074	1.878274917602539	1.9172097444534302	0.014905296266078949	0.0033642095513641834	False	[0 0 0 0 1 0 0 0 0]	[1 0 0 0 0 0 0 0 0]	[1 0 0 0 0 0]	[1 0 0 0 0 0]
24	0.03157582879066467	3.969505786895752	1.9269932508468628	1.9829461574554443	0.04931873083114624	0.010247623547911644	False	[0 0 0 0 0 0 0 0 0]	[0 0 0 0 0 0 0 0 0]	[0 0 0 0 0 0]	[0 0 0 0 0 0]
24	0.045182500034570694	3.822906017303467	1.8709726333618164	1.930687665939331	0.017210012301802635	0.00403565214946866	False	[0 0 0 0 1 0 0 0 0]	[1 0 0 0 0 0 0 0 0]	[1 0 0 0 0 0]	[1 0 0 0 0 0]
24	0.03426766023039818	3.9599151611328125	1.925079107284546	1.972320556640625	0.05210425704717636	0.010411235503852367	False	[0 0 0 0 0 0 0 0 0]	[0 0 0 0 0 0 0 0 0]	[0 0 0 0 0 0]	[0 0 0 0 0 0]
24	0.052242569625377655	3.8272533416748047	1.8744094371795654	1.9305436611175537	0.01819392293691635	0.004106230102479458	False	[0 0 0 0 1 0 0 0 0]	[1 0 0 0 0 0 0 0 0]	[1 0 0 0 0 0]	[1 0 0 0 0 0]
24	0.035400912165641785	3.9592554569244385	1.9323328733444214	1.965501070022583	0.05123449116945267	0.010187134146690369	False	[0 0 0 0 0 0 0 0 0]	[0 0 0 0 0 0 0 0 0]	[0 0 0 0 0 0]	[0 0 0 0 0 0]
24	0.04172910749912262	3.802253246307373	1.878376841545105	1.9066758155822754	0.013865224085748196	0.003335176967084408	False	[0 0 0 0 1 0 0 0 0]	[1 0 0 0 0 0 0 0 0]	[1 0 0 0 0 0]	[1 0 0 0 0 0]
24	0.05034774914383888	3.9744555950164795	1.9350680112838745	1.979604721069336	0.050145555287599564	0.00963701494038105	False	[0 0 0 0 0 0 0 0 0]	[0 0 0 0 0 0 0 0 0]	[0 0 0 0 0 0]	[0 0 0 0 0 0]
24	0.04740206524729729	3.8159737586975098	1.8732326030731201	1.9220439195632935	0.016726266592741013	0.003970845602452755	False	[0 0 0 0 1 0 0 0 0]	[1 0 0 0 0 0 0 0 0]	[1 0 0 0 0 0]	[1 0 0 0 0 0]
24	0.022845106199383736	3.968583822250366	1.946671485900879	1.9640474319458008	0.048993002623319626	0.008871680125594139	False	[0 0 0 0 0 0 0 0 0]	[0 0 0 0 0 0 0 0 0]	[0 0 0 0 0 0]	[0 0 0 0 0 0]
24	0.053328875452280045	3.8229427337646484	1.873915433883667	1.926889419555664	0.018284283578395844	0.0038535697385668755	False	[0 0 0 0 1 0 0 0 0]	[1 0 0 0 0 0 0 0 0]	[1 0 0 0 0 0]	[1 0 0 0 0 0]
24	0.025755347684025764	3.9607014656066895	1.9303663969039917	1.975996732711792	0.04467788711190224	0.009660452604293823	False	[0 0 0 0 0 0 0 0 0]	[0 0 0 0 0 0 0 0 0]	[0 0 0 0 0 0]	[0 0 0 0 0 0]
24	0.062821164727211	3.8119845390319824	1.8737677335739136	1.916770339012146	0.017437636852264404	0.004008760675787926	False	[0 0 0 0 1 0 0 0 0]	[1 0 0 0 0 0 0 0 0]	[1 0 0 0 0 0]	[1 0 0 0 0 0]
24	0.028157878667116165	3.9591782093048096	1.9374330043792725	1.962770938873291	0.04958104342222214	0.00939332414418459	False	[0 0 0 0 0 0 0 0 0]	[0 0 0 0 0 0 0 0 0]	[0 0 0 0 0 0]	[0 0 0 0 0 0]
24	0.059769149869680405	3.822840690612793	1.8676201105117798	1.9350767135620117	0.016501914709806442	0.003642154624685645	False	[0 0 0 0 1 0 0 0 0]	[1 0 0 0 0 0 0 0 0]	[1 0 0 0 0 0]	[1 0 0 0 0 0]
24	0.028518063947558403	3.9491405487060547	1.927545428276062	1.9650518894195557	0.047199174761772156	0.00934411771595478	False	[0 0 0 0 0 0 0 0 0]	[0 0 0 0 0 0 0 0 0]	[0 0 0 0 0 0]	[0 0 0 0 0 0]
25	0.04448607191443443	4.526493549346924	1.9820079803466797	2.0463016033172607	0.4795098900794983	0.018673814833164215	False	[0 0 0 0 1 0 0 0 0]	[0 0 0 0 0 1 0 0 0]	[1 0 0 0 0 0]	[1 0 0 0 0 0]
25	0.036304254084825516	4.747373580932617	1.995283603668213	2.041083574295044	0.6766920685768127	0.034314241260290146	False	[0 0 0 0 0 0 0 0 0]	[0 0 0 0 0 0 0 0 0]	[0 0 0 0 0 0]	[0 0 0 0 0 0]
25	0.06701218336820602	4.512450218200684	1.98157799243927	2.0422756671905518	0.4703955054283142	0.01820090226829052	False	[0 0 0 0 1 0 0 0 0]	[0 0 0 0 0 1 0 0 0]	[1 0 0 0 0 0]	[1 0 0 0 0 0]
25	0.03197721019387245	4.79085636138916	1.9801762104034424	2.0283141136169434	0.7405766844749451	0.04178905487060547	False	[0 0 0 0 0 0 0 0 0]	[0 0 0 0 0 0 0 0 0]	[0 0 0 0 0 0]	[0 0 0 0 0 0]
25	0.070979043841362	4.470511436462402	1.9846159219741821	2.05073881149292	0.41921329498291016	0.015943367034196854	False	[0 0 0 0 1 0 0 0 0]	[0 0 0 0 0 1 0 0 0]	[1 0 0 0 0 0]	[1 0 0 0 0 0]
25	0.05082576721906662	4.776524066925049	1.9824366569519043	2.0310416221618652	0.7286449670791626	0.03440099209547043	False	[1 0 0 0 1 0 0 0 0]	[0 0 0 0 0 0 0 0 0]	[0 0 0 0 0 0]	[0 0 0 0 0 0]
25	0.05773255601525307	4.770155906677246	1.9865896701812744	2.0381813049316406	0.7186284065246582	0.026756759732961655	False	[1 0 0 0 0 0 0 0 0]	[0 0 0 0 0 1 0 0 0]	[1 0 0 0 0 0]	[1 0 0 0 0 0]
25	0.05922599881887436	4.80279016494751	1.9816173315048218	2.0221059322357178	0.7692745923995972	0.02979225106537342	False	[1 0 0 0 1 0 0 0 0]	[0 0 0 0 0 0 0 0 0]	[0 0 0 0 0 0]	[0 0 0 0 0 0]
25	0.044420935213565826	4.791651248931885	1.9918073415756226	2.040416955947876	0.7297729253768921	0.02965400740504265	False	[1 0 0 0 0 0 0 0 0]	[0 0 0 0 0 1 0 0 0]	[1 0 0 0 0 0]	[1 0 0 0 0 0]
25	0.04179999232292175	4.776856899261475	1.979253888130188	2.027677059173584	0.7427397966384888	0.027186162769794464	False	[1 0 0 0 1 0 0 0 0]	[0 0 0 0 0 0 0 0 0]	[0 0 0 0 0 0]	[0 0 0 0 0 0]
25	0.054645098745822906	4.705051898956299	1.9962276220321655	2.048532009124756	0.6398544311523438	0.020437847822904587	False	[1 0 0 0 0 0 0 0 0]	[0 0 0 0 0 1 0 0 0]	[1 0 0 0 0 0]	[1 0 0 0 0 0]
25	0.05529458448290825	4.836186408996582	1.9795981645584106	2.019397258758545	0.7983784675598145	0.03881257772445679	False	[1 0 0 0 1 0 0 0 0]	[0 0 0 0 0 0 0 0 0]	[0 0 0 0 0 0]	[0 0 0 0 0 0]
25	0.04674682766199112	4.751190185546875	1.9827030897140503	2.032639741897583	0.710929811000824	0.024917595088481903	False	[1 0 0 0 0 0 0 0 0]	[0 0 0 0 0 1 0 0 0]	[1 0 0 0 0 0]	[1 0 0 0 0 0]
25	0.04769711568951607	4.8055925369262695	1.9854352474212646	2.0292487144470215	0.7578761577606201	0.033032435923814774	False	[1 0 0 0 1 0 0 0 0]	[0 0 0 0 0 0 0 0 0]	[0 0 0 0 0 0]	[0 0 0 0 0 0]
25	0.05995212122797966	4.742576599121094	1.98006010055542	2.029378890991211	0.7077664136886597	0.025370866060256958	False	[1 0 0 0 0 0 0 0 0]	[0 0 0 0 0 1 0 0 0]	[1 0 0 0 0 0]	[1 0 0 0 0 0]
25	0.04587318003177643	4.775852203369141	1.9783589839935303	2.0268664360046387	0.7426968216896057	0.027930336073040962	False	[1 0 0 0 1 0 0 0 0]	[0 0 0 0 0 0 0 0 0]	[0 0 0 0 0 0]	[0 0 0 0 0 0]
25	0.051221396774053574	4.785097599029541	1.9827125072479248	2.034010887145996	0.7359386086463928	0.03243536129593849	False	[1 0 0 0 0 0 0 0 0]	[0 0 0 0 0 1 0 0 0]	[1 0 0 0 0 0]	[1 0 0 0 0 0]
25	0.06181149557232857	4.751694202423096	1.9811320304870605	2.0297653675079346	0.7105381488800049	0.030258432030677795	False	[1 0 0 0 1 0 0 0 0]	[0 0 0 0 0 0 0 0 0]	[0 0 0 0 0 0]	[0 0 0 0 0 0]
25	0.05482231825590134	4.754961013793945	1.9885287284851074	2.032177209854126	0.7102755904197693	0.023979026824235916	False	[1 0 0 0 0 0 0 0 0]	[0 0 0 0 0 1 0 0 0]	[1 0 0 0 0 0]	[1 0 0 0 0 0]
25	0.05471598729491234	4.721995830535889	1.9833319187164307	2.033726692199707	0.6761198043823242	0.028817888349294662	False	[1 0 0 0 1 0 0 0 0]	[0 0 0 0 0 0 0 0 0]	[0 0 0 0 0 0]	[0 0 0 0 0 0]
25	0.04852956533432007	4.744952201843262	1.985219120979309	2.040262222290039	0.6940767765045166	0.02539452165365219	False	[1 0 0 0 0 0 0 0 0]	[0 0 0 0 0 1 0 0 0]	[1 0 0 0 0 0]	[1 0 0 0 0 0]
25	0.05246097967028618	4.78228235244751	1.9783072471618652	2.018421173095703	0.7575840950012207	0.027969669550657272	False	[1 0 0 0 1 0 0 0 0]	[0 0 0 0 0 0 0 0 0]	[0 0 0 0 0 0]	[0 0 0 0 0 0]
25	0.0450349785387516	4.732517242431641	1.9853876829147339	2.037071943283081	0.6863365173339844	0.023721203207969666	False	[1 0 0 0 0 0 0 0 0]	[0 0 0 0 0 1 0 0 0]	[1 0 0 0 0 0]	[1 0 0 0 0 0]
25	0.051368921995162964	4.795534610748291	1.9842219352722168	2.0214483737945557	0.7544059753417969	0.03545798733830452	False	[1 0 0 0 1 0 0 0 0]	[0 0 0 0 0 0 0 0 0]	[0 0 0 0 0 0]	[0 0 0 0 0 0]
25	0.05380689725279808	4.729223251342773	1.9921464920043945	2.0422964096069336	0.6701787114143372	0.02460123598575592	False	[1 0 0 0 0 0 0 0 0]	[0 0 0 0 0 1 0 0 0]	[1 0 0 0 0 0]	[1 0 0 0 0 0]
25	0.06574290990829468	4.767181396484375	1.9871547222137451	2.0306456089019775	0.722568154335022	0.026812925934791565	False	[1 0 0 0 1 0 0 0 0]	[0 0 0 0 0 0 0 0 0]	[0 0 0 0 0 0]	[0 0 0 0 0 0]
25	0.049438659101724625	4.7697649002075195	1.979655385017395	2.0293731689453125	0.7332724332809448	0.027464132755994797	False	[1 0 0 0 0 0 0 0 0]	[0 0 0 0 0 1 0 0 0]	[1 0 0 0 0 0]	[1 0 0 0 0 0]
25	0.0542379692196846	4.787740230560303	1.981566309928894	2.021125555038452	0.7534968852996826	0.0315517783164978	False	[1 0 0 0 1 0 0 0 0]	[0 0 0 0 0 0 0 0 0]	[0 0 0 0 0 0]	[0 0 0 0 0 0]
25	0.03765016794204712	4.797433376312256	1.9870598316192627	2.0349066257476807	0.7430286407470703	0.03243812546133995	False	[1 0 0 0 0 0 0 0 0]	[0 0 0 0 0 1 0 0 0]	[1 0 0 0 0 0]	[1 0 0 0 0 0]
25	0.04172910749912262	4.770104885101318	1.9853417873382568	2.028282880783081	0.7287980318069458	0.027682200074195862	False	[1 0 0 0 1 0 0 0 0]	[0 0 0 0 0 0 0 0 0]	[0 0 0 0 0 0]	[0 0 0 0 0 0]
26	0.030814263969659805	4.217857837677002	1.9908101558685303	1.88608980178833	0.32838165760040283	0.012575933709740639	False	[1 0 0 0 0 0 0 0 0]	[1 0 0 0 0 0 0 0 0]	[1 0 0 0 0 0]	[1 0 0 0 0 0]
26	0.030814263969659805	4.278948783874512	2.002939462661743	1.90260910987854	0.358242928981781	0.015157317742705345	False	[0 0 0 0 0 0 0 0 0]	[0 0 0 0 0 0 0 0 0]	[0 0 0 0 0 0]	[0 0 0 0 0 0]
26	0.032921746373176575	4.23560905456543	1.9940744638442993	1.8916157484054565	0.3375016450881958	0.012417439371347427	False	[1 0 0 0 0 0 0 0 0]	[1 0 0 0 0 0 0 0 0]	[1 0 0 0 0 0]	[1 0 0 0 0 0]
26	0.035725656896829605	4.2256999015808105	2.0082128047943115	1.9053131341934204	0.30052679777145386	0.011647003702819347	False	[0 0 0 0 0 0 0 0 0]	[0 0 0 0 0 0 0 0 0]	[0 0 0 0 0 0]	[0 0 0 0 0 0]
26	0.02746719866991043	4.247589588165283	1.9866605997085571	1.8808236122131348	0.36400526762008667	0.01610041968524456	False	[1 0 0 0 0 0 0 0 0]	[1 0 0 0 0 0 0 0 0]	[1 0 0 0 0 0]	[1 0 0 0 0 0]
26	0.028559258207678795	4.2452473640441895	1.9998507499694824	1.8956464529037476	0.3362581431865692	0.013491985388100147	False	[0 0 0 0 0 0 0 0 0]	[0 0 0 0 0 0 0 0 0]	[0 0 0 0 0 0]	[0 0 0 0 0 0]
26	0.035471800714731216	4.158873558044434	2.0010733604431152	1.8837530612945557	0.2627567648887634	0.011290375143289566	False	[1 0 0 0 0 0 0 0 0]	[1 0 0 0 0 0 0 0 0]	[1 0 0 0 0 0]	[1 0 0 0 0 0]
26	0.030885150656104088	4.23669958114624	2.006117820739746	1.9012736082077026	0.31690704822540283	0.012401104904711246	False	[0 0 0 0 0 0 0 0 0]	[0 0 0 0 0 0 0 0 0]	[0 0 0 0 0 0]	[0 0 0 0 0 0]
26	0.030666738748550415	4.2071380615234375	1.9948997497558594	1.8823986053466797	0.316156804561615	0.013682620599865913	False	[1 0 0 0 0 0 0 0 0]	[1 0 0 0 0 0 0 0 0]	[1 0 0 0 0 0]	[1 0 0 0 0 0]
26	0.03037744015455246	4.265445232391357	2.0049993991851807	1.9002292156219482	0.3447265028953552	0.0154902134090662	False	[0 0 0 0 0 0 0 0 0]	[0 0 0 0 0 0 0 0 0]	[0 0 0 0 0 0]	[0 0 0 0 0 0]
26	0.03492289409041405	4.206518173217773	1.9882924556732178	1.8767945766448975	0.3281809091567993	0.013250518590211868	False	[1 0 0 0 0 0 0 0 0]	[1 0 0 0 0 0 0 0 0]	[1 0 0 0 0 0]	[1 0 0 0 0 0]
26	0.03601495549082756	4.260711669921875	1.998293399810791	1.895063042640686	0.352239191532135	0.01511632464826107	False	[0 0 0 0 0 0 0 0 0]	[0 0 0 0 0 0 0 0 0]	[0 0 0 0 0 0]	[0 0 0 0 0 0]
26	0.024120133370161057	4.243350505828857	1.987483263015747	1.8877710103988647	0.3552420139312744	0.012854086235165596	False	[1 0 0 0 0 0 0 0 0]	[1 0 0 0 0 0 0 0 0]	[1 0 0 0 0 0]	[1 0 0 0 0 0]
26	0.023972608149051666	4.259501934051514	1.9941495656967163	1.8981029987335205	0.3537709712982178	0.013478967361152172	False	[0 0 0 0 0 0 0 0 0]	[0 0 0 0 0 0 0 0 0]	[0 0 0 0 0 0]	[0 0 0 0 0 0]
26	0.034450627863407135	4.202792644500732	1.9998630285263062	1.8907585144042969	0.29967889189720154	0.012492314912378788	False	[1 0 0 0 0 0 0 0 0]	[1 0 0 0 0 0 0 0 0]	[1 0 0 0 0 0]	[1 0 0 0 0 0]
26	0.02859470248222351	4.249130725860596	1.9912232160568237	1.8927267789840698	0.3514570891857147	0.013723943382501602	False	[0 0 0 0 0 0 0 0 0]	[0 0 0 0 0 0 0 0 0]	[0 0 0 0 0 0]	[0 0 0 0 0 0]
26	0.024846255779266357	4.269993305206299	2.003516435623169	1.8953256607055664	0.35489946603775024	0.016251496970653534	False	[1 0 0 0 0 0 0 0 0]	[1 0 0 0 0 0 0 0 0]	[1 0 0 0 0 0]	[1 0 0 0 0 0]
26	0.023718753829598427	4.246007442474365	2.0020806789398193	1.8966124057769775	0.3336103558540344	0.013703867793083191	False	[0 0 0 0 0 0 0 0 0]	[0 0 0 0 0 0 0 0 0]	[0 0 0 0 0 0]	[0 0 0 0 0 0]
26	0.022845106199383736	4.251377582550049	1.9905825853347778	1.8913006782531738	0.3546551465988159	0.01483897864818573	False	[1 0 0 0 0 0 0 0 0]	[1 0 0 0 0 0 0 0 0]	[1 0 0 0 0 0]	[1 0 0 0 0 0]
26	0.02208353951573372	4.26547384262085	2.0084633827209473	1.90205717086792	0.33934101462364197	0.015611904673278332	False	[0 0 0 0 0 0 0 0 0]	[0 0 0 0 0 0 0 0 0]	[0 0 0 0 0 0]	[0 0 0 0 0 0]
26	0.031540386378765106	4.234371662139893	1.9915869235992432	1.8832581043243408	0.3447485864162445	0.014777942560613155	False	[1 0 0 0 0 0 0 0 0]	[1 0 0 0 0 0 0 0 0]	[1 0 0 0 0 0]	[1 0 0 0 0 0]
26	0.03390747308731079	4.293789386749268	1.9960312843322754	1.901107668876648	0.38120904564857483	0.01544160209596157	False	[0 0 0 0 0 0 0 0 0]	[0 0 0 0 0 0 0 0 0]	[0 0 0 0 0 0]	[0 0 0 0 0 0]
26	0.030595852062106133	4.229012966156006	1.9982669353485107	1.8952100276947021	0.3233763575553894	0.012159707956016064	False	[1 0 0 0 0 0 0 0 0]	[1 0 0 0 0 0 0 0 0]	[1 0 0 0 0 0]	[1 0 0 0 0 0]
26	0.025755347684025764	4.269802570343018	1.9933712482452393	1.8963708877563477	0.365109920501709	0.01495019719004631	False	[0 0 0 0 0 0 0 0 0]	[0 0 0 0 0 0 0 0 0]	[0 0 0 0 0 0]	[0 0 0 0 0 0]
26	0.02619217149913311	4.173045635223389	1.9972026348114014	1.8790186643600464	0.2849119305610657	0.011912506073713303	False	[1 0 0 0 0 0 0 0 0]	[1 0 0 0 0 0 0 0 0]	[1 0 0 0 0 0]	[1 0 0 0 0 0]
26	0.026628995314240456	4.305127143859863	1.9929606914520264	1.9007405042648315	0.39616888761520386	0.015257338993251324	False	[0 0 0 0 0 0 0 0 0]	[0 0 0 0 0 0 0 0 0]	[0 0 0 0 0 0]	[0 0 0 0 0 0]
26	0.036558106541633606	4.196554660797119	1.992921233177185	1.8846944570541382	0.3071913421154022	0.011747904121875763	False	[1 0 0 0 0 0 0 0 0]	[1 0 0 0 0 0 0 0 0]	[1 0 0 0 0 0]	[1 0 0 0 0 0]
26	0.02935626730322838	4.254831790924072	2.0119426250457764	1.9041072130203247	0.32460492849349976	0.01417665183544159	False	[0 0 0 0 0 0 0 0 0]	[0 0 0 0 0 0 0 0 0]	[0 0 0 0 0 0]	[0 0 0 0 0 0]
26	0.025755347684025764	4.234322547912598	1.9850189685821533	1.8765473365783691	0.35823458433151245	0.014521710574626923	False	[1 0 0 0 0 0 0 0 0]	[1 0 0 0 0 0 0 0 0]	[1 0 0 0 0 0]	[1 0 0 0 0 0]
26	0.027101261541247368	4.29348087310791	2.0044665336608887	1.906187653541565	0.3669281005859375	0.01589888148009777	False	[0 0 0 0 0 0 0 0 0]	[0 0 0 0 0 0 0 0 0]	[0 0 0 0 0 0]	[0 0 0 0 0 0]
27	-0.25	4.824163913726807	2.060307025909424	1.7903097867965698	0.9460887908935547	0.027458082884550095	False	[1 0 0 0 0 0 0 0 0]	[0 1 0 0 0 0 0 0 0]	[0 0 0 1 0 0]	[1 0 0 0 0 0]
27	0.058133937418460846	5.076819896697998	2.054287910461426	2.004148006439209	0.4869365692138672	0.5314475893974304	False	[1 0 0 0 0 0 0 0 1]	[0 0 0 0 0 0 0 0 0]	[0 0 0 0 0 0]	[0 0 0 0 0 0]
27	-0.25	5.067001819610596	1.999787449836731	1.930424690246582	1.0691813230514526	0.06760826706886292	False	[1 0 0 0 0 0 0 0 0]	[0 1 0 0 0 0 0 0 0]	[0 0 0 1 0 0]	[1 0 0 0 0 0]
27	0.0514398068189621	4.980292320251465	2.0437862873077393	2.0030369758605957	0.5037282109260559	0.42974036931991577	False	[1 0 0 0 0 0 0 0 1]	[0 0 0 0 0 0 0 0 0]	[0 0 0 0 0 0]	[0 0 0 0 0 0]
27	-0.25	5.137449741363525	2.002279043197632	1.9375311136245728	1.1410126686096191	0.0566268265247345	False	[1 0 0 0 0 0 0 0 0]	[0 1 0 0 0 0 0 0 0]	[0 0 0 1 0 0]	[1 0 0 0 0 0]
27	0.06192357838153839	5.087245941162109	2.042022228240967	2.0102100372314453	0.39419984817504883	0.6408137083053589	False	[1 0 0 0 0 0 0 0 1]	[0 0 0 0 0 0 0 0 0]	[0 0 0 0 0 0]	[0 0 0 0 0 0]
27	-0.25	5.008691787719727	1.9932997226715088	1.9395954608917236	0.9944254159927368	0.08137151598930359	False	[1 0 0 0 0 0 0 0 0]	[0 1 0 0 0 0 0 0 0]	[0 0 0 1 0 0]	[1 0 0 0 0 0]
27	0.05151069536805153	4.948548793792725	2.0405664443969727	1.9944546222686768	0.4182617664337158	0.4952663481235504	False	[1 0 0 0 0 0 0 0 1]	[0 0 0 0 0 0 0 0 0]	[0 0 0 0 0 0]	[0 0 0 0 0 0]
27	-0.25	5.008164882659912	2.000023365020752	1.935158371925354	1.0119966268539429	0.06098657101392746	False	[1 0 0 0 0 0 0 0 0]	[0 1 0 0 0 0 0 0 0]	[0 0 0 1 0 0]	[1 0 0 0 0 0]
27	0.0484941229224205	5.152778625488281	2.051175594329834	2.013435125350952	0.5732369422912598	0.5149313807487488	False	[1 0 0 0 0 0 0 0 1]	[0 0 0 0 0 0 0 0 0]	[0 0 0 0 0 0]	[0 0 0 0 0 0]
27	-0.25	5.057559013366699	2.0007848739624023	1.9496830701828003	1.0391066074371338	0.06798451393842697	False	[1 0 0 0 0 0 0 0 0]	[0 1 0 0 0 0 0 0 0]	[0 0 0 1 0 0]	[1 0 0 0 0 0]
27	0.05282691866159439	4.997448921203613	2.041574716567993	2.0029914379119873	0.4345847964286804	0.5182981491088867	False	[1 0 0 0 0 0 0 0 1]	[0 0 0 0 0 0 0 0 0]	[0 0 0 0 0 0]	[0 0 0 0 0 0]
27	-0.25	5.107926845550537	2.0087192058563232	1.937633991241455	1.0988755226135254	0.06269790232181549	False	[1 0 0 0 0 0 0 0 0]	[0 1 0 0 0 0 0 0 0]	[0 0 0 1 0 0]	[1 0 0 0 0 0]
27	0.04292749613523483	4.978048324584961	2.0477519035339355	2.0004684925079346	0.5409115552902222	0.3889157772064209	False	[1 0 0 0 0 0 0 0 1]	[0 0 0 0 0 0 0 0 0]	[0 0 0 0 0 0]	[0 0 0 0 0 0]
27	-0.25	4.959510326385498	2.0048046112060547	1.9332606792449951	0.9523671865463257	0.06907783448696136	False	[1 0 0 0 0 0 0 0 0]	[0 1 0 0 0 0 0 0 0]	[0 0 0 1 0 0]	[1 0 0 0 0 0]
27	0.05067824199795723	5.0057053565979	2.048232078552246	2.003674268722534	0.5107105374336243	0.44308823347091675	False	[1 0 0 0 0 0 0 0 1]	[0 0 0 0 0 0 0 0 0]	[0 0 0 0 0 0]	[0 0 0 0 0 0]
27	-0.25	4.936717510223389	1.9905229806900024	1.9308301210403442	0.9341930150985718	0.08117130398750305	False	[1 0 0 0 0 0 0 0 0]	[0 1 0 0 0 0 0 0 0]	[0 0 0 1 0 0]	[1 0 0 0 0 0]
27	0.04056040942668915	5.049307823181152	2.04128360748291	2.0040512084960938	0.4122377038002014	0.5917354226112366	False	[1 0 0 0 0 0 0 0 1]	[0 0 0 0 0 0 0 0 0]	[0 0 0 0 0 0]	[0 0 0 0 0 0]
27	-0.25	5.022281646728516	2.00388240814209	1.9371275901794434	1.0158321857452393	0.0654391199350357	False	[1 0 0 0 0 0 0 0 0]	[0 1 0 0 0 0 0 0 0]	[0 0 0 1 0 0]	[1 0 0 0 0 0]
27	0.04445637762546539	5.040369987487793	2.0443153381347656	1.9954684972763062	0.5251978635787964	0.47538822889328003	False	[1 0 0 0 0 0 0 0 1]	[0 0 0 0 0 0 0 0 0]	[0 0 0 0 0 0]	[0 0 0 0 0 0]
27	-0.25	4.989634990692139	1.998436450958252	1.9373607635498047	0.9778727293014526	0.07596482336521149	False	[1 0 0 0 0 0 0 0 0]	[0 1 0 0 0 0 0 0 0]	[0 0 0 1 0 0]	[1 0 0 0 0 0]
27	0.03885430842638016	5.151975154876709	2.0516269207000732	2.013737201690674	0.36840710043907166	0.7182040214538574	False	[1 0 0 0 0 0 0 0 1]	[0 0 0 0 0 0 0 0 0]	[0 0 0 0 0 0]	[0 0 0 0 0 0]
27	-0.25	5.034928321838379	2.0016844272613525	1.9371784925460815	1.0415832996368408	0.05448231101036072	False	[1 0 0 0 0 0 0 0 0]	[0 1 0 0 0 0 0 0 0]	[0 0 0 1 0 0]	[1 0 0 0 0 0]
27	0.07133922725915909	4.911192893981934	2.058875799179077	2.007925033569336	0.6486759781837463	0.19571596384048462	False	[1 0 0 0 0 0 0 0 1]	[0 0 0 0 0 0 0 0 0]	[0 0 0 0 0 0]	[0 0 0 0 0 0]
27	-0.25	4.97949743270874	1.995333194732666	1.9356346130371094	0.9785521626472473	0.06997746974229813	False	[1 0 0 0 0 0 0 0 0]	[0 1 0 0 0 0 0 0 0]	[0 0 0 1 0 0]	[1 0 0 0 0 0]
27	0.05442668870091438	5.139518737792969	2.040682315826416	2.003077745437622	0.4064168334007263	0.6893415451049805	False	[1 0 0 0 0 0 0 0 1]	[0 0 0 0 0 0 0 0 0]	[0 0 0 0 0 0]	[0 0 0 0 0 0]
27	-0.25	5.062557220458984	1.9969571828842163	1.941502571105957	1.059876799583435	0.06422042846679688	False	[1 0 0 0 0 0 0 0 0]	[0 1 0 0 0 0 0 0 0]	[0 0 0 1 0 0]	[1 0 0 0 0 0]
27	0.045908622443675995	5.024420261383057	2.0392253398895264	1.9942301511764526	0.4409235715866089	0.5500413179397583	False	[1 0 0 0 0 0 0 0 1]	[0 0 0 0 0 0 0 0 0]	[0 0 0 0 0 0]	[0 0 0 0 0 0]
27	-0.25	4.990008354187012	1.9963361024856567	1.9377986192703247	0.9938043355941772	0.062069255858659744	False	[1 0 0 0 0 0 0 0 0]	[0 1 0 0 0 0 0 0 0]	[0 0 0 1 0 0]	[1 0 0 0 0 0]
27	0.04707732051610947	5.118247032165527	2.0503010749816895	2.008796215057373	0.46714913845062256	0.5920002460479736	False	[1 0 0 0 0 0 0 0 1]	[0 0 0 0 0 0 0 0 0]	[0 0 0 0 0 0]	[0 0 0 0 0 0]
28	0.027431756258010864	4.608179569244385	2.061034679412842	1.838706612586975	0.703452467918396	0.00498603843152523	False	[1 0 0 0 0 0 0 0 0]	[1 0 0 0 0 0 0 0 0]	[1 0 0 0 0 0]	[1 0 0 0 0 0]
28	0.028411732986569405	4.631066799163818	2.060420513153076	1.8395605087280273	0.7254638671875	0.005622025579214096	False	[0 0 0 0 0 0 0 0 0]	[0 0 0 0 0 0 0 0 0]	[0 0 0 0 0 0]	[0 0 0 0 0 0]
28	0.03037744015455246	4.628390312194824	2.0512232780456543	1.8412209749221802	0.7310848236083984	0.004861514549702406	False	[1 0 0 0 0 0 0 0 0]	[1 0 0 0 0 0 0 0 0]	[1 0 0 0 0 0]	[1 0 0 0 0 0]
28	0.10684072226285934	4.643250465393066	2.061891555786133	1.8433737754821777	0.7324484586715698	0.005536737851798534	False	[1 0 0 0 0 0 0 1 0]	[0 0 0 0 0 0 0 0 0]	[0 0 0 0 0 0]	[0 0 0 0 0 0]
28	-0.25	4.799395561218262	2.0430185794830322	1.9268285036087036	0.8172825574874878	0.01226577628403902	False	[0 0 0 0 0 0 0 1 0]	[1 0 0 0 0 0 0 0 0]	[0 0 0 1 0 0]	[1 0 0 0 0 0]
28	0.05507617071270943	4.410031318664551	1.9795949459075928	1.9000078439712524	0.47643908858299255	0.053989484906196594	False	[0 0 0 0 0 0 0 0 0]	[1 0 0 0 0 0 0 0 1]	[0 0 0 0 0 0]	[0 0 0 0 0 0]
28	-0.25	4.797024726867676	2.037884473800659	1.9290924072265625	0.8210053443908691	0.00904297549277544	False	[1 0 0 0 0 0 0 0 0]	[0 0 0 0 0 0 0 0 1]	[0 0 0 1 0 0]	[1 0 0 0 0 0]
28	0.05988123267889023	4.32667875289917	2.0167131423950195	1.9645838737487793	0.28071314096450806	0.06466884166002274	False	[1 0 0 0 0 0 0 1 0]	[0 1 0 0 0 0 0 0 1]	[0 0 0 0 0 0]	[0 0 0 0 0 0]
28	-0.25	4.850560188293457	2.0552704334259033	1.9408035278320312	0.8410513401031494	0.01343512162566185	False	[0 0 0 0 0 0 0 1 0]	[1 1 0 0 0 0 0 0 1]	[0 0 0 1 0 0]	[1 0 0 0 0 0]
28	0.05493439733982086	4.472264766693115	1.9706926345825195	1.9348593950271606	0.35147494077682495	0.2152380347251892	False	[0 0 0 0 0 0 0 0 0]	[0 1 0 0 0 0 0 0 1]	[0 0 0 0 0 0]	[0 0 0 0 0 0]
28	-0.25	4.820980548858643	2.0317554473876953	1.9344823360443115	0.843298077583313	0.011444563046097755	False	[1 0 0 0 0 0 0 0 0]	[1 1 0 0 0 0 0 0 1]	[0 0 0 1 0 0]	[1 0 0 0 0 0]
28	0.30922988057136536	4.362151145935059	2.022299289703369	1.971266269683838	0.30148929357528687	0.06709620356559753	False	[1 0 0 0 0 0 0 1 0]	[1 0 0 0 0 0 0 0 1]	[0 0 0 0 0 0]	[0 0 0 0 0 0]
28	0.06031230464577675	4.708065032958984	2.0745046138763428	1.916248083114624	0.7095655202865601	0.007746836170554161	False	[1 0 0 0 0 0 0 0 0]	[1 1 0 0 0 0 0 0 1]	[1 0 0 0 0 0]	[1 0 0 0 0 0]
28	-0.25	4.820258617401123	2.036383628845215	1.9365179538726807	0.8346467018127441	0.012710065580904484	False	[0 0 0 0 0 0 0 0 0]	[0 1 0 0 0 0 0 0 1]	[1 0 0 1 0 0]	[0 0 0 0 0 0]
28	0.05959193408489227	4.3208537101745605	2.0250144004821777	1.9767258167266846	0.22597916424274445	0.09313386678695679	False	[0 0 0 0 0 0 0 1 0]	[1 1 0 0 0 0 0 0 1]	[1 0 0 0 0 0]	[1 0 0 0 0 0]
28	-0.25	4.905363082885742	2.0421032905578613	1.9464777708053589	0.9027219414710999	0.014059893786907196	False	[1 0 0 0 0 0 0 1 0]	[0 1 0 0 0 0 0 0 1]	[1 0 0 1 0 0]	[0 0 0 0 0 0]
28	0.05271483585238457	4.476136207580566	1.9779913425445557	1.9294270277023315	0.3846597671508789	0.1840582638978958	False	[1 0 0 0 0 0 0 0 0]	[1 1 0 0 0 0 0 0 1]	[1 0 0 0 0 0]	[1 0 0 0 0 0]
28	-0.25	4.843870639801025	2.03826642036438	1.9324201345443726	0.8614473938941956	0.0117369145154953	False	[0 0 0 0 0 0 0 0 0]	[0 1 0 0 0 0 0 0 1]	[1 0 0 1 0 0]	[0 0 0 0 0 0]
28	0.0758904367685318	4.44328498840332	2.0328502655029297	1.9969375133514404	0.2511656582355499	0.16233117878437042	False	[0 0 0 0 0 0 0 1 0]	[1 1 0 0 0 0 0 0 1]	[1 0 0 0 0 0]	[1 0 0 0 0 0]
28	-0.25	4.888926029205322	2.0500290393829346	1.9490691423416138	0.8739959001541138	0.015831969678401947	False	[1 0 0 0 0 0 0 1 0]	[0 1 0 0 0 0 0 0 1]	[1 0 0 1 0 0]	[0 0 0 0 0 0]
28	0.05616823211312294	4.504996299743652	1.973642349243164	1.9474375247955322	0.31671851873397827	0.26719820499420166	False	[1 0 0 0 0 0 0 0 0]	[1 1 0 0 0 0 0 0 1]	[1 0 0 0 0 0]	[1 0 0 0 0 0]
28	-0.25	4.768853664398193	2.038471221923828	1.92616868019104	0.7930431365966797	0.011170882731676102	False	[0 0 0 0 0 0 0 0 0]	[0 1 0 0 0 0 0 0 1]	[1 0 0 1 0 0]	[0 0 0 0 0 0]
28	0.32832080125808716	4.361461639404297	2.0260605812072754	1.978153944015503	0.26917359232902527	0.08807363361120224	False	[0 0 0 0 0 0 0 1 0]	[0 0 0 0 0 0 0 0 1]	[1 0 0 0 0 0]	[1 0 0 0 0 0]
28	0.06933232396841049	4.729225158691406	2.065195083618164	1.9037959575653076	0.7506300210952759	0.00960417091846466	False	[0 0 0 0 0 0 0 0 0]	[1 0 0 0 0 0 0 0 1]	[0 0 0 0 0 0]	[0 0 0 0 0 0]
28	-0.25	4.797668933868408	2.04655385017395	1.9232561588287354	0.8185218572616577	0.009336892515420914	False	[1 0 0 0 0 0 0 0 0]	[0 0 0 0 0 0 0 0 1]	[0 0 0 1 0 0]	[1 0 0 0 0 0]
28	0.06268514692783356	4.290938854217529	2.029886245727539	1.9588594436645508	0.24593231081962585	0.05626111105084419	False	[1 0 0 0 0 0 0 1 0]	[0 1 0 0 0 0 0 0 1]	[0 0 0 0 0 0]	[0 0 0 0 0 0]
28	-0.25	4.861789703369141	2.040714979171753	1.9407037496566772	0.8679277896881104	0.012443332001566887	False	[0 0 0 0 0 0 0 1 0]	[1 1 0 0 0 0 0 0 1]	[0 0 0 1 0 0]	[1 0 0 0 0 0]
28	0.04674682766199112	4.542309284210205	1.9764900207519531	1.941896915435791	0.4157565236091614	0.2081657350063324	False	[0 0 0 0 0 0 0 0 0]	[0 1 0 0 0 0 0 0 1]	[0 0 0 0 0 0]	[0 0 0 0 0 0]
28	-0.25	4.807735443115234	2.0404911041259766	1.9270991086959839	0.8302263021469116	0.009918581694364548	False	[1 0 0 0 0 0 0 0 0]	[1 1 0 0 0 0 0 0 1]	[0 0 0 1 0 0]	[1 0 0 0 0 0]
28	0.06806880235671997	4.405712127685547	2.0313992500305176	1.9856908321380615	0.3135024905204773	0.07512000948190689	False	[1 0 0 0 0 0 0 1 0]	[0 1 0 0 0 0 0 0 1]	[0 0 0 0 0 0]	[0 0 0 0 0 0]
29	0.054751429706811905	3.9648454189300537	2.0691938400268555	1.8297436237335205	0.062235571444034576	0.003672354854643345	False	[0 0 1 0 0 0 0 0 0]	[1 0 0 0 0 0 0 0 0]	[1 0 0 0 0 0]	[1 0 0 0 0 0]
29	0.027390560135245323	4.109374046325684	2.0721027851104736	1.8909422159194946	0.13790273666381836	0.008425959385931492	False	[0 0 0 0 0 0 0 0 0]	[0 0 0 0 0 0 0 0 0]	[0 0 0 0 0 0]	[0 0 0 0 0 0]
29	0.05609734356403351	3.9648935794830322	2.067645311355591	1.827571153640747	0.06549296528100967	0.0041842274367809296	False	[0 0 1 0 0 0 0 0 0]	[1 0 0 0 0 0 0 0 0]	[1 0 0 0 0 0]	[1 0 0 0 0 0]
29	0.027756497263908386	4.085460186004639	2.074758529663086	1.890032172203064	0.11359564960002899	0.007073854561895132	False	[0 0 0 0 0 0 0 0 0]	[0 0 0 0 0 0 0 0 0]	[0 0 0 0 0 0]	[0 0 0 0 0 0]
29	0.06402530521154404	3.965282678604126	2.0715675354003906	1.8282177448272705	0.061299532651901245	0.004197787027806044	False	[0 0 1 0 0 0 0 0 0]	[1 0 0 0 0 0 0 0 0]	[1 0 0 0 0 0]	[1 0 0 0 0 0]
29	0.030448326840996742	4.093625545501709	2.073154926300049	1.8872089385986328	0.12432795763015747	0.008933315053582191	False	[0 0 0 0 0 0 0 0 0]	[0 0 0 0 0 0 0 0 0]	[0 0 0 0 0 0]	[0 0 0 0 0 0]
29	0.05406074970960617	3.9668099880218506	2.0650839805603027	1.8238236904144287	0.07295583188533783	0.004946471191942692	False	[0 0 1 0 0 0 0 0 0]	[1 0 0 0 0 0 0 0 0]	[1 0 0 0 0 0]	[1 0 0 0 0 0]
29	0.023098960518836975	4.121641635894775	2.0692999362945557	1.895475149154663	0.1488693803548813	0.007997097447514534	False	[0 0 0 0 0 0 0 0 0]	[0 0 0 0 0 0 0 0 0]	[0 0 0 0 0 0]	[0 0 0 0 0 0]
29	0.05507617071270943	3.9639828205108643	2.073270797729492	1.8318874835968018	0.055208124220371246	0.00361636932939291	False	[0 0 1 0 0 0 0 0 0]	[1 0 0 0 0 0 0 0 0]	[1 0 0 0 0 0]	[1 0 0 0 0 0]
29	0.02644602581858635	4.0837626457214355	2.0758159160614014	1.888872504234314	0.11246365308761597	0.006611064076423645	False	[0 0 0 0 0 0 0 0 0]	[0 0 0 0 0 0 0 0 0]	[0 0 0 0 0 0]	[0 0 0 0 0 0]
29	0.057407815009355545	3.9822030067443848	2.0722618103027344	1.8325704336166382	0.07298412173986435	0.004386311396956444	False	[0 0 1 0 0 0 0 0 0]	[1 0 0 0 0 0 0 0 0]	[1 0 0 0 0 0]	[1 0 0 0 0 0]
29	0.03626880794763565	4.097269058227539	2.069432258605957	1.8854767084121704	0.13438056409358978	0.007979975081980228	False	[0 0 0 0 0 0 0 0 0]	[0 0 0 0 0 0 0 0 0]	[0 0 0 0 0 0]	[0 0 0 0 0 0]
29	0.053907472640275955	3.970580816268921	2.0709781646728516	1.8305469751358032	0.0651443600654602	0.003911597188562155	False	[0 0 1 0 0 0 0 0 0]	[1 0 0 0 0 0 0 0 0]	[1 0 0 0 0 0]	[1 0 0 0 0 0]
29	0.027939466759562492	4.07295560836792	2.074195384979248	1.8847026824951172	0.10571455955505371	0.00834320206195116	False	[0 0 0 0 0 0 0 0 0]	[0 0 0 0 0 0 0 0 0]	[0 0 0 0 0 0]	[0 0 0 0 0 0]
29	0.05969826504588127	3.9711029529571533	2.0664477348327637	1.8289541006088257	0.07149334251880646	0.004207706078886986	False	[0 0 1 0 0 0 0 0 0]	[1 0 0 0 0 0 0 0 0]	[1 0 0 0 0 0]	[1 0 0 0 0 0]
29	0.031392861157655716	4.11409854888916	2.078836679458618	1.8932359218597412	0.13522808253765106	0.006797796115279198	False	[0 0 0 0 0 0 0 0 0]	[0 0 0 0 0 0 0 0 0]	[0 0 0 0 0 0]	[0 0 0 0 0 0]
29	0.04893094673752785	3.971029758453369	2.0721819400787354	1.8331382274627686	0.06205291673541069	0.003656560555100441	False	[0 0 1 0 0 0 0 0 0]	[1 0 0 0 0 0 0 0 0]	[1 0 0 0 0 0]	[1 0 0 0 0 0]
29	0.02870103158056736	4.127765655517578	2.071348190307617	1.8908910751342773	0.15695713460445404	0.008569018915295601	False	[0 0 0 0 0 0 0 0 0]	[0 0 0 0 0 0 0 0 0]	[0 0 0 0 0 0]	[0 0 0 0 0 0]
29	0.07094360142946243	3.972623348236084	2.072174549102783	1.8326376676559448	0.06386247277259827	0.003948567435145378	False	[0 0 1 0 0 0 0 0 0]	[1 0 0 0 0 0 0 0 0]	[1 0 0 0 0 0]	[1 0 0 0 0 0]
29	0.022189870476722717	4.093858242034912	2.074549436569214	1.8893290758132935	0.12305785715579987	0.006921755149960518	False	[0 0 0 0 0 0 0 0 0]	[0 0 0 0 0 0 0 0 0]	[0 0 0 0 0 0]	[0 0 0 0 0 0]
29	0.05271483585238457	3.981635093688965	2.0690197944641113	1.8330796957015991	0.07543359696865082	0.004101894795894623	False	[0 0 1 0 0 0 0 0 0]	[1 0 0 0 0 0 0 0 0]	[1 0 0 0 0 0]	[1 0 0 0 0 0]
29	0.028960639610886574	4.092037677764893	2.0746777057647705	1.89095139503479	0.119980588555336	0.006427739281207323	False	[0 0 0 0 0 0 0 0 0]	[0 0 0 0 0 0 0 0 0]	[0 0 0 0 0 0]	[0 0 0 0 0 0]
29	0.044751428067684174	3.97330641746521	2.069836139678955	1.8301948308944702	0.06908956170082092	0.004185790196061134	False	[0 0 1 0 0 0 0 0 0]	[1 0 0 0 0 0 0 0 0]	[1 0 0 0 0 0]	[1 0 0 0 0 0]
29	0.03125108778476715	4.104282855987549	2.073737382888794	1.8942019939422607	0.12922713160514832	0.007116496097296476	False	[0 0 0 0 0 0 0 0 0]	[0 0 0 0 0 0 0 0 0]	[0 0 0 0 0 0]	[0 0 0 0 0 0]
29	0.05802760645747185	3.9620208740234375	2.072434186935425	1.8260135650634766	0.05958924442529678	0.003983969334512949	False	[0 0 1 0 0 0 0 0 0]	[1 0 0 0 0 0 0 0 0]	[1 0 0 0 0 0]	[1 0 0 0 0 0]
29	0.033647868782281876	4.079912185668945	2.07904052734375	1.890153408050537	0.10360291600227356	0.0071155959740281105	False	[0 0 0 0 0 0 0 0 0]	[0 0 0 0 0 0 0 0 0]	[0 0 0 0 0 0]	[0 0 0 0 0 0]
29	0.05566051974892616	3.9729175567626953	2.076664686203003	1.8320740461349487	0.06025033816695213	0.003928694874048233	False	[0 0 1 0 0 0 0 0 0]	[1 0 0 0 0 0 0 0 0]	[1 0 0 0 0 0]	[1 0 0 0 0 0]
29	0.02481081336736679	4.099015235900879	2.071340322494507	1.8881914615631104	0.13180339336395264	0.007679765112698078	False	[0 0 0 0 0 0 0 0 0]	[0 0 0 0 0 0 0 0 0]	[0 0 0 0 0 0]	[0 0 0 0 0 0]
29	0.052573062479496	3.9604291915893555	2.0667521953582764	1.8254573345184326	0.0641602873802185	0.004059227183461189	False	[0 0 1 0 0 0 0 0 0]	[1 0 0 0 0 0 0 0 0]	[1 0 0 0 0 0]	[1 0 0 0 0 0]
29	0.02859470248222351	4.1087751388549805	2.0732030868530273	1.8908799886703491	0.13487926125526428	0.00981278344988823	False	[0 0 0 0 0 0 0 0 0]	[0 0 0 0 0 0 0 0 0]	[0 0 0 0 0 0]	[0 0 0 0 0 0]
30	0.25559350848197937	4.358452320098877	2.0531857013702393	1.8008379936218262	0.47268903255462646	0.031739797443151474	False	[0 0 0 0 0 1 0 0 0]	[0 1 0 0 0 0 0 0 0]	[1 0 0 0 0 0]	[1 0 0 0 0 0]
30	0.04612703621387482	4.528420448303223	2.0292623043060303	1.7667418718338013	0.7104852199554443	0.021930847316980362	False	[0 0 0 0 0 0 0 0 0]	[1 1 0 0 0 0 0 0 0]	[0 0 0 0 0 0]	[0 0 0 0 0 0]
30	0.2724236845970154	4.768754005432129	2.0077309608459473	1.7261779308319092	0.9917522072792053	0.04309248924255371	False	[0 0 0 0 0 1 0 0 0]	[0 1 0 0 0 0 0 0 0]	[1 0 0 0 0 0]	[1 0 0 0 0 0]
30	0.06573715806007385	4.524142742156982	2.0401484966278076	1.7857117652893066	0.6763639450073242	0.02191862463951111	False	[0 0 0 0 0 0 0 0 0]	[1 1 0 0 0 0 0 0 0]	[0 0 0 0 0 0]	[0 0 0 0 0 0]
30	0.2766501307487488	4.8278913497924805	2.0013508796691895	1.7464807033538818	1.0374579429626465	0.042601607739925385	False	[0 0 0 0 0 1 0 0 0]	[0 1 0 0 0 0 0 0 0]	[1 0 0 0 0 0]	[1 0 0 0 0 0]
30	0.052526116371154785	4.523442268371582	2.0432517528533936	1.793861985206604	0.6637753844261169	0.022552840411663055	False	[0 0 0 0 0 0 0 0 0]	[1 1 0 0 0 0 0 0 0]	[0 0 0 0 0 0]	[0 0 0 0 0 0]
30	0.30856889486312866	4.731232643127441	2.0173838138580322	1.7314420938491821	0.9461592435836792	0.03624727576971054	False	[0 0 0 0 0 1 0 0 0]	[0 1 0 0 0 0 0 0 0]	[1 0 0 0 0 0]	[1 0 0 0 0 0]
30	0.04863589629530907	4.548965930938721	2.0245206356048584	1.7767060995101929	0.7266231775283813	0.02111639454960823	False	[0 0 0 0 0 0 0 0 0]	[1 1 0 0 0 0 0 0 0]	[0 0 0 0 0 0]	[0 0 0 0 0 0]
30	0.33075302839279175	4.7969889640808105	1.9966351985931396	1.7266273498535156	1.0328967571258545	0.04082988202571869	False	[0 0 0 0 0 1 0 0 0]	[0 1 0 0 0 0 0 0 0]	[1 0 0 0 0 0]	[1 0 0 0 0 0]
30	0.05213623866438866	4.495405673980713	2.035694122314453	1.7775297164916992	0.6630535125732422	0.01912837289273739	False	[0 0 0 0 0 0 0 0 0]	[1 1 0 0 0 0 0 0 0]	[0 0 0 0 0 0]	[0 0 0 0 0 0]
30	0.3360360860824585	4.799375057220459	1.9963135719299316	1.737808108329773	1.0243046283721924	0.040948592126369476	False	[0 0 0 0 0 1 0 0 0]	[0 1 0 0 0 0 0 0 0]	[1 0 0 0 0 0]	[1 0 0 0 0 0]
30	0.042526114732027054	4.535491466522217	2.026792049407959	1.756313681602478	0.7261443734169006	0.026241321116685867	False	[0 0 0 0 0 0 0 0 0]	[1 1 0 0 0 0 0 0 0]	[0 0 0 0 0 0]	[0 0 0 0 0 0]
30	0.28264784812927246	4.799307346343994	2.0167810916900635	1.743408441543579	1.0040785074234009	0.035039205104112625	False	[0 0 0 0 0 1 0 0 0]	[0 1 0 0 0 0 0 0 0]	[1 0 0 0 0 0]	[1 0 0 0 0 0]
30	0.05762622877955437	4.552672386169434	2.050917148590088	1.7920513153076172	0.6812998652458191	0.028404271230101585	False	[0 0 0 0 0 0 0 0 0]	[1 1 0 0 0 0 0 0 0]	[0 0 0 0 0 0]	[0 0 0 0 0 0]
30	0.31544598937034607	4.7281036376953125	2.0153417587280273	1.735669732093811	0.9409483671188354	0.036143943667411804	False	[0 0 0 0 0 1 0 0 0]	[0 1 0 0 0 0 0 0 0]	[1 0 0 0 0 0]	[1 0 0 0 0 0]
30	0.05740206316113472	4.57777214050293	2.0315494537353516	1.7759103775024414	0.7416976690292358	0.028614282608032227	False	[0 0 0 0 0 0 0 0 0]	[1 1 0 0 0 0 0 0 0]	[0 0 0 0 0 0]	[0 0 0 0 0 0]
30	0.31542205810546875	4.84715461730957	2.0104141235351562	1.7453017234802246	1.050596833229065	0.040842071175575256	False	[0 0 0 0 0 1 0 0 0]	[0 1 0 0 0 0 0 0 0]	[1 0 0 0 0 0]	[1 0 0 0 0 0]
30	0.056681692600250244	4.484890460968018	2.0397191047668457	1.7721295356750488	0.6532872915267944	0.01975463703274727	False	[0 0 0 0 0 0 0 0 0]	[1 1 0 0 0 0 0 0 0]	[0 0 0 0 0 0]	[0 0 0 0 0 0]
30	0.33431848883628845	4.722097873687744	2.0082716941833496	1.737715721130371	0.9409106969833374	0.03519967198371887	False	[0 0 0 0 0 1 0 0 0]	[0 1 0 0 0 0 0 0 0]	[1 0 0 0 0 0]	[1 0 0 0 0 0]
30	0.06401955336332321	4.5557098388671875	2.038109302520752	1.77937912940979	0.715060830116272	0.023160437121987343	False	[0 0 0 0 0 0 0 0 0]	[1 1 0 0 0 0 0 0 0]	[0 0 0 0 0 0]	[0 0 0 0 0 0]
30	0.3106054961681366	4.805481910705566	2.012479782104492	1.7367976903915405	1.01973557472229	0.036468688398599625	False	[0 0 0 0 0 1 0 0 0]	[0 1 0 0 0 0 0 0 0]	[1 0 0 0 0 0]	[1 0 0 0 0 0]
30	0.05406074970960617	4.483020782470703	2.0406901836395264	1.7786777019500732	0.6441352367401123	0.01951793022453785	False	[0 0 0 0 0 0 0 0 0]	[1 1 0 0 0 0 0 0 0]	[0 0 0 0 0 0]	[0 0 0 0 0 0]
30	0.31981998682022095	4.873144626617432	2.0048604011535645	1.724065899848938	1.0983179807662964	0.04590020701289177	False	[0 0 0 0 0 1 0 0 0]	[0 1 0 0 0 0 0 0 0]	[1 0 0 0 0 0]	[1 0 0 0 0 0]
30	0.044420935213565826	4.533517360687256	2.033245325088501	1.7743505239486694	0.7050909996032715	0.020830409601330757	False	[0 0 0 0 0 0 0 0 0]	[1 1 0 0 0 0 0 0 0]	[0 0 0 0 0 0]	[0 0 0 0 0 0]
30	0.3021046817302704	4.840636253356934	2.007327079772949	1.7377266883850098	1.0574091672897339	0.03817341476678848	False	[0 0 0 0 0 1 0 0 0]	[0 1 0 0 0 0 0 0 0]	[1 0 0 0 0 0]	[1 0 0 0 0 0]
30	0.06060735508799553	4.523517608642578	2.0293922424316406	1.7605621814727783	0.7121740579605103	0.021389085799455643	False	[0 0 0 0 0 0 0 0 0]	[1 1 0 0 0 0 0 0 0]	[0 0 0 0 0 0]	[0 0 0 0 0 0]
30	0.3043893873691559	4.789544582366943	2.0055389404296875	1.7234454154968262	1.0154005289077759	0.04515979439020157	False	[0 0 0 0 0 1 0 0 0]	[0 1 0 0 0 0 0 0 0]	[1 0 0 0 0 0]	[1 0 0 0 0 0]
30	0.05592012777924538	4.515873432159424	2.0455706119537354	1.788148283958435	0.6623833775520325	0.019770918413996696	False	[0 0 0 0 0 0 0 0 0]	[1 1 0 0 0 0 0 0 0]	[0 0 0 0 0 0]	[0 0 0 0 0 0]
30	0.29635509848594666	4.780603885650635	2.0050723552703857	1.717557430267334	1.0029711723327637	0.05500277876853943	False	[0 0 0 0 0 1 0 0 0]	[0 1 0 0 0 0 0 0 0]	[1 0 0 0 0 0]	[1 0 0 0 0 0]
30	0.061581581830978394	4.569339752197266	2.025726556777954	1.7705928087234497	0.7510561943054199	0.021964048966765404	False	[0 0 0 0 0 0 0 0 0]	[1 1 0 0 0 0 0 0 0]	[0 0 0 0 0 0]	[0 0 0 0 0 0]
31	0.06624487042427063	4.155517578125	1.936330795288086	1.856994867324829	0.2198130339384079	0.1423788219690323	False	[0 0 0 0 0 0 0 1 0]	[1 0 0 0 0 0 0 0 0]	[1 0 0 0 0 0]	[1 0 0 0 0 0]
31	0.02451576292514801	4.359297752380371	1.8999431133270264	1.8736767768859863	0.4413231909275055	0.14435498416423798	False	[0 0 0 0 0 0 0 0 0]	[0 0 0 0 0 0 0 0 0]	[0 0 0 0 0 0]	[0 0 0 0 0 0]
31	0.06563083082437515	4.1398420333862305	1.9278318881988525	1.8502229452133179	0.22062057256698608	0.14116650819778442	False	[0 0 0 0 0 0 0 1 0]	[1 0 0 0 0 0 0 0 0]	[1 0 0 0 0 0]	[1 0 0 0 0 0]
31	0.034852009266614914	4.318130970001221	1.8951377868652344	1.890542984008789	0.3961212635040283	0.13632939755916595	False	[0 0 0 0 0 0 0 0 0]	[0 0 0 0 0 0 0 0 0]	[0 0 0 0 0 0]	[0 0 0 0 0 0]
31	0.0512271486222744	4.146298408508301	1.9358607530593872	1.8567276000976562	0.21120800077915192	0.14250242710113525	False	[0 0 0 0 0 0 0 1 0]	[1 0 0 0 0 0 0 0 0]	[1 0 0 0 0 0]	[1 0 0 0 0 0]
31	0.02368330955505371	4.485966682434082	1.9126267433166504	1.8996529579162598	0.4854108691215515	0.18827615678310394	False	[0 0 0 0 0 0 0 0 0]	[0 0 0 0 0 0 0 0 0]	[0 0 0 0 0 0]	[0 0 0 0 0 0]
31	0.05468054115772247	4.144229412078857	1.9302510023117065	1.8568958044052124	0.21662366390228271	0.14045900106430054	False	[0 0 0 0 0 0 0 1 0]	[1 0 0 0 0 0 0 0 0]	[1 0 0 0 0 0]	[1 0 0 0 0 0]
31	0.030737625434994698	4.337718963623047	1.9004721641540527	1.878511667251587	0.4148632287979126	0.1438717395067215	False	[0 0 0 0 0 0 0 0 0]	[0 0 0 0 0 0 0 0 0]	[0 0 0 0 0 0]	[0 0 0 0 0 0]
31	0.0733700692653656	4.130552291870117	1.9439060688018799	1.8505988121032715	0.18653583526611328	0.1495116800069809	False	[0 0 0 0 0 0 0 1 0]	[1 0 0 0 0 0 0 0 0]	[1 0 0 0 0 0]	[1 0 0 0 0 0]
31	0.02932082489132881	4.384778022766113	1.900071620941162	1.9144905805587769	0.4269213080406189	0.143294095993042	False	[0 0 0 0 0 0 0 0 0]	[0 0 0 0 0 0 0 0 0]	[0 0 0 0 0 0]	[0 0 0 0 0 0]
31	0.05162277817726135	4.1272454261779785	1.9337774515151978	1.8418221473693848	0.2082972526550293	0.14334887266159058	False	[0 0 0 0 0 0 0 1 0]	[1 0 0 0 0 0 0 0 0]	[1 0 0 0 0 0]	[1 0 0 0 0 0]
31	0.02295718714594841	4.268664360046387	1.8890535831451416	1.8802632093429565	0.369706392288208	0.1296415627002716	False	[0 0 0 0 0 0 0 0 0]	[0 0 0 0 0 0 0 0 0]	[0 0 0 0 0 0]	[0 0 0 0 0 0]
31	0.06577260047197342	4.164213180541992	1.9355361461639404	1.8710858821868896	0.2199312150478363	0.1376601904630661	False	[0 0 0 0 0 0 0 1 0]	[1 0 0 0 0 0 0 0 0]	[1 0 0 0 0 0]	[1 0 0 0 0 0]
31	0.035324275493621826	4.304665565490723	1.896230936050415	1.9060895442962646	0.3729453682899475	0.12939974665641785	False	[0 0 0 0 0 0 0 0 0]	[0 0 0 0 0 0 0 0 0]	[0 0 0 0 0 0]	[0 0 0 0 0 0]
31	0.06137467175722122	4.151798725128174	1.9365203380584717	1.8465425968170166	0.2287425398826599	0.1399931013584137	False	[0 0 0 0 0 0 0 1 0]	[1 0 0 0 0 0 0 0 0]	[1 0 0 0 0 0]	[1 0 0 0 0 0]
31	0.020808512344956398	4.330745220184326	1.900124192237854	1.9003316164016724	0.39326685667037964	0.13702231645584106	False	[0 0 0 0 0 0 0 0 0]	[0 0 0 0 0 0 0 0 0]	[0 0 0 0 0 0]	[0 0 0 0 0 0]
31	0.06339976191520691	4.105593681335449	1.9425969123840332	1.8204342126846313	0.1976371854543686	0.14492550492286682	False	[0 0 0 0 0 0 0 1 0]	[1 0 0 0 0 0 0 0 0]	[1 0 0 0 0 0]	[1 0 0 0 0 0]
31	0.034852009266614914	4.332719802856445	1.9007453918457031	1.8942362070083618	0.38945627212524414	0.14828208088874817	False	[0 0 0 0 0 0 0 0 0]	[0 0 0 0 0 0 0 0 0]	[0 0 0 0 0 0]	[0 0 0 0 0 0]
31	0.048712536692619324	4.157320976257324	1.9332761764526367	1.8657400608062744	0.2169448435306549	0.14136004447937012	False	[0 0 0 0 0 0 0 1 0]	[1 0 0 0 0 0 0 0 0]	[1 0 0 0 0 0]	[1 0 0 0 0 0]
31	0.029757648706436157	4.304895401000977	1.889019250869751	1.8815850019454956	0.3946189284324646	0.13967229425907135	False	[0 0 0 0 0 0 0 0 0]	[0 0 0 0 0 0 0 0 0]	[0 0 0 0 0 0]	[0 0 0 0 0 0]
31	0.06002875789999962	4.173361778259277	1.9326080083847046	1.8632087707519531	0.23183299601078033	0.14571180939674377	False	[0 0 0 0 0 0 0 1 0]	[1 0 0 0 0 0 0 0 0]	[1 0 0 0 0 0]	[1 0 0 0 0 0]
31	0.02997606061398983	4.28759765625	1.8985542058944702	1.9006390571594238	0.3501865267753601	0.1382179856300354	False	[0 0 0 0 0 0 0 0 0]	[0 0 0 0 0 0 0 0 0]	[0 0 0 0 0 0]	[0 0 0 0 0 0]
31	0.059840038418769836	4.148870468139648	1.9431078433990479	1.8710553646087646	0.18778178095817566	0.14692562818527222	False	[0 0 0 0 0 0 0 1 0]	[1 0 0 0 0 0 0 0 0]	[1 0 0 0 0 0]	[1 0 0 0 0 0]
31	0.029214493930339813	4.3893208503723145	1.9035043716430664	1.8934212923049927	0.438404381275177	0.15399059653282166	False	[0 0 0 0 0 0 0 0 0]	[0 0 0 0 0 0 0 0 0]	[0 0 0 0 0 0]	[0 0 0 0 0 0]
31	0.03998181223869324	4.16411828994751	1.9296125173568726	1.8469520807266235	0.2395455241203308	0.14800848066806793	False	[0 0 0 0 0 0 0 1 0]	[1 0 0 0 0 0 0 0 0]	[1 0 0 0 0 0]	[1 0 0 0 0 0]
31	0.031540386378765106	4.383096218109131	1.9053274393081665	1.901632308959961	0.4106971323490143	0.16543978452682495	False	[0 0 0 0 0 0 0 0 0]	[0 0 0 0 0 0 0 0 0]	[0 0 0 0 0 0]	[0 0 0 0 0 0]
31	0.057809196412563324	4.128602981567383	1.9382648468017578	1.8389370441436768	0.21056801080703735	0.1408330798149109	False	[0 0 0 0 0 0 0 1 0]	[1 0 0 0 0 0 0 0 0]	[1 0 0 0 0 0]	[1 0 0 0 0 0]
31	0.028990330174565315	4.378739833831787	1.8913702964782715	1.8894511461257935	0.45349425077438354	0.14442431926727295	False	[0 0 0 0 0 0 0 0 0]	[0 0 0 0 0 0 0 0 0]	[0 0 0 0 0 0]	[0 0 0 0 0 0]
31	0.05286236107349396	4.168705463409424	1.9333744049072266	1.8770002126693726	0.21808622777462006	0.14024460315704346	False	[0 0 0 0 0 0 0 1 0]	[1 0 0 0 0 0 0 0 0]	[1 0 0 0 0 0]	[1 0 0 0 0 0]
31	0.028411732986569405	4.3611555099487305	1.8973398208618164	1.9167360067367554	0.39861032366752625	0.14846950769424438	False	[0 0 0 0 0 0 0 0 0]	[0 0 0 0 0 0 0 0 0]	[0 0 0 0 0 0]	[0 0 0 0 0 0]
32	0.05835235118865967	4.709388732910156	2.1030921936035156	1.9102855920791626	0.6029177904129028	0.0930936336517334	False	[0 0 0 0 0 1 0 0 0]	[1 0 0 0 0 0 0 0 0]	[1 0 0 0 0 0]	[1 0 0 0 0 0]
32	0.034450627863407135	4.8063645362854	2.1125872135162354	1.919043779373169	0.6921939849853516	0.08253940939903259	False	[0 0 0 0 0 0 0 0 0]	[1 0 0 0 0 0 1 0 0]	[0 0 0 0 0 0]	[0 0 0 0 0 0]
32	0.27090054750442505	4.765137195587158	2.1251752376556396	1.852577805519104	0.7369653582572937	0.050418686121702194	False	[0 0 1 0 0 0 0 0 0]	[0 0 0 0 0 0 1 0 0]	[1 0 0 0 0 0]	[1 0 0 0 0 0]
32	0.05023566633462906	4.919468402862549	2.132354736328125	1.9035404920578003	0.7815362811088562	0.10203684866428375	False	[0 0 0 0 0 0 0 0 0]	[1 0 0 0 0 0 1 0 0]	[0 0 0 0 0 0]	[0 0 0 0 0 0]
32	0.28817325830459595	4.762725830078125	2.120225191116333	1.8440916538238525	0.7377128601074219	0.06069616600871086	False	[0 0 1 0 0 0 0 0 0]	[0 0 0 0 0 0 1 0 0]	[1 0 0 0 0 0]	[1 0 0 0 0 0]
32	0.05544210970401764	4.869156360626221	2.1307544708251953	1.885736346244812	0.7836096882820129	0.0690557062625885	False	[0 0 0 0 0 0 0 0 0]	[1 0 0 0 0 0 1 0 0]	[0 0 0 0 0 0]	[0 0 0 0 0 0]
32	0.2886158525943756	4.752983570098877	2.1247990131378174	1.8481515645980835	0.7227821946144104	0.05725104361772537	False	[0 0 1 0 0 0 0 0 0]	[0 0 0 0 0 0 1 0 0]	[1 0 0 0 0 0]	[1 0 0 0 0 0]
32	0.058936700224876404	4.883838176727295	2.1336207389831543	1.8946987390518188	0.7741428017616272	0.08137604594230652	False	[0 0 0 0 0 0 0 0 0]	[1 0 0 0 0 0 1 0 0]	[0 0 0 0 0 0]	[0 0 0 0 0 0]
32	0.2766501307487488	4.772584438323975	2.132136344909668	1.8565424680709839	0.730495810508728	0.05340957269072533	False	[0 0 1 0 0 0 0 0 0]	[0 0 0 0 0 0 1 0 0]	[1 0 0 0 0 0]	[1 0 0 0 0 0]
32	0.045400913804769516	4.923135757446289	2.1270902156829834	1.8862286806106567	0.8224958181381226	0.08732104301452637	False	[0 0 0 0 0 0 0 0 0]	[1 0 0 0 0 0 1 0 0]	[0 0 0 0 0 0]	[0 0 0 0 0 0]
32	0.2590823471546173	4.753818511962891	2.1254079341888428	1.8564400672912598	0.7166037559509277	0.05536649748682976	False	[0 0 1 0 0 0 0 0 0]	[0 0 0 0 0 0 1 0 0]	[1 0 0 0 0 0]	[1 0 0 0 0 0]
32	0.03809274360537529	4.91156530380249	2.1364188194274902	1.9005227088928223	0.7931551933288574	0.08146839588880539	False	[0 0 0 0 0 0 0 0 0]	[1 0 0 0 0 0 1 0 0]	[0 0 0 0 0 0]	[0 0 0 0 0 0]
32	0.3340703845024109	4.731565952301025	2.1226208209991455	1.8438775539398193	0.7157026529312134	0.04936503246426582	False	[0 0 1 0 0 0 0 0 0]	[0 0 0 0 0 0 1 0 0]	[1 0 0 0 0 0]	[1 0 0 0 0 0]
32	0.053623925894498825	4.90852689743042	2.1340649127960205	1.9026460647583008	0.7838464379310608	0.08797001093626022	False	[0 0 0 0 0 0 0 0 0]	[1 0 0 0 0 0 1 0 0]	[0 0 0 0 0 0]	[0 0 0 0 0 0]
32	-0.25	4.79395055770874	2.129023790359497	1.8672151565551758	0.7322633266448975	0.06544816493988037	False	[0 0 1 0 0 0 0 0 0]	[0 0 0 0 0 0 1 0 0]	[0 0 0 1 0 0]	[1 0 0 0 0 0]
32	0.03855925798416138	4.62726354598999	2.0865869522094727	1.8344138860702515	0.23329710960388184	0.4729657769203186	False	[0 0 0 0 0 0 0 0 0]	[0 0 0 1 0 0 1 0 0]	[0 0 0 0 0 0]	[0 0 0 0 0 0]
32	0.274389386177063	4.52816915512085	2.018911123275757	1.8892624378204346	0.5842294692993164	0.03576608747243881	False	[0 0 0 0 0 0 0 1 0]	[1 0 0 1 0 0 1 0 0]	[1 0 0 0 0 0]	[1 0 0 0 0 0]
32	0.3087873160839081	4.853673458099365	2.0249338150024414	1.9253309965133667	0.8550705909729004	0.0483381450176239	False	[0 0 1 0 0 0 0 1 0]	[0 0 0 1 0 0 1 0 0]	[0 0 0 0 0 0]	[0 0 0 0 0 0]
32	0.30726417899131775	4.736114978790283	2.0408947467803955	1.9319392442703247	0.726286768913269	0.03699402138590813	False	[0 0 1 0 0 0 0 0 0]	[1 0 0 1 0 0 1 0 0]	[1 0 0 0 0 0]	[1 0 0 0 0 0]
32	0.24984392523765564	4.848029136657715	2.057784080505371	1.9616682529449463	0.7526655197143555	0.07591132819652557	False	[0 0 1 0 0 0 0 1 0]	[0 0 0 1 0 0 1 0 0]	[0 0 0 0 0 0]	[0 0 0 0 0 0]
32	0.2828662395477295	4.78761100769043	2.044562339782715	1.9460197687149048	0.7268548011779785	0.07017414271831512	False	[0 0 1 0 0 0 0 0 0]	[1 0 0 1 0 0 1 0 0]	[1 0 0 0 0 0]	[1 0 0 0 0 0]
32	0.2996724545955658	4.824757099151611	2.046877384185791	1.9534980058670044	0.7420909404754639	0.08229130506515503	False	[0 0 1 0 0 0 0 1 0]	[0 0 0 1 0 0 1 0 0]	[0 0 0 0 0 0]	[0 0 0 0 0 0]
32	0.32453688979148865	4.714322566986084	2.0545339584350586	1.941066861152649	0.676944375038147	0.041777536273002625	False	[0 0 1 0 0 0 0 0 0]	[1 0 0 1 0 0 1 0 0]	[1 0 0 0 0 0]	[1 0 0 0 0 0]
32	0.26954886317253113	4.840301990509033	2.0437774658203125	1.9474602937698364	0.7887579202651978	0.06030655279755592	False	[0 0 1 0 0 0 0 1 0]	[0 0 0 1 0 0 1 0 0]	[0 0 0 0 0 0]	[0 0 0 0 0 0]
32	0.32832080125808716	4.751599311828613	2.048708200454712	1.9487254619598389	0.6989853978157043	0.05517996475100517	False	[0 0 1 0 0 0 0 0 0]	[1 0 0 1 0 0 1 0 0]	[1 0 0 0 0 0]	[1 0 0 0 0 0]
32	0.05482806637883186	4.84185266494751	2.041370391845703	1.9457660913467407	0.7836278676986694	0.07108839601278305	False	[0 0 0 0 0 0 0 0 0]	[0 0 0 1 0 0 1 0 0]	[0 0 0 0 0 0]	[0 0 0 0 0 0]
32	0.3298199772834778	4.540096282958984	2.0271639823913574	1.9001412391662598	0.576697051525116	0.03609422221779823	False	[0 0 0 0 0 0 0 1 0]	[1 0 0 1 0 0 1 0 0]	[1 0 0 0 0 0]	[1 0 0 0 0 0]
32	0.3318153917789459	4.7967987060546875	2.0342259407043457	1.930678367614746	0.7840205430984497	0.047873884439468384	False	[0 0 1 0 0 0 0 1 0]	[0 0 0 1 0 0 1 0 0]	[0 0 0 0 0 0]	[0 0 0 0 0 0]
32	0.29210469126701355	4.841456890106201	2.0465779304504395	1.9612789154052734	0.7603695392608643	0.07323003560304642	False	[0 0 1 0 0 0 0 0 0]	[1 0 0 1 0 0 1 0 0]	[1 0 0 0 0 0]	[1 0 0 0 0 0]
32	0.2895488739013672	4.870382785797119	2.044757127761841	1.940018892288208	0.8327420353889465	0.05286466330289841	False	[0 0 1 0 0 0 0 1 0]	[0 0 0 1 0 0 1 0 0]	[0 0 0 0 0 0]	[0 0 0 0 0 0]
33	0.05023566633462906	4.333914756774902	2.132937431335449	2.00396990776062	0.19113042950630188	0.0058763111010193825	False	[0 0 0 0 0 0 0 1 0]	[1 0 0 0 0 0 0 0 0]	[1 0 0 0 0 0]	[1 0 0 0 0 0]
33	0.05242553725838661	4.709640026092529	2.1254849433898926	2.080233335494995	0.48817628622055054	0.0157455001026392	False	[0 0 0 0 0 0 0 0 0]	[1 0 0 0 0 0 1 0 0]	[0 0 0 0 0 0]	[0 0 0 0 0 0]
33	0.30301377177238464	4.407963275909424	2.1272377967834473	2.001356363296509	0.2731078863143921	0.006260664202272892	False	[0 0 0 0 0 0 0 1 0]	[0 0 0 0 0 0 1 0 0]	[1 0 0 0 0 0]	[1 0 0 0 0 0]
33	0.041144758462905884	4.900181770324707	2.1484310626983643	2.055896520614624	0.6772311925888062	0.018622703850269318	False	[0 0 0 0 0 0 0 0 0]	[0 0 0 0 0 0 0 0 0]	[0 0 0 0 0 0]	[0 0 0 0 0 0]
33	0.05140436440706253	4.320769309997559	2.1338951587677	2.006181478500366	0.17572054266929626	0.004971766844391823	False	[0 0 0 0 0 0 0 1 0]	[1 0 0 0 0 0 0 0 0]	[1 0 0 0 0 0]	[1 0 0 0 0 0]
33	0.05369481444358826	4.67022180557251	2.1311628818511963	2.0976319313049316	0.42343318462371826	0.01799367554485798	False	[0 0 0 0 0 0 0 0 0]	[1 0 0 0 0 0 1 0 0]	[0 0 0 0 0 0]	[0 0 0 0 0 0]
33	0.2503104507923126	4.377397537231445	2.113894462585449	1.9939191341400146	0.2639097571372986	0.005673868581652641	False	[0 0 0 0 0 0 0 1 0]	[0 0 0 0 0 0 1 0 0]	[1 0 0 0 0 0]	[1 0 0 0 0 0]
33	0.02844717726111412	4.858871936798096	2.1447834968566895	2.0466935634613037	0.6483432054519653	0.019051838666200638	False	[0 0 0 0 0 0 0 0 0]	[0 0 0 0 0 0 0 0 0]	[0 0 0 0 0 0]	[0 0 0 0 0 0]
33	0.04318135231733322	4.345123767852783	2.1325340270996094	2.006687641143799	0.20066143572330475	0.005240371450781822	False	[0 0 0 0 0 0 0 1 0]	[1 0 0 0 0 0 0 0 0]	[1 0 0 0 0 0]	[1 0 0 0 0 0]
33	0.04834659770131111	4.702563285827637	2.129530906677246	2.096179246902466	0.46254444122314453	0.014309121295809746	False	[0 0 0 0 0 0 0 0 0]	[1 0 0 0 0 0 1 0 0]	[0 0 0 0 0 0]	[0 0 0 0 0 0]
33	0.3039228618144989	4.436517238616943	2.116960048675537	2.0000405311584473	0.31267857551574707	0.006838351488113403	False	[0 0 0 0 0 0 0 1 0]	[0 0 0 0 0 0 1 0 0]	[1 0 0 0 0 0]	[1 0 0 0 0 0]
33	0.028665589168667793	4.8646111488342285	2.1601598262786865	2.0621414184570312	0.623685359954834	0.01862441748380661	False	[0 0 0 0 0 0 0 0 0]	[0 0 0 0 0 0 0 0 0]	[0 0 0 0 0 0]	[0 0 0 0 0 0]
33	0.07014083862304688	4.329601764678955	2.131951332092285	2.007622241973877	0.18512043356895447	0.004907571244984865	False	[0 0 0 0 0 0 0 1 0]	[1 0 0 0 0 0 0 0 0]	[1 0 0 0 0 0]	[1 0 0 0 0 0]
33	0.037213344126939774	4.591517925262451	2.127758264541626	2.102015972137451	0.3507233262062073	0.011020050384104252	False	[0 0 0 0 0 0 0 0 0]	[1 0 0 0 0 0 1 0 0]	[0 0 0 0 0 0]	[0 0 0 0 0 0]
33	0.3211956024169922	4.4501166343688965	2.115239143371582	1.9933969974517822	0.33349454402923584	0.007985872216522694	False	[0 0 0 0 0 0 0 1 0]	[0 0 0 0 0 0 1 0 0]	[1 0 0 0 0 0]	[1 0 0 0 0 0]
33	0.027207592502236366	4.8079609870910645	2.148653984069824	2.049555778503418	0.5948348045349121	0.014916464686393738	False	[0 0 0 0 0 0 0 0 0]	[0 0 0 0 0 0 0 0 0]	[0 0 0 0 0 0]	[0 0 0 0 0 0]
33	0.036599304527044296	4.34829044342041	2.133140802383423	2.0069072246551514	0.20366516709327698	0.0045770565047860146	False	[0 0 0 0 0 0 0 1 0]	[1 0 0 0 0 0 0 0 0]	[1 0 0 0 0 0]	[1 0 0 0 0 0]
33	0.04471023380756378	4.644044876098633	2.124418020248413	2.09982967376709	0.40785694122314453	0.0119401253759861	False	[0 0 0 0 0 0 0 0 0]	[1 0 0 0 0 0 1 0 0]	[0 0 0 0 0 0]	[0 0 0 0 0 0]
33	0.2766501307487488	4.3794474601745605	2.129063606262207	1.9983201026916504	0.2458420991897583	0.006221695803105831	False	[0 0 0 0 0 0 0 1 0]	[0 0 0 0 0 0 1 0 0]	[1 0 0 0 0 0]	[1 0 0 0 0 0]
33	0.036959487944841385	4.818120956420898	2.1482393741607666	2.0417933464050293	0.6021667718887329	0.0259214136749506	False	[0 0 0 0 0 0 0 0 0]	[0 0 0 0 0 0 0 0 0]	[0 0 0 0 0 0]	[0 0 0 0 0 0]
33	0.061191704124212265	4.354081153869629	2.1335301399230957	2.0098330974578857	0.2066514790058136	0.004066499415785074	False	[0 0 0 0 0 0 0 1 0]	[1 0 0 0 0 0 0 0 0]	[1 0 0 0 0 0]	[1 0 0 0 0 0]
33	0.03714245557785034	4.660096168518066	2.131777048110962	2.091585636138916	0.4193546772003174	0.017378676682710648	False	[0 0 0 0 0 0 0 0 0]	[1 0 0 0 0 0 1 0 0]	[0 0 0 0 0 0]	[0 0 0 0 0 0]
33	0.25159120559692383	4.379292964935303	2.117539167404175	1.9985582828521729	0.2577151656150818	0.00548021774739027	False	[0 0 0 0 0 0 0 1 0]	[0 0 0 0 0 0 1 0 0]	[1 0 0 0 0 0]	[1 0 0 0 0 0]
33	0.030265359207987785	4.834852695465088	2.1442930698394775	2.0474987030029297	0.623245894908905	0.019815370440483093	False	[0 0 0 0 0 0 0 0 0]	[0 0 0 0 0 0 0 0 0]	[0 0 0 0 0 0]	[0 0 0 0 0 0]
33	0.05649872496724129	4.3127760887146	2.130188226699829	1.9988867044448853	0.1789928674697876	0.004708233755081892	False	[0 0 0 0 0 0 0 1 0]	[1 0 0 0 0 0 0 0 0]	[1 0 0 0 0 0]	[1 0 0 0 0 0]
33	0.056310005486011505	4.629576683044434	2.1259195804595947	2.098099946975708	0.3944179117679596	0.011139263398945332	False	[0 0 0 0 0 0 0 0 0]	[1 0 0 0 0 0 1 0 0]	[0 0 0 0 0 0]	[0 0 0 0 0 0]
33	0.3340703845024109	4.400364398956299	2.1181154251098633	1.994295597076416	0.2815764248371124	0.006376591511070728	False	[0 0 0 0 0 0 0 1 0]	[0 0 0 0 0 0 1 0 0]	[1 0 0 0 0 0]	[1 0 0 0 0 0]
33	0.020082389935851097	4.827746391296387	2.1506261825561523	2.057539701461792	0.6005760431289673	0.019004229456186295	False	[0 0 0 0 0 0 0 0 0]	[0 0 0 0 0 0 0 0 0]	[0 0 0 0 0 0]	[0 0 0 0 0 0]
33	0.056026458740234375	4.3166728019714355	2.133164882659912	2.006957530975342	0.17220428586006165	0.004345729947090149	False	[0 0 0 0 0 0 0 1 0]	[1 0 0 0 0 0 0 0 0]	[1 0 0 0 0 0]	[1 0 0 0 0 0]
33	0.044273409992456436	4.632783889770508	2.1288983821868896	2.094120740890503	0.39339160919189453	0.016373388469219208	False	[0 0 0 0 0 0 0 0 0]	[1 0 0 0 0 0 1 0 0]	[0 0 0 0 0 0]	[0 0 0 0 0 0]
34	0.22787821292877197	4.379230976104736	2.086421489715576	2.0661468505859375	0.22055983543395996	0.006103033199906349	False	[0 0 0 0 0 0 0 1 0]	[0 0 0 0 0 0 1 0 0]	[1 0 0 0 0 0]	[1 0 0 0 0 0]
34	0.02062554471194744	4.561398029327393	2.0248780250549316	1.9752999544143677	0.5502744317054749	0.010945778340101242	False	[0 0 0 0 0 0 0 0 0]	[0 0 0 0 0 0 0 0 0]	[0 0 0 0 0 0]	[0 0 0 0 0 0]
34	0.3384683132171631	4.361151695251465	2.0890231132507324	2.0665128231048584	0.1997806876897812	0.0058356295339763165	False	[0 0 0 0 0 0 0 1 0]	[0 0 0 0 0 0 1 0 0]	[1 0 0 0 0 0]	[1 0 0 0 0 0]
34	0.03248492255806923	4.616308212280273	2.0051140785217285	1.9611001014709473	0.6352301836013794	0.014864168129861355	False	[0 0 0 0 0 0 0 0 0]	[0 0 0 0 0 0 0 0 0]	[0 0 0 0 0 0]	[0 0 0 0 0 0]
34	0.25999143719673157	4.381948947906494	2.092133045196533	2.076120615005493	0.2089606523513794	0.004734564106911421	False	[0 0 0 0 0 0 0 1 0]	[0 0 0 0 0 0 1 0 0]	[1 0 0 0 0 0]	[1 0 0 0 0 0]
34	0.020117834210395813	4.564663410186768	2.015336036682129	1.956263780593872	0.578292727470398	0.014771157875657082	False	[0 0 0 0 0 0 0 0 0]	[0 0 0 0 0 0 0 0 0]	[0 0 0 0 0 0]	[0 0 0 0 0 0]
34	0.2740234434604645	4.354977607727051	2.090398073196411	2.0588953495025635	0.19868990778923035	0.006994294002652168	False	[0 0 0 0 0 0 0 1 0]	[0 0 0 0 0 0 1 0 0]	[1 0 0 0 0 0]	[1 0 0 0 0 0]
34	0.02619217149913311	4.5398383140563965	2.021314859390259	1.961256980895996	0.5456065535545349	0.011659963056445122	False	[0 0 0 0 0 0 0 0 0]	[0 0 0 0 0 0 0 0 0]	[0 0 0 0 0 0]	[0 0 0 0 0 0]
34	0.27043402194976807	4.375624656677246	2.0903754234313965	2.070258855819702	0.20928031206130981	0.005710351746529341	False	[0 0 0 0 0 0 0 1 0]	[0 0 0 0 0 0 1 0 0]	[1 0 0 0 0 0]	[1 0 0 0 0 0]
34	0.026628995314240456	4.592576503753662	2.0132646560668945	1.9478079080581665	0.6140396595001221	0.017464065924286842	False	[0 0 0 0 0 0 0 0 0]	[0 0 0 0 0 0 0 0 0]	[0 0 0 0 0 0]	[0 0 0 0 0 0]
34	0.29195716977119446	4.341799736022949	2.0908102989196777	2.0552172660827637	0.19021931290626526	0.005552830174565315	False	[0 0 0 0 0 0 0 1 0]	[0 0 0 0 0 0 1 0 0]	[1 0 0 0 0 0]	[1 0 0 0 0 0]
34	0.031540386378765106	4.5626912117004395	2.01699161529541	1.9602612257003784	0.5743467807769775	0.011091575026512146	False	[0 0 0 0 0 0 0 0 0]	[0 0 0 0 0 0 0 0 0]	[0 0 0 0 0 0]	[0 0 0 0 0 0]
34	0.2848319411277771	4.372886657714844	2.090245246887207	2.067455291748047	0.209300234913826	0.0058858441188931465	False	[0 0 0 0 0 0 0 1 0]	[0 0 0 0 0 0 1 0 0]	[1 0 0 0 0 0]	[1 0 0 0 0 0]
34	0.030519213527441025	4.702422142028809	2.014348268508911	1.946561574935913	0.7202951908111572	0.021217569708824158	False	[0 0 0 0 0 0 0 0 0]	[0 0 0 0 0 0 0 0 0]	[0 0 0 0 0 0]	[0 0 0 0 0 0]
34	0.23468442261219025	4.376809120178223	2.087010383605957	2.059711456298828	0.22321614623069763	0.006871020421385765	False	[0 0 0 0 0 0 0 1 0]	[0 0 0 0 0 0 1 0 0]	[1 0 0 0 0 0]	[1 0 0 0 0 0]
34	0.02593831531703472	4.657626152038574	2.0215470790863037	1.9445884227752686	0.6715117692947388	0.019978893920779228	False	[0 0 0 0 0 0 0 0 0]	[0 0 0 0 0 0 0 0 0]	[0 0 0 0 0 0]	[0 0 0 0 0 0]
34	0.29195716977119446	4.37225341796875	2.089390754699707	2.0636274814605713	0.21204343438148499	0.007192160002887249	False	[0 0 0 0 0 0 0 1 0]	[0 0 0 0 0 0 1 0 0]	[1 0 0 0 0 0]	[1 0 0 0 0 0]
34	0.03492289409041405	4.559914588928223	2.0184333324432373	1.9453234672546387	0.5785135626792908	0.017644522711634636	False	[0 0 0 0 0 0 0 0 0]	[0 0 0 0 0 0 0 0 0]	[0 0 0 0 0 0]	[0 0 0 0 0 0]
34	0.2759891450405121	4.365325450897217	2.090958595275879	2.067929744720459	0.2008887380361557	0.0055482517927885056	False	[0 0 0 0 0 0 0 1 0]	[0 0 0 0 0 0 1 0 0]	[1 0 0 0 0 0]	[1 0 0 0 0 0]
34	0.03179999440908432	4.60451078414917	2.021369457244873	1.9483165740966797	0.6209343075752258	0.01389014907181263	False	[0 0 0 0 0 0 0 0 0]	[0 0 0 0 0 0 0 0 0]	[0 0 0 0 0 0]	[0 0 0 0 0 0]
34	0.2766501307487488	4.374137878417969	2.0899176597595215	2.06459903717041	0.21302835643291473	0.006592844147235155	False	[0 0 0 0 0 0 0 1 0]	[0 0 0 0 0 0 1 0 0]	[1 0 0 0 0 0]	[1 0 0 0 0 0]
34	0.025684460997581482	4.573819160461426	2.032780885696411	1.9639779329299927	0.5627453923225403	0.01431471947580576	False	[0 0 0 0 0 0 0 0 0]	[0 0 0 0 0 0 0 0 0]	[0 0 0 0 0 0]	[0 0 0 0 0 0]
34	0.2719571590423584	4.347124099731445	2.091313362121582	2.0591747760772705	0.18811745941638947	0.008518584072589874	False	[0 0 0 0 0 0 0 1 0]	[0 0 0 0 0 0 1 0 0]	[1 0 0 0 0 0]	[1 0 0 0 0 0]
34	0.03022991493344307	4.518900394439697	2.031019926071167	1.9572885036468506	0.5181768536567688	0.012414801865816116	False	[0 0 0 0 0 0 0 0 0]	[0 0 0 0 0 0 0 0 0]	[0 0 0 0 0 0]	[0 0 0 0 0 0]
34	0.3063550889492035	4.350188732147217	2.090977668762207	2.072481632232666	0.18193583190441132	0.004793408326804638	False	[0 0 0 0 0 0 0 1 0]	[0 0 0 0 0 0 1 0 0]	[1 0 0 0 0 0]	[1 0 0 0 0 0]
34	0.02684740722179413	4.667051792144775	2.0167312622070312	1.9512959718704224	0.6791104674339294	0.019914206117391586	False	[0 0 0 0 0 0 0 0 0]	[0 0 0 0 0 0 0 0 0]	[0 0 0 0 0 0]	[0 0 0 0 0 0]
34	0.2684922516345978	4.354696750640869	2.094597816467285	2.0675222873687744	0.18696871399879456	0.005607961677014828	False	[0 0 0 0 0 0 0 1 0]	[0 0 0 0 0 0 1 0 0]	[1 0 0 0 0 0]	[1 0 0 0 0 0]
34	0.03354153782129288	4.586111545562744	2.0145435333251953	1.9711921215057373	0.5865238308906555	0.013852243311703205	False	[0 0 0 0 0 0 0 0 0]	[0 0 0 0 0 0 0 0 0]	[0 0 0 0 0 0]	[0 0 0 0 0 0]
34	0.2950800657272339	4.363625526428223	2.0898478031158447	2.0649194717407227	0.20234960317611694	0.006508593447506428	False	[0 0 0 0 0 0 0 1 0]	[0 0 0 0 0 0 1 0 0]	[1 0 0 0 0 0]	[1 0 0 0 0 0]
34	0.03212473541498184	4.5867600440979	2.0277130603790283	1.9510246515274048	0.5947599411010742	0.013262290507555008	False	[0 0 0 0 0 0 0 0 0]	[0 0 0 0 0 0 0 0 0]	[0 0 0 0 0 0]	[0 0 0 0 0 0]
35	0.27043402194976807	4.265355110168457	2.1215834617614746	2.0997421741485596	0.020883357152342796	0.023145755752921104	False	[0 0 0 0 1 0 0 0 0]	[0 1 0 0 0 0 0 0 0]	[1 0 0 0 0 0]	[1 0 0 0 0 0]
35	0.26421791315078735	4.255403518676758	2.1475682258605957	1.9861432313919067	0.08302456140518188	0.038667455315589905	False	[0 0 0 0 1 0 1 0 0]	[1 1 0 0 0 0 0 0 0]	[0 0 0 0 0 0]	[0 0 0 0 0 0]
35	0.08094359934329987	4.314897537231445	2.097853660583496	2.0573678016662598	0.06950917840003967	0.09016681462526321	False	[0 0 0 0 1 0 0 0 0]	[1 1 0 0 0 0 1 0 0]	[1 0 0 0 0 0]	[1 0 0 0 0 0]
35	0.25699305534362793	4.25040340423584	2.132633924484253	2.0410256385803223	0.05818946659564972	0.01855452172458172	False	[0 0 1 0 1 0 0 0 0]	[1 0 0 0 0 0 1 0 0]	[0 0 0 0 0 0]	[0 0 0 0 0 0]
35	0.0704655796289444	4.2731475830078125	2.0864274501800537	1.9993093013763428	0.059091717004776	0.1283193677663803	False	[0 0 1 0 0 0 0 0 0]	[1 0 0 0 0 0 0 0 0]	[1 0 0 0 0 0]	[1 0 0 0 0 0]
35	0.2719571590423584	4.2352986335754395	2.087251901626587	1.9906748533248901	0.052688851952552795	0.10468295216560364	False	[0 0 1 0 1 0 0 0 0]	[1 0 0 0 0 0 1 0 0]	[0 0 0 0 0 0]	[0 0 0 0 0 0]
35	0.07403106242418289	4.269423007965088	2.086836338043213	1.9930682182312012	0.059040367603302	0.13047805428504944	False	[0 0 1 0 0 0 0 0 0]	[1 0 0 0 0 0 0 0 0]	[1 0 0 0 0 0]	[1 0 0 0 0 0]
35	0.2719571590423584	4.283258438110352	2.084865093231201	1.9885133504867554	0.06816039979457855	0.14171931147575378	False	[0 0 1 0 1 0 0 0 0]	[1 0 0 0 0 0 1 0 0]	[0 0 0 0 0 0]	[0 0 0 0 0 0]
35	0.06481656432151794	4.2545576095581055	2.08909273147583	1.998502492904663	0.05138428136706352	0.115578293800354	False	[0 0 1 0 0 0 0 0 0]	[1 0 0 0 0 0 0 0 0]	[1 0 0 0 0 0]	[1 0 0 0 0 0]
35	0.3271932899951935	4.224844455718994	2.085482120513916	1.9877219200134277	0.05788830667734146	0.09375210106372833	False	[0 0 1 0 1 0 0 0 0]	[1 0 0 0 0 0 1 0 0]	[0 0 0 0 0 0]	[0 0 0 0 0 0]
35	0.044781122356653214	4.265196800231934	2.0852468013763428	1.988455057144165	0.06424465775489807	0.12725040316581726	False	[0 0 1 0 0 0 0 0 0]	[1 0 0 0 0 0 0 0 0]	[1 0 0 0 0 0]	[1 0 0 0 0 0]
35	0.3465026021003723	4.253601551055908	2.0864808559417725	2.001685619354248	0.05842852592468262	0.10700634121894836	False	[0 0 1 0 1 0 0 0 0]	[1 0 0 0 0 0 1 0 0]	[0 0 0 0 0 0]	[0 0 0 0 0 0]
35	0.0698457881808281	4.305230140686035	2.0853586196899414	2.0010955333709717	0.061549123376607895	0.15722636878490448	False	[0 0 1 0 0 0 0 0 0]	[1 0 0 0 0 0 0 0 0]	[1 0 0 0 0 0]	[1 0 0 0 0 0]
35	0.27954888343811035	4.233518123626709	2.086364269256592	1.9883500337600708	0.056200869381427765	0.10260294377803802	False	[0 0 1 0 1 0 0 0 0]	[1 0 0 0 0 0 1 0 0]	[0 0 0 0 0 0]	[0 0 0 0 0 0]
35	0.06045982986688614	4.261499881744385	2.0846736431121826	1.9904417991638184	0.060391053557395935	0.12599386274814606	False	[0 0 1 0 0 0 0 0 0]	[1 0 0 0 0 0 0 0 0]	[1 0 0 0 0 0]	[1 0 0 0 0 0]
35	0.30726417899131775	4.26930570602417	2.0866010189056396	1.987596035003662	0.05803912878036499	0.1370697021484375	False	[0 0 1 0 1 0 0 0 0]	[1 0 0 0 0 0 1 0 0]	[0 0 0 0 0 0]	[0 0 0 0 0 0]
35	0.05998756363987923	4.233330249786377	2.0922014713287354	1.9894328117370605	0.046010538935661316	0.10568519681692123	False	[0 0 1 0 0 0 0 0 0]	[1 0 0 0 0 0 0 0 0]	[1 0 0 0 0 0]	[1 0 0 0 0 0]
35	0.2804579734802246	4.231945037841797	2.0886995792388916	1.9949246644973755	0.05127975717186928	0.0970412865281105	False	[0 0 1 0 1 0 0 0 0]	[1 0 0 0 0 0 1 0 0]	[0 0 0 0 0 0]	[0 0 0 0 0 0]
35	0.0478743314743042	4.253612995147705	2.087951183319092	1.9930241107940674	0.048970360308885574	0.1236671656370163	False	[0 0 1 0 0 0 0 0 0]	[1 0 0 0 0 0 0 0 0]	[1 0 0 0 0 0]	[1 0 0 0 0 0]
35	0.31719329953193665	4.2483906745910645	2.0858280658721924	1.9945318698883057	0.05991153046488762	0.1081189438700676	False	[0 0 1 0 1 0 0 0 0]	[1 0 0 0 0 0 1 0 0]	[0 0 0 0 0 0]	[0 0 0 0 0 0]
35	0.05468054115772247	4.250483512878418	2.085665702819824	1.9985271692276	0.059376128017902374	0.10691431164741516	False	[0 0 1 0 0 0 0 0 0]	[1 0 0 0 0 0 0 0 0]	[1 0 0 0 0 0]	[1 0 0 0 0 0]
35	0.3355695903301239	4.249692440032959	2.0870282649993896	1.9872636795043945	0.054365407675504684	0.12103468179702759	False	[0 0 1 0 1 0 0 0 0]	[1 0 0 0 0 0 1 0 0]	[0 0 0 0 0 0]	[0 0 0 0 0 0]
35	0.05689435452222824	4.233677864074707	2.0869126319885254	1.99013090133667	0.05981157720088959	0.09682279080152512	False	[0 0 1 0 0 0 0 0 0]	[1 0 0 0 0 0 0 0 0]	[1 0 0 0 0 0]	[1 0 0 0 0 0]
35	0.31348028779029846	4.285113334655762	2.085226058959961	1.9973441362380981	0.0616978257894516	0.14084525406360626	False	[0 0 1 0 1 0 0 0 0]	[1 0 0 0 0 0 1 0 0]	[0 0 0 0 0 0]	[0 0 0 0 0 0]
35	0.04893094673752785	4.256961822509766	2.089090585708618	1.9872972965240479	0.050691038370132446	0.12988267838954926	False	[0 0 1 0 0 0 0 0 0]	[1 0 0 0 0 0 0 0 0]	[1 0 0 0 0 0]	[1 0 0 0 0 0]
35	0.28620755672454834	4.258383750915527	2.0865907669067383	1.990393042564392	0.05590767413377762	0.12549205124378204	False	[0 0 1 0 1 0 0 0 0]	[1 0 0 0 0 0 1 0 0]	[0 0 0 0 0 0]	[0 0 0 0 0 0]
35	0.04168791323900223	4.2431864738464355	2.086843490600586	1.9905052185058594	0.05763194337487221	0.10820561647415161	False	[0 0 1 0 0 0 0 0 0]	[1 0 0 0 0 0 0 0 0]	[1 0 0 0 0 0]	[1 0 0 0 0 0]
35	0.29060548543930054	4.249009132385254	2.087247848510742	1.9907162189483643	0.05876985192298889	0.11227543652057648	False	[0 0 1 0 1 0 0 0 0]	[1 0 0 0 0 0 1 0 0]	[0 0 0 0 0 0]	[0 0 0 0 0 0]
35	0.037360869348049164	4.271434307098389	2.08758544921875	1.9932613372802734	0.05966227874159813	0.13092534244060516	False	[0 0 1 0 0 0 0 0 0]	[1 0 0 0 0 0 0 0 0]	[1 0 0 0 0 0]	[1 0 0 0 0 0]
35	0.32832080125808716	4.2286224365234375	2.087204933166504	1.9874811172485352	0.049959294497966766	0.10397696495056152	False	[0 0 1 0 1 0 0 0 0]	[1 0 0 0 0 0 1 0 0]	[0 0 0 0 0 0]	[0 0 0 0 0 0]
36	0.04740206524729729	4.221883773803711	2.1343271732330322	2.030895948410034	0.054217901080846786	0.0024428972974419594	False	[0 0 0 0 0 0 1 0 0]	[1 0 0 0 0 0 0 0 0]	[1 0 0 0 0 0]	[1 0 0 0 0 0]
36	0.06067824363708496	4.168482780456543	2.0749411582946777	2.0545623302459717	0.03247804939746857	0.0065014977008104324	False	[0 0 0 0 0 0 0 0 0]	[1 0 0 0 0 0 0 1 0]	[0 0 0 0 0 0]	[0 0 0 0 0 0]
36	0.38149064779281616	4.322720050811768	2.1525559425354004	2.029078722000122	0.13715916872024536	0.003925595432519913	False	[0 1 0 0 0 0 0 0 0]	[0 0 0 0 0 0 0 1 0]	[1 0 0 0 0 0]	[1 0 0 0 0 0]
36	0.052750278264284134	4.308093070983887	2.055267095565796	2.107455253601074	0.12864011526107788	0.016730304807424545	False	[0 1 0 0 0 0 1 0 0]	[0 0 0 0 0 0 0 0 0]	[0 0 0 0 0 0]	[0 0 0 0 0 0]
36	0.04736661911010742	4.5570807456970215	2.127232551574707	2.103569984436035	0.31795501708984375	0.008323406800627708	False	[0 0 0 0 0 0 1 0 0]	[1 0 0 0 0 0 0 0 0]	[1 0 0 0 0 0]	[1 0 0 0 0 0]
36	0.05711851641535759	4.166129112243652	2.0757174491882324	2.0420966148376465	0.04042996093630791	0.007885086350142956	False	[0 0 0 0 0 0 0 0 0]	[1 0 0 0 0 0 0 1 0]	[0 0 0 0 0 0]	[0 0 0 0 0 0]
36	0.2952984571456909	4.313263893127441	2.152662754058838	2.0336127281188965	0.12415720522403717	0.0028310981579124928	False	[0 1 0 0 0 0 0 0 0]	[0 0 0 0 0 0 0 1 0]	[1 0 0 0 0 0]	[1 0 0 0 0 0]
36	0.04609159380197525	4.283451080322266	2.0486319065093994	2.104043483734131	0.11657561361789703	0.014199499972164631	False	[0 1 0 0 0 0 1 0 0]	[0 0 0 0 0 0 0 0 0]	[0 0 0 0 0 0]	[0 0 0 0 0 0]
36	0.0483877919614315	4.585649013519287	2.1296825408935547	2.1072442531585693	0.34014058113098145	0.008581647649407387	False	[0 0 0 0 0 0 1 0 0]	[1 0 0 0 0 0 0 0 0]	[1 0 0 0 0 0]	[1 0 0 0 0 0]
36	0.04205384850502014	4.1761064529418945	2.0800135135650635	2.0464205741882324	0.04192376509308815	0.007748195435851812	False	[0 0 0 0 0 0 0 0 0]	[1 0 0 0 0 0 0 1 0]	[0 0 0 0 0 0]	[0 0 0 0 0 0]
36	0.33453691005706787	4.329786777496338	2.152728796005249	2.021007776260376	0.1525760293006897	0.003474246710538864	False	[0 1 0 0 0 0 0 0 0]	[0 0 0 0 0 0 0 1 0]	[1 0 0 0 0 0]	[1 0 0 0 0 0]
36	0.04882461577653885	4.311367034912109	2.0554256439208984	2.100104808807373	0.13855722546577454	0.017279252409934998	False	[0 1 0 0 0 0 1 0 0]	[0 0 0 0 0 0 0 0 0]	[0 0 0 0 0 0]	[0 0 0 0 0 0]
36	0.05806305259466171	4.53001070022583	2.12709379196167	2.1025736331939697	0.2918834984302521	0.008459709584712982	False	[0 0 0 0 0 0 1 0 0]	[1 0 0 0 0 0 0 0 0]	[1 0 0 0 0 0]	[1 0 0 0 0 0]
36	0.03899608179926872	4.173438549041748	2.0798442363739014	2.049913167953491	0.03695627301931381	0.006724935956299305	False	[0 0 0 0 0 0 0 0 0]	[1 0 0 0 0 0 0 1 0]	[0 0 0 0 0 0]	[0 0 0 0 0 0]
36	0.3149794638156891	4.329660892486572	2.153451681137085	2.0370399951934814	0.1359853744506836	0.0031838184222579002	False	[0 1 0 0 0 0 0 0 0]	[0 0 0 0 0 0 0 1 0]	[1 0 0 0 0 0]	[1 0 0 0 0 0]
36	0.05537122115492821	4.304065227508545	2.054811716079712	2.104356050491333	0.13019448518753052	0.014702869579195976	False	[0 1 0 0 0 0 1 0 0]	[0 0 0 0 0 0 0 0 0]	[0 0 0 0 0 0]	[0 0 0 0 0 0]
36	0.052242569625377655	4.594694137573242	2.1300692558288574	2.1055080890655518	0.3503055274486542	0.008810793049633503	False	[0 0 0 0 0 0 1 0 0]	[1 0 0 0 0 0 0 0 0]	[1 0 0 0 0 0]	[1 0 0 0 0 0]
36	0.04914936050772667	4.176143169403076	2.0788707733154297	2.0443644523620605	0.045152515172958374	0.007755095139145851	False	[0 0 0 0 0 0 0 0 0]	[1 0 0 0 0 0 0 1 0]	[0 0 0 0 0 0]	[0 0 0 0 0 0]
36	0.26711663603782654	4.37037467956543	2.1524946689605713	2.033189535140991	0.18088336288928986	0.003807258326560259	False	[0 1 0 0 0 0 0 0 0]	[0 0 0 0 0 0 0 1 0]	[1 0 0 0 0 0]	[1 0 0 0 0 0]
36	0.05453301966190338	4.314673900604248	2.0545849800109863	2.105109691619873	0.13981744647026062	0.015162119641900063	False	[0 1 0 0 0 0 1 0 0]	[0 0 0 0 0 0 0 0 0]	[0 0 0 0 0 0]	[0 0 0 0 0 0]
36	0.04616823047399521	4.547042369842529	2.128044366836548	2.108778238296509	0.30146658420562744	0.008753173053264618	False	[0 0 0 0 0 0 1 0 0]	[1 0 0 0 0 0 0 0 0]	[1 0 0 0 0 0]	[1 0 0 0 0 0]
36	0.062024157494306564	4.166497707366943	2.079216241836548	2.042994260787964	0.03617245703935623	0.008114637807011604	False	[0 0 0 0 0 0 0 0 0]	[1 0 0 0 0 0 0 1 0]	[0 0 0 0 0 0]	[0 0 0 0 0 0]
36	0.3241000771522522	4.290090084075928	2.1526966094970703	2.018303394317627	0.11557511985301971	0.003514699637889862	False	[0 1 0 0 0 0 0 0 0]	[0 0 0 0 0 0 0 1 0]	[1 0 0 0 0 0]	[1 0 0 0 0 0]
36	0.0591493584215641	4.299081325531006	2.0517141819000244	2.1055188179016113	0.12328885495662689	0.018559692427515984	False	[0 1 0 0 0 0 1 0 0]	[0 0 0 0 0 0 0 0 0]	[0 0 0 0 0 0]	[0 0 0 0 0 0]
36	0.046310003846883774	4.595668792724609	2.1298277378082275	2.109578847885132	0.34683042764663696	0.009431740269064903	False	[0 0 0 0 0 0 1 0 0]	[1 0 0 0 0 0 0 0 0]	[1 0 0 0 0 0]	[1 0 0 0 0 0]
36	0.050890903919935226	4.171684741973877	2.0739948749542236	2.0502848625183105	0.03971720486879349	0.007687762379646301	False	[0 0 0 0 0 0 0 0 0]	[1 0 0 0 0 0 0 1 0]	[0 0 0 0 0 0]	[0 0 0 0 0 0]
36	0.3336278200149536	4.334200382232666	2.154466152191162	2.024296760559082	0.15161430835723877	0.003823166713118553	False	[0 1 0 0 0 0 0 0 0]	[0 0 0 0 0 0 0 1 0]	[1 0 0 0 0 0]	[1 0 0 0 0 0]
36	0.04700643569231033	4.290873050689697	2.0508317947387695	2.1009836196899414	0.11928251385688782	0.019774973392486572	False	[0 1 0 0 0 0 1 0 0]	[0 0 0 0 0 0 0 0 0]	[0 0 0 0 0 0]	[0 0 0 0 0 0]
36	0.04463934898376465	4.59074592590332	2.128793716430664	2.111368179321289	0.3415045738220215	0.009079674258828163	False	[0 0 0 0 0 0 1 0 0]	[1 0 0 0 0 0 0 0 0]	[1 0 0 0 0 0]	[1 0 0 0 0 0]
36	0.04067249223589897	4.17161750793457	2.0766963958740234	2.045583724975586	0.04116884991526604	0.008168789558112621	False	[0 0 0 0 0 0 0 0 0]	[1 0 0 0 0 0 0 1 0]	[0 0 0 0 0 0]	[0 0 0 0 0 0]
37	0.047437507659196854	4.1899943351745605	2.0994222164154053	2.0724093914031982	0.006471026688814163	0.011691423133015633	False	[0 0 0 1 0 0 0 0 0]	[1 0 0 0 0 0 0 0 0]	[1 0 0 0 0 0]	[1 0 0 0 0 0]
37	0.027791941538453102	4.20788049697876	2.1067326068878174	2.0799431800842285	0.01042147260159254	0.01078335102647543	False	[0 0 0 0 0 0 0 0 0]	[0 0 0 0 0 0 0 0 0]	[0 0 0 0 0 0]	[0 0 0 0 0 0]
37	0.05260850489139557	4.182490825653076	2.0962095260620117	2.065490484237671	0.005723772570490837	0.01506674475967884	False	[0 0 0 1 0 0 0 0 0]	[1 0 0 0 0 0 0 0 0]	[1 0 0 0 0 0]	[1 0 0 0 0 0]
37	0.02924993820488453	4.200492858886719	2.106478452682495	2.0732614994049072	0.010591208934783936	0.010161761194467545	False	[0 0 0 0 0 0 0 0 0]	[0 0 0 0 0 0 0 0 0]	[0 0 0 0 0 0]	[0 0 0 0 0 0]
37	0.05202415585517883	4.193408966064453	2.0994033813476562	2.0748255252838135	0.0059128329157829285	0.013267410919070244	False	[0 0 0 1 0 0 0 0 0]	[1 0 0 0 0 0 0 0 0]	[1 0 0 0 0 0]	[1 0 0 0 0 0]
37	0.03659355267882347	4.208402156829834	2.105558395385742	2.080733299255371	0.011018624529242516	0.01109158806502819	False	[0 0 0 0 0 0 0 0 0]	[0 0 0 0 0 0 0 0 0]	[0 0 0 0 0 0]	[0 0 0 0 0 0]
37	0.037685610353946686	4.196654319763184	2.1021735668182373	2.0753777027130127	0.006869254168123007	0.012233877554535866	False	[0 0 0 1 0 0 0 0 0]	[1 0 0 0 0 0 0 0 0]	[1 0 0 0 0 0]	[1 0 0 0 0 0]
37	0.027538085356354713	4.1973395347595215	2.102978229522705	2.076401710510254	0.008275255560874939	0.009684613905847073	False	[0 0 0 0 0 0 0 0 0]	[0 0 0 0 0 0 0 0 0]	[0 0 0 0 0 0]	[0 0 0 0 0 0]
37	0.043653618544340134	4.188027858734131	2.097899913787842	2.0717029571533203	0.005793090909719467	0.01263202540576458	False	[0 0 0 1 0 0 0 0 0]	[1 0 0 0 0 0 0 0 0]	[1 0 0 0 0 0]	[1 0 0 0 0 0]
37	0.02215442806482315	4.210104465484619	2.109015703201294	2.0786097049713135	0.0117484824731946	0.010730978101491928	False	[0 0 0 0 0 0 0 0 0]	[0 0 0 0 0 0 0 0 0]	[0 0 0 0 0 0]	[0 0 0 0 0 0]
37	0.040595851838588715	4.195170879364014	2.100454568862915	2.073521375656128	0.00743147823959589	0.013763357885181904	False	[0 0 0 1 0 0 0 0 0]	[1 0 0 0 0 0 0 0 0]	[1 0 0 0 0 0]	[1 0 0 0 0 0]
37	0.03466903790831566	4.206112861633301	2.1099655628204346	2.074007987976074	0.01180280838161707	0.010336644947528839	False	[0 0 0 0 0 0 0 0 0]	[0 0 0 0 0 0 0 0 0]	[0 0 0 0 0 0]	[0 0 0 0 0 0]
37	0.04736661911010742	4.198340892791748	2.1017658710479736	2.0785036087036133	0.006492048501968384	0.011579594574868679	False	[0 0 0 1 0 0 0 0 0]	[1 0 0 0 0 0 0 0 0]	[1 0 0 0 0 0]	[1 0 0 0 0 0]
37	0.022189870476722717	4.20632266998291	2.1046125888824463	2.080949068069458	0.009805610403418541	0.01095554418861866	False	[0 0 0 0 0 0 0 0 0]	[0 0 0 0 0 0 0 0 0]	[0 0 0 0 0 0]	[0 0 0 0 0 0]
37	0.03554268553853035	4.188858985900879	2.098850965499878	2.0708658695220947	0.006169086322188377	0.012972960248589516	False	[0 0 0 1 0 0 0 0 0]	[1 0 0 0 0 0 0 0 0]	[1 0 0 0 0 0]	[1 0 0 0 0 0]
37	0.019061217084527016	4.20855712890625	2.1080920696258545	2.0822181701660156	0.009939293377101421	0.0083073815330863	False	[0 0 0 0 0 0 0 0 0]	[0 0 0 0 0 0 0 0 0]	[0 0 0 0 0 0]	[0 0 0 0 0 0]
37	0.050524964928627014	4.188982963562012	2.097947359085083	2.0710926055908203	0.006243593525141478	0.013699525967240334	False	[0 0 0 1 0 0 0 0 0]	[1 0 0 0 0 0 0 0 0]	[1 0 0 0 0 0]	[1 0 0 0 0 0]
37	0.026953736320137978	4.210695743560791	2.1080260276794434	2.080015182495117	0.010911669582128525	0.011742888018488884	False	[0 0 0 0 0 0 0 0 0]	[0 0 0 0 0 0 0 0 0]	[0 0 0 0 0 0]	[0 0 0 0 0 0]
37	0.051947519183158875	4.1935882568359375	2.0995211601257324	2.0759971141815186	0.005693117156624794	0.012377033941447735	False	[0 0 0 1 0 0 0 0 0]	[1 0 0 0 0 0 0 0 0]	[1 0 0 0 0 0]	[1 0 0 0 0 0]
37	0.03423221409320831	4.196831226348877	2.1035900115966797	2.0740537643432617	0.009143783710896969	0.010043809190392494	False	[0 0 0 0 0 0 0 0 0]	[0 0 0 0 0 0 0 0 0]	[0 0 0 0 0 0]	[0 0 0 0 0 0]
37	0.04569021239876747	4.1931867599487305	2.100942373275757	2.0732250213623047	0.006847708486020565	0.01217113621532917	False	[0 0 0 1 0 0 0 0 0]	[1 0 0 0 0 0 0 0 0]	[1 0 0 0 0 0]	[1 0 0 0 0 0]
37	0.026009202003479004	4.202104568481445	2.1057093143463135	2.0754458904266357	0.010582529939711094	0.0103667713701725	False	[0 0 0 0 0 0 0 0 0]	[0 0 0 0 0 0 0 0 0]	[0 0 0 0 0 0]	[0 0 0 0 0 0]
37	0.033429455012083054	4.196293354034424	2.0988569259643555	2.080902099609375	0.005126388743519783	0.011407766491174698	False	[0 0 0 1 0 0 0 0 0]	[1 0 0 0 0 0 0 0 0]	[1 0 0 0 0 0]	[1 0 0 0 0 0]
37	0.02972220443189144	4.21257209777832	2.1049203872680664	2.087545871734619	0.009485619142651558	0.010620100423693657	False	[0 0 0 0 0 0 0 0 0]	[0 0 0 0 0 0 0 0 0]	[0 0 0 0 0 0]	[0 0 0 0 0 0]
37	0.05187663063406944	4.184414863586426	2.0955982208251953	2.0678534507751465	0.006092413328588009	0.014870662242174149	False	[0 0 0 1 0 0 0 0 0]	[1 0 0 0 0 0 0 0 0]	[1 0 0 0 0 0]	[1 0 0 0 0 0]
37	0.01586167700588703	4.200625896453857	2.1063103675842285	2.0738637447357178	0.010435909032821655	0.010015888139605522	False	[0 0 0 0 0 0 0 0 0]	[0 0 0 0 0 0 0 0 0]	[0 0 0 0 0 0]	[0 0 0 0 0 0]
37	0.05522369593381882	4.19442081451416	2.1002252101898193	2.075352668762207	0.006632511503994465	0.012210588902235031	False	[0 0 0 1 0 0 0 0 0]	[1 0 0 0 0 0 0 0 0]	[1 0 0 0 0 0]	[1 0 0 0 0 0]
37	0.021499192342162132	4.201568603515625	2.104595422744751	2.0766196250915527	0.009253812953829765	0.01109921745955944	False	[0 0 0 0 0 0 0 0 0]	[0 0 0 0 0 0 0 0 0]	[0 0 0 0 0 0]	[0 0 0 0 0 0]
37	0.04852956533432007	4.205071926116943	2.101973533630371	2.0793051719665527	0.00763479620218277	0.016158558428287506	False	[0 0 0 0 0 0 1 0 0]	[1 0 0 0 0 0 0 0 0]	[1 0 0 0 0 0]	[1 0 0 0 0 0]
37	0.03641633316874504	4.244036674499512	2.0393333435058594	2.1611034870147705	0.015507487580180168	0.028092527762055397	False	[0 0 0 0 0 0 0 0 0]	[0 0 0 0 0 0 0 0 0]	[0 0 0 0 0 0]	[0 0 0 0 0 0]
38	0.04740206524729729	4.175377368927002	2.0554792881011963	2.029863119125366	0.07888144999742508	0.011153923347592354	False	[0 0 0 0 0 0 1 0 0]	[1 0 0 0 0 0 0 0 0]	[1 0 0 0 0 0]	[1 0 0 0 0 0]
38	0.058428987860679626	3.990468978881836	1.7967028617858887	2.1197853088378906	0.04273127019405365	0.03124954365193844	False	[0 0 0 0 0 0 0 0 0]	[1 0 0 0 0 0 0 1 0]	[0 0 0 0 0 0]	[0 0 0 0 0 0]
38	0.33893483877182007	4.227086067199707	2.084275007247925	2.001169443130493	0.12782612442970276	0.013815406709909439	False	[0 0 0 0 0 1 0 0 0]	[0 0 0 0 0 0 0 1 0]	[1 0 0 0 0 0]	[1 0 0 0 0 0]
38	0.32500341534614563	4.289780139923096	2.074981689453125	2.0099124908447266	0.18200916051864624	0.022876910865306854	False	[0 0 0 0 0 1 1 0 0]	[1 0 0 0 0 0 0 1 0]	[0 0 0 0 0 0]	[0 0 0 0 0 0]
38	0.35846832394599915	4.137016773223877	1.8876959085464478	2.1169607639312744	0.09148750454187393	0.040872491896152496	False	[0 0 0 0 0 1 0 0 0]	[0 0 0 0 0 0 0 1 0]	[1 0 0 0 0 0]	[1 0 0 0 0 0]
38	0.3039228618144989	4.323760032653809	2.0724849700927734	2.012626886367798	0.2189641296863556	0.01968410238623619	False	[0 0 0 0 0 1 1 0 0]	[1 0 0 0 0 0 0 1 0]	[0 0 0 0 0 0]	[0 0 0 0 0 0]
38	0.2531852424144745	4.11560583114624	1.8969478607177734	2.1213371753692627	0.06910432875156403	0.02821701020002365	False	[0 0 0 0 0 1 0 0 0]	[0 0 0 0 0 0 0 1 0]	[1 0 0 0 0 0]	[1 0 0 0 0 0]
38	0.04216017946600914	4.26159143447876	2.071449041366577	2.004007577896118	0.16830545663833618	0.017829354852437973	False	[0 0 0 0 0 0 0 0 0]	[1 0 0 0 0 0 0 1 0]	[0 0 0 0 0 0]	[0 0 0 0 0 0]
38	0.2919811010360718	4.2668890953063965	2.080223798751831	2.0091915130615234	0.16377338767051697	0.013700151816010475	False	[0 0 0 0 0 1 0 0 0]	[0 0 0 0 0 0 0 1 0]	[1 0 0 0 0 0]	[1 0 0 0 0 0]
38	0.06264395266771317	4.267031192779541	2.0675172805786133	2.0040361881256104	0.17657127976417542	0.018906736746430397	False	[0 0 0 0 0 0 0 0 0]	[1 0 0 0 0 0 0 1 0]	[0 0 0 0 0 0]	[0 0 0 0 0 0]
38	0.3396015763282776	4.2803730964660645	2.0733582973480225	2.0116729736328125	0.17944583296775818	0.01589563861489296	False	[0 0 0 0 0 1 0 0 0]	[0 0 0 0 0 0 0 1 0]	[1 0 0 0 0 0]	[1 0 0 0 0 0]
38	0.037508394569158554	4.313719272613525	2.0794434547424316	2.0145390033721924	0.1988452970981598	0.02089119702577591	False	[0 0 0 0 0 0 0 0 0]	[1 0 0 0 0 0 0 1 0]	[0 0 0 0 0 0]	[0 0 0 0 0 0]
38	0.3766501247882843	4.29632568359375	2.0743134021759033	2.0146450996398926	0.196186363697052	0.011180195026099682	False	[0 0 0 0 0 0 1 0 0]	[0 0 0 0 0 0 0 1 0]	[1 0 0 0 0 0]	[1 0 0 0 0 0]
38	0.027685610577464104	4.04348087310791	1.8302531242370605	2.100043296813965	0.0660000741481781	0.047184549272060394	False	[0 0 0 0 0 0 0 0 0]	[0 0 0 0 0 0 0 0 0]	[0 0 0 0 0 0]	[0 0 0 0 0 0]
38	0.04962162673473358	4.129509449005127	2.0473532676696777	2.0101470947265625	0.05841923877596855	0.01359006017446518	False	[0 0 0 0 0 0 1 0 0]	[1 0 0 0 0 0 0 0 0]	[1 0 0 0 0 0]	[1 0 0 0 0 0]
38	0.04747295007109642	3.9936885833740234	1.7974166870117188	2.1154983043670654	0.044199101626873016	0.03657449409365654	False	[0 0 0 0 0 0 0 0 0]	[1 0 0 0 0 0 0 1 0]	[0 0 0 0 0 0]	[0 0 0 0 0 0]
38	0.32878729701042175	4.282817363739014	2.083904981613159	2.014195680618286	0.17026197910308838	0.014454741030931473	False	[0 0 0 0 0 1 0 0 0]	[0 0 0 0 0 0 0 1 0]	[1 0 0 0 0 0]	[1 0 0 0 0 0]
38	0.05995212122797966	4.25543212890625	2.075932741165161	2.0053493976593018	0.15560267865657806	0.01854771375656128	False	[0 0 0 0 0 0 0 0 0]	[1 0 0 0 0 0 0 1 0]	[0 0 0 0 0 0]	[0 0 0 0 0 0]
38	0.2608765959739685	4.228152275085449	2.0795180797576904	2.0015974044799805	0.13404366374015808	0.012992794625461102	False	[0 0 0 0 0 1 0 0 0]	[0 0 0 0 0 0 0 1 0]	[1 0 0 0 0 0]	[1 0 0 0 0 0]
38	0.06216593086719513	4.2704362869262695	2.067152261734009	2.002866506576538	0.17936760187149048	0.021049946546554565	False	[0 0 0 0 0 0 0 0 0]	[1 0 0 0 0 0 0 1 0]	[0 0 0 0 0 0]	[0 0 0 0 0 0]
38	0.32832080125808716	4.29031229019165	2.0730535984039307	2.013145685195923	0.18897956609725952	0.015133341774344444	False	[0 0 0 0 0 0 1 0 0]	[0 0 0 0 0 0 0 1 0]	[1 0 0 0 0 0]	[1 0 0 0 0 0]
38	0.030194472521543503	4.073295593261719	1.8137166500091553	2.087157964706421	0.08135206997394562	0.09106917679309845	False	[0 0 0 0 0 0 0 0 0]	[0 0 0 0 0 0 0 0 0]	[0 0 0 0 0 0]	[0 0 0 0 0 0]
38	0.060465581715106964	4.154825210571289	2.055554151535034	2.0239980220794678	0.06621648371219635	0.009056748822331429	False	[0 0 0 0 0 0 1 0 0]	[1 0 0 0 0 0 0 0 0]	[1 0 0 0 0 0]	[1 0 0 0 0 0]
38	0.05438549444079399	3.97983980178833	1.7814371585845947	2.1091134548187256	0.04775337129831314	0.041535910218954086	False	[0 0 0 0 0 0 0 0 0]	[1 0 0 0 0 0 0 1 0]	[0 0 0 0 0 0]	[0 0 0 0 0 0]
38	0.3168216049671173	4.292546272277832	2.0724456310272217	2.0122194290161133	0.19135808944702148	0.016522856429219246	False	[0 0 0 0 0 1 0 0 0]	[0 0 0 0 0 0 0 1 0]	[1 0 0 0 0 0]	[1 0 0 0 0 0]
38	0.06013508886098862	4.341216087341309	2.0717124938964844	2.019374132156372	0.233108252286911	0.0170217826962471	False	[0 0 0 0 0 0 0 0 0]	[1 0 0 0 0 0 0 1 0]	[0 0 0 0 0 0]	[0 0 0 0 0 0]
38	0.34362781047821045	4.281404495239258	2.0753495693206787	2.0122580528259277	0.1785195767879486	0.015277151018381119	False	[0 0 0 0 0 1 0 0 0]	[0 0 0 0 0 0 0 1 0]	[1 0 0 0 0 0]	[1 0 0 0 0 0]
38	0.3176358640193939	4.286137580871582	2.0788190364837646	2.0126917362213135	0.17812244594097137	0.01650424674153328	False	[0 0 0 0 0 1 1 0 0]	[1 0 0 0 0 0 0 1 0]	[0 0 0 0 0 0]	[0 0 0 0 0 0]
38	0.35375139117240906	4.120421886444092	1.8760820627212524	2.117262840270996	0.08609698712825775	0.040980398654937744	False	[0 0 0 0 0 1 0 0 0]	[0 0 0 0 0 0 0 1 0]	[1 0 0 0 0 0]	[1 0 0 0 0 0]
38	0.04536547139286995	4.2507195472717285	2.072611093521118	2.0024261474609375	0.15948723256587982	0.0161952655762434	False	[0 0 0 0 0 0 0 0 0]	[1 0 0 0 0 0 0 1 0]	[0 0 0 0 0 0]	[0 0 0 0 0 0]
39	0.05053071677684784	4.213320732116699	2.1252622604370117	2.0535073280334473	0.018858149647712708	0.015693146735429764	False	[0 0 0 0 0 0 0 0 1]	[1 0 0 0 0 0 0 0 0]	[1 0 0 0 0 0]	[1 0 0 0 0 0]
39	0.0696331262588501	4.383034706115723	2.0977392196655273	2.107279062271118	0.156964510679245	0.021052392199635506	False	[0 1 0 0 0 0 0 0 1]	[1 0 0 0 0 0 0 1 0]	[0 0 0 0 0 0]	[0 0 0 0 0 0]
39	0.049615874886512756	4.116725921630859	1.8498286008834839	1.9729509353637695	0.23467785120010376	0.05926836282014847	False	[0 0 0 0 0 0 0 0 1]	[1 0 0 0 0 0 0 0 0]	[1 0 0 0 0 0]	[1 0 0 0 0 0]
39	0.06413739174604416	4.376058101654053	2.101362466812134	2.107856035232544	0.14357055723667145	0.023269377648830414	False	[0 1 0 0 0 0 0 0 1]	[1 0 0 0 0 0 0 1 0]	[0 0 0 0 0 0]	[0 0 0 0 0 0]
39	0.05598526448011398	4.059964179992676	1.8379006385803223	1.978236436843872	0.18819984793663025	0.05562731623649597	False	[0 0 0 0 0 0 0 0 1]	[1 0 0 0 0 0 0 0 0]	[1 0 0 0 0 0]	[1 0 0 0 0 0]
39	0.06926719099283218	4.383988380432129	2.095754861831665	2.108281373977661	0.1569194197654724	0.023032531142234802	False	[0 1 0 0 0 0 0 0 1]	[1 0 0 0 0 0 0 1 0]	[0 0 0 0 0 0]	[0 0 0 0 0 0]
39	0.06625062227249146	4.1023125648498535	1.8429720401763916	1.9756207466125488	0.23134969174861908	0.0523698590695858	False	[0 0 0 0 0 0 0 0 1]	[1 0 0 0 0 0 0 0 0]	[1 0 0 0 0 0]	[1 0 0 0 0 0]
39	0.07319860905408859	4.3909101486206055	2.098562717437744	2.1095261573791504	0.16017858684062958	0.02264251746237278	False	[0 1 0 0 0 0 0 0 1]	[1 0 0 0 0 0 0 1 0]	[0 0 0 0 0 0]	[0 0 0 0 0 0]
39	0.06595557183027267	4.132722854614258	1.861250638961792	1.9755003452301025	0.22317630052566528	0.0727953091263771	False	[0 0 0 0 0 0 0 0 1]	[1 0 0 0 0 0 0 0 0]	[1 0 0 0 0 0]	[1 0 0 0 0 0]
39	0.07970401644706726	4.357234954833984	2.1022756099700928	2.1084630489349365	0.1215072050690651	0.024989163503050804	False	[0 1 0 0 0 0 0 0 1]	[1 0 0 0 0 0 0 1 0]	[0 0 0 0 0 0]	[0 0 0 0 0 0]
39	0.049332328140735626	4.107785224914551	1.8513623476028442	1.975239872932434	0.21417781710624695	0.06700503826141357	False	[0 0 0 0 0 0 0 0 1]	[1 0 0 0 0 0 0 0 0]	[1 0 0 0 0 0]	[1 0 0 0 0 0]
39	0.07312196493148804	4.36810302734375	2.102562427520752	2.1077098846435547	0.1346704661846161	0.023160330951213837	False	[0 1 0 0 0 0 0 0 1]	[1 0 0 0 0 0 0 1 0]	[0 0 0 0 0 0]	[0 0 0 0 0 0]
39	0.06097329407930374	4.080655097961426	1.8514450788497925	1.9743611812591553	0.1973734200000763	0.0574754998087883	False	[0 0 0 0 0 0 0 0 1]	[1 0 0 0 0 0 0 0 0]	[1 0 0 0 0 0]	[1 0 0 0 0 0]
39	0.04947410151362419	4.385865211486816	2.0977654457092285	2.107766628265381	0.15896891057491302	0.021364249289035797	False	[0 1 0 0 0 0 0 0 1]	[1 0 0 0 0 0 0 1 0]	[0 0 0 0 0 0]	[0 0 0 0 0 0]
39	0.06453876942396164	4.076955795288086	1.8454711437225342	1.9848219156265259	0.18907290697097778	0.057589754462242126	False	[0 0 0 0 0 0 0 0 1]	[1 0 0 0 0 0 0 0 0]	[1 0 0 0 0 0]	[1 0 0 0 0 0]
39	0.07491046190261841	4.394711971282959	2.103273868560791	2.1053850650787354	0.16056135296821594	0.025491468608379364	False	[0 1 0 0 0 0 0 0 1]	[1 0 0 0 0 0 0 1 0]	[0 0 0 0 0 0]	[0 0 0 0 0 0]
39	0.050713684409856796	4.118406772613525	1.8491051197052002	1.9638739824295044	0.24608373641967773	0.05934392660856247	False	[0 0 0 0 0 0 0 0 1]	[1 0 0 0 0 0 0 0 0]	[1 0 0 0 0 0]	[1 0 0 0 0 0]
39	0.05525914207100868	4.359961986541748	2.098297357559204	2.1091325283050537	0.13006678223609924	0.022465461865067482	False	[0 1 0 0 0 0 0 0 1]	[1 0 0 0 0 0 0 1 0]	[0 0 0 0 0 0]	[0 0 0 0 0 0]
39	0.05846443027257919	4.222485065460205	1.866123080253601	1.9582111835479736	0.3241863250732422	0.07396438717842102	False	[0 0 0 0 0 0 0 0 1]	[1 0 0 0 0 0 0 0 0]	[1 0 0 0 0 0]	[1 0 0 0 0 0]
39	0.06723059713840485	4.344784259796143	2.1012275218963623	2.108721971511841	0.11136434972286224	0.02347050979733467	False	[0 1 0 0 0 0 0 0 1]	[1 0 0 0 0 0 0 1 0]	[0 0 0 0 0 0]	[0 0 0 0 0 0]
39	0.05406074970960617	4.089237689971924	1.8490936756134033	1.9741028547286987	0.19597406685352325	0.07006747275590897	False	[0 0 0 0 0 0 0 0 1]	[1 0 0 0 0 0 0 0 0]	[1 0 0 0 0 0]	[1 0 0 0 0 0]
39	0.0843261107802391	4.367476463317871	2.0996246337890625	2.10886287689209	0.13891908526420593	0.020070213824510574	False	[0 1 0 0 0 0 0 0 1]	[1 0 0 0 0 0 0 1 0]	[0 0 0 0 0 0]	[0 0 0 0 0 0]
39	0.06777950376272202	4.067873001098633	1.8450708389282227	1.985614538192749	0.18377336859703064	0.05341431125998497	False	[0 0 0 0 0 0 0 0 1]	[1 0 0 0 0 0 0 0 0]	[1 0 0 0 0 0]	[1 0 0 0 0 0]
39	0.06868859380483627	4.372697830200195	2.1043620109558105	2.108403444290161	0.13684016466140747	0.0230918750166893	False	[0 1 0 0 0 0 0 0 1]	[1 0 0 0 0 0 0 1 0]	[0 0 0 0 0 0]	[0 0 0 0 0 0]
39	0.04426765814423561	4.040030002593994	1.830191969871521	1.9839600324630737	0.18292970955371857	0.042948171496391296	False	[0 0 0 0 0 0 0 0 1]	[1 0 0 0 0 0 0 0 0]	[1 0 0 0 0 0]	[1 0 0 0 0 0]
39	0.08425522595643997	4.344189167022705	2.1019740104675293	2.1102216243743896	0.10968546569347382	0.022308476269245148	False	[0 1 0 0 0 0 0 0 1]	[1 0 0 0 0 0 0 1 0]	[0 0 0 0 0 0]	[0 0 0 0 0 0]
39	0.0429629385471344	4.059952735900879	1.8364025354385376	1.9779202938079834	0.19374826550483704	0.05188123136758804	False	[0 0 0 0 0 0 0 0 1]	[1 0 0 0 0 0 0 0 0]	[1 0 0 0 0 0]	[1 0 0 0 0 0]
39	0.06155764311552048	4.373134136199951	2.101646900177002	2.1090404987335205	0.13771522045135498	0.024731047451496124	False	[0 1 0 0 0 0 0 0 1]	[1 0 0 0 0 0 0 1 0]	[0 0 0 0 0 0]	[0 0 0 0 0 0]
39	0.04757928103208542	4.115948677062988	1.860761046409607	1.9718953371047974	0.22627553343772888	0.05701703578233719	False	[0 0 0 0 0 0 0 0 1]	[1 0 0 0 0 0 0 0 0]	[1 0 0 0 0 0]	[1 0 0 0 0 0]
39	0.07410194724798203	4.372805595397949	2.0983829498291016	2.1091697216033936	0.1444704830646515	0.0207819826900959	False	[0 1 0 0 0 0 0 0 1]	[1 0 0 0 0 0 0 1 0]	[0 0 0 0 0 0]	[0 0 0 0 0 0]
40	0.050861209630966187	4.211767673492432	2.1120383739471436	2.0651280879974365	0.023244081065058708	0.011357147246599197	False	[0 0 0 0 0 0 0 1 0]	[1 0 0 0 0 0 0 0 0]	[1 0 0 0 0 0]	[1 0 0 0 0 0]
40	0.0519532710313797	4.217591762542725	2.0912909507751465	2.051146984100342	0.05838894098997116	0.016765346750617027	False	[0 0 0 0 0 0 0 0 0]	[1 0 0 0 0 0 1 0 0]	[0 0 0 0 0 0]	[0 0 0 0 0 0]
40	0.2723997235298157	4.203440189361572	2.1001322269439697	2.046250820159912	0.04657263308763504	0.010484023950994015	False	[0 0 0 0 0 0 0 1 0]	[0 0 0 0 0 0 1 0 0]	[1 0 0 0 0 0]	[1 0 0 0 0 0]
40	0.027248786762356758	4.226970672607422	2.0928518772125244	2.051828145980835	0.061349060386419296	0.02094181254506111	False	[0 0 0 0 0 0 0 0 0]	[0 0 0 0 0 0 0 0 0]	[0 0 0 0 0 0]	[0 0 0 0 0 0]
40	0.05158733204007149	4.199146270751953	2.1103129386901855	2.060238838195801	0.020378477871418	0.008216142654418945	False	[0 0 0 0 0 0 0 1 0]	[1 0 0 0 0 0 0 0 0]	[1 0 0 0 0 0]	[1 0 0 0 0 0]
40	0.0380515493452549	4.247543811798096	2.090649127960205	2.0674240589141846	0.06828929483890533	0.02118103951215744	False	[0 0 0 0 0 0 0 0 0]	[1 0 0 0 0 0 1 0 0]	[0 0 0 0 0 0]	[0 0 0 0 0 0]
40	0.3063550889492035	4.193071365356445	2.104639768600464	2.0458903312683105	0.03388286009430885	0.008658507838845253	False	[0 0 0 0 0 0 0 1 0]	[0 0 0 0 0 0 1 0 0]	[1 0 0 0 0 0]	[1 0 0 0 0 0]
40	0.04179999232292175	4.204275131225586	2.0946261882781982	2.0417470932006836	0.05158574506640434	0.01631571538746357	False	[0 0 0 0 0 0 0 0 0]	[1 0 0 0 0 0 1 0 0]	[0 0 0 0 0 0]	[0 0 0 0 0 0]
40	0.2977067530155182	4.213521480560303	2.1057205200195312	2.061231851577759	0.03860025107860565	0.00796872191131115	False	[0 0 0 0 0 0 0 1 0]	[0 0 0 0 0 0 1 0 0]	[1 0 0 0 0 0]	[1 0 0 0 0 0]
40	0.03270333260297775	4.236578941345215	2.099086284637451	2.0673248767852783	0.04636155813932419	0.023806333541870117	False	[0 0 0 0 0 0 0 0 0]	[0 0 0 0 0 0 0 0 0]	[0 0 0 0 0 0]	[0 0 0 0 0 0]
40	0.06588468700647354	4.200850963592529	2.1132891178131104	2.0625972747802734	0.01722084917128086	0.0077440328896045685	False	[0 0 0 0 0 0 0 1 0]	[1 0 0 0 0 0 0 0 0]	[1 0 0 0 0 0]	[1 0 0 0 0 0]
40	0.03586743026971817	4.2134785652160645	2.0946154594421387	2.05281925201416	0.04978478327393532	0.016258995980024338	False	[0 0 0 0 0 0 0 0 0]	[1 0 0 0 0 0 1 0 0]	[0 0 0 0 0 0]	[0 0 0 0 0 0]
40	0.2952984571456909	4.214076519012451	2.1050238609313965	2.062221050262451	0.037458278238773346	0.009373364970088005	False	[0 0 0 0 0 0 0 1 0]	[0 0 0 0 0 0 1 0 0]	[1 0 0 0 0 0]	[1 0 0 0 0 0]
40	0.044781122356653214	4.22219705581665	2.0932435989379883	2.0491626262664795	0.06100583076477051	0.018785182386636734	False	[0 0 0 0 0 0 0 0 0]	[1 0 0 0 0 0 1 0 0]	[0 0 0 0 0 0]	[0 0 0 0 0 0]
40	0.06642784178256989	4.191750526428223	2.1047661304473877	2.049386501312256	0.029320022091269493	0.008277561515569687	False	[0 0 0 0 0 0 0 1 0]	[1 0 0 0 0 0 0 0 0]	[1 0 0 0 0 0]	[1 0 0 0 0 0]
40	0.06297444552183151	4.246176242828369	2.095207691192627	2.0670125484466553	0.06599529087543488	0.01796087995171547	False	[0 0 0 0 0 0 0 0 0]	[1 0 0 0 0 0 1 0 0]	[0 0 0 0 0 0]	[0 0 0 0 0 0]
40	0.06580804288387299	4.217912197113037	2.105774402618408	2.065195083618164	0.03831528127193451	0.008627329021692276	False	[0 0 0 0 0 0 0 1 0]	[1 0 0 0 0 0 0 0 0]	[1 0 0 0 0 0]	[1 0 0 0 0 0]
40	0.04373025521636009	4.209620952606201	2.092289686203003	2.0393054485321045	0.05825341120362282	0.01977252960205078	False	[0 0 0 0 0 0 0 0 0]	[1 0 0 0 0 0 1 0 0]	[0 0 0 0 0 0]	[0 0 0 0 0 0]
40	0.3336278200149536	4.210555553436279	2.1060116291046143	2.0572457313537598	0.03712854161858559	0.010169326327741146	False	[0 0 0 0 0 0 0 1 0]	[0 0 0 0 0 0 1 0 0]	[1 0 0 0 0 0]	[1 0 0 0 0 0]
40	0.06359998881816864	4.233530521392822	2.0932679176330566	2.051095485687256	0.06938131153583527	0.01978599838912487	False	[0 0 0 0 0 0 0 0 0]	[1 0 0 0 0 0 1 0 0]	[0 0 0 0 0 0]	[0 0 0 0 0 0]
40	0.33741170167922974	4.2153425216674805	2.1032865047454834	2.05712628364563	0.04276731237769127	0.012162399478256702	False	[0 0 0 0 0 0 0 1 0]	[0 0 0 0 0 0 1 0 0]	[1 0 0 0 0 0]	[1 0 0 0 0 0]
40	0.028157878667116165	4.2222771644592285	2.094331741333008	2.052321672439575	0.05704902485013008	0.018575340509414673	False	[0 0 0 0 0 0 0 0 0]	[0 0 0 0 0 0 0 0 0]	[0 0 0 0 0 0]	[0 0 0 0 0 0]
40	0.041469499468803406	4.193313121795654	2.1120917797088623	2.0552117824554443	0.016244135797023773	0.009765424765646458	False	[0 0 0 0 0 0 0 1 0]	[1 0 0 0 0 0 0 0 0]	[1 0 0 0 0 0]	[1 0 0 0 0 0]
40	0.02957467921078205	4.225433349609375	2.0942583084106445	2.0559990406036377	0.05969443917274475	0.015482126735150814	False	[0 0 0 0 0 0 0 0 0]	[0 0 0 0 0 0 0 0 0]	[0 0 0 0 0 0]	[0 0 0 0 0 0]
40	0.05594981834292412	4.209395885467529	2.1162872314453125	2.0701639652252197	0.015381918288767338	0.0075632911175489426	False	[0 0 0 0 0 0 0 1 0]	[1 0 0 0 0 0 0 0 0]	[1 0 0 0 0 0]	[1 0 0 0 0 0]
40	0.024627843871712685	4.249508857727051	2.088686943054199	2.0611815452575684	0.07804345339536667	0.021596716716885567	False	[0 0 0 0 0 0 0 0 0]	[0 0 0 0 0 0 0 0 0]	[0 0 0 0 0 0]	[0 0 0 0 0 0]
40	0.05649872496724129	4.203014373779297	2.113804578781128	2.0647530555725098	0.017067786306142807	0.007389241363853216	False	[0 0 0 0 0 0 0 1 0]	[1 0 0 0 0 0 0 0 0]	[1 0 0 0 0 0]	[1 0 0 0 0 0]
40	0.0555187463760376	4.234378814697266	2.093390464782715	2.057699203491211	0.06400620192289352	0.01928287371993065	False	[0 0 0 0 0 0 0 0 0]	[1 0 0 0 0 0 1 0 0]	[0 0 0 0 0 0]	[0 0 0 0 0 0]
40	0.3355935215950012	4.2237043380737305	2.1032960414886475	2.065981864929199	0.04472862184047699	0.009697560220956802	False	[0 0 0 0 0 0 0 1 0]	[0 0 0 0 0 0 1 0 0]	[1 0 0 0 0 0]	[1 0 0 0 0 0]
40	0.02255580760538578	4.243223190307617	2.0943799018859863	2.059772491455078	0.06499199569225311	0.024078860878944397	False	[0 0 0 0 0 0 0 0 0]	[0 0 0 0 0 0 0 0 0]	[0 0 0 0 0 0]	[0 0 0 0 0 0]
41	0.07719515264034271	4.166449069976807	2.027890205383301	2.066962957382202	0.05343995243310928	0.018155783414840698	False	[0 0 0 0 0 1 0 0 0]	[0 0 0 0 0 1 0 0 0]	[1 0 0 0 0 0]	[1 0 0 0 0 0]
41	0.02674107626080513	4.207611560821533	1.9936816692352295	2.0736122131347656	0.09522499144077301	0.045092709362506866	False	[0 0 0 0 0 0 0 0 0]	[0 0 0 0 0 0 0 0 0]	[0 0 0 0 0 0]	[0 0 0 0 0 0]
41	0.06181149557232857	4.1506500244140625	2.022324323654175	2.062936305999756	0.04589185118675232	0.019497787579894066	False	[0 0 0 0 0 1 0 0 0]	[0 0 0 0 0 1 0 0 0]	[1 0 0 0 0 0]	[1 0 0 0 0 0]
41	0.0246632881462574	4.207579135894775	1.9946328401565552	2.0680506229400635	0.09986720234155655	0.0450282096862793	False	[0 0 0 0 0 0 0 0 0]	[0 0 0 0 0 0 0 0 0]	[0 0 0 0 0 0]	[0 0 0 0 0 0]
41	0.0738184005022049	4.186465740203857	2.024111747741699	2.0743460655212402	0.0693146139383316	0.018693653866648674	False	[0 0 0 0 0 1 0 0 0]	[0 0 0 0 0 1 0 0 0]	[1 0 0 0 0 0]	[1 0 0 0 0 0]
41	0.0338662788271904	4.2357258796691895	1.988901972770691	2.0694921016693115	0.11823999136686325	0.05909200757741928	False	[0 0 0 0 0 0 0 0 0]	[0 0 0 0 0 0 0 0 0]	[0 0 0 0 0 0]	[0 0 0 0 0 0]
41	0.06959768384695053	4.153454780578613	2.0256824493408203	2.0654819011688232	0.04345899820327759	0.01883118785917759	False	[0 0 0 0 0 1 0 0 0]	[0 0 0 0 0 1 0 0 0]	[1 0 0 0 0 0]	[1 0 0 0 0 0]
41	0.02644602581858635	4.2360734939575195	1.9932079315185547	2.074464797973633	0.11180123686790466	0.05659971758723259	False	[0 0 0 0 0 0 0 0 0]	[0 0 0 0 0 0 0 0 0]	[0 0 0 0 0 0]	[0 0 0 0 0 0]
41	0.07632725685834885	4.166566371917725	2.024677038192749	2.072539806365967	0.052453577518463135	0.0168963223695755	False	[0 0 0 0 0 1 0 0 0]	[0 0 0 0 0 1 0 0 0]	[1 0 0 0 0 0]	[1 0 0 0 0 0]
41	0.031068120151758194	4.211375713348389	1.9958877563476562	2.0754621028900146	0.09916584193706512	0.0408598855137825	False	[0 0 0 0 0 0 0 0 0]	[0 0 0 0 0 0 0 0 0]	[0 0 0 0 0 0]	[0 0 0 0 0 0]
41	0.07519400864839554	4.170198440551758	2.0248565673828125	2.071284532546997	0.05419672280550003	0.01986086741089821	False	[0 0 0 0 0 1 0 0 0]	[0 0 0 0 0 1 0 0 0]	[1 0 0 0 0 0]	[1 0 0 0 0 0]
41	0.028010353446006775	4.2484211921691895	1.9875011444091797	2.0623366832733154	0.10890021920204163	0.08968295156955719	False	[0 0 0 0 0 0 0 0 0]	[0 0 0 0 0 0 0 0 0]	[0 0 0 0 0 0]	[0 0 0 0 0 0]
41	0.09495165199041367	4.154550552368164	2.021717071533203	2.0610711574554443	0.04597608745098114	0.025786157697439194	False	[0 0 0 0 0 1 0 0 0]	[0 0 0 0 0 1 0 0 0]	[1 0 0 0 0 0]	[1 0 0 0 0 0]
41	0.026628995314240456	4.193977355957031	1.9939275979995728	2.0687050819396973	0.09009481966495514	0.04124969244003296	False	[0 0 0 0 0 0 0 0 0]	[0 0 0 0 0 0 0 0 0]	[0 0 0 0 0 0]	[0 0 0 0 0 0]
41	0.07228951901197433	4.153955936431885	2.024033546447754	2.0632855892181396	0.046734899282455444	0.019901765510439873	False	[0 0 0 0 0 1 0 0 0]	[0 0 0 0 0 1 0 0 0]	[1 0 0 0 0 0]	[1 0 0 0 0 0]
41	0.022372838109731674	4.225796699523926	1.9906069040298462	2.0736405849456787	0.10926108807325363	0.0522880032658577	False	[0 0 0 0 0 0 0 0 0]	[0 0 0 0 0 0 0 0 0]	[0 0 0 0 0 0]	[0 0 0 0 0 0]
41	0.05871253460645676	4.162283897399902	2.0222322940826416	2.0660877227783203	0.053857751190662384	0.02010631188750267	False	[0 0 0 0 0 1 0 0 0]	[0 0 0 0 0 1 0 0 0]	[1 0 0 0 0 0]	[1 0 0 0 0 0]
41	0.0287422277033329	4.248773097991943	1.981279969215393	2.0707569122314453	0.146226704120636	0.0505092516541481	False	[0 0 0 0 0 0 0 0 0]	[0 0 0 0 0 0 0 0 0]	[0 0 0 0 0 0]	[0 0 0 0 0 0]
41	0.05754958838224411	4.158744812011719	2.0242114067077637	2.0667850971221924	0.04651212692260742	0.021235965192317963	False	[0 0 0 0 0 1 0 0 0]	[0 0 0 0 0 1 0 0 0]	[1 0 0 0 0 0]	[1 0 0 0 0 0]
41	0.0270658191293478	4.236708641052246	1.9885332584381104	2.0756938457489014	0.1248151957988739	0.04766643047332764	False	[0 0 0 0 0 0 0 0 0]	[0 0 0 0 0 0 0 0 0]	[0 0 0 0 0 0]	[0 0 0 0 0 0]
41	0.05609734356403351	4.16810941696167	2.026627540588379	2.070539712905884	0.0524885356426239	0.01845419779419899	False	[0 0 0 0 0 1 0 0 0]	[0 0 0 0 0 1 0 0 0]	[1 0 0 0 0 0]	[1 0 0 0 0 0]
41	0.026375139132142067	4.21870756149292	1.9925349950790405	2.070117712020874	0.09984727203845978	0.05620742216706276	False	[0 0 0 0 0 0 0 0 0]	[0 0 0 0 0 0 0 0 0]	[0 0 0 0 0 0]	[0 0 0 0 0 0]
41	0.08709457516670227	4.168210506439209	2.0233476161956787	2.06967830657959	0.05681252479553223	0.018372181802988052	False	[0 0 0 0 0 1 0 0 0]	[0 0 0 0 0 1 0 0 0]	[1 0 0 0 0 0]	[1 0 0 0 0 0]
41	0.02859470248222351	4.25065803527832	1.98482084274292	2.069763422012329	0.13604339957237244	0.060029782354831696	False	[0 0 0 0 0 0 0 0 0]	[0 0 0 0 0 0 0 0 0]	[0 0 0 0 0 0]	[0 0 0 0 0 0]
41	0.06403105705976486	4.166329860687256	2.02280855178833	2.0669665336608887	0.05189654976129532	0.02465834468603134	False	[0 0 0 0 0 1 0 0 0]	[0 0 0 0 0 1 0 0 0]	[1 0 0 0 0 0]	[1 0 0 0 0 0]
41	0.022372838109731674	4.203710079193115	1.9884939193725586	2.0709586143493652	0.09416396915912628	0.050093621015548706	False	[0 0 0 0 0 0 0 0 0]	[0 0 0 0 0 0 0 0 0]	[0 0 0 0 0 0]	[0 0 0 0 0 0]
41	0.05642208456993103	4.171147346496582	2.021860122680664	2.0680456161499023	0.05783570930361748	0.023405933752655983	False	[0 0 0 0 0 1 0 0 0]	[0 0 0 0 0 1 0 0 0]	[1 0 0 0 0 0]	[1 0 0 0 0 0]
41	0.02957467921078205	4.220094680786133	1.9891555309295654	2.0738351345062256	0.10786350816488266	0.04924070090055466	False	[0 0 0 0 0 0 0 0 0]	[0 0 0 0 0 0 0 0 0]	[0 0 0 0 0 0]	[0 0 0 0 0 0]
41	0.08316891640424728	4.161175727844238	2.027804374694824	2.067161798477173	0.04877876490354538	0.017431208863854408	False	[0 0 0 0 0 1 0 0 0]	[0 0 0 0 0 1 0 0 0]	[1 0 0 0 0 0]	[1 0 0 0 0 0]
41	0.03172335401177406	4.190771579742432	1.9998033046722412	2.0670087337493896	0.0746643915772438	0.0492950864136219	False	[0 0 0 0 0 0 0 0 0]	[0 0 0 0 0 0 0 0 0]	[0 0 0 0 0 0]	[0 0 0 0 0 0]
42	0.08022323250770569	4.162939071655273	2.052196979522705	2.0723495483398438	0.032011158764362335	0.006381426006555557	False	[0 0 0 0 0 1 0 0 0]	[0 0 0 0 0 1 0 0 0]	[1 0 0 0 0 0]	[1 0 0 0 0 0]
42	0.02982853539288044	4.199703693389893	2.051398277282715	2.0630648136138916	0.06860606372356415	0.01663508452475071	False	[0 0 0 0 0 0 0 0 0]	[0 0 0 0 0 0 0 0 0]	[0 0 0 0 0 0]	[0 0 0 0 0 0]
42	0.07624486833810806	4.1654887199401855	2.050116777420044	2.070411205291748	0.037387605756521225	0.007573055103421211	False	[0 0 0 0 0 1 0 0 0]	[0 0 0 0 0 1 0 0 0]	[1 0 0 0 0 0]	[1 0 0 0 0 0]
42	0.02950379252433777	4.174190998077393	2.051276683807373	2.0533037185668945	0.05435553193092346	0.015255069360136986	False	[0 0 0 0 0 0 0 0 0]	[0 0 0 0 0 0 0 0 0]	[0 0 0 0 0 0]	[0 0 0 0 0 0]
42	0.06377144902944565	4.16059684753418	2.0527443885803223	2.0690953731536865	0.028913840651512146	0.00984342209994793	False	[0 0 0 0 0 1 0 0 0]	[0 0 0 0 0 1 0 0 0]	[1 0 0 0 0 0]	[1 0 0 0 0 0]
42	0.04653416946530342	4.18355655670166	2.0473530292510986	2.053246259689331	0.06811633706092834	0.01484125666320324	False	[0 0 0 0 0 0 0 0 0]	[0 0 0 0 0 0 0 0 0]	[0 0 0 0 0 0]	[0 0 0 0 0 0]
42	0.070979043841362	4.154213905334473	2.0525336265563965	2.0654196739196777	0.02684844844043255	0.009412361308932304	False	[0 0 0 0 0 1 0 0 0]	[0 0 0 0 0 1 0 0 0]	[1 0 0 0 0 0]	[1 0 0 0 0 0]
42	0.03237859159708023	4.194401741027832	2.050130844116211	2.0650367736816406	0.06691913306713104	0.012314733117818832	False	[0 0 0 0 0 0 0 0 0]	[0 0 0 0 0 0 0 0 0]	[0 0 0 0 0 0]	[0 0 0 0 0 0]
42	0.05890125408768654	4.158069133758545	2.057433605194092	2.0667665004730225	0.0247129425406456	0.009156025014817715	False	[0 0 0 0 0 1 0 0 0]	[0 0 0 0 0 1 0 0 0]	[1 0 0 0 0 0]	[1 0 0 0 0 0]
42	0.034450627863407135	4.175862789154053	2.0499188899993896	2.052323818206787	0.056086815893650055	0.017533155158162117	False	[0 0 0 0 0 0 0 0 0]	[0 0 0 0 0 0 0 0 0]	[0 0 0 0 0 0]	[0 0 0 0 0 0]
42	0.06257881224155426	4.157240867614746	2.0549612045288086	2.0649969577789307	0.02420402131974697	0.0130788404494524	False	[0 0 0 0 0 1 0 0 0]	[0 0 0 0 0 1 0 0 0]	[1 0 0 0 0 0]	[1 0 0 0 0 0]
42	0.03478112071752548	4.1892781257629395	2.052140474319458	2.0608770847320557	0.06170590966939926	0.014554688706994057	False	[0 0 0 0 0 0 0 0 0]	[0 0 0 0 0 0 0 0 0]	[0 0 0 0 0 0]	[0 0 0 0 0 0]
42	0.07646328210830688	4.160998344421387	2.0490009784698486	2.0688631534576416	0.033676862716674805	0.009457653388381004	False	[0 0 0 0 0 1 0 0 0]	[0 0 0 0 0 1 0 0 0]	[1 0 0 0 0 0]	[1 0 0 0 0 0]
42	0.021245336160063744	4.178528785705566	2.0522985458374023	2.056075096130371	0.05542659014463425	0.014728540554642677	False	[0 0 0 0 0 0 0 0 0]	[0 0 0 0 0 0 0 0 0]	[0 0 0 0 0 0]	[0 0 0 0 0 0]
42	0.0569709911942482	4.158951282501221	2.0581812858581543	2.0713067054748535	0.023020252585411072	0.0064432332292199135	False	[0 0 0 0 0 1 0 0 0]	[0 0 0 0 0 1 0 0 0]	[1 0 0 0 0 0]	[1 0 0 0 0 0]
42	0.029757648706436157	4.186718463897705	2.0439891815185547	2.0506069660186768	0.0744517371058464	0.017670540139079094	False	[0 0 0 0 0 0 0 0 0]	[0 0 0 0 0 0 0 0 0]	[0 0 0 0 0 0]	[0 0 0 0 0 0]
42	0.060170531272888184	4.145925045013428	2.0508553981781006	2.0596115589141846	0.02611328661441803	0.009344414807856083	False	[0 0 0 0 0 1 0 0 0]	[0 0 0 0 0 1 0 0 0]	[1 0 0 0 0 0]	[1 0 0 0 0 0]
42	0.01698918081820011	4.1997175216674805	2.049590826034546	2.0624849796295166	0.07084958255290985	0.016792315989732742	False	[0 0 0 0 0 0 0 0 0]	[0 0 0 0 0 0 0 0 0]	[0 0 0 0 0 0]	[0 0 0 0 0 0]
42	0.09054797142744064	4.156361103057861	2.056284189224243	2.0701210498809814	0.0230933278799057	0.006862434092909098	False	[0 0 0 0 0 1 0 0 0]	[0 0 0 0 0 1 0 0 0]	[1 0 0 0 0 0]	[1 0 0 0 0 0]
42	0.027939466759562492	4.184447288513184	2.047137975692749	2.0519237518310547	0.07027117162942886	0.015114122070372105	False	[0 0 0 0 0 0 0 0 0]	[0 0 0 0 0 0 0 0 0]	[0 0 0 0 0 0]	[0 0 0 0 0 0]
42	0.0843261107802391	4.162749290466309	2.0469813346862793	2.068796157836914	0.03806931525468826	0.008902707137167454	False	[0 0 0 0 0 1 0 0 0]	[0 0 0 0 0 1 0 0 0]	[1 0 0 0 0 0]	[1 0 0 0 0 0]
42	0.02910241298377514	4.191554546356201	2.0501437187194824	2.061547040939331	0.066304512321949	0.013559145852923393	False	[0 0 0 0 0 0 0 0 0]	[0 0 0 0 0 0 0 0 0]	[0 0 0 0 0 0]	[0 0 0 0 0 0]
42	0.0695919319987297	4.150655746459961	2.0550246238708496	2.0657451152801514	0.02301863767206669	0.006867369171231985	False	[0 0 0 0 0 1 0 0 0]	[0 0 0 0 0 1 0 0 0]	[1 0 0 0 0 0]	[1 0 0 0 0 0]
42	0.020590100437402725	4.169424533843994	2.0551466941833496	2.0577850341796875	0.04110884666442871	0.01538399700075388	False	[0 0 0 0 0 0 0 0 0]	[0 0 0 0 0 0 0 0 0]	[0 0 0 0 0 0]	[0 0 0 0 0 0]
42	0.05619792267680168	4.153304100036621	2.0529367923736572	2.0678024291992188	0.02606188878417015	0.006503170356154442	False	[0 0 0 0 0 1 0 0 0]	[0 0 0 0 0 1 0 0 0]	[1 0 0 0 0 0]	[1 0 0 0 0 0]
42	0.034527264535427094	4.205836772918701	2.042003870010376	2.05380916595459	0.08962985873222351	0.0203944593667984	False	[0 0 0 0 0 0 0 0 0]	[0 0 0 0 0 0 0 0 0]	[0 0 0 0 0 0]	[0 0 0 0 0 0]
42	0.07334613054990768	4.158465385437012	2.0548970699310303	2.069411516189575	0.027057979255914688	0.007098678033798933	False	[0 0 0 0 0 1 0 0 0]	[0 0 0 0 0 1 0 0 0]	[1 0 0 0 0 0]	[1 0 0 0 0 0]
42	0.03263244777917862	4.179771423339844	2.050950527191162	2.060746669769287	0.05504922568798065	0.013024849817156792	False	[0 0 0 0 0 0 0 0 0]	[0 0 0 0 0 0 0 0 0]	[0 0 0 0 0 0]	[0 0 0 0 0 0]
42	0.07992243021726608	4.161589622497559	2.0535480976104736	2.070984363555908	0.029582982882857323	0.007473943755030632	False	[0 0 0 0 0 1 0 0 0]	[0 0 0 0 0 1 0 0 0]	[1 0 0 0 0 0]	[1 0 0 0 0 0]
42	0.03135741874575615	4.178408622741699	2.0462446212768555	2.0442380905151367	0.06625962257385254	0.02166636660695076	False	[0 0 0 0 0 0 0 0 0]	[0 0 0 0 0 0 0 0 0]	[0 0 0 0 0 0]	[0 0 0 0 0 0]
43	0.2799914479255676	4.200262546539307	2.0522408485412598	2.0789883136749268	0.05941666662693024	0.00961631815880537	False	[0 0 0 0 1 0 0 0 0]	[0 0 0 1 0 0 0 0 0]	[1 0 0 0 0 0]	[1 0 0 0 0 0]
43	0.03416132926940918	4.413586616516113	2.0228466987609863	2.0742239952087402	0.2897387742996216	0.026777146384119987	False	[0 0 0 0 0 0 0 0 0]	[0 0 0 0 0 0 0 0 0]	[0 0 0 0 0 0]	[0 0 0 0 0 0]
43	0.30532240867614746	4.185191631317139	2.042539119720459	2.0728631019592285	0.05871261656284332	0.011076906695961952	False	[0 0 0 0 1 0 0 0 0]	[0 0 0 1 0 0 0 0 0]	[1 0 0 0 0 0]	[1 0 0 0 0 0]
43	0.03146374970674515	4.405011177062988	2.020811080932617	2.077425479888916	0.2805136442184448	0.026260700076818466	False	[0 0 0 0 0 0 0 0 0]	[0 0 0 0 0 0 0 0 0]	[0 0 0 0 0 0]	[0 0 0 0 0 0]
43	0.32210469245910645	4.199410915374756	2.0473885536193848	2.0786635875701904	0.0634927898645401	0.009866325184702873	False	[0 0 0 0 1 0 0 0 0]	[0 0 0 1 0 0 0 0 0]	[1 0 0 0 0 0]	[1 0 0 0 0 0]
43	0.03106236830353737	4.3844780921936035	2.0245144367218018	2.0783467292785645	0.25724372267723083	0.024372966960072517	False	[0 0 0 0 0 0 0 0 0]	[0 0 0 0 0 0 0 0 0]	[0 0 0 0 0 0]	[0 0 0 0 0 0]
43	0.058281462639570236	4.199398517608643	2.0525829792022705	2.0839273929595947	0.054147787392139435	0.008740649558603764	False	[0 0 0 0 1 0 0 0 0]	[1 0 0 0 0 0 0 0 0]	[1 0 0 0 0 0]	[1 0 0 0 0 0]
43	0.04187663272023201	4.407046318054199	2.026606321334839	2.086719512939453	0.2721894681453705	0.021530568599700928	False	[0 0 0 0 0 0 0 0 0]	[1 0 0 1 0 0 0 0 0]	[0 0 0 0 0 0]	[0 0 0 0 0 0]
43	0.04951529577374458	4.251469135284424	2.0407087802886963	2.0747616291046143	0.1233195811510086	0.01267895009368658	False	[0 0 0 0 1 0 0 0 0]	[1 0 0 0 0 0 0 0 0]	[1 0 0 0 0 0]	[1 0 0 0 0 0]
43	0.03656385838985443	4.365965843200684	2.026188850402832	2.085932731628418	0.23453514277935028	0.01930888183414936	False	[0 0 0 0 0 0 0 0 0]	[1 0 0 1 0 0 0 0 0]	[0 0 0 0 0 0]	[0 0 0 0 0 0]
43	0.06173485890030861	4.232609272003174	2.0422310829162598	2.077585458755493	0.10165242105722427	0.01114003174006939	False	[0 0 0 0 1 0 0 0 0]	[1 0 0 0 0 0 0 0 0]	[1 0 0 0 0 0]	[1 0 0 0 0 0]
43	0.04815787822008133	4.3539557456970215	2.0264229774475098	2.084888458251953	0.21915845572948456	0.02348579838871956	False	[0 0 0 0 0 0 0 0 0]	[1 0 0 1 0 0 0 0 0]	[0 0 0 0 0 0]	[0 0 0 0 0 0]
43	0.04318135231733322	4.2815117835998535	2.043457269668579	2.0853192806243896	0.14227858185768127	0.010456569492816925	False	[0 0 0 0 1 0 0 0 0]	[1 0 0 0 0 0 0 0 0]	[1 0 0 0 0 0]	[1 0 0 0 0 0]
43	0.0442025251686573	4.414172172546387	2.027956962585449	2.090930938720703	0.273572713136673	0.021711423993110657	False	[0 0 0 0 0 0 0 0 0]	[1 0 0 1 0 0 0 0 0]	[0 0 0 0 0 0]	[0 0 0 0 0 0]
43	0.03408469259738922	4.270623207092285	2.0360188484191895	2.0751631259918213	0.14526782929897308	0.014173129573464394	False	[0 0 0 0 1 0 0 0 0]	[1 0 0 0 0 0 0 0 0]	[1 0 0 0 0 0]	[1 0 0 0 0 0]
43	0.05369481444358826	4.429749488830566	2.0189390182495117	2.084737777709961	0.2984096109867096	0.02766345627605915	False	[0 0 0 0 0 0 0 0 0]	[1 0 0 1 0 0 0 0 0]	[0 0 0 0 0 0]	[0 0 0 0 0 0]
43	0.06002300605177879	4.276422023773193	2.039271831512451	2.080394983291626	0.14292745292186737	0.013827485963702202	False	[0 0 0 0 1 0 0 0 0]	[1 0 0 0 0 0 0 0 0]	[1 0 0 0 0 0]	[1 0 0 0 0 0]
43	0.05263819918036461	4.4071784019470215	2.0313732624053955	2.0922698974609375	0.26253682374954224	0.020998558029532433	False	[0 0 0 0 0 0 0 0 0]	[1 0 0 1 0 0 0 0 0]	[0 0 0 0 0 0]	[0 0 0 0 0 0]
43	0.05053071677684784	4.266172409057617	2.038309097290039	2.0775294303894043	0.13614025712013245	0.014193741604685783	False	[0 0 0 0 1 0 0 0 0]	[1 0 0 0 0 0 0 0 0]	[1 0 0 0 0 0]	[1 0 0 0 0 0]
43	0.0633346289396286	4.4065680503845215	2.025818347930908	2.081305980682373	0.2768675684928894	0.02257618121802807	False	[0 0 0 0 0 0 0 0 0]	[1 0 0 1 0 0 0 0 0]	[0 0 0 0 0 0]	[0 0 0 0 0 0]
43	0.0662803128361702	4.274040699005127	2.0294642448425293	2.0715906620025635	0.15679414570331573	0.016191260889172554	False	[0 0 0 0 1 0 0 0 0]	[1 0 0 0 0 0 0 0 0]	[1 0 0 0 0 0]	[1 0 0 0 0 0]
43	0.04681771621108055	4.321537494659424	2.0318217277526855	2.0903189182281494	0.18084576725959778	0.018550679087638855	False	[0 0 0 0 0 0 0 0 0]	[1 0 0 1 0 0 0 0 0]	[0 0 0 0 0 0]	[0 0 0 0 0 0]
43	0.04925568774342537	4.230857849121094	2.0380592346191406	2.072364330291748	0.10909664630889893	0.01133753638714552	False	[0 0 0 0 1 0 0 0 0]	[1 0 0 0 0 0 0 0 0]	[1 0 0 0 0 0]	[1 0 0 0 0 0]
43	0.05191207677125931	4.396843910217285	2.025895833969116	2.089536190032959	0.259774774312973	0.021637331694364548	False	[0 0 0 0 0 0 0 0 0]	[1 0 0 1 0 0 0 0 0]	[0 0 0 0 0 0]	[0 0 0 0 0 0]
43	0.07166396826505661	4.262448310852051	2.041771650314331	2.0816256999969482	0.12705504894256592	0.011995960026979446	False	[0 0 0 0 1 0 0 0 0]	[1 0 0 0 0 0 0 0 0]	[1 0 0 0 0 0]	[1 0 0 0 0 0]
43	0.042744528502225876	4.401426792144775	2.0247859954833984	2.0850136280059814	0.2702174782752991	0.02140996605157852	False	[0 0 0 0 0 0 0 0 0]	[1 0 0 1 0 0 0 0 0]	[0 0 0 0 0 0]	[0 0 0 0 0 0]
43	0.055701714009046555	4.2942094802856445	2.037055730819702	2.079367160797119	0.16474854946136475	0.013038255274295807	False	[0 0 0 0 1 0 0 0 0]	[1 0 0 0 0 0 0 0 0]	[1 0 0 0 0 0]	[1 0 0 0 0 0]
43	0.06682921946048737	4.381130218505859	2.0292038917541504	2.0892386436462402	0.24165624380111694	0.021031277254223824	False	[0 0 0 0 0 0 0 0 0]	[1 0 0 1 0 0 0 0 0]	[0 0 0 0 0 0]	[0 0 0 0 0 0]
43	0.08275602757930756	4.288523197174072	2.0395636558532715	2.0784032344818115	0.15870815515518188	0.01184825599193573	False	[0 0 0 0 1 0 0 0 0]	[1 0 0 0 0 0 0 0 0]	[1 0 0 0 0 0]	[1 0 0 0 0 0]
43	0.04518825188279152	4.406888008117676	2.0252907276153564	2.0819547176361084	0.2780055105686188	0.02163679152727127	False	[0 0 0 0 0 0 0 0 0]	[1 0 0 1 0 0 0 0 0]	[0 0 0 0 0 0]	[0 0 0 0 0 0]
44	0.3063550889492035	4.136259078979492	2.0253491401672363	2.0221683979034424	0.07972107827663422	0.009020171128213406	False	[0 0 0 0 1 0 0 0 0]	[0 0 0 1 0 0 0 0 0]	[1 0 0 0 0 0]	[1 0 0 0 0 0]
44	0.02015327662229538	4.338676929473877	1.9772003889083862	2.03507399559021	0.3072368800640106	0.01916591450572014	False	[0 0 0 0 0 0 0 0 0]	[0 0 0 0 0 0 0 0 0]	[0 0 0 0 0 0]	[0 0 0 0 0 0]
44	0.28817325830459595	4.147703170776367	2.0227437019348145	2.023113250732422	0.09276247024536133	0.0090838223695755	False	[0 0 0 0 1 0 0 0 0]	[0 0 0 1 0 0 0 0 0]	[1 0 0 0 0 0]	[1 0 0 0 0 0]
44	0.026121284812688828	4.348071098327637	1.9767926931381226	2.0336265563964844	0.31537359952926636	0.02227824181318283	False	[0 0 0 0 0 0 0 0 0]	[0 0 0 0 0 0 0 0 0]	[0 0 0 0 0 0]	[0 0 0 0 0 0]
44	0.321886271238327	4.13847017288208	2.024055242538452	2.023319959640503	0.08193814754486084	0.009156923741102219	False	[0 0 0 0 1 0 0 0 0]	[0 0 0 1 0 0 0 0 0]	[1 0 0 0 0 0]	[1 0 0 0 0 0]
44	0.027862828224897385	4.331933975219727	1.9762303829193115	2.0327794551849365	0.3024710714817047	0.02045278251171112	False	[0 0 0 0 0 0 0 0 0]	[0 0 0 0 0 0 0 0 0]	[0 0 0 0 0 0]	[0 0 0 0 0 0]
44	0.29438936710357666	4.136463642120361	2.0254924297332764	2.0211222171783447	0.07810889184474945	0.011740026995539665	False	[0 0 0 0 1 0 0 0 0]	[0 0 0 1 0 0 0 0 0]	[1 0 0 0 0 0]	[1 0 0 0 0 0]
44	0.03492289409041405	4.310436248779297	1.9874188899993896	2.0284435749053955	0.2761048972606659	0.018468786031007767	False	[0 0 0 0 0 0 0 0 0]	[0 0 0 0 0 0 0 0 0]	[0 0 0 0 0 0]	[0 0 0 0 0 0]
44	0.27726417779922485	4.13951301574707	2.0269551277160645	2.0189757347106934	0.084400475025177	0.009181514382362366	False	[0 0 0 0 1 0 0 0 0]	[0 0 0 1 0 0 0 0 0]	[1 0 0 0 0 0]	[1 0 0 0 0 0]
44	0.017679858952760696	4.347250461578369	1.9797067642211914	2.0304436683654785	0.3182077407836914	0.018892258405685425	False	[0 0 0 0 0 0 0 0 0]	[0 0 0 0 0 0 0 0 0]	[0 0 0 0 0 0]	[0 0 0 0 0 0]
44	0.2699914574623108	4.133474826812744	2.0237841606140137	2.026714324951172	0.0741063579916954	0.008870110847055912	False	[0 0 0 0 1 0 0 0 0]	[0 0 0 1 0 0 0 0 0]	[1 0 0 0 0 0]	[1 0 0 0 0 0]
44	0.03473992645740509	4.330955505371094	1.9826977252960205	2.034193992614746	0.29516565799713135	0.01889825239777565	False	[0 0 0 0 0 0 0 0 0]	[0 0 0 0 0 0 0 0 0]	[0 0 0 0 0 0]	[0 0 0 0 0 0]
44	0.28863978385925293	4.1634674072265625	2.025979995727539	2.0217599868774414	0.10475941002368927	0.010968279093503952	False	[0 0 0 0 1 0 0 0 0]	[0 0 0 1 0 0 0 0 0]	[1 0 0 0 0 0]	[1 0 0 0 0 0]
44	0.03110356256365776	4.379573345184326	1.9802900552749634	2.027862310409546	0.34957557916641235	0.02184542454779148	False	[0 0 0 0 0 0 0 0 0]	[0 0 0 0 0 0 0 0 0]	[0 0 0 0 0 0]	[0 0 0 0 0 0]
44	0.28574103116989136	4.139799118041992	2.0193209648132324	2.026681900024414	0.08067208528518677	0.013123803772032261	False	[0 0 0 0 1 0 0 0 0]	[0 0 0 1 0 0 0 0 0]	[1 0 0 0 0 0]	[1 0 0 0 0 0]
44	0.027030374854803085	4.39200496673584	1.987367033958435	2.0263094902038574	0.35873064398765564	0.019597552716732025	False	[0 0 0 0 0 0 0 0 0]	[0 0 0 0 0 0 0 0 0]	[0 0 0 0 0 0]	[0 0 0 0 0 0]
44	0.32453688979148865	4.135003566741943	2.024839401245117	2.0222439765930176	0.07799501717090607	0.009925510734319687	False	[0 0 0 0 1 0 0 0 0]	[0 0 0 1 0 0 0 0 0]	[1 0 0 0 0 0]	[1 0 0 0 0 0]
44	0.025973759591579437	4.257170677185059	1.981999158859253	2.0356802940368652	0.2241574078798294	0.015333972871303558	False	[0 0 0 0 0 0 0 0 0]	[0 0 0 0 0 0 0 0 0]	[0 0 0 0 0 0]	[0 0 0 0 0 0]
44	0.28620755672454834	4.1478986740112305	2.023972749710083	2.0248210430145264	0.08997586369514465	0.009129149839282036	False	[0 0 0 0 1 0 0 0 0]	[0 0 0 1 0 0 0 0 0]	[1 0 0 0 0 0]	[1 0 0 0 0 0]
44	0.03812818601727486	4.342779636383057	1.9828346967697144	2.028085947036743	0.3114438056945801	0.02041545882821083	False	[0 0 0 0 0 0 0 0 0]	[0 0 0 0 0 0 0 0 0]	[0 0 0 0 0 0]	[0 0 0 0 0 0]
44	0.3163550794124603	4.138034343719482	2.0222439765930176	2.0236756801605225	0.08226120471954346	0.009854014962911606	False	[0 0 0 0 1 0 0 0 0]	[0 0 0 1 0 0 0 0 0]	[1 0 0 0 0 0]	[1 0 0 0 0 0]
44	0.029214493930339813	4.31264066696167	1.9849268198013306	2.033407211303711	0.2775491774082184	0.016757402569055557	False	[0 0 0 0 0 0 0 0 0]	[0 0 0 0 0 0 0 0 0]	[0 0 0 0 0 0]	[0 0 0 0 0 0]
44	0.25802573561668396	4.127954959869385	2.025320291519165	2.0198349952697754	0.070830337703228	0.011969143524765968	False	[0 0 0 0 1 0 0 0 0]	[0 0 0 1 0 0 0 0 0]	[1 0 0 0 0 0]	[1 0 0 0 0 0]
44	0.030011503025889397	4.3075480461120605	1.9863955974578857	2.0300116539001465	0.2732331156730652	0.01790807396173477	False	[0 0 0 0 0 0 0 0 0]	[0 0 0 0 0 0 0 0 0]	[0 0 0 0 0 0]	[0 0 0 0 0 0]
44	0.28036314249038696	4.1396942138671875	2.027510643005371	2.0189576148986816	0.08374100923538208	0.009484788402915001	False	[0 0 0 0 1 0 0 0 0]	[0 0 0 1 0 0 0 0 0]	[1 0 0 0 0 0]	[1 0 0 0 0 0]
44	0.02797490917146206	4.29434061050415	1.9772216081619263	2.0329229831695557	0.26224955916404724	0.021946432068943977	False	[0 0 0 0 0 0 0 0 0]	[0 0 0 0 0 0 0 0 0]	[0 0 0 0 0 0]	[0 0 0 0 0 0]
44	0.31544598937034607	4.138958930969238	2.0273988246917725	2.021357297897339	0.0817207470536232	0.008482071571052074	False	[0 0 0 0 1 0 0 0 0]	[0 0 0 1 0 0 0 0 0]	[1 0 0 0 0 0]	[1 0 0 0 0 0]
44	0.024698730558156967	4.3300981521606445	1.9817017316818237	2.0300650596618652	0.29656869173049927	0.02176227606832981	False	[0 0 0 0 0 0 0 0 0]	[0 0 0 0 0 0 0 0 0]	[0 0 0 0 0 0]	[0 0 0 0 0 0]
44	0.33318522572517395	4.137861728668213	2.0252621173858643	2.0204648971557617	0.08133747428655624	0.010797584429383278	False	[0 0 0 0 1 0 0 0 0]	[0 0 0 1 0 0 0 0 0]	[1 0 0 0 0 0]	[1 0 0 0 0 0]
44	0.022189870476722717	4.292852878570557	1.986987590789795	2.030273199081421	0.2571738064289093	0.01841830462217331	False	[0 0 0 0 0 0 0 0 0]	[0 0 0 0 0 0 0 0 0]	[0 0 0 0 0 0]	[0 0 0 0 0 0]
45	0.042272262275218964	4.023072242736816	2.001642942428589	1.9855095148086548	0.030878666788339615	0.00504111684858799	False	[0 0 0 0 1 0 0 0 0]	[1 0 0 0 0 0 0 0 0]	[1 0 0 0 0 0]	[1 0 0 0 0 0]
45	0.03787432983517647	4.107852458953857	1.9841817617416382	2.011566638946533	0.10087095201015472	0.011232946999371052	False	[0 0 0 0 0 0 0 0 0]	[0 0 0 0 0 0 0 0 0]	[0 0 0 0 0 0]	[0 0 0 0 0 0]
45	0.06876523047685623	4.021579742431641	2.0032052993774414	1.9854505062103271	0.028374016284942627	0.004549859557300806	False	[0 0 0 0 1 0 0 0 0]	[1 0 0 0 0 0 0 0 0]	[1 0 0 0 0 0]	[1 0 0 0 0 0]
45	0.03008238971233368	4.1211018562316895	1.9847569465637207	2.0020687580108643	0.12252850830554962	0.011747895739972591	False	[0 0 0 0 0 0 0 0 0]	[0 0 0 0 0 0 0 0 0]	[0 0 0 0 0 0]	[0 0 0 0 0 0]
45	0.04929688572883606	4.0186357498168945	2.003805160522461	1.9710594415664673	0.03474694490432739	0.009024027734994888	False	[0 0 0 0 1 0 0 0 0]	[1 0 0 0 0 0 0 0 0]	[1 0 0 0 0 0]	[1 0 0 0 0 0]
45	0.026009202003479004	4.10845947265625	1.981818675994873	2.0058953762054443	0.1084035262465477	0.012342204339802265	False	[0 0 0 0 0 0 0 0 0]	[0 0 0 0 0 0 0 0 0]	[0 0 0 0 0 0]	[0 0 0 0 0 0]
45	0.060896653681993484	4.01703405380249	2.0028696060180664	1.9805219173431396	0.0286865197122097	0.004956081975251436	False	[0 0 0 0 1 0 0 0 0]	[1 0 0 0 0 0 0 0 0]	[1 0 0 0 0 0]	[1 0 0 0 0 0]
45	0.035471800714731216	4.087713241577148	1.9826571941375732	2.008852243423462	0.084648996591568	0.01155492290854454	False	[0 0 0 0 0 0 0 0 0]	[0 0 0 0 0 0 0 0 0]	[0 0 0 0 0 0]	[0 0 0 0 0 0]
45	0.05718940496444702	4.022528171539307	2.001146078109741	1.9875996112823486	0.028097882866859436	0.0056845322251319885	False	[0 0 0 0 1 0 0 0 0]	[1 0 0 0 0 0 0 0 0]	[1 0 0 0 0 0]	[1 0 0 0 0 0]
45	0.029757648706436157	4.085586071014404	1.9835253953933716	1.998307228088379	0.09268125146627426	0.011072294786572456	False	[0 0 0 0 0 0 0 0 0]	[0 0 0 0 0 0 0 0 0]	[0 0 0 0 0 0]	[0 0 0 0 0 0]
45	0.0493265762925148	4.04843282699585	2.005441427230835	1.995374321937561	0.043753936886787415	0.003862643614411354	False	[0 0 0 0 1 0 0 0 0]	[1 0 0 0 0 0 0 0 0]	[1 0 0 0 0 0]	[1 0 0 0 0 0]
45	0.02739631198346615	4.100024700164795	1.9819234609603882	2.009331464767456	0.09663926810026169	0.012130524963140488	False	[0 0 0 0 0 0 0 0 0]	[0 0 0 0 0 0 0 0 0]	[0 0 0 0 0 0]	[0 0 0 0 0 0]
45	0.06079607456922531	4.03129243850708	2.0025432109832764	1.9841721057891846	0.03724442049860954	0.007332926616072655	False	[0 0 0 0 1 0 0 0 0]	[1 0 0 0 0 0 0 0 0]	[1 0 0 0 0 0]	[1 0 0 0 0 0]
45	0.026156727224588394	4.105290412902832	1.9821066856384277	2.007032632827759	0.10333064198493958	0.012820100411772728	False	[0 0 0 0 0 0 0 0 0]	[0 0 0 0 0 0 0 0 0]	[0 0 0 0 0 0]	[0 0 0 0 0 0]
45	0.03426766023039818	4.018146991729736	2.0030057430267334	1.980994701385498	0.028956536203622818	0.005189932882785797	False	[0 0 0 0 1 0 0 0 0]	[1 0 0 0 0 0 0 0 0]	[1 0 0 0 0 0]	[1 0 0 0 0 0]
45	0.030489522963762283	4.114326477050781	1.98514723777771	2.0091090202331543	0.1079932451248169	0.012076742947101593	False	[0 0 0 0 0 0 0 0 0]	[0 0 0 0 0 0 0 0 0]	[0 0 0 0 0 0]	[0 0 0 0 0 0]
45	0.05107387155294418	4.036799907684326	2.005486488342285	1.9900788068771362	0.03676168620586395	0.004472778178751469	False	[0 0 0 0 1 0 0 0 0]	[1 0 0 0 0 0 0 0 0]	[1 0 0 0 0 0]	[1 0 0 0 0 0]
45	0.028559258207678795	4.09352970123291	1.984447956085205	2.005945920944214	0.0922323539853096	0.010903364978730679	False	[0 0 0 0 0 0 0 0 0]	[0 0 0 0 0 0 0 0 0]	[0 0 0 0 0 0]	[0 0 0 0 0 0]
45	0.047868579626083374	4.030887126922607	2.0060460567474365	1.9832295179367065	0.0360478013753891	0.005563962738960981	False	[0 0 0 0 1 0 0 0 0]	[1 0 0 0 0 0 0 0 0]	[1 0 0 0 0 0]	[1 0 0 0 0 0]
45	0.029793091118335724	4.113687038421631	1.983461618423462	2.0083274841308594	0.11064743250608444	0.011250732466578484	False	[0 0 0 0 0 0 0 0 0]	[0 0 0 0 0 0 0 0 0]	[0 0 0 0 0 0]	[0 0 0 0 0 0]
45	0.05115050822496414	4.0264458656311035	2.0025463104248047	1.9857591390609741	0.031830690801143646	0.006309668067842722	False	[0 0 0 0 1 0 0 0 0]	[1 0 0 0 0 0 0 0 0]	[1 0 0 0 0 0]	[1 0 0 0 0 0]
45	0.030194472521543503	4.10178804397583	1.9834833145141602	2.014704704284668	0.09157462418079376	0.012025522068142891	False	[0 0 0 0 0 0 0 0 0]	[0 0 0 0 0 0 0 0 0]	[0 0 0 0 0 0]	[0 0 0 0 0 0]
45	0.058977894484996796	4.016611576080322	2.001706123352051	1.9821833372116089	0.027777884155511856	0.004944133572280407	False	[0 0 0 0 1 0 0 0 0]	[1 0 0 0 0 0 0 0 0]	[1 0 0 0 0 0]	[1 0 0 0 0 0]
45	0.02746719866991043	4.06983757019043	1.982532024383545	2.0047154426574707	0.07128916680812836	0.011300962418317795	False	[0 0 0 0 0 0 0 0 0]	[0 0 0 0 0 0 0 0 0]	[0 0 0 0 0 0]	[0 0 0 0 0 0]
45	0.05034774914383888	4.038536071777344	2.0054025650024414	1.9862507581710815	0.04126845300197601	0.00561431422829628	False	[0 0 0 0 1 0 0 0 0]	[1 0 0 0 0 0 0 0 0]	[1 0 0 0 0 0]	[1 0 0 0 0 0]
45	0.024120133370161057	4.07964563369751	1.9797359704971313	2.011079788208008	0.07767011970281601	0.011160120368003845	False	[0 0 0 0 0 0 0 0 0]	[0 0 0 0 0 0 0 0 0]	[0 0 0 0 0 0]	[0 0 0 0 0 0]
45	0.044273409992456436	4.014575958251953	2.0030646324157715	1.9771878719329834	0.02891593426465988	0.005407287739217281	False	[0 0 0 0 1 0 0 0 0]	[1 0 0 0 0 0 0 0 0]	[1 0 0 0 0 0]	[1 0 0 0 0 0]
45	0.021717604249715805	4.118772983551025	1.982846736907959	2.010214328765869	0.11280187219381332	0.012909743003547192	False	[0 0 0 0 0 0 0 0 0]	[0 0 0 0 0 0 0 0 0]	[0 0 0 0 0 0]	[0 0 0 0 0 0]
45	0.039214495569467545	4.042631149291992	2.0060184001922607	1.9907383918762207	0.04048725962638855	0.005387142300605774	False	[0 0 0 0 1 0 0 0 0]	[1 0 0 0 0 0 0 0 0]	[1 0 0 0 0 0]	[1 0 0 0 0 0]
45	0.02884855680167675	4.108387470245361	1.9848604202270508	2.007451295852661	0.10460469126701355	0.011471154168248177	False	[0 0 0 0 0 0 0 0 0]	[0 0 0 0 0 0 0 0 0]	[0 0 0 0 0 0]	[0 0 0 0 0 0]
46	0.2724236845970154	3.94953989982605	1.8932369947433472	2.0148417949676514	0.0271722674369812	0.0142888892441988	False	[0 0 0 0 1 0 0 0 0]	[0 0 0 1 0 0 0 0 0]	[1 0 0 0 0 0]	[1 0 0 0 0 0]
46	0.04085545986890793	4.065281867980957	1.8740636110305786	2.016026496887207	0.09414886683225632	0.0810428038239479	False	[0 0 0 0 0 0 0 0 0]	[0 0 0 0 0 0 0 0 0]	[0 0 0 0 0 0]	[0 0 0 0 0 0]
46	0.05969826504588127	3.9564225673675537	1.895422101020813	2.0155563354492188	0.030316254124045372	0.015127845108509064	False	[0 0 0 0 1 0 0 0 0]	[1 0 0 0 0 0 0 0 0]	[1 0 0 0 0 0]	[1 0 0 0 0 0]
46	0.039362020790576935	4.0638508796691895	1.876546859741211	2.0176444053649902	0.0898766964673996	0.07978306710720062	False	[0 0 0 0 0 0 0 0 0]	[1 0 0 1 0 0 0 0 0]	[0 0 0 0 0 0]	[0 0 0 0 0 0]
46	0.06610309332609177	3.9557044506073	1.871534824371338	2.0116159915924072	0.04788050428032875	0.024673156440258026	False	[0 0 0 0 1 0 0 0 0]	[1 0 0 0 0 0 0 0 0]	[1 0 0 0 0 0]	[1 0 0 0 0 0]
46	0.03717790171504021	4.079575538635254	1.8831247091293335	2.0178310871124268	0.09196536242961884	0.08665440231561661	False	[0 0 0 0 0 0 0 0 0]	[1 0 0 1 0 0 0 0 0]	[0 0 0 0 0 0]	[0 0 0 0 0 0]
46	0.05489320307970047	3.9734582901000977	1.879204511642456	2.0117976665496826	0.05866353586316109	0.023792456835508347	False	[0 0 0 0 1 0 0 0 0]	[1 0 0 0 0 0 0 0 0]	[1 0 0 0 0 0]	[1 0 0 0 0 0]
46	0.05027686059474945	4.045880317687988	1.8806853294372559	2.0172648429870605	0.07401813566684723	0.0739118680357933	False	[0 0 0 0 0 0 0 0 0]	[1 0 0 1 0 0 0 0 0]	[0 0 0 0 0 0]	[0 0 0 0 0 0]
46	0.046929795295000076	3.977494716644287	1.8854252099990845	2.0122182369232178	0.05739076808094978	0.022460544481873512	False	[0 0 0 0 1 0 0 0 0]	[1 0 0 0 0 0 0 0 0]	[1 0 0 0 0 0]	[1 0 0 0 0 0]
46	0.04664049670100212	4.066766738891602	1.8770592212677002	2.016451597213745	0.09314769506454468	0.08010793477296829	False	[0 0 0 0 0 0 0 0 0]	[1 0 0 1 0 0 0 0 0]	[0 0 0 0 0 0]	[0 0 0 0 0 0]
46	0.07006420195102692	3.958460569381714	1.8752409219741821	2.0140812397003174	0.04409898445010185	0.025039151310920715	False	[0 0 0 0 1 0 0 0 0]	[1 0 0 0 0 0 0 0 0]	[1 0 0 0 0 0]	[1 0 0 0 0 0]
46	0.04561932384967804	4.058842658996582	1.8819440603256226	2.0173392295837402	0.08150831609964371	0.07805079966783524	False	[0 0 0 0 0 0 0 0 0]	[1 0 0 1 0 0 0 0 0]	[0 0 0 0 0 0]	[0 0 0 0 0 0]
46	0.05355304107069969	3.9712796211242676	1.878383755683899	2.0116539001464844	0.05683678388595581	0.02440524846315384	False	[0 0 0 0 1 0 0 0 0]	[1 0 0 0 0 0 0 0 0]	[1 0 0 0 0 0]	[1 0 0 0 0 0]
46	0.031646717339754105	4.063806533813477	1.882428765296936	2.017911672592163	0.08429071307182312	0.0791754275560379	False	[0 0 0 0 0 0 0 0 0]	[1 0 0 1 0 0 0 0 0]	[0 0 0 0 0 0]	[0 0 0 0 0 0]
46	0.04864164814352989	3.9570839405059814	1.874737024307251	2.0105247497558594	0.048361413180828094	0.02346077933907509	False	[0 0 0 0 1 0 0 0 0]	[1 0 0 0 0 0 0 0 0]	[1 0 0 0 0 0]	[1 0 0 0 0 0]
46	0.042744528502225876	4.047351837158203	1.875588297843933	2.018181085586548	0.07472976297140121	0.07885291427373886	False	[0 0 0 0 0 0 0 0 0]	[1 0 0 1 0 0 0 0 0]	[0 0 0 0 0 0]	[0 0 0 0 0 0]
46	0.05391322448849678	3.946762800216675	1.8676414489746094	2.0114381313323975	0.04344620183110237	0.024236949160695076	False	[0 0 0 0 1 0 0 0 0]	[1 0 0 0 0 0 0 0 0]	[1 0 0 0 0 0]	[1 0 0 0 0 0]
46	0.04423796758055687	4.064890384674072	1.8808189630508423	2.0180106163024902	0.08516857028007507	0.08089253306388855	False	[0 0 0 0 0 0 0 0 0]	[1 0 0 1 0 0 0 0 0]	[0 0 0 0 0 0]	[0 0 0 0 0 0]
46	0.05446213111281395	3.971135139465332	1.8729283809661865	2.0122034549713135	0.05469880998134613	0.031304605305194855	False	[0 0 0 0 1 0 0 0 0]	[1 0 0 0 0 0 0 0 0]	[1 0 0 0 0 0]	[1 0 0 0 0 0]
46	0.03779769316315651	4.060621738433838	1.8796164989471436	2.0166547298431396	0.0867135226726532	0.07763706892728806	False	[0 0 0 0 0 0 0 0 0]	[1 0 0 1 0 0 0 0 0]	[0 0 0 0 0 0]	[0 0 0 0 0 0]
46	0.048860061913728714	3.9563369750976562	1.8762468099594116	2.009814739227295	0.046727001667022705	0.02354847639799118	False	[0 0 0 0 1 0 0 0 0]	[1 0 0 0 0 0 0 0 0]	[1 0 0 0 0 0]	[1 0 0 0 0 0]
46	0.043399762362241745	4.061213970184326	1.8751182556152344	2.0162601470947266	0.08902601897716522	0.080809585750103	False	[0 0 0 0 0 0 0 0 0]	[1 0 0 1 0 0 0 0 0]	[0 0 0 0 0 0]	[0 0 0 0 0 0]
46	0.04194751754403114	3.9512860774993896	1.8722221851348877	2.011793613433838	0.04475359246134758	0.022516783326864243	False	[0 0 0 0 1 0 0 0 0]	[1 0 0 0 0 0 0 0 0]	[1 0 0 0 0 0]	[1 0 0 0 0 0]
46	0.04077881947159767	4.054336071014404	1.8755302429199219	2.015146493911743	0.08492343872785568	0.0787358433008194	False	[0 0 0 0 0 0 0 0 0]	[1 0 0 1 0 0 0 0 0]	[0 0 0 0 0 0]	[0 0 0 0 0 0]
46	0.048860061913728714	3.965674638748169	1.87363862991333	2.015059471130371	0.04872830584645271	0.0282482597976923	False	[0 0 0 0 1 0 0 0 0]	[1 0 0 0 0 0 0 0 0]	[1 0 0 0 0 0]	[1 0 0 0 0 0]
46	0.037213344126939774	4.0827860832214355	1.8829108476638794	2.014799118041992	0.10823068022727966	0.07684546709060669	False	[0 0 0 0 0 0 0 0 0]	[1 0 0 1 0 0 0 0 0]	[0 0 0 0 0 0]	[0 0 0 0 0 0]
46	0.05468054115772247	3.961350440979004	1.874367117881775	2.011828899383545	0.05168653279542923	0.02346786856651306	False	[0 0 0 0 1 0 0 0 0]	[1 0 0 0 0 0 0 0 0]	[1 0 0 0 0 0]	[1 0 0 0 0 0]
46	0.03979884460568428	4.0464911460876465	1.8776087760925293	2.015169143676758	0.07957781851291656	0.07413507997989655	False	[0 0 0 0 0 0 0 0 0]	[1 0 0 1 0 0 0 0 0]	[0 0 0 0 0 0]	[0 0 0 0 0 0]
46	0.30544599890708923	3.9594717025756836	1.8740570545196533	2.0102086067199707	0.0508611723780632	0.02434481494128704	False	[0 0 0 0 1 0 0 0 0]	[0 0 0 1 0 0 0 0 0]	[1 0 0 0 0 0]	[1 0 0 0 0 0]
46	0.030814263969659805	4.0370073318481445	1.8737534284591675	2.0149953365325928	0.07452831417322159	0.07373067736625671	False	[0 0 0 0 0 0 0 0 0]	[0 0 0 0 0 0 0 0 0]	[0 0 0 0 0 0]	[0 0 0 0 0 0]
47	0.04765591770410538	4.262304306030273	1.8967313766479492	2.02453875541687	0.3344646692276001	0.00656938599422574	False	[0 0 0 0 1 0 0 0 0]	[1 0 0 0 0 0 0 0 0]	[1 0 0 0 0 0]	[1 0 0 0 0 0]
47	0.029940616339445114	4.652035713195801	1.9087989330291748	2.049530029296875	0.6606549024581909	0.03305213153362274	False	[0 0 0 0 0 0 0 0 0]	[0 0 0 0 0 0 0 0 0]	[0 0 0 0 0 0]	[0 0 0 0 0 0]
47	0.04962162673473358	4.175230026245117	1.894156813621521	2.0217418670654297	0.2529038190841675	0.0064272210001945496	False	[0 0 0 0 1 0 0 0 0]	[1 0 0 0 0 0 0 0 0]	[1 0 0 0 0 0]	[1 0 0 0 0 0]
47	0.030920594930648804	4.69428014755249	1.8989198207855225	2.0461740493774414	0.7162743210792542	0.0329117588698864	False	[0 0 0 0 0 0 0 0 0]	[0 0 0 0 0 0 0 0 0]	[0 0 0 0 0 0]	[0 0 0 0 0 0]
47	0.048204824328422546	4.30839204788208	1.9046804904937744	2.030630588531494	0.3659999966621399	0.007081257179379463	False	[0 0 0 0 1 0 0 0 0]	[1 0 0 0 0 0 0 0 0]	[1 0 0 0 0 0]	[1 0 0 0 0 0]
47	0.036304254084825516	4.710498332977295	1.8931443691253662	2.0421030521392822	0.7414403557777405	0.03381066024303436	False	[0 0 0 0 0 0 0 0 0]	[0 0 0 0 0 0 0 0 0]	[0 0 0 0 0 0]	[0 0 0 0 0 0]
47	0.05482231825590134	4.258237838745117	1.9023199081420898	2.027451753616333	0.3227350413799286	0.005731307901442051	False	[0 0 0 0 1 0 0 0 0]	[1 0 0 0 0 0 0 0 0]	[1 0 0 0 0 0]	[1 0 0 0 0 0]
47	0.018553506582975388	4.662888050079346	1.9050397872924805	2.0457706451416016	0.6822069883346558	0.02987062931060791	False	[0 0 0 0 0 0 0 0 0]	[0 0 0 0 0 0 0 0 0]	[0 0 0 0 0 0]	[0 0 0 0 0 0]
47	0.049840036779642105	4.276884078979492	1.9093151092529297	2.031174898147583	0.3311252295970917	0.0052691297605633736	False	[0 0 0 0 1 0 0 0 0]	[1 0 0 0 0 0 0 0 0]	[1 0 0 0 0 0]	[1 0 0 0 0 0]
47	0.0338662788271904	4.759286403656006	1.8964366912841797	2.0431933403015137	0.7867182493209839	0.03293793275952339	False	[0 0 0 0 0 0 0 0 0]	[0 0 0 0 0 0 0 0 0]	[0 0 0 0 0 0]	[0 0 0 0 0 0]
47	0.057809196412563324	4.273465633392334	1.899503231048584	2.0249059200286865	0.34118181467056274	0.007874421775341034	False	[0 0 0 0 1 0 0 0 0]	[1 0 0 0 0 0 0 0 0]	[1 0 0 0 0 0]	[1 0 0 0 0 0]
47	0.03146950155496597	4.569233417510986	1.8954256772994995	2.0393612384796143	0.6052128672599792	0.029234014451503754	False	[0 0 0 0 0 0 0 0 0]	[0 0 0 0 0 0 0 0 0]	[0 0 0 0 0 0]	[0 0 0 0 0 0]
47	0.052496425807476044	4.1837687492370605	1.8959048986434937	2.0260238647460938	0.2556235194206238	0.006216414738446474	False	[0 0 0 0 1 0 0 0 0]	[1 0 0 0 0 0 0 0 0]	[1 0 0 0 0 0]	[1 0 0 0 0 0]
47	0.04103267565369606	4.713582515716553	1.8932476043701172	2.045492649078369	0.7413433194160461	0.03349857032299042	False	[0 0 0 0 0 0 0 0 0]	[0 0 0 0 0 0 0 0 0]	[0 0 0 0 0 0]	[0 0 0 0 0 0]
47	0.05172910541296005	4.239286422729492	1.9048795700073242	2.0253090858459473	0.3029720187187195	0.006125902757048607	False	[0 0 0 0 1 0 0 0 0]	[1 0 0 0 0 0 0 0 0]	[1 0 0 0 0 0]	[1 0 0 0 0 0]
47	0.030519213527441025	4.6734514236450195	1.906072735786438	2.0456178188323975	0.6895549297332764	0.032205693423748016	False	[0 0 0 0 0 0 0 0 0]	[0 0 0 0 0 0 0 0 0]	[0 0 0 0 0 0]	[0 0 0 0 0 0]
47	0.04780344292521477	4.240853786468506	1.9019277095794678	2.026353359222412	0.30669352412223816	0.0058793360367417336	False	[0 0 0 0 1 0 0 0 0]	[1 0 0 0 0 0 0 0 0]	[1 0 0 0 0 0]	[1 0 0 0 0 0]
47	0.03477536886930466	4.607888221740723	1.8943259716033936	2.0430095195770264	0.6390885710716248	0.03146408870816231	False	[0 0 0 0 0 0 0 0 0]	[0 0 0 0 0 0 0 0 0]	[0 0 0 0 0 0]	[0 0 0 0 0 0]
47	0.05995212122797966	4.284306526184082	1.9071099758148193	2.0273985862731934	0.3433859944343567	0.006412007845938206	False	[0 0 0 0 1 0 0 0 0]	[1 0 0 0 0 0 0 0 0]	[1 0 0 0 0 0]	[1 0 0 0 0 0]
47	0.027650168165564537	4.735049247741699	1.8953989744186401	2.048957109451294	0.7589151859283447	0.03177821636199951	False	[0 0 0 0 0 0 0 0 0]	[0 0 0 0 0 0 0 0 0]	[0 0 0 0 0 0]	[0 0 0 0 0 0]
47	0.03524763509631157	4.191279888153076	1.906749963760376	2.024623394012451	0.2545228600502014	0.005383569747209549	False	[0 0 0 0 1 0 0 0 0]	[1 0 0 0 0 0 0 0 0]	[1 0 0 0 0 0]	[1 0 0 0 0 0]
47	0.039255689829587936	4.687817096710205	1.9020439386367798	2.0434229373931885	0.7092771530151367	0.03307315707206726	False	[0 0 0 0 0 0 0 0 0]	[0 0 0 0 0 0 0 0 0]	[0 0 0 0 0 0]	[0 0 0 0 0 0]
47	0.05231345444917679	4.251026153564453	1.9025880098342896	2.0283193588256836	0.31473875045776367	0.0053800055757164955	False	[0 0 0 0 1 0 0 0 0]	[1 0 0 0 0 0 0 0 0]	[1 0 0 0 0 0]	[1 0 0 0 0 0]
47	0.03492289409041405	4.689904689788818	1.9042348861694336	2.044694185256958	0.7071449756622314	0.03383086249232292	False	[0 0 0 0 0 0 0 0 0]	[0 0 0 0 0 0 0 0 0]	[0 0 0 0 0 0]	[0 0 0 0 0 0]
47	0.055005285888910294	4.256288528442383	1.9014116525650024	2.026045560836792	0.32227563858032227	0.006555574014782906	False	[0 0 0 0 1 0 0 0 0]	[1 0 0 0 0 0 0 0 0]	[1 0 0 0 0 0]	[1 0 0 0 0 0]
47	0.035873182117938995	4.779492378234863	1.8999119997024536	2.0444869995117188	0.8038120269775391	0.031281277537345886	False	[0 0 0 0 0 0 0 0 0]	[0 0 0 0 0 0 0 0 0]	[0 0 0 0 0 0]	[0 0 0 0 0 0]
47	0.05504072830080986	4.221127510070801	1.9030086994171143	2.025148630142212	0.2874640226364136	0.005505973007529974	False	[0 0 0 0 1 0 0 0 0]	[1 0 0 0 0 0 0 0 0]	[1 0 0 0 0 0]	[1 0 0 0 0 0]
47	0.03197721019387245	4.651160717010498	1.9070496559143066	2.045522928237915	0.6687806248664856	0.029807664453983307	False	[0 0 0 0 0 0 0 0 0]	[0 0 0 0 0 0 0 0 0]	[0 0 0 0 0 0]	[0 0 0 0 0 0]
47	0.04834659770131111	4.238131999969482	1.9043078422546387	2.0275871753692627	0.2993558645248413	0.006881410256028175	False	[0 0 0 0 1 0 0 0 0]	[1 0 0 0 0 0 0 0 0]	[1 0 0 0 0 0]	[1 0 0 0 0 0]
47	0.022372838109731674	4.8132123947143555	1.9031342267990112	2.0434863567352295	0.8348656296730042	0.031726133078336716	False	[0 0 0 0 0 0 0 0 0]	[0 0 0 0 0 0 0 0 0]	[0 0 0 0 0 0]	[0 0 0 0 0 0]
48	0.050164781510829926	4.201324939727783	2.0535759925842285	2.0055418014526367	0.13421517610549927	0.007991904392838478	False	[0 0 0 0 1 0 0 0 0]	[1 0 0 0 0 0 0 0 0]	[1 0 0 0 0 0]	[1 0 0 0 0 0]
48	0.03248492255806923	4.610167026519775	2.048872232437134	2.0350592136383057	0.47038888931274414	0.055846523493528366	False	[0 0 0 0 0 0 0 0 0]	[0 0 0 0 0 0 0 0 0]	[0 0 0 0 0 0]	[0 0 0 0 0 0]
48	0.06118595227599144	4.158966064453125	2.0475234985351562	1.9974703788757324	0.10523352026939392	0.008738495409488678	False	[0 0 0 0 1 0 0 0 0]	[1 0 0 0 0 0 0 0 0]	[1 0 0 0 0 0]	[1 0 0 0 0 0]
48	0.03554268553853035	4.522609233856201	2.0452377796173096	2.0272040367126465	0.39651626348495483	0.053650885820388794	False	[0 0 0 0 0 0 0 0 0]	[0 0 0 0 0 0 0 0 0]	[0 0 0 0 0 0]	[0 0 0 0 0 0]
48	0.06272058933973312	4.2158050537109375	2.0539944171905518	2.0066423416137695	0.1471385955810547	0.00802992656826973	False	[0 0 0 0 1 0 0 0 0]	[1 0 0 0 0 0 0 0 0]	[1 0 0 0 0 0]	[1 0 0 0 0 0]
48	0.02553693577647209	4.522006988525391	2.045520067214966	2.029003143310547	0.38670849800109863	0.06077567860484123	False	[0 0 0 0 0 0 0 0 0]	[0 0 0 0 0 0 0 0 0]	[0 0 0 0 0 0]	[0 0 0 0 0 0]
48	0.06912542134523392	4.201106071472168	2.0526533126831055	2.005474805831909	0.13537141680717468	0.007606705650687218	False	[0 0 0 0 1 0 0 0 0]	[1 0 0 0 0 0 0 0 0]	[1 0 0 0 0 0]	[1 0 0 0 0 0]
48	0.02884855680167675	4.5557990074157715	2.05070161819458	2.0334982872009277	0.41338807344436646	0.0582108311355114	False	[0 0 0 0 0 0 0 0 0]	[0 0 0 0 0 0 0 0 0]	[0 0 0 0 0 0]	[0 0 0 0 0 0]
48	0.05765591934323311	4.203217506408691	2.0511887073516846	2.0060982704162598	0.1372050940990448	0.008725084364414215	False	[0 0 0 0 1 0 0 0 0]	[1 0 0 0 0 0 0 0 0]	[1 0 0 0 0 0]	[1 0 0 0 0 0]
48	0.0239371657371521	4.50761079788208	2.0490856170654297	2.028977870941162	0.37036070227622986	0.05918668955564499	False	[0 0 0 0 0 0 0 0 0]	[0 0 0 0 0 0 0 0 0]	[0 0 0 0 0 0]	[0 0 0 0 0 0]
48	0.05592012777924538	4.216959476470947	2.0525593757629395	2.007922649383545	0.14840009808540344	0.008077260106801987	False	[0 0 0 0 1 0 0 0 0]	[1 0 0 0 0 0 0 0 0]	[1 0 0 0 0 0]	[1 0 0 0 0 0]
48	0.027030374854803085	4.4992523193359375	2.0485761165618896	2.028768301010132	0.3655342757701874	0.056373607367277145	False	[0 0 0 0 0 0 0 0 0]	[0 0 0 0 0 0 0 0 0]	[0 0 0 0 0 0]	[0 0 0 0 0 0]
48	0.04809274151921272	4.179986476898193	2.0522005558013916	2.000403881072998	0.11947721987962723	0.00790442992001772	False	[0 0 0 0 1 0 0 0 0]	[1 0 0 0 0 0 0 0 0]	[1 0 0 0 0 0]	[1 0 0 0 0 0]
48	0.019934864714741707	4.525112628936768	2.0399465560913086	2.027733325958252	0.4016610383987427	0.055771604180336	False	[0 0 0 0 0 0 0 0 0]	[0 0 0 0 0 0 0 0 0]	[0 0 0 0 0 0]	[0 0 0 0 0 0]
48	0.05620942637324333	4.218192100524902	2.0507681369781494	2.006345510482788	0.15282942354679108	0.008248591795563698	False	[0 0 0 0 1 0 0 0 0]	[1 0 0 0 0 0 0 0 0]	[1 0 0 0 0 0]	[1 0 0 0 0 0]
48	0.026699882000684738	4.5281219482421875	2.0471742153167725	2.03109073638916	0.39496737718582153	0.054889097809791565	False	[0 0 0 0 0 0 0 0 0]	[0 0 0 0 0 0 0 0 0]	[0 0 0 0 0 0]	[0 0 0 0 0 0]
48	0.04754959046840668	4.201719284057617	2.0532472133636475	2.0043296813964844	0.13625799119472504	0.007883794605731964	False	[0 0 0 0 1 0 0 0 0]	[1 0 0 0 0 0 0 0 0]	[1 0 0 0 0 0]	[1 0 0 0 0 0]
48	0.029757648706436157	4.634051322937012	2.0417895317077637	2.0388686656951904	0.49037545919418335	0.06301797181367874	False	[0 0 0 0 0 0 0 0 0]	[0 0 0 0 0 0 0 0 0]	[0 0 0 0 0 0]	[0 0 0 0 0 0]
48	0.049479853361845016	4.146574020385742	2.0428647994995117	1.995874047279358	0.09834416955709457	0.009491026401519775	False	[0 0 0 0 1 0 0 0 0]	[1 0 0 0 0 0 0 0 0]	[1 0 0 0 0 0]	[1 0 0 0 0 0]
48	0.024846255779266357	4.446273326873779	2.046929121017456	2.0255067348480225	0.31603360176086426	0.057803694158792496	False	[0 0 0 0 0 0 0 0 0]	[0 0 0 0 0 0 0 0 0]	[0 0 0 0 0 0]	[0 0 0 0 0 0]
48	0.05846443027257919	4.217643737792969	2.056643486022949	2.0075371265411377	0.1460736095905304	0.007389765698462725	False	[0 0 0 0 1 0 0 0 0]	[1 0 0 0 0 0 0 0 0]	[1 0 0 0 0 0]	[1 0 0 0 0 0]
48	0.0344860702753067	4.495672225952148	2.04644513130188	2.028679847717285	0.36285731196403503	0.057690005749464035	False	[0 0 0 0 0 0 0 0 0]	[0 0 0 0 0 0 0 0 0]	[0 0 0 0 0 0]	[0 0 0 0 0 0]
48	0.0443088561296463	4.177008152008057	2.0489306449890137	1.9983245134353638	0.11971242725849152	0.010040665045380592	False	[0 0 0 0 1 0 0 0 0]	[1 0 0 0 0 0 0 0 0]	[1 0 0 0 0 0]	[1 0 0 0 0 0]
48	0.03063129633665085	4.542459011077881	2.0465927124023438	2.0321226119995117	0.4047713279724121	0.058972250670194626	False	[0 0 0 0 0 0 0 0 0]	[0 0 0 0 0 0 0 0 0]	[0 0 0 0 0 0]	[0 0 0 0 0 0]
48	0.049586184322834015	4.175740718841553	2.0439653396606445	1.9982891082763672	0.12366695702075958	0.009819578379392624	False	[0 0 0 0 1 0 0 0 0]	[1 0 0 0 0 0 0 0 0]	[1 0 0 0 0 0]	[1 0 0 0 0 0]
48	0.03175880014896393	4.551437854766846	2.048140287399292	2.0303702354431152	0.41839712858200073	0.054530736058950424	False	[0 0 0 0 0 0 0 0 0]	[0 0 0 0 0 0 0 0 0]	[0 0 0 0 0 0]	[0 0 0 0 0 0]
48	0.05667594075202942	4.192513465881348	2.0471482276916504	2.0061800479888916	0.13092108070850372	0.008264131844043732	False	[0 0 0 0 1 0 0 0 0]	[1 0 0 0 0 0 0 0 0]	[1 0 0 0 0 0]	[1 0 0 0 0 0]
48	0.04230770468711853	4.579253196716309	2.046902656555176	2.034210443496704	0.4416837692260742	0.05645638704299927	False	[0 0 0 0 0 0 0 0 0]	[0 0 0 0 0 0 0 0 0]	[0 0 0 0 0 0]	[0 0 0 0 0 0]
48	0.04434429854154587	4.198052883148193	2.0511131286621094	2.007373332977295	0.13190756738185883	0.007658916525542736	False	[0 0 0 0 1 0 0 0 0]	[1 0 0 0 0 0 0 0 0]	[1 0 0 0 0 0]	[1 0 0 0 0 0]
48	0.027030374854803085	4.500114917755127	2.0543079376220703	2.029116630554199	0.35847991704940796	0.05821024999022484	False	[0 0 0 0 0 0 0 0 0]	[0 0 0 0 0 0 0 0 0]	[0 0 0 0 0 0]	[0 0 0 0 0 0]
