Model checkpoint	Number of harmonics	seed	epochs	recipie	trained on sizes	6,6	9,6	12,6	15,3	error range name	numberOfCodes	code l	code m	Date	nll	noiseFloor	rewardMae	kMae	spearman	kendall	topK50
/rds/general/user/osella/home/rl-qecc-data/supervisedLearning/sweep2/g5_ground_anch_H10_s1000.pth	10	1000	2	groundAnchored	[(6, 6), (9, 6), (12, 6), (15, 3)]	True	True	True	True	geometric5	10148123	3	27	2026-07-30	17.370994263103288	11.218728447201675	0.10622980879112974	6.4173675455664805	0.3085219425575935	0.2130280387050845	0.0
/rds/general/user/osella/home/rl-qecc-data/supervisedLearning/sweep2/g5_ground_anch_H10_s12345.pth	10	12345	2	groundAnchored	[(6, 6), (9, 6), (12, 6), (15, 3)]	True	True	True	True	geometric5	10148123	3	27	2026-07-30	22.099707348642614	11.218728447201675	0.2045153681449417	2.878547164797967	0.3571730917654385	0.24586171350916808	0.0
/rds/general/user/osella/home/rl-qecc-data/supervisedLearning/sweep2/g5_ground_anch_H10_s2000.pth	10	2000	2	groundAnchored	[(6, 6), (9, 6), (12, 6), (15, 3)]	True	True	True	True	geometric5	10148123	3	27	2026-07-30	16.760221186839477	11.218728447201675	0.09728189195703692	8.17173558263132	0.37526207575593684	0.2603793375963007	0.0
/rds/general/user/osella/home/rl-qecc-data/supervisedLearning/sweep2/g5_ground_anch_H10_s3000.pth	10	3000	2	groundAnchored	[(6, 6), (9, 6), (12, 6), (15, 3)]	True	True	True	True	geometric5	10148123	3	27	2026-07-30	19.1421243511422	11.218728447201675	0.12986804103803035	3.1461712439391976	0.4542729156704503	0.31692405727466455	0.0
/rds/general/user/osella/home/rl-qecc-data/supervisedLearning/sweep2/g5_ground_anch_H10_s4000.pth	10	4000	2	groundAnchored	[(6, 6), (9, 6), (12, 6), (15, 3)]	True	True	True	True	geometric5	10148123	3	27	2026-07-30	17.212776299868924	11.218728447201675	0.12078804917549488	7.268677089778578	0.28231997676666654	0.19130491890226967	0.0
/rds/general/user/osella/home/rl-qecc-data/supervisedLearning/sweep2/g5_ground_anch_H10_s466555.pth	10	466555	2	groundAnchored	[(6, 6), (9, 6), (12, 6), (15, 3)]	True	True	True	True	geometric5	10148123	3	27	2026-07-30	17.24987261165587	11.218728447201675	0.13352655476879002	2.246279124936091	0.3196822730530798	0.21855873780122237	0.0
/rds/general/user/osella/home/rl-qecc-data/supervisedLearning/sweep2/g5_ground_anch_H10_s5000.pth	10	5000	2	groundAnchored	[(6, 6), (9, 6), (12, 6), (15, 3)]	True	True	True	True	geometric5	10148123	3	27	2026-07-30	21.924020262689034	11.218728447201675	0.15870976536061623	3.403879095061783	0.37630319374974724	0.25852111703964786	0.0
/rds/general/user/osella/home/rl-qecc-data/supervisedLearning/sweep2/g5_ground_anch_H10_s54321.pth	10	54321	2	groundAnchored	[(6, 6), (9, 6), (12, 6), (15, 3)]	True	True	True	True	geometric5	10148123	3	27	2026-07-30	19.85378312475226	11.218728447201675	0.16203821661451204	1.6196557664659788	0.2209492353022544	0.15078520269213924	0.0
/rds/general/user/osella/home/rl-qecc-data/supervisedLearning/sweep2/g5_ground_anch_H10_s6000.pth	10	6000	2	groundAnchored	[(6, 6), (9, 6), (12, 6), (15, 3)]	True	True	True	True	geometric5	10148123	3	27	2026-07-30	17.42386522540835	11.218728447201675	0.138040207598368	3.452328368544853	0.44839859273830157	0.3128079325579892	0.0
/rds/general/user/osella/home/rl-qecc-data/supervisedLearning/sweep2/g5_ground_anch_H10_s7134066.pth	10	7134066	2	groundAnchored	[(6, 6), (9, 6), (12, 6), (15, 3)]	True	True	True	True	geometric5	10148123	3	27	2026-07-30	19.864537928382557	11.218728447201675	0.16027239212467967	9.288819198378935	0.24982109107874778	0.16975554150203603	0.0
/rds/general/user/osella/home/rl-qecc-data/supervisedLearning/sweep2/g5_ground_anch_H3_s1000.pth	3	1000	2	groundAnchored	[(6, 6), (9, 6), (12, 6), (15, 3)]	True	True	True	True	geometric5	10148123	3	27	2026-07-30	18.321159239826308	11.218728447201675	0.10282971975278768	7.017705256432999	0.20304672526507866	0.1378327224391657	0.0
/rds/general/user/osella/home/rl-qecc-data/supervisedLearning/sweep2/g5_ground_anch_H3_s12345.pth	3	12345	2	groundAnchored	[(6, 6), (9, 6), (12, 6), (15, 3)]	True	True	True	True	geometric5	10148123	3	27	2026-07-30	18.688007486637574	11.218728447201675	0.12128201925427358	7.308433517568411	0.21363310546284808	0.1435593442915685	0.0
/rds/general/user/osella/home/rl-qecc-data/supervisedLearning/sweep2/g5_ground_anch_H3_s2000.pth	3	2000	2	groundAnchored	[(6, 6), (9, 6), (12, 6), (15, 3)]	True	True	True	True	geometric5	10148123	3	27	2026-07-30	18.401388167439702	11.218728447201675	0.13791246586030625	2.80895895240219	0.2190691484988264	0.14760926917243472	0.02
/rds/general/user/osella/home/rl-qecc-data/supervisedLearning/sweep2/g5_ground_anch_H3_s3000.pth	3	3000	2	groundAnchored	[(6, 6), (9, 6), (12, 6), (15, 3)]	True	True	True	True	geometric5	10148123	3	27	2026-07-30	23.611546557556206	11.218728447201675	0.20079621397124212	5.7184868165395955	0.08241806954588743	0.05406012201884735	0.0
/rds/general/user/osella/home/rl-qecc-data/supervisedLearning/sweep2/g5_ground_anch_H3_s4000.pth	3	4000	2	groundAnchored	[(6, 6), (9, 6), (12, 6), (15, 3)]	True	True	True	True	geometric5	10148123	3	27	2026-07-30	16.926888792928533	11.218728447201675	0.09702778554834439	8.774824642262631	0.16212978959033966	0.10842434555755236	0.0
/rds/general/user/osella/home/rl-qecc-data/supervisedLearning/sweep2/g5_ground_anch_H3_s466555.pth	3	466555	2	groundAnchored	[(6, 6), (9, 6), (12, 6), (15, 3)]	True	True	True	True	geometric5	10148123	3	27	2026-07-30	18.019971420392583	11.218728447201675	0.07329452750690313	14.653412310346365	0.27988988302340034	0.18921985286254972	0.02
/rds/general/user/osella/home/rl-qecc-data/supervisedLearning/sweep2/g5_ground_anch_H3_s5000.pth	3	5000	2	groundAnchored	[(6, 6), (9, 6), (12, 6), (15, 3)]	True	True	True	True	geometric5	10148123	3	27	2026-07-30	23.16716843889505	11.218728447201675	0.2200407927034318	2.7257167069653665	0.25740878373714143	0.1757550254880724	0.0
/rds/general/user/osella/home/rl-qecc-data/supervisedLearning/sweep2/g5_ground_anch_H3_s54321.pth	3	54321	2	groundAnchored	[(6, 6), (9, 6), (12, 6), (15, 3)]	True	True	True	True	geometric5	10148123	3	27	2026-07-30	23.812482789631016	11.218728447201675	0.22916680994112182	2.533217820223666	0.3071192516552369	0.2104440807871528	0.0
/rds/general/user/osella/home/rl-qecc-data/supervisedLearning/sweep2/g5_ground_anch_H3_s6000.pth	3	6000	2	groundAnchored	[(6, 6), (9, 6), (12, 6), (15, 3)]	True	True	True	True	geometric5	10148123	3	27	2026-07-30	18.416348174638788	11.218728447201675	0.13424911070033974	5.97224935754409	0.2836582220330945	0.19343729859151876	0.0
/rds/general/user/osella/home/rl-qecc-data/supervisedLearning/sweep2/g5_ground_anch_H3_s7134066.pth	3	7134066	2	groundAnchored	[(6, 6), (9, 6), (12, 6), (15, 3)]	True	True	True	True	geometric5	10148123	3	27	2026-07-30	15.72903230813902	11.218728447201675	0.08118959259930553	4.800478688346283	0.3427676654026863	0.23596303435075602	0.0
/rds/general/user/osella/home/rl-qecc-data/supervisedLearning/sweep2/g5_ground_anch_H4_s1000.pth	4	1000	2	groundAnchored	[(6, 6), (9, 6), (12, 6), (15, 3)]	True	True	True	True	geometric5	10148123	3	27	2026-07-30	21.99697620575627	11.218728447201675	0.20770751793312262	3.3088526308194877	0.37188772791292674	0.254100124550143	0.0
/rds/general/user/osella/home/rl-qecc-data/supervisedLearning/sweep2/g5_ground_anch_H4_s12345.pth	4	12345	2	groundAnchored	[(6, 6), (9, 6), (12, 6), (15, 3)]	True	True	True	True	geometric5	10148123	3	27	2026-07-30	18.542449440054764	11.218728447201675	0.10339003743382882	8.323922729675834	-0.08989621439478881	-0.06130440111717427	0.0
/rds/general/user/osella/home/rl-qecc-data/supervisedLearning/sweep2/g5_ground_anch_H4_s2000.pth	4	2000	2	groundAnchored	[(6, 6), (9, 6), (12, 6), (15, 3)]	True	True	True	True	geometric5	10148123	3	27	2026-07-30	24.010579363015314	11.218728447201675	0.07554850314458177	6.918767135004022	0.2951341690255828	0.20357234529016918	0.0
/rds/general/user/osella/home/rl-qecc-data/supervisedLearning/sweep2/g5_ground_anch_H4_s3000.pth	4	3000	2	groundAnchored	[(6, 6), (9, 6), (12, 6), (15, 3)]	True	True	True	True	geometric5	10148123	3	27	2026-07-30	16.947681493280577	11.218728447201675	0.0682838225312532	16.997373143037578	0.3009621274471831	0.20722262186711798	0.0
/rds/general/user/osella/home/rl-qecc-data/supervisedLearning/sweep2/g5_ground_anch_H4_s4000.pth	4	4000	2	groundAnchored	[(6, 6), (9, 6), (12, 6), (15, 3)]	True	True	True	True	geometric5	10148123	3	27	2026-07-30	17.895610467521532	11.218728447201675	0.12245852717087596	6.722529215531881	0.25097736549431077	0.1695371535819666	0.0
/rds/general/user/osella/home/rl-qecc-data/supervisedLearning/sweep2/g5_ground_anch_H4_s466555.pth	4	466555	2	groundAnchored	[(6, 6), (9, 6), (12, 6), (15, 3)]	True	True	True	True	geometric5	10148123	3	27	2026-07-30	18.668853180453862	11.218728447201675	0.0795668501355639	17.146297508080373	0.22467639916080134	0.1512964557386425	0.0
/rds/general/user/osella/home/rl-qecc-data/supervisedLearning/sweep2/g5_ground_anch_H4_s5000.pth	4	5000	2	groundAnchored	[(6, 6), (9, 6), (12, 6), (15, 3)]	True	True	True	True	geometric5	10148123	3	27	2026-07-30	18.27636138499876	11.218728447201675	0.12530586846591207	4.130741310600352	0.2311817772415217	0.1573078895140829	0.0
/rds/general/user/osella/home/rl-qecc-data/supervisedLearning/sweep2/g5_ground_anch_H4_s54321.pth	4	54321	2	groundAnchored	[(6, 6), (9, 6), (12, 6), (15, 3)]	True	True	True	True	geometric5	10148123	3	27	2026-07-30	20.9297664618158	11.218728447201675	0.07994109194564994	22.526118929412597	0.008594145930926302	0.005783322028362825	0.0
/rds/general/user/osella/home/rl-qecc-data/supervisedLearning/sweep2/g5_ground_anch_H4_s6000.pth	4	6000	2	groundAnchored	[(6, 6), (9, 6), (12, 6), (15, 3)]	True	True	True	True	geometric5	10148123	3	27	2026-07-30	20.049979970035977	11.218728447201675	0.1656651467357118	6.515563438622886	0.13009802897044037	0.08557529753606773	0.0
/rds/general/user/osella/home/rl-qecc-data/supervisedLearning/sweep2/g5_ground_anch_H4_s7134066.pth	4	7134066	2	groundAnchored	[(6, 6), (9, 6), (12, 6), (15, 3)]	True	True	True	True	geometric5	10148123	3	27	2026-07-30	21.412016590082878	11.218728447201675	0.08019210450962252	15.376103212610264	0.32814611006449834	0.2236386836034361	0.0
/rds/general/user/osella/home/rl-qecc-data/supervisedLearning/sweep2/g5_ground_anch_H6_s1000.pth	6	1000	2	groundAnchored	[(6, 6), (9, 6), (12, 6), (15, 3)]	True	True	True	True	geometric5	10148123	3	27	2026-07-30	25.599420748176442	11.218728447201675	0.2640058749082903	1.584987317088421	0.2956422732392341	0.20220270017713854	0.02
/rds/general/user/osella/home/rl-qecc-data/supervisedLearning/sweep2/g5_ground_anch_H6_s12345.pth	6	12345	2	groundAnchored	[(6, 6), (9, 6), (12, 6), (15, 3)]	True	True	True	True	geometric5	10148123	3	27	2026-07-30	20.06700498766878	11.218728447201675	0.18548244039252626	2.6394694595171253	0.41980906291785147	0.2908824912841885	0.0
/rds/general/user/osella/home/rl-qecc-data/supervisedLearning/sweep2/g5_ground_anch_H6_s2000.pth	6	2000	2	groundAnchored	[(6, 6), (9, 6), (12, 6), (15, 3)]	True	True	True	True	geometric5	10148123	3	27	2026-07-30	22.683268896488812	11.218728447201675	0.17804870309579837	6.443199423171684	0.2376116379634627	0.1602822997916688	0.0
/rds/general/user/osella/home/rl-qecc-data/supervisedLearning/sweep2/g5_ground_anch_H6_s3000.pth	6	3000	2	groundAnchored	[(6, 6), (9, 6), (12, 6), (15, 3)]	True	True	True	True	geometric5	10148123	3	27	2026-07-30	16.566245281809767	11.218728447201675	0.09142462214324677	8.48423931438167	0.38401880307646935	0.26074154963636986	0.0
/rds/general/user/osella/home/rl-qecc-data/supervisedLearning/sweep2/g5_ground_anch_H6_s4000.pth	6	4000	2	groundAnchored	[(6, 6), (9, 6), (12, 6), (15, 3)]	True	True	True	True	geometric5	10148123	3	27	2026-07-30	18.035496951717295	11.218728447201675	0.10301585909585959	8.3394873025286	0.053420083279350626	0.03785569279347617	0.0
/rds/general/user/osella/home/rl-qecc-data/supervisedLearning/sweep2/g5_ground_anch_H6_s466555.pth	6	466555	2	groundAnchored	[(6, 6), (9, 6), (12, 6), (15, 3)]	True	True	True	True	geometric5	10148123	3	27	2026-07-30	19.481879371202446	11.218728447201675	0.13337555714643778	4.716996791163353	-0.013188222482527448	-0.007814044016190114	0.0
/rds/general/user/osella/home/rl-qecc-data/supervisedLearning/sweep2/g5_ground_anch_H6_s5000.pth	6	5000	2	groundAnchored	[(6, 6), (9, 6), (12, 6), (15, 3)]	True	True	True	True	geometric5	10148123	3	27	2026-07-30	18.167729201149545	11.218728447201675	0.10985200581564769	6.6702552306228595	0.19195096104442805	0.12982973369486955	0.0
/rds/general/user/osella/home/rl-qecc-data/supervisedLearning/sweep2/g5_ground_anch_H6_s54321.pth	6	54321	2	groundAnchored	[(6, 6), (9, 6), (12, 6), (15, 3)]	True	True	True	True	geometric5	10148123	3	27	2026-07-30	32.32970289691969	11.218728447201675	0.30164795563800945	1.8290251532925161	0.3027271118925428	0.2052932743080475	0.0
/rds/general/user/osella/home/rl-qecc-data/supervisedLearning/sweep2/g5_ground_anch_H6_s6000.pth	6	6000	2	groundAnchored	[(6, 6), (9, 6), (12, 6), (15, 3)]	True	True	True	True	geometric5	10148123	3	27	2026-07-30	18.36904136900241	11.218728447201675	0.14813875716291536	3.7790321649304754	0.3607047235860369	0.24813189918451475	0.02
/rds/general/user/osella/home/rl-qecc-data/supervisedLearning/sweep2/g5_ground_anch_H6_s7134066.pth	6	7134066	2	groundAnchored	[(6, 6), (9, 6), (12, 6), (15, 3)]	True	True	True	True	geometric5	10148123	3	27	2026-07-30	17.99688370932046	11.218728447201675	0.123545413458781	4.41090298990223	0.41107533448814976	0.28358789268228896	0.0
/rds/general/user/osella/home/rl-qecc-data/supervisedLearning/sweep2/g5_ground_anch_H7_s1000.pth	7	1000	2	groundAnchored	[(6, 6), (9, 6), (12, 6), (15, 3)]	True	True	True	True	geometric5	10148123	3	27	2026-07-30	18.947230413847354	11.218728447201675	0.12433845987174538	2.2623312571972507	0.3559515702397025	0.24293809806301475	0.02
/rds/general/user/osella/home/rl-qecc-data/supervisedLearning/sweep2/g5_ground_anch_H7_s12345.pth	7	12345	2	groundAnchored	[(6, 6), (9, 6), (12, 6), (15, 3)]	True	True	True	True	geometric5	10148123	3	27	2026-07-30	17.424193149538162	11.218728447201675	0.09944338805918766	7.102199871507916	0.412403021005126	0.286954394146079	0.0
/rds/general/user/osella/home/rl-qecc-data/supervisedLearning/sweep2/g5_ground_anch_H7_s2000.pth	7	2000	2	groundAnchored	[(6, 6), (9, 6), (12, 6), (15, 3)]	True	True	True	True	geometric5	10148123	3	27	2026-07-30	19.322336464300584	11.218728447201675	0.14350019953682386	3.6564607260205135	0.32362270165134505	0.22351390230828005	0.0
/rds/general/user/osella/home/rl-qecc-data/supervisedLearning/sweep2/g5_ground_anch_H7_s3000.pth	7	3000	2	groundAnchored	[(6, 6), (9, 6), (12, 6), (15, 3)]	True	True	True	True	geometric5	10148123	3	27	2026-07-30	15.993197062467532	11.218728447201675	0.08157417391243556	5.910914961098648	0.3508243799206178	0.24254537531982717	0.02
/rds/general/user/osella/home/rl-qecc-data/supervisedLearning/sweep2/g5_ground_anch_H7_s4000.pth	7	4000	2	groundAnchored	[(6, 6), (9, 6), (12, 6), (15, 3)]	True	True	True	True	geometric5	10148123	3	27	2026-07-30	19.315178474844476	11.218728447201675	0.15469681171989025	3.161800591945272	0.33868388030391383	0.23426989523206712	0.0
/rds/general/user/osella/home/rl-qecc-data/supervisedLearning/sweep2/g5_ground_anch_H7_s466555.pth	7	466555	2	groundAnchored	[(6, 6), (9, 6), (12, 6), (15, 3)]	True	True	True	True	geometric5	10148123	3	27	2026-07-30	32.1264668080385	11.218728447201675	0.2907875788331671	1.6031023988008755	0.3201462018668058	0.21866209635208333	0.0
/rds/general/user/osella/home/rl-qecc-data/supervisedLearning/sweep2/g5_ground_anch_H7_s5000.pth	7	5000	2	groundAnchored	[(6, 6), (9, 6), (12, 6), (15, 3)]	True	True	True	True	geometric5	10148123	3	27	2026-07-30	18.508328787255834	11.218728447201675	0.14042145575329795	5.317817513930509	0.3554402843289316	0.24485438978828297	0.0
/rds/general/user/osella/home/rl-qecc-data/supervisedLearning/sweep2/g5_ground_anch_H7_s54321.pth	7	54321	2	groundAnchored	[(6, 6), (9, 6), (12, 6), (15, 3)]	True	True	True	True	geometric5	10148123	3	27	2026-07-30	24.066158746932718	11.218728447201675	0.22523293512097806	2.4595378276460607	0.14999273455562898	0.10064687395058391	0.0
/rds/general/user/osella/home/rl-qecc-data/supervisedLearning/sweep2/g5_ground_anch_H7_s6000.pth	7	6000	2	groundAnchored	[(6, 6), (9, 6), (12, 6), (15, 3)]	True	True	True	True	geometric5	10148123	3	27	2026-07-30	16.921634359419564	11.218728447201675	0.09883718474359118	5.637829054319902	0.2914305742750119	0.19912756239816304	0.0
/rds/general/user/osella/home/rl-qecc-data/supervisedLearning/sweep2/g5_ground_anch_H7_s7134066.pth	7	7134066	2	groundAnchored	[(6, 6), (9, 6), (12, 6), (15, 3)]	True	True	True	True	geometric5	10148123	3	27	2026-07-30	20.095061174157642	11.218728447201675	0.17379836964292322	4.533397212322743	0.3532907296947766	0.24198600630837352	0.0
/rds/general/user/osella/home/rl-qecc-data/supervisedLearning/sweep2/g5_ground_pure_H10_s1000.pth	10	1000	2	groundPure	[(6, 6), (9, 6), (12, 6), (15, 3)]	True	True	True	True	geometric5	10148123	3	27	2026-07-30	18.61654084883345	11.218728447201675	0.13615794074490717	6.257691252797721	0.2647216088410587	0.18394099439081849	0.0
/rds/general/user/osella/home/rl-qecc-data/supervisedLearning/sweep2/g5_ground_pure_H10_s12345.pth	10	12345	2	groundPure	[(6, 6), (9, 6), (12, 6), (15, 3)]	True	True	True	True	geometric5	10148123	3	27	2026-07-30	23.297408285017006	11.218728447201675	0.2011415997230205	2.187641180252183	0.3748299752846771	0.2570434893541183	0.02
/rds/general/user/osella/home/rl-qecc-data/supervisedLearning/sweep2/g5_ground_pure_H10_s2000.pth	10	2000	2	groundPure	[(6, 6), (9, 6), (12, 6), (15, 3)]	True	True	True	True	geometric5	10148123	3	27	2026-07-30	16.7441984079932	11.218728447201675	0.10153777743081716	7.00499474874447	0.3431902665265716	0.2372362229345634	0.0
/rds/general/user/osella/home/rl-qecc-data/supervisedLearning/sweep2/g5_ground_pure_H10_s3000.pth	10	3000	2	groundPure	[(6, 6), (9, 6), (12, 6), (15, 3)]	True	True	True	True	geometric5	10148123	3	27	2026-07-30	19.39365290726139	11.218728447201675	0.142042434749559	3.17938560666429	0.426980132706571	0.295846594314725	0.0
/rds/general/user/osella/home/rl-qecc-data/supervisedLearning/sweep2/g5_ground_pure_H10_s4000.pth	10	4000	2	groundPure	[(6, 6), (9, 6), (12, 6), (15, 3)]	True	True	True	True	geometric5	10148123	3	27	2026-07-30	18.330327837319548	11.218728447201675	0.14488637902505838	6.048471425943076	0.26533303070353076	0.1797665729726938	0.0
/rds/general/user/osella/home/rl-qecc-data/supervisedLearning/sweep2/g5_ground_pure_H10_s466555.pth	10	466555	2	groundPure	[(6, 6), (9, 6), (12, 6), (15, 3)]	True	True	True	True	geometric5	10148123	3	27	2026-07-30	18.259350459841254	11.218728447201675	0.14329474816448612	2.944233071766347	0.36832088944485236	0.25301610157336174	0.0
/rds/general/user/osella/home/rl-qecc-data/supervisedLearning/sweep2/g5_ground_pure_H10_s5000.pth	10	5000	2	groundPure	[(6, 6), (9, 6), (12, 6), (15, 3)]	True	True	True	True	geometric5	10148123	3	27	2026-07-30	21.704773565383302	11.218728447201675	0.15261601276021564	3.3034865973658514	0.376414536276895	0.25946105361467925	0.0
/rds/general/user/osella/home/rl-qecc-data/supervisedLearning/sweep2/g5_ground_pure_H10_s54321.pth	10	54321	2	groundPure	[(6, 6), (9, 6), (12, 6), (15, 3)]	True	True	True	True	geometric5	10148123	3	27	2026-07-30	23.090103922234057	11.218728447201675	0.20599068356440073	1.628617520406858	0.2668105323293451	0.18133924302447668	0.0
/rds/general/user/osella/home/rl-qecc-data/supervisedLearning/sweep2/g5_ground_pure_H10_s6000.pth	10	6000	2	groundPure	[(6, 6), (9, 6), (12, 6), (15, 3)]	True	True	True	True	geometric5	10148123	3	27	2026-07-30	19.66163222705292	11.218728447201675	0.161132251678851	2.599898289805741	0.3842177899875421	0.26577076423292695	0.0
/rds/general/user/osella/home/rl-qecc-data/supervisedLearning/sweep2/g5_ground_pure_H10_s7134066.pth	10	7134066	2	groundPure	[(6, 6), (9, 6), (12, 6), (15, 3)]	True	True	True	True	geometric5	10148123	3	27	2026-07-30	19.0893104287722	11.218728447201675	0.1490041482760232	10.426864741396905	0.24973874162711152	0.1693884722699203	0.0
/rds/general/user/osella/home/rl-qecc-data/supervisedLearning/sweep2/g5_ground_pure_H3_s1000.pth	3	1000	2	groundPure	[(6, 6), (9, 6), (12, 6), (15, 3)]	True	True	True	True	geometric5	10148123	3	27	2026-07-30	24.374998226421805	11.218728447201675	0.11518660920803242	13.357550024217982	0.04567405623288354	0.03031922984785197	0.0
/rds/general/user/osella/home/rl-qecc-data/supervisedLearning/sweep2/g5_ground_pure_H3_s12345.pth	3	12345	2	groundPure	[(6, 6), (9, 6), (12, 6), (15, 3)]	True	True	True	True	geometric5	10148123	3	27	2026-07-30	18.790818369215785	11.218728447201675	0.12322938517789311	6.401184234098922	0.2091603459037194	0.14099542448849572	0.0
/rds/general/user/osella/home/rl-qecc-data/supervisedLearning/sweep2/g5_ground_pure_H3_s2000.pth	3	2000	2	groundPure	[(6, 6), (9, 6), (12, 6), (15, 3)]	True	True	True	True	geometric5	10148123	3	27	2026-07-30	18.184813272287588	11.218728447201675	0.12095704210228081	4.942215578248876	0.20010198362582474	0.1343901477007791	0.0
/rds/general/user/osella/home/rl-qecc-data/supervisedLearning/sweep2/g5_ground_pure_H3_s3000.pth	3	3000	2	groundPure	[(6, 6), (9, 6), (12, 6), (15, 3)]	True	True	True	True	geometric5	10148123	3	27	2026-07-30	22.749554911072778	11.218728447201675	0.17192554225743806	6.131401583576617	0.07062199431110727	0.04648678484229919	0.0
/rds/general/user/osella/home/rl-qecc-data/supervisedLearning/sweep2/g5_ground_pure_H3_s4000.pth	3	4000	2	groundPure	[(6, 6), (9, 6), (12, 6), (15, 3)]	True	True	True	True	geometric5	10148123	3	27	2026-07-30	16.192397463332995	11.218728447201675	0.07430189334585027	8.596712580146349	0.14753959417275478	0.09922976594231418	0.0
/rds/general/user/osella/home/rl-qecc-data/supervisedLearning/sweep2/g5_ground_pure_H3_s466555.pth	3	466555	2	groundPure	[(6, 6), (9, 6), (12, 6), (15, 3)]	True	True	True	True	geometric5	10148123	3	27	2026-07-30	18.696419214841463	11.218728447201675	0.0731265251920742	15.7414595562517	0.2543326520045186	0.16952614937431218	0.0
/rds/general/user/osella/home/rl-qecc-data/supervisedLearning/sweep2/g5_ground_pure_H3_s5000.pth	3	5000	2	groundPure	[(6, 6), (9, 6), (12, 6), (15, 3)]	True	True	True	True	geometric5	10148123	3	27	2026-07-30	19.965216830035878	11.218728447201675	0.18322996362128063	2.8362696505406024	0.18307454098555265	0.1235964998019203	0.0
/rds/general/user/osella/home/rl-qecc-data/supervisedLearning/sweep2/g5_ground_pure_H3_s54321.pth	3	54321	2	groundPure	[(6, 6), (9, 6), (12, 6), (15, 3)]	True	True	True	True	geometric5	10148123	3	27	2026-07-30	20.99967318381317	11.218728447201675	0.1815882235095413	2.8103100577013813	0.2645127423553954	0.1804153833891678	0.0
/rds/general/user/osella/home/rl-qecc-data/supervisedLearning/sweep2/g5_ground_pure_H3_s6000.pth	3	6000	2	groundPure	[(6, 6), (9, 6), (12, 6), (15, 3)]	True	True	True	True	geometric5	10148123	3	27	2026-07-30	18.661499670655758	11.218728447201675	0.15646913630564066	5.01181601999865	0.2984950849071329	0.20470540506974885	0.0
/rds/general/user/osella/home/rl-qecc-data/supervisedLearning/sweep2/g5_ground_pure_H3_s7134066.pth	3	7134066	2	groundPure	[(6, 6), (9, 6), (12, 6), (15, 3)]	True	True	True	True	geometric5	10148123	3	27	2026-07-30	16.172506512772625	11.218728447201675	0.07048383249098127	5.04323988004176	0.29941580845202537	0.2044444770577879	0.0
/rds/general/user/osella/home/rl-qecc-data/supervisedLearning/sweep2/g5_ground_pure_H4_s1000.pth	4	1000	2	groundPure	[(6, 6), (9, 6), (12, 6), (15, 3)]	True	True	True	True	geometric5	10148123	3	27	2026-07-30	24.94900021270929	11.218728447201675	0.220209042993828	4.042198300732848	0.38651278468588984	0.2646721546582999	0.0
/rds/general/user/osella/home/rl-qecc-data/supervisedLearning/sweep2/g5_ground_pure_H4_s12345.pth	4	12345	2	groundPure	[(6, 6), (9, 6), (12, 6), (15, 3)]	True	True	True	True	geometric5	10148123	3	27	2026-07-30	19.69802456435608	11.218728447201675	0.11557395894002157	6.6631499277886	-0.19701832885349363	-0.132353098715024	0.0
/rds/general/user/osella/home/rl-qecc-data/supervisedLearning/sweep2/g5_ground_pure_H4_s2000.pth	4	2000	2	groundPure	[(6, 6), (9, 6), (12, 6), (15, 3)]	True	True	True	True	geometric5	10148123	3	27	2026-07-30	25.618093401606075	11.218728447201675	0.06914090139108692	5.839376880068827	0.22958059639337994	0.15464313037421015	0.0
/rds/general/user/osella/home/rl-qecc-data/supervisedLearning/sweep2/g5_ground_pure_H4_s3000.pth	4	3000	2	groundPure	[(6, 6), (9, 6), (12, 6), (15, 3)]	True	True	True	True	geometric5	10148123	3	27	2026-07-30	18.03104397530202	11.218728447201675	0.07551031075889622	13.230990729864407	0.28129546752443546	0.19281375387766292	0.0
/rds/general/user/osella/home/rl-qecc-data/supervisedLearning/sweep2/g5_ground_pure_H4_s4000.pth	4	4000	2	groundPure	[(6, 6), (9, 6), (12, 6), (15, 3)]	True	True	True	True	geometric5	10148123	3	27	2026-07-30	17.649983798393514	11.218728447201675	0.11079138738019191	6.355596375320368	0.24401461932900745	0.16512128220505598	0.0
/rds/general/user/osella/home/rl-qecc-data/supervisedLearning/sweep2/g5_ground_pure_H4_s466555.pth	4	466555	2	groundPure	[(6, 6), (9, 6), (12, 6), (15, 3)]	True	True	True	True	geometric5	10148123	3	27	2026-07-30	19.246548427033478	11.218728447201675	0.08164902709790842	21.30523329855691	0.13607946853396702	0.09113537766787706	0.0
/rds/general/user/osella/home/rl-qecc-data/supervisedLearning/sweep2/g5_ground_pure_H4_s5000.pth	4	5000	2	groundPure	[(6, 6), (9, 6), (12, 6), (15, 3)]	True	True	True	True	geometric5	10148123	3	27	2026-07-30	21.45270760662296	11.218728447201675	0.1747179314307317	3.2354527809842732	0.23624126217430655	0.1594796180402674	0.0
/rds/general/user/osella/home/rl-qecc-data/supervisedLearning/sweep2/g5_ground_pure_H4_s54321.pth	4	54321	2	groundPure	[(6, 6), (9, 6), (12, 6), (15, 3)]	True	True	True	True	geometric5	10148123	3	27	2026-07-30	21.82876635515901	11.218728447201675	0.08251001099698052	30.186097841874712	-0.0077474878245896266	-0.005156975568106102	0.0
/rds/general/user/osella/home/rl-qecc-data/supervisedLearning/sweep2/g5_ground_pure_H4_s6000.pth	4	6000	2	groundPure	[(6, 6), (9, 6), (12, 6), (15, 3)]	True	True	True	True	geometric5	10148123	3	27	2026-07-30	18.808997282242046	11.218728447201675	0.13183070493133128	6.832318588972086	0.11336301066206814	0.07331680181129148	0.0
/rds/general/user/osella/home/rl-qecc-data/supervisedLearning/sweep2/g5_ground_pure_H4_s7134066.pth	4	7134066	2	groundPure	[(6, 6), (9, 6), (12, 6), (15, 3)]	True	True	True	True	geometric5	10148123	3	27	2026-07-30	18.495251429605588	11.218728447201675	0.06966825362270467	16.49942817379217	0.33040389411347365	0.22575543279719926	0.0
/rds/general/user/osella/home/rl-qecc-data/supervisedLearning/sweep2/g5_ground_pure_H6_s1000.pth	6	1000	2	groundPure	[(6, 6), (9, 6), (12, 6), (15, 3)]	True	True	True	True	geometric5	10148123	3	27	2026-07-30	22.411781830732412	11.218728447201675	0.24586830626874742	1.62947698704992	0.3202132785080091	0.21914201442630168	0.0
/rds/general/user/osella/home/rl-qecc-data/supervisedLearning/sweep2/g5_ground_pure_H6_s12345.pth	6	12345	2	groundPure	[(6, 6), (9, 6), (12, 6), (15, 3)]	True	True	True	True	geometric5	10148123	3	27	2026-07-30	19.98267908212207	11.218728447201675	0.17444544244057186	3.4672590647268526	0.27278598836546675	0.18782265073278606	0.0
/rds/general/user/osella/home/rl-qecc-data/supervisedLearning/sweep2/g5_ground_pure_H6_s2000.pth	6	2000	2	groundPure	[(6, 6), (9, 6), (12, 6), (15, 3)]	True	True	True	True	geometric5	10148123	3	27	2026-07-30	21.655526953124422	11.218728447201675	0.17961570341610822	5.865915550616813	0.24120968280644933	0.16263016654673626	0.0
/rds/general/user/osella/home/rl-qecc-data/supervisedLearning/sweep2/g5_ground_pure_H6_s3000.pth	6	3000	2	groundPure	[(6, 6), (9, 6), (12, 6), (15, 3)]	True	True	True	True	geometric5	10148123	3	27	2026-07-30	16.017431933863644	11.218728447201675	0.07671368657794912	4.614610376072523	0.3626913910153083	0.2467866062434862	0.0
/rds/general/user/osella/home/rl-qecc-data/supervisedLearning/sweep2/g5_ground_pure_H6_s4000.pth	6	4000	2	groundPure	[(6, 6), (9, 6), (12, 6), (15, 3)]	True	True	True	True	geometric5	10148123	3	27	2026-07-30	19.171294859066393	11.218728447201675	0.13383255115490994	8.40600640791678	0.06426747671870986	0.04361561771698004	0.0
/rds/general/user/osella/home/rl-qecc-data/supervisedLearning/sweep2/g5_ground_pure_H6_s466555.pth	6	466555	2	groundPure	[(6, 6), (9, 6), (12, 6), (15, 3)]	True	True	True	True	geometric5	10148123	3	27	2026-07-30	21.53550290822045	11.218728447201675	0.1750342047748897	3.335579792506334	-0.004734785387500182	-0.002485965084462319	0.0
/rds/general/user/osella/home/rl-qecc-data/supervisedLearning/sweep2/g5_ground_pure_H6_s5000.pth	6	5000	2	groundPure	[(6, 6), (9, 6), (12, 6), (15, 3)]	True	True	True	True	geometric5	10148123	3	27	2026-07-30	17.770913474709367	11.218728447201675	0.11935604464370987	6.6373064637978905	0.20775327200939742	0.14041179383127156	0.0
/rds/general/user/osella/home/rl-qecc-data/supervisedLearning/sweep2/g5_ground_pure_H6_s54321.pth	6	54321	2	groundPure	[(6, 6), (9, 6), (12, 6), (15, 3)]	True	True	True	True	geometric5	10148123	3	27	2026-07-30	29.02279133544583	11.218728447201675	0.2632697849269104	2.0141113257761596	0.3025152538641211	0.20523095011304893	0.0
/rds/general/user/osella/home/rl-qecc-data/supervisedLearning/sweep2/g5_ground_pure_H6_s6000.pth	6	6000	2	groundPure	[(6, 6), (9, 6), (12, 6), (15, 3)]	True	True	True	True	geometric5	10148123	3	27	2026-07-30	18.181018963943334	11.218728447201675	0.13643010574254746	4.701232489804909	0.35855351260742224	0.24809649355285768	0.0
/rds/general/user/osella/home/rl-qecc-data/supervisedLearning/sweep2/g5_ground_pure_H6_s7134066.pth	6	7134066	2	groundPure	[(6, 6), (9, 6), (12, 6), (15, 3)]	True	True	True	True	geometric5	10148123	3	27	2026-07-30	22.10775096458534	11.218728447201675	0.18436978122744088	2.7545263090352146	0.35081137403487506	0.23916880225979967	0.0
/rds/general/user/osella/home/rl-qecc-data/supervisedLearning/sweep2/g5_ground_pure_H7_s1000.pth	7	1000	2	groundPure	[(6, 6), (9, 6), (12, 6), (15, 3)]	True	True	True	True	geometric5	10148123	3	27	2026-07-30	20.288374499239573	11.218728447201675	0.14542508874472096	1.8344721265726724	0.28816346046720664	0.19413937717871108	0.0
/rds/general/user/osella/home/rl-qecc-data/supervisedLearning/sweep2/g5_ground_pure_H7_s12345.pth	7	12345	2	groundPure	[(6, 6), (9, 6), (12, 6), (15, 3)]	True	True	True	True	geometric5	10148123	3	27	2026-07-30	18.51369974743412	11.218728447201675	0.10478924106298927	6.562966252985045	0.41215008759681687	0.2891599517059437	0.0
/rds/general/user/osella/home/rl-qecc-data/supervisedLearning/sweep2/g5_ground_pure_H7_s2000.pth	7	2000	2	groundPure	[(6, 6), (9, 6), (12, 6), (15, 3)]	True	True	True	True	geometric5	10148123	3	27	2026-07-30	20.119783319232507	11.218728447201675	0.16403940397680272	3.3290600614895993	0.33519629391662253	0.23233994309142186	0.0
/rds/general/user/osella/home/rl-qecc-data/supervisedLearning/sweep2/g5_ground_pure_H7_s3000.pth	7	3000	2	groundPure	[(6, 6), (9, 6), (12, 6), (15, 3)]	True	True	True	True	geometric5	10148123	3	27	2026-07-30	18.015559810007858	11.218728447201675	0.11216789540960598	5.980121714610736	0.2900099495269615	0.20020182139397724	0.02
/rds/general/user/osella/home/rl-qecc-data/supervisedLearning/sweep2/g5_ground_pure_H7_s4000.pth	7	4000	2	groundPure	[(6, 6), (9, 6), (12, 6), (15, 3)]	True	True	True	True	geometric5	10148123	3	27	2026-07-30	20.390498862082524	11.218728447201675	0.17654791163318476	2.887137384717797	0.3059903989000534	0.21072773376256065	0.0
/rds/general/user/osella/home/rl-qecc-data/supervisedLearning/sweep2/g5_ground_pure_H7_s466555.pth	7	466555	2	groundPure	[(6, 6), (9, 6), (12, 6), (15, 3)]	True	True	True	True	geometric5	10148123	3	27	2026-07-30	34.72165828464395	11.218728447201675	0.30176441480918936	1.567707026500593	0.33181038122348555	0.22736911547741145	0.0
/rds/general/user/osella/home/rl-qecc-data/supervisedLearning/sweep2/g5_ground_pure_H7_s5000.pth	7	5000	2	groundPure	[(6, 6), (9, 6), (12, 6), (15, 3)]	True	True	True	True	geometric5	10148123	3	27	2026-07-30	18.356305809037416	11.218728447201675	0.1299516813550654	6.391280878306734	0.32818111847706694	0.22549355975642485	0.0
/rds/general/user/osella/home/rl-qecc-data/supervisedLearning/sweep2/g5_ground_pure_H7_s54321.pth	7	54321	2	groundPure	[(6, 6), (9, 6), (12, 6), (15, 3)]	True	True	True	True	geometric5	10148123	3	27	2026-07-30	24.366916519359826	11.218728447201675	0.2243980553286049	2.3455937563014406	0.15002431651218245	0.10052662760934762	0.0
/rds/general/user/osella/home/rl-qecc-data/supervisedLearning/sweep2/g5_ground_pure_H7_s6000.pth	7	6000	2	groundPure	[(6, 6), (9, 6), (12, 6), (15, 3)]	True	True	True	True	geometric5	10148123	3	27	2026-07-30	18.083235341267503	11.218728447201675	0.12257365897976809	6.488119698999199	0.29974042747977436	0.20509509417300198	0.0
/rds/general/user/osella/home/rl-qecc-data/supervisedLearning/sweep2/g5_ground_pure_H7_s7134066.pth	7	7134066	2	groundPure	[(6, 6), (9, 6), (12, 6), (15, 3)]	True	True	True	True	geometric5	10148123	3	27	2026-07-30	17.440244298304776	11.218728447201675	0.1080825667899405	5.473871796106148	0.2281551265185532	0.15548554535534798	0.0
/rds/general/user/osella/home/rl-qecc-data/supervisedLearning/sweep2/g5_mix_66-96-126-153_H10_s1000.pth	10	1000	6	mixed	[(6, 6), (9, 6), (12, 6), (15, 3)]	True	True	True	True	geometric5	10148123	3	27	2026-07-30	17.0012580053006	11.218728447201675	0.05724696335436279	8.766288381408165	0.3416783088244963	0.23874596569230994	0.0
/rds/general/user/osella/home/rl-qecc-data/supervisedLearning/sweep2/g5_mix_66-96-126-153_H10_s12345.pth	10	12345	6	mixed	[(6, 6), (9, 6), (12, 6), (15, 3)]	True	True	True	True	geometric5	10148123	3	27	2026-07-30	17.128604848710225	11.218728447201675	0.1090125455306553	2.125987117478027	0.5037151222459567	0.35254810008328114	0.0
/rds/general/user/osella/home/rl-qecc-data/supervisedLearning/sweep2/g5_mix_66-96-126-153_H10_s2000.pth	10	2000	6	mixed	[(6, 6), (9, 6), (12, 6), (15, 3)]	True	True	True	True	geometric5	10148123	3	27	2026-07-30	17.461705442903558	11.218728447201675	0.12499414860215342	5.25243105331538	0.4368596818955831	0.3037663103481027	0.0
/rds/general/user/osella/home/rl-qecc-data/supervisedLearning/sweep2/g5_mix_66-96-126-153_H10_s3000.pth	10	3000	6	mixed	[(6, 6), (9, 6), (12, 6), (15, 3)]	True	True	True	True	geometric5	10148123	3	27	2026-07-30	18.252358234571748	11.218728447201675	0.11327652903634948	3.3295791246546123	0.5019157986931464	0.353114436789562	0.0
/rds/general/user/osella/home/rl-qecc-data/supervisedLearning/sweep2/g5_mix_66-96-126-153_H10_s4000.pth	10	4000	6	mixed	[(6, 6), (9, 6), (12, 6), (15, 3)]	True	True	True	True	geometric5	10148123	3	27	2026-07-30	17.577520252628858	11.218728447201675	0.10217400149828942	5.040146055572568	0.32999588301583044	0.2280185405842069	0.0
/rds/general/user/osella/home/rl-qecc-data/supervisedLearning/sweep2/g5_mix_66-96-126-153_H10_s466555.pth	10	466555	6	mixed	[(6, 6), (9, 6), (12, 6), (15, 3)]	True	True	True	True	geometric5	10148123	3	27	2026-07-30	18.17236234477379	11.218728447201675	0.13194021446513385	4.954640836720309	0.2869180693416318	0.19695430318826135	0.0
/rds/general/user/osella/home/rl-qecc-data/supervisedLearning/sweep2/g5_mix_66-96-126-153_H10_s5000.pth	10	5000	6	mixed	[(6, 6), (9, 6), (12, 6), (15, 3)]	True	True	True	True	geometric5	10148123	3	27	2026-07-30	16.379102297026876	11.218728447201675	0.06499330796236812	9.002455187252197	0.24945787011488596	0.16949868915221386	0.0
/rds/general/user/osella/home/rl-qecc-data/supervisedLearning/sweep2/g5_mix_66-96-126-153_H10_s54321.pth	10	54321	6	mixed	[(6, 6), (9, 6), (12, 6), (15, 3)]	True	True	True	True	geometric5	10148123	3	27	2026-07-30	19.055068990091687	11.218728447201675	0.09204473924411759	10.732859212349402	0.29532341666554546	0.20615236499826461	0.0
/rds/general/user/osella/home/rl-qecc-data/supervisedLearning/sweep2/g5_mix_66-96-126-153_H10_s6000.pth	10	6000	6	mixed	[(6, 6), (9, 6), (12, 6), (15, 3)]	True	True	True	True	geometric5	10148123	3	27	2026-07-30	18.275374488852446	11.218728447201675	0.09885342352735418	5.2004920982970475	0.4054163212080308	0.2783854357789902	0.0
/rds/general/user/osella/home/rl-qecc-data/supervisedLearning/sweep2/g5_mix_66-96-126-153_H10_s7134066.pth	10	7134066	6	mixed	[(6, 6), (9, 6), (12, 6), (15, 3)]	True	True	True	True	geometric5	10148123	3	27	2026-07-30	15.978906830292257	11.218728447201675	0.04968015341960672	9.10648478228123	0.32992288215274584	0.22679518818312264	0.0
/rds/general/user/osella/home/rl-qecc-data/supervisedLearning/sweep2/g5_mix_66-96-126-153_H3_s1000.pth	3	1000	6	mixed	[(6, 6), (9, 6), (12, 6), (15, 3)]	True	True	True	True	geometric5	10148123	3	27	2026-07-30	17.83949983983288	11.218728447201675	0.1064832505245775	2.233961453739522	0.2776319028118555	0.1938643194287094	0.0
/rds/general/user/osella/home/rl-qecc-data/supervisedLearning/sweep2/g5_mix_66-96-126-153_H3_s12345.pth	3	12345	6	mixed	[(6, 6), (9, 6), (12, 6), (15, 3)]	True	True	True	True	geometric5	10148123	3	27	2026-07-30	18.262989093591607	11.218728447201675	0.06499360083454024	6.474904889427863	0.22759915017052762	0.15359106584171306	0.0
/rds/general/user/osella/home/rl-qecc-data/supervisedLearning/sweep2/g5_mix_66-96-126-153_H3_s2000.pth	3	2000	6	mixed	[(6, 6), (9, 6), (12, 6), (15, 3)]	True	True	True	True	geometric5	10148123	3	27	2026-07-30	23.02493512626085	11.218728447201675	0.149319683798356	2.530683016950501	0.43840400959546527	0.30575323044696945	0.0
/rds/general/user/osella/home/rl-qecc-data/supervisedLearning/sweep2/g5_mix_66-96-126-153_H3_s3000.pth	3	3000	6	mixed	[(6, 6), (9, 6), (12, 6), (15, 3)]	True	True	True	True	geometric5	10148123	3	27	2026-07-30	16.809139785434073	11.218728447201675	0.13250197359534396	3.472587439955551	0.4121294118596509	0.28593479777910036	0.0
/rds/general/user/osella/home/rl-qecc-data/supervisedLearning/sweep2/g5_mix_66-96-126-153_H3_s4000.pth	3	4000	6	mixed	[(6, 6), (9, 6), (12, 6), (15, 3)]	True	True	True	True	geometric5	10148123	3	27	2026-07-30	19.05325764532383	11.218728447201675	0.15193154556463995	8.429947389573684	0.3957354073296472	0.2732535173737991	0.0
/rds/general/user/osella/home/rl-qecc-data/supervisedLearning/sweep2/g5_mix_66-96-126-153_H3_s466555.pth	3	466555	6	mixed	[(6, 6), (9, 6), (12, 6), (15, 3)]	True	True	True	True	geometric5	10148123	3	27	2026-07-30	18.17602176261496	11.218728447201675	0.1516786304743291	3.5782198683681163	0.3687899413283701	0.2565425474806404	0.0
/rds/general/user/osella/home/rl-qecc-data/supervisedLearning/sweep2/g5_mix_66-96-126-153_H3_s5000.pth	3	5000	6	mixed	[(6, 6), (9, 6), (12, 6), (15, 3)]	True	True	True	True	geometric5	10148123	3	27	2026-07-30	18.70359612754428	11.218728447201675	0.17377532771299561	2.0421250836497613	0.31769289137204115	0.2189388522150301	0.0
/rds/general/user/osella/home/rl-qecc-data/supervisedLearning/sweep2/g5_mix_66-96-126-153_H3_s54321.pth	3	54321	6	mixed	[(6, 6), (9, 6), (12, 6), (15, 3)]	True	True	True	True	geometric5	10148123	3	27	2026-07-30	16.540960997662246	11.218728447201675	0.12045469434092833	3.811937980454541	0.3510271333590219	0.24360588707018738	0.0
/rds/general/user/osella/home/rl-qecc-data/supervisedLearning/sweep2/g5_mix_66-96-126-153_H3_s6000.pth	3	6000	6	mixed	[(6, 6), (9, 6), (12, 6), (15, 3)]	True	True	True	True	geometric5	10148123	3	27	2026-07-30	16.332772413385392	11.218728447201675	0.08030561418152393	11.393120915715475	0.18026032611839302	0.12216952506365159	0.0
/rds/general/user/osella/home/rl-qecc-data/supervisedLearning/sweep2/g5_mix_66-96-126-153_H3_s7134066.pth	3	7134066	6	mixed	[(6, 6), (9, 6), (12, 6), (15, 3)]	True	True	True	True	geometric5	10148123	3	27	2026-07-30	15.568054985533706	11.218728447201675	0.09511081221901774	1.6863562895165614	0.4454720597079677	0.3089569896975986	0.0
/rds/general/user/osella/home/rl-qecc-data/supervisedLearning/sweep2/g5_mix_66-96-126-153_H4_s1000.pth	4	1000	6	mixed	[(6, 6), (9, 6), (12, 6), (15, 3)]	True	True	True	True	geometric5	10148123	3	27	2026-07-30	17.38145038183573	11.218728447201675	0.13153837775981064	2.811044668981241	0.24080913260639422	0.16513283592692612	0.0
/rds/general/user/osella/home/rl-qecc-data/supervisedLearning/sweep2/g5_mix_66-96-126-153_H4_s12345.pth	4	12345	6	mixed	[(6, 6), (9, 6), (12, 6), (15, 3)]	True	True	True	True	geometric5	10148123	3	27	2026-07-30	21.795471342500413	11.218728447201675	0.18300435889124042	2.9268022483278338	0.2878182048004454	0.1949111154785864	0.0
/rds/general/user/osella/home/rl-qecc-data/supervisedLearning/sweep2/g5_mix_66-96-126-153_H4_s2000.pth	4	2000	6	mixed	[(6, 6), (9, 6), (12, 6), (15, 3)]	True	True	True	True	geometric5	10148123	3	27	2026-07-30	27.006910655321384	11.218728447201675	0.19352522986467335	2.3830009274585136	0.4131360978336808	0.2842396123199549	0.0
/rds/general/user/osella/home/rl-qecc-data/supervisedLearning/sweep2/g5_mix_66-96-126-153_H4_s3000.pth	4	3000	6	mixed	[(6, 6), (9, 6), (12, 6), (15, 3)]	True	True	True	True	geometric5	10148123	3	27	2026-07-30	18.03073924117876	11.218728447201675	0.12669112783308561	8.799153235071747	0.336344596637691	0.23137667847389726	0.0
/rds/general/user/osella/home/rl-qecc-data/supervisedLearning/sweep2/g5_mix_66-96-126-153_H4_s4000.pth	4	4000	6	mixed	[(6, 6), (9, 6), (12, 6), (15, 3)]	True	True	True	True	geometric5	10148123	3	27	2026-07-30	17.760246406638206	11.218728447201675	0.13190537450842768	4.921412872267545	0.3184609965813547	0.21820509865352844	0.0
/rds/general/user/osella/home/rl-qecc-data/supervisedLearning/sweep2/g5_mix_66-96-126-153_H4_s466555.pth	4	466555	6	mixed	[(6, 6), (9, 6), (12, 6), (15, 3)]	True	True	True	True	geometric5	10148123	3	27	2026-07-30	16.120243657368697	11.218728447201675	0.04681479199132616	5.442524010801599	0.1318155066580521	0.09166055454344452	0.0
/rds/general/user/osella/home/rl-qecc-data/supervisedLearning/sweep2/g5_mix_66-96-126-153_H4_s5000.pth	4	5000	6	mixed	[(6, 6), (9, 6), (12, 6), (15, 3)]	True	True	True	True	geometric5	10148123	3	27	2026-07-30	19.123331689970275	11.218728447201675	0.15806661030102492	6.675220746429488	0.3490152501489575	0.24220301510634248	0.0
/rds/general/user/osella/home/rl-qecc-data/supervisedLearning/sweep2/g5_mix_66-96-126-153_H4_s54321.pth	4	54321	6	mixed	[(6, 6), (9, 6), (12, 6), (15, 3)]	True	True	True	True	geometric5	10148123	3	27	2026-07-30	15.515618937493297	11.218728447201675	0.04946598863987447	13.931830374616318	0.1858401451321262	0.12304390369774523	0.0
/rds/general/user/osella/home/rl-qecc-data/supervisedLearning/sweep2/g5_mix_66-96-126-153_H4_s6000.pth	4	6000	6	mixed	[(6, 6), (9, 6), (12, 6), (15, 3)]	True	True	True	True	geometric5	10148123	3	27	2026-07-30	21.109279411811322	11.218728447201675	0.15129619050424828	5.702886888305354	0.2822285538974447	0.19127631863691663	0.0
/rds/general/user/osella/home/rl-qecc-data/supervisedLearning/sweep2/g5_mix_66-96-126-153_H4_s7134066.pth	4	7134066	6	mixed	[(6, 6), (9, 6), (12, 6), (15, 3)]	True	True	True	True	geometric5	10148123	3	27	2026-07-30	18.974989264215775	11.218728447201675	0.16986316585731068	2.3249125810659415	0.33089460978237567	0.23085066629886733	0.0
/rds/general/user/osella/home/rl-qecc-data/supervisedLearning/sweep2/g5_mix_66-96-126-153_H6_s1000.pth	6	1000	6	mixed	[(6, 6), (9, 6), (12, 6), (15, 3)]	True	True	True	True	geometric5	10148123	3	27	2026-07-30	36.797232520440325	11.218728447201675	0.0832982442026977	2.775666488765391	0.19822260253502877	0.13260284613861542	0.0
/rds/general/user/osella/home/rl-qecc-data/supervisedLearning/sweep2/g5_mix_66-96-126-153_H6_s12345.pth	6	12345	6	mixed	[(6, 6), (9, 6), (12, 6), (15, 3)]	True	True	True	True	geometric5	10148123	3	27	2026-07-30	18.325064513629087	11.218728447201675	0.09254333142355814	2.2754844301169017	0.3056414810869453	0.20825456492516045	0.0
/rds/general/user/osella/home/rl-qecc-data/supervisedLearning/sweep2/g5_mix_66-96-126-153_H6_s2000.pth	6	2000	6	mixed	[(6, 6), (9, 6), (12, 6), (15, 3)]	True	True	True	True	geometric5	10148123	3	27	2026-07-30	21.079863774232056	11.218728447201675	0.1346294151209835	2.440192878666031	0.41913713265790215	0.29330811922763395	0.0
/rds/general/user/osella/home/rl-qecc-data/supervisedLearning/sweep2/g5_mix_66-96-126-153_H6_s3000.pth	6	3000	6	mixed	[(6, 6), (9, 6), (12, 6), (15, 3)]	True	True	True	True	geometric5	10148123	3	27	2026-07-30	17.514006267566288	11.218728447201675	0.0907830563196155	15.21116850323889	0.3184612265507967	0.21843936189540097	0.0
/rds/general/user/osella/home/rl-qecc-data/supervisedLearning/sweep2/g5_mix_66-96-126-153_H6_s4000.pth	6	4000	6	mixed	[(6, 6), (9, 6), (12, 6), (15, 3)]	True	True	True	True	geometric5	10148123	3	27	2026-07-30	16.06010858898153	11.218728447201675	0.05233998417347114	2.988455262498026	0.34954601741001134	0.23916391849297197	0.0
/rds/general/user/osella/home/rl-qecc-data/supervisedLearning/sweep2/g5_mix_66-96-126-153_H6_s466555.pth	6	466555	6	mixed	[(6, 6), (9, 6), (12, 6), (15, 3)]	True	True	True	True	geometric5	10148123	3	27	2026-07-30	19.72644140955628	11.218728447201675	0.11052684429885026	12.00981159115054	0.45807950052883095	0.31623372295733376	0.0
/rds/general/user/osella/home/rl-qecc-data/supervisedLearning/sweep2/g5_mix_66-96-126-153_H6_s5000.pth	6	5000	6	mixed	[(6, 6), (9, 6), (12, 6), (15, 3)]	True	True	True	True	geometric5	10148123	3	27	2026-07-30	23.709139408260874	11.218728447201675	0.22233411198814965	4.075021232378446	0.4852023581852219	0.3377220376198874	0.0
/rds/general/user/osella/home/rl-qecc-data/supervisedLearning/sweep2/g5_mix_66-96-126-153_H6_s54321.pth	6	54321	6	mixed	[(6, 6), (9, 6), (12, 6), (15, 3)]	True	True	True	True	geometric5	10148123	3	27	2026-07-30	24.48085729132202	11.218728447201675	0.14723845052814002	2.4346518948570526	0.42061083481605527	0.2924222931407055	0.0
/rds/general/user/osella/home/rl-qecc-data/supervisedLearning/sweep2/g5_mix_66-96-126-153_H6_s6000.pth	6	6000	6	mixed	[(6, 6), (9, 6), (12, 6), (15, 3)]	True	True	True	True	geometric5	10148123	3	27	2026-07-30	22.888414444138125	11.218728447201675	0.19127095144303086	3.0219012542231365	0.3858574836411082	0.26766924894461996	0.0
/rds/general/user/osella/home/rl-qecc-data/supervisedLearning/sweep2/g5_mix_66-96-126-153_H6_s7134066.pth	6	7134066	6	mixed	[(6, 6), (9, 6), (12, 6), (15, 3)]	True	True	True	True	geometric5	10148123	3	27	2026-07-30	25.485127007207822	11.218728447201675	0.22281031917456198	2.1200774543602496	0.4323541719062237	0.2972194315090658	0.0
/rds/general/user/osella/home/rl-qecc-data/supervisedLearning/sweep2/g5_mix_66-96-126-153_H7_s1000.pth	7	1000	6	mixed	[(6, 6), (9, 6), (12, 6), (15, 3)]	True	True	True	True	geometric5	10148123	3	27	2026-07-30	16.70338029704799	11.218728447201675	0.06920270119909765	6.209655778990426	0.3346599599760818	0.23302577677856148	0.0
/rds/general/user/osella/home/rl-qecc-data/supervisedLearning/sweep2/g5_mix_66-96-126-153_H7_s12345.pth	7	12345	6	mixed	[(6, 6), (9, 6), (12, 6), (15, 3)]	True	True	True	True	geometric5	10148123	3	27	2026-07-30	15.250212571912776	11.218728447201675	0.04965137423151713	8.947351363856946	0.4168993431084664	0.2885974052285853	0.0
/rds/general/user/osella/home/rl-qecc-data/supervisedLearning/sweep2/g5_mix_66-96-126-153_H7_s2000.pth	7	2000	6	mixed	[(6, 6), (9, 6), (12, 6), (15, 3)]	True	True	True	True	geometric5	10148123	3	27	2026-07-30	16.961541531916854	11.218728447201675	0.09092883707982438	6.044860104543627	0.3858038368453391	0.2669228942218848	0.0
/rds/general/user/osella/home/rl-qecc-data/supervisedLearning/sweep2/g5_mix_66-96-126-153_H7_s3000.pth	7	3000	6	mixed	[(6, 6), (9, 6), (12, 6), (15, 3)]	True	True	True	True	geometric5	10148123	3	27	2026-07-30	16.55334358087978	11.218728447201675	0.12202244880587462	5.361942994653289	0.41587907414737413	0.28989195510993493	0.0
/rds/general/user/osella/home/rl-qecc-data/supervisedLearning/sweep2/g5_mix_66-96-126-153_H7_s4000.pth	7	4000	6	mixed	[(6, 6), (9, 6), (12, 6), (15, 3)]	True	True	True	True	geometric5	10148123	3	27	2026-07-30	29.007863883465657	11.218728447201675	0.08640363865707962	19.009483041523456	0.2940253249696957	0.2005115842433867	0.0
/rds/general/user/osella/home/rl-qecc-data/supervisedLearning/sweep2/g5_mix_66-96-126-153_H7_s466555.pth	7	466555	6	mixed	[(6, 6), (9, 6), (12, 6), (15, 3)]	True	True	True	True	geometric5	10148123	3	27	2026-07-30	14.209684494394802	11.218728447201675	0.0566992380085266	1.71698911680028	0.4616061411945725	0.32200627130716025	0.02
/rds/general/user/osella/home/rl-qecc-data/supervisedLearning/sweep2/g5_mix_66-96-126-153_H7_s5000.pth	7	5000	6	mixed	[(6, 6), (9, 6), (12, 6), (15, 3)]	True	True	True	True	geometric5	10148123	3	27	2026-07-30	20.866162226230873	11.218728447201675	0.11791608779358248	2.33136007586241	0.39539372000818085	0.2702310633031596	0.0
/rds/general/user/osella/home/rl-qecc-data/supervisedLearning/sweep2/g5_mix_66-96-126-153_H7_s54321.pth	7	54321	6	mixed	[(6, 6), (9, 6), (12, 6), (15, 3)]	True	True	True	True	geometric5	10148123	3	27	2026-07-30	20.4936378944686	11.218728447201675	0.16312935061252415	5.363755397143148	0.34612296013774624	0.24055950729075878	0.0
/rds/general/user/osella/home/rl-qecc-data/supervisedLearning/sweep2/g5_mix_66-96-126-153_H7_s6000.pth	7	6000	6	mixed	[(6, 6), (9, 6), (12, 6), (15, 3)]	True	True	True	True	geometric5	10148123	3	27	2026-07-30	16.613038731684334	11.218728447201675	0.10795680321993441	5.747619048291474	0.2676597877302005	0.18286576488417342	0.0
/rds/general/user/osella/home/rl-qecc-data/supervisedLearning/sweep2/g5_mix_66-96-126-153_H7_s7134066.pth	7	7134066	6	mixed	[(6, 6), (9, 6), (12, 6), (15, 3)]	True	True	True	True	geometric5	10148123	3	27	2026-07-30	18.089876739358242	11.218728447201675	0.06508011382904473	17.744583383214472	0.22030410829906208	0.15073387029018454	0.02
/rds/general/user/osella/home/rl-qecc-data/supervisedLearning/sweep2/g5_mix_66-96-126_H10_s1000.pth	10	1000	8	mixed	[(6, 6), (9, 6), (12, 6)]	True	True	True	False	geometric5	10148123	3	27	2026-07-30	21.186127304028957	11.218728447201675	0.21822718913946484	2.085092765044252	0.4332118222171174	0.30107490385640884	0.0
/rds/general/user/osella/home/rl-qecc-data/supervisedLearning/sweep2/g5_mix_66-96-126_H10_s12345.pth	10	12345	8	mixed	[(6, 6), (9, 6), (12, 6)]	True	True	True	False	geometric5	10148123	3	27	2026-07-30	29.284649582157407	11.218728447201675	0.3135918447208309	1.7310837161309227	0.3238800103904155	0.22306863674742644	0.0
/rds/general/user/osella/home/rl-qecc-data/supervisedLearning/sweep2/g5_mix_66-96-126_H10_s2000.pth	10	2000	8	mixed	[(6, 6), (9, 6), (12, 6)]	True	True	True	False	geometric5	10148123	3	27	2026-07-30	16.94437531581692	11.218728447201675	0.14234206605622882	1.6190662671926404	0.3892999962451371	0.2684955448462574	0.0
/rds/general/user/osella/home/rl-qecc-data/supervisedLearning/sweep2/g5_mix_66-96-126_H10_s3000.pth	10	3000	8	mixed	[(6, 6), (9, 6), (12, 6)]	True	True	True	False	geometric5	10148123	3	27	2026-07-30	25.855389197094766	11.218728447201675	0.23380372477733316	2.6452341918889797	0.30619003300779096	0.20866843027451132	0.0
/rds/general/user/osella/home/rl-qecc-data/supervisedLearning/sweep2/g5_mix_66-96-126_H10_s4000.pth	10	4000	8	mixed	[(6, 6), (9, 6), (12, 6)]	True	True	True	False	geometric5	10148123	3	27	2026-07-30	25.219340669783744	11.218728447201675	0.25231300621947433	1.5991309953168142	0.3157975766823817	0.21505408124661518	0.0
/rds/general/user/osella/home/rl-qecc-data/supervisedLearning/sweep2/g5_mix_66-96-126_H10_s466555.pth	10	466555	8	mixed	[(6, 6), (9, 6), (12, 6)]	True	True	True	False	geometric5	10148123	3	27	2026-07-30	21.526941314532966	11.218728447201675	0.19966423599809893	3.0939366475083427	0.42790519424738993	0.29504865012128495	0.0
/rds/general/user/osella/home/rl-qecc-data/supervisedLearning/sweep2/g5_mix_66-96-126_H10_s5000.pth	10	5000	8	mixed	[(6, 6), (9, 6), (12, 6)]	True	True	True	False	geometric5	10148123	3	27	2026-07-30	22.381413847389428	11.218728447201675	0.18670237703433884	2.696424677351536	0.4503234362370233	0.31199740426110156	0.0
/rds/general/user/osella/home/rl-qecc-data/supervisedLearning/sweep2/g5_mix_66-96-126_H10_s54321.pth	10	54321	8	mixed	[(6, 6), (9, 6), (12, 6)]	True	True	True	False	geometric5	10148123	3	27	2026-07-30	25.458622898440506	11.218728447201675	0.2701776387454468	1.5139470174607366	0.4464169515863182	0.30982940660910857	0.0
/rds/general/user/osella/home/rl-qecc-data/supervisedLearning/sweep2/g5_mix_66-96-126_H10_s6000.pth	10	6000	8	mixed	[(6, 6), (9, 6), (12, 6)]	True	True	True	False	geometric5	10148123	3	27	2026-07-30	22.472959073049463	11.218728447201675	0.18952396322696752	2.4615973610949076	0.415256399268876	0.28683310168182147	0.0
/rds/general/user/osella/home/rl-qecc-data/supervisedLearning/sweep2/g5_mix_66-96-126_H10_s7134066.pth	10	7134066	8	mixed	[(6, 6), (9, 6), (12, 6)]	True	True	True	False	geometric5	10148123	3	27	2026-07-30	22.9709595964177	11.218728447201675	0.2133242594173698	3.3198058658407215	0.3575937396529713	0.24794036115455964	0.0
/rds/general/user/osella/home/rl-qecc-data/supervisedLearning/sweep2/g5_mix_66-96-126_H3_s1000.pth	3	1000	8	mixed	[(6, 6), (9, 6), (12, 6)]	True	True	True	False	geometric5	10148123	3	27	2026-07-30	17.093397327261844	11.218728447201675	0.136327764707522	2.69950114831576	0.26672217126072656	0.18203473557291328	0.0
/rds/general/user/osella/home/rl-qecc-data/supervisedLearning/sweep2/g5_mix_66-96-126_H3_s12345.pth	3	12345	8	mixed	[(6, 6), (9, 6), (12, 6)]	True	True	True	False	geometric5	10148123	3	27	2026-07-30	16.4538265241277	11.218728447201675	0.09825646076734786	2.324490212981412	0.254686467418089	0.17464597917686497	0.0
/rds/general/user/osella/home/rl-qecc-data/supervisedLearning/sweep2/g5_mix_66-96-126_H3_s2000.pth	3	2000	8	mixed	[(6, 6), (9, 6), (12, 6)]	True	True	True	False	geometric5	10148123	3	27	2026-07-30	16.762340808400708	11.218728447201675	0.07389463901833437	12.071471426182642	0.4935944531666562	0.34628390351248345	0.0
/rds/general/user/osella/home/rl-qecc-data/supervisedLearning/sweep2/g5_mix_66-96-126_H3_s3000.pth	3	3000	8	mixed	[(6, 6), (9, 6), (12, 6)]	True	True	True	False	geometric5	10148123	3	27	2026-07-30	25.610780475141407	11.218728447201675	0.2759995539064295	3.0072614458370714	0.4520630383396084	0.3153904009263132	0.0
/rds/general/user/osella/home/rl-qecc-data/supervisedLearning/sweep2/g5_mix_66-96-126_H3_s4000.pth	3	4000	8	mixed	[(6, 6), (9, 6), (12, 6)]	True	True	True	False	geometric5	10148123	3	27	2026-07-30	29.95053589351992	11.218728447201675	0.2660683176450006	4.6102392625240975	0.3099157398114898	0.21307561335882816	0.0
/rds/general/user/osella/home/rl-qecc-data/supervisedLearning/sweep2/g5_mix_66-96-126_H3_s466555.pth	3	466555	8	mixed	[(6, 6), (9, 6), (12, 6)]	True	True	True	False	geometric5	10148123	3	27	2026-07-30	16.069125023508263	11.218728447201675	0.04649693537195402	6.278641984885572	0.32890975733447636	0.2242843968929106	0.0
/rds/general/user/osella/home/rl-qecc-data/supervisedLearning/sweep2/g5_mix_66-96-126_H3_s5000.pth	3	5000	8	mixed	[(6, 6), (9, 6), (12, 6)]	True	True	True	False	geometric5	10148123	3	27	2026-07-30	16.556931190015895	11.218728447201675	0.06508046361702052	8.967909805092654	-0.05452081918626105	-0.03904923973227255	0.0
/rds/general/user/osella/home/rl-qecc-data/supervisedLearning/sweep2/g5_mix_66-96-126_H3_s54321.pth	3	54321	8	mixed	[(6, 6), (9, 6), (12, 6)]	True	True	True	False	geometric5	10148123	3	27	2026-07-30	17.264459335192917	11.218728447201675	0.130682848867229	7.652754893571626	0.265810602773625	0.1795677877234229	0.0
/rds/general/user/osella/home/rl-qecc-data/supervisedLearning/sweep2/g5_mix_66-96-126_H3_s6000.pth	3	6000	8	mixed	[(6, 6), (9, 6), (12, 6)]	True	True	True	False	geometric5	10148123	3	27	2026-07-30	20.09748853609901	11.218728447201675	0.17507319767260487	2.967599420124625	0.3698355028971412	0.25679215621506624	0.0
/rds/general/user/osella/home/rl-qecc-data/supervisedLearning/sweep2/g5_mix_66-96-126_H3_s7134066.pth	3	7134066	8	mixed	[(6, 6), (9, 6), (12, 6)]	True	True	True	False	geometric5	10148123	3	27	2026-07-30	26.28253694508025	11.218728447201675	0.296717433914019	2.3424304313498774	0.1520937917680285	0.10123518584583037	0.0
/rds/general/user/osella/home/rl-qecc-data/supervisedLearning/sweep2/g5_mix_66-96-126_H4_s1000.pth	4	1000	8	mixed	[(6, 6), (9, 6), (12, 6)]	True	True	True	False	geometric5	10148123	3	27	2026-07-30	16.422770990372218	11.218728447201675	0.06022956791715003	5.534116235016533	0.1631492569229474	0.1082605768774318	0.02
/rds/general/user/osella/home/rl-qecc-data/supervisedLearning/sweep2/g5_mix_66-96-126_H4_s12345.pth	4	12345	8	mixed	[(6, 6), (9, 6), (12, 6)]	True	True	True	False	geometric5	10148123	3	27	2026-07-30	16.585037768722284	11.218728447201675	0.08168318010787375	11.529768541891775	-0.2492934212808709	-0.1694380744362893	0.0
/rds/general/user/osella/home/rl-qecc-data/supervisedLearning/sweep2/g5_mix_66-96-126_H4_s2000.pth	4	2000	8	mixed	[(6, 6), (9, 6), (12, 6)]	True	True	True	False	geometric5	10148123	3	27	2026-07-30	21.433278408073313	11.218728447201675	0.21768210263260834	2.387561259986065	0.33548918227168945	0.23041846296350713	0.0
/rds/general/user/osella/home/rl-qecc-data/supervisedLearning/sweep2/g5_mix_66-96-126_H4_s3000.pth	4	3000	8	mixed	[(6, 6), (9, 6), (12, 6)]	True	True	True	False	geometric5	10148123	3	27	2026-07-30	25.18571636261841	11.218728447201675	0.19097797612258166	3.9766847771137237	0.3110629660052326	0.20915137275471424	0.0
/rds/general/user/osella/home/rl-qecc-data/supervisedLearning/sweep2/g5_mix_66-96-126_H4_s4000.pth	4	4000	8	mixed	[(6, 6), (9, 6), (12, 6)]	True	True	True	False	geometric5	10148123	3	27	2026-07-30	17.653757216380864	11.218728447201675	0.0912571326185188	8.378457123823647	-0.09742339614538952	-0.0651510664173095	0.0
/rds/general/user/osella/home/rl-qecc-data/supervisedLearning/sweep2/g5_mix_66-96-126_H4_s466555.pth	4	466555	8	mixed	[(6, 6), (9, 6), (12, 6)]	True	True	True	False	geometric5	10148123	3	27	2026-07-30	18.781383414149687	11.218728447201675	0.16578555771805542	3.0976184803701905	0.17871387428062538	0.12118879065180423	0.0
/rds/general/user/osella/home/rl-qecc-data/supervisedLearning/sweep2/g5_mix_66-96-126_H4_s5000.pth	4	5000	8	mixed	[(6, 6), (9, 6), (12, 6)]	True	True	True	False	geometric5	10148123	3	27	2026-07-30	15.18943972908808	11.218728447201675	0.08457335533721067	2.623955711411073	0.3438087618491949	0.23406850773795973	0.0
/rds/general/user/osella/home/rl-qecc-data/supervisedLearning/sweep2/g5_mix_66-96-126_H4_s54321.pth	4	54321	8	mixed	[(6, 6), (9, 6), (12, 6)]	True	True	True	False	geometric5	10148123	3	27	2026-07-30	27.761086784837993	11.218728447201675	0.3089589077810321	2.4165306682928858	-0.14704314372044666	-0.09894148536369084	0.0
/rds/general/user/osella/home/rl-qecc-data/supervisedLearning/sweep2/g5_mix_66-96-126_H4_s6000.pth	4	6000	8	mixed	[(6, 6), (9, 6), (12, 6)]	True	True	True	False	geometric5	10148123	3	27	2026-07-30	19.754623847551986	11.218728447201675	0.17232158600047703	2.1780035341026793	0.2068541576218927	0.1403877685056935	0.0
/rds/general/user/osella/home/rl-qecc-data/supervisedLearning/sweep2/g5_mix_66-96-126_H4_s7134066.pth	4	7134066	8	mixed	[(6, 6), (9, 6), (12, 6)]	True	True	True	False	geometric5	10148123	3	27	2026-07-30	24.164458309305218	11.218728447201675	0.24389013410992155	4.88390577462261	0.24498736693737888	0.16790602751833236	0.0
/rds/general/user/osella/home/rl-qecc-data/supervisedLearning/sweep2/g5_mix_66-96-126_H6_s1000.pth	6	1000	8	mixed	[(6, 6), (9, 6), (12, 6)]	True	True	True	False	geometric5	10148123	3	27	2026-07-30	25.44997315926232	11.218728447201675	0.2740384854458064	1.5907888479248895	0.37113033681917956	0.2537640744433503	0.0
/rds/general/user/osella/home/rl-qecc-data/supervisedLearning/sweep2/g5_mix_66-96-126_H6_s12345.pth	6	12345	8	mixed	[(6, 6), (9, 6), (12, 6)]	True	True	True	False	geometric5	10148123	3	27	2026-07-30	27.073638732393714	11.218728447201675	0.28745784626548093	1.9052711114130911	0.030036208099776637	0.02312159898513735	0.0
/rds/general/user/osella/home/rl-qecc-data/supervisedLearning/sweep2/g5_mix_66-96-126_H6_s2000.pth	6	2000	8	mixed	[(6, 6), (9, 6), (12, 6)]	True	True	True	False	geometric5	10148123	3	27	2026-07-30	19.33528531157412	11.218728447201675	0.1758061123547824	2.5329922207524347	0.5054259112548771	0.35459932738771155	0.0
/rds/general/user/osella/home/rl-qecc-data/supervisedLearning/sweep2/g5_mix_66-96-126_H6_s3000.pth	6	3000	8	mixed	[(6, 6), (9, 6), (12, 6)]	True	True	True	False	geometric5	10148123	3	27	2026-07-30	22.142388393134684	11.218728447201675	0.22072813092795016	2.5333920238163516	0.36251328684469136	0.2504801181816258	0.0
/rds/general/user/osella/home/rl-qecc-data/supervisedLearning/sweep2/g5_mix_66-96-126_H6_s4000.pth	6	4000	8	mixed	[(6, 6), (9, 6), (12, 6)]	True	True	True	False	geometric5	10148123	3	27	2026-07-30	20.71542403211535	11.218728447201675	0.19495740227434724	3.342838690317339	0.1681997659527904	0.11358649896272682	0.0
/rds/general/user/osella/home/rl-qecc-data/supervisedLearning/sweep2/g5_mix_66-96-126_H6_s466555.pth	6	466555	8	mixed	[(6, 6), (9, 6), (12, 6)]	True	True	True	False	geometric5	10148123	3	27	2026-07-30	22.409711830648835	11.218728447201675	0.2324485772400522	1.5349410504169274	0.4016435860058041	0.27769669793039076	0.0
/rds/general/user/osella/home/rl-qecc-data/supervisedLearning/sweep2/g5_mix_66-96-126_H6_s5000.pth	6	5000	8	mixed	[(6, 6), (9, 6), (12, 6)]	True	True	True	False	geometric5	10148123	3	27	2026-07-30	21.89935135128227	11.218728447201675	0.20108298902435115	1.587519594541126	0.31683501466644703	0.21734819069893538	0.0
/rds/general/user/osella/home/rl-qecc-data/supervisedLearning/sweep2/g5_mix_66-96-126_H6_s54321.pth	6	54321	8	mixed	[(6, 6), (9, 6), (12, 6)]	True	True	True	False	geometric5	10148123	3	27	2026-07-30	19.735275397957583	11.218728447201675	0.1971719428691121	3.829831115920696	0.32076515303904785	0.2209736081394863	0.0
/rds/general/user/osella/home/rl-qecc-data/supervisedLearning/sweep2/g5_mix_66-96-126_H6_s6000.pth	6	6000	8	mixed	[(6, 6), (9, 6), (12, 6)]	True	True	True	False	geometric5	10148123	3	27	2026-07-30	21.138513455295318	11.218728447201675	0.20135411449316318	1.8518363858545361	0.3917076046703363	0.27056457424649893	0.0
/rds/general/user/osella/home/rl-qecc-data/supervisedLearning/sweep2/g5_mix_66-96-126_H6_s7134066.pth	6	7134066	8	mixed	[(6, 6), (9, 6), (12, 6)]	True	True	True	False	geometric5	10148123	3	27	2026-07-30	20.07621464344133	11.218728447201675	0.17341573640925992	2.952816461721253	0.5043695407521864	0.3535492099677032	0.0
/rds/general/user/osella/home/rl-qecc-data/supervisedLearning/sweep2/g5_mix_66-96-126_H7_s1000.pth	7	1000	8	mixed	[(6, 6), (9, 6), (12, 6)]	True	True	True	False	geometric5	10148123	3	27	2026-07-30	22.548517272834687	11.218728447201675	0.2275189335217601	1.5572673334007456	0.4686096009126653	0.326339729021757	0.0
/rds/general/user/osella/home/rl-qecc-data/supervisedLearning/sweep2/g5_mix_66-96-126_H7_s12345.pth	7	12345	8	mixed	[(6, 6), (9, 6), (12, 6)]	True	True	True	False	geometric5	10148123	3	27	2026-07-30	16.973983175574627	11.218728447201675	0.13876875631788263	1.8205319414653265	0.30412383615319594	0.2064858898136408	0.0
/rds/general/user/osella/home/rl-qecc-data/supervisedLearning/sweep2/g5_mix_66-96-126_H7_s2000.pth	7	2000	8	mixed	[(6, 6), (9, 6), (12, 6)]	True	True	True	False	geometric5	10148123	3	27	2026-07-30	20.422394227694323	11.218728447201675	0.1705475756360851	2.1717596254292646	0.3961046062182693	0.2730189978727222	0.0
/rds/general/user/osella/home/rl-qecc-data/supervisedLearning/sweep2/g5_mix_66-96-126_H7_s3000.pth	7	3000	8	mixed	[(6, 6), (9, 6), (12, 6)]	True	True	True	False	geometric5	10148123	3	27	2026-07-30	23.395368981365547	11.218728447201675	0.20381199088303573	6.056316445371441	0.45110278083328675	0.3118483559533603	0.0
/rds/general/user/osella/home/rl-qecc-data/supervisedLearning/sweep2/g5_mix_66-96-126_H7_s4000.pth	7	4000	8	mixed	[(6, 6), (9, 6), (12, 6)]	True	True	True	False	geometric5	10148123	3	27	2026-07-30	22.418986448117625	11.218728447201675	0.20953596354052675	2.5006787209651713	0.4211074725240322	0.29368406634818867	0.0
/rds/general/user/osella/home/rl-qecc-data/supervisedLearning/sweep2/g5_mix_66-96-126_H7_s466555.pth	7	466555	8	mixed	[(6, 6), (9, 6), (12, 6)]	True	True	True	False	geometric5	10148123	3	27	2026-07-30	22.000741671029303	11.218728447201675	0.25516555103342087	2.0346086559864545	0.23207870793756494	0.15867809237837507	0.0
/rds/general/user/osella/home/rl-qecc-data/supervisedLearning/sweep2/g5_mix_66-96-126_H7_s5000.pth	7	5000	8	mixed	[(6, 6), (9, 6), (12, 6)]	True	True	True	False	geometric5	10148123	3	27	2026-07-30	18.918204935533833	11.218728447201675	0.15842546110921335	4.602868377356609	0.38963691336705486	0.2701820091302276	0.0
/rds/general/user/osella/home/rl-qecc-data/supervisedLearning/sweep2/g5_mix_66-96-126_H7_s54321.pth	7	54321	8	mixed	[(6, 6), (9, 6), (12, 6)]	True	True	True	False	geometric5	10148123	3	27	2026-07-30	23.93866773148195	11.218728447201675	0.24293695550492728	2.452920770049039	0.37012865926642396	0.25519499350548236	0.0
/rds/general/user/osella/home/rl-qecc-data/supervisedLearning/sweep2/g5_mix_66-96-126_H7_s6000.pth	7	6000	8	mixed	[(6, 6), (9, 6), (12, 6)]	True	True	True	False	geometric5	10148123	3	27	2026-07-30	18.515192225917847	11.218728447201675	0.14985565274674564	2.8891514964951384	0.3850408448178383	0.26391554074689055	0.0
/rds/general/user/osella/home/rl-qecc-data/supervisedLearning/sweep2/g5_mix_66-96-126_H7_s7134066.pth	7	7134066	8	mixed	[(6, 6), (9, 6), (12, 6)]	True	True	True	False	geometric5	10148123	3	27	2026-07-30	19.452055238267654	11.218728447201675	0.1727196182729361	2.193136621281875	0.4151043315022068	0.2869005103424029	0.0
/rds/general/user/osella/home/rl-qecc-data/supervisedLearning/sweep2/g5_mix_66-96_H10_s1000.pth	10	1000	12	mixed	[(6, 6), (9, 6)]	True	True	False	False	geometric5	10148123	3	27	2026-07-30	20.605509091877586	11.218728447201675	0.19086348522038327	1.603285984094403	0.5072795158162325	0.35643276162175846	0.0
/rds/general/user/osella/home/rl-qecc-data/supervisedLearning/sweep2/g5_mix_66-96_H10_s12345.pth	10	12345	12	mixed	[(6, 6), (9, 6)]	True	True	False	False	geometric5	10148123	3	27	2026-07-30	20.8919803903612	11.218728447201675	0.18277377077317294	3.2446955342868073	0.4146343289302837	0.28424874310834336	0.02
/rds/general/user/osella/home/rl-qecc-data/supervisedLearning/sweep2/g5_mix_66-96_H10_s2000.pth	10	2000	12	mixed	[(6, 6), (9, 6)]	True	True	False	False	geometric5	10148123	3	27	2026-07-30	24.677321714000705	11.218728447201675	0.18447093175713944	1.8545123631440823	0.33306020335481623	0.22860200885663018	0.0
/rds/general/user/osella/home/rl-qecc-data/supervisedLearning/sweep2/g5_mix_66-96_H10_s3000.pth	10	3000	12	mixed	[(6, 6), (9, 6)]	True	True	False	False	geometric5	10148123	3	27	2026-07-30	19.670082104036947	11.218728447201675	0.14274921953201564	6.645810265471433	0.3345677291074713	0.22772872320359663	0.0
/rds/general/user/osella/home/rl-qecc-data/supervisedLearning/sweep2/g5_mix_66-96_H10_s4000.pth	10	4000	12	mixed	[(6, 6), (9, 6)]	True	True	False	False	geometric5	10148123	3	27	2026-07-30	23.662387500922062	11.218728447201675	0.1987997524377448	1.5693698378031762	0.4897478720601574	0.3418664271245074	0.0
/rds/general/user/osella/home/rl-qecc-data/supervisedLearning/sweep2/g5_mix_66-96_H10_s466555.pth	10	466555	12	mixed	[(6, 6), (9, 6)]	True	True	False	False	geometric5	10148123	3	27	2026-07-30	18.7385985847235	11.218728447201675	0.12051700525814805	9.91825713332768	0.30762458223068295	0.21096784326670925	0.0
/rds/general/user/osella/home/rl-qecc-data/supervisedLearning/sweep2/g5_mix_66-96_H10_s5000.pth	10	5000	12	mixed	[(6, 6), (9, 6)]	True	True	False	False	geometric5	10148123	3	27	2026-07-30	20.050484102689254	11.218728447201675	0.15570131490896902	2.011340298302358	0.4851452388713576	0.33956076366554844	0.0
/rds/general/user/osella/home/rl-qecc-data/supervisedLearning/sweep2/g5_mix_66-96_H10_s54321.pth	10	54321	12	mixed	[(6, 6), (9, 6)]	True	True	False	False	geometric5	10148123	3	27	2026-07-30	21.109073883934705	11.218728447201675	0.18459674064615406	1.7597686885192287	0.43942958243708524	0.3075756198406101	0.0
/rds/general/user/osella/home/rl-qecc-data/supervisedLearning/sweep2/g5_mix_66-96_H10_s6000.pth	10	6000	12	mixed	[(6, 6), (9, 6)]	True	True	False	False	geometric5	10148123	3	27	2026-07-30	21.35578578475466	11.218728447201675	0.17462895193154704	4.063637660071386	0.3826595282820228	0.2645982609159252	0.0
/rds/general/user/osella/home/rl-qecc-data/supervisedLearning/sweep2/g5_mix_66-96_H10_s7134066.pth	10	7134066	12	mixed	[(6, 6), (9, 6)]	True	True	False	False	geometric5	10148123	3	27	2026-07-30	21.65899751963749	11.218728447201675	0.18930778184357125	3.1229155817207155	0.4440108695180397	0.31042865556437316	0.0
/rds/general/user/osella/home/rl-qecc-data/supervisedLearning/sweep2/g5_mix_66-96_H3_s1000.pth	3	1000	12	mixed	[(6, 6), (9, 6)]	True	True	False	False	geometric5	10148123	3	27	2026-07-30	15.290418633614951	11.218728447201675	0.08364204852994701	3.1853576533359136	0.2512908388760671	0.17012794522387933	0.0
/rds/general/user/osella/home/rl-qecc-data/supervisedLearning/sweep2/g5_mix_66-96_H3_s12345.pth	3	12345	12	mixed	[(6, 6), (9, 6)]	True	True	False	False	geometric5	10148123	3	27	2026-07-30	18.380247773738674	11.218728447201675	0.10852865808567252	9.809178440734877	-0.030499459594565646	-0.018910649414653573	0.0
/rds/general/user/osella/home/rl-qecc-data/supervisedLearning/sweep2/g5_mix_66-96_H3_s2000.pth	3	2000	12	mixed	[(6, 6), (9, 6)]	True	True	False	False	geometric5	10148123	3	27	2026-07-30	25.838420889494593	11.218728447201675	0.24923472569854094	5.20842351682266	0.3291608828790908	0.2281307918330083	0.0
/rds/general/user/osella/home/rl-qecc-data/supervisedLearning/sweep2/g5_mix_66-96_H3_s3000.pth	3	3000	12	mixed	[(6, 6), (9, 6)]	True	True	False	False	geometric5	10148123	3	27	2026-07-30	17.72553540856335	11.218728447201675	0.13958201999693143	11.031405082431963	0.10731578924612489	0.06844366851171096	0.0
/rds/general/user/osella/home/rl-qecc-data/supervisedLearning/sweep2/g5_mix_66-96_H3_s4000.pth	3	4000	12	mixed	[(6, 6), (9, 6)]	True	True	False	False	geometric5	10148123	3	27	2026-07-30	18.94382912461957	11.218728447201675	0.19714704590925128	3.035378417564061	0.37246456511781467	0.25784111087000694	0.0
/rds/general/user/osella/home/rl-qecc-data/supervisedLearning/sweep2/g5_mix_66-96_H3_s466555.pth	3	466555	12	mixed	[(6, 6), (9, 6)]	True	True	False	False	geometric5	10148123	3	27	2026-07-30	21.659225961203564	11.218728447201675	0.21097881818321104	1.8049229591237046	0.39352085490383526	0.2723454195578607	0.0
/rds/general/user/osella/home/rl-qecc-data/supervisedLearning/sweep2/g5_mix_66-96_H3_s5000.pth	3	5000	12	mixed	[(6, 6), (9, 6)]	True	True	False	False	geometric5	10148123	3	27	2026-07-30	17.59573028032999	11.218728447201675	0.13550954977449098	9.061626733981896	0.2441964451651927	0.16641754626554675	0.0
/rds/general/user/osella/home/rl-qecc-data/supervisedLearning/sweep2/g5_mix_66-96_H3_s54321.pth	3	54321	12	mixed	[(6, 6), (9, 6)]	True	True	False	False	geometric5	10148123	3	27	2026-07-30	22.751775234730015	11.218728447201675	0.21844450228748452	3.7793962521317486	0.3596225451483572	0.2492736087396813	0.0
/rds/general/user/osella/home/rl-qecc-data/supervisedLearning/sweep2/g5_mix_66-96_H3_s6000.pth	3	6000	12	mixed	[(6, 6), (9, 6)]	True	True	False	False	geometric5	10148123	3	27	2026-07-30	21.6542868764511	11.218728447201675	0.20904557068311225	3.37013587987193	0.3464317781898433	0.23751772113487163	0.0
/rds/general/user/osella/home/rl-qecc-data/supervisedLearning/sweep2/g5_mix_66-96_H3_s7134066.pth	3	7134066	12	mixed	[(6, 6), (9, 6)]	True	True	False	False	geometric5	10148123	3	27	2026-07-30	16.030010091710857	11.218728447201675	0.09853296810556833	4.446179493601898	0.17038120217913758	0.11449746289416936	0.0
/rds/general/user/osella/home/rl-qecc-data/supervisedLearning/sweep2/g5_mix_66-96_H4_s1000.pth	4	1000	12	mixed	[(6, 6), (9, 6)]	True	True	False	False	geometric5	10148123	3	27	2026-07-30	18.058567414254227	11.218728447201675	0.11767604280587607	7.241578564793783	0.14339722803468632	0.0945588801140394	0.0
/rds/general/user/osella/home/rl-qecc-data/supervisedLearning/sweep2/g5_mix_66-96_H4_s12345.pth	4	12345	12	mixed	[(6, 6), (9, 6)]	True	True	False	False	geometric5	10148123	3	27	2026-07-30	28.852225986616048	11.218728447201675	0.30953326782091967	1.8239797261622732	0.10642779358909005	0.06905390040431747	0.0
/rds/general/user/osella/home/rl-qecc-data/supervisedLearning/sweep2/g5_mix_66-96_H4_s2000.pth	4	2000	12	mixed	[(6, 6), (9, 6)]	True	True	False	False	geometric5	10148123	3	27	2026-07-30	17.78077922932423	11.218728447201675	0.12104452868775585	6.089414360313912	0.46767699666377455	0.3277823536379786	0.0
/rds/general/user/osella/home/rl-qecc-data/supervisedLearning/sweep2/g5_mix_66-96_H4_s3000.pth	4	3000	12	mixed	[(6, 6), (9, 6)]	True	True	False	False	geometric5	10148123	3	27	2026-07-30	24.543114479597488	11.218728447201675	0.24818650220483668	2.496725674332636	0.31510920674117043	0.21702934174469182	0.0
/rds/general/user/osella/home/rl-qecc-data/supervisedLearning/sweep2/g5_mix_66-96_H4_s4000.pth	4	4000	12	mixed	[(6, 6), (9, 6)]	True	True	False	False	geometric5	10148123	3	27	2026-07-30	27.41809022194888	11.218728447201675	0.2861120401433601	2.173707617412456	0.3427994682525773	0.23202879208880545	0.0
/rds/general/user/osella/home/rl-qecc-data/supervisedLearning/sweep2/g5_mix_66-96_H4_s466555.pth	4	466555	12	mixed	[(6, 6), (9, 6)]	True	True	False	False	geometric5	10148123	3	27	2026-07-30	20.67756226727876	11.218728447201675	0.1963360244152763	7.755215838600907	0.020410350679949764	0.013820913947923414	0.0
/rds/general/user/osella/home/rl-qecc-data/supervisedLearning/sweep2/g5_mix_66-96_H4_s5000.pth	4	5000	12	mixed	[(6, 6), (9, 6)]	True	True	False	False	geometric5	10148123	3	27	2026-07-30	17.48239413922506	11.218728447201675	0.05334804458704285	16.930593851070544	0.353613258355426	0.24202689155552634	0.0
/rds/general/user/osella/home/rl-qecc-data/supervisedLearning/sweep2/g5_mix_66-96_H4_s54321.pth	4	54321	12	mixed	[(6, 6), (9, 6)]	True	True	False	False	geometric5	10148123	3	27	2026-07-30	16.47558188939829	11.218728447201675	0.05085045675134993	5.034082505183407	-0.09034797336372084	-0.061801774310743164	0.0
/rds/general/user/osella/home/rl-qecc-data/supervisedLearning/sweep2/g5_mix_66-96_H4_s6000.pth	4	6000	12	mixed	[(6, 6), (9, 6)]	True	True	False	False	geometric5	10148123	3	27	2026-07-30	15.857578343111324	11.218728447201675	0.08984763664065525	11.192122217207265	0.23809487692317335	0.16345332047721095	0.0
/rds/general/user/osella/home/rl-qecc-data/supervisedLearning/sweep2/g5_mix_66-96_H4_s7134066.pth	4	7134066	12	mixed	[(6, 6), (9, 6)]	True	True	False	False	geometric5	10148123	3	27	2026-07-30	16.971902265998253	11.218728447201675	0.13917110695546916	4.520859081089021	0.24195727574835962	0.1676295753931862	0.0
/rds/general/user/osella/home/rl-qecc-data/supervisedLearning/sweep2/g5_mix_66-96_H6_s1000.pth	6	1000	12	mixed	[(6, 6), (9, 6)]	True	True	False	False	geometric5	10148123	3	27	2026-07-30	28.900666877205975	11.218728447201675	0.26495334611109445	1.5801467037171568	0.3800910126923782	0.26033796244206003	0.0
/rds/general/user/osella/home/rl-qecc-data/supervisedLearning/sweep2/g5_mix_66-96_H6_s12345.pth	6	12345	12	mixed	[(6, 6), (9, 6)]	True	True	False	False	geometric5	10148123	3	27	2026-07-30	22.833477800634597	11.218728447201675	0.2758294549410909	1.645559496179967	0.2720947816680443	0.18685658431710211	0.0
/rds/general/user/osella/home/rl-qecc-data/supervisedLearning/sweep2/g5_mix_66-96_H6_s2000.pth	6	2000	12	mixed	[(6, 6), (9, 6)]	True	True	False	False	geometric5	10148123	3	27	2026-07-30	23.79289911793193	11.218728447201675	0.2030931549449886	1.620386923600693	0.36669879075271167	0.2504427341180426	0.0
/rds/general/user/osella/home/rl-qecc-data/supervisedLearning/sweep2/g5_mix_66-96_H6_s3000.pth	6	3000	12	mixed	[(6, 6), (9, 6)]	True	True	False	False	geometric5	10148123	3	27	2026-07-30	23.176743792216694	11.218728447201675	0.19286591381285978	3.7561088704287315	0.41728392985823853	0.28724916196118827	0.0
/rds/general/user/osella/home/rl-qecc-data/supervisedLearning/sweep2/g5_mix_66-96_H6_s4000.pth	6	4000	12	mixed	[(6, 6), (9, 6)]	True	True	False	False	geometric5	10148123	3	27	2026-07-30	20.28412236465725	11.218728447201675	0.18577798506127155	2.7621670923128714	0.29002770370863085	0.19914328883545238	0.0
/rds/general/user/osella/home/rl-qecc-data/supervisedLearning/sweep2/g5_mix_66-96_H6_s466555.pth	6	466555	12	mixed	[(6, 6), (9, 6)]	True	True	False	False	geometric5	10148123	3	27	2026-07-30	21.758758513978538	11.218728447201675	0.23196943260035124	1.814708668480844	0.33434762247375244	0.2270503514263095	0.0
/rds/general/user/osella/home/rl-qecc-data/supervisedLearning/sweep2/g5_mix_66-96_H6_s5000.pth	6	5000	12	mixed	[(6, 6), (9, 6)]	True	True	False	False	geometric5	10148123	3	27	2026-07-30	26.35596261239058	11.218728447201675	0.2785229878179082	1.587567030125001	0.3009041723162177	0.2067870334574371	0.0
/rds/general/user/osella/home/rl-qecc-data/supervisedLearning/sweep2/g5_mix_66-96_H6_s54321.pth	6	54321	12	mixed	[(6, 6), (9, 6)]	True	True	False	False	geometric5	10148123	3	27	2026-07-30	23.37055564920356	11.218728447201675	0.2181622770201454	2.290317133747848	0.2887823991653989	0.19906513442578208	0.0
/rds/general/user/osella/home/rl-qecc-data/supervisedLearning/sweep2/g5_mix_66-96_H6_s6000.pth	6	6000	12	mixed	[(6, 6), (9, 6)]	True	True	False	False	geometric5	10148123	3	27	2026-07-30	25.035035302310742	11.218728447201675	0.24341857072214843	2.2725969563106707	0.3335284477934698	0.22964723941907975	0.0
/rds/general/user/osella/home/rl-qecc-data/supervisedLearning/sweep2/g5_mix_66-96_H6_s7134066.pth	6	7134066	12	mixed	[(6, 6), (9, 6)]	True	True	False	False	geometric5	10148123	3	27	2026-07-30	21.04330839780908	11.218728447201675	0.18963621067322156	1.6599055068809643	0.4284969564204524	0.29877636566542226	0.0
/rds/general/user/osella/home/rl-qecc-data/supervisedLearning/sweep2/g5_mix_66-96_H7_s1000.pth	7	1000	12	mixed	[(6, 6), (9, 6)]	True	True	False	False	geometric5	10148123	3	27	2026-07-30	24.739439257163635	11.218728447201675	0.20119131202575988	1.4745910130570152	0.5116807060097881	0.358952554673104	0.0
/rds/general/user/osella/home/rl-qecc-data/supervisedLearning/sweep2/g5_mix_66-96_H7_s12345.pth	7	12345	12	mixed	[(6, 6), (9, 6)]	True	True	False	False	geometric5	10148123	3	27	2026-07-30	31.841982759694936	11.218728447201675	0.3267477028690969	1.586960632660913	0.09907427487458999	0.06978358843511355	0.0
/rds/general/user/osella/home/rl-qecc-data/supervisedLearning/sweep2/g5_mix_66-96_H7_s2000.pth	7	2000	12	mixed	[(6, 6), (9, 6)]	True	True	False	False	geometric5	10148123	3	27	2026-07-30	28.76510865618913	11.218728447201675	0.26234375878783867	1.8701455879980085	0.3603436899510358	0.2450502830703047	0.0
/rds/general/user/osella/home/rl-qecc-data/supervisedLearning/sweep2/g5_mix_66-96_H7_s3000.pth	7	3000	12	mixed	[(6, 6), (9, 6)]	True	True	False	False	geometric5	10148123	3	27	2026-07-30	20.746030184532707	11.218728447201675	0.19184757927502188	1.4334853037300983	0.37739604228493984	0.25948473122488325	0.0
/rds/general/user/osella/home/rl-qecc-data/supervisedLearning/sweep2/g5_mix_66-96_H7_s4000.pth	7	4000	12	mixed	[(6, 6), (9, 6)]	True	True	False	False	geometric5	10148123	3	27	2026-07-30	31.019703995244402	11.218728447201675	0.29983020763911605	1.7277543427031923	0.30454424906429034	0.20948376240454356	0.0
/rds/general/user/osella/home/rl-qecc-data/supervisedLearning/sweep2/g5_mix_66-96_H7_s466555.pth	7	466555	12	mixed	[(6, 6), (9, 6)]	True	True	False	False	geometric5	10148123	3	27	2026-07-30	16.83008813197691	11.218728447201675	0.10685478193558083	6.017283618039853	0.4043721061637477	0.28002303728339456	0.0
/rds/general/user/osella/home/rl-qecc-data/supervisedLearning/sweep2/g5_mix_66-96_H7_s5000.pth	7	5000	12	mixed	[(6, 6), (9, 6)]	True	True	False	False	geometric5	10148123	3	27	2026-07-30	18.815761952503685	11.218728447201675	0.15266347989806217	1.663090164432042	0.4433393406088327	0.30802932646818537	0.02
/rds/general/user/osella/home/rl-qecc-data/supervisedLearning/sweep2/g5_mix_66-96_H7_s54321.pth	7	54321	12	mixed	[(6, 6), (9, 6)]	True	True	False	False	geometric5	10148123	3	27	2026-07-30	23.542756359011246	11.218728447201675	0.21828203523505918	1.9478889916206055	0.41779683822880037	0.28826067583053255	0.0
/rds/general/user/osella/home/rl-qecc-data/supervisedLearning/sweep2/g5_mix_66-96_H7_s6000.pth	7	6000	12	mixed	[(6, 6), (9, 6)]	True	True	False	False	geometric5	10148123	3	27	2026-07-30	26.376925178632597	11.218728447201675	0.2397306270629294	1.6389486900909205	0.3782455889864317	0.2602266929374748	0.0
/rds/general/user/osella/home/rl-qecc-data/supervisedLearning/sweep2/g5_mix_66-96_H7_s7134066.pth	7	7134066	12	mixed	[(6, 6), (9, 6)]	True	True	False	False	geometric5	10148123	3	27	2026-07-30	24.331193033826587	11.218728447201675	0.18996787646189653	1.7081894800223967	0.48393138280015785	0.33659894186524875	0.0
/rds/general/user/osella/home/rl-qecc-data/supervisedLearning/sweep2/g5_mix_66_H10_s1000.pth	10	1000	24	mixed	[(6, 6)]	True	False	False	False	geometric5	10148123	3	27	2026-07-30	18.108619671528437	11.218728447201675	0.08890019737172766	8.098340707013962	0.27229852258912907	0.1869347268558424	0.0
/rds/general/user/osella/home/rl-qecc-data/supervisedLearning/sweep2/g5_mix_66_H10_s12345.pth	10	12345	24	mixed	[(6, 6)]	True	False	False	False	geometric5	10148123	3	27	2026-07-30	20.01314854480998	11.218728447201675	0.17093669274330167	2.7448759065158996	0.3291536174571935	0.22414817554761798	0.0
/rds/general/user/osella/home/rl-qecc-data/supervisedLearning/sweep2/g5_mix_66_H10_s2000.pth	10	2000	24	mixed	[(6, 6)]	True	False	False	False	geometric5	10148123	3	27	2026-07-30	17.421231810434744	11.218728447201675	0.06080472418810255	15.578914203244105	0.3596778119543631	0.24892050176125197	0.0
/rds/general/user/osella/home/rl-qecc-data/supervisedLearning/sweep2/g5_mix_66_H10_s3000.pth	10	3000	24	mixed	[(6, 6)]	True	False	False	False	geometric5	10148123	3	27	2026-07-30	19.13270126715275	11.218728447201675	0.13563432419064658	4.638312376475284	0.36721837621979087	0.25289809402827573	0.0
/rds/general/user/osella/home/rl-qecc-data/supervisedLearning/sweep2/g5_mix_66_H10_s4000.pth	10	4000	24	mixed	[(6, 6)]	True	False	False	False	geometric5	10148123	3	27	2026-07-30	18.063410014161512	11.218728447201675	0.10283465973561344	11.098499681362926	0.26587415400137904	0.1794445270098875	0.0
/rds/general/user/osella/home/rl-qecc-data/supervisedLearning/sweep2/g5_mix_66_H10_s466555.pth	10	466555	24	mixed	[(6, 6)]	True	False	False	False	geometric5	10148123	3	27	2026-07-30	16.503658825279615	11.218728447201675	0.11182600743193365	3.76673410283482	0.31631915866353727	0.21777292590195643	0.0
/rds/general/user/osella/home/rl-qecc-data/supervisedLearning/sweep2/g5_mix_66_H10_s5000.pth	10	5000	24	mixed	[(6, 6)]	True	False	False	False	geometric5	10148123	3	27	2026-07-30	18.17828583897756	11.218728447201675	0.14028719699779793	3.2678350055354595	0.3615258366965598	0.2499550516535656	0.0
/rds/general/user/osella/home/rl-qecc-data/supervisedLearning/sweep2/g5_mix_66_H10_s54321.pth	10	54321	24	mixed	[(6, 6)]	True	False	False	False	geometric5	10148123	3	27	2026-07-30	18.884693967450925	11.218728447201675	0.14272626368461191	1.792258922261735	0.2898863944655848	0.19725247631016277	0.0
/rds/general/user/osella/home/rl-qecc-data/supervisedLearning/sweep2/g5_mix_66_H10_s6000.pth	10	6000	24	mixed	[(6, 6)]	True	False	False	False	geometric5	10148123	3	27	2026-07-30	18.166570296968423	11.218728447201675	0.14691994145204687	3.5076104021016867	0.44584199273100633	0.31123808656016694	0.0
/rds/general/user/osella/home/rl-qecc-data/supervisedLearning/sweep2/g5_mix_66_H10_s7134066.pth	10	7134066	24	mixed	[(6, 6)]	True	False	False	False	geometric5	10148123	3	27	2026-07-30	17.954142640961635	11.218728447201675	0.09781908190447036	12.470278638162327	0.30352595625603473	0.20838769406709332	0.0
/rds/general/user/osella/home/rl-qecc-data/supervisedLearning/sweep2/g5_mix_66_H3_s1000.pth	3	1000	24	mixed	[(6, 6)]	True	False	False	False	geometric5	10148123	3	27	2026-07-30	18.694086254245445	11.218728447201675	0.105461339185228	8.706129997207492	0.21926204866546933	0.15007361953159826	0.0
/rds/general/user/osella/home/rl-qecc-data/supervisedLearning/sweep2/g5_mix_66_H3_s12345.pth	3	12345	24	mixed	[(6, 6)]	True	False	False	False	geometric5	10148123	3	27	2026-07-30	18.679258000717738	11.218728447201675	0.11690238861576789	8.517404764558606	0.12997079406188258	0.0870097196467771	0.0
/rds/general/user/osella/home/rl-qecc-data/supervisedLearning/sweep2/g5_mix_66_H3_s2000.pth	3	2000	24	mixed	[(6, 6)]	True	False	False	False	geometric5	10148123	3	27	2026-07-30	18.309678026748735	11.218728447201675	0.13606407849590033	6.36985680327589	0.24444748882721976	0.16493673056735125	0.0
/rds/general/user/osella/home/rl-qecc-data/supervisedLearning/sweep2/g5_mix_66_H3_s3000.pth	3	3000	24	mixed	[(6, 6)]	True	False	False	False	geometric5	10148123	3	27	2026-07-30	23.97420506800648	11.218728447201675	0.22198278510831634	3.5161871471291586	0.26955037583242075	0.18345271306332217	0.0
/rds/general/user/osella/home/rl-qecc-data/supervisedLearning/sweep2/g5_mix_66_H3_s4000.pth	3	4000	24	mixed	[(6, 6)]	True	False	False	False	geometric5	10148123	3	27	2026-07-30	17.639297843403302	11.218728447201675	0.12638353778003703	4.117892486072982	0.20465584214014712	0.1376678707297476	0.0
/rds/general/user/osella/home/rl-qecc-data/supervisedLearning/sweep2/g5_mix_66_H3_s466555.pth	3	466555	24	mixed	[(6, 6)]	True	False	False	False	geometric5	10148123	3	27	2026-07-30	18.208113711703028	11.218728447201675	0.12005335838898605	4.985188414025673	0.31434298169439956	0.21750121461525454	0.0
/rds/general/user/osella/home/rl-qecc-data/supervisedLearning/sweep2/g5_mix_66_H3_s5000.pth	3	5000	24	mixed	[(6, 6)]	True	False	False	False	geometric5	10148123	3	27	2026-07-30	20.985930707676424	11.218728447201675	0.17238227176377557	2.5936614564400555	0.3584979369719251	0.2501490882120367	0.0
/rds/general/user/osella/home/rl-qecc-data/supervisedLearning/sweep2/g5_mix_66_H3_s54321.pth	3	54321	24	mixed	[(6, 6)]	True	False	False	False	geometric5	10148123	3	27	2026-07-30	25.506647006784817	11.218728447201675	0.24323845906925423	1.7306563707691376	0.2826191593163215	0.1897766460182618	0.0
/rds/general/user/osella/home/rl-qecc-data/supervisedLearning/sweep2/g5_mix_66_H3_s6000.pth	3	6000	24	mixed	[(6, 6)]	True	False	False	False	geometric5	10148123	3	27	2026-07-30	18.026256269868096	11.218728447201675	0.13761237172778987	3.376787482315165	0.27771180227263836	0.18966214332572853	0.0
/rds/general/user/osella/home/rl-qecc-data/supervisedLearning/sweep2/g5_mix_66_H3_s7134066.pth	3	7134066	24	mixed	[(6, 6)]	True	False	False	False	geometric5	10148123	3	27	2026-07-30	18.498522145280248	11.218728447201675	0.1389860575375482	3.753932643168342	0.3853766835940419	0.2676032690614982	0.0
/rds/general/user/osella/home/rl-qecc-data/supervisedLearning/sweep2/g5_mix_66_H4_s1000.pth	4	1000	24	mixed	[(6, 6)]	True	False	False	False	geometric5	10148123	3	27	2026-07-30	21.485300571625636	11.218728447201675	0.1812716610941759	5.942973112026627	0.3251546558624006	0.22239033148530118	0.0
/rds/general/user/osella/home/rl-qecc-data/supervisedLearning/sweep2/g5_mix_66_H4_s12345.pth	4	12345	24	mixed	[(6, 6)]	True	False	False	False	geometric5	10148123	3	27	2026-07-30	18.242105040981297	11.218728447201675	0.14020338911979527	7.38729819193954	0.05362362564572251	0.035257566151382015	0.0
/rds/general/user/osella/home/rl-qecc-data/supervisedLearning/sweep2/g5_mix_66_H4_s2000.pth	4	2000	24	mixed	[(6, 6)]	True	False	False	False	geometric5	10148123	3	27	2026-07-30	19.348357472470905	11.218728447201675	0.069298501960246	8.058969261178314	0.30392062326196123	0.20857710685766387	0.0
/rds/general/user/osella/home/rl-qecc-data/supervisedLearning/sweep2/g5_mix_66_H4_s3000.pth	4	3000	24	mixed	[(6, 6)]	True	False	False	False	geometric5	10148123	3	27	2026-07-30	15.720906078490952	11.218728447201675	0.08539984933513299	8.231111349891599	0.2945435503938308	0.20214587587433	0.0
/rds/general/user/osella/home/rl-qecc-data/supervisedLearning/sweep2/g5_mix_66_H4_s4000.pth	4	4000	24	mixed	[(6, 6)]	True	False	False	False	geometric5	10148123	3	27	2026-07-30	20.241358832054495	11.218728447201675	0.16234790028336743	6.454008184947551	0.3322811781120727	0.23046868308547488	0.0
/rds/general/user/osella/home/rl-qecc-data/supervisedLearning/sweep2/g5_mix_66_H4_s466555.pth	4	466555	24	mixed	[(6, 6)]	True	False	False	False	geometric5	10148123	3	27	2026-07-30	18.915776193356297	11.218728447201675	0.12533491721109777	6.427353807986588	0.3317118970964634	0.2286241711016125	0.0
/rds/general/user/osella/home/rl-qecc-data/supervisedLearning/sweep2/g5_mix_66_H4_s5000.pth	4	5000	24	mixed	[(6, 6)]	True	False	False	False	geometric5	10148123	3	27	2026-07-30	20.245002970363817	11.218728447201675	0.14903205556495228	3.7295507457762693	0.30062384184116153	0.2052815477971568	0.0
/rds/general/user/osella/home/rl-qecc-data/supervisedLearning/sweep2/g5_mix_66_H4_s54321.pth	4	54321	24	mixed	[(6, 6)]	True	False	False	False	geometric5	10148123	3	27	2026-07-30	18.914757771206908	11.218728447201675	0.12601538682200916	5.877915829022277	0.3013045305142449	0.2069635421420819	0.0
/rds/general/user/osella/home/rl-qecc-data/supervisedLearning/sweep2/g5_mix_66_H4_s6000.pth	4	6000	24	mixed	[(6, 6)]	True	False	False	False	geometric5	10148123	3	27	2026-07-30	24.12671111962841	11.218728447201675	0.23497990695238144	3.725630358995557	0.31416463577874454	0.21447718565762117	0.0
/rds/general/user/osella/home/rl-qecc-data/supervisedLearning/sweep2/g5_mix_66_H4_s7134066.pth	4	7134066	24	mixed	[(6, 6)]	True	False	False	False	geometric5	10148123	3	27	2026-07-30	17.57057244597901	11.218728447201675	0.1079565087246233	9.898028959148538	0.32294269500289857	0.2216482567662022	0.0
/rds/general/user/osella/home/rl-qecc-data/supervisedLearning/sweep2/g5_mix_66_H6_s1000.pth	6	1000	24	mixed	[(6, 6)]	True	False	False	False	geometric5	10148123	3	27	2026-07-30	24.829661215086084	11.218728447201675	0.26384133365879997	1.9744231388538362	0.4065608475442639	0.28038487308957877	0.0
/rds/general/user/osella/home/rl-qecc-data/supervisedLearning/sweep2/g5_mix_66_H6_s12345.pth	6	12345	24	mixed	[(6, 6)]	True	False	False	False	geometric5	10148123	3	27	2026-07-30	21.103350688194105	11.218728447201675	0.18771902879523247	5.0195855703624614	0.3496053909299521	0.2408684932946706	0.0
/rds/general/user/osella/home/rl-qecc-data/supervisedLearning/sweep2/g5_mix_66_H6_s2000.pth	6	2000	24	mixed	[(6, 6)]	True	False	False	False	geometric5	10148123	3	27	2026-07-30	20.01127056098834	11.218728447201675	0.15474800379564416	4.479128748765174	0.31737759553162614	0.2162003879032456	0.0
/rds/general/user/osella/home/rl-qecc-data/supervisedLearning/sweep2/g5_mix_66_H6_s3000.pth	6	3000	24	mixed	[(6, 6)]	True	False	False	False	geometric5	10148123	3	27	2026-07-30	16.444217380546657	11.218728447201675	0.06682977557253918	15.007769481667726	0.2735869236820254	0.18548454324184466	0.0
/rds/general/user/osella/home/rl-qecc-data/supervisedLearning/sweep2/g5_mix_66_H6_s4000.pth	6	4000	24	mixed	[(6, 6)]	True	False	False	False	geometric5	10148123	3	27	2026-07-30	18.105099642454974	11.218728447201675	0.11556888116445094	8.874455271256341	0.13589905595555576	0.09341456600541254	0.0
/rds/general/user/osella/home/rl-qecc-data/supervisedLearning/sweep2/g5_mix_66_H6_s466555.pth	6	466555	24	mixed	[(6, 6)]	True	False	False	False	geometric5	10148123	3	27	2026-07-30	19.118897225273262	11.218728447201675	0.14688956974960515	2.676420484444015	0.117228378308632	0.08251944546825155	0.0
/rds/general/user/osella/home/rl-qecc-data/supervisedLearning/sweep2/g5_mix_66_H6_s5000.pth	6	5000	24	mixed	[(6, 6)]	True	False	False	False	geometric5	10148123	3	27	2026-07-30	19.32747081622417	11.218728447201675	0.12482503735007609	8.87555813995249	0.23830890091448848	0.16230555747316763	0.02
/rds/general/user/osella/home/rl-qecc-data/supervisedLearning/sweep2/g5_mix_66_H6_s54321.pth	6	54321	24	mixed	[(6, 6)]	True	False	False	False	geometric5	10148123	3	27	2026-07-30	29.89232289492204	11.218728447201675	0.2661415606464141	1.6940732805783845	0.3458796579527439	0.23536986439239446	0.0
/rds/general/user/osella/home/rl-qecc-data/supervisedLearning/sweep2/g5_mix_66_H6_s6000.pth	6	6000	24	mixed	[(6, 6)]	True	False	False	False	geometric5	10148123	3	27	2026-07-30	18.06373369571203	11.218728447201675	0.1440919858416814	3.205252605811891	0.35479853447222703	0.2442798574816551	0.0
/rds/general/user/osella/home/rl-qecc-data/supervisedLearning/sweep2/g5_mix_66_H6_s7134066.pth	6	7134066	24	mixed	[(6, 6)]	True	False	False	False	geometric5	10148123	3	27	2026-07-30	17.564374198654306	11.218728447201675	0.10879402272844563	3.7135698585548274	0.3731118759103932	0.25664210853962854	0.0
/rds/general/user/osella/home/rl-qecc-data/supervisedLearning/sweep2/g5_mix_66_H7_s1000.pth	7	1000	24	mixed	[(6, 6)]	True	False	False	False	geometric5	10148123	3	27	2026-07-30	18.356685173492725	11.218728447201675	0.1304936707989187	2.66217900066861	0.38235364926598947	0.26413465426445687	0.02
/rds/general/user/osella/home/rl-qecc-data/supervisedLearning/sweep2/g5_mix_66_H7_s12345.pth	7	12345	24	mixed	[(6, 6)]	True	False	False	False	geometric5	10148123	3	27	2026-07-30	17.30607779153291	11.218728447201675	0.11299250690375344	6.693846787209729	0.4501065853274894	0.31431161169471505	0.0
/rds/general/user/osella/home/rl-qecc-data/supervisedLearning/sweep2/g5_mix_66_H7_s2000.pth	7	2000	24	mixed	[(6, 6)]	True	False	False	False	geometric5	10148123	3	27	2026-07-30	18.768918231560306	11.218728447201675	0.1385477075840747	3.8332203721629172	0.3723141520479745	0.25949932533764397	0.0
/rds/general/user/osella/home/rl-qecc-data/supervisedLearning/sweep2/g5_mix_66_H7_s3000.pth	7	3000	24	mixed	[(6, 6)]	True	False	False	False	geometric5	10148123	3	27	2026-07-30	15.935194651827825	11.218728447201675	0.06496509633468793	6.888401386479608	0.35107189677197415	0.24267773411965968	0.0
/rds/general/user/osella/home/rl-qecc-data/supervisedLearning/sweep2/g5_mix_66_H7_s4000.pth	7	4000	24	mixed	[(6, 6)]	True	False	False	False	geometric5	10148123	3	27	2026-07-30	18.886825558176238	11.218728447201675	0.13701317773495256	4.217374583983621	0.37127754036513455	0.25842711380769295	0.0
/rds/general/user/osella/home/rl-qecc-data/supervisedLearning/sweep2/g5_mix_66_H7_s466555.pth	7	466555	24	mixed	[(6, 6)]	True	False	False	False	geometric5	10148123	3	27	2026-07-30	26.006821866883186	11.218728447201675	0.24995435899131627	2.5698796186841375	0.32115646987185226	0.21937282090855845	0.0
/rds/general/user/osella/home/rl-qecc-data/supervisedLearning/sweep2/g5_mix_66_H7_s5000.pth	7	5000	24	mixed	[(6, 6)]	True	False	False	False	geometric5	10148123	3	27	2026-07-30	18.09737147564525	11.218728447201675	0.11788925480962398	7.065748460010122	0.3534669933050387	0.24447312471793342	0.02
/rds/general/user/osella/home/rl-qecc-data/supervisedLearning/sweep2/g5_mix_66_H7_s54321.pth	7	54321	24	mixed	[(6, 6)]	True	False	False	False	geometric5	10148123	3	27	2026-07-30	22.198491576509383	11.218728447201675	0.21027060746443932	2.631750780195576	0.08802621414469027	0.05914669827199352	0.0
/rds/general/user/osella/home/rl-qecc-data/supervisedLearning/sweep2/g5_mix_66_H7_s6000.pth	7	6000	24	mixed	[(6, 6)]	True	False	False	False	geometric5	10148123	3	27	2026-07-30	17.33532944678908	11.218728447201675	0.1061450315511752	4.170223613996909	0.2799287339840467	0.19110203803271508	0.0
/rds/general/user/osella/home/rl-qecc-data/supervisedLearning/sweep2/g5_mix_66_H7_s7134066.pth	7	7134066	24	mixed	[(6, 6)]	True	False	False	False	geometric5	10148123	3	27	2026-07-30	19.065152826888017	11.218728447201675	0.14858159841940438	3.9294808488300528	0.3879192877048962	0.2693200112641656	0.0
/rds/general/user/osella/home/rl-qecc-data/supervisedLearning/sweep2/g5_ground_anch_H10_s1000.pth	10	1000	2	groundAnchored	[(6, 6), (9, 6), (12, 6), (15, 3)]	True	True	True	True	geometric5	18402947	5	15	2026-07-30	11.628828267726965	9.340422154314163	0.06292485028462952	3.4725542472259625	0.42456494009711465	0.29584782562355055	0.0
/rds/general/user/osella/home/rl-qecc-data/supervisedLearning/sweep2/g5_ground_anch_H10_s12345.pth	10	12345	2	groundAnchored	[(6, 6), (9, 6), (12, 6), (15, 3)]	True	True	True	True	geometric5	18402947	5	15	2026-07-30	12.768584840834908	9.340422154314163	0.10888141642636702	2.055259899046193	0.43960384779566236	0.302822681517943	0.02
/rds/general/user/osella/home/rl-qecc-data/supervisedLearning/sweep2/g5_ground_anch_H10_s2000.pth	10	2000	2	groundAnchored	[(6, 6), (9, 6), (12, 6), (15, 3)]	True	True	True	True	geometric5	18402947	5	15	2026-07-30	12.876327583486711	9.340422154314163	0.09779207311628516	2.755478627165232	0.46506758914656104	0.32700707377961735	0.0
/rds/general/user/osella/home/rl-qecc-data/supervisedLearning/sweep2/g5_ground_anch_H10_s3000.pth	10	3000	2	groundAnchored	[(6, 6), (9, 6), (12, 6), (15, 3)]	True	True	True	True	geometric5	18402947	5	15	2026-07-30	12.701497996016847	9.340422154314163	0.0941092742378151	2.2587423758414227	0.4706643733691033	0.3278014376759566	0.0
/rds/general/user/osella/home/rl-qecc-data/supervisedLearning/sweep2/g5_ground_anch_H10_s4000.pth	10	4000	2	groundAnchored	[(6, 6), (9, 6), (12, 6), (15, 3)]	True	True	True	True	geometric5	18402947	5	15	2026-07-30	12.179552224936783	9.340422154314163	0.08884345311401853	2.6370662367230366	0.39299712372717327	0.27180439461712014	0.0
/rds/general/user/osella/home/rl-qecc-data/supervisedLearning/sweep2/g5_ground_anch_H10_s466555.pth	10	466555	2	groundAnchored	[(6, 6), (9, 6), (12, 6), (15, 3)]	True	True	True	True	geometric5	18402947	5	15	2026-07-30	11.582934332476988	9.340422154314163	0.05416487899482633	2.3717214412323036	0.39314343937159507	0.272799739028358	0.0
/rds/general/user/osella/home/rl-qecc-data/supervisedLearning/sweep2/g5_ground_anch_H10_s5000.pth	10	5000	2	groundAnchored	[(6, 6), (9, 6), (12, 6), (15, 3)]	True	True	True	True	geometric5	18402947	5	15	2026-07-30	13.13473678509538	9.340422154314163	0.10550235414969643	2.9782958605765413	0.5467794398694068	0.38679405716821796	0.0
/rds/general/user/osella/home/rl-qecc-data/supervisedLearning/sweep2/g5_ground_anch_H10_s54321.pth	10	54321	2	groundAnchored	[(6, 6), (9, 6), (12, 6), (15, 3)]	True	True	True	True	geometric5	18402947	5	15	2026-07-30	12.197160065217131	9.340422154314163	0.0967233148126656	1.9209904094232628	0.4769763405047177	0.33314821310533954	0.0
/rds/general/user/osella/home/rl-qecc-data/supervisedLearning/sweep2/g5_ground_anch_H10_s6000.pth	10	6000	2	groundAnchored	[(6, 6), (9, 6), (12, 6), (15, 3)]	True	True	True	True	geometric5	18402947	5	15	2026-07-30	12.371140847429237	9.340422154314163	0.10549548320225753	2.2817816976442766	0.5230092500009513	0.368673824719386	0.0
/rds/general/user/osella/home/rl-qecc-data/supervisedLearning/sweep2/g5_ground_anch_H10_s7134066.pth	10	7134066	2	groundAnchored	[(6, 6), (9, 6), (12, 6), (15, 3)]	True	True	True	True	geometric5	18402947	5	15	2026-07-30	12.791231759850035	9.340422154314163	0.08817974566717932	4.666711145570651	0.34296419466583833	0.23843675006300238	0.0
/rds/general/user/osella/home/rl-qecc-data/supervisedLearning/sweep2/g5_ground_anch_H3_s1000.pth	3	1000	2	groundAnchored	[(6, 6), (9, 6), (12, 6), (15, 3)]	True	True	True	True	geometric5	18402947	5	15	2026-07-30	13.29339114679764	9.340422154314163	0.09004473677476975	2.832929975370764	0.38746608716349923	0.2724611388881669	0.0
/rds/general/user/osella/home/rl-qecc-data/supervisedLearning/sweep2/g5_ground_anch_H3_s12345.pth	3	12345	2	groundAnchored	[(6, 6), (9, 6), (12, 6), (15, 3)]	True	True	True	True	geometric5	18402947	5	15	2026-07-31	15.175203028951994	9.340422154314163	0.173785310512193	2.490095145164809	0.4091924872325337	0.2851622174735916	0.0
/rds/general/user/osella/home/rl-qecc-data/supervisedLearning/sweep2/g5_ground_anch_H3_s2000.pth	3	2000	2	groundAnchored	[(6, 6), (9, 6), (12, 6), (15, 3)]	True	True	True	True	geometric5	18402947	5	15	2026-07-31	14.70895786996005	9.340422154314163	0.14741670965050416	2.818556856273707	0.48887725601873966	0.3388864277125601	0.02
/rds/general/user/osella/home/rl-qecc-data/supervisedLearning/sweep2/g5_ground_anch_H3_s3000.pth	3	3000	2	groundAnchored	[(6, 6), (9, 6), (12, 6), (15, 3)]	True	True	True	True	geometric5	18402947	5	15	2026-07-31	15.139848357413836	9.340422154314163	0.16511318909549802	2.8151984779284733	0.19912593514238486	0.1368265621165821	0.0
/rds/general/user/osella/home/rl-qecc-data/supervisedLearning/sweep2/g5_ground_anch_H3_s4000.pth	3	4000	2	groundAnchored	[(6, 6), (9, 6), (12, 6), (15, 3)]	True	True	True	True	geometric5	18402947	5	15	2026-07-31	14.544464883711328	9.340422154314163	0.16070425421116913	2.5691248296901277	0.18521452085086726	0.13007028749875693	0.0
/rds/general/user/osella/home/rl-qecc-data/supervisedLearning/sweep2/g5_ground_anch_H3_s466555.pth	3	466555	2	groundAnchored	[(6, 6), (9, 6), (12, 6), (15, 3)]	True	True	True	True	geometric5	18402947	5	15	2026-07-31	13.341716932361704	9.340422154314163	0.09183329022348691	4.762041379030394	0.31725375950833373	0.22139321708759876	0.02
/rds/general/user/osella/home/rl-qecc-data/supervisedLearning/sweep2/g5_ground_anch_H3_s5000.pth	3	5000	2	groundAnchored	[(6, 6), (9, 6), (12, 6), (15, 3)]	True	True	True	True	geometric5	18402947	5	15	2026-07-31	13.968642909045975	9.340422154314163	0.1405430328756973	2.831020397982189	0.4346926859501259	0.30495029923378014	0.02
/rds/general/user/osella/home/rl-qecc-data/supervisedLearning/sweep2/g5_ground_anch_H3_s54321.pth	3	54321	2	groundAnchored	[(6, 6), (9, 6), (12, 6), (15, 3)]	True	True	True	True	geometric5	18402947	5	15	2026-07-31	15.284102494273707	9.340422154314163	0.17156088957654309	2.4537695495327507	0.4258016712180783	0.29381016851549197	0.0
/rds/general/user/osella/home/rl-qecc-data/supervisedLearning/sweep2/g5_ground_anch_H3_s6000.pth	3	6000	2	groundAnchored	[(6, 6), (9, 6), (12, 6), (15, 3)]	True	True	True	True	geometric5	18402947	5	15	2026-07-31	13.576951300704332	9.340422154314163	0.11852919025644054	3.2341272907653478	0.3552825036476188	0.24718131456150746	0.02
/rds/general/user/osella/home/rl-qecc-data/supervisedLearning/sweep2/g5_ground_anch_H3_s7134066.pth	3	7134066	2	groundAnchored	[(6, 6), (9, 6), (12, 6), (15, 3)]	True	True	True	True	geometric5	18402947	5	15	2026-07-31	13.209724537662318	9.340422154314163	0.11737902823915342	2.4720788249898002	0.45395939051780076	0.3178242809381293	0.0
/rds/general/user/osella/home/rl-qecc-data/supervisedLearning/sweep2/g5_ground_anch_H4_s1000.pth	4	1000	2	groundAnchored	[(6, 6), (9, 6), (12, 6), (15, 3)]	True	True	True	True	geometric5	18402947	5	15	2026-07-31	14.208988481383722	9.340422154314163	0.15013916807771335	2.4721557331257324	0.407289046562309	0.2802923786202026	0.0
/rds/general/user/osella/home/rl-qecc-data/supervisedLearning/sweep2/g5_ground_anch_H4_s12345.pth	4	12345	2	groundAnchored	[(6, 6), (9, 6), (12, 6), (15, 3)]	True	True	True	True	geometric5	18402947	5	15	2026-07-31	14.544076028127487	9.340422154314163	0.15741722267997746	2.8012421123626994	0.25226833657952413	0.1726133361598318	0.0
/rds/general/user/osella/home/rl-qecc-data/supervisedLearning/sweep2/g5_ground_anch_H4_s2000.pth	4	2000	2	groundAnchored	[(6, 6), (9, 6), (12, 6), (15, 3)]	True	True	True	True	geometric5	18402947	5	15	2026-07-31	14.560260350100341	9.340422154314163	0.062191476060530174	7.376704329474017	0.20862555485082537	0.14535928825326916	0.0
/rds/general/user/osella/home/rl-qecc-data/supervisedLearning/sweep2/g5_ground_anch_H4_s3000.pth	4	3000	2	groundAnchored	[(6, 6), (9, 6), (12, 6), (15, 3)]	True	True	True	True	geometric5	18402947	5	15	2026-07-31	13.40916628764667	9.340422154314163	0.10117829841291584	4.9214195606602384	0.3654597755383397	0.25640302871754095	0.0
/rds/general/user/osella/home/rl-qecc-data/supervisedLearning/sweep2/g5_ground_anch_H4_s4000.pth	4	4000	2	groundAnchored	[(6, 6), (9, 6), (12, 6), (15, 3)]	True	True	True	True	geometric5	18402947	5	15	2026-07-31	13.199412388249602	9.340422154314163	0.10889671470464782	3.94721590005989	0.3744503836565829	0.2624579703371895	0.0
/rds/general/user/osella/home/rl-qecc-data/supervisedLearning/sweep2/g5_ground_anch_H4_s466555.pth	4	466555	2	groundAnchored	[(6, 6), (9, 6), (12, 6), (15, 3)]	True	True	True	True	geometric5	18402947	5	15	2026-07-31	15.0825641296696	9.340422154314163	0.08136295870408193	7.664985302573465	0.22565940838150308	0.15898784480095063	0.0
/rds/general/user/osella/home/rl-qecc-data/supervisedLearning/sweep2/g5_ground_anch_H4_s5000.pth	4	5000	2	groundAnchored	[(6, 6), (9, 6), (12, 6), (15, 3)]	True	True	True	True	geometric5	18402947	5	15	2026-07-31	13.36692165971932	9.340422154314163	0.10829887022106484	3.3734661264685184	0.44003468970991627	0.306046918907624	0.0
/rds/general/user/osella/home/rl-qecc-data/supervisedLearning/sweep2/g5_ground_anch_H4_s54321.pth	4	54321	2	groundAnchored	[(6, 6), (9, 6), (12, 6), (15, 3)]	True	True	True	True	geometric5	18402947	5	15	2026-07-31	16.922600117012752	9.340422154314163	0.11402542279888658	9.358714615462128	0.161897040681029	0.1100809164748942	0.0
/rds/general/user/osella/home/rl-qecc-data/supervisedLearning/sweep2/g5_ground_anch_H4_s6000.pth	4	6000	2	groundAnchored	[(6, 6), (9, 6), (12, 6), (15, 3)]	True	True	True	True	geometric5	18402947	5	15	2026-07-31	14.981898715462393	9.340422154314163	0.17161784173397665	2.7048186736870847	0.35345643793817455	0.24266510032662514	0.0
/rds/general/user/osella/home/rl-qecc-data/supervisedLearning/sweep2/g5_ground_anch_H4_s7134066.pth	4	7134066	2	groundAnchored	[(6, 6), (9, 6), (12, 6), (15, 3)]	True	True	True	True	geometric5	18402947	5	15	2026-07-31	14.175298977932778	9.340422154314163	0.1032461996643057	5.381656287519556	0.2757263980971316	0.19190527171056804	0.0
/rds/general/user/osella/home/rl-qecc-data/supervisedLearning/sweep2/g5_ground_anch_H6_s1000.pth	6	1000	2	groundAnchored	[(6, 6), (9, 6), (12, 6), (15, 3)]	True	True	True	True	geometric5	18402947	5	15	2026-07-31	14.447273462596206	9.340422154314163	0.16881724477604382	2.0388201062243705	0.2862584423737472	0.19627227927258248	0.0
/rds/general/user/osella/home/rl-qecc-data/supervisedLearning/sweep2/g5_ground_anch_H6_s12345.pth	6	12345	2	groundAnchored	[(6, 6), (9, 6), (12, 6), (15, 3)]	True	True	True	True	geometric5	18402947	5	15	2026-07-31	14.682610442188333	9.340422154314163	0.15551142000432025	2.5033506481063883	0.5031979778170472	0.35523024713411716	0.0
/rds/general/user/osella/home/rl-qecc-data/supervisedLearning/sweep2/g5_ground_anch_H6_s2000.pth	6	2000	2	groundAnchored	[(6, 6), (9, 6), (12, 6), (15, 3)]	True	True	True	True	geometric5	18402947	5	15	2026-07-31	12.990485874434963	9.340422154314163	0.1045219331998166	3.227491542619679	0.3925687551688244	0.2702356926954595	0.0
/rds/general/user/osella/home/rl-qecc-data/supervisedLearning/sweep2/g5_ground_anch_H6_s3000.pth	6	3000	2	groundAnchored	[(6, 6), (9, 6), (12, 6), (15, 3)]	True	True	True	True	geometric5	18402947	5	15	2026-07-31	12.624116234120345	9.340422154314163	0.06005077348759175	6.857676663770978	0.4969767755421922	0.34518305864667287	0.0
/rds/general/user/osella/home/rl-qecc-data/supervisedLearning/sweep2/g5_ground_anch_H6_s4000.pth	6	4000	2	groundAnchored	[(6, 6), (9, 6), (12, 6), (15, 3)]	True	True	True	True	geometric5	18402947	5	15	2026-07-31	14.111190713633299	9.340422154314163	0.14345705159131097	2.5793749052434496	0.4795042265649922	0.336277908649906	0.0
/rds/general/user/osella/home/rl-qecc-data/supervisedLearning/sweep2/g5_ground_anch_H6_s466555.pth	6	466555	2	groundAnchored	[(6, 6), (9, 6), (12, 6), (15, 3)]	True	True	True	True	geometric5	18402947	5	15	2026-07-31	12.940901919774284	9.340422154314163	0.07638308701212684	3.0230709972122694	0.41730290933322245	0.2870450635192935	0.0
/rds/general/user/osella/home/rl-qecc-data/supervisedLearning/sweep2/g5_ground_anch_H6_s5000.pth	6	5000	2	groundAnchored	[(6, 6), (9, 6), (12, 6), (15, 3)]	True	True	True	True	geometric5	18402947	5	15	2026-07-31	12.888357457877236	9.340422154314163	0.10040002606712463	3.2615275961037695	0.32146475529838037	0.22288561737878326	0.0
/rds/general/user/osella/home/rl-qecc-data/supervisedLearning/sweep2/g5_ground_anch_H6_s54321.pth	6	54321	2	groundAnchored	[(6, 6), (9, 6), (12, 6), (15, 3)]	True	True	True	True	geometric5	18402947	5	15	2026-07-31	14.702848528686683	9.340422154314163	0.16013261316556893	2.4350431864662596	0.49216981696725376	0.3434010114569429	0.0
/rds/general/user/osella/home/rl-qecc-data/supervisedLearning/sweep2/g5_ground_anch_H6_s6000.pth	6	6000	2	groundAnchored	[(6, 6), (9, 6), (12, 6), (15, 3)]	True	True	True	True	geometric5	18402947	5	15	2026-07-31	12.92726339793813	9.340422154314163	0.11633042832038498	2.765527541958932	0.47716437655696275	0.3353626991852316	0.0
/rds/general/user/osella/home/rl-qecc-data/supervisedLearning/sweep2/g5_ground_anch_H6_s7134066.pth	6	7134066	2	groundAnchored	[(6, 6), (9, 6), (12, 6), (15, 3)]	True	True	True	True	geometric5	18402947	5	15	2026-07-31	12.726811446973144	9.340422154314163	0.08102698288980245	2.8841998870411576	0.523723475815876	0.3670548399510107	0.0
/rds/general/user/osella/home/rl-qecc-data/supervisedLearning/sweep2/g5_ground_anch_H7_s1000.pth	7	1000	2	groundAnchored	[(6, 6), (9, 6), (12, 6), (15, 3)]	True	True	True	True	geometric5	18402947	5	15	2026-07-31	12.128083171189422	9.340422154314163	0.06346703308556582	2.6657978484952682	0.4589936285658852	0.3191284348281001	0.0
/rds/general/user/osella/home/rl-qecc-data/supervisedLearning/sweep2/g5_ground_anch_H7_s12345.pth	7	12345	2	groundAnchored	[(6, 6), (9, 6), (12, 6), (15, 3)]	True	True	True	True	geometric5	18402947	5	15	2026-07-31	12.540632766375438	9.340422154314163	0.06392864033946694	3.6754351433831487	0.5535033887569113	0.39438927693657966	0.0
/rds/general/user/osella/home/rl-qecc-data/supervisedLearning/sweep2/g5_ground_anch_H7_s2000.pth	7	2000	2	groundAnchored	[(6, 6), (9, 6), (12, 6), (15, 3)]	True	True	True	True	geometric5	18402947	5	15	2026-07-31	12.128585239674644	9.340422154314163	0.09700482792739626	2.196054082268916	0.49441829695130374	0.34761226150260205	0.0
/rds/general/user/osella/home/rl-qecc-data/supervisedLearning/sweep2/g5_ground_anch_H7_s3000.pth	7	3000	2	groundAnchored	[(6, 6), (9, 6), (12, 6), (15, 3)]	True	True	True	True	geometric5	18402947	5	15	2026-07-31	11.479361631050478	9.340422154314163	0.06023722461240479	2.814519449291515	0.46886346803246526	0.32662034943183194	0.0
/rds/general/user/osella/home/rl-qecc-data/supervisedLearning/sweep2/g5_ground_anch_H7_s4000.pth	7	4000	2	groundAnchored	[(6, 6), (9, 6), (12, 6), (15, 3)]	True	True	True	True	geometric5	18402947	5	15	2026-07-31	13.53782255323948	9.340422154314163	0.10864583848376927	2.73438868248045	0.5361816059114431	0.3802877679723678	0.0
/rds/general/user/osella/home/rl-qecc-data/supervisedLearning/sweep2/g5_ground_anch_H7_s466555.pth	7	466555	2	groundAnchored	[(6, 6), (9, 6), (12, 6), (15, 3)]	True	True	True	True	geometric5	18402947	5	15	2026-07-31	15.679548553694282	9.340422154314163	0.1576202035888231	2.5290041575783526	0.40794139373142635	0.2799990261055345	0.0
/rds/general/user/osella/home/rl-qecc-data/supervisedLearning/sweep2/g5_ground_anch_H7_s5000.pth	7	5000	2	groundAnchored	[(6, 6), (9, 6), (12, 6), (15, 3)]	True	True	True	True	geometric5	18402947	5	15	2026-07-31	12.232728046175238	9.340422154314163	0.0734624172223337	3.318487768350961	0.4722912740108634	0.3308381153001123	0.0
/rds/general/user/osella/home/rl-qecc-data/supervisedLearning/sweep2/g5_ground_anch_H7_s54321.pth	7	54321	2	groundAnchored	[(6, 6), (9, 6), (12, 6), (15, 3)]	True	True	True	True	geometric5	18402947	5	15	2026-07-31	14.280334977675153	9.340422154314163	0.14342493113048232	2.7332832404184297	0.46245554690220597	0.3206430634374294	0.0
/rds/general/user/osella/home/rl-qecc-data/supervisedLearning/sweep2/g5_ground_anch_H7_s6000.pth	7	6000	2	groundAnchored	[(6, 6), (9, 6), (12, 6), (15, 3)]	True	True	True	True	geometric5	18402947	5	15	2026-07-31	12.649517949181933	9.340422154314163	0.0714990305334651	3.9634611278803926	0.5152856789120442	0.3617359878487147	0.0
/rds/general/user/osella/home/rl-qecc-data/supervisedLearning/sweep2/g5_ground_anch_H7_s7134066.pth	7	7134066	2	groundAnchored	[(6, 6), (9, 6), (12, 6), (15, 3)]	True	True	True	True	geometric5	18402947	5	15	2026-07-31	12.907121700110888	9.340422154314163	0.10837365561006343	3.2836224433739805	0.4491409966605513	0.31278788523712686	0.0
/rds/general/user/osella/home/rl-qecc-data/supervisedLearning/sweep2/g5_ground_pure_H10_s1000.pth	10	1000	2	groundPure	[(6, 6), (9, 6), (12, 6), (15, 3)]	True	True	True	True	geometric5	18402947	5	15	2026-07-31	12.283043713189125	9.340422154314163	0.09497710395667072	3.0625046607466015	0.5001803266226493	0.3512692651931276	0.0
/rds/general/user/osella/home/rl-qecc-data/supervisedLearning/sweep2/g5_ground_pure_H10_s12345.pth	10	12345	2	groundPure	[(6, 6), (9, 6), (12, 6), (15, 3)]	True	True	True	True	geometric5	18402947	5	15	2026-07-31	12.47649356874552	9.340422154314163	0.11071717978558929	2.0885369432283607	0.508283297010819	0.3550396646922287	0.0
/rds/general/user/osella/home/rl-qecc-data/supervisedLearning/sweep2/g5_ground_pure_H10_s2000.pth	10	2000	2	groundPure	[(6, 6), (9, 6), (12, 6), (15, 3)]	True	True	True	True	geometric5	18402947	5	15	2026-07-31	12.840732798201492	9.340422154314163	0.0932747306695303	2.572417779301171	0.475709862964261	0.33619185702940557	0.0
/rds/general/user/osella/home/rl-qecc-data/supervisedLearning/sweep2/g5_ground_pure_H10_s3000.pth	10	3000	2	groundPure	[(6, 6), (9, 6), (12, 6), (15, 3)]	True	True	True	True	geometric5	18402947	5	15	2026-07-31	12.704591171186678	9.340422154314163	0.0951632690897094	2.310675462805989	0.46589713240932906	0.32387695961526164	0.0
/rds/general/user/osella/home/rl-qecc-data/supervisedLearning/sweep2/g5_ground_pure_H10_s4000.pth	10	4000	2	groundPure	[(6, 6), (9, 6), (12, 6), (15, 3)]	True	True	True	True	geometric5	18402947	5	15	2026-07-31	12.808335461036247	9.340422154314163	0.11317092274013907	2.2932426150545386	0.44493599751921253	0.30806658072469306	0.0
/rds/general/user/osella/home/rl-qecc-data/supervisedLearning/sweep2/g5_ground_pure_H10_s466555.pth	10	466555	2	groundPure	[(6, 6), (9, 6), (12, 6), (15, 3)]	True	True	True	True	geometric5	18402947	5	15	2026-07-31	11.959702476949706	9.340422154314163	0.0815657793382603	2.316568419852944	0.5230917181592459	0.36613858133465615	0.0
/rds/general/user/osella/home/rl-qecc-data/supervisedLearning/sweep2/g5_ground_pure_H10_s5000.pth	10	5000	2	groundPure	[(6, 6), (9, 6), (12, 6), (15, 3)]	True	True	True	True	geometric5	18402947	5	15	2026-07-31	12.863418951868889	9.340422154314163	0.08686196258793093	2.9414904398446606	0.5337770113025976	0.3773867879436693	0.0
/rds/general/user/osella/home/rl-qecc-data/supervisedLearning/sweep2/g5_ground_pure_H10_s54321.pth	10	54321	2	groundPure	[(6, 6), (9, 6), (12, 6), (15, 3)]	True	True	True	True	geometric5	18402947	5	15	2026-07-31	12.63858674111091	9.340422154314163	0.1075579826829459	2.0930952896564907	0.5196846778284527	0.36417536342991635	0.0
/rds/general/user/osella/home/rl-qecc-data/supervisedLearning/sweep2/g5_ground_pure_H10_s6000.pth	10	6000	2	groundPure	[(6, 6), (9, 6), (12, 6), (15, 3)]	True	True	True	True	geometric5	18402947	5	15	2026-07-31	12.442053689729947	9.340422154314163	0.1032368333347996	2.133769822179982	0.537028897513698	0.37738004597649355	0.0
/rds/general/user/osella/home/rl-qecc-data/supervisedLearning/sweep2/g5_ground_pure_H10_s7134066.pth	10	7134066	2	groundPure	[(6, 6), (9, 6), (12, 6), (15, 3)]	True	True	True	True	geometric5	18402947	5	15	2026-07-31	12.972593878300662	9.340422154314163	0.10496874703031199	3.8540201976014723	0.3444620725881972	0.23830676335953682	0.0
/rds/general/user/osella/home/rl-qecc-data/supervisedLearning/sweep2/g5_ground_pure_H3_s1000.pth	3	1000	2	groundPure	[(6, 6), (9, 6), (12, 6), (15, 3)]	True	True	True	True	geometric5	18402947	5	15	2026-07-31	13.743968234030657	9.340422154314163	0.07484992058632478	4.221617991768544	0.36690200228281256	0.2593368029219503	0.0
/rds/general/user/osella/home/rl-qecc-data/supervisedLearning/sweep2/g5_ground_pure_H3_s12345.pth	3	12345	2	groundPure	[(6, 6), (9, 6), (12, 6), (15, 3)]	True	True	True	True	geometric5	18402947	5	15	2026-07-31	15.034869002354045	9.340422154314163	0.17345222575798677	2.443840273839587	0.3705076126842129	0.25697425228745985	0.0
/rds/general/user/osella/home/rl-qecc-data/supervisedLearning/sweep2/g5_ground_pure_H3_s2000.pth	3	2000	2	groundPure	[(6, 6), (9, 6), (12, 6), (15, 3)]	True	True	True	True	geometric5	18402947	5	15	2026-07-31	14.810208277936013	9.340422154314163	0.14661104147494933	2.7380080008178904	0.4396101031335724	0.3020290639384734	0.04
/rds/general/user/osella/home/rl-qecc-data/supervisedLearning/sweep2/g5_ground_pure_H3_s3000.pth	3	3000	2	groundPure	[(6, 6), (9, 6), (12, 6), (15, 3)]	True	True	True	True	geometric5	18402947	5	15	2026-07-31	15.08402183163285	9.340422154314163	0.16537291388664446	2.7726273910230628	0.20570096716810513	0.1398077075939277	0.0
/rds/general/user/osella/home/rl-qecc-data/supervisedLearning/sweep2/g5_ground_pure_H3_s4000.pth	3	4000	2	groundPure	[(6, 6), (9, 6), (12, 6), (15, 3)]	True	True	True	True	geometric5	18402947	5	15	2026-07-31	14.133643878715358	9.340422154314163	0.15575968635229925	2.5173403895849953	0.1989975624549035	0.1399167772814386	0.0
/rds/general/user/osella/home/rl-qecc-data/supervisedLearning/sweep2/g5_ground_pure_H3_s466555.pth	3	466555	2	groundPure	[(6, 6), (9, 6), (12, 6), (15, 3)]	True	True	True	True	geometric5	18402947	5	15	2026-07-31	13.808129719249276	9.340422154314163	0.09439227329759554	5.349830271842692	0.2851930040896573	0.2022046956058756	0.0
/rds/general/user/osella/home/rl-qecc-data/supervisedLearning/sweep2/g5_ground_pure_H3_s5000.pth	3	5000	2	groundPure	[(6, 6), (9, 6), (12, 6), (15, 3)]	True	True	True	True	geometric5	18402947	5	15	2026-07-31	13.563525232673696	9.340422154314163	0.1250108665641898	2.94867795526022	0.41717989864003685	0.2932483023340369	0.02
/rds/general/user/osella/home/rl-qecc-data/supervisedLearning/sweep2/g5_ground_pure_H3_s54321.pth	3	54321	2	groundPure	[(6, 6), (9, 6), (12, 6), (15, 3)]	True	True	True	True	geometric5	18402947	5	15	2026-07-31	15.538364077205726	9.340422154314163	0.1861168741978741	2.232199636132566	0.3862284528375028	0.26710982954207696	0.0
/rds/general/user/osella/home/rl-qecc-data/supervisedLearning/sweep2/g5_ground_pure_H3_s6000.pth	3	6000	2	groundPure	[(6, 6), (9, 6), (12, 6), (15, 3)]	True	True	True	True	geometric5	18402947	5	15	2026-07-31	13.32947331863268	9.340422154314163	0.12811062637589274	2.679767707392695	0.4139759568259399	0.28690871836461057	0.0
/rds/general/user/osella/home/rl-qecc-data/supervisedLearning/sweep2/g5_ground_pure_H3_s7134066.pth	3	7134066	2	groundPure	[(6, 6), (9, 6), (12, 6), (15, 3)]	True	True	True	True	geometric5	18402947	5	15	2026-07-31	13.218191495050224	9.340422154314163	0.12315017070136598	2.3888128253644183	0.40221092924401985	0.28043395973438173	0.0
/rds/general/user/osella/home/rl-qecc-data/supervisedLearning/sweep2/g5_ground_pure_H4_s1000.pth	4	1000	2	groundPure	[(6, 6), (9, 6), (12, 6), (15, 3)]	True	True	True	True	geometric5	18402947	5	15	2026-07-31	14.231013223376468	9.340422154314163	0.1425288889497605	2.5260723399426537	0.45532146490697856	0.3146851581189661	0.0
/rds/general/user/osella/home/rl-qecc-data/supervisedLearning/sweep2/g5_ground_pure_H4_s12345.pth	4	12345	2	groundPure	[(6, 6), (9, 6), (12, 6), (15, 3)]	True	True	True	True	geometric5	18402947	5	15	2026-07-31	14.638794050565656	9.340422154314163	0.14982788579762038	3.279200716113576	0.126634721949533	0.08615040459103962	0.0
/rds/general/user/osella/home/rl-qecc-data/supervisedLearning/sweep2/g5_ground_pure_H4_s2000.pth	4	2000	2	groundPure	[(6, 6), (9, 6), (12, 6), (15, 3)]	True	True	True	True	geometric5	18402947	5	15	2026-07-31	13.437880467354733	9.340422154314163	0.05484959789279462	6.400331455030048	0.24961550343065075	0.1704039822197888	0.0
/rds/general/user/osella/home/rl-qecc-data/supervisedLearning/sweep2/g5_ground_pure_H4_s3000.pth	4	3000	2	groundPure	[(6, 6), (9, 6), (12, 6), (15, 3)]	True	True	True	True	geometric5	18402947	5	15	2026-07-31	13.420741404059818	9.340422154314163	0.08537570433853825	5.876239340863754	0.26507872734031135	0.1827413052869594	0.0
/rds/general/user/osella/home/rl-qecc-data/supervisedLearning/sweep2/g5_ground_anch_H10_s1000.pth	10	1000	2	groundAnchored	[(6, 6), (9, 6), (12, 6), (15, 3)]	True	True	True	True	geometric5	1353227	12	6	2026-07-31	9.8023794476834	7.378381754377367	0.0969428209845345	2.4268189397612954	0.6274044365659331	0.4516165497779388	0.02
/rds/general/user/osella/home/rl-qecc-data/supervisedLearning/sweep2/g5_ground_anch_H10_s12345.pth	10	12345	2	groundAnchored	[(6, 6), (9, 6), (12, 6), (15, 3)]	True	True	True	True	geometric5	1353227	12	6	2026-07-31	11.200388091055302	7.378381754377367	0.15368731747546022	2.4654175481947314	0.5382304727527285	0.3790387968948756	0.04
/rds/general/user/osella/home/rl-qecc-data/supervisedLearning/sweep2/g5_ground_anch_H10_s2000.pth	10	2000	2	groundAnchored	[(6, 6), (9, 6), (12, 6), (15, 3)]	True	True	True	True	geometric5	1353227	12	6	2026-07-31	10.908521440952441	7.378381754377367	0.13154992879073432	2.4530198309149682	0.7040389460181614	0.5212513373478198	0.0
/rds/general/user/osella/home/rl-qecc-data/supervisedLearning/sweep2/g5_ground_anch_H10_s3000.pth	10	3000	2	groundAnchored	[(6, 6), (9, 6), (12, 6), (15, 3)]	True	True	True	True	geometric5	1353227	12	6	2026-07-31	9.80988178821504	7.378381754377367	0.09462661284381428	2.4390935003925955	0.6898188844857619	0.5056985568325542	0.02
/rds/general/user/osella/home/rl-qecc-data/supervisedLearning/sweep2/g5_ground_anch_H10_s4000.pth	10	4000	2	groundAnchored	[(6, 6), (9, 6), (12, 6), (15, 3)]	True	True	True	True	geometric5	1353227	12	6	2026-07-31	9.716550060219495	7.378381754377367	0.0847749960039612	2.4255353293829893	0.5971478412582802	0.42765682145600736	0.0
/rds/general/user/osella/home/rl-qecc-data/supervisedLearning/sweep2/g5_ground_anch_H10_s466555.pth	10	466555	2	groundAnchored	[(6, 6), (9, 6), (12, 6), (15, 3)]	True	True	True	True	geometric5	1353227	12	6	2026-07-31	9.772235594531077	7.378381754377367	0.09687177148670066	2.4375530821598823	0.5735440832578883	0.40719465891431056	0.0
/rds/general/user/osella/home/rl-qecc-data/supervisedLearning/sweep2/g5_ground_anch_H10_s5000.pth	10	5000	2	groundAnchored	[(6, 6), (9, 6), (12, 6), (15, 3)]	True	True	True	True	geometric5	1353227	12	6	2026-07-31	10.502829065995112	7.378381754377367	0.12852871872994498	2.4802277421495362	0.6108149483441006	0.4358752306954089	0.0
/rds/general/user/osella/home/rl-qecc-data/supervisedLearning/sweep2/g5_ground_anch_H10_s54321.pth	10	54321	2	groundAnchored	[(6, 6), (9, 6), (12, 6), (15, 3)]	True	True	True	True	geometric5	1353227	12	6	2026-07-31	10.701499732558483	7.378381754377367	0.13737599632326727	2.4525998888562013	0.6140552997402866	0.43835847524613325	0.04
/rds/general/user/osella/home/rl-qecc-data/supervisedLearning/sweep2/g5_ground_anch_H10_s6000.pth	10	6000	2	groundAnchored	[(6, 6), (9, 6), (12, 6), (15, 3)]	True	True	True	True	geometric5	1353227	12	6	2026-07-31	9.38808161590639	7.378381754377367	0.08302148933497638	2.4751158216876377	0.5617788694588376	0.3981198494177895	0.0
/rds/general/user/osella/home/rl-qecc-data/supervisedLearning/sweep2/g5_ground_anch_H10_s7134066.pth	10	7134066	2	groundAnchored	[(6, 6), (9, 6), (12, 6), (15, 3)]	True	True	True	True	geometric5	1353227	12	6	2026-07-31	9.793285932494207	7.378381754377367	0.09957203905899523	2.47216526160862	0.5778829655346055	0.40891685982475046	0.0
/rds/general/user/osella/home/rl-qecc-data/supervisedLearning/sweep2/g5_ground_anch_H3_s1000.pth	3	1000	2	groundAnchored	[(6, 6), (9, 6), (12, 6), (15, 3)]	True	True	True	True	geometric5	1353227	12	6	2026-07-31	9.982680443564774	7.378381754377367	0.10246371186708389	2.4432121643821416	0.6309252420540115	0.45423481797278265	0.02
/rds/general/user/osella/home/rl-qecc-data/supervisedLearning/sweep2/g5_ground_anch_H3_s12345.pth	3	12345	2	groundAnchored	[(6, 6), (9, 6), (12, 6), (15, 3)]	True	True	True	True	geometric5	1353227	12	6	2026-07-31	10.45436691114404	7.378381754377367	0.12279740769748645	2.434671276763593	0.5742912282933489	0.40721631033028116	0.0
/rds/general/user/osella/home/rl-qecc-data/supervisedLearning/sweep2/g5_ground_anch_H3_s2000.pth	3	2000	2	groundAnchored	[(6, 6), (9, 6), (12, 6), (15, 3)]	True	True	True	True	geometric5	1353227	12	6	2026-07-31	11.221535973405077	7.378381754377367	0.14794210595757762	2.4383703057203525	0.6126138358548828	0.43593217909804777	0.04
/rds/general/user/osella/home/rl-qecc-data/supervisedLearning/sweep2/g5_ground_anch_H3_s3000.pth	3	3000	2	groundAnchored	[(6, 6), (9, 6), (12, 6), (15, 3)]	True	True	True	True	geometric5	1353227	12	6	2026-07-31	10.167279005867618	7.378381754377367	0.11511863510455651	2.430018082154989	0.590999576147434	0.42136780694778153	0.02
/rds/general/user/osella/home/rl-qecc-data/supervisedLearning/sweep2/g5_ground_anch_H3_s4000.pth	3	4000	2	groundAnchored	[(6, 6), (9, 6), (12, 6), (15, 3)]	True	True	True	True	geometric5	1353227	12	6	2026-07-31	11.117625032548201	7.378381754377367	0.14169138356710556	2.4297222593902643	0.6267854918477836	0.4509789234375398	0.02
/rds/general/user/osella/home/rl-qecc-data/supervisedLearning/sweep2/g5_ground_anch_H3_s466555.pth	3	466555	2	groundAnchored	[(6, 6), (9, 6), (12, 6), (15, 3)]	True	True	True	True	geometric5	1353227	12	6	2026-07-31	10.294662758625455	7.378381754377367	0.12952581948699765	2.4572160801936636	0.6618702320575659	0.4787157580135173	0.0
/rds/general/user/osella/home/rl-qecc-data/supervisedLearning/sweep2/g5_ground_anch_H3_s5000.pth	3	5000	2	groundAnchored	[(6, 6), (9, 6), (12, 6), (15, 3)]	True	True	True	True	geometric5	1353227	12	6	2026-07-31	9.807573955312305	7.378381754377367	0.10734502998899798	2.4428430901887213	0.6230150717578286	0.4467191158641526	0.0
/rds/general/user/osella/home/rl-qecc-data/supervisedLearning/sweep2/g5_ground_anch_H3_s54321.pth	3	54321	2	groundAnchored	[(6, 6), (9, 6), (12, 6), (15, 3)]	True	True	True	True	geometric5	1353227	12	6	2026-07-31	11.195086510897557	7.378381754377367	0.1501869353824883	2.438364324008644	0.6065084722111803	0.43289243663727034	0.02
/rds/general/user/osella/home/rl-qecc-data/supervisedLearning/sweep2/g5_ground_anch_H3_s6000.pth	3	6000	2	groundAnchored	[(6, 6), (9, 6), (12, 6), (15, 3)]	True	True	True	True	geometric5	1353227	12	6	2026-07-31	10.641481604051267	7.378381754377367	0.13494152305655827	2.443465620560878	0.5869262571466743	0.4184935614621911	0.0
/rds/general/user/osella/home/rl-qecc-data/supervisedLearning/sweep2/g5_ground_anch_H3_s7134066.pth	3	7134066	2	groundAnchored	[(6, 6), (9, 6), (12, 6), (15, 3)]	True	True	True	True	geometric5	1353227	12	6	2026-07-31	11.45410305870016	7.378381754377367	0.14932846113298984	2.4380638583959287	0.6604319350909602	0.4776701549817283	0.02
/rds/general/user/osella/home/rl-qecc-data/supervisedLearning/sweep2/g5_ground_anch_H4_s1000.pth	4	1000	2	groundAnchored	[(6, 6), (9, 6), (12, 6), (15, 3)]	True	True	True	True	geometric5	1353227	12	6	2026-07-31	10.926641011094052	7.378381754377367	0.1468377378611385	2.4567822271738557	0.6137091573090151	0.4376509799833386	0.0
/rds/general/user/osella/home/rl-qecc-data/supervisedLearning/sweep2/g5_ground_anch_H4_s12345.pth	4	12345	2	groundAnchored	[(6, 6), (9, 6), (12, 6), (15, 3)]	True	True	True	True	geometric5	1353227	12	6	2026-07-31	10.941496655651642	7.378381754377367	0.14298830787555794	2.437957764717182	0.6096378041270756	0.4347937974685204	0.02
/rds/general/user/osella/home/rl-qecc-data/supervisedLearning/sweep2/g5_ground_anch_H4_s2000.pth	4	2000	2	groundAnchored	[(6, 6), (9, 6), (12, 6), (15, 3)]	True	True	True	True	geometric5	1353227	12	6	2026-07-31	11.030908009465286	7.378381754377367	0.14907752452707299	2.4600099924180685	0.6092081829363519	0.4384550825585329	0.02
/rds/general/user/osella/home/rl-qecc-data/supervisedLearning/sweep2/g5_ground_anch_H4_s3000.pth	4	3000	2	groundAnchored	[(6, 6), (9, 6), (12, 6), (15, 3)]	True	True	True	True	geometric5	1353227	12	6	2026-07-31	10.528266710958258	7.378381754377367	0.13378379151450567	2.440815558612287	0.6515750245923032	0.47246067105186035	0.04
/rds/general/user/osella/home/rl-qecc-data/supervisedLearning/sweep2/g5_ground_anch_H4_s4000.pth	4	4000	2	groundAnchored	[(6, 6), (9, 6), (12, 6), (15, 3)]	True	True	True	True	geometric5	1353227	12	6	2026-07-31	10.323110592353329	7.378381754377367	0.12296034767395174	2.4430405711782925	0.5346366765777025	0.3769592183434467	0.02
/rds/general/user/osella/home/rl-qecc-data/supervisedLearning/sweep2/g5_ground_anch_H4_s466555.pth	4	466555	2	groundAnchored	[(6, 6), (9, 6), (12, 6), (15, 3)]	True	True	True	True	geometric5	1353227	12	6	2026-07-31	10.683508681662657	7.378381754377367	0.12377331133732607	2.4691216890005383	0.6248129206872	0.45188487359392604	0.0
/rds/general/user/osella/home/rl-qecc-data/supervisedLearning/sweep2/g5_ground_anch_H4_s5000.pth	4	5000	2	groundAnchored	[(6, 6), (9, 6), (12, 6), (15, 3)]	True	True	True	True	geometric5	1353227	12	6	2026-07-31	9.973703424306551	7.378381754377367	0.10860830202876584	2.487335579956904	0.5522709041712942	0.39261931535687744	0.02
/rds/general/user/osella/home/rl-qecc-data/supervisedLearning/sweep2/g5_ground_anch_H4_s54321.pth	4	54321	2	groundAnchored	[(6, 6), (9, 6), (12, 6), (15, 3)]	True	True	True	True	geometric5	1353227	12	6	2026-07-31	10.235512751888027	7.378381754377367	0.11512836400885486	2.450774682445222	0.6736416590045888	0.4916599897628688	0.02
/rds/general/user/osella/home/rl-qecc-data/supervisedLearning/sweep2/g5_ground_anch_H4_s6000.pth	4	6000	2	groundAnchored	[(6, 6), (9, 6), (12, 6), (15, 3)]	True	True	True	True	geometric5	1353227	12	6	2026-07-31	10.762155609014586	7.378381754377367	0.13455633508656126	2.470067652662624	0.628038988972705	0.4505312273983685	0.02
/rds/general/user/osella/home/rl-qecc-data/supervisedLearning/sweep2/g5_ground_anch_H4_s7134066.pth	4	7134066	2	groundAnchored	[(6, 6), (9, 6), (12, 6), (15, 3)]	True	True	True	True	geometric5	1353227	12	6	2026-07-31	10.849369088824163	7.378381754377367	0.14209407098988336	2.4499105020767655	0.5919001128373764	0.4193296195758268	0.04
/rds/general/user/osella/home/rl-qecc-data/supervisedLearning/sweep2/g5_ground_anch_H6_s1000.pth	6	1000	2	groundAnchored	[(6, 6), (9, 6), (12, 6), (15, 3)]	True	True	True	True	geometric5	1353227	12	6	2026-07-31	10.794617058315946	7.378381754377367	0.14142490103180974	2.438079648327275	0.6057151236977799	0.43166578859128	0.0
/rds/general/user/osella/home/rl-qecc-data/supervisedLearning/sweep2/g5_ground_anch_H6_s12345.pth	6	12345	2	groundAnchored	[(6, 6), (9, 6), (12, 6), (15, 3)]	True	True	True	True	geometric5	1353227	12	6	2026-07-31	10.103594077682255	7.378381754377367	0.10783334141355846	2.4337840473860743	0.6326669273335407	0.45437464249097625	0.0
/rds/general/user/osella/home/rl-qecc-data/supervisedLearning/sweep2/g5_ground_anch_H6_s2000.pth	6	2000	2	groundAnchored	[(6, 6), (9, 6), (12, 6), (15, 3)]	True	True	True	True	geometric5	1353227	12	6	2026-07-31	10.064825339031614	7.378381754377367	0.11669000679833864	2.4524760255163636	0.6352870975114511	0.45615029119118006	0.04
/rds/general/user/osella/home/rl-qecc-data/supervisedLearning/sweep2/g5_ground_anch_H6_s3000.pth	6	3000	2	groundAnchored	[(6, 6), (9, 6), (12, 6), (15, 3)]	True	True	True	True	geometric5	1353227	12	6	2026-07-31	9.588529783679574	7.378381754377367	0.07798900661564014	2.4651865670294213	0.5441103218108214	0.38311145962267246	0.02
/rds/general/user/osella/home/rl-qecc-data/supervisedLearning/sweep2/g5_ground_anch_H6_s4000.pth	6	4000	2	groundAnchored	[(6, 6), (9, 6), (12, 6), (15, 3)]	True	True	True	True	geometric5	1353227	12	6	2026-07-31	9.449987352768359	7.378381754377367	0.07888291389696135	2.4291270287056537	0.6825676065779283	0.5005301961952096	0.02
/rds/general/user/osella/home/rl-qecc-data/supervisedLearning/sweep2/g5_ground_anch_H6_s466555.pth	6	466555	2	groundAnchored	[(6, 6), (9, 6), (12, 6), (15, 3)]	True	True	True	True	geometric5	1353227	12	6	2026-07-31	9.578565094120293	7.378381754377367	0.08521128416515265	2.452928344702225	0.6177999823089898	0.4424528137636988	0.04
/rds/general/user/osella/home/rl-qecc-data/supervisedLearning/sweep2/g5_ground_anch_H6_s5000.pth	6	5000	2	groundAnchored	[(6, 6), (9, 6), (12, 6), (15, 3)]	True	True	True	True	geometric5	1353227	12	6	2026-07-31	10.136813359273539	7.378381754377367	0.119702368231165	2.438903974321308	0.5906914000025845	0.4197878527267206	0.0
/rds/general/user/osella/home/rl-qecc-data/supervisedLearning/sweep2/g5_ground_anch_H6_s54321.pth	6	54321	2	groundAnchored	[(6, 6), (9, 6), (12, 6), (15, 3)]	True	True	True	True	geometric5	1353227	12	6	2026-07-31	10.680285482462565	7.378381754377367	0.13356258539153168	2.431163125136469	0.6269174172052508	0.44796277618912195	0.04
/rds/general/user/osella/home/rl-qecc-data/supervisedLearning/sweep2/g5_ground_anch_H6_s6000.pth	6	6000	2	groundAnchored	[(6, 6), (9, 6), (12, 6), (15, 3)]	True	True	True	True	geometric5	1353227	12	6	2026-07-31	10.673797007674056	7.378381754377367	0.1326109071375612	2.4520986966885157	0.5739414057958735	0.40868844955226746	0.0
/rds/general/user/osella/home/rl-qecc-data/supervisedLearning/sweep2/g5_ground_anch_H6_s7134066.pth	6	7134066	2	groundAnchored	[(6, 6), (9, 6), (12, 6), (15, 3)]	True	True	True	True	geometric5	1353227	12	6	2026-07-31	10.173238786280292	7.378381754377367	0.10721219274536584	2.425725540814732	0.6396327069673934	0.4613221231459087	0.0
/rds/general/user/osella/home/rl-qecc-data/supervisedLearning/sweep2/g5_ground_anch_H7_s1000.pth	7	1000	2	groundAnchored	[(6, 6), (9, 6), (12, 6), (15, 3)]	True	True	True	True	geometric5	1353227	12	6	2026-07-31	10.544632259572879	7.378381754377367	0.13237680794701487	2.4459417457699852	0.650240752831615	0.4690699235850276	0.02
/rds/general/user/osella/home/rl-qecc-data/supervisedLearning/sweep2/g5_ground_anch_H7_s12345.pth	7	12345	2	groundAnchored	[(6, 6), (9, 6), (12, 6), (15, 3)]	True	True	True	True	geometric5	1353227	12	6	2026-07-31	9.53601033511866	7.378381754377367	0.08687411185931741	2.4292342708842307	0.6755279000366773	0.49756706729686245	0.02
/rds/general/user/osella/home/rl-qecc-data/supervisedLearning/sweep2/g5_ground_anch_H7_s2000.pth	7	2000	2	groundAnchored	[(6, 6), (9, 6), (12, 6), (15, 3)]	True	True	True	True	geometric5	1353227	12	6	2026-07-31	9.532844398745455	7.378381754377367	0.09576772092884463	2.45269124591629	0.6259368107299499	0.44954242322471666	0.02
/rds/general/user/osella/home/rl-qecc-data/supervisedLearning/sweep2/g5_ground_anch_H7_s3000.pth	7	3000	2	groundAnchored	[(6, 6), (9, 6), (12, 6), (15, 3)]	True	True	True	True	geometric5	1353227	12	6	2026-07-31	9.37833833166595	7.378381754377367	0.0829516077064258	2.461859500333285	0.5790481663257037	0.41116623077784065	0.0
/rds/general/user/osella/home/rl-qecc-data/supervisedLearning/sweep2/g5_ground_anch_H7_s4000.pth	7	4000	2	groundAnchored	[(6, 6), (9, 6), (12, 6), (15, 3)]	True	True	True	True	geometric5	1353227	12	6	2026-07-31	9.671651616540881	7.378381754377367	0.0891304647467311	2.4368351994622044	0.674733532332826	0.491266915651834	0.02
/rds/general/user/osella/home/rl-qecc-data/supervisedLearning/sweep2/g5_ground_anch_H7_s466555.pth	7	466555	2	groundAnchored	[(6, 6), (9, 6), (12, 6), (15, 3)]	True	True	True	True	geometric5	1353227	12	6	2026-07-31	10.810054228403132	7.378381754377367	0.12436881934373867	2.4582983892677315	0.6118559280644862	0.4381145702140927	0.0
/rds/general/user/osella/home/rl-qecc-data/supervisedLearning/sweep2/g5_ground_anch_H7_s5000.pth	7	5000	2	groundAnchored	[(6, 6), (9, 6), (12, 6), (15, 3)]	True	True	True	True	geometric5	1353227	12	6	2026-07-31	10.103158854685253	7.378381754377367	0.1230195840921696	2.4412207975830835	0.6567296528723909	0.4750486627238303	0.02
/rds/general/user/osella/home/rl-qecc-data/supervisedLearning/sweep2/g5_ground_anch_H7_s54321.pth	7	54321	2	groundAnchored	[(6, 6), (9, 6), (12, 6), (15, 3)]	True	True	True	True	geometric5	1353227	12	6	2026-07-31	11.088598862356465	7.378381754377367	0.13746691286330653	2.429245319251103	0.5810113407859339	0.4129084823575489	0.0
/rds/general/user/osella/home/rl-qecc-data/supervisedLearning/sweep2/g5_ground_anch_H7_s6000.pth	7	6000	2	groundAnchored	[(6, 6), (9, 6), (12, 6), (15, 3)]	True	True	True	True	geometric5	1353227	12	6	2026-07-31	9.758952487378112	7.378381754377367	0.09025872749129367	2.442460395791385	0.657087939586661	0.4758063916212348	0.02
/rds/general/user/osella/home/rl-qecc-data/supervisedLearning/sweep2/g5_ground_anch_H7_s7134066.pth	7	7134066	2	groundAnchored	[(6, 6), (9, 6), (12, 6), (15, 3)]	True	True	True	True	geometric5	1353227	12	6	2026-07-31	9.879965009995054	7.378381754377367	0.10730156868824538	2.460282646190812	0.6086451640238126	0.4333147666264388	0.0
/rds/general/user/osella/home/rl-qecc-data/supervisedLearning/sweep2/g5_ground_pure_H10_s1000.pth	10	1000	2	groundPure	[(6, 6), (9, 6), (12, 6), (15, 3)]	True	True	True	True	geometric5	1353227	12	6	2026-07-31	10.065820755054128	7.378381754377367	0.10216185794106283	2.4137509015945753	0.6429454041607189	0.46283739767145754	0.02
/rds/general/user/osella/home/rl-qecc-data/supervisedLearning/sweep2/g5_ground_pure_H10_s12345.pth	10	12345	2	groundPure	[(6, 6), (9, 6), (12, 6), (15, 3)]	True	True	True	True	geometric5	1353227	12	6	2026-07-31	10.785464437731182	7.378381754377367	0.13579785684664936	2.43287560331187	0.5336895581158434	0.37418631773469685	0.04
/rds/general/user/osella/home/rl-qecc-data/supervisedLearning/sweep2/g5_ground_pure_H10_s2000.pth	10	2000	2	groundPure	[(6, 6), (9, 6), (12, 6), (15, 3)]	True	True	True	True	geometric5	1353227	12	6	2026-07-31	10.741785447318742	7.378381754377367	0.11797522576474535	2.443534862698214	0.7097158473810552	0.5241684480912937	0.04
/rds/general/user/osella/home/rl-qecc-data/supervisedLearning/sweep2/g5_ground_pure_H10_s3000.pth	10	3000	2	groundPure	[(6, 6), (9, 6), (12, 6), (15, 3)]	True	True	True	True	geometric5	1353227	12	6	2026-07-31	9.967917903642281	7.378381754377367	0.09993483086661296	2.4411048272615883	0.6774047015928137	0.4931537847951928	0.02
/rds/general/user/osella/home/rl-qecc-data/supervisedLearning/sweep2/g5_ground_pure_H10_s4000.pth	10	4000	2	groundPure	[(6, 6), (9, 6), (12, 6), (15, 3)]	True	True	True	True	geometric5	1353227	12	6	2026-07-31	10.622534935106323	7.378381754377367	0.11833075468000157	2.413094573020065	0.6091217069024889	0.43519862198410175	0.02
/rds/general/user/osella/home/rl-qecc-data/supervisedLearning/sweep2/g5_ground_pure_H10_s466555.pth	10	466555	2	groundPure	[(6, 6), (9, 6), (12, 6), (15, 3)]	True	True	True	True	geometric5	1353227	12	6	2026-07-31	9.945710500801907	7.378381754377367	0.09982969443398872	2.4231078010630043	0.651625915094149	0.4714815035794879	0.04
/rds/general/user/osella/home/rl-qecc-data/supervisedLearning/sweep2/g5_ground_pure_H10_s5000.pth	10	5000	2	groundPure	[(6, 6), (9, 6), (12, 6), (15, 3)]	True	True	True	True	geometric5	1353227	12	6	2026-07-31	10.418200735624175	7.378381754377367	0.11967186432139329	2.4329758150658924	0.5964620318837258	0.4242578727714813	0.0
/rds/general/user/osella/home/rl-qecc-data/supervisedLearning/sweep2/g5_ground_pure_H10_s54321.pth	10	54321	2	groundPure	[(6, 6), (9, 6), (12, 6), (15, 3)]	True	True	True	True	geometric5	1353227	12	6	2026-07-31	10.874055143911656	7.378381754377367	0.1418242945531564	2.4348397238149873	0.6201938062958695	0.44419297243860917	0.08
/rds/general/user/osella/home/rl-qecc-data/supervisedLearning/sweep2/g5_ground_pure_H10_s6000.pth	10	6000	2	groundPure	[(6, 6), (9, 6), (12, 6), (15, 3)]	True	True	True	True	geometric5	1353227	12	6	2026-07-31	9.487535999322922	7.378381754377367	0.09085235242784656	2.4523963931684696	0.5581027593071716	0.3930203774075683	0.0
/rds/general/user/osella/home/rl-qecc-data/supervisedLearning/sweep2/g5_ground_pure_H10_s7134066.pth	10	7134066	2	groundPure	[(6, 6), (9, 6), (12, 6), (15, 3)]	True	True	True	True	geometric5	1353227	12	6	2026-07-31	9.715402812861972	7.378381754377367	0.09684407757270835	2.4580412342752593	0.5701568532020757	0.40273672727747417	0.0
/rds/general/user/osella/home/rl-qecc-data/supervisedLearning/sweep2/g5_ground_pure_H3_s1000.pth	3	1000	2	groundPure	[(6, 6), (9, 6), (12, 6), (15, 3)]	True	True	True	True	geometric5	1353227	12	6	2026-07-31	9.545573743693696	7.378381754377367	0.0927260631535824	2.4466296104829537	0.6174113335642263	0.4406404915813995	0.0
/rds/general/user/osella/home/rl-qecc-data/supervisedLearning/sweep2/g5_ground_pure_H3_s12345.pth	3	12345	2	groundPure	[(6, 6), (9, 6), (12, 6), (15, 3)]	True	True	True	True	geometric5	1353227	12	6	2026-07-31	11.351096610765648	7.378381754377367	0.1491128745474375	2.4341849252863748	0.5526207250917989	0.3897832903759046	0.04
/rds/general/user/osella/home/rl-qecc-data/supervisedLearning/sweep2/g5_ground_pure_H3_s2000.pth	3	2000	2	groundPure	[(6, 6), (9, 6), (12, 6), (15, 3)]	True	True	True	True	geometric5	1353227	12	6	2026-07-31	11.746987293147534	7.378381754377367	0.15414933099087555	2.444482285992194	0.57372753981478	0.4046909035454419	0.08
/rds/general/user/osella/home/rl-qecc-data/supervisedLearning/sweep2/g5_ground_pure_H3_s3000.pth	3	3000	2	groundPure	[(6, 6), (9, 6), (12, 6), (15, 3)]	True	True	True	True	geometric5	1353227	12	6	2026-07-31	10.570735097357176	7.378381754377367	0.12555819649962832	2.429317639593836	0.5706651475468576	0.4037053158477178	0.04
/rds/general/user/osella/home/rl-qecc-data/supervisedLearning/sweep2/g5_ground_pure_H3_s4000.pth	3	4000	2	groundPure	[(6, 6), (9, 6), (12, 6), (15, 3)]	True	True	True	True	geometric5	1353227	12	6	2026-07-31	11.34147961240477	7.378381754377367	0.1488967240968205	2.4563797177647113	0.6271393305737213	0.4504599247528854	0.02
/rds/general/user/osella/home/rl-qecc-data/supervisedLearning/sweep2/g5_ground_pure_H3_s466555.pth	3	466555	2	groundPure	[(6, 6), (9, 6), (12, 6), (15, 3)]	True	True	True	True	geometric5	1353227	12	6	2026-07-31	9.8405979967913	7.378381754377367	0.09738550395796097	2.497205808351847	0.6508995140970547	0.47064048134870945	0.0
/rds/general/user/osella/home/rl-qecc-data/supervisedLearning/sweep2/g5_ground_pure_H3_s5000.pth	3	5000	2	groundPure	[(6, 6), (9, 6), (12, 6), (15, 3)]	True	True	True	True	geometric5	1353227	12	6	2026-07-31	9.572886295576268	7.378381754377367	0.0962064965981394	2.432963645548948	0.6390253720685805	0.4590524139354733	0.02
/rds/general/user/osella/home/rl-qecc-data/supervisedLearning/sweep2/g5_ground_pure_H3_s54321.pth	3	54321	2	groundPure	[(6, 6), (9, 6), (12, 6), (15, 3)]	True	True	True	True	geometric5	1353227	12	6	2026-07-31	11.44319835469428	7.378381754377367	0.1443241205471535	2.4219804204215984	0.6006819104604314	0.43031143363597435	0.02
/rds/general/user/osella/home/rl-qecc-data/supervisedLearning/sweep2/g5_ground_pure_H3_s6000.pth	3	6000	2	groundPure	[(6, 6), (9, 6), (12, 6), (15, 3)]	True	True	True	True	geometric5	1353227	12	6	2026-07-31	10.669507482993243	7.378381754377367	0.1326282720826162	2.4409035419000853	0.5957692796480327	0.4230595297890764	0.0
/rds/general/user/osella/home/rl-qecc-data/supervisedLearning/sweep2/g5_ground_pure_H3_s7134066.pth	3	7134066	2	groundPure	[(6, 6), (9, 6), (12, 6), (15, 3)]	True	True	True	True	geometric5	1353227	12	6	2026-07-31	11.76036281954419	7.378381754377367	0.14961759311433503	2.4274190219188525	0.678010488947662	0.4920917164299907	0.06
/rds/general/user/osella/home/rl-qecc-data/supervisedLearning/sweep2/g5_ground_pure_H4_s1000.pth	4	1000	2	groundPure	[(6, 6), (9, 6), (12, 6), (15, 3)]	True	True	True	True	geometric5	1353227	12	6	2026-07-31	11.047720187545762	7.378381754377367	0.14876433132585104	2.433116686860484	0.5766628264821562	0.4095905410582354	0.04
/rds/general/user/osella/home/rl-qecc-data/supervisedLearning/sweep2/g5_ground_pure_H4_s12345.pth	4	12345	2	groundPure	[(6, 6), (9, 6), (12, 6), (15, 3)]	True	True	True	True	geometric5	1353227	12	6	2026-07-31	11.524136303777828	7.378381754377367	0.15888666932404813	2.4363908271814596	0.5715628995027161	0.40361639743903865	0.14
/rds/general/user/osella/home/rl-qecc-data/supervisedLearning/sweep2/g5_ground_pure_H4_s2000.pth	4	2000	2	groundPure	[(6, 6), (9, 6), (12, 6), (15, 3)]	True	True	True	True	geometric5	1353227	12	6	2026-07-31	10.809485193273185	7.378381754377367	0.14383841051541052	2.4324269985388303	0.6348183201085958	0.4576414595574053	0.02
/rds/general/user/osella/home/rl-qecc-data/supervisedLearning/sweep2/g5_ground_pure_H4_s3000.pth	4	3000	2	groundPure	[(6, 6), (9, 6), (12, 6), (15, 3)]	True	True	True	True	geometric5	1353227	12	6	2026-07-31	10.194792162386248	7.378381754377367	0.11137744416451519	2.440907621877831	0.671071790794445	0.48834480286954796	0.04
/rds/general/user/osella/home/rl-qecc-data/supervisedLearning/sweep2/g5_ground_pure_H4_s4000.pth	4	4000	2	groundPure	[(6, 6), (9, 6), (12, 6), (15, 3)]	True	True	True	True	geometric5	1353227	12	6	2026-07-31	10.925451401519863	7.378381754377367	0.14189186259850217	2.4749748296589753	0.5405546526324428	0.3802172214779815	0.06
/rds/general/user/osella/home/rl-qecc-data/supervisedLearning/sweep2/g5_ground_pure_H4_s466555.pth	4	466555	2	groundPure	[(6, 6), (9, 6), (12, 6), (15, 3)]	True	True	True	True	geometric5	1353227	12	6	2026-07-31	11.776522435349978	7.378381754377367	0.15918731570009764	2.4515237210037357	0.6402335678159978	0.45988911640038554	0.02
/rds/general/user/osella/home/rl-qecc-data/supervisedLearning/sweep2/g5_ground_pure_H4_s5000.pth	4	5000	2	groundPure	[(6, 6), (9, 6), (12, 6), (15, 3)]	True	True	True	True	geometric5	1353227	12	6	2026-07-31	9.8803990182483	7.378381754377367	0.10319099827309806	2.4643922456566263	0.5725425771730044	0.4078708032261348	0.02
/rds/general/user/osella/home/rl-qecc-data/supervisedLearning/sweep2/g5_ground_pure_H4_s54321.pth	4	54321	2	groundPure	[(6, 6), (9, 6), (12, 6), (15, 3)]	True	True	True	True	geometric5	1353227	12	6	2026-07-31	10.702369448143598	7.378381754377367	0.12899934268073013	2.4380886686109897	0.6841016443608924	0.49976498783607	0.04
/rds/general/user/osella/home/rl-qecc-data/supervisedLearning/sweep2/g5_ground_pure_H4_s6000.pth	4	6000	2	groundPure	[(6, 6), (9, 6), (12, 6), (15, 3)]	True	True	True	True	geometric5	1353227	12	6	2026-07-31	11.652392108353556	7.378381754377367	0.15262442089323988	2.44337422885203	0.583594085698303	0.4148231379296453	0.04
/rds/general/user/osella/home/rl-qecc-data/supervisedLearning/sweep2/g5_ground_pure_H4_s7134066.pth	4	7134066	2	groundPure	[(6, 6), (9, 6), (12, 6), (15, 3)]	True	True	True	True	geometric5	1353227	12	6	2026-07-31	10.361160154920665	7.378381754377367	0.1190387275793601	2.4720442308927906	0.545070732194324	0.38261806075149546	0.06
/rds/general/user/osella/home/rl-qecc-data/supervisedLearning/sweep2/g5_ground_pure_H6_s1000.pth	6	1000	2	groundPure	[(6, 6), (9, 6), (12, 6), (15, 3)]	True	True	True	True	geometric5	1353227	12	6	2026-07-31	10.788763579159864	7.378381754377367	0.1403900170522741	2.4404530173490753	0.5742527649063972	0.4060787790963342	0.04
/rds/general/user/osella/home/rl-qecc-data/supervisedLearning/sweep2/g5_ground_pure_H6_s12345.pth	6	12345	2	groundPure	[(6, 6), (9, 6), (12, 6), (15, 3)]	True	True	True	True	geometric5	1353227	12	6	2026-07-31	10.313093563475732	7.378381754377367	0.11037013522001922	2.4255801833756028	0.6135114720240488	0.43840137803131557	0.02
/rds/general/user/osella/home/rl-qecc-data/supervisedLearning/sweep2/g5_ground_pure_H6_s2000.pth	6	2000	2	groundPure	[(6, 6), (9, 6), (12, 6), (15, 3)]	True	True	True	True	geometric5	1353227	12	6	2026-07-31	10.582178578941857	7.378381754377367	0.1304079847698047	2.4295343023225073	0.6033688983587644	0.4292083971543462	0.02
/rds/general/user/osella/home/rl-qecc-data/supervisedLearning/sweep2/g5_ground_pure_H6_s3000.pth	6	3000	2	groundPure	[(6, 6), (9, 6), (12, 6), (15, 3)]	True	True	True	True	geometric5	1353227	12	6	2026-07-31	9.872544529172131	7.378381754377367	0.09099982322194802	2.4431813291116087	0.5507058644267464	0.38886615164436894	0.02
/rds/general/user/osella/home/rl-qecc-data/supervisedLearning/sweep2/g5_ground_pure_H6_s4000.pth	6	4000	2	groundPure	[(6, 6), (9, 6), (12, 6), (15, 3)]	True	True	True	True	geometric5	1353227	12	6	2026-07-31	9.629069946904654	7.378381754377367	0.08461649998937283	2.41134299939075	0.6915688923229736	0.5064483782711741	0.04
/rds/general/user/osella/home/rl-qecc-data/supervisedLearning/sweep2/g5_ground_pure_H6_s466555.pth	6	466555	2	groundPure	[(6, 6), (9, 6), (12, 6), (15, 3)]	True	True	True	True	geometric5	1353227	12	6	2026-07-31	10.141749880164655	7.378381754377367	0.09717821513813643	2.448714983874266	0.6123343366573424	0.4367877807757326	0.06
/rds/general/user/osella/home/rl-qecc-data/supervisedLearning/sweep2/g5_ground_pure_H6_s5000.pth	6	5000	2	groundPure	[(6, 6), (9, 6), (12, 6), (15, 3)]	True	True	True	True	geometric5	1353227	12	6	2026-07-31	9.678172316775072	7.378381754377367	0.09234567466137496	2.4308662961937078	0.5825227980481477	0.41242184767310364	0.02
/rds/general/user/osella/home/rl-qecc-data/supervisedLearning/sweep2/g5_ground_pure_H6_s54321.pth	6	54321	2	groundPure	[(6, 6), (9, 6), (12, 6), (15, 3)]	True	True	True	True	geometric5	1353227	12	6	2026-07-31	10.335599600740913	7.378381754377367	0.11712858604132512	2.414454175337661	0.5872631936094661	0.41657742021244265	0.04
/rds/general/user/osella/home/rl-qecc-data/supervisedLearning/sweep2/g5_ground_pure_H6_s6000.pth	6	6000	2	groundPure	[(6, 6), (9, 6), (12, 6), (15, 3)]	True	True	True	True	geometric5	1353227	12	6	2026-07-31	10.693378600212423	7.378381754377367	0.12974940568603033	2.432350895583392	0.556960724552306	0.3947550773967257	0.04
/rds/general/user/osella/home/rl-qecc-data/supervisedLearning/sweep2/g5_ground_pure_H6_s7134066.pth	6	7134066	2	groundPure	[(6, 6), (9, 6), (12, 6), (15, 3)]	True	True	True	True	geometric5	1353227	12	6	2026-07-31	12.057806773801447	7.378381754377367	0.15303242813135037	2.416847617850648	0.5711849026055135	0.4042402713748756	0.02
/rds/general/user/osella/home/rl-qecc-data/supervisedLearning/sweep2/g5_ground_pure_H7_s1000.pth	7	1000	2	groundPure	[(6, 6), (9, 6), (12, 6), (15, 3)]	True	True	True	True	geometric5	1353227	12	6	2026-07-31	10.0747376472521	7.378381754377367	0.10592190498507381	2.431579642743006	0.6576114999685739	0.4772108544286405	0.04
/rds/general/user/osella/home/rl-qecc-data/supervisedLearning/sweep2/g5_ground_pure_H7_s12345.pth	7	12345	2	groundPure	[(6, 6), (9, 6), (12, 6), (15, 3)]	True	True	True	True	geometric5	1353227	12	6	2026-07-31	9.98456142951726	7.378381754377367	0.10504449237117341	2.421530561215171	0.6873420604037406	0.5025893357411909	0.0
/rds/general/user/osella/home/rl-qecc-data/supervisedLearning/sweep2/g5_ground_pure_H7_s2000.pth	7	2000	2	groundPure	[(6, 6), (9, 6), (12, 6), (15, 3)]	True	True	True	True	geometric5	1353227	12	6	2026-07-31	9.663036641977321	7.378381754377367	0.09341381894495382	2.4430265144496275	0.6343148988673402	0.45588097074693507	0.06
/rds/general/user/osella/home/rl-qecc-data/supervisedLearning/sweep2/g5_ground_pure_H7_s3000.pth	7	3000	2	groundPure	[(6, 6), (9, 6), (12, 6), (15, 3)]	True	True	True	True	geometric5	1353227	12	6	2026-07-31	9.706207576839343	7.378381754377367	0.0933567889339784	2.4383613187211948	0.5474703110258837	0.3871103093381622	0.0
/rds/general/user/osella/home/rl-qecc-data/supervisedLearning/sweep2/g5_ground_pure_H7_s4000.pth	7	4000	2	groundPure	[(6, 6), (9, 6), (12, 6), (15, 3)]	True	True	True	True	geometric5	1353227	12	6	2026-07-31	9.6398989439057	7.378381754377367	0.08093877595276312	2.429820374684091	0.6515045984651042	0.4715224409678652	0.08
/rds/general/user/osella/home/rl-qecc-data/supervisedLearning/sweep2/g5_ground_pure_H7_s466555.pth	7	466555	2	groundPure	[(6, 6), (9, 6), (12, 6), (15, 3)]	True	True	True	True	geometric5	1353227	12	6	2026-07-31	10.868116383579869	7.378381754377367	0.12230371817386945	2.450824145070395	0.5789745521269801	0.41204174231262464	0.06
/rds/general/user/osella/home/rl-qecc-data/supervisedLearning/sweep2/g5_ground_pure_H7_s5000.pth	7	5000	2	groundPure	[(6, 6), (9, 6), (12, 6), (15, 3)]	True	True	True	True	geometric5	1353227	12	6	2026-07-31	10.463160878236474	7.378381754377367	0.13264130107327377	2.427782973131668	0.6124611954777799	0.436659222823192	0.02
/rds/general/user/osella/home/rl-qecc-data/supervisedLearning/sweep2/g5_ground_pure_H7_s54321.pth	7	54321	2	groundPure	[(6, 6), (9, 6), (12, 6), (15, 3)]	True	True	True	True	geometric5	1353227	12	6	2026-07-31	10.810943385177849	7.378381754377367	0.11910187821599418	2.4129313410869155	0.5325477728811808	0.3757702035277515	0.0
/rds/general/user/osella/home/rl-qecc-data/supervisedLearning/sweep2/g5_ground_pure_H7_s6000.pth	7	6000	2	groundPure	[(6, 6), (9, 6), (12, 6), (15, 3)]	True	True	True	True	geometric5	1353227	12	6	2026-07-31	10.925466982136427	7.378381754377367	0.12050086321005712	2.4343852752041495	0.6289155886465563	0.4519607463208035	0.06
/rds/general/user/osella/home/rl-qecc-data/supervisedLearning/sweep2/g5_ground_pure_H7_s7134066.pth	7	7134066	2	groundPure	[(6, 6), (9, 6), (12, 6), (15, 3)]	True	True	True	True	geometric5	1353227	12	6	2026-07-31	10.542909515878643	7.378381754377367	0.11676344069411174	2.419666570925448	0.6268324778008173	0.4505914956955637	0.0
/rds/general/user/osella/home/rl-qecc-data/supervisedLearning/sweep2/g5_mix_66-96-126-153_H10_s1000.pth	10	1000	6	mixed	[(6, 6), (9, 6), (12, 6), (15, 3)]	True	True	True	True	geometric5	1353227	12	6	2026-07-31	8.080483561982076	7.378381754377367	0.031008146486133738	2.327417149128032	0.769590232487988	0.5807869211237217	0.08
/rds/general/user/osella/home/rl-qecc-data/supervisedLearning/sweep2/g5_mix_66-96-126-153_H10_s12345.pth	10	12345	6	mixed	[(6, 6), (9, 6), (12, 6), (15, 3)]	True	True	True	True	geometric5	1353227	12	6	2026-07-31	8.073685120835822	7.378381754377367	0.030714331397496172	2.3181167505583815	0.7722422404103421	0.5835948720010534	0.06
/rds/general/user/osella/home/rl-qecc-data/supervisedLearning/sweep2/g5_mix_66-96-126-153_H10_s2000.pth	10	2000	6	mixed	[(6, 6), (9, 6), (12, 6), (15, 3)]	True	True	True	True	geometric5	1353227	12	6	2026-07-31	8.103854676022584	7.378381754377367	0.032018890989384895	2.252231093078679	0.7573989945657787	0.5680128021453752	0.18
/rds/general/user/osella/home/rl-qecc-data/supervisedLearning/sweep2/g5_mix_66-96-126-153_H10_s3000.pth	10	3000	6	mixed	[(6, 6), (9, 6), (12, 6), (15, 3)]	True	True	True	True	geometric5	1353227	12	6	2026-07-31	8.112461020700962	7.378381754377367	0.03201438276619524	2.4028686016733776	0.7565885406189639	0.5689875765717756	0.14
/rds/general/user/osella/home/rl-qecc-data/supervisedLearning/sweep2/g5_mix_66-96-126-153_H10_s4000.pth	10	4000	6	mixed	[(6, 6), (9, 6), (12, 6), (15, 3)]	True	True	True	True	geometric5	1353227	12	6	2026-07-31	8.085828485186259	7.378381754377367	0.030872955237337418	2.3055674617137694	0.7702627202587266	0.5820749168001603	0.08
/rds/general/user/osella/home/rl-qecc-data/supervisedLearning/sweep2/g5_mix_66-96-126-153_H10_s466555.pth	10	466555	6	mixed	[(6, 6), (9, 6), (12, 6), (15, 3)]	True	True	True	True	geometric5	1353227	12	6	2026-07-31	8.021307473473959	7.378381754377367	0.028959539887621514	2.2665763956030966	0.8012000168453753	0.6132439256995261	0.14
/rds/general/user/osella/home/rl-qecc-data/supervisedLearning/sweep2/g5_mix_66-96-126-153_H10_s5000.pth	10	5000	6	mixed	[(6, 6), (9, 6), (12, 6), (15, 3)]	True	True	True	True	geometric5	1353227	12	6	2026-07-31	8.098046057800495	7.378381754377367	0.031577759715395254	2.2410980560346494	0.7626901077875129	0.5733072464275488	0.14
/rds/general/user/osella/home/rl-qecc-data/supervisedLearning/sweep2/g5_mix_66-96-126-153_H10_s54321.pth	10	54321	6	mixed	[(6, 6), (9, 6), (12, 6), (15, 3)]	True	True	True	True	geometric5	1353227	12	6	2026-07-31	8.07675951278222	7.378381754377367	0.03206858271934689	2.3844181470420214	0.7665074629149524	0.5775160229289675	0.04
/rds/general/user/osella/home/rl-qecc-data/supervisedLearning/sweep2/g5_mix_66-96-126-153_H10_s6000.pth	10	6000	6	mixed	[(6, 6), (9, 6), (12, 6), (15, 3)]	True	True	True	True	geometric5	1353227	12	6	2026-07-31	8.101088710698113	7.378381754377367	0.031751964776310246	2.3227294073562255	0.7581392701209085	0.5686568296068332	0.14
/rds/general/user/osella/home/rl-qecc-data/supervisedLearning/sweep2/g5_mix_66-96-126-153_H10_s7134066.pth	10	7134066	6	mixed	[(6, 6), (9, 6), (12, 6), (15, 3)]	True	True	True	True	geometric5	1353227	12	6	2026-07-31	8.039694674765137	7.378381754377367	0.02967558369969253	2.190597666492223	0.7934073637893644	0.6043005853622302	0.16
/rds/general/user/osella/home/rl-qecc-data/supervisedLearning/sweep2/g5_mix_66-96-126-153_H3_s1000.pth	3	1000	6	mixed	[(6, 6), (9, 6), (12, 6), (15, 3)]	True	True	True	True	geometric5	1353227	12	6	2026-07-31	8.09034779443217	7.378381754377367	0.0314571264993495	2.388262529879497	0.7607930714144878	0.5717564251781289	0.08
/rds/general/user/osella/home/rl-qecc-data/supervisedLearning/sweep2/g5_mix_66-96-126-153_H3_s12345.pth	3	12345	6	mixed	[(6, 6), (9, 6), (12, 6), (15, 3)]	True	True	True	True	geometric5	1353227	12	6	2026-07-31	8.090563130936756	7.378381754377367	0.03181231653886928	2.389700132321007	0.7601758192806852	0.5717146880080262	0.02
/rds/general/user/osella/home/rl-qecc-data/supervisedLearning/sweep2/g5_mix_66-96-126-153_H3_s2000.pth	3	2000	6	mixed	[(6, 6), (9, 6), (12, 6), (15, 3)]	True	True	True	True	geometric5	1353227	12	6	2026-07-31	8.156291272043852	7.378381754377367	0.032142956700011424	2.4158593231563965	0.7486622390213912	0.5614045479546316	0.0
/rds/general/user/osella/home/rl-qecc-data/supervisedLearning/sweep2/g5_mix_66-96-126-153_H3_s3000.pth	3	3000	6	mixed	[(6, 6), (9, 6), (12, 6), (15, 3)]	True	True	True	True	geometric5	1353227	12	6	2026-07-31	8.088385503359488	7.378381754377367	0.03125129597819296	2.383383924424305	0.7627837804215782	0.575370490098988	0.12
/rds/general/user/osella/home/rl-qecc-data/supervisedLearning/sweep2/g5_mix_66-96-126-153_H3_s4000.pth	3	4000	6	mixed	[(6, 6), (9, 6), (12, 6), (15, 3)]	True	True	True	True	geometric5	1353227	12	6	2026-07-31	8.166486472573528	7.378381754377367	0.03216589757737729	2.4266553907628694	0.7500492427268902	0.5632523910799972	0.08
/rds/general/user/osella/home/rl-qecc-data/supervisedLearning/sweep2/g5_mix_66-96-126-153_H3_s466555.pth	3	466555	6	mixed	[(6, 6), (9, 6), (12, 6), (15, 3)]	True	True	True	True	geometric5	1353227	12	6	2026-07-31	8.146597059639385	7.378381754377367	0.03267836328735944	2.4468172200985068	0.7399309189427353	0.5529151764330926	0.06
/rds/general/user/osella/home/rl-qecc-data/supervisedLearning/sweep2/g5_mix_66-96-126-153_H3_s5000.pth	3	5000	6	mixed	[(6, 6), (9, 6), (12, 6), (15, 3)]	True	True	True	True	geometric5	1353227	12	6	2026-07-31	8.114143628303786	7.378381754377367	0.031963711168955515	2.4030476551186313	0.7520940539061988	0.5640299217008231	0.02
/rds/general/user/osella/home/rl-qecc-data/supervisedLearning/sweep2/g5_mix_66-96-126-153_H3_s54321.pth	3	54321	6	mixed	[(6, 6), (9, 6), (12, 6), (15, 3)]	True	True	True	True	geometric5	1353227	12	6	2026-07-31	8.153494473177542	7.378381754377367	0.03239440127785836	2.4628240393536163	0.7510007916028282	0.5633640979450505	0.02
/rds/general/user/osella/home/rl-qecc-data/supervisedLearning/sweep2/g5_mix_66-96-126-153_H3_s6000.pth	3	6000	6	mixed	[(6, 6), (9, 6), (12, 6), (15, 3)]	True	True	True	True	geometric5	1353227	12	6	2026-07-31	8.046138532823768	7.378381754377367	0.03004960735039931	2.3110539447983354	0.7882275958687683	0.5981431251235997	0.16
/rds/general/user/osella/home/rl-qecc-data/supervisedLearning/sweep2/g5_mix_66-96-126-153_H3_s7134066.pth	3	7134066	6	mixed	[(6, 6), (9, 6), (12, 6), (15, 3)]	True	True	True	True	geometric5	1353227	12	6	2026-07-31	8.104889791419074	7.378381754377367	0.03207656753084669	2.36680254308377	0.7555127414465156	0.5668080029276155	0.08
/rds/general/user/osella/home/rl-qecc-data/supervisedLearning/sweep2/g5_mix_66-96-126-153_H4_s1000.pth	4	1000	6	mixed	[(6, 6), (9, 6), (12, 6), (15, 3)]	True	True	True	True	geometric5	1353227	12	6	2026-07-31	8.093258983229152	7.378381754377367	0.031630868547873704	2.376074302450271	0.7581063389549368	0.5694550864302661	0.14
/rds/general/user/osella/home/rl-qecc-data/supervisedLearning/sweep2/g5_mix_66-96-126-153_H4_s12345.pth	4	12345	6	mixed	[(6, 6), (9, 6), (12, 6), (15, 3)]	True	True	True	True	geometric5	1353227	12	6	2026-07-31	8.080730575035046	7.378381754377367	0.031113148653626133	2.408665138666584	0.7668834097129774	0.5771411237581653	0.06
/rds/general/user/osella/home/rl-qecc-data/supervisedLearning/sweep2/g5_mix_66-96-126-153_H4_s2000.pth	4	2000	6	mixed	[(6, 6), (9, 6), (12, 6), (15, 3)]	True	True	True	True	geometric5	1353227	12	6	2026-07-31	8.109499824765598	7.378381754377367	0.031860835033649476	2.4303506423353065	0.7592571390347929	0.5707257516938018	0.02
/rds/general/user/osella/home/rl-qecc-data/supervisedLearning/sweep2/g5_mix_66-96-126-153_H4_s3000.pth	4	3000	6	mixed	[(6, 6), (9, 6), (12, 6), (15, 3)]	True	True	True	True	geometric5	1353227	12	6	2026-07-31	8.12588290129733	7.378381754377367	0.03262966481878248	2.3970326910340445	0.7539353861543571	0.5667033117413118	0.04
/rds/general/user/osella/home/rl-qecc-data/supervisedLearning/sweep2/g5_mix_66-96-126-153_H4_s4000.pth	4	4000	6	mixed	[(6, 6), (9, 6), (12, 6), (15, 3)]	True	True	True	True	geometric5	1353227	12	6	2026-07-31	8.09161269643891	7.378381754377367	0.03146865967569162	2.383053707250362	0.7598389248369954	0.5714154648513874	0.06
/rds/general/user/osella/home/rl-qecc-data/supervisedLearning/sweep2/g5_mix_66-96-126-153_H4_s466555.pth	4	466555	6	mixed	[(6, 6), (9, 6), (12, 6), (15, 3)]	True	True	True	True	geometric5	1353227	12	6	2026-07-31	8.083666357969246	7.378381754377367	0.03126878587213003	2.420332726860269	0.7609975102302764	0.5732967723507838	0.0
/rds/general/user/osella/home/rl-qecc-data/supervisedLearning/sweep2/g5_mix_66-96-126-153_H4_s5000.pth	4	5000	6	mixed	[(6, 6), (9, 6), (12, 6), (15, 3)]	True	True	True	True	geometric5	1353227	12	6	2026-07-31	8.113082635848048	7.378381754377367	0.03170958025038339	2.4102168280636396	0.7566443441985677	0.5687545234033116	0.08
/rds/general/user/osella/home/rl-qecc-data/supervisedLearning/sweep2/g5_mix_66-96-126-153_H4_s54321.pth	4	54321	6	mixed	[(6, 6), (9, 6), (12, 6), (15, 3)]	True	True	True	True	geometric5	1353227	12	6	2026-07-31	8.133933138754259	7.378381754377367	0.03251237987587275	2.4232741577315347	0.7441295262519494	0.5562118329150784	0.1
/rds/general/user/osella/home/rl-qecc-data/supervisedLearning/sweep2/g5_mix_66-96-126-153_H4_s6000.pth	4	6000	6	mixed	[(6, 6), (9, 6), (12, 6), (15, 3)]	True	True	True	True	geometric5	1353227	12	6	2026-07-31	8.06904246320753	7.378381754377367	0.030645634228516887	2.235864745014493	0.7757413396680897	0.5861783281957613	0.06
/rds/general/user/osella/home/rl-qecc-data/supervisedLearning/sweep2/g5_mix_66-96-126-153_H4_s7134066.pth	4	7134066	6	mixed	[(6, 6), (9, 6), (12, 6), (15, 3)]	True	True	True	True	geometric5	1353227	12	6	2026-07-31	8.087794275163624	7.378381754377367	0.03127547040212668	2.3751317118762603	0.7614154460889333	0.5731524481302145	0.02
/rds/general/user/osella/home/rl-qecc-data/supervisedLearning/sweep2/g5_mix_66-96-126-153_H6_s1000.pth	6	1000	6	mixed	[(6, 6), (9, 6), (12, 6), (15, 3)]	True	True	True	True	geometric5	1353227	12	6	2026-07-31	8.078609596424135	7.378381754377367	0.03127779388814041	2.3145762251974897	0.7682702884365019	0.5793669395220865	0.14
/rds/general/user/osella/home/rl-qecc-data/supervisedLearning/sweep2/g5_mix_66-96-126-153_H6_s12345.pth	6	12345	6	mixed	[(6, 6), (9, 6), (12, 6), (15, 3)]	True	True	True	True	geometric5	1353227	12	6	2026-07-31	8.14356750525263	7.378381754377367	0.03248012832258264	2.3599513989472025	0.7497200454602259	0.5601386010219058	0.04
/rds/general/user/osella/home/rl-qecc-data/supervisedLearning/sweep2/g5_mix_66-96-126-153_H6_s2000.pth	6	2000	6	mixed	[(6, 6), (9, 6), (12, 6), (15, 3)]	True	True	True	True	geometric5	1353227	12	6	2026-07-31	8.086960801442533	7.378381754377367	0.031188371008693754	2.388692889187525	0.7650911321249412	0.5764801193185903	0.12
/rds/general/user/osella/home/rl-qecc-data/supervisedLearning/sweep2/g5_mix_66-96-126-153_H6_s3000.pth	6	3000	6	mixed	[(6, 6), (9, 6), (12, 6), (15, 3)]	True	True	True	True	geometric5	1353227	12	6	2026-07-31	8.051691986428233	7.378381754377367	0.0305436507589771	2.25330183307305	0.781014113897448	0.5929364523754376	0.12
/rds/general/user/osella/home/rl-qecc-data/supervisedLearning/sweep2/g5_mix_66-96-126-153_H6_s4000.pth	6	4000	6	mixed	[(6, 6), (9, 6), (12, 6), (15, 3)]	True	True	True	True	geometric5	1353227	12	6	2026-07-31	7.995090810109103	7.378381754377367	0.02820735294484108	2.2779588360601855	0.8116328055295026	0.6243935414665353	0.12
/rds/general/user/osella/home/rl-qecc-data/supervisedLearning/sweep2/g5_mix_66-96-126-153_H6_s466555.pth	6	466555	6	mixed	[(6, 6), (9, 6), (12, 6), (15, 3)]	True	True	True	True	geometric5	1353227	12	6	2026-07-31	8.090728604363585	7.378381754377367	0.03138762465993375	2.408839117197552	0.7621107036165953	0.5730170344325904	0.06
/rds/general/user/osella/home/rl-qecc-data/supervisedLearning/sweep2/g5_mix_66-96-126-153_H6_s5000.pth	6	5000	6	mixed	[(6, 6), (9, 6), (12, 6), (15, 3)]	True	True	True	True	geometric5	1353227	12	6	2026-07-31	8.076666596223681	7.378381754377367	0.03106154346670838	2.337378291556816	0.7668477339970872	0.5781924610392338	0.06
/rds/general/user/osella/home/rl-qecc-data/supervisedLearning/sweep2/g5_mix_66-96-126-153_H6_s54321.pth	6	54321	6	mixed	[(6, 6), (9, 6), (12, 6), (15, 3)]	True	True	True	True	geometric5	1353227	12	6	2026-07-31	8.105723949613152	7.378381754377367	0.0331821039902992	2.3890041386234393	0.7633719828061761	0.5749553087789306	0.08
/rds/general/user/osella/home/rl-qecc-data/supervisedLearning/sweep2/g5_mix_66-96-126-153_H6_s6000.pth	6	6000	6	mixed	[(6, 6), (9, 6), (12, 6), (15, 3)]	True	True	True	True	geometric5	1353227	12	6	2026-07-31	8.113772598134686	7.378381754377367	0.0321535205705682	2.3478950093558244	0.752052694765047	0.5621278462435307	0.1
/rds/general/user/osella/home/rl-qecc-data/supervisedLearning/sweep2/g5_mix_66-96-126-153_H6_s7134066.pth	6	7134066	6	mixed	[(6, 6), (9, 6), (12, 6), (15, 3)]	True	True	True	True	geometric5	1353227	12	6	2026-07-31	8.094053968278633	7.378381754377367	0.03142307767447583	2.2670289701478326	0.7655556001988578	0.5762087725579386	0.2
/rds/general/user/osella/home/rl-qecc-data/supervisedLearning/sweep2/g5_mix_66-96-126-153_H7_s1000.pth	7	1000	6	mixed	[(6, 6), (9, 6), (12, 6), (15, 3)]	True	True	True	True	geometric5	1353227	12	6	2026-07-31	8.110858733588502	7.378381754377367	0.03195825668234879	2.2622781371551484	0.7560195788669946	0.5665019569569784	0.1
/rds/general/user/osella/home/rl-qecc-data/supervisedLearning/sweep2/g5_mix_66-96-126-153_H7_s12345.pth	7	12345	6	mixed	[(6, 6), (9, 6), (12, 6), (15, 3)]	True	True	True	True	geometric5	1353227	12	6	2026-07-31	8.088121742891621	7.378381754377367	0.03112501332121624	2.3745083030584917	0.7649232028625375	0.5763731220077574	0.18
/rds/general/user/osella/home/rl-qecc-data/supervisedLearning/sweep2/g5_mix_66-96-126-153_H7_s2000.pth	7	2000	6	mixed	[(6, 6), (9, 6), (12, 6), (15, 3)]	True	True	True	True	geometric5	1353227	12	6	2026-07-31	8.079770049623981	7.378381754377367	0.031023782660214858	2.4228765989744825	0.7663942952557544	0.5778454385767412	0.08
/rds/general/user/osella/home/rl-qecc-data/supervisedLearning/sweep2/g5_mix_66-96-126-153_H7_s3000.pth	7	3000	6	mixed	[(6, 6), (9, 6), (12, 6), (15, 3)]	True	True	True	True	geometric5	1353227	12	6	2026-07-31	8.059931991023172	7.378381754377367	0.030398458557445426	2.356236077165115	0.782497874847816	0.5930168864713865	0.22
/rds/general/user/osella/home/rl-qecc-data/supervisedLearning/sweep2/g5_mix_66-96-126-153_H7_s4000.pth	7	4000	6	mixed	[(6, 6), (9, 6), (12, 6), (15, 3)]	True	True	True	True	geometric5	1353227	12	6	2026-07-31	8.036705143854677	7.378381754377367	0.0292234074565041	2.1781540966612036	0.7983227212923114	0.6097062688406314	0.08
/rds/general/user/osella/home/rl-qecc-data/supervisedLearning/sweep2/g5_mix_66-96-126-153_H7_s466555.pth	7	466555	6	mixed	[(6, 6), (9, 6), (12, 6), (15, 3)]	True	True	True	True	geometric5	1353227	12	6	2026-07-31	8.084180066935286	7.378381754377367	0.031478388254331344	2.386331690768499	0.7608812055000234	0.5729474712263388	0.04
/rds/general/user/osella/home/rl-qecc-data/supervisedLearning/sweep2/g5_mix_66-96-126-153_H7_s5000.pth	7	5000	6	mixed	[(6, 6), (9, 6), (12, 6), (15, 3)]	True	True	True	True	geometric5	1353227	12	6	2026-07-31	8.066865758520494	7.378381754377367	0.030847820671425646	2.337800989707556	0.7705963234744869	0.5818119954567295	0.12
/rds/general/user/osella/home/rl-qecc-data/supervisedLearning/sweep2/g5_mix_66-96-126-153_H7_s54321.pth	7	54321	6	mixed	[(6, 6), (9, 6), (12, 6), (15, 3)]	True	True	True	True	geometric5	1353227	12	6	2026-07-31	8.113565372209703	7.378381754377367	0.0320273189392145	2.4179231483466967	0.7529731530729081	0.5643755917051819	0.14
/rds/general/user/osella/home/rl-qecc-data/supervisedLearning/sweep2/g5_mix_66-96-126-153_H7_s6000.pth	7	6000	6	mixed	[(6, 6), (9, 6), (12, 6), (15, 3)]	True	True	True	True	geometric5	1353227	12	6	2026-07-31	8.092892169402715	7.378381754377367	0.03141801347829172	2.3558865382708114	0.7621079834510786	0.572913438746466	0.08
/rds/general/user/osella/home/rl-qecc-data/supervisedLearning/sweep2/g5_mix_66-96-126-153_H7_s7134066.pth	7	7134066	6	mixed	[(6, 6), (9, 6), (12, 6), (15, 3)]	True	True	True	True	geometric5	1353227	12	6	2026-07-31	8.099808027237119	7.378381754377367	0.03156774130851171	2.357907264370326	0.7607196935158926	0.5715171491021563	0.14
/rds/general/user/osella/home/rl-qecc-data/supervisedLearning/sweep2/g5_mix_66-96-126_H10_s1000.pth	10	1000	8	mixed	[(6, 6), (9, 6), (12, 6)]	True	True	True	False	geometric5	1353227	12	6	2026-07-31	8.065384094463328	7.378381754377367	0.03075181407986699	2.333203099063529	0.7717788771167646	0.582649431585178	0.06
/rds/general/user/osella/home/rl-qecc-data/supervisedLearning/sweep2/g5_mix_66-96-126_H10_s12345.pth	10	12345	8	mixed	[(6, 6), (9, 6), (12, 6)]	True	True	True	False	geometric5	1353227	12	6	2026-07-31	8.019131243274275	7.378381754377367	0.029228797054910702	2.133173944351819	0.7970871609253335	0.608294401298018	0.16
/rds/general/user/osella/home/rl-qecc-data/supervisedLearning/sweep2/g5_mix_66-96-126_H10_s2000.pth	10	2000	8	mixed	[(6, 6), (9, 6), (12, 6)]	True	True	True	False	geometric5	1353227	12	6	2026-07-31	8.05950358151045	7.378381754377367	0.03047511350491848	2.2029621889572777	0.7839953185932766	0.5935697012578715	0.16
/rds/general/user/osella/home/rl-qecc-data/supervisedLearning/sweep2/g5_mix_66-96-126_H10_s3000.pth	10	3000	8	mixed	[(6, 6), (9, 6), (12, 6)]	True	True	True	False	geometric5	1353227	12	6	2026-07-31	8.087108914760954	7.378381754377367	0.030900912090934186	2.341119086387379	0.7737746314169484	0.5849296675307001	0.06
/rds/general/user/osella/home/rl-qecc-data/supervisedLearning/sweep2/g5_mix_66-96-126_H10_s4000.pth	10	4000	8	mixed	[(6, 6), (9, 6), (12, 6)]	True	True	True	False	geometric5	1353227	12	6	2026-07-31	8.036588774540068	7.378381754377367	0.03003913173994801	2.1917242547273585	0.7968731340516747	0.6082073508816584	0.16
/rds/general/user/osella/home/rl-qecc-data/supervisedLearning/sweep2/g5_mix_66-96-126_H10_s466555.pth	10	466555	8	mixed	[(6, 6), (9, 6), (12, 6)]	True	True	True	False	geometric5	1353227	12	6	2026-07-31	8.029981251207698	7.378381754377367	0.029566538083293112	2.1875294993713075	0.7997477163340118	0.6111202194802867	0.14
/rds/general/user/osella/home/rl-qecc-data/supervisedLearning/sweep2/g5_mix_66-96-126_H10_s5000.pth	10	5000	8	mixed	[(6, 6), (9, 6), (12, 6)]	True	True	True	False	geometric5	1353227	12	6	2026-07-31	8.054073761483389	7.378381754377367	0.029885480451653724	2.120960422273092	0.790523992424805	0.6010242520812029	0.06
/rds/general/user/osella/home/rl-qecc-data/supervisedLearning/sweep2/g5_mix_66-96-126_H10_s54321.pth	10	54321	8	mixed	[(6, 6), (9, 6), (12, 6)]	True	True	True	False	geometric5	1353227	12	6	2026-07-31	8.009948448679513	7.378381754377367	0.0287944150106893	2.2512648819825953	0.8059036069865034	0.6178585221051484	0.08
/rds/general/user/osella/home/rl-qecc-data/supervisedLearning/sweep2/g5_mix_66-96-126_H10_s6000.pth	10	6000	8	mixed	[(6, 6), (9, 6), (12, 6)]	True	True	True	False	geometric5	1353227	12	6	2026-07-31	8.024199062648458	7.378381754377367	0.02933556956870822	2.176220191460008	0.7986593533052349	0.6104634557002773	0.18
/rds/general/user/osella/home/rl-qecc-data/supervisedLearning/sweep2/g5_mix_66-96-126_H10_s7134066.pth	10	7134066	8	mixed	[(6, 6), (9, 6), (12, 6)]	True	True	True	False	geometric5	1353227	12	6	2026-07-31	7.994241189953948	7.378381754377367	0.028606725157532834	2.188312179996316	0.813411781024684	0.6264163610825663	0.16
/rds/general/user/osella/home/rl-qecc-data/supervisedLearning/sweep2/g5_mix_66-96-126_H3_s1000.pth	3	1000	8	mixed	[(6, 6), (9, 6), (12, 6)]	True	True	True	False	geometric5	1353227	12	6	2026-07-31	8.092476993159678	7.378381754377367	0.03157967416671422	2.399937950119286	0.7588517359788248	0.5704243577437302	0.14
/rds/general/user/osella/home/rl-qecc-data/supervisedLearning/sweep2/g5_mix_66-96-126_H3_s12345.pth	3	12345	8	mixed	[(6, 6), (9, 6), (12, 6)]	True	True	True	False	geometric5	1353227	12	6	2026-07-31	8.077640266089125	7.378381754377367	0.03179243674527493	2.3455434406433815	0.7639979833523174	0.5764133243522965	0.04
/rds/general/user/osella/home/rl-qecc-data/supervisedLearning/sweep2/g5_mix_66-96-126_H3_s2000.pth	3	2000	8	mixed	[(6, 6), (9, 6), (12, 6)]	True	True	True	False	geometric5	1353227	12	6	2026-07-31	8.06641804259551	7.378381754377367	0.030909323250167087	2.3830253152449243	0.7695709176903069	0.5810366242038374	0.1
/rds/general/user/osella/home/rl-qecc-data/supervisedLearning/sweep2/g5_mix_66-96-126_H3_s3000.pth	3	3000	8	mixed	[(6, 6), (9, 6), (12, 6)]	True	True	True	False	geometric5	1353227	12	6	2026-07-31	8.112776705770688	7.378381754377367	0.03174709052606658	2.508271511409873	0.7566491456393445	0.568435934683329	0.08
/rds/general/user/osella/home/rl-qecc-data/supervisedLearning/sweep2/g5_mix_66-96-126_H3_s4000.pth	3	4000	8	mixed	[(6, 6), (9, 6), (12, 6)]	True	True	True	False	geometric5	1353227	12	6	2026-07-31	8.078471320184217	7.378381754377367	0.031150013723269813	2.3735107318399313	0.7637375322108566	0.5750952783071416	0.16
/rds/general/user/osella/home/rl-qecc-data/supervisedLearning/sweep2/g5_mix_66-96-126_H3_s466555.pth	3	466555	8	mixed	[(6, 6), (9, 6), (12, 6)]	True	True	True	False	geometric5	1353227	12	6	2026-07-31	8.122557884764703	7.378381754377367	0.0323742859506306	2.3800211498434325	0.7458147799413549	0.5575822725523245	0.18
/rds/general/user/osella/home/rl-qecc-data/supervisedLearning/sweep2/g5_mix_66-96-126_H3_s5000.pth	3	5000	8	mixed	[(6, 6), (9, 6), (12, 6)]	True	True	True	False	geometric5	1353227	12	6	2026-07-31	8.030934805097646	7.378381754377367	0.02962660187453276	2.1264589677057213	0.7918348787070623	0.6024707075686665	0.16
/rds/general/user/osella/home/rl-qecc-data/supervisedLearning/sweep2/g5_mix_66-96-126_H3_s54321.pth	3	54321	8	mixed	[(6, 6), (9, 6), (12, 6)]	True	True	True	False	geometric5	1353227	12	6	2026-07-31	8.083228477505372	7.378381754377367	0.031528541256800435	2.4342202389859566	0.7610409338256167	0.5725952102541151	0.04
/rds/general/user/osella/home/rl-qecc-data/supervisedLearning/sweep2/g5_mix_66-96-126_H3_s6000.pth	3	6000	8	mixed	[(6, 6), (9, 6), (12, 6)]	True	True	True	False	geometric5	1353227	12	6	2026-07-31	8.036860272519274	7.378381754377367	0.029815467688334308	2.252801570611269	0.7880821822577826	0.5986605382176877	0.18
/rds/general/user/osella/home/rl-qecc-data/supervisedLearning/sweep2/g5_mix_66-96-126_H3_s7134066.pth	3	7134066	8	mixed	[(6, 6), (9, 6), (12, 6)]	True	True	True	False	geometric5	1353227	12	6	2026-07-31	8.07145134782379	7.378381754377367	0.0313687354503383	2.330136913928145	0.7663154060321671	0.5769878979645825	0.12
/rds/general/user/osella/home/rl-qecc-data/supervisedLearning/sweep2/g5_mix_66-96-126_H4_s1000.pth	4	1000	8	mixed	[(6, 6), (9, 6), (12, 6)]	True	True	True	False	geometric5	1353227	12	6	2026-07-31	8.02605220644926	7.378381754377367	0.029387723623496634	2.198066439923496	0.7958936254811061	0.6073711709460096	0.14
/rds/general/user/osella/home/rl-qecc-data/supervisedLearning/sweep2/g5_mix_66-96-126_H4_s12345.pth	4	12345	8	mixed	[(6, 6), (9, 6), (12, 6)]	True	True	True	False	geometric5	1353227	12	6	2026-07-31	8.07908410137216	7.378381754377367	0.031427989709712015	2.38172888762881	0.7616240091973098	0.5744191900440409	0.1
/rds/general/user/osella/home/rl-qecc-data/supervisedLearning/sweep2/g5_mix_66-96-126_H4_s2000.pth	4	2000	8	mixed	[(6, 6), (9, 6), (12, 6)]	True	True	True	False	geometric5	1353227	12	6	2026-07-31	8.083215753469386	7.378381754377367	0.031385729142922154	2.4126344435459157	0.7613884947274495	0.5730964032300572	0.04
/rds/general/user/osella/home/rl-qecc-data/supervisedLearning/sweep2/g5_mix_66-96-126_H4_s3000.pth	4	3000	8	mixed	[(6, 6), (9, 6), (12, 6)]	True	True	True	False	geometric5	1353227	12	6	2026-07-31	8.105910048462567	7.378381754377367	0.03173955934669991	2.5321122225139554	0.7597763439693969	0.5718624400314849	0.1
/rds/general/user/osella/home/rl-qecc-data/supervisedLearning/sweep2/g5_mix_66-96-126_H4_s4000.pth	4	4000	8	mixed	[(6, 6), (9, 6), (12, 6)]	True	True	True	False	geometric5	1353227	12	6	2026-07-31	8.019818875366191	7.378381754377367	0.029074682357121098	2.2527348855183784	0.8001003991814313	0.6122217886746286	0.14
/rds/general/user/osella/home/rl-qecc-data/supervisedLearning/sweep2/g5_mix_66-96-126_H4_s466555.pth	4	466555	8	mixed	[(6, 6), (9, 6), (12, 6)]	True	True	True	False	geometric5	1353227	12	6	2026-07-31	8.096205910992005	7.378381754377367	0.03139901851594903	2.392613165100341	0.7610502513827233	0.5731143452639762	0.08
/rds/general/user/osella/home/rl-qecc-data/supervisedLearning/sweep2/g5_mix_66-96-126_H4_s5000.pth	4	5000	8	mixed	[(6, 6), (9, 6), (12, 6)]	True	True	True	False	geometric5	1353227	12	6	2026-07-31	8.103560335886048	7.378381754377367	0.03240404244787223	2.39650271984122	0.756152464976337	0.566945762546134	0.04
/rds/general/user/osella/home/rl-qecc-data/supervisedLearning/sweep2/g5_mix_66-96-126_H4_s54321.pth	4	54321	8	mixed	[(6, 6), (9, 6), (12, 6)]	True	True	True	False	geometric5	1353227	12	6	2026-07-31	8.125154180165799	7.378381754377367	0.0329229768914399	2.444383599653746	0.7430587773746226	0.5548189020453577	0.06
/rds/general/user/osella/home/rl-qecc-data/supervisedLearning/sweep2/g5_mix_66-96-126_H4_s6000.pth	4	6000	8	mixed	[(6, 6), (9, 6), (12, 6)]	True	True	True	False	geometric5	1353227	12	6	2026-07-31	8.109904629610389	7.378381754377367	0.03156046731192702	2.4317696780445996	0.7555617033398582	0.5685662737231513	0.12
/rds/general/user/osella/home/rl-qecc-data/supervisedLearning/sweep2/g5_mix_66-96-126_H4_s7134066.pth	4	7134066	8	mixed	[(6, 6), (9, 6), (12, 6)]	True	True	True	False	geometric5	1353227	12	6	2026-07-31	8.081760108858584	7.378381754377367	0.031237926504471762	2.4029023979854403	0.7618444473871121	0.574085027979169	0.16
/rds/general/user/osella/home/rl-qecc-data/supervisedLearning/sweep2/g5_mix_66-96-126_H6_s1000.pth	6	1000	8	mixed	[(6, 6), (9, 6), (12, 6)]	True	True	True	False	geometric5	1353227	12	6	2026-07-31	8.078543920654269	7.378381754377367	0.03095432929170018	2.3420524818999238	0.7686565478583745	0.5799842994252419	0.12
/rds/general/user/osella/home/rl-qecc-data/supervisedLearning/sweep2/g5_mix_66-96-126_H6_s12345.pth	6	12345	8	mixed	[(6, 6), (9, 6), (12, 6)]	True	True	True	False	geometric5	1353227	12	6	2026-07-31	8.11080834732515	7.378381754377367	0.03191213537088706	2.3785558434911582	0.7541421033765158	0.5661481440618719	0.08
/rds/general/user/osella/home/rl-qecc-data/supervisedLearning/sweep2/g5_mix_66-96-126_H6_s2000.pth	6	2000	8	mixed	[(6, 6), (9, 6), (12, 6)]	True	True	True	False	geometric5	1353227	12	6	2026-07-31	8.024934384734431	7.378381754377367	0.029383953272102945	2.181544605110844	0.7973841898697811	0.6083951413270118	0.16
/rds/general/user/osella/home/rl-qecc-data/supervisedLearning/sweep2/g5_mix_66-96-126_H6_s3000.pth	6	3000	8	mixed	[(6, 6), (9, 6), (12, 6)]	True	True	True	False	geometric5	1353227	12	6	2026-07-31	8.031925279360205	7.378381754377367	0.02944396681261098	2.2573445783417383	0.7994735101435446	0.610768747522611	0.0
/rds/general/user/osella/home/rl-qecc-data/supervisedLearning/sweep2/g5_mix_66-96-126_H6_s4000.pth	6	4000	8	mixed	[(6, 6), (9, 6), (12, 6)]	True	True	True	False	geometric5	1353227	12	6	2026-07-31	8.035191625555287	7.378381754377367	0.029671692631787185	2.2086720428310223	0.7958204249975723	0.6069442467709515	0.22
/rds/general/user/osella/home/rl-qecc-data/supervisedLearning/sweep2/g5_mix_66-96-126_H6_s466555.pth	6	466555	8	mixed	[(6, 6), (9, 6), (12, 6)]	True	True	True	False	geometric5	1353227	12	6	2026-07-31	8.02878153620365	7.378381754377367	0.029409831994000615	2.158568554928034	0.7949692537703524	0.6060467800504584	0.26
/rds/general/user/osella/home/rl-qecc-data/supervisedLearning/sweep2/g5_mix_66-96-126_H6_s5000.pth	6	5000	8	mixed	[(6, 6), (9, 6), (12, 6)]	True	True	True	False	geometric5	1353227	12	6	2026-07-31	8.00471051002685	7.378381754377367	0.028324005122997382	2.1700988896505637	0.8103404909356643	0.6226496973060232	0.08
/rds/general/user/osella/home/rl-qecc-data/supervisedLearning/sweep2/g5_mix_66-96-126_H6_s54321.pth	6	54321	8	mixed	[(6, 6), (9, 6), (12, 6)]	True	True	True	False	geometric5	1353227	12	6	2026-07-31	8.02100819578573	7.378381754377367	0.029176793599814458	2.1456588394139167	0.7992852061937615	0.6102839841519871	0.08
/rds/general/user/osella/home/rl-qecc-data/supervisedLearning/sweep2/g5_mix_66-96-126_H6_s6000.pth	6	6000	8	mixed	[(6, 6), (9, 6), (12, 6)]	True	True	True	False	geometric5	1353227	12	6	2026-07-31	7.9881076714470876	7.378381754377367	0.028389765943093625	2.173780832363629	0.8127114643337889	0.6257169935350861	0.08
/rds/general/user/osella/home/rl-qecc-data/supervisedLearning/sweep2/g5_mix_66-96-126_H6_s7134066.pth	6	7134066	8	mixed	[(6, 6), (9, 6), (12, 6)]	True	True	True	False	geometric5	1353227	12	6	2026-07-31	8.069826768224587	7.378381754377367	0.030796829314401187	2.1565562365409354	0.7846538903096056	0.5946260501161159	0.12
/rds/general/user/osella/home/rl-qecc-data/supervisedLearning/sweep2/g5_mix_66-96-126_H7_s1000.pth	7	1000	8	mixed	[(6, 6), (9, 6), (12, 6)]	True	True	True	False	geometric5	1353227	12	6	2026-07-31	8.010829457707834	7.378381754377367	0.028868663167067453	2.1933820204479484	0.8020950126729308	0.6137521500407136	0.22
/rds/general/user/osella/home/rl-qecc-data/supervisedLearning/sweep2/g5_mix_66-96-126_H7_s12345.pth	7	12345	8	mixed	[(6, 6), (9, 6), (12, 6)]	True	True	True	False	geometric5	1353227	12	6	2026-07-31	8.000211381742128	7.378381754377367	0.02841742127320988	2.232182293029983	0.8078930719719134	0.6200555123834065	0.08
/rds/general/user/osella/home/rl-qecc-data/supervisedLearning/sweep2/g5_mix_66-96-126_H7_s2000.pth	7	2000	8	mixed	[(6, 6), (9, 6), (12, 6)]	True	True	True	False	geometric5	1353227	12	6	2026-07-31	8.076720732990223	7.378381754377367	0.03092207016740267	2.355827268093302	0.7678436962555039	0.5795557640648211	0.18
/rds/general/user/osella/home/rl-qecc-data/supervisedLearning/sweep2/g5_mix_66-96-126_H7_s3000.pth	7	3000	8	mixed	[(6, 6), (9, 6), (12, 6)]	True	True	True	False	geometric5	1353227	12	6	2026-07-31	8.116388323517743	7.378381754377367	0.03177090681678875	2.497278689541073	0.7573590107045485	0.5701634407936604	0.18
/rds/general/user/osella/home/rl-qecc-data/supervisedLearning/sweep2/g5_mix_66-96-126_H7_s4000.pth	7	4000	8	mixed	[(6, 6), (9, 6), (12, 6)]	True	True	True	False	geometric5	1353227	12	6	2026-07-31	7.99335343259159	7.378381754377367	0.028512301323014456	2.2127326151230933	0.8111029915948303	0.6241638617207904	0.04
/rds/general/user/osella/home/rl-qecc-data/supervisedLearning/sweep2/g5_mix_66-96-126_H7_s466555.pth	7	466555	8	mixed	[(6, 6), (9, 6), (12, 6)]	True	True	True	False	geometric5	1353227	12	6	2026-07-31	7.97860767005768	7.378381754377367	0.027934164729147767	2.177658696052409	0.8154375019518195	0.6281185082826128	0.18
/rds/general/user/osella/home/rl-qecc-data/supervisedLearning/sweep2/g5_mix_66-96-126_H7_s5000.pth	7	5000	8	mixed	[(6, 6), (9, 6), (12, 6)]	True	True	True	False	geometric5	1353227	12	6	2026-07-31	8.053916390497154	7.378381754377367	0.03016527024341113	2.248492551837415	0.7814045934766162	0.5930307933448088	0.14
/rds/general/user/osella/home/rl-qecc-data/supervisedLearning/sweep2/g5_mix_66-96-126_H7_s54321.pth	7	54321	8	mixed	[(6, 6), (9, 6), (12, 6)]	True	True	True	False	geometric5	1353227	12	6	2026-07-31	8.027253585432964	7.378381754377367	0.02943710337552794	2.2387583865911287	0.7968158434150817	0.6075892736179603	0.18
/rds/general/user/osella/home/rl-qecc-data/supervisedLearning/sweep2/g5_mix_66-96-126_H7_s6000.pth	7	6000	8	mixed	[(6, 6), (9, 6), (12, 6)]	True	True	True	False	geometric5	1353227	12	6	2026-07-31	8.032823659843684	7.378381754377367	0.02956285633175408	2.181720506529716	0.7950391410093417	0.6065596419627975	0.04
/rds/general/user/osella/home/rl-qecc-data/supervisedLearning/sweep2/g5_mix_66-96-126_H7_s7134066.pth	7	7134066	8	mixed	[(6, 6), (9, 6), (12, 6)]	True	True	True	False	geometric5	1353227	12	6	2026-07-31	8.006552671011907	7.378381754377367	0.029023512384289973	2.2134793719942025	0.809591134691447	0.6217127648234413	0.06
/rds/general/user/osella/home/rl-qecc-data/supervisedLearning/sweep2/g5_mix_66-96_H10_s1000.pth	10	1000	12	mixed	[(6, 6), (9, 6)]	True	True	False	False	geometric5	1353227	12	6	2026-07-31	9.369379054919957	7.378381754377367	0.09267517840978953	2.7138892786324647	0.6843688823281818	0.49938320905982625	0.04
/rds/general/user/osella/home/rl-qecc-data/supervisedLearning/sweep2/g5_mix_66-96_H10_s12345.pth	10	12345	12	mixed	[(6, 6), (9, 6)]	True	True	False	False	geometric5	1353227	12	6	2026-07-31	9.207224913735448	7.378381754377367	0.08006467415412899	2.6265484073811396	0.7175569726544927	0.5308755279183853	0.08
/rds/general/user/osella/home/rl-qecc-data/supervisedLearning/sweep2/g5_mix_66-96_H10_s2000.pth	10	2000	12	mixed	[(6, 6), (9, 6)]	True	True	False	False	geometric5	1353227	12	6	2026-07-31	9.396462738079254	7.378381754377367	0.08600753228037902	2.6686036701820988	0.6745854135095904	0.4913614886619278	0.06
/rds/general/user/osella/home/rl-qecc-data/supervisedLearning/sweep2/g5_mix_66-96_H10_s3000.pth	10	3000	12	mixed	[(6, 6), (9, 6)]	True	True	False	False	geometric5	1353227	12	6	2026-07-31	8.870897698275261	7.378381754377367	0.07041413247927931	2.7315859849493105	0.690802033994807	0.5062633211803516	0.04
/rds/general/user/osella/home/rl-qecc-data/supervisedLearning/sweep2/g5_mix_66-96_H10_s4000.pth	10	4000	12	mixed	[(6, 6), (9, 6)]	True	True	False	False	geometric5	1353227	12	6	2026-07-31	9.184728565580887	7.378381754377367	0.08435066892679725	2.6456953389408073	0.7038344549584269	0.5165464363830273	0.1
/rds/general/user/osella/home/rl-qecc-data/supervisedLearning/sweep2/g5_mix_66-96_H10_s466555.pth	10	466555	12	mixed	[(6, 6), (9, 6)]	True	True	False	False	geometric5	1353227	12	6	2026-07-31	8.96949213088081	7.378381754377367	0.07465811973591942	2.6697572104902214	0.699144048500034	0.5124104591347383	0.02
/rds/general/user/osella/home/rl-qecc-data/supervisedLearning/sweep2/g5_mix_66-96_H10_s5000.pth	10	5000	12	mixed	[(6, 6), (9, 6)]	True	True	False	False	geometric5	1353227	12	6	2026-07-31	9.1678747540424	7.378381754377367	0.0814548520389483	2.7020310211528655	0.6893278681684746	0.5037037101974903	0.02
/rds/general/user/osella/home/rl-qecc-data/supervisedLearning/sweep2/g5_mix_66-96_H10_s54321.pth	10	54321	12	mixed	[(6, 6), (9, 6)]	True	True	False	False	geometric5	1353227	12	6	2026-07-31	8.982071314831126	7.378381754377367	0.07252972305900575	2.595269943262304	0.7008254271842277	0.5135167261806918	0.06
/rds/general/user/osella/home/rl-qecc-data/supervisedLearning/sweep2/g5_mix_66-96_H10_s6000.pth	10	6000	12	mixed	[(6, 6), (9, 6)]	True	True	False	False	geometric5	1353227	12	6	2026-07-31	8.908387534376827	7.378381754377367	0.06654721578919437	2.8577235558167056	0.6736901891569536	0.490349977336746	0.06
/rds/general/user/osella/home/rl-qecc-data/supervisedLearning/sweep2/g5_mix_66-96_H10_s7134066.pth	10	7134066	12	mixed	[(6, 6), (9, 6)]	True	True	False	False	geometric5	1353227	12	6	2026-07-31	9.130480172821844	7.378381754377367	0.0772149946978031	2.6662072138529767	0.6938130552801063	0.507137196391118	0.12
/rds/general/user/osella/home/rl-qecc-data/supervisedLearning/sweep2/g5_mix_66-96_H3_s1000.pth	3	1000	12	mixed	[(6, 6), (9, 6)]	True	True	False	False	geometric5	1353227	12	6	2026-07-31	8.838296828498283	7.378381754377367	0.06498736727707764	2.6791742344535594	0.7033781887976039	0.5165456021372808	0.08
/rds/general/user/osella/home/rl-qecc-data/supervisedLearning/sweep2/g5_mix_66-96_H3_s12345.pth	3	12345	12	mixed	[(6, 6), (9, 6)]	True	True	False	False	geometric5	1353227	12	6	2026-07-31	8.994502438550732	7.378381754377367	0.07498049397930628	2.7672642446592786	0.7135776263176528	0.5261729081403689	0.06
/rds/general/user/osella/home/rl-qecc-data/supervisedLearning/sweep2/g5_mix_66-96_H3_s2000.pth	3	2000	12	mixed	[(6, 6), (9, 6)]	True	True	False	False	geometric5	1353227	12	6	2026-07-31	8.908980530125847	7.378381754377367	0.06394465122824558	2.7085262504491108	0.7223603387157543	0.5338737014983841	0.04
/rds/general/user/osella/home/rl-qecc-data/supervisedLearning/sweep2/g5_mix_66-96_H3_s3000.pth	3	3000	12	mixed	[(6, 6), (9, 6)]	True	True	False	False	geometric5	1353227	12	6	2026-07-31	8.748752556210366	7.378381754377367	0.054022957018833466	2.702938646191551	0.7106757439124903	0.5236559913087542	0.08
/rds/general/user/osella/home/rl-qecc-data/supervisedLearning/sweep2/g5_mix_66-96_H3_s4000.pth	3	4000	12	mixed	[(6, 6), (9, 6)]	True	True	False	False	geometric5	1353227	12	6	2026-07-31	9.02376431761124	7.378381754377367	0.073190342278752	2.7312501994794283	0.7062577642934645	0.5192958696244385	0.08
/rds/general/user/osella/home/rl-qecc-data/supervisedLearning/sweep2/g5_mix_66-96_H3_s466555.pth	3	466555	12	mixed	[(6, 6), (9, 6)]	True	True	False	False	geometric5	1353227	12	6	2026-07-31	8.76320071473796	7.378381754377367	0.06152535218806932	2.620224166950051	0.7180898521761316	0.5297970647041598	0.14
/rds/general/user/osella/home/rl-qecc-data/supervisedLearning/sweep2/g5_mix_66-96_H3_s5000.pth	3	5000	12	mixed	[(6, 6), (9, 6)]	True	True	False	False	geometric5	1353227	12	6	2026-07-31	9.037771192352986	7.378381754377367	0.07195941297879584	2.7325763724998904	0.7062861044862768	0.518540504243985	0.1
/rds/general/user/osella/home/rl-qecc-data/supervisedLearning/sweep2/g5_mix_66-96_H3_s54321.pth	3	54321	12	mixed	[(6, 6), (9, 6)]	True	True	False	False	geometric5	1353227	12	6	2026-07-31	8.767706698563881	7.378381754377367	0.06161657390187283	2.6535120402958903	0.7230537464062915	0.5334115591823027	0.06
/rds/general/user/osella/home/rl-qecc-data/supervisedLearning/sweep2/g5_mix_66-96_H3_s6000.pth	3	6000	12	mixed	[(6, 6), (9, 6)]	True	True	False	False	geometric5	1353227	12	6	2026-07-31	8.697552740283072	7.378381754377367	0.05845024135113829	2.609657947821856	0.7364088000697517	0.5464626957438499	0.0
/rds/general/user/osella/home/rl-qecc-data/supervisedLearning/sweep2/g5_mix_66-96_H3_s7134066.pth	3	7134066	12	mixed	[(6, 6), (9, 6)]	True	True	False	False	geometric5	1353227	12	6	2026-07-31	9.085985217009686	7.378381754377367	0.08011775010542471	2.6870841847708102	0.7085360002885542	0.5204768698727443	0.08
/rds/general/user/osella/home/rl-qecc-data/supervisedLearning/sweep2/g5_mix_66-96_H4_s1000.pth	4	1000	12	mixed	[(6, 6), (9, 6)]	True	True	False	False	geometric5	1353227	12	6	2026-07-31	9.002953339278896	7.378381754377367	0.07326788640601241	2.743949945441696	0.6926529098194806	0.5060664431413766	0.04
/rds/general/user/osella/home/rl-qecc-data/supervisedLearning/sweep2/g5_mix_66-96_H4_s12345.pth	4	12345	12	mixed	[(6, 6), (9, 6)]	True	True	False	False	geometric5	1353227	12	6	2026-07-31	8.85462115653787	7.378381754377367	0.06657169769860656	2.7253215967269098	0.6975570379955821	0.5116418647870378	0.04
/rds/general/user/osella/home/rl-qecc-data/supervisedLearning/sweep2/g5_mix_66-96_H4_s2000.pth	4	2000	12	mixed	[(6, 6), (9, 6)]	True	True	False	False	geometric5	1353227	12	6	2026-07-31	8.893233363460348	7.378381754377367	0.06677868176008817	2.7327670251854577	0.7038380607574622	0.5174837367937978	0.06
/rds/general/user/osella/home/rl-qecc-data/supervisedLearning/sweep2/g5_mix_66-96_H4_s3000.pth	4	3000	12	mixed	[(6, 6), (9, 6)]	True	True	False	False	geometric5	1353227	12	6	2026-07-31	8.84995930019566	7.378381754377367	0.06515948748917758	2.598070604558992	0.724811031870175	0.5355459511616855	0.04
/rds/general/user/osella/home/rl-qecc-data/supervisedLearning/sweep2/g5_mix_66-96_H4_s4000.pth	4	4000	12	mixed	[(6, 6), (9, 6)]	True	True	False	False	geometric5	1353227	12	6	2026-07-31	8.860274313659525	7.378381754377367	0.06993181877569801	2.7135228326829264	0.6769422449037525	0.49123574711399504	0.06
/rds/general/user/osella/home/rl-qecc-data/supervisedLearning/sweep2/g5_mix_66-96_H4_s466555.pth	4	466555	12	mixed	[(6, 6), (9, 6)]	True	True	False	False	geometric5	1353227	12	6	2026-07-31	8.731410491683924	7.378381754377367	0.06153839304540115	2.7302509117140312	0.6975475735331518	0.5109465943036664	0.04
/rds/general/user/osella/home/rl-qecc-data/supervisedLearning/sweep2/g5_mix_66-96_H4_s5000.pth	4	5000	12	mixed	[(6, 6), (9, 6)]	True	True	False	False	geometric5	1353227	12	6	2026-07-31	8.870396097978901	7.378381754377367	0.06456208732096551	2.737414266477683	0.6845499540866907	0.4991025194083119	0.04
/rds/general/user/osella/home/rl-qecc-data/supervisedLearning/sweep2/g5_mix_66-96_H4_s54321.pth	4	54321	12	mixed	[(6, 6), (9, 6)]	True	True	False	False	geometric5	1353227	12	6	2026-07-31	8.867203728835158	7.378381754377367	0.06384688213804122	2.711667919011081	0.6921949574239284	0.5069567075703652	0.04
/rds/general/user/osella/home/rl-qecc-data/supervisedLearning/sweep2/g5_mix_66-96_H4_s6000.pth	4	6000	12	mixed	[(6, 6), (9, 6)]	True	True	False	False	geometric5	1353227	12	6	2026-07-31	9.013226562631251	7.378381754377367	0.07383742667280982	2.73590606239696	0.6803226463508634	0.4955918602033164	0.1
/rds/general/user/osella/home/rl-qecc-data/supervisedLearning/sweep2/g5_mix_66-96_H4_s7134066.pth	4	7134066	12	mixed	[(6, 6), (9, 6)]	True	True	False	False	geometric5	1353227	12	6	2026-07-31	8.824534454719183	7.378381754377367	0.0634418111319207	2.6898056042760037	0.6834563790688815	0.4980184161077228	0.02
/rds/general/user/osella/home/rl-qecc-data/supervisedLearning/sweep2/g5_mix_66-96_H6_s1000.pth	6	1000	12	mixed	[(6, 6), (9, 6)]	True	True	False	False	geometric5	1353227	12	6	2026-07-31	9.119891540949103	7.378381754377367	0.08185915215861372	2.672258753826471	0.7258116410017776	0.5354606028633762	0.04
/rds/general/user/osella/home/rl-qecc-data/supervisedLearning/sweep2/g5_mix_66-96_H6_s12345.pth	6	12345	12	mixed	[(6, 6), (9, 6)]	True	True	False	False	geometric5	1353227	12	6	2026-07-31	9.005755917205866	7.378381754377367	0.07826672769548867	2.658489315723775	0.7118460673088876	0.525806031443135	0.06
/rds/general/user/osella/home/rl-qecc-data/supervisedLearning/sweep2/g5_mix_66-96_H6_s2000.pth	6	2000	12	mixed	[(6, 6), (9, 6)]	True	True	False	False	geometric5	1353227	12	6	2026-07-31	9.114985287628086	7.378381754377367	0.07596456950235507	2.66654450674869	0.7084983431502192	0.5205702351058051	0.08
/rds/general/user/osella/home/rl-qecc-data/supervisedLearning/sweep2/g5_mix_66-96_H6_s3000.pth	6	3000	12	mixed	[(6, 6), (9, 6)]	True	True	False	False	geometric5	1353227	12	6	2026-07-31	8.817158353588084	7.378381754377367	0.06337230633911754	2.6812138499795974	0.6976528631749899	0.5106916035451194	0.04
/rds/general/user/osella/home/rl-qecc-data/supervisedLearning/sweep2/g5_mix_66-96_H6_s4000.pth	6	4000	12	mixed	[(6, 6), (9, 6)]	True	True	False	False	geometric5	1353227	12	6	2026-07-31	8.757944583904935	7.378381754377367	0.0633562857193996	2.6792900387408465	0.6650158577716304	0.4825509239031858	0.0
/rds/general/user/osella/home/rl-qecc-data/supervisedLearning/sweep2/g5_mix_66-96_H6_s466555.pth	6	466555	12	mixed	[(6, 6), (9, 6)]	True	True	False	False	geometric5	1353227	12	6	2026-07-31	9.099733742677826	7.378381754377367	0.07764270550633616	2.7897619055082448	0.6937682129931434	0.5082583840549849	0.08
/rds/general/user/osella/home/rl-qecc-data/supervisedLearning/sweep2/g5_mix_66-96_H6_s5000.pth	6	5000	12	mixed	[(6, 6), (9, 6)]	True	True	False	False	geometric5	1353227	12	6	2026-07-31	8.897885192221482	7.378381754377367	0.06934781096335417	2.6536721917681194	0.7056237401515039	0.5187322840078871	0.06
/rds/general/user/osella/home/rl-qecc-data/supervisedLearning/sweep2/g5_mix_66-96_H6_s54321.pth	6	54321	12	mixed	[(6, 6), (9, 6)]	True	True	False	False	geometric5	1353227	12	6	2026-07-31	8.933668456045272	7.378381754377367	0.06807984191107351	2.6556107102797677	0.6822029022083601	0.4973263246357518	0.0
/rds/general/user/osella/home/rl-qecc-data/supervisedLearning/sweep2/g5_mix_66-96_H6_s6000.pth	6	6000	12	mixed	[(6, 6), (9, 6)]	True	True	False	False	geometric5	1353227	12	6	2026-07-31	9.013277441093884	7.378381754377367	0.06722667305421408	2.6941570822538985	0.687793296512997	0.5028155959864591	0.02
/rds/general/user/osella/home/rl-qecc-data/supervisedLearning/sweep2/g5_mix_66-96_H6_s7134066.pth	6	7134066	12	mixed	[(6, 6), (9, 6)]	True	True	False	False	geometric5	1353227	12	6	2026-07-31	9.046684916792843	7.378381754377367	0.07796367051597353	2.717205296117449	0.7124826744378662	0.5259641055672107	0.04
/rds/general/user/osella/home/rl-qecc-data/supervisedLearning/sweep2/g5_mix_66-96_H7_s1000.pth	7	1000	12	mixed	[(6, 6), (9, 6)]	True	True	False	False	geometric5	1353227	12	6	2026-07-31	9.144517992486126	7.378381754377367	0.08251781049693489	2.6611877122867273	0.7006594952809452	0.5128494028719168	0.0
/rds/general/user/osella/home/rl-qecc-data/supervisedLearning/sweep2/g5_mix_66-96_H7_s12345.pth	7	12345	12	mixed	[(6, 6), (9, 6)]	True	True	False	False	geometric5	1353227	12	6	2026-07-31	8.815740584665193	7.378381754377367	0.06812247820298666	2.689180441925102	0.6948119248953702	0.5084957012324934	0.12
/rds/general/user/osella/home/rl-qecc-data/supervisedLearning/sweep2/g5_mix_66-96_H7_s2000.pth	7	2000	12	mixed	[(6, 6), (9, 6)]	True	True	False	False	geometric5	1353227	12	6	2026-07-31	9.202608688512006	7.378381754377367	0.08194864883589405	2.681438122602225	0.7126970355124994	0.5247614041947195	0.06
/rds/general/user/osella/home/rl-qecc-data/supervisedLearning/sweep2/g5_mix_66-96_H7_s3000.pth	7	3000	12	mixed	[(6, 6), (9, 6)]	True	True	False	False	geometric5	1353227	12	6	2026-07-31	8.75773762567121	7.378381754377367	0.06648476232550828	2.7159464770053092	0.7170754843163912	0.5301095947665296	0.04
/rds/general/user/osella/home/rl-qecc-data/supervisedLearning/sweep2/g5_mix_66-96_H7_s4000.pth	7	4000	12	mixed	[(6, 6), (9, 6)]	True	True	False	False	geometric5	1353227	12	6	2026-07-31	9.057646712142423	7.378381754377367	0.07842372394460168	2.7187385959536914	0.7079898799944471	0.519937427180502	0.1
/rds/general/user/osella/home/rl-qecc-data/supervisedLearning/sweep2/g5_mix_66-96_H7_s466555.pth	7	466555	12	mixed	[(6, 6), (9, 6)]	True	True	False	False	geometric5	1353227	12	6	2026-07-31	8.998544689825737	7.378381754377367	0.07398089467469274	2.648861378298014	0.7109132731121109	0.5230704512952444	0.04
/rds/general/user/osella/home/rl-qecc-data/supervisedLearning/sweep2/g5_mix_66-96_H7_s5000.pth	7	5000	12	mixed	[(6, 6), (9, 6)]	True	True	False	False	geometric5	1353227	12	6	2026-07-31	9.01539568682853	7.378381754377367	0.06871354767456767	2.6420075857470007	0.6949887676782527	0.5090994531237688	0.04
/rds/general/user/osella/home/rl-qecc-data/supervisedLearning/sweep2/g5_mix_66-96_H7_s54321.pth	7	54321	12	mixed	[(6, 6), (9, 6)]	True	True	False	False	geometric5	1353227	12	6	2026-07-31	8.945536441528105	7.378381754377367	0.07147225438191504	2.7012962723490075	0.6895087579088046	0.5047276838843315	0.02
/rds/general/user/osella/home/rl-qecc-data/supervisedLearning/sweep2/g5_mix_66-96_H7_s6000.pth	7	6000	12	mixed	[(6, 6), (9, 6)]	True	True	False	False	geometric5	1353227	12	6	2026-07-31	8.919173595952543	7.378381754377367	0.07278327125925164	2.6710097739177225	0.701097095088914	0.5145427821062555	0.02
/rds/general/user/osella/home/rl-qecc-data/supervisedLearning/sweep2/g5_mix_66-96_H7_s7134066.pth	7	7134066	12	mixed	[(6, 6), (9, 6)]	True	True	False	False	geometric5	1353227	12	6	2026-07-31	9.246949140756474	7.378381754377367	0.07859137161852521	2.6774922765282203	0.6911584363004171	0.5040643860998787	0.04
/rds/general/user/osella/home/rl-qecc-data/supervisedLearning/sweep2/g5_mix_66_H10_s1000.pth	10	1000	24	mixed	[(6, 6)]	True	False	False	False	geometric5	1353227	12	6	2026-07-31	10.45069008008363	7.378381754377367	0.12776431536213315	2.642931975811242	0.6183070237104916	0.44622858253857195	0.0
/rds/general/user/osella/home/rl-qecc-data/supervisedLearning/sweep2/g5_mix_66_H10_s12345.pth	10	12345	24	mixed	[(6, 6)]	True	False	False	False	geometric5	1353227	12	6	2026-07-31	10.384422501396575	7.378381754377367	0.12794669914132972	2.6972419916833137	0.5946066474420866	0.4241879977187592	0.02
/rds/general/user/osella/home/rl-qecc-data/supervisedLearning/sweep2/g5_mix_66_H10_s2000.pth	10	2000	24	mixed	[(6, 6)]	True	False	False	False	geometric5	1353227	12	6	2026-07-31	10.961849703254751	7.378381754377367	0.14063671477303122	2.6943862041885174	0.610333931846873	0.4386359435686405	0.0
/rds/general/user/osella/home/rl-qecc-data/supervisedLearning/sweep2/g5_mix_66_H10_s3000.pth	10	3000	24	mixed	[(6, 6)]	True	False	False	False	geometric5	1353227	12	6	2026-07-31	10.060411940881833	7.378381754377367	0.11229227820766285	2.641344405442549	0.6235286780518561	0.44883954977479973	0.02
/rds/general/user/osella/home/rl-qecc-data/supervisedLearning/sweep2/g5_mix_66_H10_s4000.pth	10	4000	24	mixed	[(6, 6)]	True	False	False	False	geometric5	1353227	12	6	2026-07-31	10.339925016675354	7.378381754377367	0.1255094139726412	2.6621071760883703	0.6112649318891616	0.439338173101329	0.0
/rds/general/user/osella/home/rl-qecc-data/supervisedLearning/sweep2/g5_mix_66_H10_s466555.pth	10	466555	24	mixed	[(6, 6)]	True	False	False	False	geometric5	1353227	12	6	2026-07-31	9.92439189872566	7.378381754377367	0.11046713204832906	2.6097325307786226	0.6022418236910553	0.4331308846546187	0.0
/rds/general/user/osella/home/rl-qecc-data/supervisedLearning/sweep2/g5_mix_66_H10_s5000.pth	10	5000	24	mixed	[(6, 6)]	True	False	False	False	geometric5	1353227	12	6	2026-07-31	10.332024198912336	7.378381754377367	0.12507989406117795	2.6370282936724925	0.6170661413891807	0.4468992753091188	0.02
/rds/general/user/osella/home/rl-qecc-data/supervisedLearning/sweep2/g5_mix_66_H10_s54321.pth	10	54321	24	mixed	[(6, 6)]	True	False	False	False	geometric5	1353227	12	6	2026-07-31	11.023092843736475	7.378381754377367	0.14666500648117534	2.6699643327879965	0.5923910675030784	0.4241079857038471	0.04
/rds/general/user/osella/home/rl-qecc-data/supervisedLearning/sweep2/g5_mix_66_H10_s6000.pth	10	6000	24	mixed	[(6, 6)]	True	False	False	False	geometric5	1353227	12	6	2026-07-31	10.186462462683622	7.378381754377367	0.12113380318254535	2.6851237861234147	0.6443217003449664	0.4663917062688521	0.02
/rds/general/user/osella/home/rl-qecc-data/supervisedLearning/sweep2/g5_mix_66_H10_s7134066.pth	10	7134066	24	mixed	[(6, 6)]	True	False	False	False	geometric5	1353227	12	6	2026-07-31	10.424724952149079	7.378381754377367	0.1245520153388301	2.6139658242914328	0.551417637745864	0.3941103412701154	0.02
/rds/general/user/osella/home/rl-qecc-data/supervisedLearning/sweep2/g5_mix_66_H3_s1000.pth	3	1000	24	mixed	[(6, 6)]	True	False	False	False	geometric5	1353227	12	6	2026-07-31	10.163892817538553	7.378381754377367	0.10138671588364297	3.211537581379347	0.5337706872108168	0.38272053315112087	0.02
/rds/general/user/osella/home/rl-qecc-data/supervisedLearning/sweep2/g5_mix_66_H3_s12345.pth	3	12345	24	mixed	[(6, 6)]	True	False	False	False	geometric5	1353227	12	6	2026-07-31	11.159438591874755	7.378381754377367	0.14909107841448174	2.638945816977312	0.549005643685147	0.389168539514985	0.02
/rds/general/user/osella/home/rl-qecc-data/supervisedLearning/sweep2/g5_mix_66_H3_s2000.pth	3	2000	24	mixed	[(6, 6)]	True	False	False	False	geometric5	1353227	12	6	2026-07-31	11.545553865337936	7.378381754377367	0.15456195752501237	2.6665247905685905	0.5907020403862472	0.42021260105432373	0.0
/rds/general/user/osella/home/rl-qecc-data/supervisedLearning/sweep2/g5_mix_66_H3_s3000.pth	3	3000	24	mixed	[(6, 6)]	True	False	False	False	geometric5	1353227	12	6	2026-07-31	10.636865031133013	7.378381754377367	0.129374221849226	2.6457283626637356	0.5869673119684911	0.41979093829520514	0.02
/rds/general/user/osella/home/rl-qecc-data/supervisedLearning/sweep2/g5_mix_66_H3_s4000.pth	3	4000	24	mixed	[(6, 6)]	True	False	False	False	geometric5	1353227	12	6	2026-07-31	10.800620458498996	7.378381754377367	0.137106155145219	2.6064837575306767	0.5865759601497482	0.41879070828883996	0.02
/rds/general/user/osella/home/rl-qecc-data/supervisedLearning/sweep2/g5_mix_66_H3_s466555.pth	3	466555	24	mixed	[(6, 6)]	True	False	False	False	geometric5	1353227	12	6	2026-07-31	10.05477023629228	7.378381754377367	0.11056226675038369	2.658361707538028	0.5801905656217614	0.4142866272059473	0.02
/rds/general/user/osella/home/rl-qecc-data/supervisedLearning/sweep2/g5_mix_66_H3_s5000.pth	3	5000	24	mixed	[(6, 6)]	True	False	False	False	geometric5	1353227	12	6	2026-07-31	10.732400252688862	7.378381754377367	0.13725766733573602	2.661497903293886	0.6047162531978948	0.4338514275997892	0.02
/rds/general/user/osella/home/rl-qecc-data/supervisedLearning/sweep2/g5_mix_66_H3_s54321.pth	3	54321	24	mixed	[(6, 6)]	True	False	False	False	geometric5	1353227	12	6	2026-07-31	11.487304987090294	7.378381754377367	0.1584719762603058	2.6343574792447892	0.5965483370981816	0.4269122999263816	0.02
/rds/general/user/osella/home/rl-qecc-data/supervisedLearning/sweep2/g5_mix_66_H3_s6000.pth	3	6000	24	mixed	[(6, 6)]	True	False	False	False	geometric5	1353227	12	6	2026-07-31	11.438416511842009	7.378381754377367	0.1579669257287828	2.6471718188250084	0.5482931376118991	0.3908738651124757	0.0
/rds/general/user/osella/home/rl-qecc-data/supervisedLearning/sweep2/g5_mix_66_H3_s7134066.pth	3	7134066	24	mixed	[(6, 6)]	True	False	False	False	geometric5	1353227	12	6	2026-07-31	11.408184445643135	7.378381754377367	0.15218256908888733	2.6616395817846015	0.6012246211261327	0.431045327393723	0.02
/rds/general/user/osella/home/rl-qecc-data/supervisedLearning/sweep2/g5_mix_66_H4_s1000.pth	4	1000	24	mixed	[(6, 6)]	True	False	False	False	geometric5	1353227	12	6	2026-07-31	12.142521491316952	7.378381754377367	0.16924514513708894	2.6763267832499245	0.4942139348648362	0.3486314773596743	0.02
/rds/general/user/osella/home/rl-qecc-data/supervisedLearning/sweep2/g5_mix_66_H4_s12345.pth	4	12345	24	mixed	[(6, 6)]	True	False	False	False	geometric5	1353227	12	6	2026-07-31	10.800740018733512	7.378381754377367	0.13956684889252827	2.582854750209034	0.6177970766661421	0.44273126340802993	0.0
/rds/general/user/osella/home/rl-qecc-data/supervisedLearning/sweep2/g5_mix_66_H4_s2000.pth	4	2000	24	mixed	[(6, 6)]	True	False	False	False	geometric5	1353227	12	6	2026-07-31	11.363296969802299	7.378381754377367	0.15547421767289551	2.6482368348546923	0.5674251886101005	0.4042539407605645	0.02
/rds/general/user/osella/home/rl-qecc-data/supervisedLearning/sweep2/g5_mix_66_H4_s3000.pth	4	3000	24	mixed	[(6, 6)]	True	False	False	False	geometric5	1353227	12	6	2026-07-31	10.567508040426185	7.378381754377367	0.1271667942422162	2.6941665783664197	0.5796667619827255	0.41992486144837804	0.02
/rds/general/user/osella/home/rl-qecc-data/supervisedLearning/sweep2/g5_mix_66_H4_s4000.pth	4	4000	24	mixed	[(6, 6)]	True	False	False	False	geometric5	1353227	12	6	2026-07-31	9.863887294598147	7.378381754377367	0.1078596940645393	2.6592108046396437	0.5713276291723642	0.40784867628948335	0.02
/rds/general/user/osella/home/rl-qecc-data/supervisedLearning/sweep2/g5_mix_66_H4_s466555.pth	4	466555	24	mixed	[(6, 6)]	True	False	False	False	geometric5	1353227	12	6	2026-07-31	10.59054968675773	7.378381754377367	0.12520274015932017	2.8596050467279515	0.6051677060743453	0.437983352051361	0.0
/rds/general/user/osella/home/rl-qecc-data/supervisedLearning/sweep2/g5_mix_66_H4_s5000.pth	4	5000	24	mixed	[(6, 6)]	True	False	False	False	geometric5	1353227	12	6	2026-07-31	10.721337797843828	7.378381754377367	0.1333577233347292	2.6544917714959113	0.584455179288483	0.4167014606535675	0.02
/rds/general/user/osella/home/rl-qecc-data/supervisedLearning/sweep2/g5_mix_66_H4_s54321.pth	4	54321	24	mixed	[(6, 6)]	True	False	False	False	geometric5	1353227	12	6	2026-07-31	10.339727420477487	7.378381754377367	0.1211424327681679	2.8187353403016586	0.6296002082912916	0.45543142000652626	0.04
/rds/general/user/osella/home/rl-qecc-data/supervisedLearning/sweep2/g5_mix_66_H4_s6000.pth	4	6000	24	mixed	[(6, 6)]	True	False	False	False	geometric5	1353227	12	6	2026-07-31	10.90504324355823	7.378381754377367	0.13968334529439158	2.64339762380531	0.5810415143871991	0.41463556015835984	0.02
/rds/general/user/osella/home/rl-qecc-data/supervisedLearning/sweep2/g5_mix_66_H4_s7134066.pth	4	7134066	24	mixed	[(6, 6)]	True	False	False	False	geometric5	1353227	12	6	2026-07-31	11.101883641465559	7.378381754377367	0.14002584221583342	3.0336964816151437	0.48130256203215405	0.3387623483118928	0.0
/rds/general/user/osella/home/rl-qecc-data/supervisedLearning/sweep2/g5_mix_66_H6_s1000.pth	6	1000	24	mixed	[(6, 6)]	True	False	False	False	geometric5	1353227	12	6	2026-07-31	11.216656860103628	7.378381754377367	0.1542821157471027	2.6641888941504814	0.6109587092201643	0.4380958096586795	0.0
/rds/general/user/osella/home/rl-qecc-data/supervisedLearning/sweep2/g5_mix_66_H6_s12345.pth	6	12345	24	mixed	[(6, 6)]	True	False	False	False	geometric5	1353227	12	6	2026-07-31	10.883281113489295	7.378381754377367	0.14173261592228759	2.638619649530732	0.635645481139708	0.4600646557336345	0.0
/rds/general/user/osella/home/rl-qecc-data/supervisedLearning/sweep2/g5_mix_66_H6_s2000.pth	6	2000	24	mixed	[(6, 6)]	True	False	False	False	geometric5	1353227	12	6	2026-07-31	10.043072724063439	7.378381754377367	0.11433072898079463	2.658611125832307	0.588289723129314	0.42163668734744025	0.0
/rds/general/user/osella/home/rl-qecc-data/supervisedLearning/sweep2/g5_mix_66_H6_s3000.pth	6	3000	24	mixed	[(6, 6)]	True	False	False	False	geometric5	1353227	12	6	2026-07-31	10.202580461056947	7.378381754377367	0.12100920083917283	2.6379280572761483	0.6195542899030296	0.4453471061841239	0.0
/rds/general/user/osella/home/rl-qecc-data/supervisedLearning/sweep2/g5_mix_66_H6_s4000.pth	6	4000	24	mixed	[(6, 6)]	True	False	False	False	geometric5	1353227	12	6	2026-07-31	9.934498148833887	7.378381754377367	0.10934262667069149	2.603051425810805	0.6343484894374093	0.459067689766237	0.04
/rds/general/user/osella/home/rl-qecc-data/supervisedLearning/sweep2/g5_mix_66_H6_s466555.pth	6	466555	24	mixed	[(6, 6)]	True	False	False	False	geometric5	1353227	12	6	2026-07-31	10.588788933848356	7.378381754377367	0.1278133674849777	2.7965633752862478	0.56554289179457	0.4066073493717291	0.0
/rds/general/user/osella/home/rl-qecc-data/supervisedLearning/sweep2/g5_mix_66_H6_s5000.pth	6	5000	24	mixed	[(6, 6)]	True	False	False	False	geometric5	1353227	12	6	2026-07-31	10.53721795451972	7.378381754377367	0.12522160991268186	2.845143037038592	0.5348614762756114	0.38274291130169547	0.02
/rds/general/user/osella/home/rl-qecc-data/supervisedLearning/sweep2/g5_mix_66_H6_s54321.pth	6	54321	24	mixed	[(6, 6)]	True	False	False	False	geometric5	1353227	12	6	2026-07-31	10.288037075917913	7.378381754377367	0.11934698747756843	2.7008088801283727	0.608653050744339	0.44006342132916193	0.0
/rds/general/user/osella/home/rl-qecc-data/supervisedLearning/sweep2/g5_mix_66_H6_s6000.pth	6	6000	24	mixed	[(6, 6)]	True	False	False	False	geometric5	1353227	12	6	2026-07-31	10.894060731564744	7.378381754377367	0.13579068576506934	2.7204299068952036	0.514594207788097	0.3639836005064483	0.0
/rds/general/user/osella/home/rl-qecc-data/supervisedLearning/sweep2/g5_mix_66_H6_s7134066.pth	6	7134066	24	mixed	[(6, 6)]	True	False	False	False	geometric5	1353227	12	6	2026-07-31	10.852376469992894	7.378381754377367	0.13792285679217672	2.659160874597407	0.5949085348166904	0.42687741818060987	0.0
/rds/general/user/osella/home/rl-qecc-data/supervisedLearning/sweep2/g5_mix_66_H7_s1000.pth	7	1000	24	mixed	[(6, 6)]	True	False	False	False	geometric5	1353227	12	6	2026-07-31	11.254518865221486	7.378381754377367	0.15212690056317724	2.6313045258677965	0.6020137345359186	0.4325760330363641	0.06
/rds/general/user/osella/home/rl-qecc-data/supervisedLearning/sweep2/g5_mix_66_H7_s12345.pth	7	12345	24	mixed	[(6, 6)]	True	False	False	False	geometric5	1353227	12	6	2026-07-31	10.275785025374157	7.378381754377367	0.1199444261233307	2.715627182236387	0.5798104835262805	0.41732103601617504	0.0
/rds/general/user/osella/home/rl-qecc-data/supervisedLearning/sweep2/g5_mix_66_H7_s2000.pth	7	2000	24	mixed	[(6, 6)]	True	False	False	False	geometric5	1353227	12	6	2026-07-31	9.82323045213456	7.378381754377367	0.09619545851684105	2.992032161886219	0.557960650846945	0.39821997483633165	0.02
/rds/general/user/osella/home/rl-qecc-data/supervisedLearning/sweep2/g5_mix_66_H7_s3000.pth	7	3000	24	mixed	[(6, 6)]	True	False	False	False	geometric5	1353227	12	6	2026-07-31	9.645061617574298	7.378381754377367	0.09497626722853453	2.6253409696068393	0.6171829601453862	0.443829909106385	0.02
/rds/general/user/osella/home/rl-qecc-data/supervisedLearning/sweep2/g5_mix_66_H7_s4000.pth	7	4000	24	mixed	[(6, 6)]	True	False	False	False	geometric5	1353227	12	6	2026-07-31	10.273679842331655	7.378381754377367	0.11654976176241097	2.8183734864757515	0.6372965975973878	0.46216832444206984	0.0
/rds/general/user/osella/home/rl-qecc-data/supervisedLearning/sweep2/g5_mix_66_H7_s466555.pth	7	466555	24	mixed	[(6, 6)]	True	False	False	False	geometric5	1353227	12	6	2026-07-31	10.875850894004227	7.378381754377367	0.13482954853994109	2.982870761470898	0.5928801083808733	0.42361074994742376	0.02
/rds/general/user/osella/home/rl-qecc-data/supervisedLearning/sweep2/g5_mix_66_H7_s5000.pth	7	5000	24	mixed	[(6, 6)]	True	False	False	False	geometric5	1353227	12	6	2026-07-31	10.031992039173499	7.378381754377367	0.11112090156978492	2.7422183295754787	0.6063713407228976	0.43628426376834745	0.02
/rds/general/user/osella/home/rl-qecc-data/supervisedLearning/sweep2/g5_mix_66_H7_s54321.pth	7	54321	24	mixed	[(6, 6)]	True	False	False	False	geometric5	1353227	12	6	2026-07-31	11.721863352393378	7.378381754377367	0.16304538793104045	2.64284870733437	0.5782090450077261	0.4111679304001187	0.0
/rds/general/user/osella/home/rl-qecc-data/supervisedLearning/sweep2/g5_mix_66_H7_s6000.pth	7	6000	24	mixed	[(6, 6)]	True	False	False	False	geometric5	1353227	12	6	2026-07-31	10.308667141742783	7.378381754377367	0.1227713865551947	2.5580080034534385	0.6065847698900344	0.43474711769507524	0.0
/rds/general/user/osella/home/rl-qecc-data/supervisedLearning/sweep2/g5_mix_66_H7_s7134066.pth	7	7134066	24	mixed	[(6, 6)]	True	False	False	False	geometric5	1353227	12	6	2026-07-31	10.61208491727049	7.378381754377367	0.12861534965019544	2.8369665319168913	0.5589796014833305	0.400301060047575	0.0
/rds/general/user/osella/home/rl-qecc-data/supervisedLearning/sweep2/g5_ground_anch_H10_s1000.pth	10	1000	2	groundAnchored	[(6, 6), (9, 6), (12, 6), (15, 3)]	True	True	True	True	geometric5	2745740	9	6	2026-07-31	9.791902909798564	8.675193307982214	0.05680446884409169	1.588645069402364	0.6929257369312255	0.5053345943063748	0.0
/rds/general/user/osella/home/rl-qecc-data/supervisedLearning/sweep2/g5_ground_anch_H10_s12345.pth	10	12345	2	groundAnchored	[(6, 6), (9, 6), (12, 6), (15, 3)]	True	True	True	True	geometric5	2745740	9	6	2026-07-31	10.17298957319066	8.675193307982214	0.06391659176324757	1.6081221667633645	0.5863584097691529	0.4170979240498859	0.02
/rds/general/user/osella/home/rl-qecc-data/supervisedLearning/sweep2/g5_ground_anch_H10_s2000.pth	10	2000	2	groundAnchored	[(6, 6), (9, 6), (12, 6), (15, 3)]	True	True	True	True	geometric5	2745740	9	6	2026-07-31	10.19973517517836	8.675193307982214	0.07458935303227925	1.5975630154114269	0.683085917754603	0.49957936389675534	0.02
/rds/general/user/osella/home/rl-qecc-data/supervisedLearning/sweep2/g5_ground_anch_H10_s3000.pth	10	3000	2	groundAnchored	[(6, 6), (9, 6), (12, 6), (15, 3)]	True	True	True	True	geometric5	2745740	9	6	2026-07-31	10.214473986334584	8.675193307982214	0.06394534964938364	1.6231222858448024	0.6798783849428974	0.4961907379838086	0.0
/rds/general/user/osella/home/rl-qecc-data/supervisedLearning/sweep2/g5_ground_anch_H10_s4000.pth	10	4000	2	groundAnchored	[(6, 6), (9, 6), (12, 6), (15, 3)]	True	True	True	True	geometric5	2745740	9	6	2026-07-31	9.95933665881571	8.675193307982214	0.06530326272868756	1.5689551950629421	0.6441754991044534	0.46335069917113136	0.02
/rds/general/user/osella/home/rl-qecc-data/supervisedLearning/sweep2/g5_ground_anch_H10_s466555.pth	10	466555	2	groundAnchored	[(6, 6), (9, 6), (12, 6), (15, 3)]	True	True	True	True	geometric5	2745740	9	6	2026-07-31	10.215773761309514	8.675193307982214	0.05959015414257163	1.587472801734369	0.637304038265134	0.46101549960516136	0.0
/rds/general/user/osella/home/rl-qecc-data/supervisedLearning/sweep2/g5_ground_anch_H10_s5000.pth	10	5000	2	groundAnchored	[(6, 6), (9, 6), (12, 6), (15, 3)]	True	True	True	True	geometric5	2745740	9	6	2026-07-31	9.87138112400281	8.675193307982214	0.061051214191835235	1.6264776532420775	0.67052026199922	0.48567589798611027	0.0
/rds/general/user/osella/home/rl-qecc-data/supervisedLearning/sweep2/g5_ground_anch_H10_s54321.pth	10	54321	2	groundAnchored	[(6, 6), (9, 6), (12, 6), (15, 3)]	True	True	True	True	geometric5	2745740	9	6	2026-07-31	9.899031531632708	8.675193307982214	0.06219151542852185	1.611518088291364	0.6382335503296301	0.46033753113596604	0.0
/rds/general/user/osella/home/rl-qecc-data/supervisedLearning/sweep2/g5_ground_anch_H10_s6000.pth	10	6000	2	groundAnchored	[(6, 6), (9, 6), (12, 6), (15, 3)]	True	True	True	True	geometric5	2745740	9	6	2026-07-31	9.870451338935867	8.675193307982214	0.05411468222216829	1.639540116827134	0.6264070002712834	0.4477758827866113	0.02
/rds/general/user/osella/home/rl-qecc-data/supervisedLearning/sweep2/g5_ground_anch_H10_s7134066.pth	10	7134066	2	groundAnchored	[(6, 6), (9, 6), (12, 6), (15, 3)]	True	True	True	True	geometric5	2745740	9	6	2026-07-31	9.859956272163998	8.675193307982214	0.05337791055279554	1.6203554448623156	0.6042530273185189	0.4298236118378864	0.0
/rds/general/user/osella/home/rl-qecc-data/supervisedLearning/sweep2/g5_ground_anch_H3_s1000.pth	3	1000	2	groundAnchored	[(6, 6), (9, 6), (12, 6), (15, 3)]	True	True	True	True	geometric5	2745740	9	6	2026-07-31	9.84028469726138	8.675193307982214	0.06113447875975856	1.598028354243194	0.7171108988003624	0.5276959572280524	0.0
/rds/general/user/osella/home/rl-qecc-data/supervisedLearning/sweep2/g5_ground_anch_H3_s12345.pth	3	12345	2	groundAnchored	[(6, 6), (9, 6), (12, 6), (15, 3)]	True	True	True	True	geometric5	2745740	9	6	2026-07-31	10.134672879717106	8.675193307982214	0.07656651121174488	1.5625215433683566	0.6530301679464628	0.46992506507612947	0.02
/rds/general/user/osella/home/rl-qecc-data/supervisedLearning/sweep2/g5_ground_anch_H3_s2000.pth	3	2000	2	groundAnchored	[(6, 6), (9, 6), (12, 6), (15, 3)]	True	True	True	True	geometric5	2745740	9	6	2026-07-31	10.254367252638934	8.675193307982214	0.08299145753916774	1.6124681298524377	0.7046522463826501	0.5160010156854195	0.0
/rds/general/user/osella/home/rl-qecc-data/supervisedLearning/sweep2/g5_ground_anch_H3_s3000.pth	3	3000	2	groundAnchored	[(6, 6), (9, 6), (12, 6), (15, 3)]	True	True	True	True	geometric5	2745740	9	6	2026-07-31	9.82276985923383	8.675193307982214	0.060213816965938846	1.5973900412133333	0.6846338743221724	0.4998358504829864	0.02
/rds/general/user/osella/home/rl-qecc-data/supervisedLearning/sweep2/g5_ground_anch_H3_s4000.pth	3	4000	2	groundAnchored	[(6, 6), (9, 6), (12, 6), (15, 3)]	True	True	True	True	geometric5	2745740	9	6	2026-07-31	10.294200966911877	8.675193307982214	0.08200309407912915	1.5879063966693887	0.6794882095375138	0.4949727735671593	0.0
/rds/general/user/osella/home/rl-qecc-data/supervisedLearning/sweep2/g5_ground_anch_H3_s466555.pth	3	466555	2	groundAnchored	[(6, 6), (9, 6), (12, 6), (15, 3)]	True	True	True	True	geometric5	2745740	9	6	2026-07-31	9.998057513957109	8.675193307982214	0.0718525408863659	1.638305989109243	0.7283246149279365	0.5390956157674262	0.0
/rds/general/user/osella/home/rl-qecc-data/supervisedLearning/sweep2/g5_ground_anch_H3_s5000.pth	3	5000	2	groundAnchored	[(6, 6), (9, 6), (12, 6), (15, 3)]	True	True	True	True	geometric5	2745740	9	6	2026-07-31	9.830284676390882	8.675193307982214	0.06336325968338379	1.5966156371137592	0.734887283400201	0.543362180984344	0.02
/rds/general/user/osella/home/rl-qecc-data/supervisedLearning/sweep2/g5_ground_anch_H3_s54321.pth	3	54321	2	groundAnchored	[(6, 6), (9, 6), (12, 6), (15, 3)]	True	True	True	True	geometric5	2745740	9	6	2026-07-31	10.283196934349608	8.675193307982214	0.08837870324235395	1.6079785973949643	0.7231202930240541	0.5334450211059704	0.04
/rds/general/user/osella/home/rl-qecc-data/supervisedLearning/sweep2/g5_ground_anch_H3_s6000.pth	3	6000	2	groundAnchored	[(6, 6), (9, 6), (12, 6), (15, 3)]	True	True	True	True	geometric5	2745740	9	6	2026-07-31	10.036426176117923	8.675193307982214	0.07121620219975323	1.639288848878061	0.6801834130034757	0.4975083639732908	0.0
/rds/general/user/osella/home/rl-qecc-data/supervisedLearning/sweep2/g5_ground_anch_H3_s7134066.pth	3	7134066	2	groundAnchored	[(6, 6), (9, 6), (12, 6), (15, 3)]	True	True	True	True	geometric5	2745740	9	6	2026-07-31	10.441390934523755	8.675193307982214	0.09074851624278961	1.589137339173883	0.7084141625447814	0.5199175161296804	0.04
/rds/general/user/osella/home/rl-qecc-data/supervisedLearning/sweep2/g5_ground_anch_H4_s1000.pth	4	1000	2	groundAnchored	[(6, 6), (9, 6), (12, 6), (15, 3)]	True	True	True	True	geometric5	2745740	9	6	2026-07-31	10.242219421756767	8.675193307982214	0.07853249256146644	1.641265349366432	0.6856677409479583	0.49905463111692594	0.0
/rds/general/user/osella/home/rl-qecc-data/supervisedLearning/sweep2/g5_ground_anch_H4_s12345.pth	4	12345	2	groundAnchored	[(6, 6), (9, 6), (12, 6), (15, 3)]	True	True	True	True	geometric5	2745740	9	6	2026-07-31	10.26437498113344	8.675193307982214	0.08795882111412619	1.5906864922093915	0.7301436420098335	0.5383374957277457	0.02
/rds/general/user/osella/home/rl-qecc-data/supervisedLearning/sweep2/g5_ground_anch_H4_s2000.pth	4	2000	2	groundAnchored	[(6, 6), (9, 6), (12, 6), (15, 3)]	True	True	True	True	geometric5	2745740	9	6	2026-07-31	10.23718428996441	8.675193307982214	0.07939441357903716	1.6109901624331389	0.6518174701758925	0.47604876016319475	0.0
/rds/general/user/osella/home/rl-qecc-data/supervisedLearning/sweep2/g5_ground_anch_H4_s3000.pth	4	3000	2	groundAnchored	[(6, 6), (9, 6), (12, 6), (15, 3)]	True	True	True	True	geometric5	2745740	9	6	2026-07-31	10.040220053366696	8.675193307982214	0.07156949465216073	1.6018691199631916	0.7268923347807961	0.537566898538053	0.0
/rds/general/user/osella/home/rl-qecc-data/supervisedLearning/sweep2/g5_ground_anch_H4_s4000.pth	4	4000	2	groundAnchored	[(6, 6), (9, 6), (12, 6), (15, 3)]	True	True	True	True	geometric5	2745740	9	6	2026-07-31	10.025290926684278	8.675193307982214	0.07281281773867561	1.614041617983963	0.683184587859069	0.4970036196490919	0.02
/rds/general/user/osella/home/rl-qecc-data/supervisedLearning/sweep2/g5_ground_anch_H4_s466555.pth	4	466555	2	groundAnchored	[(6, 6), (9, 6), (12, 6), (15, 3)]	True	True	True	True	geometric5	2745740	9	6	2026-07-31	10.37097081485778	8.675193307982214	0.07464881324181237	1.637207510132881	0.658399189961182	0.4788074405514632	0.02
/rds/general/user/osella/home/rl-qecc-data/supervisedLearning/sweep2/g5_ground_anch_H4_s5000.pth	4	5000	2	groundAnchored	[(6, 6), (9, 6), (12, 6), (15, 3)]	True	True	True	True	geometric5	2745740	9	6	2026-07-31	10.095846918877218	8.675193307982214	0.07462867052650499	1.6097927644307533	0.6802530690949186	0.494292463232185	0.0
/rds/general/user/osella/home/rl-qecc-data/supervisedLearning/sweep2/g5_ground_anch_H4_s54321.pth	4	54321	2	groundAnchored	[(6, 6), (9, 6), (12, 6), (15, 3)]	True	True	True	True	geometric5	2745740	9	6	2026-07-31	9.938111878627632	8.675193307982214	0.05273326661898212	1.5984393496450917	0.7311542978720854	0.5401655293168545	0.0
/rds/general/user/osella/home/rl-qecc-data/supervisedLearning/sweep2/g5_ground_anch_H4_s6000.pth	4	6000	2	groundAnchored	[(6, 6), (9, 6), (12, 6), (15, 3)]	True	True	True	True	geometric5	2745740	9	6	2026-07-31	10.10886529247898	8.675193307982214	0.07607143873388339	1.6209520307854848	0.7071095516408096	0.5188964534918851	0.0
/rds/general/user/osella/home/rl-qecc-data/supervisedLearning/sweep2/g5_ground_anch_H4_s7134066.pth	4	7134066	2	groundAnchored	[(6, 6), (9, 6), (12, 6), (15, 3)]	True	True	True	True	geometric5	2745740	9	6	2026-07-31	10.134381410945712	8.675193307982214	0.07582242240251352	1.6109323505886843	0.6419918719060076	0.4604192266340269	0.02
/rds/general/user/osella/home/rl-qecc-data/supervisedLearning/sweep2/g5_ground_anch_H6_s1000.pth	6	1000	2	groundAnchored	[(6, 6), (9, 6), (12, 6), (15, 3)]	True	True	True	True	geometric5	2745740	9	6	2026-07-31	10.011584348794662	8.675193307982214	0.07346565707637014	1.6068707182400486	0.6830076406109132	0.4972722616016067	0.0
/rds/general/user/osella/home/rl-qecc-data/supervisedLearning/sweep2/g5_ground_anch_H6_s12345.pth	6	12345	2	groundAnchored	[(6, 6), (9, 6), (12, 6), (15, 3)]	True	True	True	True	geometric5	2745740	9	6	2026-07-31	9.903364818930147	8.675193307982214	0.06287343826240244	1.6046169861884463	0.6965748814638429	0.5075956892387192	0.02
/rds/general/user/osella/home/rl-qecc-data/supervisedLearning/sweep2/g5_ground_anch_H6_s2000.pth	6	2000	2	groundAnchored	[(6, 6), (9, 6), (12, 6), (15, 3)]	True	True	True	True	geometric5	2745740	9	6	2026-07-31	10.03621469855985	8.675193307982214	0.06958490792844121	1.5895153190952314	0.6930449143395355	0.5048474178892426	0.0
/rds/general/user/osella/home/rl-qecc-data/supervisedLearning/sweep2/g5_ground_anch_H6_s3000.pth	6	3000	2	groundAnchored	[(6, 6), (9, 6), (12, 6), (15, 3)]	True	True	True	True	geometric5	2745740	9	6	2026-07-31	9.78777745063759	8.675193307982214	0.05341213812306657	1.6106513181544746	0.6453808918261886	0.4646327566845501	0.0
/rds/general/user/osella/home/rl-qecc-data/supervisedLearning/sweep2/g5_ground_anch_H6_s4000.pth	6	4000	2	groundAnchored	[(6, 6), (9, 6), (12, 6), (15, 3)]	True	True	True	True	geometric5	2745740	9	6	2026-07-31	9.76123272086506	8.675193307982214	0.05337281484129855	1.5985478883139996	0.722916484449724	0.532405732093457	0.0
/rds/general/user/osella/home/rl-qecc-data/supervisedLearning/sweep2/g5_ground_anch_H6_s466555.pth	6	466555	2	groundAnchored	[(6, 6), (9, 6), (12, 6), (15, 3)]	True	True	True	True	geometric5	2745740	9	6	2026-07-31	9.895635482932684	8.675193307982214	0.05723943713030284	1.6032396635513266	0.6640725572879281	0.4822061077418057	0.02
/rds/general/user/osella/home/rl-qecc-data/supervisedLearning/sweep2/g5_ground_anch_H6_s5000.pth	6	5000	2	groundAnchored	[(6, 6), (9, 6), (12, 6), (15, 3)]	True	True	True	True	geometric5	2745740	9	6	2026-07-31	9.916418967208427	8.675193307982214	0.06338948874887913	1.6165980901253032	0.6838620490635404	0.4975720494776793	0.0
/rds/general/user/osella/home/rl-qecc-data/supervisedLearning/sweep2/g5_ground_anch_H6_s54321.pth	6	54321	2	groundAnchored	[(6, 6), (9, 6), (12, 6), (15, 3)]	True	True	True	True	geometric5	2745740	9	6	2026-07-31	10.000620693910756	8.675193307982214	0.07064897482914312	1.585061396772963	0.6998230715484276	0.5110347587233457	0.0
/rds/general/user/osella/home/rl-qecc-data/supervisedLearning/sweep2/g5_ground_anch_H6_s6000.pth	6	6000	2	groundAnchored	[(6, 6), (9, 6), (12, 6), (15, 3)]	True	True	True	True	geometric5	2745740	9	6	2026-07-31	10.223458856849069	8.675193307982214	0.07681006333358499	1.6114258395962728	0.648509054302754	0.4673361120451049	0.08
/rds/general/user/osella/home/rl-qecc-data/supervisedLearning/sweep2/g5_ground_anch_H6_s7134066.pth	6	7134066	2	groundAnchored	[(6, 6), (9, 6), (12, 6), (15, 3)]	True	True	True	True	geometric5	2745740	9	6	2026-07-31	9.943525051223446	8.675193307982214	0.06659604061077715	1.5838516872852124	0.6928175435636469	0.5048431915276795	0.0
/rds/general/user/osella/home/rl-qecc-data/supervisedLearning/sweep2/g5_ground_anch_H7_s1000.pth	7	1000	2	groundAnchored	[(6, 6), (9, 6), (12, 6), (15, 3)]	True	True	True	True	geometric5	2745740	9	6	2026-07-31	9.822776846960073	8.675193307982214	0.053084021620498446	1.6116141613075912	0.6972202280322127	0.5102182446974083	0.0
/rds/general/user/osella/home/rl-qecc-data/supervisedLearning/sweep2/g5_ground_anch_H7_s12345.pth	7	12345	2	groundAnchored	[(6, 6), (9, 6), (12, 6), (15, 3)]	True	True	True	True	geometric5	2745740	9	6	2026-07-31	9.891948607762194	8.675193307982214	0.05736547845399068	1.5861168090194833	0.6787376769532352	0.5008071569392237	0.0
/rds/general/user/osella/home/rl-qecc-data/supervisedLearning/sweep2/g5_ground_anch_H7_s2000.pth	7	2000	2	groundAnchored	[(6, 6), (9, 6), (12, 6), (15, 3)]	True	True	True	True	geometric5	2745740	9	6	2026-07-31	9.739699186882977	8.675193307982214	0.054646042190977344	1.6009749846476948	0.6951484878542789	0.5102383874914905	0.0
/rds/general/user/osella/home/rl-qecc-data/supervisedLearning/sweep2/g5_ground_anch_H7_s3000.pth	7	3000	2	groundAnchored	[(6, 6), (9, 6), (12, 6), (15, 3)]	True	True	True	True	geometric5	2745740	9	6	2026-07-31	9.707589141906997	8.675193307982214	0.048244509838217806	1.6044408451304126	0.6409694008451802	0.46014749394348514	0.0
/rds/general/user/osella/home/rl-qecc-data/supervisedLearning/sweep2/g5_ground_anch_H7_s4000.pth	7	4000	2	groundAnchored	[(6, 6), (9, 6), (12, 6), (15, 3)]	True	True	True	True	geometric5	2745740	9	6	2026-07-31	9.847751792862239	8.675193307982214	0.064899066946979	1.5752684115780446	0.7155841199828767	0.5250166156054168	0.0
/rds/general/user/osella/home/rl-qecc-data/supervisedLearning/sweep2/g5_ground_anch_H7_s466555.pth	7	466555	2	groundAnchored	[(6, 6), (9, 6), (12, 6), (15, 3)]	True	True	True	True	geometric5	2745740	9	6	2026-07-31	10.525714303533888	8.675193307982214	0.08748720996750252	1.625434104191318	0.6806166904846539	0.49468751011122286	0.04
/rds/general/user/osella/home/rl-qecc-data/supervisedLearning/sweep2/g5_ground_anch_H7_s5000.pth	7	5000	2	groundAnchored	[(6, 6), (9, 6), (12, 6), (15, 3)]	True	True	True	True	geometric5	2745740	9	6	2026-07-31	9.932504933578446	8.675193307982214	0.06481030124612493	1.5910169125429046	0.7206020121851032	0.5306678042680856	0.02
/rds/general/user/osella/home/rl-qecc-data/supervisedLearning/sweep2/g5_ground_anch_H7_s54321.pth	7	54321	2	groundAnchored	[(6, 6), (9, 6), (12, 6), (15, 3)]	True	True	True	True	geometric5	2745740	9	6	2026-07-31	10.056539447054165	8.675193307982214	0.06364974433934532	1.5713260119245294	0.61716471471735	0.44280732190839334	0.0
/rds/general/user/osella/home/rl-qecc-data/supervisedLearning/sweep2/g5_ground_anch_H7_s6000.pth	7	6000	2	groundAnchored	[(6, 6), (9, 6), (12, 6), (15, 3)]	True	True	True	True	geometric5	2745740	9	6	2026-07-31	9.815045301764288	8.675193307982214	0.057214994118115856	1.6120742673125825	0.7044584455590582	0.5149497296886112	0.04
/rds/general/user/osella/home/rl-qecc-data/supervisedLearning/sweep2/g5_ground_anch_H7_s7134066.pth	7	7134066	2	groundAnchored	[(6, 6), (9, 6), (12, 6), (15, 3)]	True	True	True	True	geometric5	2745740	9	6	2026-07-31	9.788440217636126	8.675193307982214	0.056451343645627164	1.6185541777301327	0.6956738967988646	0.5074537208471336	0.0
/rds/general/user/osella/home/rl-qecc-data/supervisedLearning/sweep2/g5_ground_pure_H10_s1000.pth	10	1000	2	groundPure	[(6, 6), (9, 6), (12, 6), (15, 3)]	True	True	True	True	geometric5	2745740	9	6	2026-07-31	10.061715636955977	8.675193307982214	0.07176584689931191	1.5676776071104561	0.7159013395086664	0.5250655937539197	0.02
/rds/general/user/osella/home/rl-qecc-data/supervisedLearning/sweep2/g5_ground_pure_H10_s12345.pth	10	12345	2	groundPure	[(6, 6), (9, 6), (12, 6), (15, 3)]	True	True	True	True	geometric5	2745740	9	6	2026-07-31	9.917874779903302	8.675193307982214	0.06278366410297463	1.5886116219915225	0.6118302658078519	0.4362895961575405	0.04
/rds/general/user/osella/home/rl-qecc-data/supervisedLearning/sweep2/g5_ground_pure_H10_s2000.pth	10	2000	2	groundPure	[(6, 6), (9, 6), (12, 6), (15, 3)]	True	True	True	True	geometric5	2745740	9	6	2026-07-31	10.092995643420421	8.675193307982214	0.06779743786732775	1.6086705142801734	0.7302708291751328	0.5382810846572211	0.02
/rds/general/user/osella/home/rl-qecc-data/supervisedLearning/sweep2/g5_ground_pure_H10_s3000.pth	10	3000	2	groundPure	[(6, 6), (9, 6), (12, 6), (15, 3)]	True	True	True	True	geometric5	2745740	9	6	2026-07-31	10.106079030196895	8.675193307982214	0.06849774221106678	1.6096373878276289	0.6717559159335335	0.4869828141367424	0.0
/rds/general/user/osella/home/rl-qecc-data/supervisedLearning/sweep2/g5_ground_pure_H10_s4000.pth	10	4000	2	groundPure	[(6, 6), (9, 6), (12, 6), (15, 3)]	True	True	True	True	geometric5	2745740	9	6	2026-07-31	10.540830986370796	8.675193307982214	0.09310127434686798	1.5547607858163268	0.6292302735098835	0.4506970824636362	0.02
/rds/general/user/osella/home/rl-qecc-data/supervisedLearning/sweep2/g5_ground_pure_H10_s466555.pth	10	466555	2	groundPure	[(6, 6), (9, 6), (12, 6), (15, 3)]	True	True	True	True	geometric5	2745740	9	6	2026-07-31	10.053089203965518	8.675193307982214	0.06663031883266199	1.5811170119467388	0.6713797241663227	0.48565133621689605	0.0
/rds/general/user/osella/home/rl-qecc-data/supervisedLearning/sweep2/g5_ground_pure_H10_s5000.pth	10	5000	2	groundPure	[(6, 6), (9, 6), (12, 6), (15, 3)]	True	True	True	True	geometric5	2745740	9	6	2026-07-31	9.898076275149405	8.675193307982214	0.0597568043740204	1.5990226058129082	0.6659908917542271	0.48107215144813686	0.02
/rds/general/user/osella/home/rl-qecc-data/supervisedLearning/sweep2/g5_ground_pure_H10_s54321.pth	10	54321	2	groundPure	[(6, 6), (9, 6), (12, 6), (15, 3)]	True	True	True	True	geometric5	2745740	9	6	2026-07-31	9.946938357906145	8.675193307982214	0.06220972691406139	1.5857871928727476	0.6538460264743287	0.4722919297054222	0.04
/rds/general/user/osella/home/rl-qecc-data/supervisedLearning/sweep2/g5_ground_pure_H10_s6000.pth	10	6000	2	groundPure	[(6, 6), (9, 6), (12, 6), (15, 3)]	True	True	True	True	geometric5	2745740	9	6	2026-07-31	9.946963130521148	8.675193307982214	0.05801250040464979	1.62081134725324	0.6140869806803985	0.43748809558924523	0.0
/rds/general/user/osella/home/rl-qecc-data/supervisedLearning/sweep2/g5_ground_pure_H10_s7134066.pth	10	7134066	2	groundPure	[(6, 6), (9, 6), (12, 6), (15, 3)]	True	True	True	True	geometric5	2745740	9	6	2026-07-31	9.838150822062412	8.675193307982214	0.05422828917560136	1.6054423868069607	0.5996082498184544	0.4264142875606801	0.0
/rds/general/user/osella/home/rl-qecc-data/supervisedLearning/sweep2/g5_ground_pure_H3_s1000.pth	3	1000	2	groundPure	[(6, 6), (9, 6), (12, 6), (15, 3)]	True	True	True	True	geometric5	2745740	9	6	2026-07-31	9.786725912869334	8.675193307982214	0.058383632148884874	1.6158607528600812	0.7323977534787651	0.5390076961475742	0.0
/rds/general/user/osella/home/rl-qecc-data/supervisedLearning/sweep2/g5_ground_pure_H3_s12345.pth	3	12345	2	groundPure	[(6, 6), (9, 6), (12, 6), (15, 3)]	True	True	True	True	geometric5	2745740	9	6	2026-07-31	10.575195364563337	8.675193307982214	0.09921079165019717	1.5602260954070721	0.6389546486702038	0.4575209190156481	0.0
/rds/general/user/osella/home/rl-qecc-data/supervisedLearning/sweep2/g5_ground_pure_H3_s2000.pth	3	2000	2	groundPure	[(6, 6), (9, 6), (12, 6), (15, 3)]	True	True	True	True	geometric5	2745740	9	6	2026-07-31	10.483284484920128	8.675193307982214	0.08512824127017293	1.5879543697837402	0.692867374587591	0.5046399613942968	0.02
/rds/general/user/osella/home/rl-qecc-data/supervisedLearning/sweep2/g5_ground_pure_H3_s3000.pth	3	3000	2	groundPure	[(6, 6), (9, 6), (12, 6), (15, 3)]	True	True	True	True	geometric5	2745740	9	6	2026-07-31	10.069429363128995	8.675193307982214	0.07152250100534195	1.5889776958914807	0.6743189676706364	0.4887216747529659	0.0
/rds/general/user/osella/home/rl-qecc-data/supervisedLearning/sweep2/g5_ground_pure_H3_s4000.pth	3	4000	2	groundPure	[(6, 6), (9, 6), (12, 6), (15, 3)]	True	True	True	True	geometric5	2745740	9	6	2026-07-31	10.411305704857282	8.675193307982214	0.0904508657326617	1.610603391803418	0.697827076608772	0.5094369122582214	0.0
/rds/general/user/osella/home/rl-qecc-data/supervisedLearning/sweep2/g5_ground_pure_H3_s466555.pth	3	466555	2	groundPure	[(6, 6), (9, 6), (12, 6), (15, 3)]	True	True	True	True	geometric5	2745740	9	6	2026-07-31	9.927813988216837	8.675193307982214	0.06896531587817054	1.643119032784894	0.7367351810036271	0.545078821664294	0.04
/rds/general/user/osella/home/rl-qecc-data/supervisedLearning/sweep2/g5_ground_pure_H3_s5000.pth	3	5000	2	groundPure	[(6, 6), (9, 6), (12, 6), (15, 3)]	True	True	True	True	geometric5	2745740	9	6	2026-07-31	9.787968495525131	8.675193307982214	0.06123063570609166	1.5781322613373368	0.7451943551364554	0.5522544634398683	0.04
/rds/general/user/osella/home/rl-qecc-data/supervisedLearning/sweep2/g5_ground_pure_H3_s54321.pth	3	54321	2	groundPure	[(6, 6), (9, 6), (12, 6), (15, 3)]	True	True	True	True	geometric5	2745740	9	6	2026-07-31	10.637805026682383	8.675193307982214	0.09780905761866826	1.449971994390808	0.7264469538011463	0.5365382623803162	0.0
/rds/general/user/osella/home/rl-qecc-data/supervisedLearning/sweep2/g5_ground_pure_H3_s6000.pth	3	6000	2	groundPure	[(6, 6), (9, 6), (12, 6), (15, 3)]	True	True	True	True	geometric5	2745740	9	6	2026-07-31	10.042321387478733	8.675193307982214	0.07233717637900437	1.6051710672620176	0.6807530557205269	0.49450436655611824	0.02
/rds/general/user/osella/home/rl-qecc-data/supervisedLearning/sweep2/g5_ground_pure_H3_s7134066.pth	3	7134066	2	groundPure	[(6, 6), (9, 6), (12, 6), (15, 3)]	True	True	True	True	geometric5	2745740	9	6	2026-07-31	10.723402225807844	8.675193307982214	0.10079026064349561	1.5650391244381292	0.7186297563701608	0.5276049546674312	0.04
/rds/general/user/osella/home/rl-qecc-data/supervisedLearning/sweep2/g5_ground_pure_H4_s1000.pth	4	1000	2	groundPure	[(6, 6), (9, 6), (12, 6), (15, 3)]	True	True	True	True	geometric5	2745740	9	6	2026-07-31	10.375244081661505	8.675193307982214	0.08391608013269916	1.6058557910638878	0.6701765931290314	0.48694246334454183	0.06
/rds/general/user/osella/home/rl-qecc-data/supervisedLearning/sweep2/g5_ground_pure_H4_s12345.pth	4	12345	2	groundPure	[(6, 6), (9, 6), (12, 6), (15, 3)]	True	True	True	True	geometric5	2745740	9	6	2026-07-31	10.74234199204749	8.675193307982214	0.1053492634747608	1.5949436834157158	0.7100847136396048	0.5203702375545346	0.06
/rds/general/user/osella/home/rl-qecc-data/supervisedLearning/sweep2/g5_ground_pure_H4_s2000.pth	4	2000	2	groundPure	[(6, 6), (9, 6), (12, 6), (15, 3)]	True	True	True	True	geometric5	2745740	9	6	2026-07-31	10.072431437747946	8.675193307982214	0.0766521755719518	1.5699226110161817	0.689298272018038	0.5042794040051367	0.02
/rds/general/user/osella/home/rl-qecc-data/supervisedLearning/sweep2/g5_ground_pure_H4_s3000.pth	4	3000	2	groundPure	[(6, 6), (9, 6), (12, 6), (15, 3)]	True	True	True	True	geometric5	2745740	9	6	2026-07-31	9.898336464804247	8.675193307982214	0.06342624613404399	1.5983992003096912	0.7342024529268973	0.5426520620582109	0.0
/rds/general/user/osella/home/rl-qecc-data/supervisedLearning/sweep2/g5_ground_pure_H4_s4000.pth	4	4000	2	groundPure	[(6, 6), (9, 6), (12, 6), (15, 3)]	True	True	True	True	geometric5	2745740	9	6	2026-07-31	10.331173445272768	8.675193307982214	0.08444556244176216	1.6102039170851141	0.6681729336270535	0.48344057331368695	0.0
/rds/general/user/osella/home/rl-qecc-data/supervisedLearning/sweep2/g5_ground_pure_H4_s466555.pth	4	466555	2	groundPure	[(6, 6), (9, 6), (12, 6), (15, 3)]	True	True	True	True	geometric5	2745740	9	6	2026-07-31	10.65743732713547	8.675193307982214	0.09067008124198668	1.6102819687424295	0.6590012371099361	0.4760137635537471	0.04
/rds/general/user/osella/home/rl-qecc-data/supervisedLearning/sweep2/g5_ground_pure_H4_s5000.pth	4	5000	2	groundPure	[(6, 6), (9, 6), (12, 6), (15, 3)]	True	True	True	True	geometric5	2745740	9	6	2026-07-31	10.165115053643927	8.675193307982214	0.079042728920691	1.3459541834610211	0.7044952922003546	0.516275821805262	0.1
/rds/general/user/osella/home/rl-qecc-data/supervisedLearning/sweep2/g5_ground_pure_H4_s54321.pth	4	54321	2	groundPure	[(6, 6), (9, 6), (12, 6), (15, 3)]	True	True	True	True	geometric5	2745740	9	6	2026-07-31	10.259176322814346	8.675193307982214	0.07383672628704802	1.5985530068262592	0.733435170670447	0.5417041811862278	0.02
/rds/general/user/osella/home/rl-qecc-data/supervisedLearning/sweep2/g5_ground_pure_H4_s6000.pth	4	6000	2	groundPure	[(6, 6), (9, 6), (12, 6), (15, 3)]	True	True	True	True	geometric5	2745740	9	6	2026-07-31	10.626893495881857	8.675193307982214	0.09356161090638347	1.6044645794420707	0.6783468639721362	0.4924245411671632	0.04
/rds/general/user/osella/home/rl-qecc-data/supervisedLearning/sweep2/g5_ground_pure_H4_s7134066.pth	4	7134066	2	groundPure	[(6, 6), (9, 6), (12, 6), (15, 3)]	True	True	True	True	geometric5	2745740	9	6	2026-07-31	10.18666958528859	8.675193307982214	0.07523852303405124	1.6033371388235345	0.6254965644496023	0.4466333080458441	0.02
/rds/general/user/osella/home/rl-qecc-data/supervisedLearning/sweep2/g5_ground_pure_H6_s1000.pth	6	1000	2	groundPure	[(6, 6), (9, 6), (12, 6), (15, 3)]	True	True	True	True	geometric5	2745740	9	6	2026-07-31	10.230840527551322	8.675193307982214	0.08529811630521218	1.5975811687425254	0.6614694476278287	0.4777075508235881	0.02
/rds/general/user/osella/home/rl-qecc-data/supervisedLearning/sweep2/g5_ground_pure_H6_s12345.pth	6	12345	2	groundPure	[(6, 6), (9, 6), (12, 6), (15, 3)]	True	True	True	True	geometric5	2745740	9	6	2026-07-31	10.168278614548427	8.675193307982214	0.07446713923848346	1.5918152563516115	0.6882439038982399	0.5006601666323763	0.02
/rds/general/user/osella/home/rl-qecc-data/supervisedLearning/sweep2/g5_ground_pure_H6_s2000.pth	6	2000	2	groundPure	[(6, 6), (9, 6), (12, 6), (15, 3)]	True	True	True	True	geometric5	2745740	9	6	2026-07-31	10.416334321803108	8.675193307982214	0.08710220909495352	1.5728498910230717	0.6835323015077082	0.49686249839198054	0.02
/rds/general/user/osella/home/rl-qecc-data/supervisedLearning/sweep2/g5_ground_pure_H6_s3000.pth	6	3000	2	groundPure	[(6, 6), (9, 6), (12, 6), (15, 3)]	True	True	True	True	geometric5	2745740	9	6	2026-07-31	9.963402057923636	8.675193307982214	0.05598050886134322	1.6055384471277594	0.6156623454420148	0.44032088080420234	0.0
/rds/general/user/osella/home/rl-qecc-data/supervisedLearning/sweep2/g5_ground_pure_H6_s4000.pth	6	4000	2	groundPure	[(6, 6), (9, 6), (12, 6), (15, 3)]	True	True	True	True	geometric5	2745740	9	6	2026-07-31	9.90627345626432	8.675193307982214	0.056202221441686455	1.5755426270035418	0.7252028101077519	0.5332785162770048	0.0
/rds/general/user/osella/home/rl-qecc-data/supervisedLearning/sweep2/g5_ground_pure_H6_s466555.pth	6	466555	2	groundPure	[(6, 6), (9, 6), (12, 6), (15, 3)]	True	True	True	True	geometric5	2745740	9	6	2026-07-31	10.111581698533406	8.675193307982214	0.0683239612160099	1.6151345105257933	0.6494496209822329	0.468847758981997	0.02
/rds/general/user/osella/home/rl-qecc-data/supervisedLearning/sweep2/g5_ground_pure_H6_s5000.pth	6	5000	2	groundPure	[(6, 6), (9, 6), (12, 6), (15, 3)]	True	True	True	True	geometric5	2745740	9	6	2026-07-31	9.916026136322502	8.675193307982214	0.05989220303100048	1.5861223148792696	0.6779203083096991	0.49121312343984636	0.02
/rds/general/user/osella/home/rl-qecc-data/supervisedLearning/sweep2/g5_ground_pure_H6_s54321.pth	6	54321	2	groundPure	[(6, 6), (9, 6), (12, 6), (15, 3)]	True	True	True	True	geometric5	2745740	9	6	2026-07-31	9.8883603047516	8.675193307982214	0.06171051691626641	1.5438873804908848	0.6894401154912819	0.5026598578398571	0.06
/rds/general/user/osella/home/rl-qecc-data/supervisedLearning/sweep2/g5_ground_pure_H6_s6000.pth	6	6000	2	groundPure	[(6, 6), (9, 6), (12, 6), (15, 3)]	True	True	True	True	geometric5	2745740	9	6	2026-07-31	10.467657675415019	8.675193307982214	0.08626923040976542	1.584604457739361	0.6297286043816148	0.4534152975170932	0.04
/rds/general/user/osella/home/rl-qecc-data/supervisedLearning/sweep2/g5_ground_pure_H6_s7134066.pth	6	7134066	2	groundPure	[(6, 6), (9, 6), (12, 6), (15, 3)]	True	True	True	True	geometric5	2745740	9	6	2026-07-31	10.61068271214137	8.675193307982214	0.09191803540804173	1.5641564583775256	0.6648705607526298	0.4805444492557595	0.0
/rds/general/user/osella/home/rl-qecc-data/supervisedLearning/sweep2/g5_ground_pure_H7_s1000.pth	7	1000	2	groundPure	[(6, 6), (9, 6), (12, 6), (15, 3)]	True	True	True	True	geometric5	2745740	9	6	2026-07-31	9.752241165805746	8.675193307982214	0.05029443093645493	1.5857549305955936	0.6898444362054106	0.5028541080658909	0.06
/rds/general/user/osella/home/rl-qecc-data/supervisedLearning/sweep2/g5_ground_pure_H7_s12345.pth	7	12345	2	groundPure	[(6, 6), (9, 6), (12, 6), (15, 3)]	True	True	True	True	geometric5	2745740	9	6	2026-07-31	10.05645279607659	8.675193307982214	0.07298236934944946	1.5676018289893412	0.7047292229837386	0.5170332883177264	0.1
/rds/general/user/osella/home/rl-qecc-data/supervisedLearning/sweep2/g5_ground_pure_H7_s2000.pth	7	2000	2	groundPure	[(6, 6), (9, 6), (12, 6), (15, 3)]	True	True	True	True	geometric5	2745740	9	6	2026-07-31	9.688706531292102	8.675193307982214	0.05219275466234171	1.586236694823858	0.7208456280295553	0.529607744788402	0.0
/rds/general/user/osella/home/rl-qecc-data/supervisedLearning/sweep2/g5_ground_pure_H7_s3000.pth	7	3000	2	groundPure	[(6, 6), (9, 6), (12, 6), (15, 3)]	True	True	True	True	geometric5	2745740	9	6	2026-07-31	9.77441063987892	8.675193307982214	0.05158333116651356	1.578416724396725	0.6148976670025559	0.4394339102063513	0.0
/rds/general/user/osella/home/rl-qecc-data/supervisedLearning/sweep2/g5_ground_pure_H7_s4000.pth	7	4000	2	groundPure	[(6, 6), (9, 6), (12, 6), (15, 3)]	True	True	True	True	geometric5	2745740	9	6	2026-07-31	9.786695668245219	8.675193307982214	0.05410214473027961	1.538529280649048	0.7018978671044928	0.5118780957874218	0.0
/rds/general/user/osella/home/rl-qecc-data/supervisedLearning/sweep2/g5_ground_pure_H7_s466555.pth	7	466555	2	groundPure	[(6, 6), (9, 6), (12, 6), (15, 3)]	True	True	True	True	geometric5	2745740	9	6	2026-07-31	10.630509924855586	8.675193307982214	0.09221633271871794	1.6153270512458286	0.6639886735026629	0.48019787594817764	0.04
/rds/general/user/osella/home/rl-qecc-data/supervisedLearning/sweep2/g5_ground_pure_H7_s5000.pth	7	5000	2	groundPure	[(6, 6), (9, 6), (12, 6), (15, 3)]	True	True	True	True	geometric5	2745740	9	6	2026-07-31	10.28508029355249	8.675193307982214	0.08184386792304921	1.574270194686719	0.7169593050419424	0.5269227545404899	0.04
/rds/general/user/osella/home/rl-qecc-data/supervisedLearning/sweep2/g5_ground_pure_H7_s54321.pth	7	54321	2	groundPure	[(6, 6), (9, 6), (12, 6), (15, 3)]	True	True	True	True	geometric5	2745740	9	6	2026-07-31	10.107776797334438	8.675193307982214	0.06274583643930433	1.5409840457978408	0.6183342739470806	0.44243313794723804	0.0
/rds/general/user/osella/home/rl-qecc-data/supervisedLearning/sweep2/g5_ground_pure_H7_s6000.pth	7	6000	2	groundPure	[(6, 6), (9, 6), (12, 6), (15, 3)]	True	True	True	True	geometric5	2745740	9	6	2026-07-31	10.43682205153981	8.675193307982214	0.08003690152498841	1.612886796026222	0.681800708504646	0.49539200510236986	0.04
/rds/general/user/osella/home/rl-qecc-data/supervisedLearning/sweep2/g5_ground_pure_H7_s7134066.pth	7	7134066	2	groundPure	[(6, 6), (9, 6), (12, 6), (15, 3)]	True	True	True	True	geometric5	2745740	9	6	2026-07-31	10.006511214416015	8.675193307982214	0.06676321345096704	1.5920704078080645	0.6454450619865197	0.46373069448986676	0.0
/rds/general/user/osella/home/rl-qecc-data/supervisedLearning/sweep2/g5_mix_66-96-126-153_H10_s1000.pth	10	1000	6	mixed	[(6, 6), (9, 6), (12, 6), (15, 3)]	True	True	True	True	geometric5	2745740	9	6	2026-07-31	9.339629446339707	8.675193307982214	0.03854304483538925	1.595415363309588	0.7840104687632967	0.5898993980234761	0.02
/rds/general/user/osella/home/rl-qecc-data/supervisedLearning/sweep2/g5_mix_66-96-126-153_H10_s12345.pth	10	12345	6	mixed	[(6, 6), (9, 6), (12, 6), (15, 3)]	True	True	True	True	geometric5	2745740	9	6	2026-07-31	9.296039312149878	8.675193307982214	0.036616996433714175	1.4181751635204307	0.800322506796263	0.6066544140845668	0.08
/rds/general/user/osella/home/rl-qecc-data/supervisedLearning/sweep2/g5_mix_66-96-126-153_H10_s2000.pth	10	2000	6	mixed	[(6, 6), (9, 6), (12, 6), (15, 3)]	True	True	True	True	geometric5	2745740	9	6	2026-07-31	9.326090574268662	8.675193307982214	0.036986713777600086	1.3090944990286797	0.7891797627276314	0.5959637171779414	0.08
/rds/general/user/osella/home/rl-qecc-data/supervisedLearning/sweep2/g5_mix_66-96-126-153_H10_s3000.pth	10	3000	6	mixed	[(6, 6), (9, 6), (12, 6), (15, 3)]	True	True	True	True	geometric5	2745740	9	6	2026-07-31	9.314805667802398	8.675193307982214	0.03719746262176642	1.6237292951827493	0.7859159853099952	0.5919033548607991	0.06
/rds/general/user/osella/home/rl-qecc-data/supervisedLearning/sweep2/g5_mix_66-96-126-153_H10_s4000.pth	10	4000	6	mixed	[(6, 6), (9, 6), (12, 6), (15, 3)]	True	True	True	True	geometric5	2745740	9	6	2026-07-31	9.304721214091705	8.675193307982214	0.03647037548633629	1.5304356579938196	0.7938245966542933	0.599974452502104	0.04
/rds/general/user/osella/home/rl-qecc-data/supervisedLearning/sweep2/g5_mix_66-96-126-153_H10_s466555.pth	10	466555	6	mixed	[(6, 6), (9, 6), (12, 6), (15, 3)]	True	True	True	True	geometric5	2745740	9	6	2026-07-31	9.26622073305252	8.675193307982214	0.034746260140525544	1.3660437512378836	0.8146800746582953	0.622945361800903	0.0
/rds/general/user/osella/home/rl-qecc-data/supervisedLearning/sweep2/g5_mix_66-96-126-153_H10_s5000.pth	10	5000	6	mixed	[(6, 6), (9, 6), (12, 6), (15, 3)]	True	True	True	True	geometric5	2745740	9	6	2026-07-31	9.33939715914279	8.675193307982214	0.037912662968641986	1.4515007434710332	0.7802628706475382	0.5863052286279717	0.08
/rds/general/user/osella/home/rl-qecc-data/supervisedLearning/sweep2/g5_mix_66-96-126-153_H10_s54321.pth	10	54321	6	mixed	[(6, 6), (9, 6), (12, 6), (15, 3)]	True	True	True	True	geometric5	2745740	9	6	2026-07-31	9.295095349296298	8.675193307982214	0.036322971575151804	1.4776626004998683	0.7964351961501555	0.6025795660956512	0.04
/rds/general/user/osella/home/rl-qecc-data/supervisedLearning/sweep2/g5_mix_66-96-126-153_H10_s6000.pth	10	6000	6	mixed	[(6, 6), (9, 6), (12, 6), (15, 3)]	True	True	True	True	geometric5	2745740	9	6	2026-07-31	9.324104021435598	8.675193307982214	0.037421750700907835	1.352415496358301	0.7880678264905616	0.5943953758612608	0.02
/rds/general/user/osella/home/rl-qecc-data/supervisedLearning/sweep2/g5_mix_66-96-126-153_H10_s7134066.pth	10	7134066	6	mixed	[(6, 6), (9, 6), (12, 6), (15, 3)]	True	True	True	True	geometric5	2745740	9	6	2026-07-31	9.346429851300428	8.675193307982214	0.038317168533737095	1.4838758446665032	0.7764111802897524	0.5823536387898334	0.02
/rds/general/user/osella/home/rl-qecc-data/supervisedLearning/sweep2/g5_mix_66-96-126-153_H3_s1000.pth	3	1000	6	mixed	[(6, 6), (9, 6), (12, 6), (15, 3)]	True	True	True	True	geometric5	2745740	9	6	2026-07-31	9.311105995056403	8.675193307982214	0.03728722399290348	1.59514858074884	0.7877148361031918	0.5935090540694516	0.02
/rds/general/user/osella/home/rl-qecc-data/supervisedLearning/sweep2/g5_mix_66-96-126-153_H3_s12345.pth	3	12345	6	mixed	[(6, 6), (9, 6), (12, 6), (15, 3)]	True	True	True	True	geometric5	2745740	9	6	2026-07-31	9.319126975066117	8.675193307982214	0.03752267828744504	1.5820743593660902	0.7855595463051794	0.5913026055258279	0.08
/rds/general/user/osella/home/rl-qecc-data/supervisedLearning/sweep2/g5_mix_66-96-126-153_H3_s2000.pth	3	2000	6	mixed	[(6, 6), (9, 6), (12, 6), (15, 3)]	True	True	True	True	geometric5	2745740	9	6	2026-07-31	9.331126307030372	8.675193307982214	0.03753516352588569	1.5755421816683157	0.7833206914611935	0.5892206914101827	0.02
/rds/general/user/osella/home/rl-qecc-data/supervisedLearning/sweep2/g5_mix_66-96-126-153_H3_s3000.pth	3	3000	6	mixed	[(6, 6), (9, 6), (12, 6), (15, 3)]	True	True	True	True	geometric5	2745740	9	6	2026-07-31	9.311992277834877	8.675193307982214	0.03705579697048403	1.5936217018520777	0.7879859915582351	0.5938787973386168	0.02
/rds/general/user/osella/home/rl-qecc-data/supervisedLearning/sweep2/g5_mix_66-96-126-153_H3_s4000.pth	3	4000	6	mixed	[(6, 6), (9, 6), (12, 6), (15, 3)]	True	True	True	True	geometric5	2745740	9	6	2026-07-31	9.321489758999155	8.675193307982214	0.03731636143255548	1.5844223079720245	0.7853875957333097	0.591471881910942	0.04
/rds/general/user/osella/home/rl-qecc-data/supervisedLearning/sweep2/g5_mix_66-96-126-153_H3_s466555.pth	3	466555	6	mixed	[(6, 6), (9, 6), (12, 6), (15, 3)]	True	True	True	True	geometric5	2745740	9	6	2026-07-31	9.353083147988194	8.675193307982214	0.038909680184078685	1.5877301816680698	0.7678325156303651	0.5741312851193972	0.06
/rds/general/user/osella/home/rl-qecc-data/supervisedLearning/sweep2/g5_mix_66-96-126-153_H3_s5000.pth	3	5000	6	mixed	[(6, 6), (9, 6), (12, 6), (15, 3)]	True	True	True	True	geometric5	2745740	9	6	2026-07-31	9.302914631644395	8.675193307982214	0.03652729901701422	1.4031956525318596	0.7948452768906294	0.6010365132213148	0.02
/rds/general/user/osella/home/rl-qecc-data/supervisedLearning/sweep2/g5_mix_66-96-126-153_H3_s54321.pth	3	54321	6	mixed	[(6, 6), (9, 6), (12, 6), (15, 3)]	True	True	True	True	geometric5	2745740	9	6	2026-07-31	9.318006268451173	8.675193307982214	0.037352396729901774	1.6611352136714672	0.7849230137622075	0.5907042075864284	0.04
/rds/general/user/osella/home/rl-qecc-data/supervisedLearning/sweep2/g5_mix_66-96-126-153_H3_s6000.pth	3	6000	6	mixed	[(6, 6), (9, 6), (12, 6), (15, 3)]	True	True	True	True	geometric5	2745740	9	6	2026-07-31	9.337789333489027	8.675193307982214	0.038080594696163976	1.4665024323454914	0.7805200250222504	0.586592306998231	0.0
/rds/general/user/osella/home/rl-qecc-data/supervisedLearning/sweep2/g5_mix_66-96-126-153_H3_s7134066.pth	3	7134066	6	mixed	[(6, 6), (9, 6), (12, 6), (15, 3)]	True	True	True	True	geometric5	2745740	9	6	2026-07-31	9.336696404805242	8.675193307982214	0.03830517045456894	1.5823867827366254	0.7753204548475483	0.5812047425031877	0.02
/rds/general/user/osella/home/rl-qecc-data/supervisedLearning/sweep2/g5_mix_66-96-126-153_H4_s1000.pth	4	1000	6	mixed	[(6, 6), (9, 6), (12, 6), (15, 3)]	True	True	True	True	geometric5	2745740	9	6	2026-07-31	9.321472922688981	8.675193307982214	0.03742088548602364	1.585135196579722	0.7849414567535724	0.5905883269141842	0.02
/rds/general/user/osella/home/rl-qecc-data/supervisedLearning/sweep2/g5_mix_66-96-126-153_H4_s12345.pth	4	12345	6	mixed	[(6, 6), (9, 6), (12, 6), (15, 3)]	True	True	True	True	geometric5	2745740	9	6	2026-07-31	9.310230578852252	8.675193307982214	0.03710242015515312	1.6001143505489446	0.7899289727138585	0.5955365162117151	0.02
/rds/general/user/osella/home/rl-qecc-data/supervisedLearning/sweep2/g5_mix_66-96-126-153_H4_s2000.pth	4	2000	6	mixed	[(6, 6), (9, 6), (12, 6), (15, 3)]	True	True	True	True	geometric5	2745740	9	6	2026-07-31	9.338439189685534	8.675193307982214	0.03744901218386929	1.6078300850512797	0.7835328674378562	0.5891197144026936	0.04
/rds/general/user/osella/home/rl-qecc-data/supervisedLearning/sweep2/g5_mix_66-96-126-153_H4_s3000.pth	4	3000	6	mixed	[(6, 6), (9, 6), (12, 6), (15, 3)]	True	True	True	True	geometric5	2745740	9	6	2026-07-31	9.322473856428543	8.675193307982214	0.03731364922628592	1.5954428748100942	0.7851186651057778	0.5912285087209681	0.04
/rds/general/user/osella/home/rl-qecc-data/supervisedLearning/sweep2/g5_mix_66-96-126-153_H4_s4000.pth	4	4000	6	mixed	[(6, 6), (9, 6), (12, 6), (15, 3)]	True	True	True	True	geometric5	2745740	9	6	2026-07-31	9.3159436737966	8.675193307982214	0.037393945225596616	1.5756272628995973	0.7850928446155427	0.5909482929269414	0.04
/rds/general/user/osella/home/rl-qecc-data/supervisedLearning/sweep2/g5_mix_66-96-126-153_H4_s466555.pth	4	466555	6	mixed	[(6, 6), (9, 6), (12, 6), (15, 3)]	True	True	True	True	geometric5	2745740	9	6	2026-07-31	9.308809470577325	8.675193307982214	0.03699225046229872	1.6030790281526577	0.7888435275853136	0.5950925198718651	0.0
/rds/general/user/osella/home/rl-qecc-data/supervisedLearning/sweep2/g5_mix_66-96-126-153_H4_s5000.pth	4	5000	6	mixed	[(6, 6), (9, 6), (12, 6), (15, 3)]	True	True	True	True	geometric5	2745740	9	6	2026-07-31	9.322607050537068	8.675193307982214	0.03751334764307838	1.617386407459674	0.7836477741186932	0.5892949129892675	0.06
/rds/general/user/osella/home/rl-qecc-data/supervisedLearning/sweep2/g5_mix_66-96-126-153_H4_s54321.pth	4	54321	6	mixed	[(6, 6), (9, 6), (12, 6), (15, 3)]	True	True	True	True	geometric5	2745740	9	6	2026-07-31	9.337550898329482	8.675193307982214	0.037664676446260134	1.436720270124755	0.7830949586928607	0.5895483827179532	0.02
/rds/general/user/osella/home/rl-qecc-data/supervisedLearning/sweep2/g5_mix_66-96-126-153_H4_s6000.pth	4	6000	6	mixed	[(6, 6), (9, 6), (12, 6), (15, 3)]	True	True	True	True	geometric5	2745740	9	6	2026-07-31	9.328744736170217	8.675193307982214	0.03781200499713889	1.5767956089477464	0.7854699712275391	0.590833409830244	0.04
/rds/general/user/osella/home/rl-qecc-data/supervisedLearning/sweep2/g5_mix_66-96-126-153_H4_s7134066.pth	4	7134066	6	mixed	[(6, 6), (9, 6), (12, 6), (15, 3)]	True	True	True	True	geometric5	2745740	9	6	2026-07-31	9.318876785282269	8.675193307982214	0.03733730304320428	1.579561996768302	0.7864064327282198	0.5922708983967637	0.06
/rds/general/user/osella/home/rl-qecc-data/supervisedLearning/sweep2/g5_mix_66-96-126-153_H6_s1000.pth	6	1000	6	mixed	[(6, 6), (9, 6), (12, 6), (15, 3)]	True	True	True	True	geometric5	2745740	9	6	2026-07-31	9.32185759193739	8.675193307982214	0.03733611047481571	1.537520253912626	0.7884504122435756	0.5943630415585132	0.16
/rds/general/user/osella/home/rl-qecc-data/supervisedLearning/sweep2/g5_mix_66-96-126-153_H6_s12345.pth	6	12345	6	mixed	[(6, 6), (9, 6), (12, 6), (15, 3)]	True	True	True	True	geometric5	2745740	9	6	2026-07-31	9.355139846954353	8.675193307982214	0.03870333223177133	1.5177629526822398	0.770940212865895	0.5765363733901387	0.04
/rds/general/user/osella/home/rl-qecc-data/supervisedLearning/sweep2/g5_mix_66-96-126-153_H6_s2000.pth	6	2000	6	mixed	[(6, 6), (9, 6), (12, 6), (15, 3)]	True	True	True	True	geometric5	2745740	9	6	2026-07-31	9.3229786195084	8.675193307982214	0.0376936557661822	1.6249985270693141	0.7870133235212754	0.5926310198994431	0.04
/rds/general/user/osella/home/rl-qecc-data/supervisedLearning/sweep2/g5_mix_66-96-126-153_H6_s3000.pth	6	3000	6	mixed	[(6, 6), (9, 6), (12, 6), (15, 3)]	True	True	True	True	geometric5	2745740	9	6	2026-07-31	9.283913649251602	8.675193307982214	0.035739816508993306	1.4127486080555365	0.8029843544120138	0.6099180436339516	0.02
/rds/general/user/osella/home/rl-qecc-data/supervisedLearning/sweep2/g5_mix_66-96-126-153_H6_s4000.pth	6	4000	6	mixed	[(6, 6), (9, 6), (12, 6), (15, 3)]	True	True	True	True	geometric5	2745740	9	6	2026-07-31	9.277539197435189	8.675193307982214	0.035092352910300335	1.3237090476928821	0.8093827423303634	0.6167778639034454	0.0
/rds/general/user/osella/home/rl-qecc-data/supervisedLearning/sweep2/g5_mix_66-96-126-153_H6_s466555.pth	6	466555	6	mixed	[(6, 6), (9, 6), (12, 6), (15, 3)]	True	True	True	True	geometric5	2745740	9	6	2026-07-31	9.293727895696655	8.675193307982214	0.03574651499458445	1.3348447629437281	0.8064996510523438	0.6145182033890983	0.0
/rds/general/user/osella/home/rl-qecc-data/supervisedLearning/sweep2/g5_mix_66-96-126-153_H6_s5000.pth	6	5000	6	mixed	[(6, 6), (9, 6), (12, 6), (15, 3)]	True	True	True	True	geometric5	2745740	9	6	2026-07-31	9.306115323518645	8.675193307982214	0.03650444139269692	1.499078472293017	0.7948524322576603	0.6008476086951751	0.06
/rds/general/user/osella/home/rl-qecc-data/supervisedLearning/sweep2/g5_mix_66-96-126-153_H6_s54321.pth	6	54321	6	mixed	[(6, 6), (9, 6), (12, 6), (15, 3)]	True	True	True	True	geometric5	2745740	9	6	2026-07-31	9.288905650372856	8.675193307982214	0.03532810248705019	1.3203684624206982	0.8076681330957988	0.6150638243100071	0.02
/rds/general/user/osella/home/rl-qecc-data/supervisedLearning/sweep2/g5_mix_66-96-126-153_H6_s6000.pth	6	6000	6	mixed	[(6, 6), (9, 6), (12, 6), (15, 3)]	True	True	True	True	geometric5	2745740	9	6	2026-07-31	9.358053793207747	8.675193307982214	0.03880697022016148	1.5588434710339432	0.7708863941031449	0.5766815996113313	0.0
/rds/general/user/osella/home/rl-qecc-data/supervisedLearning/sweep2/g5_mix_66-96-126-153_H6_s7134066.pth	6	7134066	6	mixed	[(6, 6), (9, 6), (12, 6), (15, 3)]	True	True	True	True	geometric5	2745740	9	6	2026-07-31	9.34197788053872	8.675193307982214	0.0378065451394474	1.4084295503249353	0.7817179886910531	0.5881857232579837	0.0
/rds/general/user/osella/home/rl-qecc-data/supervisedLearning/sweep2/g5_mix_66-96-126-153_H7_s1000.pth	7	1000	6	mixed	[(6, 6), (9, 6), (12, 6), (15, 3)]	True	True	True	True	geometric5	2745740	9	6	2026-07-31	9.330085891065806	8.675193307982214	0.03720693016799343	1.358587068959491	0.7873893241326884	0.5939732056637383	0.04
/rds/general/user/osella/home/rl-qecc-data/supervisedLearning/sweep2/g5_mix_66-96-126-153_H7_s12345.pth	7	12345	6	mixed	[(6, 6), (9, 6), (12, 6), (15, 3)]	True	True	True	True	geometric5	2745740	9	6	2026-07-31	9.31523551307931	8.675193307982214	0.03720693276495033	1.5799188463426637	0.7865307387777213	0.5922565536237213	0.04
/rds/general/user/osella/home/rl-qecc-data/supervisedLearning/sweep2/g5_mix_66-96-126-153_H7_s2000.pth	7	2000	6	mixed	[(6, 6), (9, 6), (12, 6), (15, 3)]	True	True	True	True	geometric5	2745740	9	6	2026-07-31	9.309991095251256	8.675193307982214	0.03670667555952578	1.5876334495425717	0.7934312198211576	0.5996988180491188	0.0
/rds/general/user/osella/home/rl-qecc-data/supervisedLearning/sweep2/g5_mix_66-96-126-153_H7_s3000.pth	7	3000	6	mixed	[(6, 6), (9, 6), (12, 6), (15, 3)]	True	True	True	True	geometric5	2745740	9	6	2026-07-31	9.346575881504968	8.675193307982214	0.03820110164578864	1.5390329541950125	0.775783638332084	0.5821462375658626	0.0
/rds/general/user/osella/home/rl-qecc-data/supervisedLearning/sweep2/g5_mix_66-96-126-153_H7_s4000.pth	7	4000	6	mixed	[(6, 6), (9, 6), (12, 6), (15, 3)]	True	True	True	True	geometric5	2745740	9	6	2026-07-31	9.31516744709338	8.675193307982214	0.036578477012870605	1.2983632005245174	0.7937191400659639	0.6006158735587164	0.1
/rds/general/user/osella/home/rl-qecc-data/supervisedLearning/sweep2/g5_mix_66-96-126-153_H7_s466555.pth	7	466555	6	mixed	[(6, 6), (9, 6), (12, 6), (15, 3)]	True	True	True	True	geometric5	2745740	9	6	2026-07-31	9.305225899692319	8.675193307982214	0.03692193088362789	1.5644992154056512	0.7900445124573612	0.5957772206160598	0.04
/rds/general/user/osella/home/rl-qecc-data/supervisedLearning/sweep2/g5_mix_66-96-126-153_H7_s5000.pth	7	5000	6	mixed	[(6, 6), (9, 6), (12, 6), (15, 3)]	True	True	True	True	geometric5	2745740	9	6	2026-07-31	9.311042629181935	8.675193307982214	0.03707502775719911	1.5615709232773163	0.7885198482413996	0.5943305511912964	0.04
/rds/general/user/osella/home/rl-qecc-data/supervisedLearning/sweep2/g5_mix_66-96-126-153_H7_s54321.pth	7	54321	6	mixed	[(6, 6), (9, 6), (12, 6), (15, 3)]	True	True	True	True	geometric5	2745740	9	6	2026-07-31	9.359638437070238	8.675193307982214	0.03892120411755432	1.648697540386002	0.7673459796067599	0.5734121330225794	0.04
/rds/general/user/osella/home/rl-qecc-data/supervisedLearning/sweep2/g5_mix_66-96-126-153_H7_s6000.pth	7	6000	6	mixed	[(6, 6), (9, 6), (12, 6), (15, 3)]	True	True	True	True	geometric5	2745740	9	6	2026-07-31	9.3063862014817	8.675193307982214	0.03659216747299166	1.3752889138173656	0.801801979150646	0.6085770458625561	0.02
/rds/general/user/osella/home/rl-qecc-data/supervisedLearning/sweep2/g5_mix_66-96-126-153_H7_s7134066.pth	7	7134066	6	mixed	[(6, 6), (9, 6), (12, 6), (15, 3)]	True	True	True	True	geometric5	2745740	9	6	2026-07-31	9.312708729045333	8.675193307982214	0.03676472305283555	1.363858014116019	0.7956505028562957	0.6027297471848798	0.02
/rds/general/user/osella/home/rl-qecc-data/supervisedLearning/sweep2/g5_mix_66-96-126_H10_s1000.pth	10	1000	8	mixed	[(6, 6), (9, 6), (12, 6)]	True	True	True	False	geometric5	2745740	9	6	2026-07-31	9.258800332500362	8.675193307982214	0.03400448289188947	1.143847227275345	0.8235988983002679	0.6322801362396876	0.06
/rds/general/user/osella/home/rl-qecc-data/supervisedLearning/sweep2/g5_mix_66-96-126_H10_s12345.pth	10	12345	8	mixed	[(6, 6), (9, 6), (12, 6)]	True	True	True	False	geometric5	2745740	9	6	2026-07-31	9.267721107061915	8.675193307982214	0.0347556109577423	1.2323353516207551	0.8126507990672066	0.6206223146007718	0.0
/rds/general/user/osella/home/rl-qecc-data/supervisedLearning/sweep2/g5_mix_66-96-126_H10_s2000.pth	10	2000	8	mixed	[(6, 6), (9, 6), (12, 6)]	True	True	True	False	geometric5	2745740	9	6	2026-07-31	9.323001378821921	8.675193307982214	0.0369893462241324	1.259346149356916	0.7922244091789582	0.5988486081888373	0.02
/rds/general/user/osella/home/rl-qecc-data/supervisedLearning/sweep2/g5_mix_66-96-126_H10_s3000.pth	10	3000	8	mixed	[(6, 6), (9, 6), (12, 6)]	True	True	True	False	geometric5	2745740	9	6	2026-07-31	9.30380430436042	8.675193307982214	0.03623468151041193	1.3565196452005124	0.8059361488877189	0.6130506247432393	0.02
/rds/general/user/osella/home/rl-qecc-data/supervisedLearning/sweep2/g5_mix_66-96-126_H10_s4000.pth	10	4000	8	mixed	[(6, 6), (9, 6), (12, 6)]	True	True	True	False	geometric5	2745740	9	6	2026-07-31	9.312844528616019	8.675193307982214	0.036196366464102216	1.1602059285673643	0.8037732348125125	0.6115668461243948	0.1
/rds/general/user/osella/home/rl-qecc-data/supervisedLearning/sweep2/g5_mix_66-96-126_H10_s466555.pth	10	466555	8	mixed	[(6, 6), (9, 6), (12, 6)]	True	True	True	False	geometric5	2745740	9	6	2026-07-31	9.303652366705805	8.675193307982214	0.03611189632119205	1.1702236071901604	0.8006380852096925	0.607910731459961	0.04
/rds/general/user/osella/home/rl-qecc-data/supervisedLearning/sweep2/g5_mix_66-96-126_H10_s5000.pth	10	5000	8	mixed	[(6, 6), (9, 6), (12, 6)]	True	True	True	False	geometric5	2745740	9	6	2026-07-31	9.283159735960828	8.675193307982214	0.034251572346128294	1.0259120345087007	0.8200333807147122	0.6296096977812417	0.02
/rds/general/user/osella/home/rl-qecc-data/supervisedLearning/sweep2/g5_mix_66-96-126_H10_s54321.pth	10	54321	8	mixed	[(6, 6), (9, 6), (12, 6)]	True	True	True	False	geometric5	2745740	9	6	2026-07-31	9.280180933716927	8.675193307982214	0.034688793014394086	1.2674216334824804	0.8194855322159986	0.6287113845398226	0.02
/rds/general/user/osella/home/rl-qecc-data/supervisedLearning/sweep2/g5_mix_66-96-126_H10_s6000.pth	10	6000	8	mixed	[(6, 6), (9, 6), (12, 6)]	True	True	True	False	geometric5	2745740	9	6	2026-07-31	9.297183545596578	8.675193307982214	0.03564022575383497	1.1377380984649037	0.8041485608648145	0.6119788856908549	0.02
/rds/general/user/osella/home/rl-qecc-data/supervisedLearning/sweep2/g5_mix_66-96-126_H10_s7134066.pth	10	7134066	8	mixed	[(6, 6), (9, 6), (12, 6)]	True	True	True	False	geometric5	2745740	9	6	2026-07-31	9.265185640635744	8.675193307982214	0.03473516697622104	1.2778045047328241	0.8183460901497024	0.6267450847632502	0.04
/rds/general/user/osella/home/rl-qecc-data/supervisedLearning/sweep2/g5_mix_66-96-126_H3_s1000.pth	3	1000	8	mixed	[(6, 6), (9, 6), (12, 6)]	True	True	True	False	geometric5	2745740	9	6	2026-07-31	9.30380245654926	8.675193307982214	0.03697312527905348	1.5170764744450222	0.79033609177474	0.5959621974099215	0.0
/rds/general/user/osella/home/rl-qecc-data/supervisedLearning/sweep2/g5_mix_66-96-126_H3_s12345.pth	3	12345	8	mixed	[(6, 6), (9, 6), (12, 6)]	True	True	True	False	geometric5	2745740	9	6	2026-07-31	9.308849413970682	8.675193307982214	0.037085832452598826	1.5469785230763955	0.7885873238922182	0.5945525832359352	0.02
/rds/general/user/osella/home/rl-qecc-data/supervisedLearning/sweep2/g5_mix_66-96-126_H3_s2000.pth	3	2000	8	mixed	[(6, 6), (9, 6), (12, 6)]	True	True	True	False	geometric5	2745740	9	6	2026-07-31	9.296005235169508	8.675193307982214	0.036805994823979477	1.5637395888078758	0.7906210150463758	0.5963953783213762	0.02
/rds/general/user/osella/home/rl-qecc-data/supervisedLearning/sweep2/g5_mix_66-96-126_H3_s3000.pth	3	3000	8	mixed	[(6, 6), (9, 6), (12, 6)]	True	True	True	False	geometric5	2745740	9	6	2026-07-31	9.314031278922386	8.675193307982214	0.03729339588210414	1.6043566942459833	0.7925252759432808	0.5985285574959158	0.0
/rds/general/user/osella/home/rl-qecc-data/supervisedLearning/sweep2/g5_mix_66-96-126_H3_s4000.pth	3	4000	8	mixed	[(6, 6), (9, 6), (12, 6)]	True	True	True	False	geometric5	2745740	9	6	2026-07-31	9.310027660889608	8.675193307982214	0.037396588538587835	1.5989434521026709	0.7889691836474135	0.5949073337724992	0.04
/rds/general/user/osella/home/rl-qecc-data/supervisedLearning/sweep2/g5_mix_66-96-126_H3_s466555.pth	3	466555	8	mixed	[(6, 6), (9, 6), (12, 6)]	True	True	True	False	geometric5	2745740	9	6	2026-07-31	9.354597906591973	8.675193307982214	0.039047487172729885	1.5218094583613107	0.7697678445438874	0.5758578064290755	0.0
/rds/general/user/osella/home/rl-qecc-data/supervisedLearning/sweep2/g5_mix_66-96-126_H3_s5000.pth	3	5000	8	mixed	[(6, 6), (9, 6), (12, 6)]	True	True	True	False	geometric5	2745740	9	6	2026-07-31	9.30116683083442	8.675193307982214	0.03634858216920888	1.3777020918554677	0.801676464494875	0.6085505695490026	0.06
/rds/general/user/osella/home/rl-qecc-data/supervisedLearning/sweep2/g5_mix_66-96-126_H3_s54321.pth	3	54321	8	mixed	[(6, 6), (9, 6), (12, 6)]	True	True	True	False	geometric5	2745740	9	6	2026-07-31	9.317364940764794	8.675193307982214	0.03744887760146989	1.6064283655244593	0.785507915300478	0.5911605841627492	0.04
/rds/general/user/osella/home/rl-qecc-data/supervisedLearning/sweep2/g5_mix_66-96-126_H3_s6000.pth	3	6000	8	mixed	[(6, 6), (9, 6), (12, 6)]	True	True	True	False	geometric5	2745740	9	6	2026-07-31	9.289479129753484	8.675193307982214	0.035653606383322586	1.4086241502005168	0.8048820698390468	0.6123822739721503	0.02
/rds/general/user/osella/home/rl-qecc-data/supervisedLearning/sweep2/g5_mix_66-96-126_H3_s7134066.pth	3	7134066	8	mixed	[(6, 6), (9, 6), (12, 6)]	True	True	True	False	geometric5	2745740	9	6	2026-07-31	9.307994809216325	8.675193307982214	0.03718562189010657	1.5249223324412988	0.787996587116164	0.5936891254960804	0.06
/rds/general/user/osella/home/rl-qecc-data/supervisedLearning/sweep2/g5_mix_66-96-126_H4_s1000.pth	4	1000	8	mixed	[(6, 6), (9, 6), (12, 6)]	True	True	True	False	geometric5	2745740	9	6	2026-07-31	9.329151197202274	8.675193307982214	0.03726251058731707	1.4091497974741622	0.7858447643098372	0.592554799424101	0.02
/rds/general/user/osella/home/rl-qecc-data/supervisedLearning/sweep2/g5_mix_66-96-126_H4_s12345.pth	4	12345	8	mixed	[(6, 6), (9, 6), (12, 6)]	True	True	True	False	geometric5	2745740	9	6	2026-07-31	9.308845058686451	8.675193307982214	0.0371869645362672	1.586858417391903	0.7854832396915885	0.5913137106531766	0.12
/rds/general/user/osella/home/rl-qecc-data/supervisedLearning/sweep2/g5_mix_66-96-126_H4_s2000.pth	4	2000	8	mixed	[(6, 6), (9, 6), (12, 6)]	True	True	True	False	geometric5	2745740	9	6	2026-07-31	9.314499787736144	8.675193307982214	0.037805479646124046	1.6118621123195076	0.786602749461073	0.5923778298213903	0.02
/rds/general/user/osella/home/rl-qecc-data/supervisedLearning/sweep2/g5_mix_66-96-126_H4_s3000.pth	4	3000	8	mixed	[(6, 6), (9, 6), (12, 6)]	True	True	True	False	geometric5	2745740	9	6	2026-07-31	9.313833333109907	8.675193307982214	0.03756878099135727	1.6685329798950512	0.7858797392220745	0.5915519578034533	0.04
/rds/general/user/osella/home/rl-qecc-data/supervisedLearning/sweep2/g5_mix_66-96-126_H4_s4000.pth	4	4000	8	mixed	[(6, 6), (9, 6), (12, 6)]	True	True	True	False	geometric5	2745740	9	6	2026-07-31	9.317224920070624	8.675193307982214	0.03683786677046069	1.521747333699562	0.7920532695548854	0.5983264713534118	0.0
/rds/general/user/osella/home/rl-qecc-data/supervisedLearning/sweep2/g5_mix_66-96-126_H4_s466555.pth	4	466555	8	mixed	[(6, 6), (9, 6), (12, 6)]	True	True	True	False	geometric5	2745740	9	6	2026-07-31	9.311800777270394	8.675193307982214	0.037411722167134724	1.5740914830829835	0.7878092743474397	0.593527449091347	0.04
/rds/general/user/osella/home/rl-qecc-data/supervisedLearning/sweep2/g5_mix_66-96-126_H4_s5000.pth	4	5000	8	mixed	[(6, 6), (9, 6), (12, 6)]	True	True	True	False	geometric5	2745740	9	6	2026-07-31	9.324117670882314	8.675193307982214	0.037162634702233646	1.5901698878728778	0.7874815080074935	0.5931748035452006	0.0
/rds/general/user/osella/home/rl-qecc-data/supervisedLearning/sweep2/g5_mix_66-96-126_H4_s54321.pth	4	54321	8	mixed	[(6, 6), (9, 6), (12, 6)]	True	True	True	False	geometric5	2745740	9	6	2026-07-31	9.346072708501808	8.675193307982214	0.038576490902351414	1.5295270971669006	0.7723222678260471	0.5784758836970036	0.0
/rds/general/user/osella/home/rl-qecc-data/supervisedLearning/sweep2/g5_mix_66-96-126_H4_s6000.pth	4	6000	8	mixed	[(6, 6), (9, 6), (12, 6)]	True	True	True	False	geometric5	2745740	9	6	2026-07-31	9.314044423438379	8.675193307982214	0.03715550072842948	1.605723479262436	0.7871080493418584	0.5931109532621573	0.06
/rds/general/user/osella/home/rl-qecc-data/supervisedLearning/sweep2/g5_mix_66-96-126_H4_s7134066.pth	4	7134066	8	mixed	[(6, 6), (9, 6), (12, 6)]	True	True	True	False	geometric5	2745740	9	6	2026-07-31	9.31131864026085	8.675193307982214	0.03731676324632289	1.6205842848210916	0.7866752835648987	0.5925019829053012	0.04
/rds/general/user/osella/home/rl-qecc-data/supervisedLearning/sweep2/g5_mix_66-96-126_H6_s1000.pth	6	1000	8	mixed	[(6, 6), (9, 6), (12, 6)]	True	True	True	False	geometric5	2745740	9	6	2026-07-31	9.267054310105388	8.675193307982214	0.034493276961367676	1.2081082923898088	0.8158511828287709	0.6241271301374804	0.02
/rds/general/user/osella/home/rl-qecc-data/supervisedLearning/sweep2/g5_mix_66-96-126_H6_s12345.pth	6	12345	8	mixed	[(6, 6), (9, 6), (12, 6)]	True	True	True	False	geometric5	2745740	9	6	2026-07-31	9.309963241088104	8.675193307982214	0.03663810385650111	1.4033972619682842	0.7941025033678735	0.600889404604749	0.0
/rds/general/user/osella/home/rl-qecc-data/supervisedLearning/sweep2/g5_mix_66-96-126_H6_s2000.pth	6	2000	8	mixed	[(6, 6), (9, 6), (12, 6)]	True	True	True	False	geometric5	2745740	9	6	2026-07-31	9.30129211247132	8.675193307982214	0.03624400298766142	1.2009939178063667	0.7995031082459543	0.6064519161357523	0.02
/rds/general/user/osella/home/rl-qecc-data/supervisedLearning/sweep2/g5_mix_66-96-126_H6_s3000.pth	6	3000	8	mixed	[(6, 6), (9, 6), (12, 6)]	True	True	True	False	geometric5	2745740	9	6	2026-07-31	9.27628363876528	8.675193307982214	0.035101069469013	1.3510405669578809	0.8142160502183192	0.6222566610805237	0.02
/rds/general/user/osella/home/rl-qecc-data/supervisedLearning/sweep2/g5_mix_66-96-126_H6_s4000.pth	6	4000	8	mixed	[(6, 6), (9, 6), (12, 6)]	True	True	True	False	geometric5	2745740	9	6	2026-07-31	9.30479666472865	8.675193307982214	0.03597883433516264	1.124115246875598	0.8010940918220883	0.6089666070943641	0.0
/rds/general/user/osella/home/rl-qecc-data/supervisedLearning/sweep2/g5_mix_66-96-126_H6_s466555.pth	6	466555	8	mixed	[(6, 6), (9, 6), (12, 6)]	True	True	True	False	geometric5	2745740	9	6	2026-07-31	9.284026065359276	8.675193307982214	0.03531575312665634	1.2017324183006004	0.8077106262062758	0.6155019801073127	0.02
/rds/general/user/osella/home/rl-qecc-data/supervisedLearning/sweep2/g5_mix_66-96-126_H6_s5000.pth	6	5000	8	mixed	[(6, 6), (9, 6), (12, 6)]	True	True	True	False	geometric5	2745740	9	6	2026-07-31	9.283519712695568	8.675193307982214	0.03522142938594044	1.296605554310696	0.8119151104334966	0.6199614208450827	0.0
/rds/general/user/osella/home/rl-qecc-data/supervisedLearning/sweep2/g5_mix_66-96-126_H6_s54321.pth	6	54321	8	mixed	[(6, 6), (9, 6), (12, 6)]	True	True	True	False	geometric5	2745740	9	6	2026-07-31	9.282288698347456	8.675193307982214	0.03486397405598565	1.0733358280920364	0.8139676685637329	0.6224311755501417	0.0
/rds/general/user/osella/home/rl-qecc-data/supervisedLearning/sweep2/g5_mix_66-96-126_H6_s6000.pth	6	6000	8	mixed	[(6, 6), (9, 6), (12, 6)]	True	True	True	False	geometric5	2745740	9	6	2026-07-31	9.250923356517877	8.675193307982214	0.03370143544741991	1.1211128402002195	0.8251712552259557	0.6346131202094497	0.0
/rds/general/user/osella/home/rl-qecc-data/supervisedLearning/sweep2/g5_mix_66-96-126_H6_s7134066.pth	6	7134066	8	mixed	[(6, 6), (9, 6), (12, 6)]	True	True	True	False	geometric5	2745740	9	6	2026-07-31	9.307940435300303	8.675193307982214	0.03601113042608832	1.1459388377346722	0.8076524174070376	0.6157262234932876	0.02
/rds/general/user/osella/home/rl-qecc-data/supervisedLearning/sweep2/g5_mix_66-96-126_H7_s1000.pth	7	1000	8	mixed	[(6, 6), (9, 6), (12, 6)]	True	True	True	False	geometric5	2745740	9	6	2026-07-31	9.300378000785038	8.675193307982214	0.03633042540361659	1.302657269824388	0.7996647862523304	0.6065499815479652	0.04
/rds/general/user/osella/home/rl-qecc-data/supervisedLearning/sweep2/g5_mix_66-96-126_H7_s12345.pth	7	12345	8	mixed	[(6, 6), (9, 6), (12, 6)]	True	True	True	False	geometric5	2745740	9	6	2026-07-31	9.281289353423453	8.675193307982214	0.03543120198245263	1.3387253217244939	0.8068625795365962	0.6137533527490219	0.0
/rds/general/user/osella/home/rl-qecc-data/supervisedLearning/sweep2/g5_mix_66-96-126_H7_s2000.pth	7	2000	8	mixed	[(6, 6), (9, 6), (12, 6)]	True	True	True	False	geometric5	2745740	9	6	2026-07-31	9.25927644764874	8.675193307982214	0.034458114629835425	1.178443929066837	0.8191301869322001	0.6275740430750235	0.06
/rds/general/user/osella/home/rl-qecc-data/supervisedLearning/sweep2/g5_mix_66-96-126_H7_s3000.pth	7	3000	8	mixed	[(6, 6), (9, 6), (12, 6)]	True	True	True	False	geometric5	2745740	9	6	2026-07-31	9.28100604287003	8.675193307982214	0.0357470012335328	1.3880234703891245	0.8085053285195027	0.6160004348571971	0.06
/rds/general/user/osella/home/rl-qecc-data/supervisedLearning/sweep2/g5_mix_66-96-126_H7_s4000.pth	7	4000	8	mixed	[(6, 6), (9, 6), (12, 6)]	True	True	True	False	geometric5	2745740	9	6	2026-07-31	9.278918196144685	8.675193307982214	0.0356307140316904	1.281402662213671	0.8073439801259659	0.6147227397413659	0.04
/rds/general/user/osella/home/rl-qecc-data/supervisedLearning/sweep2/g5_mix_66-96-126_H7_s466555.pth	7	466555	8	mixed	[(6, 6), (9, 6), (12, 6)]	True	True	True	False	geometric5	2745740	9	6	2026-07-31	9.24691760449001	8.675193307982214	0.0336545109546054	1.1767259732673407	0.8253118695509819	0.6348195780395767	0.04
/rds/general/user/osella/home/rl-qecc-data/supervisedLearning/sweep2/g5_mix_66-96-126_H7_s5000.pth	7	5000	8	mixed	[(6, 6), (9, 6), (12, 6)]	True	True	True	False	geometric5	2745740	9	6	2026-07-31	9.269308941583978	8.675193307982214	0.034389821497878614	1.2308573687972764	0.8204852306031408	0.6294642325029782	0.0
/rds/general/user/osella/home/rl-qecc-data/supervisedLearning/sweep2/g5_mix_66-96-126_H7_s54321.pth	7	54321	8	mixed	[(6, 6), (9, 6), (12, 6)]	True	True	True	False	geometric5	2745740	9	6	2026-07-31	9.30431064295395	8.675193307982214	0.03621144540950827	1.2139528338528842	0.7991904635936184	0.6064785064718755	0.0
/rds/general/user/osella/home/rl-qecc-data/supervisedLearning/sweep2/g5_mix_66-96-126_H7_s6000.pth	7	6000	8	mixed	[(6, 6), (9, 6), (12, 6)]	True	True	True	False	geometric5	2745740	9	6	2026-07-31	9.287506874471976	8.675193307982214	0.03489403651440637	1.0633051464611518	0.813075610298747	0.621533735538771	0.02
/rds/general/user/osella/home/rl-qecc-data/supervisedLearning/sweep2/g5_mix_66-96-126_H7_s7134066.pth	7	7134066	8	mixed	[(6, 6), (9, 6), (12, 6)]	True	True	True	False	geometric5	2745740	9	6	2026-07-31	9.28213815655116	8.675193307982214	0.03539930584257495	1.4063253537034128	0.8103985112618172	0.6177684203540339	0.12
/rds/general/user/osella/home/rl-qecc-data/supervisedLearning/sweep2/g5_mix_66-96_H10_s1000.pth	10	1000	12	mixed	[(6, 6), (9, 6)]	True	True	False	False	geometric5	2745740	9	6	2026-07-31	9.230224803453748	8.675193307982214	0.032459287728696225	1.020872995336677	0.8395418424323721	0.6507667445866531	0.02
/rds/general/user/osella/home/rl-qecc-data/supervisedLearning/sweep2/g5_mix_66-96_H10_s12345.pth	10	12345	12	mixed	[(6, 6), (9, 6)]	True	True	False	False	geometric5	2745740	9	6	2026-07-31	9.273771930314954	8.675193307982214	0.03501305405954015	1.247748082683221	0.8141224137916484	0.6220880391755366	0.02
/rds/general/user/osella/home/rl-qecc-data/supervisedLearning/sweep2/g5_mix_66-96_H10_s2000.pth	10	2000	12	mixed	[(6, 6), (9, 6)]	True	True	False	False	geometric5	2745740	9	6	2026-07-31	9.231128535117751	8.675193307982214	0.03175281505877357	0.9743293668848548	0.8450177885669827	0.6571890970331331	0.04
/rds/general/user/osella/home/rl-qecc-data/supervisedLearning/sweep2/g5_mix_66-96_H10_s3000.pth	10	3000	12	mixed	[(6, 6), (9, 6)]	True	True	False	False	geometric5	2745740	9	6	2026-07-31	9.234004917160789	8.675193307982214	0.03229998716179629	0.945173209043077	0.8388061167187502	0.6506880004279038	0.08
/rds/general/user/osella/home/rl-qecc-data/supervisedLearning/sweep2/g5_mix_66-96_H10_s4000.pth	10	4000	12	mixed	[(6, 6), (9, 6)]	True	True	False	False	geometric5	2745740	9	6	2026-07-31	9.224658840908932	8.675193307982214	0.03221544178172638	0.950581445129439	0.8412408599278203	0.6528008408984614	0.02
/rds/general/user/osella/home/rl-qecc-data/supervisedLearning/sweep2/g5_mix_66-96_H10_s466555.pth	10	466555	12	mixed	[(6, 6), (9, 6)]	True	True	False	False	geometric5	2745740	9	6	2026-07-31	9.23296808962758	8.675193307982214	0.032808131185807846	1.0305609237066067	0.8439956682804984	0.6562095379411091	0.1
/rds/general/user/osella/home/rl-qecc-data/supervisedLearning/sweep2/g5_mix_66-96_H10_s5000.pth	10	5000	12	mixed	[(6, 6), (9, 6)]	True	True	False	False	geometric5	2745740	9	6	2026-07-31	9.224453190458842	8.675193307982214	0.03201950846995539	0.9975305101436757	0.8423393349290528	0.6541308472217682	0.04
/rds/general/user/osella/home/rl-qecc-data/supervisedLearning/sweep2/g5_mix_66-96_H10_s54321.pth	10	54321	12	mixed	[(6, 6), (9, 6)]	True	True	False	False	geometric5	2745740	9	6	2026-07-31	9.232399643592283	8.675193307982214	0.032321168844470165	0.9628774883419535	0.8401384734115275	0.6525439916256113	0.06
/rds/general/user/osella/home/rl-qecc-data/supervisedLearning/sweep2/g5_mix_66-96_H10_s6000.pth	10	6000	12	mixed	[(6, 6), (9, 6)]	True	True	False	False	geometric5	2745740	9	6	2026-07-31	9.25390539440547	8.675193307982214	0.03381207507375471	1.166945525132889	0.8284724344308575	0.6375302049503871	0.0
/rds/general/user/osella/home/rl-qecc-data/supervisedLearning/sweep2/g5_mix_66-96_H10_s7134066.pth	10	7134066	12	mixed	[(6, 6), (9, 6)]	True	True	False	False	geometric5	2745740	9	6	2026-07-31	9.264150678718932	8.675193307982214	0.034017818909937804	0.9976415175802948	0.8257638842108995	0.6351102163865177	0.08
/rds/general/user/osella/home/rl-qecc-data/supervisedLearning/sweep2/g5_mix_66-96_H3_s1000.pth	3	1000	12	mixed	[(6, 6), (9, 6)]	True	True	False	False	geometric5	2745740	9	6	2026-07-31	9.238787791890692	8.675193307982214	0.032764708351892956	1.0582504416337513	0.8382472104141053	0.6491944299062029	0.0
/rds/general/user/osella/home/rl-qecc-data/supervisedLearning/sweep2/g5_mix_66-96_H3_s12345.pth	3	12345	12	mixed	[(6, 6), (9, 6)]	True	True	False	False	geometric5	2745740	9	6	2026-07-31	9.24015056186513	8.675193307982214	0.0330777228577535	1.0353377494554241	0.8336559319397872	0.6451010974093456	0.06
/rds/general/user/osella/home/rl-qecc-data/supervisedLearning/sweep2/g5_mix_66-96_H3_s2000.pth	3	2000	12	mixed	[(6, 6), (9, 6)]	True	True	False	False	geometric5	2745740	9	6	2026-07-31	9.233114625653547	8.675193307982214	0.03232036870699207	0.998777370619399	0.8394556583334353	0.6509794390186753	0.0
/rds/general/user/osella/home/rl-qecc-data/supervisedLearning/sweep2/g5_mix_66-96_H3_s3000.pth	3	3000	12	mixed	[(6, 6), (9, 6)]	True	True	False	False	geometric5	2745740	9	6	2026-07-31	9.258129380065306	8.675193307982214	0.034520500498277824	1.1286345493590995	0.8178429450023188	0.6260447776581751	0.04
/rds/general/user/osella/home/rl-qecc-data/supervisedLearning/sweep2/g5_mix_66-96_H3_s4000.pth	3	4000	12	mixed	[(6, 6), (9, 6)]	True	True	False	False	geometric5	2745740	9	6	2026-07-31	9.226472653078632	8.675193307982214	0.03229682740314189	1.0235101720855948	0.839018753825874	0.650524804403058	0.04
/rds/general/user/osella/home/rl-qecc-data/supervisedLearning/sweep2/g5_mix_66-96_H3_s466555.pth	3	466555	12	mixed	[(6, 6), (9, 6)]	True	True	False	False	geometric5	2745740	9	6	2026-07-31	9.238135960092277	8.675193307982214	0.03297481006639853	1.0480991763110568	0.8381261839031598	0.6497235053749898	0.06
/rds/general/user/osella/home/rl-qecc-data/supervisedLearning/sweep2/g5_mix_66-96_H3_s5000.pth	3	5000	12	mixed	[(6, 6), (9, 6)]	True	True	False	False	geometric5	2745740	9	6	2026-07-31	9.2329367483984	8.675193307982214	0.03223837877215909	0.9933194745924334	0.8397891818326144	0.6513570023027276	0.1
/rds/general/user/osella/home/rl-qecc-data/supervisedLearning/sweep2/g5_mix_66-96_H3_s54321.pth	3	54321	12	mixed	[(6, 6), (9, 6)]	True	True	False	False	geometric5	2745740	9	6	2026-07-31	9.240120778142865	8.675193307982214	0.03270055852457441	1.0293009762977168	0.8349548371614357	0.645815269091866	0.04
/rds/general/user/osella/home/rl-qecc-data/supervisedLearning/sweep2/g5_mix_66-96_H3_s6000.pth	3	6000	12	mixed	[(6, 6), (9, 6)]	True	True	False	False	geometric5	2745740	9	6	2026-07-31	9.241961329208545	8.675193307982214	0.033110141115030155	1.0843869828745953	0.8304091688088229	0.6409525651313414	0.0
/rds/general/user/osella/home/rl-qecc-data/supervisedLearning/sweep2/g5_mix_66-96_H3_s7134066.pth	3	7134066	12	mixed	[(6, 6), (9, 6)]	True	True	False	False	geometric5	2745740	9	6	2026-07-31	9.218376892144875	8.675193307982214	0.03201902423589804	0.9808021689934281	0.8404110723917116	0.6528414817943666	0.08
/rds/general/user/osella/home/rl-qecc-data/supervisedLearning/sweep2/g5_mix_66-96_H4_s1000.pth	4	1000	12	mixed	[(6, 6), (9, 6)]	True	True	False	False	geometric5	2745740	9	6	2026-07-31	9.273783523214572	8.675193307982214	0.03449302499025128	1.0982304617551455	0.81800361087757	0.6266517803636245	0.02
/rds/general/user/osella/home/rl-qecc-data/supervisedLearning/sweep2/g5_mix_66-96_H4_s12345.pth	4	12345	12	mixed	[(6, 6), (9, 6)]	True	True	False	False	geometric5	2745740	9	6	2026-07-31	9.26281403683421	8.675193307982214	0.03369783533659818	0.9497166575112764	0.8276108974678041	0.6379222062614271	0.06
/rds/general/user/osella/home/rl-qecc-data/supervisedLearning/sweep2/g5_mix_66-96_H4_s2000.pth	4	2000	12	mixed	[(6, 6), (9, 6)]	True	True	False	False	geometric5	2745740	9	6	2026-07-31	9.247391986404574	8.675193307982214	0.03359383156963138	1.137764727563725	0.826163179560861	0.6352674455974283	0.0
/rds/general/user/osella/home/rl-qecc-data/supervisedLearning/sweep2/g5_mix_66-96_H4_s3000.pth	4	3000	12	mixed	[(6, 6), (9, 6)]	True	True	False	False	geometric5	2745740	9	6	2026-07-31	9.230877561159929	8.675193307982214	0.03267476963513636	1.0410111101666932	0.837085432735755	0.6479759864061714	0.02
/rds/general/user/osella/home/rl-qecc-data/supervisedLearning/sweep2/g5_mix_66-96_H4_s4000.pth	4	4000	12	mixed	[(6, 6), (9, 6)]	True	True	False	False	geometric5	2745740	9	6	2026-07-31	9.219569976740855	8.675193307982214	0.031981316943505034	0.9418649465531415	0.8430603441156722	0.6550115461113158	0.0
/rds/general/user/osella/home/rl-qecc-data/supervisedLearning/sweep2/g5_mix_66-96_H4_s466555.pth	4	466555	12	mixed	[(6, 6), (9, 6)]	True	True	False	False	geometric5	2745740	9	6	2026-07-31	9.254259034842779	8.675193307982214	0.03365241183006767	0.9877318646867742	0.8329199187139887	0.6434531251546055	0.0
/rds/general/user/osella/home/rl-qecc-data/supervisedLearning/sweep2/g5_mix_66-96_H4_s5000.pth	4	5000	12	mixed	[(6, 6), (9, 6)]	True	True	False	False	geometric5	2745740	9	6	2026-07-31	9.274612462766015	8.675193307982214	0.03470464450983645	1.0644668325075335	0.8149208015313093	0.6234624061233875	0.08
/rds/general/user/osella/home/rl-qecc-data/supervisedLearning/sweep2/g5_mix_66-96_H4_s54321.pth	4	54321	12	mixed	[(6, 6), (9, 6)]	True	True	False	False	geometric5	2745740	9	6	2026-07-31	9.257655881312045	8.675193307982214	0.03360633157147288	0.9374768718398843	0.8297650371689468	0.6407497052913516	0.02
/rds/general/user/osella/home/rl-qecc-data/supervisedLearning/sweep2/g5_mix_66-96_H4_s6000.pth	4	6000	12	mixed	[(6, 6), (9, 6)]	True	True	False	False	geometric5	2745740	9	6	2026-07-31	9.226506565429409	8.675193307982214	0.032256944080416364	1.0083846398467746	0.840774608469032	0.6526033492561527	0.0
/rds/general/user/osella/home/rl-qecc-data/supervisedLearning/sweep2/g5_mix_66-96_H4_s7134066.pth	4	7134066	12	mixed	[(6, 6), (9, 6)]	True	True	False	False	geometric5	2745740	9	6	2026-07-31	9.271146781076267	8.675193307982214	0.0344109726828458	1.0009981447625722	0.8230010971998103	0.6325091552550786	0.0
/rds/general/user/osella/home/rl-qecc-data/supervisedLearning/sweep2/g5_mix_66-96_H6_s1000.pth	6	1000	12	mixed	[(6, 6), (9, 6)]	True	True	False	False	geometric5	2745740	9	6	2026-07-31	9.238665243075259	8.675193307982214	0.03285222122318087	1.093138024778986	0.8334214608331145	0.6442107052467747	0.06
/rds/general/user/osella/home/rl-qecc-data/supervisedLearning/sweep2/g5_mix_66-96_H6_s12345.pth	6	12345	12	mixed	[(6, 6), (9, 6)]	True	True	False	False	geometric5	2745740	9	6	2026-07-31	9.255079365422226	8.675193307982214	0.03398433794397059	1.0936544690204333	0.8275521232858867	0.6377579681963741	0.06
/rds/general/user/osella/home/rl-qecc-data/supervisedLearning/sweep2/g5_mix_66-96_H6_s2000.pth	6	2000	12	mixed	[(6, 6), (9, 6)]	True	True	False	False	geometric5	2745740	9	6	2026-07-31	9.253940547247076	8.675193307982214	0.03323956361240383	1.0730669771812567	0.8318424689501066	0.6420368971171121	0.08
/rds/general/user/osella/home/rl-qecc-data/supervisedLearning/sweep2/g5_mix_66-96_H6_s3000.pth	6	3000	12	mixed	[(6, 6), (9, 6)]	True	True	False	False	geometric5	2745740	9	6	2026-07-31	9.216645986311306	8.675193307982214	0.03169949755291581	0.9298245714761402	0.8453949995066683	0.6578526047845308	0.04
/rds/general/user/osella/home/rl-qecc-data/supervisedLearning/sweep2/g5_mix_66-96_H6_s4000.pth	6	4000	12	mixed	[(6, 6), (9, 6)]	True	True	False	False	geometric5	2745740	9	6	2026-07-31	9.279531473970058	8.675193307982214	0.035105132908922976	1.065151113981957	0.811553972489192	0.6191745103506505	0.02
/rds/general/user/osella/home/rl-qecc-data/supervisedLearning/sweep2/g5_mix_66-96_H6_s466555.pth	6	466555	12	mixed	[(6, 6), (9, 6)]	True	True	False	False	geometric5	2745740	9	6	2026-07-31	9.257119249952002	8.675193307982214	0.033824990437154964	0.9777420517616136	0.8251226686456579	0.6344959645737541	0.02
/rds/general/user/osella/home/rl-qecc-data/supervisedLearning/sweep2/g5_mix_66-96_H6_s5000.pth	6	5000	12	mixed	[(6, 6), (9, 6)]	True	True	False	False	geometric5	2745740	9	6	2026-07-31	9.23770975858083	8.675193307982214	0.03243032096531203	1.0359174889897929	0.8385788878759811	0.6503344666834343	0.06
/rds/general/user/osella/home/rl-qecc-data/supervisedLearning/sweep2/g5_mix_66-96_H6_s54321.pth	6	54321	12	mixed	[(6, 6), (9, 6)]	True	True	False	False	geometric5	2745740	9	6	2026-07-31	9.270567045740176	8.675193307982214	0.03440567264816022	1.012179725280994	0.8187034297472634	0.6277274848922257	0.04
/rds/general/user/osella/home/rl-qecc-data/supervisedLearning/sweep2/g5_mix_66-96_H6_s6000.pth	6	6000	12	mixed	[(6, 6), (9, 6)]	True	True	False	False	geometric5	2745740	9	6	2026-07-31	9.300147202172539	8.675193307982214	0.036030004148720395	1.1493505672399795	0.8059265777722301	0.6134369105816583	0.02
/rds/general/user/osella/home/rl-qecc-data/supervisedLearning/sweep2/g5_mix_66-96_H6_s7134066.pth	6	7134066	12	mixed	[(6, 6), (9, 6)]	True	True	False	False	geometric5	2745740	9	6	2026-07-31	9.226682590258525	8.675193307982214	0.032081824967137094	0.9506436717425388	0.8411816037902243	0.6534909775943869	0.02
/rds/general/user/osella/home/rl-qecc-data/supervisedLearning/sweep2/g5_mix_66-96_H7_s1000.pth	7	1000	12	mixed	[(6, 6), (9, 6)]	True	True	False	False	geometric5	2745740	9	6	2026-07-31	9.26530723420427	8.675193307982214	0.034113256151312644	0.9983715938034963	0.8232784768398875	0.6322983993169922	0.02
/rds/general/user/osella/home/rl-qecc-data/supervisedLearning/sweep2/g5_mix_66-96_H7_s12345.pth	7	12345	12	mixed	[(6, 6), (9, 6)]	True	True	False	False	geometric5	2745740	9	6	2026-07-31	9.282299133556505	8.675193307982214	0.03446952800680871	0.9870356876645708	0.820527374301371	0.6299882590897569	0.08
/rds/general/user/osella/home/rl-qecc-data/supervisedLearning/sweep2/g5_mix_66-96_H7_s2000.pth	7	2000	12	mixed	[(6, 6), (9, 6)]	True	True	False	False	geometric5	2745740	9	6	2026-07-31	9.244487209965618	8.675193307982214	0.03269879930098793	1.0103585975017155	0.8353650863404608	0.6468513008683857	0.1
/rds/general/user/osella/home/rl-qecc-data/supervisedLearning/sweep2/g5_mix_66-96_H7_s3000.pth	7	3000	12	mixed	[(6, 6), (9, 6)]	True	True	False	False	geometric5	2745740	9	6	2026-07-31	9.226176892383988	8.675193307982214	0.0327376219422371	1.0379197700598202	0.8350122467337803	0.6455787954322532	0.02
/rds/general/user/osella/home/rl-qecc-data/supervisedLearning/sweep2/g5_mix_66-96_H7_s4000.pth	7	4000	12	mixed	[(6, 6), (9, 6)]	True	True	False	False	geometric5	2745740	9	6	2026-07-31	9.229518535173787	8.675193307982214	0.03242272782735037	1.0224669732538354	0.8384881938842401	0.6495998295052714	0.08
/rds/general/user/osella/home/rl-qecc-data/supervisedLearning/sweep2/g5_mix_66-96_H7_s466555.pth	7	466555	12	mixed	[(6, 6), (9, 6)]	True	True	False	False	geometric5	2745740	9	6	2026-07-31	9.283053139142424	8.675193307982214	0.035198620439226114	1.207367953815053	0.8242314535754637	0.6336066164034696	0.08
/rds/general/user/osella/home/rl-qecc-data/supervisedLearning/sweep2/g5_mix_66-96_H7_s5000.pth	7	5000	12	mixed	[(6, 6), (9, 6)]	True	True	False	False	geometric5	2745740	9	6	2026-07-31	9.228777218155079	8.675193307982214	0.03276916294122915	1.0646160041110992	0.835883071420443	0.6463779301181866	0.04
/rds/general/user/osella/home/rl-qecc-data/supervisedLearning/sweep2/g5_mix_66-96_H7_s54321.pth	7	54321	12	mixed	[(6, 6), (9, 6)]	True	True	False	False	geometric5	2745740	9	6	2026-07-31	9.223471955049167	8.675193307982214	0.031930009807958515	0.9709775000323277	0.8430282214768553	0.6549428637965568	0.02
/rds/general/user/osella/home/rl-qecc-data/supervisedLearning/sweep2/g5_mix_66-96_H7_s6000.pth	7	6000	12	mixed	[(6, 6), (9, 6)]	True	True	False	False	geometric5	2745740	9	6	2026-07-31	9.274648138537298	8.675193307982214	0.03433641439193203	1.0587417915380632	0.8204882573344102	0.6292621083349323	0.0
/rds/general/user/osella/home/rl-qecc-data/supervisedLearning/sweep2/g5_mix_66-96_H7_s7134066.pth	7	7134066	12	mixed	[(6, 6), (9, 6)]	True	True	False	False	geometric5	2745740	9	6	2026-07-31	9.271993385632797	8.675193307982214	0.034039842094548516	0.9993632911735354	0.823966578261811	0.6330310340440538	0.0
/rds/general/user/osella/home/rl-qecc-data/supervisedLearning/sweep2/g5_mix_66_H10_s1000.pth	10	1000	24	mixed	[(6, 6)]	True	False	False	False	geometric5	2745740	9	6	2026-07-31	10.130611081090501	8.675193307982214	0.06446747926681133	1.8199628728906847	0.6374324527768372	0.4645952451504685	0.0
/rds/general/user/osella/home/rl-qecc-data/supervisedLearning/sweep2/g5_mix_66_H10_s12345.pth	10	12345	24	mixed	[(6, 6)]	True	False	False	False	geometric5	2745740	9	6	2026-07-31	9.985171038466113	8.675193307982214	0.05728646249172075	1.9537687387789977	0.5881790307530789	0.41936578770271254	0.0
/rds/general/user/osella/home/rl-qecc-data/supervisedLearning/sweep2/g5_mix_66_H10_s2000.pth	10	2000	24	mixed	[(6, 6)]	True	False	False	False	geometric5	2745740	9	6	2026-07-31	10.329584674891612	8.675193307982214	0.06037678218563011	2.850070983939776	0.5978494284786643	0.4323702407719509	0.0
/rds/general/user/osella/home/rl-qecc-data/supervisedLearning/sweep2/g5_mix_66_H10_s3000.pth	10	3000	24	mixed	[(6, 6)]	True	False	False	False	geometric5	2745740	9	6	2026-07-31	10.045383368235973	8.675193307982214	0.0659157337156333	1.7063566507006525	0.6213366443619794	0.4486089360767374	0.0
/rds/general/user/osella/home/rl-qecc-data/supervisedLearning/sweep2/g5_mix_66_H10_s4000.pth	10	4000	24	mixed	[(6, 6)]	True	False	False	False	geometric5	2745740	9	6	2026-07-31	10.03949011680964	8.675193307982214	0.06252558562518795	1.915299591909318	0.6349450956793273	0.45842275038606806	0.02
/rds/general/user/osella/home/rl-qecc-data/supervisedLearning/sweep2/g5_mix_66_H10_s466555.pth	10	466555	24	mixed	[(6, 6)]	True	False	False	False	geometric5	2745740	9	6	2026-07-31	10.168586800205516	8.675193307982214	0.05675981955406962	1.9154169566019394	0.6010455262255257	0.4319963821939768	0.0
/rds/general/user/osella/home/rl-qecc-data/supervisedLearning/sweep2/g5_mix_66_H10_s5000.pth	10	5000	24	mixed	[(6, 6)]	True	False	False	False	geometric5	2745740	9	6	2026-07-31	10.257308192064428	8.675193307982214	0.06372178553338155	2.135407459962893	0.6062644802123751	0.4424421452251889	0.0
/rds/general/user/osella/home/rl-qecc-data/supervisedLearning/sweep2/g5_mix_66_H10_s54321.pth	10	54321	24	mixed	[(6, 6)]	True	False	False	False	geometric5	2745740	9	6	2026-07-31	10.117622952590402	8.675193307982214	0.07036072249788727	1.9363663039434387	0.5945116491558731	0.42517681300962595	0.0
/rds/general/user/osella/home/rl-qecc-data/supervisedLearning/sweep2/g5_mix_66_H10_s6000.pth	10	6000	24	mixed	[(6, 6)]	True	False	False	False	geometric5	2745740	9	6	2026-07-31	10.096735051496905	8.675193307982214	0.06688204144191286	2.229566441887007	0.6375407468827956	0.4584545090243377	0.0
/rds/general/user/osella/home/rl-qecc-data/supervisedLearning/sweep2/g5_mix_66_H10_s7134066.pth	10	7134066	24	mixed	[(6, 6)]	True	False	False	False	geometric5	2745740	9	6	2026-07-31	10.587113952301868	8.675193307982214	0.0616103431072795	2.9945273729343516	0.48501885303985237	0.34237034521165244	0.0
/rds/general/user/osella/home/rl-qecc-data/supervisedLearning/sweep2/g5_mix_66_H3_s1000.pth	3	1000	24	mixed	[(6, 6)]	True	False	False	False	geometric5	2745740	9	6	2026-07-31	10.488547621494591	8.675193307982214	0.05752999323307238	2.8287752342721277	0.596402650653804	0.4337922886232264	0.04
/rds/general/user/osella/home/rl-qecc-data/supervisedLearning/sweep2/g5_mix_66_H3_s12345.pth	3	12345	24	mixed	[(6, 6)]	True	False	False	False	geometric5	2745740	9	6	2026-07-31	10.3655525632603	8.675193307982214	0.07660841000679922	1.92338718075293	0.6000978197042974	0.42995743426146316	0.02
/rds/general/user/osella/home/rl-qecc-data/supervisedLearning/sweep2/g5_mix_66_H3_s2000.pth	3	2000	24	mixed	[(6, 6)]	True	False	False	False	geometric5	2745740	9	6	2026-07-31	10.371068752077669	8.675193307982214	0.0800483629356904	1.9458129609361696	0.6527048734565952	0.4722145731285065	0.0
/rds/general/user/osella/home/rl-qecc-data/supervisedLearning/sweep2/g5_mix_66_H3_s3000.pth	3	3000	24	mixed	[(6, 6)]	True	False	False	False	geometric5	2745740	9	6	2026-07-31	10.196127575164294	8.675193307982214	0.062682612416795	2.076203974032012	0.6389782596411789	0.4635008887061957	0.04
/rds/general/user/osella/home/rl-qecc-data/supervisedLearning/sweep2/g5_mix_66_H3_s4000.pth	3	4000	24	mixed	[(6, 6)]	True	False	False	False	geometric5	2745740	9	6	2026-07-31	10.362556225373556	8.675193307982214	0.07456307710522259	2.0080531101283614	0.5914719728436809	0.42450110736075136	0.02
/rds/general/user/osella/home/rl-qecc-data/supervisedLearning/sweep2/g5_mix_66_H3_s466555.pth	3	466555	24	mixed	[(6, 6)]	True	False	False	False	geometric5	2745740	9	6	2026-07-31	10.112186549682656	8.675193307982214	0.06040504032667358	2.0778192764264185	0.6494061655877483	0.47192469480799115	0.02
/rds/general/user/osella/home/rl-qecc-data/supervisedLearning/sweep2/g5_mix_66_H3_s5000.pth	3	5000	24	mixed	[(6, 6)]	True	False	False	False	geometric5	2745740	9	6	2026-07-31	10.174928850215982	8.675193307982214	0.06836222800614151	1.852114019152215	0.6596216645175148	0.48212000051981974	0.02
/rds/general/user/osella/home/rl-qecc-data/supervisedLearning/sweep2/g5_mix_66_H3_s54321.pth	3	54321	24	mixed	[(6, 6)]	True	False	False	False	geometric5	2745740	9	6	2026-07-31	10.518153354433556	8.675193307982214	0.08508962219882553	1.9199338996118267	0.6391642865829188	0.4637123856641541	0.02
/rds/general/user/osella/home/rl-qecc-data/supervisedLearning/sweep2/g5_mix_66_H3_s6000.pth	3	6000	24	mixed	[(6, 6)]	True	False	False	False	geometric5	2745740	9	6	2026-07-31	10.300293624804496	8.675193307982214	0.06991897296498743	2.1213142484004277	0.6155776201275449	0.445020596192457	0.0
/rds/general/user/osella/home/rl-qecc-data/supervisedLearning/sweep2/g5_mix_66_H3_s7134066.pth	3	7134066	24	mixed	[(6, 6)]	True	False	False	False	geometric5	2745740	9	6	2026-07-31	10.531290471460666	8.675193307982214	0.07480561792654837	2.2399314810512	0.6205259537010983	0.4498674332763577	0.06
/rds/general/user/osella/home/rl-qecc-data/supervisedLearning/sweep2/g5_mix_66_H4_s1000.pth	4	1000	24	mixed	[(6, 6)]	True	False	False	False	geometric5	2745740	9	6	2026-07-31	11.464454308755897	8.675193307982214	0.09462344189066839	2.338776071737914	0.46128693407268445	0.32874034776481675	0.0
/rds/general/user/osella/home/rl-qecc-data/supervisedLearning/sweep2/g5_mix_66_H4_s12345.pth	4	12345	24	mixed	[(6, 6)]	True	False	False	False	geometric5	2745740	9	6	2026-07-31	10.188027232712884	8.675193307982214	0.07104427516728856	2.0945200237460804	0.7080484394304957	0.5191882697020014	0.02
/rds/general/user/osella/home/rl-qecc-data/supervisedLearning/sweep2/g5_mix_66_H4_s2000.pth	4	2000	24	mixed	[(6, 6)]	True	False	False	False	geometric5	2745740	9	6	2026-07-31	10.19569517956672	8.675193307982214	0.06741606549201158	2.0684423384195587	0.6447815983546026	0.4685495641359135	0.02
/rds/general/user/osella/home/rl-qecc-data/supervisedLearning/sweep2/g5_mix_66_H4_s3000.pth	4	3000	24	mixed	[(6, 6)]	True	False	False	False	geometric5	2745740	9	6	2026-07-31	10.228462796871305	8.675193307982214	0.06357101970042882	2.303468917125079	0.660851480531921	0.48476921505832454	0.02
/rds/general/user/osella/home/rl-qecc-data/supervisedLearning/sweep2/g5_mix_66_H4_s4000.pth	4	4000	24	mixed	[(6, 6)]	True	False	False	False	geometric5	2745740	9	6	2026-07-31	9.958541978722275	8.675193307982214	0.05519623728602291	1.8900425636549176	0.6472218553648348	0.47110170307286414	0.02
/rds/general/user/osella/home/rl-qecc-data/supervisedLearning/sweep2/g5_mix_66_H4_s466555.pth	4	466555	24	mixed	[(6, 6)]	True	False	False	False	geometric5	2745740	9	6	2026-07-31	10.423723258226355	8.675193307982214	0.065026026798224	2.3971352413354117	0.6448975717293607	0.471492016062262	0.04
/rds/general/user/osella/home/rl-qecc-data/supervisedLearning/sweep2/g5_mix_66_H4_s5000.pth	4	5000	24	mixed	[(6, 6)]	True	False	False	False	geometric5	2745740	9	6	2026-07-31	10.16979294709413	8.675193307982214	0.06646469008920725	1.9808290610730679	0.6503675020738998	0.47159180377384496	0.0
/rds/general/user/osella/home/rl-qecc-data/supervisedLearning/sweep2/g5_mix_66_H4_s54321.pth	4	54321	24	mixed	[(6, 6)]	True	False	False	False	geometric5	2745740	9	6	2026-07-31	10.081720085021823	8.675193307982214	0.056141600388088325	2.416883195243911	0.6965345225988522	0.5117654363789367	0.02
/rds/general/user/osella/home/rl-qecc-data/supervisedLearning/sweep2/g5_mix_66_H4_s6000.pth	4	6000	24	mixed	[(6, 6)]	True	False	False	False	geometric5	2745740	9	6	2026-07-31	10.185344334008523	8.675193307982214	0.0733781899751621	1.93640391607869	0.6676091333577475	0.48585145050097506	0.0
/rds/general/user/osella/home/rl-qecc-data/supervisedLearning/sweep2/g5_mix_66_H4_s7134066.pth	4	7134066	24	mixed	[(6, 6)]	True	False	False	False	geometric5	2745740	9	6	2026-07-31	10.646169845606302	8.675193307982214	0.07615488625410607	2.4152615352264952	0.5351405316975211	0.3808660233920144	0.02
/rds/general/user/osella/home/rl-qecc-data/supervisedLearning/sweep2/g5_mix_66_H6_s1000.pth	6	1000	24	mixed	[(6, 6)]	True	False	False	False	geometric5	2745740	9	6	2026-07-31	10.255463774142113	8.675193307982214	0.0772786445882027	1.8618489816870496	0.6311699276176447	0.4562412347807086	0.0
/rds/general/user/osella/home/rl-qecc-data/supervisedLearning/sweep2/g5_mix_66_H6_s12345.pth	6	12345	24	mixed	[(6, 6)]	True	False	False	False	geometric5	2745740	9	6	2026-07-31	10.373105370933924	8.675193307982214	0.07722328564162977	1.947210170564247	0.6364640010377227	0.46225860737345764	0.04
/rds/general/user/osella/home/rl-qecc-data/supervisedLearning/sweep2/g5_mix_66_H6_s2000.pth	6	2000	24	mixed	[(6, 6)]	True	False	False	False	geometric5	2745740	9	6	2026-07-31	10.312329766029366	8.675193307982214	0.057256835992534796	2.105336251098697	0.5917128882786789	0.42601369866283934	0.0
/rds/general/user/osella/home/rl-qecc-data/supervisedLearning/sweep2/g5_mix_66_H6_s3000.pth	6	3000	24	mixed	[(6, 6)]	True	False	False	False	geometric5	2745740	9	6	2026-07-31	9.99880207985421	8.675193307982214	0.06353285017209688	2.0404155177773258	0.6532649286339021	0.47250401713582046	0.0
/rds/general/user/osella/home/rl-qecc-data/supervisedLearning/sweep2/g5_mix_66_H6_s4000.pth	6	4000	24	mixed	[(6, 6)]	True	False	False	False	geometric5	2745740	9	6	2026-07-31	10.061860369395152	8.675193307982214	0.05724573944288112	2.092801082562134	0.6347797057361995	0.45994071528914826	0.04
/rds/general/user/osella/home/rl-qecc-data/supervisedLearning/sweep2/g5_mix_66_H6_s466555.pth	6	466555	24	mixed	[(6, 6)]	True	False	False	False	geometric5	2745740	9	6	2026-07-31	10.747402899278006	8.675193307982214	0.06731693875068738	2.8451662324782436	0.5276580641006222	0.3759603185318395	0.04
/rds/general/user/osella/home/rl-qecc-data/supervisedLearning/sweep2/g5_mix_66_H6_s5000.pth	6	5000	24	mixed	[(6, 6)]	True	False	False	False	geometric5	2745740	9	6	2026-07-31	10.3879129701525	8.675193307982214	0.06516556305266963	2.1865466277211776	0.6018654752821123	0.4365830623804914	0.0
/rds/general/user/osella/home/rl-qecc-data/supervisedLearning/sweep2/g5_mix_66_H6_s54321.pth	6	54321	24	mixed	[(6, 6)]	True	False	False	False	geometric5	2745740	9	6	2026-07-31	10.457779979379694	8.675193307982214	0.05615506512737959	2.111270912569562	0.5951702143554886	0.43290584297759377	0.02
/rds/general/user/osella/home/rl-qecc-data/supervisedLearning/sweep2/g5_mix_66_H6_s6000.pth	6	6000	24	mixed	[(6, 6)]	True	False	False	False	geometric5	2745740	9	6	2026-07-31	10.26084951517432	8.675193307982214	0.06560636520412293	2.1896317923930027	0.5797977829751666	0.4154656542926955	0.0
/rds/general/user/osella/home/rl-qecc-data/supervisedLearning/sweep2/g5_mix_66_H6_s7134066.pth	6	7134066	24	mixed	[(6, 6)]	True	False	False	False	geometric5	2745740	9	6	2026-07-31	10.082313494974994	8.675193307982214	0.0676953409834428	1.8117735096845222	0.6519506743478646	0.47315134825696664	0.0
/rds/general/user/osella/home/rl-qecc-data/supervisedLearning/sweep2/g5_mix_66_H7_s1000.pth	7	1000	24	mixed	[(6, 6)]	True	False	False	False	geometric5	2745740	9	6	2026-07-31	10.378367942675125	8.675193307982214	0.07431659726186715	2.052407145062375	0.6434639655774866	0.4707355756365249	0.02
/rds/general/user/osella/home/rl-qecc-data/supervisedLearning/sweep2/g5_mix_66_H7_s12345.pth	7	12345	24	mixed	[(6, 6)]	True	False	False	False	geometric5	2745740	9	6	2026-07-31	10.005214952702097	8.675193307982214	0.05789268889894633	1.8980868321185291	0.6394186519040619	0.4637112126280514	0.0
/rds/general/user/osella/home/rl-qecc-data/supervisedLearning/sweep2/g5_mix_66_H7_s2000.pth	7	2000	24	mixed	[(6, 6)]	True	False	False	False	geometric5	2745740	9	6	2026-07-31	11.05314061444001	8.675193307982214	0.0588941736052311	3.9592881892997274	0.5339926541732513	0.38158927162529915	0.02
/rds/general/user/osella/home/rl-qecc-data/supervisedLearning/sweep2/g5_mix_66_H7_s3000.pth	7	3000	24	mixed	[(6, 6)]	True	False	False	False	geometric5	2745740	9	6	2026-07-31	10.074234531564509	8.675193307982214	0.05108973330321984	2.046686749673153	0.635320963250953	0.4617588995118672	0.0
/rds/general/user/osella/home/rl-qecc-data/supervisedLearning/sweep2/g5_mix_66_H7_s4000.pth	7	4000	24	mixed	[(6, 6)]	True	False	False	False	geometric5	2745740	9	6	2026-07-31	9.934878405551341	8.675193307982214	0.06148756875332299	1.86180504108635	0.6961102611992691	0.509124134871647	0.0
/rds/general/user/osella/home/rl-qecc-data/supervisedLearning/sweep2/g5_mix_66_H7_s466555.pth	7	466555	24	mixed	[(6, 6)]	True	False	False	False	geometric5	2745740	9	6	2026-07-31	10.456708826721506	8.675193307982214	0.07971706425492803	2.114095074616963	0.6150698304984097	0.44098395310256855	0.02
/rds/general/user/osella/home/rl-qecc-data/supervisedLearning/sweep2/g5_mix_66_H7_s5000.pth	7	5000	24	mixed	[(6, 6)]	True	False	False	False	geometric5	2745740	9	6	2026-07-31	10.391895006584866	8.675193307982214	0.0547762741810876	2.3858099317594856	0.6084825561942434	0.4420577735652649	0.0
/rds/general/user/osella/home/rl-qecc-data/supervisedLearning/sweep2/g5_mix_66_H7_s54321.pth	7	54321	24	mixed	[(6, 6)]	True	False	False	False	geometric5	2745740	9	6	2026-07-31	10.253963513055051	8.675193307982214	0.07493946372194667	1.7558988469601566	0.6482091416246525	0.46792562079339284	0.02
/rds/general/user/osella/home/rl-qecc-data/supervisedLearning/sweep2/g5_mix_66_H7_s6000.pth	7	6000	24	mixed	[(6, 6)]	True	False	False	False	geometric5	2745740	9	6	2026-07-31	10.170780992254796	8.675193307982214	0.07158996771392409	1.8288419516676933	0.6166154799817367	0.44429092534346476	0.02
/rds/general/user/osella/home/rl-qecc-data/supervisedLearning/sweep2/g5_mix_66_H7_s7134066.pth	7	7134066	24	mixed	[(6, 6)]	True	False	False	False	geometric5	2745740	9	6	2026-07-31	10.963873038790505	8.675193307982214	0.059650727601577413	3.913227105860134	0.5252839065035989	0.3771560423786722	0.02
/rds/general/user/osella/home/rl-qecc-data/supervisedLearning/sweep2/g5_ground_anch_H10_s1000.pth	10	1000	2	groundAnchored	[(6, 6), (9, 6), (12, 6), (15, 3)]	True	True	True	True	geometric5	4412297	15	3	2026-07-31	12.678424473500419	10.427155327325462	0.059156827675206566	1.8030127785271994	0.5702603103591836	0.40392889008947114	0.0
/rds/general/user/osella/home/rl-qecc-data/supervisedLearning/sweep2/g5_ground_anch_H10_s12345.pth	10	12345	2	groundAnchored	[(6, 6), (9, 6), (12, 6), (15, 3)]	True	True	True	True	geometric5	4412297	15	3	2026-07-31	13.752630235351997	10.427155327325462	0.06437146028982155	1.8054641584273132	0.4178106698958064	0.28708663163159975	0.02
/rds/general/user/osella/home/rl-qecc-data/supervisedLearning/sweep2/g5_ground_anch_H10_s2000.pth	10	2000	2	groundAnchored	[(6, 6), (9, 6), (12, 6), (15, 3)]	True	True	True	True	geometric5	4412297	15	3	2026-07-31	14.35592559913597	10.427155327325462	0.12123885476671975	1.8231383664560303	0.4735165920923462	0.33353486067593513	0.02
/rds/general/user/osella/home/rl-qecc-data/supervisedLearning/sweep2/g5_ground_anch_H10_s3000.pth	10	3000	2	groundAnchored	[(6, 6), (9, 6), (12, 6), (15, 3)]	True	True	True	True	geometric5	4412297	15	3	2026-07-31	13.284407076904847	10.427155327325462	0.09184176183501001	1.809247339559113	0.5331597303701502	0.3754889054949098	0.0
/rds/general/user/osella/home/rl-qecc-data/supervisedLearning/sweep2/g5_ground_anch_H10_s4000.pth	10	4000	2	groundAnchored	[(6, 6), (9, 6), (12, 6), (15, 3)]	True	True	True	True	geometric5	4412297	15	3	2026-07-31	19.553611506058907	10.427155327325462	0.08479790008743646	1.8163150296833177	0.34185069080388797	0.23521907185037028	0.04
/rds/general/user/osella/home/rl-qecc-data/supervisedLearning/sweep2/g5_ground_anch_H10_s466555.pth	10	466555	2	groundAnchored	[(6, 6), (9, 6), (12, 6), (15, 3)]	True	True	True	True	geometric5	4412297	15	3	2026-07-31	12.90937875821825	10.427155327325462	0.07110082281715575	1.8121675969935707	0.3265005691025538	0.2251739403384024	0.0
/rds/general/user/osella/home/rl-qecc-data/supervisedLearning/sweep2/g5_ground_anch_H10_s5000.pth	10	5000	2	groundAnchored	[(6, 6), (9, 6), (12, 6), (15, 3)]	True	True	True	True	geometric5	4412297	15	3	2026-07-31	12.899280178359037	10.427155327325462	0.08370241398862703	1.8250687786549984	0.5610720782018904	0.39723678429572834	0.0
/rds/general/user/osella/home/rl-qecc-data/supervisedLearning/sweep2/g5_ground_anch_H10_s54321.pth	10	54321	2	groundAnchored	[(6, 6), (9, 6), (12, 6), (15, 3)]	True	True	True	True	geometric5	4412297	15	3	2026-07-31	12.807153492706965	10.427155327325462	0.07937951085295439	1.8166830017255462	0.46486886523249016	0.3243151772862159	0.02
/rds/general/user/osella/home/rl-qecc-data/supervisedLearning/sweep2/g5_ground_anch_H10_s6000.pth	10	6000	2	groundAnchored	[(6, 6), (9, 6), (12, 6), (15, 3)]	True	True	True	True	geometric5	4412297	15	3	2026-07-31	13.063678838135612	10.427155327325462	0.062108796018018254	1.805368026536614	0.30613774781786973	0.21207586744063842	0.02
/rds/general/user/osella/home/rl-qecc-data/supervisedLearning/sweep2/g5_ground_anch_H10_s7134066.pth	10	7134066	2	groundAnchored	[(6, 6), (9, 6), (12, 6), (15, 3)]	True	True	True	True	geometric5	4412297	15	3	2026-07-31	14.808223283722754	10.427155327325462	0.07478094618884104	1.8113304385183204	0.3899878631207364	0.2714171333912103	0.0
/rds/general/user/osella/home/rl-qecc-data/supervisedLearning/sweep2/g5_ground_anch_H3_s1000.pth	3	1000	2	groundAnchored	[(6, 6), (9, 6), (12, 6), (15, 3)]	True	True	True	True	geometric5	4412297	15	3	2026-07-31	12.946523576835814	10.427155327325462	0.07662512047123898	1.802772319948828	0.48099285142478554	0.3349495624173094	0.0
/rds/general/user/osella/home/rl-qecc-data/supervisedLearning/sweep2/g5_ground_anch_H3_s12345.pth	3	12345	2	groundAnchored	[(6, 6), (9, 6), (12, 6), (15, 3)]	True	True	True	True	geometric5	4412297	15	3	2026-07-31	15.996053834383229	10.427155327325462	0.06370850159419629	1.8048016937639253	0.36772065086394595	0.2541452975137674	0.02
/rds/general/user/osella/home/rl-qecc-data/supervisedLearning/sweep2/g5_ground_anch_H3_s2000.pth	3	2000	2	groundAnchored	[(6, 6), (9, 6), (12, 6), (15, 3)]	True	True	True	True	geometric5	4412297	15	3	2026-07-31	14.855060907389937	10.427155327325462	0.12624213704238443	1.8286037674285747	0.5035769412471953	0.352659636487437	0.0
/rds/general/user/osella/home/rl-qecc-data/supervisedLearning/sweep2/g5_ground_anch_H3_s3000.pth	3	3000	2	groundAnchored	[(6, 6), (9, 6), (12, 6), (15, 3)]	True	True	True	True	geometric5	4412297	15	3	2026-07-31	12.83658273168964	10.427155327325462	0.06748022425824664	1.8255797375396579	0.3801433962639685	0.2655796621200436	0.0
/rds/general/user/osella/home/rl-qecc-data/supervisedLearning/sweep2/g5_ground_anch_H3_s4000.pth	3	4000	2	groundAnchored	[(6, 6), (9, 6), (12, 6), (15, 3)]	True	True	True	True	geometric5	4412297	15	3	2026-07-31	13.023380478325766	10.427155327325462	0.08896937779524289	1.8382625477617007	0.5180603157016341	0.3646609160886279	0.0
/rds/general/user/osella/home/rl-qecc-data/supervisedLearning/sweep2/g5_ground_anch_H3_s466555.pth	3	466555	2	groundAnchored	[(6, 6), (9, 6), (12, 6), (15, 3)]	True	True	True	True	geometric5	4412297	15	3	2026-07-31	13.462148887090184	10.427155327325462	0.1113689320027855	1.8188214568944678	0.470179114517639	0.329697110424956	0.02
/rds/general/user/osella/home/rl-qecc-data/supervisedLearning/sweep2/g5_ground_anch_H3_s5000.pth	3	5000	2	groundAnchored	[(6, 6), (9, 6), (12, 6), (15, 3)]	True	True	True	True	geometric5	4412297	15	3	2026-07-31	14.256197357944858	10.427155327325462	0.06193044902403102	1.822980309984409	0.46277332085205525	0.32435439066632565	0.0
/rds/general/user/osella/home/rl-qecc-data/supervisedLearning/sweep2/g5_ground_anch_H3_s54321.pth	3	54321	2	groundAnchored	[(6, 6), (9, 6), (12, 6), (15, 3)]	True	True	True	True	geometric5	4412297	15	3	2026-07-31	13.373534523382778	10.427155327325462	0.09114049493919402	1.813741969379907	0.555590123417797	0.39293154666099744	0.02
/rds/general/user/osella/home/rl-qecc-data/supervisedLearning/sweep2/g5_ground_anch_H3_s6000.pth	3	6000	2	groundAnchored	[(6, 6), (9, 6), (12, 6), (15, 3)]	True	True	True	True	geometric5	4412297	15	3	2026-07-31	13.293050958919709	10.427155327325462	0.09872608302966583	1.8292514920790457	0.4053186749053628	0.28346193598341923	0.0
/rds/general/user/osella/home/rl-qecc-data/supervisedLearning/sweep2/g5_ground_anch_H3_s7134066.pth	3	7134066	2	groundAnchored	[(6, 6), (9, 6), (12, 6), (15, 3)]	True	True	True	True	geometric5	4412297	15	3	2026-07-31	14.189530299357662	10.427155327325462	0.10893774446564976	1.8206475384090222	0.5466011199468743	0.38403565794110645	0.02
/rds/general/user/osella/home/rl-qecc-data/supervisedLearning/sweep2/g5_ground_anch_H4_s1000.pth	4	1000	2	groundAnchored	[(6, 6), (9, 6), (12, 6), (15, 3)]	True	True	True	True	geometric5	4412297	15	3	2026-07-31	14.05516974472324	10.427155327325462	0.11673979873037524	1.8306278109980405	0.4427559622894295	0.30692467708140037	0.02
/rds/general/user/osella/home/rl-qecc-data/supervisedLearning/sweep2/g5_ground_anch_H4_s12345.pth	4	12345	2	groundAnchored	[(6, 6), (9, 6), (12, 6), (15, 3)]	True	True	True	True	geometric5	4412297	15	3	2026-07-31	13.365729479288989	10.427155327325462	0.08492160653725707	1.803536885365462	0.4920697270100367	0.3438064513491017	0.02
/rds/general/user/osella/home/rl-qecc-data/supervisedLearning/sweep2/g5_ground_anch_H4_s2000.pth	4	2000	2	groundAnchored	[(6, 6), (9, 6), (12, 6), (15, 3)]	True	True	True	True	geometric5	4412297	15	3	2026-07-31	15.461048649547068	10.427155327325462	0.07771597684639701	1.8205143977398945	0.28371458312070114	0.19243033364462855	0.0
/rds/general/user/osella/home/rl-qecc-data/supervisedLearning/sweep2/g5_ground_anch_H4_s3000.pth	4	3000	2	groundAnchored	[(6, 6), (9, 6), (12, 6), (15, 3)]	True	True	True	True	geometric5	4412297	15	3	2026-07-31	13.054855250807302	10.427155327325462	0.08665255552631433	1.8227539432579942	0.5214232762837208	0.3681283612656256	0.02
/rds/general/user/osella/home/rl-qecc-data/supervisedLearning/sweep2/g5_ground_anch_H4_s4000.pth	4	4000	2	groundAnchored	[(6, 6), (9, 6), (12, 6), (15, 3)]	True	True	True	True	geometric5	4412297	15	3	2026-07-31	13.463164851183855	10.427155327325462	0.0721299265457007	1.8162078047525196	0.3386633813982012	0.23627578535390711	0.0
/rds/general/user/osella/home/rl-qecc-data/supervisedLearning/sweep2/g5_ground_anch_H4_s466555.pth	4	466555	2	groundAnchored	[(6, 6), (9, 6), (12, 6), (15, 3)]	True	True	True	True	geometric5	4412297	15	3	2026-07-31	13.3894011695572	10.427155327325462	0.07610576020283917	1.8201463706544554	0.49115648166764025	0.3442258778933619	0.08
/rds/general/user/osella/home/rl-qecc-data/supervisedLearning/sweep2/g5_ground_anch_H4_s5000.pth	4	5000	2	groundAnchored	[(6, 6), (9, 6), (12, 6), (15, 3)]	True	True	True	True	geometric5	4412297	15	3	2026-07-31	13.768976841833323	10.427155327325462	0.1033119029588158	1.8204589466046364	0.5183097252800988	0.3644987591522872	0.0
/rds/general/user/osella/home/rl-qecc-data/supervisedLearning/sweep2/g5_ground_anch_H4_s54321.pth	4	54321	2	groundAnchored	[(6, 6), (9, 6), (12, 6), (15, 3)]	True	True	True	True	geometric5	4412297	15	3	2026-07-31	12.579528498507694	10.427155327325462	0.0603727852740016	1.8265194232809807	0.5135008260382066	0.35892500743286887	0.04
/rds/general/user/osella/home/rl-qecc-data/supervisedLearning/sweep2/g5_ground_anch_H4_s6000.pth	4	6000	2	groundAnchored	[(6, 6), (9, 6), (12, 6), (15, 3)]	True	True	True	True	geometric5	4412297	15	3	2026-07-31	12.83282333264393	10.427155327325462	0.07413460584003614	1.8247114253845624	0.4558669529754512	0.318506844571329	0.0
/rds/general/user/osella/home/rl-qecc-data/supervisedLearning/sweep2/g5_ground_anch_H4_s7134066.pth	4	7134066	2	groundAnchored	[(6, 6), (9, 6), (12, 6), (15, 3)]	True	True	True	True	geometric5	4412297	15	3	2026-07-31	12.381419878880209	10.427155327325462	0.07056225483979438	1.8072926451771376	0.47941310816773475	0.33490697249185425	0.0
/rds/general/user/osella/home/rl-qecc-data/supervisedLearning/sweep2/g5_ground_anch_H6_s1000.pth	6	1000	2	groundAnchored	[(6, 6), (9, 6), (12, 6), (15, 3)]	True	True	True	True	geometric5	4412297	15	3	2026-07-31	14.095949498009528	10.427155327325462	0.05670712690538356	1.828915140450946	0.5093190900702913	0.3570205305601126	0.0
/rds/general/user/osella/home/rl-qecc-data/supervisedLearning/sweep2/g5_ground_anch_H6_s12345.pth	6	12345	2	groundAnchored	[(6, 6), (9, 6), (12, 6), (15, 3)]	True	True	True	True	geometric5	4412297	15	3	2026-07-31	12.509015542855742	10.427155327325462	0.06539561616612738	1.8155769100810444	0.47263919428287665	0.3301940090196047	0.02
/rds/general/user/osella/home/rl-qecc-data/supervisedLearning/sweep2/g5_ground_anch_H6_s2000.pth	6	2000	2	groundAnchored	[(6, 6), (9, 6), (12, 6), (15, 3)]	True	True	True	True	geometric5	4412297	15	3	2026-07-31	12.539486794870482	10.427155327325462	0.07492607493782909	1.8184393632654026	0.5433474923480824	0.38301648478212524	0.02
/rds/general/user/osella/home/rl-qecc-data/supervisedLearning/sweep2/g5_ground_anch_H6_s3000.pth	6	3000	2	groundAnchored	[(6, 6), (9, 6), (12, 6), (15, 3)]	True	True	True	True	geometric5	4412297	15	3	2026-07-31	13.201132777149718	10.427155327325462	0.07433649975979592	1.8247955972496963	0.4852048670961279	0.3387420306018232	0.04
/rds/general/user/osella/home/rl-qecc-data/supervisedLearning/sweep2/g5_ground_anch_H6_s4000.pth	6	4000	2	groundAnchored	[(6, 6), (9, 6), (12, 6), (15, 3)]	True	True	True	True	geometric5	4412297	15	3	2026-07-31	12.535376204997574	10.427155327325462	0.05253010304558021	1.8087031726795149	0.5761295363257586	0.4104130894612311	0.04
/rds/general/user/osella/home/rl-qecc-data/supervisedLearning/sweep2/g5_ground_anch_H6_s466555.pth	6	466555	2	groundAnchored	[(6, 6), (9, 6), (12, 6), (15, 3)]	True	True	True	True	geometric5	4412297	15	3	2026-07-31	12.290534200059419	10.427155327325462	0.07510757452883088	1.8294780003193547	0.5592230763429018	0.39597343163057697	0.0
/rds/general/user/osella/home/rl-qecc-data/supervisedLearning/sweep2/g5_ground_anch_H6_s5000.pth	6	5000	2	groundAnchored	[(6, 6), (9, 6), (12, 6), (15, 3)]	True	True	True	True	geometric5	4412297	15	3	2026-07-31	13.476416523261182	10.427155327325462	0.0656839321977779	1.8206830783512022	0.5131048034902316	0.36087972987933287	0.0
/rds/general/user/osella/home/rl-qecc-data/supervisedLearning/sweep2/g5_ground_anch_H6_s54321.pth	6	54321	2	groundAnchored	[(6, 6), (9, 6), (12, 6), (15, 3)]	True	True	True	True	geometric5	4412297	15	3	2026-07-31	14.09569628673471	10.427155327325462	0.09936281221429008	1.8245740734015443	0.5592672727124525	0.3949231841187217	0.0
/rds/general/user/osella/home/rl-qecc-data/supervisedLearning/sweep2/g5_ground_anch_H6_s6000.pth	6	6000	2	groundAnchored	[(6, 6), (9, 6), (12, 6), (15, 3)]	True	True	True	True	geometric5	4412297	15	3	2026-07-31	13.604698747351824	10.427155327325462	0.10104843286105843	1.8167324081727438	0.49420338917465784	0.345271975313553	0.0
/rds/general/user/osella/home/rl-qecc-data/supervisedLearning/sweep2/g5_ground_anch_H6_s7134066.pth	6	7134066	2	groundAnchored	[(6, 6), (9, 6), (12, 6), (15, 3)]	True	True	True	True	geometric5	4412297	15	3	2026-07-31	13.820574309993589	10.427155327325462	0.0901224396345316	1.8154388878636234	0.4764590823907724	0.3325827293911723	0.02
/rds/general/user/osella/home/rl-qecc-data/supervisedLearning/sweep2/g5_ground_anch_H7_s1000.pth	7	1000	2	groundAnchored	[(6, 6), (9, 6), (12, 6), (15, 3)]	True	True	True	True	geometric5	4412297	15	3	2026-07-31	13.233306768245336	10.427155327325462	0.10645468044490491	1.8098843052201705	0.601372995880116	0.42937627221597047	0.0
/rds/general/user/osella/home/rl-qecc-data/supervisedLearning/sweep2/g5_ground_anch_H7_s12345.pth	7	12345	2	groundAnchored	[(6, 6), (9, 6), (12, 6), (15, 3)]	True	True	True	True	geometric5	4412297	15	3	2026-07-31	12.839199347671647	10.427155327325462	0.08109323935162875	1.7939291826828137	0.4743843935643462	0.330943092953579	0.02
/rds/general/user/osella/home/rl-qecc-data/supervisedLearning/sweep2/g5_ground_anch_H7_s2000.pth	7	2000	2	groundAnchored	[(6, 6), (9, 6), (12, 6), (15, 3)]	True	True	True	True	geometric5	4412297	15	3	2026-07-31	12.326962463036837	10.427155327325462	0.06757582151735371	1.8327689033766754	0.47328681637411274	0.3291385622680138	0.0
/rds/general/user/osella/home/rl-qecc-data/supervisedLearning/sweep2/g5_ground_anch_H7_s3000.pth	7	3000	2	groundAnchored	[(6, 6), (9, 6), (12, 6), (15, 3)]	True	True	True	True	geometric5	4412297	15	3	2026-07-31	12.429428815221405	10.427155327325462	0.06055741198551297	1.832526604064212	0.4045377980426555	0.28656004939729124	0.0
/rds/general/user/osella/home/rl-qecc-data/supervisedLearning/sweep2/g5_ground_anch_H7_s4000.pth	7	4000	2	groundAnchored	[(6, 6), (9, 6), (12, 6), (15, 3)]	True	True	True	True	geometric5	4412297	15	3	2026-07-31	12.369714023017067	10.427155327325462	0.0620571023227254	1.823534200927853	0.4936487141750239	0.3450980509052925	0.02
/rds/general/user/osella/home/rl-qecc-data/supervisedLearning/sweep2/g5_ground_anch_H7_s466555.pth	7	466555	2	groundAnchored	[(6, 6), (9, 6), (12, 6), (15, 3)]	True	True	True	True	geometric5	4412297	15	3	2026-07-31	14.040158990208326	10.427155327325462	0.08528667459857155	1.8213087602285492	0.42234305219675633	0.2896137686497453	0.02
/rds/general/user/osella/home/rl-qecc-data/supervisedLearning/sweep2/g5_ground_anch_H7_s5000.pth	7	5000	2	groundAnchored	[(6, 6), (9, 6), (12, 6), (15, 3)]	True	True	True	True	geometric5	4412297	15	3	2026-07-31	12.518323944676496	10.427155327325462	0.07548550257200168	1.8194797275434678	0.601199696609545	0.4283300731420411	0.02
/rds/general/user/osella/home/rl-qecc-data/supervisedLearning/sweep2/g5_ground_anch_H7_s54321.pth	7	54321	2	groundAnchored	[(6, 6), (9, 6), (12, 6), (15, 3)]	True	True	True	True	geometric5	4412297	15	3	2026-07-31	13.585012646219022	10.427155327325462	0.07361552168859206	1.810490728832585	0.36742762988243927	0.25313640170612867	0.02
/rds/general/user/osella/home/rl-qecc-data/supervisedLearning/sweep2/g5_ground_anch_H7_s6000.pth	7	6000	2	groundAnchored	[(6, 6), (9, 6), (12, 6), (15, 3)]	True	True	True	True	geometric5	4412297	15	3	2026-07-31	12.60544597644917	10.427155327325462	0.060421145096263555	1.8256811534086335	0.54620859362827	0.38226291560396475	0.04
/rds/general/user/osella/home/rl-qecc-data/supervisedLearning/sweep2/g5_ground_anch_H7_s7134066.pth	7	7134066	2	groundAnchored	[(6, 6), (9, 6), (12, 6), (15, 3)]	True	True	True	True	geometric5	4412297	15	3	2026-07-31	13.08944414973178	10.427155327325462	0.06577889878997274	1.8364889561039237	0.5044674303377358	0.35400304575653774	0.02
/rds/general/user/osella/home/rl-qecc-data/supervisedLearning/sweep2/g5_ground_pure_H10_s1000.pth	10	1000	2	groundPure	[(6, 6), (9, 6), (12, 6), (15, 3)]	True	True	True	True	geometric5	4412297	15	3	2026-07-31	13.166230547382328	10.427155327325462	0.06848303228329729	1.8026795328906997	0.5796980147672752	0.41058457348143906	0.0
/rds/general/user/osella/home/rl-qecc-data/supervisedLearning/sweep2/g5_ground_pure_H10_s12345.pth	10	12345	2	groundPure	[(6, 6), (9, 6), (12, 6), (15, 3)]	True	True	True	True	geometric5	4412297	15	3	2026-07-31	12.54712175238306	10.427155327325462	0.07536006556859373	1.800576780470381	0.40539181181983674	0.28071534596429987	0.06
/rds/general/user/osella/home/rl-qecc-data/supervisedLearning/sweep2/g5_ground_pure_H10_s2000.pth	10	2000	2	groundPure	[(6, 6), (9, 6), (12, 6), (15, 3)]	True	True	True	True	geometric5	4412297	15	3	2026-07-31	14.988348795783502	10.427155327325462	0.10213804522873392	1.826523794156923	0.5783110441845097	0.41196321085352877	0.04
/rds/general/user/osella/home/rl-qecc-data/supervisedLearning/sweep2/g5_ground_pure_H10_s3000.pth	10	3000	2	groundPure	[(6, 6), (9, 6), (12, 6), (15, 3)]	True	True	True	True	geometric5	4412297	15	3	2026-07-31	14.756498185978872	10.427155327325462	0.1257270394801774	1.8080514180104434	0.49375158800772284	0.3495707021500823	0.0
/rds/general/user/osella/home/rl-qecc-data/supervisedLearning/sweep2/g5_ground_pure_H10_s4000.pth	10	4000	2	groundPure	[(6, 6), (9, 6), (12, 6), (15, 3)]	True	True	True	True	geometric5	4412297	15	3	2026-07-31	14.08992117688127	10.427155327325462	0.11941712156867955	1.8117683577246184	0.3914723702580033	0.27402848876111585	0.06
/rds/general/user/osella/home/rl-qecc-data/supervisedLearning/sweep2/g5_ground_pure_H10_s466555.pth	10	466555	2	groundPure	[(6, 6), (9, 6), (12, 6), (15, 3)]	True	True	True	True	geometric5	4412297	15	3	2026-07-31	12.502886033681337	10.427155327325462	0.07375846190961832	1.8071875482516175	0.5412210162703356	0.3797019150673008	0.0
/rds/general/user/osella/home/rl-qecc-data/supervisedLearning/sweep2/g5_ground_pure_H10_s5000.pth	10	5000	2	groundPure	[(6, 6), (9, 6), (12, 6), (15, 3)]	True	True	True	True	geometric5	4412297	15	3	2026-07-31	13.286095120245117	10.427155327325462	0.07486182274448991	1.8226780300374708	0.569224581623859	0.4041856051834176	0.0
/rds/general/user/osella/home/rl-qecc-data/supervisedLearning/sweep2/g5_ground_pure_H10_s54321.pth	10	54321	2	groundPure	[(6, 6), (9, 6), (12, 6), (15, 3)]	True	True	True	True	geometric5	4412297	15	3	2026-07-31	12.984746041886488	10.427155327325462	0.08927129266606475	1.813221776194197	0.5472968610480381	0.38783644019385144	0.02
/rds/general/user/osella/home/rl-qecc-data/supervisedLearning/sweep2/g5_ground_pure_H10_s6000.pth	10	6000	2	groundPure	[(6, 6), (9, 6), (12, 6), (15, 3)]	True	True	True	True	geometric5	4412297	15	3	2026-07-31	12.335002686756907	10.427155327325462	0.0693482369754883	1.8040754160515766	0.37017679067088605	0.25455637509212753	0.0
/rds/general/user/osella/home/rl-qecc-data/supervisedLearning/sweep2/g5_ground_pure_H10_s7134066.pth	10	7134066	2	groundPure	[(6, 6), (9, 6), (12, 6), (15, 3)]	True	True	True	True	geometric5	4412297	15	3	2026-07-31	14.027556964636018	10.427155327325462	0.06432962532867341	1.8162211060757607	0.3658621132346057	0.2543306869291633	0.0
/rds/general/user/osella/home/rl-qecc-data/supervisedLearning/sweep2/g5_ground_pure_H3_s1000.pth	3	1000	2	groundPure	[(6, 6), (9, 6), (12, 6), (15, 3)]	True	True	True	True	geometric5	4412297	15	3	2026-07-31	12.8468335553935	10.427155327325462	0.08569377479277718	1.7986681664684239	0.421164798451417	0.2930487816286683	0.02
/rds/general/user/osella/home/rl-qecc-data/supervisedLearning/sweep2/g5_ground_pure_H3_s12345.pth	3	12345	2	groundPure	[(6, 6), (9, 6), (12, 6), (15, 3)]	True	True	True	True	geometric5	4412297	15	3	2026-07-31	15.236106099134066	10.427155327325462	0.12951043679013735	1.8020791772727867	0.47901077318994556	0.3336971376112856	0.02
/rds/general/user/osella/home/rl-qecc-data/supervisedLearning/sweep2/g5_ground_pure_H3_s2000.pth	3	2000	2	groundPure	[(6, 6), (9, 6), (12, 6), (15, 3)]	True	True	True	True	geometric5	4412297	15	3	2026-07-31	16.159022337874433	10.427155327325462	0.1333009921460749	1.8149608021206352	0.5169248722293154	0.36241648851152164	0.0
/rds/general/user/osella/home/rl-qecc-data/supervisedLearning/sweep2/g5_ground_pure_H3_s3000.pth	3	3000	2	groundPure	[(6, 6), (9, 6), (12, 6), (15, 3)]	True	True	True	True	geometric5	4412297	15	3	2026-07-31	13.687202253800677	10.427155327325462	0.07984446286794424	1.8299087883237322	0.36422462001975325	0.25606941919543613	0.0
/rds/general/user/osella/home/rl-qecc-data/supervisedLearning/sweep2/g5_ground_pure_H3_s4000.pth	3	4000	2	groundPure	[(6, 6), (9, 6), (12, 6), (15, 3)]	True	True	True	True	geometric5	4412297	15	3	2026-07-31	13.470325808028182	10.427155327325462	0.10212750831274163	1.8230683689312637	0.5596984373464292	0.3967267769185061	0.0
/rds/general/user/osella/home/rl-qecc-data/supervisedLearning/sweep2/g5_ground_pure_H3_s466555.pth	3	466555	2	groundPure	[(6, 6), (9, 6), (12, 6), (15, 3)]	True	True	True	True	geometric5	4412297	15	3	2026-07-31	12.844351287496995	10.427155327325462	0.07970195042772345	1.8201124779165476	0.5499509106756093	0.38973502089057305	0.02
/rds/general/user/osella/home/rl-qecc-data/supervisedLearning/sweep2/g5_ground_pure_H3_s5000.pth	3	5000	2	groundPure	[(6, 6), (9, 6), (12, 6), (15, 3)]	True	True	True	True	geometric5	4412297	15	3	2026-07-31	12.557419284888455	10.427155327325462	0.07332027746447037	1.8169463275379703	0.48739267839503814	0.34192571939799565	0.02
/rds/general/user/osella/home/rl-qecc-data/supervisedLearning/sweep2/g5_ground_pure_H3_s54321.pth	3	54321	2	groundPure	[(6, 6), (9, 6), (12, 6), (15, 3)]	True	True	True	True	geometric5	4412297	15	3	2026-07-31	14.585871055327162	10.427155327325462	0.09042088338791397	1.806723763971364	0.5806596678573286	0.41128284018136274	0.0
/rds/general/user/osella/home/rl-qecc-data/supervisedLearning/sweep2/g5_ground_pure_H3_s6000.pth	3	6000	2	groundPure	[(6, 6), (9, 6), (12, 6), (15, 3)]	True	True	True	True	geometric5	4412297	15	3	2026-07-31	13.053194529553844	10.427155327325462	0.0865725693238274	1.8141225123952254	0.5577965607610408	0.3930295768431846	0.0
/rds/general/user/osella/home/rl-qecc-data/supervisedLearning/sweep2/g5_ground_pure_H3_s7134066.pth	3	7134066	2	groundPure	[(6, 6), (9, 6), (12, 6), (15, 3)]	True	True	True	True	geometric5	4412297	15	3	2026-07-31	15.912015670842191	10.427155327325462	0.13064290481469842	1.8096182867451833	0.5757251388471768	0.40758624930211323	0.02
/rds/general/user/osella/home/rl-qecc-data/supervisedLearning/sweep2/g5_ground_pure_H4_s1000.pth	4	1000	2	groundPure	[(6, 6), (9, 6), (12, 6), (15, 3)]	True	True	True	True	geometric5	4412297	15	3	2026-07-31	15.303328450479798	10.427155327325462	0.14649397713127868	1.808233486031676	0.42899645590053465	0.29851369484088663	0.02
/rds/general/user/osella/home/rl-qecc-data/supervisedLearning/sweep2/g5_ground_pure_H4_s12345.pth	4	12345	2	groundPure	[(6, 6), (9, 6), (12, 6), (15, 3)]	True	True	True	True	geometric5	4412297	15	3	2026-07-31	14.859269396225312	10.427155327325462	0.11560834698693692	1.8030279034444874	0.5400888012973646	0.37936958220223094	0.04
/rds/general/user/osella/home/rl-qecc-data/supervisedLearning/sweep2/g5_ground_pure_H4_s2000.pth	4	2000	2	groundPure	[(6, 6), (9, 6), (12, 6), (15, 3)]	True	True	True	True	geometric5	4412297	15	3	2026-07-31	14.68694682519259	10.427155327325462	0.07139273525184918	1.820870487327943	0.3795942633347749	0.2617013035124288	0.0
/rds/general/user/osella/home/rl-qecc-data/supervisedLearning/sweep2/g5_ground_pure_H4_s3000.pth	4	3000	2	groundPure	[(6, 6), (9, 6), (12, 6), (15, 3)]	True	True	True	True	geometric5	4412297	15	3	2026-07-31	13.583971704925291	10.427155327325462	0.0820735208907371	1.8139558791268178	0.5461935404586516	0.3858209114190731	0.0
/rds/general/user/osella/home/rl-qecc-data/supervisedLearning/sweep2/g5_ground_pure_H4_s4000.pth	4	4000	2	groundPure	[(6, 6), (9, 6), (12, 6), (15, 3)]	True	True	True	True	geometric5	4412297	15	3	2026-07-31	13.124710676574361	10.427155327325462	0.09814026270154563	1.813325843911082	0.3520823812362103	0.2476662036764318	0.02
/rds/general/user/osella/home/rl-qecc-data/supervisedLearning/sweep2/g5_ground_pure_H4_s466555.pth	4	466555	2	groundPure	[(6, 6), (9, 6), (12, 6), (15, 3)]	True	True	True	True	geometric5	4412297	15	3	2026-07-31	14.077090244828598	10.427155327325462	0.10088874876178368	1.81166385941121	0.5437181898101628	0.38348537650082937	0.02
/rds/general/user/osella/home/rl-qecc-data/supervisedLearning/sweep2/g5_ground_pure_H4_s5000.pth	4	5000	2	groundPure	[(6, 6), (9, 6), (12, 6), (15, 3)]	True	True	True	True	geometric5	4412297	15	3	2026-07-31	13.976748449817169	10.427155327325462	0.11024725084730169	1.816454327809901	0.4750963268992905	0.33272219678282877	0.02
/rds/general/user/osella/home/rl-qecc-data/supervisedLearning/sweep2/g5_ground_pure_H4_s54321.pth	4	54321	2	groundPure	[(6, 6), (9, 6), (12, 6), (15, 3)]	True	True	True	True	geometric5	4412297	15	3	2026-07-31	12.96729709859894	10.427155327325462	0.08252989937516819	1.8200589393314417	0.51838453783949	0.36410478347198155	0.04
/rds/general/user/osella/home/rl-qecc-data/supervisedLearning/sweep2/g5_ground_pure_H4_s6000.pth	4	6000	2	groundPure	[(6, 6), (9, 6), (12, 6), (15, 3)]	True	True	True	True	geometric5	4412297	15	3	2026-07-31	13.040041797494712	10.427155327325462	0.07285733123612116	1.8024865093376192	0.4497619417827352	0.31614593741234037	0.0
/rds/general/user/osella/home/rl-qecc-data/supervisedLearning/sweep2/g5_ground_pure_H4_s7134066.pth	4	7134066	2	groundPure	[(6, 6), (9, 6), (12, 6), (15, 3)]	True	True	True	True	geometric5	4412297	15	3	2026-07-31	12.560402400513606	10.427155327325462	0.06665957011943661	1.816976461695607	0.4385825354445744	0.3048463653325668	0.0
/rds/general/user/osella/home/rl-qecc-data/supervisedLearning/sweep2/g5_ground_pure_H6_s1000.pth	6	1000	2	groundPure	[(6, 6), (9, 6), (12, 6), (15, 3)]	True	True	True	True	geometric5	4412297	15	3	2026-07-31	12.860983717787926	10.427155327325462	0.0650270568463803	1.829151659134628	0.530645404821984	0.37219980823559984	0.04
/rds/general/user/osella/home/rl-qecc-data/supervisedLearning/sweep2/g5_ground_pure_H6_s12345.pth	6	12345	2	groundPure	[(6, 6), (9, 6), (12, 6), (15, 3)]	True	True	True	True	geometric5	4412297	15	3	2026-07-31	13.688903144604966	10.427155327325462	0.07793942391809511	1.8139269601444883	0.5267877544129169	0.3714950128770704	0.02
/rds/general/user/osella/home/rl-qecc-data/supervisedLearning/sweep2/g5_ground_pure_H6_s2000.pth	6	2000	2	groundPure	[(6, 6), (9, 6), (12, 6), (15, 3)]	True	True	True	True	geometric5	4412297	15	3	2026-07-31	13.512723903456639	10.427155327325462	0.09991308664681577	1.8152863269113497	0.5348264990797956	0.3756667866174898	0.06
/rds/general/user/osella/home/rl-qecc-data/supervisedLearning/sweep2/g5_ground_pure_H6_s3000.pth	6	3000	2	groundPure	[(6, 6), (9, 6), (12, 6), (15, 3)]	True	True	True	True	geometric5	4412297	15	3	2026-07-31	13.983682097828163	10.427155327325462	0.08843549264776249	1.8163885176974148	0.4146289562292991	0.28797802412700774	0.0
/rds/general/user/osella/home/rl-qecc-data/supervisedLearning/sweep2/g5_ground_pure_H6_s4000.pth	6	4000	2	groundPure	[(6, 6), (9, 6), (12, 6), (15, 3)]	True	True	True	True	geometric5	4412297	15	3	2026-07-31	12.307257767078164	10.427155327325462	0.05281332338318376	1.810608208047993	0.5786707148951005	0.40943775894306284	0.04
/rds/general/user/osella/home/rl-qecc-data/supervisedLearning/sweep2/g5_ground_pure_H6_s466555.pth	6	466555	2	groundPure	[(6, 6), (9, 6), (12, 6), (15, 3)]	True	True	True	True	geometric5	4412297	15	3	2026-07-31	13.397434034383219	10.427155327325462	0.08730987429397702	1.8206855235915462	0.5879633511645874	0.4184314651803119	0.02
/rds/general/user/osella/home/rl-qecc-data/supervisedLearning/sweep2/g5_ground_pure_H6_s5000.pth	6	5000	2	groundPure	[(6, 6), (9, 6), (12, 6), (15, 3)]	True	True	True	True	geometric5	4412297	15	3	2026-07-31	19.26890333167248	10.427155327325462	0.05991565451388993	1.8196539609498446	0.442228065472927	0.3073481833638726	0.02
/rds/general/user/osella/home/rl-qecc-data/supervisedLearning/sweep2/g5_ground_pure_H6_s54321.pth	6	54321	2	groundPure	[(6, 6), (9, 6), (12, 6), (15, 3)]	True	True	True	True	geometric5	4412297	15	3	2026-07-31	14.526772319829826	10.427155327325462	0.10013001814286546	1.821468806764269	0.5338288558041556	0.37591255555242187	0.0
/rds/general/user/osella/home/rl-qecc-data/supervisedLearning/sweep2/g5_ground_pure_H6_s6000.pth	6	6000	2	groundPure	[(6, 6), (9, 6), (12, 6), (15, 3)]	True	True	True	True	geometric5	4412297	15	3	2026-07-31	13.930340617188607	10.427155327325462	0.10039162245487225	1.8046890126364994	0.4646172267483762	0.32194392114398807	0.0
/rds/general/user/osella/home/rl-qecc-data/supervisedLearning/sweep2/g5_ground_pure_H6_s7134066.pth	6	7134066	2	groundPure	[(6, 6), (9, 6), (12, 6), (15, 3)]	True	True	True	True	geometric5	4412297	15	3	2026-07-31	16.842877390268146	10.427155327325462	0.15412222054181618	1.815699082324405	0.4987068067114005	0.34892421563465725	0.0
/rds/general/user/osella/home/rl-qecc-data/supervisedLearning/sweep2/g5_ground_pure_H7_s1000.pth	7	1000	2	groundPure	[(6, 6), (9, 6), (12, 6), (15, 3)]	True	True	True	True	geometric5	4412297	15	3	2026-07-31	12.92586212702021	10.427155327325462	0.07926533576870742	1.8067891939549596	0.6205266688071597	0.443414931857458	0.04
/rds/general/user/osella/home/rl-qecc-data/supervisedLearning/sweep2/g5_ground_pure_H7_s12345.pth	7	12345	2	groundPure	[(6, 6), (9, 6), (12, 6), (15, 3)]	True	True	True	True	geometric5	4412297	15	3	2026-07-31	13.564334006085982	10.427155327325462	0.11046829245675553	1.7924521919400098	0.5824825458325036	0.4114536430329666	0.02
/rds/general/user/osella/home/rl-qecc-data/supervisedLearning/sweep2/g5_ground_pure_H7_s2000.pth	7	2000	2	groundPure	[(6, 6), (9, 6), (12, 6), (15, 3)]	True	True	True	True	geometric5	4412297	15	3	2026-07-31	12.457700524378733	10.427155327325462	0.06555011622001516	1.824948484746866	0.49914775294288655	0.3468215500714682	0.0
/rds/general/user/osella/home/rl-qecc-data/supervisedLearning/sweep2/g5_ground_pure_H7_s3000.pth	7	3000	2	groundPure	[(6, 6), (9, 6), (12, 6), (15, 3)]	True	True	True	True	geometric5	4412297	15	3	2026-07-31	12.991230977135524	10.427155327325462	0.061248040511038965	1.825595364038471	0.43614344739068467	0.3039171704742728	0.0
/rds/general/user/osella/home/rl-qecc-data/supervisedLearning/sweep2/g5_ground_pure_H7_s4000.pth	7	4000	2	groundPure	[(6, 6), (9, 6), (12, 6), (15, 3)]	True	True	True	True	geometric5	4412297	15	3	2026-07-31	12.118759344336544	10.427155327325462	0.05607434808834711	1.8189774315771576	0.5323171448205422	0.372824887236066	0.02
/rds/general/user/osella/home/rl-qecc-data/supervisedLearning/sweep2/g5_ground_pure_H7_s466555.pth	7	466555	2	groundPure	[(6, 6), (9, 6), (12, 6), (15, 3)]	True	True	True	True	geometric5	4412297	15	3	2026-07-31	13.935550969134857	10.427155327325462	0.07992386480294354	1.8108381650281729	0.3688547782085261	0.25100042073973755	0.0
/rds/general/user/osella/home/rl-qecc-data/supervisedLearning/sweep2/g5_ground_pure_H7_s5000.pth	7	5000	2	groundPure	[(6, 6), (9, 6), (12, 6), (15, 3)]	True	True	True	True	geometric5	4412297	15	3	2026-07-31	14.348600443403946	10.427155327325462	0.10695894546914719	1.8146464641029294	0.5873875870543745	0.4169260894579035	0.02
/rds/general/user/osella/home/rl-qecc-data/supervisedLearning/sweep2/g5_ground_pure_H7_s54321.pth	7	54321	2	groundPure	[(6, 6), (9, 6), (12, 6), (15, 3)]	True	True	True	True	geometric5	4412297	15	3	2026-07-31	13.902478901343883	10.427155327325462	0.06777472378890954	1.8091316914537536	0.3714826773394236	0.2620284811505362	0.0
/rds/general/user/osella/home/rl-qecc-data/supervisedLearning/sweep2/g5_ground_pure_H7_s6000.pth	7	6000	2	groundPure	[(6, 6), (9, 6), (12, 6), (15, 3)]	True	True	True	True	geometric5	4412297	15	3	2026-07-31	14.475167245044597	10.427155327325462	0.09169720170269999	1.8233605491842055	0.5628211189280118	0.39896332477415264	0.04
/rds/general/user/osella/home/rl-qecc-data/supervisedLearning/sweep2/g5_ground_pure_H7_s7134066.pth	7	7134066	2	groundPure	[(6, 6), (9, 6), (12, 6), (15, 3)]	True	True	True	True	geometric5	4412297	15	3	2026-07-31	13.818411929537865	10.427155327325462	0.06918416696876774	1.8091032773913684	0.47913171355010686	0.3354625809897534	0.0
/rds/general/user/osella/home/rl-qecc-data/supervisedLearning/sweep2/g5_mix_66-96-126-153_H10_s1000.pth	10	1000	6	mixed	[(6, 6), (9, 6), (12, 6), (15, 3)]	True	True	True	True	geometric5	4412297	15	3	2026-07-31	11.430193217792793	10.427155327325462	0.04480648943450404	1.8086514613949614	0.6812623911257093	0.4966923108084241	0.04
/rds/general/user/osella/home/rl-qecc-data/supervisedLearning/sweep2/g5_mix_66-96-126-153_H10_s12345.pth	10	12345	6	mixed	[(6, 6), (9, 6), (12, 6), (15, 3)]	True	True	True	True	geometric5	4412297	15	3	2026-07-31	11.412351985579907	10.427155327325462	0.0443281142011462	1.8059931679662309	0.6864555515492597	0.5010319628927336	0.02
/rds/general/user/osella/home/rl-qecc-data/supervisedLearning/sweep2/g5_mix_66-96-126-153_H10_s2000.pth	10	2000	6	mixed	[(6, 6), (9, 6), (12, 6), (15, 3)]	True	True	True	True	geometric5	4412297	15	3	2026-07-31	11.451137171086835	10.427155327325462	0.045411201405618114	1.8161846026338326	0.6733951894441755	0.4896385432025556	0.0
/rds/general/user/osella/home/rl-qecc-data/supervisedLearning/sweep2/g5_mix_66-96-126-153_H10_s3000.pth	10	3000	6	mixed	[(6, 6), (9, 6), (12, 6), (15, 3)]	True	True	True	True	geometric5	4412297	15	3	2026-07-31	11.404037102457224	10.427155327325462	0.044411239199654645	1.824516487403018	0.6860696218743191	0.500550278674625	0.06
/rds/general/user/osella/home/rl-qecc-data/supervisedLearning/sweep2/g5_mix_66-96-126-153_H10_s4000.pth	10	4000	6	mixed	[(6, 6), (9, 6), (12, 6), (15, 3)]	True	True	True	True	geometric5	4412297	15	3	2026-07-31	11.400788826805183	10.427155327325462	0.04428726993807153	1.8145324256766788	0.6894190127093084	0.5036707782400015	0.06
/rds/general/user/osella/home/rl-qecc-data/supervisedLearning/sweep2/g5_mix_66-96-126-153_H10_s466555.pth	10	466555	6	mixed	[(6, 6), (9, 6), (12, 6), (15, 3)]	True	True	True	True	geometric5	4412297	15	3	2026-07-31	11.40096465006757	10.427155327325462	0.044357812254751335	1.8212422618633568	0.6882633964037908	0.5025160284007958	0.08
/rds/general/user/osella/home/rl-qecc-data/supervisedLearning/sweep2/g5_mix_66-96-126-153_H10_s5000.pth	10	5000	6	mixed	[(6, 6), (9, 6), (12, 6), (15, 3)]	True	True	True	True	geometric5	4412297	15	3	2026-07-31	11.444362266929417	10.427155327325462	0.045261808852564554	1.8172999772414102	0.6721776475206876	0.48845065969418044	0.0
/rds/general/user/osella/home/rl-qecc-data/supervisedLearning/sweep2/g5_mix_66-96-126-153_H10_s54321.pth	10	54321	6	mixed	[(6, 6), (9, 6), (12, 6), (15, 3)]	True	True	True	True	geometric5	4412297	15	3	2026-07-31	11.403596185138866	10.427155327325462	0.044466222168326755	1.8230840094383869	0.6860750964524792	0.500645714705346	0.0
/rds/general/user/osella/home/rl-qecc-data/supervisedLearning/sweep2/g5_mix_66-96-126-153_H10_s6000.pth	10	6000	6	mixed	[(6, 6), (9, 6), (12, 6), (15, 3)]	True	True	True	True	geometric5	4412297	15	3	2026-07-31	11.450972542738024	10.427155327325462	0.04507250000813377	1.8249287550102915	0.6726664804662167	0.48893175336151534	0.02
/rds/general/user/osella/home/rl-qecc-data/supervisedLearning/sweep2/g5_mix_66-96-126-153_H10_s7134066.pth	10	7134066	6	mixed	[(6, 6), (9, 6), (12, 6), (15, 3)]	True	True	True	True	geometric5	4412297	15	3	2026-07-31	11.451147002204396	10.427155327325462	0.045301543320348664	1.8304201453783344	0.6723359868961856	0.4886786799348953	0.0
/rds/general/user/osella/home/rl-qecc-data/supervisedLearning/sweep2/g5_mix_66-96-126-153_H3_s1000.pth	3	1000	6	mixed	[(6, 6), (9, 6), (12, 6), (15, 3)]	True	True	True	True	geometric5	4412297	15	3	2026-07-31	11.408158204833782	10.427155327325462	0.0443830625669556	1.8090553550142978	0.6868636592858972	0.5015159705572572	0.0
/rds/general/user/osella/home/rl-qecc-data/supervisedLearning/sweep2/g5_mix_66-96-126-153_H3_s12345.pth	3	12345	6	mixed	[(6, 6), (9, 6), (12, 6), (15, 3)]	True	True	True	True	geometric5	4412297	15	3	2026-07-31	11.415120161690687	10.427155327325462	0.04468350876244752	1.7996870001284908	0.6873718662081938	0.5017582151266675	0.02
/rds/general/user/osella/home/rl-qecc-data/supervisedLearning/sweep2/g5_mix_66-96-126-153_H3_s2000.pth	3	2000	6	mixed	[(6, 6), (9, 6), (12, 6), (15, 3)]	True	True	True	True	geometric5	4412297	15	3	2026-07-31	11.423491555452838	10.427155327325462	0.04463810312133055	1.8234134664893444	0.6871529630561419	0.5017072989572144	0.02
/rds/general/user/osella/home/rl-qecc-data/supervisedLearning/sweep2/g5_mix_66-96-126-153_H3_s3000.pth	3	3000	6	mixed	[(6, 6), (9, 6), (12, 6), (15, 3)]	True	True	True	True	geometric5	4412297	15	3	2026-07-31	11.401255817016548	10.427155327325462	0.044232395249498443	1.8122835796977195	0.6887161068817907	0.5028535955365403	0.04
/rds/general/user/osella/home/rl-qecc-data/supervisedLearning/sweep2/g5_mix_66-96-126-153_H3_s4000.pth	3	4000	6	mixed	[(6, 6), (9, 6), (12, 6), (15, 3)]	True	True	True	True	geometric5	4412297	15	3	2026-07-31	11.41007488962671	10.427155327325462	0.0443041031808137	1.8094585727061012	0.6877641287320015	0.5020295789756042	0.0
/rds/general/user/osella/home/rl-qecc-data/supervisedLearning/sweep2/g5_mix_66-96-126-153_H3_s466555.pth	3	466555	6	mixed	[(6, 6), (9, 6), (12, 6), (15, 3)]	True	True	True	True	geometric5	4412297	15	3	2026-07-31	11.445562770218924	10.427155327325462	0.04506642833660304	1.8140894385516926	0.6733852728663999	0.4895891565922551	0.0
/rds/general/user/osella/home/rl-qecc-data/supervisedLearning/sweep2/g5_mix_66-96-126-153_H3_s5000.pth	3	5000	6	mixed	[(6, 6), (9, 6), (12, 6), (15, 3)]	True	True	True	True	geometric5	4412297	15	3	2026-07-31	11.416519241450155	10.427155327325462	0.044587551162119085	1.8192020829982285	0.6842512515752263	0.49879618931045394	0.02
/rds/general/user/osella/home/rl-qecc-data/supervisedLearning/sweep2/g5_mix_66-96-126-153_H3_s54321.pth	3	54321	6	mixed	[(6, 6), (9, 6), (12, 6), (15, 3)]	True	True	True	True	geometric5	4412297	15	3	2026-07-31	11.404594718674474	10.427155327325462	0.04439596698497863	1.8373108349736043	0.6881025588021373	0.5020390214410503	0.0
/rds/general/user/osella/home/rl-qecc-data/supervisedLearning/sweep2/g5_mix_66-96-126-153_H3_s6000.pth	3	6000	6	mixed	[(6, 6), (9, 6), (12, 6), (15, 3)]	True	True	True	True	geometric5	4412297	15	3	2026-07-31	11.44246800355397	10.427155327325462	0.04507009046530159	1.824677263995587	0.6735677213122965	0.4897553339185959	0.0
/rds/general/user/osella/home/rl-qecc-data/supervisedLearning/sweep2/g5_mix_66-96-126-153_H3_s7134066.pth	3	7134066	6	mixed	[(6, 6), (9, 6), (12, 6), (15, 3)]	True	True	True	True	geometric5	4412297	15	3	2026-07-31	11.423571087194068	10.427155327325462	0.04475422558288922	1.811154532191133	0.6803551193007269	0.49571228269733003	0.0
/rds/general/user/osella/home/rl-qecc-data/supervisedLearning/sweep2/g5_mix_66-96-126-153_H4_s1000.pth	4	1000	6	mixed	[(6, 6), (9, 6), (12, 6), (15, 3)]	True	True	True	True	geometric5	4412297	15	3	2026-07-31	11.408498631338453	10.427155327325462	0.04436757257223323	1.8211888731361257	0.6887156652240373	0.5030816065046836	0.02
/rds/general/user/osella/home/rl-qecc-data/supervisedLearning/sweep2/g5_mix_66-96-126-153_H4_s12345.pth	4	12345	6	mixed	[(6, 6), (9, 6), (12, 6), (15, 3)]	True	True	True	True	geometric5	4412297	15	3	2026-07-31	11.409827726889858	10.427155327325462	0.04436490170753246	1.8123640241329908	0.6886630940733077	0.5028475604200493	0.0
/rds/general/user/osella/home/rl-qecc-data/supervisedLearning/sweep2/g5_mix_66-96-126-153_H4_s2000.pth	4	2000	6	mixed	[(6, 6), (9, 6), (12, 6), (15, 3)]	True	True	True	True	geometric5	4412297	15	3	2026-07-31	11.426863984049552	10.427155327325462	0.044311308677030765	1.8050228386664997	0.6866123025327299	0.5010013711393978	0.02
/rds/general/user/osella/home/rl-qecc-data/supervisedLearning/sweep2/g5_mix_66-96-126-153_H4_s3000.pth	4	3000	6	mixed	[(6, 6), (9, 6), (12, 6), (15, 3)]	True	True	True	True	geometric5	4412297	15	3	2026-07-31	11.404973574641685	10.427155327325462	0.044273609955919446	1.8139043851505476	0.6876306239974951	0.5021196282606992	0.02
/rds/general/user/osella/home/rl-qecc-data/supervisedLearning/sweep2/g5_mix_66-96-126-153_H4_s4000.pth	4	4000	6	mixed	[(6, 6), (9, 6), (12, 6), (15, 3)]	True	True	True	True	geometric5	4412297	15	3	2026-07-31	11.409083572491475	10.427155327325462	0.04442787645710573	1.804719462936209	0.686790322745145	0.5014636486378645	0.0
/rds/general/user/osella/home/rl-qecc-data/supervisedLearning/sweep2/g5_mix_66-96-126-153_H4_s466555.pth	4	466555	6	mixed	[(6, 6), (9, 6), (12, 6), (15, 3)]	True	True	True	True	geometric5	4412297	15	3	2026-07-31	11.407102888084061	10.427155327325462	0.04441342594708821	1.8147528943143796	0.6866553801266817	0.5013909676389116	0.02
/rds/general/user/osella/home/rl-qecc-data/supervisedLearning/sweep2/g5_mix_66-96-126-153_H4_s5000.pth	4	5000	6	mixed	[(6, 6), (9, 6), (12, 6), (15, 3)]	True	True	True	True	geometric5	4412297	15	3	2026-07-31	11.409190671796575	10.427155327325462	0.044381336658181975	1.8080663265503631	0.6862750179033723	0.5008893783039428	0.02
/rds/general/user/osella/home/rl-qecc-data/supervisedLearning/sweep2/g5_mix_66-96-126-153_H4_s54321.pth	4	54321	6	mixed	[(6, 6), (9, 6), (12, 6), (15, 3)]	True	True	True	True	geometric5	4412297	15	3	2026-07-31	11.446789750588243	10.427155327325462	0.04515224862530982	1.8130701808525767	0.6735536744058986	0.48983655777411905	0.02
/rds/general/user/osella/home/rl-qecc-data/supervisedLearning/sweep2/g5_mix_66-96-126-153_H4_s6000.pth	4	6000	6	mixed	[(6, 6), (9, 6), (12, 6), (15, 3)]	True	True	True	True	geometric5	4412297	15	3	2026-07-31	11.421522034276181	10.427155327325462	0.044576297945023956	1.8190705111143406	0.6866174801136832	0.5008890418339361	0.0
/rds/general/user/osella/home/rl-qecc-data/supervisedLearning/sweep2/g5_mix_66-96-126-153_H4_s7134066.pth	4	7134066	6	mixed	[(6, 6), (9, 6), (12, 6), (15, 3)]	True	True	True	True	geometric5	4412297	15	3	2026-07-31	11.424462863893853	10.427155327325462	0.044489026969340144	1.815384767558511	0.6871072453943798	0.5012081654920202	0.0
/rds/general/user/osella/home/rl-qecc-data/supervisedLearning/sweep2/g5_mix_66-96-126-153_H6_s1000.pth	6	1000	6	mixed	[(6, 6), (9, 6), (12, 6), (15, 3)]	True	True	True	True	geometric5	4412297	15	3	2026-07-31	11.428990444304086	10.427155327325462	0.0449229560432752	1.815738183250847	0.68832412930208	0.5024761621340518	0.0
/rds/general/user/osella/home/rl-qecc-data/supervisedLearning/sweep2/g5_mix_66-96-126-153_H6_s12345.pth	6	12345	6	mixed	[(6, 6), (9, 6), (12, 6), (15, 3)]	True	True	True	True	geometric5	4412297	15	3	2026-07-31	11.456223142564147	10.427155327325462	0.04525787603393677	1.8240826307149833	0.6704323061332595	0.4870505095900749	0.02
/rds/general/user/osella/home/rl-qecc-data/supervisedLearning/sweep2/g5_mix_66-96-126-153_H6_s2000.pth	6	2000	6	mixed	[(6, 6), (9, 6), (12, 6), (15, 3)]	True	True	True	True	geometric5	4412297	15	3	2026-07-31	11.413001396438696	10.427155327325462	0.04447380356805919	1.8187308394464794	0.6866402595739398	0.5012614609200966	0.04
/rds/general/user/osella/home/rl-qecc-data/supervisedLearning/sweep2/g5_mix_66-96-126-153_H6_s3000.pth	6	3000	6	mixed	[(6, 6), (9, 6), (12, 6), (15, 3)]	True	True	True	True	geometric5	4412297	15	3	2026-07-31	11.402003521130453	10.427155327325462	0.044245868006980896	1.8182920466171606	0.6885741365472049	0.5029364600647189	0.02
/rds/general/user/osella/home/rl-qecc-data/supervisedLearning/sweep2/g5_mix_66-96-126-153_H6_s4000.pth	6	4000	6	mixed	[(6, 6), (9, 6), (12, 6), (15, 3)]	True	True	True	True	geometric5	4412297	15	3	2026-07-31	11.404763196695969	10.427155327325462	0.04446040227170577	1.811893337087965	0.6878422864597091	0.5022575856838476	0.04
/rds/general/user/osella/home/rl-qecc-data/supervisedLearning/sweep2/g5_mix_66-96-126-153_H6_s466555.pth	6	466555	6	mixed	[(6, 6), (9, 6), (12, 6), (15, 3)]	True	True	True	True	geometric5	4412297	15	3	2026-07-31	11.429028622888868	10.427155327325462	0.044776467110101074	1.8224495440561832	0.6799169642297959	0.4956384129248349	0.04
/rds/general/user/osella/home/rl-qecc-data/supervisedLearning/sweep2/g5_mix_66-96-126-153_H6_s5000.pth	6	5000	6	mixed	[(6, 6), (9, 6), (12, 6), (15, 3)]	True	True	True	True	geometric5	4412297	15	3	2026-07-31	11.404212196607059	10.427155327325462	0.04443240353569716	1.8068433954031047	0.6862098536801663	0.5009357979283222	0.02
/rds/general/user/osella/home/rl-qecc-data/supervisedLearning/sweep2/g5_mix_66-96-126-153_H6_s54321.pth	6	54321	6	mixed	[(6, 6), (9, 6), (12, 6), (15, 3)]	True	True	True	True	geometric5	4412297	15	3	2026-07-31	11.402669175916651	10.427155327325462	0.044271967135999346	1.8386898083692045	0.6872773632398257	0.5015201665916598	0.04
/rds/general/user/osella/home/rl-qecc-data/supervisedLearning/sweep2/g5_mix_66-96-126-153_H6_s6000.pth	6	6000	6	mixed	[(6, 6), (9, 6), (12, 6), (15, 3)]	True	True	True	True	geometric5	4412297	15	3	2026-07-31	11.45568347920347	10.427155327325462	0.045228414260994526	1.8197928875749587	0.6694029684263662	0.48607660678340653	0.02
/rds/general/user/osella/home/rl-qecc-data/supervisedLearning/sweep2/g5_mix_66-96-126-153_H6_s7134066.pth	6	7134066	6	mixed	[(6, 6), (9, 6), (12, 6), (15, 3)]	True	True	True	True	geometric5	4412297	15	3	2026-07-31	11.45009693055727	10.427155327325462	0.04524988463474188	1.818242073618831	0.6719169368529017	0.48861557881680884	0.04
/rds/general/user/osella/home/rl-qecc-data/supervisedLearning/sweep2/g5_mix_66-96-126-153_H7_s1000.pth	7	1000	6	mixed	[(6, 6), (9, 6), (12, 6), (15, 3)]	True	True	True	True	geometric5	4412297	15	3	2026-07-31	11.439268422267746	10.427155327325462	0.045216807878461815	1.8194116014988841	0.6738238517794116	0.49014776045605785	0.06
/rds/general/user/osella/home/rl-qecc-data/supervisedLearning/sweep2/g5_mix_66-96-126-153_H7_s12345.pth	7	12345	6	mixed	[(6, 6), (9, 6), (12, 6), (15, 3)]	True	True	True	True	geometric5	4412297	15	3	2026-07-31	11.406796545381033	10.427155327325462	0.04447544621890629	1.8096417113778611	0.6869430170030387	0.5011868345930895	0.02
/rds/general/user/osella/home/rl-qecc-data/supervisedLearning/sweep2/g5_mix_66-96-126-153_H7_s2000.pth	7	2000	6	mixed	[(6, 6), (9, 6), (12, 6), (15, 3)]	True	True	True	True	geometric5	4412297	15	3	2026-07-31	11.420672917420584	10.427155327325462	0.04441937449773833	1.803359991731694	0.6862457264081404	0.5007577102422069	0.04
/rds/general/user/osella/home/rl-qecc-data/supervisedLearning/sweep2/g5_mix_66-96-126-153_H7_s3000.pth	7	3000	6	mixed	[(6, 6), (9, 6), (12, 6), (15, 3)]	True	True	True	True	geometric5	4412297	15	3	2026-07-31	11.44145860321677	10.427155327325462	0.04521162895946488	1.8186800954343993	0.6732179071238144	0.4895013541150651	0.04
/rds/general/user/osella/home/rl-qecc-data/supervisedLearning/sweep2/g5_mix_66-96-126-153_H7_s4000.pth	7	4000	6	mixed	[(6, 6), (9, 6), (12, 6), (15, 3)]	True	True	True	True	geometric5	4412297	15	3	2026-07-31	11.439197566028284	10.427155327325462	0.04501111432809254	1.8115164981952037	0.674723814597763	0.4910395982964083	0.02
/rds/general/user/osella/home/rl-qecc-data/supervisedLearning/sweep2/g5_mix_66-96-126-153_H7_s466555.pth	7	466555	6	mixed	[(6, 6), (9, 6), (12, 6), (15, 3)]	True	True	True	True	geometric5	4412297	15	3	2026-07-31	11.414818482368517	10.427155327325462	0.04443878131460636	1.8088419883690745	0.6851440182119307	0.4998214277839439	0.0
/rds/general/user/osella/home/rl-qecc-data/supervisedLearning/sweep2/g5_mix_66-96-126-153_H7_s5000.pth	7	5000	6	mixed	[(6, 6), (9, 6), (12, 6), (15, 3)]	True	True	True	True	geometric5	4412297	15	3	2026-07-31	11.400154715491093	10.427155327325462	0.04454682349307256	1.8082573328189853	0.6887484213231858	0.5029130984966964	0.02
/rds/general/user/osella/home/rl-qecc-data/supervisedLearning/sweep2/g5_mix_66-96-126-153_H7_s54321.pth	7	54321	6	mixed	[(6, 6), (9, 6), (12, 6), (15, 3)]	True	True	True	True	geometric5	4412297	15	3	2026-07-31	11.44579364162234	10.427155327325462	0.04505179860611856	1.8262252803616974	0.6730743543152955	0.4893335794018095	0.0
/rds/general/user/osella/home/rl-qecc-data/supervisedLearning/sweep2/g5_mix_66-96-126-153_H7_s6000.pth	7	6000	6	mixed	[(6, 6), (9, 6), (12, 6), (15, 3)]	True	True	True	True	geometric5	4412297	15	3	2026-07-31	11.426468408770981	10.427155327325462	0.04467827934295344	1.8105819340667952	0.6853562026069856	0.49987113503649994	0.0
/rds/general/user/osella/home/rl-qecc-data/supervisedLearning/sweep2/g5_mix_66-96-126-153_H7_s7134066.pth	7	7134066	6	mixed	[(6, 6), (9, 6), (12, 6), (15, 3)]	True	True	True	True	geometric5	4412297	15	3	2026-07-31	11.444263913820278	10.427155327325462	0.04518580117987417	1.8193737086589488	0.6787988377339441	0.4945893513642203	0.04
/rds/general/user/osella/home/rl-qecc-data/supervisedLearning/sweep2/g5_mix_66-96-126_H10_s1000.pth	10	1000	8	mixed	[(6, 6), (9, 6), (12, 6)]	True	True	True	False	geometric5	4412297	15	3	2026-07-31	13.39498332308964	10.427155327325462	0.08741517851044266	3.0967710078903594	0.5630937141431266	0.40170789815741736	0.0
/rds/general/user/osella/home/rl-qecc-data/supervisedLearning/sweep2/g5_mix_66-96-126_H10_s12345.pth	10	12345	8	mixed	[(6, 6), (9, 6), (12, 6)]	True	True	True	False	geometric5	4412297	15	3	2026-07-31	12.694056014165891	10.427155327325462	0.07255399304020972	1.9776016868171113	0.5652372979275317	0.40090982011589665	0.0
/rds/general/user/osella/home/rl-qecc-data/supervisedLearning/sweep2/g5_mix_66-96-126_H10_s2000.pth	10	2000	8	mixed	[(6, 6), (9, 6), (12, 6)]	True	True	True	False	geometric5	4412297	15	3	2026-07-31	15.358121314067152	10.427155327325462	0.11189814798764561	4.128141060954064	0.5522987650472744	0.39100836999092764	0.06
/rds/general/user/osella/home/rl-qecc-data/supervisedLearning/sweep2/g5_mix_66-96-126_H10_s3000.pth	10	3000	8	mixed	[(6, 6), (9, 6), (12, 6)]	True	True	True	False	geometric5	4412297	15	3	2026-07-31	15.404409938102274	10.427155327325462	0.0994487192609905	4.7836811642233705	0.557176340074847	0.3951528407076177	0.04
/rds/general/user/osella/home/rl-qecc-data/supervisedLearning/sweep2/g5_mix_66-96-126_H10_s4000.pth	10	4000	8	mixed	[(6, 6), (9, 6), (12, 6)]	True	True	True	False	geometric5	4412297	15	3	2026-07-31	14.091952094068203	10.427155327325462	0.10158667341266109	2.993613588545214	0.5582103234295038	0.3952972524873117	0.04
/rds/general/user/osella/home/rl-qecc-data/supervisedLearning/sweep2/g5_mix_66-96-126_H10_s466555.pth	10	466555	8	mixed	[(6, 6), (9, 6), (12, 6)]	True	True	True	False	geometric5	4412297	15	3	2026-07-31	13.713519171545732	10.427155327325462	0.09128462237645409	4.0120615138236575	0.573061348630733	0.40636318861466847	0.0
/rds/general/user/osella/home/rl-qecc-data/supervisedLearning/sweep2/g5_mix_66-96-126_H10_s5000.pth	10	5000	8	mixed	[(6, 6), (9, 6), (12, 6)]	True	True	True	False	geometric5	4412297	15	3	2026-07-31	14.568017321099353	10.427155327325462	0.1015359525682822	5.793536577509789	0.5320818212733265	0.3761009407754735	0.02
/rds/general/user/osella/home/rl-qecc-data/supervisedLearning/sweep2/g5_mix_66-96-126_H10_s54321.pth	10	54321	8	mixed	[(6, 6), (9, 6), (12, 6)]	True	True	True	False	geometric5	4412297	15	3	2026-07-31	14.35558591915084	10.427155327325462	0.10105776032498981	4.12062083141594	0.5938076014548367	0.42099741318862005	0.02
/rds/general/user/osella/home/rl-qecc-data/supervisedLearning/sweep2/g5_mix_66-96-126_H10_s6000.pth	10	6000	8	mixed	[(6, 6), (9, 6), (12, 6)]	True	True	True	False	geometric5	4412297	15	3	2026-07-31	13.757847064266912	10.427155327325462	0.08971156777103566	3.4938002285742074	0.5600596821416546	0.39571761943596434	0.04
/rds/general/user/osella/home/rl-qecc-data/supervisedLearning/sweep2/g5_mix_66-96-126_H10_s7134066.pth	10	7134066	8	mixed	[(6, 6), (9, 6), (12, 6)]	True	True	True	False	geometric5	4412297	15	3	2026-07-31	15.949794769269415	10.427155327325462	0.12406445324451616	4.887932020279198	0.5780875101240429	0.41051161646218953	0.04
/rds/general/user/osella/home/rl-qecc-data/supervisedLearning/sweep2/g5_mix_66-96-126_H3_s1000.pth	3	1000	8	mixed	[(6, 6), (9, 6), (12, 6)]	True	True	True	False	geometric5	4412297	15	3	2026-07-31	14.611114931851644	10.427155327325462	0.09517834107485935	3.7618896408404674	0.5859810045668317	0.4169925949666289	0.0
/rds/general/user/osella/home/rl-qecc-data/supervisedLearning/sweep2/g5_mix_66-96-126_H3_s12345.pth	3	12345	8	mixed	[(6, 6), (9, 6), (12, 6)]	True	True	True	False	geometric5	4412297	15	3	2026-07-31	19.344205904248724	10.427155327325462	0.13093645715805208	5.449973974588909	0.4771106014444833	0.332972446907082	0.0
/rds/general/user/osella/home/rl-qecc-data/supervisedLearning/sweep2/g5_mix_66-96-126_H3_s2000.pth	3	2000	8	mixed	[(6, 6), (9, 6), (12, 6)]	True	True	True	False	geometric5	4412297	15	3	2026-07-31	14.97361520609939	10.427155327325462	0.11324485857218243	6.528773762168445	0.5825043453313784	0.41375276066737576	0.0
/rds/general/user/osella/home/rl-qecc-data/supervisedLearning/sweep2/g5_mix_66-96-126_H3_s3000.pth	3	3000	8	mixed	[(6, 6), (9, 6), (12, 6)]	True	True	True	False	geometric5	4412297	15	3	2026-07-31	18.079997057017295	10.427155327325462	0.1484393416615768	5.137674718348649	0.6075158607615236	0.4312940102195236	0.04
/rds/general/user/osella/home/rl-qecc-data/supervisedLearning/sweep2/g5_mix_66-96-126_H3_s4000.pth	3	4000	8	mixed	[(6, 6), (9, 6), (12, 6)]	True	True	True	False	geometric5	4412297	15	3	2026-07-31	15.668403074334591	10.427155327325462	0.11960298133109643	5.260661954731945	0.5936755695386076	0.42502434649129284	0.02
/rds/general/user/osella/home/rl-qecc-data/supervisedLearning/sweep2/g5_mix_66-96-126_H3_s466555.pth	3	466555	8	mixed	[(6, 6), (9, 6), (12, 6)]	True	True	True	False	geometric5	4412297	15	3	2026-07-31	15.925134390200713	10.427155327325462	0.12541990343433676	4.829179117107358	0.5257764123121423	0.3700012584844375	0.02
/rds/general/user/osella/home/rl-qecc-data/supervisedLearning/sweep2/g5_mix_66-96-126_H3_s5000.pth	3	5000	8	mixed	[(6, 6), (9, 6), (12, 6)]	True	True	True	False	geometric5	4412297	15	3	2026-07-31	18.957584909060593	10.427155327325462	0.14704141492914657	4.462130137894122	0.5690962879107134	0.40196171629073224	0.0
/rds/general/user/osella/home/rl-qecc-data/supervisedLearning/sweep2/g5_mix_66-96-126_H3_s54321.pth	3	54321	8	mixed	[(6, 6), (9, 6), (12, 6)]	True	True	True	False	geometric5	4412297	15	3	2026-07-31	16.039660576209773	10.427155327325462	0.12805784770570364	2.7537883827505394	0.5749898676114139	0.4066921372868413	0.04
/rds/general/user/osella/home/rl-qecc-data/supervisedLearning/sweep2/g5_mix_66-96-126_H3_s6000.pth	3	6000	8	mixed	[(6, 6), (9, 6), (12, 6)]	True	True	True	False	geometric5	4412297	15	3	2026-07-31	18.32069776531526	10.427155327325462	0.13492571557483093	6.993766644780745	0.608309686535801	0.4335846900979982	0.0
/rds/general/user/osella/home/rl-qecc-data/supervisedLearning/sweep2/g5_mix_66-96-126_H3_s7134066.pth	3	7134066	8	mixed	[(6, 6), (9, 6), (12, 6)]	True	True	True	False	geometric5	4412297	15	3	2026-07-31	16.271106487412357	10.427155327325462	0.11973053320473467	4.832990103061525	0.5449888828894138	0.3887481673721637	0.0
/rds/general/user/osella/home/rl-qecc-data/supervisedLearning/sweep2/g5_mix_66-96-126_H4_s1000.pth	4	1000	8	mixed	[(6, 6), (9, 6), (12, 6)]	True	True	True	False	geometric5	4412297	15	3	2026-07-31	17.154159216853806	10.427155327325462	0.12638174375321687	12.175868266174552	0.5248932936681355	0.36950328245662006	0.02
/rds/general/user/osella/home/rl-qecc-data/supervisedLearning/sweep2/g5_mix_66-96-126_H4_s12345.pth	4	12345	8	mixed	[(6, 6), (9, 6), (12, 6)]	True	True	True	False	geometric5	4412297	15	3	2026-07-31	16.302066823418897	10.427155327325462	0.12373899513626226	10.28698044714818	0.5684602032980802	0.4028085151581121	0.02
/rds/general/user/osella/home/rl-qecc-data/supervisedLearning/sweep2/g5_mix_66-96-126_H4_s2000.pth	4	2000	8	mixed	[(6, 6), (9, 6), (12, 6)]	True	True	True	False	geometric5	4412297	15	3	2026-07-31	14.543215054749858	10.427155327325462	0.10757496427231927	4.237580760008956	0.6171676491148274	0.4420174525723454	0.0
/rds/general/user/osella/home/rl-qecc-data/supervisedLearning/sweep2/g5_mix_66-96-126_H4_s3000.pth	4	3000	8	mixed	[(6, 6), (9, 6), (12, 6)]	True	True	True	False	geometric5	4412297	15	3	2026-07-31	13.197504222822774	10.427155327325462	0.07380845968627782	3.3687822244790664	0.6102211254553978	0.43731503627468316	0.04
/rds/general/user/osella/home/rl-qecc-data/supervisedLearning/sweep2/g5_mix_66-96-126_H4_s4000.pth	4	4000	8	mixed	[(6, 6), (9, 6), (12, 6)]	True	True	True	False	geometric5	4412297	15	3	2026-07-31	25.458970620448515	10.427155327325462	0.18061080653677927	12.648136288339611	0.4871544125959573	0.3419234491117113	0.0
/rds/general/user/osella/home/rl-qecc-data/supervisedLearning/sweep2/g5_mix_66-96-126_H4_s466555.pth	4	466555	8	mixed	[(6, 6), (9, 6), (12, 6)]	True	True	True	False	geometric5	4412297	15	3	2026-07-31	15.863275376001704	10.427155327325462	0.1162503107565892	9.22453048689938	0.5735800022938508	0.4060064336921261	0.0
/rds/general/user/osella/home/rl-qecc-data/supervisedLearning/sweep2/g5_mix_66-96-126_H4_s5000.pth	4	5000	8	mixed	[(6, 6), (9, 6), (12, 6)]	True	True	True	False	geometric5	4412297	15	3	2026-07-31	13.215176533318015	10.427155327325462	0.08738578718565564	2.550354161533983	0.5713280306918697	0.4046479946245231	0.04
/rds/general/user/osella/home/rl-qecc-data/supervisedLearning/sweep2/g5_mix_66-96-126_H4_s54321.pth	4	54321	8	mixed	[(6, 6), (9, 6), (12, 6)]	True	True	True	False	geometric5	4412297	15	3	2026-07-31	14.255843618547008	10.427155327325462	0.10546029090680256	4.34348829465983	0.5761984765786411	0.408494638465214	0.04
/rds/general/user/osella/home/rl-qecc-data/supervisedLearning/sweep2/g5_mix_66-96-126_H4_s6000.pth	4	6000	8	mixed	[(6, 6), (9, 6), (12, 6)]	True	True	True	False	geometric5	4412297	15	3	2026-07-31	12.996049267750545	10.427155327325462	0.0825352361076544	2.336337092626514	0.5833045822061841	0.4150724812321144	0.0
/rds/general/user/osella/home/rl-qecc-data/supervisedLearning/sweep2/g5_mix_66-96-126_H4_s7134066.pth	4	7134066	8	mixed	[(6, 6), (9, 6), (12, 6)]	True	True	True	False	geometric5	4412297	15	3	2026-07-31	17.320694990425277	10.427155327325462	0.12962115798761614	7.509519830811211	0.5876648092917864	0.4184240313457699	0.0
/rds/general/user/osella/home/rl-qecc-data/supervisedLearning/sweep2/g5_mix_66-96-126_H6_s1000.pth	6	1000	8	mixed	[(6, 6), (9, 6), (12, 6)]	True	True	True	False	geometric5	4412297	15	3	2026-07-31	16.351498893097524	10.427155327325462	0.1215091790074942	6.946800131297628	0.5487531991846643	0.386298314960277	0.02
/rds/general/user/osella/home/rl-qecc-data/supervisedLearning/sweep2/g5_mix_66-96-126_H6_s12345.pth	6	12345	8	mixed	[(6, 6), (9, 6), (12, 6)]	True	True	True	False	geometric5	4412297	15	3	2026-07-31	19.36080954678689	10.427155327325462	0.1501877918041392	5.439162044934265	0.5185023182172046	0.36365076833803156	0.02
/rds/general/user/osella/home/rl-qecc-data/supervisedLearning/sweep2/g5_mix_66-96-126_H6_s2000.pth	6	2000	8	mixed	[(6, 6), (9, 6), (12, 6)]	True	True	True	False	geometric5	4412297	15	3	2026-07-31	12.833733057607217	10.427155327325462	0.07797879673502776	2.8253189499947635	0.5518649674328944	0.3908776840655269	0.0
/rds/general/user/osella/home/rl-qecc-data/supervisedLearning/sweep2/g5_mix_66-96-126_H6_s3000.pth	6	3000	8	mixed	[(6, 6), (9, 6), (12, 6)]	True	True	True	False	geometric5	4412297	15	3	2026-07-31	13.061520079359905	10.427155327325462	0.08423350788535236	3.8136186373975813	0.6140139919681172	0.44059278322323037	0.02
/rds/general/user/osella/home/rl-qecc-data/supervisedLearning/sweep2/g5_mix_66-96-126_H6_s4000.pth	6	4000	8	mixed	[(6, 6), (9, 6), (12, 6)]	True	True	True	False	geometric5	4412297	15	3	2026-07-31	13.23632658652606	10.427155327325462	0.0853176890276258	2.994638840690895	0.5299891027631664	0.374663223903221	0.06
/rds/general/user/osella/home/rl-qecc-data/supervisedLearning/sweep2/g5_mix_66-96-126_H6_s466555.pth	6	466555	8	mixed	[(6, 6), (9, 6), (12, 6)]	True	True	True	False	geometric5	4412297	15	3	2026-07-31	13.147261836254287	10.427155327325462	0.08175516770575614	2.7249123897500622	0.5602059873646317	0.39841671546296153	0.06
/rds/general/user/osella/home/rl-qecc-data/supervisedLearning/sweep2/g5_mix_66-96-126_H6_s5000.pth	6	5000	8	mixed	[(6, 6), (9, 6), (12, 6)]	True	True	True	False	geometric5	4412297	15	3	2026-07-31	13.012276694517478	10.427155327325462	0.07474355550139355	2.23446511602946	0.6149441432617062	0.4389550621509588	0.0
/rds/general/user/osella/home/rl-qecc-data/supervisedLearning/sweep2/g5_mix_66-96-126_H6_s54321.pth	6	54321	8	mixed	[(6, 6), (9, 6), (12, 6)]	True	True	True	False	geometric5	4412297	15	3	2026-07-31	12.883514525992313	10.427155327325462	0.06935985121388782	2.9703786777309067	0.5206238026734884	0.3661394598955816	0.0
/rds/general/user/osella/home/rl-qecc-data/supervisedLearning/sweep2/g5_mix_66-96-126_H6_s6000.pth	6	6000	8	mixed	[(6, 6), (9, 6), (12, 6)]	True	True	True	False	geometric5	4412297	15	3	2026-07-31	12.491389593561726	10.427155327325462	0.07095856973079469	2.9304135392468944	0.6136855918980607	0.4386705411429433	0.02
/rds/general/user/osella/home/rl-qecc-data/supervisedLearning/sweep2/g5_mix_66-96-126_H6_s7134066.pth	6	7134066	8	mixed	[(6, 6), (9, 6), (12, 6)]	True	True	True	False	geometric5	4412297	15	3	2026-07-31	15.042366060869567	10.427155327325462	0.10761952393952703	7.290605351823557	0.5553999050686955	0.3937100505168151	0.06
/rds/general/user/osella/home/rl-qecc-data/supervisedLearning/sweep2/g5_mix_66-96-126_H7_s1000.pth	7	1000	8	mixed	[(6, 6), (9, 6), (12, 6)]	True	True	True	False	geometric5	4412297	15	3	2026-07-31	14.072449362548385	10.427155327325462	0.09187620088419725	3.7727508156907166	0.5335152406425832	0.37581307418420745	0.0
/rds/general/user/osella/home/rl-qecc-data/supervisedLearning/sweep2/g5_mix_66-96-126_H7_s12345.pth	7	12345	8	mixed	[(6, 6), (9, 6), (12, 6)]	True	True	True	False	geometric5	4412297	15	3	2026-07-31	14.310542983204966	10.427155327325462	0.09183765953253623	4.517980132638638	0.5424698232350053	0.383458342741068	0.02
/rds/general/user/osella/home/rl-qecc-data/supervisedLearning/sweep2/g5_mix_66-96-126_H7_s2000.pth	7	2000	8	mixed	[(6, 6), (9, 6), (12, 6)]	True	True	True	False	geometric5	4412297	15	3	2026-07-31	13.864011003517534	10.427155327325462	0.09721938719062305	3.954697320293082	0.5872003949869335	0.41712360743875715	0.0
/rds/general/user/osella/home/rl-qecc-data/supervisedLearning/sweep2/g5_mix_66-96-126_H7_s3000.pth	7	3000	8	mixed	[(6, 6), (9, 6), (12, 6)]	True	True	True	False	geometric5	4412297	15	3	2026-07-31	14.009281836037205	10.427155327325462	0.10230850314430842	4.699426493995511	0.6003979190426436	0.4281663477770374	0.02
/rds/general/user/osella/home/rl-qecc-data/supervisedLearning/sweep2/g5_mix_66-96-126_H7_s4000.pth	7	4000	8	mixed	[(6, 6), (9, 6), (12, 6)]	True	True	True	False	geometric5	4412297	15	3	2026-07-31	14.233479327367208	10.427155327325462	0.10096698440874814	4.057754351526074	0.5977570770886479	0.4272713517135477	0.04
/rds/general/user/osella/home/rl-qecc-data/supervisedLearning/sweep2/g5_mix_66-96-126_H7_s466555.pth	7	466555	8	mixed	[(6, 6), (9, 6), (12, 6)]	True	True	True	False	geometric5	4412297	15	3	2026-07-31	15.267500347799649	10.427155327325462	0.11311496340554657	6.431114436685128	0.6147201841158869	0.43981217671032746	0.04
/rds/general/user/osella/home/rl-qecc-data/supervisedLearning/sweep2/g5_mix_66-96-126_H7_s5000.pth	7	5000	8	mixed	[(6, 6), (9, 6), (12, 6)]	True	True	True	False	geometric5	4412297	15	3	2026-07-31	13.613851474253046	10.427155327325462	0.08730682333576541	3.833986615155945	0.5452760226676828	0.3839446459973092	0.02
/rds/general/user/osella/home/rl-qecc-data/supervisedLearning/sweep2/g5_mix_66-96-126_H7_s54321.pth	7	54321	8	mixed	[(6, 6), (9, 6), (12, 6)]	True	True	True	False	geometric5	4412297	15	3	2026-07-31	13.50674587387782	10.427155327325462	0.0895071241564521	3.9676026715647894	0.6077692646520453	0.4347575008940577	0.06
/rds/general/user/osella/home/rl-qecc-data/supervisedLearning/sweep2/g5_mix_66-96-126_H7_s6000.pth	7	6000	8	mixed	[(6, 6), (9, 6), (12, 6)]	True	True	True	False	geometric5	4412297	15	3	2026-07-31	13.670709006085515	10.427155327325462	0.08412345313798894	4.590017431015555	0.5511120200610573	0.3872357493466991	0.02
/rds/general/user/osella/home/rl-qecc-data/supervisedLearning/sweep2/g5_mix_66-96-126_H7_s7134066.pth	7	7134066	8	mixed	[(6, 6), (9, 6), (12, 6)]	True	True	True	False	geometric5	4412297	15	3	2026-07-31	14.730919543817292	10.427155327325462	0.10530946253431014	5.597574274789455	0.553746059425232	0.3917225487585746	0.0
/rds/general/user/osella/home/rl-qecc-data/supervisedLearning/sweep2/g5_mix_66-96_H10_s1000.pth	10	1000	12	mixed	[(6, 6), (9, 6)]	True	True	False	False	geometric5	4412297	15	3	2026-07-31	12.166353694254594	10.427155327325462	0.053288557058340014	2.3943183181655185	0.5093473124839457	0.3547539003936741	0.0
/rds/general/user/osella/home/rl-qecc-data/supervisedLearning/sweep2/g5_mix_66-96_H10_s12345.pth	10	12345	12	mixed	[(6, 6), (9, 6)]	True	True	False	False	geometric5	4412297	15	3	2026-07-31	12.370412787630995	10.427155327325462	0.051795979983153016	3.4459762399603875	0.5863968177914111	0.41656192560385735	0.0
/rds/general/user/osella/home/rl-qecc-data/supervisedLearning/sweep2/g5_mix_66-96_H10_s2000.pth	10	2000	12	mixed	[(6, 6), (9, 6)]	True	True	False	False	geometric5	4412297	15	3	2026-07-31	13.467417906795914	10.427155327325462	0.061115481248202964	2.16279419421604	0.4479556505655889	0.3147569654681871	0.04
/rds/general/user/osella/home/rl-qecc-data/supervisedLearning/sweep2/g5_mix_66-96_H10_s3000.pth	10	3000	12	mixed	[(6, 6), (9, 6)]	True	True	False	False	geometric5	4412297	15	3	2026-07-31	12.716417417366602	10.427155327325462	0.06312132273220722	3.444500043698178	0.5566689505856399	0.392757353778107	0.0
/rds/general/user/osella/home/rl-qecc-data/supervisedLearning/sweep2/g5_mix_66-96_H10_s4000.pth	10	4000	12	mixed	[(6, 6), (9, 6)]	True	True	False	False	geometric5	4412297	15	3	2026-07-31	12.405342152404371	10.427155327325462	0.06085310461947916	1.9591464678041604	0.5425149957215007	0.3833292382639628	0.02
/rds/general/user/osella/home/rl-qecc-data/supervisedLearning/sweep2/g5_mix_66-96_H10_s466555.pth	10	466555	12	mixed	[(6, 6), (9, 6)]	True	True	False	False	geometric5	4412297	15	3	2026-07-31	12.257514714590194	10.427155327325462	0.0531944354519793	2.81660803449337	0.5769423669969217	0.40964899609549027	0.04
/rds/general/user/osella/home/rl-qecc-data/supervisedLearning/sweep2/g5_mix_66-96_H10_s5000.pth	10	5000	12	mixed	[(6, 6), (9, 6)]	True	True	False	False	geometric5	4412297	15	3	2026-07-31	12.194569500279632	10.427155327325462	0.052927124499758275	2.605846042223569	0.5497339564286916	0.38800823749346847	0.0
/rds/general/user/osella/home/rl-qecc-data/supervisedLearning/sweep2/g5_mix_66-96_H10_s54321.pth	10	54321	12	mixed	[(6, 6), (9, 6)]	True	True	False	False	geometric5	4412297	15	3	2026-07-31	13.782649716298813	10.427155327325462	0.06046965757985275	4.971100900880502	0.5747965162239419	0.4067363333058907	0.0
/rds/general/user/osella/home/rl-qecc-data/supervisedLearning/sweep2/g5_mix_66-96_H10_s6000.pth	10	6000	12	mixed	[(6, 6), (9, 6)]	True	True	False	False	geometric5	4412297	15	3	2026-07-31	12.784613300969733	10.427155327325462	0.05812550968407899	2.796408704267892	0.40570561836639285	0.2786327917327053	0.04
/rds/general/user/osella/home/rl-qecc-data/supervisedLearning/sweep2/g5_mix_66-96_H10_s7134066.pth	10	7134066	12	mixed	[(6, 6), (9, 6)]	True	True	False	False	geometric5	4412297	15	3	2026-07-31	12.155682111565998	10.427155327325462	0.05244323043662122	2.64489153216397	0.5325417623468576	0.3743034463642434	0.0
/rds/general/user/osella/home/rl-qecc-data/supervisedLearning/sweep2/g5_mix_66-96_H3_s1000.pth	3	1000	12	mixed	[(6, 6), (9, 6)]	True	True	False	False	geometric5	4412297	15	3	2026-07-31	12.853010298612833	10.427155327325462	0.05971485778097746	2.4138331797511294	0.5003818354776862	0.3506512854127569	0.02
/rds/general/user/osella/home/rl-qecc-data/supervisedLearning/sweep2/g5_mix_66-96_H3_s12345.pth	3	12345	12	mixed	[(6, 6), (9, 6)]	True	True	False	False	geometric5	4412297	15	3	2026-07-31	13.078745602269366	10.427155327325462	0.057972942387433855	2.038359537831692	0.45247289077760766	0.32156755227871614	0.0
/rds/general/user/osella/home/rl-qecc-data/supervisedLearning/sweep2/g5_mix_66-96_H3_s2000.pth	3	2000	12	mixed	[(6, 6), (9, 6)]	True	True	False	False	geometric5	4412297	15	3	2026-07-31	12.04213698239096	10.427155327325462	0.05248438283647029	1.8757055779094196	0.5736372501924898	0.40876875318962047	0.08
/rds/general/user/osella/home/rl-qecc-data/supervisedLearning/sweep2/g5_mix_66-96_H3_s3000.pth	3	3000	12	mixed	[(6, 6), (9, 6)]	True	True	False	False	geometric5	4412297	15	3	2026-07-31	14.603560614413853	10.427155327325462	0.09947572929635906	3.2554886537167813	0.36224848557381684	0.2512119896651123	0.02
/rds/general/user/osella/home/rl-qecc-data/supervisedLearning/sweep2/g5_mix_66-96_H3_s4000.pth	3	4000	12	mixed	[(6, 6), (9, 6)]	True	True	False	False	geometric5	4412297	15	3	2026-07-31	14.425460674158053	10.427155327325462	0.07853102189177127	2.4088543156439686	0.5447658513879156	0.38191471270322164	0.04
/rds/general/user/osella/home/rl-qecc-data/supervisedLearning/sweep2/g5_mix_66-96_H3_s466555.pth	3	466555	12	mixed	[(6, 6), (9, 6)]	True	True	False	False	geometric5	4412297	15	3	2026-07-31	13.01836438997205	10.427155327325462	0.07615297627242541	3.8454774246656926	0.60313776696701	0.4280002292408022	0.02
/rds/general/user/osella/home/rl-qecc-data/supervisedLearning/sweep2/g5_mix_66-96_H3_s5000.pth	3	5000	12	mixed	[(6, 6), (9, 6)]	True	True	False	False	geometric5	4412297	15	3	2026-07-31	12.546312879192229	10.427155327325462	0.05262807002893641	2.0889228814001717	0.5044267390357022	0.3582132112887636	0.02
/rds/general/user/osella/home/rl-qecc-data/supervisedLearning/sweep2/g5_mix_66-96_H3_s54321.pth	3	54321	12	mixed	[(6, 6), (9, 6)]	True	True	False	False	geometric5	4412297	15	3	2026-07-31	12.162063690972776	10.427155327325462	0.05680813077786629	2.121294127073777	0.494722096798927	0.34896865226845786	0.02
/rds/general/user/osella/home/rl-qecc-data/supervisedLearning/sweep2/g5_mix_66-96_H3_s6000.pth	3	6000	12	mixed	[(6, 6), (9, 6)]	True	True	False	False	geometric5	4412297	15	3	2026-07-31	12.793059859120278	10.427155327325462	0.06101623345312736	2.6282743340928114	0.5865207288137444	0.4167906582882647	0.0
/rds/general/user/osella/home/rl-qecc-data/supervisedLearning/sweep2/g5_mix_66-96_H3_s7134066.pth	3	7134066	12	mixed	[(6, 6), (9, 6)]	True	True	False	False	geometric5	4412297	15	3	2026-07-31	15.844756223829311	10.427155327325462	0.10630888021208941	8.104030007243658	0.5527814481414071	0.3878569902462413	0.06
/rds/general/user/osella/home/rl-qecc-data/supervisedLearning/sweep2/g5_mix_66-96_H4_s1000.pth	4	1000	12	mixed	[(6, 6), (9, 6)]	True	True	False	False	geometric5	4412297	15	3	2026-07-31	14.065624724174924	10.427155327325462	0.08686521683924127	3.503812460272701	0.4032866999137945	0.28046243223689604	0.02
/rds/general/user/osella/home/rl-qecc-data/supervisedLearning/sweep2/g5_mix_66-96_H4_s12345.pth	4	12345	12	mixed	[(6, 6), (9, 6)]	True	True	False	False	geometric5	4412297	15	3	2026-07-31	12.690613225986827	10.427155327325462	0.05720166267599104	1.996677409319786	0.49985560451386346	0.35504846207913476	0.0
/rds/general/user/osella/home/rl-qecc-data/supervisedLearning/sweep2/g5_mix_66-96_H4_s2000.pth	4	2000	12	mixed	[(6, 6), (9, 6)]	True	True	False	False	geometric5	4412297	15	3	2026-07-31	12.459043861852923	10.427155327325462	0.055907869672348946	3.4363298124706003	0.5899741770156341	0.41914705726294743	0.0
/rds/general/user/osella/home/rl-qecc-data/supervisedLearning/sweep2/g5_mix_66-96_H4_s3000.pth	4	3000	12	mixed	[(6, 6), (9, 6)]	True	True	False	False	geometric5	4412297	15	3	2026-07-31	12.324421769854728	10.427155327325462	0.0520655312630522	2.4082792990213826	0.5828399292441737	0.4130262802836637	0.0
/rds/general/user/osella/home/rl-qecc-data/supervisedLearning/sweep2/g5_mix_66-96_H4_s4000.pth	4	4000	12	mixed	[(6, 6), (9, 6)]	True	True	False	False	geometric5	4412297	15	3	2026-07-31	20.9110531881277	10.427155327325462	0.11242493073215527	6.956781500951899	0.34080783099999123	0.2307332614711704	0.0
/rds/general/user/osella/home/rl-qecc-data/supervisedLearning/sweep2/g5_mix_66-96_H4_s466555.pth	4	466555	12	mixed	[(6, 6), (9, 6)]	True	True	False	False	geometric5	4412297	15	3	2026-07-31	12.741913748179456	10.427155327325462	0.06713170078927012	1.9123475418223548	0.5442215793703381	0.38485185405390443	0.04
/rds/general/user/osella/home/rl-qecc-data/supervisedLearning/sweep2/g5_mix_66-96_H4_s5000.pth	4	5000	12	mixed	[(6, 6), (9, 6)]	True	True	False	False	geometric5	4412297	15	3	2026-07-31	18.97519052429857	10.427155327325462	0.1404834404414616	4.341931221333335	0.17317445783656635	0.11588158944633516	0.0
/rds/general/user/osella/home/rl-qecc-data/supervisedLearning/sweep2/g5_mix_66-96_H4_s54321.pth	4	54321	12	mixed	[(6, 6), (9, 6)]	True	True	False	False	geometric5	4412297	15	3	2026-07-31	14.81762411080879	10.427155327325462	0.10582747221632438	3.465685583331305	0.34712728663632636	0.2381862187059572	0.04
/rds/general/user/osella/home/rl-qecc-data/supervisedLearning/sweep2/g5_mix_66-96_H4_s6000.pth	4	6000	12	mixed	[(6, 6), (9, 6)]	True	True	False	False	geometric5	4412297	15	3	2026-07-31	25.09198292041906	10.427155327325462	0.16023517865841597	4.76761109722332	0.3272529736669049	0.22526493086274177	0.02
/rds/general/user/osella/home/rl-qecc-data/supervisedLearning/sweep2/g5_mix_66-96_H4_s7134066.pth	4	7134066	12	mixed	[(6, 6), (9, 6)]	True	True	False	False	geometric5	4412297	15	3	2026-07-31	12.406870889533558	10.427155327325462	0.06522359340480084	4.645424359496685	0.5646668991307559	0.3973118590188673	0.0
/rds/general/user/osella/home/rl-qecc-data/supervisedLearning/sweep2/g5_mix_66-96_H6_s1000.pth	6	1000	12	mixed	[(6, 6), (9, 6)]	True	True	False	False	geometric5	4412297	15	3	2026-07-31	11.963848378207784	10.427155327325462	0.052414569282418506	1.954148645762357	0.5208848918743517	0.3678170986135277	0.0
/rds/general/user/osella/home/rl-qecc-data/supervisedLearning/sweep2/g5_mix_66-96_H6_s12345.pth	6	12345	12	mixed	[(6, 6), (9, 6)]	True	True	False	False	geometric5	4412297	15	3	2026-07-31	12.567854365956203	10.427155327325462	0.06064360565061457	2.136427910801901	0.5139544899945536	0.36150922540436997	0.0
/rds/general/user/osella/home/rl-qecc-data/supervisedLearning/sweep2/g5_mix_66-96_H6_s2000.pth	6	2000	12	mixed	[(6, 6), (9, 6)]	True	True	False	False	geometric5	4412297	15	3	2026-07-31	12.015043360659986	10.427155327325462	0.050159579360881716	2.1392553941982664	0.5927377129132283	0.42137426573167364	0.02
/rds/general/user/osella/home/rl-qecc-data/supervisedLearning/sweep2/g5_mix_66-96_H6_s3000.pth	6	3000	12	mixed	[(6, 6), (9, 6)]	True	True	False	False	geometric5	4412297	15	3	2026-07-31	12.33211340847403	10.427155327325462	0.053695717553902435	2.417764736695676	0.530034814611988	0.37342328297932736	0.0
/rds/general/user/osella/home/rl-qecc-data/supervisedLearning/sweep2/g5_mix_66-96_H6_s4000.pth	6	4000	12	mixed	[(6, 6), (9, 6)]	True	True	False	False	geometric5	4412297	15	3	2026-07-31	12.894714277611426	10.427155327325462	0.07410803535573653	3.3551113964942956	0.5293381969322154	0.372005254972029	0.02
/rds/general/user/osella/home/rl-qecc-data/supervisedLearning/sweep2/g5_mix_66-96_H6_s466555.pth	6	466555	12	mixed	[(6, 6), (9, 6)]	True	True	False	False	geometric5	4412297	15	3	2026-07-31	12.003673067221012	10.427155327325462	0.05092502183706639	1.9174313917612127	0.5610785957536117	0.396571595476811	0.0
/rds/general/user/osella/home/rl-qecc-data/supervisedLearning/sweep2/g5_mix_66-96_H6_s5000.pth	6	5000	12	mixed	[(6, 6), (9, 6)]	True	True	False	False	geometric5	4412297	15	3	2026-07-31	12.333535027968331	10.427155327325462	0.060158558478918926	2.437417788332185	0.5926840882853348	0.4225340859301417	0.02
/rds/general/user/osella/home/rl-qecc-data/supervisedLearning/sweep2/g5_mix_66-96_H6_s54321.pth	6	54321	12	mixed	[(6, 6), (9, 6)]	True	True	False	False	geometric5	4412297	15	3	2026-07-31	12.39195807521461	10.427155327325462	0.053129245379740925	2.295930706824906	0.5298111313101227	0.3716287535325461	0.0
/rds/general/user/osella/home/rl-qecc-data/supervisedLearning/sweep2/g5_mix_66-96_H6_s6000.pth	6	6000	12	mixed	[(6, 6), (9, 6)]	True	True	False	False	geometric5	4412297	15	3	2026-07-31	12.33020137047876	10.427155327325462	0.054560987507744504	2.9031822449965	0.5648370335680385	0.3977456466432221	0.06
/rds/general/user/osella/home/rl-qecc-data/supervisedLearning/sweep2/g5_mix_66-96_H6_s7134066.pth	6	7134066	12	mixed	[(6, 6), (9, 6)]	True	True	False	False	geometric5	4412297	15	3	2026-07-31	12.35922644973512	10.427155327325462	0.055466750226162986	2.0735036751151954	0.5289931899091813	0.37079292820837456	0.04
/rds/general/user/osella/home/rl-qecc-data/supervisedLearning/sweep2/g5_mix_66-96_H7_s1000.pth	7	1000	12	mixed	[(6, 6), (9, 6)]	True	True	False	False	geometric5	4412297	15	3	2026-07-31	12.658462647197245	10.427155327325462	0.05428301289302173	2.5185561019817952	0.53302625536011	0.3737929494866885	0.02
/rds/general/user/osella/home/rl-qecc-data/supervisedLearning/sweep2/g5_mix_66-96_H7_s12345.pth	7	12345	12	mixed	[(6, 6), (9, 6)]	True	True	False	False	geometric5	4412297	15	3	2026-07-31	12.100689307636403	10.427155327325462	0.056924493373784184	2.80680692888416	0.5272504461368354	0.36972890547302584	0.02
/rds/general/user/osella/home/rl-qecc-data/supervisedLearning/sweep2/g5_mix_66-96_H7_s2000.pth	7	2000	12	mixed	[(6, 6), (9, 6)]	True	True	False	False	geometric5	4412297	15	3	2026-07-31	12.553225459142205	10.427155327325462	0.059861518977486844	2.345862862272819	0.42943862573781505	0.29580749973190185	0.02
/rds/general/user/osella/home/rl-qecc-data/supervisedLearning/sweep2/g5_mix_66-96_H7_s3000.pth	7	3000	12	mixed	[(6, 6), (9, 6)]	True	True	False	False	geometric5	4412297	15	3	2026-07-31	11.970029786630032	10.427155327325462	0.05220421188768258	2.156852085685923	0.5986034683028959	0.42667981159941604	0.02
/rds/general/user/osella/home/rl-qecc-data/supervisedLearning/sweep2/g5_mix_66-96_H7_s4000.pth	7	4000	12	mixed	[(6, 6), (9, 6)]	True	True	False	False	geometric5	4412297	15	3	2026-07-31	12.903363910148352	10.427155327325462	0.062223731407309475	2.5360925247636943	0.588205117115248	0.41832364104487124	0.02
/rds/general/user/osella/home/rl-qecc-data/supervisedLearning/sweep2/g5_mix_66-96_H7_s466555.pth	7	466555	12	mixed	[(6, 6), (9, 6)]	True	True	False	False	geometric5	4412297	15	3	2026-07-31	12.593047931809974	10.427155327325462	0.06233723542271801	2.68996013399376	0.536232881927183	0.37844435628688816	0.02
/rds/general/user/osella/home/rl-qecc-data/supervisedLearning/sweep2/g5_mix_66-96_H7_s5000.pth	7	5000	12	mixed	[(6, 6), (9, 6)]	True	True	False	False	geometric5	4412297	15	3	2026-07-31	12.149864237422916	10.427155327325462	0.051829428044786685	2.626486075055701	0.5734148809439179	0.4068351680670791	0.02
/rds/general/user/osella/home/rl-qecc-data/supervisedLearning/sweep2/g5_mix_66-96_H7_s54321.pth	7	54321	12	mixed	[(6, 6), (9, 6)]	True	True	False	False	geometric5	4412297	15	3	2026-07-31	11.875666443435069	10.427155327325462	0.05050159866443272	1.9516608334845593	0.5657730593116301	0.40111759519325385	0.02
/rds/general/user/osella/home/rl-qecc-data/supervisedLearning/sweep2/g5_mix_66-96_H7_s6000.pth	7	6000	12	mixed	[(6, 6), (9, 6)]	True	True	False	False	geometric5	4412297	15	3	2026-07-31	12.659366319615229	10.427155327325462	0.060075116663367345	3.231531356296726	0.45046487825790177	0.31179511408716987	0.0
/rds/general/user/osella/home/rl-qecc-data/supervisedLearning/sweep2/g5_mix_66-96_H7_s7134066.pth	7	7134066	12	mixed	[(6, 6), (9, 6)]	True	True	False	False	geometric5	4412297	15	3	2026-07-31	12.706609203168014	10.427155327325462	0.05756669268383101	2.6225432388786385	0.47317351775838284	0.32854280276660075	0.02
/rds/general/user/osella/home/rl-qecc-data/supervisedLearning/sweep2/g5_mix_66_H10_s1000.pth	10	1000	24	mixed	[(6, 6)]	True	False	False	False	geometric5	4412297	15	3	2026-07-31	14.219835134855032	10.427155327325462	0.07923770438304323	5.026445273257362	0.286137123610581	0.1979366042280195	0.0
/rds/general/user/osella/home/rl-qecc-data/supervisedLearning/sweep2/g5_mix_66_H10_s12345.pth	10	12345	24	mixed	[(6, 6)]	True	False	False	False	geometric5	4412297	15	3	2026-07-31	12.843433840636713	10.427155327325462	0.06790651867276135	4.415242004020047	0.38592738753539846	0.26416014430085716	0.04
/rds/general/user/osella/home/rl-qecc-data/supervisedLearning/sweep2/g5_mix_66_H10_s2000.pth	10	2000	24	mixed	[(6, 6)]	True	False	False	False	geometric5	4412297	15	3	2026-07-31	14.48264849539378	10.427155327325462	0.07415255043585955	12.975560118015611	0.34440672469207645	0.23705306482244431	0.0
/rds/general/user/osella/home/rl-qecc-data/supervisedLearning/sweep2/g5_mix_66_H10_s3000.pth	10	3000	24	mixed	[(6, 6)]	True	False	False	False	geometric5	4412297	15	3	2026-07-31	12.873171550596368	10.427155327325462	0.06623172861505838	3.9986166074615093	0.3954699995115765	0.2724835762043571	0.04
/rds/general/user/osella/home/rl-qecc-data/supervisedLearning/sweep2/g5_mix_66_H10_s4000.pth	10	4000	24	mixed	[(6, 6)]	True	False	False	False	geometric5	4412297	15	3	2026-07-31	13.46092193970508	10.427155327325462	0.0700659194658897	5.875023636168778	0.33700048026258556	0.23125079436288082	0.0
/rds/general/user/osella/home/rl-qecc-data/supervisedLearning/sweep2/g5_mix_66_H10_s466555.pth	10	466555	24	mixed	[(6, 6)]	True	False	False	False	geometric5	4412297	15	3	2026-07-31	14.426406864576851	10.427155327325462	0.08386253003317932	4.133451704276788	0.3081370545132048	0.21247375428449827	0.02
/rds/general/user/osella/home/rl-qecc-data/supervisedLearning/sweep2/g5_mix_66_H10_s5000.pth	10	5000	24	mixed	[(6, 6)]	True	False	False	False	geometric5	4412297	15	3	2026-07-31	13.681375151935816	10.427155327325462	0.08330701402463564	3.7185117304987236	0.3830844452970012	0.26586978584737664	0.0
/rds/general/user/osella/home/rl-qecc-data/supervisedLearning/sweep2/g5_mix_66_H10_s54321.pth	10	54321	24	mixed	[(6, 6)]	True	False	False	False	geometric5	4412297	15	3	2026-07-31	13.531775703110673	10.427155327325462	0.08165749219897883	3.387421838375971	0.4147742278042687	0.2904833473115025	0.0
/rds/general/user/osella/home/rl-qecc-data/supervisedLearning/sweep2/g5_mix_66_H10_s6000.pth	10	6000	24	mixed	[(6, 6)]	True	False	False	False	geometric5	4412297	15	3	2026-07-31	14.385581154140333	10.427155327325462	0.07581398429878154	4.842404474348314	0.32166859184823904	0.2227405409111784	0.02
/rds/general/user/osella/home/rl-qecc-data/supervisedLearning/sweep2/g5_mix_66_H10_s7134066.pth	10	7134066	24	mixed	[(6, 6)]	True	False	False	False	geometric5	4412297	15	3	2026-07-31	15.979907550428273	10.427155327325462	0.08242903268261945	8.76022473522878	0.26447362051964024	0.18295496527320906	0.0
/rds/general/user/osella/home/rl-qecc-data/supervisedLearning/sweep2/g5_mix_66_H3_s1000.pth	3	1000	24	mixed	[(6, 6)]	True	False	False	False	geometric5	4412297	15	3	2026-07-31	15.618431535917983	10.427155327325462	0.08454039840619341	11.090633113848677	0.2483806232373213	0.17270490061825272	0.0
/rds/general/user/osella/home/rl-qecc-data/supervisedLearning/sweep2/g5_mix_66_H3_s12345.pth	3	12345	24	mixed	[(6, 6)]	True	False	False	False	geometric5	4412297	15	3	2026-07-31	14.065196445987436	10.427155327325462	0.09299193464440442	3.5786449203590993	0.38266516851512883	0.26739008253990953	0.0
/rds/general/user/osella/home/rl-qecc-data/supervisedLearning/sweep2/g5_mix_66_H3_s2000.pth	3	2000	24	mixed	[(6, 6)]	True	False	False	False	geometric5	4412297	15	3	2026-07-31	14.390372766075155	10.427155327325462	0.09946871257185987	2.6598392857887694	0.4092596502281918	0.2804776198651274	0.02
/rds/general/user/osella/home/rl-qecc-data/supervisedLearning/sweep2/g5_mix_66_H3_s3000.pth	3	3000	24	mixed	[(6, 6)]	True	False	False	False	geometric5	4412297	15	3	2026-07-31	13.72677543090235	10.427155327325462	0.06549645731864245	5.639744395896202	0.3540643617860962	0.24860889840096387	0.0
/rds/general/user/osella/home/rl-qecc-data/supervisedLearning/sweep2/g5_mix_66_H3_s4000.pth	3	4000	24	mixed	[(6, 6)]	True	False	False	False	geometric5	4412297	15	3	2026-07-31	13.263259112974557	10.427155327325462	0.06836560438292069	4.397456997215758	0.4157987252042012	0.28882968428614675	0.0
/rds/general/user/osella/home/rl-qecc-data/supervisedLearning/sweep2/g5_mix_66_H3_s466555.pth	3	466555	24	mixed	[(6, 6)]	True	False	False	False	geometric5	4412297	15	3	2026-07-31	14.05533494138719	10.427155327325462	0.06129081694984224	7.808142800172076	0.43112565097190186	0.3000397174474507	0.02
/rds/general/user/osella/home/rl-qecc-data/supervisedLearning/sweep2/g5_mix_66_H3_s5000.pth	3	5000	24	mixed	[(6, 6)]	True	False	False	False	geometric5	4412297	15	3	2026-07-31	13.113111324151102	10.427155327325462	0.07031608522336466	2.5124818678563257	0.5178762228976682	0.3635975902180053	0.0
/rds/general/user/osella/home/rl-qecc-data/supervisedLearning/sweep2/g5_mix_66_H3_s54321.pth	3	54321	24	mixed	[(6, 6)]	True	False	False	False	geometric5	4412297	15	3	2026-07-31	13.737172838730206	10.427155327325462	0.09388754607954809	2.697782643705715	0.43399703389414274	0.30152952304744074	0.0
/rds/general/user/osella/home/rl-qecc-data/supervisedLearning/sweep2/g5_mix_66_H3_s6000.pth	3	6000	24	mixed	[(6, 6)]	True	False	False	False	geometric5	4412297	15	3	2026-07-31	14.668351847650683	10.427155327325462	0.0952509188936186	6.817975980928466	0.2860119904730169	0.19679044361448697	0.0
/rds/general/user/osella/home/rl-qecc-data/supervisedLearning/sweep2/g5_mix_66_H3_s7134066.pth	3	7134066	24	mixed	[(6, 6)]	True	False	False	False	geometric5	4412297	15	3	2026-07-31	13.973344287722787	10.427155327325462	0.0933768130123782	3.570112473260728	0.4045852754401642	0.2810605503997102	0.0
/rds/general/user/osella/home/rl-qecc-data/supervisedLearning/sweep2/g5_mix_66_H4_s1000.pth	4	1000	24	mixed	[(6, 6)]	True	False	False	False	geometric5	4412297	15	3	2026-07-31	13.905231335081904	10.427155327325462	0.09832441424692909	3.8393240125964847	0.3302699433039402	0.22683369550505253	0.0
/rds/general/user/osella/home/rl-qecc-data/supervisedLearning/sweep2/g5_mix_66_H4_s12345.pth	4	12345	24	mixed	[(6, 6)]	True	False	False	False	geometric5	4412297	15	3	2026-07-31	13.285479770702175	10.427155327325462	0.05850549760356191	9.13536127263247	0.4204990529032282	0.2906181164614875	0.0
/rds/general/user/osella/home/rl-qecc-data/supervisedLearning/sweep2/g5_mix_66_H4_s2000.pth	4	2000	24	mixed	[(6, 6)]	True	False	False	False	geometric5	4412297	15	3	2026-07-31	17.18626573557846	10.427155327325462	0.10249266241168224	10.620801953512615	0.1431406343746978	0.09703079114712874	0.0
/rds/general/user/osella/home/rl-qecc-data/supervisedLearning/sweep2/g5_mix_66_H4_s3000.pth	4	3000	24	mixed	[(6, 6)]	True	False	False	False	geometric5	4412297	15	3	2026-07-31	13.642209735330095	10.427155327325462	0.06659028568479125	5.837051515679083	0.43698944113688365	0.30939870089432275	0.04
/rds/general/user/osella/home/rl-qecc-data/supervisedLearning/sweep2/g5_mix_66_H4_s4000.pth	4	4000	24	mixed	[(6, 6)]	True	False	False	False	geometric5	4412297	15	3	2026-07-31	14.215369003159758	10.427155327325462	0.06935816294821265	3.8391688772173476	0.3587775529703192	0.24853612849066153	0.0
/rds/general/user/osella/home/rl-qecc-data/supervisedLearning/sweep2/g5_mix_66_H4_s466555.pth	4	466555	24	mixed	[(6, 6)]	True	False	False	False	geometric5	4412297	15	3	2026-07-31	16.620800559918177	10.427155327325462	0.09755906643257581	8.517255145972985	0.2947409703692993	0.20562264353544243	0.02
/rds/general/user/osella/home/rl-qecc-data/supervisedLearning/sweep2/g5_mix_66_H4_s5000.pth	4	5000	24	mixed	[(6, 6)]	True	False	False	False	geometric5	4412297	15	3	2026-07-31	13.703540004888584	10.427155327325462	0.08672942550675654	3.163987224985753	0.40026042438967263	0.27649419279471404	0.0
/rds/general/user/osella/home/rl-qecc-data/supervisedLearning/sweep2/g5_mix_66_H4_s54321.pth	4	54321	24	mixed	[(6, 6)]	True	False	False	False	geometric5	4412297	15	3	2026-07-31	15.713014483815192	10.427155327325462	0.06435433276629136	8.848441228104301	0.44670408772970777	0.31096968389649904	0.0
/rds/general/user/osella/home/rl-qecc-data/supervisedLearning/sweep2/g5_mix_66_H4_s6000.pth	4	6000	24	mixed	[(6, 6)]	True	False	False	False	geometric5	4412297	15	3	2026-07-31	13.322556178708858	10.427155327325462	0.07122588723345989	4.924078468481549	0.38273303038293105	0.2662794164410893	0.0
/rds/general/user/osella/home/rl-qecc-data/supervisedLearning/sweep2/g5_mix_66_H4_s7134066.pth	4	7134066	24	mixed	[(6, 6)]	True	False	False	False	geometric5	4412297	15	3	2026-07-31	16.901211476916423	10.427155327325462	0.10372690202506035	7.9970013919118985	0.23876414297857304	0.16575273124075354	0.0
/rds/general/user/osella/home/rl-qecc-data/supervisedLearning/sweep2/g5_mix_66_H6_s1000.pth	6	1000	24	mixed	[(6, 6)]	True	False	False	False	geometric5	4412297	15	3	2026-07-31	13.662690775797934	10.427155327325462	0.056649149414436294	6.372703217359271	0.44899823920403337	0.3123237413730704	0.0
/rds/general/user/osella/home/rl-qecc-data/supervisedLearning/sweep2/g5_mix_66_H6_s12345.pth	6	12345	24	mixed	[(6, 6)]	True	False	False	False	geometric5	4412297	15	3	2026-07-31	14.416135981240746	10.427155327325462	0.06559514319658877	8.26556440437664	0.3984355194196154	0.2814189624928491	0.0
/rds/general/user/osella/home/rl-qecc-data/supervisedLearning/sweep2/g5_mix_66_H6_s2000.pth	6	2000	24	mixed	[(6, 6)]	True	False	False	False	geometric5	4412297	15	3	2026-07-31	13.41537826213668	10.427155327325462	0.06590739821992336	4.06359057432755	0.40345126121770863	0.27996666821869753	0.0
/rds/general/user/osella/home/rl-qecc-data/supervisedLearning/sweep2/g5_mix_66_H6_s3000.pth	6	3000	24	mixed	[(6, 6)]	True	False	False	False	geometric5	4412297	15	3	2026-07-31	12.767573785846949	10.427155327325462	0.06787935188844937	3.615228155168267	0.5103391949944501	0.3589998186226361	0.0
/rds/general/user/osella/home/rl-qecc-data/supervisedLearning/sweep2/g5_mix_66_H6_s4000.pth	6	4000	24	mixed	[(6, 6)]	True	False	False	False	geometric5	4412297	15	3	2026-07-31	13.634586835257906	10.427155327325462	0.06791825136824707	2.9316659602031763	0.4224066248920098	0.29368240892466285	0.02
/rds/general/user/osella/home/rl-qecc-data/supervisedLearning/sweep2/g5_mix_66_H6_s466555.pth	6	466555	24	mixed	[(6, 6)]	True	False	False	False	geometric5	4412297	15	3	2026-07-31	15.683803563683144	10.427155327325462	0.08268043553779242	4.9658659556090345	0.3008555998310304	0.21046270767276826	0.0
/rds/general/user/osella/home/rl-qecc-data/supervisedLearning/sweep2/g5_mix_66_H6_s5000.pth	6	5000	24	mixed	[(6, 6)]	True	False	False	False	geometric5	4412297	15	3	2026-07-31	14.8466698790223	10.427155327325462	0.08427841664756984	5.747691606813579	0.28506621658046427	0.1991115617583123	0.0
/rds/general/user/osella/home/rl-qecc-data/supervisedLearning/sweep2/g5_mix_66_H6_s54321.pth	6	54321	24	mixed	[(6, 6)]	True	False	False	False	geometric5	4412297	15	3	2026-07-31	12.822298367991756	10.427155327325462	0.05980381417484506	2.3555933663583173	0.4070171048544953	0.2798817043660504	0.02
/rds/general/user/osella/home/rl-qecc-data/supervisedLearning/sweep2/g5_mix_66_H6_s6000.pth	6	6000	24	mixed	[(6, 6)]	True	False	False	False	geometric5	4412297	15	3	2026-07-31	14.396829185125181	10.427155327325462	0.0937496645622303	3.0794528827098078	0.3016825214139508	0.2094228764058767	0.02
/rds/general/user/osella/home/rl-qecc-data/supervisedLearning/sweep2/g5_mix_66_H6_s7134066.pth	6	7134066	24	mixed	[(6, 6)]	True	False	False	False	geometric5	4412297	15	3	2026-07-31	13.271273856499631	10.427155327325462	0.07071165647377155	4.422685654485701	0.3911194116371816	0.2726820532292519	0.0
/rds/general/user/osella/home/rl-qecc-data/supervisedLearning/sweep2/g5_mix_66_H7_s1000.pth	7	1000	24	mixed	[(6, 6)]	True	False	False	False	geometric5	4412297	15	3	2026-07-31	14.786223140468513	10.427155327325462	0.09960633691532901	5.337829420680971	0.35311713421715574	0.24689636296106665	0.0
/rds/general/user/osella/home/rl-qecc-data/supervisedLearning/sweep2/g5_mix_66_H7_s12345.pth	7	12345	24	mixed	[(6, 6)]	True	False	False	False	geometric5	4412297	15	3	2026-07-31	14.487991646480396	10.427155327325462	0.0880764792936346	3.3797287225080033	0.2973749324511392	0.20560044929149704	0.0
/rds/general/user/osella/home/rl-qecc-data/supervisedLearning/sweep2/g5_mix_66_H7_s2000.pth	7	2000	24	mixed	[(6, 6)]	True	False	False	False	geometric5	4412297	15	3	2026-07-31	14.449745496791872	10.427155327325462	0.07606424349341358	4.93940812051677	0.3386858623108901	0.23339452257952611	0.0
/rds/general/user/osella/home/rl-qecc-data/supervisedLearning/sweep2/g5_mix_66_H7_s3000.pth	7	3000	24	mixed	[(6, 6)]	True	False	False	False	geometric5	4412297	15	3	2026-07-31	13.621110649094534	10.427155327325462	0.06063988234812159	6.929212754211652	0.4710269778548905	0.3309721698272651	0.02
/rds/general/user/osella/home/rl-qecc-data/supervisedLearning/sweep2/g5_mix_66_H7_s4000.pth	7	4000	24	mixed	[(6, 6)]	True	False	False	False	geometric5	4412297	15	3	2026-07-31	13.032915861390777	10.427155327325462	0.059035806525062816	3.7552080122140854	0.464198315110473	0.32164250663411015	0.0
/rds/general/user/osella/home/rl-qecc-data/supervisedLearning/sweep2/g5_mix_66_H7_s466555.pth	7	466555	24	mixed	[(6, 6)]	True	False	False	False	geometric5	4412297	15	3	2026-07-31	14.059824632938422	10.427155327325462	0.08391057266027595	2.9258116641299607	0.4121510630118442	0.28370859038113416	0.0
/rds/general/user/osella/home/rl-qecc-data/supervisedLearning/sweep2/g5_mix_66_H7_s5000.pth	7	5000	24	mixed	[(6, 6)]	True	False	False	False	geometric5	4412297	15	3	2026-07-31	13.113985087125124	10.427155327325462	0.06028937601358151	3.7477516763950005	0.4659522252566086	0.3254835852177542	0.04
/rds/general/user/osella/home/rl-qecc-data/supervisedLearning/sweep2/g5_mix_66_H7_s54321.pth	7	54321	24	mixed	[(6, 6)]	True	False	False	False	geometric5	4412297	15	3	2026-07-31	13.855995867499699	10.427155327325462	0.09491973085752915	2.3923573392495414	0.490161060834862	0.33890858431247917	0.04
/rds/general/user/osella/home/rl-qecc-data/supervisedLearning/sweep2/g5_mix_66_H7_s6000.pth	7	6000	24	mixed	[(6, 6)]	True	False	False	False	geometric5	4412297	15	3	2026-07-31	13.313861923664435	10.427155327325462	0.05897851783899637	6.124907979972079	0.46749336388021545	0.3275900999645283	0.0
/rds/general/user/osella/home/rl-qecc-data/supervisedLearning/sweep2/g5_mix_66_H7_s7134066.pth	7	7134066	24	mixed	[(6, 6)]	True	False	False	False	geometric5	4412297	15	3	2026-07-31	14.050780408800447	10.427155327325462	0.07185581718736586	4.812087748916015	0.35002663287833086	0.2424895734202144	0.0
/rds/general/user/osella/home/rl-qecc-data/supervisedLearning/sweep2/g5_ground_anch_H10_s1000.pth	10	1000	2	groundAnchored	[(6, 6), (9, 6), (12, 6), (15, 3)]	True	True	True	True	geometric5	48054	21	18	2026-08-01	11.662584954637586	4.673023092799209	0.19519218606161684	3.236282942783978	0.3815815386542624	0.2941213967959057	0.0
/rds/general/user/osella/home/rl-qecc-data/supervisedLearning/sweep2/g5_ground_anch_H10_s12345.pth	10	12345	2	groundAnchored	[(6, 6), (9, 6), (12, 6), (15, 3)]	True	True	True	True	geometric5	48054	21	18	2026-08-01	13.940590200942024	4.673023092799209	0.24595130677398006	2.8668004958108755	-0.11279132554973734	-0.06424612129447548	0.0
/rds/general/user/osella/home/rl-qecc-data/supervisedLearning/sweep2/g5_ground_anch_H10_s2000.pth	10	2000	2	groundAnchored	[(6, 6), (9, 6), (12, 6), (15, 3)]	True	True	True	True	geometric5	48054	21	18	2026-08-01	13.901292688375811	4.673023092799209	0.23640228220774548	2.6555861334787423	0.31030962001366796	0.22557876299767768	0.0
/rds/general/user/osella/home/rl-qecc-data/supervisedLearning/sweep2/g5_ground_anch_H10_s3000.pth	10	3000	2	groundAnchored	[(6, 6), (9, 6), (12, 6), (15, 3)]	True	True	True	True	geometric5	48054	21	18	2026-08-01	13.02261449449053	4.673023092799209	0.22291170874692026	2.5033842716968406	0.638856111785999	0.4935397627508766	0.0
/rds/general/user/osella/home/rl-qecc-data/supervisedLearning/sweep2/g5_ground_anch_H10_s4000.pth	10	4000	2	groundAnchored	[(6, 6), (9, 6), (12, 6), (15, 3)]	True	True	True	True	geometric5	48054	21	18	2026-08-01	12.846354587839619	4.673023092799209	0.22482973202773704	2.4084164839874083	0.35047659252995456	0.24920222478365459	0.02
/rds/general/user/osella/home/rl-qecc-data/supervisedLearning/sweep2/g5_ground_anch_H10_s466555.pth	10	466555	2	groundAnchored	[(6, 6), (9, 6), (12, 6), (15, 3)]	True	True	True	True	geometric5	48054	21	18	2026-08-01	9.692016090908094	4.673023092799209	0.14032947021413977	2.743130415676784	0.479990149920674	0.3800849961556361	0.0
/rds/general/user/osella/home/rl-qecc-data/supervisedLearning/sweep2/g5_ground_anch_H10_s5000.pth	10	5000	2	groundAnchored	[(6, 6), (9, 6), (12, 6), (15, 3)]	True	True	True	True	geometric5	48054	21	18	2026-08-01	13.997186690824554	4.673023092799209	0.24235025173362032	3.147815481481339	-0.08918978774704943	-0.01721008829844214	0.0
/rds/general/user/osella/home/rl-qecc-data/supervisedLearning/sweep2/g5_ground_anch_H10_s54321.pth	10	54321	2	groundAnchored	[(6, 6), (9, 6), (12, 6), (15, 3)]	True	True	True	True	geometric5	48054	21	18	2026-08-01	12.365723353216154	4.673023092799209	0.21309877870343744	2.5299451397753994	0.6758017384701945	0.5137683455730041	0.0
/rds/general/user/osella/home/rl-qecc-data/supervisedLearning/sweep2/g5_ground_anch_H10_s6000.pth	10	6000	2	groundAnchored	[(6, 6), (9, 6), (12, 6), (15, 3)]	True	True	True	True	geometric5	48054	21	18	2026-08-01	10.968951870046164	4.673023092799209	0.1950126823139883	2.492980987256538	0.5798545480467991	0.4384329915078495	0.0
/rds/general/user/osella/home/rl-qecc-data/supervisedLearning/sweep2/g5_ground_anch_H10_s7134066.pth	10	7134066	2	groundAnchored	[(6, 6), (9, 6), (12, 6), (15, 3)]	True	True	True	True	geometric5	48054	21	18	2026-08-01	11.59552555752105	4.673023092799209	0.18252783833087238	3.402922891218991	0.09973893702942807	0.08588080846773317	0.0
/rds/general/user/osella/home/rl-qecc-data/supervisedLearning/sweep2/g5_ground_anch_H3_s1000.pth	3	1000	2	groundAnchored	[(6, 6), (9, 6), (12, 6), (15, 3)]	True	True	True	True	geometric5	48054	21	18	2026-08-01	10.532010806253652	4.673023092799209	0.13112179916814273	9.650770138497506	0.267541668080775	0.1893610969920359	0.0
/rds/general/user/osella/home/rl-qecc-data/supervisedLearning/sweep2/g5_ground_anch_H3_s12345.pth	3	12345	2	groundAnchored	[(6, 6), (9, 6), (12, 6), (15, 3)]	True	True	True	True	geometric5	48054	21	18	2026-08-01	10.66131578284653	4.673023092799209	0.1544127896823417	4.491840611331923	0.44467296513054244	0.32958199219003487	0.0
/rds/general/user/osella/home/rl-qecc-data/supervisedLearning/sweep2/g5_ground_anch_H3_s2000.pth	3	2000	2	groundAnchored	[(6, 6), (9, 6), (12, 6), (15, 3)]	True	True	True	True	geometric5	48054	21	18	2026-08-01	11.742469143527106	4.673023092799209	0.18577190120458748	9.889003223221208	0.46764994890746275	0.3699618981978442	0.0
/rds/general/user/osella/home/rl-qecc-data/supervisedLearning/sweep2/g5_ground_anch_H3_s3000.pth	3	3000	2	groundAnchored	[(6, 6), (9, 6), (12, 6), (15, 3)]	True	True	True	True	geometric5	48054	21	18	2026-08-01	13.184417863866136	4.673023092799209	0.23343008594740045	2.6614187384691657	-0.02039309442738655	0.006741742126459796	0.0
/rds/general/user/osella/home/rl-qecc-data/supervisedLearning/sweep2/g5_ground_anch_H3_s4000.pth	3	4000	2	groundAnchored	[(6, 6), (9, 6), (12, 6), (15, 3)]	True	True	True	True	geometric5	48054	21	18	2026-08-01	16.079351525833193	4.673023092799209	0.2671322963505701	4.339984286921487	-0.10541819463880948	-0.055580567091725916	0.02
/rds/general/user/osella/home/rl-qecc-data/supervisedLearning/sweep2/g5_ground_anch_H3_s466555.pth	3	466555	2	groundAnchored	[(6, 6), (9, 6), (12, 6), (15, 3)]	True	True	True	True	geometric5	48054	21	18	2026-08-01	11.652222611237297	4.673023092799209	0.18561351705960924	6.7102088551498085	0.1794745990484395	0.1574308663317898	0.0
/rds/general/user/osella/home/rl-qecc-data/supervisedLearning/sweep2/g5_ground_anch_H3_s5000.pth	3	5000	2	groundAnchored	[(6, 6), (9, 6), (12, 6), (15, 3)]	True	True	True	True	geometric5	48054	21	18	2026-08-01	12.011076963616038	4.673023092799209	0.2090655749815156	3.394092421017272	0.263859678486603	0.21459451871022206	0.0
/rds/general/user/osella/home/rl-qecc-data/supervisedLearning/sweep2/g5_ground_anch_H3_s54321.pth	3	54321	2	groundAnchored	[(6, 6), (9, 6), (12, 6), (15, 3)]	True	True	True	True	geometric5	48054	21	18	2026-08-01	10.453508029186963	4.673023092799209	0.15044241171762915	4.045281797380797	0.5170156386582373	0.37580834682227865	0.0
/rds/general/user/osella/home/rl-qecc-data/supervisedLearning/sweep2/g5_ground_anch_H3_s6000.pth	3	6000	2	groundAnchored	[(6, 6), (9, 6), (12, 6), (15, 3)]	True	True	True	True	geometric5	48054	21	18	2026-08-01	14.159239703219386	4.673023092799209	0.24093220358142853	4.458433101714742	0.22909331028190158	0.2170438800764514	0.02
/rds/general/user/osella/home/rl-qecc-data/supervisedLearning/sweep2/g5_ground_anch_H3_s7134066.pth	3	7134066	2	groundAnchored	[(6, 6), (9, 6), (12, 6), (15, 3)]	True	True	True	True	geometric5	48054	21	18	2026-08-01	12.341044473689196	4.673023092799209	0.1842886139023159	5.201663930734535	-0.423894259959855	-0.2987753301855414	0.0
/rds/general/user/osella/home/rl-qecc-data/supervisedLearning/sweep2/g5_ground_anch_H4_s1000.pth	4	1000	2	groundAnchored	[(6, 6), (9, 6), (12, 6), (15, 3)]	True	True	True	True	geometric5	48054	21	18	2026-08-01	11.146595897353398	4.673023092799209	0.18835313246788815	4.373479524950521	0.549640531460133	0.3917857117336025	0.0
/rds/general/user/osella/home/rl-qecc-data/supervisedLearning/sweep2/g5_ground_anch_H4_s12345.pth	4	12345	2	groundAnchored	[(6, 6), (9, 6), (12, 6), (15, 3)]	True	True	True	True	geometric5	48054	21	18	2026-08-01	12.844839932330906	4.673023092799209	0.20473672208531768	3.005119388914289	-0.2385726429788959	-0.1511820194014578	0.0
/rds/general/user/osella/home/rl-qecc-data/supervisedLearning/sweep2/g5_ground_anch_H4_s2000.pth	4	2000	2	groundAnchored	[(6, 6), (9, 6), (12, 6), (15, 3)]	True	True	True	True	geometric5	48054	21	18	2026-08-01	13.11386517687078	4.673023092799209	0.20936910793306257	3.333048970813325	0.06984551075533889	0.0858322965246397	0.0
/rds/general/user/osella/home/rl-qecc-data/supervisedLearning/sweep2/g5_ground_anch_H4_s3000.pth	4	3000	2	groundAnchored	[(6, 6), (9, 6), (12, 6), (15, 3)]	True	True	True	True	geometric5	48054	21	18	2026-08-01	12.207125836365456	4.673023092799209	0.11930389192449715	4.807900964804454	0.28611696595288244	0.19226411107432886	0.0
/rds/general/user/osella/home/rl-qecc-data/supervisedLearning/sweep2/g5_ground_anch_H4_s4000.pth	4	4000	2	groundAnchored	[(6, 6), (9, 6), (12, 6), (15, 3)]	True	True	True	True	geometric5	48054	21	18	2026-08-01	11.319264415755228	4.673023092799209	0.1764669823842246	5.0882894497226925	0.275891184176981	0.2038969692131049	0.0
/rds/general/user/osella/home/rl-qecc-data/supervisedLearning/sweep2/g5_ground_anch_H4_s466555.pth	4	466555	2	groundAnchored	[(6, 6), (9, 6), (12, 6), (15, 3)]	True	True	True	True	geometric5	48054	21	18	2026-08-01	13.021174153415116	4.673023092799209	0.14948483234489826	2.7148754745603982	0.6457046456808748	0.48150853299632784	0.0
/rds/general/user/osella/home/rl-qecc-data/supervisedLearning/sweep2/g5_ground_anch_H4_s5000.pth	4	5000	2	groundAnchored	[(6, 6), (9, 6), (12, 6), (15, 3)]	True	True	True	True	geometric5	48054	21	18	2026-08-01	11.492390625359217	4.673023092799209	0.1839136595162778	3.680742100467246	0.33485374312045546	0.2660327934962737	0.0
/rds/general/user/osella/home/rl-qecc-data/supervisedLearning/sweep2/g5_ground_anch_H4_s54321.pth	4	54321	2	groundAnchored	[(6, 6), (9, 6), (12, 6), (15, 3)]	True	True	True	True	geometric5	48054	21	18	2026-08-01	15.878000907945868	4.673023092799209	0.264649890329633	3.2745691012139475	0.17426578610470003	0.1624929500490049	0.0
/rds/general/user/osella/home/rl-qecc-data/supervisedLearning/sweep2/g5_ground_anch_H4_s6000.pth	4	6000	2	groundAnchored	[(6, 6), (9, 6), (12, 6), (15, 3)]	True	True	True	True	geometric5	48054	21	18	2026-08-01	14.130144603720556	4.673023092799209	0.2457568590490993	4.142864282347416	-0.0800152904408523	-0.03656625200216551	0.0
/rds/general/user/osella/home/rl-qecc-data/supervisedLearning/sweep2/g5_ground_anch_H4_s7134066.pth	4	7134066	2	groundAnchored	[(6, 6), (9, 6), (12, 6), (15, 3)]	True	True	True	True	geometric5	48054	21	18	2026-08-01	15.198194369943366	4.673023092799209	0.2702081570526598	3.1463424827085333	0.23225533718680233	0.2029781082737464	0.0
/rds/general/user/osella/home/rl-qecc-data/supervisedLearning/sweep2/g5_ground_anch_H6_s1000.pth	6	1000	2	groundAnchored	[(6, 6), (9, 6), (12, 6), (15, 3)]	True	True	True	True	geometric5	48054	21	18	2026-08-01	12.193980212250894	4.673023092799209	0.22132427417602785	2.619774010491817	0.4343775279351674	0.3219958423445971	0.02
/rds/general/user/osella/home/rl-qecc-data/supervisedLearning/sweep2/g5_ground_anch_H6_s12345.pth	6	12345	2	groundAnchored	[(6, 6), (9, 6), (12, 6), (15, 3)]	True	True	True	True	geometric5	48054	21	18	2026-08-01	13.862071653456415	4.673023092799209	0.23666008240236658	3.3169226124228404	0.45062238998754195	0.34256530421076054	0.04
/rds/general/user/osella/home/rl-qecc-data/supervisedLearning/sweep2/g5_ground_anch_H6_s2000.pth	6	2000	2	groundAnchored	[(6, 6), (9, 6), (12, 6), (15, 3)]	True	True	True	True	geometric5	48054	21	18	2026-08-01	11.011266500118158	4.673023092799209	0.182871789643925	3.536329758059603	0.13418107026650036	0.10902802721182374	0.0
/rds/general/user/osella/home/rl-qecc-data/supervisedLearning/sweep2/g5_ground_anch_H6_s3000.pth	6	3000	2	groundAnchored	[(6, 6), (9, 6), (12, 6), (15, 3)]	True	True	True	True	geometric5	48054	21	18	2026-08-01	10.38804314476596	4.673023092799209	0.15641311505160294	5.360030801673207	0.43553899370507454	0.34345071789025833	0.0
/rds/general/user/osella/home/rl-qecc-data/supervisedLearning/sweep2/g5_ground_anch_H6_s4000.pth	6	4000	2	groundAnchored	[(6, 6), (9, 6), (12, 6), (15, 3)]	True	True	True	True	geometric5	48054	21	18	2026-08-01	12.167046915127344	4.673023092799209	0.2066429155093633	2.7279372461608085	0.6322851734773247	0.47467617518314875	0.0
/rds/general/user/osella/home/rl-qecc-data/supervisedLearning/sweep2/g5_ground_anch_H6_s466555.pth	6	466555	2	groundAnchored	[(6, 6), (9, 6), (12, 6), (15, 3)]	True	True	True	True	geometric5	48054	21	18	2026-08-01	10.578795130329732	4.673023092799209	0.15999505368482203	3.9141956215152462	0.5299687695975102	0.375846015978016	0.0
/rds/general/user/osella/home/rl-qecc-data/supervisedLearning/sweep2/g5_ground_anch_H6_s5000.pth	6	5000	2	groundAnchored	[(6, 6), (9, 6), (12, 6), (15, 3)]	True	True	True	True	geometric5	48054	21	18	2026-08-01	14.69864047738822	4.673023092799209	0.24957834716320412	3.3105507168117105	-0.09327356152096263	-0.033757181007991625	0.0
/rds/general/user/osella/home/rl-qecc-data/supervisedLearning/sweep2/g5_ground_anch_H6_s54321.pth	6	54321	2	groundAnchored	[(6, 6), (9, 6), (12, 6), (15, 3)]	True	True	True	True	geometric5	48054	21	18	2026-08-01	15.3221617440829	4.673023092799209	0.2710073967039184	2.817560058718303	-0.09640303881590383	-0.04856108194439732	0.0
/rds/general/user/osella/home/rl-qecc-data/supervisedLearning/sweep2/g5_ground_anch_H6_s6000.pth	6	6000	2	groundAnchored	[(6, 6), (9, 6), (12, 6), (15, 3)]	True	True	True	True	geometric5	48054	21	18	2026-08-01	13.17194936464562	4.673023092799209	0.2293023434322618	2.5161534301121393	0.5974047364567941	0.46018135604924104	0.0
/rds/general/user/osella/home/rl-qecc-data/supervisedLearning/sweep2/g5_ground_anch_H6_s7134066.pth	6	7134066	2	groundAnchored	[(6, 6), (9, 6), (12, 6), (15, 3)]	True	True	True	True	geometric5	48054	21	18	2026-08-01	11.922391337108232	4.673023092799209	0.19287099052920972	3.040463304859018	0.31940664632170734	0.262102762617303	0.0
/rds/general/user/osella/home/rl-qecc-data/supervisedLearning/sweep2/g5_ground_anch_H7_s1000.pth	7	1000	2	groundAnchored	[(6, 6), (9, 6), (12, 6), (15, 3)]	True	True	True	True	geometric5	48054	21	18	2026-08-01	11.596244783952681	4.673023092799209	0.19690319403337017	3.284281266416836	0.7261476617017827	0.5634073608095771	0.0
/rds/general/user/osella/home/rl-qecc-data/supervisedLearning/sweep2/g5_ground_anch_H7_s12345.pth	7	12345	2	groundAnchored	[(6, 6), (9, 6), (12, 6), (15, 3)]	True	True	True	True	geometric5	48054	21	18	2026-08-01	13.566042872433554	4.673023092799209	0.2370893183420683	2.583689342196745	0.3712132165247086	0.30106996483691195	0.0
/rds/general/user/osella/home/rl-qecc-data/supervisedLearning/sweep2/g5_ground_anch_H7_s2000.pth	7	2000	2	groundAnchored	[(6, 6), (9, 6), (12, 6), (15, 3)]	True	True	True	True	geometric5	48054	21	18	2026-08-01	11.545390718571841	4.673023092799209	0.20444486247871027	2.9379216772382635	0.6442460522265853	0.49392443744128445	0.0
/rds/general/user/osella/home/rl-qecc-data/supervisedLearning/sweep2/g5_ground_anch_H7_s3000.pth	7	3000	2	groundAnchored	[(6, 6), (9, 6), (12, 6), (15, 3)]	True	True	True	True	geometric5	48054	21	18	2026-08-01	8.673493063298794	4.673023092799209	0.12929490591061768	2.965785360134868	0.6927819190232536	0.529705058922222	0.0
/rds/general/user/osella/home/rl-qecc-data/supervisedLearning/sweep2/g5_ground_anch_H7_s4000.pth	7	4000	2	groundAnchored	[(6, 6), (9, 6), (12, 6), (15, 3)]	True	True	True	True	geometric5	48054	21	18	2026-08-01	13.374695310752614	4.673023092799209	0.22564913052871716	2.7731089711204153	0.42637889673188595	0.3357871747519013	0.0
/rds/general/user/osella/home/rl-qecc-data/supervisedLearning/sweep2/g5_ground_anch_H7_s466555.pth	7	466555	2	groundAnchored	[(6, 6), (9, 6), (12, 6), (15, 3)]	True	True	True	True	geometric5	48054	21	18	2026-08-01	13.923310718953221	4.673023092799209	0.2313569918767035	2.86677948873965	0.6922794939534338	0.5171434951320523	0.0
/rds/general/user/osella/home/rl-qecc-data/supervisedLearning/sweep2/g5_ground_anch_H7_s5000.pth	7	5000	2	groundAnchored	[(6, 6), (9, 6), (12, 6), (15, 3)]	True	True	True	True	geometric5	48054	21	18	2026-08-01	10.956743757298579	4.673023092799209	0.197900060983236	2.7621066442276003	0.6206843128337386	0.4742170395640295	0.0
/rds/general/user/osella/home/rl-qecc-data/supervisedLearning/sweep2/g5_ground_anch_H7_s54321.pth	7	54321	2	groundAnchored	[(6, 6), (9, 6), (12, 6), (15, 3)]	True	True	True	True	geometric5	48054	21	18	2026-08-01	15.508624832962527	4.673023092799209	0.262089768594567	2.925199978600262	-0.175033127455001	-0.09665253848887337	0.0
/rds/general/user/osella/home/rl-qecc-data/supervisedLearning/sweep2/g5_ground_anch_H7_s6000.pth	7	6000	2	groundAnchored	[(6, 6), (9, 6), (12, 6), (15, 3)]	True	True	True	True	geometric5	48054	21	18	2026-08-01	10.148599848888272	4.673023092799209	0.1472016480377899	6.094742901143537	0.6740871191890315	0.528228377407092	0.0
/rds/general/user/osella/home/rl-qecc-data/supervisedLearning/sweep2/g5_ground_anch_H7_s7134066.pth	7	7134066	2	groundAnchored	[(6, 6), (9, 6), (12, 6), (15, 3)]	True	True	True	True	geometric5	48054	21	18	2026-08-01	13.424548247198077	4.673023092799209	0.23359154641760166	3.7837411584878735	0.3620103960278598	0.27808173634102323	0.0
/rds/general/user/osella/home/rl-qecc-data/supervisedLearning/sweep2/g5_ground_pure_H10_s1000.pth	10	1000	2	groundPure	[(6, 6), (9, 6), (12, 6), (15, 3)]	True	True	True	True	geometric5	48054	21	18	2026-08-01	11.411237874662728	4.673023092799209	0.19634715629358826	2.7427838170563636	0.5831099192139813	0.4432948604143332	0.02
/rds/general/user/osella/home/rl-qecc-data/supervisedLearning/sweep2/g5_ground_pure_H10_s12345.pth	10	12345	2	groundPure	[(6, 6), (9, 6), (12, 6), (15, 3)]	True	True	True	True	geometric5	48054	21	18	2026-08-01	13.188093961752216	4.673023092799209	0.23858017508383506	2.7375382983580847	0.40206410682720883	0.3065750964130015	0.0
/rds/general/user/osella/home/rl-qecc-data/supervisedLearning/sweep2/g5_ground_pure_H10_s2000.pth	10	2000	2	groundPure	[(6, 6), (9, 6), (12, 6), (15, 3)]	True	True	True	True	geometric5	48054	21	18	2026-08-01	13.414220084171475	4.673023092799209	0.22215163781335417	2.752945939754385	0.6202373222184785	0.4614803612742125	0.0
/rds/general/user/osella/home/rl-qecc-data/supervisedLearning/sweep2/g5_ground_pure_H10_s3000.pth	10	3000	2	groundPure	[(6, 6), (9, 6), (12, 6), (15, 3)]	True	True	True	True	geometric5	48054	21	18	2026-08-01	12.268887448214228	4.673023092799209	0.20850535513095764	2.618520539907469	0.6882438545584355	0.5335683968189816	0.02
/rds/general/user/osella/home/rl-qecc-data/supervisedLearning/sweep2/g5_ground_pure_H10_s4000.pth	10	4000	2	groundPure	[(6, 6), (9, 6), (12, 6), (15, 3)]	True	True	True	True	geometric5	48054	21	18	2026-08-01	15.160718503636394	4.673023092799209	0.2655774145947423	2.432080813217695	0.446199821046044	0.32561122973037876	0.02
/rds/general/user/osella/home/rl-qecc-data/supervisedLearning/sweep2/g5_ground_pure_H10_s466555.pth	10	466555	2	groundPure	[(6, 6), (9, 6), (12, 6), (15, 3)]	True	True	True	True	geometric5	48054	21	18	2026-08-01	12.071347242687883	4.673023092799209	0.21491693296324943	2.528435549734237	0.49632674087834283	0.40638361138918067	0.02
/rds/general/user/osella/home/rl-qecc-data/supervisedLearning/sweep2/g5_ground_pure_H10_s5000.pth	10	5000	2	groundPure	[(6, 6), (9, 6), (12, 6), (15, 3)]	True	True	True	True	geometric5	48054	21	18	2026-08-01	12.858957669808996	4.673023092799209	0.21671575975571816	3.0846303242067674	0.19898035705199363	0.20032955793108922	0.0
/rds/general/user/osella/home/rl-qecc-data/supervisedLearning/sweep2/g5_ground_pure_H10_s54321.pth	10	54321	2	groundPure	[(6, 6), (9, 6), (12, 6), (15, 3)]	True	True	True	True	geometric5	48054	21	18	2026-08-01	12.638757970929849	4.673023092799209	0.21845647200693988	2.612466902685616	0.6633977918948282	0.5118697893575146	0.02
/rds/general/user/osella/home/rl-qecc-data/supervisedLearning/sweep2/g5_ground_pure_H10_s6000.pth	10	6000	2	groundPure	[(6, 6), (9, 6), (12, 6), (15, 3)]	True	True	True	True	geometric5	48054	21	18	2026-08-01	9.758035757221682	4.673023092799209	0.16463556231612525	2.4372890406732144	0.654608674954678	0.48937658241712856	0.0
/rds/general/user/osella/home/rl-qecc-data/supervisedLearning/sweep2/g5_ground_pure_H10_s7134066.pth	10	7134066	2	groundPure	[(6, 6), (9, 6), (12, 6), (15, 3)]	True	True	True	True	geometric5	48054	21	18	2026-08-01	11.692457846000432	4.673023092799209	0.15972539099754499	3.9579791623008886	-0.3115847884534789	-0.21407261674486724	0.0
/rds/general/user/osella/home/rl-qecc-data/supervisedLearning/sweep2/g5_ground_pure_H3_s1000.pth	3	1000	2	groundPure	[(6, 6), (9, 6), (12, 6), (15, 3)]	True	True	True	True	geometric5	48054	21	18	2026-08-01	11.15797681756817	4.673023092799209	0.0922812848715134	13.105275200503533	0.2148550164964545	0.1483470158827629	0.0
/rds/general/user/osella/home/rl-qecc-data/supervisedLearning/sweep2/g5_ground_pure_H3_s12345.pth	3	12345	2	groundPure	[(6, 6), (9, 6), (12, 6), (15, 3)]	True	True	True	True	geometric5	48054	21	18	2026-08-01	10.424681772148688	4.673023092799209	0.141519726932334	4.6296624522999625	0.6016234450613287	0.4491943758082408	0.02
/rds/general/user/osella/home/rl-qecc-data/supervisedLearning/sweep2/g5_ground_pure_H3_s2000.pth	3	2000	2	groundPure	[(6, 6), (9, 6), (12, 6), (15, 3)]	True	True	True	True	geometric5	48054	21	18	2026-08-01	11.010726167287125	4.673023092799209	0.1751621511186811	7.04063891377169	0.5165326413549214	0.3946962561863208	0.0
/rds/general/user/osella/home/rl-qecc-data/supervisedLearning/sweep2/g5_ground_pure_H3_s3000.pth	3	3000	2	groundPure	[(6, 6), (9, 6), (12, 6), (15, 3)]	True	True	True	True	geometric5	48054	21	18	2026-08-01	13.662211513032307	4.673023092799209	0.2452974686532094	2.7110707831798524	0.029951489096162017	0.05247443466773032	0.0
/rds/general/user/osella/home/rl-qecc-data/supervisedLearning/sweep2/g5_ground_pure_H3_s4000.pth	3	4000	2	groundPure	[(6, 6), (9, 6), (12, 6), (15, 3)]	True	True	True	True	geometric5	48054	21	18	2026-08-01	13.486579632387397	4.673023092799209	0.2290863196741905	6.286788593315178	0.10899890753226354	0.0920550512808472	0.02
/rds/general/user/osella/home/rl-qecc-data/supervisedLearning/sweep2/g5_ground_pure_H3_s466555.pth	3	466555	2	groundPure	[(6, 6), (9, 6), (12, 6), (15, 3)]	True	True	True	True	geometric5	48054	21	18	2026-08-01	10.822945450793497	4.673023092799209	0.11919558105203691	11.653451108384749	0.21987308703500055	0.17950211361811413	0.02
/rds/general/user/osella/home/rl-qecc-data/supervisedLearning/sweep2/g5_ground_pure_H3_s5000.pth	3	5000	2	groundPure	[(6, 6), (9, 6), (12, 6), (15, 3)]	True	True	True	True	geometric5	48054	21	18	2026-08-01	12.36561193026253	4.673023092799209	0.1945945151573333	3.9055065156398663	-0.1869689189090239	-0.11135330035950576	0.0
/rds/general/user/osella/home/rl-qecc-data/supervisedLearning/sweep2/g5_ground_pure_H3_s54321.pth	3	54321	2	groundPure	[(6, 6), (9, 6), (12, 6), (15, 3)]	True	True	True	True	geometric5	48054	21	18	2026-08-01	11.343782794951888	4.673023092799209	0.1927878628159525	3.6332752754632	0.609424478024714	0.4548435009354594	0.02
/rds/general/user/osella/home/rl-qecc-data/supervisedLearning/sweep2/g5_ground_pure_H3_s6000.pth	3	6000	2	groundPure	[(6, 6), (9, 6), (12, 6), (15, 3)]	True	True	True	True	geometric5	48054	21	18	2026-08-01	13.46868146936191	4.673023092799209	0.23371870919153517	4.011057824316893	0.42326821798863706	0.35167783718920026	0.0
/rds/general/user/osella/home/rl-qecc-data/supervisedLearning/sweep2/g5_ground_pure_H3_s7134066.pth	3	7134066	2	groundPure	[(6, 6), (9, 6), (12, 6), (15, 3)]	True	True	True	True	geometric5	48054	21	18	2026-08-01	14.347745660774834	4.673023092799209	0.22552341531266024	4.96406703270265	-0.3688633436791378	-0.24280212032186	0.0
/rds/general/user/osella/home/rl-qecc-data/supervisedLearning/sweep2/g5_ground_pure_H4_s1000.pth	4	1000	2	groundPure	[(6, 6), (9, 6), (12, 6), (15, 3)]	True	True	True	True	geometric5	48054	21	18	2026-08-01	11.21196560866934	4.673023092799209	0.19210139926200773	3.7156972282809124	0.5405095062952924	0.3864554785019306	0.0
/rds/general/user/osella/home/rl-qecc-data/supervisedLearning/sweep2/g5_ground_pure_H4_s12345.pth	4	12345	2	groundPure	[(6, 6), (9, 6), (12, 6), (15, 3)]	True	True	True	True	geometric5	48054	21	18	2026-08-01	14.55975511150192	4.673023092799209	0.22727712445254145	3.9060631956893186	-0.45826325868246315	-0.3148466824942148	0.0
/rds/general/user/osella/home/rl-qecc-data/supervisedLearning/sweep2/g5_ground_pure_H4_s2000.pth	4	2000	2	groundPure	[(6, 6), (9, 6), (12, 6), (15, 3)]	True	True	True	True	geometric5	48054	21	18	2026-08-01	11.829069488394031	4.673023092799209	0.2040099317394079	3.1858300748436807	0.2156726017599249	0.1851660293179645	0.0
/rds/general/user/osella/home/rl-qecc-data/supervisedLearning/sweep2/g5_ground_pure_H4_s3000.pth	4	3000	2	groundPure	[(6, 6), (9, 6), (12, 6), (15, 3)]	True	True	True	True	geometric5	48054	21	18	2026-08-01	11.69306029167509	4.673023092799209	0.1349263017955023	4.991165686756125	0.31386716400320236	0.21395790358370811	0.0
/rds/general/user/osella/home/rl-qecc-data/supervisedLearning/sweep2/g5_ground_pure_H4_s4000.pth	4	4000	2	groundPure	[(6, 6), (9, 6), (12, 6), (15, 3)]	True	True	True	True	geometric5	48054	21	18	2026-08-01	11.356782607747736	4.673023092799209	0.1821893613870704	5.60040281810936	0.28997688943788513	0.21419004693128224	0.0
/rds/general/user/osella/home/rl-qecc-data/supervisedLearning/sweep2/g5_ground_pure_H4_s466555.pth	4	466555	2	groundPure	[(6, 6), (9, 6), (12, 6), (15, 3)]	True	True	True	True	geometric5	48054	21	18	2026-08-01	13.51048880602601	4.673023092799209	0.23065077130668554	2.7295625663683816	0.6066231741532787	0.4540303750668905	0.0
/rds/general/user/osella/home/rl-qecc-data/supervisedLearning/sweep2/g5_ground_pure_H4_s5000.pth	4	5000	2	groundPure	[(6, 6), (9, 6), (12, 6), (15, 3)]	True	True	True	True	geometric5	48054	21	18	2026-08-01	11.294811175688405	4.673023092799209	0.18312361481512796	3.7926487429746207	0.18020777960021708	0.15527885731320978	0.0
/rds/general/user/osella/home/rl-qecc-data/supervisedLearning/sweep2/g5_ground_pure_H4_s54321.pth	4	54321	2	groundPure	[(6, 6), (9, 6), (12, 6), (15, 3)]	True	True	True	True	geometric5	48054	21	18	2026-08-01	14.030109885499868	4.673023092799209	0.2398174829116325	2.8709890092362396	0.5898983914684669	0.4590847012234693	0.0
/rds/general/user/osella/home/rl-qecc-data/supervisedLearning/sweep2/g5_ground_pure_H4_s6000.pth	4	6000	2	groundPure	[(6, 6), (9, 6), (12, 6), (15, 3)]	True	True	True	True	geometric5	48054	21	18	2026-08-01	13.748710908515898	4.673023092799209	0.23749125704135396	3.675650411977469	0.16025623546133386	0.1320866839225573	0.0
/rds/general/user/osella/home/rl-qecc-data/supervisedLearning/sweep2/g5_ground_pure_H4_s7134066.pth	4	7134066	2	groundPure	[(6, 6), (9, 6), (12, 6), (15, 3)]	True	True	True	True	geometric5	48054	21	18	2026-08-01	13.008703923235716	4.673023092799209	0.2327180205649509	3.1200915852572213	0.42851319125587245	0.33560409739299163	0.0
/rds/general/user/osella/home/rl-qecc-data/supervisedLearning/sweep2/g5_ground_pure_H6_s1000.pth	6	1000	2	groundPure	[(6, 6), (9, 6), (12, 6), (15, 3)]	True	True	True	True	geometric5	48054	21	18	2026-08-01	13.054735611056724	4.673023092799209	0.2362481357846298	2.5788242132787667	0.2762064683057192	0.20960831208742214	0.0
/rds/general/user/osella/home/rl-qecc-data/supervisedLearning/sweep2/g5_ground_pure_H6_s12345.pth	6	12345	2	groundPure	[(6, 6), (9, 6), (12, 6), (15, 3)]	True	True	True	True	geometric5	48054	21	18	2026-08-01	14.157511394635574	4.673023092799209	0.23781141634362565	3.2725739246123826	0.15013242387896433	0.14548128075281097	0.0
/rds/general/user/osella/home/rl-qecc-data/supervisedLearning/sweep2/g5_ground_pure_H6_s2000.pth	6	2000	2	groundPure	[(6, 6), (9, 6), (12, 6), (15, 3)]	True	True	True	True	geometric5	48054	21	18	2026-08-01	11.026474285995853	4.673023092799209	0.17724305065254634	4.704197802991959	0.01974844668761008	0.02857890230009285	0.0
/rds/general/user/osella/home/rl-qecc-data/supervisedLearning/sweep2/g5_ground_pure_H6_s3000.pth	6	3000	2	groundPure	[(6, 6), (9, 6), (12, 6), (15, 3)]	True	True	True	True	geometric5	48054	21	18	2026-08-01	10.18383174764878	4.673023092799209	0.14787022038611758	5.734977754844224	0.5807513379761096	0.4544284579957713	0.0
/rds/general/user/osella/home/rl-qecc-data/supervisedLearning/sweep2/g5_ground_pure_H6_s4000.pth	6	4000	2	groundPure	[(6, 6), (9, 6), (12, 6), (15, 3)]	True	True	True	True	geometric5	48054	21	18	2026-08-01	11.33258990333981	4.673023092799209	0.18466760097409715	2.8583730485012913	0.6246084509299887	0.4740663925715267	0.0
/rds/general/user/osella/home/rl-qecc-data/supervisedLearning/sweep2/g5_ground_pure_H6_s466555.pth	6	466555	2	groundPure	[(6, 6), (9, 6), (12, 6), (15, 3)]	True	True	True	True	geometric5	48054	21	18	2026-08-01	11.019549206079935	4.673023092799209	0.1642402727087027	4.164084620405713	0.32710192308162117	0.2327016491556702	0.02
/rds/general/user/osella/home/rl-qecc-data/supervisedLearning/sweep2/g5_ground_pure_H6_s5000.pth	6	5000	2	groundPure	[(6, 6), (9, 6), (12, 6), (15, 3)]	True	True	True	True	geometric5	48054	21	18	2026-08-01	13.221795536714888	4.673023092799209	0.22152718911806457	3.518014529827318	0.08242996262544139	0.0906599307407865	0.0
/rds/general/user/osella/home/rl-qecc-data/supervisedLearning/sweep2/g5_ground_pure_H6_s54321.pth	6	54321	2	groundPure	[(6, 6), (9, 6), (12, 6), (15, 3)]	True	True	True	True	geometric5	48054	21	18	2026-08-01	13.419480971837084	4.673023092799209	0.22757280552597914	3.639247559660625	-0.5283104248538558	-0.3643386906790013	0.0
/rds/general/user/osella/home/rl-qecc-data/supervisedLearning/sweep2/g5_ground_pure_H6_s6000.pth	6	6000	2	groundPure	[(6, 6), (9, 6), (12, 6), (15, 3)]	True	True	True	True	geometric5	48054	21	18	2026-08-01	12.884181023265672	4.673023092799209	0.22108837015438002	2.549980900258554	0.586977666263615	0.4547254631440214	0.0
/rds/general/user/osella/home/rl-qecc-data/supervisedLearning/sweep2/g5_ground_pure_H6_s7134066.pth	6	7134066	2	groundPure	[(6, 6), (9, 6), (12, 6), (15, 3)]	True	True	True	True	geometric5	48054	21	18	2026-08-01	12.299788862463112	4.673023092799209	0.20248659320752055	3.0721457627559166	0.4111471129879481	0.3174976161383305	0.0
/rds/general/user/osella/home/rl-qecc-data/supervisedLearning/sweep2/g5_ground_pure_H7_s1000.pth	7	1000	2	groundPure	[(6, 6), (9, 6), (12, 6), (15, 3)]	True	True	True	True	geometric5	48054	21	18	2026-08-01	10.94497065164358	4.673023092799209	0.1788866578054395	3.147017544037385	0.7429450206472435	0.5705117738533488	0.0
/rds/general/user/osella/home/rl-qecc-data/supervisedLearning/sweep2/g5_ground_pure_H7_s12345.pth	7	12345	2	groundPure	[(6, 6), (9, 6), (12, 6), (15, 3)]	True	True	True	True	geometric5	48054	21	18	2026-08-01	13.493074751932458	4.673023092799209	0.2355800964291889	2.7031468117674198	0.4757678473870861	0.3678808814641525	0.0
/rds/general/user/osella/home/rl-qecc-data/supervisedLearning/sweep2/g5_ground_pure_H7_s2000.pth	7	2000	2	groundPure	[(6, 6), (9, 6), (12, 6), (15, 3)]	True	True	True	True	geometric5	48054	21	18	2026-08-01	11.025863022658028	4.673023092799209	0.19379156010912282	3.0516595920482645	0.6636014635623054	0.5102624092767194	0.0
/rds/general/user/osella/home/rl-qecc-data/supervisedLearning/sweep2/g5_ground_pure_H7_s3000.pth	7	3000	2	groundPure	[(6, 6), (9, 6), (12, 6), (15, 3)]	True	True	True	True	geometric5	48054	21	18	2026-08-01	9.666378241011932	4.673023092799209	0.15349292701482883	3.2621780407038274	0.5326168885151178	0.40621065386073085	0.0
/rds/general/user/osella/home/rl-qecc-data/supervisedLearning/sweep2/g5_ground_pure_H7_s4000.pth	7	4000	2	groundPure	[(6, 6), (9, 6), (12, 6), (15, 3)]	True	True	True	True	geometric5	48054	21	18	2026-08-01	12.910432223262319	4.673023092799209	0.21745445376071398	2.680713123872733	0.41611478264890495	0.3297637289803964	0.0
/rds/general/user/osella/home/rl-qecc-data/supervisedLearning/sweep2/g5_ground_pure_H7_s466555.pth	7	466555	2	groundPure	[(6, 6), (9, 6), (12, 6), (15, 3)]	True	True	True	True	geometric5	48054	21	18	2026-08-01	13.237905244067159	4.673023092799209	0.21999067660473737	3.2112709780521707	0.44343830515759924	0.3480209350620051	0.0
/rds/general/user/osella/home/rl-qecc-data/supervisedLearning/sweep2/g5_ground_pure_H7_s5000.pth	7	5000	2	groundPure	[(6, 6), (9, 6), (12, 6), (15, 3)]	True	True	True	True	geometric5	48054	21	18	2026-08-01	11.158312267261888	4.673023092799209	0.19762374031301994	3.0738445339654574	0.1714862017844847	0.15282263653147787	0.0
/rds/general/user/osella/home/rl-qecc-data/supervisedLearning/sweep2/g5_ground_pure_H7_s54321.pth	7	54321	2	groundPure	[(6, 6), (9, 6), (12, 6), (15, 3)]	True	True	True	True	geometric5	48054	21	18	2026-08-01	14.558129693998337	4.673023092799209	0.2382782699957291	3.5894847334897357	0.04407522704234467	0.06129973466326724	0.0
/rds/general/user/osella/home/rl-qecc-data/supervisedLearning/sweep2/g5_ground_pure_H7_s6000.pth	7	6000	2	groundPure	[(6, 6), (9, 6), (12, 6), (15, 3)]	True	True	True	True	geometric5	48054	21	18	2026-08-01	11.73394455653195	4.673023092799209	0.18287777002176941	4.767897307612295	0.6583978080439139	0.5023580330123998	0.02
/rds/general/user/osella/home/rl-qecc-data/supervisedLearning/sweep2/g5_ground_pure_H7_s7134066.pth	7	7134066	2	groundPure	[(6, 6), (9, 6), (12, 6), (15, 3)]	True	True	True	True	geometric5	48054	21	18	2026-08-01	15.046448033305724	4.673023092799209	0.25029293787239987	3.3696078182373195	0.25716523242438677	0.2068554616978309	0.0
/rds/general/user/osella/home/rl-qecc-data/supervisedLearning/sweep2/g5_mix_66-96-126-153_H10_s1000.pth	10	1000	6	mixed	[(6, 6), (9, 6), (12, 6), (15, 3)]	True	True	True	True	geometric5	48054	21	18	2026-08-01	11.68804804426111	4.673023092799209	0.18669624003276067	2.6200743781377667	0.3585554250684445	0.267147015052233	0.02
/rds/general/user/osella/home/rl-qecc-data/supervisedLearning/sweep2/g5_mix_66-96-126-153_H10_s12345.pth	10	12345	6	mixed	[(6, 6), (9, 6), (12, 6), (15, 3)]	True	True	True	True	geometric5	48054	21	18	2026-08-01	12.289592365386923	4.673023092799209	0.21488722258716803	2.5746443635114407	0.7074831524848263	0.539282104700095	0.0
/rds/general/user/osella/home/rl-qecc-data/supervisedLearning/sweep2/g5_mix_66-96-126-153_H10_s2000.pth	10	2000	6	mixed	[(6, 6), (9, 6), (12, 6), (15, 3)]	True	True	True	True	geometric5	48054	21	18	2026-08-01	10.594078268754407	4.673023092799209	0.15882061815549559	2.9221895464366554	0.5544164147234376	0.4342289571688443	0.0
/rds/general/user/osella/home/rl-qecc-data/supervisedLearning/sweep2/g5_mix_66-96-126-153_H10_s3000.pth	10	3000	6	mixed	[(6, 6), (9, 6), (12, 6), (15, 3)]	True	True	True	True	geometric5	48054	21	18	2026-08-01	10.730850380107565	4.673023092799209	0.16881509744735784	2.5084234501492215	0.6779195470638674	0.5057417974942018	0.02
/rds/general/user/osella/home/rl-qecc-data/supervisedLearning/sweep2/g5_mix_66-96-126-153_H10_s4000.pth	10	4000	6	mixed	[(6, 6), (9, 6), (12, 6), (15, 3)]	True	True	True	True	geometric5	48054	21	18	2026-08-01	11.436878963858756	4.673023092799209	0.1695887178360357	3.2664910827121836	0.26533711000289245	0.2299281981602995	0.0
/rds/general/user/osella/home/rl-qecc-data/supervisedLearning/sweep2/g5_mix_66-96-126-153_H10_s466555.pth	10	466555	6	mixed	[(6, 6), (9, 6), (12, 6), (15, 3)]	True	True	True	True	geometric5	48054	21	18	2026-08-01	12.641636808793237	4.673023092799209	0.22131534895602215	2.8611909270673554	0.336286055290298	0.26672495355619746	0.0
/rds/general/user/osella/home/rl-qecc-data/supervisedLearning/sweep2/g5_mix_66-96-126-153_H10_s5000.pth	10	5000	6	mixed	[(6, 6), (9, 6), (12, 6), (15, 3)]	True	True	True	True	geometric5	48054	21	18	2026-08-01	10.909386817836106	4.673023092799209	0.17363634479609513	2.8343589500144124	0.5994516326375452	0.45537765939070696	0.0
/rds/general/user/osella/home/rl-qecc-data/supervisedLearning/sweep2/g5_mix_66-96-126-153_H10_s54321.pth	10	54321	6	mixed	[(6, 6), (9, 6), (12, 6), (15, 3)]	True	True	True	True	geometric5	48054	21	18	2026-08-01	10.407759470671493	4.673023092799209	0.16769546890168593	3.111819142516734	0.6523715175195585	0.5028497119135484	0.0
/rds/general/user/osella/home/rl-qecc-data/supervisedLearning/sweep2/g5_mix_66-96-126-153_H10_s6000.pth	10	6000	6	mixed	[(6, 6), (9, 6), (12, 6), (15, 3)]	True	True	True	True	geometric5	48054	21	18	2026-08-01	10.512348612572607	4.673023092799209	0.16804734005488856	2.7430442559955748	0.58915952427698	0.4439486041744449	0.0
/rds/general/user/osella/home/rl-qecc-data/supervisedLearning/sweep2/g5_mix_66-96-126-153_H10_s7134066.pth	10	7134066	6	mixed	[(6, 6), (9, 6), (12, 6), (15, 3)]	True	True	True	True	geometric5	48054	21	18	2026-08-01	11.287791766756547	4.673023092799209	0.17710163838582416	2.754986718042109	0.4297804657250796	0.3480989968462593	0.0
/rds/general/user/osella/home/rl-qecc-data/supervisedLearning/sweep2/g5_mix_66-96-126-153_H3_s1000.pth	3	1000	6	mixed	[(6, 6), (9, 6), (12, 6), (15, 3)]	True	True	True	True	geometric5	48054	21	18	2026-08-01	10.429523360250355	4.673023092799209	0.1262119023962162	3.6635722618759528	0.20155808913227863	0.17255283919177405	0.0
/rds/general/user/osella/home/rl-qecc-data/supervisedLearning/sweep2/g5_mix_66-96-126-153_H3_s12345.pth	3	12345	6	mixed	[(6, 6), (9, 6), (12, 6), (15, 3)]	True	True	True	True	geometric5	48054	21	18	2026-08-01	10.762609700078048	4.673023092799209	0.17146848790354127	2.852003197884914	0.5350608735372646	0.4104213108585562	0.0
/rds/general/user/osella/home/rl-qecc-data/supervisedLearning/sweep2/g5_mix_66-96-126-153_H3_s2000.pth	3	2000	6	mixed	[(6, 6), (9, 6), (12, 6), (15, 3)]	True	True	True	True	geometric5	48054	21	18	2026-08-01	12.339182691613425	4.673023092799209	0.18649706134231614	2.8133698370829103	0.3428844074284077	0.2812303141021884	0.0
/rds/general/user/osella/home/rl-qecc-data/supervisedLearning/sweep2/g5_mix_66-96-126-153_H3_s3000.pth	3	3000	6	mixed	[(6, 6), (9, 6), (12, 6), (15, 3)]	True	True	True	True	geometric5	48054	21	18	2026-08-01	10.65870202247108	4.673023092799209	0.17304029066094168	3.032520514930307	0.4314660869984895	0.34645338339804793	0.0
/rds/general/user/osella/home/rl-qecc-data/supervisedLearning/sweep2/g5_mix_66-96-126-153_H3_s4000.pth	3	4000	6	mixed	[(6, 6), (9, 6), (12, 6), (15, 3)]	True	True	True	True	geometric5	48054	21	18	2026-08-01	9.429721053559932	4.673023092799209	0.13687389861274793	3.225130673938711	0.6236982578816709	0.47655659118668653	0.0
/rds/general/user/osella/home/rl-qecc-data/supervisedLearning/sweep2/g5_mix_66-96-126-153_H3_s466555.pth	3	466555	6	mixed	[(6, 6), (9, 6), (12, 6), (15, 3)]	True	True	True	True	geometric5	48054	21	18	2026-08-01	10.916716390895182	4.673023092799209	0.16947477074335904	2.945238663672746	0.5373679486421132	0.40874303479646107	0.0
/rds/general/user/osella/home/rl-qecc-data/supervisedLearning/sweep2/g5_mix_66-96-126-153_H3_s5000.pth	3	5000	6	mixed	[(6, 6), (9, 6), (12, 6), (15, 3)]	True	True	True	True	geometric5	48054	21	18	2026-08-01	12.066878920567195	4.673023092799209	0.1689602912872204	4.538884258346671	0.14567524488832018	0.14249406709521567	0.0
/rds/general/user/osella/home/rl-qecc-data/supervisedLearning/sweep2/g5_mix_66-96-126-153_H3_s54321.pth	3	54321	6	mixed	[(6, 6), (9, 6), (12, 6), (15, 3)]	True	True	True	True	geometric5	48054	21	18	2026-08-01	10.213746524895512	4.673023092799209	0.16149276365448897	2.704678001140652	0.6405405080171751	0.49053501350346945	0.02
/rds/general/user/osella/home/rl-qecc-data/supervisedLearning/sweep2/g5_mix_66-96-126-153_H3_s6000.pth	3	6000	6	mixed	[(6, 6), (9, 6), (12, 6), (15, 3)]	True	True	True	True	geometric5	48054	21	18	2026-08-01	11.421105134776388	4.673023092799209	0.1554238949648985	3.3167821310748025	0.3788516243546245	0.3089066330647515	0.0
/rds/general/user/osella/home/rl-qecc-data/supervisedLearning/sweep2/g5_mix_66-96-126-153_H3_s7134066.pth	3	7134066	6	mixed	[(6, 6), (9, 6), (12, 6), (15, 3)]	True	True	True	True	geometric5	48054	21	18	2026-08-01	11.40288460566698	4.673023092799209	0.18855584913669898	3.272546588635128	0.6287196373042376	0.48151526594526833	0.02
/rds/general/user/osella/home/rl-qecc-data/supervisedLearning/sweep2/g5_mix_66-96-126-153_H4_s1000.pth	4	1000	6	mixed	[(6, 6), (9, 6), (12, 6), (15, 3)]	True	True	True	True	geometric5	48054	21	18	2026-08-01	11.794616804204978	4.673023092799209	0.17680031005002272	2.9296064777172237	0.2555471898463422	0.23077036794062264	0.0
/rds/general/user/osella/home/rl-qecc-data/supervisedLearning/sweep2/g5_mix_66-96-126-153_H4_s12345.pth	4	12345	6	mixed	[(6, 6), (9, 6), (12, 6), (15, 3)]	True	True	True	True	geometric5	48054	21	18	2026-08-01	11.876202747954348	4.673023092799209	0.18455743312596412	2.81922888714122	0.5434850090258972	0.4232490856821637	0.0
/rds/general/user/osella/home/rl-qecc-data/supervisedLearning/sweep2/g5_mix_66-96-126-153_H4_s2000.pth	4	2000	6	mixed	[(6, 6), (9, 6), (12, 6), (15, 3)]	True	True	True	True	geometric5	48054	21	18	2026-08-01	11.64095301992383	4.673023092799209	0.16895522929679846	3.7648941178087063	0.43966660801320934	0.3420235861257161	0.0
/rds/general/user/osella/home/rl-qecc-data/supervisedLearning/sweep2/g5_mix_66-96-126-153_H4_s3000.pth	4	3000	6	mixed	[(6, 6), (9, 6), (12, 6), (15, 3)]	True	True	True	True	geometric5	48054	21	18	2026-08-01	11.567858767773092	4.673023092799209	0.18971986149660167	3.208417629646879	0.4966300946739309	0.3867974242770428	0.0
/rds/general/user/osella/home/rl-qecc-data/supervisedLearning/sweep2/g5_mix_66-96-126-153_H4_s4000.pth	4	4000	6	mixed	[(6, 6), (9, 6), (12, 6), (15, 3)]	True	True	True	True	geometric5	48054	21	18	2026-08-01	11.278381720179443	4.673023092799209	0.16708884962386356	3.687647785413884	0.3577846910036853	0.28729549454093956	0.02
/rds/general/user/osella/home/rl-qecc-data/supervisedLearning/sweep2/g5_mix_66-96-126-153_H4_s466555.pth	4	466555	6	mixed	[(6, 6), (9, 6), (12, 6), (15, 3)]	True	True	True	True	geometric5	48054	21	18	2026-08-01	10.456326461456337	4.673023092799209	0.1603308388468933	2.9035961333149536	0.36697470371842117	0.2851074918807613	0.0
/rds/general/user/osella/home/rl-qecc-data/supervisedLearning/sweep2/g5_mix_66-96-126-153_H4_s5000.pth	4	5000	6	mixed	[(6, 6), (9, 6), (12, 6), (15, 3)]	True	True	True	True	geometric5	48054	21	18	2026-08-01	12.30870737253939	4.673023092799209	0.1896204417328849	3.3754973605578424	0.4045809388384581	0.3343245447031305	0.0
/rds/general/user/osella/home/rl-qecc-data/supervisedLearning/sweep2/g5_mix_66-96-126-153_H4_s54321.pth	4	54321	6	mixed	[(6, 6), (9, 6), (12, 6), (15, 3)]	True	True	True	True	geometric5	48054	21	18	2026-08-01	11.812915478761106	4.673023092799209	0.1835096918639337	4.065699440836485	0.2191772457269173	0.19717383319527265	0.0
/rds/general/user/osella/home/rl-qecc-data/supervisedLearning/sweep2/g5_mix_66-96-126-153_H4_s6000.pth	4	6000	6	mixed	[(6, 6), (9, 6), (12, 6), (15, 3)]	True	True	True	True	geometric5	48054	21	18	2026-08-01	12.318527458476542	4.673023092799209	0.18307735997736402	3.3409949637939853	0.14109563547330536	0.13809708410305654	0.0
/rds/general/user/osella/home/rl-qecc-data/supervisedLearning/sweep2/g5_mix_66-96-126-153_H4_s7134066.pth	4	7134066	6	mixed	[(6, 6), (9, 6), (12, 6), (15, 3)]	True	True	True	True	geometric5	48054	21	18	2026-08-01	10.603342869431103	4.673023092799209	0.14683124583142595	3.9767648501308264	0.4585908572250644	0.3565128090852581	0.02
/rds/general/user/osella/home/rl-qecc-data/supervisedLearning/sweep2/g5_mix_66-96-126-153_H6_s1000.pth	6	1000	6	mixed	[(6, 6), (9, 6), (12, 6), (15, 3)]	True	True	True	True	geometric5	48054	21	18	2026-08-01	12.325028178158139	4.673023092799209	0.20293431357400843	2.9971886772998695	0.3844843794267816	0.3090370123335573	0.0
/rds/general/user/osella/home/rl-qecc-data/supervisedLearning/sweep2/g5_mix_66-96-126-153_H6_s12345.pth	6	12345	6	mixed	[(6, 6), (9, 6), (12, 6), (15, 3)]	True	True	True	True	geometric5	48054	21	18	2026-08-01	12.14936395261987	4.673023092799209	0.20900630699817443	2.6084879853245955	0.6673530373564315	0.5134224873095588	0.0
/rds/general/user/osella/home/rl-qecc-data/supervisedLearning/sweep2/g5_mix_66-96-126-153_H6_s2000.pth	6	2000	6	mixed	[(6, 6), (9, 6), (12, 6), (15, 3)]	True	True	True	True	geometric5	48054	21	18	2026-08-01	11.717112761239088	4.673023092799209	0.18964072938316684	2.706659487820239	0.5259940150340764	0.41034259769973264	0.0
/rds/general/user/osella/home/rl-qecc-data/supervisedLearning/sweep2/g5_mix_66-96-126-153_H6_s3000.pth	6	3000	6	mixed	[(6, 6), (9, 6), (12, 6), (15, 3)]	True	True	True	True	geometric5	48054	21	18	2026-08-01	12.037594321854256	4.673023092799209	0.1893532303393586	3.3253904924403814	0.4780172415340117	0.3684092859055457	0.0
/rds/general/user/osella/home/rl-qecc-data/supervisedLearning/sweep2/g5_mix_66-96-126-153_H6_s4000.pth	6	4000	6	mixed	[(6, 6), (9, 6), (12, 6), (15, 3)]	True	True	True	True	geometric5	48054	21	18	2026-08-01	13.214085430954277	4.673023092799209	0.20931759262493319	3.45388233662892	0.16734401416443848	0.15408569019870466	0.0
/rds/general/user/osella/home/rl-qecc-data/supervisedLearning/sweep2/g5_mix_66-96-126-153_H6_s466555.pth	6	466555	6	mixed	[(6, 6), (9, 6), (12, 6), (15, 3)]	True	True	True	True	geometric5	48054	21	18	2026-08-01	11.770648267794396	4.673023092799209	0.18880144246705083	3.767462242580896	0.5276415622918719	0.3849394668797848	0.0
/rds/general/user/osella/home/rl-qecc-data/supervisedLearning/sweep2/g5_mix_66-96-126-153_H6_s5000.pth	6	5000	6	mixed	[(6, 6), (9, 6), (12, 6), (15, 3)]	True	True	True	True	geometric5	48054	21	18	2026-08-01	12.56577731484902	4.673023092799209	0.2169614923749847	2.605151871051285	0.5801442271104288	0.4241756544514488	0.0
/rds/general/user/osella/home/rl-qecc-data/supervisedLearning/sweep2/g5_mix_66-96-126-153_H6_s54321.pth	6	54321	6	mixed	[(6, 6), (9, 6), (12, 6), (15, 3)]	True	True	True	True	geometric5	48054	21	18	2026-08-01	11.54011754330167	4.673023092799209	0.1824614041801132	3.0216801632367036	0.6708141268416297	0.509296279743356	0.0
/rds/general/user/osella/home/rl-qecc-data/supervisedLearning/sweep2/g5_mix_66-96-126-153_H6_s6000.pth	6	6000	6	mixed	[(6, 6), (9, 6), (12, 6), (15, 3)]	True	True	True	True	geometric5	48054	21	18	2026-08-01	13.331352356237694	4.673023092799209	0.2290400689516972	2.694855835986315	0.3733248314399612	0.2773190333220806	0.02
/rds/general/user/osella/home/rl-qecc-data/supervisedLearning/sweep2/g5_mix_66-96-126-153_H6_s7134066.pth	6	7134066	6	mixed	[(6, 6), (9, 6), (12, 6), (15, 3)]	True	True	True	True	geometric5	48054	21	18	2026-08-01	13.295022836400724	4.673023092799209	0.21340839857692004	2.8407079234037695	0.5291281025769746	0.41462418470271417	0.0
/rds/general/user/osella/home/rl-qecc-data/supervisedLearning/sweep2/g5_mix_66-96-126-153_H7_s1000.pth	7	1000	6	mixed	[(6, 6), (9, 6), (12, 6), (15, 3)]	True	True	True	True	geometric5	48054	21	18	2026-08-01	13.330854765018538	4.673023092799209	0.1756638240593247	4.343725033654213	-0.04631713355877518	0.0232490881718272	0.0
/rds/general/user/osella/home/rl-qecc-data/supervisedLearning/sweep2/g5_mix_66-96-126-153_H7_s12345.pth	7	12345	6	mixed	[(6, 6), (9, 6), (12, 6), (15, 3)]	True	True	True	True	geometric5	48054	21	18	2026-08-01	9.377712507302464	4.673023092799209	0.142913975444168	2.6921741887787514	0.5529990824289032	0.4182011042709355	0.02
/rds/general/user/osella/home/rl-qecc-data/supervisedLearning/sweep2/g5_mix_66-96-126-153_H7_s2000.pth	7	2000	6	mixed	[(6, 6), (9, 6), (12, 6), (15, 3)]	True	True	True	True	geometric5	48054	21	18	2026-08-01	11.274268153846057	4.673023092799209	0.18765319617598117	2.50938835657853	0.5802149600182578	0.4379281412101812	0.0
/rds/general/user/osella/home/rl-qecc-data/supervisedLearning/sweep2/g5_mix_66-96-126-153_H7_s3000.pth	7	3000	6	mixed	[(6, 6), (9, 6), (12, 6), (15, 3)]	True	True	True	True	geometric5	48054	21	18	2026-08-01	11.602299630612194	4.673023092799209	0.1993337083633925	2.779212626207434	0.5351514369383586	0.42369742717207604	0.0
/rds/general/user/osella/home/rl-qecc-data/supervisedLearning/sweep2/g5_mix_66-96-126-153_H7_s4000.pth	7	4000	6	mixed	[(6, 6), (9, 6), (12, 6), (15, 3)]	True	True	True	True	geometric5	48054	21	18	2026-08-01	11.694580193913296	4.673023092799209	0.18926381982154494	3.0114647703839186	0.4628048995223447	0.3551959016570897	0.02
/rds/general/user/osella/home/rl-qecc-data/supervisedLearning/sweep2/g5_mix_66-96-126-153_H7_s466555.pth	7	466555	6	mixed	[(6, 6), (9, 6), (12, 6), (15, 3)]	True	True	True	True	geometric5	48054	21	18	2026-08-01	9.606796359568575	4.673023092799209	0.1510072984638077	2.452731523714436	0.712158063655706	0.5590321776684627	0.0
/rds/general/user/osella/home/rl-qecc-data/supervisedLearning/sweep2/g5_mix_66-96-126-153_H7_s5000.pth	7	5000	6	mixed	[(6, 6), (9, 6), (12, 6), (15, 3)]	True	True	True	True	geometric5	48054	21	18	2026-08-01	12.870693442597892	4.673023092799209	0.22235916443013978	2.7531968916023635	0.4749773561876939	0.3495967004095078	0.0
/rds/general/user/osella/home/rl-qecc-data/supervisedLearning/sweep2/g5_mix_66-96-126-153_H7_s54321.pth	7	54321	6	mixed	[(6, 6), (9, 6), (12, 6), (15, 3)]	True	True	True	True	geometric5	48054	21	18	2026-08-01	12.59657739265429	4.673023092799209	0.21122077534427197	3.1507449004342205	0.4576923450388606	0.35014917597683337	0.0
/rds/general/user/osella/home/rl-qecc-data/supervisedLearning/sweep2/g5_mix_66-96-126-153_H7_s6000.pth	7	6000	6	mixed	[(6, 6), (9, 6), (12, 6), (15, 3)]	True	True	True	True	geometric5	48054	21	18	2026-08-01	13.565406111932742	4.673023092799209	0.20216824799319152	3.108207411470249	0.26186737145275113	0.23323713774285093	0.0
/rds/general/user/osella/home/rl-qecc-data/supervisedLearning/sweep2/g5_mix_66-96-126-153_H7_s7134066.pth	7	7134066	6	mixed	[(6, 6), (9, 6), (12, 6), (15, 3)]	True	True	True	True	geometric5	48054	21	18	2026-08-01	12.081571324623823	4.673023092799209	0.16307862822297042	3.649552425592189	0.20126545506983734	0.17299973889095255	0.0
/rds/general/user/osella/home/rl-qecc-data/supervisedLearning/sweep2/g5_mix_66-96-126_H10_s1000.pth	10	1000	8	mixed	[(6, 6), (9, 6), (12, 6)]	True	True	True	False	geometric5	48054	21	18	2026-08-01	9.68834818570948	4.673023092799209	0.1468817852509454	2.6720260727017067	0.6482518669315293	0.48564073024931675	0.0
/rds/general/user/osella/home/rl-qecc-data/supervisedLearning/sweep2/g5_mix_66-96-126_H10_s12345.pth	10	12345	8	mixed	[(6, 6), (9, 6), (12, 6)]	True	True	True	False	geometric5	48054	21	18	2026-08-01	12.621226453234971	4.673023092799209	0.20157996977846634	3.8431537946809486	0.40339840659798193	0.3119297019294521	0.0
/rds/general/user/osella/home/rl-qecc-data/supervisedLearning/sweep2/g5_mix_66-96-126_H10_s2000.pth	10	2000	8	mixed	[(6, 6), (9, 6), (12, 6)]	True	True	True	False	geometric5	48054	21	18	2026-08-01	10.74936076711585	4.673023092799209	0.16667390263317594	2.9341338192518074	0.5471407065440447	0.42492110469728855	0.0
/rds/general/user/osella/home/rl-qecc-data/supervisedLearning/sweep2/g5_mix_66-96-126_H10_s3000.pth	10	3000	8	mixed	[(6, 6), (9, 6), (12, 6)]	True	True	True	False	geometric5	48054	21	18	2026-08-01	11.264080629662663	4.673023092799209	0.17496982398996389	2.5756103212816437	0.5555441486055259	0.41996512505883504	0.02
/rds/general/user/osella/home/rl-qecc-data/supervisedLearning/sweep2/g5_mix_66-96-126_H10_s4000.pth	10	4000	8	mixed	[(6, 6), (9, 6), (12, 6)]	True	True	True	False	geometric5	48054	21	18	2026-08-01	11.948152967706774	4.673023092799209	0.18222121358343238	4.089180213404232	0.5077615882372426	0.3786358189514684	0.0
/rds/general/user/osella/home/rl-qecc-data/supervisedLearning/sweep2/g5_mix_66-96-126_H10_s466555.pth	10	466555	8	mixed	[(6, 6), (9, 6), (12, 6)]	True	True	True	False	geometric5	48054	21	18	2026-08-01	11.18403009981821	4.673023092799209	0.19028241995506165	2.7201710464817737	0.5977165116590256	0.46154371853817744	0.02
/rds/general/user/osella/home/rl-qecc-data/supervisedLearning/sweep2/g5_mix_66-96-126_H10_s5000.pth	10	5000	8	mixed	[(6, 6), (9, 6), (12, 6)]	True	True	True	False	geometric5	48054	21	18	2026-08-01	10.765528583374126	4.673023092799209	0.17028484611115352	2.6234412095644166	0.6438239077268587	0.4841470030118735	0.0
/rds/general/user/osella/home/rl-qecc-data/supervisedLearning/sweep2/g5_mix_66-96-126_H10_s54321.pth	10	54321	8	mixed	[(6, 6), (9, 6), (12, 6)]	True	True	True	False	geometric5	48054	21	18	2026-08-01	11.399862106521287	4.673023092799209	0.17201911235333844	3.4816727483198626	0.6048688776852933	0.4667205283929438	0.02
/rds/general/user/osella/home/rl-qecc-data/supervisedLearning/sweep2/g5_mix_66-96-126_H10_s6000.pth	10	6000	8	mixed	[(6, 6), (9, 6), (12, 6)]	True	True	True	False	geometric5	48054	21	18	2026-08-01	11.96878759684055	4.673023092799209	0.19664108612514603	3.478138976110106	0.37330333214163053	0.2926267797054359	0.0
/rds/general/user/osella/home/rl-qecc-data/supervisedLearning/sweep2/g5_mix_66-96-126_H10_s7134066.pth	10	7134066	8	mixed	[(6, 6), (9, 6), (12, 6)]	True	True	True	False	geometric5	48054	21	18	2026-08-01	12.98071802589068	4.673023092799209	0.19872341287951456	3.4293221599397703	0.07348325460367754	0.09797736409052377	0.0
/rds/general/user/osella/home/rl-qecc-data/supervisedLearning/sweep2/g5_mix_66-96-126_H3_s1000.pth	3	1000	8	mixed	[(6, 6), (9, 6), (12, 6)]	True	True	True	False	geometric5	48054	21	18	2026-08-01	10.710837568097784	4.673023092799209	0.1781820347395077	2.8093878721364276	0.5275647784974729	0.4053101367453853	0.0
/rds/general/user/osella/home/rl-qecc-data/supervisedLearning/sweep2/g5_mix_66-96-126_H3_s12345.pth	3	12345	8	mixed	[(6, 6), (9, 6), (12, 6)]	True	True	True	False	geometric5	48054	21	18	2026-08-01	12.013129733511763	4.673023092799209	0.20139741179715406	3.4214767816039253	0.2937607824858476	0.22421765284305561	0.0
/rds/general/user/osella/home/rl-qecc-data/supervisedLearning/sweep2/g5_mix_66-96-126_H3_s2000.pth	3	2000	8	mixed	[(6, 6), (9, 6), (12, 6)]	True	True	True	False	geometric5	48054	21	18	2026-08-01	10.10412729518726	4.673023092799209	0.1470450333243789	3.3353553344065534	0.5744576282163437	0.4464125400422331	0.0
/rds/general/user/osella/home/rl-qecc-data/supervisedLearning/sweep2/g5_mix_66-96-126_H3_s3000.pth	3	3000	8	mixed	[(6, 6), (9, 6), (12, 6)]	True	True	True	False	geometric5	48054	21	18	2026-08-01	11.524978337452461	4.673023092799209	0.18449435964679617	3.104951672455382	0.4534118696971686	0.35171615799850403	0.0
/rds/general/user/osella/home/rl-qecc-data/supervisedLearning/sweep2/g5_mix_66-96-126_H3_s4000.pth	3	4000	8	mixed	[(6, 6), (9, 6), (12, 6)]	True	True	True	False	geometric5	48054	21	18	2026-08-01	10.592235879766552	4.673023092799209	0.16444009900441073	3.0859349445045012	0.6390805494335619	0.4826930208705661	0.0
/rds/general/user/osella/home/rl-qecc-data/supervisedLearning/sweep2/g5_mix_66-96-126_H3_s466555.pth	3	466555	8	mixed	[(6, 6), (9, 6), (12, 6)]	True	True	True	False	geometric5	48054	21	18	2026-08-01	10.320225801157676	4.673023092799209	0.16094983449868966	2.650922996063985	0.7404212276235069	0.5798629869447196	0.0
/rds/general/user/osella/home/rl-qecc-data/supervisedLearning/sweep2/g5_mix_66-96-126_H3_s5000.pth	3	5000	8	mixed	[(6, 6), (9, 6), (12, 6)]	True	True	True	False	geometric5	48054	21	18	2026-08-01	14.154830562113412	4.673023092799209	0.18886406209085038	4.992433587705102	-0.1786664462110264	-0.10171845932324121	0.0
/rds/general/user/osella/home/rl-qecc-data/supervisedLearning/sweep2/g5_mix_66-96-126_H3_s54321.pth	3	54321	8	mixed	[(6, 6), (9, 6), (12, 6)]	True	True	True	False	geometric5	48054	21	18	2026-08-01	11.055428094759915	4.673023092799209	0.1818745958083459	2.880240401698939	0.556849234390664	0.42212079521744605	0.0
/rds/general/user/osella/home/rl-qecc-data/supervisedLearning/sweep2/g5_mix_66-96-126_H3_s6000.pth	3	6000	8	mixed	[(6, 6), (9, 6), (12, 6)]	True	True	True	False	geometric5	48054	21	18	2026-08-01	10.505532108794458	4.673023092799209	0.1628404514242526	3.0373197185535252	0.49802137940828756	0.377315497224036	0.0
/rds/general/user/osella/home/rl-qecc-data/supervisedLearning/sweep2/g5_mix_66-96-126_H3_s7134066.pth	3	7134066	8	mixed	[(6, 6), (9, 6), (12, 6)]	True	True	True	False	geometric5	48054	21	18	2026-08-01	13.753418224441594	4.673023092799209	0.23220898943655605	2.757454288883017	0.47812163814228376	0.3621851697490515	0.0
/rds/general/user/osella/home/rl-qecc-data/supervisedLearning/sweep2/g5_mix_66-96-126_H4_s1000.pth	4	1000	8	mixed	[(6, 6), (9, 6), (12, 6)]	True	True	True	False	geometric5	48054	21	18	2026-08-01	11.48795884676249	4.673023092799209	0.19336566028535296	2.8118050045728356	0.5127812974231067	0.3993939037923672	0.0
/rds/general/user/osella/home/rl-qecc-data/supervisedLearning/sweep2/g5_mix_66-96-126_H4_s12345.pth	4	12345	8	mixed	[(6, 6), (9, 6), (12, 6)]	True	True	True	False	geometric5	48054	21	18	2026-08-01	12.899833081367483	4.673023092799209	0.21689350418165854	3.2446898672248	0.1846390460594653	0.16541319354964856	0.02
/rds/general/user/osella/home/rl-qecc-data/supervisedLearning/sweep2/g5_mix_66-96-126_H4_s2000.pth	4	2000	8	mixed	[(6, 6), (9, 6), (12, 6)]	True	True	True	False	geometric5	48054	21	18	2026-08-01	11.427704646792753	4.673023092799209	0.1859942286580381	2.9062208643630187	0.4719664278937012	0.36782865178330637	0.0
/rds/general/user/osella/home/rl-qecc-data/supervisedLearning/sweep2/g5_mix_66-96-126_H4_s3000.pth	4	3000	8	mixed	[(6, 6), (9, 6), (12, 6)]	True	True	True	False	geometric5	48054	21	18	2026-08-01	11.35366881088067	4.673023092799209	0.17755339800352687	2.847645763799771	0.48505702444808135	0.3702995389825452	0.0
/rds/general/user/osella/home/rl-qecc-data/supervisedLearning/sweep2/g5_mix_66-96-126_H4_s4000.pth	4	4000	8	mixed	[(6, 6), (9, 6), (12, 6)]	True	True	True	False	geometric5	48054	21	18	2026-08-01	12.194486089209247	4.673023092799209	0.20219311688759126	2.9468837890696644	0.4701284510650734	0.35523657775180706	0.0
/rds/general/user/osella/home/rl-qecc-data/supervisedLearning/sweep2/g5_mix_66-96-126_H4_s466555.pth	4	466555	8	mixed	[(6, 6), (9, 6), (12, 6)]	True	True	True	False	geometric5	48054	21	18	2026-08-01	12.24774332527313	4.673023092799209	0.20652614409210726	2.587951470628017	0.4816925867846396	0.35874358586937904	0.0
/rds/general/user/osella/home/rl-qecc-data/supervisedLearning/sweep2/g5_mix_66-96-126_H4_s5000.pth	4	5000	8	mixed	[(6, 6), (9, 6), (12, 6)]	True	True	True	False	geometric5	48054	21	18	2026-08-01	13.29051335152606	4.673023092799209	0.19781736674288022	3.288519751282872	0.11709301608335287	0.13158553473582124	0.0
/rds/general/user/osella/home/rl-qecc-data/supervisedLearning/sweep2/g5_mix_66-96-126_H4_s54321.pth	4	54321	8	mixed	[(6, 6), (9, 6), (12, 6)]	True	True	True	False	geometric5	48054	21	18	2026-08-01	12.8901774306453	4.673023092799209	0.21396168378418748	3.1415475460703752	0.2729548088296876	0.23355770112596158	0.0
/rds/general/user/osella/home/rl-qecc-data/supervisedLearning/sweep2/g5_mix_66-96-126_H4_s6000.pth	4	6000	8	mixed	[(6, 6), (9, 6), (12, 6)]	True	True	True	False	geometric5	48054	21	18	2026-08-01	11.3310618926728	4.673023092799209	0.17791553845436653	3.122157067674453	0.4184208536966285	0.33514719685164246	0.0
/rds/general/user/osella/home/rl-qecc-data/supervisedLearning/sweep2/g5_mix_66-96-126_H4_s7134066.pth	4	7134066	8	mixed	[(6, 6), (9, 6), (12, 6)]	True	True	True	False	geometric5	48054	21	18	2026-08-01	11.40782009930028	4.673023092799209	0.18660738361989243	2.7243794997508357	0.3265337601134868	0.23781034345370516	0.0
/rds/general/user/osella/home/rl-qecc-data/supervisedLearning/sweep2/g5_mix_66-96-126_H6_s1000.pth	6	1000	8	mixed	[(6, 6), (9, 6), (12, 6)]	True	True	True	False	geometric5	48054	21	18	2026-08-01	12.057116059156577	4.673023092799209	0.1996086846462775	2.5578791488371486	0.5835535026201966	0.4248614780170058	0.0
/rds/general/user/osella/home/rl-qecc-data/supervisedLearning/sweep2/g5_mix_66-96-126_H6_s12345.pth	6	12345	8	mixed	[(6, 6), (9, 6), (12, 6)]	True	True	True	False	geometric5	48054	21	18	2026-08-01	13.151159893864065	4.673023092799209	0.20978143178399375	3.1593440816401146	0.23689925317084637	0.20706686242266795	0.0
/rds/general/user/osella/home/rl-qecc-data/supervisedLearning/sweep2/g5_mix_66-96-126_H6_s2000.pth	6	2000	8	mixed	[(6, 6), (9, 6), (12, 6)]	True	True	True	False	geometric5	48054	21	18	2026-08-01	10.67937320964076	4.673023092799209	0.17097579907860447	2.630385949918084	0.6311811708474966	0.47822557976092867	0.02
/rds/general/user/osella/home/rl-qecc-data/supervisedLearning/sweep2/g5_mix_66-96-126_H6_s3000.pth	6	3000	8	mixed	[(6, 6), (9, 6), (12, 6)]	True	True	True	False	geometric5	48054	21	18	2026-08-01	8.844242817758103	4.673023092799209	0.1260893995720174	2.663858781524944	0.6452653328177559	0.4921638645535257	0.02
/rds/general/user/osella/home/rl-qecc-data/supervisedLearning/sweep2/g5_mix_66-96-126_H6_s4000.pth	6	4000	8	mixed	[(6, 6), (9, 6), (12, 6)]	True	True	True	False	geometric5	48054	21	18	2026-08-01	13.320054954239069	4.673023092799209	0.21585996448503256	3.4460842018097275	0.16695084972486157	0.13904774650785398	0.0
/rds/general/user/osella/home/rl-qecc-data/supervisedLearning/sweep2/g5_mix_66-96-126_H6_s466555.pth	6	466555	8	mixed	[(6, 6), (9, 6), (12, 6)]	True	True	True	False	geometric5	48054	21	18	2026-08-01	12.911484793987732	4.673023092799209	0.21972737624494904	2.7929497900817677	0.31606747844786026	0.2669565523863878	0.0
/rds/general/user/osella/home/rl-qecc-data/supervisedLearning/sweep2/g5_mix_66-96-126_H6_s5000.pth	6	5000	8	mixed	[(6, 6), (9, 6), (12, 6)]	True	True	True	False	geometric5	48054	21	18	2026-08-01	15.153560577435433	4.673023092799209	0.24802216964929555	3.5761064773032185	0.10137135322970361	0.09359319147633106	0.0
/rds/general/user/osella/home/rl-qecc-data/supervisedLearning/sweep2/g5_mix_66-96-126_H6_s54321.pth	6	54321	8	mixed	[(6, 6), (9, 6), (12, 6)]	True	True	True	False	geometric5	48054	21	18	2026-08-01	12.278067251622414	4.673023092799209	0.20754862679179398	2.870605000045935	0.45288509826845275	0.34283819909824337	0.02
/rds/general/user/osella/home/rl-qecc-data/supervisedLearning/sweep2/g5_mix_66-96-126_H6_s6000.pth	6	6000	8	mixed	[(6, 6), (9, 6), (12, 6)]	True	True	True	False	geometric5	48054	21	18	2026-08-01	11.618315738182403	4.673023092799209	0.19311182586716708	2.983723506675646	0.5796991262537438	0.44519035926287126	0.0
/rds/general/user/osella/home/rl-qecc-data/supervisedLearning/sweep2/g5_mix_66-96-126_H6_s7134066.pth	6	7134066	8	mixed	[(6, 6), (9, 6), (12, 6)]	True	True	True	False	geometric5	48054	21	18	2026-08-01	11.217364879513543	4.673023092799209	0.16491394027369083	3.4281392519569605	0.449782053583371	0.3384289699418058	0.0
/rds/general/user/osella/home/rl-qecc-data/supervisedLearning/sweep2/g5_mix_66-96-126_H7_s1000.pth	7	1000	8	mixed	[(6, 6), (9, 6), (12, 6)]	True	True	True	False	geometric5	48054	21	18	2026-08-01	11.28062061007432	4.673023092799209	0.19099822225928187	2.736575180723033	0.6622876280697118	0.5131209290473359	0.0
/rds/general/user/osella/home/rl-qecc-data/supervisedLearning/sweep2/g5_mix_66-96-126_H7_s12345.pth	7	12345	8	mixed	[(6, 6), (9, 6), (12, 6)]	True	True	True	False	geometric5	48054	21	18	2026-08-01	10.813869885651577	4.673023092799209	0.18144808419852992	2.823841593831836	0.5261720078616036	0.3775075021925541	0.0
/rds/general/user/osella/home/rl-qecc-data/supervisedLearning/sweep2/g5_mix_66-96-126_H7_s2000.pth	7	2000	8	mixed	[(6, 6), (9, 6), (12, 6)]	True	True	True	False	geometric5	48054	21	18	2026-08-01	10.30892873648752	4.673023092799209	0.1646785626117974	3.0768342595493947	0.5574360915396165	0.41438546092819595	0.0
/rds/general/user/osella/home/rl-qecc-data/supervisedLearning/sweep2/g5_mix_66-96-126_H7_s3000.pth	7	3000	8	mixed	[(6, 6), (9, 6), (12, 6)]	True	True	True	False	geometric5	48054	21	18	2026-08-01	10.540280137617449	4.673023092799209	0.17317747916938772	2.675629379463815	0.5436834696581111	0.424086741557912	0.0
/rds/general/user/osella/home/rl-qecc-data/supervisedLearning/sweep2/g5_mix_66-96-126_H7_s4000.pth	7	4000	8	mixed	[(6, 6), (9, 6), (12, 6)]	True	True	True	False	geometric5	48054	21	18	2026-08-01	12.699679421507906	4.673023092799209	0.2050934423082643	2.8186369748946487	0.5309319674594427	0.4032818228581565	0.02
/rds/general/user/osella/home/rl-qecc-data/supervisedLearning/sweep2/g5_mix_66-96-126_H7_s466555.pth	7	466555	8	mixed	[(6, 6), (9, 6), (12, 6)]	True	True	True	False	geometric5	48054	21	18	2026-08-01	10.973376160215958	4.673023092799209	0.18270090433559052	2.78931838789499	0.6062421892443854	0.4694119230245816	0.02
/rds/general/user/osella/home/rl-qecc-data/supervisedLearning/sweep2/g5_mix_66-96-126_H7_s5000.pth	7	5000	8	mixed	[(6, 6), (9, 6), (12, 6)]	True	True	True	False	geometric5	48054	21	18	2026-08-01	10.795225298912051	4.673023092799209	0.1749059580113577	2.5881491361369093	0.6302647072826754	0.4830258980778914	0.0
/rds/general/user/osella/home/rl-qecc-data/supervisedLearning/sweep2/g5_mix_66-96-126_H7_s54321.pth	7	54321	8	mixed	[(6, 6), (9, 6), (12, 6)]	True	True	True	False	geometric5	48054	21	18	2026-08-01	12.849964438480399	4.673023092799209	0.21178997639290723	3.267969908711615	0.3854084468738834	0.30132777995408927	0.0
/rds/general/user/osella/home/rl-qecc-data/supervisedLearning/sweep2/g5_mix_66-96-126_H7_s6000.pth	7	6000	8	mixed	[(6, 6), (9, 6), (12, 6)]	True	True	True	False	geometric5	48054	21	18	2026-08-01	11.883647780955458	4.673023092799209	0.1929472396223303	2.788954754558828	0.608112269036681	0.46729853607370153	0.0
/rds/general/user/osella/home/rl-qecc-data/supervisedLearning/sweep2/g5_mix_66-96-126_H7_s7134066.pth	7	7134066	8	mixed	[(6, 6), (9, 6), (12, 6)]	True	True	True	False	geometric5	48054	21	18	2026-08-01	9.504057739748124	4.673023092799209	0.14672487121871755	2.779934796842638	0.668906087102865	0.5125775113541076	0.0
/rds/general/user/osella/home/rl-qecc-data/supervisedLearning/sweep2/g5_mix_66-96_H10_s1000.pth	10	1000	12	mixed	[(6, 6), (9, 6)]	True	True	False	False	geometric5	48054	21	18	2026-08-01	11.433825494401972	4.673023092799209	0.19711998312891604	2.7574110615142806	0.5899031671748183	0.44488856274370125	0.0
/rds/general/user/osella/home/rl-qecc-data/supervisedLearning/sweep2/g5_mix_66-96_H10_s12345.pth	10	12345	12	mixed	[(6, 6), (9, 6)]	True	True	False	False	geometric5	48054	21	18	2026-08-01	12.66459160176189	4.673023092799209	0.2175187379076693	2.759531204670304	0.7418571104136051	0.5781347524414203	0.0
/rds/general/user/osella/home/rl-qecc-data/supervisedLearning/sweep2/g5_mix_66-96_H10_s2000.pth	10	2000	12	mixed	[(6, 6), (9, 6)]	True	True	False	False	geometric5	48054	21	18	2026-08-01	12.03235141023467	4.673023092799209	0.20071514857499692	2.613780674046482	0.6043663990100949	0.4783485706639627	0.0
/rds/general/user/osella/home/rl-qecc-data/supervisedLearning/sweep2/g5_mix_66-96_H10_s3000.pth	10	3000	12	mixed	[(6, 6), (9, 6)]	True	True	False	False	geometric5	48054	21	18	2026-08-01	11.353719498225484	4.673023092799209	0.18013104212502243	3.983472976049204	0.5448248322533373	0.4137484108982908	0.02
/rds/general/user/osella/home/rl-qecc-data/supervisedLearning/sweep2/g5_mix_66-96_H10_s4000.pth	10	4000	12	mixed	[(6, 6), (9, 6)]	True	True	False	False	geometric5	48054	21	18	2026-08-01	12.975418595427197	4.673023092799209	0.22454068190065474	2.6481315391327738	0.5345256084337248	0.41225458638346657	0.0
/rds/general/user/osella/home/rl-qecc-data/supervisedLearning/sweep2/g5_mix_66-96_H10_s466555.pth	10	466555	12	mixed	[(6, 6), (9, 6)]	True	True	False	False	geometric5	48054	21	18	2026-08-01	12.86718713064987	4.673023092799209	0.22497163572389772	2.7017933141154713	0.5174954009442395	0.40671517347946445	0.0
/rds/general/user/osella/home/rl-qecc-data/supervisedLearning/sweep2/g5_mix_66-96_H10_s5000.pth	10	5000	12	mixed	[(6, 6), (9, 6)]	True	True	False	False	geometric5	48054	21	18	2026-08-01	12.38500233754673	4.673023092799209	0.2124693292293578	2.7524693711452275	0.520156018278231	0.37902120755101654	0.0
/rds/general/user/osella/home/rl-qecc-data/supervisedLearning/sweep2/g5_mix_66-96_H10_s54321.pth	10	54321	12	mixed	[(6, 6), (9, 6)]	True	True	False	False	geometric5	48054	21	18	2026-08-01	11.404408854019405	4.673023092799209	0.18912287362138722	2.8539999757470147	0.720288705133055	0.5517284892639805	0.02
/rds/general/user/osella/home/rl-qecc-data/supervisedLearning/sweep2/g5_mix_66-96_H10_s6000.pth	10	6000	12	mixed	[(6, 6), (9, 6)]	True	True	False	False	geometric5	48054	21	18	2026-08-01	13.09565615482803	4.673023092799209	0.21727594137754083	3.2685688534119643	0.3633952282386558	0.27712261983994274	0.0
/rds/general/user/osella/home/rl-qecc-data/supervisedLearning/sweep2/g5_mix_66-96_H10_s7134066.pth	10	7134066	12	mixed	[(6, 6), (9, 6)]	True	True	False	False	geometric5	48054	21	18	2026-08-01	12.593929070262952	4.673023092799209	0.20945085460669988	2.7059680538022297	0.3533414486889575	0.2975599716545056	0.0
/rds/general/user/osella/home/rl-qecc-data/supervisedLearning/sweep2/g5_mix_66-96_H3_s1000.pth	3	1000	12	mixed	[(6, 6), (9, 6)]	True	True	False	False	geometric5	48054	21	18	2026-08-01	12.423626557715481	4.673023092799209	0.2067692253918879	2.924243696335674	0.45184760004012536	0.3293391693858328	0.0
/rds/general/user/osella/home/rl-qecc-data/supervisedLearning/sweep2/g5_mix_66-96_H3_s12345.pth	3	12345	12	mixed	[(6, 6), (9, 6)]	True	True	False	False	geometric5	48054	21	18	2026-08-01	17.14024736478123	4.673023092799209	0.28872575870623984	4.240198550342647	-0.2681865840778141	-0.14177168724912903	0.0
/rds/general/user/osella/home/rl-qecc-data/supervisedLearning/sweep2/g5_mix_66-96_H3_s2000.pth	3	2000	12	mixed	[(6, 6), (9, 6)]	True	True	False	False	geometric5	48054	21	18	2026-08-01	13.365241380877567	4.673023092799209	0.22811807813796733	3.275594991234927	0.3821936449177896	0.2831816213057239	0.0
/rds/general/user/osella/home/rl-qecc-data/supervisedLearning/sweep2/g5_mix_66-96_H3_s3000.pth	3	3000	12	mixed	[(6, 6), (9, 6)]	True	True	False	False	geometric5	48054	21	18	2026-08-01	14.145755349506613	4.673023092799209	0.24357465294667768	2.90365324872593	0.434948519252992	0.3359938870970925	0.0
/rds/general/user/osella/home/rl-qecc-data/supervisedLearning/sweep2/g5_mix_66-96_H3_s4000.pth	3	4000	12	mixed	[(6, 6), (9, 6)]	True	True	False	False	geometric5	48054	21	18	2026-08-01	13.587449811377677	4.673023092799209	0.235151048627936	2.7229293668250762	0.6510336705083276	0.4983313078019821	0.0
/rds/general/user/osella/home/rl-qecc-data/supervisedLearning/sweep2/g5_mix_66-96_H3_s466555.pth	3	466555	12	mixed	[(6, 6), (9, 6)]	True	True	False	False	geometric5	48054	21	18	2026-08-01	12.31834776101762	4.673023092799209	0.21190826652785272	2.8151119818013473	0.5540340058443548	0.40933340443536415	0.0
/rds/general/user/osella/home/rl-qecc-data/supervisedLearning/sweep2/g5_mix_66-96_H3_s5000.pth	3	5000	12	mixed	[(6, 6), (9, 6)]	True	True	False	False	geometric5	48054	21	18	2026-08-01	14.242008235241762	4.673023092799209	0.24316051049196538	3.234457833284583	-0.002018378670378143	0.024595487707077486	0.0
/rds/general/user/osella/home/rl-qecc-data/supervisedLearning/sweep2/g5_mix_66-96_H3_s54321.pth	3	54321	12	mixed	[(6, 6), (9, 6)]	True	True	False	False	geometric5	48054	21	18	2026-08-01	11.467793251576945	4.673023092799209	0.19417970786915828	2.8257892519321195	0.6371009495222817	0.48935131401838444	0.02
/rds/general/user/osella/home/rl-qecc-data/supervisedLearning/sweep2/g5_mix_66-96_H3_s6000.pth	3	6000	12	mixed	[(6, 6), (9, 6)]	True	True	False	False	geometric5	48054	21	18	2026-08-01	14.021328738396267	4.673023092799209	0.24014173692952814	2.8768778863622786	0.5705733448691462	0.43974914784274466	0.0
/rds/general/user/osella/home/rl-qecc-data/supervisedLearning/sweep2/g5_mix_66-96_H3_s7134066.pth	3	7134066	12	mixed	[(6, 6), (9, 6)]	True	True	False	False	geometric5	48054	21	18	2026-08-01	13.220339854861129	4.673023092799209	0.243215069001961	2.8588432481773447	0.2596994176532523	0.21464832487732097	0.0
/rds/general/user/osella/home/rl-qecc-data/supervisedLearning/sweep2/g5_mix_66-96_H4_s1000.pth	4	1000	12	mixed	[(6, 6), (9, 6)]	True	True	False	False	geometric5	48054	21	18	2026-08-01	14.903370747863784	4.673023092799209	0.2688924394126699	2.9775949215360082	0.30311779568545844	0.23938954112590455	0.0
/rds/general/user/osella/home/rl-qecc-data/supervisedLearning/sweep2/g5_mix_66-96_H4_s12345.pth	4	12345	12	mixed	[(6, 6), (9, 6)]	True	True	False	False	geometric5	48054	21	18	2026-08-01	15.835561094802456	4.673023092799209	0.274331318834789	3.120507403058982	0.05170851883669022	0.06727131836342132	0.0
/rds/general/user/osella/home/rl-qecc-data/supervisedLearning/sweep2/g5_mix_66-96_H4_s2000.pth	4	2000	12	mixed	[(6, 6), (9, 6)]	True	True	False	False	geometric5	48054	21	18	2026-08-01	11.602110076892654	4.673023092799209	0.19543762050143992	2.7120580738808435	0.6819088372014722	0.5307609031109811	0.0
/rds/general/user/osella/home/rl-qecc-data/supervisedLearning/sweep2/g5_mix_66-96_H4_s3000.pth	4	3000	12	mixed	[(6, 6), (9, 6)]	True	True	False	False	geometric5	48054	21	18	2026-08-01	15.046022962667335	4.673023092799209	0.2656711687980983	3.3688736011975315	0.3524570764295987	0.28046802026363543	0.0
/rds/general/user/osella/home/rl-qecc-data/supervisedLearning/sweep2/g5_mix_66-96_H4_s4000.pth	4	4000	12	mixed	[(6, 6), (9, 6)]	True	True	False	False	geometric5	48054	21	18	2026-08-01	15.196680329475265	4.673023092799209	0.25732030169089926	2.8047149319567772	0.37844214734217907	0.28989218788946214	0.0
/rds/general/user/osella/home/rl-qecc-data/supervisedLearning/sweep2/g5_mix_66-96_H4_s466555.pth	4	466555	12	mixed	[(6, 6), (9, 6)]	True	True	False	False	geometric5	48054	21	18	2026-08-01	13.592388573331169	4.673023092799209	0.23595378173314838	3.3340361257634785	0.09125625274895618	0.08776745990168815	0.0
/rds/general/user/osella/home/rl-qecc-data/supervisedLearning/sweep2/g5_mix_66-96_H4_s5000.pth	4	5000	12	mixed	[(6, 6), (9, 6)]	True	True	False	False	geometric5	48054	21	18	2026-08-01	15.801727430629265	4.673023092799209	0.2519698226036607	3.551637513974576	0.07312336019358784	0.09613948415080883	0.0
/rds/general/user/osella/home/rl-qecc-data/supervisedLearning/sweep2/g5_mix_66-96_H4_s54321.pth	4	54321	12	mixed	[(6, 6), (9, 6)]	True	True	False	False	geometric5	48054	21	18	2026-08-01	12.911710264577442	4.673023092799209	0.22359653963706191	2.8570831837207384	0.4241703400693459	0.3278971763270654	0.0
/rds/general/user/osella/home/rl-qecc-data/supervisedLearning/sweep2/g5_mix_66-96_H4_s6000.pth	4	6000	12	mixed	[(6, 6), (9, 6)]	True	True	False	False	geometric5	48054	21	18	2026-08-01	13.328616633878159	4.673023092799209	0.2233887216834101	2.833702444432355	0.566451153074066	0.43223127923839694	0.0
/rds/general/user/osella/home/rl-qecc-data/supervisedLearning/sweep2/g5_mix_66-96_H4_s7134066.pth	4	7134066	12	mixed	[(6, 6), (9, 6)]	True	True	False	False	geometric5	48054	21	18	2026-08-01	14.20703082927002	4.673023092799209	0.24561329038744378	2.82144048755553	0.43691287503612947	0.34470531910084956	0.0
/rds/general/user/osella/home/rl-qecc-data/supervisedLearning/sweep2/g5_mix_66-96_H6_s1000.pth	6	1000	12	mixed	[(6, 6), (9, 6)]	True	True	False	False	geometric5	48054	21	18	2026-08-01	15.198365393107302	4.673023092799209	0.2576879138559004	3.3293803226472973	0.23279222475678304	0.20057440966874346	0.0
/rds/general/user/osella/home/rl-qecc-data/supervisedLearning/sweep2/g5_mix_66-96_H6_s12345.pth	6	12345	12	mixed	[(6, 6), (9, 6)]	True	True	False	False	geometric5	48054	21	18	2026-08-01	19.084055968387574	4.673023092799209	0.3194488264951826	3.034578029456575	-0.09879344232847778	-0.030108779443069177	0.0
/rds/general/user/osella/home/rl-qecc-data/supervisedLearning/sweep2/g5_mix_66-96_H6_s2000.pth	6	2000	12	mixed	[(6, 6), (9, 6)]	True	True	False	False	geometric5	48054	21	18	2026-08-01	13.582814439936756	4.673023092799209	0.23634328392903664	2.9961618190500956	0.5070291018406502	0.4048160658742237	0.0
/rds/general/user/osella/home/rl-qecc-data/supervisedLearning/sweep2/g5_mix_66-96_H6_s3000.pth	6	3000	12	mixed	[(6, 6), (9, 6)]	True	True	False	False	geometric5	48054	21	18	2026-08-01	12.370527729600767	4.673023092799209	0.2090961281655985	2.9951631745064846	0.3921370550658363	0.2962037834749059	0.0
/rds/general/user/osella/home/rl-qecc-data/supervisedLearning/sweep2/g5_mix_66-96_H6_s4000.pth	6	4000	12	mixed	[(6, 6), (9, 6)]	True	True	False	False	geometric5	48054	21	18	2026-08-01	14.578777416657475	4.673023092799209	0.24995142063922454	3.2009711411530475	-0.09362942497459195	-0.04147129632225513	0.0
/rds/general/user/osella/home/rl-qecc-data/supervisedLearning/sweep2/g5_mix_66-96_H6_s466555.pth	6	466555	12	mixed	[(6, 6), (9, 6)]	True	True	False	False	geometric5	48054	21	18	2026-08-01	13.56083396030906	4.673023092799209	0.24545976557910562	3.149397962495828	0.44346867869765283	0.33197016755416403	0.02
/rds/general/user/osella/home/rl-qecc-data/supervisedLearning/sweep2/g5_mix_66-96_H6_s5000.pth	6	5000	12	mixed	[(6, 6), (9, 6)]	True	True	False	False	geometric5	48054	21	18	2026-08-01	17.78104603368321	4.673023092799209	0.3010642221511248	3.294697133410799	-0.006273679925662392	0.03798724704958499	0.02
/rds/general/user/osella/home/rl-qecc-data/supervisedLearning/sweep2/g5_mix_66-96_H6_s54321.pth	6	54321	12	mixed	[(6, 6), (9, 6)]	True	True	False	False	geometric5	48054	21	18	2026-08-01	15.763579088274957	4.673023092799209	0.2520001648131026	4.1178876531676325	-0.10661755706333909	-0.049653207293064744	0.0
/rds/general/user/osella/home/rl-qecc-data/supervisedLearning/sweep2/g5_mix_66-96_H6_s6000.pth	6	6000	12	mixed	[(6, 6), (9, 6)]	True	True	False	False	geometric5	48054	21	18	2026-08-01	15.406762484014608	4.673023092799209	0.272682353799454	3.0838847165127174	0.18402388223137336	0.1682605769713356	0.0
/rds/general/user/osella/home/rl-qecc-data/supervisedLearning/sweep2/g5_mix_66-96_H6_s7134066.pth	6	7134066	12	mixed	[(6, 6), (9, 6)]	True	True	False	False	geometric5	48054	21	18	2026-08-01	14.023637360924287	4.673023092799209	0.24245475572071162	2.896465499193604	0.5286866449795413	0.39931647534467635	0.0
/rds/general/user/osella/home/rl-qecc-data/supervisedLearning/sweep2/g5_mix_66-96_H7_s1000.pth	7	1000	12	mixed	[(6, 6), (9, 6)]	True	True	False	False	geometric5	48054	21	18	2026-08-01	14.487730115057987	4.673023092799209	0.2500868687277777	3.197720236447726	0.33616509110449255	0.2682534468847235	0.0
/rds/general/user/osella/home/rl-qecc-data/supervisedLearning/sweep2/g5_mix_66-96_H7_s12345.pth	7	12345	12	mixed	[(6, 6), (9, 6)]	True	True	False	False	geometric5	48054	21	18	2026-08-01	14.686847507902824	4.673023092799209	0.2481298647268381	2.689426205575692	0.4098207758325935	0.3126892934495849	0.0
/rds/general/user/osella/home/rl-qecc-data/supervisedLearning/sweep2/g5_mix_66-96_H7_s2000.pth	7	2000	12	mixed	[(6, 6), (9, 6)]	True	True	False	False	geometric5	48054	21	18	2026-08-01	13.718212701217192	4.673023092799209	0.23435967214524794	2.5843819352195925	0.5775674935164115	0.42785005612574556	0.0
/rds/general/user/osella/home/rl-qecc-data/supervisedLearning/sweep2/g5_mix_66-96_H7_s3000.pth	7	3000	12	mixed	[(6, 6), (9, 6)]	True	True	False	False	geometric5	48054	21	18	2026-08-01	12.644602194343136	4.673023092799209	0.22086569392247807	3.002590918400049	0.43458049799477605	0.34341115628218744	0.0
/rds/general/user/osella/home/rl-qecc-data/supervisedLearning/sweep2/g5_mix_66-96_H7_s4000.pth	7	4000	12	mixed	[(6, 6), (9, 6)]	True	True	False	False	geometric5	48054	21	18	2026-08-01	15.966295594717765	4.673023092799209	0.26086203904773375	3.9861347306686112	-0.25900948422777076	-0.15814276684544495	0.0
/rds/general/user/osella/home/rl-qecc-data/supervisedLearning/sweep2/g5_mix_66-96_H7_s466555.pth	7	466555	12	mixed	[(6, 6), (9, 6)]	True	True	False	False	geometric5	48054	21	18	2026-08-01	11.353303892362055	4.673023092799209	0.1936504481211517	2.611896639953924	0.7318135741915776	0.5613293697361319	0.0
/rds/general/user/osella/home/rl-qecc-data/supervisedLearning/sweep2/g5_mix_66-96_H7_s5000.pth	7	5000	12	mixed	[(6, 6), (9, 6)]	True	True	False	False	geometric5	48054	21	18	2026-08-01	12.94767528918163	4.673023092799209	0.2179504108049843	2.8358662021094636	0.5991389309546253	0.4630405712832343	0.0
/rds/general/user/osella/home/rl-qecc-data/supervisedLearning/sweep2/g5_mix_66-96_H7_s54321.pth	7	54321	12	mixed	[(6, 6), (9, 6)]	True	True	False	False	geometric5	48054	21	18	2026-08-01	15.204688620860676	4.673023092799209	0.2486683062097598	4.083706995347577	0.08877288664444503	0.09900609190432744	0.0
/rds/general/user/osella/home/rl-qecc-data/supervisedLearning/sweep2/g5_mix_66-96_H7_s6000.pth	7	6000	12	mixed	[(6, 6), (9, 6)]	True	True	False	False	geometric5	48054	21	18	2026-08-01	14.0167605236021	4.673023092799209	0.24469135219567775	3.0302020652208723	0.34008960404676286	0.2541979967126147	0.0
/rds/general/user/osella/home/rl-qecc-data/supervisedLearning/sweep2/g5_mix_66-96_H7_s7134066.pth	7	7134066	12	mixed	[(6, 6), (9, 6)]	True	True	False	False	geometric5	48054	21	18	2026-08-01	13.827019801670357	4.673023092799209	0.23462546111179325	2.658380551614947	0.500922546378615	0.37971490723015294	0.0
/rds/general/user/osella/home/rl-qecc-data/supervisedLearning/sweep2/g5_mix_66_H10_s1000.pth	10	1000	24	mixed	[(6, 6)]	True	False	False	False	geometric5	48054	21	18	2026-08-01	12.331406669294319	4.673023092799209	0.2032270555339155	4.18188264231341	0.34256249683713097	0.25882211120075493	0.0
/rds/general/user/osella/home/rl-qecc-data/supervisedLearning/sweep2/g5_mix_66_H10_s12345.pth	10	12345	24	mixed	[(6, 6)]	True	False	False	False	geometric5	48054	21	18	2026-08-01	14.073538386016567	4.673023092799209	0.24649703608545434	2.8674265084782853	-0.1212974606740995	-0.07514220086240321	0.0
/rds/general/user/osella/home/rl-qecc-data/supervisedLearning/sweep2/g5_mix_66_H10_s2000.pth	10	2000	24	mixed	[(6, 6)]	True	False	False	False	geometric5	48054	21	18	2026-08-01	13.664648465366046	4.673023092799209	0.23279973168063664	3.210853547169166	0.07889300458766554	0.06964927906375022	0.0
/rds/general/user/osella/home/rl-qecc-data/supervisedLearning/sweep2/g5_mix_66_H10_s3000.pth	10	3000	24	mixed	[(6, 6)]	True	False	False	False	geometric5	48054	21	18	2026-08-01	14.413386451577699	4.673023092799209	0.24686013880285954	2.919932181436173	-0.04390166048527871	-0.019994962732473278	0.02
/rds/general/user/osella/home/rl-qecc-data/supervisedLearning/sweep2/g5_mix_66_H10_s4000.pth	10	4000	24	mixed	[(6, 6)]	True	False	False	False	geometric5	48054	21	18	2026-08-01	13.531922078182038	4.673023092799209	0.23332891722882013	2.832732392105612	-0.03063259233956796	-0.020609305573768624	0.06
/rds/general/user/osella/home/rl-qecc-data/supervisedLearning/sweep2/g5_mix_66_H10_s466555.pth	10	466555	24	mixed	[(6, 6)]	True	False	False	False	geometric5	48054	21	18	2026-08-01	12.371206320930197	4.673023092799209	0.2117789692580618	3.0414688910701506	0.3107753888738881	0.2490836270105784	0.0
/rds/general/user/osella/home/rl-qecc-data/supervisedLearning/sweep2/g5_mix_66_H10_s5000.pth	10	5000	24	mixed	[(6, 6)]	True	False	False	False	geometric5	48054	21	18	2026-08-01	13.811800832570494	4.673023092799209	0.2457755200657021	2.919230976523286	0.15128030495656494	0.134059034019663	0.0
/rds/general/user/osella/home/rl-qecc-data/supervisedLearning/sweep2/g5_mix_66_H10_s54321.pth	10	54321	24	mixed	[(6, 6)]	True	False	False	False	geometric5	48054	21	18	2026-08-01	14.711646656452512	4.673023092799209	0.25795905682483944	2.695478625674023	0.21300251687067046	0.1629943451026633	0.0
/rds/general/user/osella/home/rl-qecc-data/supervisedLearning/sweep2/g5_mix_66_H10_s6000.pth	10	6000	24	mixed	[(6, 6)]	True	False	False	False	geometric5	48054	21	18	2026-08-01	13.884634811421016	4.673023092799209	0.24484145144040165	2.7173273966603846	0.31334252781375566	0.24309596176329218	0.0
/rds/general/user/osella/home/rl-qecc-data/supervisedLearning/sweep2/g5_mix_66_H10_s7134066.pth	10	7134066	24	mixed	[(6, 6)]	True	False	False	False	geometric5	48054	21	18	2026-08-01	13.98746489136554	4.673023092799209	0.23752283849826644	3.157413647687058	-0.25234537070907626	-0.15690692426739244	0.0
/rds/general/user/osella/home/rl-qecc-data/supervisedLearning/sweep2/g5_mix_66_H3_s1000.pth	3	1000	24	mixed	[(6, 6)]	True	False	False	False	geometric5	48054	21	18	2026-08-01	13.34456900803715	4.673023092799209	0.19522115486724764	11.894532940770453	-0.24264528183864684	-0.16010052008660494	0.0
/rds/general/user/osella/home/rl-qecc-data/supervisedLearning/sweep2/g5_mix_66_H3_s12345.pth	3	12345	24	mixed	[(6, 6)]	True	False	False	False	geometric5	48054	21	18	2026-08-01	11.931275708449906	4.673023092799209	0.17808983030141248	3.904930214357569	0.3424156753406443	0.24044417055579784	0.0
/rds/general/user/osella/home/rl-qecc-data/supervisedLearning/sweep2/g5_mix_66_H3_s2000.pth	3	2000	24	mixed	[(6, 6)]	True	False	False	False	geometric5	48054	21	18	2026-08-01	14.13436705340927	4.673023092799209	0.2445929226458456	3.4214331520805894	0.38576526904610847	0.2801323263420596	0.0
/rds/general/user/osella/home/rl-qecc-data/supervisedLearning/sweep2/g5_mix_66_H3_s3000.pth	3	3000	24	mixed	[(6, 6)]	True	False	False	False	geometric5	48054	21	18	2026-08-01	14.971211431227912	4.673023092799209	0.26014785842305355	2.760839715506366	-0.08765119021767874	-0.045555526882753376	0.0
/rds/general/user/osella/home/rl-qecc-data/supervisedLearning/sweep2/g5_mix_66_H3_s4000.pth	3	4000	24	mixed	[(6, 6)]	True	False	False	False	geometric5	48054	21	18	2026-08-01	13.698072902262073	4.673023092799209	0.21944892369124158	3.9975242261166786	-0.09978668512591057	-0.061126287353501514	0.0
/rds/general/user/osella/home/rl-qecc-data/supervisedLearning/sweep2/g5_mix_66_H3_s466555.pth	3	466555	24	mixed	[(6, 6)]	True	False	False	False	geometric5	48054	21	18	2026-08-01	13.399771449834203	4.673023092799209	0.2291675056644873	3.1965918525772485	0.20815591973566766	0.1862762659972051	0.0
/rds/general/user/osella/home/rl-qecc-data/supervisedLearning/sweep2/g5_mix_66_H3_s5000.pth	3	5000	24	mixed	[(6, 6)]	True	False	False	False	geometric5	48054	21	18	2026-08-01	18.340684346445958	4.673023092799209	0.30130759791940914	3.1456863702015814	-0.506453883112732	-0.3493854511565352	0.0
/rds/general/user/osella/home/rl-qecc-data/supervisedLearning/sweep2/g5_mix_66_H3_s54321.pth	3	54321	24	mixed	[(6, 6)]	True	False	False	False	geometric5	48054	21	18	2026-08-01	18.073837338480246	4.673023092799209	0.31330151704518827	3.179332937944018	-0.13107808703614132	-0.07601958118044196	0.0
/rds/general/user/osella/home/rl-qecc-data/supervisedLearning/sweep2/g5_mix_66_H3_s6000.pth	3	6000	24	mixed	[(6, 6)]	True	False	False	False	geometric5	48054	21	18	2026-08-01	16.41877805785464	4.673023092799209	0.27870588035338956	3.598147895296757	-0.5043634227489092	-0.34858462526850564	0.0
/rds/general/user/osella/home/rl-qecc-data/supervisedLearning/sweep2/g5_mix_66_H3_s7134066.pth	3	7134066	24	mixed	[(6, 6)]	True	False	False	False	geometric5	48054	21	18	2026-08-01	13.929753210546234	4.673023092799209	0.2472396991100405	2.940658049996329	-0.18452863387375648	-0.11107472822872917	0.0
/rds/general/user/osella/home/rl-qecc-data/supervisedLearning/sweep2/g5_mix_66_H4_s1000.pth	4	1000	24	mixed	[(6, 6)]	True	False	False	False	geometric5	48054	21	18	2026-08-01	15.310617945657887	4.673023092799209	0.260934149023342	3.132554617092127	-0.08295824202699258	-0.04527395924407636	0.0
/rds/general/user/osella/home/rl-qecc-data/supervisedLearning/sweep2/g5_mix_66_H4_s12345.pth	4	12345	24	mixed	[(6, 6)]	True	False	False	False	geometric5	48054	21	18	2026-08-01	13.453723837153504	4.673023092799209	0.23010554796626267	2.9590638279369093	-0.1570375231129807	-0.10071203077861296	0.0
/rds/general/user/osella/home/rl-qecc-data/supervisedLearning/sweep2/g5_mix_66_H4_s2000.pth	4	2000	24	mixed	[(6, 6)]	True	False	False	False	geometric5	48054	21	18	2026-08-01	15.272762291716994	4.673023092799209	0.25430256737795576	3.4720528605760554	-0.20000567677141926	-0.11329281159818204	0.0
/rds/general/user/osella/home/rl-qecc-data/supervisedLearning/sweep2/g5_mix_66_H4_s3000.pth	4	3000	24	mixed	[(6, 6)]	True	False	False	False	geometric5	48054	21	18	2026-08-01	13.429783193262598	4.673023092799209	0.12314482530572508	9.556614387110784	0.24730375036112656	0.1666070979900121	0.0
/rds/general/user/osella/home/rl-qecc-data/supervisedLearning/sweep2/g5_mix_66_H4_s4000.pth	4	4000	24	mixed	[(6, 6)]	True	False	False	False	geometric5	48054	21	18	2026-08-01	11.718283450268917	4.673023092799209	0.19341281769740412	3.373496345506802	0.1968842733889225	0.15294887103280727	0.0
/rds/general/user/osella/home/rl-qecc-data/supervisedLearning/sweep2/g5_mix_66_H4_s466555.pth	4	466555	24	mixed	[(6, 6)]	True	False	False	False	geometric5	48054	21	18	2026-08-01	13.016777143723075	4.673023092799209	0.21909614889783752	2.7637353281346275	0.4599176659081033	0.3380086144109386	0.0
/rds/general/user/osella/home/rl-qecc-data/supervisedLearning/sweep2/g5_mix_66_H4_s5000.pth	4	5000	24	mixed	[(6, 6)]	True	False	False	False	geometric5	48054	21	18	2026-08-01	14.273243832249188	4.673023092799209	0.24490669361465045	2.7806647997072744	0.24819798753600156	0.2015014524318911	0.0
/rds/general/user/osella/home/rl-qecc-data/supervisedLearning/sweep2/g5_mix_66_H4_s54321.pth	4	54321	24	mixed	[(6, 6)]	True	False	False	False	geometric5	48054	21	18	2026-08-01	16.118881552528773	4.673023092799209	0.27197490193061613	3.4183684717171516	0.07370008666376746	0.08445665801023168	0.0
/rds/general/user/osella/home/rl-qecc-data/supervisedLearning/sweep2/g5_mix_66_H4_s6000.pth	4	6000	24	mixed	[(6, 6)]	True	False	False	False	geometric5	48054	21	18	2026-08-01	15.123776954645692	4.673023092799209	0.2626260550533137	2.881300547732522	-0.16569630708942432	-0.10153383357832299	0.0
/rds/general/user/osella/home/rl-qecc-data/supervisedLearning/sweep2/g5_mix_66_H4_s7134066.pth	4	7134066	24	mixed	[(6, 6)]	True	False	False	False	geometric5	48054	21	18	2026-08-01	16.029365424190217	4.673023092799209	0.2813561879132301	2.708659511988403	0.20456821684559012	0.173956869326264	0.0
/rds/general/user/osella/home/rl-qecc-data/supervisedLearning/sweep2/g5_mix_66_H6_s1000.pth	6	1000	24	mixed	[(6, 6)]	True	False	False	False	geometric5	48054	21	18	2026-08-01	16.990861425441935	4.673023092799209	0.2934451915439472	2.8255671018562243	-0.057237077400429395	-0.03300591731250508	0.0
/rds/general/user/osella/home/rl-qecc-data/supervisedLearning/sweep2/g5_mix_66_H6_s12345.pth	6	12345	24	mixed	[(6, 6)]	True	False	False	False	geometric5	48054	21	18	2026-08-01	17.04925309724821	4.673023092799209	0.290262001257063	2.7915653148922237	-0.1574986758764941	-0.0874136276822698	0.0
/rds/general/user/osella/home/rl-qecc-data/supervisedLearning/sweep2/g5_mix_66_H6_s2000.pth	6	2000	24	mixed	[(6, 6)]	True	False	False	False	geometric5	48054	21	18	2026-08-01	10.369464146946065	4.673023092799209	0.14615861636868663	4.840170037102927	0.2525658682556866	0.18683305936229025	0.0
/rds/general/user/osella/home/rl-qecc-data/supervisedLearning/sweep2/g5_mix_66_H6_s3000.pth	6	3000	24	mixed	[(6, 6)]	True	False	False	False	geometric5	48054	21	18	2026-08-01	13.062730667094987	4.673023092799209	0.23227062083161756	2.898923767113123	0.20093369904629674	0.17628189124198115	0.0
/rds/general/user/osella/home/rl-qecc-data/supervisedLearning/sweep2/g5_mix_66_H6_s4000.pth	6	4000	24	mixed	[(6, 6)]	True	False	False	False	geometric5	48054	21	18	2026-08-01	14.417298863663273	4.673023092799209	0.25527812558388935	2.6723780514977915	0.37524177770091177	0.2732436050798596	0.0
/rds/general/user/osella/home/rl-qecc-data/supervisedLearning/sweep2/g5_mix_66_H6_s466555.pth	6	466555	24	mixed	[(6, 6)]	True	False	False	False	geometric5	48054	21	18	2026-08-01	14.189533891252065	4.673023092799209	0.22566326299640424	4.221896979865567	-0.23244194876497212	-0.14951449184118784	0.0
/rds/general/user/osella/home/rl-qecc-data/supervisedLearning/sweep2/g5_mix_66_H6_s5000.pth	6	5000	24	mixed	[(6, 6)]	True	False	False	False	geometric5	48054	21	18	2026-08-01	14.19249791436905	4.673023092799209	0.23326113099128518	3.725556659600249	-0.06776746744926443	-0.027332481099835708	0.0
/rds/general/user/osella/home/rl-qecc-data/supervisedLearning/sweep2/g5_mix_66_H6_s54321.pth	6	54321	24	mixed	[(6, 6)]	True	False	False	False	geometric5	48054	21	18	2026-08-01	13.587659188317454	4.673023092799209	0.23994561954045943	2.7386182918515143	0.3349579622657912	0.26221684777843746	0.0
/rds/general/user/osella/home/rl-qecc-data/supervisedLearning/sweep2/g5_mix_66_H6_s6000.pth	6	6000	24	mixed	[(6, 6)]	True	False	False	False	geometric5	48054	21	18	2026-08-01	12.701084197525644	4.673023092799209	0.22178140003393826	3.039105243153869	0.4357222973069704	0.32146545378002606	0.0
/rds/general/user/osella/home/rl-qecc-data/supervisedLearning/sweep2/g5_mix_66_H6_s7134066.pth	6	7134066	24	mixed	[(6, 6)]	True	False	False	False	geometric5	48054	21	18	2026-08-01	12.889810975695438	4.673023092799209	0.21688938187436238	3.20049951289057	0.315769597733199	0.25590466856264643	0.0
/rds/general/user/osella/home/rl-qecc-data/supervisedLearning/sweep2/g5_mix_66_H7_s1000.pth	7	1000	24	mixed	[(6, 6)]	True	False	False	False	geometric5	48054	21	18	2026-08-01	12.547976692402012	4.673023092799209	0.21660034783227322	2.8226170025946677	0.4474826124991519	0.3291786372561561	0.0
/rds/general/user/osella/home/rl-qecc-data/supervisedLearning/sweep2/g5_mix_66_H7_s12345.pth	7	12345	24	mixed	[(6, 6)]	True	False	False	False	geometric5	48054	21	18	2026-08-01	16.24765207069358	4.673023092799209	0.2856063927071826	2.9351694765929235	0.15600697254069548	0.15178374915804238	0.0
/rds/general/user/osella/home/rl-qecc-data/supervisedLearning/sweep2/g5_mix_66_H7_s2000.pth	7	2000	24	mixed	[(6, 6)]	True	False	False	False	geometric5	48054	21	18	2026-08-01	11.035478367181002	4.673023092799209	0.1956108993509437	3.0599912634370487	0.4324946170166809	0.3206581740856697	0.0
/rds/general/user/osella/home/rl-qecc-data/supervisedLearning/sweep2/g5_mix_66_H7_s3000.pth	7	3000	24	mixed	[(6, 6)]	True	False	False	False	geometric5	48054	21	18	2026-08-01	9.504624295147197	4.673023092799209	0.15895219175779893	2.8217286154334453	0.7106646679178326	0.5342495408019231	0.02
/rds/general/user/osella/home/rl-qecc-data/supervisedLearning/sweep2/g5_mix_66_H7_s4000.pth	7	4000	24	mixed	[(6, 6)]	True	False	False	False	geometric5	48054	21	18	2026-08-01	14.244747412977352	4.673023092799209	0.24454096448563123	2.7777077361836526	0.2943175492083263	0.2419726191428612	0.0
/rds/general/user/osella/home/rl-qecc-data/supervisedLearning/sweep2/g5_mix_66_H7_s466555.pth	7	466555	24	mixed	[(6, 6)]	True	False	False	False	geometric5	48054	21	18	2026-08-01	19.08710827251935	4.673023092799209	0.30391626481960765	2.958880866428547	-0.060955469605874855	-0.02149146455239612	0.0
/rds/general/user/osella/home/rl-qecc-data/supervisedLearning/sweep2/g5_mix_66_H7_s5000.pth	7	5000	24	mixed	[(6, 6)]	True	False	False	False	geometric5	48054	21	18	2026-08-01	12.587645764320738	4.673023092799209	0.22437597058399733	2.845357705148442	0.35472752379613115	0.26498301652857686	0.0
/rds/general/user/osella/home/rl-qecc-data/supervisedLearning/sweep2/g5_mix_66_H7_s54321.pth	7	54321	24	mixed	[(6, 6)]	True	False	False	False	geometric5	48054	21	18	2026-08-01	18.61630828014679	4.673023092799209	0.28144898621465303	3.683593729970537	-0.6326056692228977	-0.45989153331406485	0.0
/rds/general/user/osella/home/rl-qecc-data/supervisedLearning/sweep2/g5_mix_66_H7_s6000.pth	7	6000	24	mixed	[(6, 6)]	True	False	False	False	geometric5	48054	21	18	2026-08-01	11.04632399479465	4.673023092799209	0.17445130700315747	3.796048001184859	0.20701541477703164	0.18851672423838686	0.0
/rds/general/user/osella/home/rl-qecc-data/supervisedLearning/sweep2/g5_mix_66_H7_s7134066.pth	7	7134066	24	mixed	[(6, 6)]	True	False	False	False	geometric5	48054	21	18	2026-08-01	14.091147291650405	4.673023092799209	0.23926825563127052	3.144812376523884	0.2647033257915513	0.21863326184831766	0.0
/rds/general/user/osella/home/rl-qecc-data/supervisedLearning/sweep2/g5_ground_anch_H10_s1000.pth	10	1000	2	groundAnchored	[(6, 6), (9, 6), (12, 6), (15, 3)]	True	True	True	True	geometric5	895050	6	6	2026-08-01	10.652893054957486	10.111702831361493	0.03159610275909263	1.247316273648568	0.8602103476588844	0.6799422772502419	0.04
/rds/general/user/osella/home/rl-qecc-data/supervisedLearning/sweep2/g5_ground_anch_H10_s12345.pth	10	12345	2	groundAnchored	[(6, 6), (9, 6), (12, 6), (15, 3)]	True	True	True	True	geometric5	895050	6	6	2026-08-01	10.65659411934061	10.111702831361493	0.032404570866670195	1.3297801052083598	0.8572505657032207	0.6763378948914661	0.08
/rds/general/user/osella/home/rl-qecc-data/supervisedLearning/sweep2/g5_ground_anch_H10_s2000.pth	10	2000	2	groundAnchored	[(6, 6), (9, 6), (12, 6), (15, 3)]	True	True	True	True	geometric5	895050	6	6	2026-08-01	10.640701613908206	10.111702831361493	0.031527756071103336	1.275167348460108	0.8611476334398802	0.680662941392566	0.0
/rds/general/user/osella/home/rl-qecc-data/supervisedLearning/sweep2/g5_ground_anch_H10_s3000.pth	10	3000	2	groundAnchored	[(6, 6), (9, 6), (12, 6), (15, 3)]	True	True	True	True	geometric5	895050	6	6	2026-08-01	10.731475848766415	10.111702831361493	0.03486158257854714	1.2038671290760605	0.8319371609466969	0.6483978538407998	0.06
/rds/general/user/osella/home/rl-qecc-data/supervisedLearning/sweep2/g5_ground_anch_H10_s4000.pth	10	4000	2	groundAnchored	[(6, 6), (9, 6), (12, 6), (15, 3)]	True	True	True	True	geometric5	895050	6	6	2026-08-01	10.656442112539176	10.111702831361493	0.03162060549404457	1.2223906829727276	0.8605262677908654	0.680328231936501	0.0
/rds/general/user/osella/home/rl-qecc-data/supervisedLearning/sweep2/g5_ground_anch_H10_s466555.pth	10	466555	2	groundAnchored	[(6, 6), (9, 6), (12, 6), (15, 3)]	True	True	True	True	geometric5	895050	6	6	2026-08-01	10.724538178111164	10.111702831361493	0.03427646270838275	1.1934153560338543	0.8362577515561423	0.6542788475912652	0.02
/rds/general/user/osella/home/rl-qecc-data/supervisedLearning/sweep2/g5_ground_anch_H10_s5000.pth	10	5000	2	groundAnchored	[(6, 6), (9, 6), (12, 6), (15, 3)]	True	True	True	True	geometric5	895050	6	6	2026-08-01	10.746955487309883	10.111702831361493	0.035687339904854454	1.261682416607858	0.8276697062017508	0.643428792363933	0.06
/rds/general/user/osella/home/rl-qecc-data/supervisedLearning/sweep2/g5_ground_anch_H10_s54321.pth	10	54321	2	groundAnchored	[(6, 6), (9, 6), (12, 6), (15, 3)]	True	True	True	True	geometric5	895050	6	6	2026-08-01	10.717014502080541	10.111702831361493	0.03408198041463742	1.2894120734558778	0.8389815853571472	0.6555465213627145	0.04
/rds/general/user/osella/home/rl-qecc-data/supervisedLearning/sweep2/g5_ground_anch_H10_s6000.pth	10	6000	2	groundAnchored	[(6, 6), (9, 6), (12, 6), (15, 3)]	True	True	True	True	geometric5	895050	6	6	2026-08-01	10.708962348446056	10.111702831361493	0.03314885718900532	1.4140927399159091	0.8458115788055068	0.6626994340401962	0.02
/rds/general/user/osella/home/rl-qecc-data/supervisedLearning/sweep2/g5_ground_anch_H10_s7134066.pth	10	7134066	2	groundAnchored	[(6, 6), (9, 6), (12, 6), (15, 3)]	True	True	True	True	geometric5	895050	6	6	2026-08-01	10.73061756904285	10.111702831361493	0.03435522807504161	1.2361284093510259	0.8362760049453133	0.6537360735670561	0.04
/rds/general/user/osella/home/rl-qecc-data/supervisedLearning/sweep2/g5_ground_anch_H3_s1000.pth	3	1000	2	groundAnchored	[(6, 6), (9, 6), (12, 6), (15, 3)]	True	True	True	True	geometric5	895050	6	6	2026-08-01	10.681224979267954	10.111702831361493	0.032729639566682546	1.373824429392688	0.8493919066249719	0.667025241805638	0.04
/rds/general/user/osella/home/rl-qecc-data/supervisedLearning/sweep2/g5_ground_anch_H3_s12345.pth	3	12345	2	groundAnchored	[(6, 6), (9, 6), (12, 6), (15, 3)]	True	True	True	True	geometric5	895050	6	6	2026-08-01	10.677293598159372	10.111702831361493	0.032444549017480784	1.2779535756598077	0.8539978983887475	0.6722910844137101	0.0
/rds/general/user/osella/home/rl-qecc-data/supervisedLearning/sweep2/g5_ground_anch_H3_s2000.pth	3	2000	2	groundAnchored	[(6, 6), (9, 6), (12, 6), (15, 3)]	True	True	True	True	geometric5	895050	6	6	2026-08-01	10.655100037429282	10.111702831361493	0.03176159299524607	1.3008621262549076	0.8584291316981776	0.6778420705796927	0.02
/rds/general/user/osella/home/rl-qecc-data/supervisedLearning/sweep2/g5_ground_anch_H3_s3000.pth	3	3000	2	groundAnchored	[(6, 6), (9, 6), (12, 6), (15, 3)]	True	True	True	True	geometric5	895050	6	6	2026-08-01	10.662058991679919	10.111702831361493	0.031878618174174325	1.1991314105108246	0.8594606031156682	0.67908075394943	0.04
/rds/general/user/osella/home/rl-qecc-data/supervisedLearning/sweep2/g5_ground_anch_H3_s4000.pth	3	4000	2	groundAnchored	[(6, 6), (9, 6), (12, 6), (15, 3)]	True	True	True	True	geometric5	895050	6	6	2026-08-01	10.771734609431082	10.111702831361493	0.03618237572526969	1.330308634129245	0.8201075090099299	0.6348553969119225	0.06
/rds/general/user/osella/home/rl-qecc-data/supervisedLearning/sweep2/g5_ground_anch_H3_s466555.pth	3	466555	2	groundAnchored	[(6, 6), (9, 6), (12, 6), (15, 3)]	True	True	True	True	geometric5	895050	6	6	2026-08-01	10.6658149391039	10.111702831361493	0.0320258634046141	1.3224225804295782	0.8560572044961734	0.6746955260191827	0.04
/rds/general/user/osella/home/rl-qecc-data/supervisedLearning/sweep2/g5_ground_anch_H3_s5000.pth	3	5000	2	groundAnchored	[(6, 6), (9, 6), (12, 6), (15, 3)]	True	True	True	True	geometric5	895050	6	6	2026-08-01	10.663986457859084	10.111702831361493	0.03190109664222955	1.2489327156892016	0.8583262911847662	0.6775329202061198	0.04
/rds/general/user/osella/home/rl-qecc-data/supervisedLearning/sweep2/g5_ground_anch_H3_s54321.pth	3	54321	2	groundAnchored	[(6, 6), (9, 6), (12, 6), (15, 3)]	True	True	True	True	geometric5	895050	6	6	2026-08-01	10.573319974435021	10.111702831361493	0.028574693495268325	0.9440678535847749	0.8878678537506892	0.7140312618215093	0.06
/rds/general/user/osella/home/rl-qecc-data/supervisedLearning/sweep2/g5_ground_anch_H3_s6000.pth	3	6000	2	groundAnchored	[(6, 6), (9, 6), (12, 6), (15, 3)]	True	True	True	True	geometric5	895050	6	6	2026-08-01	10.6267880620471	10.111702831361493	0.031098809568103875	1.2431564990787305	0.8640028886528471	0.6844076170167506	0.04
/rds/general/user/osella/home/rl-qecc-data/supervisedLearning/sweep2/g5_ground_anch_H3_s7134066.pth	3	7134066	2	groundAnchored	[(6, 6), (9, 6), (12, 6), (15, 3)]	True	True	True	True	geometric5	895050	6	6	2026-08-01	10.649726818985007	10.111702831361493	0.03139462665015876	1.193966599055212	0.8630672412020831	0.683306698720558	0.04
/rds/general/user/osella/home/rl-qecc-data/supervisedLearning/sweep2/g5_ground_anch_H4_s1000.pth	4	1000	2	groundAnchored	[(6, 6), (9, 6), (12, 6), (15, 3)]	True	True	True	True	geometric5	895050	6	6	2026-08-01	10.722498398152366	10.111702831361493	0.034077279655579176	1.3471893668220027	0.840281307205591	0.6570508907659272	0.0
/rds/general/user/osella/home/rl-qecc-data/supervisedLearning/sweep2/g5_ground_anch_H4_s12345.pth	4	12345	2	groundAnchored	[(6, 6), (9, 6), (12, 6), (15, 3)]	True	True	True	True	geometric5	895050	6	6	2026-08-01	10.657696957284237	10.111702831361493	0.032035661927371235	1.3124336141506046	0.8588028749435802	0.6778215472395772	0.06
/rds/general/user/osella/home/rl-qecc-data/supervisedLearning/sweep2/g5_ground_anch_H4_s2000.pth	4	2000	2	groundAnchored	[(6, 6), (9, 6), (12, 6), (15, 3)]	True	True	True	True	geometric5	895050	6	6	2026-08-01	10.754491292327483	10.111702831361493	0.035443391044437646	1.271771846909835	0.8276947256760308	0.6434539253675544	0.06
/rds/general/user/osella/home/rl-qecc-data/supervisedLearning/sweep2/g5_ground_anch_H4_s3000.pth	4	3000	2	groundAnchored	[(6, 6), (9, 6), (12, 6), (15, 3)]	True	True	True	True	geometric5	895050	6	6	2026-08-01	10.742629488241343	10.111702831361493	0.0346197525454764	1.648248188487112	0.8310131172058636	0.6457676012476194	0.0
/rds/general/user/osella/home/rl-qecc-data/supervisedLearning/sweep2/g5_ground_anch_H4_s4000.pth	4	4000	2	groundAnchored	[(6, 6), (9, 6), (12, 6), (15, 3)]	True	True	True	True	geometric5	895050	6	6	2026-08-01	10.674267172162917	10.111702831361493	0.032093118539645867	1.2569673144092148	0.854900835099602	0.673613306273034	0.0
/rds/general/user/osella/home/rl-qecc-data/supervisedLearning/sweep2/g5_ground_anch_H4_s466555.pth	4	466555	2	groundAnchored	[(6, 6), (9, 6), (12, 6), (15, 3)]	True	True	True	True	geometric5	895050	6	6	2026-08-01	10.746134417098139	10.111702831361493	0.03377869479595269	1.25763832881007	0.8444412929144968	0.6631073274917826	0.02
/rds/general/user/osella/home/rl-qecc-data/supervisedLearning/sweep2/g5_ground_anch_H4_s5000.pth	4	5000	2	groundAnchored	[(6, 6), (9, 6), (12, 6), (15, 3)]	True	True	True	True	geometric5	895050	6	6	2026-08-01	10.701323469474163	10.111702831361493	0.033615806410490126	1.1957940608535718	0.8420561465193622	0.6606049999745078	0.04
/rds/general/user/osella/home/rl-qecc-data/supervisedLearning/sweep2/g5_ground_anch_H4_s54321.pth	4	54321	2	groundAnchored	[(6, 6), (9, 6), (12, 6), (15, 3)]	True	True	True	True	geometric5	895050	6	6	2026-08-01	10.686733753223745	10.111702831361493	0.03248625720542412	1.2722470533857797	0.8520674510293239	0.6700585729529377	0.08
/rds/general/user/osella/home/rl-qecc-data/supervisedLearning/sweep2/g5_ground_anch_H4_s6000.pth	4	6000	2	groundAnchored	[(6, 6), (9, 6), (12, 6), (15, 3)]	True	True	True	True	geometric5	895050	6	6	2026-08-01	10.656794058963394	10.111702831361493	0.03203936964927633	1.3437103364101488	0.8555526627663192	0.6743666970778859	0.04
/rds/general/user/osella/home/rl-qecc-data/supervisedLearning/sweep2/g5_ground_anch_H4_s7134066.pth	4	7134066	2	groundAnchored	[(6, 6), (9, 6), (12, 6), (15, 3)]	True	True	True	True	geometric5	895050	6	6	2026-08-01	10.749803757409794	10.111702831361493	0.0354506769455974	1.2697967332487339	0.8260368520834306	0.641859534477452	0.04
/rds/general/user/osella/home/rl-qecc-data/supervisedLearning/sweep2/g5_ground_anch_H6_s1000.pth	6	1000	2	groundAnchored	[(6, 6), (9, 6), (12, 6), (15, 3)]	True	True	True	True	geometric5	895050	6	6	2026-08-01	10.649453361022363	10.111702831361493	0.031798674407184806	1.3211752463468567	0.8590003072644251	0.6782753834331333	0.04
/rds/general/user/osella/home/rl-qecc-data/supervisedLearning/sweep2/g5_ground_anch_H6_s12345.pth	6	12345	2	groundAnchored	[(6, 6), (9, 6), (12, 6), (15, 3)]	True	True	True	True	geometric5	895050	6	6	2026-08-01	10.65694730671548	10.111702831361493	0.03191600914441043	1.2912946428724403	0.85799136046385	0.6772403712982398	0.06
/rds/general/user/osella/home/rl-qecc-data/supervisedLearning/sweep2/g5_ground_anch_H6_s2000.pth	6	2000	2	groundAnchored	[(6, 6), (9, 6), (12, 6), (15, 3)]	True	True	True	True	geometric5	895050	6	6	2026-08-01	10.662935720220716	10.111702831361493	0.03192270232094614	1.325735662522033	0.856805517237837	0.675515131151247	0.06
/rds/general/user/osella/home/rl-qecc-data/supervisedLearning/sweep2/g5_ground_anch_H6_s3000.pth	6	3000	2	groundAnchored	[(6, 6), (9, 6), (12, 6), (15, 3)]	True	True	True	True	geometric5	895050	6	6	2026-08-01	10.703758497224468	10.111702831361493	0.03355196458612125	1.4423574279733267	0.8408866969796643	0.6572909508237901	0.02
/rds/general/user/osella/home/rl-qecc-data/supervisedLearning/sweep2/g5_ground_anch_H6_s4000.pth	6	4000	2	groundAnchored	[(6, 6), (9, 6), (12, 6), (15, 3)]	True	True	True	True	geometric5	895050	6	6	2026-08-01	10.729763832533672	10.111702831361493	0.0344012746583968	1.2807194440638272	0.8363549140606792	0.6530337246584679	0.04
/rds/general/user/osella/home/rl-qecc-data/supervisedLearning/sweep2/g5_ground_anch_H6_s466555.pth	6	466555	2	groundAnchored	[(6, 6), (9, 6), (12, 6), (15, 3)]	True	True	True	True	geometric5	895050	6	6	2026-08-01	10.736413684516853	10.111702831361493	0.034477989450166203	1.3463859262353755	0.8363515676077865	0.6527906627526209	0.04
/rds/general/user/osella/home/rl-qecc-data/supervisedLearning/sweep2/g5_ground_anch_H6_s5000.pth	6	5000	2	groundAnchored	[(6, 6), (9, 6), (12, 6), (15, 3)]	True	True	True	True	geometric5	895050	6	6	2026-08-01	10.636259545208238	10.111702831361493	0.03148496956473433	1.249795211220672	0.8604773057240096	0.6803149580242449	0.06
/rds/general/user/osella/home/rl-qecc-data/supervisedLearning/sweep2/g5_ground_anch_H6_s54321.pth	6	54321	2	groundAnchored	[(6, 6), (9, 6), (12, 6), (15, 3)]	True	True	True	True	geometric5	895050	6	6	2026-08-01	10.635131192470217	10.111702831361493	0.03154411836725489	1.2554495733156263	0.8607505137237251	0.6808899908809822	0.06
/rds/general/user/osella/home/rl-qecc-data/supervisedLearning/sweep2/g5_ground_anch_H6_s6000.pth	6	6000	2	groundAnchored	[(6, 6), (9, 6), (12, 6), (15, 3)]	True	True	True	True	geometric5	895050	6	6	2026-08-01	10.67244207888296	10.111702831361493	0.03236049632771207	1.3336755605489408	0.853058452564247	0.6709295630326546	0.0
/rds/general/user/osella/home/rl-qecc-data/supervisedLearning/sweep2/g5_ground_anch_H6_s7134066.pth	6	7134066	2	groundAnchored	[(6, 6), (9, 6), (12, 6), (15, 3)]	True	True	True	True	geometric5	895050	6	6	2026-08-01	10.65191332607738	10.111702831361493	0.031745926291416426	1.2484138365672504	0.8595720100021829	0.6791196332791738	0.02
/rds/general/user/osella/home/rl-qecc-data/supervisedLearning/sweep2/g5_ground_anch_H7_s1000.pth	7	1000	2	groundAnchored	[(6, 6), (9, 6), (12, 6), (15, 3)]	True	True	True	True	geometric5	895050	6	6	2026-08-01	10.662166761939595	10.111702831361493	0.03209670312208158	1.2931850815023112	0.8566774378119175	0.6756116534899052	0.02
/rds/general/user/osella/home/rl-qecc-data/supervisedLearning/sweep2/g5_ground_anch_H7_s12345.pth	7	12345	2	groundAnchored	[(6, 6), (9, 6), (12, 6), (15, 3)]	True	True	True	True	geometric5	895050	6	6	2026-08-01	10.785691675145184	10.111702831361493	0.03646422978047598	1.31265493184706	0.8222280549305596	0.6375965897451775	0.06
/rds/general/user/osella/home/rl-qecc-data/supervisedLearning/sweep2/g5_ground_anch_H7_s2000.pth	7	2000	2	groundAnchored	[(6, 6), (9, 6), (12, 6), (15, 3)]	True	True	True	True	geometric5	895050	6	6	2026-08-01	10.661726527425774	10.111702831361493	0.031523928132865905	1.2237080976671497	0.8610386962531181	0.6808097183481892	0.08
/rds/general/user/osella/home/rl-qecc-data/supervisedLearning/sweep2/g5_ground_anch_H7_s3000.pth	7	3000	2	groundAnchored	[(6, 6), (9, 6), (12, 6), (15, 3)]	True	True	True	True	geometric5	895050	6	6	2026-08-01	10.636321035477739	10.111702831361493	0.031451448712549526	1.2400257805738826	0.8618146006244918	0.6818531391978212	0.04
/rds/general/user/osella/home/rl-qecc-data/supervisedLearning/sweep2/g5_ground_anch_H7_s4000.pth	7	4000	2	groundAnchored	[(6, 6), (9, 6), (12, 6), (15, 3)]	True	True	True	True	geometric5	895050	6	6	2026-08-01	10.656122621590523	10.111702831361493	0.031877683220203644	1.2408040239632339	0.8573811798734973	0.6764013483274263	0.08
/rds/general/user/osella/home/rl-qecc-data/supervisedLearning/sweep2/g5_ground_anch_H7_s466555.pth	7	466555	2	groundAnchored	[(6, 6), (9, 6), (12, 6), (15, 3)]	True	True	True	True	geometric5	895050	6	6	2026-08-01	10.561128124027618	10.111702831361493	0.028138483372253203	0.8437459764755756	0.8914732967261787	0.7186537869167383	0.06
/rds/general/user/osella/home/rl-qecc-data/supervisedLearning/sweep2/g5_ground_anch_H7_s5000.pth	7	5000	2	groundAnchored	[(6, 6), (9, 6), (12, 6), (15, 3)]	True	True	True	True	geometric5	895050	6	6	2026-08-01	10.655670181853779	10.111702831361493	0.0317018388073972	1.2820763723419124	0.8593580977366503	0.6786382918839176	0.06
/rds/general/user/osella/home/rl-qecc-data/supervisedLearning/sweep2/g5_ground_anch_H7_s54321.pth	7	54321	2	groundAnchored	[(6, 6), (9, 6), (12, 6), (15, 3)]	True	True	True	True	geometric5	895050	6	6	2026-08-01	10.562120501768026	10.111702831361493	0.028035720699634434	0.8368668878290229	0.8932824790973566	0.7212197663064838	0.04
/rds/general/user/osella/home/rl-qecc-data/supervisedLearning/sweep2/g5_ground_anch_H7_s6000.pth	7	6000	2	groundAnchored	[(6, 6), (9, 6), (12, 6), (15, 3)]	True	True	True	True	geometric5	895050	6	6	2026-08-01	10.65633058971802	10.111702831361493	0.03165577781662079	1.2403123785230636	0.8590270959709948	0.6783468065868726	0.04
/rds/general/user/osella/home/rl-qecc-data/supervisedLearning/sweep2/g5_ground_anch_H7_s7134066.pth	7	7134066	2	groundAnchored	[(6, 6), (9, 6), (12, 6), (15, 3)]	True	True	True	True	geometric5	895050	6	6	2026-08-01	10.64476194659137	10.111702831361493	0.031873374917884355	1.2652504591761764	0.8607243241644241	0.6804661572523611	0.06
/rds/general/user/osella/home/rl-qecc-data/supervisedLearning/sweep2/g5_ground_pure_H10_s1000.pth	10	1000	2	groundPure	[(6, 6), (9, 6), (12, 6), (15, 3)]	True	True	True	True	geometric5	895050	6	6	2026-08-01	10.771755911339104	10.111702831361493	0.03545449307803967	1.1684677608409653	0.8253809321676789	0.6400214551030985	0.04
/rds/general/user/osella/home/rl-qecc-data/supervisedLearning/sweep2/g5_ground_pure_H10_s12345.pth	10	12345	2	groundPure	[(6, 6), (9, 6), (12, 6), (15, 3)]	True	True	True	True	geometric5	895050	6	6	2026-08-01	10.726264809947471	10.111702831361493	0.03409700880491341	1.2884169471062106	0.8394439982094484	0.655431423481834	0.02
/rds/general/user/osella/home/rl-qecc-data/supervisedLearning/sweep2/g5_ground_pure_H10_s2000.pth	10	2000	2	groundPure	[(6, 6), (9, 6), (12, 6), (15, 3)]	True	True	True	True	geometric5	895050	6	6	2026-08-01	10.737097909296446	10.111702831361493	0.03420989795832476	1.243355934321697	0.844523503097321	0.6613868229951053	0.06
/rds/general/user/osella/home/rl-qecc-data/supervisedLearning/sweep2/g5_ground_pure_H10_s3000.pth	10	3000	2	groundPure	[(6, 6), (9, 6), (12, 6), (15, 3)]	True	True	True	True	geometric5	895050	6	6	2026-08-01	10.787662778546704	10.111702831361493	0.03665490291795995	1.2348259180077334	0.8163080366146243	0.6304927630406888	0.02
/rds/general/user/osella/home/rl-qecc-data/supervisedLearning/sweep2/g5_ground_pure_H10_s4000.pth	10	4000	2	groundPure	[(6, 6), (9, 6), (12, 6), (15, 3)]	True	True	True	True	geometric5	895050	6	6	2026-08-01	10.767002942137571	10.111702831361493	0.03521897217103765	1.1882969759407074	0.8370003366903759	0.6521968232717754	0.0
/rds/general/user/osella/home/rl-qecc-data/supervisedLearning/sweep2/g5_ground_pure_H10_s466555.pth	10	466555	2	groundPure	[(6, 6), (9, 6), (12, 6), (15, 3)]	True	True	True	True	geometric5	895050	6	6	2026-08-01	10.781999851220338	10.111702831361493	0.036628690798433595	1.1712749615830886	0.8136524840149029	0.6283279113713259	0.06
/rds/general/user/osella/home/rl-qecc-data/supervisedLearning/sweep2/g5_ground_pure_H10_s5000.pth	10	5000	2	groundPure	[(6, 6), (9, 6), (12, 6), (15, 3)]	True	True	True	True	geometric5	895050	6	6	2026-08-01	10.809728711687312	10.111702831361493	0.03716704281144568	1.2208042025805839	0.8117307801067326	0.6255174430462492	0.06
/rds/general/user/osella/home/rl-qecc-data/supervisedLearning/sweep2/g5_ground_pure_H10_s54321.pth	10	54321	2	groundPure	[(6, 6), (9, 6), (12, 6), (15, 3)]	True	True	True	True	geometric5	895050	6	6	2026-08-01	10.790174091703305	10.111702831361493	0.03607106160935894	1.2622831828557848	0.8245527883898133	0.6387822785939891	0.04
/rds/general/user/osella/home/rl-qecc-data/supervisedLearning/sweep2/g5_ground_pure_H10_s6000.pth	10	6000	2	groundPure	[(6, 6), (9, 6), (12, 6), (15, 3)]	True	True	True	True	geometric5	895050	6	6	2026-08-01	10.894733647531408	10.111702831361493	0.03687673317200405	1.368457654109448	0.8247310931638288	0.6379991205267459	0.0
/rds/general/user/osella/home/rl-qecc-data/supervisedLearning/sweep2/g5_ground_pure_H10_s7134066.pth	10	7134066	2	groundPure	[(6, 6), (9, 6), (12, 6), (15, 3)]	True	True	True	True	geometric5	895050	6	6	2026-08-01	10.792799611980513	10.111702831361493	0.03580165085328148	1.1988520198339563	0.8234713672835238	0.6382980459933357	0.02
/rds/general/user/osella/home/rl-qecc-data/supervisedLearning/sweep2/g5_ground_pure_H3_s1000.pth	3	1000	2	groundPure	[(6, 6), (9, 6), (12, 6), (15, 3)]	True	True	True	True	geometric5	895050	6	6	2026-08-01	10.806194226334004	10.111702831361493	0.03678093206772592	1.329945854939107	0.8285233914870559	0.6431143694566961	0.1
/rds/general/user/osella/home/rl-qecc-data/supervisedLearning/sweep2/g5_ground_pure_H3_s12345.pth	3	12345	2	groundPure	[(6, 6), (9, 6), (12, 6), (15, 3)]	True	True	True	True	geometric5	895050	6	6	2026-08-01	10.764438470834465	10.111702831361493	0.0350991569210073	1.2467585470874738	0.8330549498258498	0.6485498271135459	0.02
/rds/general/user/osella/home/rl-qecc-data/supervisedLearning/sweep2/g5_ground_pure_H3_s2000.pth	3	2000	2	groundPure	[(6, 6), (9, 6), (12, 6), (15, 3)]	True	True	True	True	geometric5	895050	6	6	2026-08-01	10.762211202141135	10.111702831361493	0.03461361498199545	1.265724277030715	0.8324001222814089	0.6474231017623738	0.02
/rds/general/user/osella/home/rl-qecc-data/supervisedLearning/sweep2/g5_ground_pure_H3_s3000.pth	3	3000	2	groundPure	[(6, 6), (9, 6), (12, 6), (15, 3)]	True	True	True	True	geometric5	895050	6	6	2026-08-01	10.770790730803194	10.111702831361493	0.034748216908421635	1.1612061563040796	0.8316535457342825	0.6464142395182702	0.04
/rds/general/user/osella/home/rl-qecc-data/supervisedLearning/sweep2/g5_ground_pure_H3_s4000.pth	3	4000	2	groundPure	[(6, 6), (9, 6), (12, 6), (15, 3)]	True	True	True	True	geometric5	895050	6	6	2026-08-01	10.837159583689173	10.111702831361493	0.037618756970140596	1.3134061628350677	0.8078034211618034	0.620883189618964	0.0
/rds/general/user/osella/home/rl-qecc-data/supervisedLearning/sweep2/g5_ground_pure_H3_s466555.pth	3	466555	2	groundPure	[(6, 6), (9, 6), (12, 6), (15, 3)]	True	True	True	True	geometric5	895050	6	6	2026-08-01	10.746994589822489	10.111702831361493	0.03381425888391475	1.298433919322137	0.8418901834581934	0.6578609508316594	0.02
/rds/general/user/osella/home/rl-qecc-data/supervisedLearning/sweep2/g5_ground_pure_H3_s5000.pth	3	5000	2	groundPure	[(6, 6), (9, 6), (12, 6), (15, 3)]	True	True	True	True	geometric5	895050	6	6	2026-08-01	10.748073774666372	10.111702831361493	0.03400205000096682	1.2135155776499185	0.8405025937671151	0.6562804512692165	0.04
/rds/general/user/osella/home/rl-qecc-data/supervisedLearning/sweep2/g5_ground_pure_H3_s54321.pth	3	54321	2	groundPure	[(6, 6), (9, 6), (12, 6), (15, 3)]	True	True	True	True	geometric5	895050	6	6	2026-08-01	10.69835255671329	10.111702831361493	0.03246714663864091	0.8748228574313902	0.8580839201814136	0.6767557775097713	0.02
/rds/general/user/osella/home/rl-qecc-data/supervisedLearning/sweep2/g5_ground_pure_H3_s6000.pth	3	6000	2	groundPure	[(6, 6), (9, 6), (12, 6), (15, 3)]	True	True	True	True	geometric5	895050	6	6	2026-08-01	10.745025214705255	10.111702831361493	0.033953507969003004	1.193394104606925	0.8406174206867152	0.6562990777265592	0.0
/rds/general/user/osella/home/rl-qecc-data/supervisedLearning/sweep2/g5_ground_pure_H3_s7134066.pth	3	7134066	2	groundPure	[(6, 6), (9, 6), (12, 6), (15, 3)]	True	True	True	True	geometric5	895050	6	6	2026-08-01	10.768441844867974	10.111702831361493	0.03388654637625058	1.1281157969226452	0.8400554466728821	0.655787589239201	0.04
/rds/general/user/osella/home/rl-qecc-data/supervisedLearning/sweep2/g5_ground_pure_H4_s1000.pth	4	1000	2	groundPure	[(6, 6), (9, 6), (12, 6), (15, 3)]	True	True	True	True	geometric5	895050	6	6	2026-08-01	10.800402022719753	10.111702831361493	0.03589508664028041	1.3009929613042601	0.8201343536577276	0.6340147564197663	0.02
/rds/general/user/osella/home/rl-qecc-data/supervisedLearning/sweep2/g5_ground_pure_H4_s12345.pth	4	12345	2	groundPure	[(6, 6), (9, 6), (12, 6), (15, 3)]	True	True	True	True	geometric5	895050	6	6	2026-08-01	10.76199973029869	10.111702831361493	0.03419671373901727	1.2788541748183286	0.8393720530397812	0.6552294196805737	0.08
/rds/general/user/osella/home/rl-qecc-data/supervisedLearning/sweep2/g5_ground_pure_H4_s2000.pth	4	2000	2	groundPure	[(6, 6), (9, 6), (12, 6), (15, 3)]	True	True	True	True	geometric5	895050	6	6	2026-08-01	10.848862409638567	10.111702831361493	0.03853603167090723	1.2534605926323534	0.8106881761537645	0.6237558582293482	0.04
/rds/general/user/osella/home/rl-qecc-data/supervisedLearning/sweep2/g5_ground_pure_H4_s3000.pth	4	3000	2	groundPure	[(6, 6), (9, 6), (12, 6), (15, 3)]	True	True	True	True	geometric5	895050	6	6	2026-08-01	10.825923451737443	10.111702831361493	0.0369663903696984	1.6444939408901118	0.8124795898244741	0.6257914009540475	0.04
/rds/general/user/osella/home/rl-qecc-data/supervisedLearning/sweep2/g5_ground_pure_H4_s4000.pth	4	4000	2	groundPure	[(6, 6), (9, 6), (12, 6), (15, 3)]	True	True	True	True	geometric5	895050	6	6	2026-08-01	10.736117317426594	10.111702831361493	0.03404344258218168	1.231448793660182	0.838012614295153	0.6540763455881909	0.02
/rds/general/user/osella/home/rl-qecc-data/supervisedLearning/sweep2/g5_ground_pure_H4_s466555.pth	4	466555	2	groundPure	[(6, 6), (9, 6), (12, 6), (15, 3)]	True	True	True	True	geometric5	895050	6	6	2026-08-01	10.954688331866679	10.111702831361493	0.04089799597537587	1.2271745800059652	0.8116158442554954	0.6247062128683436	0.02
/rds/general/user/osella/home/rl-qecc-data/supervisedLearning/sweep2/g5_ground_pure_H4_s5000.pth	4	5000	2	groundPure	[(6, 6), (9, 6), (12, 6), (15, 3)]	True	True	True	True	geometric5	895050	6	6	2026-08-01	10.768968112507299	10.111702831361493	0.036283684099966865	1.194196441554003	0.8210624982559277	0.636529304808831	0.04
/rds/general/user/osella/home/rl-qecc-data/supervisedLearning/sweep2/g5_ground_pure_H4_s54321.pth	4	54321	2	groundPure	[(6, 6), (9, 6), (12, 6), (15, 3)]	True	True	True	True	geometric5	895050	6	6	2026-08-01	10.853435222474623	10.111702831361493	0.03792947981202719	1.2383809466414208	0.8291007972386076	0.6428726654096933	0.1
/rds/general/user/osella/home/rl-qecc-data/supervisedLearning/sweep2/g5_ground_pure_H4_s6000.pth	4	6000	2	groundPure	[(6, 6), (9, 6), (12, 6), (15, 3)]	True	True	True	True	geometric5	895050	6	6	2026-08-01	10.74174441987778	10.111702831361493	0.03484583071953035	1.30619590599679	0.8292367023569084	0.6440451355400781	0.04
/rds/general/user/osella/home/rl-qecc-data/supervisedLearning/sweep2/g5_ground_pure_H4_s7134066.pth	4	7134066	2	groundPure	[(6, 6), (9, 6), (12, 6), (15, 3)]	True	True	True	True	geometric5	895050	6	6	2026-08-01	10.807028986299118	10.111702831361493	0.03683889207059291	1.2387892871086548	0.8127980873857619	0.6270124772475916	0.06
/rds/general/user/osella/home/rl-qecc-data/supervisedLearning/sweep2/g5_ground_pure_H6_s1000.pth	6	1000	2	groundPure	[(6, 6), (9, 6), (12, 6), (15, 3)]	True	True	True	True	geometric5	895050	6	6	2026-08-01	10.704746988199409	10.111702831361493	0.03343241091190499	1.3214925258861934	0.8421899100559059	0.6587453116458541	0.06
/rds/general/user/osella/home/rl-qecc-data/supervisedLearning/sweep2/g5_ground_pure_H6_s12345.pth	6	12345	2	groundPure	[(6, 6), (9, 6), (12, 6), (15, 3)]	True	True	True	True	geometric5	895050	6	6	2026-08-01	10.734763632433536	10.111702831361493	0.03356717370178715	1.2737389812622115	0.8423317228190691	0.658738201431725	0.04
/rds/general/user/osella/home/rl-qecc-data/supervisedLearning/sweep2/g5_ground_pure_H6_s2000.pth	6	2000	2	groundPure	[(6, 6), (9, 6), (12, 6), (15, 3)]	True	True	True	True	geometric5	895050	6	6	2026-08-01	10.766826563682182	10.111702831361493	0.03534799830743004	1.2868733303454074	0.8322807702942493	0.6468393588614352	0.04
/rds/general/user/osella/home/rl-qecc-data/supervisedLearning/sweep2/g5_ground_pure_H6_s3000.pth	6	3000	2	groundPure	[(6, 6), (9, 6), (12, 6), (15, 3)]	True	True	True	True	geometric5	895050	6	6	2026-08-01	10.93126096952653	10.111702831361493	0.03783711956129055	1.3884160553061837	0.8114008237004577	0.6248893467700044	0.08
/rds/general/user/osella/home/rl-qecc-data/supervisedLearning/sweep2/g5_ground_pure_H6_s4000.pth	6	4000	2	groundPure	[(6, 6), (9, 6), (12, 6), (15, 3)]	True	True	True	True	geometric5	895050	6	6	2026-08-01	10.831337923791528	10.111702831361493	0.036944554297162806	1.2409799351098718	0.8187756618410399	0.6322218306451227	0.0
/rds/general/user/osella/home/rl-qecc-data/supervisedLearning/sweep2/g5_ground_pure_H6_s466555.pth	6	466555	2	groundPure	[(6, 6), (9, 6), (12, 6), (15, 3)]	True	True	True	True	geometric5	895050	6	6	2026-08-01	10.847736903234999	10.111702831361493	0.03862507259816441	1.3270277741479977	0.802671068190906	0.6156295982500185	0.02
/rds/general/user/osella/home/rl-qecc-data/supervisedLearning/sweep2/g5_ground_pure_H6_s5000.pth	6	5000	2	groundPure	[(6, 6), (9, 6), (12, 6), (15, 3)]	True	True	True	True	geometric5	895050	6	6	2026-08-01	10.703166280707224	10.111702831361493	0.033765246873847805	1.2221755970626509	0.8445483238553483	0.6607902150105961	0.04
/rds/general/user/osella/home/rl-qecc-data/supervisedLearning/sweep2/g5_ground_pure_H6_s54321.pth	6	54321	2	groundPure	[(6, 6), (9, 6), (12, 6), (15, 3)]	True	True	True	True	geometric5	895050	6	6	2026-08-01	10.711860278786315	10.111702831361493	0.0350980093440352	1.2292317721472261	0.8390658257712132	0.6558157638276344	0.06
/rds/general/user/osella/home/rl-qecc-data/supervisedLearning/sweep2/g5_ground_pure_H6_s6000.pth	6	6000	2	groundPure	[(6, 6), (9, 6), (12, 6), (15, 3)]	True	True	True	True	geometric5	895050	6	6	2026-08-01	10.756855881881565	10.111702831361493	0.033801106689610984	1.2852224192310462	0.8407682648976206	0.6563839010583119	0.02
/rds/general/user/osella/home/rl-qecc-data/supervisedLearning/sweep2/g5_ground_pure_H6_s7134066.pth	6	7134066	2	groundPure	[(6, 6), (9, 6), (12, 6), (15, 3)]	True	True	True	True	geometric5	895050	6	6	2026-08-01	10.81783509376093	10.111702831361493	0.037793398583323916	1.219051746245796	0.8267666667155034	0.6411689735499734	0.06
/rds/general/user/osella/home/rl-qecc-data/supervisedLearning/sweep2/g5_ground_pure_H7_s1000.pth	7	1000	2	groundPure	[(6, 6), (9, 6), (12, 6), (15, 3)]	True	True	True	True	geometric5	895050	6	6	2026-08-01	10.73646081992572	10.111702831361493	0.03393380276951218	1.2464558297375394	0.8400038973264948	0.6562778243957912	0.04
/rds/general/user/osella/home/rl-qecc-data/supervisedLearning/sweep2/g5_ground_pure_H7_s12345.pth	7	12345	2	groundPure	[(6, 6), (9, 6), (12, 6), (15, 3)]	True	True	True	True	geometric5	895050	6	6	2026-08-01	10.903235737356765	10.111702831361493	0.03764607948381405	1.2902958195056737	0.8119679637867366	0.6242784934288825	0.02
/rds/general/user/osella/home/rl-qecc-data/supervisedLearning/sweep2/g5_ground_pure_H7_s2000.pth	7	2000	2	groundPure	[(6, 6), (9, 6), (12, 6), (15, 3)]	True	True	True	True	geometric5	895050	6	6	2026-08-01	10.729879815191149	10.111702831361493	0.03376642365796707	1.151146397873993	0.8404274748168507	0.6564727179948754	0.02
/rds/general/user/osella/home/rl-qecc-data/supervisedLearning/sweep2/g5_ground_pure_H7_s3000.pth	7	3000	2	groundPure	[(6, 6), (9, 6), (12, 6), (15, 3)]	True	True	True	True	geometric5	895050	6	6	2026-08-01	10.768242326500289	10.111702831361493	0.034661549318520044	1.2222940217766054	0.8354647604309016	0.6503783041476681	0.0
/rds/general/user/osella/home/rl-qecc-data/supervisedLearning/sweep2/g5_ground_pure_H7_s4000.pth	7	4000	2	groundPure	[(6, 6), (9, 6), (12, 6), (15, 3)]	True	True	True	True	geometric5	895050	6	6	2026-08-01	10.783286575729685	10.111702831361493	0.03465984362388282	1.20453617458856	0.8391307279720048	0.6543792098689503	0.08
/rds/general/user/osella/home/rl-qecc-data/supervisedLearning/sweep2/g5_ground_pure_H7_s466555.pth	7	466555	2	groundPure	[(6, 6), (9, 6), (12, 6), (15, 3)]	True	True	True	True	geometric5	895050	6	6	2026-08-01	10.60645564902978	10.111702831361493	0.029688653547645362	0.7973057344464455	0.8793989496264261	0.7023669030950394	0.12
/rds/general/user/osella/home/rl-qecc-data/supervisedLearning/sweep2/g5_ground_pure_H7_s5000.pth	7	5000	2	groundPure	[(6, 6), (9, 6), (12, 6), (15, 3)]	True	True	True	True	geometric5	895050	6	6	2026-08-01	10.745321655456726	10.111702831361493	0.034459443130952214	1.2389962438372726	0.8324807719660487	0.6478980367914674	0.04
/rds/general/user/osella/home/rl-qecc-data/supervisedLearning/sweep2/g5_ground_pure_H7_s54321.pth	7	54321	2	groundPure	[(6, 6), (9, 6), (12, 6), (15, 3)]	True	True	True	True	geometric5	895050	6	6	2026-08-01	10.637267797733253	10.111702831361493	0.030847610643643605	0.7696687789903887	0.8747655584394225	0.6965497019598648	0.04
/rds/general/user/osella/home/rl-qecc-data/supervisedLearning/sweep2/g5_ground_pure_H7_s6000.pth	7	6000	2	groundPure	[(6, 6), (9, 6), (12, 6), (15, 3)]	True	True	True	True	geometric5	895050	6	6	2026-08-01	10.769396537349103	10.111702831361493	0.034377211009886846	1.2061829807168178	0.8401128847761462	0.6556806115721003	0.06
/rds/general/user/osella/home/rl-qecc-data/supervisedLearning/sweep2/g5_ground_pure_H7_s7134066.pth	7	7134066	2	groundPure	[(6, 6), (9, 6), (12, 6), (15, 3)]	True	True	True	True	geometric5	895050	6	6	2026-08-01	10.70090203245516	10.111702831361493	0.032865142138584894	1.2177123207362308	0.8480436333104618	0.6651729631362802	0.06
/rds/general/user/osella/home/rl-qecc-data/supervisedLearning/sweep2/g5_mix_66-96-126-153_H10_s1000.pth	10	1000	6	mixed	[(6, 6), (9, 6), (12, 6), (15, 3)]	True	True	True	True	geometric5	895050	6	6	2026-08-01	10.851676023302218	10.111702831361493	0.03752001077857153	1.6912082991825923	0.816168532172111	0.6303422986455266	0.02
/rds/general/user/osella/home/rl-qecc-data/supervisedLearning/sweep2/g5_mix_66-96-126-153_H10_s12345.pth	10	12345	6	mixed	[(6, 6), (9, 6), (12, 6), (15, 3)]	True	True	True	True	geometric5	895050	6	6	2026-08-01	10.785737294582646	10.111702831361493	0.0355776108404275	1.648946581838464	0.8246822840473496	0.6392609285484516	0.04
/rds/general/user/osella/home/rl-qecc-data/supervisedLearning/sweep2/g5_mix_66-96-126-153_H10_s2000.pth	10	2000	6	mixed	[(6, 6), (9, 6), (12, 6), (15, 3)]	True	True	True	True	geometric5	895050	6	6	2026-08-01	10.901291846594889	10.111702831361493	0.03930146228767223	1.7315929599519775	0.7891071903505872	0.6030395140936957	0.02
/rds/general/user/osella/home/rl-qecc-data/supervisedLearning/sweep2/g5_mix_66-96-126-153_H10_s3000.pth	10	3000	6	mixed	[(6, 6), (9, 6), (12, 6), (15, 3)]	True	True	True	True	geometric5	895050	6	6	2026-08-01	10.83549996522178	10.111702831361493	0.036568700711086255	1.6932509816607233	0.8128848558024194	0.6271609439755917	0.04
/rds/general/user/osella/home/rl-qecc-data/supervisedLearning/sweep2/g5_mix_66-96-126-153_H10_s4000.pth	10	4000	6	mixed	[(6, 6), (9, 6), (12, 6), (15, 3)]	True	True	True	True	geometric5	895050	6	6	2026-08-01	10.797087062425229	10.111702831361493	0.03562844317629295	1.7984636633616307	0.8225719988018843	0.6371452725938151	0.04
/rds/general/user/osella/home/rl-qecc-data/supervisedLearning/sweep2/g5_mix_66-96-126-153_H10_s466555.pth	10	466555	6	mixed	[(6, 6), (9, 6), (12, 6), (15, 3)]	True	True	True	True	geometric5	895050	6	6	2026-08-01	10.777967191891438	10.111702831361493	0.035044655645246135	1.69614309728988	0.8265173638754651	0.6417063087908177	0.04
/rds/general/user/osella/home/rl-qecc-data/supervisedLearning/sweep2/g5_mix_66-96-126-153_H10_s5000.pth	10	5000	6	mixed	[(6, 6), (9, 6), (12, 6), (15, 3)]	True	True	True	True	geometric5	895050	6	6	2026-08-01	10.894521220564398	10.111702831361493	0.03916675793997717	1.7080038241707183	0.7876962517672323	0.601637335329775	0.02
/rds/general/user/osella/home/rl-qecc-data/supervisedLearning/sweep2/g5_mix_66-96-126-153_H10_s54321.pth	10	54321	6	mixed	[(6, 6), (9, 6), (12, 6), (15, 3)]	True	True	True	True	geometric5	895050	6	6	2026-08-01	10.809751811150809	10.111702831361493	0.03655784592423854	1.720960867580878	0.8207766264403273	0.6347066954381824	0.04
/rds/general/user/osella/home/rl-qecc-data/supervisedLearning/sweep2/g5_mix_66-96-126-153_H10_s6000.pth	10	6000	6	mixed	[(6, 6), (9, 6), (12, 6), (15, 3)]	True	True	True	True	geometric5	895050	6	6	2026-08-01	10.90147082704785	10.111702831361493	0.03956176289539797	1.7217074885115824	0.7899362630309845	0.6027928396171734	0.02
/rds/general/user/osella/home/rl-qecc-data/supervisedLearning/sweep2/g5_mix_66-96-126-153_H10_s7134066.pth	10	7134066	6	mixed	[(6, 6), (9, 6), (12, 6), (15, 3)]	True	True	True	True	geometric5	895050	6	6	2026-08-01	10.912987717129239	10.111702831361493	0.03990925901212783	1.7233085179709835	0.7871356343787138	0.600026794744829	0.08
/rds/general/user/osella/home/rl-qecc-data/supervisedLearning/sweep2/g5_mix_66-96-126-153_H3_s1000.pth	3	1000	6	mixed	[(6, 6), (9, 6), (12, 6), (15, 3)]	True	True	True	True	geometric5	895050	6	6	2026-08-01	10.784010788602547	10.111702831361493	0.035490802357797446	1.7493839301350969	0.8258585914827543	0.6401366689060347	0.02
/rds/general/user/osella/home/rl-qecc-data/supervisedLearning/sweep2/g5_mix_66-96-126-153_H3_s12345.pth	3	12345	6	mixed	[(6, 6), (9, 6), (12, 6), (15, 3)]	True	True	True	True	geometric5	895050	6	6	2026-08-01	10.816594017750386	10.111702831361493	0.03601275274865366	1.6315815810115435	0.818396400904322	0.6330570853057808	0.04
/rds/general/user/osella/home/rl-qecc-data/supervisedLearning/sweep2/g5_mix_66-96-126-153_H3_s2000.pth	3	2000	6	mixed	[(6, 6), (9, 6), (12, 6), (15, 3)]	True	True	True	True	geometric5	895050	6	6	2026-08-01	10.907907446525574	10.111702831361493	0.03854252776830609	1.7482236031490785	0.7969648570098515	0.6101276023195172	0.02
/rds/general/user/osella/home/rl-qecc-data/supervisedLearning/sweep2/g5_mix_66-96-126-153_H3_s3000.pth	3	3000	6	mixed	[(6, 6), (9, 6), (12, 6), (15, 3)]	True	True	True	True	geometric5	895050	6	6	2026-08-01	10.852434512215359	10.111702831361493	0.03675689247573086	1.717600131674816	0.8101379847783907	0.6240877371073112	0.04
/rds/general/user/osella/home/rl-qecc-data/supervisedLearning/sweep2/g5_mix_66-96-126-153_H3_s4000.pth	3	4000	6	mixed	[(6, 6), (9, 6), (12, 6), (15, 3)]	True	True	True	True	geometric5	895050	6	6	2026-08-01	10.805151916700334	10.111702831361493	0.035842313624021765	1.7088483429805479	0.8213334389103805	0.6355621337121607	0.02
/rds/general/user/osella/home/rl-qecc-data/supervisedLearning/sweep2/g5_mix_66-96-126-153_H3_s466555.pth	3	466555	6	mixed	[(6, 6), (9, 6), (12, 6), (15, 3)]	True	True	True	True	geometric5	895050	6	6	2026-08-01	10.87547812774402	10.111702831361493	0.03926275536326468	1.7424333394795755	0.795700790605761	0.6093941004424802	0.04
/rds/general/user/osella/home/rl-qecc-data/supervisedLearning/sweep2/g5_mix_66-96-126-153_H3_s5000.pth	3	5000	6	mixed	[(6, 6), (9, 6), (12, 6), (15, 3)]	True	True	True	True	geometric5	895050	6	6	2026-08-01	10.82167330918081	10.111702831361493	0.03645166931756519	1.6651569854113704	0.814085985372606	0.6284254526495398	0.04
/rds/general/user/osella/home/rl-qecc-data/supervisedLearning/sweep2/g5_mix_66-96-126-153_H3_s54321.pth	3	54321	6	mixed	[(6, 6), (9, 6), (12, 6), (15, 3)]	True	True	True	True	geometric5	895050	6	6	2026-08-01	10.880930936661432	10.111702831361493	0.038108657948445104	1.7309327238063281	0.8021044773673591	0.6155650780024876	0.04
/rds/general/user/osella/home/rl-qecc-data/supervisedLearning/sweep2/g5_mix_66-96-126-153_H3_s6000.pth	3	6000	6	mixed	[(6, 6), (9, 6), (12, 6), (15, 3)]	True	True	True	True	geometric5	895050	6	6	2026-08-01	10.87842171231323	10.111702831361493	0.03836542010167721	1.7260166439448819	0.7970446750877651	0.6107783093040202	0.02
/rds/general/user/osella/home/rl-qecc-data/supervisedLearning/sweep2/g5_mix_66-96-126-153_H3_s7134066.pth	3	7134066	6	mixed	[(6, 6), (9, 6), (12, 6), (15, 3)]	True	True	True	True	geometric5	895050	6	6	2026-08-01	10.854665203478223	10.111702831361493	0.038043858318694605	1.6862638475025082	0.8005208915726705	0.6136393205505358	0.04
/rds/general/user/osella/home/rl-qecc-data/supervisedLearning/sweep2/g5_mix_66-96-126-153_H4_s1000.pth	4	1000	6	mixed	[(6, 6), (9, 6), (12, 6), (15, 3)]	True	True	True	True	geometric5	895050	6	6	2026-08-01	10.816973393353672	10.111702831361493	0.036189572350990934	1.6739175218185576	0.8184578971041517	0.6330291732950071	0.02
/rds/general/user/osella/home/rl-qecc-data/supervisedLearning/sweep2/g5_mix_66-96-126-153_H4_s12345.pth	4	12345	6	mixed	[(6, 6), (9, 6), (12, 6), (15, 3)]	True	True	True	True	geometric5	895050	6	6	2026-08-01	10.789277837807573	10.111702831361493	0.034927627451157794	1.6209087689375319	0.8275736873268578	0.6428983258207662	0.04
/rds/general/user/osella/home/rl-qecc-data/supervisedLearning/sweep2/g5_mix_66-96-126-153_H4_s2000.pth	4	2000	6	mixed	[(6, 6), (9, 6), (12, 6), (15, 3)]	True	True	True	True	geometric5	895050	6	6	2026-08-01	10.855591536953057	10.111702831361493	0.037122466562589135	1.7824339867429315	0.8067055004053024	0.6200202448731161	0.04
/rds/general/user/osella/home/rl-qecc-data/supervisedLearning/sweep2/g5_mix_66-96-126-153_H4_s3000.pth	4	3000	6	mixed	[(6, 6), (9, 6), (12, 6), (15, 3)]	True	True	True	True	geometric5	895050	6	6	2026-08-01	10.861086969750474	10.111702831361493	0.037794900689177534	1.6850793432195814	0.8101180162044084	0.6238630739236534	0.02
/rds/general/user/osella/home/rl-qecc-data/supervisedLearning/sweep2/g5_mix_66-96-126-153_H4_s4000.pth	4	4000	6	mixed	[(6, 6), (9, 6), (12, 6), (15, 3)]	True	True	True	True	geometric5	895050	6	6	2026-08-01	10.802667263929123	10.111702831361493	0.03618151859791461	1.6888292125952082	0.8225919024286662	0.6373842426338926	0.04
/rds/general/user/osella/home/rl-qecc-data/supervisedLearning/sweep2/g5_mix_66-96-126-153_H4_s466555.pth	4	466555	6	mixed	[(6, 6), (9, 6), (12, 6), (15, 3)]	True	True	True	True	geometric5	895050	6	6	2026-08-01	10.816693039044331	10.111702831361493	0.036469597795100006	1.7586076043069139	0.8211159951710791	0.6363130530178049	0.06
/rds/general/user/osella/home/rl-qecc-data/supervisedLearning/sweep2/g5_mix_66-96-126-153_H4_s5000.pth	4	5000	6	mixed	[(6, 6), (9, 6), (12, 6), (15, 3)]	True	True	True	True	geometric5	895050	6	6	2026-08-01	10.881367141803992	10.111702831361493	0.03809250618289597	1.7577909530257987	0.7971473144913052	0.6105003972200472	0.06
/rds/general/user/osella/home/rl-qecc-data/supervisedLearning/sweep2/g5_mix_66-96-126-153_H4_s54321.pth	4	54321	6	mixed	[(6, 6), (9, 6), (12, 6), (15, 3)]	True	True	True	True	geometric5	895050	6	6	2026-08-01	10.906717909383223	10.111702831361493	0.04088939926610794	1.6274711561117763	0.7942427693523815	0.607340111031106	0.02
/rds/general/user/osella/home/rl-qecc-data/supervisedLearning/sweep2/g5_mix_66-96-126-153_H4_s6000.pth	4	6000	6	mixed	[(6, 6), (9, 6), (12, 6), (15, 3)]	True	True	True	True	geometric5	895050	6	6	2026-08-01	10.852627718428572	10.111702831361493	0.03727024198999582	1.8094364503751046	0.8136676560964294	0.6278943115940866	0.04
/rds/general/user/osella/home/rl-qecc-data/supervisedLearning/sweep2/g5_mix_66-96-126-153_H4_s7134066.pth	4	7134066	6	mixed	[(6, 6), (9, 6), (12, 6), (15, 3)]	True	True	True	True	geometric5	895050	6	6	2026-08-01	10.82179753353045	10.111702831361493	0.03595564570039679	1.6042193085502283	0.819829284960832	0.634620186450345	0.06
/rds/general/user/osella/home/rl-qecc-data/supervisedLearning/sweep2/g5_mix_66-96-126-153_H6_s1000.pth	6	1000	6	mixed	[(6, 6), (9, 6), (12, 6), (15, 3)]	True	True	True	True	geometric5	895050	6	6	2026-08-01	10.814867123819528	10.111702831361493	0.03600996164030474	1.6367494411628598	0.8198837133220864	0.6343649595811961	0.02
/rds/general/user/osella/home/rl-qecc-data/supervisedLearning/sweep2/g5_mix_66-96-126-153_H6_s12345.pth	6	12345	6	mixed	[(6, 6), (9, 6), (12, 6), (15, 3)]	True	True	True	True	geometric5	895050	6	6	2026-08-01	10.916288691705349	10.111702831361493	0.03962862321089279	1.6130943002084681	0.785591993947568	0.598965752985826	0.04
/rds/general/user/osella/home/rl-qecc-data/supervisedLearning/sweep2/g5_mix_66-96-126-153_H6_s2000.pth	6	2000	6	mixed	[(6, 6), (9, 6), (12, 6), (15, 3)]	True	True	True	True	geometric5	895050	6	6	2026-08-01	10.860698937508129	10.111702831361493	0.03704150075966263	1.7314417581889598	0.8103535256222548	0.6235846414047385	0.08
/rds/general/user/osella/home/rl-qecc-data/supervisedLearning/sweep2/g5_mix_66-96-126-153_H6_s3000.pth	6	3000	6	mixed	[(6, 6), (9, 6), (12, 6), (15, 3)]	True	True	True	True	geometric5	895050	6	6	2026-08-01	10.770821211636765	10.111702831361493	0.034997904693812996	1.6620710196338428	0.8292340552033683	0.6446291198537013	0.06
/rds/general/user/osella/home/rl-qecc-data/supervisedLearning/sweep2/g5_mix_66-96-126-153_H6_s4000.pth	6	4000	6	mixed	[(6, 6), (9, 6), (12, 6), (15, 3)]	True	True	True	True	geometric5	895050	6	6	2026-08-01	10.799673122510937	10.111702831361493	0.03539114218792983	1.7713462379597917	0.8241106738852965	0.6389733315063478	0.04
/rds/general/user/osella/home/rl-qecc-data/supervisedLearning/sweep2/g5_mix_66-96-126-153_H6_s466555.pth	6	466555	6	mixed	[(6, 6), (9, 6), (12, 6), (15, 3)]	True	True	True	True	geometric5	895050	6	6	2026-08-01	10.830281127650322	10.111702831361493	0.03736562607074797	1.7674767661194557	0.8122719134504042	0.6265829035115325	0.02
/rds/general/user/osella/home/rl-qecc-data/supervisedLearning/sweep2/g5_mix_66-96-126-153_H6_s5000.pth	6	5000	6	mixed	[(6, 6), (9, 6), (12, 6), (15, 3)]	True	True	True	True	geometric5	895050	6	6	2026-08-01	10.868651224913808	10.111702831361493	0.03781570960682415	1.7047944141790112	0.8065325083297384	0.6186377826225475	0.08
/rds/general/user/osella/home/rl-qecc-data/supervisedLearning/sweep2/g5_mix_66-96-126-153_H6_s54321.pth	6	54321	6	mixed	[(6, 6), (9, 6), (12, 6), (15, 3)]	True	True	True	True	geometric5	895050	6	6	2026-08-01	10.867089055951812	10.111702831361493	0.03719560251222656	1.6217457958610555	0.8231342447084159	0.6372283942669753	0.0
/rds/general/user/osella/home/rl-qecc-data/supervisedLearning/sweep2/g5_mix_66-96-126-153_H6_s6000.pth	6	6000	6	mixed	[(6, 6), (9, 6), (12, 6), (15, 3)]	True	True	True	True	geometric5	895050	6	6	2026-08-01	10.886954533648705	10.111702831361493	0.03915548098432304	1.6667501818288686	0.7927191688617519	0.6055363030357228	0.04
/rds/general/user/osella/home/rl-qecc-data/supervisedLearning/sweep2/g5_mix_66-96-126-153_H6_s7134066.pth	6	7134066	6	mixed	[(6, 6), (9, 6), (12, 6), (15, 3)]	True	True	True	True	geometric5	895050	6	6	2026-08-01	10.894126359014185	10.111702831361493	0.039154677786299254	1.6762472991871171	0.7917269929927333	0.6051709373866424	0.0
/rds/general/user/osella/home/rl-qecc-data/supervisedLearning/sweep2/g5_mix_66-96-126-153_H7_s1000.pth	7	1000	6	mixed	[(6, 6), (9, 6), (12, 6), (15, 3)]	True	True	True	True	geometric5	895050	6	6	2026-08-01	10.916734290190865	10.111702831361493	0.03995901390319371	1.6841245219028367	0.780187751166846	0.5928067100087102	0.06
/rds/general/user/osella/home/rl-qecc-data/supervisedLearning/sweep2/g5_mix_66-96-126-153_H7_s12345.pth	7	12345	6	mixed	[(6, 6), (9, 6), (12, 6), (15, 3)]	True	True	True	True	geometric5	895050	6	6	2026-08-01	10.864102198984366	10.111702831361493	0.037522906676883995	1.666281846902549	0.7999393903907137	0.6144225479732184	0.02
/rds/general/user/osella/home/rl-qecc-data/supervisedLearning/sweep2/g5_mix_66-96-126-153_H7_s2000.pth	7	2000	6	mixed	[(6, 6), (9, 6), (12, 6), (15, 3)]	True	True	True	True	geometric5	895050	6	6	2026-08-01	10.785574536381388	10.111702831361493	0.03565434363585326	1.8434131659408448	0.8217226906127806	0.6361062493224222	0.04
/rds/general/user/osella/home/rl-qecc-data/supervisedLearning/sweep2/g5_mix_66-96-126-153_H7_s3000.pth	7	3000	6	mixed	[(6, 6), (9, 6), (12, 6), (15, 3)]	True	True	True	True	geometric5	895050	6	6	2026-08-01	10.89535737905597	10.111702831361493	0.03919418710070525	1.7750664276257886	0.7878343028577112	0.6006454365489965	0.04
/rds/general/user/osella/home/rl-qecc-data/supervisedLearning/sweep2/g5_mix_66-96-126-153_H7_s4000.pth	7	4000	6	mixed	[(6, 6), (9, 6), (12, 6), (15, 3)]	True	True	True	True	geometric5	895050	6	6	2026-08-01	10.88062801147683	10.111702831361493	0.038116496644664294	1.6655032381254378	0.7998536053121159	0.6133493080433898	0.02
/rds/general/user/osella/home/rl-qecc-data/supervisedLearning/sweep2/g5_mix_66-96-126-153_H7_s466555.pth	7	466555	6	mixed	[(6, 6), (9, 6), (12, 6), (15, 3)]	True	True	True	True	geometric5	895050	6	6	2026-08-01	10.797505284713987	10.111702831361493	0.0360248854714014	1.7303004455774178	0.8222281850162968	0.6369903163079985	0.08
/rds/general/user/osella/home/rl-qecc-data/supervisedLearning/sweep2/g5_mix_66-96-126-153_H7_s5000.pth	7	5000	6	mixed	[(6, 6), (9, 6), (12, 6), (15, 3)]	True	True	True	True	geometric5	895050	6	6	2026-08-01	10.812257986502592	10.111702831361493	0.03623914718201169	1.6204391616460672	0.8175056151887002	0.6321144170593225	0.02
/rds/general/user/osella/home/rl-qecc-data/supervisedLearning/sweep2/g5_mix_66-96-126-153_H7_s54321.pth	7	54321	6	mixed	[(6, 6), (9, 6), (12, 6), (15, 3)]	True	True	True	True	geometric5	895050	6	6	2026-08-01	10.953049337478687	10.111702831361493	0.04089123634958763	1.6753862849305272	0.7867255759579629	0.599288198737356	0.02
/rds/general/user/osella/home/rl-qecc-data/supervisedLearning/sweep2/g5_mix_66-96-126-153_H7_s6000.pth	7	6000	6	mixed	[(6, 6), (9, 6), (12, 6), (15, 3)]	True	True	True	True	geometric5	895050	6	6	2026-08-01	10.83179121225519	10.111702831361493	0.03672640289389083	1.672109754802488	0.8127940020936815	0.6263206263969338	0.08
/rds/general/user/osella/home/rl-qecc-data/supervisedLearning/sweep2/g5_mix_66-96-126-153_H7_s7134066.pth	7	7134066	6	mixed	[(6, 6), (9, 6), (12, 6), (15, 3)]	True	True	True	True	geometric5	895050	6	6	2026-08-01	10.846974452266013	10.111702831361493	0.03745146791106125	1.7669292136308408	0.8057697196746676	0.6192781881303739	0.04
/rds/general/user/osella/home/rl-qecc-data/supervisedLearning/sweep2/g5_mix_66-96-126_H10_s1000.pth	10	1000	8	mixed	[(6, 6), (9, 6), (12, 6)]	True	True	True	False	geometric5	895050	6	6	2026-08-01	10.807549188381516	10.111702831361493	0.03580725024126887	1.5311450984009378	0.8261373016949392	0.6415390934011999	0.0
/rds/general/user/osella/home/rl-qecc-data/supervisedLearning/sweep2/g5_mix_66-96-126_H10_s12345.pth	10	12345	8	mixed	[(6, 6), (9, 6), (12, 6)]	True	True	True	False	geometric5	895050	6	6	2026-08-01	10.825770696000038	10.111702831361493	0.03709630813801754	1.6012144656069724	0.8203414617408787	0.6345835964953896	0.02
/rds/general/user/osella/home/rl-qecc-data/supervisedLearning/sweep2/g5_mix_66-96-126_H10_s2000.pth	10	2000	8	mixed	[(6, 6), (9, 6), (12, 6)]	True	True	True	False	geometric5	895050	6	6	2026-08-01	10.876533448642503	10.111702831361493	0.03887205071333516	1.6423302904810095	0.794159354384987	0.607566489868356	0.04
/rds/general/user/osella/home/rl-qecc-data/supervisedLearning/sweep2/g5_mix_66-96-126_H10_s3000.pth	10	3000	8	mixed	[(6, 6), (9, 6), (12, 6)]	True	True	True	False	geometric5	895050	6	6	2026-08-01	10.833007919196517	10.111702831361493	0.03674755476064794	1.6797906166226841	0.817802387365683	0.6323287892143096	0.04
/rds/general/user/osella/home/rl-qecc-data/supervisedLearning/sweep2/g5_mix_66-96-126_H10_s4000.pth	10	4000	8	mixed	[(6, 6), (9, 6), (12, 6)]	True	True	True	False	geometric5	895050	6	6	2026-08-01	10.864522113027279	10.111702831361493	0.03845311834980137	1.5673332445143748	0.7956749778583817	0.6094142572820921	0.02
/rds/general/user/osella/home/rl-qecc-data/supervisedLearning/sweep2/g5_mix_66-96-126_H10_s466555.pth	10	466555	8	mixed	[(6, 6), (9, 6), (12, 6)]	True	True	True	False	geometric5	895050	6	6	2026-08-01	10.845288601370354	10.111702831361493	0.03775917147877303	1.4909100902508734	0.8043804745779026	0.6179774732874894	0.02
/rds/general/user/osella/home/rl-qecc-data/supervisedLearning/sweep2/g5_mix_66-96-126_H10_s5000.pth	10	5000	8	mixed	[(6, 6), (9, 6), (12, 6)]	True	True	True	False	geometric5	895050	6	6	2026-08-01	10.844703101704456	10.111702831361493	0.03702244025853292	1.4142096027176672	0.8133310529871648	0.6272553726757533	0.02
/rds/general/user/osella/home/rl-qecc-data/supervisedLearning/sweep2/g5_mix_66-96-126_H10_s54321.pth	10	54321	8	mixed	[(6, 6), (9, 6), (12, 6)]	True	True	True	False	geometric5	895050	6	6	2026-08-01	10.848821982987323	10.111702831361493	0.036460662283806594	1.7565260272542562	0.8158228372589507	0.6311144983272952	0.02
/rds/general/user/osella/home/rl-qecc-data/supervisedLearning/sweep2/g5_mix_66-96-126_H10_s6000.pth	10	6000	8	mixed	[(6, 6), (9, 6), (12, 6)]	True	True	True	False	geometric5	895050	6	6	2026-08-01	10.877001982414313	10.111702831361493	0.038811046758489086	1.6076637241676675	0.7982667616083037	0.6121748462905167	0.06
/rds/general/user/osella/home/rl-qecc-data/supervisedLearning/sweep2/g5_mix_66-96-126_H10_s7134066.pth	10	7134066	8	mixed	[(6, 6), (9, 6), (12, 6)]	True	True	True	False	geometric5	895050	6	6	2026-08-01	10.769636157784422	10.111702831361493	0.03571728996433311	1.6707444378432132	0.8308144036615295	0.6460963475858709	0.04
/rds/general/user/osella/home/rl-qecc-data/supervisedLearning/sweep2/g5_mix_66-96-126_H3_s1000.pth	3	1000	8	mixed	[(6, 6), (9, 6), (12, 6)]	True	True	True	False	geometric5	895050	6	6	2026-08-01	10.776074789719225	10.111702831361493	0.03498607512127514	1.6683672215574834	0.827514711525242	0.6426151409450604	0.06
/rds/general/user/osella/home/rl-qecc-data/supervisedLearning/sweep2/g5_mix_66-96-126_H3_s12345.pth	3	12345	8	mixed	[(6, 6), (9, 6), (12, 6)]	True	True	True	False	geometric5	895050	6	6	2026-08-01	10.777107943854269	10.111702831361493	0.035447443160666885	1.5739990974189142	0.8274667493309552	0.6422658390383416	0.06
/rds/general/user/osella/home/rl-qecc-data/supervisedLearning/sweep2/g5_mix_66-96-126_H3_s2000.pth	3	2000	8	mixed	[(6, 6), (9, 6), (12, 6)]	True	True	True	False	geometric5	895050	6	6	2026-08-01	10.766756878651421	10.111702831361493	0.03519521409689139	1.660549402895816	0.8285352476833061	0.6434381163709428	0.02
/rds/general/user/osella/home/rl-qecc-data/supervisedLearning/sweep2/g5_mix_66-96-126_H3_s3000.pth	3	3000	8	mixed	[(6, 6), (9, 6), (12, 6)]	True	True	True	False	geometric5	895050	6	6	2026-08-01	10.818743806003054	10.111702831361493	0.03641803997036866	1.7186276658954092	0.8150972826168308	0.6292898730779821	0.04
/rds/general/user/osella/home/rl-qecc-data/supervisedLearning/sweep2/g5_mix_66-96-126_H3_s4000.pth	3	4000	8	mixed	[(6, 6), (9, 6), (12, 6)]	True	True	True	False	geometric5	895050	6	6	2026-08-01	10.770472925446759	10.111702831361493	0.03514817554423556	1.6146832226177918	0.827298625677992	0.6418068775929132	0.04
/rds/general/user/osella/home/rl-qecc-data/supervisedLearning/sweep2/g5_mix_66-96-126_H3_s466555.pth	3	466555	8	mixed	[(6, 6), (9, 6), (12, 6)]	True	True	True	False	geometric5	895050	6	6	2026-08-01	10.875346540095675	10.111702831361493	0.03909772126764183	1.636799697338033	0.7938989736617408	0.6073097397984747	0.06
/rds/general/user/osella/home/rl-qecc-data/supervisedLearning/sweep2/g5_mix_66-96-126_H3_s5000.pth	3	5000	8	mixed	[(6, 6), (9, 6), (12, 6)]	True	True	True	False	geometric5	895050	6	6	2026-08-01	10.8051472315259	10.111702831361493	0.036597441183139276	1.6643585365427638	0.8182389912919882	0.6331689555317593	0.04
/rds/general/user/osella/home/rl-qecc-data/supervisedLearning/sweep2/g5_mix_66-96-126_H3_s54321.pth	3	54321	8	mixed	[(6, 6), (9, 6), (12, 6)]	True	True	True	False	geometric5	895050	6	6	2026-08-01	10.819461999730025	10.111702831361493	0.03652325061771012	1.832192043368027	0.8137014574065926	0.627588888885426	0.02
/rds/general/user/osella/home/rl-qecc-data/supervisedLearning/sweep2/g5_mix_66-96-126_H3_s6000.pth	3	6000	8	mixed	[(6, 6), (9, 6), (12, 6)]	True	True	True	False	geometric5	895050	6	6	2026-08-01	10.78179678205461	10.111702831361493	0.03512221133972954	1.6019702092705277	0.8308610048978925	0.647535087648491	0.04
/rds/general/user/osella/home/rl-qecc-data/supervisedLearning/sweep2/g5_mix_66-96-126_H3_s7134066.pth	3	7134066	8	mixed	[(6, 6), (9, 6), (12, 6)]	True	True	True	False	geometric5	895050	6	6	2026-08-01	10.779166897449825	10.111702831361493	0.0353523793118235	1.6148868138323575	0.8233962348324079	0.6380828054055028	0.08
/rds/general/user/osella/home/rl-qecc-data/supervisedLearning/sweep2/g5_mix_66-96-126_H4_s1000.pth	4	1000	8	mixed	[(6, 6), (9, 6), (12, 6)]	True	True	True	False	geometric5	895050	6	6	2026-08-01	10.87042200646045	10.111702831361493	0.038033117381233814	1.6450401242303685	0.8001748111350291	0.6144031068188187	0.04
/rds/general/user/osella/home/rl-qecc-data/supervisedLearning/sweep2/g5_mix_66-96-126_H4_s12345.pth	4	12345	8	mixed	[(6, 6), (9, 6), (12, 6)]	True	True	True	False	geometric5	895050	6	6	2026-08-01	10.7758061678472	10.111702831361493	0.034855525277356914	1.636062485155903	0.8289030977015048	0.6436410941322351	0.02
/rds/general/user/osella/home/rl-qecc-data/supervisedLearning/sweep2/g5_mix_66-96-126_H4_s2000.pth	4	2000	8	mixed	[(6, 6), (9, 6), (12, 6)]	True	True	True	False	geometric5	895050	6	6	2026-08-01	10.789946909392885	10.111702831361493	0.03616639150634868	1.6501566428223453	0.821529558315412	0.6361606990758529	0.04
/rds/general/user/osella/home/rl-qecc-data/supervisedLearning/sweep2/g5_mix_66-96-126_H4_s3000.pth	4	3000	8	mixed	[(6, 6), (9, 6), (12, 6)]	True	True	True	False	geometric5	895050	6	6	2026-08-01	10.774662436414745	10.111702831361493	0.03563054255389838	1.7266825350233512	0.8278773255997013	0.6430579972402352	0.02
/rds/general/user/osella/home/rl-qecc-data/supervisedLearning/sweep2/g5_mix_66-96-126_H4_s4000.pth	4	4000	8	mixed	[(6, 6), (9, 6), (12, 6)]	True	True	True	False	geometric5	895050	6	6	2026-08-01	10.781303070787372	10.111702831361493	0.03569964317471082	1.631813030126248	0.8238233904537655	0.6382788937943623	0.04
/rds/general/user/osella/home/rl-qecc-data/supervisedLearning/sweep2/g5_mix_66-96-126_H4_s466555.pth	4	466555	8	mixed	[(6, 6), (9, 6), (12, 6)]	True	True	True	False	geometric5	895050	6	6	2026-08-01	10.794610033585737	10.111702831361493	0.03591652936593148	1.6145833022956322	0.8243427337636654	0.6387874949338228	0.0
/rds/general/user/osella/home/rl-qecc-data/supervisedLearning/sweep2/g5_mix_66-96-126_H4_s5000.pth	4	5000	8	mixed	[(6, 6), (9, 6), (12, 6)]	True	True	True	False	geometric5	895050	6	6	2026-08-01	10.828214525591175	10.111702831361493	0.036298208763366424	1.7008941808292155	0.8166324991716019	0.6318446085215889	0.06
/rds/general/user/osella/home/rl-qecc-data/supervisedLearning/sweep2/g5_mix_66-96-126_H4_s54321.pth	4	54321	8	mixed	[(6, 6), (9, 6), (12, 6)]	True	True	True	False	geometric5	895050	6	6	2026-08-01	10.871483593849726	10.111702831361493	0.0388335048198489	1.8332515134395058	0.79210379377381	0.6053052336482556	0.06
/rds/general/user/osella/home/rl-qecc-data/supervisedLearning/sweep2/g5_mix_66-96-126_H4_s6000.pth	4	6000	8	mixed	[(6, 6), (9, 6), (12, 6)]	True	True	True	False	geometric5	895050	6	6	2026-08-01	10.774861263780261	10.111702831361493	0.03554660521933441	1.7504655567136371	0.8270976397307257	0.6422969945027496	0.02
/rds/general/user/osella/home/rl-qecc-data/supervisedLearning/sweep2/g5_mix_66-96-126_H4_s7134066.pth	4	7134066	8	mixed	[(6, 6), (9, 6), (12, 6)]	True	True	True	False	geometric5	895050	6	6	2026-08-01	10.819029760174992	10.111702831361493	0.03642082096704159	1.675277744353094	0.8153814234877175	0.6298740544479586	0.06
/rds/general/user/osella/home/rl-qecc-data/supervisedLearning/sweep2/g5_mix_66-96-126_H6_s1000.pth	6	1000	8	mixed	[(6, 6), (9, 6), (12, 6)]	True	True	True	False	geometric5	895050	6	6	2026-08-01	10.802361620582682	10.111702831361493	0.03545487953491496	1.6318713953544173	0.824515946870398	0.6402131081511512	0.02
/rds/general/user/osella/home/rl-qecc-data/supervisedLearning/sweep2/g5_mix_66-96-126_H6_s12345.pth	6	12345	8	mixed	[(6, 6), (9, 6), (12, 6)]	True	True	True	False	geometric5	895050	6	6	2026-08-01	10.85773445473473	10.111702831361493	0.03828460218549743	1.6861521508729522	0.8036806506056182	0.6181130228612906	0.04
/rds/general/user/osella/home/rl-qecc-data/supervisedLearning/sweep2/g5_mix_66-96-126_H6_s2000.pth	6	2000	8	mixed	[(6, 6), (9, 6), (12, 6)]	True	True	True	False	geometric5	895050	6	6	2026-08-01	10.86292703644254	10.111702831361493	0.03852443743751809	1.6232402739882583	0.7971259865442075	0.6108837973781821	0.04
/rds/general/user/osella/home/rl-qecc-data/supervisedLearning/sweep2/g5_mix_66-96-126_H6_s3000.pth	6	3000	8	mixed	[(6, 6), (9, 6), (12, 6)]	True	True	True	False	geometric5	895050	6	6	2026-08-01	10.792381388564955	10.111702831361493	0.035653449940055225	1.6726116352672384	0.8239600948401056	0.6391550000779772	0.04
/rds/general/user/osella/home/rl-qecc-data/supervisedLearning/sweep2/g5_mix_66-96-126_H6_s4000.pth	6	4000	8	mixed	[(6, 6), (9, 6), (12, 6)]	True	True	True	False	geometric5	895050	6	6	2026-08-01	10.872119629758183	10.111702831361493	0.038712562113579777	1.5232185405650276	0.7982659518013915	0.611897566548518	0.0
/rds/general/user/osella/home/rl-qecc-data/supervisedLearning/sweep2/g5_mix_66-96-126_H6_s466555.pth	6	466555	8	mixed	[(6, 6), (9, 6), (12, 6)]	True	True	True	False	geometric5	895050	6	6	2026-08-01	10.820213007077736	10.111702831361493	0.03656608576434155	1.5892818926956445	0.815671134898814	0.6310880437093156	0.02
/rds/general/user/osella/home/rl-qecc-data/supervisedLearning/sweep2/g5_mix_66-96-126_H6_s5000.pth	6	5000	8	mixed	[(6, 6), (9, 6), (12, 6)]	True	True	True	False	geometric5	895050	6	6	2026-08-01	10.828887329747811	10.111702831361493	0.03626292327092615	1.663498018389274	0.818855870655203	0.6339262002030118	0.02
/rds/general/user/osella/home/rl-qecc-data/supervisedLearning/sweep2/g5_mix_66-96-126_H6_s54321.pth	6	54321	8	mixed	[(6, 6), (9, 6), (12, 6)]	True	True	True	False	geometric5	895050	6	6	2026-08-01	10.84704097546545	10.111702831361493	0.03767076119549246	1.4881531553305458	0.8040162795627149	0.6178951709976285	0.02
/rds/general/user/osella/home/rl-qecc-data/supervisedLearning/sweep2/g5_mix_66-96-126_H6_s6000.pth	6	6000	8	mixed	[(6, 6), (9, 6), (12, 6)]	True	True	True	False	geometric5	895050	6	6	2026-08-01	10.772562624336915	10.111702831361493	0.03462311591536142	1.605647675601752	0.8324910698653001	0.6482754354655959	0.04
/rds/general/user/osella/home/rl-qecc-data/supervisedLearning/sweep2/g5_mix_66-96-126_H6_s7134066.pth	6	7134066	8	mixed	[(6, 6), (9, 6), (12, 6)]	True	True	True	False	geometric5	895050	6	6	2026-08-01	10.862657834884862	10.111702831361493	0.038684519099678745	1.4720909867284484	0.8025650163408118	0.6157750742171094	0.02
/rds/general/user/osella/home/rl-qecc-data/supervisedLearning/sweep2/g5_mix_66-96-126_H7_s1000.pth	7	1000	8	mixed	[(6, 6), (9, 6), (12, 6)]	True	True	True	False	geometric5	895050	6	6	2026-08-01	10.84134714046972	10.111702831361493	0.03743674451545157	1.6973757463103265	0.8091990105455925	0.6239926911411061	0.02
/rds/general/user/osella/home/rl-qecc-data/supervisedLearning/sweep2/g5_mix_66-96-126_H7_s12345.pth	7	12345	8	mixed	[(6, 6), (9, 6), (12, 6)]	True	True	True	False	geometric5	895050	6	6	2026-08-01	10.812462013651592	10.111702831361493	0.037003679623557925	1.7842929519675217	0.8183617376648176	0.63243644911501	0.04
/rds/general/user/osella/home/rl-qecc-data/supervisedLearning/sweep2/g5_mix_66-96-126_H7_s2000.pth	7	2000	8	mixed	[(6, 6), (9, 6), (12, 6)]	True	True	True	False	geometric5	895050	6	6	2026-08-01	10.760565823088607	10.111702831361493	0.03454411949895306	1.5473479723437567	0.831769562895369	0.6475969290943909	0.04
/rds/general/user/osella/home/rl-qecc-data/supervisedLearning/sweep2/g5_mix_66-96-126_H7_s3000.pth	7	3000	8	mixed	[(6, 6), (9, 6), (12, 6)]	True	True	True	False	geometric5	895050	6	6	2026-08-01	10.808648083594802	10.111702831361493	0.03648129607981774	1.8096472654850895	0.8179001146175793	0.6318279592828527	0.02
/rds/general/user/osella/home/rl-qecc-data/supervisedLearning/sweep2/g5_mix_66-96-126_H7_s4000.pth	7	4000	8	mixed	[(6, 6), (9, 6), (12, 6)]	True	True	True	False	geometric5	895050	6	6	2026-08-01	10.77344769136389	10.111702831361493	0.03518274086460859	1.5991986663817934	0.8268334162987027	0.6415149228048285	0.06
/rds/general/user/osella/home/rl-qecc-data/supervisedLearning/sweep2/g5_mix_66-96-126_H7_s466555.pth	7	466555	8	mixed	[(6, 6), (9, 6), (12, 6)]	True	True	True	False	geometric5	895050	6	6	2026-08-01	10.716534606202057	10.111702831361493	0.03342964479546206	1.5250180267877442	0.8440216447400937	0.6609280000851833	0.0
/rds/general/user/osella/home/rl-qecc-data/supervisedLearning/sweep2/g5_mix_66-96-126_H7_s5000.pth	7	5000	8	mixed	[(6, 6), (9, 6), (12, 6)]	True	True	True	False	geometric5	895050	6	6	2026-08-01	10.795978258574097	10.111702831361493	0.03588702448102643	1.6273927311783802	0.8274369592505212	0.6426653725494407	0.0
/rds/general/user/osella/home/rl-qecc-data/supervisedLearning/sweep2/g5_mix_66-96-126_H7_s54321.pth	7	54321	8	mixed	[(6, 6), (9, 6), (12, 6)]	True	True	True	False	geometric5	895050	6	6	2026-08-01	10.869322360384489	10.111702831361493	0.038173524233710836	1.6424351270996214	0.7992232346087245	0.6128118229926581	0.04
/rds/general/user/osella/home/rl-qecc-data/supervisedLearning/sweep2/g5_mix_66-96-126_H7_s6000.pth	7	6000	8	mixed	[(6, 6), (9, 6), (12, 6)]	True	True	True	False	geometric5	895050	6	6	2026-08-01	10.846068861739532	10.111702831361493	0.03726818312202548	1.4646840491145559	0.8109633625111682	0.6249806657575708	0.0
/rds/general/user/osella/home/rl-qecc-data/supervisedLearning/sweep2/g5_mix_66-96-126_H7_s7134066.pth	7	7134066	8	mixed	[(6, 6), (9, 6), (12, 6)]	True	True	True	False	geometric5	895050	6	6	2026-08-01	10.78977374467403	10.111702831361493	0.03619621477861734	1.7992992321222656	0.8235865893535448	0.6381146137101178	0.04
/rds/general/user/osella/home/rl-qecc-data/supervisedLearning/sweep2/g5_mix_66-96_H10_s1000.pth	10	1000	12	mixed	[(6, 6), (9, 6)]	True	True	False	False	geometric5	895050	6	6	2026-08-01	10.74876698231845	10.111702831361493	0.03423966905799692	1.4272027538811107	0.8382571083734235	0.6545085658857805	0.1
/rds/general/user/osella/home/rl-qecc-data/supervisedLearning/sweep2/g5_mix_66-96_H10_s12345.pth	10	12345	12	mixed	[(6, 6), (9, 6)]	True	True	False	False	geometric5	895050	6	6	2026-08-01	10.79142061103199	10.111702831361493	0.03555797512094885	1.5970615237027292	0.8256850485048807	0.6408812580183836	0.08
/rds/general/user/osella/home/rl-qecc-data/supervisedLearning/sweep2/g5_mix_66-96_H10_s2000.pth	10	2000	12	mixed	[(6, 6), (9, 6)]	True	True	False	False	geometric5	895050	6	6	2026-08-01	10.682730225126141	10.111702831361493	0.03242717750539672	1.3124963557162797	0.8557040737822366	0.6742834802803109	0.04
/rds/general/user/osella/home/rl-qecc-data/supervisedLearning/sweep2/g5_mix_66-96_H10_s3000.pth	10	3000	12	mixed	[(6, 6), (9, 6)]	True	True	False	False	geometric5	895050	6	6	2026-08-01	10.768271556045274	10.111702831361493	0.03420318471680202	1.3230651483252212	0.8387197820447453	0.656260681393419	0.02
/rds/general/user/osella/home/rl-qecc-data/supervisedLearning/sweep2/g5_mix_66-96_H10_s4000.pth	10	4000	12	mixed	[(6, 6), (9, 6)]	True	True	False	False	geometric5	895050	6	6	2026-08-01	10.703335640468811	10.111702831361493	0.03281523919187525	1.3192757196710347	0.8494034542985046	0.6668563471915728	0.02
/rds/general/user/osella/home/rl-qecc-data/supervisedLearning/sweep2/g5_mix_66-96_H10_s466555.pth	10	466555	12	mixed	[(6, 6), (9, 6)]	True	True	False	False	geometric5	895050	6	6	2026-08-01	10.70491086170155	10.111702831361493	0.03285079718795626	1.3939138500632258	0.8508013074983337	0.6683412414934606	0.02
/rds/general/user/osella/home/rl-qecc-data/supervisedLearning/sweep2/g5_mix_66-96_H10_s5000.pth	10	5000	12	mixed	[(6, 6), (9, 6)]	True	True	False	False	geometric5	895050	6	6	2026-08-01	10.720466375415514	10.111702831361493	0.03303796956010582	1.3495473877614212	0.8479466570235585	0.6664052821944108	0.02
/rds/general/user/osella/home/rl-qecc-data/supervisedLearning/sweep2/g5_mix_66-96_H10_s54321.pth	10	54321	12	mixed	[(6, 6), (9, 6)]	True	True	False	False	geometric5	895050	6	6	2026-08-01	10.72190271672214	10.111702831361493	0.033116245543468564	1.3122093769922103	0.8459439694928858	0.6633333064062924	0.04
/rds/general/user/osella/home/rl-qecc-data/supervisedLearning/sweep2/g5_mix_66-96_H10_s6000.pth	10	6000	12	mixed	[(6, 6), (9, 6)]	True	True	False	False	geometric5	895050	6	6	2026-08-01	10.754128028578416	10.111702831361493	0.03426398927553317	1.5982074970721825	0.836388728308842	0.6520115740103073	0.04
/rds/general/user/osella/home/rl-qecc-data/supervisedLearning/sweep2/g5_mix_66-96_H10_s7134066.pth	10	7134066	12	mixed	[(6, 6), (9, 6)]	True	True	False	False	geometric5	895050	6	6	2026-08-01	10.805018820181479	10.111702831361493	0.036566745283264	1.352035481294742	0.8170109897512196	0.6316122924386481	0.0
/rds/general/user/osella/home/rl-qecc-data/supervisedLearning/sweep2/g5_mix_66-96_H3_s1000.pth	3	1000	12	mixed	[(6, 6), (9, 6)]	True	True	False	False	geometric5	895050	6	6	2026-08-01	10.775835046958065	10.111702831361493	0.034640798412729545	1.4771193440277066	0.8356583544014229	0.6527245317913599	0.04
/rds/general/user/osella/home/rl-qecc-data/supervisedLearning/sweep2/g5_mix_66-96_H3_s12345.pth	3	12345	12	mixed	[(6, 6), (9, 6)]	True	True	False	False	geometric5	895050	6	6	2026-08-01	10.707216105952758	10.111702831361493	0.033297686838498215	1.4517809732840266	0.8449501460177156	0.6621907239818982	0.0
/rds/general/user/osella/home/rl-qecc-data/supervisedLearning/sweep2/g5_mix_66-96_H3_s2000.pth	3	2000	12	mixed	[(6, 6), (9, 6)]	True	True	False	False	geometric5	895050	6	6	2026-08-01	10.707981402550974	10.111702831361493	0.032959014844438674	1.3805961413630812	0.8480090224340426	0.6654184488966041	0.02
/rds/general/user/osella/home/rl-qecc-data/supervisedLearning/sweep2/g5_mix_66-96_H3_s3000.pth	3	3000	12	mixed	[(6, 6), (9, 6)]	True	True	False	False	geometric5	895050	6	6	2026-08-01	10.741549335449056	10.111702831361493	0.0343809969684323	1.49253865708706	0.8344510576509875	0.6502618178280096	0.02
/rds/general/user/osella/home/rl-qecc-data/supervisedLearning/sweep2/g5_mix_66-96_H3_s4000.pth	3	4000	12	mixed	[(6, 6), (9, 6)]	True	True	False	False	geometric5	895050	6	6	2026-08-01	10.707331818541055	10.111702831361493	0.03317543539704261	1.413479872806586	0.845924695724648	0.6629071121998215	0.02
/rds/general/user/osella/home/rl-qecc-data/supervisedLearning/sweep2/g5_mix_66-96_H3_s466555.pth	3	466555	12	mixed	[(6, 6), (9, 6)]	True	True	False	False	geometric5	895050	6	6	2026-08-01	10.71868677841838	10.111702831361493	0.033417945746850836	1.4528722167866142	0.8445723546611059	0.6612387716193663	0.02
/rds/general/user/osella/home/rl-qecc-data/supervisedLearning/sweep2/g5_mix_66-96_H3_s5000.pth	3	5000	12	mixed	[(6, 6), (9, 6)]	True	True	False	False	geometric5	895050	6	6	2026-08-01	10.718647206674868	10.111702831361493	0.033118630048833204	1.4153467562349007	0.8458760128498107	0.6631822795416821	0.04
/rds/general/user/osella/home/rl-qecc-data/supervisedLearning/sweep2/g5_mix_66-96_H3_s54321.pth	3	54321	12	mixed	[(6, 6), (9, 6)]	True	True	False	False	geometric5	895050	6	6	2026-08-01	10.746705041663022	10.111702831361493	0.03389818598350464	1.4909223287656024	0.8402427101684766	0.6565508594763168	0.02
/rds/general/user/osella/home/rl-qecc-data/supervisedLearning/sweep2/g5_mix_66-96_H3_s6000.pth	3	6000	12	mixed	[(6, 6), (9, 6)]	True	True	False	False	geometric5	895050	6	6	2026-08-01	10.733766860783916	10.111702831361493	0.033719824387406505	1.4797882605412773	0.8407535706201159	0.6571730260577714	0.04
/rds/general/user/osella/home/rl-qecc-data/supervisedLearning/sweep2/g5_mix_66-96_H3_s7134066.pth	3	7134066	12	mixed	[(6, 6), (9, 6)]	True	True	False	False	geometric5	895050	6	6	2026-08-01	10.687997208988703	10.111702831361493	0.032346385904401795	1.3214148387550129	0.8543175719007262	0.6730634740709911	0.06
/rds/general/user/osella/home/rl-qecc-data/supervisedLearning/sweep2/g5_mix_66-96_H4_s1000.pth	4	1000	12	mixed	[(6, 6), (9, 6)]	True	True	False	False	geometric5	895050	6	6	2026-08-01	10.822078440096787	10.111702831361493	0.03687050702588499	1.4756346178338497	0.8135791228251928	0.6278669330237946	0.0
/rds/general/user/osella/home/rl-qecc-data/supervisedLearning/sweep2/g5_mix_66-96_H4_s12345.pth	4	12345	12	mixed	[(6, 6), (9, 6)]	True	True	False	False	geometric5	895050	6	6	2026-08-01	10.790997431196837	10.111702831361493	0.03597555741944973	1.383432944824786	0.8225137869643513	0.6377892786823035	0.06
/rds/general/user/osella/home/rl-qecc-data/supervisedLearning/sweep2/g5_mix_66-96_H4_s2000.pth	4	2000	12	mixed	[(6, 6), (9, 6)]	True	True	False	False	geometric5	895050	6	6	2026-08-01	10.728197695510291	10.111702831361493	0.03371834062565169	1.5034686682310978	0.8412485526460296	0.6579493170148704	0.04
/rds/general/user/osella/home/rl-qecc-data/supervisedLearning/sweep2/g5_mix_66-96_H4_s3000.pth	4	3000	12	mixed	[(6, 6), (9, 6)]	True	True	False	False	geometric5	895050	6	6	2026-08-01	10.703918665096873	10.111702831361493	0.03316592404292763	1.4247351324746718	0.8470250378285219	0.6636736768799844	0.04
/rds/general/user/osella/home/rl-qecc-data/supervisedLearning/sweep2/g5_mix_66-96_H4_s4000.pth	4	4000	12	mixed	[(6, 6), (9, 6)]	True	True	False	False	geometric5	895050	6	6	2026-08-01	10.723844543429136	10.111702831361493	0.03325131006779397	1.3185392867054435	0.8465022622405957	0.6643959509266201	0.06
/rds/general/user/osella/home/rl-qecc-data/supervisedLearning/sweep2/g5_mix_66-96_H4_s466555.pth	4	466555	12	mixed	[(6, 6), (9, 6)]	True	True	False	False	geometric5	895050	6	6	2026-08-01	10.780272861322327	10.111702831361493	0.03552015675776332	1.4097990321264635	0.8277343478916409	0.6432145186278205	0.06
/rds/general/user/osella/home/rl-qecc-data/supervisedLearning/sweep2/g5_mix_66-96_H4_s5000.pth	4	5000	12	mixed	[(6, 6), (9, 6)]	True	True	False	False	geometric5	895050	6	6	2026-08-01	10.810272691894728	10.111702831361493	0.036894248359287556	1.4667075273813626	0.8120470022695403	0.6270331078881143	0.04
/rds/general/user/osella/home/rl-qecc-data/supervisedLearning/sweep2/g5_mix_66-96_H4_s54321.pth	4	54321	12	mixed	[(6, 6), (9, 6)]	True	True	False	False	geometric5	895050	6	6	2026-08-01	10.784693160633484	10.111702831361493	0.03562662172290925	1.2736127310550105	0.8274246579345196	0.6433690970306916	0.0
/rds/general/user/osella/home/rl-qecc-data/supervisedLearning/sweep2/g5_mix_66-96_H4_s6000.pth	4	6000	12	mixed	[(6, 6), (9, 6)]	True	True	False	False	geometric5	895050	6	6	2026-08-01	10.728634489420939	10.111702831361493	0.03321328551577447	1.4492115141965711	0.8446705886193058	0.6619413184948337	0.08
/rds/general/user/osella/home/rl-qecc-data/supervisedLearning/sweep2/g5_mix_66-96_H4_s7134066.pth	4	7134066	12	mixed	[(6, 6), (9, 6)]	True	True	False	False	geometric5	895050	6	6	2026-08-01	10.80949366300294	10.111702831361493	0.03652081275488227	1.3814744831708468	0.8160864335104085	0.6312132212726046	0.04
/rds/general/user/osella/home/rl-qecc-data/supervisedLearning/sweep2/g5_mix_66-96_H6_s1000.pth	6	1000	12	mixed	[(6, 6), (9, 6)]	True	True	False	False	geometric5	895050	6	6	2026-08-01	10.717316622462945	10.111702831361493	0.03352857225864925	1.5362633171820599	0.8444428911276569	0.6617265958835972	0.04
/rds/general/user/osella/home/rl-qecc-data/supervisedLearning/sweep2/g5_mix_66-96_H6_s12345.pth	6	12345	12	mixed	[(6, 6), (9, 6)]	True	True	False	False	geometric5	895050	6	6	2026-08-01	10.73882647609246	10.111702831361493	0.034265381731003026	1.5349145863062976	0.8388621749089087	0.6551813549875102	0.06
/rds/general/user/osella/home/rl-qecc-data/supervisedLearning/sweep2/g5_mix_66-96_H6_s2000.pth	6	2000	12	mixed	[(6, 6), (9, 6)]	True	True	False	False	geometric5	895050	6	6	2026-08-01	10.729024328364112	10.111702831361493	0.03355421023930157	1.460147835437855	0.8409715508247787	0.6577596016693393	0.06
/rds/general/user/osella/home/rl-qecc-data/supervisedLearning/sweep2/g5_mix_66-96_H6_s3000.pth	6	3000	12	mixed	[(6, 6), (9, 6)]	True	True	False	False	geometric5	895050	6	6	2026-08-01	10.728081747545886	10.111702831361493	0.033475403602276854	1.3067478875791312	0.8466233674051186	0.6639596919151532	0.04
/rds/general/user/osella/home/rl-qecc-data/supervisedLearning/sweep2/g5_mix_66-96_H6_s4000.pth	6	4000	12	mixed	[(6, 6), (9, 6)]	True	True	False	False	geometric5	895050	6	6	2026-08-01	10.836070575505019	10.111702831361493	0.03774386929615615	1.5280085686695428	0.8068481268011891	0.6204997136367874	0.04
/rds/general/user/osella/home/rl-qecc-data/supervisedLearning/sweep2/g5_mix_66-96_H6_s466555.pth	6	466555	12	mixed	[(6, 6), (9, 6)]	True	True	False	False	geometric5	895050	6	6	2026-08-01	10.80683597243518	10.111702831361493	0.036496637544582725	1.3531862360830047	0.8176164082725116	0.6324909062790324	0.06
/rds/general/user/osella/home/rl-qecc-data/supervisedLearning/sweep2/g5_mix_66-96_H6_s5000.pth	6	5000	12	mixed	[(6, 6), (9, 6)]	True	True	False	False	geometric5	895050	6	6	2026-08-01	10.76386786406816	10.111702831361493	0.034509892087855515	1.491282600928176	0.8366585846314352	0.6535372608330962	0.06
/rds/general/user/osella/home/rl-qecc-data/supervisedLearning/sweep2/g5_mix_66-96_H6_s54321.pth	6	54321	12	mixed	[(6, 6), (9, 6)]	True	True	False	False	geometric5	895050	6	6	2026-08-01	10.811866831294743	10.111702831361493	0.036925237568858425	1.4168449221196224	0.8123863525354782	0.6267214560644644	0.06
/rds/general/user/osella/home/rl-qecc-data/supervisedLearning/sweep2/g5_mix_66-96_H6_s6000.pth	6	6000	12	mixed	[(6, 6), (9, 6)]	True	True	False	False	geometric5	895050	6	6	2026-08-01	10.84280449390971	10.111702831361493	0.037790965839147324	1.5253812764255796	0.8042947697669176	0.617812221519164	0.02
/rds/general/user/osella/home/rl-qecc-data/supervisedLearning/sweep2/g5_mix_66-96_H6_s7134066.pth	6	7134066	12	mixed	[(6, 6), (9, 6)]	True	True	False	False	geometric5	895050	6	6	2026-08-01	10.707953206738226	10.111702831361493	0.032707159673492435	1.290409033680074	0.8512812852715954	0.6692059683586457	0.04
/rds/general/user/osella/home/rl-qecc-data/supervisedLearning/sweep2/g5_mix_66-96_H7_s1000.pth	7	1000	12	mixed	[(6, 6), (9, 6)]	True	True	False	False	geometric5	895050	6	6	2026-08-01	10.80494551803436	10.111702831361493	0.03634145903505469	1.4017637484887813	0.8195744989096702	0.6339306267851954	0.04
/rds/general/user/osella/home/rl-qecc-data/supervisedLearning/sweep2/g5_mix_66-96_H7_s12345.pth	7	12345	12	mixed	[(6, 6), (9, 6)]	True	True	False	False	geometric5	895050	6	6	2026-08-01	10.821432339208807	10.111702831361493	0.03695234495781136	1.3726624247002392	0.8151865658690784	0.6285580856837075	0.02
/rds/general/user/osella/home/rl-qecc-data/supervisedLearning/sweep2/g5_mix_66-96_H7_s2000.pth	7	2000	12	mixed	[(6, 6), (9, 6)]	True	True	False	False	geometric5	895050	6	6	2026-08-01	10.747149675415807	10.111702831361493	0.03396112122290248	1.413482601249906	0.8375611514674064	0.6541215069759523	0.02
/rds/general/user/osella/home/rl-qecc-data/supervisedLearning/sweep2/g5_mix_66-96_H7_s3000.pth	7	3000	12	mixed	[(6, 6), (9, 6)]	True	True	False	False	geometric5	895050	6	6	2026-08-01	10.706658855610574	10.111702831361493	0.03313833606364469	1.4339355449708213	0.8454047335687122	0.6623455510780689	0.08
/rds/general/user/osella/home/rl-qecc-data/supervisedLearning/sweep2/g5_mix_66-96_H7_s4000.pth	7	4000	12	mixed	[(6, 6), (9, 6)]	True	True	False	False	geometric5	895050	6	6	2026-08-01	10.71253279717176	10.111702831361493	0.03296508963335486	1.367190648747865	0.8495900439331974	0.6669731842803739	0.0
/rds/general/user/osella/home/rl-qecc-data/supervisedLearning/sweep2/g5_mix_66-96_H7_s466555.pth	7	466555	12	mixed	[(6, 6), (9, 6)]	True	True	False	False	geometric5	895050	6	6	2026-08-01	10.750360523561055	10.111702831361493	0.03449582778024218	1.4792110352891497	0.8417109849823844	0.6582783814510976	0.08
/rds/general/user/osella/home/rl-qecc-data/supervisedLearning/sweep2/g5_mix_66-96_H7_s5000.pth	7	5000	12	mixed	[(6, 6), (9, 6)]	True	True	False	False	geometric5	895050	6	6	2026-08-01	10.71027057474271	10.111702831361493	0.03333780343360965	1.4178781033200223	0.8445670564347476	0.6619422692491985	0.02
/rds/general/user/osella/home/rl-qecc-data/supervisedLearning/sweep2/g5_mix_66-96_H7_s54321.pth	7	54321	12	mixed	[(6, 6), (9, 6)]	True	True	False	False	geometric5	895050	6	6	2026-08-01	10.753926121908583	10.111702831361493	0.03391550045794653	1.3789193385561433	0.8414327366853301	0.6592536292464586	0.06
/rds/general/user/osella/home/rl-qecc-data/supervisedLearning/sweep2/g5_mix_66-96_H7_s6000.pth	7	6000	12	mixed	[(6, 6), (9, 6)]	True	True	False	False	geometric5	895050	6	6	2026-08-01	10.826000564768941	10.111702831361493	0.036995616972068705	1.5445025096622353	0.8121097900951747	0.625535543000036	0.02
/rds/general/user/osella/home/rl-qecc-data/supervisedLearning/sweep2/g5_mix_66-96_H7_s7134066.pth	7	7134066	12	mixed	[(6, 6), (9, 6)]	True	True	False	False	geometric5	895050	6	6	2026-08-01	10.810711249426632	10.111702831361493	0.036727262574150155	1.346182855009187	0.8159974958137118	0.629735848442575	0.02
/rds/general/user/osella/home/rl-qecc-data/supervisedLearning/sweep2/g5_mix_66_H10_s1000.pth	10	1000	24	mixed	[(6, 6)]	True	False	False	False	geometric5	895050	6	6	2026-08-01	10.673344649338338	10.111702831361493	0.032236621333759145	1.318809465772113	0.8566358572418239	0.675584016675342	0.02
/rds/general/user/osella/home/rl-qecc-data/supervisedLearning/sweep2/g5_mix_66_H10_s12345.pth	10	12345	24	mixed	[(6, 6)]	True	False	False	False	geometric5	895050	6	6	2026-08-01	10.67008060603895	10.111702831361493	0.03262403017604929	1.361770018055668	0.8525083667580629	0.6707677451723912	0.06
/rds/general/user/osella/home/rl-qecc-data/supervisedLearning/sweep2/g5_mix_66_H10_s2000.pth	10	2000	24	mixed	[(6, 6)]	True	False	False	False	geometric5	895050	6	6	2026-08-01	10.655312607762246	10.111702831361493	0.03194749009720665	1.3019412554660248	0.8578543194029378	0.676635035802776	0.0
/rds/general/user/osella/home/rl-qecc-data/supervisedLearning/sweep2/g5_mix_66_H10_s3000.pth	10	3000	24	mixed	[(6, 6)]	True	False	False	False	geometric5	895050	6	6	2026-08-01	10.744563315527927	10.111702831361493	0.035235798573405114	1.2281262364322783	0.8297318880552103	0.6456580603855506	0.06
/rds/general/user/osella/home/rl-qecc-data/supervisedLearning/sweep2/g5_mix_66_H10_s4000.pth	10	4000	24	mixed	[(6, 6)]	True	False	False	False	geometric5	895050	6	6	2026-08-01	10.663028235494624	10.111702831361493	0.031996048508495065	1.2603022740133767	0.8579999121602676	0.677312745329417	0.0
/rds/general/user/osella/home/rl-qecc-data/supervisedLearning/sweep2/g5_mix_66_H10_s466555.pth	10	466555	24	mixed	[(6, 6)]	True	False	False	False	geometric5	895050	6	6	2026-08-01	10.731508417742372	10.111702831361493	0.03460147432137641	1.2143788562952542	0.8322443872403582	0.6496871118034476	0.02
/rds/general/user/osella/home/rl-qecc-data/supervisedLearning/sweep2/g5_mix_66_H10_s5000.pth	10	5000	24	mixed	[(6, 6)]	True	False	False	False	geometric5	895050	6	6	2026-08-01	10.762400999241448	10.111702831361493	0.03588263402994363	1.3295579855596944	0.8242242878560839	0.6397682858068447	0.06
/rds/general/user/osella/home/rl-qecc-data/supervisedLearning/sweep2/g5_mix_66_H10_s54321.pth	10	54321	24	mixed	[(6, 6)]	True	False	False	False	geometric5	895050	6	6	2026-08-01	10.739111541821046	10.111702831361493	0.03461725675936886	1.299725156448772	0.8350749648615081	0.6511526981457852	0.02
/rds/general/user/osella/home/rl-qecc-data/supervisedLearning/sweep2/g5_mix_66_H10_s6000.pth	10	6000	24	mixed	[(6, 6)]	True	False	False	False	geometric5	895050	6	6	2026-08-01	10.726585864099713	10.111702831361493	0.033558176876797345	1.4803766478003686	0.8428057360792854	0.6593388871757451	0.02
/rds/general/user/osella/home/rl-qecc-data/supervisedLearning/sweep2/g5_mix_66_H10_s7134066.pth	10	7134066	24	mixed	[(6, 6)]	True	False	False	False	geometric5	895050	6	6	2026-08-01	10.743039176636918	10.111702831361493	0.03476909952667936	1.243199601145831	0.8349958177467286	0.6517365857647467	0.0
/rds/general/user/osella/home/rl-qecc-data/supervisedLearning/sweep2/g5_mix_66_H3_s1000.pth	3	1000	24	mixed	[(6, 6)]	True	False	False	False	geometric5	895050	6	6	2026-08-01	10.706407426044516	10.111702831361493	0.033718151476665785	1.4667689273726454	0.8445183364077311	0.6615692933934177	0.02
/rds/general/user/osella/home/rl-qecc-data/supervisedLearning/sweep2/g5_mix_66_H3_s12345.pth	3	12345	24	mixed	[(6, 6)]	True	False	False	False	geometric5	895050	6	6	2026-08-01	10.69988409259454	10.111702831361493	0.032945772722013045	1.3127145907863027	0.848947218066352	0.6663666231663097	0.02
/rds/general/user/osella/home/rl-qecc-data/supervisedLearning/sweep2/g5_mix_66_H3_s2000.pth	3	2000	24	mixed	[(6, 6)]	True	False	False	False	geometric5	895050	6	6	2026-08-01	10.669361818519997	10.111702831361493	0.032276177587403594	1.2935758625786435	0.8538534331403976	0.672434595077339	0.0
/rds/general/user/osella/home/rl-qecc-data/supervisedLearning/sweep2/g5_mix_66_H3_s3000.pth	3	3000	24	mixed	[(6, 6)]	True	False	False	False	geometric5	895050	6	6	2026-08-01	10.672897157225101	10.111702831361493	0.03222069810770753	1.1829504295975315	0.8555871491728204	0.6740956122970071	0.04
/rds/general/user/osella/home/rl-qecc-data/supervisedLearning/sweep2/g5_mix_66_H3_s4000.pth	3	4000	24	mixed	[(6, 6)]	True	False	False	False	geometric5	895050	6	6	2026-08-01	10.79370012780066	10.111702831361493	0.03659214955199672	1.3766246967774904	0.8166910183898914	0.6309006054933498	0.02
/rds/general/user/osella/home/rl-qecc-data/supervisedLearning/sweep2/g5_mix_66_H3_s466555.pth	3	466555	24	mixed	[(6, 6)]	True	False	False	False	geometric5	895050	6	6	2026-08-01	10.684134807652732	10.111702831361493	0.03273229213696557	1.2953404418302443	0.8526490997305597	0.6707872623033898	0.02
/rds/general/user/osella/home/rl-qecc-data/supervisedLearning/sweep2/g5_mix_66_H3_s5000.pth	3	5000	24	mixed	[(6, 6)]	True	False	False	False	geometric5	895050	6	6	2026-08-01	10.674109523892982	10.111702831361493	0.03219017888898262	1.278733224770349	0.856364543822473	0.6750593141219959	0.02
/rds/general/user/osella/home/rl-qecc-data/supervisedLearning/sweep2/g5_mix_66_H3_s54321.pth	3	54321	24	mixed	[(6, 6)]	True	False	False	False	geometric5	895050	6	6	2026-08-01	10.607878317735329	10.111702831361493	0.02950799695927989	1.0280956963676093	0.8802492650286641	0.7044520167542242	0.02
/rds/general/user/osella/home/rl-qecc-data/supervisedLearning/sweep2/g5_mix_66_H3_s6000.pth	3	6000	24	mixed	[(6, 6)]	True	False	False	False	geometric5	895050	6	6	2026-08-01	10.637629426755133	10.111702831361493	0.03141534511632335	1.378567379037466	0.8605370352433479	0.6803022883941571	0.04
/rds/general/user/osella/home/rl-qecc-data/supervisedLearning/sweep2/g5_mix_66_H3_s7134066.pth	3	7134066	24	mixed	[(6, 6)]	True	False	False	False	geometric5	895050	6	6	2026-08-01	10.66406650249414	10.111702831361493	0.03180456112014153	1.1805787872467672	0.8583838598299375	0.6776265366064802	0.04
/rds/general/user/osella/home/rl-qecc-data/supervisedLearning/sweep2/g5_mix_66_H4_s1000.pth	4	1000	24	mixed	[(6, 6)]	True	False	False	False	geometric5	895050	6	6	2026-08-01	10.740567750837403	10.111702831361493	0.03448770213366017	1.3389379281406595	0.8357966920106276	0.6521775888376847	0.04
/rds/general/user/osella/home/rl-qecc-data/supervisedLearning/sweep2/g5_mix_66_H4_s12345.pth	4	12345	24	mixed	[(6, 6)]	True	False	False	False	geometric5	895050	6	6	2026-08-01	10.674610752805807	10.111702831361493	0.032370142324938934	1.3745117986992041	0.8542490483975814	0.6724190368652666	0.04
/rds/general/user/osella/home/rl-qecc-data/supervisedLearning/sweep2/g5_mix_66_H4_s2000.pth	4	2000	24	mixed	[(6, 6)]	True	False	False	False	geometric5	895050	6	6	2026-08-01	10.762980415033448	10.111702831361493	0.03578304077918073	1.2907869965141363	0.8267220770351972	0.6417674686370919	0.04
/rds/general/user/osella/home/rl-qecc-data/supervisedLearning/sweep2/g5_mix_66_H4_s3000.pth	4	3000	24	mixed	[(6, 6)]	True	False	False	False	geometric5	895050	6	6	2026-08-01	10.766571697807079	10.111702831361493	0.03555448128136999	1.713228674850466	0.8258147429155906	0.6400525426078144	0.0
/rds/general/user/osella/home/rl-qecc-data/supervisedLearning/sweep2/g5_mix_66_H4_s4000.pth	4	4000	24	mixed	[(6, 6)]	True	False	False	False	geometric5	895050	6	6	2026-08-01	10.694681405585941	10.111702831361493	0.03243423506019342	1.3287959127607016	0.8518359676838206	0.670100034085769	0.02
/rds/general/user/osella/home/rl-qecc-data/supervisedLearning/sweep2/g5_mix_66_H4_s466555.pth	4	466555	24	mixed	[(6, 6)]	True	False	False	False	geometric5	895050	6	6	2026-08-01	10.751455529817006	10.111702831361493	0.03388415654894832	1.2139605089783183	0.8425526893713288	0.6606257210927757	0.08
/rds/general/user/osella/home/rl-qecc-data/supervisedLearning/sweep2/g5_mix_66_H4_s5000.pth	4	5000	24	mixed	[(6, 6)]	True	False	False	False	geometric5	895050	6	6	2026-08-01	10.709471565614047	10.111702831361493	0.0338296277746089	1.2311218176536152	0.8400968106764953	0.6584481046849293	0.02
/rds/general/user/osella/home/rl-qecc-data/supervisedLearning/sweep2/g5_mix_66_H4_s54321.pth	4	54321	24	mixed	[(6, 6)]	True	False	False	False	geometric5	895050	6	6	2026-08-01	10.710559903593436	10.111702831361493	0.03317979396904217	1.2900103551103752	0.8460649444732236	0.6630403416509717	0.06
/rds/general/user/osella/home/rl-qecc-data/supervisedLearning/sweep2/g5_mix_66_H4_s6000.pth	4	6000	24	mixed	[(6, 6)]	True	False	False	False	geometric5	895050	6	6	2026-08-01	10.675209367954404	10.111702831361493	0.032752326417099506	1.4497982066704918	0.8496105777619262	0.6674255762258291	0.04
/rds/general/user/osella/home/rl-qecc-data/supervisedLearning/sweep2/g5_mix_66_H4_s7134066.pth	4	7134066	24	mixed	[(6, 6)]	True	False	False	False	geometric5	895050	6	6	2026-08-01	10.769949751194943	10.111702831361493	0.03618953980314695	1.3172895973771985	0.8222553920504526	0.6376015152017324	0.06
/rds/general/user/osella/home/rl-qecc-data/supervisedLearning/sweep2/g5_mix_66_H6_s1000.pth	6	1000	24	mixed	[(6, 6)]	True	False	False	False	geometric5	895050	6	6	2026-08-01	10.670835826627302	10.111702831361493	0.03238033052385479	1.3525108949636375	0.8538168615406658	0.6721484023265166	0.02
/rds/general/user/osella/home/rl-qecc-data/supervisedLearning/sweep2/g5_mix_66_H6_s12345.pth	6	12345	24	mixed	[(6, 6)]	True	False	False	False	geometric5	895050	6	6	2026-08-01	10.676920694359318	10.111702831361493	0.032435920379791115	1.346257115193808	0.8522751927761947	0.6703281570401309	0.04
/rds/general/user/osella/home/rl-qecc-data/supervisedLearning/sweep2/g5_mix_66_H6_s2000.pth	6	2000	24	mixed	[(6, 6)]	True	False	False	False	geometric5	895050	6	6	2026-08-01	10.685206275733835	10.111702831361493	0.03260001705259535	1.35140632860914	0.8524577312096889	0.6702436640576956	0.04
/rds/general/user/osella/home/rl-qecc-data/supervisedLearning/sweep2/g5_mix_66_H6_s3000.pth	6	3000	24	mixed	[(6, 6)]	True	False	False	False	geometric5	895050	6	6	2026-08-01	10.726169227006455	10.111702831361493	0.03426139499003648	1.4815011769888435	0.8364208698055982	0.6522762335105631	0.02
/rds/general/user/osella/home/rl-qecc-data/supervisedLearning/sweep2/g5_mix_66_H6_s4000.pth	6	4000	24	mixed	[(6, 6)]	True	False	False	False	geometric5	895050	6	6	2026-08-01	10.75835791931826	10.111702831361493	0.03488293443493265	1.3574674068122035	0.8316912904930016	0.6481035448626274	0.04
/rds/general/user/osella/home/rl-qecc-data/supervisedLearning/sweep2/g5_mix_66_H6_s466555.pth	6	466555	24	mixed	[(6, 6)]	True	False	False	False	geometric5	895050	6	6	2026-08-01	10.759370470313792	10.111702831361493	0.03492386899931436	1.3829998834982484	0.8322884652073703	0.6482267063200915	0.02
/rds/general/user/osella/home/rl-qecc-data/supervisedLearning/sweep2/g5_mix_66_H6_s5000.pth	6	5000	24	mixed	[(6, 6)]	True	False	False	False	geometric5	895050	6	6	2026-08-01	10.653711837897268	10.111702831361493	0.03183954551960292	1.3094307581595646	0.857426137489326	0.6767442046019577	0.04
/rds/general/user/osella/home/rl-qecc-data/supervisedLearning/sweep2/g5_mix_66_H6_s54321.pth	6	54321	24	mixed	[(6, 6)]	True	False	False	False	geometric5	895050	6	6	2026-08-01	10.658815423626413	10.111702831361493	0.03203662749805584	1.3356961189101617	0.8566845206513621	0.6762274377018707	0.06
/rds/general/user/osella/home/rl-qecc-data/supervisedLearning/sweep2/g5_mix_66_H6_s6000.pth	6	6000	24	mixed	[(6, 6)]	True	False	False	False	geometric5	895050	6	6	2026-08-01	10.688934560046352	10.111702831361493	0.032766202883618596	1.3805966144770552	0.8496956437530515	0.6670405332511387	0.0
/rds/general/user/osella/home/rl-qecc-data/supervisedLearning/sweep2/g5_mix_66_H6_s7134066.pth	6	7134066	24	mixed	[(6, 6)]	True	False	False	False	geometric5	895050	6	6	2026-08-01	10.669619541764948	10.111702831361493	0.03240987666586689	1.2895059498703871	0.8549518713897989	0.6735688110600466	0.04
/rds/general/user/osella/home/rl-qecc-data/supervisedLearning/sweep2/g5_mix_66_H7_s1000.pth	7	1000	24	mixed	[(6, 6)]	True	False	False	False	geometric5	895050	6	6	2026-08-01	10.68430701248483	10.111702831361493	0.03315900882399083	1.3718857163865101	0.8517236298926565	0.6696234727183141	0.06
/rds/general/user/osella/home/rl-qecc-data/supervisedLearning/sweep2/g5_mix_66_H7_s12345.pth	7	12345	24	mixed	[(6, 6)]	True	False	False	False	geometric5	895050	6	6	2026-08-01	10.796790420074904	10.111702831361493	0.03673705158473252	1.4080448620333084	0.818068285830692	0.6328206305665532	0.02
/rds/general/user/osella/home/rl-qecc-data/supervisedLearning/sweep2/g5_mix_66_H7_s2000.pth	7	2000	24	mixed	[(6, 6)]	True	False	False	False	geometric5	895050	6	6	2026-08-01	10.678869641672778	10.111702831361493	0.03279253189234319	1.3129754465877341	0.8568573845813541	0.6757908380939613	0.06
/rds/general/user/osella/home/rl-qecc-data/supervisedLearning/sweep2/g5_mix_66_H7_s3000.pth	7	3000	24	mixed	[(6, 6)]	True	False	False	False	geometric5	895050	6	6	2026-08-01	10.654229793509854	10.111702831361493	0.03180660297115905	1.257545010905966	0.8584936951650353	0.6776925177552758	0.04
/rds/general/user/osella/home/rl-qecc-data/supervisedLearning/sweep2/g5_mix_66_H7_s4000.pth	7	4000	24	mixed	[(6, 6)]	True	False	False	False	geometric5	895050	6	6	2026-08-01	10.672658573937056	10.111702831361493	0.03245309021536612	1.2942392743934394	0.8540267434494978	0.6724774993656656	0.02
/rds/general/user/osella/home/rl-qecc-data/supervisedLearning/sweep2/g5_mix_66_H7_s466555.pth	7	466555	24	mixed	[(6, 6)]	True	False	False	False	geometric5	895050	6	6	2026-08-01	10.570280208229983	10.111702831361493	0.02850179702057044	0.8785951228718086	0.8878564784695595	0.7140747317932942	0.08
/rds/general/user/osella/home/rl-qecc-data/supervisedLearning/sweep2/g5_mix_66_H7_s5000.pth	7	5000	24	mixed	[(6, 6)]	True	False	False	False	geometric5	895050	6	6	2026-08-01	10.674148649408028	10.111702831361493	0.03212852202940322	1.3216074097995605	0.8552553209110417	0.6737550377463836	0.06
/rds/general/user/osella/home/rl-qecc-data/supervisedLearning/sweep2/g5_mix_66_H7_s54321.pth	7	54321	24	mixed	[(6, 6)]	True	False	False	False	geometric5	895050	6	6	2026-08-01	10.589937338361429	10.111702831361493	0.028769686286281314	0.8414753964319421	0.8890150337568522	0.7155099918411736	0.02
/rds/general/user/osella/home/rl-qecc-data/supervisedLearning/sweep2/g5_mix_66_H7_s6000.pth	7	6000	24	mixed	[(6, 6)]	True	False	False	False	geometric5	895050	6	6	2026-08-01	10.674376885631421	10.111702831361493	0.03210630607441676	1.3064082899439116	0.8543205928295367	0.6728958428356255	0.04
/rds/general/user/osella/home/rl-qecc-data/supervisedLearning/sweep2/g5_mix_66_H7_s7134066.pth	7	7134066	24	mixed	[(6, 6)]	True	False	False	False	geometric5	895050	6	6	2026-08-01	10.65475159084631	10.111702831361493	0.032059679541229784	1.3172370362608108	0.8567315148921258	0.67548153055321	0.02
/rds/general/user/osella/home/rl-qecc-data/supervisedLearning/sweep2/g5_ground_anch_H10_s1000.pth	10	1000	2	groundAnchored	[(6, 6), (9, 6), (12, 6), (15, 3)]	True	True	True	True	geometric5	18402947	5	15	2026-08-01	11.628828267726965	9.340422154314163	0.06292485028462952	3.4725542472259625	0.42456494009711465	0.29584782562355055	0.0
/rds/general/user/osella/home/rl-qecc-data/supervisedLearning/sweep2/g5_ground_anch_H10_s12345.pth	10	12345	2	groundAnchored	[(6, 6), (9, 6), (12, 6), (15, 3)]	True	True	True	True	geometric5	18402947	5	15	2026-08-01	12.768584840834908	9.340422154314163	0.10888141642636702	2.055259899046193	0.43960384779566236	0.302822681517943	0.02
/rds/general/user/osella/home/rl-qecc-data/supervisedLearning/sweep2/g5_ground_anch_H10_s2000.pth	10	2000	2	groundAnchored	[(6, 6), (9, 6), (12, 6), (15, 3)]	True	True	True	True	geometric5	18402947	5	15	2026-08-01	12.876327583486711	9.340422154314163	0.09779207311628516	2.755478627165232	0.46506758914656104	0.32700707377961735	0.0
/rds/general/user/osella/home/rl-qecc-data/supervisedLearning/sweep2/g5_ground_anch_H10_s3000.pth	10	3000	2	groundAnchored	[(6, 6), (9, 6), (12, 6), (15, 3)]	True	True	True	True	geometric5	18402947	5	15	2026-08-01	12.701497996016847	9.340422154314163	0.0941092742378151	2.2587423758414227	0.4706643733691033	0.3278014376759566	0.0
/rds/general/user/osella/home/rl-qecc-data/supervisedLearning/sweep2/g5_ground_anch_H10_s4000.pth	10	4000	2	groundAnchored	[(6, 6), (9, 6), (12, 6), (15, 3)]	True	True	True	True	geometric5	18402947	5	15	2026-08-01	12.179552224936783	9.340422154314163	0.08884345311401853	2.6370662367230366	0.39299712372717327	0.27180439461712014	0.0
/rds/general/user/osella/home/rl-qecc-data/supervisedLearning/sweep2/g5_ground_anch_H10_s466555.pth	10	466555	2	groundAnchored	[(6, 6), (9, 6), (12, 6), (15, 3)]	True	True	True	True	geometric5	18402947	5	15	2026-08-01	11.582934332476988	9.340422154314163	0.05416487899482633	2.3717214412323036	0.39314343937159507	0.272799739028358	0.0
/rds/general/user/osella/home/rl-qecc-data/supervisedLearning/sweep2/g5_ground_anch_H10_s5000.pth	10	5000	2	groundAnchored	[(6, 6), (9, 6), (12, 6), (15, 3)]	True	True	True	True	geometric5	18402947	5	15	2026-08-01	13.13473678509538	9.340422154314163	0.10550235414969643	2.9782958605765413	0.5467794398694068	0.38679405716821796	0.0
/rds/general/user/osella/home/rl-qecc-data/supervisedLearning/sweep2/g5_ground_anch_H10_s54321.pth	10	54321	2	groundAnchored	[(6, 6), (9, 6), (12, 6), (15, 3)]	True	True	True	True	geometric5	18402947	5	15	2026-08-01	12.197160065217131	9.340422154314163	0.0967233148126656	1.9209904094232628	0.4769763405047177	0.33314821310533954	0.0
/rds/general/user/osella/home/rl-qecc-data/supervisedLearning/sweep2/g5_ground_anch_H10_s6000.pth	10	6000	2	groundAnchored	[(6, 6), (9, 6), (12, 6), (15, 3)]	True	True	True	True	geometric5	18402947	5	15	2026-08-01	12.371140847429237	9.340422154314163	0.10549548320225753	2.2817816976442766	0.5230092500009513	0.368673824719386	0.0
/rds/general/user/osella/home/rl-qecc-data/supervisedLearning/sweep2/g5_ground_anch_H10_s7134066.pth	10	7134066	2	groundAnchored	[(6, 6), (9, 6), (12, 6), (15, 3)]	True	True	True	True	geometric5	18402947	5	15	2026-08-01	12.791231759850035	9.340422154314163	0.08817974566717932	4.666711145570651	0.34296419466583833	0.23843675006300238	0.0
/rds/general/user/osella/home/rl-qecc-data/supervisedLearning/sweep2/g5_ground_anch_H3_s1000.pth	3	1000	2	groundAnchored	[(6, 6), (9, 6), (12, 6), (15, 3)]	True	True	True	True	geometric5	18402947	5	15	2026-08-01	13.29339114679764	9.340422154314163	0.09004473677476975	2.832929975370764	0.38746608716349923	0.2724611388881669	0.0
/rds/general/user/osella/home/rl-qecc-data/supervisedLearning/sweep2/g5_ground_anch_H3_s12345.pth	3	12345	2	groundAnchored	[(6, 6), (9, 6), (12, 6), (15, 3)]	True	True	True	True	geometric5	18402947	5	15	2026-08-01	15.175203028951994	9.340422154314163	0.173785310512193	2.490095145164809	0.4091924872325337	0.2851622174735916	0.0
/rds/general/user/osella/home/rl-qecc-data/supervisedLearning/sweep2/g5_ground_anch_H3_s2000.pth	3	2000	2	groundAnchored	[(6, 6), (9, 6), (12, 6), (15, 3)]	True	True	True	True	geometric5	18402947	5	15	2026-08-01	14.70895786996005	9.340422154314163	0.14741670965050416	2.818556856273707	0.48887725601873966	0.3388864277125601	0.02
/rds/general/user/osella/home/rl-qecc-data/supervisedLearning/sweep2/g5_ground_anch_H3_s3000.pth	3	3000	2	groundAnchored	[(6, 6), (9, 6), (12, 6), (15, 3)]	True	True	True	True	geometric5	18402947	5	15	2026-08-01	15.139848357413836	9.340422154314163	0.16511318909549802	2.8151984779284733	0.19912593514238486	0.1368265621165821	0.0
/rds/general/user/osella/home/rl-qecc-data/supervisedLearning/sweep2/g5_ground_anch_H3_s4000.pth	3	4000	2	groundAnchored	[(6, 6), (9, 6), (12, 6), (15, 3)]	True	True	True	True	geometric5	18402947	5	15	2026-08-01	14.544464883711328	9.340422154314163	0.16070425421116913	2.5691248296901277	0.18521452085086726	0.13007028749875693	0.0
/rds/general/user/osella/home/rl-qecc-data/supervisedLearning/sweep2/g5_ground_anch_H3_s466555.pth	3	466555	2	groundAnchored	[(6, 6), (9, 6), (12, 6), (15, 3)]	True	True	True	True	geometric5	18402947	5	15	2026-08-01	13.341716932361704	9.340422154314163	0.09183329022348691	4.762041379030394	0.31725375950833373	0.22139321708759876	0.02
/rds/general/user/osella/home/rl-qecc-data/supervisedLearning/sweep2/g5_ground_anch_H3_s5000.pth	3	5000	2	groundAnchored	[(6, 6), (9, 6), (12, 6), (15, 3)]	True	True	True	True	geometric5	18402947	5	15	2026-08-01	13.968642909045975	9.340422154314163	0.1405430328756973	2.831020397982189	0.4346926859501259	0.30495029923378014	0.02
/rds/general/user/osella/home/rl-qecc-data/supervisedLearning/sweep2/g5_ground_anch_H3_s54321.pth	3	54321	2	groundAnchored	[(6, 6), (9, 6), (12, 6), (15, 3)]	True	True	True	True	geometric5	18402947	5	15	2026-08-01	15.284102494273707	9.340422154314163	0.17156088957654309	2.4537695495327507	0.4258016712180783	0.29381016851549197	0.0
/rds/general/user/osella/home/rl-qecc-data/supervisedLearning/sweep2/g5_ground_anch_H3_s6000.pth	3	6000	2	groundAnchored	[(6, 6), (9, 6), (12, 6), (15, 3)]	True	True	True	True	geometric5	18402947	5	15	2026-08-01	13.576951300704332	9.340422154314163	0.11852919025644054	3.2341272907653478	0.3552825036476188	0.24718131456150746	0.02
/rds/general/user/osella/home/rl-qecc-data/supervisedLearning/sweep2/g5_ground_anch_H3_s7134066.pth	3	7134066	2	groundAnchored	[(6, 6), (9, 6), (12, 6), (15, 3)]	True	True	True	True	geometric5	18402947	5	15	2026-08-01	13.209724537662318	9.340422154314163	0.11737902823915342	2.4720788249898002	0.45395939051780076	0.3178242809381293	0.0
/rds/general/user/osella/home/rl-qecc-data/supervisedLearning/sweep2/g5_ground_anch_H4_s1000.pth	4	1000	2	groundAnchored	[(6, 6), (9, 6), (12, 6), (15, 3)]	True	True	True	True	geometric5	18402947	5	15	2026-08-01	14.208988481383722	9.340422154314163	0.15013916807771335	2.4721557331257324	0.407289046562309	0.2802923786202026	0.0
/rds/general/user/osella/home/rl-qecc-data/supervisedLearning/sweep2/g5_ground_anch_H4_s12345.pth	4	12345	2	groundAnchored	[(6, 6), (9, 6), (12, 6), (15, 3)]	True	True	True	True	geometric5	18402947	5	15	2026-08-01	14.544076028127487	9.340422154314163	0.15741722267997746	2.8012421123626994	0.25226833657952413	0.1726133361598318	0.0
/rds/general/user/osella/home/rl-qecc-data/supervisedLearning/sweep2/g5_ground_anch_H4_s2000.pth	4	2000	2	groundAnchored	[(6, 6), (9, 6), (12, 6), (15, 3)]	True	True	True	True	geometric5	18402947	5	15	2026-08-01	14.560260350100341	9.340422154314163	0.062191476060530174	7.376704329474017	0.20862555485082537	0.14535928825326916	0.0
/rds/general/user/osella/home/rl-qecc-data/supervisedLearning/sweep2/g5_ground_anch_H4_s3000.pth	4	3000	2	groundAnchored	[(6, 6), (9, 6), (12, 6), (15, 3)]	True	True	True	True	geometric5	18402947	5	15	2026-08-01	13.40916628764667	9.340422154314163	0.10117829841291584	4.9214195606602384	0.3654597755383397	0.25640302871754095	0.0
/rds/general/user/osella/home/rl-qecc-data/supervisedLearning/sweep2/g5_ground_anch_H4_s4000.pth	4	4000	2	groundAnchored	[(6, 6), (9, 6), (12, 6), (15, 3)]	True	True	True	True	geometric5	18402947	5	15	2026-08-01	13.199412388249602	9.340422154314163	0.10889671470464782	3.94721590005989	0.3744503836565829	0.2624579703371895	0.0
/rds/general/user/osella/home/rl-qecc-data/supervisedLearning/sweep2/g5_ground_anch_H4_s466555.pth	4	466555	2	groundAnchored	[(6, 6), (9, 6), (12, 6), (15, 3)]	True	True	True	True	geometric5	18402947	5	15	2026-08-01	15.0825641296696	9.340422154314163	0.08136295870408193	7.664985302573465	0.22565940838150308	0.15898784480095063	0.0
/rds/general/user/osella/home/rl-qecc-data/supervisedLearning/sweep2/g5_ground_anch_H4_s5000.pth	4	5000	2	groundAnchored	[(6, 6), (9, 6), (12, 6), (15, 3)]	True	True	True	True	geometric5	18402947	5	15	2026-08-01	13.36692165971932	9.340422154314163	0.10829887022106484	3.3734661264685184	0.44003468970991627	0.306046918907624	0.0
/rds/general/user/osella/home/rl-qecc-data/supervisedLearning/sweep2/g5_ground_anch_H4_s54321.pth	4	54321	2	groundAnchored	[(6, 6), (9, 6), (12, 6), (15, 3)]	True	True	True	True	geometric5	18402947	5	15	2026-08-01	16.922600117012752	9.340422154314163	0.11402542279888658	9.358714615462128	0.161897040681029	0.1100809164748942	0.0
/rds/general/user/osella/home/rl-qecc-data/supervisedLearning/sweep2/g5_ground_anch_H4_s6000.pth	4	6000	2	groundAnchored	[(6, 6), (9, 6), (12, 6), (15, 3)]	True	True	True	True	geometric5	18402947	5	15	2026-08-01	14.981898715462393	9.340422154314163	0.17161784173397665	2.7048186736870847	0.35345643793817455	0.24266510032662514	0.0
/rds/general/user/osella/home/rl-qecc-data/supervisedLearning/sweep2/g5_ground_anch_H4_s7134066.pth	4	7134066	2	groundAnchored	[(6, 6), (9, 6), (12, 6), (15, 3)]	True	True	True	True	geometric5	18402947	5	15	2026-08-01	14.175298977932778	9.340422154314163	0.1032461996643057	5.381656287519556	0.2757263980971316	0.19190527171056804	0.0
/rds/general/user/osella/home/rl-qecc-data/supervisedLearning/sweep2/g5_ground_anch_H6_s1000.pth	6	1000	2	groundAnchored	[(6, 6), (9, 6), (12, 6), (15, 3)]	True	True	True	True	geometric5	18402947	5	15	2026-08-01	14.447273462596206	9.340422154314163	0.16881724477604382	2.0388201062243705	0.2862584423737472	0.19627227927258248	0.0
/rds/general/user/osella/home/rl-qecc-data/supervisedLearning/sweep2/g5_ground_anch_H6_s12345.pth	6	12345	2	groundAnchored	[(6, 6), (9, 6), (12, 6), (15, 3)]	True	True	True	True	geometric5	18402947	5	15	2026-08-01	14.682610442188333	9.340422154314163	0.15551142000432025	2.5033506481063883	0.5031979778170472	0.35523024713411716	0.0
/rds/general/user/osella/home/rl-qecc-data/supervisedLearning/sweep2/g5_ground_anch_H6_s2000.pth	6	2000	2	groundAnchored	[(6, 6), (9, 6), (12, 6), (15, 3)]	True	True	True	True	geometric5	18402947	5	15	2026-08-01	12.990485874434963	9.340422154314163	0.1045219331998166	3.227491542619679	0.3925687551688244	0.2702356926954595	0.0
/rds/general/user/osella/home/rl-qecc-data/supervisedLearning/sweep2/g5_ground_anch_H6_s3000.pth	6	3000	2	groundAnchored	[(6, 6), (9, 6), (12, 6), (15, 3)]	True	True	True	True	geometric5	18402947	5	15	2026-08-01	12.624116234120345	9.340422154314163	0.06005077348759175	6.857676663770978	0.4969767755421922	0.34518305864667287	0.0
/rds/general/user/osella/home/rl-qecc-data/supervisedLearning/sweep2/g5_ground_anch_H6_s4000.pth	6	4000	2	groundAnchored	[(6, 6), (9, 6), (12, 6), (15, 3)]	True	True	True	True	geometric5	18402947	5	15	2026-08-01	14.111190713633299	9.340422154314163	0.14345705159131097	2.5793749052434496	0.4795042265649922	0.336277908649906	0.0
/rds/general/user/osella/home/rl-qecc-data/supervisedLearning/sweep2/g5_ground_anch_H6_s466555.pth	6	466555	2	groundAnchored	[(6, 6), (9, 6), (12, 6), (15, 3)]	True	True	True	True	geometric5	18402947	5	15	2026-08-01	12.940901919774284	9.340422154314163	0.07638308701212684	3.0230709972122694	0.41730290933322245	0.2870450635192935	0.0
/rds/general/user/osella/home/rl-qecc-data/supervisedLearning/sweep2/g5_ground_anch_H6_s5000.pth	6	5000	2	groundAnchored	[(6, 6), (9, 6), (12, 6), (15, 3)]	True	True	True	True	geometric5	18402947	5	15	2026-08-01	12.888357457877236	9.340422154314163	0.10040002606712463	3.2615275961037695	0.32146475529838037	0.22288561737878326	0.0
/rds/general/user/osella/home/rl-qecc-data/supervisedLearning/sweep2/g5_ground_anch_H6_s54321.pth	6	54321	2	groundAnchored	[(6, 6), (9, 6), (12, 6), (15, 3)]	True	True	True	True	geometric5	18402947	5	15	2026-08-01	14.702848528686683	9.340422154314163	0.16013261316556893	2.4350431864662596	0.49216981696725376	0.3434010114569429	0.0
/rds/general/user/osella/home/rl-qecc-data/supervisedLearning/sweep2/g5_ground_anch_H6_s6000.pth	6	6000	2	groundAnchored	[(6, 6), (9, 6), (12, 6), (15, 3)]	True	True	True	True	geometric5	18402947	5	15	2026-08-01	12.92726339793813	9.340422154314163	0.11633042832038498	2.765527541958932	0.47716437655696275	0.3353626991852316	0.0
/rds/general/user/osella/home/rl-qecc-data/supervisedLearning/sweep2/g5_ground_anch_H6_s7134066.pth	6	7134066	2	groundAnchored	[(6, 6), (9, 6), (12, 6), (15, 3)]	True	True	True	True	geometric5	18402947	5	15	2026-08-01	12.726811446973144	9.340422154314163	0.08102698288980245	2.8841998870411576	0.523723475815876	0.3670548399510107	0.0
/rds/general/user/osella/home/rl-qecc-data/supervisedLearning/sweep2/g5_ground_anch_H7_s1000.pth	7	1000	2	groundAnchored	[(6, 6), (9, 6), (12, 6), (15, 3)]	True	True	True	True	geometric5	18402947	5	15	2026-08-01	12.128083171189422	9.340422154314163	0.06346703308556582	2.6657978484952682	0.4589936285658852	0.3191284348281001	0.0
/rds/general/user/osella/home/rl-qecc-data/supervisedLearning/sweep2/g5_ground_anch_H7_s12345.pth	7	12345	2	groundAnchored	[(6, 6), (9, 6), (12, 6), (15, 3)]	True	True	True	True	geometric5	18402947	5	15	2026-08-01	12.540632766375438	9.340422154314163	0.06392864033946694	3.6754351433831487	0.5535033887569113	0.39438927693657966	0.0
/rds/general/user/osella/home/rl-qecc-data/supervisedLearning/sweep2/g5_ground_anch_H7_s2000.pth	7	2000	2	groundAnchored	[(6, 6), (9, 6), (12, 6), (15, 3)]	True	True	True	True	geometric5	18402947	5	15	2026-08-01	12.128585239674644	9.340422154314163	0.09700482792739626	2.196054082268916	0.49441829695130374	0.34761226150260205	0.0
/rds/general/user/osella/home/rl-qecc-data/supervisedLearning/sweep2/g5_ground_anch_H7_s3000.pth	7	3000	2	groundAnchored	[(6, 6), (9, 6), (12, 6), (15, 3)]	True	True	True	True	geometric5	18402947	5	15	2026-08-01	11.479361631050478	9.340422154314163	0.06023722461240479	2.814519449291515	0.46886346803246526	0.32662034943183194	0.0
/rds/general/user/osella/home/rl-qecc-data/supervisedLearning/sweep2/g5_ground_anch_H7_s4000.pth	7	4000	2	groundAnchored	[(6, 6), (9, 6), (12, 6), (15, 3)]	True	True	True	True	geometric5	18402947	5	15	2026-08-01	13.53782255323948	9.340422154314163	0.10864583848376927	2.73438868248045	0.5361816059114431	0.3802877679723678	0.0
/rds/general/user/osella/home/rl-qecc-data/supervisedLearning/sweep2/g5_ground_anch_H7_s466555.pth	7	466555	2	groundAnchored	[(6, 6), (9, 6), (12, 6), (15, 3)]	True	True	True	True	geometric5	18402947	5	15	2026-08-01	15.679548553694282	9.340422154314163	0.1576202035888231	2.5290041575783526	0.40794139373142635	0.2799990261055345	0.0
/rds/general/user/osella/home/rl-qecc-data/supervisedLearning/sweep2/g5_ground_anch_H7_s5000.pth	7	5000	2	groundAnchored	[(6, 6), (9, 6), (12, 6), (15, 3)]	True	True	True	True	geometric5	18402947	5	15	2026-08-01	12.232728046175238	9.340422154314163	0.0734624172223337	3.318487768350961	0.4722912740108634	0.3308381153001123	0.0
/rds/general/user/osella/home/rl-qecc-data/supervisedLearning/sweep2/g5_ground_anch_H7_s54321.pth	7	54321	2	groundAnchored	[(6, 6), (9, 6), (12, 6), (15, 3)]	True	True	True	True	geometric5	18402947	5	15	2026-08-01	14.280334977675153	9.340422154314163	0.14342493113048232	2.7332832404184297	0.46245554690220597	0.3206430634374294	0.0
