Model checkpoint	Number of harmonics	seed	epochs	recipie	trained on sizes	6,6	9,6	12,6	15,3	error range name	numberOfCodes	code l	code m	Date	recipe name	rewardMaeFloor	curveMae	curveMaeP0	curveMaeP1	curveMaeP2	curveMaeP3	curveMaeP4	curveMaeFloor	nll	noiseFloor	rewardMae	kMae	spearman	kendall	topK50
/vol/bitbucket/osella/rl-qecc-data/supervisedLearning/sweep2/g5_ground_anch_H10_s3000.pth	10	3000	2	groundAnchored	[(6, 6), (9, 6), (12, 6), (15, 3)]	True	True	True	True	geometric5	48054	21	18	2026-08-01	groundAnchored_66-96-126-153	0.011864279046925488	0.11933167055895831	0.002468853352698651	0.007168802026079357	0.0836384609997192	0.4773203114438725	0.02606192497242186	0.009533160740850578	13.02261553339491	4.67302309279921	0.22291172794629419	2.503384263805619	0.6388560509235245	0.493539728046707	0.0
/vol/bitbucket/osella/rl-qecc-data/supervisedLearning/sweep2/g5_ground_anch_H10_s7134066.pth	10	7134066	2	groundAnchored	[(6, 6), (9, 6), (12, 6), (15, 3)]	True	True	True	True	geometric5	48054	21	18	2026-08-01	groundAnchored_66-96-126-153	0.011864279046925488	0.11508455855150568	0.00689282854463582	0.025786989996339108	0.1219990718598049	0.3950908881032512	0.025653014253497346	0.009533160740850578	11.59552580732613	4.67302309279921	0.1825278016705192	3.402923192772302	0.09973868670224321	0.08588059696625068	0.0
/vol/bitbucket/osella/rl-qecc-data/supervisedLearning/sweep2/g5_ground_anch_H3_s466555.pth	3	466555	2	groundAnchored	[(6, 6), (9, 6), (12, 6), (15, 3)]	True	True	True	True	geometric5	48054	21	18	2026-08-01	groundAnchored_66-96-126-153	0.011864279046925488	0.11467513607551497	0.005174133416128987	0.023663992587820395	0.11953401772339742	0.39916294020705834	0.025840596443169845	0.009533160740850578	11.65222240280151	4.67302309279921	0.18561349311635622	6.710213018211874	0.17947441575990924	0.1574307234653148	0.0
/vol/bitbucket/osella/rl-qecc-data/supervisedLearning/sweep2/g5_ground_anch_H4_s12345.pth	4	12345	2	groundAnchored	[(6, 6), (9, 6), (12, 6), (15, 3)]	True	True	True	True	geometric5	48054	21	18	2026-08-01	groundAnchored_66-96-126-153	0.011864279046925488	0.13312216311385028	0.00811702114127698	0.028927752908634717	0.16706674481117956	0.42420842151452165	0.03729087519363879	0.009533160740850578	12.84483966363554	4.67302309279921	0.20473667001354853	3.0051200797050073	-0.23857301759214497	-0.1511823081570843	0.0
/vol/bitbucket/osella/rl-qecc-data/supervisedLearning/sweep2/g5_ground_anch_H4_s54321.pth	4	54321	2	groundAnchored	[(6, 6), (9, 6), (12, 6), (15, 3)]	True	True	True	True	geometric5	48054	21	18	2026-08-01	groundAnchored_66-96-126-153	0.011864279046925488	0.14262582230216225	0.00524077223594297	0.013903036119654408	0.10624364493340796	0.561781568192171	0.025960090029635088	0.009533160740850578	15.878001741073016	4.67302309279921	0.26464989513331827	3.2745696793941343	0.174265490145823	0.16249274563922747	0.0
/vol/bitbucket/osella/rl-qecc-data/supervisedLearning/sweep2/g5_ground_anch_H6_s3000.pth	6	3000	2	groundAnchored	[(6, 6), (9, 6), (12, 6), (15, 3)]	True	True	True	True	geometric5	48054	21	18	2026-08-01	groundAnchored_66-96-126-153	0.011864279046925488	0.09697980336329191	0.004797859390123527	0.017186323621623523	0.09302178472030133	0.34485666318726055	0.02503638589715087	0.009533160740850578	10.388043933057414	4.67302309279921	0.15641312781607827	5.360030318951742	0.4355389078240829	0.3434506782304474	0.0
/vol/bitbucket/osella/rl-qecc-data/supervisedLearning/sweep2/g5_ground_anch_H6_s7134066.pth	6	7134066	2	groundAnchored	[(6, 6), (9, 6), (12, 6), (15, 3)]	True	True	True	True	geometric5	48054	21	18	2026-08-01	groundAnchored_66-96-126-153	0.011864279046925488	0.10793830832034326	0.0024123228277296957	0.008859015127357081	0.09345707072990708	0.4099916624439518	0.024971470472770686	0.009533160740850578	11.922391257279536	4.67302309279921	0.1928709806581433	3.0404633314673926	0.3194065863456599	0.2621027053600565	0.0
/vol/bitbucket/osella/rl-qecc-data/supervisedLearning/sweep2/g5_ground_anch_H7_s466555.pth	7	466555	2	groundAnchored	[(6, 6), (9, 6), (12, 6), (15, 3)]	True	True	True	True	geometric5	48054	21	18	2026-08-01	groundAnchored_66-96-126-153	0.011864279046925488	0.12033706416927849	0.0006867092578788465	0.0017140292299314846	0.0776786516483185	0.49615579819310124	0.025450132517162306	0.009533160740850578	13.923311380028593	4.67302309279921	0.23135700648450358	2.8667795925485304	0.6922793704700225	0.5171433818638868	0.0
/vol/bitbucket/osella/rl-qecc-data/supervisedLearning/sweep2/g5_ground_pure_H10_s12345.pth	10	12345	2	groundPure	[(6, 6), (9, 6), (12, 6), (15, 3)]	True	True	True	True	geometric5	48054	21	18	2026-08-01	groundPure_66-96-126-153	0.011864279046925488	0.1255289600270466	0.0008937437480083415	0.004181367839087455	0.08804769460260749	0.5030897463783122	0.031432247567217506	0.009533160740850578	13.188094455833909	4.67302309279921	0.23858018856990076	2.737538742776984	0.4020637537618592	0.30657483673319313	0.0
/vol/bitbucket/osella/rl-qecc-data/supervisedLearning/sweep2/g5_ground_pure_H10_s54321.pth	10	54321	2	groundPure	[(6, 6), (9, 6), (12, 6), (15, 3)]	True	True	True	True	geometric5	48054	21	18	2026-08-01	groundPure_66-96-126-153	0.011864279046925488	0.11472088939308793	0.0008120617351375219	0.0024914371538010665	0.07765136162783984	0.46663792328289616	0.02601166316576505	0.009533160740850578	12.638757393115409	4.67302309279921	0.21845646503026123	2.612467264773848	0.6633976258580686	0.511869682767814	0.02
/vol/bitbucket/osella/rl-qecc-data/supervisedLearning/sweep2/g5_ground_pure_H3_s3000.pth	3	3000	2	groundPure	[(6, 6), (9, 6), (12, 6), (15, 3)]	True	True	True	True	geometric5	48054	21	18	2026-08-01	groundPure_66-96-126-153	0.011864279046925488	0.1296111644593279	0.001403969824018387	0.005958513080394766	0.09335171487045582	0.5186114169424698	0.028730207579300716	0.009533160740850578	13.662210675364278	4.67302309279921	0.24529745637129513	2.711071161050527	0.029951375852338803	0.052474346257543415	0.0
/vol/bitbucket/osella/rl-qecc-data/supervisedLearning/sweep2/g5_ground_pure_H3_s7134066.pth	3	7134066	2	groundPure	[(6, 6), (9, 6), (12, 6), (15, 3)]	True	True	True	True	geometric5	48054	21	18	2026-08-01	groundPure_66-96-126-153	0.011864279046925488	0.12344641432104422	0.001631648376793625	0.005328916666594219	0.10800058717662157	0.47734114331222827	0.024929776072983405	0.009533160740850578	14.347745714221134	4.67302309279921	0.2255233900802937	4.9640687315950345	-0.36886372288116065	-0.2428024104155211	0.0
/vol/bitbucket/osella/rl-qecc-data/supervisedLearning/sweep2/g5_ground_pure_H4_s466555.pth	4	466555	2	groundPure	[(6, 6), (9, 6), (12, 6), (15, 3)]	True	True	True	True	geometric5	48054	21	18	2026-08-01	groundPure_66-96-126-153	0.011864279046925488	0.13212790876492786	0.008850118216867634	0.030522858976806316	0.08407983341978535	0.5102310733251402	0.02695565988603998	0.009533160740850578	13.510489914354975	4.67302309279921	0.2306507898015007	2.729562732136125	0.6066229616867292	0.45403021073086275	0.0
/vol/bitbucket/osella/rl-qecc-data/supervisedLearning/sweep2/g5_ground_pure_H6_s12345.pth	6	12345	2	groundPure	[(6, 6), (9, 6), (12, 6), (15, 3)]	True	True	True	True	geometric5	48054	21	18	2026-08-01	groundPure_66-96-126-153	0.011864279046925488	0.13118342348998435	0.004099885405213572	0.01386342826645648	0.10782680230955104	0.5050404635759638	0.025086537892736984	0.009533160740850578	14.15751097259853	4.67302309279921	0.23781140657357408	3.2725745383167095	0.15013204713028874	0.14548101820607126	0.0
/vol/bitbucket/osella/rl-qecc-data/supervisedLearning/sweep2/g5_ground_pure_H6_s54321.pth	6	54321	2	groundPure	[(6, 6), (9, 6), (12, 6), (15, 3)]	True	True	True	True	geometric5	48054	21	18	2026-08-01	groundPure_66-96-126-153	0.011864279046925488	0.13666707987310028	0.005376602191307252	0.025790430451756788	0.1460191105859303	0.47826795146378176	0.02788130467272522	0.009533160740850578	13.419482140107982	4.67302309279921	0.22757280490853582	3.639249380342264	-0.5283106084367952	-0.3643388649604397	0.0
/vol/bitbucket/osella/rl-qecc-data/supervisedLearning/sweep2/g5_ground_pure_H7_s3000.pth	7	3000	2	groundPure	[(6, 6), (9, 6), (12, 6), (15, 3)]	True	True	True	True	geometric5	48054	21	18	2026-08-01	groundPure_66-96-126-153	0.011864279046925488	0.08885746696494172	0.0014545021178216859	0.006438086810977645	0.08765282459213816	0.320953120178109	0.027788801125662056	0.009533160740850578	9.66637891539363	4.67302309279921	0.15349292841317935	3.2621788279703705	0.5326167057018628	0.40621053152100095	0.0
/vol/bitbucket/osella/rl-qecc-data/supervisedLearning/sweep2/g5_ground_pure_H7_s7134066.pth	7	7134066	2	groundPure	[(6, 6), (9, 6), (12, 6), (15, 3)]	True	True	True	True	geometric5	48054	21	18	2026-08-01	groundPure_66-96-126-153	0.011864279046925488	0.130537511184359	0.0015235504599352464	0.004383480925921913	0.0858863810543127	0.5357370025053817	0.025157140976243407	0.009533160740850578	15.04644983232525	4.67302309279921	0.25029296539032464	3.3696080890890414	0.2571647662897202	0.2068551515782603	0.0
/vol/bitbucket/osella/rl-qecc-data/supervisedLearning/sweep2/g5_mix_66-96-126-153_H10_s466555.pth	10	466555	6	mixed	[(6, 6), (9, 6), (12, 6), (15, 3)]	True	True	True	True	geometric5	48054	21	18	2026-08-01	mixed_66-96-126-153	0.011864279046925488	0.12006450982849881	0.004148353347309538	0.012559055317517921	0.09655840924390448	0.4548692284213022	0.03218750281246006	0.009533160740850578	12.641636700213347	4.67302309279921	0.22131534578247322	2.8611914716732607	0.3362858452426726	0.2667248011366604	0.0
/vol/bitbucket/osella/rl-qecc-data/supervisedLearning/sweep2/g5_mix_66-96-126-153_H3_s12345.pth	3	12345	6	mixed	[(6, 6), (9, 6), (12, 6), (15, 3)]	True	True	True	True	geometric5	48054	21	18	2026-08-01	mixed_66-96-126-153	0.011864279046925488	0.0971209079768846	0.005969828880787828	0.01228113899244398	0.08459033721914745	0.3551650940345488	0.02759814075749481	0.009533160740850578	10.76261045459547	4.67302309279921	0.1714685075404503	2.852003534550563	0.5350607232120619	0.410421237865971	0.0
/vol/bitbucket/osella/rl-qecc-data/supervisedLearning/sweep2/g5_mix_66-96-126-153_H3_s54321.pth	3	54321	6	mixed	[(6, 6), (9, 6), (12, 6), (15, 3)]	True	True	True	True	geometric5	48054	21	18	2026-08-01	mixed_66-96-126-153	0.011864279046925488	0.10076143737280387	0.013700878751283401	0.02754912138619622	0.09723849351087595	0.3332613727695318	0.032057320446131965	0.009533160740850578	10.213747576353946	4.67302309279921	0.1614927790940952	2.704678288772073	0.6405403917334654	0.4905349077862624	0.02
/vol/bitbucket/osella/rl-qecc-data/supervisedLearning/sweep2/g5_mix_66-96-126-153_H4_s3000.pth	4	3000	6	mixed	[(6, 6), (9, 6), (12, 6), (15, 3)]	True	True	True	True	geometric5	48054	21	18	2026-08-01	mixed_66-96-126-153	0.011864279046925488	0.10555615511216163	0.005025147698486309	0.01195070233261511	0.08593388653268934	0.397945815931172	0.026925223065845563	0.009533160740850578	11.5678582385137	4.67302309279921	0.18971984929641936	3.2084182059119373	0.4966299573730128	0.38679733346461515	0.0
/vol/bitbucket/osella/rl-qecc-data/supervisedLearning/sweep2/g5_mix_66-96-126-153_H4_s7134066.pth	4	7134066	6	mixed	[(6, 6), (9, 6), (12, 6), (15, 3)]	True	True	True	True	geometric5	48054	21	18	2026-08-01	mixed_66-96-126-153	0.011864279046925488	0.09254425846546627	0.009535611094539277	0.023643173583354698	0.10379574236702743	0.29935538025090536	0.02639138503150458	0.009533160740850578	10.603343436154686	4.67302309279921	0.14683122265850884	3.976767440778355	0.4585905488295679	0.35651260351889047	0.02
/vol/bitbucket/osella/rl-qecc-data/supervisedLearning/sweep2/g5_mix_66-96-126-153_H6_s466555.pth	6	466555	6	mixed	[(6, 6), (9, 6), (12, 6), (15, 3)]	True	True	True	True	geometric5	48054	21	18	2026-08-01	mixed_66-96-126-153	0.011864279046925488	0.10371797680204309	0.0019822440690961626	0.006074275576262338	0.08467410488468645	0.396641295708674	0.02921796377149619	0.009533160740850578	11.77064900153315	4.67302309279921	0.18880145416069083	3.7674624538106083	0.5276414632458057	0.3849393757368252	0.0
/vol/bitbucket/osella/rl-qecc-data/supervisedLearning/sweep2/g5_mix_66-96-126-153_H7_s12345.pth	7	12345	6	mixed	[(6, 6), (9, 6), (12, 6), (15, 3)]	True	True	True	True	geometric5	48054	21	18	2026-08-01	mixed_66-96-126-153	0.011864279046925488	0.083639731179599	0.004391994633089404	0.011525672099778683	0.07907965659381413	0.2951131727835155	0.028088159787797277	0.009533160740850578	9.377711495048821	4.67302309279921	0.14291393080496548	2.6921745366970193	0.5529989564088751	0.41820103587141827	0.02
/vol/bitbucket/osella/rl-qecc-data/supervisedLearning/sweep2/g5_mix_66-96-126-153_H7_s54321.pth	7	54321	6	mixed	[(6, 6), (9, 6), (12, 6), (15, 3)]	True	True	True	True	geometric5	48054	21	18	2026-08-01	mixed_66-96-126-153	0.011864279046925488	0.1118534372866771	0.0018221941094186452	0.006030749214992751	0.08622145181512164	0.4354988109238606	0.029693980369991782	0.009533160740850578	12.59657745681795	4.67302309279921	0.21122077143337364	3.1507461766091835	0.4576920576727461	0.3501489988792875	0.0
/vol/bitbucket/osella/rl-qecc-data/supervisedLearning/sweep2/g5_mix_66-96-126_H10_s3000.pth	10	3000	8	mixed	[(6, 6), (9, 6), (12, 6)]	True	True	True	False	geometric5	48054	21	18	2026-08-01	mixed_66-96-126	0.011864279046925488	0.10385560630201014	0.009024554938088094	0.018229969488481962	0.10627869958363782	0.3555473533348257	0.03019745416501719	0.009533160740850578	11.264080746576063	4.67302309279921	0.17496982404096076	2.5756104077179294	0.5555441281024711	0.4199651175575161	0.02
/vol/bitbucket/osella/rl-qecc-data/supervisedLearning/sweep2/g5_mix_66-96-126_H10_s7134066.pth	10	7134066	8	mixed	[(6, 6), (9, 6), (12, 6)]	True	True	True	False	geometric5	48054	21	18	2026-08-01	mixed_66-96-126	0.011864279046925488	0.11900737662491577	0.008743978453186361	0.023108882138318836	0.13417544774597473	0.4005706943664756	0.028437880420623295	0.009533160740850578	12.980719555376295	4.67302309279921	0.19872342500677437	3.429322359658867	0.07348303965524855	0.09797720465964495	0.0
/vol/bitbucket/osella/rl-qecc-data/supervisedLearning/sweep2/g5_mix_66-96-126_H3_s466555.pth	3	466555	8	mixed	[(6, 6), (9, 6), (12, 6)]	True	True	True	False	geometric5	48054	21	18	2026-08-01	mixed_66-96-126	0.011864279046925488	0.08908668346558395	0.0012743829155156508	0.0037238635671257374	0.07471177288104873	0.3366987864223107	0.02902461154191896	0.009533160740850578	10.320225698370491	4.67302309279921	0.16094983280160155	2.6509229962922127	0.7404212158052863	0.5798629825652165	0.0
/vol/bitbucket/osella/rl-qecc-data/supervisedLearning/sweep2/g5_mix_66-96-126_H4_s12345.pth	4	12345	8	mixed	[(6, 6), (9, 6), (12, 6)]	True	True	True	False	geometric5	48054	21	18	2026-08-01	mixed_66-96-126	0.011864279046925488	0.1199860224963846	0.00431015626985131	0.013056133971750235	0.11017283290606815	0.4390743350029295	0.03331665433132381	0.009533160740850578	12.899834395870425	4.67302309279921	0.21689351796342748	3.2446905791613125	0.18463870737320506	0.1654129768665854	0.02
/vol/bitbucket/osella/rl-qecc-data/supervisedLearning/sweep2/g5_mix_66-96-126_H4_s54321.pth	4	54321	8	mixed	[(6, 6), (9, 6), (12, 6)]	True	True	True	False	geometric5	48054	21	18	2026-08-01	mixed_66-96-126	0.011864279046925488	0.12046768770849643	0.004837875766236678	0.01662439473542049	0.11412078302249515	0.43869487707240906	0.028060507945920736	0.009533160740850578	12.890179610746184	4.67302309279921	0.2139617159396908	3.1415482119693885	0.2729544662178703	0.2335574612011571	0.0
/vol/bitbucket/osella/rl-qecc-data/supervisedLearning/sweep2/g5_mix_66-96-126_H6_s3000.pth	6	3000	8	mixed	[(6, 6), (9, 6), (12, 6)]	True	True	True	False	geometric5	48054	21	18	2026-08-01	mixed_66-96-126	0.011864279046925488	0.07625736055940782	0.004239800926432263	0.011364973758763006	0.08436595790228545	0.25293448506862715	0.028381585140931215	0.009533160740850578	8.84424334334913	4.67302309279921	0.1260894070154001	2.6638585209831613	0.645265284147112	0.4921638338394246	0.02
/vol/bitbucket/osella/rl-qecc-data/supervisedLearning/sweep2/g5_mix_66-96-126_H6_s7134066.pth	6	7134066	8	mixed	[(6, 6), (9, 6), (12, 6)]	True	True	True	False	geometric5	48054	21	18	2026-08-01	mixed_66-96-126	0.011864279046925488	0.09903470563578358	0.005344647386207156	0.014547084674221685	0.11066956653884502	0.33797836845742835	0.026633861122215892	0.009533160740850578	11.217366537553136	4.67302309279921	0.1649139545648407	3.428140056250733	0.4497818145450648	0.3384287874496446	0.0
/vol/bitbucket/osella/rl-qecc-data/supervisedLearning/sweep2/g5_mix_66-96-126_H7_s466555.pth	7	466555	8	mixed	[(6, 6), (9, 6), (12, 6)]	True	True	True	False	geometric5	48054	21	18	2026-08-01	mixed_66-96-126	0.011864279046925488	0.09924433893119784	0.0020338328207757965	0.0055856080361290006	0.08017087980931928	0.3748969161054111	0.033534457884354	0.009533160740850578	10.973377021824206	4.67302309279921	0.1827009223955133	2.7893184328384852	0.6062420802785208	0.46941184677136594	0.02
/vol/bitbucket/osella/rl-qecc-data/supervisedLearning/sweep2/g5_mix_66-96_H10_s12345.pth	10	12345	12	mixed	[(6, 6), (9, 6)]	True	True	False	False	geometric5	48054	21	18	2026-08-01	mixed_66-96	0.011864279046925488	0.11264161971457266	0.001032431413861488	0.0028143691072494725	0.07609931569341619	0.4463261674193562	0.03693581493898005	0.009533160740850578	12.664591583203332	4.67302309279921	0.21751873890842072	2.759531285758123	0.7418570403368508	0.5781346886613942	0.0
/vol/bitbucket/osella/rl-qecc-data/supervisedLearning/sweep2/g5_mix_66-96_H10_s54321.pth	10	54321	12	mixed	[(6, 6), (9, 6)]	True	True	False	False	geometric5	48054	21	18	2026-08-01	mixed_66-96	0.011864279046925488	0.10034071665919148	0.0010875989618527571	0.0029838338090466734	0.07330584090874234	0.3959113597353235	0.028414949880992052	0.009533160740850578	11.404408767853644	4.67302309279921	0.18912286531017763	2.854000589049462	0.7202885834446257	0.5517283859119334	0.02
/vol/bitbucket/osella/rl-qecc-data/supervisedLearning/sweep2/g5_mix_66-96_H3_s3000.pth	3	3000	12	mixed	[(6, 6), (9, 6)]	True	True	False	False	geometric5	48054	21	18	2026-08-01	mixed_66-96	0.011864279046925488	0.12576782865577255	0.0018881934672607314	0.0052843570842299	0.08593319812247026	0.4985411997000694	0.03719219490483235	0.009533160740850578	14.145755730145897	4.67302309279921	0.24357465995585326	2.9036534333137776	0.43494838427364335	0.3359937933052556	0.0
/vol/bitbucket/osella/rl-qecc-data/supervisedLearning/sweep2/g5_mix_66-96_H3_s7134066.pth	3	7134066	12	mixed	[(6, 6), (9, 6)]	True	True	False	False	geometric5	48054	21	18	2026-08-01	mixed_66-96	0.011864279046925488	0.1267862241537286	0.0025718638528609305	0.008342317332540337	0.0851723800010318	0.49883183520712315	0.039012724375086745	0.009533160740850578	13.22033830435358	4.67302309279921	0.2432150498075791	2.8588433884790923	0.2596990914534939	0.21464809035710777	0.0
/vol/bitbucket/osella/rl-qecc-data/supervisedLearning/sweep2/g5_mix_66-96_H4_s466555.pth	4	466555	12	mixed	[(6, 6), (9, 6)]	True	True	False	False	geometric5	48054	21	18	2026-08-01	mixed_66-96	0.011864279046925488	0.12472802280688414	0.002660589541086038	0.007903925011288945	0.0960132861636889	0.4845285564578765	0.03253375686048028	0.009533160740850578	13.592388620242446	4.67302309279921	0.23595377720627497	3.33403671110555	0.09125602959708344	0.0877673163547442	0.0
/vol/bitbucket/osella/rl-qecc-data/supervisedLearning/sweep2/g5_mix_66-96_H6_s12345.pth	6	12345	12	mixed	[(6, 6), (9, 6)]	True	True	False	False	geometric5	48054	21	18	2026-08-01	mixed_66-96	0.011864279046925488	0.16543266486993174	0.003225865020689606	0.010263387480431352	0.1131113234458866	0.6457907383698755	0.05477201003277551	0.009533160740850578	19.084055810877427	4.67302309279921	0.31944884126840417	3.0345785868060213	-0.09879372117402305	-0.030109027433861527	0.0
/vol/bitbucket/osella/rl-qecc-data/supervisedLearning/sweep2/g5_mix_66-96_H6_s54321.pth	6	54321	12	mixed	[(6, 6), (9, 6)]	True	True	False	False	geometric5	48054	21	18	2026-08-01	mixed_66-96	0.011864279046925488	0.13970344141277122	0.007091830450215889	0.020170321312785573	0.12461113418580684	0.5164703884176877	0.03017353269736032	0.009533160740850578	15.763579142404275	4.67302309279921	0.25200012924648935	4.11788901934866	-0.1066179483622582	-0.0496534944606937	0.0
/vol/bitbucket/osella/rl-qecc-data/supervisedLearning/sweep2/g5_mix_66-96_H7_s3000.pth	7	3000	12	mixed	[(6, 6), (9, 6)]	True	True	False	False	geometric5	48054	21	18	2026-08-01	mixed_66-96	0.011864279046925488	0.1162197502701521	0.0018908513107326259	0.005769724081955226	0.09000715832078639	0.4420114428510258	0.04141957478626056	0.009533160740850578	12.644603703516989	4.67302309279921	0.22086572369972837	3.0025912558049574	0.43458020063425545	0.34341095586264625	0.0
/vol/bitbucket/osella/rl-qecc-data/supervisedLearning/sweep2/g5_mix_66-96_H7_s7134066.pth	7	7134066	12	mixed	[(6, 6), (9, 6)]	True	True	False	False	geometric5	48054	21	18	2026-08-01	mixed_66-96	0.011864279046925488	0.12204708330941905	0.0016628296712334612	0.005130739450639569	0.08837940514259247	0.47645864562094825	0.038603796661681546	0.009533160740850578	13.827020763662434	4.67302309279921	0.2346254857090976	2.658380802419841	0.5009221388847562	0.3797145928438512	0.0
/vol/bitbucket/osella/rl-qecc-data/supervisedLearning/sweep2/g5_mix_66_H10_s466555.pth	10	466555	24	mixed	[(6, 6)]	True	False	False	False	geometric5	48054	21	18	2026-08-01	mixed_66	0.011864279046925488	0.11963604721796953	0.004664562566260885	0.014848162612234123	0.1050970171259081	0.4443251337775374	0.029245360007907048	0.009533160740850578	12.371207264771298	4.67302309279921	0.21177897719301086	3.041469441203136	0.3107751148900726	0.2490834040702573	0.0
/vol/bitbucket/osella/rl-qecc-data/supervisedLearning/sweep2/g5_mix_66_H3_s12345.pth	3	12345	24	mixed	[(6, 6)]	True	False	False	False	geometric5	48054	21	18	2026-08-01	mixed_66	0.011864279046925488	0.11524945694437395	0.009913763777882794	0.035710972133980445	0.11491174549564853	0.38837479265640057	0.027336010657957585	0.009533160740850578	11.931276912024202	4.67302309279921	0.17808984200024022	3.9049305538363726	0.34241549161668156	0.24044405085060178	0.0
/vol/bitbucket/osella/rl-qecc-data/supervisedLearning/sweep2/g5_mix_66_H3_s54321.pth	3	54321	24	mixed	[(6, 6)]	True	False	False	False	geometric5	48054	21	18	2026-08-01	mixed_66	0.011864279046925488	0.15994494800489553	0.002477435570393471	0.008167281979808866	0.09939731931870614	0.6224231569481788	0.06725954620739034	0.009533160740850578	18.0738344615536	4.67302309279921	0.3133014827437073	3.179333410874017	-0.1310783401960466	-0.07601980493363283	0.0
/vol/bitbucket/osella/rl-qecc-data/supervisedLearning/sweep2/g5_mix_66_H4_s3000.pth	4	3000	24	mixed	[(6, 6)]	True	False	False	False	geometric5	48054	21	18	2026-08-01	mixed_66	0.011864279046925488	0.133846569467862	0.027675617135433442	0.10060669466007637	0.2962506391658722	0.21943136681755537	0.025268529560372753	0.009533160740850578	13.42978408622384	4.67302309279921	0.1231448239763818	9.55661716359025	0.24730366534618559	0.16660707498820268	0.0
/vol/bitbucket/osella/rl-qecc-data/supervisedLearning/sweep2/g5_mix_66_H4_s7134066.pth	4	7134066	24	mixed	[(6, 6)]	True	False	False	False	geometric5	48054	21	18	2026-08-01	mixed_66	0.011864279046925488	0.14654507315948864	0.002892186399587833	0.009153420784450831	0.10138746071535353	0.577479611393706	0.04181268650434503	0.009533160740850578	16.029366276648044	4.67302309279921	0.28135620074759354	2.7086596596963886	0.20456798426023057	0.1739567293372776	0.0
/vol/bitbucket/osella/rl-qecc-data/supervisedLearning/sweep2/g5_mix_66_H6_s466555.pth	6	466555	24	mixed	[(6, 6)]	True	False	False	False	geometric5	48054	21	18	2026-08-01	mixed_66	0.011864279046925488	0.13151776346815336	0.00545139280888763	0.01946380716359139	0.13243144334685852	0.47382504047069446	0.026417133550734818	0.009533160740850578	14.189533913754165	4.67302309279921	0.22566322376722073	4.221899026227205	-0.23244231558011397	-0.14951477420640114	0.0
/vol/bitbucket/osella/rl-qecc-data/supervisedLearning/sweep2/g5_mix_66_H7_s12345.pth	7	12345	24	mixed	[(6, 6)]	True	False	False	False	geometric5	48054	21	18	2026-08-01	mixed_66	0.011864279046925488	0.14877234381853893	0.0037340030853229536	0.013176711431809079	0.10531160366933524	0.5846671314195471	0.03697226948668042	0.009533160740850578	16.247653575782856	4.67302309279921	0.28560640950353927	2.9351695790944556	0.15600693602301166	0.15178371655339049	0.0
/vol/bitbucket/osella/rl-qecc-data/supervisedLearning/sweep2/g5_mix_66_H7_s54321.pth	7	54321	24	mixed	[(6, 6)]	True	False	False	False	geometric5	48054	21	18	2026-08-01	mixed_66	0.011864279046925488	0.16814588761712035	0.01344606213098288	0.04292184178326789	0.19094850711811717	0.5636533650623013	0.02975966199093228	0.009533160740850578	18.616311430143398	4.67302309279921	0.2814489760947202	3.6835944181812903	-0.6326058616978784	-0.4598917158363509	0.0
/vol/bitbucket/osella/rl-qecc-data/supervisedLearning/sweep2/g5_ground_anch_H10_s3000.pth	10	3000	2	groundAnchored	[(6, 6), (9, 6), (12, 6), (15, 3)]	True	True	True	True	geometric5	895050	6	6	2026-08-01	groundAnchored_66-96-126-153	0.023935993090281937	0.025699277471996976	0.0037542736356235584	0.010869782879059037	0.033465189225093825	0.0677773705489206	0.012629771071287856	0.017182101469570527	10.731475854372748	10.111702831361514	0.034861582719449176	1.2038671275721096	0.8319371623097296	0.6483978553739441	0.06
/vol/bitbucket/osella/rl-qecc-data/supervisedLearning/sweep2/g5_ground_anch_H10_s7134066.pth	10	7134066	2	groundAnchored	[(6, 6), (9, 6), (12, 6), (15, 3)]	True	True	True	True	geometric5	895050	6	6	2026-08-01	groundAnchored_66-96-126-153	0.023935993090281937	0.025559214737218526	0.003759370459460617	0.011003095939481289	0.03362200911283277	0.06674548495614495	0.012666113218172811	0.017182101469570527	10.730617576392907	10.111702831361514	0.03435522832099334	1.2361284241709094	0.8362760055664776	0.6537360755687656	0.04
/vol/bitbucket/osella/rl-qecc-data/supervisedLearning/sweep2/g5_ground_anch_H3_s466555.pth	3	466555	2	groundAnchored	[(6, 6), (9, 6), (12, 6), (15, 3)]	True	True	True	True	geometric5	895050	6	6	2026-08-01	groundAnchored_66-96-126-153	0.023935993090281937	0.023836785522850262	0.003233402602869412	0.009630812406083262	0.030672290886364282	0.0627809702060473	0.012866451512887003	0.017182101469570527	10.66581494262428	10.111702831361514	0.03202586368739536	1.3224226168595001	0.8560572028415352	0.6746955238109185	0.04
/vol/bitbucket/osella/rl-qecc-data/supervisedLearning/sweep2/g5_ground_anch_H4_s12345.pth	4	12345	2	groundAnchored	[(6, 6), (9, 6), (12, 6), (15, 3)]	True	True	True	True	geometric5	895050	6	6	2026-08-01	groundAnchored_66-96-126-153	0.023935993090281937	0.02385677985987886	0.0033227826598942016	0.00968828144312585	0.030720073600050142	0.06285962220128159	0.012693139395042448	0.017182101469570527	10.657696965940263	10.111702831361514	0.032035662504432086	1.3124336579379259	0.8588028767999305	0.6778215497469076	0.06
/vol/bitbucket/osella/rl-qecc-data/supervisedLearning/sweep2/g5_ground_anch_H4_s54321.pth	4	54321	2	groundAnchored	[(6, 6), (9, 6), (12, 6), (15, 3)]	True	True	True	True	geometric5	895050	6	6	2026-08-01	groundAnchored_66-96-126-153	0.023935993090281937	0.02442709207899075	0.0035881013358502046	0.010359163536488454	0.03159277307180163	0.06343329638494784	0.013162126065865655	0.017182101469570527	10.686733758916064	10.111702831361514	0.03248625739253483	1.2722470963067178	0.8520674505549731	0.670058572274666	0.08
/vol/bitbucket/osella/rl-qecc-data/supervisedLearning/sweep2/g5_ground_anch_H6_s3000.pth	6	3000	2	groundAnchored	[(6, 6), (9, 6), (12, 6), (15, 3)]	True	True	True	True	geometric5	895050	6	6	2026-08-01	groundAnchored_66-96-126-153	0.023935993090281937	0.024854967756646387	0.003575173448549637	0.010388529470265058	0.031497185957367765	0.06476187602941214	0.01405207387763734	0.017182101469570527	10.70375849588003	10.111702831361514	0.03355196451111405	1.4423574596536566	0.8408866964734708	0.6572909499494204	0.02
/vol/bitbucket/osella/rl-qecc-data/supervisedLearning/sweep2/g5_ground_anch_H6_s7134066.pth	6	7134066	2	groundAnchored	[(6, 6), (9, 6), (12, 6), (15, 3)]	True	True	True	True	geometric5	895050	6	6	2026-08-01	groundAnchored_66-96-126-153	0.023935993090281937	0.023741292122607227	0.0034182453528872245	0.009811302399887131	0.030598599358718306	0.06221498059218954	0.01266333290935393	0.017182101469570527	10.651913334734639	10.111702831361514	0.03174592645611377	1.2484138186064109	0.8595720100106691	0.6791196332464051	0.02
/vol/bitbucket/osella/rl-qecc-data/supervisedLearning/sweep2/g5_ground_anch_H7_s466555.pth	7	466555	2	groundAnchored	[(6, 6), (9, 6), (12, 6), (15, 3)]	True	True	True	True	geometric5	895050	6	6	2026-08-01	groundAnchored_66-96-126-153	0.023935993090281937	0.02170110182317939	0.003127247975689493	0.008922749920040973	0.028759077915006957	0.05766403387392145	0.01003239943123812	0.017182101469570527	10.56112813338471	10.111702831361514	0.02813848362587768	0.843746008566655	0.8914732958414223	0.7186537855167253	0.06
/vol/bitbucket/osella/rl-qecc-data/supervisedLearning/sweep2/g5_ground_pure_H10_s12345.pth	10	12345	2	groundPure	[(6, 6), (9, 6), (12, 6), (15, 3)]	True	True	True	True	geometric5	895050	6	6	2026-08-01	groundPure_66-96-126-153	0.023935993090281937	0.025273175792481395	0.0035924386281315918	0.010820712492001967	0.03258916302227115	0.06642348253781995	0.012940082282182231	0.017182101469570527	10.726264787361348	10.111702831361514	0.034097008493068334	1.2884169377033208	0.8394439998201783	0.6554314251701945	0.02
/vol/bitbucket/osella/rl-qecc-data/supervisedLearning/sweep2/g5_ground_pure_H10_s54321.pth	10	54321	2	groundPure	[(6, 6), (9, 6), (12, 6), (15, 3)]	True	True	True	True	geometric5	895050	6	6	2026-08-01	groundPure_66-96-126-153	0.023935993090281937	0.026746116839144064	0.003935124428353418	0.011655020765288716	0.03501985707114152	0.07012562663760004	0.012994955293336575	0.017182101469570527	10.790174081012411	10.111702831361514	0.03607106161312733	1.2622832054571362	0.8245527867209663	0.6387822768742496	0.04
/vol/bitbucket/osella/rl-qecc-data/supervisedLearning/sweep2/g5_ground_pure_H3_s3000.pth	3	3000	2	groundPure	[(6, 6), (9, 6), (12, 6), (15, 3)]	True	True	True	True	geometric5	895050	6	6	2026-08-01	groundPure_66-96-126-153	0.023935993090281937	0.026181976576820084	0.0041232837046474265	0.011928782913696492	0.034735333768482216	0.06744135944101849	0.012681123056255706	0.017182101469570527	10.770790731303773	10.111702831361514	0.03474821710718045	1.1612061823817525	0.8316535444120784	0.6464142382703488	0.04
/vol/bitbucket/osella/rl-qecc-data/supervisedLearning/sweep2/g5_ground_pure_H3_s7134066.pth	3	7134066	2	groundPure	[(6, 6), (9, 6), (12, 6), (15, 3)]	True	True	True	True	geometric5	895050	6	6	2026-08-01	groundPure_66-96-126-153	0.023935993090281937	0.025253159588578957	0.003713755395430634	0.01089009112621179	0.03353844603037823	0.06649496745365106	0.011628537937223177	0.017182101469570527	10.768441808770412	10.111702831361514	0.03388654681473234	1.1281158161313831	0.8400554429027728	0.6557875853010455	0.04
/vol/bitbucket/osella/rl-qecc-data/supervisedLearning/sweep2/g5_ground_pure_H4_s466555.pth	4	466555	2	groundPure	[(6, 6), (9, 6), (12, 6), (15, 3)]	True	True	True	True	geometric5	895050	6	6	2026-08-01	groundPure_66-96-126-153	0.023935993090281937	0.029211558596953218	0.003954993263258925	0.011707007148024749	0.03803593695811799	0.08003193362835942	0.012327921987004992	0.017182101469570527	10.954688251409259	10.111702831361514	0.04089799412545773	1.227174610114019	0.8116158446147542	0.6247062136283957	0.02
/vol/bitbucket/osella/rl-qecc-data/supervisedLearning/sweep2/g5_ground_pure_H6_s12345.pth	6	12345	2	groundPure	[(6, 6), (9, 6), (12, 6), (15, 3)]	True	True	True	True	geometric5	895050	6	6	2026-08-01	groundPure_66-96-126-153	0.023935993090281937	0.024918545409788807	0.003527101755606974	0.010440414710039637	0.032383670506470216	0.06537138095163374	0.012870159125193426	0.017182101469570527	10.734763603288417	10.111702831361514	0.033567173667917546	1.273738971365463	0.8423317204589069	0.6587381996106595	0.04
/vol/bitbucket/osella/rl-qecc-data/supervisedLearning/sweep2/g5_ground_pure_H6_s54321.pth	6	54321	2	groundPure	[(6, 6), (9, 6), (12, 6), (15, 3)]	True	True	True	True	geometric5	895050	6	6	2026-08-01	groundPure_66-96-126-153	0.023935993090281937	0.025614056354752224	0.0035152362746962273	0.010463191652326374	0.032640275331804594	0.06865583143808383	0.012795747076850147	0.017182101469570527	10.711860288925656	10.111702831361514	0.0350980102380452	1.229231802437347	0.8390658201897089	0.6558157563531495	0.06
/vol/bitbucket/osella/rl-qecc-data/supervisedLearning/sweep2/g5_ground_pure_H7_s3000.pth	7	3000	2	groundPure	[(6, 6), (9, 6), (12, 6), (15, 3)]	True	True	True	True	geometric5	895050	6	6	2026-08-01	groundPure_66-96-126-153	0.023935993090281937	0.025447657790337346	0.003496464848591278	0.01033613021831876	0.03299343834915956	0.06756094389324155	0.012851311642375556	0.017182101469570527	10.768242294316545	10.111702831361514	0.03466154894409369	1.2222940452588575	0.8354647637829018	0.6503783078533035	0.0
/vol/bitbucket/osella/rl-qecc-data/supervisedLearning/sweep2/g5_ground_pure_H7_s7134066.pth	7	7134066	2	groundPure	[(6, 6), (9, 6), (12, 6), (15, 3)]	True	True	True	True	geometric5	895050	6	6	2026-08-01	groundPure_66-96-126-153	0.023935993090281937	0.024450301325612534	0.0034758592164273847	0.010287542585494752	0.03145846018981999	0.06434517583383906	0.012684468802481553	0.017182101469570527	10.700902028269029	10.111702831361514	0.03286514223432901	1.217712368212774	0.8480436342870011	0.6651729647258838	0.06
/vol/bitbucket/osella/rl-qecc-data/supervisedLearning/sweep2/g5_mix_66-96-126-153_H10_s466555.pth	10	466555	6	mixed	[(6, 6), (9, 6), (12, 6), (15, 3)]	True	True	True	True	geometric5	895050	6	6	2026-08-01	mixed_66-96-126-153	0.023935993090281937	0.026272795112041558	0.0040468474308831505	0.011634265277548872	0.03339712937070368	0.06713245966786385	0.015153273813208195	0.017182101469570527	10.777967191809847	10.111702831361514	0.035044655758668726	1.6961430907965998	0.8265173636998704	0.6417063088911718	0.04
/vol/bitbucket/osella/rl-qecc-data/supervisedLearning/sweep2/g5_mix_66-96-126-153_H3_s12345.pth	3	12345	6	mixed	[(6, 6), (9, 6), (12, 6), (15, 3)]	True	True	True	True	geometric5	895050	6	6	2026-08-01	mixed_66-96-126-153	0.023935993090281937	0.026834928358447592	0.004239943653456728	0.012005956746154001	0.034437687780120636	0.06830234746355703	0.015188706148949644	0.017182101469570527	10.816594017245723	10.111702831361514	0.0360127527535147	1.631581547756407	0.8183964017962715	0.6330570857181667	0.04
/vol/bitbucket/osella/rl-qecc-data/supervisedLearning/sweep2/g5_mix_66-96-126-153_H3_s54321.pth	3	54321	6	mixed	[(6, 6), (9, 6), (12, 6), (15, 3)]	True	True	True	True	geometric5	895050	6	6	2026-08-01	mixed_66-96-126-153	0.023935993090281937	0.02768286543583403	0.0038533359352197496	0.011263445586014617	0.03474490713740682	0.07106178984799241	0.017490848672536564	0.017182101469570527	10.880930937742317	10.111702831361514	0.03810865820965912	1.7309327352718897	0.8021044776621586	0.6155650777924446	0.04
/vol/bitbucket/osella/rl-qecc-data/supervisedLearning/sweep2/g5_mix_66-96-126-153_H4_s3000.pth	4	3000	6	mixed	[(6, 6), (9, 6), (12, 6), (15, 3)]	True	True	True	True	geometric5	895050	6	6	2026-08-01	mixed_66-96-126-153	0.023935993090281937	0.02754561488916503	0.004000625638053173	0.011586964093437738	0.034221373512553	0.07081858490311853	0.01710052629866265	0.017182101469570527	10.861086958313637	10.111702831361514	0.037794900431074585	1.6850793549348693	0.8101180187559873	0.623863076837	0.02
/vol/bitbucket/osella/rl-qecc-data/supervisedLearning/sweep2/g5_mix_66-96-126-153_H4_s7134066.pth	4	7134066	6	mixed	[(6, 6), (9, 6), (12, 6), (15, 3)]	True	True	True	True	geometric5	895050	6	6	2026-08-01	mixed_66-96-126-153	0.023935993090281937	0.027284092157727508	0.004646956215838884	0.013356672833155262	0.03541613530999048	0.06815183626892923	0.014848860160723714	0.017182101469570527	10.821797549866039	10.111702831361514	0.03595564618283287	1.6042193206083402	0.8198292818471027	0.6346201837538353	0.06
/vol/bitbucket/osella/rl-qecc-data/supervisedLearning/sweep2/g5_mix_66-96-126-153_H6_s466555.pth	6	466555	6	mixed	[(6, 6), (9, 6), (12, 6), (15, 3)]	True	True	True	True	geometric5	895050	6	6	2026-08-01	mixed_66-96-126-153	0.023935993090281937	0.028001966499797564	0.004429030972754322	0.012802378741951288	0.03707813295469314	0.07101152418123957	0.01468876564834946	0.017182101469570527	10.830281142100965	10.111702831361514	0.03736562610747116	1.7674767381623766	0.8122719126595359	0.6265829026327571	0.02
/vol/bitbucket/osella/rl-qecc-data/supervisedLearning/sweep2/g5_mix_66-96-126-153_H7_s12345.pth	7	12345	6	mixed	[(6, 6), (9, 6), (12, 6), (15, 3)]	True	True	True	True	geometric5	895050	6	6	2026-08-01	mixed_66-96-126-153	0.023935993090281937	0.028188481368595704	0.004739439289234669	0.013183288659228456	0.03649241444605099	0.07017779902451987	0.016349465423944637	0.017182101469570527	10.864102221758692	10.111702831361514	0.037522907559528376	1.6662818896318305	0.7999393820104734	0.6144225402208322	0.02
/vol/bitbucket/osella/rl-qecc-data/supervisedLearning/sweep2/g5_mix_66-96-126-153_H7_s54321.pth	7	54321	6	mixed	[(6, 6), (9, 6), (12, 6), (15, 3)]	True	True	True	True	geometric5	895050	6	6	2026-08-01	mixed_66-96-126-153	0.023935993090281937	0.029366640982358864	0.004170179848568644	0.012249302537867142	0.03696070584286673	0.07715773858411416	0.016295278098377525	0.017182101469570527	10.9530492993972	10.111702831361514	0.0408912357507808	1.6753863119470374	0.7867255774549039	0.5992881999388859	0.02
/vol/bitbucket/osella/rl-qecc-data/supervisedLearning/sweep2/g5_mix_66-96-126_H10_s3000.pth	10	3000	8	mixed	[(6, 6), (9, 6), (12, 6)]	True	True	True	False	geometric5	895050	6	6	2026-08-01	mixed_66-96-126	0.023935993090281937	0.02721989325881016	0.004331838698727831	0.01223905664132699	0.03525613002103153	0.06944654051509705	0.014825900417867435	0.017182101469570527	10.833007920858295	10.111702831361514	0.0367475549671739	1.6797906222273389	0.8178023860689166	0.632328787512286	0.04
/vol/bitbucket/osella/rl-qecc-data/supervisedLearning/sweep2/g5_mix_66-96-126_H10_s7134066.pth	10	7134066	8	mixed	[(6, 6), (9, 6), (12, 6)]	True	True	True	False	geometric5	895050	6	6	2026-08-01	mixed_66-96-126	0.023935993090281937	0.02607625754208898	0.003722070801917259	0.01090421407510685	0.03278657916441061	0.06876040957643982	0.01420801409257037	0.017182101469570527	10.7696361632202	10.111702831361514	0.03571729043896525	1.6707444557137519	0.8308144008543848	0.6460963456040434	0.04
/vol/bitbucket/osella/rl-qecc-data/supervisedLearning/sweep2/g5_mix_66-96-126_H3_s466555.pth	3	466555	8	mixed	[(6, 6), (9, 6), (12, 6)]	True	True	True	False	geometric5	895050	6	6	2026-08-01	mixed_66-96-126	0.023935993090281937	0.028711728875339102	0.004387169150775746	0.012749408645929215	0.03737398157747523	0.07407479393364655	0.014973291068868827	0.017182101469570527	10.875346537514611	10.111702831361514	0.039097721157713955	1.6367997313741798	0.793898975359894	0.6073097421410745	0.06
/vol/bitbucket/osella/rl-qecc-data/supervisedLearning/sweep2/g5_mix_66-96-126_H4_s12345.pth	4	12345	8	mixed	[(6, 6), (9, 6), (12, 6)]	True	True	True	False	geometric5	895050	6	6	2026-08-01	mixed_66-96-126	0.023935993090281937	0.02580924410362303	0.003778353441321309	0.011048693471114587	0.03319816516391419	0.06648603616284188	0.014534972278923117	0.017182101469570527	10.775806168971714	10.111702831361514	0.03485552540360212	1.6360625616762665	0.8289030967997235	0.6436410934339275	0.02
/vol/bitbucket/osella/rl-qecc-data/supervisedLearning/sweep2/g5_mix_66-96-126_H4_s54321.pth	4	54321	8	mixed	[(6, 6), (9, 6), (12, 6)]	True	True	True	False	geometric5	895050	6	6	2026-08-01	mixed_66-96-126	0.023935993090281937	0.02874723445987812	0.00442322092929578	0.01299158610599653	0.03755420700741718	0.07361529073914418	0.015151867517536863	0.017182101469570527	10.871483595759495	10.111702831361514	0.038833504983749	1.8332515649254526	0.7921037930936758	0.6053052338168613	0.06
/vol/bitbucket/osella/rl-qecc-data/supervisedLearning/sweep2/g5_mix_66-96-126_H6_s3000.pth	6	3000	8	mixed	[(6, 6), (9, 6), (12, 6)]	True	True	True	False	geometric5	895050	6	6	2026-08-01	mixed_66-96-126	0.023935993090281937	0.026468801135215873	0.004123100098148151	0.011754961618307582	0.033935964547144926	0.06795225321270432	0.014577726199774352	0.017182101469570527	10.792381395433726	10.111702831361514	0.035653450580921855	1.672611661032321	0.8239600931684109	0.6391549984177666	0.04
/vol/bitbucket/osella/rl-qecc-data/supervisedLearning/sweep2/g5_mix_66-96-126_H6_s7134066.pth	6	7134066	8	mixed	[(6, 6), (9, 6), (12, 6)]	True	True	True	False	geometric5	895050	6	6	2026-08-01	mixed_66-96-126	0.023935993090281937	0.0279405144605652	0.003955191503494972	0.011860425688074801	0.035858163373557725	0.07409404730882747	0.013934744428871007	0.017182101469570527	10.862657825934967	10.111702831361514	0.038684519089236674	1.4720909787442695	0.8025650187318601	0.6157750766414543	0.02
/vol/bitbucket/osella/rl-qecc-data/supervisedLearning/sweep2/g5_mix_66-96-126_H7_s466555.pth	7	466555	8	mixed	[(6, 6), (9, 6), (12, 6)]	True	True	True	False	geometric5	895050	6	6	2026-08-01	mixed_66-96-126	0.023935993090281937	0.025151781853503787	0.0037953243402681232	0.011028891868154117	0.03242154030492719	0.0647786292328157	0.013734523521353887	0.017182101469570527	10.716534621921406	10.111702831361514	0.03342964501593788	1.5250180533123938	0.8440216443511057	0.6609279988166502	0.0
/vol/bitbucket/osella/rl-qecc-data/supervisedLearning/sweep2/g5_mix_66-96_H10_s12345.pth	10	12345	12	mixed	[(6, 6), (9, 6)]	True	True	False	False	geometric5	895050	6	6	2026-08-01	mixed_66-96	0.023935993090281937	0.026405412173299118	0.003858416569004516	0.01142879216511933	0.03427882460425598	0.06753126088897446	0.01492976663914144	0.017182101469570527	10.791420604116972	10.111702831361514	0.03555797509421573	1.5970615277720006	0.8256850476232055	0.6408812568389813	0.08
/vol/bitbucket/osella/rl-qecc-data/supervisedLearning/sweep2/g5_mix_66-96_H10_s54321.pth	10	54321	12	mixed	[(6, 6), (9, 6)]	True	True	False	False	geometric5	895050	6	6	2026-08-01	mixed_66-96	0.023935993090281937	0.02497831440751097	0.003822503873247868	0.011080604848883022	0.03238870424380372	0.0645312992811854	0.0130684597904348	0.017182101469570527	10.721902722890654	10.111702831361514	0.033116245649071424	1.3122093864323927	0.845943970510117	0.663333307474941	0.04
/vol/bitbucket/osella/rl-qecc-data/supervisedLearning/sweep2/g5_mix_66-96_H3_s3000.pth	3	3000	12	mixed	[(6, 6), (9, 6)]	True	True	False	False	geometric5	895050	6	6	2026-08-01	mixed_66-96	0.023935993090281937	0.025719299859482583	0.003755711136190831	0.011008897391204435	0.033135523720145256	0.06600554642744179	0.014690820622430578	0.017182101469570527	10.741549336283502	10.111702831361514	0.03438099689651513	1.4925386875625777	0.8344510579562663	0.6502618179429908	0.02
/vol/bitbucket/osella/rl-qecc-data/supervisedLearning/sweep2/g5_mix_66-96_H3_s7134066.pth	3	7134066	12	mixed	[(6, 6), (9, 6)]	True	True	False	False	geometric5	895050	6	6	2026-08-01	mixed_66-96	0.023935993090281937	0.024309254156468212	0.0036362741032919883	0.010359794456201497	0.03134455141422268	0.06299989113068394	0.013205759677941083	0.017182101469570527	10.687997216255798	10.111702831361514	0.03234638628097491	1.321414876218868	0.8543175695648427	0.6730634708310231	0.06
/vol/bitbucket/osella/rl-qecc-data/supervisedLearning/sweep2/g5_mix_66-96_H4_s466555.pth	4	466555	12	mixed	[(6, 6), (9, 6)]	True	True	False	False	geometric5	895050	6	6	2026-08-01	mixed_66-96	0.023935993090281937	0.026436479289687356	0.0039030425428216247	0.011555070098723464	0.03496707074176313	0.06865721856742649	0.013099994497702168	0.017182101469570527	10.780272863817212	10.111702831361514	0.03552015702382786	1.409799077449168	0.8277343468137469	0.6432145186546839	0.06
/vol/bitbucket/osella/rl-qecc-data/supervisedLearning/sweep2/g5_mix_66-96_H6_s12345.pth	6	12345	12	mixed	[(6, 6), (9, 6)]	True	True	False	False	geometric5	895050	6	6	2026-08-01	mixed_66-96	0.023935993090281937	0.02575937699737888	0.0038381678201674326	0.011289770246032048	0.03397517674860453	0.06587160044666372	0.013822169725426612	0.017182101469570527	10.738826485473215	10.111702831361514	0.034265381953893614	1.5349145722846054	0.8388621729646348	0.6551813530362819	0.06
/vol/bitbucket/osella/rl-qecc-data/supervisedLearning/sweep2/g5_mix_66-96_H6_s54321.pth	6	54321	12	mixed	[(6, 6), (9, 6)]	True	True	False	False	geometric5	895050	6	6	2026-08-01	mixed_66-96	0.023935993090281937	0.027405549081087867	0.00409632565449682	0.012174571077655379	0.03644257189922044	0.07098846474433618	0.013325812029730414	0.017182101469570527	10.811866836228539	10.111702831361514	0.036925237931839015	1.416844907107816	0.8123863527829491	0.6267214558349214	0.06
/vol/bitbucket/osella/rl-qecc-data/supervisedLearning/sweep2/g5_mix_66-96_H7_s3000.pth	7	3000	12	mixed	[(6, 6), (9, 6)]	True	True	False	False	geometric5	895050	6	6	2026-08-01	mixed_66-96	0.023935993090281937	0.024776446748841427	0.003585856827682447	0.010285188189834257	0.031565987377083354	0.06438097898735713	0.014064222362249919	0.017182101469570527	10.706658855299212	10.111702831361514	0.03313833610248575	1.4339355449175464	0.8454047334824776	0.6623455512550646	0.08
/vol/bitbucket/osella/rl-qecc-data/supervisedLearning/sweep2/g5_mix_66-96_H7_s7134066.pth	7	7134066	12	mixed	[(6, 6), (9, 6)]	True	True	False	False	geometric5	895050	6	6	2026-08-01	mixed_66-96	0.023935993090281937	0.02724250598304758	0.0041347602833050265	0.012160997981568571	0.035798288166996706	0.07085049084489778	0.01326799263846976	0.017182101469570527	10.810711246263812	10.111702831361514	0.036727262602880215	1.3461829051880336	0.8159974961016019	0.6297358484448523	0.02
/vol/bitbucket/osella/rl-qecc-data/supervisedLearning/sweep2/g5_mix_66_H10_s466555.pth	10	466555	24	mixed	[(6, 6)]	True	False	False	False	geometric5	895050	6	6	2026-08-01	mixed_66	0.023935993090281937	0.02554900553701937	0.003845941127569587	0.010779212897300668	0.033172800090599246	0.0674090735353717	0.012538000034255576	0.017182101469570527	10.731508421526769	10.111702831361514	0.03460147446810366	1.2143788934074948	0.8322443872347239	0.6496871114426325	0.02
/vol/bitbucket/osella/rl-qecc-data/supervisedLearning/sweep2/g5_mix_66_H3_s12345.pth	3	12345	24	mixed	[(6, 6)]	True	False	False	False	geometric5	895050	6	6	2026-08-01	mixed_66	0.023935993090281937	0.02496968967503893	0.003751338667486499	0.011133898267362075	0.032624928422520634	0.0641693770960431	0.013168905921782277	0.017182101469570527	10.699884099046292	10.111702831361514	0.03294577300096854	1.3127146064605828	0.8489472181171867	0.6663666230765574	0.02
/vol/bitbucket/osella/rl-qecc-data/supervisedLearning/sweep2/g5_mix_66_H3_s54321.pth	3	54321	24	mixed	[(6, 6)]	True	False	False	False	geometric5	895050	6	6	2026-08-01	mixed_66	0.023935993090281937	0.022738719334234932	0.00349675056547866	0.009875590670153724	0.030047602780532326	0.059306741717098675	0.010966910937911183	0.017182101469570527	10.607878338215741	10.111702831361514	0.02950799741888224	1.0280957806682423	0.8802492646874952	0.7044520165702463	0.02
/vol/bitbucket/osella/rl-qecc-data/supervisedLearning/sweep2/g5_mix_66_H4_s3000.pth	4	3000	24	mixed	[(6, 6)]	True	False	False	False	geometric5	895050	6	6	2026-08-01	mixed_66	0.023935993090281937	0.026095805200315982	0.0037632725244453307	0.011097267438144823	0.03296270141621112	0.06789029362185689	0.014765491000921942	0.017182101469570527	10.76657169321377	10.111702831361514	0.03555448112160989	1.7132286628710678	0.8258147435799982	0.6400525443244724	0.0
/vol/bitbucket/osella/rl-qecc-data/supervisedLearning/sweep2/g5_mix_66_H4_s7134066.pth	4	7134066	24	mixed	[(6, 6)]	True	False	False	False	geometric5	895050	6	6	2026-08-01	mixed_66	0.023935993090281937	0.02666866331299731	0.003895784715290863	0.011454642053351649	0.03488533656213389	0.0701437103907826	0.012963842843427584	0.017182101469570527	10.769949754534187	10.111702831361514	0.03618953992683286	1.3172896058846704	0.8222553914880565	0.6376015146758393	0.06
/vol/bitbucket/osella/rl-qecc-data/supervisedLearning/sweep2/g5_mix_66_H6_s466555.pth	6	466555	24	mixed	[(6, 6)]	True	False	False	False	geometric5	895050	6	6	2026-08-01	mixed_66	0.023935993090281937	0.026012381266672092	0.003885572847814834	0.011324048873167748	0.034163708113974935	0.0675941180077223	0.013094458490680508	0.017182101469570527	10.759370470295961	10.111702831361514	0.03492386923864318	1.382999876384049	0.8322884647285707	0.6482267062223122	0.02
/vol/bitbucket/osella/rl-qecc-data/supervisedLearning/sweep2/g5_mix_66_H7_s12345.pth	7	12345	24	mixed	[(6, 6)]	True	False	False	False	geometric5	895050	6	6	2026-08-01	mixed_66	0.023935993090281937	0.027195286053429905	0.0040996255157787044	0.012137046211614641	0.03592528575977203	0.07076843854286594	0.013046034237118248	0.017182101469570527	10.796790425080664	10.111702831361514	0.03673705143085296	1.4080448443901206	0.8180682865354713	0.6328206319609195	0.02
/vol/bitbucket/osella/rl-qecc-data/supervisedLearning/sweep2/g5_mix_66_H7_s54321.pth	7	54321	24	mixed	[(6, 6)]	True	False	False	False	geometric5	895050	6	6	2026-08-01	mixed_66	0.023935993090281937	0.02226071431987603	0.003474247492388178	0.009572324758899636	0.029612022254023564	0.058705585023468176	0.009939392070600536	0.017182101469570527	10.589937342352707	10.111702831361514	0.028769686300178638	0.8414754287361212	0.8890150339862717	0.7155099931067848	0.02
/vol/bitbucket/osella/rl-qecc-data/supervisedLearning/sweep2/g5_ground_anch_H10_s3000.pth	10	3000	2	groundAnchored	[(6, 6), (9, 6), (12, 6), (15, 3)]	True	True	True	True	geometric5	2745740	9	6	2026-08-01	groundAnchored_66-96-126-153	0.023244236778233764	0.04513064739503662	0.005363483801458807	0.016566138171611303	0.05094235640694555	0.1276858098162756	0.02509544877889193	0.01659652682560746	10.214474171510414	8.67519330798223	0.06394535722391155	1.6231222350607002	0.6798783786915756	0.49619073293646826	0.0
/vol/bitbucket/osella/rl-qecc-data/supervisedLearning/sweep2/g5_ground_anch_H10_s7134066.pth	10	7134066	2	groundAnchored	[(6, 6), (9, 6), (12, 6), (15, 3)]	True	True	True	True	geometric5	2745740	9	6	2026-08-01	groundAnchored_66-96-126-153	0.023244236778233764	0.03839872972060402	0.0028007673026313076	0.010583010247714093	0.046410344229608276	0.10690711167222681	0.025292415150839537	0.01659652682560746	9.8599562605111	8.67519330798223	0.05337790946910818	1.620355472106345	0.604253039734164	0.42982362176241534	0.0
/vol/bitbucket/osella/rl-qecc-data/supervisedLearning/sweep2/g5_ground_anch_H3_s466555.pth	3	466555	2	groundAnchored	[(6, 6), (9, 6), (12, 6), (15, 3)]	True	True	True	True	geometric5	2745740	9	6	2026-08-01	groundAnchored_66-96-126-153	0.023244236778233764	0.04429256853980265	0.00212021303326468	0.007508626133995078	0.03421787998831828	0.15207868575105074	0.02553743779238418	0.01659652682560746	9.998057450545257	8.67519330798223	0.07185253580443952	1.6383060242813974	0.7283246034951619	0.5390956062536829	0.0
/vol/bitbucket/osella/rl-qecc-data/supervisedLearning/sweep2/g5_ground_anch_H4_s12345.pth	4	12345	2	groundAnchored	[(6, 6), (9, 6), (12, 6), (15, 3)]	True	True	True	True	geometric5	2745740	9	6	2026-08-01	groundAnchored_66-96-126-153	0.023244236778233764	0.05093703241902935	0.001807762219660781	0.00663963983567248	0.03515941681553137	0.18571279018275563	0.025365553041526732	0.01659652682560746	10.26437484814246	8.67519330798223	0.08795881690775577	1.5906865450162058	0.7301436359313237	0.5383374906922642	0.02
/vol/bitbucket/osella/rl-qecc-data/supervisedLearning/sweep2/g5_ground_anch_H4_s54321.pth	4	54321	2	groundAnchored	[(6, 6), (9, 6), (12, 6), (15, 3)]	True	True	True	True	geometric5	2745740	9	6	2026-08-01	groundAnchored_66-96-126-153	0.023244236778233764	0.037735043216108655	0.002797855001488743	0.009439081004122064	0.03574251339638003	0.11503726592907365	0.02565850074947899	0.01659652682560746	9.938111867442016	8.67519330798223	0.05273326520443499	1.5984393748268568	0.73115428700542	0.540165520776755	0.0
/vol/bitbucket/osella/rl-qecc-data/supervisedLearning/sweep2/g5_ground_anch_H6_s3000.pth	6	3000	2	groundAnchored	[(6, 6), (9, 6), (12, 6), (15, 3)]	True	True	True	True	geometric5	2745740	9	6	2026-08-01	groundAnchored_66-96-126-153	0.023244236778233764	0.036265967287200766	0.002351102165852175	0.008378009862837084	0.03742776222821977	0.10823945156833581	0.024933510610758925	0.01659652682560746	9.787777467065284	8.67519330798223	0.053412139851026524	1.610651346523024	0.645380896646791	0.4646327607866317	0.0
/vol/bitbucket/osella/rl-qecc-data/supervisedLearning/sweep2/g5_ground_anch_H6_s7134066.pth	6	7134066	2	groundAnchored	[(6, 6), (9, 6), (12, 6), (15, 3)]	True	True	True	True	geometric5	2745740	9	6	2026-08-01	groundAnchored_66-96-126-153	0.023244236778233764	0.041484703533747544	0.0019056495301048462	0.007393190234003563	0.03584837503523091	0.1366569141230425	0.025619388746355783	0.01659652682560746	9.943525050811253	8.67519330798223	0.06659603845380063	1.5838517806751715	0.6928175386675105	0.5048431870704546	0.0
/vol/bitbucket/osella/rl-qecc-data/supervisedLearning/sweep2/g5_ground_anch_H7_s466555.pth	7	466555	2	groundAnchored	[(6, 6), (9, 6), (12, 6), (15, 3)]	True	True	True	True	geometric5	2745740	9	6	2026-08-01	groundAnchored_66-96-126-153	0.023244236778233764	0.05119242562836659	0.0014048418290146388	0.005558637825308658	0.039519051300954254	0.18412603658455626	0.025353560601999062	0.01659652682560746	10.52571417443086	8.67519330798223	0.08748720473760092	1.6254341682342592	0.680616697338153	0.4946875156162812	0.04
/vol/bitbucket/osella/rl-qecc-data/supervisedLearning/sweep2/g5_ground_pure_H10_s12345.pth	10	12345	2	groundPure	[(6, 6), (9, 6), (12, 6), (15, 3)]	True	True	True	True	geometric5	2745740	9	6	2026-08-01	groundPure_66-96-126-153	0.023244236778233764	0.04020618317812605	0.0018509877026786975	0.007840584251310664	0.0376502197790259	0.1286453499140797	0.02504377424353556	0.01659652682560746	9.917874674531097	8.67519330798223	0.06278365843606509	1.5886116195716833	0.6118302635991698	0.4362895948940097	0.04
/vol/bitbucket/osella/rl-qecc-data/supervisedLearning/sweep2/g5_ground_pure_H10_s54321.pth	10	54321	2	groundPure	[(6, 6), (9, 6), (12, 6), (15, 3)]	True	True	True	True	geometric5	2745740	9	6	2026-08-01	groundPure_66-96-126-153	0.023244236778233764	0.0402586040407567	0.0023816730620149014	0.008170429360066357	0.03773203593229119	0.12808402872323	0.024924853126181427	0.01659652682560746	9.946938225417565	8.67519330798223	0.06220971929055677	1.585787195188996	0.6538460010235235	0.47229190927166204	0.04
/vol/bitbucket/osella/rl-qecc-data/supervisedLearning/sweep2/g5_ground_pure_H3_s3000.pth	3	3000	2	groundPure	[(6, 6), (9, 6), (12, 6), (15, 3)]	True	True	True	True	geometric5	2745740	9	6	2026-08-01	groundPure_66-96-126-153	0.023244236778233764	0.04358202628651905	0.0015423999236754873	0.006109341394098131	0.036949286858433884	0.14855269498197407	0.02475640827441309	0.01659652682560746	10.069429196058866	8.67519330798223	0.07152249423506928	1.588977757606321	0.6743189777486653	0.4887216837945996	0.0
/vol/bitbucket/osella/rl-qecc-data/supervisedLearning/sweep2/g5_ground_pure_H3_s7134066.pth	3	7134066	2	groundPure	[(6, 6), (9, 6), (12, 6), (15, 3)]	True	True	True	True	geometric5	2745740	9	6	2026-08-01	groundPure_66-96-126-153	0.023244236778233764	0.05714382587668379	0.0015467577472420752	0.006021217286026215	0.04086556979872881	0.2122929592622641	0.0249926252891577	0.01659652682560746	10.723402069035522	8.67519330798223	0.10079025544898114	1.565039142867477	0.7186297462346454	0.5276049465705529	0.06
/vol/bitbucket/osella/rl-qecc-data/supervisedLearning/sweep2/g5_ground_pure_H4_s466555.pth	4	466555	2	groundPure	[(6, 6), (9, 6), (12, 6), (15, 3)]	True	True	True	True	geometric5	2745740	9	6	2026-08-01	groundPure_66-96-126-153	0.023244236778233764	0.05443044352968065	0.002207440085771392	0.008630324664705206	0.041632894522549896	0.19388282143453306	0.025798736940844145	0.01659652682560746	10.657437322516735	8.67519330798223	0.09067008063506597	1.6102819795469137	0.6590012194994411	0.47601374885067205	0.04
/vol/bitbucket/osella/rl-qecc-data/supervisedLearning/sweep2/g5_ground_pure_H6_s12345.pth	6	12345	2	groundPure	[(6, 6), (9, 6), (12, 6), (15, 3)]	True	True	True	True	geometric5	2745740	9	6	2026-08-01	groundPure_66-96-126-153	0.023244236778233764	0.04501064481527594	0.0015652183384133453	0.0061293840869587135	0.03799480975791322	0.15491701740451902	0.024446794488575032	0.01659652682560746	10.168278461241412	8.67519330798223	0.0744671336756773	1.5918152799220753	0.6882438886690306	0.5006601538238906	0.02
/vol/bitbucket/osella/rl-qecc-data/supervisedLearning/sweep2/g5_ground_pure_H6_s54321.pth	6	54321	2	groundPure	[(6, 6), (9, 6), (12, 6), (15, 3)]	True	True	True	True	geometric5	2745740	9	6	2026-08-01	groundPure_66-96-126-153	0.023244236778233764	0.03890551894567809	0.0014419664893711834	0.006047050589165261	0.037241451290277144	0.12503176768481994	0.024765358674756998	0.01659652682560746	9.888360246039635	8.67519330798223	0.06171051479839169	1.5438873868288523	0.689440111927413	0.5026598546455275	0.06
/vol/bitbucket/osella/rl-qecc-data/supervisedLearning/sweep2/g5_ground_pure_H7_s3000.pth	7	3000	2	groundPure	[(6, 6), (9, 6), (12, 6), (15, 3)]	True	True	True	True	geometric5	2745740	9	6	2026-08-01	groundPure_66-96-126-153	0.023244236778233764	0.035503035189787056	0.001892371470940416	0.00807841650536021	0.04265043571555609	0.10000106881884306	0.024892883438235335	0.01659652682560746	9.77441062495706	8.67519330798223	0.05158333082049019	1.5784167172108416	0.6148976705112282	0.4394339129039751	0.0
/vol/bitbucket/osella/rl-qecc-data/supervisedLearning/sweep2/g5_ground_pure_H7_s7134066.pth	7	7134066	2	groundPure	[(6, 6), (9, 6), (12, 6), (15, 3)]	True	True	True	True	geometric5	2745740	9	6	2026-08-01	groundPure_66-96-126-153	0.023244236778233764	0.04099821187747439	0.001510219188544103	0.006405496193101466	0.037274063421902585	0.13383657624086942	0.02596470434295417	0.01659652682560746	10.00651109133024	8.67519330798223	0.06676320903763522	1.5920703960962275	0.6454450457870586	0.4637306808481061	0.0
/vol/bitbucket/osella/rl-qecc-data/supervisedLearning/sweep2/g5_mix_66-96-126-153_H10_s466555.pth	10	466555	6	mixed	[(6, 6), (9, 6), (12, 6), (15, 3)]	True	True	True	True	geometric5	2745740	9	6	2026-08-01	mixed_66-96-126-153	0.023244236778233764	0.02431419274163046	0.0016875961016170663	0.005621122469816412	0.027316702075477102	0.06428394303561559	0.02266160002562614	0.01659652682560746	9.266220737693004	8.67519330798223	0.03474626057673018	1.3660437417148252	0.8146800746430425	0.6229453620458888	0.0
/vol/bitbucket/osella/rl-qecc-data/supervisedLearning/sweep2/g5_mix_66-96-126-153_H3_s12345.pth	3	12345	6	mixed	[(6, 6), (9, 6), (12, 6), (15, 3)]	True	True	True	True	geometric5	2745740	9	6	2026-08-01	mixed_66-96-126-153	0.023244236778233764	0.025646908696606945	0.0018407147797986283	0.005936608822601738	0.027853826209357276	0.06762815854839399	0.02497523512288319	0.01659652682560746	9.319126976752413	8.67519330798223	0.037522678345269796	1.582074315985039	0.7855595459294987	0.5913026053253352	0.1
/vol/bitbucket/osella/rl-qecc-data/supervisedLearning/sweep2/g5_mix_66-96-126-153_H3_s54321.pth	3	54321	6	mixed	[(6, 6), (9, 6), (12, 6), (15, 3)]	True	True	True	True	geometric5	2745740	9	6	2026-08-01	mixed_66-96-126-153	0.023244236778233764	0.02543639292876747	0.00165710889338174	0.005589863583950843	0.02764185603899382	0.06720977147664874	0.025083364650862194	0.01659652682560746	9.318006267828833	8.67519330798223	0.03735239680483667	1.6611352085474136	0.7849230136257629	0.5907042076678631	0.04
/vol/bitbucket/osella/rl-qecc-data/supervisedLearning/sweep2/g5_mix_66-96-126-153_H4_s3000.pth	4	3000	6	mixed	[(6, 6), (9, 6), (12, 6), (15, 3)]	True	True	True	True	geometric5	2745740	9	6	2026-08-01	mixed_66-96-126-153	0.023244236778233764	0.02540859220016669	0.0016649158912859783	0.005562933278128333	0.027525079897485535	0.06722998462218514	0.02506004731174872	0.01659652682560746	9.322473849555076	8.67519330798223	0.03731364923607267	1.595442885319653	0.7851186649766662	0.5912285084467939	0.04
/vol/bitbucket/osella/rl-qecc-data/supervisedLearning/sweep2/g5_mix_66-96-126-153_H4_s7134066.pth	4	7134066	6	mixed	[(6, 6), (9, 6), (12, 6), (15, 3)]	True	True	True	True	geometric5	2745740	9	6	2026-08-01	mixed_66-96-126-153	0.023244236778233764	0.025503401253385082	0.0017481947825486413	0.00586231134457753	0.027728228783392476	0.06725362751031311	0.02492464384609349	0.01659652682560746	9.318876787273197	8.67519330798223	0.03733730325409197	1.5795619967992143	0.7864064330879483	0.5922708984733275	0.06
/vol/bitbucket/osella/rl-qecc-data/supervisedLearning/sweep2/g5_mix_66-96-126-153_H6_s466555.pth	6	466555	6	mixed	[(6, 6), (9, 6), (12, 6), (15, 3)]	True	True	True	True	geometric5	2745740	9	6	2026-08-01	mixed_66-96-126-153	0.023244236778233764	0.025273285160502774	0.001884702583917735	0.006308895805655013	0.029680448457725273	0.06590213515289656	0.022590243802319415	0.01659652682560746	9.293727903871893	8.67519330798223	0.03574651491354761	1.3348448121522605	0.8064996506411459	0.614518203291559	0.0
/vol/bitbucket/osella/rl-qecc-data/supervisedLearning/sweep2/g5_mix_66-96-126-153_H7_s12345.pth	7	12345	6	mixed	[(6, 6), (9, 6), (12, 6), (15, 3)]	True	True	True	True	geometric5	2745740	9	6	2026-08-01	mixed_66-96-126-153	0.023244236778233764	0.025617175045293553	0.001897481422078855	0.006124431617601806	0.02814504912355711	0.06696811293929728	0.024950800123932776	0.01659652682560746	9.3152355202962	8.67519330798223	0.03720693306308478	1.579918847355778	0.786530736819893	0.5922565519247486	0.04
/vol/bitbucket/osella/rl-qecc-data/supervisedLearning/sweep2/g5_mix_66-96-126-153_H7_s54321.pth	7	54321	6	mixed	[(6, 6), (9, 6), (12, 6), (15, 3)]	True	True	True	True	geometric5	2745740	9	6	2026-08-01	mixed_66-96-126-153	0.023244236778233764	0.026517381210509568	0.0017302722211495203	0.0059080276500163825	0.029384383159755653	0.07070534622363547	0.02485887679799081	0.01659652682560746	9.359638427582695	8.67519330798223	0.0389212041397276	1.6486975422565406	0.767345979992477	0.5734121336786606	0.04
/vol/bitbucket/osella/rl-qecc-data/supervisedLearning/sweep2/g5_mix_66-96-126_H10_s3000.pth	10	3000	8	mixed	[(6, 6), (9, 6), (12, 6)]	True	True	True	False	geometric5	2745740	9	6	2026-08-01	mixed_66-96-126	0.023244236778233764	0.025202655447765402	0.0020143763746541745	0.006226838804530348	0.02849978262724795	0.06606520362327897	0.023207075809115678	0.01659652682560746	9.303804313080644	8.67519330798223	0.03623468246949393	1.3565196881951171	0.8059361496243457	0.6130506253550378	0.02
/vol/bitbucket/osella/rl-qecc-data/supervisedLearning/sweep2/g5_mix_66-96-126_H10_s7134066.pth	10	7134066	8	mixed	[(6, 6), (9, 6), (12, 6)]	True	True	True	False	geometric5	2745740	9	6	2026-08-01	mixed_66-96-126	0.023244236778233764	0.02406203975486878	0.0015969171043907064	0.00528752455650082	0.02698440599279878	0.06422855028046587	0.022212800840187844	0.01659652682560746	9.265185635304723	8.67519330798223	0.03473516707100017	1.277804544607462	0.8183460899134254	0.6267450849769801	0.04
/vol/bitbucket/osella/rl-qecc-data/supervisedLearning/sweep2/g5_mix_66-96-126_H3_s466555.pth	3	466555	8	mixed	[(6, 6), (9, 6), (12, 6)]	True	True	True	False	geometric5	2745740	9	6	2026-08-01	mixed_66-96-126	0.023244236778233764	0.026904211181616667	0.0019677311075102415	0.006470322392459331	0.03026766484359748	0.07094922957000176	0.0248661079945143	0.01659652682560746	9.354597914006213	8.67519330798223	0.03904748745038795	1.5218094508543651	0.7697678445704568	0.5758578063087759	0.0
/vol/bitbucket/osella/rl-qecc-data/supervisedLearning/sweep2/g5_mix_66-96-126_H4_s12345.pth	4	12345	8	mixed	[(6, 6), (9, 6), (12, 6)]	True	True	True	False	geometric5	2745740	9	6	2026-08-01	mixed_66-96-126	0.023244236778233764	0.02543070129925825	0.0017141579124988727	0.005638836231799833	0.02780123969961906	0.06689434710423176	0.025104925548141917	0.01659652682560746	9.308845059599806	8.67519330798223	0.03718696466927524	1.5868584049210224	0.785483237627826	0.5913137084578962	0.12
/vol/bitbucket/osella/rl-qecc-data/supervisedLearning/sweep2/g5_mix_66-96-126_H4_s54321.pth	4	54321	8	mixed	[(6, 6), (9, 6), (12, 6)]	True	True	True	False	geometric5	2745740	9	6	2026-08-01	mixed_66-96-126	0.023244236778233764	0.026543295789907034	0.0018319414211414647	0.006137655869736214	0.029561896572586108	0.07015094881883718	0.025034036267234053	0.01659652682560746	9.346072713418248	8.67519330798223	0.038576491142200284	1.5295270973613178	0.7723222660844985	0.5784758822260645	0.0
/vol/bitbucket/osella/rl-qecc-data/supervisedLearning/sweep2/g5_mix_66-96-126_H6_s3000.pth	6	3000	8	mixed	[(6, 6), (9, 6), (12, 6)]	True	True	True	False	geometric5	2745740	9	6	2026-08-01	mixed_66-96-126	0.023244236778233764	0.024662639793775334	0.001980788627959517	0.006188916332091022	0.028190122031790842	0.0645299477188017	0.022423424258233623	0.01659652682560746	9.276283648338785	8.67519330798223	0.035101069754234306	1.351040554402773	0.8142160507500205	0.6222566617772034	0.02
/vol/bitbucket/osella/rl-qecc-data/supervisedLearning/sweep2/g5_mix_66-96-126_H6_s7134066.pth	6	7134066	8	mixed	[(6, 6), (9, 6), (12, 6)]	True	True	True	False	geometric5	2745740	9	6	2026-08-01	mixed_66-96-126	0.023244236778233764	0.02487042740339106	0.0015652786159085286	0.005419706932038806	0.02874668907505233	0.0672240804137729	0.02139638198018249	0.01659652682560746	9.307940421153043	8.67519330798223	0.036011129955057106	1.1459388829318184	0.8076524184820751	0.615726224559806	0.02
/vol/bitbucket/osella/rl-qecc-data/supervisedLearning/sweep2/g5_mix_66-96-126_H7_s466555.pth	7	466555	8	mixed	[(6, 6), (9, 6), (12, 6)]	True	True	True	False	geometric5	2745740	9	6	2026-08-01	mixed_66-96-126	0.023244236778233764	0.024075199713711335	0.0018822578790742308	0.006167095640079479	0.027889989358546755	0.06257684353239383	0.021859812158462326	0.01659652682560746	9.246917616005748	8.67519330798223	0.033654511214426905	1.1767259910104975	0.8253118683765348	0.6348195767905865	0.04
/vol/bitbucket/osella/rl-qecc-data/supervisedLearning/sweep2/g5_mix_66-96_H10_s12345.pth	10	12345	12	mixed	[(6, 6), (9, 6)]	True	True	False	False	geometric5	2745740	9	6	2026-08-01	mixed_66-96	0.023244236778233764	0.024561286891311592	0.0018230892646170268	0.006025580485156316	0.02811684901634679	0.06420693280603373	0.02263398288440383	0.01659652682560746	9.27377193896772	8.67519330798223	0.035013054529898224	1.247748115490805	0.8141224100961478	0.6220880356405666	0.02
/vol/bitbucket/osella/rl-qecc-data/supervisedLearning/sweep2/g5_mix_66-96_H10_s54321.pth	10	54321	12	mixed	[(6, 6), (9, 6)]	True	True	False	False	geometric5	2745740	9	6	2026-08-01	mixed_66-96	0.023244236778233764	0.02323024558924151	0.0017342636256973657	0.005823694267591292	0.027596296740909812	0.06108369510326242	0.019913278208746565	0.01659652682560746	9.232399643073782	8.67519330798223	0.032321168889992306	0.9628775070981377	0.8401384763483459	0.6525439950072328	0.06
/vol/bitbucket/osella/rl-qecc-data/supervisedLearning/sweep2/g5_mix_66-96_H3_s3000.pth	3	3000	12	mixed	[(6, 6), (9, 6)]	True	True	False	False	geometric5	2745740	9	6	2026-08-01	mixed_66-96	0.023244236778233764	0.02415730208409531	0.0015893233168467857	0.005482255193745699	0.027390237029095717	0.06382734811640763	0.022497346764380897	0.01659652682560746	9.258129379378586	8.67519330798223	0.03452050063007026	1.1286345557405264	0.8178429453196671	0.6260447778870463	0.04
/vol/bitbucket/osella/rl-qecc-data/supervisedLearning/sweep2/g5_mix_66-96_H3_s7134066.pth	3	7134066	12	mixed	[(6, 6), (9, 6)]	True	True	False	False	geometric5	2745740	9	6	2026-08-01	mixed_66-96	0.023244236778233764	0.023235866477589066	0.0018887904797509117	0.0060616874787870565	0.027453541112116793	0.06050363171531751	0.020271681601972985	0.01659652682560746	9.218376905582522	8.67519330798223	0.03201902462306681	0.9808022561981142	0.8404110685565026	0.6528414778357944	0.1
/vol/bitbucket/osella/rl-qecc-data/supervisedLearning/sweep2/g5_mix_66-96_H4_s466555.pth	4	466555	12	mixed	[(6, 6), (9, 6)]	True	True	False	False	geometric5	2745740	9	6	2026-08-01	mixed_66-96	0.023244236778233764	0.024111545299918154	0.0016652991579336675	0.005816861035080549	0.02909262098183159	0.06392623155896439	0.020056713765780766	0.01659652682560746	9.254259044048629	8.67519330798223	0.03365241230219705	0.9877319272661157	0.8329199177129014	0.6434531249168264	0.0
/vol/bitbucket/osella/rl-qecc-data/supervisedLearning/sweep2/g5_mix_66-96_H6_s12345.pth	6	12345	12	mixed	[(6, 6), (9, 6)]	True	True	False	False	geometric5	2745740	9	6	2026-08-01	mixed_66-96	0.023244236778233764	0.02435733434638609	0.0019304164236052382	0.006338560456712757	0.029016745030583258	0.06322420860601818	0.02127674121501089	0.01659652682560746	9.25507939058347	8.67519330798223	0.03398433834490102	1.0936544898700111	0.8275521196878033	0.6377579647095634	0.06
/vol/bitbucket/osella/rl-qecc-data/supervisedLearning/sweep2/g5_mix_66-96_H6_s54321.pth	6	54321	12	mixed	[(6, 6), (9, 6)]	True	True	False	False	geometric5	2745740	9	6	2026-08-01	mixed_66-96	0.023244236778233764	0.024622198730254348	0.0018053230583310982	0.006165917463345277	0.02978843935470224	0.06481689134251173	0.020534422432381245	0.01659652682560746	9.270567057318605	8.67519330798223	0.03440567301674302	1.0121797311307477	0.8187034265876135	0.627727481649785	0.06
/vol/bitbucket/osella/rl-qecc-data/supervisedLearning/sweep2/g5_mix_66-96_H7_s3000.pth	7	3000	12	mixed	[(6, 6), (9, 6)]	True	True	False	False	geometric5	2745740	9	6	2026-08-01	mixed_66-96	0.023244236778233764	0.023360261825402025	0.0016443791582287767	0.0054822375273145965	0.026886093592167027	0.061397633291625855	0.021390965557673915	0.01659652682560746	9.226176893652571	8.67519330798223	0.03273762209285259	1.0379197725807754	0.8350122452714439	0.6455787942371223	0.02
/vol/bitbucket/osella/rl-qecc-data/supervisedLearning/sweep2/g5_mix_66-96_H7_s7134066.pth	7	7134066	12	mixed	[(6, 6), (9, 6)]	True	True	False	False	geometric5	2745740	9	6	2026-08-01	mixed_66-96	0.023244236778233764	0.02430548015329411	0.0017305327527811424	0.005880069506162706	0.028815773547131916	0.06482481967828656	0.020276205282108394	0.01659652682560746	9.271993380490933	8.67519330798223	0.03403984231151417	0.9993633502983456	0.8239665783391533	0.6330310345987776	0.0
/vol/bitbucket/osella/rl-qecc-data/supervisedLearning/sweep2/g5_mix_66_H10_s466555.pth	10	466555	24	mixed	[(6, 6)]	True	False	False	False	geometric5	2745740	9	6	2026-08-01	mixed_66	0.023244236778233764	0.04196062255549663	0.005330237155738914	0.01684881338712217	0.05357998962981119	0.10777095495971435	0.026273117645096586	0.01659652682560746	10.16858700805541	8.67519330798223	0.05675982049653735	1.9154170848109933	0.6010455017205828	0.4319963623865237	0.0
/vol/bitbucket/osella/rl-qecc-data/supervisedLearning/sweep2/g5_mix_66_H3_s12345.pth	3	12345	24	mixed	[(6, 6)]	True	False	False	False	geometric5	2745740	9	6	2026-08-01	mixed_66	0.023244236778233764	0.04910932135822705	0.004105335895254116	0.01303171028623653	0.043675399788733735	0.15788724552831945	0.026846915292591856	0.01659652682560746	10.365552511976341	8.67519330798223	0.07660840504073291	1.9233872939744028	0.6000978444138576	0.42995745470778945	0.02
/vol/bitbucket/osella/rl-qecc-data/supervisedLearning/sweep2/g5_mix_66_H3_s54321.pth	3	54321	24	mixed	[(6, 6)]	True	False	False	False	geometric5	2745740	9	6	2026-08-01	mixed_66	0.023244236778233764	0.051785462283760436	0.0029224414805723575	0.009427493558956413	0.04162437981899995	0.1779155262622008	0.027037470298072627	0.01659652682560746	10.518153252562922	8.67519330798223	0.08508961520842596	1.9199341375458823	0.6391642681773877	0.4637123698487676	0.02
/vol/bitbucket/osella/rl-qecc-data/supervisedLearning/sweep2/g5_mix_66_H4_s3000.pth	4	3000	24	mixed	[(6, 6)]	True	False	False	False	geometric5	2745740	9	6	2026-08-01	mixed_66	0.023244236778233764	0.04352893747412751	0.0035613229598562106	0.011996197602335364	0.04384440602903902	0.13278941416206294	0.025453346617344382	0.01659652682560746	10.228462923066752	8.67519330798223	0.0635710218492409	2.303468924004228	0.6608514490072601	0.48476919025028486	0.02
/vol/bitbucket/osella/rl-qecc-data/supervisedLearning/sweep2/g5_mix_66_H4_s7134066.pth	4	7134066	24	mixed	[(6, 6)]	True	False	False	False	geometric5	2745740	9	6	2026-08-01	mixed_66	0.023244236778233764	0.05113213276695217	0.005276589332420687	0.01643632086943268	0.05462471097642301	0.15293392923222146	0.026389113424263023	0.01659652682560746	10.646170041943293	8.67519330798223	0.07615488608271324	2.4152618734464606	0.5351404914063396	0.38086599261694143	0.02
/vol/bitbucket/osella/rl-qecc-data/supervisedLearning/sweep2/g5_mix_66_H6_s466555.pth	6	466555	24	mixed	[(6, 6)]	True	False	False	False	geometric5	2745740	9	6	2026-08-01	mixed_66	0.023244236778233764	0.04752440699319917	0.006034088149915895	0.01826688584562151	0.05687389059635882	0.13041243915601877	0.026034731218081197	0.01659652682560746	10.747403335372868	8.67519330798223	0.06731693974842312	2.8451667102605267	0.5276579923614672	0.3759602622821336	0.04
/vol/bitbucket/osella/rl-qecc-data/supervisedLearning/sweep2/g5_mix_66_H7_s12345.pth	7	12345	24	mixed	[(6, 6)]	True	False	False	False	geometric5	2745740	9	6	2026-08-01	mixed_66	0.023244236778233764	0.04033796333598727	0.004037772793432574	0.012758534018743007	0.04351667765459992	0.11504816813931354	0.026328664073847596	0.01659652682560746	10.005215097481843	8.67519330798223	0.057892695205283895	1.8980867943438406	0.6394186415836516	0.4637112052906331	0.0
/vol/bitbucket/osella/rl-qecc-data/supervisedLearning/sweep2/g5_mix_66_H7_s54321.pth	7	54321	24	mixed	[(6, 6)]	True	False	False	False	geometric5	2745740	9	6	2026-08-01	mixed_66	0.023244236778233764	0.045974238701339126	0.0020287314166608835	0.0072272653911135305	0.0370156993738341	0.15709179520729843	0.02650770211778841	0.01659652682560746	10.253963417460945	8.67519330798223	0.07493946013332943	1.7558988325705889	0.6482091384649649	0.4679256177981709	0.02
/vol/bitbucket/osella/rl-qecc-data/supervisedLearning/sweep2/g5_ground_anch_H10_s3000.pth	10	3000	2	groundAnchored	[(6, 6), (9, 6), (12, 6), (15, 3)]	True	True	True	True	geometric5	18402947	5	15	2026-08-01	groundAnchored_66-96-126-153	0.020443871784302178	0.06975107426422499	0.005215319011738021	0.016364270465273015	0.07071832688319127	0.21399240848748252	0.04246504647343957	0.018820342920139812	12.701498281892748	9.340422154314146	0.09410929796052003	2.2587421878718836	0.470664382292804	0.3278014421173541	0.0
/vol/bitbucket/osella/rl-qecc-data/supervisedLearning/sweep2/g5_ground_anch_H10_s7134066.pth	10	7134066	2	groundAnchored	[(6, 6), (9, 6), (12, 6), (15, 3)]	True	True	True	True	geometric5	18402947	5	15	2026-08-01	groundAnchored_66-96-126-153	0.020443871784302178	0.07356097513681704	0.01005755716013085	0.02893925271318775	0.07820183640506956	0.20741645896923172	0.043189770436465984	0.018820342920139812	12.791231306195145	9.340422154314146	0.08817970590469024	4.66671185510044	0.34296421532640897	0.2384367647186557	0.0
/vol/bitbucket/osella/rl-qecc-data/supervisedLearning/sweep2/g5_ground_anch_H3_s466555.pth	3	466555	2	groundAnchored	[(6, 6), (9, 6), (12, 6), (15, 3)]	True	True	True	True	geometric5	18402947	5	15	2026-08-01	groundAnchored_66-96-126-153	0.020443871784302178	0.07812299195247493	0.0138443563911275	0.03735493709438443	0.09350362410875133	0.20169382522814663	0.04421821693996295	0.018820342920139812	13.341717969748732	9.340422154314146	0.09183329074046105	4.762044041392533	0.317253670966773	0.2213931576447851	0.02
/vol/bitbucket/osella/rl-qecc-data/supervisedLearning/sweep2/g5_ground_anch_H4_s12345.pth	4	12345	2	groundAnchored	[(6, 6), (9, 6), (12, 6), (15, 3)]	True	True	True	True	geometric5	18402947	5	15	2026-08-01	groundAnchored_66-96-126-153	0.020443871784302178	0.09833906362258187	0.006027849933708983	0.019408446347946428	0.08628121797746387	0.340867977135079	0.03910982671870842	0.018820342920139812	14.544075392379447	9.340422154314146	0.15741718950279987	2.8012436852521208	0.25226806708228944	0.172613150669128	0.0
/vol/bitbucket/osella/rl-qecc-data/supervisedLearning/sweep2/g5_ground_anch_H4_s54321.pth	4	54321	2	groundAnchored	[(6, 6), (9, 6), (12, 6), (15, 3)]	True	True	True	True	geometric5	18402947	5	15	2026-08-01	groundAnchored_66-96-126-153	0.020443871784302178	0.12094169658604126	0.04219804347375896	0.10790144274150056	0.22160552120659627	0.1876963561676155	0.045307119340732414	0.018820342920139812	16.922607434769	9.340422154314146	0.11402543835384274	9.358722240134142	0.1618968945572772	0.11008081411916987	0.0
/vol/bitbucket/osella/rl-qecc-data/supervisedLearning/sweep2/g5_ground_anch_H6_s3000.pth	6	3000	2	groundAnchored	[(6, 6), (9, 6), (12, 6), (15, 3)]	True	True	True	True	geometric5	18402947	5	15	2026-08-01	groundAnchored_66-96-126-153	0.020443871784302178	0.05684644248837739	0.006484689944171277	0.020621499931033384	0.06635683325113995	0.14526217349727508	0.0455070158182683	0.018820342920139812	12.624116378210461	9.340422154314146	0.06005076721569093	6.857679815128933	0.4969768174577891	0.345183089999046	0.0
/vol/bitbucket/osella/rl-qecc-data/supervisedLearning/sweep2/g5_ground_anch_H6_s7134066.pth	6	7134066	2	groundAnchored	[(6, 6), (9, 6), (12, 6), (15, 3)]	True	True	True	True	geometric5	18402947	5	15	2026-08-01	groundAnchored_66-96-126-153	0.020443871784302178	0.06436283318961603	0.004993923726549501	0.01565493143474658	0.0674811622773426	0.18888215697407926	0.04480199153536232	0.018820342920139812	12.726811055201141	9.340422154314146	0.08102697489036777	2.8841997609936283	0.5237234467549599	0.3670548183356998	0.0
/vol/bitbucket/osella/rl-qecc-data/supervisedLearning/sweep2/g5_ground_anch_H7_s466555.pth	7	466555	2	groundAnchored	[(6, 6), (9, 6), (12, 6), (15, 3)]	True	True	True	True	geometric5	18402947	5	15	2026-08-01	groundAnchored_66-96-126-153	0.020443871784302178	0.099596352629828	0.004518204868232971	0.014798795108003115	0.09165448710730378	0.34469760145700024	0.04231267460860106	0.018820342920139812	15.679549941527581	9.340422154314146	0.15762021863176906	2.5290042107264643	0.4079413861957196	0.2799990194308679	0.0
/vol/bitbucket/osella/rl-qecc-data/supervisedLearning/sweep2/g5_ground_pure_H10_s12345.pth	10	12345	2	groundPure	[(6, 6), (9, 6), (12, 6), (15, 3)]	True	True	True	True	geometric5	18402947	5	15	2026-08-01	groundPure_66-96-126-153	0.020443871784302178	0.07409560160409104	0.005804268712516245	0.017975675914255154	0.07257138632729465	0.23786090244953345	0.03626577461685732	0.018820342920139812	12.476492831651408	9.340422154314146	0.11071715893450544	2.0885370710604065	0.5082832470490751	0.35503962688973867	0.0
/vol/bitbucket/osella/rl-qecc-data/supervisedLearning/sweep2/g5_ground_pure_H10_s54321.pth	10	54321	2	groundPure	[(6, 6), (9, 6), (12, 6), (15, 3)]	True	True	True	True	geometric5	18402947	5	15	2026-08-01	groundPure_66-96-126-153	0.020443871784302178	0.07257607809382509	0.004800392645399855	0.014921160907023886	0.07509147509502047	0.23078334261702854	0.03728401920465273	0.018820342920139812	12.638584934147211	9.340422154314146	0.10755793911158847	2.093095346533847	0.5196846285544994	0.3641753254798049	0.0
/vol/bitbucket/osella/rl-qecc-data/supervisedLearning/sweep2/g5_ground_pure_H3_s3000.pth	3	3000	2	groundPure	[(6, 6), (9, 6), (12, 6), (15, 3)]	True	True	True	True	geometric5	18402947	5	15	2026-08-01	groundPure_66-96-126-153	0.020443871784302178	0.10324172508432373	0.006955181861386052	0.020832992162855054	0.08545902293675096	0.36203340481630514	0.04092802364432285	0.018820342920139812	15.08402070878983	9.340422154314146	0.1653728775857679	2.7726284534183394	0.20570086162390888	0.13980763810109278	0.0
/vol/bitbucket/osella/rl-qecc-data/supervisedLearning/sweep2/g5_ground_pure_H3_s7134066.pth	3	7134066	2	groundPure	[(6, 6), (9, 6), (12, 6), (15, 3)]	True	True	True	True	geometric5	18402947	5	15	2026-08-01	groundPure_66-96-126-153	0.020443871784302178	0.0818022195215561	0.006978768833853055	0.018989463938581256	0.07478291638124529	0.2683517809746019	0.0399081674794996	0.018820342920139812	13.21819055383781	9.340422154314146	0.12315012770828823	2.38881386931825	0.4022107461759749	0.2804338400687883	0.0
/vol/bitbucket/osella/rl-qecc-data/supervisedLearning/sweep2/g5_ground_pure_H4_s466555.pth	4	466555	2	groundPure	[(6, 6), (9, 6), (12, 6), (15, 3)]	True	True	True	True	geometric5	18402947	5	15	2026-08-01	groundPure_66-96-126-153	0.020443871784302178	0.09821449732564339	0.018876898832690198	0.06129848045940432	0.16414226896952286	0.20121120449011748	0.045543633876480825	0.018820342920139812	16.125252698087117	9.340422154314146	0.10475000511419598	8.268969526303731	0.14900739552533793	0.10323600173249917	0.0
/vol/bitbucket/osella/rl-qecc-data/supervisedLearning/sweep2/g5_ground_pure_H6_s12345.pth	6	12345	2	groundPure	[(6, 6), (9, 6), (12, 6), (15, 3)]	True	True	True	True	geometric5	18402947	5	15	2026-08-01	groundPure_66-96-126-153	0.020443871784302178	0.10257134075710328	0.007479115399031683	0.020937755362342544	0.09338768219550811	0.3499647250621771	0.041087425766455826	0.018820342920139812	15.020103359917416	9.340422154314146	0.161511746727398	2.489083606344384	0.44258237226238845	0.31475194484716207	0.0
/vol/bitbucket/osella/rl-qecc-data/supervisedLearning/sweep2/g5_ground_pure_H6_s54321.pth	6	54321	2	groundPure	[(6, 6), (9, 6), (12, 6), (15, 3)]	True	True	True	True	geometric5	18402947	5	15	2026-08-01	groundPure_66-96-126-153	0.020443871784302178	0.08985379197864038	0.004734746688397159	0.016099591737372007	0.08386082727832493	0.30304400285185573	0.041529791337250696	0.018820342920139812	14.375438496622468	9.340422154314146	0.13731750048843988	2.7779999836304166	0.4525286740186712	0.31281931894891546	0.0
/vol/bitbucket/osella/rl-qecc-data/supervisedLearning/sweep2/g5_ground_pure_H7_s3000.pth	7	3000	2	groundPure	[(6, 6), (9, 6), (12, 6), (15, 3)]	True	True	True	True	geometric5	18402947	5	15	2026-08-01	groundPure_66-96-126-153	0.020443871784302178	0.060743706622151776	0.005236192534662279	0.01709017107016687	0.0688863172718586	0.1738529930889854	0.03865285914508573	0.018820342920139812	11.954395410220236	9.340422154314146	0.07920249601827595	2.8797100071544124	0.46459102201860786	0.32245518698451137	0.0
/vol/bitbucket/osella/rl-qecc-data/supervisedLearning/sweep2/g5_ground_pure_H7_s7134066.pth	7	7134066	2	groundPure	[(6, 6), (9, 6), (12, 6), (15, 3)]	True	True	True	True	geometric5	18402947	5	15	2026-08-01	groundPure_66-96-126-153	0.020443871784302178	0.07908477680335341	0.006865574608049122	0.01940529569433777	0.07848005252494752	0.2456006381760652	0.04507232301336601	0.018820342920139812	13.797681443655392	9.340422154314146	0.10819486174314552	4.088943169923717	0.4074921338011497	0.2850760376781	0.0
/vol/bitbucket/osella/rl-qecc-data/supervisedLearning/sweep2/g5_mix_66-96-126-153_H10_s466555.pth	10	466555	6	mixed	[(6, 6), (9, 6), (12, 6), (15, 3)]	True	True	True	True	geometric5	18402947	5	15	2026-08-01	mixed_66-96-126-153	0.020443871784302178	0.0651213538932639	0.009320810001863265	0.026153278678776506	0.08597774111920481	0.16091905609289112	0.043235883573583524	0.018820342920139812	12.92220475446873	9.340422154314146	0.07625590922633936	4.8379476354875175	0.4301949021501631	0.30354882568630326	0.0
/vol/bitbucket/osella/rl-qecc-data/supervisedLearning/sweep2/g5_mix_66-96-126-153_H3_s12345.pth	3	12345	6	mixed	[(6, 6), (9, 6), (12, 6), (15, 3)]	True	True	True	True	geometric5	18402947	5	15	2026-08-01	mixed_66-96-126-153	0.020443871784302178	0.05585094459258638	0.01967051920485201	0.03793301023005965	0.09028681754036792	0.08591458080503642	0.04544979518261576	0.018820342920139812	13.46288911869449	9.340422154314146	0.05278793214676753	2.6671330144608607	0.43971760534352244	0.3099440233188006	0.0
/vol/bitbucket/osella/rl-qecc-data/supervisedLearning/sweep2/g5_mix_66-96-126-153_H3_s54321.pth	3	54321	6	mixed	[(6, 6), (9, 6), (12, 6), (15, 3)]	True	True	True	True	geometric5	18402947	5	15	2026-08-01	mixed_66-96-126-153	0.020443871784302178	0.09076743219968887	0.006235201877172186	0.01780248613467371	0.09062291815337127	0.30325158055206825	0.03592497428115875	0.018820342920139812	13.92090987412509	9.340422154314146	0.14603101934780194	2.022110894753567	0.534656622136536	0.3834027707798559	0.02
/vol/bitbucket/osella/rl-qecc-data/supervisedLearning/sweep2/g5_mix_66-96-126-153_H4_s3000.pth	4	3000	6	mixed	[(6, 6), (9, 6), (12, 6), (15, 3)]	True	True	True	True	geometric5	18402947	5	15	2026-08-01	mixed_66-96-126-153	0.020443871784302178	0.085919052243588	0.012558212581039795	0.03173823512689815	0.10039130251101575	0.24069884658157178	0.04420866441741228	0.018820342920139812	14.069164334312415	9.340422154314146	0.11378351923359044	3.6489848341165523	0.4412641037728146	0.319263913238479	0.0
/vol/bitbucket/osella/rl-qecc-data/supervisedLearning/sweep2/g5_mix_66-96-126-153_H4_s7134066.pth	4	7134066	6	mixed	[(6, 6), (9, 6), (12, 6), (15, 3)]	True	True	True	True	geometric5	18402947	5	15	2026-08-01	mixed_66-96-126-153	0.020443871784302178	0.07529246653217558	0.01081044986850894	0.028576465615098766	0.0979293259315917	0.20165457468891462	0.037491516556761674	0.018820342920139812	12.91065772345974	9.340422154314146	0.1003358559442957	2.0937165551944377	0.4829106536843215	0.3471906305414677	0.0
/vol/bitbucket/osella/rl-qecc-data/supervisedLearning/sweep2/g5_mix_66-96-126-153_H6_s466555.pth	6	466555	6	mixed	[(6, 6), (9, 6), (12, 6), (15, 3)]	True	True	True	True	geometric5	18402947	5	15	2026-08-01	mixed_66-96-126-153	0.020443871784302178	0.06605899750332783	0.005632231032520583	0.01616950951548692	0.08195128406505582	0.18220097259214488	0.044340990311431024	0.018820342920139812	13.61462301209051	9.340422154314146	0.0826725564711994	4.062188921728949	0.5315020044672196	0.37279987470669285	0.0
/vol/bitbucket/osella/rl-qecc-data/supervisedLearning/sweep2/g5_mix_66-96-126-153_H7_s12345.pth	7	12345	6	mixed	[(6, 6), (9, 6), (12, 6), (15, 3)]	True	True	True	True	geometric5	18402947	5	15	2026-08-01	mixed_66-96-126-153	0.020443871784302178	0.06315462275631582	0.03244374268819657	0.05818584950270882	0.09852853527023667	0.08478052086383993	0.041834465456597025	0.018820342920139812	12.96059017920513	9.340422154314146	0.06049567885756894	4.211980578331967	0.43942679274197965	0.3099647503265683	0.0
/vol/bitbucket/osella/rl-qecc-data/supervisedLearning/sweep2/g5_mix_66-96-126-153_H7_s54321.pth	7	54321	6	mixed	[(6, 6), (9, 6), (12, 6), (15, 3)]	True	True	True	True	geometric5	18402947	5	15	2026-08-01	mixed_66-96-126-153	0.020443871784302178	0.08303809790598181	0.009350152909389012	0.02394999583607253	0.09763510791468061	0.2451567127142987	0.03909852015546894	0.018820342920139812	13.856039197430936	9.340422154314146	0.11778206998759481	2.525414076433174	0.48740320157345846	0.3487053546672533	0.0
/vol/bitbucket/osella/rl-qecc-data/supervisedLearning/sweep2/g5_mix_66-96-126_H10_s3000.pth	10	3000	8	mixed	[(6, 6), (9, 6), (12, 6)]	True	True	True	False	geometric5	18402947	5	15	2026-08-01	mixed_66-96-126	0.020443871784302178	0.06614045773302042	0.005493802264746537	0.015415785542387688	0.07711205090844624	0.1899732334091822	0.04270741654033738	0.018820342920139812	12.824340925041977	9.340422154314146	0.0861189562821468	4.106387049220802	0.5250903847852457	0.3683515004777362	0.0
/vol/bitbucket/osella/rl-qecc-data/supervisedLearning/sweep2/g5_mix_66-96-126_H10_s7134066.pth	10	7134066	8	mixed	[(6, 6), (9, 6), (12, 6)]	True	True	True	False	geometric5	18402947	5	15	2026-08-01	mixed_66-96-126	0.020443871784302178	0.11105177927975589	0.006615167174681647	0.018833076584007253	0.09205219917001728	0.40186836211769184	0.03589009135237957	0.018820342920139812	15.614583749220905	9.340422154314146	0.1923625085090931	2.058654300301562	0.3770533795631002	0.26460900343406385	0.0
/vol/bitbucket/osella/rl-qecc-data/supervisedLearning/sweep2/g5_mix_66-96-126_H3_s466555.pth	3	466555	8	mixed	[(6, 6), (9, 6), (12, 6)]	True	True	True	False	geometric5	18402947	5	15	2026-08-01	mixed_66-96-126	0.020443871784302178	0.07191290894551473	0.005350351095108117	0.01674216848195839	0.06685092501087171	0.2294529911163711	0.0411681090232648	0.018820342920139812	12.538545774973915	9.340422154314146	0.10084516671896689	4.1625129896352	0.48968102581626677	0.34031031679451107	0.0
/vol/bitbucket/osella/rl-qecc-data/supervisedLearning/sweep2/g5_mix_66-96-126_H4_s12345.pth	4	12345	8	mixed	[(6, 6), (9, 6), (12, 6)]	True	True	True	False	geometric5	18402947	5	15	2026-08-01	mixed_66-96-126	0.020443871784302178	0.09552260017783497	0.004935956381076369	0.01601451769110682	0.08012762257968072	0.337760136548041	0.03877476768926898	0.018820342920139812	14.116235964149979	9.340422154314146	0.15699065426412506	2.567345565626378	0.41913840094265176	0.29113586734301966	0.0
/vol/bitbucket/osella/rl-qecc-data/supervisedLearning/sweep2/g5_mix_66-96-126_H4_s54321.pth	4	54321	8	mixed	[(6, 6), (9, 6), (12, 6)]	True	True	True	False	geometric5	18402947	5	15	2026-08-01	mixed_66-96-126	0.020443871784302178	0.10243911642264113	0.007316772028165565	0.020860654313302068	0.08392074613136354	0.36081901067752387	0.0392783989628495	0.018820342920139812	14.65252784963454	9.340422154314146	0.168638227113694	2.1062304102002907	0.32699539271332095	0.22860529825252568	0.0
/vol/bitbucket/osella/rl-qecc-data/supervisedLearning/sweep2/g5_mix_66-96-126_H6_s3000.pth	6	3000	8	mixed	[(6, 6), (9, 6), (12, 6)]	True	True	True	False	geometric5	18402947	5	15	2026-08-01	mixed_66-96-126	0.020443871784302178	0.05907048042297027	0.004915256155544005	0.014915612558707365	0.06739746675452686	0.1677196238240953	0.04040444282197648	0.018820342920139812	11.815948500303922	9.340422154314146	0.07577893857072081	3.0071643799021683	0.554624999184381	0.3954639185873709	0.0
/vol/bitbucket/osella/rl-qecc-data/supervisedLearning/sweep2/g5_mix_66-96-126_H6_s7134066.pth	6	7134066	8	mixed	[(6, 6), (9, 6), (12, 6)]	True	True	True	False	geometric5	18402947	5	15	2026-08-01	mixed_66-96-126	0.020443871784302178	0.06527348987687	0.005175938695454378	0.015317509721638508	0.06735511875864977	0.19599861269467017	0.04252026951393902	0.018820342920139812	12.783021077612318	9.340422154314146	0.08743406290277883	3.4869233539002797	0.5193728535238796	0.36346905845360494	0.0
/vol/bitbucket/osella/rl-qecc-data/supervisedLearning/sweep2/g5_mix_66-96-126_H7_s466555.pth	7	466555	8	mixed	[(6, 6), (9, 6), (12, 6)]	True	True	True	False	geometric5	18402947	5	15	2026-08-01	mixed_66-96-126	0.020443871784302178	0.08250283046062311	0.005785422808701168	0.01690517500731804	0.07303057081917515	0.281254663534716	0.035538320133208325	0.018820342920139812	12.81521479259016	9.340422154314146	0.13670360845461174	1.7866239422249872	0.5780750937538875	0.41122325703190676	0.0
/vol/bitbucket/osella/rl-qecc-data/supervisedLearning/sweep2/g5_mix_66-96_H10_s12345.pth	10	12345	12	mixed	[(6, 6), (9, 6)]	True	True	False	False	geometric5	18402947	5	15	2026-08-01	mixed_66-96	0.020443871784302178	0.06903163049651122	0.004971960151757632	0.014914201260563751	0.07089209068100041	0.21430603862282022	0.04007386176641365	0.018820342920139812	12.553190904358557	9.340422154314146	0.09703523236105174	2.2263294101165956	0.6008172868058524	0.42771194577200433	0.0
/vol/bitbucket/osella/rl-qecc-data/supervisedLearning/sweep2/g5_mix_66-96_H10_s54321.pth	10	54321	12	mixed	[(6, 6), (9, 6)]	True	True	False	False	geometric5	18402947	5	15	2026-08-01	mixed_66-96	0.020443871784302178	0.061957039316801826	0.006826053413391666	0.01905834323415752	0.07212760087421505	0.17397185589911668	0.03780134316312572	0.018820342920139812	12.114941978936582	9.340422154314146	0.08217897451365759	2.397388194826046	0.5439898957468027	0.3877993346089529	0.0
/vol/bitbucket/osella/rl-qecc-data/supervisedLearning/sweep2/g5_mix_66-96_H3_s3000.pth	3	3000	12	mixed	[(6, 6), (9, 6)]	True	True	False	False	geometric5	18402947	5	15	2026-08-01	mixed_66-96	0.020443871784302178	0.10428131847146412	0.008131424809707652	0.023078345464092896	0.07774981353373471	0.3723763920380616	0.04007061651172308	0.018820342920139812	14.692576080747353	9.340422154314146	0.16862324982812688	3.1732505458112623	0.35512885269179845	0.25406398304841066	0.0
/vol/bitbucket/osella/rl-qecc-data/supervisedLearning/sweep2/g5_mix_66-96_H3_s7134066.pth	3	7134066	12	mixed	[(6, 6), (9, 6)]	True	True	False	False	geometric5	18402947	5	15	2026-08-01	mixed_66-96	0.020443871784302178	0.08449829572406621	0.009588828014078494	0.029673044526111903	0.08074801230099002	0.2619245668307442	0.040557026948405774	0.018820342920139812	13.104741390547298	9.340422154314146	0.1159745257775314	4.547715510485579	0.21311567869522996	0.14831416963226213	0.0
/vol/bitbucket/osella/rl-qecc-data/supervisedLearning/sweep2/g5_mix_66-96_H4_s466555.pth	4	466555	12	mixed	[(6, 6), (9, 6)]	True	True	False	False	geometric5	18402947	5	15	2026-08-01	mixed_66-96	0.020443871784302178	0.09055561458630174	0.006883945523081692	0.022371420606346264	0.07972891555122492	0.29941264035300336	0.04438115089785142	0.018820342920139812	13.939166380792525	9.340422154314146	0.12895511688437972	4.736699296387619	0.13961897488725755	0.09505115292364438	0.0
/vol/bitbucket/osella/rl-qecc-data/supervisedLearning/sweep2/g5_mix_66-96_H6_s12345.pth	6	12345	12	mixed	[(6, 6), (9, 6)]	True	True	False	False	geometric5	18402947	5	15	2026-08-01	mixed_66-96	0.020443871784302178	0.11758389121564812	0.011753429523041403	0.03195619769084907	0.09572644148566309	0.3959227477517178	0.052560639626967394	0.018820342920139812	15.364328817196016	9.340422154314146	0.1941035876347305	1.956777042484069	0.2533958770371708	0.17529274292586824	0.0
/vol/bitbucket/osella/rl-qecc-data/supervisedLearning/sweep2/g5_mix_66-96_H6_s54321.pth	6	54321	12	mixed	[(6, 6), (9, 6)]	True	True	False	False	geometric5	18402947	5	15	2026-08-01	mixed_66-96	0.020443871784302178	0.08018561084258408	0.00643928864197501	0.01836290013859088	0.07669025284907684	0.2589176669972098	0.04051794558606831	0.018820342920139812	13.36423141895172	9.340422154314146	0.11878258283107498	2.5348725507575054	0.4404414904509146	0.3065765636646095	0.0
/vol/bitbucket/osella/rl-qecc-data/supervisedLearning/sweep2/g5_mix_66-96_H7_s3000.pth	7	3000	12	mixed	[(6, 6), (9, 6)]	True	True	False	False	geometric5	18402947	5	15	2026-08-01	mixed_66-96	0.020443871784302178	0.05434713216273986	0.005867553290204588	0.015877829512211818	0.06761610045783058	0.14591120140611732	0.03646297614733323	0.018820342920139812	11.638234032872568	9.340422154314146	0.07152877035184345	1.7613468309155975	0.5507240261343137	0.39068767099750173	0.0
/vol/bitbucket/osella/rl-qecc-data/supervisedLearning/sweep2/g5_mix_66-96_H7_s7134066.pth	7	7134066	12	mixed	[(6, 6), (9, 6)]	True	True	False	False	geometric5	18402947	5	15	2026-08-01	mixed_66-96	0.020443871784302178	0.057921071938447116	0.0050617280514569825	0.015196835401518368	0.07783942173555337	0.15364949305921893	0.03785788144448848	0.018820342920139812	12.154838112190243	9.340422154314146	0.07636248198317962	2.0900988869305137	0.5270155460018149	0.36870744194351107	0.0
/vol/bitbucket/osella/rl-qecc-data/supervisedLearning/sweep2/g5_mix_66_H10_s466555.pth	10	466555	24	mixed	[(6, 6)]	True	False	False	False	geometric5	18402947	5	15	2026-08-01	mixed_66	0.020443871784302178	0.06783713530256281	0.015073719741193859	0.04968101878294889	0.14554793643771013	0.08497502092971414	0.04390798062124726	0.018820342920139812	12.902481287873067	9.340422154314146	0.05771258246560702	4.632752415009917	0.34001184561628855	0.23581076423492878	0.0
/vol/bitbucket/osella/rl-qecc-data/supervisedLearning/sweep2/g5_mix_66_H3_s12345.pth	3	12345	24	mixed	[(6, 6)]	True	False	False	False	geometric5	18402947	5	15	2026-08-01	mixed_66	0.020443871784302178	0.09186137686154178	0.007100481590654043	0.02135389886027401	0.0860484420122174	0.30247792728805134	0.04232613455651054	0.018820342920139812	14.060314926640343	9.340422154314146	0.13813453263313244	3.059482499652051	0.43750402177781483	0.3062634350237591	0.02
/vol/bitbucket/osella/rl-qecc-data/supervisedLearning/sweep2/g5_mix_66_H3_s54321.pth	3	54321	24	mixed	[(6, 6)]	True	False	False	False	geometric5	18402947	5	15	2026-08-01	mixed_66	0.020443871784302178	0.10242257417785311	0.004917381368084716	0.01581305537403949	0.08774563801649075	0.36355388711653486	0.04008290901411723	0.018820342920139812	15.152285485311129	9.340422154314146	0.17230073115457706	2.092044529095925	0.4343060946564549	0.3001400505373801	0.04
/vol/bitbucket/osella/rl-qecc-data/supervisedLearning/sweep2/g5_mix_66_H4_s3000.pth	4	3000	24	mixed	[(6, 6)]	True	False	False	False	geometric5	18402947	5	15	2026-08-01	mixed_66	0.020443871784302178	0.08463181136782214	0.01483858430945231	0.044214937767747174	0.11577817437898823	0.20594043537785023	0.042386925005072004	0.018820342920139812	13.674142515899478	9.340422154314146	0.10133322053414365	4.018124316240205	0.31147391155102694	0.2202785887140793	0.0
/vol/bitbucket/osella/rl-qecc-data/supervisedLearning/sweep2/g5_mix_66_H4_s7134066.pth	4	7134066	24	mixed	[(6, 6)]	True	False	False	False	geometric5	18402947	5	15	2026-08-01	mixed_66	0.020443871784302178	0.08871120271310393	0.011949054979875999	0.03403825819090163	0.09887208037095466	0.25759831249246223	0.041098307531324936	0.018820342920139812	13.927963225017642	9.340422154314146	0.12253198215361272	3.9972041662123146	0.29408326424728093	0.20579035532273354	0.0
/vol/bitbucket/osella/rl-qecc-data/supervisedLearning/sweep2/g5_mix_66_H6_s466555.pth	6	466555	24	mixed	[(6, 6)]	True	False	False	False	geometric5	18402947	5	15	2026-08-01	mixed_66	0.020443871784302178	0.060588909838535335	0.006288571237220123	0.020234004183441685	0.07302528086071804	0.15906051984312758	0.04433617306816891	0.018820342920139812	12.905803651221419	9.340422154314146	0.07013380045450965	4.045066066308396	0.4069704690971553	0.28179670938533724	0.02
/vol/bitbucket/osella/rl-qecc-data/supervisedLearning/sweep2/g5_mix_66_H7_s12345.pth	7	12345	24	mixed	[(6, 6)]	True	False	False	False	geometric5	18402947	5	15	2026-08-01	mixed_66	0.020443871784302178	0.06588081280333703	0.006229124732611647	0.017207588059396393	0.07048249142855101	0.19323658757490234	0.042248272221223876	0.018820342920139812	12.509761050579053	9.340422154314146	0.08636214355102363	2.923250671223236	0.5125217427326441	0.360999244502655	0.0
/vol/bitbucket/osella/rl-qecc-data/supervisedLearning/sweep2/g5_mix_66_H7_s54321.pth	7	54321	24	mixed	[(6, 6)]	True	False	False	False	geometric5	18402947	5	15	2026-08-01	mixed_66	0.020443871784302178	0.09038478563078631	0.0055354065522127145	0.01713870517787393	0.08149683029279395	0.3075930444273135	0.040159941703737656	0.018820342920139812	14.017880142550288	9.340422154314146	0.14005521444870137	2.4770690359243495	0.3867023413320102	0.2651526430500192	0.0
/vol/bitbucket/osella/rl-qecc-data/supervisedLearning/sweep2/g5_ground_anch_H10_s3000.pth	10	3000	2	groundAnchored	[(6, 6), (9, 6), (12, 6), (15, 3)]	True	True	True	True	geometric5	4412297	15	3	2026-08-01	groundAnchored_66-96-126-153	0.022257119563161308	0.06845760870870099	0.008851137676686448	0.028646775097635496	0.09125176519295476	0.18385390633338786	0.029684459242840168	0.020227998625672306	13.284407400604998	10.427155327325456	0.09184177013284196	1.809247346424209	0.5331597078632209	0.37548888786015794	0.0
/vol/bitbucket/osella/rl-qecc-data/supervisedLearning/sweep2/g5_ground_anch_H10_s7134066.pth	10	7134066	2	groundAnchored	[(6, 6), (9, 6), (12, 6), (15, 3)]	True	True	True	True	geometric5	4412297	15	3	2026-08-01	groundAnchored_66-96-126-153	0.022257119563161308	0.07525699418931642	0.0473968241750176	0.06763365527630127	0.09545870950392515	0.1324212125422362	0.03337456944910185	0.020227998625672306	14.80822400812828	10.427155327325456	0.07478094381632146	1.811330427266391	0.3899878768421273	0.27141714548331686	0.0
/vol/bitbucket/osella/rl-qecc-data/supervisedLearning/sweep2/g5_ground_anch_H3_s466555.pth	3	466555	2	groundAnchored	[(6, 6), (9, 6), (12, 6), (15, 3)]	True	True	True	True	geometric5	4412297	15	3	2026-08-01	groundAnchored_66-96-126-153	0.022257119563161308	0.07705459633728494	0.01235855878333092	0.030470657224523214	0.08393930639466601	0.22766132575854034	0.030843133525364348	0.020227998625672306	13.462149125301252	10.427155327325456	0.11136891314912017	1.8188214604007467	0.4701790212612197	0.3296970423383288	0.02
/vol/bitbucket/osella/rl-qecc-data/supervisedLearning/sweep2/g5_ground_anch_H4_s12345.pth	4	12345	2	groundAnchored	[(6, 6), (9, 6), (12, 6), (15, 3)]	True	True	True	True	geometric5	4412297	15	3	2026-08-01	groundAnchored_66-96-126-153	0.022257119563161308	0.06429168917847028	0.010526891999281418	0.027821547005078183	0.08702003391117712	0.16406664094239853	0.032023332034416464	0.020227998625672306	13.365729206138415	10.427155327325456	0.08492159159585641	1.8035368548269732	0.49206964112160556	0.3438063885848703	0.02
/vol/bitbucket/osella/rl-qecc-data/supervisedLearning/sweep2/g5_ground_anch_H4_s54321.pth	4	54321	2	groundAnchored	[(6, 6), (9, 6), (12, 6), (15, 3)]	True	True	True	True	geometric5	4412297	15	3	2026-08-01	groundAnchored_66-96-126-153	0.022257119563161308	0.054064326797411376	0.016225319538194127	0.033974078967478956	0.07298744995530486	0.117174664149437	0.029960121376641252	0.020227998625672306	12.579528610667396	10.427155327325456	0.06037278496261362	1.826519421987058	0.5135008196396347	0.3589250025929225	0.06
/vol/bitbucket/osella/rl-qecc-data/supervisedLearning/sweep2/g5_ground_anch_H6_s3000.pth	6	3000	2	groundAnchored	[(6, 6), (9, 6), (12, 6), (15, 3)]	True	True	True	True	geometric5	4412297	15	3	2026-08-01	groundAnchored_66-96-126-153	0.022257119563161308	0.05907792449344901	0.0073020701197719215	0.023131268687997218	0.09188054989800107	0.14311556114571333	0.029960172615761133	0.020227998625672306	13.201133181562547	10.427155327325456	0.07433651090287549	1.8247955995260299	0.485204900724645	0.3387420539476353	0.04
/vol/bitbucket/osella/rl-qecc-data/supervisedLearning/sweep2/g5_ground_anch_H6_s7134066.pth	6	7134066	2	groundAnchored	[(6, 6), (9, 6), (12, 6), (15, 3)]	True	True	True	True	geometric5	4412297	15	3	2026-08-01	groundAnchored_66-96-126-153	0.022257119563161308	0.06884666106534162	0.010665445972858217	0.028936797353692784	0.09026486911019242	0.1837540379619775	0.030612154927987283	0.020227998625672306	13.820574005136772	10.427155327325456	0.09012243190521702	1.815438887367798	0.47645899137803255	0.33258266372070383	0.02
/vol/bitbucket/osella/rl-qecc-data/supervisedLearning/sweep2/g5_ground_anch_H7_s466555.pth	7	466555	2	groundAnchored	[(6, 6), (9, 6), (12, 6), (15, 3)]	True	True	True	True	geometric5	4412297	15	3	2026-08-01	groundAnchored_66-96-126-153	0.022257119563161308	0.0635331361798748	0.005424605008520371	0.02104581110442161	0.10358502375018026	0.15799046817801798	0.02961977285823384	0.020227998625672306	14.040158265222264	10.427155327325456	0.08528664574779647	1.8213087763213143	0.4223430228415689	0.289613749182541	0.02
/vol/bitbucket/osella/rl-qecc-data/supervisedLearning/sweep2/g5_ground_pure_H10_s12345.pth	10	12345	2	groundPure	[(6, 6), (9, 6), (12, 6), (15, 3)]	True	True	True	True	geometric5	4412297	15	3	2026-08-01	groundPure_66-96-126-153	0.022257119563161308	0.057889556673401385	0.008935165726901588	0.03093097075350274	0.07563154613065738	0.14212202493664888	0.0318280758192952	0.020227998625672306	12.547121328583161	10.427155327325456	0.07536004215498217	1.800576756398966	0.40539178463220776	0.28071532613921346	0.06
/vol/bitbucket/osella/rl-qecc-data/supervisedLearning/sweep2/g5_ground_pure_H10_s54321.pth	10	54321	2	groundPure	[(6, 6), (9, 6), (12, 6), (15, 3)]	True	True	True	True	geometric5	4412297	15	3	2026-08-01	groundPure_66-96-126-153	0.022257119563161308	0.06594378951389923	0.014482362947703921	0.028757681059645327	0.0822384200683788	0.17397231925249051	0.03026816424127734	0.020227998625672306	12.984745629334327	10.427155327325456	0.08927126673043394	1.8132217712269192	0.5472967971971915	0.3878363892410584	0.02
/vol/bitbucket/osella/rl-qecc-data/supervisedLearning/sweep2/g5_ground_pure_H3_s3000.pth	3	3000	2	groundPure	[(6, 6), (9, 6), (12, 6), (15, 3)]	True	True	True	True	geometric5	4412297	15	3	2026-08-01	groundPure_66-96-126-153	0.022257119563161308	0.06034412128944381	0.005539475079195319	0.02135982091753131	0.10065483345282321	0.14453403476163199	0.02963244223603748	0.020227998625672306	13.68720175293657	10.427155327325456	0.0798444524115358	1.8299087826773421	0.36422464630342183	0.2560694397069084	0.0
/vol/bitbucket/osella/rl-qecc-data/supervisedLearning/sweep2/g5_ground_pure_H3_s7134066.pth	3	7134066	2	groundPure	[(6, 6), (9, 6), (12, 6), (15, 3)]	True	True	True	True	geometric5	4412297	15	3	2026-08-01	groundPure_66-96-126-153	0.022257119563161308	0.08793543847908188	0.005483215108724551	0.02113731172409225	0.11474976747582491	0.26836546853288934	0.029941429553879205	0.020227998625672306	15.91201534253673	10.427155327325456	0.13064289754280647	1.809618296169486	0.5757251284339424	0.4075862406479641	0.02
/vol/bitbucket/osella/rl-qecc-data/supervisedLearning/sweep2/g5_ground_pure_H4_s466555.pth	4	466555	2	groundPure	[(6, 6), (9, 6), (12, 6), (15, 3)]	True	True	True	True	geometric5	4412297	15	3	2026-08-01	groundPure_66-96-126-153	0.022257119563161308	0.07203512040651934	0.006628426379033608	0.023509715531156477	0.08899712429555666	0.2107613285181793	0.030279007308672067	0.020227998625672306	14.077090115457063	10.427155327325456	0.10088875038332487	1.811663864457217	0.5437181572583577	0.3834853516900099	0.02
/vol/bitbucket/osella/rl-qecc-data/supervisedLearning/sweep2/g5_ground_pure_H6_s12345.pth	6	12345	2	groundPure	[(6, 6), (9, 6), (12, 6), (15, 3)]	True	True	True	True	geometric5	4412297	15	3	2026-08-01	groundPure_66-96-126-153	0.022257119563161308	0.05919984832964061	0.00579674915031812	0.02048947185113008	0.09841391568163321	0.1415920659657035	0.029707038999418494	0.020227998625672306	13.688902683326448	10.427155327325456	0.07793941093410373	1.8139269794845965	0.526787712538397	0.3714949803055988	0.02
/vol/bitbucket/osella/rl-qecc-data/supervisedLearning/sweep2/g5_ground_pure_H6_s54321.pth	6	54321	2	groundPure	[(6, 6), (9, 6), (12, 6), (15, 3)]	True	True	True	True	geometric5	4412297	15	3	2026-08-01	groundPure_66-96-126-153	0.022257119563161308	0.0704575374335141	0.005423822609940793	0.021172896461481377	0.11021910503630146	0.1850172519225533	0.03045461113729423	0.020227998625672306	14.526772372643206	10.427155327325456	0.10013002339406184	1.8214687982431075	0.5338287892964089	0.37591250362482076	0.0
/vol/bitbucket/osella/rl-qecc-data/supervisedLearning/sweep2/g5_ground_pure_H7_s3000.pth	7	3000	2	groundPure	[(6, 6), (9, 6), (12, 6), (15, 3)]	True	True	True	True	geometric5	4412297	15	3	2026-08-01	groundPure_66-96-126-153	0.022257119563161308	0.049521072230817836	0.006039736779871701	0.021636964789517366	0.08600109207848015	0.10285421659791122	0.031073350908308466	0.020227998625672306	12.991230663222062	10.427155327325456	0.06124803807099414	1.8255953475806452	0.4361434037564023	0.30391713876378573	0.0
/vol/bitbucket/osella/rl-qecc-data/supervisedLearning/sweep2/g5_ground_pure_H7_s7134066.pth	7	7134066	2	groundPure	[(6, 6), (9, 6), (12, 6), (15, 3)]	True	True	True	True	geometric5	4412297	15	3	2026-08-01	groundPure_66-96-126-153	0.022257119563161308	0.061252173964639244	0.013627227575415448	0.03978637441799848	0.1059856462156944	0.1172680799705469	0.029593541643540857	0.020227998625672306	13.818411498944563	10.427155327325456	0.06918416865339504	1.8091032710414965	0.4791316648638158	0.3354625448622752	0.0
/vol/bitbucket/osella/rl-qecc-data/supervisedLearning/sweep2/g5_mix_66-96-126-153_H10_s466555.pth	10	466555	6	mixed	[(6, 6), (9, 6), (12, 6), (15, 3)]	True	True	True	True	geometric5	4412297	15	3	2026-08-01	mixed_66-96-126-153	0.022257119563161308	0.03582648890914356	0.0068118942090456625	0.01969727960890869	0.049480425412902956	0.07212888169023411	0.0310139636246261	0.020227998625672306	11.400964650438471	10.427155327325456	0.044357812597717795	1.8212422492863805	0.6882633944689912	0.5025160263378239	0.08
/vol/bitbucket/osella/rl-qecc-data/supervisedLearning/sweep2/g5_mix_66-96-126-153_H3_s12345.pth	3	12345	6	mixed	[(6, 6), (9, 6), (12, 6), (15, 3)]	True	True	True	True	geometric5	4412297	15	3	2026-08-01	mixed_66-96-126-153	0.022257119563161308	0.03614527742526199	0.007169082544594792	0.020069596561476645	0.04947849527661238	0.0727128542554863	0.031296358488140316	0.020227998625672306	11.41512015431176	10.427155327325456	0.04468350893853464	1.799687004710715	0.6873718668838973	0.5017582159902054	0.02
/vol/bitbucket/osella/rl-qecc-data/supervisedLearning/sweep2/g5_mix_66-96-126-153_H3_s54321.pth	3	54321	6	mixed	[(6, 6), (9, 6), (12, 6), (15, 3)]	True	True	True	True	geometric5	4412297	15	3	2026-08-01	mixed_66-96-126-153	0.022257119563161308	0.03585615300961767	0.007010346479491682	0.01986754253263634	0.048890263766575015	0.0722101157612438	0.03130249650814174	0.020227998625672306	11.404594712991187	10.427155327325456	0.04439596705246379	1.8373108407703196	0.6881025585430909	0.5020390211250154	0.0
/vol/bitbucket/osella/rl-qecc-data/supervisedLearning/sweep2/g5_mix_66-96-126-153_H4_s3000.pth	4	3000	6	mixed	[(6, 6), (9, 6), (12, 6), (15, 3)]	True	True	True	True	geometric5	4412297	15	3	2026-08-01	mixed_66-96-126-153	0.022257119563161308	0.035697566935989376	0.006914249155670505	0.019591920431988243	0.048935920814199355	0.07210434676359005	0.030941397514498967	0.020227998625672306	11.404973569829695	10.427155327325456	0.04427361005852606	1.8139043832127977	0.6876306236477777	0.5021196277172543	0.02
/vol/bitbucket/osella/rl-qecc-data/supervisedLearning/sweep2/g5_mix_66-96-126-153_H4_s7134066.pth	4	7134066	6	mixed	[(6, 6), (9, 6), (12, 6), (15, 3)]	True	True	True	True	geometric5	4412297	15	3	2026-08-01	mixed_66-96-126-153	0.022257119563161308	0.035756393958132904	0.0068077353824254295	0.019535707643866005	0.04890358025861681	0.07286960717705071	0.030665339328705698	0.020227998625672306	11.424462851017456	10.427155327325456	0.04448902702550086	1.8153847651373096	0.6871072453969079	0.501208165437574	0.0
/vol/bitbucket/osella/rl-qecc-data/supervisedLearning/sweep2/g5_mix_66-96-126-153_H6_s466555.pth	6	466555	6	mixed	[(6, 6), (9, 6), (12, 6), (15, 3)]	True	True	True	True	geometric5	4412297	15	3	2026-08-01	mixed_66-96-126-153	0.022257119563161308	0.036617955371991126	0.0071444103289451345	0.020381299682064046	0.05150128856578931	0.0731321273323778	0.030930650950779116	0.020227998625672306	11.429028624403177	10.427155327325456	0.04477646713076043	1.8224495776074487	0.6799169630939329	0.495638412202073	0.04
/vol/bitbucket/osella/rl-qecc-data/supervisedLearning/sweep2/g5_mix_66-96-126-153_H7_s12345.pth	7	12345	6	mixed	[(6, 6), (9, 6), (12, 6), (15, 3)]	True	True	True	True	geometric5	4412297	15	3	2026-08-01	mixed_66-96-126-153	0.022257119563161308	0.0358278767095096	0.0070507361758587826	0.01980839308905733	0.048722972033033156	0.07245830462605805	0.031098977623539907	0.020227998625672306	11.406796533977303	10.427155327325456	0.04447544598032837	1.8096417071686408	0.6869430173334315	0.5011868349223356	0.02
/vol/bitbucket/osella/rl-qecc-data/supervisedLearning/sweep2/g5_mix_66-96-126-153_H7_s54321.pth	7	54321	6	mixed	[(6, 6), (9, 6), (12, 6), (15, 3)]	True	True	True	True	geometric5	4412297	15	3	2026-08-01	mixed_66-96-126-153	0.022257119563161308	0.03688577019676538	0.0075825695423369244	0.02095008711582068	0.05119087451239638	0.0735790574970297	0.031126262316243318	0.020227998625672306	11.445793638436518	10.427155327325456	0.04505179870342038	1.826225270095529	0.6730743537398135	0.48933357871502664	0.0
/vol/bitbucket/osella/rl-qecc-data/supervisedLearning/sweep2/g5_mix_66-96-126_H10_s3000.pth	10	3000	8	mixed	[(6, 6), (9, 6), (12, 6)]	True	True	True	False	geometric5	4412297	15	3	2026-08-01	mixed_66-96-126	0.022257119563161308	0.09334853087108277	0.050774451871301945	0.08921882558208162	0.15002016863482445	0.14699084735154458	0.0297383609156615	0.020227998625672306	15.404413793764975	10.427155327325456	0.09944874877886771	4.783682843237332	0.5571762838606319	0.3951527985152972	0.04
/vol/bitbucket/osella/rl-qecc-data/supervisedLearning/sweep2/g5_mix_66-96-126_H10_s7134066.pth	10	7134066	8	mixed	[(6, 6), (9, 6), (12, 6)]	True	True	True	False	geometric5	4412297	15	3	2026-08-01	mixed_66-96-126	0.022257119563161308	0.09651490881701333	0.022433294068858856	0.06068497757535221	0.17792615471424322	0.1916426105180967	0.029887507208515896	0.020227998625672306	15.94979622275101	10.427155327325456	0.12406446615862055	4.887932841793083	0.5780875065144254	0.4105116121908388	0.04
/vol/bitbucket/osella/rl-qecc-data/supervisedLearning/sweep2/g5_mix_66-96-126_H3_s466555.pth	3	466555	8	mixed	[(6, 6), (9, 6), (12, 6)]	True	True	True	False	geometric5	4412297	15	3	2026-08-01	mixed_66-96-126	0.022257119563161308	0.09458146414683018	0.018952386261692725	0.04887333767766174	0.1804507752853462	0.1945974479925029	0.030033373516948115	0.020227998625672306	15.925138162998108	10.427155327325456	0.1254199433843907	4.829184855147138	0.5257763364882871	0.3700011998192241	0.02
/vol/bitbucket/osella/rl-qecc-data/supervisedLearning/sweep2/g5_mix_66-96-126_H4_s12345.pth	4	12345	8	mixed	[(6, 6), (9, 6), (12, 6)]	True	True	True	False	geometric5	4412297	15	3	2026-08-01	mixed_66-96-126	0.022257119563161308	0.08273735809343143	0.010461408108442623	0.03023193877990218	0.1351787380151692	0.20774580563583325	0.03006889992780903	0.020227998625672306	16.30206832364159	10.427155327325456	0.12373900984243735	10.286983007075865	0.5684602096084582	0.4028085214898947	0.02
/vol/bitbucket/osella/rl-qecc-data/supervisedLearning/sweep2/g5_mix_66-96-126_H4_s54321.pth	4	54321	8	mixed	[(6, 6), (9, 6), (12, 6)]	True	True	True	False	geometric5	4412297	15	3	2026-08-01	mixed_66-96-126	0.022257119563161308	0.07758036718055569	0.022113834712124303	0.046984755044882684	0.10938214005516017	0.17962752815474659	0.029793577935864568	0.020227998625672306	14.255844297002335	10.427155327325456	0.10546029786436749	4.343488338961094	0.5761984511438258	0.4084946171545851	0.04
/vol/bitbucket/osella/rl-qecc-data/supervisedLearning/sweep2/g5_mix_66-96-126_H6_s3000.pth	6	3000	8	mixed	[(6, 6), (9, 6), (12, 6)]	True	True	True	False	geometric5	4412297	15	3	2026-08-01	mixed_66-96-126	0.022257119563161308	0.05643695493051992	0.009017659483891107	0.023967070389233718	0.06354457915532039	0.15598768762722462	0.029667777996929785	0.020227998625672306	13.06151984900832	10.427155327325456	0.08423350219219101	3.813617867380858	0.6140139821773902	0.4405927747426412	0.02
/vol/bitbucket/osella/rl-qecc-data/supervisedLearning/sweep2/g5_mix_66-96-126_H6_s7134066.pth	6	7134066	8	mixed	[(6, 6), (9, 6), (12, 6)]	True	True	True	False	geometric5	4412297	15	3	2026-08-01	mixed_66-96-126	0.022257119563161308	0.07384106574754964	0.010698890784979648	0.03107358502257502	0.11675344883677376	0.18069648691550927	0.029982917177910497	0.020227998625672306	15.042368148935646	10.427155327325456	0.10761954836605546	7.2906087314226955	0.5553998987135287	0.3937100466818328	0.06
/vol/bitbucket/osella/rl-qecc-data/supervisedLearning/sweep2/g5_mix_66-96-126_H7_s466555.pth	7	466555	8	mixed	[(6, 6), (9, 6), (12, 6)]	True	True	True	False	geometric5	4412297	15	3	2026-08-01	mixed_66-96-126	0.022257119563161308	0.08916856765678653	0.022607702866154707	0.05907104976661142	0.1602985977687971	0.17385868096871288	0.030006806913656987	0.020227998625672306	15.267501972574882	10.427155327325456	0.11311497964769096	6.431116023681387	0.614720150048102	0.43981214801804597	0.04
/vol/bitbucket/osella/rl-qecc-data/supervisedLearning/sweep2/g5_mix_66-96_H10_s12345.pth	10	12345	12	mixed	[(6, 6), (9, 6)]	True	True	False	False	geometric5	4412297	15	3	2026-08-01	mixed_66-96	0.022257119563161308	0.041816191607505396	0.008470724438938006	0.023255676773486025	0.0619054476914369	0.08480830867083758	0.030640800462828407	0.020227998625672306	12.370413039805692	10.427155327325456	0.05179598576162038	3.4459761955826913	0.5863967790854215	0.4165618963766875	0.0
/vol/bitbucket/osella/rl-qecc-data/supervisedLearning/sweep2/g5_mix_66-96_H10_s54321.pth	10	54321	12	mixed	[(6, 6), (9, 6)]	True	True	False	False	geometric5	4412297	15	3	2026-08-01	mixed_66-96	0.022257119563161308	0.0448497307543531	0.006787099626747071	0.021376565304324673	0.0627340395050134	0.10327890632949016	0.030072043006190353	0.020227998625672306	13.782650574905384	10.427155327325456	0.060469668808316716	4.9711027738296	0.5747965517868387	0.4067363612025591	0.0
/vol/bitbucket/osella/rl-qecc-data/supervisedLearning/sweep2/g5_mix_66-96_H3_s3000.pth	3	3000	12	mixed	[(6, 6), (9, 6)]	True	True	False	False	geometric5	4412297	15	3	2026-08-01	mixed_66-96	0.022257119563161308	0.06953833817808547	0.009183051641037613	0.029805027525022548	0.11043902306784531	0.16817748426597018	0.03008710439055176	0.020227998625672306	14.603563702982532	10.427155327325456	0.09947578853185232	3.2554896390295505	0.36224824580427367	0.25121181313669255	0.02
/vol/bitbucket/osella/rl-qecc-data/supervisedLearning/sweep2/g5_mix_66-96_H3_s7134066.pth	3	7134066	12	mixed	[(6, 6), (9, 6)]	True	True	False	False	geometric5	4412297	15	3	2026-08-01	mixed_66-96	0.022257119563161308	0.09371434578701045	0.04045573942373621	0.08739302628539025	0.1533857754989465	0.15731481256280966	0.030022375164169945	0.020227998625672306	15.844761295454587	10.427155327325456	0.10630894416213947	8.104035617713551	0.5527814305942838	0.3878569775160578	0.06
/vol/bitbucket/osella/rl-qecc-data/supervisedLearning/sweep2/g5_mix_66-96_H4_s466555.pth	4	466555	12	mixed	[(6, 6), (9, 6)]	True	True	False	False	geometric5	4412297	15	3	2026-08-01	mixed_66-96	0.022257119563161308	0.06552872198370376	0.03144028082924253	0.054741031644600216	0.09708022873847451	0.11204345613400264	0.03233861257219878	0.020227998625672306	12.741918266945266	10.427155327325456	0.06713175715463637	1.9123475719844627	0.5442215515110587	0.3848518271092789	0.04
/vol/bitbucket/osella/rl-qecc-data/supervisedLearning/sweep2/g5_mix_66-96_H6_s12345.pth	6	12345	12	mixed	[(6, 6), (9, 6)]	True	True	False	False	geometric5	4412297	15	3	2026-08-01	mixed_66-96	0.022257119563161308	0.051948072339619414	0.01228973674554743	0.03384249192020018	0.08741128862925487	0.09452309700010461	0.03167374740298963	0.020227998625672306	12.567856513097944	10.427155327325456	0.06064363755180077	2.136428161214526	0.5139544996334304	0.3615092293034427	0.0
/vol/bitbucket/osella/rl-qecc-data/supervisedLearning/sweep2/g5_mix_66-96_H6_s54321.pth	6	54321	12	mixed	[(6, 6), (9, 6)]	True	True	False	False	geometric5	4412297	15	3	2026-08-01	mixed_66-96	0.022257119563161308	0.043669014228381514	0.006320535192281442	0.02052806783323901	0.06821779435760733	0.08962640612511483	0.03365226763366464	0.020227998625672306	12.39195801529569	10.427155327325456	0.05312924867972342	2.295930883971765	0.5298111472495021	0.37162876574972326	0.0
/vol/bitbucket/osella/rl-qecc-data/supervisedLearning/sweep2/g5_mix_66-96_H7_s3000.pth	7	3000	12	mixed	[(6, 6), (9, 6)]	True	True	False	False	geometric5	4412297	15	3	2026-08-01	mixed_66-96	0.022257119563161308	0.04203143399994297	0.007792981252099604	0.021235563534408114	0.06029194506288572	0.0882248207910173	0.03261185935930454	0.020227998625672306	11.970029897196946	10.427155327325456	0.052204219687772946	2.1568521207948024	0.5986034755331525	0.4266798188336031	0.02
/vol/bitbucket/osella/rl-qecc-data/supervisedLearning/sweep2/g5_mix_66-96_H7_s7134066.pth	7	7134066	12	mixed	[(6, 6), (9, 6)]	True	True	False	False	geometric5	4412297	15	3	2026-08-01	mixed_66-96	0.022257119563161308	0.047475498894852135	0.006322163395902485	0.022014538121562215	0.082737599927047	0.09500530992838808	0.031297883101361244	0.020227998625672306	12.706609182415944	10.427155327325456	0.0575666970836624	2.6225434937116536	0.4731735109705934	0.32854279969663397	0.02
/vol/bitbucket/osella/rl-qecc-data/supervisedLearning/sweep2/g5_mix_66_H10_s466555.pth	10	466555	24	mixed	[(6, 6)]	True	False	False	False	geometric5	4412297	15	3	2026-08-01	mixed_66	0.022257119563161308	0.08235974651042063	0.027642324963340025	0.07476787776648139	0.15587714063116676	0.12326260144395122	0.030248787747164035	0.020227998625672306	14.426408665725047	10.427155327325456	0.08386254172591456	4.133452567973899	0.3081370289302673	0.2124737376300472	0.02
/vol/bitbucket/osella/rl-qecc-data/supervisedLearning/sweep2/g5_mix_66_H3_s12345.pth	3	12345	24	mixed	[(6, 6)]	True	False	False	False	geometric5	4412297	15	3	2026-08-01	mixed_66	0.022257119563161308	0.07898500802522193	0.022064744675074077	0.05425898726473412	0.11390300819583105	0.17400134353611071	0.030696956454358434	0.020227998625672306	14.065196994275817	10.427155327325456	0.0929919304355694	3.578645936284304	0.38266512148964976	0.2673900496048657	0.0
/vol/bitbucket/osella/rl-qecc-data/supervisedLearning/sweep2/g5_mix_66_H3_s54321.pth	3	54321	24	mixed	[(6, 6)]	True	False	False	False	geometric5	4412297	15	3	2026-08-01	mixed_66	0.022257119563161308	0.06854040999353525	0.009175563516721608	0.02782139583193783	0.09756135502349626	0.17598698389575998	0.032156751699760865	0.020227998625672306	13.737172896841694	10.427155327325456	0.09388753758229623	2.697783595710782	0.4339969401453569	0.30152945831369343	0.0
/vol/bitbucket/osella/rl-qecc-data/supervisedLearning/sweep2/g5_mix_66_H4_s3000.pth	4	3000	24	mixed	[(6, 6)]	True	False	False	False	geometric5	4412297	15	3	2026-08-01	mixed_66	0.022257119563161308	0.06528441127395272	0.019075117273522096	0.05567124426300508	0.12688922760458368	0.09478329707214143	0.0300031701565114	0.020227998625672306	13.642210550736863	10.427155327325456	0.0665902999896073	5.837053018898278	0.4369893969256326	0.3093986689521519	0.04
/vol/bitbucket/osella/rl-qecc-data/supervisedLearning/sweep2/g5_mix_66_H4_s7134066.pth	4	7134066	24	mixed	[(6, 6)]	True	False	False	False	geometric5	4412297	15	3	2026-08-01	mixed_66	0.022257119563161308	0.10379415876873677	0.03478522083417213	0.09818678085946689	0.20416615272526337	0.151632305154617	0.03020033427016288	0.020227998625672306	16.90121122379799	10.427155327325456	0.10372690586678376	7.997001093791506	0.23876410869841883	0.1657527069557642	0.0
/vol/bitbucket/osella/rl-qecc-data/supervisedLearning/sweep2/g5_mix_66_H6_s466555.pth	6	466555	24	mixed	[(6, 6)]	True	False	False	False	geometric5	4412297	15	3	2026-08-01	mixed_66	0.022257119563161308	0.08517938130170657	0.030941786364368215	0.08286867088821649	0.1630690183173394	0.11886633035873304	0.03015110057987643	0.020227998625672306	15.683805330790921	10.427155327325456	0.08268044587835004	4.9658678088679045	0.3008554693677268	0.21046261371904887	0.0
/vol/bitbucket/osella/rl-qecc-data/supervisedLearning/sweep2/g5_mix_66_H7_s12345.pth	7	12345	24	mixed	[(6, 6)]	True	False	False	False	geometric5	4412297	15	3	2026-08-01	mixed_66	0.022257119563161308	0.08186233277917629	0.024349718403378923	0.0664066202376015	0.14661659253561513	0.1411926651396585	0.030746067579626578	0.020227998625672306	14.487990609918755	10.427155327325456	0.08807647991348487	3.3797281495226237	0.29737491342960715	0.20560043539783276	0.0
/vol/bitbucket/osella/rl-qecc-data/supervisedLearning/sweep2/g5_mix_66_H7_s54321.pth	7	54321	24	mixed	[(6, 6)]	True	False	False	False	geometric5	4412297	15	3	2026-08-01	mixed_66	0.022257119563161308	0.06760715686247987	0.006150991753248057	0.0219585552863444	0.09306628266312783	0.18591428462252124	0.030945669987157497	0.020227998625672306	13.85599577556642	10.427155327325456	0.0949197297019975	2.3923571898235685	0.49016105041959196	0.33890857659507145	0.04
/vol/bitbucket/osella/rl-qecc-data/supervisedLearning/sweep2/g5_ground_anch_H10_s3000.pth	10	3000	2	groundAnchored	[(6, 6), (9, 6), (12, 6), (15, 3)]	True	True	True	True	geometric5	1353227	12	6	2026-08-01	groundAnchored_66-96-126-153	0.01850424850243222	0.05703994181088136	0.003013808605133945	0.01028546131897992	0.0528199528095617	0.2034725968342472	0.015607889486483973	0.01488279008886767	9.809881909430528	7.378381754377372	0.09462661771889723	2.4390934922833187	0.6898188738965266	0.5056985479965298	0.02
/vol/bitbucket/osella/rl-qecc-data/supervisedLearning/sweep2/g5_ground_anch_H10_s7134066.pth	10	7134066	2	groundAnchored	[(6, 6), (9, 6), (12, 6), (15, 3)]	True	True	True	True	geometric5	1353227	12	6	2026-08-01	groundAnchored_66-96-126-153	0.01850424850243222	0.06072426959799547	0.004128286153931316	0.013299008056320298	0.05555752039749188	0.21178731428257652	0.018849219099657758	0.01488279008886767	9.793285881851864	7.378381754377372	0.09957203428912002	2.4721652837366013	0.5778829434780276	0.4089168417819856	0.0
/vol/bitbucket/osella/rl-qecc-data/supervisedLearning/sweep2/g5_ground_anch_H3_s466555.pth	3	466555	2	groundAnchored	[(6, 6), (9, 6), (12, 6), (15, 3)]	True	True	True	True	geometric5	1353227	12	6	2026-08-01	groundAnchored_66-96-126-153	0.01850424850243222	0.07171879945412427	0.003142035070857007	0.010859333011480949	0.053138709119045266	0.26956507798287427	0.021888842086363415	0.01488279008886767	10.294662399475483	7.378381754377372	0.12952580592135887	2.457216147191436	0.6618702143301319	0.478715745751141	0.0
/vol/bitbucket/osella/rl-qecc-data/supervisedLearning/sweep2/g5_ground_anch_H4_s12345.pth	4	12345	2	groundAnchored	[(6, 6), (9, 6), (12, 6), (15, 3)]	True	True	True	True	geometric5	1353227	12	6	2026-08-01	groundAnchored_66-96-126-153	0.01850424850243222	0.07862209857019015	0.0033654119835336426	0.011054823775567792	0.059334063347384065	0.3002545141920559	0.019101679552409136	0.01488279008886767	10.941496059217581	7.378381754377372	0.1429882914883906	2.4379578113053078	0.6096377760324106	0.434793775811784	0.02
/vol/bitbucket/osella/rl-qecc-data/supervisedLearning/sweep2/g5_ground_anch_H4_s54321.pth	4	54321	2	groundAnchored	[(6, 6), (9, 6), (12, 6), (15, 3)]	True	True	True	True	geometric5	1353227	12	6	2026-08-01	groundAnchored_66-96-126-153	0.01850424850243222	0.06651075795908025	0.003374254624385333	0.010752652261057628	0.054828831839293955	0.24799062738003888	0.0156074236906249	0.01488279008886767	10.235512654127941	7.378381754377372	0.11512836117450387	2.450774699376268	0.6736416483635661	0.49165998227214414	0.02
/vol/bitbucket/osella/rl-qecc-data/supervisedLearning/sweep2/g5_ground_anch_H6_s3000.pth	6	3000	2	groundAnchored	[(6, 6), (9, 6), (12, 6), (15, 3)]	True	True	True	True	geometric5	1353227	12	6	2026-08-01	groundAnchored_66-96-126-153	0.01850424850243222	0.053925963550573476	0.006099991192894478	0.018611949250507524	0.056962936792816644	0.1725232209564194	0.015431719560229557	0.01488279008886767	9.588530114503756	7.378381754377372	0.0779890204113159	2.4651865914411153	0.5441103097534438	0.38311145067030566	0.02
/vol/bitbucket/osella/rl-qecc-data/supervisedLearning/sweep2/g5_ground_anch_H6_s7134066.pth	6	7134066	2	groundAnchored	[(6, 6), (9, 6), (12, 6), (15, 3)]	True	True	True	True	geometric5	1353227	12	6	2026-08-01	groundAnchored_66-96-126-153	0.01850424850243222	0.06293238983817158	0.0029680499715221574	0.010368070076111843	0.055231650797169095	0.23042694173234074	0.015667236613713963	0.01488279008886767	10.173238752323753	7.378381754377372	0.10721219003841247	2.425725505245229	0.6396326928593187	0.46132211115513966	0.0
/vol/bitbucket/osella/rl-qecc-data/supervisedLearning/sweep2/g5_ground_anch_H7_s466555.pth	7	466555	2	groundAnchored	[(6, 6), (9, 6), (12, 6), (15, 3)]	True	True	True	True	geometric5	1353227	12	6	2026-08-01	groundAnchored_66-96-126-153	0.01850424850243222	0.07069322895267219	0.00266823174425977	0.009347670396372035	0.06467125249670962	0.2597370927375367	0.017041897388482868	0.01488279008886767	10.810053698387351	7.378381754377372	0.1243688003966199	2.4582984464142843	0.6118559152972523	0.4381145606453844	0.0
/vol/bitbucket/osella/rl-qecc-data/supervisedLearning/sweep2/g5_ground_pure_H10_s12345.pth	10	12345	2	groundPure	[(6, 6), (9, 6), (12, 6), (15, 3)]	True	True	True	True	geometric5	1353227	12	6	2026-08-01	groundPure_66-96-126-153	0.01850424850243222	0.07495472288465362	0.0027759501627341887	0.009956996455168265	0.06140899487149522	0.2804758969986969	0.020155775935173745	0.01488279008886767	10.785463983922462	7.378381754377372	0.13579784595881517	2.432875659419106	0.5336895625894083	0.37418632208001923	0.04
/vol/bitbucket/osella/rl-qecc-data/supervisedLearning/sweep2/g5_ground_pure_H10_s54321.pth	10	54321	2	groundPure	[(6, 6), (9, 6), (12, 6), (15, 3)]	True	True	True	True	geometric5	1353227	12	6	2026-08-01	groundPure_66-96-126-153	0.01850424850243222	0.07781060493322395	0.003002283484406989	0.010077032397987412	0.06125296125051394	0.2955712444847793	0.01914950304843235	0.01488279008886767	10.874054392011697	7.378381754377372	0.14182427386204471	2.434839736872954	0.6201937705413088	0.4441929441624689	0.08
/vol/bitbucket/osella/rl-qecc-data/supervisedLearning/sweep2/g5_ground_pure_H3_s3000.pth	3	3000	2	groundPure	[(6, 6), (9, 6), (12, 6), (15, 3)]	True	True	True	True	geometric5	1353227	12	6	2026-08-01	groundPure_66-96-126-153	0.01850424850243222	0.07087394432830381	0.002874764141631154	0.010061423431499579	0.06331203203421285	0.25934075471642903	0.018780747317746385	0.01488279008886767	10.57073449050391	7.378381754377372	0.1255581769803387	2.4293177389888965	0.5706651264730079	0.4037053005263676	0.04
/vol/bitbucket/osella/rl-qecc-data/supervisedLearning/sweep2/g5_ground_pure_H3_s7134066.pth	3	7134066	2	groundPure	[(6, 6), (9, 6), (12, 6), (15, 3)]	True	True	True	True	geometric5	1353227	12	6	2026-08-01	groundPure_66-96-126-153	0.01850424850243222	0.08286848005409297	0.0027168399170213486	0.00955266060631675	0.06955679206164089	0.31697161185198697	0.015544495833499055	0.01488279008886767	11.760362197131391	7.378381754377372	0.14961757941627588	2.427419025480437	0.6780104713071976	0.4920917001818985	0.06
/vol/bitbucket/osella/rl-qecc-data/supervisedLearning/sweep2/g5_ground_pure_H4_s466555.pth	4	466555	2	groundPure	[(6, 6), (9, 6), (12, 6), (15, 3)]	True	True	True	True	geometric5	1353227	12	6	2026-08-01	groundPure_66-96-126-153	0.01850424850243222	0.08799036733010533	0.0036293246995117096	0.013019077480332077	0.0649299434499796	0.3415988701160072	0.016774620904696478	0.01488279008886767	11.776521940797364	7.378381754377372	0.1591873034669813	2.451523755980552	0.6402335660476938	0.459889115566225	0.02
/vol/bitbucket/osella/rl-qecc-data/supervisedLearning/sweep2/g5_ground_pure_H6_s12345.pth	6	12345	2	groundPure	[(6, 6), (9, 6), (12, 6), (15, 3)]	True	True	True	True	geometric5	1353227	12	6	2026-08-01	groundPure_66-96-126-153	0.01850424850243222	0.06432553611909214	0.0028753123848557403	0.009992110139665103	0.06023644003806631	0.23185790618185376	0.016665911851019403	0.01488279008886767	10.31309314184437	7.378381754377372	0.1103701219401357	2.425580240914168	0.6135114283869773	0.4384013443927526	0.02
/vol/bitbucket/osella/rl-qecc-data/supervisedLearning/sweep2/g5_ground_pure_H6_s54321.pth	6	54321	2	groundPure	[(6, 6), (9, 6), (12, 6), (15, 3)]	True	True	True	True	geometric5	1353227	12	6	2026-08-01	groundPure_66-96-126-153	0.01850424850243222	0.06702792421756605	0.0027561620809722887	0.010266993073967072	0.062370413728576546	0.23930516838844276	0.020440883815871124	0.01488279008886767	10.33559927537954	7.378381754377372	0.11712857634775672	2.4144541753898117	0.5872631814940757	0.4165774113827767	0.04
/vol/bitbucket/osella/rl-qecc-data/supervisedLearning/sweep2/g5_ground_pure_H7_s3000.pth	7	3000	2	groundPure	[(6, 6), (9, 6), (12, 6), (15, 3)]	True	True	True	True	geometric5	1353227	12	6	2026-08-01	groundPure_66-96-126-153	0.01850424850243222	0.05677561988342489	0.002952155275748872	0.010987588685419117	0.057842437450730935	0.19218862856839547	0.019907289436830053	0.01488279008886767	9.706207405057786	7.378381754377372	0.09335678332349732	2.4383613346164483	0.5474702889808836	0.3871102940714353	0.0
/vol/bitbucket/osella/rl-qecc-data/supervisedLearning/sweep2/g5_ground_pure_H7_s7134066.pth	7	7134066	2	groundPure	[(6, 6), (9, 6), (12, 6), (15, 3)]	True	True	True	True	geometric5	1353227	12	6	2026-08-01	groundPure_66-96-126-153	0.01850424850243222	0.06742125096042478	0.0027498141708061966	0.009896218094452201	0.06099449624476022	0.2475870963492699	0.015878629942834992	0.01488279008886767	10.542909333797938	7.378381754377372	0.11676344023220596	2.419666564896214	0.6268324807136595	0.4505914980493672	0.0
/vol/bitbucket/osella/rl-qecc-data/supervisedLearning/sweep2/g5_mix_66-96-126-153_H10_s466555.pth	10	466555	6	mixed	[(6, 6), (9, 6), (12, 6), (15, 3)]	True	True	True	True	geometric5	1353227	12	6	2026-08-01	mixed_66-96-126-153	0.01850424850243222	0.022609515271575512	0.0030348194854558554	0.008339003791437833	0.03454899698392989	0.05191364659489722	0.015211109502156778	0.01488279008886767	8.021307458523298	7.378381754377372	0.028959539930739773	2.2665764169082045	0.8012000177308323	0.6132439266831077	0.14
/vol/bitbucket/osella/rl-qecc-data/supervisedLearning/sweep2/g5_mix_66-96-126-153_H3_s12345.pth	3	12345	6	mixed	[(6, 6), (9, 6), (12, 6), (15, 3)]	True	True	True	True	geometric5	1353227	12	6	2026-08-01	mixed_66-96-126-153	0.01850424850243222	0.024412705380139222	0.0035726488888843354	0.009305659384347905	0.03524389660735592	0.0551521324194353	0.018789189600672693	0.01488279008886767	8.090563146550103	7.378381754377372	0.031812317059174915	2.3897000978297576	0.7601758157973764	0.57171468536165	0.02
/vol/bitbucket/osella/rl-qecc-data/supervisedLearning/sweep2/g5_mix_66-96-126-153_H3_s54321.pth	3	54321	6	mixed	[(6, 6), (9, 6), (12, 6), (15, 3)]	True	True	True	True	geometric5	1353227	12	6	2026-08-01	mixed_66-96-126-153	0.01850424850243222	0.024864411144824693	0.003453359573863601	0.00954136267333195	0.036430863644853026	0.05583574540474301	0.019060724427331897	0.01488279008886767	8.15349446840875	7.378381754377372	0.03239440156033238	2.462824086994977	0.7510007917992403	0.563364098170324	0.02
/vol/bitbucket/osella/rl-qecc-data/supervisedLearning/sweep2/g5_mix_66-96-126-153_H4_s3000.pth	4	3000	6	mixed	[(6, 6), (9, 6), (12, 6), (15, 3)]	True	True	True	True	geometric5	1353227	12	6	2026-08-01	mixed_66-96-126-153	0.01850424850243222	0.02473151846361443	0.00336960154169985	0.009091750437291681	0.0357840152463754	0.05619016155798734	0.019222063534718	0.01488279008886767	8.125882883515155	7.378381754377372	0.03262966422385848	2.3970327144467682	0.7539353853173195	0.5667033113841619	0.04
/vol/bitbucket/osella/rl-qecc-data/supervisedLearning/sweep2/g5_mix_66-96-126-153_H4_s7134066.pth	4	7134066	6	mixed	[(6, 6), (9, 6), (12, 6), (15, 3)]	True	True	True	True	geometric5	1353227	12	6	2026-08-01	mixed_66-96-126-153	0.01850424850243222	0.024029470167396098	0.0031465910080393147	0.008748956118318241	0.034728296342704204	0.054687734843520845	0.01883577252439773	0.01488279008886767	8.087794277745779	7.378381754377372	0.031275470537746694	2.3751317209772833	0.7614154436138847	0.5731524452347663	0.0
/vol/bitbucket/osella/rl-qecc-data/supervisedLearning/sweep2/g5_mix_66-96-126-153_H6_s466555.pth	6	466555	6	mixed	[(6, 6), (9, 6), (12, 6), (15, 3)]	True	True	True	True	geometric5	1353227	12	6	2026-08-01	mixed_66-96-126-153	0.01850424850243222	0.024381254798171634	0.0033020891527068656	0.009068979487355923	0.036444053100509764	0.055036309036152954	0.01805484321413253	0.01488279008886767	8.090728603180752	7.378381754377372	0.03138762461454575	2.4088391780249663	0.7621107029701315	0.5730170339612009	0.06
/vol/bitbucket/osella/rl-qecc-data/supervisedLearning/sweep2/g5_mix_66-96-126-153_H7_s12345.pth	7	12345	6	mixed	[(6, 6), (9, 6), (12, 6), (15, 3)]	True	True	True	True	geometric5	1353227	12	6	2026-08-01	mixed_66-96-126-153	0.01850424850243222	0.02449065589926397	0.0037946303024799692	0.009896498114925085	0.035927245592178386	0.054395954546558455	0.01843895094017796	0.01488279008886767	8.088121787157622	7.378381754377372	0.031125014160330082	2.3745083179399753	0.764923193412678	0.5763731131359218	0.18
/vol/bitbucket/osella/rl-qecc-data/supervisedLearning/sweep2/g5_mix_66-96-126-153_H7_s54321.pth	7	54321	6	mixed	[(6, 6), (9, 6), (12, 6), (15, 3)]	True	True	True	True	geometric5	1353227	12	6	2026-08-01	mixed_66-96-126-153	0.01850424850243222	0.02459991249530294	0.003166630984640207	0.008927302882513363	0.03699211499011103	0.05591241040773148	0.01800110321151864	0.01488279008886767	8.113565357353691	7.378381754377372	0.032027318628134765	2.4179232000947586	0.7529731536717531	0.5643755920315604	0.14
/vol/bitbucket/osella/rl-qecc-data/supervisedLearning/sweep2/g5_mix_66-96-126_H10_s3000.pth	10	3000	8	mixed	[(6, 6), (9, 6), (12, 6)]	True	True	True	False	geometric5	1353227	12	6	2026-08-01	mixed_66-96-126	0.01850424850243222	0.02441361331723623	0.003977078048784107	0.010134684249954671	0.0365318216753912	0.05432598703832195	0.01709849557372941	0.01488279008886767	8.087108947452164	7.378381754377372	0.030900912661353263	2.3411191059919476	0.7737746316910362	0.5849296681582024	0.06
/vol/bitbucket/osella/rl-qecc-data/supervisedLearning/sweep2/g5_mix_66-96-126_H10_s7134066.pth	10	7134066	8	mixed	[(6, 6), (9, 6), (12, 6)]	True	True	True	False	geometric5	1353227	12	6	2026-08-01	mixed_66-96-126	0.01850424850243222	0.022457849084439624	0.003231606570415148	0.008665982923872828	0.034491052119404196	0.051837560116023536	0.014063043692482477	0.01488279008886767	7.994241191940505	7.378381754377372	0.028606725633303808	2.188312197398217	0.8134117789385846	0.6264163586584205	0.16
/vol/bitbucket/osella/rl-qecc-data/supervisedLearning/sweep2/g5_mix_66-96-126_H3_s466555.pth	3	466555	8	mixed	[(6, 6), (9, 6), (12, 6)]	True	True	True	False	geometric5	1353227	12	6	2026-08-01	mixed_66-96-126	0.01850424850243222	0.025187186221405117	0.0034190996027271014	0.009325683404492744	0.03769243813357521	0.0565097280802615	0.018988981885968943	0.01488279008886767	8.122557886009774	7.378381754377372	0.03237428585919421	2.380021180614003	0.7458147820061563	0.5575822752910526	0.16
/vol/bitbucket/osella/rl-qecc-data/supervisedLearning/sweep2/g5_mix_66-96-126_H4_s12345.pth	4	12345	8	mixed	[(6, 6), (9, 6), (12, 6)]	True	True	True	False	geometric5	1353227	12	6	2026-08-01	mixed_66-96-126	0.01850424850243222	0.023998837577082117	0.0031032288470203722	0.00844655472634485	0.03464184696855136	0.05451461842334432	0.01928793892014966	0.01488279008886767	8.07908409527901	7.378381754377372	0.031427989723641574	2.38172889365822	0.7616240106268133	0.57441919267449	0.1
/vol/bitbucket/osella/rl-qecc-data/supervisedLearning/sweep2/g5_mix_66-96-126_H4_s54321.pth	4	54321	8	mixed	[(6, 6), (9, 6), (12, 6)]	True	True	True	False	geometric5	1353227	12	6	2026-08-01	mixed_66-96-126	0.01850424850243222	0.02530919115371041	0.003436923238965589	0.009319979092024137	0.037585783912130154	0.05716588055516311	0.019037388970269145	0.01488279008886767	8.125154181876411	7.378381754377372	0.03292297665044176	2.4443836272868102	0.7430587780941231	0.5548189033295141	0.06
/vol/bitbucket/osella/rl-qecc-data/supervisedLearning/sweep2/g5_mix_66-96-126_H6_s3000.pth	6	3000	8	mixed	[(6, 6), (9, 6), (12, 6)]	True	True	True	False	geometric5	1353227	12	6	2026-08-01	mixed_66-96-126	0.01850424850243222	0.02354838398930602	0.004064328875419576	0.009972635818871041	0.035871927872917285	0.05260581919784002	0.015227208181482262	0.01488279008886767	8.03192532094827	7.378381754377372	0.02944396737081409	2.2573445889781274	0.7994735060374039	0.610768742952785	0.0
/vol/bitbucket/osella/rl-qecc-data/supervisedLearning/sweep2/g5_mix_66-96-126_H6_s7134066.pth	6	7134066	8	mixed	[(6, 6), (9, 6), (12, 6)]	True	True	True	False	geometric5	1353227	12	6	2026-08-01	mixed_66-96-126	0.01850424850243222	0.0238340739987774	0.0031635382425092094	0.008652692685041149	0.03681584483210553	0.055212346487797756	0.01532594774643338	0.01488279008886767	8.069826752447403	7.378381754377372	0.03079682906247318	2.156556319303672	0.7846538895382968	0.5946260503171391	0.12
/vol/bitbucket/osella/rl-qecc-data/supervisedLearning/sweep2/g5_mix_66-96-126_H7_s466555.pth	7	466555	8	mixed	[(6, 6), (9, 6), (12, 6)]	True	True	True	False	geometric5	1353227	12	6	2026-08-01	mixed_66-96-126	0.01850424850243222	0.022396567683971063	0.0033032125406972195	0.009092035200357331	0.03468706854556007	0.05053007758300479	0.014370444550235935	0.01488279008886767	7.978607683789185	7.378381754377372	0.027934165167458995	2.177658706563266	0.8154375012736942	0.6281185071400134	0.16
/vol/bitbucket/osella/rl-qecc-data/supervisedLearning/sweep2/g5_mix_66-96_H10_s12345.pth	10	12345	12	mixed	[(6, 6), (9, 6)]	True	True	False	False	geometric5	1353227	12	6	2026-08-01	mixed_66-96	0.01850424850243222	0.048222259251122564	0.002800348595555705	0.009059350386110923	0.048623824196825594	0.16011728115291352	0.020510491924207258	0.01488279008886767	9.207224793694298	7.378381754377372	0.08006467376769848	2.62654842543149	0.7175569727367473	0.5308755286179142	0.08
/vol/bitbucket/osella/rl-qecc-data/supervisedLearning/sweep2/g5_mix_66-96_H10_s54321.pth	10	54321	12	mixed	[(6, 6), (9, 6)]	True	True	False	False	geometric5	1353227	12	6	2026-08-01	mixed_66-96	0.01850424850243222	0.0443831334020569	0.00283193490747459	0.008942265479861199	0.04634699469032219	0.1430683619071413	0.020726110025485144	0.01488279008886767	8.982070951578706	7.378381754377372	0.07252971235952745	2.5952699863076973	0.7008254294601245	0.5135167280846139	0.06
/vol/bitbucket/osella/rl-qecc-data/supervisedLearning/sweep2/g5_mix_66-96_H3_s3000.pth	3	3000	12	mixed	[(6, 6), (9, 6)]	True	True	False	False	geometric5	1353227	12	6	2026-08-01	mixed_66-96	0.01850424850243222	0.035502590932726216	0.0027210391701536236	0.00893232660203916	0.04658532086676715	0.09540430346558984	0.023869964559081264	0.01488279008886767	8.74875251188319	7.378381754377372	0.054022957055125144	2.702938689091944	0.7106757438999671	0.5236559926477237	0.08
/vol/bitbucket/osella/rl-qecc-data/supervisedLearning/sweep2/g5_mix_66-96_H3_s7134066.pth	3	7134066	12	mixed	[(6, 6), (9, 6)]	True	True	False	False	geometric5	1353227	12	6	2026-08-01	mixed_66-96	0.01850424850243222	0.047346598010726264	0.0029210743066616553	0.008700375620537389	0.04670115281357448	0.15254074181511423	0.025869645497743867	0.01488279008886767	9.085984900895062	7.378381754377372	0.08011774132861166	2.687084243442819	0.7085359883850715	0.52047685908093	0.08
/vol/bitbucket/osella/rl-qecc-data/supervisedLearning/sweep2/g5_mix_66-96_H4_s466555.pth	4	466555	12	mixed	[(6, 6), (9, 6)]	True	True	False	False	geometric5	1353227	12	6	2026-08-01	mixed_66-96	0.01850424850243222	0.03878790392669867	0.0028581234705692625	0.009037173191338545	0.04282870807240274	0.11014033746475416	0.029075177434428667	0.01488279008886767	8.731410309507538	7.378381754377372	0.06153838784916111	2.730250953079411	0.6975475737528002	0.5109465957247109	0.04
/vol/bitbucket/osella/rl-qecc-data/supervisedLearning/sweep2/g5_mix_66-96_H6_s12345.pth	6	12345	12	mixed	[(6, 6), (9, 6)]	True	True	False	False	geometric5	1353227	12	6	2026-08-01	mixed_66-96	0.01850424850243222	0.046692016514030064	0.0031194768691304763	0.009123679754082218	0.04510509598956306	0.15226807166609954	0.02384375829127518	0.01488279008886767	9.005755784299783	7.378381754377372	0.07826672563279258	2.658489258438388	0.7118460657886769	0.5258060309172501	0.06
/vol/bitbucket/osella/rl-qecc-data/supervisedLearning/sweep2/g5_mix_66-96_H6_s54321.pth	6	54321	12	mixed	[(6, 6), (9, 6)]	True	True	False	False	geometric5	1353227	12	6	2026-08-01	mixed_66-96	0.01850424850243222	0.04225651664736012	0.0027798823944526875	0.00905758121486425	0.046765511366405776	0.1292748320421704	0.023404776218907616	0.01488279008886767	8.93366830581057	7.378381754377372	0.06807983909760909	2.655610749832113	0.6822029025106786	0.49732632550009626	0.0
/vol/bitbucket/osella/rl-qecc-data/supervisedLearning/sweep2/g5_mix_66-96_H7_s3000.pth	7	3000	12	mixed	[(6, 6), (9, 6)]	True	True	False	False	geometric5	1353227	12	6	2026-08-01	mixed_66-96	0.01850424850243222	0.04138928723603495	0.003463929555793936	0.010013942124747887	0.040715992551110795	0.12516360027340118	0.027588971675120706	0.01488279008886767	8.757737532890307	7.378381754377372	0.06648475711714434	2.7159464918694383	0.7170754795931651	0.5301095910999595	0.04
/vol/bitbucket/osella/rl-qecc-data/supervisedLearning/sweep2/g5_mix_66-96_H7_s7134066.pth	7	7134066	12	mixed	[(6, 6), (9, 6)]	True	True	False	False	geometric5	1353227	12	6	2026-08-01	mixed_66-96	0.01850424850243222	0.04765196559157673	0.002768955588690518	0.009191627756565072	0.0546867496183541	0.14411478430944186	0.027497710684832158	0.01488279008886767	9.246948788954334	7.378381754377372	0.07859136092874985	2.6774922659534077	0.6911584385307725	0.5040643886716132	0.04
/vol/bitbucket/osella/rl-qecc-data/supervisedLearning/sweep2/g5_mix_66_H10_s466555.pth	10	466555	24	mixed	[(6, 6)]	True	False	False	False	geometric5	1353227	12	6	2026-08-01	mixed_66	0.01850424850243222	0.06444303026486456	0.004270970791580742	0.013068349366755374	0.05629316474359401	0.2254861347612526	0.023096531661139924	0.01488279008886767	9.924391907623633	7.378381754377372	0.11046713211491646	2.609732571084777	0.6022418010519175	0.4331308680387587	0.0
/vol/bitbucket/osella/rl-qecc-data/supervisedLearning/sweep2/g5_mix_66_H3_s12345.pth	3	12345	24	mixed	[(6, 6)]	True	False	False	False	geometric5	1353227	12	6	2026-08-01	mixed_66	0.01850424850243222	0.0828077080511052	0.004679726761415992	0.014429235214741602	0.06353940361322742	0.3087397718205808	0.022650402845560188	0.01488279008886767	11.159438142877866	7.378381754377372	0.14909106370704547	2.6389458498075755	0.5490056411570446	0.3891685389114003	0.02
/vol/bitbucket/osella/rl-qecc-data/supervisedLearning/sweep2/g5_mix_66_H3_s54321.pth	3	54321	24	mixed	[(6, 6)]	True	False	False	False	geometric5	1353227	12	6	2026-08-01	mixed_66	0.01850424850243222	0.08543298265778348	0.003140921119083031	0.010593510062537271	0.06450979952552784	0.32396821334000914	0.02495246924176007	0.01488279008886767	11.487304608701884	7.378381754377372	0.15847196615777265	2.6343574763388786	0.5965483312794327	0.4269122967252133	0.04
/vol/bitbucket/osella/rl-qecc-data/supervisedLearning/sweep2/g5_mix_66_H4_s3000.pth	4	3000	24	mixed	[(6, 6)]	True	False	False	False	geometric5	1353227	12	6	2026-08-01	mixed_66	0.01850424850243222	0.07445772323405554	0.005128594843740105	0.016276887590772726	0.06578289231767465	0.26621887191145627	0.01888136950663404	0.01488279008886767	10.56750814109013	7.378381754377372	0.1271667960784416	2.6941666154182564	0.5796667160742398	0.4199248266086279	0.02
/vol/bitbucket/osella/rl-qecc-data/supervisedLearning/sweep2/g5_mix_66_H4_s7134066.pth	4	7134066	24	mixed	[(6, 6)]	True	False	False	False	geometric5	1353227	12	6	2026-08-01	mixed_66	0.01850424850243222	0.08062132305132633	0.0059386063335458966	0.017640120222656153	0.06949510185734813	0.2880867456272686	0.021946041215813557	0.01488279008886767	11.101883668442747	7.378381754377372	0.14002584023802167	3.0336966545441837	0.4813025244272992	0.33876232071435014	0.0
/vol/bitbucket/osella/rl-qecc-data/supervisedLearning/sweep2/g5_mix_66_H6_s466555.pth	6	466555	24	mixed	[(6, 6)]	True	False	False	False	geometric5	1353227	12	6	2026-08-01	mixed_66	0.01850424850243222	0.07349173619484126	0.005037152318846215	0.014989730005058814	0.06376657424046839	0.26228901972018026	0.021376204689651943	0.01488279008886767	10.588788760905546	7.378381754377372	0.12781335984114742	2.79656342938418	0.5655428558798715	0.4066073223941183	0.0
/vol/bitbucket/osella/rl-qecc-data/supervisedLearning/sweep2/g5_mix_66_H7_s12345.pth	7	12345	24	mixed	[(6, 6)]	True	False	False	False	geometric5	1353227	12	6	2026-08-01	mixed_66	0.01850424850243222	0.07073697727716095	0.005947655472262395	0.01759193724837377	0.061284797742567614	0.24643308380521192	0.022427412117389158	0.01488279008886767	10.275785709978582	7.378381754377372	0.11994445955078767	2.715627074782879	0.5798104681579573	0.41732102317608094	0.0
/vol/bitbucket/osella/rl-qecc-data/supervisedLearning/sweep2/g5_mix_66_H7_s54321.pth	7	54321	24	mixed	[(6, 6)]	True	False	False	False	geometric5	1353227	12	6	2026-08-01	mixed_66	0.01850424850243222	0.08763962962569531	0.003007729263123408	0.010146137592058199	0.06526327030060582	0.33761626742637924	0.022164743546310026	0.01488279008886767	11.721863359894355	7.378381754377372	0.16304538804004742	2.64284872424031	0.5782090357837846	0.4111679223079908	0.0
/vol/bitbucket/osella/rl-qecc-data/supervisedLearning/sweep2/g5_ground_anch_H10_s3000.pth	10	3000	2	groundAnchored	[(6, 6), (9, 6), (12, 6), (15, 3)]	True	True	True	True	geometric5	10148123	3	27	2026-08-01	groundAnchored_66-96-126-153	0.015023945469023817	0.11655621319255487	0.020764054819575894	0.05608934549991478	0.2430724394705029	0.22941286216088133	0.03344236401190067	0.0219898349070157	19.142124990923005	11.218728447201691	0.12986804479834824	3.146171536069416	0.4542729064090241	0.3169240490601702	0.0
/vol/bitbucket/osella/rl-qecc-data/supervisedLearning/sweep2/g5_ground_anch_H10_s7134066.pth	10	7134066	2	groundAnchored	[(6, 6), (9, 6), (12, 6), (15, 3)]	True	True	True	True	geometric5	10148123	3	27	2026-08-01	groundAnchored_66-96-126-153	0.015023945469023817	0.13554812465539712	0.04512986530291918	0.07674749779895218	0.21281860302007416	0.3100632672423691	0.03298138991267001	0.0219898349070157	19.864535784626465	11.218728447201691	0.16027238403352576	9.288820493443563	0.2498211013862193	0.16975554896076694	0.0
/vol/bitbucket/osella/rl-qecc-data/supervisedLearning/sweep2/g5_ground_anch_H3_s466555.pth	3	466555	2	groundAnchored	[(6, 6), (9, 6), (12, 6), (15, 3)]	True	True	True	True	geometric5	10148123	3	27	2026-08-01	groundAnchored_66-96-126-153	0.015023945469023817	0.1163648058046301	0.06944638726102419	0.15735885126191437	0.23440631982508775	0.08704691273295104	0.03356555794217407	0.0219898349070157	18.019972119162443	11.218728447201691	0.07329452768001517	14.65342161542447	0.27988979065816916	0.1892197880064765	0.02
/vol/bitbucket/osella/rl-qecc-data/supervisedLearning/sweep2/g5_ground_anch_H4_s12345.pth	4	12345	2	groundAnchored	[(6, 6), (9, 6), (12, 6), (15, 3)]	True	True	True	True	geometric5	10148123	3	27	2026-08-01	groundAnchored_66-96-126-153	0.015023945469023817	0.12931475473908455	0.053014684857806166	0.12649245946256388	0.23443983217923842	0.19923712693898427	0.03338967025682965	0.0219898349070157	18.542451821269797	11.218728447201691	0.10338991576264453	8.323935842734006	-0.08989644149164822	-0.061304557487139685	0.0
/vol/bitbucket/osella/rl-qecc-data/supervisedLearning/sweep2/g5_ground_anch_H4_s54321.pth	4	54321	2	groundAnchored	[(6, 6), (9, 6), (12, 6), (15, 3)]	True	True	True	True	geometric5	10148123	3	27	2026-08-01	groundAnchored_66-96-126-153	0.015023945469023817	0.15175844101729594	0.11988156906507524	0.25961276084491175	0.29296929579400993	0.05269713044811115	0.03363144893437081	0.0219898349070157	20.929776693789577	11.218728447201691	0.07994116997494052	22.526124669374255	0.008594204426874195	0.005783361998014071	0.0
/vol/bitbucket/osella/rl-qecc-data/supervisedLearning/sweep2/g5_ground_anch_H6_s3000.pth	6	3000	2	groundAnchored	[(6, 6), (9, 6), (12, 6), (15, 3)]	True	True	True	True	geometric5	10148123	3	27	2026-08-01	groundAnchored_66-96-126-153	0.015023945469023817	0.09403311050751406	0.02619352440890743	0.06943978736523555	0.16389243007945659	0.1770551825600636	0.03358462812390815	0.0219898349070157	16.56624586342715	11.218728447201691	0.09142464830928837	8.484239308387963	0.38401885614170184	0.26074158607779374	0.0
/vol/bitbucket/osella/rl-qecc-data/supervisedLearning/sweep2/g5_ground_anch_H6_s7134066.pth	6	7134066	2	groundAnchored	[(6, 6), (9, 6), (12, 6), (15, 3)]	True	True	True	True	geometric5	10148123	3	27	2026-08-01	groundAnchored_66-96-126-153	0.015023945469023817	0.1106055796860933	0.01912651856110783	0.053342525508961146	0.22614150315157394	0.2210008037616972	0.033416547447126764	0.0219898349070157	17.99688196189778	11.218728447201691	0.12354538694664734	4.410903283060175	0.4110753630540553	0.2835879132846384	0.0
/vol/bitbucket/osella/rl-qecc-data/supervisedLearning/sweep2/g5_ground_anch_H7_s466555.pth	7	466555	2	groundAnchored	[(6, 6), (9, 6), (12, 6), (15, 3)]	True	True	True	True	geometric5	10148123	3	27	2026-08-01	groundAnchored_66-96-126-153	0.015023945469023817	0.19725182240711578	0.01801660770815843	0.06307168424728046	0.32834683404669596	0.5445960051697187	0.03222798086372744	0.0219898349070157	32.12647304545826	11.218728447201691	0.29078761763341165	1.6031023749763431	0.32014613397772684	0.2186620504586183	0.0
/vol/bitbucket/osella/rl-qecc-data/supervisedLearning/sweep2/g5_ground_pure_H10_s12345.pth	10	12345	2	groundPure	[(6, 6), (9, 6), (12, 6), (15, 3)]	True	True	True	True	geometric5	10148123	3	27	2026-08-01	groundPure_66-96-126-153	0.015023945469023817	0.15290022560540262	0.018139743502690812	0.061625792210813074	0.302349985139108	0.3504554511165516	0.03193015605784766	0.0219898349070157	23.297406890890795	11.218728447201691	0.20114159127666165	2.1876416378134045	0.37482992506915386	0.2570434540451751	0.02
/vol/bitbucket/osella/rl-qecc-data/supervisedLearning/sweep2/g5_ground_pure_H10_s54321.pth	10	54321	2	groundPure	[(6, 6), (9, 6), (12, 6), (15, 3)]	True	True	True	True	geometric5	10148123	3	27	2026-08-01	groundPure_66-96-126-153	0.015023945469023817	0.15482445027181155	0.017970576649590682	0.05880124522177394	0.2977557444011571	0.3671549255660628	0.032439759520476986	0.0219898349070157	23.090097708915447	11.218728447201691	0.20599063143359855	1.628617365039649	0.2668105915236179	0.18133928672936758	0.0
/vol/bitbucket/osella/rl-qecc-data/supervisedLearning/sweep2/g5_ground_pure_H3_s3000.pth	3	3000	2	groundPure	[(6, 6), (9, 6), (12, 6), (15, 3)]	True	True	True	True	geometric5	10148123	3	27	2026-08-01	groundPure_66-96-126-153	0.015023945469023817	0.17023508893638856	0.09663451173462215	0.15682946132541917	0.2393522686676954	0.3255355538305612	0.03282364912364458	0.0219898349070157	22.749553059907914	11.218728447201691	0.17192545512471394	6.131406255762974	0.07062195751961148	0.04648676134273898	0.0
/vol/bitbucket/osella/rl-qecc-data/supervisedLearning/sweep2/g5_ground_pure_H3_s7134066.pth	3	7134066	2	groundPure	[(6, 6), (9, 6), (12, 6), (15, 3)]	True	True	True	True	geometric5	10148123	3	27	2026-08-01	groundPure_66-96-126-153	0.015023945469023817	0.10466267486858032	0.0635569643997852	0.12895748738899734	0.1718165658527263	0.12587455468580422	0.03310780201558772	0.0219898349070157	16.172514661455377	11.218728447201691	0.07048376210894504	5.043250841428779	0.2994157240093027	0.2044444154343107	0.0
/vol/bitbucket/osella/rl-qecc-data/supervisedLearning/sweep2/g5_ground_pure_H4_s466555.pth	4	466555	2	groundPure	[(6, 6), (9, 6), (12, 6), (15, 3)]	True	True	True	True	geometric5	10148123	3	27	2026-08-01	groundPure_66-96-126-153	0.015023945469023817	0.12883846531392956	0.07007835087087863	0.18449957900702138	0.2724796119105885	0.08353276460050461	0.033602020180655286	0.0219898349070157	19.246551341531454	11.218728447201691	0.0816490384624454	21.30525008693836	0.13607960955750176	0.09113547187842864	0.0
/vol/bitbucket/osella/rl-qecc-data/supervisedLearning/sweep2/g5_ground_pure_H6_s12345.pth	6	12345	2	groundPure	[(6, 6), (9, 6), (12, 6), (15, 3)]	True	True	True	True	geometric5	10148123	3	27	2026-08-01	groundPure_66-96-126-153	0.015023945469023817	0.13711734853326857	0.023346053521663454	0.06355648398259339	0.23632364320346005	0.32943378568285636	0.03292677627576842	0.0219898349070157	19.982675193032385	11.218728447201691	0.17444536404586075	3.4672602796872085	0.2727858584030737	0.1878225597291539	0.0
/vol/bitbucket/osella/rl-qecc-data/supervisedLearning/sweep2/g5_ground_pure_H6_s54321.pth	6	54321	2	groundPure	[(6, 6), (9, 6), (12, 6), (15, 3)]	True	True	True	True	geometric5	10148123	3	27	2026-08-01	groundPure_66-96-126-153	0.015023945469023817	0.18489532755538104	0.01802699549840499	0.06272580683537209	0.3203189484370549	0.4898666491415371	0.03353823786453651	0.0219898349070157	29.02278640503425	11.218728447201691	0.26326972157852147	2.014112484467504	0.3025153087897775	0.205230988677146	0.0
/vol/bitbucket/osella/rl-qecc-data/supervisedLearning/sweep2/g5_ground_pure_H7_s3000.pth	7	3000	2	groundPure	[(6, 6), (9, 6), (12, 6), (15, 3)]	True	True	True	True	geometric5	10148123	3	27	2026-08-01	groundPure_66-96-126-153	0.015023945469023817	0.10494787566839058	0.019667892028023506	0.057152369191260335	0.21928377017783962	0.19507350899104842	0.03356183795378272	0.0219898349070157	18.01555856212261	11.218728447201691	0.11216789620878775	5.980121815378251	0.2900099758771579	0.20020183838679304	0.02
/vol/bitbucket/osella/rl-qecc-data/supervisedLearning/sweep2/g5_ground_pure_H7_s7134066.pth	7	7134066	2	groundPure	[(6, 6), (9, 6), (12, 6), (15, 3)]	True	True	True	True	geometric5	10148123	3	27	2026-08-01	groundPure_66-96-126-153	0.015023945469023817	0.10996894552141222	0.039670846728658275	0.0862334964036016	0.18086802552766856	0.20956127023118507	0.0335110887159472	0.0219898349070157	17.440242639309982	11.218728447201691	0.10808246574242075	5.4738752619098925	0.22815504554220048	0.15548548850959623	0.0
/vol/bitbucket/osella/rl-qecc-data/supervisedLearning/sweep2/g5_mix_66-96-126-153_H10_s466555.pth	10	466555	6	mixed	[(6, 6), (9, 6), (12, 6), (15, 3)]	True	True	True	True	geometric5	10148123	3	27	2026-08-01	mixed_66-96-126-153	0.015023945469023817	0.11793412766283819	0.025644435002614648	0.0683844388659727	0.22233485985981372	0.24015299086557276	0.03315391372021921	0.0219898349070157	18.172360994115362	11.218728447201691	0.13194014826426315	4.954643609484791	0.28691795133624065	0.1969542209597872	0.0
/vol/bitbucket/osella/rl-qecc-data/supervisedLearning/sweep2/g5_mix_66-96-126-153_H3_s12345.pth	3	12345	6	mixed	[(6, 6), (9, 6), (12, 6), (15, 3)]	True	True	True	True	geometric5	10148123	3	27	2026-08-01	mixed_66-96-126-153	0.015023945469023817	0.12624837048935775	0.0986623043342913	0.2018217233143522	0.19199579663803792	0.105169610704061	0.033592417456047095	0.0219898349070157	18.26299528624474	11.218728447201691	0.06499359325748466	6.474910111514617	0.2275991237555945	0.1535910479579526	0.0
/vol/bitbucket/osella/rl-qecc-data/supervisedLearning/sweep2/g5_mix_66-96-126-153_H3_s54321.pth	3	54321	6	mixed	[(6, 6), (9, 6), (12, 6), (15, 3)]	True	True	True	True	geometric5	10148123	3	27	2026-08-01	mixed_66-96-126-153	0.015023945469023817	0.10808207169161549	0.03146932996659013	0.06515538701766439	0.1712256046677929	0.2392807588376365	0.03327927796839334	0.0219898349070157	16.54096032610198	11.218728447201691	0.12045468089048413	3.8119382096797847	0.35102698391639336	0.24360578057571597	0.0
/vol/bitbucket/osella/rl-qecc-data/supervisedLearning/sweep2/g5_mix_66-96-126-153_H4_s3000.pth	4	3000	6	mixed	[(6, 6), (9, 6), (12, 6), (15, 3)]	True	True	True	True	geometric5	10148123	3	27	2026-08-01	mixed_66-96-126-153	0.015023945469023817	0.11604297027265938	0.03430923495266279	0.07796333222207988	0.20560161632379068	0.2288986963356612	0.03344197152910269	0.0219898349070157	18.030737414798597	11.218728447201691	0.1266910969155354	8.79915655807953	0.3363445821871939	0.23137666853988534	0.0
/vol/bitbucket/osella/rl-qecc-data/supervisedLearning/sweep2/g5_mix_66-96-126-153_H4_s7134066.pth	4	7134066	6	mixed	[(6, 6), (9, 6), (12, 6), (15, 3)]	True	True	True	True	geometric5	10148123	3	27	2026-08-01	mixed_66-96-126-153	0.015023945469023817	0.14274255041197242	0.03701754002258226	0.09164523565755865	0.22725215402523394	0.3255290426480332	0.032268779706451665	0.0219898349070157	18.974987902114133	11.218728447201691	0.16986311745888705	2.324911575044533	0.33089447000028105	0.23085057114080235	0.0
/vol/bitbucket/osella/rl-qecc-data/supervisedLearning/sweep2/g5_mix_66-96-126-153_H6_s466555.pth	6	466555	6	mixed	[(6, 6), (9, 6), (12, 6), (15, 3)]	True	True	True	True	geometric5	10148123	3	27	2026-08-01	mixed_66-96-126-153	0.015023945469023817	0.10659227059318749	0.021518887230240705	0.05512688953362437	0.23130737002151214	0.19137708863777744	0.033631117542784465	0.0219898349070157	19.726435932390352	11.218728447201691	0.11052677043101126	12.009816143763981	0.4580794305556928	0.31623366951229104	0.0
/vol/bitbucket/osella/rl-qecc-data/supervisedLearning/sweep2/g5_mix_66-96-126-153_H7_s12345.pth	7	12345	6	mixed	[(6, 6), (9, 6), (12, 6), (15, 3)]	True	True	True	True	geometric5	10148123	3	27	2026-08-01	mixed_66-96-126-153	0.015023945469023817	0.07444546331445707	0.04113205947393294	0.0782089200335231	0.14542032065984412	0.0739494981444564	0.03351651826052793	0.0219898349070157	15.250212994380405	11.218728447201691	0.04965132599109397	8.947359920328113	0.4168992984685263	0.2885973734674758	0.0
/vol/bitbucket/osella/rl-qecc-data/supervisedLearning/sweep2/g5_mix_66-96-126-153_H7_s54321.pth	7	54321	6	mixed	[(6, 6), (9, 6), (12, 6), (15, 3)]	True	True	True	True	geometric5	10148123	3	27	2026-08-01	mixed_66-96-126-153	0.015023945469023817	0.13807649045035084	0.03181726141821152	0.08308466627833683	0.24236324979569795	0.30047590748569664	0.03264136727381063	0.0219898349070157	20.493635709076823	11.218728447201691	0.1631293130933194	5.363758404360222	0.34612289351398456	0.24055945898857892	0.0
/vol/bitbucket/osella/rl-qecc-data/supervisedLearning/sweep2/g5_mix_66-96-126_H10_s3000.pth	10	3000	8	mixed	[(6, 6), (9, 6), (12, 6)]	True	True	True	False	geometric5	10148123	3	27	2026-08-01	mixed_66-96-126	0.015023945469023817	0.16960381717385672	0.01813179671444719	0.061728217523726	0.3112409880824792	0.4250827606982501	0.03183532285038034	0.0219898349070157	25.855391309895882	11.218728447201691	0.2338037577856138	2.6452335224277146	0.3061900074549309	0.20866841416178633	0.0
/vol/bitbucket/osella/rl-qecc-data/supervisedLearning/sweep2/g5_mix_66-96-126_H10_s7134066.pth	10	7134066	8	mixed	[(6, 6), (9, 6), (12, 6)]	True	True	True	False	geometric5	10148123	3	27	2026-08-01	mixed_66-96-126	0.015023945469023817	0.15547413915851366	0.021459966945857358	0.05874177708649605	0.2660927666379146	0.39904975991575187	0.03202642520654994	0.0219898349070157	22.970957493671534	11.218728447201691	0.21332423848076412	3.3198059369210418	0.35759363673451194	0.24794029014738606	0.0
/vol/bitbucket/osella/rl-qecc-data/supervisedLearning/sweep2/g5_mix_66-96-126_H3_s466555.pth	3	466555	8	mixed	[(6, 6), (9, 6), (12, 6)]	True	True	True	False	geometric5	10148123	3	27	2026-08-01	mixed_66-96-126	0.015023945469023817	0.11952962673891937	0.0622181994668513	0.19978352530386823	0.17369811595486906	0.12898327461930162	0.03296501834970775	0.0219898349070157	16.069132644636113	11.218728447201691	0.04649689990109891	6.278640585653306	0.3289093880705265	0.224284137121442	0.0
/vol/bitbucket/osella/rl-qecc-data/supervisedLearning/sweep2/g5_mix_66-96-126_H4_s12345.pth	4	12345	8	mixed	[(6, 6), (9, 6), (12, 6)]	True	True	True	False	geometric5	10148123	3	27	2026-08-01	mixed_66-96-126	0.015023945469023817	0.09533787810591146	0.029631344567813803	0.08334407204556232	0.18905896362091712	0.14111750752410074	0.03353750277116291	0.0219898349070157	16.585033224522856	11.218728447201691	0.0816830853421892	11.529768288966324	-0.24929343497239528	-0.16943808137808844	0.0
/vol/bitbucket/osella/rl-qecc-data/supervisedLearning/sweep2/g5_mix_66-96-126_H4_s54321.pth	4	54321	8	mixed	[(6, 6), (9, 6), (12, 6)]	True	True	True	False	geometric5	10148123	3	27	2026-08-01	mixed_66-96-126	0.015023945469023817	0.20013628927216814	0.018385227462115343	0.06191403305721083	0.29229284485254226	0.595384157160222	0.03270518382875298	0.0219898349070157	27.76108288736119	11.218728447201691	0.30895889182082287	2.41653120791655	-0.1470435588792625	-0.0989417723448191	0.0
/vol/bitbucket/osella/rl-qecc-data/supervisedLearning/sweep2/g5_mix_66-96-126_H6_s3000.pth	6	3000	8	mixed	[(6, 6), (9, 6), (12, 6)]	True	True	True	False	geometric5	10148123	3	27	2026-08-01	mixed_66-96-126	0.015023945469023817	0.15845074527715672	0.018026293507229545	0.05689086561839013	0.28161670680397427	0.40309158664588834	0.03262827381030153	0.0219898349070157	22.142384206395505	11.218728447201691	0.22072810688264127	2.533391839197889	0.36251327455569354	0.2504801097168297	0.0
/vol/bitbucket/osella/rl-qecc-data/supervisedLearning/sweep2/g5_mix_66-96-126_H6_s7134066.pth	6	7134066	8	mixed	[(6, 6), (9, 6), (12, 6)]	True	True	True	False	geometric5	10148123	3	27	2026-08-01	mixed_66-96-126	0.015023945469023817	0.1357024580331823	0.01890503476685086	0.054534060799771036	0.2512179226926083	0.3207296326576385	0.03312563924904013	0.0219898349070157	20.076213096339536	11.218728447201691	0.1734157109366419	2.952817682246209	0.5043695056635313	0.35354918656334783	0.0
/vol/bitbucket/osella/rl-qecc-data/supervisedLearning/sweep2/g5_mix_66-96-126_H7_s466555.pth	7	466555	8	mixed	[(6, 6), (9, 6), (12, 6)]	True	True	True	False	geometric5	10148123	3	27	2026-08-01	mixed_66-96-126	0.015023945469023817	0.17177949834889197	0.02900465567237873	0.06939994031229436	0.2481350225571807	0.4611873326202756	0.051170540582330885	0.0219898349070157	22.000737950324726	11.218728447201691	0.2551654785872743	2.0346096328958696	0.23207849882073417	0.15867794556887976	0.0
/vol/bitbucket/osella/rl-qecc-data/supervisedLearning/sweep2/g5_mix_66-96_H10_s12345.pth	10	12345	12	mixed	[(6, 6), (9, 6)]	True	True	False	False	geometric5	10148123	3	27	2026-08-01	mixed_66-96	0.015023945469023817	0.14285192437466293	0.018098520389032865	0.05901163675217145	0.27247037199100993	0.3315182600890374	0.0331608326520612	0.0219898349070157	20.891979009831587	11.218728447201691	0.18277376204947554	3.244695710493622	0.41463432484187374	0.28424873985777893	0.02
/vol/bitbucket/osella/rl-qecc-data/supervisedLearning/sweep2/g5_mix_66-96_H10_s54321.pth	10	54321	12	mixed	[(6, 6), (9, 6)]	True	True	False	False	geometric5	10148123	3	27	2026-08-01	mixed_66-96	0.015023945469023817	0.14199615653604666	0.020862377139336787	0.05956908860495362	0.27169256159311045	0.3257993912092175	0.032057364133614465	0.0219898349070157	21.109069402684042	11.218728447201691	0.18459668588972553	1.7597691451224058	0.4394293623089843	0.30757546024509164	0.0
/vol/bitbucket/osella/rl-qecc-data/supervisedLearning/sweep2/g5_mix_66-96_H3_s3000.pth	3	3000	12	mixed	[(6, 6), (9, 6)]	True	True	False	False	geometric5	10148123	3	27	2026-08-01	mixed_66-96	0.015023945469023817	0.117338913551901	0.027952313388225222	0.06359445869682134	0.19643626002657882	0.26639610624945237	0.032315429398423905	0.0219898349070157	17.72552818614538	11.218728447201691	0.13958184859069067	11.031417669851884	0.10731559822909327	0.06844353594458971	0.0
/vol/bitbucket/osella/rl-qecc-data/supervisedLearning/sweep2/g5_mix_66-96_H3_s7134066.pth	3	7134066	12	mixed	[(6, 6), (9, 6)]	True	True	False	False	geometric5	10148123	3	27	2026-08-01	mixed_66-96	0.015023945469023817	0.10126529549364696	0.02932088164175205	0.08073283614366689	0.15930051028326206	0.20380987890291144	0.03316237049664216	0.0219898349070157	16.030007373179938	11.218728447201691	0.09853281890503435	4.446183786639035	0.17038117579921577	0.11449744418415457	0.0
/vol/bitbucket/osella/rl-qecc-data/supervisedLearning/sweep2/g5_mix_66-96_H4_s466555.pth	4	466555	12	mixed	[(6, 6), (9, 6)]	True	True	False	False	geometric5	10148123	3	27	2026-08-01	mixed_66-96	0.015023945469023817	0.14654279395193467	0.01926986840278302	0.05949190996512481	0.2532716564186307	0.3677745077532361	0.032906027219899624	0.0219898349070157	20.67756102534039	11.218728447201691	0.19633600997653064	7.755213748871978	0.02041064462303599	0.013821111606594095	0.0
/vol/bitbucket/osella/rl-qecc-data/supervisedLearning/sweep2/g5_mix_66-96_H6_s12345.pth	6	12345	12	mixed	[(6, 6), (9, 6)]	True	True	False	False	geometric5	10148123	3	27	2026-08-02	mixed_66-96	0.015023945469023817	0.1748115510457099	0.0200754998282557	0.05437125990579121	0.24733836091187394	0.5140055488036438	0.03826708577898573	0.0219898349070157	22.833472933335223	11.218728447201691	0.2758294064196386	1.645559777084161	0.2720946403336518	0.18685648043760678	0.0
/vol/bitbucket/osella/rl-qecc-data/supervisedLearning/sweep2/g5_mix_66-96_H6_s54321.pth	6	54321	12	mixed	[(6, 6), (9, 6)]	True	True	False	False	geometric5	10148123	3	27	2026-08-02	mixed_66-96	0.015023945469023817	0.1596398459353924	0.023518155813920943	0.06436911520875109	0.26610328387699334	0.4111334997254859	0.03307517505180918	0.0219898349070157	23.37055059827886	11.218728447201691	0.21816218394431386	2.290317774064457	0.2887822405301653	0.19906502488741445	0.0
/vol/bitbucket/osella/rl-qecc-data/supervisedLearning/sweep2/g5_mix_66-96_H7_s3000.pth	7	3000	12	mixed	[(6, 6), (9, 6)]	True	True	False	False	geometric5	10148123	3	27	2026-08-02	mixed_66-96	0.015023945469023817	0.14323085629324717	0.018156391609254852	0.05753865582655319	0.2807852632771165	0.3260200286130872	0.03365394214022293	0.0219898349070157	20.74602828821365	11.218728447201691	0.19184758184819747	1.4334852469462613	0.377396108787766	0.25948478002052194	0.0
/vol/bitbucket/osella/rl-qecc-data/supervisedLearning/sweep2/g5_mix_66-96_H7_s7134066.pth	7	7134066	12	mixed	[(6, 6), (9, 6)]	True	True	False	False	geometric5	10148123	3	27	2026-08-02	mixed_66-96	0.015023945469023817	0.15050182978526083	0.01815950950675286	0.06134137603379399	0.3120569950648092	0.32861598534035213	0.032335282980594834	0.0219898349070157	24.331189874811376	11.218728447201691	0.18996785054105036	1.708189850006861	0.4839313984200359	0.336598953953623	0.0
/vol/bitbucket/osella/rl-qecc-data/supervisedLearning/sweep2/g5_mix_66_H10_s466555.pth	10	466555	24	mixed	[(6, 6)]	True	False	False	False	geometric5	10148123	3	27	2026-08-02	mixed_66	0.015023945469023817	0.10724513237023577	0.0323023382303544	0.08343101396184996	0.19832627878797396	0.19016153376086622	0.032004497110135866	0.0219898349070157	16.503658941094496	11.218728447201691	0.11182599065881522	3.766734765089208	0.3163191191918705	0.2177728968975201	0.0
/vol/bitbucket/osella/rl-qecc-data/supervisedLearning/sweep2/g5_mix_66_H3_s12345.pth	3	12345	24	mixed	[(6, 6)]	True	False	False	False	geometric5	10148123	3	27	2026-08-02	mixed_66	0.015023945469023817	0.13706133053729147	0.05645530703277738	0.14877613478234647	0.26864614617578236	0.1782843645441559	0.03314470015139357	0.0219898349070157	18.679259214855385	11.218728447201691	0.11690235671895596	8.517410425215553	0.12997073076715762	0.08700967542313559	0.0
/vol/bitbucket/osella/rl-qecc-data/supervisedLearning/sweep2/g5_mix_66_H3_s54321.pth	3	54321	24	mixed	[(6, 6)]	True	False	False	False	geometric5	10148123	3	27	2026-08-02	mixed_66	0.015023945469023817	0.17135151275493007	0.018378377589944116	0.06183331591836261	0.30130225552150286	0.4393640269427482	0.03587958780209348	0.0219898349070157	25.506643145901833	11.218728447201691	0.24323842292250952	1.7306567822451915	0.28261911533784206	0.1897766166158902	0.0
/vol/bitbucket/osella/rl-qecc-data/supervisedLearning/sweep2/g5_mix_66_H4_s3000.pth	4	3000	24	mixed	[(6, 6)]	True	False	False	False	geometric5	10148123	3	27	2026-08-02	mixed_66	0.015023945469023817	0.08937926826575553	0.025804047524163636	0.06922847095151068	0.17527708372124443	0.14410908711401407	0.03247765201784517	0.0219898349070157	15.720905710374891	11.218728447201691	0.08539983977646673	8.231111400631663	0.2945435223632931	0.20214585741126068	0.0
/vol/bitbucket/osella/rl-qecc-data/supervisedLearning/sweep2/g5_mix_66_H4_s7134066.pth	4	7134066	24	mixed	[(6, 6)]	True	False	False	False	geometric5	10148123	3	27	2026-08-02	mixed_66	0.015023945469023817	0.11833173195049083	0.04423078647487193	0.11465004865997228	0.22621016852277112	0.17327484229914503	0.03329281379569476	0.0219898349070157	17.570572321560082	11.218728447201691	0.10795651953143465	9.898028916082156	0.32294270291885135	0.2216482624543191	0.0
/vol/bitbucket/osella/rl-qecc-data/supervisedLearning/sweep2/g5_mix_66_H6_s466555.pth	6	466555	24	mixed	[(6, 6)]	True	False	False	False	geometric5	10148123	3	27	2026-08-02	mixed_66	0.015023945469023817	0.12962623295062545	0.028296871667858634	0.07347838337576035	0.24382807879607415	0.269038254943164	0.03348957597027202	0.0219898349070157	19.118894435088873	11.218728447201691	0.14688949182015718	2.676421636212989	0.11722815546684474	0.08251929533460098	0.0
/vol/bitbucket/osella/rl-qecc-data/supervisedLearning/sweep2/g5_mix_66_H7_s12345.pth	7	12345	24	mixed	[(6, 6)]	True	False	False	False	geometric5	10148123	3	27	2026-08-02	mixed_66	0.015023945469023817	0.1047136351146273	0.02396828946283813	0.05513372091941653	0.20404221115569127	0.2069866560231604	0.03343729801202996	0.0219898349070157	17.306077179106993	11.218728447201691	0.11299250921783346	6.693846180027028	0.45010658249837804	0.31431160889205056	0.0
/vol/bitbucket/osella/rl-qecc-data/supervisedLearning/sweep2/g5_mix_66_H7_s54321.pth	7	54321	24	mixed	[(6, 6)]	True	False	False	False	geometric5	10148123	3	27	2026-08-02	mixed_66	0.015023945469023817	0.15378640543653085	0.019982866013562486	0.06104254730178591	0.2652654612808252	0.388852723441868	0.033788429144611366	0.0219898349070157	22.19849214351781	11.218728447201691	0.21027060349761514	2.631751021164237	0.08802615532013053	0.05914665884963759	0.0
