Model checkpoint	Number of harmonics	seed	epochs	recipie	trained on sizes	6,6	9,6	12,6	15,3	error range name	numberOfCodes	code l	code m	Date	recipe name	rewardMaeFloor	curveMae	curveMaeP0	curveMaeP1	curveMaeP2	curveMaeP3	curveMaeP4	curveMaeFloor	nll	noiseFloor	rewardMae	kMae	spearman	kendall	topK50
/vol/bitbucket/osella/rl-qecc-data/supervisedLearning/sweep2/g5_ground_anch_H10_s1000.pth	10	1000	2	groundAnchored	[(6, 6), (9, 6), (12, 6), (15, 3)]	True	True	True	True	geometric5	48054	21	18	2026-08-01	groundAnchored_66-96-126-153	0.011864279046925488	0.10721746315697776	0.0013096048480541168	0.005243778653448625	0.08997835766981727	0.4137446177263367	0.025810956887231964	0.009533160740850578	11.662583838243862	4.67302309279921	0.195192152436896	3.236284549854398	0.38158115392867364	0.29412108432333656	0.0
/vol/bitbucket/osella/rl-qecc-data/supervisedLearning/sweep2/g5_ground_anch_H10_s5000.pth	10	5000	2	groundAnchored	[(6, 6), (9, 6), (12, 6), (15, 3)]	True	True	True	True	geometric5	48054	21	18	2026-08-01	groundAnchored_66-96-126-153	0.011864279046925488	0.1303166882110773	0.0020949643233180494	0.008567742918803922	0.10950389803836462	0.503519979065057	0.027896856709842797	0.009533160740850578	13.997186118631294	4.67302309279921	0.2423502453358193	3.147815456445751	-0.0891898342297488	-0.017210169518577748	0.0
/vol/bitbucket/osella/rl-qecc-data/supervisedLearning/sweep2/g5_ground_anch_H3_s2000.pth	3	2000	2	groundAnchored	[(6, 6), (9, 6), (12, 6), (15, 3)]	True	True	True	True	geometric5	48054	21	18	2026-08-01	groundAnchored_66-96-126-153	0.011864279046925488	0.10628881481831712	0.0023785975025125703	0.00962406734839431	0.09219633533182184	0.40233680715671843	0.024908266752138423	0.009533160740850578	11.742470292094564	4.67302309279921	0.18577191776397037	9.889004882853461	0.46764973505449564	0.3699617822173356	0.0
/vol/bitbucket/osella/rl-qecc-data/supervisedLearning/sweep2/g5_ground_anch_H3_s6000.pth	3	6000	2	groundAnchored	[(6, 6), (9, 6), (12, 6), (15, 3)]	True	True	True	True	geometric5	48054	21	18	2026-08-01	groundAnchored_66-96-126-153	0.011864279046925488	0.13534511349594777	0.0050654253730400035	0.01955521618611128	0.12243019911460974	0.5036589587223327	0.026015768083645106	0.009533160740850578	14.159241534205924	4.67302309279921	0.24093222752135351	4.458433480294906	0.22909298483764892	0.2170436426308372	0.02
/vol/bitbucket/osella/rl-qecc-data/supervisedLearning/sweep2/g5_ground_anch_H4_s4000.pth	4	4000	2	groundAnchored	[(6, 6), (9, 6), (12, 6), (15, 3)]	True	True	True	True	geometric5	48054	21	18	2026-08-01	groundAnchored_66-96-126-153	0.011864279046925488	0.10455241806119477	0.003449256997543042	0.011633447807469294	0.10354776467923181	0.37910234841819845	0.025029272403531286	0.009533160740850578	11.319263757508773	4.67302309279921	0.17646693444681974	5.088292747553643	0.2758911272421039	0.2038969271596025	0.0
/vol/bitbucket/osella/rl-qecc-data/supervisedLearning/sweep2/g5_ground_anch_H6_s1000.pth	6	1000	2	groundAnchored	[(6, 6), (9, 6), (12, 6), (15, 3)]	True	True	True	True	geometric5	48054	21	18	2026-08-01	groundAnchored_66-96-126-153	0.011864279046925488	0.11771401120574643	0.0016193655236006283	0.006778505217122547	0.08325347303873953	0.4655220386888243	0.03139667356044517	0.009533160740850578	12.193979621185782	4.67302309279921	0.22132426041686976	2.619774148348799	0.4343774526405016	0.32199581825661605	0.02
/vol/bitbucket/osella/rl-qecc-data/supervisedLearning/sweep2/g5_ground_anch_H6_s5000.pth	6	5000	2	groundAnchored	[(6, 6), (9, 6), (12, 6), (15, 3)]	True	True	True	True	geometric5	48054	21	18	2026-08-01	groundAnchored_66-96-126-153	0.011864279046925488	0.13851289125820354	0.0034586328334707934	0.01450305695152653	0.12850082546239625	0.5193596554328258	0.02674228561079825	0.009533160740850578	14.69864220089106	4.67302309279921	0.24957836849671178	3.310551089715952	-0.09327388089329537	-0.03375741046246936	0.0
/vol/bitbucket/osella/rl-qecc-data/supervisedLearning/sweep2/g5_ground_anch_H7_s2000.pth	7	2000	2	groundAnchored	[(6, 6), (9, 6), (12, 6), (15, 3)]	True	True	True	True	geometric5	48054	21	18	2026-08-01	groundAnchored_66-96-126-153	0.011864279046925488	0.10850476737194369	0.001649290077332165	0.0055444459823440475	0.07689520783205334	0.4300916699957261	0.028343222972262834	0.009533160740850578	11.54539237781817	4.67302309279921	0.20444489686818765	2.93792188423584	0.6442457896403831	0.4939242241192517	0.0
/vol/bitbucket/osella/rl-qecc-data/supervisedLearning/sweep2/g5_ground_anch_H7_s6000.pth	7	6000	2	groundAnchored	[(6, 6), (9, 6), (12, 6), (15, 3)]	True	True	True	True	geometric5	48054	21	18	2026-08-01	groundAnchored_66-96-126-153	0.011864279046925488	0.08454477128085224	0.001115178406850873	0.004105319909756905	0.07627309897497098	0.3163457227006865	0.02488453641199573	0.009533160740850578	10.148599414595305	4.67302309279921	0.14720163233429226	6.094744138911744	0.6740870214155289	0.5282282686096349	0.0
/vol/bitbucket/osella/rl-qecc-data/supervisedLearning/sweep2/g5_ground_pure_H10_s4000.pth	10	4000	2	groundPure	[(6, 6), (9, 6), (12, 6), (15, 3)]	True	True	True	True	geometric5	48054	21	18	2026-08-01	groundPure_66-96-126-153	0.011864279046925488	0.1346160672840131	0.0007958522274736951	0.002381294946231987	0.0796537586712574	0.5542433618558983	0.03600606871920389	0.009533160740850578	15.160718399958828	4.67302309279921	0.26557741085269143	2.432080817787211	0.4461995021588583	0.3256109941737129	0.02
/vol/bitbucket/osella/rl-qecc-data/supervisedLearning/sweep2/g5_ground_pure_H3_s1000.pth	3	1000	2	groundPure	[(6, 6), (9, 6), (12, 6), (15, 3)]	True	True	True	True	geometric5	48054	21	18	2026-08-01	groundPure_66-96-126-153	0.011864279046925488	0.10532657664890838	0.01182047000097783	0.05544390239274491	0.2102913887443873	0.22414502463816266	0.024932097468269198	0.009533160740850578	11.157977184247592	4.67302309279921	0.09228129035959375	13.105283174760066	0.2148549308754077	0.14834701876142364	0.0
/vol/bitbucket/osella/rl-qecc-data/supervisedLearning/sweep2/g5_ground_pure_H3_s5000.pth	3	5000	2	groundPure	[(6, 6), (9, 6), (12, 6), (15, 3)]	True	True	True	True	geometric5	48054	21	18	2026-08-01	groundPure_66-96-126-153	0.011864279046925488	0.12423377030694181	0.01240275791983298	0.037859373398949896	0.12907028845401844	0.41571496549432396	0.026121466267583732	0.009533160740850578	12.36561483964639	4.67302309279921	0.19459454965134929	3.905506591267585	-0.18696965409138147	-0.11135377269129353	0.0
/vol/bitbucket/osella/rl-qecc-data/supervisedLearning/sweep2/g5_ground_pure_H4_s2000.pth	4	2000	2	groundPure	[(6, 6), (9, 6), (12, 6), (15, 3)]	True	True	True	True	geometric5	48054	21	18	2026-08-01	groundPure_66-96-126-153	0.011864279046925488	0.11768121368151097	0.005312635998688543	0.02134354321765031	0.10135992940551126	0.4333713668503058	0.027018592935398926	0.009533160740850578	11.82906836008096	4.67302309279921	0.20400987339395285	3.1858310179699076	0.21567207206252317	0.18516563875857606	0.0
/vol/bitbucket/osella/rl-qecc-data/supervisedLearning/sweep2/g5_ground_pure_H4_s6000.pth	4	6000	2	groundPure	[(6, 6), (9, 6), (12, 6), (15, 3)]	True	True	True	True	geometric5	48054	21	18	2026-08-01	groundPure_66-96-126-153	0.011864279046925488	0.12656813640339282	0.0018997851776068545	0.006395203183532384	0.09132574297014102	0.5077829619783406	0.025436988707343296	0.009533160740850578	13.748710056654165	4.67302309279921	0.237491248667108	3.6756510052058005	0.16025605357772765	0.13208655011795564	0.0
/vol/bitbucket/osella/rl-qecc-data/supervisedLearning/sweep2/g5_ground_pure_H6_s4000.pth	6	4000	2	groundPure	[(6, 6), (9, 6), (12, 6), (15, 3)]	True	True	True	True	geometric5	48054	21	18	2026-08-01	groundPure_66-96-126-153	0.011864279046925488	0.10100296170360892	0.0012332859715638584	0.0046066469095988995	0.07522144520097063	0.3989971663953263	0.024956264040584937	0.009533160740850578	11.33258926995972	4.67302309279921	0.18466758439298442	2.858373361599948	0.6246083805768362	0.47406634691817023	0.0
/vol/bitbucket/osella/rl-qecc-data/supervisedLearning/sweep2/g5_ground_pure_H7_s1000.pth	7	1000	2	groundPure	[(6, 6), (9, 6), (12, 6), (15, 3)]	True	True	True	True	geometric5	48054	21	18	2026-08-01	groundPure_66-96-126-153	0.011864279046925488	0.09842449924665782	0.0009144898404067852	0.0035282592823227808	0.07625650755439917	0.38636218890999613	0.02506105064616428	0.009533160740850578	10.944970140755359	4.67302309279921	0.17888665066862505	3.1470178921541114	0.7429450438341371	0.5705118096097845	0.0
/vol/bitbucket/osella/rl-qecc-data/supervisedLearning/sweep2/g5_ground_pure_H7_s5000.pth	7	5000	2	groundPure	[(6, 6), (9, 6), (12, 6), (15, 3)]	True	True	True	True	geometric5	48054	21	18	2026-08-01	groundPure_66-96-126-153	0.011864279046925488	0.10714310899397458	0.0013251110201473472	0.005395638045264924	0.08878483934066196	0.41119006851401946	0.029019888049779122	0.009533160740850578	11.15831163948164	4.67302309279921	0.19762371329067474	3.073845084450707	0.17148607815408098	0.1528225328823214	0.0
/vol/bitbucket/osella/rl-qecc-data/supervisedLearning/sweep2/g5_mix_66-96-126-153_H10_s2000.pth	10	2000	6	mixed	[(6, 6), (9, 6), (12, 6), (15, 3)]	True	True	True	True	geometric5	48054	21	18	2026-08-01	mixed_66-96-126-153	0.011864279046925488	0.09192251921183096	0.003754244372002399	0.01000602067965815	0.09349260295403854	0.32483916993884304	0.02752055811461287	0.009533160740850578	10.594079462092456	4.67302309279921	0.1588206417508739	2.9221901598606594	0.5544162869607693	0.4342288644805471	0.0
/vol/bitbucket/osella/rl-qecc-data/supervisedLearning/sweep2/g5_mix_66-96-126-153_H10_s6000.pth	10	6000	6	mixed	[(6, 6), (9, 6), (12, 6), (15, 3)]	True	True	True	True	geometric5	48054	21	18	2026-08-01	mixed_66-96-126-153	0.011864279046925488	0.09329076806168705	0.001779322316419286	0.005442060443401703	0.08591983265164702	0.3448156097013316	0.028497015195635723	0.009533160740850578	10.512349210225432	4.67302309279921	0.16804735058196396	2.74304470808491	0.5891593386267069	0.4439484882084952	0.0
/vol/bitbucket/osella/rl-qecc-data/supervisedLearning/sweep2/g5_mix_66-96-126-153_H3_s4000.pth	3	4000	6	mixed	[(6, 6), (9, 6), (12, 6), (15, 3)]	True	True	True	True	geometric5	48054	21	18	2026-08-01	mixed_66-96-126-153	0.011864279046925488	0.08178084804036445	0.00426136964439389	0.012190918737174438	0.08359164640931771	0.28178815320284617	0.02707215220809018	0.009533160740850578	9.429720434354563	4.67302309279921	0.13687386851424696	3.2251313969095374	0.6236981328091085	0.47655653428670647	0.0
/vol/bitbucket/osella/rl-qecc-data/supervisedLearning/sweep2/g5_mix_66-96-126-153_H4_s1000.pth	4	1000	6	mixed	[(6, 6), (9, 6), (12, 6), (15, 3)]	True	True	True	True	geometric5	48054	21	18	2026-08-01	mixed_66-96-126-153	0.011864279046925488	0.10823117534352908	0.009893495780862186	0.025962251411897848	0.12783273196733616	0.3493720495174647	0.02809534804008425	0.009533160740850578	11.794617200585552	4.67302309279921	0.17680031712340927	2.9296063802143744	0.25554705959708074	0.23077029393600307	0.0
/vol/bitbucket/osella/rl-qecc-data/supervisedLearning/sweep2/g5_mix_66-96-126-153_H4_s5000.pth	4	5000	6	mixed	[(6, 6), (9, 6), (12, 6), (15, 3)]	True	True	True	True	geometric5	48054	21	18	2026-08-01	mixed_66-96-126-153	0.011864279046925488	0.11037165863843007	0.007778540519052771	0.020773175579815818	0.11069623838335127	0.384504403731392	0.02810593497853862	0.009533160740850578	12.308708877461106	4.67302309279921	0.18962045958343682	3.375498054112101	0.4045807824455837	0.3343244520649957	0.0
/vol/bitbucket/osella/rl-qecc-data/supervisedLearning/sweep2/g5_mix_66-96-126-153_H6_s2000.pth	6	2000	6	mixed	[(6, 6), (9, 6), (12, 6), (15, 3)]	True	True	True	True	geometric5	48054	21	18	2026-08-01	mixed_66-96-126-153	0.011864279046925488	0.10607379820442056	0.0039525010810925985	0.012384131667647602	0.09601601142087053	0.38839012579235926	0.02962622106013269	0.009533160740850578	11.717113220616435	4.67302309279921	0.18964074213951795	2.70665954761342	0.5259938252762236	0.41034245851412904	0.0
/vol/bitbucket/osella/rl-qecc-data/supervisedLearning/sweep2/g5_mix_66-96-126-153_H6_s6000.pth	6	6000	6	mixed	[(6, 6), (9, 6), (12, 6), (15, 3)]	True	True	True	True	geometric5	48054	21	18	2026-08-01	mixed_66-96-126-153	0.011864279046925488	0.1256569943346804	0.0026568380392965017	0.009062328174783495	0.10750705914392912	0.4704868835131641	0.03857186280222884	0.009533160740850578	13.331351996538002	4.67302309279921	0.22904005756560428	2.694855956113477	0.3733245125661673	0.27731881596224245	0.02
/vol/bitbucket/osella/rl-qecc-data/supervisedLearning/sweep2/g5_mix_66-96-126-153_H7_s4000.pth	7	4000	6	mixed	[(6, 6), (9, 6), (12, 6), (15, 3)]	True	True	True	True	geometric5	48054	21	18	2026-08-01	mixed_66-96-126-153	0.011864279046925488	0.1050286734629145	0.0035044849463555664	0.009941936461212803	0.08969760212918683	0.3942524401535726	0.027746903624244663	0.009533160740850578	11.6945799426177	4.67302309279921	0.18926380839815876	3.011465507432922	0.46280471707562265	0.35519576193857283	0.02
/vol/bitbucket/osella/rl-qecc-data/supervisedLearning/sweep2/g5_mix_66-96-126_H10_s1000.pth	10	1000	8	mixed	[(6, 6), (9, 6), (12, 6)]	True	True	True	False	geometric5	48054	21	18	2026-08-01	mixed_66-96-126	0.011864279046925488	0.08583041503103725	0.00315574636224928	0.009211090698162769	0.08482260889671109	0.302554902966911	0.029407726231152016	0.009533160740850578	9.688348201240673	4.67302309279921	0.1468817795486001	2.672026461710886	0.6482517486767245	0.4856406456264605	0.0
/vol/bitbucket/osella/rl-qecc-data/supervisedLearning/sweep2/g5_mix_66-96-126_H10_s5000.pth	10	5000	8	mixed	[(6, 6), (9, 6), (12, 6)]	True	True	True	False	geometric5	48054	21	18	2026-08-01	mixed_66-96-126	0.011864279046925488	0.09594384507438976	0.002971403740122672	0.00798297139577388	0.08730799545124918	0.3524185226830226	0.029038332101780466	0.009533160740850578	10.765529440090608	4.67302309279921	0.17028486264724035	2.623441657463789	0.6438236965798028	0.48414682239387224	0.0
/vol/bitbucket/osella/rl-qecc-data/supervisedLearning/sweep2/g5_mix_66-96-126_H3_s2000.pth	3	2000	8	mixed	[(6, 6), (9, 6), (12, 6)]	True	True	True	False	geometric5	48054	21	18	2026-08-01	mixed_66-96-126	0.011864279046925488	0.08803780906283433	0.0043212261157911875	0.011838703761826259	0.092872767173925	0.3046302345464276	0.02652611371620162	0.009533160740850578	10.10412851920314	4.67302309279921	0.1470450465432252	3.335355785687169	0.5744574153326275	0.44641240594167886	0.0
/vol/bitbucket/osella/rl-qecc-data/supervisedLearning/sweep2/g5_mix_66-96-126_H3_s6000.pth	3	6000	8	mixed	[(6, 6), (9, 6), (12, 6)]	True	True	True	False	geometric5	48054	21	18	2026-08-01	mixed_66-96-126	0.011864279046925488	0.0928103549840708	0.0024041111859837544	0.007678836006431781	0.09155967927634596	0.3347837072285854	0.027625441223007124	0.009533160740850578	10.505532346949202	4.67302309279921	0.1628404533451982	3.03731989767259	0.49802131450560355	0.3773154421117201	0.0
/vol/bitbucket/osella/rl-qecc-data/supervisedLearning/sweep2/g5_mix_66-96-126_H4_s4000.pth	4	4000	8	mixed	[(6, 6), (9, 6), (12, 6)]	True	True	True	False	geometric5	48054	21	18	2026-08-01	mixed_66-96-126	0.011864279046925488	0.1115422353410118	0.003833918444295546	0.011473715198887112	0.09520598007701013	0.4168092482177331	0.030388314767133315	0.009533160740850578	12.194486404783571	4.67302309279921	0.20219312114841984	2.9468848095477216	0.47012814432027383	0.3552363623482651	0.0
/vol/bitbucket/osella/rl-qecc-data/supervisedLearning/sweep2/g5_mix_66-96-126_H6_s1000.pth	6	1000	8	mixed	[(6, 6), (9, 6), (12, 6)]	True	True	True	False	geometric5	48054	21	18	2026-08-01	mixed_66-96-126	0.011864279046925488	0.10712167271795431	0.0017782685169503124	0.004886763181197384	0.08550380240868047	0.41187368767940835	0.03156584180353504	0.009533160740850578	12.05711642618736	4.67302309279921	0.19960869310245125	2.5578792481633386	0.5835533710554323	0.42486137066577123	0.0
/vol/bitbucket/osella/rl-qecc-data/supervisedLearning/sweep2/g5_mix_66-96-126_H6_s5000.pth	6	5000	8	mixed	[(6, 6), (9, 6), (12, 6)]	True	True	True	False	geometric5	48054	21	18	2026-08-01	mixed_66-96-126	0.011864279046925488	0.13108510004688748	0.0021850994429616273	0.007793369936763485	0.1034291236797278	0.5123063556083012	0.029711551566683026	0.009533160740850578	15.153562062909174	4.67302309279921	0.24802218726267797	3.5761082935939545	0.10137080788445678	0.09359282868803727	0.0
/vol/bitbucket/osella/rl-qecc-data/supervisedLearning/sweep2/g5_mix_66-96-126_H7_s2000.pth	7	2000	8	mixed	[(6, 6), (9, 6), (12, 6)]	True	True	True	False	geometric5	48054	21	18	2026-08-01	mixed_66-96-126	0.011864279046925488	0.09235201003888487	0.0025688590145801203	0.007593440442092299	0.084790817601912	0.3385113857434266	0.02829554739241327	0.009533160740850578	10.308928855556436	4.67302309279921	0.1646785623006287	3.076834626673521	0.5574360039691323	0.41438540669991153	0.0
/vol/bitbucket/osella/rl-qecc-data/supervisedLearning/sweep2/g5_mix_66-96-126_H7_s6000.pth	7	6000	8	mixed	[(6, 6), (9, 6), (12, 6)]	True	True	True	False	geometric5	48054	21	18	2026-08-01	mixed_66-96-126	0.011864279046925488	0.10341927261080619	0.0022693432059016946	0.0063647922927898325	0.08307824577768526	0.393466669996097	0.03191731178155725	0.009533160740850578	11.883648514329224	4.67302309279921	0.19294725553979925	2.788954868508957	0.6081121650075749	0.46729845870172765	0.0
/vol/bitbucket/osella/rl-qecc-data/supervisedLearning/sweep2/g5_mix_66-96_H10_s4000.pth	10	4000	12	mixed	[(6, 6), (9, 6)]	True	True	False	False	geometric5	48054	21	18	2026-08-01	mixed_66-96	0.011864279046925488	0.11816602124498238	0.002073429903156679	0.0060988405584935755	0.08879863888533608	0.4553072249283305	0.038551971949595074	0.009533160740850578	12.975419425295616	4.67302309279921	0.22454069758516315	2.6481317287428716	0.5345254477340556	0.4122544724199675	0.0
/vol/bitbucket/osella/rl-qecc-data/supervisedLearning/sweep2/g5_mix_66-96_H3_s1000.pth	3	1000	12	mixed	[(6, 6), (9, 6)]	True	True	False	False	geometric5	48054	21	18	2026-08-01	mixed_66-96	0.011864279046925488	0.11067033233288123	0.0011903113285643195	0.0037912753014439555	0.08869392766325793	0.431371955393827	0.028304191977312817	0.009533160740850578	12.423628113051015	4.67302309279921	0.2067692453503412	2.9242439780827887	0.4518471595713271	0.3293388377177831	0.0
/vol/bitbucket/osella/rl-qecc-data/supervisedLearning/sweep2/g5_mix_66-96_H3_s5000.pth	3	5000	12	mixed	[(6, 6), (9, 6)]	True	True	False	False	geometric5	48054	21	18	2026-08-01	mixed_66-96	0.011864279046925488	0.1309774414618138	0.0033808817983625693	0.012324748881112107	0.10138742833344568	0.5095670823649843	0.028227065931164523	0.009533160740850578	14.242008937776442	4.67302309279921	0.24316050633401134	3.2344586823313763	-0.0020186521963515276	0.02459534415385409	0.0
/vol/bitbucket/osella/rl-qecc-data/supervisedLearning/sweep2/g5_mix_66-96_H4_s2000.pth	4	2000	12	mixed	[(6, 6), (9, 6)]	True	True	False	False	geometric5	48054	21	18	2026-08-01	mixed_66-96	0.011864279046925488	0.10337657056155745	0.0012839613382098567	0.0037797090989943227	0.07681136123728673	0.3995784587291399	0.03542936240415644	0.009533160740850578	11.602111364282077	4.67302309279921	0.19543764580291156	2.712058253218213	0.6819087461517899	0.5307608409255662	0.0
/vol/bitbucket/osella/rl-qecc-data/supervisedLearning/sweep2/g5_mix_66-96_H4_s6000.pth	4	6000	12	mixed	[(6, 6), (9, 6)]	True	True	False	False	geometric5	48054	21	18	2026-08-01	mixed_66-96	0.011864279046925488	0.11657047411190749	0.001572535614426547	0.004558677078474176	0.08334790715189588	0.45701033766011834	0.03636291305462252	0.009533160740850578	13.328616306036242	4.67302309279921	0.22338870074436917	2.8337028751600726	0.5664510665523281	0.4322312204370603	0.0
/vol/bitbucket/osella/rl-qecc-data/supervisedLearning/sweep2/g5_mix_66-96_H6_s4000.pth	6	4000	12	mixed	[(6, 6), (9, 6)]	True	True	False	False	geometric5	48054	21	18	2026-08-01	mixed_66-96	0.011864279046925488	0.14202173504038337	0.012290468812147301	0.02729364740682975	0.12466463238110088	0.4957349695457712	0.050124957056067766	0.009533160740850578	14.578777336451715	4.67302309279921	0.24995138290646984	3.200971659329191	-0.09362966511471787	-0.041471475638630184	0.0
/vol/bitbucket/osella/rl-qecc-data/supervisedLearning/sweep2/g5_mix_66-96_H7_s1000.pth	7	1000	12	mixed	[(6, 6), (9, 6)]	True	True	False	False	geometric5	48054	21	18	2026-08-01	mixed_66-96	0.011864279046925488	0.12893145719187366	0.002111908932846388	0.006351307370173122	0.0919577182609655	0.5017218253399844	0.04251452605539867	0.009533160740850578	14.487731288176754	4.67302309279921	0.25008688736775264	3.1977209402350204	0.3361646241361739	0.26825312663493045	0.0
/vol/bitbucket/osella/rl-qecc-data/supervisedLearning/sweep2/g5_mix_66-96_H7_s5000.pth	7	5000	12	mixed	[(6, 6), (9, 6)]	True	True	False	False	geometric5	48054	21	18	2026-08-01	mixed_66-96	0.011864279046925488	0.11382963276546444	0.001852116354981428	0.004619712831334452	0.08130466265398704	0.44927992802640676	0.03209174396061255	0.009533160740850578	12.947675728643228	4.67302309279921	0.21795042109743518	2.835866455592312	0.5991387417976797	0.46304045862249	0.0
/vol/bitbucket/osella/rl-qecc-data/supervisedLearning/sweep2/g5_mix_66_H10_s2000.pth	10	2000	24	mixed	[(6, 6)]	True	False	False	False	geometric5	48054	21	18	2026-08-01	mixed_66	0.011864279046925488	0.12453530374705954	0.0013780448109053554	0.00597120736195827	0.09172105601670841	0.4976203129503315	0.025985897595394113	0.009533160740850578	13.664648215070141	4.67302309279921	0.23279972591045872	3.2108536166645054	0.07889261187738802	0.06964902150580866	0.0
/vol/bitbucket/osella/rl-qecc-data/supervisedLearning/sweep2/g5_mix_66_H10_s6000.pth	10	6000	24	mixed	[(6, 6)]	True	False	False	False	geometric5	48054	21	18	2026-08-01	mixed_66	0.011864279046925488	0.12881699407213582	0.0029414068828437427	0.0084908627507198	0.09102396605770742	0.5125891661262172	0.029039568543191036	0.009533160740850578	13.884635594502864	4.67302309279921	0.2448414640794894	2.717327423318374	0.3133422650617866	0.24309580439868297	0.0
/vol/bitbucket/osella/rl-qecc-data/supervisedLearning/sweep2/g5_mix_66_H3_s4000.pth	3	4000	24	mixed	[(6, 6)]	True	False	False	False	geometric5	48054	21	18	2026-08-01	mixed_66	0.011864279046925488	0.13402913582760953	0.008099750437982112	0.030674661895173927	0.134230433780655	0.46871820320287294	0.028422629821363517	0.009533160740850578	13.698072630844242	4.67302309279921	0.21944888693946604	3.997525464517474	-0.09978678396138141	-0.06112633891334567	0.0
/vol/bitbucket/osella/rl-qecc-data/supervisedLearning/sweep2/g5_mix_66_H4_s1000.pth	4	1000	24	mixed	[(6, 6)]	True	False	False	False	geometric5	48054	21	18	2026-08-01	mixed_66	0.011864279046925488	0.14556390596810606	0.009665765851340529	0.025052094399813603	0.11458992094146833	0.5508160137774425	0.02769573487046507	0.009533160740850578	15.310619485516286	4.67302309279921	0.26093413790975417	3.1325565531527984	-0.08295912657371703	-0.04527455032249134	0.0
/vol/bitbucket/osella/rl-qecc-data/supervisedLearning/sweep2/g5_mix_66_H4_s5000.pth	4	5000	24	mixed	[(6, 6)]	True	False	False	False	geometric5	48054	21	18	2026-08-01	mixed_66	0.011864279046925488	0.13380115807882179	0.004267791818451312	0.013951451385083921	0.10747072056930917	0.5169754055484099	0.026340421072854364	0.009533160740850578	14.27324558023347	4.67302309279921	0.24490671317530896	2.780665417728082	0.2481975699183855	0.20150115644430416	0.0
/vol/bitbucket/osella/rl-qecc-data/supervisedLearning/sweep2/g5_mix_66_H6_s2000.pth	6	2000	24	mixed	[(6, 6)]	True	False	False	False	geometric5	48054	21	18	2026-08-01	mixed_66	0.011864279046925488	0.09206721441079226	0.0029010155105357494	0.012623572400564978	0.10588241751131248	0.3137153442328817	0.025213722398666413	0.009533160740850578	10.369464885422419	4.67302309279921	0.14615859787837415	4.840171149787461	0.25256576702779815	0.18683302223800144	0.0
/vol/bitbucket/osella/rl-qecc-data/supervisedLearning/sweep2/g5_mix_66_H6_s6000.pth	6	6000	24	mixed	[(6, 6)]	True	False	False	False	geometric5	48054	21	18	2026-08-01	mixed_66	0.011864279046925488	0.11736663256447934	0.0018174789519377688	0.006102915044018386	0.08653363420821364	0.4604067485009323	0.03197238611729448	0.009533160740850578	12.701084381764083	4.67302309279921	0.22178139835544783	3.0391059539740506	0.43572209552446756	0.32146529749191144	0.0
/vol/bitbucket/osella/rl-qecc-data/supervisedLearning/sweep2/g5_mix_66_H7_s4000.pth	7	4000	24	mixed	[(6, 6)]	True	False	False	False	geometric5	48054	21	18	2026-08-01	mixed_66	0.011864279046925488	0.13120825277129952	0.0033766573065076074	0.010989247736446627	0.10108983521250818	0.5114290863819405	0.029156437219094715	0.009533160740850578	14.24475049055573	4.67302309279921	0.24454101932018513	2.7777076219209507	0.2943172575839853	0.24197242254995577	0.0
/vol/bitbucket/osella/rl-qecc-data/supervisedLearning/sweep2/g5_ground_anch_H10_s1000.pth	10	1000	2	groundAnchored	[(6, 6), (9, 6), (12, 6), (15, 3)]	True	True	True	True	geometric5	895050	6	6	2026-08-01	groundAnchored_66-96-126-153	0.023935993090281937	0.02369536053449871	0.0034639015137683605	0.009842962868727538	0.030512530096425454	0.062148788689724614	0.012508619503847638	0.017182101469570527	10.652893069162143	10.111702831361514	0.03159610325291047	1.2473163012520347	0.8602103463018503	0.6799422758347129	0.04
/vol/bitbucket/osella/rl-qecc-data/supervisedLearning/sweep2/g5_ground_anch_H10_s5000.pth	10	5000	2	groundAnchored	[(6, 6), (9, 6), (12, 6), (15, 3)]	True	True	True	True	geometric5	895050	6	6	2026-08-01	groundAnchored_66-96-126-153	0.023935993090281937	0.02627180830842074	0.003802996387665875	0.011210354517503292	0.034328027765196105	0.06928680413582894	0.012730858735909383	0.017182101469570527	10.746955494571296	10.111702831361514	0.03568734025461299	1.261682433906224	0.8276697054604404	0.6434287914555314	0.06
/vol/bitbucket/osella/rl-qecc-data/supervisedLearning/sweep2/g5_ground_anch_H3_s2000.pth	3	2000	2	groundAnchored	[(6, 6), (9, 6), (12, 6), (15, 3)]	True	True	True	True	geometric5	895050	6	6	2026-08-01	groundAnchored_66-96-126-153	0.023935993090281937	0.02387922493523892	0.0034601990582651325	0.009982771404935987	0.03080085588322688	0.06229709115493111	0.012855207174835528	0.017182101469570527	10.655100042223081	10.111702831361514	0.031761593117408	1.300862148801519	0.8584291310688981	0.6778420708301075	0.02
/vol/bitbucket/osella/rl-qecc-data/supervisedLearning/sweep2/g5_ground_anch_H3_s6000.pth	3	6000	2	groundAnchored	[(6, 6), (9, 6), (12, 6), (15, 3)]	True	True	True	True	geometric5	895050	6	6	2026-08-01	groundAnchored_66-96-126-153	0.023935993090281937	0.023169272520030815	0.0031963988456754286	0.00920174861187154	0.029546909973095076	0.061347626891944375	0.01255367827756772	0.017182101469570527	10.626788070050734	10.111702831361514	0.03109880970592099	1.2431564944596618	0.8640028896701125	0.684407617741604	0.04
/vol/bitbucket/osella/rl-qecc-data/supervisedLearning/sweep2/g5_ground_anch_H4_s4000.pth	4	4000	2	groundAnchored	[(6, 6), (9, 6), (12, 6), (15, 3)]	True	True	True	True	geometric5	895050	6	6	2026-08-01	groundAnchored_66-96-126-153	0.023935993090281937	0.024038883239847667	0.0034485965476353615	0.010028716862719077	0.03099046599122225	0.06286667749269677	0.012859959304964981	0.017182101469570527	10.674267173213682	10.111702831361514	0.03209311864438423	1.2569673168830355	0.8549008353122165	0.6736133065826695	0.0
/vol/bitbucket/osella/rl-qecc-data/supervisedLearning/sweep2/g5_ground_anch_H6_s1000.pth	6	1000	2	groundAnchored	[(6, 6), (9, 6), (12, 6), (15, 3)]	True	True	True	True	geometric5	895050	6	6	2026-08-01	groundAnchored_66-96-126-153	0.023935993090281937	0.023682932341485483	0.0032295401857898925	0.009552479561184718	0.03034567197217771	0.062435879800272306	0.01285109018800284	0.017182101469570527	10.649453362562669	10.111702831361514	0.03179867465414152	1.3211752587413996	0.8590003085252604	0.6782753853408796	0.04
/vol/bitbucket/osella/rl-qecc-data/supervisedLearning/sweep2/g5_ground_anch_H6_s5000.pth	6	5000	2	groundAnchored	[(6, 6), (9, 6), (12, 6), (15, 3)]	True	True	True	True	geometric5	895050	6	6	2026-08-01	groundAnchored_66-96-126-153	0.023935993090281937	0.023492495674518728	0.003217490182593935	0.009438030244411508	0.029881135690251536	0.061990307946916304	0.01293551430842043	0.017182101469570527	10.63625954821094	10.111702831361514	0.031484969454958864	1.2497952363517828	0.860477306439165	0.680314958306087	0.06
/vol/bitbucket/osella/rl-qecc-data/supervisedLearning/sweep2/g5_ground_anch_H7_s2000.pth	7	2000	2	groundAnchored	[(6, 6), (9, 6), (12, 6), (15, 3)]	True	True	True	True	geometric5	895050	6	6	2026-08-01	groundAnchored_66-96-126-153	0.023935993090281937	0.02377338572392446	0.003566940211835147	0.010088340958342382	0.030497548259456938	0.06206669021853664	0.012647408971451135	0.017182101469570527	10.661726526796702	10.111702831361514	0.03152392829476227	1.223708109525747	0.8610386957896711	0.6808097171922194	0.08
/vol/bitbucket/osella/rl-qecc-data/supervisedLearning/sweep2/g5_ground_anch_H7_s6000.pth	7	6000	2	groundAnchored	[(6, 6), (9, 6), (12, 6), (15, 3)]	True	True	True	True	geometric5	895050	6	6	2026-08-01	groundAnchored_66-96-126-153	0.023935993090281937	0.02362979174700035	0.0032950816313287905	0.00954269626507465	0.030281712911897712	0.06246296089789305	0.012566507028807438	0.017182101469570527	10.65633058733181	10.111702831361514	0.03165577780846475	1.240312359587293	0.859027096240772	0.6783468059224402	0.04
/vol/bitbucket/osella/rl-qecc-data/supervisedLearning/sweep2/g5_ground_pure_H10_s4000.pth	10	4000	2	groundPure	[(6, 6), (9, 6), (12, 6), (15, 3)]	True	True	True	True	geometric5	895050	6	6	2026-08-01	groundPure_66-96-126-153	0.023935993090281937	0.02576669474223835	0.0036211813378967507	0.010462687948685843	0.033662550829291184	0.0685672934252617	0.012519760170056295	0.017182101469570527	10.767002918765177	10.111702831361514	0.03521897204834757	1.1882970082339652	0.8370003364262733	0.6521968237041412	0.0
/vol/bitbucket/osella/rl-qecc-data/supervisedLearning/sweep2/g5_ground_pure_H3_s1000.pth	3	1000	2	groundPure	[(6, 6), (9, 6), (12, 6), (15, 3)]	True	True	True	True	geometric5	895050	6	6	2026-08-01	groundPure_66-96-126-153	0.023935993090281937	0.026657495646912034	0.003764537742639595	0.011280064687652965	0.03377631301267974	0.07123713144145397	0.013229431350133861	0.017182101469570527	10.80619418346486	10.111702831361514	0.036780932565769905	1.3299457926371532	0.828523383516972	0.6431143597807439	0.1
/vol/bitbucket/osella/rl-qecc-data/supervisedLearning/sweep2/g5_ground_pure_H3_s5000.pth	3	5000	2	groundPure	[(6, 6), (9, 6), (12, 6), (15, 3)]	True	True	True	True	geometric5	895050	6	6	2026-08-01	groundPure_66-96-126-153	0.023935993090281937	0.025337394088241594	0.0037379813101635208	0.011079126246864905	0.033150244102983825	0.0662149065427254	0.01250471223847029	0.017182101469570527	10.74807375644134	10.111702831361514	0.03400204983863692	1.2135155776397961	0.8405025956822801	0.6562804540256792	0.04
/vol/bitbucket/osella/rl-qecc-data/supervisedLearning/sweep2/g5_ground_pure_H4_s2000.pth	4	2000	2	groundPure	[(6, 6), (9, 6), (12, 6), (15, 3)]	True	True	True	True	geometric5	895050	6	6	2026-08-01	groundPure_66-96-126-153	0.023935993090281937	0.02827839615369518	0.0041549472414211695	0.012612930278812494	0.037409144620893314	0.07435523809865986	0.012859720528689127	0.017182101469570527	10.848862423072214	10.111702831361514	0.03853603277171171	1.2534605969509514	0.8106881720728725	0.6237558531461702	0.04
/vol/bitbucket/osella/rl-qecc-data/supervisedLearning/sweep2/g5_ground_pure_H4_s6000.pth	4	6000	2	groundPure	[(6, 6), (9, 6), (12, 6), (15, 3)]	True	True	True	True	geometric5	895050	6	6	2026-08-01	groundPure_66-96-126-153	0.023935993090281937	0.02572748650786761	0.003655718869846139	0.01090072568184105	0.03331588413307977	0.06791432782256167	0.012850776032009369	0.017182101469570527	10.74174439772686	10.111702831361514	0.034845830616174085	1.3061959147478615	0.8292367022607589	0.6440451361112332	0.04
/vol/bitbucket/osella/rl-qecc-data/supervisedLearning/sweep2/g5_ground_pure_H6_s4000.pth	6	4000	2	groundPure	[(6, 6), (9, 6), (12, 6), (15, 3)]	True	True	True	True	geometric5	895050	6	6	2026-08-01	groundPure_66-96-126-153	0.023935993090281937	0.02732495666128903	0.004077943605021448	0.012072402506674542	0.03602585441187507	0.07146237210692154	0.012986210675952558	0.017182101469570527	10.831337903312198	10.111702831361514	0.03694455413154053	1.2409799374148112	0.8187756609851609	0.6322218300584482	0.0
/vol/bitbucket/osella/rl-qecc-data/supervisedLearning/sweep2/g5_ground_pure_H7_s1000.pth	7	1000	2	groundPure	[(6, 6), (9, 6), (12, 6), (15, 3)]	True	True	True	True	geometric5	895050	6	6	2026-08-01	groundPure_66-96-126-153	0.023935993090281937	0.025161946616598697	0.0035065964391518233	0.01053876573734263	0.03286143172741228	0.06610580792298189	0.01279713125610468	0.017182101469570527	10.736460805332483	10.111702831361514	0.0339338025056988	1.2464558601311468	0.8400038966634498	0.6562778229541376	0.04
/vol/bitbucket/osella/rl-qecc-data/supervisedLearning/sweep2/g5_ground_pure_H7_s5000.pth	7	5000	2	groundPure	[(6, 6), (9, 6), (12, 6), (15, 3)]	True	True	True	True	geometric5	895050	6	6	2026-08-01	groundPure_66-96-126-153	0.023935993090281937	0.025365529630877365	0.003419463268618117	0.010246897904544706	0.03330772725503612	0.06713085689114705	0.012722702835041016	0.017182101469570527	10.745321658885551	10.111702831361514	0.03445944346197077	1.2389962699949246	0.8324807695414368	0.6478980336525966	0.04
/vol/bitbucket/osella/rl-qecc-data/supervisedLearning/sweep2/g5_mix_66-96-126-153_H10_s2000.pth	10	2000	6	mixed	[(6, 6), (9, 6), (12, 6), (15, 3)]	True	True	True	True	geometric5	895050	6	6	2026-08-01	mixed_66-96-126-153	0.023935993090281937	0.028873488576193037	0.004680054612073277	0.013202707394449368	0.03727075596048292	0.07430911200124715	0.014904812912712409	0.017182101469570527	10.901291851604816	10.111702831361514	0.03930146224243039	1.7315929708738687	0.7891071882077033	0.6030395125869042	0.02
/vol/bitbucket/osella/rl-qecc-data/supervisedLearning/sweep2/g5_mix_66-96-126-153_H10_s6000.pth	10	6000	6	mixed	[(6, 6), (9, 6), (12, 6), (15, 3)]	True	True	True	True	geometric5	895050	6	6	2026-08-01	mixed_66-96-126-153	0.023935993090281937	0.029405812581343914	0.004541727573324662	0.013332507997866581	0.03974145078827493	0.07466278507362495	0.014750591473628569	0.017182101469570527	10.901470847585184	10.111702831361514	0.03956176293177746	1.7217074765977123	0.7899362598546057	0.602792836460376	0.02
/vol/bitbucket/osella/rl-qecc-data/supervisedLearning/sweep2/g5_mix_66-96-126-153_H3_s4000.pth	3	4000	6	mixed	[(6, 6), (9, 6), (12, 6), (15, 3)]	True	True	True	True	geometric5	895050	6	6	2026-08-01	mixed_66-96-126-153	0.023935993090281937	0.026437347942875646	0.003914522563702887	0.011445795864783337	0.033437160897817446	0.06829502616308282	0.0150942342249917	0.017182101469570527	10.805151912643955	10.111702831361514	0.035842313541720384	1.7088483784400672	0.8213334384790221	0.6355621334453829	0.02
/vol/bitbucket/osella/rl-qecc-data/supervisedLearning/sweep2/g5_mix_66-96-126-153_H4_s1000.pth	4	1000	6	mixed	[(6, 6), (9, 6), (12, 6), (15, 3)]	True	True	True	True	geometric5	895050	6	6	2026-08-01	mixed_66-96-126-153	0.023935993090281937	0.027073917787845306	0.004276799942929453	0.01223185249209095	0.03520349748909151	0.06867565752557307	0.01498178148954148	0.017182101469570527	10.81697339354951	10.111702831361514	0.036189571989187506	1.6739175434317923	0.8184578980090073	0.6330291750688154	0.02
/vol/bitbucket/osella/rl-qecc-data/supervisedLearning/sweep2/g5_mix_66-96-126-153_H4_s5000.pth	4	5000	6	mixed	[(6, 6), (9, 6), (12, 6), (15, 3)]	True	True	True	True	geometric5	895050	6	6	2026-08-01	mixed_66-96-126-153	0.023935993090281937	0.027929810464921243	0.004191695519897371	0.012178747737681727	0.0351026921613837	0.07133562842729439	0.016840288478348918	0.017182101469570527	10.88136714367349	10.111702831361514	0.03809250620309567	1.7577910175129565	0.7971473135674565	0.6105003974385078	0.06
/vol/bitbucket/osella/rl-qecc-data/supervisedLearning/sweep2/g5_mix_66-96-126-153_H6_s2000.pth	6	2000	6	mixed	[(6, 6), (9, 6), (12, 6), (15, 3)]	True	True	True	True	geometric5	895050	6	6	2026-08-01	mixed_66-96-126-153	0.023935993090281937	0.02729590985252979	0.00417727113865497	0.011881564023512073	0.03487747042369738	0.06964104787906716	0.015902195797717362	0.017182101469570527	10.860698930544153	10.111702831361514	0.03704150084668843	1.7314417384362182	0.8103535255844255	0.6235846418665202	0.08
/vol/bitbucket/osella/rl-qecc-data/supervisedLearning/sweep2/g5_mix_66-96-126-153_H6_s6000.pth	6	6000	6	mixed	[(6, 6), (9, 6), (12, 6), (15, 3)]	True	True	True	True	geometric5	895050	6	6	2026-08-01	mixed_66-96-126-153	0.023935993090281937	0.02886180825485184	0.004394631992309775	0.012950114484800948	0.03803607441612458	0.07412728908624287	0.014800931294780944	0.017182101469570527	10.886954545205667	10.111702831361514	0.039155481251559494	1.6667502289064489	0.7927191659839712	0.6055363001589381	0.04
/vol/bitbucket/osella/rl-qecc-data/supervisedLearning/sweep2/g5_mix_66-96-126-153_H7_s4000.pth	7	4000	6	mixed	[(6, 6), (9, 6), (12, 6), (15, 3)]	True	True	True	True	geometric5	895050	6	6	2026-08-01	mixed_66-96-126-153	0.023935993090281937	0.02787366508343825	0.004078910222182648	0.011979124618582747	0.036231094718676006	0.07235124497441618	0.014727950883333736	0.017182101469570527	10.880628004273111	10.111702831361514	0.03811649660105678	1.6655032523233366	0.7998536054773177	0.6133493083382163	0.02
/vol/bitbucket/osella/rl-qecc-data/supervisedLearning/sweep2/g5_mix_66-96-126_H10_s1000.pth	10	1000	8	mixed	[(6, 6), (9, 6), (12, 6)]	True	True	True	False	geometric5	895050	6	6	2026-08-01	mixed_66-96-126	0.023935993090281937	0.026834263977495908	0.004244199687095256	0.012237436391373051	0.03492947407260838	0.06831777924427976	0.01444243049212329	0.017182101469570527	10.807549195528035	10.111702831361514	0.03580725058696516	1.5311451055852936	0.8261373020257341	0.6415390935843018	0.0
/vol/bitbucket/osella/rl-qecc-data/supervisedLearning/sweep2/g5_mix_66-96-126_H10_s5000.pth	10	5000	8	mixed	[(6, 6), (9, 6), (12, 6)]	True	True	True	False	geometric5	895050	6	6	2026-08-01	mixed_66-96-126	0.023935993090281937	0.02732439811030241	0.0041432662686426685	0.012064633077762425	0.03646656039537037	0.07135251365689461	0.012595017152842156	0.017182101469570527	10.844703092244234	10.111702831361514	0.03702244040329212	1.4142096313891628	0.8133310531962682	0.6272553736708572	0.02
/vol/bitbucket/osella/rl-qecc-data/supervisedLearning/sweep2/g5_mix_66-96-126_H3_s2000.pth	3	2000	8	mixed	[(6, 6), (9, 6), (12, 6)]	True	True	True	False	geometric5	895050	6	6	2026-08-01	mixed_66-96-126	0.023935993090281937	0.026048738300097712	0.00403567862367942	0.01136859486828174	0.03264923403568603	0.06719255429055328	0.014997629682288101	0.017182101469570527	10.766756886976061	10.111702831361514	0.03519521411941248	1.6605493820542683	0.8285352456059928	0.643438114693287	0.02
/vol/bitbucket/osella/rl-qecc-data/supervisedLearning/sweep2/g5_mix_66-96-126_H3_s6000.pth	3	6000	8	mixed	[(6, 6), (9, 6), (12, 6)]	True	True	True	False	geometric5	895050	6	6	2026-08-01	mixed_66-96-126	0.023935993090281937	0.02630743844401136	0.004148550136832682	0.012150788995403176	0.034270874708053754	0.06699349816538831	0.013973480214378924	0.017182101469570527	10.781796789324886	10.111702831361514	0.03512221173699494	1.6019702794407873	0.8308610012186517	0.6475350835902476	0.04
/vol/bitbucket/osella/rl-qecc-data/supervisedLearning/sweep2/g5_mix_66-96-126_H4_s4000.pth	4	4000	8	mixed	[(6, 6), (9, 6), (12, 6)]	True	True	True	False	geometric5	895050	6	6	2026-08-01	mixed_66-96-126	0.023935993090281937	0.026572003427127632	0.004131496496325083	0.011748289051275026	0.03378516182794221	0.06804909589547675	0.015145973864619211	0.017182101469570527	10.781303084529162	10.111702831361514	0.035699643301439515	1.6318130520147809	0.823823389791765	0.6382788929759211	0.04
/vol/bitbucket/osella/rl-qecc-data/supervisedLearning/sweep2/g5_mix_66-96-126_H6_s1000.pth	6	1000	8	mixed	[(6, 6), (9, 6), (12, 6)]	True	True	True	False	geometric5	895050	6	6	2026-08-01	mixed_66-96-126	0.023935993090281937	0.026705429511815388	0.004277250619082145	0.012365415893861193	0.03496062941956363	0.06739858492448524	0.014525266702084788	0.017182101469570527	10.802361636913053	10.111702831361514	0.03545487992456034	1.631871373879697	0.8245159438271236	0.6402131043473742	0.02
/vol/bitbucket/osella/rl-qecc-data/supervisedLearning/sweep2/g5_mix_66-96-126_H6_s5000.pth	6	5000	8	mixed	[(6, 6), (9, 6), (12, 6)]	True	True	True	False	geometric5	895050	6	6	2026-08-01	mixed_66-96-126	0.023935993090281937	0.026667912728165346	0.0038807704110773535	0.01135572230144908	0.034559165523243826	0.06884356170722876	0.014700343697827687	0.017182101469570527	10.82888731287617	10.111702831361514	0.036262923204999895	1.66349801487566	0.8188558720524869	0.63392620210752	0.02
/vol/bitbucket/osella/rl-qecc-data/supervisedLearning/sweep2/g5_mix_66-96-126_H7_s2000.pth	7	2000	8	mixed	[(6, 6), (9, 6), (12, 6)]	True	True	True	False	geometric5	895050	6	6	2026-08-01	mixed_66-96-126	0.023935993090281937	0.02563040779329431	0.003821500552041196	0.011027688212459096	0.032815981127710406	0.06611725901185282	0.014369610062407933	0.017182101469570527	10.760565821639126	10.111702831361514	0.034544119642161975	1.547347963948695	0.8317695614869384	0.6475969278218635	0.04
/vol/bitbucket/osella/rl-qecc-data/supervisedLearning/sweep2/g5_mix_66-96-126_H7_s6000.pth	7	6000	8	mixed	[(6, 6), (9, 6), (12, 6)]	True	True	True	False	geometric5	895050	6	6	2026-08-01	mixed_66-96-126	0.023935993090281937	0.027707347798639263	0.004384693498248111	0.012754566363107773	0.03652591000257004	0.07168336656668244	0.013188202562587679	0.017182101469570527	10.846068873392323	10.111702831361514	0.03726818366854422	1.4646840772150775	0.8109633592968591	0.6249806612917523	0.0
/vol/bitbucket/osella/rl-qecc-data/supervisedLearning/sweep2/g5_mix_66-96_H10_s4000.pth	10	4000	12	mixed	[(6, 6), (9, 6)]	True	True	False	False	geometric5	895050	6	6	2026-08-01	mixed_66-96	0.023935993090281937	0.024702304048504455	0.0036300550265209943	0.010517970515635166	0.03200856332552646	0.06405351833612755	0.013301413038711978	0.017182101469570527	10.703335638716332	10.111702831361514	0.03281523918969962	1.3192757165635087	0.8494034558725256	0.6668563480539613	0.02
/vol/bitbucket/osella/rl-qecc-data/supervisedLearning/sweep2/g5_mix_66-96_H3_s1000.pth	3	1000	12	mixed	[(6, 6), (9, 6)]	True	True	False	False	geometric5	895050	6	6	2026-08-01	mixed_66-96	0.023935993090281937	0.02630416187493587	0.0041597382606705455	0.012307117328890631	0.035041410756825465	0.06644953460011396	0.01356300842817877	0.017182101469570527	10.775835052927007	10.111702831361514	0.03464079857669417	1.4771193776750797	0.8356583546101699	0.6527245319410089	0.04
/vol/bitbucket/osella/rl-qecc-data/supervisedLearning/sweep2/g5_mix_66-96_H3_s5000.pth	3	5000	12	mixed	[(6, 6), (9, 6)]	True	True	False	False	geometric5	895050	6	6	2026-08-01	mixed_66-96	0.023935993090281937	0.024832568333887046	0.0037355517726451464	0.010723262597419729	0.03220949070967704	0.06454378281366084	0.012950753776032444	0.017182101469570527	10.718647209878103	10.111702831361514	0.033118630163495984	1.4153468009183063	0.8458760123223217	0.6631822791864951	0.04
/vol/bitbucket/osella/rl-qecc-data/supervisedLearning/sweep2/g5_mix_66-96_H4_s2000.pth	4	2000	12	mixed	[(6, 6), (9, 6)]	True	True	False	False	geometric5	895050	6	6	2026-08-01	mixed_66-96	0.023935993090281937	0.025137291993482504	0.0036742248576712867	0.010843496787394467	0.03232830855463213	0.06495741782159727	0.013883011946117227	0.017182101469570527	10.728197690808992	10.111702831361514	0.03371834043028511	1.5034686893691205	0.8412485541014699	0.65794931722135	0.04
/vol/bitbucket/osella/rl-qecc-data/supervisedLearning/sweep2/g5_mix_66-96_H4_s6000.pth	4	6000	12	mixed	[(6, 6), (9, 6)]	True	True	False	False	geometric5	895050	6	6	2026-08-01	mixed_66-96	0.023935993090281937	0.025079214615185804	0.003842114334399765	0.01098272103900917	0.03269851893691303	0.06456548469689605	0.013307234068710802	0.017182101469570527	10.728634487659662	10.111702831361514	0.033213285588810953	1.4492115793552593	0.8446705873143345	0.6619413174463185	0.08
/vol/bitbucket/osella/rl-qecc-data/supervisedLearning/sweep2/g5_mix_66-96_H6_s4000.pth	6	4000	12	mixed	[(6, 6), (9, 6)]	True	True	False	False	geometric5	895050	6	6	2026-08-01	mixed_66-96	0.023935993090281937	0.02790788338250341	0.004295289971511678	0.01255610856324108	0.03648571249569645	0.07247812823415921	0.013724177647908738	0.017182101469570527	10.836070575749515	10.111702831361514	0.03774386911898298	1.5280086211955493	0.8068481276139944	0.6204997152816846	0.04
/vol/bitbucket/osella/rl-qecc-data/supervisedLearning/sweep2/g5_mix_66-96_H7_s1000.pth	7	1000	12	mixed	[(6, 6), (9, 6)]	True	True	False	False	geometric5	895050	6	6	2026-08-01	mixed_66-96	0.023935993090281937	0.027165660978642304	0.004113245802097154	0.01199023493623514	0.03647353721688958	0.06987109712550435	0.013380189812485361	0.017182101469570527	10.804945528082078	10.111702831361514	0.03634145941679101	1.4017637674113663	0.8195744990059451	0.6339306259897981	0.04
/vol/bitbucket/osella/rl-qecc-data/supervisedLearning/sweep2/g5_mix_66-96_H7_s5000.pth	7	5000	12	mixed	[(6, 6), (9, 6)]	True	True	False	False	geometric5	895050	6	6	2026-08-01	mixed_66-96	0.023935993090281937	0.02504982120125531	0.0037563303477889075	0.010814688670488513	0.032564372569050266	0.06455104995693214	0.013562664462016734	0.017182101469570527	10.710270569946672	10.111702831361514	0.03333780360770853	1.4178781326896857	0.8445670574377533	0.6619422700994901	0.02
/vol/bitbucket/osella/rl-qecc-data/supervisedLearning/sweep2/g5_mix_66_H10_s2000.pth	10	2000	24	mixed	[(6, 6)]	True	False	False	False	geometric5	895050	6	6	2026-08-01	mixed_66	0.023935993090281937	0.02389912309649713	0.0033032014516633434	0.009807955439340288	0.030457314905699844	0.06270807238978524	0.013219071295996958	0.017182101469570527	10.655312613762733	10.111702831361514	0.03194749035573524	1.3019412469566218	0.8578543197675692	0.6766350360503613	0.0
/vol/bitbucket/osella/rl-qecc-data/supervisedLearning/sweep2/g5_mix_66_H10_s6000.pth	10	6000	24	mixed	[(6, 6)]	True	False	False	False	geometric5	895050	6	6	2026-08-01	mixed_66	0.023935993090281937	0.02506564289813309	0.0036491485681335403	0.010703511906254353	0.03228940969479742	0.06493135772135199	0.013754786600128204	0.017182101469570527	10.726585864357466	10.111702831361514	0.03355817672993346	1.4803766489456462	0.8428057357461038	0.6593388869208318	0.02
/vol/bitbucket/osella/rl-qecc-data/supervisedLearning/sweep2/g5_mix_66_H3_s4000.pth	3	4000	24	mixed	[(6, 6)]	True	False	False	False	geometric5	895050	6	6	2026-08-01	mixed_66	0.023935993090281937	0.026992878419902732	0.003959086928543664	0.011564391381951792	0.03556752669477872	0.07058491059938071	0.013288476494858864	0.017182101469570527	10.79370013170347	10.111702831361514	0.03659214974389489	1.3766247337188515	0.81669101781843	0.6309006046772511	0.02
/vol/bitbucket/osella/rl-qecc-data/supervisedLearning/sweep2/g5_mix_66_H4_s1000.pth	4	1000	24	mixed	[(6, 6)]	True	False	False	False	geometric5	895050	6	6	2026-08-01	mixed_66	0.023935993090281937	0.02562474294656229	0.003772025950137418	0.010978194549279879	0.0335234863165597	0.06710057027929393	0.012749437637540502	0.017182101469570527	10.74056775460681	10.111702831361514	0.03448770227499826	1.3389379409190483	0.8357966926136254	0.6521775888145742	0.04
/vol/bitbucket/osella/rl-qecc-data/supervisedLearning/sweep2/g5_mix_66_H4_s5000.pth	4	5000	24	mixed	[(6, 6)]	True	False	False	False	geometric5	895050	6	6	2026-08-01	mixed_66	0.023935993090281937	0.025251704995773408	0.003616385299182381	0.010743561869124748	0.03344803438265648	0.06575515325374091	0.012695390174162616	0.017182101469570527	10.709471571430065	10.111702831361514	0.03382962798960624	1.2311218788621012	0.8400968097525795	0.6584481028232969	0.02
/vol/bitbucket/osella/rl-qecc-data/supervisedLearning/sweep2/g5_mix_66_H6_s2000.pth	6	2000	24	mixed	[(6, 6)]	True	False	False	False	geometric5	895050	6	6	2026-08-01	mixed_66	0.023935993090281937	0.024427339263008937	0.0034310618303763393	0.010210221128110014	0.03170672294833769	0.06372650432884623	0.013062186079374375	0.017182101469570527	10.685206273764937	10.111702831361514	0.032600017005924076	1.351406352213392	0.852457732690734	0.6702436652874392	0.04
/vol/bitbucket/osella/rl-qecc-data/supervisedLearning/sweep2/g5_mix_66_H6_s6000.pth	6	6000	24	mixed	[(6, 6)]	True	False	False	False	geometric5	895050	6	6	2026-08-01	mixed_66	0.023935993090281937	0.024367195059994618	0.0033874361521790395	0.009973019610012152	0.03110120286335718	0.06395570346057072	0.013418613213854014	0.017182101469570527	10.688934560099813	10.111702831361514	0.03276620302226602	1.3805966433201626	0.8496956425992878	0.6670405313925846	0.0
/vol/bitbucket/osella/rl-qecc-data/supervisedLearning/sweep2/g5_mix_66_H7_s4000.pth	7	4000	24	mixed	[(6, 6)]	True	False	False	False	geometric5	895050	6	6	2026-08-01	mixed_66	0.023935993090281937	0.024208611188965216	0.003615855279067169	0.010125627667443885	0.03109500446927097	0.06337769107303963	0.01282887745600444	0.017182101469570527	10.672658589119095	10.111702831361514	0.032453090523556154	1.294239287128276	0.8540267412476227	0.6724774965366747	0.02
/vol/bitbucket/osella/rl-qecc-data/supervisedLearning/sweep2/g5_ground_anch_H10_s1000.pth	10	1000	2	groundAnchored	[(6, 6), (9, 6), (12, 6), (15, 3)]	True	True	True	True	geometric5	2745740	9	6	2026-08-01	groundAnchored_66-96-126-153	0.023244236778233764	0.03759730387239488	0.002351913392469712	0.008624403089442428	0.03761514100681077	0.11448574655090282	0.02490931532234905	0.01659652682560746	9.791902820748517	8.67519330798223	0.056804460298746355	1.5886450736158952	0.6929257116321292	0.5053345729532815	0.0
/vol/bitbucket/osella/rl-qecc-data/supervisedLearning/sweep2/g5_ground_anch_H10_s5000.pth	10	5000	2	groundAnchored	[(6, 6), (9, 6), (12, 6), (15, 3)]	True	True	True	True	geometric5	2745740	9	6	2026-08-01	groundAnchored_66-96-126-153	0.023244236778233764	0.039685814713478235	0.001984335419686776	0.007655356801686289	0.03723064666473521	0.12673046364764437	0.02482827103363833	0.01659652682560746	9.87138112117096	8.67519330798223	0.06105121399088851	1.626477635012791	0.670520246170087	0.4856758843297609	0.0
/vol/bitbucket/osella/rl-qecc-data/supervisedLearning/sweep2/g5_ground_anch_H3_s2000.pth	3	2000	2	groundAnchored	[(6, 6), (9, 6), (12, 6), (15, 3)]	True	True	True	True	geometric5	2745740	9	6	2026-08-01	groundAnchored_66-96-126-153	0.023244236778233764	0.04914433014588202	0.0016246615623162826	0.006233133530718123	0.03634972552322757	0.1768110612138664	0.024703068899281585	0.01659652682560746	10.254367193918473	8.67519330798223	0.08299145480441503	1.6124681948542667	0.7046522462846907	0.5160010171639097	0.0
/vol/bitbucket/osella/rl-qecc-data/supervisedLearning/sweep2/g5_ground_anch_H3_s6000.pth	3	6000	2	groundAnchored	[(6, 6), (9, 6), (12, 6), (15, 3)]	True	True	True	True	geometric5	2745740	9	6	2026-08-01	groundAnchored_66-96-126-153	0.023244236778233764	0.04424713915122848	0.002171878044769859	0.007751487388725788	0.03818030532660521	0.14827397613618568	0.02485804885985626	0.01659652682560746	10.036426236024694	8.67519330798223	0.07121620243028906	1.6392888837302388	0.6801833997939738	0.49750835509587504	0.0
/vol/bitbucket/osella/rl-qecc-data/supervisedLearning/sweep2/g5_ground_anch_H4_s4000.pth	4	4000	2	groundAnchored	[(6, 6), (9, 6), (12, 6), (15, 3)]	True	True	True	True	geometric5	2745740	9	6	2026-08-01	groundAnchored_66-96-126-153	0.023244236778233764	0.044124281582445635	0.0019081632148069314	0.007049984445724568	0.03535806665415715	0.15059348773056067	0.025711705866978296	0.01659652682560746	10.025290918559591	8.67519330798223	0.07281281573575393	1.6140416613245938	0.6831845483978088	0.497003588875148	0.02
/vol/bitbucket/osella/rl-qecc-data/supervisedLearning/sweep2/g5_ground_anch_H6_s1000.pth	6	1000	2	groundAnchored	[(6, 6), (9, 6), (12, 6), (15, 3)]	True	True	True	True	geometric5	2745740	9	6	2026-08-01	groundAnchored_66-96-126-153	0.023244236778233764	0.04547592556101734	0.002532475463954462	0.008884881716047387	0.0368356076876405	0.1536646141976938	0.02546204873975052	0.01659652682560746	10.011584334158794	8.67519330798223	0.07346565801216465	1.6068707107091806	0.6830076372057987	0.49727225970349126	0.0
/vol/bitbucket/osella/rl-qecc-data/supervisedLearning/sweep2/g5_ground_anch_H6_s5000.pth	6	5000	2	groundAnchored	[(6, 6), (9, 6), (12, 6), (15, 3)]	True	True	True	True	geometric5	2745740	9	6	2026-08-01	groundAnchored_66-96-126-153	0.023244236778233764	0.04213154929625768	0.002876787293478193	0.010763200101824709	0.038003988659970976	0.1340645834479238	0.024949186978090718	0.01659652682560746	9.916419034631845	8.67519330798223	0.06338948935168838	1.6165981090547175	0.6838620378352687	0.4975720434927798	0.0
/vol/bitbucket/osella/rl-qecc-data/supervisedLearning/sweep2/g5_ground_anch_H7_s2000.pth	7	2000	2	groundAnchored	[(6, 6), (9, 6), (12, 6), (15, 3)]	True	True	True	True	geometric5	2745740	9	6	2026-08-01	groundAnchored_66-96-126-153	0.023244236778233764	0.03713944662476077	0.0026990607210698294	0.009666270886267387	0.03874368309061138	0.1084843232051963	0.026103895220659066	0.01659652682560746	9.739699421295228	8.67519330798223	0.054646043661949126	1.6009749828962898	0.6951484005541828	0.5102383174383107	0.0
/vol/bitbucket/osella/rl-qecc-data/supervisedLearning/sweep2/g5_ground_anch_H7_s6000.pth	7	6000	2	groundAnchored	[(6, 6), (9, 6), (12, 6), (15, 3)]	True	True	True	True	geometric5	2745740	9	6	2026-08-01	groundAnchored_66-96-126-153	0.023244236778233764	0.03691252890474784	0.0016293362531713072	0.006154310522718557	0.034851857446383444	0.11728991779805809	0.024637222503407535	0.01659652682560746	9.815045185282777	8.67519330798223	0.05721498899323014	1.6120742588543036	0.704458438834684	0.5149497237876394	0.04
/vol/bitbucket/osella/rl-qecc-data/supervisedLearning/sweep2/g5_ground_pure_H10_s4000.pth	10	4000	2	groundPure	[(6, 6), (9, 6), (12, 6), (15, 3)]	True	True	True	True	geometric5	2745740	9	6	2026-08-01	groundPure_66-96-126-153	0.023244236778233764	0.05257293270914511	0.001338903434574367	0.005392963857814191	0.03980103181263998	0.19022894906632798	0.026102815374369155	0.01659652682560746	10.540831037909857	8.67519330798223	0.09310127852372735	1.5547608080141044	0.6292302705399994	0.45069707999077974	0.02
/vol/bitbucket/osella/rl-qecc-data/supervisedLearning/sweep2/g5_ground_pure_H3_s1000.pth	3	1000	2	groundPure	[(6, 6), (9, 6), (12, 6), (15, 3)]	True	True	True	True	geometric5	2745740	9	6	2026-08-01	groundPure_66-96-126-153	0.023244236778233764	0.037258788794225534	0.0016430893145169608	0.0063670872018674095	0.03488647233204685	0.11837194387703007	0.025025351245666426	0.01659652682560746	9.78672589770075	8.67519330798223	0.058383633444467245	1.615860772119892	0.7323977238578674	0.53900766971457	0.0
/vol/bitbucket/osella/rl-qecc-data/supervisedLearning/sweep2/g5_ground_pure_H3_s5000.pth	3	5000	2	groundPure	[(6, 6), (9, 6), (12, 6), (15, 3)]	True	True	True	True	geometric5	2745740	9	6	2026-08-01	groundPure_66-96-126-153	0.023244236778233764	0.03851491274045717	0.001687909471598757	0.006550087867406115	0.03236901791872493	0.1266778145136429	0.025289733930913095	0.01659652682560746	9.787968478130793	8.67519330798223	0.06123063520866874	1.578132285513759	0.7451943462097762	0.5522544549687858	0.04
/vol/bitbucket/osella/rl-qecc-data/supervisedLearning/sweep2/g5_ground_pure_H4_s2000.pth	4	2000	2	groundPure	[(6, 6), (9, 6), (12, 6), (15, 3)]	True	True	True	True	geometric5	2745740	9	6	2026-08-01	groundPure_66-96-126-153	0.023244236778233764	0.04659177982208338	0.0024560479894136854	0.008463031014041182	0.03649642457563525	0.16040484555298506	0.025138549978341695	0.01659652682560746	10.072431408891743	8.67519330798223	0.07665217171882031	1.5699226310980328	0.6892982284458411	0.5042793710644945	0.02
/vol/bitbucket/osella/rl-qecc-data/supervisedLearning/sweep2/g5_ground_pure_H4_s6000.pth	4	6000	2	groundPure	[(6, 6), (9, 6), (12, 6), (15, 3)]	True	True	True	True	geometric5	2745740	9	6	2026-08-01	groundPure_66-96-126-153	0.023244236778233764	0.05424699399323031	0.0014623915235406533	0.0056302970792673655	0.04184944574251739	0.1976956276825191	0.02459720793830669	0.01659652682560746	10.626893360994403	8.67519330798223	0.09356160711321396	1.6044646139184389	0.6783468583463979	0.4924245367225778	0.04
/vol/bitbucket/osella/rl-qecc-data/supervisedLearning/sweep2/g5_ground_pure_H6_s4000.pth	6	4000	2	groundPure	[(6, 6), (9, 6), (12, 6), (15, 3)]	True	True	True	True	geometric5	2745740	9	6	2026-08-01	groundPure_66-96-126-153	0.023244236778233764	0.03663979381061372	0.0015560406084447053	0.005824582889248801	0.036524220990344684	0.1147103253028858	0.02458379926214456	0.01659652682560746	9.906273378982208	8.67519330798223	0.056202220247654984	1.5755425972984716	0.7252028090096265	0.5332785149066648	0.0
/vol/bitbucket/osella/rl-qecc-data/supervisedLearning/sweep2/g5_ground_pure_H7_s1000.pth	7	1000	2	groundPure	[(6, 6), (9, 6), (12, 6), (15, 3)]	True	True	True	True	geometric5	2745740	9	6	2026-08-01	groundPure_66-96-126-153	0.023244236778233764	0.03527669594552454	0.0022621386126328693	0.009001364892678445	0.03955206285605972	0.1006360692473476	0.024931844118904097	0.01659652682560746	9.752241154961306	8.67519330798223	0.05029442868778119	1.585754953744357	0.689844421723309	0.5028540958385214	0.06
/vol/bitbucket/osella/rl-qecc-data/supervisedLearning/sweep2/g5_ground_pure_H7_s5000.pth	7	5000	2	groundPure	[(6, 6), (9, 6), (12, 6), (15, 3)]	True	True	True	True	geometric5	2745740	9	6	2026-08-01	groundPure_66-96-126-153	0.023244236778233764	0.0484448915010882	0.0015141894055673392	0.006026041003830479	0.03768820845614449	0.172170292356105	0.024825726283793995	0.01659652682560746	10.285080232868896	8.67519330798223	0.0818438667292972	1.5742701851436023	0.7169593008897319	0.526922750730955	0.04
/vol/bitbucket/osella/rl-qecc-data/supervisedLearning/sweep2/g5_mix_66-96-126-153_H10_s2000.pth	10	2000	6	mixed	[(6, 6), (9, 6), (12, 6), (15, 3)]	True	True	True	True	geometric5	2745740	9	6	2026-08-01	mixed_66-96-126-153	0.023244236778233764	0.02568284483425888	0.0017880977448270798	0.006030273465480373	0.02916750832905233	0.06809909803448753	0.02332924659744709	0.01659652682560746	9.32609057468442	8.67519330798223	0.03698671392045479	1.3090945116207346	0.7891797614689494	0.595963716324257	0.08
/vol/bitbucket/osella/rl-qecc-data/supervisedLearning/sweep2/g5_mix_66-96-126-153_H10_s6000.pth	10	6000	6	mixed	[(6, 6), (9, 6), (12, 6), (15, 3)]	True	True	True	True	geometric5	2745740	9	6	2026-08-01	mixed_66-96-126-153	0.023244236778233764	0.02612295776104376	0.0018937564323241406	0.006365230966674289	0.030421482752332276	0.06864026097608802	0.023294057677799837	0.01659652682560746	9.324104018898746	8.67519330798223	0.0374217504001945	1.3524155029371407	0.7880678264294514	0.5943953756364654	0.02
/vol/bitbucket/osella/rl-qecc-data/supervisedLearning/sweep2/g5_mix_66-96-126-153_H3_s4000.pth	3	4000	6	mixed	[(6, 6), (9, 6), (12, 6), (15, 3)]	True	True	True	True	geometric5	2745740	9	6	2026-08-01	mixed_66-96-126-153	0.023244236778233764	0.025424009288004285	0.0016392766308543116	0.005537642293264772	0.02762267411856439	0.06721659907342457	0.025103854323913467	0.01659652682560746	9.32148975283668	8.67519330798223	0.03731636130473294	1.5844223175947663	0.785387596488593	0.5914718828539511	0.04
/vol/bitbucket/osella/rl-qecc-data/supervisedLearning/sweep2/g5_mix_66-96-126-153_H4_s1000.pth	4	1000	6	mixed	[(6, 6), (9, 6), (12, 6), (15, 3)]	True	True	True	True	geometric5	2745740	9	6	2026-08-01	mixed_66-96-126-153	0.023244236778233764	0.025525278175841635	0.0016214281471135863	0.005581490773612544	0.027810140369963085	0.06738912478972553	0.025224206798793464	0.01659652682560746	9.321472918179413	8.67519330798223	0.0374208854349073	1.5851352106429744	0.7849414563180399	0.5905883262014086	0.02
/vol/bitbucket/osella/rl-qecc-data/supervisedLearning/sweep2/g5_mix_66-96-126-153_H4_s5000.pth	4	5000	6	mixed	[(6, 6), (9, 6), (12, 6), (15, 3)]	True	True	True	True	geometric5	2745740	9	6	2026-08-01	mixed_66-96-126-153	0.023244236778233764	0.025571753286207585	0.0016576019622853743	0.005662793220433711	0.02783039519387338	0.06758138105471372	0.02512659499973196	0.01659652682560746	9.322607049234048	8.67519330798223	0.03751334767180307	1.6173864520644945	0.7836477734114249	0.5892949128069324	0.06
/vol/bitbucket/osella/rl-qecc-data/supervisedLearning/sweep2/g5_mix_66-96-126-153_H6_s2000.pth	6	2000	6	mixed	[(6, 6), (9, 6), (12, 6), (15, 3)]	True	True	True	True	geometric5	2745740	9	6	2026-08-01	mixed_66-96-126-153	0.023244236778233764	0.02558429254061919	0.001616947582574902	0.005592544464286008	0.027876399446604277	0.0680443839133762	0.0247911872962546	0.01659652682560746	9.322978617327864	8.67519330798223	0.03769365578382516	1.6249985022428661	0.7870133232681619	0.5926310193908597	0.04
/vol/bitbucket/osella/rl-qecc-data/supervisedLearning/sweep2/g5_mix_66-96-126-153_H6_s6000.pth	6	6000	6	mixed	[(6, 6), (9, 6), (12, 6), (15, 3)]	True	True	True	True	geometric5	2745740	9	6	2026-08-01	mixed_66-96-126-153	0.023244236778233764	0.026842875785169897	0.001951156942111855	0.006504250857131061	0.030522583221226467	0.07045583103646957	0.024780556868910585	0.01659652682560746	9.358053803061967	8.67519330798223	0.03880697037395416	1.5588434848738197	0.7708863926783863	0.5766815979269915	0.0
/vol/bitbucket/osella/rl-qecc-data/supervisedLearning/sweep2/g5_mix_66-96-126-153_H7_s4000.pth	7	4000	6	mixed	[(6, 6), (9, 6), (12, 6), (15, 3)]	True	True	True	True	geometric5	2745740	9	6	2026-08-01	mixed_66-96-126-153	0.023244236778233764	0.025460873547670525	0.0018342777386814195	0.0060487941556101096	0.02895445459181042	0.06732991950819436	0.023136921744056287	0.01659652682560746	9.315167440970587	8.67519330798223	0.03657847689109521	1.2983632704256347	0.7937191408963574	0.6006158747742704	0.1
/vol/bitbucket/osella/rl-qecc-data/supervisedLearning/sweep2/g5_mix_66-96-126_H10_s1000.pth	10	1000	8	mixed	[(6, 6), (9, 6), (12, 6)]	True	True	True	False	geometric5	2745740	9	6	2026-08-01	mixed_66-96-126	0.023244236778233764	0.02406913365368592	0.001758151312552165	0.005819202771679313	0.027510924987129003	0.06313929084909665	0.02211809834797236	0.01659652682560746	9.258800330898197	8.67519330798223	0.03400448306457563	1.1438472521860201	0.8235988988792433	0.6322801372883321	0.06
/vol/bitbucket/osella/rl-qecc-data/supervisedLearning/sweep2/g5_mix_66-96-126_H10_s5000.pth	10	5000	8	mixed	[(6, 6), (9, 6), (12, 6)]	True	True	True	False	geometric5	2745740	9	6	2026-08-01	mixed_66-96-126	0.023244236778233764	0.02423244139618404	0.0016766346040380557	0.005721628349604855	0.029071222046622054	0.06479574503714096	0.019896976943514482	0.01659652682560746	9.28315972840085	8.67519330798223	0.03425157247770074	1.0259120950586005	0.8200333800417271	0.6296096969594683	0.02
/vol/bitbucket/osella/rl-qecc-data/supervisedLearning/sweep2/g5_mix_66-96-126_H3_s2000.pth	3	2000	8	mixed	[(6, 6), (9, 6), (12, 6)]	True	True	True	False	geometric5	2745740	9	6	2026-08-01	mixed_66-96-126	0.023244236778233764	0.025222610967902473	0.0017898194296629177	0.005781699377365516	0.027319744689011036	0.06637859451113734	0.024843196832335615	0.01659652682560746	9.296005236984731	8.67519330798223	0.03680599494871338	1.5637395717276392	0.7906210142074972	0.5963953775408899	0.04
/vol/bitbucket/osella/rl-qecc-data/supervisedLearning/sweep2/g5_mix_66-96-126_H3_s6000.pth	3	6000	8	mixed	[(6, 6), (9, 6), (12, 6)]	True	True	True	False	geometric5	2745740	9	6	2026-08-01	mixed_66-96-126	0.023244236778233764	0.024812012018502506	0.0017962396233061867	0.005881779910624278	0.02771386954295462	0.06501497845804938	0.023653192557578022	0.01659652682560746	9.289479130198682	8.67519330798223	0.03565360631855101	1.4086241271534339	0.8048820702475642	0.6123822752930058	0.02
/vol/bitbucket/osella/rl-qecc-data/supervisedLearning/sweep2/g5_mix_66-96-126_H4_s4000.pth	4	4000	8	mixed	[(6, 6), (9, 6), (12, 6)]	True	True	True	False	geometric5	2745740	9	6	2026-08-01	mixed_66-96-126	0.023244236778233764	0.025873640997643756	0.0020916337248172096	0.006631474068330452	0.029468859557480055	0.06649643279170207	0.024679804845889018	0.01659652682560746	9.317224945879232	8.67519330798223	0.036837867154623415	1.5217473337576526	0.792053267232362	0.5983264693447943	0.0
/vol/bitbucket/osella/rl-qecc-data/supervisedLearning/sweep2/g5_mix_66-96-126_H6_s1000.pth	6	1000	8	mixed	[(6, 6), (9, 6), (12, 6)]	True	True	True	False	geometric5	2745740	9	6	2026-08-01	mixed_66-96-126	0.023244236778233764	0.024363812166658533	0.0018526320240627495	0.006037297299687455	0.02774498855529589	0.06363297858904307	0.022551164365203626	0.01659652682560746	9.267054314735205	8.67519330798223	0.03449327709839117	1.2081082889986867	0.8158511816143714	0.6241271290321111	0.02
/vol/bitbucket/osella/rl-qecc-data/supervisedLearning/sweep2/g5_mix_66-96-126_H6_s5000.pth	6	5000	8	mixed	[(6, 6), (9, 6), (12, 6)]	True	True	True	False	geometric5	2745740	9	6	2026-08-01	mixed_66-96-126	0.023244236778233764	0.024360233890956928	0.0016002225376205515	0.005450640125198181	0.027473625428345885	0.06466638424488984	0.02261029711873014	0.01659652682560746	9.283519706017348	8.67519330798223	0.035221429682957904	1.296605511429581	0.8119151113291726	0.6199614223123963	0.02
/vol/bitbucket/osella/rl-qecc-data/supervisedLearning/sweep2/g5_mix_66-96-126_H7_s2000.pth	7	2000	8	mixed	[(6, 6), (9, 6), (12, 6)]	True	True	True	False	geometric5	2745740	9	6	2026-08-01	mixed_66-96-126	0.023244236778233764	0.02417445478811857	0.0017682170522499874	0.005925232723260349	0.027449929253268085	0.0636449125894866	0.022083982322328173	0.01659652682560746	9.259276447925405	8.67519330798223	0.03445811473472169	1.1784439279280328	0.8191301870744735	0.6275740428839018	0.06
/vol/bitbucket/osella/rl-qecc-data/supervisedLearning/sweep2/g5_mix_66-96-126_H7_s6000.pth	7	6000	8	mixed	[(6, 6), (9, 6), (12, 6)]	True	True	True	False	geometric5	2745740	9	6	2026-08-01	mixed_66-96-126	0.023244236778233764	0.024714074963019854	0.0018070133566854573	0.005980810343575411	0.029099992100074874	0.06563253179032995	0.0210500272244335	0.01659652682560746	9.287506867113583	8.67519330798223	0.03489403632618435	1.063305127825404	0.8130756134015158	0.6215337390666869	0.02
/vol/bitbucket/osella/rl-qecc-data/supervisedLearning/sweep2/g5_mix_66-96_H10_s4000.pth	10	4000	12	mixed	[(6, 6), (9, 6)]	True	True	False	False	geometric5	2745740	9	6	2026-08-01	mixed_66-96	0.023244236778233764	0.023195986871769804	0.001684291739469982	0.005611012891791657	0.02722518813394518	0.06090550752837937	0.02055393406526265	0.01659652682560746	9.224658829523289	8.67519330798223	0.03221544126920791	0.950581440597494	0.8412408605198268	0.652800841720017	0.02
/vol/bitbucket/osella/rl-qecc-data/supervisedLearning/sweep2/g5_mix_66-96_H3_s1000.pth	3	1000	12	mixed	[(6, 6), (9, 6)]	True	True	False	False	geometric5	2745740	9	6	2026-08-01	mixed_66-96	0.023244236778233764	0.02349757888383794	0.0017394235958853928	0.0059215411122083405	0.02762252449287491	0.06177741311499272	0.020426992103228247	0.01659652682560746	9.238787785099971	8.67519330798223	0.03276470805995141	1.058250471003085	0.8382472093822552	0.6491944287163652	0.02
/vol/bitbucket/osella/rl-qecc-data/supervisedLearning/sweep2/g5_mix_66-96_H3_s5000.pth	3	5000	12	mixed	[(6, 6), (9, 6)]	True	True	False	False	geometric5	2745740	9	6	2026-08-01	mixed_66-96	0.023244236778233764	0.023013373876151946	0.0016332479105945251	0.005436963049174287	0.027100222242590698	0.061131892906867866	0.01976454327153216	0.01659652682560746	9.232936747058638	8.67519330798223	0.032238378842604	0.9933194971275756	0.8397891811401529	0.6513570013883743	0.1
/vol/bitbucket/osella/rl-qecc-data/supervisedLearning/sweep2/g5_mix_66-96_H4_s2000.pth	4	2000	12	mixed	[(6, 6), (9, 6)]	True	True	False	False	geometric5	2745740	9	6	2026-08-01	mixed_66-96	0.023244236778233764	0.023631878943158928	0.001570605690529707	0.005483471657455636	0.02712789963829138	0.06249128916095462	0.02148612856856322	0.01659652682560746	9.247391977918419	8.67519330798223	0.03359383144263487	1.1377647506744126	0.8261631790565933	0.6352674450734327	0.0
/vol/bitbucket/osella/rl-qecc-data/supervisedLearning/sweep2/g5_mix_66-96_H4_s6000.pth	4	6000	12	mixed	[(6, 6), (9, 6)]	True	True	False	False	geometric5	2745740	9	6	2026-08-01	mixed_66-96	0.023244236778233764	0.02336660034981162	0.0019232525152618456	0.005876137072354326	0.027466986386010136	0.06120726165397196	0.02035936412145983	0.01659652682560746	9.226506578316263	8.67519330798223	0.03225694485220996	1.008384719877647	0.8407746070751333	0.6526033473921006	0.02
/vol/bitbucket/osella/rl-qecc-data/supervisedLearning/sweep2/g5_mix_66-96_H6_s4000.pth	6	4000	12	mixed	[(6, 6), (9, 6)]	True	True	False	False	geometric5	2745740	9	6	2026-08-01	mixed_66-96	0.023244236778233764	0.02488435404400815	0.001909496683975318	0.006199402826788286	0.02899656489929604	0.06594812593854976	0.02136817987143146	0.01659652682560746	9.279531471220556	8.67519330798223	0.035105132765120894	1.0651511263488995	0.8115539737180282	0.6191745123259964	0.02
/vol/bitbucket/osella/rl-qecc-data/supervisedLearning/sweep2/g5_mix_66-96_H7_s1000.pth	7	1000	12	mixed	[(6, 6), (9, 6)]	True	True	False	False	geometric5	2745740	9	6	2026-08-01	mixed_66-96	0.023244236778233764	0.024365059976205923	0.001772197732073054	0.0058921417922706155	0.029358951768439185	0.06434787949823949	0.020454129090007316	0.01659652682560746	9.265307246320106	8.67519330798223	0.03411325667352202	0.998371623952279	0.8232784746568161	0.6322983972120588	0.02
/vol/bitbucket/osella/rl-qecc-data/supervisedLearning/sweep2/g5_mix_66-96_H7_s5000.pth	7	5000	12	mixed	[(6, 6), (9, 6)]	True	True	False	False	geometric5	2745740	9	6	2026-08-01	mixed_66-96	0.023244236778233764	0.023290665101877925	0.0015522656345501053	0.005348114928121735	0.02722871355793138	0.061399666026671906	0.020924565362114667	0.01659652682560746	9.228777217461678	8.67519330798223	0.0327691629021523	1.0646160135060367	0.8358830724118551	0.6463779313212116	0.04
/vol/bitbucket/osella/rl-qecc-data/supervisedLearning/sweep2/g5_mix_66_H10_s2000.pth	10	2000	24	mixed	[(6, 6)]	True	False	False	False	geometric5	2745740	9	6	2026-08-01	mixed_66	0.023244236778233764	0.04454899138389035	0.005287510472338322	0.017821210842793315	0.054274900788387766	0.1197802079916034	0.025581126824328383	0.01659652682560746	10.329584819875869	8.67519330798223	0.06037678259222941	2.850071042690187	0.597849398214084	0.4323702185555932	0.0
/vol/bitbucket/osella/rl-qecc-data/supervisedLearning/sweep2/g5_mix_66_H10_s6000.pth	10	6000	24	mixed	[(6, 6)]	True	False	False	False	geometric5	2745740	9	6	2026-08-01	mixed_66	0.023244236778233764	0.042886773931102365	0.0025686910406741126	0.008580755409734738	0.037254854405288494	0.14012219331015283	0.02590737548966122	0.01659652682560746	10.096735128718233	8.67519330798223	0.06688204520411115	2.2295663350787414	0.6375407319987781	0.45845449663924187	0.0
/vol/bitbucket/osella/rl-qecc-data/supervisedLearning/sweep2/g5_mix_66_H3_s4000.pth	3	4000	24	mixed	[(6, 6)]	True	False	False	False	geometric5	2745740	9	6	2026-08-01	mixed_66	0.023244236778233764	0.048517247317775784	0.003612419514252171	0.011904062422766391	0.04550468578437284	0.15541027254901005	0.026154796318477877	0.01659652682560746	10.362556354556492	8.67519330798223	0.07456307888973832	2.0080532390792225	0.5914719426565717	0.4245010846746118	0.02
/vol/bitbucket/osella/rl-qecc-data/supervisedLearning/sweep2/g5_mix_66_H4_s1000.pth	4	1000	24	mixed	[(6, 6)]	True	False	False	False	geometric5	2745740	9	6	2026-08-01	mixed_66	0.023244236778233764	0.06671886240131875	0.009493450804341937	0.02848959829992986	0.0778915622189195	0.19185834263278126	0.02586135805062106	0.01659652682560746	11.4644545427395	8.67519330798223	0.09462344200862197	2.3387763107750423	0.4612868946438075	0.32874032018009774	0.0
/vol/bitbucket/osella/rl-qecc-data/supervisedLearning/sweep2/g5_mix_66_H4_s5000.pth	4	5000	24	mixed	[(6, 6)]	True	False	False	False	geometric5	2745740	9	6	2026-08-01	mixed_66	0.023244236778233764	0.04286866678861082	0.002382087826480011	0.008431390639944795	0.03811105675270604	0.13950041349653652	0.02591838522738657	0.01659652682560746	10.169792872811	8.67519330798223	0.06646468486262525	1.9808292050934362	0.6503674999533482	0.47159180192364847	0.0
/vol/bitbucket/osella/rl-qecc-data/supervisedLearning/sweep2/g5_mix_66_H6_s2000.pth	6	2000	24	mixed	[(6, 6)]	True	False	False	False	geometric5	2745740	9	6	2026-08-01	mixed_66	0.023244236778233764	0.042401456259230245	0.005352529897449551	0.017464933212414657	0.05418017544361777	0.10915123874398211	0.025858403998686847	0.01659652682560746	10.312329858911307	8.67519330798223	0.05725683691783164	2.1053363342046874	0.5917128783614399	0.42601369280593654	0.0
/vol/bitbucket/osella/rl-qecc-data/supervisedLearning/sweep2/g5_mix_66_H6_s6000.pth	6	6000	24	mixed	[(6, 6)]	True	False	False	False	geometric5	2745740	9	6	2026-08-01	mixed_66	0.023244236778233764	0.04453695982447948	0.004114234101396091	0.013048524804507295	0.047476020695051725	0.13232199178058138	0.025724027740860574	0.01659652682560746	10.260849569563256	8.67519330798223	0.06560636517237456	2.1896320689072453	0.579797770496721	0.41546564380100603	0.0
/vol/bitbucket/osella/rl-qecc-data/supervisedLearning/sweep2/g5_mix_66_H7_s4000.pth	7	4000	24	mixed	[(6, 6)]	True	False	False	False	geometric5	2745740	9	6	2026-08-01	mixed_66	0.023244236778233764	0.03945911044903834	0.002056268913609999	0.007150746924717911	0.034669099737865874	0.12783694501465692	0.025582491654341274	0.01659652682560746	9.934878453579854	8.67519330798223	0.061487573045603885	1.8618049711151592	0.696110258512415	0.5091241328020222	0.0
/vol/bitbucket/osella/rl-qecc-data/supervisedLearning/sweep2/g5_ground_anch_H10_s1000.pth	10	1000	2	groundAnchored	[(6, 6), (9, 6), (12, 6), (15, 3)]	True	True	True	True	geometric5	18402947	5	15	2026-08-01	groundAnchored_66-96-126-153	0.020443871784302178	0.054447251428258465	0.0069616999973269676	0.021286995180827127	0.06870459886955295	0.13500161796943014	0.04028134512415622	0.018820342920139812	11.628828085103388	9.340422154314146	0.06292482171626257	3.472556903010034	0.424564773764564	0.29584770719523346	0.0
/vol/bitbucket/osella/rl-qecc-data/supervisedLearning/sweep2/g5_ground_anch_H10_s5000.pth	10	5000	2	groundAnchored	[(6, 6), (9, 6), (12, 6), (15, 3)]	True	True	True	True	geometric5	18402947	5	15	2026-08-01	groundAnchored_66-96-126-153	0.020443871784302178	0.07446744179558432	0.004608529671408678	0.014891135499339372	0.08269739228374241	0.22992139571568457	0.040218755807747066	0.018820342920139812	13.134736252824537	9.340422154314146	0.10550233872216822	2.978296110132564	0.546779432291449	0.3867940524695592	0.0
/vol/bitbucket/osella/rl-qecc-data/supervisedLearning/sweep2/g5_ground_anch_H3_s2000.pth	3	2000	2	groundAnchored	[(6, 6), (9, 6), (12, 6), (15, 3)]	True	True	True	True	geometric5	18402947	5	15	2026-08-01	groundAnchored_66-96-126-153	0.020443871784302178	0.09465544114112517	0.004917445245468729	0.01631661865701822	0.0813522461587747	0.3280950306629237	0.042595864981441724	0.018820342920139812	14.70895774610455	9.340422154314146	0.14741670183071282	2.818557500111208	0.48887724877136063	0.3388864227187477	0.02
/vol/bitbucket/osella/rl-qecc-data/supervisedLearning/sweep2/g5_ground_anch_H3_s6000.pth	3	6000	2	groundAnchored	[(6, 6), (9, 6), (12, 6), (15, 3)]	True	True	True	True	geometric5	18402947	5	15	2026-08-01	groundAnchored_66-96-126-153	0.020443871784302178	0.08320984929391242	0.008072996662680382	0.023963213542917063	0.08655654309980587	0.2564438298107197	0.04101266335343911	0.018820342920139812	13.576951281109912	9.340422154314146	0.11852917748916293	3.234127928329564	0.3552824043436478	0.24718124688613885	0.02
/vol/bitbucket/osella/rl-qecc-data/supervisedLearning/sweep2/g5_ground_anch_H4_s4000.pth	4	4000	2	groundAnchored	[(6, 6), (9, 6), (12, 6), (15, 3)]	True	True	True	True	geometric5	18402947	5	15	2026-08-01	groundAnchored_66-96-126-153	0.020443871784302178	0.07893257503110082	0.0081439701562295	0.024599304627526852	0.07790222343752426	0.24225496622661455	0.04176241070760905	0.018820342920139812	13.199412926159914	9.340422154314146	0.10889673346259494	3.947215071164427	0.37445032374429865	0.2624579306656665	0.0
/vol/bitbucket/osella/rl-qecc-data/supervisedLearning/sweep2/g5_ground_anch_H6_s1000.pth	6	1000	2	groundAnchored	[(6, 6), (9, 6), (12, 6), (15, 3)]	True	True	True	True	geometric5	18402947	5	15	2026-08-01	groundAnchored_66-96-126-153	0.020443871784302178	0.09984520037981784	0.004947650461502851	0.01572642103689815	0.0841911234496405	0.35873078896899974	0.035630017982047964	0.018820342920139812	14.447271087560539	9.340422154314146	0.16881719731442107	2.0388201421175665	0.2862582944098565	0.19627217421956294	0.0
/vol/bitbucket/osella/rl-qecc-data/supervisedLearning/sweep2/g5_ground_anch_H6_s5000.pth	6	5000	2	groundAnchored	[(6, 6), (9, 6), (12, 6), (15, 3)]	True	True	True	True	geometric5	18402947	5	15	2026-08-01	groundAnchored_66-96-126-153	0.020443871784302178	0.073884211436919	0.0070537575368774304	0.021055728551372804	0.0783649528023868	0.22129300049387382	0.04165361780008595	0.018820342920139812	12.888357417293326	9.340422154314146	0.1004000225715699	3.2615278192079495	0.32146473145766447	0.22288560368765847	0.0
/vol/bitbucket/osella/rl-qecc-data/supervisedLearning/sweep2/g5_ground_anch_H7_s2000.pth	7	2000	2	groundAnchored	[(6, 6), (9, 6), (12, 6), (15, 3)]	True	True	True	True	geometric5	18402947	5	15	2026-08-01	groundAnchored_66-96-126-153	0.020443871784302178	0.06692011968492553	0.0066396239813398044	0.01815263285434923	0.07220134534545425	0.20211283712217634	0.03549415912130888	0.018820342920139812	12.128584895688984	9.340422154314146	0.09700481243101175	2.1960542075110046	0.4944182159286878	0.34761220653552466	0.0
/vol/bitbucket/osella/rl-qecc-data/supervisedLearning/sweep2/g5_ground_anch_H7_s6000.pth	7	6000	2	groundAnchored	[(6, 6), (9, 6), (12, 6), (15, 3)]	True	True	True	True	geometric5	18402947	5	15	2026-08-01	groundAnchored_66-96-126-153	0.020443871784302178	0.059223737714808815	0.00481239272022556	0.014779233385775439	0.0674653862234903	0.16395558987934727	0.04510608636520509	0.018820342920139812	12.649516766562247	9.340422154314146	0.07149899925752068	3.963463219872653	0.5152856150275542	0.36173594681152693	0.0
/vol/bitbucket/osella/rl-qecc-data/supervisedLearning/sweep2/g5_ground_pure_H10_s4000.pth	10	4000	2	groundPure	[(6, 6), (9, 6), (12, 6), (15, 3)]	True	True	True	True	geometric5	18402947	5	15	2026-08-01	groundPure_66-96-126-153	0.020443871784302178	0.07531750051091804	0.005325345210114738	0.015761395845741204	0.0740571548930515	0.24359553896479255	0.03784806764088957	0.018820342920139812	12.808335589248971	9.340422154314146	0.1131709219325325	2.293242972537177	0.44493587355611486	0.3080664941389307	0.0
/vol/bitbucket/osella/rl-qecc-data/supervisedLearning/sweep2/g5_ground_pure_H3_s1000.pth	3	1000	2	groundPure	[(6, 6), (9, 6), (12, 6), (15, 3)]	True	True	True	True	geometric5	18402947	5	15	2026-08-01	groundPure_66-96-126-153	0.020443871784302178	0.07185534679022675	0.013617848548677857	0.04051604830529064	0.09979515033275278	0.16010682509792426	0.045240861666487504	0.018820342920139812	13.743970616635531	9.340422154314146	0.07484992459899242	4.221621869122582	0.3669017895996844	0.25933665192886174	0.0
/vol/bitbucket/osella/rl-qecc-data/supervisedLearning/sweep2/g5_ground_pure_H3_s5000.pth	3	5000	2	groundPure	[(6, 6), (9, 6), (12, 6), (15, 3)]	True	True	True	True	geometric5	18402947	5	15	2026-08-01	groundPure_66-96-126-153	0.020443871784302178	0.08435798908406208	0.006095274443907854	0.019138132891907248	0.0800713934703027	0.2747937434623547	0.04169140115183757	0.018820342920139812	13.56352609792546	9.340422154314146	0.12501090203658852	2.948677713704705	0.4171797831355879	0.29324822061968725	0.02
/vol/bitbucket/osella/rl-qecc-data/supervisedLearning/sweep2/g5_ground_pure_H4_s2000.pth	4	2000	2	groundPure	[(6, 6), (9, 6), (12, 6), (15, 3)]	True	True	True	True	geometric5	18402947	5	15	2026-08-01	groundPure_66-96-126-153	0.020443871784302178	0.053521636146323735	0.009148706116467375	0.025685323432196476	0.08133024341435635	0.10576864044841382	0.045675267320184454	0.018820342920139812	13.437885467393784	9.340422154314146	0.054849590357262376	6.400341806097635	0.24961490367617628	0.17040357219353344	0.0
/vol/bitbucket/osella/rl-qecc-data/supervisedLearning/sweep2/g5_ground_pure_H4_s6000.pth	4	6000	2	groundPure	[(6, 6), (9, 6), (12, 6), (15, 3)]	True	True	True	True	geometric5	18402947	5	15	2026-08-01	groundPure_66-96-126-153	0.020443871784302178	0.10646007342061514	0.005755750372129743	0.01754286069620378	0.08745013194239931	0.3833343239785249	0.03821730011381914	0.018820342920139812	15.345220756241424	9.340422154314146	0.18038184328442905	2.453811934086988	0.2926624523190994	0.2020284149925006	0.0
/vol/bitbucket/osella/rl-qecc-data/supervisedLearning/sweep2/g5_ground_pure_H6_s4000.pth	6	4000	2	groundPure	[(6, 6), (9, 6), (12, 6), (15, 3)]	True	True	True	True	geometric5	18402947	5	15	2026-08-01	groundPure_66-96-126-153	0.020443871784302178	0.09445873914125652	0.0048369787812753695	0.014687957591445217	0.08353320969918578	0.32807045340361096	0.041165096230768077	0.018820342920139812	14.525115531129172	9.340422154314146	0.1506553895960942	2.4257628241120512	0.47876829867240905	0.33304052529488276	0.0
/vol/bitbucket/osella/rl-qecc-data/supervisedLearning/sweep2/g5_ground_pure_H7_s1000.pth	7	1000	2	groundPure	[(6, 6), (9, 6), (12, 6), (15, 3)]	True	True	True	True	geometric5	18402947	5	15	2026-08-01	groundPure_66-96-126-153	0.020443871784302178	0.056771317600897445	0.004813957163900451	0.016416473471887308	0.07073703977181081	0.15038624381489493	0.04150287378199431	0.018820342920139812	12.18582617613103	9.340422154314146	0.06782450220562203	2.449582614192985	0.48328828568416826	0.33602118119311447	0.0
/vol/bitbucket/osella/rl-qecc-data/supervisedLearning/sweep2/g5_ground_pure_H7_s5000.pth	7	5000	2	groundPure	[(6, 6), (9, 6), (12, 6), (15, 3)]	True	True	True	True	geometric5	18402947	5	15	2026-08-01	groundPure_66-96-126-153	0.020443871784302178	0.07015463746807024	0.008078163580365885	0.023400601830239915	0.07132181551150565	0.20637351278135926	0.04159909363687942	0.018820342920139812	12.495969172308927	9.340422154314146	0.09133978422677616	3.663508412595229	0.3842271766820504	0.26828462103705	0.0
/vol/bitbucket/osella/rl-qecc-data/supervisedLearning/sweep2/g5_mix_66-96-126-153_H10_s2000.pth	10	2000	6	mixed	[(6, 6), (9, 6), (12, 6), (15, 3)]	True	True	True	True	geometric5	18402947	5	15	2026-08-01	mixed_66-96-126-153	0.020443871784302178	0.06402181063542554	0.007089057203816212	0.018367606267977808	0.06656518771506595	0.1862465601067243	0.04184064188354419	0.018820342920139812	12.121819040219082	9.340422154314146	0.08372938449252128	2.9635263118957855	0.4727191781418704	0.33384932735447354	0.0
/vol/bitbucket/osella/rl-qecc-data/supervisedLearning/sweep2/g5_mix_66-96-126-153_H10_s6000.pth	10	6000	6	mixed	[(6, 6), (9, 6), (12, 6), (15, 3)]	True	True	True	True	geometric5	18402947	5	15	2026-08-01	mixed_66-96-126-153	0.020443871784302178	0.05579730342993356	0.019889710905927158	0.04233255104243055	0.08880967590553623	0.08474304003334865	0.04321153926242337	0.018820342920139812	12.737412625752164	9.340422154314146	0.05821171943764094	4.450347516383909	0.49027334399782774	0.34571852222184685	0.0
/vol/bitbucket/osella/rl-qecc-data/supervisedLearning/sweep2/g5_mix_66-96-126-153_H3_s4000.pth	3	4000	6	mixed	[(6, 6), (9, 6), (12, 6), (15, 3)]	True	True	True	True	geometric5	18402947	5	15	2026-08-01	mixed_66-96-126-153	0.020443871784302178	0.07851119424559574	0.0053256968160959855	0.015271703193552566	0.08588609911063592	0.24105716156697604	0.045015310540718154	0.018820342920139812	13.907492015790739	9.340422154314146	0.10791027356107534	3.257741067845391	0.522045621499313	0.3669223374802308	0.02
/vol/bitbucket/osella/rl-qecc-data/supervisedLearning/sweep2/g5_mix_66-96-126-153_H4_s1000.pth	4	1000	6	mixed	[(6, 6), (9, 6), (12, 6), (15, 3)]	True	True	True	True	geometric5	18402947	5	15	2026-08-01	mixed_66-96-126-153	0.020443871784302178	0.05521740388577591	0.007679576062856547	0.020162340208859476	0.07672142143813829	0.12704063199764073	0.044483049721385365	0.018820342920139812	12.73189434609539	9.340422154314146	0.06091613098926855	4.861996512999574	0.4359187583709846	0.3096913611815962	0.0
/vol/bitbucket/osella/rl-qecc-data/supervisedLearning/sweep2/g5_mix_66-96-126-153_H4_s5000.pth	4	5000	6	mixed	[(6, 6), (9, 6), (12, 6), (15, 3)]	True	True	True	True	geometric5	18402947	5	15	2026-08-01	mixed_66-96-126-153	0.020443871784302178	0.06872411037325266	0.00842462334327851	0.02088081880190397	0.07844115198577488	0.19581392565379238	0.040060032081513805	0.018820342920139812	12.659614713764162	9.340422154314146	0.09248840380742453	3.1000708529127383	0.4540874672955968	0.3248933633312127	0.0
/vol/bitbucket/osella/rl-qecc-data/supervisedLearning/sweep2/g5_mix_66-96-126-153_H6_s2000.pth	6	2000	6	mixed	[(6, 6), (9, 6), (12, 6), (15, 3)]	True	True	True	True	geometric5	18402947	5	15	2026-08-01	mixed_66-96-126-153	0.020443871784302178	0.0718388880362317	0.006821517642625803	0.018224592010383338	0.08987529174882353	0.20212021927104878	0.04215281950827866	0.018820342920139812	13.649713681456115	9.340422154314146	0.09354830691515088	2.391359216876635	0.5231452888422182	0.36947617785891373	0.0
/vol/bitbucket/osella/rl-qecc-data/supervisedLearning/sweep2/g5_mix_66-96-126-153_H6_s6000.pth	6	6000	6	mixed	[(6, 6), (9, 6), (12, 6), (15, 3)]	True	True	True	True	geometric5	18402947	5	15	2026-08-01	mixed_66-96-126-153	0.020443871784302178	0.0889105793868324	0.007116638660014092	0.018232472043789406	0.08932722810392682	0.28929308866143294	0.0405834694649981	0.018820342920139812	14.121057708034723	9.340422154314146	0.13435699916705704	2.3892934349461483	0.4766531642026522	0.3333392027355273	0.0
/vol/bitbucket/osella/rl-qecc-data/supervisedLearning/sweep2/g5_mix_66-96-126-153_H7_s4000.pth	7	4000	6	mixed	[(6, 6), (9, 6), (12, 6), (15, 3)]	True	True	True	True	geometric5	18402947	5	15	2026-08-01	mixed_66-96-126-153	0.020443871784302178	0.06150019289231141	0.02486878575818284	0.04475640694020894	0.08233135745409123	0.11004196816784137	0.04550244614123159	0.018820342920139812	14.203217395159	9.340422154314146	0.058128368869618856	6.191094515894022	0.4280514171951912	0.3026076988620502	0.0
/vol/bitbucket/osella/rl-qecc-data/supervisedLearning/sweep2/g5_mix_66-96-126_H10_s1000.pth	10	1000	8	mixed	[(6, 6), (9, 6), (12, 6)]	True	True	True	False	geometric5	18402947	5	15	2026-08-01	mixed_66-96-126	0.020443871784302178	0.0589981365700867	0.00855842091914572	0.02292504968673858	0.07278623426966198	0.15288894336403044	0.03783203461085668	0.018820342920139812	11.792949788860248	9.340422154314146	0.07466128581099406	2.3517030571245243	0.4636158000771864	0.3256429655816808	0.0
/vol/bitbucket/osella/rl-qecc-data/supervisedLearning/sweep2/g5_mix_66-96-126_H10_s5000.pth	10	5000	8	mixed	[(6, 6), (9, 6), (12, 6)]	True	True	True	False	geometric5	18402947	5	15	2026-08-01	mixed_66-96-126	0.020443871784302178	0.052075148128220346	0.0069568906801558035	0.02038124299105285	0.07237395822967636	0.11742440799106192	0.0432392407491549	0.018820342920139812	12.649035968672058	9.340422154314146	0.05950780733651864	5.2419278450867095	0.44644842300425586	0.30864204803066736	0.0
/vol/bitbucket/osella/rl-qecc-data/supervisedLearning/sweep2/g5_mix_66-96-126_H3_s2000.pth	3	2000	8	mixed	[(6, 6), (9, 6), (12, 6)]	True	True	True	False	geometric5	18402947	5	15	2026-08-01	mixed_66-96-126	0.020443871784302178	0.06612871284189747	0.006006895502245112	0.018268787431324807	0.06906517719972544	0.19345337425155337	0.043849329824638066	0.018820342920139812	12.41033125653514	9.340422154314146	0.0834073839291342	4.627204306207255	0.3558914528031743	0.2493566786764706	0.0
/vol/bitbucket/osella/rl-qecc-data/supervisedLearning/sweep2/g5_mix_66-96-126_H3_s6000.pth	3	6000	8	mixed	[(6, 6), (9, 6), (12, 6)]	True	True	True	False	geometric5	18402947	5	15	2026-08-01	mixed_66-96-126	0.020443871784302178	0.08417198749468446	0.005462366075077065	0.015550279268088468	0.08031542474633108	0.2812758067827033	0.03825606060122103	0.018820342920139812	13.211365728385944	9.340422154314146	0.13021562954614346	2.5751204035413293	0.5324317043883028	0.37684247019541584	0.0
/vol/bitbucket/osella/rl-qecc-data/supervisedLearning/sweep2/g5_mix_66-96-126_H4_s4000.pth	4	4000	8	mixed	[(6, 6), (9, 6), (12, 6)]	True	True	True	False	geometric5	18402947	5	15	2026-08-01	mixed_66-96-126	0.020443871784302178	0.10899158079713604	0.005431435704303053	0.01648266499601571	0.08331609318925425	0.4037991259482971	0.035928584147813004	0.018820342920139812	15.03711268786945	9.340422154314146	0.18823999328353855	2.4210047834919166	0.47654590548892145	0.33330734535782813	0.0
/vol/bitbucket/osella/rl-qecc-data/supervisedLearning/sweep2/g5_mix_66-96-126_H6_s1000.pth	6	1000	8	mixed	[(6, 6), (9, 6), (12, 6)]	True	True	True	False	geometric5	18402947	5	15	2026-08-01	mixed_66-96-126	0.020443871784302178	0.0779489392269453	0.004781361966360841	0.015139915894020113	0.08097550103469182	0.24745555950368386	0.04139235773596905	0.018820342920139812	13.54415544241332	9.340422154314146	0.11305397602443276	3.2105152032267834	0.5501543014811303	0.3886909599292386	0.0
/vol/bitbucket/osella/rl-qecc-data/supervisedLearning/sweep2/g5_mix_66-96-126_H6_s5000.pth	6	5000	8	mixed	[(6, 6), (9, 6), (12, 6)]	True	True	True	False	geometric5	18402947	5	15	2026-08-01	mixed_66-96-126	0.020443871784302178	0.06384467764455663	0.005177367560178623	0.014801687808749034	0.0704001648633038	0.19105621554792962	0.03778795244262054	0.018820342920139812	12.0649531734162	9.340422154314146	0.08909807403880109	1.8441429369556581	0.5422790935029678	0.38170229241083997	0.0
/vol/bitbucket/osella/rl-qecc-data/supervisedLearning/sweep2/g5_mix_66-96-126_H7_s2000.pth	7	2000	8	mixed	[(6, 6), (9, 6), (12, 6)]	True	True	True	False	geometric5	18402947	5	15	2026-08-01	mixed_66-96-126	0.020443871784302178	0.06397424596321535	0.005949067297310224	0.016040218439821848	0.07146708726727591	0.1877251156660899	0.038689741145579326	0.018820342920139812	12.137101968955653	9.340422154314146	0.08737616636376451	2.0476985637204037	0.5673431679516497	0.4015892950811453	0.0
/vol/bitbucket/osella/rl-qecc-data/supervisedLearning/sweep2/g5_mix_66-96-126_H7_s6000.pth	7	6000	8	mixed	[(6, 6), (9, 6), (12, 6)]	True	True	True	False	geometric5	18402947	5	15	2026-08-01	mixed_66-96-126	0.020443871784302178	0.07016610676433417	0.005654717064290358	0.01669803151872614	0.08192429693224497	0.20733849878032934	0.03921498952607867	0.018820342920139812	12.832455822330013	9.340422154314146	0.09780509226581342	2.2208859206509466	0.5286221286754759	0.37383043668746235	0.0
/vol/bitbucket/osella/rl-qecc-data/supervisedLearning/sweep2/g5_mix_66-96_H10_s4000.pth	10	4000	12	mixed	[(6, 6), (9, 6)]	True	True	False	False	geometric5	18402947	5	15	2026-08-01	mixed_66-96	0.020443871784302178	0.06421639341625437	0.004908936396696022	0.014565102127681629	0.07595068111579628	0.18980054561770623	0.035856701823392796	0.018820342920139812	12.231934612110278	9.340422154314146	0.09624335446206186	1.786269103516397	0.571590999195107	0.4048816667052455	0.0
/vol/bitbucket/osella/rl-qecc-data/supervisedLearning/sweep2/g5_mix_66-96_H3_s1000.pth	3	1000	12	mixed	[(6, 6), (9, 6)]	True	True	False	False	geometric5	18402947	5	15	2026-08-01	mixed_66-96	0.020443871784302178	0.09467266762078945	0.005661669385235701	0.017709977851927496	0.08006596844634181	0.32987774338843767	0.04004797903200694	0.018820342920139812	14.048570431059325	9.340422154314146	0.14921350019802251	2.7687584654470303	0.2846769762892714	0.19543891781406683	0.0
/vol/bitbucket/osella/rl-qecc-data/supervisedLearning/sweep2/g5_mix_66-96_H3_s5000.pth	3	5000	12	mixed	[(6, 6), (9, 6)]	True	True	False	False	geometric5	18402947	5	15	2026-08-01	mixed_66-96	0.020443871784302178	0.08435072646454618	0.009520830370455369	0.029521977328975175	0.07921452197080303	0.2583424928455639	0.04515380980693324	0.018820342920139812	13.753163550078167	9.340422154314146	0.10722987711612456	4.072737743689887	0.38344008767028726	0.26440776063497273	0.0
/vol/bitbucket/osella/rl-qecc-data/supervisedLearning/sweep2/g5_mix_66-96_H4_s2000.pth	4	2000	12	mixed	[(6, 6), (9, 6)]	True	True	False	False	geometric5	18402947	5	15	2026-08-01	mixed_66-96	0.020443871784302178	0.06605756435140701	0.005203243915609835	0.015638466812499287	0.06518097486191439	0.20021126047040572	0.04405387569660478	0.018820342920139812	12.718304620284274	9.340422154314146	0.08664951247516564	3.527072392593961	0.5553367306541478	0.39049232884753393	0.0
/vol/bitbucket/osella/rl-qecc-data/supervisedLearning/sweep2/g5_mix_66-96_H4_s6000.pth	4	6000	12	mixed	[(6, 6), (9, 6)]	True	True	False	False	geometric5	18402947	5	15	2026-08-01	mixed_66-96	0.020443871784302178	0.07780698168068385	0.005397456161033925	0.016247728431485083	0.07359209018030045	0.2503774197092499	0.043420213921346644	0.018820342920139812	13.308748394269784	9.340422154314146	0.1104621676403345	3.3891217491200853	0.4704703679134278	0.3285505537625938	0.0
/vol/bitbucket/osella/rl-qecc-data/supervisedLearning/sweep2/g5_mix_66-96_H6_s4000.pth	6	4000	12	mixed	[(6, 6), (9, 6)]	True	True	False	False	geometric5	18402947	5	15	2026-08-01	mixed_66-96	0.020443871784302178	0.10041425333660028	0.022635342526771424	0.05027391380883878	0.11578235949124863	0.2639370014663499	0.04944264938979078	0.018820342920139812	13.91022769322202	9.340422154314146	0.1368392358737955	2.100962153942032	0.2979644043381495	0.20807891167871442	0.0
/vol/bitbucket/osella/rl-qecc-data/supervisedLearning/sweep2/g5_mix_66-96_H7_s1000.pth	7	1000	12	mixed	[(6, 6), (9, 6)]	True	True	False	False	geometric5	18402947	5	15	2026-08-01	mixed_66-96	0.020443871784302178	0.06779789441161972	0.004943826538246425	0.014818243075513571	0.0825388619389992	0.20117321728063925	0.03551532322470099	0.018820342920139812	12.606546504196046	9.340422154314146	0.10352074327085911	1.6801542782681507	0.5635808194439803	0.39803113483399527	0.0
/vol/bitbucket/osella/rl-qecc-data/supervisedLearning/sweep2/g5_mix_66-96_H7_s5000.pth	7	5000	12	mixed	[(6, 6), (9, 6)]	True	True	False	False	geometric5	18402947	5	15	2026-08-01	mixed_66-96	0.020443871784302178	0.05982276956817454	0.005499539186211143	0.015297518670150886	0.0714783186217588	0.17085806103364615	0.03598041032910698	0.018820342920139812	11.839272110443334	9.340422154314146	0.08397771002172826	1.7933024184778563	0.5653900522543966	0.4018791232889786	0.0
/vol/bitbucket/osella/rl-qecc-data/supervisedLearning/sweep2/g5_mix_66_H10_s2000.pth	10	2000	24	mixed	[(6, 6)]	True	False	False	False	geometric5	18402947	5	15	2026-08-01	mixed_66	0.020443871784302178	0.06883437625993787	0.01120969176503908	0.03469973520667926	0.08801730080231329	0.16633744089550392	0.04390771263015329	0.018820342920139812	12.961346211529065	9.340422154314146	0.07635794789857503	4.5952423512749	0.38504228718161304	0.2701350200647491	0.0
/vol/bitbucket/osella/rl-qecc-data/supervisedLearning/sweep2/g5_mix_66_H10_s6000.pth	10	6000	24	mixed	[(6, 6)]	True	False	False	False	geometric5	18402947	5	15	2026-08-01	mixed_66	0.020443871784302178	0.07994526341542903	0.005151430722936283	0.015319048005314825	0.07467907717230131	0.26779682354785905	0.0367799376287325	0.018820342920139812	12.945536370155645	9.340422154314146	0.1253868554301906	2.1180662140277633	0.4812840949776418	0.3394319187678189	0.0
/vol/bitbucket/osella/rl-qecc-data/supervisedLearning/sweep2/g5_mix_66_H3_s4000.pth	3	4000	24	mixed	[(6, 6)]	True	False	False	False	geometric5	18402947	5	15	2026-08-01	mixed_66	0.020443871784302178	0.09767146718849164	0.009183440787343225	0.02757490096087406	0.09340162588772376	0.3185230792975761	0.039674289008939045	0.018820342920139812	14.359311533088583	9.340422154314146	0.14859104906078263	2.6252428150587277	0.2572404970519905	0.17941484145904196	0.0
/vol/bitbucket/osella/rl-qecc-data/supervisedLearning/sweep2/g5_mix_66_H4_s1000.pth	4	1000	24	mixed	[(6, 6)]	True	False	False	False	geometric5	18402947	5	15	2026-08-01	mixed_66	0.020443871784302178	0.09617002153239253	0.010945696389117257	0.03180492554922007	0.09557490167107292	0.3011775105646753	0.041347073487877965	0.018820342920139812	14.242234089511006	9.340422154314146	0.13650770550131697	3.1767575028327877	0.3214518040802596	0.22026414356955076	0.0
/vol/bitbucket/osella/rl-qecc-data/supervisedLearning/sweep2/g5_mix_66_H4_s5000.pth	4	5000	24	mixed	[(6, 6)]	True	False	False	False	geometric5	18402947	5	15	2026-08-01	mixed_66	0.020443871784302178	0.07861395325361217	0.0058811167366443675	0.018094435920066664	0.07767781504417447	0.24778132093881675	0.043635077628357395	0.018820342920139812	13.395893173692652	9.340422154314146	0.10961486570000889	3.084906552759626	0.4416354125257658	0.3083284939082955	0.0
/vol/bitbucket/osella/rl-qecc-data/supervisedLearning/sweep2/g5_mix_66_H6_s2000.pth	6	2000	24	mixed	[(6, 6)]	True	False	False	False	geometric5	18402947	5	15	2026-08-01	mixed_66	0.020443871784302178	0.060359172910490665	0.007959589136992825	0.02364073572310974	0.0723926303532061	0.1565922248517687	0.04121068448737514	0.018820342920139812	12.082165353252702	9.340422154314146	0.07080728425891814	3.4706340381814407	0.33676527897672787	0.2301432390519301	0.0
/vol/bitbucket/osella/rl-qecc-data/supervisedLearning/sweep2/g5_mix_66_H6_s6000.pth	6	6000	24	mixed	[(6, 6)]	True	False	False	False	geometric5	18402947	5	15	2026-08-01	mixed_66	0.020443871784302178	0.06779976171593985	0.008561464385601049	0.02303776684263814	0.07650406280738242	0.18921010385787648	0.04168541068620123	0.018820342920139812	12.691667767017806	9.340422154314146	0.08697424043927546	3.3858063000848806	0.3778991358459757	0.26408524487820384	0.0
/vol/bitbucket/osella/rl-qecc-data/supervisedLearning/sweep2/g5_mix_66_H7_s4000.pth	7	4000	24	mixed	[(6, 6)]	True	False	False	False	geometric5	18402947	5	15	2026-08-01	mixed_66	0.020443871784302178	0.07292511134746299	0.006042085700861017	0.017053557302558302	0.07580744278359712	0.22353792535267858	0.042184545597621595	0.018820342920139812	13.060051598682278	9.340422154314146	0.1011195841702078	2.9857360552101917	0.48147674859593564	0.3384875516217571	0.0
/vol/bitbucket/osella/rl-qecc-data/supervisedLearning/sweep2/g5_ground_anch_H10_s1000.pth	10	1000	2	groundAnchored	[(6, 6), (9, 6), (12, 6), (15, 3)]	True	True	True	True	geometric5	4412297	15	3	2026-08-01	groundAnchored_66-96-126-153	0.022257119563161308	0.05245879742055208	0.013998497626349443	0.03333301168984836	0.07764440827601508	0.10737694774346777	0.029941121767079835	0.020227998625672306	12.678424193273125	10.427155327325456	0.05915681483986354	1.8030127406849583	0.5702603196195486	0.40392889818128536	0.0
/vol/bitbucket/osella/rl-qecc-data/supervisedLearning/sweep2/g5_ground_anch_H10_s5000.pth	10	5000	2	groundAnchored	[(6, 6), (9, 6), (12, 6), (15, 3)]	True	True	True	True	geometric5	4412297	15	3	2026-08-01	groundAnchored_66-96-126-153	0.022257119563161308	0.06111169805209762	0.007168090292430256	0.02453456595497349	0.0843780475899428	0.15843471228180542	0.031043074141336002	0.020227998625672306	12.899279935096747	10.427155327325456	0.08370241080522747	1.8250687997604307	0.5610720850733185	0.3972367897664133	0.0
/vol/bitbucket/osella/rl-qecc-data/supervisedLearning/sweep2/g5_ground_anch_H3_s2000.pth	3	2000	2	groundAnchored	[(6, 6), (9, 6), (12, 6), (15, 3)]	True	True	True	True	geometric5	4412297	15	3	2026-08-01	groundAnchored_66-96-126-153	0.022257119563161308	0.08251661815752805	0.005614017375782607	0.020787099918512034	0.10658154977429102	0.2499200476388074	0.02968037608024608	0.020227998625672306	14.855060762822596	10.427155327325456	0.12624213343763813	1.8286037716149652	0.5035769586173714	0.3526596508010001	0.0
/vol/bitbucket/osella/rl-qecc-data/supervisedLearning/sweep2/g5_ground_anch_H3_s6000.pth	3	6000	2	groundAnchored	[(6, 6), (9, 6), (12, 6), (15, 3)]	True	True	True	True	geometric5	4412297	15	3	2026-08-01	groundAnchored_66-96-126-153	0.022257119563161308	0.07081624266978248	0.008946750092406497	0.02809549045360196	0.09445282643336853	0.1919791252929133	0.030607021076622023	0.020227998625672306	13.293050999819776	10.427155327325456	0.09872608065658552	1.8292515476439104	0.4053186702851679	0.2834619343192871	0.0
/vol/bitbucket/osella/rl-qecc-data/supervisedLearning/sweep2/g5_ground_anch_H4_s4000.pth	4	4000	2	groundAnchored	[(6, 6), (9, 6), (12, 6), (15, 3)]	True	True	True	True	geometric5	4412297	15	3	2026-08-01	groundAnchored_66-96-126-153	0.022257119563161308	0.08080251373413516	0.029137076249085504	0.08667773658687537	0.10951121589592769	0.145879401028575	0.03280713891021279	0.020227998625672306	13.463168210603483	10.427155327325456	0.07212992104110237	1.8162077676833037	0.3386632707134064	0.23627570610280063	0.0
/vol/bitbucket/osella/rl-qecc-data/supervisedLearning/sweep2/g5_ground_anch_H6_s1000.pth	6	1000	2	groundAnchored	[(6, 6), (9, 6), (12, 6), (15, 3)]	True	True	True	True	geometric5	4412297	15	3	2026-08-01	groundAnchored_66-96-126-153	0.022257119563161308	0.057959918778139934	0.022166283127000197	0.055499638050137086	0.09422211957518278	0.08783834242139711	0.03007321071698231	0.020227998625672306	14.095951187604491	10.427155327325456	0.0567071409854584	1.8289151008721813	0.5093191134584492	0.35702054437042197	0.0
/vol/bitbucket/osella/rl-qecc-data/supervisedLearning/sweep2/g5_ground_anch_H6_s5000.pth	6	5000	2	groundAnchored	[(6, 6), (9, 6), (12, 6), (15, 3)]	True	True	True	True	geometric5	4412297	15	3	2026-08-01	groundAnchored_66-96-126-153	0.022257119563161308	0.07919965751334682	0.039020418153861744	0.09045202055076397	0.10277664355857295	0.13194719082956727	0.03180201447396807	0.020227998625672306	13.476418662154698	10.427155327325456	0.06568392458431863	1.820683058930852	0.5131047445446045	0.3608796854211995	0.0
/vol/bitbucket/osella/rl-qecc-data/supervisedLearning/sweep2/g5_ground_anch_H7_s2000.pth	7	2000	2	groundAnchored	[(6, 6), (9, 6), (12, 6), (15, 3)]	True	True	True	True	geometric5	4412297	15	3	2026-08-01	groundAnchored_66-96-126-153	0.022257119563161308	0.05353804847933993	0.00911561032297162	0.02868319304636849	0.07660509796515493	0.11434666284410656	0.038939678218098316	0.020227998625672306	12.326962433325535	10.427155327325456	0.06757582131585972	1.832768926307357	0.47328681257687627	0.32913856404585756	0.0
/vol/bitbucket/osella/rl-qecc-data/supervisedLearning/sweep2/g5_ground_anch_H7_s6000.pth	7	6000	2	groundAnchored	[(6, 6), (9, 6), (12, 6), (15, 3)]	True	True	True	True	geometric5	4412297	15	3	2026-08-01	groundAnchored_66-96-126-153	0.022257119563161308	0.04856095930322516	0.0059297433412593276	0.020885266968228608	0.08428875497096894	0.10185879330262361	0.029842237933044944	0.020227998625672306	12.60544552780821	10.427155327325456	0.06042113858376268	1.8256811450145625	0.5462085355221032	0.38226287061392933	0.04
/vol/bitbucket/osella/rl-qecc-data/supervisedLearning/sweep2/g5_ground_pure_H10_s4000.pth	10	4000	2	groundPure	[(6, 6), (9, 6), (12, 6), (15, 3)]	True	True	True	True	geometric5	4412297	15	3	2026-08-01	groundPure_66-96-126-153	0.022257119563161308	0.08174741734977363	0.01352180259207525	0.034066246820682156	0.09806837135036434	0.2295143580054247	0.03356630798032222	0.020227998625672306	14.089921180483413	10.427155327325456	0.11941711626003265	1.811768363068088	0.3914722952418999	0.2740284369198679	0.06
/vol/bitbucket/osella/rl-qecc-data/supervisedLearning/sweep2/g5_ground_pure_H3_s1000.pth	3	1000	2	groundPure	[(6, 6), (9, 6), (12, 6), (15, 3)]	True	True	True	True	geometric5	4412297	15	3	2026-08-01	groundPure_66-96-126-153	0.022257119563161308	0.06255561350001755	0.0073026636939134745	0.023231359533026453	0.08726044850392979	0.164767519713582	0.030216076055635848	0.020227998625672306	12.846834123085115	10.427155327325456	0.08569379711907751	1.7986680951285738	0.42116479230749165	0.29304877662124823	0.02
/vol/bitbucket/osella/rl-qecc-data/supervisedLearning/sweep2/g5_ground_pure_H3_s5000.pth	3	5000	2	groundPure	[(6, 6), (9, 6), (12, 6), (15, 3)]	True	True	True	True	geometric5	4412297	15	3	2026-08-01	groundPure_66-96-126-153	0.022257119563161308	0.06191059948779148	0.011438721976542008	0.040707114838592295	0.08706666635326424	0.13763494504850884	0.03270554922204966	0.020227998625672306	12.557419194598257	10.427155327325456	0.0733202622471378	1.8169463127884076	0.4873926594849385	0.34192570484116064	0.02
/vol/bitbucket/osella/rl-qecc-data/supervisedLearning/sweep2/g5_ground_pure_H4_s2000.pth	4	2000	2	groundPure	[(6, 6), (9, 6), (12, 6), (15, 3)]	True	True	True	True	geometric5	4412297	15	3	2026-08-01	groundPure_66-96-126-153	0.022257119563161308	0.08067875337177983	0.026337142015268582	0.08318771774286382	0.1643568779580367	0.09943935247528513	0.03007267666744498	0.020227998625672306	14.68694843432087	10.427155327325456	0.07139275072009893	1.8208705497850295	0.3795941784339768	0.26170124211895124	0.0
/vol/bitbucket/osella/rl-qecc-data/supervisedLearning/sweep2/g5_ground_pure_H4_s6000.pth	4	6000	2	groundPure	[(6, 6), (9, 6), (12, 6), (15, 3)]	True	True	True	True	geometric5	4412297	15	3	2026-08-01	groundPure_66-96-126-153	0.022257119563161308	0.05570479832338209	0.0058760850032511264	0.02130597447670806	0.0868169521673237	0.13499804715706135	0.029526932812566308	0.020227998625672306	13.040040633514527	10.427155327325456	0.0728573193036946	1.8024864987023916	0.4497618397059033	0.3161458629137586	0.0
/vol/bitbucket/osella/rl-qecc-data/supervisedLearning/sweep2/g5_ground_pure_H6_s4000.pth	6	4000	2	groundPure	[(6, 6), (9, 6), (12, 6), (15, 3)]	True	True	True	True	geometric5	4412297	15	3	2026-08-01	groundPure_66-96-126-153	0.022257119563161308	0.043637279166569606	0.006104999360839343	0.020578356292554178	0.07465660131141018	0.08700738893827818	0.029839049929766246	0.020227998625672306	12.307257281696769	10.427155327325456	0.052813321390128336	1.8106081978012774	0.5786707260735506	0.40943776869967746	0.04
/vol/bitbucket/osella/rl-qecc-data/supervisedLearning/sweep2/g5_ground_pure_H7_s1000.pth	7	1000	2	groundPure	[(6, 6), (9, 6), (12, 6), (15, 3)]	True	True	True	True	geometric5	4412297	15	3	2026-08-01	groundPure_66-96-126-153	0.022257119563161308	0.05965842021559457	0.006295295569529352	0.021384470659992497	0.08098658770640584	0.15983872134878535	0.0297870257932596	0.020227998625672306	12.925861562096786	10.427155327325456	0.07926532129460992	1.8067891909996219	0.6205266501683097	0.4434149167781474	0.04
/vol/bitbucket/osella/rl-qecc-data/supervisedLearning/sweep2/g5_ground_pure_H7_s5000.pth	7	5000	2	groundPure	[(6, 6), (9, 6), (12, 6), (15, 3)]	True	True	True	True	geometric5	4412297	15	3	2026-08-01	groundPure_66-96-126-153	0.022257119563161308	0.0734461011184854	0.005447733536420957	0.020870754988136286	0.10572371261585256	0.2054549136992012	0.029733390752816377	0.020227998625672306	14.348600282121673	10.427155327325456	0.10695893998461353	1.8146464485365734	0.5873875187353048	0.41692603503380293	0.02
/vol/bitbucket/osella/rl-qecc-data/supervisedLearning/sweep2/g5_mix_66-96-126-153_H10_s2000.pth	10	2000	6	mixed	[(6, 6), (9, 6), (12, 6), (15, 3)]	True	True	True	True	geometric5	4412297	15	3	2026-08-01	mixed_66-96-126-153	0.022257119563161308	0.037267720815977394	0.007849285514311985	0.02162067976442052	0.05151837396111113	0.07438340964785961	0.030966855192183604	0.020227998625672306	11.451137187458	10.427155327325456	0.04541120192378522	1.8161846037325267	0.6733951855778736	0.4896385393838861	0.0
/vol/bitbucket/osella/rl-qecc-data/supervisedLearning/sweep2/g5_mix_66-96-126-153_H10_s6000.pth	10	6000	6	mixed	[(6, 6), (9, 6), (12, 6), (15, 3)]	True	True	True	True	geometric5	4412297	15	3	2026-08-01	mixed_66-96-126-153	0.022257119563161308	0.03762259756547331	0.007834266528577872	0.021880627929124017	0.05367643633346059	0.0736325599012146	0.03108909713498917	0.020227998625672306	11.4509725634925	10.427155327325456	0.04507250012483119	1.8249287653934458	0.6726664789029886	0.4889317521970942	0.02
/vol/bitbucket/osella/rl-qecc-data/supervisedLearning/sweep2/g5_mix_66-96-126-153_H3_s4000.pth	3	4000	6	mixed	[(6, 6), (9, 6), (12, 6), (15, 3)]	True	True	True	True	geometric5	4412297	15	3	2026-08-01	mixed_66-96-126-153	0.022257119563161308	0.035800406715526124	0.006959622638647625	0.019904467797773384	0.04871815371820329	0.072361352399926	0.03105843702308023	0.020227998625672306	11.41007487816207	10.427155327325456	0.04430410291809234	1.8094585668326562	0.687764131195403	0.5020295813647511	0.0
/vol/bitbucket/osella/rl-qecc-data/supervisedLearning/sweep2/g5_mix_66-96-126-153_H4_s1000.pth	4	1000	6	mixed	[(6, 6), (9, 6), (12, 6), (15, 3)]	True	True	True	True	geometric5	4412297	15	3	2026-08-01	mixed_66-96-126-153	0.022257119563161308	0.03636631097647515	0.007368385430217812	0.02084547728530859	0.050107175227564645	0.07214782103564392	0.03136269590364066	0.020227998625672306	11.408498655972819	10.427155327325456	0.044367572991678386	1.8211888798904499	0.6887156635597697	0.5030816051007964	0.02
/vol/bitbucket/osella/rl-qecc-data/supervisedLearning/sweep2/g5_mix_66-96-126-153_H4_s5000.pth	4	5000	6	mixed	[(6, 6), (9, 6), (12, 6), (15, 3)]	True	True	True	True	geometric5	4412297	15	3	2026-08-01	mixed_66-96-126-153	0.022257119563161308	0.03582793376614666	0.006950053476363188	0.01950637699163638	0.04928937728802354	0.07235919853607162	0.031034662538638624	0.020227998625672306	11.409190668155201	10.427155327325456	0.04438133654516555	1.8080663350671478	0.6862750182697619	0.5008893787252944	0.02
/vol/bitbucket/osella/rl-qecc-data/supervisedLearning/sweep2/g5_mix_66-96-126-153_H6_s2000.pth	6	2000	6	mixed	[(6, 6), (9, 6), (12, 6), (15, 3)]	True	True	True	True	geometric5	4412297	15	3	2026-08-01	mixed_66-96-126-153	0.022257119563161308	0.03580391248567948	0.006893862524952156	0.019666822983994442	0.048923804084695814	0.07271292935940392	0.03082214347535133	0.020227998625672306	11.413001392401766	10.427155327325456	0.04447380374050995	1.8187308517745704	0.6866402585066822	0.5012614597701327	0.04
/vol/bitbucket/osella/rl-qecc-data/supervisedLearning/sweep2/g5_mix_66-96-126-153_H6_s6000.pth	6	6000	6	mixed	[(6, 6), (9, 6), (12, 6), (15, 3)]	True	True	True	True	geometric5	4412297	15	3	2026-08-01	mixed_66-96-126-153	0.022257119563161308	0.03734021773739705	0.007674823965820621	0.02122399418408457	0.05266534437028336	0.07392516977590448	0.031211756390891975	0.020227998625672306	11.455683493743258	10.427155327325456	0.045228414541731925	1.819792889310996	0.6694029661933227	0.48607660441723155	0.02
/vol/bitbucket/osella/rl-qecc-data/supervisedLearning/sweep2/g5_mix_66-96-126-153_H7_s4000.pth	7	4000	6	mixed	[(6, 6), (9, 6), (12, 6), (15, 3)]	True	True	True	True	geometric5	4412297	15	3	2026-08-01	mixed_66-96-126-153	0.022257119563161308	0.03675382594411838	0.007295098258151397	0.020705169366824566	0.05131918839402328	0.07337088135234476	0.03107879234924792	0.020227998625672306	11.439197566904213	10.427155327325456	0.045011114465821664	1.811516510659733	0.6747238138045181	0.49103959750099724	0.02
/vol/bitbucket/osella/rl-qecc-data/supervisedLearning/sweep2/g5_mix_66-96-126_H10_s1000.pth	10	1000	8	mixed	[(6, 6), (9, 6), (12, 6)]	True	True	True	False	geometric5	4412297	15	3	2026-08-01	mixed_66-96-126	0.022257119563161308	0.0657820553163356	0.013528096732361706	0.038667989826788075	0.09549044085860836	0.15181553029570125	0.029408218868218483	0.020227998625672306	13.394984353057197	10.427155327325456	0.08741518889299323	3.096772154672644	0.5630936773976382	0.4017078696963495	0.0
/vol/bitbucket/osella/rl-qecc-data/supervisedLearning/sweep2/g5_mix_66-96-126_H10_s5000.pth	10	5000	8	mixed	[(6, 6), (9, 6), (12, 6)]	True	True	True	False	geometric5	4412297	15	3	2026-08-01	mixed_66-96-126	0.022257119563161308	0.07183775136766674	0.012899646405072565	0.03647552228801107	0.10795116984072309	0.17195134525101943	0.029911073053507122	0.020227998625672306	14.568018895868779	10.427155327325456	0.10153597298294166	5.793538360767122	0.5320817473463205	0.3761008838358679	0.02
/vol/bitbucket/osella/rl-qecc-data/supervisedLearning/sweep2/g5_mix_66-96-126_H3_s2000.pth	3	2000	8	mixed	[(6, 6), (9, 6), (12, 6)]	True	True	True	False	geometric5	4412297	15	3	2026-08-01	mixed_66-96-126	0.022257119563161308	0.07534527139650087	0.009436719123464166	0.027875146445161803	0.11423897236865864	0.1954076767384258	0.029767842306794304	0.020227998625672306	14.973617233633846	10.427155327325456	0.11324487996291538	6.528776551125151	0.5825043134395196	0.41375273444806837	0.0
/vol/bitbucket/osella/rl-qecc-data/supervisedLearning/sweep2/g5_mix_66-96-126_H3_s6000.pth	3	6000	8	mixed	[(6, 6), (9, 6), (12, 6)]	True	True	True	False	geometric5	4412297	15	3	2026-08-01	mixed_66-96-126	0.022257119563161308	0.11247189847820052	0.04134605881826779	0.09067764391841904	0.19701353544075803	0.20325662066326117	0.030065633550296966	0.020227998625672306	18.320705004267612	10.427155327325456	0.13492576319893787	6.993769325241551	0.6083096318394878	0.4335846459862827	0.0
/vol/bitbucket/osella/rl-qecc-data/supervisedLearning/sweep2/g5_mix_66-96-126_H4_s4000.pth	4	4000	8	mixed	[(6, 6), (9, 6), (12, 6)]	True	True	True	False	geometric5	4412297	15	3	2026-08-01	mixed_66-96-126	0.022257119563161308	0.1985847052913356	0.11379361865928275	0.22755243136467726	0.39758636715519846	0.22394317751872508	0.03004793175879545	0.020227998625672306	25.45898409436695	10.427155327325456	0.18061086551823244	12.648145743940594	0.48715435851087946	0.3419234089837098	0.0
/vol/bitbucket/osella/rl-qecc-data/supervisedLearning/sweep2/g5_mix_66-96-126_H6_s1000.pth	6	1000	8	mixed	[(6, 6), (9, 6), (12, 6)]	True	True	True	False	geometric5	4412297	15	3	2026-08-01	mixed_66-96-126	0.022257119563161308	0.09574056536819381	0.02765530734621471	0.06298389111458588	0.16806907713022068	0.19013641873194712	0.029858132517999073	0.020227998625672306	16.351501628944316	10.427155327325456	0.12150920515075234	6.946801323983072	0.5487531887309494	0.38629830490046124	0.02
/vol/bitbucket/osella/rl-qecc-data/supervisedLearning/sweep2/g5_mix_66-96-126_H6_s5000.pth	6	5000	8	mixed	[(6, 6), (9, 6), (12, 6)]	True	True	True	False	geometric5	4412297	15	3	2026-08-01	mixed_66-96-126	0.022257119563161308	0.05239220445622853	0.005634607629545211	0.019584401848706228	0.06023447631311172	0.14696541970097937	0.02954211678880032	0.020227998625672306	13.012276843935933	10.427155327325456	0.07474356148928031	2.234465285718081	0.6149441618444259	0.43895507767929615	0.0
/vol/bitbucket/osella/rl-qecc-data/supervisedLearning/sweep2/g5_mix_66-96-126_H7_s2000.pth	7	2000	8	mixed	[(6, 6), (9, 6), (12, 6)]	True	True	True	False	geometric5	4412297	15	3	2026-08-01	mixed_66-96-126	0.022257119563161308	0.06750051728279698	0.010996197450751552	0.03016353440562953	0.09471090977103314	0.1721502911392665	0.029481653647303385	0.020227998625672306	13.864011843137197	10.427155327325456	0.09721939859682431	3.9546979013900105	0.5872003816540036	0.41712359722042475	0.0
/vol/bitbucket/osella/rl-qecc-data/supervisedLearning/sweep2/g5_mix_66-96-126_H7_s6000.pth	7	6000	8	mixed	[(6, 6), (9, 6), (12, 6)]	True	True	True	False	geometric5	4412297	15	3	2026-08-01	mixed_66-96-126	0.022257119563161308	0.06674221389471721	0.020005978473909194	0.04524439083738037	0.10272169953169263	0.13581138745865914	0.029927613171944065	0.020227998625672306	13.670709845143698	10.427155327325456	0.08412346795161557	4.5900182661409445	0.5511120202164655	0.3872357490259856	0.02
/vol/bitbucket/osella/rl-qecc-data/supervisedLearning/sweep2/g5_mix_66-96_H10_s4000.pth	10	4000	12	mixed	[(6, 6), (9, 6)]	True	True	False	False	geometric5	4412297	15	3	2026-08-01	mixed_66-96	0.022257119563161308	0.047565620601119504	0.006479062098355849	0.020152779955139172	0.07761740291050433	0.09827949265361743	0.03529936538798147	0.020227998625672306	12.405341576904055	10.427155327325456	0.06085309604279223	1.9591464445015017	0.5425150361851491	0.3833292693084284	0.02
/vol/bitbucket/osella/rl-qecc-data/supervisedLearning/sweep2/g5_mix_66-96_H3_s1000.pth	3	1000	12	mixed	[(6, 6), (9, 6)]	True	True	False	False	geometric5	4412297	15	3	2026-08-01	mixed_66-96	0.022257119563161308	0.06647413139046741	0.00695225927075199	0.028957527634186842	0.17804205389751188	0.08835719653982949	0.030061619610056493	0.020227998625672306	12.853011526423275	10.427155327325456	0.059714875727660134	2.4138344870375397	0.5003818758319051	0.35065131391379023	0.02
/vol/bitbucket/osella/rl-qecc-data/supervisedLearning/sweep2/g5_mix_66-96_H3_s5000.pth	3	5000	12	mixed	[(6, 6), (9, 6)]	True	True	False	False	geometric5	4412297	15	3	2026-08-01	mixed_66-96	0.022257119563161308	0.04341953586479089	0.005874224207766627	0.02019456106546675	0.07498440904489144	0.08578546477151335	0.030259020234316373	0.020227998625672306	12.546312608444014	10.427155327325456	0.05262806994703042	2.0889231226523206	0.50442680188806	0.35821325244121327	0.02
/vol/bitbucket/osella/rl-qecc-data/supervisedLearning/sweep2/g5_mix_66-96_H4_s2000.pth	4	2000	12	mixed	[(6, 6), (9, 6)]	True	True	False	False	geometric5	4412297	15	3	2026-08-01	mixed_66-96	0.022257119563161308	0.053962311168105355	0.02516251336240295	0.05074356077787265	0.07802553121189801	0.08600227031763073	0.029877680170721798	0.020227998625672306	12.459044685678553	10.427155327325456	0.055907883585676624	3.4363289828040187	0.589974188447712	0.4191470662903036	0.0
/vol/bitbucket/osella/rl-qecc-data/supervisedLearning/sweep2/g5_mix_66-96_H4_s6000.pth	4	6000	12	mixed	[(6, 6), (9, 6)]	True	True	False	False	geometric5	4412297	15	3	2026-08-01	mixed_66-96	0.022257119563161308	0.20859645517737493	0.21572478413289659	0.2698181861811828	0.3342969788101564	0.1930725939400835	0.030069732822553086	0.020227998625672306	25.09200417020506	10.427155327325456	0.160235274948155	4.767615052928711	0.32725271881930923	0.22526474641020625	0.02
/vol/bitbucket/osella/rl-qecc-data/supervisedLearning/sweep2/g5_mix_66-96_H6_s4000.pth	6	4000	12	mixed	[(6, 6), (9, 6)]	True	True	False	False	geometric5	4412297	15	3	2026-08-01	mixed_66-96	0.022257119563161308	0.05494668013949184	0.008842044328102141	0.028704179965227828	0.08246157932042913	0.12474462210166695	0.029980974982033642	0.020227998625672306	12.894717311266575	10.427155327325456	0.07410809155063755	3.355112874395379	0.5293381586138278	0.372005228697116	0.02
/vol/bitbucket/osella/rl-qecc-data/supervisedLearning/sweep2/g5_mix_66-96_H7_s1000.pth	7	1000	12	mixed	[(6, 6), (9, 6)]	True	True	False	False	geometric5	4412297	15	3	2026-08-01	mixed_66-96	0.022257119563161308	0.044066813817105865	0.006338630783674196	0.02063194561700709	0.07303343011208308	0.08988637746943155	0.030443685103333132	0.020227998625672306	12.658462620606757	10.427155327325456	0.054283016598789015	2.5185561605219906	0.5330262484271842	0.3737929447248344	0.02
/vol/bitbucket/osella/rl-qecc-data/supervisedLearning/sweep2/g5_mix_66-96_H7_s5000.pth	7	5000	12	mixed	[(6, 6), (9, 6)]	True	True	False	False	geometric5	4412297	15	3	2026-08-01	mixed_66-96	0.022257119563161308	0.04130650797677596	0.006112509971471065	0.019546703591054114	0.0645489529466165	0.08630336146833809	0.03002101190639977	0.020227998625672306	12.14986425712462	10.427155327325456	0.05182943086626237	2.626486260141116	0.5734148731233416	0.4068351614338796	0.02
/vol/bitbucket/osella/rl-qecc-data/supervisedLearning/sweep2/g5_mix_66_H10_s2000.pth	10	2000	24	mixed	[(6, 6)]	True	False	False	False	geometric5	4412297	15	3	2026-08-01	mixed_66	0.022257119563161308	0.06939790836981102	0.017786923391184553	0.053840005403643865	0.11717799040499668	0.12812091371230036	0.030063708936929164	0.020227998625672306	14.482649528304869	10.427155327325456	0.07415256261273609	12.975561758262847	0.34440661201744066	0.23705298464621674	0.0
/vol/bitbucket/osella/rl-qecc-data/supervisedLearning/sweep2/g5_mix_66_H10_s6000.pth	10	6000	24	mixed	[(6, 6)]	True	False	False	False	geometric5	4412297	15	3	2026-08-01	mixed_66	0.022257119563161308	0.08374345283334986	0.030489318454883677	0.08448557191478917	0.15383241623464872	0.11990971722433932	0.030000240338088676	0.020227998625672306	14.385581414680857	10.427155327325456	0.0758139893209107	4.842404602107727	0.321668530868019	0.22274049636618803	0.02
/vol/bitbucket/osella/rl-qecc-data/supervisedLearning/sweep2/g5_mix_66_H3_s4000.pth	3	4000	24	mixed	[(6, 6)]	True	False	False	False	geometric5	4412297	15	3	2026-08-01	mixed_66	0.022257119563161308	0.062405790842151185	0.020337870811084423	0.04588714412101349	0.09641662554134309	0.11941263684101372	0.029974676896301844	0.020227998625672306	13.263259433627663	10.427155327325456	0.06836560869642047	4.397457710890214	0.4157986726324749	0.28882964787997245	0.0
/vol/bitbucket/osella/rl-qecc-data/supervisedLearning/sweep2/g5_mix_66_H4_s1000.pth	4	1000	24	mixed	[(6, 6)]	True	False	False	False	geometric5	4412297	15	3	2026-08-01	mixed_66	0.022257119563161308	0.07287565377943588	0.009948543250149837	0.030811259602530706	0.09713971047311114	0.1962497292292596	0.030229026342128616	0.020227998625672306	13.905231044338338	10.427155327325456	0.0983244051661165	3.8393243982120646	0.33026990440914944	0.22683366993481852	0.0
/vol/bitbucket/osella/rl-qecc-data/supervisedLearning/sweep2/g5_mix_66_H4_s5000.pth	4	5000	24	mixed	[(6, 6)]	True	False	False	False	geometric5	4412297	15	3	2026-08-01	mixed_66	0.022257119563161308	0.06534932834262251	0.008332918251862815	0.02737708142104452	0.09479050566836669	0.1658159102263941	0.030430226145443787	0.020227998625672306	13.703539964726227	10.427155327325456	0.08672942208752042	3.1639880102772318	0.4002604229484204	0.2764941924801166	0.0
/vol/bitbucket/osella/rl-qecc-data/supervisedLearning/sweep2/g5_mix_66_H6_s2000.pth	6	2000	24	mixed	[(6, 6)]	True	False	False	False	geometric5	4412297	15	3	2026-08-01	mixed_66	0.022257119563161308	0.06055161841089489	0.018135834859039985	0.04843808995445859	0.09937411710190171	0.10671877739609122	0.030091272742982983	0.020227998625672306	13.415379674460114	10.427155327325456	0.06590740891584504	4.063591142663945	0.40345121236963805	0.27996663619159606	0.0
/vol/bitbucket/osella/rl-qecc-data/supervisedLearning/sweep2/g5_mix_66_H6_s6000.pth	6	6000	24	mixed	[(6, 6)]	True	False	False	False	geometric5	4412297	15	3	2026-08-01	mixed_66	0.022257119563161308	0.08154468141904725	0.021071227912875492	0.055958092912664514	0.13817849367562182	0.16190346009325804	0.03061213250081593	0.020227998625672306	14.396829422917257	10.427155327325456	0.09374966188531865	3.079453795148632	0.3016824857748114	0.20942285167464877	0.02
/vol/bitbucket/osella/rl-qecc-data/supervisedLearning/sweep2/g5_mix_66_H7_s4000.pth	7	4000	24	mixed	[(6, 6)]	True	False	False	False	geometric5	4412297	15	3	2026-08-01	mixed_66	0.022257119563161308	0.054423630613370806	0.014238542848669992	0.03798793998303739	0.08468315818698938	0.1052850187386465	0.029923493309510527	0.020227998625672306	13.032916239805035	10.427155327325456	0.05903581054825597	3.7552081204909817	0.4641982246212528	0.3216424416572229	0.0
/vol/bitbucket/osella/rl-qecc-data/supervisedLearning/sweep2/g5_ground_anch_H10_s1000.pth	10	1000	2	groundAnchored	[(6, 6), (9, 6), (12, 6), (15, 3)]	True	True	True	True	geometric5	1353227	12	6	2026-08-01	groundAnchored_66-96-126-153	0.01850424850243222	0.057862096677173916	0.0030913730319110824	0.010393034685586163	0.055846432431175014	0.2027754639366571	0.01720417930053998	0.01488279008886767	9.802378797123223	7.378381754377372	0.0969428025167408	2.426818937388433	0.6274044064811657	0.4516165273861632	0.02
/vol/bitbucket/osella/rl-qecc-data/supervisedLearning/sweep2/g5_ground_anch_H10_s5000.pth	10	5000	2	groundAnchored	[(6, 6), (9, 6), (12, 6), (15, 3)]	True	True	True	True	geometric5	1353227	12	6	2026-08-01	groundAnchored_66-96-126-153	0.01850424850243222	0.07182127851783116	0.002915964157676484	0.01009701756208839	0.05975409525868722	0.26692762474951837	0.019411690861184605	0.01488279008886767	10.502828856638258	7.378381754377372	0.12852871486752362	2.4802277482310973	0.6108149388408601	0.435875224769177	0.0
/vol/bitbucket/osella/rl-qecc-data/supervisedLearning/sweep2/g5_ground_anch_H3_s2000.pth	3	2000	2	groundAnchored	[(6, 6), (9, 6), (12, 6), (15, 3)]	True	True	True	True	geometric5	1353227	12	6	2026-08-01	groundAnchored_66-96-126-153	0.01850424850243222	0.0808702390941131	0.002796474678927107	0.009860350331120434	0.06391060110883304	0.3095868408238685	0.01819692852781603	0.01488279008886767	11.221535211113808	7.378381754377372	0.14794208452082436	2.43837046601383	0.6126138193239294	0.4359321680415574	0.06
/vol/bitbucket/osella/rl-qecc-data/supervisedLearning/sweep2/g5_ground_anch_H3_s6000.pth	3	6000	2	groundAnchored	[(6, 6), (9, 6), (12, 6), (15, 3)]	True	True	True	True	geometric5	1353227	12	6	2026-08-01	groundAnchored_66-96-126-153	0.01850424850243222	0.07509393154072856	0.0033450980319416172	0.0113357037541701	0.05987762588662954	0.28102153740422225	0.019889692626679514	0.01488279008886767	10.641481559257132	7.378381754377372	0.1349415193008672	2.443465706145133	0.5869262383281579	0.4184935486351157	0.0
/vol/bitbucket/osella/rl-qecc-data/supervisedLearning/sweep2/g5_ground_anch_H4_s4000.pth	4	4000	2	groundAnchored	[(6, 6), (9, 6), (12, 6), (15, 3)]	True	True	True	True	geometric5	1353227	12	6	2026-08-01	groundAnchored_66-96-126-153	0.01850424850243222	0.07004475495732866	0.003436882808200704	0.011995667146869478	0.057540818177409324	0.25628086764360863	0.020969539010555358	0.01488279008886767	10.323110657436603	7.378381754377372	0.12296034682163928	2.443040588324813	0.534636579588683	0.37695915174999334	0.02
/vol/bitbucket/osella/rl-qecc-data/supervisedLearning/sweep2/g5_ground_anch_H6_s1000.pth	6	1000	2	groundAnchored	[(6, 6), (9, 6), (12, 6), (15, 3)]	True	True	True	True	geometric5	1353227	12	6	2026-08-01	groundAnchored_66-96-126-153	0.01850424850243222	0.07818838952075627	0.003578446893698204	0.011574654993133357	0.06152726614080133	0.2936204633447551	0.020641116231393326	0.01488279008886767	10.794617243363964	7.378381754377372	0.14142491077357117	2.438079628065624	0.6057151107043017	0.4316657778686915	0.0
/vol/bitbucket/osella/rl-qecc-data/supervisedLearning/sweep2/g5_ground_anch_H6_s5000.pth	6	5000	2	groundAnchored	[(6, 6), (9, 6), (12, 6), (15, 3)]	True	True	True	True	geometric5	1353227	12	6	2026-08-01	groundAnchored_66-96-126-153	0.01850424850243222	0.06897202422770755	0.004006211331426572	0.014094610731124977	0.052828725341500064	0.25374982075912567	0.02018075297536083	0.01488279008886767	10.136813341821275	7.378381754377372	0.11970236543875565	2.438903963100072	0.5906913639011226	0.41978782633544254	0.0
/vol/bitbucket/osella/rl-qecc-data/supervisedLearning/sweep2/g5_ground_anch_H7_s2000.pth	7	2000	2	groundAnchored	[(6, 6), (9, 6), (12, 6), (15, 3)]	True	True	True	True	geometric5	1353227	12	6	2026-08-01	groundAnchored_66-96-126-153	0.01850424850243222	0.05742439848542628	0.0035413920462290744	0.012020282214608638	0.05246375628362264	0.1973145152578343	0.021782046624836834	0.01488279008886767	9.532844390317258	7.378381754377372	0.0957677201882814	2.4526912661671942	0.6259367538819237	0.4495423797237595	0.02
/vol/bitbucket/osella/rl-qecc-data/supervisedLearning/sweep2/g5_ground_anch_H7_s6000.pth	7	6000	2	groundAnchored	[(6, 6), (9, 6), (12, 6), (15, 3)]	True	True	True	True	geometric5	1353227	12	6	2026-08-01	groundAnchored_66-96-126-153	0.01850424850243222	0.05477925452898403	0.0027621515581616814	0.009536861749665032	0.057178452206096714	0.18818645516231983	0.016232351968676752	0.01488279008886767	9.758952078639359	7.378381754377372	0.09025871272891425	2.442460414791374	0.6570879225290626	0.475806378722241	0.02
/vol/bitbucket/osella/rl-qecc-data/supervisedLearning/sweep2/g5_ground_pure_H10_s4000.pth	10	4000	2	groundPure	[(6, 6), (9, 6), (12, 6), (15, 3)]	True	True	True	True	geometric5	1353227	12	6	2026-08-01	groundPure_66-96-126-153	0.01850424850243222	0.06802241624630842	0.0028371066585299674	0.009533356824239971	0.05993470638933448	0.25244855067863486	0.015358360680802841	0.01488279008886767	10.622534778476012	7.378381754377372	0.11833075116750373	2.4130945844352802	0.609121682887344	0.43519860304519464	0.02
/vol/bitbucket/osella/rl-qecc-data/supervisedLearning/sweep2/g5_ground_pure_H3_s1000.pth	3	1000	2	groundPure	[(6, 6), (9, 6), (12, 6), (15, 3)]	True	True	True	True	geometric5	1353227	12	6	2026-08-01	groundPure_66-96-126-153	0.01850424850243222	0.057398857094392075	0.0037410700772315185	0.01294755152989504	0.05582728212509292	0.1957709271183479	0.018707454621392842	0.01488279008886767	9.545573567697339	7.378381754377372	0.09272605398969924	2.4466296637928973	0.6174112773056101	0.4406404460768109	0.0
/vol/bitbucket/osella/rl-qecc-data/supervisedLearning/sweep2/g5_ground_pure_H3_s5000.pth	3	5000	2	groundPure	[(6, 6), (9, 6), (12, 6), (15, 3)]	True	True	True	True	geometric5	1353227	12	6	2026-08-01	groundPure_66-96-126-153	0.01850424850243222	0.05778010685607361	0.0034415760255304	0.012132289259112949	0.05208655085911476	0.2018680838238207	0.01937203431278915	0.01488279008886767	9.572886373447062	7.378381754377372	0.09620650163414508	2.432963732674471	0.6390253697065457	0.4590524126248874	0.02
/vol/bitbucket/osella/rl-qecc-data/supervisedLearning/sweep2/g5_ground_pure_H4_s2000.pth	4	2000	2	groundPure	[(6, 6), (9, 6), (12, 6), (15, 3)]	True	True	True	True	geometric5	1353227	12	6	2026-08-01	groundPure_66-96-126-153	0.01850424850243222	0.0791461386775816	0.004011298237006463	0.012245729415519572	0.05803935143222072	0.3010323752398479	0.02040193906331358	0.01488279008886767	10.809484691063155	7.378381754377372	0.1438383983561529	2.432427028445917	0.6348182783628123	0.45764143180733874	0.02
/vol/bitbucket/osella/rl-qecc-data/supervisedLearning/sweep2/g5_ground_pure_H4_s6000.pth	4	6000	2	groundPure	[(6, 6), (9, 6), (12, 6), (15, 3)]	True	True	True	True	geometric5	1353227	12	6	2026-08-01	groundPure_66-96-126-153	0.01850424850243222	0.08362213700374219	0.00280374924439871	0.009616121167482233	0.07055552132912912	0.3169421390223631	0.018193154255338108	0.01488279008886767	11.652391571251544	7.378381754377372	0.15262440966888513	2.4433742574005524	0.5835940866042728	0.41482313826030304	0.04
/vol/bitbucket/osella/rl-qecc-data/supervisedLearning/sweep2/g5_ground_pure_H6_s4000.pth	6	4000	2	groundPure	[(6, 6), (9, 6), (12, 6), (15, 3)]	True	True	True	True	geometric5	1353227	12	6	2026-08-01	groundPure_66-96-126-153	0.01850424850243222	0.0525142161015834	0.003280585456910114	0.010638030153160987	0.051792868246275846	0.18167780925120103	0.015181787400369016	0.01488279008886767	9.629069573538148	7.378381754377372	0.084616485977303	2.411342992308105	0.6915688883173756	0.5064483753937776	0.04
/vol/bitbucket/osella/rl-qecc-data/supervisedLearning/sweep2/g5_ground_pure_H7_s1000.pth	7	1000	2	groundPure	[(6, 6), (9, 6), (12, 6), (15, 3)]	True	True	True	True	geometric5	1353227	12	6	2026-08-01	groundPure_66-96-126-153	0.01850424850243222	0.0626682253393401	0.003308839073148457	0.011162227183104141	0.054568056136040634	0.22866302786820514	0.01563897643620212	0.01488279008886767	10.074737346505362	7.378381754377372	0.10592189677626065	2.4315796860019363	0.6576114878031692	0.4772108444539221	0.04
/vol/bitbucket/osella/rl-qecc-data/supervisedLearning/sweep2/g5_ground_pure_H7_s5000.pth	7	5000	2	groundPure	[(6, 6), (9, 6), (12, 6), (15, 3)]	True	True	True	True	geometric5	1353227	12	6	2026-08-01	groundPure_66-96-126-153	0.01850424850243222	0.07294815571146573	0.003003697914369827	0.010296047598556724	0.05586803546528453	0.27358928389928144	0.021983713679836182	0.01488279008886767	10.46316052807912	7.378381754377372	0.13264128929180918	2.4277829757525993	0.6124611790423166	0.4366592101665652	0.02
/vol/bitbucket/osella/rl-qecc-data/supervisedLearning/sweep2/g5_mix_66-96-126-153_H10_s2000.pth	10	2000	6	mixed	[(6, 6), (9, 6), (12, 6), (15, 3)]	True	True	True	True	geometric5	1353227	12	6	2026-08-01	mixed_66-96-126-153	0.01850424850243222	0.02488892042489611	0.0035929320094870323	0.009577733729717128	0.0372418559042053	0.05594518642186579	0.018086894059205303	0.01488279008886767	8.103854674633329	7.378381754377372	0.03201889110320099	2.252231093620801	0.7573989942620961	0.5680128023595375	0.18
/vol/bitbucket/osella/rl-qecc-data/supervisedLearning/sweep2/g5_mix_66-96-126-153_H10_s6000.pth	10	6000	6	mixed	[(6, 6), (9, 6), (12, 6), (15, 3)]	True	True	True	True	geometric5	1353227	12	6	2026-08-01	mixed_66-96-126-153	0.01850424850243222	0.024897687898050896	0.0034791351807429466	0.009476649861478937	0.037660299829817064	0.055623790917458935	0.01824856370075642	0.01488279008886767	8.101088716942899	7.378381754377372	0.031751964830897136	2.3227294121997333	0.7581392682723846	0.5686568287596213	0.14
/vol/bitbucket/osella/rl-qecc-data/supervisedLearning/sweep2/g5_mix_66-96-126-153_H3_s4000.pth	3	4000	6	mixed	[(6, 6), (9, 6), (12, 6), (15, 3)]	True	True	True	True	geometric5	1353227	12	6	2026-08-01	mixed_66-96-126-153	0.01850424850243222	0.024741887901817042	0.0033477769460961222	0.009169468283417973	0.0367371573383566	0.055573895477803836	0.018881141463410647	0.01488279008886767	8.166486452499553	7.378381754377372	0.03216589742600981	2.426655396800208	0.7500492427058219	0.5632523924766353	0.08
/vol/bitbucket/osella/rl-qecc-data/supervisedLearning/sweep2/g5_mix_66-96-126-153_H4_s1000.pth	4	1000	6	mixed	[(6, 6), (9, 6), (12, 6), (15, 3)]	True	True	True	True	geometric5	1353227	12	6	2026-08-01	mixed_66-96-126-153	0.01850424850243222	0.024376655013713115	0.003217709140601111	0.008900687815333078	0.03538469758819766	0.05502111096244097	0.019359069561992855	0.01488279008886767	8.093258983993389	7.378381754377372	0.031630868270702134	2.376074320779875	0.7581063372584088	0.5694550857513438	0.12
/vol/bitbucket/osella/rl-qecc-data/supervisedLearning/sweep2/g5_mix_66-96-126-153_H4_s5000.pth	4	5000	6	mixed	[(6, 6), (9, 6), (12, 6), (15, 3)]	True	True	True	True	geometric5	1353227	12	6	2026-08-01	mixed_66-96-126-153	0.01850424850243222	0.024817172204091163	0.003448767283456544	0.00945394183469893	0.036673119535057884	0.055209836086638	0.019300196280604608	0.01488279008886767	8.11308263633338	7.378381754377372	0.03170958015866893	2.410216870767586	0.7566443428855822	0.5687545221523199	0.08
/vol/bitbucket/osella/rl-qecc-data/supervisedLearning/sweep2/g5_mix_66-96-126-153_H6_s2000.pth	6	2000	6	mixed	[(6, 6), (9, 6), (12, 6), (15, 3)]	True	True	True	True	geometric5	1353227	12	6	2026-08-01	mixed_66-96-126-153	0.01850424850243222	0.023909961817532976	0.0029993013461769792	0.008524311573008043	0.03492220170296308	0.05479204876500797	0.018311945700508953	0.01488279008886767	8.086960783893804	7.378381754377372	0.03118837074378327	2.3886928792721744	0.7650911332019008	0.5764801212812112	0.12
/vol/bitbucket/osella/rl-qecc-data/supervisedLearning/sweep2/g5_mix_66-96-126-153_H6_s6000.pth	6	6000	6	mixed	[(6, 6), (9, 6), (12, 6), (15, 3)]	True	True	True	True	geometric5	1353227	12	6	2026-08-01	mixed_66-96-126-153	0.01850424850243222	0.02487380069681791	0.003333092533125614	0.009075566366686357	0.03748317738759187	0.05622266273778016	0.018254504458905415	0.01488279008886767	8.113772602741836	7.378381754377372	0.03215352055102338	2.3478950138667822	0.7520526946519013	0.5621278460137513	0.1
/vol/bitbucket/osella/rl-qecc-data/supervisedLearning/sweep2/g5_mix_66-96-126-153_H7_s4000.pth	7	4000	6	mixed	[(6, 6), (9, 6), (12, 6), (15, 3)]	True	True	True	True	geometric5	1353227	12	6	2026-08-01	mixed_66-96-126-153	0.01850424850243222	0.02308103145059741	0.0030180925643998875	0.008581212971236377	0.03668171117261251	0.05240393757095285	0.014720202973785382	0.01488279008886767	8.036705129488164	7.378381754377372	0.029223407283315114	2.1781541016516495	0.7983227219028909	0.6097062692268933	0.08
/vol/bitbucket/osella/rl-qecc-data/supervisedLearning/sweep2/g5_mix_66-96-126_H10_s1000.pth	10	1000	8	mixed	[(6, 6), (9, 6), (12, 6)]	True	True	True	False	geometric5	1353227	12	6	2026-08-01	mixed_66-96-126	0.01850424850243222	0.024104312831004122	0.0035218572285529793	0.009461635769678175	0.03552478416994595	0.05394408061808185	0.01806920636876163	0.01488279008886767	8.065384112204784	7.378381754377372	0.030751814020315682	2.3332031022259656	0.7717788782885002	0.5826494340699989	0.06
/vol/bitbucket/osella/rl-qecc-data/supervisedLearning/sweep2/g5_mix_66-96-126_H10_s5000.pth	10	5000	8	mixed	[(6, 6), (9, 6), (12, 6)]	True	True	True	False	geometric5	1353227	12	6	2026-08-01	mixed_66-96-126	0.01850424850243222	0.023389739752104545	0.0029801191982148797	0.008430431507751154	0.03706706947866805	0.053409693666784865	0.015061384909103732	0.01488279008886767	8.054073732295807	7.378381754377372	0.029885480235212664	2.120960405804708	0.7905239938430669	0.6010242538585764	0.04
/vol/bitbucket/osella/rl-qecc-data/supervisedLearning/sweep2/g5_mix_66-96-126_H3_s2000.pth	3	2000	8	mixed	[(6, 6), (9, 6), (12, 6)]	True	True	True	False	geometric5	1353227	12	6	2026-08-01	mixed_66-96-126	0.01850424850243222	0.023980076014233933	0.0035207863309147723	0.009353568625806085	0.03483199567402933	0.05402716407503294	0.018166865365386413	0.01488279008886767	8.066418059755634	7.378381754377372	0.030909322737110386	2.383025367100107	0.7695709163890483	0.5810366235559241	0.1
/vol/bitbucket/osella/rl-qecc-data/supervisedLearning/sweep2/g5_mix_66-96-126_H3_s6000.pth	3	6000	8	mixed	[(6, 6), (9, 6), (12, 6)]	True	True	True	False	geometric5	1353227	12	6	2026-08-01	mixed_66-96-126	0.01850424850243222	0.023432435888425942	0.003477493126117658	0.009216648224215935	0.0350558665159315	0.052891548737790096	0.016520622838074702	0.01488279008886767	8.036860287201245	7.378381754377372	0.029815467757596324	2.2528015732428597	0.788082187215955	0.5986605457158551	0.18
/vol/bitbucket/osella/rl-qecc-data/supervisedLearning/sweep2/g5_mix_66-96-126_H4_s4000.pth	4	4000	8	mixed	[(6, 6), (9, 6), (12, 6)]	True	True	True	False	geometric5	1353227	12	6	2026-08-01	mixed_66-96-126	0.01850424850243222	0.023025961098489554	0.0034313345974868945	0.009189675469064684	0.03534515060257976	0.05216531357933195	0.014998331243984676	0.01488279008886767	8.01981889974661	7.378381754377372	0.029074682862459636	2.2527349475720415	0.8001003965285582	0.6122217858192295	0.14
/vol/bitbucket/osella/rl-qecc-data/supervisedLearning/sweep2/g5_mix_66-96-126_H6_s1000.pth	6	1000	8	mixed	[(6, 6), (9, 6), (12, 6)]	True	True	True	False	geometric5	1353227	12	6	2026-08-01	mixed_66-96-126	0.01850424850243222	0.02464536312333932	0.003758531321220122	0.010060861650699282	0.03692836655210824	0.05400730230579648	0.018471753786872578	0.01488279008886767	8.078543939635349	7.378381754377372	0.030954329396416156	2.342052476631634	0.7686565462812995	0.5799842975220252	0.12
/vol/bitbucket/osella/rl-qecc-data/supervisedLearning/sweep2/g5_mix_66-96-126_H6_s5000.pth	6	5000	8	mixed	[(6, 6), (9, 6), (12, 6)]	True	True	True	False	geometric5	1353227	12	6	2026-08-01	mixed_66-96-126	0.01850424850243222	0.02231209257610432	0.0030639083326018885	0.00849716443967023	0.03476208887811406	0.05101211978629061	0.014225181443844853	0.01488279008886767	8.00471051336003	7.378381754377372	0.02832400555221556	2.1700988632213734	0.8103404904147087	0.622649697038033	0.08
/vol/bitbucket/osella/rl-qecc-data/supervisedLearning/sweep2/g5_mix_66-96-126_H7_s2000.pth	7	2000	8	mixed	[(6, 6), (9, 6), (12, 6)]	True	True	True	False	geometric5	1353227	12	6	2026-08-01	mixed_66-96-126	0.01850424850243222	0.023807974890984022	0.003149176479355006	0.008746210204026736	0.034975947186143205	0.05416009930853521	0.01800844127685995	0.01488279008886767	8.076720727495216	7.378381754377372	0.030922070004132076	2.3558272714099004	0.7678436965080894	0.5795557647470544	0.18
/vol/bitbucket/osella/rl-qecc-data/supervisedLearning/sweep2/g5_mix_66-96-126_H7_s6000.pth	7	6000	8	mixed	[(6, 6), (9, 6), (12, 6)]	True	True	True	False	geometric5	1353227	12	6	2026-08-01	mixed_66-96-126	0.01850424850243222	0.02374041541635831	0.003747884190742987	0.009858278316700142	0.037826567185855274	0.053032681473755436	0.014236665914737837	0.01488279008886767	8.032823668064976	7.378381754377372	0.029562856542399138	2.1817205057113354	0.7950391390864574	0.6065596403930231	0.04
/vol/bitbucket/osella/rl-qecc-data/supervisedLearning/sweep2/g5_mix_66-96_H10_s4000.pth	10	4000	12	mixed	[(6, 6), (9, 6)]	True	True	False	False	geometric5	1353227	12	6	2026-08-01	mixed_66-96	0.01850424850243222	0.04953551867846932	0.002884586809239046	0.009048068191132514	0.0473868492298906	0.16199038490628162	0.026367704255803058	0.01488279008886767	9.184728169422787	7.378381754377372	0.08435065650109104	2.6456953570463924	0.7038344622456277	0.5165464423039636	0.08
/vol/bitbucket/osella/rl-qecc-data/supervisedLearning/sweep2/g5_mix_66-96_H3_s1000.pth	3	1000	12	mixed	[(6, 6), (9, 6)]	True	True	False	False	geometric5	1353227	12	6	2026-08-01	mixed_66-96	0.01850424850243222	0.04040423004224751	0.0027965234178928653	0.008750003920418142	0.04532245633172865	0.1204256288604579	0.024726537680739936	0.01488279008886767	8.838296692358323	7.378381754377372	0.06498736245419084	2.67917423893113	0.7033781950110686	0.5165456076802317	0.08
/vol/bitbucket/osella/rl-qecc-data/supervisedLearning/sweep2/g5_mix_66-96_H3_s5000.pth	3	5000	12	mixed	[(6, 6), (9, 6)]	True	True	False	False	geometric5	1353227	12	6	2026-08-01	mixed_66-96	0.01850424850243222	0.04376812409873127	0.0027139806814395874	0.00857781584283109	0.04911505614433597	0.13282037023588403	0.025613397589165577	0.01488279008886767	9.037770909057604	7.378381754377372	0.0719594045828102	2.7325763310214	0.7062861132006141	0.5185405123622255	0.1
/vol/bitbucket/osella/rl-qecc-data/supervisedLearning/sweep2/g5_mix_66-96_H4_s2000.pth	4	2000	12	mixed	[(6, 6), (9, 6)]	True	True	False	False	geometric5	1353227	12	6	2026-08-01	mixed_66-96	0.01850424850243222	0.041441452356052566	0.002880492692392992	0.009134916892961423	0.045806914963367105	0.12453405569411331	0.02485088153742813	0.01488279008886767	8.893233280096924	7.378381754377372	0.06677868418728396	2.732766994998677	0.7038380729940933	0.5174837494568205	0.06
/vol/bitbucket/osella/rl-qecc-data/supervisedLearning/sweep2/g5_mix_66-96_H4_s6000.pth	4	6000	12	mixed	[(6, 6), (9, 6)]	True	True	False	False	geometric5	1353227	12	6	2026-08-01	mixed_66-96	0.01850424850243222	0.04469275432001327	0.003207969550068956	0.008895005399368926	0.04721336721318733	0.13719470798468347	0.02695272145275777	0.01488279008886767	9.013226321394566	7.378381754377372	0.07383741899999585	2.7359061935002487	0.6803226178628407	0.49559183552728564	0.1
/vol/bitbucket/osella/rl-qecc-data/supervisedLearning/sweep2/g5_mix_66-96_H6_s4000.pth	6	4000	12	mixed	[(6, 6), (9, 6)]	True	True	False	False	geometric5	1353227	12	6	2026-08-01	mixed_66-96	0.01850424850243222	0.0399998992809493	0.00326063755631916	0.009692445483435489	0.043835343479639514	0.11757044112367013	0.025640628761682188	0.01488279008886767	8.75794453304551	7.378381754377372	0.06335628673271142	2.6792900718917667	0.6650158629249124	0.4825509291823667	0.0
/vol/bitbucket/osella/rl-qecc-data/supervisedLearning/sweep2/g5_mix_66-96_H7_s1000.pth	7	1000	12	mixed	[(6, 6), (9, 6)]	True	True	False	False	geometric5	1353227	12	6	2026-08-01	mixed_66-96	0.01850424850243222	0.04878070848478184	0.0028803605908454205	0.009019728299822753	0.04748097136245683	0.15842898852528697	0.026093493645497137	0.01488279008886767	9.144517965630005	7.378381754377372	0.08251781158238154	2.6611877238185775	0.7006595016907118	0.5128494091038848	0.0
/vol/bitbucket/osella/rl-qecc-data/supervisedLearning/sweep2/g5_mix_66-96_H7_s5000.pth	7	5000	12	mixed	[(6, 6), (9, 6)]	True	True	False	False	geometric5	1353227	12	6	2026-08-01	mixed_66-96	0.01850424850243222	0.0425628290875322	0.002701503775558069	0.008915955129115688	0.048913705667883674	0.1294329773002228	0.022850003564880865	0.01488279008886767	9.015395576585997	7.378381754377372	0.06871354647457013	2.6420075858938072	0.6949887700700081	0.5090994554955754	0.02
/vol/bitbucket/osella/rl-qecc-data/supervisedLearning/sweep2/g5_mix_66_H10_s2000.pth	10	2000	24	mixed	[(6, 6)]	True	False	False	False	geometric5	1353227	12	6	2026-08-01	mixed_66	0.01850424850243222	0.07806137938556712	0.00346409186476445	0.011392049716584383	0.06179121262012204	0.2947133857995816	0.01894615692678295	0.01488279008886767	10.961849604699934	7.378381754377372	0.14063671472042208	2.694386205287561	0.6103339340713483	0.43863594729876587	0.0
/vol/bitbucket/osella/rl-qecc-data/supervisedLearning/sweep2/g5_mix_66_H10_s6000.pth	10	6000	24	mixed	[(6, 6)]	True	False	False	False	geometric5	1353227	12	6	2026-08-01	mixed_66	0.01850424850243222	0.06859061531574864	0.0037577235538359113	0.011402562604508922	0.055734977041710085	0.25153991622983646	0.020517897148852143	0.01488279008886767	10.186462638697567	7.378381754377372	0.12113380958443465	2.6851238031540934	0.6443216812531577	0.46639169151769594	0.02
/vol/bitbucket/osella/rl-qecc-data/supervisedLearning/sweep2/g5_mix_66_H3_s4000.pth	3	4000	24	mixed	[(6, 6)]	True	False	False	False	geometric5	1353227	12	6	2026-08-01	mixed_66	0.01850424850243222	0.07653992336714054	0.0036016547241949997	0.011673603474002724	0.061130763508554654	0.2858740427747425	0.020419552354207875	0.01488279008886767	10.8006204858164	7.378381754377372	0.13710615696364792	2.606483804044496	0.58657592680232	0.418790682547078	0.02
/vol/bitbucket/osella/rl-qecc-data/supervisedLearning/sweep2/g5_mix_66_H4_s1000.pth	4	1000	24	mixed	[(6, 6)]	True	False	False	False	geometric5	1353227	12	6	2026-08-01	mixed_66	0.01850424850243222	0.09482825868490649	0.006004046906448832	0.01834253104461125	0.07512458002547656	0.3530756863706258	0.0215944490773701	0.01488279008886767	12.142521288707453	7.378381754377372	0.16924513699116128	2.6763268354547463	0.49421390474652305	0.34863145560875847	0.02
/vol/bitbucket/osella/rl-qecc-data/supervisedLearning/sweep2/g5_mix_66_H4_s5000.pth	4	5000	24	mixed	[(6, 6)]	True	False	False	False	geometric5	1353227	12	6	2026-08-01	mixed_66	0.01850424850243222	0.07443748888980818	0.003330309350957982	0.011182532511981577	0.059118500750465215	0.2780038414128943	0.020552260422741952	0.01488279008886767	10.721337534349244	7.378381754377372	0.13335771478895067	2.6544918419817987	0.5844551865570887	0.41670146617951376	0.02
/vol/bitbucket/osella/rl-qecc-data/supervisedLearning/sweep2/g5_mix_66_H6_s2000.pth	6	2000	24	mixed	[(6, 6)]	True	False	False	False	geometric5	1353227	12	6	2026-08-01	mixed_66	0.01850424850243222	0.06657579087549531	0.00449646988195667	0.014044435216417482	0.05690829342895768	0.23466174208398963	0.022768013766155185	0.01488279008886767	10.04307251822605	7.378381754377372	0.1143307194729596	2.658611221566415	0.588289713705551	0.4216366831389495	0.0
/vol/bitbucket/osella/rl-qecc-data/supervisedLearning/sweep2/g5_mix_66_H6_s6000.pth	6	6000	24	mixed	[(6, 6)]	True	False	False	False	geometric5	1353227	12	6	2026-08-01	mixed_66	0.01850424850243222	0.07723739338649556	0.004432792843332385	0.013792963014060222	0.06841197799675133	0.2779287813930637	0.02162045168527026	0.01488279008886767	10.894060611698217	7.378381754377372	0.13579068029450264	2.720430079427915	0.5145941566542939	0.3639835613311964	0.0
/vol/bitbucket/osella/rl-qecc-data/supervisedLearning/sweep2/g5_mix_66_H7_s4000.pth	7	4000	24	mixed	[(6, 6)]	True	False	False	False	geometric5	1353227	12	6	2026-08-01	mixed_66	0.01850424850243222	0.06713660472801133	0.0035034065723895435	0.011295838597843427	0.05823459764920404	0.24445566033329633	0.018193520487323443	0.01488279008886767	10.273680358163869	7.378381754377372	0.11654978157957982	2.818373502240716	0.637296568814827	0.4621683004263655	0.0
/vol/bitbucket/osella/rl-qecc-data/supervisedLearning/sweep2/g5_ground_anch_H10_s1000.pth	10	1000	2	groundAnchored	[(6, 6), (9, 6), (12, 6), (15, 3)]	True	True	True	True	geometric5	10148123	3	27	2026-08-01	groundAnchored_66-96-126-153	0.015023945469023817	0.10669348758232775	0.03322686235777071	0.07528841507247289	0.21124038979337578	0.18114057702717126	0.03257119366084917	0.0219898349070157	17.370993373206552	11.218728447201691	0.10622974777417929	6.417369719467755	0.3085217889979001	0.21302793186572325	0.0
/vol/bitbucket/osella/rl-qecc-data/supervisedLearning/sweep2/g5_ground_anch_H10_s5000.pth	10	5000	2	groundAnchored	[(6, 6), (9, 6), (12, 6), (15, 3)]	True	True	True	True	geometric5	10148123	3	27	2026-08-01	groundAnchored_66-96-126-153	0.015023945469023817	0.13360663773515782	0.018132927151489085	0.06191361627177718	0.2889047082582098	0.2678335439344613	0.031248393059852737	0.0219898349070157	21.924018805821568	11.218728447201691	0.15870975479710114	3.4038796022297024	0.3763031716142111	0.25852110103294734	0.0
/vol/bitbucket/osella/rl-qecc-data/supervisedLearning/sweep2/g5_ground_anch_H3_s2000.pth	3	2000	2	groundAnchored	[(6, 6), (9, 6), (12, 6), (15, 3)]	True	True	True	True	geometric5	10148123	3	27	2026-08-01	groundAnchored_66-96-126-153	0.015023945469023817	0.11859715469910061	0.022336459809438915	0.06368493657833284	0.21371286885122184	0.2598827246996244	0.033368783556884406	0.0219898349070157	18.401384702909816	11.218728447201691	0.13791239703406155	2.8089607616463845	0.21906899746164835	0.14760916690572579	0.02
/vol/bitbucket/osella/rl-qecc-data/supervisedLearning/sweep2/g5_ground_anch_H3_s6000.pth	3	6000	2	groundAnchored	[(6, 6), (9, 6), (12, 6), (15, 3)]	True	True	True	True	geometric5	10148123	3	27	2026-08-01	groundAnchored_66-96-126-153	0.015023945469023817	0.11984902589962568	0.029919774700342683	0.07908445670961403	0.21106725425139602	0.24703194902471254	0.03214169481206276	0.0219898349070157	18.41634797257465	11.218728447201691	0.13424907825303106	5.972251561015346	0.28365812158601306	0.19343722607124358	0.0
/vol/bitbucket/osella/rl-qecc-data/supervisedLearning/sweep2/g5_ground_anch_H4_s4000.pth	4	4000	2	groundAnchored	[(6, 6), (9, 6), (12, 6), (15, 3)]	True	True	True	True	geometric5	10148123	3	27	2026-08-01	groundAnchored_66-96-126-153	0.015023945469023817	0.11867496508319553	0.03562761458440089	0.08898843569149623	0.2181717916813852	0.21736142657009608	0.03322555688859685	0.0219898349070157	17.895608382716986	11.218728447201691	0.12245846400078982	6.722531164259145	0.25097735915786235	0.1695371436628828	0.0
/vol/bitbucket/osella/rl-qecc-data/supervisedLearning/sweep2/g5_ground_anch_H6_s1000.pth	6	1000	2	groundAnchored	[(6, 6), (9, 6), (12, 6), (15, 3)]	True	True	True	True	geometric5	10148123	3	27	2026-08-01	groundAnchored_66-96-126-153	0.015023945469023817	0.17817376867631418	0.018095823767751328	0.06004619611602186	0.30101051962407743	0.4776486824298725	0.034067621443847444	0.0219898349070157	25.59941851008544	11.218728447201691	0.2640058719534696	1.5849875263022413	0.2956421495046225	0.2022026122146663	0.02
/vol/bitbucket/osella/rl-qecc-data/supervisedLearning/sweep2/g5_ground_anch_H6_s5000.pth	6	5000	2	groundAnchored	[(6, 6), (9, 6), (12, 6), (15, 3)]	True	True	True	True	geometric5	10148123	3	27	2026-08-01	groundAnchored_66-96-126-153	0.015023945469023817	0.12155394232420717	0.04684376080511925	0.11288956529489182	0.23378428515359015	0.18087984268511645	0.03337225768231608	0.0219898349070157	18.1677300125693	11.218728447201691	0.10985200638611402	6.670255874097125	0.19195084144057478	0.12982964967738453	0.0
/vol/bitbucket/osella/rl-qecc-data/supervisedLearning/sweep2/g5_ground_anch_H7_s2000.pth	7	2000	2	groundAnchored	[(6, 6), (9, 6), (12, 6), (15, 3)]	True	True	True	True	geometric5	10148123	3	27	2026-08-01	groundAnchored_66-96-126-153	0.015023945469023817	0.12919692649781003	0.035610923236561565	0.0822927417276913	0.24257776489035424	0.252703137949435	0.0328000646850089	0.0219898349070157	19.3223353287852	11.218728447201691	0.14350018118565258	3.656462778515434	0.3236226894806945	0.2235138946659952	0.0
/vol/bitbucket/osella/rl-qecc-data/supervisedLearning/sweep2/g5_ground_anch_H7_s6000.pth	7	6000	2	groundAnchored	[(6, 6), (9, 6), (12, 6), (15, 3)]	True	True	True	True	geometric5	10148123	3	27	2026-08-01	groundAnchored_66-96-126-153	0.015023945469023817	0.0991931525879936	0.02769362229155075	0.0711863812310076	0.18227580548293143	0.1815041241451706	0.03330582978930766	0.0219898349070157	16.921633876796303	11.218728447201691	0.09883715050846065	5.637830532245828	0.2914305020146731	0.19912751150400593	0.0
/vol/bitbucket/osella/rl-qecc-data/supervisedLearning/sweep2/g5_ground_pure_H10_s4000.pth	10	4000	2	groundPure	[(6, 6), (9, 6), (12, 6), (15, 3)]	True	True	True	True	geometric5	10148123	3	27	2026-08-01	groundPure_66-96-126-153	0.015023945469023817	0.12127435404207765	0.028856581279109145	0.06931354586277219	0.21056709025697765	0.2652133521610829	0.032421200650444626	0.0219898349070157	18.330325775823265	11.218728447201691	0.14488633951124702	6.04847484900975	0.26533304780718076	0.17976658350476946	0.0
/vol/bitbucket/osella/rl-qecc-data/supervisedLearning/sweep2/g5_ground_pure_H3_s1000.pth	3	1000	2	groundPure	[(6, 6), (9, 6), (12, 6), (15, 3)]	True	True	True	True	geometric5	10148123	3	27	2026-08-01	groundPure_66-96-126-153	0.015023945469023817	0.18861138036349667	0.10990929217501766	0.30190022687573864	0.41815751589987205	0.0794867227811168	0.03360314408573734	0.0219898349070157	24.375006036412476	11.218728447201691	0.11518662478883103	13.35756448074363	0.04567374227901163	0.03031902377405827	0.0
/vol/bitbucket/osella/rl-qecc-data/supervisedLearning/sweep2/g5_ground_pure_H3_s5000.pth	3	5000	2	groundPure	[(6, 6), (9, 6), (12, 6), (15, 3)]	True	True	True	True	geometric5	10148123	3	27	2026-08-01	groundPure_66-96-126-153	0.015023945469023817	0.14074653861186318	0.029680411525751516	0.06861880963122136	0.230982967618492	0.34189461981514463	0.032555884468707545	0.0219898349070157	19.96521905393017	11.218728447201691	0.18323000349583568	2.8362689828064007	0.1830744876131599	0.12359646181659054	0.0
/vol/bitbucket/osella/rl-qecc-data/supervisedLearning/sweep2/g5_ground_pure_H4_s2000.pth	4	2000	2	groundPure	[(6, 6), (9, 6), (12, 6), (15, 3)]	True	True	True	True	geometric5	10148123	3	27	2026-08-01	groundPure_66-96-126-153	0.015023945469023817	0.16818093357822791	0.2158650163887372	0.2864929654902139	0.24239119960957536	0.06252345346209999	0.03363203294051496	0.0219898349070157	25.618092692751144	11.218728447201691	0.06914091809271673	5.839377568607019	0.22958048416185123	0.15464305088065314	0.0
/vol/bitbucket/osella/rl-qecc-data/supervisedLearning/sweep2/g5_ground_pure_H4_s6000.pth	4	6000	2	groundPure	[(6, 6), (9, 6), (12, 6), (15, 3)]	True	True	True	True	geometric5	10148123	3	27	2026-08-01	groundPure_66-96-126-153	0.015023945469023817	0.11609523737060987	0.03011890868956991	0.07635832216677561	0.19652301795560395	0.24225124214251204	0.03522469589858828	0.0219898349070157	18.80899417441652	11.218728447201691	0.13183060538532013	6.832322942158956	0.11336304425371045	0.07331682239228623	0.0
/vol/bitbucket/osella/rl-qecc-data/supervisedLearning/sweep2/g5_ground_pure_H6_s4000.pth	6	4000	2	groundPure	[(6, 6), (9, 6), (12, 6), (15, 3)]	True	True	True	True	geometric5	10148123	3	27	2026-08-01	groundPure_66-96-126-153	0.015023945469023817	0.1197014066196354	0.026766365771852128	0.06776488279121955	0.2139756860866146	0.2563947848703244	0.03360531357816583	0.0219898349070157	19.171293790774385	11.218728447201691	0.13383250087281537	8.406006932250254	0.06426715943873093	0.04361540745112826	0.0
/vol/bitbucket/osella/rl-qecc-data/supervisedLearning/sweep2/g5_ground_pure_H7_s1000.pth	7	1000	2	groundPure	[(6, 6), (9, 6), (12, 6), (15, 3)]	True	True	True	True	geometric5	10148123	3	27	2026-08-01	groundPure_66-96-126-153	0.015023945469023817	0.12631603970669236	0.018175422374880474	0.06135115844845286	0.27323306599315167	0.24580622975166677	0.03301432196531168	0.0219898349070157	20.288374181937595	11.218728447201691	0.14542509839787382	1.834471520212256	0.28816346096271483	0.1941393774916631	0.0
/vol/bitbucket/osella/rl-qecc-data/supervisedLearning/sweep2/g5_ground_pure_H7_s5000.pth	7	5000	2	groundPure	[(6, 6), (9, 6), (12, 6), (15, 3)]	True	True	True	True	geometric5	10148123	3	27	2026-08-01	groundPure_66-96-126-153	0.015023945469023817	0.11472225108700228	0.025575716727978627	0.0664791021942228	0.211466118121113	0.23720671551493094	0.03288360287676665	0.0219898349070157	18.356304718120708	11.218728447201691	0.12995164078135976	6.391283503408701	0.3281810237469367	0.22549349421146328	0.0
/vol/bitbucket/osella/rl-qecc-data/supervisedLearning/sweep2/g5_mix_66-96-126-153_H10_s2000.pth	10	2000	6	mixed	[(6, 6), (9, 6), (12, 6), (15, 3)]	True	True	True	True	geometric5	10148123	3	27	2026-08-01	mixed_66-96-126-153	0.015023945469023817	0.1108135108032462	0.02493004026806824	0.056071084317737954	0.2069970597287728	0.2326326567786931	0.03343671292295942	0.0219898349070157	17.461703507739585	11.218728447201691	0.12499412249843432	5.252433910565967	0.436859518518617	0.3037661924940957	0.0
/vol/bitbucket/osella/rl-qecc-data/supervisedLearning/sweep2/g5_mix_66-96-126-153_H10_s6000.pth	10	6000	6	mixed	[(6, 6), (9, 6), (12, 6), (15, 3)]	True	True	True	True	geometric5	10148123	3	27	2026-08-01	mixed_66-96-126-153	0.015023945469023817	0.10149319596166283	0.0242290368387038	0.05977286718272504	0.23108195472789242	0.15925777514849956	0.033124345910495394	0.0219898349070157	18.275370448436085	11.218728447201691	0.09885339771531995	5.200497872805839	0.405416315160053	0.27838543365692475	0.0
/vol/bitbucket/osella/rl-qecc-data/supervisedLearning/sweep2/g5_mix_66-96-126-153_H3_s4000.pth	3	4000	6	mixed	[(6, 6), (9, 6), (12, 6), (15, 3)]	True	True	True	True	geometric5	10148123	3	27	2026-08-01	mixed_66-96-126-153	0.015023945469023817	0.12496046791878813	0.02013941563203668	0.05204040089053664	0.2399757605229426	0.27917839090534996	0.0334683716430765	0.0219898349070157	19.05325093638115	11.218728447201691	0.15193145143327197	8.429953729944916	0.3957353853238703	0.2732535008387081	0.0
/vol/bitbucket/osella/rl-qecc-data/supervisedLearning/sweep2/g5_mix_66-96-126-153_H4_s1000.pth	4	1000	6	mixed	[(6, 6), (9, 6), (12, 6), (15, 3)]	True	True	True	True	geometric5	10148123	3	27	2026-08-01	mixed_66-96-126-153	0.015023945469023817	0.12049584491702067	0.03283838416832093	0.08169637767177963	0.2014024766020768	0.25320940745162523	0.03333257869129967	0.0219898349070157	17.381448465692635	11.218728447201691	0.13153835673182696	2.8110439752486047	0.24080904947096246	0.16513277465632042	0.0
/vol/bitbucket/osella/rl-qecc-data/supervisedLearning/sweep2/g5_mix_66-96-126-153_H4_s5000.pth	4	5000	6	mixed	[(6, 6), (9, 6), (12, 6), (15, 3)]	True	True	True	True	geometric5	10148123	3	27	2026-08-01	mixed_66-96-126-153	0.015023945469023817	0.12797048281838394	0.025752619152122656	0.06077605268368249	0.22112538834080153	0.29912135580848587	0.03307699810682566	0.0219898349070157	19.123330741870312	11.218728447201691	0.15806658498360177	6.675220399442729	0.34901518634177503	0.2422029709149632	0.0
/vol/bitbucket/osella/rl-qecc-data/supervisedLearning/sweep2/g5_mix_66-96-126-153_H6_s2000.pth	6	2000	6	mixed	[(6, 6), (9, 6), (12, 6), (15, 3)]	True	True	True	True	geometric5	10148123	3	27	2026-08-01	mixed_66-96-126-153	0.015023945469023817	0.12240139436947998	0.025301727323798116	0.062299934001435	0.25143041325735616	0.23945622164779556	0.03351867561701438	0.0219898349070157	21.079860635727314	11.218728447201691	0.1346293810766131	2.4401924014251777	0.4191370695494223	0.29330807368594813	0.0
/vol/bitbucket/osella/rl-qecc-data/supervisedLearning/sweep2/g5_mix_66-96-126-153_H6_s6000.pth	6	6000	6	mixed	[(6, 6), (9, 6), (12, 6), (15, 3)]	True	True	True	True	geometric5	10148123	3	27	2026-08-01	mixed_66-96-126-153	0.015023945469023817	0.14924451265228653	0.028346871785777442	0.06792323497962566	0.26063131635927317	0.35655408450842446	0.03276705562833327	0.0219898349070157	22.888410619227574	11.218728447201691	0.19127092125956047	3.021900835225817	0.3858574500363003	0.26766922424959083	0.0
/vol/bitbucket/osella/rl-qecc-data/supervisedLearning/sweep2/g5_mix_66-96-126-153_H7_s4000.pth	7	4000	6	mixed	[(6, 6), (9, 6), (12, 6), (15, 3)]	True	True	True	True	geometric5	10148123	3	27	2026-08-01	mixed_66-96-126-153	0.015023945469023817	0.23468871802767768	0.3247923457158657	0.43505402786636127	0.3243592109388399	0.05560683441834285	0.0336311711989768	0.0219898349070157	29.00788356508258	11.218728447201691	0.08640371540628242	19.0095010755397	0.2940252467897221	0.2005115283735305	0.0
/vol/bitbucket/osella/rl-qecc-data/supervisedLearning/sweep2/g5_mix_66-96-126_H10_s1000.pth	10	1000	8	mixed	[(6, 6), (9, 6), (12, 6)]	True	True	True	False	geometric5	10148123	3	27	2026-08-01	mixed_66-96-126	0.015023945469023817	0.1539152363814385	0.019140672385371697	0.05418704205227631	0.2613883000592771	0.4026835863490229	0.0321765810612439	0.0219898349070157	21.186123413180002	11.218728447201691	0.218227139600703	2.0850931916291837	0.433211745819834	0.3010748472115449	0.0
/vol/bitbucket/osella/rl-qecc-data/supervisedLearning/sweep2/g5_mix_66-96-126_H10_s5000.pth	10	5000	8	mixed	[(6, 6), (9, 6), (12, 6)]	True	True	True	False	geometric5	10148123	3	27	2026-08-01	mixed_66-96-126	0.015023945469023817	0.14538855521496363	0.01811553420912267	0.05708616400032911	0.2891291031784538	0.33017960638815147	0.03243236829876121	0.0219898349070157	22.38141301636376	11.218728447201691	0.18670236766772122	2.6964252449587662	0.45032340020466166	0.3119973769783308	0.0
/vol/bitbucket/osella/rl-qecc-data/supervisedLearning/sweep2/g5_mix_66-96-126_H3_s2000.pth	3	2000	8	mixed	[(6, 6), (9, 6), (12, 6)]	True	True	True	False	geometric5	10148123	3	27	2026-08-01	mixed_66-96-126	0.015023945469023817	0.08489344952357665	0.018520674575842843	0.058651337041917946	0.1954537325203192	0.11835278983468081	0.03348871364512176	0.0219898349070157	16.762340613696846	11.218728447201691	0.07389461918855166	12.071474494329573	0.49359442453872954	0.3462838810958702	0.0
/vol/bitbucket/osella/rl-qecc-data/supervisedLearning/sweep2/g5_mix_66-96-126_H3_s6000.pth	3	6000	8	mixed	[(6, 6), (9, 6), (12, 6)]	True	True	True	False	geometric5	10148123	3	27	2026-08-01	mixed_66-96-126	0.015023945469023817	0.13876138107119004	0.020403469130897862	0.06053247961727291	0.2626770834034874	0.31743319148688365	0.03276068171740868	0.0219898349070157	20.097490239703372	11.218728447201691	0.1750732240845007	2.96759759635904	0.36983541320360797	0.2567920909023012	0.0
/vol/bitbucket/osella/rl-qecc-data/supervisedLearning/sweep2/g5_mix_66-96-126_H4_s4000.pth	4	4000	8	mixed	[(6, 6), (9, 6), (12, 6)]	True	True	True	False	geometric5	10148123	3	27	2026-08-01	mixed_66-96-126	0.015023945469023817	0.12089995935158808	0.052317461903369944	0.12691621734219669	0.16998006136336666	0.22169693941342453	0.03358911673558429	0.0219898349070157	17.653755495866342	11.218728447201691	0.09125684150394953	8.37846557335786	-0.09742382805467101	-0.06515135415648626	0.0
/vol/bitbucket/osella/rl-qecc-data/supervisedLearning/sweep2/g5_mix_66-96-126_H6_s1000.pth	6	1000	8	mixed	[(6, 6), (9, 6), (12, 6)]	True	True	True	False	geometric5	10148123	3	27	2026-08-01	mixed_66-96-126	0.015023945469023817	0.18287481837428207	0.018559559620978803	0.061367384772904335	0.2981439646646854	0.5022149343706717	0.034088248442168734	0.0219898349070157	25.449969466858523	11.218728447201691	0.27403846066460547	1.590788795719342	0.37113033895955555	0.25376407489017966	0.0
/vol/bitbucket/osella/rl-qecc-data/supervisedLearning/sweep2/g5_mix_66-96-126_H6_s5000.pth	6	5000	8	mixed	[(6, 6), (9, 6), (12, 6)]	True	True	True	False	geometric5	10148123	3	27	2026-08-01	mixed_66-96-126	0.015023945469023817	0.1518553060063537	0.018847092954475016	0.05892659677777073	0.2784614560257617	0.3701374151595173	0.032903969114242426	0.0219898349070157	21.89934636715694	11.218728447201691	0.20108291231964742	1.5875198128771066	0.3168347237002909	0.21734798556772505	0.0
/vol/bitbucket/osella/rl-qecc-data/supervisedLearning/sweep2/g5_mix_66-96-126_H7_s2000.pth	7	2000	8	mixed	[(6, 6), (9, 6), (12, 6)]	True	True	True	False	geometric5	10148123	3	27	2026-08-01	mixed_66-96-126	0.015023945469023817	0.13722513117693433	0.018215007030784477	0.05753329635044928	0.27730151939453856	0.2999211155426976	0.033154717566200975	0.0219898349070157	20.422391742129893	11.218728447201691	0.17054753383129218	2.1717610574676756	0.396104552878712	0.2730189620515215	0.0
/vol/bitbucket/osella/rl-qecc-data/supervisedLearning/sweep2/g5_mix_66-96-126_H7_s6000.pth	7	6000	8	mixed	[(6, 6), (9, 6), (12, 6)]	True	True	True	False	geometric5	10148123	3	27	2026-08-01	mixed_66-96-126	0.015023945469023817	0.12240337891709593	0.020813855758557032	0.054104502423139834	0.22935700986629123	0.274589349380862	0.03315217715662834	0.0219898349070157	18.51518551434308	11.218728447201691	0.14985554279478408	2.889153158212283	0.3850407119761891	0.26391544402239714	0.0
/vol/bitbucket/osella/rl-qecc-data/supervisedLearning/sweep2/g5_mix_66-96_H10_s4000.pth	10	4000	12	mixed	[(6, 6), (9, 6)]	True	True	False	False	geometric5	10148123	3	27	2026-08-01	mixed_66-96	0.015023945469023817	0.15049624499987135	0.017858693235085286	0.06091866863466222	0.306408590551341	0.3312489284798331	0.03604634409843705	0.0219898349070157	23.66238432803377	11.218728447201691	0.19879974241570314	1.5693698153651303	0.4897478966612546	0.34186644674533884	0.0
/vol/bitbucket/osella/rl-qecc-data/supervisedLearning/sweep2/g5_mix_66-96_H3_s1000.pth	3	1000	12	mixed	[(6, 6), (9, 6)]	True	True	False	False	geometric5	10148123	3	27	2026-08-01	mixed_66-96	0.015023945469023817	0.10350064485937435	0.03432297782466708	0.09500392311137512	0.15239700054841365	0.20341770340794063	0.03236161940447458	0.0219898349070157	15.290417700085358	11.218728447201691	0.08364188284716237	3.185358631172678	0.2512908587254382	0.1701279571273325	0.0
/vol/bitbucket/osella/rl-qecc-data/supervisedLearning/sweep2/g5_mix_66-96_H3_s5000.pth	3	5000	12	mixed	[(6, 6), (9, 6)]	True	True	False	False	geometric5	10148123	3	27	2026-08-01	mixed_66-96	0.015023945469023817	0.11556157370750843	0.030310962698781807	0.07135545699633024	0.17188475115835972	0.27077450467412945	0.033482193009942755	0.0219898349070157	17.595725844707033	11.218728447201691	0.13550938543079613	9.061638947608774	0.24419632281711764	0.16641746767804227	0.0
/vol/bitbucket/osella/rl-qecc-data/supervisedLearning/sweep2/g5_mix_66-96_H4_s2000.pth	4	2000	12	mixed	[(6, 6), (9, 6)]	True	True	False	False	geometric5	10148123	3	27	2026-08-01	mixed_66-96	0.015023945469023817	0.106940769803557	0.01955335642067465	0.0537338707817343	0.20597892103916088	0.22195104099462384	0.03348665978158957	0.0219898349070157	17.780778836220012	11.218728447201691	0.12104454866491772	6.089412771404391	0.46767693360735524	0.3277823061350212	0.0
/vol/bitbucket/osella/rl-qecc-data/supervisedLearning/sweep2/g5_mix_66-96_H4_s6000.pth	4	6000	12	mixed	[(6, 6), (9, 6)]	True	True	False	False	geometric5	10148123	3	27	2026-08-01	mixed_66-96	0.015023945469023817	0.09633079071329755	0.035823356803218805	0.08069632759540495	0.1556237158733015	0.17607998660372337	0.03343056669083942	0.0219898349070157	15.857577968453409	11.218728447201691	0.08984753804462155	11.192128331105701	0.23809451094027845	0.16345306233943044	0.0
/vol/bitbucket/osella/rl-qecc-data/supervisedLearning/sweep2/g5_mix_66-96_H6_s4000.pth	6	4000	12	mixed	[(6, 6), (9, 6)]	True	True	False	False	geometric5	10148123	3	27	2026-08-01	mixed_66-96	0.015023945469023817	0.14040798312699873	0.022137796019352757	0.0597434620837803	0.2438578595105805	0.343781088004009	0.03251971001727271	0.0219898349070157	20.284118461238656	11.218728447201691	0.1857779640657721	2.7621681126969686	0.2900276056502179	0.19914321772311494	0.0
/vol/bitbucket/osella/rl-qecc-data/supervisedLearning/sweep2/g5_mix_66-96_H7_s1000.pth	7	1000	12	mixed	[(6, 6), (9, 6)]	True	True	False	False	geometric5	10148123	3	27	2026-08-01	mixed_66-96	0.015023945469023817	0.1511442076253504	0.01797007167305878	0.05984008779267562	0.3071813041318388	0.3376129851349252	0.033116589394255665	0.0219898349070157	24.739436981283635	11.218728447201691	0.20119128568220815	1.4745911151246442	0.5116806800684431	0.3589525344720615	0.0
/vol/bitbucket/osella/rl-qecc-data/supervisedLearning/sweep2/g5_mix_66-96_H7_s5000.pth	7	5000	12	mixed	[(6, 6), (9, 6)]	True	True	False	False	geometric5	10148123	3	27	2026-08-01	mixed_66-96	0.015023945469023817	0.12396009638359812	0.01903439016565916	0.05622058843330442	0.24903074968811192	0.26308147846495433	0.03243327516596411	0.0219898349070157	18.815760257379328	11.218728447201691	0.15266344938830176	1.6630902963234109	0.44333930413474204	0.30802929888086095	0.02
/vol/bitbucket/osella/rl-qecc-data/supervisedLearning/sweep2/g5_mix_66_H10_s2000.pth	10	2000	24	mixed	[(6, 6)]	True	False	False	False	geometric5	10148123	3	27	2026-08-01	mixed_66	0.015023945469023817	0.09210229658654778	0.049544039423806634	0.11632565371716619	0.17843566614942832	0.08256652829464003	0.033639595347696886	0.0219898349070157	17.4212345221573	11.218728447201691	0.06080472478727318	15.57891302172737	0.3596777424694901	0.24892044790063228	0.0
/vol/bitbucket/osella/rl-qecc-data/supervisedLearning/sweep2/g5_mix_66_H10_s6000.pth	10	6000	24	mixed	[(6, 6)]	True	False	False	False	geometric5	10148123	3	27	2026-08-01	mixed_66	0.015023945469023817	0.1233004793366681	0.023555842262280417	0.056522475462297106	0.2314886640100704	0.27182839527210645	0.03310701967658605	0.0219898349070157	18.16657058146075	11.218728447201691	0.14691995374295375	3.5076105061450082	0.445841941800341	0.3112380491081037	0.0
/vol/bitbucket/osella/rl-qecc-data/supervisedLearning/sweep2/g5_mix_66_H3_s4000.pth	3	4000	24	mixed	[(6, 6)]	True	False	False	False	geometric5	10148123	3	27	2026-08-01	mixed_66	0.015023945469023817	0.11473913872644123	0.029098851928341014	0.0740320389951112	0.20539491895553913	0.23210398438510896	0.033065899368105264	0.0219898349070157	17.639296479506424	11.218728447201691	0.12638350918570243	4.117893096727595	0.2046558369267481	0.1376678658781966	0.0
/vol/bitbucket/osella/rl-qecc-data/supervisedLearning/sweep2/g5_mix_66_H4_s1000.pth	4	1000	24	mixed	[(6, 6)]	True	False	False	False	geometric5	10148123	3	27	2026-08-01	mixed_66	0.015023945469023817	0.1431397218285098	0.021110728736859468	0.06263769993252175	0.265785064315237	0.33324135558164236	0.03292376057628735	0.0219898349070157	21.485298408868864	11.218728447201691	0.18127162975971758	5.942974768220366	0.3251545760841557	0.22239027624839647	0.0
/vol/bitbucket/osella/rl-qecc-data/supervisedLearning/sweep2/g5_mix_66_H4_s5000.pth	4	5000	24	mixed	[(6, 6)]	True	False	False	False	geometric5	10148123	3	27	2026-08-01	mixed_66	0.015023945469023817	0.12822923817003737	0.019463604065461045	0.06227370106624514	0.26176214014868526	0.26432556073831553	0.03332118483148012	0.0219898349070157	20.2449998164477	11.218728447201691	0.14903200243895867	3.7295529005801593	0.3006238475460439	0.2052815537866827	0.0
/vol/bitbucket/osella/rl-qecc-data/supervisedLearning/sweep2/g5_mix_66_H6_s2000.pth	6	2000	24	mixed	[(6, 6)]	True	False	False	False	geometric5	10148123	3	27	2026-08-01	mixed_66	0.015023945469023817	0.12868308946281898	0.018380089278143392	0.05673271168545943	0.2592335331440503	0.2760626770812249	0.03300643612521594	0.0219898349070157	20.011267639257955	11.218728447201691	0.1547479663820104	4.4791305525172085	0.31737753959729803	0.21620035007044075	0.0
/vol/bitbucket/osella/rl-qecc-data/supervisedLearning/sweep2/g5_mix_66_H6_s6000.pth	6	6000	24	mixed	[(6, 6)]	True	False	False	False	geometric5	10148123	3	27	2026-08-01	mixed_66	0.015023945469023817	0.11843458953892519	0.01980242109787349	0.05414021699991974	0.2328265914046325	0.2531803855239443	0.032223332668255014	0.0219898349070157	18.063731857902194	11.218728447201691	0.14409195528968796	3.205253914184662	0.3547984265700277	0.24427978130501782	0.0
/vol/bitbucket/osella/rl-qecc-data/supervisedLearning/sweep2/g5_mix_66_H7_s4000.pth	7	4000	24	mixed	[(6, 6)]	True	False	False	False	geometric5	10148123	3	27	2026-08-01	mixed_66	0.015023945469023817	0.11912474251585094	0.021287634686409686	0.05766649894164327	0.23643425171900453	0.24688986684472844	0.03334546038746944	0.0219898349070157	18.886828003945176	11.218728447201691	0.13701323010524316	4.217374531974688	0.37127757967601355	0.2584271388587654	0.0
