Model checkpoint	Number of harmonics	seed	epochs	recipie	trained on sizes	6,6	9,6	12,6	15,3	error range name	numberOfCodes	code l	code m	Date	nll	noiseFloor	rewardMae	kMae	spearman	kendall	topK50
/vol/bitbucket/osella/rl-qecc-data/supervisedLearning/sweep2/g5_ground_anch_H10_s1000.pth	10	1000	2	groundAnchored	[(6, 6), (9, 6), (12, 6), (15, 3)]	True	True	True	True	geometric5	10148123	3	27	2026-07-30	17.370993373206552	11.218728447201691	0.10622974777417929	6.417369719467755	0.3085217889979001	0.21302793186572325	0.0
Model checkpoint	Number of harmonics	seed	epochs	recipie	trained on sizes	6,6	9,6	12,6	15,3	error range name	numberOfCodes	code l	code m	Date	nll	noiseFloor	rewardMae	kMae	spearman	kendall	topK50
/vol/bitbucket/osella/rl-qecc-data/supervisedLearning/sweep2/g5_ground_anch_H10_s1000.pth	10	1000	2	groundAnchored	[(6, 6), (9, 6), (12, 6), (15, 3)]	True	True	True	True	geometric5	10148123	3	27	2026-07-30	17.370993373206552	11.218728447201691	0.10622974777417929	6.417369719467755	0.3085217889979001	0.21302793186572325	0.0
/vol/bitbucket/osella/rl-qecc-data/supervisedLearning/sweep2/g5_ground_anch_H10_s12345.pth	10	12345	2	groundAnchored	[(6, 6), (9, 6), (12, 6), (15, 3)]	True	True	True	True	geometric5	10148123	3	27	2026-07-30	22.09970471543809	11.218728447201691	0.20451534901282026	2.878548130798149	0.3571730121020615	0.24586165668614354	0.0
/vol/bitbucket/osella/rl-qecc-data/supervisedLearning/sweep2/g5_ground_anch_H10_s12345.pth	10	12345	2	groundAnchored	[(6, 6), (9, 6), (12, 6), (15, 3)]	True	True	True	True	geometric5	10148123	3	27	2026-07-30	22.09970471543809	11.218728447201691	0.20451534901282026	2.878548130798149	0.3571730121020615	0.24586165668614354	0.0
/vol/bitbucket/osella/rl-qecc-data/supervisedLearning/sweep2/g5_ground_anch_H10_s2000.pth	10	2000	2	groundAnchored	[(6, 6), (9, 6), (12, 6), (15, 3)]	True	True	True	True	geometric5	10148123	3	27	2026-07-30	16.760219890172593	11.218728447201691	0.09728182671019411	8.171741654825876	0.37526200545057087	0.26037928594099163	0.0
/vol/bitbucket/osella/rl-qecc-data/supervisedLearning/sweep2/g5_ground_anch_H10_s2000.pth	10	2000	2	groundAnchored	[(6, 6), (9, 6), (12, 6), (15, 3)]	True	True	True	True	geometric5	10148123	3	27	2026-07-30	16.760219890172593	11.218728447201691	0.09728182671019411	8.171741654825876	0.37526200545057087	0.26037928594099163	0.0
/vol/bitbucket/osella/rl-qecc-data/supervisedLearning/sweep2/g5_ground_anch_H10_s3000.pth	10	3000	2	groundAnchored	[(6, 6), (9, 6), (12, 6), (15, 3)]	True	True	True	True	geometric5	10148123	3	27	2026-07-30	19.142124990923005	11.218728447201691	0.12986804479834824	3.146171536069416	0.4542729064090241	0.3169240490601702	0.0
/vol/bitbucket/osella/rl-qecc-data/supervisedLearning/sweep2/g5_ground_anch_H10_s3000.pth	10	3000	2	groundAnchored	[(6, 6), (9, 6), (12, 6), (15, 3)]	True	True	True	True	geometric5	10148123	3	27	2026-07-30	19.142124990923005	11.218728447201691	0.12986804479834824	3.146171536069416	0.4542729064090241	0.3169240490601702	0.0
/vol/bitbucket/osella/rl-qecc-data/supervisedLearning/sweep2/g5_ground_anch_H10_s4000.pth	10	4000	2	groundAnchored	[(6, 6), (9, 6), (12, 6), (15, 3)]	True	True	True	True	geometric5	10148123	3	27	2026-07-30	17.212775467220023	11.218728447201691	0.12078802422576287	7.268680438867787	0.28231998293635646	0.19130492350655726	0.0
/vol/bitbucket/osella/rl-qecc-data/supervisedLearning/sweep2/g5_ground_anch_H10_s4000.pth	10	4000	2	groundAnchored	[(6, 6), (9, 6), (12, 6), (15, 3)]	True	True	True	True	geometric5	10148123	3	27	2026-07-30	17.212775467220023	11.218728447201691	0.12078802422576287	7.268680438867787	0.28231998293635646	0.19130492350655726	0.0
/vol/bitbucket/osella/rl-qecc-data/supervisedLearning/sweep2/g5_ground_anch_H10_s466555.pth	10	466555	2	groundAnchored	[(6, 6), (9, 6), (12, 6), (15, 3)]	True	True	True	True	geometric5	10148123	3	27	2026-07-30	17.249872985921886	11.218728447201691	0.13352655454221282	2.2462796474962707	0.31968224174686455	0.21855871655730605	0.0
/vol/bitbucket/osella/rl-qecc-data/supervisedLearning/sweep2/g5_ground_anch_H10_s466555.pth	10	466555	2	groundAnchored	[(6, 6), (9, 6), (12, 6), (15, 3)]	True	True	True	True	geometric5	10148123	3	27	2026-07-30	17.249872985921886	11.218728447201691	0.13352655454221282	2.2462796474962707	0.31968224174686455	0.21855871655730605	0.0
/vol/bitbucket/osella/rl-qecc-data/supervisedLearning/sweep2/g5_ground_anch_H10_s5000.pth	10	5000	2	groundAnchored	[(6, 6), (9, 6), (12, 6), (15, 3)]	True	True	True	True	geometric5	10148123	3	27	2026-07-30	21.924018805821568	11.218728447201691	0.15870975479710114	3.4038796022297024	0.3763031716142111	0.25852110103294734	0.0
/vol/bitbucket/osella/rl-qecc-data/supervisedLearning/sweep2/g5_ground_anch_H10_s5000.pth	10	5000	2	groundAnchored	[(6, 6), (9, 6), (12, 6), (15, 3)]	True	True	True	True	geometric5	10148123	3	27	2026-07-30	21.924018805821568	11.218728447201691	0.15870975479710114	3.4038796022297024	0.3763031716142111	0.25852110103294734	0.0
/vol/bitbucket/osella/rl-qecc-data/supervisedLearning/sweep2/g5_ground_anch_H10_s54321.pth	10	54321	2	groundAnchored	[(6, 6), (9, 6), (12, 6), (15, 3)]	True	True	True	True	geometric5	10148123	3	27	2026-07-30	19.853777570757575	11.218728447201691	0.16203817256569564	1.6196556298411902	0.22094933092537633	0.1507852699971554	0.0
/vol/bitbucket/osella/rl-qecc-data/supervisedLearning/sweep2/g5_ground_anch_H10_s54321.pth	10	54321	2	groundAnchored	[(6, 6), (9, 6), (12, 6), (15, 3)]	True	True	True	True	geometric5	10148123	3	27	2026-07-30	19.853777570757575	11.218728447201691	0.16203817256569564	1.6196556298411902	0.22094933092537633	0.1507852699971554	0.0
/vol/bitbucket/osella/rl-qecc-data/supervisedLearning/sweep2/g5_ground_anch_H10_s6000.pth	10	6000	2	groundAnchored	[(6, 6), (9, 6), (12, 6), (15, 3)]	True	True	True	True	geometric5	10148123	3	27	2026-07-30	17.423864914434304	11.218728447201691	0.13804021056381371	3.452328826303476	0.44839851988431334	0.3128078785734934	0.0
/vol/bitbucket/osella/rl-qecc-data/supervisedLearning/sweep2/g5_ground_anch_H10_s6000.pth	10	6000	2	groundAnchored	[(6, 6), (9, 6), (12, 6), (15, 3)]	True	True	True	True	geometric5	10148123	3	27	2026-07-30	17.423864914434304	11.218728447201691	0.13804021056381371	3.452328826303476	0.44839851988431334	0.3128078785734934	0.0
/vol/bitbucket/osella/rl-qecc-data/supervisedLearning/sweep2/g5_ground_anch_H10_s7134066.pth	10	7134066	2	groundAnchored	[(6, 6), (9, 6), (12, 6), (15, 3)]	True	True	True	True	geometric5	10148123	3	27	2026-07-30	19.864535784626465	11.218728447201691	0.16027238403352576	9.288820493443563	0.2498211013862193	0.16975554896076694	0.0
/vol/bitbucket/osella/rl-qecc-data/supervisedLearning/sweep2/g5_ground_anch_H10_s7134066.pth	10	7134066	2	groundAnchored	[(6, 6), (9, 6), (12, 6), (15, 3)]	True	True	True	True	geometric5	10148123	3	27	2026-07-30	19.864535784626465	11.218728447201691	0.16027238403352576	9.288820493443563	0.2498211013862193	0.16975554896076694	0.0
/vol/bitbucket/osella/rl-qecc-data/supervisedLearning/sweep2/g5_ground_anch_H3_s1000.pth	3	1000	2	groundAnchored	[(6, 6), (9, 6), (12, 6), (15, 3)]	True	True	True	True	geometric5	10148123	3	27	2026-07-30	18.321159206088833	11.218728447201691	0.10282970227877476	7.0177137229490665	0.20304669512382356	0.13783269952620694	0.0
/vol/bitbucket/osella/rl-qecc-data/supervisedLearning/sweep2/g5_ground_anch_H3_s1000.pth	3	1000	2	groundAnchored	[(6, 6), (9, 6), (12, 6), (15, 3)]	True	True	True	True	geometric5	10148123	3	27	2026-07-30	18.321159206088833	11.218728447201691	0.10282970227877476	7.0177137229490665	0.20304669512382356	0.13783269952620694	0.0
/vol/bitbucket/osella/rl-qecc-data/supervisedLearning/sweep2/g5_ground_anch_H3_s12345.pth	3	12345	2	groundAnchored	[(6, 6), (9, 6), (12, 6), (15, 3)]	True	True	True	True	geometric5	10148123	3	27	2026-07-30	18.688006708690754	11.218728447201691	0.12128191872480237	7.308442297419338	0.2136330378254063	0.14355929339211337	0.0
/vol/bitbucket/osella/rl-qecc-data/supervisedLearning/sweep2/g5_ground_anch_H3_s12345.pth	3	12345	2	groundAnchored	[(6, 6), (9, 6), (12, 6), (15, 3)]	True	True	True	True	geometric5	10148123	3	27	2026-07-30	18.688006708690754	11.218728447201691	0.12128191872480237	7.308442297419338	0.2136330378254063	0.14355929339211337	0.0
/vol/bitbucket/osella/rl-qecc-data/supervisedLearning/sweep2/g5_ground_anch_H3_s2000.pth	3	2000	2	groundAnchored	[(6, 6), (9, 6), (12, 6), (15, 3)]	True	True	True	True	geometric5	10148123	3	27	2026-07-30	18.401384702909816	11.218728447201691	0.13791239703406155	2.8089607616463845	0.21906899746164835	0.14760916690572579	0.02
/vol/bitbucket/osella/rl-qecc-data/supervisedLearning/sweep2/g5_ground_anch_H3_s2000.pth	3	2000	2	groundAnchored	[(6, 6), (9, 6), (12, 6), (15, 3)]	True	True	True	True	geometric5	10148123	3	27	2026-07-30	18.401384702909816	11.218728447201691	0.13791239703406155	2.8089607616463845	0.21906899746164835	0.14760916690572579	0.02
/vol/bitbucket/osella/rl-qecc-data/supervisedLearning/sweep2/g5_ground_anch_H3_s3000.pth	3	3000	2	groundAnchored	[(6, 6), (9, 6), (12, 6), (15, 3)]	True	True	True	True	geometric5	10148123	3	27	2026-07-30	23.611542097924897	11.218728447201691	0.20079611703743308	5.718491931843091	0.08241807669112823	0.05406012906218506	0.0
/vol/bitbucket/osella/rl-qecc-data/supervisedLearning/sweep2/g5_ground_anch_H3_s3000.pth	3	3000	2	groundAnchored	[(6, 6), (9, 6), (12, 6), (15, 3)]	True	True	True	True	geometric5	10148123	3	27	2026-07-30	23.611542097924897	11.218728447201691	0.20079611703743308	5.718491931843091	0.08241807669112823	0.05406012906218506	0.0
/vol/bitbucket/osella/rl-qecc-data/supervisedLearning/sweep2/g5_ground_anch_H3_s4000.pth	3	4000	2	groundAnchored	[(6, 6), (9, 6), (12, 6), (15, 3)]	True	True	True	True	geometric5	10148123	3	27	2026-07-30	16.926887672527506	11.218728447201691	0.0970277223681994	8.774832566088838	0.16212978849721799	0.10842434131495897	0.0
/vol/bitbucket/osella/rl-qecc-data/supervisedLearning/sweep2/g5_ground_anch_H3_s4000.pth	3	4000	2	groundAnchored	[(6, 6), (9, 6), (12, 6), (15, 3)]	True	True	True	True	geometric5	10148123	3	27	2026-07-30	16.926887672527506	11.218728447201691	0.0970277223681994	8.774832566088838	0.16212978849721799	0.10842434131495897	0.0
/vol/bitbucket/osella/rl-qecc-data/supervisedLearning/sweep2/g5_ground_anch_H3_s466555.pth	3	466555	2	groundAnchored	[(6, 6), (9, 6), (12, 6), (15, 3)]	True	True	True	True	geometric5	10148123	3	27	2026-07-30	18.019972119162443	11.218728447201691	0.07329452768001517	14.65342161542447	0.27988979065816916	0.1892197880064765	0.02
/vol/bitbucket/osella/rl-qecc-data/supervisedLearning/sweep2/g5_ground_anch_H3_s466555.pth	3	466555	2	groundAnchored	[(6, 6), (9, 6), (12, 6), (15, 3)]	True	True	True	True	geometric5	10148123	3	27	2026-07-30	18.019972119162443	11.218728447201691	0.07329452768001517	14.65342161542447	0.27988979065816916	0.1892197880064765	0.02
/vol/bitbucket/osella/rl-qecc-data/supervisedLearning/sweep2/g5_ground_anch_H3_s5000.pth	3	5000	2	groundAnchored	[(6, 6), (9, 6), (12, 6), (15, 3)]	True	True	True	True	geometric5	10148123	3	27	2026-07-30	23.167171338998248	11.218728447201691	0.22004082744907466	2.7257177418334875	0.257408634391711	0.1757549211715684	0.0
/vol/bitbucket/osella/rl-qecc-data/supervisedLearning/sweep2/g5_ground_anch_H3_s5000.pth	3	5000	2	groundAnchored	[(6, 6), (9, 6), (12, 6), (15, 3)]	True	True	True	True	geometric5	10148123	3	27	2026-07-30	23.167171338998248	11.218728447201691	0.22004082744907466	2.7257177418334875	0.257408634391711	0.1757549211715684	0.0
/vol/bitbucket/osella/rl-qecc-data/supervisedLearning/sweep2/g5_ground_anch_H3_s54321.pth	3	54321	2	groundAnchored	[(6, 6), (9, 6), (12, 6), (15, 3)]	True	True	True	True	geometric5	10148123	3	27	2026-07-30	23.812475914586766	11.218728447201691	0.229166721596474	2.5332200132559897	0.3071191222486324	0.21044399085945592	0.0
/vol/bitbucket/osella/rl-qecc-data/supervisedLearning/sweep2/g5_ground_anch_H3_s54321.pth	3	54321	2	groundAnchored	[(6, 6), (9, 6), (12, 6), (15, 3)]	True	True	True	True	geometric5	10148123	3	27	2026-07-30	23.812475914586766	11.218728447201691	0.229166721596474	2.5332200132559897	0.3071191222486324	0.21044399085945592	0.0
/vol/bitbucket/osella/rl-qecc-data/supervisedLearning/sweep2/g5_ground_anch_H3_s6000.pth	3	6000	2	groundAnchored	[(6, 6), (9, 6), (12, 6), (15, 3)]	True	True	True	True	geometric5	10148123	3	27	2026-07-30	18.41634797257465	11.218728447201691	0.13424907825303106	5.972251561015346	0.28365812158601306	0.19343722607124358	0.0
/vol/bitbucket/osella/rl-qecc-data/supervisedLearning/sweep2/g5_ground_anch_H3_s6000.pth	3	6000	2	groundAnchored	[(6, 6), (9, 6), (12, 6), (15, 3)]	True	True	True	True	geometric5	10148123	3	27	2026-07-30	18.41634797257465	11.218728447201691	0.13424907825303106	5.972251561015346	0.28365812158601306	0.19343722607124358	0.0
/vol/bitbucket/osella/rl-qecc-data/supervisedLearning/sweep2/g5_ground_anch_H3_s7134066.pth	3	7134066	2	groundAnchored	[(6, 6), (9, 6), (12, 6), (15, 3)]	True	True	True	True	geometric5	10148123	3	27	2026-07-30	15.729034828412649	11.218728447201691	0.0811895362208673	4.800483653855682	0.3427675237551175	0.235962931127174	0.0
/vol/bitbucket/osella/rl-qecc-data/supervisedLearning/sweep2/g5_ground_anch_H3_s7134066.pth	3	7134066	2	groundAnchored	[(6, 6), (9, 6), (12, 6), (15, 3)]	True	True	True	True	geometric5	10148123	3	27	2026-07-30	15.729034828412649	11.218728447201691	0.0811895362208673	4.800483653855682	0.3427675237551175	0.235962931127174	0.0
/vol/bitbucket/osella/rl-qecc-data/supervisedLearning/sweep2/g5_ground_anch_H4_s1000.pth	4	1000	2	groundAnchored	[(6, 6), (9, 6), (12, 6), (15, 3)]	True	True	True	True	geometric5	10148123	3	27	2026-07-30	21.99697386112087	11.218728447201691	0.2077075023168448	3.3088530059767653	0.3718877109473696	0.25410011316777964	0.0
/vol/bitbucket/osella/rl-qecc-data/supervisedLearning/sweep2/g5_ground_anch_H4_s1000.pth	4	1000	2	groundAnchored	[(6, 6), (9, 6), (12, 6), (15, 3)]	True	True	True	True	geometric5	10148123	3	27	2026-07-30	21.99697386112087	11.218728447201691	0.2077075023168448	3.3088530059767653	0.3718877109473696	0.25410011316777964	0.0
/vol/bitbucket/osella/rl-qecc-data/supervisedLearning/sweep2/g5_ground_anch_H4_s12345.pth	4	12345	2	groundAnchored	[(6, 6), (9, 6), (12, 6), (15, 3)]	True	True	True	True	geometric5	10148123	3	27	2026-07-30	18.542451821269797	11.218728447201691	0.10338991576264453	8.323935842734006	-0.08989644149164822	-0.061304557487139685	0.0
/vol/bitbucket/osella/rl-qecc-data/supervisedLearning/sweep2/g5_ground_anch_H4_s12345.pth	4	12345	2	groundAnchored	[(6, 6), (9, 6), (12, 6), (15, 3)]	True	True	True	True	geometric5	10148123	3	27	2026-07-30	18.542451821269797	11.218728447201691	0.10338991576264453	8.323935842734006	-0.08989644149164822	-0.061304557487139685	0.0
/vol/bitbucket/osella/rl-qecc-data/supervisedLearning/sweep2/g5_ground_anch_H4_s2000.pth	4	2000	2	groundAnchored	[(6, 6), (9, 6), (12, 6), (15, 3)]	True	True	True	True	geometric5	10148123	3	27	2026-07-30	24.010585225795808	11.218728447201691	0.07554850789639155	6.918765592400758	0.2951340920840981	0.2035722906343884	0.0
/vol/bitbucket/osella/rl-qecc-data/supervisedLearning/sweep2/g5_ground_anch_H4_s2000.pth	4	2000	2	groundAnchored	[(6, 6), (9, 6), (12, 6), (15, 3)]	True	True	True	True	geometric5	10148123	3	27	2026-07-30	24.010585225795808	11.218728447201691	0.07554850789639155	6.918765592400758	0.2951340920840981	0.2035722906343884	0.0
/vol/bitbucket/osella/rl-qecc-data/supervisedLearning/sweep2/g5_ground_anch_H4_s3000.pth	4	3000	2	groundAnchored	[(6, 6), (9, 6), (12, 6), (15, 3)]	True	True	True	True	geometric5	10148123	3	27	2026-07-30	16.947682102938316	11.218728447201691	0.0682838327237515	16.99737519806367	0.3009621031530126	0.20722260516235386	0.0
/vol/bitbucket/osella/rl-qecc-data/supervisedLearning/sweep2/g5_ground_anch_H4_s3000.pth	4	3000	2	groundAnchored	[(6, 6), (9, 6), (12, 6), (15, 3)]	True	True	True	True	geometric5	10148123	3	27	2026-07-30	16.947682102938316	11.218728447201691	0.0682838327237515	16.99737519806367	0.3009621031530126	0.20722260516235386	0.0
/vol/bitbucket/osella/rl-qecc-data/supervisedLearning/sweep2/g5_ground_anch_H4_s4000.pth	4	4000	2	groundAnchored	[(6, 6), (9, 6), (12, 6), (15, 3)]	True	True	True	True	geometric5	10148123	3	27	2026-07-30	17.895608382716986	11.218728447201691	0.12245846400078982	6.722531164259145	0.25097735915786235	0.1695371436628828	0.0
/vol/bitbucket/osella/rl-qecc-data/supervisedLearning/sweep2/g5_ground_anch_H4_s4000.pth	4	4000	2	groundAnchored	[(6, 6), (9, 6), (12, 6), (15, 3)]	True	True	True	True	geometric5	10148123	3	27	2026-07-30	17.895608382716986	11.218728447201691	0.12245846400078982	6.722531164259145	0.25097735915786235	0.1695371436628828	0.0
/vol/bitbucket/osella/rl-qecc-data/supervisedLearning/sweep2/g5_ground_anch_H4_s466555.pth	4	466555	2	groundAnchored	[(6, 6), (9, 6), (12, 6), (15, 3)]	True	True	True	True	geometric5	10148123	3	27	2026-07-30	18.668854869564477	11.218728447201691	0.0795668351665429	17.146311487286347	0.2246762619644924	0.15129635958703655	0.0
/vol/bitbucket/osella/rl-qecc-data/supervisedLearning/sweep2/g5_ground_anch_H4_s466555.pth	4	466555	2	groundAnchored	[(6, 6), (9, 6), (12, 6), (15, 3)]	True	True	True	True	geometric5	10148123	3	27	2026-07-30	18.668854869564477	11.218728447201691	0.0795668351665429	17.146311487286347	0.2246762619644924	0.15129635958703655	0.0
/vol/bitbucket/osella/rl-qecc-data/supervisedLearning/sweep2/g5_ground_anch_H4_s5000.pth	4	5000	2	groundAnchored	[(6, 6), (9, 6), (12, 6), (15, 3)]	True	True	True	True	geometric5	10148123	3	27	2026-07-30	18.276356001624613	11.218728447201691	0.12530574363669109	4.130743804900503	0.2311816748135453	0.1573078174011808	0.0
/vol/bitbucket/osella/rl-qecc-data/supervisedLearning/sweep2/g5_ground_anch_H4_s5000.pth	4	5000	2	groundAnchored	[(6, 6), (9, 6), (12, 6), (15, 3)]	True	True	True	True	geometric5	10148123	3	27	2026-07-30	18.276356001624613	11.218728447201691	0.12530574363669109	4.130743804900503	0.2311816748135453	0.1573078174011808	0.0
/vol/bitbucket/osella/rl-qecc-data/supervisedLearning/sweep2/g5_ground_anch_H4_s54321.pth	4	54321	2	groundAnchored	[(6, 6), (9, 6), (12, 6), (15, 3)]	True	True	True	True	geometric5	10148123	3	27	2026-07-30	20.929776693789577	11.218728447201691	0.07994116997494052	22.526124669374255	0.008594204426874195	0.005783361998014071	0.0
/vol/bitbucket/osella/rl-qecc-data/supervisedLearning/sweep2/g5_ground_anch_H4_s54321.pth	4	54321	2	groundAnchored	[(6, 6), (9, 6), (12, 6), (15, 3)]	True	True	True	True	geometric5	10148123	3	27	2026-07-30	20.929776693789577	11.218728447201691	0.07994116997494052	22.526124669374255	0.008594204426874195	0.005783361998014071	0.0
/vol/bitbucket/osella/rl-qecc-data/supervisedLearning/sweep2/g5_ground_anch_H4_s6000.pth	4	6000	2	groundAnchored	[(6, 6), (9, 6), (12, 6), (15, 3)]	True	True	True	True	geometric5	10148123	3	27	2026-07-30	20.049972819681166	11.218728447201691	0.165665006115779	6.515565813364604	0.1300979742997406	0.0855752587449647	0.0
/vol/bitbucket/osella/rl-qecc-data/supervisedLearning/sweep2/g5_ground_anch_H4_s6000.pth	4	6000	2	groundAnchored	[(6, 6), (9, 6), (12, 6), (15, 3)]	True	True	True	True	geometric5	10148123	3	27	2026-07-30	20.049972819681166	11.218728447201691	0.165665006115779	6.515565813364604	0.1300979742997406	0.0855752587449647	0.0
/vol/bitbucket/osella/rl-qecc-data/supervisedLearning/sweep2/g5_ground_anch_H4_s7134066.pth	4	7134066	2	groundAnchored	[(6, 6), (9, 6), (12, 6), (15, 3)]	True	True	True	True	geometric5	10148123	3	27	2026-07-30	21.41201753751525	11.218728447201691	0.08019210932921099	15.376104751932987	0.32814609577154985	0.22363867278937072	0.0
/vol/bitbucket/osella/rl-qecc-data/supervisedLearning/sweep2/g5_ground_anch_H4_s7134066.pth	4	7134066	2	groundAnchored	[(6, 6), (9, 6), (12, 6), (15, 3)]	True	True	True	True	geometric5	10148123	3	27	2026-07-30	21.41201753751525	11.218728447201691	0.08019210932921099	15.376104751932987	0.32814609577154985	0.22363867278937072	0.0
/vol/bitbucket/osella/rl-qecc-data/supervisedLearning/sweep2/g5_ground_anch_H6_s1000.pth	6	1000	2	groundAnchored	[(6, 6), (9, 6), (12, 6), (15, 3)]	True	True	True	True	geometric5	10148123	3	27	2026-07-30	25.59941851008544	11.218728447201691	0.2640058719534696	1.5849875263022413	0.2956421495046225	0.2022026122146663	0.02
/vol/bitbucket/osella/rl-qecc-data/supervisedLearning/sweep2/g5_ground_anch_H6_s1000.pth	6	1000	2	groundAnchored	[(6, 6), (9, 6), (12, 6), (15, 3)]	True	True	True	True	geometric5	10148123	3	27	2026-07-30	25.59941851008544	11.218728447201691	0.2640058719534696	1.5849875263022413	0.2956421495046225	0.2022026122146663	0.02
/vol/bitbucket/osella/rl-qecc-data/supervisedLearning/sweep2/g5_ground_anch_H6_s12345.pth	6	12345	2	groundAnchored	[(6, 6), (9, 6), (12, 6), (15, 3)]	True	True	True	True	geometric5	10148123	3	27	2026-07-30	20.0670026601463	11.218728447201691	0.1854824128766206	2.63946951165121	0.4198090302036912	0.29088246876883184	0.0
/vol/bitbucket/osella/rl-qecc-data/supervisedLearning/sweep2/g5_ground_anch_H6_s12345.pth	6	12345	2	groundAnchored	[(6, 6), (9, 6), (12, 6), (15, 3)]	True	True	True	True	geometric5	10148123	3	27	2026-07-30	20.0670026601463	11.218728447201691	0.1854824128766206	2.63946951165121	0.4198090302036912	0.29088246876883184	0.0
/vol/bitbucket/osella/rl-qecc-data/supervisedLearning/sweep2/g5_ground_anch_H6_s2000.pth	6	2000	2	groundAnchored	[(6, 6), (9, 6), (12, 6), (15, 3)]	True	True	True	True	geometric5	10148123	3	27	2026-07-30	22.68326765244298	11.218728447201691	0.17804868205265467	6.443202978249324	0.23761154810125162	0.16028223873980404	0.0
/vol/bitbucket/osella/rl-qecc-data/supervisedLearning/sweep2/g5_ground_anch_H6_s2000.pth	6	2000	2	groundAnchored	[(6, 6), (9, 6), (12, 6), (15, 3)]	True	True	True	True	geometric5	10148123	3	27	2026-07-30	22.68326765244298	11.218728447201691	0.17804868205265467	6.443202978249324	0.23761154810125162	0.16028223873980404	0.0
/vol/bitbucket/osella/rl-qecc-data/supervisedLearning/sweep2/g5_ground_anch_H6_s3000.pth	6	3000	2	groundAnchored	[(6, 6), (9, 6), (12, 6), (15, 3)]	True	True	True	True	geometric5	10148123	3	27	2026-07-30	16.56624586342715	11.218728447201691	0.09142464830928837	8.484239308387963	0.38401885614170184	0.26074158607779374	0.0
/vol/bitbucket/osella/rl-qecc-data/supervisedLearning/sweep2/g5_ground_anch_H6_s3000.pth	6	3000	2	groundAnchored	[(6, 6), (9, 6), (12, 6), (15, 3)]	True	True	True	True	geometric5	10148123	3	27	2026-07-30	16.56624586342715	11.218728447201691	0.09142464830928837	8.484239308387963	0.38401885614170184	0.26074158607779374	0.0
/vol/bitbucket/osella/rl-qecc-data/supervisedLearning/sweep2/g5_ground_anch_H6_s4000.pth	6	4000	2	groundAnchored	[(6, 6), (9, 6), (12, 6), (15, 3)]	True	True	True	True	geometric5	10148123	3	27	2026-07-30	18.035496959211446	11.218728447201691	0.103015838198538	8.33948842954912	0.05342001401682822	0.03785563916363134	0.0
/vol/bitbucket/osella/rl-qecc-data/supervisedLearning/sweep2/g5_ground_anch_H6_s4000.pth	6	4000	2	groundAnchored	[(6, 6), (9, 6), (12, 6), (15, 3)]	True	True	True	True	geometric5	10148123	3	27	2026-07-30	18.035496959211446	11.218728447201691	0.103015838198538	8.33948842954912	0.05342001401682822	0.03785563916363134	0.0
/vol/bitbucket/osella/rl-qecc-data/supervisedLearning/sweep2/g5_ground_anch_H6_s466555.pth	6	466555	2	groundAnchored	[(6, 6), (9, 6), (12, 6), (15, 3)]	True	True	True	True	geometric5	10148123	3	27	2026-07-30	19.481876263585043	11.218728447201691	0.1333754848427979	4.716999281599161	-0.013188269834286387	-0.007814076502923258	0.0
/vol/bitbucket/osella/rl-qecc-data/supervisedLearning/sweep2/g5_ground_anch_H6_s466555.pth	6	466555	2	groundAnchored	[(6, 6), (9, 6), (12, 6), (15, 3)]	True	True	True	True	geometric5	10148123	3	27	2026-07-30	19.481876263585043	11.218728447201691	0.1333754848427979	4.716999281599161	-0.013188269834286387	-0.007814076502923258	0.0
/vol/bitbucket/osella/rl-qecc-data/supervisedLearning/sweep2/g5_ground_anch_H6_s5000.pth	6	5000	2	groundAnchored	[(6, 6), (9, 6), (12, 6), (15, 3)]	True	True	True	True	geometric5	10148123	3	27	2026-07-30	18.1677300125693	11.218728447201691	0.10985200638611402	6.670255874097125	0.19195084144057478	0.12982964967738453	0.0
/vol/bitbucket/osella/rl-qecc-data/supervisedLearning/sweep2/g5_ground_anch_H6_s5000.pth	6	5000	2	groundAnchored	[(6, 6), (9, 6), (12, 6), (15, 3)]	True	True	True	True	geometric5	10148123	3	27	2026-07-30	18.1677300125693	11.218728447201691	0.10985200638611402	6.670255874097125	0.19195084144057478	0.12982964967738453	0.0
/vol/bitbucket/osella/rl-qecc-data/supervisedLearning/sweep2/g5_ground_anch_H6_s54321.pth	6	54321	2	groundAnchored	[(6, 6), (9, 6), (12, 6), (15, 3)]	True	True	True	True	geometric5	10148123	3	27	2026-07-30	32.32969649193676	11.218728447201691	0.30164789047905977	1.8290257520515496	0.3027271343899405	0.20529328912956485	0.0
/vol/bitbucket/osella/rl-qecc-data/supervisedLearning/sweep2/g5_ground_anch_H6_s54321.pth	6	54321	2	groundAnchored	[(6, 6), (9, 6), (12, 6), (15, 3)]	True	True	True	True	geometric5	10148123	3	27	2026-07-30	32.32969649193676	11.218728447201691	0.30164789047905977	1.8290257520515496	0.3027271343899405	0.20529328912956485	0.0
/vol/bitbucket/osella/rl-qecc-data/supervisedLearning/sweep2/g5_ground_anch_H6_s6000.pth	6	6000	2	groundAnchored	[(6, 6), (9, 6), (12, 6), (15, 3)]	True	True	True	True	geometric5	10148123	3	27	2026-07-30	18.369039195790684	11.218728447201691	0.14813871350624394	3.7790346004268414	0.36070466836815185	0.24813186104827667	0.02
/vol/bitbucket/osella/rl-qecc-data/supervisedLearning/sweep2/g5_ground_anch_H6_s6000.pth	6	6000	2	groundAnchored	[(6, 6), (9, 6), (12, 6), (15, 3)]	True	True	True	True	geometric5	10148123	3	27	2026-07-30	18.369039195790684	11.218728447201691	0.14813871350624394	3.7790346004268414	0.36070466836815185	0.24813186104827667	0.02
/vol/bitbucket/osella/rl-qecc-data/supervisedLearning/sweep2/g5_ground_anch_H6_s7134066.pth	6	7134066	2	groundAnchored	[(6, 6), (9, 6), (12, 6), (15, 3)]	True	True	True	True	geometric5	10148123	3	27	2026-07-30	17.99688196189778	11.218728447201691	0.12354538694664734	4.410903283060175	0.4110753630540553	0.2835879132846384	0.0
/vol/bitbucket/osella/rl-qecc-data/supervisedLearning/sweep2/g5_ground_anch_H6_s7134066.pth	6	7134066	2	groundAnchored	[(6, 6), (9, 6), (12, 6), (15, 3)]	True	True	True	True	geometric5	10148123	3	27	2026-07-30	17.99688196189778	11.218728447201691	0.12354538694664734	4.410903283060175	0.4110753630540553	0.2835879132846384	0.0
/vol/bitbucket/osella/rl-qecc-data/supervisedLearning/sweep2/g5_ground_anch_H7_s1000.pth	7	1000	2	groundAnchored	[(6, 6), (9, 6), (12, 6), (15, 3)]	True	True	True	True	geometric5	10148123	3	27	2026-07-30	18.94722966973213	11.218728447201691	0.12433846964542807	2.262330339311272	0.3559515817443928	0.24293810711549535	0.02
/vol/bitbucket/osella/rl-qecc-data/supervisedLearning/sweep2/g5_ground_anch_H7_s1000.pth	7	1000	2	groundAnchored	[(6, 6), (9, 6), (12, 6), (15, 3)]	True	True	True	True	geometric5	10148123	3	27	2026-07-30	18.94722966973213	11.218728447201691	0.12433846964542807	2.262330339311272	0.3559515817443928	0.24293810711549535	0.02
/vol/bitbucket/osella/rl-qecc-data/supervisedLearning/sweep2/g5_ground_anch_H7_s12345.pth	7	12345	2	groundAnchored	[(6, 6), (9, 6), (12, 6), (15, 3)]	True	True	True	True	geometric5	10148123	3	27	2026-07-30	17.424193263464424	11.218728447201691	0.09944337190857717	7.10220042112191	0.4124030150470329	0.286954388891865	0.0
/vol/bitbucket/osella/rl-qecc-data/supervisedLearning/sweep2/g5_ground_anch_H7_s12345.pth	7	12345	2	groundAnchored	[(6, 6), (9, 6), (12, 6), (15, 3)]	True	True	True	True	geometric5	10148123	3	27	2026-07-30	17.424193263464424	11.218728447201691	0.09944337190857717	7.10220042112191	0.4124030150470329	0.286954388891865	0.0
/vol/bitbucket/osella/rl-qecc-data/supervisedLearning/sweep2/g5_ground_anch_H7_s2000.pth	7	2000	2	groundAnchored	[(6, 6), (9, 6), (12, 6), (15, 3)]	True	True	True	True	geometric5	10148123	3	27	2026-07-30	19.3223353287852	11.218728447201691	0.14350018118565258	3.656462778515434	0.3236226894806945	0.2235138946659952	0.0
/vol/bitbucket/osella/rl-qecc-data/supervisedLearning/sweep2/g5_ground_anch_H7_s2000.pth	7	2000	2	groundAnchored	[(6, 6), (9, 6), (12, 6), (15, 3)]	True	True	True	True	geometric5	10148123	3	27	2026-07-30	19.3223353287852	11.218728447201691	0.14350018118565258	3.656462778515434	0.3236226894806945	0.2235138946659952	0.0
/vol/bitbucket/osella/rl-qecc-data/supervisedLearning/sweep2/g5_ground_anch_H7_s3000.pth	7	3000	2	groundAnchored	[(6, 6), (9, 6), (12, 6), (15, 3)]	True	True	True	True	geometric5	10148123	3	27	2026-07-30	15.993196778096802	11.218728447201691	0.0815741617490999	5.910915123368129	0.35082437865660765	0.24254537447580665	0.02
/vol/bitbucket/osella/rl-qecc-data/supervisedLearning/sweep2/g5_ground_anch_H7_s3000.pth	7	3000	2	groundAnchored	[(6, 6), (9, 6), (12, 6), (15, 3)]	True	True	True	True	geometric5	10148123	3	27	2026-07-30	15.993196778096802	11.218728447201691	0.0815741617490999	5.910915123368129	0.35082437865660765	0.24254537447580665	0.02
/vol/bitbucket/osella/rl-qecc-data/supervisedLearning/sweep2/g5_ground_anch_H7_s4000.pth	7	4000	2	groundAnchored	[(6, 6), (9, 6), (12, 6), (15, 3)]	True	True	True	True	geometric5	10148123	3	27	2026-07-30	19.315179920717814	11.218728447201691	0.1546968387732069	3.1618011009905267	0.3386838528966632	0.23426987358316834	0.0
/vol/bitbucket/osella/rl-qecc-data/supervisedLearning/sweep2/g5_ground_anch_H7_s4000.pth	7	4000	2	groundAnchored	[(6, 6), (9, 6), (12, 6), (15, 3)]	True	True	True	True	geometric5	10148123	3	27	2026-07-30	19.315179920717814	11.218728447201691	0.1546968387732069	3.1618011009905267	0.3386838528966632	0.23426987358316834	0.0
/vol/bitbucket/osella/rl-qecc-data/supervisedLearning/sweep2/g5_ground_anch_H7_s466555.pth	7	466555	2	groundAnchored	[(6, 6), (9, 6), (12, 6), (15, 3)]	True	True	True	True	geometric5	10148123	3	27	2026-07-30	32.12647304545826	11.218728447201691	0.29078761763341165	1.6031023749763431	0.32014613397772684	0.2186620504586183	0.0
/vol/bitbucket/osella/rl-qecc-data/supervisedLearning/sweep2/g5_ground_anch_H7_s466555.pth	7	466555	2	groundAnchored	[(6, 6), (9, 6), (12, 6), (15, 3)]	True	True	True	True	geometric5	10148123	3	27	2026-07-30	32.12647304545826	11.218728447201691	0.29078761763341165	1.6031023749763431	0.32014613397772684	0.2186620504586183	0.0
/vol/bitbucket/osella/rl-qecc-data/supervisedLearning/sweep2/g5_ground_anch_H7_s5000.pth	7	5000	2	groundAnchored	[(6, 6), (9, 6), (12, 6), (15, 3)]	True	True	True	True	geometric5	10148123	3	27	2026-07-30	18.508327380450446	11.218728447201691	0.14042142263674853	5.317819167557214	0.3554402035407355	0.24485433483236219	0.0
/vol/bitbucket/osella/rl-qecc-data/supervisedLearning/sweep2/g5_ground_anch_H7_s5000.pth	7	5000	2	groundAnchored	[(6, 6), (9, 6), (12, 6), (15, 3)]	True	True	True	True	geometric5	10148123	3	27	2026-07-30	18.508327380450446	11.218728447201691	0.14042142263674853	5.317819167557214	0.3554402035407355	0.24485433483236219	0.0
/vol/bitbucket/osella/rl-qecc-data/supervisedLearning/sweep2/g5_ground_anch_H7_s54321.pth	7	54321	2	groundAnchored	[(6, 6), (9, 6), (12, 6), (15, 3)]	True	True	True	True	geometric5	10148123	3	27	2026-07-30	24.066160008757663	11.218728447201691	0.2252329362838704	2.4595382731284547	0.14999266744430145	0.10064682906590675	0.0
/vol/bitbucket/osella/rl-qecc-data/supervisedLearning/sweep2/g5_ground_anch_H7_s54321.pth	7	54321	2	groundAnchored	[(6, 6), (9, 6), (12, 6), (15, 3)]	True	True	True	True	geometric5	10148123	3	27	2026-07-30	24.066160008757663	11.218728447201691	0.2252329362838704	2.4595382731284547	0.14999266744430145	0.10064682906590675	0.0
/vol/bitbucket/osella/rl-qecc-data/supervisedLearning/sweep2/g5_ground_anch_H7_s6000.pth	7	6000	2	groundAnchored	[(6, 6), (9, 6), (12, 6), (15, 3)]	True	True	True	True	geometric5	10148123	3	27	2026-07-30	16.921633876796303	11.218728447201691	0.09883715050846065	5.637830532245828	0.2914305020146731	0.19912751150400593	0.0
/vol/bitbucket/osella/rl-qecc-data/supervisedLearning/sweep2/g5_ground_anch_H7_s6000.pth	7	6000	2	groundAnchored	[(6, 6), (9, 6), (12, 6), (15, 3)]	True	True	True	True	geometric5	10148123	3	27	2026-07-30	16.921633876796303	11.218728447201691	0.09883715050846065	5.637830532245828	0.2914305020146731	0.19912751150400593	0.0
/vol/bitbucket/osella/rl-qecc-data/supervisedLearning/sweep2/g5_ground_anch_H7_s7134066.pth	7	7134066	2	groundAnchored	[(6, 6), (9, 6), (12, 6), (15, 3)]	True	True	True	True	geometric5	10148123	3	27	2026-07-30	20.0950591794372	11.218728447201691	0.17379834024039312	4.533398839517001	0.3532906476744114	0.24198594898176373	0.0
/vol/bitbucket/osella/rl-qecc-data/supervisedLearning/sweep2/g5_ground_anch_H7_s7134066.pth	7	7134066	2	groundAnchored	[(6, 6), (9, 6), (12, 6), (15, 3)]	True	True	True	True	geometric5	10148123	3	27	2026-07-30	20.0950591794372	11.218728447201691	0.17379834024039312	4.533398839517001	0.3532906476744114	0.24198594898176373	0.0
/vol/bitbucket/osella/rl-qecc-data/supervisedLearning/sweep2/g5_ground_pure_H10_s1000.pth	10	1000	2	groundPure	[(6, 6), (9, 6), (12, 6), (15, 3)]	True	True	True	True	geometric5	10148123	3	27	2026-07-30	18.616538060353896	11.218728447201691	0.1361578666538976	6.25769404990788	0.2647215011773011	0.18394091948358757	0.0
/vol/bitbucket/osella/rl-qecc-data/supervisedLearning/sweep2/g5_ground_pure_H10_s1000.pth	10	1000	2	groundPure	[(6, 6), (9, 6), (12, 6), (15, 3)]	True	True	True	True	geometric5	10148123	3	27	2026-07-30	18.616538060353896	11.218728447201691	0.1361578666538976	6.25769404990788	0.2647215011773011	0.18394091948358757	0.0
/vol/bitbucket/osella/rl-qecc-data/supervisedLearning/sweep2/g5_ground_pure_H10_s12345.pth	10	12345	2	groundPure	[(6, 6), (9, 6), (12, 6), (15, 3)]	True	True	True	True	geometric5	10148123	3	27	2026-07-30	23.297406890890795	11.218728447201691	0.20114159127666165	2.1876416378134045	0.37482992506915386	0.2570434540451751	0.02
/vol/bitbucket/osella/rl-qecc-data/supervisedLearning/sweep2/g5_ground_pure_H10_s12345.pth	10	12345	2	groundPure	[(6, 6), (9, 6), (12, 6), (15, 3)]	True	True	True	True	geometric5	10148123	3	27	2026-07-30	23.297406890890795	11.218728447201691	0.20114159127666165	2.1876416378134045	0.37482992506915386	0.2570434540451751	0.02
/vol/bitbucket/osella/rl-qecc-data/supervisedLearning/sweep2/g5_ground_pure_H10_s2000.pth	10	2000	2	groundPure	[(6, 6), (9, 6), (12, 6), (15, 3)]	True	True	True	True	geometric5	10148123	3	27	2026-07-30	16.744195185341255	11.218728447201691	0.10153768672764059	7.005003449060964	0.3431901092986925	0.23723610730154746	0.0
/vol/bitbucket/osella/rl-qecc-data/supervisedLearning/sweep2/g5_ground_pure_H10_s2000.pth	10	2000	2	groundPure	[(6, 6), (9, 6), (12, 6), (15, 3)]	True	True	True	True	geometric5	10148123	3	27	2026-07-30	16.744195185341255	11.218728447201691	0.10153768672764059	7.005003449060964	0.3431901092986925	0.23723610730154746	0.0
/vol/bitbucket/osella/rl-qecc-data/supervisedLearning/sweep2/g5_ground_pure_H10_s3000.pth	10	3000	2	groundPure	[(6, 6), (9, 6), (12, 6), (15, 3)]	True	True	True	True	geometric5	10148123	3	27	2026-07-30	19.393652721416277	11.218728447201691	0.14204242845289347	3.179386097377438	0.4269800707843427	0.295846548721076	0.0
/vol/bitbucket/osella/rl-qecc-data/supervisedLearning/sweep2/g5_ground_pure_H10_s3000.pth	10	3000	2	groundPure	[(6, 6), (9, 6), (12, 6), (15, 3)]	True	True	True	True	geometric5	10148123	3	27	2026-07-30	19.393652721416277	11.218728447201691	0.14204242845289347	3.179386097377438	0.4269800707843427	0.295846548721076	0.0
/vol/bitbucket/osella/rl-qecc-data/supervisedLearning/sweep2/g5_ground_pure_H10_s4000.pth	10	4000	2	groundPure	[(6, 6), (9, 6), (12, 6), (15, 3)]	True	True	True	True	geometric5	10148123	3	27	2026-07-30	18.330325775823265	11.218728447201691	0.14488633951124702	6.04847484900975	0.26533304780718076	0.17976658350476946	0.0
/vol/bitbucket/osella/rl-qecc-data/supervisedLearning/sweep2/g5_ground_pure_H10_s4000.pth	10	4000	2	groundPure	[(6, 6), (9, 6), (12, 6), (15, 3)]	True	True	True	True	geometric5	10148123	3	27	2026-07-30	18.330325775823265	11.218728447201691	0.14488633951124702	6.04847484900975	0.26533304780718076	0.17976658350476946	0.0
/vol/bitbucket/osella/rl-qecc-data/supervisedLearning/sweep2/g5_ground_pure_H10_s466555.pth	10	466555	2	groundPure	[(6, 6), (9, 6), (12, 6), (15, 3)]	True	True	True	True	geometric5	10148123	3	27	2026-07-30	18.25935023221566	11.218728447201691	0.14329474400838452	2.944233595719525	0.36832089034455484	0.2530161021132825	0.0
/vol/bitbucket/osella/rl-qecc-data/supervisedLearning/sweep2/g5_ground_pure_H10_s466555.pth	10	466555	2	groundPure	[(6, 6), (9, 6), (12, 6), (15, 3)]	True	True	True	True	geometric5	10148123	3	27	2026-07-30	18.25935023221566	11.218728447201691	0.14329474400838452	2.944233595719525	0.36832089034455484	0.2530161021132825	0.0
/vol/bitbucket/osella/rl-qecc-data/supervisedLearning/sweep2/g5_ground_pure_H10_s5000.pth	10	5000	2	groundPure	[(6, 6), (9, 6), (12, 6), (15, 3)]	True	True	True	True	geometric5	10148123	3	27	2026-07-30	21.704771488700423	11.218728447201691	0.1526159929653826	3.3034876749204947	0.376414492044231	0.25946102047120334	0.0
/vol/bitbucket/osella/rl-qecc-data/supervisedLearning/sweep2/g5_ground_pure_H10_s5000.pth	10	5000	2	groundPure	[(6, 6), (9, 6), (12, 6), (15, 3)]	True	True	True	True	geometric5	10148123	3	27	2026-07-30	21.704771488700423	11.218728447201691	0.1526159929653826	3.3034876749204947	0.376414492044231	0.25946102047120334	0.0
/vol/bitbucket/osella/rl-qecc-data/supervisedLearning/sweep2/g5_ground_pure_H10_s54321.pth	10	54321	2	groundPure	[(6, 6), (9, 6), (12, 6), (15, 3)]	True	True	True	True	geometric5	10148123	3	27	2026-07-30	23.090097708915447	11.218728447201691	0.20599063143359855	1.628617365039649	0.2668105915236179	0.18133928672936758	0.0
/vol/bitbucket/osella/rl-qecc-data/supervisedLearning/sweep2/g5_ground_pure_H10_s54321.pth	10	54321	2	groundPure	[(6, 6), (9, 6), (12, 6), (15, 3)]	True	True	True	True	geometric5	10148123	3	27	2026-07-30	23.090097708915447	11.218728447201691	0.20599063143359855	1.628617365039649	0.2668105915236179	0.18133928672936758	0.0
/vol/bitbucket/osella/rl-qecc-data/supervisedLearning/sweep2/g5_ground_pure_H10_s6000.pth	10	6000	2	groundPure	[(6, 6), (9, 6), (12, 6), (15, 3)]	True	True	True	True	geometric5	10148123	3	27	2026-07-30	19.6616321875381	11.218728447201691	0.16113226299578007	2.5998982870020186	0.3842176502222896	0.26577066374367825	0.0
/vol/bitbucket/osella/rl-qecc-data/supervisedLearning/sweep2/g5_ground_pure_H10_s6000.pth	10	6000	2	groundPure	[(6, 6), (9, 6), (12, 6), (15, 3)]	True	True	True	True	geometric5	10148123	3	27	2026-07-30	19.6616321875381	11.218728447201691	0.16113226299578007	2.5998982870020186	0.3842176502222896	0.26577066374367825	0.0
/vol/bitbucket/osella/rl-qecc-data/supervisedLearning/sweep2/g5_ground_pure_H10_s7134066.pth	10	7134066	2	groundPure	[(6, 6), (9, 6), (12, 6), (15, 3)]	True	True	True	True	geometric5	10148123	3	27	2026-07-30	19.08930887750692	11.218728447201691	0.14900411990075904	10.426866265569354	0.24973873422511986	0.16938846776056965	0.0
/vol/bitbucket/osella/rl-qecc-data/supervisedLearning/sweep2/g5_ground_pure_H10_s7134066.pth	10	7134066	2	groundPure	[(6, 6), (9, 6), (12, 6), (15, 3)]	True	True	True	True	geometric5	10148123	3	27	2026-07-30	19.08930887750692	11.218728447201691	0.14900411990075904	10.426866265569354	0.24973873422511986	0.16938846776056965	0.0
/vol/bitbucket/osella/rl-qecc-data/supervisedLearning/sweep2/g5_ground_pure_H3_s1000.pth	3	1000	2	groundPure	[(6, 6), (9, 6), (12, 6), (15, 3)]	True	True	True	True	geometric5	10148123	3	27	2026-07-30	24.375006036412476	11.218728447201691	0.11518662478883103	13.35756448074363	0.04567374227901163	0.03031902377405827	0.0
/vol/bitbucket/osella/rl-qecc-data/supervisedLearning/sweep2/g5_ground_pure_H3_s1000.pth	3	1000	2	groundPure	[(6, 6), (9, 6), (12, 6), (15, 3)]	True	True	True	True	geometric5	10148123	3	27	2026-07-30	24.375006036412476	11.218728447201691	0.11518662478883103	13.35756448074363	0.04567374227901163	0.03031902377405827	0.0
/vol/bitbucket/osella/rl-qecc-data/supervisedLearning/sweep2/g5_ground_pure_H3_s12345.pth	3	12345	2	groundPure	[(6, 6), (9, 6), (12, 6), (15, 3)]	True	True	True	True	geometric5	10148123	3	27	2026-07-30	18.790818035263037	11.218728447201691	0.12322929966788831	6.401192761784684	0.2091602762105654	0.1409953732088779	0.0
/vol/bitbucket/osella/rl-qecc-data/supervisedLearning/sweep2/g5_ground_pure_H3_s12345.pth	3	12345	2	groundPure	[(6, 6), (9, 6), (12, 6), (15, 3)]	True	True	True	True	geometric5	10148123	3	27	2026-07-30	18.790818035263037	11.218728447201691	0.12322929966788831	6.401192761784684	0.2091602762105654	0.1409953732088779	0.0
/vol/bitbucket/osella/rl-qecc-data/supervisedLearning/sweep2/g5_ground_pure_H3_s2000.pth	3	2000	2	groundPure	[(6, 6), (9, 6), (12, 6), (15, 3)]	True	True	True	True	geometric5	10148123	3	27	2026-07-30	18.184809332557297	11.218728447201691	0.12095696967751224	4.9422228930794665	0.20010183135421913	0.13439004449692923	0.0
/vol/bitbucket/osella/rl-qecc-data/supervisedLearning/sweep2/g5_ground_pure_H3_s2000.pth	3	2000	2	groundPure	[(6, 6), (9, 6), (12, 6), (15, 3)]	True	True	True	True	geometric5	10148123	3	27	2026-07-30	18.184809332557297	11.218728447201691	0.12095696967751224	4.9422228930794665	0.20010183135421913	0.13439004449692923	0.0
/vol/bitbucket/osella/rl-qecc-data/supervisedLearning/sweep2/g5_ground_pure_H3_s3000.pth	3	3000	2	groundPure	[(6, 6), (9, 6), (12, 6), (15, 3)]	True	True	True	True	geometric5	10148123	3	27	2026-07-30	22.749553059907914	11.218728447201691	0.17192545512471394	6.131406255762974	0.07062195751961148	0.04648676134273898	0.0
/vol/bitbucket/osella/rl-qecc-data/supervisedLearning/sweep2/g5_ground_pure_H3_s3000.pth	3	3000	2	groundPure	[(6, 6), (9, 6), (12, 6), (15, 3)]	True	True	True	True	geometric5	10148123	3	27	2026-07-30	22.749553059907914	11.218728447201691	0.17192545512471394	6.131406255762974	0.07062195751961148	0.04648676134273898	0.0
/vol/bitbucket/osella/rl-qecc-data/supervisedLearning/sweep2/g5_ground_pure_H3_s4000.pth	3	4000	2	groundPure	[(6, 6), (9, 6), (12, 6), (15, 3)]	True	True	True	True	geometric5	10148123	3	27	2026-07-30	16.192397739990703	11.218728447201691	0.07430185169465003	8.596718591972303	0.14753959329268912	0.09922976162494256	0.0
/vol/bitbucket/osella/rl-qecc-data/supervisedLearning/sweep2/g5_ground_pure_H3_s4000.pth	3	4000	2	groundPure	[(6, 6), (9, 6), (12, 6), (15, 3)]	True	True	True	True	geometric5	10148123	3	27	2026-07-30	16.192397739990703	11.218728447201691	0.07430185169465003	8.596718591972303	0.14753959329268912	0.09922976162494256	0.0
/vol/bitbucket/osella/rl-qecc-data/supervisedLearning/sweep2/g5_ground_pure_H3_s466555.pth	3	466555	2	groundPure	[(6, 6), (9, 6), (12, 6), (15, 3)]	True	True	True	True	geometric5	10148123	3	27	2026-07-30	18.696422192080348	11.218728447201691	0.07312654063751697	15.74147142913994	0.25433254507221426	0.16952607550668541	0.0
/vol/bitbucket/osella/rl-qecc-data/supervisedLearning/sweep2/g5_ground_pure_H3_s466555.pth	3	466555	2	groundPure	[(6, 6), (9, 6), (12, 6), (15, 3)]	True	True	True	True	geometric5	10148123	3	27	2026-07-30	18.696422192080348	11.218728447201691	0.07312654063751697	15.74147142913994	0.25433254507221426	0.16952607550668541	0.0
/vol/bitbucket/osella/rl-qecc-data/supervisedLearning/sweep2/g5_ground_pure_H3_s5000.pth	3	5000	2	groundPure	[(6, 6), (9, 6), (12, 6), (15, 3)]	True	True	True	True	geometric5	10148123	3	27	2026-07-30	19.96521905393017	11.218728447201691	0.18323000349583568	2.8362689828064007	0.1830744876131599	0.12359646181659054	0.0
/vol/bitbucket/osella/rl-qecc-data/supervisedLearning/sweep2/g5_ground_pure_H3_s5000.pth	3	5000	2	groundPure	[(6, 6), (9, 6), (12, 6), (15, 3)]	True	True	True	True	geometric5	10148123	3	27	2026-07-30	19.96521905393017	11.218728447201691	0.18323000349583568	2.8362689828064007	0.1830744876131599	0.12359646181659054	0.0
/vol/bitbucket/osella/rl-qecc-data/supervisedLearning/sweep2/g5_ground_pure_H3_s54321.pth	3	54321	2	groundPure	[(6, 6), (9, 6), (12, 6), (15, 3)]	True	True	True	True	geometric5	10148123	3	27	2026-07-30	20.999664753561525	11.218728447201691	0.18158806840525038	2.8103114478866265	0.26451263091375204	0.18041530458777566	0.0
/vol/bitbucket/osella/rl-qecc-data/supervisedLearning/sweep2/g5_ground_pure_H3_s54321.pth	3	54321	2	groundPure	[(6, 6), (9, 6), (12, 6), (15, 3)]	True	True	True	True	geometric5	10148123	3	27	2026-07-30	20.999664753561525	11.218728447201691	0.18158806840525038	2.8103114478866265	0.26451263091375204	0.18041530458777566	0.0
/vol/bitbucket/osella/rl-qecc-data/supervisedLearning/sweep2/g5_ground_pure_H3_s6000.pth	3	6000	2	groundPure	[(6, 6), (9, 6), (12, 6), (15, 3)]	True	True	True	True	geometric5	10148123	3	27	2026-07-30	18.661497387241724	11.218728447201691	0.15646911001312255	5.01181782310296	0.2984950542894996	0.20470538256423199	0.0
/vol/bitbucket/osella/rl-qecc-data/supervisedLearning/sweep2/g5_ground_pure_H3_s6000.pth	3	6000	2	groundPure	[(6, 6), (9, 6), (12, 6), (15, 3)]	True	True	True	True	geometric5	10148123	3	27	2026-07-30	18.661497387241724	11.218728447201691	0.15646911001312255	5.01181782310296	0.2984950542894996	0.20470538256423199	0.0
/vol/bitbucket/osella/rl-qecc-data/supervisedLearning/sweep2/g5_ground_pure_H3_s7134066.pth	3	7134066	2	groundPure	[(6, 6), (9, 6), (12, 6), (15, 3)]	True	True	True	True	geometric5	10148123	3	27	2026-07-30	16.172514661455377	11.218728447201691	0.07048376210894504	5.043250841428779	0.2994157240093027	0.2044444154343107	0.0
/vol/bitbucket/osella/rl-qecc-data/supervisedLearning/sweep2/g5_ground_pure_H3_s7134066.pth	3	7134066	2	groundPure	[(6, 6), (9, 6), (12, 6), (15, 3)]	True	True	True	True	geometric5	10148123	3	27	2026-07-30	16.172514661455377	11.218728447201691	0.07048376210894504	5.043250841428779	0.2994157240093027	0.2044444154343107	0.0
/vol/bitbucket/osella/rl-qecc-data/supervisedLearning/sweep2/g5_ground_pure_H4_s1000.pth	4	1000	2	groundPure	[(6, 6), (9, 6), (12, 6), (15, 3)]	True	True	True	True	geometric5	10148123	3	27	2026-07-30	24.948999677571194	11.218728447201691	0.22020904618926826	4.042199153629277	0.3865127538953355	0.2646721327092758	0.0
/vol/bitbucket/osella/rl-qecc-data/supervisedLearning/sweep2/g5_ground_pure_H4_s1000.pth	4	1000	2	groundPure	[(6, 6), (9, 6), (12, 6), (15, 3)]	True	True	True	True	geometric5	10148123	3	27	2026-07-30	24.948999677571194	11.218728447201691	0.22020904618926826	4.042199153629277	0.3865127538953355	0.2646721327092758	0.0
/vol/bitbucket/osella/rl-qecc-data/supervisedLearning/sweep2/g5_ground_pure_H4_s12345.pth	4	12345	2	groundPure	[(6, 6), (9, 6), (12, 6), (15, 3)]	True	True	True	True	geometric5	10148123	3	27	2026-07-30	19.698027229980266	11.218728447201691	0.1155737893304081	6.663163340556815	-0.19701844529924828	-0.1323531808032364	0.0
/vol/bitbucket/osella/rl-qecc-data/supervisedLearning/sweep2/g5_ground_pure_H4_s12345.pth	4	12345	2	groundPure	[(6, 6), (9, 6), (12, 6), (15, 3)]	True	True	True	True	geometric5	10148123	3	27	2026-07-30	19.698027229980266	11.218728447201691	0.1155737893304081	6.663163340556815	-0.19701844529924828	-0.1323531808032364	0.0
/vol/bitbucket/osella/rl-qecc-data/supervisedLearning/sweep2/g5_ground_pure_H4_s2000.pth	4	2000	2	groundPure	[(6, 6), (9, 6), (12, 6), (15, 3)]	True	True	True	True	geometric5	10148123	3	27	2026-07-30	25.618092692751144	11.218728447201691	0.06914091809271673	5.839377568607019	0.22958048416185123	0.15464305088065314	0.0
/vol/bitbucket/osella/rl-qecc-data/supervisedLearning/sweep2/g5_ground_pure_H4_s2000.pth	4	2000	2	groundPure	[(6, 6), (9, 6), (12, 6), (15, 3)]	True	True	True	True	geometric5	10148123	3	27	2026-07-30	25.618092692751144	11.218728447201691	0.06914091809271673	5.839377568607019	0.22958048416185123	0.15464305088065314	0.0
/vol/bitbucket/osella/rl-qecc-data/supervisedLearning/sweep2/g5_ground_pure_H4_s3000.pth	4	3000	2	groundPure	[(6, 6), (9, 6), (12, 6), (15, 3)]	True	True	True	True	geometric5	10148123	3	27	2026-07-30	18.03104540752757	11.218728447201691	0.07551033406358755	13.23099114458492	0.2812954404882349	0.19281373374391958	0.0
/vol/bitbucket/osella/rl-qecc-data/supervisedLearning/sweep2/g5_ground_pure_H4_s3000.pth	4	3000	2	groundPure	[(6, 6), (9, 6), (12, 6), (15, 3)]	True	True	True	True	geometric5	10148123	3	27	2026-07-30	18.03104540752757	11.218728447201691	0.07551033406358755	13.23099114458492	0.2812954404882349	0.19281373374391958	0.0
/vol/bitbucket/osella/rl-qecc-data/supervisedLearning/sweep2/g5_ground_pure_H4_s4000.pth	4	4000	2	groundPure	[(6, 6), (9, 6), (12, 6), (15, 3)]	True	True	True	True	geometric5	10148123	3	27	2026-07-30	17.64998483484195	11.218728447201691	0.11079136211107571	6.355599845231403	0.2440146367447298	0.1651212906958064	0.0
/vol/bitbucket/osella/rl-qecc-data/supervisedLearning/sweep2/g5_ground_pure_H4_s4000.pth	4	4000	2	groundPure	[(6, 6), (9, 6), (12, 6), (15, 3)]	True	True	True	True	geometric5	10148123	3	27	2026-07-30	17.64998483484195	11.218728447201691	0.11079136211107571	6.355599845231403	0.2440146367447298	0.1651212906958064	0.0
/vol/bitbucket/osella/rl-qecc-data/supervisedLearning/sweep2/g5_ground_pure_H4_s466555.pth	4	466555	2	groundPure	[(6, 6), (9, 6), (12, 6), (15, 3)]	True	True	True	True	geometric5	10148123	3	27	2026-07-30	19.246551341531454	11.218728447201691	0.0816490384624454	21.30525008693836	0.13607960955750176	0.09113547187842864	0.0
/vol/bitbucket/osella/rl-qecc-data/supervisedLearning/sweep2/g5_ground_pure_H4_s466555.pth	4	466555	2	groundPure	[(6, 6), (9, 6), (12, 6), (15, 3)]	True	True	True	True	geometric5	10148123	3	27	2026-07-30	19.246551341531454	11.218728447201691	0.0816490384624454	21.30525008693836	0.13607960955750176	0.09113547187842864	0.0
/vol/bitbucket/osella/rl-qecc-data/supervisedLearning/sweep2/g5_ground_pure_H4_s5000.pth	4	5000	2	groundPure	[(6, 6), (9, 6), (12, 6), (15, 3)]	True	True	True	True	geometric5	10148123	3	27	2026-07-30	21.452701747736548	11.218728447201691	0.17471781997735067	3.2354564550588587	0.23624097389623724	0.1594794229970495	0.0
/vol/bitbucket/osella/rl-qecc-data/supervisedLearning/sweep2/g5_ground_pure_H4_s5000.pth	4	5000	2	groundPure	[(6, 6), (9, 6), (12, 6), (15, 3)]	True	True	True	True	geometric5	10148123	3	27	2026-07-30	21.452701747736548	11.218728447201691	0.17471781997735067	3.2354564550588587	0.23624097389623724	0.1594794229970495	0.0
/vol/bitbucket/osella/rl-qecc-data/supervisedLearning/sweep2/g5_ground_pure_H4_s54321.pth	4	54321	2	groundPure	[(6, 6), (9, 6), (12, 6), (15, 3)]	True	True	True	True	geometric5	10148123	3	27	2026-07-30	21.828769779439757	11.218728447201691	0.08251005352828315	30.186130946192115	-0.00774741424631104	-0.005156926669786579	0.0
/vol/bitbucket/osella/rl-qecc-data/supervisedLearning/sweep2/g5_ground_pure_H4_s54321.pth	4	54321	2	groundPure	[(6, 6), (9, 6), (12, 6), (15, 3)]	True	True	True	True	geometric5	10148123	3	27	2026-07-30	21.828769779439757	11.218728447201691	0.08251005352828315	30.186130946192115	-0.00774741424631104	-0.005156926669786579	0.0
/vol/bitbucket/osella/rl-qecc-data/supervisedLearning/sweep2/g5_ground_pure_H4_s6000.pth	4	6000	2	groundPure	[(6, 6), (9, 6), (12, 6), (15, 3)]	True	True	True	True	geometric5	10148123	3	27	2026-07-30	18.80899417441652	11.218728447201691	0.13183060538532013	6.832322942158956	0.11336304425371045	0.07331682239228623	0.0
/vol/bitbucket/osella/rl-qecc-data/supervisedLearning/sweep2/g5_ground_pure_H4_s6000.pth	4	6000	2	groundPure	[(6, 6), (9, 6), (12, 6), (15, 3)]	True	True	True	True	geometric5	10148123	3	27	2026-07-30	18.80899417441652	11.218728447201691	0.13183060538532013	6.832322942158956	0.11336304425371045	0.07331682239228623	0.0
/vol/bitbucket/osella/rl-qecc-data/supervisedLearning/sweep2/g5_ground_pure_H4_s7134066.pth	4	7134066	2	groundPure	[(6, 6), (9, 6), (12, 6), (15, 3)]	True	True	True	True	geometric5	10148123	3	27	2026-07-30	18.49525209693925	11.218728447201691	0.0696682563106385	16.499430625408912	0.33040389052386965	0.22575542966168385	0.0
/vol/bitbucket/osella/rl-qecc-data/supervisedLearning/sweep2/g5_ground_pure_H4_s7134066.pth	4	7134066	2	groundPure	[(6, 6), (9, 6), (12, 6), (15, 3)]	True	True	True	True	geometric5	10148123	3	27	2026-07-30	18.49525209693925	11.218728447201691	0.0696682563106385	16.499430625408912	0.33040389052386965	0.22575542966168385	0.0
/vol/bitbucket/osella/rl-qecc-data/supervisedLearning/sweep2/g5_ground_pure_H6_s1000.pth	6	1000	2	groundPure	[(6, 6), (9, 6), (12, 6), (15, 3)]	True	True	True	True	geometric5	10148123	3	27	2026-07-30	22.41177935758487	11.218728447201691	0.2458682815212585	1.6294773666226041	0.3202132052359114	0.21914196313287138	0.0
/vol/bitbucket/osella/rl-qecc-data/supervisedLearning/sweep2/g5_ground_pure_H6_s1000.pth	6	1000	2	groundPure	[(6, 6), (9, 6), (12, 6), (15, 3)]	True	True	True	True	geometric5	10148123	3	27	2026-07-30	22.41177935758487	11.218728447201691	0.2458682815212585	1.6294773666226041	0.3202132052359114	0.21914196313287138	0.0
/vol/bitbucket/osella/rl-qecc-data/supervisedLearning/sweep2/g5_ground_pure_H6_s12345.pth	6	12345	2	groundPure	[(6, 6), (9, 6), (12, 6), (15, 3)]	True	True	True	True	geometric5	10148123	3	27	2026-07-30	19.982675193032385	11.218728447201691	0.17444536404586075	3.4672602796872085	0.2727858584030737	0.1878225597291539	0.0
/vol/bitbucket/osella/rl-qecc-data/supervisedLearning/sweep2/g5_ground_pure_H6_s12345.pth	6	12345	2	groundPure	[(6, 6), (9, 6), (12, 6), (15, 3)]	True	True	True	True	geometric5	10148123	3	27	2026-07-30	19.982675193032385	11.218728447201691	0.17444536404586075	3.4672602796872085	0.2727858584030737	0.1878225597291539	0.0
/vol/bitbucket/osella/rl-qecc-data/supervisedLearning/sweep2/g5_ground_pure_H6_s2000.pth	6	2000	2	groundPure	[(6, 6), (9, 6), (12, 6), (15, 3)]	True	True	True	True	geometric5	10148123	3	27	2026-07-30	21.65552574947698	11.218728447201691	0.17961567451346575	5.865918720363505	0.24120959600786765	0.16263010711742135	0.0
/vol/bitbucket/osella/rl-qecc-data/supervisedLearning/sweep2/g5_ground_pure_H6_s2000.pth	6	2000	2	groundPure	[(6, 6), (9, 6), (12, 6), (15, 3)]	True	True	True	True	geometric5	10148123	3	27	2026-07-30	21.65552574947698	11.218728447201691	0.17961567451346575	5.865918720363505	0.24120959600786765	0.16263010711742135	0.0
/vol/bitbucket/osella/rl-qecc-data/supervisedLearning/sweep2/g5_ground_pure_H6_s3000.pth	6	3000	2	groundPure	[(6, 6), (9, 6), (12, 6), (15, 3)]	True	True	True	True	geometric5	10148123	3	27	2026-07-30	16.01743207466849	11.218728447201691	0.07671371893389789	4.6146104945669535	0.3626914647300759	0.24678665714888864	0.0
/vol/bitbucket/osella/rl-qecc-data/supervisedLearning/sweep2/g5_ground_pure_H6_s3000.pth	6	3000	2	groundPure	[(6, 6), (9, 6), (12, 6), (15, 3)]	True	True	True	True	geometric5	10148123	3	27	2026-07-30	16.01743207466849	11.218728447201691	0.07671371893389789	4.6146104945669535	0.3626914647300759	0.24678665714888864	0.0
/vol/bitbucket/osella/rl-qecc-data/supervisedLearning/sweep2/g5_ground_pure_H6_s4000.pth	6	4000	2	groundPure	[(6, 6), (9, 6), (12, 6), (15, 3)]	True	True	True	True	geometric5	10148123	3	27	2026-07-30	19.171293790774385	11.218728447201691	0.13383250087281537	8.406006932250254	0.06426715943873093	0.04361540745112826	0.0
/vol/bitbucket/osella/rl-qecc-data/supervisedLearning/sweep2/g5_ground_pure_H6_s4000.pth	6	4000	2	groundPure	[(6, 6), (9, 6), (12, 6), (15, 3)]	True	True	True	True	geometric5	10148123	3	27	2026-07-30	19.171293790774385	11.218728447201691	0.13383250087281537	8.406006932250254	0.06426715943873093	0.04361540745112826	0.0
/vol/bitbucket/osella/rl-qecc-data/supervisedLearning/sweep2/g5_ground_pure_H6_s466555.pth	6	466555	2	groundPure	[(6, 6), (9, 6), (12, 6), (15, 3)]	True	True	True	True	geometric5	10148123	3	27	2026-07-30	21.535497021165995	11.218728447201691	0.17503407901899792	3.3355817284385596	-0.004735046236311805	-0.002486142083282865	0.0
/vol/bitbucket/osella/rl-qecc-data/supervisedLearning/sweep2/g5_ground_pure_H6_s466555.pth	6	466555	2	groundPure	[(6, 6), (9, 6), (12, 6), (15, 3)]	True	True	True	True	geometric5	10148123	3	27	2026-07-30	21.535497021165995	11.218728447201691	0.17503407901899792	3.3355817284385596	-0.004735046236311805	-0.002486142083282865	0.0
/vol/bitbucket/osella/rl-qecc-data/supervisedLearning/sweep2/g5_ground_pure_H6_s5000.pth	6	5000	2	groundPure	[(6, 6), (9, 6), (12, 6), (15, 3)]	True	True	True	True	geometric5	10148123	3	27	2026-07-30	17.770912636378576	11.218728447201691	0.11935602841726929	6.63730769444327	0.2077531671957482	0.14041171972462813	0.0
/vol/bitbucket/osella/rl-qecc-data/supervisedLearning/sweep2/g5_ground_pure_H6_s5000.pth	6	5000	2	groundPure	[(6, 6), (9, 6), (12, 6), (15, 3)]	True	True	True	True	geometric5	10148123	3	27	2026-07-30	17.770912636378576	11.218728447201691	0.11935602841726929	6.63730769444327	0.2077531671957482	0.14041171972462813	0.0
/vol/bitbucket/osella/rl-qecc-data/supervisedLearning/sweep2/g5_ground_pure_H6_s54321.pth	6	54321	2	groundPure	[(6, 6), (9, 6), (12, 6), (15, 3)]	True	True	True	True	geometric5	10148123	3	27	2026-07-30	29.02278640503425	11.218728447201691	0.26326972157852147	2.014112484467504	0.3025153087897775	0.205230988677146	0.0
/vol/bitbucket/osella/rl-qecc-data/supervisedLearning/sweep2/g5_ground_pure_H6_s54321.pth	6	54321	2	groundPure	[(6, 6), (9, 6), (12, 6), (15, 3)]	True	True	True	True	geometric5	10148123	3	27	2026-07-30	29.02278640503425	11.218728447201691	0.26326972157852147	2.014112484467504	0.3025153087897775	0.205230988677146	0.0
/vol/bitbucket/osella/rl-qecc-data/supervisedLearning/sweep2/g5_ground_pure_H6_s6000.pth	6	6000	2	groundPure	[(6, 6), (9, 6), (12, 6), (15, 3)]	True	True	True	True	geometric5	10148123	3	27	2026-07-30	18.18101647072952	11.218728447201691	0.136430065074733	4.7012356578779455	0.3585534221559036	0.24809643024488467	0.0
/vol/bitbucket/osella/rl-qecc-data/supervisedLearning/sweep2/g5_ground_pure_H6_s6000.pth	6	6000	2	groundPure	[(6, 6), (9, 6), (12, 6), (15, 3)]	True	True	True	True	geometric5	10148123	3	27	2026-07-30	18.18101647072952	11.218728447201691	0.136430065074733	4.7012356578779455	0.3585534221559036	0.24809643024488467	0.0
/vol/bitbucket/osella/rl-qecc-data/supervisedLearning/sweep2/g5_ground_pure_H6_s7134066.pth	6	7134066	2	groundPure	[(6, 6), (9, 6), (12, 6), (15, 3)]	True	True	True	True	geometric5	10148123	3	27	2026-07-30	22.107749284538833	11.218728447201691	0.1843697648390161	2.7545268135518985	0.35081136500401017	0.23916879504005756	0.0
/vol/bitbucket/osella/rl-qecc-data/supervisedLearning/sweep2/g5_ground_pure_H6_s7134066.pth	6	7134066	2	groundPure	[(6, 6), (9, 6), (12, 6), (15, 3)]	True	True	True	True	geometric5	10148123	3	27	2026-07-30	22.107749284538833	11.218728447201691	0.1843697648390161	2.7545268135518985	0.35081136500401017	0.23916879504005756	0.0
/vol/bitbucket/osella/rl-qecc-data/supervisedLearning/sweep2/g5_ground_pure_H7_s1000.pth	7	1000	2	groundPure	[(6, 6), (9, 6), (12, 6), (15, 3)]	True	True	True	True	geometric5	10148123	3	27	2026-07-30	20.288374181937595	11.218728447201691	0.14542509839787382	1.834471520212256	0.28816346096271483	0.1941393774916631	0.0
/vol/bitbucket/osella/rl-qecc-data/supervisedLearning/sweep2/g5_ground_pure_H7_s1000.pth	7	1000	2	groundPure	[(6, 6), (9, 6), (12, 6), (15, 3)]	True	True	True	True	geometric5	10148123	3	27	2026-07-30	20.288374181937595	11.218728447201691	0.14542509839787382	1.834471520212256	0.28816346096271483	0.1941393774916631	0.0
/vol/bitbucket/osella/rl-qecc-data/supervisedLearning/sweep2/g5_ground_pure_H7_s12345.pth	7	12345	2	groundPure	[(6, 6), (9, 6), (12, 6), (15, 3)]	True	True	True	True	geometric5	10148123	3	27	2026-07-30	18.513700001651305	11.218728447201691	0.10478921162587983	6.562967297970644	0.4121500663559974	0.2891599364624793	0.0
/vol/bitbucket/osella/rl-qecc-data/supervisedLearning/sweep2/g5_ground_pure_H7_s12345.pth	7	12345	2	groundPure	[(6, 6), (9, 6), (12, 6), (15, 3)]	True	True	True	True	geometric5	10148123	3	27	2026-07-30	18.513700001651305	11.218728447201691	0.10478921162587983	6.562967297970644	0.4121500663559974	0.2891599364624793	0.0
/vol/bitbucket/osella/rl-qecc-data/supervisedLearning/sweep2/g5_ground_pure_H7_s2000.pth	7	2000	2	groundPure	[(6, 6), (9, 6), (12, 6), (15, 3)]	True	True	True	True	geometric5	10148123	3	27	2026-07-30	20.119781376844205	11.218728447201691	0.16403936543562628	3.3290633267249237	0.3351961822897824	0.2323398668304836	0.0
/vol/bitbucket/osella/rl-qecc-data/supervisedLearning/sweep2/g5_ground_pure_H7_s2000.pth	7	2000	2	groundPure	[(6, 6), (9, 6), (12, 6), (15, 3)]	True	True	True	True	geometric5	10148123	3	27	2026-07-30	20.119781376844205	11.218728447201691	0.16403936543562628	3.3290633267249237	0.3351961822897824	0.2323398668304836	0.0
/vol/bitbucket/osella/rl-qecc-data/supervisedLearning/sweep2/g5_ground_pure_H7_s3000.pth	7	3000	2	groundPure	[(6, 6), (9, 6), (12, 6), (15, 3)]	True	True	True	True	geometric5	10148123	3	27	2026-07-30	18.01555856212261	11.218728447201691	0.11216789620878775	5.980121815378251	0.2900099758771579	0.20020183838679304	0.02
/vol/bitbucket/osella/rl-qecc-data/supervisedLearning/sweep2/g5_ground_pure_H7_s3000.pth	7	3000	2	groundPure	[(6, 6), (9, 6), (12, 6), (15, 3)]	True	True	True	True	geometric5	10148123	3	27	2026-07-30	18.01555856212261	11.218728447201691	0.11216789620878775	5.980121815378251	0.2900099758771579	0.20020183838679304	0.02
/vol/bitbucket/osella/rl-qecc-data/supervisedLearning/sweep2/g5_ground_pure_H7_s4000.pth	7	4000	2	groundPure	[(6, 6), (9, 6), (12, 6), (15, 3)]	True	True	True	True	geometric5	10148123	3	27	2026-07-30	20.390501324200933	11.218728447201691	0.17654794792139758	2.887137860085449	0.30599028132353084	0.21072765058817333	0.0
/vol/bitbucket/osella/rl-qecc-data/supervisedLearning/sweep2/g5_ground_pure_H7_s4000.pth	7	4000	2	groundPure	[(6, 6), (9, 6), (12, 6), (15, 3)]	True	True	True	True	geometric5	10148123	3	27	2026-07-30	20.390501324200933	11.218728447201691	0.17654794792139758	2.887137860085449	0.30599028132353084	0.21072765058817333	0.0
/vol/bitbucket/osella/rl-qecc-data/supervisedLearning/sweep2/g5_ground_pure_H7_s466555.pth	7	466555	2	groundPure	[(6, 6), (9, 6), (12, 6), (15, 3)]	True	True	True	True	geometric5	10148123	3	27	2026-07-30	34.721664251477186	11.218728447201691	0.3017644423430748	1.5677069970407458	0.3318103437534806	0.2273690887370528	0.0
/vol/bitbucket/osella/rl-qecc-data/supervisedLearning/sweep2/g5_ground_pure_H7_s466555.pth	7	466555	2	groundPure	[(6, 6), (9, 6), (12, 6), (15, 3)]	True	True	True	True	geometric5	10148123	3	27	2026-07-30	34.721664251477186	11.218728447201691	0.3017644423430748	1.5677069970407458	0.3318103437534806	0.2273690887370528	0.0
/vol/bitbucket/osella/rl-qecc-data/supervisedLearning/sweep2/g5_ground_pure_H7_s5000.pth	7	5000	2	groundPure	[(6, 6), (9, 6), (12, 6), (15, 3)]	True	True	True	True	geometric5	10148123	3	27	2026-07-30	18.356304718120708	11.218728447201691	0.12995164078135976	6.391283503408701	0.3281810237469367	0.22549349421146328	0.0
/vol/bitbucket/osella/rl-qecc-data/supervisedLearning/sweep2/g5_ground_pure_H7_s5000.pth	7	5000	2	groundPure	[(6, 6), (9, 6), (12, 6), (15, 3)]	True	True	True	True	geometric5	10148123	3	27	2026-07-30	18.356304718120708	11.218728447201691	0.12995164078135976	6.391283503408701	0.3281810237469367	0.22549349421146328	0.0
/vol/bitbucket/osella/rl-qecc-data/supervisedLearning/sweep2/g5_ground_pure_H7_s54321.pth	7	54321	2	groundPure	[(6, 6), (9, 6), (12, 6), (15, 3)]	True	True	True	True	geometric5	10148123	3	27	2026-07-30	24.36691614969206	11.218728447201691	0.22439805225045178	2.34559419644408	0.1500242204404025	0.10052656294374604	0.0
/vol/bitbucket/osella/rl-qecc-data/supervisedLearning/sweep2/g5_ground_pure_H7_s54321.pth	7	54321	2	groundPure	[(6, 6), (9, 6), (12, 6), (15, 3)]	True	True	True	True	geometric5	10148123	3	27	2026-07-30	24.36691614969206	11.218728447201691	0.22439805225045178	2.34559419644408	0.1500242204404025	0.10052656294374604	0.0
/vol/bitbucket/osella/rl-qecc-data/supervisedLearning/sweep2/g5_ground_pure_H7_s6000.pth	7	6000	2	groundPure	[(6, 6), (9, 6), (12, 6), (15, 3)]	True	True	True	True	geometric5	10148123	3	27	2026-07-30	18.083232861873718	11.218728447201691	0.12257362292800977	6.488119483871023	0.29974039154844856	0.20509506930521376	0.0
/vol/bitbucket/osella/rl-qecc-data/supervisedLearning/sweep2/g5_ground_pure_H7_s6000.pth	7	6000	2	groundPure	[(6, 6), (9, 6), (12, 6), (15, 3)]	True	True	True	True	geometric5	10148123	3	27	2026-07-30	18.083232861873718	11.218728447201691	0.12257362292800977	6.488119483871023	0.29974039154844856	0.20509506930521376	0.0
/vol/bitbucket/osella/rl-qecc-data/supervisedLearning/sweep2/g5_ground_pure_H7_s7134066.pth	7	7134066	2	groundPure	[(6, 6), (9, 6), (12, 6), (15, 3)]	True	True	True	True	geometric5	10148123	3	27	2026-07-30	17.440242639309982	11.218728447201691	0.10808246574242075	5.4738752619098925	0.22815504554220048	0.15548548850959623	0.0
/vol/bitbucket/osella/rl-qecc-data/supervisedLearning/sweep2/g5_ground_pure_H7_s7134066.pth	7	7134066	2	groundPure	[(6, 6), (9, 6), (12, 6), (15, 3)]	True	True	True	True	geometric5	10148123	3	27	2026-07-30	17.440242639309982	11.218728447201691	0.10808246574242075	5.4738752619098925	0.22815504554220048	0.15548548850959623	0.0
/vol/bitbucket/osella/rl-qecc-data/supervisedLearning/sweep2/g5_mix_66-96-126-153_H10_s1000.pth	10	1000	6	mixed	[(6, 6), (9, 6), (12, 6), (15, 3)]	True	True	True	True	geometric5	10148123	3	27	2026-07-30	17.001263248380244	11.218728447201691	0.05724695469671666	8.766323193106883	0.3416781537418418	0.23874585614998511	0.0
/vol/bitbucket/osella/rl-qecc-data/supervisedLearning/sweep2/g5_mix_66-96-126-153_H10_s1000.pth	10	1000	6	mixed	[(6, 6), (9, 6), (12, 6), (15, 3)]	True	True	True	True	geometric5	10148123	3	27	2026-07-30	17.001263248380244	11.218728447201691	0.05724695469671666	8.766323193106883	0.3416781537418418	0.23874585614998511	0.0
/vol/bitbucket/osella/rl-qecc-data/supervisedLearning/sweep2/g5_mix_66-96-126-153_H10_s12345.pth	10	12345	6	mixed	[(6, 6), (9, 6), (12, 6), (15, 3)]	True	True	True	True	geometric5	10148123	3	27	2026-07-30	17.128601804429834	11.218728447201691	0.10901251187984543	2.1259881228296096	0.5037151301845626	0.3525481096768409	0.0
/vol/bitbucket/osella/rl-qecc-data/supervisedLearning/sweep2/g5_mix_66-96-126-153_H10_s12345.pth	10	12345	6	mixed	[(6, 6), (9, 6), (12, 6), (15, 3)]	True	True	True	True	geometric5	10148123	3	27	2026-07-30	17.128601804429834	11.218728447201691	0.10901251187984543	2.1259881228296096	0.5037151301845626	0.3525481096768409	0.0
/vol/bitbucket/osella/rl-qecc-data/supervisedLearning/sweep2/g5_mix_66-96-126-153_H10_s2000.pth	10	2000	6	mixed	[(6, 6), (9, 6), (12, 6), (15, 3)]	True	True	True	True	geometric5	10148123	3	27	2026-07-30	17.461703507739585	11.218728447201691	0.12499412249843432	5.252433910565967	0.436859518518617	0.3037661924940957	0.0
/vol/bitbucket/osella/rl-qecc-data/supervisedLearning/sweep2/g5_mix_66-96-126-153_H10_s2000.pth	10	2000	6	mixed	[(6, 6), (9, 6), (12, 6), (15, 3)]	True	True	True	True	geometric5	10148123	3	27	2026-07-30	17.461703507739585	11.218728447201691	0.12499412249843432	5.252433910565967	0.436859518518617	0.3037661924940957	0.0
/vol/bitbucket/osella/rl-qecc-data/supervisedLearning/sweep2/g5_mix_66-96-126-153_H10_s3000.pth	10	3000	6	mixed	[(6, 6), (9, 6), (12, 6), (15, 3)]	True	True	True	True	geometric5	10148123	3	27	2026-07-30	18.25235565864028	11.218728447201691	0.11327651801815766	3.3295798304798905	0.5019157270738233	0.35311438297252706	0.0
/vol/bitbucket/osella/rl-qecc-data/supervisedLearning/sweep2/g5_mix_66-96-126-153_H10_s3000.pth	10	3000	6	mixed	[(6, 6), (9, 6), (12, 6), (15, 3)]	True	True	True	True	geometric5	10148123	3	27	2026-07-30	18.25235565864028	11.218728447201691	0.11327651801815766	3.3295798304798905	0.5019157270738233	0.35311438297252706	0.0
/vol/bitbucket/osella/rl-qecc-data/supervisedLearning/sweep2/g5_mix_66-96-126-153_H10_s4000.pth	10	4000	6	mixed	[(6, 6), (9, 6), (12, 6), (15, 3)]	True	True	True	True	geometric5	10148123	3	27	2026-07-30	17.57751868957589	11.218728447201691	0.10217398434297471	5.04014859241601	0.3299956792125207	0.2280183951569864	0.0
/vol/bitbucket/osella/rl-qecc-data/supervisedLearning/sweep2/g5_mix_66-96-126-153_H10_s4000.pth	10	4000	6	mixed	[(6, 6), (9, 6), (12, 6), (15, 3)]	True	True	True	True	geometric5	10148123	3	27	2026-07-30	17.57751868957589	11.218728447201691	0.10217398434297471	5.04014859241601	0.3299956792125207	0.2280183951569864	0.0
/vol/bitbucket/osella/rl-qecc-data/supervisedLearning/sweep2/g5_mix_66-96-126-153_H10_s466555.pth	10	466555	6	mixed	[(6, 6), (9, 6), (12, 6), (15, 3)]	True	True	True	True	geometric5	10148123	3	27	2026-07-30	18.172360994115362	11.218728447201691	0.13194014826426315	4.954643609484791	0.28691795133624065	0.1969542209597872	0.0
/vol/bitbucket/osella/rl-qecc-data/supervisedLearning/sweep2/g5_mix_66-96-126-153_H10_s466555.pth	10	466555	6	mixed	[(6, 6), (9, 6), (12, 6), (15, 3)]	True	True	True	True	geometric5	10148123	3	27	2026-07-30	18.172360994115362	11.218728447201691	0.13194014826426315	4.954643609484791	0.28691795133624065	0.1969542209597872	0.0
/vol/bitbucket/osella/rl-qecc-data/supervisedLearning/sweep2/g5_mix_66-96-126-153_H10_s5000.pth	10	5000	6	mixed	[(6, 6), (9, 6), (12, 6), (15, 3)]	True	True	True	True	geometric5	10148123	3	27	2026-07-30	16.37910401546653	11.218728447201691	0.06499327342512025	9.002459056410956	0.24945789066498616	0.16949870262322358	0.0
/vol/bitbucket/osella/rl-qecc-data/supervisedLearning/sweep2/g5_mix_66-96-126-153_H10_s5000.pth	10	5000	6	mixed	[(6, 6), (9, 6), (12, 6), (15, 3)]	True	True	True	True	geometric5	10148123	3	27	2026-07-30	16.37910401546653	11.218728447201691	0.06499327342512025	9.002459056410956	0.24945789066498616	0.16949870262322358	0.0
/vol/bitbucket/osella/rl-qecc-data/supervisedLearning/sweep2/g5_mix_66-96-126-153_H10_s54321.pth	10	54321	6	mixed	[(6, 6), (9, 6), (12, 6), (15, 3)]	True	True	True	True	geometric5	10148123	3	27	2026-07-30	19.055067871871408	11.218728447201691	0.09204473212661404	10.732861910289346	0.2953234199440767	0.2061523705764096	0.0
/vol/bitbucket/osella/rl-qecc-data/supervisedLearning/sweep2/g5_mix_66-96-126-153_H10_s54321.pth	10	54321	6	mixed	[(6, 6), (9, 6), (12, 6), (15, 3)]	True	True	True	True	geometric5	10148123	3	27	2026-07-30	19.055067871871408	11.218728447201691	0.09204473212661404	10.732861910289346	0.2953234199440767	0.2061523705764096	0.0
/vol/bitbucket/osella/rl-qecc-data/supervisedLearning/sweep2/g5_mix_66-96-126-153_H10_s6000.pth	10	6000	6	mixed	[(6, 6), (9, 6), (12, 6), (15, 3)]	True	True	True	True	geometric5	10148123	3	27	2026-07-30	18.275370448436085	11.218728447201691	0.09885339771531995	5.200497872805839	0.405416315160053	0.27838543365692475	0.0
/vol/bitbucket/osella/rl-qecc-data/supervisedLearning/sweep2/g5_mix_66-96-126-153_H10_s6000.pth	10	6000	6	mixed	[(6, 6), (9, 6), (12, 6), (15, 3)]	True	True	True	True	geometric5	10148123	3	27	2026-07-30	18.275370448436085	11.218728447201691	0.09885339771531995	5.200497872805839	0.405416315160053	0.27838543365692475	0.0
/vol/bitbucket/osella/rl-qecc-data/supervisedLearning/sweep2/g5_mix_66-96-126-153_H10_s7134066.pth	10	7134066	6	mixed	[(6, 6), (9, 6), (12, 6), (15, 3)]	True	True	True	True	geometric5	10148123	3	27	2026-07-30	15.978910136298113	11.218728447201691	0.04968015423898508	9.10648710123136	0.32992286361974155	0.22679517464655818	0.0
/vol/bitbucket/osella/rl-qecc-data/supervisedLearning/sweep2/g5_mix_66-96-126-153_H10_s7134066.pth	10	7134066	6	mixed	[(6, 6), (9, 6), (12, 6), (15, 3)]	True	True	True	True	geometric5	10148123	3	27	2026-07-30	15.978910136298113	11.218728447201691	0.04968015423898508	9.10648710123136	0.32992286361974155	0.22679517464655818	0.0
/vol/bitbucket/osella/rl-qecc-data/supervisedLearning/sweep2/g5_mix_66-96-126-153_H3_s1000.pth	3	1000	6	mixed	[(6, 6), (9, 6), (12, 6), (15, 3)]	True	True	True	True	geometric5	10148123	3	27	2026-07-30	17.839499384818364	11.218728447201691	0.10648322419775019	2.2339622657528384	0.27763186621430275	0.19386428920769808	0.0
/vol/bitbucket/osella/rl-qecc-data/supervisedLearning/sweep2/g5_mix_66-96-126-153_H3_s1000.pth	3	1000	6	mixed	[(6, 6), (9, 6), (12, 6), (15, 3)]	True	True	True	True	geometric5	10148123	3	27	2026-07-30	17.839499384818364	11.218728447201691	0.10648322419775019	2.2339622657528384	0.27763186621430275	0.19386428920769808	0.0
/vol/bitbucket/osella/rl-qecc-data/supervisedLearning/sweep2/g5_mix_66-96-126-153_H3_s12345.pth	3	12345	6	mixed	[(6, 6), (9, 6), (12, 6), (15, 3)]	True	True	True	True	geometric5	10148123	3	27	2026-07-30	18.26299528624474	11.218728447201691	0.06499359325748466	6.474910111514617	0.2275991237555945	0.1535910479579526	0.0
/vol/bitbucket/osella/rl-qecc-data/supervisedLearning/sweep2/g5_mix_66-96-126-153_H3_s12345.pth	3	12345	6	mixed	[(6, 6), (9, 6), (12, 6), (15, 3)]	True	True	True	True	geometric5	10148123	3	27	2026-07-30	18.26299528624474	11.218728447201691	0.06499359325748466	6.474910111514617	0.2275991237555945	0.1535910479579526	0.0
/vol/bitbucket/osella/rl-qecc-data/supervisedLearning/sweep2/g5_mix_66-96-126-153_H3_s2000.pth	3	2000	6	mixed	[(6, 6), (9, 6), (12, 6), (15, 3)]	True	True	True	True	geometric5	10148123	3	27	2026-07-30	23.024933405738892	11.218728447201691	0.14931967877527808	2.530682969835515	0.4384039929107537	0.30575321836163727	0.0
/vol/bitbucket/osella/rl-qecc-data/supervisedLearning/sweep2/g5_mix_66-96-126-153_H3_s2000.pth	3	2000	6	mixed	[(6, 6), (9, 6), (12, 6), (15, 3)]	True	True	True	True	geometric5	10148123	3	27	2026-07-30	23.024933405738892	11.218728447201691	0.14931967877527808	2.530682969835515	0.4384039929107537	0.30575321836163727	0.0
/vol/bitbucket/osella/rl-qecc-data/supervisedLearning/sweep2/g5_mix_66-96-126-153_H3_s3000.pth	3	3000	6	mixed	[(6, 6), (9, 6), (12, 6), (15, 3)]	True	True	True	True	geometric5	10148123	3	27	2026-07-30	16.809137758270918	11.218728447201691	0.132501892659643	3.4725848683134743	0.4121292116033319	0.2859346517713697	0.0
/vol/bitbucket/osella/rl-qecc-data/supervisedLearning/sweep2/g5_mix_66-96-126-153_H3_s3000.pth	3	3000	6	mixed	[(6, 6), (9, 6), (12, 6), (15, 3)]	True	True	True	True	geometric5	10148123	3	27	2026-07-30	16.809137758270918	11.218728447201691	0.132501892659643	3.4725848683134743	0.4121292116033319	0.2859346517713697	0.0
/vol/bitbucket/osella/rl-qecc-data/supervisedLearning/sweep2/g5_mix_66-96-126-153_H3_s4000.pth	3	4000	6	mixed	[(6, 6), (9, 6), (12, 6), (15, 3)]	True	True	True	True	geometric5	10148123	3	27	2026-07-30	19.05325093638115	11.218728447201691	0.15193145143327197	8.429953729944916	0.3957353853238703	0.2732535008387081	0.0
/vol/bitbucket/osella/rl-qecc-data/supervisedLearning/sweep2/g5_mix_66-96-126-153_H3_s4000.pth	3	4000	6	mixed	[(6, 6), (9, 6), (12, 6), (15, 3)]	True	True	True	True	geometric5	10148123	3	27	2026-07-30	19.05325093638115	11.218728447201691	0.15193145143327197	8.429953729944916	0.3957353853238703	0.2732535008387081	0.0
/vol/bitbucket/osella/rl-qecc-data/supervisedLearning/sweep2/g5_mix_66-96-126-153_H3_s466555.pth	3	466555	6	mixed	[(6, 6), (9, 6), (12, 6), (15, 3)]	True	True	True	True	geometric5	10148123	3	27	2026-07-30	18.176015595688437	11.218728447201691	0.15167853744774998	3.5782255045744993	0.3687899774259071	0.25654256998738445	0.0
/vol/bitbucket/osella/rl-qecc-data/supervisedLearning/sweep2/g5_mix_66-96-126-153_H3_s466555.pth	3	466555	6	mixed	[(6, 6), (9, 6), (12, 6), (15, 3)]	True	True	True	True	geometric5	10148123	3	27	2026-07-30	18.176015595688437	11.218728447201691	0.15167853744774998	3.5782255045744993	0.3687899774259071	0.25654256998738445	0.0
/vol/bitbucket/osella/rl-qecc-data/supervisedLearning/sweep2/g5_mix_66-96-126-153_H3_s5000.pth	3	5000	6	mixed	[(6, 6), (9, 6), (12, 6), (15, 3)]	True	True	True	True	geometric5	10148123	3	27	2026-07-30	18.703591857841054	11.218728447201691	0.17377527875162957	2.0421267433296126	0.317692839361098	0.21893881269994303	0.0
/vol/bitbucket/osella/rl-qecc-data/supervisedLearning/sweep2/g5_mix_66-96-126-153_H3_s5000.pth	3	5000	6	mixed	[(6, 6), (9, 6), (12, 6), (15, 3)]	True	True	True	True	geometric5	10148123	3	27	2026-07-30	18.703591857841054	11.218728447201691	0.17377527875162957	2.0421267433296126	0.317692839361098	0.21893881269994303	0.0
/vol/bitbucket/osella/rl-qecc-data/supervisedLearning/sweep2/g5_mix_66-96-126-153_H3_s54321.pth	3	54321	6	mixed	[(6, 6), (9, 6), (12, 6), (15, 3)]	True	True	True	True	geometric5	10148123	3	27	2026-07-30	16.54096032610198	11.218728447201691	0.12045468089048413	3.8119382096797847	0.35102698391639336	0.24360578057571597	0.0
/vol/bitbucket/osella/rl-qecc-data/supervisedLearning/sweep2/g5_mix_66-96-126-153_H3_s54321.pth	3	54321	6	mixed	[(6, 6), (9, 6), (12, 6), (15, 3)]	True	True	True	True	geometric5	10148123	3	27	2026-07-30	16.54096032610198	11.218728447201691	0.12045468089048413	3.8119382096797847	0.35102698391639336	0.24360578057571597	0.0
/vol/bitbucket/osella/rl-qecc-data/supervisedLearning/sweep2/g5_mix_66-96-126-153_H3_s6000.pth	3	6000	6	mixed	[(6, 6), (9, 6), (12, 6), (15, 3)]	True	True	True	True	geometric5	10148123	3	27	2026-07-30	16.332769985527314	11.218728447201691	0.080305536264904	11.393140215319114	0.18025994517885668	0.12216925431906431	0.0
/vol/bitbucket/osella/rl-qecc-data/supervisedLearning/sweep2/g5_mix_66-96-126-153_H3_s6000.pth	3	6000	6	mixed	[(6, 6), (9, 6), (12, 6), (15, 3)]	True	True	True	True	geometric5	10148123	3	27	2026-07-30	16.332769985527314	11.218728447201691	0.080305536264904	11.393140215319114	0.18025994517885668	0.12216925431906431	0.0
/vol/bitbucket/osella/rl-qecc-data/supervisedLearning/sweep2/g5_mix_66-96-126-153_H3_s7134066.pth	3	7134066	6	mixed	[(6, 6), (9, 6), (12, 6), (15, 3)]	True	True	True	True	geometric5	10148123	3	27	2026-07-30	15.568055680232808	11.218728447201691	0.0951107786407046	1.6863568843466379	0.44547193249824074	0.30895689769037227	0.0
/vol/bitbucket/osella/rl-qecc-data/supervisedLearning/sweep2/g5_mix_66-96-126-153_H3_s7134066.pth	3	7134066	6	mixed	[(6, 6), (9, 6), (12, 6), (15, 3)]	True	True	True	True	geometric5	10148123	3	27	2026-07-30	15.568055680232808	11.218728447201691	0.0951107786407046	1.6863568843466379	0.44547193249824074	0.30895689769037227	0.0
/vol/bitbucket/osella/rl-qecc-data/supervisedLearning/sweep2/g5_mix_66-96-126-153_H4_s1000.pth	4	1000	6	mixed	[(6, 6), (9, 6), (12, 6), (15, 3)]	True	True	True	True	geometric5	10148123	3	27	2026-07-30	17.381448465692635	11.218728447201691	0.13153835673182696	2.8110439752486047	0.24080904947096246	0.16513277465632042	0.0
/vol/bitbucket/osella/rl-qecc-data/supervisedLearning/sweep2/g5_mix_66-96-126-153_H4_s1000.pth	4	1000	6	mixed	[(6, 6), (9, 6), (12, 6), (15, 3)]	True	True	True	True	geometric5	10148123	3	27	2026-07-30	17.381448465692635	11.218728447201691	0.13153835673182696	2.8110439752486047	0.24080904947096246	0.16513277465632042	0.0
/vol/bitbucket/osella/rl-qecc-data/supervisedLearning/sweep2/g5_mix_66-96-126-153_H4_s12345.pth	4	12345	6	mixed	[(6, 6), (9, 6), (12, 6), (15, 3)]	True	True	True	True	geometric5	10148123	3	27	2026-07-30	21.79546373149516	11.218728447201691	0.18300427100654743	2.926803267470316	0.2878181523057127	0.1949110784679627	0.0
/vol/bitbucket/osella/rl-qecc-data/supervisedLearning/sweep2/g5_mix_66-96-126-153_H4_s12345.pth	4	12345	6	mixed	[(6, 6), (9, 6), (12, 6), (15, 3)]	True	True	True	True	geometric5	10148123	3	27	2026-07-30	21.79546373149516	11.218728447201691	0.18300427100654743	2.926803267470316	0.2878181523057127	0.1949110784679627	0.0
/vol/bitbucket/osella/rl-qecc-data/supervisedLearning/sweep2/g5_mix_66-96-126-153_H4_s2000.pth	4	2000	6	mixed	[(6, 6), (9, 6), (12, 6), (15, 3)]	True	True	True	True	geometric5	10148123	3	27	2026-07-30	27.00690665150425	11.218728447201691	0.19352518815106318	2.383001492067099	0.41313615651613916	0.2842396558550808	0.0
/vol/bitbucket/osella/rl-qecc-data/supervisedLearning/sweep2/g5_mix_66-96-126-153_H4_s2000.pth	4	2000	6	mixed	[(6, 6), (9, 6), (12, 6), (15, 3)]	True	True	True	True	geometric5	10148123	3	27	2026-07-30	27.00690665150425	11.218728447201691	0.19352518815106318	2.383001492067099	0.41313615651613916	0.2842396558550808	0.0
/vol/bitbucket/osella/rl-qecc-data/supervisedLearning/sweep2/g5_mix_66-96-126-153_H4_s3000.pth	4	3000	6	mixed	[(6, 6), (9, 6), (12, 6), (15, 3)]	True	True	True	True	geometric5	10148123	3	27	2026-07-30	18.030737414798597	11.218728447201691	0.1266910969155354	8.79915655807953	0.3363445821871939	0.23137666853988534	0.0
/vol/bitbucket/osella/rl-qecc-data/supervisedLearning/sweep2/g5_mix_66-96-126-153_H4_s3000.pth	4	3000	6	mixed	[(6, 6), (9, 6), (12, 6), (15, 3)]	True	True	True	True	geometric5	10148123	3	27	2026-07-30	18.030737414798597	11.218728447201691	0.1266910969155354	8.79915655807953	0.3363445821871939	0.23137666853988534	0.0
/vol/bitbucket/osella/rl-qecc-data/supervisedLearning/sweep2/g5_mix_66-96-126-153_H4_s4000.pth	4	4000	6	mixed	[(6, 6), (9, 6), (12, 6), (15, 3)]	True	True	True	True	geometric5	10148123	3	27	2026-07-30	17.760243651222012	11.218728447201691	0.1319053356568011	4.921412247104346	0.318461024379979	0.21820511922019856	0.0
/vol/bitbucket/osella/rl-qecc-data/supervisedLearning/sweep2/g5_mix_66-96-126-153_H4_s4000.pth	4	4000	6	mixed	[(6, 6), (9, 6), (12, 6), (15, 3)]	True	True	True	True	geometric5	10148123	3	27	2026-07-30	17.760243651222012	11.218728447201691	0.1319053356568011	4.921412247104346	0.318461024379979	0.21820511922019856	0.0
/vol/bitbucket/osella/rl-qecc-data/supervisedLearning/sweep2/g5_mix_66-96-126-153_H4_s466555.pth	4	466555	6	mixed	[(6, 6), (9, 6), (12, 6), (15, 3)]	True	True	True	True	geometric5	10148123	3	27	2026-07-30	16.120244103315017	11.218728447201691	0.04681479184096226	5.442526772040018	0.13181548241444244	0.09166053712394594	0.0
/vol/bitbucket/osella/rl-qecc-data/supervisedLearning/sweep2/g5_mix_66-96-126-153_H4_s466555.pth	4	466555	6	mixed	[(6, 6), (9, 6), (12, 6), (15, 3)]	True	True	True	True	geometric5	10148123	3	27	2026-07-30	16.120244103315017	11.218728447201691	0.04681479184096226	5.442526772040018	0.13181548241444244	0.09166053712394594	0.0
/vol/bitbucket/osella/rl-qecc-data/supervisedLearning/sweep2/g5_mix_66-96-126-153_H4_s5000.pth	4	5000	6	mixed	[(6, 6), (9, 6), (12, 6), (15, 3)]	True	True	True	True	geometric5	10148123	3	27	2026-07-30	19.123330741870312	11.218728447201691	0.15806658498360177	6.675220399442729	0.34901518634177503	0.2422029709149632	0.0
/vol/bitbucket/osella/rl-qecc-data/supervisedLearning/sweep2/g5_mix_66-96-126-153_H4_s5000.pth	4	5000	6	mixed	[(6, 6), (9, 6), (12, 6), (15, 3)]	True	True	True	True	geometric5	10148123	3	27	2026-07-30	19.123330741870312	11.218728447201691	0.15806658498360177	6.675220399442729	0.34901518634177503	0.2422029709149632	0.0
/vol/bitbucket/osella/rl-qecc-data/supervisedLearning/sweep2/g5_mix_66-96-126-153_H4_s54321.pth	4	54321	6	mixed	[(6, 6), (9, 6), (12, 6), (15, 3)]	True	True	True	True	geometric5	10148123	3	27	2026-07-30	15.515619684315576	11.218728447201691	0.049465978240389175	13.931853928277446	0.18584033997806307	0.12304403429225166	0.0
/vol/bitbucket/osella/rl-qecc-data/supervisedLearning/sweep2/g5_mix_66-96-126-153_H4_s54321.pth	4	54321	6	mixed	[(6, 6), (9, 6), (12, 6), (15, 3)]	True	True	True	True	geometric5	10148123	3	27	2026-07-30	15.515619684315576	11.218728447201691	0.049465978240389175	13.931853928277446	0.18584033997806307	0.12304403429225166	0.0
/vol/bitbucket/osella/rl-qecc-data/supervisedLearning/sweep2/g5_mix_66-96-126-153_H4_s6000.pth	4	6000	6	mixed	[(6, 6), (9, 6), (12, 6), (15, 3)]	True	True	True	True	geometric5	10148123	3	27	2026-07-30	21.109278403153247	11.218728447201691	0.15129617435650566	5.702888038751624	0.2822283982889824	0.19127620955017996	0.0
/vol/bitbucket/osella/rl-qecc-data/supervisedLearning/sweep2/g5_mix_66-96-126-153_H4_s6000.pth	4	6000	6	mixed	[(6, 6), (9, 6), (12, 6), (15, 3)]	True	True	True	True	geometric5	10148123	3	27	2026-07-30	21.109278403153247	11.218728447201691	0.15129617435650566	5.702888038751624	0.2822283982889824	0.19127620955017996	0.0
/vol/bitbucket/osella/rl-qecc-data/supervisedLearning/sweep2/g5_mix_66-96-126-153_H4_s7134066.pth	4	7134066	6	mixed	[(6, 6), (9, 6), (12, 6), (15, 3)]	True	True	True	True	geometric5	10148123	3	27	2026-07-30	18.974987902114133	11.218728447201691	0.16986311745888705	2.324911575044533	0.33089447000028105	0.23085057114080235	0.0
/vol/bitbucket/osella/rl-qecc-data/supervisedLearning/sweep2/g5_mix_66-96-126-153_H4_s7134066.pth	4	7134066	6	mixed	[(6, 6), (9, 6), (12, 6), (15, 3)]	True	True	True	True	geometric5	10148123	3	27	2026-07-30	18.974987902114133	11.218728447201691	0.16986311745888705	2.324911575044533	0.33089447000028105	0.23085057114080235	0.0
/vol/bitbucket/osella/rl-qecc-data/supervisedLearning/sweep2/g5_mix_66-96-126-153_H6_s1000.pth	6	1000	6	mixed	[(6, 6), (9, 6), (12, 6), (15, 3)]	True	True	True	True	geometric5	10148123	3	27	2026-07-31	36.79733554168349	11.218728447201691	0.08329833963769409	2.775667856868458	0.19822204955775827	0.13260246138565282	0.0
/vol/bitbucket/osella/rl-qecc-data/supervisedLearning/sweep2/g5_mix_66-96-126-153_H6_s1000.pth	6	1000	6	mixed	[(6, 6), (9, 6), (12, 6), (15, 3)]	True	True	True	True	geometric5	10148123	3	27	2026-07-31	36.79733554168349	11.218728447201691	0.08329833963769409	2.775667856868458	0.19822204955775827	0.13260246138565282	0.0
/vol/bitbucket/osella/rl-qecc-data/supervisedLearning/sweep2/g5_mix_66-96-126-153_H6_s12345.pth	6	12345	6	mixed	[(6, 6), (9, 6), (12, 6), (15, 3)]	True	True	True	True	geometric5	10148123	3	27	2026-07-31	18.325063810208704	11.218728447201691	0.0925432508003411	2.2754866354038636	0.305641437940619	0.20825453319571693	0.0
/vol/bitbucket/osella/rl-qecc-data/supervisedLearning/sweep2/g5_mix_66-96-126-153_H6_s12345.pth	6	12345	6	mixed	[(6, 6), (9, 6), (12, 6), (15, 3)]	True	True	True	True	geometric5	10148123	3	27	2026-07-31	18.325063810208704	11.218728447201691	0.0925432508003411	2.2754866354038636	0.305641437940619	0.20825453319571693	0.0
/vol/bitbucket/osella/rl-qecc-data/supervisedLearning/sweep2/g5_mix_66-96-126-153_H6_s2000.pth	6	2000	6	mixed	[(6, 6), (9, 6), (12, 6), (15, 3)]	True	True	True	True	geometric5	10148123	3	27	2026-07-31	21.079860635727314	11.218728447201691	0.1346293810766131	2.4401924014251777	0.4191370695494223	0.29330807368594813	0.0
/vol/bitbucket/osella/rl-qecc-data/supervisedLearning/sweep2/g5_mix_66-96-126-153_H6_s2000.pth	6	2000	6	mixed	[(6, 6), (9, 6), (12, 6), (15, 3)]	True	True	True	True	geometric5	10148123	3	27	2026-07-31	21.079860635727314	11.218728447201691	0.1346293810766131	2.4401924014251777	0.4191370695494223	0.29330807368594813	0.0
/vol/bitbucket/osella/rl-qecc-data/supervisedLearning/sweep2/g5_mix_66-96-126-153_H6_s3000.pth	6	3000	6	mixed	[(6, 6), (9, 6), (12, 6), (15, 3)]	True	True	True	True	geometric5	10148123	3	27	2026-07-31	17.51400512718974	11.218728447201691	0.0907830149399156	15.211177199270843	0.3184612082908374	0.21843934495978232	0.0
/vol/bitbucket/osella/rl-qecc-data/supervisedLearning/sweep2/g5_mix_66-96-126-153_H6_s3000.pth	6	3000	6	mixed	[(6, 6), (9, 6), (12, 6), (15, 3)]	True	True	True	True	geometric5	10148123	3	27	2026-07-31	17.51400512718974	11.218728447201691	0.0907830149399156	15.211177199270843	0.3184612082908374	0.21843934495978232	0.0
/vol/bitbucket/osella/rl-qecc-data/supervisedLearning/sweep2/g5_mix_66-96-126-153_H6_s4000.pth	6	4000	6	mixed	[(6, 6), (9, 6), (12, 6), (15, 3)]	True	True	True	True	geometric5	10148123	3	27	2026-07-31	16.060111475837285	11.218728447201691	0.05233997488404987	2.988452947028051	0.34954589727684354	0.23916382774055864	0.0
/vol/bitbucket/osella/rl-qecc-data/supervisedLearning/sweep2/g5_mix_66-96-126-153_H6_s4000.pth	6	4000	6	mixed	[(6, 6), (9, 6), (12, 6), (15, 3)]	True	True	True	True	geometric5	10148123	3	27	2026-07-31	16.060111475837285	11.218728447201691	0.05233997488404987	2.988452947028051	0.34954589727684354	0.23916382774055864	0.0
/vol/bitbucket/osella/rl-qecc-data/supervisedLearning/sweep2/g5_mix_66-96-126-153_H6_s466555.pth	6	466555	6	mixed	[(6, 6), (9, 6), (12, 6), (15, 3)]	True	True	True	True	geometric5	10148123	3	27	2026-07-31	19.726435932390352	11.218728447201691	0.11052677043101126	12.009816143763981	0.4580794305556928	0.31623366951229104	0.0
/vol/bitbucket/osella/rl-qecc-data/supervisedLearning/sweep2/g5_mix_66-96-126-153_H6_s466555.pth	6	466555	6	mixed	[(6, 6), (9, 6), (12, 6), (15, 3)]	True	True	True	True	geometric5	10148123	3	27	2026-07-31	19.726435932390352	11.218728447201691	0.11052677043101126	12.009816143763981	0.4580794305556928	0.31623366951229104	0.0
/vol/bitbucket/osella/rl-qecc-data/supervisedLearning/sweep2/g5_mix_66-96-126-153_H6_s5000.pth	6	5000	6	mixed	[(6, 6), (9, 6), (12, 6), (15, 3)]	True	True	True	True	geometric5	10148123	3	27	2026-07-31	23.709133999446255	11.218728447201691	0.22233407705599817	4.075023321217733	0.4852023299033702	0.33772201428860077	0.0
/vol/bitbucket/osella/rl-qecc-data/supervisedLearning/sweep2/g5_mix_66-96-126-153_H6_s5000.pth	6	5000	6	mixed	[(6, 6), (9, 6), (12, 6), (15, 3)]	True	True	True	True	geometric5	10148123	3	27	2026-07-31	23.709133999446255	11.218728447201691	0.22233407705599817	4.075023321217733	0.4852023299033702	0.33772201428860077	0.0
/vol/bitbucket/osella/rl-qecc-data/supervisedLearning/sweep2/g5_mix_66-96-126-153_H6_s54321.pth	6	54321	6	mixed	[(6, 6), (9, 6), (12, 6), (15, 3)]	True	True	True	True	geometric5	10148123	3	27	2026-07-31	24.480852342571765	11.218728447201691	0.14723843458840838	2.434652233858155	0.4206106595691102	0.29242216555562855	0.0
/vol/bitbucket/osella/rl-qecc-data/supervisedLearning/sweep2/g5_mix_66-96-126-153_H6_s54321.pth	6	54321	6	mixed	[(6, 6), (9, 6), (12, 6), (15, 3)]	True	True	True	True	geometric5	10148123	3	27	2026-07-31	24.480852342571765	11.218728447201691	0.14723843458840838	2.434652233858155	0.4206106595691102	0.29242216555562855	0.0
/vol/bitbucket/osella/rl-qecc-data/supervisedLearning/sweep2/g5_mix_66-96-126-153_H6_s6000.pth	6	6000	6	mixed	[(6, 6), (9, 6), (12, 6), (15, 3)]	True	True	True	True	geometric5	10148123	3	27	2026-07-31	22.888410619227574	11.218728447201691	0.19127092125956047	3.021900835225817	0.3858574500363003	0.26766922424959083	0.0
/vol/bitbucket/osella/rl-qecc-data/supervisedLearning/sweep2/g5_mix_66-96-126-153_H6_s6000.pth	6	6000	6	mixed	[(6, 6), (9, 6), (12, 6), (15, 3)]	True	True	True	True	geometric5	10148123	3	27	2026-07-31	22.888410619227574	11.218728447201691	0.19127092125956047	3.021900835225817	0.3858574500363003	0.26766922424959083	0.0
/vol/bitbucket/osella/rl-qecc-data/supervisedLearning/sweep2/g5_mix_66-96-126-153_H6_s7134066.pth	6	7134066	6	mixed	[(6, 6), (9, 6), (12, 6), (15, 3)]	True	True	True	True	geometric5	10148123	3	27	2026-07-31	25.48512552740089	11.218728447201691	0.22281036033176	2.1200766044540593	0.43235412582564287	0.2972193962938142	0.0
/vol/bitbucket/osella/rl-qecc-data/supervisedLearning/sweep2/g5_mix_66-96-126-153_H6_s7134066.pth	6	7134066	6	mixed	[(6, 6), (9, 6), (12, 6), (15, 3)]	True	True	True	True	geometric5	10148123	3	27	2026-07-31	25.48512552740089	11.218728447201691	0.22281036033176	2.1200766044540593	0.43235412582564287	0.2972193962938142	0.0
/vol/bitbucket/osella/rl-qecc-data/supervisedLearning/sweep2/g5_mix_66-96-126-153_H7_s1000.pth	7	1000	6	mixed	[(6, 6), (9, 6), (12, 6), (15, 3)]	True	True	True	True	geometric5	10148123	3	27	2026-07-31	16.70338074748583	11.218728447201691	0.06920269400799926	6.209659103637327	0.33465980892510555	0.23302566405232125	0.0
/vol/bitbucket/osella/rl-qecc-data/supervisedLearning/sweep2/g5_mix_66-96-126-153_H7_s1000.pth	7	1000	6	mixed	[(6, 6), (9, 6), (12, 6), (15, 3)]	True	True	True	True	geometric5	10148123	3	27	2026-07-31	16.70338074748583	11.218728447201691	0.06920269400799926	6.209659103637327	0.33465980892510555	0.23302566405232125	0.0
/vol/bitbucket/osella/rl-qecc-data/supervisedLearning/sweep2/g5_mix_66-96-126-153_H7_s12345.pth	7	12345	6	mixed	[(6, 6), (9, 6), (12, 6), (15, 3)]	True	True	True	True	geometric5	10148123	3	27	2026-07-31	15.250212994380405	11.218728447201691	0.04965132599109397	8.947359920328113	0.4168992984685263	0.2885973734674758	0.0
/vol/bitbucket/osella/rl-qecc-data/supervisedLearning/sweep2/g5_mix_66-96-126-153_H7_s12345.pth	7	12345	6	mixed	[(6, 6), (9, 6), (12, 6), (15, 3)]	True	True	True	True	geometric5	10148123	3	27	2026-07-31	15.250212994380405	11.218728447201691	0.04965132599109397	8.947359920328113	0.4168992984685263	0.2885973734674758	0.0
/vol/bitbucket/osella/rl-qecc-data/supervisedLearning/sweep2/g5_mix_66-96-126-153_H7_s2000.pth	7	2000	6	mixed	[(6, 6), (9, 6), (12, 6), (15, 3)]	True	True	True	True	geometric5	10148123	3	27	2026-07-31	16.96153848488291	11.218728447201691	0.09092876157231575	6.0448616477535735	0.38580374517536775	0.2669228281576143	0.0
/vol/bitbucket/osella/rl-qecc-data/supervisedLearning/sweep2/g5_mix_66-96-126-153_H7_s2000.pth	7	2000	6	mixed	[(6, 6), (9, 6), (12, 6), (15, 3)]	True	True	True	True	geometric5	10148123	3	27	2026-07-31	16.96153848488291	11.218728447201691	0.09092876157231575	6.0448616477535735	0.38580374517536775	0.2669228281576143	0.0
/vol/bitbucket/osella/rl-qecc-data/supervisedLearning/sweep2/g5_mix_66-96-126-153_H7_s3000.pth	7	3000	6	mixed	[(6, 6), (9, 6), (12, 6), (15, 3)]	True	True	True	True	geometric5	10148123	3	27	2026-07-31	16.553342297603397	11.218728447201691	0.12202244072259653	5.361946025769035	0.4158789515317513	0.28989186534176115	0.0
/vol/bitbucket/osella/rl-qecc-data/supervisedLearning/sweep2/g5_mix_66-96-126-153_H7_s3000.pth	7	3000	6	mixed	[(6, 6), (9, 6), (12, 6), (15, 3)]	True	True	True	True	geometric5	10148123	3	27	2026-07-31	16.553342297603397	11.218728447201691	0.12202244072259653	5.361946025769035	0.4158789515317513	0.28989186534176115	0.0
/vol/bitbucket/osella/rl-qecc-data/supervisedLearning/sweep2/g5_mix_66-96-126-153_H7_s4000.pth	7	4000	6	mixed	[(6, 6), (9, 6), (12, 6), (15, 3)]	True	True	True	True	geometric5	10148123	3	27	2026-07-31	29.00788356508258	11.218728447201691	0.08640371540628242	19.0095010755397	0.2940252467897221	0.2005115283735305	0.0
/vol/bitbucket/osella/rl-qecc-data/supervisedLearning/sweep2/g5_mix_66-96-126-153_H7_s4000.pth	7	4000	6	mixed	[(6, 6), (9, 6), (12, 6), (15, 3)]	True	True	True	True	geometric5	10148123	3	27	2026-07-31	29.00788356508258	11.218728447201691	0.08640371540628242	19.0095010755397	0.2940252467897221	0.2005115283735305	0.0
/vol/bitbucket/osella/rl-qecc-data/supervisedLearning/sweep2/g5_mix_66-96-126-153_H7_s466555.pth	7	466555	6	mixed	[(6, 6), (9, 6), (12, 6), (15, 3)]	True	True	True	True	geometric5	10148123	3	27	2026-07-31	14.209685491944596	11.218728447201691	0.05669922675941446	1.7169910876491339	0.4616061425601508	0.3220062686795663	0.02
/vol/bitbucket/osella/rl-qecc-data/supervisedLearning/sweep2/g5_mix_66-96-126-153_H7_s466555.pth	7	466555	6	mixed	[(6, 6), (9, 6), (12, 6), (15, 3)]	True	True	True	True	geometric5	10148123	3	27	2026-07-31	14.209685491944596	11.218728447201691	0.05669922675941446	1.7169910876491339	0.4616061425601508	0.3220062686795663	0.02
/vol/bitbucket/osella/rl-qecc-data/supervisedLearning/sweep2/g5_mix_66-96-126-153_H7_s5000.pth	7	5000	6	mixed	[(6, 6), (9, 6), (12, 6), (15, 3)]	True	True	True	True	geometric5	10148123	3	27	2026-07-31	20.8661572554866	11.218728447201691	0.11791603681609289	2.3313602175982933	0.3953937890613163	0.27023111292375696	0.0
/vol/bitbucket/osella/rl-qecc-data/supervisedLearning/sweep2/g5_mix_66-96-126-153_H7_s5000.pth	7	5000	6	mixed	[(6, 6), (9, 6), (12, 6), (15, 3)]	True	True	True	True	geometric5	10148123	3	27	2026-07-31	20.8661572554866	11.218728447201691	0.11791603681609289	2.3313602175982933	0.3953937890613163	0.27023111292375696	0.0
/vol/bitbucket/osella/rl-qecc-data/supervisedLearning/sweep2/g5_mix_66-96-126-153_H7_s54321.pth	7	54321	6	mixed	[(6, 6), (9, 6), (12, 6), (15, 3)]	True	True	True	True	geometric5	10148123	3	27	2026-07-31	20.493635709076823	11.218728447201691	0.1631293130933194	5.363758404360222	0.34612289351398456	0.24055945898857892	0.0
/vol/bitbucket/osella/rl-qecc-data/supervisedLearning/sweep2/g5_mix_66-96-126-153_H7_s54321.pth	7	54321	6	mixed	[(6, 6), (9, 6), (12, 6), (15, 3)]	True	True	True	True	geometric5	10148123	3	27	2026-07-31	20.493635709076823	11.218728447201691	0.1631293130933194	5.363758404360222	0.34612289351398456	0.24055945898857892	0.0
/vol/bitbucket/osella/rl-qecc-data/supervisedLearning/sweep2/g5_mix_66-96-126-153_H7_s6000.pth	7	6000	6	mixed	[(6, 6), (9, 6), (12, 6), (15, 3)]	True	True	True	True	geometric5	10148123	3	27	2026-07-31	16.613037457249238	11.218728447201691	0.10795673006134712	5.747623011907478	0.26765975840015926	0.18286574341671333	0.0
/vol/bitbucket/osella/rl-qecc-data/supervisedLearning/sweep2/g5_mix_66-96-126-153_H7_s6000.pth	7	6000	6	mixed	[(6, 6), (9, 6), (12, 6), (15, 3)]	True	True	True	True	geometric5	10148123	3	27	2026-07-31	16.613037457249238	11.218728447201691	0.10795673006134712	5.747623011907478	0.26765975840015926	0.18286574341671333	0.0
/vol/bitbucket/osella/rl-qecc-data/supervisedLearning/sweep2/g5_mix_66-96-126-153_H7_s7134066.pth	7	7134066	6	mixed	[(6, 6), (9, 6), (12, 6), (15, 3)]	True	True	True	True	geometric5	10148123	3	27	2026-07-31	18.08987601380696	11.218728447201691	0.06508009188897869	17.744598007962264	0.22030417390509702	0.15073391194498217	0.02
/vol/bitbucket/osella/rl-qecc-data/supervisedLearning/sweep2/g5_mix_66-96-126-153_H7_s7134066.pth	7	7134066	6	mixed	[(6, 6), (9, 6), (12, 6), (15, 3)]	True	True	True	True	geometric5	10148123	3	27	2026-07-31	18.08987601380696	11.218728447201691	0.06508009188897869	17.744598007962264	0.22030417390509702	0.15073391194498217	0.02
/vol/bitbucket/osella/rl-qecc-data/supervisedLearning/sweep2/g5_mix_66-96-126_H10_s1000.pth	10	1000	8	mixed	[(6, 6), (9, 6), (12, 6)]	True	True	True	False	geometric5	10148123	3	27	2026-07-31	21.186123413180002	11.218728447201691	0.218227139600703	2.0850931916291837	0.433211745819834	0.3010748472115449	0.0
/vol/bitbucket/osella/rl-qecc-data/supervisedLearning/sweep2/g5_mix_66-96-126_H10_s1000.pth	10	1000	8	mixed	[(6, 6), (9, 6), (12, 6)]	True	True	True	False	geometric5	10148123	3	27	2026-07-31	21.186123413180002	11.218728447201691	0.218227139600703	2.0850931916291837	0.433211745819834	0.3010748472115449	0.0
/vol/bitbucket/osella/rl-qecc-data/supervisedLearning/sweep2/g5_mix_66-96-126_H10_s12345.pth	10	12345	8	mixed	[(6, 6), (9, 6), (12, 6)]	True	True	True	False	geometric5	10148123	3	27	2026-07-31	29.284650732886888	11.218728447201691	0.3135918685327237	1.731084384158467	0.32387957967685826	0.22306833204003804	0.0
/vol/bitbucket/osella/rl-qecc-data/supervisedLearning/sweep2/g5_mix_66-96-126_H10_s12345.pth	10	12345	8	mixed	[(6, 6), (9, 6), (12, 6)]	True	True	True	False	geometric5	10148123	3	27	2026-07-31	29.284650732886888	11.218728447201691	0.3135918685327237	1.731084384158467	0.32387957967685826	0.22306833204003804	0.0
/vol/bitbucket/osella/rl-qecc-data/supervisedLearning/sweep2/g5_mix_66-96-126_H10_s2000.pth	10	2000	8	mixed	[(6, 6), (9, 6), (12, 6)]	True	True	True	False	geometric5	10148123	3	27	2026-07-31	16.94437452803435	11.218728447201691	0.14234204426637614	1.619066064991244	0.38929996590894667	0.2684955218869055	0.0
/vol/bitbucket/osella/rl-qecc-data/supervisedLearning/sweep2/g5_mix_66-96-126_H10_s2000.pth	10	2000	8	mixed	[(6, 6), (9, 6), (12, 6)]	True	True	True	False	geometric5	10148123	3	27	2026-07-31	16.94437452803435	11.218728447201691	0.14234204426637614	1.619066064991244	0.38929996590894667	0.2684955218869055	0.0
/vol/bitbucket/osella/rl-qecc-data/supervisedLearning/sweep2/g5_mix_66-96-126_H10_s3000.pth	10	3000	8	mixed	[(6, 6), (9, 6), (12, 6)]	True	True	True	False	geometric5	10148123	3	27	2026-07-31	25.855391309895882	11.218728447201691	0.2338037577856138	2.6452335224277146	0.3061900074549309	0.20866841416178633	0.0
/vol/bitbucket/osella/rl-qecc-data/supervisedLearning/sweep2/g5_mix_66-96-126_H10_s3000.pth	10	3000	8	mixed	[(6, 6), (9, 6), (12, 6)]	True	True	True	False	geometric5	10148123	3	27	2026-07-31	25.855391309895882	11.218728447201691	0.2338037577856138	2.6452335224277146	0.3061900074549309	0.20866841416178633	0.0
/vol/bitbucket/osella/rl-qecc-data/supervisedLearning/sweep2/g5_mix_66-96-126_H10_s4000.pth	10	4000	8	mixed	[(6, 6), (9, 6), (12, 6)]	True	True	True	False	geometric5	10148123	3	27	2026-07-31	25.21933989069474	11.218728447201691	0.25231301609051754	1.599131015175058	0.31579752450807935	0.21505404751769494	0.0
/vol/bitbucket/osella/rl-qecc-data/supervisedLearning/sweep2/g5_mix_66-96-126_H10_s4000.pth	10	4000	8	mixed	[(6, 6), (9, 6), (12, 6)]	True	True	True	False	geometric5	10148123	3	27	2026-07-31	25.21933989069474	11.218728447201691	0.25231301609051754	1.599131015175058	0.31579752450807935	0.21505404751769494	0.0
/vol/bitbucket/osella/rl-qecc-data/supervisedLearning/sweep2/g5_mix_66-96-126_H10_s466555.pth	10	466555	8	mixed	[(6, 6), (9, 6), (12, 6)]	True	True	True	False	geometric5	10148123	3	27	2026-07-31	21.52693660629605	11.218728447201691	0.19966414058901796	3.0939389007378204	0.42790514272319957	0.2950486161294587	0.0
/vol/bitbucket/osella/rl-qecc-data/supervisedLearning/sweep2/g5_mix_66-96-126_H10_s466555.pth	10	466555	8	mixed	[(6, 6), (9, 6), (12, 6)]	True	True	True	False	geometric5	10148123	3	27	2026-07-31	21.52693660629605	11.218728447201691	0.19966414058901796	3.0939389007378204	0.42790514272319957	0.2950486161294587	0.0
/vol/bitbucket/osella/rl-qecc-data/supervisedLearning/sweep2/g5_mix_66-96-126_H10_s5000.pth	10	5000	8	mixed	[(6, 6), (9, 6), (12, 6)]	True	True	True	False	geometric5	10148123	3	27	2026-07-31	22.38141301636376	11.218728447201691	0.18670236766772122	2.6964252449587662	0.45032340020466166	0.3119973769783308	0.0
/vol/bitbucket/osella/rl-qecc-data/supervisedLearning/sweep2/g5_mix_66-96-126_H10_s5000.pth	10	5000	8	mixed	[(6, 6), (9, 6), (12, 6)]	True	True	True	False	geometric5	10148123	3	27	2026-07-31	22.38141301636376	11.218728447201691	0.18670236766772122	2.6964252449587662	0.45032340020466166	0.3119973769783308	0.0
/vol/bitbucket/osella/rl-qecc-data/supervisedLearning/sweep2/g5_mix_66-96-126_H10_s54321.pth	10	54321	8	mixed	[(6, 6), (9, 6), (12, 6)]	True	True	True	False	geometric5	10148123	3	27	2026-07-31	25.45862510012281	11.218728447201691	0.2701776974394109	1.5139470403890052	0.44641695821240407	0.30982941521481056	0.0
/vol/bitbucket/osella/rl-qecc-data/supervisedLearning/sweep2/g5_mix_66-96-126_H10_s54321.pth	10	54321	8	mixed	[(6, 6), (9, 6), (12, 6)]	True	True	True	False	geometric5	10148123	3	27	2026-07-31	25.45862510012281	11.218728447201691	0.2701776974394109	1.5139470403890052	0.44641695821240407	0.30982941521481056	0.0
/vol/bitbucket/osella/rl-qecc-data/supervisedLearning/sweep2/g5_mix_66-96-126_H10_s6000.pth	10	6000	8	mixed	[(6, 6), (9, 6), (12, 6)]	True	True	True	False	geometric5	10148123	3	27	2026-07-31	22.47295211517184	11.218728447201691	0.18952388094616515	2.461598309511075	0.4152563498867378	0.2868330752271833	0.0
/vol/bitbucket/osella/rl-qecc-data/supervisedLearning/sweep2/g5_mix_66-96-126_H10_s6000.pth	10	6000	8	mixed	[(6, 6), (9, 6), (12, 6)]	True	True	True	False	geometric5	10148123	3	27	2026-07-31	22.47295211517184	11.218728447201691	0.18952388094616515	2.461598309511075	0.4152563498867378	0.2868330752271833	0.0
/vol/bitbucket/osella/rl-qecc-data/supervisedLearning/sweep2/g5_mix_66-96-126_H10_s7134066.pth	10	7134066	8	mixed	[(6, 6), (9, 6), (12, 6)]	True	True	True	False	geometric5	10148123	3	27	2026-07-31	22.970957493671534	11.218728447201691	0.21332423848076412	3.3198059369210418	0.35759363673451194	0.24794029014738606	0.0
/vol/bitbucket/osella/rl-qecc-data/supervisedLearning/sweep2/g5_mix_66-96-126_H10_s7134066.pth	10	7134066	8	mixed	[(6, 6), (9, 6), (12, 6)]	True	True	True	False	geometric5	10148123	3	27	2026-07-31	22.970957493671534	11.218728447201691	0.21332423848076412	3.3198059369210418	0.35759363673451194	0.24794029014738606	0.0
/vol/bitbucket/osella/rl-qecc-data/supervisedLearning/sweep2/g5_mix_66-96-126_H3_s1000.pth	3	1000	8	mixed	[(6, 6), (9, 6), (12, 6)]	True	True	True	False	geometric5	10148123	3	27	2026-07-31	17.093395788017286	11.218728447201691	0.1363277281657127	2.699501303261736	0.2667221317934446	0.1820347052986978	0.0
/vol/bitbucket/osella/rl-qecc-data/supervisedLearning/sweep2/g5_mix_66-96-126_H3_s1000.pth	3	1000	8	mixed	[(6, 6), (9, 6), (12, 6)]	True	True	True	False	geometric5	10148123	3	27	2026-07-31	17.093395788017286	11.218728447201691	0.1363277281657127	2.699501303261736	0.2667221317934446	0.1820347052986978	0.0
/vol/bitbucket/osella/rl-qecc-data/supervisedLearning/sweep2/g5_mix_66-96-126_H3_s12345.pth	3	12345	8	mixed	[(6, 6), (9, 6), (12, 6)]	True	True	True	False	geometric5	10148123	3	27	2026-07-31	16.453826336909284	11.218728447201691	0.09825644358974754	2.3244904790923857	0.2546865469425531	0.17464603559307004	0.0
/vol/bitbucket/osella/rl-qecc-data/supervisedLearning/sweep2/g5_mix_66-96-126_H3_s12345.pth	3	12345	8	mixed	[(6, 6), (9, 6), (12, 6)]	True	True	True	False	geometric5	10148123	3	27	2026-07-31	16.453826336909284	11.218728447201691	0.09825644358974754	2.3244904790923857	0.2546865469425531	0.17464603559307004	0.0
/vol/bitbucket/osella/rl-qecc-data/supervisedLearning/sweep2/g5_mix_66-96-126_H3_s2000.pth	3	2000	8	mixed	[(6, 6), (9, 6), (12, 6)]	True	True	True	False	geometric5	10148123	3	27	2026-07-31	16.762340613696846	11.218728447201691	0.07389461918855166	12.071474494329573	0.49359442453872954	0.3462838810958702	0.0
/vol/bitbucket/osella/rl-qecc-data/supervisedLearning/sweep2/g5_mix_66-96-126_H3_s2000.pth	3	2000	8	mixed	[(6, 6), (9, 6), (12, 6)]	True	True	True	False	geometric5	10148123	3	27	2026-07-31	16.762340613696846	11.218728447201691	0.07389461918855166	12.071474494329573	0.49359442453872954	0.3462838810958702	0.0
/vol/bitbucket/osella/rl-qecc-data/supervisedLearning/sweep2/g5_mix_66-96-126_H3_s3000.pth	3	3000	8	mixed	[(6, 6), (9, 6), (12, 6)]	True	True	True	False	geometric5	10148123	3	27	2026-07-31	25.610779023304072	11.218728447201691	0.27599956378082013	3.007261476893816	0.4520629821677098	0.3153903608378189	0.0
/vol/bitbucket/osella/rl-qecc-data/supervisedLearning/sweep2/g5_mix_66-96-126_H3_s3000.pth	3	3000	8	mixed	[(6, 6), (9, 6), (12, 6)]	True	True	True	False	geometric5	10148123	3	27	2026-07-31	25.610779023304072	11.218728447201691	0.27599956378082013	3.007261476893816	0.4520629821677098	0.3153903608378189	0.0
/vol/bitbucket/osella/rl-qecc-data/supervisedLearning/sweep2/g5_mix_66-96-126_H3_s4000.pth	3	4000	8	mixed	[(6, 6), (9, 6), (12, 6)]	True	True	True	False	geometric5	10148123	3	27	2026-07-31	29.95053709096442	11.218728447201691	0.2660683333201082	4.6102380722892615	0.30991557390708696	0.21307550275963968	0.0
/vol/bitbucket/osella/rl-qecc-data/supervisedLearning/sweep2/g5_mix_66-96-126_H3_s4000.pth	3	4000	8	mixed	[(6, 6), (9, 6), (12, 6)]	True	True	True	False	geometric5	10148123	3	27	2026-07-31	29.95053709096442	11.218728447201691	0.2660683333201082	4.6102380722892615	0.30991557390708696	0.21307550275963968	0.0
/vol/bitbucket/osella/rl-qecc-data/supervisedLearning/sweep2/g5_mix_66-96-126_H3_s466555.pth	3	466555	8	mixed	[(6, 6), (9, 6), (12, 6)]	True	True	True	False	geometric5	10148123	3	27	2026-07-31	16.069132644636113	11.218728447201691	0.04649689990109891	6.278640585653306	0.3289093880705265	0.224284137121442	0.0
/vol/bitbucket/osella/rl-qecc-data/supervisedLearning/sweep2/g5_mix_66-96-126_H3_s466555.pth	3	466555	8	mixed	[(6, 6), (9, 6), (12, 6)]	True	True	True	False	geometric5	10148123	3	27	2026-07-31	16.069132644636113	11.218728447201691	0.04649689990109891	6.278640585653306	0.3289093880705265	0.224284137121442	0.0
/vol/bitbucket/osella/rl-qecc-data/supervisedLearning/sweep2/g5_mix_66-96-126_H3_s5000.pth	3	5000	8	mixed	[(6, 6), (9, 6), (12, 6)]	True	True	True	False	geometric5	10148123	3	27	2026-07-31	16.556930555528357	11.218728447201691	0.06508041208337247	8.967913460442064	-0.05452086938245786	-0.03904927750891561	0.0
/vol/bitbucket/osella/rl-qecc-data/supervisedLearning/sweep2/g5_mix_66-96-126_H3_s5000.pth	3	5000	8	mixed	[(6, 6), (9, 6), (12, 6)]	True	True	True	False	geometric5	10148123	3	27	2026-07-31	16.556930555528357	11.218728447201691	0.06508041208337247	8.967913460442064	-0.05452086938245786	-0.03904927750891561	0.0
/vol/bitbucket/osella/rl-qecc-data/supervisedLearning/sweep2/g5_mix_66-96-126_H3_s54321.pth	3	54321	8	mixed	[(6, 6), (9, 6), (12, 6)]	True	True	True	False	geometric5	10148123	3	27	2026-07-31	17.26445654007913	11.218728447201691	0.1306827888119658	7.652763120327663	0.26581059063126505	0.1795677764151216	0.0
/vol/bitbucket/osella/rl-qecc-data/supervisedLearning/sweep2/g5_mix_66-96-126_H3_s54321.pth	3	54321	8	mixed	[(6, 6), (9, 6), (12, 6)]	True	True	True	False	geometric5	10148123	3	27	2026-07-31	17.26445654007913	11.218728447201691	0.1306827888119658	7.652763120327663	0.26581059063126505	0.1795677764151216	0.0
/vol/bitbucket/osella/rl-qecc-data/supervisedLearning/sweep2/g5_mix_66-96-126_H3_s6000.pth	3	6000	8	mixed	[(6, 6), (9, 6), (12, 6)]	True	True	True	False	geometric5	10148123	3	27	2026-07-31	20.097490239703372	11.218728447201691	0.1750732240845007	2.96759759635904	0.36983541320360797	0.2567920909023012	0.0
/vol/bitbucket/osella/rl-qecc-data/supervisedLearning/sweep2/g5_mix_66-96-126_H3_s6000.pth	3	6000	8	mixed	[(6, 6), (9, 6), (12, 6)]	True	True	True	False	geometric5	10148123	3	27	2026-07-31	20.097490239703372	11.218728447201691	0.1750732240845007	2.96759759635904	0.36983541320360797	0.2567920909023012	0.0
/vol/bitbucket/osella/rl-qecc-data/supervisedLearning/sweep2/g5_mix_66-96-126_H3_s7134066.pth	3	7134066	8	mixed	[(6, 6), (9, 6), (12, 6)]	True	True	True	False	geometric5	10148123	3	27	2026-07-31	26.282532827823932	11.218728447201691	0.2967173997967592	2.342431032710965	0.1520936773265612	0.10123510966053757	0.0
/vol/bitbucket/osella/rl-qecc-data/supervisedLearning/sweep2/g5_mix_66-96-126_H3_s7134066.pth	3	7134066	8	mixed	[(6, 6), (9, 6), (12, 6)]	True	True	True	False	geometric5	10148123	3	27	2026-07-31	26.282532827823932	11.218728447201691	0.2967173997967592	2.342431032710965	0.1520936773265612	0.10123510966053757	0.0
/vol/bitbucket/osella/rl-qecc-data/supervisedLearning/sweep2/g5_mix_66-96-126_H4_s1000.pth	4	1000	8	mixed	[(6, 6), (9, 6), (12, 6)]	True	True	True	False	geometric5	10148123	3	27	2026-07-31	16.422771253136094	11.218728447201691	0.06022950617403375	5.534118599216051	0.1631491383908104	0.10826049418383514	0.02
/vol/bitbucket/osella/rl-qecc-data/supervisedLearning/sweep2/g5_mix_66-96-126_H4_s1000.pth	4	1000	8	mixed	[(6, 6), (9, 6), (12, 6)]	True	True	True	False	geometric5	10148123	3	27	2026-07-31	16.422771253136094	11.218728447201691	0.06022950617403375	5.534118599216051	0.1631491383908104	0.10826049418383514	0.02
/vol/bitbucket/osella/rl-qecc-data/supervisedLearning/sweep2/g5_mix_66-96-126_H4_s12345.pth	4	12345	8	mixed	[(6, 6), (9, 6), (12, 6)]	True	True	True	False	geometric5	10148123	3	27	2026-07-31	16.585033224522856	11.218728447201691	0.0816830853421892	11.529768288966324	-0.24929343497239528	-0.16943808137808844	0.0
/vol/bitbucket/osella/rl-qecc-data/supervisedLearning/sweep2/g5_mix_66-96-126_H4_s12345.pth	4	12345	8	mixed	[(6, 6), (9, 6), (12, 6)]	True	True	True	False	geometric5	10148123	3	27	2026-07-31	16.585033224522856	11.218728447201691	0.0816830853421892	11.529768288966324	-0.24929343497239528	-0.16943808137808844	0.0
/vol/bitbucket/osella/rl-qecc-data/supervisedLearning/sweep2/g5_mix_66-96-126_H4_s2000.pth	4	2000	8	mixed	[(6, 6), (9, 6), (12, 6)]	True	True	True	False	geometric5	10148123	3	27	2026-07-31	21.43327563619027	11.218728447201691	0.21768208177326506	2.387560927671245	0.3354889043847662	0.23041826696441106	0.0
/vol/bitbucket/osella/rl-qecc-data/supervisedLearning/sweep2/g5_mix_66-96-126_H4_s2000.pth	4	2000	8	mixed	[(6, 6), (9, 6), (12, 6)]	True	True	True	False	geometric5	10148123	3	27	2026-07-31	21.43327563619027	11.218728447201691	0.21768208177326506	2.387560927671245	0.3354889043847662	0.23041826696441106	0.0
/vol/bitbucket/osella/rl-qecc-data/supervisedLearning/sweep2/g5_mix_66-96-126_H4_s3000.pth	4	3000	8	mixed	[(6, 6), (9, 6), (12, 6)]	True	True	True	False	geometric5	10148123	3	27	2026-07-31	25.185737816502687	11.218728447201691	0.19097788032451563	3.976687890721556	0.3110630941489623	0.20915145967824003	0.0
/vol/bitbucket/osella/rl-qecc-data/supervisedLearning/sweep2/g5_mix_66-96-126_H4_s3000.pth	4	3000	8	mixed	[(6, 6), (9, 6), (12, 6)]	True	True	True	False	geometric5	10148123	3	27	2026-07-31	25.185737816502687	11.218728447201691	0.19097788032451563	3.976687890721556	0.3110630941489623	0.20915145967824003	0.0
/vol/bitbucket/osella/rl-qecc-data/supervisedLearning/sweep2/g5_mix_66-96-126_H4_s4000.pth	4	4000	8	mixed	[(6, 6), (9, 6), (12, 6)]	True	True	True	False	geometric5	10148123	3	27	2026-07-31	17.653755495866342	11.218728447201691	0.09125684150394953	8.37846557335786	-0.09742382805467101	-0.06515135415648626	0.0
/vol/bitbucket/osella/rl-qecc-data/supervisedLearning/sweep2/g5_mix_66-96-126_H4_s4000.pth	4	4000	8	mixed	[(6, 6), (9, 6), (12, 6)]	True	True	True	False	geometric5	10148123	3	27	2026-07-31	17.653755495866342	11.218728447201691	0.09125684150394953	8.37846557335786	-0.09742382805467101	-0.06515135415648626	0.0
/vol/bitbucket/osella/rl-qecc-data/supervisedLearning/sweep2/g5_mix_66-96-126_H4_s466555.pth	4	466555	8	mixed	[(6, 6), (9, 6), (12, 6)]	True	True	True	False	geometric5	10148123	3	27	2026-07-31	18.781384330358353	11.218728447201691	0.16578556614301823	3.097617550789309	0.17871378512991717	0.12118872749780882	0.0
/vol/bitbucket/osella/rl-qecc-data/supervisedLearning/sweep2/g5_mix_66-96-126_H4_s466555.pth	4	466555	8	mixed	[(6, 6), (9, 6), (12, 6)]	True	True	True	False	geometric5	10148123	3	27	2026-07-31	18.781384330358353	11.218728447201691	0.16578556614301823	3.097617550789309	0.17871378512991717	0.12118872749780882	0.0
/vol/bitbucket/osella/rl-qecc-data/supervisedLearning/sweep2/g5_mix_66-96-126_H4_s5000.pth	4	5000	8	mixed	[(6, 6), (9, 6), (12, 6)]	True	True	True	False	geometric5	10148123	3	27	2026-07-31	15.18944002803499	11.218728447201691	0.08457333479457886	2.623956911097701	0.34380880931888036	0.23406853696519753	0.0
/vol/bitbucket/osella/rl-qecc-data/supervisedLearning/sweep2/g5_mix_66-96-126_H4_s5000.pth	4	5000	8	mixed	[(6, 6), (9, 6), (12, 6)]	True	True	True	False	geometric5	10148123	3	27	2026-07-31	15.18944002803499	11.218728447201691	0.08457333479457886	2.623956911097701	0.34380880931888036	0.23406853696519753	0.0
/vol/bitbucket/osella/rl-qecc-data/supervisedLearning/sweep2/g5_mix_66-96-126_H4_s54321.pth	4	54321	8	mixed	[(6, 6), (9, 6), (12, 6)]	True	True	True	False	geometric5	10148123	3	27	2026-07-31	27.76108288736119	11.218728447201691	0.30895889182082287	2.41653120791655	-0.1470435588792625	-0.0989417723448191	0.0
/vol/bitbucket/osella/rl-qecc-data/supervisedLearning/sweep2/g5_mix_66-96-126_H4_s54321.pth	4	54321	8	mixed	[(6, 6), (9, 6), (12, 6)]	True	True	True	False	geometric5	10148123	3	27	2026-07-31	27.76108288736119	11.218728447201691	0.30895889182082287	2.41653120791655	-0.1470435588792625	-0.0989417723448191	0.0
/vol/bitbucket/osella/rl-qecc-data/supervisedLearning/sweep2/g5_mix_66-96-126_H4_s6000.pth	4	6000	8	mixed	[(6, 6), (9, 6), (12, 6)]	True	True	True	False	geometric5	10148123	3	27	2026-07-31	19.754627186171945	11.218728447201691	0.1723216271374899	2.1780048431098313	0.2068540919590257	0.14038772503016997	0.0
/vol/bitbucket/osella/rl-qecc-data/supervisedLearning/sweep2/g5_mix_66-96-126_H4_s6000.pth	4	6000	8	mixed	[(6, 6), (9, 6), (12, 6)]	True	True	True	False	geometric5	10148123	3	27	2026-07-31	19.754627186171945	11.218728447201691	0.1723216271374899	2.1780048431098313	0.2068540919590257	0.14038772503016997	0.0
/vol/bitbucket/osella/rl-qecc-data/supervisedLearning/sweep2/g5_mix_66-96-126_H4_s7134066.pth	4	7134066	8	mixed	[(6, 6), (9, 6), (12, 6)]	True	True	True	False	geometric5	10148123	3	27	2026-07-31	24.164452518072938	11.218728447201691	0.24389003522556021	4.883902655974664	0.24498688331435617	0.16790568938931644	0.0
/vol/bitbucket/osella/rl-qecc-data/supervisedLearning/sweep2/g5_mix_66-96-126_H4_s7134066.pth	4	7134066	8	mixed	[(6, 6), (9, 6), (12, 6)]	True	True	True	False	geometric5	10148123	3	27	2026-07-31	24.164452518072938	11.218728447201691	0.24389003522556021	4.883902655974664	0.24498688331435617	0.16790568938931644	0.0
/vol/bitbucket/osella/rl-qecc-data/supervisedLearning/sweep2/g5_mix_66-96-126_H6_s1000.pth	6	1000	8	mixed	[(6, 6), (9, 6), (12, 6)]	True	True	True	False	geometric5	10148123	3	27	2026-07-31	25.449969466858523	11.218728447201691	0.27403846066460547	1.590788795719342	0.37113033895955555	0.25376407489017966	0.0
/vol/bitbucket/osella/rl-qecc-data/supervisedLearning/sweep2/g5_mix_66-96-126_H6_s1000.pth	6	1000	8	mixed	[(6, 6), (9, 6), (12, 6)]	True	True	True	False	geometric5	10148123	3	27	2026-07-31	25.449969466858523	11.218728447201691	0.27403846066460547	1.590788795719342	0.37113033895955555	0.25376407489017966	0.0
/vol/bitbucket/osella/rl-qecc-data/supervisedLearning/sweep2/g5_mix_66-96-126_H6_s12345.pth	6	12345	8	mixed	[(6, 6), (9, 6), (12, 6)]	True	True	True	False	geometric5	10148123	3	27	2026-07-31	27.073639628095105	11.218728447201691	0.2874578769624565	1.9052711436228558	0.03003615498453006	0.023121565887617376	0.0
/vol/bitbucket/osella/rl-qecc-data/supervisedLearning/sweep2/g5_mix_66-96-126_H6_s12345.pth	6	12345	8	mixed	[(6, 6), (9, 6), (12, 6)]	True	True	True	False	geometric5	10148123	3	27	2026-07-31	27.073639628095105	11.218728447201691	0.2874578769624565	1.9052711436228558	0.03003615498453006	0.023121565887617376	0.0
/vol/bitbucket/osella/rl-qecc-data/supervisedLearning/sweep2/g5_mix_66-96-126_H6_s2000.pth	6	2000	8	mixed	[(6, 6), (9, 6), (12, 6)]	True	True	True	False	geometric5	10148123	3	27	2026-07-31	19.33528433637934	11.218728447201691	0.17580610534783475	2.5329920614703965	0.5054258641324899	0.35459929145282687	0.0
/vol/bitbucket/osella/rl-qecc-data/supervisedLearning/sweep2/g5_mix_66-96-126_H6_s2000.pth	6	2000	8	mixed	[(6, 6), (9, 6), (12, 6)]	True	True	True	False	geometric5	10148123	3	27	2026-07-31	19.33528433637934	11.218728447201691	0.17580610534783475	2.5329920614703965	0.5054258641324899	0.35459929145282687	0.0
/vol/bitbucket/osella/rl-qecc-data/supervisedLearning/sweep2/g5_mix_66-96-126_H6_s3000.pth	6	3000	8	mixed	[(6, 6), (9, 6), (12, 6)]	True	True	True	False	geometric5	10148123	3	27	2026-07-31	22.142384206395505	11.218728447201691	0.22072810688264127	2.533391839197889	0.36251327455569354	0.2504801097168297	0.0
/vol/bitbucket/osella/rl-qecc-data/supervisedLearning/sweep2/g5_mix_66-96-126_H6_s3000.pth	6	3000	8	mixed	[(6, 6), (9, 6), (12, 6)]	True	True	True	False	geometric5	10148123	3	27	2026-07-31	22.142384206395505	11.218728447201691	0.22072810688264127	2.533391839197889	0.36251327455569354	0.2504801097168297	0.0
/vol/bitbucket/osella/rl-qecc-data/supervisedLearning/sweep2/g5_mix_66-96-126_H6_s4000.pth	6	4000	8	mixed	[(6, 6), (9, 6), (12, 6)]	True	True	True	False	geometric5	10148123	3	27	2026-07-31	20.715416464695995	11.218728447201691	0.19495734372370574	3.3428401563409573	0.168199439739617	0.11358627744946304	0.0
/vol/bitbucket/osella/rl-qecc-data/supervisedLearning/sweep2/g5_mix_66-96-126_H6_s4000.pth	6	4000	8	mixed	[(6, 6), (9, 6), (12, 6)]	True	True	True	False	geometric5	10148123	3	27	2026-07-31	20.715416464695995	11.218728447201691	0.19495734372370574	3.3428401563409573	0.168199439739617	0.11358627744946304	0.0
/vol/bitbucket/osella/rl-qecc-data/supervisedLearning/sweep2/g5_mix_66-96-126_H6_s466555.pth	6	466555	8	mixed	[(6, 6), (9, 6), (12, 6)]	True	True	True	False	geometric5	10148123	3	27	2026-07-31	22.409711225766777	11.218728447201691	0.2324485581862255	1.534941207696243	0.40164346650939187	0.2776966126651543	0.0
/vol/bitbucket/osella/rl-qecc-data/supervisedLearning/sweep2/g5_mix_66-96-126_H6_s466555.pth	6	466555	8	mixed	[(6, 6), (9, 6), (12, 6)]	True	True	True	False	geometric5	10148123	3	27	2026-07-31	22.409711225766777	11.218728447201691	0.2324485581862255	1.534941207696243	0.40164346650939187	0.2776966126651543	0.0
/vol/bitbucket/osella/rl-qecc-data/supervisedLearning/sweep2/g5_mix_66-96-126_H6_s5000.pth	6	5000	8	mixed	[(6, 6), (9, 6), (12, 6)]	True	True	True	False	geometric5	10148123	3	27	2026-07-31	21.89934636715694	11.218728447201691	0.20108291231964742	1.5875198128771066	0.3168347237002909	0.21734798556772505	0.0
/vol/bitbucket/osella/rl-qecc-data/supervisedLearning/sweep2/g5_mix_66-96-126_H6_s5000.pth	6	5000	8	mixed	[(6, 6), (9, 6), (12, 6)]	True	True	True	False	geometric5	10148123	3	27	2026-07-31	21.89934636715694	11.218728447201691	0.20108291231964742	1.5875198128771066	0.3168347237002909	0.21734798556772505	0.0
/vol/bitbucket/osella/rl-qecc-data/supervisedLearning/sweep2/g5_mix_66-96-126_H6_s54321.pth	6	54321	8	mixed	[(6, 6), (9, 6), (12, 6)]	True	True	True	False	geometric5	10148123	3	27	2026-07-31	19.735269867202014	11.218728447201691	0.19717181999378003	3.829830954219977	0.320764873241317	0.2209734094309422	0.0
/vol/bitbucket/osella/rl-qecc-data/supervisedLearning/sweep2/g5_mix_66-96-126_H6_s54321.pth	6	54321	8	mixed	[(6, 6), (9, 6), (12, 6)]	True	True	True	False	geometric5	10148123	3	27	2026-07-31	19.735269867202014	11.218728447201691	0.19717181999378003	3.829830954219977	0.320764873241317	0.2209734094309422	0.0
/vol/bitbucket/osella/rl-qecc-data/supervisedLearning/sweep2/g5_mix_66-96-126_H6_s6000.pth	6	6000	8	mixed	[(6, 6), (9, 6), (12, 6)]	True	True	True	False	geometric5	10148123	3	27	2026-07-31	21.138511548337352	11.218728447201691	0.2013540976043162	1.8518370838165608	0.3917076242032653	0.2705645882715414	0.0
/vol/bitbucket/osella/rl-qecc-data/supervisedLearning/sweep2/g5_mix_66-96-126_H6_s6000.pth	6	6000	8	mixed	[(6, 6), (9, 6), (12, 6)]	True	True	True	False	geometric5	10148123	3	27	2026-07-31	21.138511548337352	11.218728447201691	0.2013540976043162	1.8518370838165608	0.3917076242032653	0.2705645882715414	0.0
/vol/bitbucket/osella/rl-qecc-data/supervisedLearning/sweep2/g5_mix_66-96-126_H6_s7134066.pth	6	7134066	8	mixed	[(6, 6), (9, 6), (12, 6)]	True	True	True	False	geometric5	10148123	3	27	2026-07-31	20.076213096339536	11.218728447201691	0.1734157109366419	2.952817682246209	0.5043695056635313	0.35354918656334783	0.0
/vol/bitbucket/osella/rl-qecc-data/supervisedLearning/sweep2/g5_mix_66-96-126_H6_s7134066.pth	6	7134066	8	mixed	[(6, 6), (9, 6), (12, 6)]	True	True	True	False	geometric5	10148123	3	27	2026-07-31	20.076213096339536	11.218728447201691	0.1734157109366419	2.952817682246209	0.5043695056635313	0.35354918656334783	0.0
/vol/bitbucket/osella/rl-qecc-data/supervisedLearning/sweep2/g5_mix_66-96-126_H7_s1000.pth	7	1000	8	mixed	[(6, 6), (9, 6), (12, 6)]	True	True	True	False	geometric5	10148123	3	27	2026-07-31	22.548514510738084	11.218728447201691	0.22751892191491396	1.5572673555020509	0.468609587059312	0.3263397195841005	0.0
/vol/bitbucket/osella/rl-qecc-data/supervisedLearning/sweep2/g5_mix_66-96-126_H7_s1000.pth	7	1000	8	mixed	[(6, 6), (9, 6), (12, 6)]	True	True	True	False	geometric5	10148123	3	27	2026-07-31	22.548514510738084	11.218728447201691	0.22751892191491396	1.5572673555020509	0.468609587059312	0.3263397195841005	0.0
/vol/bitbucket/osella/rl-qecc-data/supervisedLearning/sweep2/g5_mix_66-96-126_H7_s12345.pth	7	12345	8	mixed	[(6, 6), (9, 6), (12, 6)]	True	True	True	False	geometric5	10148123	3	27	2026-07-31	16.973979670016437	11.218728447201691	0.13876867080558136	1.8205325281743276	0.3041237827394664	0.2064858523060032	0.0
/vol/bitbucket/osella/rl-qecc-data/supervisedLearning/sweep2/g5_mix_66-96-126_H7_s12345.pth	7	12345	8	mixed	[(6, 6), (9, 6), (12, 6)]	True	True	True	False	geometric5	10148123	3	27	2026-07-31	16.973979670016437	11.218728447201691	0.13876867080558136	1.8205325281743276	0.3041237827394664	0.2064858523060032	0.0
/vol/bitbucket/osella/rl-qecc-data/supervisedLearning/sweep2/g5_mix_66-96-126_H7_s2000.pth	7	2000	8	mixed	[(6, 6), (9, 6), (12, 6)]	True	True	True	False	geometric5	10148123	3	27	2026-07-31	20.422391742129893	11.218728447201691	0.17054753383129218	2.1717610574676756	0.396104552878712	0.2730189620515215	0.0
/vol/bitbucket/osella/rl-qecc-data/supervisedLearning/sweep2/g5_mix_66-96-126_H7_s2000.pth	7	2000	8	mixed	[(6, 6), (9, 6), (12, 6)]	True	True	True	False	geometric5	10148123	3	27	2026-07-31	20.422391742129893	11.218728447201691	0.17054753383129218	2.1717610574676756	0.396104552878712	0.2730189620515215	0.0
/vol/bitbucket/osella/rl-qecc-data/supervisedLearning/sweep2/g5_mix_66-96-126_H7_s3000.pth	7	3000	8	mixed	[(6, 6), (9, 6), (12, 6)]	True	True	True	False	geometric5	10148123	3	27	2026-07-31	23.395367216443653	11.218728447201691	0.20381195975009872	6.056319318850905	0.4511026058459295	0.31184822592626577	0.0
/vol/bitbucket/osella/rl-qecc-data/supervisedLearning/sweep2/g5_mix_66-96-126_H7_s3000.pth	7	3000	8	mixed	[(6, 6), (9, 6), (12, 6)]	True	True	True	False	geometric5	10148123	3	27	2026-07-31	23.395367216443653	11.218728447201691	0.20381195975009872	6.056319318850905	0.4511026058459295	0.31184822592626577	0.0
/vol/bitbucket/osella/rl-qecc-data/supervisedLearning/sweep2/g5_mix_66-96-126_H7_s4000.pth	7	4000	8	mixed	[(6, 6), (9, 6), (12, 6)]	True	True	True	False	geometric5	10148123	3	27	2026-07-31	22.41898616704543	11.218728447201691	0.2095359666184612	2.500678433852631	0.421107388357975	0.29368400663386013	0.0
/vol/bitbucket/osella/rl-qecc-data/supervisedLearning/sweep2/g5_mix_66-96-126_H7_s4000.pth	7	4000	8	mixed	[(6, 6), (9, 6), (12, 6)]	True	True	True	False	geometric5	10148123	3	27	2026-07-31	22.41898616704543	11.218728447201691	0.2095359666184612	2.500678433852631	0.421107388357975	0.29368400663386013	0.0
/vol/bitbucket/osella/rl-qecc-data/supervisedLearning/sweep2/g5_mix_66-96-126_H7_s466555.pth	7	466555	8	mixed	[(6, 6), (9, 6), (12, 6)]	True	True	True	False	geometric5	10148123	3	27	2026-07-31	22.000737950324726	11.218728447201691	0.2551654785872743	2.0346096328958696	0.23207849882073417	0.15867794556887976	0.0
/vol/bitbucket/osella/rl-qecc-data/supervisedLearning/sweep2/g5_mix_66-96-126_H7_s466555.pth	7	466555	8	mixed	[(6, 6), (9, 6), (12, 6)]	True	True	True	False	geometric5	10148123	3	27	2026-07-31	22.000737950324726	11.218728447201691	0.2551654785872743	2.0346096328958696	0.23207849882073417	0.15867794556887976	0.0
/vol/bitbucket/osella/rl-qecc-data/supervisedLearning/sweep2/g5_mix_66-96-126_H7_s5000.pth	7	5000	8	mixed	[(6, 6), (9, 6), (12, 6)]	True	True	True	False	geometric5	10148123	3	27	2026-07-31	18.91820283236178	11.218728447201691	0.15842541864712012	4.602870672041825	0.38963685699019185	0.2701819694906412	0.0
/vol/bitbucket/osella/rl-qecc-data/supervisedLearning/sweep2/g5_mix_66-96-126_H7_s5000.pth	7	5000	8	mixed	[(6, 6), (9, 6), (12, 6)]	True	True	True	False	geometric5	10148123	3	27	2026-07-31	18.91820283236178	11.218728447201691	0.15842541864712012	4.602870672041825	0.38963685699019185	0.2701819694906412	0.0
/vol/bitbucket/osella/rl-qecc-data/supervisedLearning/sweep2/g5_mix_66-96-126_H7_s54321.pth	7	54321	8	mixed	[(6, 6), (9, 6), (12, 6)]	True	True	True	False	geometric5	10148123	3	27	2026-07-31	23.93866453920324	11.218728447201691	0.2429369407226014	2.4529207807264695	0.3701285459297493	0.2551949130649683	0.0
/vol/bitbucket/osella/rl-qecc-data/supervisedLearning/sweep2/g5_mix_66-96-126_H7_s54321.pth	7	54321	8	mixed	[(6, 6), (9, 6), (12, 6)]	True	True	True	False	geometric5	10148123	3	27	2026-07-31	23.93866453920324	11.218728447201691	0.2429369407226014	2.4529207807264695	0.3701285459297493	0.2551949130649683	0.0
/vol/bitbucket/osella/rl-qecc-data/supervisedLearning/sweep2/g5_mix_66-96-126_H7_s6000.pth	7	6000	8	mixed	[(6, 6), (9, 6), (12, 6)]	True	True	True	False	geometric5	10148123	3	27	2026-07-31	18.51518551434308	11.218728447201691	0.14985554279478408	2.889153158212283	0.3850407119761891	0.26391544402239714	0.0
/vol/bitbucket/osella/rl-qecc-data/supervisedLearning/sweep2/g5_mix_66-96-126_H7_s6000.pth	7	6000	8	mixed	[(6, 6), (9, 6), (12, 6)]	True	True	True	False	geometric5	10148123	3	27	2026-07-31	18.51518551434308	11.218728447201691	0.14985554279478408	2.889153158212283	0.3850407119761891	0.26391544402239714	0.0
/vol/bitbucket/osella/rl-qecc-data/supervisedLearning/sweep2/g5_mix_66-96-126_H7_s7134066.pth	7	7134066	8	mixed	[(6, 6), (9, 6), (12, 6)]	True	True	True	False	geometric5	10148123	3	27	2026-07-31	19.452055066208743	11.218728447201691	0.172719643399033	2.1931355753983173	0.4151043115682811	0.28690049612826485	0.0
/vol/bitbucket/osella/rl-qecc-data/supervisedLearning/sweep2/g5_mix_66-96-126_H7_s7134066.pth	7	7134066	8	mixed	[(6, 6), (9, 6), (12, 6)]	True	True	True	False	geometric5	10148123	3	27	2026-07-31	19.452055066208743	11.218728447201691	0.172719643399033	2.1931355753983173	0.4151043115682811	0.28690049612826485	0.0
/vol/bitbucket/osella/rl-qecc-data/supervisedLearning/sweep2/g5_mix_66-96_H10_s1000.pth	10	1000	12	mixed	[(6, 6), (9, 6)]	True	True	False	False	geometric5	10148123	3	27	2026-07-31	20.605508374265533	11.218728447201691	0.19086347776130153	1.6032860362618138	0.5072794899875552	0.3564327424002896	0.0
/vol/bitbucket/osella/rl-qecc-data/supervisedLearning/sweep2/g5_mix_66-96_H10_s1000.pth	10	1000	12	mixed	[(6, 6), (9, 6)]	True	True	False	False	geometric5	10148123	3	27	2026-07-31	20.605508374265533	11.218728447201691	0.19086347776130153	1.6032860362618138	0.5072794899875552	0.3564327424002896	0.0
/vol/bitbucket/osella/rl-qecc-data/supervisedLearning/sweep2/g5_mix_66-96_H10_s12345.pth	10	12345	12	mixed	[(6, 6), (9, 6)]	True	True	False	False	geometric5	10148123	3	27	2026-07-31	20.891979009831587	11.218728447201691	0.18277376204947554	3.244695710493622	0.41463432484187374	0.28424873985777893	0.02
/vol/bitbucket/osella/rl-qecc-data/supervisedLearning/sweep2/g5_mix_66-96_H10_s12345.pth	10	12345	12	mixed	[(6, 6), (9, 6)]	True	True	False	False	geometric5	10148123	3	27	2026-07-31	20.891979009831587	11.218728447201691	0.18277376204947554	3.244695710493622	0.41463432484187374	0.28424873985777893	0.02
/vol/bitbucket/osella/rl-qecc-data/supervisedLearning/sweep2/g5_mix_66-96_H10_s2000.pth	10	2000	12	mixed	[(6, 6), (9, 6)]	True	True	False	False	geometric5	10148123	3	27	2026-07-31	24.677321967962857	11.218728447201691	0.18447091690617784	1.8545127707610463	0.33306016463904026	0.2286019814390046	0.0
/vol/bitbucket/osella/rl-qecc-data/supervisedLearning/sweep2/g5_mix_66-96_H10_s2000.pth	10	2000	12	mixed	[(6, 6), (9, 6)]	True	True	False	False	geometric5	10148123	3	27	2026-07-31	24.677321967962857	11.218728447201691	0.18447091690617784	1.8545127707610463	0.33306016463904026	0.2286019814390046	0.0
/vol/bitbucket/osella/rl-qecc-data/supervisedLearning/sweep2/g5_mix_66-96_H10_s3000.pth	10	3000	12	mixed	[(6, 6), (9, 6)]	True	True	False	False	geometric5	10148123	3	27	2026-07-31	19.670079603931097	11.218728447201691	0.1427491841584407	6.645813836119205	0.3345677407780009	0.22772873222227824	0.0
/vol/bitbucket/osella/rl-qecc-data/supervisedLearning/sweep2/g5_mix_66-96_H10_s3000.pth	10	3000	12	mixed	[(6, 6), (9, 6)]	True	True	False	False	geometric5	10148123	3	27	2026-07-31	19.670079603931097	11.218728447201691	0.1427491841584407	6.645813836119205	0.3345677407780009	0.22772873222227824	0.0
/vol/bitbucket/osella/rl-qecc-data/supervisedLearning/sweep2/g5_mix_66-96_H10_s4000.pth	10	4000	12	mixed	[(6, 6), (9, 6)]	True	True	False	False	geometric5	10148123	3	27	2026-07-31	23.66238432803377	11.218728447201691	0.19879974241570314	1.5693698153651303	0.4897478966612546	0.34186644674533884	0.0
/vol/bitbucket/osella/rl-qecc-data/supervisedLearning/sweep2/g5_mix_66-96_H10_s4000.pth	10	4000	12	mixed	[(6, 6), (9, 6)]	True	True	False	False	geometric5	10148123	3	27	2026-07-31	23.66238432803377	11.218728447201691	0.19879974241570314	1.5693698153651303	0.4897478966612546	0.34186644674533884	0.0
/vol/bitbucket/osella/rl-qecc-data/supervisedLearning/sweep2/g5_mix_66-96_H10_s466555.pth	10	466555	12	mixed	[(6, 6), (9, 6)]	True	True	False	False	geometric5	10148123	3	27	2026-07-31	18.738592756104673	11.218728447201691	0.12051688928080614	9.918262410575842	0.30762458356312694	0.2109678457281885	0.0
/vol/bitbucket/osella/rl-qecc-data/supervisedLearning/sweep2/g5_mix_66-96_H10_s466555.pth	10	466555	12	mixed	[(6, 6), (9, 6)]	True	True	False	False	geometric5	10148123	3	27	2026-07-31	18.738592756104673	11.218728447201691	0.12051688928080614	9.918262410575842	0.30762458356312694	0.2109678457281885	0.0
/vol/bitbucket/osella/rl-qecc-data/supervisedLearning/sweep2/g5_mix_66-96_H10_s5000.pth	10	5000	12	mixed	[(6, 6), (9, 6)]	True	True	False	False	geometric5	10148123	3	27	2026-07-31	20.050482398198355	11.218728447201691	0.1557012971880246	2.0113409036400896	0.4851452360263424	0.3395607610059725	0.0
/vol/bitbucket/osella/rl-qecc-data/supervisedLearning/sweep2/g5_mix_66-96_H10_s5000.pth	10	5000	12	mixed	[(6, 6), (9, 6)]	True	True	False	False	geometric5	10148123	3	27	2026-07-31	20.050482398198355	11.218728447201691	0.1557012971880246	2.0113409036400896	0.4851452360263424	0.3395607610059725	0.0
/vol/bitbucket/osella/rl-qecc-data/supervisedLearning/sweep2/g5_mix_66-96_H10_s54321.pth	10	54321	12	mixed	[(6, 6), (9, 6)]	True	True	False	False	geometric5	10148123	3	27	2026-07-31	21.109069402684042	11.218728447201691	0.18459668588972553	1.7597691451224058	0.4394293623089843	0.30757546024509164	0.0
/vol/bitbucket/osella/rl-qecc-data/supervisedLearning/sweep2/g5_mix_66-96_H10_s54321.pth	10	54321	12	mixed	[(6, 6), (9, 6)]	True	True	False	False	geometric5	10148123	3	27	2026-07-31	21.109069402684042	11.218728447201691	0.18459668588972553	1.7597691451224058	0.4394293623089843	0.30757546024509164	0.0
/vol/bitbucket/osella/rl-qecc-data/supervisedLearning/sweep2/g5_mix_66-96_H10_s6000.pth	10	6000	12	mixed	[(6, 6), (9, 6)]	True	True	False	False	geometric5	10148123	3	27	2026-07-31	21.355782854065207	11.218728447201691	0.17462891886416426	4.0636387758505625	0.38265943647050327	0.2645981954335851	0.0
/vol/bitbucket/osella/rl-qecc-data/supervisedLearning/sweep2/g5_mix_66-96_H10_s6000.pth	10	6000	12	mixed	[(6, 6), (9, 6)]	True	True	False	False	geometric5	10148123	3	27	2026-07-31	21.355782854065207	11.218728447201691	0.17462891886416426	4.0636387758505625	0.38265943647050327	0.2645981954335851	0.0
/vol/bitbucket/osella/rl-qecc-data/supervisedLearning/sweep2/g5_mix_66-96_H10_s7134066.pth	10	7134066	12	mixed	[(6, 6), (9, 6)]	True	True	False	False	geometric5	10148123	3	27	2026-07-31	21.658996368186124	11.218728447201691	0.18930778028073558	3.1229160567057352	0.44401082869665104	0.3104286268069464	0.0
/vol/bitbucket/osella/rl-qecc-data/supervisedLearning/sweep2/g5_mix_66-96_H10_s7134066.pth	10	7134066	12	mixed	[(6, 6), (9, 6)]	True	True	False	False	geometric5	10148123	3	27	2026-07-31	21.658996368186124	11.218728447201691	0.18930778028073558	3.1229160567057352	0.44401082869665104	0.3104286268069464	0.0
/vol/bitbucket/osella/rl-qecc-data/supervisedLearning/sweep2/g5_mix_66-96_H3_s1000.pth	3	1000	12	mixed	[(6, 6), (9, 6)]	True	True	False	False	geometric5	10148123	3	27	2026-07-31	15.290417700085358	11.218728447201691	0.08364188284716237	3.185358631172678	0.2512908587254382	0.1701279571273325	0.0
/vol/bitbucket/osella/rl-qecc-data/supervisedLearning/sweep2/g5_mix_66-96_H3_s1000.pth	3	1000	12	mixed	[(6, 6), (9, 6)]	True	True	False	False	geometric5	10148123	3	27	2026-07-31	15.290417700085358	11.218728447201691	0.08364188284716237	3.185358631172678	0.2512908587254382	0.1701279571273325	0.0
/vol/bitbucket/osella/rl-qecc-data/supervisedLearning/sweep2/g5_mix_66-96_H3_s12345.pth	3	12345	12	mixed	[(6, 6), (9, 6)]	True	True	False	False	geometric5	10148123	3	27	2026-07-31	18.380248477579826	11.218728447201691	0.10852859875601638	9.809181254944148	-0.030499761162417132	-0.018910857433016678	0.0
/vol/bitbucket/osella/rl-qecc-data/supervisedLearning/sweep2/g5_mix_66-96_H3_s12345.pth	3	12345	12	mixed	[(6, 6), (9, 6)]	True	True	False	False	geometric5	10148123	3	27	2026-07-31	18.380248477579826	11.218728447201691	0.10852859875601638	9.809181254944148	-0.030499761162417132	-0.018910857433016678	0.0
/vol/bitbucket/osella/rl-qecc-data/supervisedLearning/sweep2/g5_mix_66-96_H3_s2000.pth	3	2000	12	mixed	[(6, 6), (9, 6)]	True	True	False	False	geometric5	10148123	3	27	2026-07-31	25.83841710056373	11.218728447201691	0.2492346824634754	5.208424988084188	0.32916056892487816	0.22813057528009806	0.0
/vol/bitbucket/osella/rl-qecc-data/supervisedLearning/sweep2/g5_mix_66-96_H3_s2000.pth	3	2000	12	mixed	[(6, 6), (9, 6)]	True	True	False	False	geometric5	10148123	3	27	2026-07-31	25.83841710056373	11.218728447201691	0.2492346824634754	5.208424988084188	0.32916056892487816	0.22813057528009806	0.0
/vol/bitbucket/osella/rl-qecc-data/supervisedLearning/sweep2/g5_mix_66-96_H3_s3000.pth	3	3000	12	mixed	[(6, 6), (9, 6)]	True	True	False	False	geometric5	10148123	3	27	2026-07-31	17.72552818614538	11.218728447201691	0.13958184859069067	11.031417669851884	0.10731559822909327	0.06844353594458971	0.0
/vol/bitbucket/osella/rl-qecc-data/supervisedLearning/sweep2/g5_mix_66-96_H3_s3000.pth	3	3000	12	mixed	[(6, 6), (9, 6)]	True	True	False	False	geometric5	10148123	3	27	2026-07-31	17.72552818614538	11.218728447201691	0.13958184859069067	11.031417669851884	0.10731559822909327	0.06844353594458971	0.0
/vol/bitbucket/osella/rl-qecc-data/supervisedLearning/sweep2/g5_mix_66-96_H3_s4000.pth	3	4000	12	mixed	[(6, 6), (9, 6)]	True	True	False	False	geometric5	10148123	3	27	2026-07-31	18.943826364662076	11.218728447201691	0.19714700907907767	3.0353784567744433	0.3724643527744849	0.2578409524280625	0.0
/vol/bitbucket/osella/rl-qecc-data/supervisedLearning/sweep2/g5_mix_66-96_H3_s4000.pth	3	4000	12	mixed	[(6, 6), (9, 6)]	True	True	False	False	geometric5	10148123	3	27	2026-07-31	18.943826364662076	11.218728447201691	0.19714700907907767	3.0353784567744433	0.3724643527744849	0.2578409524280625	0.0
/vol/bitbucket/osella/rl-qecc-data/supervisedLearning/sweep2/g5_mix_66-96_H3_s466555.pth	3	466555	12	mixed	[(6, 6), (9, 6)]	True	True	False	False	geometric5	10148123	3	27	2026-07-31	21.659222983218953	11.218728447201691	0.21097876355691672	1.8049234332399156	0.3935207321387419	0.27234533219189866	0.0
/vol/bitbucket/osella/rl-qecc-data/supervisedLearning/sweep2/g5_mix_66-96_H3_s466555.pth	3	466555	12	mixed	[(6, 6), (9, 6)]	True	True	False	False	geometric5	10148123	3	27	2026-07-31	21.659222983218953	11.218728447201691	0.21097876355691672	1.8049234332399156	0.3935207321387419	0.27234533219189866	0.0
/vol/bitbucket/osella/rl-qecc-data/supervisedLearning/sweep2/g5_mix_66-96_H3_s5000.pth	3	5000	12	mixed	[(6, 6), (9, 6)]	True	True	False	False	geometric5	10148123	3	27	2026-07-31	17.595725844707033	11.218728447201691	0.13550938543079613	9.061638947608774	0.24419632281711764	0.16641746767804227	0.0
/vol/bitbucket/osella/rl-qecc-data/supervisedLearning/sweep2/g5_mix_66-96_H3_s5000.pth	3	5000	12	mixed	[(6, 6), (9, 6)]	True	True	False	False	geometric5	10148123	3	27	2026-07-31	17.595725844707033	11.218728447201691	0.13550938543079613	9.061638947608774	0.24419632281711764	0.16641746767804227	0.0
/vol/bitbucket/osella/rl-qecc-data/supervisedLearning/sweep2/g5_mix_66-96_H3_s54321.pth	3	54321	12	mixed	[(6, 6), (9, 6)]	True	True	False	False	geometric5	10148123	3	27	2026-07-31	22.751771512033653	11.218728447201691	0.2184444581533456	3.779396491087891	0.35962243515955217	0.24927353539307168	0.0
/vol/bitbucket/osella/rl-qecc-data/supervisedLearning/sweep2/g5_mix_66-96_H3_s54321.pth	3	54321	12	mixed	[(6, 6), (9, 6)]	True	True	False	False	geometric5	10148123	3	27	2026-07-31	22.751771512033653	11.218728447201691	0.2184444581533456	3.779396491087891	0.35962243515955217	0.24927353539307168	0.0
/vol/bitbucket/osella/rl-qecc-data/supervisedLearning/sweep2/g5_mix_66-96_H3_s6000.pth	3	6000	12	mixed	[(6, 6), (9, 6)]	True	True	False	False	geometric5	10148123	3	27	2026-07-31	21.654282887783857	11.218728447201691	0.2090455101398345	3.3701360804632214	0.346431407943283	0.23751745843727481	0.0
/vol/bitbucket/osella/rl-qecc-data/supervisedLearning/sweep2/g5_mix_66-96_H3_s6000.pth	3	6000	12	mixed	[(6, 6), (9, 6)]	True	True	False	False	geometric5	10148123	3	27	2026-07-31	21.654282887783857	11.218728447201691	0.2090455101398345	3.3701360804632214	0.346431407943283	0.23751745843727481	0.0
/vol/bitbucket/osella/rl-qecc-data/supervisedLearning/sweep2/g5_mix_66-96_H3_s7134066.pth	3	7134066	12	mixed	[(6, 6), (9, 6)]	True	True	False	False	geometric5	10148123	3	27	2026-07-31	16.030007373179938	11.218728447201691	0.09853281890503435	4.446183786639035	0.17038117579921577	0.11449744418415457	0.0
/vol/bitbucket/osella/rl-qecc-data/supervisedLearning/sweep2/g5_mix_66-96_H3_s7134066.pth	3	7134066	12	mixed	[(6, 6), (9, 6)]	True	True	False	False	geometric5	10148123	3	27	2026-07-31	16.030007373179938	11.218728447201691	0.09853281890503435	4.446183786639035	0.17038117579921577	0.11449744418415457	0.0
/vol/bitbucket/osella/rl-qecc-data/supervisedLearning/sweep2/g5_mix_66-96_H4_s1000.pth	4	1000	12	mixed	[(6, 6), (9, 6)]	True	True	False	False	geometric5	10148123	3	27	2026-07-31	18.05856433467197	11.218728447201691	0.11767594827624127	7.24158439551591	0.1433972264048987	0.09455887646770487	0.0
/vol/bitbucket/osella/rl-qecc-data/supervisedLearning/sweep2/g5_mix_66-96_H4_s1000.pth	4	1000	12	mixed	[(6, 6), (9, 6)]	True	True	False	False	geometric5	10148123	3	27	2026-07-31	18.05856433467197	11.218728447201691	0.11767594827624127	7.24158439551591	0.1433972264048987	0.09455887646770487	0.0
/vol/bitbucket/osella/rl-qecc-data/supervisedLearning/sweep2/g5_mix_66-96_H4_s12345.pth	4	12345	12	mixed	[(6, 6), (9, 6)]	True	True	False	False	geometric5	10148123	3	27	2026-07-31	28.85222614830999	11.218728447201691	0.30953325386827807	1.8239802723144352	0.10642760596444177	0.06905376962149393	0.0
/vol/bitbucket/osella/rl-qecc-data/supervisedLearning/sweep2/g5_mix_66-96_H4_s12345.pth	4	12345	12	mixed	[(6, 6), (9, 6)]	True	True	False	False	geometric5	10148123	3	27	2026-07-31	28.85222614830999	11.218728447201691	0.30953325386827807	1.8239802723144352	0.10642760596444177	0.06905376962149393	0.0
/vol/bitbucket/osella/rl-qecc-data/supervisedLearning/sweep2/g5_mix_66-96_H4_s2000.pth	4	2000	12	mixed	[(6, 6), (9, 6)]	True	True	False	False	geometric5	10148123	3	27	2026-07-31	17.780778836220012	11.218728447201691	0.12104454866491772	6.089412771404391	0.46767693360735524	0.3277823061350212	0.0
/vol/bitbucket/osella/rl-qecc-data/supervisedLearning/sweep2/g5_mix_66-96_H4_s2000.pth	4	2000	12	mixed	[(6, 6), (9, 6)]	True	True	False	False	geometric5	10148123	3	27	2026-07-31	17.780778836220012	11.218728447201691	0.12104454866491772	6.089412771404391	0.46767693360735524	0.3277823061350212	0.0
/vol/bitbucket/osella/rl-qecc-data/supervisedLearning/sweep2/g5_mix_66-96_H4_s3000.pth	4	3000	12	mixed	[(6, 6), (9, 6)]	True	True	False	False	geometric5	10148123	3	27	2026-07-31	24.543114639130305	11.218728447201691	0.2481865148090594	2.4967259938461925	0.31510906199602906	0.21702924133326917	0.0
/vol/bitbucket/osella/rl-qecc-data/supervisedLearning/sweep2/g5_mix_66-96_H4_s3000.pth	4	3000	12	mixed	[(6, 6), (9, 6)]	True	True	False	False	geometric5	10148123	3	27	2026-07-31	24.543114639130305	11.218728447201691	0.2481865148090594	2.4967259938461925	0.31510906199602906	0.21702924133326917	0.0
/vol/bitbucket/osella/rl-qecc-data/supervisedLearning/sweep2/g5_mix_66-96_H4_s4000.pth	4	4000	12	mixed	[(6, 6), (9, 6)]	True	True	False	False	geometric5	10148123	3	27	2026-07-31	27.418092681004367	11.218728447201691	0.2861120828301827	2.1737083236805	0.34279937714286374	0.2320287261910515	0.0
/vol/bitbucket/osella/rl-qecc-data/supervisedLearning/sweep2/g5_mix_66-96_H4_s4000.pth	4	4000	12	mixed	[(6, 6), (9, 6)]	True	True	False	False	geometric5	10148123	3	27	2026-07-31	27.418092681004367	11.218728447201691	0.2861120828301827	2.1737083236805	0.34279937714286374	0.2320287261910515	0.0
/vol/bitbucket/osella/rl-qecc-data/supervisedLearning/sweep2/g5_mix_66-96_H4_s466555.pth	4	466555	12	mixed	[(6, 6), (9, 6)]	True	True	False	False	geometric5	10148123	3	27	2026-07-31	20.67756102534039	11.218728447201691	0.19633600997653064	7.755213748871978	0.02041064462303599	0.013821111606594095	0.0
/vol/bitbucket/osella/rl-qecc-data/supervisedLearning/sweep2/g5_mix_66-96_H4_s466555.pth	4	466555	12	mixed	[(6, 6), (9, 6)]	True	True	False	False	geometric5	10148123	3	27	2026-07-31	20.67756102534039	11.218728447201691	0.19633600997653064	7.755213748871978	0.02041064462303599	0.013821111606594095	0.0
/vol/bitbucket/osella/rl-qecc-data/supervisedLearning/sweep2/g5_mix_66-96_H4_s5000.pth	4	5000	12	mixed	[(6, 6), (9, 6)]	True	True	False	False	geometric5	10148123	3	27	2026-07-31	17.482394039971826	11.218728447201691	0.05334801296565874	16.930619604680444	0.35361282293241925	0.2420265792890065	0.0
/vol/bitbucket/osella/rl-qecc-data/supervisedLearning/sweep2/g5_mix_66-96_H4_s5000.pth	4	5000	12	mixed	[(6, 6), (9, 6)]	True	True	False	False	geometric5	10148123	3	27	2026-07-31	17.482394039971826	11.218728447201691	0.05334801296565874	16.930619604680444	0.35361282293241925	0.2420265792890065	0.0
/vol/bitbucket/osella/rl-qecc-data/supervisedLearning/sweep2/g5_mix_66-96_H4_s54321.pth	4	54321	12	mixed	[(6, 6), (9, 6)]	True	True	False	False	geometric5	10148123	3	27	2026-07-31	16.475584861038453	11.218728447201691	0.050850437490698404	5.034088979351983	-0.0903482468422377	-0.06180195860110286	0.0
/vol/bitbucket/osella/rl-qecc-data/supervisedLearning/sweep2/g5_mix_66-96_H4_s54321.pth	4	54321	12	mixed	[(6, 6), (9, 6)]	True	True	False	False	geometric5	10148123	3	27	2026-07-31	16.475584861038453	11.218728447201691	0.050850437490698404	5.034088979351983	-0.0903482468422377	-0.06180195860110286	0.0
/vol/bitbucket/osella/rl-qecc-data/supervisedLearning/sweep2/g5_mix_66-96_H4_s6000.pth	4	6000	12	mixed	[(6, 6), (9, 6)]	True	True	False	False	geometric5	10148123	3	27	2026-07-31	15.857577968453409	11.218728447201691	0.08984753804462155	11.192128331105701	0.23809451094027845	0.16345306233943044	0.0
/vol/bitbucket/osella/rl-qecc-data/supervisedLearning/sweep2/g5_mix_66-96_H4_s6000.pth	4	6000	12	mixed	[(6, 6), (9, 6)]	True	True	False	False	geometric5	10148123	3	27	2026-07-31	15.857577968453409	11.218728447201691	0.08984753804462155	11.192128331105701	0.23809451094027845	0.16345306233943044	0.0
/vol/bitbucket/osella/rl-qecc-data/supervisedLearning/sweep2/g5_mix_66-96_H4_s7134066.pth	4	7134066	12	mixed	[(6, 6), (9, 6)]	True	True	False	False	geometric5	10148123	3	27	2026-07-31	16.97190095918746	11.218728447201691	0.1391710601387148	4.520860113140028	0.24195717111053933	0.16762950133629248	0.0
/vol/bitbucket/osella/rl-qecc-data/supervisedLearning/sweep2/g5_mix_66-96_H4_s7134066.pth	4	7134066	12	mixed	[(6, 6), (9, 6)]	True	True	False	False	geometric5	10148123	3	27	2026-07-31	16.97190095918746	11.218728447201691	0.1391710601387148	4.520860113140028	0.24195717111053933	0.16762950133629248	0.0
/vol/bitbucket/osella/rl-qecc-data/supervisedLearning/sweep2/g5_mix_66-96_H6_s1000.pth	6	1000	12	mixed	[(6, 6), (9, 6)]	True	True	False	False	geometric5	10148123	3	27	2026-07-31	28.900667158753993	11.218728447201691	0.26495335912537077	1.5801468419438096	0.3800909923907294	0.2603379493672309	0.0
/vol/bitbucket/osella/rl-qecc-data/supervisedLearning/sweep2/g5_mix_66-96_H6_s1000.pth	6	1000	12	mixed	[(6, 6), (9, 6)]	True	True	False	False	geometric5	10148123	3	27	2026-07-31	28.900667158753993	11.218728447201691	0.26495335912537077	1.5801468419438096	0.3800909923907294	0.2603379493672309	0.0
/vol/bitbucket/osella/rl-qecc-data/supervisedLearning/sweep2/g5_mix_66-96_H6_s12345.pth	6	12345	12	mixed	[(6, 6), (9, 6)]	True	True	False	False	geometric5	10148123	3	27	2026-07-31	22.833472933335223	11.218728447201691	0.2758294064196386	1.645559777084161	0.2720946403336518	0.18685648043760678	0.0
/vol/bitbucket/osella/rl-qecc-data/supervisedLearning/sweep2/g5_mix_66-96_H6_s12345.pth	6	12345	12	mixed	[(6, 6), (9, 6)]	True	True	False	False	geometric5	10148123	3	27	2026-07-31	22.833472933335223	11.218728447201691	0.2758294064196386	1.645559777084161	0.2720946403336518	0.18685648043760678	0.0
/vol/bitbucket/osella/rl-qecc-data/supervisedLearning/sweep2/g5_mix_66-96_H6_s2000.pth	6	2000	12	mixed	[(6, 6), (9, 6)]	True	True	False	False	geometric5	10148123	3	27	2026-07-31	23.792898920436826	11.218728447201691	0.20309316849407483	1.6203868800922847	0.36669873018956256	0.250442694336153	0.0
/vol/bitbucket/osella/rl-qecc-data/supervisedLearning/sweep2/g5_mix_66-96_H6_s2000.pth	6	2000	12	mixed	[(6, 6), (9, 6)]	True	True	False	False	geometric5	10148123	3	27	2026-07-31	23.792898920436826	11.218728447201691	0.20309316849407483	1.6203868800922847	0.36669873018956256	0.250442694336153	0.0
/vol/bitbucket/osella/rl-qecc-data/supervisedLearning/sweep2/g5_mix_66-96_H6_s3000.pth	6	3000	12	mixed	[(6, 6), (9, 6)]	True	True	False	False	geometric5	10148123	3	27	2026-07-31	23.176743690154563	11.218728447201691	0.19286589934085463	3.7561105711070835	0.4172839339865337	0.28724916494840264	0.0
/vol/bitbucket/osella/rl-qecc-data/supervisedLearning/sweep2/g5_mix_66-96_H6_s3000.pth	6	3000	12	mixed	[(6, 6), (9, 6)]	True	True	False	False	geometric5	10148123	3	27	2026-07-31	23.176743690154563	11.218728447201691	0.19286589934085463	3.7561105711070835	0.4172839339865337	0.28724916494840264	0.0
/vol/bitbucket/osella/rl-qecc-data/supervisedLearning/sweep2/g5_mix_66-96_H6_s4000.pth	6	4000	12	mixed	[(6, 6), (9, 6)]	True	True	False	False	geometric5	10148123	3	27	2026-07-31	20.284118461238656	11.218728447201691	0.1857779640657721	2.7621681126969686	0.2900276056502179	0.19914321772311494	0.0
/vol/bitbucket/osella/rl-qecc-data/supervisedLearning/sweep2/g5_mix_66-96_H6_s4000.pth	6	4000	12	mixed	[(6, 6), (9, 6)]	True	True	False	False	geometric5	10148123	3	27	2026-07-31	20.284118461238656	11.218728447201691	0.1857779640657721	2.7621681126969686	0.2900276056502179	0.19914321772311494	0.0
/vol/bitbucket/osella/rl-qecc-data/supervisedLearning/sweep2/g5_mix_66-96_H6_s466555.pth	6	466555	12	mixed	[(6, 6), (9, 6)]	True	True	False	False	geometric5	10148123	3	27	2026-07-31	21.758756485244437	11.218728447201691	0.2319693802862037	1.814710015588811	0.3343474711728302	0.22705024556710654	0.0
/vol/bitbucket/osella/rl-qecc-data/supervisedLearning/sweep2/g5_mix_66-96_H6_s466555.pth	6	466555	12	mixed	[(6, 6), (9, 6)]	True	True	False	False	geometric5	10148123	3	27	2026-07-31	21.758756485244437	11.218728447201691	0.2319693802862037	1.814710015588811	0.3343474711728302	0.22705024556710654	0.0
/vol/bitbucket/osella/rl-qecc-data/supervisedLearning/sweep2/g5_mix_66-96_H6_s5000.pth	6	5000	12	mixed	[(6, 6), (9, 6)]	True	True	False	False	geometric5	10148123	3	27	2026-07-31	26.355950109408496	11.218728447201691	0.27852287566584005	1.5875675242903493	0.3009041091478842	0.20678698680496632	0.0
/vol/bitbucket/osella/rl-qecc-data/supervisedLearning/sweep2/g5_mix_66-96_H6_s5000.pth	6	5000	12	mixed	[(6, 6), (9, 6)]	True	True	False	False	geometric5	10148123	3	27	2026-07-31	26.355950109408496	11.218728447201691	0.27852287566584005	1.5875675242903493	0.3009041091478842	0.20678698680496632	0.0
/vol/bitbucket/osella/rl-qecc-data/supervisedLearning/sweep2/g5_mix_66-96_H6_s54321.pth	6	54321	12	mixed	[(6, 6), (9, 6)]	True	True	False	False	geometric5	10148123	3	27	2026-07-31	23.37055059827886	11.218728447201691	0.21816218394431386	2.290317774064457	0.2887822405301653	0.19906502488741445	0.0
/vol/bitbucket/osella/rl-qecc-data/supervisedLearning/sweep2/g5_mix_66-96_H6_s54321.pth	6	54321	12	mixed	[(6, 6), (9, 6)]	True	True	False	False	geometric5	10148123	3	27	2026-07-31	23.37055059827886	11.218728447201691	0.21816218394431386	2.290317774064457	0.2887822405301653	0.19906502488741445	0.0
/vol/bitbucket/osella/rl-qecc-data/supervisedLearning/sweep2/g5_mix_66-96_H6_s6000.pth	6	6000	12	mixed	[(6, 6), (9, 6)]	True	True	False	False	geometric5	10148123	3	27	2026-07-31	25.035035138554377	11.218728447201691	0.24341860008829969	2.2725971254273203	0.33352795520345824	0.22964689236119062	0.0
/vol/bitbucket/osella/rl-qecc-data/supervisedLearning/sweep2/g5_mix_66-96_H6_s6000.pth	6	6000	12	mixed	[(6, 6), (9, 6)]	True	True	False	False	geometric5	10148123	3	27	2026-07-31	25.035035138554377	11.218728447201691	0.24341860008829969	2.2725971254273203	0.33352795520345824	0.22964689236119062	0.0
/vol/bitbucket/osella/rl-qecc-data/supervisedLearning/sweep2/g5_mix_66-96_H6_s7134066.pth	6	7134066	12	mixed	[(6, 6), (9, 6)]	True	True	False	False	geometric5	10148123	3	27	2026-07-31	21.043305828204367	11.218728447201691	0.1896361758568755	1.659906000030896	0.42849695611520144	0.29877636432372084	0.0
/vol/bitbucket/osella/rl-qecc-data/supervisedLearning/sweep2/g5_mix_66-96_H6_s7134066.pth	6	7134066	12	mixed	[(6, 6), (9, 6)]	True	True	False	False	geometric5	10148123	3	27	2026-07-31	21.043305828204367	11.218728447201691	0.1896361758568755	1.659906000030896	0.42849695611520144	0.29877636432372084	0.0
/vol/bitbucket/osella/rl-qecc-data/supervisedLearning/sweep2/g5_mix_66-96_H7_s1000.pth	7	1000	12	mixed	[(6, 6), (9, 6)]	True	True	False	False	geometric5	10148123	3	27	2026-07-31	24.739436981283635	11.218728447201691	0.20119128568220815	1.4745911151246442	0.5116806800684431	0.3589525344720615	0.0
/vol/bitbucket/osella/rl-qecc-data/supervisedLearning/sweep2/g5_mix_66-96_H7_s1000.pth	7	1000	12	mixed	[(6, 6), (9, 6)]	True	True	False	False	geometric5	10148123	3	27	2026-07-31	24.739436981283635	11.218728447201691	0.20119128568220815	1.4745911151246442	0.5116806800684431	0.3589525344720615	0.0
/vol/bitbucket/osella/rl-qecc-data/supervisedLearning/sweep2/g5_mix_66-96_H7_s12345.pth	7	12345	12	mixed	[(6, 6), (9, 6)]	True	True	False	False	geometric5	10148123	3	27	2026-07-31	31.84198573560384	11.218728447201691	0.32674774982913574	1.5869606052764464	0.09907425243037533	0.06978356908542097	0.0
/vol/bitbucket/osella/rl-qecc-data/supervisedLearning/sweep2/g5_mix_66-96_H7_s12345.pth	7	12345	12	mixed	[(6, 6), (9, 6)]	True	True	False	False	geometric5	10148123	3	27	2026-07-31	31.84198573560384	11.218728447201691	0.32674774982913574	1.5869606052764464	0.09907425243037533	0.06978356908542097	0.0
/vol/bitbucket/osella/rl-qecc-data/supervisedLearning/sweep2/g5_mix_66-96_H7_s2000.pth	7	2000	12	mixed	[(6, 6), (9, 6)]	True	True	False	False	geometric5	10148123	3	27	2026-07-31	28.765098310380854	11.218728447201691	0.2623436764951339	1.8701470413192602	0.3603437451502763	0.24505031843982972	0.0
/vol/bitbucket/osella/rl-qecc-data/supervisedLearning/sweep2/g5_mix_66-96_H7_s2000.pth	7	2000	12	mixed	[(6, 6), (9, 6)]	True	True	False	False	geometric5	10148123	3	27	2026-07-31	28.765098310380854	11.218728447201691	0.2623436764951339	1.8701470413192602	0.3603437451502763	0.24505031843982972	0.0
/vol/bitbucket/osella/rl-qecc-data/supervisedLearning/sweep2/g5_mix_66-96_H7_s3000.pth	7	3000	12	mixed	[(6, 6), (9, 6)]	True	True	False	False	geometric5	10148123	3	27	2026-07-31	20.74602828821365	11.218728447201691	0.19184758184819747	1.4334852469462613	0.377396108787766	0.25948478002052194	0.0
/vol/bitbucket/osella/rl-qecc-data/supervisedLearning/sweep2/g5_mix_66-96_H7_s3000.pth	7	3000	12	mixed	[(6, 6), (9, 6)]	True	True	False	False	geometric5	10148123	3	27	2026-07-31	20.74602828821365	11.218728447201691	0.19184758184819747	1.4334852469462613	0.377396108787766	0.25948478002052194	0.0
/vol/bitbucket/osella/rl-qecc-data/supervisedLearning/sweep2/g5_mix_66-96_H7_s4000.pth	7	4000	12	mixed	[(6, 6), (9, 6)]	True	True	False	False	geometric5	10148123	3	27	2026-07-31	31.01970549755958	11.218728447201691	0.299830253929269	1.7277544718995808	0.30454424066573155	0.20948375420294507	0.0
/vol/bitbucket/osella/rl-qecc-data/supervisedLearning/sweep2/g5_mix_66-96_H7_s4000.pth	7	4000	12	mixed	[(6, 6), (9, 6)]	True	True	False	False	geometric5	10148123	3	27	2026-07-31	31.01970549755958	11.218728447201691	0.299830253929269	1.7277544718995808	0.30454424066573155	0.20948375420294507	0.0
/vol/bitbucket/osella/rl-qecc-data/supervisedLearning/sweep2/g5_mix_66-96_H7_s466555.pth	7	466555	12	mixed	[(6, 6), (9, 6)]	True	True	False	False	geometric5	10148123	3	27	2026-07-31	16.830088291527684	11.218728447201691	0.10685479217289819	6.017284871784505	0.40437205605388093	0.2800230012186569	0.0
/vol/bitbucket/osella/rl-qecc-data/supervisedLearning/sweep2/g5_mix_66-96_H7_s466555.pth	7	466555	12	mixed	[(6, 6), (9, 6)]	True	True	False	False	geometric5	10148123	3	27	2026-07-31	16.830088291527684	11.218728447201691	0.10685479217289819	6.017284871784505	0.40437205605388093	0.2800230012186569	0.0
/vol/bitbucket/osella/rl-qecc-data/supervisedLearning/sweep2/g5_mix_66-96_H7_s5000.pth	7	5000	12	mixed	[(6, 6), (9, 6)]	True	True	False	False	geometric5	10148123	3	27	2026-07-31	18.815760257379328	11.218728447201691	0.15266344938830176	1.6630902963234109	0.44333930413474204	0.30802929888086095	0.02
/vol/bitbucket/osella/rl-qecc-data/supervisedLearning/sweep2/g5_mix_66-96_H7_s5000.pth	7	5000	12	mixed	[(6, 6), (9, 6)]	True	True	False	False	geometric5	10148123	3	27	2026-07-31	18.815760257379328	11.218728447201691	0.15266344938830176	1.6630902963234109	0.44333930413474204	0.30802929888086095	0.02
/vol/bitbucket/osella/rl-qecc-data/supervisedLearning/sweep2/g5_mix_66-96_H7_s54321.pth	7	54321	12	mixed	[(6, 6), (9, 6)]	True	True	False	False	geometric5	10148123	3	27	2026-07-31	23.542756379181643	11.218728447201691	0.21828205067241738	1.9478891477206586	0.41779686702122004	0.28826069585653974	0.0
/vol/bitbucket/osella/rl-qecc-data/supervisedLearning/sweep2/g5_mix_66-96_H7_s54321.pth	7	54321	12	mixed	[(6, 6), (9, 6)]	True	True	False	False	geometric5	10148123	3	27	2026-07-31	23.542756379181643	11.218728447201691	0.21828205067241738	1.9478891477206586	0.41779686702122004	0.28826069585653974	0.0
/vol/bitbucket/osella/rl-qecc-data/supervisedLearning/sweep2/g5_mix_66-96_H7_s6000.pth	7	6000	12	mixed	[(6, 6), (9, 6)]	True	True	False	False	geometric5	10148123	3	27	2026-07-31	26.376921813100594	11.218728447201691	0.2397306461282806	1.6389491037055381	0.3782455358771734	0.26022665809426476	0.0
/vol/bitbucket/osella/rl-qecc-data/supervisedLearning/sweep2/g5_mix_66-96_H7_s6000.pth	7	6000	12	mixed	[(6, 6), (9, 6)]	True	True	False	False	geometric5	10148123	3	27	2026-07-31	26.376921813100594	11.218728447201691	0.2397306461282806	1.6389491037055381	0.3782455358771734	0.26022665809426476	0.0
/vol/bitbucket/osella/rl-qecc-data/supervisedLearning/sweep2/g5_mix_66-96_H7_s7134066.pth	7	7134066	12	mixed	[(6, 6), (9, 6)]	True	True	False	False	geometric5	10148123	3	27	2026-07-31	24.331189874811376	11.218728447201691	0.18996785054105036	1.708189850006861	0.4839313984200359	0.336598953953623	0.0
/vol/bitbucket/osella/rl-qecc-data/supervisedLearning/sweep2/g5_mix_66-96_H7_s7134066.pth	7	7134066	12	mixed	[(6, 6), (9, 6)]	True	True	False	False	geometric5	10148123	3	27	2026-07-31	24.331189874811376	11.218728447201691	0.18996785054105036	1.708189850006861	0.4839313984200359	0.336598953953623	0.0
/vol/bitbucket/osella/rl-qecc-data/supervisedLearning/sweep2/g5_mix_66_H10_s1000.pth	10	1000	24	mixed	[(6, 6)]	True	False	False	False	geometric5	10148123	3	27	2026-07-31	18.108624506576636	11.218728447201691	0.08890018407416947	8.098341802125896	0.27229846997305024	0.18693468837449886	0.0
/vol/bitbucket/osella/rl-qecc-data/supervisedLearning/sweep2/g5_mix_66_H10_s1000.pth	10	1000	24	mixed	[(6, 6)]	True	False	False	False	geometric5	10148123	3	27	2026-07-31	18.108624506576636	11.218728447201691	0.08890018407416947	8.098341802125896	0.27229846997305024	0.18693468837449886	0.0
/vol/bitbucket/osella/rl-qecc-data/supervisedLearning/sweep2/g5_mix_66_H10_s12345.pth	10	12345	24	mixed	[(6, 6)]	True	False	False	False	geometric5	10148123	3	27	2026-07-31	20.013145264331516	11.218728447201691	0.17093665702850325	2.744876675687343	0.32915357664882794	0.22414814773241085	0.0
/vol/bitbucket/osella/rl-qecc-data/supervisedLearning/sweep2/g5_mix_66_H10_s12345.pth	10	12345	24	mixed	[(6, 6)]	True	False	False	False	geometric5	10148123	3	27	2026-07-31	20.013145264331516	11.218728447201691	0.17093665702850325	2.744876675687343	0.32915357664882794	0.22414814773241085	0.0
/vol/bitbucket/osella/rl-qecc-data/supervisedLearning/sweep2/g5_mix_66_H10_s2000.pth	10	2000	24	mixed	[(6, 6)]	True	False	False	False	geometric5	10148123	3	27	2026-07-31	17.4212345221573	11.218728447201691	0.06080472478727318	15.57891302172737	0.3596777424694901	0.24892044790063228	0.0
/vol/bitbucket/osella/rl-qecc-data/supervisedLearning/sweep2/g5_mix_66_H10_s2000.pth	10	2000	24	mixed	[(6, 6)]	True	False	False	False	geometric5	10148123	3	27	2026-07-31	17.4212345221573	11.218728447201691	0.06080472478727318	15.57891302172737	0.3596777424694901	0.24892044790063228	0.0
/vol/bitbucket/osella/rl-qecc-data/supervisedLearning/sweep2/g5_mix_66_H10_s3000.pth	10	3000	24	mixed	[(6, 6)]	True	False	False	False	geometric5	10148123	3	27	2026-07-31	19.13270191911289	11.218728447201691	0.13563433890028467	4.63831238953215	0.3672183611926151	0.25289808259444857	0.0
/vol/bitbucket/osella/rl-qecc-data/supervisedLearning/sweep2/g5_mix_66_H10_s3000.pth	10	3000	24	mixed	[(6, 6)]	True	False	False	False	geometric5	10148123	3	27	2026-07-31	19.13270191911289	11.218728447201691	0.13563433890028467	4.63831238953215	0.3672183611926151	0.25289808259444857	0.0
/vol/bitbucket/osella/rl-qecc-data/supervisedLearning/sweep2/g5_mix_66_H10_s4000.pth	10	4000	24	mixed	[(6, 6)]	True	False	False	False	geometric5	10148123	3	27	2026-07-31	18.063410400192385	11.218728447201691	0.10283464330143333	11.098504918944103	0.26587415273897735	0.17944452496024071	0.0
/vol/bitbucket/osella/rl-qecc-data/supervisedLearning/sweep2/g5_mix_66_H10_s4000.pth	10	4000	24	mixed	[(6, 6)]	True	False	False	False	geometric5	10148123	3	27	2026-07-31	18.063410400192385	11.218728447201691	0.10283464330143333	11.098504918944103	0.26587415273897735	0.17944452496024071	0.0
/vol/bitbucket/osella/rl-qecc-data/supervisedLearning/sweep2/g5_mix_66_H10_s466555.pth	10	466555	24	mixed	[(6, 6)]	True	False	False	False	geometric5	10148123	3	27	2026-07-31	16.503658941094496	11.218728447201691	0.11182599065881522	3.766734765089208	0.3163191191918705	0.2177728968975201	0.0
/vol/bitbucket/osella/rl-qecc-data/supervisedLearning/sweep2/g5_mix_66_H10_s466555.pth	10	466555	24	mixed	[(6, 6)]	True	False	False	False	geometric5	10148123	3	27	2026-07-31	16.503658941094496	11.218728447201691	0.11182599065881522	3.766734765089208	0.3163191191918705	0.2177728968975201	0.0
/vol/bitbucket/osella/rl-qecc-data/supervisedLearning/sweep2/g5_mix_66_H10_s5000.pth	10	5000	24	mixed	[(6, 6)]	True	False	False	False	geometric5	10148123	3	27	2026-07-31	18.178284580464048	11.218728447201691	0.14028717828561094	3.2678350995282957	0.3615257842538763	0.24995501488300018	0.0
/vol/bitbucket/osella/rl-qecc-data/supervisedLearning/sweep2/g5_mix_66_H10_s5000.pth	10	5000	24	mixed	[(6, 6)]	True	False	False	False	geometric5	10148123	3	27	2026-07-31	18.178284580464048	11.218728447201691	0.14028717828561094	3.2678350995282957	0.3615257842538763	0.24995501488300018	0.0
/vol/bitbucket/osella/rl-qecc-data/supervisedLearning/sweep2/g5_mix_66_H10_s54321.pth	10	54321	24	mixed	[(6, 6)]	True	False	False	False	geometric5	10148123	3	27	2026-07-31	18.884690194943076	11.218728447201691	0.14272621398428456	1.7922588371014034	0.2898863572700843	0.19725245080916892	0.0
/vol/bitbucket/osella/rl-qecc-data/supervisedLearning/sweep2/g5_mix_66_H10_s54321.pth	10	54321	24	mixed	[(6, 6)]	True	False	False	False	geometric5	10148123	3	27	2026-07-31	18.884690194943076	11.218728447201691	0.14272621398428456	1.7922588371014034	0.2898863572700843	0.19725245080916892	0.0
/vol/bitbucket/osella/rl-qecc-data/supervisedLearning/sweep2/g5_mix_66_H10_s6000.pth	10	6000	24	mixed	[(6, 6)]	True	False	False	False	geometric5	10148123	3	27	2026-07-31	18.16657058146075	11.218728447201691	0.14691995374295375	3.5076105061450082	0.445841941800341	0.3112380491081037	0.0
/vol/bitbucket/osella/rl-qecc-data/supervisedLearning/sweep2/g5_mix_66_H10_s6000.pth	10	6000	24	mixed	[(6, 6)]	True	False	False	False	geometric5	10148123	3	27	2026-07-31	18.16657058146075	11.218728447201691	0.14691995374295375	3.5076105061450082	0.445841941800341	0.3112380491081037	0.0
/vol/bitbucket/osella/rl-qecc-data/supervisedLearning/sweep2/g5_mix_66_H10_s7134066.pth	10	7134066	24	mixed	[(6, 6)]	True	False	False	False	geometric5	10148123	3	27	2026-07-31	17.954142256773423	11.218728447201691	0.09781906753520325	12.470279411478181	0.3035259200682556	0.20838766724918278	0.0
/vol/bitbucket/osella/rl-qecc-data/supervisedLearning/sweep2/g5_mix_66_H10_s7134066.pth	10	7134066	24	mixed	[(6, 6)]	True	False	False	False	geometric5	10148123	3	27	2026-07-31	17.954142256773423	11.218728447201691	0.09781906753520325	12.470279411478181	0.3035259200682556	0.20838766724918278	0.0
/vol/bitbucket/osella/rl-qecc-data/supervisedLearning/sweep2/g5_mix_66_H3_s1000.pth	3	1000	24	mixed	[(6, 6)]	True	False	False	False	geometric5	10148123	3	27	2026-07-31	18.69408805299982	11.218728447201691	0.10546131879695235	8.706132749377716	0.21926206522679476	0.15007362902988816	0.0
/vol/bitbucket/osella/rl-qecc-data/supervisedLearning/sweep2/g5_mix_66_H3_s1000.pth	3	1000	24	mixed	[(6, 6)]	True	False	False	False	geometric5	10148123	3	27	2026-07-31	18.69408805299982	11.218728447201691	0.10546131879695235	8.706132749377716	0.21926206522679476	0.15007362902988816	0.0
/vol/bitbucket/osella/rl-qecc-data/supervisedLearning/sweep2/g5_mix_66_H3_s12345.pth	3	12345	24	mixed	[(6, 6)]	True	False	False	False	geometric5	10148123	3	27	2026-07-31	18.679259214855385	11.218728447201691	0.11690235671895596	8.517410425215553	0.12997073076715762	0.08700967542313559	0.0
/vol/bitbucket/osella/rl-qecc-data/supervisedLearning/sweep2/g5_mix_66_H3_s12345.pth	3	12345	24	mixed	[(6, 6)]	True	False	False	False	geometric5	10148123	3	27	2026-07-31	18.679259214855385	11.218728447201691	0.11690235671895596	8.517410425215553	0.12997073076715762	0.08700967542313559	0.0
/vol/bitbucket/osella/rl-qecc-data/supervisedLearning/sweep2/g5_mix_66_H3_s2000.pth	3	2000	24	mixed	[(6, 6)]	True	False	False	False	geometric5	10148123	3	27	2026-07-31	18.309675413670817	11.218728447201691	0.1360640171002442	6.369859367066284	0.24444732491401217	0.16493661893959483	0.0
/vol/bitbucket/osella/rl-qecc-data/supervisedLearning/sweep2/g5_mix_66_H3_s2000.pth	3	2000	24	mixed	[(6, 6)]	True	False	False	False	geometric5	10148123	3	27	2026-07-31	18.309675413670817	11.218728447201691	0.1360640171002442	6.369859367066284	0.24444732491401217	0.16493661893959483	0.0
/vol/bitbucket/osella/rl-qecc-data/supervisedLearning/sweep2/g5_mix_66_H3_s3000.pth	3	3000	24	mixed	[(6, 6)]	True	False	False	False	geometric5	10148123	3	27	2026-07-31	23.974200167847165	11.218728447201691	0.22198271349078086	3.516191677739919	0.26955034719614746	0.18345269327491587	0.0
/vol/bitbucket/osella/rl-qecc-data/supervisedLearning/sweep2/g5_mix_66_H3_s3000.pth	3	3000	24	mixed	[(6, 6)]	True	False	False	False	geometric5	10148123	3	27	2026-07-31	23.974200167847165	11.218728447201691	0.22198271349078086	3.516191677739919	0.26955034719614746	0.18345269327491587	0.0
/vol/bitbucket/osella/rl-qecc-data/supervisedLearning/sweep2/g5_mix_66_H3_s4000.pth	3	4000	24	mixed	[(6, 6)]	True	False	False	False	geometric5	10148123	3	27	2026-07-31	17.639296479506424	11.218728447201691	0.12638350918570243	4.117893096727595	0.2046558369267481	0.1376678658781966	0.0
/vol/bitbucket/osella/rl-qecc-data/supervisedLearning/sweep2/g5_mix_66_H3_s4000.pth	3	4000	24	mixed	[(6, 6)]	True	False	False	False	geometric5	10148123	3	27	2026-07-31	17.639296479506424	11.218728447201691	0.12638350918570243	4.117893096727595	0.2046558369267481	0.1376678658781966	0.0
/vol/bitbucket/osella/rl-qecc-data/supervisedLearning/sweep2/g5_mix_66_H3_s466555.pth	3	466555	24	mixed	[(6, 6)]	True	False	False	False	geometric5	10148123	3	27	2026-07-31	18.20811519426158	11.218728447201691	0.12005338826040325	4.985187195924652	0.3143429010783775	0.21750115861488528	0.0
/vol/bitbucket/osella/rl-qecc-data/supervisedLearning/sweep2/g5_mix_66_H3_s466555.pth	3	466555	24	mixed	[(6, 6)]	True	False	False	False	geometric5	10148123	3	27	2026-07-31	18.20811519426158	11.218728447201691	0.12005338826040325	4.985187195924652	0.3143429010783775	0.21750115861488528	0.0
/vol/bitbucket/osella/rl-qecc-data/supervisedLearning/sweep2/g5_mix_66_H3_s5000.pth	3	5000	24	mixed	[(6, 6)]	True	False	False	False	geometric5	10148123	3	27	2026-07-31	20.98593668955617	11.218728447201691	0.17238233547722717	2.5936613501982957	0.35849782116333967	0.2501490124151936	0.0
/vol/bitbucket/osella/rl-qecc-data/supervisedLearning/sweep2/g5_mix_66_H3_s5000.pth	3	5000	24	mixed	[(6, 6)]	True	False	False	False	geometric5	10148123	3	27	2026-07-31	20.98593668955617	11.218728447201691	0.17238233547722717	2.5936613501982957	0.35849782116333967	0.2501490124151936	0.0
/vol/bitbucket/osella/rl-qecc-data/supervisedLearning/sweep2/g5_mix_66_H3_s54321.pth	3	54321	24	mixed	[(6, 6)]	True	False	False	False	geometric5	10148123	3	27	2026-07-31	25.506643145901833	11.218728447201691	0.24323842292250952	1.7306567822451915	0.28261911533784206	0.1897766166158902	0.0
/vol/bitbucket/osella/rl-qecc-data/supervisedLearning/sweep2/g5_mix_66_H3_s54321.pth	3	54321	24	mixed	[(6, 6)]	True	False	False	False	geometric5	10148123	3	27	2026-07-31	25.506643145901833	11.218728447201691	0.24323842292250952	1.7306567822451915	0.28261911533784206	0.1897766166158902	0.0
/vol/bitbucket/osella/rl-qecc-data/supervisedLearning/sweep2/g5_mix_66_H3_s6000.pth	3	6000	24	mixed	[(6, 6)]	True	False	False	False	geometric5	10148123	3	27	2026-07-31	18.026252166868172	11.218728447201691	0.1376122987398438	3.3767886269352276	0.27771165121559094	0.1896620383051568	0.0
/vol/bitbucket/osella/rl-qecc-data/supervisedLearning/sweep2/g5_mix_66_H3_s6000.pth	3	6000	24	mixed	[(6, 6)]	True	False	False	False	geometric5	10148123	3	27	2026-07-31	18.026252166868172	11.218728447201691	0.1376122987398438	3.3767886269352276	0.27771165121559094	0.1896620383051568	0.0
/vol/bitbucket/osella/rl-qecc-data/supervisedLearning/sweep2/g5_mix_66_H3_s7134066.pth	3	7134066	24	mixed	[(6, 6)]	True	False	False	False	geometric5	10148123	3	27	2026-07-31	18.498516924734307	11.218728447201691	0.13898597900362825	3.7539343008450423	0.38537654802600846	0.2676031733908465	0.0
/vol/bitbucket/osella/rl-qecc-data/supervisedLearning/sweep2/g5_mix_66_H3_s7134066.pth	3	7134066	24	mixed	[(6, 6)]	True	False	False	False	geometric5	10148123	3	27	2026-07-31	18.498516924734307	11.218728447201691	0.13898597900362825	3.7539343008450423	0.38537654802600846	0.2676031733908465	0.0
/vol/bitbucket/osella/rl-qecc-data/supervisedLearning/sweep2/g5_mix_66_H4_s1000.pth	4	1000	24	mixed	[(6, 6)]	True	False	False	False	geometric5	10148123	3	27	2026-07-31	21.485298408868864	11.218728447201691	0.18127162975971758	5.942974768220366	0.3251545760841557	0.22239027624839647	0.0
/vol/bitbucket/osella/rl-qecc-data/supervisedLearning/sweep2/g5_mix_66_H4_s1000.pth	4	1000	24	mixed	[(6, 6)]	True	False	False	False	geometric5	10148123	3	27	2026-07-31	21.485298408868864	11.218728447201691	0.18127162975971758	5.942974768220366	0.3251545760841557	0.22239027624839647	0.0
/vol/bitbucket/osella/rl-qecc-data/supervisedLearning/sweep2/g5_mix_66_H4_s12345.pth	4	12345	24	mixed	[(6, 6)]	True	False	False	False	geometric5	10148123	3	27	2026-07-31	18.242101085343496	11.218728447201691	0.14020323287110067	7.387313520869921	0.0536235138358186	0.035257491160883336	0.0
/vol/bitbucket/osella/rl-qecc-data/supervisedLearning/sweep2/g5_mix_66_H4_s12345.pth	4	12345	24	mixed	[(6, 6)]	True	False	False	False	geometric5	10148123	3	27	2026-07-31	18.242101085343496	11.218728447201691	0.14020323287110067	7.387313520869921	0.0536235138358186	0.035257491160883336	0.0
/vol/bitbucket/osella/rl-qecc-data/supervisedLearning/sweep2/g5_mix_66_H4_s2000.pth	4	2000	24	mixed	[(6, 6)]	True	False	False	False	geometric5	10148123	3	27	2026-07-31	19.348362998266136	11.218728447201691	0.06929850214080019	8.058968189893125	0.3039203654671019	0.2085769185637027	0.0
/vol/bitbucket/osella/rl-qecc-data/supervisedLearning/sweep2/g5_mix_66_H4_s2000.pth	4	2000	24	mixed	[(6, 6)]	True	False	False	False	geometric5	10148123	3	27	2026-07-31	19.348362998266136	11.218728447201691	0.06929850214080019	8.058968189893125	0.3039203654671019	0.2085769185637027	0.0
/vol/bitbucket/osella/rl-qecc-data/supervisedLearning/sweep2/g5_mix_66_H4_s3000.pth	4	3000	24	mixed	[(6, 6)]	True	False	False	False	geometric5	10148123	3	27	2026-07-31	15.720905710374891	11.218728447201691	0.08539983977646673	8.231111400631663	0.2945435223632931	0.20214585741126068	0.0
/vol/bitbucket/osella/rl-qecc-data/supervisedLearning/sweep2/g5_mix_66_H4_s3000.pth	4	3000	24	mixed	[(6, 6)]	True	False	False	False	geometric5	10148123	3	27	2026-07-31	15.720905710374891	11.218728447201691	0.08539983977646673	8.231111400631663	0.2945435223632931	0.20214585741126068	0.0
/vol/bitbucket/osella/rl-qecc-data/supervisedLearning/sweep2/g5_mix_66_H4_s4000.pth	4	4000	24	mixed	[(6, 6)]	True	False	False	False	geometric5	10148123	3	27	2026-07-31	20.241358884065054	11.218728447201691	0.16234790383961506	6.45400741625423	0.3322811395086723	0.23046865569581046	0.0
/vol/bitbucket/osella/rl-qecc-data/supervisedLearning/sweep2/g5_mix_66_H4_s4000.pth	4	4000	24	mixed	[(6, 6)]	True	False	False	False	geometric5	10148123	3	27	2026-07-31	20.241358884065054	11.218728447201691	0.16234790383961506	6.45400741625423	0.3322811395086723	0.23046865569581046	0.0
/vol/bitbucket/osella/rl-qecc-data/supervisedLearning/sweep2/g5_mix_66_H4_s466555.pth	4	466555	24	mixed	[(6, 6)]	True	False	False	False	geometric5	10148123	3	27	2026-07-31	18.915775577798737	11.218728447201691	0.12533489985799318	6.427354923732322	0.3317118829326191	0.22862416177225375	0.0
/vol/bitbucket/osella/rl-qecc-data/supervisedLearning/sweep2/g5_mix_66_H4_s466555.pth	4	466555	24	mixed	[(6, 6)]	True	False	False	False	geometric5	10148123	3	27	2026-07-31	18.915775577798737	11.218728447201691	0.12533489985799318	6.427354923732322	0.3317118829326191	0.22862416177225375	0.0
/vol/bitbucket/osella/rl-qecc-data/supervisedLearning/sweep2/g5_mix_66_H4_s5000.pth	4	5000	24	mixed	[(6, 6)]	True	False	False	False	geometric5	10148123	3	27	2026-07-31	20.2449998164477	11.218728447201691	0.14903200243895867	3.7295529005801593	0.3006238475460439	0.2052815537866827	0.0
/vol/bitbucket/osella/rl-qecc-data/supervisedLearning/sweep2/g5_mix_66_H4_s5000.pth	4	5000	24	mixed	[(6, 6)]	True	False	False	False	geometric5	10148123	3	27	2026-07-31	20.2449998164477	11.218728447201691	0.14903200243895867	3.7295529005801593	0.3006238475460439	0.2052815537866827	0.0
/vol/bitbucket/osella/rl-qecc-data/supervisedLearning/sweep2/g5_mix_66_H4_s54321.pth	4	54321	24	mixed	[(6, 6)]	True	False	False	False	geometric5	10148123	3	27	2026-07-31	18.914757435147774	11.218728447201691	0.1260153576566998	5.877918129866772	0.30130441493856397	0.20696345955802256	0.0
/vol/bitbucket/osella/rl-qecc-data/supervisedLearning/sweep2/g5_mix_66_H4_s54321.pth	4	54321	24	mixed	[(6, 6)]	True	False	False	False	geometric5	10148123	3	27	2026-07-31	18.914757435147774	11.218728447201691	0.1260153576566998	5.877918129866772	0.30130441493856397	0.20696345955802256	0.0
/vol/bitbucket/osella/rl-qecc-data/supervisedLearning/sweep2/g5_mix_66_H4_s6000.pth	4	6000	24	mixed	[(6, 6)]	True	False	False	False	geometric5	10148123	3	27	2026-07-31	24.126708592471115	11.218728447201691	0.23497988261742433	3.7256311916820812	0.31416461211445396	0.2144771691614331	0.0
/vol/bitbucket/osella/rl-qecc-data/supervisedLearning/sweep2/g5_mix_66_H4_s6000.pth	4	6000	24	mixed	[(6, 6)]	True	False	False	False	geometric5	10148123	3	27	2026-07-31	24.126708592471115	11.218728447201691	0.23497988261742433	3.7256311916820812	0.31416461211445396	0.2144771691614331	0.0
/vol/bitbucket/osella/rl-qecc-data/supervisedLearning/sweep2/g5_mix_66_H4_s7134066.pth	4	7134066	24	mixed	[(6, 6)]	True	False	False	False	geometric5	10148123	3	27	2026-07-31	17.570572321560082	11.218728447201691	0.10795651953143465	9.898028916082156	0.32294270291885135	0.2216482624543191	0.0
/vol/bitbucket/osella/rl-qecc-data/supervisedLearning/sweep2/g5_mix_66_H4_s7134066.pth	4	7134066	24	mixed	[(6, 6)]	True	False	False	False	geometric5	10148123	3	27	2026-07-31	17.570572321560082	11.218728447201691	0.10795651953143465	9.898028916082156	0.32294270291885135	0.2216482624543191	0.0
/vol/bitbucket/osella/rl-qecc-data/supervisedLearning/sweep2/g5_mix_66_H6_s1000.pth	6	1000	24	mixed	[(6, 6)]	True	False	False	False	geometric5	10148123	3	27	2026-07-31	24.82966057551193	11.218728447201691	0.2638413330500088	1.974424197285817	0.4065608431763741	0.2803848695264955	0.0
/vol/bitbucket/osella/rl-qecc-data/supervisedLearning/sweep2/g5_mix_66_H6_s1000.pth	6	1000	24	mixed	[(6, 6)]	True	False	False	False	geometric5	10148123	3	27	2026-07-31	24.82966057551193	11.218728447201691	0.2638413330500088	1.974424197285817	0.4065608431763741	0.2803848695264955	0.0
/vol/bitbucket/osella/rl-qecc-data/supervisedLearning/sweep2/g5_mix_66_H6_s12345.pth	6	12345	24	mixed	[(6, 6)]	True	False	False	False	geometric5	10148123	3	27	2026-07-31	21.103348817577817	11.218728447201691	0.18771899200292969	5.019587946876842	0.34960530955958163	0.24086843543894626	0.0
/vol/bitbucket/osella/rl-qecc-data/supervisedLearning/sweep2/g5_mix_66_H6_s12345.pth	6	12345	24	mixed	[(6, 6)]	True	False	False	False	geometric5	10148123	3	27	2026-07-31	21.103348817577817	11.218728447201691	0.18771899200292969	5.019587946876842	0.34960530955958163	0.24086843543894626	0.0
/vol/bitbucket/osella/rl-qecc-data/supervisedLearning/sweep2/g5_mix_66_H6_s2000.pth	6	2000	24	mixed	[(6, 6)]	True	False	False	False	geometric5	10148123	3	27	2026-07-31	20.011267639257955	11.218728447201691	0.1547479663820104	4.4791305525172085	0.31737753959729803	0.21620035007044075	0.0
/vol/bitbucket/osella/rl-qecc-data/supervisedLearning/sweep2/g5_mix_66_H6_s2000.pth	6	2000	24	mixed	[(6, 6)]	True	False	False	False	geometric5	10148123	3	27	2026-07-31	20.011267639257955	11.218728447201691	0.1547479663820104	4.4791305525172085	0.31737753959729803	0.21620035007044075	0.0
/vol/bitbucket/osella/rl-qecc-data/supervisedLearning/sweep2/g5_mix_66_H6_s3000.pth	6	3000	24	mixed	[(6, 6)]	True	False	False	False	geometric5	10148123	3	27	2026-07-31	16.44421764123937	11.218728447201691	0.06682978373619433	15.007765517900346	0.2735868833732503	0.1854845150793704	0.0
/vol/bitbucket/osella/rl-qecc-data/supervisedLearning/sweep2/g5_mix_66_H6_s3000.pth	6	3000	24	mixed	[(6, 6)]	True	False	False	False	geometric5	10148123	3	27	2026-07-31	16.44421764123937	11.218728447201691	0.06682978373619433	15.007765517900346	0.2735868833732503	0.1854845150793704	0.0
/vol/bitbucket/osella/rl-qecc-data/supervisedLearning/sweep2/g5_mix_66_H6_s4000.pth	6	4000	24	mixed	[(6, 6)]	True	False	False	False	geometric5	10148123	3	27	2026-07-31	18.105100753025045	11.218728447201691	0.11556889353867325	8.874458457882596	0.1358989187071379	0.09341447569693691	0.0
/vol/bitbucket/osella/rl-qecc-data/supervisedLearning/sweep2/g5_mix_66_H6_s4000.pth	6	4000	24	mixed	[(6, 6)]	True	False	False	False	geometric5	10148123	3	27	2026-07-31	18.105100753025045	11.218728447201691	0.11556889353867325	8.874458457882596	0.1358989187071379	0.09341447569693691	0.0
/vol/bitbucket/osella/rl-qecc-data/supervisedLearning/sweep2/g5_mix_66_H6_s466555.pth	6	466555	24	mixed	[(6, 6)]	True	False	False	False	geometric5	10148123	3	27	2026-07-31	19.118894435088873	11.218728447201691	0.14688949182015718	2.676421636212989	0.11722815546684474	0.08251929533460098	0.0
/vol/bitbucket/osella/rl-qecc-data/supervisedLearning/sweep2/g5_mix_66_H6_s466555.pth	6	466555	24	mixed	[(6, 6)]	True	False	False	False	geometric5	10148123	3	27	2026-07-31	19.118894435088873	11.218728447201691	0.14688949182015718	2.676421636212989	0.11722815546684474	0.08251929533460098	0.0
/vol/bitbucket/osella/rl-qecc-data/supervisedLearning/sweep2/g5_mix_66_H6_s5000.pth	6	5000	24	mixed	[(6, 6)]	True	False	False	False	geometric5	10148123	3	27	2026-07-31	19.327470266471646	11.218728447201691	0.12482503629249718	8.875558232250434	0.2383088777709168	0.16230554069850855	0.02
/vol/bitbucket/osella/rl-qecc-data/supervisedLearning/sweep2/g5_mix_66_H6_s5000.pth	6	5000	24	mixed	[(6, 6)]	True	False	False	False	geometric5	10148123	3	27	2026-07-31	19.327470266471646	11.218728447201691	0.12482503629249718	8.875558232250434	0.2383088777709168	0.16230554069850855	0.02
/vol/bitbucket/osella/rl-qecc-data/supervisedLearning/sweep2/g5_mix_66_H6_s54321.pth	6	54321	24	mixed	[(6, 6)]	True	False	False	False	geometric5	10148123	3	27	2026-07-31	29.892315158891936	11.218728447201691	0.26614147144477013	1.694073689445833	0.34587973789316495	0.2353699208676475	0.0
/vol/bitbucket/osella/rl-qecc-data/supervisedLearning/sweep2/g5_mix_66_H6_s54321.pth	6	54321	24	mixed	[(6, 6)]	True	False	False	False	geometric5	10148123	3	27	2026-07-31	29.892315158891936	11.218728447201691	0.26614147144477013	1.694073689445833	0.34587973789316495	0.2353699208676475	0.0
/vol/bitbucket/osella/rl-qecc-data/supervisedLearning/sweep2/g5_mix_66_H6_s6000.pth	6	6000	24	mixed	[(6, 6)]	True	False	False	False	geometric5	10148123	3	27	2026-07-31	18.063731857902194	11.218728447201691	0.14409195528968796	3.205253914184662	0.3547984265700277	0.24427978130501782	0.0
/vol/bitbucket/osella/rl-qecc-data/supervisedLearning/sweep2/g5_mix_66_H6_s6000.pth	6	6000	24	mixed	[(6, 6)]	True	False	False	False	geometric5	10148123	3	27	2026-07-31	18.063731857902194	11.218728447201691	0.14409195528968796	3.205253914184662	0.3547984265700277	0.24427978130501782	0.0
/vol/bitbucket/osella/rl-qecc-data/supervisedLearning/sweep2/g5_mix_66_H6_s7134066.pth	6	7134066	24	mixed	[(6, 6)]	True	False	False	False	geometric5	10148123	3	27	2026-07-31	17.564373295011052	11.218728447201691	0.10879401402271449	3.713569747105642	0.37311190277933554	0.2566421280282231	0.0
/vol/bitbucket/osella/rl-qecc-data/supervisedLearning/sweep2/g5_mix_66_H6_s7134066.pth	6	7134066	24	mixed	[(6, 6)]	True	False	False	False	geometric5	10148123	3	27	2026-07-31	17.564373295011052	11.218728447201691	0.10879401402271449	3.713569747105642	0.37311190277933554	0.2566421280282231	0.0
/vol/bitbucket/osella/rl-qecc-data/supervisedLearning/sweep2/g5_mix_66_H7_s1000.pth	7	1000	24	mixed	[(6, 6)]	True	False	False	False	geometric5	10148123	3	27	2026-07-31	18.356685474313778	11.218728447201691	0.13049367750880833	2.6621783381217408	0.38235360587521705	0.2641346232428807	0.02
/vol/bitbucket/osella/rl-qecc-data/supervisedLearning/sweep2/g5_mix_66_H7_s1000.pth	7	1000	24	mixed	[(6, 6)]	True	False	False	False	geometric5	10148123	3	27	2026-07-31	18.356685474313778	11.218728447201691	0.13049367750880833	2.6621783381217408	0.38235360587521705	0.2641346232428807	0.02
/vol/bitbucket/osella/rl-qecc-data/supervisedLearning/sweep2/g5_mix_66_H7_s12345.pth	7	12345	24	mixed	[(6, 6)]	True	False	False	False	geometric5	10148123	3	27	2026-07-31	17.306077179106993	11.218728447201691	0.11299250921783346	6.693846180027028	0.45010658249837804	0.31431160889205056	0.0
/vol/bitbucket/osella/rl-qecc-data/supervisedLearning/sweep2/g5_mix_66_H7_s12345.pth	7	12345	24	mixed	[(6, 6)]	True	False	False	False	geometric5	10148123	3	27	2026-07-31	17.306077179106993	11.218728447201691	0.11299250921783346	6.693846180027028	0.45010658249837804	0.31431160889205056	0.0
/vol/bitbucket/osella/rl-qecc-data/supervisedLearning/sweep2/g5_mix_66_H7_s2000.pth	7	2000	24	mixed	[(6, 6)]	True	False	False	False	geometric5	10148123	3	27	2026-07-31	18.768917423460522	11.218728447201691	0.13854766436278612	3.8332224471598924	0.3723140575378698	0.25949925962846676	0.0
/vol/bitbucket/osella/rl-qecc-data/supervisedLearning/sweep2/g5_mix_66_H7_s2000.pth	7	2000	24	mixed	[(6, 6)]	True	False	False	False	geometric5	10148123	3	27	2026-07-31	18.768917423460522	11.218728447201691	0.13854766436278612	3.8332224471598924	0.3723140575378698	0.25949925962846676	0.0
/vol/bitbucket/osella/rl-qecc-data/supervisedLearning/sweep2/g5_mix_66_H7_s3000.pth	7	3000	24	mixed	[(6, 6)]	True	False	False	False	geometric5	10148123	3	27	2026-07-31	15.93519476076732	11.218728447201691	0.06496509379197413	6.888401464602401	0.3510718976933665	0.2426777337088298	0.0
/vol/bitbucket/osella/rl-qecc-data/supervisedLearning/sweep2/g5_mix_66_H7_s3000.pth	7	3000	24	mixed	[(6, 6)]	True	False	False	False	geometric5	10148123	3	27	2026-07-31	15.93519476076732	11.218728447201691	0.06496509379197413	6.888401464602401	0.3510718976933665	0.2426777337088298	0.0
/vol/bitbucket/osella/rl-qecc-data/supervisedLearning/sweep2/g5_mix_66_H7_s4000.pth	7	4000	24	mixed	[(6, 6)]	True	False	False	False	geometric5	10148123	3	27	2026-07-31	18.886828003945176	11.218728447201691	0.13701323010524316	4.217374531974688	0.37127757967601355	0.2584271388587654	0.0
/vol/bitbucket/osella/rl-qecc-data/supervisedLearning/sweep2/g5_mix_66_H7_s4000.pth	7	4000	24	mixed	[(6, 6)]	True	False	False	False	geometric5	10148123	3	27	2026-07-31	18.886828003945176	11.218728447201691	0.13701323010524316	4.217374531974688	0.37127757967601355	0.2584271388587654	0.0
/vol/bitbucket/osella/rl-qecc-data/supervisedLearning/sweep2/g5_mix_66_H7_s466555.pth	7	466555	24	mixed	[(6, 6)]	True	False	False	False	geometric5	10148123	3	27	2026-07-31	26.006821692994414	11.218728447201691	0.2499543385138886	2.5698807157069417	0.32115647272616166	0.21937282213095644	0.0
/vol/bitbucket/osella/rl-qecc-data/supervisedLearning/sweep2/g5_mix_66_H7_s466555.pth	7	466555	24	mixed	[(6, 6)]	True	False	False	False	geometric5	10148123	3	27	2026-07-31	26.006821692994414	11.218728447201691	0.2499543385138886	2.5698807157069417	0.32115647272616166	0.21937282213095644	0.0
/vol/bitbucket/osella/rl-qecc-data/supervisedLearning/sweep2/g5_mix_66_H7_s5000.pth	7	5000	24	mixed	[(6, 6)]	True	False	False	False	geometric5	10148123	3	27	2026-07-31	18.0973703298391	11.218728447201691	0.11788922755599245	7.065752323487113	0.3534669490450905	0.24447309403358733	0.02
/vol/bitbucket/osella/rl-qecc-data/supervisedLearning/sweep2/g5_mix_66_H7_s5000.pth	7	5000	24	mixed	[(6, 6)]	True	False	False	False	geometric5	10148123	3	27	2026-07-31	18.0973703298391	11.218728447201691	0.11788922755599245	7.065752323487113	0.3534669490450905	0.24447309403358733	0.02
/vol/bitbucket/osella/rl-qecc-data/supervisedLearning/sweep2/g5_mix_66_H7_s54321.pth	7	54321	24	mixed	[(6, 6)]	True	False	False	False	geometric5	10148123	3	27	2026-07-31	22.19849214351781	11.218728447201691	0.21027060349761514	2.631751021164237	0.08802615532013053	0.05914665884963759	0.0
/vol/bitbucket/osella/rl-qecc-data/supervisedLearning/sweep2/g5_mix_66_H7_s54321.pth	7	54321	24	mixed	[(6, 6)]	True	False	False	False	geometric5	10148123	3	27	2026-07-31	22.19849214351781	11.218728447201691	0.21027060349761514	2.631751021164237	0.08802615532013053	0.05914665884963759	0.0
/vol/bitbucket/osella/rl-qecc-data/supervisedLearning/sweep2/g5_mix_66_H7_s6000.pth	7	6000	24	mixed	[(6, 6)]	True	False	False	False	geometric5	10148123	3	27	2026-07-31	17.335330053343945	11.218728447201691	0.10614501237499453	4.170222688182106	0.2799287020277208	0.19110201642973865	0.0
/vol/bitbucket/osella/rl-qecc-data/supervisedLearning/sweep2/g5_mix_66_H7_s6000.pth	7	6000	24	mixed	[(6, 6)]	True	False	False	False	geometric5	10148123	3	27	2026-07-31	17.335330053343945	11.218728447201691	0.10614501237499453	4.170222688182106	0.2799287020277208	0.19110201642973865	0.0
/vol/bitbucket/osella/rl-qecc-data/supervisedLearning/sweep2/g5_mix_66_H7_s7134066.pth	7	7134066	24	mixed	[(6, 6)]	True	False	False	False	geometric5	10148123	3	27	2026-07-31	19.065151487133384	11.218728447201691	0.1485815800606812	3.9294814978996637	0.38791927000947796	0.26931999879685803	0.0
/vol/bitbucket/osella/rl-qecc-data/supervisedLearning/sweep2/g5_mix_66_H7_s7134066.pth	7	7134066	24	mixed	[(6, 6)]	True	False	False	False	geometric5	10148123	3	27	2026-07-31	19.065151487133384	11.218728447201691	0.1485815800606812	3.9294814978996637	0.38791927000947796	0.26931999879685803	0.0
/vol/bitbucket/osella/rl-qecc-data/supervisedLearning/sweep2/g5_ground_anch_H10_s1000.pth	10	1000	2	groundAnchored	[(6, 6), (9, 6), (12, 6), (15, 3)]	True	True	True	True	geometric5	18402947	5	15	2026-07-31	11.628828085103388	9.340422154314146	0.06292482171626257	3.472556903010034	0.424564773764564	0.29584770719523346	0.0
/vol/bitbucket/osella/rl-qecc-data/supervisedLearning/sweep2/g5_ground_anch_H10_s1000.pth	10	1000	2	groundAnchored	[(6, 6), (9, 6), (12, 6), (15, 3)]	True	True	True	True	geometric5	18402947	5	15	2026-07-31	11.628828085103388	9.340422154314146	0.06292482171626257	3.472556903010034	0.424564773764564	0.29584770719523346	0.0
/vol/bitbucket/osella/rl-qecc-data/supervisedLearning/sweep2/g5_ground_anch_H10_s12345.pth	10	12345	2	groundAnchored	[(6, 6), (9, 6), (12, 6), (15, 3)]	True	True	True	True	geometric5	18402947	5	15	2026-07-31	12.768586172431032	9.340422154314146	0.10888138156662383	2.055259926011097	0.4396036977198883	0.30282257105267957	0.02
/vol/bitbucket/osella/rl-qecc-data/supervisedLearning/sweep2/g5_ground_anch_H10_s12345.pth	10	12345	2	groundAnchored	[(6, 6), (9, 6), (12, 6), (15, 3)]	True	True	True	True	geometric5	18402947	5	15	2026-07-31	12.768586172431032	9.340422154314146	0.10888138156662383	2.055259926011097	0.4396036977198883	0.30282257105267957	0.02
/vol/bitbucket/osella/rl-qecc-data/supervisedLearning/sweep2/g5_ground_anch_H10_s2000.pth	10	2000	2	groundAnchored	[(6, 6), (9, 6), (12, 6), (15, 3)]	True	True	True	True	geometric5	18402947	5	15	2026-07-31	12.876326533353927	9.340422154314146	0.09779203025967267	2.755479103751041	0.4650675633604657	0.32700705729297036	0.0
/vol/bitbucket/osella/rl-qecc-data/supervisedLearning/sweep2/g5_ground_anch_H10_s2000.pth	10	2000	2	groundAnchored	[(6, 6), (9, 6), (12, 6), (15, 3)]	True	True	True	True	geometric5	18402947	5	15	2026-07-31	12.876326533353927	9.340422154314146	0.09779203025967267	2.755479103751041	0.4650675633604657	0.32700705729297036	0.0
/vol/bitbucket/osella/rl-qecc-data/supervisedLearning/sweep2/g5_ground_anch_H10_s3000.pth	10	3000	2	groundAnchored	[(6, 6), (9, 6), (12, 6), (15, 3)]	True	True	True	True	geometric5	18402947	5	15	2026-07-31	12.701498281892748	9.340422154314146	0.09410929796052003	2.2587421878718836	0.470664382292804	0.3278014421173541	0.0
/vol/bitbucket/osella/rl-qecc-data/supervisedLearning/sweep2/g5_ground_anch_H10_s3000.pth	10	3000	2	groundAnchored	[(6, 6), (9, 6), (12, 6), (15, 3)]	True	True	True	True	geometric5	18402947	5	15	2026-07-31	12.701498281892748	9.340422154314146	0.09410929796052003	2.2587421878718836	0.470664382292804	0.3278014421173541	0.0
/vol/bitbucket/osella/rl-qecc-data/supervisedLearning/sweep2/g5_ground_anch_H10_s4000.pth	10	4000	2	groundAnchored	[(6, 6), (9, 6), (12, 6), (15, 3)]	True	True	True	True	geometric5	18402947	5	15	2026-07-31	12.179552475739426	9.340422154314146	0.08884344233977272	2.637066857616612	0.39299704180645917	0.2718043388508321	0.0
/vol/bitbucket/osella/rl-qecc-data/supervisedLearning/sweep2/g5_ground_anch_H10_s4000.pth	10	4000	2	groundAnchored	[(6, 6), (9, 6), (12, 6), (15, 3)]	True	True	True	True	geometric5	18402947	5	15	2026-07-31	12.179552475739426	9.340422154314146	0.08884344233977272	2.637066857616612	0.39299704180645917	0.2718043388508321	0.0
/vol/bitbucket/osella/rl-qecc-data/supervisedLearning/sweep2/g5_ground_anch_H10_s466555.pth	10	466555	2	groundAnchored	[(6, 6), (9, 6), (12, 6), (15, 3)]	True	True	True	True	geometric5	18402947	5	15	2026-07-31	11.582934593553798	9.340422154314146	0.05416487852096041	2.3717217757192457	0.3931434419110352	0.2727997425043798	0.0
/vol/bitbucket/osella/rl-qecc-data/supervisedLearning/sweep2/g5_ground_anch_H10_s466555.pth	10	466555	2	groundAnchored	[(6, 6), (9, 6), (12, 6), (15, 3)]	True	True	True	True	geometric5	18402947	5	15	2026-07-31	11.582934593553798	9.340422154314146	0.05416487852096041	2.3717217757192457	0.3931434419110352	0.2727997425043798	0.0
/vol/bitbucket/osella/rl-qecc-data/supervisedLearning/sweep2/g5_ground_anch_H10_s5000.pth	10	5000	2	groundAnchored	[(6, 6), (9, 6), (12, 6), (15, 3)]	True	True	True	True	geometric5	18402947	5	15	2026-07-31	13.134736252824537	9.340422154314146	0.10550233872216822	2.978296110132564	0.546779432291449	0.3867940524695592	0.0
/vol/bitbucket/osella/rl-qecc-data/supervisedLearning/sweep2/g5_ground_anch_H10_s5000.pth	10	5000	2	groundAnchored	[(6, 6), (9, 6), (12, 6), (15, 3)]	True	True	True	True	geometric5	18402947	5	15	2026-07-31	13.134736252824537	9.340422154314146	0.10550233872216822	2.978296110132564	0.546779432291449	0.3867940524695592	0.0
/vol/bitbucket/osella/rl-qecc-data/supervisedLearning/sweep2/g5_ground_anch_H10_s54321.pth	10	54321	2	groundAnchored	[(6, 6), (9, 6), (12, 6), (15, 3)]	True	True	True	True	geometric5	18402947	5	15	2026-07-31	12.197159071536287	9.340422154314146	0.0967232629836692	1.920990415183291	0.47697624371600783	0.33314814520593966	0.0
/vol/bitbucket/osella/rl-qecc-data/supervisedLearning/sweep2/g5_ground_anch_H10_s54321.pth	10	54321	2	groundAnchored	[(6, 6), (9, 6), (12, 6), (15, 3)]	True	True	True	True	geometric5	18402947	5	15	2026-07-31	12.197159071536287	9.340422154314146	0.0967232629836692	1.920990415183291	0.47697624371600783	0.33314814520593966	0.0
/vol/bitbucket/osella/rl-qecc-data/supervisedLearning/sweep2/g5_ground_anch_H10_s6000.pth	10	6000	2	groundAnchored	[(6, 6), (9, 6), (12, 6), (15, 3)]	True	True	True	True	geometric5	18402947	5	15	2026-07-31	12.371140858110495	9.340422154314146	0.10549548864694869	2.281781695818717	0.5230091989279864	0.3686737884850715	0.0
/vol/bitbucket/osella/rl-qecc-data/supervisedLearning/sweep2/g5_ground_anch_H10_s6000.pth	10	6000	2	groundAnchored	[(6, 6), (9, 6), (12, 6), (15, 3)]	True	True	True	True	geometric5	18402947	5	15	2026-07-31	12.371140858110495	9.340422154314146	0.10549548864694869	2.281781695818717	0.5230091989279864	0.3686737884850715	0.0
/vol/bitbucket/osella/rl-qecc-data/supervisedLearning/sweep2/g5_ground_anch_H10_s7134066.pth	10	7134066	2	groundAnchored	[(6, 6), (9, 6), (12, 6), (15, 3)]	True	True	True	True	geometric5	18402947	5	15	2026-07-31	12.791231306195145	9.340422154314146	0.08817970590469024	4.66671185510044	0.34296421532640897	0.2384367647186557	0.0
/vol/bitbucket/osella/rl-qecc-data/supervisedLearning/sweep2/g5_ground_anch_H10_s7134066.pth	10	7134066	2	groundAnchored	[(6, 6), (9, 6), (12, 6), (15, 3)]	True	True	True	True	geometric5	18402947	5	15	2026-07-31	12.791231306195145	9.340422154314146	0.08817970590469024	4.66671185510044	0.34296421532640897	0.2384367647186557	0.0
/vol/bitbucket/osella/rl-qecc-data/supervisedLearning/sweep2/g5_ground_anch_H3_s1000.pth	3	1000	2	groundAnchored	[(6, 6), (9, 6), (12, 6), (15, 3)]	True	True	True	True	geometric5	18402947	5	15	2026-07-31	13.293391776332584	9.340422154314146	0.09004474921001228	2.8329302795923996	0.38746603023016524	0.27246109943590757	0.0
/vol/bitbucket/osella/rl-qecc-data/supervisedLearning/sweep2/g5_ground_anch_H3_s1000.pth	3	1000	2	groundAnchored	[(6, 6), (9, 6), (12, 6), (15, 3)]	True	True	True	True	geometric5	18402947	5	15	2026-07-31	13.293391776332584	9.340422154314146	0.09004474921001228	2.8329302795923996	0.38746603023016524	0.27246109943590757	0.0
/vol/bitbucket/osella/rl-qecc-data/supervisedLearning/sweep2/g5_ground_anch_H3_s12345.pth	3	12345	2	groundAnchored	[(6, 6), (9, 6), (12, 6), (15, 3)]	True	True	True	True	geometric5	18402947	5	15	2026-07-31	15.175202058446645	9.340422154314146	0.1737852864436283	2.490095753469062	0.4091924194174942	0.28516217072831956	0.0
/vol/bitbucket/osella/rl-qecc-data/supervisedLearning/sweep2/g5_ground_anch_H3_s12345.pth	3	12345	2	groundAnchored	[(6, 6), (9, 6), (12, 6), (15, 3)]	True	True	True	True	geometric5	18402947	5	15	2026-07-31	15.175202058446645	9.340422154314146	0.1737852864436283	2.490095753469062	0.4091924194174942	0.28516217072831956	0.0
/vol/bitbucket/osella/rl-qecc-data/supervisedLearning/sweep2/g5_ground_anch_H3_s2000.pth	3	2000	2	groundAnchored	[(6, 6), (9, 6), (12, 6), (15, 3)]	True	True	True	True	geometric5	18402947	5	15	2026-07-31	14.70895774610455	9.340422154314146	0.14741670183071282	2.818557500111208	0.48887724877136063	0.3388864227187477	0.02
/vol/bitbucket/osella/rl-qecc-data/supervisedLearning/sweep2/g5_ground_anch_H3_s2000.pth	3	2000	2	groundAnchored	[(6, 6), (9, 6), (12, 6), (15, 3)]	True	True	True	True	geometric5	18402947	5	15	2026-07-31	14.70895774610455	9.340422154314146	0.14741670183071282	2.818557500111208	0.48887724877136063	0.3388864227187477	0.02
/vol/bitbucket/osella/rl-qecc-data/supervisedLearning/sweep2/g5_ground_anch_H3_s3000.pth	3	3000	2	groundAnchored	[(6, 6), (9, 6), (12, 6), (15, 3)]	True	True	True	True	geometric5	18402947	5	15	2026-07-31	15.139847598532901	9.340422154314146	0.16511316185499136	2.815199310348941	0.19912579905083333	0.1368264728831652	0.0
/vol/bitbucket/osella/rl-qecc-data/supervisedLearning/sweep2/g5_ground_anch_H3_s3000.pth	3	3000	2	groundAnchored	[(6, 6), (9, 6), (12, 6), (15, 3)]	True	True	True	True	geometric5	18402947	5	15	2026-07-31	15.139847598532901	9.340422154314146	0.16511316185499136	2.815199310348941	0.19912579905083333	0.1368264728831652	0.0
/vol/bitbucket/osella/rl-qecc-data/supervisedLearning/sweep2/g5_ground_anch_H3_s4000.pth	3	4000	2	groundAnchored	[(6, 6), (9, 6), (12, 6), (15, 3)]	True	True	True	True	geometric5	18402947	5	15	2026-07-31	14.544465188247232	9.340422154314146	0.16070424083531554	2.569125856289588	0.18521434547211738	0.13007016509673455	0.0
/vol/bitbucket/osella/rl-qecc-data/supervisedLearning/sweep2/g5_ground_anch_H3_s4000.pth	3	4000	2	groundAnchored	[(6, 6), (9, 6), (12, 6), (15, 3)]	True	True	True	True	geometric5	18402947	5	15	2026-07-31	14.544465188247232	9.340422154314146	0.16070424083531554	2.569125856289588	0.18521434547211738	0.13007016509673455	0.0
/vol/bitbucket/osella/rl-qecc-data/supervisedLearning/sweep2/g5_ground_anch_H3_s466555.pth	3	466555	2	groundAnchored	[(6, 6), (9, 6), (12, 6), (15, 3)]	True	True	True	True	geometric5	18402947	5	15	2026-07-31	13.341717969748732	9.340422154314146	0.09183329074046105	4.762044041392533	0.317253670966773	0.2213931576447851	0.02
/vol/bitbucket/osella/rl-qecc-data/supervisedLearning/sweep2/g5_ground_anch_H3_s466555.pth	3	466555	2	groundAnchored	[(6, 6), (9, 6), (12, 6), (15, 3)]	True	True	True	True	geometric5	18402947	5	15	2026-07-31	13.341717969748732	9.340422154314146	0.09183329074046105	4.762044041392533	0.317253670966773	0.2213931576447851	0.02
/vol/bitbucket/osella/rl-qecc-data/supervisedLearning/sweep2/g5_ground_anch_H3_s5000.pth	3	5000	2	groundAnchored	[(6, 6), (9, 6), (12, 6), (15, 3)]	True	True	True	True	geometric5	18402947	5	15	2026-07-31	13.9686442320819	9.340422154314146	0.1405430816694289	2.8310200861322414	0.4346925465300692	0.3049501994886345	0.02
/vol/bitbucket/osella/rl-qecc-data/supervisedLearning/sweep2/g5_ground_anch_H3_s5000.pth	3	5000	2	groundAnchored	[(6, 6), (9, 6), (12, 6), (15, 3)]	True	True	True	True	geometric5	18402947	5	15	2026-07-31	13.9686442320819	9.340422154314146	0.1405430816694289	2.8310200861322414	0.4346925465300692	0.3049501994886345	0.02
/vol/bitbucket/osella/rl-qecc-data/supervisedLearning/sweep2/g5_ground_anch_H3_s54321.pth	3	54321	2	groundAnchored	[(6, 6), (9, 6), (12, 6), (15, 3)]	True	True	True	True	geometric5	18402947	5	15	2026-07-31	15.28410144283779	9.340422154314146	0.17156084320500986	2.453771105324879	0.4258015637401999	0.29381009354541177	0.0
/vol/bitbucket/osella/rl-qecc-data/supervisedLearning/sweep2/g5_ground_anch_H3_s54321.pth	3	54321	2	groundAnchored	[(6, 6), (9, 6), (12, 6), (15, 3)]	True	True	True	True	geometric5	18402947	5	15	2026-07-31	15.28410144283779	9.340422154314146	0.17156084320500986	2.453771105324879	0.4258015637401999	0.29381009354541177	0.0
/vol/bitbucket/osella/rl-qecc-data/supervisedLearning/sweep2/g5_ground_anch_H3_s6000.pth	3	6000	2	groundAnchored	[(6, 6), (9, 6), (12, 6), (15, 3)]	True	True	True	True	geometric5	18402947	5	15	2026-07-31	13.576951281109912	9.340422154314146	0.11852917748916293	3.234127928329564	0.3552824043436478	0.24718124688613885	0.02
/vol/bitbucket/osella/rl-qecc-data/supervisedLearning/sweep2/g5_ground_anch_H3_s6000.pth	3	6000	2	groundAnchored	[(6, 6), (9, 6), (12, 6), (15, 3)]	True	True	True	True	geometric5	18402947	5	15	2026-07-31	13.576951281109912	9.340422154314146	0.11852917748916293	3.234127928329564	0.3552824043436478	0.24718124688613885	0.02
/vol/bitbucket/osella/rl-qecc-data/supervisedLearning/sweep2/g5_ground_anch_H3_s7134066.pth	3	7134066	2	groundAnchored	[(6, 6), (9, 6), (12, 6), (15, 3)]	True	True	True	True	geometric5	18402947	5	15	2026-07-31	13.20972395777116	9.340422154314146	0.11737900091343888	2.47207942215477	0.45395922113526854	0.3178241655387074	0.0
/vol/bitbucket/osella/rl-qecc-data/supervisedLearning/sweep2/g5_ground_anch_H3_s7134066.pth	3	7134066	2	groundAnchored	[(6, 6), (9, 6), (12, 6), (15, 3)]	True	True	True	True	geometric5	18402947	5	15	2026-07-31	13.20972395777116	9.340422154314146	0.11737900091343888	2.47207942215477	0.45395922113526854	0.3178241655387074	0.0
/vol/bitbucket/osella/rl-qecc-data/supervisedLearning/sweep2/g5_ground_anch_H4_s1000.pth	4	1000	2	groundAnchored	[(6, 6), (9, 6), (12, 6), (15, 3)]	True	True	True	True	geometric5	18402947	5	15	2026-07-31	14.208987542981946	9.340422154314146	0.15013914512162424	2.4721560763243997	0.4072890388779842	0.28029237231319976	0.0
/vol/bitbucket/osella/rl-qecc-data/supervisedLearning/sweep2/g5_ground_anch_H4_s1000.pth	4	1000	2	groundAnchored	[(6, 6), (9, 6), (12, 6), (15, 3)]	True	True	True	True	geometric5	18402947	5	15	2026-07-31	14.208987542981946	9.340422154314146	0.15013914512162424	2.4721560763243997	0.4072890388779842	0.28029237231319976	0.0
/vol/bitbucket/osella/rl-qecc-data/supervisedLearning/sweep2/g5_ground_anch_H4_s12345.pth	4	12345	2	groundAnchored	[(6, 6), (9, 6), (12, 6), (15, 3)]	True	True	True	True	geometric5	18402947	5	15	2026-07-31	14.544075392379447	9.340422154314146	0.15741718950279987	2.8012436852521208	0.25226806708228944	0.172613150669128	0.0
/vol/bitbucket/osella/rl-qecc-data/supervisedLearning/sweep2/g5_ground_anch_H4_s12345.pth	4	12345	2	groundAnchored	[(6, 6), (9, 6), (12, 6), (15, 3)]	True	True	True	True	geometric5	18402947	5	15	2026-07-31	14.544075392379447	9.340422154314146	0.15741718950279987	2.8012436852521208	0.25226806708228944	0.172613150669128	0.0
/vol/bitbucket/osella/rl-qecc-data/supervisedLearning/sweep2/g5_ground_anch_H4_s2000.pth	4	2000	2	groundAnchored	[(6, 6), (9, 6), (12, 6), (15, 3)]	True	True	True	True	geometric5	18402947	5	15	2026-07-31	14.560267732231026	9.340422154314146	0.062191498633362714	7.376718259572495	0.20862505173830198	0.14535893689714077	0.0
/vol/bitbucket/osella/rl-qecc-data/supervisedLearning/sweep2/g5_ground_anch_H4_s2000.pth	4	2000	2	groundAnchored	[(6, 6), (9, 6), (12, 6), (15, 3)]	True	True	True	True	geometric5	18402947	5	15	2026-07-31	14.560267732231026	9.340422154314146	0.062191498633362714	7.376718259572495	0.20862505173830198	0.14535893689714077	0.0
/vol/bitbucket/osella/rl-qecc-data/supervisedLearning/sweep2/g5_ground_anch_H4_s3000.pth	4	3000	2	groundAnchored	[(6, 6), (9, 6), (12, 6), (15, 3)]	True	True	True	True	geometric5	18402947	5	15	2026-07-31	13.409166746655936	9.340422154314146	0.10117829546296757	4.921420522432557	0.36545971806426786	0.25640298917927895	0.0
/vol/bitbucket/osella/rl-qecc-data/supervisedLearning/sweep2/g5_ground_anch_H4_s3000.pth	4	3000	2	groundAnchored	[(6, 6), (9, 6), (12, 6), (15, 3)]	True	True	True	True	geometric5	18402947	5	15	2026-07-31	13.409166746655936	9.340422154314146	0.10117829546296757	4.921420522432557	0.36545971806426786	0.25640298917927895	0.0
/vol/bitbucket/osella/rl-qecc-data/supervisedLearning/sweep2/g5_ground_anch_H4_s4000.pth	4	4000	2	groundAnchored	[(6, 6), (9, 6), (12, 6), (15, 3)]	True	True	True	True	geometric5	18402947	5	15	2026-07-31	13.199412926159914	9.340422154314146	0.10889673346259494	3.947215071164427	0.37445032374429865	0.2624579306656665	0.0
/vol/bitbucket/osella/rl-qecc-data/supervisedLearning/sweep2/g5_ground_anch_H4_s4000.pth	4	4000	2	groundAnchored	[(6, 6), (9, 6), (12, 6), (15, 3)]	True	True	True	True	geometric5	18402947	5	15	2026-07-31	13.199412926159914	9.340422154314146	0.10889673346259494	3.947215071164427	0.37445032374429865	0.2624579306656665	0.0
/vol/bitbucket/osella/rl-qecc-data/supervisedLearning/sweep2/g5_ground_anch_H4_s466555.pth	4	466555	2	groundAnchored	[(6, 6), (9, 6), (12, 6), (15, 3)]	True	True	True	True	geometric5	18402947	5	15	2026-07-31	15.082565344775238	9.340422154314146	0.08136297636832168	7.664986968000291	0.22565922963562043	0.15898772301552125	0.0
/vol/bitbucket/osella/rl-qecc-data/supervisedLearning/sweep2/g5_ground_anch_H4_s466555.pth	4	466555	2	groundAnchored	[(6, 6), (9, 6), (12, 6), (15, 3)]	True	True	True	True	geometric5	18402947	5	15	2026-07-31	15.082565344775238	9.340422154314146	0.08136297636832168	7.664986968000291	0.22565922963562043	0.15898772301552125	0.0
/vol/bitbucket/osella/rl-qecc-data/supervisedLearning/sweep2/g5_ground_anch_H4_s5000.pth	4	5000	2	groundAnchored	[(6, 6), (9, 6), (12, 6), (15, 3)]	True	True	True	True	geometric5	18402947	5	15	2026-07-31	13.366920999691663	9.340422154314146	0.10829883864665618	3.3734670801612765	0.4400346746887741	0.30604690706014304	0.0
/vol/bitbucket/osella/rl-qecc-data/supervisedLearning/sweep2/g5_ground_anch_H4_s5000.pth	4	5000	2	groundAnchored	[(6, 6), (9, 6), (12, 6), (15, 3)]	True	True	True	True	geometric5	18402947	5	15	2026-07-31	13.366920999691663	9.340422154314146	0.10829883864665618	3.3734670801612765	0.4400346746887741	0.30604690706014304	0.0
/vol/bitbucket/osella/rl-qecc-data/supervisedLearning/sweep2/g5_ground_anch_H4_s54321.pth	4	54321	2	groundAnchored	[(6, 6), (9, 6), (12, 6), (15, 3)]	True	True	True	True	geometric5	18402947	5	15	2026-07-31	16.922607434769	9.340422154314146	0.11402543835384274	9.358722240134142	0.1618968945572772	0.11008081411916987	0.0
/vol/bitbucket/osella/rl-qecc-data/supervisedLearning/sweep2/g5_ground_anch_H4_s54321.pth	4	54321	2	groundAnchored	[(6, 6), (9, 6), (12, 6), (15, 3)]	True	True	True	True	geometric5	18402947	5	15	2026-07-31	16.922607434769	9.340422154314146	0.11402543835384274	9.358722240134142	0.1618968945572772	0.11008081411916987	0.0
/vol/bitbucket/osella/rl-qecc-data/supervisedLearning/sweep2/g5_ground_anch_H4_s6000.pth	4	6000	2	groundAnchored	[(6, 6), (9, 6), (12, 6), (15, 3)]	True	True	True	True	geometric5	18402947	5	15	2026-07-31	14.98189800657145	9.340422154314146	0.17161781347896157	2.704819806992491	0.35345631781382114	0.2426650175602308	0.0
/vol/bitbucket/osella/rl-qecc-data/supervisedLearning/sweep2/g5_ground_anch_H4_s6000.pth	4	6000	2	groundAnchored	[(6, 6), (9, 6), (12, 6), (15, 3)]	True	True	True	True	geometric5	18402947	5	15	2026-07-31	14.98189800657145	9.340422154314146	0.17161781347896157	2.704819806992491	0.35345631781382114	0.2426650175602308	0.0
/vol/bitbucket/osella/rl-qecc-data/supervisedLearning/sweep2/g5_ground_anch_H4_s7134066.pth	4	7134066	2	groundAnchored	[(6, 6), (9, 6), (12, 6), (15, 3)]	True	True	True	True	geometric5	18402947	5	15	2026-07-31	14.175299085745307	9.340422154314146	0.10324619813223714	5.381656202175785	0.2757263890040696	0.19190526565745122	0.0
/vol/bitbucket/osella/rl-qecc-data/supervisedLearning/sweep2/g5_ground_anch_H4_s7134066.pth	4	7134066	2	groundAnchored	[(6, 6), (9, 6), (12, 6), (15, 3)]	True	True	True	True	geometric5	18402947	5	15	2026-07-31	14.175299085745307	9.340422154314146	0.10324619813223714	5.381656202175785	0.2757263890040696	0.19190526565745122	0.0
/vol/bitbucket/osella/rl-qecc-data/supervisedLearning/sweep2/g5_ground_anch_H6_s1000.pth	6	1000	2	groundAnchored	[(6, 6), (9, 6), (12, 6), (15, 3)]	True	True	True	True	geometric5	18402947	5	15	2026-07-31	14.447271087560539	9.340422154314146	0.16881719731442107	2.0388201421175665	0.2862582944098565	0.19627217421956294	0.0
/vol/bitbucket/osella/rl-qecc-data/supervisedLearning/sweep2/g5_ground_anch_H6_s1000.pth	6	1000	2	groundAnchored	[(6, 6), (9, 6), (12, 6), (15, 3)]	True	True	True	True	geometric5	18402947	5	15	2026-07-31	14.447271087560539	9.340422154314146	0.16881719731442107	2.0388201421175665	0.2862582944098565	0.19627217421956294	0.0
/vol/bitbucket/osella/rl-qecc-data/supervisedLearning/sweep2/g5_ground_anch_H6_s12345.pth	6	12345	2	groundAnchored	[(6, 6), (9, 6), (12, 6), (15, 3)]	True	True	True	True	geometric5	18402947	5	15	2026-07-31	14.682610041927953	9.340422154314146	0.15551141352719464	2.503350819118498	0.5031979518105087	0.3552302311495452	0.0
/vol/bitbucket/osella/rl-qecc-data/supervisedLearning/sweep2/g5_ground_anch_H6_s12345.pth	6	12345	2	groundAnchored	[(6, 6), (9, 6), (12, 6), (15, 3)]	True	True	True	True	geometric5	18402947	5	15	2026-07-31	14.682610041927953	9.340422154314146	0.15551141352719464	2.503350819118498	0.5031979518105087	0.3552302311495452	0.0
/vol/bitbucket/osella/rl-qecc-data/supervisedLearning/sweep2/g5_ground_anch_H6_s2000.pth	6	2000	2	groundAnchored	[(6, 6), (9, 6), (12, 6), (15, 3)]	True	True	True	True	geometric5	18402947	5	15	2026-07-31	12.990485525655103	9.340422154314146	0.10452192788026354	3.227491878564745	0.3925687179918503	0.27023566735926263	0.0
/vol/bitbucket/osella/rl-qecc-data/supervisedLearning/sweep2/g5_ground_anch_H6_s2000.pth	6	2000	2	groundAnchored	[(6, 6), (9, 6), (12, 6), (15, 3)]	True	True	True	True	geometric5	18402947	5	15	2026-07-31	12.990485525655103	9.340422154314146	0.10452192788026354	3.227491878564745	0.3925687179918503	0.27023566735926263	0.0
/vol/bitbucket/osella/rl-qecc-data/supervisedLearning/sweep2/g5_ground_anch_H6_s3000.pth	6	3000	2	groundAnchored	[(6, 6), (9, 6), (12, 6), (15, 3)]	True	True	True	True	geometric5	18402947	5	15	2026-07-31	12.624116378210461	9.340422154314146	0.06005076721569093	6.857679815128933	0.4969768174577891	0.345183089999046	0.0
/vol/bitbucket/osella/rl-qecc-data/supervisedLearning/sweep2/g5_ground_anch_H6_s3000.pth	6	3000	2	groundAnchored	[(6, 6), (9, 6), (12, 6), (15, 3)]	True	True	True	True	geometric5	18402947	5	15	2026-07-31	12.624116378210461	9.340422154314146	0.06005076721569093	6.857679815128933	0.4969768174577891	0.345183089999046	0.0
/vol/bitbucket/osella/rl-qecc-data/supervisedLearning/sweep2/g5_ground_anch_H6_s4000.pth	6	4000	2	groundAnchored	[(6, 6), (9, 6), (12, 6), (15, 3)]	True	True	True	True	geometric5	18402947	5	15	2026-07-31	14.111190451982623	9.340422154314146	0.14345703867402224	2.579375171535357	0.47950426686435105	0.33627794101574876	0.0
/vol/bitbucket/osella/rl-qecc-data/supervisedLearning/sweep2/g5_ground_anch_H6_s4000.pth	6	4000	2	groundAnchored	[(6, 6), (9, 6), (12, 6), (15, 3)]	True	True	True	True	geometric5	18402947	5	15	2026-07-31	14.111190451982623	9.340422154314146	0.14345703867402224	2.579375171535357	0.47950426686435105	0.33627794101574876	0.0
/vol/bitbucket/osella/rl-qecc-data/supervisedLearning/sweep2/g5_ground_anch_H6_s466555.pth	6	466555	2	groundAnchored	[(6, 6), (9, 6), (12, 6), (15, 3)]	True	True	True	True	geometric5	18402947	5	15	2026-07-31	12.940901710521315	9.340422154314146	0.07638307898641017	3.0230714225891497	0.41730282896221554	0.28704500631999036	0.0
/vol/bitbucket/osella/rl-qecc-data/supervisedLearning/sweep2/g5_ground_anch_H6_s466555.pth	6	466555	2	groundAnchored	[(6, 6), (9, 6), (12, 6), (15, 3)]	True	True	True	True	geometric5	18402947	5	15	2026-07-31	12.940901710521315	9.340422154314146	0.07638307898641017	3.0230714225891497	0.41730282896221554	0.28704500631999036	0.0
/vol/bitbucket/osella/rl-qecc-data/supervisedLearning/sweep2/g5_ground_anch_H6_s5000.pth	6	5000	2	groundAnchored	[(6, 6), (9, 6), (12, 6), (15, 3)]	True	True	True	True	geometric5	18402947	5	15	2026-07-31	12.888357417293326	9.340422154314146	0.1004000225715699	3.2615278192079495	0.32146473145766447	0.22288560368765847	0.0
/vol/bitbucket/osella/rl-qecc-data/supervisedLearning/sweep2/g5_ground_anch_H6_s5000.pth	6	5000	2	groundAnchored	[(6, 6), (9, 6), (12, 6), (15, 3)]	True	True	True	True	geometric5	18402947	5	15	2026-07-31	12.888357417293326	9.340422154314146	0.1004000225715699	3.2615278192079495	0.32146473145766447	0.22288560368765847	0.0
/vol/bitbucket/osella/rl-qecc-data/supervisedLearning/sweep2/g5_ground_anch_H6_s54321.pth	6	54321	2	groundAnchored	[(6, 6), (9, 6), (12, 6), (15, 3)]	True	True	True	True	geometric5	18402947	5	15	2026-07-31	14.702846906058879	9.340422154314146	0.1601325652100019	2.4350440861580065	0.4921698069417878	0.3434010043884522	0.0
/vol/bitbucket/osella/rl-qecc-data/supervisedLearning/sweep2/g5_ground_anch_H6_s54321.pth	6	54321	2	groundAnchored	[(6, 6), (9, 6), (12, 6), (15, 3)]	True	True	True	True	geometric5	18402947	5	15	2026-07-31	14.702846906058879	9.340422154314146	0.1601325652100019	2.4350440861580065	0.4921698069417878	0.3434010043884522	0.0
/vol/bitbucket/osella/rl-qecc-data/supervisedLearning/sweep2/g5_ground_anch_H6_s6000.pth	6	6000	2	groundAnchored	[(6, 6), (9, 6), (12, 6), (15, 3)]	True	True	True	True	geometric5	18402947	5	15	2026-07-31	12.927263161058947	9.340422154314146	0.11633041834663704	2.765528167701145	0.47716431862628	0.3353626607774788	0.0
/vol/bitbucket/osella/rl-qecc-data/supervisedLearning/sweep2/g5_ground_anch_H6_s6000.pth	6	6000	2	groundAnchored	[(6, 6), (9, 6), (12, 6), (15, 3)]	True	True	True	True	geometric5	18402947	5	15	2026-07-31	12.927263161058947	9.340422154314146	0.11633041834663704	2.765528167701145	0.47716431862628	0.3353626607774788	0.0
/vol/bitbucket/osella/rl-qecc-data/supervisedLearning/sweep2/g5_ground_anch_H6_s7134066.pth	6	7134066	2	groundAnchored	[(6, 6), (9, 6), (12, 6), (15, 3)]	True	True	True	True	geometric5	18402947	5	15	2026-07-31	12.726811055201141	9.340422154314146	0.08102697489036777	2.8841997609936283	0.5237234467549599	0.3670548183356998	0.0
/vol/bitbucket/osella/rl-qecc-data/supervisedLearning/sweep2/g5_ground_anch_H6_s7134066.pth	6	7134066	2	groundAnchored	[(6, 6), (9, 6), (12, 6), (15, 3)]	True	True	True	True	geometric5	18402947	5	15	2026-07-31	12.726811055201141	9.340422154314146	0.08102697489036777	2.8841997609936283	0.5237234467549599	0.3670548183356998	0.0
/vol/bitbucket/osella/rl-qecc-data/supervisedLearning/sweep2/g5_ground_anch_H7_s1000.pth	7	1000	2	groundAnchored	[(6, 6), (9, 6), (12, 6), (15, 3)]	True	True	True	True	geometric5	18402947	5	15	2026-07-31	12.128082614741833	9.340422154314146	0.06346703986517427	2.6657972160680523	0.45899365622484306	0.3191284563588593	0.0
/vol/bitbucket/osella/rl-qecc-data/supervisedLearning/sweep2/g5_ground_anch_H7_s1000.pth	7	1000	2	groundAnchored	[(6, 6), (9, 6), (12, 6), (15, 3)]	True	True	True	True	geometric5	18402947	5	15	2026-07-31	12.128082614741833	9.340422154314146	0.06346703986517427	2.6657972160680523	0.45899365622484306	0.3191284563588593	0.0
/vol/bitbucket/osella/rl-qecc-data/supervisedLearning/sweep2/g5_ground_anch_H7_s12345.pth	7	12345	2	groundAnchored	[(6, 6), (9, 6), (12, 6), (15, 3)]	True	True	True	True	geometric5	18402947	5	15	2026-07-31	12.54063301497492	9.340422154314146	0.06392864806997904	3.675435436461505	0.5535033713402719	0.39438926386630785	0.0
/vol/bitbucket/osella/rl-qecc-data/supervisedLearning/sweep2/g5_ground_anch_H7_s12345.pth	7	12345	2	groundAnchored	[(6, 6), (9, 6), (12, 6), (15, 3)]	True	True	True	True	geometric5	18402947	5	15	2026-07-31	12.54063301497492	9.340422154314146	0.06392864806997904	3.675435436461505	0.5535033713402719	0.39438926386630785	0.0
/vol/bitbucket/osella/rl-qecc-data/supervisedLearning/sweep2/g5_ground_anch_H7_s2000.pth	7	2000	2	groundAnchored	[(6, 6), (9, 6), (12, 6), (15, 3)]	True	True	True	True	geometric5	18402947	5	15	2026-07-31	12.128584895688984	9.340422154314146	0.09700481243101175	2.1960542075110046	0.4944182159286878	0.34761220653552466	0.0
/vol/bitbucket/osella/rl-qecc-data/supervisedLearning/sweep2/g5_ground_anch_H7_s2000.pth	7	2000	2	groundAnchored	[(6, 6), (9, 6), (12, 6), (15, 3)]	True	True	True	True	geometric5	18402947	5	15	2026-07-31	12.128584895688984	9.340422154314146	0.09700481243101175	2.1960542075110046	0.4944182159286878	0.34761220653552466	0.0
/vol/bitbucket/osella/rl-qecc-data/supervisedLearning/sweep2/g5_ground_anch_H7_s3000.pth	7	3000	2	groundAnchored	[(6, 6), (9, 6), (12, 6), (15, 3)]	True	True	True	True	geometric5	18402947	5	15	2026-07-31	11.479361539938417	9.340422154314146	0.060237216967427926	2.8145198073084425	0.46886344311755074	0.3266203328727052	0.0
/vol/bitbucket/osella/rl-qecc-data/supervisedLearning/sweep2/g5_ground_anch_H7_s3000.pth	7	3000	2	groundAnchored	[(6, 6), (9, 6), (12, 6), (15, 3)]	True	True	True	True	geometric5	18402947	5	15	2026-07-31	11.479361539938417	9.340422154314146	0.060237216967427926	2.8145198073084425	0.46886344311755074	0.3266203328727052	0.0
/vol/bitbucket/osella/rl-qecc-data/supervisedLearning/sweep2/g5_ground_anch_H7_s4000.pth	7	4000	2	groundAnchored	[(6, 6), (9, 6), (12, 6), (15, 3)]	True	True	True	True	geometric5	18402947	5	15	2026-07-31	13.53782302178245	9.340422154314146	0.10864585693102513	2.734388480501761	0.5361816238458806	0.380287777408122	0.0
/vol/bitbucket/osella/rl-qecc-data/supervisedLearning/sweep2/g5_ground_anch_H7_s4000.pth	7	4000	2	groundAnchored	[(6, 6), (9, 6), (12, 6), (15, 3)]	True	True	True	True	geometric5	18402947	5	15	2026-07-31	13.53782302178245	9.340422154314146	0.10864585693102513	2.734388480501761	0.5361816238458806	0.380287777408122	0.0
/vol/bitbucket/osella/rl-qecc-data/supervisedLearning/sweep2/g5_ground_anch_H7_s466555.pth	7	466555	2	groundAnchored	[(6, 6), (9, 6), (12, 6), (15, 3)]	True	True	True	True	geometric5	18402947	5	15	2026-07-31	15.679549941527581	9.340422154314146	0.15762021863176906	2.5290042107264643	0.4079413861957196	0.2799990194308679	0.0
/vol/bitbucket/osella/rl-qecc-data/supervisedLearning/sweep2/g5_ground_anch_H7_s466555.pth	7	466555	2	groundAnchored	[(6, 6), (9, 6), (12, 6), (15, 3)]	True	True	True	True	geometric5	18402947	5	15	2026-07-31	15.679549941527581	9.340422154314146	0.15762021863176906	2.5290042107264643	0.4079413861957196	0.2799990194308679	0.0
/vol/bitbucket/osella/rl-qecc-data/supervisedLearning/sweep2/g5_ground_anch_H7_s5000.pth	7	5000	2	groundAnchored	[(6, 6), (9, 6), (12, 6), (15, 3)]	True	True	True	True	geometric5	18402947	5	15	2026-07-31	12.232728155367667	9.340422154314146	0.07346238070932856	3.318488821054947	0.4722912331792138	0.33083808611302334	0.0
/vol/bitbucket/osella/rl-qecc-data/supervisedLearning/sweep2/g5_ground_anch_H7_s5000.pth	7	5000	2	groundAnchored	[(6, 6), (9, 6), (12, 6), (15, 3)]	True	True	True	True	geometric5	18402947	5	15	2026-07-31	12.232728155367667	9.340422154314146	0.07346238070932856	3.318488821054947	0.4722912331792138	0.33083808611302334	0.0
/vol/bitbucket/osella/rl-qecc-data/supervisedLearning/sweep2/g5_ground_anch_H7_s54321.pth	7	54321	2	groundAnchored	[(6, 6), (9, 6), (12, 6), (15, 3)]	True	True	True	True	geometric5	18402947	5	15	2026-07-31	14.280334836559513	9.340422154314146	0.14342492271324786	2.733283284205411	0.4624554962680021	0.32064302576195985	0.0
/vol/bitbucket/osella/rl-qecc-data/supervisedLearning/sweep2/g5_ground_anch_H7_s54321.pth	7	54321	2	groundAnchored	[(6, 6), (9, 6), (12, 6), (15, 3)]	True	True	True	True	geometric5	18402947	5	15	2026-07-31	14.280334836559513	9.340422154314146	0.14342492271324786	2.733283284205411	0.4624554962680021	0.32064302576195985	0.0
/vol/bitbucket/osella/rl-qecc-data/supervisedLearning/sweep2/g5_ground_anch_H7_s6000.pth	7	6000	2	groundAnchored	[(6, 6), (9, 6), (12, 6), (15, 3)]	True	True	True	True	geometric5	18402947	5	15	2026-07-31	12.649516766562247	9.340422154314146	0.07149899925752068	3.963463219872653	0.5152856150275542	0.36173594681152693	0.0
/vol/bitbucket/osella/rl-qecc-data/supervisedLearning/sweep2/g5_ground_anch_H7_s6000.pth	7	6000	2	groundAnchored	[(6, 6), (9, 6), (12, 6), (15, 3)]	True	True	True	True	geometric5	18402947	5	15	2026-07-31	12.649516766562247	9.340422154314146	0.07149899925752068	3.963463219872653	0.5152856150275542	0.36173594681152693	0.0
/vol/bitbucket/osella/rl-qecc-data/supervisedLearning/sweep2/g5_ground_anch_H7_s7134066.pth	7	7134066	2	groundAnchored	[(6, 6), (9, 6), (12, 6), (15, 3)]	True	True	True	True	geometric5	18402947	5	15	2026-07-31	12.907121413254757	9.340422154314146	0.10837364447267755	3.2836232311548943	0.4491408744883136	0.31278779846601545	0.0
/vol/bitbucket/osella/rl-qecc-data/supervisedLearning/sweep2/g5_ground_anch_H7_s7134066.pth	7	7134066	2	groundAnchored	[(6, 6), (9, 6), (12, 6), (15, 3)]	True	True	True	True	geometric5	18402947	5	15	2026-07-31	12.907121413254757	9.340422154314146	0.10837364447267755	3.2836232311548943	0.4491408744883136	0.31278779846601545	0.0
/vol/bitbucket/osella/rl-qecc-data/supervisedLearning/sweep2/g5_ground_pure_H10_s1000.pth	10	1000	2	groundPure	[(6, 6), (9, 6), (12, 6), (15, 3)]	True	True	True	True	geometric5	18402947	5	15	2026-07-31	12.28304222112565	9.340422154314146	0.09497705776421632	3.0625065910218323	0.5001801231024697	0.3512691177015371	0.0
/vol/bitbucket/osella/rl-qecc-data/supervisedLearning/sweep2/g5_ground_pure_H10_s1000.pth	10	1000	2	groundPure	[(6, 6), (9, 6), (12, 6), (15, 3)]	True	True	True	True	geometric5	18402947	5	15	2026-07-31	12.28304222112565	9.340422154314146	0.09497705776421632	3.0625065910218323	0.5001801231024697	0.3512691177015371	0.0
/vol/bitbucket/osella/rl-qecc-data/supervisedLearning/sweep2/g5_ground_pure_H10_s12345.pth	10	12345	2	groundPure	[(6, 6), (9, 6), (12, 6), (15, 3)]	True	True	True	True	geometric5	18402947	5	15	2026-07-31	12.476492831651408	9.340422154314146	0.11071715893450544	2.0885370710604065	0.5082832470490751	0.35503962688973867	0.0
/vol/bitbucket/osella/rl-qecc-data/supervisedLearning/sweep2/g5_ground_pure_H10_s12345.pth	10	12345	2	groundPure	[(6, 6), (9, 6), (12, 6), (15, 3)]	True	True	True	True	geometric5	18402947	5	15	2026-07-31	12.476492831651408	9.340422154314146	0.11071715893450544	2.0885370710604065	0.5082832470490751	0.35503962688973867	0.0
/vol/bitbucket/osella/rl-qecc-data/supervisedLearning/sweep2/g5_ground_pure_H10_s2000.pth	10	2000	2	groundPure	[(6, 6), (9, 6), (12, 6), (15, 3)]	True	True	True	True	geometric5	18402947	5	15	2026-07-31	12.84073185769845	9.340422154314146	0.09327471342385794	2.5724178261589388	0.4757097972998496	0.33619181272185955	0.0
/vol/bitbucket/osella/rl-qecc-data/supervisedLearning/sweep2/g5_ground_pure_H10_s2000.pth	10	2000	2	groundPure	[(6, 6), (9, 6), (12, 6), (15, 3)]	True	True	True	True	geometric5	18402947	5	15	2026-07-31	12.84073185769845	9.340422154314146	0.09327471342385794	2.5724178261589388	0.4757097972998496	0.33619181272185955	0.0
/vol/bitbucket/osella/rl-qecc-data/supervisedLearning/sweep2/g5_ground_pure_H10_s3000.pth	10	3000	2	groundPure	[(6, 6), (9, 6), (12, 6), (15, 3)]	True	True	True	True	geometric5	18402947	5	15	2026-07-31	12.70459145956703	9.340422154314146	0.09516328294856166	2.310675486024058	0.4658971155963812	0.32387694753646024	0.0
/vol/bitbucket/osella/rl-qecc-data/supervisedLearning/sweep2/g5_ground_pure_H10_s3000.pth	10	3000	2	groundPure	[(6, 6), (9, 6), (12, 6), (15, 3)]	True	True	True	True	geometric5	18402947	5	15	2026-07-31	12.70459145956703	9.340422154314146	0.09516328294856166	2.310675486024058	0.4658971155963812	0.32387694753646024	0.0
/vol/bitbucket/osella/rl-qecc-data/supervisedLearning/sweep2/g5_ground_pure_H10_s4000.pth	10	4000	2	groundPure	[(6, 6), (9, 6), (12, 6), (15, 3)]	True	True	True	True	geometric5	18402947	5	15	2026-07-31	12.808335589248971	9.340422154314146	0.1131709219325325	2.293242972537177	0.44493587355611486	0.3080664941389307	0.0
/vol/bitbucket/osella/rl-qecc-data/supervisedLearning/sweep2/g5_ground_pure_H10_s4000.pth	10	4000	2	groundPure	[(6, 6), (9, 6), (12, 6), (15, 3)]	True	True	True	True	geometric5	18402947	5	15	2026-07-31	12.808335589248971	9.340422154314146	0.1131709219325325	2.293242972537177	0.44493587355611486	0.3080664941389307	0.0
/vol/bitbucket/osella/rl-qecc-data/supervisedLearning/sweep2/g5_ground_pure_H10_s466555.pth	10	466555	2	groundPure	[(6, 6), (9, 6), (12, 6), (15, 3)]	True	True	True	True	geometric5	18402947	5	15	2026-07-31	11.959702099003694	9.340422154314146	0.08156577016801875	2.316568574677412	0.5230916875052808	0.36613855861523925	0.0
/vol/bitbucket/osella/rl-qecc-data/supervisedLearning/sweep2/g5_ground_pure_H10_s466555.pth	10	466555	2	groundPure	[(6, 6), (9, 6), (12, 6), (15, 3)]	True	True	True	True	geometric5	18402947	5	15	2026-07-31	11.959702099003694	9.340422154314146	0.08156577016801875	2.316568574677412	0.5230916875052808	0.36613855861523925	0.0
/vol/bitbucket/osella/rl-qecc-data/supervisedLearning/sweep2/g5_ground_pure_H10_s5000.pth	10	5000	2	groundPure	[(6, 6), (9, 6), (12, 6), (15, 3)]	True	True	True	True	geometric5	18402947	5	15	2026-07-31	12.86341828548119	9.340422154314146	0.08686194548792595	2.9414907785915383	0.5337769871523063	0.3773867714387187	0.0
/vol/bitbucket/osella/rl-qecc-data/supervisedLearning/sweep2/g5_ground_pure_H10_s5000.pth	10	5000	2	groundPure	[(6, 6), (9, 6), (12, 6), (15, 3)]	True	True	True	True	geometric5	18402947	5	15	2026-07-31	12.86341828548119	9.340422154314146	0.08686194548792595	2.9414907785915383	0.5337769871523063	0.3773867714387187	0.0
/vol/bitbucket/osella/rl-qecc-data/supervisedLearning/sweep2/g5_ground_pure_H10_s54321.pth	10	54321	2	groundPure	[(6, 6), (9, 6), (12, 6), (15, 3)]	True	True	True	True	geometric5	18402947	5	15	2026-07-31	12.638584934147211	9.340422154314146	0.10755793911158847	2.093095346533847	0.5196846285544994	0.3641753254798049	0.0
/vol/bitbucket/osella/rl-qecc-data/supervisedLearning/sweep2/g5_ground_pure_H10_s54321.pth	10	54321	2	groundPure	[(6, 6), (9, 6), (12, 6), (15, 3)]	True	True	True	True	geometric5	18402947	5	15	2026-07-31	12.638584934147211	9.340422154314146	0.10755793911158847	2.093095346533847	0.5196846285544994	0.3641753254798049	0.0
/vol/bitbucket/osella/rl-qecc-data/supervisedLearning/sweep2/g5_ground_pure_H10_s6000.pth	10	6000	2	groundPure	[(6, 6), (9, 6), (12, 6), (15, 3)]	True	True	True	True	geometric5	18402947	5	15	2026-07-31	12.442053793135821	9.340422154314146	0.10323683791908499	2.1337698577764006	0.5370288529037059	0.3773800111301808	0.0
/vol/bitbucket/osella/rl-qecc-data/supervisedLearning/sweep2/g5_ground_pure_H10_s6000.pth	10	6000	2	groundPure	[(6, 6), (9, 6), (12, 6), (15, 3)]	True	True	True	True	geometric5	18402947	5	15	2026-07-31	12.442053793135821	9.340422154314146	0.10323683791908499	2.1337698577764006	0.5370288529037059	0.3773800111301808	0.0
/vol/bitbucket/osella/rl-qecc-data/supervisedLearning/sweep2/g5_ground_pure_H10_s7134066.pth	10	7134066	2	groundPure	[(6, 6), (9, 6), (12, 6), (15, 3)]	True	True	True	True	geometric5	18402947	5	15	2026-07-31	12.972593018291514	9.340422154314146	0.10496870051553918	3.8540214631339667	0.3444619707597902	0.23830669240406324	0.0
/vol/bitbucket/osella/rl-qecc-data/supervisedLearning/sweep2/g5_ground_pure_H10_s7134066.pth	10	7134066	2	groundPure	[(6, 6), (9, 6), (12, 6), (15, 3)]	True	True	True	True	geometric5	18402947	5	15	2026-07-31	12.972593018291514	9.340422154314146	0.10496870051553918	3.8540214631339667	0.3444619707597902	0.23830669240406324	0.0
/vol/bitbucket/osella/rl-qecc-data/supervisedLearning/sweep2/g5_ground_pure_H3_s1000.pth	3	1000	2	groundPure	[(6, 6), (9, 6), (12, 6), (15, 3)]	True	True	True	True	geometric5	18402947	5	15	2026-07-31	13.743970616635531	9.340422154314146	0.07484992459899242	4.221621869122582	0.3669017895996844	0.25933665192886174	0.0
/vol/bitbucket/osella/rl-qecc-data/supervisedLearning/sweep2/g5_ground_pure_H3_s1000.pth	3	1000	2	groundPure	[(6, 6), (9, 6), (12, 6), (15, 3)]	True	True	True	True	geometric5	18402947	5	15	2026-07-31	13.743970616635531	9.340422154314146	0.07484992459899242	4.221621869122582	0.3669017895996844	0.25933665192886174	0.0
/vol/bitbucket/osella/rl-qecc-data/supervisedLearning/sweep2/g5_ground_pure_H3_s12345.pth	3	12345	2	groundPure	[(6, 6), (9, 6), (12, 6), (15, 3)]	True	True	True	True	geometric5	18402947	5	15	2026-07-31	15.034868355456421	9.340422154314146	0.17345220379150017	2.443840918122302	0.370507581051927	0.2569742310470253	0.0
/vol/bitbucket/osella/rl-qecc-data/supervisedLearning/sweep2/g5_ground_pure_H3_s12345.pth	3	12345	2	groundPure	[(6, 6), (9, 6), (12, 6), (15, 3)]	True	True	True	True	geometric5	18402947	5	15	2026-07-31	15.034868355456421	9.340422154314146	0.17345220379150017	2.443840918122302	0.370507581051927	0.2569742310470253	0.0
/vol/bitbucket/osella/rl-qecc-data/supervisedLearning/sweep2/g5_ground_pure_H3_s2000.pth	3	2000	2	groundPure	[(6, 6), (9, 6), (12, 6), (15, 3)]	True	True	True	True	geometric5	18402947	5	15	2026-07-31	14.810207708371644	9.340422154314146	0.1466110237679988	2.738008497994759	0.439610071071856	0.30202904029758704	0.04
/vol/bitbucket/osella/rl-qecc-data/supervisedLearning/sweep2/g5_ground_pure_H3_s2000.pth	3	2000	2	groundPure	[(6, 6), (9, 6), (12, 6), (15, 3)]	True	True	True	True	geometric5	18402947	5	15	2026-07-31	14.810207708371644	9.340422154314146	0.1466110237679988	2.738008497994759	0.439610071071856	0.30202904029758704	0.04
/vol/bitbucket/osella/rl-qecc-data/supervisedLearning/sweep2/g5_ground_pure_H3_s3000.pth	3	3000	2	groundPure	[(6, 6), (9, 6), (12, 6), (15, 3)]	True	True	True	True	geometric5	18402947	5	15	2026-07-31	15.08402070878983	9.340422154314146	0.1653728775857679	2.7726284534183394	0.20570086162390888	0.13980763810109278	0.0
/vol/bitbucket/osella/rl-qecc-data/supervisedLearning/sweep2/g5_ground_pure_H3_s3000.pth	3	3000	2	groundPure	[(6, 6), (9, 6), (12, 6), (15, 3)]	True	True	True	True	geometric5	18402947	5	15	2026-07-31	15.08402070878983	9.340422154314146	0.1653728775857679	2.7726284534183394	0.20570086162390888	0.13980763810109278	0.0
/vol/bitbucket/osella/rl-qecc-data/supervisedLearning/sweep2/g5_ground_pure_H3_s4000.pth	3	4000	2	groundPure	[(6, 6), (9, 6), (12, 6), (15, 3)]	True	True	True	True	geometric5	18402947	5	15	2026-07-31	14.133643564612628	9.340422154314146	0.15575965419148322	2.5173414036031008	0.1989973397605737	0.13991661985261433	0.0
/vol/bitbucket/osella/rl-qecc-data/supervisedLearning/sweep2/g5_ground_pure_H3_s4000.pth	3	4000	2	groundPure	[(6, 6), (9, 6), (12, 6), (15, 3)]	True	True	True	True	geometric5	18402947	5	15	2026-07-31	14.133643564612628	9.340422154314146	0.15575965419148322	2.5173414036031008	0.1989973397605737	0.13991661985261433	0.0
/vol/bitbucket/osella/rl-qecc-data/supervisedLearning/sweep2/g5_ground_pure_H3_s466555.pth	3	466555	2	groundPure	[(6, 6), (9, 6), (12, 6), (15, 3)]	True	True	True	True	geometric5	18402947	5	15	2026-07-31	13.808130928983138	9.340422154314146	0.09439228350520257	5.349832242472466	0.28519289139058296	0.2022046159524528	0.0
/vol/bitbucket/osella/rl-qecc-data/supervisedLearning/sweep2/g5_ground_pure_H3_s466555.pth	3	466555	2	groundPure	[(6, 6), (9, 6), (12, 6), (15, 3)]	True	True	True	True	geometric5	18402947	5	15	2026-07-31	13.808130928983138	9.340422154314146	0.09439228350520257	5.349832242472466	0.28519289139058296	0.2022046159524528	0.0
/vol/bitbucket/osella/rl-qecc-data/supervisedLearning/sweep2/g5_ground_pure_H3_s5000.pth	3	5000	2	groundPure	[(6, 6), (9, 6), (12, 6), (15, 3)]	True	True	True	True	geometric5	18402947	5	15	2026-07-31	13.56352609792546	9.340422154314146	0.12501090203658852	2.948677713704705	0.4171797831355879	0.29324822061968725	0.02
/vol/bitbucket/osella/rl-qecc-data/supervisedLearning/sweep2/g5_ground_pure_H3_s5000.pth	3	5000	2	groundPure	[(6, 6), (9, 6), (12, 6), (15, 3)]	True	True	True	True	geometric5	18402947	5	15	2026-07-31	13.56352609792546	9.340422154314146	0.12501090203658852	2.948677713704705	0.4171797831355879	0.29324822061968725	0.02
/vol/bitbucket/osella/rl-qecc-data/supervisedLearning/sweep2/g5_ground_pure_H3_s54321.pth	3	54321	2	groundPure	[(6, 6), (9, 6), (12, 6), (15, 3)]	True	True	True	True	geometric5	18402947	5	15	2026-07-31	15.538363425964961	9.340422154314146	0.18611684514797922	2.232200578640952	0.38622835570505176	0.2671097616809722	0.0
/vol/bitbucket/osella/rl-qecc-data/supervisedLearning/sweep2/g5_ground_pure_H3_s54321.pth	3	54321	2	groundPure	[(6, 6), (9, 6), (12, 6), (15, 3)]	True	True	True	True	geometric5	18402947	5	15	2026-07-31	15.538363425964961	9.340422154314146	0.18611684514797922	2.232200578640952	0.38622835570505176	0.2671097616809722	0.0
/vol/bitbucket/osella/rl-qecc-data/supervisedLearning/sweep2/g5_ground_pure_H3_s6000.pth	3	6000	2	groundPure	[(6, 6), (9, 6), (12, 6), (15, 3)]	True	True	True	True	geometric5	18402947	5	15	2026-07-31	13.32947278875657	9.340422154314146	0.12811061157281495	2.679768118706965	0.4139759285409383	0.28690869839694694	0.0
/vol/bitbucket/osella/rl-qecc-data/supervisedLearning/sweep2/g5_ground_pure_H3_s6000.pth	3	6000	2	groundPure	[(6, 6), (9, 6), (12, 6), (15, 3)]	True	True	True	True	geometric5	18402947	5	15	2026-07-31	13.32947278875657	9.340422154314146	0.12811061157281495	2.679768118706965	0.4139759285409383	0.28690869839694694	0.0
/vol/bitbucket/osella/rl-qecc-data/supervisedLearning/sweep2/g5_ground_pure_H3_s7134066.pth	3	7134066	2	groundPure	[(6, 6), (9, 6), (12, 6), (15, 3)]	True	True	True	True	geometric5	18402947	5	15	2026-07-31	13.21819055383781	9.340422154314146	0.12315012770828823	2.38881386931825	0.4022107461759749	0.2804338400687883	0.0
/vol/bitbucket/osella/rl-qecc-data/supervisedLearning/sweep2/g5_ground_pure_H3_s7134066.pth	3	7134066	2	groundPure	[(6, 6), (9, 6), (12, 6), (15, 3)]	True	True	True	True	geometric5	18402947	5	15	2026-07-31	13.21819055383781	9.340422154314146	0.12315012770828823	2.38881386931825	0.4022107461759749	0.2804338400687883	0.0
/vol/bitbucket/osella/rl-qecc-data/supervisedLearning/sweep2/g5_ground_pure_H4_s1000.pth	4	1000	2	groundPure	[(6, 6), (9, 6), (12, 6), (15, 3)]	True	True	True	True	geometric5	18402947	5	15	2026-07-31	14.231012880667032	9.340422154314146	0.14252887964948496	2.526072675295882	0.45532147838292036	0.31468516717250744	0.0
/vol/bitbucket/osella/rl-qecc-data/supervisedLearning/sweep2/g5_ground_pure_H4_s1000.pth	4	1000	2	groundPure	[(6, 6), (9, 6), (12, 6), (15, 3)]	True	True	True	True	geometric5	18402947	5	15	2026-07-31	14.231012880667032	9.340422154314146	0.14252887964948496	2.526072675295882	0.45532147838292036	0.31468516717250744	0.0
/vol/bitbucket/osella/rl-qecc-data/supervisedLearning/sweep2/g5_ground_pure_H4_s12345.pth	4	12345	2	groundPure	[(6, 6), (9, 6), (12, 6), (15, 3)]	True	True	True	True	geometric5	18402947	5	15	2026-07-31	14.638793033808348	9.340422154314146	0.14982780029866097	3.279204191708654	0.1266343436345676	0.08615014545181161	0.0
/vol/bitbucket/osella/rl-qecc-data/supervisedLearning/sweep2/g5_ground_pure_H4_s12345.pth	4	12345	2	groundPure	[(6, 6), (9, 6), (12, 6), (15, 3)]	True	True	True	True	geometric5	18402947	5	15	2026-07-31	14.638793033808348	9.340422154314146	0.14982780029866097	3.279204191708654	0.1266343436345676	0.08615014545181161	0.0
/vol/bitbucket/osella/rl-qecc-data/supervisedLearning/sweep2/g5_ground_pure_H4_s2000.pth	4	2000	2	groundPure	[(6, 6), (9, 6), (12, 6), (15, 3)]	True	True	True	True	geometric5	18402947	5	15	2026-07-31	13.437885467393784	9.340422154314146	0.054849590357262376	6.400341806097635	0.24961490367617628	0.17040357219353344	0.0
/vol/bitbucket/osella/rl-qecc-data/supervisedLearning/sweep2/g5_ground_pure_H4_s2000.pth	4	2000	2	groundPure	[(6, 6), (9, 6), (12, 6), (15, 3)]	True	True	True	True	geometric5	18402947	5	15	2026-07-31	13.437885467393784	9.340422154314146	0.054849590357262376	6.400341806097635	0.24961490367617628	0.17040357219353344	0.0
/vol/bitbucket/osella/rl-qecc-data/supervisedLearning/sweep2/g5_ground_pure_H4_s3000.pth	4	3000	2	groundPure	[(6, 6), (9, 6), (12, 6), (15, 3)]	True	True	True	True	geometric5	18402947	5	15	2026-07-31	13.420741880694242	9.340422154314146	0.08537570757841806	5.876239868812747	0.26507867413923164	0.18274126818912528	0.0
/vol/bitbucket/osella/rl-qecc-data/supervisedLearning/sweep2/g5_ground_pure_H4_s3000.pth	4	3000	2	groundPure	[(6, 6), (9, 6), (12, 6), (15, 3)]	True	True	True	True	geometric5	18402947	5	15	2026-07-31	13.420741880694242	9.340422154314146	0.08537570757841806	5.876239868812747	0.26507867413923164	0.18274126818912528	0.0
/vol/bitbucket/osella/rl-qecc-data/supervisedLearning/sweep2/g5_ground_pure_H4_s4000.pth	4	4000	2	groundPure	[(6, 6), (9, 6), (12, 6), (15, 3)]	True	True	True	True	geometric5	18402947	5	15	2026-07-31	13.151524419547806	9.340422154314146	0.11238477975908429	3.419143042079625	0.3771551793485716	0.26528774105852676	0.0
/vol/bitbucket/osella/rl-qecc-data/supervisedLearning/sweep2/g5_ground_pure_H4_s4000.pth	4	4000	2	groundPure	[(6, 6), (9, 6), (12, 6), (15, 3)]	True	True	True	True	geometric5	18402947	5	15	2026-07-31	13.151524419547806	9.340422154314146	0.11238477975908429	3.419143042079625	0.3771551793485716	0.26528774105852676	0.0
/vol/bitbucket/osella/rl-qecc-data/supervisedLearning/sweep2/g5_ground_pure_H4_s466555.pth	4	466555	2	groundPure	[(6, 6), (9, 6), (12, 6), (15, 3)]	True	True	True	True	geometric5	18402947	5	15	2026-07-31	16.125252698087117	9.340422154314146	0.10475000511419598	8.268969526303731	0.14900739552533793	0.10323600173249917	0.0
/vol/bitbucket/osella/rl-qecc-data/supervisedLearning/sweep2/g5_ground_pure_H4_s466555.pth	4	466555	2	groundPure	[(6, 6), (9, 6), (12, 6), (15, 3)]	True	True	True	True	geometric5	18402947	5	15	2026-07-31	16.125252698087117	9.340422154314146	0.10475000511419598	8.268969526303731	0.14900739552533793	0.10323600173249917	0.0
/vol/bitbucket/osella/rl-qecc-data/supervisedLearning/sweep2/g5_ground_pure_H4_s5000.pth	4	5000	2	groundPure	[(6, 6), (9, 6), (12, 6), (15, 3)]	True	True	True	True	geometric5	18402947	5	15	2026-07-31	13.583996650270233	9.340422154314146	0.12329488593824982	3.1565018595521033	0.40291889505330347	0.2761016816036125	0.0
/vol/bitbucket/osella/rl-qecc-data/supervisedLearning/sweep2/g5_ground_pure_H4_s5000.pth	4	5000	2	groundPure	[(6, 6), (9, 6), (12, 6), (15, 3)]	True	True	True	True	geometric5	18402947	5	15	2026-07-31	13.583996650270233	9.340422154314146	0.12329488593824982	3.1565018595521033	0.40291889505330347	0.2761016816036125	0.0
/vol/bitbucket/osella/rl-qecc-data/supervisedLearning/sweep2/g5_ground_pure_H4_s54321.pth	4	54321	2	groundPure	[(6, 6), (9, 6), (12, 6), (15, 3)]	True	True	True	True	geometric5	18402947	5	15	2026-07-31	16.115539889165653	9.340422154314146	0.13093292146289937	6.5441580064205445	0.18600950269356886	0.12722882084661424	0.0
/vol/bitbucket/osella/rl-qecc-data/supervisedLearning/sweep2/g5_ground_pure_H4_s54321.pth	4	54321	2	groundPure	[(6, 6), (9, 6), (12, 6), (15, 3)]	True	True	True	True	geometric5	18402947	5	15	2026-07-31	16.115539889165653	9.340422154314146	0.13093292146289937	6.5441580064205445	0.18600950269356886	0.12722882084661424	0.0
/vol/bitbucket/osella/rl-qecc-data/supervisedLearning/sweep2/g5_ground_pure_H4_s6000.pth	4	6000	2	groundPure	[(6, 6), (9, 6), (12, 6), (15, 3)]	True	True	True	True	geometric5	18402947	5	15	2026-07-31	15.345220756241424	9.340422154314146	0.18038184328442905	2.453811934086988	0.2926624523190994	0.2020284149925006	0.0
/vol/bitbucket/osella/rl-qecc-data/supervisedLearning/sweep2/g5_ground_pure_H4_s6000.pth	4	6000	2	groundPure	[(6, 6), (9, 6), (12, 6), (15, 3)]	True	True	True	True	geometric5	18402947	5	15	2026-07-31	15.345220756241424	9.340422154314146	0.18038184328442905	2.453811934086988	0.2926624523190994	0.2020284149925006	0.0
/vol/bitbucket/osella/rl-qecc-data/supervisedLearning/sweep2/g5_ground_pure_H4_s7134066.pth	4	7134066	2	groundPure	[(6, 6), (9, 6), (12, 6), (15, 3)]	True	True	True	True	geometric5	18402947	5	15	2026-07-31	14.082006050997752	9.340422154314146	0.10281963418079429	5.691059989558875	0.2894556219390289	0.2016683801978422	0.0
/vol/bitbucket/osella/rl-qecc-data/supervisedLearning/sweep2/g5_ground_pure_H4_s7134066.pth	4	7134066	2	groundPure	[(6, 6), (9, 6), (12, 6), (15, 3)]	True	True	True	True	geometric5	18402947	5	15	2026-07-31	14.082006050997752	9.340422154314146	0.10281963418079429	5.691059989558875	0.2894556219390289	0.2016683801978422	0.0
/vol/bitbucket/osella/rl-qecc-data/supervisedLearning/sweep2/g5_ground_pure_H6_s1000.pth	6	1000	2	groundPure	[(6, 6), (9, 6), (12, 6), (15, 3)]	True	True	True	True	geometric5	18402947	5	15	2026-07-31	14.584908492371548	9.340422154314146	0.17829825684661907	1.9841437458077562	0.38178730736761524	0.2643111358885631	0.0
/vol/bitbucket/osella/rl-qecc-data/supervisedLearning/sweep2/g5_ground_pure_H6_s1000.pth	6	1000	2	groundPure	[(6, 6), (9, 6), (12, 6), (15, 3)]	True	True	True	True	geometric5	18402947	5	15	2026-07-31	14.584908492371548	9.340422154314146	0.17829825684661907	1.9841437458077562	0.38178730736761524	0.2643111358885631	0.0
/vol/bitbucket/osella/rl-qecc-data/supervisedLearning/sweep2/g5_ground_pure_H6_s12345.pth	6	12345	2	groundPure	[(6, 6), (9, 6), (12, 6), (15, 3)]	True	True	True	True	geometric5	18402947	5	15	2026-07-31	15.020103359917416	9.340422154314146	0.161511746727398	2.489083606344384	0.44258237226238845	0.31475194484716207	0.0
/vol/bitbucket/osella/rl-qecc-data/supervisedLearning/sweep2/g5_ground_pure_H6_s12345.pth	6	12345	2	groundPure	[(6, 6), (9, 6), (12, 6), (15, 3)]	True	True	True	True	geometric5	18402947	5	15	2026-07-31	15.020103359917416	9.340422154314146	0.161511746727398	2.489083606344384	0.44258237226238845	0.31475194484716207	0.0
/vol/bitbucket/osella/rl-qecc-data/supervisedLearning/sweep2/g5_ground_pure_H6_s2000.pth	6	2000	2	groundPure	[(6, 6), (9, 6), (12, 6), (15, 3)]	True	True	True	True	geometric5	18402947	5	15	2026-07-31	13.515580249737171	9.340422154314146	0.11944631435641659	3.2357315003350524	0.3820339914141997	0.2628399049602564	0.04
/vol/bitbucket/osella/rl-qecc-data/supervisedLearning/sweep2/g5_ground_pure_H6_s2000.pth	6	2000	2	groundPure	[(6, 6), (9, 6), (12, 6), (15, 3)]	True	True	True	True	geometric5	18402947	5	15	2026-07-31	13.515580249737171	9.340422154314146	0.11944631435641659	3.2357315003350524	0.3820339914141997	0.2628399049602564	0.04
/vol/bitbucket/osella/rl-qecc-data/supervisedLearning/sweep2/g5_ground_pure_H6_s3000.pth	6	3000	2	groundPure	[(6, 6), (9, 6), (12, 6), (15, 3)]	True	True	True	True	geometric5	18402947	5	15	2026-07-31	12.702478452829876	9.340422154314146	0.05572882056494628	5.285247351293461	0.4876229050651555	0.33861979580593743	0.0
/vol/bitbucket/osella/rl-qecc-data/supervisedLearning/sweep2/g5_ground_pure_H6_s3000.pth	6	3000	2	groundPure	[(6, 6), (9, 6), (12, 6), (15, 3)]	True	True	True	True	geometric5	18402947	5	15	2026-07-31	12.702478452829876	9.340422154314146	0.05572882056494628	5.285247351293461	0.4876229050651555	0.33861979580593743	0.0
/vol/bitbucket/osella/rl-qecc-data/supervisedLearning/sweep2/g5_ground_pure_H6_s4000.pth	6	4000	2	groundPure	[(6, 6), (9, 6), (12, 6), (15, 3)]	True	True	True	True	geometric5	18402947	5	15	2026-07-31	14.525115531129172	9.340422154314146	0.1506553895960942	2.4257628241120512	0.47876829867240905	0.33304052529488276	0.0
/vol/bitbucket/osella/rl-qecc-data/supervisedLearning/sweep2/g5_ground_pure_H6_s4000.pth	6	4000	2	groundPure	[(6, 6), (9, 6), (12, 6), (15, 3)]	True	True	True	True	geometric5	18402947	5	15	2026-07-31	14.525115531129172	9.340422154314146	0.1506553895960942	2.4257628241120512	0.47876829867240905	0.33304052529488276	0.0
/vol/bitbucket/osella/rl-qecc-data/supervisedLearning/sweep2/g5_ground_pure_H6_s466555.pth	6	466555	2	groundPure	[(6, 6), (9, 6), (12, 6), (15, 3)]	True	True	True	True	geometric5	18402947	5	15	2026-07-31	13.574576489848674	9.340422154314146	0.09329419510734929	3.0891074981860025	0.37306536634739823	0.25518546954636734	0.0
/vol/bitbucket/osella/rl-qecc-data/supervisedLearning/sweep2/g5_ground_pure_H6_s466555.pth	6	466555	2	groundPure	[(6, 6), (9, 6), (12, 6), (15, 3)]	True	True	True	True	geometric5	18402947	5	15	2026-07-31	13.574576489848674	9.340422154314146	0.09329419510734929	3.0891074981860025	0.37306536634739823	0.25518546954636734	0.0
/vol/bitbucket/osella/rl-qecc-data/supervisedLearning/sweep2/g5_ground_pure_H6_s5000.pth	6	5000	2	groundPure	[(6, 6), (9, 6), (12, 6), (15, 3)]	True	True	True	True	geometric5	18402947	5	15	2026-07-31	13.313449779821813	9.340422154314146	0.11016549492215806	3.378798781684752	0.26238846788006664	0.1803221109899056	0.0
/vol/bitbucket/osella/rl-qecc-data/supervisedLearning/sweep2/g5_ground_pure_H6_s5000.pth	6	5000	2	groundPure	[(6, 6), (9, 6), (12, 6), (15, 3)]	True	True	True	True	geometric5	18402947	5	15	2026-07-31	13.313449779821813	9.340422154314146	0.11016549492215806	3.378798781684752	0.26238846788006664	0.1803221109899056	0.0
/vol/bitbucket/osella/rl-qecc-data/supervisedLearning/sweep2/g5_ground_pure_H6_s54321.pth	6	54321	2	groundPure	[(6, 6), (9, 6), (12, 6), (15, 3)]	True	True	True	True	geometric5	18402947	5	15	2026-07-31	14.375438496622468	9.340422154314146	0.13731750048843988	2.7779999836304166	0.4525286740186712	0.31281931894891546	0.0
/vol/bitbucket/osella/rl-qecc-data/supervisedLearning/sweep2/g5_ground_pure_H6_s54321.pth	6	54321	2	groundPure	[(6, 6), (9, 6), (12, 6), (15, 3)]	True	True	True	True	geometric5	18402947	5	15	2026-07-31	14.375438496622468	9.340422154314146	0.13731750048843988	2.7779999836304166	0.4525286740186712	0.31281931894891546	0.0
/vol/bitbucket/osella/rl-qecc-data/supervisedLearning/sweep2/g5_ground_pure_H6_s6000.pth	6	6000	2	groundPure	[(6, 6), (9, 6), (12, 6), (15, 3)]	True	True	True	True	geometric5	18402947	5	15	2026-07-31	13.306041501329544	9.340422154314146	0.11572259355199661	2.9553640990302474	0.44364685763269973	0.31259567911503977	0.0
/vol/bitbucket/osella/rl-qecc-data/supervisedLearning/sweep2/g5_ground_pure_H6_s6000.pth	6	6000	2	groundPure	[(6, 6), (9, 6), (12, 6), (15, 3)]	True	True	True	True	geometric5	18402947	5	15	2026-07-31	13.306041501329544	9.340422154314146	0.11572259355199661	2.9553640990302474	0.44364685763269973	0.31259567911503977	0.0
/vol/bitbucket/osella/rl-qecc-data/supervisedLearning/sweep2/g5_ground_pure_H6_s7134066.pth	6	7134066	2	groundPure	[(6, 6), (9, 6), (12, 6), (15, 3)]	True	True	True	True	geometric5	18402947	5	15	2026-07-31	14.055510669628523	9.340422154314146	0.1179844685241504	2.9878071786194105	0.4707765263991247	0.32721783372592933	0.0
/vol/bitbucket/osella/rl-qecc-data/supervisedLearning/sweep2/g5_ground_pure_H6_s7134066.pth	6	7134066	2	groundPure	[(6, 6), (9, 6), (12, 6), (15, 3)]	True	True	True	True	geometric5	18402947	5	15	2026-07-31	14.055510669628523	9.340422154314146	0.1179844685241504	2.9878071786194105	0.4707765263991247	0.32721783372592933	0.0
/vol/bitbucket/osella/rl-qecc-data/supervisedLearning/sweep2/g5_ground_pure_H7_s1000.pth	7	1000	2	groundPure	[(6, 6), (9, 6), (12, 6), (15, 3)]	True	True	True	True	geometric5	18402947	5	15	2026-07-31	12.18582617613103	9.340422154314146	0.06782450220562203	2.449582614192985	0.48328828568416826	0.33602118119311447	0.0
/vol/bitbucket/osella/rl-qecc-data/supervisedLearning/sweep2/g5_ground_pure_H7_s1000.pth	7	1000	2	groundPure	[(6, 6), (9, 6), (12, 6), (15, 3)]	True	True	True	True	geometric5	18402947	5	15	2026-07-31	12.18582617613103	9.340422154314146	0.06782450220562203	2.449582614192985	0.48328828568416826	0.33602118119311447	0.0
/vol/bitbucket/osella/rl-qecc-data/supervisedLearning/sweep2/g5_ground_pure_H7_s12345.pth	7	12345	2	groundPure	[(6, 6), (9, 6), (12, 6), (15, 3)]	True	True	True	True	geometric5	18402947	5	15	2026-07-31	12.967091916183985	9.340422154314146	0.07117723817106199	3.957125303435919	0.5380455823148605	0.3821135141366809	0.0
/vol/bitbucket/osella/rl-qecc-data/supervisedLearning/sweep2/g5_ground_pure_H7_s12345.pth	7	12345	2	groundPure	[(6, 6), (9, 6), (12, 6), (15, 3)]	True	True	True	True	geometric5	18402947	5	15	2026-07-31	12.967091916183985	9.340422154314146	0.07117723817106199	3.957125303435919	0.5380455823148605	0.3821135141366809	0.0
/vol/bitbucket/osella/rl-qecc-data/supervisedLearning/sweep2/g5_ground_pure_H7_s2000.pth	7	2000	2	groundPure	[(6, 6), (9, 6), (12, 6), (15, 3)]	True	True	True	True	geometric5	18402947	5	15	2026-07-31	12.083270390571602	9.340422154314146	0.09076253595168057	2.2697359020360164	0.5074137642208645	0.3566370897223008	0.0
/vol/bitbucket/osella/rl-qecc-data/supervisedLearning/sweep2/g5_ground_pure_H7_s2000.pth	7	2000	2	groundPure	[(6, 6), (9, 6), (12, 6), (15, 3)]	True	True	True	True	geometric5	18402947	5	15	2026-07-31	12.083270390571602	9.340422154314146	0.09076253595168057	2.2697359020360164	0.5074137642208645	0.3566370897223008	0.0
/vol/bitbucket/osella/rl-qecc-data/supervisedLearning/sweep2/g5_ground_pure_H7_s3000.pth	7	3000	2	groundPure	[(6, 6), (9, 6), (12, 6), (15, 3)]	True	True	True	True	geometric5	18402947	5	15	2026-07-31	11.954395410220236	9.340422154314146	0.07920249601827595	2.8797100071544124	0.46459102201860786	0.32245518698451137	0.0
/vol/bitbucket/osella/rl-qecc-data/supervisedLearning/sweep2/g5_ground_pure_H7_s3000.pth	7	3000	2	groundPure	[(6, 6), (9, 6), (12, 6), (15, 3)]	True	True	True	True	geometric5	18402947	5	15	2026-07-31	11.954395410220236	9.340422154314146	0.07920249601827595	2.8797100071544124	0.46459102201860786	0.32245518698451137	0.0
/vol/bitbucket/osella/rl-qecc-data/supervisedLearning/sweep2/g5_ground_pure_H7_s4000.pth	7	4000	2	groundPure	[(6, 6), (9, 6), (12, 6), (15, 3)]	True	True	True	True	geometric5	18402947	5	15	2026-07-31	13.550700472186287	9.340422154314146	0.11911741559610259	2.4410134843576077	0.4948326119568108	0.3469739677791618	0.0
/vol/bitbucket/osella/rl-qecc-data/supervisedLearning/sweep2/g5_ground_pure_H7_s4000.pth	7	4000	2	groundPure	[(6, 6), (9, 6), (12, 6), (15, 3)]	True	True	True	True	geometric5	18402947	5	15	2026-07-31	13.550700472186287	9.340422154314146	0.11911741559610259	2.4410134843576077	0.4948326119568108	0.3469739677791618	0.0
/vol/bitbucket/osella/rl-qecc-data/supervisedLearning/sweep2/g5_ground_pure_H7_s466555.pth	7	466555	2	groundPure	[(6, 6), (9, 6), (12, 6), (15, 3)]	True	True	True	True	geometric5	18402947	5	15	2026-07-31	16.38573863151429	9.340422154314146	0.1696651383940344	2.5026786426034766	0.3757233194843513	0.2568974033473902	0.0
/vol/bitbucket/osella/rl-qecc-data/supervisedLearning/sweep2/g5_ground_pure_H7_s466555.pth	7	466555	2	groundPure	[(6, 6), (9, 6), (12, 6), (15, 3)]	True	True	True	True	geometric5	18402947	5	15	2026-07-31	16.38573863151429	9.340422154314146	0.1696651383940344	2.5026786426034766	0.3757233194843513	0.2568974033473902	0.0
/vol/bitbucket/osella/rl-qecc-data/supervisedLearning/sweep2/g5_ground_pure_H7_s5000.pth	7	5000	2	groundPure	[(6, 6), (9, 6), (12, 6), (15, 3)]	True	True	True	True	geometric5	18402947	5	15	2026-07-31	12.495969172308927	9.340422154314146	0.09133978422677616	3.663508412595229	0.3842271766820504	0.26828462103705	0.0
/vol/bitbucket/osella/rl-qecc-data/supervisedLearning/sweep2/g5_ground_pure_H7_s5000.pth	7	5000	2	groundPure	[(6, 6), (9, 6), (12, 6), (15, 3)]	True	True	True	True	geometric5	18402947	5	15	2026-07-31	12.495969172308927	9.340422154314146	0.09133978422677616	3.663508412595229	0.3842271766820504	0.26828462103705	0.0
/vol/bitbucket/osella/rl-qecc-data/supervisedLearning/sweep2/g5_ground_pure_H7_s54321.pth	7	54321	2	groundPure	[(6, 6), (9, 6), (12, 6), (15, 3)]	True	True	True	True	geometric5	18402947	5	15	2026-07-31	14.778875616099254	9.340422154314146	0.14358004366144086	2.811299207313252	0.4841257135349864	0.3362899861014984	0.0
/vol/bitbucket/osella/rl-qecc-data/supervisedLearning/sweep2/g5_ground_pure_H7_s54321.pth	7	54321	2	groundPure	[(6, 6), (9, 6), (12, 6), (15, 3)]	True	True	True	True	geometric5	18402947	5	15	2026-07-31	14.778875616099254	9.340422154314146	0.14358004366144086	2.811299207313252	0.4841257135349864	0.3362899861014984	0.0
/vol/bitbucket/osella/rl-qecc-data/supervisedLearning/sweep2/g5_ground_pure_H7_s6000.pth	7	6000	2	groundPure	[(6, 6), (9, 6), (12, 6), (15, 3)]	True	True	True	True	geometric5	18402947	5	15	2026-07-31	14.146805358326047	9.340422154314146	0.11782639200823668	3.341988628510815	0.4346700398333697	0.3020084506839891	0.0
/vol/bitbucket/osella/rl-qecc-data/supervisedLearning/sweep2/g5_ground_pure_H7_s6000.pth	7	6000	2	groundPure	[(6, 6), (9, 6), (12, 6), (15, 3)]	True	True	True	True	geometric5	18402947	5	15	2026-07-31	14.146805358326047	9.340422154314146	0.11782639200823668	3.341988628510815	0.4346700398333697	0.3020084506839891	0.0
/vol/bitbucket/osella/rl-qecc-data/supervisedLearning/sweep2/g5_ground_pure_H7_s7134066.pth	7	7134066	2	groundPure	[(6, 6), (9, 6), (12, 6), (15, 3)]	True	True	True	True	geometric5	18402947	5	15	2026-07-31	13.797681443655392	9.340422154314146	0.10819486174314552	4.088943169923717	0.4074921338011497	0.2850760376781	0.0
/vol/bitbucket/osella/rl-qecc-data/supervisedLearning/sweep2/g5_ground_pure_H7_s7134066.pth	7	7134066	2	groundPure	[(6, 6), (9, 6), (12, 6), (15, 3)]	True	True	True	True	geometric5	18402947	5	15	2026-07-31	13.797681443655392	9.340422154314146	0.10819486174314552	4.088943169923717	0.4074921338011497	0.2850760376781	0.0
/vol/bitbucket/osella/rl-qecc-data/supervisedLearning/sweep2/g5_mix_66-96-126-153_H10_s1000.pth	10	1000	6	mixed	[(6, 6), (9, 6), (12, 6), (15, 3)]	True	True	True	True	geometric5	18402947	5	15	2026-07-31	11.886952620504127	9.340422154314146	0.05300864933688596	2.4427727433440594	0.44391897749308623	0.3210823000433105	0.0
/vol/bitbucket/osella/rl-qecc-data/supervisedLearning/sweep2/g5_mix_66-96-126-153_H10_s1000.pth	10	1000	6	mixed	[(6, 6), (9, 6), (12, 6), (15, 3)]	True	True	True	True	geometric5	18402947	5	15	2026-07-31	11.886952620504127	9.340422154314146	0.05300864933688596	2.4427727433440594	0.44391897749308623	0.3210823000433105	0.0
/vol/bitbucket/osella/rl-qecc-data/supervisedLearning/sweep2/g5_mix_66-96-126-153_H10_s12345.pth	10	12345	6	mixed	[(6, 6), (9, 6), (12, 6), (15, 3)]	True	True	True	True	geometric5	18402947	5	15	2026-07-31	11.847917538881777	9.340422154314146	0.062233396519017714	2.747488680527568	0.5917808015501635	0.42187975722089055	0.0
/vol/bitbucket/osella/rl-qecc-data/supervisedLearning/sweep2/g5_mix_66-96-126-153_H10_s12345.pth	10	12345	6	mixed	[(6, 6), (9, 6), (12, 6), (15, 3)]	True	True	True	True	geometric5	18402947	5	15	2026-07-31	11.847917538881777	9.340422154314146	0.062233396519017714	2.747488680527568	0.5917808015501635	0.42187975722089055	0.0
/vol/bitbucket/osella/rl-qecc-data/supervisedLearning/sweep2/g5_mix_66-96-126-153_H10_s2000.pth	10	2000	6	mixed	[(6, 6), (9, 6), (12, 6), (15, 3)]	True	True	True	True	geometric5	18402947	5	15	2026-07-31	12.121819040219082	9.340422154314146	0.08372938449252128	2.9635263118957855	0.4727191781418704	0.33384932735447354	0.0
/vol/bitbucket/osella/rl-qecc-data/supervisedLearning/sweep2/g5_mix_66-96-126-153_H10_s2000.pth	10	2000	6	mixed	[(6, 6), (9, 6), (12, 6), (15, 3)]	True	True	True	True	geometric5	18402947	5	15	2026-07-31	12.121819040219082	9.340422154314146	0.08372938449252128	2.9635263118957855	0.4727191781418704	0.33384932735447354	0.0
/vol/bitbucket/osella/rl-qecc-data/supervisedLearning/sweep2/g5_mix_66-96-126-153_H10_s3000.pth	10	3000	6	mixed	[(6, 6), (9, 6), (12, 6), (15, 3)]	True	True	True	True	geometric5	18402947	5	15	2026-07-31	11.723320436277776	9.340422154314146	0.042763818595118575	2.7359535095650473	0.6053157438367053	0.4357098855673838	0.0
/vol/bitbucket/osella/rl-qecc-data/supervisedLearning/sweep2/g5_mix_66-96-126-153_H10_s3000.pth	10	3000	6	mixed	[(6, 6), (9, 6), (12, 6), (15, 3)]	True	True	True	True	geometric5	18402947	5	15	2026-07-31	11.723320436277776	9.340422154314146	0.042763818595118575	2.7359535095650473	0.6053157438367053	0.4357098855673838	0.0
/vol/bitbucket/osella/rl-qecc-data/supervisedLearning/sweep2/g5_mix_66-96-126-153_H10_s4000.pth	10	4000	6	mixed	[(6, 6), (9, 6), (12, 6), (15, 3)]	True	True	True	True	geometric5	18402947	5	15	2026-07-31	11.647769807530553	9.340422154314146	0.04988239791831045	4.614837305596789	0.5040573717872638	0.35287161086269914	0.0
/vol/bitbucket/osella/rl-qecc-data/supervisedLearning/sweep2/g5_mix_66-96-126-153_H10_s4000.pth	10	4000	6	mixed	[(6, 6), (9, 6), (12, 6), (15, 3)]	True	True	True	True	geometric5	18402947	5	15	2026-07-31	11.647769807530553	9.340422154314146	0.04988239791831045	4.614837305596789	0.5040573717872638	0.35287161086269914	0.0
/vol/bitbucket/osella/rl-qecc-data/supervisedLearning/sweep2/g5_mix_66-96-126-153_H10_s466555.pth	10	466555	6	mixed	[(6, 6), (9, 6), (12, 6), (15, 3)]	True	True	True	True	geometric5	18402947	5	15	2026-07-31	12.92220475446873	9.340422154314146	0.07625590922633936	4.8379476354875175	0.4301949021501631	0.30354882568630326	0.0
/vol/bitbucket/osella/rl-qecc-data/supervisedLearning/sweep2/g5_mix_66-96-126-153_H10_s466555.pth	10	466555	6	mixed	[(6, 6), (9, 6), (12, 6), (15, 3)]	True	True	True	True	geometric5	18402947	5	15	2026-07-31	12.92220475446873	9.340422154314146	0.07625590922633936	4.8379476354875175	0.4301949021501631	0.30354882568630326	0.0
/vol/bitbucket/osella/rl-qecc-data/supervisedLearning/sweep2/g5_mix_66-96-126-153_H10_s5000.pth	10	5000	6	mixed	[(6, 6), (9, 6), (12, 6), (15, 3)]	True	True	True	True	geometric5	18402947	5	15	2026-07-31	12.947463384081844	9.340422154314146	0.09927191596507465	2.615059794288793	0.5138865448346914	0.36669478911760034	0.0
/vol/bitbucket/osella/rl-qecc-data/supervisedLearning/sweep2/g5_mix_66-96-126-153_H10_s5000.pth	10	5000	6	mixed	[(6, 6), (9, 6), (12, 6), (15, 3)]	True	True	True	True	geometric5	18402947	5	15	2026-07-31	12.947463384081844	9.340422154314146	0.09927191596507465	2.615059794288793	0.5138865448346914	0.36669478911760034	0.0
/vol/bitbucket/osella/rl-qecc-data/supervisedLearning/sweep2/g5_mix_66-96-126-153_H10_s54321.pth	10	54321	6	mixed	[(6, 6), (9, 6), (12, 6), (15, 3)]	True	True	True	True	geometric5	18402947	5	15	2026-07-31	12.812203284658816	9.340422154314146	0.052381237148801454	5.656587257386973	0.4721449034904237	0.3402865178860709	0.02
/vol/bitbucket/osella/rl-qecc-data/supervisedLearning/sweep2/g5_mix_66-96-126-153_H10_s54321.pth	10	54321	6	mixed	[(6, 6), (9, 6), (12, 6), (15, 3)]	True	True	True	True	geometric5	18402947	5	15	2026-07-31	12.812203284658816	9.340422154314146	0.052381237148801454	5.656587257386973	0.4721449034904237	0.3402865178860709	0.02
/vol/bitbucket/osella/rl-qecc-data/supervisedLearning/sweep2/g5_mix_66-96-126-153_H10_s6000.pth	10	6000	6	mixed	[(6, 6), (9, 6), (12, 6), (15, 3)]	True	True	True	True	geometric5	18402947	5	15	2026-07-31	12.737412625752164	9.340422154314146	0.05821171943764094	4.450347516383909	0.49027334399782774	0.34571852222184685	0.0
/vol/bitbucket/osella/rl-qecc-data/supervisedLearning/sweep2/g5_mix_66-96-126-153_H10_s6000.pth	10	6000	6	mixed	[(6, 6), (9, 6), (12, 6), (15, 3)]	True	True	True	True	geometric5	18402947	5	15	2026-07-31	12.737412625752164	9.340422154314146	0.05821171943764094	4.450347516383909	0.49027334399782774	0.34571852222184685	0.0
/vol/bitbucket/osella/rl-qecc-data/supervisedLearning/sweep2/g5_mix_66-96-126-153_H10_s7134066.pth	10	7134066	6	mixed	[(6, 6), (9, 6), (12, 6), (15, 3)]	True	True	True	True	geometric5	18402947	5	15	2026-07-31	11.708737098743528	9.340422154314146	0.05237617908552031	3.1593616386534213	0.451019160757632	0.31488765208161534	0.0
/vol/bitbucket/osella/rl-qecc-data/supervisedLearning/sweep2/g5_mix_66-96-126-153_H10_s7134066.pth	10	7134066	6	mixed	[(6, 6), (9, 6), (12, 6), (15, 3)]	True	True	True	True	geometric5	18402947	5	15	2026-07-31	11.708737098743528	9.340422154314146	0.05237617908552031	3.1593616386534213	0.451019160757632	0.31488765208161534	0.0
/vol/bitbucket/osella/rl-qecc-data/supervisedLearning/sweep2/g5_mix_66-96-126-153_H3_s1000.pth	3	1000	6	mixed	[(6, 6), (9, 6), (12, 6), (15, 3)]	True	True	True	True	geometric5	18402947	5	15	2026-07-31	13.193991740504615	9.340422154314146	0.11246179655090807	2.3070580674185566	0.4289332859845873	0.30493202587488155	0.0
/vol/bitbucket/osella/rl-qecc-data/supervisedLearning/sweep2/g5_mix_66-96-126-153_H3_s1000.pth	3	1000	6	mixed	[(6, 6), (9, 6), (12, 6), (15, 3)]	True	True	True	True	geometric5	18402947	5	15	2026-07-31	13.193991740504615	9.340422154314146	0.11246179655090807	2.3070580674185566	0.4289332859845873	0.30493202587488155	0.0
/vol/bitbucket/osella/rl-qecc-data/supervisedLearning/sweep2/g5_mix_66-96-126-153_H3_s12345.pth	3	12345	6	mixed	[(6, 6), (9, 6), (12, 6), (15, 3)]	True	True	True	True	geometric5	18402947	5	15	2026-07-31	13.46288911869449	9.340422154314146	0.05278793214676753	2.6671330144608607	0.43971760534352244	0.3099440233188006	0.0
/vol/bitbucket/osella/rl-qecc-data/supervisedLearning/sweep2/g5_mix_66-96-126-153_H3_s12345.pth	3	12345	6	mixed	[(6, 6), (9, 6), (12, 6), (15, 3)]	True	True	True	True	geometric5	18402947	5	15	2026-07-31	13.46288911869449	9.340422154314146	0.05278793214676753	2.6671330144608607	0.43971760534352244	0.3099440233188006	0.0
/vol/bitbucket/osella/rl-qecc-data/supervisedLearning/sweep2/g5_mix_66-96-126-153_H3_s2000.pth	3	2000	6	mixed	[(6, 6), (9, 6), (12, 6), (15, 3)]	True	True	True	True	geometric5	18402947	5	15	2026-07-31	13.400770079504387	9.340422154314146	0.07871589288810105	2.844372440358913	0.5467222591597493	0.3897083009872647	0.0
/vol/bitbucket/osella/rl-qecc-data/supervisedLearning/sweep2/g5_mix_66-96-126-153_H3_s2000.pth	3	2000	6	mixed	[(6, 6), (9, 6), (12, 6), (15, 3)]	True	True	True	True	geometric5	18402947	5	15	2026-07-31	13.400770079504387	9.340422154314146	0.07871589288810105	2.844372440358913	0.5467222591597493	0.3897083009872647	0.0
/vol/bitbucket/osella/rl-qecc-data/supervisedLearning/sweep2/g5_mix_66-96-126-153_H3_s3000.pth	3	3000	6	mixed	[(6, 6), (9, 6), (12, 6), (15, 3)]	True	True	True	True	geometric5	18402947	5	15	2026-07-31	12.481425905407889	9.340422154314146	0.10292509835057326	3.40739091487066	0.5378066348466736	0.38148453441474944	0.0
/vol/bitbucket/osella/rl-qecc-data/supervisedLearning/sweep2/g5_mix_66-96-126-153_H3_s3000.pth	3	3000	6	mixed	[(6, 6), (9, 6), (12, 6), (15, 3)]	True	True	True	True	geometric5	18402947	5	15	2026-07-31	12.481425905407889	9.340422154314146	0.10292509835057326	3.40739091487066	0.5378066348466736	0.38148453441474944	0.0
/vol/bitbucket/osella/rl-qecc-data/supervisedLearning/sweep2/g5_mix_66-96-126-153_H3_s4000.pth	3	4000	6	mixed	[(6, 6), (9, 6), (12, 6), (15, 3)]	True	True	True	True	geometric5	18402947	5	15	2026-07-31	13.907492015790739	9.340422154314146	0.10791027356107534	3.257741067845391	0.522045621499313	0.3669223374802308	0.02
/vol/bitbucket/osella/rl-qecc-data/supervisedLearning/sweep2/g5_mix_66-96-126-153_H3_s4000.pth	3	4000	6	mixed	[(6, 6), (9, 6), (12, 6), (15, 3)]	True	True	True	True	geometric5	18402947	5	15	2026-07-31	13.907492015790739	9.340422154314146	0.10791027356107534	3.257741067845391	0.522045621499313	0.3669223374802308	0.02
/vol/bitbucket/osella/rl-qecc-data/supervisedLearning/sweep2/g5_mix_66-96-126-153_H3_s466555.pth	3	466555	6	mixed	[(6, 6), (9, 6), (12, 6), (15, 3)]	True	True	True	True	geometric5	18402947	5	15	2026-07-31	13.881963834634513	9.340422154314146	0.14201853596173017	2.3750421884696267	0.43189747580617677	0.30632102183247495	0.0
/vol/bitbucket/osella/rl-qecc-data/supervisedLearning/sweep2/g5_mix_66-96-126-153_H3_s466555.pth	3	466555	6	mixed	[(6, 6), (9, 6), (12, 6), (15, 3)]	True	True	True	True	geometric5	18402947	5	15	2026-07-31	13.881963834634513	9.340422154314146	0.14201853596173017	2.3750421884696267	0.43189747580617677	0.30632102183247495	0.0
/vol/bitbucket/osella/rl-qecc-data/supervisedLearning/sweep2/g5_mix_66-96-126-153_H3_s5000.pth	3	5000	6	mixed	[(6, 6), (9, 6), (12, 6), (15, 3)]	True	True	True	True	geometric5	18402947	5	15	2026-07-31	14.42032287726364	9.340422154314146	0.1533017451760411	2.282000993767264	0.38205695505023735	0.2755779538938885	0.0
/vol/bitbucket/osella/rl-qecc-data/supervisedLearning/sweep2/g5_mix_66-96-126-153_H3_s5000.pth	3	5000	6	mixed	[(6, 6), (9, 6), (12, 6), (15, 3)]	True	True	True	True	geometric5	18402947	5	15	2026-07-31	14.42032287726364	9.340422154314146	0.1533017451760411	2.282000993767264	0.38205695505023735	0.2755779538938885	0.0
/vol/bitbucket/osella/rl-qecc-data/supervisedLearning/sweep2/g5_mix_66-96-126-153_H3_s54321.pth	3	54321	6	mixed	[(6, 6), (9, 6), (12, 6), (15, 3)]	True	True	True	True	geometric5	18402947	5	15	2026-07-31	13.92090987412509	9.340422154314146	0.14603101934780194	2.022110894753567	0.534656622136536	0.3834027707798559	0.02
/vol/bitbucket/osella/rl-qecc-data/supervisedLearning/sweep2/g5_mix_66-96-126-153_H3_s54321.pth	3	54321	6	mixed	[(6, 6), (9, 6), (12, 6), (15, 3)]	True	True	True	True	geometric5	18402947	5	15	2026-07-31	13.92090987412509	9.340422154314146	0.14603101934780194	2.022110894753567	0.534656622136536	0.3834027707798559	0.02
/vol/bitbucket/osella/rl-qecc-data/supervisedLearning/sweep2/g5_mix_66-96-126-153_H3_s6000.pth	3	6000	6	mixed	[(6, 6), (9, 6), (12, 6), (15, 3)]	True	True	True	True	geometric5	18402947	5	15	2026-07-31	12.81359333295972	9.340422154314146	0.08087143788931013	3.256115427560005	0.46236516370449326	0.3280484025175111	0.0
/vol/bitbucket/osella/rl-qecc-data/supervisedLearning/sweep2/g5_mix_66-96-126-153_H3_s6000.pth	3	6000	6	mixed	[(6, 6), (9, 6), (12, 6), (15, 3)]	True	True	True	True	geometric5	18402947	5	15	2026-07-31	12.81359333295972	9.340422154314146	0.08087143788931013	3.256115427560005	0.46236516370449326	0.3280484025175111	0.0
/vol/bitbucket/osella/rl-qecc-data/supervisedLearning/sweep2/g5_mix_66-96-126-153_H3_s7134066.pth	3	7134066	6	mixed	[(6, 6), (9, 6), (12, 6), (15, 3)]	True	True	True	True	geometric5	18402947	5	15	2026-07-31	11.665387510370454	9.340422154314146	0.07162930134038226	2.113129678280668	0.5792949387239361	0.4123197752456956	0.0
/vol/bitbucket/osella/rl-qecc-data/supervisedLearning/sweep2/g5_mix_66-96-126-153_H3_s7134066.pth	3	7134066	6	mixed	[(6, 6), (9, 6), (12, 6), (15, 3)]	True	True	True	True	geometric5	18402947	5	15	2026-07-31	11.665387510370454	9.340422154314146	0.07162930134038226	2.113129678280668	0.5792949387239361	0.4123197752456956	0.0
/vol/bitbucket/osella/rl-qecc-data/supervisedLearning/sweep2/g5_mix_66-96-126-153_H4_s1000.pth	4	1000	6	mixed	[(6, 6), (9, 6), (12, 6), (15, 3)]	True	True	True	True	geometric5	18402947	5	15	2026-07-31	12.73189434609539	9.340422154314146	0.06091613098926855	4.861996512999574	0.4359187583709846	0.3096913611815962	0.0
/vol/bitbucket/osella/rl-qecc-data/supervisedLearning/sweep2/g5_mix_66-96-126-153_H4_s1000.pth	4	1000	6	mixed	[(6, 6), (9, 6), (12, 6), (15, 3)]	True	True	True	True	geometric5	18402947	5	15	2026-07-31	12.73189434609539	9.340422154314146	0.06091613098926855	4.861996512999574	0.4359187583709846	0.3096913611815962	0.0
/vol/bitbucket/osella/rl-qecc-data/supervisedLearning/sweep2/g5_mix_66-96-126-153_H4_s12345.pth	4	12345	6	mixed	[(6, 6), (9, 6), (12, 6), (15, 3)]	True	True	True	True	geometric5	18402947	5	15	2026-07-31	13.641746570979098	9.340422154314146	0.12514125306569304	2.4391950281900106	0.4844556710944372	0.33998808363090427	0.0
/vol/bitbucket/osella/rl-qecc-data/supervisedLearning/sweep2/g5_mix_66-96-126-153_H4_s12345.pth	4	12345	6	mixed	[(6, 6), (9, 6), (12, 6), (15, 3)]	True	True	True	True	geometric5	18402947	5	15	2026-07-31	13.641746570979098	9.340422154314146	0.12514125306569304	2.4391950281900106	0.4844556710944372	0.33998808363090427	0.0
/vol/bitbucket/osella/rl-qecc-data/supervisedLearning/sweep2/g5_mix_66-96-126-153_H4_s2000.pth	4	2000	6	mixed	[(6, 6), (9, 6), (12, 6), (15, 3)]	True	True	True	True	geometric5	18402947	5	15	2026-07-31	13.569804118612753	9.340422154314146	0.08870348316602467	3.009166618719572	0.5217691098449807	0.3684338503195558	0.0
/vol/bitbucket/osella/rl-qecc-data/supervisedLearning/sweep2/g5_mix_66-96-126-153_H4_s2000.pth	4	2000	6	mixed	[(6, 6), (9, 6), (12, 6), (15, 3)]	True	True	True	True	geometric5	18402947	5	15	2026-07-31	13.569804118612753	9.340422154314146	0.08870348316602467	3.009166618719572	0.5217691098449807	0.3684338503195558	0.0
/vol/bitbucket/osella/rl-qecc-data/supervisedLearning/sweep2/g5_mix_66-96-126-153_H4_s3000.pth	4	3000	6	mixed	[(6, 6), (9, 6), (12, 6), (15, 3)]	True	True	True	True	geometric5	18402947	5	15	2026-07-31	14.069164334312415	9.340422154314146	0.11378351923359044	3.6489848341165523	0.4412641037728146	0.319263913238479	0.0
/vol/bitbucket/osella/rl-qecc-data/supervisedLearning/sweep2/g5_mix_66-96-126-153_H4_s3000.pth	4	3000	6	mixed	[(6, 6), (9, 6), (12, 6), (15, 3)]	True	True	True	True	geometric5	18402947	5	15	2026-07-31	14.069164334312415	9.340422154314146	0.11378351923359044	3.6489848341165523	0.4412641037728146	0.319263913238479	0.0
/vol/bitbucket/osella/rl-qecc-data/supervisedLearning/sweep2/g5_mix_66-96-126-153_H4_s4000.pth	4	4000	6	mixed	[(6, 6), (9, 6), (12, 6), (15, 3)]	True	True	True	True	geometric5	18402947	5	15	2026-07-31	13.827357368908197	9.340422154314146	0.1362189593436633	2.457951853436904	0.567155117413309	0.404448646472735	0.02
/vol/bitbucket/osella/rl-qecc-data/supervisedLearning/sweep2/g5_mix_66-96-126-153_H4_s4000.pth	4	4000	6	mixed	[(6, 6), (9, 6), (12, 6), (15, 3)]	True	True	True	True	geometric5	18402947	5	15	2026-07-31	13.827357368908197	9.340422154314146	0.1362189593436633	2.457951853436904	0.567155117413309	0.404448646472735	0.02
/vol/bitbucket/osella/rl-qecc-data/supervisedLearning/sweep2/g5_mix_66-96-126-153_H4_s466555.pth	4	466555	6	mixed	[(6, 6), (9, 6), (12, 6), (15, 3)]	True	True	True	True	geometric5	18402947	5	15	2026-07-31	12.396854889488242	9.340422154314146	0.047697685721464565	3.1620250200909696	0.5073712506645145	0.355449080724272	0.0
/vol/bitbucket/osella/rl-qecc-data/supervisedLearning/sweep2/g5_mix_66-96-126-153_H4_s466555.pth	4	466555	6	mixed	[(6, 6), (9, 6), (12, 6), (15, 3)]	True	True	True	True	geometric5	18402947	5	15	2026-07-31	12.396854889488242	9.340422154314146	0.047697685721464565	3.1620250200909696	0.5073712506645145	0.355449080724272	0.0
/vol/bitbucket/osella/rl-qecc-data/supervisedLearning/sweep2/g5_mix_66-96-126-153_H4_s5000.pth	4	5000	6	mixed	[(6, 6), (9, 6), (12, 6), (15, 3)]	True	True	True	True	geometric5	18402947	5	15	2026-07-31	12.659614713764162	9.340422154314146	0.09248840380742453	3.1000708529127383	0.4540874672955968	0.3248933633312127	0.0
/vol/bitbucket/osella/rl-qecc-data/supervisedLearning/sweep2/g5_mix_66-96-126-153_H4_s5000.pth	4	5000	6	mixed	[(6, 6), (9, 6), (12, 6), (15, 3)]	True	True	True	True	geometric5	18402947	5	15	2026-07-31	12.659614713764162	9.340422154314146	0.09248840380742453	3.1000708529127383	0.4540874672955968	0.3248933633312127	0.0
/vol/bitbucket/osella/rl-qecc-data/supervisedLearning/sweep2/g5_mix_66-96-126-153_H4_s54321.pth	4	54321	6	mixed	[(6, 6), (9, 6), (12, 6), (15, 3)]	True	True	True	True	geometric5	18402947	5	15	2026-07-31	12.62797365013124	9.340422154314146	0.09269187562886168	2.5551558658997173	0.3136846682744583	0.22124747862981592	0.0
/vol/bitbucket/osella/rl-qecc-data/supervisedLearning/sweep2/g5_mix_66-96-126-153_H4_s54321.pth	4	54321	6	mixed	[(6, 6), (9, 6), (12, 6), (15, 3)]	True	True	True	True	geometric5	18402947	5	15	2026-07-31	12.62797365013124	9.340422154314146	0.09269187562886168	2.5551558658997173	0.3136846682744583	0.22124747862981592	0.0
/vol/bitbucket/osella/rl-qecc-data/supervisedLearning/sweep2/g5_mix_66-96-126-153_H4_s6000.pth	4	6000	6	mixed	[(6, 6), (9, 6), (12, 6), (15, 3)]	True	True	True	True	geometric5	18402947	5	15	2026-07-31	12.870553338580711	9.340422154314146	0.09102182306309374	2.756064628571089	0.4452235068107316	0.31081756377124853	0.0
/vol/bitbucket/osella/rl-qecc-data/supervisedLearning/sweep2/g5_mix_66-96-126-153_H4_s6000.pth	4	6000	6	mixed	[(6, 6), (9, 6), (12, 6), (15, 3)]	True	True	True	True	geometric5	18402947	5	15	2026-07-31	12.870553338580711	9.340422154314146	0.09102182306309374	2.756064628571089	0.4452235068107316	0.31081756377124853	0.0
/vol/bitbucket/osella/rl-qecc-data/supervisedLearning/sweep2/g5_mix_66-96-126-153_H4_s7134066.pth	4	7134066	6	mixed	[(6, 6), (9, 6), (12, 6), (15, 3)]	True	True	True	True	geometric5	18402947	5	15	2026-07-31	12.91065772345974	9.340422154314146	0.1003358559442957	2.0937165551944377	0.4829106536843215	0.3471906305414677	0.0
/vol/bitbucket/osella/rl-qecc-data/supervisedLearning/sweep2/g5_mix_66-96-126-153_H4_s7134066.pth	4	7134066	6	mixed	[(6, 6), (9, 6), (12, 6), (15, 3)]	True	True	True	True	geometric5	18402947	5	15	2026-07-31	12.91065772345974	9.340422154314146	0.1003358559442957	2.0937165551944377	0.4829106536843215	0.3471906305414677	0.0
/vol/bitbucket/osella/rl-qecc-data/supervisedLearning/sweep2/g5_mix_66-96-126-153_H6_s1000.pth	6	1000	6	mixed	[(6, 6), (9, 6), (12, 6), (15, 3)]	True	True	True	True	geometric5	18402947	5	15	2026-07-31	16.31947547760369	9.340422154314146	0.07381983977284995	2.369251361787518	0.32090742007886863	0.23011174485695737	0.0
/vol/bitbucket/osella/rl-qecc-data/supervisedLearning/sweep2/g5_mix_66-96-126-153_H6_s1000.pth	6	1000	6	mixed	[(6, 6), (9, 6), (12, 6), (15, 3)]	True	True	True	True	geometric5	18402947	5	15	2026-07-31	16.31947547760369	9.340422154314146	0.07381983977284995	2.369251361787518	0.32090742007886863	0.23011174485695737	0.0
/vol/bitbucket/osella/rl-qecc-data/supervisedLearning/sweep2/g5_mix_66-96-126-153_H6_s12345.pth	6	12345	6	mixed	[(6, 6), (9, 6), (12, 6), (15, 3)]	True	True	True	True	geometric5	18402947	5	15	2026-07-31	13.129211647762004	9.340422154314146	0.12277271793866547	1.8450926434711994	0.43704170660708436	0.31128987087932075	0.0
/vol/bitbucket/osella/rl-qecc-data/supervisedLearning/sweep2/g5_mix_66-96-126-153_H6_s12345.pth	6	12345	6	mixed	[(6, 6), (9, 6), (12, 6), (15, 3)]	True	True	True	True	geometric5	18402947	5	15	2026-07-31	13.129211647762004	9.340422154314146	0.12277271793866547	1.8450926434711994	0.43704170660708436	0.31128987087932075	0.0
/vol/bitbucket/osella/rl-qecc-data/supervisedLearning/sweep2/g5_mix_66-96-126-153_H6_s2000.pth	6	2000	6	mixed	[(6, 6), (9, 6), (12, 6), (15, 3)]	True	True	True	True	geometric5	18402947	5	15	2026-07-31	13.649713681456115	9.340422154314146	0.09354830691515088	2.391359216876635	0.5231452888422182	0.36947617785891373	0.0
/vol/bitbucket/osella/rl-qecc-data/supervisedLearning/sweep2/g5_mix_66-96-126-153_H6_s2000.pth	6	2000	6	mixed	[(6, 6), (9, 6), (12, 6), (15, 3)]	True	True	True	True	geometric5	18402947	5	15	2026-07-31	13.649713681456115	9.340422154314146	0.09354830691515088	2.391359216876635	0.5231452888422182	0.36947617785891373	0.0
/vol/bitbucket/osella/rl-qecc-data/supervisedLearning/sweep2/g5_mix_66-96-126-153_H6_s3000.pth	6	3000	6	mixed	[(6, 6), (9, 6), (12, 6), (15, 3)]	True	True	True	True	geometric5	18402947	5	15	2026-07-31	13.383217986790768	9.340422154314146	0.05319538918230122	10.540861852128158	0.43656371111548836	0.3043968137012236	0.0
/vol/bitbucket/osella/rl-qecc-data/supervisedLearning/sweep2/g5_mix_66-96-126-153_H6_s3000.pth	6	3000	6	mixed	[(6, 6), (9, 6), (12, 6), (15, 3)]	True	True	True	True	geometric5	18402947	5	15	2026-07-31	13.383217986790768	9.340422154314146	0.05319538918230122	10.540861852128158	0.43656371111548836	0.3043968137012236	0.0
/vol/bitbucket/osella/rl-qecc-data/supervisedLearning/sweep2/g5_mix_66-96-126-153_H6_s4000.pth	6	4000	6	mixed	[(6, 6), (9, 6), (12, 6), (15, 3)]	True	True	True	True	geometric5	18402947	5	15	2026-07-31	12.717565589100461	9.340422154314146	0.09140436356071445	2.61928094815111	0.4539890286574063	0.31945626345499795	0.0
/vol/bitbucket/osella/rl-qecc-data/supervisedLearning/sweep2/g5_mix_66-96-126-153_H6_s4000.pth	6	4000	6	mixed	[(6, 6), (9, 6), (12, 6), (15, 3)]	True	True	True	True	geometric5	18402947	5	15	2026-07-31	12.717565589100461	9.340422154314146	0.09140436356071445	2.61928094815111	0.4539890286574063	0.31945626345499795	0.0
/vol/bitbucket/osella/rl-qecc-data/supervisedLearning/sweep2/g5_mix_66-96-126-153_H6_s466555.pth	6	466555	6	mixed	[(6, 6), (9, 6), (12, 6), (15, 3)]	True	True	True	True	geometric5	18402947	5	15	2026-07-31	13.61462301209051	9.340422154314146	0.0826725564711994	4.062188921728949	0.5315020044672196	0.37279987470669285	0.0
/vol/bitbucket/osella/rl-qecc-data/supervisedLearning/sweep2/g5_mix_66-96-126-153_H6_s466555.pth	6	466555	6	mixed	[(6, 6), (9, 6), (12, 6), (15, 3)]	True	True	True	True	geometric5	18402947	5	15	2026-07-31	13.61462301209051	9.340422154314146	0.0826725564711994	4.062188921728949	0.5315020044672196	0.37279987470669285	0.0
/vol/bitbucket/osella/rl-qecc-data/supervisedLearning/sweep2/g5_mix_66-96-126-153_H6_s5000.pth	6	5000	6	mixed	[(6, 6), (9, 6), (12, 6), (15, 3)]	True	True	True	True	geometric5	18402947	5	15	2026-07-31	13.313692133950743	9.340422154314146	0.09948225057090329	3.13921599117787	0.5633338036157645	0.3977716391636031	0.0
/vol/bitbucket/osella/rl-qecc-data/supervisedLearning/sweep2/g5_mix_66-96-126-153_H6_s5000.pth	6	5000	6	mixed	[(6, 6), (9, 6), (12, 6), (15, 3)]	True	True	True	True	geometric5	18402947	5	15	2026-07-31	13.313692133950743	9.340422154314146	0.09948225057090329	3.13921599117787	0.5633338036157645	0.3977716391636031	0.0
/vol/bitbucket/osella/rl-qecc-data/supervisedLearning/sweep2/g5_mix_66-96-126-153_H6_s54321.pth	6	54321	6	mixed	[(6, 6), (9, 6), (12, 6), (15, 3)]	True	True	True	True	geometric5	18402947	5	15	2026-07-31	12.66483265174498	9.340422154314146	0.054990924338599936	2.697437291517335	0.5733344550426132	0.40643598245999285	0.0
/vol/bitbucket/osella/rl-qecc-data/supervisedLearning/sweep2/g5_mix_66-96-126-153_H6_s54321.pth	6	54321	6	mixed	[(6, 6), (9, 6), (12, 6), (15, 3)]	True	True	True	True	geometric5	18402947	5	15	2026-07-31	12.66483265174498	9.340422154314146	0.054990924338599936	2.697437291517335	0.5733344550426132	0.40643598245999285	0.0
/vol/bitbucket/osella/rl-qecc-data/supervisedLearning/sweep2/g5_mix_66-96-126-153_H6_s6000.pth	6	6000	6	mixed	[(6, 6), (9, 6), (12, 6), (15, 3)]	True	True	True	True	geometric5	18402947	5	15	2026-07-31	14.121057708034723	9.340422154314146	0.13435699916705704	2.3892934349461483	0.4766531642026522	0.3333392027355273	0.0
/vol/bitbucket/osella/rl-qecc-data/supervisedLearning/sweep2/g5_mix_66-96-126-153_H6_s6000.pth	6	6000	6	mixed	[(6, 6), (9, 6), (12, 6), (15, 3)]	True	True	True	True	geometric5	18402947	5	15	2026-07-31	14.121057708034723	9.340422154314146	0.13435699916705704	2.3892934349461483	0.4766531642026522	0.3333392027355273	0.0
/vol/bitbucket/osella/rl-qecc-data/supervisedLearning/sweep2/g5_mix_66-96-126-153_H6_s7134066.pth	6	7134066	6	mixed	[(6, 6), (9, 6), (12, 6), (15, 3)]	True	True	True	True	geometric5	18402947	5	15	2026-07-31	13.942843765475338	9.340422154314146	0.12321531933221994	2.592694818509833	0.522909731708431	0.36834174646248213	0.0
/vol/bitbucket/osella/rl-qecc-data/supervisedLearning/sweep2/g5_mix_66-96-126-153_H6_s7134066.pth	6	7134066	6	mixed	[(6, 6), (9, 6), (12, 6), (15, 3)]	True	True	True	True	geometric5	18402947	5	15	2026-07-31	13.942843765475338	9.340422154314146	0.12321531933221994	2.592694818509833	0.522909731708431	0.36834174646248213	0.0
/vol/bitbucket/osella/rl-qecc-data/supervisedLearning/sweep2/g5_mix_66-96-126-153_H7_s1000.pth	7	1000	6	mixed	[(6, 6), (9, 6), (12, 6), (15, 3)]	True	True	True	True	geometric5	18402947	5	15	2026-07-31	12.087081532197308	9.340422154314146	0.05444599028252971	2.867477230841089	0.4786294087037399	0.3402331913995983	0.0
/vol/bitbucket/osella/rl-qecc-data/supervisedLearning/sweep2/g5_mix_66-96-126-153_H7_s1000.pth	7	1000	6	mixed	[(6, 6), (9, 6), (12, 6), (15, 3)]	True	True	True	True	geometric5	18402947	5	15	2026-07-31	12.087081532197308	9.340422154314146	0.05444599028252971	2.867477230841089	0.4786294087037399	0.3402331913995983	0.0
/vol/bitbucket/osella/rl-qecc-data/supervisedLearning/sweep2/g5_mix_66-96-126-153_H7_s12345.pth	7	12345	6	mixed	[(6, 6), (9, 6), (12, 6), (15, 3)]	True	True	True	True	geometric5	18402947	5	15	2026-07-31	12.96059017920513	9.340422154314146	0.06049567885756894	4.211980578331967	0.43942679274197965	0.3099647503265683	0.0
/vol/bitbucket/osella/rl-qecc-data/supervisedLearning/sweep2/g5_mix_66-96-126-153_H7_s12345.pth	7	12345	6	mixed	[(6, 6), (9, 6), (12, 6), (15, 3)]	True	True	True	True	geometric5	18402947	5	15	2026-07-31	12.96059017920513	9.340422154314146	0.06049567885756894	4.211980578331967	0.43942679274197965	0.3099647503265683	0.0
/vol/bitbucket/osella/rl-qecc-data/supervisedLearning/sweep2/g5_mix_66-96-126-153_H7_s2000.pth	7	2000	6	mixed	[(6, 6), (9, 6), (12, 6), (15, 3)]	True	True	True	True	geometric5	18402947	5	15	2026-07-31	11.684832462213434	9.340422154314146	0.061296855346817204	3.8369781650729005	0.5003402891038766	0.35546994874079874	0.0
/vol/bitbucket/osella/rl-qecc-data/supervisedLearning/sweep2/g5_mix_66-96-126-153_H7_s2000.pth	7	2000	6	mixed	[(6, 6), (9, 6), (12, 6), (15, 3)]	True	True	True	True	geometric5	18402947	5	15	2026-07-31	11.684832462213434	9.340422154314146	0.061296855346817204	3.8369781650729005	0.5003402891038766	0.35546994874079874	0.0
/vol/bitbucket/osella/rl-qecc-data/supervisedLearning/sweep2/g5_mix_66-96-126-153_H7_s3000.pth	7	3000	6	mixed	[(6, 6), (9, 6), (12, 6), (15, 3)]	True	True	True	True	geometric5	18402947	5	15	2026-07-31	11.869401876301614	9.340422154314146	0.0935774212171341	2.1866996771063465	0.49309148976427525	0.35065053704572774	0.0
/vol/bitbucket/osella/rl-qecc-data/supervisedLearning/sweep2/g5_mix_66-96-126-153_H7_s3000.pth	7	3000	6	mixed	[(6, 6), (9, 6), (12, 6), (15, 3)]	True	True	True	True	geometric5	18402947	5	15	2026-07-31	11.869401876301614	9.340422154314146	0.0935774212171341	2.1866996771063465	0.49309148976427525	0.35065053704572774	0.0
/vol/bitbucket/osella/rl-qecc-data/supervisedLearning/sweep2/g5_mix_66-96-126-153_H7_s4000.pth	7	4000	6	mixed	[(6, 6), (9, 6), (12, 6), (15, 3)]	True	True	True	True	geometric5	18402947	5	15	2026-07-31	14.203217395159	9.340422154314146	0.058128368869618856	6.191094515894022	0.4280514171951912	0.3026076988620502	0.0
/vol/bitbucket/osella/rl-qecc-data/supervisedLearning/sweep2/g5_mix_66-96-126-153_H7_s4000.pth	7	4000	6	mixed	[(6, 6), (9, 6), (12, 6), (15, 3)]	True	True	True	True	geometric5	18402947	5	15	2026-07-31	14.203217395159	9.340422154314146	0.058128368869618856	6.191094515894022	0.4280514171951912	0.3026076988620502	0.0
/vol/bitbucket/osella/rl-qecc-data/supervisedLearning/sweep2/g5_mix_66-96-126-153_H7_s466555.pth	7	466555	6	mixed	[(6, 6), (9, 6), (12, 6), (15, 3)]	True	True	True	True	geometric5	18402947	5	15	2026-07-31	11.328798773783598	9.340422154314146	0.04745480018206912	2.742845814193497	0.505928554031477	0.3609774330386188	0.0
/vol/bitbucket/osella/rl-qecc-data/supervisedLearning/sweep2/g5_mix_66-96-126-153_H7_s466555.pth	7	466555	6	mixed	[(6, 6), (9, 6), (12, 6), (15, 3)]	True	True	True	True	geometric5	18402947	5	15	2026-07-31	11.328798773783598	9.340422154314146	0.04745480018206912	2.742845814193497	0.505928554031477	0.3609774330386188	0.0
/vol/bitbucket/osella/rl-qecc-data/supervisedLearning/sweep2/g5_mix_66-96-126-153_H7_s5000.pth	7	5000	6	mixed	[(6, 6), (9, 6), (12, 6), (15, 3)]	True	True	True	True	geometric5	18402947	5	15	2026-07-31	12.633854313939903	9.340422154314146	0.06440723790200016	2.52159780621918	0.44970568974095654	0.3183813646352036	0.0
/vol/bitbucket/osella/rl-qecc-data/supervisedLearning/sweep2/g5_mix_66-96-126-153_H7_s5000.pth	7	5000	6	mixed	[(6, 6), (9, 6), (12, 6), (15, 3)]	True	True	True	True	geometric5	18402947	5	15	2026-07-31	12.633854313939903	9.340422154314146	0.06440723790200016	2.52159780621918	0.44970568974095654	0.3183813646352036	0.0
/vol/bitbucket/osella/rl-qecc-data/supervisedLearning/sweep2/g5_mix_66-96-126-153_H7_s54321.pth	7	54321	6	mixed	[(6, 6), (9, 6), (12, 6), (15, 3)]	True	True	True	True	geometric5	18402947	5	15	2026-07-31	13.856039197430936	9.340422154314146	0.11778206998759481	2.525414076433174	0.48740320157345846	0.3487053546672533	0.0
/vol/bitbucket/osella/rl-qecc-data/supervisedLearning/sweep2/g5_mix_66-96-126-153_H7_s54321.pth	7	54321	6	mixed	[(6, 6), (9, 6), (12, 6), (15, 3)]	True	True	True	True	geometric5	18402947	5	15	2026-07-31	13.856039197430936	9.340422154314146	0.11778206998759481	2.525414076433174	0.48740320157345846	0.3487053546672533	0.0
/vol/bitbucket/osella/rl-qecc-data/supervisedLearning/sweep2/g5_mix_66-96-126-153_H7_s6000.pth	7	6000	6	mixed	[(6, 6), (9, 6), (12, 6), (15, 3)]	True	True	True	True	geometric5	18402947	5	15	2026-07-31	12.787070474740359	9.340422154314146	0.10123598489669838	2.8812766871275417	0.39169517996374564	0.27768612827741274	0.0
/vol/bitbucket/osella/rl-qecc-data/supervisedLearning/sweep2/g5_mix_66-96-126-153_H7_s6000.pth	7	6000	6	mixed	[(6, 6), (9, 6), (12, 6), (15, 3)]	True	True	True	True	geometric5	18402947	5	15	2026-07-31	12.787070474740359	9.340422154314146	0.10123598489669838	2.8812766871275417	0.39169517996374564	0.27768612827741274	0.0
/vol/bitbucket/osella/rl-qecc-data/supervisedLearning/sweep2/g5_mix_66-96-126-153_H7_s7134066.pth	7	7134066	6	mixed	[(6, 6), (9, 6), (12, 6), (15, 3)]	True	True	True	True	geometric5	18402947	5	15	2026-07-31	13.495492980410974	9.340422154314146	0.058235017099013485	5.857440081377963	0.259565072689205	0.17852701042371305	0.0
/vol/bitbucket/osella/rl-qecc-data/supervisedLearning/sweep2/g5_mix_66-96-126-153_H7_s7134066.pth	7	7134066	6	mixed	[(6, 6), (9, 6), (12, 6), (15, 3)]	True	True	True	True	geometric5	18402947	5	15	2026-07-31	13.495492980410974	9.340422154314146	0.058235017099013485	5.857440081377963	0.259565072689205	0.17852701042371305	0.0
/vol/bitbucket/osella/rl-qecc-data/supervisedLearning/sweep2/g5_mix_66-96-126_H10_s1000.pth	10	1000	8	mixed	[(6, 6), (9, 6), (12, 6)]	True	True	True	False	geometric5	18402947	5	15	2026-07-31	11.792949788860248	9.340422154314146	0.07466128581099406	2.3517030571245243	0.4636158000771864	0.3256429655816808	0.0
/vol/bitbucket/osella/rl-qecc-data/supervisedLearning/sweep2/g5_mix_66-96-126_H10_s1000.pth	10	1000	8	mixed	[(6, 6), (9, 6), (12, 6)]	True	True	True	False	geometric5	18402947	5	15	2026-07-31	11.792949788860248	9.340422154314146	0.07466128581099406	2.3517030571245243	0.4636158000771864	0.3256429655816808	0.0
/vol/bitbucket/osella/rl-qecc-data/supervisedLearning/sweep2/g5_mix_66-96-126_H10_s12345.pth	10	12345	8	mixed	[(6, 6), (9, 6), (12, 6)]	True	True	True	False	geometric5	18402947	5	15	2026-07-31	13.21252799741229	9.340422154314146	0.11216876167029305	2.063751363888521	0.5529020799416569	0.3897372759945929	0.0
/vol/bitbucket/osella/rl-qecc-data/supervisedLearning/sweep2/g5_mix_66-96-126_H10_s12345.pth	10	12345	8	mixed	[(6, 6), (9, 6), (12, 6)]	True	True	True	False	geometric5	18402947	5	15	2026-07-31	13.21252799741229	9.340422154314146	0.11216876167029305	2.063751363888521	0.5529020799416569	0.3897372759945929	0.0
/vol/bitbucket/osella/rl-qecc-data/supervisedLearning/sweep2/g5_mix_66-96-126_H10_s2000.pth	10	2000	8	mixed	[(6, 6), (9, 6), (12, 6)]	True	True	True	False	geometric5	18402947	5	15	2026-07-31	12.134116578943608	9.340422154314146	0.08372912468892314	2.16951000801156	0.4721941102332715	0.33067353341169364	0.0
/vol/bitbucket/osella/rl-qecc-data/supervisedLearning/sweep2/g5_mix_66-96-126_H10_s2000.pth	10	2000	8	mixed	[(6, 6), (9, 6), (12, 6)]	True	True	True	False	geometric5	18402947	5	15	2026-07-31	12.134116578943608	9.340422154314146	0.08372912468892314	2.16951000801156	0.4721941102332715	0.33067353341169364	0.0
/vol/bitbucket/osella/rl-qecc-data/supervisedLearning/sweep2/g5_mix_66-96-126_H10_s3000.pth	10	3000	8	mixed	[(6, 6), (9, 6), (12, 6)]	True	True	True	False	geometric5	18402947	5	15	2026-07-31	12.824340925041977	9.340422154314146	0.0861189562821468	4.106387049220802	0.5250903847852457	0.3683515004777362	0.0
/vol/bitbucket/osella/rl-qecc-data/supervisedLearning/sweep2/g5_mix_66-96-126_H10_s3000.pth	10	3000	8	mixed	[(6, 6), (9, 6), (12, 6)]	True	True	True	False	geometric5	18402947	5	15	2026-07-31	12.824340925041977	9.340422154314146	0.0861189562821468	4.106387049220802	0.5250903847852457	0.3683515004777362	0.0
/vol/bitbucket/osella/rl-qecc-data/supervisedLearning/sweep2/g5_mix_66-96-126_H10_s4000.pth	10	4000	8	mixed	[(6, 6), (9, 6), (12, 6)]	True	True	True	False	geometric5	18402947	5	15	2026-07-31	12.72606149196052	9.340422154314146	0.08664224773384067	3.1676148217204187	0.5500682388281106	0.38772615212567646	0.0
/vol/bitbucket/osella/rl-qecc-data/supervisedLearning/sweep2/g5_mix_66-96-126_H10_s4000.pth	10	4000	8	mixed	[(6, 6), (9, 6), (12, 6)]	True	True	True	False	geometric5	18402947	5	15	2026-07-31	12.72606149196052	9.340422154314146	0.08664224773384067	3.1676148217204187	0.5500682388281106	0.38772615212567646	0.0
/vol/bitbucket/osella/rl-qecc-data/supervisedLearning/sweep2/g5_mix_66-96-126_H10_s466555.pth	10	466555	8	mixed	[(6, 6), (9, 6), (12, 6)]	True	True	True	False	geometric5	18402947	5	15	2026-07-31	12.143364666808848	9.340422154314146	0.06068281909145801	2.360587573391581	0.559786594018222	0.3946131307687076	0.0
/vol/bitbucket/osella/rl-qecc-data/supervisedLearning/sweep2/g5_mix_66-96-126_H10_s466555.pth	10	466555	8	mixed	[(6, 6), (9, 6), (12, 6)]	True	True	True	False	geometric5	18402947	5	15	2026-07-31	12.143364666808848	9.340422154314146	0.06068281909145801	2.360587573391581	0.559786594018222	0.3946131307687076	0.0
/vol/bitbucket/osella/rl-qecc-data/supervisedLearning/sweep2/g5_mix_66-96-126_H10_s5000.pth	10	5000	8	mixed	[(6, 6), (9, 6), (12, 6)]	True	True	True	False	geometric5	18402947	5	15	2026-07-31	12.649035968672058	9.340422154314146	0.05950780733651864	5.2419278450867095	0.44644842300425586	0.30864204803066736	0.0
/vol/bitbucket/osella/rl-qecc-data/supervisedLearning/sweep2/g5_mix_66-96-126_H10_s5000.pth	10	5000	8	mixed	[(6, 6), (9, 6), (12, 6)]	True	True	True	False	geometric5	18402947	5	15	2026-07-31	12.649035968672058	9.340422154314146	0.05950780733651864	5.2419278450867095	0.44644842300425586	0.30864204803066736	0.0
/vol/bitbucket/osella/rl-qecc-data/supervisedLearning/sweep2/g5_mix_66-96-126_H10_s54321.pth	10	54321	8	mixed	[(6, 6), (9, 6), (12, 6)]	True	True	True	False	geometric5	18402947	5	15	2026-07-31	13.498443096004047	9.340422154314146	0.1389528832265572	2.0501858378994573	0.4611917505750144	0.3197477086661902	0.0
/vol/bitbucket/osella/rl-qecc-data/supervisedLearning/sweep2/g5_mix_66-96-126_H10_s54321.pth	10	54321	8	mixed	[(6, 6), (9, 6), (12, 6)]	True	True	True	False	geometric5	18402947	5	15	2026-07-31	13.498443096004047	9.340422154314146	0.1389528832265572	2.0501858378994573	0.4611917505750144	0.3197477086661902	0.0
/vol/bitbucket/osella/rl-qecc-data/supervisedLearning/sweep2/g5_mix_66-96-126_H10_s6000.pth	10	6000	8	mixed	[(6, 6), (9, 6), (12, 6)]	True	True	True	False	geometric5	18402947	5	15	2026-07-31	11.790788989132377	9.340422154314146	0.05728360217982031	3.397574591477145	0.4910352421956002	0.34753681617345	0.0
/vol/bitbucket/osella/rl-qecc-data/supervisedLearning/sweep2/g5_mix_66-96-126_H10_s6000.pth	10	6000	8	mixed	[(6, 6), (9, 6), (12, 6)]	True	True	True	False	geometric5	18402947	5	15	2026-07-31	11.790788989132377	9.340422154314146	0.05728360217982031	3.397574591477145	0.4910352421956002	0.34753681617345	0.0
/vol/bitbucket/osella/rl-qecc-data/supervisedLearning/sweep2/g5_mix_66-96-126_H10_s7134066.pth	10	7134066	8	mixed	[(6, 6), (9, 6), (12, 6)]	True	True	True	False	geometric5	18402947	5	15	2026-07-31	15.614583749220905	9.340422154314146	0.1923625085090931	2.058654300301562	0.3770533795631002	0.26460900343406385	0.0
/vol/bitbucket/osella/rl-qecc-data/supervisedLearning/sweep2/g5_mix_66-96-126_H10_s7134066.pth	10	7134066	8	mixed	[(6, 6), (9, 6), (12, 6)]	True	True	True	False	geometric5	18402947	5	15	2026-07-31	15.614583749220905	9.340422154314146	0.1923625085090931	2.058654300301562	0.3770533795631002	0.26460900343406385	0.0
/vol/bitbucket/osella/rl-qecc-data/supervisedLearning/sweep2/g5_mix_66-96-126_H3_s1000.pth	3	1000	8	mixed	[(6, 6), (9, 6), (12, 6)]	True	True	True	False	geometric5	18402947	5	15	2026-07-31	14.43250223180691	9.340422154314146	0.1851201404657436	2.0677851355313006	0.3516492586170035	0.2509069575033678	0.0
/vol/bitbucket/osella/rl-qecc-data/supervisedLearning/sweep2/g5_mix_66-96-126_H3_s1000.pth	3	1000	8	mixed	[(6, 6), (9, 6), (12, 6)]	True	True	True	False	geometric5	18402947	5	15	2026-07-31	14.43250223180691	9.340422154314146	0.1851201404657436	2.0677851355313006	0.3516492586170035	0.2509069575033678	0.0
/vol/bitbucket/osella/rl-qecc-data/supervisedLearning/sweep2/g5_mix_66-96-126_H3_s12345.pth	3	12345	8	mixed	[(6, 6), (9, 6), (12, 6)]	True	True	True	False	geometric5	18402947	5	15	2026-07-31	13.52507469925903	9.340422154314146	0.1200907865800622	3.5237876815019926	0.3439630644899112	0.23803344309673916	0.0
/vol/bitbucket/osella/rl-qecc-data/supervisedLearning/sweep2/g5_mix_66-96-126_H3_s12345.pth	3	12345	8	mixed	[(6, 6), (9, 6), (12, 6)]	True	True	True	False	geometric5	18402947	5	15	2026-07-31	13.52507469925903	9.340422154314146	0.1200907865800622	3.5237876815019926	0.3439630644899112	0.23803344309673916	0.0
/vol/bitbucket/osella/rl-qecc-data/supervisedLearning/sweep2/g5_mix_66-96-126_H3_s2000.pth	3	2000	8	mixed	[(6, 6), (9, 6), (12, 6)]	True	True	True	False	geometric5	18402947	5	15	2026-07-31	12.41033125653514	9.340422154314146	0.0834073839291342	4.627204306207255	0.3558914528031743	0.2493566786764706	0.0
/vol/bitbucket/osella/rl-qecc-data/supervisedLearning/sweep2/g5_mix_66-96-126_H3_s2000.pth	3	2000	8	mixed	[(6, 6), (9, 6), (12, 6)]	True	True	True	False	geometric5	18402947	5	15	2026-07-31	12.41033125653514	9.340422154314146	0.0834073839291342	4.627204306207255	0.3558914528031743	0.2493566786764706	0.0
/vol/bitbucket/osella/rl-qecc-data/supervisedLearning/sweep2/g5_mix_66-96-126_H3_s3000.pth	3	3000	8	mixed	[(6, 6), (9, 6), (12, 6)]	True	True	True	False	geometric5	18402947	5	15	2026-07-31	14.243533111983387	9.340422154314146	0.14570827544596524	3.348996059766448	0.5092557235794137	0.35813960286365953	0.0
/vol/bitbucket/osella/rl-qecc-data/supervisedLearning/sweep2/g5_mix_66-96-126_H3_s3000.pth	3	3000	8	mixed	[(6, 6), (9, 6), (12, 6)]	True	True	True	False	geometric5	18402947	5	15	2026-07-31	14.243533111983387	9.340422154314146	0.14570827544596524	3.348996059766448	0.5092557235794137	0.35813960286365953	0.0
/vol/bitbucket/osella/rl-qecc-data/supervisedLearning/sweep2/g5_mix_66-96-126_H3_s4000.pth	3	4000	8	mixed	[(6, 6), (9, 6), (12, 6)]	True	True	True	False	geometric5	18402947	5	15	2026-07-31	15.60561226822103	9.340422154314146	0.16237056497482263	3.9579180251826718	0.578002026612046	0.4083259918338011	0.0
/vol/bitbucket/osella/rl-qecc-data/supervisedLearning/sweep2/g5_mix_66-96-126_H3_s4000.pth	3	4000	8	mixed	[(6, 6), (9, 6), (12, 6)]	True	True	True	False	geometric5	18402947	5	15	2026-07-31	15.60561226822103	9.340422154314146	0.16237056497482263	3.9579180251826718	0.578002026612046	0.4083259918338011	0.0
/vol/bitbucket/osella/rl-qecc-data/supervisedLearning/sweep2/g5_mix_66-96-126_H3_s466555.pth	3	466555	8	mixed	[(6, 6), (9, 6), (12, 6)]	True	True	True	False	geometric5	18402947	5	15	2026-07-31	12.538545774973915	9.340422154314146	0.10084516671896689	4.1625129896352	0.48968102581626677	0.34031031679451107	0.0
/vol/bitbucket/osella/rl-qecc-data/supervisedLearning/sweep2/g5_mix_66-96-126_H3_s466555.pth	3	466555	8	mixed	[(6, 6), (9, 6), (12, 6)]	True	True	True	False	geometric5	18402947	5	15	2026-07-31	12.538545774973915	9.340422154314146	0.10084516671896689	4.1625129896352	0.48968102581626677	0.34031031679451107	0.0
/vol/bitbucket/osella/rl-qecc-data/supervisedLearning/sweep2/g5_mix_66-96-126_H3_s5000.pth	3	5000	8	mixed	[(6, 6), (9, 6), (12, 6)]	True	True	True	False	geometric5	18402947	5	15	2026-07-31	13.38701641789473	9.340422154314146	0.12093412504869437	3.8002866739893753	0.25759457540873376	0.1786920140870115	0.0
/vol/bitbucket/osella/rl-qecc-data/supervisedLearning/sweep2/g5_mix_66-96-126_H3_s5000.pth	3	5000	8	mixed	[(6, 6), (9, 6), (12, 6)]	True	True	True	False	geometric5	18402947	5	15	2026-07-31	13.38701641789473	9.340422154314146	0.12093412504869437	3.8002866739893753	0.25759457540873376	0.1786920140870115	0.0
/vol/bitbucket/osella/rl-qecc-data/supervisedLearning/sweep2/g5_mix_66-96-126_H3_s54321.pth	3	54321	8	mixed	[(6, 6), (9, 6), (12, 6)]	True	True	True	False	geometric5	18402947	5	15	2026-07-31	13.416330323518586	9.340422154314146	0.13287383484253512	4.216876401724367	0.3208909912792966	0.2268377828639657	0.0
/vol/bitbucket/osella/rl-qecc-data/supervisedLearning/sweep2/g5_mix_66-96-126_H3_s54321.pth	3	54321	8	mixed	[(6, 6), (9, 6), (12, 6)]	True	True	True	False	geometric5	18402947	5	15	2026-07-31	13.416330323518586	9.340422154314146	0.13287383484253512	4.216876401724367	0.3208909912792966	0.2268377828639657	0.0
/vol/bitbucket/osella/rl-qecc-data/supervisedLearning/sweep2/g5_mix_66-96-126_H3_s6000.pth	3	6000	8	mixed	[(6, 6), (9, 6), (12, 6)]	True	True	True	False	geometric5	18402947	5	15	2026-07-31	13.211365728385944	9.340422154314146	0.13021562954614346	2.5751204035413293	0.5324317043883028	0.37684247019541584	0.0
/vol/bitbucket/osella/rl-qecc-data/supervisedLearning/sweep2/g5_mix_66-96-126_H3_s6000.pth	3	6000	8	mixed	[(6, 6), (9, 6), (12, 6)]	True	True	True	False	geometric5	18402947	5	15	2026-07-31	13.211365728385944	9.340422154314146	0.13021562954614346	2.5751204035413293	0.5324317043883028	0.37684247019541584	0.0
/vol/bitbucket/osella/rl-qecc-data/supervisedLearning/sweep2/g5_mix_66-96-126_H3_s7134066.pth	3	7134066	8	mixed	[(6, 6), (9, 6), (12, 6)]	True	True	True	False	geometric5	18402947	5	15	2026-07-31	15.944699199493726	9.340422154314146	0.21810285497383042	2.481643959683813	0.490833973136512	0.3437739817674579	0.02
/vol/bitbucket/osella/rl-qecc-data/supervisedLearning/sweep2/g5_mix_66-96-126_H3_s7134066.pth	3	7134066	8	mixed	[(6, 6), (9, 6), (12, 6)]	True	True	True	False	geometric5	18402947	5	15	2026-07-31	15.944699199493726	9.340422154314146	0.21810285497383042	2.481643959683813	0.490833973136512	0.3437739817674579	0.02
/vol/bitbucket/osella/rl-qecc-data/supervisedLearning/sweep2/g5_mix_66-96-126_H4_s1000.pth	4	1000	8	mixed	[(6, 6), (9, 6), (12, 6)]	True	True	True	False	geometric5	18402947	5	15	2026-07-31	13.439352084084243	9.340422154314146	0.13403438845711696	3.3776814939505853	0.320380956318037	0.22139068992851318	0.0
/vol/bitbucket/osella/rl-qecc-data/supervisedLearning/sweep2/g5_mix_66-96-126_H4_s1000.pth	4	1000	8	mixed	[(6, 6), (9, 6), (12, 6)]	True	True	True	False	geometric5	18402947	5	15	2026-07-31	13.439352084084243	9.340422154314146	0.13403438845711696	3.3776814939505853	0.320380956318037	0.22139068992851318	0.0
/vol/bitbucket/osella/rl-qecc-data/supervisedLearning/sweep2/g5_mix_66-96-126_H4_s12345.pth	4	12345	8	mixed	[(6, 6), (9, 6), (12, 6)]	True	True	True	False	geometric5	18402947	5	15	2026-07-31	14.116235964149979	9.340422154314146	0.15699065426412506	2.567345565626378	0.41913840094265176	0.29113586734301966	0.0
/vol/bitbucket/osella/rl-qecc-data/supervisedLearning/sweep2/g5_mix_66-96-126_H4_s12345.pth	4	12345	8	mixed	[(6, 6), (9, 6), (12, 6)]	True	True	True	False	geometric5	18402947	5	15	2026-07-31	14.116235964149979	9.340422154314146	0.15699065426412506	2.567345565626378	0.41913840094265176	0.29113586734301966	0.0
/vol/bitbucket/osella/rl-qecc-data/supervisedLearning/sweep2/g5_mix_66-96-126_H4_s2000.pth	4	2000	8	mixed	[(6, 6), (9, 6), (12, 6)]	True	True	True	False	geometric5	18402947	5	15	2026-07-31	13.925346976204107	9.340422154314146	0.12457079917472712	2.7842854833347	0.548612787843286	0.3864588813697372	0.0
/vol/bitbucket/osella/rl-qecc-data/supervisedLearning/sweep2/g5_mix_66-96-126_H4_s2000.pth	4	2000	8	mixed	[(6, 6), (9, 6), (12, 6)]	True	True	True	False	geometric5	18402947	5	15	2026-07-31	13.925346976204107	9.340422154314146	0.12457079917472712	2.7842854833347	0.548612787843286	0.3864588813697372	0.0
/vol/bitbucket/osella/rl-qecc-data/supervisedLearning/sweep2/g5_mix_66-96-126_H4_s3000.pth	4	3000	8	mixed	[(6, 6), (9, 6), (12, 6)]	True	True	True	False	geometric5	18402947	5	15	2026-07-31	13.736886524408098	9.340422154314146	0.16457693751186578	2.223842101322693	0.45034890277532164	0.31837025527048385	0.0
/vol/bitbucket/osella/rl-qecc-data/supervisedLearning/sweep2/g5_mix_66-96-126_H4_s3000.pth	4	3000	8	mixed	[(6, 6), (9, 6), (12, 6)]	True	True	True	False	geometric5	18402947	5	15	2026-07-31	13.736886524408098	9.340422154314146	0.16457693751186578	2.223842101322693	0.45034890277532164	0.31837025527048385	0.0
/vol/bitbucket/osella/rl-qecc-data/supervisedLearning/sweep2/g5_mix_66-96-126_H4_s4000.pth	4	4000	8	mixed	[(6, 6), (9, 6), (12, 6)]	True	True	True	False	geometric5	18402947	5	15	2026-07-31	15.03711268786945	9.340422154314146	0.18823999328353855	2.4210047834919166	0.47654590548892145	0.33330734535782813	0.0
/vol/bitbucket/osella/rl-qecc-data/supervisedLearning/sweep2/g5_mix_66-96-126_H4_s4000.pth	4	4000	8	mixed	[(6, 6), (9, 6), (12, 6)]	True	True	True	False	geometric5	18402947	5	15	2026-07-31	15.03711268786945	9.340422154314146	0.18823999328353855	2.4210047834919166	0.47654590548892145	0.33330734535782813	0.0
/vol/bitbucket/osella/rl-qecc-data/supervisedLearning/sweep2/g5_mix_66-96-126_H4_s466555.pth	4	466555	8	mixed	[(6, 6), (9, 6), (12, 6)]	True	True	True	False	geometric5	18402947	5	15	2026-07-31	14.69937197652573	9.340422154314146	0.1641090715109963	2.7645546511576327	0.437000264099303	0.30546590445230076	0.0
/vol/bitbucket/osella/rl-qecc-data/supervisedLearning/sweep2/g5_mix_66-96-126_H4_s466555.pth	4	466555	8	mixed	[(6, 6), (9, 6), (12, 6)]	True	True	True	False	geometric5	18402947	5	15	2026-07-31	14.69937197652573	9.340422154314146	0.1641090715109963	2.7645546511576327	0.437000264099303	0.30546590445230076	0.0
/vol/bitbucket/osella/rl-qecc-data/supervisedLearning/sweep2/g5_mix_66-96-126_H4_s5000.pth	4	5000	8	mixed	[(6, 6), (9, 6), (12, 6)]	True	True	True	False	geometric5	18402947	5	15	2026-07-31	14.23069915444749	9.340422154314146	0.14602656658515412	2.3178800309696728	0.37544381016737777	0.26597328973969336	0.0
/vol/bitbucket/osella/rl-qecc-data/supervisedLearning/sweep2/g5_mix_66-96-126_H4_s5000.pth	4	5000	8	mixed	[(6, 6), (9, 6), (12, 6)]	True	True	True	False	geometric5	18402947	5	15	2026-07-31	14.23069915444749	9.340422154314146	0.14602656658515412	2.3178800309696728	0.37544381016737777	0.26597328973969336	0.0
/vol/bitbucket/osella/rl-qecc-data/supervisedLearning/sweep2/g5_mix_66-96-126_H4_s54321.pth	4	54321	8	mixed	[(6, 6), (9, 6), (12, 6)]	True	True	True	False	geometric5	18402947	5	15	2026-07-31	14.65252784963454	9.340422154314146	0.168638227113694	2.1062304102002907	0.32699539271332095	0.22860529825252568	0.0
/vol/bitbucket/osella/rl-qecc-data/supervisedLearning/sweep2/g5_mix_66-96-126_H4_s54321.pth	4	54321	8	mixed	[(6, 6), (9, 6), (12, 6)]	True	True	True	False	geometric5	18402947	5	15	2026-07-31	14.65252784963454	9.340422154314146	0.168638227113694	2.1062304102002907	0.32699539271332095	0.22860529825252568	0.0
/vol/bitbucket/osella/rl-qecc-data/supervisedLearning/sweep2/g5_mix_66-96-126_H4_s6000.pth	4	6000	8	mixed	[(6, 6), (9, 6), (12, 6)]	True	True	True	False	geometric5	18402947	5	15	2026-07-31	13.920217029245443	9.340422154314146	0.13256072030899885	3.317900074490422	0.41638826850919264	0.2976766379282253	0.0
/vol/bitbucket/osella/rl-qecc-data/supervisedLearning/sweep2/g5_mix_66-96-126_H4_s6000.pth	4	6000	8	mixed	[(6, 6), (9, 6), (12, 6)]	True	True	True	False	geometric5	18402947	5	15	2026-07-31	13.920217029245443	9.340422154314146	0.13256072030899885	3.317900074490422	0.41638826850919264	0.2976766379282253	0.0
/vol/bitbucket/osella/rl-qecc-data/supervisedLearning/sweep2/g5_mix_66-96-126_H4_s7134066.pth	4	7134066	8	mixed	[(6, 6), (9, 6), (12, 6)]	True	True	True	False	geometric5	18402947	5	15	2026-07-31	14.636065128661889	9.340422154314146	0.17943502510110831	2.2977598765376572	0.4632760534776613	0.3252811541681321	0.0
/vol/bitbucket/osella/rl-qecc-data/supervisedLearning/sweep2/g5_mix_66-96-126_H4_s7134066.pth	4	7134066	8	mixed	[(6, 6), (9, 6), (12, 6)]	True	True	True	False	geometric5	18402947	5	15	2026-07-31	14.636065128661889	9.340422154314146	0.17943502510110831	2.2977598765376572	0.4632760534776613	0.3252811541681321	0.0
/vol/bitbucket/osella/rl-qecc-data/supervisedLearning/sweep2/g5_mix_66-96-126_H6_s1000.pth	6	1000	8	mixed	[(6, 6), (9, 6), (12, 6)]	True	True	True	False	geometric5	18402947	5	15	2026-07-31	13.54415544241332	9.340422154314146	0.11305397602443276	3.2105152032267834	0.5501543014811303	0.3886909599292386	0.0
/vol/bitbucket/osella/rl-qecc-data/supervisedLearning/sweep2/g5_mix_66-96-126_H6_s1000.pth	6	1000	8	mixed	[(6, 6), (9, 6), (12, 6)]	True	True	True	False	geometric5	18402947	5	15	2026-07-31	13.54415544241332	9.340422154314146	0.11305397602443276	3.2105152032267834	0.5501543014811303	0.3886909599292386	0.0
/vol/bitbucket/osella/rl-qecc-data/supervisedLearning/sweep2/g5_mix_66-96-126_H6_s12345.pth	6	12345	8	mixed	[(6, 6), (9, 6), (12, 6)]	True	True	True	False	geometric5	18402947	5	15	2026-07-31	13.755243707202732	9.340422154314146	0.15937268412810998	1.992549332821307	0.5368524918245265	0.38238663940184897	0.0
/vol/bitbucket/osella/rl-qecc-data/supervisedLearning/sweep2/g5_mix_66-96-126_H6_s12345.pth	6	12345	8	mixed	[(6, 6), (9, 6), (12, 6)]	True	True	True	False	geometric5	18402947	5	15	2026-07-31	13.755243707202732	9.340422154314146	0.15937268412810998	1.992549332821307	0.5368524918245265	0.38238663940184897	0.0
/vol/bitbucket/osella/rl-qecc-data/supervisedLearning/sweep2/g5_mix_66-96-126_H6_s2000.pth	6	2000	8	mixed	[(6, 6), (9, 6), (12, 6)]	True	True	True	False	geometric5	18402947	5	15	2026-07-31	12.23183736868288	9.340422154314146	0.08681401823150538	2.305390397563494	0.5800697271381124	0.41136327690857954	0.0
/vol/bitbucket/osella/rl-qecc-data/supervisedLearning/sweep2/g5_mix_66-96-126_H6_s2000.pth	6	2000	8	mixed	[(6, 6), (9, 6), (12, 6)]	True	True	True	False	geometric5	18402947	5	15	2026-07-31	12.23183736868288	9.340422154314146	0.08681401823150538	2.305390397563494	0.5800697271381124	0.41136327690857954	0.0
/vol/bitbucket/osella/rl-qecc-data/supervisedLearning/sweep2/g5_mix_66-96-126_H6_s3000.pth	6	3000	8	mixed	[(6, 6), (9, 6), (12, 6)]	True	True	True	False	geometric5	18402947	5	15	2026-07-31	11.815948500303922	9.340422154314146	0.07577893857072081	3.0071643799021683	0.554624999184381	0.3954639185873709	0.0
/vol/bitbucket/osella/rl-qecc-data/supervisedLearning/sweep2/g5_mix_66-96-126_H6_s3000.pth	6	3000	8	mixed	[(6, 6), (9, 6), (12, 6)]	True	True	True	False	geometric5	18402947	5	15	2026-07-31	11.815948500303922	9.340422154314146	0.07577893857072081	3.0071643799021683	0.554624999184381	0.3954639185873709	0.0
/vol/bitbucket/osella/rl-qecc-data/supervisedLearning/sweep2/g5_mix_66-96-126_H6_s4000.pth	6	4000	8	mixed	[(6, 6), (9, 6), (12, 6)]	True	True	True	False	geometric5	18402947	5	15	2026-07-31	13.464992020975089	9.340422154314146	0.12211703354815455	2.655889203681058	0.3043063808198089	0.2095891771429466	0.0
/vol/bitbucket/osella/rl-qecc-data/supervisedLearning/sweep2/g5_mix_66-96-126_H6_s4000.pth	6	4000	8	mixed	[(6, 6), (9, 6), (12, 6)]	True	True	True	False	geometric5	18402947	5	15	2026-07-31	13.464992020975089	9.340422154314146	0.12211703354815455	2.655889203681058	0.3043063808198089	0.2095891771429466	0.0
/vol/bitbucket/osella/rl-qecc-data/supervisedLearning/sweep2/g5_mix_66-96-126_H6_s466555.pth	6	466555	8	mixed	[(6, 6), (9, 6), (12, 6)]	True	True	True	False	geometric5	18402947	5	15	2026-07-31	13.074370304624791	9.340422154314146	0.12491749153041579	1.6931416554542695	0.5818991848702352	0.4141902189130763	0.0
/vol/bitbucket/osella/rl-qecc-data/supervisedLearning/sweep2/g5_mix_66-96-126_H6_s466555.pth	6	466555	8	mixed	[(6, 6), (9, 6), (12, 6)]	True	True	True	False	geometric5	18402947	5	15	2026-07-31	13.074370304624791	9.340422154314146	0.12491749153041579	1.6931416554542695	0.5818991848702352	0.4141902189130763	0.0
/vol/bitbucket/osella/rl-qecc-data/supervisedLearning/sweep2/g5_mix_66-96-126_H6_s5000.pth	6	5000	8	mixed	[(6, 6), (9, 6), (12, 6)]	True	True	True	False	geometric5	18402947	5	15	2026-07-31	12.0649531734162	9.340422154314146	0.08909807403880109	1.8441429369556581	0.5422790935029678	0.38170229241083997	0.0
/vol/bitbucket/osella/rl-qecc-data/supervisedLearning/sweep2/g5_mix_66-96-126_H6_s5000.pth	6	5000	8	mixed	[(6, 6), (9, 6), (12, 6)]	True	True	True	False	geometric5	18402947	5	15	2026-07-31	12.0649531734162	9.340422154314146	0.08909807403880109	1.8441429369556581	0.5422790935029678	0.38170229241083997	0.0
/vol/bitbucket/osella/rl-qecc-data/supervisedLearning/sweep2/g5_mix_66-96-126_H6_s54321.pth	6	54321	8	mixed	[(6, 6), (9, 6), (12, 6)]	True	True	True	False	geometric5	18402947	5	15	2026-07-31	12.504287123228726	9.340422154314146	0.1126747505229895	2.4255065257125135	0.5619360666101362	0.39808123079228125	0.0
/vol/bitbucket/osella/rl-qecc-data/supervisedLearning/sweep2/g5_mix_66-96-126_H6_s54321.pth	6	54321	8	mixed	[(6, 6), (9, 6), (12, 6)]	True	True	True	False	geometric5	18402947	5	15	2026-07-31	12.504287123228726	9.340422154314146	0.1126747505229895	2.4255065257125135	0.5619360666101362	0.39808123079228125	0.0
/vol/bitbucket/osella/rl-qecc-data/supervisedLearning/sweep2/g5_mix_66-96-126_H6_s6000.pth	6	6000	8	mixed	[(6, 6), (9, 6), (12, 6)]	True	True	True	False	geometric5	18402947	5	15	2026-07-31	13.622265029888526	9.340422154314146	0.13004644521440115	2.0336272309790844	0.47814783628982754	0.3378264076414709	0.0
/vol/bitbucket/osella/rl-qecc-data/supervisedLearning/sweep2/g5_mix_66-96-126_H6_s6000.pth	6	6000	8	mixed	[(6, 6), (9, 6), (12, 6)]	True	True	True	False	geometric5	18402947	5	15	2026-07-31	13.622265029888526	9.340422154314146	0.13004644521440115	2.0336272309790844	0.47814783628982754	0.3378264076414709	0.0
/vol/bitbucket/osella/rl-qecc-data/supervisedLearning/sweep2/g5_mix_66-96-126_H6_s7134066.pth	6	7134066	8	mixed	[(6, 6), (9, 6), (12, 6)]	True	True	True	False	geometric5	18402947	5	15	2026-07-31	12.783021077612318	9.340422154314146	0.08743406290277883	3.4869233539002797	0.5193728535238796	0.36346905845360494	0.0
/vol/bitbucket/osella/rl-qecc-data/supervisedLearning/sweep2/g5_mix_66-96-126_H6_s7134066.pth	6	7134066	8	mixed	[(6, 6), (9, 6), (12, 6)]	True	True	True	False	geometric5	18402947	5	15	2026-07-31	12.783021077612318	9.340422154314146	0.08743406290277883	3.4869233539002797	0.5193728535238796	0.36346905845360494	0.0
/vol/bitbucket/osella/rl-qecc-data/supervisedLearning/sweep2/g5_mix_66-96-126_H7_s1000.pth	7	1000	8	mixed	[(6, 6), (9, 6), (12, 6)]	True	True	True	False	geometric5	18402947	5	15	2026-07-31	12.289910204646185	9.340422154314146	0.1058800959869872	1.9156812895806332	0.5677819275355744	0.40177444585203725	0.0
/vol/bitbucket/osella/rl-qecc-data/supervisedLearning/sweep2/g5_mix_66-96-126_H7_s1000.pth	7	1000	8	mixed	[(6, 6), (9, 6), (12, 6)]	True	True	True	False	geometric5	18402947	5	15	2026-07-31	12.289910204646185	9.340422154314146	0.1058800959869872	1.9156812895806332	0.5677819275355744	0.40177444585203725	0.0
/vol/bitbucket/osella/rl-qecc-data/supervisedLearning/sweep2/g5_mix_66-96-126_H7_s12345.pth	7	12345	8	mixed	[(6, 6), (9, 6), (12, 6)]	True	True	True	False	geometric5	18402947	5	15	2026-07-31	11.593661649781867	9.340422154314146	0.07270869972050928	2.721227644796965	0.5489359398536977	0.3876006368170905	0.0
/vol/bitbucket/osella/rl-qecc-data/supervisedLearning/sweep2/g5_mix_66-96-126_H7_s12345.pth	7	12345	8	mixed	[(6, 6), (9, 6), (12, 6)]	True	True	True	False	geometric5	18402947	5	15	2026-07-31	11.593661649781867	9.340422154314146	0.07270869972050928	2.721227644796965	0.5489359398536977	0.3876006368170905	0.0
/vol/bitbucket/osella/rl-qecc-data/supervisedLearning/sweep2/g5_mix_66-96-126_H7_s2000.pth	7	2000	8	mixed	[(6, 6), (9, 6), (12, 6)]	True	True	True	False	geometric5	18402947	5	15	2026-07-31	12.137101968955653	9.340422154314146	0.08737616636376451	2.0476985637204037	0.5673431679516497	0.4015892950811453	0.0
/vol/bitbucket/osella/rl-qecc-data/supervisedLearning/sweep2/g5_mix_66-96-126_H7_s2000.pth	7	2000	8	mixed	[(6, 6), (9, 6), (12, 6)]	True	True	True	False	geometric5	18402947	5	15	2026-07-31	12.137101968955653	9.340422154314146	0.08737616636376451	2.0476985637204037	0.5673431679516497	0.4015892950811453	0.0
/vol/bitbucket/osella/rl-qecc-data/supervisedLearning/sweep2/g5_mix_66-96-126_H7_s3000.pth	7	3000	8	mixed	[(6, 6), (9, 6), (12, 6)]	True	True	True	False	geometric5	18402947	5	15	2026-07-31	13.091583371718814	9.340422154314146	0.10706858842492614	2.391933963136305	0.547102878634784	0.38664915533386257	0.0
/vol/bitbucket/osella/rl-qecc-data/supervisedLearning/sweep2/g5_mix_66-96-126_H7_s3000.pth	7	3000	8	mixed	[(6, 6), (9, 6), (12, 6)]	True	True	True	False	geometric5	18402947	5	15	2026-07-31	13.091583371718814	9.340422154314146	0.10706858842492614	2.391933963136305	0.547102878634784	0.38664915533386257	0.0
/vol/bitbucket/osella/rl-qecc-data/supervisedLearning/sweep2/g5_mix_66-96-126_H7_s4000.pth	7	4000	8	mixed	[(6, 6), (9, 6), (12, 6)]	True	True	True	False	geometric5	18402947	5	15	2026-07-31	13.560079258557236	9.340422154314146	0.12725181894453877	2.6557536332921776	0.5434340283502757	0.3876282256243294	0.0
/vol/bitbucket/osella/rl-qecc-data/supervisedLearning/sweep2/g5_mix_66-96-126_H7_s4000.pth	7	4000	8	mixed	[(6, 6), (9, 6), (12, 6)]	True	True	True	False	geometric5	18402947	5	15	2026-07-31	13.560079258557236	9.340422154314146	0.12725181894453877	2.6557536332921776	0.5434340283502757	0.3876282256243294	0.0
/vol/bitbucket/osella/rl-qecc-data/supervisedLearning/sweep2/g5_mix_66-96-126_H7_s466555.pth	7	466555	8	mixed	[(6, 6), (9, 6), (12, 6)]	True	True	True	False	geometric5	18402947	5	15	2026-07-31	12.81521479259016	9.340422154314146	0.13670360845461174	1.7866239422249872	0.5780750937538875	0.41122325703190676	0.0
/vol/bitbucket/osella/rl-qecc-data/supervisedLearning/sweep2/g5_mix_66-96-126_H7_s466555.pth	7	466555	8	mixed	[(6, 6), (9, 6), (12, 6)]	True	True	True	False	geometric5	18402947	5	15	2026-07-31	12.81521479259016	9.340422154314146	0.13670360845461174	1.7866239422249872	0.5780750937538875	0.41122325703190676	0.0
/vol/bitbucket/osella/rl-qecc-data/supervisedLearning/sweep2/g5_mix_66-96-126_H7_s5000.pth	7	5000	8	mixed	[(6, 6), (9, 6), (12, 6)]	True	True	True	False	geometric5	18402947	5	15	2026-07-31	12.948596702899039	9.340422154314146	0.06613132914351069	4.329087288042949	0.47358089210676846	0.33379491737823996	0.0
/vol/bitbucket/osella/rl-qecc-data/supervisedLearning/sweep2/g5_mix_66-96-126_H7_s5000.pth	7	5000	8	mixed	[(6, 6), (9, 6), (12, 6)]	True	True	True	False	geometric5	18402947	5	15	2026-07-31	12.948596702899039	9.340422154314146	0.06613132914351069	4.329087288042949	0.47358089210676846	0.33379491737823996	0.0
/vol/bitbucket/osella/rl-qecc-data/supervisedLearning/sweep2/g5_mix_66-96-126_H7_s54321.pth	7	54321	8	mixed	[(6, 6), (9, 6), (12, 6)]	True	True	True	False	geometric5	18402947	5	15	2026-07-31	13.540255077174528	9.340422154314146	0.12523111138198076	2.2262947533532804	0.510167368856278	0.35613835199059124	0.0
/vol/bitbucket/osella/rl-qecc-data/supervisedLearning/sweep2/g5_mix_66-96-126_H7_s54321.pth	7	54321	8	mixed	[(6, 6), (9, 6), (12, 6)]	True	True	True	False	geometric5	18402947	5	15	2026-07-31	13.540255077174528	9.340422154314146	0.12523111138198076	2.2262947533532804	0.510167368856278	0.35613835199059124	0.0
/vol/bitbucket/osella/rl-qecc-data/supervisedLearning/sweep2/g5_mix_66-96-126_H7_s6000.pth	7	6000	8	mixed	[(6, 6), (9, 6), (12, 6)]	True	True	True	False	geometric5	18402947	5	15	2026-07-31	12.832455822330013	9.340422154314146	0.09780509226581342	2.2208859206509466	0.5286221286754759	0.37383043668746235	0.0
/vol/bitbucket/osella/rl-qecc-data/supervisedLearning/sweep2/g5_mix_66-96-126_H7_s6000.pth	7	6000	8	mixed	[(6, 6), (9, 6), (12, 6)]	True	True	True	False	geometric5	18402947	5	15	2026-07-31	12.832455822330013	9.340422154314146	0.09780509226581342	2.2208859206509466	0.5286221286754759	0.37383043668746235	0.0
/vol/bitbucket/osella/rl-qecc-data/supervisedLearning/sweep2/g5_mix_66-96-126_H7_s7134066.pth	7	7134066	8	mixed	[(6, 6), (9, 6), (12, 6)]	True	True	True	False	geometric5	18402947	5	15	2026-07-31	11.747951232537808	9.340422154314146	0.07089786964759663	3.0012726568700834	0.5243757103398043	0.37441388546173227	0.0
/vol/bitbucket/osella/rl-qecc-data/supervisedLearning/sweep2/g5_mix_66-96-126_H7_s7134066.pth	7	7134066	8	mixed	[(6, 6), (9, 6), (12, 6)]	True	True	True	False	geometric5	18402947	5	15	2026-07-31	11.747951232537808	9.340422154314146	0.07089786964759663	3.0012726568700834	0.5243757103398043	0.37441388546173227	0.0
/vol/bitbucket/osella/rl-qecc-data/supervisedLearning/sweep2/g5_mix_66-96_H10_s1000.pth	10	1000	12	mixed	[(6, 6), (9, 6)]	True	True	False	False	geometric5	18402947	5	15	2026-07-31	11.75209377279704	9.340422154314146	0.08044900622828319	1.7459436507255865	0.5335942407947791	0.37500980279181034	0.0
/vol/bitbucket/osella/rl-qecc-data/supervisedLearning/sweep2/g5_mix_66-96_H10_s1000.pth	10	1000	12	mixed	[(6, 6), (9, 6)]	True	True	False	False	geometric5	18402947	5	15	2026-07-31	11.75209377279704	9.340422154314146	0.08044900622828319	1.7459436507255865	0.5335942407947791	0.37500980279181034	0.0
/vol/bitbucket/osella/rl-qecc-data/supervisedLearning/sweep2/g5_mix_66-96_H10_s12345.pth	10	12345	12	mixed	[(6, 6), (9, 6)]	True	True	False	False	geometric5	18402947	5	15	2026-07-31	12.553190904358557	9.340422154314146	0.09703523236105174	2.2263294101165956	0.6008172868058524	0.42771194577200433	0.0
/vol/bitbucket/osella/rl-qecc-data/supervisedLearning/sweep2/g5_mix_66-96_H10_s12345.pth	10	12345	12	mixed	[(6, 6), (9, 6)]	True	True	False	False	geometric5	18402947	5	15	2026-07-31	12.553190904358557	9.340422154314146	0.09703523236105174	2.2263294101165956	0.6008172868058524	0.42771194577200433	0.0
/vol/bitbucket/osella/rl-qecc-data/supervisedLearning/sweep2/g5_mix_66-96_H10_s2000.pth	10	2000	12	mixed	[(6, 6), (9, 6)]	True	True	False	False	geometric5	18402947	5	15	2026-07-31	12.668962084548095	9.340422154314146	0.10405032442494239	1.7767068597924507	0.5690453896889177	0.40326036960184497	0.0
/vol/bitbucket/osella/rl-qecc-data/supervisedLearning/sweep2/g5_mix_66-96_H10_s2000.pth	10	2000	12	mixed	[(6, 6), (9, 6)]	True	True	False	False	geometric5	18402947	5	15	2026-07-31	12.668962084548095	9.340422154314146	0.10405032442494239	1.7767068597924507	0.5690453896889177	0.40326036960184497	0.0
/vol/bitbucket/osella/rl-qecc-data/supervisedLearning/sweep2/g5_mix_66-96_H10_s3000.pth	10	3000	12	mixed	[(6, 6), (9, 6)]	True	True	False	False	geometric5	18402947	5	15	2026-07-31	12.751335485110523	9.340422154314146	0.07381903105582355	3.4910581588462053	0.5511972580389228	0.38753019293277025	0.0
/vol/bitbucket/osella/rl-qecc-data/supervisedLearning/sweep2/g5_mix_66-96_H10_s3000.pth	10	3000	12	mixed	[(6, 6), (9, 6)]	True	True	False	False	geometric5	18402947	5	15	2026-07-31	12.751335485110523	9.340422154314146	0.07381903105582355	3.4910581588462053	0.5511972580389228	0.38753019293277025	0.0
/vol/bitbucket/osella/rl-qecc-data/supervisedLearning/sweep2/g5_mix_66-96_H10_s4000.pth	10	4000	12	mixed	[(6, 6), (9, 6)]	True	True	False	False	geometric5	18402947	5	15	2026-07-31	12.231934612110278	9.340422154314146	0.09624335446206186	1.786269103516397	0.571590999195107	0.4048816667052455	0.0
/vol/bitbucket/osella/rl-qecc-data/supervisedLearning/sweep2/g5_mix_66-96_H10_s4000.pth	10	4000	12	mixed	[(6, 6), (9, 6)]	True	True	False	False	geometric5	18402947	5	15	2026-07-31	12.231934612110278	9.340422154314146	0.09624335446206186	1.786269103516397	0.571590999195107	0.4048816667052455	0.0
/vol/bitbucket/osella/rl-qecc-data/supervisedLearning/sweep2/g5_mix_66-96_H10_s466555.pth	10	466555	12	mixed	[(6, 6), (9, 6)]	True	True	False	False	geometric5	18402947	5	15	2026-07-31	12.540412933238734	9.340422154314146	0.1084923677069364	3.4826702669037046	0.39192203836483236	0.2780682113550367	0.0
/vol/bitbucket/osella/rl-qecc-data/supervisedLearning/sweep2/g5_mix_66-96_H10_s466555.pth	10	466555	12	mixed	[(6, 6), (9, 6)]	True	True	False	False	geometric5	18402947	5	15	2026-07-31	12.540412933238734	9.340422154314146	0.1084923677069364	3.4826702669037046	0.39192203836483236	0.2780682113550367	0.0
/vol/bitbucket/osella/rl-qecc-data/supervisedLearning/sweep2/g5_mix_66-96_H10_s5000.pth	10	5000	12	mixed	[(6, 6), (9, 6)]	True	True	False	False	geometric5	18402947	5	15	2026-07-31	11.915208019557332	9.340422154314146	0.0846491764964599	1.861517746667229	0.49961963573294277	0.3514837762555838	0.0
/vol/bitbucket/osella/rl-qecc-data/supervisedLearning/sweep2/g5_mix_66-96_H10_s5000.pth	10	5000	12	mixed	[(6, 6), (9, 6)]	True	True	False	False	geometric5	18402947	5	15	2026-07-31	11.915208019557332	9.340422154314146	0.0846491764964599	1.861517746667229	0.49961963573294277	0.3514837762555838	0.0
/vol/bitbucket/osella/rl-qecc-data/supervisedLearning/sweep2/g5_mix_66-96_H10_s54321.pth	10	54321	12	mixed	[(6, 6), (9, 6)]	True	True	False	False	geometric5	18402947	5	15	2026-07-31	12.114941978936582	9.340422154314146	0.08217897451365759	2.397388194826046	0.5439898957468027	0.3877993346089529	0.0
/vol/bitbucket/osella/rl-qecc-data/supervisedLearning/sweep2/g5_mix_66-96_H10_s54321.pth	10	54321	12	mixed	[(6, 6), (9, 6)]	True	True	False	False	geometric5	18402947	5	15	2026-07-31	12.114941978936582	9.340422154314146	0.08217897451365759	2.397388194826046	0.5439898957468027	0.3877993346089529	0.0
/vol/bitbucket/osella/rl-qecc-data/supervisedLearning/sweep2/g5_mix_66-96_H10_s6000.pth	10	6000	12	mixed	[(6, 6), (9, 6)]	True	True	False	False	geometric5	18402947	5	15	2026-07-31	13.620853200920518	9.340422154314146	0.12796468294692037	2.2874310003114973	0.49905454521569836	0.35439007507764275	0.0
/vol/bitbucket/osella/rl-qecc-data/supervisedLearning/sweep2/g5_mix_66-96_H10_s6000.pth	10	6000	12	mixed	[(6, 6), (9, 6)]	True	True	False	False	geometric5	18402947	5	15	2026-07-31	13.620853200920518	9.340422154314146	0.12796468294692037	2.2874310003114973	0.49905454521569836	0.35439007507764275	0.0
/vol/bitbucket/osella/rl-qecc-data/supervisedLearning/sweep2/g5_mix_66-96_H10_s7134066.pth	10	7134066	12	mixed	[(6, 6), (9, 6)]	True	True	False	False	geometric5	18402947	5	15	2026-07-31	12.517473060718	9.340422154314146	0.08940016888586727	2.381742611436299	0.5575105168926502	0.39469464462483955	0.0
/vol/bitbucket/osella/rl-qecc-data/supervisedLearning/sweep2/g5_mix_66-96_H10_s7134066.pth	10	7134066	12	mixed	[(6, 6), (9, 6)]	True	True	False	False	geometric5	18402947	5	15	2026-07-31	12.517473060718	9.340422154314146	0.08940016888586727	2.381742611436299	0.5575105168926502	0.39469464462483955	0.0
/vol/bitbucket/osella/rl-qecc-data/supervisedLearning/sweep2/g5_mix_66-96_H3_s1000.pth	3	1000	12	mixed	[(6, 6), (9, 6)]	True	True	False	False	geometric5	18402947	5	15	2026-07-31	14.048570431059325	9.340422154314146	0.14921350019802251	2.7687584654470303	0.2846769762892714	0.19543891781406683	0.0
/vol/bitbucket/osella/rl-qecc-data/supervisedLearning/sweep2/g5_mix_66-96_H3_s1000.pth	3	1000	12	mixed	[(6, 6), (9, 6)]	True	True	False	False	geometric5	18402947	5	15	2026-07-31	14.048570431059325	9.340422154314146	0.14921350019802251	2.7687584654470303	0.2846769762892714	0.19543891781406683	0.0
/vol/bitbucket/osella/rl-qecc-data/supervisedLearning/sweep2/g5_mix_66-96_H3_s12345.pth	3	12345	12	mixed	[(6, 6), (9, 6)]	True	True	False	False	geometric5	18402947	5	15	2026-07-31	14.84985633646585	9.340422154314146	0.1366136159142203	4.271569757073828	0.1457823075805204	0.1001820008201836	0.0
/vol/bitbucket/osella/rl-qecc-data/supervisedLearning/sweep2/g5_mix_66-96_H3_s12345.pth	3	12345	12	mixed	[(6, 6), (9, 6)]	True	True	False	False	geometric5	18402947	5	15	2026-07-31	14.84985633646585	9.340422154314146	0.1366136159142203	4.271569757073828	0.1457823075805204	0.1001820008201836	0.0
/vol/bitbucket/osella/rl-qecc-data/supervisedLearning/sweep2/g5_mix_66-96_H3_s2000.pth	3	2000	12	mixed	[(6, 6), (9, 6)]	True	True	False	False	geometric5	18402947	5	15	2026-07-31	15.106317325705398	9.340422154314146	0.173681474737129	3.0045455889117534	0.3594060621834854	0.25097729795985546	0.0
/vol/bitbucket/osella/rl-qecc-data/supervisedLearning/sweep2/g5_mix_66-96_H3_s2000.pth	3	2000	12	mixed	[(6, 6), (9, 6)]	True	True	False	False	geometric5	18402947	5	15	2026-07-31	15.106317325705398	9.340422154314146	0.173681474737129	3.0045455889117534	0.3594060621834854	0.25097729795985546	0.0
/vol/bitbucket/osella/rl-qecc-data/supervisedLearning/sweep2/g5_mix_66-96_H3_s3000.pth	3	3000	12	mixed	[(6, 6), (9, 6)]	True	True	False	False	geometric5	18402947	5	15	2026-07-31	14.692576080747353	9.340422154314146	0.16862324982812688	3.1732505458112623	0.35512885269179845	0.25406398304841066	0.0
/vol/bitbucket/osella/rl-qecc-data/supervisedLearning/sweep2/g5_mix_66-96_H3_s3000.pth	3	3000	12	mixed	[(6, 6), (9, 6)]	True	True	False	False	geometric5	18402947	5	15	2026-07-31	14.692576080747353	9.340422154314146	0.16862324982812688	3.1732505458112623	0.35512885269179845	0.25406398304841066	0.0
/vol/bitbucket/osella/rl-qecc-data/supervisedLearning/sweep2/g5_mix_66-96_H3_s4000.pth	3	4000	12	mixed	[(6, 6), (9, 6)]	True	True	False	False	geometric5	18402947	5	15	2026-07-31	14.695581067981408	9.340422154314146	0.15891327742673164	2.9543795616909843	0.5224718657307441	0.3667370715028062	0.0
/vol/bitbucket/osella/rl-qecc-data/supervisedLearning/sweep2/g5_mix_66-96_H3_s4000.pth	3	4000	12	mixed	[(6, 6), (9, 6)]	True	True	False	False	geometric5	18402947	5	15	2026-07-31	14.695581067981408	9.340422154314146	0.15891327742673164	2.9543795616909843	0.5224718657307441	0.3667370715028062	0.0
/vol/bitbucket/osella/rl-qecc-data/supervisedLearning/sweep2/g5_mix_66-96_H3_s466555.pth	3	466555	12	mixed	[(6, 6), (9, 6)]	True	True	False	False	geometric5	18402947	5	15	2026-07-31	14.336536776973125	9.340422154314146	0.15991649168375463	2.5894741970963615	0.5298894796398116	0.37331527537203874	0.0
/vol/bitbucket/osella/rl-qecc-data/supervisedLearning/sweep2/g5_mix_66-96_H3_s466555.pth	3	466555	12	mixed	[(6, 6), (9, 6)]	True	True	False	False	geometric5	18402947	5	15	2026-07-31	14.336536776973125	9.340422154314146	0.15991649168375463	2.5894741970963615	0.5298894796398116	0.37331527537203874	0.0
/vol/bitbucket/osella/rl-qecc-data/supervisedLearning/sweep2/g5_mix_66-96_H3_s5000.pth	3	5000	12	mixed	[(6, 6), (9, 6)]	True	True	False	False	geometric5	18402947	5	15	2026-07-31	13.753163550078167	9.340422154314146	0.10722987711612456	4.072737743689887	0.38344008767028726	0.26440776063497273	0.0
/vol/bitbucket/osella/rl-qecc-data/supervisedLearning/sweep2/g5_mix_66-96_H3_s5000.pth	3	5000	12	mixed	[(6, 6), (9, 6)]	True	True	False	False	geometric5	18402947	5	15	2026-07-31	13.753163550078167	9.340422154314146	0.10722987711612456	4.072737743689887	0.38344008767028726	0.26440776063497273	0.0
/vol/bitbucket/osella/rl-qecc-data/supervisedLearning/sweep2/g5_mix_66-96_H3_s54321.pth	3	54321	12	mixed	[(6, 6), (9, 6)]	True	True	False	False	geometric5	18402947	5	15	2026-07-31	13.72462572667768	9.340422154314146	0.12264252063122588	2.906285105992295	0.502878502244456	0.35443593603663526	0.0
/vol/bitbucket/osella/rl-qecc-data/supervisedLearning/sweep2/g5_mix_66-96_H3_s54321.pth	3	54321	12	mixed	[(6, 6), (9, 6)]	True	True	False	False	geometric5	18402947	5	15	2026-07-31	13.72462572667768	9.340422154314146	0.12264252063122588	2.906285105992295	0.502878502244456	0.35443593603663526	0.0
/vol/bitbucket/osella/rl-qecc-data/supervisedLearning/sweep2/g5_mix_66-96_H3_s6000.pth	3	6000	12	mixed	[(6, 6), (9, 6)]	True	True	False	False	geometric5	18402947	5	15	2026-07-31	13.491259330499659	9.340422154314146	0.12904987691706715	2.5598370510369985	0.5051168048878092	0.35765284557986643	0.0
/vol/bitbucket/osella/rl-qecc-data/supervisedLearning/sweep2/g5_mix_66-96_H3_s6000.pth	3	6000	12	mixed	[(6, 6), (9, 6)]	True	True	False	False	geometric5	18402947	5	15	2026-07-31	13.491259330499659	9.340422154314146	0.12904987691706715	2.5598370510369985	0.5051168048878092	0.35765284557986643	0.0
/vol/bitbucket/osella/rl-qecc-data/supervisedLearning/sweep2/g5_mix_66-96_H3_s7134066.pth	3	7134066	12	mixed	[(6, 6), (9, 6)]	True	True	False	False	geometric5	18402947	5	15	2026-07-31	13.104741390547298	9.340422154314146	0.1159745257775314	4.547715510485579	0.21311567869522996	0.14831416963226213	0.0
/vol/bitbucket/osella/rl-qecc-data/supervisedLearning/sweep2/g5_mix_66-96_H3_s7134066.pth	3	7134066	12	mixed	[(6, 6), (9, 6)]	True	True	False	False	geometric5	18402947	5	15	2026-07-31	13.104741390547298	9.340422154314146	0.1159745257775314	4.547715510485579	0.21311567869522996	0.14831416963226213	0.0
/vol/bitbucket/osella/rl-qecc-data/supervisedLearning/sweep2/g5_mix_66-96_H4_s1000.pth	4	1000	12	mixed	[(6, 6), (9, 6)]	True	True	False	False	geometric5	18402947	5	15	2026-07-31	14.65048095849686	9.340422154314146	0.15117894828496292	3.0736091597859727	0.3847189373542762	0.2708161964325687	0.0
/vol/bitbucket/osella/rl-qecc-data/supervisedLearning/sweep2/g5_mix_66-96_H4_s1000.pth	4	1000	12	mixed	[(6, 6), (9, 6)]	True	True	False	False	geometric5	18402947	5	15	2026-07-31	14.65048095849686	9.340422154314146	0.15117894828496292	3.0736091597859727	0.3847189373542762	0.2708161964325687	0.0
/vol/bitbucket/osella/rl-qecc-data/supervisedLearning/sweep2/g5_mix_66-96_H4_s12345.pth	4	12345	12	mixed	[(6, 6), (9, 6)]	True	True	False	False	geometric5	18402947	5	15	2026-07-31	15.485147996171321	9.340422154314146	0.19438050058541362	2.255258611317023	0.41810075497648225	0.2915455998590491	0.0
/vol/bitbucket/osella/rl-qecc-data/supervisedLearning/sweep2/g5_mix_66-96_H4_s12345.pth	4	12345	12	mixed	[(6, 6), (9, 6)]	True	True	False	False	geometric5	18402947	5	15	2026-07-31	15.485147996171321	9.340422154314146	0.19438050058541362	2.255258611317023	0.41810075497648225	0.2915455998590491	0.0
/vol/bitbucket/osella/rl-qecc-data/supervisedLearning/sweep2/g5_mix_66-96_H4_s2000.pth	4	2000	12	mixed	[(6, 6), (9, 6)]	True	True	False	False	geometric5	18402947	5	15	2026-07-31	12.718304620284274	9.340422154314146	0.08664951247516564	3.527072392593961	0.5553367306541478	0.39049232884753393	0.0
/vol/bitbucket/osella/rl-qecc-data/supervisedLearning/sweep2/g5_mix_66-96_H4_s2000.pth	4	2000	12	mixed	[(6, 6), (9, 6)]	True	True	False	False	geometric5	18402947	5	15	2026-07-31	12.718304620284274	9.340422154314146	0.08664951247516564	3.527072392593961	0.5553367306541478	0.39049232884753393	0.0
/vol/bitbucket/osella/rl-qecc-data/supervisedLearning/sweep2/g5_mix_66-96_H4_s3000.pth	4	3000	12	mixed	[(6, 6), (9, 6)]	True	True	False	False	geometric5	18402947	5	15	2026-07-31	15.072881145543493	9.340422154314146	0.1896480967766244	1.8721131114285143	0.468923923808911	0.3274639072927646	0.0
/vol/bitbucket/osella/rl-qecc-data/supervisedLearning/sweep2/g5_mix_66-96_H4_s3000.pth	4	3000	12	mixed	[(6, 6), (9, 6)]	True	True	False	False	geometric5	18402947	5	15	2026-07-31	15.072881145543493	9.340422154314146	0.1896480967766244	1.8721131114285143	0.468923923808911	0.3274639072927646	0.0
/vol/bitbucket/osella/rl-qecc-data/supervisedLearning/sweep2/g5_mix_66-96_H4_s4000.pth	4	4000	12	mixed	[(6, 6), (9, 6)]	True	True	False	False	geometric5	18402947	5	15	2026-07-31	15.944827718062758	9.340422154314146	0.189587161390047	2.643815289672693	0.39392066745680376	0.27023649943712286	0.0
/vol/bitbucket/osella/rl-qecc-data/supervisedLearning/sweep2/g5_mix_66-96_H4_s4000.pth	4	4000	12	mixed	[(6, 6), (9, 6)]	True	True	False	False	geometric5	18402947	5	15	2026-07-31	15.944827718062758	9.340422154314146	0.189587161390047	2.643815289672693	0.39392066745680376	0.27023649943712286	0.0
/vol/bitbucket/osella/rl-qecc-data/supervisedLearning/sweep2/g5_mix_66-96_H4_s466555.pth	4	466555	12	mixed	[(6, 6), (9, 6)]	True	True	False	False	geometric5	18402947	5	15	2026-07-31	13.939166380792525	9.340422154314146	0.12895511688437972	4.736699296387619	0.13961897488725755	0.09505115292364438	0.0
/vol/bitbucket/osella/rl-qecc-data/supervisedLearning/sweep2/g5_mix_66-96_H4_s466555.pth	4	466555	12	mixed	[(6, 6), (9, 6)]	True	True	False	False	geometric5	18402947	5	15	2026-07-31	13.939166380792525	9.340422154314146	0.12895511688437972	4.736699296387619	0.13961897488725755	0.09505115292364438	0.0
/vol/bitbucket/osella/rl-qecc-data/supervisedLearning/sweep2/g5_mix_66-96_H4_s5000.pth	4	5000	12	mixed	[(6, 6), (9, 6)]	True	True	False	False	geometric5	18402947	5	15	2026-07-31	15.27071117102331	9.340422154314146	0.06471971002950166	7.042240007922474	-0.003647389302358354	-0.0009990775719571033	0.0
/vol/bitbucket/osella/rl-qecc-data/supervisedLearning/sweep2/g5_mix_66-96_H4_s5000.pth	4	5000	12	mixed	[(6, 6), (9, 6)]	True	True	False	False	geometric5	18402947	5	15	2026-07-31	15.27071117102331	9.340422154314146	0.06471971002950166	7.042240007922474	-0.003647389302358354	-0.0009990775719571033	0.0
/vol/bitbucket/osella/rl-qecc-data/supervisedLearning/sweep2/g5_mix_66-96_H4_s54321.pth	4	54321	12	mixed	[(6, 6), (9, 6)]	True	True	False	False	geometric5	18402947	5	15	2026-07-31	13.484227416782925	9.340422154314146	0.1348434546787924	2.6552812109947634	0.2187601982989109	0.15398729686109305	0.0
/vol/bitbucket/osella/rl-qecc-data/supervisedLearning/sweep2/g5_mix_66-96_H4_s54321.pth	4	54321	12	mixed	[(6, 6), (9, 6)]	True	True	False	False	geometric5	18402947	5	15	2026-07-31	13.484227416782925	9.340422154314146	0.1348434546787924	2.6552812109947634	0.2187601982989109	0.15398729686109305	0.0
/vol/bitbucket/osella/rl-qecc-data/supervisedLearning/sweep2/g5_mix_66-96_H4_s6000.pth	4	6000	12	mixed	[(6, 6), (9, 6)]	True	True	False	False	geometric5	18402947	5	15	2026-07-31	13.308748394269784	9.340422154314146	0.1104621676403345	3.3891217491200853	0.4704703679134278	0.3285505537625938	0.0
/vol/bitbucket/osella/rl-qecc-data/supervisedLearning/sweep2/g5_mix_66-96_H4_s6000.pth	4	6000	12	mixed	[(6, 6), (9, 6)]	True	True	False	False	geometric5	18402947	5	15	2026-07-31	13.308748394269784	9.340422154314146	0.1104621676403345	3.3891217491200853	0.4704703679134278	0.3285505537625938	0.0
/vol/bitbucket/osella/rl-qecc-data/supervisedLearning/sweep2/g5_mix_66-96_H4_s7134066.pth	4	7134066	12	mixed	[(6, 6), (9, 6)]	True	True	False	False	geometric5	18402947	5	15	2026-07-31	14.251033963269633	9.340422154314146	0.1612093787022092	2.484274271347179	0.37518183555301005	0.26334447807359296	0.0
/vol/bitbucket/osella/rl-qecc-data/supervisedLearning/sweep2/g5_mix_66-96_H4_s7134066.pth	4	7134066	12	mixed	[(6, 6), (9, 6)]	True	True	False	False	geometric5	18402947	5	15	2026-07-31	14.251033963269633	9.340422154314146	0.1612093787022092	2.484274271347179	0.37518183555301005	0.26334447807359296	0.0
/vol/bitbucket/osella/rl-qecc-data/supervisedLearning/sweep2/g5_mix_66-96_H6_s1000.pth	6	1000	12	mixed	[(6, 6), (9, 6)]	True	True	False	False	geometric5	18402947	5	15	2026-07-31	13.647052504727373	9.340422154314146	0.12348268699781759	1.7938723130665823	0.561527422644956	0.39600949798438617	0.0
/vol/bitbucket/osella/rl-qecc-data/supervisedLearning/sweep2/g5_mix_66-96_H6_s1000.pth	6	1000	12	mixed	[(6, 6), (9, 6)]	True	True	False	False	geometric5	18402947	5	15	2026-07-31	13.647052504727373	9.340422154314146	0.12348268699781759	1.7938723130665823	0.561527422644956	0.39600949798438617	0.0
/vol/bitbucket/osella/rl-qecc-data/supervisedLearning/sweep2/g5_mix_66-96_H6_s12345.pth	6	12345	12	mixed	[(6, 6), (9, 6)]	True	True	False	False	geometric5	18402947	5	15	2026-07-31	15.364328817196016	9.340422154314146	0.1941035876347305	1.956777042484069	0.2533958770371708	0.17529274292586824	0.0
/vol/bitbucket/osella/rl-qecc-data/supervisedLearning/sweep2/g5_mix_66-96_H6_s12345.pth	6	12345	12	mixed	[(6, 6), (9, 6)]	True	True	False	False	geometric5	18402947	5	15	2026-07-31	15.364328817196016	9.340422154314146	0.1941035876347305	1.956777042484069	0.2533958770371708	0.17529274292586824	0.0
/vol/bitbucket/osella/rl-qecc-data/supervisedLearning/sweep2/g5_mix_66-96_H6_s2000.pth	6	2000	12	mixed	[(6, 6), (9, 6)]	True	True	False	False	geometric5	18402947	5	15	2026-07-31	12.38270216707559	9.340422154314146	0.1033540124946116	1.777995046160286	0.5680620797866034	0.40305903340150223	0.0
/vol/bitbucket/osella/rl-qecc-data/supervisedLearning/sweep2/g5_mix_66-96_H6_s2000.pth	6	2000	12	mixed	[(6, 6), (9, 6)]	True	True	False	False	geometric5	18402947	5	15	2026-07-31	12.38270216707559	9.340422154314146	0.1033540124946116	1.777995046160286	0.5680620797866034	0.40305903340150223	0.0
/vol/bitbucket/osella/rl-qecc-data/supervisedLearning/sweep2/g5_mix_66-96_H6_s3000.pth	6	3000	12	mixed	[(6, 6), (9, 6)]	True	True	False	False	geometric5	18402947	5	15	2026-07-31	12.57332895801507	9.340422154314146	0.08156989683606526	3.08611909746567	0.5183743391399012	0.36386612066541385	0.0
/vol/bitbucket/osella/rl-qecc-data/supervisedLearning/sweep2/g5_mix_66-96_H6_s3000.pth	6	3000	12	mixed	[(6, 6), (9, 6)]	True	True	False	False	geometric5	18402947	5	15	2026-07-31	12.57332895801507	9.340422154314146	0.08156989683606526	3.08611909746567	0.5183743391399012	0.36386612066541385	0.0
/vol/bitbucket/osella/rl-qecc-data/supervisedLearning/sweep2/g5_mix_66-96_H6_s4000.pth	6	4000	12	mixed	[(6, 6), (9, 6)]	True	True	False	False	geometric5	18402947	5	15	2026-07-31	13.91022769322202	9.340422154314146	0.1368392358737955	2.100962153942032	0.2979644043381495	0.20807891167871442	0.0
/vol/bitbucket/osella/rl-qecc-data/supervisedLearning/sweep2/g5_mix_66-96_H6_s4000.pth	6	4000	12	mixed	[(6, 6), (9, 6)]	True	True	False	False	geometric5	18402947	5	15	2026-07-31	13.91022769322202	9.340422154314146	0.1368392358737955	2.100962153942032	0.2979644043381495	0.20807891167871442	0.0
/vol/bitbucket/osella/rl-qecc-data/supervisedLearning/sweep2/g5_mix_66-96_H6_s466555.pth	6	466555	12	mixed	[(6, 6), (9, 6)]	True	True	False	False	geometric5	18402947	5	15	2026-07-31	12.616851320946301	9.340422154314146	0.10022518703261837	2.146417741332858	0.5227905386138798	0.36677194274632363	0.0
/vol/bitbucket/osella/rl-qecc-data/supervisedLearning/sweep2/g5_mix_66-96_H6_s5000.pth	6	5000	12	mixed	[(6, 6), (9, 6)]	True	True	False	False	geometric5	18402947	5	15	2026-07-31	16.175385995401943	9.340422154314146	0.198309927397836	1.6676014316920649	0.3961831440846783	0.27817845687800496	0.04
/vol/bitbucket/osella/rl-qecc-data/supervisedLearning/sweep2/g5_mix_66-96_H6_s466555.pth	6	466555	12	mixed	[(6, 6), (9, 6)]	True	True	False	False	geometric5	18402947	5	15	2026-07-31	12.616851320946301	9.340422154314146	0.10022518703261837	2.146417741332858	0.5227905386138798	0.36677194274632363	0.0
/vol/bitbucket/osella/rl-qecc-data/supervisedLearning/sweep2/g5_mix_66-96_H6_s54321.pth	6	54321	12	mixed	[(6, 6), (9, 6)]	True	True	False	False	geometric5	18402947	5	15	2026-07-31	13.36423141895172	9.340422154314146	0.11878258283107498	2.5348725507575054	0.4404414904509146	0.3065765636646095	0.0
/vol/bitbucket/osella/rl-qecc-data/supervisedLearning/sweep2/g5_mix_66-96_H6_s5000.pth	6	5000	12	mixed	[(6, 6), (9, 6)]	True	True	False	False	geometric5	18402947	5	15	2026-07-31	16.175385995401943	9.340422154314146	0.198309927397836	1.6676014316920649	0.3961831440846783	0.27817845687800496	0.04
/vol/bitbucket/osella/rl-qecc-data/supervisedLearning/sweep2/g5_mix_66-96_H6_s6000.pth	6	6000	12	mixed	[(6, 6), (9, 6)]	True	True	False	False	geometric5	18402947	5	15	2026-07-31	14.824910951626938	9.340422154314146	0.17440155491052925	2.0863421374982773	0.40898087887703255	0.28497133517174966	0.0
/vol/bitbucket/osella/rl-qecc-data/supervisedLearning/sweep2/g5_mix_66-96_H6_s54321.pth	6	54321	12	mixed	[(6, 6), (9, 6)]	True	True	False	False	geometric5	18402947	5	15	2026-07-31	13.36423141895172	9.340422154314146	0.11878258283107498	2.5348725507575054	0.4404414904509146	0.3065765636646095	0.0
/vol/bitbucket/osella/rl-qecc-data/supervisedLearning/sweep2/g5_mix_66-96_H6_s7134066.pth	6	7134066	12	mixed	[(6, 6), (9, 6)]	True	True	False	False	geometric5	18402947	5	15	2026-07-31	12.506417581798628	9.340422154314146	0.10315610335495556	1.9775274358030779	0.5487456559963553	0.3881142441421245	0.0
/vol/bitbucket/osella/rl-qecc-data/supervisedLearning/sweep2/g5_mix_66-96_H6_s6000.pth	6	6000	12	mixed	[(6, 6), (9, 6)]	True	True	False	False	geometric5	18402947	5	15	2026-07-31	14.824910951626938	9.340422154314146	0.17440155491052925	2.0863421374982773	0.40898087887703255	0.28497133517174966	0.0
/vol/bitbucket/osella/rl-qecc-data/supervisedLearning/sweep2/g5_mix_66-96_H7_s1000.pth	7	1000	12	mixed	[(6, 6), (9, 6)]	True	True	False	False	geometric5	18402947	5	15	2026-07-31	12.606546504196046	9.340422154314146	0.10352074327085911	1.6801542782681507	0.5635808194439803	0.39803113483399527	0.0
/vol/bitbucket/osella/rl-qecc-data/supervisedLearning/sweep2/g5_mix_66-96_H6_s7134066.pth	6	7134066	12	mixed	[(6, 6), (9, 6)]	True	True	False	False	geometric5	18402947	5	15	2026-07-31	12.506417581798628	9.340422154314146	0.10315610335495556	1.9775274358030779	0.5487456559963553	0.3881142441421245	0.0
/vol/bitbucket/osella/rl-qecc-data/supervisedLearning/sweep2/g5_mix_66-96_H7_s12345.pth	7	12345	12	mixed	[(6, 6), (9, 6)]	True	True	False	False	geometric5	18402947	5	15	2026-07-31	13.4666125358636	9.340422154314146	0.14034101147198688	1.9544654997394726	0.5191807090513947	0.36618565518215834	0.0
/vol/bitbucket/osella/rl-qecc-data/supervisedLearning/sweep2/g5_mix_66-96_H7_s1000.pth	7	1000	12	mixed	[(6, 6), (9, 6)]	True	True	False	False	geometric5	18402947	5	15	2026-07-31	12.606546504196046	9.340422154314146	0.10352074327085911	1.6801542782681507	0.5635808194439803	0.39803113483399527	0.0
/vol/bitbucket/osella/rl-qecc-data/supervisedLearning/sweep2/g5_mix_66-96_H7_s2000.pth	7	2000	12	mixed	[(6, 6), (9, 6)]	True	True	False	False	geometric5	18402947	5	15	2026-07-31	13.07113619095114	9.340422154314146	0.11208109922801038	2.1352147345835664	0.5263135598174012	0.3761147519771038	0.0
/vol/bitbucket/osella/rl-qecc-data/supervisedLearning/sweep2/g5_mix_66-96_H7_s12345.pth	7	12345	12	mixed	[(6, 6), (9, 6)]	True	True	False	False	geometric5	18402947	5	15	2026-07-31	13.4666125358636	9.340422154314146	0.14034101147198688	1.9544654997394726	0.5191807090513947	0.36618565518215834	0.0
/vol/bitbucket/osella/rl-qecc-data/supervisedLearning/sweep2/g5_mix_66-96_H7_s3000.pth	7	3000	12	mixed	[(6, 6), (9, 6)]	True	True	False	False	geometric5	18402947	5	15	2026-07-31	11.638234032872568	9.340422154314146	0.07152877035184345	1.7613468309155975	0.5507240261343137	0.39068767099750173	0.0
/vol/bitbucket/osella/rl-qecc-data/supervisedLearning/sweep2/g5_mix_66-96_H7_s2000.pth	7	2000	12	mixed	[(6, 6), (9, 6)]	True	True	False	False	geometric5	18402947	5	15	2026-07-31	13.07113619095114	9.340422154314146	0.11208109922801038	2.1352147345835664	0.5263135598174012	0.3761147519771038	0.0
/vol/bitbucket/osella/rl-qecc-data/supervisedLearning/sweep2/g5_mix_66-96_H7_s4000.pth	7	4000	12	mixed	[(6, 6), (9, 6)]	True	True	False	False	geometric5	18402947	5	15	2026-07-31	14.097842880463945	9.340422154314146	0.15053352381035923	1.8109550007984248	0.5642347610630446	0.400582967064191	0.0
/vol/bitbucket/osella/rl-qecc-data/supervisedLearning/sweep2/g5_mix_66-96_H7_s3000.pth	7	3000	12	mixed	[(6, 6), (9, 6)]	True	True	False	False	geometric5	18402947	5	15	2026-07-31	11.638234032872568	9.340422154314146	0.07152877035184345	1.7613468309155975	0.5507240261343137	0.39068767099750173	0.0
/vol/bitbucket/osella/rl-qecc-data/supervisedLearning/sweep2/g5_mix_66-96_H7_s466555.pth	7	466555	12	mixed	[(6, 6), (9, 6)]	True	True	False	False	geometric5	18402947	5	15	2026-07-31	11.951892879113265	9.340422154314146	0.06196330890845002	3.435800037145267	0.47080373447496454	0.33358650167583265	0.0
/vol/bitbucket/osella/rl-qecc-data/supervisedLearning/sweep2/g5_mix_66-96_H7_s4000.pth	7	4000	12	mixed	[(6, 6), (9, 6)]	True	True	False	False	geometric5	18402947	5	15	2026-07-31	14.097842880463945	9.340422154314146	0.15053352381035923	1.8109550007984248	0.5642347610630446	0.400582967064191	0.0
/vol/bitbucket/osella/rl-qecc-data/supervisedLearning/sweep2/g5_mix_66-96_H7_s5000.pth	7	5000	12	mixed	[(6, 6), (9, 6)]	True	True	False	False	geometric5	18402947	5	15	2026-07-31	11.839272110443334	9.340422154314146	0.08397771002172826	1.7933024184778563	0.5653900522543966	0.4018791232889786	0.0
/vol/bitbucket/osella/rl-qecc-data/supervisedLearning/sweep2/g5_mix_66-96_H7_s466555.pth	7	466555	12	mixed	[(6, 6), (9, 6)]	True	True	False	False	geometric5	18402947	5	15	2026-07-31	11.951892879113265	9.340422154314146	0.06196330890845002	3.435800037145267	0.47080373447496454	0.33358650167583265	0.0
/vol/bitbucket/osella/rl-qecc-data/supervisedLearning/sweep2/g5_mix_66-96_H7_s54321.pth	7	54321	12	mixed	[(6, 6), (9, 6)]	True	True	False	False	geometric5	18402947	5	15	2026-07-31	12.34756717298339	9.340422154314146	0.09121783504272493	2.1870764577547774	0.5238191685713318	0.3682221317644409	0.0
/vol/bitbucket/osella/rl-qecc-data/supervisedLearning/sweep2/g5_mix_66-96_H7_s5000.pth	7	5000	12	mixed	[(6, 6), (9, 6)]	True	True	False	False	geometric5	18402947	5	15	2026-07-31	11.839272110443334	9.340422154314146	0.08397771002172826	1.7933024184778563	0.5653900522543966	0.4018791232889786	0.0
/vol/bitbucket/osella/rl-qecc-data/supervisedLearning/sweep2/g5_mix_66-96_H7_s6000.pth	7	6000	12	mixed	[(6, 6), (9, 6)]	True	True	False	False	geometric5	18402947	5	15	2026-07-31	12.782105426400861	9.340422154314146	0.11186723601277776	2.142230477781698	0.5217068433055829	0.36716535538232553	0.0
/vol/bitbucket/osella/rl-qecc-data/supervisedLearning/sweep2/g5_mix_66-96_H7_s54321.pth	7	54321	12	mixed	[(6, 6), (9, 6)]	True	True	False	False	geometric5	18402947	5	15	2026-07-31	12.34756717298339	9.340422154314146	0.09121783504272493	2.1870764577547774	0.5238191685713318	0.3682221317644409	0.0
/vol/bitbucket/osella/rl-qecc-data/supervisedLearning/sweep2/g5_mix_66-96_H7_s7134066.pth	7	7134066	12	mixed	[(6, 6), (9, 6)]	True	True	False	False	geometric5	18402947	5	15	2026-07-31	12.154838112190243	9.340422154314146	0.07636248198317962	2.0900988869305137	0.5270155460018149	0.36870744194351107	0.0
/vol/bitbucket/osella/rl-qecc-data/supervisedLearning/sweep2/g5_mix_66-96_H7_s6000.pth	7	6000	12	mixed	[(6, 6), (9, 6)]	True	True	False	False	geometric5	18402947	5	15	2026-07-31	12.782105426400861	9.340422154314146	0.11186723601277776	2.142230477781698	0.5217068433055829	0.36716535538232553	0.0
/vol/bitbucket/osella/rl-qecc-data/supervisedLearning/sweep2/g5_mix_66_H10_s1000.pth	10	1000	24	mixed	[(6, 6)]	True	False	False	False	geometric5	18402947	5	15	2026-07-31	13.393862536457632	9.340422154314146	0.05834655601104015	7.004050628567328	0.33117773640530235	0.23094375484814078	0.0
/vol/bitbucket/osella/rl-qecc-data/supervisedLearning/sweep2/g5_mix_66-96_H7_s7134066.pth	7	7134066	12	mixed	[(6, 6), (9, 6)]	True	True	False	False	geometric5	18402947	5	15	2026-07-31	12.154838112190243	9.340422154314146	0.07636248198317962	2.0900988869305137	0.5270155460018149	0.36870744194351107	0.0
/vol/bitbucket/osella/rl-qecc-data/supervisedLearning/sweep2/g5_mix_66_H10_s12345.pth	10	12345	24	mixed	[(6, 6)]	True	False	False	False	geometric5	18402947	5	15	2026-07-31	11.698182699188497	9.340422154314146	0.08085068253478783	2.339063619978214	0.4703997176495823	0.3260128874655025	0.0
/vol/bitbucket/osella/rl-qecc-data/supervisedLearning/sweep2/g5_mix_66_H10_s1000.pth	10	1000	24	mixed	[(6, 6)]	True	False	False	False	geometric5	18402947	5	15	2026-07-31	13.393862536457632	9.340422154314146	0.05834655601104015	7.004050628567328	0.33117773640530235	0.23094375484814078	0.0
/vol/bitbucket/osella/rl-qecc-data/supervisedLearning/sweep2/g5_mix_66_H10_s2000.pth	10	2000	24	mixed	[(6, 6)]	True	False	False	False	geometric5	18402947	5	15	2026-07-31	12.961346211529065	9.340422154314146	0.07635794789857503	4.5952423512749	0.38504228718161304	0.2701350200647491	0.0
/vol/bitbucket/osella/rl-qecc-data/supervisedLearning/sweep2/g5_mix_66_H10_s12345.pth	10	12345	24	mixed	[(6, 6)]	True	False	False	False	geometric5	18402947	5	15	2026-07-31	11.698182699188497	9.340422154314146	0.08085068253478783	2.339063619978214	0.4703997176495823	0.3260128874655025	0.0
/vol/bitbucket/osella/rl-qecc-data/supervisedLearning/sweep2/g5_mix_66_H10_s3000.pth	10	3000	24	mixed	[(6, 6)]	True	False	False	False	geometric5	18402947	5	15	2026-07-31	12.877506954968986	9.340422154314146	0.10715286084573049	2.9279066216409566	0.33874652711205067	0.2340093325182499	0.0
/vol/bitbucket/osella/rl-qecc-data/supervisedLearning/sweep2/g5_mix_66_H10_s2000.pth	10	2000	24	mixed	[(6, 6)]	True	False	False	False	geometric5	18402947	5	15	2026-07-31	12.961346211529065	9.340422154314146	0.07635794789857503	4.5952423512749	0.38504228718161304	0.2701350200647491	0.0
/vol/bitbucket/osella/rl-qecc-data/supervisedLearning/sweep2/g5_mix_66_H10_s4000.pth	10	4000	24	mixed	[(6, 6)]	True	False	False	False	geometric5	18402947	5	15	2026-07-31	12.590867106760127	9.340422154314146	0.07194781555088532	3.7466337233786553	0.3459165935441096	0.24256700926289876	0.0
/vol/bitbucket/osella/rl-qecc-data/supervisedLearning/sweep2/g5_mix_66_H10_s3000.pth	10	3000	24	mixed	[(6, 6)]	True	False	False	False	geometric5	18402947	5	15	2026-07-31	12.877506954968986	9.340422154314146	0.10715286084573049	2.9279066216409566	0.33874652711205067	0.2340093325182499	0.0
/vol/bitbucket/osella/rl-qecc-data/supervisedLearning/sweep2/g5_mix_66_H10_s466555.pth	10	466555	24	mixed	[(6, 6)]	True	False	False	False	geometric5	18402947	5	15	2026-07-31	12.902481287873067	9.340422154314146	0.05771258246560702	4.632752415009917	0.34001184561628855	0.23581076423492878	0.0
/vol/bitbucket/osella/rl-qecc-data/supervisedLearning/sweep2/g5_mix_66_H10_s4000.pth	10	4000	24	mixed	[(6, 6)]	True	False	False	False	geometric5	18402947	5	15	2026-07-31	12.590867106760127	9.340422154314146	0.07194781555088532	3.7466337233786553	0.3459165935441096	0.24256700926289876	0.0
/vol/bitbucket/osella/rl-qecc-data/supervisedLearning/sweep2/g5_mix_66_H10_s5000.pth	10	5000	24	mixed	[(6, 6)]	True	False	False	False	geometric5	18402947	5	15	2026-07-31	12.059374672532531	9.340422154314146	0.08059922722093057	3.2412424214103757	0.4146522628260455	0.2930023463850441	0.0
/vol/bitbucket/osella/rl-qecc-data/supervisedLearning/sweep2/g5_mix_66_H10_s466555.pth	10	466555	24	mixed	[(6, 6)]	True	False	False	False	geometric5	18402947	5	15	2026-07-31	12.902481287873067	9.340422154314146	0.05771258246560702	4.632752415009917	0.34001184561628855	0.23581076423492878	0.0
/vol/bitbucket/osella/rl-qecc-data/supervisedLearning/sweep2/g5_mix_66_H10_s54321.pth	10	54321	24	mixed	[(6, 6)]	True	False	False	False	geometric5	18402947	5	15	2026-07-31	12.266829614633535	9.340422154314146	0.10702765525653117	1.8038096751499666	0.45541255205594544	0.31666715782178334	0.0
/vol/bitbucket/osella/rl-qecc-data/supervisedLearning/sweep2/g5_mix_66_H10_s5000.pth	10	5000	24	mixed	[(6, 6)]	True	False	False	False	geometric5	18402947	5	15	2026-07-31	12.059374672532531	9.340422154314146	0.08059922722093057	3.2412424214103757	0.4146522628260455	0.2930023463850441	0.0
/vol/bitbucket/osella/rl-qecc-data/supervisedLearning/sweep2/g5_mix_66_H10_s6000.pth	10	6000	24	mixed	[(6, 6)]	True	False	False	False	geometric5	18402947	5	15	2026-07-31	12.945536370155645	9.340422154314146	0.1253868554301906	2.1180662140277633	0.4812840949776418	0.3394319187678189	0.0
/vol/bitbucket/osella/rl-qecc-data/supervisedLearning/sweep2/g5_mix_66_H10_s54321.pth	10	54321	24	mixed	[(6, 6)]	True	False	False	False	geometric5	18402947	5	15	2026-07-31	12.266829614633535	9.340422154314146	0.10702765525653117	1.8038096751499666	0.45541255205594544	0.31666715782178334	0.0
/vol/bitbucket/osella/rl-qecc-data/supervisedLearning/sweep2/g5_mix_66_H10_s7134066.pth	10	7134066	24	mixed	[(6, 6)]	True	False	False	False	geometric5	18402947	5	15	2026-07-31	13.940317955383767	9.340422154314146	0.07243363840030728	6.693864555085522	0.16766230139699145	0.11719866687678782	0.0
/vol/bitbucket/osella/rl-qecc-data/supervisedLearning/sweep2/g5_mix_66_H10_s6000.pth	10	6000	24	mixed	[(6, 6)]	True	False	False	False	geometric5	18402947	5	15	2026-07-31	12.945536370155645	9.340422154314146	0.1253868554301906	2.1180662140277633	0.4812840949776418	0.3394319187678189	0.0
/vol/bitbucket/osella/rl-qecc-data/supervisedLearning/sweep2/g5_mix_66_H3_s1000.pth	3	1000	24	mixed	[(6, 6)]	True	False	False	False	geometric5	18402947	5	15	2026-07-31	13.575859389155754	9.340422154314146	0.07681217054387356	4.817252758854494	0.3363978423282903	0.2367364613992093	0.0
/vol/bitbucket/osella/rl-qecc-data/supervisedLearning/sweep2/g5_mix_66_H10_s7134066.pth	10	7134066	24	mixed	[(6, 6)]	True	False	False	False	geometric5	18402947	5	15	2026-07-31	13.940317955383767	9.340422154314146	0.07243363840030728	6.693864555085522	0.16766230139699145	0.11719866687678782	0.0
/vol/bitbucket/osella/rl-qecc-data/supervisedLearning/sweep2/g5_mix_66_H3_s12345.pth	3	12345	24	mixed	[(6, 6)]	True	False	False	False	geometric5	18402947	5	15	2026-07-31	14.060314926640343	9.340422154314146	0.13813453263313244	3.059482499652051	0.43750402177781483	0.3062634350237591	0.02
/vol/bitbucket/osella/rl-qecc-data/supervisedLearning/sweep2/g5_mix_66_H3_s1000.pth	3	1000	24	mixed	[(6, 6)]	True	False	False	False	geometric5	18402947	5	15	2026-07-31	13.575859389155754	9.340422154314146	0.07681217054387356	4.817252758854494	0.3363978423282903	0.2367364613992093	0.0
/vol/bitbucket/osella/rl-qecc-data/supervisedLearning/sweep2/g5_mix_66_H3_s2000.pth	3	2000	24	mixed	[(6, 6)]	True	False	False	False	geometric5	18402947	5	15	2026-07-31	14.24726034038393	9.340422154314146	0.13814283069930341	3.0130723477562844	0.468547240933619	0.32355601889062	0.0
/vol/bitbucket/osella/rl-qecc-data/supervisedLearning/sweep2/g5_mix_66_H3_s12345.pth	3	12345	24	mixed	[(6, 6)]	True	False	False	False	geometric5	18402947	5	15	2026-07-31	14.060314926640343	9.340422154314146	0.13813453263313244	3.059482499652051	0.43750402177781483	0.3062634350237591	0.02
/vol/bitbucket/osella/rl-qecc-data/supervisedLearning/sweep2/g5_mix_66_H3_s3000.pth	3	3000	24	mixed	[(6, 6)]	True	False	False	False	geometric5	18402947	5	15	2026-07-31	15.030646697671544	9.340422154314146	0.16329224991928123	2.4933429576410773	0.40833137002392017	0.282335509259677	0.0
/vol/bitbucket/osella/rl-qecc-data/supervisedLearning/sweep2/g5_mix_66_H3_s2000.pth	3	2000	24	mixed	[(6, 6)]	True	False	False	False	geometric5	18402947	5	15	2026-07-31	14.24726034038393	9.340422154314146	0.13814283069930341	3.0130723477562844	0.468547240933619	0.32355601889062	0.0
/vol/bitbucket/osella/rl-qecc-data/supervisedLearning/sweep2/g5_mix_66_H3_s4000.pth	3	4000	24	mixed	[(6, 6)]	True	False	False	False	geometric5	18402947	5	15	2026-07-31	14.359311533088583	9.340422154314146	0.14859104906078263	2.6252428150587277	0.2572404970519905	0.17941484145904196	0.0
/vol/bitbucket/osella/rl-qecc-data/supervisedLearning/sweep2/g5_mix_66_H3_s3000.pth	3	3000	24	mixed	[(6, 6)]	True	False	False	False	geometric5	18402947	5	15	2026-07-31	15.030646697671544	9.340422154314146	0.16329224991928123	2.4933429576410773	0.40833137002392017	0.282335509259677	0.0
