Model checkpoint	Number of harmonics	seed	epochs	recipie	trained on sizes	6,6	9,6	12,6	15,3	error range name	numberOfCodes	code l	code m	Date	recipe name	rewardMaeFloor	curveMae	curveMaeP0	curveMaeP1	curveMaeP2	curveMaeP3	curveMaeP4	curveMaeFloor	nll	noiseFloor	rewardMae	kMae	spearman	kendall	topK50
/vol/bitbucket/osella/rl-qecc-data/supervisedLearning/sweep2/g5_ground_anch_H10_s466555.pth	10	466555	2	groundAnchored	[(6, 6), (9, 6), (12, 6), (15, 3)]	True	True	True	True	geometric5	48054	21	18	2026-08-01	groundAnchored_66-96-126-153	0.011864279046925488	0.09364050747959217	0.004239887099938779	0.019837886120769692	0.10514081166773803	0.3092658485530537	0.02971810395646077	0.009533160740850578	9.692016619706534	4.67302309279921	0.14032946846497815	2.7431306859678597	0.4799900331682894	0.3800849459245141	0.0
/vol/bitbucket/osella/rl-qecc-data/supervisedLearning/sweep2/g5_ground_anch_H3_s12345.pth	3	12345	2	groundAnchored	[(6, 6), (9, 6), (12, 6), (15, 3)]	True	True	True	True	geometric5	48054	21	18	2026-08-01	groundAnchored_66-96-126-153	0.011864279046925488	0.10195439241195534	0.009896704608844441	0.03098237501725544	0.09527936082936951	0.3476836843374998	0.025929837266807535	0.009533160740850578	10.661316583908484	4.67302309279921	0.15441283374359654	4.491840599518658	0.44467274383182825	0.32958183446063233	0.0
/vol/bitbucket/osella/rl-qecc-data/supervisedLearning/sweep2/g5_ground_anch_H3_s54321.pth	3	54321	2	groundAnchored	[(6, 6), (9, 6), (12, 6), (15, 3)]	True	True	True	True	geometric5	48054	21	18	2026-08-01	groundAnchored_66-96-126-153	0.011864279046925488	0.10414303631349599	0.005678812186808764	0.03180806492865772	0.10566116809977798	0.3515832227471194	0.025983913605116028	0.009533160740850578	10.453507983807489	4.67302309279921	0.1504422525789605	4.045282186876201	0.5170154605770034	0.375808181047446	0.0
/vol/bitbucket/osella/rl-qecc-data/supervisedLearning/sweep2/g5_ground_anch_H4_s3000.pth	4	3000	2	groundAnchored	[(6, 6), (9, 6), (12, 6), (15, 3)]	True	True	True	True	geometric5	48054	21	18	2026-08-01	groundAnchored_66-96-126-153	0.011864279046925488	0.12488801687510206	0.02086818032767498	0.08156050273075854	0.27301883660340037	0.22308787912735403	0.02590468558632252	0.009533160740850578	12.207126595989019	4.67302309279921	0.11930388857436804	4.807901848447592	0.2861169805610149	0.19226412426602543	0.0
/vol/bitbucket/osella/rl-qecc-data/supervisedLearning/sweep2/g5_ground_anch_H4_s7134066.pth	4	7134066	2	groundAnchored	[(6, 6), (9, 6), (12, 6), (15, 3)]	True	True	True	True	geometric5	48054	21	18	2026-08-01	groundAnchored_66-96-126-153	0.011864279046925488	0.14116815633582552	0.0024018064520818032	0.00899034982703606	0.09895776615705312	0.5630240357537968	0.032466823489159816	0.009533160740850578	15.198195376759912	4.67302309279921	0.2702081748385114	3.1463426609643017	0.23225513346257198	0.20297795752417352	0.0
/vol/bitbucket/osella/rl-qecc-data/supervisedLearning/sweep2/g5_ground_anch_H6_s466555.pth	6	466555	2	groundAnchored	[(6, 6), (9, 6), (12, 6), (15, 3)]	True	True	True	True	geometric5	48054	21	18	2026-08-01	groundAnchored_66-96-126-153	0.011864279046925488	0.09514820953559029	0.002069887768873849	0.008373451991677558	0.09283368181767068	0.3475001556500219	0.024963870449707586	0.009533160740850578	10.578793970100245	4.67302309279921	0.1599950060152239	3.9141960100679705	0.5299686466858714	0.37584594783931297	0.0
/vol/bitbucket/osella/rl-qecc-data/supervisedLearning/sweep2/g5_ground_anch_H7_s12345.pth	7	12345	2	groundAnchored	[(6, 6), (9, 6), (12, 6), (15, 3)]	True	True	True	True	geometric5	48054	21	18	2026-08-01	groundAnchored_66-96-126-153	0.011864279046925488	0.1265451994416281	0.002621425802587961	0.009305041831922274	0.09364081847949023	0.498571565566971	0.02858714552716915	0.009533160740850578	13.566045470147667	4.67302309279921	0.23708936657057603	2.583689443420698	0.37121314049395837	0.3010699317839881	0.0
/vol/bitbucket/osella/rl-qecc-data/supervisedLearning/sweep2/g5_ground_anch_H7_s54321.pth	7	54321	2	groundAnchored	[(6, 6), (9, 6), (12, 6), (15, 3)]	True	True	True	True	geometric5	48054	21	18	2026-08-01	groundAnchored_66-96-126-153	0.011864279046925488	0.1383678435379066	0.0021387405559590606	0.007339356897172864	0.1026491002151304	0.5535417656665259	0.02617025435474446	0.009533160740850578	15.508625616337692	4.67302309279921	0.262089780391571	2.9251995566791575	-0.17503382415282429	-0.09665303793878627	0.0
/vol/bitbucket/osella/rl-qecc-data/supervisedLearning/sweep2/g5_ground_pure_H10_s3000.pth	10	3000	2	groundPure	[(6, 6), (9, 6), (12, 6), (15, 3)]	True	True	True	True	geometric5	48054	21	18	2026-08-01	groundPure_66-96-126-153	0.011864279046925488	0.11158469205641208	0.0014132204165384237	0.005207290753718198	0.07489753223448198	0.451052425135984	0.025352991741337764	0.009533160740850578	12.26888794841359	4.67302309279921	0.20850536713508114	2.6185205523558026	0.6882437360103558	0.5335683159080661	0.02
/vol/bitbucket/osella/rl-qecc-data/supervisedLearning/sweep2/g5_ground_pure_H10_s7134066.pth	10	7134066	2	groundPure	[(6, 6), (9, 6), (12, 6), (15, 3)]	True	True	True	True	geometric5	48054	21	18	2026-08-01	groundPure_66-96-126-153	0.011864279046925488	0.11727234997243985	0.009656779652879272	0.03823076502168322	0.15816479070351858	0.35483470085977825	0.025474713624339878	0.009533160740850578	11.692458897862696	4.67302309279921	0.15972535224524537	3.9579801283491167	-0.3115847749351721	-0.2140726195656042	0.0
/vol/bitbucket/osella/rl-qecc-data/supervisedLearning/sweep2/g5_ground_pure_H3_s466555.pth	3	466555	2	groundPure	[(6, 6), (9, 6), (12, 6), (15, 3)]	True	True	True	True	geometric5	48054	21	18	2026-08-01	groundPure_66-96-126-153	0.011864279046925488	0.09478609033507883	0.006217847483696863	0.03319189423705393	0.14035360943320715	0.2692863533518736	0.024880747169562588	0.009533160740850578	10.82294667714744	4.67302309279921	0.1191955440704331	11.65345796586353	0.21987309080058037	0.1795021154624458	0.02
/vol/bitbucket/osella/rl-qecc-data/supervisedLearning/sweep2/g5_ground_pure_H4_s12345.pth	4	12345	2	groundPure	[(6, 6), (9, 6), (12, 6), (15, 3)]	True	True	True	True	geometric5	48054	21	18	2026-08-01	groundPure_66-96-126-153	0.011864279046925488	0.14677597115964283	0.010166171721389668	0.03540310113423518	0.18973537621493006	0.4685805917059298	0.02999461502172917	0.009533160740850578	14.559757087667231	4.67302309279921	0.22727712158751845	3.9060654373369785	-0.4582636078339986	-0.31484694714191497	0.0
/vol/bitbucket/osella/rl-qecc-data/supervisedLearning/sweep2/g5_ground_pure_H4_s54321.pth	4	54321	2	groundPure	[(6, 6), (9, 6), (12, 6), (15, 3)]	True	True	True	True	geometric5	48054	21	18	2026-08-01	groundPure_66-96-126-153	0.011864279046925488	0.12543404017342125	0.0018968980343412763	0.005318477084549053	0.07917749566087966	0.5150807300949481	0.025696599992388186	0.009533160740850578	14.030110140239444	4.67302309279921	0.23981748974755593	2.870989083653359	0.589898229186392	0.4590845930963446	0.0
/vol/bitbucket/osella/rl-qecc-data/supervisedLearning/sweep2/g5_ground_pure_H6_s3000.pth	6	3000	2	groundPure	[(6, 6), (9, 6), (12, 6), (15, 3)]	True	True	True	True	geometric5	48054	21	18	2026-08-01	groundPure_66-96-126-153	0.011864279046925488	0.09097295590830444	0.00398583215820444	0.014434231486130067	0.08540618562352054	0.3261447222198832	0.024893808053783873	0.009533160740850578	10.183832522786513	4.67302309279921	0.14787023626306314	5.7349775448747256	0.5807512405084106	0.45442840193299167	0.0
/vol/bitbucket/osella/rl-qecc-data/supervisedLearning/sweep2/g5_ground_pure_H6_s7134066.pth	6	7134066	2	groundPure	[(6, 6), (9, 6), (12, 6), (15, 3)]	True	True	True	True	geometric5	48054	21	18	2026-08-01	groundPure_66-96-126-153	0.011864279046925488	0.10909548895793363	0.0010661768019362252	0.0038647704544399943	0.08116739809519906	0.43445136069294893	0.024927738745143993	0.009533160740850578	12.299788189522776	4.67302309279921	0.2024865761730156	3.0721459899268386	0.4111470738988986	0.31749758794759425	0.0
/vol/bitbucket/osella/rl-qecc-data/supervisedLearning/sweep2/g5_ground_pure_H7_s466555.pth	7	466555	2	groundPure	[(6, 6), (9, 6), (12, 6), (15, 3)]	True	True	True	True	geometric5	48054	21	18	2026-08-01	groundPure_66-96-126-153	0.011864279046925488	0.11685549539115717	0.0010239478554312084	0.003167607279036246	0.0860328094442787	0.4687435144816723	0.025309597895367398	0.009533160740850578	13.237905723476237	4.67302309279921	0.21999068700285251	3.2112715613525964	0.4434377543126827	0.34802052508450165	0.0
/vol/bitbucket/osella/rl-qecc-data/supervisedLearning/sweep2/g5_mix_66-96-126-153_H10_s12345.pth	10	12345	6	mixed	[(6, 6), (9, 6), (12, 6), (15, 3)]	True	True	True	True	geometric5	48054	21	18	2026-08-01	mixed_66-96-126-153	0.011864279046925488	0.11113209212902697	0.0019109266563038707	0.005199197256133565	0.06278237620083298	0.44672946519795015	0.03903849533391404	0.009533160740850578	12.28959236078517	4.67302309279921	0.2148872318128946	2.5746445242308864	0.7074829842533854	0.5392819648843469	0.0
/vol/bitbucket/osella/rl-qecc-data/supervisedLearning/sweep2/g5_mix_66-96-126-153_H10_s54321.pth	10	54321	6	mixed	[(6, 6), (9, 6), (12, 6), (15, 3)]	True	True	True	True	geometric5	48054	21	18	2026-08-01	mixed_66-96-126-153	0.011864279046925488	0.09412466379414103	0.0021774018989633302	0.00731565296258948	0.08262115485744424	0.35151666492403344	0.026992444327674708	0.009533160740850578	10.407760697918516	4.67302309279921	0.16769550289933935	3.1118194266329517	0.6523714096890454	0.5028496096847702	0.0
/vol/bitbucket/osella/rl-qecc-data/supervisedLearning/sweep2/g5_mix_66-96-126-153_H3_s3000.pth	3	3000	6	mixed	[(6, 6), (9, 6), (12, 6), (15, 3)]	True	True	True	True	geometric5	48054	21	18	2026-08-01	mixed_66-96-126-153	0.011864279046925488	0.10011589853955263	0.005452167615978623	0.016511438083589916	0.09443051235783007	0.35671036668102024	0.02747500795934434	0.009533160740850578	10.658703130436933	4.67302309279921	0.17304032510973594	3.032520967277639	0.43146592937193023	0.3464532692441089	0.0
/vol/bitbucket/osella/rl-qecc-data/supervisedLearning/sweep2/g5_mix_66-96-126-153_H3_s7134066.pth	3	7134066	6	mixed	[(6, 6), (9, 6), (12, 6), (15, 3)]	True	True	True	True	geometric5	48054	21	18	2026-08-01	mixed_66-96-126-153	0.011864279046925488	0.10253869006279409	0.0038531789796566306	0.008287618378524516	0.08459571303696656	0.3818026978436588	0.034154242075163856	0.009533160740850578	11.402884832953395	4.67302309279921	0.18855585486826226	3.2725469533944924	0.6287194886205894	0.4815151609886407	0.02
/vol/bitbucket/osella/rl-qecc-data/supervisedLearning/sweep2/g5_mix_66-96-126-153_H4_s466555.pth	4	466555	6	mixed	[(6, 6), (9, 6), (12, 6), (15, 3)]	True	True	True	True	geometric5	48054	21	18	2026-08-01	mixed_66-96-126-153	0.011864279046925488	0.09188606938025791	0.0029109172462332415	0.00799718838141019	0.09397878472662596	0.3265565790399141	0.027986877507106066	0.009533160740850578	10.456326991026655	4.67302309279921	0.1603308497900676	2.903596349079451	0.3669743281507604	0.28510723581972075	0.0
/vol/bitbucket/osella/rl-qecc-data/supervisedLearning/sweep2/g5_mix_66-96-126-153_H6_s12345.pth	6	12345	6	mixed	[(6, 6), (9, 6), (12, 6), (15, 3)]	True	True	True	True	geometric5	48054	21	18	2026-08-01	mixed_66-96-126-153	0.011864279046925488	0.11267697227605515	0.003460532098130236	0.007937381552221814	0.0862919928847567	0.4258797666360058	0.039815188209161224	0.009533160740850578	12.149363838795242	4.67302309279921	0.20900630760426336	2.608487966764969	0.6673528878314654	0.5134223679841019	0.0
/vol/bitbucket/osella/rl-qecc-data/supervisedLearning/sweep2/g5_mix_66-96-126-153_H6_s54321.pth	6	54321	6	mixed	[(6, 6), (9, 6), (12, 6), (15, 3)]	True	True	True	True	geometric5	48054	21	18	2026-08-01	mixed_66-96-126-153	0.011864279046925488	0.09889495837257667	0.001147269655246276	0.0036173776211642244	0.07981536557818786	0.38140414325597904	0.028490635752305808	0.009533160740850578	11.5401181424162	4.67302309279921	0.18246141592347753	3.021680210092846	0.6708140395428338	0.5092962172139939	0.0
/vol/bitbucket/osella/rl-qecc-data/supervisedLearning/sweep2/g5_mix_66-96-126-153_H7_s3000.pth	7	3000	6	mixed	[(6, 6), (9, 6), (12, 6), (15, 3)]	True	True	True	True	geometric5	48054	21	18	2026-08-01	mixed_66-96-126-153	0.011864279046925488	0.10858640286754091	0.0043462262396051	0.01150241187614101	0.0884426834849524	0.3982568059154067	0.040383886821599324	0.009533160740850578	11.602300932130232	4.67302309279921	0.19933373419568134	2.779212762404804	0.5351511894660474	0.42369725547801546	0.0
/vol/bitbucket/osella/rl-qecc-data/supervisedLearning/sweep2/g5_mix_66-96-126-153_H7_s7134066.pth	7	7134066	6	mixed	[(6, 6), (9, 6), (12, 6), (15, 3)]	True	True	True	True	geometric5	48054	21	18	2026-08-01	mixed_66-96-126-153	0.011864279046925488	0.11582317418279275	0.025171964597397848	0.05634140040996346	0.14378514214713017	0.32705617241150287	0.02676119134796938	0.009533160740850578	12.081571287435244	4.67302309279921	0.16307861349996258	3.6495533192674237	0.201265356163744	0.17299969284902256	0.0
/vol/bitbucket/osella/rl-qecc-data/supervisedLearning/sweep2/g5_mix_66-96-126_H10_s466555.pth	10	466555	8	mixed	[(6, 6), (9, 6), (12, 6)]	True	True	True	False	geometric5	48054	21	18	2026-08-01	mixed_66-96-126	0.011864279046925488	0.10241888013023827	0.001922814249159087	0.00595432444322138	0.08002894971852459	0.39400070704188633	0.030187605198400025	0.009533160740850578	11.184030849245323	4.67302309279921	0.19028243843607526	2.7201709533078087	0.5977163714438078	0.4615436067539225	0.02
/vol/bitbucket/osella/rl-qecc-data/supervisedLearning/sweep2/g5_mix_66-96-126_H3_s12345.pth	3	12345	8	mixed	[(6, 6), (9, 6), (12, 6)]	True	True	True	False	geometric5	48054	21	18	2026-08-01	mixed_66-96-126	0.011864279046925488	0.11151745725920255	0.0023260970593911	0.007484717052685309	0.09883156954782282	0.42140721310706464	0.02753768952904894	0.009533160740850578	12.013129375067027	4.67302309279921	0.20139739098076004	3.4214782273074276	0.2937606101330383	0.22421750865026496	0.0
/vol/bitbucket/osella/rl-qecc-data/supervisedLearning/sweep2/g5_mix_66-96-126_H3_s54321.pth	3	54321	8	mixed	[(6, 6), (9, 6), (12, 6)]	True	True	True	False	geometric5	48054	21	18	2026-08-01	mixed_66-96-126	0.011864279046925488	0.10145761028089534	0.002870494990129741	0.009390615667266754	0.08708511082052506	0.37875411134519177	0.029187718581363455	0.009533160740850578	11.055429228022977	4.67302309279921	0.18187461000934596	2.880240923209192	0.5568489000036771	0.4221205420329416	0.0
/vol/bitbucket/osella/rl-qecc-data/supervisedLearning/sweep2/g5_mix_66-96-126_H4_s3000.pth	4	3000	8	mixed	[(6, 6), (9, 6), (12, 6)]	True	True	True	False	geometric5	48054	21	18	2026-08-01	mixed_66-96-126	0.011864279046925488	0.10706548290240674	0.0144483906021782	0.025305792415244527	0.10671437037935902	0.3594992406548853	0.029359620460366654	0.009533160740850578	11.353668245355552	4.67302309279921	0.1775534008812746	2.847646103677973	0.48505703915431514	0.3702995297786984	0.0
/vol/bitbucket/osella/rl-qecc-data/supervisedLearning/sweep2/g5_mix_66-96-126_H4_s7134066.pth	4	7134066	8	mixed	[(6, 6), (9, 6), (12, 6)]	True	True	True	False	geometric5	48054	21	18	2026-08-01	mixed_66-96-126	0.011864279046925488	0.10608512026527575	0.0025046880870837336	0.009614331428974617	0.10509440493516649	0.38395865178862854	0.02925352508652527	0.009533160740850578	11.407818992788508	4.67302309279921	0.18660735913388057	2.7243798598296713	0.3265336681542613	0.23781028429073794	0.0
/vol/bitbucket/osella/rl-qecc-data/supervisedLearning/sweep2/g5_mix_66-96-126_H6_s466555.pth	6	466555	8	mixed	[(6, 6), (9, 6), (12, 6)]	True	True	True	False	geometric5	48054	21	18	2026-08-01	mixed_66-96-126	0.011864279046925488	0.11985569126098286	0.002371555127668354	0.009522691588129966	0.10691935341783249	0.4490094339654662	0.03145542220581723	0.009533160740850578	12.911486441135716	4.67302309279921	0.21972740090000414	2.7929500307776625	0.31606723418590144	0.26695636637588543	0.0
/vol/bitbucket/osella/rl-qecc-data/supervisedLearning/sweep2/g5_mix_66-96-126_H7_s12345.pth	7	12345	8	mixed	[(6, 6), (9, 6), (12, 6)]	True	True	True	False	geometric5	48054	21	18	2026-08-01	mixed_66-96-126	0.011864279046925488	0.09764248803445835	0.0011153831380825907	0.0032458349860764514	0.08004547180829119	0.3731143358278826	0.030691414411958943	0.009533160740850578	10.81386978348039	4.67302309279921	0.18144808003372415	2.823841898600181	0.526171997837355	0.3775075040473544	0.0
/vol/bitbucket/osella/rl-qecc-data/supervisedLearning/sweep2/g5_mix_66-96-126_H7_s54321.pth	7	54321	8	mixed	[(6, 6), (9, 6), (12, 6)]	True	True	True	False	geometric5	48054	21	18	2026-08-01	mixed_66-96-126	0.011864279046925488	0.11639124899404793	0.0033940550595247263	0.010585459628920537	0.10153885326673057	0.4350863550940807	0.0313515219209832	0.009533160740850578	12.849965734572807	4.67302309279921	0.21179000188094307	3.267970442474223	0.3854082665215592	0.30132766840780945	0.0
/vol/bitbucket/osella/rl-qecc-data/supervisedLearning/sweep2/g5_mix_66-96_H10_s3000.pth	10	3000	12	mixed	[(6, 6), (9, 6)]	True	True	False	False	geometric5	48054	21	18	2026-08-01	mixed_66-96	0.011864279046925488	0.10083864045501507	0.003047038833326281	0.008392486605668744	0.08700382668553616	0.3765618931545212	0.029187956996022994	0.009533160740850578	11.353719498397789	4.67302309279921	0.18013102546579932	3.9834747752898414	0.5448245977624827	0.4137482177925499	0.02
/vol/bitbucket/osella/rl-qecc-data/supervisedLearning/sweep2/g5_mix_66-96_H10_s7134066.pth	10	7134066	12	mixed	[(6, 6), (9, 6)]	True	True	False	False	geometric5	48054	21	18	2026-08-01	mixed_66-96	0.011864279046925488	0.11498445673080303	0.0031269240633395733	0.010995360886112509	0.10042530696479977	0.4328083261377744	0.027566365601988968	0.009533160740850578	12.593931163108445	4.67302309279921	0.20945088743925702	2.705968284962175	0.3533412297473102	0.29755980147443944	0.0
/vol/bitbucket/osella/rl-qecc-data/supervisedLearning/sweep2/g5_mix_66-96_H3_s466555.pth	3	466555	12	mixed	[(6, 6), (9, 6)]	True	True	False	False	geometric5	48054	21	18	2026-08-01	mixed_66-96	0.011864279046925488	0.11169971883669225	0.001331699133063979	0.0043268733590629375	0.08085206753239424	0.4346433851478569	0.037344569011083247	0.009533160740850578	12.318347802788674	4.67302309279921	0.21190826500636595	2.815112143810776	0.5540339085852909	0.40933331620921726	0.0
/vol/bitbucket/osella/rl-qecc-data/supervisedLearning/sweep2/g5_mix_66-96_H4_s12345.pth	4	12345	12	mixed	[(6, 6), (9, 6)]	True	True	False	False	geometric5	48054	21	18	2026-08-01	mixed_66-96	0.011864279046925488	0.14211847408270098	0.002276569316855075	0.008615386095279698	0.10558468636281776	0.5489374975721111	0.0451782310664413	0.009533160740850578	15.835564430206972	4.67302309279921	0.2743313620309577	3.1205086550765375	0.05170770151772305	0.06727076777992008	0.0
/vol/bitbucket/osella/rl-qecc-data/supervisedLearning/sweep2/g5_mix_66-96_H4_s54321.pth	4	54321	12	mixed	[(6, 6), (9, 6)]	True	True	False	False	geometric5	48054	21	18	2026-08-01	mixed_66-96	0.011864279046925488	0.11806531828564783	0.002797772172546693	0.007756915867934343	0.09049465876629816	0.45254941171109264	0.036727832910367283	0.009533160740850578	12.911710873700772	4.67302309279921	0.22359654947191177	2.8570832936595174	0.42417020001546496	0.3278970770745495	0.0
/vol/bitbucket/osella/rl-qecc-data/supervisedLearning/sweep2/g5_mix_66-96_H6_s3000.pth	6	3000	12	mixed	[(6, 6), (9, 6)]	True	True	False	False	geometric5	48054	21	18	2026-08-01	mixed_66-96	0.011864279046925488	0.11400764346555536	0.0027396266618602582	0.0073719906084336526	0.09072877508570917	0.4379435181862313	0.03125430678554246	0.009533160740850578	12.37052854183224	4.67302309279921	0.20909614165146848	2.995163582979519	0.39213678572557403	0.29620359388760054	0.0
/vol/bitbucket/osella/rl-qecc-data/supervisedLearning/sweep2/g5_mix_66-96_H6_s7134066.pth	6	7134066	12	mixed	[(6, 6), (9, 6)]	True	True	False	False	geometric5	48054	21	18	2026-08-01	mixed_66-96	0.011864279046925488	0.12312364998268217	0.0015397846123054277	0.003420185274161297	0.07757527935518592	0.4968477125978427	0.03623528807391565	0.009533160740850578	14.0236380270908	4.67302309279921	0.24245476980444838	2.896465607418194	0.5286864289888038	0.3993163229224704	0.0
/vol/bitbucket/osella/rl-qecc-data/supervisedLearning/sweep2/g5_mix_66-96_H7_s466555.pth	7	466555	12	mixed	[(6, 6), (9, 6)]	True	True	False	False	geometric5	48054	21	18	2026-08-01	mixed_66-96	0.011864279046925488	0.10239160560123463	0.0012092439633678838	0.0032298121440483053	0.07581904623745513	0.39643273471085777	0.035267190950443845	0.009533160740850578	11.353304625398604	4.67302309279921	0.19365046192318242	2.6118967030315994	0.7318134713571924	0.5613292872545325	0.0
/vol/bitbucket/osella/rl-qecc-data/supervisedLearning/sweep2/g5_mix_66_H10_s12345.pth	10	12345	24	mixed	[(6, 6)]	True	False	False	False	geometric5	48054	21	18	2026-08-01	mixed_66	0.011864279046925488	0.1365198500885777	0.0030764809519636146	0.015803422014987877	0.10944287342255328	0.5229451398004374	0.03133133425294631	0.009533160740850578	14.073537177377766	4.67302309279921	0.24649700063355948	2.8674269581116922	-0.12129775035828247	-0.07514241853223617	0.0
/vol/bitbucket/osella/rl-qecc-data/supervisedLearning/sweep2/g5_mix_66_H10_s54321.pth	10	54321	24	mixed	[(6, 6)]	True	False	False	False	geometric5	48054	21	18	2026-08-01	mixed_66	0.011864279046925488	0.13315042406010438	0.0013257262415523263	0.004870221921374936	0.08711248462146658	0.5439285840243466	0.028515103491781442	0.009533160740850578	14.711646145492072	4.67302309279921	0.25795904718418855	2.6954786701784275	0.21300239126794893	0.16299423688076703	0.0
/vol/bitbucket/osella/rl-qecc-data/supervisedLearning/sweep2/g5_mix_66_H3_s3000.pth	3	3000	24	mixed	[(6, 6)]	True	False	False	False	geometric5	48054	21	18	2026-08-01	mixed_66	0.011864279046925488	0.13884067166189512	0.0024509327552170754	0.00918037244483185	0.10204944237754576	0.5514922215782059	0.02903038915367506	0.009533160740850578	14.971211454660741	4.67302309279921	0.26014785863712275	2.760839841550083	-0.0876514467233317	-0.045555672265103916	0.0
/vol/bitbucket/osella/rl-qecc-data/supervisedLearning/sweep2/g5_mix_66_H3_s7134066.pth	3	7134066	24	mixed	[(6, 6)]	True	False	False	False	geometric5	48054	21	18	2026-08-01	mixed_66	0.011864279046925488	0.1309788169295383	0.002226391702900145	0.0074477869569330325	0.09443138512205279	0.5106846165085954	0.04010390435721031	0.009533160740850578	13.929751613745047	4.67302309279921	0.24723966785926582	2.9406583499694112	-0.18452856499048842	-0.11107467346191438	0.0
/vol/bitbucket/osella/rl-qecc-data/supervisedLearning/sweep2/g5_mix_66_H4_s466555.pth	4	466555	24	mixed	[(6, 6)]	True	False	False	False	geometric5	48054	21	18	2026-08-01	mixed_66	0.011864279046925488	0.12734883952446557	0.010440236199713225	0.029703776807813	0.09029802814014412	0.47818927666719685	0.02811287980746076	0.009533160740850578	13.016777249275579	4.67302309279921	0.21909612874518525	2.7637355125326986	0.4599174206858147	0.33800845854724604	0.0
/vol/bitbucket/osella/rl-qecc-data/supervisedLearning/sweep2/g5_mix_66_H6_s12345.pth	6	12345	24	mixed	[(6, 6)]	True	False	False	False	geometric5	48054	21	18	2026-08-01	mixed_66	0.011864279046925488	0.15101775164495562	0.004164804139817348	0.011086124922893896	0.10209958562918507	0.6037214242107374	0.03401681932214445	0.009533160740850578	17.049254036119464	4.67302309279921	0.29026201229009346	2.7915658527455656	-0.15749924666518117	-0.0874140367476236	0.0
/vol/bitbucket/osella/rl-qecc-data/supervisedLearning/sweep2/g5_mix_66_H6_s54321.pth	6	54321	24	mixed	[(6, 6)]	True	False	False	False	geometric5	48054	21	18	2026-08-01	mixed_66	0.011864279046925488	0.13070203909692432	0.00285390346368079	0.011000728502488741	0.10223205389745159	0.5076727096242429	0.029750799996757518	0.009533160740850578	13.5876582617005	4.67302309279921	0.2399455924771014	2.7386187247349913	0.3349576226545523	0.26221658946576337	0.0
/vol/bitbucket/osella/rl-qecc-data/supervisedLearning/sweep2/g5_mix_66_H7_s3000.pth	7	3000	24	mixed	[(6, 6)]	True	False	False	False	geometric5	48054	21	18	2026-08-01	mixed_66	0.011864279046925488	0.08763697141448595	0.0008375953938110499	0.0031817693254758165	0.07298680108007034	0.33195568580319235	0.029223005469880235	0.009533160740850578	9.504623665766617	4.67302309279921	0.15895217189076796	2.8217288736458173	0.7106645348098178	0.5342494094849172	0.02
/vol/bitbucket/osella/rl-qecc-data/supervisedLearning/sweep2/g5_mix_66_H7_s7134066.pth	7	7134066	24	mixed	[(6, 6)]	True	False	False	False	geometric5	48054	21	18	2026-08-01	mixed_66	0.011864279046925488	0.13065130133816963	0.005202838959062372	0.014230377939888718	0.10360647901877693	0.5039569913542027	0.026259819418917526	0.009533160740850578	14.09114756530455	4.67302309279921	0.23926825467446833	3.144812994700978	0.26470305761538454	0.2186330926695218	0.0
/vol/bitbucket/osella/rl-qecc-data/supervisedLearning/sweep2/g5_ground_anch_H10_s466555.pth	10	466555	2	groundAnchored	[(6, 6), (9, 6), (12, 6), (15, 3)]	True	True	True	True	geometric5	895050	6	6	2026-08-01	groundAnchored_66-96-126-153	0.023935993090281937	0.025387014353979293	0.0038345553757661447	0.010795234179773456	0.03301143430490713	0.06671061556676082	0.012583232342688983	0.017182101469570527	10.72453818523973	10.111702831361514	0.034276462937582186	1.1934154008046307	0.8362577514267407	0.6542788477562922	0.02
/vol/bitbucket/osella/rl-qecc-data/supervisedLearning/sweep2/g5_ground_anch_H3_s12345.pth	3	12345	2	groundAnchored	[(6, 6), (9, 6), (12, 6), (15, 3)]	True	True	True	True	geometric5	895050	6	6	2026-08-01	groundAnchored_66-96-126-153	0.023935993090281937	0.02434936676943349	0.003538968101888705	0.010262316877611163	0.0315369816514274	0.06345288404900284	0.012955683167237287	0.017182101469570527	10.677293604364218	10.111702831361514	0.032444549148467054	1.2779535750639277	0.8539978986337736	0.6722910853118779	0.0
/vol/bitbucket/osella/rl-qecc-data/supervisedLearning/sweep2/g5_ground_anch_H3_s54321.pth	3	54321	2	groundAnchored	[(6, 6), (9, 6), (12, 6), (15, 3)]	True	True	True	True	geometric5	895050	6	6	2026-08-01	groundAnchored_66-96-126-153	0.023935993090281937	0.02191355367230564	0.00312193931600539	0.009070041888958432	0.02884783608578621	0.05816054157371094	0.010367409497067194	0.017182101469570527	10.573319981290352	10.111702831361514	0.028574693847360163	0.944067924061765	0.8878678529032717	0.7140312604588434	0.06
/vol/bitbucket/osella/rl-qecc-data/supervisedLearning/sweep2/g5_ground_anch_H4_s3000.pth	4	3000	2	groundAnchored	[(6, 6), (9, 6), (12, 6), (15, 3)]	True	True	True	True	geometric5	895050	6	6	2026-08-01	groundAnchored_66-96-126-153	0.023935993090281937	0.025566661289931267	0.003726581881575158	0.010834559354208533	0.032234581650238014	0.06626739366609045	0.014770189897544288	0.017182101469570527	10.742629489204402	10.111702831361514	0.0346197526048034	1.6482482028725387	0.8310131164964566	0.6457676007640194	0.0
/vol/bitbucket/osella/rl-qecc-data/supervisedLearning/sweep2/g5_ground_anch_H4_s7134066.pth	4	7134066	2	groundAnchored	[(6, 6), (9, 6), (12, 6), (15, 3)]	True	True	True	True	geometric5	895050	6	6	2026-08-01	groundAnchored_66-96-126-153	0.023935993090281937	0.026242945924380114	0.0037937741703003894	0.011226066685189615	0.03442364808772822	0.06876807438172455	0.013003166296957738	0.017182101469570527	10.749803758835949	10.111702831361514	0.035450676991736874	1.2697967305595492	0.8260368523671271	0.6418595349655829	0.04
/vol/bitbucket/osella/rl-qecc-data/supervisedLearning/sweep2/g5_ground_anch_H6_s466555.pth	6	466555	2	groundAnchored	[(6, 6), (9, 6), (12, 6), (15, 3)]	True	True	True	True	geometric5	895050	6	6	2026-08-01	groundAnchored_66-96-126-153	0.023935993090281937	0.025719943589065455	0.003746893561078253	0.011075212703454814	0.03376738658718906	0.06683064206316669	0.013179583030438438	0.017182101469570527	10.736413689092837	10.111702831361514	0.03447798965574624	1.3463859166624053	0.8363515652562381	0.6527906603108857	0.04
/vol/bitbucket/osella/rl-qecc-data/supervisedLearning/sweep2/g5_ground_anch_H7_s12345.pth	7	12345	2	groundAnchored	[(6, 6), (9, 6), (12, 6), (15, 3)]	True	True	True	True	geometric5	895050	6	6	2026-08-01	groundAnchored_66-96-126-153	0.023935993090281937	0.027113863447224364	0.004144845499259636	0.012073934734454273	0.035927328245934816	0.07034445874815282	0.013078750008320235	0.017182101469570527	10.785691687120664	10.111702831361514	0.036464229651986806	1.3126549263171234	0.8222280548892393	0.6375965892992159	0.06
/vol/bitbucket/osella/rl-qecc-data/supervisedLearning/sweep2/g5_ground_anch_H7_s54321.pth	7	54321	2	groundAnchored	[(6, 6), (9, 6), (12, 6), (15, 3)]	True	True	True	True	geometric5	895050	6	6	2026-08-01	groundAnchored_66-96-126-153	0.023935993090281937	0.021545843413943198	0.0029534101505012096	0.008707738613324844	0.028651090265298152	0.057459230996064904	0.009957747044526915	0.017182101469570527	10.56212050442779	10.111702831361514	0.028035720926051232	0.8368669172364449	0.8932824786748218	0.7212197655336511	0.04
/vol/bitbucket/osella/rl-qecc-data/supervisedLearning/sweep2/g5_ground_pure_H10_s3000.pth	10	3000	2	groundPure	[(6, 6), (9, 6), (12, 6), (15, 3)]	True	True	True	True	geometric5	895050	6	6	2026-08-01	groundPure_66-96-126-153	0.023935993090281937	0.027032419679761423	0.003960233751846968	0.011902776587181581	0.03585532817644256	0.07080753494989743	0.012636224933438524	0.017182101469570527	10.787662762067153	10.111702831361514	0.036654902880842596	1.2348259527938579	0.816308038161858	0.6304927645336597	0.02
/vol/bitbucket/osella/rl-qecc-data/supervisedLearning/sweep2/g5_ground_pure_H10_s7134066.pth	10	7134066	2	groundPure	[(6, 6), (9, 6), (12, 6), (15, 3)]	True	True	True	True	geometric5	895050	6	6	2026-08-01	groundPure_66-96-126-153	0.023935993090281937	0.026410467416523562	0.003775512800012897	0.0112743074891735	0.035107901201153695	0.06930701140585739	0.012587604186420293	0.017182101469570527	10.792799586877665	10.111702831361514	0.03580165049933983	1.19885205202466	0.8234713687957511	0.6382980482369193	0.02
/vol/bitbucket/osella/rl-qecc-data/supervisedLearning/sweep2/g5_ground_pure_H3_s466555.pth	3	466555	2	groundPure	[(6, 6), (9, 6), (12, 6), (15, 3)]	True	True	True	True	geometric5	895050	6	6	2026-08-01	groundPure_66-96-126-153	0.023935993090281937	0.025110500327168512	0.0035468190272663984	0.01056751067020236	0.03287261219812282	0.0657415741724148	0.012823985567836083	0.017182101469570527	10.746994550106745	10.111702831361514	0.033814258788007694	1.2984339688179993	0.8418901814126115	0.6578609491014179	0.02
/vol/bitbucket/osella/rl-qecc-data/supervisedLearning/sweep2/g5_ground_pure_H4_s12345.pth	4	12345	2	groundPure	[(6, 6), (9, 6), (12, 6), (15, 3)]	True	True	True	True	geometric5	895050	6	6	2026-08-01	groundPure_66-96-126-153	0.023935993090281937	0.025307858626466593	0.003611079151167529	0.0106093240984214	0.03306776540179231	0.06669587226156204	0.012555252219389891	0.017182101469570527	10.761999699370843	10.111702831361514	0.03419671341819373	1.2788542334621602	0.8393720514355382	0.6552294185570418	0.08
/vol/bitbucket/osella/rl-qecc-data/supervisedLearning/sweep2/g5_ground_pure_H4_s54321.pth	4	54321	2	groundPure	[(6, 6), (9, 6), (12, 6), (15, 3)]	True	True	True	True	geometric5	895050	6	6	2026-08-01	groundPure_66-96-126-153	0.023935993090281937	0.02741371028644217	0.00388072417802428	0.011317023419893525	0.03485114320300137	0.07388839993229988	0.013131260698991763	0.017182101469570527	10.853435161517126	10.111702831361514	0.03792947871848192	1.2383809593089978	0.8291007975911417	0.6428726661318712	0.1
/vol/bitbucket/osella/rl-qecc-data/supervisedLearning/sweep2/g5_ground_pure_H6_s3000.pth	6	3000	2	groundPure	[(6, 6), (9, 6), (12, 6), (15, 3)]	True	True	True	True	geometric5	895050	6	6	2026-08-01	groundPure_66-96-126-153	0.023935993090281937	0.02790638196543051	0.004176824527836179	0.01255935927906013	0.037495881894888186	0.07119376640860442	0.014106077716763612	0.017182101469570527	10.931260898498087	10.111702831361514	0.037837118646199625	1.3884160858401706	0.8114008307613058	0.6248893540188776	0.08
/vol/bitbucket/osella/rl-qecc-data/supervisedLearning/sweep2/g5_ground_pure_H6_s7134066.pth	6	7134066	2	groundPure	[(6, 6), (9, 6), (12, 6), (15, 3)]	True	True	True	True	geometric5	895050	6	6	2026-08-01	groundPure_66-96-126-153	0.023935993090281937	0.02706026084035698	0.003658571897145485	0.01071487687558077	0.03445852930898393	0.07389236157164804	0.012576964548426744	0.017182101469570527	10.817835075570132	10.111702831361514	0.037793398222303515	1.219051759635914	0.8267666650430254	0.6411689713732451	0.06
/vol/bitbucket/osella/rl-qecc-data/supervisedLearning/sweep2/g5_ground_pure_H7_s466555.pth	7	466555	2	groundPure	[(6, 6), (9, 6), (12, 6), (15, 3)]	True	True	True	True	geometric5	895050	6	6	2026-08-01	groundPure_66-96-126-153	0.023935993090281937	0.022707907281636113	0.0032796037452573067	0.009596626934329904	0.030308588792279222	0.06019142323056989	0.010163293705744111	0.017182101469570527	10.606455642529482	10.111702831361514	0.02968865363069034	0.7973057742662506	0.8793989473119115	0.7023669011330658	0.12
/vol/bitbucket/osella/rl-qecc-data/supervisedLearning/sweep2/g5_mix_66-96-126-153_H10_s12345.pth	10	12345	6	mixed	[(6, 6), (9, 6), (12, 6), (15, 3)]	True	True	True	True	geometric5	895050	6	6	2026-08-01	mixed_66-96-126-153	0.023935993090281937	0.026084937198631666	0.003921256200637819	0.011114029991696696	0.03276901304476666	0.06785681058276662	0.014763576173290558	0.017182101469570527	10.785737288394383	10.111702831361514	0.03557761075178312	1.6489465627741677	0.8246822855084294	0.6392609296093185	0.04
/vol/bitbucket/osella/rl-qecc-data/supervisedLearning/sweep2/g5_mix_66-96-126-153_H10_s54321.pth	10	54321	6	mixed	[(6, 6), (9, 6), (12, 6), (15, 3)]	True	True	True	True	geometric5	895050	6	6	2026-08-01	mixed_66-96-126-153	0.023935993090281937	0.026630152513888578	0.0037303891501721826	0.010965758434451824	0.03359082869367729	0.06958134809514223	0.015282438195999304	0.017182101469570527	10.809751813426471	10.111702831361514	0.03655784642178855	1.7209609198901887	0.8207766271341457	0.6347066962741512	0.04
/vol/bitbucket/osella/rl-qecc-data/supervisedLearning/sweep2/g5_mix_66-96-126-153_H3_s3000.pth	3	3000	6	mixed	[(6, 6), (9, 6), (12, 6), (15, 3)]	True	True	True	True	geometric5	895050	6	6	2026-08-01	mixed_66-96-126-153	0.023935993090281937	0.027151686112161014	0.004023327566048962	0.011677159785720988	0.034106553926352	0.06930689478282041	0.01664449449986262	0.017182101469570527	10.85243449964103	10.111702831361514	0.036756892362360856	1.7176001433569401	0.8101379853016015	0.6240877382618316	0.04
/vol/bitbucket/osella/rl-qecc-data/supervisedLearning/sweep2/g5_mix_66-96-126-153_H3_s7134066.pth	3	7134066	6	mixed	[(6, 6), (9, 6), (12, 6), (15, 3)]	True	True	True	True	geometric5	895050	6	6	2026-08-01	mixed_66-96-126-153	0.023935993090281937	0.0280735863587296	0.004339839992030341	0.012752273352823237	0.0359653808918781	0.07197188117254144	0.015338556384374868	0.017182101469570527	10.854665215071016	10.111702831361514	0.03804385871586012	1.686263837107506	0.8005208877812336	0.6136393174738187	0.04
/vol/bitbucket/osella/rl-qecc-data/supervisedLearning/sweep2/g5_mix_66-96-126-153_H4_s466555.pth	4	466555	6	mixed	[(6, 6), (9, 6), (12, 6), (15, 3)]	True	True	True	True	geometric5	895050	6	6	2026-08-01	mixed_66-96-126-153	0.023935993090281937	0.027238288310377945	0.004324630497151073	0.012426746663836965	0.03513032263134093	0.06913069786222881	0.015179043897331945	0.017182101469570527	10.816693041294112	10.111702831361514	0.036469597976267136	1.7586076623419464	0.8211159938339947	0.6363130514398746	0.06
/vol/bitbucket/osella/rl-qecc-data/supervisedLearning/sweep2/g5_mix_66-96-126-153_H6_s12345.pth	6	12345	6	mixed	[(6, 6), (9, 6), (12, 6), (15, 3)]	True	True	True	True	geometric5	895050	6	6	2026-08-01	mixed_66-96-126-153	0.023935993090281937	0.02985434986061843	0.0051274720169492095	0.014491607841889962	0.039628204539371416	0.07461403408988107	0.015410430815000478	0.017182101469570527	10.916288722205394	10.111702831361514	0.03962862393243962	1.6130943630225272	0.7855919912099356	0.5989657505442118	0.04
/vol/bitbucket/osella/rl-qecc-data/supervisedLearning/sweep2/g5_mix_66-96-126-153_H6_s54321.pth	6	54321	6	mixed	[(6, 6), (9, 6), (12, 6), (15, 3)]	True	True	True	True	geometric5	895050	6	6	2026-08-01	mixed_66-96-126-153	0.023935993090281937	0.027153149384470075	0.0038528024431289413	0.011309046963595602	0.0348814938253234	0.07084113633864234	0.014881267351660149	0.017182101469570527	10.867089045479629	10.111702831361514	0.03719560330093982	1.6217458060079297	0.8231342454919729	0.6372283948538119	0.0
/vol/bitbucket/osella/rl-qecc-data/supervisedLearning/sweep2/g5_mix_66-96-126-153_H7_s3000.pth	7	3000	6	mixed	[(6, 6), (9, 6), (12, 6), (15, 3)]	True	True	True	True	geometric5	895050	6	6	2026-08-01	mixed_66-96-126-153	0.023935993090281937	0.028450178989992508	0.004122862912051512	0.012246469487104696	0.03647850748260831	0.07435534909276745	0.015047705975430625	0.017182101469570527	10.895357368003411	10.111702831361514	0.03919418708558083	1.7750664285433158	0.7878343012059489	0.6006454351288937	0.04
/vol/bitbucket/osella/rl-qecc-data/supervisedLearning/sweep2/g5_mix_66-96-126-153_H7_s7134066.pth	7	7134066	6	mixed	[(6, 6), (9, 6), (12, 6), (15, 3)]	True	True	True	True	geometric5	895050	6	6	2026-08-01	mixed_66-96-126-153	0.023935993090281937	0.02784159855074297	0.004327287849476568	0.012905676171956117	0.035844493747489166	0.07098139728727965	0.01514913769751348	0.017182101469570527	10.846974453839506	10.111702831361514	0.03745146801398919	1.7669292105574108	0.8057697199391602	0.619278188613057	0.04
/vol/bitbucket/osella/rl-qecc-data/supervisedLearning/sweep2/g5_mix_66-96-126_H10_s466555.pth	10	466555	8	mixed	[(6, 6), (9, 6), (12, 6)]	True	True	True	False	geometric5	895050	6	6	2026-08-01	mixed_66-96-126	0.023935993090281937	0.028084634454380794	0.004303340832980037	0.012705431458681471	0.03700909843673823	0.07227720502578884	0.014128096517715408	0.017182101469570527	10.845288604287385	10.111702831361514	0.03775917147974524	1.490910080151414	0.8043804750775155	0.6179774737875384	0.02
/vol/bitbucket/osella/rl-qecc-data/supervisedLearning/sweep2/g5_mix_66-96-126_H3_s12345.pth	3	12345	8	mixed	[(6, 6), (9, 6), (12, 6)]	True	True	True	False	geometric5	895050	6	6	2026-08-01	mixed_66-96-126	0.023935993090281937	0.026273216339593355	0.0039962560295433	0.011461842666624061	0.03340914983132876	0.06750586267406891	0.014992970496401862	0.017182101469570527	10.777107948390992	10.111702831361514	0.03544744350894345	1.5739991111277496	0.827466747356294	0.6422658358018591	0.06
/vol/bitbucket/osella/rl-qecc-data/supervisedLearning/sweep2/g5_mix_66-96-126_H3_s54321.pth	3	54321	8	mixed	[(6, 6), (9, 6), (12, 6)]	True	True	True	False	geometric5	895050	6	6	2026-08-01	mixed_66-96-126	0.023935993090281937	0.027110354259718528	0.004090496270484287	0.011887517777779136	0.03458312630235646	0.06902904182247041	0.01596158912550219	0.017182101469570527	10.819462006157963	10.111702831361514	0.03652325095937046	1.832192035905809	0.8137014551353887	0.6275888862028893	0.02
/vol/bitbucket/osella/rl-qecc-data/supervisedLearning/sweep2/g5_mix_66-96-126_H4_s3000.pth	4	3000	8	mixed	[(6, 6), (9, 6), (12, 6)]	True	True	True	False	geometric5	895050	6	6	2026-08-01	mixed_66-96-126	0.023935993090281937	0.026282218643438618	0.004059689657077865	0.011486538764476611	0.033246016472638126	0.06787427914601694	0.014744569176983519	0.017182101469570527	10.774662442284274	10.111702831361514	0.03563054276275336	1.7266825505368744	0.8278773242568133	0.6430579958231847	0.02
/vol/bitbucket/osella/rl-qecc-data/supervisedLearning/sweep2/g5_mix_66-96-126_H4_s7134066.pth	4	7134066	8	mixed	[(6, 6), (9, 6), (12, 6)]	True	True	True	False	geometric5	895050	6	6	2026-08-01	mixed_66-96-126	0.023935993090281937	0.027056129787604785	0.004114187614444985	0.011914425497790255	0.035028871580705175	0.06873040409752663	0.015492760147556957	0.017182101469570527	10.819029769628427	10.111702831361514	0.03642082138748757	1.6752777532168417	0.8153814217163602	0.6298740520157703	0.06
/vol/bitbucket/osella/rl-qecc-data/supervisedLearning/sweep2/g5_mix_66-96-126_H6_s466555.pth	6	466555	8	mixed	[(6, 6), (9, 6), (12, 6)]	True	True	True	False	geometric5	895050	6	6	2026-08-01	mixed_66-96-126	0.023935993090281937	0.02743007283532061	0.004364286967739487	0.012675739867808332	0.035929718818093426	0.06946752161905642	0.014713096903905348	0.017182101469570527	10.820213013000187	10.111702831361514	0.03656608595598222	1.5892819058316412	0.8156711347555359	0.6310880439408617	0.02
/vol/bitbucket/osella/rl-qecc-data/supervisedLearning/sweep2/g5_mix_66-96-126_H7_s12345.pth	7	12345	8	mixed	[(6, 6), (9, 6), (12, 6)]	True	True	True	False	geometric5	895050	6	6	2026-08-01	mixed_66-96-126	0.023935993090281937	0.027326028360993054	0.004130708268455355	0.012273850243931237	0.03552619199008824	0.06994462129671009	0.014754770005780356	0.017182101469570527	10.812462022016726	10.111702831361514	0.03700367985627834	1.784292966091635	0.8183617354581936	0.6324364468233975	0.04
/vol/bitbucket/osella/rl-qecc-data/supervisedLearning/sweep2/g5_mix_66-96-126_H7_s54321.pth	7	54321	8	mixed	[(6, 6), (9, 6), (12, 6)]	True	True	True	False	geometric5	895050	6	6	2026-08-01	mixed_66-96-126	0.023935993090281937	0.028113327327831922	0.004219921106787633	0.012390621506243855	0.03684305890179215	0.07275126365328832	0.014361771471047568	0.017182101469570527	10.869322352398864	10.111702831361514	0.0381735241984801	1.6424351208133143	0.7992232359726442	0.6128118249179653	0.04
/vol/bitbucket/osella/rl-qecc-data/supervisedLearning/sweep2/g5_mix_66-96_H10_s3000.pth	10	3000	12	mixed	[(6, 6), (9, 6)]	True	True	False	False	geometric5	895050	6	6	2026-08-01	mixed_66-96	0.023935993090281937	0.025987262437565755	0.004144375204550188	0.011921435644257542	0.03475135974640865	0.06586376658638884	0.013255375006223466	0.017182101469570527	10.768271559193101	10.111702831361514	0.03420318493772456	1.3230651729743939	0.838719781590325	0.6562606804769138	0.02
/vol/bitbucket/osella/rl-qecc-data/supervisedLearning/sweep2/g5_mix_66-96_H10_s7134066.pth	10	7134066	12	mixed	[(6, 6), (9, 6)]	True	True	False	False	geometric5	895050	6	6	2026-08-01	mixed_66-96	0.023935993090281937	0.02709600431440034	0.004047033535928476	0.012014875533177238	0.0359200352038799	0.07069342489319386	0.012804652405822268	0.017182101469570527	10.80501881784247	10.111702831361514	0.036566745102112656	1.3520354913330686	0.8170109898879563	0.6316122930010724	0.0
/vol/bitbucket/osella/rl-qecc-data/supervisedLearning/sweep2/g5_mix_66-96_H3_s466555.pth	3	466555	12	mixed	[(6, 6), (9, 6)]	True	True	False	False	geometric5	895050	6	6	2026-08-01	mixed_66-96	0.023935993090281937	0.025186098209534453	0.0036894639647089486	0.011038296393970894	0.03318811693579386	0.06480938595860525	0.013205227794593238	0.017182101469570527	10.718686786717818	10.111702831361514	0.03341794595759933	1.4528722651922052	0.8445723552805106	0.6612387728559667	0.02
/vol/bitbucket/osella/rl-qecc-data/supervisedLearning/sweep2/g5_mix_66-96_H4_s12345.pth	4	12345	12	mixed	[(6, 6), (9, 6)]	True	True	False	False	geometric5	895050	6	6	2026-08-01	mixed_66-96	0.023935993090281937	0.02669930530419032	0.003945698904096158	0.011738734954953693	0.035537464356657604	0.06949528833480567	0.01277933997043842	0.017182101469570527	10.790997437729283	10.111702831361514	0.035975557627507586	1.3834330042576193	0.8225137868598763	0.6377892785032125	0.06
/vol/bitbucket/osella/rl-qecc-data/supervisedLearning/sweep2/g5_mix_66-96_H4_s54321.pth	4	54321	12	mixed	[(6, 6), (9, 6)]	True	True	False	False	geometric5	895050	6	6	2026-08-01	mixed_66-96	0.023935993090281937	0.026658490633396113	0.004126318804967769	0.012041372214665062	0.03564719260530517	0.06876156559522452	0.012716003946817961	0.017182101469570527	10.78469316521466	10.111702831361514	0.03562662191181723	1.2736127555157897	0.8274246573343561	0.6433690963140772	0.0
/vol/bitbucket/osella/rl-qecc-data/supervisedLearning/sweep2/g5_mix_66-96_H6_s3000.pth	6	3000	12	mixed	[(6, 6), (9, 6)]	True	True	False	False	geometric5	895050	6	6	2026-08-01	mixed_66-96	0.023935993090281937	0.025266799371893585	0.00379255837014277	0.011089488717832835	0.03314204412821968	0.06499080858294429	0.013319097060328348	0.017182101469570527	10.728081750681923	10.111702831361514	0.03347540382608974	1.306747938715861	0.8466233654057954	0.6639596907903088	0.04
/vol/bitbucket/osella/rl-qecc-data/supervisedLearning/sweep2/g5_mix_66-96_H6_s7134066.pth	6	7134066	12	mixed	[(6, 6), (9, 6)]	True	True	False	False	geometric5	895050	6	6	2026-08-01	mixed_66-96	0.023935993090281937	0.024615079526132545	0.0037546786512818336	0.010632595731537466	0.03201407028583299	0.06363871854925333	0.0130353344127572	0.017182101469570527	10.707953208880896	10.111702831361514	0.03270715984082265	1.2904090399296215	0.8512812848815271	0.669205967436098	0.04
/vol/bitbucket/osella/rl-qecc-data/supervisedLearning/sweep2/g5_mix_66-96_H7_s466555.pth	7	466555	12	mixed	[(6, 6), (9, 6)]	True	True	False	False	geometric5	895050	6	6	2026-08-01	mixed_66-96	0.023935993090281937	0.025782113297585244	0.00385557337339597	0.011415025890628335	0.033765072836787806	0.06655148595435485	0.013323408432759141	0.017182101469570527	10.750360522100909	10.111702831361514	0.03449582778409949	1.4792110177541098	0.8417109859728605	0.6582783829662664	0.08
/vol/bitbucket/osella/rl-qecc-data/supervisedLearning/sweep2/g5_mix_66_H10_s12345.pth	10	12345	24	mixed	[(6, 6)]	True	False	False	False	geometric5	895050	6	6	2026-08-01	mixed_66	0.023935993090281937	0.024457923617013922	0.0035293759539008684	0.010455247738672707	0.03132916504544459	0.06371642779742544	0.013259401549625845	0.017182101469570527	10.670080614350029	10.111702831361514	0.032624030358430325	1.3617700228561376	0.8525083667172918	0.6707677450382709	0.06
/vol/bitbucket/osella/rl-qecc-data/supervisedLearning/sweep2/g5_mix_66_H10_s54321.pth	10	54321	24	mixed	[(6, 6)]	True	False	False	False	geometric5	895050	6	6	2026-08-01	mixed_66	0.023935993090281937	0.02597655030763192	0.003938444505835535	0.011344787589291647	0.03388867095352251	0.06740773594222606	0.013303112547283861	0.017182101469570527	10.73911154945891	10.111702831361514	0.03461725686364214	1.2997251644638501	0.8350749641817682	0.6511526959514243	0.02
/vol/bitbucket/osella/rl-qecc-data/supervisedLearning/sweep2/g5_mix_66_H3_s3000.pth	3	3000	24	mixed	[(6, 6)]	True	False	False	False	geometric5	895050	6	6	2026-08-01	mixed_66	0.023935993090281937	0.02419619039856209	0.0035816186540086428	0.010109994083203393	0.03129348731352181	0.0631601916735994	0.012835660268477149	0.017182101469570527	10.672897166083017	10.111702831361514	0.03222069843799037	1.1829504548800764	0.8555871494381295	0.6740956129160848	0.04
/vol/bitbucket/osella/rl-qecc-data/supervisedLearning/sweep2/g5_mix_66_H3_s7134066.pth	3	7134066	24	mixed	[(6, 6)]	True	False	False	False	geometric5	895050	6	6	2026-08-01	mixed_66	0.023935993090281937	0.023967072797386718	0.003559527324196054	0.010161240880747581	0.03145690343344545	0.0626841960688211	0.011973496279723404	0.017182101469570527	10.66406650915153	10.111702831361514	0.03180456153636494	1.1805788124483343	0.8583838585555843	0.6776265343254264	0.04
/vol/bitbucket/osella/rl-qecc-data/supervisedLearning/sweep2/g5_mix_66_H4_s466555.pth	4	466555	24	mixed	[(6, 6)]	True	False	False	False	geometric5	895050	6	6	2026-08-01	mixed_66	0.023935993090281937	0.02557582069353497	0.003898911344784008	0.011404272323865655	0.03428445873152817	0.06568168999196944	0.012609771075527524	0.017182101469570527	10.751455528691642	10.111702831361514	0.03388415667371364	1.2139605246989476	0.8425526906677887	0.6606257226624672	0.08
/vol/bitbucket/osella/rl-qecc-data/supervisedLearning/sweep2/g5_mix_66_H6_s12345.pth	6	12345	24	mixed	[(6, 6)]	True	False	False	False	geometric5	895050	6	6	2026-08-01	mixed_66	0.023935993090281937	0.0241595775023356	0.0033582001596330806	0.009909593923895616	0.030987876886542486	0.06346261763795091	0.013079598903655822	0.017182101469570527	10.676920694690258	10.111702831361514	0.03243592055175637	1.3462571435203485	0.8522751936020759	0.6703281576489245	0.04
/vol/bitbucket/osella/rl-qecc-data/supervisedLearning/sweep2/g5_mix_66_H6_s54321.pth	6	54321	24	mixed	[(6, 6)]	True	False	False	False	geometric5	895050	6	6	2026-08-01	mixed_66	0.023935993090281937	0.023963459209040788	0.003514265324206197	0.009970247623187422	0.030558487471381065	0.06274963353191917	0.013024662094509911	0.017182101469570527	10.658815429599446	10.111702831361514	0.03203662777394429	1.3356961841486292	0.8566845205907125	0.6762274374322627	0.06
/vol/bitbucket/osella/rl-qecc-data/supervisedLearning/sweep2/g5_mix_66_H7_s3000.pth	7	3000	24	mixed	[(6, 6)]	True	False	False	False	geometric5	895050	6	6	2026-08-01	mixed_66	0.023935993090281937	0.023666042771622323	0.003295779339275364	0.009427025763262235	0.03024505851164007	0.062437383905093055	0.012924966338840877	0.017182101469570527	10.65422979644575	10.111702831361514	0.03180660312973938	1.2575450309982021	0.8584936960088183	0.6776925191440439	0.04
/vol/bitbucket/osella/rl-qecc-data/supervisedLearning/sweep2/g5_mix_66_H7_s7134066.pth	7	7134066	24	mixed	[(6, 6)]	True	False	False	False	geometric5	895050	6	6	2026-08-01	mixed_66	0.023935993090281937	0.023932632168080673	0.0034124745032887505	0.00985444075059526	0.030486941191079902	0.06284856886442017	0.013060735531019238	0.017182101469570527	10.654751602166238	10.111702831361514	0.03205968008652834	1.317237098886543	0.8567315159019577	0.6754815304157511	0.02
/vol/bitbucket/osella/rl-qecc-data/supervisedLearning/sweep2/g5_ground_anch_H10_s466555.pth	10	466555	2	groundAnchored	[(6, 6), (9, 6), (12, 6), (15, 3)]	True	True	True	True	geometric5	2745740	9	6	2026-08-01	groundAnchored_66-96-126-153	0.023244236778233764	0.04368053154409511	0.004651098308204174	0.01693163298452351	0.055551377761388104	0.11547917303890078	0.02578937562745866	0.01659652682560746	10.215773739564888	8.67519330798223	0.059590153788824755	1.5874728216910081	0.6373040223749572	0.4610154859304353	0.0
/vol/bitbucket/osella/rl-qecc-data/supervisedLearning/sweep2/g5_ground_anch_H3_s12345.pth	3	12345	2	groundAnchored	[(6, 6), (9, 6), (12, 6), (15, 3)]	True	True	True	True	geometric5	2745740	9	6	2026-08-01	groundAnchored_66-96-126-153	0.023244236778233764	0.04692528673337535	0.003357311868480387	0.009461893218486311	0.036706737636858174	0.15916771530315782	0.025932775639894354	0.01659652682560746	10.134672768770523	8.67519330798223	0.07656650358389169	1.5625216134647162	0.6530301871257226	0.46992508230755153	0.02
/vol/bitbucket/osella/rl-qecc-data/supervisedLearning/sweep2/g5_ground_anch_H3_s54321.pth	3	54321	2	groundAnchored	[(6, 6), (9, 6), (12, 6), (15, 3)]	True	True	True	True	geometric5	2745740	9	6	2026-08-01	groundAnchored_66-96-126-153	0.023244236778233764	0.05063060991530619	0.0016332426225522969	0.006294193940381097	0.03639460720094535	0.18261199853572074	0.02621900727693149	0.01659652682560746	10.283196759347023	8.67519330798223	0.088378696918084	1.607978609842574	0.7231203114617258	0.5334450373547089	0.04
/vol/bitbucket/osella/rl-qecc-data/supervisedLearning/sweep2/g5_ground_anch_H4_s3000.pth	4	3000	2	groundAnchored	[(6, 6), (9, 6), (12, 6), (15, 3)]	True	True	True	True	geometric5	2745740	9	6	2026-08-01	groundAnchored_66-96-126-153	0.023244236778233764	0.04428110428962977	0.002181977641339643	0.007502061096168319	0.034303868242915585	0.15189438393270682	0.025523230535018482	0.01659652682560746	10.040220077476688	8.67519330798223	0.07156949514512112	1.6018691157592553	0.7268923259703284	0.5375668909800274	0.02
/vol/bitbucket/osella/rl-qecc-data/supervisedLearning/sweep2/g5_ground_anch_H4_s7134066.pth	4	7134066	2	groundAnchored	[(6, 6), (9, 6), (12, 6), (15, 3)]	True	True	True	True	geometric5	2745740	9	6	2026-08-01	groundAnchored_66-96-126-153	0.023244236778233764	0.04571761301473855	0.0017353652981112067	0.006737321318470573	0.03731731934834579	0.15756078316431366	0.02523727594445116	0.01659652682560746	10.134381301158806	8.67519330798223	0.07582241933402706	1.610932340309144	0.6419918776779618	0.4604192319221822	0.02
/vol/bitbucket/osella/rl-qecc-data/supervisedLearning/sweep2/g5_ground_anch_H6_s466555.pth	6	466555	2	groundAnchored	[(6, 6), (9, 6), (12, 6), (15, 3)]	True	True	True	True	geometric5	2745740	9	6	2026-08-01	groundAnchored_66-96-126-153	0.023244236778233764	0.03888116870109754	0.0033774118788424184	0.010669375962348692	0.04076491815620323	0.11374974821561865	0.02584438929247475	0.01659652682560746	9.89563545420567	8.67519330798223	0.05723942967801453	1.6032396268033853	0.6640725330943062	0.48220608870259335	0.02
/vol/bitbucket/osella/rl-qecc-data/supervisedLearning/sweep2/g5_ground_anch_H7_s12345.pth	7	12345	2	groundAnchored	[(6, 6), (9, 6), (12, 6), (15, 3)]	True	True	True	True	geometric5	2745740	9	6	2026-08-01	groundAnchored_66-96-126-153	0.023244236778233764	0.04119755247603993	0.004744722680092197	0.014444657822799304	0.04396547665233873	0.11782428733912949	0.025008617885839777	0.01659652682560746	9.891948688368092	8.67519330798223	0.05736548234268048	1.5861168160387358	0.6787376734499952	0.5008071539850559	0.0
/vol/bitbucket/osella/rl-qecc-data/supervisedLearning/sweep2/g5_ground_anch_H7_s54321.pth	7	54321	2	groundAnchored	[(6, 6), (9, 6), (12, 6), (15, 3)]	True	True	True	True	geometric5	2745740	9	6	2026-08-01	groundAnchored_66-96-126-153	0.023244236778233764	0.0399809003478318	0.0015650122052951493	0.0061264940716551485	0.0380406503277575	0.1288395241014889	0.025332821032962492	0.01659652682560746	10.056539482419023	8.67519330798223	0.06364974399921161	1.5713259830229604	0.6171646957358141	0.442807307573901	0.0
/vol/bitbucket/osella/rl-qecc-data/supervisedLearning/sweep2/g5_ground_pure_H10_s3000.pth	10	3000	2	groundPure	[(6, 6), (9, 6), (12, 6), (15, 3)]	True	True	True	True	geometric5	2745740	9	6	2026-08-01	groundPure_66-96-126-153	0.023244236778233764	0.04568910789271216	0.0031583053323759862	0.011903244352454897	0.046319660885986255	0.14270975910463263	0.024354569788110677	0.01659652682560746	10.106079103140349	8.67519330798223	0.06849774770512825	1.6096373808019073	0.6717559035082343	0.48698280334655797	0.0
/vol/bitbucket/osella/rl-qecc-data/supervisedLearning/sweep2/g5_ground_pure_H10_s7134066.pth	10	7134066	2	groundPure	[(6, 6), (9, 6), (12, 6), (15, 3)]	True	True	True	True	geometric5	2745740	9	6	2026-08-01	groundPure_66-96-126-153	0.023244236778233764	0.03858143661084867	0.002361083641801088	0.009625383641604462	0.046852561581623396	0.10887935200138485	0.025188802187829987	0.01659652682560746	9.838150875554332	8.67519330798223	0.05422828827589366	1.6054424316572558	0.5996082438216281	0.4264142826556233	0.0
/vol/bitbucket/osella/rl-qecc-data/supervisedLearning/sweep2/g5_ground_pure_H3_s466555.pth	3	466555	2	groundPure	[(6, 6), (9, 6), (12, 6), (15, 3)]	True	True	True	True	geometric5	2745740	9	6	2026-08-01	groundPure_66-96-126-153	0.023244236778233764	0.04262790386446957	0.001594191629877746	0.0065312122435662355	0.03373594033328785	0.1465210931519461	0.024757081963669995	0.01659652682560746	9.927813935958513	8.67519330798223	0.06896531345255702	1.6431190413965617	0.7367351618230414	0.5450788049641141	0.04
/vol/bitbucket/osella/rl-qecc-data/supervisedLearning/sweep2/g5_ground_pure_H4_s12345.pth	4	12345	2	groundPure	[(6, 6), (9, 6), (12, 6), (15, 3)]	True	True	True	True	geometric5	2745740	9	6	2026-08-01	groundPure_66-96-126-153	0.023244236778233764	0.058817016179538266	0.0015583711741836265	0.005882502471880876	0.03948247189469548	0.22227565930957713	0.02488607604735421	0.01659652682560746	10.742341809005282	8.67519330798223	0.10534925748379628	1.5949437363549925	0.7100847000605995	0.5203702262580053	0.06
/vol/bitbucket/osella/rl-qecc-data/supervisedLearning/sweep2/g5_ground_pure_H4_s54321.pth	4	54321	2	groundPure	[(6, 6), (9, 6), (12, 6), (15, 3)]	True	True	True	True	geometric5	2745740	9	6	2026-08-01	groundPure_66-96-126-153	0.023244236778233764	0.04745420752747342	0.002398212712913085	0.00834978107119668	0.034150585358523236	0.1670511689317088	0.025321289563025432	0.01659652682560746	10.259176159565978	8.67519330798223	0.0738367199439411	1.5985529931718996	0.7334351636708131	0.5417041749985998	0.02
/vol/bitbucket/osella/rl-qecc-data/supervisedLearning/sweep2/g5_ground_pure_H6_s3000.pth	6	3000	2	groundPure	[(6, 6), (9, 6), (12, 6), (15, 3)]	True	True	True	True	geometric5	2745740	9	6	2026-08-01	groundPure_66-96-126-153	0.023244236778233764	0.037588049485093804	0.002151705670098914	0.008061472024665265	0.03845189345584544	0.1141736701864493	0.025101506088410008	0.01659652682560746	9.96340210555664	8.67519330798223	0.055980510866349704	1.6055384644001989	0.6156623387449666	0.4403208765584602	0.0
/vol/bitbucket/osella/rl-qecc-data/supervisedLearning/sweep2/g5_ground_pure_H6_s7134066.pth	6	7134066	2	groundPure	[(6, 6), (9, 6), (12, 6), (15, 3)]	True	True	True	True	geometric5	2745740	9	6	2026-08-01	groundPure_66-96-126-153	0.023244236778233764	0.05320374329092372	0.0015311560998017397	0.006033756611023934	0.04085310482521457	0.19305746223215775	0.024543236686421	0.01659652682560746	10.610682715348673	8.67519330798223	0.09191803376417824	1.5641565272439941	0.6648705476893055	0.4805444382973306	0.02
/vol/bitbucket/osella/rl-qecc-data/supervisedLearning/sweep2/g5_ground_pure_H7_s466555.pth	7	466555	2	groundPure	[(6, 6), (9, 6), (12, 6), (15, 3)]	True	True	True	True	geometric5	2745740	9	6	2026-08-01	groundPure_66-96-126-153	0.023244236778233764	0.05313834291931026	0.0013837384528070573	0.0054459053596500676	0.04105993316424818	0.19243274620602466	0.025369391413821118	0.01659652682560746	10.6305099147774	8.67519330798223	0.09221633467978418	1.6153271085012288	0.6639886709840264	0.480197872935168	0.04
/vol/bitbucket/osella/rl-qecc-data/supervisedLearning/sweep2/g5_mix_66-96-126-153_H10_s12345.pth	10	12345	6	mixed	[(6, 6), (9, 6), (12, 6), (15, 3)]	True	True	True	True	geometric5	2745740	9	6	2026-08-01	mixed_66-96-126-153	0.023244236778233764	0.025128142390772372	0.001777270359396363	0.00573342422650828	0.027336587945371037	0.06665025322589994	0.024143176196686402	0.01659652682560746	9.296039313263131	8.67519330798223	0.03661699659628265	1.4181751359788275	0.8003225080363309	0.6066544157906	0.08
/vol/bitbucket/osella/rl-qecc-data/supervisedLearning/sweep2/g5_mix_66-96-126-153_H10_s54321.pth	10	54321	6	mixed	[(6, 6), (9, 6), (12, 6), (15, 3)]	True	True	True	True	geometric5	2745740	9	6	2026-08-01	mixed_66-96-126-153	0.023244236778233764	0.02508315221200702	0.0016988907508232029	0.0057763235471144855	0.02751010835904192	0.0657782180984298	0.024652220304625876	0.01659652682560746	9.295095355440306	8.67519330798223	0.036322971930456575	1.4776626296962323	0.7964351949328591	0.6025795647989238	0.04
/vol/bitbucket/osella/rl-qecc-data/supervisedLearning/sweep2/g5_mix_66-96-126-153_H3_s3000.pth	3	3000	6	mixed	[(6, 6), (9, 6), (12, 6), (15, 3)]	True	True	True	True	geometric5	2745740	9	6	2026-08-01	mixed_66-96-126-153	0.023244236778233764	0.025371675264502416	0.0017401680084537042	0.00574495379898392	0.027595878783468666	0.06674176522767959	0.0250356105039261	0.01659652682560746	9.311992275665704	8.67519330798223	0.037055796943078326	1.5936217048991925	0.7879859917614712	0.5938787979855299	0.02
/vol/bitbucket/osella/rl-qecc-data/supervisedLearning/sweep2/g5_mix_66-96-126-153_H3_s7134066.pth	3	7134066	6	mixed	[(6, 6), (9, 6), (12, 6), (15, 3)]	True	True	True	True	geometric5	2745740	9	6	2026-08-01	mixed_66-96-126-153	0.023244236778233764	0.026200650041721736	0.0017896140559652747	0.006105899802250272	0.028743838697102037	0.06923087396417216	0.025133023689118978	0.01659652682560746	9.336696404396262	8.67519330798223	0.03830517047163925	1.5823867556116862	0.7753204543238068	0.5812047422283958	0.02
/vol/bitbucket/osella/rl-qecc-data/supervisedLearning/sweep2/g5_mix_66-96-126-153_H4_s466555.pth	4	466555	6	mixed	[(6, 6), (9, 6), (12, 6), (15, 3)]	True	True	True	True	geometric5	2745740	9	6	2026-08-01	mixed_66-96-126-153	0.023244236778233764	0.025417195273283476	0.0018119672483577496	0.005965055212542502	0.027886855512237123	0.06655884938831465	0.024863249004965192	0.01659652682560746	9.308809470451944	8.67519330798223	0.036992250431519214	1.6030790457030033	0.7888435282668594	0.5950925205088186	0.02
/vol/bitbucket/osella/rl-qecc-data/supervisedLearning/sweep2/g5_mix_66-96-126-153_H6_s12345.pth	6	12345	6	mixed	[(6, 6), (9, 6), (12, 6), (15, 3)]	True	True	True	True	geometric5	2745740	9	6	2026-08-01	mixed_66-96-126-153	0.023244236778233764	0.026826079172669468	0.002035785650104017	0.0065328627793592615	0.03018982996471291	0.0702773780242531	0.025094539444917956	0.01659652682560746	9.355139857031437	8.67519330798223	0.038703332581154014	1.5177629711055094	0.7709402110665409	0.5765363716211537	0.04
/vol/bitbucket/osella/rl-qecc-data/supervisedLearning/sweep2/g5_mix_66-96-126-153_H6_s54321.pth	6	54321	6	mixed	[(6, 6), (9, 6), (12, 6), (15, 3)]	True	True	True	True	geometric5	2745740	9	6	2026-08-01	mixed_66-96-126-153	0.023244236778233764	0.02452678624373009	0.0016544199613761955	0.005522787833642005	0.027475385089700478	0.06455587428776723	0.023425464046164444	0.01659652682560746	9.288905647239552	8.67519330798223	0.03532810267457044	1.3203684694300084	0.8076681326829538	0.6150638235336623	0.02
/vol/bitbucket/osella/rl-qecc-data/supervisedLearning/sweep2/g5_mix_66-96-126-153_H7_s3000.pth	7	3000	6	mixed	[(6, 6), (9, 6), (12, 6), (15, 3)]	True	True	True	True	geometric5	2745740	9	6	2026-08-01	mixed_66-96-126-153	0.023244236778233764	0.026296440659277293	0.001803555950572955	0.006123639744187542	0.02945796206062381	0.06952923070107707	0.024567814839925026	0.01659652682560746	9.346575877178564	8.67519330798223	0.03820110163012265	1.5390329432259813	0.7757836379164225	0.5821462371984698	0.0
/vol/bitbucket/osella/rl-qecc-data/supervisedLearning/sweep2/g5_mix_66-96-126-153_H7_s7134066.pth	7	7134066	6	mixed	[(6, 6), (9, 6), (12, 6), (15, 3)]	True	True	True	True	geometric5	2745740	9	6	2026-08-01	mixed_66-96-126-153	0.023244236778233764	0.025519704360500852	0.0018949496814225529	0.006356425990179142	0.02872313106876771	0.0672220381139388	0.02340197694819617	0.01659652682560746	9.312708730173304	8.67519330798223	0.03676472309058994	1.3638580430016976	0.7956505015102698	0.6027297461058176	0.02
/vol/bitbucket/osella/rl-qecc-data/supervisedLearning/sweep2/g5_mix_66-96-126_H10_s466555.pth	10	466555	8	mixed	[(6, 6), (9, 6), (12, 6)]	True	True	True	False	geometric5	2745740	9	6	2026-08-01	mixed_66-96-126	0.023244236778233764	0.0255162931494914	0.0019110044271943133	0.006354424222980672	0.029825973595410667	0.06711017288735537	0.022379890614515743	0.01659652682560746	9.303652370628116	8.67519330798223	0.036111896453639804	1.1702236311645677	0.8006380855148497	0.6079107317517936	0.04
/vol/bitbucket/osella/rl-qecc-data/supervisedLearning/sweep2/g5_mix_66-96-126_H3_s12345.pth	3	12345	8	mixed	[(6, 6), (9, 6), (12, 6)]	True	True	True	False	geometric5	2745740	9	6	2026-08-01	mixed_66-96-126	0.023244236778233764	0.025426157695491253	0.0018215452099279803	0.005839825103052896	0.02763632117566886	0.06680777703061501	0.025025319958191707	0.01659652682560746	9.308849419307549	8.67519330798223	0.03708583269795442	1.5469785361863608	0.7885873218386136	0.5945525813635631	0.02
/vol/bitbucket/osella/rl-qecc-data/supervisedLearning/sweep2/g5_mix_66-96-126_H3_s54321.pth	3	54321	8	mixed	[(6, 6), (9, 6), (12, 6)]	True	True	True	False	geometric5	2745740	9	6	2026-08-01	mixed_66-96-126	0.023244236778233764	0.02553568271884901	0.001631084615938325	0.00559266092433942	0.027588694734173358	0.06761470846141344	0.02525126485838053	0.01659652682560746	9.317364934889506	8.67519330798223	0.037448877651450496	1.606428381667082	0.7855079159248308	0.591160584936733	0.04
/vol/bitbucket/osella/rl-qecc-data/supervisedLearning/sweep2/g5_mix_66-96-126_H4_s3000.pth	4	3000	8	mixed	[(6, 6), (9, 6), (12, 6)]	True	True	True	False	geometric5	2745740	9	6	2026-08-01	mixed_66-96-126	0.023244236778233764	0.025689684714216947	0.0018532111264772885	0.0059648814385836815	0.028185575368765113	0.06754853119242817	0.024896224444830372	0.01659652682560746	9.313833340510229	8.67519330798223	0.037568781209387524	1.6685330181896474	0.7858797373801943	0.5915519556212223	0.04
/vol/bitbucket/osella/rl-qecc-data/supervisedLearning/sweep2/g5_mix_66-96-126_H4_s7134066.pth	4	7134066	8	mixed	[(6, 6), (9, 6), (12, 6)]	True	True	True	False	geometric5	2745740	9	6	2026-08-01	mixed_66-96-126	0.023244236778233764	0.025547350477658493	0.0017886029280437547	0.005821977893901072	0.02797169195598662	0.06716406623647134	0.02499041337388979	0.01659652682560746	9.311318644158026	8.67519330798223	0.0373167635379785	1.6205842876010237	0.786675283355737	0.5925019824000268	0.04
/vol/bitbucket/osella/rl-qecc-data/supervisedLearning/sweep2/g5_mix_66-96-126_H6_s466555.pth	6	466555	8	mixed	[(6, 6), (9, 6), (12, 6)]	True	True	True	False	geometric5	2745740	9	6	2026-08-01	mixed_66-96-126	0.023244236778233764	0.024998448815017407	0.0019207721533458391	0.006319841554716744	0.028919897468603527	0.06509269964285529	0.022739033255565533	0.01659652682560746	9.284026069675868	8.67519330798223	0.03531575315471817	1.2017324223143744	0.8077106270432477	0.6155019810873011	0.02
/vol/bitbucket/osella/rl-qecc-data/supervisedLearning/sweep2/g5_mix_66-96-126_H7_s12345.pth	7	12345	8	mixed	[(6, 6), (9, 6), (12, 6)]	True	True	True	False	geometric5	2745740	9	6	2026-08-01	mixed_66-96-126	0.023244236778233764	0.02468169140086189	0.0018297583557278431	0.005973824692287813	0.027618365491956925	0.06460638481428373	0.023380123650053267	0.01659652682560746	9.28128935665003	8.67519330798223	0.03543120205045899	1.338725338566376	0.8068625791324002	0.6137533531528712	0.0
/vol/bitbucket/osella/rl-qecc-data/supervisedLearning/sweep2/g5_mix_66-96-126_H7_s54321.pth	7	54321	8	mixed	[(6, 6), (9, 6), (12, 6)]	True	True	True	False	geometric5	2745740	9	6	2026-08-01	mixed_66-96-126	0.023244236778233764	0.02533665219766588	0.0017678980378111667	0.00597920115491626	0.029259806338037028	0.06721232843354906	0.02246402702401592	0.01659652682560746	9.30431064135984	8.67519330798223	0.03621144551321248	1.2139528595836893	0.7991904632763328	0.606478506407887	0.0
/vol/bitbucket/osella/rl-qecc-data/supervisedLearning/sweep2/g5_mix_66-96_H10_s3000.pth	10	3000	12	mixed	[(6, 6), (9, 6)]	True	True	False	False	geometric5	2745740	9	6	2026-08-01	mixed_66-96	0.023244236778233764	0.023195139858053403	0.0017212370633685977	0.005682945199605684	0.027573571310720746	0.06111122399696162	0.019886721719610347	0.01659652682560746	9.234004921807514	8.67519330798223	0.032299987406261645	0.9451732383293123	0.8388061140526373	0.6506879973561568	0.08
/vol/bitbucket/osella/rl-qecc-data/supervisedLearning/sweep2/g5_mix_66-96_H10_s7134066.pth	10	7134066	12	mixed	[(6, 6), (9, 6)]	True	True	False	False	geometric5	2745740	9	6	2026-08-01	mixed_66-96	0.023244236778233764	0.024210531561790618	0.001692319533100924	0.005815243357746845	0.02898921746571976	0.06486039035683971	0.019695487095545982	0.01659652682560746	9.264150669748197	8.67519330798223	0.034017818517474756	0.9976415461115244	0.8257638841081573	0.6351102165772213	0.08
/vol/bitbucket/osella/rl-qecc-data/supervisedLearning/sweep2/g5_mix_66-96_H3_s466555.pth	3	466555	12	mixed	[(6, 6), (9, 6)]	True	True	False	False	geometric5	2745740	9	6	2026-08-01	mixed_66-96	0.023244236778233764	0.023609322166358596	0.001614050905368302	0.005638411227035056	0.02837653894295028	0.061982155182155496	0.02043545457428385	0.01659652682560746	9.238135966041265	8.67519330798223	0.03297481020410724	1.0480991856932733	0.8381261819235891	0.6497235035428212	0.06
/vol/bitbucket/osella/rl-qecc-data/supervisedLearning/sweep2/g5_mix_66-96_H4_s12345.pth	4	12345	12	mixed	[(6, 6), (9, 6)]	True	True	False	False	geometric5	2745740	9	6	2026-08-01	mixed_66-96	0.023244236778233764	0.024376305675702925	0.001999817744583647	0.006558440829000622	0.02997952111998271	0.06382539522947626	0.019518353455471343	0.01659652682560746	9.262814050815113	8.67519330798223	0.033697835621184745	0.9497166869583249	0.8276108974902245	0.637922206195496	0.06
/vol/bitbucket/osella/rl-qecc-data/supervisedLearning/sweep2/g5_mix_66-96_H4_s54321.pth	4	54321	12	mixed	[(6, 6), (9, 6)]	True	True	False	False	geometric5	2745740	9	6	2026-08-01	mixed_66-96	0.023244236778233764	0.024148076097699943	0.0018086773584928743	0.006229552223802491	0.029711639484753364	0.06353715376104845	0.01945335766040277	0.01659652682560746	9.257655895261413	8.67519330798223	0.03360633219230817	0.937476887799204	0.8297650346710056	0.6407497029393316	0.02
/vol/bitbucket/osella/rl-qecc-data/supervisedLearning/sweep2/g5_mix_66-96_H6_s3000.pth	6	3000	12	mixed	[(6, 6), (9, 6)]	True	True	False	False	geometric5	2745740	9	6	2026-08-01	mixed_66-96	0.023244236778233764	0.022880234341931198	0.0016443853785183293	0.00546808979634036	0.02701311174456067	0.06010430751650726	0.020171277273729322	0.01659652682560746	9.216645984441012	8.67519330798223	0.03169949765013482	0.9298246087824993	0.8453949987843734	0.6578526041592971	0.04
/vol/bitbucket/osella/rl-qecc-data/supervisedLearning/sweep2/g5_mix_66-96_H6_s7134066.pth	6	7134066	12	mixed	[(6, 6), (9, 6)]	True	True	False	False	geometric5	2745740	9	6	2026-08-01	mixed_66-96	0.023244236778233764	0.02341596333873978	0.0020188584542979427	0.006342089547896031	0.02800968600574559	0.060665170906594845	0.02004401177916432	0.01659652682560746	9.226682602615075	8.67519330798223	0.032081825228816516	0.9506436836723681	0.8411816011958849	0.6534909749557734	0.02
/vol/bitbucket/osella/rl-qecc-data/supervisedLearning/sweep2/g5_mix_66-96_H7_s466555.pth	7	466555	12	mixed	[(6, 6), (9, 6)]	True	True	False	False	geometric5	2745740	9	6	2026-08-01	mixed_66-96	0.023244236778233764	0.02494860626892892	0.0018552503211899905	0.006169192556029075	0.02942350907776397	0.06571326075818297	0.02158181863147875	0.01659652682560746	9.283053139940815	8.67519330798223	0.03519862003928553	1.2073679526179413	0.8242314542817286	0.6336066175610575	0.08
/vol/bitbucket/osella/rl-qecc-data/supervisedLearning/sweep2/g5_mix_66_H10_s12345.pth	10	12345	24	mixed	[(6, 6)]	True	False	False	False	geometric5	2745740	9	6	2026-08-01	mixed_66	0.023244236778233764	0.04118192038386999	0.004245416080059527	0.014427427630523126	0.04914635652854078	0.11195729155298527	0.026133110127241215	0.01659652682560746	9.98517121484172	8.67519330798223	0.05728646246604147	1.9537689872518962	0.5881789895024755	0.41936575584138336	0.0
/vol/bitbucket/osella/rl-qecc-data/supervisedLearning/sweep2/g5_mix_66_H10_s54321.pth	10	54321	24	mixed	[(6, 6)]	True	False	False	False	geometric5	2745740	9	6	2026-08-01	mixed_66	0.023244236778233764	0.04534391629628272	0.0031276261582521606	0.01059993071809937	0.04207994280153345	0.14434234418042044	0.026569737623108165	0.01659652682560746	10.117622931245034	8.67519330798223	0.07036071666998153	1.93636632269641	0.5945116296893249	0.4251767984826798	0.0
/vol/bitbucket/osella/rl-qecc-data/supervisedLearning/sweep2/g5_mix_66_H3_s3000.pth	3	3000	24	mixed	[(6, 6)]	True	False	False	False	geometric5	2745740	9	6	2026-08-01	mixed_66	0.023244236778233764	0.04180773847836362	0.0031739048394323647	0.01053751504788421	0.04147473998588437	0.1280281318349964	0.02582440068362121	0.01659652682560746	10.196127603169751	8.67519330798223	0.06268261097985645	2.076204228044304	0.6389782542387719	0.4635008859546877	0.04
/vol/bitbucket/osella/rl-qecc-data/supervisedLearning/sweep2/g5_mix_66_H3_s7134066.pth	3	7134066	24	mixed	[(6, 6)]	True	False	False	False	geometric5	2745740	9	6	2026-08-01	mixed_66	0.023244236778233764	0.048398527584295685	0.0033978504837033087	0.010729724941576762	0.04402261391002213	0.15776549395366946	0.026076954632506647	0.01659652682560746	10.531290527118385	8.67519330798223	0.07480561584443308	2.2399318726726287	0.6205259187736114	0.44986740471565445	0.06
/vol/bitbucket/osella/rl-qecc-data/supervisedLearning/sweep2/g5_mix_66_H4_s466555.pth	4	466555	24	mixed	[(6, 6)]	True	False	False	False	geometric5	2745740	9	6	2026-08-01	mixed_66	0.023244236778233764	0.04565736997657734	0.004360096200516841	0.014724559749048861	0.04911544188937757	0.13442388368572625	0.02566286835821655	0.01659652682560746	10.423723603970956	8.67519330798223	0.06502603266833303	2.3971352445179845	0.6448975033329081	0.47149196230728835	0.04
/vol/bitbucket/osella/rl-qecc-data/supervisedLearning/sweep2/g5_mix_66_H6_s12345.pth	6	12345	24	mixed	[(6, 6)]	True	False	False	False	geometric5	2745740	9	6	2026-08-01	mixed_66	0.023244236778233764	0.049102174914309536	0.0035222595018475737	0.011290675242271812	0.044169372071254216	0.16084980501824928	0.0256787627379247	0.01659652682560746	10.373105453466163	8.67519330798223	0.0772232827981288	1.947210368841874	0.6364639543635594	0.46225857033539836	0.04
/vol/bitbucket/osella/rl-qecc-data/supervisedLearning/sweep2/g5_mix_66_H6_s54321.pth	6	54321	24	mixed	[(6, 6)]	True	False	False	False	geometric5	2745740	9	6	2026-08-01	mixed_66	0.023244236778233764	0.0426184202847859	0.006516648047704375	0.019523418117394668	0.05669024184671857	0.10461281578721986	0.025748977624891787	0.01659652682560746	10.457780441092394	8.67519330798223	0.056155065434043104	2.1112714801442167	0.5951701314292213	0.4329057772900037	0.02
/vol/bitbucket/osella/rl-qecc-data/supervisedLearning/sweep2/g5_mix_66_H7_s3000.pth	7	3000	24	mixed	[(6, 6)]	True	False	False	False	geometric5	2745740	9	6	2026-08-01	mixed_66	0.023244236778233764	0.03849592443607308	0.004499288174929404	0.01551351292135257	0.05193711387014862	0.09511753365220256	0.025412173561731987	0.01659652682560746	10.074234662667866	8.67519330798223	0.05108973385930775	2.046686928406681	0.6353209514524856	0.46175889123270025	0.0
/vol/bitbucket/osella/rl-qecc-data/supervisedLearning/sweep2/g5_mix_66_H7_s7134066.pth	7	7134066	24	mixed	[(6, 6)]	True	False	False	False	geometric5	2745740	9	6	2026-08-01	mixed_66	0.023244236778233764	0.04809739618159265	0.00862414412430724	0.02597438727848631	0.07256485119853628	0.10742492829665597	0.025898670009977223	0.01659652682560746	10.963873773524329	8.67519330798223	0.05965072927977778	3.9132288733843033	0.5252838811871501	0.3771560242361488	0.0
/vol/bitbucket/osella/rl-qecc-data/supervisedLearning/sweep2/g5_ground_anch_H10_s466555.pth	10	466555	2	groundAnchored	[(6, 6), (9, 6), (12, 6), (15, 3)]	True	True	True	True	geometric5	18402947	5	15	2026-08-01	groundAnchored_66-96-126-153	0.020443871784302178	0.05749756835179751	0.00657016920811107	0.025567053464314093	0.10964336835441765	0.10812823631291886	0.037579014419225606	0.018820342920139812	11.582934593553798	9.340422154314146	0.05416487852096041	2.3717217757192457	0.3931434419110352	0.2727997425043798	0.0
/vol/bitbucket/osella/rl-qecc-data/supervisedLearning/sweep2/g5_ground_anch_H3_s12345.pth	3	12345	2	groundAnchored	[(6, 6), (9, 6), (12, 6), (15, 3)]	True	True	True	True	geometric5	18402947	5	15	2026-08-01	groundAnchored_66-96-126-153	0.020443871784302178	0.10599002120344098	0.007923218013435797	0.022421672674292212	0.09469404509665658	0.36635167872458374	0.038559491508233956	0.018820342920139812	15.175202058446645	9.340422154314146	0.1737852864436283	2.490095753469062	0.4091924194174942	0.28516217072831956	0.0
/vol/bitbucket/osella/rl-qecc-data/supervisedLearning/sweep2/g5_ground_anch_H3_s54321.pth	3	54321	2	groundAnchored	[(6, 6), (9, 6), (12, 6), (15, 3)]	True	True	True	True	geometric5	18402947	5	15	2026-08-01	groundAnchored_66-96-126-153	0.020443871784302178	0.1038554057181022	0.005209543560419191	0.016688446581106218	0.08338143009596566	0.3722289320127444	0.041768676340276124	0.018820342920139812	15.28410144283779	9.340422154314146	0.17156084320500986	2.453771105324879	0.4258015637401999	0.29381009354541177	0.0
/vol/bitbucket/osella/rl-qecc-data/supervisedLearning/sweep2/g5_ground_anch_H4_s3000.pth	4	3000	2	groundAnchored	[(6, 6), (9, 6), (12, 6), (15, 3)]	True	True	True	True	geometric5	18402947	5	15	2026-08-01	groundAnchored_66-96-126-153	0.020443871784302178	0.07724094839512953	0.00913213421741895	0.02705526475237049	0.08526360680700491	0.22161668828362707	0.04313704791522506	0.018820342920139812	13.409166746655936	9.340422154314146	0.10117829546296757	4.921420522432557	0.36545971806426786	0.25640298917927895	0.0
/vol/bitbucket/osella/rl-qecc-data/supervisedLearning/sweep2/g5_ground_anch_H4_s7134066.pth	4	7134066	2	groundAnchored	[(6, 6), (9, 6), (12, 6), (15, 3)]	True	True	True	True	geometric5	18402947	5	15	2026-08-01	groundAnchored_66-96-126-153	0.020443871784302178	0.08627530506858697	0.015351054130800316	0.04424225071274827	0.1098895387235464	0.2183065877163496	0.043587094059490857	0.018820342920139812	14.175299085745307	9.340422154314146	0.10324619813223714	5.381656202175785	0.2757263890040696	0.19190526565745122	0.0
/vol/bitbucket/osella/rl-qecc-data/supervisedLearning/sweep2/g5_ground_anch_H6_s466555.pth	6	466555	2	groundAnchored	[(6, 6), (9, 6), (12, 6), (15, 3)]	True	True	True	True	geometric5	18402947	5	15	2026-08-01	groundAnchored_66-96-126-153	0.020443871784302178	0.06252013371838261	0.004811220449157633	0.016225781325452885	0.07343326670934434	0.17325240112466497	0.04487799898329452	0.018820342920139812	12.940901710521315	9.340422154314146	0.07638307898641017	3.0230714225891497	0.41730282896221554	0.28704500631999036	0.0
/vol/bitbucket/osella/rl-qecc-data/supervisedLearning/sweep2/g5_ground_anch_H7_s12345.pth	7	12345	2	groundAnchored	[(6, 6), (9, 6), (12, 6), (15, 3)]	True	True	True	True	geometric5	18402947	5	15	2026-08-01	groundAnchored_66-96-126-153	0.020443871784302178	0.05640820649229349	0.006988276291512918	0.017931692410287102	0.06390555162542948	0.14802629047338503	0.04518922166085286	0.018820342920139812	12.54063301497492	9.340422154314146	0.06392864806997904	3.675435436461505	0.5535033713402719	0.39438926386630785	0.0
/vol/bitbucket/osella/rl-qecc-data/supervisedLearning/sweep2/g5_ground_anch_H7_s54321.pth	7	54321	2	groundAnchored	[(6, 6), (9, 6), (12, 6), (15, 3)]	True	True	True	True	geometric5	18402947	5	15	2026-08-01	groundAnchored_66-96-126-153	0.020443871784302178	0.091681097279212	0.004650535636065315	0.015153950813323104	0.08525946784647079	0.3131447932119651	0.04019673888823608	0.018820342920139812	14.280334836559513	9.340422154314146	0.14342492271324786	2.733283284205411	0.4624554962680021	0.32064302576195985	0.0
/vol/bitbucket/osella/rl-qecc-data/supervisedLearning/sweep2/g5_ground_pure_H10_s3000.pth	10	3000	2	groundPure	[(6, 6), (9, 6), (12, 6), (15, 3)]	True	True	True	True	geometric5	18402947	5	15	2026-08-01	groundPure_66-96-126-153	0.020443871784302178	0.0714591680653527	0.005823917534371801	0.018577785319145463	0.07053202193477766	0.2200932608825368	0.04226885465592956	0.018820342920139812	12.70459145956703	9.340422154314146	0.09516328294856166	2.310675486024058	0.4658971155963812	0.32387694753646024	0.0
/vol/bitbucket/osella/rl-qecc-data/supervisedLearning/sweep2/g5_ground_pure_H10_s7134066.pth	10	7134066	2	groundPure	[(6, 6), (9, 6), (12, 6), (15, 3)]	True	True	True	True	geometric5	18402947	5	15	2026-08-01	groundPure_66-96-126-153	0.020443871784302178	0.07682798847250577	0.006966498287079459	0.02064839118199872	0.07054590824159052	0.24319079644122532	0.04278834821063656	0.018820342920139812	12.972593018291514	9.340422154314146	0.10496870051553918	3.8540214631339667	0.3444619707597902	0.23830669240406324	0.0
/vol/bitbucket/osella/rl-qecc-data/supervisedLearning/sweep2/g5_ground_pure_H3_s466555.pth	3	466555	2	groundPure	[(6, 6), (9, 6), (12, 6), (15, 3)]	True	True	True	True	geometric5	18402947	5	15	2026-08-01	groundPure_66-96-126-153	0.020443871784302178	0.08185772885922528	0.014717626051810961	0.04170804019965054	0.10567557430431175	0.20209138996940446	0.04509601377094953	0.018820342920139812	13.808130928983138	9.340422154314146	0.09439228350520257	5.349832242472466	0.28519289139058296	0.2022046159524528	0.0
/vol/bitbucket/osella/rl-qecc-data/supervisedLearning/sweep2/g5_ground_pure_H4_s12345.pth	4	12345	2	groundPure	[(6, 6), (9, 6), (12, 6), (15, 3)]	True	True	True	True	geometric5	18402947	5	15	2026-08-01	groundPure_66-96-126-153	0.020443871784302178	0.09785915022141115	0.0066202098476912065	0.021882138470200204	0.08850195850815426	0.3314305647763781	0.04086087950463148	0.018820342920139812	14.638793033808348	9.340422154314146	0.14982780029866097	3.279204191708654	0.1266343436345676	0.08615014545181161	0.0
/vol/bitbucket/osella/rl-qecc-data/supervisedLearning/sweep2/g5_ground_pure_H4_s54321.pth	4	54321	2	groundPure	[(6, 6), (9, 6), (12, 6), (15, 3)]	True	True	True	True	geometric5	18402947	5	15	2026-08-01	groundPure_66-96-126-153	0.020443871784302178	0.1074531263302656	0.022760002226376565	0.06020568879876101	0.14288106745136617	0.2661414874429138	0.04527738573191121	0.018820342920139812	16.115539889165653	9.340422154314146	0.13093292146289937	6.5441580064205445	0.18600950269356886	0.12722882084661424	0.0
/vol/bitbucket/osella/rl-qecc-data/supervisedLearning/sweep2/g5_ground_pure_H6_s3000.pth	6	3000	2	groundPure	[(6, 6), (9, 6), (12, 6), (15, 3)]	True	True	True	True	geometric5	18402947	5	15	2026-08-01	groundPure_66-96-126-153	0.020443871784302178	0.052142254985513455	0.005839795202289291	0.017926360678975455	0.0639498926407255	0.12722427819546486	0.04577094821011424	0.018820342920139812	12.702478452829876	9.340422154314146	0.05572882056494628	5.285247351293461	0.4876229050651555	0.33861979580593743	0.0
/vol/bitbucket/osella/rl-qecc-data/supervisedLearning/sweep2/g5_ground_pure_H6_s7134066.pth	6	7134066	2	groundPure	[(6, 6), (9, 6), (12, 6), (15, 3)]	True	True	True	True	geometric5	18402947	5	15	2026-08-01	groundPure_66-96-126-153	0.020443871784302178	0.0822699166156307	0.004635150840457062	0.014995471522428123	0.08161331374800766	0.265223394496715	0.044882252470547085	0.018820342920139812	14.055510669628523	9.340422154314146	0.1179844685241504	2.9878071786194105	0.4707765263991247	0.32721783372592933	0.0
/vol/bitbucket/osella/rl-qecc-data/supervisedLearning/sweep2/g5_ground_pure_H7_s466555.pth	7	466555	2	groundPure	[(6, 6), (9, 6), (12, 6), (15, 3)]	True	True	True	True	geometric5	18402947	5	15	2026-08-01	groundPure_66-96-126-153	0.020443871784302178	0.10542338341586338	0.004520855380563293	0.014763967848900165	0.09597193870799887	0.3696109219078027	0.04224923323405064	0.018820342920139812	16.38573863151429	9.340422154314146	0.1696651383940344	2.5026786426034766	0.3757233194843513	0.2568974033473902	0.0
/vol/bitbucket/osella/rl-qecc-data/supervisedLearning/sweep2/g5_mix_66-96-126-153_H10_s12345.pth	10	12345	6	mixed	[(6, 6), (9, 6), (12, 6), (15, 3)]	True	True	True	True	geometric5	18402947	5	15	2026-08-01	mixed_66-96-126-153	0.020443871784302178	0.05193529302530254	0.0075127131600829875	0.019598517782303454	0.06345212624896929	0.12785566172037535	0.04125744621478127	0.018820342920139812	11.847917538881777	9.340422154314146	0.062233396519017714	2.747488680527568	0.5917808015501635	0.42187975722089055	0.0
/vol/bitbucket/osella/rl-qecc-data/supervisedLearning/sweep2/g5_mix_66-96-126-153_H10_s54321.pth	10	54321	6	mixed	[(6, 6), (9, 6), (12, 6), (15, 3)]	True	True	True	True	geometric5	18402947	5	15	2026-08-01	mixed_66-96-126-153	0.020443871784302178	0.053572167270992045	0.011662917070810228	0.030212729610848022	0.0955013380900303	0.08707831995785618	0.043405531625415016	0.018820342920139812	12.812203284658816	9.340422154314146	0.052381237148801454	5.656587257386973	0.4721449034904237	0.3402865178860709	0.02
/vol/bitbucket/osella/rl-qecc-data/supervisedLearning/sweep2/g5_mix_66-96-126-153_H3_s3000.pth	3	3000	6	mixed	[(6, 6), (9, 6), (12, 6), (15, 3)]	True	True	True	True	geometric5	18402947	5	15	2026-08-01	mixed_66-96-126-153	0.020443871784302178	0.0710224982279026	0.006026473550400409	0.016926563807707316	0.07618400701759095	0.218563083686322	0.03741236307748898	0.018820342920139812	12.481425905407889	9.340422154314146	0.10292509835057326	3.40739091487066	0.5378066348466736	0.38148453441474944	0.0
/vol/bitbucket/osella/rl-qecc-data/supervisedLearning/sweep2/g5_mix_66-96-126-153_H3_s7134066.pth	3	7134066	6	mixed	[(6, 6), (9, 6), (12, 6), (15, 3)]	True	True	True	True	geometric5	18402947	5	15	2026-08-01	mixed_66-96-126-153	0.020443871784302178	0.05764319262728756	0.008234759437086205	0.020421465704633542	0.06598388092041002	0.15487904974549044	0.03869680732881692	0.018820342920139812	11.665387510370454	9.340422154314146	0.07162930134038226	2.113129678280668	0.5792949387239361	0.4123197752456956	0.0
/vol/bitbucket/osella/rl-qecc-data/supervisedLearning/sweep2/g5_mix_66-96-126-153_H4_s466555.pth	4	466555	6	mixed	[(6, 6), (9, 6), (12, 6), (15, 3)]	True	True	True	True	geometric5	18402947	5	15	2026-08-01	mixed_66-96-126-153	0.020443871784302178	0.04687131062624092	0.0054208441857533755	0.01612328939345409	0.0829997708457289	0.08678816752581514	0.043024481180453315	0.018820342920139812	12.396854889488242	9.340422154314146	0.047697685721464565	3.1620250200909696	0.5073712506645145	0.355449080724272	0.0
/vol/bitbucket/osella/rl-qecc-data/supervisedLearning/sweep2/g5_mix_66-96-126-153_H6_s12345.pth	6	12345	6	mixed	[(6, 6), (9, 6), (12, 6), (15, 3)]	True	True	True	True	geometric5	18402947	5	15	2026-08-01	mixed_66-96-126-153	0.020443871784302178	0.08566293951347302	0.01673218531664054	0.03657842141775343	0.09685719666755362	0.24183098995606386	0.0363159042093532	0.018820342920139812	13.129211647762004	9.340422154314146	0.12277271793866547	1.8450926434711994	0.43704170660708436	0.31128987087932075	0.0
/vol/bitbucket/osella/rl-qecc-data/supervisedLearning/sweep2/g5_mix_66-96-126-153_H6_s54321.pth	6	54321	6	mixed	[(6, 6), (9, 6), (12, 6), (15, 3)]	True	True	True	True	geometric5	18402947	5	15	2026-08-01	mixed_66-96-126-153	0.020443871784302178	0.051390177797082694	0.004634238886345554	0.01442082111632851	0.0855920120258471	0.11032644765306057	0.04197736930383096	0.018820342920139812	12.66483265174498	9.340422154314146	0.054990924338599936	2.697437291517335	0.5733344550426132	0.40643598245999285	0.0
/vol/bitbucket/osella/rl-qecc-data/supervisedLearning/sweep2/g5_mix_66-96-126-153_H7_s3000.pth	7	3000	6	mixed	[(6, 6), (9, 6), (12, 6), (15, 3)]	True	True	True	True	geometric5	18402947	5	15	2026-08-01	mixed_66-96-126-153	0.020443871784302178	0.0655448450363802	0.008929796256197548	0.022863596837608406	0.07715362273817737	0.18253935127974644	0.036237858070170735	0.018820342920139812	11.869401876301614	9.340422154314146	0.0935774212171341	2.1866996771063465	0.49309148976427525	0.35065053704572774	0.0
/vol/bitbucket/osella/rl-qecc-data/supervisedLearning/sweep2/g5_mix_66-96-126-153_H7_s7134066.pth	7	7134066	6	mixed	[(6, 6), (9, 6), (12, 6), (15, 3)]	True	True	True	True	geometric5	18402947	5	15	2026-08-01	mixed_66-96-126-153	0.020443871784302178	0.054060817327109496	0.009690558886467419	0.027587640624024346	0.09163206264129048	0.09640734616827953	0.04498647831548657	0.018820342920139812	13.495492980410974	9.340422154314146	0.058235017099013485	5.857440081377963	0.259565072689205	0.17852701042371305	0.0
/vol/bitbucket/osella/rl-qecc-data/supervisedLearning/sweep2/g5_mix_66-96-126_H10_s466555.pth	10	466555	8	mixed	[(6, 6), (9, 6), (12, 6)]	True	True	True	False	geometric5	18402947	5	15	2026-08-01	mixed_66-96-126	0.020443871784302178	0.052087950974174395	0.005062646652139079	0.015160109623881814	0.06625278093615929	0.1307142221099012	0.043249995548791983	0.018820342920139812	12.143364666808848	9.340422154314146	0.06068281909145801	2.360587573391581	0.559786594018222	0.3946131307687076	0.0
/vol/bitbucket/osella/rl-qecc-data/supervisedLearning/sweep2/g5_mix_66-96-126_H3_s12345.pth	3	12345	8	mixed	[(6, 6), (9, 6), (12, 6)]	True	True	True	False	geometric5	18402947	5	15	2026-08-01	mixed_66-96-126	0.020443871784302178	0.08941891652959374	0.008242417626214756	0.027616917658607517	0.07928699555202506	0.2886608458535945	0.04328740595752491	0.018820342920139812	13.52507469925903	9.340422154314146	0.1200907865800622	3.5237876815019926	0.3439630644899112	0.23803344309673916	0.0
/vol/bitbucket/osella/rl-qecc-data/supervisedLearning/sweep2/g5_mix_66-96-126_H3_s54321.pth	3	54321	8	mixed	[(6, 6), (9, 6), (12, 6)]	True	True	True	False	geometric5	18402947	5	15	2026-08-01	mixed_66-96-126	0.020443871784302178	0.0894060949901619	0.00848931263771152	0.02432861231253989	0.07900152932838858	0.2938266053531382	0.04138441531903003	0.018820342920139812	13.416330323518586	9.340422154314146	0.13287383484253512	4.216876401724367	0.3208909912792966	0.2268377828639657	0.0
/vol/bitbucket/osella/rl-qecc-data/supervisedLearning/sweep2/g5_mix_66-96-126_H4_s3000.pth	4	3000	8	mixed	[(6, 6), (9, 6), (12, 6)]	True	True	True	False	geometric5	18402947	5	15	2026-08-01	mixed_66-96-126	0.020443871784302178	0.09766455404383459	0.010010238708655398	0.021300463297996942	0.0747310851341865	0.346152608152142	0.036128374926189435	0.018820342920139812	13.736886524408098	9.340422154314146	0.16457693751186578	2.223842101322693	0.45034890277532164	0.31837025527048385	0.0
/vol/bitbucket/osella/rl-qecc-data/supervisedLearning/sweep2/g5_mix_66-96-126_H4_s7134066.pth	4	7134066	8	mixed	[(6, 6), (9, 6), (12, 6)]	True	True	True	False	geometric5	18402947	5	15	2026-08-01	mixed_66-96-126	0.020443871784302178	0.10481062690088457	0.005570923811952565	0.016322177123815337	0.07835046200189152	0.3865438270747784	0.03726574449198708	0.018820342920139812	14.636065128661889	9.340422154314146	0.17943502510110831	2.2977598765376572	0.4632760534776613	0.3252811541681321	0.0
/vol/bitbucket/osella/rl-qecc-data/supervisedLearning/sweep2/g5_mix_66-96-126_H6_s466555.pth	6	466555	8	mixed	[(6, 6), (9, 6), (12, 6)]	True	True	True	False	geometric5	18402947	5	15	2026-08-01	mixed_66-96-126	0.020443871784302178	0.07875899846640091	0.0047864798230402615	0.015163723793313382	0.08070212394244616	0.25833878191534265	0.034803882857862165	0.018820342920139812	13.074370304624791	9.340422154314146	0.12491749153041579	1.6931416554542695	0.5818991848702352	0.4141902189130763	0.0
/vol/bitbucket/osella/rl-qecc-data/supervisedLearning/sweep2/g5_mix_66-96-126_H7_s12345.pth	7	12345	8	mixed	[(6, 6), (9, 6), (12, 6)]	True	True	True	False	geometric5	18402947	5	15	2026-08-01	mixed_66-96-126	0.020443871784302178	0.05683335058637291	0.006630344883483576	0.01800419877592492	0.059876745932136606	0.1606216781869739	0.0390337851533429	0.018820342920139812	11.593661649781867	9.340422154314146	0.07270869972050928	2.721227644796965	0.5489359398536977	0.3876006368170905	0.0
/vol/bitbucket/osella/rl-qecc-data/supervisedLearning/sweep2/g5_mix_66-96-126_H7_s54321.pth	7	54321	8	mixed	[(6, 6), (9, 6), (12, 6)]	True	True	True	False	geometric5	18402947	5	15	2026-08-01	mixed_66-96-126	0.020443871784302178	0.08102279812219638	0.0048899410386895135	0.015061362836090024	0.08409819001528819	0.2631780746055299	0.03788642211538449	0.018820342920139812	13.540255077174528	9.340422154314146	0.12523111138198076	2.2262947533532804	0.510167368856278	0.35613835199059124	0.0
/vol/bitbucket/osella/rl-qecc-data/supervisedLearning/sweep2/g5_mix_66-96_H10_s3000.pth	10	3000	12	mixed	[(6, 6), (9, 6)]	True	True	False	False	geometric5	18402947	5	15	2026-08-01	mixed_66-96	0.020443871784302178	0.05995225351951989	0.004774932624830037	0.014873479780797387	0.0729565608706722	0.16357177936422798	0.04358451495707171	0.018820342920139812	12.751335485110523	9.340422154314146	0.07381903105582355	3.4910581588462053	0.5511972580389228	0.38753019293277025	0.0
/vol/bitbucket/osella/rl-qecc-data/supervisedLearning/sweep2/g5_mix_66-96_H10_s7134066.pth	10	7134066	12	mixed	[(6, 6), (9, 6)]	True	True	False	False	geometric5	18402947	5	15	2026-08-01	mixed_66-96	0.020443871784302178	0.0651375913972212	0.0049980881569246	0.014937312158682454	0.08158355047482853	0.18659345901387545	0.03757554718179503	0.018820342920139812	12.517473060718	9.340422154314146	0.08940016888586727	2.381742611436299	0.5575105168926502	0.39469464462483955	0.0
/vol/bitbucket/osella/rl-qecc-data/supervisedLearning/sweep2/g5_mix_66-96_H3_s466555.pth	3	466555	12	mixed	[(6, 6), (9, 6)]	True	True	False	False	geometric5	18402947	5	15	2026-08-01	mixed_66-96	0.020443871784302178	0.09719965495026602	0.005035807667664068	0.01592416919542624	0.07486547663181628	0.3504233668151205	0.039749454441303046	0.018820342920139812	14.336536776973125	9.340422154314146	0.15991649168375463	2.5894741970963615	0.5298894796398116	0.37331527537203874	0.0
/vol/bitbucket/osella/rl-qecc-data/supervisedLearning/sweep2/g5_mix_66-96_H4_s12345.pth	4	12345	12	mixed	[(6, 6), (9, 6)]	True	True	False	False	geometric5	18402947	5	15	2026-08-01	mixed_66-96	0.020443871784302178	0.11121386977091524	0.005322535653606489	0.016094682678213828	0.08397103206596006	0.41365869384631865	0.03702240461047805	0.018820342920139812	15.485147996171321	9.340422154314146	0.19438050058541362	2.255258611317023	0.41810075497648225	0.2915455998590491	0.0
/vol/bitbucket/osella/rl-qecc-data/supervisedLearning/sweep2/g5_mix_66-96_H4_s54321.pth	4	54321	12	mixed	[(6, 6), (9, 6)]	True	True	False	False	geometric5	18402947	5	15	2026-08-01	mixed_66-96	0.020443871784302178	0.08841914813861672	0.007523814885498267	0.02248720612292782	0.08071241026879464	0.2913334072463209	0.040038902169541854	0.018820342920139812	13.484227416782925	9.340422154314146	0.1348434546787924	2.6552812109947634	0.2187601982989109	0.15398729686109305	0.0
/vol/bitbucket/osella/rl-qecc-data/supervisedLearning/sweep2/g5_mix_66-96_H6_s3000.pth	6	3000	12	mixed	[(6, 6), (9, 6)]	True	True	False	False	geometric5	18402947	5	15	2026-08-01	mixed_66-96	0.020443871784302178	0.0621159253779294	0.005532261688810812	0.016352814695516724	0.07432092600683578	0.17316700864916135	0.04120661584932287	0.018820342920139812	12.57332895801507	9.340422154314146	0.08156989683606526	3.08611909746567	0.5183743391399012	0.36386612066541385	0.0
/vol/bitbucket/osella/rl-qecc-data/supervisedLearning/sweep2/g5_mix_66-96_H6_s7134066.pth	6	7134066	12	mixed	[(6, 6), (9, 6)]	True	True	False	False	geometric5	18402947	5	15	2026-08-01	mixed_66-96	0.020443871784302178	0.07062480689500977	0.005661094225553996	0.015583550751641275	0.07560534068126655	0.2183837021378287	0.03789034667875712	0.018820342920139812	12.506417581798628	9.340422154314146	0.10315610335495556	1.9775274358030779	0.5487456559963553	0.3881142441421245	0.0
/vol/bitbucket/osella/rl-qecc-data/supervisedLearning/sweep2/g5_mix_66-96_H7_s466555.pth	7	466555	12	mixed	[(6, 6), (9, 6)]	True	True	False	False	geometric5	18402947	5	15	2026-08-01	mixed_66-96	0.020443871784302178	0.053920202661031785	0.007777446953367708	0.021860741134476457	0.06790218949355373	0.12999692013885794	0.04206371558490301	0.018820342920139812	11.951892879113265	9.340422154314146	0.06196330890845002	3.435800037145267	0.47080373447496454	0.33358650167583265	0.0
/vol/bitbucket/osella/rl-qecc-data/supervisedLearning/sweep2/g5_mix_66_H10_s12345.pth	10	12345	24	mixed	[(6, 6)]	True	False	False	False	geometric5	18402947	5	15	2026-08-01	mixed_66	0.020443871784302178	0.06235737371042007	0.009657577217283097	0.02404165299538391	0.06525635145607975	0.1764524757295705	0.03637881115378355	0.018820342920139812	11.698182699188497	9.340422154314146	0.08085068253478783	2.339063619978214	0.4703997176495823	0.3260128874655025	0.0
/vol/bitbucket/osella/rl-qecc-data/supervisedLearning/sweep2/g5_mix_66_H10_s54321.pth	10	54321	24	mixed	[(6, 6)]	True	False	False	False	geometric5	18402947	5	15	2026-08-01	mixed_66	0.020443871784302178	0.07102280052571361	0.009964655073910146	0.021863935351915133	0.06855478320835538	0.21700189756222601	0.037728731432162155	0.018820342920139812	12.266829614633535	9.340422154314146	0.10702765525653117	1.8038096751499666	0.45541255205594544	0.31666715782178334	0.0
/vol/bitbucket/osella/rl-qecc-data/supervisedLearning/sweep2/g5_mix_66_H3_s3000.pth	3	3000	24	mixed	[(6, 6)]	True	False	False	False	geometric5	18402947	5	15	2026-08-01	mixed_66	0.020443871784302178	0.09994402683495611	0.005087720108212491	0.01605449760354517	0.08448811551397019	0.35398911239838304	0.04010068855067192	0.018820342920139812	15.030646697671544	9.340422154314146	0.16329224991928123	2.4933429576410773	0.40833137002392017	0.282335509259677	0.0
/vol/bitbucket/osella/rl-qecc-data/supervisedLearning/sweep2/g5_mix_66_H3_s7134066.pth	3	7134066	24	mixed	[(6, 6)]	True	False	False	False	geometric5	18402947	5	15	2026-08-01	mixed_66	0.020443871784302178	0.07958735011953093	0.006431771972213023	0.018292185027309765	0.07877986030562686	0.25072458934826347	0.04370834394424339	0.018820342920139812	13.484549837725945	9.340422154314146	0.112224667060785	2.85830708625279	0.46958100220431415	0.3311241662302705	0.0
/vol/bitbucket/osella/rl-qecc-data/supervisedLearning/sweep2/g5_mix_66_H4_s466555.pth	4	466555	24	mixed	[(6, 6)]	True	False	False	False	geometric5	18402947	5	15	2026-08-01	mixed_66	0.020443871784302178	0.0739080952603879	0.008601738275287	0.025810069324383622	0.07998950175145567	0.2109384804135423	0.04420068653727116	0.018820342920139812	13.297400955523548	9.340422154314146	0.09294338150808208	4.264847817311554	0.46879963584780565	0.33252795801179996	0.0
/vol/bitbucket/osella/rl-qecc-data/supervisedLearning/sweep2/g5_mix_66_H6_s12345.pth	6	12345	24	mixed	[(6, 6)]	True	False	False	False	geometric5	18402947	5	15	2026-08-01	mixed_66	0.020443871784302178	0.10212397929646654	0.007298360776683122	0.020755242941967112	0.0914581310262459	0.35271366801919446	0.038394493718241024	0.018820342920139812	14.817218384427106	9.340422154314146	0.16612220211738102	2.5474325566455605	0.44600046793948406	0.3152545589273036	0.0
/vol/bitbucket/osella/rl-qecc-data/supervisedLearning/sweep2/g5_mix_66_H6_s54321.pth	6	54321	24	mixed	[(6, 6)]	True	False	False	False	geometric5	18402947	5	15	2026-08-01	mixed_66	0.020443871784302178	0.07302818311556615	0.006589509621125369	0.019568287716392057	0.07710380996629064	0.21736847142041993	0.04451083685360337	0.018820342920139812	13.49317585437087	9.340422154314146	0.09555920642816353	3.4663885172682676	0.47636570940776785	0.3325034563436717	0.0
/vol/bitbucket/osella/rl-qecc-data/supervisedLearning/sweep2/g5_mix_66_H7_s3000.pth	7	3000	24	mixed	[(6, 6)]	True	False	False	False	geometric5	18402947	5	15	2026-08-01	mixed_66	0.020443871784302178	0.05872460106542499	0.012015444943215412	0.03783069425269709	0.09489769333547318	0.10672836803210528	0.0421508047636348	0.018820342920139812	12.38347806106117	9.340422154314146	0.05747513198010175	4.795443193148798	0.35089521115230027	0.2423358885584403	0.0
/vol/bitbucket/osella/rl-qecc-data/supervisedLearning/sweep2/g5_mix_66_H7_s7134066.pth	7	7134066	24	mixed	[(6, 6)]	True	False	False	False	geometric5	18402947	5	15	2026-08-01	mixed_66	0.020443871784302178	0.0882193485779705	0.02465239141932579	0.06350742420969595	0.13572830079758322	0.17314166683363752	0.04406695962960947	0.018820342920139812	14.202094038555021	9.340422154314146	0.08677211406654736	5.783766721522659	0.23245898094370032	0.16496650647797576	0.0
/vol/bitbucket/osella/rl-qecc-data/supervisedLearning/sweep2/g5_ground_anch_H10_s466555.pth	10	466555	2	groundAnchored	[(6, 6), (9, 6), (12, 6), (15, 3)]	True	True	True	True	geometric5	4412297	15	3	2026-08-01	groundAnchored_66-96-126-153	0.022257119563161308	0.06534463696324808	0.011254530922361098	0.04083257761579889	0.13523481766388745	0.10810936157727716	0.031291897036915234	0.020227998625672306	12.909380065282566	10.427155327325456	0.07110084793387109	1.8121676175999895	0.32650044416627005	0.22517385259747216	0.0
/vol/bitbucket/osella/rl-qecc-data/supervisedLearning/sweep2/g5_ground_anch_H3_s12345.pth	3	12345	2	groundAnchored	[(6, 6), (9, 6), (12, 6), (15, 3)]	True	True	True	True	geometric5	4412297	15	3	2026-08-01	groundAnchored_66-96-126-153	0.022257119563161308	0.09002535483658829	0.07371842142218286	0.11100543003513073	0.11616128852292554	0.11929648591666725	0.029945148286034295	0.020227998625672306	15.996061549661697	10.427155327325456	0.06370850890481813	1.8048016768617696	0.36772051049623733	0.25414519727233614	0.02
/vol/bitbucket/osella/rl-qecc-data/supervisedLearning/sweep2/g5_ground_anch_H3_s54321.pth	3	54321	2	groundAnchored	[(6, 6), (9, 6), (12, 6), (15, 3)]	True	True	True	True	geometric5	4412297	15	3	2026-08-01	groundAnchored_66-96-126-153	0.022257119563161308	0.06327158401914654	0.005755513901319795	0.022258358855184634	0.09045820867873335	0.1639415082920057	0.0339443303684889	0.020227998625672306	13.37353384770663	10.427155327325456	0.09114047117547043	1.8137419665116739	0.5555901015626552	0.3929315299361698	0.02
/vol/bitbucket/osella/rl-qecc-data/supervisedLearning/sweep2/g5_ground_anch_H4_s3000.pth	4	3000	2	groundAnchored	[(6, 6), (9, 6), (12, 6), (15, 3)]	True	True	True	True	geometric5	4412297	15	3	2026-08-01	groundAnchored_66-96-126-153	0.022257119563161308	0.06600928799267788	0.013849468739721411	0.03297690732355062	0.08103750231100203	0.1703828333481945	0.031799728240920914	0.020227998625672306	13.054855330514739	10.427155327325456	0.08665254625029115	1.8227539534184702	0.5214232301931857	0.3681283243905758	0.02
/vol/bitbucket/osella/rl-qecc-data/supervisedLearning/sweep2/g5_ground_anch_H4_s7134066.pth	4	7134066	2	groundAnchored	[(6, 6), (9, 6), (12, 6), (15, 3)]	True	True	True	True	geometric5	4412297	15	3	2026-08-01	groundAnchored_66-96-126-153	0.022257119563161308	0.05433664034747634	0.007855168199314073	0.02461568169587642	0.07529443553736229	0.13379465449927233	0.0301232618055564	0.020227998625672306	12.38141943701394	10.427155327325456	0.07056224649023712	1.8072927133371344	0.47941309795479825	0.3349069638691148	0.0
/vol/bitbucket/osella/rl-qecc-data/supervisedLearning/sweep2/g5_ground_anch_H6_s466555.pth	6	466555	2	groundAnchored	[(6, 6), (9, 6), (12, 6), (15, 3)]	True	True	True	True	geometric5	4412297	15	3	2026-08-01	groundAnchored_66-96-126-153	0.022257119563161308	0.05503466573522635	0.008977706918686145	0.024156478174768153	0.07056004771228643	0.1367532094460454	0.034725886424345154	0.020227998625672306	12.290533265286951	10.427155327325456	0.0751075396700333	1.829477994892509	0.5592230524917244	0.39597341320955015	0.0
/vol/bitbucket/osella/rl-qecc-data/supervisedLearning/sweep2/g5_ground_anch_H7_s12345.pth	7	12345	2	groundAnchored	[(6, 6), (9, 6), (12, 6), (15, 3)]	True	True	True	True	geometric5	4412297	15	3	2026-08-01	groundAnchored_66-96-126-153	0.022257119563161308	0.06310941532696357	0.009928532900802062	0.028476926777353473	0.08761938566948356	0.1597571540971578	0.029765077190020164	0.020227998625672306	12.839199608019927	10.427155327325456	0.08109325204041613	1.7939291766720387	0.47438436255582966	0.3309430696267801	0.02
/vol/bitbucket/osella/rl-qecc-data/supervisedLearning/sweep2/g5_ground_anch_H7_s54321.pth	7	54321	2	groundAnchored	[(6, 6), (9, 6), (12, 6), (15, 3)]	True	True	True	True	geometric5	4412297	15	3	2026-08-01	groundAnchored_66-96-126-153	0.022257119563161308	0.055741137754410724	0.005420582212971293	0.02130504234076155	0.09130148316556462	0.12990579748708764	0.03077278356566843	0.020227998625672306	13.585012292505834	10.427155327325456	0.07361550954215917	1.810490724503407	0.3674276376277343	0.2531364073983902	0.02
/vol/bitbucket/osella/rl-qecc-data/supervisedLearning/sweep2/g5_ground_pure_H10_s3000.pth	10	3000	2	groundPure	[(6, 6), (9, 6), (12, 6), (15, 3)]	True	True	True	True	geometric5	4412297	15	3	2026-08-01	groundPure_66-96-126-153	0.022257119563161308	0.08266690614460338	0.005733898553101722	0.020870803839475344	0.10059964752722272	0.2565117219543769	0.02961845884884196	0.020227998625672306	14.756499278013269	10.427155327325456	0.12572705631690842	1.8080514259076084	0.49375160362306114	0.3495707141543854	0.0
/vol/bitbucket/osella/rl-qecc-data/supervisedLearning/sweep2/g5_ground_pure_H10_s7134066.pth	10	7134066	2	groundPure	[(6, 6), (9, 6), (12, 6), (15, 3)]	True	True	True	True	geometric5	4412297	15	3	2026-08-01	groundPure_66-96-126-153	0.022257119563161308	0.06856698658998268	0.045160752849014614	0.06328939854452571	0.09542004267931034	0.10761741689125454	0.03134732198580742	0.020227998625672306	14.027558109972752	10.427155327325456	0.0643296265367243	1.8162211062996279	0.3658621167155295	0.25433069116905976	0.0
/vol/bitbucket/osella/rl-qecc-data/supervisedLearning/sweep2/g5_ground_pure_H3_s466555.pth	3	466555	2	groundPure	[(6, 6), (9, 6), (12, 6), (15, 3)]	True	True	True	True	geometric5	4412297	15	3	2026-08-01	groundPure_66-96-126-153	0.022257119563161308	0.06542992555206036	0.01798329398327553	0.042250839149871176	0.0803472914784069	0.15465191733167907	0.031916285817068124	0.020227998625672306	12.84435284202328	10.427155327325456	0.07970193482885812	1.8201124726267888	0.5499508137721103	0.3897349482161077	0.02
/vol/bitbucket/osella/rl-qecc-data/supervisedLearning/sweep2/g5_ground_pure_H4_s12345.pth	4	12345	2	groundPure	[(6, 6), (9, 6), (12, 6), (15, 3)]	True	True	True	True	geometric5	4412297	15	3	2026-08-01	groundPure_66-96-126-153	0.022257119563161308	0.07878920020523361	0.005821431593760971	0.020317545825613556	0.10912728540264903	0.22785462874685702	0.03082510945728809	0.020227998625672306	14.859269590739958	10.427155327325456	0.11560834214155755	1.8030278733814527	0.540088719785849	0.37936952074554176	0.04
/vol/bitbucket/osella/rl-qecc-data/supervisedLearning/sweep2/g5_ground_pure_H4_s54321.pth	4	54321	2	groundPure	[(6, 6), (9, 6), (12, 6), (15, 3)]	True	True	True	True	geometric5	4412297	15	3	2026-08-01	groundPure_66-96-126-153	0.022257119563161308	0.0647905339563105	0.011354052040855612	0.032150348116013645	0.07251452397699368	0.17818584647209076	0.029747899175598235	0.020227998625672306	12.967297207179817	10.427155327325456	0.08252989105259954	1.8200589483638285	0.5183844740813413	0.3641047337834545	0.04
/vol/bitbucket/osella/rl-qecc-data/supervisedLearning/sweep2/g5_ground_pure_H6_s3000.pth	6	3000	2	groundPure	[(6, 6), (9, 6), (12, 6), (15, 3)]	True	True	True	True	geometric5	4412297	15	3	2026-08-01	groundPure_66-96-126-153	0.022257119563161308	0.06583538042319367	0.005792003813014435	0.020435262820560744	0.09668204859348813	0.1762915901493209	0.029975996739583927	0.020227998625672306	13.983682881175218	10.427155327325456	0.08843551277708013	1.8163885278790186	0.41462894103722164	0.2879780119397682	0.0
/vol/bitbucket/osella/rl-qecc-data/supervisedLearning/sweep2/g5_ground_pure_H6_s7134066.pth	6	7134066	2	groundPure	[(6, 6), (9, 6), (12, 6), (15, 3)]	True	True	True	True	geometric5	4412297	15	3	2026-08-01	groundPure_66-96-126-153	0.022257119563161308	0.09662856307683876	0.005568883229348795	0.020280064729476553	0.11484456195514624	0.31238694582879195	0.03006235964142977	0.020227998625672306	16.84287835649541	10.427155327325456	0.15412224193668406	1.8156990864736466	0.4987066562710653	0.34892410481530195	0.0
/vol/bitbucket/osella/rl-qecc-data/supervisedLearning/sweep2/g5_ground_pure_H7_s466555.pth	7	466555	2	groundPure	[(6, 6), (9, 6), (12, 6), (15, 3)]	True	True	True	True	geometric5	4412297	15	3	2026-08-01	groundPure_66-96-126-153	0.022257119563161308	0.060650746840822035	0.005427417577722203	0.02109809179528527	0.10134679857059828	0.1456728450814342	0.029708581179070947	0.020227998625672306	13.935550354332786	10.427155327325456	0.07992384661908138	1.8108381838312269	0.368854736081176	0.25100039580750494	0.0
/vol/bitbucket/osella/rl-qecc-data/supervisedLearning/sweep2/g5_mix_66-96-126-153_H10_s12345.pth	10	12345	6	mixed	[(6, 6), (9, 6), (12, 6), (15, 3)]	True	True	True	True	geometric5	4412297	15	3	2026-08-01	mixed_66-96-126-153	0.022257119563161308	0.035753623217060854	0.006887788468400009	0.01955929950589598	0.04902763766797093	0.07239803279893184	0.03089535764410554	0.020227998625672306	11.41235197279484	10.427155327325456	0.044328113988551715	1.8059931607729263	0.686455554144918	0.5010319652957335	0.02
/vol/bitbucket/osella/rl-qecc-data/supervisedLearning/sweep2/g5_mix_66-96-126-153_H10_s54321.pth	10	54321	6	mixed	[(6, 6), (9, 6), (12, 6), (15, 3)]	True	True	True	True	geometric5	4412297	15	3	2026-08-01	mixed_66-96-126-153	0.022257119563161308	0.036169910014328906	0.007308276331258034	0.020486467099578173	0.04925432339629882	0.07248552192426638	0.03131496132024301	0.020227998625672306	11.4035961841476	10.427155327325456	0.04446622221433136	1.8230840223434097	0.6860750967963944	0.5006457150276306	0.0
/vol/bitbucket/osella/rl-qecc-data/supervisedLearning/sweep2/g5_mix_66-96-126-153_H3_s3000.pth	3	3000	6	mixed	[(6, 6), (9, 6), (12, 6), (15, 3)]	True	True	True	True	geometric5	4412297	15	3	2026-08-01	mixed_66-96-126-153	0.022257119563161308	0.03569981620417538	0.006813693911094932	0.019686080462350798	0.04890969761969515	0.07208663657825988	0.031002972449475936	0.020227998625672306	11.401255809304208	10.427155327325456	0.04423239519150202	1.8122835890409696	0.6887161058178197	0.5028535947294496	0.04
/vol/bitbucket/osella/rl-qecc-data/supervisedLearning/sweep2/g5_mix_66-96-126-153_H3_s7134066.pth	3	7134066	6	mixed	[(6, 6), (9, 6), (12, 6), (15, 3)]	True	True	True	True	geometric5	4412297	15	3	2026-08-01	mixed_66-96-126-153	0.022257119563161308	0.0363763496846594	0.007163349758840609	0.020393816342979845	0.050258943141541924	0.07291943540402053	0.031146203775914063	0.020227998625672306	11.423571085272888	10.427155327325456	0.04475422559284597	1.8111545401682156	0.680355118460566	0.49571228212547624	0.0
/vol/bitbucket/osella/rl-qecc-data/supervisedLearning/sweep2/g5_mix_66-96-126-153_H4_s466555.pth	4	466555	6	mixed	[(6, 6), (9, 6), (12, 6), (15, 3)]	True	True	True	True	geometric5	4412297	15	3	2026-08-01	mixed_66-96-126-153	0.022257119563161308	0.03619861805916037	0.007182456999184202	0.02050731650057309	0.050008721771664794	0.07223893988821523	0.0310556551361648	0.020227998625672306	11.407102894413663	10.427155327325456	0.044413425999568115	1.8147528967156419	0.6866553798987314	0.501390967578262	0.02
/vol/bitbucket/osella/rl-qecc-data/supervisedLearning/sweep2/g5_mix_66-96-126-153_H6_s12345.pth	6	12345	6	mixed	[(6, 6), (9, 6), (12, 6), (15, 3)]	True	True	True	True	geometric5	4412297	15	3	2026-08-01	mixed_66-96-126-153	0.022257119563161308	0.03717390949035309	0.00740678470388142	0.020940149806541845	0.052297646384998196	0.0738745710788536	0.03135039547749024	0.020227998625672306	11.456223146170013	10.427155327325456	0.045257876140373625	1.8240826295065171	0.6704323037917111	0.4870505077531485	0.02
/vol/bitbucket/osella/rl-qecc-data/supervisedLearning/sweep2/g5_mix_66-96-126-153_H6_s54321.pth	6	54321	6	mixed	[(6, 6), (9, 6), (12, 6), (15, 3)]	True	True	True	True	geometric5	4412297	15	3	2026-08-01	mixed_66-96-126-153	0.022257119563161308	0.035761408352557485	0.007034352543748424	0.01978177891009792	0.04851522596918102	0.07219091615987844	0.031284768179881906	0.020227998625672306	11.402669164219331	10.427155327325456	0.04427196694840703	1.838689810578994	0.6872773641489418	0.5015201672723346	0.04
/vol/bitbucket/osella/rl-qecc-data/supervisedLearning/sweep2/g5_mix_66-96-126-153_H7_s3000.pth	7	3000	6	mixed	[(6, 6), (9, 6), (12, 6), (15, 3)]	True	True	True	True	geometric5	4412297	15	3	2026-08-01	mixed_66-96-126-153	0.022257119563161308	0.03680313355863362	0.0070822714929845475	0.020620052197039787	0.05122977195459667	0.07399726184946712	0.031086310299080346	0.020227998625672306	11.441458600190003	10.427155327325456	0.04521162888154016	1.8186800866007535	0.6732179067383253	0.4895013538055222	0.04
/vol/bitbucket/osella/rl-qecc-data/supervisedLearning/sweep2/g5_mix_66-96-126-153_H7_s7134066.pth	7	7134066	6	mixed	[(6, 6), (9, 6), (12, 6), (15, 3)]	True	True	True	True	geometric5	4412297	15	3	2026-08-01	mixed_66-96-126-153	0.022257119563161308	0.03712987258831324	0.007543669498077691	0.021513437188593647	0.052036333391791346	0.07375459622777755	0.030801326635325785	0.020227998625672306	11.444263924118893	10.427155327325456	0.04518580123193914	1.8193737123953626	0.6787988370433256	0.4945893507762882	0.04
/vol/bitbucket/osella/rl-qecc-data/supervisedLearning/sweep2/g5_mix_66-96-126_H10_s466555.pth	10	466555	8	mixed	[(6, 6), (9, 6), (12, 6)]	True	True	True	False	geometric5	4412297	15	3	2026-08-01	mixed_66-96-126	0.022257119563161308	0.06963182442448236	0.015418369341428742	0.04020857696868937	0.10591939985989365	0.15624073310688538	0.030372042845515517	0.020227998625672306	13.713519923402728	10.427155327325456	0.09128463097721164	4.012061550943451	0.5730613500022652	0.40636318892607826	0.0
/vol/bitbucket/osella/rl-qecc-data/supervisedLearning/sweep2/g5_mix_66-96-126_H3_s12345.pth	3	12345	8	mixed	[(6, 6), (9, 6), (12, 6)]	True	True	True	False	geometric5	4412297	15	3	2026-08-01	mixed_66-96-126	0.022257119563161308	0.13714693530689226	0.06927159908826865	0.1570229549007724	0.2613565923779035	0.16803987406172372	0.030043656105792377	0.020227998625672306	19.3442235525223	10.427155327325456	0.1309365590695087	5.44997736445843	0.4771103932236146	0.33297228607054813	0.0
/vol/bitbucket/osella/rl-qecc-data/supervisedLearning/sweep2/g5_mix_66-96-126_H3_s54321.pth	3	54321	8	mixed	[(6, 6), (9, 6), (12, 6)]	True	True	True	False	geometric5	4412297	15	3	2026-08-01	mixed_66-96-126	0.022257119563161308	0.10665024590846668	0.027481719553138204	0.0768356999795831	0.20468880171332263	0.19464235632112187	0.029602651975167486	0.020227998625672306	16.03966480571757	10.427155327325456	0.12805788803913995	2.753789097605553	0.5749898436183459	0.4066921164471974	0.04
/vol/bitbucket/osella/rl-qecc-data/supervisedLearning/sweep2/g5_mix_66-96-126_H4_s3000.pth	4	3000	8	mixed	[(6, 6), (9, 6), (12, 6)]	True	True	True	False	geometric5	4412297	15	3	2026-08-01	mixed_66-96-126	0.022257119563161308	0.06831606211107874	0.04166467634774506	0.05966756801178366	0.08834432562655471	0.1220812293287995	0.02982251124051145	0.020227998625672306	13.197505465252913	10.427155327325456	0.07380847396975343	3.3687828554060686	0.6102210813834316	0.43731499951247144	0.04
/vol/bitbucket/osella/rl-qecc-data/supervisedLearning/sweep2/g5_mix_66-96-126_H4_s7134066.pth	4	7134066	8	mixed	[(6, 6), (9, 6), (12, 6)]	True	True	True	False	geometric5	4412297	15	3	2026-08-01	mixed_66-96-126	0.022257119563161308	0.09900056229486952	0.03310669950945191	0.06665056438718367	0.15799587035174967	0.20706690127862679	0.030182775947336024	0.020227998625672306	17.32069856981275	10.427155327325456	0.12962118974754483	7.509521640898582	0.5876647932505678	0.4184240170529998	0.0
/vol/bitbucket/osella/rl-qecc-data/supervisedLearning/sweep2/g5_mix_66-96-126_H6_s466555.pth	6	466555	8	mixed	[(6, 6), (9, 6), (12, 6)]	True	True	True	False	geometric5	4412297	15	3	2026-08-01	mixed_66-96-126	0.022257119563161308	0.06274683881334504	0.013775424144636969	0.03785695213239208	0.09835188955308427	0.13373143155583497	0.03001849668077815	0.020227998625672306	13.147262749210334	10.427155327325456	0.08175518164687995	2.724912833980865	0.5602059989174245	0.39841672424422486	0.06
/vol/bitbucket/osella/rl-qecc-data/supervisedLearning/sweep2/g5_mix_66-96-126_H7_s12345.pth	7	12345	8	mixed	[(6, 6), (9, 6), (12, 6)]	True	True	True	False	geometric5	4412297	15	3	2026-08-01	mixed_66-96-126	0.022257119563161308	0.07574842917327607	0.021519285531063987	0.054817143148633674	0.1257922541329676	0.14670090895379662	0.029912554099919074	0.020227998625672306	14.310544120945778	10.427155327325456	0.0918376722476187	4.517980850735159	0.542469827390177	0.38345834613822344	0.02
/vol/bitbucket/osella/rl-qecc-data/supervisedLearning/sweep2/g5_mix_66-96-126_H7_s54321.pth	7	54321	8	mixed	[(6, 6), (9, 6), (12, 6)]	True	True	True	False	geometric5	4412297	15	3	2026-08-01	mixed_66-96-126	0.022257119563161308	0.05987928183552321	0.00922556387864488	0.025171860606711633	0.07524932388657639	0.1599622931006611	0.029787367705022435	0.020227998625672306	13.506746968288718	10.427155327325456	0.08950714242184223	3.967604062448219	0.6077692608536119	0.43475749890541415	0.06
/vol/bitbucket/osella/rl-qecc-data/supervisedLearning/sweep2/g5_mix_66-96_H10_s3000.pth	10	3000	12	mixed	[(6, 6), (9, 6)]	True	True	False	False	geometric5	4412297	15	3	2026-08-01	mixed_66-96	0.022257119563161308	0.0477207005949955	0.00854814598777062	0.025071148256193068	0.07231107523356115	0.10268142277521947	0.029991710722233292	0.020227998625672306	12.716418495001136	10.427155327325456	0.06312134616867292	3.4445012709448557	0.5566689079840997	0.39275731934610647	0.0
/vol/bitbucket/osella/rl-qecc-data/supervisedLearning/sweep2/g5_mix_66-96_H10_s7134066.pth	10	7134066	12	mixed	[(6, 6), (9, 6)]	True	True	False	False	geometric5	4412297	15	3	2026-08-01	mixed_66-96	0.022257119563161308	0.043174107169051706	0.007591574575451892	0.023257635577098208	0.06833070331281378	0.08620034889251724	0.030490273487377907	0.020227998625672306	12.155682086945841	10.427155327325456	0.05244323101970384	2.644891635196119	0.5325417748737878	0.37430345680923344	0.0
/vol/bitbucket/osella/rl-qecc-data/supervisedLearning/sweep2/g5_mix_66-96_H3_s466555.pth	3	466555	12	mixed	[(6, 6), (9, 6)]	True	True	False	False	geometric5	4412297	15	3	2026-08-01	mixed_66-96	0.022257119563161308	0.05799241983531961	0.013125000732536005	0.03450795984083158	0.0917909232058167	0.12052928571330858	0.03000892968410512	0.020227998625672306	13.018366349405797	10.427155327325456	0.07615300943785654	3.8454795598408507	0.6031377575252431	0.42800022107559504	0.02
/vol/bitbucket/osella/rl-qecc-data/supervisedLearning/sweep2/g5_mix_66-96_H4_s12345.pth	4	12345	12	mixed	[(6, 6), (9, 6)]	True	True	False	False	geometric5	4412297	15	3	2026-08-01	mixed_66-96	0.022257119563161308	0.05765030150897877	0.03124216474531498	0.046294467736500665	0.08290284506467066	0.09351667575663743	0.034295354241769965	0.020227998625672306	12.690614761758553	10.427155327325456	0.05720167812936121	1.9966774303035588	0.4998556021710724	0.35504845936093943	0.0
/vol/bitbucket/osella/rl-qecc-data/supervisedLearning/sweep2/g5_mix_66-96_H4_s54321.pth	4	54321	12	mixed	[(6, 6), (9, 6)]	True	True	False	False	geometric5	4412297	15	3	2026-08-01	mixed_66-96	0.022257119563161308	0.07256024541860921	0.008038226127713327	0.024704978869610247	0.1121955507215728	0.18576739261742112	0.032095078756729074	0.020227998625672306	14.817626507425269	10.427155327325456	0.10582750661106326	3.4656854310000313	0.3471270321698413	0.23818603746368228	0.04
/vol/bitbucket/osella/rl-qecc-data/supervisedLearning/sweep2/g5_mix_66-96_H6_s3000.pth	6	3000	12	mixed	[(6, 6), (9, 6)]	True	True	False	False	geometric5	4412297	15	3	2026-08-01	mixed_66-96	0.022257119563161308	0.0428570043082862	0.00640354649262835	0.020206004207738992	0.06581202038582427	0.09053662265374672	0.031326827801492936	0.020227998625672306	12.332113574398505	10.427155327325456	0.05369572193185774	2.417765249246663	0.5300348065985276	0.3734232771193761	0.0
/vol/bitbucket/osella/rl-qecc-data/supervisedLearning/sweep2/g5_mix_66-96_H6_s7134066.pth	6	7134066	12	mixed	[(6, 6), (9, 6)]	True	True	False	False	geometric5	4412297	15	3	2026-08-01	mixed_66-96	0.022257119563161308	0.04468066173566842	0.0066906292553672395	0.020911437461666123	0.07411919894562659	0.08838172249886701	0.03330032051681529	0.020227998625672306	12.359226458376472	10.427155327325456	0.055466745916253925	2.0735038225407108	0.5289932059235578	0.37079293866928015	0.04
/vol/bitbucket/osella/rl-qecc-data/supervisedLearning/sweep2/g5_mix_66-96_H7_s466555.pth	7	466555	12	mixed	[(6, 6), (9, 6)]	True	True	False	False	geometric5	4412297	15	3	2026-08-01	mixed_66-96	0.022257119563161308	0.052988775457258476	0.015164554670253572	0.035477191034583716	0.08596297383141602	0.09798888090569591	0.030350276844342952	0.020227998625672306	12.593048605237842	10.427155327325456	0.0623372446170066	2.689960451720032	0.5362328653322289	0.3784443426036455	0.02
/vol/bitbucket/osella/rl-qecc-data/supervisedLearning/sweep2/g5_mix_66_H10_s12345.pth	10	12345	24	mixed	[(6, 6)]	True	False	False	False	geometric5	4412297	15	3	2026-08-01	mixed_66	0.022257119563161308	0.05872127301902626	0.016820896563735036	0.03974384386112097	0.08305292498326151	0.12366921358521402	0.030319486101800533	0.020227998625672306	12.843433869255959	10.427155327325456	0.06790649917506746	4.415243147193724	0.38592738153870815	0.26416014079327677	0.04
/vol/bitbucket/osella/rl-qecc-data/supervisedLearning/sweep2/g5_mix_66_H10_s54321.pth	10	54321	24	mixed	[(6, 6)]	True	False	False	False	geometric5	4412297	15	3	2026-08-01	mixed_66	0.022257119563161308	0.0656152373244682	0.010806783320383477	0.03202330906461359	0.09601694351661437	0.1591184685414112	0.030110682179316912	0.020227998625672306	13.531775645255635	10.427155327325456	0.0816574706998419	3.3874234268911274	0.41477413925789924	0.290483286488167	0.0
/vol/bitbucket/osella/rl-qecc-data/supervisedLearning/sweep2/g5_mix_66_H3_s3000.pth	3	3000	24	mixed	[(6, 6)]	True	False	False	False	geometric5	4412297	15	3	2026-08-01	mixed_66	0.022257119563161308	0.05868080250376999	0.013127113076101798	0.03956508516711087	0.10669212284008327	0.10413589640474821	0.029883795030805776	0.020227998625672306	13.726776962653878	10.427155327325456	0.06549646987197687	5.639746999659613	0.3540642538383784	0.24860882417004965	0.0
/vol/bitbucket/osella/rl-qecc-data/supervisedLearning/sweep2/g5_mix_66_H3_s7134066.pth	3	7134066	24	mixed	[(6, 6)]	True	False	False	False	geometric5	4412297	15	3	2026-08-01	mixed_66	0.022257119563161308	0.07018185425105321	0.009763156955621641	0.029313067852090487	0.09998215721527653	0.18143180069429082	0.03041908853798636	0.020227998625672306	13.973344427750902	10.427155327325456	0.09337680380055642	3.5701140971851713	0.4045852081114827	0.2810605040755117	0.0
/vol/bitbucket/osella/rl-qecc-data/supervisedLearning/sweep2/g5_mix_66_H4_s466555.pth	4	466555	24	mixed	[(6, 6)]	True	False	False	False	geometric5	4412297	15	3	2026-08-01	mixed_66	0.022257119563161308	0.09952098736602434	0.03265784535763144	0.0975610224512607	0.19842324273079096	0.13901722835849167	0.029945597931946982	0.020227998625672306	16.620802699612536	10.427155327325456	0.09755909206205919	8.517254414294682	0.29474095400071043	0.20562263382832174	0.02
/vol/bitbucket/osella/rl-qecc-data/supervisedLearning/sweep2/g5_mix_66_H6_s12345.pth	6	12345	24	mixed	[(6, 6)]	True	False	False	False	geometric5	4412297	15	3	2026-08-01	mixed_66	0.022257119563161308	0.06313551078432889	0.020506722675709944	0.05428621087673051	0.11432182960918494	0.09649477330215794	0.030068017457860773	0.020227998625672306	14.41613702025963	10.427155327325456	0.06559515354132177	8.265565387400944	0.398435477834773	0.28141893199724866	0.0
/vol/bitbucket/osella/rl-qecc-data/supervisedLearning/sweep2/g5_mix_66_H6_s54321.pth	6	54321	24	mixed	[(6, 6)]	True	False	False	False	geometric5	4412297	15	3	2026-08-01	mixed_66	0.022257119563161308	0.04895802537651427	0.00668139690483916	0.02442218996424435	0.08255207665968754	0.10055375688834257	0.03058070646545811	0.020227998625672306	12.822298144737369	10.427155327325456	0.05980380550201143	2.3555941674803837	0.40701704184044263	0.2798816579437143	0.02
/vol/bitbucket/osella/rl-qecc-data/supervisedLearning/sweep2/g5_mix_66_H7_s3000.pth	7	3000	24	mixed	[(6, 6)]	True	False	False	False	geometric5	4412297	15	3	2026-08-01	mixed_66	0.022257119563161308	0.06015564149230487	0.019195249431357093	0.05241583588097692	0.10456897693672379	0.09472385692373402	0.029874288288732957	0.020227998625672306	13.62111094369082	10.427155327325456	0.06063988760972377	6.929214137479304	0.47102690413721116	0.33097211658694664	0.02
/vol/bitbucket/osella/rl-qecc-data/supervisedLearning/sweep2/g5_mix_66_H7_s7134066.pth	7	7134066	24	mixed	[(6, 6)]	True	False	False	False	geometric5	4412297	15	3	2026-08-01	mixed_66	0.022257119563161308	0.0669323699715313	0.01859025541666958	0.0529923882566517	0.11740222028411566	0.115601953940676	0.03007503195954347	0.020227998625672306	14.050781177094724	10.427155327325456	0.07185582280225877	4.812089923732592	0.3500265948308686	0.242489546620525	0.0
/vol/bitbucket/osella/rl-qecc-data/supervisedLearning/sweep2/g5_ground_anch_H10_s466555.pth	10	466555	2	groundAnchored	[(6, 6), (9, 6), (12, 6), (15, 3)]	True	True	True	True	geometric5	1353227	12	6	2026-08-01	groundAnchored_66-96-126-153	0.01850424850243222	0.059817051398590664	0.0034416344782081175	0.013244422065174505	0.06199962904309671	0.19999918885897697	0.0204003825474971	0.01488279008886767	9.772235381060156	7.378381754377372	0.09687175895961544	2.437553086657362	0.5735440556897875	0.4071946395547964	0.0
/vol/bitbucket/osella/rl-qecc-data/supervisedLearning/sweep2/g5_ground_anch_H3_s12345.pth	3	12345	2	groundAnchored	[(6, 6), (9, 6), (12, 6), (15, 3)]	True	True	True	True	geometric5	1353227	12	6	2026-08-01	groundAnchored_66-96-126-153	0.01850424850243222	0.07130493207024109	0.00492897757657172	0.013456842356023124	0.05661193966502507	0.2648234875712656	0.016703413182319538	0.01488279008886767	10.454366281757867	7.378381754377372	0.12279738287453994	2.4346713003757587	0.5742912045770725	0.40721629501515394	0.0
/vol/bitbucket/osella/rl-qecc-data/supervisedLearning/sweep2/g5_ground_anch_H3_s54321.pth	3	54321	2	groundAnchored	[(6, 6), (9, 6), (12, 6), (15, 3)]	True	True	True	True	geometric5	1353227	12	6	2026-08-01	groundAnchored_66-96-126-153	0.01850424850243222	0.08138276948262779	0.002925702373156862	0.010755399470064153	0.06181414218838042	0.30772759791409493	0.023691005467442797	0.01488279008886767	11.195085768938476	7.378381754377372	0.15018691074128326	2.438364401501417	0.6065084475942754	0.4328924179538024	0.02
/vol/bitbucket/osella/rl-qecc-data/supervisedLearning/sweep2/g5_ground_anch_H4_s3000.pth	4	3000	2	groundAnchored	[(6, 6), (9, 6), (12, 6), (15, 3)]	True	True	True	True	geometric5	1353227	12	6	2026-08-01	groundAnchored_66-96-126-153	0.01850424850243222	0.07480354854879619	0.003981490099106271	0.012447613085789528	0.05740508758703971	0.28037504590161605	0.019808506070429385	0.01488279008886767	10.528266682869932	7.378381754377372	0.1337837908492369	2.440815576038237	0.6515750016975962	0.4724606535304954	0.04
/vol/bitbucket/osella/rl-qecc-data/supervisedLearning/sweep2/g5_ground_anch_H4_s7134066.pth	4	7134066	2	groundAnchored	[(6, 6), (9, 6), (12, 6), (15, 3)]	True	True	True	True	geometric5	1353227	12	6	2026-08-01	groundAnchored_66-96-126-153	0.01850424850243222	0.0777573414472625	0.003038203634104568	0.01031846159760703	0.06039395986521609	0.29432636395215933	0.020709718187225428	0.01488279008886767	10.849368486233214	7.378381754377372	0.14209405209142706	2.449910519227867	0.5919000692267594	0.4193295846083706	0.04
/vol/bitbucket/osella/rl-qecc-data/supervisedLearning/sweep2/g5_ground_anch_H6_s466555.pth	6	466555	2	groundAnchored	[(6, 6), (9, 6), (12, 6), (15, 3)]	True	True	True	True	geometric5	1353227	12	6	2026-08-01	groundAnchored_66-96-126-153	0.01850424850243222	0.05373754693348692	0.0038536234994169284	0.011960801581738609	0.05339948289545548	0.18375641260438397	0.015717414086439944	0.01488279008886767	9.578564784884213	7.378381754377372	0.08521127173799914	2.452928306271298	0.6177999553946542	0.442452792470255	0.04
/vol/bitbucket/osella/rl-qecc-data/supervisedLearning/sweep2/g5_ground_anch_H7_s12345.pth	7	12345	2	groundAnchored	[(6, 6), (9, 6), (12, 6), (15, 3)]	True	True	True	True	geometric5	1353227	12	6	2026-08-01	groundAnchored_66-96-126-153	0.01850424850243222	0.054611863962864264	0.004349539608244206	0.01299975366600367	0.05111019718917193	0.1889468810697095	0.01565294828119187	0.01488279008886767	9.536010569854088	7.378381754377372	0.08687412619472717	2.4292342418542825	0.6755279305454371	0.49756708434958263	0.02
/vol/bitbucket/osella/rl-qecc-data/supervisedLearning/sweep2/g5_ground_anch_H7_s54321.pth	7	54321	2	groundAnchored	[(6, 6), (9, 6), (12, 6), (15, 3)]	True	True	True	True	geometric5	1353227	12	6	2026-08-01	groundAnchored_66-96-126-153	0.01850424850243222	0.07609525536263977	0.0026495607512435496	0.009370785226192604	0.06504310681319955	0.2849012393560001	0.01851158466656331	0.01488279008886767	11.088598825125294	7.378381754377372	0.1374669100221986	2.429245316025152	0.5810113249311034	0.41290847052777574	0.0
/vol/bitbucket/osella/rl-qecc-data/supervisedLearning/sweep2/g5_ground_pure_H10_s3000.pth	10	3000	2	groundPure	[(6, 6), (9, 6), (12, 6), (15, 3)]	True	True	True	True	geometric5	1353227	12	6	2026-08-01	groundPure_66-96-126-153	0.01850424850243222	0.0599046679812207	0.0030340078338700004	0.010857601862518012	0.05386352508532988	0.21630788271214726	0.01546032241223831	0.01488279008886767	9.967917931066864	7.378381754377372	0.09993483292464099	2.4411048417978365	0.6774046930980842	0.493153778418498	0.02
/vol/bitbucket/osella/rl-qecc-data/supervisedLearning/sweep2/g5_ground_pure_H10_s7134066.pth	10	7134066	2	groundPure	[(6, 6), (9, 6), (12, 6), (15, 3)]	True	True	True	True	geometric5	1353227	12	6	2026-08-01	groundPure_66-96-126-153	0.01850424850243222	0.059629664039288405	0.003736371165092907	0.012853041988471035	0.05694104135690156	0.20586543408040026	0.01875243160557615	0.01488279008886767	9.715402745036409	7.378381754377372	0.09684407499219715	2.458041277906821	0.5701568440108249	0.4027367175985641	0.0
/vol/bitbucket/osella/rl-qecc-data/supervisedLearning/sweep2/g5_ground_pure_H3_s466555.pth	3	466555	2	groundPure	[(6, 6), (9, 6), (12, 6), (15, 3)]	True	True	True	True	geometric5	1353227	12	6	2026-08-01	groundPure_66-96-126-153	0.01850424850243222	0.061221822119856946	0.003582997780008799	0.014231503546093685	0.05529260004449384	0.21676017607090545	0.016241833157782413	0.01488279008886767	9.840597887286425	7.378381754377372	0.09738549598209062	2.4972058361803002	0.6508994726978649	0.470640446134329	0.0
/vol/bitbucket/osella/rl-qecc-data/supervisedLearning/sweep2/g5_ground_pure_H4_s12345.pth	4	12345	2	groundPure	[(6, 6), (9, 6), (12, 6), (15, 3)]	True	True	True	True	geometric5	1353227	12	6	2026-08-01	groundPure_66-96-126-153	0.01850424850243222	0.08589397712995625	0.0031317997824529386	0.01055318802547162	0.06371217582826963	0.3332851720511372	0.018787549962449194	0.01488279008886767	11.52413519102894	7.378381754377372	0.15888663957431656	2.436390887534231	0.5715628473962984	0.4036163582809832	0.14
/vol/bitbucket/osella/rl-qecc-data/supervisedLearning/sweep2/g5_ground_pure_H4_s54321.pth	4	54321	2	groundPure	[(6, 6), (9, 6), (12, 6), (15, 3)]	True	True	True	True	geometric5	1353227	12	6	2026-08-01	groundPure_66-96-126-153	0.01850424850243222	0.07266079960656825	0.002960482052391213	0.010074223550000939	0.05775412219960749	0.27701123728317767	0.015503932947664134	0.01488279008886767	10.702369473207323	7.378381754377372	0.12899934668796345	2.4380886542262603	0.6841016341510404	0.4997649799125408	0.04
/vol/bitbucket/osella/rl-qecc-data/supervisedLearning/sweep2/g5_ground_pure_H6_s3000.pth	6	3000	2	groundPure	[(6, 6), (9, 6), (12, 6), (15, 3)]	True	True	True	True	geometric5	1353227	12	6	2026-08-01	groundPure_66-96-126-153	0.01850424850243222	0.057690661325769936	0.004854879496614266	0.015094167813678554	0.054742178194895276	0.1984867237037358	0.015275357419925795	0.01488279008886767	9.872544857244172	7.378381754377372	0.09099983630406117	2.4431813856538462	0.55070585341578	0.3888661432685835	0.02
/vol/bitbucket/osella/rl-qecc-data/supervisedLearning/sweep2/g5_ground_pure_H6_s7134066.pth	6	7134066	2	groundPure	[(6, 6), (9, 6), (12, 6), (15, 3)]	True	True	True	True	geometric5	1353227	12	6	2026-08-01	groundPure_66-96-126-153	0.01850424850243222	0.08454238931068911	0.002770244069148063	0.009734852780968296	0.06977583855836579	0.325056609822632	0.015374401322330677	0.01488279008886767	12.05780672698157	7.378381754377372	0.1530324247148283	2.416847596479383	0.5711848495128098	0.40424022856059055	0.02
/vol/bitbucket/osella/rl-qecc-data/supervisedLearning/sweep2/g5_ground_pure_H7_s466555.pth	7	466555	2	groundPure	[(6, 6), (9, 6), (12, 6), (15, 3)]	True	True	True	True	geometric5	1353227	12	6	2026-08-01	groundPure_66-96-126-153	0.01850424850243222	0.07008146474930994	0.002660564643820248	0.009281870627087336	0.06610900380189007	0.2559351419775284	0.01642074269622372	0.01488279008886767	10.868115940128721	7.378381754377372	0.12230370319997441	2.450824200910887	0.578974537832107	0.4120417299990545	0.06
/vol/bitbucket/osella/rl-qecc-data/supervisedLearning/sweep2/g5_mix_66-96-126-153_H10_s12345.pth	10	12345	6	mixed	[(6, 6), (9, 6), (12, 6), (15, 3)]	True	True	True	True	geometric5	1353227	12	6	2026-08-01	mixed_66-96-126-153	0.01850424850243222	0.02384294175011895	0.0032913395703375037	0.008857111694725028	0.03474202773769224	0.05415495887656013	0.018169270871279796	0.01488279008886767	8.073685134192278	7.378381754377372	0.03071433152587592	2.3181167984111646	0.7722422414315845	0.5835948740121626	0.06
/vol/bitbucket/osella/rl-qecc-data/supervisedLearning/sweep2/g5_mix_66-96-126-153_H10_s54321.pth	10	54321	6	mixed	[(6, 6), (9, 6), (12, 6), (15, 3)]	True	True	True	True	geometric5	1353227	12	6	2026-08-01	mixed_66-96-126-153	0.01850424850243222	0.0243148401695793	0.0032507239042488117	0.00890602304512606	0.03486292120075988	0.055925312895908484	0.018629219801853284	0.01488279008886767	8.076759514531721	7.378381754377372	0.03206858313058124	2.3844181790381356	0.7665074621482839	0.5775160222749367	0.02
/vol/bitbucket/osella/rl-qecc-data/supervisedLearning/sweep2/g5_mix_66-96-126-153_H3_s3000.pth	3	3000	6	mixed	[(6, 6), (9, 6), (12, 6), (15, 3)]	True	True	True	True	geometric5	1353227	12	6	2026-08-01	mixed_66-96-126-153	0.01850424850243222	0.02429995467404026	0.003475222319916892	0.009344549036929373	0.035446805686727825	0.05451065327967534	0.018722543046951954	0.01488279008886767	8.088385503405853	7.378381754377372	0.03125129601527015	2.3833839252453277	0.7627837816046767	0.5753704920811759	0.1
/vol/bitbucket/osella/rl-qecc-data/supervisedLearning/sweep2/g5_mix_66-96-126-153_H3_s7134066.pth	3	7134066	6	mixed	[(6, 6), (9, 6), (12, 6), (15, 3)]	True	True	True	True	geometric5	1353227	12	6	2026-08-01	mixed_66-96-126-153	0.01850424850243222	0.02449424002574407	0.003105993902087245	0.008748469282147451	0.03601593430703671	0.05559639081073119	0.019004411826717825	0.01488279008886767	8.104889781143365	7.378381754377372	0.03207656737992243	2.36680252629147	0.7555127425265314	0.5668080041818955	0.08
/vol/bitbucket/osella/rl-qecc-data/supervisedLearning/sweep2/g5_mix_66-96-126-153_H4_s466555.pth	4	466555	6	mixed	[(6, 6), (9, 6), (12, 6), (15, 3)]	True	True	True	True	geometric5	1353227	12	6	2026-08-01	mixed_66-96-126-153	0.01850424850243222	0.02398523692370424	0.0033117202764616784	0.008827717456482915	0.03464099202737528	0.05459142078421857	0.018554334073982715	0.01488279008886767	8.083666352984332	7.378381754377372	0.03126878577097508	2.4203327385510387	0.7609975103882691	0.573296773757978	0.0
/vol/bitbucket/osella/rl-qecc-data/supervisedLearning/sweep2/g5_mix_66-96-126-153_H6_s12345.pth	6	12345	6	mixed	[(6, 6), (9, 6), (12, 6), (15, 3)]	True	True	True	True	geometric5	1353227	12	6	2026-08-01	mixed_66-96-126-153	0.01850424850243222	0.026037520117083393	0.004136459432066985	0.011013263701931628	0.040016833737791066	0.05654874686612666	0.01847229684750072	0.01488279008886767	8.143567561592635	7.378381754377372	0.03248012900765345	2.359951487519206	0.7497200424920483	0.5601385981220144	0.04
/vol/bitbucket/osella/rl-qecc-data/supervisedLearning/sweep2/g5_mix_66-96-126-153_H6_s54321.pth	6	54321	6	mixed	[(6, 6), (9, 6), (12, 6), (15, 3)]	True	True	True	True	geometric5	1353227	12	6	2026-08-01	mixed_66-96-126-153	0.01850424850243222	0.02454666904368214	0.002898383181429568	0.008080205274159251	0.035453821293409474	0.05729627618998404	0.019004659279428484	0.01488279008886767	8.10572392669592	7.378381754377372	0.03318210373444689	2.38900416383149	0.7633719844557278	0.5749553105386158	0.08
/vol/bitbucket/osella/rl-qecc-data/supervisedLearning/sweep2/g5_mix_66-96-126-153_H7_s3000.pth	7	3000	6	mixed	[(6, 6), (9, 6), (12, 6), (15, 3)]	True	True	True	True	geometric5	1353227	12	6	2026-08-01	mixed_66-96-126-153	0.01850424850243222	0.024101946982883288	0.0035905813981556164	0.009799543028658425	0.037444767876014744	0.0543303620686849	0.015344480542902836	0.01488279008886767	8.059931989474432	7.378381754377372	0.030398458541390318	2.3562360762628707	0.7824978770320599	0.5930168888140983	0.2
/vol/bitbucket/osella/rl-qecc-data/supervisedLearning/sweep2/g5_mix_66-96-126-153_H7_s7134066.pth	7	7134066	6	mixed	[(6, 6), (9, 6), (12, 6), (15, 3)]	True	True	True	True	geometric5	1353227	12	6	2026-08-01	mixed_66-96-126-153	0.01850424850243222	0.024586040734879366	0.0034272179115952773	0.009578882238448926	0.03654183573919789	0.05537205111169937	0.018010216673455308	0.01488279008886767	8.099808037666318	7.378381754377372	0.031567741498438356	2.35790728820607	0.7607196914218343	0.5715171469793224	0.14
/vol/bitbucket/osella/rl-qecc-data/supervisedLearning/sweep2/g5_mix_66-96-126_H10_s466555.pth	10	466555	8	mixed	[(6, 6), (9, 6), (12, 6)]	True	True	True	False	geometric5	1353227	12	6	2026-08-01	mixed_66-96-126	0.01850424850243222	0.023611138094495943	0.0033539903728199154	0.009466836253896731	0.03791952315376571	0.05310477101497842	0.014210569677018975	0.01488279008886767	8.029981264933824	7.378381754377372	0.02956653858157388	2.1875294896024546	0.7997477154514642	0.6111202181408705	0.14
/vol/bitbucket/osella/rl-qecc-data/supervisedLearning/sweep2/g5_mix_66-96-126_H3_s12345.pth	3	12345	8	mixed	[(6, 6), (9, 6), (12, 6)]	True	True	True	False	geometric5	1353227	12	6	2026-08-01	mixed_66-96-126	0.01850424850243222	0.024476677239942093	0.003680968582945181	0.009528812797837917	0.034962825156476016	0.055284861783957535	0.018925917878493737	0.01488279008886767	8.077640268995072	7.378381754377372	0.031792435825757984	2.345543437559612	0.763997983356515	0.5764133248218387	0.04
/vol/bitbucket/osella/rl-qecc-data/supervisedLearning/sweep2/g5_mix_66-96-126_H3_s54321.pth	3	54321	8	mixed	[(6, 6), (9, 6), (12, 6)]	True	True	True	False	geometric5	1353227	12	6	2026-08-01	mixed_66-96-126	0.01850424850243222	0.0241114680915404	0.003183954205106341	0.008736611961039748	0.03473922245474582	0.05486699187909837	0.019030559957711697	0.01488279008886767	8.083228477885905	7.378381754377372	0.03152854103153413	2.434220276787726	0.7610409346939121	0.5725952122432166	0.04
/vol/bitbucket/osella/rl-qecc-data/supervisedLearning/sweep2/g5_mix_66-96-126_H4_s3000.pth	4	3000	8	mixed	[(6, 6), (9, 6), (12, 6)]	True	True	True	False	geometric5	1353227	12	6	2026-08-01	mixed_66-96-126	0.01850424850243222	0.02477581070311514	0.0036180047711801295	0.00945711564144096	0.036058392918943624	0.05610904227594671	0.018636497908064504	0.01488279008886767	8.10591005789895	7.378381754377372	0.031739559310255384	2.5321123060322623	0.7597763449890458	0.5718624414795184	0.1
/vol/bitbucket/osella/rl-qecc-data/supervisedLearning/sweep2/g5_mix_66-96-126_H4_s7134066.pth	4	7134066	8	mixed	[(6, 6), (9, 6), (12, 6)]	True	True	True	False	geometric5	1353227	12	6	2026-08-01	mixed_66-96-126	0.01850424850243222	0.02423050116244778	0.0035626966800693274	0.00912863443197558	0.035036555266115633	0.05457921089928988	0.018845408534788596	0.01488279008886767	8.081760122501375	7.378381754377372	0.031237926507834683	2.402902411580596	0.7618444458189128	0.5740850266599101	0.16
/vol/bitbucket/osella/rl-qecc-data/supervisedLearning/sweep2/g5_mix_66-96-126_H6_s466555.pth	6	466555	8	mixed	[(6, 6), (9, 6), (12, 6)]	True	True	True	False	geometric5	1353227	12	6	2026-08-01	mixed_66-96-126	0.01850424850243222	0.0236275530550822	0.003594473203389862	0.009756543186627428	0.036493923693112294	0.05248946761885721	0.015803357573424427	0.01488279008886767	8.028781560967785	7.378381754377372	0.029409832189124123	2.1585685776433285	0.794969252141882	0.6060467791716039	0.24
/vol/bitbucket/osella/rl-qecc-data/supervisedLearning/sweep2/g5_mix_66-96-126_H7_s12345.pth	7	12345	8	mixed	[(6, 6), (9, 6), (12, 6)]	True	True	True	False	geometric5	1353227	12	6	2026-08-01	mixed_66-96-126	0.01850424850243222	0.02302493904770206	0.003838682189370366	0.010054079834297796	0.035597725404126014	0.051138662068717394	0.014495545741998782	0.01488279008886767	8.000211396272833	7.378381754377372	0.02841742154718174	2.232182316925101	0.8078930698848089	0.6200555113278893	0.08
/vol/bitbucket/osella/rl-qecc-data/supervisedLearning/sweep2/g5_mix_66-96-126_H7_s54321.pth	7	54321	8	mixed	[(6, 6), (9, 6), (12, 6)]	True	True	True	False	geometric5	1353227	12	6	2026-08-01	mixed_66-96-126	0.01850424850243222	0.023390239968803236	0.003384348652041836	0.00909949597962511	0.03683866943301741	0.05305365138781745	0.01457503439151432	0.01488279008886767	8.027253584570762	7.378381754377372	0.029437103407261	2.2387584122582305	0.7968158429626699	0.6075892740242506	0.16
/vol/bitbucket/osella/rl-qecc-data/supervisedLearning/sweep2/g5_mix_66-96_H10_s3000.pth	10	3000	12	mixed	[(6, 6), (9, 6)]	True	True	False	False	geometric5	1353227	12	6	2026-08-01	mixed_66-96	0.01850424850243222	0.04427795736731428	0.003978630728861143	0.011366416688827492	0.04625756316814035	0.13503841055579752	0.024748765694944958	0.01488279008886767	8.870897663151586	7.378381754377372	0.07041412770204407	2.731586017670339	0.6908020037382151	0.5062632972807167	0.04
/vol/bitbucket/osella/rl-qecc-data/supervisedLearning/sweep2/g5_mix_66-96_H10_s7134066.pth	10	7134066	12	mixed	[(6, 6), (9, 6)]	True	True	False	False	geometric5	1353227	12	6	2026-08-01	mixed_66-96	0.01850424850243222	0.04677346640837113	0.0027797392643700847	0.009136033158536588	0.050953989428654416	0.14611834328394493	0.024879226906349715	0.01488279008886767	9.130480120203394	7.378381754377372	0.07721499580997224	2.66620720637365	0.6938130650223883	0.5071372058965884	0.12
/vol/bitbucket/osella/rl-qecc-data/supervisedLearning/sweep2/g5_mix_66-96_H3_s466555.pth	3	466555	12	mixed	[(6, 6), (9, 6)]	True	True	False	False	geometric5	1353227	12	6	2026-08-01	mixed_66-96	0.01850424850243222	0.03857330585644789	0.0027632015868676906	0.008837585697413797	0.042930278749126805	0.11299039436604856	0.025345068882782464	0.01488279008886767	8.763200658261335	7.378381754377372	0.06152535194308607	2.6202241513283253	0.7180898486804489	0.5297970619157855	0.12
/vol/bitbucket/osella/rl-qecc-data/supervisedLearning/sweep2/g5_mix_66-96_H4_s12345.pth	4	12345	12	mixed	[(6, 6), (9, 6)]	True	True	False	False	geometric5	1353227	12	6	2026-08-01	mixed_66-96	0.01850424850243222	0.04124436374855763	0.003137759921208676	0.00900737387282981	0.04597831236283621	0.1218329646586536	0.026265407927259878	0.01488279008886767	8.854620988137347	7.378381754377372	0.06657169345304988	2.7253216364924397	0.697557049193216	0.5116418755530387	0.04
/vol/bitbucket/osella/rl-qecc-data/supervisedLearning/sweep2/g5_mix_66-96_H4_s54321.pth	4	54321	12	mixed	[(6, 6), (9, 6)]	True	True	False	False	geometric5	1353227	12	6	2026-08-01	mixed_66-96	0.01850424850243222	0.03983283447694873	0.0028128286735423264	0.008860466078123784	0.04500946134245102	0.11640041882248034	0.026080997468146294	0.01488279008886767	8.867203598818191	7.378381754377372	0.06384687617521403	2.711667984570125	0.6921949430128774	0.5069566945067321	0.04
/vol/bitbucket/osella/rl-qecc-data/supervisedLearning/sweep2/g5_mix_66-96_H6_s3000.pth	6	3000	12	mixed	[(6, 6), (9, 6)]	True	True	False	False	geometric5	1353227	12	6	2026-08-01	mixed_66-96	0.01850424850243222	0.040057786359400084	0.002879467068926267	0.009032954224238877	0.04708944153423815	0.11725075686106708	0.02403631210853008	0.01488279008886767	8.817158287338403	7.378381754377372	0.06337230511103484	2.681213837010252	0.6976528586574677	0.5106915997212114	0.04
/vol/bitbucket/osella/rl-qecc-data/supervisedLearning/sweep2/g5_mix_66-96_H6_s7134066.pth	6	7134066	12	mixed	[(6, 6), (9, 6)]	True	True	False	False	geometric5	1353227	12	6	2026-08-01	mixed_66-96	0.01850424850243222	0.046781345545772686	0.0029698640391274483	0.00895477657720147	0.046711831014341586	0.15240716814447297	0.022863087953720034	0.01488279008886767	9.04668467745549	7.378381754377372	0.07796366134576602	2.7172053165093892	0.7124826743503238	0.5259641066875106	0.04
/vol/bitbucket/osella/rl-qecc-data/supervisedLearning/sweep2/g5_mix_66-96_H7_s466555.pth	7	466555	12	mixed	[(6, 6), (9, 6)]	True	True	False	False	geometric5	1353227	12	6	2026-08-01	mixed_66-96	0.01850424850243222	0.04492563323635105	0.002792797769202746	0.009131102640997724	0.046451691211300584	0.14232159079922826	0.023930983761026148	0.01488279008886767	8.998544701527857	7.378381754377372	0.07398089898989212	2.6488614317519894	0.710913271606702	0.523070450578478	0.04
/vol/bitbucket/osella/rl-qecc-data/supervisedLearning/sweep2/g5_mix_66_H10_s12345.pth	10	12345	24	mixed	[(6, 6)]	True	False	False	False	geometric5	1353227	12	6	2026-08-01	mixed_66	0.01850424850243222	0.07122955459798777	0.0034055377210690974	0.011122328579544628	0.05554913022193787	0.2630399023589207	0.02303087410846633	0.01488279008886767	10.384422221589025	7.378381754377372	0.12794669046352697	2.697242008704699	0.5946066269855108	0.42418798286425724	0.02
/vol/bitbucket/osella/rl-qecc-data/supervisedLearning/sweep2/g5_mix_66_H10_s54321.pth	10	54321	24	mixed	[(6, 6)]	True	False	False	False	geometric5	1353227	12	6	2026-08-01	mixed_66	0.01850424850243222	0.0807778818024315	0.003937952405758329	0.012583862746943352	0.061088901136636044	0.30437235625864995	0.021906336464169687	0.01488279008886767	11.023092393490026	7.378381754377372	0.14666499266540645	2.6699643910394064	0.592391053799309	0.4241079757629999	0.04
/vol/bitbucket/osella/rl-qecc-data/supervisedLearning/sweep2/g5_mix_66_H3_s3000.pth	3	3000	24	mixed	[(6, 6)]	True	False	False	False	geometric5	1353227	12	6	2026-08-01	mixed_66	0.01850424850243222	0.07298713677988579	0.0033830229313682914	0.01125910942036481	0.06205789267504534	0.2683425799265554	0.019893078946095336	0.01488279008886767	10.636864718450292	7.378381754377372	0.12937421362521626	2.645728406403475	0.586967325778941	0.4197909501758362	0.02
/vol/bitbucket/osella/rl-qecc-data/supervisedLearning/sweep2/g5_mix_66_H3_s7134066.pth	3	7134066	24	mixed	[(6, 6)]	True	False	False	False	geometric5	1353227	12	6	2026-08-01	mixed_66	0.01850424850243222	0.0838477699771942	0.003731576499288977	0.012076770550823884	0.06426307846791061	0.31957628440101266	0.019591139966934998	0.01488279008886767	11.408183900031547	7.378381754377372	0.15218255302296052	2.6616397711172333	0.6012245761759821	0.431045292042817	0.04
/vol/bitbucket/osella/rl-qecc-data/supervisedLearning/sweep2/g5_mix_66_H4_s466555.pth	4	466555	24	mixed	[(6, 6)]	True	False	False	False	geometric5	1353227	12	6	2026-08-01	mixed_66	0.01850424850243222	0.07349796771007201	0.005037461689387292	0.016131532429006022	0.06473864889167771	0.2633656740631473	0.018216521477141877	0.01488279008886767	10.590549748472279	7.378381754377372	0.12520274437923196	2.8596049893474245	0.6051677097591301	0.4379833587100657	0.0
/vol/bitbucket/osella/rl-qecc-data/supervisedLearning/sweep2/g5_mix_66_H6_s12345.pth	6	12345	24	mixed	[(6, 6)]	True	False	False	False	geometric5	1353227	12	6	2026-08-01	mixed_66	0.01850424850243222	0.07827418994428281	0.003695771609143852	0.011654054477850617	0.06196435217047506	0.2929337413032308	0.021123030160713412	0.01488279008886767	10.883281021059025	7.378381754377372	0.14173261402733386	2.638619755002773	0.6356454469989921	0.46006462798733017	0.0
/vol/bitbucket/osella/rl-qecc-data/supervisedLearning/sweep2/g5_mix_66_H6_s54321.pth	6	54321	24	mixed	[(6, 6)]	True	False	False	False	geometric5	1353227	12	6	2026-08-01	mixed_66	0.01850424850243222	0.06898850913428592	0.004330142620329888	0.013647827148594164	0.06114382192842654	0.24444952399609537	0.0213712299779835	0.01488279008886767	10.288036805811817	7.378381754377372	0.11934697619934803	2.7008089939262656	0.6086530066792694	0.44006338482349755	0.0
/vol/bitbucket/osella/rl-qecc-data/supervisedLearning/sweep2/g5_mix_66_H7_s3000.pth	7	3000	24	mixed	[(6, 6)]	True	False	False	False	geometric5	1353227	12	6	2026-08-01	mixed_66	0.01850424850243222	0.057214267734785614	0.0036204995519504364	0.011956717100055024	0.05486467141053506	0.19552650321575576	0.020102947395631728	0.01488279008886767	9.645061369970016	7.378381754377372	0.09497625700522522	2.625341056558291	0.6171829393811461	0.4438298944867676	0.02
/vol/bitbucket/osella/rl-qecc-data/supervisedLearning/sweep2/g5_mix_66_H7_s7134066.pth	7	7134066	24	mixed	[(6, 6)]	True	False	False	False	geometric5	1353227	12	6	2026-08-01	mixed_66	0.01850424850243222	0.07421618186790964	0.005035098061746537	0.015405740923410705	0.06399772655892326	0.26615460630582616	0.02048773748964123	0.01488279008886767	10.612084835031162	7.378381754377372	0.12861534370859198	2.8369668475030934	0.5589795457509923	0.40030101657064937	0.0
/vol/bitbucket/osella/rl-qecc-data/supervisedLearning/sweep2/g5_ground_anch_H10_s466555.pth	10	466555	2	groundAnchored	[(6, 6), (9, 6), (12, 6), (15, 3)]	True	True	True	True	geometric5	10148123	3	27	2026-08-01	groundAnchored_66-96-126-153	0.015023945469023817	0.10924850888834226	0.019726827372671875	0.05610141985908596	0.20660005455803057	0.2317043050467166	0.032109937605207445	0.0219898349070157	17.249872985921886	11.218728447201691	0.13352655454221282	2.2462796474962707	0.31968224174686455	0.21855871655730605	0.0
/vol/bitbucket/osella/rl-qecc-data/supervisedLearning/sweep2/g5_ground_anch_H3_s12345.pth	3	12345	2	groundAnchored	[(6, 6), (9, 6), (12, 6), (15, 3)]	True	True	True	True	geometric5	10148123	3	27	2026-08-01	groundAnchored_66-96-126-153	0.015023945469023817	0.12960429412475075	0.05047325047573219	0.12152552172340346	0.2426409523502787	0.20013014470928572	0.03325160136505453	0.0219898349070157	18.688006708690754	11.218728447201691	0.12128191872480237	7.308442297419338	0.2136330378254063	0.14355929339211337	0.0
/vol/bitbucket/osella/rl-qecc-data/supervisedLearning/sweep2/g5_ground_anch_H3_s54321.pth	3	54321	2	groundAnchored	[(6, 6), (9, 6), (12, 6), (15, 3)]	True	True	True	True	geometric5	10148123	3	27	2026-08-01	groundAnchored_66-96-126-153	0.015023945469023817	0.1645613822294784	0.01884552884092508	0.05977938309756471	0.27916496509483896	0.43178154197189605	0.033235492142168956	0.0219898349070157	23.812475914586766	11.218728447201691	0.229166721596474	2.5332200132559897	0.3071191222486324	0.21044399085945592	0.0
/vol/bitbucket/osella/rl-qecc-data/supervisedLearning/sweep2/g5_ground_anch_H4_s3000.pth	4	3000	2	groundAnchored	[(6, 6), (9, 6), (12, 6), (15, 3)]	True	True	True	True	geometric5	10148123	3	27	2026-08-01	groundAnchored_66-96-126-153	0.015023945469023817	0.09604413079539302	0.04547186438935881	0.11265654865167404	0.17250581852346286	0.11626348222883738	0.03332294018363221	0.0219898349070157	16.947682102938316	11.218728447201691	0.0682838327237515	16.99737519806367	0.3009621031530126	0.20722260516235386	0.0
/vol/bitbucket/osella/rl-qecc-data/supervisedLearning/sweep2/g5_ground_anch_H4_s7134066.pth	4	7134066	2	groundAnchored	[(6, 6), (9, 6), (12, 6), (15, 3)]	True	True	True	True	geometric5	10148123	3	27	2026-08-01	groundAnchored_66-96-126-153	0.015023945469023817	0.15821125335311326	0.13358279494775707	0.2762400306447763	0.2672773570578987	0.08036342745571115	0.033592656659424604	0.0219898349070157	21.41201753751525	11.218728447201691	0.08019210932921099	15.376104751932987	0.32814609577154985	0.22363867278937072	0.0
/vol/bitbucket/osella/rl-qecc-data/supervisedLearning/sweep2/g5_ground_anch_H6_s466555.pth	6	466555	2	groundAnchored	[(6, 6), (9, 6), (12, 6), (15, 3)]	True	True	True	True	geometric5	10148123	3	27	2026-08-01	groundAnchored_66-96-126-153	0.015023945469023817	0.1211812699285133	0.022981809164433663	0.06930960922786349	0.24857378867724936	0.23187128749292063	0.03316985508009865	0.0219898349070157	19.481876263585043	11.218728447201691	0.1333754848427979	4.716999281599161	-0.013188269834286387	-0.007814076502923258	0.0
/vol/bitbucket/osella/rl-qecc-data/supervisedLearning/sweep2/g5_ground_anch_H7_s12345.pth	7	12345	2	groundAnchored	[(6, 6), (9, 6), (12, 6), (15, 3)]	True	True	True	True	geometric5	10148123	3	27	2026-08-01	groundAnchored_66-96-126-153	0.015023945469023817	0.10217383383239227	0.03625987244093771	0.06851246420884435	0.18584107836262673	0.1866767474527236	0.03357900669682985	0.0219898349070157	17.424193263464424	11.218728447201691	0.09944337190857717	7.10220042112191	0.4124030150470329	0.286954388891865	0.0
/vol/bitbucket/osella/rl-qecc-data/supervisedLearning/sweep2/g5_ground_anch_H7_s54321.pth	7	54321	2	groundAnchored	[(6, 6), (9, 6), (12, 6), (15, 3)]	True	True	True	True	geometric5	10148123	3	27	2026-08-01	groundAnchored_66-96-126-153	0.015023945469023817	0.16348238092595815	0.01844478573399568	0.0610525436097599	0.2895908526889476	0.4152186654044772	0.033105057192610504	0.0219898349070157	24.066160008757663	11.218728447201691	0.2252329362838704	2.4595382731284547	0.14999266744430145	0.10064682906590675	0.0
/vol/bitbucket/osella/rl-qecc-data/supervisedLearning/sweep2/g5_ground_pure_H10_s3000.pth	10	3000	2	groundPure	[(6, 6), (9, 6), (12, 6), (15, 3)]	True	True	True	True	geometric5	10148123	3	27	2026-08-01	groundPure_66-96-126-153	0.015023945469023817	0.12218020230031383	0.018287468997980786	0.05414738526763313	0.2533359800017539	0.25180046740696055	0.03332970982724232	0.0219898349070157	19.393652721416277	11.218728447201691	0.14204242845289347	3.179386097377438	0.4269800707843427	0.295846548721076	0.0
/vol/bitbucket/osella/rl-qecc-data/supervisedLearning/sweep2/g5_ground_pure_H10_s7134066.pth	10	7134066	2	groundPure	[(6, 6), (9, 6), (12, 6), (15, 3)]	True	True	True	True	geometric5	10148123	3	27	2026-08-01	groundPure_66-96-126-153	0.015023945469023817	0.12312476017960854	0.024562783384347375	0.059760077169869474	0.21173734103318528	0.2861687247796163	0.033394874531021544	0.0219898349070157	19.08930887750692	11.218728447201691	0.14900411990075904	10.426866265569354	0.24973873422511986	0.16938846776056965	0.0
/vol/bitbucket/osella/rl-qecc-data/supervisedLearning/sweep2/g5_ground_pure_H3_s466555.pth	3	466555	2	groundPure	[(6, 6), (9, 6), (12, 6), (15, 3)]	True	True	True	True	geometric5	10148123	3	27	2026-08-01	groundPure_66-96-126-153	0.015023945469023817	0.12452960122098365	0.07505699480297644	0.1817558195178659	0.2700336247787389	0.062187820610375324	0.03361374639496092	0.0219898349070157	18.696422192080348	11.218728447201691	0.07312654063751697	15.74147142913994	0.25433254507221426	0.16952607550668541	0.0
/vol/bitbucket/osella/rl-qecc-data/supervisedLearning/sweep2/g5_ground_pure_H4_s12345.pth	4	12345	2	groundPure	[(6, 6), (9, 6), (12, 6), (15, 3)]	True	True	True	True	geometric5	10148123	3	27	2026-08-01	groundPure_66-96-126-153	0.015023945469023817	0.14031524973795723	0.05192418025542674	0.1357370628683236	0.27858077476510484	0.2017904814244471	0.033543749376485674	0.0219898349070157	19.698027229980266	11.218728447201691	0.1155737893304081	6.663163340556815	-0.19701844529924828	-0.1323531808032364	0.0
/vol/bitbucket/osella/rl-qecc-data/supervisedLearning/sweep2/g5_ground_pure_H4_s54321.pth	4	54321	2	groundPure	[(6, 6), (9, 6), (12, 6), (15, 3)]	True	True	True	True	geometric5	10148123	3	27	2026-08-01	groundPure_66-96-126-153	0.015023945469023817	0.1610344275905917	0.14007889444344185	0.2854316881193628	0.293098740566628	0.05293072897049042	0.033632085853033615	0.0219898349070157	21.828769779439757	11.218728447201691	0.08251005352828315	30.186130946192115	-0.00774741424631104	-0.005156926669786579	0.0
/vol/bitbucket/osella/rl-qecc-data/supervisedLearning/sweep2/g5_ground_pure_H6_s3000.pth	6	3000	2	groundPure	[(6, 6), (9, 6), (12, 6), (15, 3)]	True	True	True	True	geometric5	10148123	3	27	2026-08-01	groundPure_66-96-126-153	0.015023945469023817	0.09425033976727953	0.03540522840864576	0.09147307086193249	0.1545677142513548	0.1563042319114586	0.03350145340300459	0.0219898349070157	16.01743207466849	11.218728447201691	0.07671371893389789	4.6146104945669535	0.3626914647300759	0.24678665714888864	0.0
/vol/bitbucket/osella/rl-qecc-data/supervisedLearning/sweep2/g5_ground_pure_H6_s7134066.pth	6	7134066	2	groundPure	[(6, 6), (9, 6), (12, 6), (15, 3)]	True	True	True	True	geometric5	10148123	3	27	2026-08-01	groundPure_66-96-126-153	0.015023945469023817	0.14504315840675408	0.018114556394561297	0.06057854539245412	0.28211687468005686	0.3315649424173474	0.03284087314934916	0.0219898349070157	22.107749284538833	11.218728447201691	0.1843697648390161	2.7545268135518985	0.35081136500401017	0.23916879504005756	0.0
/vol/bitbucket/osella/rl-qecc-data/supervisedLearning/sweep2/g5_ground_pure_H7_s466555.pth	7	466555	2	groundPure	[(6, 6), (9, 6), (12, 6), (15, 3)]	True	True	True	True	geometric5	10148123	3	27	2026-08-01	groundPure_66-96-126-153	0.015023945469023817	0.20260968158462409	0.018035489553276263	0.06334183581202443	0.33380935274250756	0.5657110767016301	0.03215065311368244	0.0219898349070157	34.721664251477186	11.218728447201691	0.3017644423430748	1.5677069970407458	0.3318103437534806	0.2273690887370528	0.0
/vol/bitbucket/osella/rl-qecc-data/supervisedLearning/sweep2/g5_mix_66-96-126-153_H10_s12345.pth	10	12345	6	mixed	[(6, 6), (9, 6), (12, 6), (15, 3)]	True	True	True	True	geometric5	10148123	3	27	2026-08-01	mixed_66-96-126-153	0.015023945469023817	0.1045867008793777	0.023814413110802513	0.0608786576203209	0.2199688845277572	0.18474435465487937	0.03352719448312914	0.0219898349070157	17.128601804429834	11.218728447201691	0.10901251187984543	2.1259881228296096	0.5037151301845626	0.3525481096768409	0.0
/vol/bitbucket/osella/rl-qecc-data/supervisedLearning/sweep2/g5_mix_66-96-126-153_H10_s54321.pth	10	54321	6	mixed	[(6, 6), (9, 6), (12, 6), (15, 3)]	True	True	True	True	geometric5	10148123	3	27	2026-08-01	mixed_66-96-126-153	0.015023945469023817	0.10206094119795603	0.021704381736028056	0.06271580956789743	0.25608308758665	0.1368437582247508	0.03295766887445314	0.0219898349070157	19.055067871871408	11.218728447201691	0.09204473212661404	10.732861910289346	0.2953234199440767	0.2061523705764096	0.0
/vol/bitbucket/osella/rl-qecc-data/supervisedLearning/sweep2/g5_mix_66-96-126-153_H3_s3000.pth	3	3000	6	mixed	[(6, 6), (9, 6), (12, 6), (15, 3)]	True	True	True	True	geometric5	10148123	3	27	2026-08-01	mixed_66-96-126-153	0.015023945469023817	0.1151836864428155	0.0284808922804489	0.06683892722948459	0.1969281228711931	0.25072813793101756	0.0329423519019342	0.0219898349070157	16.809137758270918	11.218728447201691	0.132501892659643	3.4725848683134743	0.4121292116033319	0.2859346517713697	0.0
/vol/bitbucket/osella/rl-qecc-data/supervisedLearning/sweep2/g5_mix_66-96-126-153_H3_s7134066.pth	3	7134066	6	mixed	[(6, 6), (9, 6), (12, 6), (15, 3)]	True	True	True	True	geometric5	10148123	3	27	2026-08-01	mixed_66-96-126-153	0.015023945469023817	0.10420140557878724	0.05315043783181957	0.0939971518453694	0.1279507235649091	0.21317702726015206	0.03273168739168503	0.0219898349070157	15.568055680232808	11.218728447201691	0.0951107786407046	1.6863568843466379	0.44547193249824074	0.30895689769037227	0.0
/vol/bitbucket/osella/rl-qecc-data/supervisedLearning/sweep2/g5_mix_66-96-126-153_H4_s466555.pth	4	466555	6	mixed	[(6, 6), (9, 6), (12, 6), (15, 3)]	True	True	True	True	geometric5	10148123	3	27	2026-08-01	mixed_66-96-126-153	0.015023945469023817	0.06381568823067856	0.01951284055286359	0.0562504379148045	0.15766917737004849	0.052017227477483906	0.03362875783819269	0.0219898349070157	16.120244103315017	11.218728447201691	0.04681479184096226	5.442526772040018	0.13181548241444244	0.09166053712394594	0.0
/vol/bitbucket/osella/rl-qecc-data/supervisedLearning/sweep2/g5_mix_66-96-126-153_H6_s12345.pth	6	12345	6	mixed	[(6, 6), (9, 6), (12, 6), (15, 3)]	True	True	True	True	geometric5	10148123	3	27	2026-08-01	mixed_66-96-126-153	0.015023945469023817	0.13886282324338295	0.0926244802783566	0.16729994339008114	0.24892925591844461	0.1499614037356301	0.035499032894404425	0.0219898349070157	18.325063810208704	11.218728447201691	0.0925432508003411	2.2754866354038636	0.305641437940619	0.20825453319571693	0.0
/vol/bitbucket/osella/rl-qecc-data/supervisedLearning/sweep2/g5_mix_66-96-126-153_H6_s54321.pth	6	54321	6	mixed	[(6, 6), (9, 6), (12, 6), (15, 3)]	True	True	True	True	geometric5	10148123	3	27	2026-08-01	mixed_66-96-126-153	0.015023945469023817	0.13305141665187392	0.018032804709844107	0.06173784488000084	0.30673713224115884	0.24523394973156695	0.03351535169680096	0.0219898349070157	24.480852342571765	11.218728447201691	0.14723843458840838	2.434652233858155	0.4206106595691102	0.29242216555562855	0.0
/vol/bitbucket/osella/rl-qecc-data/supervisedLearning/sweep2/g5_mix_66-96-126-153_H7_s3000.pth	7	3000	6	mixed	[(6, 6), (9, 6), (12, 6), (15, 3)]	True	True	True	True	geometric5	10148123	3	27	2026-08-01	mixed_66-96-126-153	0.015023945469023817	0.10589870492068018	0.021114636659711306	0.05560354643278153	0.20231213472400209	0.21717025444341828	0.03329295234348589	0.0219898349070157	16.553342297603397	11.218728447201691	0.12202244072259653	5.361946025769035	0.4158789515317513	0.28989186534176115	0.0
/vol/bitbucket/osella/rl-qecc-data/supervisedLearning/sweep2/g5_mix_66-96-126-153_H7_s7134066.pth	7	7134066	6	mixed	[(6, 6), (9, 6), (12, 6), (15, 3)]	True	True	True	True	geometric5	10148123	3	27	2026-08-01	mixed_66-96-126-153	0.015023945469023817	0.09240089053045555	0.03924568816448055	0.09901602141676934	0.18605570449808562	0.10405406691965151	0.03363297165329115	0.0219898349070157	18.08987601380696	11.218728447201691	0.06508009188897869	17.744598007962264	0.22030417390509702	0.15073391194498217	0.02
/vol/bitbucket/osella/rl-qecc-data/supervisedLearning/sweep2/g5_mix_66-96-126_H10_s466555.pth	10	466555	8	mixed	[(6, 6), (9, 6), (12, 6)]	True	True	True	False	geometric5	10148123	3	27	2026-08-01	mixed_66-96-126	0.015023945469023817	0.14996521885143166	0.018403286519882153	0.057002278225545246	0.27051165785339837	0.37092765568887603	0.03298121596945528	0.0219898349070157	21.52693660629605	11.218728447201691	0.19966414058901796	3.0939389007378204	0.42790514272319957	0.2950486161294587	0.0
/vol/bitbucket/osella/rl-qecc-data/supervisedLearning/sweep2/g5_mix_66-96-126_H3_s12345.pth	3	12345	8	mixed	[(6, 6), (9, 6), (12, 6)]	True	True	True	False	geometric5	10148123	3	27	2026-08-01	mixed_66-96-126	0.015023945469023817	0.09252646257715494	0.021175343447182405	0.05587702520344589	0.1381614361570661	0.21386485064736008	0.03355365743071892	0.0219898349070157	16.453826336909284	11.218728447201691	0.09825644358974754	2.3244904790923857	0.2546865469425531	0.17464603559307004	0.0
/vol/bitbucket/osella/rl-qecc-data/supervisedLearning/sweep2/g5_mix_66-96-126_H3_s54321.pth	3	54321	8	mixed	[(6, 6), (9, 6), (12, 6)]	True	True	True	False	geometric5	10148123	3	27	2026-08-01	mixed_66-96-126	0.015023945469023817	0.10964179702737188	0.020816835509734295	0.052490008787593904	0.19357624233392795	0.24791632542488987	0.03340957308071356	0.0219898349070157	17.26445654007913	11.218728447201691	0.1306827888119658	7.652763120327663	0.26581059063126505	0.1795677764151216	0.0
/vol/bitbucket/osella/rl-qecc-data/supervisedLearning/sweep2/g5_mix_66-96-126_H4_s3000.pth	4	3000	8	mixed	[(6, 6), (9, 6), (12, 6)]	True	True	True	False	geometric5	10148123	3	27	2026-08-01	mixed_66-96-126	0.015023945469023817	0.24865611919330502	0.3042915022536859	0.25514474381347235	0.15220314875926078	0.49695793520924614	0.03468326593085898	0.0219898349070157	25.185737816502687	11.218728447201691	0.19097788032451563	3.976687890721556	0.3110630941489623	0.20915145967824003	0.0
/vol/bitbucket/osella/rl-qecc-data/supervisedLearning/sweep2/g5_mix_66-96-126_H4_s7134066.pth	4	7134066	8	mixed	[(6, 6), (9, 6), (12, 6)]	True	True	True	False	geometric5	10148123	3	27	2026-08-01	mixed_66-96-126	0.015023945469023817	0.17099154236815775	0.01861166969622861	0.0590173183429762	0.27498579734420364	0.4689702513132204	0.03337267514415952	0.0219898349070157	24.164452518072938	11.218728447201691	0.24389003522556021	4.883902655974664	0.24498688331435617	0.16790568938931644	0.0
/vol/bitbucket/osella/rl-qecc-data/supervisedLearning/sweep2/g5_mix_66-96-126_H6_s466555.pth	6	466555	8	mixed	[(6, 6), (9, 6), (12, 6)]	True	True	True	False	geometric5	10148123	3	27	2026-08-01	mixed_66-96-126	0.015023945469023817	0.1648393005867587	0.021740606312901933	0.054127000305814646	0.2878414718382066	0.4281824814649552	0.03230494301191665	0.0219898349070157	22.409711225766777	11.218728447201691	0.2324485581862255	1.534941207696243	0.40164346650939187	0.2776966126651543	0.0
/vol/bitbucket/osella/rl-qecc-data/supervisedLearning/sweep2/g5_mix_66-96-126_H7_s12345.pth	7	12345	8	mixed	[(6, 6), (9, 6), (12, 6)]	True	True	True	False	geometric5	10148123	3	27	2026-08-01	mixed_66-96-126	0.015023945469023817	0.11252341458821197	0.020299074018968848	0.05481956085124811	0.1956515239770128	0.2593419394739841	0.032504974619846014	0.0219898349070157	16.973979670016437	11.218728447201691	0.13876867080558136	1.8205325281743276	0.3041237827394664	0.2064858523060032	0.0
/vol/bitbucket/osella/rl-qecc-data/supervisedLearning/sweep2/g5_mix_66-96-126_H7_s54321.pth	7	54321	8	mixed	[(6, 6), (9, 6), (12, 6)]	True	True	True	False	geometric5	10148123	3	27	2026-08-01	mixed_66-96-126	0.015023945469023817	0.16884042728616303	0.018265730902498375	0.05808414592358513	0.28240817637586196	0.45336536170330904	0.032078721525561536	0.0219898349070157	23.93866453920324	11.218728447201691	0.2429369407226014	2.4529207807264695	0.3701285459297493	0.2551949130649683	0.0
/vol/bitbucket/osella/rl-qecc-data/supervisedLearning/sweep2/g5_mix_66-96_H10_s3000.pth	10	3000	12	mixed	[(6, 6), (9, 6)]	True	True	False	False	geometric5	10148123	3	27	2026-08-01	mixed_66-96	0.015023945469023817	0.123550113715987	0.01895477537340493	0.05815858125514657	0.2556013423174468	0.2516491937273127	0.03338667590662079	0.0219898349070157	19.670079603931097	11.218728447201691	0.1427491841584407	6.645813836119205	0.3345677407780009	0.22772873222227824	0.0
/vol/bitbucket/osella/rl-qecc-data/supervisedLearning/sweep2/g5_mix_66-96_H10_s7134066.pth	10	7134066	12	mixed	[(6, 6), (9, 6)]	True	True	False	False	geometric5	10148123	3	27	2026-08-01	mixed_66-96	0.015023945469023817	0.1461736478135522	0.018483280814124432	0.05707416623658221	0.2753247152492314	0.3469823754905523	0.03300370127727218	0.0219898349070157	21.658996368186124	11.218728447201691	0.18930778028073558	3.1229160567057352	0.44401082869665104	0.3104286268069464	0.0
/vol/bitbucket/osella/rl-qecc-data/supervisedLearning/sweep2/g5_mix_66-96_H3_s466555.pth	3	466555	12	mixed	[(6, 6), (9, 6)]	True	True	False	False	geometric5	10148123	3	27	2026-08-01	mixed_66-96	0.015023945469023817	0.15111841368372705	0.01809853481941964	0.05721434092957294	0.23824061553508008	0.40867121466429196	0.03336736247027046	0.0219898349070157	21.659222983218953	11.218728447201691	0.21097876355691672	1.8049234332399156	0.3935207321387419	0.27234533219189866	0.0
/vol/bitbucket/osella/rl-qecc-data/supervisedLearning/sweep2/g5_mix_66-96_H4_s12345.pth	4	12345	12	mixed	[(6, 6), (9, 6)]	True	True	False	False	geometric5	10148123	3	27	2026-08-02	mixed_66-96	0.015023945469023817	0.1966126888392358	0.01881700323473402	0.05840746553865894	0.2889680239835481	0.5809095098056241	0.03596144163361183	0.0219898349070157	28.85222614830999	11.218728447201691	0.30953325386827807	1.8239802723144352	0.10642760596444177	0.06905376962149393	0.0
/vol/bitbucket/osella/rl-qecc-data/supervisedLearning/sweep2/g5_mix_66-96_H4_s54321.pth	4	54321	12	mixed	[(6, 6), (9, 6)]	True	True	False	False	geometric5	10148123	3	27	2026-08-02	mixed_66-96	0.015023945469023817	0.10559301301672111	0.07360753422581598	0.1563131096764188	0.17323071555108163	0.09129609586036856	0.033517609769920555	0.0219898349070157	16.475584861038453	11.218728447201691	0.050850437490698404	5.034088979351983	-0.0903482468422377	-0.06180195860110286	0.0
/vol/bitbucket/osella/rl-qecc-data/supervisedLearning/sweep2/g5_mix_66-96_H6_s3000.pth	6	3000	12	mixed	[(6, 6), (9, 6)]	True	True	False	False	geometric5	10148123	3	27	2026-08-02	mixed_66-96	0.015023945469023817	0.1499089442679796	0.018210845297724192	0.061578883134347576	0.29804084040896783	0.3387590230321009	0.032955129466755745	0.0219898349070157	23.176743690154563	11.218728447201691	0.19286589934085463	3.7561105711070835	0.4172839339865337	0.28724916494840264	0.0
/vol/bitbucket/osella/rl-qecc-data/supervisedLearning/sweep2/g5_mix_66-96_H6_s7134066.pth	6	7134066	12	mixed	[(6, 6), (9, 6)]	True	True	False	False	geometric5	10148123	3	27	2026-08-02	mixed_66-96	0.015023945469023817	0.1416613969089464	0.018825525041139015	0.05554814817881463	0.2736791672476481	0.32671774834227363	0.03353639573485551	0.0219898349070157	21.043305828204367	11.218728447201691	0.1896361758568755	1.659906000030896	0.42849695611520144	0.29877636432372084	0.0
/vol/bitbucket/osella/rl-qecc-data/supervisedLearning/sweep2/g5_mix_66-96_H7_s466555.pth	7	466555	12	mixed	[(6, 6), (9, 6)]	True	True	False	False	geometric5	10148123	3	27	2026-08-02	mixed_66-96	0.015023945469023817	0.10094694956606252	0.023214845027588214	0.057065692700719484	0.19601882861494377	0.19527500355619687	0.03316037793086479	0.0219898349070157	16.830088291527684	11.218728447201691	0.10685479217289819	6.017284871784505	0.40437205605388093	0.2800230012186569	0.0
/vol/bitbucket/osella/rl-qecc-data/supervisedLearning/sweep2/g5_mix_66_H10_s12345.pth	10	12345	24	mixed	[(6, 6)]	True	False	False	False	geometric5	10148123	3	27	2026-08-02	mixed_66	0.015023945469023817	0.1344884419307502	0.019073480512462705	0.05781817308431843	0.27113451927535576	0.29119623727427046	0.03321979950734324	0.0219898349070157	20.013145264331516	11.218728447201691	0.17093665702850325	2.744876675687343	0.32915357664882794	0.22414814773241085	0.0
/vol/bitbucket/osella/rl-qecc-data/supervisedLearning/sweep2/g5_mix_66_H10_s54321.pth	10	54321	24	mixed	[(6, 6)]	True	False	False	False	geometric5	10148123	3	27	2026-08-02	mixed_66	0.015023945469023817	0.12332061920927725	0.02372603540872734	0.060061742882309525	0.24589939227183877	0.2537510372639236	0.03316488821958644	0.0219898349070157	18.884690194943076	11.218728447201691	0.14272621398428456	1.7922588371014034	0.2898863572700843	0.19725245080916892	0.0
/vol/bitbucket/osella/rl-qecc-data/supervisedLearning/sweep2/g5_mix_66_H3_s3000.pth	3	3000	24	mixed	[(6, 6)]	True	False	False	False	geometric5	10148123	3	27	2026-08-02	mixed_66	0.015023945469023817	0.1609426258169112	0.021572636881682917	0.06048992090419091	0.2726745135365723	0.4172130334096759	0.03276302435243282	0.0219898349070157	23.974200167847165	11.218728447201691	0.22198271349078086	3.516191677739919	0.26955034719614746	0.18345269327491587	0.0
/vol/bitbucket/osella/rl-qecc-data/supervisedLearning/sweep2/g5_mix_66_H3_s7134066.pth	3	7134066	24	mixed	[(6, 6)]	True	False	False	False	geometric5	10148123	3	27	2026-08-02	mixed_66	0.015023945469023817	0.11898629761344724	0.021865509146399495	0.05629415341492952	0.2310041182090001	0.2525402148395528	0.03322749245735268	0.0219898349070157	18.498516924734307	11.218728447201691	0.13898597900362825	3.7539343008450423	0.38537654802600846	0.2676031733908465	0.0
/vol/bitbucket/osella/rl-qecc-data/supervisedLearning/sweep2/g5_mix_66_H4_s466555.pth	4	466555	24	mixed	[(6, 6)]	True	False	False	False	geometric5	10148123	3	27	2026-08-02	mixed_66	0.015023945469023817	0.11939224971232151	0.033811911710086795	0.08490606604437101	0.21124297882110024	0.23383934934213996	0.03316094264390997	0.0219898349070157	18.915775577798737	11.218728447201691	0.12533489985799318	6.427354923732322	0.3317118829326191	0.22862416177225375	0.0
/vol/bitbucket/osella/rl-qecc-data/supervisedLearning/sweep2/g5_mix_66_H6_s12345.pth	6	12345	24	mixed	[(6, 6)]	True	False	False	False	geometric5	10148123	3	27	2026-08-02	mixed_66	0.015023945469023817	0.14044339697681602	0.021044654405179948	0.05723578079554938	0.23640043261869703	0.3547613898131028	0.032774727251550964	0.0219898349070157	21.103348817577817	11.218728447201691	0.18771899200292969	5.019587946876842	0.34960530955958163	0.24086843543894626	0.0
/vol/bitbucket/osella/rl-qecc-data/supervisedLearning/sweep2/g5_mix_66_H6_s54321.pth	6	54321	24	mixed	[(6, 6)]	True	False	False	False	geometric5	10148123	3	27	2026-08-02	mixed_66	0.015023945469023817	0.1854253251257446	0.018053305995059582	0.06284432724111652	0.32453908969591033	0.4875369604307527	0.03415294226588537	0.0219898349070157	29.892315158891936	11.218728447201691	0.26614147144477013	1.694073689445833	0.34587973789316495	0.2353699208676475	0.0
/vol/bitbucket/osella/rl-qecc-data/supervisedLearning/sweep2/g5_mix_66_H7_s3000.pth	7	3000	24	mixed	[(6, 6)]	True	False	False	False	geometric5	10148123	3	27	2026-08-02	mixed_66	0.015023945469023817	0.08212026990572792	0.031508782149226186	0.07362659427591918	0.1586624393787523	0.1130822260993405	0.033721307625401195	0.0219898349070157	15.93519476076732	11.218728447201691	0.06496509379197413	6.888401464602401	0.3510718976933665	0.2426777337088298	0.0
/vol/bitbucket/osella/rl-qecc-data/supervisedLearning/sweep2/g5_mix_66_H7_s7134066.pth	7	7134066	24	mixed	[(6, 6)]	True	False	False	False	geometric5	10148123	3	27	2026-08-02	mixed_66	0.015023945469023817	0.1271559889744072	0.026437286819582222	0.06619430337190996	0.23816814642997358	0.27169385789543055	0.033286350355139945	0.0219898349070157	19.065151487133384	11.218728447201691	0.1485815800606812	3.9294814978996637	0.38791927000947796	0.26931999879685803	0.0
