Model checkpoint	Number of harmonics	seed	epochs	recipie	trained on sizes	6,6	9,6	12,6	15,3	error range name	numberOfCodes	code l	code m	Date	recipe name	rewardMaeFloor	curveMae	curveMaeP0	curveMaeP1	curveMaeP2	curveMaeP3	curveMaeP4	curveMaeFloor	nll	noiseFloor	rewardMae	kMae	spearman	kendall	topK50
/vol/bitbucket/osella/rl-qecc-data/supervisedLearning/sweep2/g5_ground_anch_H10_s12345.pth	10	12345	2	groundAnchored	[(6, 6), (9, 6), (12, 6), (15, 3)]	True	True	True	True	geometric5	48054	21	18	2026-08-01	groundAnchored_66-96-126-153	0.011864279046925488	0.13998357357050106	0.0022391211346646065	0.015594349007188568	0.12505567915249033	0.5254308394402453	0.03159787911791656	0.009533160740850578	13.94058875412442	4.67302309279921	0.2459512504725089	2.866801045760286	-0.1127916670719301	-0.0642463910108088	0.0
/vol/bitbucket/osella/rl-qecc-data/supervisedLearning/sweep2/g5_ground_anch_H10_s54321.pth	10	54321	2	groundAnchored	[(6, 6), (9, 6), (12, 6), (15, 3)]	True	True	True	True	geometric5	48054	21	18	2026-08-01	groundAnchored_66-96-126-153	0.011864279046925488	0.11257315863648869	0.0008862938017203403	0.002848628406055936	0.07763836755344138	0.4554936516322129	0.02599885178901296	0.009533160740850578	12.365722498319869	4.67302309279921	0.2130987652208955	2.5299454574534948	0.6758015427169772	0.5137682004420021	0.0
/vol/bitbucket/osella/rl-qecc-data/supervisedLearning/sweep2/g5_ground_anch_H3_s3000.pth	3	3000	2	groundAnchored	[(6, 6), (9, 6), (12, 6), (15, 3)]	True	True	True	True	geometric5	48054	21	18	2026-08-01	groundAnchored_66-96-126-153	0.011864279046925488	0.13025139004622516	0.003165381449736707	0.01380914865964663	0.10769227009306338	0.49765557142370387	0.02893457860497543	0.009533160740850578	13.184417698062088	4.67302309279921	0.23343006792340057	2.661418998738068	-0.02039347139602218	0.00674146598124355	0.0
/vol/bitbucket/osella/rl-qecc-data/supervisedLearning/sweep2/g5_ground_anch_H3_s7134066.pth	3	7134066	2	groundAnchored	[(6, 6), (9, 6), (12, 6), (15, 3)]	True	True	True	True	geometric5	48054	21	18	2026-08-01	groundAnchored_66-96-126-153	0.011864279046925488	0.11289027894474048	0.002796994932329855	0.010705315129814251	0.1298443485666126	0.39522909829470376	0.02587563780024192	0.009533160740850578	12.34104252425309	4.67302309279921	0.18428854029031097	5.20166680256357	-0.42389404408629194	-0.2987751582529456	0.0
/vol/bitbucket/osella/rl-qecc-data/supervisedLearning/sweep2/g5_ground_anch_H4_s466555.pth	4	466555	2	groundAnchored	[(6, 6), (9, 6), (12, 6), (15, 3)]	True	True	True	True	geometric5	48054	21	18	2026-08-01	groundAnchored_66-96-126-153	0.011864279046925488	0.14596743348973829	0.05061334821363951	0.12720630866890895	0.14789102039236326	0.37824117797189993	0.025885312201879836	0.009533160740850578	13.021175221313866	4.67302309279921	0.1494848349254746	2.714875460990772	0.645704466785205	0.48150835396713104	0.0
/vol/bitbucket/osella/rl-qecc-data/supervisedLearning/sweep2/g5_ground_anch_H6_s12345.pth	6	12345	2	groundAnchored	[(6, 6), (9, 6), (12, 6), (15, 3)]	True	True	True	True	geometric5	48054	21	18	2026-08-01	groundAnchored_66-96-126-153	0.011864279046925488	0.1262765324444828	0.0026720264081788615	0.008353758941587831	0.0878372212723448	0.5071905676938475	0.025329087906454963	0.009533160740850578	13.862071829981367	4.67302309279921	0.23666008475076536	3.3169232007492377	0.4506220817427088	0.3425650799324769	0.04
/vol/bitbucket/osella/rl-qecc-data/supervisedLearning/sweep2/g5_ground_anch_H6_s54321.pth	6	54321	2	groundAnchored	[(6, 6), (9, 6), (12, 6), (15, 3)]	True	True	True	True	geometric5	48054	21	18	2026-08-01	groundAnchored_66-96-126-153	0.011864279046925488	0.14623404417063565	0.0029038678666503484	0.014162375663427361	0.11110954146572713	0.5706158523766538	0.0323785834807197	0.009533160740850578	15.322162579873556	4.67302309279921	0.2710074082715836	2.8175601834447495	-0.09640353884223152	-0.048561379889157125	0.0
/vol/bitbucket/osella/rl-qecc-data/supervisedLearning/sweep2/g5_ground_anch_H7_s3000.pth	7	3000	2	groundAnchored	[(6, 6), (9, 6), (12, 6), (15, 3)]	True	True	True	True	geometric5	48054	21	18	2026-08-01	groundAnchored_66-96-126-153	0.011864279046925488	0.07732361057861463	0.0011765515254655969	0.005432446217486582	0.07877327302258033	0.27392026478538606	0.02731551734215461	0.009533160740850578	8.673492920709009	4.67302309279921	0.1292948943407013	2.9657855675194393	0.6927818602745432	0.5297050058002919	0.0
/vol/bitbucket/osella/rl-qecc-data/supervisedLearning/sweep2/g5_ground_anch_H7_s7134066.pth	7	7134066	2	groundAnchored	[(6, 6), (9, 6), (12, 6), (15, 3)]	True	True	True	True	geometric5	48054	21	18	2026-08-01	groundAnchored_66-96-126-153	0.011864279046925488	0.12351022217815348	0.0020030698906323583	0.006231550588000363	0.08694976405417959	0.49609340653130196	0.026273319826653214	0.009533160740850578	13.424549390775239	4.67302309279921	0.23359157118385132	3.7837420681837015	0.36201006146668707	0.27808151259280844	0.0
/vol/bitbucket/osella/rl-qecc-data/supervisedLearning/sweep2/g5_ground_pure_H10_s466555.pth	10	466555	2	groundPure	[(6, 6), (9, 6), (12, 6), (15, 3)]	True	True	True	True	geometric5	48054	21	18	2026-08-01	groundPure_66-96-126-153	0.011864279046925488	0.11696450749928083	0.003631816328929762	0.011644710591648268	0.09087212992716213	0.44824278572748366	0.030431094921180492	0.009533160740850578	12.071347279145654	4.67302309279921	0.21491692955106284	2.528435856373057	0.4963265166873515	0.4063834485410093	0.02
/vol/bitbucket/osella/rl-qecc-data/supervisedLearning/sweep2/g5_ground_pure_H3_s12345.pth	3	12345	2	groundPure	[(6, 6), (9, 6), (12, 6), (15, 3)]	True	True	True	True	geometric5	48054	21	18	2026-08-01	groundPure_66-96-126-153	0.011864279046925488	0.09973171117573541	0.011744176924730954	0.03713167629406629	0.09064984742750726	0.33370874822380125	0.02542410700857136	0.009533160740850578	10.424681951561567	4.67302309279921	0.14151973563566125	4.629663118556202	0.6016233774588233	0.4491943123969783	0.02
/vol/bitbucket/osella/rl-qecc-data/supervisedLearning/sweep2/g5_ground_pure_H3_s54321.pth	3	54321	2	groundPure	[(6, 6), (9, 6), (12, 6), (15, 3)]	True	True	True	True	geometric5	48054	21	18	2026-08-01	groundPure_66-96-126-153	0.011864279046925488	0.10548936685065914	0.0018202839514217296	0.008466399377693333	0.07143149540335332	0.4202177959491252	0.025510859571702127	0.009533160740850578	11.343779963370087	4.67302309279921	0.19278779519514438	3.6332759320445684	0.6094243663512086	0.45484337036707306	0.02
/vol/bitbucket/osella/rl-qecc-data/supervisedLearning/sweep2/g5_ground_pure_H4_s3000.pth	4	3000	2	groundPure	[(6, 6), (9, 6), (12, 6), (15, 3)]	True	True	True	True	geometric5	48054	21	18	2026-08-01	groundPure_66-96-126-153	0.011864279046925488	0.11422770520336727	0.01751445793533923	0.061545677780108936	0.19423112756983626	0.2727281199124301	0.025119142819121722	0.009533160740850578	11.69305959307511	4.67302309279921	0.13492628294038148	4.991166326915022	0.3138671755864086	0.21395788320613762	0.0
/vol/bitbucket/osella/rl-qecc-data/supervisedLearning/sweep2/g5_ground_pure_H4_s7134066.pth	4	7134066	2	groundPure	[(6, 6), (9, 6), (12, 6), (15, 3)]	True	True	True	True	geometric5	48054	21	18	2026-08-01	groundPure_66-96-126-153	0.011864279046925488	0.12252376759548907	0.0014973128840827963	0.005655070978083192	0.08625862655853726	0.4906991980735018	0.02850862948324031	0.009533160740850578	13.008703785678142	4.67302309279921	0.23271801912255324	3.1200918794179393	0.4285131919585589	0.3356041406629937	0.0
/vol/bitbucket/osella/rl-qecc-data/supervisedLearning/sweep2/g5_ground_pure_H6_s466555.pth	6	466555	2	groundPure	[(6, 6), (9, 6), (12, 6), (15, 3)]	True	True	True	True	geometric5	48054	21	18	2026-08-01	groundPure_66-96-126-153	0.011864279046925488	0.0938017024940865	0.0009160763795321089	0.003643926594414085	0.08651700988578066	0.35304896724519297	0.02488253236551254	0.009533160740850578	11.019548466898206	4.67302309279921	0.16424024153819175	4.164084712619633	0.32710143101641426	0.2327013118318939	0.02
/vol/bitbucket/osella/rl-qecc-data/supervisedLearning/sweep2/g5_ground_pure_H7_s12345.pth	7	12345	2	groundPure	[(6, 6), (9, 6), (12, 6), (15, 3)]	True	True	True	True	geometric5	48054	21	18	2026-08-01	groundPure_66-96-126-153	0.011864279046925488	0.12311667495535397	0.0012759298410488715	0.004856191179209356	0.08263952688171564	0.49894207217908215	0.02786965469571393	0.009533160740850578	13.493076413323676	4.67302309279921	0.23558012541554804	2.7031469768777683	0.475767663392614	0.3678807568063493	0.0
/vol/bitbucket/osella/rl-qecc-data/supervisedLearning/sweep2/g5_ground_pure_H7_s54321.pth	7	54321	2	groundPure	[(6, 6), (9, 6), (12, 6), (15, 3)]	True	True	True	True	geometric5	48054	21	18	2026-08-01	groundPure_66-96-126-153	0.011864279046925488	0.1270776962344669	0.0020489543391727545	0.006445188926901116	0.09696553711975596	0.5046670049432265	0.02526179584327816	0.009533160740850578	14.558130652387382	4.67302309279921	0.23827828406586019	3.5894846809179777	0.0440745118521045	0.061299173431983205	0.0
/vol/bitbucket/osella/rl-qecc-data/supervisedLearning/sweep2/g5_mix_66-96-126-153_H10_s3000.pth	10	3000	6	mixed	[(6, 6), (9, 6), (12, 6), (15, 3)]	True	True	True	True	geometric5	48054	21	18	2026-08-01	mixed_66-96-126-153	0.011864279046925488	0.09425907055423274	0.0016836948617920578	0.005964588892745024	0.08584330625919034	0.3483924857211349	0.029411277036301312	0.009533160740850578	10.730850612611004	4.67302309279921	0.16881510330925173	2.508423597743093	0.6779194315507873	0.5057416934875725	0.02
/vol/bitbucket/osella/rl-qecc-data/supervisedLearning/sweep2/g5_mix_66-96-126-153_H10_s7134066.pth	10	7134066	6	mixed	[(6, 6), (9, 6), (12, 6), (15, 3)]	True	True	True	True	geometric5	48054	21	18	2026-08-01	mixed_66-96-126-153	0.011864279046925488	0.10326171574589307	0.0051416142243215675	0.01651484652186252	0.10769680172979186	0.3573763961921859	0.029578920061303395	0.009533160740850578	11.287793231739164	4.67302309279921	0.17710165857851043	2.754986972168709	0.4297801563002697	0.34809879165990126	0.0
/vol/bitbucket/osella/rl-qecc-data/supervisedLearning/sweep2/g5_mix_66-96-126-153_H3_s466555.pth	3	466555	6	mixed	[(6, 6), (9, 6), (12, 6), (15, 3)]	True	True	True	True	geometric5	48054	21	18	2026-08-01	mixed_66-96-126-153	0.011864279046925488	0.09425815144009407	0.0018672479440862986	0.005542280457343686	0.087442729400596	0.3482048403451063	0.02823365905333802	0.009533160740850578	10.91671646069476	4.67302309279921	0.16947476819537768	2.945239167482947	0.5373677315579429	0.4087428804486352	0.0
/vol/bitbucket/osella/rl-qecc-data/supervisedLearning/sweep2/g5_mix_66-96-126-153_H4_s12345.pth	4	12345	6	mixed	[(6, 6), (9, 6), (12, 6), (15, 3)]	True	True	True	True	geometric5	48054	21	18	2026-08-01	mixed_66-96-126-153	0.011864279046925488	0.10395753874133222	0.003690006073498537	0.011439575515308312	0.09861729714554882	0.37574980366404404	0.030291011308261305	0.009533160740850578	11.876202825504262	4.67302309279921	0.18455743279844902	2.8192291252248993	0.5434848273482618	0.42324893903797295	0.0
/vol/bitbucket/osella/rl-qecc-data/supervisedLearning/sweep2/g5_mix_66-96-126-153_H4_s54321.pth	4	54321	6	mixed	[(6, 6), (9, 6), (12, 6), (15, 3)]	True	True	True	True	geometric5	48054	21	18	2026-08-01	mixed_66-96-126-153	0.011864279046925488	0.10795242941478264	0.005962574923233145	0.0193771940203666	0.12022384125200694	0.3647356097332005	0.029462927145105965	0.009533160740850578	11.812916006589154	4.67302309279921	0.18350968058022596	4.065700788275552	0.21917704155802364	0.1971737122961421	0.0
/vol/bitbucket/osella/rl-qecc-data/supervisedLearning/sweep2/g5_mix_66-96-126-153_H6_s3000.pth	6	3000	6	mixed	[(6, 6), (9, 6), (12, 6), (15, 3)]	True	True	True	True	geometric5	48054	21	18	2026-08-01	mixed_66-96-126-153	0.011864279046925488	0.10736243708209209	0.0049154761749094665	0.013163885817855476	0.1013284368662757	0.38708510506333704	0.03031928148808271	0.009533160740850578	12.037595231957713	4.67302309279921	0.18935324380212828	3.325391644598388	0.47801699559231664	0.36840907879947166	0.0
/vol/bitbucket/osella/rl-qecc-data/supervisedLearning/sweep2/g5_mix_66-96-126-153_H6_s7134066.pth	6	7134066	6	mixed	[(6, 6), (9, 6), (12, 6), (15, 3)]	True	True	True	True	geometric5	48054	21	18	2026-08-01	mixed_66-96-126-153	0.011864279046925488	0.11644636386599787	0.00461694788902188	0.012910722732913264	0.09714859252667939	0.43690931848897047	0.030646237692404477	0.009533160740850578	13.295024657470977	4.67302309279921	0.2134084303171076	2.840708169993893	0.5291279231509386	0.41462406312334305	0.0
/vol/bitbucket/osella/rl-qecc-data/supervisedLearning/sweep2/g5_mix_66-96-126-153_H7_s466555.pth	7	466555	6	mixed	[(6, 6), (9, 6), (12, 6), (15, 3)]	True	True	True	True	geometric5	48054	21	18	2026-08-01	mixed_66-96-126-153	0.011864279046925488	0.08402730144704218	0.0015487796432979632	0.004473964949447081	0.07475188602741997	0.31112131535103693	0.02824056126400888	0.009533160740850578	9.60679633149474	4.67302309279921	0.15100729921691625	2.452731581803351	0.712157949494851	0.5590320709055843	0.0
/vol/bitbucket/osella/rl-qecc-data/supervisedLearning/sweep2/g5_mix_66-96-126_H10_s12345.pth	10	12345	8	mixed	[(6, 6), (9, 6), (12, 6)]	True	True	True	False	geometric5	48054	21	18	2026-08-01	mixed_66-96-126	0.011864279046925488	0.10978649251439247	0.002096175352221822	0.006868069381089748	0.09120781870954271	0.4225298880759104	0.026230511053197823	0.009533160740850578	12.621227264275612	4.67302309279921	0.20157997696040467	3.8431551513806035	0.40339818837933744	0.31192957085341744	0.0
/vol/bitbucket/osella/rl-qecc-data/supervisedLearning/sweep2/g5_mix_66-96-126_H10_s54321.pth	10	54321	8	mixed	[(6, 6), (9, 6), (12, 6)]	True	True	True	False	geometric5	48054	21	18	2026-08-01	mixed_66-96-126	0.011864279046925488	0.09795599965222479	0.003364236402547184	0.009707425434615986	0.09149437866730738	0.3584822639994912	0.026731693757162334	0.009533160740850578	11.399863850930267	4.67302309279921	0.1720191422801534	3.4816731901339897	0.6048686068476273	0.46672035878591006	0.02
/vol/bitbucket/osella/rl-qecc-data/supervisedLearning/sweep2/g5_mix_66-96-126_H3_s3000.pth	3	3000	8	mixed	[(6, 6), (9, 6), (12, 6)]	True	True	True	False	geometric5	48054	21	18	2026-08-01	mixed_66-96-126	0.011864279046925488	0.10470050601115016	0.004403563000424352	0.012175161984470948	0.09921365275634386	0.3799947989948353	0.02771535331967639	0.009533160740850578	11.524978828767958	4.67302309279921	0.184494367411821	3.1049523332490403	0.45341162779686656	0.3517160121779117	0.0
/vol/bitbucket/osella/rl-qecc-data/supervisedLearning/sweep2/g5_mix_66-96-126_H3_s7134066.pth	3	7134066	8	mixed	[(6, 6), (9, 6), (12, 6)]	True	True	True	False	geometric5	48054	21	18	2026-08-01	mixed_66-96-126	0.011864279046925488	0.12354148846400445	0.0019796921023716735	0.006715974653838845	0.09382316113624209	0.48245177327007344	0.03273684115749613	0.009533160740850578	13.753419165188344	4.67302309279921	0.23220900765544017	2.7574544771026623	0.47812136163439933	0.36218494282759495	0.0
/vol/bitbucket/osella/rl-qecc-data/supervisedLearning/sweep2/g5_mix_66-96-126_H4_s466555.pth	4	466555	8	mixed	[(6, 6), (9, 6), (12, 6)]	True	True	True	False	geometric5	48054	21	18	2026-08-01	mixed_66-96-126	0.011864279046925488	0.11056925241449736	0.0019659708687429244	0.005462100121650251	0.08748213861500197	0.4271748306842815	0.030761221782809992	0.009533160740850578	12.247743993459817	4.67302309279921	0.20652615585406925	2.5879515408130005	0.4816923807536432	0.358743450027133	0.0
/vol/bitbucket/osella/rl-qecc-data/supervisedLearning/sweep2/g5_mix_66-96-126_H6_s12345.pth	6	12345	8	mixed	[(6, 6), (9, 6), (12, 6)]	True	True	True	False	geometric5	48054	21	18	2026-08-01	mixed_66-96-126	0.011864279046925488	0.11868382468026487	0.006193199913610082	0.018658599379643395	0.1127301084635626	0.42693332652606664	0.028903889118441783	0.009533160740850578	13.15116100856717	4.67302309279921	0.2097814441300211	3.1593444677914864	0.23689909437196313	0.20706674791950577	0.0
/vol/bitbucket/osella/rl-qecc-data/supervisedLearning/sweep2/g5_mix_66-96-126_H6_s54321.pth	6	54321	8	mixed	[(6, 6), (9, 6), (12, 6)]	True	True	True	False	geometric5	48054	21	18	2026-08-01	mixed_66-96-126	0.011864279046925488	0.10990455233392966	0.0016256258957430805	0.005217550184505428	0.08900519574536515	0.4182327330389903	0.03544165680504433	0.009533160740850578	12.278068045452317	4.67302309279921	0.20754863780926114	2.870605394891046	0.45288480718388613	0.3428380104344739	0.02
/vol/bitbucket/osella/rl-qecc-data/supervisedLearning/sweep2/g5_mix_66-96-126_H7_s3000.pth	7	3000	8	mixed	[(6, 6), (9, 6), (12, 6)]	True	True	True	False	geometric5	48054	21	18	2026-08-01	mixed_66-96-126	0.011864279046925488	0.09684665261818559	0.003541535564647578	0.008941432200818729	0.09053677944872257	0.34902405018665206	0.0321894656900868	0.009533160740850578	10.540281049701639	4.67302309279921	0.17317750050113354	2.6756297649205805	0.5436832756913953	0.42408660293143186	0.0
/vol/bitbucket/osella/rl-qecc-data/supervisedLearning/sweep2/g5_mix_66-96-126_H7_s7134066.pth	7	7134066	8	mixed	[(6, 6), (9, 6), (12, 6)]	True	True	True	False	geometric5	48054	21	18	2026-08-01	mixed_66-96-126	0.011864279046925488	0.08398210458042218	0.0030031606180453523	0.008369963693550444	0.07153712898574748	0.30796025198152277	0.02904001762324487	0.009533160740850578	9.504057503287687	4.67302309279921	0.14672486410931018	2.779934924682408	0.6689060806800651	0.5125775132678144	0.0
/vol/bitbucket/osella/rl-qecc-data/supervisedLearning/sweep2/g5_mix_66-96_H10_s466555.pth	10	466555	12	mixed	[(6, 6), (9, 6)]	True	True	False	False	geometric5	48054	21	18	2026-08-01	mixed_66-96	0.011864279046925488	0.11824833665698244	0.0019564028300679635	0.005861786351882759	0.0882282883011946	0.4578217127852937	0.03737349301647315	0.009533160740850578	12.867188298718387	4.67302309279921	0.22497165622520776	2.701793584830753	0.5174950772949986	0.4067149336797867	0.0
/vol/bitbucket/osella/rl-qecc-data/supervisedLearning/sweep2/g5_mix_66-96_H3_s12345.pth	3	12345	12	mixed	[(6, 6), (9, 6)]	True	True	False	False	geometric5	48054	21	18	2026-08-01	mixed_66-96	0.011864279046925488	0.1592114220992634	0.003959611288916355	0.015074448146973726	0.1512768599184616	0.5761414885416596	0.04960470260030575	0.009533160740850578	17.140249735487426	4.67302309279921	0.2887257725133604	4.240201486016216	-0.2681869259384613	-0.14177196395272673	0.0
/vol/bitbucket/osella/rl-qecc-data/supervisedLearning/sweep2/g5_mix_66-96_H3_s54321.pth	3	54321	12	mixed	[(6, 6), (9, 6)]	True	True	False	False	geometric5	48054	21	18	2026-08-01	mixed_66-96	0.011864279046925488	0.1040001474929205	0.001939917082916823	0.005355666644014837	0.08144657271481275	0.3952869550738064	0.03597162594905173	0.009533160740850578	11.46779418434517	4.67302309279921	0.19417972331395225	2.8257893677750503	0.6371008251257398	0.4893512405324962	0.02
/vol/bitbucket/osella/rl-qecc-data/supervisedLearning/sweep2/g5_mix_66-96_H4_s3000.pth	4	3000	12	mixed	[(6, 6), (9, 6)]	True	True	False	False	geometric5	48054	21	18	2026-08-01	mixed_66-96	0.011864279046925488	0.13398201781674804	0.001641159506327727	0.004398474220415044	0.08376096131038699	0.5230680371373687	0.0570414569092416	0.009533160740850578	15.04602527204297	4.67302309279921	0.2656712004296362	3.368873799242132	0.3524568119597046	0.280467838759931	0.0
/vol/bitbucket/osella/rl-qecc-data/supervisedLearning/sweep2/g5_mix_66-96_H4_s7134066.pth	4	7134066	12	mixed	[(6, 6), (9, 6)]	True	True	False	False	geometric5	48054	21	18	2026-08-01	mixed_66-96	0.011864279046925488	0.12731331962575226	0.0024355721360175505	0.006567704025389304	0.08805686705839078	0.49807365716901963	0.04143279773994406	0.009533160740850578	14.20703168784728	4.67302309279921	0.2456133075223762	2.821440581161143	0.4369126683430719	0.3447051478172991	0.0
/vol/bitbucket/osella/rl-qecc-data/supervisedLearning/sweep2/g5_mix_66-96_H6_s466555.pth	6	466555	12	mixed	[(6, 6), (9, 6)]	True	True	False	False	geometric5	48054	21	18	2026-08-01	mixed_66-96	0.011864279046925488	0.12843140001837802	0.0027027445646793293	0.008456467207061679	0.09023029304051733	0.4812751512025191	0.05949234407711263	0.009533160740850578	13.560834001838474	4.67302309279921	0.245459765787987	3.149398384965175	0.4434681547486484	0.33196975599455764	0.02
/vol/bitbucket/osella/rl-qecc-data/supervisedLearning/sweep2/g5_mix_66-96_H7_s12345.pth	7	12345	12	mixed	[(6, 6), (9, 6)]	True	True	False	False	geometric5	48054	21	18	2026-08-01	mixed_66-96	0.011864279046925488	0.132942507691058	0.006950658149267181	0.014741635164076942	0.09700261637450458	0.5095320021261145	0.03648562664132681	0.009533160740850578	14.686848817310832	4.67302309279921	0.24812988132419941	2.6894262922947814	0.4098206199197733	0.3126891955732694	0.0
/vol/bitbucket/osella/rl-qecc-data/supervisedLearning/sweep2/g5_mix_66-96_H7_s54321.pth	7	54321	12	mixed	[(6, 6), (9, 6)]	True	True	False	False	geometric5	48054	21	18	2026-08-01	mixed_66-96	0.011864279046925488	0.13683435750041162	0.007127703806996896	0.020510546001037314	0.12326644537314133	0.4981841873660992	0.035082904954783584	0.009533160740850578	15.204691300075568	4.67302309279921	0.2486683201594953	4.0837082575808035	0.08877249654822847	0.09900583280245666	0.0
/vol/bitbucket/osella/rl-qecc-data/supervisedLearning/sweep2/g5_mix_66_H10_s3000.pth	10	3000	24	mixed	[(6, 6)]	True	False	False	False	geometric5	48054	21	18	2026-08-01	mixed_66	0.011864279046925488	0.13542533271856208	0.0049002450307184045	0.014643256885696149	0.11098535583526913	0.5181124883266098	0.028485317514516963	0.009533160740850578	14.413386300779289	4.67302309279921	0.2468601291241324	2.919932473160808	-0.04390199820243136	-0.019995218853188727	0.02
/vol/bitbucket/osella/rl-qecc-data/supervisedLearning/sweep2/g5_mix_66_H10_s7134066.pth	10	7134066	24	mixed	[(6, 6)]	True	False	False	False	geometric5	48054	21	18	2026-08-01	mixed_66	0.011864279046925488	0.13373140579860734	0.0039462079993874575	0.01581169396254295	0.1259477672867462	0.4959293228728785	0.027022036871481626	0.009533160740850578	13.987464409401355	4.67302309279921	0.23752282232551977	3.1574139879547354	-0.2523454423784983	-0.15690700888991788	0.0
/vol/bitbucket/osella/rl-qecc-data/supervisedLearning/sweep2/g5_mix_66_H3_s466555.pth	3	466555	24	mixed	[(6, 6)]	True	False	False	False	geometric5	48054	21	18	2026-08-01	mixed_66	0.011864279046925488	0.12835928516741454	0.005173824867751478	0.017951082110117436	0.11240015051789574	0.47858457368594925	0.027686794655358855	0.009533160740850578	13.399772456024525	4.67302309279921	0.22916752194470905	3.1965922687157575	0.20815573448804306	0.1862761200700894	0.0
/vol/bitbucket/osella/rl-qecc-data/supervisedLearning/sweep2/g5_mix_66_H4_s12345.pth	4	12345	24	mixed	[(6, 6)]	True	False	False	False	geometric5	48054	21	18	2026-08-01	mixed_66	0.011864279046925488	0.127996490623436	0.0031913569051057735	0.010681155117940558	0.11044334212655242	0.48658743018823836	0.029079168779342846	0.009533160740850578	13.453719280430274	4.67302309279921	0.230105420986719	2.9590647715022262	-0.15703799028706864	-0.10071234809157077	0.0
/vol/bitbucket/osella/rl-qecc-data/supervisedLearning/sweep2/g5_mix_66_H4_s54321.pth	4	54321	24	mixed	[(6, 6)]	True	False	False	False	geometric5	48054	21	18	2026-08-01	mixed_66	0.011864279046925488	0.145168937120734	0.003751337037961982	0.012077802822259103	0.10935688373648111	0.5710925112706164	0.029566150736351337	0.009533160740850578	16.118882731852644	4.67302309279921	0.27197491407941005	3.418369049267232	0.07369985203971069	0.0844565012210576	0.0
/vol/bitbucket/osella/rl-qecc-data/supervisedLearning/sweep2/g5_mix_66_H6_s3000.pth	6	3000	24	mixed	[(6, 6)]	True	False	False	False	geometric5	48054	21	18	2026-08-01	mixed_66	0.011864279046925488	0.12460209280074426	0.0023138168811802705	0.008974016573257576	0.09269089923610836	0.49151489660191355	0.027516834711261463	0.009533160740850578	13.062732508351715	4.67302309279921	0.23227065889971799	2.8989239927707957	0.20093336971882186	0.17628164105270058	0.0
/vol/bitbucket/osella/rl-qecc-data/supervisedLearning/sweep2/g5_mix_66_H6_s7134066.pth	6	7134066	24	mixed	[(6, 6)]	True	False	False	False	geometric5	48054	21	18	2026-08-01	mixed_66	0.011864279046925488	0.1178190756717103	0.002162888909027211	0.006764223649138832	0.09422498119914562	0.46008862382172794	0.02585466077951187	0.009533160740850578	12.889811188026966	4.67302309279921	0.21688938286101878	3.2004999991073917	0.315769493425664	0.2559046002879611	0.0
/vol/bitbucket/osella/rl-qecc-data/supervisedLearning/sweep2/g5_mix_66_H7_s466555.pth	7	466555	24	mixed	[(6, 6)]	True	False	False	False	geometric5	48054	21	18	2026-08-01	mixed_66	0.011864279046925488	0.15689738153469238	0.0025811942498730647	0.009443598690621358	0.10597372630010124	0.63849648505214	0.02799190338072609	0.009533160740850578	19.08711234056118	4.67302309279921	0.30391630128502767	2.958880956518579	-0.06095589278123343	-0.02149175723299967	0.0
/vol/bitbucket/osella/rl-qecc-data/supervisedLearning/sweep2/g5_ground_anch_H10_s12345.pth	10	12345	2	groundAnchored	[(6, 6), (9, 6), (12, 6), (15, 3)]	True	True	True	True	geometric5	895050	6	6	2026-08-01	groundAnchored_66-96-126-153	0.023935993090281937	0.02409232286114038	0.003329552951552498	0.009782603660604428	0.0308648203181763	0.06350676399132915	0.01297787338403962	0.017182101469570527	10.656594130687072	10.111702831361514	0.03240457117084793	1.329780114997759	0.8572505648869213	0.6763378928490459	0.08
/vol/bitbucket/osella/rl-qecc-data/supervisedLearning/sweep2/g5_ground_anch_H10_s54321.pth	10	54321	2	groundAnchored	[(6, 6), (9, 6), (12, 6), (15, 3)]	True	True	True	True	geometric5	895050	6	6	2026-08-01	groundAnchored_66-96-126-153	0.023935993090281937	0.025336680242163227	0.0036050868357629666	0.0106039576840925	0.03286162972454839	0.06647499730441563	0.013137729661996611	0.017182101469570527	10.71701450812527	10.111702831361514	0.03408198053374082	1.289412102957663	0.838981586531186	0.6555465233745585	0.04
/vol/bitbucket/osella/rl-qecc-data/supervisedLearning/sweep2/g5_ground_anch_H3_s3000.pth	3	3000	2	groundAnchored	[(6, 6), (9, 6), (12, 6), (15, 3)]	True	True	True	True	geometric5	895050	6	6	2026-08-01	groundAnchored_66-96-126-153	0.023935993090281937	0.024034525511906338	0.003665337664460102	0.010184827035458704	0.031128173389519787	0.062477200881994106	0.0127170885880991	0.017182101469570527	10.662059007375156	10.111702831361514	0.03187861859795998	1.1991314293180695	0.8594606025113026	0.6790807530566165	0.04
/vol/bitbucket/osella/rl-qecc-data/supervisedLearning/sweep2/g5_ground_anch_H3_s7134066.pth	3	7134066	2	groundAnchored	[(6, 6), (9, 6), (12, 6), (15, 3)]	True	True	True	True	geometric5	895050	6	6	2026-08-01	groundAnchored_66-96-126-153	0.023935993090281937	0.023627957690685483	0.003415978686342831	0.009896518159249287	0.030868662455681976	0.06204441882746173	0.011914210324691563	0.017182101469570527	10.649726830000402	10.111702831361514	0.03139462709745609	1.193966618869153	0.8630672405785735	0.6833066982017119	0.04
/vol/bitbucket/osella/rl-qecc-data/supervisedLearning/sweep2/g5_ground_anch_H4_s466555.pth	4	466555	2	groundAnchored	[(6, 6), (9, 6), (12, 6), (15, 3)]	True	True	True	True	geometric5	895050	6	6	2026-08-01	groundAnchored_66-96-126-153	0.023935993090281937	0.025538669153838386	0.004178609141188864	0.011560957944330829	0.03409867791916011	0.06538491132279732	0.012470189441714869	0.017182101469570527	10.746134416415288	10.111702831361514	0.0337786949958587	1.2576383605240964	0.844441292206153	0.6631073276840258	0.02
/vol/bitbucket/osella/rl-qecc-data/supervisedLearning/sweep2/g5_ground_anch_H6_s12345.pth	6	12345	2	groundAnchored	[(6, 6), (9, 6), (12, 6), (15, 3)]	True	True	True	True	geometric5	895050	6	6	2026-08-01	groundAnchored_66-96-126-153	0.023935993090281937	0.023769596491262972	0.003233929120531332	0.009569300222812858	0.03038941277313388	0.06268522416077879	0.012970116179057972	0.017182101469570527	10.656947309803655	10.111702831361514	0.0319160093881194	1.2912946196834665	0.8579913609238229	0.6772403710517652	0.06
/vol/bitbucket/osella/rl-qecc-data/supervisedLearning/sweep2/g5_ground_anch_H6_s54321.pth	6	54321	2	groundAnchored	[(6, 6), (9, 6), (12, 6), (15, 3)]	True	True	True	True	geometric5	895050	6	6	2026-08-01	groundAnchored_66-96-126-153	0.023935993090281937	0.023510391024154986	0.0033229045702355426	0.009461284996985073	0.02972368752199085	0.062077280477643174	0.01296679755392024	0.017182101469570527	10.635131200347548	10.111702831361514	0.03154411871389973	1.2554496290855426	0.8607505136944206	0.6808899906580975	0.06
/vol/bitbucket/osella/rl-qecc-data/supervisedLearning/sweep2/g5_ground_anch_H7_s3000.pth	7	3000	2	groundAnchored	[(6, 6), (9, 6), (12, 6), (15, 3)]	True	True	True	True	geometric5	895050	6	6	2026-08-01	groundAnchored_66-96-126-153	0.023935993090281937	0.023394310110727096	0.0032512246695382977	0.009346717309522407	0.029756836832913136	0.06188292962496979	0.012733842116691828	0.017182101469570527	10.63632103887998	10.111702831361514	0.03145144887296651	1.2400257905797114	0.8618146008136847	0.681853139107106	0.04
/vol/bitbucket/osella/rl-qecc-data/supervisedLearning/sweep2/g5_ground_anch_H7_s7134066.pth	7	7134066	2	groundAnchored	[(6, 6), (9, 6), (12, 6), (15, 3)]	True	True	True	True	geometric5	895050	6	6	2026-08-01	groundAnchored_66-96-126-153	0.023935993090281937	0.023776966251549396	0.003356098906000752	0.00974660923687722	0.030422284196191113	0.0625697647789599	0.012790074139718048	0.017182101469570527	10.644761960370136	10.111702831361514	0.03187337555933696	1.2652505115448887	0.8607243254720017	0.6804661593157402	0.06
/vol/bitbucket/osella/rl-qecc-data/supervisedLearning/sweep2/g5_ground_pure_H10_s466555.pth	10	466555	2	groundPure	[(6, 6), (9, 6), (12, 6), (15, 3)]	True	True	True	True	geometric5	895050	6	6	2026-08-01	groundPure_66-96-126-153	0.023935993090281937	0.026726232389452972	0.0038071852529030776	0.011284907268111074	0.03495133527853264	0.0711588116264397	0.012428922521278488	0.017182101469570527	10.78199983654829	10.111702831361514	0.036628690572689436	1.1712750069420201	0.8136524834957601	0.6283279110132154	0.06
/vol/bitbucket/osella/rl-qecc-data/supervisedLearning/sweep2/g5_ground_pure_H3_s12345.pth	3	12345	2	groundPure	[(6, 6), (9, 6), (12, 6), (15, 3)]	True	True	True	True	geometric5	895050	6	6	2026-08-01	groundPure_66-96-126-153	0.023935993090281937	0.025929878681662574	0.003691769691836021	0.011032117006025341	0.03373068095611557	0.0681840892365943	0.01301073651774171	0.017182101469570527	10.764438421346547	10.111702831361514	0.03509915593513545	1.246758551224005	0.8330549480795688	0.6485498255707755	0.02
/vol/bitbucket/osella/rl-qecc-data/supervisedLearning/sweep2/g5_ground_pure_H3_s54321.pth	3	54321	2	groundPure	[(6, 6), (9, 6), (12, 6), (15, 3)]	True	True	True	True	geometric5	895050	6	6	2026-08-01	groundPure_66-96-126-153	0.023935993090281937	0.02472212668919298	0.003744847615927767	0.011151563917046402	0.0335160757524693	0.06484349796361004	0.010354648196911499	0.017182101469570527	10.69835255480146	10.111702831361514	0.032467147654425266	0.8748229056154907	0.8580839094954977	0.676755766028297	0.02
/vol/bitbucket/osella/rl-qecc-data/supervisedLearning/sweep2/g5_ground_pure_H4_s3000.pth	4	3000	2	groundPure	[(6, 6), (9, 6), (12, 6), (15, 3)]	True	True	True	True	geometric5	895050	6	6	2026-08-01	groundPure_66-96-126-153	0.023935993090281937	0.026919338863081097	0.003827388429335092	0.011340113829184113	0.03416649807089855	0.07053247826745264	0.01473021571853505	0.017182101469570527	10.825923434758028	10.111702831361514	0.0369663901606783	1.6444939711611868	0.8124795887603845	0.6257913996373562	0.04
/vol/bitbucket/osella/rl-qecc-data/supervisedLearning/sweep2/g5_ground_pure_H4_s7134066.pth	4	7134066	2	groundPure	[(6, 6), (9, 6), (12, 6), (15, 3)]	True	True	True	True	geometric5	895050	6	6	2026-08-01	groundPure_66-96-126-153	0.023935993090281937	0.027192255674681216	0.00399806476757086	0.011873601631597595	0.035901130926610694	0.07123666842456043	0.012951812623066442	0.017182101469570527	10.807028971711683	10.111702831361514	0.036838891839816916	1.2387893015861138	0.8127980897567515	0.6270124796962239	0.06
/vol/bitbucket/osella/rl-qecc-data/supervisedLearning/sweep2/g5_ground_pure_H6_s466555.pth	6	466555	2	groundPure	[(6, 6), (9, 6), (12, 6), (15, 3)]	True	True	True	True	geometric5	895050	6	6	2026-08-01	groundPure_66-96-126-153	0.023935993090281937	0.02828011377847726	0.004266854318728909	0.012431517818201544	0.03677373394898633	0.07484129703456763	0.013087165771901933	0.017182101469570527	10.84773688759785	10.111702831361514	0.038625072029874453	1.3270277790495566	0.8026710660168619	0.615629595633873	0.02
/vol/bitbucket/osella/rl-qecc-data/supervisedLearning/sweep2/g5_ground_pure_H7_s12345.pth	7	12345	2	groundPure	[(6, 6), (9, 6), (12, 6), (15, 3)]	True	True	True	True	geometric5	895050	6	6	2026-08-01	groundPure_66-96-126-153	0.023935993090281937	0.028038862105206206	0.004326652469214804	0.01292144347545831	0.03787222512340892	0.07204796557900389	0.013026023878945137	0.017182101469570527	10.903235676794806	10.111702831361514	0.0376460793443836	1.290295838151762	0.8119679633301518	0.6242784942773217	0.02
/vol/bitbucket/osella/rl-qecc-data/supervisedLearning/sweep2/g5_ground_pure_H7_s54321.pth	7	54321	2	groundPure	[(6, 6), (9, 6), (12, 6), (15, 3)]	True	True	True	True	geometric5	895050	6	6	2026-08-01	groundPure_66-96-126-153	0.023935993090281937	0.023541444700676744	0.003523343810209041	0.010366008570675298	0.03151376585280259	0.06242313959652732	0.00988096567316954	0.017182101469570527	10.637267796801297	10.111702831361514	0.030847610886842843	0.7696688136383979	0.8747655567359759	0.6965497000185173	0.04
/vol/bitbucket/osella/rl-qecc-data/supervisedLearning/sweep2/g5_mix_66-96-126-153_H10_s3000.pth	10	3000	6	mixed	[(6, 6), (9, 6), (12, 6), (15, 3)]	True	True	True	True	geometric5	895050	6	6	2026-08-01	mixed_66-96-126-153	0.023935993090281937	0.02690411071262044	0.00392343611000042	0.01152096816362689	0.034591478985989806	0.06895744332395004	0.015527226979535017	0.017182101469570527	10.835499955199	10.111702831361514	0.036568700844123496	1.6932509761211971	0.8128848537683505	0.627160941779506	0.04
/vol/bitbucket/osella/rl-qecc-data/supervisedLearning/sweep2/g5_mix_66-96-126-153_H10_s7134066.pth	10	7134066	6	mixed	[(6, 6), (9, 6), (12, 6), (15, 3)]	True	True	True	True	geometric5	895050	6	6	2026-08-01	mixed_66-96-126-153	0.023935993090281937	0.029748410965902205	0.004844708773472978	0.014459901639400771	0.038984611710489746	0.07532751785347848	0.015125314852669224	0.017182101469570527	10.912987715916518	10.111702831361514	0.0399092587146005	1.7233085013064557	0.787135635101625	0.6000267965573253	0.08
/vol/bitbucket/osella/rl-qecc-data/supervisedLearning/sweep2/g5_mix_66-96-126-153_H3_s466555.pth	3	466555	6	mixed	[(6, 6), (9, 6), (12, 6), (15, 3)]	True	True	True	True	geometric5	895050	6	6	2026-08-01	mixed_66-96-126-153	0.023935993090281937	0.028814710599858732	0.004440771929929226	0.012775103417308387	0.03784420671466152	0.0743621380666059	0.014651332870788592	0.017182101469570527	10.875478132131663	10.111702831361514	0.039262755758335474	1.7424333924923814	0.7957007896282988	0.6093940978189623	0.04
/vol/bitbucket/osella/rl-qecc-data/supervisedLearning/sweep2/g5_mix_66-96-126-153_H4_s12345.pth	4	12345	6	mixed	[(6, 6), (9, 6), (12, 6), (15, 3)]	True	True	True	True	geometric5	895050	6	6	2026-08-01	mixed_66-96-126-153	0.023935993090281937	0.02596889080423238	0.00397123456189011	0.011380052216632994	0.03317870096260114	0.06658024760381381	0.014734218676223775	0.017182101469570527	10.789277832983101	10.111702831361514	0.034927627631975426	1.6209087302642031	0.8275736866722261	0.6428983251699832	0.04
/vol/bitbucket/osella/rl-qecc-data/supervisedLearning/sweep2/g5_mix_66-96-126-153_H4_s54321.pth	4	54321	6	mixed	[(6, 6), (9, 6), (12, 6), (15, 3)]	True	True	True	True	geometric5	895050	6	6	2026-08-01	mixed_66-96-126-153	0.023935993090281937	0.029341433233076517	0.004190385196378703	0.012241018617085948	0.03648401862724615	0.07845677010812974	0.015334973616542034	0.017182101469570527	10.906717909768178	10.111702831361514	0.04088939953518438	1.6274711667826094	0.7942427692585161	0.6073401112113384	0.02
/vol/bitbucket/osella/rl-qecc-data/supervisedLearning/sweep2/g5_mix_66-96-126-153_H6_s3000.pth	6	3000	6	mixed	[(6, 6), (9, 6), (12, 6), (15, 3)]	True	True	True	True	geometric5	895050	6	6	2026-08-01	mixed_66-96-126-153	0.023935993090281937	0.025782844121709024	0.0036931544839389286	0.010873422873901042	0.032611839671724506	0.06693220613736094	0.01480359744161978	0.017182101469570527	10.77082120453177	10.111702831361514	0.0349979047525922	1.6620710484672943	0.8292340546916341	0.6446291192909829	0.06
/vol/bitbucket/osella/rl-qecc-data/supervisedLearning/sweep2/g5_mix_66-96-126-153_H6_s7134066.pth	6	7134066	6	mixed	[(6, 6), (9, 6), (12, 6), (15, 3)]	True	True	True	True	geometric5	895050	6	6	2026-08-01	mixed_66-96-126-153	0.023935993090281937	0.028917914901578367	0.004571506798210106	0.0135308571250122	0.03754924168111432	0.07428154369001408	0.014656425213541229	0.017182101469570527	10.894126359768551	10.111702831361514	0.039154677956446275	1.6762472814962481	0.7917269921583933	0.6051709364850575	0.0
/vol/bitbucket/osella/rl-qecc-data/supervisedLearning/sweep2/g5_mix_66-96-126-153_H7_s466555.pth	7	466555	6	mixed	[(6, 6), (9, 6), (12, 6), (15, 3)]	True	True	True	True	geometric5	895050	6	6	2026-08-01	mixed_66-96-126-153	0.023935993090281937	0.02660833449268373	0.00409146366223291	0.011740756755321415	0.033777653881007584	0.06855844765319212	0.014873350511664704	0.017182101469570527	10.797505297170938	10.111702831361514	0.036024886263772274	1.7303004759036325	0.8222281844581824	0.636990316278886	0.08
/vol/bitbucket/osella/rl-qecc-data/supervisedLearning/sweep2/g5_mix_66-96-126_H10_s12345.pth	10	12345	8	mixed	[(6, 6), (9, 6), (12, 6)]	True	True	True	False	geometric5	895050	6	6	2026-08-01	mixed_66-96-126	0.023935993090281937	0.02769521334968942	0.004274125632288354	0.012655341796982179	0.03550013833365402	0.06998488034455554	0.016061580640967122	0.017182101469570527	10.825770713346373	10.111702831361514	0.03709630848010352	1.601214460091287	0.8203414598919138	0.6345835944765773	0.02
/vol/bitbucket/osella/rl-qecc-data/supervisedLearning/sweep2/g5_mix_66-96-126_H10_s54321.pth	10	54321	8	mixed	[(6, 6), (9, 6), (12, 6)]	True	True	True	False	geometric5	895050	6	6	2026-08-01	mixed_66-96-126	0.023935993090281937	0.027331732793752988	0.004256101009865229	0.012516786381096018	0.036187842533867975	0.06944577365932231	0.014252160384613369	0.017182101469570527	10.84882198221145	10.111702831361514	0.036460662259522394	1.7565260758664207	0.815822838475017	0.6311145006126104	0.02
/vol/bitbucket/osella/rl-qecc-data/supervisedLearning/sweep2/g5_mix_66-96-126_H3_s3000.pth	3	3000	8	mixed	[(6, 6), (9, 6), (12, 6)]	True	True	True	False	geometric5	895050	6	6	2026-08-01	mixed_66-96-126	0.023935993090281937	0.026657532178873358	0.0039169638933035595	0.011284515043266491	0.03313146993404282	0.06874660424714794	0.01620810777660601	0.017182101469570527	10.81874380251221	10.111702831361514	0.03641803991157369	1.71862770054808	0.8150972809243753	0.6292898723296113	0.04
/vol/bitbucket/osella/rl-qecc-data/supervisedLearning/sweep2/g5_mix_66-96-126_H3_s7134066.pth	3	7134066	8	mixed	[(6, 6), (9, 6), (12, 6)]	True	True	True	False	geometric5	895050	6	6	2026-08-01	mixed_66-96-126	0.023935993090281937	0.02613807139125616	0.003878687078834234	0.011205836602366528	0.0329311761530251	0.06731920429477574	0.01535545282727928	0.017182101469570527	10.779166902620354	10.111702831361514	0.03535237956035678	1.6148868368074325	0.8233962322085935	0.6380828031823209	0.08
/vol/bitbucket/osella/rl-qecc-data/supervisedLearning/sweep2/g5_mix_66-96-126_H4_s466555.pth	4	466555	8	mixed	[(6, 6), (9, 6), (12, 6)]	True	True	True	False	geometric5	895050	6	6	2026-08-01	mixed_66-96-126	0.023935993090281937	0.026645218660633154	0.004040429130407275	0.01179797164097267	0.033690651615255085	0.06833528509093946	0.01536175582559129	0.017182101469570527	10.794610017989461	10.111702831361514	0.035916528631693444	1.6145832950033614	0.8243427372484988	0.6387874982329478	0.0
/vol/bitbucket/osella/rl-qecc-data/supervisedLearning/sweep2/g5_mix_66-96-126_H6_s12345.pth	6	12345	8	mixed	[(6, 6), (9, 6), (12, 6)]	True	True	True	False	geometric5	895050	6	6	2026-08-01	mixed_66-96-126	0.023935993090281937	0.028350903689841705	0.004484498647170833	0.013004484938669165	0.03703080471965127	0.07234594276527656	0.014888787378440632	0.017182101469570527	10.857734467336368	10.111702831361514	0.03828460266339681	1.686152159551037	0.8036806492991297	0.6181130211313137	0.04
/vol/bitbucket/osella/rl-qecc-data/supervisedLearning/sweep2/g5_mix_66-96-126_H6_s54321.pth	6	54321	8	mixed	[(6, 6), (9, 6), (12, 6)]	True	True	True	False	geometric5	895050	6	6	2026-08-01	mixed_66-96-126	0.023935993090281937	0.02775468803216978	0.0041506863496274336	0.012249334867989724	0.0362814385148437	0.07242597831600738	0.0136660021123808	0.017182101469570527	10.847040976582225	10.111702831361514	0.037670761329856924	1.4881531619198543	0.8040162788318099	0.617895170663447	0.02
/vol/bitbucket/osella/rl-qecc-data/supervisedLearning/sweep2/g5_mix_66-96-126_H7_s3000.pth	7	3000	8	mixed	[(6, 6), (9, 6), (12, 6)]	True	True	True	False	geometric5	895050	6	6	2026-08-01	mixed_66-96-126	0.023935993090281937	0.026793648738671513	0.004188384680849486	0.01174239421428972	0.033555448895958094	0.06893396099323636	0.015548054909023942	0.017182101469570527	10.808648095814673	10.111702831361514	0.03648129634705419	1.8096473279115735	0.8179001154492018	0.6318279600679853	0.02
/vol/bitbucket/osella/rl-qecc-data/supervisedLearning/sweep2/g5_mix_66-96-126_H7_s7134066.pth	7	7134066	8	mixed	[(6, 6), (9, 6), (12, 6)]	True	True	True	False	geometric5	895050	6	6	2026-08-01	mixed_66-96-126	0.023935993090281937	0.026539560925824938	0.0039011550650433573	0.011283100978717554	0.03357272535587331	0.06892317698397273	0.015017646245517763	0.017182101469570527	10.789773753695178	10.111702831361514	0.03619621503425034	1.799299230238198	0.8235865880278315	0.638114612096575	0.04
/vol/bitbucket/osella/rl-qecc-data/supervisedLearning/sweep2/g5_mix_66-96_H10_s466555.pth	10	466555	12	mixed	[(6, 6), (9, 6)]	True	True	False	False	geometric5	895050	6	6	2026-08-01	mixed_66-96	0.023935993090281937	0.024878146204137152	0.0037375212184822455	0.011062171119771634	0.03285270663307709	0.06385300707485346	0.012885324974501396	0.017182101469570527	10.704910871168975	10.111702831361514	0.03285079734265303	1.3939138731689575	0.8508013081471135	0.6683412429537419	0.02
/vol/bitbucket/osella/rl-qecc-data/supervisedLearning/sweep2/g5_mix_66-96_H3_s12345.pth	3	12345	12	mixed	[(6, 6), (9, 6)]	True	True	False	False	geometric5	895050	6	6	2026-08-01	mixed_66-96	0.023935993090281937	0.024837131759540422	0.0034418130915476403	0.010313941477793753	0.03243679138106773	0.06459797252815272	0.013395140319140344	0.017182101469570527	10.707216110446621	10.111702831361514	0.03329768683129074	1.4517809697592248	0.8449501455544797	0.6621907230187647	0.0
/vol/bitbucket/osella/rl-qecc-data/supervisedLearning/sweep2/g5_mix_66-96_H3_s54321.pth	3	54321	12	mixed	[(6, 6), (9, 6)]	True	True	False	False	geometric5	895050	6	6	2026-08-01	mixed_66-96	0.023935993090281937	0.02548142916315405	0.004015387228360746	0.011075688273993188	0.033229269207596716	0.0655181635595037	0.0135686375463159	0.017182101469570527	10.746705046590458	10.111702831361514	0.03389818605637956	1.4909223327801338	0.8402427108253042	0.6565508600412889	0.02
/vol/bitbucket/osella/rl-qecc-data/supervisedLearning/sweep2/g5_mix_66-96_H4_s3000.pth	4	3000	12	mixed	[(6, 6), (9, 6)]	True	True	False	False	geometric5	895050	6	6	2026-08-01	mixed_66-96	0.023935993090281937	0.024835685676019004	0.003518894789884891	0.010308766703196618	0.031846704226063574	0.06439010248262325	0.014113960178326694	0.017182101469570527	10.703918664734555	10.111702831361514	0.03316592416537859	1.4247351482630934	0.847025036270484	0.6636736756396802	0.04
/vol/bitbucket/osella/rl-qecc-data/supervisedLearning/sweep2/g5_mix_66-96_H4_s7134066.pth	4	7134066	12	mixed	[(6, 6), (9, 6)]	True	True	False	False	geometric5	895050	6	6	2026-08-01	mixed_66-96	0.023935993090281937	0.027049032269206186	0.0040924098627498524	0.01208262098988025	0.03562165184415258	0.0705300761679264	0.01291840248132186	0.017182101469570527	10.80949366156153	10.111702831361514	0.03652081278318668	1.3814744955972216	0.8160864342446258	0.6312132223363616	0.04
/vol/bitbucket/osella/rl-qecc-data/supervisedLearning/sweep2/g5_mix_66-96_H6_s466555.pth	6	466555	12	mixed	[(6, 6), (9, 6)]	True	True	False	False	geometric5	895050	6	6	2026-08-01	mixed_66-96	0.023935993090281937	0.02727449217992407	0.004160664947044622	0.012348067079531603	0.03638751403576101	0.07030041609807715	0.013175798739205912	0.017182101469570527	10.806835970938351	10.111702831361514	0.03649663764724793	1.3531863130803121	0.8176164106810424	0.6324909089386657	0.06
/vol/bitbucket/osella/rl-qecc-data/supervisedLearning/sweep2/g5_mix_66-96_H7_s12345.pth	7	12345	12	mixed	[(6, 6), (9, 6)]	True	True	False	False	geometric5	895050	6	6	2026-08-01	mixed_66-96	0.023935993090281937	0.027300837311972213	0.004017035116254972	0.011925226099488146	0.036195132076612804	0.07125255632816072	0.013114236939344496	0.017182101469570527	10.821432335528781	10.111702831361514	0.036952345060366196	1.3726624115509904	0.8151865667001977	0.6285580868144558	0.02
/vol/bitbucket/osella/rl-qecc-data/supervisedLearning/sweep2/g5_mix_66-96_H7_s54321.pth	7	54321	12	mixed	[(6, 6), (9, 6)]	True	True	False	False	geometric5	895050	6	6	2026-08-01	mixed_66-96	0.023935993090281937	0.025708469472731536	0.004195747480863437	0.01172784745949805	0.034232607170192005	0.0654353880226579	0.012950757230446449	0.017182101469570527	10.753926130279229	10.111702831361514	0.0339155005015803	1.3789193819196628	0.841432737553656	0.6592536303127458	0.06
/vol/bitbucket/osella/rl-qecc-data/supervisedLearning/sweep2/g5_mix_66_H10_s3000.pth	10	3000	24	mixed	[(6, 6)]	True	False	False	False	geometric5	895050	6	6	2026-08-01	mixed_66	0.023935993090281937	0.02607465096202666	0.003887264669133963	0.011226673841986872	0.03403924272742188	0.06843253103001926	0.012787542541571337	0.017182101469570527	10.74456332072081	10.111702831361514	0.03523579876418264	1.2281262211074817	0.8297318866310881	0.6456580590475794	0.06
/vol/bitbucket/osella/rl-qecc-data/supervisedLearning/sweep2/g5_mix_66_H10_s7134066.pth	10	7134066	24	mixed	[(6, 6)]	True	False	False	False	geometric5	895050	6	6	2026-08-01	mixed_66	0.023935993090281937	0.025880315107156684	0.003925945505079379	0.011313533206546851	0.03382268616339095	0.06754198284546759	0.0127974278152987	0.017182101469570527	10.743039184680862	10.111702831361514	0.0347690998806841	1.2431996128464682	0.8349958170952514	0.6517365850294786	0.0
/vol/bitbucket/osella/rl-qecc-data/supervisedLearning/sweep2/g5_mix_66_H3_s466555.pth	3	466555	24	mixed	[(6, 6)]	True	False	False	False	geometric5	895050	6	6	2026-08-01	mixed_66	0.023935993090281937	0.02437759979731368	0.003417894403002038	0.010174471215426374	0.03139153778011246	0.06396525445913605	0.012938841128891435	0.017182101469570527	10.684134807431654	10.111702831361514	0.03273229228022705	1.2953404406514037	0.852649102681016	0.6707872661618003	0.02
/vol/bitbucket/osella/rl-qecc-data/supervisedLearning/sweep2/g5_mix_66_H4_s12345.pth	4	12345	24	mixed	[(6, 6)]	True	False	False	False	geometric5	895050	6	6	2026-08-01	mixed_66	0.023935993090281937	0.02423691380883188	0.003485407178420345	0.010146651406843671	0.031492684292773625	0.06323221888607858	0.012827607280043202	0.017182101469570527	10.674610762518551	10.111702831361514	0.032370142772853744	1.3745119339466414	0.854249048322056	0.6724190364300209	0.04
/vol/bitbucket/osella/rl-qecc-data/supervisedLearning/sweep2/g5_mix_66_H4_s54321.pth	4	54321	24	mixed	[(6, 6)]	True	False	False	False	geometric5	895050	6	6	2026-08-01	mixed_66	0.023935993090281937	0.024962360354502975	0.003808530167170992	0.010834557116888034	0.0323201341226484	0.06450653236844578	0.01334204799736164	0.017182101469570527	10.710559902412069	10.111702831361514	0.03317979397562168	1.2900103467451474	0.846064943907407	0.6630403412549586	0.06
/vol/bitbucket/osella/rl-qecc-data/supervisedLearning/sweep2/g5_mix_66_H6_s3000.pth	6	3000	24	mixed	[(6, 6)]	True	False	False	False	geometric5	895050	6	6	2026-08-01	mixed_66	0.023935993090281937	0.025150747723939753	0.003507175948920945	0.010292616273422983	0.0320781590656858	0.06582377246341722	0.014052014868251906	0.017182101469570527	10.726169223132551	10.111702831361514	0.03426139475241823	1.4815012205028646	0.8364208695367917	0.6522762341885298	0.02
/vol/bitbucket/osella/rl-qecc-data/supervisedLearning/sweep2/g5_mix_66_H6_s7134066.pth	6	7134066	24	mixed	[(6, 6)]	True	False	False	False	geometric5	895050	6	6	2026-08-01	mixed_66	0.023935993090281937	0.024139038969685906	0.003510898574148569	0.009888209781487788	0.031238595494602818	0.06332327366464803	0.012734217333542184	0.017182101469570527	10.669619552158725	10.111702831361514	0.0324098768898821	1.2895059735212544	0.8549518707557842	0.6735688109495716	0.04
/vol/bitbucket/osella/rl-qecc-data/supervisedLearning/sweep2/g5_mix_66_H7_s466555.pth	7	466555	24	mixed	[(6, 6)]	True	False	False	False	geometric5	895050	6	6	2026-08-01	mixed_66	0.023935993090281937	0.021871643937855526	0.0030575081106879983	0.008778231145615297	0.029035506697997784	0.05828532789201777	0.010201645842958781	0.017182101469570527	10.570280212443878	10.111702831361514	0.02850179720381859	0.8785951628052224	0.8878564768825745	0.7140747305084024	0.08
/vol/bitbucket/osella/rl-qecc-data/supervisedLearning/sweep2/g5_ground_anch_H10_s12345.pth	10	12345	2	groundAnchored	[(6, 6), (9, 6), (12, 6), (15, 3)]	True	True	True	True	geometric5	2745740	9	6	2026-08-01	groundAnchored_66-96-126-153	0.023244236778233764	0.04655720990818664	0.004500467714314915	0.017678360198541927	0.05320648295166061	0.13201663056373977	0.025384108112675777	0.01659652682560746	10.172989866441739	8.67519330798223	0.06391659064759422	1.608122176781019	0.5863583749603294	0.4170978985259809	0.02
/vol/bitbucket/osella/rl-qecc-data/supervisedLearning/sweep2/g5_ground_anch_H10_s54321.pth	10	54321	2	groundAnchored	[(6, 6), (9, 6), (12, 6), (15, 3)]	True	True	True	True	geometric5	2745740	9	6	2026-08-01	groundAnchored_66-96-126-153	0.023244236778233764	0.04048813476096059	0.0025260858593998715	0.008674350157477854	0.03823364633160116	0.12804833084035114	0.02495826061597292	0.01659652682560746	9.899031399382563	8.67519330798223	0.06219150699476252	1.611518107828126	0.6382335281900644	0.4603375140379202	0.0
/vol/bitbucket/osella/rl-qecc-data/supervisedLearning/sweep2/g5_ground_anch_H3_s3000.pth	3	3000	2	groundAnchored	[(6, 6), (9, 6), (12, 6), (15, 3)]	True	True	True	True	geometric5	2745740	9	6	2026-08-01	groundAnchored_66-96-126-153	0.023244236778233764	0.038683646494772225	0.0021560670797609377	0.00766152334727365	0.03609830586519952	0.12238713721409109	0.025115198967536216	0.01659652682560746	9.822769758714909	8.67519330798223	0.06021381032630262	1.5973900731687465	0.6846338756755317	0.4998358517092507	0.02
/vol/bitbucket/osella/rl-qecc-data/supervisedLearning/sweep2/g5_ground_anch_H3_s7134066.pth	3	7134066	2	groundAnchored	[(6, 6), (9, 6), (12, 6), (15, 3)]	True	True	True	True	geometric5	2745740	9	6	2026-08-01	groundAnchored_66-96-126-153	0.023244236778233764	0.053020902751548915	0.0018161436213189508	0.007107490967591866	0.0379685243990524	0.19283559364229835	0.025376761127482998	0.01659652682560746	10.441390846490988	8.67519330798223	0.09074851230116235	1.5891373949154513	0.7084141469227514	0.5199175036025377	0.04
/vol/bitbucket/osella/rl-qecc-data/supervisedLearning/sweep2/g5_ground_anch_H4_s466555.pth	4	466555	2	groundAnchored	[(6, 6), (9, 6), (12, 6), (15, 3)]	True	True	True	True	geometric5	2745740	9	6	2026-08-01	groundAnchored_66-96-126-153	0.023244236778233764	0.04927161765207018	0.005210765319292749	0.014732318962205882	0.04554241865877791	0.15457184565304788	0.02630073966702712	0.01659652682560746	10.370970962849011	8.67519330798223	0.07464881421446873	1.6372075451270294	0.6583991471399856	0.47880740880345457	0.02
/vol/bitbucket/osella/rl-qecc-data/supervisedLearning/sweep2/g5_ground_anch_H6_s12345.pth	6	12345	2	groundAnchored	[(6, 6), (9, 6), (12, 6), (15, 3)]	True	True	True	True	geometric5	2745740	9	6	2026-08-01	groundAnchored_66-96-126-153	0.023244236778233764	0.03952597578006947	0.0017340740703753385	0.006685252463123446	0.035469768580296254	0.12888444126920276	0.02485634251734973	0.01659652682560746	9.903364721182824	8.67519330798223	0.06287343333931715	1.604617011218038	0.6965748655735314	0.5075956754551167	0.02
/vol/bitbucket/osella/rl-qecc-data/supervisedLearning/sweep2/g5_ground_anch_H6_s54321.pth	6	54321	2	groundAnchored	[(6, 6), (9, 6), (12, 6), (15, 3)]	True	True	True	True	geometric5	2745740	9	6	2026-08-01	groundAnchored_66-96-126-153	0.023244236778233764	0.0427314170113753	0.0015006988480369722	0.006029379619155618	0.03612229684608893	0.14477373020231368	0.025230979541281045	0.01659652682560746	10.000620586913348	8.67519330798223	0.07064896996035878	1.5850613981977488	0.6998230569253393	0.5110347452490721	0.0
/vol/bitbucket/osella/rl-qecc-data/supervisedLearning/sweep2/g5_ground_anch_H7_s3000.pth	7	3000	2	groundAnchored	[(6, 6), (9, 6), (12, 6), (15, 3)]	True	True	True	True	geometric5	2745740	9	6	2026-08-01	groundAnchored_66-96-126-153	0.023244236778233764	0.03465488875154838	0.002767714703334785	0.009936648516068389	0.043422159263867624	0.09211844278526841	0.02502947848920289	0.01659652682560746	9.707589135811311	8.67519330798223	0.048244509052666515	1.6044408675510016	0.6409694085630683	0.46014749958556217	0.0
/vol/bitbucket/osella/rl-qecc-data/supervisedLearning/sweep2/g5_ground_anch_H7_s7134066.pth	7	7134066	2	groundAnchored	[(6, 6), (9, 6), (12, 6), (15, 3)]	True	True	True	True	geometric5	2745740	9	6	2026-08-01	groundAnchored_66-96-126-153	0.023244236778233764	0.03657699900702763	0.001611007844509091	0.006538520031951063	0.03482910029543556	0.11443347975628985	0.025472887106952488	0.01659652682560746	9.788440129876363	8.67519330798223	0.056451339459095834	1.6185541352481416	0.695673868659325	0.5074536965618887	0.0
/vol/bitbucket/osella/rl-qecc-data/supervisedLearning/sweep2/g5_ground_pure_H10_s466555.pth	10	466555	2	groundPure	[(6, 6), (9, 6), (12, 6), (15, 3)]	True	True	True	True	geometric5	2745740	9	6	2026-08-01	groundPure_66-96-126-153	0.023244236778233764	0.044500506286018364	0.0034458514264351153	0.012156271919221454	0.044711761014345645	0.13731454490960737	0.024874102160482147	0.01659652682560746	10.053089130125965	8.67519330798223	0.06663031511555856	1.5811170529432483	0.6713797141353666	0.48565132813924455	0.0
/vol/bitbucket/osella/rl-qecc-data/supervisedLearning/sweep2/g5_ground_pure_H3_s12345.pth	3	12345	2	groundPure	[(6, 6), (9, 6), (12, 6), (15, 3)]	True	True	True	True	geometric5	2745740	9	6	2026-08-01	groundPure_66-96-126-153	0.023244236778233764	0.05555351473744547	0.0016420935158267525	0.006242953020247069	0.037632191186831365	0.20632154405184802	0.025928791912474315	0.01659652682560746	10.575195361391543	8.67519330798223	0.09921079111844605	1.5602261471852725	0.6389546211701747	0.45752089690628217	0.0
/vol/bitbucket/osella/rl-qecc-data/supervisedLearning/sweep2/g5_ground_pure_H3_s54321.pth	3	54321	2	groundPure	[(6, 6), (9, 6), (12, 6), (15, 3)]	True	True	True	True	geometric5	2745740	9	6	2026-08-01	groundPure_66-96-126-153	0.023244236778233764	0.05536199417579238	0.0014594593206231359	0.005736120703932326	0.040967762947989705	0.20421570117026547	0.02443092673615135	0.01659652682560746	10.637804931788018	8.67519330798223	0.09780905440617416	1.4499720080660075	0.7264469449546048	0.5365382554342136	0.0
/vol/bitbucket/osella/rl-qecc-data/supervisedLearning/sweep2/g5_ground_pure_H4_s3000.pth	4	3000	2	groundPure	[(6, 6), (9, 6), (12, 6), (15, 3)]	True	True	True	True	geometric5	2745740	9	6	2026-08-01	groundPure_66-96-126-153	0.023244236778233764	0.04018825220204836	0.0019161668547158228	0.006941911674893676	0.03406998914541506	0.13293833286869974	0.025074860466517274	0.01659652682560746	9.898336489456334	8.67519330798223	0.06342624760353563	1.598399187440164	0.7342024387536109	0.5426520494350782	0.02
/vol/bitbucket/osella/rl-qecc-data/supervisedLearning/sweep2/g5_ground_pure_H4_s7134066.pth	4	7134066	2	groundPure	[(6, 6), (9, 6), (12, 6), (15, 3)]	True	True	True	True	geometric5	2745740	9	6	2026-08-01	groundPure_66-96-126-153	0.023244236778233764	0.04543623230008956	0.0017392544540255944	0.006532587614319497	0.03894528878860433	0.1549034344586372	0.025060596184861044	0.01659652682560746	10.186669481942097	8.67519330798223	0.07523852017972436	1.6033371462643573	0.6254965772405907	0.4466333190060922	0.02
/vol/bitbucket/osella/rl-qecc-data/supervisedLearning/sweep2/g5_ground_pure_H6_s466555.pth	6	466555	2	groundPure	[(6, 6), (9, 6), (12, 6), (15, 3)]	True	True	True	True	geometric5	2745740	9	6	2026-08-01	groundPure_66-96-126-153	0.023244236778233764	0.042629888060223844	0.0022351263705391567	0.0075103345648778515	0.03964232589667732	0.13901317644543382	0.024748477023590898	0.01659652682560746	10.111581589901359	8.67519330798223	0.06832395583586336	1.6151345406702777	0.6494496084627026	0.4688477494707529	0.02
/vol/bitbucket/osella/rl-qecc-data/supervisedLearning/sweep2/g5_ground_pure_H7_s12345.pth	7	12345	2	groundPure	[(6, 6), (9, 6), (12, 6), (15, 3)]	True	True	True	True	geometric5	2745740	9	6	2026-08-01	groundPure_66-96-126-153	0.023244236778233764	0.0458153399130831	0.002664451426092618	0.00919494957745899	0.03622109152775842	0.15648363290825645	0.024512574125848823	0.01659652682560746	10.056452854823485	8.67519330798223	0.07298237331155116	1.5676018460205607	0.7047292115524044	0.5170332796860297	0.12
/vol/bitbucket/osella/rl-qecc-data/supervisedLearning/sweep2/g5_ground_pure_H7_s54321.pth	7	54321	2	groundPure	[(6, 6), (9, 6), (12, 6), (15, 3)]	True	True	True	True	geometric5	2745740	9	6	2026-08-01	groundPure_66-96-126-153	0.023244236778233764	0.03922589235709193	0.0013121608012353952	0.005223793444351232	0.03959822057528822	0.12497323493606348	0.025022052028521195	0.01659652682560746	10.107776837372441	8.67519330798223	0.0627458384009033	1.540984046235692	0.6183342607033171	0.4424331272445906	0.0
/vol/bitbucket/osella/rl-qecc-data/supervisedLearning/sweep2/g5_mix_66-96-126-153_H10_s3000.pth	10	3000	6	mixed	[(6, 6), (9, 6), (12, 6), (15, 3)]	True	True	True	True	geometric5	2745740	9	6	2026-08-01	mixed_66-96-126-153	0.023244236778233764	0.025352599979255284	0.0016504120942509538	0.005600838088680203	0.027525649821924535	0.06688755223843257	0.02509854765298811	0.01659652682560746	9.314805661892283	8.67519330798223	0.037197462621601576	1.6237292798309073	0.7859159851172294	0.5919033548750133	0.06
/vol/bitbucket/osella/rl-qecc-data/supervisedLearning/sweep2/g5_mix_66-96-126-153_H10_s7134066.pth	10	7134066	6	mixed	[(6, 6), (9, 6), (12, 6), (15, 3)]	True	True	True	True	geometric5	2745740	9	6	2026-08-01	mixed_66-96-126-153	0.023244236778233764	0.026611980128871907	0.0020245988377631152	0.006685463558069821	0.03009421649114599	0.0697982017632706	0.02445741999411005	0.01659652682560746	9.346429852017094	8.67519330798223	0.038317168279310004	1.483875845691731	0.7764111800650851	0.5823536387213917	0.04
/vol/bitbucket/osella/rl-qecc-data/supervisedLearning/sweep2/g5_mix_66-96-126-153_H3_s466555.pth	3	466555	6	mixed	[(6, 6), (9, 6), (12, 6), (15, 3)]	True	True	True	True	geometric5	2745740	9	6	2026-08-01	mixed_66-96-126-153	0.023244236778233764	0.026627270272702945	0.0018266966035306927	0.006085206782282435	0.02978702502171172	0.07047587982274658	0.024961543133243256	0.01659652682560746	9.35308315395825	8.67519330798223	0.03890968049928083	1.5877301774562749	0.76783251400636	0.5741312836833489	0.06
/vol/bitbucket/osella/rl-qecc-data/supervisedLearning/sweep2/g5_mix_66-96-126-153_H4_s12345.pth	4	12345	6	mixed	[(6, 6), (9, 6), (12, 6), (15, 3)]	True	True	True	True	geometric5	2745740	9	6	2026-08-01	mixed_66-96-126-153	0.023244236778233764	0.02528741837308428	0.0016772930172973578	0.005533334680889945	0.02733211266731152	0.06699566130655475	0.02489869019336782	0.01659652682560746	9.31023057345086	8.67519330798223	0.03710242033840208	1.6001143470311125	0.7899289727228737	0.5955365164798007	0.02
/vol/bitbucket/osella/rl-qecc-data/supervisedLearning/sweep2/g5_mix_66-96-126-153_H4_s54321.pth	4	54321	6	mixed	[(6, 6), (9, 6), (12, 6), (15, 3)]	True	True	True	True	geometric5	2745740	9	6	2026-08-01	mixed_66-96-126-153	0.023244236778233764	0.02613456081735074	0.0018136349125100215	0.006049226858101227	0.02937094665990445	0.06890340521270527	0.02453559044353259	0.01659652682560746	9.337550903718135	8.67519330798223	0.037664676698088546	1.436720266530554	0.783094957598318	0.5895483819030747	0.02
/vol/bitbucket/osella/rl-qecc-data/supervisedLearning/sweep2/g5_mix_66-96-126-153_H6_s3000.pth	6	3000	6	mixed	[(6, 6), (9, 6), (12, 6), (15, 3)]	True	True	True	True	geometric5	2745740	9	6	2026-08-01	mixed_66-96-126-153	0.023244236778233764	0.024690253827271944	0.0016637255444339985	0.00562305710810449	0.027252919614285786	0.06495141698877326	0.023960149880762206	0.01659652682560746	9.2839136437848	8.67519330798223	0.03573981647369029	1.412748638469027	0.8029843555769657	0.6099180446653713	0.02
/vol/bitbucket/osella/rl-qecc-data/supervisedLearning/sweep2/g5_mix_66-96-126-153_H6_s7134066.pth	6	7134066	6	mixed	[(6, 6), (9, 6), (12, 6), (15, 3)]	True	True	True	True	geometric5	2745740	9	6	2026-08-01	mixed_66-96-126-153	0.023244236778233764	0.026065559643417537	0.0017727214020229667	0.006076093816626464	0.02939046448869869	0.06915375220641222	0.023934766303327304	0.01659652682560746	9.341977872212505	8.67519330798223	0.03780654512531801	1.408429547838279	0.7817179889969222	0.5881857234895351	0.0
/vol/bitbucket/osella/rl-qecc-data/supervisedLearning/sweep2/g5_mix_66-96-126-153_H7_s466555.pth	7	466555	6	mixed	[(6, 6), (9, 6), (12, 6), (15, 3)]	True	True	True	True	geometric5	2745740	9	6	2026-08-01	mixed_66-96-126-153	0.023244236778233764	0.02523313168427492	0.0016955895061590515	0.0056001333642570145	0.027337840800796886	0.0665681113902742	0.024963983359887313	0.01659652682560746	9.30522589753644	8.67519330798223	0.03692193092491862	1.5644992050735773	0.7900445131197004	0.5957772215102571	0.04
/vol/bitbucket/osella/rl-qecc-data/supervisedLearning/sweep2/g5_mix_66-96-126_H10_s12345.pth	10	12345	8	mixed	[(6, 6), (9, 6), (12, 6)]	True	True	True	False	geometric5	2745740	9	6	2026-08-01	mixed_66-96-126	0.023244236778233764	0.0243087195408977	0.0017200731945294315	0.00576988838825987	0.0271300644966716	0.06407083728321623	0.02285273434181125	0.01659652682560746	9.267721113177545	8.67519330798223	0.03475561157350595	1.2323353379261488	0.8126507948091263	0.6206223103424987	0.0
/vol/bitbucket/osella/rl-qecc-data/supervisedLearning/sweep2/g5_mix_66-96-126_H10_s54321.pth	10	54321	8	mixed	[(6, 6), (9, 6), (12, 6)]	True	True	True	False	geometric5	2745740	9	6	2026-08-01	mixed_66-96-126	0.023244236778233764	0.02451270906964282	0.0017554953844729497	0.00602811906158308	0.028938703545226842	0.06457180797927284	0.021269419377658506	0.01659652682560746	9.280180943503774	8.67519330798223	0.034688793359297095	1.2674216726720122	0.8194855306442808	0.6287113832900288	0.04
/vol/bitbucket/osella/rl-qecc-data/supervisedLearning/sweep2/g5_mix_66-96-126_H3_s3000.pth	3	3000	8	mixed	[(6, 6), (9, 6), (12, 6)]	True	True	True	False	geometric5	2745740	9	6	2026-08-01	mixed_66-96-126	0.023244236778233764	0.025510475993531845	0.0019179559895003595	0.0060463319150066116	0.02802596897642147	0.06725067871641101	0.024311444370319735	0.01659652682560746	9.314031277068992	8.67519330798223	0.037293395845557506	1.6043566826844526	0.7925252765063966	0.598528557958049	0.0
/vol/bitbucket/osella/rl-qecc-data/supervisedLearning/sweep2/g5_mix_66-96-126_H3_s7134066.pth	3	7134066	8	mixed	[(6, 6), (9, 6), (12, 6)]	True	True	True	False	geometric5	2745740	9	6	2026-08-01	mixed_66-96-126	0.023244236778233764	0.02539153498591572	0.001651849017994324	0.00552045602973935	0.027421366042620052	0.06728418180405021	0.025079822035174792	0.01659652682560746	9.307994804515175	8.67519330798223	0.03718562168931742	1.524922325423609	0.7879965859572543	0.5936891246314987	0.06
/vol/bitbucket/osella/rl-qecc-data/supervisedLearning/sweep2/g5_mix_66-96-126_H4_s466555.pth	4	466555	8	mixed	[(6, 6), (9, 6), (12, 6)]	True	True	True	False	geometric5	2745740	9	6	2026-08-01	mixed_66-96-126	0.023244236778233764	0.025657547452978557	0.0018324759976415439	0.006015631412986336	0.027886596920877246	0.06748468743743662	0.025068345495951078	0.01659652682560746	9.311800781679004	8.67519330798223	0.03741172231649577	1.574091478229499	0.7878092748268988	0.5935274498447795	0.04
/vol/bitbucket/osella/rl-qecc-data/supervisedLearning/sweep2/g5_mix_66-96-126_H6_s12345.pth	6	12345	8	mixed	[(6, 6), (9, 6), (12, 6)]	True	True	True	False	geometric5	2745740	9	6	2026-08-01	mixed_66-96-126	0.023244236778233764	0.025421209821131198	0.001861294551631868	0.006049122411731545	0.02852037695191885	0.06695386555329744	0.023721389637076155	0.01659652682560746	9.309963239264096	8.67519330798223	0.036638103871504034	1.4033972771364325	0.7941025028603828	0.6008894040230834	0.02
/vol/bitbucket/osella/rl-qecc-data/supervisedLearning/sweep2/g5_mix_66-96-126_H6_s54321.pth	6	54321	8	mixed	[(6, 6), (9, 6), (12, 6)]	True	True	True	False	geometric5	2745740	9	6	2026-08-01	mixed_66-96-126	0.023244236778233764	0.024585336794740145	0.001675311477100744	0.005827293347072474	0.028955065541443475	0.06558904298057879	0.020879970627505247	0.01659652682560746	9.282288696727644	8.67519330798223	0.03486397417870154	1.0733358444729264	0.8139676678367367	0.6224311752811417	0.0
/vol/bitbucket/osella/rl-qecc-data/supervisedLearning/sweep2/g5_mix_66-96-126_H7_s3000.pth	7	3000	8	mixed	[(6, 6), (9, 6), (12, 6)]	True	True	True	False	geometric5	2745740	9	6	2026-08-01	mixed_66-96-126	0.023244236778233764	0.024907701226970086	0.0019823007875643364	0.0061982906421650065	0.027925240505061594	0.06528458793594777	0.02314808626411151	0.01659652682560746	9.281006049067514	8.67519330798223	0.03574700141360749	1.3880234778704112	0.8085053277726022	0.6160004342813717	0.06
/vol/bitbucket/osella/rl-qecc-data/supervisedLearning/sweep2/g5_mix_66-96-126_H7_s7134066.pth	7	7134066	8	mixed	[(6, 6), (9, 6), (12, 6)]	True	True	True	False	geometric5	2745740	9	6	2026-08-01	mixed_66-96-126	0.023244236778233764	0.024387771849782885	0.0015873054484483629	0.0053396490692930705	0.027115442973627463	0.06481454991730609	0.023081911840239444	0.01659652682560746	9.282138156701988	8.67519330798223	0.03539930633575116	1.4063253701541159	0.8103985108484305	0.6177684199018703	0.12
/vol/bitbucket/osella/rl-qecc-data/supervisedLearning/sweep2/g5_mix_66-96_H10_s466555.pth	10	466555	12	mixed	[(6, 6), (9, 6)]	True	True	False	False	geometric5	2745740	9	6	2026-08-01	mixed_66-96	0.023244236778233764	0.023610631128223206	0.0017455455573677269	0.005966334931748962	0.0287705637632769	0.06195325917873118	0.019617452209991153	0.01659652682560746	9.232968105378031	8.67519330798223	0.0328081319002522	1.0305609284379182	0.8439956676424812	0.6562095376467829	0.1
/vol/bitbucket/osella/rl-qecc-data/supervisedLearning/sweep2/g5_mix_66-96_H3_s12345.pth	3	12345	12	mixed	[(6, 6), (9, 6)]	True	True	False	False	geometric5	2745740	9	6	2026-08-01	mixed_66-96	0.023244236778233764	0.023739148031191988	0.0018095958677824726	0.006030023687544032	0.02832791213353862	0.06198153880727393	0.02054666965982096	0.01659652682560746	9.240150574783797	8.67519330798223	0.03307772302480881	1.0353377515238535	0.8336559296350335	0.6451010951653664	0.06
/vol/bitbucket/osella/rl-qecc-data/supervisedLearning/sweep2/g5_mix_66-96_H3_s54321.pth	3	54321	12	mixed	[(6, 6), (9, 6)]	True	True	False	False	geometric5	2745740	9	6	2026-08-01	mixed_66-96	0.023244236778233764	0.023448333684395698	0.0017735977241183417	0.005749547059471342	0.027431649339061708	0.06150068122046502	0.02078619307886228	0.01659652682560746	9.24012077550261	8.67519330798223	0.03270055854173682	1.0293009716788528	0.8349548369706857	0.645815269138683	0.04
/vol/bitbucket/osella/rl-qecc-data/supervisedLearning/sweep2/g5_mix_66-96_H4_s3000.pth	4	3000	12	mixed	[(6, 6), (9, 6)]	True	True	False	False	geometric5	2745740	9	6	2026-08-01	mixed_66-96	0.023244236778233764	0.023369094211547432	0.0015811133693513237	0.005388822219635152	0.02711942639629232	0.06160101843938846	0.021155090633069952	0.01659652682560746	9.230877558450688	8.67519330798223	0.03267476973058529	1.0410111465161616	0.8370854304204313	0.64797598381635	0.02
/vol/bitbucket/osella/rl-qecc-data/supervisedLearning/sweep2/g5_mix_66-96_H4_s7134066.pth	4	7134066	12	mixed	[(6, 6), (9, 6)]	True	True	False	False	geometric5	2745740	9	6	2026-08-01	mixed_66-96	0.023244236778233764	0.024425404972808352	0.0017367901717226025	0.005956248726716884	0.029175768656422744	0.06547079756858823	0.019787419740591203	0.01659652682560746	9.27114677842737	8.67519330798223	0.034410972632536285	1.0009981428099772	0.823001097060283	0.6325091554882304	0.02
/vol/bitbucket/osella/rl-qecc-data/supervisedLearning/sweep2/g5_mix_66-96_H6_s466555.pth	6	466555	12	mixed	[(6, 6), (9, 6)]	True	True	False	False	geometric5	2745740	9	6	2026-08-01	mixed_66-96	0.023244236778233764	0.024456968857642626	0.0019570580918993013	0.0062987585210432465	0.029811635911484426	0.06411015527306992	0.020107236490716593	0.01659652682560746	9.257119261518524	8.67519330798223	0.03382499070106788	0.9777421020552874	0.8251226671085735	0.6344959629805058	0.02
/vol/bitbucket/osella/rl-qecc-data/supervisedLearning/sweep2/g5_mix_66-96_H7_s12345.pth	7	12345	12	mixed	[(6, 6), (9, 6)]	True	True	False	False	geometric5	2745740	9	6	2026-08-01	mixed_66-96	0.023244236778233764	0.02492877784695041	0.00211409283220081	0.0067513622533390445	0.030393546301605488	0.0652806682637778	0.020104219583828794	0.01659652682560746	9.282299149082787	8.67519330798223	0.034469528306325554	0.9870356955795407	0.8205273718802004	0.6299882568881964	0.08
/vol/bitbucket/osella/rl-qecc-data/supervisedLearning/sweep2/g5_mix_66-96_H7_s54321.pth	7	54321	12	mixed	[(6, 6), (9, 6)]	True	True	False	False	geometric5	2745740	9	6	2026-08-01	mixed_66-96	0.023244236778233764	0.02308299200097394	0.001780114607729481	0.0057300041567629354	0.02745246497196512	0.06045705030010389	0.019995325968308	0.01659652682560746	9.22347195918929	8.67519330798223	0.03193000989943484	0.9709775848656271	0.8430282210588487	0.6549428631196583	0.02
/vol/bitbucket/osella/rl-qecc-data/supervisedLearning/sweep2/g5_mix_66_H10_s3000.pth	10	3000	24	mixed	[(6, 6)]	True	False	False	False	geometric5	2745740	9	6	2026-08-01	mixed_66	0.023244236778233764	0.04344603983174378	0.0033624359807003738	0.011314887543508392	0.042979772554315135	0.13385124071314586	0.025721862367050118	0.01659652682560746	10.045383385773214	8.67519330798223	0.06591573649440687	1.70635656098313	0.6213366365030408	0.4486089293393122	0.0
/vol/bitbucket/osella/rl-qecc-data/supervisedLearning/sweep2/g5_mix_66_H10_s7134066.pth	10	7134066	24	mixed	[(6, 6)]	True	False	False	False	geometric5	2745740	9	6	2026-08-01	mixed_66	0.023244236778233764	0.045974751619911436	0.006385819632541877	0.019880063537867202	0.06306788324986225	0.11453237313236689	0.02600761854691893	0.01659652682560746	10.587114188416068	8.67519330798223	0.061610342408769024	2.994527866736216	0.48501884027583164	0.3423703358496053	0.0
/vol/bitbucket/osella/rl-qecc-data/supervisedLearning/sweep2/g5_mix_66_H3_s466555.pth	3	466555	24	mixed	[(6, 6)]	True	False	False	False	geometric5	2745740	9	6	2026-08-01	mixed_66	0.023244236778233764	0.04106337591446213	0.00348930294229834	0.01142792524259856	0.04079655118131941	0.12389973699558322	0.025703363210511032	0.01659652682560746	10.112186583178577	8.67519330798223	0.060405040774707854	2.0778192303183163	0.6494061532282192	0.47192468667278387	0.02
/vol/bitbucket/osella/rl-qecc-data/supervisedLearning/sweep2/g5_mix_66_H4_s12345.pth	4	12345	24	mixed	[(6, 6)]	True	False	False	False	geometric5	2745740	9	6	2026-08-01	mixed_66	0.023244236778233764	0.04488543148624556	0.0022045604716440033	0.007660620744458754	0.03438342016373952	0.15442669375439125	0.02575186229699423	0.01659652682560746	10.188027082435763	8.67519330798223	0.07104426417996568	2.0945201726062135	0.7080484340520043	0.5191882644855375	0.02
/vol/bitbucket/osella/rl-qecc-data/supervisedLearning/sweep2/g5_mix_66_H4_s54321.pth	4	54321	24	mixed	[(6, 6)]	True	False	False	False	geometric5	2745740	9	6	2026-08-01	mixed_66	0.023244236778233764	0.03920362914458266	0.00348837423233355	0.010648249875910322	0.037934455340803565	0.11804942608078373	0.02589764019308219	0.01659652682560746	10.081720108261834	8.67519330798223	0.05614160325836563	2.4168830197187887	0.6965344915439701	0.5117654107093346	0.02
/vol/bitbucket/osella/rl-qecc-data/supervisedLearning/sweep2/g5_mix_66_H6_s3000.pth	6	3000	24	mixed	[(6, 6)]	True	False	False	False	geometric5	2745740	9	6	2026-08-01	mixed_66	0.023244236778233764	0.04105806363227408	0.0021573291888188325	0.008006952189110053	0.03594140237640407	0.13293239456950987	0.026252239837527624	0.01659652682560746	9.998802218212736	8.67519330798223	0.06353285706988344	2.0404156835260134	0.6532649065984395	0.4725039989843674	0.0
/vol/bitbucket/osella/rl-qecc-data/supervisedLearning/sweep2/g5_mix_66_H6_s7134066.pth	6	7134066	24	mixed	[(6, 6)]	True	False	False	False	geometric5	2745740	9	6	2026-08-01	mixed_66	0.023244236778233764	0.043596510361601934	0.0028317114242081875	0.009455847144475761	0.03869387622316404	0.1411220381109446	0.025879078905216832	0.01659652682560746	10.082313579795949	8.67519330798223	0.06769534179521086	1.811773616579099	0.6519506576221912	0.4731513342991475	0.0
/vol/bitbucket/osella/rl-qecc-data/supervisedLearning/sweep2/g5_mix_66_H7_s466555.pth	7	466555	24	mixed	[(6, 6)]	True	False	False	False	geometric5	2745740	9	6	2026-08-01	mixed_66	0.023244236778233764	0.04918745979945477	0.0023112010911061696	0.008161363414911828	0.03894814497622389	0.17084197105387652	0.0256746184611555	0.01659652682560746	10.456709000064077	8.67519330798223	0.07971706590613416	2.1140952922798517	0.6150698050955549	0.44098393281277115	0.02
/vol/bitbucket/osella/rl-qecc-data/supervisedLearning/sweep2/g5_ground_anch_H10_s12345.pth	10	12345	2	groundAnchored	[(6, 6), (9, 6), (12, 6), (15, 3)]	True	True	True	True	geometric5	18402947	5	15	2026-08-01	groundAnchored_66-96-126-153	0.020443871784302178	0.08512946185551075	0.017964248416672816	0.045070278170473314	0.07937060351493508	0.24759032518470234	0.03565185399076861	0.018820342920139812	12.768586172431032	9.340422154314146	0.10888138156662383	2.055259926011097	0.4396036977198883	0.30282257105267957	0.02
/vol/bitbucket/osella/rl-qecc-data/supervisedLearning/sweep2/g5_ground_anch_H10_s54321.pth	10	54321	2	groundAnchored	[(6, 6), (9, 6), (12, 6), (15, 3)]	True	True	True	True	geometric5	18402947	5	15	2026-08-01	groundAnchored_66-96-126-153	0.020443871784302178	0.06851313089467456	0.008855134755388131	0.02164429180387218	0.0702982189542377	0.2059294928785728	0.03583851608130153	0.018820342920139812	12.197159071536287	9.340422154314146	0.0967232629836692	1.920990415183291	0.47697624371600783	0.33314814520593966	0.0
/vol/bitbucket/osella/rl-qecc-data/supervisedLearning/sweep2/g5_ground_anch_H3_s3000.pth	3	3000	2	groundAnchored	[(6, 6), (9, 6), (12, 6), (15, 3)]	True	True	True	True	geometric5	18402947	5	15	2026-08-01	groundAnchored_66-96-126-153	0.020443871784302178	0.10356919107846031	0.006609420812793459	0.02044533190780115	0.08854084190979637	0.36124682586604656	0.04100353489586433	0.018820342920139812	15.139847598532901	9.340422154314146	0.16511316185499136	2.815199310348941	0.19912579905083333	0.1368264728831652	0.0
/vol/bitbucket/osella/rl-qecc-data/supervisedLearning/sweep2/g5_ground_anch_H3_s7134066.pth	3	7134066	2	groundAnchored	[(6, 6), (9, 6), (12, 6), (15, 3)]	True	True	True	True	geometric5	18402947	5	15	2026-08-01	groundAnchored_66-96-126-153	0.020443871784302178	0.08013941004654054	0.006499784605737836	0.01860129600522978	0.07534098091811617	0.2588075355467968	0.04144745315682262	0.018820342920139812	13.20972395777116	9.340422154314146	0.11737900091343888	2.47207942215477	0.45395922113526854	0.3178241655387074	0.0
/vol/bitbucket/osella/rl-qecc-data/supervisedLearning/sweep2/g5_ground_anch_H4_s466555.pth	4	466555	2	groundAnchored	[(6, 6), (9, 6), (12, 6), (15, 3)]	True	True	True	True	geometric5	18402947	5	15	2026-08-01	groundAnchored_66-96-126-153	0.020443871784302178	0.08769335809388783	0.022748141861407084	0.06512308975764179	0.15266603592410635	0.15240769303621224	0.045521829890071336	0.018820342920139812	15.082565344775238	9.340422154314146	0.08136297636832168	7.664986968000291	0.22565922963562043	0.15898772301552125	0.0
/vol/bitbucket/osella/rl-qecc-data/supervisedLearning/sweep2/g5_ground_anch_H6_s12345.pth	6	12345	2	groundAnchored	[(6, 6), (9, 6), (12, 6), (15, 3)]	True	True	True	True	geometric5	18402947	5	15	2026-08-01	groundAnchored_66-96-126-153	0.020443871784302178	0.0979139656002873	0.005551539135280032	0.016341310437183384	0.08724834346731258	0.33962382399596636	0.04080481096569492	0.018820342920139812	14.682610041927953	9.340422154314146	0.15551141352719464	2.503350819118498	0.5031979518105087	0.3552302311495452	0.0
/vol/bitbucket/osella/rl-qecc-data/supervisedLearning/sweep2/g5_ground_anch_H6_s54321.pth	6	54321	2	groundAnchored	[(6, 6), (9, 6), (12, 6), (15, 3)]	True	True	True	True	geometric5	18402947	5	15	2026-08-01	groundAnchored_66-96-126-153	0.020443871784302178	0.09818280425466777	0.004843686036484019	0.01603751785656235	0.08552363316207034	0.34584337092826395	0.03866581328995784	0.018820342920139812	14.702846906058879	9.340422154314146	0.1601325652100019	2.4350440861580065	0.4921698069417878	0.3434010043884522	0.0
/vol/bitbucket/osella/rl-qecc-data/supervisedLearning/sweep2/g5_ground_anch_H7_s3000.pth	7	3000	2	groundAnchored	[(6, 6), (9, 6), (12, 6), (15, 3)]	True	True	True	True	geometric5	18402947	5	15	2026-08-01	groundAnchored_66-96-126-153	0.020443871784302178	0.052395822838711255	0.006396014118137706	0.0200248384831328	0.06756091460125344	0.12958331032946882	0.03841403666156192	0.018820342920139812	11.479361539938417	9.340422154314146	0.060237216967427926	2.8145198073084425	0.46886344311755074	0.3266203328727052	0.0
/vol/bitbucket/osella/rl-qecc-data/supervisedLearning/sweep2/g5_ground_anch_H7_s7134066.pth	7	7134066	2	groundAnchored	[(6, 6), (9, 6), (12, 6), (15, 3)]	True	True	True	True	geometric5	18402947	5	15	2026-08-01	groundAnchored_66-96-126-153	0.020443871784302178	0.0764735112996752	0.006535150199682283	0.018595028816502678	0.072749729463171	0.24295994782279476	0.04152770019622518	0.018820342920139812	12.907121413254757	9.340422154314146	0.10837364447267755	3.2836232311548943	0.4491408744883136	0.31278779846601545	0.0
/vol/bitbucket/osella/rl-qecc-data/supervisedLearning/sweep2/g5_ground_pure_H10_s466555.pth	10	466555	2	groundPure	[(6, 6), (9, 6), (12, 6), (15, 3)]	True	True	True	True	geometric5	18402947	5	15	2026-08-01	groundPure_66-96-126-153	0.020443871784302178	0.06278269458223235	0.005470587763838788	0.017941286949654533	0.06815373157415006	0.1835348921850369	0.038812974438479135	0.018820342920139812	11.959702099003694	9.340422154314146	0.08156577016801875	2.316568574677412	0.5230916875052808	0.36613855861523925	0.0
/vol/bitbucket/osella/rl-qecc-data/supervisedLearning/sweep2/g5_ground_pure_H3_s12345.pth	3	12345	2	groundPure	[(6, 6), (9, 6), (12, 6), (15, 3)]	True	True	True	True	geometric5	18402947	5	15	2026-08-01	groundPure_66-96-126-153	0.020443871784302178	0.10549051974192708	0.008010934613792499	0.023987552741957803	0.09462563518442108	0.36289076201650194	0.037937714152959545	0.018820342920139812	15.034868355456421	9.340422154314146	0.17345220379150017	2.443840918122302	0.370507581051927	0.2569742310470253	0.0
/vol/bitbucket/osella/rl-qecc-data/supervisedLearning/sweep2/g5_ground_pure_H3_s54321.pth	3	54321	2	groundPure	[(6, 6), (9, 6), (12, 6), (15, 3)]	True	True	True	True	geometric5	18402947	5	15	2026-08-01	groundPure_66-96-126-153	0.020443871784302178	0.10870254308642964	0.005506318052928269	0.01719763220774537	0.08443746912467502	0.39605024493812674	0.040321051108673435	0.018820342920139812	15.538363425964961	9.340422154314146	0.18611684514797922	2.232200578640952	0.38622835570505176	0.2671097616809722	0.0
/vol/bitbucket/osella/rl-qecc-data/supervisedLearning/sweep2/g5_ground_pure_H4_s3000.pth	4	3000	2	groundPure	[(6, 6), (9, 6), (12, 6), (15, 3)]	True	True	True	True	geometric5	18402947	5	15	2026-08-01	groundPure_66-96-126-153	0.020443871784302178	0.07337256255321425	0.011860073171396129	0.034700338663314345	0.09437852244776058	0.18267577439894372	0.043248104084656395	0.018820342920139812	13.420741880694242	9.340422154314146	0.08537570757841806	5.876239868812747	0.26507867413923164	0.18274126818912528	0.0
/vol/bitbucket/osella/rl-qecc-data/supervisedLearning/sweep2/g5_ground_pure_H4_s7134066.pth	4	7134066	2	groundPure	[(6, 6), (9, 6), (12, 6), (15, 3)]	True	True	True	True	geometric5	18402947	5	15	2026-08-01	groundPure_66-96-126-153	0.020443871784302178	0.08457719365838	0.014353184706199442	0.04139140336880713	0.1050209496615846	0.21845567172097174	0.04366475883433819	0.018820342920139812	14.082006050997752	9.340422154314146	0.10281963418079429	5.691059989558875	0.2894556219390289	0.2016683801978422	0.0
/vol/bitbucket/osella/rl-qecc-data/supervisedLearning/sweep2/g5_ground_pure_H6_s466555.pth	6	466555	2	groundPure	[(6, 6), (9, 6), (12, 6), (15, 3)]	True	True	True	True	geometric5	18402947	5	15	2026-08-01	groundPure_66-96-126-153	0.020443871784302178	0.07051413379519199	0.004633638374510293	0.015441329194736238	0.0800794153040743	0.20802406616455643	0.04439221993808266	0.018820342920139812	13.574576489848674	9.340422154314146	0.09329419510734929	3.0891074981860025	0.37306536634739823	0.25518546954636734	0.0
/vol/bitbucket/osella/rl-qecc-data/supervisedLearning/sweep2/g5_ground_pure_H7_s12345.pth	7	12345	2	groundPure	[(6, 6), (9, 6), (12, 6), (15, 3)]	True	True	True	True	geometric5	18402947	5	15	2026-08-01	groundPure_66-96-126-153	0.020443871784302178	0.05966754937417364	0.005750782349123494	0.016278665337495245	0.0663529928885142	0.1646653349509962	0.04528997134473822	0.018820342920139812	12.967091916183985	9.340422154314146	0.07117723817106199	3.957125303435919	0.5380455823148605	0.3821135141366809	0.0
/vol/bitbucket/osella/rl-qecc-data/supervisedLearning/sweep2/g5_ground_pure_H7_s54321.pth	7	54321	2	groundPure	[(6, 6), (9, 6), (12, 6), (15, 3)]	True	True	True	True	geometric5	18402947	5	15	2026-08-01	groundPure_66-96-126-153	0.020443871784302178	0.09291943233182309	0.0045700203757258325	0.014774809498432427	0.09144449957401414	0.31247414351603797	0.04133368869490475	0.018820342920139812	14.778875616099254	9.340422154314146	0.14358004366144086	2.811299207313252	0.4841257135349864	0.3362899861014984	0.0
/vol/bitbucket/osella/rl-qecc-data/supervisedLearning/sweep2/g5_mix_66-96-126-153_H10_s3000.pth	10	3000	6	mixed	[(6, 6), (9, 6), (12, 6), (15, 3)]	True	True	True	True	geometric5	18402947	5	15	2026-08-01	mixed_66-96-126-153	0.020443871784302178	0.04282604571076704	0.0057487314019095985	0.016252441734351523	0.07594998784576204	0.07688956712940359	0.03928950044240822	0.018820342920139812	11.723320436277776	9.340422154314146	0.042763818595118575	2.7359535095650473	0.6053157438367053	0.4357098855673838	0.0
/vol/bitbucket/osella/rl-qecc-data/supervisedLearning/sweep2/g5_mix_66-96-126-153_H10_s7134066.pth	10	7134066	6	mixed	[(6, 6), (9, 6), (12, 6), (15, 3)]	True	True	True	True	geometric5	18402947	5	15	2026-08-01	mixed_66-96-126-153	0.020443871784302178	0.0460427952672256	0.006346606705767379	0.018171461934190704	0.06821990553398959	0.09591791970317054	0.04155808245900893	0.018820342920139812	11.708737098743528	9.340422154314146	0.05237617908552031	3.1593616386534213	0.451019160757632	0.31488765208161534	0.0
/vol/bitbucket/osella/rl-qecc-data/supervisedLearning/sweep2/g5_mix_66-96-126-153_H3_s466555.pth	3	466555	6	mixed	[(6, 6), (9, 6), (12, 6), (15, 3)]	True	True	True	True	geometric5	18402947	5	15	2026-08-01	mixed_66-96-126-153	0.020443871784302178	0.09171734710657195	0.007709702654982385	0.022520578655161223	0.09405416207397747	0.2964011916432488	0.03790110050549079	0.018820342920139812	13.881963834634513	9.340422154314146	0.14201853596173017	2.3750421884696267	0.43189747580617677	0.30632102183247495	0.0
/vol/bitbucket/osella/rl-qecc-data/supervisedLearning/sweep2/g5_mix_66-96-126-153_H4_s12345.pth	4	12345	6	mixed	[(6, 6), (9, 6), (12, 6), (15, 3)]	True	True	True	True	geometric5	18402947	5	15	2026-08-01	mixed_66-96-126-153	0.020443871784302178	0.08130912753222833	0.005398444378543168	0.015804307677982535	0.08700717912653085	0.2602910331343775	0.03804467334370737	0.018820342920139812	13.641746570979098	9.340422154314146	0.12514125306569304	2.4391950281900106	0.4844556710944372	0.33998808363090427	0.0
/vol/bitbucket/osella/rl-qecc-data/supervisedLearning/sweep2/g5_mix_66-96-126-153_H4_s54321.pth	4	54321	6	mixed	[(6, 6), (9, 6), (12, 6), (15, 3)]	True	True	True	True	geometric5	18402947	5	15	2026-08-01	mixed_66-96-126-153	0.020443871784302178	0.07257307588501652	0.010790784426157989	0.02803254880006806	0.09115310044398177	0.19344072051811464	0.0394482252367589	0.018820342920139812	12.62797365013124	9.340422154314146	0.09269187562886168	2.5551558658997173	0.3136846682744583	0.22124747862981592	0.0
/vol/bitbucket/osella/rl-qecc-data/supervisedLearning/sweep2/g5_mix_66-96-126-153_H6_s3000.pth	6	3000	6	mixed	[(6, 6), (9, 6), (12, 6), (15, 3)]	True	True	True	True	geometric5	18402947	5	15	2026-08-01	mixed_66-96-126-153	0.020443871784302178	0.05173204564368882	0.01013012653696941	0.02639654423372649	0.0823119589487278	0.09423622155030618	0.04558537694871454	0.018820342920139812	13.383217986790768	9.340422154314146	0.05319538918230122	10.540861852128158	0.43656371111548836	0.3043968137012236	0.0
/vol/bitbucket/osella/rl-qecc-data/supervisedLearning/sweep2/g5_mix_66-96-126-153_H6_s7134066.pth	6	7134066	6	mixed	[(6, 6), (9, 6), (12, 6), (15, 3)]	True	True	True	True	geometric5	18402947	5	15	2026-08-01	mixed_66-96-126-153	0.020443871784302178	0.08197389839856528	0.005440977022632176	0.015932460411323356	0.09075735129519438	0.2587937568179424	0.03894494644573276	0.018820342920139812	13.942843765475338	9.340422154314146	0.12321531933221994	2.592694818509833	0.522909731708431	0.36834174646248213	0.0
/vol/bitbucket/osella/rl-qecc-data/supervisedLearning/sweep2/g5_mix_66-96-126-153_H7_s466555.pth	7	466555	6	mixed	[(6, 6), (9, 6), (12, 6), (15, 3)]	True	True	True	True	geometric5	18402947	5	15	2026-08-01	mixed_66-96-126-153	0.020443871784302178	0.04545324787108183	0.011243082504835022	0.027642919773493282	0.07330615514599555	0.07562236230930483	0.03945171962178059	0.018820342920139812	11.328798773783598	9.340422154314146	0.04745480018206912	2.742845814193497	0.505928554031477	0.3609774330386188	0.0
/vol/bitbucket/osella/rl-qecc-data/supervisedLearning/sweep2/g5_mix_66-96-126_H10_s12345.pth	10	12345	8	mixed	[(6, 6), (9, 6), (12, 6)]	True	True	True	False	geometric5	18402947	5	15	2026-08-01	mixed_66-96-126	0.020443871784302178	0.0772482170110308	0.005260812028368368	0.015817614845767467	0.07278190273844716	0.2508382648713512	0.04154249057121998	0.018820342920139812	13.21252799741229	9.340422154314146	0.11216876167029305	2.063751363888521	0.5529020799416569	0.3897372759945929	0.0
/vol/bitbucket/osella/rl-qecc-data/supervisedLearning/sweep2/g5_mix_66-96-126_H10_s54321.pth	10	54321	8	mixed	[(6, 6), (9, 6), (12, 6)]	True	True	True	False	geometric5	18402947	5	15	2026-08-01	mixed_66-96-126	0.020443871784302178	0.08654537936614294	0.006076416455648825	0.016266584999029488	0.07902087626070162	0.29506696246711595	0.0362960566482193	0.018820342920139812	13.498443096004047	9.340422154314146	0.1389528832265572	2.0501858378994573	0.4611917505750144	0.3197477086661902	0.0
/vol/bitbucket/osella/rl-qecc-data/supervisedLearning/sweep2/g5_mix_66-96-126_H3_s3000.pth	3	3000	8	mixed	[(6, 6), (9, 6), (12, 6)]	True	True	True	False	geometric5	18402947	5	15	2026-08-01	mixed_66-96-126	0.020443871784302178	0.09311124071545021	0.004843344119365153	0.015375929464219125	0.07952447993644751	0.3236224181396864	0.04219003191753249	0.018820342920139812	14.243533111983387	9.340422154314146	0.14570827544596524	3.348996059766448	0.5092557235794137	0.35813960286365953	0.0
/vol/bitbucket/osella/rl-qecc-data/supervisedLearning/sweep2/g5_mix_66-96-126_H3_s7134066.pth	3	7134066	8	mixed	[(6, 6), (9, 6), (12, 6)]	True	True	True	False	geometric5	18402947	5	15	2026-08-01	mixed_66-96-126	0.020443871784302178	0.1195192492589576	0.00551227594832914	0.0161685909442452	0.0736014021899303	0.46509851957479675	0.0372154576374874	0.018820342920139812	15.944699199493726	9.340422154314146	0.21810285497383042	2.481643959683813	0.490833973136512	0.3437739817674579	0.02
/vol/bitbucket/osella/rl-qecc-data/supervisedLearning/sweep2/g5_mix_66-96-126_H4_s466555.pth	4	466555	8	mixed	[(6, 6), (9, 6), (12, 6)]	True	True	True	False	geometric5	18402947	5	15	2026-08-01	mixed_66-96-126	0.020443871784302178	0.10152610732216706	0.005198152741081886	0.01617965011033745	0.07888575724331866	0.36531634666201596	0.04205062985408212	0.018820342920139812	14.69937197652573	9.340422154314146	0.1641090715109963	2.7645546511576327	0.437000264099303	0.30546590445230076	0.0
/vol/bitbucket/osella/rl-qecc-data/supervisedLearning/sweep2/g5_mix_66-96-126_H6_s12345.pth	6	12345	8	mixed	[(6, 6), (9, 6), (12, 6)]	True	True	True	False	geometric5	18402947	5	15	2026-08-01	mixed_66-96-126	0.020443871784302178	0.09355212090242547	0.006520369126498272	0.018236149040665527	0.08078609847652146	0.32664287363225136	0.03557511423618766	0.018820342920139812	13.755243707202732	9.340422154314146	0.15937268412810998	1.992549332821307	0.5368524918245265	0.38238663940184897	0.0
/vol/bitbucket/osella/rl-qecc-data/supervisedLearning/sweep2/g5_mix_66-96-126_H6_s54321.pth	6	54321	8	mixed	[(6, 6), (9, 6), (12, 6)]	True	True	True	False	geometric5	18402947	5	15	2026-08-01	mixed_66-96-126	0.020443871784302178	0.07365661162732456	0.005643375944862587	0.015122694525994781	0.07436687907510549	0.23567530063199052	0.03747480795866921	0.018820342920139812	12.504287123228726	9.340422154314146	0.1126747505229895	2.4255065257125135	0.5619360666101362	0.39808123079228125	0.0
/vol/bitbucket/osella/rl-qecc-data/supervisedLearning/sweep2/g5_mix_66-96-126_H7_s3000.pth	7	3000	8	mixed	[(6, 6), (9, 6), (12, 6)]	True	True	True	False	geometric5	18402947	5	15	2026-08-01	mixed_66-96-126	0.020443871784302178	0.07494146932329808	0.004729797630945499	0.014574722469750018	0.07936756476361387	0.23494157121772186	0.04109369053445729	0.018820342920139812	13.091583371718814	9.340422154314146	0.10706858842492614	2.391933963136305	0.547102878634784	0.38664915533386257	0.0
/vol/bitbucket/osella/rl-qecc-data/supervisedLearning/sweep2/g5_mix_66-96-126_H7_s7134066.pth	7	7134066	8	mixed	[(6, 6), (9, 6), (12, 6)]	True	True	True	False	geometric5	18402947	5	15	2026-08-01	mixed_66-96-126	0.020443871784302178	0.057958598534977014	0.007002766772926364	0.020241630985230193	0.0711416772584188	0.15207353979288585	0.0393333778654237	0.018820342920139812	11.747951232537808	9.340422154314146	0.07089786964759663	3.0012726568700834	0.5243757103398043	0.37441388546173227	0.0
/vol/bitbucket/osella/rl-qecc-data/supervisedLearning/sweep2/g5_mix_66-96_H10_s466555.pth	10	466555	12	mixed	[(6, 6), (9, 6)]	True	True	False	False	geometric5	18402947	5	15	2026-08-01	mixed_66-96	0.020443871784302178	0.07238647649563634	0.005835860213374016	0.016545826612092033	0.07584570510437504	0.2268970887790709	0.03680790176927041	0.018820342920139812	12.540412933238734	9.340422154314146	0.1084923677069364	3.4826702669037046	0.39192203836483236	0.2780682113550367	0.0
/vol/bitbucket/osella/rl-qecc-data/supervisedLearning/sweep2/g5_mix_66-96_H3_s12345.pth	3	12345	12	mixed	[(6, 6), (9, 6)]	True	True	False	False	geometric5	18402947	5	15	2026-08-01	mixed_66-96	0.020443871784302178	0.09588036305461822	0.0058742461352737025	0.02127706490985838	0.08663812100673672	0.3209914794687767	0.044620903752444555	0.018820342920139812	14.84985633646585	9.340422154314146	0.1366136159142203	4.271569757073828	0.1457823075805204	0.1001820008201836	0.0
/vol/bitbucket/osella/rl-qecc-data/supervisedLearning/sweep2/g5_mix_66-96_H3_s54321.pth	3	54321	12	mixed	[(6, 6), (9, 6)]	True	True	False	False	geometric5	18402947	5	15	2026-08-01	mixed_66-96	0.020443871784302178	0.08323971648807421	0.005222983338928056	0.015975649160665246	0.07922226013773652	0.27295792176425604	0.04281976803878752	0.018820342920139812	13.72462572667768	9.340422154314146	0.12264252063122588	2.906285105992295	0.502878502244456	0.35443593603663526	0.0
/vol/bitbucket/osella/rl-qecc-data/supervisedLearning/sweep2/g5_mix_66-96_H4_s3000.pth	4	3000	12	mixed	[(6, 6), (9, 6)]	True	True	False	False	geometric5	18402947	5	15	2026-08-01	mixed_66-96	0.020443871784302178	0.10659173732087886	0.005110685795843393	0.015585410508637296	0.08444351513281119	0.3923451770411376	0.03547389812596657	0.018820342920139812	15.072881145543493	9.340422154314146	0.1896480967766244	1.8721131114285143	0.468923923808911	0.3274639072927646	0.0
/vol/bitbucket/osella/rl-qecc-data/supervisedLearning/sweep2/g5_mix_66-96_H4_s7134066.pth	4	7134066	12	mixed	[(6, 6), (9, 6)]	True	True	False	False	geometric5	18402947	5	15	2026-08-01	mixed_66-96	0.020443871784302178	0.09858624029343388	0.006266183044173139	0.01811241450962546	0.08230190172745395	0.3483561661511707	0.03789453603474282	0.018820342920139812	14.251033963269633	9.340422154314146	0.1612093787022092	2.484274271347179	0.37518183555301005	0.26334447807359296	0.0
/vol/bitbucket/osella/rl-qecc-data/supervisedLearning/sweep2/g5_mix_66-96_H6_s466555.pth	6	466555	12	mixed	[(6, 6), (9, 6)]	True	True	False	False	geometric5	18402947	5	15	2026-08-01	mixed_66-96	0.020443871784302178	0.06843508351723016	0.005325889207471959	0.01584990053597263	0.07766662734710879	0.20477448718355654	0.03855851331204232	0.018820342920139812	12.616851320946301	9.340422154314146	0.10022518703261837	2.146417741332858	0.5227905386138798	0.36677194274632363	0.0
/vol/bitbucket/osella/rl-qecc-data/supervisedLearning/sweep2/g5_mix_66-96_H7_s12345.pth	7	12345	12	mixed	[(6, 6), (9, 6)]	True	True	False	False	geometric5	18402947	5	15	2026-08-01	mixed_66-96	0.020443871784302178	0.08589800099951067	0.005153310507455509	0.01566345244381633	0.07946499620258303	0.2930315071616943	0.03617673868200617	0.018820342920139812	13.4666125358636	9.340422154314146	0.14034101147198688	1.9544654997394726	0.5191807090513947	0.36618565518215834	0.0
/vol/bitbucket/osella/rl-qecc-data/supervisedLearning/sweep2/g5_mix_66-96_H7_s54321.pth	7	54321	12	mixed	[(6, 6), (9, 6)]	True	True	False	False	geometric5	18402947	5	15	2026-08-01	mixed_66-96	0.020443871784302178	0.06471377016921134	0.005305558464112603	0.015060428141322382	0.07784815411828132	0.18763406838359428	0.0377206417387466	0.018820342920139812	12.34756717298339	9.340422154314146	0.09121783504272493	2.1870764577547774	0.5238191685713318	0.3682221317644409	0.0
/vol/bitbucket/osella/rl-qecc-data/supervisedLearning/sweep2/g5_mix_66_H10_s3000.pth	10	3000	24	mixed	[(6, 6)]	True	False	False	False	geometric5	18402947	5	15	2026-08-01	mixed_66	0.020443871784302178	0.07507663336443686	0.00618669307849949	0.018256327703005205	0.07594599543732955	0.23463933610537085	0.0403548144979791	0.018820342920139812	12.877506954968986	9.340422154314146	0.10715286084573049	2.9279066216409566	0.33874652711205067	0.2340093325182499	0.0
/vol/bitbucket/osella/rl-qecc-data/supervisedLearning/sweep2/g5_mix_66_H10_s7134066.pth	10	7134066	24	mixed	[(6, 6)]	True	False	False	False	geometric5	18402947	5	15	2026-08-01	mixed_66	0.020443871784302178	0.08051086239201774	0.01963594798336799	0.05609279720309691	0.12906165944921863	0.15285943995462625	0.044904467369779634	0.018820342920139812	13.940317955383767	9.340422154314146	0.07243363840030728	6.693864555085522	0.16766230139699145	0.11719866687678782	0.0
/vol/bitbucket/osella/rl-qecc-data/supervisedLearning/sweep2/g5_mix_66_H3_s466555.pth	3	466555	24	mixed	[(6, 6)]	True	False	False	False	geometric5	18402947	5	15	2026-08-01	mixed_66	0.020443871784302178	0.07421597184002725	0.009811876219062078	0.026677549821845947	0.07929768626765213	0.21308877168701906	0.04220397520455747	0.018820342920139812	12.89684458163465	9.340422154314146	0.09665211531174436	2.9464487177938876	0.38359132140204355	0.2678125536268027	0.0
/vol/bitbucket/osella/rl-qecc-data/supervisedLearning/sweep2/g5_mix_66_H4_s12345.pth	4	12345	24	mixed	[(6, 6)]	True	False	False	False	geometric5	18402947	5	15	2026-08-01	mixed_66	0.020443871784302178	0.10634556488905955	0.006029528328199098	0.01818180484758	0.08124635475069412	0.3868344900812071	0.039435646437617114	0.018820342920139812	15.330296821608194	9.340422154314146	0.17953070486122283	2.8076430296529717	0.400633094525304	0.2759715724244605	0.0
/vol/bitbucket/osella/rl-qecc-data/supervisedLearning/sweep2/g5_mix_66_H4_s54321.pth	4	54321	24	mixed	[(6, 6)]	True	False	False	False	geometric5	18402947	5	15	2026-08-01	mixed_66	0.020443871784302178	0.08779281965174666	0.009904777934308537	0.02691923870412057	0.08696340532083006	0.2716251719017972	0.04355150439767519	0.018820342920139812	14.125709974644305	9.340422154314146	0.12375637371794766	3.6035624868852687	0.41626364725336173	0.2942061925834412	0.0
/vol/bitbucket/osella/rl-qecc-data/supervisedLearning/sweep2/g5_mix_66_H6_s3000.pth	6	3000	24	mixed	[(6, 6)]	True	False	False	False	geometric5	18402947	5	15	2026-08-01	mixed_66	0.020443871784302178	0.05971473561939565	0.00607753375151063	0.02299323546477574	0.0849146883433171	0.14192333436678262	0.04266488617059402	0.018820342920139812	12.185782542663157	9.340422154314146	0.05962101846940309	3.7226376760117503	0.4807228486680517	0.33393113484875636	0.0
/vol/bitbucket/osella/rl-qecc-data/supervisedLearning/sweep2/g5_mix_66_H6_s7134066.pth	6	7134066	24	mixed	[(6, 6)]	True	False	False	False	geometric5	18402947	5	15	2026-08-01	mixed_66	0.020443871784302178	0.0661869052463579	0.005551839916923127	0.016223386599785714	0.06779062415370425	0.19927965807967482	0.04208901748170379	0.018820342920139812	12.50767035580719	9.340422154314146	0.08907971674855876	2.5211163410840105	0.42821219111951486	0.29615888633591697	0.0
/vol/bitbucket/osella/rl-qecc-data/supervisedLearning/sweep2/g5_mix_66_H7_s466555.pth	7	466555	24	mixed	[(6, 6)]	True	False	False	False	geometric5	18402947	5	15	2026-08-01	mixed_66	0.020443871784302178	0.08930534963250067	0.005252407684814602	0.017390929619361263	0.08170634156975393	0.3006206826921201	0.04155638659645151	0.018820342920139812	14.135213628605591	9.340422154314146	0.1362412696512565	3.643624370943928	0.3183658409163194	0.21888934880472707	0.0
/vol/bitbucket/osella/rl-qecc-data/supervisedLearning/sweep2/g5_ground_anch_H10_s12345.pth	10	12345	2	groundAnchored	[(6, 6), (9, 6), (12, 6), (15, 3)]	True	True	True	True	geometric5	4412297	15	3	2026-08-01	groundAnchored_66-96-126-153	0.022257119563161308	0.08668332552950905	0.0368006665846463	0.10551364423913823	0.12902808037684696	0.12846512360054246	0.033609112846371345	0.020227998625672306	13.752636932280625	10.427155327325456	0.06437143298905156	1.8054641382181058	0.41781035274185563	0.2870864058265149	0.02
/vol/bitbucket/osella/rl-qecc-data/supervisedLearning/sweep2/g5_ground_anch_H10_s54321.pth	10	54321	2	groundAnchored	[(6, 6), (9, 6), (12, 6), (15, 3)]	True	True	True	True	geometric5	4412297	15	3	2026-08-01	groundAnchored_66-96-126-153	0.022257119563161308	0.05909764562126071	0.0090298206350754	0.023776356473163875	0.0817726790968443	0.1509503036640529	0.029959068237167256	0.020227998625672306	12.807152846540111	10.427155327325456	0.0793794831481947	1.816683006088064	0.46486875570624037	0.3243150973059032	0.02
/vol/bitbucket/osella/rl-qecc-data/supervisedLearning/sweep2/g5_ground_anch_H3_s3000.pth	3	3000	2	groundAnchored	[(6, 6), (9, 6), (12, 6), (15, 3)]	True	True	True	True	geometric5	4412297	15	3	2026-08-01	groundAnchored_66-96-126-153	0.022257119563161308	0.05185213851719869	0.0058138849051303275	0.021503016687842266	0.08460992100036498	0.11667378700394	0.03066008298871582	0.020227998625672306	12.836581825513916	10.427155327325456	0.06748020297026316	1.8255797353797698	0.3801434248744374	0.26557968107364793	0.0
/vol/bitbucket/osella/rl-qecc-data/supervisedLearning/sweep2/g5_ground_anch_H3_s7134066.pth	3	7134066	2	groundAnchored	[(6, 6), (9, 6), (12, 6), (15, 3)]	True	True	True	True	geometric5	4412297	15	3	2026-08-01	groundAnchored_66-96-126-153	0.022257119563161308	0.07683249102211474	0.007811372064393944	0.027175443628655312	0.08811740298339132	0.23118008897614062	0.029878147457991854	0.020227998625672306	14.189529886300065	10.427155327325456	0.10893772921984668	1.8206475393416937	0.5466010862551606	0.3840356308711116	0.02
/vol/bitbucket/osella/rl-qecc-data/supervisedLearning/sweep2/g5_ground_anch_H4_s466555.pth	4	466555	2	groundAnchored	[(6, 6), (9, 6), (12, 6), (15, 3)]	True	True	True	True	geometric5	4412297	15	3	2026-08-01	groundAnchored_66-96-126-153	0.022257119563161308	0.06574197104070516	0.013796671267796252	0.04134159642388506	0.09404120448985695	0.14870290985360585	0.03082747316838164	0.020227998625672306	13.389401085073386	10.427155327325456	0.07610575828666352	1.820146368564813	0.49115648597863526	0.3442258804978448	0.08
/vol/bitbucket/osella/rl-qecc-data/supervisedLearning/sweep2/g5_ground_anch_H6_s12345.pth	6	12345	2	groundAnchored	[(6, 6), (9, 6), (12, 6), (15, 3)]	True	True	True	True	geometric5	4412297	15	3	2026-08-01	groundAnchored_66-96-126-153	0.022257119563161308	0.05094654459840806	0.006504175636059429	0.021334751513706667	0.07995680558118161	0.11688001002038577	0.030056980240706667	0.020227998625672306	12.509014932734251	10.427155327325456	0.06539560057120228	1.8155769764103884	0.4726392458352308	0.33019404414763054	0.02
/vol/bitbucket/osella/rl-qecc-data/supervisedLearning/sweep2/g5_ground_anch_H6_s54321.pth	6	54321	2	groundAnchored	[(6, 6), (9, 6), (12, 6), (15, 3)]	True	True	True	True	geometric5	4412297	15	3	2026-08-01	groundAnchored_66-96-126-153	0.022257119563161308	0.06910456796273116	0.005498689983925228	0.02122076005908452	0.10613377704721048	0.18116263845265898	0.03150697427077615	0.020227998625672306	14.09569594597018	10.427155327325456	0.0993628048660979	1.824574088799041	0.5592672534793104	0.3949231686748495	0.0
/vol/bitbucket/osella/rl-qecc-data/supervisedLearning/sweep2/g5_ground_anch_H7_s3000.pth	7	3000	2	groundAnchored	[(6, 6), (9, 6), (12, 6), (15, 3)]	True	True	True	True	geometric5	4412297	15	3	2026-08-01	groundAnchored_66-96-126-153	0.022257119563161308	0.05105002142101557	0.010055946698539039	0.02994243727769902	0.0819433778537581	0.10140329892865266	0.031905046346429204	0.020227998625672306	12.429428731618076	10.427155327325456	0.06055741083131022	1.8325265968697186	0.40453772725986736	0.28655999837838736	0.0
/vol/bitbucket/osella/rl-qecc-data/supervisedLearning/sweep2/g5_ground_anch_H7_s7134066.pth	7	7134066	2	groundAnchored	[(6, 6), (9, 6), (12, 6), (15, 3)]	True	True	True	True	geometric5	4412297	15	3	2026-08-01	groundAnchored_66-96-126-153	0.022257119563161308	0.056299875017862565	0.01373626226907472	0.03775861913626826	0.08969672758095011	0.10736672599099799	0.03294104011202159	0.020227998625672306	13.089444223444959	10.427155327325456	0.06577889661229719	1.8364889806698672	0.5044674028627917	0.3540030269712378	0.02
/vol/bitbucket/osella/rl-qecc-data/supervisedLearning/sweep2/g5_ground_pure_H10_s466555.pth	10	466555	2	groundPure	[(6, 6), (9, 6), (12, 6), (15, 3)]	True	True	True	True	geometric5	4412297	15	3	2026-08-01	groundPure_66-96-126-153	0.022257119563161308	0.05593155905013059	0.007978715896232232	0.025589297536921362	0.08245081962581959	0.1321040115913749	0.03153495060030487	0.020227998625672306	12.502885999849351	10.427155327325456	0.0737584579397358	1.8071875612651156	0.541221003936062	0.3797019046907131	0.0
/vol/bitbucket/osella/rl-qecc-data/supervisedLearning/sweep2/g5_ground_pure_H3_s12345.pth	3	12345	2	groundPure	[(6, 6), (9, 6), (12, 6), (15, 3)]	True	True	True	True	geometric5	4412297	15	3	2026-08-01	groundPure_66-96-126-153	0.022257119563161308	0.0874403331135656	0.008981911148260687	0.024491243642141336	0.10299120372253519	0.27078084314439993	0.02995646391049098	0.020227998625672306	15.236106592743068	10.427155327325456	0.12951045379160434	1.8020791469299047	0.4790106794975584	0.3336970700724134	0.02
/vol/bitbucket/osella/rl-qecc-data/supervisedLearning/sweep2/g5_ground_pure_H3_s54321.pth	3	54321	2	groundPure	[(6, 6), (9, 6), (12, 6), (15, 3)]	True	True	True	True	geometric5	4412297	15	3	2026-08-01	groundPure_66-96-126-153	0.022257119563161308	0.06772291831188082	0.005419789035606589	0.02114137556938916	0.10871570345913951	0.17363263715683921	0.029705086338429405	0.020227998625672306	14.585870920456895	10.427155327325456	0.09042086323941212	1.8067237706568475	0.5806596594163749	0.4112828336764911	0.0
/vol/bitbucket/osella/rl-qecc-data/supervisedLearning/sweep2/g5_ground_pure_H4_s3000.pth	4	3000	2	groundPure	[(6, 6), (9, 6), (12, 6), (15, 3)]	True	True	True	True	geometric5	4412297	15	3	2026-08-01	groundPure_66-96-126-153	0.022257119563161308	0.06220097145871605	0.005952564200008736	0.020772731427956406	0.09449433796824151	0.16001442509008804	0.02977079860728507	0.020227998625672306	13.58397174916101	10.427155327325456	0.08207352237301176	1.8139558863545697	0.5461934984426552	0.38582087818995625	0.0
/vol/bitbucket/osella/rl-qecc-data/supervisedLearning/sweep2/g5_ground_pure_H4_s7134066.pth	4	7134066	2	groundPure	[(6, 6), (9, 6), (12, 6), (15, 3)]	True	True	True	True	geometric5	4412297	15	3	2026-08-01	groundPure_66-96-126-153	0.022257119563161308	0.05561274276984606	0.009474719606826337	0.029815693543320976	0.08744184939010577	0.12156448716506238	0.029766964143915258	0.020227998625672306	12.560402007452689	10.427155327325456	0.06665956454012625	1.816976568853978	0.4385825994364434	0.30484641030351817	0.0
/vol/bitbucket/osella/rl-qecc-data/supervisedLearning/sweep2/g5_ground_pure_H6_s466555.pth	6	466555	2	groundPure	[(6, 6), (9, 6), (12, 6), (15, 3)]	True	True	True	True	geometric5	4412297	15	3	2026-08-01	groundPure_66-96-126-153	0.022257119563161308	0.06248072924752418	0.005510027888313511	0.020698626370691413	0.09735643378457767	0.1574726574553872	0.03136590073865088	0.020227998625672306	13.397433050748793	10.427155327325456	0.0873098512605646	1.8206855102872046	0.5879632975213454	0.4184314232861298	0.02
/vol/bitbucket/osella/rl-qecc-data/supervisedLearning/sweep2/g5_ground_pure_H7_s12345.pth	7	12345	2	groundPure	[(6, 6), (9, 6), (12, 6), (15, 3)]	True	True	True	True	geometric5	4412297	15	3	2026-08-01	groundPure_66-96-126-153	0.022257119563161308	0.07434532830672314	0.006710955230490643	0.021083956048423058	0.09087162676072238	0.2235666728538706	0.029493430640109165	0.020227998625672306	13.564334264095484	10.427155327325456	0.11046829857290892	1.7924521638867539	0.5824825584095342	0.4114536550524817	0.02
/vol/bitbucket/osella/rl-qecc-data/supervisedLearning/sweep2/g5_ground_pure_H7_s54321.pth	7	54321	2	groundPure	[(6, 6), (9, 6), (12, 6), (15, 3)]	True	True	True	True	geometric5	4412297	15	3	2026-08-01	groundPure_66-96-126-153	0.022257119563161308	0.05390382105324954	0.005404789196487257	0.021145011239489003	0.09829450105883598	0.11468384866296923	0.029990955108466544	0.020227998625672306	13.902478849125377	10.427155327325456	0.0677747209090638	1.809131681633077	0.37148268265031686	0.26202848466777584	0.0
/vol/bitbucket/osella/rl-qecc-data/supervisedLearning/sweep2/g5_mix_66-96-126-153_H10_s3000.pth	10	3000	6	mixed	[(6, 6), (9, 6), (12, 6), (15, 3)]	True	True	True	True	geometric5	4412297	15	3	2026-08-01	mixed_66-96-126-153	0.022257119563161308	0.03589145455526654	0.006808915272379757	0.019772556079621653	0.04916805280643396	0.07239128020941354	0.03131646840848398	0.020227998625672306	11.404037102175884	10.427155327325456	0.044411239169411344	1.8245164912801393	0.6860696218141515	0.5005502785189341	0.06
/vol/bitbucket/osella/rl-qecc-data/supervisedLearning/sweep2/g5_mix_66-96-126-153_H10_s7134066.pth	10	7134066	6	mixed	[(6, 6), (9, 6), (12, 6), (15, 3)]	True	True	True	True	geometric5	4412297	15	3	2026-08-01	mixed_66-96-126-153	0.022257119563161308	0.03708799004029044	0.007274767722743364	0.021058759609698975	0.052209234080103355	0.07390966453961932	0.030987524249287114	0.020227998625672306	11.451147001539082	10.427155327325456	0.04530154336455135	1.830420146517771	0.672335988054766	0.4886786811647691	0.0
/vol/bitbucket/osella/rl-qecc-data/supervisedLearning/sweep2/g5_mix_66-96-126-153_H3_s466555.pth	3	466555	6	mixed	[(6, 6), (9, 6), (12, 6), (15, 3)]	True	True	True	True	geometric5	4412297	15	3	2026-08-01	mixed_66-96-126-153	0.022257119563161308	0.0367102025506962	0.007043535025145786	0.020050447623850404	0.051678529249661605	0.07367147534109528	0.031107025513727547	0.020227998625672306	11.44556277056881	10.427155327325456	0.045066428470631	1.81408944113019	0.6733852723462327	0.48958915630968286	0.0
/vol/bitbucket/osella/rl-qecc-data/supervisedLearning/sweep2/g5_mix_66-96-126-153_H4_s12345.pth	4	12345	6	mixed	[(6, 6), (9, 6), (12, 6), (15, 3)]	True	True	True	True	geometric5	4412297	15	3	2026-08-01	mixed_66-96-126-153	0.022257119563161308	0.03578482596349242	0.006932722132957363	0.019458563430053866	0.04943121888822019	0.07208427045383319	0.031017354912397772	0.020227998625672306	11.409827715330772	10.427155327325456	0.04436490165855583	1.8123640236919298	0.6886630963668395	0.5028475625644397	0.0
/vol/bitbucket/osella/rl-qecc-data/supervisedLearning/sweep2/g5_mix_66-96-126-153_H4_s54321.pth	4	54321	6	mixed	[(6, 6), (9, 6), (12, 6), (15, 3)]	True	True	True	True	geometric5	4412297	15	3	2026-08-01	mixed_66-96-126-153	0.022257119563161308	0.03706886383163543	0.0073725068408070525	0.02094810823511416	0.05215213845671779	0.07363869723233424	0.031232868393203845	0.020227998625672306	11.446789758653061	10.427155327325456	0.045152248988622	1.8130701819393291	0.6735536732895853	0.48983655661504155	0.02
/vol/bitbucket/osella/rl-qecc-data/supervisedLearning/sweep2/g5_mix_66-96-126-153_H6_s3000.pth	6	3000	6	mixed	[(6, 6), (9, 6), (12, 6), (15, 3)]	True	True	True	True	geometric5	4412297	15	3	2026-08-01	mixed_66-96-126-153	0.022257119563161308	0.035854652976635516	0.007013281931177516	0.019999455239314734	0.04907788966637517	0.07207151949684738	0.031111118549462732	0.020227998625672306	11.402003509784162	10.427155327325456	0.04424586799231983	1.8182920506826479	0.688574136487343	0.5029364596445371	0.02
/vol/bitbucket/osella/rl-qecc-data/supervisedLearning/sweep2/g5_mix_66-96-126-153_H6_s7134066.pth	6	7134066	6	mixed	[(6, 6), (9, 6), (12, 6), (15, 3)]	True	True	True	True	geometric5	4412297	15	3	2026-08-01	mixed_66-96-126-153	0.022257119563161308	0.037182514684430144	0.007452121673561591	0.021339688655229026	0.05240071195491294	0.07382541153270951	0.03089463960573821	0.020227998625672306	11.450096941001702	10.427155327325456	0.04524988484751757	1.8182420674996884	0.6719169363199106	0.488615578242873	0.04
/vol/bitbucket/osella/rl-qecc-data/supervisedLearning/sweep2/g5_mix_66-96-126-153_H7_s466555.pth	7	466555	6	mixed	[(6, 6), (9, 6), (12, 6), (15, 3)]	True	True	True	True	geometric5	4412297	15	3	2026-08-01	mixed_66-96-126-153	0.022257119563161308	0.035805412867137835	0.006989385619916688	0.019653244880819244	0.04925502523544783	0.07244516290792516	0.03068424569158036	0.020227998625672306	11.4148184670529	10.427155327325456	0.044438781297375045	1.808841995134854	0.6851440195771953	0.49982142907516586	0.0
/vol/bitbucket/osella/rl-qecc-data/supervisedLearning/sweep2/g5_mix_66-96-126_H10_s12345.pth	10	12345	8	mixed	[(6, 6), (9, 6), (12, 6)]	True	True	True	False	geometric5	4412297	15	3	2026-08-01	mixed_66-96-126	0.022257119563161308	0.05619663310087315	0.011213465132618613	0.030760085607013755	0.07973921945963064	0.12877787913434602	0.030492516170757003	0.020227998625672306	12.694056655654181	10.427155327325456	0.07255400538039805	1.977601735779747	0.565237253178371	0.40090978456731446	0.0
/vol/bitbucket/osella/rl-qecc-data/supervisedLearning/sweep2/g5_mix_66-96-126_H10_s54321.pth	10	54321	8	mixed	[(6, 6), (9, 6), (12, 6)]	True	True	True	False	geometric5	4412297	15	3	2026-08-01	mixed_66-96-126	0.022257119563161308	0.0820141906809106	0.023746663698366626	0.06738894550196595	0.1329574283779249	0.1559544148259003	0.03002350100039414	0.020227998625672306	14.35558760898356	10.427155327325456	0.1010577772816995	4.120620711716148	0.5938075931234794	0.42099740511366857	0.02
/vol/bitbucket/osella/rl-qecc-data/supervisedLearning/sweep2/g5_mix_66-96-126_H3_s3000.pth	3	3000	8	mixed	[(6, 6), (9, 6), (12, 6)]	True	True	True	False	geometric5	4412297	15	3	2026-08-01	mixed_66-96-126	0.022257119563161308	0.11983720718796573	0.022455646618931784	0.06866598298015547	0.2627909951640043	0.21526462929129717	0.03000878188543932	0.020227998625672306	18.080002474305967	10.427155327325456	0.14843938578754157	5.137675592950271	0.6075158203376703	0.4312939745822931	0.04
/vol/bitbucket/osella/rl-qecc-data/supervisedLearning/sweep2/g5_mix_66-96-126_H3_s7134066.pth	3	7134066	8	mixed	[(6, 6), (9, 6), (12, 6)]	True	True	True	False	geometric5	4412297	15	3	2026-08-01	mixed_66-96-126	0.022257119563161308	0.07443139752076322	0.006277131718054646	0.02075366064195011	0.095957252789884	0.21901394677374328	0.030154995680184864	0.020227998625672306	16.27110824680687	10.427155327325456	0.11973055010120906	4.83299235640561	0.5449888765097134	0.388748158556536	0.0
/vol/bitbucket/osella/rl-qecc-data/supervisedLearning/sweep2/g5_mix_66-96-126_H4_s466555.pth	4	466555	8	mixed	[(6, 6), (9, 6), (12, 6)]	True	True	True	False	geometric5	4412297	15	3	2026-08-01	mixed_66-96-126	0.022257119563161308	0.0834277290062374	0.016377913135165643	0.044290053382841754	0.13344485745790052	0.1932288927115897	0.02979692834368901	0.020227998625672306	15.863278350592116	10.427155327325456	0.11625034142476846	9.22453599496069	0.5735799673179931	0.4060064065414105	0.0
/vol/bitbucket/osella/rl-qecc-data/supervisedLearning/sweep2/g5_mix_66-96-126_H6_s12345.pth	6	12345	8	mixed	[(6, 6), (9, 6), (12, 6)]	True	True	True	False	geometric5	4412297	15	3	2026-08-01	mixed_66-96-126	0.022257119563161308	0.14020039928473377	0.04957041381378916	0.12944074271925796	0.2854970979137941	0.20663727401139972	0.029856467965428245	0.020227998625672306	19.36081736108837	10.427155327325456	0.1501878456660893	5.439164593548745	0.5185022847939599	0.363650740532524	0.02
/vol/bitbucket/osella/rl-qecc-data/supervisedLearning/sweep2/g5_mix_66-96-126_H6_s54321.pth	6	54321	8	mixed	[(6, 6), (9, 6), (12, 6)]	True	True	True	False	geometric5	4412297	15	3	2026-08-01	mixed_66-96-126	0.022257119563161308	0.05249267457741969	0.00739370025817742	0.023404964374540253	0.07635308282509101	0.12447048867544001	0.03084113675385028	0.020227998625672306	12.88351460214456	10.427155327325456	0.06935985684963716	2.9703790657983533	0.5206238219338933	0.3661394753471857	0.0
/vol/bitbucket/osella/rl-qecc-data/supervisedLearning/sweep2/g5_mix_66-96-126_H7_s3000.pth	7	3000	8	mixed	[(6, 6), (9, 6), (12, 6)]	True	True	True	False	geometric5	4412297	15	3	2026-08-01	mixed_66-96-126	0.022257119563161308	0.0742189296750992	0.014342317691042087	0.03705892758892013	0.12062794041931485	0.16953069487421016	0.02953476780200862	0.020227998625672306	14.009282956592823	10.427155327325456	0.10230852162559094	4.699426899007368	0.6003979164946824	0.4281663455108679	0.02
/vol/bitbucket/osella/rl-qecc-data/supervisedLearning/sweep2/g5_mix_66-96-126_H7_s7134066.pth	7	7134066	8	mixed	[(6, 6), (9, 6), (12, 6)]	True	True	True	False	geometric5	4412297	15	3	2026-08-01	mixed_66-96-126	0.022257119563161308	0.07554135257437158	0.013384553975477035	0.03769893427889694	0.12010634637876139	0.17677174867931036	0.029745179559412176	0.020227998625672306	14.730920908803963	10.427155327325456	0.10530947950059058	5.597574257513701	0.5537460378058697	0.39172253228396736	0.0
/vol/bitbucket/osella/rl-qecc-data/supervisedLearning/sweep2/g5_mix_66-96_H10_s466555.pth	10	466555	12	mixed	[(6, 6), (9, 6)]	True	True	False	False	geometric5	4412297	15	3	2026-08-01	mixed_66-96	0.022257119563161308	0.04235424743010038	0.007790870745997931	0.024069805778085658	0.06263122346178002	0.08740933629931759	0.02987000086532084	0.020227998625672306	12.257514787927827	10.427155327325456	0.05319443691612991	2.8166079807352475	0.5769423491217655	0.409648982898092	0.04
/vol/bitbucket/osella/rl-qecc-data/supervisedLearning/sweep2/g5_mix_66-96_H3_s12345.pth	3	12345	12	mixed	[(6, 6), (9, 6)]	True	True	False	False	geometric5	4412297	15	3	2026-08-01	mixed_66-96	0.022257119563161308	0.07530527644126739	0.0080417353626387	0.03202817088251192	0.17727453409272478	0.10264201339651044	0.05653992847195109	0.020227998625672306	13.078746589727222	10.427155327325456	0.05797292368274807	2.038359444105158	0.45247288552125375	0.32156755122068487	0.0
/vol/bitbucket/osella/rl-qecc-data/supervisedLearning/sweep2/g5_mix_66-96_H3_s54321.pth	3	54321	12	mixed	[(6, 6), (9, 6)]	True	True	False	False	geometric5	4412297	15	3	2026-08-01	mixed_66-96	0.022257119563161308	0.046352302331047694	0.012041574935295219	0.025704972586977202	0.06712391161885539	0.09527309839008587	0.03161795412402502	0.020227998625672306	12.162063844216085	10.427155327325456	0.05680813613277521	2.1212940769978172	0.4947220764755187	0.3489686374933494	0.02
/vol/bitbucket/osella/rl-qecc-data/supervisedLearning/sweep2/g5_mix_66-96_H4_s3000.pth	4	3000	12	mixed	[(6, 6), (9, 6)]	True	True	False	False	geometric5	4412297	15	3	2026-08-01	mixed_66-96	0.022257119563161308	0.042395638341764574	0.006410305564386463	0.01954915449998203	0.06592963049906929	0.08844839650032058	0.03164070464506432	0.020227998625672306	12.324421941599784	10.427155327325456	0.05206553274097873	2.40827988865671	0.5828399483296947	0.4130262969123318	0.0
/vol/bitbucket/osella/rl-qecc-data/supervisedLearning/sweep2/g5_mix_66-96_H4_s7134066.pth	4	7134066	12	mixed	[(6, 6), (9, 6)]	True	True	False	False	geometric5	4412297	15	3	2026-08-01	mixed_66-96	0.022257119563161308	0.04837648937548157	0.008594338454225664	0.02409850461738384	0.06393568330978186	0.11541363836458175	0.029840282131434748	0.020227998625672306	12.406872609739855	10.427155327325456	0.06522364266455134	4.645430792358965	0.5646669105625759	0.39731186709907196	0.0
/vol/bitbucket/osella/rl-qecc-data/supervisedLearning/sweep2/g5_mix_66-96_H6_s466555.pth	6	466555	12	mixed	[(6, 6), (9, 6)]	True	True	False	False	geometric5	4412297	15	3	2026-08-01	mixed_66-96	0.022257119563161308	0.042372968692698354	0.00617664986555557	0.019916303241173775	0.06623475430470864	0.08270877505915754	0.03682836099289642	0.020227998625672306	12.003672684981147	10.427155327325456	0.0509250209529065	1.9174314075231487	0.5610785749522855	0.3965715808570599	0.0
/vol/bitbucket/osella/rl-qecc-data/supervisedLearning/sweep2/g5_mix_66-96_H7_s12345.pth	7	12345	12	mixed	[(6, 6), (9, 6)]	True	True	False	False	geometric5	4412297	15	3	2026-08-01	mixed_66-96	0.022257119563161308	0.04733540407710556	0.01155019518871619	0.029726386610538974	0.07295640798455852	0.0914580946557267	0.030985935945987534	0.020227998625672306	12.100689644600338	10.427155327325456	0.0569244999357421	2.8068070737786206	0.527250432386912	0.36972889466584336	0.02
/vol/bitbucket/osella/rl-qecc-data/supervisedLearning/sweep2/g5_mix_66-96_H7_s54321.pth	7	54321	12	mixed	[(6, 6), (9, 6)]	True	True	False	False	geometric5	4412297	15	3	2026-08-01	mixed_66-96	0.022257119563161308	0.042043068295752266	0.009501624469963246	0.021769460840797082	0.06076137332093605	0.08431747161931763	0.03386541122774759	0.020227998625672306	11.875666446018318	10.427155327325456	0.05050159889353415	1.9516608678129026	0.5657730826774574	0.40111761422294945	0.02
/vol/bitbucket/osella/rl-qecc-data/supervisedLearning/sweep2/g5_mix_66_H10_s3000.pth	10	3000	24	mixed	[(6, 6)]	True	False	False	False	geometric5	4412297	15	3	2026-08-01	mixed_66	0.022257119563161308	0.05409311243920395	0.009106354664480098	0.028181668230411492	0.08440421597132594	0.11886366736881795	0.029909655960984435	0.020227998625672306	12.873171554547621	10.427155327325456	0.06623173552464706	3.998617267101751	0.3954699244268544	0.2724835223078936	0.04
/vol/bitbucket/osella/rl-qecc-data/supervisedLearning/sweep2/g5_mix_66_H10_s7134066.pth	10	7134066	24	mixed	[(6, 6)]	True	False	False	False	geometric5	4412297	15	3	2026-08-01	mixed_66	0.022257119563161308	0.08799509286002663	0.04233283292321697	0.09056977461807933	0.15641643751904527	0.12059470536432215	0.030061713875468805	0.020227998625672306	15.979908580517264	10.427155327325456	0.08242902873890487	8.760224928123147	0.26447369743264987	0.18295501754103244	0.0
/vol/bitbucket/osella/rl-qecc-data/supervisedLearning/sweep2/g5_mix_66_H3_s466555.pth	3	466555	24	mixed	[(6, 6)]	True	False	False	False	geometric5	4412297	15	3	2026-08-01	mixed_66	0.022257119563161308	0.05851035435598083	0.01960019544674048	0.0508123539416042	0.09577103601244862	0.09631768693628437	0.030050499442826634	0.020227998625672306	14.05533650298896	10.427155327325456	0.061290827981848824	7.8081431794364065	0.43112559401533956	0.30003967933360726	0.02
/vol/bitbucket/osella/rl-qecc-data/supervisedLearning/sweep2/g5_mix_66_H4_s12345.pth	4	12345	24	mixed	[(6, 6)]	True	False	False	False	geometric5	4412297	15	3	2026-08-01	mixed_66	0.022257119563161308	0.049142830205226966	0.01089248350573989	0.029363635355868292	0.07778794475007583	0.09764126953024553	0.030028817884205524	0.020227998625672306	13.285480887428077	10.427155327325456	0.058505509666081666	9.135365944828516	0.4204989392503425	0.2906180331610639	0.0
/vol/bitbucket/osella/rl-qecc-data/supervisedLearning/sweep2/g5_mix_66_H4_s54321.pth	4	54321	24	mixed	[(6, 6)]	True	False	False	False	geometric5	4412297	15	3	2026-08-01	mixed_66	0.022257119563161308	0.08340077728009078	0.06868143842929053	0.10269442470936439	0.11766628968425974	0.09792798501180715	0.03003374856573231	0.020227998625672306	15.713015858384374	10.427155327325456	0.06435433608667032	8.84844050389629	0.44670408930470784	0.3109696851566399	0.0
/vol/bitbucket/osella/rl-qecc-data/supervisedLearning/sweep2/g5_mix_66_H6_s3000.pth	6	3000	24	mixed	[(6, 6)]	True	False	False	False	geometric5	4412297	15	3	2026-08-01	mixed_66	0.022257119563161308	0.055635539963447674	0.010248180940871283	0.027502063919683552	0.07662957729041134	0.13366807371789752	0.030129803948375358	0.020227998625672306	12.76757388380034	10.427155327325456	0.06787935989561764	3.6152293640699456	0.510339188150876	0.3589998135313897	0.0
/vol/bitbucket/osella/rl-qecc-data/supervisedLearning/sweep2/g5_mix_66_H6_s7134066.pth	6	7134066	24	mixed	[(6, 6)]	True	False	False	False	geometric5	4412297	15	3	2026-08-01	mixed_66	0.022257119563161308	0.06082948135761432	0.013325651487855894	0.036138306046445766	0.09439269211856015	0.13023897421664735	0.03005178291856241	0.020227998625672306	13.271274061252896	10.427155327325456	0.0707116693938788	4.422683506054319	0.39111938293779897	0.27268203326288804	0.0
/vol/bitbucket/osella/rl-qecc-data/supervisedLearning/sweep2/g5_mix_66_H7_s466555.pth	7	466555	24	mixed	[(6, 6)]	True	False	False	False	geometric5	4412297	15	3	2026-08-01	mixed_66	0.022257119563161308	0.062130196069163215	0.005558785851944397	0.02130834142223672	0.09389960892032721	0.1590470350237565	0.03083720912755061	0.020227998625672306	14.059824357691415	10.427155327325456	0.08391055775594428	2.9258124838583663	0.4121510672625682	0.2837085939588273	0.0
/vol/bitbucket/osella/rl-qecc-data/supervisedLearning/sweep2/g5_ground_anch_H10_s12345.pth	10	12345	2	groundAnchored	[(6, 6), (9, 6), (12, 6), (15, 3)]	True	True	True	True	geometric5	1353227	12	6	2026-08-01	groundAnchored_66-96-126-153	0.01850424850243222	0.08331694349097507	0.003149057006419866	0.011215089965662912	0.06019188092372582	0.32005872162449783	0.021969967934568922	0.01488279008886767	11.20038757733967	7.378381754377372	0.15368730294722982	2.4654175710602235	0.5382304483116802	0.37903877906766253	0.04
/vol/bitbucket/osella/rl-qecc-data/supervisedLearning/sweep2/g5_ground_anch_H10_s54321.pth	10	54321	2	groundAnchored	[(6, 6), (9, 6), (12, 6), (15, 3)]	True	True	True	True	geometric5	1353227	12	6	2026-08-01	groundAnchored_66-96-126-153	0.01850424850243222	0.0756531214502547	0.003010457291102875	0.010138048660846057	0.05976355705167758	0.2854856155298896	0.019867928717757173	0.01488279008886767	10.701498763125944	7.378381754377372	0.1373759664146517	2.4525998984357433	0.6140552461640743	0.43835843224670223	0.04
/vol/bitbucket/osella/rl-qecc-data/supervisedLearning/sweep2/g5_ground_anch_H3_s3000.pth	3	3000	2	groundAnchored	[(6, 6), (9, 6), (12, 6), (15, 3)]	True	True	True	True	geometric5	1353227	12	6	2026-08-01	groundAnchored_66-96-126-153	0.01850424850243222	0.06596178748145133	0.00302727907147983	0.010449069398374054	0.05976851950985964	0.2365146878983694	0.020049381529173828	0.01488279008886767	10.167278219517717	7.378381754377372	0.1151186051563977	2.4300182007725604	0.5909995619641978	0.421367796462327	0.02
/vol/bitbucket/osella/rl-qecc-data/supervisedLearning/sweep2/g5_ground_anch_H3_s7134066.pth	3	7134066	2	groundAnchored	[(6, 6), (9, 6), (12, 6), (15, 3)]	True	True	True	True	geometric5	1353227	12	6	2026-08-01	groundAnchored_66-96-126-153	0.01850424850243222	0.08254681429456093	0.0030712996713374726	0.0109360069508584	0.0628780277629946	0.31991786501150005	0.01593087207611424	0.01488279008886767	11.454102359595307	7.378381754377372	0.14932844169983592	2.4380639227893313	0.6604319016599265	0.4776701266909529	0.02
/vol/bitbucket/osella/rl-qecc-data/supervisedLearning/sweep2/g5_ground_anch_H4_s466555.pth	4	466555	2	groundAnchored	[(6, 6), (9, 6), (12, 6), (15, 3)]	True	True	True	True	geometric5	1353227	12	6	2026-08-01	groundAnchored_66-96-126-153	0.01850424850243222	0.07577933469626238	0.007153582286739446	0.020657715691435836	0.06577962902189849	0.2684501487634872	0.016855597717751025	0.01488279008886767	10.683508542000746	7.378381754377372	0.12377330745692407	2.469121704061026	0.6248128691653865	0.4518848343298008	0.0
/vol/bitbucket/osella/rl-qecc-data/supervisedLearning/sweep2/g5_ground_anch_H6_s12345.pth	6	12345	2	groundAnchored	[(6, 6), (9, 6), (12, 6), (15, 3)]	True	True	True	True	geometric5	1353227	12	6	2026-08-01	groundAnchored_66-96-126-153	0.01850424850243222	0.06270448944326826	0.0028347477821182515	0.00983023971149815	0.05741280930318114	0.22617733977843738	0.017267310641106495	0.01488279008886767	10.103593592828828	7.378381754377372	0.1078333274837278	2.4337840841774216	0.6326669007347164	0.4543746202101686	0.0
/vol/bitbucket/osella/rl-qecc-data/supervisedLearning/sweep2/g5_ground_anch_H6_s54321.pth	6	54321	2	groundAnchored	[(6, 6), (9, 6), (12, 6), (15, 3)]	True	True	True	True	geometric5	1353227	12	6	2026-08-01	groundAnchored_66-96-126-153	0.01850424850243222	0.07387742588583336	0.0027939403470633884	0.010067645155909096	0.06218966690664084	0.27267742663520345	0.021658450384350075	0.01488279008886767	10.68028504607549	7.378381754377372	0.1335625740969086	2.4311631575548995	0.6269174036336599	0.4479627649668957	0.04
/vol/bitbucket/osella/rl-qecc-data/supervisedLearning/sweep2/g5_ground_anch_H7_s3000.pth	7	3000	2	groundAnchored	[(6, 6), (9, 6), (12, 6), (15, 3)]	True	True	True	True	geometric5	1353227	12	6	2026-08-01	groundAnchored_66-96-126-153	0.01850424850243222	0.05195652397752957	0.003239279318426759	0.01151567856053552	0.05405170700453416	0.17173960852495768	0.01923634647919352	0.01488279008886767	9.378338001725576	7.378381754377372	0.08295159495264219	2.4618595216317862	0.5790481592935256	0.4111662255597524	0.0
/vol/bitbucket/osella/rl-qecc-data/supervisedLearning/sweep2/g5_ground_anch_H7_s7134066.pth	7	7134066	2	groundAnchored	[(6, 6), (9, 6), (12, 6), (15, 3)]	True	True	True	True	geometric5	1353227	12	6	2026-08-01	groundAnchored_66-96-126-153	0.01850424850243222	0.06203883327623161	0.002966397279134977	0.0105420092319665	0.053867062267225034	0.2221892065014171	0.020629491101414276	0.01488279008886767	9.879964648735077	7.378381754377372	0.10730156008007145	2.4602826799981106	0.6086451554861417	0.43331476054636325	0.0
/vol/bitbucket/osella/rl-qecc-data/supervisedLearning/sweep2/g5_ground_pure_H10_s466555.pth	10	466555	2	groundPure	[(6, 6), (9, 6), (12, 6), (15, 3)]	True	True	True	True	geometric5	1353227	12	6	2026-08-01	groundPure_66-96-126-153	0.01850424850243222	0.06017507659002207	0.0031601160115710216	0.011425657666478881	0.056104794870373315	0.2142465443615221	0.01593827004016505	0.01488279008886767	9.945710419105541	7.378381754377372	0.09982969192759711	2.423107852603696	0.651625899282916	0.47148149014751856	0.04
/vol/bitbucket/osella/rl-qecc-data/supervisedLearning/sweep2/g5_ground_pure_H3_s12345.pth	3	12345	2	groundPure	[(6, 6), (9, 6), (12, 6), (15, 3)]	True	True	True	True	geometric5	1353227	12	6	2026-08-01	groundPure_66-96-126-153	0.01850424850243222	0.08210928022063639	0.0031260219151580666	0.010319026773048455	0.06204622837306347	0.31879012824395225	0.016264995797959786	0.01488279008886767	11.351096155013987	7.378381754377372	0.14911286440642996	2.4341849321838493	0.5526206924228384	0.38978326743468	0.04
/vol/bitbucket/osella/rl-qecc-data/supervisedLearning/sweep2/g5_ground_pure_H3_s54321.pth	3	54321	2	groundPure	[(6, 6), (9, 6), (12, 6), (15, 3)]	True	True	True	True	geometric5	1353227	12	6	2026-08-01	groundPure_66-96-126-153	0.01850424850243222	0.07986091160899228	0.002733117846451676	0.009775708802342287	0.0663179635202223	0.3033094376913334	0.017168330184611124	0.01488279008886767	11.443198016193916	7.378381754377372	0.14432410909471532	2.4219804387388697	0.6006818959710027	0.4303114224745855	0.02
/vol/bitbucket/osella/rl-qecc-data/supervisedLearning/sweep2/g5_ground_pure_H4_s3000.pth	4	3000	2	groundPure	[(6, 6), (9, 6), (12, 6), (15, 3)]	True	True	True	True	geometric5	1353227	12	6	2026-08-01	groundPure_66-96-126-153	0.01850424850243222	0.06508269537136632	0.0035951635944364204	0.011167673726047477	0.057600480089931835	0.2368167673342534	0.016233392112162057	0.01488279008886767	10.194792222563681	7.378381754377372	0.11137744609310848	2.4409076316013167	0.6710717610067403	0.48834477972779283	0.04
/vol/bitbucket/osella/rl-qecc-data/supervisedLearning/sweep2/g5_ground_pure_H4_s7134066.pth	4	7134066	2	groundPure	[(6, 6), (9, 6), (12, 6), (15, 3)]	True	True	True	True	geometric5	1353227	12	6	2026-08-01	groundPure_66-96-126-153	0.01850424850243222	0.06774708724208661	0.002929643024517817	0.009982135504170878	0.061243109695517044	0.24534597436721894	0.01923457361900865	0.01488279008886767	10.361159698354841	7.378381754377372	0.11903871350006681	2.472044271626282	0.545070727531724	0.382618058115133	0.06
/vol/bitbucket/osella/rl-qecc-data/supervisedLearning/sweep2/g5_ground_pure_H6_s466555.pth	6	466555	2	groundPure	[(6, 6), (9, 6), (12, 6), (15, 3)]	True	True	True	True	geometric5	1353227	12	6	2026-08-01	groundPure_66-96-126-153	0.01850424850243222	0.05865678596049424	0.002810302077266361	0.00975220388505081	0.06062070191087435	0.20462804196867074	0.015472679960608774	0.01488279008886767	10.141749577244557	7.378381754377372	0.09717820570934638	2.4487149779111013	0.6123343069744523	0.436787756832674	0.06
/vol/bitbucket/osella/rl-qecc-data/supervisedLearning/sweep2/g5_ground_pure_H7_s12345.pth	7	12345	2	groundPure	[(6, 6), (9, 6), (12, 6), (15, 3)]	True	True	True	True	geometric5	1353227	12	6	2026-08-01	groundPure_66-96-126-153	0.01850424850243222	0.062095898144418196	0.0034381060916125424	0.01111826113520988	0.05268953248300103	0.22761098057284068	0.01562261043942721	0.01488279008886767	9.984561760834785	7.378381754377372	0.10504450666707285	2.421530526505276	0.687342068801907	0.502589343154276	0.0
/vol/bitbucket/osella/rl-qecc-data/supervisedLearning/sweep2/g5_ground_pure_H7_s54321.pth	7	54321	2	groundPure	[(6, 6), (9, 6), (12, 6), (15, 3)]	True	True	True	True	geometric5	1353227	12	6	2026-08-01	groundPure_66-96-126-153	0.01850424850243222	0.06813012912817933	0.0026313772103383273	0.009271372705916396	0.06752805212747498	0.2428163522741088	0.018403491323058012	0.01488279008886767	10.810943346569813	7.378381754377372	0.1191018778732937	2.4129313432776023	0.532547751221355	0.37577018644370475	0.0
/vol/bitbucket/osella/rl-qecc-data/supervisedLearning/sweep2/g5_mix_66-96-126-153_H10_s3000.pth	10	3000	6	mixed	[(6, 6), (9, 6), (12, 6), (15, 3)]	True	True	True	True	geometric5	1353227	12	6	2026-08-01	mixed_66-96-126-153	0.01850424850243222	0.024468971670709008	0.0033489848328809727	0.009164870532471647	0.035537626170735075	0.055283537928600704	0.019009838888856583	0.01488279008886767	8.112460996993923	7.378381754377372	0.032014382087447016	2.4028686108730644	0.756588542159898	0.5689875797611466	0.12
/vol/bitbucket/osella/rl-qecc-data/supervisedLearning/sweep2/g5_mix_66-96-126-153_H10_s7134066.pth	10	7134066	6	mixed	[(6, 6), (9, 6), (12, 6), (15, 3)]	True	True	True	True	geometric5	1353227	12	6	2026-08-01	mixed_66-96-126-153	0.01850424850243222	0.023772916415977136	0.0034830677153832915	0.0097626277527327	0.03764242395180575	0.05325338552028204	0.014723077139681833	0.01488279008886767	8.039694672515685	7.378381754377372	0.029675583520379054	2.1905976697783416	0.7934073655353506	0.604300587757746	0.16
/vol/bitbucket/osella/rl-qecc-data/supervisedLearning/sweep2/g5_mix_66-96-126-153_H3_s466555.pth	3	466555	6	mixed	[(6, 6), (9, 6), (12, 6), (15, 3)]	True	True	True	True	geometric5	1353227	12	6	2026-08-01	mixed_66-96-126-153	0.01850424850243222	0.025301143289823753	0.003502848334625906	0.00950069645447498	0.03795817587110015	0.05686806676313538	0.018675929025782363	0.01488279008886767	8.146597058829366	7.378381754377372	0.032678363340564474	2.446817213926563	0.7399309192766679	0.5529151763964456	0.04
/vol/bitbucket/osella/rl-qecc-data/supervisedLearning/sweep2/g5_mix_66-96-126-153_H4_s12345.pth	4	12345	6	mixed	[(6, 6), (9, 6), (12, 6), (15, 3)]	True	True	True	True	geometric5	1353227	12	6	2026-08-01	mixed_66-96-126-153	0.01850424850243222	0.02387139421513215	0.003205543565608534	0.008694558657065367	0.0349893099060256	0.054340942932126796	0.018126616014834535	0.01488279008886767	8.080730563056639	7.378381754377372	0.031113148554103135	2.408665107263685	0.7668834096779729	0.5771411247528149	0.06
/vol/bitbucket/osella/rl-qecc-data/supervisedLearning/sweep2/g5_mix_66-96-126-153_H4_s54321.pth	4	54321	6	mixed	[(6, 6), (9, 6), (12, 6), (15, 3)]	True	True	True	True	geometric5	1353227	12	6	2026-08-01	mixed_66-96-126-153	0.01850424850243222	0.02524137764764903	0.0033742991494054024	0.009483742991701079	0.03801870801988468	0.05657873103880779	0.018751407038446032	0.01488279008886767	8.133933153529382	7.378381754377372	0.03251238013954688	2.4232741815470176	0.744129523075166	0.5562118311351127	0.08
/vol/bitbucket/osella/rl-qecc-data/supervisedLearning/sweep2/g5_mix_66-96-126-153_H6_s3000.pth	6	3000	6	mixed	[(6, 6), (9, 6), (12, 6), (15, 3)]	True	True	True	True	geometric5	1353227	12	6	2026-08-01	mixed_66-96-126-153	0.01850424850243222	0.02354559673148255	0.0032036972364549226	0.008685361980933589	0.03455394937530434	0.053789232697406354	0.017495742367313404	0.01488279008886767	8.051691975189566	7.378381754377372	0.030543650985929222	2.253301824577047	0.7810141126825332	0.5929364515074813	0.12
/vol/bitbucket/osella/rl-qecc-data/supervisedLearning/sweep2/g5_mix_66-96-126-153_H6_s7134066.pth	6	7134066	6	mixed	[(6, 6), (9, 6), (12, 6), (15, 3)]	True	True	True	True	geometric5	1353227	12	6	2026-08-01	mixed_66-96-126-153	0.01850424850243222	0.024587947163903907	0.0032782633571452244	0.009300161982815228	0.037238791184881624	0.055148872843303325	0.017973646451374062	0.01488279008886767	8.09405396027982	7.378381754377372	0.03142307754174081	2.2670289726877186	0.7655555992409369	0.5762087722010427	0.2
/vol/bitbucket/osella/rl-qecc-data/supervisedLearning/sweep2/g5_mix_66-96-126-153_H7_s466555.pth	7	466555	6	mixed	[(6, 6), (9, 6), (12, 6), (15, 3)]	True	True	True	True	geometric5	1353227	12	6	2026-08-01	mixed_66-96-126-153	0.01850424850243222	0.023858821845762206	0.0030027740041345236	0.00830660529123941	0.03456570696118592	0.05471406448412011	0.018704958488131116	0.01488279008886767	8.084180058167565	7.378381754377372	0.031478388106650074	2.386331692343771	0.7608812057649349	0.5729474716140028	0.04
/vol/bitbucket/osella/rl-qecc-data/supervisedLearning/sweep2/g5_mix_66-96-126_H10_s12345.pth	10	12345	8	mixed	[(6, 6), (9, 6), (12, 6)]	True	True	True	False	geometric5	1353227	12	6	2026-08-01	mixed_66-96-126	0.01850424850243222	0.023403961626535803	0.0037210122356330175	0.010003591351606243	0.03569415512068693	0.05201083599842898	0.015590213426323891	0.01488279008886767	8.019131275675376	7.378381754377372	0.02922879753538105	2.133173944237211	0.7970871584514193	0.6082943982165667	0.16
/vol/bitbucket/osella/rl-qecc-data/supervisedLearning/sweep2/g5_mix_66-96-126_H10_s54321.pth	10	54321	8	mixed	[(6, 6), (9, 6), (12, 6)]	True	True	True	False	geometric5	1353227	12	6	2026-08-01	mixed_66-96-126	0.01850424850243222	0.022857397266474205	0.0032151084656043766	0.008975480022078909	0.03583198384436658	0.051756535665033604	0.014507878335287501	0.01488279008886767	8.009948454941648	7.378381754377372	0.028794415527284442	2.2512649173019152	0.8059036047349797	0.6178585204864546	0.06
/vol/bitbucket/osella/rl-qecc-data/supervisedLearning/sweep2/g5_mix_66-96-126_H3_s3000.pth	3	3000	8	mixed	[(6, 6), (9, 6), (12, 6)]	True	True	True	False	geometric5	1353227	12	6	2026-08-01	mixed_66-96-126	0.01850424850243222	0.0247643985959765	0.0038442541107440143	0.009824195414101714	0.03620924831468946	0.055656301540845665	0.018287993599501604	0.01488279008886767	8.112776733057995	7.378381754377372	0.031747090745967876	2.5082715413509633	0.7566491461729924	0.5684359359772226	0.08
/vol/bitbucket/osella/rl-qecc-data/supervisedLearning/sweep2/g5_mix_66-96-126_H3_s7134066.pth	3	7134066	8	mixed	[(6, 6), (9, 6), (12, 6)]	True	True	True	False	geometric5	1353227	12	6	2026-08-01	mixed_66-96-126	0.01850424850243222	0.023830906500154268	0.0029917243069697993	0.008278498899021583	0.0343206299498963	0.05461897263903723	0.01894470670584635	0.01488279008886767	8.071451328465553	7.378381754377372	0.03136873464822429	2.330136898604789	0.7663154089964423	0.5769879018919281	0.12
/vol/bitbucket/osella/rl-qecc-data/supervisedLearning/sweep2/g5_mix_66-96-126_H4_s466555.pth	4	466555	8	mixed	[(6, 6), (9, 6), (12, 6)]	True	True	True	False	geometric5	1353227	12	6	2026-08-01	mixed_66-96-126	0.01850424850243222	0.02451379002127813	0.0033945525100578947	0.009243879374038734	0.035780444290035573	0.055312418586695174	0.01883765534556331	0.01488279008886767	8.096205930343373	7.378381754377372	0.03139901873443909	2.3926131627940763	0.761050252172305	0.5731143472291989	0.08
/vol/bitbucket/osella/rl-qecc-data/supervisedLearning/sweep2/g5_mix_66-96-126_H6_s12345.pth	6	12345	8	mixed	[(6, 6), (9, 6), (12, 6)]	True	True	True	False	geometric5	1353227	12	6	2026-08-01	mixed_66-96-126	0.01850424850243222	0.025370659987875556	0.0039981715593807015	0.010544799225543494	0.037969073059724454	0.05548492970565562	0.01885632638907347	0.01488279008886767	8.110808378497152	7.378381754377372	0.03191213552086762	2.3785558329660303	0.7541421008569853	0.5661481422710559	0.06
/vol/bitbucket/osella/rl-qecc-data/supervisedLearning/sweep2/g5_mix_66-96-126_H6_s54321.pth	6	54321	8	mixed	[(6, 6), (9, 6), (12, 6)]	True	True	True	False	geometric5	1353227	12	6	2026-08-01	mixed_66-96-126	0.01850424850243222	0.02316227191439627	0.003261088925407094	0.009020530690466409	0.03667593657892071	0.05266138039612143	0.014192422981065702	0.01488279008886767	8.02100818842723	7.378381754377372	0.029176793684415548	2.145658827236171	0.7992852048042166	0.6102839834353729	0.06
/vol/bitbucket/osella/rl-qecc-data/supervisedLearning/sweep2/g5_mix_66-96-126_H7_s3000.pth	7	3000	8	mixed	[(6, 6), (9, 6), (12, 6)]	True	True	True	False	geometric5	1353227	12	6	2026-08-01	mixed_66-96-126	0.01850424850243222	0.024964441012286263	0.0038402204941638688	0.009870881456251123	0.03665879839042158	0.05596292402330886	0.01848938069728582	0.01488279008886767	8.11638834747622	7.378381754377372	0.03177090716776992	2.4972787138139325	0.7573590117727278	0.5701634418991343	0.16
/vol/bitbucket/osella/rl-qecc-data/supervisedLearning/sweep2/g5_mix_66-96-126_H7_s7134066.pth	7	7134066	8	mixed	[(6, 6), (9, 6), (12, 6)]	True	True	True	False	geometric5	1353227	12	6	2026-08-01	mixed_66-96-126	0.01850424850243222	0.022804095485260835	0.0033124728302059885	0.008934472698046104	0.034756725867159534	0.05242635929688731	0.014590446734005056	0.01488279008886767	8.006552701096338	7.378381754377372	0.029023513198473985	2.2134793628510714	0.8095911279582478	0.6217127566271381	0.06
/vol/bitbucket/osella/rl-qecc-data/supervisedLearning/sweep2/g5_mix_66-96_H10_s466555.pth	10	466555	12	mixed	[(6, 6), (9, 6)]	True	True	False	False	geometric5	1353227	12	6	2026-08-01	mixed_66-96	0.01850424850243222	0.045275406651183715	0.002921836372515433	0.009206550807161025	0.04538131313026313	0.14608768893503754	0.022779644010941385	0.01488279008886767	8.969492055183027	7.378381754377372	0.07465812016999725	2.669757233314398	0.6991440483434265	0.51241045925319	0.02
/vol/bitbucket/osella/rl-qecc-data/supervisedLearning/sweep2/g5_mix_66-96_H3_s12345.pth	3	12345	12	mixed	[(6, 6), (9, 6)]	True	True	False	False	geometric5	1353227	12	6	2026-08-01	mixed_66-96	0.01850424850243222	0.04462904825450101	0.00271832043592473	0.008605627729814951	0.04401666508280019	0.13866907662619948	0.029135551397765653	0.01488279008886767	8.994502367292661	7.378381754377372	0.0749804939771582	2.767264260882853	0.7135776281477257	0.5261729105748605	0.06
/vol/bitbucket/osella/rl-qecc-data/supervisedLearning/sweep2/g5_mix_66-96_H3_s54321.pth	3	54321	12	mixed	[(6, 6), (9, 6)]	True	True	False	False	geometric5	1353227	12	6	2026-08-01	mixed_66-96	0.01850424850243222	0.03877371297846527	0.002911129323666313	0.008697585164462505	0.04511245500305716	0.1120733383269302	0.02507405707421056	0.01488279008886767	8.767706609170775	7.378381754377372	0.06161657111315658	2.653512079857926	0.7230537480718033	0.5334115609440209	0.06
/vol/bitbucket/osella/rl-qecc-data/supervisedLearning/sweep2/g5_mix_66-96_H4_s3000.pth	4	3000	12	mixed	[(6, 6), (9, 6)]	True	True	False	False	geometric5	1353227	12	6	2026-08-01	mixed_66-96	0.01850424850243222	0.04019893881525641	0.002798454679959254	0.008668452397324857	0.04447465397794022	0.11674616053060076	0.028306972490456526	0.01488279008886767	8.84995931885278	7.378381754377372	0.06515949184489526	2.5980705697748347	0.7248110394733329	0.5355459573953426	0.04
/vol/bitbucket/osella/rl-qecc-data/supervisedLearning/sweep2/g5_mix_66-96_H4_s7134066.pth	4	7134066	12	mixed	[(6, 6), (9, 6)]	True	True	False	False	geometric5	1353227	12	6	2026-08-01	mixed_66-96	0.01850424850243222	0.04002225689857255	0.0029284183803296266	0.009032727077475308	0.04739661505499913	0.11470556304644702	0.026047960933612106	0.01488279008886767	8.824534281182169	7.378381754377372	0.0634418063354099	2.689805610249739	0.6834563909515924	0.4980184265109686	0.02
/vol/bitbucket/osella/rl-qecc-data/supervisedLearning/sweep2/g5_mix_66-96_H6_s466555.pth	6	466555	12	mixed	[(6, 6), (9, 6)]	True	True	False	False	geometric5	1353227	12	6	2026-08-01	mixed_66-96	0.01850424850243222	0.04651497265756889	0.002818968793731928	0.009020004898416633	0.04810404814972759	0.14494408384524782	0.027687757600720543	0.01488279008886767	9.099733515403488	7.378381754377372	0.0776426992987065	2.7897618854128243	0.6937682148502657	0.5082583848793236	0.06
/vol/bitbucket/osella/rl-qecc-data/supervisedLearning/sweep2/g5_mix_66-96_H7_s12345.pth	7	12345	12	mixed	[(6, 6), (9, 6)]	True	True	False	False	geometric5	1353227	12	6	2026-08-01	mixed_66-96	0.01850424850243222	0.042340661981776224	0.0033034119475900867	0.009850193555521318	0.04406426825811477	0.1294013399147028	0.025084096232952238	0.01488279008886767	8.815740604662379	7.378381754377372	0.06812248052077732	2.689180445968112	0.6948119177863906	0.5084956965734168	0.12
/vol/bitbucket/osella/rl-qecc-data/supervisedLearning/sweep2/g5_mix_66-96_H7_s54321.pth	7	54321	12	mixed	[(6, 6), (9, 6)]	True	True	False	False	geometric5	1353227	12	6	2026-08-01	mixed_66-96	0.01850424850243222	0.04378899287303999	0.0028926464643773946	0.008927300624658093	0.0472755352565931	0.1359829913156113	0.023866490703960186	0.01488279008886767	8.945536270822807	7.378381754377372	0.07147224629820213	2.7012962766781423	0.6895087484383697	0.5047276773690782	0.02
/vol/bitbucket/osella/rl-qecc-data/supervisedLearning/sweep2/g5_mix_66_H10_s3000.pth	10	3000	24	mixed	[(6, 6)]	True	False	False	False	geometric5	1353227	12	6	2026-08-01	mixed_66	0.01850424850243222	0.06468668719128143	0.003425860866092819	0.01124445399543452	0.05573058701347217	0.23233168150976258	0.02070085257164545	0.01488279008886767	10.060412016936043	7.378381754377372	0.11229228328759532	2.6413444010180096	0.6235286654407762	0.4488395397580737	0.02
/vol/bitbucket/osella/rl-qecc-data/supervisedLearning/sweep2/g5_mix_66_H10_s7134066.pth	10	7134066	24	mixed	[(6, 6)]	True	False	False	False	geometric5	1353227	12	6	2026-08-01	mixed_66	0.01850424850243222	0.07247705942544451	0.005192836259167411	0.015393464362048212	0.06365197462635318	0.25704352375368833	0.021103498125965278	0.01488279008886767	10.424725003133641	7.378381754377372	0.12455201834277266	2.613965887363006	0.5514176421774678	0.39411034547482887	0.02
/vol/bitbucket/osella/rl-qecc-data/supervisedLearning/sweep2/g5_mix_66_H3_s466555.pth	3	466555	24	mixed	[(6, 6)]	True	False	False	False	geometric5	1353227	12	6	2026-08-01	mixed_66	0.01850424850243222	0.06518139794982197	0.004582343244651099	0.013983578700798542	0.05629574507781373	0.23119300010723287	0.01985232261861308	0.01488279008886767	10.054770250139585	7.378381754377372	0.11056226985381098	2.658361671732437	0.5801905698347872	0.41428663081149286	0.02
/vol/bitbucket/osella/rl-qecc-data/supervisedLearning/sweep2/g5_mix_66_H4_s12345.pth	4	12345	24	mixed	[(6, 6)]	True	False	False	False	geometric5	1353227	12	6	2026-08-01	mixed_66	0.01850424850243222	0.07700121517094653	0.003453319422170048	0.01100839919328163	0.05742620690750303	0.29368931461295045	0.019428835718827298	0.01488279008886767	10.800739368416236	7.378381754377372	0.13956682771512754	2.5828548397544613	0.617797052402992	0.4427312453181152	0.0
/vol/bitbucket/osella/rl-qecc-data/supervisedLearning/sweep2/g5_mix_66_H4_s54321.pth	4	54321	24	mixed	[(6, 6)]	True	False	False	False	geometric5	1353227	12	6	2026-08-01	mixed_66	0.01850424850243222	0.06978808738878135	0.004307104273898626	0.012839499386648056	0.05672856912736365	0.257621771903789	0.01744349225220765	0.01488279008886767	10.339727452055184	7.378381754377372	0.12114243253105937	2.818735433698406	0.6296001756880424	0.4554313948479942	0.04
/vol/bitbucket/osella/rl-qecc-data/supervisedLearning/sweep2/g5_mix_66_H6_s3000.pth	6	3000	24	mixed	[(6, 6)]	True	False	False	False	geometric5	1353227	12	6	2026-08-01	mixed_66	0.01850424850243222	0.06857846043619432	0.0035114688294745444	0.011567503464023103	0.052061426601801894	0.2557352230687184	0.0200166802169535	0.01488279008886767	10.202581049172336	7.378381754377372	0.12100922430834365	2.6379282214915087	0.6195542831374993	0.4453471008609203	0.0
/vol/bitbucket/osella/rl-qecc-data/supervisedLearning/sweep2/g5_mix_66_H6_s7134066.pth	6	7134066	24	mixed	[(6, 6)]	True	False	False	False	geometric5	1353227	12	6	2026-08-01	mixed_66	0.01850424850243222	0.07665300417187162	0.003391593064491488	0.010988329957039765	0.061005453002128986	0.2881067462404887	0.019772898595208456	0.01488279008886767	10.852376508046325	7.378381754377372	0.13792285674412394	2.6591609623340284	0.5949085287119942	0.42687741377751776	0.0
/vol/bitbucket/osella/rl-qecc-data/supervisedLearning/sweep2/g5_mix_66_H7_s466555.pth	7	466555	24	mixed	[(6, 6)]	True	False	False	False	geometric5	1353227	12	6	2026-08-01	mixed_66	0.01850424850243222	0.07500773766983941	0.003010912515207494	0.010362729096333909	0.059856829339720224	0.2832101099540881	0.018598107443847225	0.01488279008886767	10.875851035737096	7.378381754377372	0.1348295528615848	2.9828706012209603	0.5928801075926343	0.42361074862435855	0.02
/vol/bitbucket/osella/rl-qecc-data/supervisedLearning/sweep2/g5_ground_anch_H10_s12345.pth	10	12345	2	groundAnchored	[(6, 6), (9, 6), (12, 6), (15, 3)]	True	True	True	True	geometric5	10148123	3	27	2026-08-01	groundAnchored_66-96-126-153	0.015023945469023817	0.15126735142006414	0.018891923567392718	0.05980291057042699	0.2832305722338291	0.36191205346584576	0.03249929726282558	0.0219898349070157	22.09970471543809	11.218728447201691	0.20451534901282026	2.878548130798149	0.3571730121020615	0.24586165668614354	0.0
/vol/bitbucket/osella/rl-qecc-data/supervisedLearning/sweep2/g5_ground_anch_H10_s54321.pth	10	54321	2	groundAnchored	[(6, 6), (9, 6), (12, 6), (15, 3)]	True	True	True	True	geometric5	10148123	3	27	2026-08-01	groundAnchored_66-96-126-153	0.015023945469023817	0.13215753167945143	0.019906601219990994	0.05686344676434793	0.26387697360486223	0.28705363143211277	0.03308700537594282	0.0219898349070157	19.853777570757575	11.218728447201691	0.16203817256569564	1.6196556298411902	0.22094933092537633	0.1507852699971554	0.0
/vol/bitbucket/osella/rl-qecc-data/supervisedLearning/sweep2/g5_ground_anch_H3_s3000.pth	3	3000	2	groundAnchored	[(6, 6), (9, 6), (12, 6), (15, 3)]	True	True	True	True	geometric5	10148123	3	27	2026-08-01	groundAnchored_66-96-126-153	0.015023945469023817	0.1719376243701342	0.0640878906459055	0.12454398151482622	0.2637193662051874	0.37474208288091676	0.03259480060383403	0.0219898349070157	23.611542097924897	11.218728447201691	0.20079611703743308	5.718491931843091	0.08241807669112823	0.05406012906218506	0.0
/vol/bitbucket/osella/rl-qecc-data/supervisedLearning/sweep2/g5_ground_anch_H3_s7134066.pth	3	7134066	2	groundAnchored	[(6, 6), (9, 6), (12, 6), (15, 3)]	True	True	True	True	geometric5	10148123	3	27	2026-08-01	groundAnchored_66-96-126-153	0.015023945469023817	0.09660965610169243	0.04482708186128399	0.09656793069790198	0.16014986944205936	0.14845553968931532	0.033047858817901045	0.0219898349070157	15.729034828412649	11.218728447201691	0.0811895362208673	4.800483653855682	0.3427675237551175	0.235962931127174	0.0
/vol/bitbucket/osella/rl-qecc-data/supervisedLearning/sweep2/g5_ground_anch_H4_s466555.pth	4	466555	2	groundAnchored	[(6, 6), (9, 6), (12, 6), (15, 3)]	True	True	True	True	geometric5	10148123	3	27	2026-08-01	groundAnchored_66-96-126-153	0.015023945469023817	0.12202799522512801	0.0689582227802166	0.16682324539740015	0.24963619584201988	0.09112302934331543	0.03359928276268909	0.0219898349070157	18.668854869564477	11.218728447201691	0.0795668351665429	17.146311487286347	0.2246762619644924	0.15129635958703655	0.0
/vol/bitbucket/osella/rl-qecc-data/supervisedLearning/sweep2/g5_ground_anch_H6_s12345.pth	6	12345	2	groundAnchored	[(6, 6), (9, 6), (12, 6), (15, 3)]	True	True	True	True	geometric5	10148123	3	27	2026-08-01	groundAnchored_66-96-126-153	0.015023945469023817	0.14057625185357653	0.019942245742322083	0.05656582791484083	0.24366895791887422	0.34994481963490964	0.032759408056935155	0.0219898349070157	20.0670026601463	11.218728447201691	0.1854824128766206	2.63946951165121	0.4198090302036912	0.29088246876883184	0.0
/vol/bitbucket/osella/rl-qecc-data/supervisedLearning/sweep2/g5_ground_anch_H6_s54321.pth	6	54321	2	groundAnchored	[(6, 6), (9, 6), (12, 6), (15, 3)]	True	True	True	True	geometric5	10148123	3	27	2026-08-01	groundAnchored_66-96-126-153	0.015023945469023817	0.2008491856040273	0.01805056402119446	0.06296608360443608	0.3279450588961723	0.5612919362712359	0.033992285227098	0.0219898349070157	32.32969649193676	11.218728447201691	0.30164789047905977	1.8290257520515496	0.3027271343899405	0.20529328912956485	0.0
/vol/bitbucket/osella/rl-qecc-data/supervisedLearning/sweep2/g5_ground_anch_H7_s3000.pth	7	3000	2	groundAnchored	[(6, 6), (9, 6), (12, 6), (15, 3)]	True	True	True	True	geometric5	10148123	3	27	2026-08-01	groundAnchored_66-96-126-153	0.015023945469023817	0.09018604299036613	0.02940052838047384	0.07175758638766362	0.16733983889515727	0.14875634358239503	0.03367591770613966	0.0219898349070157	15.993196778096802	11.218728447201691	0.0815741617490999	5.910915123368129	0.35082437865660765	0.24254537447580665	0.02
/vol/bitbucket/osella/rl-qecc-data/supervisedLearning/sweep2/g5_ground_anch_H7_s7134066.pth	7	7134066	2	groundAnchored	[(6, 6), (9, 6), (12, 6), (15, 3)]	True	True	True	True	geometric5	10148123	3	27	2026-08-01	groundAnchored_66-96-126-153	0.015023945469023817	0.13711043083405733	0.020623139914217426	0.05772276374803285	0.25284032852984284	0.3212158959259785	0.03315002605221386	0.0219898349070157	20.0950591794372	11.218728447201691	0.17379834024039312	4.533398839517001	0.3532906476744114	0.24198594898176373	0.0
/vol/bitbucket/osella/rl-qecc-data/supervisedLearning/sweep2/g5_ground_pure_H10_s466555.pth	10	466555	2	groundPure	[(6, 6), (9, 6), (12, 6), (15, 3)]	True	True	True	True	geometric5	10148123	3	27	2026-08-01	groundPure_66-96-126-153	0.015023945469023817	0.1187172339226191	0.018813990414182292	0.05600580053613147	0.23586413468436473	0.25103495534634135	0.03186728863207666	0.0219898349070157	18.25935023221566	11.218728447201691	0.14329474400838452	2.944233595719525	0.36832089034455484	0.2530161021132825	0.0
/vol/bitbucket/osella/rl-qecc-data/supervisedLearning/sweep2/g5_ground_pure_H3_s12345.pth	3	12345	2	groundPure	[(6, 6), (9, 6), (12, 6), (15, 3)]	True	True	True	True	geometric5	10148123	3	27	2026-08-01	groundPure_66-96-126-153	0.015023945469023817	0.13023712900063514	0.04663011135310268	0.12460051948268534	0.23687408559438963	0.20979795086703312	0.033282977705965534	0.0219898349070157	18.790818035263037	11.218728447201691	0.12322929966788831	6.401192761784684	0.2091602762105654	0.1409953732088779	0.0
/vol/bitbucket/osella/rl-qecc-data/supervisedLearning/sweep2/g5_ground_pure_H3_s54321.pth	3	54321	2	groundPure	[(6, 6), (9, 6), (12, 6), (15, 3)]	True	True	True	True	geometric5	10148123	3	27	2026-08-01	groundPure_66-96-126-153	0.015023945469023817	0.14036323270103732	0.02473108766579177	0.06971877164296825	0.238183344839589	0.33571638015013916	0.03346657920669712	0.0219898349070157	20.999664753561525	11.218728447201691	0.18158806840525038	2.8103114478866265	0.26451263091375204	0.18041530458777566	0.0
/vol/bitbucket/osella/rl-qecc-data/supervisedLearning/sweep2/g5_ground_pure_H4_s3000.pth	4	3000	2	groundPure	[(6, 6), (9, 6), (12, 6), (15, 3)]	True	True	True	True	geometric5	10148123	3	27	2026-08-01	groundPure_66-96-126-153	0.015023945469023817	0.1078122031196093	0.055628386452741194	0.12893496606031812	0.1942303297358468	0.12680268059592673	0.03346465275321311	0.0219898349070157	18.03104540752757	11.218728447201691	0.07551033406358755	13.23099114458492	0.2812954404882349	0.19281373374391958	0.0
/vol/bitbucket/osella/rl-qecc-data/supervisedLearning/sweep2/g5_ground_pure_H4_s7134066.pth	4	7134066	2	groundPure	[(6, 6), (9, 6), (12, 6), (15, 3)]	True	True	True	True	geometric5	10148123	3	27	2026-08-01	groundPure_66-96-126-153	0.015023945469023817	0.13116171902124993	0.09897069615246086	0.2142663334373908	0.21292265801392296	0.09612236530896853	0.03352654219350643	0.0219898349070157	18.49525209693925	11.218728447201691	0.0696682563106385	16.499430625408912	0.33040389052386965	0.22575542966168385	0.0
/vol/bitbucket/osella/rl-qecc-data/supervisedLearning/sweep2/g5_ground_pure_H6_s466555.pth	6	466555	2	groundPure	[(6, 6), (9, 6), (12, 6), (15, 3)]	True	True	True	True	geometric5	10148123	3	27	2026-08-01	groundPure_66-96-126-153	0.015023945469023817	0.1409525826357075	0.021676514756958476	0.06607428282675998	0.2706810665299754	0.31354061440890185	0.03279043465594201	0.0219898349070157	21.535497021165995	11.218728447201691	0.17503407901899792	3.3355817284385596	-0.004735046236311805	-0.002486142083282865	0.0
/vol/bitbucket/osella/rl-qecc-data/supervisedLearning/sweep2/g5_ground_pure_H7_s12345.pth	7	12345	2	groundPure	[(6, 6), (9, 6), (12, 6), (15, 3)]	True	True	True	True	geometric5	10148123	3	27	2026-08-01	groundPure_66-96-126-153	0.015023945469023817	0.10331668831098402	0.028408884939323215	0.05933484338649442	0.20967432412615214	0.18555154368629828	0.03361384541665145	0.0219898349070157	18.513700001651305	11.218728447201691	0.10478921162587983	6.562967297970644	0.4121500663559974	0.2891599364624793	0.0
/vol/bitbucket/osella/rl-qecc-data/supervisedLearning/sweep2/g5_ground_pure_H7_s54321.pth	7	54321	2	groundPure	[(6, 6), (9, 6), (12, 6), (15, 3)]	True	True	True	True	geometric5	10148123	3	27	2026-08-01	groundPure_66-96-126-153	0.015023945469023817	0.16428701839024873	0.018422984085603698	0.06169869545338499	0.29803016284396233	0.41046134907726206	0.03282190049102919	0.0219898349070157	24.36691614969206	11.218728447201691	0.22439805225045178	2.34559419644408	0.1500242204404025	0.10052656294374604	0.0
/vol/bitbucket/osella/rl-qecc-data/supervisedLearning/sweep2/g5_mix_66-96-126-153_H10_s3000.pth	10	3000	6	mixed	[(6, 6), (9, 6), (12, 6), (15, 3)]	True	True	True	True	geometric5	10148123	3	27	2026-08-01	mixed_66-96-126-153	0.015023945469023817	0.1065639197995434	0.019325894136833333	0.0541915578271464	0.246602563987325	0.180908205275247	0.031791377771165405	0.0219898349070157	18.25235565864028	11.218728447201691	0.11327651801815766	3.3295798304798905	0.5019157270738233	0.35311438297252706	0.0
/vol/bitbucket/osella/rl-qecc-data/supervisedLearning/sweep2/g5_mix_66-96-126-153_H10_s7134066.pth	10	7134066	6	mixed	[(6, 6), (9, 6), (12, 6), (15, 3)]	True	True	True	True	geometric5	10148123	3	27	2026-08-01	mixed_66-96-126-153	0.015023945469023817	0.10226488454635284	0.07011646280931066	0.15976033714345772	0.17545447006194254	0.07272027820883697	0.033272874508217185	0.0219898349070157	15.978910136298113	11.218728447201691	0.04968015423898508	9.10648710123136	0.32992286361974155	0.22679517464655818	0.0
/vol/bitbucket/osella/rl-qecc-data/supervisedLearning/sweep2/g5_mix_66-96-126-153_H3_s466555.pth	3	466555	6	mixed	[(6, 6), (9, 6), (12, 6), (15, 3)]	True	True	True	True	geometric5	10148123	3	27	2026-08-01	mixed_66-96-126-153	0.015023945469023817	0.12631929608333342	0.024692553809609677	0.06807585847372924	0.22547018330630217	0.28090732524054435	0.03245055958648382	0.0219898349070157	18.176015595688437	11.218728447201691	0.15167853744774998	3.5782255045744993	0.3687899774259071	0.25654256998738445	0.0
/vol/bitbucket/osella/rl-qecc-data/supervisedLearning/sweep2/g5_mix_66-96-126-153_H4_s12345.pth	4	12345	6	mixed	[(6, 6), (9, 6), (12, 6), (15, 3)]	True	True	True	True	geometric5	10148123	3	27	2026-08-01	mixed_66-96-126-153	0.015023945469023817	0.14187910540008472	0.019096612358252163	0.05873586771619303	0.2565108294855485	0.34167068853999005	0.03338152890043687	0.0219898349070157	21.79546373149516	11.218728447201691	0.18300427100654743	2.926803267470316	0.2878181523057127	0.1949110784679627	0.0
/vol/bitbucket/osella/rl-qecc-data/supervisedLearning/sweep2/g5_mix_66-96-126-153_H4_s54321.pth	4	54321	6	mixed	[(6, 6), (9, 6), (12, 6), (15, 3)]	True	True	True	True	geometric5	10148123	3	27	2026-08-01	mixed_66-96-126-153	0.015023945469023817	0.09228730986957535	0.053529926572344975	0.11999377292163405	0.18152890849386377	0.07298960332576251	0.033394338034270506	0.0219898349070157	15.515619684315576	11.218728447201691	0.049465978240389175	13.931853928277446	0.18584033997806307	0.12304403429225166	0.0
/vol/bitbucket/osella/rl-qecc-data/supervisedLearning/sweep2/g5_mix_66-96-126-153_H6_s3000.pth	6	3000	6	mixed	[(6, 6), (9, 6), (12, 6), (15, 3)]	True	True	True	True	geometric5	10148123	3	27	2026-08-01	mixed_66-96-126-153	0.015023945469023817	0.09892162216135411	0.03726435366154392	0.0765324048501621	0.19359361566446162	0.15359469391555663	0.033623042715047756	0.0219898349070157	17.51400512718974	11.218728447201691	0.0907830149399156	15.211177199270843	0.3184612082908374	0.21843934495978232	0.0
/vol/bitbucket/osella/rl-qecc-data/supervisedLearning/sweep2/g5_mix_66-96-126-153_H6_s7134066.pth	6	7134066	6	mixed	[(6, 6), (9, 6), (12, 6), (15, 3)]	True	True	True	True	geometric5	10148123	3	27	2026-08-01	mixed_66-96-126-153	0.015023945469023817	0.16568755583131345	0.018200705325106994	0.06193264765412443	0.30718274549084923	0.40818987878037877	0.03293180190610771	0.0219898349070157	25.48512552740089	11.218728447201691	0.22281036033176	2.1200766044540593	0.43235412582564287	0.2972193962938142	0.0
/vol/bitbucket/osella/rl-qecc-data/supervisedLearning/sweep2/g5_mix_66-96-126-153_H7_s466555.pth	7	466555	6	mixed	[(6, 6), (9, 6), (12, 6), (15, 3)]	True	True	True	True	geometric5	10148123	3	27	2026-08-01	mixed_66-96-126-153	0.015023945469023817	0.0798637363079723	0.05155282461750906	0.09536481200100713	0.1150183271429005	0.10508245938852723	0.03230025838991769	0.0219898349070157	14.209685491944596	11.218728447201691	0.05669922675941446	1.7169910876491339	0.4616061425601508	0.3220062686795663	0.02
/vol/bitbucket/osella/rl-qecc-data/supervisedLearning/sweep2/g5_mix_66-96-126_H10_s12345.pth	10	12345	8	mixed	[(6, 6), (9, 6), (12, 6)]	True	True	True	False	geometric5	10148123	3	27	2026-08-01	mixed_66-96-126	0.015023945469023817	0.2014246067253288	0.018073995463841024	0.06068236301296253	0.3120098520719542	0.5823443692078762	0.0340124538700063	0.0219898349070157	29.284650732886888	11.218728447201691	0.3135918685327237	1.731084384158467	0.32387957967685826	0.22306833204003804	0.0
/vol/bitbucket/osella/rl-qecc-data/supervisedLearning/sweep2/g5_mix_66-96-126_H10_s54321.pth	10	54321	8	mixed	[(6, 6), (9, 6), (12, 6)]	True	True	True	False	geometric5	10148123	3	27	2026-08-01	mixed_66-96-126	0.015023945469023817	0.18165956457775578	0.018043067153657454	0.05864177636889796	0.299029748549176	0.49925045312455335	0.03333277769249462	0.0219898349070157	25.45862510012281	11.218728447201691	0.2701776974394109	1.5139470403890052	0.44641695821240407	0.30982941521481056	0.0
/vol/bitbucket/osella/rl-qecc-data/supervisedLearning/sweep2/g5_mix_66-96-126_H3_s3000.pth	3	3000	8	mixed	[(6, 6), (9, 6), (12, 6)]	True	True	True	False	geometric5	10148123	3	27	2026-08-01	mixed_66-96-126	0.015023945469023817	0.1864886187184658	0.018702865007173892	0.0600032535391183	0.2927527544905988	0.5285323112563544	0.032451909299090045	0.0219898349070157	25.610779023304072	11.218728447201691	0.27599956378082013	3.007261476893816	0.4520629821677098	0.3153903608378189	0.0
/vol/bitbucket/osella/rl-qecc-data/supervisedLearning/sweep2/g5_mix_66-96-126_H3_s7134066.pth	3	7134066	8	mixed	[(6, 6), (9, 6), (12, 6)]	True	True	True	False	geometric5	10148123	3	27	2026-08-01	mixed_66-96-126	0.015023945469023817	0.19236228655927154	0.018371235320205348	0.06027495271371229	0.27881896566586367	0.5695113499302665	0.03483492916630857	0.0219898349070157	26.282532827823932	11.218728447201691	0.2967173997967592	2.342431032710965	0.1520936773265612	0.10123510966053757	0.0
/vol/bitbucket/osella/rl-qecc-data/supervisedLearning/sweep2/g5_mix_66-96-126_H4_s466555.pth	4	466555	8	mixed	[(6, 6), (9, 6), (12, 6)]	True	True	True	False	geometric5	10148123	3	27	2026-08-01	mixed_66-96-126	0.015023945469023817	0.12798071517731804	0.019704464058631323	0.057690336005481194	0.21089482648816674	0.3183086837627694	0.03330526557154202	0.0219898349070157	18.781384330358353	11.218728447201691	0.16578556614301823	3.097617550789309	0.17871378512991717	0.12118872749780882	0.0
/vol/bitbucket/osella/rl-qecc-data/supervisedLearning/sweep2/g5_mix_66-96-126_H6_s12345.pth	6	12345	8	mixed	[(6, 6), (9, 6), (12, 6)]	True	True	True	False	geometric5	10148123	3	27	2026-08-01	mixed_66-96-126	0.015023945469023817	0.18987284247790193	0.019007781022190296	0.061963833743165976	0.2966710592676901	0.5302211521488068	0.041500386207656836	0.0219898349070157	27.073639628095105	11.218728447201691	0.2874578769624565	1.9052711436228558	0.03003615498453006	0.023121565887617376	0.0
/vol/bitbucket/osella/rl-qecc-data/supervisedLearning/sweep2/g5_mix_66-96-126_H6_s54321.pth	6	54321	8	mixed	[(6, 6), (9, 6), (12, 6)]	True	True	True	False	geometric5	10148123	3	27	2026-08-01	mixed_66-96-126	0.015023945469023817	0.14458375442519297	0.024959047731826788	0.05664068369118247	0.22328722752642957	0.38506787047084534	0.03296394270568157	0.0219898349070157	19.735269867202014	11.218728447201691	0.19717181999378003	3.829830954219977	0.320764873241317	0.2209734094309422	0.0
/vol/bitbucket/osella/rl-qecc-data/supervisedLearning/sweep2/g5_mix_66-96-126_H7_s3000.pth	7	3000	8	mixed	[(6, 6), (9, 6), (12, 6)]	True	True	True	False	geometric5	10148123	3	27	2026-08-01	mixed_66-96-126	0.015023945469023817	0.15438906657380408	0.018412414922794232	0.057924020320864626	0.2837732492719118	0.3782365141882121	0.033599134165237694	0.0219898349070157	23.395367216443653	11.218728447201691	0.20381195975009872	6.056319318850905	0.4511026058459295	0.31184822592626577	0.0
/vol/bitbucket/osella/rl-qecc-data/supervisedLearning/sweep2/g5_mix_66-96-126_H7_s7134066.pth	7	7134066	8	mixed	[(6, 6), (9, 6), (12, 6)]	True	True	True	False	geometric5	10148123	3	27	2026-08-01	mixed_66-96-126	0.015023945469023817	0.13392309949771808	0.018688036344683922	0.058021827773551735	0.24513316662431592	0.31518354915106056	0.032588917594980095	0.0219898349070157	19.452055066208743	11.218728447201691	0.172719643399033	2.1931355753983173	0.4151043115682811	0.28690049612826485	0.0
/vol/bitbucket/osella/rl-qecc-data/supervisedLearning/sweep2/g5_mix_66-96_H10_s466555.pth	10	466555	12	mixed	[(6, 6), (9, 6)]	True	True	False	False	geometric5	10148123	3	27	2026-08-01	mixed_66-96	0.015023945469023817	0.11195673759014982	0.019711538938419315	0.059739002024008094	0.24208659347592365	0.20563580580528495	0.032610747707112864	0.0219898349070157	18.738592756104673	11.218728447201691	0.12051688928080614	9.918262410575842	0.30762458356312694	0.2109678457281885	0.0
/vol/bitbucket/osella/rl-qecc-data/supervisedLearning/sweep2/g5_mix_66-96_H3_s12345.pth	3	12345	12	mixed	[(6, 6), (9, 6)]	True	True	False	False	geometric5	10148123	3	27	2026-08-01	mixed_66-96	0.015023945469023817	0.10208637938719109	0.021918329379061897	0.06378411252387271	0.18241627888816989	0.20868289969470058	0.03363027645014964	0.0219898349070157	18.380248477579826	11.218728447201691	0.10852859875601638	9.809181254944148	-0.030499761162417132	-0.018910857433016678	0.0
/vol/bitbucket/osella/rl-qecc-data/supervisedLearning/sweep2/g5_mix_66-96_H3_s54321.pth	3	54321	12	mixed	[(6, 6), (9, 6)]	True	True	False	False	geometric5	10148123	3	27	2026-08-01	mixed_66-96	0.015023945469023817	0.1585992571481053	0.018520439957132866	0.05939216122343192	0.2708255557062796	0.4112439747664821	0.033014154087197725	0.0219898349070157	22.751771512033653	11.218728447201691	0.2184444581533456	3.779396491087891	0.35962243515955217	0.24927353539307168	0.0
/vol/bitbucket/osella/rl-qecc-data/supervisedLearning/sweep2/g5_mix_66-96_H4_s3000.pth	4	3000	12	mixed	[(6, 6), (9, 6)]	True	True	False	False	geometric5	10148123	3	27	2026-08-01	mixed_66-96	0.015023945469023817	0.17266306158786102	0.018719713013195714	0.05672140305049625	0.2823010876905145	0.4728770521720165	0.0326960520130826	0.0219898349070157	24.543114639130305	11.218728447201691	0.2481865148090594	2.4967259938461925	0.31510906199602906	0.21702924133326917	0.0
/vol/bitbucket/osella/rl-qecc-data/supervisedLearning/sweep2/g5_mix_66-96_H4_s7134066.pth	4	7134066	12	mixed	[(6, 6), (9, 6)]	True	True	False	False	geometric5	10148123	3	27	2026-08-01	mixed_66-96	0.015023945469023817	0.11897243327788505	0.02725064173388637	0.07051763662087297	0.17713015652486652	0.2872507213934838	0.032713010116316284	0.0219898349070157	16.97190095918746	11.218728447201691	0.1391710601387148	4.520860113140028	0.24195717111053933	0.16762950133629248	0.0
/vol/bitbucket/osella/rl-qecc-data/supervisedLearning/sweep2/g5_mix_66-96_H6_s466555.pth	6	466555	12	mixed	[(6, 6), (9, 6)]	True	True	False	False	geometric5	10148123	3	27	2026-08-01	mixed_66-96	0.015023945469023817	0.16044534388583734	0.01964295251932733	0.05838956161747206	0.2714942448976513	0.4153760651123279	0.03732389528240536	0.0219898349070157	21.758756485244437	11.218728447201691	0.2319693802862037	1.814710015588811	0.3343474711728302	0.22705024556710654	0.0
/vol/bitbucket/osella/rl-qecc-data/supervisedLearning/sweep2/g5_mix_66-96_H7_s12345.pth	7	12345	12	mixed	[(6, 6), (9, 6)]	True	True	False	False	geometric5	10148123	3	27	2026-08-01	mixed_66-96	0.015023945469023817	0.20871417422184055	0.018503264384084554	0.062190001410922076	0.31815343714801575	0.6066740049665601	0.03805016319961896	0.0219898349070157	31.84198573560384	11.218728447201691	0.32674774982913574	1.5869606052764464	0.09907425243037533	0.06978356908542097	0.0
/vol/bitbucket/osella/rl-qecc-data/supervisedLearning/sweep2/g5_mix_66-96_H7_s54321.pth	7	54321	12	mixed	[(6, 6), (9, 6)]	True	True	False	False	geometric5	10148123	3	27	2026-08-01	mixed_66-96	0.015023945469023817	0.1607092732871672	0.01817356186606781	0.05938072280629841	0.30297477760882896	0.39011743055026094	0.03289987360438125	0.0219898349070157	23.542756379181643	11.218728447201691	0.21828205067241738	1.9478891477206586	0.41779686702122004	0.28826069585653974	0.0
/vol/bitbucket/osella/rl-qecc-data/supervisedLearning/sweep2/g5_mix_66_H10_s3000.pth	10	3000	24	mixed	[(6, 6)]	True	False	False	False	geometric5	10148123	3	27	2026-08-01	mixed_66	0.015023945469023817	0.11871754057247666	0.018560716610418828	0.05531685003498632	0.24891433202913574	0.23773877524977016	0.03305702893807209	0.0219898349070157	19.13270191911289	11.218728447201691	0.13563433890028467	4.63831238953215	0.3672183611926151	0.25289808259444857	0.0
/vol/bitbucket/osella/rl-qecc-data/supervisedLearning/sweep2/g5_mix_66_H10_s7134066.pth	10	7134066	24	mixed	[(6, 6)]	True	False	False	False	geometric5	10148123	3	27	2026-08-01	mixed_66	0.015023945469023817	0.0969114512711559	0.028857708896694156	0.06409990601813861	0.16905968255889534	0.1889128802395399	0.03362707864251336	0.0219898349070157	17.954142256773423	11.218728447201691	0.09781906753520325	12.470279411478181	0.3035259200682556	0.20838766724918278	0.0
/vol/bitbucket/osella/rl-qecc-data/supervisedLearning/sweep2/g5_mix_66_H3_s466555.pth	3	466555	24	mixed	[(6, 6)]	True	False	False	False	geometric5	10148123	3	27	2026-08-01	mixed_66	0.015023945469023817	0.12309986652969916	0.04183879729562877	0.09802930355487087	0.2225368536456144	0.2198185535983184	0.033275824554060585	0.0219898349070157	18.20811519426158	11.218728447201691	0.12005338826040325	4.985187195924652	0.3143429010783775	0.21750115861488528	0.0
/vol/bitbucket/osella/rl-qecc-data/supervisedLearning/sweep2/g5_mix_66_H4_s12345.pth	4	12345	24	mixed	[(6, 6)]	True	False	False	False	geometric5	10148123	3	27	2026-08-01	mixed_66	0.015023945469023817	0.12340490605644816	0.03245320519054133	0.0745356181263714	0.2068960916900141	0.2700248898214206	0.03311472545389416	0.0219898349070157	18.242101085343496	11.218728447201691	0.14020323287110067	7.387313520869921	0.0536235138358186	0.035257491160883336	0.0
/vol/bitbucket/osella/rl-qecc-data/supervisedLearning/sweep2/g5_mix_66_H4_s54321.pth	4	54321	24	mixed	[(6, 6)]	True	False	False	False	geometric5	10148123	3	27	2026-08-01	mixed_66	0.015023945469023817	0.12063523637042636	0.0346727562235793	0.08521001338881629	0.22649399245771817	0.22345043196938477	0.03334898781263377	0.0219898349070157	18.914757435147774	11.218728447201691	0.1260153576566998	5.877918129866772	0.30130441493856397	0.20696345955802256	0.0
/vol/bitbucket/osella/rl-qecc-data/supervisedLearning/sweep2/g5_mix_66_H6_s3000.pth	6	3000	24	mixed	[(6, 6)]	True	False	False	False	geometric5	10148123	3	27	2026-08-01	mixed_66	0.015023945469023817	0.08250394877474246	0.02590071941669803	0.0746046780204965	0.1569814549631075	0.1213839199491099	0.03364897152430046	0.0219898349070157	16.44421764123937	11.218728447201691	0.06682978373619433	15.007765517900346	0.2735868833732503	0.1854845150793704	0.0
/vol/bitbucket/osella/rl-qecc-data/supervisedLearning/sweep2/g5_mix_66_H6_s7134066.pth	6	7134066	24	mixed	[(6, 6)]	True	False	False	False	geometric5	10148123	3	27	2026-08-01	mixed_66	0.015023945469023817	0.10731962617299665	0.029434286145304713	0.06745206020413176	0.2077563583956875	0.1986217202299323	0.03333370588992638	0.0219898349070157	17.564373295011052	11.218728447201691	0.10879401402271449	3.713569747105642	0.37311190277933554	0.2566421280282231	0.0
/vol/bitbucket/osella/rl-qecc-data/supervisedLearning/sweep2/g5_mix_66_H7_s466555.pth	7	466555	24	mixed	[(6, 6)]	True	False	False	False	geometric5	10148123	3	27	2026-08-01	mixed_66	0.015023945469023817	0.1757932433722706	0.018461672790203342	0.062388029318940406	0.3044994209073384	0.4609592355625535	0.032657858282314156	0.0219898349070157	26.006821692994414	11.218728447201691	0.2499543385138886	2.5698807157069417	0.32115647272616166	0.21937282213095644	0.0
