Model checkpoint	Number of harmonics	seed	epochs	recipie	trained on sizes	6,6	9,6	12,6	15,3	error range name	numberOfCodes	code l	code m	Date	recipe name	rewardMaeFloor	curveMae	curveMaeP0	curveMaeP1	curveMaeP2	curveMaeP3	curveMaeP4	curveMaeFloor	nll	noiseFloor	rewardMae	kMae	spearman	kendall	topK50
/vol/bitbucket/osella/rl-qecc-data/supervisedLearning/sweep2/g5_ground_anch_H10_s2000.pth	10	2000	2	groundAnchored	[(6, 6), (9, 6), (12, 6), (15, 3)]	True	True	True	True	geometric5	48054	21	18	2026-08-01	groundAnchored_66-96-126-153	0.011864279046925488	0.1242901014449168	0.0008553313792117838	0.002943161780266526	0.08459876637088116	0.5076684976242135	0.025384750070011064	0.009533160740850578	13.90129269845019	4.67302309279921	0.23640228372375086	2.6555862054796253	0.31030947322854213	0.22557868835232997	0.0
/vol/bitbucket/osella/rl-qecc-data/supervisedLearning/sweep2/g5_ground_anch_H10_s6000.pth	10	6000	2	groundAnchored	[(6, 6), (9, 6), (12, 6), (15, 3)]	True	True	True	True	geometric5	48054	21	18	2026-08-01	groundAnchored_66-96-126-153	0.011864279046925488	0.10544325187940522	0.0016524465905768703	0.00594485145686042	0.0798073045004168	0.4117288648546443	0.02808279199452765	0.009533160740850578	10.968951652271745	4.67302309279921	0.1950126756677613	2.4929810719538277	0.5798545090786884	0.438432952031647	0.0
/vol/bitbucket/osella/rl-qecc-data/supervisedLearning/sweep2/g5_ground_anch_H3_s4000.pth	3	4000	2	groundAnchored	[(6, 6), (9, 6), (12, 6), (15, 3)]	True	True	True	True	geometric5	48054	21	18	2026-08-01	groundAnchored_66-96-126-153	0.011864279046925488	0.14376806782553653	0.003561768328396399	0.012244266812012402	0.1124195689444018	0.564620117477426	0.025994617565446132	0.009533160740850578	16.079350049179116	4.67302309279921	0.2671322763146918	4.339984835938141	-0.10541844540006118	-0.05558077663415132	0.02
/vol/bitbucket/osella/rl-qecc-data/supervisedLearning/sweep2/g5_ground_anch_H4_s1000.pth	4	1000	2	groundAnchored	[(6, 6), (9, 6), (12, 6), (15, 3)]	True	True	True	True	geometric5	48054	21	18	2026-08-01	groundAnchored_66-96-126-153	0.011864279046925488	0.10782580330541583	0.003216498768079333	0.012637844748411118	0.08496952288980443	0.4125334517309994	0.025771698389784867	0.009533160740850578	11.14659489984691	4.67302309279921	0.18835310765191404	4.373480534163556	0.5496407102515629	0.3917858390434172	0.0
/vol/bitbucket/osella/rl-qecc-data/supervisedLearning/sweep2/g5_ground_anch_H4_s5000.pth	4	5000	2	groundAnchored	[(6, 6), (9, 6), (12, 6), (15, 3)]	True	True	True	True	geometric5	48054	21	18	2026-08-01	groundAnchored_66-96-126-153	0.011864279046925488	0.10986753986056293	0.005042935787773272	0.017396795282980895	0.11299037755102956	0.3883190838668897	0.02558850681414124	0.009533160740850578	11.492391151283641	4.67302309279921	0.18391365360358283	3.6807431372809503	0.3348534000754925	0.26603254795968523	0.0
/vol/bitbucket/osella/rl-qecc-data/supervisedLearning/sweep2/g5_ground_anch_H6_s2000.pth	6	2000	2	groundAnchored	[(6, 6), (9, 6), (12, 6), (15, 3)]	True	True	True	True	geometric5	48054	21	18	2026-08-01	groundAnchored_66-96-126-153	0.011864279046925488	0.10185608298349699	0.0009837712797755172	0.004337974154786961	0.0888148501793579	0.3894194833949229	0.0257243359086417	0.009533160740850578	11.011266452171103	4.67302309279921	0.1828717854600321	3.536330996160229	0.1341807327874793	0.10902778533155268	0.0
/vol/bitbucket/osella/rl-qecc-data/supervisedLearning/sweep2/g5_ground_anch_H6_s6000.pth	6	6000	2	groundAnchored	[(6, 6), (9, 6), (12, 6), (15, 3)]	True	True	True	True	geometric5	48054	21	18	2026-08-01	groundAnchored_66-96-126-153	0.011864279046925488	0.11920590479933488	0.001231403746325251	0.0037331309054891176	0.08130899430438718	0.4810027132186048	0.028753281821868006	0.009533160740850578	13.171950347169318	4.67302309279921	0.22930236331338788	2.5161537219062353	0.5974045189231045	0.4601811915723962	0.0
/vol/bitbucket/osella/rl-qecc-data/supervisedLearning/sweep2/g5_ground_anch_H7_s4000.pth	7	4000	2	groundAnchored	[(6, 6), (9, 6), (12, 6), (15, 3)]	True	True	True	True	geometric5	48054	21	18	2026-08-01	groundAnchored_66-96-126-153	0.011864279046925488	0.12151456183669279	0.0023780564659881603	0.007612836421363162	0.09064352206876039	0.481749746221641	0.025188648005711106	0.009533160740850578	13.374697406700157	4.67302309279921	0.22564916313496977	2.773109123035729	0.4263787506064483	0.33578707323737034	0.0
/vol/bitbucket/osella/rl-qecc-data/supervisedLearning/sweep2/g5_ground_pure_H10_s1000.pth	10	1000	2	groundPure	[(6, 6), (9, 6), (12, 6), (15, 3)]	True	True	True	True	geometric5	48054	21	18	2026-08-01	groundPure_66-96-126-153	0.011864279046925488	0.10460459634029542	0.0007418445628326474	0.002281952574419996	0.07635714184428087	0.41745563108728195	0.026186411632661763	0.009533160740850578	11.411236754918672	4.67302309279921	0.19634713628149536	2.742784586918063	0.5831097787928687	0.443294775838417	0.02
/vol/bitbucket/osella/rl-qecc-data/supervisedLearning/sweep2/g5_ground_pure_H10_s5000.pth	10	5000	2	groundPure	[(6, 6), (9, 6), (12, 6), (15, 3)]	True	True	True	True	geometric5	48054	21	18	2026-08-01	groundPure_66-96-126-153	0.011864279046925488	0.11658888188351148	0.0012914033850110094	0.004912586022733125	0.09524458434659043	0.45544710742255873	0.026048728240664034	0.009533160740850578	12.858958020709265	4.67302309279921	0.21671576494995506	3.084630514990253	0.19898011544210295	0.2003293934588302	0.0
/vol/bitbucket/osella/rl-qecc-data/supervisedLearning/sweep2/g5_ground_pure_H3_s2000.pth	3	2000	2	groundPure	[(6, 6), (9, 6), (12, 6), (15, 3)]	True	True	True	True	geometric5	48054	21	18	2026-08-01	groundPure_66-96-126-153	0.011864279046925488	0.10125824990658598	0.0019217086845393064	0.008847904286808029	0.08834645244868593	0.3822225167762872	0.024952667336609405	0.009533160740850578	11.010726145234983	4.67302309279921	0.17516213995164948	7.040640288972674	0.5165323755685973	0.3946960798303031	0.0
/vol/bitbucket/osella/rl-qecc-data/supervisedLearning/sweep2/g5_ground_pure_H3_s6000.pth	3	6000	2	groundPure	[(6, 6), (9, 6), (12, 6), (15, 3)]	True	True	True	True	geometric5	48054	21	18	2026-08-01	groundPure_66-96-126-153	0.011864279046925488	0.12496789112872744	0.002116653763447226	0.007463847765550143	0.09323433471740077	0.4961067241535317	0.02591789524370739	0.009533160740850578	13.46868286566202	4.67302309279921	0.23371873113132757	4.011058518724525	0.42326786217838874	0.35167759512734326	0.0
/vol/bitbucket/osella/rl-qecc-data/supervisedLearning/sweep2/g5_ground_pure_H4_s4000.pth	4	4000	2	groundPure	[(6, 6), (9, 6), (12, 6), (15, 3)]	True	True	True	True	geometric5	48054	21	18	2026-08-01	groundPure_66-96-126-153	0.011864279046925488	0.10507868000897728	0.0019272572735007912	0.008706692110487121	0.09845355343300627	0.39118791195731756	0.025117985270574766	0.009533160740850578	11.356782408963427	4.67302309279921	0.1821893338429132	5.600406750978967	0.28997681162299915	0.21418999363824506	0.0
/vol/bitbucket/osella/rl-qecc-data/supervisedLearning/sweep2/g5_ground_pure_H6_s1000.pth	6	1000	2	groundPure	[(6, 6), (9, 6), (12, 6), (15, 3)]	True	True	True	True	geometric5	48054	21	18	2026-08-01	groundPure_66-96-126-153	0.011864279046925488	0.12517517552186908	0.0020214310098450837	0.008611345983659584	0.08600069968641777	0.49935063143962927	0.02989176948979369	0.009533160740850578	13.054734848041425	4.67302309279921	0.23624812237491247	2.578824412486832	0.2762062147826487	0.20960818311393506	0.0
/vol/bitbucket/osella/rl-qecc-data/supervisedLearning/sweep2/g5_ground_pure_H6_s5000.pth	6	5000	2	groundPure	[(6, 6), (9, 6), (12, 6), (15, 3)]	True	True	True	True	geometric5	48054	21	18	2026-08-01	groundPure_66-96-126-153	0.011864279046925488	0.12384864760113691	0.0031234353781875446	0.012037612679428239	0.11625850454130103	0.46151397380897774	0.026309711597790095	0.009533160740850578	13.221796521570518	4.67302309279921	0.2215271927359025	3.5180153628386335	0.08242982803301518	0.09065981926460442	0.0
/vol/bitbucket/osella/rl-qecc-data/supervisedLearning/sweep2/g5_ground_pure_H7_s2000.pth	7	2000	2	groundPure	[(6, 6), (9, 6), (12, 6), (15, 3)]	True	True	True	True	geometric5	48054	21	18	2026-08-01	groundPure_66-96-126-153	0.011864279046925488	0.10320447945620953	0.0013078786010419416	0.0045946443551442544	0.07484493177812465	0.4075189034449313	0.0277560391018055	0.009533160740850578	11.025864598882535	4.67302309279921	0.193791594408744	3.051660201406342	0.6636011385211082	0.5102621724810011	0.0
/vol/bitbucket/osella/rl-qecc-data/supervisedLearning/sweep2/g5_ground_pure_H7_s6000.pth	7	6000	2	groundPure	[(6, 6), (9, 6), (12, 6), (15, 3)]	True	True	True	True	geometric5	48054	21	18	2026-08-01	groundPure_66-96-126-153	0.011864279046925488	0.09956494830052182	0.0008687837477024421	0.0025179101143902884	0.0792031884668194	0.3903056488435317	0.024929210330165177	0.009533160740850578	11.733943794467715	4.67302309279921	0.18287775375153165	4.767898904680387	0.6583977463995647	0.5023580148633928	0.02
/vol/bitbucket/osella/rl-qecc-data/supervisedLearning/sweep2/g5_mix_66-96-126-153_H10_s4000.pth	10	4000	6	mixed	[(6, 6), (9, 6), (12, 6), (15, 3)]	True	True	True	True	geometric5	48054	21	18	2026-08-01	mixed_66-96-126-153	0.011864279046925488	0.10239964235988139	0.004945095106151526	0.018752425554961063	0.11667156716353143	0.34569675367383434	0.025932370300928438	0.009533160740850578	11.436879988179069	4.67302309279921	0.1695887485766464	3.2664908160181754	0.2653368970068363	0.22992804695409227	0.0
/vol/bitbucket/osella/rl-qecc-data/supervisedLearning/sweep2/g5_mix_66-96-126-153_H3_s1000.pth	3	1000	6	mixed	[(6, 6), (9, 6), (12, 6), (15, 3)]	True	True	True	True	geometric5	48054	21	18	2026-08-01	mixed_66-96-126-153	0.011864279046925488	0.0906993697139764	0.015395082492119004	0.0302245554187205	0.1302509209999397	0.25138039430936093	0.026245895349741755	0.009533160740850578	10.429524961606097	4.67302309279921	0.12621187206044787	3.663573846776035	0.20155759298620615	0.17255246197403656	0.0
/vol/bitbucket/osella/rl-qecc-data/supervisedLearning/sweep2/g5_mix_66-96-126-153_H3_s5000.pth	3	5000	6	mixed	[(6, 6), (9, 6), (12, 6), (15, 3)]	True	True	True	True	geometric5	48054	21	18	2026-08-01	mixed_66-96-126-153	0.011864279046925488	0.11672555275182961	0.014243029701281697	0.041884738904478545	0.14592674948177847	0.3496339349449462	0.03193931072666319	0.009533160740850578	12.06688071264914	4.67302309279921	0.16896021404313563	4.5388882735742335	0.14567480910266323	0.14249375068328776	0.0
/vol/bitbucket/osella/rl-qecc-data/supervisedLearning/sweep2/g5_mix_66-96-126-153_H4_s2000.pth	4	2000	6	mixed	[(6, 6), (9, 6), (12, 6), (15, 3)]	True	True	True	True	geometric5	48054	21	18	2026-08-01	mixed_66-96-126-153	0.011864279046925488	0.10140147476947717	0.009398294805329442	0.01991794236336153	0.10342762208172453	0.34859712406447524	0.025666390532495066	0.009533160740850578	11.640953967169539	4.67302309279921	0.16895521866308	3.764896085072076	0.43966634928389264	0.3420233982085324	0.0
/vol/bitbucket/osella/rl-qecc-data/supervisedLearning/sweep2/g5_mix_66-96-126-153_H4_s6000.pth	4	6000	6	mixed	[(6, 6), (9, 6), (12, 6), (15, 3)]	True	True	True	True	geometric5	48054	21	18	2026-08-01	mixed_66-96-126-153	0.011864279046925488	0.11148073521124882	0.007110187149901433	0.021578990479427993	0.13087149434585674	0.37134149290385665	0.0265015111772012	0.009533160740850578	12.318528978880734	4.67302309279921	0.18307737038277136	3.3409955005061884	0.14109540311384441	0.1380969285264595	0.0
/vol/bitbucket/osella/rl-qecc-data/supervisedLearning/sweep2/g5_mix_66-96-126-153_H6_s4000.pth	6	4000	6	mixed	[(6, 6), (9, 6), (12, 6), (15, 3)]	True	True	True	True	geometric5	48054	21	18	2026-08-01	mixed_66-96-126-153	0.011864279046925488	0.12331037873270681	0.009908205416739995	0.026448021958127718	0.123445991216383	0.4303022702750048	0.02644740479727852	0.009533160740850578	13.214087286520654	4.67302309279921	0.2093176114931703	3.453883128003562	0.16734366451654853	0.15408546641468943	0.0
/vol/bitbucket/osella/rl-qecc-data/supervisedLearning/sweep2/g5_mix_66-96-126-153_H7_s1000.pth	7	1000	6	mixed	[(6, 6), (9, 6), (12, 6), (15, 3)]	True	True	True	True	geometric5	48054	21	18	2026-08-01	mixed_66-96-126-153	0.011864279046925488	0.11764592798475561	0.012500377197560924	0.03768990565669171	0.1640996520290505	0.34791204321341757	0.026027661827057402	0.009533160740850578	13.330855659556557	4.67302309279921	0.17566380445687038	4.343726692765514	-0.04631745208920314	0.023248865348575152	0.0
/vol/bitbucket/osella/rl-qecc-data/supervisedLearning/sweep2/g5_mix_66-96-126-153_H7_s5000.pth	7	5000	6	mixed	[(6, 6), (9, 6), (12, 6), (15, 3)]	True	True	True	True	geometric5	48054	21	18	2026-08-01	mixed_66-96-126-153	0.011864279046925488	0.1172377605236959	0.0023849369039148863	0.007401506776576378	0.08577359375320232	0.45825905939093065	0.0323697057938553	0.009533160740850578	12.87069347458416	4.67302309279921	0.22235916641705825	2.7531969797478766	0.4749771456132919	0.34959656627031277	0.0
/vol/bitbucket/osella/rl-qecc-data/supervisedLearning/sweep2/g5_mix_66-96-126_H10_s2000.pth	10	2000	8	mixed	[(6, 6), (9, 6), (12, 6)]	True	True	True	False	geometric5	48054	21	18	2026-08-01	mixed_66-96-126	0.011864279046925488	0.09437550962304057	0.0034355975169268914	0.010191163673387849	0.08853486316400348	0.3395038491782314	0.030212074582653257	0.009533160740850578	10.749361419620953	4.67302309279921	0.1666739173958262	2.9341338290482337	0.5471406507275453	0.4249210445363171	0.0
/vol/bitbucket/osella/rl-qecc-data/supervisedLearning/sweep2/g5_mix_66-96-126_H10_s6000.pth	10	6000	8	mixed	[(6, 6), (9, 6), (12, 6)]	True	True	True	False	geometric5	48054	21	18	2026-08-01	mixed_66-96-126	0.011864279046925488	0.10864031723518065	0.003191770908814284	0.010652287109320847	0.09715988439979542	0.40234225449977545	0.029855389258197404	0.009533160740850578	11.968789478694466	4.67302309279921	0.19664111736123832	3.4781407769334525	0.37330296405892754	0.29262653354667906	0.0
/vol/bitbucket/osella/rl-qecc-data/supervisedLearning/sweep2/g5_mix_66-96-126_H3_s4000.pth	3	4000	8	mixed	[(6, 6), (9, 6), (12, 6)]	True	True	True	False	geometric5	48054	21	18	2026-08-01	mixed_66-96-126	0.011864279046925488	0.09251921582219763	0.001426919038296418	0.004736062634571752	0.08199126944789831	0.3487715537125968	0.02567027427762488	0.009533160740850578	10.59223665686576	4.67302309279921	0.1644401203825529	3.0859351895218383	0.6390803030521968	0.4826928036886195	0.0
/vol/bitbucket/osella/rl-qecc-data/supervisedLearning/sweep2/g5_mix_66-96-126_H4_s1000.pth	4	1000	8	mixed	[(6, 6), (9, 6), (12, 6)]	True	True	True	False	geometric5	48054	21	18	2026-08-01	mixed_66-96-126	0.011864279046925488	0.1061086273941665	0.0031019076394846784	0.010252865840247104	0.09118985391083244	0.3937452996559654	0.032253209924302945	0.009533160740850578	11.487959009355	4.67302309279921	0.19336565879587378	2.811805527263919	0.51278105877635	0.39939371398405055	0.0
/vol/bitbucket/osella/rl-qecc-data/supervisedLearning/sweep2/g5_mix_66-96-126_H4_s5000.pth	4	5000	8	mixed	[(6, 6), (9, 6), (12, 6)]	True	True	True	False	geometric5	48054	21	18	2026-08-01	mixed_66-96-126	0.011864279046925488	0.1243007339080172	0.011877744833110765	0.037884655067968905	0.1480946656137486	0.39674331820246067	0.026903285822797107	0.009533160740850578	13.290514815964034	4.67302309279921	0.1978173906006817	3.28851967449913	0.11709286184058593	0.13158543644149107	0.0
/vol/bitbucket/osella/rl-qecc-data/supervisedLearning/sweep2/g5_mix_66-96-126_H6_s2000.pth	6	2000	8	mixed	[(6, 6), (9, 6), (12, 6)]	True	True	True	False	geometric5	48054	21	18	2026-08-01	mixed_66-96-126	0.011864279046925488	0.09396899045300774	0.0018151484105406064	0.005832023523698779	0.0834683048161353	0.3486566328980773	0.030072842616586794	0.009533160740850578	10.679373474193126	4.67302309279921	0.17097580519959354	2.630386063027244	0.6311810392883633	0.4782254650028672	0.02
/vol/bitbucket/osella/rl-qecc-data/supervisedLearning/sweep2/g5_mix_66-96-126_H6_s6000.pth	6	6000	8	mixed	[(6, 6), (9, 6), (12, 6)]	True	True	True	False	geometric5	48054	21	18	2026-08-01	mixed_66-96-126	0.011864279046925488	0.10331510501916859	0.0018298610776374068	0.005689839377695738	0.08239895428351612	0.395966034575227	0.03069083578176662	0.009533160740850578	11.618317177476017	4.67302309279921	0.19311185340525558	2.983723941382464	0.5796989274129316	0.44519021659981123	0.0
/vol/bitbucket/osella/rl-qecc-data/supervisedLearning/sweep2/g5_mix_66-96-126_H7_s4000.pth	7	4000	8	mixed	[(6, 6), (9, 6), (12, 6)]	True	True	True	False	geometric5	48054	21	18	2026-08-01	mixed_66-96-126	0.011864279046925488	0.11038261178042857	0.0020349945625771355	0.005914560867355771	0.08735367704251473	0.4272321344360126	0.029377691993682818	0.009533160740850578	12.699680328918458	4.67302309279921	0.20509345696020942	2.818637079499845	0.5309318591678718	0.40328175242256686	0.02
/vol/bitbucket/osella/rl-qecc-data/supervisedLearning/sweep2/g5_mix_66-96_H10_s1000.pth	10	1000	12	mixed	[(6, 6), (9, 6)]	True	True	False	False	geometric5	48054	21	18	2026-08-01	mixed_66-96	0.011864279046925488	0.10360671365308902	0.0010236190802410442	0.0031552857820943527	0.07756760070640804	0.40049712393946896	0.035789938757232735	0.009533160740850578	11.433825464937325	4.67302309279921	0.19711998314164078	2.7574113829953446	0.5899029398411687	0.4448883957743807	0.0
/vol/bitbucket/osella/rl-qecc-data/supervisedLearning/sweep2/g5_mix_66-96_H10_s5000.pth	10	5000	12	mixed	[(6, 6), (9, 6)]	True	True	False	False	geometric5	48054	21	18	2026-08-01	mixed_66-96	0.011864279046925488	0.11271311663275085	0.001658765111001047	0.0054921676917788044	0.08542052529851214	0.4388779091291965	0.032116215933265774	0.009533160740850578	12.385003046084364	4.67302309279921	0.21246934137296397	2.752469350000406	0.5201557323856965	0.3790210000030682	0.0
/vol/bitbucket/osella/rl-qecc-data/supervisedLearning/sweep2/g5_mix_66-96_H3_s2000.pth	3	2000	12	mixed	[(6, 6), (9, 6)]	True	True	False	False	geometric5	48054	21	18	2026-08-01	mixed_66-96	0.011864279046925488	0.11862334086270994	0.0015277376490044577	0.00435806315743247	0.08274808707988003	0.47294732624177266	0.03153549018546021	0.009533160740850578	13.365240551858687	4.67302309279921	0.22811804917196782	3.2755959068944445	0.3821933859538148	0.28318144503951914	0.0
/vol/bitbucket/osella/rl-qecc-data/supervisedLearning/sweep2/g5_mix_66-96_H3_s6000.pth	3	6000	12	mixed	[(6, 6), (9, 6)]	True	True	False	False	geometric5	48054	21	18	2026-08-01	mixed_66-96	0.011864279046925488	0.12471546907430621	0.001980153164303875	0.005702465492068111	0.08617662918044558	0.4899841509714313	0.039733946563281955	0.009533160740850578	14.021329982238203	4.67302309279921	0.24014175678647717	2.876878136648699	0.570573064539454	0.43974893927365466	0.0
/vol/bitbucket/osella/rl-qecc-data/supervisedLearning/sweep2/g5_mix_66-96_H4_s4000.pth	4	4000	12	mixed	[(6, 6), (9, 6)]	True	True	False	False	geometric5	48054	21	18	2026-08-01	mixed_66-96	0.011864279046925488	0.13130425325595524	0.0015830287587756653	0.00450333715944825	0.0860183956770542	0.5271839857092423	0.03723251897525553	0.009533160740850578	15.196683264582662	4.67302309279921	0.257320347652838	2.8047151960832237	0.3784415242413261	0.2898917585311401	0.0
/vol/bitbucket/osella/rl-qecc-data/supervisedLearning/sweep2/g5_mix_66-96_H6_s1000.pth	6	1000	12	mixed	[(6, 6), (9, 6)]	True	True	False	False	geometric5	48054	21	18	2026-08-01	mixed_66-96	0.011864279046925488	0.13446300084701981	0.0015218582842360974	0.00567873100685972	0.0989694853864225	0.5238807050828611	0.04226422447471993	0.009533160740850578	15.19836589250824	4.67302309279921	0.2576879202625108	3.329381040879918	0.23279189356616703	0.20057420413482316	0.0
/vol/bitbucket/osella/rl-qecc-data/supervisedLearning/sweep2/g5_mix_66-96_H6_s5000.pth	6	5000	12	mixed	[(6, 6), (9, 6)]	True	True	False	False	geometric5	48054	21	18	2026-08-01	mixed_66-96	0.011864279046925488	0.1562369181443311	0.004408392104812766	0.013753884884036538	0.1123777222326391	0.6042662103597595	0.04637838114040761	0.009533160740850578	17.78104846479458	4.67302309279921	0.3010642534662084	3.294697791708837	-0.006274170312268021	0.037986925752073894	0.02
/vol/bitbucket/osella/rl-qecc-data/supervisedLearning/sweep2/g5_mix_66-96_H7_s2000.pth	7	2000	12	mixed	[(6, 6), (9, 6)]	True	True	False	False	geometric5	48054	21	18	2026-08-01	mixed_66-96	0.011864279046925488	0.12219117586295303	0.0012565157324995854	0.004246786305076379	0.08239492776991329	0.4920992152144456	0.030958434292830232	0.009533160740850578	13.71821109117591	4.67302309279921	0.23435964998835204	2.5843820806428197	0.5775674507421841	0.42785002535411165	0.0
/vol/bitbucket/osella/rl-qecc-data/supervisedLearning/sweep2/g5_mix_66-96_H7_s6000.pth	7	6000	12	mixed	[(6, 6), (9, 6)]	True	True	False	False	geometric5	48054	21	18	2026-08-01	mixed_66-96	0.011864279046925488	0.12606323163559524	0.0014215052918083802	0.0044386239754979	0.08701332305379329	0.493217395242913	0.04422531061396346	0.009533160740850578	14.016759734393379	4.67302309279921	0.2446913288228845	3.030202351837672	0.3400892820406103	0.25419773135826806	0.0
/vol/bitbucket/osella/rl-qecc-data/supervisedLearning/sweep2/g5_mix_66_H10_s4000.pth	10	4000	24	mixed	[(6, 6)]	True	False	False	False	geometric5	48054	21	18	2026-08-01	mixed_66	0.011864279046925488	0.13280067361469955	0.00588802208699925	0.018890452295452446	0.11475969242465404	0.4861971425477245	0.03826805871866732	0.009533160740850578	13.531922295918049	4.67302309279921	0.2333289182870287	2.832732613439362	-0.030632781766820546	-0.020609475733528677	0.06
/vol/bitbucket/osella/rl-qecc-data/supervisedLearning/sweep2/g5_mix_66_H3_s1000.pth	3	1000	24	mixed	[(6, 6)]	True	False	False	False	geometric5	48054	21	18	2026-08-01	mixed_66	0.011864279046925488	0.12946550077988614	0.013366027155751858	0.04159157202303301	0.147116225374463	0.41835972597853227	0.026893953367650363	0.009533160740850578	13.344571381664784	4.67302309279921	0.1952211423615738	11.894537964345275	-0.2426461463752001	-0.16010110022908994	0.0
/vol/bitbucket/osella/rl-qecc-data/supervisedLearning/sweep2/g5_mix_66_H3_s5000.pth	3	5000	24	mixed	[(6, 6)]	True	False	False	False	geometric5	48054	21	18	2026-08-01	mixed_66	0.011864279046925488	0.17262804181101832	0.01608400096966248	0.04137098562230041	0.15556690517253222	0.6098892045026489	0.040229112787947656	0.009533160740850578	18.340688516210108	4.67302309279921	0.3013076183909629	3.1456871475551034	-0.506454382430797	-0.34938585126500393	0.0
/vol/bitbucket/osella/rl-qecc-data/supervisedLearning/sweep2/g5_mix_66_H4_s2000.pth	4	2000	24	mixed	[(6, 6)]	True	False	False	False	geometric5	48054	21	18	2026-08-01	mixed_66	0.011864279046925488	0.1464777569311074	0.00614635312561309	0.027481628634143756	0.1440982396324471	0.5266244489490111	0.028038114314322005	0.009533160740850578	15.272761254204227	4.67302309279921	0.2543025236607582	3.472054247615112	-0.20000597785716404	-0.11329302519064034	0.0
/vol/bitbucket/osella/rl-qecc-data/supervisedLearning/sweep2/g5_mix_66_H4_s6000.pth	4	6000	24	mixed	[(6, 6)]	True	False	False	False	geometric5	48054	21	18	2026-08-01	mixed_66	0.011864279046925488	0.14244591793733136	0.004976395811656172	0.01484356700293129	0.1123899993578171	0.5499771218645134	0.030042505649738996	0.009533160740850578	15.123774599332032	4.67302309279921	0.26262601455028634	2.881300785225786	-0.1656965626068607	-0.10153402037215889	0.0
/vol/bitbucket/osella/rl-qecc-data/supervisedLearning/sweep2/g5_mix_66_H6_s4000.pth	6	4000	24	mixed	[(6, 6)]	True	False	False	False	geometric5	48054	21	18	2026-08-01	mixed_66	0.011864279046925488	0.1312930097016019	0.0013562383981679444	0.004496631596028659	0.08667592582332055	0.5285926991962323	0.035343553494260015	0.009533160740850578	14.417299346464993	4.67302309279921	0.25527813430698887	2.6723780747100387	0.3752417738537827	0.2732436202910806	0.0
/vol/bitbucket/osella/rl-qecc-data/supervisedLearning/sweep2/g5_mix_66_H7_s1000.pth	7	1000	24	mixed	[(6, 6)]	True	False	False	False	geometric5	48054	21	18	2026-08-01	mixed_66	0.011864279046925488	0.1187941386027635	0.0019351775727427546	0.007485063970175403	0.09465595347354612	0.4629872527140384	0.026907245283314972	0.009533160740850578	12.54797705664425	4.67302309279921	0.2166003567378258	2.8226176406226116	0.44748268535010793	0.32917870294089263	0.0
/vol/bitbucket/osella/rl-qecc-data/supervisedLearning/sweep2/g5_mix_66_H7_s5000.pth	7	5000	24	mixed	[(6, 6)]	True	False	False	False	geometric5	48054	21	18	2026-08-01	mixed_66	0.011864279046925488	0.11852955192442845	0.0014574330793654497	0.005635327422721557	0.0843598142969352	0.47201219498819436	0.029182989834925455	0.009533160740850578	12.587644058039633	4.67302309279921	0.22437593339546977	2.8453584074894676	0.35472763138526175	0.26498308616658656	0.0
/vol/bitbucket/osella/rl-qecc-data/supervisedLearning/sweep2/g5_ground_anch_H10_s2000.pth	10	2000	2	groundAnchored	[(6, 6), (9, 6), (12, 6), (15, 3)]	True	True	True	True	geometric5	895050	6	6	2026-08-01	groundAnchored_66-96-126-153	0.023935993090281937	0.023547542240794837	0.0032187060990975444	0.009417524191626088	0.030083999329438352	0.06196549819785632	0.013051983385955947	0.017182101469570527	10.640701619544684	10.111702831361514	0.03152775629477434	1.2751673396420435	0.8611476331706323	0.6806629418676573	0.0
/vol/bitbucket/osella/rl-qecc-data/supervisedLearning/sweep2/g5_ground_anch_H10_s6000.pth	10	6000	2	groundAnchored	[(6, 6), (9, 6), (12, 6), (15, 3)]	True	True	True	True	geometric5	895050	6	6	2026-08-01	groundAnchored_66-96-126-153	0.023935993090281937	0.02482936562468836	0.0036317861986952817	0.010558531045204296	0.03195226877611202	0.06425126000037581	0.013752982103054427	0.017182101469570527	10.708962349993827	10.111702831361514	0.03314885718239695	1.4140927268686152	0.8458115793794344	0.6626994351107103	0.02
/vol/bitbucket/osella/rl-qecc-data/supervisedLearning/sweep2/g5_ground_anch_H3_s4000.pth	3	4000	2	groundAnchored	[(6, 6), (9, 6), (12, 6), (15, 3)]	True	True	True	True	geometric5	895050	6	6	2026-08-01	groundAnchored_66-96-126-153	0.023935993090281937	0.02678069453695656	0.003975172266188189	0.011598379459051676	0.03500306367063649	0.07005515850383653	0.013271698785069994	0.017182101469570527	10.771734616061813	10.111702831361514	0.03618237590927982	1.330308692478999	0.8201075082812801	0.6348553964961221	0.06
/vol/bitbucket/osella/rl-qecc-data/supervisedLearning/sweep2/g5_ground_anch_H4_s1000.pth	4	1000	2	groundAnchored	[(6, 6), (9, 6), (12, 6), (15, 3)]	True	True	True	True	geometric5	895050	6	6	2026-08-01	groundAnchored_66-96-126-153	0.023935993090281937	0.025371757695846403	0.0037533339841892385	0.010933031650589144	0.033060217083558975	0.06644270277688805	0.01266950298400666	0.017182101469570527	10.722498407432045	10.111702831361514	0.034077279918191046	1.3471894021948172	0.8402813061911771	0.6570508890835315	0.0
/vol/bitbucket/osella/rl-qecc-data/supervisedLearning/sweep2/g5_ground_anch_H4_s5000.pth	4	5000	2	groundAnchored	[(6, 6), (9, 6), (12, 6), (15, 3)]	True	True	True	True	geometric5	895050	6	6	2026-08-01	groundAnchored_66-96-126-153	0.023935993090281937	0.02502175834391506	0.0036943090793428684	0.010744833060801458	0.0324800748580292	0.0654613938252301	0.01272818089617174	0.017182101469570527	10.701323475269753	10.111702831361514	0.03361580672379462	1.1957940707263464	0.8420561456379797	0.660604999265088	0.04
/vol/bitbucket/osella/rl-qecc-data/supervisedLearning/sweep2/g5_ground_anch_H6_s2000.pth	6	2000	2	groundAnchored	[(6, 6), (9, 6), (12, 6), (15, 3)]	True	True	True	True	geometric5	895050	6	6	2026-08-01	groundAnchored_66-96-126-153	0.023935993090281937	0.02390119146048865	0.0033588208317923357	0.009799650104628386	0.030750408665040908	0.06266351137869326	0.012933566322288438	0.017182101469570527	10.662935720771396	10.111702831361514	0.03192270243920423	1.3257356924735917	0.8568055178806981	0.6755151312060258	0.06
/vol/bitbucket/osella/rl-qecc-data/supervisedLearning/sweep2/g5_ground_anch_H6_s6000.pth	6	6000	2	groundAnchored	[(6, 6), (9, 6), (12, 6), (15, 3)]	True	True	True	True	geometric5	895050	6	6	2026-08-01	groundAnchored_66-96-126-153	0.023935993090281937	0.024086349171014258	0.003356067082396438	0.009757470788605548	0.03080925583150374	0.06336083396973546	0.013148118182829986	0.017182101469570527	10.672442073753725	10.111702831361514	0.03236049617788689	1.333675580777627	0.853058454397894	0.6709295650443953	0.0
/vol/bitbucket/osella/rl-qecc-data/supervisedLearning/sweep2/g5_ground_anch_H7_s4000.pth	7	4000	2	groundAnchored	[(6, 6), (9, 6), (12, 6), (15, 3)]	True	True	True	True	geometric5	895050	6	6	2026-08-01	groundAnchored_66-96-126-153	0.023935993090281937	0.023882140415634655	0.0035312761842026382	0.00992071680157629	0.03050471780853212	0.06258041200846773	0.01287357927539439	0.017182101469570527	10.65612263649944	10.111702831361514	0.03187768355796984	1.240804023651043	0.8573811763745004	0.6764013451784979	0.08
/vol/bitbucket/osella/rl-qecc-data/supervisedLearning/sweep2/g5_ground_pure_H10_s1000.pth	10	1000	2	groundPure	[(6, 6), (9, 6), (12, 6), (15, 3)]	True	True	True	True	geometric5	895050	6	6	2026-08-01	groundPure_66-96-126-153	0.023935993090281937	0.02620000639378723	0.0038048676601641768	0.011087994030045522	0.03431551287957404	0.0693918266245585	0.012399830774593999	0.017182101469570527	10.771755907632592	10.111702831361514	0.035454493593420476	1.1684677891908135	0.8253809243773688	0.6400214481333438	0.04
/vol/bitbucket/osella/rl-qecc-data/supervisedLearning/sweep2/g5_ground_pure_H10_s5000.pth	10	5000	2	groundPure	[(6, 6), (9, 6), (12, 6), (15, 3)]	True	True	True	True	geometric5	895050	6	6	2026-08-01	groundPure_66-96-126-153	0.023935993090281937	0.027449733459670108	0.00415542280501316	0.012430105279700534	0.036185405003803316	0.07181408320645381	0.012663651003379617	0.017182101469570527	10.809728708300502	10.111702831361514	0.03716704290311704	1.2208042277904085	0.8117307798384316	0.6255174428841509	0.06
/vol/bitbucket/osella/rl-qecc-data/supervisedLearning/sweep2/g5_ground_pure_H3_s2000.pth	3	2000	2	groundPure	[(6, 6), (9, 6), (12, 6), (15, 3)]	True	True	True	True	geometric5	895050	6	6	2026-08-01	groundPure_66-96-126-153	0.023935993090281937	0.02557155400266157	0.0036140282840467276	0.010644572422622015	0.03346066382463391	0.06738551625110518	0.012752989230900047	0.017182101469570527	10.762211177495209	10.111702831361514	0.03461361482747735	1.2657242852483712	0.8324001223964848	0.6474231028034046	0.02
/vol/bitbucket/osella/rl-qecc-data/supervisedLearning/sweep2/g5_ground_pure_H3_s6000.pth	3	6000	2	groundPure	[(6, 6), (9, 6), (12, 6), (15, 3)]	True	True	True	True	geometric5	895050	6	6	2026-08-01	groundPure_66-96-126-153	0.023935993090281937	0.025560039222048896	0.003794748982162445	0.011372785786389929	0.033500481549257166	0.06618138740282513	0.012950792389609948	0.017182101469570527	10.745025193233886	10.111702831361514	0.03395350772646327	1.1933941401163897	0.8406174197913897	0.6562990781807031	0.0
/vol/bitbucket/osella/rl-qecc-data/supervisedLearning/sweep2/g5_ground_pure_H4_s4000.pth	4	4000	2	groundPure	[(6, 6), (9, 6), (12, 6), (15, 3)]	True	True	True	True	geometric5	895050	6	6	2026-08-01	groundPure_66-96-126-153	0.023935993090281937	0.025379490223927322	0.0037558526535385233	0.011001349550750768	0.03282195780900248	0.06658264859418815	0.012735642512156644	0.017182101469570527	10.736117308234205	10.111702831361514	0.03404344265205194	1.2314488192158939	0.8380126127046355	0.6540763446484031	0.02
/vol/bitbucket/osella/rl-qecc-data/supervisedLearning/sweep2/g5_ground_pure_H6_s1000.pth	6	1000	2	groundPure	[(6, 6), (9, 6), (12, 6), (15, 3)]	True	True	True	True	geometric5	895050	6	6	2026-08-01	groundPure_66-96-126-153	0.023935993090281937	0.024962151363064795	0.0035412735341356144	0.010494755542240237	0.03241841053633673	0.06527619099679977	0.013080126205811612	0.017182101469570527	10.704746986445409	10.111702831361514	0.03343241110522994	1.3214925523666248	0.8421899091925699	0.6587453107569546	0.06
/vol/bitbucket/osella/rl-qecc-data/supervisedLearning/sweep2/g5_ground_pure_H6_s5000.pth	6	5000	2	groundPure	[(6, 6), (9, 6), (12, 6), (15, 3)]	True	True	True	True	geometric5	895050	6	6	2026-08-01	groundPure_66-96-126-153	0.023935993090281937	0.02490497716047834	0.0033629637162240693	0.010010629469994732	0.03214716299029387	0.0662144563204826	0.01278967330539649	0.017182101469570527	10.70316627918728	10.111702831361514	0.03376524704655075	1.2221755839447677	0.8445483247905086	0.660790216065057	0.04
/vol/bitbucket/osella/rl-qecc-data/supervisedLearning/sweep2/g5_ground_pure_H7_s2000.pth	7	2000	2	groundPure	[(6, 6), (9, 6), (12, 6), (15, 3)]	True	True	True	True	geometric5	895050	6	6	2026-08-01	groundPure_66-96-126-153	0.023935993090281937	0.025107019332427646	0.0035270084085225555	0.010610073185586013	0.03270887393653519	0.06628942451660871	0.012399716614885698	0.017182101469570527	10.729879812371886	10.111702831361514	0.0337664239478691	1.1511464534346054	0.8404274686246669	0.656472711597585	0.02
/vol/bitbucket/osella/rl-qecc-data/supervisedLearning/sweep2/g5_ground_pure_H7_s6000.pth	7	6000	2	groundPure	[(6, 6), (9, 6), (12, 6), (15, 3)]	True	True	True	True	geometric5	895050	6	6	2026-08-01	groundPure_66-96-126-153	0.023935993090281937	0.025355907600220117	0.0035702675754660223	0.010654619986130742	0.03291908803078833	0.06727083562552437	0.012364726783191171	0.017182101469570527	10.76939648619412	10.111702831361514	0.03437721028685808	1.2061829935138528	0.8401128877138498	0.6556806148256981	0.06
/vol/bitbucket/osella/rl-qecc-data/supervisedLearning/sweep2/g5_mix_66-96-126-153_H10_s4000.pth	10	4000	6	mixed	[(6, 6), (9, 6), (12, 6), (15, 3)]	True	True	True	True	geometric5	895050	6	6	2026-08-01	mixed_66-96-126-153	0.023935993090281937	0.026290755628801447	0.003922599866834842	0.011517288273513027	0.03322600081332651	0.0679275152752769	0.014860373915055888	0.017182101469570527	10.797087060387838	10.111702831361514	0.035628443148563976	1.7984636703680816	0.8225719978023811	0.6371452714622763	0.04
/vol/bitbucket/osella/rl-qecc-data/supervisedLearning/sweep2/g5_mix_66-96-126-153_H3_s1000.pth	3	1000	6	mixed	[(6, 6), (9, 6), (12, 6), (15, 3)]	True	True	True	True	geometric5	895050	6	6	2026-08-01	mixed_66-96-126-153	0.023935993090281937	0.026462607498725643	0.004223735762512576	0.012091135776824547	0.034113989155205034	0.06735569106506463	0.014528485734021483	0.017182101469570527	10.784010797181189	10.111702831361514	0.035490802716978534	1.7493839209595576	0.8258585899371397	0.6401366668733868	0.02
/vol/bitbucket/osella/rl-qecc-data/supervisedLearning/sweep2/g5_mix_66-96-126-153_H3_s5000.pth	3	5000	6	mixed	[(6, 6), (9, 6), (12, 6), (15, 3)]	True	True	True	True	geometric5	895050	6	6	2026-08-01	mixed_66-96-126-153	0.023935993090281937	0.02718862677818539	0.004383897546146435	0.012344286665148712	0.03511012839009345	0.06896320853402761	0.015141612755510785	0.017182101469570527	10.821673316571577	10.111702831361514	0.03645166975413931	1.6651570296576552	0.8140859816529394	0.6284254484967438	0.04
/vol/bitbucket/osella/rl-qecc-data/supervisedLearning/sweep2/g5_mix_66-96-126-153_H4_s2000.pth	4	2000	6	mixed	[(6, 6), (9, 6), (12, 6), (15, 3)]	True	True	True	True	geometric5	895050	6	6	2026-08-01	mixed_66-96-126-153	0.023935993090281937	0.02720872897756153	0.004091980286368911	0.011673892372170716	0.03405713350333525	0.06931473563131578	0.016905903094616984	0.017182101469570527	10.855591527140449	10.111702831361514	0.03712246657982089	1.7824340058957975	0.8067055006504396	0.6200202452997635	0.04
/vol/bitbucket/osella/rl-qecc-data/supervisedLearning/sweep2/g5_mix_66-96-126-153_H4_s6000.pth	4	6000	6	mixed	[(6, 6), (9, 6), (12, 6), (15, 3)]	True	True	True	True	geometric5	895050	6	6	2026-08-01	mixed_66-96-126-153	0.023935993090281937	0.028080083923529623	0.004492967007994417	0.012929927625359662	0.038121379469904085	0.07008976335482887	0.014766382159561029	0.017182101469570527	10.85262775239423	10.111702831361514	0.03727024278857304	1.8094364729399628	0.8136676487833608	0.6278943040585308	0.04
/vol/bitbucket/osella/rl-qecc-data/supervisedLearning/sweep2/g5_mix_66-96-126-153_H6_s4000.pth	6	4000	6	mixed	[(6, 6), (9, 6), (12, 6), (15, 3)]	True	True	True	True	geometric5	895050	6	6	2026-08-01	mixed_66-96-126-153	0.023935993090281937	0.026290128931021523	0.004037585340380463	0.011905969440727861	0.0334741650093354	0.06741791877471699	0.014615006089946899	0.017182101469570527	10.799673130789303	10.111702831361514	0.03539114214537862	1.7713462657551813	0.8241106737047789	0.6389733305420988	0.04
/vol/bitbucket/osella/rl-qecc-data/supervisedLearning/sweep2/g5_mix_66-96-126-153_H7_s1000.pth	7	1000	6	mixed	[(6, 6), (9, 6), (12, 6), (15, 3)]	True	True	True	True	geometric5	895050	6	6	2026-08-01	mixed_66-96-126-153	0.023935993090281937	0.029308962541523723	0.004502799372135892	0.012975593006204047	0.03752717094327955	0.07491571170721587	0.016623537678783277	0.017182101469570527	10.916734290986161	10.111702831361514	0.03995901391816571	1.684124551066859	0.7801877501542848	0.5928067090314115	0.06
/vol/bitbucket/osella/rl-qecc-data/supervisedLearning/sweep2/g5_mix_66-96-126-153_H7_s5000.pth	7	5000	6	mixed	[(6, 6), (9, 6), (12, 6), (15, 3)]	True	True	True	True	geometric5	895050	6	6	2026-08-01	mixed_66-96-126-153	0.023935993090281937	0.026736072425445033	0.004033853848446165	0.011503623785241257	0.034112439280262544	0.06855548013165234	0.015474965081622709	0.017182101469570527	10.812257976175486	10.111702831361514	0.03623914701962663	1.6204392126496094	0.8175056174447554	0.6321144201803115	0.02
/vol/bitbucket/osella/rl-qecc-data/supervisedLearning/sweep2/g5_mix_66-96-126_H10_s2000.pth	10	2000	8	mixed	[(6, 6), (9, 6), (12, 6)]	True	True	True	False	geometric5	895050	6	6	2026-08-01	mixed_66-96-126	0.023935993090281937	0.02843503667432601	0.004359813414356602	0.012723610157750696	0.03670384836741316	0.07372869472894418	0.01465921670316539	0.017182101469570527	10.876533447118073	10.111702831361514	0.03887205066952269	1.6423302687119454	0.7941593542518096	0.6075664892335138	0.04
/vol/bitbucket/osella/rl-qecc-data/supervisedLearning/sweep2/g5_mix_66-96-126_H10_s6000.pth	10	6000	8	mixed	[(6, 6), (9, 6), (12, 6)]	True	True	True	False	geometric5	895050	6	6	2026-08-01	mixed_66-96-126	0.023935993090281937	0.028765945214715156	0.004515956362159548	0.013393439154754386	0.038125599739783425	0.07380670212923238	0.013988028687646136	0.017182101469570527	10.877002000795192	10.111702831361514	0.038811047292452217	1.6076637532483145	0.7982667577474676	0.6121748420451089	0.06
/vol/bitbucket/osella/rl-qecc-data/supervisedLearning/sweep2/g5_mix_66-96-126_H3_s4000.pth	3	4000	8	mixed	[(6, 6), (9, 6), (12, 6)]	True	True	True	False	geometric5	895050	6	6	2026-08-01	mixed_66-96-126	0.023935993090281937	0.02604412996833338	0.0039226466356466	0.011313377997682486	0.03286127175932693	0.06702860046081963	0.015094752988191448	0.017182101469570527	10.770472924156701	10.111702831361514	0.03514817542765989	1.6146832653145757	0.8272986252641782	0.641806876961329	0.04
/vol/bitbucket/osella/rl-qecc-data/supervisedLearning/sweep2/g5_mix_66-96-126_H4_s1000.pth	4	1000	8	mixed	[(6, 6), (9, 6), (12, 6)]	True	True	True	False	geometric5	895050	6	6	2026-08-01	mixed_66-96-126	0.023935993090281937	0.028412370143611025	0.004634374331949827	0.01322823228944185	0.037624491096588386	0.07268454529478435	0.013890207705290775	0.017182101469570527	10.870422022373525	10.111702831361514	0.03803311783579616	1.6450402071836787	0.8001748074458808	0.6144031043821992	0.04
/vol/bitbucket/osella/rl-qecc-data/supervisedLearning/sweep2/g5_mix_66-96-126_H4_s5000.pth	4	5000	8	mixed	[(6, 6), (9, 6), (12, 6)]	True	True	True	False	geometric5	895050	6	6	2026-08-01	mixed_66-96-126	0.023935993090281937	0.02680761740085299	0.003943360235121538	0.011653583695519373	0.03503896842200832	0.06865123675992818	0.014750937891687542	0.017182101469570527	10.828214516706648	10.111702831361514	0.03629820862668443	1.700894146402697	0.8166324999875153	0.6318446097836465	0.06
/vol/bitbucket/osella/rl-qecc-data/supervisedLearning/sweep2/g5_mix_66-96-126_H6_s2000.pth	6	2000	8	mixed	[(6, 6), (9, 6), (12, 6)]	True	True	True	False	geometric5	895050	6	6	2026-08-01	mixed_66-96-126	0.023935993090281937	0.028265556564417385	0.0043507745281130715	0.012725519330798947	0.03656163963250652	0.07310813716967073	0.014581712160997707	0.017182101469570527	10.862927034061265	10.111702831361514	0.03852443740942391	1.6232402611182366	0.7971259876275902	0.6108837992103495	0.04
/vol/bitbucket/osella/rl-qecc-data/supervisedLearning/sweep2/g5_mix_66-96-126_H6_s6000.pth	6	6000	8	mixed	[(6, 6), (9, 6), (12, 6)]	True	True	True	False	geometric5	895050	6	6	2026-08-01	mixed_66-96-126	0.023935993090281937	0.025994611070593112	0.00419996394656247	0.01193171138426576	0.033283875475429076	0.06651900892198548	0.014038495624722811	0.017182101469570527	10.772562629444657	10.111702831361514	0.03462311621793107	1.6056476748934618	0.8324910692866578	0.6482754348085132	0.04
/vol/bitbucket/osella/rl-qecc-data/supervisedLearning/sweep2/g5_mix_66-96-126_H7_s4000.pth	7	4000	8	mixed	[(6, 6), (9, 6), (12, 6)]	True	True	True	False	geometric5	895050	6	6	2026-08-01	mixed_66-96-126	0.023935993090281937	0.02619191354056623	0.003971336754889413	0.011607630035668958	0.03326570961005236	0.06716394160917077	0.014950949693049716	0.017182101469570527	10.773447696288134	10.111702831361514	0.03518274104573889	1.5991986786412844	0.8268334163955038	0.6415149218976949	0.06
/vol/bitbucket/osella/rl-qecc-data/supervisedLearning/sweep2/g5_mix_66-96_H10_s1000.pth	10	1000	12	mixed	[(6, 6), (9, 6)]	True	True	False	False	geometric5	895050	6	6	2026-08-01	mixed_66-96	0.023935993090281937	0.025826730253828856	0.0039337989687492515	0.01147104939280488	0.033982727551459875	0.06634672088363965	0.01339935447249066	0.017182101469570527	10.748766996200079	10.111702831361514	0.03423966956013468	1.4272028003185928	0.8382571066278537	0.6545085642967554	0.1
/vol/bitbucket/osella/rl-qecc-data/supervisedLearning/sweep2/g5_mix_66-96_H10_s5000.pth	10	5000	12	mixed	[(6, 6), (9, 6)]	True	True	False	False	geometric5	895050	6	6	2026-08-01	mixed_66-96	0.023935993090281937	0.024952632908903188	0.0037992861395959292	0.010891945468658272	0.032860501656446224	0.06421509757307431	0.012996333706741156	0.017182101469570527	10.72046639009045	10.111702831361514	0.03303796965324549	1.3495474224299413	0.8479466556684052	0.6664052826921123	0.02
/vol/bitbucket/osella/rl-qecc-data/supervisedLearning/sweep2/g5_mix_66-96_H3_s2000.pth	3	2000	12	mixed	[(6, 6), (9, 6)]	True	True	False	False	geometric5	895050	6	6	2026-08-01	mixed_66-96	0.023935993090281937	0.024686569012027468	0.0036422182911182086	0.010574649723141214	0.03171008093260824	0.06424393727695903	0.013261958836310627	0.017182101469570527	10.70798139923132	10.111702831361514	0.0329590148460205	1.3805961789965504	0.8480090224539951	0.6654184497543895	0.02
/vol/bitbucket/osella/rl-qecc-data/supervisedLearning/sweep2/g5_mix_66-96_H3_s6000.pth	3	6000	12	mixed	[(6, 6), (9, 6)]	True	True	False	False	geometric5	895050	6	6	2026-08-01	mixed_66-96	0.023935993090281937	0.02539196357286516	0.003934582959746221	0.011159241916390459	0.0326042239938822	0.0652239254244831	0.014037843569823948	0.017182101469570527	10.7337668608725	10.111702831361514	0.0337198244642898	1.4797882438495795	0.8407535721692027	0.6571730278257112	0.04
/vol/bitbucket/osella/rl-qecc-data/supervisedLearning/sweep2/g5_mix_66-96_H4_s4000.pth	4	4000	12	mixed	[(6, 6), (9, 6)]	True	True	False	False	geometric5	895050	6	6	2026-08-01	mixed_66-96	0.023935993090281937	0.0252122282251488	0.003935785565826856	0.01125892268584335	0.033274449696782185	0.06452959968821946	0.013062383489072018	0.017182101469570527	10.723844548995064	10.111702831361514	0.03325131011277833	1.3185393256563347	0.8465022620412058	0.664395951287243	0.06
/vol/bitbucket/osella/rl-qecc-data/supervisedLearning/sweep2/g5_mix_66-96_H6_s1000.pth	6	1000	12	mixed	[(6, 6), (9, 6)]	True	True	False	False	geometric5	895050	6	6	2026-08-01	mixed_66-96	0.023935993090281937	0.02507366624563159	0.003791878775037099	0.010971337012946263	0.032024450093915316	0.06496772641258744	0.013612938933671754	0.017182101469570527	10.717316635392619	10.111702831361514	0.033528572602127854	1.5362633666263785	0.8444428896674687	0.6617265940908299	0.04
/vol/bitbucket/osella/rl-qecc-data/supervisedLearning/sweep2/g5_mix_66-96_H6_s5000.pth	6	5000	12	mixed	[(6, 6), (9, 6)]	True	True	False	False	geometric5	895050	6	6	2026-08-01	mixed_66-96	0.023935993090281937	0.02615275561269994	0.004149270003499234	0.01206512369690062	0.03487810581876494	0.06644358580929086	0.013227692735044115	0.017182101469570527	10.763867859859012	10.111702831361514	0.0345098920613011	1.4912826273057869	0.8366585825230277	0.6535372584738167	0.06
/vol/bitbucket/osella/rl-qecc-data/supervisedLearning/sweep2/g5_mix_66-96_H7_s2000.pth	7	2000	12	mixed	[(6, 6), (9, 6)]	True	True	False	False	geometric5	895050	6	6	2026-08-01	mixed_66-96	0.023935993090281937	0.025502404935079232	0.003967972186098941	0.01138673687709746	0.03296685783900035	0.06580371798319067	0.013386739790008848	0.017182101469570527	10.74714968634035	10.111702831361514	0.03396112171369693	1.4134826374594696	0.8375611481964026	0.6541215029368039	0.02
/vol/bitbucket/osella/rl-qecc-data/supervisedLearning/sweep2/g5_mix_66-96_H7_s6000.pth	7	6000	12	mixed	[(6, 6), (9, 6)]	True	True	False	False	geometric5	895050	6	6	2026-08-01	mixed_66-96	0.023935993090281937	0.02756793822918703	0.004313822280106894	0.012202345142639529	0.03630419014191463	0.07104552729547335	0.013973806285800625	0.017182101469570527	10.826000565876894	10.111702831361514	0.03699561709008427	1.5445025345220438	0.8121097899465481	0.6255355433507751	0.02
/vol/bitbucket/osella/rl-qecc-data/supervisedLearning/sweep2/g5_mix_66_H10_s4000.pth	10	4000	24	mixed	[(6, 6)]	True	False	False	False	geometric5	895050	6	6	2026-08-01	mixed_66	0.023935993090281937	0.023922130922531926	0.0034048634807973275	0.00980732258181962	0.031184323544971745	0.06257698454008967	0.012637160464981248	0.017182101469570527	10.66302823921299	10.111702831361514	0.031996048705861084	1.2603022810700393	0.8579999126208391	0.6773127465834772	0.0
/vol/bitbucket/osella/rl-qecc-data/supervisedLearning/sweep2/g5_mix_66_H3_s1000.pth	3	1000	24	mixed	[(6, 6)]	True	False	False	False	geometric5	895050	6	6	2026-08-01	mixed_66	0.023935993090281937	0.025024360105969548	0.0035816595624384062	0.010605806583177023	0.03184629461706365	0.06541270445162202	0.013675335315546716	0.017182101469570527	10.70640744037824	10.111702831361514	0.03371815216060651	1.4667689565393314	0.8445183328475575	0.6615692894618066	0.02
/vol/bitbucket/osella/rl-qecc-data/supervisedLearning/sweep2/g5_mix_66_H3_s5000.pth	3	5000	24	mixed	[(6, 6)]	True	False	False	False	geometric5	895050	6	6	2026-08-01	mixed_66	0.023935993090281937	0.024165706470047694	0.0034531321526954273	0.010290294821754621	0.03139745888680417	0.06294188106282762	0.01274576542615657	0.017182101469570527	10.674109530016702	10.111702831361514	0.03219017894792997	1.2787332031809546	0.8563645429603755	0.6750593127501946	0.02
/vol/bitbucket/osella/rl-qecc-data/supervisedLearning/sweep2/g5_mix_66_H4_s2000.pth	4	2000	24	mixed	[(6, 6)]	True	False	False	False	geometric5	895050	6	6	2026-08-01	mixed_66	0.023935993090281937	0.026358164345368012	0.0037527718338316485	0.011154621642496086	0.03442834323111137	0.06953393847978206	0.012921146539618936	0.017182101469570527	10.762980412468622	10.111702831361514	0.03578304093770853	1.2907870038723348	0.826722077131245	0.6417674686031881	0.04
/vol/bitbucket/osella/rl-qecc-data/supervisedLearning/sweep2/g5_mix_66_H4_s6000.pth	4	6000	24	mixed	[(6, 6)]	True	False	False	False	geometric5	895050	6	6	2026-08-01	mixed_66	0.023935993090281937	0.02434752881257834	0.003434986763299884	0.009980882513681715	0.031110886973147633	0.06419587957044476	0.013015008242317725	0.017182101469570527	10.67520936777864	10.111702831361514	0.03275232659554182	1.4497982761834722	0.8496105776992798	0.6674255759850667	0.04
/vol/bitbucket/osella/rl-qecc-data/supervisedLearning/sweep2/g5_mix_66_H6_s4000.pth	6	4000	24	mixed	[(6, 6)]	True	False	False	False	geometric5	895050	6	6	2026-08-01	mixed_66	0.023935993090281937	0.02606056467318	0.00403538260126242	0.011403216282630689	0.03435916389742615	0.06750831617868178	0.012996744405898906	0.017182101469570527	10.758357919396035	10.111702831361514	0.03488293449167282	1.357467450887143	0.8316912906377667	0.6481035448056943	0.04
/vol/bitbucket/osella/rl-qecc-data/supervisedLearning/sweep2/g5_mix_66_H7_s1000.pth	7	1000	24	mixed	[(6, 6)]	True	False	False	False	geometric5	895050	6	6	2026-08-01	mixed_66	0.023935993090281937	0.02463364531422255	0.0034216123034462582	0.010148537744207431	0.031756352001267245	0.06486614904896595	0.012975575473225948	0.017182101469570527	10.684307022002361	10.111702831361514	0.03315900908547206	1.3718857271131486	0.8517236298875911	0.6696234728719463	0.06
/vol/bitbucket/osella/rl-qecc-data/supervisedLearning/sweep2/g5_mix_66_H7_s5000.pth	7	5000	24	mixed	[(6, 6)]	True	False	False	False	geometric5	895050	6	6	2026-08-01	mixed_66	0.023935993090281937	0.02396818249460224	0.003224465162675989	0.009672817513677068	0.031196535593474673	0.06287618778827929	0.012870906414904099	0.017182101469570527	10.67414864732752	10.111702831361514	0.0321285221361667	1.3216074245198866	0.8552553211119284	0.6737550384335796	0.06
/vol/bitbucket/osella/rl-qecc-data/supervisedLearning/sweep2/g5_ground_anch_H10_s2000.pth	10	2000	2	groundAnchored	[(6, 6), (9, 6), (12, 6), (15, 3)]	True	True	True	True	geometric5	2745740	9	6	2026-08-01	groundAnchored_66-96-126-153	0.023244236778233764	0.047861420884569746	0.0023412258064962276	0.009091685778951251	0.04029625725085046	0.16213297146516453	0.02544496412138613	0.01659652682560746	10.199735284146719	8.67519330798223	0.07458935460578786	1.5975629920233538	0.6830858703500873	0.4995793278932698	0.02
/vol/bitbucket/osella/rl-qecc-data/supervisedLearning/sweep2/g5_ground_anch_H10_s6000.pth	10	6000	2	groundAnchored	[(6, 6), (9, 6), (12, 6), (15, 3)]	True	True	True	True	geometric5	2745740	9	6	2026-08-01	groundAnchored_66-96-126-153	0.023244236778233764	0.03945435074530633	0.003279128684723034	0.011734449632680525	0.04677501617618591	0.10993273124817066	0.025550427984771546	0.01659652682560746	9.870451387890421	8.67519330798223	0.05411468518275007	1.6395400319064815	0.6264069957015583	0.44777587895985066	0.02
/vol/bitbucket/osella/rl-qecc-data/supervisedLearning/sweep2/g5_ground_anch_H3_s4000.pth	3	4000	2	groundAnchored	[(6, 6), (9, 6), (12, 6), (15, 3)]	True	True	True	True	geometric5	2745740	9	6	2026-08-01	groundAnchored_66-96-126-153	0.023244236778233764	0.05027155605031389	0.0024766253740323547	0.008798138756640195	0.03862619477099336	0.17641822734105497	0.02503859400884887	0.01659652682560746	10.29420094106329	8.67519330798223	0.08200309094542607	1.587906417241364	0.6794881958059206	0.4949727635993619	0.0
/vol/bitbucket/osella/rl-qecc-data/supervisedLearning/sweep2/g5_ground_anch_H4_s1000.pth	4	1000	2	groundAnchored	[(6, 6), (9, 6), (12, 6), (15, 3)]	True	True	True	True	geometric5	2745740	9	6	2026-08-01	groundAnchored_66-96-126-153	0.023244236778233764	0.04860886720890672	0.0024674033471005796	0.009745892294052138	0.036984577556493495	0.1686540945119171	0.02519236833497013	0.01659652682560746	10.242219342737679	8.67519330798223	0.07853248673425794	1.64126537999887	0.6856677380955402	0.4990546281242247	0.0
/vol/bitbucket/osella/rl-qecc-data/supervisedLearning/sweep2/g5_ground_anch_H4_s5000.pth	4	5000	2	groundAnchored	[(6, 6), (9, 6), (12, 6), (15, 3)]	True	True	True	True	geometric5	2745740	9	6	2026-08-01	groundAnchored_66-96-126-153	0.023244236778233764	0.045020336413031097	0.0015570544819595168	0.006300140385802802	0.03712102123691087	0.15515152704978963	0.024971938910692902	0.01659652682560746	10.095846779121812	8.67519330798223	0.07462866371329353	1.609792753635864	0.680253066035925	0.49429246062743026	0.02
/vol/bitbucket/osella/rl-qecc-data/supervisedLearning/sweep2/g5_ground_anch_H6_s2000.pth	6	2000	2	groundAnchored	[(6, 6), (9, 6), (12, 6), (15, 3)]	True	True	True	True	geometric5	2745740	9	6	2026-08-01	groundAnchored_66-96-126-153	0.023244236778233764	0.04314907746660181	0.0019445336499264655	0.0071014306824676915	0.03500474144164442	0.14668060980887182	0.02501407175009842	0.01659652682560746	10.036214592908287	8.67519330798223	0.06958490292554607	1.589515334391327	0.6930449167377063	0.5048474207897858	0.0
/vol/bitbucket/osella/rl-qecc-data/supervisedLearning/sweep2/g5_ground_anch_H6_s6000.pth	6	6000	2	groundAnchored	[(6, 6), (9, 6), (12, 6), (15, 3)]	True	True	True	True	geometric5	2745740	9	6	2026-08-01	groundAnchored_66-96-126-153	0.023244236778233764	0.04781927841035352	0.002306775545461106	0.008533806343687868	0.04005567645156421	0.16351301163661072	0.02468712207444376	0.01659652682560746	10.223458783270388	8.67519330798223	0.07681006090015294	1.6114258451586987	0.6485090623117629	0.46733611607208786	0.08
/vol/bitbucket/osella/rl-qecc-data/supervisedLearning/sweep2/g5_ground_anch_H7_s4000.pth	7	4000	2	groundAnchored	[(6, 6), (9, 6), (12, 6), (15, 3)]	True	True	True	True	geometric5	2745740	9	6	2026-08-01	groundAnchored_66-96-126-153	0.023244236778233764	0.040101521141561576	0.0019496709428586017	0.007141156829258761	0.03409490190683151	0.13121511196371233	0.02610676406514661	0.01659652682560746	9.847751802108267	8.67519330798223	0.06489906873181438	1.57526838693516	0.7155841240741353	0.5250166200129267	0.0
/vol/bitbucket/osella/rl-qecc-data/supervisedLearning/sweep2/g5_ground_pure_H10_s1000.pth	10	1000	2	groundPure	[(6, 6), (9, 6), (12, 6), (15, 3)]	True	True	True	True	geometric5	2745740	9	6	2026-08-01	groundPure_66-96-126-153	0.023244236778233764	0.043213430722104505	0.0014918875632788547	0.00595820768321514	0.03657161399561988	0.14714630328838763	0.024899141080021347	0.01659652682560746	10.061715426933977	8.67519330798223	0.07176583747706232	1.567677597083771	0.7159013328514378	0.5250655876819168	0.02
/vol/bitbucket/osella/rl-qecc-data/supervisedLearning/sweep2/g5_ground_pure_H10_s5000.pth	10	5000	2	groundPure	[(6, 6), (9, 6), (12, 6), (15, 3)]	True	True	True	True	geometric5	2745740	9	6	2026-08-01	groundPure_66-96-126-153	0.023244236778233764	0.03947046615487892	0.0020622308031369285	0.008505751272537016	0.03805787587841312	0.1241502391494368	0.024576233670870862	0.01659652682560746	9.89807624262688	8.67519330798223	0.05975680272245312	1.5990226061669228	0.665990879373232	0.4810721414411703	0.02
/vol/bitbucket/osella/rl-qecc-data/supervisedLearning/sweep2/g5_ground_pure_H3_s2000.pth	3	2000	2	groundPure	[(6, 6), (9, 6), (12, 6), (15, 3)]	True	True	True	True	geometric5	2745740	9	6	2026-08-01	groundPure_66-96-126-153	0.023244236778233764	0.0505156342606921	0.0013882578427074496	0.0054207521860301176	0.04106915102453089	0.1801833202009163	0.0245166900492756	0.01659652682560746	10.483284280433837	8.67519330798223	0.08512823319582644	1.58795440157491	0.6928673704947989	0.5046399576543316	0.02
/vol/bitbucket/osella/rl-qecc-data/supervisedLearning/sweep2/g5_ground_pure_H3_s6000.pth	3	6000	2	groundPure	[(6, 6), (9, 6), (12, 6), (15, 3)]	True	True	True	True	geometric5	2745740	9	6	2026-08-01	groundPure_66-96-126-153	0.023244236778233764	0.04399093568927273	0.001642135312461821	0.006254539541880262	0.036653531958323105	0.15059602357838406	0.02480844805531435	0.01659652682560746	10.042321256662946	8.67519330798223	0.07233716964766744	1.6051711185863895	0.6807530472273298	0.4945043603995248	0.02
/vol/bitbucket/osella/rl-qecc-data/supervisedLearning/sweep2/g5_ground_pure_H4_s4000.pth	4	4000	2	groundPure	[(6, 6), (9, 6), (12, 6), (15, 3)]	True	True	True	True	geometric5	2745740	9	6	2026-08-01	groundPure_66-96-126-153	0.023244236778233764	0.04968618894958882	0.0016420935766500396	0.00651528993539629	0.03723807599924113	0.1778858139842994	0.025149671252357595	0.01659652682560746	10.331173455229605	8.67519330798223	0.08444556423117501	1.610203948383338	0.6681729102082521	0.4834405538093748	0.0
/vol/bitbucket/osella/rl-qecc-data/supervisedLearning/sweep2/g5_ground_pure_H6_s1000.pth	6	1000	2	groundPure	[(6, 6), (9, 6), (12, 6), (15, 3)]	True	True	True	True	geometric5	2745740	9	6	2026-08-01	groundPure_66-96-126-153	0.023244236778233764	0.04997041855846626	0.0018935478410013107	0.00704618025245399	0.03645258258760183	0.1788009319976093	0.025658850113664533	0.01659652682560746	10.230840551602714	8.67519330798223	0.08529811947336863	1.597581196489834	0.6614694437465631	0.47770754842921376	0.02
/vol/bitbucket/osella/rl-qecc-data/supervisedLearning/sweep2/g5_ground_pure_H6_s5000.pth	6	5000	2	groundPure	[(6, 6), (9, 6), (12, 6), (15, 3)]	True	True	True	True	geometric5	2745740	9	6	2026-08-01	groundPure_66-96-126-153	0.023244236778233764	0.04193964374996756	0.003518183102861277	0.013060072752168743	0.039982407578000416	0.12861691474506887	0.02452064057173879	0.01659652682560746	9.916026210029363	8.67519330798223	0.05989220381805482	1.586122295973213	0.6779202983379592	0.4912131158473328	0.02
/vol/bitbucket/osella/rl-qecc-data/supervisedLearning/sweep2/g5_ground_pure_H7_s2000.pth	7	2000	2	groundPure	[(6, 6), (9, 6), (12, 6), (15, 3)]	True	True	True	True	geometric5	2745740	9	6	2026-08-01	groundPure_66-96-126-153	0.023244236778233764	0.0343355353023404	0.0016852557524512654	0.0067920210357758064	0.03476487035195968	0.10330752547580803	0.025128003895707164	0.01659652682560746	9.688706483742171	8.67519330798223	0.052192754684875414	1.586236689369408	0.7208456157259974	0.5296077332941157	0.0
/vol/bitbucket/osella/rl-qecc-data/supervisedLearning/sweep2/g5_ground_pure_H7_s6000.pth	7	6000	2	groundPure	[(6, 6), (9, 6), (12, 6), (15, 3)]	True	True	True	True	geometric5	2745740	9	6	2026-08-01	groundPure_66-96-126-153	0.023244236778233764	0.04843517321856207	0.00156278143859947	0.005853083290856842	0.041281733078394306	0.16906691512030633	0.024411353164653697	0.01659652682560746	10.436821983123828	8.67519330798223	0.08003690027942205	1.6128867786471095	0.681800697831414	0.49539199658847066	0.04
/vol/bitbucket/osella/rl-qecc-data/supervisedLearning/sweep2/g5_mix_66-96-126-153_H10_s4000.pth	10	4000	6	mixed	[(6, 6), (9, 6), (12, 6), (15, 3)]	True	True	True	True	geometric5	2745740	9	6	2026-08-01	mixed_66-96-126-153	0.023244236778233764	0.025044467305981356	0.001678256054551938	0.0055219315264582805	0.027357916554195588	0.06599792695182272	0.024666305442878185	0.01659652682560746	9.304721206803324	8.67519330798223	0.03647037542440273	1.5304356322166897	0.7938245962454958	0.5999744520399501	0.06
/vol/bitbucket/osella/rl-qecc-data/supervisedLearning/sweep2/g5_mix_66-96-126-153_H3_s1000.pth	3	1000	6	mixed	[(6, 6), (9, 6), (12, 6), (15, 3)]	True	True	True	True	geometric5	2745740	9	6	2026-08-01	mixed_66-96-126-153	0.023244236778233764	0.025418178048615996	0.0016618635432117186	0.005651997422936176	0.027588362012194122	0.06724284808975868	0.024945819174979317	0.01659652682560746	9.311105994972651	8.67519330798223	0.037287224178030806	1.5951485527235816	0.7877148359581386	0.5935090533039563	0.02
/vol/bitbucket/osella/rl-qecc-data/supervisedLearning/sweep2/g5_mix_66-96-126-153_H3_s5000.pth	3	5000	6	mixed	[(6, 6), (9, 6), (12, 6), (15, 3)]	True	True	True	True	geometric5	2745740	9	6	2026-08-01	mixed_66-96-126-153	0.023244236778233764	0.025350960269601118	0.001966473041031923	0.006137013139012972	0.02814026858264417	0.06624905413530502	0.02426199245001163	0.01659652682560746	9.302914628124519	8.67519330798223	0.03652729899217552	1.4031956660547988	0.7948452804669225	0.6010365163651017	0.02
/vol/bitbucket/osella/rl-qecc-data/supervisedLearning/sweep2/g5_mix_66-96-126-153_H4_s2000.pth	4	2000	6	mixed	[(6, 6), (9, 6), (12, 6), (15, 3)]	True	True	True	True	geometric5	2745740	9	6	2026-08-01	mixed_66-96-126-153	0.023244236778233764	0.02550446259920248	0.001544170707947848	0.005352682542402186	0.028205696991098952	0.06737655084062302	0.02504321191394022	0.01659652682560746	9.338439179123084	8.67519330798223	0.03744901208682553	1.6078300845991444	0.7835328687126228	0.5891197154825388	0.04
/vol/bitbucket/osella/rl-qecc-data/supervisedLearning/sweep2/g5_mix_66-96-126-153_H4_s6000.pth	4	6000	6	mixed	[(6, 6), (9, 6), (12, 6), (15, 3)]	True	True	True	True	geometric5	2745740	9	6	2026-08-01	mixed_66-96-126-153	0.023244236778233764	0.026216697643713406	0.0019744599301275982	0.00641085322453384	0.02962621326342053	0.0681202801119074	0.024951681688577566	0.01659652682560746	9.328744755474156	8.67519330798223	0.037812005183538604	1.5767955940192981	0.7854699680696472	0.590833406377114	0.04
/vol/bitbucket/osella/rl-qecc-data/supervisedLearning/sweep2/g5_mix_66-96-126-153_H6_s4000.pth	6	4000	6	mixed	[(6, 6), (9, 6), (12, 6), (15, 3)]	True	True	True	True	geometric5	2745740	9	6	2026-08-01	mixed_66-96-126-153	0.023244236778233764	0.02444671214633064	0.0017499356880548312	0.005756718389362032	0.02715409602654084	0.06421599264553687	0.023356817982158672	0.01659652682560746	9.277539196724405	8.67519330798223	0.03509235295711037	1.323709043485646	0.8093827418814825	0.6167778637046363	0.0
/vol/bitbucket/osella/rl-qecc-data/supervisedLearning/sweep2/g5_mix_66-96-126-153_H7_s1000.pth	7	1000	6	mixed	[(6, 6), (9, 6), (12, 6), (15, 3)]	True	True	True	True	geometric5	2745740	9	6	2026-08-01	mixed_66-96-126-153	0.023244236778233764	0.025928174207422206	0.001840879288818438	0.006032233397418331	0.029588379234269442	0.06842483728978117	0.023754541826823763	0.01659652682560746	9.330085890553057	8.67519330798223	0.03720693014211573	1.3585870687647263	0.787389324671378	0.5939732060366457	0.04
/vol/bitbucket/osella/rl-qecc-data/supervisedLearning/sweep2/g5_mix_66-96-126-153_H7_s5000.pth	7	5000	6	mixed	[(6, 6), (9, 6), (12, 6), (15, 3)]	True	True	True	True	geometric5	2745740	9	6	2026-08-01	mixed_66-96-126-153	0.023244236778233764	0.02544665131136695	0.0017859991482507642	0.005718306868061385	0.027683655614527194	0.0668239696870802	0.025221325238915376	0.01659652682560746	9.311042625368554	8.67519330798223	0.03707502774259177	1.5615709342648427	0.7885198496618366	0.5943305526732197	0.04
/vol/bitbucket/osella/rl-qecc-data/supervisedLearning/sweep2/g5_mix_66-96-126_H10_s2000.pth	10	2000	8	mixed	[(6, 6), (9, 6), (12, 6)]	True	True	True	False	geometric5	2745740	9	6	2026-08-01	mixed_66-96-126	0.023244236778233764	0.025635962141300005	0.0017570002215200305	0.005958161140842497	0.029311253405862703	0.06815201644460243	0.023001379493672525	0.01659652682560746	9.323001377877635	8.67519330798223	0.03698934617207993	1.2593461155937005	0.7922244079743124	0.5988486070224288	0.02
/vol/bitbucket/osella/rl-qecc-data/supervisedLearning/sweep2/g5_mix_66-96-126_H10_s6000.pth	10	6000	8	mixed	[(6, 6), (9, 6), (12, 6)]	True	True	True	False	geometric5	2745740	9	6	2026-08-01	mixed_66-96-126	0.023244236778233764	0.025141282033142046	0.0019170257592611918	0.006272038009892552	0.029378596926013203	0.06665703133564034	0.02148171813490318	0.01659652682560746	9.297183551686265	8.67519330798223	0.035640225945722116	1.1377381035614316	0.8041485589766846	0.6119788842864946	0.02
/vol/bitbucket/osella/rl-qecc-data/supervisedLearning/sweep2/g5_mix_66-96-126_H3_s4000.pth	3	4000	8	mixed	[(6, 6), (9, 6), (12, 6)]	True	True	True	False	geometric5	2745740	9	6	2026-08-01	mixed_66-96-126	0.023244236778233764	0.025451847615471094	0.0016312240820674112	0.005495069148539831	0.02751432845639521	0.0677414941373919	0.024877122252961337	0.01659652682560746	9.31002765063549	8.67519330798223	0.03739658801241613	1.5989434629707597	0.7889691853498122	0.5949073356301242	0.04
/vol/bitbucket/osella/rl-qecc-data/supervisedLearning/sweep2/g5_mix_66-96-126_H4_s1000.pth	4	1000	8	mixed	[(6, 6), (9, 6), (12, 6)]	True	True	True	False	geometric5	2745740	9	6	2026-08-01	mixed_66-96-126	0.023244236778233764	0.026046348331971877	0.001971861280434428	0.006410596716583248	0.029736289696126735	0.0685333844766484	0.02357960949006664	0.01659652682560746	9.329151200930928	8.67519330798223	0.03726251060964657	1.4091497980327101	0.7858447646716153	0.592554799856956	0.04
/vol/bitbucket/osella/rl-qecc-data/supervisedLearning/sweep2/g5_mix_66-96-126_H4_s5000.pth	4	5000	8	mixed	[(6, 6), (9, 6), (12, 6)]	True	True	True	False	geometric5	2745740	9	6	2026-08-01	mixed_66-96-126	0.023244236778233764	0.025316254157470235	0.0015769581970704403	0.005441165815500646	0.027969807718921783	0.06683573507464755	0.02475760398121071	0.01659652682560746	9.324117668075806	8.67519330798223	0.03716263452015256	1.5901698252533332	0.7874815086021502	0.5931748045320859	0.0
/vol/bitbucket/osella/rl-qecc-data/supervisedLearning/sweep2/g5_mix_66-96-126_H6_s2000.pth	6	2000	8	mixed	[(6, 6), (9, 6), (12, 6)]	True	True	True	False	geometric5	2745740	9	6	2026-08-01	mixed_66-96-126	0.023244236778233764	0.02522398099639397	0.0017404143627682345	0.00595118426026699	0.028972686972618084	0.06712637855661012	0.02232924082970657	0.01659652682560746	9.301292110685623	8.67519330798223	0.03624400302240595	1.2009939190519743	0.7995031079777531	0.6064519163369084	0.02
/vol/bitbucket/osella/rl-qecc-data/supervisedLearning/sweep2/g5_mix_66-96-126_H6_s6000.pth	6	6000	8	mixed	[(6, 6), (9, 6), (12, 6)]	True	True	True	False	geometric5	2745740	9	6	2026-08-01	mixed_66-96-126	0.023244236778233764	0.02375285174602795	0.0017033071160309293	0.005634286119775547	0.02694070810601742	0.06277695822613032	0.021708999162185695	0.01659652682560746	9.250923353233471	8.67519330798223	0.03370143535315169	1.1211128443330403	0.8251712558443883	0.6346131210830085	0.02
/vol/bitbucket/osella/rl-qecc-data/supervisedLearning/sweep2/g5_mix_66-96-126_H7_s4000.pth	7	4000	8	mixed	[(6, 6), (9, 6), (12, 6)]	True	True	True	False	geometric5	2745740	9	6	2026-08-01	mixed_66-96-126	0.023244236778233764	0.02491241795890927	0.0017695027721021446	0.005946738666203193	0.028517932600281785	0.06495344920752355	0.023374466548435616	0.01659652682560746	9.27891819917084	8.67519330798223	0.03563071392516818	1.2814026698142216	0.8073439828662181	0.6147227427587109	0.04
/vol/bitbucket/osella/rl-qecc-data/supervisedLearning/sweep2/g5_mix_66-96_H10_s1000.pth	10	1000	12	mixed	[(6, 6), (9, 6)]	True	True	False	False	geometric5	2745740	9	6	2026-08-01	mixed_66-96	0.023244236778233764	0.02345700673788874	0.0017622752924904951	0.005833650226685741	0.028000599030815775	0.06131198943161209	0.020376519707839727	0.01659652682560746	9.230224818691884	8.67519330798223	0.03245928833345666	1.020873040467527	0.8395418384441312	0.6507667406972312	0.04
/vol/bitbucket/osella/rl-qecc-data/supervisedLearning/sweep2/g5_mix_66-96_H10_s5000.pth	10	5000	12	mixed	[(6, 6), (9, 6)]	True	True	False	False	geometric5	2745740	9	6	2026-08-01	mixed_66-96	0.023244236778233764	0.02285498981439838	0.001519022645927979	0.005221895035912576	0.026908412755803926	0.06061889192204022	0.020006726712307254	0.01659652682560746	9.224453180415312	8.67519330798223	0.032019508529416096	0.9975305711210503	0.8423393349146419	0.6541308472956708	0.06
/vol/bitbucket/osella/rl-qecc-data/supervisedLearning/sweep2/g5_mix_66-96_H3_s2000.pth	3	2000	12	mixed	[(6, 6), (9, 6)]	True	True	False	False	geometric5	2745740	9	6	2026-08-01	mixed_66-96	0.023244236778233764	0.023043344790611223	0.0015347351552965648	0.005357788165827412	0.02695011516857313	0.0610426298462488	0.020331455617109865	0.01659652682560746	9.233114610656209	8.67519330798223	0.03232036856582127	0.9987773861137759	0.8394556576908511	0.6509794385159514	0.0
/vol/bitbucket/osella/rl-qecc-data/supervisedLearning/sweep2/g5_mix_66-96_H3_s6000.pth	3	6000	12	mixed	[(6, 6), (9, 6)]	True	True	False	False	geometric5	2745740	9	6	2026-08-01	mixed_66-96	0.023244236778233764	0.023786203469284572	0.001881709151168955	0.005869785438675626	0.027626987696282183	0.062103566092384994	0.021448968967910913	0.01659652682560746	9.241961333986994	8.67519330798223	0.033110141186653626	1.0843869616888901	0.8304091689176994	0.6409525651196438	0.0
/vol/bitbucket/osella/rl-qecc-data/supervisedLearning/sweep2/g5_mix_66-96_H4_s4000.pth	4	4000	12	mixed	[(6, 6), (9, 6)]	True	True	False	False	geometric5	2745740	9	6	2026-08-01	mixed_66-96	0.023244236778233764	0.02316379167561007	0.0018586533606394333	0.00601500910429509	0.027540968369066544	0.06065844363511685	0.019745883908932536	0.01659652682560746	9.219569988205631	8.67519330798223	0.031981317390233015	0.9418649488128186	0.8430603399174653	0.6550115416640278	0.0
/vol/bitbucket/osella/rl-qecc-data/supervisedLearning/sweep2/g5_mix_66-96_H6_s1000.pth	6	1000	12	mixed	[(6, 6), (9, 6)]	True	True	False	False	geometric5	2745740	9	6	2026-08-01	mixed_66-96	0.023244236778233764	0.023447186345302087	0.0017204370085867574	0.005849462741513258	0.02716354758697718	0.06172034530213026	0.020782139087303017	0.01659652682560746	9.238665247002098	8.67519330798223	0.03285222136583088	1.0931380374887418	0.8334214579605588	0.6442107023131172	0.06
/vol/bitbucket/osella/rl-qecc-data/supervisedLearning/sweep2/g5_mix_66-96_H6_s5000.pth	6	5000	12	mixed	[(6, 6), (9, 6)]	True	True	False	False	geometric5	2745740	9	6	2026-08-01	mixed_66-96	0.023244236778233764	0.023174294799823265	0.00159164151067768	0.005479490845613532	0.0275419005528568	0.06133374250353867	0.01992469858642963	0.01659652682560746	9.23770975107703	8.67519330798223	0.03243032107141964	1.0359175259582445	0.8385788878588386	0.6503344669959926	0.06
/vol/bitbucket/osella/rl-qecc-data/supervisedLearning/sweep2/g5_mix_66-96_H7_s2000.pth	7	2000	12	mixed	[(6, 6), (9, 6)]	True	True	False	False	geometric5	2745740	9	6	2026-08-01	mixed_66-96	0.023244236778233764	0.023263051360944455	0.0015930462445666459	0.005421785719775512	0.02728466936937771	0.06164869841325477	0.02036705705774745	0.01659652682560746	9.244487191368975	8.67519330798223	0.03269879904800194	1.0103586114245384	0.8353650845078465	0.6468512988537976	0.1
/vol/bitbucket/osella/rl-qecc-data/supervisedLearning/sweep2/g5_mix_66-96_H7_s6000.pth	7	6000	12	mixed	[(6, 6), (9, 6)]	True	True	False	False	geometric5	2745740	9	6	2026-08-01	mixed_66-96	0.023244236778233764	0.024823423464803516	0.002153956388207225	0.006396242137305098	0.02960108711522134	0.06489178907335963	0.02107404260992423	0.01659652682560746	9.274648150115809	8.67519330798223	0.034336414639806676	1.0587418632732932	0.820488254728266	0.6292621061451763	0.0
/vol/bitbucket/osella/rl-qecc-data/supervisedLearning/sweep2/g5_mix_66_H10_s4000.pth	10	4000	24	mixed	[(6, 6)]	True	False	False	False	geometric5	2745740	9	6	2026-08-01	mixed_66	0.023244236778233764	0.04261051145254691	0.0039032523376479346	0.012420248803942371	0.04328632842102505	0.12735830923432886	0.02608441846579069	0.01659652682560746	10.039490307311143	8.67519330798223	0.06252559041818853	1.9152995889631457	0.634945072777831	0.4584227329968232	0.02
/vol/bitbucket/osella/rl-qecc-data/supervisedLearning/sweep2/g5_mix_66_H3_s1000.pth	3	1000	24	mixed	[(6, 6)]	True	False	False	False	geometric5	2745740	9	6	2026-08-01	mixed_66	0.023244236778233764	0.044627403946124196	0.006168924160074294	0.02009835000565752	0.06055571948277816	0.11063831735785556	0.025675708724255664	0.01659652682560746	10.488547642356997	8.67519330798223	0.05752999398939844	2.82877492166798	0.5964026378647171	0.4337922810663576	0.04
/vol/bitbucket/osella/rl-qecc-data/supervisedLearning/sweep2/g5_mix_66_H3_s5000.pth	3	5000	24	mixed	[(6, 6)]	True	False	False	False	geometric5	2745740	9	6	2026-08-01	mixed_66	0.023244236778233764	0.04430471484169318	0.003055946569654017	0.010342675173196494	0.04068210835290877	0.14136906064499266	0.026073783467713954	0.01659652682560746	10.174929087571002	8.67519330798223	0.06836223853207857	1.852113933700627	0.6596216238414545	0.48211996941051066	0.02
/vol/bitbucket/osella/rl-qecc-data/supervisedLearning/sweep2/g5_mix_66_H4_s2000.pth	4	2000	24	mixed	[(6, 6)]	True	False	False	False	geometric5	2745740	9	6	2026-08-01	mixed_66	0.023244236778233764	0.0440273714698581	0.003323703081948439	0.01084034821628919	0.04132300207357575	0.1388525176351026	0.025797286342374656	0.01659652682560746	10.19569525997312	8.67519330798223	0.067416065652028	2.0684423780740118	0.6447815718520904	0.46854954486817946	0.02
/vol/bitbucket/osella/rl-qecc-data/supervisedLearning/sweep2/g5_mix_66_H4_s6000.pth	4	6000	24	mixed	[(6, 6)]	True	False	False	False	geometric5	2745740	9	6	2026-08-01	mixed_66	0.023244236778233764	0.04549971954814666	0.0022272546590737757	0.007677857794905022	0.03807140180909395	0.1535602645394785	0.025961818938181665	0.01659652682560746	10.185344302341415	8.67519330798223	0.07337818748915848	1.9364039293595845	0.667609112307324	0.4858514339672819	0.0
/vol/bitbucket/osella/rl-qecc-data/supervisedLearning/sweep2/g5_mix_66_H6_s4000.pth	6	4000	24	mixed	[(6, 6)]	True	False	False	False	geometric5	2745740	9	6	2026-08-01	mixed_66	0.023244236778233764	0.04016458040116746	0.004396974108847342	0.013305441116166121	0.04498542389085867	0.1122539085095554	0.025881154380410103	0.01659652682560746	10.061860474335852	8.67519330798223	0.05724573812151364	2.092801544892588	0.6347796706860825	0.4599406867440792	0.04
/vol/bitbucket/osella/rl-qecc-data/supervisedLearning/sweep2/g5_mix_66_H7_s1000.pth	7	1000	24	mixed	[(6, 6)]	True	False	False	False	geometric5	2745740	9	6	2026-08-01	mixed_66	0.023244236778233764	0.04917514959939042	0.004084295990963879	0.013573639569176474	0.04885171443392983	0.1540760396592144	0.02529005834366805	0.01659652682560746	10.378367968974912	8.67519330798223	0.07431659753597057	2.0524072882081263	0.6434639554295073	0.47073556748899625	0.02
/vol/bitbucket/osella/rl-qecc-data/supervisedLearning/sweep2/g5_mix_66_H7_s5000.pth	7	5000	24	mixed	[(6, 6)]	True	False	False	False	geometric5	2745740	9	6	2026-08-01	mixed_66	0.023244236778233764	0.042367465640497134	0.006109114901496775	0.018927559169628405	0.05719500697956186	0.10391064176543584	0.02569500538636227	0.01659652682560746	10.391895447551672	8.67519330798223	0.05477627310076207	2.3858108351287965	0.6084824980802167	0.44205772678318217	0.0
/vol/bitbucket/osella/rl-qecc-data/supervisedLearning/sweep2/g5_ground_anch_H10_s2000.pth	10	2000	2	groundAnchored	[(6, 6), (9, 6), (12, 6), (15, 3)]	True	True	True	True	geometric5	18402947	5	15	2026-08-01	groundAnchored_66-96-126-153	0.020443871784302178	0.07332096250921416	0.007094607691930918	0.020559750039108288	0.07457468566577811	0.22107850643482602	0.043297262714425716	0.018820342920139812	12.876326533353927	9.340422154314146	0.09779203025967267	2.755479103751041	0.4650675633604657	0.32700705729297036	0.0
/vol/bitbucket/osella/rl-qecc-data/supervisedLearning/sweep2/g5_ground_anch_H10_s6000.pth	10	6000	2	groundAnchored	[(6, 6), (9, 6), (12, 6), (15, 3)]	True	True	True	True	geometric5	18402947	5	15	2026-08-01	groundAnchored_66-96-126-153	0.020443871784302178	0.0711538775789749	0.0053284705297948105	0.015974921594592115	0.06965535488789992	0.2282826411369362	0.036527999745652184	0.018820342920139812	12.371140858110495	9.340422154314146	0.10549548864694869	2.281781695818717	0.5230091989279864	0.3686737884850715	0.0
/vol/bitbucket/osella/rl-qecc-data/supervisedLearning/sweep2/g5_ground_anch_H3_s4000.pth	3	4000	2	groundAnchored	[(6, 6), (9, 6), (12, 6), (15, 3)]	True	True	True	True	geometric5	18402947	5	15	2026-08-01	groundAnchored_66-96-126-153	0.020443871784302178	0.10194360760270434	0.009397028326876477	0.02702198680112497	0.0916375762165107	0.3427099694880016	0.03895147718100687	0.018820342920139812	14.544465188247232	9.340422154314146	0.16070424083531554	2.569125856289588	0.18521434547211738	0.13007016509673455	0.0
/vol/bitbucket/osella/rl-qecc-data/supervisedLearning/sweep2/g5_ground_anch_H4_s1000.pth	4	1000	2	groundAnchored	[(6, 6), (9, 6), (12, 6), (15, 3)]	True	True	True	True	geometric5	18402947	5	15	2026-08-01	groundAnchored_66-96-126-153	0.020443871784302178	0.09331618567188306	0.005254095279065456	0.016098499358204628	0.0785342749798724	0.32710861217714393	0.03958544656512897	0.018820342920139812	14.208987542981946	9.340422154314146	0.15013914512162424	2.4721560763243997	0.4072890388779842	0.28029237231319976	0.0
/vol/bitbucket/osella/rl-qecc-data/supervisedLearning/sweep2/g5_ground_anch_H4_s5000.pth	4	5000	2	groundAnchored	[(6, 6), (9, 6), (12, 6), (15, 3)]	True	True	True	True	geometric5	18402947	5	15	2026-08-01	groundAnchored_66-96-126-153	0.020443871784302178	0.07796053800006827	0.005613016469667581	0.017634996322064007	0.07752956032846771	0.24518992955634417	0.043835187323797785	0.018820342920139812	13.366920999691663	9.340422154314146	0.10829883864665618	3.3734670801612765	0.4400346746887741	0.30604690706014304	0.0
/vol/bitbucket/osella/rl-qecc-data/supervisedLearning/sweep2/g5_ground_anch_H6_s2000.pth	6	2000	2	groundAnchored	[(6, 6), (9, 6), (12, 6), (15, 3)]	True	True	True	True	geometric5	18402947	5	15	2026-08-01	groundAnchored_66-96-126-153	0.020443871784302178	0.07415732064554909	0.005077377791927154	0.016037470773981377	0.07527349597769875	0.2327874564769231	0.04161080220721503	0.018820342920139812	12.990485525655103	9.340422154314146	0.10452192788026354	3.227491878564745	0.3925687179918503	0.27023566735926263	0.0
/vol/bitbucket/osella/rl-qecc-data/supervisedLearning/sweep2/g5_ground_anch_H6_s6000.pth	6	6000	2	groundAnchored	[(6, 6), (9, 6), (12, 6), (15, 3)]	True	True	True	True	geometric5	18402947	5	15	2026-08-01	groundAnchored_66-96-126-153	0.020443871784302178	0.07754044222813619	0.005886356371024422	0.01709671871212	0.07393512277255584	0.2520346570646603	0.03874935622032002	0.018820342920139812	12.927263161058947	9.340422154314146	0.11633041834663704	2.765528167701145	0.47716431862628	0.3353626607774788	0.0
/vol/bitbucket/osella/rl-qecc-data/supervisedLearning/sweep2/g5_ground_anch_H7_s4000.pth	7	4000	2	groundAnchored	[(6, 6), (9, 6), (12, 6), (15, 3)]	True	True	True	True	geometric5	18402947	5	15	2026-08-01	groundAnchored_66-96-126-153	0.020443871784302178	0.07773497973348514	0.005501933973821795	0.01599480041500967	0.07723827945126159	0.24537470452348029	0.04456518030385234	0.018820342920139812	13.53782302178245	9.340422154314146	0.10864585693102513	2.734388480501761	0.5361816238458806	0.380287777408122	0.0
/vol/bitbucket/osella/rl-qecc-data/supervisedLearning/sweep2/g5_ground_pure_H10_s1000.pth	10	1000	2	groundPure	[(6, 6), (9, 6), (12, 6), (15, 3)]	True	True	True	True	geometric5	18402947	5	15	2026-08-01	groundPure_66-96-126-153	0.020443871784302178	0.06739663763004713	0.00478776853040452	0.015010084821829013	0.07074879699837412	0.20765147301828418	0.038785064781342096	0.018820342920139812	12.28304222112565	9.340422154314146	0.09497705776421632	3.0625065910218323	0.5001801231024697	0.3512691177015371	0.0
/vol/bitbucket/osella/rl-qecc-data/supervisedLearning/sweep2/g5_ground_pure_H10_s5000.pth	10	5000	2	groundPure	[(6, 6), (9, 6), (12, 6), (15, 3)]	True	True	True	True	geometric5	18402947	5	15	2026-08-01	groundPure_66-96-126-153	0.020443871784302178	0.06661910583934426	0.004654904723423129	0.014870059803185284	0.08244461326981613	0.18935888367192436	0.041767067728371646	0.018820342920139812	12.86341828548119	9.340422154314146	0.08686194548792595	2.9414907785915383	0.5337769871523063	0.3773867714387187	0.0
/vol/bitbucket/osella/rl-qecc-data/supervisedLearning/sweep2/g5_ground_pure_H3_s2000.pth	3	2000	2	groundPure	[(6, 6), (9, 6), (12, 6), (15, 3)]	True	True	True	True	geometric5	18402947	5	15	2026-08-01	groundPure_66-96-126-153	0.020443871784302178	0.09385426547991275	0.004650304378425437	0.01520939827196837	0.0849149785982971	0.32260791821570584	0.04188872793517102	0.018820342920139812	14.810207708371644	9.340422154314146	0.1466110237679988	2.738008497994759	0.439610071071856	0.30202904029758704	0.04
/vol/bitbucket/osella/rl-qecc-data/supervisedLearning/sweep2/g5_ground_pure_H3_s6000.pth	3	6000	2	groundPure	[(6, 6), (9, 6), (12, 6), (15, 3)]	True	True	True	True	geometric5	18402947	5	15	2026-08-01	groundPure_66-96-126-153	0.020443871784302178	0.08276379611624718	0.00592842002153756	0.01774094042452843	0.07629640223353927	0.2754051947213425	0.03844802318028716	0.018820342920139812	13.32947278875657	9.340422154314146	0.12811061157281495	2.679768118706965	0.4139759285409383	0.28690869839694694	0.0
/vol/bitbucket/osella/rl-qecc-data/supervisedLearning/sweep2/g5_ground_pure_H4_s4000.pth	4	4000	2	groundPure	[(6, 6), (9, 6), (12, 6), (15, 3)]	True	True	True	True	geometric5	18402947	5	15	2026-08-01	groundPure_66-96-126-153	0.020443871784302178	0.08064194584852538	0.009063323212781164	0.026421210595723568	0.07756984017020771	0.24888251797187882	0.04127283729203636	0.018820342920139812	13.151524419547806	9.340422154314146	0.11238477975908429	3.419143042079625	0.3771551793485716	0.26528774105852676	0.0
/vol/bitbucket/osella/rl-qecc-data/supervisedLearning/sweep2/g5_ground_pure_H6_s1000.pth	6	1000	2	groundPure	[(6, 6), (9, 6), (12, 6), (15, 3)]	True	True	True	True	geometric5	18402947	5	15	2026-08-01	groundPure_66-96-126-153	0.020443871784302178	0.10314740050623036	0.0052789158417781805	0.016741015601142942	0.08171059548343795	0.3769364403496336	0.03507003525515847	0.018820342920139812	14.584908492371548	9.340422154314146	0.17829825684661907	1.9841437458077562	0.38178730736761524	0.2643111358885631	0.0
/vol/bitbucket/osella/rl-qecc-data/supervisedLearning/sweep2/g5_ground_pure_H6_s5000.pth	6	5000	2	groundPure	[(6, 6), (9, 6), (12, 6), (15, 3)]	True	True	True	True	geometric5	18402947	5	15	2026-08-01	groundPure_66-96-126-153	0.020443871784302178	0.07839488758854662	0.006794299144948684	0.020192787162562658	0.08262282613433727	0.24077036715985364	0.041594158341030585	0.018820342920139812	13.313449779821813	9.340422154314146	0.11016549492215806	3.378798781684752	0.26238846788006664	0.1803221109899056	0.0
/vol/bitbucket/osella/rl-qecc-data/supervisedLearning/sweep2/g5_ground_pure_H7_s2000.pth	7	2000	2	groundPure	[(6, 6), (9, 6), (12, 6), (15, 3)]	True	True	True	True	geometric5	18402947	5	15	2026-08-01	groundPure_66-96-126-153	0.020443871784302178	0.06425370594036778	0.005725276731229802	0.016295653170834888	0.07278207026705068	0.19039273810390153	0.03607279142882248	0.018820342920139812	12.083270390571602	9.340422154314146	0.09076253595168057	2.2697359020360164	0.5074137642208645	0.3566370897223008	0.0
/vol/bitbucket/osella/rl-qecc-data/supervisedLearning/sweep2/g5_ground_pure_H7_s6000.pth	7	6000	2	groundPure	[(6, 6), (9, 6), (12, 6), (15, 3)]	True	True	True	True	geometric5	18402947	5	15	2026-08-01	groundPure_66-96-126-153	0.020443871784302178	0.08233442590604981	0.004836477347547209	0.015014095806165879	0.08692258385926331	0.2607264549932645	0.044172517524008234	0.018820342920139812	14.146805358326047	9.340422154314146	0.11782639200823668	3.341988628510815	0.4346700398333697	0.3020084506839891	0.0
/vol/bitbucket/osella/rl-qecc-data/supervisedLearning/sweep2/g5_mix_66-96-126-153_H10_s4000.pth	10	4000	6	mixed	[(6, 6), (9, 6), (12, 6), (15, 3)]	True	True	True	True	geometric5	18402947	5	15	2026-08-01	mixed_66-96-126-153	0.020443871784302178	0.0436475704392034	0.005878158975617378	0.01713294949028861	0.06266817392326454	0.08934824759241364	0.043210322214432745	0.018820342920139812	11.647769807530553	9.340422154314146	0.04988239791831045	4.614837305596789	0.5040573717872638	0.35287161086269914	0.0
/vol/bitbucket/osella/rl-qecc-data/supervisedLearning/sweep2/g5_mix_66-96-126-153_H3_s1000.pth	3	1000	6	mixed	[(6, 6), (9, 6), (12, 6), (15, 3)]	True	True	True	True	geometric5	18402947	5	15	2026-08-01	mixed_66-96-126-153	0.020443871784302178	0.08139268733498224	0.013978614760365677	0.02617927004196536	0.09016952479393565	0.23694408281789647	0.03969194426074835	0.018820342920139812	13.193991740504615	9.340422154314146	0.11246179655090807	2.3070580674185566	0.4289332859845873	0.30493202587488155	0.0
/vol/bitbucket/osella/rl-qecc-data/supervisedLearning/sweep2/g5_mix_66-96-126-153_H3_s5000.pth	3	5000	6	mixed	[(6, 6), (9, 6), (12, 6), (15, 3)]	True	True	True	True	geometric5	18402947	5	15	2026-08-01	mixed_66-96-126-153	0.020443871784302178	0.0982318548060311	0.009997652466394648	0.02671578466214244	0.10050234006310793	0.3161998497831117	0.0377436470554003	0.018820342920139812	14.42032287726364	9.340422154314146	0.1533017451760411	2.282000993767264	0.38205695505023735	0.2755779538938885	0.0
/vol/bitbucket/osella/rl-qecc-data/supervisedLearning/sweep2/g5_mix_66-96-126-153_H4_s2000.pth	4	2000	6	mixed	[(6, 6), (9, 6), (12, 6), (15, 3)]	True	True	True	True	geometric5	18402947	5	15	2026-08-01	mixed_66-96-126-153	0.020443871784302178	0.06906669446349882	0.005681284113000989	0.01627404905087407	0.08918535032474394	0.19114116910355428	0.043051619725321455	0.018820342920139812	13.569804118612753	9.340422154314146	0.08870348316602467	3.009166618719572	0.5217691098449807	0.3684338503195558	0.0
/vol/bitbucket/osella/rl-qecc-data/supervisedLearning/sweep2/g5_mix_66-96-126-153_H4_s6000.pth	4	6000	6	mixed	[(6, 6), (9, 6), (12, 6), (15, 3)]	True	True	True	True	geometric5	18402947	5	15	2026-08-01	mixed_66-96-126-153	0.020443871784302178	0.06787999057448628	0.0052039063364964005	0.01564600565075915	0.07123639578183327	0.2041100649549125	0.04320358014843024	0.018820342920139812	12.870553338580711	9.340422154314146	0.09102182306309374	2.756064628571089	0.4452235068107316	0.31081756377124853	0.0
/vol/bitbucket/osella/rl-qecc-data/supervisedLearning/sweep2/g5_mix_66-96-126-153_H6_s4000.pth	6	4000	6	mixed	[(6, 6), (9, 6), (12, 6), (15, 3)]	True	True	True	True	geometric5	18402947	5	15	2026-08-01	mixed_66-96-126-153	0.020443871784302178	0.07066744626441057	0.009554087955111642	0.022297231284777338	0.07888871647940442	0.19981736305286937	0.0427798325498887	0.018820342920139812	12.717565589100461	9.340422154314146	0.09140436356071445	2.61928094815111	0.4539890286574063	0.31945626345499795	0.0
/vol/bitbucket/osella/rl-qecc-data/supervisedLearning/sweep2/g5_mix_66-96-126-153_H7_s1000.pth	7	1000	6	mixed	[(6, 6), (9, 6), (12, 6), (15, 3)]	True	True	True	True	geometric5	18402947	5	15	2026-08-01	mixed_66-96-126-153	0.020443871784302178	0.052326916062603174	0.008958240371579947	0.02450823002940071	0.08105194579628268	0.10462172775243407	0.04249443636331854	0.018820342920139812	12.087081532197308	9.340422154314146	0.05444599028252971	2.867477230841089	0.4786294087037399	0.3402331913995983	0.0
/vol/bitbucket/osella/rl-qecc-data/supervisedLearning/sweep2/g5_mix_66-96-126-153_H7_s5000.pth	7	5000	6	mixed	[(6, 6), (9, 6), (12, 6), (15, 3)]	True	True	True	True	geometric5	18402947	5	15	2026-08-01	mixed_66-96-126-153	0.020443871784302178	0.05702834182979087	0.009856397478858301	0.024057829028943125	0.08469177377595302	0.12423112649000541	0.04230458237519449	0.018820342920139812	12.633854313939903	9.340422154314146	0.06440723790200016	2.52159780621918	0.44970568974095654	0.3183813646352036	0.0
/vol/bitbucket/osella/rl-qecc-data/supervisedLearning/sweep2/g5_mix_66-96-126_H10_s2000.pth	10	2000	8	mixed	[(6, 6), (9, 6), (12, 6)]	True	True	True	False	geometric5	18402947	5	15	2026-08-01	mixed_66-96-126	0.020443871784302178	0.06685636356077751	0.00932372135684612	0.024088950351219166	0.06681263035973717	0.1932381792235092	0.04081833651257509	0.018820342920139812	12.134116578943608	9.340422154314146	0.08372912468892314	2.16951000801156	0.4721941102332715	0.33067353341169364	0.0
/vol/bitbucket/osella/rl-qecc-data/supervisedLearning/sweep2/g5_mix_66-96-126_H10_s6000.pth	10	6000	8	mixed	[(6, 6), (9, 6), (12, 6)]	True	True	True	False	geometric5	18402947	5	15	2026-08-01	mixed_66-96-126	0.020443871784302178	0.05074570350914306	0.006886872439522014	0.019465891539460104	0.07101194958165101	0.11504767557723841	0.0413161284078433	0.018820342920139812	11.790788989132377	9.340422154314146	0.05728360217982031	3.397574591477145	0.4910352421956002	0.34753681617345	0.0
/vol/bitbucket/osella/rl-qecc-data/supervisedLearning/sweep2/g5_mix_66-96-126_H3_s4000.pth	3	4000	8	mixed	[(6, 6), (9, 6), (12, 6)]	True	True	True	False	geometric5	18402947	5	15	2026-08-01	mixed_66-96-126	0.020443871784302178	0.10286319141080738	0.004608945752566911	0.014817902753597081	0.08855575284548649	0.36144825989368656	0.0448850958086993	0.018820342920139812	15.60561226822103	9.340422154314146	0.16237056497482263	3.9579180251826718	0.578002026612046	0.4083259918338011	0.0
/vol/bitbucket/osella/rl-qecc-data/supervisedLearning/sweep2/g5_mix_66-96-126_H4_s1000.pth	4	1000	8	mixed	[(6, 6), (9, 6), (12, 6)]	True	True	True	False	geometric5	18402947	5	15	2026-08-01	mixed_66-96-126	0.020443871784302178	0.09131488216133449	0.010714705312932511	0.027639832769664106	0.0750041772246723	0.30272272362067254	0.040492971878730834	0.018820342920139812	13.439352084084243	9.340422154314146	0.13403438845711696	3.3776814939505853	0.320380956318037	0.22139068992851318	0.0
/vol/bitbucket/osella/rl-qecc-data/supervisedLearning/sweep2/g5_mix_66-96-126_H4_s5000.pth	4	5000	8	mixed	[(6, 6), (9, 6), (12, 6)]	True	True	True	False	geometric5	18402947	5	15	2026-08-01	mixed_66-96-126	0.020443871784302178	0.09536676395852445	0.007404227084368078	0.021398246241952225	0.09414500565616878	0.31351600678281616	0.040370334027316136	0.018820342920139812	14.23069915444749	9.340422154314146	0.14602656658515412	2.3178800309696728	0.37544381016737777	0.26597328973969336	0.0
/vol/bitbucket/osella/rl-qecc-data/supervisedLearning/sweep2/g5_mix_66-96-126_H6_s2000.pth	6	2000	8	mixed	[(6, 6), (9, 6), (12, 6)]	True	True	True	False	geometric5	18402947	5	15	2026-08-01	mixed_66-96-126	0.020443871784302178	0.06467330908685709	0.005793607387636757	0.01576427760713533	0.07458783011461675	0.1880894757014204	0.039131354623477645	0.018820342920139812	12.23183736868288	9.340422154314146	0.08681401823150538	2.305390397563494	0.5800697271381124	0.41136327690857954	0.0
/vol/bitbucket/osella/rl-qecc-data/supervisedLearning/sweep2/g5_mix_66-96-126_H6_s6000.pth	6	6000	8	mixed	[(6, 6), (9, 6), (12, 6)]	True	True	True	False	geometric5	18402947	5	15	2026-08-01	mixed_66-96-126	0.020443871784302178	0.08488095473641534	0.005013754545054782	0.015468351866411196	0.08398124771058495	0.28091066196833964	0.03903075759168576	0.018820342920139812	13.622265029888526	9.340422154314146	0.13004644521440115	2.0336272309790844	0.47814783628982754	0.3378264076414709	0.0
/vol/bitbucket/osella/rl-qecc-data/supervisedLearning/sweep2/g5_mix_66-96-126_H7_s4000.pth	7	4000	8	mixed	[(6, 6), (9, 6), (12, 6)]	True	True	True	False	geometric5	18402947	5	15	2026-08-01	mixed_66-96-126	0.020443871784302178	0.08464830500191291	0.006141383469973566	0.01785246267789446	0.08117010502888546	0.27737417964646144	0.04070339418635001	0.018820342920139812	13.560079258557236	9.340422154314146	0.12725181894453877	2.6557536332921776	0.5434340283502757	0.3876282256243294	0.0
/vol/bitbucket/osella/rl-qecc-data/supervisedLearning/sweep2/g5_mix_66-96_H10_s1000.pth	10	1000	12	mixed	[(6, 6), (9, 6)]	True	True	False	False	geometric5	18402947	5	15	2026-08-01	mixed_66-96	0.020443871784302178	0.05690323158304364	0.005200277277942076	0.015224225051667225	0.07185111997892665	0.1574753066283221	0.034765228978360624	0.018820342920139812	11.75209377279704	9.340422154314146	0.08044900622828319	1.7459436507255865	0.5335942407947791	0.37500980279181034	0.0
/vol/bitbucket/osella/rl-qecc-data/supervisedLearning/sweep2/g5_mix_66-96_H10_s5000.pth	10	5000	12	mixed	[(6, 6), (9, 6)]	True	True	False	False	geometric5	18402947	5	15	2026-08-01	mixed_66-96	0.020443871784302178	0.06120242419920594	0.006328117199658982	0.017137275160257714	0.07265983723663827	0.17348508414226446	0.03640180725721204	0.018820342920139812	11.915208019557332	9.340422154314146	0.0846491764964599	1.861517746667229	0.49961963573294277	0.3514837762555838	0.0
/vol/bitbucket/osella/rl-qecc-data/supervisedLearning/sweep2/g5_mix_66-96_H3_s2000.pth	3	2000	12	mixed	[(6, 6), (9, 6)]	True	True	False	False	geometric5	18402947	5	15	2026-08-01	mixed_66-96	0.020443871784302178	0.10557752425624445	0.005397609525579003	0.01685523006406648	0.08019972772184686	0.3839581398259697	0.04147691414375943	0.018820342920139812	15.106317325705398	9.340422154314146	0.173681474737129	3.0045455889117534	0.3594060621834854	0.25097729795985546	0.0
/vol/bitbucket/osella/rl-qecc-data/supervisedLearning/sweep2/g5_mix_66-96_H3_s6000.pth	3	6000	12	mixed	[(6, 6), (9, 6)]	True	True	False	False	geometric5	18402947	5	15	2026-08-01	mixed_66-96	0.020443871784302178	0.08451179704518427	0.006204149972388537	0.017161575414304832	0.07856430768288883	0.2803896980301193	0.04023925412622137	0.018820342920139812	13.491259330499659	9.340422154314146	0.12904987691706715	2.5598370510369985	0.5051168048878092	0.35765284557986643	0.0
/vol/bitbucket/osella/rl-qecc-data/supervisedLearning/sweep2/g5_mix_66-96_H4_s4000.pth	4	4000	12	mixed	[(6, 6), (9, 6)]	True	True	False	False	geometric5	18402947	5	15	2026-08-01	mixed_66-96	0.020443871784302178	0.11209038751316482	0.004878443142106218	0.015763653677353943	0.08190022278675815	0.4166773085866473	0.041232309372955876	0.018820342920139812	15.944827718062758	9.340422154314146	0.189587161390047	2.643815289672693	0.39392066745680376	0.27023649943712286	0.0
/vol/bitbucket/osella/rl-qecc-data/supervisedLearning/sweep2/g5_mix_66-96_H6_s1000.pth	6	1000	12	mixed	[(6, 6), (9, 6)]	True	True	False	False	geometric5	18402947	5	15	2026-08-01	mixed_66-96	0.020443871784302178	0.07909866478231596	0.004751733608796765	0.01482564584326343	0.09146043315066403	0.24905043970726684	0.03540507160158906	0.018820342920139812	13.647052504727373	9.340422154314146	0.12348268699781759	1.7938723130665823	0.561527422644956	0.39600949798438617	0.0
/vol/bitbucket/osella/rl-qecc-data/supervisedLearning/sweep2/g5_mix_66-96_H6_s5000.pth	6	5000	12	mixed	[(6, 6), (9, 6)]	True	True	False	False	geometric5	18402947	5	15	2026-08-01	mixed_66-96	0.020443871784302178	0.11217832175896505	0.006304042534707174	0.016949907759083737	0.09466203927866189	0.4082293019365549	0.03474631728581666	0.018820342920139812	16.175385995401943	9.340422154314146	0.198309927397836	1.6676014316920649	0.3961831440846783	0.27817845687800496	0.04
/vol/bitbucket/osella/rl-qecc-data/supervisedLearning/sweep2/g5_mix_66-96_H7_s2000.pth	7	2000	12	mixed	[(6, 6), (9, 6)]	True	True	False	False	geometric5	18402947	5	15	2026-08-01	mixed_66-96	0.020443871784302178	0.07705842370984103	0.008768512625027062	0.02196818139882575	0.08464325653676757	0.23330852991881226	0.036603638069771044	0.018820342920139812	13.07113619095114	9.340422154314146	0.11208109922801038	2.1352147345835664	0.5263135598174012	0.3761147519771038	0.0
/vol/bitbucket/osella/rl-qecc-data/supervisedLearning/sweep2/g5_mix_66-96_H7_s6000.pth	7	6000	12	mixed	[(6, 6), (9, 6)]	True	True	False	False	geometric5	18402947	5	15	2026-08-01	mixed_66-96	0.020443871784302178	0.07253706710974767	0.005786611236172841	0.016747408001634132	0.08173330674958104	0.22259995365119173	0.03581805591015926	0.018820342920139812	12.782105426400861	9.340422154314146	0.11186723601277776	2.142230477781698	0.5217068433055829	0.36716535538232553	0.0
/vol/bitbucket/osella/rl-qecc-data/supervisedLearning/sweep2/g5_mix_66_H10_s4000.pth	10	4000	24	mixed	[(6, 6)]	True	False	False	False	geometric5	18402947	5	15	2026-08-01	mixed_66	0.020443871784302178	0.06870509985296366	0.013084426082672088	0.0373231760734341	0.09668755014603653	0.15415877105816395	0.04227157590451361	0.018820342920139812	12.590867106760127	9.340422154314146	0.07194781555088532	3.7466337233786553	0.3459165935441096	0.24256700926289876	0.0
/vol/bitbucket/osella/rl-qecc-data/supervisedLearning/sweep2/g5_mix_66_H3_s1000.pth	3	1000	24	mixed	[(6, 6)]	True	False	False	False	geometric5	18402947	5	15	2026-08-01	mixed_66	0.020443871784302178	0.07208241055223502	0.01421109582084628	0.0406027596172947	0.1020618830206094	0.1587047073469319	0.044831606955490926	0.018820342920139812	13.575859389155754	9.340422154314146	0.07681217054387356	4.817252758854494	0.3363978423282903	0.2367364613992093	0.0
/vol/bitbucket/osella/rl-qecc-data/supervisedLearning/sweep2/g5_mix_66_H3_s5000.pth	3	5000	24	mixed	[(6, 6)]	True	False	False	False	geometric5	18402947	5	15	2026-08-01	mixed_66	0.020443871784302178	0.08216569024204005	0.005301933530559527	0.01644178026328939	0.07946220737831886	0.27052803231343203	0.039094497724599456	0.018820342920139812	13.24740547648577	9.340422154314146	0.12519066572413842	2.375257252015354	0.5191143844807745	0.3675940436370492	0.0
/vol/bitbucket/osella/rl-qecc-data/supervisedLearning/sweep2/g5_mix_66_H4_s2000.pth	4	2000	24	mixed	[(6, 6)]	True	False	False	False	geometric5	18402947	5	15	2026-08-01	mixed_66	0.020443871784302178	0.06137870314383752	0.010142920066194374	0.029055781468924128	0.08743616997855039	0.13481997420877	0.04543866999674768	0.018820342920139812	13.441554112012735	9.340422154314146	0.06476239790278003	6.316252089190266	0.3099550392304774	0.21644491536882277	0.0
/vol/bitbucket/osella/rl-qecc-data/supervisedLearning/sweep2/g5_mix_66_H4_s6000.pth	4	6000	24	mixed	[(6, 6)]	True	False	False	False	geometric5	18402947	5	15	2026-08-01	mixed_66	0.020443871784302178	0.09388861722188335	0.005466191025053873	0.016820292801088856	0.08401043785946037	0.3236551166698297	0.039491047753985244	0.018820342920139812	14.338091579578753	9.340422154314146	0.15003142282125678	2.8223516070217207	0.3889428711333114	0.2689856017246197	0.0
/vol/bitbucket/osella/rl-qecc-data/supervisedLearning/sweep2/g5_mix_66_H6_s4000.pth	6	4000	24	mixed	[(6, 6)]	True	False	False	False	geometric5	18402947	5	15	2026-08-01	mixed_66	0.020443871784302178	0.08450520782205659	0.006852350504851724	0.01942550017642607	0.08045199507694079	0.2759222925429822	0.03987390080908227	0.018820342920139812	13.548104273766855	9.340422154314146	0.12779213009365845	2.786538080668924	0.47709593042886	0.33509649637189953	0.0
/vol/bitbucket/osella/rl-qecc-data/supervisedLearning/sweep2/g5_mix_66_H7_s1000.pth	7	1000	24	mixed	[(6, 6)]	True	False	False	False	geometric5	18402947	5	15	2026-08-01	mixed_66	0.020443871784302178	0.06989596010108282	0.008036588982301624	0.02392571899441722	0.0806697283600227	0.19454614167815412	0.04230162249051782	0.018820342920139812	12.741412119829063	9.340422154314146	0.08816008598331136	3.2545652129785965	0.451476748782936	0.3201405745564227	0.0
/vol/bitbucket/osella/rl-qecc-data/supervisedLearning/sweep2/g5_mix_66_H7_s5000.pth	7	5000	24	mixed	[(6, 6)]	True	False	False	False	geometric5	18402947	5	15	2026-08-01	mixed_66	0.020443871784302178	0.0635345282281531	0.013961298098463476	0.04153330976034206	0.10617328237441168	0.11008780015048653	0.045916950757062605	0.018820342920139812	13.865178193598302	9.340422154314146	0.057603866383579304	9.806254822756836	0.3855453040865682	0.2713551039324637	0.0
/vol/bitbucket/osella/rl-qecc-data/supervisedLearning/sweep2/g5_ground_anch_H10_s2000.pth	10	2000	2	groundAnchored	[(6, 6), (9, 6), (12, 6), (15, 3)]	True	True	True	True	geometric5	4412297	15	3	2026-08-01	groundAnchored_66-96-126-153	0.022257119563161308	0.08221465236619256	0.007282273770769272	0.02360852770301188	0.09372980538973277	0.2565745970450266	0.02987805792242278	0.020227998625672306	14.355925309075623	10.427155327325456	0.12123885345014432	1.8231383628279567	0.47351640163519604	0.3335347237102772	0.02
/vol/bitbucket/osella/rl-qecc-data/supervisedLearning/sweep2/g5_ground_anch_H10_s6000.pth	10	6000	2	groundAnchored	[(6, 6), (9, 6), (12, 6), (15, 3)]	True	True	True	True	geometric5	4412297	15	3	2026-08-01	groundAnchored_66-96-126-153	0.022257119563161308	0.07362183479659813	0.025047222739336697	0.07366327919893187	0.13058329961260268	0.10773327598589322	0.03108209644622623	0.020227998625672306	13.06367895238691	10.427155327325456	0.06210879791421819	1.8053680145119297	0.3061377039060506	0.2120758371285159	0.02
/vol/bitbucket/osella/rl-qecc-data/supervisedLearning/sweep2/g5_ground_anch_H3_s4000.pth	3	4000	2	groundAnchored	[(6, 6), (9, 6), (12, 6), (15, 3)]	True	True	True	True	geometric5	4412297	15	3	2026-08-01	groundAnchored_66-96-126-153	0.022257119563161308	0.06514724920397241	0.0094450677507203	0.03036056482043303	0.0795211814305595	0.17510005662327832	0.03130937539487078	0.020227998625672306	13.023380159105999	10.427155327325456	0.08896936851650676	1.8382625651124285	0.5180603145018765	0.36466091457945105	0.0
/vol/bitbucket/osella/rl-qecc-data/supervisedLearning/sweep2/g5_ground_anch_H4_s1000.pth	4	1000	2	groundAnchored	[(6, 6), (9, 6), (12, 6), (15, 3)]	True	True	True	True	geometric5	4412297	15	3	2026-08-01	groundAnchored_66-96-126-153	0.022257119563161308	0.0778344570784914	0.00888181935671976	0.025227479223619575	0.09608004829640643	0.22777392607073244	0.031209012444978295	0.020227998625672306	14.055169434015651	10.427155327325456	0.11673979274899708	1.8306277621544846	0.44275598010897865	0.30692469038106335	0.02
/vol/bitbucket/osella/rl-qecc-data/supervisedLearning/sweep2/g5_ground_anch_H4_s5000.pth	4	5000	2	groundAnchored	[(6, 6), (9, 6), (12, 6), (15, 3)]	True	True	True	True	geometric5	4412297	15	3	2026-08-01	groundAnchored_66-96-126-153	0.022257119563161308	0.0706221692675107	0.0057615973456814325	0.021429199133886148	0.09870968337577396	0.19668502112966466	0.0305253453525472	0.020227998625672306	13.768976683619547	10.427155327325456	0.10331189805742712	1.8204589415740295	0.5183097189267	0.36449875415462024	0.0
/vol/bitbucket/osella/rl-qecc-data/supervisedLearning/sweep2/g5_ground_anch_H6_s2000.pth	6	2000	2	groundAnchored	[(6, 6), (9, 6), (12, 6), (15, 3)]	True	True	True	True	geometric5	4412297	15	3	2026-08-01	groundAnchored_66-96-126-153	0.022257119563161308	0.05689607074230511	0.009573093749598964	0.027660078486871322	0.07353307789969855	0.14295711150556317	0.03075699206979383	0.020227998625672306	12.539486326806248	10.427155327325456	0.07492604667974707	1.818439384603834	0.5433474693677915	0.38301646652637245	0.02
/vol/bitbucket/osella/rl-qecc-data/supervisedLearning/sweep2/g5_ground_anch_H6_s6000.pth	6	6000	2	groundAnchored	[(6, 6), (9, 6), (12, 6), (15, 3)]	True	True	True	True	geometric5	4412297	15	3	2026-08-01	groundAnchored_66-96-126-153	0.022257119563161308	0.07456073500664577	0.01040649325653317	0.031832193492325946	0.10377204160912595	0.19592626619530049	0.030866680479943023	0.020227998625672306	13.604698528789815	10.427155327325456	0.10104843211142162	1.8167323880079531	0.494203371294308	0.34527196237836577	0.0
/vol/bitbucket/osella/rl-qecc-data/supervisedLearning/sweep2/g5_ground_anch_H7_s4000.pth	7	4000	2	groundAnchored	[(6, 6), (9, 6), (12, 6), (15, 3)]	True	True	True	True	geometric5	4412297	15	3	2026-08-01	groundAnchored_66-96-126-153	0.022257119563161308	0.05340190218347193	0.014455757372222839	0.03418549530460023	0.07502109010757206	0.11160859100462045	0.03173857712834433	0.020227998625672306	12.36971392925895	10.427155327325456	0.06205709968161946	1.8235341445009676	0.49364875059384516	0.3450980778484712	0.02
/vol/bitbucket/osella/rl-qecc-data/supervisedLearning/sweep2/g5_ground_pure_H10_s1000.pth	10	1000	2	groundPure	[(6, 6), (9, 6), (12, 6), (15, 3)]	True	True	True	True	geometric5	4412297	15	3	2026-08-01	groundPure_66-96-126-153	0.022257119563161308	0.05340016526402414	0.005586313684912292	0.020487853483853617	0.08959951794815217	0.12141018006675541	0.0299169611364464	0.020227998625672306	13.166229793910484	10.427155327325456	0.06848301654641056	1.8026795019363573	0.5796979979613027	0.41058456061534193	0.0
/vol/bitbucket/osella/rl-qecc-data/supervisedLearning/sweep2/g5_ground_pure_H10_s5000.pth	10	5000	2	groundPure	[(6, 6), (9, 6), (12, 6), (15, 3)]	True	True	True	True	geometric5	4412297	15	3	2026-08-01	groundPure_66-96-126-153	0.022257119563161308	0.057451331578014325	0.005881012693126523	0.0209460623835804	0.09291336158505316	0.13804040580226165	0.02947581542604929	0.020227998625672306	13.286094878904812	10.427155327325456	0.07486181761663008	1.8226780283338004	0.5692245919987913	0.4041856120402786	0.0
/vol/bitbucket/osella/rl-qecc-data/supervisedLearning/sweep2/g5_ground_pure_H3_s2000.pth	3	2000	2	groundPure	[(6, 6), (9, 6), (12, 6), (15, 3)]	True	True	True	True	geometric5	4412297	15	3	2026-08-01	groundPure_66-96-126-153	0.022257119563161308	0.08784234105882957	0.005420508910167222	0.02081663178622591	0.11865795240350432	0.2647598770234616	0.02955673517078988	0.020227998625672306	16.15902160236185	10.427155327325456	0.1333009766588081	1.814960798599659	0.5169248831901981	0.3624164975619816	0.0
/vol/bitbucket/osella/rl-qecc-data/supervisedLearning/sweep2/g5_ground_pure_H3_s6000.pth	3	6000	2	groundPure	[(6, 6), (9, 6), (12, 6), (15, 3)]	True	True	True	True	geometric5	4412297	15	3	2026-08-01	groundPure_66-96-126-153	0.022257119563161308	0.06389833819947625	0.007776707744618607	0.024477387282604287	0.08887145064399837	0.16875241081637962	0.029613734509780415	0.020227998625672306	13.053194445297384	10.427155327325456	0.08657256249926287	1.8141225194292347	0.5577965617989048	0.3930295775734941	0.0
/vol/bitbucket/osella/rl-qecc-data/supervisedLearning/sweep2/g5_ground_pure_H4_s4000.pth	4	4000	2	groundPure	[(6, 6), (9, 6), (12, 6), (15, 3)]	True	True	True	True	geometric5	4412297	15	3	2026-08-01	groundPure_66-96-126-153	0.022257119563161308	0.06835069730785108	0.008645830447510699	0.027903025748739384	0.07961449648547861	0.19353414118954448	0.03205599266798234	0.020227998625672306	13.124710732932742	10.427155327325456	0.09814025764676917	1.8133258349597479	0.3520823732132057	0.2476662014170588	0.02
/vol/bitbucket/osella/rl-qecc-data/supervisedLearning/sweep2/g5_ground_pure_H6_s1000.pth	6	1000	2	groundPure	[(6, 6), (9, 6), (12, 6), (15, 3)]	True	True	True	True	geometric5	4412297	15	3	2026-08-01	groundPure_66-96-126-153	0.022257119563161308	0.05160387274696997	0.007363694077104207	0.020971013252341252	0.07331812336073092	0.1264514946110946	0.02991503843357961	0.020227998625672306	12.860984290451565	10.427155327325456	0.06502704870937404	1.8291516357246016	0.5306454667009959	0.3721998538939623	0.04
/vol/bitbucket/osella/rl-qecc-data/supervisedLearning/sweep2/g5_ground_pure_H6_s5000.pth	6	5000	2	groundPure	[(6, 6), (9, 6), (12, 6), (15, 3)]	True	True	True	True	geometric5	4412297	15	3	2026-08-01	groundPure_66-96-126-153	0.022257119563161308	0.17716616453507095	0.17585755547846274	0.3298318420664529	0.24616810183717097	0.10230782559117914	0.03166549770208926	0.020227998625672306	19.268913656575823	10.427155327325456	0.059915669234510305	1.8196539508959797	0.4422279906651003	0.30734812828375446	0.02
/vol/bitbucket/osella/rl-qecc-data/supervisedLearning/sweep2/g5_ground_pure_H7_s2000.pth	7	2000	2	groundPure	[(6, 6), (9, 6), (12, 6), (15, 3)]	True	True	True	True	geometric5	4412297	15	3	2026-08-01	groundPure_66-96-126-153	0.022257119563161308	0.049871176106372324	0.0064094542946571634	0.021613663554611258	0.07802066925037847	0.110326774191257	0.03298531924095815	0.020227998625672306	12.457700337282116	10.427155327325456	0.06555011944469986	1.8249484994665472	0.49914774304780973	0.3468215441832935	0.0
/vol/bitbucket/osella/rl-qecc-data/supervisedLearning/sweep2/g5_ground_pure_H7_s6000.pth	7	6000	2	groundPure	[(6, 6), (9, 6), (12, 6), (15, 3)]	True	True	True	True	geometric5	4412297	15	3	2026-08-01	groundPure_66-96-126-153	0.022257119563161308	0.06789583390707464	0.005446543769719405	0.020849524992975474	0.11243185764126802	0.17113707478805693	0.02961416834335383	0.020227998625672306	14.475166901805354	10.427155327325456	0.09169718996845201	1.8233605165484013	0.5628211090364764	0.39896331615523756	0.04
/vol/bitbucket/osella/rl-qecc-data/supervisedLearning/sweep2/g5_mix_66-96-126-153_H10_s4000.pth	10	4000	6	mixed	[(6, 6), (9, 6), (12, 6), (15, 3)]	True	True	True	True	geometric5	4412297	15	3	2026-08-01	mixed_66-96-126-153	0.022257119563161308	0.03595814775711545	0.007178608750072515	0.02042363269150157	0.049080105250047204	0.07208118015771968	0.031027211936236213	0.020227998625672306	11.400788822611949	10.427155327325456	0.044287270019271206	1.8145324237281488	0.6894190126368951	0.503670777918924	0.06
/vol/bitbucket/osella/rl-qecc-data/supervisedLearning/sweep2/g5_mix_66-96-126-153_H3_s1000.pth	3	1000	6	mixed	[(6, 6), (9, 6), (12, 6), (15, 3)]	True	True	True	True	geometric5	4412297	15	3	2026-08-01	mixed_66-96-126-153	0.022257119563161308	0.036358478360594255	0.007275098118826201	0.020583212182186797	0.04996466481055406	0.07262992248706858	0.03133949420433603	0.020227998625672306	11.4081582196256	10.427155327325456	0.04438306268416149	1.8090553582478077	0.6868636598694328	0.5015159707580947	0.0
/vol/bitbucket/osella/rl-qecc-data/supervisedLearning/sweep2/g5_mix_66-96-126-153_H3_s5000.pth	3	5000	6	mixed	[(6, 6), (9, 6), (12, 6), (15, 3)]	True	True	True	True	geometric5	4412297	15	3	2026-08-01	mixed_66-96-126-153	0.022257119563161308	0.036002131206324624	0.007056425590237247	0.019472879220472396	0.049644475206944094	0.07254778658943388	0.03128908942453546	0.020227998625672306	11.416519240722181	10.427155327325456	0.044587551271818224	1.8192020927651134	0.6842512499366327	0.49879618797626774	0.02
/vol/bitbucket/osella/rl-qecc-data/supervisedLearning/sweep2/g5_mix_66-96-126-153_H4_s2000.pth	4	2000	6	mixed	[(6, 6), (9, 6), (12, 6), (15, 3)]	True	True	True	True	geometric5	4412297	15	3	2026-08-01	mixed_66-96-126-153	0.022257119563161308	0.03535161456783377	0.00655753709756783	0.018709691343172418	0.04859771170167669	0.0722602693712208	0.03063286332553077	0.020227998625672306	11.426863963055116	10.427155327325456	0.04431130863566551	1.8050228634551757	0.6866123034200944	0.5010013721188017	0.02
/vol/bitbucket/osella/rl-qecc-data/supervisedLearning/sweep2/g5_mix_66-96-126-153_H4_s6000.pth	4	6000	6	mixed	[(6, 6), (9, 6), (12, 6), (15, 3)]	True	True	True	True	geometric5	4412297	15	3	2026-08-01	mixed_66-96-126-153	0.022257119563161308	0.03700193610123829	0.007524695829218776	0.02139575565735278	0.05252043846188137	0.07248558921537335	0.03108320134236441	0.020227998625672306	11.421522062587787	10.427155327325456	0.04457629821419494	1.8190705391177222	0.6866174785138496	0.5008890402935235	0.0
/vol/bitbucket/osella/rl-qecc-data/supervisedLearning/sweep2/g5_mix_66-96-126-153_H6_s4000.pth	6	4000	6	mixed	[(6, 6), (9, 6), (12, 6), (15, 3)]	True	True	True	True	geometric5	4412297	15	3	2026-08-01	mixed_66-96-126-153	0.022257119563161308	0.036234774420244815	0.007437290359599937	0.02074075009455444	0.04954975873459391	0.07221279704454014	0.031233275867935797	0.020227998625672306	11.40476320390612	10.427155327325456	0.04446040235984732	1.8118933416599765	0.6878422845221926	0.5022575840918823	0.04
/vol/bitbucket/osella/rl-qecc-data/supervisedLearning/sweep2/g5_mix_66-96-126-153_H7_s1000.pth	7	1000	6	mixed	[(6, 6), (9, 6), (12, 6), (15, 3)]	True	True	True	True	geometric5	4412297	15	3	2026-08-01	mixed_66-96-126-153	0.022257119563161308	0.037062270554637795	0.007497634326212336	0.021059149214796066	0.051399203668094924	0.07384666758282782	0.03150869798125792	0.020227998625672306	11.439268434097212	10.427155327325456	0.045216808149126195	1.8194116072544246	0.6738238502623838	0.4901477592873394	0.06
/vol/bitbucket/osella/rl-qecc-data/supervisedLearning/sweep2/g5_mix_66-96-126-153_H7_s5000.pth	7	5000	6	mixed	[(6, 6), (9, 6), (12, 6), (15, 3)]	True	True	True	True	geometric5	4412297	15	3	2026-08-01	mixed_66-96-126-153	0.022257119563161308	0.035931302855962695	0.007156575431377094	0.019627963381363106	0.04835182935492112	0.0729259926278131	0.031594153484338895	0.020227998625672306	11.40015471190069	10.427155327325456	0.04454682342169962	1.808257353684286	0.6887484204418663	0.5029130975625997	0.02
/vol/bitbucket/osella/rl-qecc-data/supervisedLearning/sweep2/g5_mix_66-96-126_H10_s2000.pth	10	2000	8	mixed	[(6, 6), (9, 6), (12, 6)]	True	True	True	False	geometric5	4412297	15	3	2026-08-01	mixed_66-96-126	0.022257119563161308	0.08750027130990314	0.019252493598150178	0.05791090013519924	0.15363339498949752	0.17682903844275133	0.02987552938391667	0.020227998625672306	15.358124743448666	10.427155327325456	0.11189818259749983	4.128141228803765	0.5522987254570988	0.3910083391322897	0.06
/vol/bitbucket/osella/rl-qecc-data/supervisedLearning/sweep2/g5_mix_66-96-126_H10_s6000.pth	10	6000	8	mixed	[(6, 6), (9, 6), (12, 6)]	True	True	True	False	geometric5	4412297	15	3	2026-08-01	mixed_66-96-126	0.022257119563161308	0.06774908527598694	0.014847268957794854	0.037877729529531015	0.10409243083326399	0.15205228254657063	0.029875714512773804	0.020227998625672306	13.757847995853025	10.427155327325456	0.08971157754984148	3.4938003868054577	0.5600596846368436	0.39571762181500364	0.04
/vol/bitbucket/osella/rl-qecc-data/supervisedLearning/sweep2/g5_mix_66-96-126_H3_s4000.pth	3	4000	8	mixed	[(6, 6), (9, 6), (12, 6)]	True	True	True	False	geometric5	4412297	15	3	2026-08-01	mixed_66-96-126	0.022257119563161308	0.08624678998809225	0.017609882704250412	0.04726714573718533	0.14024763539395016	0.1960883216680698	0.030020964437006293	0.020227998625672306	15.668406825871998	10.427155327325456	0.11960301587555135	5.260665962455721	0.593675523383976	0.4250243105553652	0.02
/vol/bitbucket/osella/rl-qecc-data/supervisedLearning/sweep2/g5_mix_66-96-126_H4_s1000.pth	4	1000	8	mixed	[(6, 6), (9, 6), (12, 6)]	True	True	True	False	geometric5	4412297	15	3	2026-08-01	mixed_66-96-126	0.022257119563161308	0.09288067797816174	0.023552666993227955	0.05728677969585018	0.14659546010738175	0.20690238318911808	0.030066099905231174	0.020227998625672306	17.154162617861328	10.427155327325456	0.12638176785849284	12.175881160531276	0.5248931412583401	0.3695031699248466	0.02
/vol/bitbucket/osella/rl-qecc-data/supervisedLearning/sweep2/g5_mix_66-96-126_H4_s5000.pth	4	5000	8	mixed	[(6, 6), (9, 6), (12, 6)]	True	True	True	False	geometric5	4412297	15	3	2026-08-01	mixed_66-96-126	0.022257119563161308	0.06321989107840617	0.010503358365980781	0.0306100003181767	0.08785094586514353	0.15712779893721648	0.030007351905513784	0.020227998625672306	13.21517698920037	10.427155327325456	0.08738579517461546	2.5503538201313467	0.5713280360856843	0.40464799709652166	0.04
/vol/bitbucket/osella/rl-qecc-data/supervisedLearning/sweep2/g5_mix_66-96-126_H6_s2000.pth	6	2000	8	mixed	[(6, 6), (9, 6), (12, 6)]	True	True	True	False	geometric5	4412297	15	3	2026-08-01	mixed_66-96-126	0.022257119563161308	0.0600280879437269	0.011927888184901243	0.03432944074540017	0.0880193664321962	0.13554424884595254	0.03031949551018429	0.020227998625672306	12.83373421289079	10.427155327325456	0.0779788148884845	2.8253194672119717	0.5518649637096311	0.3908776793323993	0.0
/vol/bitbucket/osella/rl-qecc-data/supervisedLearning/sweep2/g5_mix_66-96-126_H6_s6000.pth	6	6000	8	mixed	[(6, 6), (9, 6), (12, 6)]	True	True	True	False	geometric5	4412297	15	3	2026-08-01	mixed_66-96-126	0.022257119563161308	0.05269917035757651	0.007856716771622951	0.024275860879981157	0.07142052189351233	0.13016907970867905	0.02977367253408659	0.020227998625672306	12.491389587095435	10.427155327325456	0.07095856944189131	2.9304134183942914	0.6136856005682751	0.4386705482826302	0.02
/vol/bitbucket/osella/rl-qecc-data/supervisedLearning/sweep2/g5_mix_66-96-126_H7_s4000.pth	7	4000	8	mixed	[(6, 6), (9, 6), (12, 6)]	True	True	True	False	geometric5	4412297	15	3	2026-08-01	mixed_66-96-126	0.022257119563161308	0.06832814876437864	0.008683598524772367	0.026469168394511734	0.09837710249407307	0.17846681603812764	0.029644058370408434	0.020227998625672306	14.233480150957291	10.427155327325456	0.10096699506416933	4.0577546553279245	0.5977570672704582	0.42727134502939446	0.04
/vol/bitbucket/osella/rl-qecc-data/supervisedLearning/sweep2/g5_mix_66-96_H10_s1000.pth	10	1000	12	mixed	[(6, 6), (9, 6)]	True	True	False	False	geometric5	4412297	15	3	2026-08-01	mixed_66-96	0.022257119563161308	0.0427355729491123	0.006169805972832681	0.020123360604003267	0.06737424625116765	0.08841855473781682	0.031591897179740785	0.020227998625672306	12.166353614812099	10.427155327325456	0.053288560631545384	2.394318456339319	0.5093472898634466	0.35475388359245646	0.0
/vol/bitbucket/osella/rl-qecc-data/supervisedLearning/sweep2/g5_mix_66-96_H10_s5000.pth	10	5000	12	mixed	[(6, 6), (9, 6)]	True	True	False	False	geometric5	4412297	15	3	2026-08-01	mixed_66-96	0.022257119563161308	0.04638668501241824	0.017082373957692357	0.032454218563895264	0.0653922617064476	0.08531404080129754	0.03169053003275865	0.020227998625672306	12.194570023572199	10.427155327325456	0.052927129061355105	2.6058463640731864	0.549733931102207	0.3880082185004044	0.0
/vol/bitbucket/osella/rl-qecc-data/supervisedLearning/sweep2/g5_mix_66-96_H3_s2000.pth	3	2000	12	mixed	[(6, 6), (9, 6)]	True	True	False	False	geometric5	4412297	15	3	2026-08-01	mixed_66-96	0.022257119563161308	0.04386973888524035	0.006663175519589023	0.021408848862826443	0.06641524789748879	0.09279088105004349	0.03207054109625412	0.020227998625672306	12.042136926238555	10.427155327325456	0.052484384708539354	1.8757055744848958	0.5736372723148282	0.40876876918954536	0.08
/vol/bitbucket/osella/rl-qecc-data/supervisedLearning/sweep2/g5_mix_66-96_H3_s6000.pth	3	6000	12	mixed	[(6, 6), (9, 6)]	True	True	False	False	geometric5	4412297	15	3	2026-08-01	mixed_66-96	0.022257119563161308	0.045973345497668565	0.005786707365221296	0.019798016569978375	0.06333148405694199	0.11111576177029242	0.02983475772590844	0.020227998625672306	12.793059879356575	10.427155327325456	0.06101623931405303	2.628274261564461	0.5865207307299867	0.4167906614193188	0.0
/vol/bitbucket/osella/rl-qecc-data/supervisedLearning/sweep2/g5_mix_66-96_H4_s4000.pth	4	4000	12	mixed	[(6, 6), (9, 6)]	True	True	False	False	geometric5	4412297	15	3	2026-08-01	mixed_66-96	0.022257119563161308	0.15962020776308725	0.14043390256706145	0.2205894112860845	0.27574964617072484	0.13110502110975386	0.03022305768181109	0.020227998625672306	20.91106482672198	10.427155327325456	0.11242500665910146	6.956787807567692	0.3408077829039968	0.23073322625951975	0.0
/vol/bitbucket/osella/rl-qecc-data/supervisedLearning/sweep2/g5_mix_66-96_H6_s1000.pth	6	1000	12	mixed	[(6, 6), (9, 6)]	True	True	False	False	geometric5	4412297	15	3	2026-08-01	mixed_66-96	0.022257119563161308	0.043173584366888625	0.0070658049316358615	0.020251728181597872	0.06988789479093316	0.08512582706579834	0.03353666686447756	0.020227998625672306	11.963848197405426	10.427155327325456	0.05241456825456167	1.9541486741837264	0.5208848872345058	0.3678170959458074	0.0
/vol/bitbucket/osella/rl-qecc-data/supervisedLearning/sweep2/g5_mix_66-96_H6_s5000.pth	6	5000	12	mixed	[(6, 6), (9, 6)]	True	True	False	False	geometric5	4412297	15	3	2026-08-01	mixed_66-96	0.022257119563161308	0.050581189386037055	0.014114629286287114	0.032339609922099374	0.07689786622276902	0.0985005139834421	0.031053327515588054	0.020227998625672306	12.333536189706743	10.427155327325456	0.06015857935150669	2.4374182370776953	0.5926840799353416	0.42253407892995715	0.02
/vol/bitbucket/osella/rl-qecc-data/supervisedLearning/sweep2/g5_mix_66-96_H7_s2000.pth	7	2000	12	mixed	[(6, 6), (9, 6)]	True	True	False	False	geometric5	4412297	15	3	2026-08-01	mixed_66-96	0.022257119563161308	0.047688149900860635	0.006209046255608659	0.021761534184194825	0.08136417301738913	0.09506504251829598	0.034040953528814644	0.020227998625672306	12.553225363195644	10.427155327325456	0.05986152316420408	2.3458630613372433	0.4294385829005181	0.29580746654539297	0.02
/vol/bitbucket/osella/rl-qecc-data/supervisedLearning/sweep2/g5_mix_66-96_H7_s6000.pth	7	6000	12	mixed	[(6, 6), (9, 6)]	True	True	False	False	geometric5	4412297	15	3	2026-08-01	mixed_66-96	0.022257119563161308	0.04628766218052046	0.006878588957282405	0.021276614903246647	0.07133907898972323	0.1001070479730933	0.03183698007925659	0.020227998625672306	12.659366578118487	10.427155327325456	0.06007512203476	3.231532497351838	0.4504649059514992	0.3117951335509798	0.0
/vol/bitbucket/osella/rl-qecc-data/supervisedLearning/sweep2/g5_mix_66_H10_s4000.pth	10	4000	24	mixed	[(6, 6)]	True	False	False	False	geometric5	4412297	15	3	2026-08-01	mixed_66	0.022257119563161308	0.0630408907470058	0.016579715113561228	0.04611980490334752	0.10626759444829789	0.11617346552945058	0.030063873740372445	0.020227998625672306	13.460923460376494	10.427155327325456	0.07006594193346091	5.875026490647964	0.337000321386706	0.23125068239800137	0.0
/vol/bitbucket/osella/rl-qecc-data/supervisedLearning/sweep2/g5_mix_66_H3_s1000.pth	3	1000	24	mixed	[(6, 6)]	True	False	False	False	geometric5	4412297	15	3	2026-08-01	mixed_66	0.022257119563161308	0.0899433330428857	0.03336293492455664	0.09045576318128254	0.1719786505990806	0.12394660956875188	0.0299727069407579	0.020227998625672306	15.61843376378312	10.427155327325456	0.08454041621021624	11.090636109748155	0.24838050352659083	0.17270481411778613	0.0
/vol/bitbucket/osella/rl-qecc-data/supervisedLearning/sweep2/g5_mix_66_H3_s5000.pth	3	5000	24	mixed	[(6, 6)]	True	False	False	False	geometric5	4412297	15	3	2026-08-01	mixed_66	0.022257119563161308	0.06417649173928254	0.01848220873391893	0.048164521561855786	0.08914834785901	0.13501284783115425	0.030074532710474233	0.020227998625672306	13.11311138874439	10.427155327325456	0.07031608917637042	2.512482025288533	0.51787614612272	0.3635975323417433	0.0
/vol/bitbucket/osella/rl-qecc-data/supervisedLearning/sweep2/g5_mix_66_H4_s2000.pth	4	2000	24	mixed	[(6, 6)]	True	False	False	False	geometric5	4412297	15	3	2026-08-01	mixed_66	0.022257119563161308	0.10034371535918474	0.026938964195867082	0.08641939980550692	0.20954306159663144	0.1487417802998188	0.030075370898099252	0.020227998625672306	17.18626700429316	10.427155327325456	0.1024926816567249	10.620803845522325	0.1431405098706478	0.09703070375616596	0.0
/vol/bitbucket/osella/rl-qecc-data/supervisedLearning/sweep2/g5_mix_66_H4_s6000.pth	4	6000	24	mixed	[(6, 6)]	True	False	False	False	geometric5	4412297	15	3	2026-08-01	mixed_66	0.022257119563161308	0.058404097092937785	0.00976873693076397	0.029331310113165376	0.0953271275714728	0.12768888584523597	0.029904425004050904	0.020227998625672306	13.322556230414508	10.427155327325456	0.07122588783626375	4.924078917362066	0.3827329923945194	0.26627939232489956	0.0
/vol/bitbucket/osella/rl-qecc-data/supervisedLearning/sweep2/g5_mix_66_H6_s4000.pth	6	4000	24	mixed	[(6, 6)]	True	False	False	False	geometric5	4412297	15	3	2026-08-01	mixed_66	0.022257119563161308	0.06899720329378993	0.029183476464401	0.06335322780482398	0.11254836178111884	0.10936649685370431	0.030534453564902107	0.020227998625672306	13.634587141162028	10.427155327325456	0.06791825350953153	2.9316672266519404	0.42240658945138143	0.2936823833169098	0.02
/vol/bitbucket/osella/rl-qecc-data/supervisedLearning/sweep2/g5_mix_66_H7_s1000.pth	7	1000	24	mixed	[(6, 6)]	True	False	False	False	geometric5	4412297	15	3	2026-08-01	mixed_66	0.022257119563161308	0.08509171900682455	0.016974206655445488	0.053647535385621684	0.1467384502001427	0.17822080408043992	0.02987759871247228	0.020227998625672306	14.78622290515694	10.427155327325456	0.09960633276353233	5.337830987956634	0.3531171342732073	0.2468963626828909	0.0
/vol/bitbucket/osella/rl-qecc-data/supervisedLearning/sweep2/g5_mix_66_H7_s5000.pth	7	5000	24	mixed	[(6, 6)]	True	False	False	False	geometric5	4412297	15	3	2026-08-01	mixed_66	0.022257119563161308	0.052179529817718916	0.01111741929809979	0.03204302836288536	0.0832323503950583	0.10444302410826353	0.030061826924287806	0.020227998625672306	13.113985493824625	10.427155327325456	0.060289370586360594	3.747753079082841	0.4659521720446279	0.32548354741536434	0.04
/vol/bitbucket/osella/rl-qecc-data/supervisedLearning/sweep2/g5_ground_anch_H10_s2000.pth	10	2000	2	groundAnchored	[(6, 6), (9, 6), (12, 6), (15, 3)]	True	True	True	True	geometric5	1353227	12	6	2026-08-01	groundAnchored_66-96-126-153	0.01850424850243222	0.07391774322519003	0.0027365928382614736	0.009538706565046856	0.061478798354438875	0.2802210368225946	0.015613581545608803	0.01488279008886767	10.908521370983598	7.378381754377372	0.13154993041400495	2.4530198303651822	0.7040389382087007	0.5212513313836998	0.0
/vol/bitbucket/osella/rl-qecc-data/supervisedLearning/sweep2/g5_ground_anch_H10_s6000.pth	10	6000	2	groundAnchored	[(6, 6), (9, 6), (12, 6), (15, 3)]	True	True	True	True	geometric5	1353227	12	6	2026-08-01	groundAnchored_66-96-126-153	0.01850424850243222	0.056868198118449835	0.0064266019430883736	0.019505009201129846	0.061539302046010276	0.17484048312417538	0.022029594277845652	0.01488279008886767	9.388081910656373	7.378381754377372	0.08302150510478984	2.4751157595835855	0.5617788803895021	0.39811985910851005	0.0
/vol/bitbucket/osella/rl-qecc-data/supervisedLearning/sweep2/g5_ground_anch_H3_s4000.pth	3	4000	2	groundAnchored	[(6, 6), (9, 6), (12, 6), (15, 3)]	True	True	True	True	geometric5	1353227	12	6	2026-08-01	groundAnchored_66-96-126-153	0.01850424850243222	0.0788053001117802	0.0031191196352942266	0.010823422102602962	0.060803148241679046	0.3027311230198687	0.016549687559455704	0.01488279008886767	11.11762508067266	7.378381754377372	0.1416913857393542	2.429722268031356	0.6267854738162615	0.4509789092280962	0.02
/vol/bitbucket/osella/rl-qecc-data/supervisedLearning/sweep2/g5_ground_anch_H4_s1000.pth	4	1000	2	groundAnchored	[(6, 6), (9, 6), (12, 6), (15, 3)]	True	True	True	True	geometric5	1353227	12	6	2026-08-01	groundAnchored_66-96-126-153	0.01850424850243222	0.08025842568500953	0.0034619492710944587	0.012165884576491565	0.05792139478462116	0.3069224626299273	0.020820437162913475	0.01488279008886767	10.92664060950958	7.378381754377372	0.1468377244118928	2.456782313713915	0.6137091504138147	0.4376509737127539	0.0
/vol/bitbucket/osella/rl-qecc-data/supervisedLearning/sweep2/g5_ground_anch_H4_s5000.pth	4	5000	2	groundAnchored	[(6, 6), (9, 6), (12, 6), (15, 3)]	True	True	True	True	geometric5	1353227	12	6	2026-08-01	groundAnchored_66-96-126-153	0.01850424850243222	0.06402387131526473	0.0036127368210275455	0.01244870003181661	0.058651030917514446	0.22579070525904166	0.019616183546923183	0.01488279008886767	9.97370303279581	7.378381754377372	0.10860828724529824	2.4873356419126083	0.5522708724699253	0.3926192957230505	0.02
/vol/bitbucket/osella/rl-qecc-data/supervisedLearning/sweep2/g5_ground_anch_H6_s2000.pth	6	2000	2	groundAnchored	[(6, 6), (9, 6), (12, 6), (15, 3)]	True	True	True	True	geometric5	1353227	12	6	2026-08-01	groundAnchored_66-96-126-153	0.01850424850243222	0.06661148192446119	0.003496423034312808	0.012039725669182209	0.0527155646262713	0.24551606202721693	0.019289634265322347	0.01488279008886767	10.064824948091832	7.378381754377372	0.11668999503029089	2.4524760363188074	0.6352871054839847	0.4561502986292949	0.04
/vol/bitbucket/osella/rl-qecc-data/supervisedLearning/sweep2/g5_ground_anch_H6_s6000.pth	6	6000	2	groundAnchored	[(6, 6), (9, 6), (12, 6), (15, 3)]	True	True	True	True	geometric5	1353227	12	6	2026-08-01	groundAnchored_66-96-126-153	0.01850424850243222	0.07486672814240608	0.003592782093946714	0.012019993261550866	0.06437663212050418	0.2746182773290664	0.01972595590696261	0.01488279008886767	10.67379691832761	7.378381754377372	0.13261090631297562	2.4520987148179736	0.573941391737506	0.4086884377029932	0.0
/vol/bitbucket/osella/rl-qecc-data/supervisedLearning/sweep2/g5_ground_anch_H7_s4000.pth	7	4000	2	groundAnchored	[(6, 6), (9, 6), (12, 6), (15, 3)]	True	True	True	True	geometric5	1353227	12	6	2026-08-01	groundAnchored_66-96-126-153	0.01850424850243222	0.054870010242922734	0.0034290340880649534	0.011519405155542577	0.05103461944117314	0.19272495921627547	0.01564203331355743	0.01488279008886767	9.671651811191833	7.378381754377372	0.08913047539235239	2.43683514122577	0.6747335130288306	0.49126689828849407	0.02
/vol/bitbucket/osella/rl-qecc-data/supervisedLearning/sweep2/g5_ground_pure_H10_s1000.pth	10	1000	2	groundPure	[(6, 6), (9, 6), (12, 6), (15, 3)]	True	True	True	True	geometric5	1353227	12	6	2026-08-01	groundPure_66-96-126-153	0.01850424850243222	0.06006056668205479	0.002734984026031599	0.009605886557967937	0.058205270611702505	0.21260727820277864	0.017149414011793613	0.01488279008886767	10.065820268093171	7.378381754377372	0.10216184574431798	2.4137509114486138	0.6429453799678628	0.4628373765023608	0.02
/vol/bitbucket/osella/rl-qecc-data/supervisedLearning/sweep2/g5_ground_pure_H10_s5000.pth	10	5000	2	groundPure	[(6, 6), (9, 6), (12, 6), (15, 3)]	True	True	True	True	geometric5	1353227	12	6	2026-08-01	groundPure_66-96-126-153	0.01850424850243222	0.06820711817220632	0.002807838331426746	0.009974449891106081	0.06272653215809397	0.247218388330168	0.018308382150236672	0.01488279008886767	10.418200550175223	7.378381754377372	0.11967186019461422	2.432975838091537	0.5964620382625764	0.4242578785913563	0.0
/vol/bitbucket/osella/rl-qecc-data/supervisedLearning/sweep2/g5_ground_pure_H3_s2000.pth	3	2000	2	groundPure	[(6, 6), (9, 6), (12, 6), (15, 3)]	True	True	True	True	geometric5	1353227	12	6	2026-08-01	groundPure_66-96-126-153	0.01850424850243222	0.08418370658141741	0.002673837223323889	0.009389163941561222	0.0699054574152243	0.32118273455501745	0.017767339771960794	0.01488279008886767	11.746986520035476	7.378381754377372	0.15414931241030197	2.4444823960145707	0.5737275272802536	0.4046908950130837	0.08
/vol/bitbucket/osella/rl-qecc-data/supervisedLearning/sweep2/g5_ground_pure_H3_s6000.pth	3	6000	2	groundPure	[(6, 6), (9, 6), (12, 6), (15, 3)]	True	True	True	True	geometric5	1353227	12	6	2026-08-01	groundPure_66-96-126-153	0.01850424850243222	0.07378995723543895	0.0029146231508066283	0.010066619585999286	0.06116995769276719	0.2759854319692982	0.0188131537783232	0.01488279008886767	10.669507325454157	7.378381754377372	0.13262826717762677	2.4409036056246887	0.5957692683895817	0.4230595211529445	0.0
/vol/bitbucket/osella/rl-qecc-data/supervisedLearning/sweep2/g5_ground_pure_H4_s4000.pth	4	4000	2	groundPure	[(6, 6), (9, 6), (12, 6), (15, 3)]	True	True	True	True	geometric5	1353227	12	6	2026-08-01	groundPure_66-96-126-153	0.01850424850243222	0.07811529380615095	0.003028007260153644	0.010803084892150396	0.059910513619124896	0.2976839384825027	0.01915092477682375	0.01488279008886767	10.925451441706487	7.378381754377372	0.14189186434488668	2.474974898724105	0.5405546009278431	0.3802171827477815	0.06
/vol/bitbucket/osella/rl-qecc-data/supervisedLearning/sweep2/g5_ground_pure_H6_s1000.pth	6	1000	2	groundPure	[(6, 6), (9, 6), (12, 6), (15, 3)]	True	True	True	True	geometric5	1353227	12	6	2026-08-01	groundPure_66-96-126-153	0.01850424850243222	0.0771705561194923	0.003035123130828256	0.01031990282215938	0.06030117245232331	0.2922840268931793	0.01991255529897071	0.01488279008886767	10.788763580022517	7.378381754377372	0.1403900213309697	2.44045306327034	0.5742527541176582	0.40607877158684547	0.04
/vol/bitbucket/osella/rl-qecc-data/supervisedLearning/sweep2/g5_ground_pure_H6_s5000.pth	6	5000	2	groundPure	[(6, 6), (9, 6), (12, 6), (15, 3)]	True	True	True	True	geometric5	1353227	12	6	2026-08-01	groundPure_66-96-126-153	0.01850424850243222	0.0622031087135497	0.006936646557143307	0.02458228090954485	0.056002661869311104	0.20518817280275428	0.018305781428994944	0.01488279008886767	9.678172367314856	7.378381754377372	0.09234565821927153	2.4308662653882527	0.5825227585922776	0.41242181956754626	0.02
/vol/bitbucket/osella/rl-qecc-data/supervisedLearning/sweep2/g5_ground_pure_H7_s2000.pth	7	2000	2	groundPure	[(6, 6), (9, 6), (12, 6), (15, 3)]	True	True	True	True	geometric5	1353227	12	6	2026-08-01	groundPure_66-96-126-153	0.01850424850243222	0.0557625522564277	0.00290291567419077	0.010534800509865766	0.05472432206170781	0.19043548072016725	0.020215242316207263	0.01488279008886767	9.663036576973015	7.378381754377372	0.09341381964582718	2.4430265637587576	0.634314886380807	0.45588096070814205	0.06
/vol/bitbucket/osella/rl-qecc-data/supervisedLearning/sweep2/g5_ground_pure_H7_s6000.pth	7	6000	2	groundPure	[(6, 6), (9, 6), (12, 6), (15, 3)]	True	True	True	True	geometric5	1353227	12	6	2026-08-01	groundPure_66-96-126-153	0.01850424850243222	0.06953389574490593	0.002686741078655119	0.009329681890416367	0.0683080790608019	0.2513167072896855	0.016028269404970596	0.01488279008886767	10.925466742251265	7.378381754377372	0.1205008546971498	2.434385294976358	0.6289155767202577	0.45196073748111687	0.06
/vol/bitbucket/osella/rl-qecc-data/supervisedLearning/sweep2/g5_mix_66-96-126-153_H10_s4000.pth	10	4000	6	mixed	[(6, 6), (9, 6), (12, 6), (15, 3)]	True	True	True	True	geometric5	1353227	12	6	2026-08-01	mixed_66-96-126-153	0.01850424850243222	0.02383842381842651	0.0030397892214147466	0.008324655846867307	0.03504220950367569	0.05412565316855705	0.018659811351617987	0.01488279008886767	8.085828454554418	7.378381754377372	0.0308729549612876	2.305567447011995	0.7702627203533648	0.5820749177116256	0.08
/vol/bitbucket/osella/rl-qecc-data/supervisedLearning/sweep2/g5_mix_66-96-126-153_H3_s1000.pth	3	1000	6	mixed	[(6, 6), (9, 6), (12, 6), (15, 3)]	True	True	True	True	geometric5	1353227	12	6	2026-08-01	mixed_66-96-126-153	0.01850424850243222	0.024342812196364114	0.003337743936240796	0.009129025191857196	0.03543358757439062	0.05483126797807135	0.018982436301260574	0.01488279008886767	8.090347818085277	7.378381754377372	0.03145712648929378	2.3882625425044006	0.7607930689414443	0.5717564232269687	0.08
/vol/bitbucket/osella/rl-qecc-data/supervisedLearning/sweep2/g5_mix_66-96-126-153_H3_s5000.pth	3	5000	6	mixed	[(6, 6), (9, 6), (12, 6), (15, 3)]	True	True	True	True	geometric5	1353227	12	6	2026-08-01	mixed_66-96-126-153	0.01850424850243222	0.025245924053702826	0.00386397456804525	0.00987817066831728	0.03743887299008782	0.05552914481659158	0.019519457225472266	0.01488279008886767	8.114143663482954	7.378381754377372	0.03196371146666059	2.403047684798263	0.7520940486690225	0.5640299172125104	0.02
/vol/bitbucket/osella/rl-qecc-data/supervisedLearning/sweep2/g5_mix_66-96-126-153_H4_s2000.pth	4	2000	6	mixed	[(6, 6), (9, 6), (12, 6), (15, 3)]	True	True	True	True	geometric5	1353227	12	6	2026-08-01	mixed_66-96-126-153	0.01850424850243222	0.024115374580262864	0.0028829913324554973	0.008180103366333232	0.03569212376922861	0.05509285431187271	0.01872880012142426	0.01488279008886767	8.10949979524025	7.378381754377372	0.031860834301256295	2.4303506788363007	0.7592571414569895	0.5707257534651542	0.02
/vol/bitbucket/osella/rl-qecc-data/supervisedLearning/sweep2/g5_mix_66-96-126-153_H4_s6000.pth	4	6000	6	mixed	[(6, 6), (9, 6), (12, 6), (15, 3)]	True	True	True	True	geometric5	1353227	12	6	2026-08-01	mixed_66-96-126-153	0.01850424850243222	0.02423474077552821	0.003625257096021795	0.009495991615059483	0.03633285722051561	0.053881420149666175	0.017838177796377922	0.01488279008886767	8.069042505748051	7.378381754377372	0.030645634887059833	2.235864782294754	0.7757413291607907	0.5861783190272399	0.06
/vol/bitbucket/osella/rl-qecc-data/supervisedLearning/sweep2/g5_mix_66-96-126-153_H6_s4000.pth	6	4000	6	mixed	[(6, 6), (9, 6), (12, 6), (15, 3)]	True	True	True	True	geometric5	1353227	12	6	2026-08-01	mixed_66-96-126-153	0.01850424850243222	0.022317361707583614	0.0031666553641211334	0.008664244470628454	0.034465773589216125	0.050986712143776945	0.01430342297017543	0.01488279008886767	7.995090801171424	7.378381754377372	0.028207352808726393	2.2779588791200265	0.81163280491339	0.6243935402591988	0.12
/vol/bitbucket/osella/rl-qecc-data/supervisedLearning/sweep2/g5_mix_66-96-126-153_H7_s1000.pth	7	1000	6	mixed	[(6, 6), (9, 6), (12, 6), (15, 3)]	True	True	True	True	geometric5	1353227	12	6	2026-08-01	mixed_66-96-126-153	0.01850424850243222	0.025185515887375835	0.003577276745686675	0.00965366833913635	0.03792215119333412	0.05565821776329617	0.019116265395425967	0.01488279008886767	8.110858753906333	7.378381754377372	0.031958256790976865	2.262278134380231	0.756019577518305	0.5665019560437218	0.1
/vol/bitbucket/osella/rl-qecc-data/supervisedLearning/sweep2/g5_mix_66-96-126-153_H7_s5000.pth	7	5000	6	mixed	[(6, 6), (9, 6), (12, 6), (15, 3)]	True	True	True	True	geometric5	1353227	12	6	2026-08-01	mixed_66-96-126-153	0.01850424850243222	0.023934002614084602	0.0033878020928365072	0.008719713773815554	0.034786400620607144	0.05402244344274516	0.01875365314041877	0.01488279008886767	8.06686576791586	7.378381754377372	0.030847820457457705	2.337801004096778	0.7705963244842212	0.5818119980493938	0.12
/vol/bitbucket/osella/rl-qecc-data/supervisedLearning/sweep2/g5_mix_66-96-126_H10_s2000.pth	10	2000	8	mixed	[(6, 6), (9, 6), (12, 6)]	True	True	True	False	geometric5	1353227	12	6	2026-08-01	mixed_66-96-126	0.01850424850243222	0.023789381078689064	0.003217929509678448	0.008968001301632375	0.037164540635162564	0.054262397592473546	0.015334036354498542	0.01488279008886767	8.059503589508578	7.378381754377372	0.03047511375129727	2.2029621599187843	0.7839953142701639	0.5935696962873134	0.16
/vol/bitbucket/osella/rl-qecc-data/supervisedLearning/sweep2/g5_mix_66-96-126_H10_s6000.pth	10	6000	8	mixed	[(6, 6), (9, 6), (12, 6)]	True	True	True	False	geometric5	1353227	12	6	2026-08-01	mixed_66-96-126	0.01850424850243222	0.023737543196361666	0.0038371779832680033	0.010085123940660972	0.03798851301028687	0.05260008687290882	0.01417681417468352	0.01488279008886767	8.024199089672036	7.378381754377372	0.02933556995876759	2.1762201905945866	0.7986593510011615	0.610463453157029	0.18
/vol/bitbucket/osella/rl-qecc-data/supervisedLearning/sweep2/g5_mix_66-96-126_H3_s4000.pth	3	4000	8	mixed	[(6, 6), (9, 6), (12, 6)]	True	True	True	False	geometric5	1353227	12	6	2026-08-01	mixed_66-96-126	0.01850424850243222	0.02379425881485414	0.002996645023781703	0.008170926580077004	0.0345045267747318	0.05461235501312561	0.0186868406825545	0.01488279008886767	8.078471314801332	7.378381754377372	0.03115001352373017	2.3735107385823633	0.7637375339448813	0.5750952810506809	0.14
/vol/bitbucket/osella/rl-qecc-data/supervisedLearning/sweep2/g5_mix_66-96-126_H4_s1000.pth	4	1000	8	mixed	[(6, 6), (9, 6), (12, 6)]	True	True	True	False	geometric5	1353227	12	6	2026-08-01	mixed_66-96-126	0.01850424850243222	0.023801730451197274	0.0036134309627626733	0.009772216289302622	0.03810314780066345	0.05278497553986802	0.014734881663389517	0.01488279008886767	8.026052217290992	7.378381754377372	0.029387723669445972	2.1980664366571108	0.7958936270895931	0.6073711737320516	0.14
/vol/bitbucket/osella/rl-qecc-data/supervisedLearning/sweep2/g5_mix_66-96-126_H4_s5000.pth	4	5000	8	mixed	[(6, 6), (9, 6), (12, 6)]	True	True	True	False	geometric5	1353227	12	6	2026-08-01	mixed_66-96-126	0.01850424850243222	0.024474715724248895	0.003146590998418334	0.008836436457152872	0.035705946572393205	0.05593826370078298	0.018746340892497177	0.01488279008886767	8.103560324254577	7.378381754377372	0.032404041780332	2.3965027029755386	0.7561524652009806	0.5669457634497841	0.04
/vol/bitbucket/osella/rl-qecc-data/supervisedLearning/sweep2/g5_mix_66-96-126_H6_s2000.pth	6	2000	8	mixed	[(6, 6), (9, 6), (12, 6)]	True	True	True	False	geometric5	1353227	12	6	2026-08-01	mixed_66-96-126	0.01850424850243222	0.023327180511753715	0.0033088232046358285	0.009323235137962195	0.03696279412973771	0.052723033084282236	0.014318017002150449	0.01488279008886767	8.024934387678734	7.378381754377372	0.029383953455597935	2.1815446143181068	0.797384186093386	0.6083951372846679	0.16
/vol/bitbucket/osella/rl-qecc-data/supervisedLearning/sweep2/g5_mix_66-96-126_H6_s6000.pth	6	6000	8	mixed	[(6, 6), (9, 6), (12, 6)]	True	True	True	False	geometric5	1353227	12	6	2026-08-01	mixed_66-96-126	0.01850424850243222	0.022525365126234285	0.0034531016396015246	0.00913902349633411	0.03438288735356837	0.05134800657147403	0.01430380657019329	0.01488279008886767	7.988107678765631	7.378381754377372	0.028389765933276037	2.1737808651033332	0.8127114655761946	0.6257169955462677	0.08
/vol/bitbucket/osella/rl-qecc-data/supervisedLearning/sweep2/g5_mix_66-96-126_H7_s4000.pth	7	4000	8	mixed	[(6, 6), (9, 6), (12, 6)]	True	True	True	False	geometric5	1353227	12	6	2026-08-01	mixed_66-96-126	0.01850424850243222	0.022533973632890263	0.0031996959192490218	0.008766195916888958	0.03492897705463842	0.051432852643770795	0.01434214662990419	0.01488279008886767	7.993353433224925	7.378381754377372	0.02851230147492937	2.2127326340684648	0.8111029933756299	0.6241638638374193	0.02
/vol/bitbucket/osella/rl-qecc-data/supervisedLearning/sweep2/g5_mix_66-96_H10_s1000.pth	10	1000	12	mixed	[(6, 6), (9, 6)]	True	True	False	False	geometric5	1353227	12	6	2026-08-01	mixed_66-96	0.01850424850243222	0.05365180766533907	0.002906495616027077	0.009161769514507591	0.04819981627955368	0.18211531551693896	0.025875641399668012	0.01488279008886767	9.369378771712356	7.378381754377372	0.09267517059860268	2.7138892625024447	0.684368889142077	0.4993832144313309	0.04
/vol/bitbucket/osella/rl-qecc-data/supervisedLearning/sweep2/g5_mix_66-96_H10_s5000.pth	10	5000	12	mixed	[(6, 6), (9, 6)]	True	True	False	False	geometric5	1353227	12	6	2026-08-01	mixed_66-96	0.01850424850243222	0.04865610360084081	0.002869459349642726	0.009179672815784032	0.04832017438488085	0.15977147235288516	0.02313973910101097	0.01488279008886767	9.167874543671175	7.378381754377372	0.08145484771656086	2.702031030313175	0.6893278620179819	0.5037037044671471	0.02
/vol/bitbucket/osella/rl-qecc-data/supervisedLearning/sweep2/g5_mix_66-96_H3_s2000.pth	3	2000	12	mixed	[(6, 6), (9, 6)]	True	True	False	False	geometric5	1353227	12	6	2026-08-01	mixed_66-96	0.01850424850243222	0.040365456587480114	0.0027483397163477405	0.008937746156710726	0.05009834867859391	0.11539488264220263	0.024647965743545257	0.01488279008886767	8.908980374724086	7.378381754377372	0.06394464737715219	2.7085263051051096	0.7223603346668187	0.5338736979894817	0.04
/vol/bitbucket/osella/rl-qecc-data/supervisedLearning/sweep2/g5_mix_66-96_H3_s6000.pth	3	6000	12	mixed	[(6, 6), (9, 6)]	True	True	False	False	geometric5	1353227	12	6	2026-08-01	mixed_66-96	0.01850424850243222	0.03718368201118249	0.002799167905626054	0.008547457861848434	0.04457198499601831	0.1034137660748578	0.026586033217561793	0.01488279008886767	8.697552604810195	7.378381754377372	0.05845023998399973	2.609657994437555	0.7364088066723067	0.5464627036314946	0.0
/vol/bitbucket/osella/rl-qecc-data/supervisedLearning/sweep2/g5_mix_66-96_H4_s4000.pth	4	4000	12	mixed	[(6, 6), (9, 6)]	True	True	False	False	geometric5	1353227	12	6	2026-08-01	mixed_66-96	0.01850424850243222	0.04251304832079036	0.003085925136637616	0.00898767622423481	0.042889094831385206	0.1315588902380135	0.02604365517368053	0.01488279008886767	8.8602741623854	7.378381754377372	0.06993181439513829	2.71352285527542	0.6769422050693551	0.4912357148311984	0.06
/vol/bitbucket/osella/rl-qecc-data/supervisedLearning/sweep2/g5_mix_66-96_H6_s1000.pth	6	1000	12	mixed	[(6, 6), (9, 6)]	True	True	False	False	geometric5	1353227	12	6	2026-08-01	mixed_66-96	0.01850424850243222	0.048539893767126	0.0028052944653711473	0.008738528615097966	0.05049611230199868	0.1541743853825139	0.026485148070648376	0.01488279008886767	9.119891390827144	7.378381754377372	0.08185914853574636	2.672258744011633	0.7258116398489352	0.5354606025622931	0.04
/vol/bitbucket/osella/rl-qecc-data/supervisedLearning/sweep2/g5_mix_66-96_H6_s5000.pth	6	5000	12	mixed	[(6, 6), (9, 6)]	True	True	False	False	geometric5	1353227	12	6	2026-08-01	mixed_66-96	0.01850424850243222	0.042490040190311384	0.0028212598650433816	0.009067906903986752	0.044706850592049985	0.1312237119696586	0.024630471620818276	0.01488279008886767	8.897885043346065	7.378381754377372	0.06934780740488426	2.6536721692321814	0.7056237392565841	0.5187322837959838	0.04
/vol/bitbucket/osella/rl-qecc-data/supervisedLearning/sweep2/g5_mix_66-96_H7_s2000.pth	7	2000	12	mixed	[(6, 6), (9, 6)]	True	True	False	False	geometric5	1353227	12	6	2026-08-01	mixed_66-96	0.01850424850243222	0.04880450558465639	0.0028360139741086883	0.00887389661090937	0.05170495258429128	0.15540329682861218	0.025204367925360297	0.01488279008886767	9.202608474732909	7.378381754377372	0.08194864464054027	2.6814381315772757	0.7126970304889036	0.5247613998011174	0.06
/vol/bitbucket/osella/rl-qecc-data/supervisedLearning/sweep2/g5_mix_66-96_H7_s6000.pth	7	6000	12	mixed	[(6, 6), (9, 6)]	True	True	False	False	geometric5	1353227	12	6	2026-08-01	mixed_66-96	0.01850424850243222	0.04403711373436902	0.003078508552266529	0.009041259941245064	0.04464327871511378	0.13636218711879924	0.0270603343444205	0.01488279008886767	8.919173607514438	7.378381754377372	0.0727832757989405	2.6710098125665027	0.7010971004404566	0.5145427876952172	0.02
/vol/bitbucket/osella/rl-qecc-data/supervisedLearning/sweep2/g5_mix_66_H10_s4000.pth	10	4000	24	mixed	[(6, 6)]	True	False	False	False	geometric5	1353227	12	6	2026-08-01	mixed_66	0.01850424850243222	0.07119099254737025	0.004274912185850068	0.012743647471179039	0.05682531285825522	0.2597488932839	0.022362196937667184	0.01488279008886767	10.339925256708785	7.378381754377372	0.12550942343174792	2.662107203902553	0.6112648957125619	0.4393381449456573	0.0
/vol/bitbucket/osella/rl-qecc-data/supervisedLearning/sweep2/g5_mix_66_H3_s1000.pth	3	1000	24	mixed	[(6, 6)]	True	False	False	False	geometric5	1353227	12	6	2026-08-01	mixed_66	0.01850424850243222	0.06671382137972816	0.0071514267008936094	0.02263732660899435	0.07342572116112712	0.21231265300490132	0.018041979422724577	0.01488279008886767	10.163892872660794	7.378381754377372	0.10138671308817304	3.211537579851073	0.5337706678911529	0.3827205226659375	0.02
/vol/bitbucket/osella/rl-qecc-data/supervisedLearning/sweep2/g5_mix_66_H3_s5000.pth	3	5000	24	mixed	[(6, 6)]	True	False	False	False	geometric5	1353227	12	6	2026-08-01	mixed_66	0.01850424850243222	0.07611929021327851	0.0035733484520794156	0.011759322062111482	0.05925942864542443	0.28368538612073385	0.02231896578604371	0.01488279008886767	10.732401127008442	7.378381754377372	0.13725770016257877	2.6614980316347667	0.6047162352214706	0.4338514161668881	0.02
/vol/bitbucket/osella/rl-qecc-data/supervisedLearning/sweep2/g5_mix_66_H4_s2000.pth	4	2000	24	mixed	[(6, 6)]	True	False	False	False	geometric5	1353227	12	6	2026-08-01	mixed_66	0.01850424850243222	0.08470364140415755	0.003746533643345744	0.01198124613283717	0.06498602580533719	0.3201070229600786	0.022697378479188905	0.01488279008886767	11.363296937261511	7.378381754377372	0.15547421905642636	2.648236849191499	0.5674251564877971	0.4042539197797964	0.02
/vol/bitbucket/osella/rl-qecc-data/supervisedLearning/sweep2/g5_mix_66_H4_s6000.pth	4	6000	24	mixed	[(6, 6)]	True	False	False	False	geometric5	1353227	12	6	2026-08-01	mixed_66	0.01850424850243222	0.07737139139044154	0.0033552449018125242	0.010932168168105593	0.062396769029659994	0.28925315088679937	0.020919623965829994	0.01488279008886767	10.905042881676529	7.378381754377372	0.13968333448694228	2.643397694579348	0.5810414764361932	0.4146355322229906	0.02
/vol/bitbucket/osella/rl-qecc-data/supervisedLearning/sweep2/g5_mix_66_H6_s4000.pth	6	4000	24	mixed	[(6, 6)]	True	False	False	False	geometric5	1353227	12	6	2026-08-01	mixed_66	0.01850424850243222	0.06435367386529012	0.005521407351181178	0.014100203173663317	0.05491926284999655	0.2257972798355513	0.021430216116058116	0.01488279008886767	9.934497894246844	7.378381754377372	0.10934261792835216	2.6030514912981415	0.6343484751552542	0.4590676791416262	0.04
/vol/bitbucket/osella/rl-qecc-data/supervisedLearning/sweep2/g5_mix_66_H7_s1000.pth	7	1000	24	mixed	[(6, 6)]	True	False	False	False	geometric5	1353227	12	6	2026-08-01	mixed_66	0.01850424850243222	0.08393135758181272	0.00393679578429739	0.012697255440658662	0.0659146393314414	0.3162869663205944	0.020821131032071814	0.01488279008886767	11.254518668370297	7.378381754377372	0.15212689516273642	2.6313045692640187	0.6020137367129983	0.43257603481433665	0.06
/vol/bitbucket/osella/rl-qecc-data/supervisedLearning/sweep2/g5_mix_66_H7_s5000.pth	7	5000	24	mixed	[(6, 6)]	True	False	False	False	geometric5	1353227	12	6	2026-08-01	mixed_66	0.01850424850243222	0.06506713814405635	0.004351878474075084	0.013600267099820065	0.05606445090442834	0.23102312259543265	0.020295971646525485	0.01488279008886767	10.031991706465222	7.378381754377372	0.1111208841899956	2.7422186209463897	0.6063713107604948	0.4362842398472687	0.02
/vol/bitbucket/osella/rl-qecc-data/supervisedLearning/sweep2/g5_ground_anch_H10_s2000.pth	10	2000	2	groundAnchored	[(6, 6), (9, 6), (12, 6), (15, 3)]	True	True	True	True	geometric5	10148123	3	27	2026-08-01	groundAnchored_66-96-126-153	0.015023945469023817	0.1002387652718863	0.03132632625629855	0.07217766827061615	0.19188972742842308	0.17237035028076206	0.03342975412333218	0.0219898349070157	16.760219890172593	11.218728447201691	0.09728182671019411	8.171741654825876	0.37526200545057087	0.26037928594099163	0.0
/vol/bitbucket/osella/rl-qecc-data/supervisedLearning/sweep2/g5_ground_anch_H10_s6000.pth	10	6000	2	groundAnchored	[(6, 6), (9, 6), (12, 6), (15, 3)]	True	True	True	True	geometric5	10148123	3	27	2026-08-01	groundAnchored_66-96-126-153	0.015023945469023817	0.11782677780024244	0.025208099252737176	0.05636312698661869	0.21668087385635174	0.2578143979278735	0.03306739097763162	0.0219898349070157	17.423864914434304	11.218728447201691	0.13804021056381371	3.452328826303476	0.44839851988431334	0.3128078785734934	0.0
/vol/bitbucket/osella/rl-qecc-data/supervisedLearning/sweep2/g5_ground_anch_H3_s4000.pth	3	4000	2	groundAnchored	[(6, 6), (9, 6), (12, 6), (15, 3)]	True	True	True	True	geometric5	10148123	3	27	2026-08-01	groundAnchored_66-96-126-153	0.015023945469023817	0.10517896787210233	0.04010313430518451	0.09146140787166095	0.19149197198488085	0.16946973754736672	0.03336858765142089	0.0219898349070157	16.926887672527506	11.218728447201691	0.0970277223681994	8.774832566088838	0.16212978849721799	0.10842434131495897	0.0
/vol/bitbucket/osella/rl-qecc-data/supervisedLearning/sweep2/g5_ground_anch_H4_s1000.pth	4	1000	2	groundAnchored	[(6, 6), (9, 6), (12, 6), (15, 3)]	True	True	True	True	geometric5	10148123	3	27	2026-08-01	groundAnchored_66-96-126-153	0.015023945469023817	0.15226369840060275	0.018419637750341673	0.05824532842315174	0.2682058376088475	0.38300629829623156	0.03344138992443639	0.0219898349070157	21.99697386112087	11.218728447201691	0.2077075023168448	3.3088530059767653	0.3718877109473696	0.25410011316777964	0.0
/vol/bitbucket/osella/rl-qecc-data/supervisedLearning/sweep2/g5_ground_anch_H4_s5000.pth	4	5000	2	groundAnchored	[(6, 6), (9, 6), (12, 6), (15, 3)]	True	True	True	True	geometric5	10148123	3	27	2026-08-01	groundAnchored_66-96-126-153	0.015023945469023817	0.11339100035521257	0.023166420360554548	0.06455638384034026	0.21425599536622264	0.23149364388932597	0.03348255831961683	0.0219898349070157	18.276356001624613	11.218728447201691	0.12530574363669109	4.130743804900503	0.2311816748135453	0.1573078174011808	0.0
/vol/bitbucket/osella/rl-qecc-data/supervisedLearning/sweep2/g5_ground_anch_H6_s2000.pth	6	2000	2	groundAnchored	[(6, 6), (9, 6), (12, 6), (15, 3)]	True	True	True	True	geometric5	10148123	3	27	2026-08-01	groundAnchored_66-96-126-153	0.015023945469023817	0.14342413386561098	0.01812860023888084	0.061308877773511905	0.2849668391510687	0.3193939574881486	0.0333223946764442	0.0219898349070157	22.68326765244298	11.218728447201691	0.17804868205265467	6.443202978249324	0.23761154810125162	0.16028223873980404	0.0
/vol/bitbucket/osella/rl-qecc-data/supervisedLearning/sweep2/g5_ground_anch_H6_s6000.pth	6	6000	2	groundAnchored	[(6, 6), (9, 6), (12, 6), (15, 3)]	True	True	True	True	geometric5	10148123	3	27	2026-08-01	groundAnchored_66-96-126-153	0.015023945469023817	0.12082961845628296	0.01918094435997288	0.05494614608874554	0.23072987615776613	0.2666243643759263	0.032666761299005115	0.0219898349070157	18.369039195790684	11.218728447201691	0.14813871350624394	3.7790346004268414	0.36070466836815185	0.24813186104827667	0.02
/vol/bitbucket/osella/rl-qecc-data/supervisedLearning/sweep2/g5_ground_anch_H7_s4000.pth	7	4000	2	groundAnchored	[(6, 6), (9, 6), (12, 6), (15, 3)]	True	True	True	True	geometric5	10148123	3	27	2026-08-01	groundAnchored_66-96-126-153	0.015023945469023817	0.1275520653300027	0.020500042883714976	0.05896187172435661	0.24342076489067196	0.28173801053944453	0.03313963661182342	0.0219898349070157	19.315179920717814	11.218728447201691	0.1546968387732069	3.1618011009905267	0.3386838528966632	0.23426987358316834	0.0
/vol/bitbucket/osella/rl-qecc-data/supervisedLearning/sweep2/g5_ground_pure_H10_s1000.pth	10	1000	2	groundPure	[(6, 6), (9, 6), (12, 6), (15, 3)]	True	True	True	True	geometric5	10148123	3	27	2026-08-01	groundPure_66-96-126-153	0.015023945469023817	0.11787167451218748	0.021991379126802303	0.06190913067550503	0.23612856942489235	0.23698235284129213	0.032346940492447296	0.0219898349070157	18.616538060353896	11.218728447201691	0.1361578666538976	6.25769404990788	0.2647215011773011	0.18394091948358757	0.0
/vol/bitbucket/osella/rl-qecc-data/supervisedLearning/sweep2/g5_ground_pure_H10_s5000.pth	10	5000	2	groundPure	[(6, 6), (9, 6), (12, 6), (15, 3)]	True	True	True	True	geometric5	10148123	3	27	2026-08-01	groundPure_66-96-126-153	0.015023945469023817	0.13162026814803662	0.018097865713324213	0.06157027912607963	0.28981302126936703	0.25673383067118244	0.031886343960230046	0.0219898349070157	21.704771488700423	11.218728447201691	0.1526159929653826	3.3034876749204947	0.376414492044231	0.25946102047120334	0.0
/vol/bitbucket/osella/rl-qecc-data/supervisedLearning/sweep2/g5_ground_pure_H3_s2000.pth	3	2000	2	groundPure	[(6, 6), (9, 6), (12, 6), (15, 3)]	True	True	True	True	geometric5	10148123	3	27	2026-08-01	groundPure_66-96-126-153	0.015023945469023817	0.1088137135017544	0.02013764278890172	0.060070575839621686	0.21049623263442854	0.22005758800437228	0.033306528241448606	0.0219898349070157	18.184809332557297	11.218728447201691	0.12095696967751224	4.9422228930794665	0.20010183135421913	0.13439004449692923	0.0
/vol/bitbucket/osella/rl-qecc-data/supervisedLearning/sweep2/g5_ground_pure_H3_s6000.pth	3	6000	2	groundPure	[(6, 6), (9, 6), (12, 6), (15, 3)]	True	True	True	True	geometric5	10148123	3	27	2026-08-01	groundPure_66-96-126-153	0.015023945469023817	0.12569248288593443	0.02396400342118925	0.06317891879310948	0.22650498807223454	0.28273137554128686	0.032083128601849795	0.0219898349070157	18.661497387241724	11.218728447201691	0.15646911001312255	5.01181782310296	0.2984950542894996	0.20470538256423199	0.0
/vol/bitbucket/osella/rl-qecc-data/supervisedLearning/sweep2/g5_ground_pure_H4_s4000.pth	4	4000	2	groundPure	[(6, 6), (9, 6), (12, 6), (15, 3)]	True	True	True	True	geometric5	10148123	3	27	2026-08-01	groundPure_66-96-126-153	0.015023945469023817	0.11881621264542827	0.04021431815991423	0.10696940966377672	0.22752616405492784	0.18611533599297603	0.03325583535554561	0.0219898349070157	17.64998483484195	11.218728447201691	0.11079136211107571	6.355599845231403	0.2440146367447298	0.1651212906958064	0.0
/vol/bitbucket/osella/rl-qecc-data/supervisedLearning/sweep2/g5_ground_pure_H6_s1000.pth	6	1000	2	groundPure	[(6, 6), (9, 6), (12, 6), (15, 3)]	True	True	True	True	geometric5	10148123	3	27	2026-08-01	groundPure_66-96-126-153	0.015023945469023817	0.16751950477455838	0.019328963306736547	0.05730590493796007	0.27191075817097365	0.45670838416949444	0.032343513287628974	0.0219898349070157	22.41177935758487	11.218728447201691	0.2458682815212585	1.6294773666226041	0.3202132052359114	0.21914196313287138	0.0
/vol/bitbucket/osella/rl-qecc-data/supervisedLearning/sweep2/g5_ground_pure_H6_s5000.pth	6	5000	2	groundPure	[(6, 6), (9, 6), (12, 6), (15, 3)]	True	True	True	True	geometric5	10148123	3	27	2026-08-01	groundPure_66-96-126-153	0.015023945469023817	0.11435706438869908	0.03271311345674561	0.0797872841904745	0.21038628364141668	0.21555506220672102	0.03334357844813584	0.0219898349070157	17.770912636378576	11.218728447201691	0.11935602841726929	6.63730769444327	0.2077531671957482	0.14041171972462813	0.0
/vol/bitbucket/osella/rl-qecc-data/supervisedLearning/sweep2/g5_ground_pure_H7_s2000.pth	7	2000	2	groundPure	[(6, 6), (9, 6), (12, 6), (15, 3)]	True	True	True	True	geometric5	10148123	3	27	2026-08-01	groundPure_66-96-126-153	0.015023945469023817	0.13475818092486297	0.025086856250706332	0.06843185250407252	0.2576701378310969	0.29015888654385746	0.03244317149458105	0.0219898349070157	20.119781376844205	11.218728447201691	0.16403936543562628	3.3290633267249237	0.3351961822897824	0.2323398668304836	0.0
/vol/bitbucket/osella/rl-qecc-data/supervisedLearning/sweep2/g5_ground_pure_H7_s6000.pth	7	6000	2	groundPure	[(6, 6), (9, 6), (12, 6), (15, 3)]	True	True	True	True	geometric5	10148123	3	27	2026-08-01	groundPure_66-96-126-153	0.015023945469023817	0.10890631139000291	0.021551461482071405	0.05726928197096394	0.2148497964359228	0.21771307609583257	0.033147940965226226	0.0219898349070157	18.083232861873718	11.218728447201691	0.12257362292800977	6.488119483871023	0.29974039154844856	0.20509506930521376	0.0
/vol/bitbucket/osella/rl-qecc-data/supervisedLearning/sweep2/g5_mix_66-96-126-153_H10_s4000.pth	10	4000	6	mixed	[(6, 6), (9, 6), (12, 6), (15, 3)]	True	True	True	True	geometric5	10148123	3	27	2026-08-01	mixed_66-96-126-153	0.015023945469023817	0.10068706464126784	0.02085811278845597	0.058094668874016125	0.21205189021011359	0.17892709035564755	0.03350356097810497	0.0219898349070157	17.57751868957589	11.218728447201691	0.10217398434297471	5.04014859241601	0.3299956792125207	0.2280183951569864	0.0
/vol/bitbucket/osella/rl-qecc-data/supervisedLearning/sweep2/g5_mix_66-96-126-153_H3_s1000.pth	3	1000	6	mixed	[(6, 6), (9, 6), (12, 6), (15, 3)]	True	True	True	True	geometric5	10148123	3	27	2026-08-01	mixed_66-96-126-153	0.015023945469023817	0.11322922940885538	0.03479167936976931	0.08570270292444687	0.24224079781168412	0.16995252148781093	0.03345844545056764	0.0219898349070157	17.839499384818364	11.218728447201691	0.10648322419775019	2.2339622657528384	0.27763186621430275	0.19386428920769808	0.0
/vol/bitbucket/osella/rl-qecc-data/supervisedLearning/sweep2/g5_mix_66-96-126-153_H3_s5000.pth	3	5000	6	mixed	[(6, 6), (9, 6), (12, 6), (15, 3)]	True	True	True	True	geometric5	10148123	3	27	2026-08-01	mixed_66-96-126-153	0.015023945469023817	0.13161862941444305	0.022201935278682607	0.06089189334184155	0.2162281117034075	0.3248436249598015	0.033927581788483756	0.0219898349070157	18.703591857841054	11.218728447201691	0.17377527875162957	2.0421267433296126	0.317692839361098	0.21893881269994303	0.0
/vol/bitbucket/osella/rl-qecc-data/supervisedLearning/sweep2/g5_mix_66-96-126-153_H4_s2000.pth	4	2000	6	mixed	[(6, 6), (9, 6), (12, 6), (15, 3)]	True	True	True	True	geometric5	10148123	3	27	2026-08-01	mixed_66-96-126-153	0.015023945469023817	0.1547579659418696	0.018055287804786883	0.0617265752489566	0.3224491339787545	0.3386300425779335	0.03292879009891584	0.0219898349070157	27.00690665150425	11.218728447201691	0.19352518815106318	2.383001492067099	0.41313615651613916	0.2842396558550808	0.0
/vol/bitbucket/osella/rl-qecc-data/supervisedLearning/sweep2/g5_mix_66-96-126-153_H4_s6000.pth	4	6000	6	mixed	[(6, 6), (9, 6), (12, 6), (15, 3)]	True	True	True	True	geometric5	10148123	3	27	2026-08-01	mixed_66-96-126-153	0.015023945469023817	0.12723816355718998	0.020148213813170338	0.05841022593483785	0.24659757814333763	0.2774760583320317	0.033558741562572124	0.0219898349070157	21.109278403153247	11.218728447201691	0.15129617435650566	5.702888038751624	0.2822283982889824	0.19127620955017996	0.0
/vol/bitbucket/osella/rl-qecc-data/supervisedLearning/sweep2/g5_mix_66-96-126-153_H6_s4000.pth	6	4000	6	mixed	[(6, 6), (9, 6), (12, 6), (15, 3)]	True	True	True	True	geometric5	10148123	3	27	2026-08-01	mixed_66-96-126-153	0.015023945469023817	0.10184324338888108	0.07247092504420825	0.14867132566325866	0.1502554959404164	0.10426688393187401	0.03355158636464924	0.0219898349070157	16.060111475837285	11.218728447201691	0.05233997488404987	2.988452947028051	0.34954589727684354	0.23916382774055864	0.0
/vol/bitbucket/osella/rl-qecc-data/supervisedLearning/sweep2/g5_mix_66-96-126-153_H7_s1000.pth	7	1000	6	mixed	[(6, 6), (9, 6), (12, 6), (15, 3)]	True	True	True	True	geometric5	10148123	3	27	2026-08-01	mixed_66-96-126-153	0.015023945469023817	0.08709886064815785	0.029405186133420132	0.07570330173081359	0.1918019909861869	0.1049738673642425	0.033609957026126125	0.0219898349070157	16.70338074748583	11.218728447201691	0.06920269400799926	6.209659103637327	0.33465980892510555	0.23302566405232125	0.0
/vol/bitbucket/osella/rl-qecc-data/supervisedLearning/sweep2/g5_mix_66-96-126-153_H7_s5000.pth	7	5000	6	mixed	[(6, 6), (9, 6), (12, 6), (15, 3)]	True	True	True	True	geometric5	10148123	3	27	2026-08-01	mixed_66-96-126-153	0.015023945469023817	0.11650529153316301	0.018633327876447767	0.059624357000864395	0.2802454704092902	0.19043139208224927	0.033591910296962506	0.0219898349070157	20.8661572554866	11.218728447201691	0.11791603681609289	2.3313602175982933	0.3953937890613163	0.27023111292375696	0.0
/vol/bitbucket/osella/rl-qecc-data/supervisedLearning/sweep2/g5_mix_66-96-126_H10_s2000.pth	10	2000	8	mixed	[(6, 6), (9, 6), (12, 6)]	True	True	True	False	geometric5	10148123	3	27	2026-08-01	mixed_66-96-126	0.015023945469023817	0.11511420015675969	0.024863985735480185	0.056288170162820096	0.18670942903712284	0.27548337136876666	0.03222604447960935	0.0219898349070157	16.94437452803435	11.218728447201691	0.14234204426637614	1.619066064991244	0.38929996590894667	0.2684955218869055	0.0
/vol/bitbucket/osella/rl-qecc-data/supervisedLearning/sweep2/g5_mix_66-96-126_H10_s6000.pth	10	6000	8	mixed	[(6, 6), (9, 6), (12, 6)]	True	True	True	False	geometric5	10148123	3	27	2026-08-01	mixed_66-96-126	0.015023945469023817	0.14794410530920715	0.018548273337907237	0.05911751575684934	0.2858568100726125	0.34304657281052586	0.033151354568139696	0.0219898349070157	22.47295211517184	11.218728447201691	0.18952388094616515	2.461598309511075	0.4152563498867378	0.2868330752271833	0.0
/vol/bitbucket/osella/rl-qecc-data/supervisedLearning/sweep2/g5_mix_66-96-126_H3_s4000.pth	3	4000	8	mixed	[(6, 6), (9, 6), (12, 6)]	True	True	True	False	geometric5	10148123	3	27	2026-08-01	mixed_66-96-126	0.015023945469023817	0.1869169878807313	0.01800852320152392	0.0629838893133637	0.31618959142246206	0.5038217153329055	0.033581220133405594	0.0219898349070157	29.95053709096442	11.218728447201691	0.2660683333201082	4.6102380722892615	0.30991557390708696	0.21307550275963968	0.0
/vol/bitbucket/osella/rl-qecc-data/supervisedLearning/sweep2/g5_mix_66-96-126_H4_s1000.pth	4	1000	8	mixed	[(6, 6), (9, 6), (12, 6)]	True	True	True	False	geometric5	10148123	3	27	2026-08-01	mixed_66-96-126	0.015023945469023817	0.11776952180296348	0.08385962148711558	0.16632443481374556	0.16066462139675183	0.14470603200404175	0.0332928993131629	0.0219898349070157	16.422771253136094	11.218728447201691	0.06022950617403375	5.534118599216051	0.1631491383908104	0.10826049418383514	0.02
/vol/bitbucket/osella/rl-qecc-data/supervisedLearning/sweep2/g5_mix_66-96-126_H4_s5000.pth	4	5000	8	mixed	[(6, 6), (9, 6), (12, 6)]	True	True	True	False	geometric5	10148123	3	27	2026-08-01	mixed_66-96-126	0.015023945469023817	0.09454297003107269	0.02856605990669351	0.0706738518224048	0.1402898661530271	0.2005583730432348	0.03262669923000366	0.0219898349070157	15.18944002803499	11.218728447201691	0.08457333479457886	2.623956911097701	0.34380880931888036	0.23406853696519753	0.0
/vol/bitbucket/osella/rl-qecc-data/supervisedLearning/sweep2/g5_mix_66-96-126_H6_s2000.pth	6	2000	8	mixed	[(6, 6), (9, 6), (12, 6)]	True	True	True	False	geometric5	10148123	3	27	2026-08-01	mixed_66-96-126	0.015023945469023817	0.13586909941579453	0.018761866306516002	0.056228945833579444	0.25540197216342736	0.31712647828630025	0.031826234489151686	0.0219898349070157	19.33528433637934	11.218728447201691	0.17580610534783475	2.5329920614703965	0.5054258641324899	0.35459929145282687	0.0
/vol/bitbucket/osella/rl-qecc-data/supervisedLearning/sweep2/g5_mix_66-96-126_H6_s6000.pth	6	6000	8	mixed	[(6, 6), (9, 6), (12, 6)]	True	True	True	False	geometric5	10148123	3	27	2026-08-01	mixed_66-96-126	0.015023945469023817	0.15022661148969957	0.018835807549399057	0.059318280778754284	0.27641277890647675	0.36485123794957824	0.031714952264288346	0.0219898349070157	21.138511548337352	11.218728447201691	0.2013540976043162	1.8518370838165608	0.3917076242032653	0.2705645882715414	0.0
/vol/bitbucket/osella/rl-qecc-data/supervisedLearning/sweep2/g5_mix_66-96-126_H7_s4000.pth	7	4000	8	mixed	[(6, 6), (9, 6), (12, 6)]	True	True	True	False	geometric5	10148123	3	27	2026-08-01	mixed_66-96-126	0.015023945469023817	0.1539400320549511	0.019188739734750784	0.055802235061368645	0.27081891697485744	0.3905736003239984	0.03331666817978369	0.0219898349070157	22.41898616704543	11.218728447201691	0.2095359666184612	2.500678433852631	0.421107388357975	0.29368400663386013	0.0
/vol/bitbucket/osella/rl-qecc-data/supervisedLearning/sweep2/g5_mix_66-96_H10_s1000.pth	10	1000	12	mixed	[(6, 6), (9, 6)]	True	True	False	False	geometric5	10148123	3	27	2026-08-01	mixed_66-96	0.015023945469023817	0.14146664397582637	0.017951386493331296	0.055994262362865276	0.2747435911130115	0.325512423107759	0.03313155680216388	0.0219898349070157	20.605508374265533	11.218728447201691	0.19086347776130153	1.6032860362618138	0.5072794899875552	0.3564327424002896	0.0
/vol/bitbucket/osella/rl-qecc-data/supervisedLearning/sweep2/g5_mix_66-96_H10_s5000.pth	10	5000	12	mixed	[(6, 6), (9, 6)]	True	True	False	False	geometric5	10148123	3	27	2026-08-01	mixed_66-96	0.015023945469023817	0.1282433376060587	0.019135972154597013	0.05706084392456479	0.2615111125133418	0.27100922796479376	0.03249953147299463	0.0219898349070157	20.050482398198355	11.218728447201691	0.1557012971880246	2.0113409036400896	0.4851452360263424	0.3395607610059725	0.0
/vol/bitbucket/osella/rl-qecc-data/supervisedLearning/sweep2/g5_mix_66-96_H3_s2000.pth	3	2000	12	mixed	[(6, 6), (9, 6)]	True	True	False	False	geometric5	10148123	3	27	2026-08-01	mixed_66-96	0.015023945469023817	0.1763308128342697	0.018120427701912287	0.06198713063650855	0.2992895135982474	0.4691375086696164	0.033119483565066096	0.0219898349070157	25.83841710056373	11.218728447201691	0.2492346824634754	5.208424988084188	0.32916056892487816	0.22813057528009806	0.0
/vol/bitbucket/osella/rl-qecc-data/supervisedLearning/sweep2/g5_mix_66-96_H3_s6000.pth	3	6000	12	mixed	[(6, 6), (9, 6)]	True	True	False	False	geometric5	10148123	3	27	2026-08-01	mixed_66-96	0.015023945469023817	0.15197054662468473	0.01856337969475196	0.060752820462811975	0.2665656916204052	0.37994698890889106	0.03402385243656116	0.0219898349070157	21.654282887783857	11.218728447201691	0.2090455101398345	3.3701360804632214	0.346431407943283	0.23751745843727481	0.0
/vol/bitbucket/osella/rl-qecc-data/supervisedLearning/sweep2/g5_mix_66-96_H4_s4000.pth	4	4000	12	mixed	[(6, 6), (9, 6)]	True	True	False	False	geometric5	10148123	3	27	2026-08-01	mixed_66-96	0.015023945469023817	0.19285622506336966	0.018129717004908816	0.06165300535791537	0.30082377595110976	0.5505106922983204	0.03316393470459049	0.0219898349070157	27.418092681004367	11.218728447201691	0.2861120828301827	2.1737083236805	0.34279937714286374	0.2320287261910515	0.0
/vol/bitbucket/osella/rl-qecc-data/supervisedLearning/sweep2/g5_mix_66-96_H6_s1000.pth	6	1000	12	mixed	[(6, 6), (9, 6)]	True	True	False	False	geometric5	10148123	3	27	2026-08-01	mixed_66-96	0.015023945469023817	0.1822598883313572	0.01817282058585468	0.06266564920320072	0.321262634380653	0.4757585155599266	0.033439821927151496	0.0219898349070157	28.900667158753993	11.218728447201691	0.26495335912537077	1.5801468419438096	0.3800909923907294	0.2603379493672309	0.0
/vol/bitbucket/osella/rl-qecc-data/supervisedLearning/sweep2/g5_mix_66-96_H6_s5000.pth	6	5000	12	mixed	[(6, 6), (9, 6)]	True	True	False	False	geometric5	10148123	3	27	2026-08-01	mixed_66-96	0.015023945469023817	0.18360242914936306	0.018512956893746327	0.057134402787394484	0.2953296699041478	0.5111997549350323	0.03583536122649521	0.0219898349070157	26.355950109408496	11.218728447201691	0.27852287566584005	1.5875675242903493	0.3009041091478842	0.20678698680496632	0.0
/vol/bitbucket/osella/rl-qecc-data/supervisedLearning/sweep2/g5_mix_66-96_H7_s2000.pth	7	2000	12	mixed	[(6, 6), (9, 6)]	True	True	False	False	geometric5	10148123	3	27	2026-08-01	mixed_66-96	0.015023945469023817	0.18464453015664153	0.018231389440695352	0.06232693450875682	0.32166861241705236	0.48847633297901555	0.032519381437686054	0.0219898349070157	28.765098310380854	11.218728447201691	0.2623436764951339	1.8701470413192602	0.3603437451502763	0.24505031843982972	0.0
/vol/bitbucket/osella/rl-qecc-data/supervisedLearning/sweep2/g5_mix_66-96_H7_s6000.pth	7	6000	12	mixed	[(6, 6), (9, 6)]	True	True	False	False	geometric5	10148123	3	27	2026-08-01	mixed_66-96	0.015023945469023817	0.16937365058595996	0.01802366117186384	0.06267178492569256	0.31217256413248234	0.41885427199336306	0.03514597070639852	0.0219898349070157	26.376921813100594	11.218728447201691	0.2397306461282806	1.6389491037055381	0.3782455358771734	0.26022665809426476	0.0
/vol/bitbucket/osella/rl-qecc-data/supervisedLearning/sweep2/g5_mix_66_H10_s4000.pth	10	4000	24	mixed	[(6, 6)]	True	False	False	False	geometric5	10148123	3	27	2026-08-01	mixed_66	0.015023945469023817	0.11654706728934695	0.04693860193421985	0.11454065737242902	0.23429058897046084	0.15417114567031637	0.03279434249930726	0.0219898349070157	18.063410400192385	11.218728447201691	0.10283464330143333	11.098504918944103	0.26587415273897735	0.17944452496024071	0.0
/vol/bitbucket/osella/rl-qecc-data/supervisedLearning/sweep2/g5_mix_66_H3_s1000.pth	3	1000	24	mixed	[(6, 6)]	True	False	False	False	geometric5	10148123	3	27	2026-08-01	mixed_66	0.015023945469023817	0.13146989339031093	0.055986644203373334	0.15058740764018777	0.26522675491654363	0.15208152867422792	0.03346713151722003	0.0219898349070157	18.69408805299982	11.218728447201691	0.10546131879695235	8.706132749377716	0.21926206522679476	0.15007362902988816	0.0
/vol/bitbucket/osella/rl-qecc-data/supervisedLearning/sweep2/g5_mix_66_H3_s5000.pth	3	5000	24	mixed	[(6, 6)]	True	False	False	False	geometric5	10148123	3	27	2026-08-01	mixed_66	0.015023945469023817	0.14138611213416657	0.03168112145805962	0.0798185667672393	0.2594043882623999	0.30393410756459255	0.03209237661853994	0.0219898349070157	20.98593668955617	11.218728447201691	0.17238233547722717	2.5936613501982957	0.35849782116333967	0.2501490124151936	0.0
/vol/bitbucket/osella/rl-qecc-data/supervisedLearning/sweep2/g5_mix_66_H4_s2000.pth	4	2000	24	mixed	[(6, 6)]	True	False	False	False	geometric5	10148123	3	27	2026-08-01	mixed_66	0.015023945469023817	0.11015643498496469	0.09536467473184225	0.13750776525910688	0.18444211464074764	0.0998348501042184	0.03363277018890729	0.0219898349070157	19.348362998266136	11.218728447201691	0.06929850214080019	8.058968189893125	0.3039203654671019	0.2085769185637027	0.0
/vol/bitbucket/osella/rl-qecc-data/supervisedLearning/sweep2/g5_mix_66_H4_s6000.pth	4	6000	24	mixed	[(6, 6)]	True	False	False	False	geometric5	10148123	3	27	2026-08-01	mixed_66	0.015023945469023817	0.16539296918751098	0.018132815129074678	0.0569166235607708	0.2836633476932732	0.4350081252706529	0.03324393428378309	0.0219898349070157	24.126708592471115	11.218728447201691	0.23497988261742433	3.7256311916820812	0.31416461211445396	0.2144771691614331	0.0
/vol/bitbucket/osella/rl-qecc-data/supervisedLearning/sweep2/g5_mix_66_H6_s4000.pth	6	4000	24	mixed	[(6, 6)]	True	False	False	False	geometric5	10148123	3	27	2026-08-01	mixed_66	0.015023945469023817	0.11798158288408234	0.03549143775448104	0.08699517338141795	0.20566697908902154	0.22835839703711105	0.03339592715837914	0.0219898349070157	18.105100753025045	11.218728447201691	0.11556889353867325	8.874458457882596	0.1358989187071379	0.09341447569693691	0.0
/vol/bitbucket/osella/rl-qecc-data/supervisedLearning/sweep2/g5_mix_66_H7_s1000.pth	7	1000	24	mixed	[(6, 6)]	True	False	False	False	geometric5	10148123	3	27	2026-08-01	mixed_66	0.015023945469023817	0.11572741111206593	0.01970167228344875	0.05722013946674977	0.23868017951246237	0.22991501729568123	0.03312004700198801	0.0219898349070157	18.356685474313778	11.218728447201691	0.13049367750880833	2.6621783381217408	0.38235360587521705	0.2641346232428807	0.02
/vol/bitbucket/osella/rl-qecc-data/supervisedLearning/sweep2/g5_mix_66_H7_s5000.pth	7	5000	24	mixed	[(6, 6)]	True	False	False	False	geometric5	10148123	3	27	2026-08-01	mixed_66	0.015023945469023817	0.11315249083208653	0.03128140781783799	0.07934636216277098	0.21471529988357027	0.20739428079553424	0.033025103500719015	0.0219898349070157	18.0973703298391	11.218728447201691	0.11788922755599245	7.065752323487113	0.3534669490450905	0.24447309403358733	0.02
