Model checkpoint	Number of harmonics	seed	epochs	recipie	trained on sizes	6,6	9,6	12,6	15,3	error range name	numberOfCodes	code l	code m	Date	recipe name	rewardMaeFloor	curveMae	curveMaeP0	curveMaeP1	curveMaeP2	curveMaeP3	curveMaeP4	curveMaeFloor	nll	noiseFloor	rewardMae	kMae	spearman	kendall	topK50
/vol/bitbucket/osella/rl-qecc-data/supervisedLearning/sweep2/g5_ground_anch_H10_s4000.pth	10	4000	2	groundAnchored	[(6, 6), (9, 6), (12, 6), (15, 3)]	True	True	True	True	geometric5	48054	21	18	2026-08-01	groundAnchored_66-96-126-153	0.011864279046925488	0.12436325198647924	0.0019025280919339482	0.009117064623566394	0.0994342932953239	0.47615252970086686	0.03520984422070517	0.009533160740850578	12.846355265580073	4.67302309279921	0.22482974279834433	2.4084164864954323	0.3504764126411117	0.24920208847698358	0.02
/vol/bitbucket/osella/rl-qecc-data/supervisedLearning/sweep2/g5_ground_anch_H3_s1000.pth	3	1000	2	groundAnchored	[(6, 6), (9, 6), (12, 6), (15, 3)]	True	True	True	True	geometric5	48054	21	18	2026-08-01	groundAnchored_66-96-126-153	0.011864279046925488	0.10326163998078981	0.010614070780361903	0.0399818425786329	0.12985279751101592	0.31052350529910133	0.025335983734836982	0.009533160740850578	10.53201306737754	4.67302309279921	0.1311218208749746	9.650774551627688	0.26754104751122065	0.18936064243044207	0.0
/vol/bitbucket/osella/rl-qecc-data/supervisedLearning/sweep2/g5_ground_anch_H3_s5000.pth	3	5000	2	groundAnchored	[(6, 6), (9, 6), (12, 6), (15, 3)]	True	True	True	True	geometric5	48054	21	18	2026-08-01	groundAnchored_66-96-126-153	0.011864279046925488	0.12050810297506352	0.007807083755834296	0.023494895823495534	0.09112039848283254	0.4529640648053366	0.02715407200781858	0.009533160740850578	12.01108234460025	4.67302309279921	0.20906569684395387	3.3940916183949725	0.263858923350214	0.21459399277502078	0.0
/vol/bitbucket/osella/rl-qecc-data/supervisedLearning/sweep2/g5_ground_anch_H4_s2000.pth	4	2000	2	groundAnchored	[(6, 6), (9, 6), (12, 6), (15, 3)]	True	True	True	True	geometric5	48054	21	18	2026-08-01	groundAnchored_66-96-126-153	0.011864279046925488	0.13556769127280055	0.017511370319440896	0.05138928812657548	0.13541690390120317	0.44669071516966297	0.026830178847120228	0.009533160740850578	13.11386478469278	4.67302309279921	0.20936904348188806	3.3330497549839095	0.06984522818865899	0.08583207440643607	0.0
/vol/bitbucket/osella/rl-qecc-data/supervisedLearning/sweep2/g5_ground_anch_H4_s6000.pth	4	6000	2	groundAnchored	[(6, 6), (9, 6), (12, 6), (15, 3)]	True	True	True	True	geometric5	48054	21	18	2026-08-01	groundAnchored_66-96-126-153	0.011864279046925488	0.1341366618541793	0.0034486407319385174	0.01253457947438591	0.1056148697384686	0.5231755759968474	0.025909643329256077	0.009533160740850578	14.13014379591118	4.67302309279921	0.2457568469320193	4.142864505320933	-0.08001536603280164	-0.03656633700759361	0.0
/vol/bitbucket/osella/rl-qecc-data/supervisedLearning/sweep2/g5_ground_anch_H6_s4000.pth	6	4000	2	groundAnchored	[(6, 6), (9, 6), (12, 6), (15, 3)]	True	True	True	True	geometric5	48054	21	18	2026-08-01	groundAnchored_66-96-126-153	0.011864279046925488	0.1104956099573437	0.001283276814696075	0.004286931920370474	0.07777345739513782	0.44329744941579635	0.025836934240717632	0.009533160740850578	12.167047321863203	4.67302309279921	0.20664292121474298	2.7279372690158294	0.6322851193456526	0.47467612542174176	0.0
/vol/bitbucket/osella/rl-qecc-data/supervisedLearning/sweep2/g5_ground_anch_H7_s1000.pth	7	1000	2	groundAnchored	[(6, 6), (9, 6), (12, 6), (15, 3)]	True	True	True	True	geometric5	48054	21	18	2026-08-01	groundAnchored_66-96-126-153	0.011864279046925488	0.10553592648037849	0.0008261935562308991	0.0026112642668583695	0.07655132004821662	0.42190042458017624	0.025790429950410396	0.009533160740850578	11.596244588822064	4.67302309279921	0.19690319507601542	3.284281422296366	0.7261476885537247	0.5634073908680878	0.0
/vol/bitbucket/osella/rl-qecc-data/supervisedLearning/sweep2/g5_ground_anch_H7_s5000.pth	7	5000	2	groundAnchored	[(6, 6), (9, 6), (12, 6), (15, 3)]	True	True	True	True	geometric5	48054	21	18	2026-08-01	groundAnchored_66-96-126-153	0.011864279046925488	0.10540283717539403	0.001537119016464002	0.005001515681726184	0.07650895534067367	0.4121850969264901	0.03178149891161624	0.009533160740850578	10.956742892751505	4.67302309279921	0.19790004365743252	2.7621065436486383	0.620684287082961	0.4742169843600395	0.0
/vol/bitbucket/osella/rl-qecc-data/supervisedLearning/sweep2/g5_ground_pure_H10_s2000.pth	10	2000	2	groundPure	[(6, 6), (9, 6), (12, 6), (15, 3)]	True	True	True	True	geometric5	48054	21	18	2026-08-01	groundPure_66-96-126-153	0.011864279046925488	0.1164999902011603	0.0007389337252188853	0.0021359933755120894	0.07746223561997657	0.4770648009840452	0.02509798730104888	0.009533160740850578	13.414220090820512	4.67302309279921	0.22215163866199614	2.7529461891775093	0.6202371792354308	0.46148024302037405	0.0
/vol/bitbucket/osella/rl-qecc-data/supervisedLearning/sweep2/g5_ground_pure_H10_s6000.pth	10	6000	2	groundPure	[(6, 6), (9, 6), (12, 6), (15, 3)]	True	True	True	True	geometric5	48054	21	18	2026-08-01	groundPure_66-96-126-153	0.011864279046925488	0.09386403522874343	0.0016514236181521058	0.007123912758376244	0.08014649599758278	0.35264535829633614	0.027752985473269955	0.009533160740850578	9.758035555977525	4.67302309279921	0.16463555241197453	2.437289061699933	0.6546086838145816	0.4893765911012001	0.0
/vol/bitbucket/osella/rl-qecc-data/supervisedLearning/sweep2/g5_ground_pure_H3_s4000.pth	3	4000	2	groundPure	[(6, 6), (9, 6), (12, 6), (15, 3)]	True	True	True	True	geometric5	48054	21	18	2026-08-01	groundPure_66-96-126-153	0.011864279046925488	0.12619075221200735	0.0030093085784209557	0.011688268463423425	0.09848764223626505	0.4925225605098784	0.02524598127204877	0.009533160740850578	13.486577515569431	4.67302309279921	0.22908628044735618	6.286788598167498	0.10899881840385758	0.09205495050692626	0.02
/vol/bitbucket/osella/rl-qecc-data/supervisedLearning/sweep2/g5_ground_pure_H4_s1000.pth	4	1000	2	groundPure	[(6, 6), (9, 6), (12, 6), (15, 3)]	True	True	True	True	geometric5	48054	21	18	2026-08-01	groundPure_66-96-126-153	0.011864279046925488	0.10797685868855647	0.0019402445165935824	0.008916786825141798	0.08626117751408872	0.41661991491969985	0.026146169667258447	0.009533160740850578	11.211964685922325	4.67302309279921	0.19210137285093917	3.715698213966647	0.5405098319928423	0.38645574716063796	0.0
/vol/bitbucket/osella/rl-qecc-data/supervisedLearning/sweep2/g5_ground_pure_H4_s5000.pth	4	5000	2	groundPure	[(6, 6), (9, 6), (12, 6), (15, 3)]	True	True	True	True	geometric5	48054	21	18	2026-08-01	groundPure_66-96-126-153	0.011864279046925488	0.10919737218916552	0.004338336632100689	0.016060725102842743	0.11649200931888656	0.382327445087438	0.026768344804559627	0.009533160740850578	11.294812264867188	4.67302309279921	0.18312361081163261	3.7926501733570968	0.18020733929902327	0.15527851488056496	0.0
/vol/bitbucket/osella/rl-qecc-data/supervisedLearning/sweep2/g5_ground_pure_H6_s2000.pth	6	2000	2	groundPure	[(6, 6), (9, 6), (12, 6), (15, 3)]	True	True	True	True	geometric5	48054	21	18	2026-08-01	groundPure_66-96-126-153	0.011864279046925488	0.10141330985847422	0.0018750418163760807	0.007128459866292198	0.09461639551524417	0.37804840601485834	0.0253982460796002	0.009533160740850578	11.026474443365192	4.67302309279921	0.17724304464294763	4.7042003626253255	0.01974819148080581	0.028578704700632524	0.0
/vol/bitbucket/osella/rl-qecc-data/supervisedLearning/sweep2/g5_ground_pure_H6_s6000.pth	6	6000	2	groundPure	[(6, 6), (9, 6), (12, 6), (15, 3)]	True	True	True	True	geometric5	48054	21	18	2026-08-01	groundPure_66-96-126-153	0.011864279046925488	0.11606045294494777	0.0012659156548274738	0.0037466880016907836	0.08220396764894562	0.46586503937899126	0.027220654040283548	0.009533160740850578	12.884181285770685	4.67302309279921	0.22108837727572908	2.549981272870068	0.5869773919237031	0.4547252816196931	0.0
/vol/bitbucket/osella/rl-qecc-data/supervisedLearning/sweep2/g5_ground_pure_H7_s4000.pth	7	4000	2	groundPure	[(6, 6), (9, 6), (12, 6), (15, 3)]	True	True	True	True	geometric5	48054	21	18	2026-08-01	groundPure_66-96-126-153	0.011864279046925488	0.11691181526868157	0.0017246651379606193	0.005766606351945211	0.08799290487405385	0.4638896938360735	0.025185206143374887	0.009533160740850578	12.910433826307626	4.67302309279921	0.21745447922892852	2.6807134599975817	0.4161145482302532	0.32976355632632715	0.0
/vol/bitbucket/osella/rl-qecc-data/supervisedLearning/sweep2/g5_mix_66-96-126-153_H10_s1000.pth	10	1000	6	mixed	[(6, 6), (9, 6), (12, 6), (15, 3)]	True	True	True	True	geometric5	48054	21	18	2026-08-01	mixed_66-96-126-153	0.011864279046925488	0.1058228591534977	0.004362304698433207	0.012289665662326359	0.10223773066816089	0.3815260057891606	0.028698588949407428	0.009533160740850578	11.688048535145594	4.67302309279921	0.18669624120333841	2.6200748053502814	0.3585550262104578	0.267146687700858	0.02
/vol/bitbucket/osella/rl-qecc-data/supervisedLearning/sweep2/g5_mix_66-96-126-153_H10_s5000.pth	10	5000	6	mixed	[(6, 6), (9, 6), (12, 6), (15, 3)]	True	True	True	True	geometric5	48054	21	18	2026-08-01	mixed_66-96-126-153	0.011864279046925488	0.09835449457887938	0.0038427405331139916	0.011394483866708816	0.08818751010114007	0.3599671279397947	0.028380610453639436	0.009533160740850578	10.909387623283962	4.67302309279921	0.17363635860967602	2.834359309091031	0.5994514541983322	0.45537753033642736	0.0
/vol/bitbucket/osella/rl-qecc-data/supervisedLearning/sweep2/g5_mix_66-96-126-153_H3_s2000.pth	3	2000	6	mixed	[(6, 6), (9, 6), (12, 6), (15, 3)]	True	True	True	True	geometric5	48054	21	18	2026-08-01	mixed_66-96-126-153	0.011864279046925488	0.11562161444214111	0.010891181442790979	0.03233413688900057	0.12601435142081632	0.3822777896531439	0.026590612804953683	0.009533160740850578	12.339183470049264	4.67302309279921	0.18649707058448697	2.8133698901309696	0.3428842148665836	0.2812302001731125	0.0
/vol/bitbucket/osella/rl-qecc-data/supervisedLearning/sweep2/g5_mix_66-96-126-153_H3_s6000.pth	3	6000	6	mixed	[(6, 6), (9, 6), (12, 6), (15, 3)]	True	True	True	True	geometric5	48054	21	18	2026-08-01	mixed_66-96-126-153	0.011864279046925488	0.09561262955050753	0.006591734288698517	0.019929657751584184	0.11406545178779176	0.31062360389210214	0.026852700032361093	0.009533160740850578	11.42110787945347	4.67302309279921	0.15542391716373713	3.316783339441326	0.37885123274773874	0.3089063500563404	0.0
/vol/bitbucket/osella/rl-qecc-data/supervisedLearning/sweep2/g5_mix_66-96-126-153_H4_s4000.pth	4	4000	6	mixed	[(6, 6), (9, 6), (12, 6), (15, 3)]	True	True	True	True	geometric5	48054	21	18	2026-08-01	mixed_66-96-126-153	0.011864279046925488	0.09870078392879689	0.0029987843214785534	0.010459788373942994	0.11110610890823462	0.34296994392237384	0.025969294117954428	0.009533160740850578	11.278382061885639	4.67302309279921	0.16708885542467872	3.6876483101391706	0.3577846650633557	0.28729548768014807	0.02
/vol/bitbucket/osella/rl-qecc-data/supervisedLearning/sweep2/g5_mix_66-96-126-153_H6_s1000.pth	6	1000	6	mixed	[(6, 6), (9, 6), (12, 6), (15, 3)]	True	True	True	True	geometric5	48054	21	18	2026-08-01	mixed_66-96-126-153	0.011864279046925488	0.11821905832539871	0.009251857134097029	0.024816562114005594	0.11438614264873488	0.4072637925173115	0.03537693721284461	0.009533160740850578	12.325029403801528	4.67302309279921	0.20293433395903399	2.997189141526206	0.3844839979635724	0.3090367446697688	0.0
/vol/bitbucket/osella/rl-qecc-data/supervisedLearning/sweep2/g5_mix_66-96-126-153_H6_s5000.pth	6	5000	6	mixed	[(6, 6), (9, 6), (12, 6), (15, 3)]	True	True	True	True	geometric5	48054	21	18	2026-08-01	mixed_66-96-126-153	0.011864279046925488	0.11284122264509347	0.0014032448463684392	0.004121750957266198	0.07939772216729708	0.4430341095138604	0.03624928574067513	0.009533160740850578	12.565777398791804	4.67302309279921	0.21696150920902607	2.6051518785307044	0.5801440685095204	0.42417551182276136	0.0
/vol/bitbucket/osella/rl-qecc-data/supervisedLearning/sweep2/g5_mix_66-96-126-153_H7_s2000.pth	7	2000	6	mixed	[(6, 6), (9, 6), (12, 6), (15, 3)]	True	True	True	True	geometric5	48054	21	18	2026-08-01	mixed_66-96-126-153	0.011864279046925488	0.10299443035770679	0.0028069388467696593	0.007237558433307846	0.0921099023926426	0.3791611781342971	0.03365657398151678	0.009533160740850578	11.274268408985314	4.67302309279921	0.18765320673340016	2.509388436736073	0.5802148136435464	0.43792803341607	0.0
/vol/bitbucket/osella/rl-qecc-data/supervisedLearning/sweep2/g5_mix_66-96-126-153_H7_s6000.pth	7	6000	6	mixed	[(6, 6), (9, 6), (12, 6), (15, 3)]	True	True	True	True	geometric5	48054	21	18	2026-08-01	mixed_66-96-126-153	0.011864279046925488	0.12621921468123865	0.015167795531311902	0.03853036586877827	0.14209646909481974	0.40115242961474645	0.03414901329653686	0.009533160740850578	13.565408091588221	4.67302309279921	0.20216826209420455	3.1082067929086414	0.26186701096918774	0.23323689856777374	0.0
/vol/bitbucket/osella/rl-qecc-data/supervisedLearning/sweep2/g5_mix_66-96-126_H10_s4000.pth	10	4000	8	mixed	[(6, 6), (9, 6), (12, 6)]	True	True	True	False	geometric5	48054	21	18	2026-08-01	mixed_66-96-126	0.011864279046925488	0.10332126296102823	0.0027237990243776725	0.009537929988557544	0.09852753077264777	0.3785378988802163	0.02727915613934179	0.009533160740850578	11.948154351683634	4.67302309279921	0.18222123936492013	4.089180412423761	0.5077613918925304	0.3786356433506007	0.0
/vol/bitbucket/osella/rl-qecc-data/supervisedLearning/sweep2/g5_mix_66-96-126_H3_s1000.pth	3	1000	8	mixed	[(6, 6), (9, 6), (12, 6)]	True	True	True	False	geometric5	48054	21	18	2026-08-01	mixed_66-96-126	0.011864279046925488	0.09921917241662447	0.002417681202054606	0.007054191170145399	0.08845436819186665	0.3675406711228	0.030628950396255697	0.009533160740850578	10.710837432493483	4.67302309279921	0.17818203312190023	2.809387977513133	0.5275647655789961	0.405310126788937	0.0
/vol/bitbucket/osella/rl-qecc-data/supervisedLearning/sweep2/g5_mix_66-96-126_H3_s5000.pth	3	5000	8	mixed	[(6, 6), (9, 6), (12, 6)]	True	True	True	False	geometric5	48054	21	18	2026-08-01	mixed_66-96-126	0.011864279046925488	0.12567407293952823	0.013776961825758851	0.045259155514820903	0.16397361740841238	0.38007926554589466	0.02528136440275433	0.009533160740850578	14.15483400607433	4.67302309279921	0.1888640497458019	4.992437233097093	-0.17866689863307206	-0.1017187787726014	0.0
/vol/bitbucket/osella/rl-qecc-data/supervisedLearning/sweep2/g5_mix_66-96-126_H4_s2000.pth	4	2000	8	mixed	[(6, 6), (9, 6), (12, 6)]	True	True	True	False	geometric5	48054	21	18	2026-08-01	mixed_66-96-126	0.011864279046925488	0.10369615801668845	0.0024197192713154556	0.007935670515696491	0.09867561846061419	0.38048460254890176	0.02896517928691424	0.009533160740850578	11.427705375438327	4.67302309279921	0.18599424098556563	2.906221114959531	0.4719663418522787	0.3678285686857866	0.0
/vol/bitbucket/osella/rl-qecc-data/supervisedLearning/sweep2/g5_mix_66-96-126_H4_s6000.pth	4	6000	8	mixed	[(6, 6), (9, 6), (12, 6)]	True	True	True	False	geometric5	48054	21	18	2026-08-01	mixed_66-96-126	0.011864279046925488	0.10253433395278433	0.004584649438543619	0.013972693528402146	0.10106546164060759	0.36590103888159636	0.027147826274771886	0.009533160740850578	11.33106297987965	4.67302309279921	0.1779155539236312	3.122157396535706	0.4184207132912001	0.33514708150659417	0.0
/vol/bitbucket/osella/rl-qecc-data/supervisedLearning/sweep2/g5_mix_66-96-126_H6_s4000.pth	6	4000	8	mixed	[(6, 6), (9, 6), (12, 6)]	True	True	True	False	geometric5	48054	21	18	2026-08-01	mixed_66-96-126	0.011864279046925488	0.12147403403186796	0.004862436964359813	0.01575500059836314	0.11200576563140392	0.44721872472869983	0.027528242236512998	0.009533160740850578	13.320055969872353	4.67302309279921	0.21585995956878223	3.446085315962858	0.16695048516055097	0.13904750835585405	0.0
/vol/bitbucket/osella/rl-qecc-data/supervisedLearning/sweep2/g5_mix_66-96-126_H7_s1000.pth	7	1000	8	mixed	[(6, 6), (9, 6), (12, 6)]	True	True	True	False	geometric5	48054	21	18	2026-08-01	mixed_66-96-126	0.011864279046925488	0.10270157113922598	0.002412728349059874	0.006615508652773098	0.07920260986038939	0.39161741883389717	0.03365959000001018	0.009533160740850578	11.280621605904267	4.67302309279921	0.19099824157092707	2.736575340539491	0.6622875244175029	0.5131208555802746	0.0
/vol/bitbucket/osella/rl-qecc-data/supervisedLearning/sweep2/g5_mix_66-96-126_H7_s5000.pth	7	5000	8	mixed	[(6, 6), (9, 6), (12, 6)]	True	True	True	False	geometric5	48054	21	18	2026-08-01	mixed_66-96-126	0.011864279046925488	0.09771098918270468	0.0031962356346591572	0.009418336300542809	0.08841395964141148	0.35770988805708215	0.029816526279827726	0.009533160740850578	10.795225908619445	4.67302309279921	0.174905966552934	2.5881492247413584	0.6302646326497574	0.48302585742315596	0.0
/vol/bitbucket/osella/rl-qecc-data/supervisedLearning/sweep2/g5_mix_66-96_H10_s2000.pth	10	2000	12	mixed	[(6, 6), (9, 6)]	True	True	False	False	geometric5	48054	21	18	2026-08-01	mixed_66-96	0.011864279046925488	0.10948353477968394	0.0030616283329576114	0.00853287178295053	0.08846377457076086	0.41767296678663096	0.029686432425119553	0.009533160740850578	12.032352422443646	4.67302309279921	0.20071516253872962	2.613780651464342	0.6043660764985105	0.47834833820771744	0.0
/vol/bitbucket/osella/rl-qecc-data/supervisedLearning/sweep2/g5_mix_66-96_H10_s6000.pth	10	6000	12	mixed	[(6, 6), (9, 6)]	True	True	False	False	geometric5	48054	21	18	2026-08-01	mixed_66-96	0.011864279046925488	0.11696946408675277	0.0020857358099162946	0.0069789884294492385	0.09751046180508627	0.44757479142833845	0.03069734296097353	0.009533160740850578	13.095656802951915	4.67302309279921	0.21727595343315062	3.268568885610678	0.36339512088528536	0.2771225521899432	0.0
/vol/bitbucket/osella/rl-qecc-data/supervisedLearning/sweep2/g5_mix_66-96_H3_s4000.pth	3	4000	12	mixed	[(6, 6), (9, 6)]	True	True	False	False	geometric5	48054	21	18	2026-08-01	mixed_66-96	0.011864279046925488	0.12154384604218597	0.0016952494572091488	0.0049131624657681675	0.08180146406721503	0.47840865358474366	0.04090070063599379	0.009533160740850578	13.58745045262422	4.67302309279921	0.23515106191804078	2.722929440939546	0.65103359047719	0.4983312494667812	0.0
/vol/bitbucket/osella/rl-qecc-data/supervisedLearning/sweep2/g5_mix_66-96_H4_s1000.pth	4	1000	12	mixed	[(6, 6), (9, 6)]	True	True	False	False	geometric5	48054	21	18	2026-08-01	mixed_66-96	0.011864279046925488	0.14776169571269726	0.006173158164769423	0.0197413999144049	0.12062073110978172	0.512994776139235	0.07927841323529528	0.009533160740850578	14.903372475241722	4.67302309279921	0.26889245424383795	2.9775952321514483	0.30311749300051294	0.23938935174241974	0.0
/vol/bitbucket/osella/rl-qecc-data/supervisedLearning/sweep2/g5_mix_66-96_H4_s5000.pth	4	5000	12	mixed	[(6, 6), (9, 6)]	True	True	False	False	geometric5	48054	21	18	2026-08-01	mixed_66-96	0.011864279046925488	0.14603599465506642	0.010793004817113408	0.03598701876418831	0.14772124548160995	0.5037383833075674	0.03194032090485317	0.009533160740850578	15.801729142825513	4.67302309279921	0.2519698083355132	3.5516381622053075	0.07312315848685452	0.09613932085722576	0.0
/vol/bitbucket/osella/rl-qecc-data/supervisedLearning/sweep2/g5_mix_66-96_H6_s2000.pth	6	2000	12	mixed	[(6, 6), (9, 6)]	True	True	False	False	geometric5	48054	21	18	2026-08-01	mixed_66-96	0.011864279046925488	0.12118853738926826	0.0011852391465362378	0.0033490202860250538	0.080434209298063	0.4808109299856441	0.040163288230072786	0.009533160740850578	13.582815047345884	4.67302309279921	0.23634330373616344	2.996162138353073	0.5070288762435364	0.40481592378250913	0.0
/vol/bitbucket/osella/rl-qecc-data/supervisedLearning/sweep2/g5_mix_66-96_H6_s6000.pth	6	6000	12	mixed	[(6, 6), (9, 6)]	True	True	False	False	geometric5	48054	21	18	2026-08-01	mixed_66-96	0.011864279046925488	0.13998386287962766	0.002113535711207439	0.005913196014064795	0.0960932579472175	0.5465830085762715	0.04921631614937737	0.009533160740850578	15.406764947673812	4.67302309279921	0.2726823995395908	3.083885048095339	0.1840234319476334	0.16826026018492246	0.0
/vol/bitbucket/osella/rl-qecc-data/supervisedLearning/sweep2/g5_mix_66-96_H7_s4000.pth	7	4000	12	mixed	[(6, 6), (9, 6)]	True	True	False	False	geometric5	48054	21	18	2026-08-01	mixed_66-96	0.011864279046925488	0.13900726102801558	0.0032941838120293726	0.011119279619089848	0.11212530569860897	0.535625404811081	0.032872131199268545	0.009533160740850578	15.966297161544686	4.67302309279921	0.2608620416099081	3.986136376073845	-0.2590098632296662	-0.1581430489082915	0.0
/vol/bitbucket/osella/rl-qecc-data/supervisedLearning/sweep2/g5_mix_66_H10_s1000.pth	10	1000	24	mixed	[(6, 6)]	True	False	False	False	geometric5	48054	21	18	2026-08-01	mixed_66	0.011864279046925488	0.11508673441423319	0.002969857446317161	0.012563163631701992	0.10087933977086778	0.4332744600929293	0.025746851129349678	0.009533160740850578	12.331406414009745	4.67302309279921	0.20322702925166045	4.18188461951957	0.3425622492973406	0.2588219282905452	0.0
/vol/bitbucket/osella/rl-qecc-data/supervisedLearning/sweep2/g5_mix_66_H10_s5000.pth	10	5000	24	mixed	[(6, 6)]	True	False	False	False	geometric5	48054	21	18	2026-08-01	mixed_66	0.011864279046925488	0.13329670167334357	0.0037189706621743464	0.015062069238564563	0.10031366621321482	0.5164872086985572	0.03090159355420698	0.009533160740850578	13.811801967463229	4.67302309279921	0.24577553362831198	2.919231254415337	0.15128006719023943	0.13405888895603146	0.0
/vol/bitbucket/osella/rl-qecc-data/supervisedLearning/sweep2/g5_mix_66_H3_s2000.pth	3	2000	24	mixed	[(6, 6)]	True	False	False	False	geometric5	48054	21	18	2026-08-01	mixed_66	0.011864279046925488	0.13247025380085453	0.0034506192406875747	0.01180197349185778	0.09117732253965695	0.5280421824824147	0.027879171249655825	0.009533160740850578	14.134366399481603	4.67302309279921	0.24459289870337567	3.4214337772483976	0.38576510530217023	0.28013218671414003	0.0
/vol/bitbucket/osella/rl-qecc-data/supervisedLearning/sweep2/g5_mix_66_H3_s6000.pth	3	6000	24	mixed	[(6, 6)]	True	False	False	False	geometric5	48054	21	18	2026-08-01	mixed_66	0.011864279046925488	0.15312623517425036	0.006051813304237145	0.019304687325996273	0.1386388683079353	0.5707262794229925	0.030909527510090778	0.009533160740850578	16.41877898653603	4.67302309279921	0.27870588806634095	3.59814890642492	-0.5043636504863609	-0.3485847857315446	0.0
/vol/bitbucket/osella/rl-qecc-data/supervisedLearning/sweep2/g5_mix_66_H4_s4000.pth	4	4000	24	mixed	[(6, 6)]	True	False	False	False	geometric5	48054	21	18	2026-08-01	mixed_66	0.011864279046925488	0.11125179674529076	0.0032445606547034113	0.01298807514997388	0.09836395261512386	0.41543425125101957	0.026228144055632972	0.009533160740850578	11.718282537852637	4.67302309279921	0.19341277619166766	3.3734968373921053	0.19688422193410685	0.1529488390704386	0.0
/vol/bitbucket/osella/rl-qecc-data/supervisedLearning/sweep2/g5_mix_66_H6_s1000.pth	6	1000	24	mixed	[(6, 6)]	True	False	False	False	geometric5	48054	21	18	2026-08-01	mixed_66	0.011864279046925488	0.1517947515601187	0.0028581161139437697	0.011645857970216288	0.09417651313602039	0.6056808208360014	0.04461244974441184	0.009533160740850578	16.99086166902738	4.67302309279921	0.29344519181292855	2.8255672435236168	-0.05723738866105466	-0.03300611551531846	0.0
/vol/bitbucket/osella/rl-qecc-data/supervisedLearning/sweep2/g5_mix_66_H6_s5000.pth	6	5000	24	mixed	[(6, 6)]	True	False	False	False	geometric5	48054	21	18	2026-08-01	mixed_66	0.011864279046925488	0.13377315099293086	0.005491838455897539	0.01879918280222363	0.13023386760452316	0.48707917898955133	0.02726168711245887	0.009533160740850578	14.192498976712665	4.67302309279921	0.23326112385407916	3.725557655372656	-0.06776789418854795	-0.027332786337998877	0.0
/vol/bitbucket/osella/rl-qecc-data/supervisedLearning/sweep2/g5_mix_66_H7_s2000.pth	7	2000	24	mixed	[(6, 6)]	True	False	False	False	geometric5	48054	21	18	2026-08-01	mixed_66	0.011864279046925488	0.10745596966070055	0.0024738656650607005	0.009467300603493078	0.08579003201409498	0.4035396142628089	0.03600903575804496	0.009533160740850578	11.035478513092121	4.67302309279921	0.1956108966153214	3.0599920538962992	0.4324943739320658	0.3206579937854285	0.0
/vol/bitbucket/osella/rl-qecc-data/supervisedLearning/sweep2/g5_mix_66_H7_s6000.pth	7	6000	24	mixed	[(6, 6)]	True	False	False	False	geometric5	48054	21	18	2026-08-01	mixed_66	0.011864279046925488	0.1022875016868361	0.0037008763108833703	0.012827142126721766	0.10336704604064287	0.3655027250374787	0.026039718918453653	0.009533160740850578	11.046324964997279	4.67302309279921	0.17445131310378698	3.7960484756057804	0.2070149382682706	0.18851638381803518	0.0
/vol/bitbucket/osella/rl-qecc-data/supervisedLearning/sweep2/g5_ground_anch_H10_s4000.pth	10	4000	2	groundAnchored	[(6, 6), (9, 6), (12, 6), (15, 3)]	True	True	True	True	geometric5	895050	6	6	2026-08-01	groundAnchored_66-96-126-153	0.023935993090281937	0.023720336566081895	0.003517370453612671	0.00986386088912433	0.03055927474653272	0.06206770143759942	0.012593475303540269	0.017182101469570527	10.656442114060109	10.111702831361514	0.03162060569537843	1.2223907184116027	0.8605262684620144	0.6803282338986529	0.0
/vol/bitbucket/osella/rl-qecc-data/supervisedLearning/sweep2/g5_ground_anch_H3_s1000.pth	3	1000	2	groundAnchored	[(6, 6), (9, 6), (12, 6), (15, 3)]	True	True	True	True	geometric5	895050	6	6	2026-08-01	groundAnchored_66-96-126-153	0.023935993090281937	0.02428141595599947	0.0033719494892579757	0.009946499017851036	0.030931827724039483	0.06373534934997595	0.013421454198872855	0.017182101469570527	10.681224980776056	10.111702831361514	0.032729639860173854	1.3738244031209612	0.8493919061039433	0.6670252414747668	0.04
/vol/bitbucket/osella/rl-qecc-data/supervisedLearning/sweep2/g5_ground_anch_H3_s5000.pth	3	5000	2	groundAnchored	[(6, 6), (9, 6), (12, 6), (15, 3)]	True	True	True	True	geometric5	895050	6	6	2026-08-01	groundAnchored_66-96-126-153	0.023935993090281937	0.023890773190530366	0.0034762958827478886	0.010016018547254587	0.030806472257849247	0.06260542539084092	0.012549653873959185	0.017182101469570527	10.66398646155649	10.111702831361514	0.03190109678152861	1.2489327266684964	0.8583262902304788	0.677532918082206	0.04
/vol/bitbucket/osella/rl-qecc-data/supervisedLearning/sweep2/g5_ground_anch_H4_s2000.pth	4	2000	2	groundAnchored	[(6, 6), (9, 6), (12, 6), (15, 3)]	True	True	True	True	geometric5	895050	6	6	2026-08-01	groundAnchored_66-96-126-153	0.023935993090281937	0.026456656875430605	0.004020289593607415	0.011680401258100218	0.034906390663808816	0.06865785664425117	0.013018346217385296	0.017182101469570527	10.754491308115647	10.111702831361514	0.03544339136105702	1.271771856923655	0.8276947263846386	0.6434539266696556	0.06
/vol/bitbucket/osella/rl-qecc-data/supervisedLearning/sweep2/g5_ground_anch_H4_s6000.pth	4	6000	2	groundAnchored	[(6, 6), (9, 6), (12, 6), (15, 3)]	True	True	True	True	geometric5	895050	6	6	2026-08-01	groundAnchored_66-96-126-153	0.023935993090281937	0.023949664629159255	0.003389744198129563	0.009796541383162693	0.030706637773661685	0.06285014014680033	0.013005259644042054	0.017182101469570527	10.656794062800042	10.111702831361514	0.03203936986817337	1.3437103601581097	0.8555526637668592	0.6743666984596819	0.04
/vol/bitbucket/osella/rl-qecc-data/supervisedLearning/sweep2/g5_ground_anch_H6_s4000.pth	6	4000	2	groundAnchored	[(6, 6), (9, 6), (12, 6), (15, 3)]	True	True	True	True	geometric5	895050	6	6	2026-08-01	groundAnchored_66-96-126-153	0.023935993090281937	0.025720822416526398	0.0038815635898529228	0.011216213706147856	0.03377547379978098	0.06675903383484479	0.012971827152005403	0.017182101469570527	10.729763839111166	10.111702831361514	0.034401274886681855	1.280719469153783	0.8363549133718742	0.6530337224157953	0.04
/vol/bitbucket/osella/rl-qecc-data/supervisedLearning/sweep2/g5_ground_anch_H7_s1000.pth	7	1000	2	groundAnchored	[(6, 6), (9, 6), (12, 6), (15, 3)]	True	True	True	True	geometric5	895050	6	6	2026-08-01	groundAnchored_66-96-126-153	0.023935993090281937	0.023973863926151993	0.0033851097852425536	0.009880441763631736	0.030849703523990604	0.06297946517658362	0.012774599381311463	0.017182101469570527	10.662166766934531	10.111702831361514	0.0320967032889388	1.2931850826423945	0.8566774377156446	0.6756116534545297	0.02
/vol/bitbucket/osella/rl-qecc-data/supervisedLearning/sweep2/g5_ground_anch_H7_s5000.pth	7	5000	2	groundAnchored	[(6, 6), (9, 6), (12, 6), (15, 3)]	True	True	True	True	geometric5	895050	6	6	2026-08-01	groundAnchored_66-96-126-153	0.023935993090281937	0.023715524101862513	0.0033078831139472663	0.009605874177661747	0.030439487919291016	0.062321081491476	0.01290329380693654	0.017182101469570527	10.655670186529951	10.111702831361514	0.031701839138046965	1.2820764019856086	0.8593580965587477	0.6786382915953431	0.06
/vol/bitbucket/osella/rl-qecc-data/supervisedLearning/sweep2/g5_ground_pure_H10_s2000.pth	10	2000	2	groundPure	[(6, 6), (9, 6), (12, 6), (15, 3)]	True	True	True	True	geometric5	895050	6	6	2026-08-01	groundPure_66-96-126-153	0.023935993090281937	0.025626609523401525	0.0037188467683714295	0.011089278649653509	0.03375123287105987	0.06661959552376362	0.01295409380415916	0.017182101469570527	10.737097972239619	10.111702831361514	0.03420989958123489	1.2433559364889208	0.8445234968162768	0.6613868145036957	0.06
/vol/bitbucket/osella/rl-qecc-data/supervisedLearning/sweep2/g5_ground_pure_H10_s6000.pth	10	6000	2	groundPure	[(6, 6), (9, 6), (12, 6), (15, 3)]	True	True	True	True	geometric5	895050	6	6	2026-08-01	groundPure_66-96-126-153	0.023935993090281937	0.027347355942040713	0.004115479952283885	0.012217633777679556	0.03630833413180707	0.07045224955983158	0.013643082288601468	0.017182101469570527	10.894733520064381	10.111702831361514	0.03687673206642443	1.368457641552816	0.824731099535009	0.6379991290171807	0.0
/vol/bitbucket/osella/rl-qecc-data/supervisedLearning/sweep2/g5_ground_pure_H3_s4000.pth	3	4000	2	groundPure	[(6, 6), (9, 6), (12, 6), (15, 3)]	True	True	True	True	geometric5	895050	6	6	2026-08-01	groundPure_66-96-126-153	0.023935993090281937	0.027770235644316774	0.004210923946549999	0.012318025532145904	0.03674199338113585	0.07250503021912727	0.01307520514262487	0.017182101469570527	10.837159573689295	10.111702831361514	0.037618757187894265	1.3134061981183804	0.807803418461796	0.6208831887259716	0.0
/vol/bitbucket/osella/rl-qecc-data/supervisedLearning/sweep2/g5_ground_pure_H4_s1000.pth	4	1000	2	groundPure	[(6, 6), (9, 6), (12, 6), (15, 3)]	True	True	True	True	geometric5	895050	6	6	2026-08-01	groundPure_66-96-126-153	0.023935993090281937	0.0265358677675845	0.003840451545762111	0.011452621760620027	0.03514909784389506	0.06954326776102301	0.012693899926622206	0.017182101469570527	10.80040201602824	10.111702831361514	0.035895086845211414	1.3009929853293838	0.8201343498441334	0.6340147522096017	0.02
/vol/bitbucket/osella/rl-qecc-data/supervisedLearning/sweep2/g5_ground_pure_H4_s5000.pth	4	5000	2	groundPure	[(6, 6), (9, 6), (12, 6), (15, 3)]	True	True	True	True	geometric5	895050	6	6	2026-08-01	groundPure_66-96-126-153	0.023935993090281937	0.026425143434128745	0.0036014533868645067	0.010920487945392568	0.03418854186541943	0.07083884062177141	0.012576393351195835	0.017182101469570527	10.76896811043998	10.111702831361514	0.036283683963079925	1.194196449528326	0.8210624973973715	0.6365293036669634	0.04
/vol/bitbucket/osella/rl-qecc-data/supervisedLearning/sweep2/g5_ground_pure_H6_s2000.pth	6	2000	2	groundPure	[(6, 6), (9, 6), (12, 6), (15, 3)]	True	True	True	True	geometric5	895050	6	6	2026-08-01	groundPure_66-96-126-153	0.023935993090281937	0.02581645484927613	0.0034864658374048146	0.01035782240371558	0.033246326149092	0.06848284254239728	0.013508817313771113	0.017182101469570527	10.76682653164944	10.111702831361514	0.03534799788982712	1.2868733377225186	0.8322807730763493	0.6468393614903096	0.04
/vol/bitbucket/osella/rl-qecc-data/supervisedLearning/sweep2/g5_ground_pure_H6_s6000.pth	6	6000	2	groundPure	[(6, 6), (9, 6), (12, 6), (15, 3)]	True	True	True	True	geometric5	895050	6	6	2026-08-01	groundPure_66-96-126-153	0.023935993090281937	0.025076131997797173	0.003522999654278507	0.010504199653055948	0.03244484026355335	0.06572048376987212	0.013188136648225943	0.017182101469570527	10.756855861996671	10.111702831361514	0.03380110655594021	1.2852224275457294	0.8407682662252083	0.6563839037301826	0.02
/vol/bitbucket/osella/rl-qecc-data/supervisedLearning/sweep2/g5_ground_pure_H7_s4000.pth	7	4000	2	groundPure	[(6, 6), (9, 6), (12, 6), (15, 3)]	True	True	True	True	geometric5	895050	6	6	2026-08-01	groundPure_66-96-126-153	0.023935993090281937	0.025876891444904074	0.003923199601587364	0.011399177311121224	0.03435689298649753	0.06694865222036468	0.012756535104949479	0.017182101469570527	10.7832865442047	10.111702831361514	0.034659843548068975	1.20453618595543	0.8391307246895557	0.6543792069377755	0.08
/vol/bitbucket/osella/rl-qecc-data/supervisedLearning/sweep2/g5_mix_66-96-126-153_H10_s1000.pth	10	1000	6	mixed	[(6, 6), (9, 6), (12, 6), (15, 3)]	True	True	True	True	geometric5	895050	6	6	2026-08-01	mixed_66-96-126-153	0.023935993090281937	0.02789704165297931	0.004423065522211902	0.012791229863672397	0.036311598314521784	0.07093086586545179	0.015028448699038563	0.017182101469570527	10.851676033071943	10.111702831361514	0.037520010768376466	1.6912082841871676	0.8161685327204813	0.6303422988671771	0.02
/vol/bitbucket/osella/rl-qecc-data/supervisedLearning/sweep2/g5_mix_66-96-126-153_H10_s5000.pth	10	5000	6	mixed	[(6, 6), (9, 6), (12, 6), (15, 3)]	True	True	True	True	geometric5	895050	6	6	2026-08-01	mixed_66-96-126-153	0.023935993090281937	0.028631228863113176	0.004334120649365798	0.012586019609222102	0.03690689377202849	0.0739990104695142	0.01533009981543518	0.017182101469570527	10.894521217670013	10.111702831361514	0.03916675781280706	1.708003836176221	0.7876962522135198	0.6016373362555534	0.02
/vol/bitbucket/osella/rl-qecc-data/supervisedLearning/sweep2/g5_mix_66-96-126-153_H3_s2000.pth	3	2000	6	mixed	[(6, 6), (9, 6), (12, 6), (15, 3)]	True	True	True	True	geometric5	895050	6	6	2026-08-01	mixed_66-96-126-153	0.023935993090281937	0.028321892256646865	0.004245470164312696	0.012339090460467094	0.03540802598401749	0.0713594179271077	0.0182574567473293	0.017182101469570527	10.907907438987884	10.111702831361514	0.0385425278039322	1.7482236012775307	0.7969648576532662	0.6101276027492472	0.02
/vol/bitbucket/osella/rl-qecc-data/supervisedLearning/sweep2/g5_mix_66-96-126-153_H3_s6000.pth	3	6000	6	mixed	[(6, 6), (9, 6), (12, 6), (15, 3)]	True	True	True	True	geometric5	895050	6	6	2026-08-01	mixed_66-96-126-153	0.023935993090281937	0.028117515716136972	0.004121363138975676	0.012355257768844918	0.03679255191282451	0.07284446819473653	0.014473937565303316	0.017182101469570527	10.878421703782113	10.111702831361514	0.03836541987035637	1.7260167125152959	0.7970446766982531	0.6107783103648177	0.02
/vol/bitbucket/osella/rl-qecc-data/supervisedLearning/sweep2/g5_mix_66-96-126-153_H4_s4000.pth	4	4000	6	mixed	[(6, 6), (9, 6), (12, 6), (15, 3)]	True	True	True	True	geometric5	895050	6	6	2026-08-01	mixed_66-96-126-153	0.023935993090281937	0.026570337943177702	0.00399075038290545	0.011617696371252722	0.033518119716954516	0.06899461716070238	0.014730506084073426	0.017182101469570527	10.802667268266807	10.111702831361514	0.036181519030686615	1.6888292980692212	0.8225919029069726	0.6373842429942842	0.04
/vol/bitbucket/osella/rl-qecc-data/supervisedLearning/sweep2/g5_mix_66-96-126-153_H6_s1000.pth	6	1000	6	mixed	[(6, 6), (9, 6), (12, 6), (15, 3)]	True	True	True	True	geometric5	895050	6	6	2026-08-01	mixed_66-96-126-153	0.023935993090281937	0.026717222882922602	0.004062950638757882	0.011616366497032196	0.03431250681370113	0.06825691924976561	0.01533737121535616	0.017182101469570527	10.814867122897892	10.111702831361514	0.03600996174581301	1.6367494396137583	0.8198837109338285	0.6343649581294447	0.02
/vol/bitbucket/osella/rl-qecc-data/supervisedLearning/sweep2/g5_mix_66-96-126-153_H6_s5000.pth	6	5000	6	mixed	[(6, 6), (9, 6), (12, 6), (15, 3)]	True	True	True	True	geometric5	895050	6	6	2026-08-01	mixed_66-96-126-153	0.023935993090281937	0.02782494668995584	0.0041960089107475574	0.01200954969626509	0.03497853292482047	0.07042841501488822	0.01751222690305787	0.017182101469570527	10.868651215069727	10.111702831361514	0.03781570944944198	1.7047944433338436	0.806532508755005	0.618637782705999	0.08
/vol/bitbucket/osella/rl-qecc-data/supervisedLearning/sweep2/g5_mix_66-96-126-153_H7_s2000.pth	7	2000	6	mixed	[(6, 6), (9, 6), (12, 6), (15, 3)]	True	True	True	True	geometric5	895050	6	6	2026-08-01	mixed_66-96-126-153	0.023935993090281937	0.026412321898098015	0.004101978590503046	0.01165751210356674	0.03353215194872105	0.06784252596061988	0.014927440887079242	0.017182101469570527	10.785574535330296	10.111702831361514	0.03565434348847696	1.8434131982598077	0.82172268973973	0.6361062480059564	0.04
/vol/bitbucket/osella/rl-qecc-data/supervisedLearning/sweep2/g5_mix_66-96-126-153_H7_s6000.pth	7	6000	6	mixed	[(6, 6), (9, 6), (12, 6), (15, 3)]	True	True	True	True	geometric5	895050	6	6	2026-08-01	mixed_66-96-126-153	0.023935993090281937	0.027370454475118444	0.0041551717670770694	0.012128886066601743	0.03550854624907142	0.06920685259101297	0.015852815701828935	0.017182101469570527	10.831791220683412	10.111702831361514	0.03672640301326749	1.672109771024168	0.8127940017059075	0.6263206260640977	0.08
/vol/bitbucket/osella/rl-qecc-data/supervisedLearning/sweep2/g5_mix_66-96-126_H10_s4000.pth	10	4000	8	mixed	[(6, 6), (9, 6), (12, 6)]	True	True	True	False	geometric5	895050	6	6	2026-08-01	mixed_66-96-126	0.023935993090281937	0.02857221989574128	0.004447493923735399	0.01308987099514202	0.037750228841108416	0.07329537723643416	0.014278128482286294	0.017182101469570527	10.86452211819962	10.111702831361514	0.038453118320761245	1.5673332603460823	0.7956749782662852	0.6094142577544662	0.02
/vol/bitbucket/osella/rl-qecc-data/supervisedLearning/sweep2/g5_mix_66-96-126_H3_s1000.pth	3	1000	8	mixed	[(6, 6), (9, 6), (12, 6)]	True	True	True	False	geometric5	895050	6	6	2026-08-01	mixed_66-96-126	0.023935993090281937	0.026301294051998523	0.004249320815684708	0.011914583264692288	0.03378353564582167	0.06681622674018277	0.014742803793611136	0.017182101469570527	10.776074797289501	10.111702831361514	0.0349860751035704	1.6683672293176413	0.8275147135580098	0.6426151427576173	0.06
/vol/bitbucket/osella/rl-qecc-data/supervisedLearning/sweep2/g5_mix_66-96-126_H3_s5000.pth	3	5000	8	mixed	[(6, 6), (9, 6), (12, 6)]	True	True	True	False	geometric5	895050	6	6	2026-08-01	mixed_66-96-126	0.023935993090281937	0.02679161487676784	0.003912202894073061	0.011397107447137742	0.034153368534908184	0.06967654891475074	0.01481884659296942	0.017182101469570527	10.80514722648045	10.111702831361514	0.03659744092457913	1.6643585737698119	0.8182389898174804	0.633168953785961	0.04
/vol/bitbucket/osella/rl-qecc-data/supervisedLearning/sweep2/g5_mix_66-96-126_H4_s2000.pth	4	2000	8	mixed	[(6, 6), (9, 6), (12, 6)]	True	True	True	False	geometric5	895050	6	6	2026-08-01	mixed_66-96-126	0.023935993090281937	0.026835040677073367	0.004272474284612167	0.012022215392414725	0.03368285494025191	0.06871769059865006	0.01547996816943806	0.017182101469570527	10.78994691375477	10.111702831361514	0.036166391497228306	1.6501566467790736	0.8215295558520568	0.6361606964169634	0.04
/vol/bitbucket/osella/rl-qecc-data/supervisedLearning/sweep2/g5_mix_66-96-126_H4_s6000.pth	4	6000	8	mixed	[(6, 6), (9, 6), (12, 6)]	True	True	True	False	geometric5	895050	6	6	2026-08-01	mixed_66-96-126	0.023935993090281937	0.02622503833791234	0.0039956592417233075	0.011407035378709487	0.033175005586695984	0.06776590325983488	0.014781588222598037	0.017182101469570527	10.77486126871548	10.111702831361514	0.035546605358249835	1.7504655888713103	0.8270976386929714	0.6422969932622645	0.02
/vol/bitbucket/osella/rl-qecc-data/supervisedLearning/sweep2/g5_mix_66-96-126_H6_s4000.pth	6	4000	8	mixed	[(6, 6), (9, 6), (12, 6)]	True	True	True	False	geometric5	895050	6	6	2026-08-01	mixed_66-96-126	0.023935993090281937	0.028680965662282554	0.004425779124884036	0.013017458023712089	0.0377075342952326	0.07402835237221661	0.014225704495367246	0.017182101469570527	10.87211963214149	10.111702831361514	0.038712562219237474	1.5232185430921235	0.7982659525748051	0.6118975677988296	0.0
/vol/bitbucket/osella/rl-qecc-data/supervisedLearning/sweep2/g5_mix_66-96-126_H7_s1000.pth	7	1000	8	mixed	[(6, 6), (9, 6), (12, 6)]	True	True	True	False	geometric5	895050	6	6	2026-08-01	mixed_66-96-126	0.023935993090281937	0.02782003669737705	0.004328063560537003	0.012498301365834307	0.0361130998440438	0.07142598540527975	0.014734733311190488	0.017182101469570527	10.841347147629106	10.111702831361514	0.03743674486479499	1.6973758214613917	0.8091990077384974	0.6239926886860085	0.02
/vol/bitbucket/osella/rl-qecc-data/supervisedLearning/sweep2/g5_mix_66-96-126_H7_s5000.pth	7	5000	8	mixed	[(6, 6), (9, 6), (12, 6)]	True	True	True	False	geometric5	895050	6	6	2026-08-01	mixed_66-96-126	0.023935993090281937	0.026497781794400824	0.004008654875471409	0.011582403598313805	0.034365849739799614	0.06844736316981667	0.014084637588602778	0.017182101469570527	10.79597826093661	10.111702831361514	0.035887024303511705	1.6273927075618753	0.8274369587600077	0.6426653721449153	0.0
/vol/bitbucket/osella/rl-qecc-data/supervisedLearning/sweep2/g5_mix_66-96_H10_s2000.pth	10	2000	12	mixed	[(6, 6), (9, 6)]	True	True	False	False	geometric5	895050	6	6	2026-08-01	mixed_66-96	0.023935993090281937	0.024220210163108814	0.0034963629675208684	0.010311156830448817	0.03134908942006244	0.06349331258999039	0.012451129007521532	0.017182101469570527	10.682730222584501	10.111702831361514	0.032427177611081034	1.3124963609023266	0.8557040744493052	0.6742834811367814	0.04
/vol/bitbucket/osella/rl-qecc-data/supervisedLearning/sweep2/g5_mix_66-96_H10_s6000.pth	10	6000	12	mixed	[(6, 6), (9, 6)]	True	True	False	False	geometric5	895050	6	6	2026-08-01	mixed_66-96	0.023935993090281937	0.025680970992715532	0.00396306475877935	0.011037242429458607	0.033196229277627304	0.0660033883943414	0.014204930103370992	0.017182101469570527	10.754128032424926	10.111702831361514	0.03426398928203645	1.5982074766057568	0.8363887292938701	0.6520115754691923	0.04
/vol/bitbucket/osella/rl-qecc-data/supervisedLearning/sweep2/g5_mix_66-96_H3_s4000.pth	3	4000	12	mixed	[(6, 6), (9, 6)]	True	True	False	False	geometric5	895050	6	6	2026-08-01	mixed_66-96	0.023935993090281937	0.024885236618331603	0.0037461914283947913	0.01075972380788003	0.032143928940421125	0.06433892776120788	0.013437411153753956	0.017182101469570527	10.707331829426675	10.111702831361514	0.03317543570845936	1.4134798815736398	0.8459246962295552	0.6629071129842542	0.02
/vol/bitbucket/osella/rl-qecc-data/supervisedLearning/sweep2/g5_mix_66-96_H4_s1000.pth	4	1000	12	mixed	[(6, 6), (9, 6)]	True	True	False	False	geometric5	895050	6	6	2026-08-01	mixed_66-96	0.023935993090281937	0.027533532005171744	0.004210818920973166	0.012271907658978091	0.03680903589869991	0.07077586599163023	0.01360003155557728	0.017182101469570527	10.822078446418187	10.111702831361514	0.03687050713126189	1.475634634211492	0.8135791217968711	0.6278669325704119	0.0
/vol/bitbucket/osella/rl-qecc-data/supervisedLearning/sweep2/g5_mix_66-96_H4_s5000.pth	4	5000	12	mixed	[(6, 6), (9, 6)]	True	True	False	False	geometric5	895050	6	6	2026-08-01	mixed_66-96	0.023935993090281937	0.027300640670634486	0.004126407068926703	0.012092320370598993	0.035802429785883036	0.07078917328428029	0.013692872843483432	0.017182101469570527	10.810272690660344	10.111702831361514	0.036894248389436515	1.4667075559186054	0.8120470014737946	0.6270331080650582	0.04
/vol/bitbucket/osella/rl-qecc-data/supervisedLearning/sweep2/g5_mix_66-96_H6_s2000.pth	6	2000	12	mixed	[(6, 6), (9, 6)]	True	True	False	False	geometric5	895050	6	6	2026-08-01	mixed_66-96	0.023935993090281937	0.02505731973917771	0.0036960859471340734	0.010802338260980395	0.03218212807201269	0.06499495019123576	0.013611096224525745	0.017182101469570527	10.72902433255333	10.111702831361514	0.03355421039481287	1.4601478499261022	0.8409715516238394	0.6577596026730963	0.06
/vol/bitbucket/osella/rl-qecc-data/supervisedLearning/sweep2/g5_mix_66-96_H6_s6000.pth	6	6000	12	mixed	[(6, 6), (9, 6)]	True	True	False	False	geometric5	895050	6	6	2026-08-01	mixed_66-96	0.023935993090281937	0.027994102064267216	0.004324222427824644	0.012452137624887583	0.03650803543773435	0.07243600587074389	0.014250108960145441	0.017182101469570527	10.842804493274167	10.111702831361514	0.03779096597745318	1.5253812992461573	0.8042947677927991	0.6178122199048396	0.02
/vol/bitbucket/osella/rl-qecc-data/supervisedLearning/sweep2/g5_mix_66-96_H7_s4000.pth	7	4000	12	mixed	[(6, 6), (9, 6)]	True	True	False	False	geometric5	895050	6	6	2026-08-01	mixed_66-96	0.023935993090281937	0.024845380101113496	0.0037712767123443324	0.010938989948012437	0.03233521201066155	0.06403466798857096	0.013146753845978042	0.017182101469570527	10.7125327987297	10.111702831361514	0.032965089772004914	1.367190648538095	0.8495900447688642	0.6669731856964699	0.0
/vol/bitbucket/osella/rl-qecc-data/supervisedLearning/sweep2/g5_mix_66_H10_s1000.pth	10	1000	24	mixed	[(6, 6)]	True	False	False	False	geometric5	895050	6	6	2026-08-01	mixed_66	0.023935993090281937	0.024270072081245802	0.003641418039515969	0.010342866690120496	0.03172880754979912	0.06303340605896342	0.012603862067830129	0.017182101469570527	10.673344667733454	10.111702831361514	0.03223662213583108	1.3188095459117082	0.8566358561162187	0.6755840151875961	0.02
/vol/bitbucket/osella/rl-qecc-data/supervisedLearning/sweep2/g5_mix_66_H10_s5000.pth	10	5000	24	mixed	[(6, 6)]	True	False	False	False	geometric5	895050	6	6	2026-08-01	mixed_66	0.023935993090281937	0.026598238253088494	0.00406277455710824	0.011878534274722529	0.03474826815721159	0.06953282835545563	0.012768785920944678	0.017182101469570527	10.762401007715678	10.111702831361514	0.03588263440733391	1.329557987026353	0.8242242872311466	0.6397682856322335	0.06
/vol/bitbucket/osella/rl-qecc-data/supervisedLearning/sweep2/g5_mix_66_H3_s2000.pth	3	2000	24	mixed	[(6, 6)]	True	False	False	False	geometric5	895050	6	6	2026-08-01	mixed_66	0.023935993090281937	0.024192610518361284	0.003423676028632296	0.009971516042403126	0.0314374585600597	0.06310078734887214	0.01302961461183912	0.017182101469570527	10.669361822361774	10.111702831361514	0.03227617759454538	1.2935758502807946	0.8538534341920592	0.672434596434343	0.0
/vol/bitbucket/osella/rl-qecc-data/supervisedLearning/sweep2/g5_mix_66_H3_s6000.pth	3	6000	24	mixed	[(6, 6)]	True	False	False	False	geometric5	895050	6	6	2026-08-01	mixed_66	0.023935993090281937	0.02349424454588551	0.003286730548307644	0.009565988546409386	0.02994472375539105	0.061829786161621825	0.012843993717697802	0.017182101469570527	10.637629436176686	10.111702831361514	0.03141534529903546	1.3785673948791626	0.8605370343625335	0.6803022868400358	0.04
/vol/bitbucket/osella/rl-qecc-data/supervisedLearning/sweep2/g5_mix_66_H4_s4000.pth	4	4000	24	mixed	[(6, 6)]	True	False	False	False	geometric5	895050	6	6	2026-08-01	mixed_66	0.023935993090281937	0.024365470959028034	0.0036712135989386994	0.01053308890974287	0.031491683140970936	0.06334175541774503	0.012789613727742576	0.017182101469570527	10.694681412438861	10.111702831361514	0.03243423528949532	1.328795925327589	0.8518359660212952	0.6701000320283637	0.02
/vol/bitbucket/osella/rl-qecc-data/supervisedLearning/sweep2/g5_mix_66_H6_s1000.pth	6	1000	24	mixed	[(6, 6)]	True	False	False	False	geometric5	895050	6	6	2026-08-01	mixed_66	0.023935993090281937	0.024217046669180016	0.0034485601995699693	0.009930902381705386	0.031068525349907783	0.06336807966221077	0.013269165752506097	0.017182101469570527	10.670835829139333	10.111702831361514	0.03238033070981988	1.3525109070169548	0.853816861173953	0.6721484029598814	0.02
/vol/bitbucket/osella/rl-qecc-data/supervisedLearning/sweep2/g5_mix_66_H6_s5000.pth	6	5000	24	mixed	[(6, 6)]	True	False	False	False	geometric5	895050	6	6	2026-08-01	mixed_66	0.023935993090281937	0.0238806062947295	0.003357347250081188	0.009731478550345217	0.031053675248800185	0.06235163327289404	0.012908897151526873	0.017182101469570527	10.653711839202447	10.111702831361514	0.031839545441519124	1.309430738133789	0.8574261390617268	0.6767442057722174	0.04
/vol/bitbucket/osella/rl-qecc-data/supervisedLearning/sweep2/g5_mix_66_H7_s2000.pth	7	2000	24	mixed	[(6, 6)]	True	False	False	False	geometric5	895050	6	6	2026-08-01	mixed_66	0.023935993090281937	0.02434497513310485	0.003504384645872028	0.010176784055660396	0.030951516957275924	0.0643319085147599	0.012760281491956037	0.017182101469570527	10.678869647154112	10.111702831361514	0.0327925322895534	1.3129754473981787	0.856857383183806	0.6757908379025968	0.06
/vol/bitbucket/osella/rl-qecc-data/supervisedLearning/sweep2/g5_mix_66_H7_s6000.pth	7	6000	24	mixed	[(6, 6)]	True	False	False	False	geometric5	895050	6	6	2026-08-01	mixed_66	0.023935993090281937	0.023936173922667663	0.003305526218984208	0.009780718955032446	0.030673324928281273	0.06313861479424789	0.0127826847167925	0.017182101469570527	10.674376882877839	10.111702831361514	0.032106306158121274	1.3064083233996282	0.8543205928894638	0.6728958424108364	0.04
/vol/bitbucket/osella/rl-qecc-data/supervisedLearning/sweep2/g5_ground_anch_H10_s4000.pth	10	4000	2	groundAnchored	[(6, 6), (9, 6), (12, 6), (15, 3)]	True	True	True	True	geometric5	2745740	9	6	2026-08-01	groundAnchored_66-96-126-153	0.023244236778233764	0.04190125650633307	0.002402339844972198	0.009296270459767277	0.0395275452539626	0.13212292368803596	0.02615720328492727	0.01659652682560746	9.959336711143358	8.67519330798223	0.06530326533835863	1.5689552170593992	0.6441754928728642	0.46335069303866877	0.02
/vol/bitbucket/osella/rl-qecc-data/supervisedLearning/sweep2/g5_ground_anch_H3_s1000.pth	3	1000	2	groundAnchored	[(6, 6), (9, 6), (12, 6), (15, 3)]	True	True	True	True	geometric5	2745740	9	6	2026-08-01	groundAnchored_66-96-126-153	0.023244236778233764	0.039350910341890435	0.0023278775460581222	0.007971474614634726	0.03579048974199955	0.1256147849432073	0.025049924863552737	0.01659652682560746	9.84028471903226	8.67519330798223	0.061134479011204154	1.5980284492058574	0.7171109100448504	0.5276959701311739	0.0
/vol/bitbucket/osella/rl-qecc-data/supervisedLearning/sweep2/g5_ground_anch_H3_s5000.pth	3	5000	2	groundAnchored	[(6, 6), (9, 6), (12, 6), (15, 3)]	True	True	True	True	geometric5	2745740	9	6	2026-08-01	groundAnchored_66-96-126-153	0.023244236778233764	0.04040851117115153	0.002243134886082881	0.0079297577869204	0.03351932669935548	0.13325478225573165	0.02509555422766725	0.01659652682560746	9.830284806368066	8.67519330798223	0.06336326529228525	1.5966156544717718	0.734887255117859	0.5433621582197752	0.02
/vol/bitbucket/osella/rl-qecc-data/supervisedLearning/sweep2/g5_ground_anch_H4_s2000.pth	4	2000	2	groundAnchored	[(6, 6), (9, 6), (12, 6), (15, 3)]	True	True	True	True	geometric5	2745740	9	6	2026-08-01	groundAnchored_66-96-126-153	0.023244236778233764	0.04968049765246785	0.003512046431025386	0.011443530619880515	0.042286047652193286	0.16571962503530135	0.025441238523938675	0.01659652682560746	10.237184494191377	8.67519330798223	0.07939441148472832	1.6109902177698086	0.6518174083291366	0.47604871647710456	0.0
/vol/bitbucket/osella/rl-qecc-data/supervisedLearning/sweep2/g5_ground_anch_H4_s6000.pth	4	6000	2	groundAnchored	[(6, 6), (9, 6), (12, 6), (15, 3)]	True	True	True	True	geometric5	2745740	9	6	2026-08-01	groundAnchored_66-96-126-153	0.023244236778233764	0.04561700187751822	0.0016014147375235435	0.006156491054661488	0.0362333025613023	0.15899734643225094	0.02509645460185295	0.01659652682560746	10.108865163176395	8.67519330798223	0.07607143207422659	1.6209520783277076	0.7071095396888966	0.5188964433343988	0.0
/vol/bitbucket/osella/rl-qecc-data/supervisedLearning/sweep2/g5_ground_anch_H6_s4000.pth	6	4000	2	groundAnchored	[(6, 6), (9, 6), (12, 6), (15, 3)]	True	True	True	True	geometric5	2745740	9	6	2026-08-01	groundAnchored_66-96-126-153	0.023244236778233764	0.03546832349595007	0.002259368609346243	0.007351921564845762	0.035286616503243225	0.1074974502297501	0.024946260572565156	0.01659652682560746	9.761232686867848	8.67519330798223	0.05337281319050451	1.5985478636234876	0.722916482488349	0.5324057304430527	0.0
/vol/bitbucket/osella/rl-qecc-data/supervisedLearning/sweep2/g5_ground_anch_H7_s1000.pth	7	1000	2	groundAnchored	[(6, 6), (9, 6), (12, 6), (15, 3)]	True	True	True	True	geometric5	2745740	9	6	2026-08-01	groundAnchored_66-96-126-153	0.023244236778233764	0.036396051675868506	0.002600734126578452	0.009132018485432054	0.03717187359975454	0.1079307937867886	0.025144838380788986	0.01659652682560746	9.82277686929123	8.67519330798223	0.05308401982665896	1.6116141386769554	0.6972202129075308	0.5102182313271683	0.0
/vol/bitbucket/osella/rl-qecc-data/supervisedLearning/sweep2/g5_ground_anch_H7_s5000.pth	7	5000	2	groundAnchored	[(6, 6), (9, 6), (12, 6), (15, 3)]	True	True	True	True	geometric5	2745740	9	6	2026-08-01	groundAnchored_66-96-126-153	0.023244236778233764	0.04096156346289272	0.0020839244689994673	0.007718276975826367	0.03385220710558545	0.1355837031130812	0.02556970565097094	0.01659652682560746	9.932504876291523	8.67519330798223	0.06481029818089686	1.591016885458082	0.7206020059520324	0.5306677991312264	0.02
/vol/bitbucket/osella/rl-qecc-data/supervisedLearning/sweep2/g5_ground_pure_H10_s2000.pth	10	2000	2	groundPure	[(6, 6), (9, 6), (12, 6), (15, 3)]	True	True	True	True	geometric5	2745740	9	6	2026-08-01	groundPure_66-96-126-153	0.023244236778233764	0.0424907690985936	0.001397880981902558	0.005755227085300898	0.03680786213035343	0.14375499900026495	0.024737876295145848	0.01659652682560746	10.092995525909615	8.67519330798223	0.06779743667661961	1.608670528844795	0.7302708286462949	0.5382810852048111	0.02
/vol/bitbucket/osella/rl-qecc-data/supervisedLearning/sweep2/g5_ground_pure_H10_s6000.pth	10	6000	2	groundPure	[(6, 6), (9, 6), (12, 6), (15, 3)]	True	True	True	True	geometric5	2745740	9	6	2026-08-01	groundPure_66-96-126-153	0.023244236778233764	0.03999194400665756	0.0025481259608310415	0.009810350625908784	0.04318085576167554	0.11877785158531592	0.02564253609955645	0.01659652682560746	9.946963203002994	8.67519330798223	0.058012504777652435	1.6208113195811278	0.6140869593385442	0.4374880780552664	0.0
/vol/bitbucket/osella/rl-qecc-data/supervisedLearning/sweep2/g5_ground_pure_H3_s4000.pth	3	4000	2	groundPure	[(6, 6), (9, 6), (12, 6), (15, 3)]	True	True	True	True	geometric5	2745740	9	6	2026-08-01	groundPure_66-96-126-153	0.023244236778233764	0.05301586986016786	0.0018806073230845306	0.00692453298457732	0.03719348515641687	0.1942567714410335	0.024823952395726896	0.01659652682560746	10.411305700448148	8.67519330798223	0.09045086510333576	1.610603422401427	0.69782706307305	0.5094369014030974	0.0
/vol/bitbucket/osella/rl-qecc-data/supervisedLearning/sweep2/g5_ground_pure_H4_s1000.pth	4	1000	2	groundPure	[(6, 6), (9, 6), (12, 6), (15, 3)]	True	True	True	True	geometric5	2745740	9	6	2026-08-01	groundPure_66-96-126-153	0.023244236778233764	0.05118317828402442	0.002607379773273273	0.009664273826765962	0.03915519713604486	0.17966147157686094	0.02482756910717678	0.01659652682560746	10.375244016627041	8.67519330798223	0.08391607627628879	1.6058558009915407	0.6701765711180763	0.48694244642181067	0.06
/vol/bitbucket/osella/rl-qecc-data/supervisedLearning/sweep2/g5_ground_pure_H4_s5000.pth	4	5000	2	groundPure	[(6, 6), (9, 6), (12, 6), (15, 3)]	True	True	True	True	geometric5	2745740	9	6	2026-08-01	groundPure_66-96-126-153	0.023244236778233764	0.0471827666091708	0.0015053566483162906	0.006161192748213095	0.03644977427335124	0.16826541447306959	0.023532094902904026	0.01659652682560746	10.165115014245304	8.67519330798223	0.07904272702505395	1.3459541757636526	0.7044952869944922	0.5162758183105128	0.1
/vol/bitbucket/osella/rl-qecc-data/supervisedLearning/sweep2/g5_ground_pure_H6_s2000.pth	6	2000	2	groundPure	[(6, 6), (9, 6), (12, 6), (15, 3)]	True	True	True	True	geometric5	2745740	9	6	2026-08-01	groundPure_66-96-126-153	0.023244236778233764	0.05088728545194635	0.0015434706170269269	0.005954980505533685	0.03880086548754642	0.18346270642495047	0.024674404224674776	0.01659652682560746	10.416334168938704	8.67519330798223	0.08710220497641576	1.5728499102352984	0.6835322903876268	0.496862489651337	0.02
/vol/bitbucket/osella/rl-qecc-data/supervisedLearning/sweep2/g5_ground_pure_H6_s6000.pth	6	6000	2	groundPure	[(6, 6), (9, 6), (12, 6), (15, 3)]	True	True	True	True	geometric5	2745740	9	6	2026-08-01	groundPure_66-96-126-153	0.023244236778233764	0.05201648730976512	0.002079471923110823	0.007728904074850657	0.04245389838662708	0.18338956910509846	0.02443059305913814	0.01659652682560746	10.467657589940574	8.67519330798223	0.08626922781433992	1.584604447220902	0.6297286074799712	0.4534152989051739	0.04
/vol/bitbucket/osella/rl-qecc-data/supervisedLearning/sweep2/g5_ground_pure_H7_s4000.pth	7	4000	2	groundPure	[(6, 6), (9, 6), (12, 6), (15, 3)]	True	True	True	True	geometric5	2745740	9	6	2026-08-01	groundPure_66-96-126-153	0.023244236778233764	0.035308062975778445	0.0017232685803393114	0.006615658393940073	0.03505059714400785	0.10871917587730874	0.024431614883296485	0.01659652682560746	9.786695638930915	8.67519330798223	0.0541021454333131	1.538529280544806	0.7018978644307501	0.5118780940363236	0.0
/vol/bitbucket/osella/rl-qecc-data/supervisedLearning/sweep2/g5_mix_66-96-126-153_H10_s1000.pth	10	1000	6	mixed	[(6, 6), (9, 6), (12, 6), (15, 3)]	True	True	True	True	geometric5	2745740	9	6	2026-08-01	mixed_66-96-126-153	0.023244236778233764	0.026246117730635343	0.0017230636666686863	0.00582703134083587	0.028357910332174885	0.07011579569955459	0.025206787613942485	0.01659652682560746	9.339629448369148	8.67519330798223	0.03854304461525609	1.5954153503717676	0.7840104677179782	0.5898993967424864	0.02
/vol/bitbucket/osella/rl-qecc-data/supervisedLearning/sweep2/g5_mix_66-96-126-153_H10_s5000.pth	10	5000	6	mixed	[(6, 6), (9, 6), (12, 6), (15, 3)]	True	True	True	True	geometric5	2745740	9	6	2026-08-01	mixed_66-96-126-153	0.023244236778233764	0.026201314465944522	0.0018933398175402815	0.006168012462875422	0.02935298850573941	0.06940746202475001	0.024184769518817564	0.01659652682560746	9.339397156293366	8.67519330798223	0.03791266303019543	1.4515007251617742	0.7802628712771772	0.586305229144775	0.08
/vol/bitbucket/osella/rl-qecc-data/supervisedLearning/sweep2/g5_mix_66-96-126-153_H3_s2000.pth	3	2000	6	mixed	[(6, 6), (9, 6), (12, 6), (15, 3)]	True	True	True	True	geometric5	2745740	9	6	2026-08-01	mixed_66-96-126-153	0.023244236778233764	0.025601476618907798	0.0017211700826791233	0.0056945586389613445	0.027812555387909218	0.06762340804173347	0.025155690943255798	0.01659652682560746	9.331126300318408	8.67519330798223	0.03753516363668892	1.575542181917958	0.7833206921265156	0.5892206919218108	0.02
/vol/bitbucket/osella/rl-qecc-data/supervisedLearning/sweep2/g5_mix_66-96-126-153_H3_s6000.pth	3	6000	6	mixed	[(6, 6), (9, 6), (12, 6), (15, 3)]	True	True	True	True	geometric5	2745740	9	6	2026-08-01	mixed_66-96-126-153	0.023244236778233764	0.026323091509307676	0.001815258422780145	0.006136428795393448	0.030007749912622166	0.06950702449158695	0.0241489959241557	0.01659652682560746	9.33778932000695	8.67519330798223	0.0380805939927288	1.4665024167124434	0.7805200277786009	0.586592310121464	0.0
/vol/bitbucket/osella/rl-qecc-data/supervisedLearning/sweep2/g5_mix_66-96-126-153_H4_s4000.pth	4	4000	6	mixed	[(6, 6), (9, 6), (12, 6), (15, 3)]	True	True	True	True	geometric5	2745740	9	6	2026-08-01	mixed_66-96-126-153	0.023244236778233764	0.025500249387859105	0.0017246713905709034	0.005773850804333664	0.027639226159152874	0.06740629370207166	0.024957204883166734	0.01659652682560746	9.315943672460625	8.67519330798223	0.037393945451357206	1.5756272926687065	0.7850928443952103	0.5909482928111074	0.04
/vol/bitbucket/osella/rl-qecc-data/supervisedLearning/sweep2/g5_mix_66-96-126-153_H6_s1000.pth	6	1000	6	mixed	[(6, 6), (9, 6), (12, 6), (15, 3)]	True	True	True	True	geometric5	2745740	9	6	2026-08-01	mixed_66-96-126-153	0.023244236778233764	0.025487263657774546	0.001613996892510149	0.005353156898104949	0.027758771110101416	0.06726528125274413	0.025445112135412316	0.01659652682560746	9.321857572384134	8.67519330798223	0.03733611011122653	1.5375202463747684	0.7884504118867584	0.594363041489711	0.16
/vol/bitbucket/osella/rl-qecc-data/supervisedLearning/sweep2/g5_mix_66-96-126-153_H6_s5000.pth	6	5000	6	mixed	[(6, 6), (9, 6), (12, 6), (15, 3)]	True	True	True	True	geometric5	2745740	9	6	2026-08-01	mixed_66-96-126-153	0.023244236778233764	0.025167383635257595	0.0016965034522822458	0.0055519130119946105	0.027629263808664453	0.06616583686750846	0.02479340103583828	0.01659652682560746	9.306115312035583	8.67519330798223	0.036504441135030374	1.4990784640570287	0.7948524344926244	0.6008476109259363	0.06
/vol/bitbucket/osella/rl-qecc-data/supervisedLearning/sweep2/g5_mix_66-96-126-153_H7_s2000.pth	7	2000	6	mixed	[(6, 6), (9, 6), (12, 6), (15, 3)]	True	True	True	True	geometric5	2745740	9	6	2026-08-01	mixed_66-96-126-153	0.023244236778233764	0.02512432021819731	0.0016157129003287714	0.005512902380510505	0.027523786320605717	0.0664834205138547	0.024485778975686767	0.01659652682560746	9.309991089438837	8.67519330798223	0.03670667548920592	1.5876334621418335	0.7934312201240792	0.5996988186595764	0.02
/vol/bitbucket/osella/rl-qecc-data/supervisedLearning/sweep2/g5_mix_66-96-126-153_H7_s6000.pth	7	6000	6	mixed	[(6, 6), (9, 6), (12, 6), (15, 3)]	True	True	True	True	geometric5	2745740	9	6	2026-08-01	mixed_66-96-126-153	0.023244236778233764	0.025539526755916284	0.0018964695568376658	0.006327512458268152	0.029168801906688933	0.06643956548809997	0.023865284369686924	0.01659652682560746	9.306386216738032	8.67519330798223	0.036592167922313255	1.3752889157423482	0.8018019766264366	0.6085770437167316	0.04
/vol/bitbucket/osella/rl-qecc-data/supervisedLearning/sweep2/g5_mix_66-96-126_H10_s4000.pth	10	4000	8	mixed	[(6, 6), (9, 6), (12, 6)]	True	True	True	False	geometric5	2745740	9	6	2026-08-01	mixed_66-96-126	0.023244236778233764	0.02594073218461339	0.0021217705777276364	0.006957876769163611	0.03166675916225881	0.06710794490123195	0.02184930951268487	0.01659652682560746	9.312844553654006	8.67519330798223	0.036196367016846136	1.1602059373544331	0.8037732349947951	0.611566846243429	0.1
/vol/bitbucket/osella/rl-qecc-data/supervisedLearning/sweep2/g5_mix_66-96-126_H3_s1000.pth	3	1000	8	mixed	[(6, 6), (9, 6), (12, 6)]	True	True	True	False	geometric5	2745740	9	6	2026-08-01	mixed_66-96-126	0.023244236778233764	0.025425402979006965	0.001757507468954351	0.005806260704399975	0.027697355665161936	0.06682138420875118	0.02504450684776741	0.01659652682560746	9.303802460211111	8.67519330798223	0.036973125421572474	1.5170764642074654	0.7903360904453857	0.5959621958818289	0.02
/vol/bitbucket/osella/rl-qecc-data/supervisedLearning/sweep2/g5_mix_66-96-126_H3_s5000.pth	3	5000	8	mixed	[(6, 6), (9, 6), (12, 6)]	True	True	True	False	geometric5	2745740	9	6	2026-08-01	mixed_66-96-126	0.023244236778233764	0.02502859108954011	0.001661502977929641	0.005742282037997375	0.027900399059970715	0.06605096328428497	0.023787808087518104	0.01659652682560746	9.301166823283411	8.67519330798223	0.03634858152612179	1.377702085415733	0.8016764643040739	0.6085505689336624	0.06
/vol/bitbucket/osella/rl-qecc-data/supervisedLearning/sweep2/g5_mix_66-96-126_H4_s2000.pth	4	2000	8	mixed	[(6, 6), (9, 6), (12, 6)]	True	True	True	False	geometric5	2745740	9	6	2026-08-01	mixed_66-96-126	0.023244236778233764	0.025649844541501095	0.001730634053817831	0.005749927558243146	0.027610126693092627	0.06827718143843135	0.024881352963920404	0.01659652682560746	9.314499779824498	8.67519330798223	0.03780547911354807	1.6118620753950799	0.7866027477490234	0.592377828410574	0.02
/vol/bitbucket/osella/rl-qecc-data/supervisedLearning/sweep2/g5_mix_66-96-126_H4_s6000.pth	4	6000	8	mixed	[(6, 6), (9, 6), (12, 6)]	True	True	True	False	geometric5	2745740	9	6	2026-08-01	mixed_66-96-126	0.023244236778233764	0.025528639586686826	0.0018690082264253	0.006010968623960254	0.02790200241315272	0.0668392855296129	0.02502193314028304	0.01659652682560746	9.314044429405191	8.67519330798223	0.03715550081265607	1.60572348299648	0.7871080482371966	0.5931109525632745	0.06
/vol/bitbucket/osella/rl-qecc-data/supervisedLearning/sweep2/g5_mix_66-96-126_H6_s4000.pth	6	4000	8	mixed	[(6, 6), (9, 6), (12, 6)]	True	True	True	False	geometric5	2745740	9	6	2026-08-01	mixed_66-96-126	0.023244236778233764	0.025419521025921894	0.0019025927721336286	0.00633912663495234	0.03004118239868337	0.06710742546970674	0.021707277854133095	0.01659652682560746	9.304796671111179	8.67519330798223	0.035978834506116886	1.1241152528941099	0.8010940918867323	0.6089666074200456	0.02
/vol/bitbucket/osella/rl-qecc-data/supervisedLearning/sweep2/g5_mix_66-96-126_H7_s1000.pth	7	1000	8	mixed	[(6, 6), (9, 6), (12, 6)]	True	True	True	False	geometric5	2745740	9	6	2026-08-01	mixed_66-96-126	0.023244236778233764	0.02527396649717974	0.0017800887842528606	0.005855497009519514	0.02834652921323336	0.06696872622602876	0.023418991252864167	0.01659652682560746	9.300378001925608	8.67519330798223	0.03633042553015092	1.3026572986559701	0.7996647866447415	0.6065499821170867	0.04
/vol/bitbucket/osella/rl-qecc-data/supervisedLearning/sweep2/g5_mix_66-96-126_H7_s5000.pth	7	5000	8	mixed	[(6, 6), (9, 6), (12, 6)]	True	True	True	False	geometric5	2745740	9	6	2026-08-01	mixed_66-96-126	0.023244236778233764	0.024070156653602806	0.0016933178275212787	0.0057088804517659375	0.027728559661348788	0.06342309279743083	0.021796932529947105	0.01659652682560746	9.269308942168257	8.67519330798223	0.03438982135429043	1.230857353184113	0.8204852302430219	0.6294642324191596	0.02
/vol/bitbucket/osella/rl-qecc-data/supervisedLearning/sweep2/g5_mix_66-96_H10_s2000.pth	10	2000	12	mixed	[(6, 6), (9, 6)]	True	True	False	False	geometric5	2745740	9	6	2026-08-01	mixed_66-96	0.023244236778233764	0.02276419733891634	0.0014963641112263927	0.005242900446367909	0.027599755125978398	0.06019429390441928	0.01928767310658975	0.01659652682560746	9.231128526868694	8.67519330798223	0.03175281494090312	0.9743293832808971	0.845017788229109	0.657189096689864	0.04
/vol/bitbucket/osella/rl-qecc-data/supervisedLearning/sweep2/g5_mix_66-96_H10_s6000.pth	10	6000	12	mixed	[(6, 6), (9, 6)]	True	True	False	False	geometric5	2745740	9	6	2026-08-01	mixed_66-96	0.023244236778233764	0.02423361255751801	0.0019100411589216659	0.00597226627206347	0.02800828277825554	0.0633574091023544	0.021920063475995004	0.01659652682560746	9.253905406802076	8.67519330798223	0.033812075202476595	1.1669455306733898	0.8284724348638598	0.6375302058131253	0.0
/vol/bitbucket/osella/rl-qecc-data/supervisedLearning/sweep2/g5_mix_66-96_H3_s4000.pth	3	4000	12	mixed	[(6, 6), (9, 6)]	True	True	False	False	geometric5	2745740	9	6	2026-08-01	mixed_66-96	0.023244236778233764	0.023144445285560408	0.0017092861824605926	0.005641275609663161	0.027068537292272665	0.06101933698304571	0.02028379036036	0.01659652682560746	9.226472654951433	8.67519330798223	0.03229682758838832	1.0235102061525492	0.8390187526922347	0.6505248034791011	0.04
/vol/bitbucket/osella/rl-qecc-data/supervisedLearning/sweep2/g5_mix_66-96_H4_s1000.pth	4	1000	12	mixed	[(6, 6), (9, 6)]	True	True	False	False	geometric5	2745740	9	6	2026-08-01	mixed_66-96	0.023244236778233764	0.02456175333595892	0.0017845486402090207	0.005973581962179866	0.02921645997187417	0.06478060561183509	0.021053570493696418	0.01659652682560746	9.273783526060486	8.67519330798223	0.034493025319351465	1.098230461035133	0.8180036097188554	0.6266517798431088	0.02
/vol/bitbucket/osella/rl-qecc-data/supervisedLearning/sweep2/g5_mix_66-96_H4_s5000.pth	4	5000	12	mixed	[(6, 6), (9, 6)]	True	True	False	False	geometric5	2745740	9	6	2026-08-01	mixed_66-96	0.023244236778233764	0.024470807582225383	0.0016934109248851084	0.0057260320763139454	0.02875123690742082	0.06531227743911946	0.02087108056338743	0.01659652682560746	9.274612458277126	8.67519330798223	0.03470464453329871	1.0644669014401247	0.8149208009210509	0.6234624057946274	0.08
/vol/bitbucket/osella/rl-qecc-data/supervisedLearning/sweep2/g5_mix_66-96_H6_s2000.pth	6	2000	12	mixed	[(6, 6), (9, 6)]	True	True	False	False	geometric5	2745740	9	6	2026-08-01	mixed_66-96	0.023244236778233764	0.023477454167646416	0.0015522493698817337	0.005300007685823024	0.02718388774047999	0.06234701035254123	0.0210041156895058	0.01659652682560746	9.253940535564343	8.67519330798223	0.03323956346908343	1.0730669738970902	0.8318424692772909	0.6420368976173337	0.08
/vol/bitbucket/osella/rl-qecc-data/supervisedLearning/sweep2/g5_mix_66-96_H6_s6000.pth	6	6000	12	mixed	[(6, 6), (9, 6)]	True	True	False	False	geometric5	2745740	9	6	2026-08-01	mixed_66-96	0.023244236778233764	0.02553426353575173	0.001966930883785612	0.006268559840714877	0.029650671141495572	0.06772148193681657	0.02206367387594588	0.01659652682560746	9.300147195711919	8.67519330798223	0.03603000368093205	1.1493505686416245	0.8059265738025584	0.613436907138677	0.02
/vol/bitbucket/osella/rl-qecc-data/supervisedLearning/sweep2/g5_mix_66-96_H7_s4000.pth	7	4000	12	mixed	[(6, 6), (9, 6)]	True	True	False	False	geometric5	2745740	9	6	2026-08-01	mixed_66-96	0.023244236778233764	0.02331346777106651	0.0018199364443729179	0.005934647462655632	0.02730957240004599	0.061115106583807435	0.0203880759644503	0.01659652682560746	9.22951852247455	8.67519330798223	0.03242272699028888	1.022466883249984	0.8384882037642418	0.6495998405046849	0.08
/vol/bitbucket/osella/rl-qecc-data/supervisedLearning/sweep2/g5_mix_66_H10_s1000.pth	10	1000	24	mixed	[(6, 6)]	True	False	False	False	geometric5	2745740	9	6	2026-08-01	mixed_66	0.023244236778233764	0.04387849857569293	0.004047596955394926	0.013541159398472703	0.04731355419284332	0.12879852432212507	0.025691658009628755	0.01659652682560746	10.130611134876455	8.67519330798223	0.06446747422370394	1.8199628907563181	0.6374324384320621	0.46459523442102096	0.0
/vol/bitbucket/osella/rl-qecc-data/supervisedLearning/sweep2/g5_mix_66_H10_s5000.pth	10	5000	24	mixed	[(6, 6)]	True	False	False	False	geometric5	2745740	9	6	2026-08-01	mixed_66	0.023244236778233764	0.04612014819430328	0.005648865670675908	0.018270612369193386	0.05578675251550525	0.12541217385608844	0.025482336560053453	0.01659652682560746	10.257308167858108	8.67519330798223	0.0637217827279835	2.135407479562782	0.6062644778106705	0.442442144658489	0.0
/vol/bitbucket/osella/rl-qecc-data/supervisedLearning/sweep2/g5_mix_66_H3_s2000.pth	3	2000	24	mixed	[(6, 6)]	True	False	False	False	geometric5	2745740	9	6	2026-08-01	mixed_66	0.023244236778233764	0.04872139335966522	0.002232275364757725	0.0077278482134241966	0.037744610106591324	0.17001662465301504	0.025885608460537727	0.01659652682560746	10.371068771514146	8.67519330798223	0.08004835973468581	1.9458130627561436	0.6527048592621826	0.4722145638498873	0.0
/vol/bitbucket/osella/rl-qecc-data/supervisedLearning/sweep2/g5_mix_66_H3_s6000.pth	3	6000	24	mixed	[(6, 6)]	True	False	False	False	geometric5	2745740	9	6	2026-08-01	mixed_66	0.023244236778233764	0.04571030895820622	0.003510182717336214	0.011149127330694097	0.04382633103751675	0.14407172550536013	0.025994178200124462	0.01659652682560746	10.30029370033569	8.67519330798223	0.06991897468011965	2.121314296351804	0.6155776020477577	0.4450205819458635	0.0
/vol/bitbucket/osella/rl-qecc-data/supervisedLearning/sweep2/g5_mix_66_H4_s4000.pth	4	4000	24	mixed	[(6, 6)]	True	False	False	False	geometric5	2745740	9	6	2026-08-01	mixed_66	0.023244236778233764	0.038502930049076844	0.003533820777637804	0.011601220478439445	0.04260638589575831	0.10894827079418676	0.02582495229936201	0.01659652682560746	9.958542116647946	8.67519330798223	0.055196238361620346	1.8900425506181735	0.6472218329674918	0.47110168726445323	0.02
/vol/bitbucket/osella/rl-qecc-data/supervisedLearning/sweep2/g5_mix_66_H6_s1000.pth	6	1000	24	mixed	[(6, 6)]	True	False	False	False	geometric5	2745740	9	6	2026-08-01	mixed_66	0.023244236778233764	0.048147395961975134	0.0033430879021170623	0.010558024669052398	0.0409931934034329	0.15917722599563472	0.02666544783963806	0.01659652682560746	10.255463938831747	8.67519330798223	0.0772786439184054	1.861849299833891	0.6311698737487585	0.4562411938173341	0.0
/vol/bitbucket/osella/rl-qecc-data/supervisedLearning/sweep2/g5_mix_66_H6_s5000.pth	6	5000	24	mixed	[(6, 6)]	True	False	False	False	geometric5	2745740	9	6	2026-08-01	mixed_66	0.023244236778233764	0.047458407276363766	0.005937545604407762	0.018383037897463324	0.05682875832789128	0.13074785891083568	0.025394835641220564	0.01659652682560746	10.387913215365721	8.67519330798223	0.06516556880319249	2.1865466235354325	0.601865447738824	0.43658304436584033	0.0
/vol/bitbucket/osella/rl-qecc-data/supervisedLearning/sweep2/g5_mix_66_H7_s2000.pth	7	2000	24	mixed	[(6, 6)]	True	False	False	False	geometric5	2745740	9	6	2026-08-01	mixed_66	0.023244236778233764	0.04769867491601971	0.008561264583294998	0.026752172095232386	0.07582674277749628	0.10065370192798262	0.026699493196092217	0.01659652682560746	11.053140974843839	8.67519330798223	0.058894176580536535	3.95928888016982	0.533992626134565	0.381589248853265	0.02
/vol/bitbucket/osella/rl-qecc-data/supervisedLearning/sweep2/g5_mix_66_H7_s6000.pth	7	6000	24	mixed	[(6, 6)]	True	False	False	False	geometric5	2745740	9	6	2026-08-01	mixed_66	0.023244236778233764	0.0452083535973434	0.003040496801545892	0.009743122873769086	0.041007544308594046	0.14591082229183858	0.026339781710969363	0.01659652682560746	10.170781026870404	8.67519330798223	0.07158996370225118	1.8288420753567416	0.6166154569795924	0.44429090864140663	0.02
/vol/bitbucket/osella/rl-qecc-data/supervisedLearning/sweep2/g5_ground_anch_H10_s4000.pth	10	4000	2	groundAnchored	[(6, 6), (9, 6), (12, 6), (15, 3)]	True	True	True	True	geometric5	18402947	5	15	2026-08-01	groundAnchored_66-96-126-153	0.020443871784302178	0.06831778138615974	0.007996723030132267	0.023663546301587027	0.07201321729500723	0.19888391524234036	0.039031505061731406	0.018820342920139812	12.179552475739426	9.340422154314146	0.08884344233977272	2.637066857616612	0.39299704180645917	0.2718043388508321	0.0
/vol/bitbucket/osella/rl-qecc-data/supervisedLearning/sweep2/g5_ground_anch_H3_s1000.pth	3	1000	2	groundAnchored	[(6, 6), (9, 6), (12, 6), (15, 3)]	True	True	True	True	geometric5	18402947	5	15	2026-08-01	groundAnchored_66-96-126-153	0.020443871784302178	0.0743806933718445	0.01154597219545469	0.032059001854903166	0.09025401096550047	0.19435349388622297	0.04369098795713965	0.018820342920139812	13.293391776332584	9.340422154314146	0.09004474921001228	2.8329302795923996	0.38746603023016524	0.27246109943590757	0.0
/vol/bitbucket/osella/rl-qecc-data/supervisedLearning/sweep2/g5_ground_anch_H3_s5000.pth	3	5000	2	groundAnchored	[(6, 6), (9, 6), (12, 6), (15, 3)]	True	True	True	True	geometric5	18402947	5	15	2026-08-01	groundAnchored_66-96-126-153	0.020443871784302178	0.09049580758973647	0.005380378445632308	0.017181637694565068	0.08269831417720765	0.3064008165292879	0.040817891101990904	0.018820342920139812	13.9686442320819	9.340422154314146	0.1405430816694289	2.8310200861322414	0.4346925465300692	0.3049501994886345	0.02
/vol/bitbucket/osella/rl-qecc-data/supervisedLearning/sweep2/g5_ground_anch_H4_s2000.pth	4	2000	2	groundAnchored	[(6, 6), (9, 6), (12, 6), (15, 3)]	True	True	True	True	geometric5	18402947	5	15	2026-08-01	groundAnchored_66-96-126-153	0.020443871784302178	0.06738700193788574	0.015268949142732087	0.04548656371001784	0.12617388981003	0.10399869857288127	0.04600690845376923	0.018820342920139812	14.560267732231026	9.340422154314146	0.062191498633362714	7.376718259572495	0.20862505173830198	0.14535893689714077	0.0
/vol/bitbucket/osella/rl-qecc-data/supervisedLearning/sweep2/g5_ground_anch_H4_s6000.pth	4	6000	2	groundAnchored	[(6, 6), (9, 6), (12, 6), (15, 3)]	True	True	True	True	geometric5	18402947	5	15	2026-08-01	groundAnchored_66-96-126-153	0.020443871784302178	0.1025969180128672	0.005684607823745236	0.017741449532123338	0.08241735402004041	0.3679190855680242	0.03922209312040331	0.018820342920139812	14.98189800657145	9.340422154314146	0.17161781347896157	2.704819806992491	0.35345631781382114	0.2426650175602308	0.0
/vol/bitbucket/osella/rl-qecc-data/supervisedLearning/sweep2/g5_ground_anch_H6_s4000.pth	6	4000	2	groundAnchored	[(6, 6), (9, 6), (12, 6), (15, 3)]	True	True	True	True	geometric5	18402947	5	15	2026-08-01	groundAnchored_66-96-126-153	0.020443871784302178	0.09127574637395566	0.005580772672526688	0.01607943686475239	0.08115383896698511	0.3129417889305705	0.04062289443494452	0.018820342920139812	14.111190451982623	9.340422154314146	0.14345703867402224	2.579375171535357	0.47950426686435105	0.33627794101574876	0.0
/vol/bitbucket/osella/rl-qecc-data/supervisedLearning/sweep2/g5_ground_anch_H7_s1000.pth	7	1000	2	groundAnchored	[(6, 6), (9, 6), (12, 6), (15, 3)]	True	True	True	True	geometric5	18402947	5	15	2026-08-01	groundAnchored_66-96-126-153	0.020443871784302178	0.05477265544167718	0.004788797467551367	0.016294767604058232	0.07020535399816727	0.14045264017499953	0.04212171796360979	0.018820342920139812	12.128082614741833	9.340422154314146	0.06346703986517427	2.6657972160680523	0.45899365622484306	0.3191284563588593	0.0
/vol/bitbucket/osella/rl-qecc-data/supervisedLearning/sweep2/g5_ground_anch_H7_s5000.pth	7	5000	2	groundAnchored	[(6, 6), (9, 6), (12, 6), (15, 3)]	True	True	True	True	geometric5	18402947	5	15	2026-08-01	groundAnchored_66-96-126-153	0.020443871784302178	0.06278777985160643	0.009102919588802683	0.024796994352511884	0.06526948646614396	0.17189190708977653	0.042877591760796384	0.018820342920139812	12.232728155367667	9.340422154314146	0.07346238070932856	3.318488821054947	0.4722912331792138	0.33083808611302334	0.0
/vol/bitbucket/osella/rl-qecc-data/supervisedLearning/sweep2/g5_ground_pure_H10_s2000.pth	10	2000	2	groundPure	[(6, 6), (9, 6), (12, 6), (15, 3)]	True	True	True	True	geometric5	18402947	5	15	2026-08-01	groundPure_66-96-126-153	0.020443871784302178	0.07072319659736111	0.00656017168673783	0.01942767499686507	0.07616813185694775	0.2081148200877149	0.04334518435853985	0.018820342920139812	12.84073185769845	9.340422154314146	0.09327471342385794	2.5724178261589388	0.4757097972998496	0.33619181272185955	0.0
/vol/bitbucket/osella/rl-qecc-data/supervisedLearning/sweep2/g5_ground_pure_H10_s6000.pth	10	6000	2	groundPure	[(6, 6), (9, 6), (12, 6), (15, 3)]	True	True	True	True	geometric5	18402947	5	15	2026-08-01	groundPure_66-96-126-153	0.020443871784302178	0.07104960824188986	0.004925298997107668	0.016004558896957347	0.07360339264229127	0.22378119712260325	0.03693359355048791	0.018820342920139812	12.442053793135821	9.340422154314146	0.10323683791908499	2.1337698577764006	0.5370288529037059	0.3773800111301808	0.0
/vol/bitbucket/osella/rl-qecc-data/supervisedLearning/sweep2/g5_ground_pure_H3_s4000.pth	3	4000	2	groundPure	[(6, 6), (9, 6), (12, 6), (15, 3)]	True	True	True	True	geometric5	18402947	5	15	2026-08-01	groundPure_66-96-126-153	0.020443871784302178	0.09851175260369727	0.009137349391520609	0.02603629140607547	0.08640041279022723	0.3330408000693444	0.03794390936131768	0.018820342920139812	14.133643564612628	9.340422154314146	0.15575965419148322	2.5173414036031008	0.1989973397605737	0.13991661985261433	0.0
/vol/bitbucket/osella/rl-qecc-data/supervisedLearning/sweep2/g5_ground_pure_H4_s1000.pth	4	1000	2	groundPure	[(6, 6), (9, 6), (12, 6), (15, 3)]	True	True	True	True	geometric5	18402947	5	15	2026-08-01	groundPure_66-96-126-153	0.020443871784302178	0.09133220056132646	0.00490939220685177	0.015172268463481388	0.08121497318118866	0.3139124190658618	0.041451949889247795	0.018820342920139812	14.231012880667032	9.340422154314146	0.14252887964948496	2.526072675295882	0.45532147838292036	0.31468516717250744	0.0
/vol/bitbucket/osella/rl-qecc-data/supervisedLearning/sweep2/g5_ground_pure_H4_s5000.pth	4	5000	2	groundPure	[(6, 6), (9, 6), (12, 6), (15, 3)]	True	True	True	True	geometric5	18402947	5	15	2026-08-01	groundPure_66-96-126-153	0.020443871784302178	0.08100608980945043	0.004868140330251993	0.01577064917116703	0.0768802001886786	0.2668354153938315	0.04067604396332338	0.018820342920139812	13.583996650270233	9.340422154314146	0.12329488593824982	3.1565018595521033	0.40291889505330347	0.2761016816036125	0.0
/vol/bitbucket/osella/rl-qecc-data/supervisedLearning/sweep2/g5_ground_pure_H6_s2000.pth	6	2000	2	groundPure	[(6, 6), (9, 6), (12, 6), (15, 3)]	True	True	True	True	geometric5	18402947	5	15	2026-08-01	groundPure_66-96-126-153	0.020443871784302178	0.0811109610221961	0.004741395263809471	0.01576086461622054	0.07841572452448892	0.2651263675950488	0.0415104531114118	0.018820342920139812	13.515580249737171	9.340422154314146	0.11944631435641659	3.2357315003350524	0.3820339914141997	0.2628399049602564	0.04
/vol/bitbucket/osella/rl-qecc-data/supervisedLearning/sweep2/g5_ground_pure_H6_s6000.pth	6	6000	2	groundPure	[(6, 6), (9, 6), (12, 6), (15, 3)]	True	True	True	True	geometric5	18402947	5	15	2026-08-01	groundPure_66-96-126-153	0.020443871784302178	0.07949074815990337	0.006817329614199203	0.019251084118869312	0.08209294302859854	0.24922507937404048	0.040067304663808465	0.018820342920139812	13.306041501329544	9.340422154314146	0.11572259355199661	2.9553640990302474	0.44364685763269973	0.31259567911503977	0.0
/vol/bitbucket/osella/rl-qecc-data/supervisedLearning/sweep2/g5_ground_pure_H7_s4000.pth	7	4000	2	groundPure	[(6, 6), (9, 6), (12, 6), (15, 3)]	True	True	True	True	geometric5	18402947	5	15	2026-08-01	groundPure_66-96-126-153	0.020443871784302178	0.08093932169512708	0.004984742182303096	0.015366335223059758	0.08011302889783131	0.2623503698802742	0.041882132292166724	0.018820342920139812	13.550700472186287	9.340422154314146	0.11911741559610259	2.4410134843576077	0.4948326119568108	0.3469739677791618	0.0
/vol/bitbucket/osella/rl-qecc-data/supervisedLearning/sweep2/g5_mix_66-96-126-153_H10_s1000.pth	10	1000	6	mixed	[(6, 6), (9, 6), (12, 6), (15, 3)]	True	True	True	True	geometric5	18402947	5	15	2026-08-01	mixed_66-96-126-153	0.020443871784302178	0.05226883855815142	0.015818073961378003	0.03705481551599687	0.08889270700261453	0.08046673953406716	0.039111856776700794	0.018820342920139812	11.886952620504127	9.340422154314146	0.05300864933688596	2.4427727433440594	0.44391897749308623	0.3210823000433105	0.0
/vol/bitbucket/osella/rl-qecc-data/supervisedLearning/sweep2/g5_mix_66-96-126-153_H10_s5000.pth	10	5000	6	mixed	[(6, 6), (9, 6), (12, 6), (15, 3)]	True	True	True	True	geometric5	18402947	5	15	2026-08-01	mixed_66-96-126-153	0.020443871784302178	0.07359086159763502	0.010183869004011083	0.0232847839479852	0.0873025206006447	0.20865403230635216	0.03852910212918323	0.018820342920139812	12.947463384081844	9.340422154314146	0.09927191596507465	2.615059794288793	0.5138865448346914	0.36669478911760034	0.0
/vol/bitbucket/osella/rl-qecc-data/supervisedLearning/sweep2/g5_mix_66-96-126-153_H3_s2000.pth	3	2000	6	mixed	[(6, 6), (9, 6), (12, 6), (15, 3)]	True	True	True	True	geometric5	18402947	5	15	2026-08-01	mixed_66-96-126-153	0.020443871784302178	0.0663439255821832	0.006834781958505419	0.018918786144884406	0.09394333090494005	0.16838498453123307	0.04363774437135325	0.018820342920139812	13.400770079504387	9.340422154314146	0.07871589288810105	2.844372440358913	0.5467222591597493	0.3897083009872647	0.0
/vol/bitbucket/osella/rl-qecc-data/supervisedLearning/sweep2/g5_mix_66-96-126-153_H3_s6000.pth	3	6000	6	mixed	[(6, 6), (9, 6), (12, 6), (15, 3)]	True	True	True	True	geometric5	18402947	5	15	2026-08-01	mixed_66-96-126-153	0.020443871784302178	0.06582947653715035	0.007814470773697907	0.02119562937743493	0.07646393920845866	0.17984642949867588	0.04382691382748397	0.018820342920139812	12.81359333295972	9.340422154314146	0.08087143788931013	3.256115427560005	0.46236516370449326	0.3280484025175111	0.0
/vol/bitbucket/osella/rl-qecc-data/supervisedLearning/sweep2/g5_mix_66-96-126-153_H4_s4000.pth	4	4000	6	mixed	[(6, 6), (9, 6), (12, 6), (15, 3)]	True	True	True	True	geometric5	18402947	5	15	2026-08-01	mixed_66-96-126-153	0.020443871784302178	0.08804334543071751	0.005859076957719738	0.01656517024612198	0.08514258124667494	0.293378507813032	0.039271390890038886	0.018820342920139812	13.827357368908197	9.340422154314146	0.1362189593436633	2.457951853436904	0.567155117413309	0.404448646472735	0.02
/vol/bitbucket/osella/rl-qecc-data/supervisedLearning/sweep2/g5_mix_66-96-126-153_H6_s1000.pth	6	1000	6	mixed	[(6, 6), (9, 6), (12, 6), (15, 3)]	True	True	True	True	geometric5	18402947	5	15	2026-08-01	mixed_66-96-126-153	0.020443871784302178	0.11903927116467204	0.09434073250374816	0.15161565084021156	0.16654763307527268	0.14113913586824206	0.04155320353588562	0.018820342920139812	16.31947547760369	9.340422154314146	0.07381983977284995	2.369251361787518	0.32090742007886863	0.23011174485695737	0.0
/vol/bitbucket/osella/rl-qecc-data/supervisedLearning/sweep2/g5_mix_66-96-126-153_H6_s5000.pth	6	5000	6	mixed	[(6, 6), (9, 6), (12, 6), (15, 3)]	True	True	True	True	geometric5	18402947	5	15	2026-08-01	mixed_66-96-126-153	0.020443871784302178	0.07157035937074048	0.0049673615639212465	0.014681454088274619	0.08743334599564075	0.2106290928817667	0.04014054232409938	0.018820342920139812	13.313692133950743	9.340422154314146	0.09948225057090329	3.13921599117787	0.5633338036157645	0.3977716391636031	0.0
/vol/bitbucket/osella/rl-qecc-data/supervisedLearning/sweep2/g5_mix_66-96-126-153_H7_s2000.pth	7	2000	6	mixed	[(6, 6), (9, 6), (12, 6), (15, 3)]	True	True	True	True	geometric5	18402947	5	15	2026-08-01	mixed_66-96-126-153	0.020443871784302178	0.05188194217775727	0.008243711259136605	0.02079233823654328	0.080738967548259	0.11338894803732547	0.036245745807523204	0.018820342920139812	11.684832462213434	9.340422154314146	0.061296855346817204	3.8369781650729005	0.5003402891038766	0.35546994874079874	0.0
/vol/bitbucket/osella/rl-qecc-data/supervisedLearning/sweep2/g5_mix_66-96-126-153_H7_s6000.pth	7	6000	6	mixed	[(6, 6), (9, 6), (12, 6), (15, 3)]	True	True	True	True	geometric5	18402947	5	15	2026-08-01	mixed_66-96-126-153	0.020443871784302178	0.07840399014116768	0.014069525976933743	0.03447593703646578	0.09974409432660203	0.2053444000709553	0.03838599329488211	0.018820342920139812	12.787070474740359	9.340422154314146	0.10123598489669838	2.8812766871275417	0.39169517996374564	0.27768612827741274	0.0
/vol/bitbucket/osella/rl-qecc-data/supervisedLearning/sweep2/g5_mix_66-96-126_H10_s4000.pth	10	4000	8	mixed	[(6, 6), (9, 6), (12, 6)]	True	True	True	False	geometric5	18402947	5	15	2026-08-01	mixed_66-96-126	0.020443871784302178	0.06583074585651627	0.005551683261200752	0.015828350653693934	0.07124897703182359	0.1934034574820774	0.04312126085378498	0.018820342920139812	12.72606149196052	9.340422154314146	0.08664224773384067	3.1676148217204187	0.5500682388281106	0.38772615212567646	0.0
/vol/bitbucket/osella/rl-qecc-data/supervisedLearning/sweep2/g5_mix_66-96-126_H3_s1000.pth	3	1000	8	mixed	[(6, 6), (9, 6), (12, 6)]	True	True	True	False	geometric5	18402947	5	15	2026-08-01	mixed_66-96-126	0.020443871784302178	0.10437844006902905	0.006699099458811406	0.019186360605704857	0.08089547979454327	0.3724538281262104	0.042657432359877095	0.018820342920139812	14.43250223180691	9.340422154314146	0.1851201404657436	2.0677851355313006	0.3516492586170035	0.2509069575033678	0.0
/vol/bitbucket/osella/rl-qecc-data/supervisedLearning/sweep2/g5_mix_66-96-126_H3_s5000.pth	3	5000	8	mixed	[(6, 6), (9, 6), (12, 6)]	True	True	True	False	geometric5	18402947	5	15	2026-08-01	mixed_66-96-126	0.020443871784302178	0.0837427564691586	0.006541443029996806	0.019443105783856527	0.07480300010383192	0.2748374005109929	0.04308883291711704	0.018820342920139812	13.38701641789473	9.340422154314146	0.12093412504869437	3.8002866739893753	0.25759457540873376	0.1786920140870115	0.0
/vol/bitbucket/osella/rl-qecc-data/supervisedLearning/sweep2/g5_mix_66-96-126_H4_s2000.pth	4	2000	8	mixed	[(6, 6), (9, 6), (12, 6)]	True	True	True	False	geometric5	18402947	5	15	2026-08-01	mixed_66-96-126	0.020443871784302178	0.0852207310685874	0.0051147305651956685	0.015274590624475563	0.08177553841380968	0.2797160063376542	0.04422278940180444	0.018820342920139812	13.925346976204107	9.340422154314146	0.12457079917472712	2.7842854833347	0.548612787843286	0.3864588813697372	0.0
/vol/bitbucket/osella/rl-qecc-data/supervisedLearning/sweep2/g5_mix_66-96-126_H4_s6000.pth	4	6000	8	mixed	[(6, 6), (9, 6), (12, 6)]	True	True	True	False	geometric5	18402947	5	15	2026-08-01	mixed_66-96-126	0.020443871784302178	0.08948337725182937	0.006280772434788469	0.01974165374551135	0.07510373098640838	0.3015720378308201	0.04471869126161997	0.018820342920139812	13.920217029245443	9.340422154314146	0.13256072030899885	3.317900074490422	0.41638826850919264	0.2976766379282253	0.0
/vol/bitbucket/osella/rl-qecc-data/supervisedLearning/sweep2/g5_mix_66-96-126_H6_s4000.pth	6	4000	8	mixed	[(6, 6), (9, 6), (12, 6)]	True	True	True	False	geometric5	18402947	5	15	2026-08-01	mixed_66-96-126	0.020443871784302178	0.08416958034406798	0.007130024482402806	0.021428903826501627	0.07539261373313794	0.27508146017722174	0.04181489950107926	0.018820342920139812	13.464992020975089	9.340422154314146	0.12211703354815455	2.655889203681058	0.3043063808198089	0.2095891771429466	0.0
/vol/bitbucket/osella/rl-qecc-data/supervisedLearning/sweep2/g5_mix_66-96-126_H7_s1000.pth	7	1000	8	mixed	[(6, 6), (9, 6), (12, 6)]	True	True	True	False	geometric5	18402947	5	15	2026-08-01	mixed_66-96-126	0.020443871784302178	0.07236035952727454	0.006840957783181659	0.017281389291797195	0.0722047892981205	0.22842119656691834	0.03705346469635504	0.018820342920139812	12.289910204646185	9.340422154314146	0.1058800959869872	1.9156812895806332	0.5677819275355744	0.40177444585203725	0.0
/vol/bitbucket/osella/rl-qecc-data/supervisedLearning/sweep2/g5_mix_66-96-126_H7_s5000.pth	7	5000	8	mixed	[(6, 6), (9, 6), (12, 6)]	True	True	True	False	geometric5	18402947	5	15	2026-08-01	mixed_66-96-126	0.020443871784302178	0.0573983067160176	0.0076792277880517405	0.021084246635342762	0.06949699237325135	0.14487626682679725	0.04385479995664519	0.018820342920139812	12.948596702899039	9.340422154314146	0.06613132914351069	4.329087288042949	0.47358089210676846	0.33379491737823996	0.0
/vol/bitbucket/osella/rl-qecc-data/supervisedLearning/sweep2/g5_mix_66-96_H10_s2000.pth	10	2000	12	mixed	[(6, 6), (9, 6)]	True	True	False	False	geometric5	18402947	5	15	2026-08-01	mixed_66-96	0.020443871784302178	0.07068469314877442	0.00480492944486186	0.0145168035252178	0.08486863582942485	0.21368539415946003	0.03554770278490839	0.018820342920139812	12.668962084548095	9.340422154314146	0.10405032442494239	1.7767068597924507	0.5690453896889177	0.40326036960184497	0.0
/vol/bitbucket/osella/rl-qecc-data/supervisedLearning/sweep2/g5_mix_66-96_H10_s6000.pth	10	6000	12	mixed	[(6, 6), (9, 6)]	True	True	False	False	geometric5	18402947	5	15	2026-08-01	mixed_66-96	0.020443871784302178	0.08483413478919732	0.009316870504206645	0.022705706417683134	0.09020100253889705	0.26412702288249496	0.03782007160270546	0.018820342920139812	13.620853200920518	9.340422154314146	0.12796468294692037	2.2874310003114973	0.49905454521569836	0.35439007507764275	0.0
/vol/bitbucket/osella/rl-qecc-data/supervisedLearning/sweep2/g5_mix_66-96_H3_s4000.pth	3	4000	12	mixed	[(6, 6), (9, 6)]	True	True	False	False	geometric5	18402947	5	15	2026-08-01	mixed_66-96	0.020443871784302178	0.09900613006294205	0.005313448566253049	0.015889050680324954	0.0789808761667824	0.35236815291994567	0.04247912198140496	0.018820342920139812	14.695581067981408	9.340422154314146	0.15891327742673164	2.9543795616909843	0.5224718657307441	0.3667370715028062	0.0
/vol/bitbucket/osella/rl-qecc-data/supervisedLearning/sweep2/g5_mix_66-96_H4_s1000.pth	4	1000	12	mixed	[(6, 6), (9, 6)]	True	True	False	False	geometric5	18402947	5	15	2026-08-01	mixed_66-96	0.020443871784302178	0.09606047961438352	0.0053097566042727435	0.016251799290446362	0.07559449124983177	0.3391635405708066	0.04398281035655932	0.018820342920139812	14.65048095849686	9.340422154314146	0.15117894828496292	3.0736091597859727	0.3847189373542762	0.2708161964325687	0.0
/vol/bitbucket/osella/rl-qecc-data/supervisedLearning/sweep2/g5_mix_66-96_H4_s5000.pth	4	5000	12	mixed	[(6, 6), (9, 6)]	True	True	False	False	geometric5	18402947	5	15	2026-08-01	mixed_66-96	0.020443871784302178	0.08569182848682219	0.022049719095195573	0.07603718288982139	0.18551858799224413	0.09893174762072394	0.0459219048361264	0.018820342920139812	15.27071117102331	9.340422154314146	0.06471971002950166	7.042240007922474	-0.003647389302358354	-0.0009990775719571033	0.0
/vol/bitbucket/osella/rl-qecc-data/supervisedLearning/sweep2/g5_mix_66-96_H6_s2000.pth	6	2000	12	mixed	[(6, 6), (9, 6)]	True	True	False	False	geometric5	18402947	5	15	2026-08-01	mixed_66-96	0.020443871784302178	0.069058315823536	0.005035634559016147	0.014493702026177412	0.07787930496412747	0.21192565232940522	0.035957285238951704	0.018820342920139812	12.38270216707559	9.340422154314146	0.1033540124946116	1.777995046160286	0.5680620797866034	0.40305903340150223	0.0
/vol/bitbucket/osella/rl-qecc-data/supervisedLearning/sweep2/g5_mix_66-96_H6_s6000.pth	6	6000	12	mixed	[(6, 6), (9, 6)]	True	True	False	False	geometric5	18402947	5	15	2026-08-01	mixed_66-96	0.020443871784302178	0.10279551786113986	0.005201527422100147	0.015183994403548711	0.08584531686964043	0.37018327679777185	0.03756347381264013	0.018820342920139812	14.824910951626938	9.340422154314146	0.17440155491052925	2.0863421374982773	0.40898087887703255	0.28497133517174966	0.0
/vol/bitbucket/osella/rl-qecc-data/supervisedLearning/sweep2/g5_mix_66-96_H7_s4000.pth	7	4000	12	mixed	[(6, 6), (9, 6)]	True	True	False	False	geometric5	18402947	5	15	2026-08-01	mixed_66-96	0.020443871784302178	0.08953358832560472	0.004708992229620441	0.01458840688039112	0.0889389591693709	0.30340917555159463	0.03602240779704534	0.018820342920139812	14.097842880463945	9.340422154314146	0.15053352381035923	1.8109550007984248	0.5642347610630446	0.400582967064191	0.0
/vol/bitbucket/osella/rl-qecc-data/supervisedLearning/sweep2/g5_mix_66_H10_s1000.pth	10	1000	24	mixed	[(6, 6)]	True	False	False	False	geometric5	18402947	5	15	2026-08-01	mixed_66	0.020443871784302178	0.06360489456969327	0.017533767218282918	0.0487359715562049	0.12010583659431923	0.08623452841852665	0.045414369061130916	0.018820342920139812	13.393862536457632	9.340422154314146	0.05834655601104015	7.004050628567328	0.33117773640530235	0.23094375484814078	0.0
/vol/bitbucket/osella/rl-qecc-data/supervisedLearning/sweep2/g5_mix_66_H10_s5000.pth	10	5000	24	mixed	[(6, 6)]	True	False	False	False	geometric5	18402947	5	15	2026-08-01	mixed_66	0.020443871784302178	0.06439395657648318	0.008589893743088455	0.02481830535870113	0.07419384263475745	0.17554629424633705	0.03882144689953245	0.018820342920139812	12.059374672532531	9.340422154314146	0.08059922722093057	3.2412424214103757	0.4146522628260455	0.2930023463850441	0.0
/vol/bitbucket/osella/rl-qecc-data/supervisedLearning/sweep2/g5_mix_66_H3_s2000.pth	3	2000	24	mixed	[(6, 6)]	True	False	False	False	geometric5	18402947	5	15	2026-08-01	mixed_66	0.020443871784302178	0.09072679373198164	0.005501723631597728	0.018338212241079194	0.0753460186474006	0.3121154513593029	0.04233256278052793	0.018820342920139812	14.24726034038393	9.340422154314146	0.13814283069930341	3.0130723477562844	0.468547240933619	0.32355601889062	0.0
/vol/bitbucket/osella/rl-qecc-data/supervisedLearning/sweep2/g5_mix_66_H3_s6000.pth	3	6000	24	mixed	[(6, 6)]	True	False	False	False	geometric5	18402947	5	15	2026-08-01	mixed_66	0.020443871784302178	0.07831940353555929	0.0061760962384271	0.018061457664178018	0.07783649405534825	0.2512305604864167	0.038292409233425986	0.018820342920139812	13.105903761125099	9.340422154314146	0.11731032282274464	2.761608545654952	0.38912621457767255	0.26934681937683613	0.0
/vol/bitbucket/osella/rl-qecc-data/supervisedLearning/sweep2/g5_mix_66_H4_s4000.pth	4	4000	24	mixed	[(6, 6)]	True	False	False	False	geometric5	18402947	5	15	2026-08-01	mixed_66	0.020443871784302178	0.08049174224118513	0.007640533083356649	0.022996828194834406	0.07688651813076794	0.25503291717013027	0.03990191462683651	0.018820342920139812	13.186358375847925	9.340422154314146	0.11687775715516463	3.7342852467342884	0.36745694714083194	0.25707510004133965	0.0
/vol/bitbucket/osella/rl-qecc-data/supervisedLearning/sweep2/g5_mix_66_H6_s1000.pth	6	1000	24	mixed	[(6, 6)]	True	False	False	False	geometric5	18402947	5	15	2026-08-01	mixed_66	0.020443871784302178	0.1115050042931818	0.004739051714680779	0.015383250625083375	0.08890928441070309	0.4121561121097562	0.036337322605682565	0.018820342920139812	15.650688004606181	9.340422154314146	0.1993452794785365	1.8306835052026136	0.48150546687575546	0.33514532946153147	0.0
/vol/bitbucket/osella/rl-qecc-data/supervisedLearning/sweep2/g5_mix_66_H6_s5000.pth	6	5000	24	mixed	[(6, 6)]	True	False	False	False	geometric5	18402947	5	15	2026-08-01	mixed_66	0.020443871784302178	0.08199313038992552	0.012685364979342771	0.03502522499149617	0.09653787854208233	0.2243446319122347	0.04137255152447184	0.018820342920139812	13.324711935586258	9.340422154314146	0.1041957294462762	3.815411836714572	0.309976816441176	0.21648526950586605	0.0
/vol/bitbucket/osella/rl-qecc-data/supervisedLearning/sweep2/g5_mix_66_H7_s2000.pth	7	2000	24	mixed	[(6, 6)]	True	False	False	False	geometric5	18402947	5	15	2026-08-01	mixed_66	0.020443871784302178	0.06046178808989969	0.014984729270318294	0.034793462616934806	0.08721871455438539	0.12143070071038363	0.04388133329747635	0.018820342920139812	12.67041636130541	9.340422154314146	0.058048089211384456	5.80923188579164	0.365243015514192	0.25612978426126204	0.0
/vol/bitbucket/osella/rl-qecc-data/supervisedLearning/sweep2/g5_mix_66_H7_s6000.pth	7	6000	24	mixed	[(6, 6)]	True	False	False	False	geometric5	18402947	5	15	2026-08-01	mixed_66	0.020443871784302178	0.06061659822097564	0.007269236200916148	0.020788877818827652	0.06921016834599872	0.16275516953522456	0.04305953920391164	0.018820342920139812	12.290220669629361	9.340422154314146	0.07212059511735726	3.338594238983169	0.3224836128900212	0.22351454751948696	0.0
/vol/bitbucket/osella/rl-qecc-data/supervisedLearning/sweep2/g5_ground_anch_H10_s4000.pth	10	4000	2	groundAnchored	[(6, 6), (9, 6), (12, 6), (15, 3)]	True	True	True	True	geometric5	4412297	15	3	2026-08-01	groundAnchored_66-96-126-153	0.022257119563161308	0.15192124749517583	0.15572528483825343	0.23335488228418977	0.19412991725946038	0.14210210655615535	0.03429404653781897	0.020227998625672306	19.55361629566419	10.427155327325456	0.08479790979354594	1.816315035748533	0.3418506301519384	0.23521902964188685	0.04
/vol/bitbucket/osella/rl-qecc-data/supervisedLearning/sweep2/g5_ground_anch_H3_s1000.pth	3	1000	2	groundAnchored	[(6, 6), (9, 6), (12, 6), (15, 3)]	True	True	True	True	geometric5	4412297	15	3	2026-08-01	groundAnchored_66-96-126-153	0.022257119563161308	0.06035494605157318	0.010390207888532113	0.026883135433003708	0.08164130526622257	0.15294727621996002	0.02991280545014823	0.020227998625672306	12.946523274532073	10.427155327325456	0.07662512181916432	1.802772307640946	0.4809928230884555	0.3349495438342309	0.0
/vol/bitbucket/osella/rl-qecc-data/supervisedLearning/sweep2/g5_ground_anch_H3_s5000.pth	3	5000	2	groundAnchored	[(6, 6), (9, 6), (12, 6), (15, 3)]	True	True	True	True	geometric5	4412297	15	3	2026-08-01	groundAnchored_66-96-126-153	0.022257119563161308	0.08753094816989751	0.0441776293520675	0.11198857165729245	0.135619649227876	0.11410435798054894	0.03176453263170347	0.020227998625672306	14.256196777100014	10.427155327325456	0.0619304474879388	1.822980305237432	0.4627733006045426	0.32435437471294687	0.0
/vol/bitbucket/osella/rl-qecc-data/supervisedLearning/sweep2/g5_ground_anch_H4_s2000.pth	4	2000	2	groundAnchored	[(6, 6), (9, 6), (12, 6), (15, 3)]	True	True	True	True	geometric5	4412297	15	3	2026-08-01	groundAnchored_66-96-126-153	0.022257119563161308	0.0865171831516915	0.027344957753346142	0.08397123512811464	0.17984657845657104	0.11132943112296469	0.030093713297459853	0.020227998625672306	15.461051351999116	10.427155327325456	0.07771601259353327	1.8205144696699151	0.2837145005439637	0.19243027501568014	0.0
/vol/bitbucket/osella/rl-qecc-data/supervisedLearning/sweep2/g5_ground_anch_H4_s6000.pth	4	6000	2	groundAnchored	[(6, 6), (9, 6), (12, 6), (15, 3)]	True	True	True	True	geometric5	4412297	15	3	2026-08-01	groundAnchored_66-96-126-153	0.022257119563161308	0.05634232613506659	0.006534358481241093	0.022561058911628934	0.086447405799801	0.1364182475047155	0.029750559977946813	0.020227998625672306	12.832822332166927	10.427155327325456	0.07413458947234323	1.8247114122379489	0.45586695538239186	0.3185068510801034	0.0
/vol/bitbucket/osella/rl-qecc-data/supervisedLearning/sweep2/g5_ground_anch_H6_s4000.pth	6	4000	2	groundAnchored	[(6, 6), (9, 6), (12, 6), (15, 3)]	True	True	True	True	geometric5	4412297	15	3	2026-08-01	groundAnchored_66-96-126-153	0.022257119563161308	0.050463559527636766	0.015967589924035103	0.03752652908384411	0.07708146677463833	0.09212647599600962	0.029615735859656715	0.020227998625672306	12.535376572966982	10.427155327325456	0.052530101031293804	1.808703154828666	0.5761295043454322	0.410413064596227	0.04
/vol/bitbucket/osella/rl-qecc-data/supervisedLearning/sweep2/g5_ground_anch_H7_s1000.pth	7	1000	2	groundAnchored	[(6, 6), (9, 6), (12, 6), (15, 3)]	True	True	True	True	geometric5	4412297	15	3	2026-08-01	groundAnchored_66-96-126-153	0.022257119563161308	0.07026771913116898	0.006822635170297372	0.02251918074282042	0.08437378752493235	0.20460769056318345	0.03301530165461091	0.020227998625672306	13.233306340699885	10.427155327325456	0.10645466933853691	1.8098843095394062	0.6013729812877789	0.4293762612343207	0.0
/vol/bitbucket/osella/rl-qecc-data/supervisedLearning/sweep2/g5_ground_anch_H7_s5000.pth	7	5000	2	groundAnchored	[(6, 6), (9, 6), (12, 6), (15, 3)]	True	True	True	True	geometric5	4412297	15	3	2026-08-01	groundAnchored_66-96-126-153	0.022257119563161308	0.055691129196942475	0.007000337477105504	0.02253905434390278	0.07469191856599695	0.14402092775571812	0.030203407841988463	0.020227998625672306	12.518323496928483	10.427155327325456	0.07548548942490312	1.819479714922777	0.6011996320952856	0.42833002131762665	0.02
/vol/bitbucket/osella/rl-qecc-data/supervisedLearning/sweep2/g5_ground_pure_H10_s2000.pth	10	2000	2	groundPure	[(6, 6), (9, 6), (12, 6), (15, 3)]	True	True	True	True	geometric5	4412297	15	3	2026-08-01	groundPure_66-96-126-153	0.022257119563161308	0.07432927598577439	0.006120544038310003	0.02179090449630942	0.10510794561315093	0.20860279169367557	0.030024194087425272	0.020227998625672306	14.988348533065896	10.427155327325456	0.10213804659248091	1.8265238070709158	0.5783109467832086	0.41196313535836776	0.04
/vol/bitbucket/osella/rl-qecc-data/supervisedLearning/sweep2/g5_ground_pure_H10_s6000.pth	10	6000	2	groundPure	[(6, 6), (9, 6), (12, 6), (15, 3)]	True	True	True	True	geometric5	4412297	15	3	2026-08-01	groundPure_66-96-126-153	0.022257119563161308	0.05640220346544406	0.010385125308559683	0.03059909944498226	0.07919060547845527	0.13149626291783925	0.030339924177383504	0.020227998625672306	12.33500287660411	10.427155327325456	0.06934824548332902	1.8040753973247121	0.37017674233108927	0.25455633940333877	0.0
/vol/bitbucket/osella/rl-qecc-data/supervisedLearning/sweep2/g5_ground_pure_H3_s4000.pth	3	4000	2	groundPure	[(6, 6), (9, 6), (12, 6), (15, 3)]	True	True	True	True	geometric5	4412297	15	3	2026-08-01	groundPure_66-96-126-153	0.022257119563161308	0.06931418595139884	0.00649776046596762	0.022141621693875253	0.08767420153361864	0.1994279268938614	0.03082941916967083	0.020227998625672306	13.470325418621094	10.427155327325456	0.1021274996700948	1.8230683651450295	0.5596984329618655	0.3967267735736083	0.0
/vol/bitbucket/osella/rl-qecc-data/supervisedLearning/sweep2/g5_ground_pure_H4_s1000.pth	4	1000	2	groundPure	[(6, 6), (9, 6), (12, 6), (15, 3)]	True	True	True	True	geometric5	4412297	15	3	2026-08-01	groundPure_66-96-126-153	0.022257119563161308	0.09263640766388719	0.007243848459788826	0.02324623885143831	0.10792838052877449	0.29488041772232015	0.02988315275711373	0.020227998625672306	15.303327715768916	10.427155327325456	0.14649396428227454	1.8082334851464743	0.4289963666078565	0.29851363297932854	0.02
/vol/bitbucket/osella/rl-qecc-data/supervisedLearning/sweep2/g5_ground_pure_H4_s5000.pth	4	5000	2	groundPure	[(6, 6), (9, 6), (12, 6), (15, 3)]	True	True	True	True	geometric5	4412297	15	3	2026-08-01	groundPure_66-96-126-153	0.022257119563161308	0.07396820979606068	0.005745594659115655	0.021479615850508792	0.09726267662397318	0.2154894845130103	0.02986367733369584	0.020227998625672306	13.976748386732968	10.427155327325456	0.11024724588419182	1.8164543241562687	0.47509627568736923	0.33272215991306336	0.02
/vol/bitbucket/osella/rl-qecc-data/supervisedLearning/sweep2/g5_ground_pure_H6_s2000.pth	6	2000	2	groundPure	[(6, 6), (9, 6), (12, 6), (15, 3)]	True	True	True	True	geometric5	4412297	15	3	2026-08-01	groundPure_66-96-126-153	0.022257119563161308	0.0681000346295041	0.006343011360778129	0.02161760116212343	0.09010398484119461	0.1915334701107017	0.030902105672722485	0.020227998625672306	13.512722781033435	10.427155327325456	0.09991306072740141	1.8152863267743709	0.5348264405900093	0.3756667410778771	0.06
/vol/bitbucket/osella/rl-qecc-data/supervisedLearning/sweep2/g5_ground_pure_H6_s6000.pth	6	6000	2	groundPure	[(6, 6), (9, 6), (12, 6), (15, 3)]	True	True	True	True	geometric5	4412297	15	3	2026-08-01	groundPure_66-96-126-153	0.022257119563161308	0.07501418461957736	0.011037159336823924	0.03224380097466499	0.10780488836487813	0.19371576387614953	0.030269310545371023	0.020227998625672306	13.930340278331403	10.427155327325456	0.10039162103533453	1.8046889992098765	0.4646172230126639	0.32194391939576855	0.0
/vol/bitbucket/osella/rl-qecc-data/supervisedLearning/sweep2/g5_ground_pure_H7_s4000.pth	7	4000	2	groundPure	[(6, 6), (9, 6), (12, 6), (15, 3)]	True	True	True	True	geometric5	4412297	15	3	2026-08-01	groundPure_66-96-126-153	0.022257119563161308	0.04637878304003544	0.00997974203733615	0.024695264465238478	0.07039517606324062	0.09606173944664288	0.030761993187718793	0.020227998625672306	12.118759287868373	10.427155327325456	0.05607434532317802	1.8189774283477544	0.5323171387881236	0.3728248825864538	0.02
/vol/bitbucket/osella/rl-qecc-data/supervisedLearning/sweep2/g5_mix_66-96-126-153_H10_s1000.pth	10	1000	6	mixed	[(6, 6), (9, 6), (12, 6), (15, 3)]	True	True	True	True	geometric5	4412297	15	3	2026-08-01	mixed_66-96-126-153	0.022257119563161308	0.036650105140626714	0.00719862254077901	0.020541682699259333	0.050768798332587746	0.0734664459229632	0.03127497620754464	0.020227998625672306	11.430193229258954	10.427155327325456	0.04480648931271945	1.808651463858148	0.6812623892501973	0.4966923090426315	0.04
/vol/bitbucket/osella/rl-qecc-data/supervisedLearning/sweep2/g5_mix_66-96-126-153_H10_s5000.pth	10	5000	6	mixed	[(6, 6), (9, 6), (12, 6), (15, 3)]	True	True	True	True	geometric5	4412297	15	3	2026-08-01	mixed_66-96-126-153	0.022257119563161308	0.03695483299514632	0.007345535439523887	0.020408538490835845	0.051680716382610216	0.07394604366423144	0.031393330998530124	0.020227998625672306	11.444362266754585	10.427155327325456	0.0452618088953471	1.817299988842622	0.6721776475859077	0.48845065946160277	0.0
/vol/bitbucket/osella/rl-qecc-data/supervisedLearning/sweep2/g5_mix_66-96-126-153_H3_s2000.pth	3	2000	6	mixed	[(6, 6), (9, 6), (12, 6), (15, 3)]	True	True	True	True	geometric5	4412297	15	3	2026-08-01	mixed_66-96-126-153	0.022257119563161308	0.036333097827212384	0.007637352864342512	0.02107982575678255	0.04932335356408656	0.0726669165318764	0.03095804041897396	0.020227998625672306	11.423491551489946	10.427155327325456	0.04463810340682592	1.8234134679061427	0.687152962995831	0.501707299195365	0.02
/vol/bitbucket/osella/rl-qecc-data/supervisedLearning/sweep2/g5_mix_66-96-126-153_H3_s6000.pth	3	6000	6	mixed	[(6, 6), (9, 6), (12, 6), (15, 3)]	True	True	True	True	geometric5	4412297	15	3	2026-08-01	mixed_66-96-126-153	0.022257119563161308	0.037172380933754044	0.007423468621848345	0.020868757447200847	0.05281978882696964	0.07363884317089935	0.031111046601852252	0.020227998625672306	11.442468017167329	10.427155327325456	0.045070090628577184	1.824677272386524	0.6735677200978569	0.48975533280873723	0.0
/vol/bitbucket/osella/rl-qecc-data/supervisedLearning/sweep2/g5_mix_66-96-126-153_H4_s4000.pth	4	4000	6	mixed	[(6, 6), (9, 6), (12, 6), (15, 3)]	True	True	True	True	geometric5	4412297	15	3	2026-08-01	mixed_66-96-126-153	0.022257119563161308	0.03637517908795799	0.007535141663553779	0.02103103609129846	0.04974747163571312	0.07230946153760724	0.03125278451161687	0.020227998625672306	11.409083580314073	10.427155327325456	0.044427876368064334	1.8047194701951663	0.6867903232627347	0.501463649377565	0.0
/vol/bitbucket/osella/rl-qecc-data/supervisedLearning/sweep2/g5_mix_66-96-126-153_H6_s1000.pth	6	1000	6	mixed	[(6, 6), (9, 6), (12, 6), (15, 3)]	True	True	True	True	geometric5	4412297	15	3	2026-08-01	mixed_66-96-126-153	0.022257119563161308	0.03587836663043056	0.006635676763750891	0.018940633102635822	0.049290082237305896	0.07318124818712918	0.03134419286133159	0.020227998625672306	11.428990438299538	10.427155327325456	0.044922956031015884	1.8157382006469909	0.6883241252315662	0.5024761584790541	0.0
/vol/bitbucket/osella/rl-qecc-data/supervisedLearning/sweep2/g5_mix_66-96-126-153_H6_s5000.pth	6	5000	6	mixed	[(6, 6), (9, 6), (12, 6), (15, 3)]	True	True	True	True	geometric5	4412297	15	3	2026-08-01	mixed_66-96-126-153	0.022257119563161308	0.03592621020871917	0.007084030500686355	0.019702380656472895	0.04877519356641035	0.07246941592480735	0.03160003039521877	0.020227998625672306	11.404212187885411	10.427155327325456	0.04443240325044839	1.806843392650277	0.6862098540804311	0.500935798117726	0.02
/vol/bitbucket/osella/rl-qecc-data/supervisedLearning/sweep2/g5_mix_66-96-126-153_H7_s2000.pth	7	2000	6	mixed	[(6, 6), (9, 6), (12, 6), (15, 3)]	True	True	True	True	geometric5	4412297	15	3	2026-08-01	mixed_66-96-126-153	0.022257119563161308	0.035603747915285124	0.006566915011923591	0.018936372310449073	0.049166128622070496	0.07239741390017641	0.030951909731806372	0.020227998625672306	11.420672884160092	10.427155327325456	0.044419374582959074	1.8033599744772297	0.6862457246226015	0.5007577087040859	0.04
/vol/bitbucket/osella/rl-qecc-data/supervisedLearning/sweep2/g5_mix_66-96-126-153_H7_s6000.pth	7	6000	6	mixed	[(6, 6), (9, 6), (12, 6), (15, 3)]	True	True	True	True	geometric5	4412297	15	3	2026-08-01	mixed_66-96-126-153	0.022257119563161308	0.03707271155959074	0.008118006339660954	0.022152173385650887	0.05147594863921367	0.07272928234935765	0.030888147084070894	0.020227998625672306	11.426468429163242	10.427155327325456	0.04467827940965849	1.810581946693592	0.685356201577488	0.4998711346050985	0.0
/vol/bitbucket/osella/rl-qecc-data/supervisedLearning/sweep2/g5_mix_66-96-126_H10_s4000.pth	10	4000	8	mixed	[(6, 6), (9, 6), (12, 6)]	True	True	True	False	geometric5	4412297	15	3	2026-08-01	mixed_66-96-126	0.022257119563161308	0.07924176551003793	0.02151847828353206	0.046676584096168865	0.13254475925147252	0.16546537063600822	0.030003635283008874	0.020227998625672306	14.09195304410496	10.427155327325456	0.10158668303328754	2.9936136340320063	0.558210308487333	0.3952972416379689	0.04
/vol/bitbucket/osella/rl-qecc-data/supervisedLearning/sweep2/g5_mix_66-96-126_H3_s1000.pth	3	1000	8	mixed	[(6, 6), (9, 6), (12, 6)]	True	True	True	False	geometric5	4412297	15	3	2026-08-01	mixed_66-96-126	0.022257119563161308	0.08642750631843447	0.02785777781010401	0.07870731903844246	0.1570918688011899	0.13906187413661458	0.029418691805820955	0.020227998625672306	14.611116703725736	10.427155327325456	0.09517835563377589	3.7618905004099235	0.5859809974165291	0.4169925876514655	0.0
/vol/bitbucket/osella/rl-qecc-data/supervisedLearning/sweep2/g5_mix_66-96-126_H3_s5000.pth	3	5000	8	mixed	[(6, 6), (9, 6), (12, 6)]	True	True	True	False	geometric5	4412297	15	3	2026-08-01	mixed_66-96-126	0.022257119563161308	0.12216153413312071	0.027064693859438913	0.08590049853160918	0.2540367823709854	0.21387356314142686	0.029932132762142738	0.020227998625672306	18.957592001552207	10.427155327325456	0.14704146340643812	4.462131016277331	0.5690962713899429	0.4019617000568801	0.0
/vol/bitbucket/osella/rl-qecc-data/supervisedLearning/sweep2/g5_mix_66-96-126_H4_s2000.pth	4	2000	8	mixed	[(6, 6), (9, 6), (12, 6)]	True	True	True	False	geometric5	4412297	15	3	2026-08-01	mixed_66-96-126	0.022257119563161308	0.07055969922236933	0.010416047311394916	0.02886221068592004	0.09221583973585681	0.19142793891101287	0.029876459467662514	0.020227998625672306	14.54321584652529	10.427155327325456	0.10757497638713175	4.237580972201797	0.6171676205772737	0.44201742915868514	0.0
/vol/bitbucket/osella/rl-qecc-data/supervisedLearning/sweep2/g5_mix_66-96-126_H4_s6000.pth	4	6000	8	mixed	[(6, 6), (9, 6), (12, 6)]	True	True	True	False	geometric5	4412297	15	3	2026-08-01	mixed_66-96-126	0.022257119563161308	0.062161527013477796	0.013438475174050517	0.0353839197273168	0.08796588244604088	0.14408264203259388	0.02993671568738754	0.020227998625672306	12.996050048995968	10.427155327325456	0.08253524875412421	2.336337312867224	0.5833045793670089	0.41507247802076586	0.0
/vol/bitbucket/osella/rl-qecc-data/supervisedLearning/sweep2/g5_mix_66-96-126_H6_s4000.pth	6	4000	8	mixed	[(6, 6), (9, 6), (12, 6)]	True	True	True	False	geometric5	4412297	15	3	2026-08-01	mixed_66-96-126	0.022257119563161308	0.05774871274731587	0.006713224301734321	0.020711430849611603	0.07476733694654794	0.1569767248927321	0.029574846745953457	0.020227998625672306	13.236327225562224	10.427155327325456	0.0853176993754594	2.994639601846846	0.5299890924171301	0.3746632122905351	0.06
/vol/bitbucket/osella/rl-qecc-data/supervisedLearning/sweep2/g5_mix_66-96-126_H7_s1000.pth	7	1000	8	mixed	[(6, 6), (9, 6), (12, 6)]	True	True	True	False	geometric5	4412297	15	3	2026-08-01	mixed_66-96-126	0.022257119563161308	0.07385255580279677	0.020374121447657278	0.05183647729011207	0.12245955679717566	0.14481506740587427	0.029777556073163906	0.020227998625672306	14.072450676981632	10.427155327325456	0.0918762165048948	3.77275183839856	0.5335152122790121	0.3758130515793245	0.0
/vol/bitbucket/osella/rl-qecc-data/supervisedLearning/sweep2/g5_mix_66-96-126_H7_s5000.pth	7	5000	8	mixed	[(6, 6), (9, 6), (12, 6)]	True	True	True	False	geometric5	4412297	15	3	2026-08-01	mixed_66-96-126	0.022257119563161308	0.06613316822749742	0.010671155335802842	0.03204965437778892	0.11121306677570467	0.14548637612809776	0.0312455885200929	0.020227998625672306	13.613852175138037	10.427155327325456	0.08730683103126481	3.8339872594782025	0.5452760254858261	0.3839446476210131	0.02
/vol/bitbucket/osella/rl-qecc-data/supervisedLearning/sweep2/g5_mix_66-96_H10_s2000.pth	10	2000	12	mixed	[(6, 6), (9, 6)]	True	True	False	False	geometric5	4412297	15	3	2026-08-01	mixed_66-96	0.022257119563161308	0.0508750871309103	0.005757121690490108	0.021171472163665744	0.0974981447946214	0.09787872342177763	0.03206997358399645	0.020227998625672306	13.467417657460368	10.427155327325456	0.0611154803578136	2.1627941709993515	0.44795564256937687	0.314756959379577	0.04
/vol/bitbucket/osella/rl-qecc-data/supervisedLearning/sweep2/g5_mix_66-96_H10_s6000.pth	10	6000	12	mixed	[(6, 6), (9, 6)]	True	True	False	False	geometric5	4412297	15	3	2026-08-01	mixed_66-96	0.022257119563161308	0.04609384898700536	0.005840116981126559	0.020401645049294977	0.07730402616254979	0.09460397833163857	0.03231947841041645	0.020227998625672306	12.784613154549431	10.427155327325456	0.05812551296335311	2.796408908114021	0.405705610613226	0.2786327870189915	0.04
/vol/bitbucket/osella/rl-qecc-data/supervisedLearning/sweep2/g5_mix_66-96_H3_s4000.pth	3	4000	12	mixed	[(6, 6), (9, 6)]	True	True	False	False	geometric5	4412297	15	3	2026-08-01	mixed_66-96	0.022257119563161308	0.0852682078964972	0.04138818841909559	0.08025113780104066	0.15952385535242167	0.1123059923098349	0.03287186560009257	0.020227998625672306	14.425468655531041	10.427155327325456	0.07853108863599124	2.408855018613438	0.5447658265988552	0.38191469161825536	0.04
/vol/bitbucket/osella/rl-qecc-data/supervisedLearning/sweep2/g5_mix_66-96_H4_s1000.pth	4	1000	12	mixed	[(6, 6), (9, 6)]	True	True	False	False	geometric5	4412297	15	3	2026-08-01	mixed_66-96	0.022257119563161308	0.08813444154688387	0.01936678645322266	0.06358015975173793	0.20731078421650442	0.1190183333710351	0.03139614394191946	0.020227998625672306	14.06562645167392	10.427155327325456	0.08686523275293735	3.503813234670368	0.4032865823612078	0.2804623511657255	0.02
/vol/bitbucket/osella/rl-qecc-data/supervisedLearning/sweep2/g5_mix_66-96_H4_s5000.pth	4	5000	12	mixed	[(6, 6), (9, 6)]	True	True	False	False	geometric5	4412297	15	3	2026-08-01	mixed_66-96	0.022257119563161308	0.11925697898342907	0.02516831482637351	0.07433810774241287	0.26918713021457935	0.19745497879923637	0.03013636333454266	0.020227998625672306	18.97520053100577	10.427155327325456	0.14048352713214426	4.34193110123356	0.1731743130511631	0.11588148645423141	0.0
/vol/bitbucket/osella/rl-qecc-data/supervisedLearning/sweep2/g5_mix_66-96_H6_s2000.pth	6	2000	12	mixed	[(6, 6), (9, 6)]	True	True	False	False	geometric5	4412297	15	3	2026-08-01	mixed_66-96	0.022257119563161308	0.04110804379848788	0.0063112562899096366	0.020845048360370967	0.06234938085179484	0.08258814158345026	0.03344639190691324	0.020227998625672306	12.015043297796998	10.427155327325456	0.05015958130308098	2.139255763137503	0.59273770031643	0.42137425821454355	0.02
/vol/bitbucket/osella/rl-qecc-data/supervisedLearning/sweep2/g5_mix_66-96_H6_s6000.pth	6	6000	12	mixed	[(6, 6), (9, 6)]	True	True	False	False	geometric5	4412297	15	3	2026-08-01	mixed_66-96	0.022257119563161308	0.045084281129467496	0.007291666192091945	0.021203490520643888	0.07241036503784366	0.0938170076341069	0.030698876262651116	0.020227998625672306	12.330201420840845	10.427155327325456	0.054560990472686574	2.903183219492565	0.5648370849109643	0.39774568744206373	0.08
/vol/bitbucket/osella/rl-qecc-data/supervisedLearning/sweep2/g5_mix_66-96_H7_s4000.pth	7	4000	12	mixed	[(6, 6), (9, 6)]	True	True	False	False	geometric5	4412297	15	3	2026-08-01	mixed_66-96	0.022257119563161308	0.05425069986749268	0.02247297394632263	0.040565287134667824	0.07719051918730814	0.10073497393043258	0.030289745138732234	0.020227998625672306	12.903364843146589	10.427155327325456	0.062223744437387346	2.536092743698243	0.5882051052106058	0.4183236315142766	0.02
/vol/bitbucket/osella/rl-qecc-data/supervisedLearning/sweep2/g5_mix_66_H10_s1000.pth	10	1000	24	mixed	[(6, 6)]	True	False	False	False	geometric5	4412297	15	3	2026-08-01	mixed_66	0.022257119563161308	0.07384088009888971	0.021192001240227333	0.05968651987638076	0.13092730414080203	0.12706587458992893	0.03033270064710878	0.020227998625672306	14.219836745567115	10.427155327325456	0.07923771391373205	5.026446313058807	0.2861370540994683	0.19793655638586083	0.0
/vol/bitbucket/osella/rl-qecc-data/supervisedLearning/sweep2/g5_mix_66_H10_s5000.pth	10	5000	24	mixed	[(6, 6)]	True	False	False	False	geometric5	4412297	15	3	2026-08-01	mixed_66	0.022257119563161308	0.07366622984137446	0.020343273257093786	0.05602800903243523	0.12285038665305478	0.13812956010047578	0.03097992016381258	0.020227998625672306	13.681375357396554	10.427155327325456	0.08330701611007778	3.7185123319049325	0.3830844183950314	0.26586976768388326	0.0
/vol/bitbucket/osella/rl-qecc-data/supervisedLearning/sweep2/g5_mix_66_H3_s2000.pth	3	2000	24	mixed	[(6, 6)]	True	False	False	False	geometric5	4412297	15	3	2026-08-01	mixed_66	0.022257119563161308	0.07016054283763384	0.0058678689733839655	0.02203817852067462	0.09693448921488193	0.19465782688108857	0.031304350598138964	0.020227998625672306	14.390372487265326	10.427155327325456	0.09946870691073172	2.659839759482291	0.40925964814040106	0.28047761934403914	0.02
/vol/bitbucket/osella/rl-qecc-data/supervisedLearning/sweep2/g5_mix_66_H3_s6000.pth	3	6000	24	mixed	[(6, 6)]	True	False	False	False	geometric5	4412297	15	3	2026-08-01	mixed_66	0.022257119563161308	0.08440385991785568	0.019856571732103624	0.05883257288687405	0.15576936783973303	0.1572927561676747	0.03026803096289341	0.020227998625672306	14.668353392097595	10.427155327325456	0.09525093718591605	6.8179764334847155	0.2860119122788667	0.19679039068934923	0.0
/vol/bitbucket/osella/rl-qecc-data/supervisedLearning/sweep2/g5_mix_66_H4_s4000.pth	4	4000	24	mixed	[(6, 6)]	True	False	False	False	geometric5	4412297	15	3	2026-08-01	mixed_66	0.022257119563161308	0.07961713543055365	0.038142093057064834	0.09059779980009412	0.13539558836845653	0.10231267300635315	0.03163752292080014	0.020227998625672306	14.215371758711782	10.427155327325456	0.06935818042462524	3.839169235500877	0.3587774663215224	0.24853606884309332	0.0
/vol/bitbucket/osella/rl-qecc-data/supervisedLearning/sweep2/g5_mix_66_H6_s1000.pth	6	1000	24	mixed	[(6, 6)]	True	False	False	False	geometric5	4412297	15	3	2026-08-01	mixed_66	0.022257119563161308	0.050816522007381265	0.01399109424569309	0.03459832173332173	0.08048431116818983	0.09493815329007727	0.030070729599623994	0.020227998625672306	13.662691800529327	10.427155327325456	0.056649159362405825	6.372705863942818	0.448998061101567	0.3123236130915669	0.0
/vol/bitbucket/osella/rl-qecc-data/supervisedLearning/sweep2/g5_mix_66_H6_s5000.pth	6	5000	24	mixed	[(6, 6)]	True	False	False	False	geometric5	4412297	15	3	2026-08-01	mixed_66	0.022257119563161308	0.0853684358554287	0.03196295583482533	0.07993669849108888	0.1565338213107067	0.12825335923476855	0.030155344405752956	0.020227998625672306	14.84666961607462	10.427155327325456	0.0842784167276288	5.7476900889299545	0.2850662864949565	0.19911160832021638	0.0
/vol/bitbucket/osella/rl-qecc-data/supervisedLearning/sweep2/g5_mix_66_H7_s2000.pth	7	2000	24	mixed	[(6, 6)]	True	False	False	False	geometric5	4412297	15	3	2026-08-01	mixed_66	0.022257119563161308	0.0814282079628855	0.032690331792916666	0.08366173554632476	0.15285429526398978	0.10559366578523234	0.03234101142596445	0.020227998625672306	14.449748236675935	10.427155327325456	0.0760642658465723	4.939410112972215	0.33868583456056933	0.23339450465344913	0.0
/vol/bitbucket/osella/rl-qecc-data/supervisedLearning/sweep2/g5_mix_66_H7_s6000.pth	7	6000	24	mixed	[(6, 6)]	True	False	False	False	geometric5	4412297	15	3	2026-08-01	mixed_66	0.022257119563161308	0.04957262217372546	0.0084842471575342	0.025285989598213165	0.07920587173851915	0.10487959087822983	0.03000741149613033	0.020227998625672306	13.313862407075124	10.427155327325456	0.058978520554104324	6.124909074093746	0.4674933243106857	0.32759007733972756	0.0
/vol/bitbucket/osella/rl-qecc-data/supervisedLearning/sweep2/g5_ground_anch_H10_s4000.pth	10	4000	2	groundAnchored	[(6, 6), (9, 6), (12, 6), (15, 3)]	True	True	True	True	geometric5	1353227	12	6	2026-08-01	groundAnchored_66-96-126-153	0.01850424850243222	0.05621452967678689	0.005678399458760886	0.01699346709951905	0.05832314115234554	0.18452872836037568	0.01554891231293287	0.01488279008886767	9.7165499928278	7.378381754377372	0.08477499218456254	2.42553534315662	0.5971478303170158	0.42765681214403256	0.0
/vol/bitbucket/osella/rl-qecc-data/supervisedLearning/sweep2/g5_ground_anch_H3_s1000.pth	3	1000	2	groundAnchored	[(6, 6), (9, 6), (12, 6), (15, 3)]	True	True	True	True	geometric5	1353227	12	6	2026-08-01	groundAnchored_66-96-126-153	0.01850424850243222	0.06107302231601117	0.003367498862814081	0.011063388277095462	0.055994161507590436	0.21887854867208859	0.01606151426046718	0.01488279008886767	9.982680045041231	7.378381754377372	0.10246370276697916	2.443212131307069	0.6309252362866333	0.4542348138859817	0.02
/vol/bitbucket/osella/rl-qecc-data/supervisedLearning/sweep2/g5_ground_anch_H3_s5000.pth	3	5000	2	groundAnchored	[(6, 6), (9, 6), (12, 6), (15, 3)]	True	True	True	True	geometric5	1353227	12	6	2026-08-01	groundAnchored_66-96-126-153	0.01850424850243222	0.0629084814859661	0.0039281905603442665	0.012850080892137211	0.05262318633119097	0.2252415067140013	0.019899442932156942	0.01488279008886767	9.807574216587843	7.378381754377372	0.10734504043052981	2.442843194907218	0.6230150682661403	0.4467191140937893	0.0
/vol/bitbucket/osella/rl-qecc-data/supervisedLearning/sweep2/g5_ground_anch_H4_s2000.pth	4	2000	2	groundAnchored	[(6, 6), (9, 6), (12, 6), (15, 3)]	True	True	True	True	geometric5	1353227	12	6	2026-08-01	groundAnchored_66-96-126-153	0.01850424850243222	0.08221902924321413	0.004157096533884952	0.013036298215995959	0.06101285535430725	0.31264908994118956	0.020239806170693018	0.01488279008886767	11.030907465191115	7.378381754377372	0.14907750602379236	2.460010101377167	0.6092081314445583	0.4384550477380083	0.02
/vol/bitbucket/osella/rl-qecc-data/supervisedLearning/sweep2/g5_ground_anch_H4_s6000.pth	4	6000	2	groundAnchored	[(6, 6), (9, 6), (12, 6), (15, 3)]	True	True	True	True	geometric5	1353227	12	6	2026-08-01	groundAnchored_66-96-126-153	0.01850424850243222	0.07465682380879025	0.002837650711178932	0.009794686278145889	0.062399700939304505	0.27898914975377276	0.019262931361549298	0.01488279008886767	10.762155222238611	7.378381754377372	0.13455632410017027	2.470067725484727	0.6280389934516869	0.4505312328288456	0.02
/vol/bitbucket/osella/rl-qecc-data/supervisedLearning/sweep2/g5_ground_anch_H6_s4000.pth	6	4000	2	groundAnchored	[(6, 6), (9, 6), (12, 6), (15, 3)]	True	True	True	True	geometric5	1353227	12	6	2026-08-01	groundAnchored_66-96-126-153	0.01850424850243222	0.051045485235198765	0.005311457313559716	0.013754650163019846	0.05156463340549021	0.16905742733769294	0.015539257956231173	0.01488279008886767	9.449987148430932	7.378381754377372	0.07888290552505309	2.42912702166036	0.6825675951522785	0.5005301866961434	0.02
/vol/bitbucket/osella/rl-qecc-data/supervisedLearning/sweep2/g5_ground_anch_H7_s1000.pth	7	1000	2	groundAnchored	[(6, 6), (9, 6), (12, 6), (15, 3)]	True	True	True	True	geometric5	1353227	12	6	2026-08-01	groundAnchored_66-96-126-153	0.01850424850243222	0.0733673559824479	0.0030458418047126963	0.010242070727789519	0.058402263422130146	0.2752065507610955	0.019940053196511758	0.01488279008886767	10.544632002130468	7.378381754377372	0.13237680036858654	2.4459417651633957	0.6502407453133295	0.4690699184163848	0.02
/vol/bitbucket/osella/rl-qecc-data/supervisedLearning/sweep2/g5_ground_anch_H7_s5000.pth	7	5000	2	groundAnchored	[(6, 6), (9, 6), (12, 6), (15, 3)]	True	True	True	True	geometric5	1353227	12	6	2026-08-01	groundAnchored_66-96-126-153	0.01850424850243222	0.06883056985919687	0.0036801953196346315	0.011828383648750948	0.051747892638047535	0.25460583728825625	0.022290540401295213	0.01488279008886767	10.103158528811898	7.378381754377372	0.12301957232354141	2.4412207830550274	0.6567296241388172	0.47504864091628535	0.02
/vol/bitbucket/osella/rl-qecc-data/supervisedLearning/sweep2/g5_ground_pure_H10_s2000.pth	10	2000	2	groundPure	[(6, 6), (9, 6), (12, 6), (15, 3)]	True	True	True	True	geometric5	1353227	12	6	2026-08-01	groundPure_66-96-126-153	0.01850424850243222	0.06814328598876716	0.002658235728575339	0.009351756643264719	0.06392143404734987	0.2494507806726116	0.015334222852034491	0.01488279008886767	10.741785324811898	7.378381754377372	0.11797522646061231	2.443534876639397	0.7097158415769127	0.5241684430447795	0.04
/vol/bitbucket/osella/rl-qecc-data/supervisedLearning/sweep2/g5_ground_pure_H10_s6000.pth	10	6000	2	groundPure	[(6, 6), (9, 6), (12, 6), (15, 3)]	True	True	True	True	geometric5	1353227	12	6	2026-08-01	groundPure_66-96-126-153	0.01850424850243222	0.056269974308049794	0.0035926896970980837	0.01237601709458367	0.05548711377512892	0.1884045022055115	0.021489548767927004	0.01488279008886767	9.487536114871281	7.378381754377372	0.09085235793834412	2.4523963701852853	0.5581027220135765	0.3930203487949997	0.0
/vol/bitbucket/osella/rl-qecc-data/supervisedLearning/sweep2/g5_ground_pure_H3_s4000.pth	3	4000	2	groundPure	[(6, 6), (9, 6), (12, 6), (15, 3)]	True	True	True	True	geometric5	1353227	12	6	2026-08-01	groundPure_66-96-126-153	0.01850424850243222	0.08190757891890385	0.0030320149815138437	0.010472427052188251	0.060502277807793374	0.31958527864180014	0.015945896111223684	0.01488279008886767	11.341479522393566	7.378381754377372	0.1488967232589121	2.4563798009665896	0.6271393189246584	0.4504599148307065	0.02
/vol/bitbucket/osella/rl-qecc-data/supervisedLearning/sweep2/g5_ground_pure_H4_s1000.pth	4	1000	2	groundPure	[(6, 6), (9, 6), (12, 6), (15, 3)]	True	True	True	True	geometric5	1353227	12	6	2026-08-01	groundPure_66-96-126-153	0.01850424850243222	0.08177147790745554	0.003779734069587229	0.01269249611799348	0.06089111744895573	0.3113335604605942	0.020160481440146944	0.01488279008886767	11.047719709594686	7.378381754377372	0.14876431754236855	2.4331167425540374	0.5766627881389248	0.4095905120558328	0.04
/vol/bitbucket/osella/rl-qecc-data/supervisedLearning/sweep2/g5_ground_pure_H4_s5000.pth	4	5000	2	groundPure	[(6, 6), (9, 6), (12, 6), (15, 3)]	True	True	True	True	geometric5	1353227	12	6	2026-08-01	groundPure_66-96-126-153	0.01850424850243222	0.061123496535221006	0.0031581164301262114	0.011218681747543181	0.057643350724677925	0.21477360396515388	0.018823729808603813	0.01488279008886767	9.880398770256434	7.378381754377372	0.10319098946450854	2.4643923008820554	0.5725425645765273	0.4078707984461863	0.02
/vol/bitbucket/osella/rl-qecc-data/supervisedLearning/sweep2/g5_ground_pure_H6_s2000.pth	6	2000	2	groundPure	[(6, 6), (9, 6), (12, 6), (15, 3)]	True	True	True	True	geometric5	1353227	12	6	2026-08-01	groundPure_66-96-126-153	0.01850424850243222	0.07261945099737381	0.00292687513215152	0.010342866136357038	0.05810201446643228	0.27309355544739705	0.018631943804531023	0.01488279008886767	10.582177873471721	7.378381754377372	0.1304079668379407	2.4295343263895828	0.6033688819804763	0.4292083827183298	0.02
/vol/bitbucket/osella/rl-qecc-data/supervisedLearning/sweep2/g5_ground_pure_H6_s6000.pth	6	6000	2	groundPure	[(6, 6), (9, 6), (12, 6), (15, 3)]	True	True	True	True	geometric5	1353227	12	6	2026-08-01	groundPure_66-96-126-153	0.01850424850243222	0.0734744418100188	0.003393243462486071	0.011373159738290636	0.06511472646414425	0.26878347109142287	0.018707608293750302	0.01488279008886767	10.693378438021202	7.378381754377372	0.1297494020669481	2.4323509040950753	0.5569607031460333	0.39475506119115167	0.04
/vol/bitbucket/osella/rl-qecc-data/supervisedLearning/sweep2/g5_ground_pure_H7_s4000.pth	7	4000	2	groundPure	[(6, 6), (9, 6), (12, 6), (15, 3)]	True	True	True	True	geometric5	1353227	12	6	2026-08-01	groundPure_66-96-126-153	0.01850424850243222	0.050588065646495615	0.0028498846482481535	0.010124725286495688	0.05263515884461954	0.1718713077384245	0.015459251714690156	0.01488279008886767	9.63989893466829	7.378381754377372	0.0809387809156764	2.4298203522939463	0.6515045973988799	0.47152244017934497	0.08
/vol/bitbucket/osella/rl-qecc-data/supervisedLearning/sweep2/g5_mix_66-96-126-153_H10_s1000.pth	10	1000	6	mixed	[(6, 6), (9, 6), (12, 6), (15, 3)]	True	True	True	True	geometric5	1353227	12	6	2026-08-01	mixed_66-96-126-153	0.01850424850243222	0.024220338120851944	0.003376035806263924	0.009247634442631903	0.035407614823836975	0.05466033931227952	0.018410066219247217	0.01488279008886767	8.080483584096104	7.378381754377372	0.03100814664351447	2.3274171341256853	0.7695902305969335	0.5807869186807717	0.08
/vol/bitbucket/osella/rl-qecc-data/supervisedLearning/sweep2/g5_mix_66-96-126-153_H10_s5000.pth	10	5000	6	mixed	[(6, 6), (9, 6), (12, 6), (15, 3)]	True	True	True	True	geometric5	1353227	12	6	2026-08-01	mixed_66-96-126-153	0.01850424850243222	0.024919430465917127	0.00375311100613173	0.009595200330010288	0.03773149822597877	0.05528421278533689	0.01823312998212791	0.01488279008886767	8.098046063727645	7.378381754377372	0.031577760038863756	2.2410980505665656	0.7626901073771861	0.5733072459758105	0.12
/vol/bitbucket/osella/rl-qecc-data/supervisedLearning/sweep2/g5_mix_66-96-126-153_H3_s2000.pth	3	2000	6	mixed	[(6, 6), (9, 6), (12, 6), (15, 3)]	True	True	True	True	geometric5	1353227	12	6	2026-08-01	mixed_66-96-126-153	0.01850424850243222	0.025262873516536895	0.004100448080949404	0.010594261710414783	0.03698750370142323	0.05559410907586279	0.019038045014034083	0.01488279008886767	8.156291270841526	7.378381754377372	0.03214295669299534	2.4158593272105944	0.7486622379595935	0.5614045477749882	0.0
/vol/bitbucket/osella/rl-qecc-data/supervisedLearning/sweep2/g5_mix_66-96-126-153_H3_s6000.pth	3	6000	6	mixed	[(6, 6), (9, 6), (12, 6), (15, 3)]	True	True	True	True	geometric5	1353227	12	6	2026-08-01	mixed_66-96-126-153	0.01850424850243222	0.02364916537737148	0.003312747737055364	0.008975460479660214	0.03706029111110277	0.053671084481768425	0.015226243077270506	0.01488279008886767	8.046138518442165	7.378381754377372	0.030049607133870445	2.3110539908017027	0.7882275950741103	0.5981431250968197	0.16
/vol/bitbucket/osella/rl-qecc-data/supervisedLearning/sweep2/g5_mix_66-96-126-153_H4_s4000.pth	4	4000	6	mixed	[(6, 6), (9, 6), (12, 6), (15, 3)]	True	True	True	True	geometric5	1353227	12	6	2026-08-01	mixed_66-96-126-153	0.01850424850243222	0.024174050114923688	0.003193939151849028	0.00880732989788013	0.035142912975933756	0.05503136656749068	0.018694701981464775	0.01488279008886767	8.091612697830056	7.378381754377372	0.03146865944914795	2.3830537501357796	0.7598389253342283	0.5714154655442673	0.06
/vol/bitbucket/osella/rl-qecc-data/supervisedLearning/sweep2/g5_mix_66-96-126-153_H6_s1000.pth	6	1000	6	mixed	[(6, 6), (9, 6), (12, 6), (15, 3)]	True	True	True	True	geometric5	1353227	12	6	2026-08-01	mixed_66-96-126-153	0.01850424850243222	0.024191883279979766	0.003405394511840258	0.008898146592674933	0.03536280740117144	0.05420770269455408	0.019085365199658214	0.01488279008886767	8.078609612853784	7.378381754377372	0.031277794026788104	2.3145762527905593	0.768270280433693	0.5793669314115505	0.14
/vol/bitbucket/osella/rl-qecc-data/supervisedLearning/sweep2/g5_mix_66-96-126-153_H6_s5000.pth	6	5000	6	mixed	[(6, 6), (9, 6), (12, 6), (15, 3)]	True	True	True	True	geometric5	1353227	12	6	2026-08-01	mixed_66-96-126-153	0.01850424850243222	0.02389650827456028	0.003206829845765952	0.008436771025732936	0.03468852540186255	0.0543270499343994	0.018823365165040514	0.01488279008886767	8.076666581764108	7.378381754377372	0.031061543045599067	2.337378324520892	0.7668477358262952	0.5781924631535512	0.06
/vol/bitbucket/osella/rl-qecc-data/supervisedLearning/sweep2/g5_mix_66-96-126-153_H7_s2000.pth	7	2000	6	mixed	[(6, 6), (9, 6), (12, 6), (15, 3)]	True	True	True	True	geometric5	1353227	12	6	2026-08-01	mixed_66-96-126-153	0.01850424850243222	0.02376827821771066	0.0030558388580383916	0.008468080843490504	0.034922980318953765	0.05422406377872767	0.018170427289342844	0.01488279008886767	8.079770035219417	7.378381754377372	0.031023782186087992	2.4228766685001606	0.7663942972771159	0.57784544125781	0.08
/vol/bitbucket/osella/rl-qecc-data/supervisedLearning/sweep2/g5_mix_66-96-126-153_H7_s6000.pth	7	6000	6	mixed	[(6, 6), (9, 6), (12, 6), (15, 3)]	True	True	True	True	geometric5	1353227	12	6	2026-08-01	mixed_66-96-126-153	0.01850424850243222	0.0242345913053041	0.003216904176916942	0.008797330699683888	0.03541020300632813	0.0551118286348354	0.018636690008756104	0.01488279008886767	8.092892171649567	7.378381754377372	0.03141801358444322	2.3558865631823425	0.7621079828991014	0.572913439205562	0.08
/vol/bitbucket/osella/rl-qecc-data/supervisedLearning/sweep2/g5_mix_66-96-126_H10_s4000.pth	10	4000	8	mixed	[(6, 6), (9, 6), (12, 6)]	True	True	True	False	geometric5	1353227	12	6	2026-08-01	mixed_66-96-126	0.01850424850243222	0.024045116950023003	0.0035853686459526557	0.009850484693355937	0.03878800321918323	0.053759062524866716	0.014242665666756554	0.01488279008886767	8.036588779193256	7.378381754377372	0.0300391313088762	2.1917242367946113	0.7968731344092835	0.608207350745131	0.16
/vol/bitbucket/osella/rl-qecc-data/supervisedLearning/sweep2/g5_mix_66-96-126_H3_s1000.pth	3	1000	8	mixed	[(6, 6), (9, 6), (12, 6)]	True	True	True	False	geometric5	1353227	12	6	2026-08-01	mixed_66-96-126	0.01850424850243222	0.02462938084430929	0.0034883907721217854	0.009470837574439629	0.03617130668425844	0.05502202871578793	0.018994340474938524	0.01488279008886767	8.092477020559773	7.378381754377372	0.03157967421235418	2.3999379633055153	0.7588517340287676	0.5704243570731271	0.14
/vol/bitbucket/osella/rl-qecc-data/supervisedLearning/sweep2/g5_mix_66-96-126_H3_s5000.pth	3	5000	8	mixed	[(6, 6), (9, 6), (12, 6)]	True	True	True	False	geometric5	1353227	12	6	2026-08-01	mixed_66-96-126	0.01850424850243222	0.023183245524787087	0.00319097059590068	0.008905619695447767	0.03488351443310906	0.05252393828870964	0.016412184610768214	0.01488279008886767	8.030934804699417	7.378381754377372	0.029626601938881666	2.1264589683288886	0.7918348767905918	0.602470706221962	0.14
/vol/bitbucket/osella/rl-qecc-data/supervisedLearning/sweep2/g5_mix_66-96-126_H4_s2000.pth	4	2000	8	mixed	[(6, 6), (9, 6), (12, 6)]	True	True	True	False	geometric5	1353227	12	6	2026-08-01	mixed_66-96-126	0.01850424850243222	0.024241360416563888	0.003381139256524258	0.009167109899665647	0.03487275617150322	0.05505155114000913	0.01873424561511711	0.01488279008886767	8.083215760436909	7.378381754377372	0.03138572899505572	2.4126344566437	0.7613884927942912	0.57309640223645	0.04
/vol/bitbucket/osella/rl-qecc-data/supervisedLearning/sweep2/g5_mix_66-96-126_H4_s6000.pth	4	6000	8	mixed	[(6, 6), (9, 6), (12, 6)]	True	True	True	False	geometric5	1353227	12	6	2026-08-01	mixed_66-96-126	0.01850424850243222	0.025112647009145953	0.004213835353388777	0.010661386700092732	0.036908325543817615	0.05495126078149493	0.018828426666935717	0.01488279008886767	8.109904660626155	7.378381754377372	0.031560467458002464	2.4317696852821116	0.7555617033613268	0.5685662745650898	0.1
/vol/bitbucket/osella/rl-qecc-data/supervisedLearning/sweep2/g5_mix_66-96-126_H6_s4000.pth	6	4000	8	mixed	[(6, 6), (9, 6), (12, 6)]	True	True	True	False	geometric5	1353227	12	6	2026-08-01	mixed_66-96-126	0.01850424850243222	0.02361250800454861	0.0033811393762705213	0.009430371588814289	0.03765985788514417	0.053179313640995554	0.014411857531518576	0.01488279008886767	8.035191627772424	7.378381754377372	0.029671692516053148	2.2086720440184227	0.7958204221400114	0.6069442439543249	0.2
/vol/bitbucket/osella/rl-qecc-data/supervisedLearning/sweep2/g5_mix_66-96-126_H7_s1000.pth	7	1000	8	mixed	[(6, 6), (9, 6), (12, 6)]	True	True	True	False	geometric5	1353227	12	6	2026-08-01	mixed_66-96-126	0.01850424850243222	0.023019836474582438	0.0033686428110131844	0.009129981665921822	0.036133156349513126	0.05197917348106896	0.014488228065395133	0.01488279008886767	8.010829462401155	7.378381754377372	0.028868663294208043	2.193382112260174	0.8020950095621396	0.6137521466574594	0.22
/vol/bitbucket/osella/rl-qecc-data/supervisedLearning/sweep2/g5_mix_66-96-126_H7_s5000.pth	7	5000	8	mixed	[(6, 6), (9, 6), (12, 6)]	True	True	True	False	geometric5	1353227	12	6	2026-08-01	mixed_66-96-126	0.01850424850243222	0.023511389169155916	0.003197521511332081	0.008824215893484954	0.03524743703641448	0.05321977193908418	0.017067999465463925	0.01488279008886767	8.053916399377192	7.378381754377372	0.030165270555028635	2.2484925377113254	0.7814045913107028	0.5930307915904216	0.14
/vol/bitbucket/osella/rl-qecc-data/supervisedLearning/sweep2/g5_mix_66-96_H10_s2000.pth	10	2000	12	mixed	[(6, 6), (9, 6)]	True	True	False	False	geometric5	1353227	12	6	2026-08-01	mixed_66-96	0.01850424850243222	0.05133628020771865	0.0027819685933594142	0.009200845908330325	0.05380487226405633	0.16819924395717248	0.022694470315674873	0.01488279008886767	9.396462749388089	7.378381754377372	0.08600753636467594	2.6686036790273886	0.674585419220104	0.4913614935421547	0.06
/vol/bitbucket/osella/rl-qecc-data/supervisedLearning/sweep2/g5_mix_66-96_H10_s6000.pth	10	6000	12	mixed	[(6, 6), (9, 6)]	True	True	False	False	geometric5	1353227	12	6	2026-08-01	mixed_66-96	0.01850424850243222	0.04181267771760306	0.0028997968524624193	0.009071823750812405	0.04826127320044365	0.12723732090124104	0.021593173883055924	0.01488279008886767	8.908387361058278	7.378381754377372	0.06654720979168141	2.857723622155369	0.6736901837727559	0.4903499722976856	0.06
/vol/bitbucket/osella/rl-qecc-data/supervisedLearning/sweep2/g5_mix_66-96_H3_s4000.pth	3	4000	12	mixed	[(6, 6), (9, 6)]	True	True	False	False	geometric5	1353227	12	6	2026-08-01	mixed_66-96	0.01850424850243222	0.04425630687551115	0.0027628524511757804	0.008812742239176618	0.04755362021006293	0.13415210343351822	0.02800021604362256	0.01488279008886767	9.023764126005858	7.378381754377372	0.07319033676319711	2.7312501927140045	0.706257760261791	0.5192958652238255	0.08
/vol/bitbucket/osella/rl-qecc-data/supervisedLearning/sweep2/g5_mix_66-96_H4_s1000.pth	4	1000	12	mixed	[(6, 6), (9, 6)]	True	True	False	False	geometric5	1353227	12	6	2026-08-01	mixed_66-96	0.01850424850243222	0.04423642738967817	0.002759538162391258	0.009002488985003856	0.0443867027126772	0.13717243087784542	0.02786097621047288	0.01488279008886767	9.002953314573292	7.378381754377372	0.0732678902085826	2.7439500048208676	0.6926529045054226	0.5060664388077034	0.04
/vol/bitbucket/osella/rl-qecc-data/supervisedLearning/sweep2/g5_mix_66-96_H4_s5000.pth	4	5000	12	mixed	[(6, 6), (9, 6)]	True	True	False	False	geometric5	1353227	12	6	2026-08-01	mixed_66-96	0.01850424850243222	0.04047980135286531	0.002927319850651125	0.009070429042889313	0.046800915743325476	0.11949440957804491	0.024105932549415898	0.01488279008886767	8.870396000508842	7.378381754377372	0.06456208486519993	2.737414292300268	0.684549942962267	0.4991025098301805	0.04
/vol/bitbucket/osella/rl-qecc-data/supervisedLearning/sweep2/g5_mix_66-96_H6_s2000.pth	6	2000	12	mixed	[(6, 6), (9, 6)]	True	True	False	False	geometric5	1353227	12	6	2026-08-01	mixed_66-96	0.01850424850243222	0.046413455326037266	0.00286735796661856	0.00941935345553706	0.05152271729681698	0.14426656736785365	0.02399128054336006	0.01488279008886767	9.114985193065438	7.378381754377372	0.07596457026363794	2.666544527339191	0.7084983446437261	0.5205702362909308	0.06
/vol/bitbucket/osella/rl-qecc-data/supervisedLearning/sweep2/g5_mix_66-96_H6_s6000.pth	6	6000	12	mixed	[(6, 6), (9, 6)]	True	True	False	False	geometric5	1353227	12	6	2026-08-01	mixed_66-96	0.01850424850243222	0.042123858842029065	0.0028081120504271757	0.009088601202556341	0.05080299411299525	0.12056926408249204	0.027350322761674598	0.01488279008886767	9.013277637263963	7.378381754377372	0.06722668725482234	2.6941571446154895	0.6877933073646619	0.5028156059562874	0.02
/vol/bitbucket/osella/rl-qecc-data/supervisedLearning/sweep2/g5_mix_66-96_H7_s4000.pth	7	4000	12	mixed	[(6, 6), (9, 6)]	True	True	False	False	geometric5	1353227	12	6	2026-08-01	mixed_66-96	0.01850424850243222	0.046838306329026316	0.002894909831943874	0.009066230573736851	0.04629643632057624	0.15095831739196924	0.024975637526905535	0.01488279008886767	9.05764669768477	7.378381754377372	0.07842372352239221	2.7187386208331565	0.707989878870071	0.5199374262510352	0.1
/vol/bitbucket/osella/rl-qecc-data/supervisedLearning/sweep2/g5_mix_66_H10_s1000.pth	10	1000	24	mixed	[(6, 6)]	True	False	False	False	geometric5	1353227	12	6	2026-08-01	mixed_66	0.01850424850243222	0.07225230292502864	0.004098877306488665	0.012811042894023381	0.05930512719761223	0.26338012245906833	0.021666344767950298	0.01488279008886767	10.450689515830804	7.378381754377372	0.1277642973128662	2.642932061123731	0.6183070050579724	0.4462285679309605	0.0
/vol/bitbucket/osella/rl-qecc-data/supervisedLearning/sweep2/g5_mix_66_H10_s5000.pth	10	5000	24	mixed	[(6, 6)]	True	False	False	False	geometric5	1353227	12	6	2026-08-01	mixed_66	0.01850424850243222	0.07152307653000371	0.0043072307910116455	0.013530735755101598	0.059711382665477104	0.25908761377716	0.020978419661268316	0.01488279008886767	10.332024167608557	7.378381754377372	0.12507989032794625	2.637028420067848	0.6170661016016727	0.4468992462417664	0.02
/vol/bitbucket/osella/rl-qecc-data/supervisedLearning/sweep2/g5_mix_66_H3_s2000.pth	3	2000	24	mixed	[(6, 6)]	True	False	False	False	geometric5	1353227	12	6	2026-08-01	mixed_66	0.01850424850243222	0.08393771323119084	0.002995820329061235	0.010220846655730776	0.06339162374103968	0.32332077148325156	0.019759503946870774	0.01488279008886767	11.545553718058246	7.378381754377372	0.15456195755250307	2.6665248060486633	0.5907020352967168	0.42021259964501007	0.0
/vol/bitbucket/osella/rl-qecc-data/supervisedLearning/sweep2/g5_mix_66_H3_s6000.pth	3	6000	24	mixed	[(6, 6)]	True	False	False	False	geometric5	1353227	12	6	2026-08-01	mixed_66	0.01850424850243222	0.08628590845003578	0.004068871097006002	0.012696754080128644	0.06674020333219056	0.3239532253492462	0.023970488391606926	0.01488279008886767	11.438416551631569	7.378381754377372	0.15796692730334408	2.6471718555620907	0.5482931012778958	0.3908738385761055	0.0
/vol/bitbucket/osella/rl-qecc-data/supervisedLearning/sweep2/g5_mix_66_H4_s4000.pth	4	4000	24	mixed	[(6, 6)]	True	False	False	False	geometric5	1353227	12	6	2026-08-01	mixed_66	0.01850424850243222	0.06389860929884102	0.004445090410142267	0.0140821586196973	0.05684885027136585	0.22011314082743064	0.024003806365569126	0.01488279008886767	9.863887372996425	7.378381754377372	0.10785969353676235	2.6592108341550706	0.5713275913836816	0.40784864983353314	0.02
/vol/bitbucket/osella/rl-qecc-data/supervisedLearning/sweep2/g5_mix_66_H6_s1000.pth	6	1000	24	mixed	[(6, 6)]	True	False	False	False	geometric5	1353227	12	6	2026-08-01	mixed_66	0.01850424850243222	0.08350740764242594	0.0034635223736291963	0.011088718108480486	0.06206957727274409	0.3169137830145577	0.02400143744271858	0.01488279008886767	11.216656828999243	7.378381754377372	0.15428211589366653	2.6641889349063486	0.6109586896194319	0.43809579655775227	0.0
/vol/bitbucket/osella/rl-qecc-data/supervisedLearning/sweep2/g5_mix_66_H6_s5000.pth	6	5000	24	mixed	[(6, 6)]	True	False	False	False	geometric5	1353227	12	6	2026-08-01	mixed_66	0.01850424850243222	0.07411976521436117	0.006042740523139746	0.01837508616233017	0.06632943409576582	0.2588905066108346	0.020961058679734863	0.01488279008886767	10.53721839689178	7.378381754377372	0.12522162763897043	2.8451429722784596	0.5348614737989369	0.38274291062080196	0.02
/vol/bitbucket/osella/rl-qecc-data/supervisedLearning/sweep2/g5_mix_66_H7_s2000.pth	7	2000	24	mixed	[(6, 6)]	True	False	False	False	geometric5	1353227	12	6	2026-08-01	mixed_66	0.01850424850243222	0.060772783730812886	0.0064558413270878676	0.018481577348714646	0.06045549596012603	0.19661205250607855	0.02185895151205769	0.01488279008886767	9.823230460845641	7.378381754377372	0.09619545338475864	2.992032418848644	0.557960606973129	0.3982199392338729	0.02
/vol/bitbucket/osella/rl-qecc-data/supervisedLearning/sweep2/g5_mix_66_H7_s6000.pth	7	6000	24	mixed	[(6, 6)]	True	False	False	False	geometric5	1353227	12	6	2026-08-01	mixed_66	0.01850424850243222	0.06903365800002838	0.003355603927177839	0.010714382041024668	0.0575642908769807	0.2510454935962603	0.022488519558698388	0.01488279008886767	10.308666924304013	7.378381754377372	0.1227713814980731	2.558008029029805	0.6065847656387199	0.43474711668415905	0.0
/vol/bitbucket/osella/rl-qecc-data/supervisedLearning/sweep2/g5_ground_anch_H10_s4000.pth	10	4000	2	groundAnchored	[(6, 6), (9, 6), (12, 6), (15, 3)]	True	True	True	True	geometric5	10148123	3	27	2026-08-01	groundAnchored_66-96-126-153	0.015023945469023817	0.11081762852891772	0.0325539199211222	0.0772621291997453	0.18966771203218852	0.22197652628425935	0.032627855207273036	0.0219898349070157	17.212775467220023	11.218728447201691	0.12078802422576287	7.268680438867787	0.28231998293635646	0.19130492350655726	0.0
/vol/bitbucket/osella/rl-qecc-data/supervisedLearning/sweep2/g5_ground_anch_H3_s1000.pth	3	1000	2	groundAnchored	[(6, 6), (9, 6), (12, 6), (15, 3)]	True	True	True	True	geometric5	10148123	3	27	2026-08-01	groundAnchored_66-96-126-153	0.015023945469023817	0.13032319441479273	0.05878962021407262	0.15403609146464242	0.25044436018381305	0.15469918711634134	0.03364671309509406	0.0219898349070157	18.321159206088833	11.218728447201691	0.10282970227877476	7.0177137229490665	0.20304669512382356	0.13783269952620694	0.0
/vol/bitbucket/osella/rl-qecc-data/supervisedLearning/sweep2/g5_ground_anch_H3_s5000.pth	3	5000	2	groundAnchored	[(6, 6), (9, 6), (12, 6), (15, 3)]	True	True	True	True	geometric5	10148123	3	27	2026-08-01	groundAnchored_66-96-126-153	0.015023945469023817	0.1585953053185346	0.024055154311616485	0.0646299641058338	0.26007253792343493	0.41158491607386877	0.032633954177918846	0.0219898349070157	23.167171338998248	11.218728447201691	0.22004082744907466	2.7257177418334875	0.257408634391711	0.1757549211715684	0.0
/vol/bitbucket/osella/rl-qecc-data/supervisedLearning/sweep2/g5_ground_anch_H4_s2000.pth	4	2000	2	groundAnchored	[(6, 6), (9, 6), (12, 6), (15, 3)]	True	True	True	True	geometric5	10148123	3	27	2026-08-01	groundAnchored_66-96-126-153	0.015023945469023817	0.1382849554553677	0.15138405196273494	0.1927321993331982	0.22402559555752885	0.0896508329078609	0.03363209751551484	0.0219898349070157	24.010585225795808	11.218728447201691	0.07554850789639155	6.918765592400758	0.2951340920840981	0.2035722906343884	0.0
/vol/bitbucket/osella/rl-qecc-data/supervisedLearning/sweep2/g5_ground_anch_H4_s6000.pth	4	6000	2	groundAnchored	[(6, 6), (9, 6), (12, 6), (15, 3)]	True	True	True	True	geometric5	10148123	3	27	2026-08-01	groundAnchored_66-96-126-153	0.015023945469023817	0.1293879851945234	0.022343417486157358	0.06150352034707433	0.21935074967143475	0.3095642161877143	0.03417802228023623	0.0219898349070157	20.049972819681166	11.218728447201691	0.165665006115779	6.515565813364604	0.1300979742997406	0.0855752587449647	0.0
/vol/bitbucket/osella/rl-qecc-data/supervisedLearning/sweep2/g5_ground_anch_H6_s4000.pth	6	4000	2	groundAnchored	[(6, 6), (9, 6), (12, 6), (15, 3)]	True	True	True	True	geometric5	10148123	3	27	2026-08-01	groundAnchored_66-96-126-153	0.015023945469023817	0.11655148119713633	0.042769984023513195	0.10321989265061729	0.2185850093060207	0.1846422194938465	0.03354030051168362	0.0219898349070157	18.035496959211446	11.218728447201691	0.103015838198538	8.33948842954912	0.05342001401682822	0.03785563916363134	0.0
/vol/bitbucket/osella/rl-qecc-data/supervisedLearning/sweep2/g5_ground_anch_H7_s1000.pth	7	1000	2	groundAnchored	[(6, 6), (9, 6), (12, 6), (15, 3)]	True	True	True	True	geometric5	10148123	3	27	2026-08-01	groundAnchored_66-96-126-153	0.015023945469023817	0.11480179419642013	0.018233118701064883	0.058965873930535234	0.25409929365698786	0.2094907309086572	0.0332199537848575	0.0219898349070157	18.94722966973213	11.218728447201691	0.12433846964542807	2.262330339311272	0.3559515817443928	0.24293810711549535	0.02
/vol/bitbucket/osella/rl-qecc-data/supervisedLearning/sweep2/g5_ground_anch_H7_s5000.pth	7	5000	2	groundAnchored	[(6, 6), (9, 6), (12, 6), (15, 3)]	True	True	True	True	geometric5	10148123	3	27	2026-08-01	groundAnchored_66-96-126-153	0.015023945469023817	0.11860958826823474	0.024954685939859618	0.061874166444207096	0.2164005687821028	0.2571792009538751	0.03263931922112833	0.0219898349070157	18.508327380450446	11.218728447201691	0.14042142263674853	5.317819167557214	0.3554402035407355	0.24485433483236219	0.0
/vol/bitbucket/osella/rl-qecc-data/supervisedLearning/sweep2/g5_ground_pure_H10_s2000.pth	10	2000	2	groundPure	[(6, 6), (9, 6), (12, 6), (15, 3)]	True	True	True	True	geometric5	10148123	3	27	2026-08-01	groundPure_66-96-126-153	0.015023945469023817	0.09843651027089964	0.024889358531320408	0.06311530360946217	0.1881564952608721	0.18269306404012473	0.03332832991271927	0.0219898349070157	16.744195185341255	11.218728447201691	0.10153768672764059	7.005003449060964	0.3431901092986925	0.23723610730154746	0.0
/vol/bitbucket/osella/rl-qecc-data/supervisedLearning/sweep2/g5_ground_pure_H10_s6000.pth	10	6000	2	groundPure	[(6, 6), (9, 6), (12, 6), (15, 3)]	True	True	True	True	geometric5	10148123	3	27	2026-08-01	groundPure_66-96-126-153	0.015023945469023817	0.13232911616967938	0.018854264512698306	0.05670976298953373	0.26368695383564883	0.2892475993185741	0.033147000191941466	0.0219898349070157	19.6616321875381	11.218728447201691	0.16113226299578007	2.5998982870020186	0.3842176502222896	0.26577066374367825	0.0
/vol/bitbucket/osella/rl-qecc-data/supervisedLearning/sweep2/g5_ground_pure_H3_s4000.pth	3	4000	2	groundPure	[(6, 6), (9, 6), (12, 6), (15, 3)]	True	True	True	True	geometric5	10148123	3	27	2026-08-01	groundPure_66-96-126-153	0.015023945469023817	0.09381279317289777	0.0414262457431461	0.09289803727330685	0.1700235280595071	0.13124303785176017	0.03347311693676713	0.0219898349070157	16.192397739990703	11.218728447201691	0.07430185169465003	8.596718591972303	0.14753959329268912	0.09922976162494256	0.0
/vol/bitbucket/osella/rl-qecc-data/supervisedLearning/sweep2/g5_ground_pure_H4_s1000.pth	4	1000	2	groundPure	[(6, 6), (9, 6), (12, 6), (15, 3)]	True	True	True	True	geometric5	10148123	3	27	2026-08-01	groundPure_66-96-126-153	0.015023945469023817	0.1633023638976664	0.018101664893354484	0.061481312294996565	0.29850231094262736	0.4051705629736207	0.033255968383732494	0.0219898349070157	24.948999677571194	11.218728447201691	0.22020904618926826	4.042199153629277	0.3865127538953355	0.2646721327092758	0.0
/vol/bitbucket/osella/rl-qecc-data/supervisedLearning/sweep2/g5_ground_pure_H4_s5000.pth	4	5000	2	groundPure	[(6, 6), (9, 6), (12, 6), (15, 3)]	True	True	True	True	geometric5	10148123	3	27	2026-08-01	groundPure_66-96-126-153	0.015023945469023817	0.14039947236094436	0.01847358388912236	0.0611125550510504	0.2742573497208164	0.3146537093378381	0.03350016380589596	0.0219898349070157	21.452701747736548	11.218728447201691	0.17471781997735067	3.2354564550588587	0.23624097389623724	0.1594794229970495	0.0
/vol/bitbucket/osella/rl-qecc-data/supervisedLearning/sweep2/g5_ground_pure_H6_s2000.pth	6	2000	2	groundPure	[(6, 6), (9, 6), (12, 6), (15, 3)]	True	True	True	True	geometric5	10148123	3	27	2026-08-01	groundPure_66-96-126-153	0.015023945469023817	0.14173472075387383	0.018248810801626263	0.060942725078525016	0.2691410028140259	0.32724700078673774	0.033094064288451935	0.0219898349070157	21.65552574947698	11.218728447201691	0.17961567451346575	5.865918720363505	0.24120959600786765	0.16263010711742135	0.0
/vol/bitbucket/osella/rl-qecc-data/supervisedLearning/sweep2/g5_ground_pure_H6_s6000.pth	6	6000	2	groundPure	[(6, 6), (9, 6), (12, 6), (15, 3)]	True	True	True	True	geometric5	10148123	3	27	2026-08-01	groundPure_66-96-126-153	0.015023945469023817	0.11615071001050933	0.02105401838940123	0.05732092412456867	0.2257909052372993	0.2437117689985503	0.03287593330272576	0.0219898349070157	18.18101647072952	11.218728447201691	0.136430065074733	4.7012356578779455	0.3585534221559036	0.24809643024488467	0.0
/vol/bitbucket/osella/rl-qecc-data/supervisedLearning/sweep2/g5_ground_pure_H7_s4000.pth	7	4000	2	groundPure	[(6, 6), (9, 6), (12, 6), (15, 3)]	True	True	True	True	geometric5	10148123	3	27	2026-08-01	groundPure_66-96-126-153	0.015023945469023817	0.13808432460225467	0.01867622838631411	0.056775670589993214	0.25678261020072984	0.32506873302639866	0.03311838080783775	0.0219898349070157	20.390501324200933	11.218728447201691	0.17654794792139758	2.887137860085449	0.30599028132353084	0.21072765058817333	0.0
/vol/bitbucket/osella/rl-qecc-data/supervisedLearning/sweep2/g5_mix_66-96-126-153_H10_s1000.pth	10	1000	6	mixed	[(6, 6), (9, 6), (12, 6), (15, 3)]	True	True	True	True	geometric5	10148123	3	27	2026-08-01	mixed_66-96-126-153	0.015023945469023817	0.09328636694085418	0.05409790743789694	0.11094816288105369	0.21171400723961548	0.056192582939756874	0.03347917420594712	0.0219898349070157	17.001263248380244	11.218728447201691	0.05724695469671666	8.766323193106883	0.3416781537418418	0.23874585614998511	0.0
/vol/bitbucket/osella/rl-qecc-data/supervisedLearning/sweep2/g5_mix_66-96-126-153_H10_s5000.pth	10	5000	6	mixed	[(6, 6), (9, 6), (12, 6), (15, 3)]	True	True	True	True	geometric5	10148123	3	27	2026-08-01	mixed_66-96-126-153	0.015023945469023817	0.1054105631139378	0.07279012703093925	0.1359811544105885	0.18318992800865622	0.10170798272708913	0.03338362339241629	0.0219898349070157	16.37910401546653	11.218728447201691	0.06499327342512025	9.002459056410956	0.24945789066498616	0.16949870262322358	0.0
/vol/bitbucket/osella/rl-qecc-data/supervisedLearning/sweep2/g5_mix_66-96-126-153_H3_s2000.pth	3	2000	6	mixed	[(6, 6), (9, 6), (12, 6), (15, 3)]	True	True	True	True	geometric5	10148123	3	27	2026-08-01	mixed_66-96-126-153	0.015023945469023817	0.13131412943878656	0.020834043662373108	0.06254391754939323	0.279958460087991	0.2597971433716423	0.03343708252253111	0.0219898349070157	23.024933405738892	11.218728447201691	0.14931967877527808	2.530682969835515	0.4384039929107537	0.30575321836163727	0.0
/vol/bitbucket/osella/rl-qecc-data/supervisedLearning/sweep2/g5_mix_66-96-126-153_H3_s6000.pth	3	6000	6	mixed	[(6, 6), (9, 6), (12, 6), (15, 3)]	True	True	True	True	geometric5	10148123	3	27	2026-08-01	mixed_66-96-126-153	0.015023945469023817	0.09030874789600124	0.025593041064465825	0.06717274173529794	0.17945875825978205	0.14571321369910675	0.03360598472135361	0.0219898349070157	16.332769985527314	11.218728447201691	0.080305536264904	11.393140215319114	0.18025994517885668	0.12216925431906431	0.0
/vol/bitbucket/osella/rl-qecc-data/supervisedLearning/sweep2/g5_mix_66-96-126-153_H4_s4000.pth	4	4000	6	mixed	[(6, 6), (9, 6), (12, 6), (15, 3)]	True	True	True	True	geometric5	10148123	3	27	2026-08-01	mixed_66-96-126-153	0.015023945469023817	0.11108629969403588	0.020290124825021634	0.0541644005641048	0.1937941441253447	0.2537363394733318	0.03344648948237756	0.0219898349070157	17.760243651222012	11.218728447201691	0.1319053356568011	4.921412247104346	0.318461024379979	0.21820511922019856	0.0
/vol/bitbucket/osella/rl-qecc-data/supervisedLearning/sweep2/g5_mix_66-96-126-153_H6_s1000.pth	6	1000	6	mixed	[(6, 6), (9, 6), (12, 6), (15, 3)]	True	True	True	True	geometric5	10148123	3	27	2026-08-01	mixed_66-96-126-153	0.015023945469023817	0.30233906739036803	0.4506249165633381	0.5568613863318204	0.3615321722395671	0.10994418459219622	0.03273267722491819	0.0219898349070157	36.79733554168349	11.218728447201691	0.08329833963769409	2.775667856868458	0.19822204955775827	0.13260246138565282	0.0
/vol/bitbucket/osella/rl-qecc-data/supervisedLearning/sweep2/g5_mix_66-96-126-153_H6_s5000.pth	6	5000	6	mixed	[(6, 6), (9, 6), (12, 6), (15, 3)]	True	True	True	True	geometric5	10148123	3	27	2026-08-01	mixed_66-96-126-153	0.015023945469023817	0.16277265173605415	0.018256716603081632	0.05730536693157341	0.29841393930048354	0.4069328578729743	0.03295437797215868	0.0219898349070157	23.709133999446255	11.218728447201691	0.22233407705599817	4.075023321217733	0.4852023299033702	0.33772201428860077	0.0
/vol/bitbucket/osella/rl-qecc-data/supervisedLearning/sweep2/g5_mix_66-96-126-153_H7_s2000.pth	7	2000	6	mixed	[(6, 6), (9, 6), (12, 6), (15, 3)]	True	True	True	True	geometric5	10148123	3	27	2026-08-01	mixed_66-96-126-153	0.015023945469023817	0.09427238537115544	0.025250104483742493	0.061808050367505835	0.21833552783895216	0.133624057702989	0.03234418646258707	0.0219898349070157	16.96153848488291	11.218728447201691	0.09092876157231575	6.0448616477535735	0.38580374517536775	0.2669228281576143	0.0
/vol/bitbucket/osella/rl-qecc-data/supervisedLearning/sweep2/g5_mix_66-96-126-153_H7_s6000.pth	7	6000	6	mixed	[(6, 6), (9, 6), (12, 6), (15, 3)]	True	True	True	True	geometric5	10148123	3	27	2026-08-01	mixed_66-96-126-153	0.015023945469023817	0.11293728447792145	0.04263343803044661	0.08831326539846368	0.21447365611059385	0.18447575315329914	0.034790309696804314	0.0219898349070157	16.613037457249238	11.218728447201691	0.10795673006134712	5.747623011907478	0.26765975840015926	0.18286574341671333	0.0
/vol/bitbucket/osella/rl-qecc-data/supervisedLearning/sweep2/g5_mix_66-96-126_H10_s4000.pth	10	4000	8	mixed	[(6, 6), (9, 6), (12, 6)]	True	True	True	False	geometric5	10148123	3	27	2026-08-01	mixed_66-96-126	0.015023945469023817	0.17596089122495326	0.01831532436937141	0.060726144312687434	0.29991064707713566	0.46818247224379433	0.03266986812177509	0.0219898349070157	25.21933989069474	11.218728447201691	0.25231301609051754	1.599131015175058	0.31579752450807935	0.21505404751769494	0.0
/vol/bitbucket/osella/rl-qecc-data/supervisedLearning/sweep2/g5_mix_66-96-126_H3_s1000.pth	3	1000	8	mixed	[(6, 6), (9, 6), (12, 6)]	True	True	True	False	geometric5	10148123	3	27	2026-08-01	mixed_66-96-126	0.015023945469023817	0.11598116392810984	0.025524278011780956	0.06516573447235856	0.18948679296407767	0.2673535428296992	0.032375471362630116	0.0219898349070157	17.093395788017286	11.218728447201691	0.1363277281657127	2.699501303261736	0.2667221317934446	0.1820347052986978	0.0
/vol/bitbucket/osella/rl-qecc-data/supervisedLearning/sweep2/g5_mix_66-96-126_H3_s5000.pth	3	5000	8	mixed	[(6, 6), (9, 6), (12, 6)]	True	True	True	False	geometric5	10148123	3	27	2026-08-01	mixed_66-96-126	0.015023945469023817	0.09316134694882727	0.039249061875106746	0.10599727606007486	0.17998240023146078	0.10697343274104919	0.03360456383644453	0.0219898349070157	16.556930555528357	11.218728447201691	0.06508041208337247	8.967913460442064	-0.05452086938245786	-0.03904927750891561	0.0
/vol/bitbucket/osella/rl-qecc-data/supervisedLearning/sweep2/g5_mix_66-96-126_H4_s2000.pth	4	2000	8	mixed	[(6, 6), (9, 6), (12, 6)]	True	True	True	False	geometric5	10148123	3	27	2026-08-01	mixed_66-96-126	0.015023945469023817	0.15710922167501523	0.01903080815395448	0.05429937021476703	0.26664674924416776	0.4124706293312858	0.03309855143089973	0.0219898349070157	21.43327563619027	11.218728447201691	0.21768208177326506	2.387560927671245	0.3354889043847662	0.23041826696441106	0.0
/vol/bitbucket/osella/rl-qecc-data/supervisedLearning/sweep2/g5_mix_66-96-126_H4_s6000.pth	4	6000	8	mixed	[(6, 6), (9, 6), (12, 6)]	True	True	True	False	geometric5	10148123	3	27	2026-08-01	mixed_66-96-126	0.015023945469023817	0.13260685537612044	0.018601891775090924	0.0573382312430571	0.22842470191294834	0.3255817596700437	0.03308769227946041	0.0219898349070157	19.754627186171945	11.218728447201691	0.1723216271374899	2.1780048431098313	0.2068540919590257	0.14038772503016997	0.0
/vol/bitbucket/osella/rl-qecc-data/supervisedLearning/sweep2/g5_mix_66-96-126_H6_s4000.pth	6	4000	8	mixed	[(6, 6), (9, 6), (12, 6)]	True	True	True	False	geometric5	10148123	3	27	2026-08-01	mixed_66-96-126	0.015023945469023817	0.14614651802436265	0.019884072124528467	0.06039938891245741	0.24825296674318217	0.36903525248875346	0.033160909852893966	0.0219898349070157	20.715416464695995	11.218728447201691	0.19495734372370574	3.3428401563409573	0.168199439739617	0.11358627744946304	0.0
/vol/bitbucket/osella/rl-qecc-data/supervisedLearning/sweep2/g5_mix_66-96-126_H7_s1000.pth	7	1000	8	mixed	[(6, 6), (9, 6), (12, 6)]	True	True	True	False	geometric5	10148123	3	27	2026-08-01	mixed_66-96-126	0.015023945469023817	0.16202881647220183	0.018760946003343867	0.056561913289928975	0.29202603832906576	0.4098742912718142	0.03292089346685757	0.0219898349070157	22.548514510738084	11.218728447201691	0.22751892191491396	1.5572673555020509	0.468609587059312	0.3263397195841005	0.0
/vol/bitbucket/osella/rl-qecc-data/supervisedLearning/sweep2/g5_mix_66-96-126_H7_s5000.pth	7	5000	8	mixed	[(6, 6), (9, 6), (12, 6)]	True	True	True	False	geometric5	10148123	3	27	2026-08-01	mixed_66-96-126	0.015023945469023817	0.12629988892673827	0.02088877587471165	0.056295718188935466	0.22791899413605238	0.29362751291695643	0.03276844351703458	0.0219898349070157	18.91820283236178	11.218728447201691	0.15842541864712012	4.602870672041825	0.38963685699019185	0.2701819694906412	0.0
/vol/bitbucket/osella/rl-qecc-data/supervisedLearning/sweep2/g5_mix_66-96_H10_s2000.pth	10	2000	12	mixed	[(6, 6), (9, 6)]	True	True	False	False	geometric5	10148123	3	27	2026-08-01	mixed_66-96	0.015023945469023817	0.14737338341631623	0.0180010068394726	0.06227692652560768	0.31177256403011083	0.3130326130865076	0.03178380659988453	0.0219898349070157	24.677321967962857	11.218728447201691	0.18447091690617784	1.8545127707610463	0.33306016463904026	0.2286019814390046	0.0
/vol/bitbucket/osella/rl-qecc-data/supervisedLearning/sweep2/g5_mix_66-96_H10_s6000.pth	10	6000	12	mixed	[(6, 6), (9, 6)]	True	True	False	False	geometric5	10148123	3	27	2026-08-01	mixed_66-96	0.015023945469023817	0.14311436112815512	0.02856803658065801	0.06962669838171667	0.2585316312672501	0.3255169668644489	0.033328472546701286	0.0219898349070157	21.355782854065207	11.218728447201691	0.17462891886416426	4.0636387758505625	0.38265943647050327	0.2645981954335851	0.0
/vol/bitbucket/osella/rl-qecc-data/supervisedLearning/sweep2/g5_mix_66-96_H3_s4000.pth	3	4000	12	mixed	[(6, 6), (9, 6)]	True	True	False	False	geometric5	10148123	3	27	2026-08-01	mixed_66-96	0.015023945469023817	0.1454681445681591	0.032438827801454566	0.06730581184240673	0.2060218956213902	0.38950220570841665	0.03207198186712841	0.0219898349070157	18.943826364662076	11.218728447201691	0.19714700907907767	3.0353784567744433	0.3724643527744849	0.2578409524280625	0.0
/vol/bitbucket/osella/rl-qecc-data/supervisedLearning/sweep2/g5_mix_66-96_H4_s1000.pth	4	1000	12	mixed	[(6, 6), (9, 6)]	True	True	False	False	geometric5	10148123	3	27	2026-08-01	mixed_66-96	0.015023945469023817	0.10394679634682825	0.021399522293447	0.05819728268799175	0.17788867555621138	0.22869926891378806	0.033549232282702325	0.0219898349070157	18.05856433467197	11.218728447201691	0.11767594827624127	7.24158439551591	0.1433972264048987	0.09455887646770487	0.0
/vol/bitbucket/osella/rl-qecc-data/supervisedLearning/sweep2/g5_mix_66-96_H4_s5000.pth	4	5000	12	mixed	[(6, 6), (9, 6)]	True	True	False	False	geometric5	10148123	3	27	2026-08-02	mixed_66-96	0.015023945469023817	0.07741723831298392	0.028116599028301634	0.07826476303647037	0.1528401562840524	0.09423351027840647	0.03363116293768793	0.0219898349070157	17.482394039971826	11.218728447201691	0.05334801296565874	16.930619604680444	0.35361282293241925	0.2420265792890065	0.0
/vol/bitbucket/osella/rl-qecc-data/supervisedLearning/sweep2/g5_mix_66-96_H6_s2000.pth	6	2000	12	mixed	[(6, 6), (9, 6)]	True	True	False	False	geometric5	10148123	3	27	2026-08-02	mixed_66-96	0.015023945469023817	0.1541064872099341	0.018096970247189162	0.06120765991947154	0.3023335979006626	0.35647456334320127	0.032419644639146775	0.0219898349070157	23.792898920436826	11.218728447201691	0.20309316849407483	1.6203868800922847	0.36669873018956256	0.250442694336153	0.0
/vol/bitbucket/osella/rl-qecc-data/supervisedLearning/sweep2/g5_mix_66-96_H6_s6000.pth	6	6000	12	mixed	[(6, 6), (9, 6)]	True	True	False	False	geometric5	10148123	3	27	2026-08-02	mixed_66-96	0.015023945469023817	0.16998034452282806	0.018147243102336983	0.05786138903095894	0.29320688642051734	0.4487605978540993	0.0319256062062283	0.0219898349070157	25.035035138554377	11.218728447201691	0.24341860008829969	2.2725971254273203	0.33352795520345824	0.22964689236119062	0.0
/vol/bitbucket/osella/rl-qecc-data/supervisedLearning/sweep2/g5_mix_66-96_H7_s4000.pth	7	4000	12	mixed	[(6, 6), (9, 6)]	True	True	False	False	geometric5	10148123	3	27	2026-08-02	mixed_66-96	0.015023945469023817	0.19935331763920597	0.018082556987975198	0.06256180082796768	0.32661687939017225	0.5545427108859525	0.034962640103959795	0.0219898349070157	31.01970549755958	11.218728447201691	0.299830253929269	1.7277544718995808	0.30454424066573155	0.20948375420294507	0.0
/vol/bitbucket/osella/rl-qecc-data/supervisedLearning/sweep2/g5_mix_66_H10_s1000.pth	10	1000	24	mixed	[(6, 6)]	True	False	False	False	geometric5	10148123	3	27	2026-08-02	mixed_66	0.015023945469023817	0.1162083138780975	0.0728962247416568	0.13021552064715486	0.20676932936134668	0.13847978592710164	0.03268070871322691	0.0219898349070157	18.108624506576636	11.218728447201691	0.08890018407416947	8.098341802125896	0.27229846997305024	0.18693468837449886	0.0
/vol/bitbucket/osella/rl-qecc-data/supervisedLearning/sweep2/g5_mix_66_H10_s5000.pth	10	5000	24	mixed	[(6, 6)]	True	False	False	False	geometric5	10148123	3	27	2026-08-02	mixed_66	0.015023945469023817	0.11741928829632076	0.02284702839058616	0.060926445086871506	0.22574683613402458	0.24565238307806228	0.03192374879206016	0.0219898349070157	18.178284580464048	11.218728447201691	0.14028717828561094	3.2678350995282957	0.3615257842538763	0.24995501488300018	0.0
/vol/bitbucket/osella/rl-qecc-data/supervisedLearning/sweep2/g5_mix_66_H3_s2000.pth	3	2000	24	mixed	[(6, 6)]	True	False	False	False	geometric5	10148123	3	27	2026-08-02	mixed_66	0.015023945469023817	0.11698986984511334	0.022136479367908617	0.0623010915256395	0.20955448442951816	0.25753332427372094	0.03342396962877888	0.0219898349070157	18.309675413670817	11.218728447201691	0.1360640171002442	6.369859367066284	0.24444732491401217	0.16493661893959483	0.0
/vol/bitbucket/osella/rl-qecc-data/supervisedLearning/sweep2/g5_mix_66_H3_s6000.pth	3	6000	24	mixed	[(6, 6)]	True	False	False	False	geometric5	10148123	3	27	2026-08-02	mixed_66	0.015023945469023817	0.11583131884492556	0.02225196677082104	0.05826626261949199	0.22247302460011106	0.24407377343159192	0.0320915668026111	0.0219898349070157	18.026252166868172	11.218728447201691	0.1376122987398438	3.3767886269352276	0.27771165121559094	0.1896620383051568	0.0
/vol/bitbucket/osella/rl-qecc-data/supervisedLearning/sweep2/g5_mix_66_H4_s4000.pth	4	4000	24	mixed	[(6, 6)]	True	False	False	False	geometric5	10148123	3	27	2026-08-02	mixed_66	0.015023945469023817	0.13119703187129209	0.02244599487450819	0.06283062206893571	0.23738464048330582	0.30047906059215684	0.03284484133755377	0.0219898349070157	20.241358884065054	11.218728447201691	0.16234790383961506	6.45400741625423	0.3322811395086723	0.23046865569581046	0.0
/vol/bitbucket/osella/rl-qecc-data/supervisedLearning/sweep2/g5_mix_66_H6_s1000.pth	6	1000	24	mixed	[(6, 6)]	True	False	False	False	geometric5	10148123	3	27	2026-08-02	mixed_66	0.015023945469023817	0.17644371025160646	0.0180007671395451	0.05728456751751519	0.29191885392995337	0.4770780577051694	0.0379363049658496	0.0219898349070157	24.82966057551193	11.218728447201691	0.2638413330500088	1.974424197285817	0.4065608431763741	0.2803848695264955	0.0
/vol/bitbucket/osella/rl-qecc-data/supervisedLearning/sweep2/g5_mix_66_H6_s5000.pth	6	5000	24	mixed	[(6, 6)]	True	False	False	False	geometric5	10148123	3	27	2026-08-02	mixed_66	0.015023945469023817	0.13384328215140834	0.050913047638133126	0.12592888260746518	0.266739057073419	0.19234019545409967	0.03329522798392322	0.0219898349070157	19.327470266471646	11.218728447201691	0.12482503629249718	8.875558232250434	0.2383088777709168	0.16230554069850855	0.02
/vol/bitbucket/osella/rl-qecc-data/supervisedLearning/sweep2/g5_mix_66_H7_s2000.pth	7	2000	24	mixed	[(6, 6)]	True	False	False	False	geometric5	10148123	3	27	2026-08-02	mixed_66	0.015023945469023817	0.12882800672180933	0.04533581167498854	0.08693110655082234	0.23082097535107166	0.24874031148153397	0.03231182855063094	0.0219898349070157	18.768917423460522	11.218728447201691	0.13854766436278612	3.8332224471598924	0.3723140575378698	0.25949925962846676	0.0
/vol/bitbucket/osella/rl-qecc-data/supervisedLearning/sweep2/g5_mix_66_H7_s6000.pth	7	6000	24	mixed	[(6, 6)]	True	False	False	False	geometric5	10148123	3	27	2026-08-02	mixed_66	0.015023945469023817	0.11598070713362078	0.0513525524203095	0.10873730916807489	0.18131550864254903	0.2057542463994766	0.03274391903769503	0.0219898349070157	17.335330053343945	11.218728447201691	0.10614501237499453	4.170222688182106	0.2799287020277208	0.19110201642973865	0.0
