# num_workers = 18
# num_cells = 256
# seed_for_environment = 999
# lr = 0.0003
# max_grad_norm = 1.0
# eval_rollout_length = 30
# scaling_factor = 1000
# frames_per_batch = 500
# sub_batch_size = 64
# num_epochs = 15
# clip_epsilon = 0.2
# gamma = 0.99
# lmbda = 0.95
# entropy_eps = 0.03
# env_reward_engineering = True
# env_minimum_number_of_qubits = 8
# log_name = experiment_9_6_seed_999
# env_error_range = geometric5
# env_version = qecc/bbcode-ldpc-v0
# env_bit_flipping = True
# env_l = 9
# env_m = 6
# env_use_dict_observation = True
# env_number_of_decoder_iterations = 50
# env_number_of_samples = 50
# env_code_logging = False
# env_reset_type = random3
# env_max_step = 30
# env_max_decoding_usage = 1073741824
# model_architecture = hybrid
# model_surrogate_model_path = /vol/bitbucket/osella/rl-qecc-data//supervisedLearning/sweep2/g5_mix_66-96_H10_s2000.pth
# model_use_pretrained_encoder = True
# index_to_unfreeze_encoder_updates = 20
# encoder_lr_factor = 0.1
# training_device = cpu
# Resolved arguments:
# Resolved_env_reward_engineering = True
# Resolved_env_bit_flipping = True
# Resolved_env_useDictObservation = True
# Resolved_env_code_logging = False
# Resolved_env_max_step = 30
# Resolved_env_max_decoding_usage = 1073741824
# Resolved_env_reset_type = random3
# Resolved_env_error_range = [np.float64(0.001), np.float64(0.003162), np.float64(0.01), np.float64(0.031623), np.float64(0.1)]
# Resolved_model_use_pretrained_encoder = True
# Resolved_trainingDevice = cpu
# Resolved_model_architecture = hybrid
# Just for information, not used in actual run: SLURM CPUS queried from os environment: 96
# Number of workers: 18
# Does torch identify cuda: False
evaluation number	reward	policy entropy	policy entropy aX	policy entropy bX	policy entropy aY	policy entropy bY	Encoder freeze	preAction_aX	preAction_bX	preAction_aY	preAction_bY	preAction_k	postAction_aX	postAction_bX	postAction_aY	postAction_bY	postAction_k
0	-1.0	8.443540573120117	2.290285348892212	2.28248929977417	1.9388281106948853	1.9319381713867188	True	[0 0 0 0 0 0 0 0 1]	[0 0 1 0 1 0 0 1 0]	[1 0 0 0 1 1]	[0 0 0 0 0 0]	[0]	[0 0 0 0 0 0 0 0 0]	[0 0 1 1 1 0 0 1 0]	[1 0 0 1 1 1]	[0 0 0 0 1 0]	[0]
0	-1.0	8.462082862854004	2.2977752685546875	2.2830870151519775	1.9408003091812134	1.940420389175415	True	[0 0 0 0 0 0 0 0 0]	[0 0 1 1 1 0 0 1 0]	[1 0 0 1 1 1]	[0 0 0 0 1 0]	[0]	[0 0 1 0 0 0 0 0 0]	[0 0 1 0 1 0 0 1 0]	[1 0 0 0 1 1]	[0 0 0 0 0 0]	[0]
0	-1.0	8.441970825195312	2.290351390838623	2.282748222351074	1.934538722038269	1.9343328475952148	True	[0 0 1 0 0 0 0 0 0]	[0 0 1 0 1 0 0 1 0]	[1 0 0 0 1 1]	[0 0 0 0 0 0]	[0]	[1 0 1 0 0 0 0 0 0]	[0 0 1 1 1 0 0 1 0]	[1 0 0 1 1 1]	[0 0 0 0 1 0]	[0]
0	-1.0	8.455451965332031	2.2935662269592285	2.2820775508880615	1.9430506229400635	1.9367579221725464	True	[1 0 1 0 0 0 0 0 0]	[0 0 1 1 1 0 0 1 0]	[1 0 0 1 1 1]	[0 0 0 0 1 0]	[0]	[1 0 0 0 0 0 0 0 0]	[0 0 1 0 1 0 0 1 0]	[1 0 0 0 1 1]	[0 0 0 0 0 0]	[0]
0	-1.0	8.426717758178711	2.288835287094116	2.2745425701141357	1.9296356439590454	1.9337040185928345	True	[1 0 0 0 0 0 0 0 0]	[0 0 1 0 1 0 0 1 0]	[1 0 0 0 1 1]	[0 0 0 0 0 0]	[0]	[1 0 0 0 0 0 1 0 0]	[0 0 1 1 1 0 0 1 0]	[1 0 0 1 1 1]	[0 0 0 0 1 0]	[0]
0	-1.0	8.456544876098633	2.2946078777313232	2.284095287322998	1.9408793449401855	1.9369627237319946	True	[1 0 0 0 0 0 1 0 0]	[0 0 1 1 1 0 0 1 0]	[1 0 0 1 1 1]	[0 0 0 0 1 0]	[0]	[1 0 1 0 0 0 1 0 0]	[0 0 1 0 1 0 0 1 0]	[1 0 0 0 1 1]	[0 0 0 0 0 0]	[0]
0	-1.0	8.44326400756836	2.2895734310150146	2.283393144607544	1.9366048574447632	1.9336926937103271	True	[1 0 1 0 0 0 1 0 0]	[0 0 1 0 1 0 0 1 0]	[1 0 0 0 1 1]	[0 0 0 0 0 0]	[0]	[1 0 1 0 0 0 1 0 1]	[0 0 1 1 1 0 0 1 0]	[1 0 0 1 1 1]	[0 0 0 0 1 0]	[0]
0	-1.0	8.465158462524414	2.297996997833252	2.28399395942688	1.9428507089614868	1.940316915512085	True	[1 0 1 0 0 0 1 0 1]	[0 0 1 1 1 0 0 1 0]	[1 0 0 1 1 1]	[0 0 0 0 1 0]	[0]	[1 0 1 0 0 0 1 0 0]	[0 0 1 0 1 0 0 1 0]	[1 0 0 0 1 1]	[0 0 0 0 0 0]	[0]
0	-1.0	8.442089080810547	2.2911648750305176	2.280714273452759	1.9347598552703857	1.9354493618011475	True	[1 0 1 0 0 0 1 0 0]	[0 0 1 0 1 0 0 1 0]	[1 0 0 0 1 1]	[0 0 0 0 0 0]	[0]	[0 0 1 0 0 0 1 0 0]	[0 0 1 1 1 0 0 1 0]	[1 0 0 1 1 1]	[0 0 0 0 1 0]	[0]
0	-1.0	8.466324806213379	2.297131299972534	2.284484624862671	1.942094087600708	1.9426147937774658	True	[0 0 1 0 0 0 1 0 0]	[0 0 1 1 1 0 0 1 0]	[1 0 0 1 1 1]	[0 0 0 0 1 0]	[0]	[0 0 0 0 0 0 1 0 0]	[0 0 1 0 1 0 0 1 0]	[1 0 1 1 1 1]	[0 0 0 0 0 0]	[0]
0	-0.5	8.464811325073242	2.2997937202453613	2.287083387374878	1.9384102821350098	1.939523696899414	True	[0 0 0 0 0 0 1 0 0]	[0 0 1 0 1 0 0 1 0]	[1 0 1 1 1 1]	[0 0 0 0 0 0]	[0]	[0 0 1 0 0 0 1 0 0]	[0 0 1 1 1 0 0 1 0]	[1 0 1 0 1 1]	[0 0 0 0 0 1]	[4]
0	-1.0	8.447524070739746	2.295398712158203	2.285223960876465	1.9372634887695312	1.9296375513076782	True	[0 0 1 0 0 0 1 0 0]	[0 0 1 1 1 0 0 1 0]	[1 0 1 0 1 1]	[0 0 0 0 0 1]	[4]	[0 0 1 0 0 0 1 0 1]	[0 0 1 0 1 0 0 1 0]	[1 0 1 1 1 1]	[0 0 0 0 0 0]	[0]
0	-1.0	8.458603858947754	2.299459457397461	2.2822072505950928	1.9376404285430908	1.9392966032028198	True	[0 0 1 0 0 0 1 0 1]	[0 0 1 0 1 0 0 1 0]	[1 0 1 1 1 1]	[0 0 0 0 0 0]	[0]	[0 0 0 0 0 0 1 0 1]	[0 0 1 0 1 0 0 1 1]	[1 0 1 0 1 1]	[0 0 0 0 1 0]	[0]
0	-1.0	8.447965621948242	2.2881953716278076	2.284776210784912	1.9373135566711426	1.9376803636550903	True	[0 0 0 0 0 0 1 0 1]	[0 0 1 0 1 0 0 1 1]	[1 0 1 0 1 1]	[0 0 0 0 1 0]	[0]	[0 0 0 0 0 0 1 0 0]	[0 0 1 1 1 0 0 1 1]	[1 0 1 1 1 1]	[0 0 0 0 0 0]	[0]
0	0.27286624908447266	8.455388069152832	2.297278642654419	2.2856969833374023	1.9316046237945557	1.9408080577850342	True	[0 0 0 0 0 0 1 0 0]	[0 0 1 1 1 0 0 1 1]	[1 0 1 1 1 1]	[0 0 0 0 0 0]	[0]	[1 0 0 0 0 0 1 0 0]	[0 0 1 0 1 0 0 1 1]	[1 0 1 1 0 1]	[0 0 0 0 0 0]	[24]
0	-1.0	8.439148902893066	2.282810926437378	2.2883012294769287	1.9286798238754272	1.9393565654754639	True	[1 0 0 0 0 0 1 0 0]	[0 0 1 0 1 0 0 1 1]	[1 0 1 1 0 1]	[0 0 0 0 0 0]	[24]	[0 0 0 0 0 0 1 0 0]	[0 0 1 1 1 0 0 1 1]	[1 0 1 1 1 1]	[0 0 0 0 0 0]	[0]
0	0.37102413177490234	8.457229614257812	2.2974445819854736	2.285566806793213	1.9346626996994019	1.9395554065704346	True	[0 0 0 0 0 0 1 0 0]	[0 0 1 1 1 0 0 1 1]	[1 0 1 1 1 1]	[0 0 0 0 0 0]	[0]	[1 0 0 0 0 0 1 0 0]	[0 0 1 1 1 0 0 1 0]	[1 0 1 1 0 1]	[0 0 0 0 0 0]	[8]
0	-1.0	8.45047664642334	2.28959059715271	2.291797161102295	1.9322984218597412	1.9367908239364624	True	[1 0 0 0 0 0 1 0 0]	[0 0 1 1 1 0 0 1 0]	[1 0 1 1 0 1]	[0 0 0 0 0 0]	[8]	[0 0 0 0 0 0 1 0 0]	[0 0 1 0 1 0 0 1 0]	[1 0 1 1 1 1]	[0 0 0 0 0 0]	[0]
0	-1.0	8.457843780517578	2.2990469932556152	2.283390998840332	1.937487006187439	1.937919020652771	True	[0 0 0 0 0 0 1 0 0]	[0 0 1 0 1 0 0 1 0]	[1 0 1 1 1 1]	[0 0 0 0 0 0]	[0]	[0 0 1 0 0 0 1 0 0]	[0 0 1 0 1 0 0 1 1]	[1 0 1 0 1 1]	[0 0 0 0 1 0]	[0]
0	-1.0	8.456236839294434	2.2937209606170654	2.2883853912353516	1.9347501993179321	1.939380168914795	True	[0 0 1 0 0 0 1 0 0]	[0 0 1 0 1 0 0 1 1]	[1 0 1 0 1 1]	[0 0 0 0 1 0]	[0]	[0 0 1 0 0 0 1 0 1]	[0 0 1 1 1 0 0 1 1]	[1 0 1 1 1 1]	[0 0 0 0 0 0]	[0]
0	0.25537511706352234	8.450428009033203	2.2956461906433105	2.2854628562927246	1.9292705059051514	1.9400479793548584	True	[0 0 1 0 0 0 1 0 1]	[0 0 1 1 1 0 0 1 1]	[1 0 1 1 1 1]	[0 0 0 0 0 0]	[0]	[1 0 1 0 0 0 1 0 1]	[0 0 1 0 1 0 0 1 1]	[1 0 1 1 0 1]	[0 0 0 0 0 0]	[24]
0	-1.0	8.438161849975586	2.2862563133239746	2.284433126449585	1.9288253784179688	1.938647747039795	True	[1 0 1 0 0 0 1 0 1]	[0 0 1 0 1 0 0 1 1]	[1 0 1 1 0 1]	[0 0 0 0 0 0]	[24]	[0 0 1 0 0 0 1 0 1]	[0 0 1 1 1 0 0 1 1]	[1 0 1 1 1 1]	[0 0 0 0 0 0]	[0]
0	0.37330880761146545	8.448136329650879	2.297133207321167	2.2817418575286865	1.929328203201294	1.9399325847625732	True	[0 0 1 0 0 0 1 0 1]	[0 0 1 1 1 0 0 1 1]	[1 0 1 1 1 1]	[0 0 0 0 0 0]	[0]	[1 0 1 0 0 0 1 0 1]	[0 0 1 1 1 0 0 1 0]	[1 0 1 1 0 1]	[0 0 0 0 0 0]	[8]
0	-1.0	8.457858085632324	2.2944228649139404	2.2878928184509277	1.9350956678390503	1.9404468536376953	True	[1 0 1 0 0 0 1 0 1]	[0 0 1 1 1 0 0 1 0]	[1 0 1 1 0 1]	[0 0 0 0 0 0]	[8]	[1 0 1 0 0 0 0 0 1]	[0 0 1 0 1 0 0 1 0]	[1 0 1 1 1 1]	[0 0 0 0 0 0]	[0]
0	-1.0	8.455013275146484	2.298409938812256	2.2818307876586914	1.939455509185791	1.9353175163269043	True	[1 0 1 0 0 0 0 0 1]	[0 0 1 0 1 0 0 1 0]	[1 0 1 1 1 1]	[0 0 0 0 0 0]	[0]	[1 0 1 0 0 0 1 0 1]	[0 0 1 1 1 0 0 1 0]	[1 0 1 0 1 1]	[0 0 0 0 1 0]	[0]
0	-1.0	8.459015846252441	2.293381929397583	2.285391092300415	1.9401414394378662	1.9401018619537354	True	[1 0 1 0 0 0 1 0 1]	[0 0 1 1 1 0 0 1 0]	[1 0 1 0 1 1]	[0 0 0 0 1 0]	[0]	[1 0 1 0 0 0 1 0 0]	[0 0 1 0 1 0 0 1 0]	[1 0 1 1 1 1]	[0 0 0 0 0 0]	[0]
0	-1.0	8.4640474319458	2.3000848293304443	2.286391496658325	1.9390203952789307	1.9385509490966797	True	[1 0 1 0 0 0 1 0 0]	[0 0 1 0 1 0 0 1 0]	[1 0 1 1 1 1]	[0 0 0 0 0 0]	[0]	[1 0 0 0 0 0 1 0 0]	[0 0 1 1 1 0 0 1 0]	[1 0 1 0 1 1]	[0 0 0 0 1 0]	[0]
0	-1.0	8.456340789794922	2.293032646179199	2.2867379188537598	1.9367318153381348	1.9398386478424072	True	[1 0 0 0 0 0 1 0 0]	[0 0 1 1 1 0 0 1 0]	[1 0 1 0 1 1]	[0 0 0 0 1 0]	[0]	[1 0 0 0 0 0 1 0 1]	[0 0 1 0 1 0 0 1 0]	[1 0 1 1 1 1]	[0 0 0 0 0 0]	[0]
0	-0.5	8.464926719665527	2.2980844974517822	2.2860631942749023	1.9414896965026855	1.939289927482605	True	[1 0 0 0 0 0 1 0 1]	[0 0 1 0 1 0 0 1 0]	[1 0 1 1 1 1]	[0 0 0 0 0 0]	[0]	[1 0 1 0 0 0 1 0 1]	[0 0 1 1 1 0 0 1 0]	[1 0 1 1 0 1]	[0 0 0 0 1 0]	[4]
0	-0.5	8.459639549255371	2.2957592010498047	2.2857666015625	1.9386893510818481	1.9394243955612183	True	[1 0 1 0 0 0 1 0 1]	[0 0 1 1 1 0 0 1 0]	[1 0 1 1 0 1]	[0 0 0 0 1 0]	[4]	[1 0 1 0 0 0 0 0 1]	[0 0 1 0 1 0 0 1 0]	[1 0 1 1 1 1]	[0 0 0 0 1 0]	[4]
1	-1.0	7.925355434417725	2.1578426361083984	2.20198655128479	1.8974838256835938	1.6680426597595215	True	[0 0 0 0 0 0 0 0 0]	[0 0 0 0 0 0 0 0 0]	[0 0 0 0 0 0]	[0 0 0 1 0 0]	[0]	[0 0 0 0 0 0 0 0 1]	[0 0 0 0 0 0 1 0 0]	[0 0 0 1 0 0]	[0 0 0 0 0 0]	[0]
1	-1.0	7.99703311920166	2.1934401988983154	2.1753158569335938	1.830587387084961	1.7976895570755005	True	[0 0 0 0 0 0 0 0 1]	[0 0 0 0 0 0 1 0 0]	[0 0 0 1 0 0]	[0 0 0 0 0 0]	[0]	[0 0 0 1 0 0 0 0 1]	[0 0 0 0 0 0 0 0 0]	[0 0 0 0 0 0]	[0 0 0 0 0 1]	[0]
1	-1.0	8.02070426940918	2.2243330478668213	2.2043988704681396	1.8118597269058228	1.7801132202148438	True	[0 0 0 1 0 0 0 0 1]	[0 0 0 0 0 0 0 0 0]	[0 0 0 0 0 0]	[0 0 0 0 0 1]	[0]	[0 0 0 0 0 0 0 0 1]	[0 0 0 0 0 1 0 0 0]	[0 0 0 0 0 1]	[0 0 0 0 1 1]	[0]
1	-1.0	7.72495174407959	2.1717257499694824	2.0950655937194824	1.7203587293624878	1.7378015518188477	True	[0 0 0 0 0 0 0 0 1]	[0 0 0 0 0 1 0 0 0]	[0 0 0 0 0 1]	[0 0 0 0 1 1]	[0]	[1 0 0 0 0 0 0 0 1]	[0 0 0 0 0 1 1 0 0]	[0 1 0 0 0 1]	[0 0 0 0 1 0]	[0]
1	-0.5	7.946150779724121	2.166171073913574	2.205066680908203	1.866180419921875	1.7087327241897583	True	[1 0 0 0 0 0 0 0 1]	[0 0 0 0 0 1 1 0 0]	[0 1 0 0 0 1]	[0 0 0 0 1 0]	[0]	[1 0 0 0 0 1 0 0 1]	[0 0 0 0 0 1 1 1 0]	[0 0 0 0 0 1]	[0 0 0 0 1 1]	[4]
1	0.5182968378067017	7.739871501922607	2.032047986984253	2.071903705596924	1.8164271116256714	1.8194928169250488	True	[1 0 0 0 0 1 0 0 1]	[0 0 0 0 0 1 1 1 0]	[0 0 0 0 0 1]	[0 0 0 0 1 1]	[4]	[0 0 0 0 0 1 0 0 1]	[0 0 0 0 0 1 0 1 0]	[0 1 0 0 0 1]	[0 0 0 0 1 0]	[8]
1	-0.5	8.024118423461914	2.11864972114563	2.19494366645813	1.8886468410491943	1.8218783140182495	True	[0 0 0 0 0 1 0 0 1]	[0 0 0 0 0 1 0 1 0]	[0 1 0 0 0 1]	[0 0 0 0 1 0]	[8]	[0 0 0 0 0 0 0 0 1]	[0 0 0 0 0 1 1 1 0]	[0 1 0 0 0 1]	[0 0 0 0 1 1]	[4]
1	-1.0	8.008670806884766	2.180162191390991	2.123382568359375	1.86509108543396	1.84003484249115	True	[0 0 0 0 0 0 0 0 1]	[0 0 0 0 0 1 1 1 0]	[0 1 0 0 0 1]	[0 0 0 0 1 1]	[4]	[1 0 0 0 0 0 0 0 1]	[0 1 0 0 0 1 1 1 0]	[0 0 0 0 0 1]	[0 0 0 0 1 0]	[0]
1	-0.5	7.920912742614746	2.2204062938690186	2.1626462936401367	1.8252352476119995	1.7126246690750122	True	[1 0 0 0 0 0 0 0 1]	[0 1 0 0 0 1 1 1 0]	[0 0 0 0 0 1]	[0 0 0 0 1 0]	[0]	[1 0 0 1 0 0 0 0 1]	[0 1 0 0 0 1 1 0 0]	[0 1 0 0 0 1]	[0 0 0 0 1 1]	[4]
1	-1.0	8.045517921447754	2.158975601196289	2.1548192501068115	1.8743469715118408	1.8573764562606812	True	[1 0 0 1 0 0 0 0 1]	[0 1 0 0 0 1 1 0 0]	[0 1 0 0 0 1]	[0 0 0 0 1 1]	[4]	[0 0 0 1 0 0 0 0 1]	[0 0 0 0 0 1 1 0 0]	[0 0 0 0 0 1]	[0 0 0 0 1 0]	[0]
1	-1.0	7.94669246673584	2.210850477218628	2.2031807899475098	1.7745531797409058	1.7581080198287964	True	[0 0 0 1 0 0 0 0 1]	[0 0 0 0 0 1 1 0 0]	[0 0 0 0 0 1]	[0 0 0 0 1 0]	[0]	[0 0 0 0 0 0 0 0 1]	[0 0 0 0 0 1 1 1 0]	[0 1 0 0 0 1]	[0 0 0 0 0 0]	[0]
1	-1.0	8.075979232788086	2.228288412094116	2.2245094776153564	1.8309496641159058	1.7922316789627075	True	[0 0 0 0 0 0 0 0 1]	[0 0 0 0 0 1 1 1 0]	[0 1 0 0 0 1]	[0 0 0 0 0 0]	[0]	[0 0 0 1 0 0 0 0 1]	[0 0 0 0 0 1 0 1 0]	[0 1 0 0 0 1]	[0 0 0 0 0 1]	[0]
1	-1.0	8.000103950500488	2.2184460163116455	2.2133872509002686	1.7774872779846191	1.7907830476760864	True	[0 0 0 1 0 0 0 0 1]	[0 0 0 0 0 1 0 1 0]	[0 1 0 0 0 1]	[0 0 0 0 0 1]	[0]	[0 0 0 0 0 0 0 0 1]	[0 1 0 0 0 1 0 1 0]	[0 0 0 0 0 1]	[0 0 0 0 0 0]	[0]
1	-1.0	7.851024627685547	2.09462833404541	2.2125673294067383	1.788696527481079	1.7551329135894775	True	[0 0 0 0 0 0 0 0 1]	[0 1 0 0 0 1 0 1 0]	[0 0 0 0 0 1]	[0 0 0 0 0 0]	[0]	[0 0 0 1 0 0 0 0 1]	[0 1 0 0 0 1 1 1 0]	[0 1 0 0 0 1]	[0 0 0 0 0 1]	[0]
1	-0.5	8.082470893859863	2.2138559818267822	2.236924409866333	1.801396131515503	1.8302944898605347	True	[0 0 0 1 0 0 0 0 1]	[0 1 0 0 0 1 1 1 0]	[0 1 0 0 0 1]	[0 0 0 0 0 1]	[0]	[0 0 0 0 0 0 0 0 1]	[0 0 0 0 0 1 1 1 0]	[0 0 0 0 0 1]	[0 0 0 0 0 0]	[4]
1	-1.0	7.940219402313232	2.211292266845703	2.08597993850708	1.8127429485321045	1.8302043676376343	True	[0 0 0 0 0 0 0 0 1]	[0 0 0 0 0 1 1 1 0]	[0 0 0 0 0 1]	[0 0 0 0 0 0]	[4]	[0 0 0 1 0 0 0 0 1]	[0 0 0 0 0 1 0 1 0]	[0 1 0 0 0 1]	[0 0 0 0 0 1]	[0]
1	-1.0	7.976480007171631	2.2148172855377197	2.1653168201446533	1.7825205326080322	1.8138251304626465	True	[0 0 0 1 0 0 0 0 1]	[0 0 0 0 0 1 0 1 0]	[0 1 0 0 0 1]	[0 0 0 0 0 1]	[0]	[1 0 0 1 0 0 0 0 1]	[0 1 0 0 0 1 0 1 0]	[0 0 0 0 0 1]	[0 0 0 0 0 0]	[0]
1	-1.0	8.03458023071289	2.1539268493652344	2.243081569671631	1.8475064039230347	1.7900649309158325	True	[1 0 0 1 0 0 0 0 1]	[0 1 0 0 0 1 0 1 0]	[0 0 0 0 0 1]	[0 0 0 0 0 0]	[0]	[1 0 0 0 0 0 0 0 1]	[0 1 0 0 0 0 0 1 0]	[0 0 0 0 0 0]	[0 0 0 0 0 1]	[0]
1	-1.0	7.966426849365234	2.198490619659424	2.1742944717407227	1.7962394952774048	1.7974021434783936	True	[1 0 0 0 0 0 0 0 1]	[0 1 0 0 0 0 0 1 0]	[0 0 0 0 0 0]	[0 0 0 0 0 1]	[0]	[1 0 0 1 0 0 0 0 1]	[0 1 0 0 0 0 1 1 0]	[0 0 0 0 0 1]	[0 0 0 0 0 0]	[0]
1	0.4067976474761963	8.116613388061523	2.2203145027160645	2.2107884883880615	1.8466776609420776	1.8388330936431885	True	[1 0 0 1 0 0 0 0 1]	[0 1 0 0 0 0 1 1 0]	[0 0 0 0 0 1]	[0 0 0 0 0 0]	[0]	[1 0 0 0 0 0 0 0 1]	[0 1 0 0 0 0 0 1 0]	[0 0 0 1 0 1]	[0 0 0 0 0 0]	[8]
1	-0.75	8.079360008239746	2.159977912902832	2.168144941329956	1.8774656057357788	1.8737714290618896	True	[1 0 0 0 0 0 0 0 1]	[0 1 0 0 0 0 0 1 0]	[0 0 0 1 0 1]	[0 0 0 0 0 0]	[8]	[1 0 0 0 0 0 1 0 1]	[0 1 0 0 0 0 1 1 0]	[0 0 0 0 0 1]	[0 0 0 0 0 1]	[2]
1	-0.5	8.000456809997559	2.2003633975982666	2.185698986053467	1.8195321559906006	1.7948620319366455	True	[1 0 0 0 0 0 1 0 1]	[0 1 0 0 0 0 1 1 0]	[0 0 0 0 0 1]	[0 0 0 0 0 1]	[2]	[0 0 0 0 0 0 1 0 1]	[0 1 0 0 0 0 0 1 0]	[0 1 0 0 0 1]	[0 0 0 0 0 0]	[4]
1	-1.0	8.1287841796875	2.215623617172241	2.188243865966797	1.856333613395691	1.8685832023620605	True	[0 0 0 0 0 0 1 0 1]	[0 1 0 0 0 0 0 1 0]	[0 1 0 0 0 1]	[0 0 0 0 0 0]	[4]	[1 0 0 0 0 0 1 0 1]	[0 1 0 0 0 0 1 1 0]	[0 1 0 1 0 1]	[0 0 0 0 0 0]	[0]
1	-0.5	8.073811531066895	2.2294695377349854	2.134697914123535	1.8453688621520996	1.8642756938934326	True	[1 0 0 0 0 0 1 0 1]	[0 1 0 0 0 0 1 1 0]	[0 1 0 1 0 1]	[0 0 0 0 0 0]	[0]	[0 0 0 0 0 0 1 0 1]	[0 1 0 1 0 0 1 1 0]	[0 1 0 0 0 1]	[0 0 0 0 0 0]	[4]
1	-1.0	8.14693546295166	2.201663017272949	2.1831021308898926	1.8782598972320557	1.8839099407196045	True	[0 0 0 0 0 0 1 0 1]	[0 1 0 1 0 0 1 1 0]	[0 1 0 0 0 1]	[0 0 0 0 0 0]	[4]	[0 0 0 0 0 0 0 0 1]	[0 1 0 0 0 0 1 1 0]	[0 1 0 0 1 1]	[0 0 0 0 0 0]	[0]
1	-0.5	7.921731948852539	2.194753885269165	2.1964478492736816	1.816066861152649	1.714463233947754	True	[0 0 0 0 0 0 0 0 1]	[0 1 0 0 0 0 1 1 0]	[0 1 0 0 1 1]	[0 0 0 0 0 0]	[0]	[0 0 0 1 0 0 0 0 1]	[0 1 0 1 0 0 1 1 0]	[0 1 0 0 0 1]	[0 0 0 0 0 0]	[4]
1	-1.0	8.091612815856934	2.1870288848876953	2.1676266193389893	1.863996982574463	1.8729602098464966	True	[0 0 0 1 0 0 0 0 1]	[0 1 0 1 0 0 1 1 0]	[0 1 0 0 0 1]	[0 0 0 0 0 0]	[4]	[0 0 0 0 0 0 0 0 1]	[0 1 0 0 0 0 1 1 0]	[0 1 0 0 1 1]	[0 0 0 0 0 0]	[0]
1	-0.5	8.032106399536133	2.211442470550537	2.213446855545044	1.829054832458496	1.7781615257263184	True	[0 0 0 0 0 0 0 0 1]	[0 1 0 0 0 0 1 1 0]	[0 1 0 0 1 1]	[0 0 0 0 0 0]	[0]	[0 0 0 1 0 0 0 0 1]	[0 1 0 1 0 0 1 1 0]	[0 1 0 0 0 1]	[0 0 0 0 0 0]	[4]
1	-1.0	8.049179077148438	2.181821823120117	2.1457390785217285	1.8602813482284546	1.8613367080688477	True	[0 0 0 1 0 0 0 0 1]	[0 1 0 1 0 0 1 1 0]	[0 1 0 0 0 1]	[0 0 0 0 0 0]	[4]	[0 0 0 0 0 0 0 0 1]	[0 1 0 0 0 0 1 1 0]	[0 1 0 1 0 1]	[0 0 0 0 0 0]	[0]
1	0.40345636010169983	8.188593864440918	2.24601149559021	2.1901111602783203	1.8692042827606201	1.8832666873931885	True	[0 0 0 0 0 0 0 0 1]	[0 1 0 0 0 0 1 1 0]	[0 1 0 1 0 1]	[0 0 0 0 0 0]	[0]	[0 0 0 1 0 0 0 0 1]	[0 1 0 0 0 0 0 1 0]	[0 1 0 1 1 1]	[0 0 0 0 0 0]	[10]
2	-1.0	7.38330602645874	2.0172972679138184	2.12615704536438	1.795875072479248	1.4439762830734253	False	[1 0 0 0 0 0 0 0 0]	[0 0 0 0 0 0 0 0 0]	[1 0 0 0 1 0]	[1 0 0 1 0 1]	[0]	[1 0 1 0 0 0 0 0 0]	[0 0 0 0 0 0 0 0 0]	[1 0 0 0 1 0]	[1 0 0 1 0 1]	[0]
2	-1.0	7.59719705581665	2.1193811893463135	2.148822069168091	1.8305566310882568	1.4984374046325684	False	[1 0 1 0 0 0 0 0 0]	[0 0 0 0 0 0 0 0 0]	[1 0 0 0 1 0]	[1 0 0 1 0 1]	[0]	[1 0 0 0 0 0 0 0 0]	[0 0 0 0 0 0 0 0 1]	[1 0 0 0 1 0]	[1 0 0 1 0 1]	[0]
2	-0.5	7.62544059753418	2.011054277420044	2.154331684112549	1.8893063068389893	1.570748209953308	False	[1 0 0 0 0 0 0 0 0]	[0 0 0 0 0 0 0 0 1]	[1 0 0 0 1 0]	[1 0 0 1 0 1]	[0]	[1 0 1 0 0 0 0 0 0]	[0 0 0 0 0 0 0 0 0]	[1 0 0 0 1 0]	[0 0 0 1 0 1]	[4]
2	-0.5	7.719670295715332	2.1432085037231445	2.167912244796753	1.7464666366577148	1.6620824337005615	False	[1 0 1 0 0 0 0 0 0]	[0 0 0 0 0 0 0 0 0]	[1 0 0 0 1 0]	[0 0 0 1 0 1]	[4]	[1 0 1 0 0 0 1 0 0]	[0 0 0 0 0 0 0 0 1]	[1 0 0 0 0 0]	[1 0 0 1 0 1]	[4]
2	-0.5	7.869394779205322	2.063342571258545	2.204852819442749	1.766489028930664	1.8347104787826538	False	[1 0 1 0 0 0 1 0 0]	[0 0 0 0 0 0 0 0 1]	[1 0 0 0 0 0]	[1 0 0 1 0 1]	[4]	[1 0 1 0 0 0 0 0 0]	[0 0 0 0 0 0 0 0 0]	[1 0 0 0 1 0]	[0 0 0 1 0 1]	[4]
2	-0.5	7.780559539794922	2.156623601913452	2.1274948120117188	1.8085353374481201	1.6879050731658936	False	[1 0 1 0 0 0 0 0 0]	[0 0 0 0 0 0 0 0 0]	[1 0 0 0 1 0]	[0 0 0 1 0 1]	[4]	[1 0 1 0 0 0 1 0 0]	[0 0 0 0 0 0 0 0 1]	[1 0 0 0 0 0]	[1 0 0 1 0 1]	[4]
2	-0.5	7.922145843505859	2.096078872680664	2.203498363494873	1.7841886281967163	1.8383797407150269	False	[1 0 1 0 0 0 1 0 0]	[0 0 0 0 0 0 0 0 1]	[1 0 0 0 0 0]	[1 0 0 1 0 1]	[4]	[1 0 1 0 0 0 0 0 0]	[1 0 0 0 0 0 0 0 1]	[1 0 0 0 1 0]	[0 0 0 1 0 1]	[4]
2	-0.5	7.735926628112793	1.9795117378234863	2.1801257133483887	1.802728533744812	1.773560643196106	False	[1 0 1 0 0 0 0 0 0]	[1 0 0 0 0 0 0 0 1]	[1 0 0 0 1 0]	[0 0 0 1 0 1]	[4]	[1 0 1 0 0 0 1 0 0]	[1 0 0 0 0 0 0 1 1]	[1 0 0 0 0 0]	[1 0 0 1 0 1]	[4]
2	-0.5	7.908854007720947	2.1362099647521973	2.1498219966888428	1.715914011001587	1.9069085121154785	False	[1 0 1 0 0 0 1 0 0]	[1 0 0 0 0 0 0 1 1]	[1 0 0 0 0 0]	[1 0 0 1 0 1]	[4]	[1 0 1 0 0 1 1 0 0]	[1 0 0 0 0 1 0 1 1]	[1 0 0 0 1 0]	[1 0 1 1 0 1]	[4]
2	-0.25	7.783422470092773	1.9039077758789062	2.192564010620117	1.7680814266204834	1.9188692569732666	False	[1 0 1 0 0 1 1 0 0]	[1 0 0 0 0 1 0 1 1]	[1 0 0 0 1 0]	[1 0 1 1 0 1]	[4]	[1 0 1 0 0 1 0 0 0]	[0 0 0 0 0 1 0 1 1]	[1 0 0 0 0 0]	[1 0 1 1 0 0]	[6]
2	-0.25	7.898061752319336	2.175387144088745	2.164106607437134	1.7660186290740967	1.7925492525100708	False	[1 0 1 0 0 1 0 0 0]	[0 0 0 0 0 1 0 1 1]	[1 0 0 0 0 0]	[1 0 1 1 0 0]	[6]	[1 0 1 0 0 1 1 0 0]	[0 0 0 0 0 1 0 0 1]	[1 0 0 1 0 0]	[0 0 1 1 0 0]	[6]
2	0.27104806900024414	7.27895450592041	2.029876708984375	1.9696952104568481	1.5559039115905762	1.7234790325164795	False	[1 0 1 0 0 1 1 0 0]	[0 0 0 0 0 1 0 0 1]	[1 0 0 1 0 0]	[0 0 1 1 0 0]	[6]	[0 0 1 0 0 1 1 0 0]	[0 0 0 0 0 1 0 1 1]	[1 0 0 0 0 0]	[0 0 1 0 0 0]	[12]
2	-0.5	7.549071311950684	2.039346694946289	2.1874523162841797	1.4541200399398804	1.868152141571045	False	[0 0 1 0 0 1 1 0 0]	[0 0 0 0 0 1 0 1 1]	[1 0 0 0 0 0]	[0 0 1 0 0 0]	[12]	[0 0 1 0 0 0 1 0 0]	[1 0 0 0 0 1 0 1 1]	[1 0 0 0 1 0]	[0 0 0 0 0 0]	[4]
2	-0.5	7.757718086242676	2.100741386413574	2.119218587875366	1.6344404220581055	1.9033174514770508	False	[0 0 1 0 0 0 1 0 0]	[1 0 0 0 0 1 0 1 1]	[1 0 0 0 1 0]	[0 0 0 0 0 0]	[4]	[0 0 1 0 0 1 1 0 0]	[1 0 0 0 0 0 0 1 1]	[1 0 0 0 0 0]	[0 0 0 0 1 0]	[4]
2	-0.75	8.101640701293945	2.1886448860168457	2.2420260906219482	1.807585597038269	1.8633840084075928	False	[0 0 1 0 0 1 1 0 0]	[1 0 0 0 0 0 0 1 1]	[1 0 0 0 0 0]	[0 0 0 0 1 0]	[4]	[0 0 1 0 0 1 0 0 0]	[1 0 0 1 0 0 0 1 1]	[1 0 0 0 1 0]	[0 0 0 0 1 1]	[2]
2	-0.25	8.142574310302734	2.175664186477661	2.2180209159851074	1.854311227798462	1.894578218460083	False	[0 0 1 0 0 1 0 0 0]	[1 0 0 1 0 0 0 1 1]	[1 0 0 0 1 0]	[0 0 0 0 1 1]	[2]	[0 0 1 0 0 0 0 0 0]	[1 0 0 1 0 0 0 0 1]	[1 0 0 1 1 0]	[0 0 0 0 1 0]	[6]
2	-0.25	7.672773361206055	1.9778590202331543	2.1811647415161133	1.718174934387207	1.7955747842788696	False	[0 0 1 0 0 0 0 0 0]	[1 0 0 1 0 0 0 0 1]	[1 0 0 1 1 0]	[0 0 0 0 1 0]	[6]	[0 1 1 0 0 0 0 0 0]	[0 0 0 1 0 0 0 0 1]	[1 0 0 1 0 0]	[0 0 0 0 0 0]	[6]
2	0.26667407155036926	7.819401264190674	2.1950058937072754	2.103325128555298	1.6439775228500366	1.8770924806594849	False	[0 1 1 0 0 0 0 0 0]	[0 0 0 1 0 0 0 0 1]	[1 0 0 1 0 0]	[0 0 0 0 0 0]	[6]	[0 1 1 0 0 0 0 0 1]	[0 0 0 1 0 0 0 0 0]	[1 0 0 0 0 0]	[1 0 0 0 0 0]	[12]
2	-0.5	7.498290061950684	2.044257640838623	2.194248914718628	1.6132581233978271	1.6465251445770264	False	[0 1 1 0 0 0 0 0 1]	[0 0 0 1 0 0 0 0 0]	[1 0 0 0 0 0]	[1 0 0 0 0 0]	[12]	[0 1 1 0 0 0 1 0 1]	[0 0 0 1 0 1 0 0 0]	[1 0 0 0 1 0]	[0 0 0 0 0 0]	[4]
2	0.2737753391265869	7.884023189544678	2.0670111179351807	2.180816411972046	1.7466330528259277	1.889562726020813	False	[0 1 1 0 0 0 1 0 1]	[0 0 0 1 0 1 0 0 0]	[1 0 0 0 1 0]	[0 0 0 0 0 0]	[4]	[0 1 1 0 0 0 0 0 1]	[0 0 0 1 0 0 0 0 0]	[1 0 0 0 0 0]	[1 0 0 0 0 0]	[12]
2	-0.5	7.547134876251221	2.0595974922180176	2.1997640132904053	1.5826878547668457	1.7050858736038208	False	[0 1 1 0 0 0 0 0 1]	[0 0 0 1 0 0 0 0 0]	[1 0 0 0 0 0]	[1 0 0 0 0 0]	[12]	[0 1 1 0 0 0 1 0 1]	[0 0 0 1 0 1 0 0 0]	[1 0 0 0 1 0]	[0 0 0 0 0 0]	[4]
2	-0.75	7.850510120391846	2.034031629562378	2.1833770275115967	1.7372759580612183	1.8958255052566528	False	[0 1 1 0 0 0 1 0 1]	[0 0 0 1 0 1 0 0 0]	[1 0 0 0 1 0]	[0 0 0 0 0 0]	[4]	[0 1 1 0 0 0 0 0 1]	[0 0 0 1 0 0 0 0 0]	[1 0 0 0 0 0]	[0 0 0 0 0 1]	[2]
2	-0.25	8.01431655883789	2.1868784427642822	2.1278536319732666	1.8667716979980469	1.8328131437301636	False	[0 1 1 0 0 0 0 0 1]	[0 0 0 1 0 0 0 0 0]	[1 0 0 0 0 0]	[0 0 0 0 0 1]	[2]	[0 0 1 0 0 0 0 0 1]	[0 0 0 1 0 0 0 0 1]	[1 0 0 1 0 0]	[0 0 0 0 0 0]	[6]
2	-0.75	7.859568119049072	2.165593385696411	2.128647565841675	1.758476734161377	1.806850552558899	False	[0 0 1 0 0 0 0 0 1]	[0 0 0 1 0 0 0 0 1]	[1 0 0 1 0 0]	[0 0 0 0 0 0]	[6]	[0 1 1 0 0 0 0 0 1]	[0 0 0 1 0 0 0 0 0]	[1 0 0 0 0 0]	[0 0 0 0 0 1]	[2]
2	-0.25	8.011368751525879	2.176563262939453	2.123354911804199	1.8743711709976196	1.8370791673660278	False	[0 1 1 0 0 0 0 0 1]	[0 0 0 1 0 0 0 0 0]	[1 0 0 0 0 0]	[0 0 0 0 0 1]	[2]	[0 0 1 0 0 0 0 0 1]	[0 0 0 1 0 0 0 0 1]	[1 0 0 1 0 0]	[1 0 0 0 0 1]	[6]
2	0.17352816462516785	7.571563720703125	2.140390634536743	2.0481646060943604	1.600881576538086	1.782126784324646	False	[0 0 1 0 0 0 0 0 1]	[0 0 0 1 0 0 0 0 1]	[1 0 0 1 0 0]	[1 0 0 0 0 1]	[6]	[0 0 1 0 0 0 1 0 1]	[0 0 0 1 0 0 0 1 1]	[1 0 0 0 0 0]	[1 0 0 0 0 0]	[12]
2	-0.75	7.583931922912598	2.120142698287964	2.2299509048461914	1.5034998655319214	1.730338215827942	False	[0 0 1 0 0 0 1 0 1]	[0 0 0 1 0 0 0 1 1]	[1 0 0 0 0 0]	[1 0 0 0 0 0]	[12]	[0 0 1 0 0 0 0 0 1]	[0 0 0 0 0 0 0 1 1]	[1 0 0 0 1 0]	[1 0 0 0 0 1]	[2]
2	-0.75	8.074187278747559	2.184628963470459	2.205357789993286	1.8122689723968506	1.8719314336776733	False	[0 0 1 0 0 0 0 0 1]	[0 0 0 0 0 0 0 1 1]	[1 0 0 0 1 0]	[1 0 0 0 0 1]	[2]	[0 0 1 0 0 1 0 0 1]	[0 0 0 0 0 0 0 1 0]	[1 0 0 1 1 0]	[1 0 0 0 0 0]	[2]
2	-0.75	8.039377212524414	2.2096540927886963	2.1793906688690186	1.7850513458251953	1.865281581878662	False	[0 0 1 0 0 1 0 0 1]	[0 0 0 0 0 0 0 1 0]	[1 0 0 1 1 0]	[1 0 0 0 0 0]	[2]	[0 0 1 0 0 0 0 0 1]	[0 0 0 0 0 0 0 1 1]	[1 0 0 0 1 0]	[1 0 0 0 0 1]	[2]
2	-0.75	8.034350395202637	2.184584140777588	2.1865622997283936	1.7940514087677002	1.8691526651382446	False	[0 0 1 0 0 0 0 0 1]	[0 0 0 0 0 0 0 1 1]	[1 0 0 0 1 0]	[1 0 0 0 0 1]	[2]	[0 0 1 0 0 1 0 0 1]	[0 0 0 0 0 0 0 0 1]	[1 0 0 1 1 0]	[1 0 0 0 0 0]	[2]
3	0.35800179839134216	7.790612697601318	2.188951253890991	2.2231757640838623	1.8080739974975586	1.5704116821289062	False	[1 0 0 0 0 0 1 0 1]	[0 0 0 0 0 1 0 0 0]	[0 0 0 0 0 0]	[0 0 1 0 1 0]	[0]	[1 0 0 0 0 0 1 1 1]	[0 0 0 0 0 1 0 0 0]	[0 0 0 0 0 0]	[0 0 1 0 1 0]	[8]
3	-1.0	7.530045032501221	2.134873628616333	2.1411707401275635	1.7670433521270752	1.48695707321167	False	[1 0 0 0 0 0 1 1 1]	[0 0 0 0 0 1 0 0 0]	[0 0 0 0 0 0]	[0 0 1 0 1 0]	[8]	[1 0 0 0 0 0 0 1 1]	[0 0 0 0 0 1 1 0 0]	[0 0 0 0 1 0]	[1 0 1 0 1 0]	[0]
3	-1.0	7.2875237464904785	2.0478551387786865	2.0629560947418213	1.8187949657440186	1.3579171895980835	False	[1 0 0 0 0 0 0 1 1]	[0 0 0 0 0 1 1 0 0]	[0 0 0 0 1 0]	[1 0 1 0 1 0]	[0]	[1 0 0 0 0 1 0 1 1]	[0 0 1 0 0 1 1 0 0]	[0 0 0 0 1 0]	[1 0 1 0 1 0]	[0]
3	-1.0	7.340106010437012	2.1063332557678223	2.0992612838745117	1.7831709384918213	1.3513400554656982	False	[1 0 0 0 0 1 0 1 1]	[0 0 1 0 0 1 1 0 0]	[0 0 0 0 1 0]	[1 0 1 0 1 0]	[0]	[1 0 0 0 0 1 0 0 1]	[0 0 0 0 0 1 1 0 0]	[0 0 0 0 1 0]	[1 0 1 0 1 0]	[0]
3	-1.0	7.192205905914307	2.062121629714966	2.1381633281707764	1.779878854751587	1.2120423316955566	False	[1 0 0 0 0 1 0 0 1]	[0 0 0 0 0 1 1 0 0]	[0 0 0 0 1 0]	[1 0 1 0 1 0]	[0]	[1 0 0 0 0 1 1 0 1]	[0 0 1 0 0 1 1 0 0]	[0 0 0 0 1 0]	[1 0 1 0 1 0]	[0]
3	-1.0	7.204875946044922	1.9909623861312866	2.1379239559173584	1.6513254642486572	1.4246643781661987	False	[1 0 0 0 0 1 1 0 1]	[0 0 1 0 0 1 1 0 0]	[0 0 0 0 1 0]	[1 0 1 0 1 0]	[0]	[1 0 0 0 0 1 0 0 1]	[0 0 1 0 0 1 1 1 0]	[0 0 0 0 1 0]	[1 0 1 0 1 0]	[0]
3	0.31348028779029846	7.57412052154541	2.106241226196289	2.1383779048919678	1.8731598854064941	1.4563415050506592	False	[1 0 0 0 0 1 0 0 1]	[0 0 1 0 0 1 1 1 0]	[0 0 0 0 1 0]	[1 0 1 0 1 0]	[0]	[1 0 0 0 0 0 0 0 1]	[0 0 0 0 0 1 1 1 0]	[0 0 0 0 1 0]	[1 0 1 0 1 0]	[8]
3	-1.0	7.2455735206604	1.9717705249786377	2.106393337249756	1.7037078142166138	1.463701605796814	False	[1 0 0 0 0 0 0 0 1]	[0 0 0 0 0 1 1 1 0]	[0 0 0 0 1 0]	[1 0 1 0 1 0]	[8]	[1 0 0 0 0 1 0 0 1]	[0 0 1 0 0 1 1 1 0]	[0 0 0 0 0 0]	[0 0 1 0 1 0]	[0]
3	0.2637753486633301	7.553441047668457	2.1897239685058594	2.21236252784729	1.6787455081939697	1.472609519958496	False	[1 0 0 0 0 1 0 0 1]	[0 0 1 0 0 1 1 1 0]	[0 0 0 0 0 0]	[0 0 1 0 1 0]	[0]	[1 0 0 0 0 1 1 0 1]	[0 0 0 0 0 1 1 1 0]	[0 0 0 0 0 0]	[0 0 1 0 1 0]	[16]
3	-1.0	7.4516706466674805	2.0302300453186035	2.1121773719787598	1.719836950302124	1.5894262790679932	False	[1 0 0 0 0 1 1 0 1]	[0 0 0 0 0 1 1 1 0]	[0 0 0 0 0 0]	[0 0 1 0 1 0]	[16]	[1 0 0 0 0 1 0 0 1]	[0 0 1 0 0 1 1 1 0]	[0 0 0 0 1 0]	[1 0 1 0 1 0]	[0]
3	-1.0	7.390953063964844	2.0836410522460938	2.1365153789520264	1.8636696338653564	1.3071269989013672	False	[1 0 0 0 0 1 0 0 1]	[0 0 1 0 0 1 1 1 0]	[0 0 0 0 1 0]	[1 0 1 0 1 0]	[0]	[1 0 0 0 0 1 1 0 1]	[0 0 0 0 0 1 1 1 0]	[0 0 0 0 1 0]	[1 0 1 0 1 0]	[0]
3	-1.0	7.563596725463867	2.10878849029541	2.1839401721954346	1.797856092453003	1.47301185131073	False	[1 0 0 0 0 1 1 0 1]	[0 0 0 0 0 1 1 1 0]	[0 0 0 0 1 0]	[1 0 1 0 1 0]	[0]	[1 0 0 0 0 1 0 0 1]	[0 0 1 0 0 1 1 1 0]	[0 0 0 0 1 0]	[1 0 1 0 1 0]	[0]
3	-1.0	7.35154390335083	2.0674214363098145	2.137432813644409	1.8600361347198486	1.286653995513916	False	[1 0 0 0 0 1 0 0 1]	[0 0 1 0 0 1 1 1 0]	[0 0 0 0 1 0]	[1 0 1 0 1 0]	[0]	[1 0 0 0 0 1 1 0 1]	[0 0 0 0 0 1 1 1 0]	[0 0 0 0 1 0]	[1 0 1 0 1 0]	[0]
3	-1.0	7.7389044761657715	2.1249234676361084	2.1992385387420654	1.7748088836669922	1.639933705329895	False	[1 0 0 0 0 1 1 0 1]	[0 0 0 0 0 1 1 1 0]	[0 0 0 0 1 0]	[1 0 1 0 1 0]	[0]	[1 0 0 0 0 0 1 0 1]	[0 0 1 0 0 1 1 1 0]	[0 0 0 0 1 0]	[1 0 1 0 1 0]	[0]
3	-1.0	7.479009628295898	1.985254168510437	2.154306650161743	1.7227208614349365	1.6167278289794922	False	[1 0 0 0 0 0 1 0 1]	[0 0 1 0 0 1 1 1 0]	[0 0 0 0 1 0]	[1 0 1 0 1 0]	[0]	[1 0 0 0 0 1 1 0 1]	[0 0 1 0 0 0 1 1 0]	[0 0 0 0 1 0]	[1 0 1 0 1 0]	[0]
3	-0.5	7.710198402404785	2.1573336124420166	2.2602293491363525	1.7464640140533447	1.5461710691452026	False	[1 0 0 0 0 1 1 0 1]	[0 0 1 0 0 0 1 1 0]	[0 0 0 0 1 0]	[1 0 1 0 1 0]	[0]	[1 0 0 0 0 1 0 0 1]	[0 0 1 0 0 0 1 1 0]	[0 0 0 0 1 0]	[1 0 1 0 1 0]	[4]
3	-0.5	7.677783012390137	2.0220470428466797	2.131359577178955	1.788878083229065	1.7354985475540161	False	[1 0 0 0 0 1 0 0 1]	[0 0 1 0 0 0 1 1 0]	[0 0 0 0 1 0]	[1 0 1 0 1 0]	[4]	[1 0 0 0 0 1 1 0 1]	[0 0 0 0 0 0 1 1 0]	[0 0 0 0 0 0]	[0 0 1 0 1 0]	[4]
3	-0.5	8.008621215820312	2.1522090435028076	2.2279980182647705	1.8291816711425781	1.799232006072998	False	[1 0 0 0 0 1 1 0 1]	[0 0 0 0 0 0 1 1 0]	[0 0 0 0 0 0]	[0 0 1 0 1 0]	[4]	[1 0 0 0 0 1 0 0 1]	[0 0 0 1 0 0 1 1 0]	[0 0 0 0 1 0]	[1 0 1 0 1 0]	[4]
3	0.2571166455745697	7.7045392990112305	1.9966843128204346	2.1967618465423584	1.6838324069976807	1.827261209487915	False	[1 0 0 0 0 1 0 0 1]	[0 0 0 1 0 0 1 1 0]	[0 0 0 0 1 0]	[1 0 1 0 1 0]	[4]	[1 0 0 0 0 1 1 0 1]	[0 0 0 1 1 0 1 1 0]	[0 0 0 0 0 0]	[0 0 1 0 1 0]	[12]
3	-0.25	7.213344097137451	1.9281229972839355	2.1231236457824707	1.5327708721160889	1.6293264627456665	False	[1 0 0 0 0 1 1 0 1]	[0 0 0 1 1 0 1 1 0]	[0 0 0 0 0 0]	[0 0 1 0 1 0]	[12]	[1 0 0 0 0 1 0 0 1]	[0 0 0 0 1 0 1 1 0]	[0 0 0 0 1 0]	[0 0 1 0 1 1]	[6]
3	-0.5	7.349405765533447	1.8274410963058472	2.0334131717681885	1.7260851860046387	1.7624664306640625	False	[1 0 0 0 0 1 0 0 1]	[0 0 0 0 1 0 1 1 0]	[0 0 0 0 1 0]	[0 0 1 0 1 1]	[6]	[1 0 0 0 0 1 1 0 1]	[0 0 0 0 1 0 1 0 0]	[0 0 0 0 0 0]	[0 0 1 0 1 0]	[4]
3	-0.5	7.998655319213867	2.149095296859741	2.2122714519500732	1.8438395261764526	1.7934491634368896	False	[1 0 0 0 0 1 1 0 1]	[0 0 0 0 1 0 1 0 0]	[0 0 0 0 0 0]	[0 0 1 0 1 0]	[4]	[1 0 0 0 0 1 0 0 1]	[0 0 1 0 1 0 1 0 0]	[0 0 0 0 1 0]	[1 0 1 0 1 0]	[4]
3	-0.5	7.7480926513671875	2.0529298782348633	2.1129748821258545	1.860194206237793	1.7219934463500977	False	[1 0 0 0 0 1 0 0 1]	[0 0 1 0 1 0 1 0 0]	[0 0 0 0 1 0]	[1 0 1 0 1 0]	[4]	[1 0 0 0 0 0 0 0 1]	[0 0 0 0 1 0 1 0 0]	[0 0 0 0 0 0]	[0 0 1 0 1 0]	[4]
3	-0.75	7.6791839599609375	2.1680314540863037	2.193096399307251	1.7652581930160522	1.5527979135513306	False	[1 0 0 0 0 0 0 0 1]	[0 0 0 0 1 0 1 0 0]	[0 0 0 0 0 0]	[0 0 1 0 1 0]	[4]	[1 0 0 0 0 0 1 0 1]	[0 0 1 0 1 0 1 0 0]	[0 0 0 1 0 0]	[1 0 1 0 1 0]	[2]
3	-0.5	7.862722873687744	2.1929867267608643	2.1550955772399902	1.7384579181671143	1.7761826515197754	False	[1 0 0 0 0 0 1 0 1]	[0 0 1 0 1 0 1 0 0]	[0 0 0 1 0 0]	[1 0 1 0 1 0]	[2]	[1 0 0 0 0 0 1 1 1]	[0 1 1 0 1 0 1 0 0]	[0 1 0 1 0 0]	[0 0 1 0 1 0]	[4]
3	-0.5	7.71315860748291	2.0347797870635986	2.174334764480591	1.7476048469543457	1.756438970565796	False	[1 0 0 0 0 0 1 1 1]	[0 1 1 0 1 0 1 0 0]	[0 1 0 1 0 0]	[0 0 1 0 1 0]	[4]	[1 0 0 0 0 1 1 1 1]	[0 0 1 0 1 0 1 0 0]	[0 1 1 1 0 0]	[1 0 1 0 1 0]	[4]
3	-0.5	7.806516647338867	2.0770792961120605	2.055549144744873	1.8541643619537354	1.8197238445281982	False	[1 0 0 0 0 1 1 1 1]	[0 0 1 0 1 0 1 0 0]	[0 1 1 1 0 0]	[1 0 1 0 1 0]	[4]	[1 0 0 0 0 0 1 1 1]	[0 0 0 0 1 0 1 0 0]	[0 1 0 1 0 0]	[0 0 1 0 1 0]	[4]
3	-0.5	7.899450302124023	2.1023294925689697	2.241180419921875	1.7135976552963257	1.8423426151275635	False	[1 0 0 0 0 0 1 1 1]	[0 0 0 0 1 0 1 0 0]	[0 1 0 1 0 0]	[0 0 1 0 1 0]	[4]	[1 0 0 0 0 1 1 1 1]	[0 0 0 0 0 0 1 0 0]	[0 1 1 1 0 0]	[1 0 1 0 1 0]	[4]
3	-0.5	7.827808380126953	2.0498199462890625	2.1084787845611572	1.8272552490234375	1.842254638671875	False	[1 0 0 0 0 1 1 1 1]	[0 0 0 0 0 0 1 0 0]	[0 1 1 1 0 0]	[1 0 1 0 1 0]	[4]	[1 0 0 0 0 1 0 1 1]	[0 0 1 0 0 0 1 0 0]	[0 1 1 1 1 0]	[0 0 1 0 1 0]	[4]
3	-0.5	7.775228500366211	2.00190806388855	2.231537342071533	1.7074507474899292	1.8343322277069092	False	[1 0 0 0 0 1 0 1 1]	[0 0 1 0 0 0 1 0 0]	[0 1 1 1 1 0]	[0 0 1 0 1 0]	[4]	[1 0 0 0 0 0 0 1 1]	[0 0 0 0 0 0 1 0 0]	[0 1 1 1 0 0]	[0 0 0 0 1 0]	[4]
4	-0.75	7.104776382446289	1.5890535116195679	2.2232565879821777	1.6436138153076172	1.6488521099090576	False	[1 0 0 0 0 1 1 0 0]	[0 0 1 0 0 0 0 0 1]	[1 0 1 0 0 1]	[0 0 0 0 0 0]	[6]	[1 0 0 0 0 1 0 0 0]	[0 0 0 0 0 0 0 0 1]	[0 0 1 0 0 1]	[0 0 0 0 0 1]	[2]
4	-0.25	6.984245300292969	1.5497634410858154	2.139497995376587	1.770000696182251	1.5249834060668945	False	[1 0 0 0 0 1 0 0 0]	[0 0 0 0 0 0 0 0 1]	[0 0 1 0 0 1]	[0 0 0 0 0 1]	[2]	[1 0 0 0 0 1 1 0 0]	[0 0 0 0 1 0 0 0 1]	[1 0 1 0 0 1]	[0 0 0 0 0 0]	[6]
4	-0.75	6.978531837463379	1.6264480352401733	2.16752552986145	1.5902795791625977	1.5942789316177368	False	[1 0 0 0 0 1 1 0 0]	[0 0 0 0 1 0 0 0 1]	[1 0 1 0 0 1]	[0 0 0 0 0 0]	[6]	[1 0 0 0 0 1 0 0 0]	[0 0 1 0 1 0 0 0 1]	[0 0 1 0 0 1]	[0 0 0 0 0 1]	[2]
4	-0.25	7.234903335571289	1.7095035314559937	2.1497364044189453	1.7643316984176636	1.6113312244415283	False	[1 0 0 0 0 1 0 0 0]	[0 0 1 0 1 0 0 0 1]	[0 0 1 0 0 1]	[0 0 0 0 0 1]	[2]	[1 0 0 0 0 1 1 0 0]	[0 0 0 0 1 0 0 0 1]	[1 0 1 0 0 1]	[0 0 0 0 0 0]	[6]
4	-0.75	6.998974800109863	1.6003239154815674	2.1862471103668213	1.6134998798370361	1.5989035367965698	False	[1 0 0 0 0 1 1 0 0]	[0 0 0 0 1 0 0 0 1]	[1 0 1 0 0 1]	[0 0 0 0 0 0]	[6]	[1 0 0 0 0 1 0 0 0]	[0 0 1 0 1 0 0 0 1]	[0 0 1 0 0 1]	[0 0 0 0 0 1]	[2]
4	-0.25	7.178422927856445	1.6605768203735352	2.1476869583129883	1.7644531726837158	1.6057063341140747	False	[1 0 0 0 0 1 0 0 0]	[0 0 1 0 1 0 0 0 1]	[0 0 1 0 0 1]	[0 0 0 0 0 1]	[2]	[1 0 0 0 0 1 1 0 0]	[0 0 0 0 1 0 0 0 1]	[1 0 1 0 0 1]	[0 0 0 0 0 0]	[6]
4	-0.75	6.988107681274414	1.626110553741455	2.170578956604004	1.6117465496063232	1.57967209815979	False	[1 0 0 0 0 1 1 0 0]	[0 0 0 0 1 0 0 0 1]	[1 0 1 0 0 1]	[0 0 0 0 0 0]	[6]	[1 0 0 0 0 1 0 0 0]	[0 0 1 0 1 0 0 0 1]	[0 0 1 0 0 1]	[0 0 0 0 0 1]	[2]
4	-0.25	7.206043243408203	1.6453052759170532	2.1660449504852295	1.7759456634521484	1.6187472343444824	False	[1 0 0 0 0 1 0 0 0]	[0 0 1 0 1 0 0 0 1]	[0 0 1 0 0 1]	[0 0 0 0 0 1]	[2]	[1 0 0 0 0 1 1 0 0]	[0 0 0 0 1 0 0 0 1]	[1 0 1 0 0 1]	[0 0 0 0 0 0]	[6]
4	-0.75	6.998452186584473	1.6670782566070557	2.1819353103637695	1.571334719657898	1.57810378074646	False	[1 0 0 0 0 1 1 0 0]	[0 0 0 0 1 0 0 0 1]	[1 0 1 0 0 1]	[0 0 0 0 0 0]	[6]	[1 0 0 0 0 1 0 0 0]	[0 0 1 0 1 0 0 0 1]	[0 0 1 0 0 1]	[0 0 0 0 0 1]	[2]
4	-0.25	7.146395683288574	1.6253517866134644	2.1651151180267334	1.7603620290756226	1.5955668687820435	False	[1 0 0 0 0 1 0 0 0]	[0 0 1 0 1 0 0 0 1]	[0 0 1 0 0 1]	[0 0 0 0 0 1]	[2]	[1 0 0 0 0 1 1 0 0]	[0 0 0 0 1 0 0 0 1]	[1 0 1 0 0 1]	[0 0 0 0 0 0]	[6]
4	-0.75	7.024476528167725	1.6360454559326172	2.16809344291687	1.6278297901153564	1.5925077199935913	False	[1 0 0 0 0 1 1 0 0]	[0 0 0 0 1 0 0 0 1]	[1 0 1 0 0 1]	[0 0 0 0 0 0]	[6]	[1 0 0 0 0 1 0 0 0]	[0 0 1 0 1 0 0 0 1]	[0 0 1 0 0 1]	[0 0 0 0 0 1]	[2]
4	-0.25	7.278007984161377	1.7336987257003784	2.15533447265625	1.768011212348938	1.6209636926651	False	[1 0 0 0 0 1 0 0 0]	[0 0 1 0 1 0 0 0 1]	[0 0 1 0 0 1]	[0 0 0 0 0 1]	[2]	[1 0 0 0 0 1 1 0 0]	[0 0 0 0 1 0 0 0 1]	[1 0 1 0 0 1]	[0 0 0 0 0 0]	[6]
4	-0.75	7.0628437995910645	1.6855623722076416	2.189126968383789	1.5868351459503174	1.6013193130493164	False	[1 0 0 0 0 1 1 0 0]	[0 0 0 0 1 0 0 0 1]	[1 0 1 0 0 1]	[0 0 0 0 0 0]	[6]	[1 0 0 0 0 1 0 0 0]	[0 0 1 0 1 0 0 0 1]	[0 0 1 0 0 1]	[0 0 0 0 0 1]	[2]
4	-0.25	7.290907859802246	1.7192014455795288	2.1473896503448486	1.7819312810897827	1.6423852443695068	False	[1 0 0 0 0 1 0 0 0]	[0 0 1 0 1 0 0 0 1]	[0 0 1 0 0 1]	[0 0 0 0 0 1]	[2]	[1 0 0 0 0 1 1 0 0]	[0 0 0 0 1 0 0 0 1]	[1 0 1 0 0 1]	[0 0 0 0 0 0]	[6]
4	-0.75	7.012070655822754	1.6426239013671875	2.172333240509033	1.5978225469589233	1.5992906093597412	False	[1 0 0 0 0 1 1 0 0]	[0 0 0 0 1 0 0 0 1]	[1 0 1 0 0 1]	[0 0 0 0 0 0]	[6]	[1 0 0 0 0 1 0 0 0]	[0 0 1 0 1 0 0 0 1]	[0 0 1 0 0 1]	[0 0 0 0 0 1]	[2]
4	-0.25	7.296945571899414	1.7347760200500488	2.1563336849212646	1.7744982242584229	1.6313378810882568	False	[1 0 0 0 0 1 0 0 0]	[0 0 1 0 1 0 0 0 1]	[0 0 1 0 0 1]	[0 0 0 0 0 1]	[2]	[1 0 0 0 0 1 1 0 0]	[0 0 0 0 1 0 0 0 1]	[1 0 1 0 0 1]	[0 0 0 0 0 0]	[6]
4	-0.75	6.898692607879639	1.5671757459640503	2.1706998348236084	1.5669469833374023	1.5938700437545776	False	[1 0 0 0 0 1 1 0 0]	[0 0 0 0 1 0 0 0 1]	[1 0 1 0 0 1]	[0 0 0 0 0 0]	[6]	[1 0 0 0 0 1 0 0 0]	[0 0 1 0 1 0 0 0 1]	[0 0 1 0 0 1]	[0 0 0 0 0 1]	[2]
4	-0.25	7.129361629486084	1.5795447826385498	2.163938045501709	1.7706966400146484	1.6151823997497559	False	[1 0 0 0 0 1 0 0 0]	[0 0 1 0 1 0 0 0 1]	[0 0 1 0 0 1]	[0 0 0 0 0 1]	[2]	[1 0 0 0 0 1 1 0 0]	[0 0 0 0 1 0 0 0 1]	[1 0 1 0 0 1]	[0 0 0 0 0 0]	[6]
4	-0.75	7.059622764587402	1.6360503435134888	2.174320936203003	1.6514769792556763	1.597774624824524	False	[1 0 0 0 0 1 1 0 0]	[0 0 0 0 1 0 0 0 1]	[1 0 1 0 0 1]	[0 0 0 0 0 0]	[6]	[1 0 0 0 0 1 0 0 0]	[0 0 1 0 1 0 0 0 1]	[0 0 1 0 0 1]	[0 0 0 0 0 1]	[2]
4	-0.25	7.279031753540039	1.7292706966400146	2.156270742416382	1.7763429880142212	1.6171475648880005	False	[1 0 0 0 0 1 0 0 0]	[0 0 1 0 1 0 0 0 1]	[0 0 1 0 0 1]	[0 0 0 0 0 1]	[2]	[1 0 0 0 0 1 1 0 0]	[0 0 0 0 1 0 0 0 1]	[1 0 1 0 0 1]	[0 0 0 0 0 0]	[6]
4	-0.75	6.955574989318848	1.593843936920166	2.1756186485290527	1.6027376651763916	1.5833747386932373	False	[1 0 0 0 0 1 1 0 0]	[0 0 0 0 1 0 0 0 1]	[1 0 1 0 0 1]	[0 0 0 0 0 0]	[6]	[1 0 0 0 0 1 0 0 0]	[0 0 1 0 1 0 0 0 1]	[0 0 1 0 0 1]	[0 0 0 0 0 1]	[2]
4	-0.25	7.144121170043945	1.6051051616668701	2.162517547607422	1.7723312377929688	1.604167103767395	False	[1 0 0 0 0 1 0 0 0]	[0 0 1 0 1 0 0 0 1]	[0 0 1 0 0 1]	[0 0 0 0 0 1]	[2]	[1 0 0 0 0 1 1 0 0]	[0 0 0 0 1 0 0 0 1]	[1 0 1 0 0 1]	[0 0 0 0 0 0]	[6]
4	-0.75	6.979079246520996	1.622949242591858	2.1751961708068848	1.5810174942016602	1.5999162197113037	False	[1 0 0 0 0 1 1 0 0]	[0 0 0 0 1 0 0 0 1]	[1 0 1 0 0 1]	[0 0 0 0 0 0]	[6]	[1 0 0 0 0 1 0 0 0]	[0 0 1 0 1 0 0 0 1]	[0 0 1 0 0 1]	[0 0 0 0 0 1]	[2]
4	0.451785683631897	7.160154342651367	1.6571396589279175	2.1461269855499268	1.759310245513916	1.5975773334503174	False	[1 0 0 0 0 1 0 0 0]	[0 0 1 0 1 0 0 0 1]	[0 0 1 0 0 1]	[0 0 0 0 0 1]	[2]	[1 0 0 0 0 1 1 0 0]	[0 0 0 0 1 0 0 0 1]	[0 0 1 1 0 1]	[0 0 0 0 0 0]	[8]
4	0.4426947832107544	6.805731773376465	1.6282585859298706	2.208969831466675	1.4285976886749268	1.539905309677124	False	[1 0 0 0 0 1 1 0 0]	[0 0 0 0 1 0 0 0 1]	[0 0 1 1 0 1]	[0 0 0 0 0 0]	[8]	[1 0 0 0 0 1 0 0 0]	[0 0 1 0 1 0 0 0 1]	[1 0 1 1 0 1]	[1 0 0 0 0 0]	[8]
4	0.4364786744117737	6.954914093017578	1.7102009057998657	2.2094428539276123	1.478527545928955	1.5567424297332764	False	[1 0 0 0 0 1 0 0 0]	[0 0 1 0 1 0 0 0 1]	[1 0 1 1 0 1]	[1 0 0 0 0 0]	[8]	[1 0 0 0 0 1 1 0 0]	[0 0 0 0 1 0 0 0 1]	[0 0 1 1 0 1]	[0 0 0 0 0 0]	[8]
4	0.45466047525405884	6.770396709442139	1.6157104969024658	2.2052297592163086	1.3869318962097168	1.5625241994857788	False	[1 0 0 0 0 1 1 0 0]	[0 0 0 0 1 0 0 0 1]	[0 0 1 1 0 1]	[0 0 0 0 0 0]	[8]	[1 0 0 0 0 1 0 0 0]	[0 0 1 0 1 0 0 0 1]	[1 0 1 1 0 1]	[1 0 0 0 0 0]	[8]
4	0.4173877537250519	6.928360939025879	1.6781150102615356	2.207322359085083	1.4757221937179565	1.5672012567520142	False	[1 0 0 0 0 1 0 0 0]	[0 0 1 0 1 0 0 0 1]	[1 0 1 1 0 1]	[1 0 0 0 0 0]	[8]	[1 0 0 0 0 1 1 0 0]	[0 0 0 0 1 0 0 0 1]	[0 0 1 1 0 1]	[0 0 0 0 0 0]	[8]
4	0.43269479274749756	6.907729148864746	1.6320773363113403	2.209850311279297	1.4558342695236206	1.6099669933319092	False	[1 0 0 0 0 1 1 0 0]	[0 0 0 0 1 0 0 0 1]	[0 0 1 1 0 1]	[0 0 0 0 0 0]	[8]	[1 0 0 0 0 1 0 0 0]	[0 0 0 0 1 0 0 1 1]	[1 0 1 1 0 1]	[1 0 0 0 0 0]	[8]
4	0.2910480499267578	6.9272050857543945	1.7035808563232422	2.2026023864746094	1.4617408514022827	1.5592808723449707	False	[1 0 0 0 0 1 0 0 0]	[0 0 0 0 1 0 0 1 1]	[1 0 1 1 0 1]	[1 0 0 0 0 0]	[8]	[1 0 0 0 0 1 1 0 0]	[0 0 1 0 1 0 0 1 1]	[0 0 1 1 0 1]	[0 0 0 0 0 0]	[8]
5	0.11034681648015976	6.782154560089111	1.6376192569732666	2.1092514991760254	1.587478518486023	1.4478055238723755	False	[0 0 0 0 0 0 0 0 0]	[1 1 1 0 0 0 0 0 0]	[0 1 0 0 1 0]	[0 0 0 1 0 0]	[6]	[1 0 0 0 0 0 0 0 0]	[0 1 1 0 0 0 0 0 0]	[0 1 0 1 1 0]	[0 0 0 0 0 0]	[8]
5	0.11786764860153198	6.503249168395996	1.6457099914550781	2.0038132667541504	1.46711266040802	1.3866134881973267	False	[1 0 0 0 0 0 0 0 0]	[0 1 1 0 0 0 0 0 0]	[0 1 0 1 1 0]	[0 0 0 0 0 0]	[8]	[0 0 0 0 0 0 0 0 0]	[1 1 1 0 0 0 0 0 0]	[1 1 0 1 1 0]	[1 0 0 0 0 0]	[8]
5	0.12474474310874939	6.558661460876465	1.6723793745040894	2.0017900466918945	1.480434536933899	1.4040577411651611	False	[0 0 0 0 0 0 0 0 0]	[1 1 1 0 0 0 0 0 0]	[1 1 0 1 1 0]	[1 0 0 0 0 0]	[8]	[1 0 0 0 0 0 0 0 0]	[0 1 1 0 0 0 0 0 0]	[0 1 0 1 1 0]	[0 0 0 0 0 0]	[8]
5	0.09133923053741455	6.590247631072998	1.6942148208618164	2.006347894668579	1.4577219486236572	1.4319629669189453	False	[1 0 0 0 0 0 0 0 0]	[0 1 1 0 0 0 0 0 0]	[0 1 0 1 1 0]	[0 0 0 0 0 0]	[8]	[0 0 0 0 0 0 0 0 0]	[1 1 1 0 0 0 0 0 0]	[1 1 0 1 1 0]	[1 0 0 0 0 0]	[8]
5	0.10156914591789246	6.550950050354004	1.7048571109771729	1.9871375560760498	1.4761621952056885	1.382793664932251	False	[0 0 0 0 0 0 0 0 0]	[1 1 1 0 0 0 0 0 0]	[1 1 0 1 1 0]	[1 0 0 0 0 0]	[8]	[1 0 0 0 0 0 0 0 0]	[0 1 1 0 0 0 0 0 0]	[0 1 0 1 1 0]	[0 0 0 0 0 0]	[8]
5	0.09054797142744064	6.617525100708008	1.6946648359298706	2.012481689453125	1.5033583641052246	1.407019853591919	False	[1 0 0 0 0 0 0 0 0]	[0 1 1 0 0 0 0 0 0]	[0 1 0 1 1 0]	[0 0 0 0 0 0]	[8]	[0 0 0 0 0 0 0 0 0]	[1 1 1 0 0 0 0 0 0]	[1 1 0 1 1 0]	[1 0 0 0 0 0]	[8]
5	0.07770861685276031	6.588351726531982	1.6711591482162476	2.003206968307495	1.52036714553833	1.3936185836791992	False	[0 0 0 0 0 0 0 0 0]	[1 1 1 0 0 0 0 0 0]	[1 1 0 1 1 0]	[1 0 0 0 0 0]	[8]	[1 0 0 0 0 0 0 0 0]	[0 1 1 0 0 0 0 0 0]	[0 1 0 1 1 0]	[0 0 0 0 0 0]	[8]
5	0.10597282648086548	6.607511520385742	1.6641404628753662	2.008711099624634	1.5086469650268555	1.4260127544403076	False	[1 0 0 0 0 0 0 0 0]	[0 1 1 0 0 0 0 0 0]	[0 1 0 1 1 0]	[0 0 0 0 0 0]	[8]	[0 0 0 0 0 0 0 0 0]	[1 1 1 0 0 0 0 0 0]	[1 1 0 1 1 0]	[1 0 0 0 0 0]	[8]
5	0.12095510214567184	6.495274543762207	1.643980860710144	1.9977302551269531	1.4662736654281616	1.3872895240783691	False	[0 0 0 0 0 0 0 0 0]	[1 1 1 0 0 0 0 0 0]	[1 1 0 1 1 0]	[1 0 0 0 0 0]	[8]	[1 0 0 0 0 0 0 0 0]	[0 1 1 0 0 0 0 0 0]	[0 1 0 1 1 0]	[0 0 0 0 0 0]	[8]
5	0.10506948828697205	6.648146629333496	1.6658064126968384	2.0218634605407715	1.5298945903778076	1.4305819272994995	False	[1 0 0 0 0 0 0 0 0]	[0 1 1 0 0 0 0 0 0]	[0 1 0 1 1 0]	[0 0 0 0 0 0]	[8]	[0 0 0 0 0 0 0 0 0]	[1 1 1 0 0 0 0 0 0]	[1 1 0 1 1 0]	[1 0 0 0 0 0]	[8]
5	0.09517581760883331	6.443510055541992	1.647956371307373	2.018852949142456	1.4013023376464844	1.3753986358642578	False	[0 0 0 0 0 0 0 0 0]	[1 1 1 0 0 0 0 0 0]	[1 1 0 1 1 0]	[1 0 0 0 0 0]	[8]	[1 0 0 0 0 0 0 0 0]	[0 1 1 0 0 0 0 0 0]	[0 1 0 1 1 0]	[0 0 0 0 0 0]	[8]
5	0.11706488579511642	6.651623249053955	1.7058801651000977	2.0279695987701416	1.4882317781448364	1.4295415878295898	False	[1 0 0 0 0 0 0 0 0]	[0 1 1 0 0 0 0 0 0]	[0 1 0 1 1 0]	[0 0 0 0 0 0]	[8]	[0 0 0 0 0 0 0 0 0]	[1 1 1 0 0 0 0 0 0]	[1 1 0 1 1 0]	[1 0 0 0 0 0]	[8]
5	0.12772011756896973	6.55855655670166	1.7132028341293335	1.9838813543319702	1.455592393875122	1.4058797359466553	False	[0 0 0 0 0 0 0 0 0]	[1 1 1 0 0 0 0 0 0]	[1 1 0 1 1 0]	[1 0 0 0 0 0]	[8]	[1 0 0 0 0 0 0 0 0]	[0 1 1 0 0 0 0 0 0]	[0 1 0 1 1 0]	[0 0 0 0 0 0]	[8]
5	0.09583105146884918	6.598807334899902	1.699779748916626	2.0209779739379883	1.4584765434265137	1.4195729494094849	False	[1 0 0 0 0 0 0 0 0]	[0 1 1 0 0 0 0 0 0]	[0 1 0 1 1 0]	[0 0 0 0 0 0]	[8]	[0 0 0 0 0 0 0 0 0]	[1 1 1 0 0 0 0 0 0]	[1 1 0 1 1 0]	[1 0 0 0 0 0]	[8]
5	0.0884050503373146	6.459522247314453	1.6752885580062866	1.9927377700805664	1.4503425359725952	1.3411533832550049	False	[0 0 0 0 0 0 0 0 0]	[1 1 1 0 0 0 0 0 0]	[1 1 0 1 1 0]	[1 0 0 0 0 0]	[8]	[1 0 0 0 0 0 0 0 0]	[0 1 1 0 0 0 0 0 0]	[0 1 0 1 1 0]	[0 0 0 0 0 0]	[8]
5	0.11123865097761154	6.698598861694336	1.6591678857803345	2.020160436630249	1.558870553970337	1.4603996276855469	False	[1 0 0 0 0 0 0 0 0]	[0 1 1 0 0 0 0 0 0]	[0 1 0 1 1 0]	[0 0 0 0 0 0]	[8]	[0 0 0 0 0 0 0 0 0]	[1 1 1 0 0 0 0 0 0]	[1 1 0 1 1 0]	[1 0 0 0 0 0]	[8]
5	0.0919705256819725	6.601116180419922	1.6892749071121216	2.0000405311584473	1.5198479890823364	1.3919528722763062	False	[0 0 0 0 0 0 0 0 0]	[1 1 1 0 0 0 0 0 0]	[1 1 0 1 1 0]	[1 0 0 0 0 0]	[8]	[1 0 0 0 0 0 0 0 0]	[0 1 1 0 0 0 0 0 0]	[0 1 0 1 1 0]	[0 0 0 0 0 0]	[8]
5	0.13611459732055664	6.5425567626953125	1.6918283700942993	1.9905271530151367	1.4494085311889648	1.410792589187622	False	[1 0 0 0 0 0 0 0 0]	[0 1 1 0 0 0 0 0 0]	[0 1 0 1 1 0]	[0 0 0 0 0 0]	[8]	[0 0 0 0 0 0 0 0 0]	[1 1 1 0 0 0 0 0 0]	[1 1 0 1 1 0]	[1 0 0 0 0 0]	[8]
5	0.08797397464513779	6.399438381195068	1.5631600618362427	1.973576307296753	1.4958299398422241	1.366871953010559	False	[0 0 0 0 0 0 0 0 0]	[1 1 1 0 0 0 0 0 0]	[1 1 0 1 1 0]	[1 0 0 0 0 0]	[8]	[1 0 0 0 0 0 0 0 0]	[0 1 1 0 0 0 0 0 0]	[0 1 0 1 1 0]	[0 0 0 0 0 0]	[8]
5	0.10091391205787659	6.442858695983887	1.5924180746078491	1.9898632764816284	1.48191237449646	1.3786648511886597	False	[1 0 0 0 0 0 0 0 0]	[0 1 1 0 0 0 0 0 0]	[0 1 0 1 1 0]	[0 0 0 0 0 0]	[8]	[0 0 0 0 0 0 0 0 0]	[1 1 1 0 0 0 0 0 0]	[1 1 0 1 1 0]	[1 0 0 0 0 0]	[8]
5	0.08880067616701126	6.5272908210754395	1.671282172203064	1.9836764335632324	1.465084195137024	1.4072480201721191	False	[0 0 0 0 0 0 0 0 0]	[1 1 1 0 0 0 0 0 0]	[1 1 0 1 1 0]	[1 0 0 0 0 0]	[8]	[1 0 0 0 0 0 0 0 0]	[0 1 1 0 0 0 0 0 0]	[0 1 0 1 1 0]	[0 0 0 0 0 0]	[8]
5	0.07632150501012802	6.513643264770508	1.6868152618408203	1.9988759756088257	1.448659896850586	1.3792917728424072	False	[1 0 0 0 0 0 0 0 0]	[0 1 1 0 0 0 0 0 0]	[0 1 0 1 1 0]	[0 0 0 0 0 0]	[8]	[0 0 0 0 0 0 0 0 0]	[1 1 1 0 0 0 0 0 0]	[1 1 0 1 1 0]	[1 0 0 0 0 0]	[8]
5	0.11528214812278748	6.458366394042969	1.6338348388671875	1.989580750465393	1.4585635662078857	1.376387596130371	False	[0 0 0 0 0 0 0 0 0]	[1 1 1 0 0 0 0 0 0]	[1 1 0 1 1 0]	[1 0 0 0 0 0]	[8]	[1 0 0 0 0 0 0 0 0]	[0 1 1 0 0 0 0 0 0]	[0 1 0 1 1 0]	[0 0 0 0 0 0]	[8]
5	0.08777950704097748	6.559538841247559	1.7015182971954346	2.0116007328033447	1.4454641342163086	1.4009554386138916	False	[1 0 0 0 0 0 0 0 0]	[0 1 1 0 0 0 0 0 0]	[0 1 0 1 1 0]	[0 0 0 0 0 0]	[8]	[0 0 0 0 0 0 0 0 0]	[1 1 1 0 0 0 0 0 0]	[1 1 0 1 1 0]	[1 0 0 0 0 0]	[8]
5	0.10845199227333069	6.584748268127441	1.709656000137329	2.0207009315490723	1.4591329097747803	1.3952583074569702	False	[0 0 0 0 0 0 0 0 0]	[1 1 1 0 0 0 0 0 0]	[1 1 0 1 1 0]	[1 0 0 0 0 0]	[8]	[1 0 0 0 0 0 0 0 0]	[0 1 1 0 0 0 0 0 0]	[0 1 0 1 1 0]	[0 0 0 0 0 0]	[8]
5	0.11735418438911438	6.4610276222229	1.6451290845870972	1.9903239011764526	1.4621024131774902	1.3634724617004395	False	[1 0 0 0 0 0 0 0 0]	[0 1 1 0 0 0 0 0 0]	[0 1 0 1 1 0]	[0 0 0 0 0 0]	[8]	[0 0 0 0 0 0 0 0 0]	[1 1 1 0 0 0 0 0 0]	[1 1 0 1 1 0]	[1 0 0 0 0 0]	[8]
5	0.10891851037740707	6.62412166595459	1.7309125661849976	2.0183773040771484	1.4664751291275024	1.4083569049835205	False	[0 0 0 0 0 0 0 0 0]	[1 1 1 0 0 0 0 0 0]	[1 1 0 1 1 0]	[1 0 0 0 0 0]	[8]	[1 0 0 0 0 0 0 0 0]	[0 1 1 0 0 0 0 0 0]	[0 1 0 1 1 0]	[0 0 0 0 0 0]	[8]
5	0.13201747834682465	6.591880798339844	1.694559931755066	2.003885507583618	1.4652918577194214	1.4281433820724487	False	[1 0 0 0 0 0 0 0 0]	[0 1 1 0 0 0 0 0 0]	[0 1 0 1 1 0]	[0 0 0 0 0 0]	[8]	[0 0 0 0 0 0 0 0 0]	[1 1 1 0 0 0 0 0 0]	[1 1 0 1 1 0]	[1 0 0 0 0 0]	[8]
5	0.09567777812480927	6.56415319442749	1.6715859174728394	2.00630259513855	1.4980381727218628	1.3882266283035278	False	[0 0 0 0 0 0 0 0 0]	[1 1 1 0 0 0 0 0 0]	[1 1 0 1 1 0]	[1 0 0 0 0 0]	[8]	[1 0 0 0 0 0 0 0 0]	[0 1 1 0 0 0 0 0 0]	[0 1 0 1 1 0]	[0 0 0 0 0 0]	[8]
5	0.11113232374191284	6.571516990661621	1.6628224849700928	2.011702299118042	1.4747827053070068	1.4222095012664795	False	[1 0 0 0 0 0 0 0 0]	[0 1 1 0 0 0 0 0 0]	[0 1 0 1 1 0]	[0 0 0 0 0 0]	[8]	[0 0 0 0 0 0 0 0 0]	[1 1 1 0 0 0 0 0 0]	[1 1 0 1 1 0]	[1 0 0 0 0 0]	[8]
6	-0.75	7.747279167175293	2.1829047203063965	2.112091302871704	1.878807544708252	1.5734753608703613	False	[0 0 1 0 0 0 0 0 0]	[1 0 0 0 0 0 0 0 1]	[0 1 0 0 0 1]	[0 0 0 1 0 0]	[0]	[0 0 1 0 0 0 0 0 0]	[0 0 0 0 0 0 0 0 1]	[0 1 0 0 0 0]	[0 0 0 1 0 0]	[2]
6	-0.5	7.017423629760742	2.0493199825286865	2.077221393585205	1.6138863563537598	1.2769958972930908	False	[0 0 1 0 0 0 0 0 0]	[0 0 0 0 0 0 0 0 1]	[0 1 0 0 0 0]	[0 0 0 1 0 0]	[2]	[0 1 1 0 0 0 0 0 0]	[1 0 0 0 0 0 0 0 1]	[0 1 0 1 0 0]	[0 0 0 1 0 1]	[4]
6	-0.5	7.312256336212158	2.065789222717285	1.9628431797027588	1.6868128776550293	1.596811294555664	False	[0 1 1 0 0 0 0 0 0]	[1 0 0 0 0 0 0 0 1]	[0 1 0 1 0 0]	[0 0 0 1 0 1]	[4]	[0 0 1 0 0 0 0 0 0]	[0 0 0 0 0 0 0 0 1]	[0 1 1 1 0 0]	[0 0 1 1 0 1]	[4]
6	-0.5	7.201222896575928	2.0706803798675537	1.9260607957839966	1.608504056930542	1.5959773063659668	False	[0 0 1 0 0 0 0 0 0]	[0 0 0 0 0 0 0 0 1]	[0 1 1 1 0 0]	[0 0 1 1 0 1]	[4]	[0 0 1 0 0 0 1 0 0]	[1 0 0 0 0 0 0 0 1]	[1 1 1 1 0 0]	[0 0 0 1 0 1]	[4]
6	-0.5	7.362545013427734	2.025566339492798	1.9904251098632812	1.7007746696472168	1.645779013633728	False	[0 0 1 0 0 0 1 0 0]	[1 0 0 0 0 0 0 0 1]	[1 1 1 1 0 0]	[0 0 0 1 0 1]	[4]	[0 1 1 0 0 0 1 0 0]	[0 0 0 0 0 0 0 0 1]	[1 1 0 1 0 0]	[0 0 1 1 0 1]	[4]
6	-0.5	7.45569372177124	2.081611156463623	1.9685795307159424	1.6702017784118652	1.73530113697052	False	[0 1 1 0 0 0 1 0 0]	[0 0 0 0 0 0 0 0 1]	[1 1 0 1 0 0]	[0 0 1 1 0 1]	[4]	[0 0 1 0 0 0 1 0 0]	[1 0 0 0 0 0 0 0 1]	[0 1 0 1 0 0]	[0 0 0 1 0 1]	[4]
6	-0.5	7.145915508270264	1.987730622291565	1.9951817989349365	1.6322507858276367	1.530752182006836	False	[0 0 1 0 0 0 1 0 0]	[1 0 0 0 0 0 0 0 1]	[0 1 0 1 0 0]	[0 0 0 1 0 1]	[4]	[0 1 1 0 0 0 1 0 0]	[0 0 0 0 0 0 0 0 1]	[0 1 1 1 0 0]	[0 0 0 1 1 1]	[4]
6	0.38193321228027344	7.313959121704102	2.145782232284546	1.9961313009262085	1.638613224029541	1.5334326028823853	False	[0 1 1 0 0 0 1 0 0]	[0 0 0 0 0 0 0 0 1]	[0 1 1 1 0 0]	[0 0 0 1 1 1]	[4]	[1 1 1 0 0 0 1 0 0]	[1 0 0 0 0 0 0 0 1]	[1 1 1 1 0 0]	[0 0 1 1 1 1]	[8]
6	-0.5	7.078532695770264	1.9342952966690063	2.001300573348999	1.5824666023254395	1.5604699850082397	False	[1 1 1 0 0 0 1 0 0]	[1 0 0 0 0 0 0 0 1]	[1 1 1 1 0 0]	[0 0 1 1 1 1]	[8]	[0 1 1 0 0 0 1 0 0]	[0 0 0 0 0 0 0 0 1]	[0 1 1 1 0 0]	[0 0 0 1 1 1]	[4]
6	0.34269478917121887	7.304070949554443	2.124663829803467	1.99347984790802	1.653005599975586	1.5329216718673706	False	[0 1 1 0 0 0 1 0 0]	[0 0 0 0 0 0 0 0 1]	[0 1 1 1 0 0]	[0 0 0 1 1 1]	[4]	[1 1 1 0 0 0 1 0 0]	[1 0 0 0 0 0 0 0 1]	[1 1 1 1 0 0]	[0 0 1 1 1 1]	[8]
6	-0.5	7.184121131896973	1.9600303173065186	2.017892837524414	1.5952540636062622	1.6109437942504883	False	[1 1 1 0 0 0 1 0 0]	[1 0 0 0 0 0 0 0 1]	[1 1 1 1 0 0]	[0 0 1 1 1 1]	[8]	[0 1 1 0 0 0 1 0 0]	[0 0 0 0 0 0 0 0 1]	[0 1 1 1 0 0]	[0 0 0 1 1 1]	[4]
6	0.33072906732559204	7.387683391571045	2.120863437652588	2.013751983642578	1.6776432991027832	1.5754245519638062	False	[0 1 1 0 0 0 1 0 0]	[0 0 0 0 0 0 0 0 1]	[0 1 1 1 0 0]	[0 0 0 1 1 1]	[4]	[1 1 1 0 0 0 1 0 0]	[1 0 0 0 0 0 0 0 1]	[1 1 1 1 0 0]	[0 0 1 1 1 1]	[8]
6	-0.5	7.176922798156738	2.002228021621704	2.0193653106689453	1.5820214748382568	1.5733078718185425	False	[1 1 1 0 0 0 1 0 0]	[1 0 0 0 0 0 0 0 1]	[1 1 1 1 0 0]	[0 0 1 1 1 1]	[8]	[0 1 1 0 0 0 1 0 0]	[0 0 0 0 0 0 0 0 1]	[0 1 1 1 0 0]	[0 0 0 1 1 1]	[4]
6	0.3034563362598419	7.34904670715332	2.140077590942383	1.9977301359176636	1.64248526096344	1.5687536001205444	False	[0 1 1 0 0 0 1 0 0]	[0 0 0 0 0 0 0 0 1]	[0 1 1 1 0 0]	[0 0 0 1 1 1]	[4]	[1 1 1 0 0 0 1 0 0]	[1 0 0 0 0 0 0 0 1]	[1 1 1 1 0 0]	[0 0 1 1 1 1]	[8]
6	-0.5	7.175126075744629	1.9691030979156494	2.0153517723083496	1.5962234735488892	1.5944476127624512	False	[1 1 1 0 0 0 1 0 0]	[1 0 0 0 0 0 0 0 1]	[1 1 1 1 0 0]	[0 0 1 1 1 1]	[8]	[0 1 1 0 0 0 1 0 0]	[0 0 0 0 0 0 0 0 1]	[0 1 1 1 0 0]	[0 0 0 1 1 1]	[4]
6	0.3761836290359497	7.346892356872559	2.1528983116149902	1.9597729444503784	1.638716459274292	1.5955047607421875	False	[0 1 1 0 0 0 1 0 0]	[0 0 0 0 0 0 0 0 1]	[0 1 1 1 0 0]	[0 0 0 1 1 1]	[4]	[1 1 1 0 0 0 1 0 0]	[1 0 0 0 0 0 0 0 1]	[1 1 1 1 0 0]	[0 0 1 1 1 1]	[8]
6	-0.5	7.211771488189697	1.9698866605758667	2.031837224960327	1.601507306098938	1.608540654182434	False	[1 1 1 0 0 0 1 0 0]	[1 0 0 0 0 0 0 0 1]	[1 1 1 1 0 0]	[0 0 1 1 1 1]	[8]	[0 1 1 0 0 0 1 0 0]	[0 0 0 0 0 0 0 0 1]	[0 1 1 1 0 0]	[0 0 0 1 1 1]	[4]
6	-0.5	7.2999677658081055	2.123492479324341	1.9894814491271973	1.6390058994293213	1.5479880571365356	False	[0 1 1 0 0 0 1 0 0]	[0 0 0 0 0 0 0 0 1]	[0 1 1 1 0 0]	[0 0 0 1 1 1]	[4]	[1 1 1 0 0 0 1 0 0]	[1 0 0 0 0 0 0 0 1]	[0 1 0 1 0 0]	[0 0 1 1 1 1]	[4]
6	-0.5	7.532730579376221	2.0939862728118896	2.014755964279175	1.7259552478790283	1.6980327367782593	False	[1 1 1 0 0 0 1 0 0]	[1 0 0 0 0 0 0 0 1]	[0 1 0 1 0 0]	[0 0 1 1 1 1]	[4]	[1 0 1 0 0 0 1 0 0]	[0 0 0 0 0 0 0 0 1]	[1 1 0 1 0 0]	[0 0 0 1 1 1]	[4]
6	0.30920594930648804	7.15199089050293	2.0421457290649414	1.955678939819336	1.639986276626587	1.514180064201355	False	[1 0 1 0 0 0 1 0 0]	[0 0 0 0 0 0 0 0 1]	[1 1 0 1 0 0]	[0 0 0 1 1 1]	[4]	[1 1 1 0 0 0 1 0 0]	[1 0 0 0 0 0 0 0 1]	[1 1 1 1 0 0]	[0 0 1 1 1 1]	[8]
6	-0.5	7.133193016052246	1.9543678760528564	2.015630006790161	1.5841166973114014	1.5790787935256958	False	[1 1 1 0 0 0 1 0 0]	[1 0 0 0 0 0 0 0 1]	[1 1 1 1 0 0]	[0 0 1 1 1 1]	[8]	[0 1 1 0 0 0 1 0 0]	[0 0 0 0 0 0 0 0 1]	[0 1 1 1 0 0]	[0 0 0 1 1 1]	[4]
6	0.3637514114379883	7.353943347930908	2.120840311050415	1.9801926612854004	1.6622344255447388	1.5906758308410645	False	[0 1 1 0 0 0 1 0 0]	[0 0 0 0 0 0 0 0 1]	[0 1 1 1 0 0]	[0 0 0 1 1 1]	[4]	[1 1 1 0 0 0 1 0 0]	[1 0 0 0 0 0 0 0 1]	[1 1 1 1 0 0]	[0 0 1 1 1 1]	[8]
6	-0.5	7.1968913078308105	1.9619078636169434	2.033447504043579	1.6082972288131714	1.5932387113571167	False	[1 1 1 0 0 0 1 0 0]	[1 0 0 0 0 0 0 0 1]	[1 1 1 1 0 0]	[0 0 1 1 1 1]	[8]	[0 1 1 0 0 0 1 0 0]	[0 0 0 0 0 0 0 0 1]	[0 1 1 1 0 0]	[0 0 0 1 1 1]	[4]
6	-0.5	7.425446510314941	2.1309075355529785	2.0161571502685547	1.6756997108459473	1.60268235206604	False	[0 1 1 0 0 0 1 0 0]	[0 0 0 0 0 0 0 0 1]	[0 1 1 1 0 0]	[0 0 0 1 1 1]	[4]	[1 1 1 0 0 0 1 0 0]	[1 0 0 0 0 0 0 0 1]	[0 1 0 1 0 0]	[0 0 1 1 1 1]	[4]
6	-0.5	7.4579339027404785	2.07383131980896	2.001711130142212	1.7052562236785889	1.6771351099014282	False	[1 1 1 0 0 0 1 0 0]	[1 0 0 0 0 0 0 0 1]	[0 1 0 1 0 0]	[0 0 1 1 1 1]	[4]	[1 0 1 0 0 0 1 0 0]	[0 0 0 0 0 0 0 0 1]	[1 1 0 1 0 0]	[0 0 0 1 1 1]	[4]
6	0.44556957483291626	7.235979080200195	2.049006462097168	1.9806264638900757	1.658591389656067	1.5477545261383057	False	[1 0 1 0 0 0 1 0 0]	[0 0 0 0 0 0 0 0 1]	[1 1 0 1 0 0]	[0 0 0 1 1 1]	[4]	[1 1 1 0 0 0 1 0 0]	[1 0 0 0 0 0 0 0 1]	[1 1 1 1 0 0]	[0 0 0 1 0 1]	[8]
6	-0.5	7.122647762298584	2.0175833702087402	1.9744664430618286	1.57722008228302	1.5533782243728638	False	[1 1 1 0 0 0 1 0 0]	[1 0 0 0 0 0 0 0 1]	[1 1 1 1 0 0]	[0 0 0 1 0 1]	[8]	[0 1 1 0 0 0 1 0 0]	[0 0 0 0 0 0 0 0 1]	[0 1 1 1 0 0]	[0 0 1 1 0 1]	[4]
6	0.42451295256614685	7.3827056884765625	2.1177849769592285	1.9754550457000732	1.6100282669067383	1.679437518119812	False	[0 1 1 0 0 0 1 0 0]	[0 0 0 0 0 0 0 0 1]	[0 1 1 1 0 0]	[0 0 1 1 0 1]	[4]	[0 1 1 0 0 0 0 0 0]	[1 0 0 0 0 0 0 0 1]	[1 1 1 1 0 0]	[0 0 0 1 0 1]	[8]
6	-0.5	6.739391326904297	1.9380582571029663	1.939568042755127	1.5768780708312988	1.2848870754241943	False	[0 1 1 0 0 0 0 0 0]	[1 0 0 0 0 0 0 0 1]	[1 1 1 1 0 0]	[0 0 0 1 0 1]	[8]	[0 1 0 0 0 0 0 0 0]	[1 0 0 0 0 0 1 0 1]	[0 1 1 1 0 0]	[0 0 1 1 0 1]	[4]
6	0.37284231185913086	7.2187957763671875	2.095304012298584	2.0401806831359863	1.6460012197494507	1.437309980392456	False	[0 1 0 0 0 0 0 0 0]	[1 0 0 0 0 0 1 0 1]	[0 1 1 1 0 0]	[0 0 1 1 0 1]	[4]	[0 1 1 0 0 0 0 0 0]	[0 0 0 0 0 0 1 0 1]	[1 1 1 1 0 0]	[0 0 0 1 0 1]	[8]
7	0.06563083082437515	7.401251792907715	2.051081657409668	2.2092864513397217	1.7598780393600464	1.381005048751831	False	[1 0 1 0 0 0 1 0 0]	[0 0 0 1 0 0 0 0 1]	[1 0 0 0 0 1]	[1 0 0 0 0 0]	[0]	[1 0 1 0 0 0 1 0 0]	[1 0 0 1 0 0 0 0 1]	[1 0 0 0 0 0]	[1 0 0 0 0 0]	[12]
7	0.21350422501564026	4.871051788330078	1.7637004852294922	2.058734893798828	0.7404047250747681	0.3082118630409241	False	[1 0 1 0 0 0 1 0 0]	[1 0 0 1 0 0 0 0 1]	[1 0 0 0 0 0]	[1 0 0 0 0 0]	[12]	[0 0 1 0 0 0 1 0 0]	[1 0 0 1 0 0 0 1 1]	[0 0 0 0 0 0]	[0 0 0 0 0 0]	[12]
7	0.08912541717290878	4.780318737030029	1.6892249584197998	2.055522918701172	0.7134165167808533	0.322154700756073	False	[0 0 1 0 0 0 1 0 0]	[1 0 0 1 0 0 0 1 1]	[0 0 0 0 0 0]	[0 0 0 0 0 0]	[12]	[1 0 1 0 0 0 1 0 0]	[1 0 0 1 0 0 0 0 1]	[1 0 0 0 0 0]	[1 0 0 0 0 0]	[12]
7	0.23650260269641876	4.916299819946289	1.755280613899231	2.070265531539917	0.7712042927742004	0.31954896450042725	False	[1 0 1 0 0 0 1 0 0]	[1 0 0 1 0 0 0 0 1]	[1 0 0 0 0 0]	[1 0 0 0 0 0]	[12]	[0 0 1 0 0 0 1 0 0]	[1 0 0 1 0 0 0 1 1]	[0 0 0 0 0 0]	[0 0 0 0 0 0]	[12]
7	0.06988698244094849	4.905023574829102	1.6992266178131104	2.0501341819763184	0.780738353729248	0.37492454051971436	False	[0 0 1 0 0 0 1 0 0]	[1 0 0 1 0 0 0 1 1]	[0 0 0 0 0 0]	[0 0 0 0 0 0]	[12]	[1 0 1 0 0 0 1 0 0]	[1 0 0 1 0 0 0 0 1]	[1 0 0 0 0 0]	[1 0 0 0 0 0]	[12]
7	0.3034802973270416	4.914062976837158	1.7395620346069336	2.0593271255493164	0.775897741317749	0.33927586674690247	False	[1 0 1 0 0 0 1 0 0]	[1 0 0 1 0 0 0 0 1]	[1 0 0 0 0 0]	[1 0 0 0 0 0]	[12]	[0 0 1 0 0 0 1 0 0]	[1 0 0 1 0 0 0 1 1]	[0 0 0 0 0 0]	[0 0 0 0 0 0]	[12]
7	0.08057766407728195	4.890861988067627	1.7164534330368042	2.0454390048980713	0.7841572761535645	0.3448125123977661	False	[0 0 1 0 0 0 1 0 0]	[1 0 0 1 0 0 0 1 1]	[0 0 0 0 0 0]	[0 0 0 0 0 0]	[12]	[1 0 1 0 0 0 1 0 0]	[1 0 0 1 0 0 0 0 1]	[1 0 0 0 0 0]	[1 0 0 0 0 0]	[12]
7	0.25606003403663635	4.804093837738037	1.700551986694336	2.065368413925171	0.7180061936378479	0.3201671540737152	False	[1 0 1 0 0 0 1 0 0]	[1 0 0 1 0 0 0 0 1]	[1 0 0 0 0 0]	[1 0 0 0 0 0]	[12]	[0 0 1 0 0 0 1 0 0]	[1 0 0 1 0 0 0 1 1]	[0 0 0 0 0 0]	[0 0 0 0 0 0]	[12]
7	0.0689070075750351	4.856537342071533	1.6908859014511108	2.055565595626831	0.7498760223388672	0.36020994186401367	False	[0 0 1 0 0 0 1 0 0]	[1 0 0 1 0 0 0 1 1]	[0 0 0 0 0 0]	[0 0 0 0 0 0]	[12]	[1 0 1 0 0 0 1 0 0]	[1 0 0 1 0 0 0 0 1]	[1 0 0 0 0 0]	[1 0 0 0 0 0]	[12]
7	0.2305345982313156	4.785097122192383	1.6827986240386963	2.063617706298828	0.7310114502906799	0.30766934156417847	False	[1 0 1 0 0 0 1 0 0]	[1 0 0 1 0 0 0 0 1]	[1 0 0 0 0 0]	[1 0 0 0 0 0]	[12]	[0 0 1 0 0 0 1 0 0]	[1 0 0 1 0 0 0 1 1]	[0 0 0 0 0 0]	[0 0 0 0 0 0]	[12]
7	0.08505798131227493	4.780188083648682	1.7023124694824219	2.055335283279419	0.6909950375556946	0.33154526352882385	False	[0 0 1 0 0 0 1 0 0]	[1 0 0 1 0 0 0 1 1]	[0 0 0 0 0 0]	[0 0 0 0 0 0]	[12]	[1 0 1 0 0 0 1 0 0]	[1 0 0 1 0 0 0 0 1]	[1 0 0 0 0 0]	[1 0 0 0 0 0]	[12]
7	0.2141949087381363	5.116328239440918	1.7767813205718994	2.042175531387329	0.9121391177177429	0.38523221015930176	False	[1 0 1 0 0 0 1 0 0]	[1 0 0 1 0 0 0 0 1]	[1 0 0 0 0 0]	[1 0 0 0 0 0]	[12]	[0 0 1 0 0 0 1 0 0]	[1 0 0 1 0 0 0 1 1]	[0 0 0 0 0 0]	[0 0 0 0 0 0]	[12]
7	0.07214199006557465	4.921414375305176	1.6811184883117676	2.041375160217285	0.8270119428634644	0.3719088137149811	False	[0 0 1 0 0 0 1 0 0]	[1 0 0 1 0 0 0 1 1]	[0 0 0 0 0 0]	[0 0 0 0 0 0]	[12]	[1 0 1 0 0 0 1 0 0]	[1 0 0 1 0 0 0 0 1]	[1 0 0 0 0 0]	[1 0 0 0 0 0]	[12]
7	0.25999143719673157	4.918819427490234	1.7895692586898804	2.0603113174438477	0.7503170967102051	0.318621426820755	False	[1 0 1 0 0 0 1 0 0]	[1 0 0 1 0 0 0 0 1]	[1 0 0 0 0 0]	[1 0 0 0 0 0]	[12]	[0 0 1 0 0 0 1 0 0]	[1 0 0 1 0 0 0 1 1]	[0 0 0 0 0 0]	[0 0 0 0 0 0]	[12]
7	0.08592012524604797	4.769032955169678	1.6928937435150146	2.0567221641540527	0.7111191749572754	0.3082975745201111	False	[0 0 1 0 0 0 1 0 0]	[1 0 0 1 0 0 0 1 1]	[0 0 0 0 0 0]	[0 0 0 0 0 0]	[12]	[1 0 1 0 0 0 1 0 0]	[1 0 0 1 0 0 0 0 1]	[1 0 0 0 0 0]	[1 0 0 0 0 0]	[12]
7	0.29195716977119446	4.8491644859313965	1.7359553575515747	2.050217866897583	0.7401682734489441	0.32282310724258423	False	[1 0 1 0 0 0 1 0 0]	[1 0 0 1 0 0 0 0 1]	[1 0 0 0 0 0]	[1 0 0 0 0 0]	[12]	[0 0 1 0 0 0 1 0 0]	[1 0 0 1 0 0 0 1 1]	[0 0 0 0 0 0]	[0 0 0 0 0 0]	[12]
7	0.23515094816684723	4.867547035217285	1.6753976345062256	2.0606367588043213	0.7751227617263794	0.3563899099826813	False	[0 0 1 0 0 0 1 0 0]	[1 0 0 1 0 0 0 1 1]	[0 0 0 0 0 0]	[0 0 0 0 0 0]	[12]	[1 0 1 0 0 0 1 0 0]	[1 0 0 1 0 0 1 1 1]	[1 0 0 0 0 0]	[1 0 0 0 0 0]	[12]
7	0.26227614283561707	4.948202610015869	1.7730705738067627	2.053635358810425	0.756858766078949	0.3646378517150879	False	[1 0 1 0 0 0 1 0 0]	[1 0 0 1 0 0 1 1 1]	[1 0 0 0 0 0]	[1 0 0 0 0 0]	[12]	[0 0 1 0 0 0 1 0 0]	[1 0 0 1 0 0 1 0 1]	[0 0 0 0 0 0]	[0 0 0 0 0 0]	[12]
7	0.27773070335388184	4.991972923278809	1.7279179096221924	2.055327892303467	0.8574186563491821	0.3513084352016449	False	[0 0 1 0 0 0 1 0 0]	[1 0 0 1 0 0 1 0 1]	[0 0 0 0 0 0]	[0 0 0 0 0 0]	[12]	[1 0 1 0 0 0 1 0 0]	[1 0 0 1 0 0 1 1 1]	[1 0 0 0 0 0]	[1 0 0 0 0 0]	[12]
7	0.2571166455745697	4.864476203918457	1.7476133108139038	2.055086135864258	0.7173780202865601	0.3443983197212219	False	[1 0 1 0 0 0 1 0 0]	[1 0 0 1 0 0 1 1 1]	[1 0 0 0 0 0]	[1 0 0 0 0 0]	[12]	[0 0 1 0 0 0 1 0 0]	[1 0 0 1 0 0 1 0 1]	[0 0 0 0 0 0]	[0 0 0 0 0 0]	[12]
7	0.2633327543735504	4.936188697814941	1.739080548286438	2.0514731407165527	0.7921030521392822	0.3535318374633789	False	[0 0 1 0 0 0 1 0 0]	[1 0 0 1 0 0 1 0 1]	[0 0 0 0 0 0]	[0 0 0 0 0 0]	[12]	[1 0 1 0 0 0 1 0 0]	[1 0 0 1 0 0 1 1 1]	[1 0 0 0 0 0]	[1 0 0 0 0 0]	[12]
7	0.2852984666824341	4.868103504180908	1.7309443950653076	2.0412254333496094	0.7482680678367615	0.34766581654548645	False	[1 0 1 0 0 0 1 0 0]	[1 0 0 1 0 0 1 1 1]	[1 0 0 0 0 0]	[1 0 0 0 0 0]	[12]	[0 0 1 0 0 0 1 0 0]	[1 0 0 1 0 0 1 0 1]	[0 0 0 0 0 0]	[0 0 0 0 0 0]	[12]
7	0.2649325430393219	5.028691291809082	1.755417823791504	2.03896427154541	0.8530989289283752	0.3812105655670166	False	[0 0 1 0 0 0 1 0 0]	[1 0 0 1 0 0 1 0 1]	[0 0 0 0 0 0]	[0 0 0 0 0 0]	[12]	[1 0 1 0 0 0 1 0 0]	[1 0 0 1 0 0 1 1 1]	[1 0 0 0 0 0]	[1 0 0 0 0 0]	[12]
7	0.2695249319076538	4.710178852081299	1.7121185064315796	2.0409674644470215	0.6547058820724487	0.3023865520954132	False	[1 0 1 0 0 0 1 0 0]	[1 0 0 1 0 0 1 1 1]	[1 0 0 0 0 0]	[1 0 0 0 0 0]	[12]	[0 0 1 0 0 0 1 0 0]	[1 0 0 1 0 0 1 0 1]	[0 0 0 0 0 0]	[0 0 0 0 0 0]	[12]
7	0.31588858366012573	5.071117401123047	1.813328742980957	2.0147345066070557	0.841160237789154	0.401894211769104	False	[0 0 1 0 0 0 1 0 0]	[1 0 0 1 0 0 1 0 1]	[0 0 0 0 0 0]	[0 0 0 0 0 0]	[12]	[1 0 1 0 0 0 1 0 0]	[1 0 0 1 0 0 1 1 1]	[1 0 0 0 0 0]	[1 0 0 0 0 0]	[12]
7	0.2866740822792053	4.912395477294922	1.7724082469940186	2.047787666320801	0.7446269392967224	0.3475729823112488	False	[1 0 1 0 0 0 1 0 0]	[1 0 0 1 0 0 1 1 1]	[1 0 0 0 0 0]	[1 0 0 0 0 0]	[12]	[0 0 1 0 0 0 1 0 0]	[1 0 0 1 0 0 1 0 1]	[0 0 0 0 0 0]	[0 0 0 0 0 0]	[12]
7	0.27023956179618835	5.101926326751709	1.7776285409927368	2.016678810119629	0.8937005996704102	0.413918673992157	False	[0 0 1 0 0 0 1 0 0]	[1 0 0 1 0 0 1 0 1]	[0 0 0 0 0 0]	[0 0 0 0 0 0]	[12]	[1 0 1 0 0 0 1 0 0]	[1 0 0 1 0 0 1 1 1]	[1 0 0 0 0 0]	[1 0 0 0 0 0]	[12]
7	0.23121953010559082	4.782022476196289	1.755078911781311	2.0493836402893066	0.6645770072937012	0.3129831850528717	False	[1 0 1 0 0 0 1 0 0]	[1 0 0 1 0 0 1 1 1]	[1 0 0 0 0 0]	[1 0 0 0 0 0]	[12]	[0 0 1 0 0 0 1 0 0]	[1 0 0 1 0 0 1 0 1]	[0 0 0 0 0 0]	[0 0 0 0 0 0]	[12]
7	0.3254699409008026	4.997133255004883	1.7669228315353394	2.040580987930298	0.8231006860733032	0.3665289282798767	False	[0 0 1 0 0 0 1 0 0]	[1 0 0 1 0 0 1 0 1]	[0 0 0 0 0 0]	[0 0 0 0 0 0]	[12]	[1 0 1 0 0 0 1 0 0]	[1 0 0 0 0 0 1 0 1]	[1 0 0 0 0 0]	[1 0 0 0 0 0]	[12]
7	0.24271872639656067	4.963327407836914	1.741138219833374	2.0652925968170166	0.8127700090408325	0.34412676095962524	False	[1 0 1 0 0 0 1 0 0]	[1 0 0 0 0 0 1 0 1]	[1 0 0 0 0 0]	[1 0 0 0 0 0]	[12]	[0 0 1 0 0 0 1 0 0]	[1 0 0 0 0 0 1 1 1]	[0 0 0 0 0 0]	[0 0 0 0 0 0]	[12]
8	-0.5	6.972046852111816	1.835959553718567	1.9044511318206787	1.7633789777755737	1.4682568311691284	False	[0 0 0 0 0 0 0 0 0]	[0 0 0 0 0 1 0 0 0]	[1 0 0 0 0 0]	[0 0 0 0 1 0]	[0]	[0 0 0 0 0 0 0 0 0]	[0 0 0 0 0 1 0 0 0]	[1 0 0 0 1 0]	[0 0 0 0 1 0]	[4]
8	-0.5	7.19991397857666	1.992166519165039	2.191408634185791	1.6706271171569824	1.3457118272781372	False	[0 0 0 0 0 0 0 0 0]	[0 0 0 0 0 1 0 0 0]	[1 0 0 0 1 0]	[0 0 0 0 1 0]	[4]	[1 0 0 0 0 0 0 0 0]	[0 0 0 0 0 1 0 1 0]	[1 0 1 0 1 0]	[0 0 0 0 0 0]	[4]
8	-0.5	6.31693696975708	2.0852651596069336	2.094853639602661	0.990479052066803	1.1463395357131958	False	[1 0 0 0 0 0 0 0 0]	[0 0 0 0 0 1 0 1 0]	[1 0 1 0 1 0]	[0 0 0 0 0 0]	[4]	[1 0 0 0 1 0 0 0 0]	[0 0 0 0 0 1 0 0 0]	[0 0 1 0 1 0]	[1 0 0 0 0 0]	[4]
8	-0.5	6.635894775390625	1.9596800804138184	1.7449530363082886	1.5552953481674194	1.375966191291809	False	[1 0 0 0 1 0 0 0 0]	[0 0 0 0 0 1 0 0 0]	[0 0 1 0 1 0]	[1 0 0 0 0 0]	[4]	[0 0 0 0 1 0 0 0 0]	[1 0 0 0 0 1 0 0 0]	[1 0 1 0 1 0]	[1 0 0 0 1 0]	[4]
8	-0.5	6.810240268707275	1.9098854064941406	2.1295783519744873	1.5665866136550903	1.2041898965835571	False	[0 0 0 0 1 0 0 0 0]	[1 0 0 0 0 1 0 0 0]	[1 0 1 0 1 0]	[1 0 0 0 1 0]	[4]	[1 0 0 0 1 0 0 0 0]	[1 0 0 0 0 1 0 1 0]	[1 0 0 0 1 0]	[1 0 0 0 0 0]	[4]
8	-0.5	7.035614013671875	1.9373852014541626	2.121335506439209	1.571791172027588	1.4051023721694946	False	[1 0 0 0 1 0 0 0 0]	[1 0 0 0 0 1 0 1 0]	[1 0 0 0 1 0]	[1 0 0 0 0 0]	[4]	[0 0 0 0 1 0 0 0 0]	[1 0 0 0 0 1 0 0 0]	[0 0 0 0 1 0]	[0 0 0 0 0 0]	[4]
8	-0.5	7.128728866577148	1.9178969860076904	2.151261568069458	1.6668336391448975	1.3927361965179443	False	[0 0 0 0 1 0 0 0 0]	[1 0 0 0 0 1 0 0 0]	[0 0 0 0 1 0]	[0 0 0 0 0 0]	[4]	[1 0 0 0 1 0 0 0 0]	[1 0 0 0 0 1 0 1 0]	[0 0 1 0 1 0]	[0 0 0 0 1 0]	[4]
8	-0.5	6.506922721862793	2.021815538406372	1.6693955659866333	1.698249101638794	1.117462396621704	False	[1 0 0 0 1 0 0 0 0]	[1 0 0 0 0 1 0 1 0]	[0 0 1 0 1 0]	[0 0 0 0 1 0]	[4]	[0 0 0 0 1 0 0 0 0]	[0 0 0 0 0 1 0 1 0]	[0 0 0 0 1 0]	[0 0 0 0 0 0]	[4]
8	-0.5	6.989694595336914	1.915549635887146	2.0964856147766113	1.5670192241668701	1.4106395244598389	False	[0 0 0 0 1 0 0 0 0]	[0 0 0 0 0 1 0 1 0]	[0 0 0 0 1 0]	[0 0 0 0 0 0]	[4]	[1 0 0 0 1 0 0 0 0]	[0 0 0 0 0 1 0 0 0]	[1 0 0 0 1 0]	[1 0 0 0 0 0]	[4]
8	-0.5	7.163966178894043	1.9633036851882935	2.142005443572998	1.6581974029541016	1.4004595279693604	False	[1 0 0 0 1 0 0 0 0]	[0 0 0 0 0 1 0 0 0]	[1 0 0 0 1 0]	[1 0 0 0 0 0]	[4]	[0 0 0 0 1 0 0 0 0]	[0 0 0 0 0 1 0 1 0]	[0 0 0 0 1 0]	[0 0 0 0 0 0]	[4]
8	-0.5	7.127424716949463	1.9496228694915771	2.1149206161499023	1.624018907546997	1.4388624429702759	False	[0 0 0 0 1 0 0 0 0]	[0 0 0 0 0 1 0 1 0]	[0 0 0 0 1 0]	[0 0 0 0 0 0]	[4]	[1 0 0 0 1 0 0 0 0]	[0 0 0 0 0 1 0 0 0]	[1 0 0 0 1 0]	[1 0 0 0 0 0]	[4]
8	-0.5	7.206631660461426	1.9757989645004272	2.1368367671966553	1.65772545337677	1.4362707138061523	False	[1 0 0 0 1 0 0 0 0]	[0 0 0 0 0 1 0 0 0]	[1 0 0 0 1 0]	[1 0 0 0 0 0]	[4]	[0 0 0 0 1 0 0 0 0]	[0 0 0 0 0 1 0 1 0]	[0 0 0 0 1 0]	[0 0 0 0 0 0]	[4]
8	-0.5	7.154210090637207	1.9251165390014648	2.1065659523010254	1.6495563983917236	1.472970724105835	False	[0 0 0 0 1 0 0 0 0]	[0 0 0 0 0 1 0 1 0]	[0 0 0 0 1 0]	[0 0 0 0 0 0]	[4]	[1 0 0 0 1 0 0 0 0]	[0 0 0 0 0 1 0 0 0]	[1 0 0 0 1 0]	[0 0 0 0 1 0]	[4]
8	-0.5	7.103880882263184	2.044304847717285	2.174997329711914	1.634238839149475	1.2503397464752197	False	[1 0 0 0 1 0 0 0 0]	[0 0 0 0 0 1 0 0 0]	[1 0 0 0 1 0]	[0 0 0 0 1 0]	[4]	[0 0 0 0 1 0 0 0 0]	[0 0 0 0 0 1 0 1 0]	[1 0 1 0 1 0]	[0 0 0 0 0 0]	[4]
8	-0.5	6.697205543518066	2.001214027404785	1.8274943828582764	1.4836293458938599	1.3848679065704346	False	[0 0 0 0 1 0 0 0 0]	[0 0 0 0 0 1 0 1 0]	[1 0 1 0 1 0]	[0 0 0 0 0 0]	[4]	[1 0 0 0 1 0 0 0 0]	[1 0 0 0 0 1 0 1 0]	[0 0 1 0 1 0]	[0 0 0 0 1 0]	[4]
8	-0.5	6.714511871337891	2.045827865600586	1.7380378246307373	1.7087870836257935	1.221859097480774	False	[1 0 0 0 1 0 0 0 0]	[1 0 0 0 0 1 0 1 0]	[0 0 1 0 1 0]	[0 0 0 0 1 0]	[4]	[0 0 0 0 1 0 0 0 0]	[0 0 0 0 0 1 0 1 0]	[0 0 0 0 1 0]	[0 0 0 0 0 0]	[4]
8	-0.5	7.101559638977051	1.9372460842132568	2.1347062587738037	1.6223607063293457	1.407246708869934	False	[0 0 0 0 1 0 0 0 0]	[0 0 0 0 0 1 0 1 0]	[0 0 0 0 1 0]	[0 0 0 0 0 0]	[4]	[1 0 0 0 1 0 0 0 0]	[0 0 0 0 0 1 0 0 0]	[1 0 0 0 1 0]	[1 0 0 0 0 0]	[4]
8	-0.5	7.185981273651123	1.997870922088623	2.180067300796509	1.638269066810608	1.3697738647460938	False	[1 0 0 0 1 0 0 0 0]	[0 0 0 0 0 1 0 0 0]	[1 0 0 0 1 0]	[1 0 0 0 0 0]	[4]	[0 0 0 0 1 0 0 0 0]	[0 0 0 0 0 1 0 1 0]	[1 0 1 0 1 0]	[1 0 0 0 1 0]	[4]
8	-0.5	6.842462539672852	2.0176987648010254	1.8007317781448364	1.7263243198394775	1.2977075576782227	False	[0 0 0 0 1 0 0 0 0]	[0 0 0 0 0 1 0 1 0]	[1 0 1 0 1 0]	[1 0 0 0 1 0]	[4]	[1 0 0 0 1 0 0 0 0]	[1 0 0 0 0 1 0 1 0]	[1 0 0 0 1 0]	[1 0 0 0 0 0]	[4]
8	-0.5	7.042670249938965	1.9384998083114624	2.1294150352478027	1.5764575004577637	1.3982975482940674	False	[1 0 0 0 1 0 0 0 0]	[1 0 0 0 0 1 0 1 0]	[1 0 0 0 1 0]	[1 0 0 0 0 0]	[4]	[0 0 0 0 1 0 0 0 0]	[1 0 0 0 0 1 0 0 0]	[0 0 0 0 1 0]	[1 0 0 0 1 0]	[4]
8	-0.5	6.961037635803223	1.999990463256836	2.1465094089508057	1.5857994556427002	1.2287390232086182	False	[0 0 0 0 1 0 0 0 0]	[1 0 0 0 0 1 0 0 0]	[0 0 0 0 1 0]	[1 0 0 0 1 0]	[4]	[1 0 0 0 1 0 0 0 0]	[1 0 0 0 0 1 0 1 0]	[0 0 1 0 1 0]	[1 0 0 0 0 0]	[4]
8	-0.5	6.647568225860596	1.977997899055481	1.7816721200942993	1.475084662437439	1.4128137826919556	False	[1 0 0 0 1 0 0 0 0]	[1 0 0 0 0 1 0 1 0]	[0 0 1 0 1 0]	[1 0 0 0 0 0]	[4]	[0 0 0 0 1 0 0 0 0]	[0 0 0 0 0 1 0 1 0]	[1 0 1 0 1 0]	[1 0 0 0 1 0]	[4]
8	-0.5	6.827343940734863	2.032809257507324	1.7581900358200073	1.7464418411254883	1.2899024486541748	False	[0 0 0 0 1 0 0 0 0]	[0 0 0 0 0 1 0 1 0]	[1 0 1 0 1 0]	[1 0 0 0 1 0]	[4]	[1 0 0 0 1 0 0 0 0]	[1 0 0 0 0 1 0 1 0]	[1 0 0 0 1 0]	[1 0 0 0 0 0]	[4]
8	-0.5	7.0354743003845215	1.9470683336257935	2.144508123397827	1.5768651962280273	1.3670324087142944	False	[1 0 0 0 1 0 0 0 0]	[1 0 0 0 0 1 0 1 0]	[1 0 0 0 1 0]	[1 0 0 0 0 0]	[4]	[0 0 0 0 1 0 0 0 0]	[1 0 0 0 0 1 0 0 0]	[0 0 0 0 1 0]	[0 0 0 0 0 0]	[4]
8	-0.5	7.197552680969238	1.971240758895874	2.1677987575531006	1.6642765998840332	1.3942368030548096	False	[0 0 0 0 1 0 0 0 0]	[1 0 0 0 0 1 0 0 0]	[0 0 0 0 1 0]	[0 0 0 0 0 0]	[4]	[1 0 0 0 1 0 0 0 0]	[1 0 0 0 0 1 0 1 0]	[0 0 1 0 1 0]	[0 0 0 0 1 0]	[4]
8	-0.5	6.655261516571045	2.004694700241089	1.7291114330291748	1.723219633102417	1.1982358694076538	False	[1 0 0 0 1 0 0 0 0]	[1 0 0 0 0 1 0 1 0]	[0 0 1 0 1 0]	[0 0 0 0 1 0]	[4]	[0 0 0 0 1 0 0 0 0]	[0 0 0 0 0 1 0 1 0]	[0 0 0 0 1 0]	[0 0 0 0 0 0]	[4]
8	-0.5	7.001568794250488	1.9218523502349854	2.1395320892333984	1.5704635381698608	1.369720697402954	False	[0 0 0 0 1 0 0 0 0]	[0 0 0 0 0 1 0 1 0]	[0 0 0 0 1 0]	[0 0 0 0 0 0]	[4]	[1 0 0 0 1 0 0 0 0]	[0 0 0 0 0 1 0 0 0]	[1 0 0 0 1 0]	[1 0 0 0 0 0]	[4]
8	-0.5	7.21513557434082	1.9948945045471191	2.16666841506958	1.6563904285430908	1.3971827030181885	False	[1 0 0 0 1 0 0 0 0]	[0 0 0 0 0 1 0 0 0]	[1 0 0 0 1 0]	[1 0 0 0 0 0]	[4]	[0 0 0 0 1 0 0 0 0]	[0 0 0 0 0 1 0 1 0]	[0 0 0 0 1 0]	[0 0 0 0 0 0]	[4]
8	-0.5	7.080047130584717	1.9311507940292358	2.153798818588257	1.620671272277832	1.3744264841079712	False	[0 0 0 0 1 0 0 0 0]	[0 0 0 0 0 1 0 1 0]	[0 0 0 0 1 0]	[0 0 0 0 0 0]	[4]	[1 0 0 0 1 0 0 0 0]	[0 0 0 0 0 1 0 0 0]	[1 0 0 0 1 0]	[1 0 0 0 0 0]	[4]
8	-0.5	7.232881546020508	1.992457389831543	2.1586616039276123	1.6691930294036865	1.412569284439087	False	[1 0 0 0 1 0 0 0 0]	[0 0 0 0 0 1 0 0 0]	[1 0 0 0 1 0]	[1 0 0 0 0 0]	[4]	[0 0 0 0 1 0 0 0 0]	[0 0 0 0 0 1 0 1 0]	[0 0 0 0 1 0]	[0 0 0 0 0 0]	[4]
9	-1.0	7.160226821899414	1.9087600708007812	2.004189968109131	1.7269078493118286	1.520369291305542	False	[0 0 1 0 0 0 0 0 0]	[0 0 0 0 0 0 0 0 0]	[0 0 0 0 0 0]	[0 0 0 0 1 1]	[0]	[0 0 1 0 0 0 0 0 0]	[0 0 0 0 1 0 0 0 0]	[0 0 0 0 0 1]	[0 0 0 0 1 1]	[0]
9	-1.0	6.973513126373291	2.1318304538726807	2.1384339332580566	1.4429020881652832	1.260346531867981	False	[0 0 1 0 0 0 0 0 0]	[0 0 0 0 1 0 0 0 0]	[0 0 0 0 0 1]	[0 0 0 0 1 1]	[0]	[0 0 1 0 0 0 0 0 1]	[0 0 0 0 0 0 0 0 0]	[0 0 0 0 0 0]	[0 0 0 0 1 0]	[0]
9	0.3378782272338867	6.822524547576904	1.6448776721954346	1.9653817415237427	1.7436704635620117	1.4685946702957153	False	[0 0 1 0 0 0 0 0 1]	[0 0 0 0 0 0 0 0 0]	[0 0 0 0 0 0]	[0 0 0 0 1 0]	[0]	[0 0 1 0 0 0 0 0 1]	[0 0 0 0 1 0 0 0 0]	[0 0 0 0 0 0]	[0 0 0 0 1 0]	[12]
9	0.3417856991291046	5.592856407165527	1.840461254119873	1.9791364669799805	0.7587937116622925	1.0144646167755127	False	[0 0 1 0 0 0 0 0 1]	[0 0 0 0 1 0 0 0 0]	[0 0 0 0 0 0]	[0 0 0 0 1 0]	[12]	[1 0 1 0 0 0 0 0 1]	[0 0 0 0 0 0 0 0 0]	[1 0 0 0 0 0]	[1 0 0 0 1 0]	[12]
9	-0.5	5.047011852264404	2.027839183807373	2.0163934230804443	0.5898123979568481	0.41296708583831787	False	[1 0 1 0 0 0 0 0 1]	[0 0 0 0 0 0 0 0 0]	[1 0 0 0 0 0]	[1 0 0 0 1 0]	[12]	[1 0 1 0 0 0 0 0 0]	[0 0 0 0 0 0 1 0 0]	[0 0 0 0 0 0]	[0 0 0 0 1 0]	[4]
9	-0.5	6.802388668060303	1.9202542304992676	1.9595036506652832	1.6667253971099854	1.2559057474136353	False	[1 0 1 0 0 0 0 0 0]	[0 0 0 0 0 0 1 0 0]	[0 0 0 0 0 0]	[0 0 0 0 1 0]	[4]	[1 1 1 0 0 0 0 0 0]	[0 0 0 0 1 0 1 0 0]	[1 0 0 0 0 0]	[0 0 1 0 1 0]	[4]
9	-0.5	7.018023490905762	2.000237464904785	2.040093421936035	1.6059435606002808	1.3717491626739502	False	[1 1 1 0 0 0 0 0 0]	[0 0 0 0 1 0 1 0 0]	[1 0 0 0 0 0]	[0 0 1 0 1 0]	[4]	[1 1 1 0 0 0 0 0 1]	[0 0 0 0 0 0 1 0 0]	[0 0 0 0 0 0]	[0 0 0 0 1 0]	[4]
9	-0.5	6.725052356719971	2.0007596015930176	1.8819880485534668	1.5716989040374756	1.2706056833267212	False	[1 1 1 0 0 0 0 0 1]	[0 0 0 0 0 0 1 0 0]	[0 0 0 0 0 0]	[0 0 0 0 1 0]	[4]	[1 1 1 0 0 0 0 0 0]	[1 0 0 0 0 0 1 0 0]	[0 0 0 0 1 0]	[0 0 1 0 1 0]	[4]
9	-0.5	6.616199016571045	2.053607225418091	1.9939846992492676	1.4181216955184937	1.1504850387573242	False	[1 1 1 0 0 0 0 0 0]	[1 0 0 0 0 0 1 0 0]	[0 0 0 0 1 0]	[0 0 1 0 1 0]	[4]	[1 1 1 0 0 0 0 0 1]	[1 0 0 0 0 1 1 0 0]	[0 0 1 0 1 0]	[0 0 1 0 0 0]	[4]
9	-0.5	6.6709303855896	2.014068841934204	2.0341010093688965	1.4655420780181885	1.1572184562683105	False	[1 1 1 0 0 0 0 0 1]	[1 0 0 0 0 1 1 0 0]	[0 0 1 0 1 0]	[0 0 1 0 0 0]	[4]	[1 1 1 0 0 0 0 0 0]	[1 0 0 0 0 0 1 0 0]	[0 0 1 0 0 0]	[0 0 1 0 1 0]	[4]
9	-0.5	6.733314037322998	2.030815601348877	2.0610976219177246	1.4246702194213867	1.2167307138442993	False	[1 1 1 0 0 0 0 0 0]	[1 0 0 0 0 0 1 0 0]	[0 0 1 0 0 0]	[0 0 1 0 1 0]	[4]	[1 1 1 0 0 0 0 0 1]	[1 0 0 0 0 1 1 0 0]	[0 0 0 0 0 0]	[0 0 1 0 0 0]	[4]
9	-0.5	7.0606369972229	1.9693557024002075	2.0368130207061768	1.6264574527740479	1.4280104637145996	False	[1 1 1 0 0 0 0 0 1]	[1 0 0 0 0 1 1 0 0]	[0 0 0 0 0 0]	[0 0 1 0 0 0]	[4]	[1 1 1 0 0 0 0 0 0]	[0 0 0 0 0 1 1 0 0]	[0 0 0 0 1 0]	[0 0 1 0 1 0]	[4]
9	-0.75	7.113048553466797	2.0508370399475098	2.1016476154327393	1.7186092138290405	1.2419544458389282	False	[1 1 1 0 0 0 0 0 0]	[0 0 0 0 0 1 1 0 0]	[0 0 0 0 1 0]	[0 0 1 0 1 0]	[4]	[1 1 1 0 0 0 0 0 1]	[0 0 0 0 1 1 1 0 0]	[0 1 0 0 1 0]	[0 0 1 0 0 0]	[2]
9	-0.25	6.793424606323242	2.1107120513916016	1.9981913566589355	1.2296061515808105	1.4549148082733154	False	[1 1 1 0 0 0 0 0 1]	[0 0 0 0 1 1 1 0 0]	[0 1 0 0 1 0]	[0 0 1 0 0 0]	[2]	[1 1 1 0 0 0 0 0 0]	[1 0 0 0 1 1 1 0 0]	[0 1 0 1 1 0]	[0 0 1 0 0 1]	[6]
9	-0.25	5.7750654220581055	2.0884220600128174	1.9403384923934937	0.7404130697250366	1.0058919191360474	False	[1 1 1 0 0 0 0 0 0]	[1 0 0 0 1 1 1 0 0]	[0 1 0 1 1 0]	[0 0 1 0 0 1]	[6]	[1 1 1 1 0 0 0 0 0]	[0 0 0 0 1 1 1 0 0]	[0 1 0 0 1 0]	[0 0 1 1 0 1]	[6]
9	-0.25	5.663959503173828	2.070887327194214	1.9606244564056396	0.7270992994308472	0.905348539352417	False	[1 1 1 1 0 0 0 0 0]	[0 0 0 0 1 1 1 0 0]	[0 1 0 0 1 0]	[0 0 1 1 0 1]	[6]	[1 1 1 0 0 0 0 0 0]	[1 0 0 0 1 1 1 0 0]	[0 1 0 1 1 0]	[0 0 1 0 0 1]	[6]
9	-0.25	5.713757038116455	2.0749776363372803	1.956134557723999	0.7305984497070312	0.952046275138855	False	[1 1 1 0 0 0 0 0 0]	[1 0 0 0 1 1 1 0 0]	[0 1 0 1 1 0]	[0 0 1 0 0 1]	[6]	[1 1 1 1 0 0 0 0 0]	[0 0 0 0 1 1 1 0 0]	[0 1 0 0 1 0]	[0 0 1 1 0 1]	[6]
9	-0.25	5.739736557006836	2.090630531311035	1.9507296085357666	0.7365459203720093	0.9618305563926697	False	[1 1 1 1 0 0 0 0 0]	[0 0 0 0 1 1 1 0 0]	[0 1 0 0 1 0]	[0 0 1 1 0 1]	[6]	[1 1 1 0 0 0 0 0 0]	[1 0 0 0 1 1 1 0 0]	[0 1 0 1 1 0]	[0 0 1 0 0 1]	[6]
9	-0.25	5.85262393951416	2.1000490188598633	1.9474611282348633	0.7465943098068237	1.0585193634033203	False	[1 1 1 0 0 0 0 0 0]	[1 0 0 0 1 1 1 0 0]	[0 1 0 1 1 0]	[0 0 1 0 0 1]	[6]	[1 1 1 1 0 0 0 0 0]	[0 0 0 0 1 1 1 0 0]	[0 1 0 0 1 0]	[0 0 1 1 0 1]	[6]
9	-0.25	5.685837268829346	2.0836405754089355	1.9495606422424316	0.7324750423431396	0.9201607704162598	False	[1 1 1 1 0 0 0 0 0]	[0 0 0 0 1 1 1 0 0]	[0 1 0 0 1 0]	[0 0 1 1 0 1]	[6]	[1 1 1 0 0 0 0 0 0]	[1 0 0 0 1 1 1 0 0]	[0 1 0 1 1 0]	[0 0 1 0 0 1]	[6]
9	-0.25	5.75173282623291	2.0831141471862793	1.9358704090118408	0.7394912838935852	0.9932565689086914	False	[1 1 1 0 0 0 0 0 0]	[1 0 0 0 1 1 1 0 0]	[0 1 0 1 1 0]	[0 0 1 0 0 1]	[6]	[1 1 1 1 0 0 0 0 0]	[0 0 0 0 1 1 1 0 0]	[0 1 0 0 1 0]	[0 0 1 1 0 1]	[6]
9	-0.25	5.672696113586426	2.082435131072998	1.9315069913864136	0.7295440435409546	0.9292097091674805	False	[1 1 1 1 0 0 0 0 0]	[0 0 0 0 1 1 1 0 0]	[0 1 0 0 1 0]	[0 0 1 1 0 1]	[6]	[1 1 1 0 0 0 0 0 0]	[1 0 0 0 1 1 1 0 0]	[0 1 0 1 1 0]	[0 0 1 0 0 1]	[6]
9	-0.25	5.716497421264648	2.090961456298828	1.9382606744766235	0.7340284585952759	0.9532470703125	False	[1 1 1 0 0 0 0 0 0]	[1 0 0 0 1 1 1 0 0]	[0 1 0 1 1 0]	[0 0 1 0 0 1]	[6]	[1 1 1 1 0 0 0 0 0]	[0 0 0 0 1 1 1 0 0]	[0 1 0 0 1 0]	[0 0 1 1 0 1]	[6]
9	-0.25	5.690573692321777	2.0812697410583496	1.945372223854065	0.7302312254905701	0.9337007403373718	False	[1 1 1 1 0 0 0 0 0]	[0 0 0 0 1 1 1 0 0]	[0 1 0 0 1 0]	[0 0 1 1 0 1]	[6]	[1 1 1 0 0 0 0 0 0]	[1 0 0 0 1 1 1 0 0]	[1 1 0 0 1 0]	[0 0 1 0 0 1]	[6]
9	0.30058154463768005	5.359506607055664	2.1140685081481934	2.0545530319213867	0.5078131556510925	0.6830721497535706	False	[1 1 1 0 0 0 0 0 0]	[1 0 0 0 1 1 1 0 0]	[1 1 0 0 1 0]	[0 0 1 0 0 1]	[6]	[0 1 1 0 0 0 0 0 0]	[1 0 0 0 1 1 1 0 1]	[1 1 0 1 1 0]	[0 0 1 1 0 1]	[8]
9	0.2761836051940918	4.920543670654297	2.1706652641296387	1.871031641960144	0.4320647120475769	0.44678229093551636	False	[0 1 1 0 0 0 0 0 0]	[1 0 0 0 1 1 1 0 1]	[1 1 0 1 1 0]	[0 0 1 1 0 1]	[8]	[0 1 1 1 0 0 0 0 0]	[0 0 0 0 1 1 1 0 1]	[0 1 0 1 1 0]	[1 0 1 1 0 1]	[8]
9	0.2719332277774811	5.006978988647461	2.1086530685424805	2.0140955448150635	0.40791118144989014	0.4763193428516388	False	[0 1 1 1 0 0 0 0 0]	[0 0 0 0 1 1 1 0 1]	[0 1 0 1 1 0]	[1 0 1 1 0 1]	[8]	[0 1 1 0 0 0 0 0 0]	[1 0 0 0 1 1 1 0 1]	[1 1 0 1 1 0]	[0 0 1 1 0 1]	[8]
9	0.30679765343666077	4.98640775680542	2.169717311859131	1.8962125778198242	0.4409877061843872	0.4794904589653015	False	[0 1 1 0 0 0 0 0 0]	[1 0 0 0 1 1 1 0 1]	[1 1 0 1 1 0]	[0 0 1 1 0 1]	[8]	[0 1 1 1 0 0 0 0 0]	[0 0 0 0 1 1 1 0 1]	[0 1 0 1 1 0]	[1 0 1 1 0 1]	[8]
9	0.2613431215286255	5.046256065368652	2.1120057106018066	2.0028605461120605	0.43101075291633606	0.5003791451454163	False	[0 1 1 1 0 0 0 0 0]	[0 0 0 0 1 1 1 0 1]	[0 1 0 1 1 0]	[1 0 1 1 0 1]	[8]	[0 1 1 0 0 0 0 0 0]	[1 0 0 0 1 1 1 0 1]	[1 1 0 1 1 0]	[0 0 1 1 0 1]	[8]
9	0.29436543583869934	5.003242015838623	2.1675074100494385	1.920818567276001	0.42717960476875305	0.4877361059188843	False	[0 1 1 0 0 0 0 0 0]	[1 0 0 0 1 1 1 0 1]	[1 1 0 1 1 0]	[0 0 1 1 0 1]	[8]	[0 1 1 1 0 0 0 0 0]	[0 0 0 0 1 1 1 0 1]	[0 1 0 1 1 0]	[1 0 1 1 0 1]	[8]
10	-0.5	7.433967113494873	1.8993327617645264	2.202733278274536	1.5972462892532349	1.7346549034118652	False	[0 0 0 0 0 0 1 0 0]	[0 0 0 1 0 0 0 0 0]	[1 0 0 0 1 1]	[0 0 1 0 0 1]	[0]	[0 0 0 0 0 0 1 0 0]	[0 0 1 1 0 0 0 0 0]	[1 0 0 1 1 1]	[0 0 1 0 0 0]	[4]
10	-1.0	7.231003284454346	2.098148822784424	2.114558219909668	1.6721729040145874	1.3461230993270874	False	[0 0 0 0 0 0 1 0 0]	[0 0 1 1 0 0 0 0 0]	[1 0 0 1 1 1]	[0 0 1 0 0 0]	[4]	[0 0 1 0 0 0 1 0 0]	[0 0 1 1 0 0 1 0 0]	[1 0 1 1 1 1]	[0 0 0 0 0 0]	[0]
10	-0.75	7.504888534545898	2.107933521270752	2.101945400238037	1.843801736831665	1.4512083530426025	False	[0 0 1 0 0 0 1 0 0]	[0 0 1 1 0 0 1 0 0]	[1 0 1 1 1 1]	[0 0 0 0 0 0]	[0]	[0 0 1 0 0 0 1 0 0]	[0 0 1 1 0 0 1 0 0]	[1 0 1 1 1 0]	[0 0 0 0 1 0]	[2]
10	-0.5	7.406616687774658	2.104491949081421	2.1362686157226562	1.6063333749771118	1.5595225095748901	False	[0 0 1 0 0 0 1 0 0]	[0 0 1 1 0 0 1 0 0]	[1 0 1 1 1 0]	[0 0 0 0 1 0]	[2]	[0 0 1 1 0 0 1 0 0]	[0 0 0 1 0 0 1 0 0]	[1 0 1 0 1 0]	[0 0 1 0 1 0]	[4]
10	-0.5	7.306416034698486	2.1788151264190674	2.0216872692108154	1.75253164768219	1.3533822298049927	False	[0 0 1 1 0 0 1 0 0]	[0 0 0 1 0 0 1 0 0]	[1 0 1 0 1 0]	[0 0 1 0 1 0]	[4]	[0 1 1 1 0 0 1 0 0]	[0 0 0 1 0 0 0 0 0]	[1 0 0 0 1 0]	[0 0 0 0 1 0]	[4]
10	-0.5	7.190945625305176	2.1015939712524414	2.0756137371063232	1.7330094575881958	1.2807285785675049	False	[0 1 1 1 0 0 1 0 0]	[0 0 0 1 0 0 0 0 0]	[1 0 0 0 1 0]	[0 0 0 0 1 0]	[4]	[0 0 1 1 0 0 1 0 0]	[0 0 0 1 0 0 1 0 0]	[1 0 1 0 1 0]	[0 0 0 0 0 0]	[4]
10	-0.25	7.341855525970459	2.1591475009918213	2.0942747592926025	1.7285592555999756	1.3598742485046387	False	[0 0 1 1 0 0 1 0 0]	[0 0 0 1 0 0 1 0 0]	[1 0 1 0 1 0]	[0 0 0 0 0 0]	[4]	[0 0 1 1 0 0 1 0 1]	[0 0 0 1 0 0 0 0 0]	[1 0 1 0 1 1]	[0 0 1 0 0 0]	[6]
10	0.3360360860824585	7.557527542114258	2.109246253967285	2.080843925476074	1.7352025508880615	1.6322343349456787	False	[0 0 1 1 0 0 1 0 1]	[0 0 0 1 0 0 0 0 0]	[1 0 1 0 1 1]	[0 0 1 0 0 0]	[6]	[0 1 1 1 0 0 1 0 1]	[0 0 0 1 0 0 1 0 0]	[1 0 1 1 1 1]	[0 0 0 0 0 0]	[8]
10	-0.5	6.58418083190918	2.031726121902466	1.991876244544983	1.3053393363952637	1.2552390098571777	False	[0 1 1 1 0 0 1 0 1]	[0 0 0 1 0 0 1 0 0]	[1 0 1 1 1 1]	[0 0 0 0 0 0]	[8]	[0 1 0 1 0 0 1 0 1]	[0 0 0 1 0 0 0 0 0]	[0 0 1 1 1 1]	[1 0 0 0 0 0]	[4]
10	-0.5	7.3138628005981445	2.136099338531494	2.0999631881713867	1.7360472679138184	1.3417527675628662	False	[0 1 0 1 0 0 1 0 1]	[0 0 0 1 0 0 0 0 0]	[0 0 1 1 1 1]	[1 0 0 0 0 0]	[4]	[0 1 0 1 0 0 1 0 0]	[0 0 0 1 0 0 1 0 0]	[0 0 0 1 1 1]	[1 0 1 0 0 0]	[4]
10	0.28379929065704346	7.266050338745117	2.1424338817596436	2.083902359008789	1.7012990713119507	1.3384145498275757	False	[0 1 0 1 0 0 1 0 0]	[0 0 0 1 0 0 1 0 0]	[0 0 0 1 1 1]	[1 0 1 0 0 0]	[4]	[0 0 0 1 0 0 1 0 0]	[1 0 0 1 0 0 1 0 0]	[0 0 1 1 1 1]	[1 0 0 0 0 0]	[12]
10	0.2669815719127655	5.718988418579102	1.9606807231903076	1.8589677810668945	1.2409666776657104	0.6583733558654785	False	[0 0 0 1 0 0 1 0 0]	[1 0 0 1 0 0 1 0 0]	[0 0 1 1 1 1]	[1 0 0 0 0 0]	[12]	[0 0 0 1 0 0 1 0 1]	[1 0 0 1 0 0 0 0 0]	[1 0 1 1 1 1]	[0 0 0 0 0 0]	[8]
10	0.26468443870544434	5.499462604522705	2.0617878437042236	1.9287585020065308	0.8815248608589172	0.6273912191390991	False	[0 0 0 1 0 0 1 0 1]	[1 0 0 1 0 0 0 0 0]	[1 0 1 1 1 1]	[0 0 0 0 0 0]	[8]	[0 0 0 1 0 0 1 0 0]	[1 0 0 1 0 0 1 0 0]	[0 0 1 1 1 1]	[1 0 0 0 0 0]	[12]
10	0.2747150659561157	6.0157151222229	2.0323526859283447	1.8548991680145264	1.3595960140228271	0.7688671946525574	False	[0 0 0 1 0 0 1 0 0]	[1 0 0 1 0 0 1 0 0]	[0 0 1 1 1 1]	[1 0 0 0 0 0]	[12]	[0 0 0 1 0 0 1 0 1]	[1 0 0 1 0 0 0 0 0]	[1 0 1 1 1 1]	[0 0 0 0 0 0]	[8]
10	0.27952492237091064	6.283749103546143	2.063798427581787	1.8444883823394775	1.4110181331634521	0.9644441604614258	False	[0 0 0 1 0 0 1 0 1]	[1 0 0 1 0 0 0 0 0]	[1 0 1 1 1 1]	[0 0 0 0 0 0]	[8]	[0 0 0 1 0 0 1 0 0]	[1 0 0 1 0 0 1 0 0]	[0 0 1 1 1 1]	[1 0 0 0 0 0]	[12]
10	0.30130860209465027	5.600408554077148	1.9589760303497314	1.9116370677947998	1.104238748550415	0.6255571246147156	False	[0 0 0 1 0 0 1 0 0]	[1 0 0 1 0 0 1 0 0]	[0 0 1 1 1 1]	[1 0 0 0 0 0]	[12]	[0 0 0 1 0 0 1 0 1]	[1 0 0 1 0 0 0 0 0]	[1 0 1 1 1 1]	[0 0 0 0 0 0]	[8]
10	0.2637753486633301	6.241656303405762	2.0704007148742676	1.8735893964767456	1.3864082098007202	0.9112576842308044	False	[0 0 0 1 0 0 1 0 1]	[1 0 0 1 0 0 0 0 0]	[1 0 1 1 1 1]	[0 0 0 0 0 0]	[8]	[0 0 0 1 0 0 1 0 0]	[1 0 0 1 0 0 1 0 0]	[0 0 1 1 1 1]	[1 0 0 0 0 0]	[12]
10	0.26346302032470703	5.4567437171936035	1.958805799484253	1.8678070306777954	1.0808345079421997	0.5492963790893555	False	[0 0 0 1 0 0 1 0 0]	[1 0 0 1 0 0 1 0 0]	[0 0 1 1 1 1]	[1 0 0 0 0 0]	[12]	[0 0 0 1 0 0 1 0 1]	[1 0 0 1 0 0 0 0 0]	[1 0 1 1 1 1]	[0 0 0 0 0 0]	[8]
10	0.2742418646812439	6.157356262207031	2.0447568893432617	1.8712726831436157	1.34290611743927	0.8984206914901733	False	[0 0 0 1 0 0 1 0 1]	[1 0 0 1 0 0 0 0 0]	[1 0 1 1 1 1]	[0 0 0 0 0 0]	[8]	[0 0 0 1 0 0 1 0 0]	[1 0 0 1 0 0 1 0 0]	[0 0 1 1 1 1]	[1 0 0 0 0 0]	[12]
10	0.26094841957092285	5.691937446594238	1.963468074798584	1.8822753429412842	1.2366082668304443	0.6095859408378601	False	[0 0 0 1 0 0 1 0 0]	[1 0 0 1 0 0 1 0 0]	[0 0 1 1 1 1]	[1 0 0 0 0 0]	[12]	[0 0 0 1 0 0 1 0 1]	[1 0 0 1 0 0 0 0 0]	[1 0 1 1 1 1]	[0 0 0 0 0 0]	[8]
10	0.26421791315078735	6.017809867858887	2.05727481842041	1.822566032409668	1.3018560409545898	0.8361131548881531	False	[0 0 0 1 0 0 1 0 1]	[1 0 0 1 0 0 0 0 0]	[1 0 1 1 1 1]	[0 0 0 0 0 0]	[8]	[0 0 0 1 0 0 1 0 0]	[1 0 0 1 0 0 1 0 0]	[0 0 1 1 1 1]	[1 0 0 0 0 0]	[12]
10	0.3289472758769989	5.971109867095947	2.0179433822631836	1.8698251247406006	1.357032299041748	0.7263092994689941	False	[0 0 0 1 0 0 1 0 0]	[1 0 0 1 0 0 1 0 0]	[0 0 1 1 1 1]	[1 0 0 0 0 0]	[12]	[0 0 0 1 0 0 1 0 1]	[1 0 0 1 0 0 0 0 0]	[1 0 1 1 1 1]	[0 0 0 0 0 0]	[8]
10	0.2546844184398651	5.9213056564331055	2.060239791870117	1.9114910364151	1.1699453592300415	0.7796298861503601	False	[0 0 0 1 0 0 1 0 1]	[1 0 0 1 0 0 0 0 0]	[1 0 1 1 1 1]	[0 0 0 0 0 0]	[8]	[0 0 0 1 0 0 1 0 0]	[1 0 0 1 0 0 1 0 0]	[0 0 1 1 1 1]	[1 0 0 0 0 0]	[12]
10	0.3195967674255371	5.521317481994629	1.965328335762024	1.8901475667953491	1.1117020845413208	0.5541396737098694	False	[0 0 0 1 0 0 1 0 0]	[1 0 0 1 0 0 1 0 0]	[0 0 1 1 1 1]	[1 0 0 0 0 0]	[12]	[0 0 0 1 0 0 1 0 1]	[1 0 0 1 0 0 0 0 0]	[1 0 1 1 1 1]	[0 0 0 0 0 0]	[8]
10	0.33075302839279175	6.354437351226807	2.100982427597046	1.8698056936264038	1.422607421875	0.961042046546936	False	[0 0 0 1 0 0 1 0 1]	[1 0 0 1 0 0 0 0 0]	[1 0 1 1 1 1]	[0 0 0 0 0 0]	[8]	[0 0 0 1 0 0 1 0 0]	[1 0 0 1 0 0 1 0 0]	[0 0 1 1 1 1]	[1 0 0 0 0 0]	[12]
10	0.25153276324272156	5.632291793823242	1.9866830110549927	1.8971261978149414	1.1575380563735962	0.5909448862075806	False	[0 0 0 1 0 0 1 0 0]	[1 0 0 1 0 0 1 0 0]	[0 0 1 1 1 1]	[1 0 0 0 0 0]	[12]	[0 0 0 1 0 0 1 0 1]	[1 0 0 1 0 0 0 0 0]	[1 0 1 1 1 1]	[0 0 0 0 0 0]	[8]
10	0.352033793926239	6.1566243171691895	2.075263500213623	1.860133409500122	1.372279405593872	0.8489481210708618	False	[0 0 0 1 0 0 1 0 1]	[1 0 0 1 0 0 0 0 0]	[1 0 1 1 1 1]	[0 0 0 0 0 0]	[8]	[0 0 0 1 0 0 1 0 0]	[1 0 0 1 0 0 1 0 0]	[0 0 1 1 1 1]	[1 0 0 0 0 0]	[12]
10	0.24730630218982697	5.495783805847168	1.9682199954986572	1.8603678941726685	1.152687907218933	0.5145077109336853	False	[0 0 0 1 0 0 1 0 0]	[1 0 0 1 0 0 1 0 0]	[0 0 1 1 1 1]	[1 0 0 0 0 0]	[12]	[0 0 0 1 0 0 1 0 1]	[1 0 0 1 0 0 0 0 0]	[1 0 1 1 1 1]	[0 0 0 0 0 0]	[8]
10	0.24984392523765564	6.159411430358887	2.0335476398468018	1.8711506128311157	1.3475960493087769	0.9071168899536133	False	[0 0 0 1 0 0 1 0 1]	[1 0 0 1 0 0 0 0 0]	[1 0 1 1 1 1]	[0 0 0 0 0 0]	[8]	[0 0 0 1 0 0 1 0 0]	[1 0 0 1 0 0 1 0 0]	[0 0 1 1 1 1]	[1 0 0 0 0 0]	[12]
10	0.3243366777896881	5.882753849029541	2.000230550765991	1.8150708675384521	1.4008630514144897	0.6665892004966736	False	[0 0 0 1 0 0 1 0 0]	[1 0 0 1 0 0 1 0 0]	[0 0 1 1 1 1]	[1 0 0 0 0 0]	[12]	[0 0 0 1 0 0 1 0 1]	[1 0 0 1 0 0 0 0 0]	[1 0 1 1 1 1]	[0 0 0 0 0 0]	[8]
11	-1.0	7.245793342590332	2.1095478534698486	2.045952796936035	1.7005677223205566	1.3897254467010498	False	[0 0 0 0 0 0 0 0 0]	[0 0 0 1 1 0 1 0 0]	[0 1 0 0 0 0]	[1 0 0 0 1 1]	[0]	[0 0 0 1 0 0 0 0 0]	[0 0 0 1 1 0 1 0 1]	[0 1 0 0 0 1]	[1 0 0 0 1 0]	[0]
11	-0.5	6.597170829772949	1.4933748245239258	2.1424946784973145	1.5778319835662842	1.3834693431854248	False	[0 0 0 1 0 0 0 0 0]	[0 0 0 1 1 0 1 0 1]	[0 1 0 0 0 1]	[1 0 0 0 1 0]	[0]	[0 0 0 1 0 0 0 0 0]	[0 0 0 1 1 0 1 0 1]	[0 1 0 0 0 0]	[1 0 0 0 0 0]	[4]
11	0.46709272265434265	7.328005790710449	2.0246987342834473	2.1241703033447266	1.656660556793213	1.5224759578704834	False	[0 0 0 1 0 0 0 0 0]	[0 0 0 1 1 0 1 0 1]	[0 1 0 0 0 0]	[1 0 0 0 0 0]	[4]	[0 0 0 0 0 0 0 0 0]	[0 0 0 1 1 0 0 0 1]	[0 1 0 1 0 0]	[0 0 0 0 0 0]	[8]
11	-0.5	6.05985164642334	2.006364583969116	2.0496459007263184	1.313875675201416	0.6899658441543579	False	[0 0 0 0 0 0 0 0 0]	[0 0 0 1 1 0 0 0 1]	[0 1 0 1 0 0]	[0 0 0 0 0 0]	[8]	[0 0 0 0 0 0 0 0 1]	[0 0 0 1 1 0 1 0 1]	[1 1 0 1 0 0]	[1 0 0 0 0 0]	[4]
11	-1.0	6.708224773406982	2.070258140563965	1.9613139629364014	1.524457335472107	1.1521950960159302	False	[0 0 0 0 0 0 0 0 1]	[0 0 0 1 1 0 1 0 1]	[1 1 0 1 0 0]	[1 0 0 0 0 0]	[4]	[0 0 0 0 0 0 0 0 0]	[0 0 0 1 1 0 1 1 1]	[0 1 0 1 0 0]	[1 0 0 0 1 0]	[0]
11	-1.0	6.966150760650635	1.987657070159912	2.1183199882507324	1.6100406646728516	1.2501329183578491	False	[0 0 0 0 0 0 0 0 0]	[0 0 0 1 1 0 1 1 1]	[0 1 0 1 0 0]	[1 0 0 0 1 0]	[0]	[0 0 0 0 0 0 0 0 0]	[0 0 0 1 1 0 1 1 1]	[0 1 0 1 1 0]	[1 0 0 0 0 0]	[0]
11	0.11001057177782059	5.951595306396484	1.8088040351867676	1.9858096837997437	0.9639852643013	1.1929959058761597	False	[0 0 0 0 0 0 0 0 0]	[0 0 0 1 1 0 1 1 1]	[0 1 0 1 1 0]	[1 0 0 0 0 0]	[0]	[0 0 0 0 0 0 0 0 0]	[0 0 0 1 1 0 1 0 1]	[1 1 0 1 1 0]	[0 0 0 0 0 0]	[8]
11	0.37330880761146545	4.624546051025391	1.9408540725708008	2.034273147583008	0.29104191064834595	0.3583768606185913	False	[0 0 0 0 0 0 0 0 0]	[0 0 0 1 1 0 1 0 1]	[1 1 0 1 1 0]	[0 0 0 0 0 0]	[8]	[0 0 1 0 0 0 0 0 0]	[0 0 0 0 1 0 1 0 1]	[0 1 0 1 1 0]	[1 0 0 0 0 0]	[8]
11	0.32451295852661133	4.596598148345947	1.9639043807983398	2.0992257595062256	0.4050176441669464	0.1284499317407608	False	[0 0 1 0 0 0 0 0 0]	[0 0 0 0 1 0 1 0 1]	[0 1 0 1 1 0]	[1 0 0 0 0 0]	[8]	[0 1 1 0 0 0 0 0 0]	[0 0 0 0 1 1 1 0 1]	[1 1 0 1 1 0]	[0 0 0 0 0 0]	[8]
11	0.3192298710346222	4.4076361656188965	1.937734842300415	1.9182698726654053	0.29544246196746826	0.2561887502670288	False	[0 1 1 0 0 0 0 0 0]	[0 0 0 0 1 1 1 0 1]	[1 1 0 1 1 0]	[0 0 0 0 0 0]	[8]	[0 0 1 0 0 0 0 0 0]	[0 0 0 0 1 1 1 1 1]	[0 1 0 1 1 0]	[1 0 0 0 0 0]	[8]
11	0.25930652022361755	4.762725830078125	1.9814770221710205	2.116760730743408	0.5040981769561768	0.16039009392261505	False	[0 0 1 0 0 0 0 0 0]	[0 0 0 0 1 1 1 1 1]	[0 1 0 1 1 0]	[1 0 0 0 0 0]	[8]	[0 0 1 0 0 0 0 0 1]	[0 0 0 1 1 1 1 1 1]	[1 1 0 1 1 0]	[0 0 0 0 0 0]	[24]
11	0.2630904018878937	4.3986921310424805	1.9001461267471313	1.8698766231536865	0.31449851393699646	0.3141709566116333	False	[0 0 1 0 0 0 0 0 1]	[0 0 0 1 1 1 1 1 1]	[1 1 0 1 1 0]	[0 0 0 0 0 0]	[24]	[0 1 1 0 0 0 0 0 1]	[0 0 0 0 1 1 1 1 1]	[0 1 0 1 1 0]	[1 0 0 0 0 0]	[8]
11	0.24937741458415985	4.4800214767456055	1.9250699281692505	1.9202418327331543	0.3102271258831024	0.3244829773902893	False	[0 1 1 0 0 0 0 0 1]	[0 0 0 0 1 1 1 1 1]	[0 1 0 1 1 0]	[1 0 0 0 0 0]	[8]	[0 0 1 0 0 0 0 0 1]	[0 0 0 1 1 1 1 1 1]	[1 1 0 1 1 0]	[0 0 0 0 0 0]	[24]
11	0.24362781643867493	4.459047317504883	1.9059041738510132	1.8805365562438965	0.3534602224826813	0.31914636492729187	False	[0 0 1 0 0 0 0 0 1]	[0 0 0 1 1 1 1 1 1]	[1 1 0 1 1 0]	[0 0 0 0 0 0]	[24]	[0 1 1 0 0 0 0 0 1]	[0 0 0 0 1 1 1 1 1]	[0 1 0 1 1 0]	[1 0 0 0 0 0]	[8]
11	0.22834473848342896	4.647900581359863	1.9642086029052734	1.938225507736206	0.366942435503006	0.3785237967967987	False	[0 1 1 0 0 0 0 0 1]	[0 0 0 0 1 1 1 1 1]	[0 1 0 1 1 0]	[1 0 0 0 0 0]	[8]	[0 0 1 0 0 0 0 0 1]	[0 0 0 1 1 1 1 1 1]	[1 1 0 1 1 0]	[0 0 0 0 0 0]	[24]
11	0.2910480499267578	4.502706527709961	1.9093660116195679	1.889742136001587	0.39724141359329224	0.30635690689086914	False	[0 0 1 0 0 0 0 0 1]	[0 0 0 1 1 1 1 1 1]	[1 1 0 1 1 0]	[0 0 0 0 0 0]	[24]	[0 1 1 0 0 0 0 0 1]	[0 0 0 0 1 1 1 1 1]	[0 1 0 1 1 0]	[1 0 0 0 0 0]	[8]
11	0.2958885729312897	4.5142669677734375	1.9337691068649292	1.9186569452285767	0.3492821156978607	0.3125588297843933	False	[0 1 1 0 0 0 0 0 1]	[0 0 0 0 1 1 1 1 1]	[0 1 0 1 1 0]	[1 0 0 0 0 0]	[8]	[0 0 1 0 0 0 0 0 1]	[0 0 0 1 1 1 1 1 1]	[1 1 0 1 1 0]	[0 0 0 0 0 0]	[24]
11	0.30301377177238464	4.535060882568359	1.916886568069458	1.8782362937927246	0.3905952274799347	0.34934258460998535	False	[0 0 1 0 0 0 0 0 1]	[0 0 0 1 1 1 1 1 1]	[1 1 0 1 1 0]	[0 0 0 0 0 0]	[24]	[0 1 1 0 0 0 0 0 1]	[0 0 0 0 1 1 1 1 1]	[0 1 0 1 1 0]	[1 0 0 0 0 0]	[8]
11	0.2247850000858307	4.397972583770752	1.9105150699615479	1.9035284519195557	0.3129703402519226	0.2709590196609497	False	[0 1 1 0 0 0 0 0 1]	[0 0 0 0 1 1 1 1 1]	[0 1 0 1 1 0]	[1 0 0 0 0 0]	[8]	[0 0 1 0 0 0 0 0 1]	[0 0 0 1 1 1 1 1 1]	[1 1 0 1 1 0]	[0 0 0 0 0 0]	[24]
11	0.33028650283813477	4.411473274230957	1.8930394649505615	1.8590333461761475	0.35200169682502747	0.30739879608154297	False	[0 0 1 0 0 0 0 0 1]	[0 0 0 1 1 1 1 1 1]	[1 1 0 1 1 0]	[0 0 0 0 0 0]	[24]	[0 1 1 0 0 0 0 0 1]	[0 0 0 0 1 1 1 1 1]	[0 1 0 1 1 0]	[1 0 0 0 0 0]	[8]
11	0.2737753391265869	4.4982404708862305	1.9260444641113281	1.9171116352081299	0.34002095460891724	0.3150635361671448	False	[0 1 1 0 0 0 0 0 1]	[0 0 0 0 1 1 1 1 1]	[0 1 0 1 1 0]	[1 0 0 0 0 0]	[8]	[0 0 1 0 0 0 0 0 1]	[0 0 0 1 1 1 1 1 1]	[1 1 0 1 1 0]	[0 0 0 0 0 0]	[24]
11	0.2828662395477295	4.478760719299316	1.8941693305969238	1.8576805591583252	0.40335363149642944	0.3235572874546051	False	[0 0 1 0 0 0 0 0 1]	[0 0 0 1 1 1 1 1 1]	[1 1 0 1 1 0]	[0 0 0 0 0 0]	[24]	[0 1 1 0 0 0 0 0 1]	[0 0 0 0 1 1 1 1 1]	[0 1 0 1 1 0]	[1 0 0 0 0 0]	[8]
11	0.23500341176986694	4.59119987487793	1.9545403718948364	1.9422123432159424	0.36218276619911194	0.33226457238197327	False	[0 1 1 0 0 0 0 0 1]	[0 0 0 0 1 1 1 1 1]	[0 1 0 1 1 0]	[1 0 0 0 0 0]	[8]	[0 0 1 0 0 0 0 0 1]	[0 0 0 1 1 1 1 1 1]	[1 1 0 1 1 0]	[0 0 0 0 0 0]	[24]
11	0.32385197281837463	4.423182010650635	1.8831615447998047	1.86702561378479	0.372858464717865	0.30013662576675415	False	[0 0 1 0 0 0 0 0 1]	[0 0 0 1 1 1 1 1 1]	[1 1 0 1 1 0]	[0 0 0 0 0 0]	[24]	[0 1 1 0 0 0 0 0 1]	[0 0 0 0 1 1 1 1 1]	[0 1 0 1 1 0]	[1 0 0 0 0 0]	[8]
11	0.30301377177238464	4.532925605773926	1.9422013759613037	1.921391487121582	0.34203043580055237	0.3273022472858429	False	[0 1 1 0 0 0 0 0 1]	[0 0 0 0 1 1 1 1 1]	[0 1 0 1 1 0]	[1 0 0 0 0 0]	[8]	[0 0 1 0 0 0 0 0 1]	[0 0 0 1 1 1 1 1 1]	[1 1 0 1 1 0]	[0 0 0 0 0 0]	[24]
11	0.22832079231739044	4.353841781616211	1.888666033744812	1.8599547147750854	0.3185875415802002	0.2866336703300476	False	[0 0 1 0 0 0 0 0 1]	[0 0 0 1 1 1 1 1 1]	[1 1 0 1 1 0]	[0 0 0 0 0 0]	[24]	[0 1 1 0 0 0 0 0 1]	[0 0 0 0 1 1 1 1 1]	[0 1 0 1 1 0]	[1 0 0 0 0 0]	[8]
11	0.30726417899131775	4.476702690124512	1.9343383312225342	1.9256155490875244	0.29591846466064453	0.3208302855491638	False	[0 1 1 0 0 0 0 0 1]	[0 0 0 0 1 1 1 1 1]	[0 1 0 1 1 0]	[1 0 0 0 0 0]	[8]	[0 0 1 0 0 0 0 0 1]	[0 0 0 1 1 1 1 1 1]	[1 1 0 1 1 0]	[0 0 0 0 0 0]	[24]
11	0.30104807019233704	4.402790069580078	1.8917176723480225	1.8655565977096558	0.34974727034568787	0.295768678188324	False	[0 0 1 0 0 0 0 0 1]	[0 0 0 1 1 1 1 1 1]	[1 1 0 1 1 0]	[0 0 0 0 0 0]	[24]	[0 1 1 0 0 0 0 0 1]	[0 0 0 0 1 1 1 1 1]	[0 1 0 1 1 0]	[1 0 0 0 0 0]	[8]
11	0.2245129644870758	4.562191963195801	1.9415371417999268	1.9043591022491455	0.38166457414627075	0.33463096618652344	False	[0 1 1 0 0 0 0 0 1]	[0 0 0 0 1 1 1 1 1]	[0 1 0 1 1 0]	[1 0 0 0 0 0]	[8]	[0 0 1 0 0 0 0 0 1]	[0 0 0 1 1 1 1 1 1]	[1 1 0 1 1 0]	[0 0 0 0 0 0]	[24]
11	0.3163550794124603	4.421420574188232	1.899631142616272	1.8720778226852417	0.35942864418029785	0.2902827262878418	False	[0 0 1 0 0 0 0 0 1]	[0 0 0 1 1 1 1 1 1]	[1 1 0 1 1 0]	[0 0 0 0 0 0]	[24]	[0 1 1 0 0 0 0 0 1]	[0 0 0 0 1 1 1 1 1]	[0 1 0 1 1 0]	[1 0 0 0 0 0]	[8]
12	-0.75	6.757554054260254	2.1229498386383057	1.7492048740386963	1.5412745475769043	1.3441247940063477	False	[0 0 1 0 0 1 0 0 1]	[0 1 0 0 0 0 0 0 0]	[1 0 0 0 1 1]	[0 1 0 0 1 1]	[2]	[0 0 1 0 0 1 0 1 1]	[1 1 0 0 0 0 0 0 0]	[1 1 0 0 1 1]	[0 0 0 0 1 1]	[2]
12	-0.75	6.957570552825928	2.0609145164489746	1.9433956146240234	1.6275839805603027	1.3256763219833374	False	[0 0 1 0 0 1 0 1 1]	[1 1 0 0 0 0 0 0 0]	[1 1 0 0 1 1]	[0 0 0 0 1 1]	[2]	[0 0 1 0 0 1 0 0 1]	[0 1 0 0 0 0 0 0 0]	[1 1 1 0 1 1]	[0 0 0 0 0 1]	[2]
12	-0.75	7.124185562133789	2.1329357624053955	2.078779697418213	1.1262186765670776	1.7862508296966553	False	[0 0 1 0 0 1 0 0 1]	[0 1 0 0 0 0 0 0 0]	[1 1 1 0 1 1]	[0 0 0 0 0 1]	[2]	[0 0 0 0 0 1 0 0 1]	[1 1 0 0 0 0 0 0 0]	[1 1 1 1 1 1]	[0 1 0 0 0 1]	[2]
12	-0.75	7.24240255355835	1.814610481262207	2.0480496883392334	1.5954391956329346	1.7843033075332642	False	[0 0 0 0 0 1 0 0 1]	[1 1 0 0 0 0 0 0 0]	[1 1 1 1 1 1]	[0 1 0 0 0 1]	[2]	[0 0 1 0 0 1 0 0 1]	[0 1 0 0 0 0 0 0 0]	[0 1 1 1 1 1]	[0 1 0 0 0 0]	[2]
12	0.369967520236969	7.266169548034668	2.177464246749878	2.0808775424957275	1.3720637559890747	1.635764241218567	False	[0 0 1 0 0 1 0 0 1]	[0 1 0 0 0 0 0 0 0]	[0 1 1 1 1 1]	[0 1 0 0 0 0]	[2]	[0 0 0 0 0 1 0 0 1]	[1 1 0 0 0 0 0 0 0]	[0 1 1 0 1 1]	[0 1 0 1 0 0]	[8]
12	-0.5	5.970887184143066	2.0726070404052734	1.8140606880187988	0.5274673104286194	1.556752324104309	False	[0 0 0 0 0 1 0 0 1]	[1 1 0 0 0 0 0 0 0]	[0 1 1 0 1 1]	[0 1 0 1 0 0]	[8]	[0 0 1 0 0 1 0 0 1]	[0 1 0 0 0 0 0 0 0]	[1 1 1 0 1 1]	[1 1 0 1 0 0]	[4]
12	-0.5	6.627068042755127	2.1258585453033447	1.9683562517166138	0.9676499366760254	1.5652031898498535	False	[0 0 1 0 0 1 0 0 1]	[0 1 0 0 0 0 0 0 0]	[1 1 1 0 1 1]	[1 1 0 1 0 0]	[4]	[0 0 0 0 0 1 0 0 1]	[1 1 0 0 0 0 0 0 0]	[0 1 1 0 1 1]	[1 1 1 1 0 0]	[4]
12	-0.5	6.852717876434326	2.080306053161621	1.829633116722107	1.368719458580017	1.5740588903427124	False	[0 0 0 0 0 1 0 0 1]	[1 1 0 0 0 0 0 0 0]	[0 1 1 0 1 1]	[1 1 1 1 0 0]	[4]	[0 0 1 0 0 1 0 0 1]	[0 1 0 0 0 0 0 0 0]	[1 1 1 0 1 1]	[1 1 1 1 1 0]	[4]
12	0.4273877739906311	6.746477127075195	2.1474521160125732	1.9907890558242798	1.046435832977295	1.5617997646331787	False	[0 0 1 0 0 1 0 0 1]	[0 1 0 0 0 0 0 0 0]	[1 1 1 0 1 1]	[1 1 1 1 1 0]	[4]	[0 0 0 0 0 1 0 0 1]	[1 1 0 0 0 0 0 0 0]	[0 1 1 0 1 1]	[1 1 0 1 1 0]	[8]
12	0.07261426001787186	4.939283847808838	1.996795654296875	2.1004390716552734	0.38044869899749756	0.46160009503364563	False	[0 0 0 0 0 1 0 0 1]	[1 1 0 0 0 0 0 0 0]	[0 1 1 0 1 1]	[1 1 0 1 1 0]	[8]	[0 0 1 0 0 1 0 0 1]	[1 0 0 0 0 0 0 0 0]	[1 1 1 0 1 1]	[0 1 0 1 1 0]	[8]
12	0.2757410407066345	4.694125175476074	2.0622668266296387	2.077251672744751	0.30748605728149414	0.24712038040161133	False	[0 0 1 0 0 1 0 0 1]	[1 0 0 0 0 0 0 0 0]	[1 1 1 0 1 1]	[0 1 0 1 1 0]	[8]	[1 0 1 0 0 1 0 0 1]	[1 0 0 0 0 0 1 0 0]	[0 1 1 0 1 1]	[1 1 0 1 1 0]	[8]
12	0.27043402194976807	4.865866184234619	2.018667697906494	2.1145429611206055	0.34119415283203125	0.39146143198013306	False	[1 0 1 0 0 1 0 0 1]	[1 0 0 0 0 0 1 0 0]	[0 1 1 0 1 1]	[1 1 0 1 1 0]	[8]	[1 0 1 0 1 1 0 0 1]	[1 1 0 0 0 0 1 0 0]	[1 1 1 0 1 1]	[0 1 0 1 1 0]	[8]
12	0.3187633752822876	4.677488327026367	2.0125350952148438	2.1069741249084473	0.22201885282993317	0.3359602689743042	False	[1 0 1 0 1 1 0 0 1]	[1 1 0 0 0 0 1 0 0]	[1 1 1 0 1 1]	[0 1 0 1 1 0]	[8]	[1 0 0 0 1 1 0 0 1]	[1 0 0 0 0 0 1 0 0]	[0 1 1 0 1 1]	[1 1 0 1 1 0]	[8]
12	0.2517856955528259	4.622751712799072	1.985276222229004	2.1358001232147217	0.21414771676063538	0.2875276505947113	False	[1 0 0 0 1 1 0 0 1]	[1 0 0 0 0 0 1 0 0]	[0 1 1 0 1 1]	[1 1 0 1 1 0]	[8]	[1 0 1 0 1 1 0 0 1]	[1 1 0 0 0 0 1 0 0]	[1 1 1 0 1 1]	[0 1 0 1 1 0]	[8]
12	0.34556958079338074	4.654255390167236	2.006150960922241	2.1047046184539795	0.23260337114334106	0.3107961118221283	False	[1 0 1 0 1 1 0 0 1]	[1 1 0 0 0 0 1 0 0]	[1 1 1 0 1 1]	[0 1 0 1 1 0]	[8]	[1 0 0 0 1 1 0 0 1]	[1 0 0 0 0 0 1 0 0]	[0 1 1 0 1 1]	[1 1 0 1 1 0]	[8]
12	0.31542205810546875	4.641929626464844	1.9804012775421143	2.14056134223938	0.22761449217796326	0.29335248470306396	False	[1 0 0 0 1 1 0 0 1]	[1 0 0 0 0 0 1 0 0]	[0 1 1 0 1 1]	[1 1 0 1 1 0]	[8]	[1 0 1 0 1 1 0 0 1]	[1 1 0 0 0 0 1 0 0]	[1 1 1 0 1 1]	[0 1 0 1 1 0]	[8]
12	0.3761836290359497	4.697610855102539	2.00136137008667	2.112856149673462	0.232975035905838	0.35041794180870056	False	[1 0 1 0 1 1 0 0 1]	[1 1 0 0 0 0 1 0 0]	[1 1 1 0 1 1]	[0 1 0 1 1 0]	[8]	[1 0 0 0 1 1 0 0 1]	[1 0 0 0 0 0 1 0 0]	[0 1 1 0 1 1]	[1 1 0 1 1 0]	[8]
12	0.21876336634159088	4.620716571807861	2.0010366439819336	2.1389760971069336	0.21286025643348694	0.2678438425064087	False	[1 0 0 0 1 1 0 0 1]	[1 0 0 0 0 0 1 0 0]	[0 1 1 0 1 1]	[1 1 0 1 1 0]	[8]	[1 0 1 0 1 1 0 0 1]	[1 1 0 0 0 0 1 0 0]	[1 1 1 0 1 1]	[0 1 0 1 1 0]	[8]
12	0.36087659001350403	4.711647033691406	2.0103816986083984	2.108752965927124	0.24644452333450317	0.34606748819351196	False	[1 0 1 0 1 1 0 0 1]	[1 1 0 0 0 0 1 0 0]	[1 1 1 0 1 1]	[0 1 0 1 1 0]	[8]	[1 0 0 0 1 1 0 0 1]	[1 0 0 0 0 0 1 0 0]	[0 1 1 0 1 1]	[1 1 0 1 1 0]	[8]
12	0.26421791315078735	4.658030033111572	2.01657772064209	2.1353442668914795	0.23243501782417297	0.2736726999282837	False	[1 0 0 0 1 1 0 0 1]	[1 0 0 0 0 0 1 0 0]	[0 1 1 0 1 1]	[1 1 0 1 1 0]	[8]	[1 0 1 0 1 1 0 0 1]	[1 1 0 0 0 0 1 0 0]	[1 1 1 0 1 1]	[0 1 0 1 1 0]	[8]
12	0.33694517612457275	4.627702713012695	1.9848272800445557	2.1105217933654785	0.2194463312625885	0.31290698051452637	False	[1 0 1 0 1 1 0 0 1]	[1 1 0 0 0 0 1 0 0]	[1 1 1 0 1 1]	[0 1 0 1 1 0]	[8]	[1 0 0 0 1 1 0 0 1]	[1 0 0 0 0 0 1 0 0]	[0 1 1 0 1 1]	[1 1 0 1 1 0]	[8]
12	0.30633115768432617	4.648619651794434	1.9783276319503784	2.134326219558716	0.2358899712562561	0.3000759482383728	False	[1 0 0 0 1 1 0 0 1]	[1 0 0 0 0 0 1 0 0]	[0 1 1 0 1 1]	[1 1 0 1 1 0]	[8]	[1 0 1 0 1 1 0 0 1]	[1 1 0 0 0 0 1 0 0]	[1 1 1 0 1 1]	[0 1 0 1 1 0]	[8]
12	0.35178568959236145	4.691422462463379	1.9891324043273926	2.109839677810669	0.25059282779693604	0.34185728430747986	False	[1 0 1 0 1 1 0 0 1]	[1 1 0 0 0 0 1 0 0]	[1 1 1 0 1 1]	[0 1 0 1 1 0]	[8]	[1 0 0 0 1 1 0 0 1]	[1 0 0 0 0 0 1 0 0]	[0 1 1 0 1 1]	[1 1 0 1 1 0]	[8]
12	0.28574103116989136	4.608024597167969	1.98612642288208	2.134533643722534	0.215528205037117	0.27183669805526733	False	[1 0 0 0 1 1 0 0 1]	[1 0 0 0 0 0 1 0 0]	[0 1 1 0 1 1]	[1 1 0 1 1 0]	[8]	[1 0 1 0 1 1 0 0 1]	[1 1 0 0 0 0 1 0 0]	[1 1 1 0 1 1]	[0 1 0 1 1 0]	[8]
12	0.37284231185913086	4.663729667663574	2.0121963024139404	2.1090281009674072	0.23479893803596497	0.30770617723464966	False	[1 0 1 0 1 1 0 0 1]	[1 1 0 0 0 0 1 0 0]	[1 1 1 0 1 1]	[0 1 0 1 1 0]	[8]	[1 0 0 0 1 1 0 0 1]	[1 0 0 0 0 0 1 0 0]	[0 1 1 0 1 1]	[1 1 0 1 1 0]	[8]
12	0.29633113741874695	4.75241231918335	1.9989830255508423	2.141463279724121	0.2681603729724884	0.34380584955215454	False	[1 0 0 0 1 1 0 0 1]	[1 0 0 0 0 0 1 0 0]	[0 1 1 0 1 1]	[1 1 0 1 1 0]	[8]	[1 0 1 0 1 1 0 0 1]	[1 1 0 0 0 0 1 0 0]	[1 1 1 0 1 1]	[0 1 0 1 1 0]	[8]
12	0.3852745294570923	4.670805931091309	1.9992576837539673	2.110342025756836	0.24262960255146027	0.3185765743255615	False	[1 0 1 0 1 1 0 0 1]	[1 1 0 0 0 0 1 0 0]	[1 1 1 0 1 1]	[0 1 0 1 1 0]	[8]	[1 0 0 0 1 1 0 0 1]	[1 0 0 0 0 0 1 0 0]	[0 1 1 0 1 1]	[1 1 0 1 1 0]	[8]
12	0.2823997437953949	4.770755290985107	1.9998013973236084	2.13733172416687	0.29054680466651917	0.3430754542350769	False	[1 0 0 0 1 1 0 0 1]	[1 0 0 0 0 0 1 0 0]	[0 1 1 0 1 1]	[1 1 0 1 1 0]	[8]	[1 0 1 0 1 1 0 0 1]	[1 1 0 0 0 0 1 0 0]	[1 1 1 0 1 1]	[0 1 0 1 1 0]	[8]
12	0.36087659001350403	4.812963008880615	2.016937017440796	2.1009180545806885	0.222149059176445	0.47295913100242615	False	[1 0 1 0 1 1 0 0 1]	[1 1 0 0 0 0 1 0 0]	[1 1 1 0 1 1]	[0 1 0 1 1 0]	[8]	[1 0 0 0 1 1 0 0 1]	[1 0 0 0 0 0 1 0 0]	[0 1 1 0 1 1]	[1 1 0 1 1 0]	[8]
12	0.23694518208503723	4.666799068450928	1.9975138902664185	2.1338276863098145	0.23862604796886444	0.29683181643486023	False	[1 0 0 0 1 1 0 0 1]	[1 0 0 0 0 0 1 0 0]	[0 1 1 0 1 1]	[1 1 0 1 1 0]	[8]	[1 0 1 0 1 1 0 0 1]	[1 1 0 0 0 0 1 0 0]	[1 1 1 0 1 1]	[0 1 0 1 1 0]	[8]
13	-0.5	8.027103424072266	2.205064296722412	2.156059741973877	1.9159436225891113	1.7500355243682861	False	[1 0 0 0 0 0 0 1 0]	[0 0 0 0 0 0 0 1 1]	[1 0 0 0 0 0]	[1 0 0 1 1 0]	[0]	[1 0 0 0 0 1 0 1 0]	[1 0 0 0 0 0 0 1 1]	[1 0 1 0 0 0]	[1 0 0 1 0 0]	[4]
13	-1.0	7.46467399597168	2.134361505508423	2.088397264480591	1.4993051290512085	1.742610216140747	False	[1 0 0 0 0 1 0 1 0]	[1 0 0 0 0 0 0 1 1]	[1 0 1 0 0 0]	[1 0 0 1 0 0]	[4]	[1 0 0 0 0 1 0 0 0]	[0 0 0 0 0 0 0 1 1]	[0 0 1 0 0 0]	[1 0 0 1 1 0]	[0]
13	-1.0	7.33131742477417	2.2219982147216797	2.112027168273926	1.5569435358047485	1.440348744392395	False	[1 0 0 0 0 1 0 0 0]	[0 0 0 0 0 0 0 1 1]	[0 0 1 0 0 0]	[1 0 0 1 1 0]	[0]	[1 0 0 0 0 1 1 0 0]	[1 0 0 0 0 0 0 1 1]	[0 0 0 0 0 0]	[1 0 0 1 0 0]	[0]
13	-1.0	6.854829788208008	2.1003377437591553	2.1918907165527344	1.2858192920684814	1.2767817974090576	False	[1 0 0 0 0 1 1 0 0]	[1 0 0 0 0 0 0 1 1]	[0 0 0 0 0 0]	[1 0 0 1 0 0]	[0]	[1 0 0 0 0 0 1 0 0]	[1 1 0 0 0 0 0 1 1]	[0 0 0 0 0 0]	[1 0 0 0 0 0]	[0]
13	0.3365026116371155	6.895018577575684	2.072021722793579	2.0992445945739746	1.7775697708129883	0.9461824893951416	False	[1 0 0 0 0 0 1 0 0]	[1 1 0 0 0 0 0 1 1]	[0 0 0 0 0 0]	[1 0 0 0 0 0]	[0]	[1 0 0 0 0 0 1 0 1]	[1 0 0 0 0 0 0 1 1]	[1 0 0 0 0 0]	[1 0 0 0 0 0]	[12]
13	0.29817327857017517	3.7871947288513184	1.720080852508545	1.771685242652893	0.10927800089120865	0.18615078926086426	False	[1 0 0 0 0 0 1 0 1]	[1 0 0 0 0 0 0 1 1]	[1 0 0 0 0 0]	[1 0 0 0 0 0]	[12]	[1 0 0 0 0 0 1 0 0]	[1 0 0 0 0 0 1 1 1]	[0 0 0 0 0 0]	[0 0 0 0 0 0]	[12]
13	0.34316128492355347	3.7898738384246826	1.75045645236969	1.7678576707839966	0.10829529166221619	0.1632644385099411	False	[1 0 0 0 0 0 1 0 0]	[1 0 0 0 0 0 1 1 1]	[0 0 0 0 0 0]	[0 0 0 0 0 0]	[12]	[1 0 0 0 0 0 1 0 1]	[1 0 0 0 0 0 0 1 1]	[1 0 0 0 0 0]	[1 0 0 0 0 0]	[12]
13	0.2867976725101471	3.716127395629883	1.6976250410079956	1.7769855260849	0.0912926197052002	0.1502242237329483	False	[1 0 0 0 0 0 1 0 1]	[1 0 0 0 0 0 0 1 1]	[1 0 0 0 0 0]	[1 0 0 0 0 0]	[12]	[1 0 0 0 0 0 1 0 0]	[1 0 0 0 0 0 1 1 1]	[0 0 0 0 0 0]	[0 0 0 0 0 0]	[12]
13	0.3121046721935272	3.956264019012451	1.8039778470993042	1.7932456731796265	0.12353256344795227	0.23550787568092346	False	[1 0 0 0 0 0 1 0 0]	[1 0 0 0 0 0 1 1 1]	[0 0 0 0 0 0]	[0 0 0 0 0 0]	[12]	[1 0 0 0 0 0 1 0 1]	[1 0 0 0 0 0 0 1 1]	[1 0 0 0 0 0]	[1 0 0 0 0 0]	[12]
13	0.2230377048254013	3.8066811561584473	1.7656596899032593	1.8156388998031616	0.0802655816078186	0.14511696994304657	False	[1 0 0 0 0 0 1 0 1]	[1 0 0 0 0 0 0 1 1]	[1 0 0 0 0 0]	[1 0 0 0 0 0]	[12]	[1 0 0 0 0 0 1 0 0]	[1 0 0 0 0 0 1 1 1]	[0 0 0 0 0 0]	[0 0 0 0 0 0]	[12]
13	0.2799914479255676	3.8857855796813965	1.7669167518615723	1.7937698364257812	0.11805883049964905	0.20704016089439392	False	[1 0 0 0 0 0 1 0 0]	[1 0 0 0 0 0 1 1 1]	[0 0 0 0 0 0]	[0 0 0 0 0 0]	[12]	[1 0 0 0 0 0 1 0 1]	[1 0 0 0 0 0 0 1 1]	[1 0 0 0 0 0]	[1 0 0 0 0 0]	[12]
13	0.31832078099250793	3.9124693870544434	1.7982478141784668	1.8007514476776123	0.11089906096458435	0.2025710940361023	False	[1 0 0 0 0 0 1 0 1]	[1 0 0 0 0 0 0 1 1]	[1 0 0 0 0 0]	[1 0 0 0 0 0]	[12]	[1 0 0 0 0 0 1 0 0]	[1 0 0 0 0 0 1 1 1]	[0 0 0 0 0 0]	[0 0 0 0 0 0]	[12]
13	0.29817327857017517	3.9178578853607178	1.7813472747802734	1.7662432193756104	0.13382990658283234	0.23643764853477478	False	[1 0 0 0 0 0 1 0 0]	[1 0 0 0 0 0 1 1 1]	[0 0 0 0 0 0]	[0 0 0 0 0 0]	[12]	[1 0 0 0 0 0 1 0 1]	[1 0 0 0 0 0 0 1 1]	[1 0 0 0 0 0]	[1 0 0 0 0 0]	[12]
13	0.25802573561668396	3.7518954277038574	1.702175498008728	1.7937997579574585	0.09404802322387695	0.16187208890914917	False	[1 0 0 0 0 0 1 0 1]	[1 0 0 0 0 0 0 1 1]	[1 0 0 0 0 0]	[1 0 0 0 0 0]	[12]	[1 0 0 0 0 0 1 0 0]	[1 0 0 0 0 0 1 1 1]	[0 0 0 0 0 0]	[0 0 0 0 0 0]	[12]
13	0.3192298710346222	3.967381238937378	1.8167033195495605	1.7623640298843384	0.14135797321796417	0.24695603549480438	False	[1 0 0 0 0 0 1 0 0]	[1 0 0 0 0 0 1 1 1]	[0 0 0 0 0 0]	[0 0 0 0 0 0]	[12]	[1 0 0 0 0 0 1 0 1]	[1 0 0 0 0 0 0 1 1]	[1 0 0 0 0 0]	[1 0 0 0 0 0]	[12]
13	0.30773070454597473	3.83616304397583	1.7524250745773315	1.763300895690918	0.11702214926481247	0.2034149169921875	False	[1 0 0 0 0 0 1 0 1]	[1 0 0 0 0 0 0 1 1]	[1 0 0 0 0 0]	[1 0 0 0 0 0]	[12]	[1 0 0 0 0 0 1 0 0]	[1 0 0 0 0 0 1 1 1]	[0 0 0 0 0 0]	[0 0 0 0 0 0]	[12]
13	0.3336278200149536	3.8194828033447266	1.738383173942566	1.765290379524231	0.11650721728801727	0.19930198788642883	False	[1 0 0 0 0 0 1 0 0]	[1 0 0 0 0 0 1 1 1]	[0 0 0 0 0 0]	[0 0 0 0 0 0]	[12]	[1 0 0 0 0 0 1 0 1]	[1 0 0 0 0 0 0 1 1]	[1 0 0 0 0 0]	[1 0 0 0 0 0]	[12]
13	0.2824236750602722	3.867706775665283	1.7878386974334717	1.772729516029358	0.11015686392784119	0.19698168337345123	False	[1 0 0 0 0 0 1 0 1]	[1 0 0 0 0 0 0 1 1]	[1 0 0 0 0 0]	[1 0 0 0 0 0]	[12]	[1 0 0 0 0 0 1 0 0]	[1 0 0 0 0 0 1 1 1]	[0 0 0 0 0 0]	[0 0 0 0 0 0]	[12]
13	0.3274117112159729	3.7609989643096924	1.709673523902893	1.7421172857284546	0.12221720814704895	0.1869908720254898	False	[1 0 0 0 0 0 1 0 0]	[1 0 0 0 0 0 1 1 1]	[0 0 0 0 0 0]	[0 0 0 0 0 0]	[12]	[1 0 0 0 0 0 1 0 1]	[1 0 0 0 0 0 0 1 1]	[1 0 0 0 0 0]	[1 0 0 0 0 0]	[12]
13	0.26468443870544434	3.938114643096924	1.8169593811035156	1.7685784101486206	0.12683436274528503	0.22574229538440704	False	[1 0 0 0 0 0 1 0 1]	[1 0 0 0 0 0 0 1 1]	[1 0 0 0 0 0]	[1 0 0 0 0 0]	[12]	[1 0 0 0 0 0 1 0 0]	[1 0 0 0 0 0 1 1 1]	[0 0 0 0 0 0]	[0 0 0 0 0 0]	[12]
13	0.3340943157672882	3.9310336112976074	1.7836835384368896	1.7846297025680542	0.1259358674287796	0.23678481578826904	False	[1 0 0 0 0 0 1 0 0]	[1 0 0 0 0 0 1 1 1]	[0 0 0 0 0 0]	[0 0 0 0 0 0]	[12]	[1 0 0 0 0 0 1 0 1]	[1 0 0 0 0 0 0 1 1]	[1 0 0 0 0 0]	[1 0 0 0 0 0]	[12]
13	0.2589348256587982	3.8615195751190186	1.771925687789917	1.8225884437561035	0.09806695580482483	0.16893845796585083	False	[1 0 0 0 0 0 1 0 1]	[1 0 0 0 0 0 0 1 1]	[1 0 0 0 0 0]	[1 0 0 0 0 0]	[12]	[1 0 0 0 0 0 1 0 0]	[1 0 0 0 0 0 1 1 1]	[0 0 0 0 0 0]	[0 0 0 0 0 0]	[12]
13	0.30058154463768005	3.788973331451416	1.7423155307769775	1.7785789966583252	0.10060057044029236	0.16747844219207764	False	[1 0 0 0 0 0 1 0 0]	[1 0 0 0 0 0 1 1 1]	[0 0 0 0 0 0]	[0 0 0 0 0 0]	[12]	[1 0 0 0 0 0 1 0 1]	[1 0 0 0 0 0 0 1 1]	[1 0 0 0 0 0]	[1 0 0 0 0 0]	[12]
13	0.22832079231739044	3.8589463233947754	1.7878637313842773	1.801332712173462	0.0966695100069046	0.1730804443359375	False	[1 0 0 0 0 0 1 0 1]	[1 0 0 0 0 0 0 1 1]	[1 0 0 0 0 0]	[1 0 0 0 0 0]	[12]	[1 0 0 0 0 0 1 0 0]	[1 0 0 0 0 0 1 1 1]	[0 0 0 0 0 0]	[0 0 0 0 0 0]	[12]
13	0.27286624908447266	3.842076063156128	1.7387275695800781	1.8050289154052734	0.11136801540851593	0.1869516223669052	False	[1 0 0 0 0 0 1 0 0]	[1 0 0 0 0 0 1 1 1]	[0 0 0 0 0 0]	[0 0 0 0 0 0]	[12]	[1 0 0 0 0 0 1 0 1]	[1 0 0 0 0 0 0 1 1]	[1 0 0 0 0 0]	[1 0 0 0 0 0]	[12]
13	0.2465026080608368	3.841489791870117	1.7650980949401855	1.7889457941055298	0.10168954730033875	0.18575644493103027	False	[1 0 0 0 0 0 1 0 1]	[1 0 0 0 0 0 0 1 1]	[1 0 0 0 0 0]	[1 0 0 0 0 0]	[12]	[1 0 0 0 0 0 1 0 0]	[1 0 0 0 0 0 1 1 1]	[0 0 0 0 0 0]	[0 0 0 0 0 0]	[12]
13	0.35180962085723877	3.82266902923584	1.712977409362793	1.7655333280563354	0.12300675362348557	0.2211514562368393	False	[1 0 0 0 0 0 1 0 0]	[1 0 0 0 0 0 1 1 1]	[0 0 0 0 0 0]	[0 0 0 0 0 0]	[12]	[1 0 0 0 0 0 1 0 1]	[1 0 0 0 0 0 0 1 1]	[1 0 0 0 0 0]	[1 0 0 0 0 0]	[12]
13	0.29195716977119446	3.9530186653137207	1.806088924407959	1.790839672088623	0.11948897689580917	0.2366010844707489	False	[1 0 0 0 0 0 1 0 1]	[1 0 0 0 0 0 0 1 1]	[1 0 0 0 0 0]	[1 0 0 0 0 0]	[12]	[1 0 0 0 0 0 1 0 0]	[1 0 0 0 0 0 1 1 1]	[0 0 0 0 0 0]	[0 0 0 0 0 0]	[12]
13	0.34362781047821045	3.9019689559936523	1.8028812408447266	1.7692621946334839	0.12082833051681519	0.20899701118469238	False	[1 0 0 0 0 0 1 0 0]	[1 0 0 0 0 0 1 1 1]	[0 0 0 0 0 0]	[0 0 0 0 0 0]	[12]	[1 0 0 0 0 0 1 0 1]	[1 0 0 0 0 0 0 1 1]	[1 0 0 0 0 0]	[1 0 0 0 0 0]	[12]
13	0.24559351801872253	3.902149200439453	1.7747007608413696	1.8101645708084106	0.10604584217071533	0.2112378478050232	False	[1 0 0 0 0 0 1 0 1]	[1 0 0 0 0 0 0 1 1]	[1 0 0 0 0 0]	[1 0 0 0 0 0]	[12]	[1 0 0 0 0 0 1 0 0]	[1 0 0 0 0 0 1 1 1]	[0 0 0 0 0 0]	[0 0 0 0 0 0]	[12]
14	-1.0	6.084497451782227	1.9687716960906982	2.0066092014312744	1.3639355897903442	0.7451812028884888	False	[1 0 0 1 0 0 0 0 0]	[0 0 0 0 0 0 0 0 0]	[0 1 0 0 0 1]	[0 1 0 0 0 0]	[0]	[1 0 0 1 0 0 0 0 0]	[0 1 0 0 0 0 0 0 0]	[0 0 0 0 0 1]	[0 1 0 0 0 0]	[0]
14	-0.5	6.861216068267822	2.060452461242676	2.129106283187866	1.4042816162109375	1.2673753499984741	False	[1 0 0 1 0 0 0 0 0]	[0 1 0 0 0 0 0 0 0]	[0 0 0 0 0 1]	[0 1 0 0 0 0]	[0]	[1 0 0 1 0 0 0 1 0]	[0 0 0 0 0 0 0 0 0]	[0 0 0 0 1 1]	[0 1 0 0 1 0]	[4]
14	-1.0	7.264305114746094	1.9798057079315186	2.1074395179748535	1.7081588506698608	1.4689009189605713	False	[1 0 0 1 0 0 0 1 0]	[0 0 0 0 0 0 0 0 0]	[0 0 0 0 1 1]	[0 1 0 0 1 0]	[4]	[1 0 0 1 0 0 0 0 0]	[0 0 0 0 0 0 1 0 0]	[0 0 1 0 1 1]	[0 1 0 1 1 0]	[0]
14	-1.0	6.277093887329102	2.03995418548584	2.0082550048828125	1.5676902532577515	0.6611940860748291	False	[1 0 0 1 0 0 0 0 0]	[0 0 0 0 0 0 1 0 0]	[0 0 1 0 1 1]	[0 1 0 1 1 0]	[0]	[1 0 0 1 0 0 0 0 0]	[0 1 0 0 0 0 1 0 0]	[0 1 1 0 1 1]	[0 1 0 1 1 0]	[0]
14	0.20060548186302185	5.392864227294922	1.979282259941101	2.0190446376800537	0.8263790011405945	0.5681588053703308	False	[1 0 0 1 0 0 0 0 0]	[0 1 0 0 0 0 1 0 0]	[0 1 1 0 1 1]	[0 1 0 1 1 0]	[0]	[1 0 0 1 0 0 0 0 0]	[0 0 0 0 0 0 1 0 0]	[0 1 1 0 1 1]	[0 1 0 1 1 0]	[24]
14	0.4154220521450043	4.390317440032959	2.090867519378662	2.0794143676757812	0.14023451507091522	0.07980123907327652	False	[1 0 0 1 0 0 0 0 0]	[0 0 0 0 0 0 1 0 0]	[0 1 1 0 1 1]	[0 1 0 1 1 0]	[24]	[1 1 0 1 0 0 0 0 0]	[1 0 0 0 0 0 1 0 0]	[1 1 1 0 1 1]	[1 1 0 1 1 0]	[8]
14	0.22274266183376312	4.422112941741943	2.104233503341675	2.100486993789673	0.1294795274734497	0.08791304379701614	False	[1 1 0 1 0 0 0 0 0]	[1 0 0 0 0 0 1 0 0]	[1 1 1 0 1 1]	[1 1 0 1 1 0]	[8]	[1 0 0 1 0 0 0 0 0]	[0 0 0 0 0 0 1 0 0]	[0 1 1 0 1 1]	[0 1 0 1 1 0]	[24]
14	0.451785683631897	4.470463752746582	2.1097187995910645	2.075435161590576	0.1704448163509369	0.11486493051052094	False	[1 0 0 1 0 0 0 0 0]	[0 0 0 0 0 0 1 0 0]	[0 1 1 0 1 1]	[0 1 0 1 1 0]	[24]	[1 1 0 1 0 0 0 0 0]	[1 0 0 0 0 0 1 0 0]	[1 1 1 0 1 1]	[1 1 0 1 1 0]	[8]
14	0.20969639718532562	4.498353958129883	2.1047990322113037	2.069286346435547	0.1500120908021927	0.1742561310529709	False	[1 1 0 1 0 0 0 0 0]	[1 0 0 0 0 0 1 0 0]	[1 1 1 0 1 1]	[1 1 0 1 1 0]	[8]	[1 0 0 1 0 0 0 0 0]	[0 0 0 0 0 0 1 0 0]	[0 1 1 0 1 1]	[0 1 0 1 1 0]	[24]
14	0.08466235548257828	4.397475719451904	2.0885679721832275	2.0950026512145996	0.14447543025016785	0.06942954659461975	False	[1 0 0 1 0 0 0 0 0]	[0 0 0 0 0 0 1 0 0]	[0 1 1 0 1 1]	[0 1 0 1 1 0]	[24]	[1 1 0 1 0 0 0 0 0]	[0 0 0 0 0 0 0 0 0]	[1 1 1 0 1 1]	[1 1 0 1 1 0]	[8]
14	0.38193321228027344	4.612253665924072	2.115635871887207	2.120648145675659	0.24587197601795197	0.13009749352931976	False	[1 1 0 1 0 0 0 0 0]	[0 0 0 0 0 0 0 0 0]	[1 1 1 0 1 1]	[1 1 0 1 1 0]	[8]	[1 1 0 1 0 0 0 0 1]	[0 0 0 0 0 0 1 0 0]	[0 1 1 0 1 1]	[0 1 0 1 1 0]	[8]
14	0.35800179839134216	4.3820648193359375	2.013131618499756	2.057020664215088	0.16164392232894897	0.1502685397863388	False	[1 1 0 1 0 0 0 0 1]	[0 0 0 0 0 0 1 0 0]	[0 1 1 0 1 1]	[0 1 0 1 1 0]	[8]	[1 0 0 1 0 0 0 0 1]	[0 0 0 0 0 1 1 0 0]	[1 1 1 0 1 1]	[1 1 0 1 1 0]	[8]
14	0.2972402274608612	4.359318733215332	2.043574571609497	2.0755488872528076	0.16528716683387756	0.0749080702662468	False	[1 0 0 1 0 0 0 0 1]	[0 0 0 0 0 1 1 0 0]	[1 1 1 0 1 1]	[1 1 0 1 1 0]	[8]	[1 1 0 1 0 0 0 0 1]	[1 0 0 0 0 1 1 0 0]	[0 1 1 0 1 1]	[0 1 0 1 1 0]	[8]
14	0.4005815386772156	4.245863437652588	1.9740227460861206	2.064345121383667	0.14386670291423798	0.06362928450107574	False	[1 1 0 1 0 0 0 0 1]	[1 0 0 0 0 1 1 0 0]	[0 1 1 0 1 1]	[0 1 0 1 1 0]	[8]	[1 0 0 1 0 0 0 0 1]	[0 0 0 0 0 1 1 0 0]	[1 1 1 0 1 1]	[1 1 0 1 1 0]	[8]
14	0.28814932703971863	4.350255012512207	2.0468170642852783	2.080507516860962	0.1500234156847	0.0729069709777832	False	[1 0 0 1 0 0 0 0 1]	[0 0 0 0 0 1 1 0 0]	[1 1 1 0 1 1]	[1 1 0 1 1 0]	[8]	[1 1 0 1 0 0 0 0 1]	[1 0 0 0 0 1 1 0 0]	[0 1 1 0 1 1]	[0 1 0 1 1 0]	[8]
14	0.36087659001350403	4.228546619415283	1.9794261455535889	2.064974069595337	0.1255412995815277	0.05860535800457001	False	[1 1 0 1 0 0 0 0 1]	[1 0 0 0 0 1 1 0 0]	[0 1 1 0 1 1]	[0 1 0 1 1 0]	[8]	[1 0 0 1 0 0 0 0 1]	[0 0 0 0 0 1 1 0 0]	[1 1 1 0 1 1]	[1 1 0 1 1 0]	[8]
14	0.2972402274608612	4.423098564147949	2.0576536655426025	2.064138412475586	0.19996608793735504	0.10134053230285645	False	[1 0 0 1 0 0 0 0 1]	[0 0 0 0 0 1 1 0 0]	[1 1 1 0 1 1]	[1 1 0 1 1 0]	[8]	[1 1 0 1 0 0 0 0 1]	[1 0 0 0 0 1 1 0 0]	[0 1 1 0 1 1]	[0 1 0 1 1 0]	[8]
14	0.3336038589477539	4.328103065490723	2.0087997913360596	2.056560754776001	0.17765885591506958	0.08508363366127014	False	[1 1 0 1 0 0 0 0 1]	[1 0 0 0 0 1 1 0 0]	[0 1 1 0 1 1]	[0 1 0 1 1 0]	[8]	[1 0 0 1 0 0 0 0 1]	[0 0 0 0 0 1 1 0 0]	[1 1 1 0 1 1]	[1 1 0 1 1 0]	[8]
14	0.2914906442165375	4.380978107452393	2.068305492401123	2.0620274543762207	0.1601240336894989	0.09052121639251709	False	[1 0 0 1 0 0 0 0 1]	[0 0 0 0 0 1 1 0 0]	[1 1 1 0 1 1]	[1 1 0 1 1 0]	[8]	[1 1 0 1 0 0 0 0 1]	[1 0 0 0 0 1 1 0 0]	[0 1 1 0 1 1]	[0 1 0 1 1 0]	[8]
14	0.33694517612457275	4.267113208770752	1.989330530166626	2.0627198219299316	0.1447070837020874	0.07035552710294724	False	[1 1 0 1 0 0 0 0 1]	[1 0 0 0 0 1 1 0 0]	[0 1 1 0 1 1]	[0 1 0 1 1 0]	[8]	[1 0 0 1 0 0 0 0 1]	[0 0 0 0 0 1 1 0 0]	[1 1 1 0 1 1]	[1 1 0 1 1 0]	[8]
14	0.32360386848449707	4.3666462898254395	2.0562849044799805	2.0674595832824707	0.16494429111480713	0.0779576450586319	False	[1 0 0 1 0 0 0 0 1]	[0 0 0 0 0 1 1 0 0]	[1 1 1 0 1 1]	[1 1 0 1 1 0]	[8]	[1 1 0 1 0 0 0 0 1]	[1 0 0 0 0 1 1 0 0]	[0 1 1 0 1 1]	[0 1 0 1 1 0]	[8]
14	0.27905842661857605	4.225920677185059	1.966443657875061	2.0580949783325195	0.138448566198349	0.06293334066867828	False	[1 1 0 1 0 0 0 0 1]	[1 0 0 0 0 1 1 0 0]	[0 1 1 0 1 1]	[0 1 0 1 1 0]	[8]	[1 0 0 1 0 0 0 0 1]	[0 0 0 0 0 1 1 0 0]	[1 1 1 0 1 1]	[1 1 0 1 1 0]	[8]
14	0.2670927047729492	4.42156982421875	2.077212333679199	2.062265634536743	0.18097251653671265	0.1011195182800293	False	[1 0 0 1 0 0 0 0 1]	[0 0 0 0 0 1 1 0 0]	[1 1 1 0 1 1]	[1 1 0 1 1 0]	[8]	[1 1 0 1 0 0 0 0 1]	[1 0 0 0 0 1 1 0 0]	[0 1 1 0 1 1]	[0 1 0 1 1 0]	[8]
14	0.3336038589477539	4.305241584777832	2.0075252056121826	2.04712176322937	0.16039586067199707	0.09019862115383148	False	[1 1 0 1 0 0 0 0 1]	[1 0 0 0 0 1 1 0 0]	[0 1 1 0 1 1]	[0 1 0 1 1 0]	[8]	[1 0 0 1 0 0 0 0 1]	[0 0 0 0 0 1 1 0 0]	[1 1 1 0 1 1]	[1 1 0 1 1 0]	[8]
14	0.2699674963951111	4.365365982055664	2.068507671356201	2.076751947402954	0.145693838596344	0.07441234588623047	False	[1 0 0 1 0 0 0 0 1]	[0 0 0 0 0 1 1 0 0]	[1 1 1 0 1 1]	[1 1 0 1 1 0]	[8]	[1 1 0 1 0 0 0 0 1]	[1 0 0 0 0 1 1 0 0]	[0 1 1 0 1 1]	[0 1 0 1 1 0]	[8]
14	0.3546604812145233	4.270481586456299	1.9996814727783203	2.0642287731170654	0.13102085888385773	0.07554985582828522	False	[1 1 0 1 0 0 0 0 1]	[1 0 0 0 0 1 1 0 0]	[0 1 1 0 1 1]	[0 1 0 1 1 0]	[8]	[1 0 0 1 0 0 0 0 1]	[0 0 0 0 0 1 1 0 0]	[1 1 1 0 1 1]	[1 1 0 1 1 0]	[8]
14	0.26421791315078735	4.352624416351318	2.075676441192627	2.065645217895508	0.12844201922416687	0.08286092430353165	False	[1 0 0 1 0 0 0 0 1]	[0 0 0 0 0 1 1 0 0]	[1 1 1 0 1 1]	[1 1 0 1 1 0]	[8]	[1 1 0 1 0 0 0 0 1]	[1 0 0 0 0 1 1 0 0]	[0 1 1 0 1 1]	[0 1 0 1 1 0]	[8]
14	0.33647868037223816	4.289925575256348	1.9951226711273193	2.0512373447418213	0.16402912139892578	0.07953623682260513	False	[1 1 0 1 0 0 0 0 1]	[1 0 0 0 0 1 1 0 0]	[0 1 1 0 1 1]	[0 1 0 1 1 0]	[8]	[1 0 0 1 0 0 0 0 1]	[0 0 0 0 0 1 1 0 0]	[1 1 1 0 1 1]	[1 1 0 1 1 0]	[8]
14	0.3278542757034302	4.3572540283203125	2.0515763759613037	2.0635409355163574	0.16204875707626343	0.08008792251348495	False	[1 0 0 1 0 0 0 0 1]	[0 0 0 0 0 1 1 0 0]	[1 1 1 0 1 1]	[1 1 0 1 1 0]	[8]	[1 1 0 1 0 0 0 0 1]	[1 0 0 0 0 1 1 0 0]	[0 1 1 0 1 1]	[0 1 0 1 1 0]	[8]
14	0.34556958079338074	4.256932735443115	1.993103265762329	2.067720413208008	0.13015303015708923	0.06595634669065475	False	[1 1 0 1 0 0 0 0 1]	[1 0 0 0 0 1 1 0 0]	[0 1 1 0 1 1]	[0 1 0 1 1 0]	[8]	[1 0 0 1 0 0 0 0 1]	[0 0 0 0 0 1 1 0 0]	[1 1 1 0 1 1]	[1 1 0 1 1 0]	[8]
15	0.4699675142765045	5.056242942810059	1.5594980716705322	1.8638417720794678	1.2351713180541992	0.3977316915988922	False	[0 0 0 0 0 0 1 0 1]	[0 0 0 0 0 0 0 0 0]	[0 0 0 1 0 1]	[1 0 0 0 0 0]	[0]	[0 0 0 0 0 0 1 0 1]	[0 0 0 0 1 0 0 0 0]	[0 1 0 1 0 1]	[1 0 0 0 0 0]	[8]
15	-0.5	6.341917514801025	1.8381105661392212	1.7634931802749634	1.5666860342025757	1.1736277341842651	False	[0 0 0 0 0 0 1 0 1]	[0 0 0 0 1 0 0 0 0]	[0 1 0 1 0 1]	[1 0 0 0 0 0]	[8]	[0 0 0 0 0 0 0 0 1]	[0 0 0 0 0 0 0 0 0]	[0 0 0 1 0 1]	[0 0 0 0 0 0]	[4]
15	0.44556957483291626	6.163516044616699	1.9530367851257324	1.8181722164154053	1.1681106090545654	1.224196434020996	False	[0 0 0 0 0 0 0 0 1]	[0 0 0 0 0 0 0 0 0]	[0 0 0 1 0 1]	[0 0 0 0 0 0]	[4]	[0 0 0 0 0 1 0 0 1]	[0 0 0 0 1 0 0 0 0]	[0 1 0 1 0 1]	[1 0 0 0 0 0]	[8]
15	0.4728423058986664	6.824053764343262	1.986029028892517	2.1463935375213623	1.6642378568649292	1.0273932218551636	False	[0 0 0 0 0 1 0 0 1]	[0 0 0 0 1 0 0 0 0]	[0 1 0 1 0 1]	[1 0 0 0 0 0]	[8]	[0 0 1 0 0 1 0 0 1]	[1 0 0 0 1 0 0 0 0]	[1 1 0 1 0 1]	[0 0 0 0 0 0]	[8]
15	-1.0	6.126886367797852	1.9834785461425781	2.0086557865142822	1.6080832481384277	0.5266684889793396	False	[0 0 1 0 0 1 0 0 1]	[1 0 0 0 1 0 0 0 0]	[1 1 0 1 0 1]	[0 0 0 0 0 0]	[8]	[0 0 1 0 0 1 0 0 0]	[1 0 0 0 1 0 1 0 0]	[1 1 0 1 1 1]	[1 0 0 0 0 0]	[0]
15	-1.0	5.568994998931885	1.7645398378372192	1.977317452430725	1.5580649375915527	0.2690730690956116	False	[0 0 1 0 0 1 0 0 0]	[1 0 0 0 1 0 1 0 0]	[1 1 0 1 1 1]	[1 0 0 0 0 0]	[0]	[0 0 1 0 0 1 0 0 0]	[1 0 0 0 0 0 1 0 0]	[1 1 0 1 0 1]	[1 0 0 0 0 0]	[0]
15	-1.0	6.325653553009033	1.7922168970108032	2.0515549182891846	1.3304367065429688	1.1514450311660767	False	[0 0 1 0 0 1 0 0 0]	[1 0 0 0 0 0 1 0 0]	[1 1 0 1 0 1]	[1 0 0 0 0 0]	[0]	[0 0 1 0 0 1 0 0 0]	[1 0 0 0 1 0 1 0 0]	[1 0 0 1 0 1]	[1 0 0 0 0 0]	[0]
15	-1.0	4.491342544555664	1.1788954734802246	1.5741256475448608	1.5274349451065063	0.21088629961013794	False	[0 0 1 0 0 1 0 0 0]	[1 0 0 0 1 0 1 0 0]	[1 0 0 1 0 1]	[1 0 0 0 0 0]	[0]	[0 0 1 0 0 1 0 0 0]	[1 0 0 0 0 0 1 0 0]	[1 0 0 1 0 1]	[1 0 0 0 0 0]	[0]
15	-0.75	4.855228424072266	1.0321413278579712	1.7025771141052246	1.468161702156067	0.6523483395576477	False	[0 0 1 0 0 1 0 0 0]	[1 0 0 0 0 0 1 0 0]	[1 0 0 1 0 1]	[1 0 0 0 0 0]	[0]	[0 0 1 0 0 1 0 0 0]	[1 0 0 0 1 0 1 0 0]	[1 1 0 1 0 1]	[1 0 0 0 0 0]	[2]
15	0.4154459834098816	6.73326301574707	1.9444551467895508	1.9320586919784546	1.512710452079773	1.3440382480621338	False	[0 0 1 0 0 1 0 0 0]	[1 0 0 0 1 0 1 0 0]	[1 1 0 1 0 1]	[1 0 0 0 0 0]	[2]	[0 0 1 0 0 1 1 0 0]	[1 0 0 0 0 0 1 0 0]	[1 0 0 1 0 1]	[1 0 1 0 0 0]	[12]
15	-0.5	6.0423264503479	1.843029260635376	1.7727922201156616	1.506920576095581	0.9195847511291504	False	[0 0 1 0 0 1 1 0 0]	[1 0 0 0 0 0 1 0 0]	[1 0 0 1 0 1]	[1 0 1 0 0 0]	[12]	[0 0 1 0 0 1 0 0 0]	[1 0 0 0 1 0 1 0 0]	[0 0 0 1 0 1]	[1 0 1 0 1 0]	[4]
15	-0.25	6.110408782958984	1.8933629989624023	1.9500110149383545	1.5168402194976807	0.7501945495605469	False	[0 0 1 0 0 1 0 0 0]	[1 0 0 0 1 0 1 0 0]	[0 0 0 1 0 1]	[1 0 1 0 1 0]	[4]	[0 0 1 0 0 1 1 0 0]	[1 0 0 0 0 0 1 0 0]	[0 1 0 1 0 1]	[1 0 1 0 0 0]	[6]
15	-0.5	6.239506721496582	1.8186357021331787	2.0434436798095703	1.5301884412765503	0.8472389578819275	False	[0 0 1 0 0 1 1 0 0]	[1 0 0 0 0 0 1 0 0]	[0 1 0 1 0 1]	[1 0 1 0 0 0]	[6]	[0 0 1 0 0 1 0 0 0]	[1 0 0 0 1 0 1 0 0]	[0 0 0 1 0 1]	[1 0 1 0 1 0]	[4]
15	-0.25	6.057455539703369	1.8970210552215576	1.9348886013031006	1.4858202934265137	0.739725649356842	False	[0 0 1 0 0 1 0 0 0]	[1 0 0 0 1 0 1 0 0]	[0 0 0 1 0 1]	[1 0 1 0 1 0]	[4]	[0 0 1 0 0 1 1 0 0]	[1 0 0 0 0 0 1 0 0]	[0 1 0 1 0 1]	[1 0 1 0 0 0]	[6]
15	-0.5	6.298583030700684	1.8494508266448975	2.0528388023376465	1.5247411727905273	0.8715525269508362	False	[0 0 1 0 0 1 1 0 0]	[1 0 0 0 0 0 1 0 0]	[0 1 0 1 0 1]	[1 0 1 0 0 0]	[6]	[0 0 1 0 0 1 0 0 0]	[1 0 0 0 1 0 1 0 0]	[0 0 0 1 0 1]	[1 0 1 0 1 0]	[4]
15	-0.25	6.013847827911377	1.8668911457061768	1.8900892734527588	1.5071464776992798	0.7497208714485168	False	[0 0 1 0 0 1 0 0 0]	[1 0 0 0 1 0 1 0 0]	[0 0 0 1 0 1]	[1 0 1 0 1 0]	[4]	[0 0 1 0 0 1 1 0 0]	[1 0 0 0 0 0 1 0 0]	[0 1 0 1 0 1]	[1 0 1 0 0 0]	[6]
15	-0.5	6.065572738647461	1.8240950107574463	1.993744969367981	1.461475133895874	0.7862576842308044	False	[0 0 1 0 0 1 1 0 0]	[1 0 0 0 0 0 1 0 0]	[0 1 0 1 0 1]	[1 0 1 0 0 0]	[6]	[0 0 1 0 0 1 0 0 0]	[1 0 0 0 1 0 1 0 0]	[0 0 0 1 0 1]	[1 0 1 0 1 0]	[4]
15	-0.25	6.144794464111328	1.873223066329956	1.966930866241455	1.5422536134719849	0.7623869776725769	False	[0 0 1 0 0 1 0 0 0]	[1 0 0 0 1 0 1 0 0]	[0 0 0 1 0 1]	[1 0 1 0 1 0]	[4]	[0 0 1 0 0 1 1 0 0]	[1 0 0 0 0 0 1 0 0]	[0 1 0 1 0 1]	[1 0 1 0 0 0]	[6]
15	-0.5	6.230935573577881	1.861009955406189	2.0392963886260986	1.4945329427719116	0.836096465587616	False	[0 0 1 0 0 1 1 0 0]	[1 0 0 0 0 0 1 0 0]	[0 1 0 1 0 1]	[1 0 1 0 0 0]	[6]	[0 0 1 0 0 1 0 0 0]	[1 0 0 0 1 0 1 0 0]	[0 0 0 1 0 1]	[1 0 1 0 1 0]	[4]
15	-0.25	6.084234237670898	1.891060471534729	1.9304776191711426	1.5036863088607788	0.759009838104248	False	[0 0 1 0 0 1 0 0 0]	[1 0 0 0 1 0 1 0 0]	[0 0 0 1 0 1]	[1 0 1 0 1 0]	[4]	[0 0 1 0 0 1 1 0 0]	[1 0 0 0 0 0 1 0 0]	[0 1 0 1 0 1]	[1 0 1 0 0 0]	[6]
15	-0.5	6.332963466644287	1.8829716444015503	2.07045841217041	1.4954770803451538	0.8840560913085938	False	[0 0 1 0 0 1 1 0 0]	[1 0 0 0 0 0 1 0 0]	[0 1 0 1 0 1]	[1 0 1 0 0 0]	[6]	[0 0 1 0 0 1 0 0 0]	[1 0 0 0 1 0 1 0 0]	[0 0 0 1 0 1]	[1 0 1 0 1 0]	[4]
15	-0.25	6.041011810302734	1.8494170904159546	1.9117324352264404	1.5230125188827515	0.7568495869636536	False	[0 0 1 0 0 1 0 0 0]	[1 0 0 0 1 0 1 0 0]	[0 0 0 1 0 1]	[1 0 1 0 1 0]	[4]	[0 0 1 0 0 1 1 0 0]	[1 0 0 0 0 0 1 0 0]	[0 1 0 1 0 1]	[1 0 1 0 0 0]	[6]
15	-0.5	6.2552056312561035	1.8676563501358032	2.0559327602386475	1.5065735578536987	0.8250426054000854	False	[0 0 1 0 0 1 1 0 0]	[1 0 0 0 0 0 1 0 0]	[0 1 0 1 0 1]	[1 0 1 0 0 0]	[6]	[0 0 1 0 0 1 0 0 0]	[1 0 0 0 1 0 1 0 0]	[0 0 0 1 0 1]	[1 0 1 0 1 0]	[4]
15	-0.25	6.063536643981934	1.892736792564392	1.9145138263702393	1.5226716995239258	0.7336146235466003	False	[0 0 1 0 0 1 0 0 0]	[1 0 0 0 1 0 1 0 0]	[0 0 0 1 0 1]	[1 0 1 0 1 0]	[4]	[0 0 1 0 0 1 1 0 0]	[1 0 0 0 0 0 1 0 0]	[0 1 0 1 0 1]	[1 0 1 0 0 0]	[6]
15	-0.5	6.239781856536865	1.8636457920074463	2.0410315990448	1.5010000467300415	0.834104597568512	False	[0 0 1 0 0 1 1 0 0]	[1 0 0 0 0 0 1 0 0]	[0 1 0 1 0 1]	[1 0 1 0 0 0]	[6]	[0 0 1 0 0 1 0 0 0]	[1 0 0 0 1 0 1 0 0]	[0 0 0 1 0 1]	[1 0 1 0 1 0]	[4]
15	-0.25	6.045708656311035	1.8644951581954956	1.9193447828292847	1.5166289806365967	0.7452394962310791	False	[0 0 1 0 0 1 0 0 0]	[1 0 0 0 1 0 1 0 0]	[0 0 0 1 0 1]	[1 0 1 0 1 0]	[4]	[0 0 1 0 0 1 1 0 0]	[1 0 0 0 0 0 1 0 0]	[0 1 0 1 0 1]	[1 0 1 0 0 0]	[6]
15	-0.5	6.274051666259766	1.859164834022522	2.0550179481506348	1.4975359439849854	0.8623331189155579	False	[0 0 1 0 0 1 1 0 0]	[1 0 0 0 0 0 1 0 0]	[0 1 0 1 0 1]	[1 0 1 0 0 0]	[6]	[0 0 1 0 0 1 0 0 0]	[1 0 0 0 1 0 1 0 0]	[0 0 0 1 0 1]	[1 0 1 0 1 0]	[4]
15	-0.25	6.063746929168701	1.8799687623977661	1.9297683238983154	1.519637107849121	0.7343724370002747	False	[0 0 1 0 0 1 0 0 0]	[1 0 0 0 1 0 1 0 0]	[0 0 0 1 0 1]	[1 0 1 0 1 0]	[4]	[0 0 1 0 0 1 1 0 0]	[1 0 0 0 0 0 1 0 0]	[0 1 0 1 0 1]	[1 0 1 0 0 0]	[6]
15	-0.5	6.261162757873535	1.8910638093948364	2.050145149230957	1.47453773021698	0.8454160094261169	False	[0 0 1 0 0 1 1 0 0]	[1 0 0 0 0 0 1 0 0]	[0 1 0 1 0 1]	[1 0 1 0 0 0]	[6]	[0 0 1 0 0 1 0 0 0]	[1 0 0 0 1 0 1 0 0]	[0 0 0 1 0 1]	[1 0 1 0 1 0]	[4]
15	-0.25	6.074848651885986	1.8878209590911865	1.9331152439117432	1.5098942518234253	0.7440179586410522	False	[0 0 1 0 0 1 0 0 0]	[1 0 0 0 1 0 1 0 0]	[0 0 0 1 0 1]	[1 0 1 0 1 0]	[4]	[0 0 1 0 0 1 1 0 0]	[1 0 0 0 0 0 1 0 0]	[0 1 0 1 0 1]	[1 0 1 0 0 0]	[6]
16	-1.0	6.3395562171936035	1.5614585876464844	2.034698247909546	1.322465181350708	1.4209343194961548	False	[0 0 0 0 0 0 0 0 0]	[0 0 0 0 0 1 0 0 0]	[0 0 0 0 0 1]	[0 0 1 0 1 1]	[0]	[0 0 0 0 0 0 0 0 0]	[0 0 0 1 0 1 0 0 0]	[0 0 0 0 1 1]	[0 0 1 0 1 1]	[0]
16	-1.0	6.875144004821777	1.9489504098892212	1.97434663772583	1.353764533996582	1.598082423210144	False	[0 0 0 0 0 0 0 0 0]	[0 0 0 1 0 1 0 0 0]	[0 0 0 0 1 1]	[0 0 1 0 1 1]	[0]	[0 0 0 0 0 0 0 0 0]	[0 0 0 0 0 1 0 0 0]	[0 0 1 0 1 1]	[0 0 0 0 1 1]	[0]
16	-0.75	7.092807769775391	1.9492000341415405	2.02492618560791	1.4912104606628418	1.6274707317352295	False	[0 0 0 0 0 0 0 0 0]	[0 0 0 0 0 1 0 0 0]	[0 0 1 0 1 1]	[0 0 0 0 1 1]	[0]	[0 0 0 0 0 0 0 0 0]	[0 0 0 1 0 1 0 0 0]	[0 0 0 0 1 1]	[0 0 0 0 1 1]	[2]
16	-0.25	6.99849796295166	2.0058329105377197	2.073700189590454	1.4564800262451172	1.4624847173690796	False	[0 0 0 0 0 0 0 0 0]	[0 0 0 1 0 1 0 0 0]	[0 0 0 0 1 1]	[0 0 0 0 1 1]	[2]	[0 0 0 0 0 0 0 1 0]	[0 0 0 0 0 1 0 0 0]	[0 0 1 0 1 1]	[0 0 0 0 0 1]	[6]
16	-0.25	6.21699333190918	1.9519999027252197	1.6680717468261719	1.1589263677597046	1.437995433807373	False	[0 0 0 0 0 0 0 1 0]	[0 0 0 0 0 1 0 0 0]	[0 0 1 0 1 1]	[0 0 0 0 0 1]	[6]	[0 0 0 0 0 0 0 0 0]	[0 0 0 1 0 1 0 0 0]	[0 0 1 0 0 1]	[0 0 1 0 0 1]	[6]
16	0.40542206168174744	5.592929840087891	2.1037755012512207	2.1118550300598145	0.6111198663711548	0.7661798000335693	False	[0 0 0 0 0 0 0 0 0]	[0 0 0 1 0 1 0 0 0]	[0 0 1 0 0 1]	[0 0 1 0 0 1]	[6]	[0 0 0 0 0 0 0 1 0]	[0 0 0 1 0 0 0 0 0]	[0 0 1 1 0 1]	[0 0 1 1 0 1]	[8]
16	0.2766501307487488	4.598576545715332	2.1572422981262207	2.14560866355896	0.21247242391109467	0.08325348794460297	False	[0 0 0 0 0 0 0 1 0]	[0 0 0 1 0 0 0 0 0]	[0 0 1 1 0 1]	[0 0 1 1 0 1]	[8]	[0 0 0 0 0 0 1 1 0]	[0 0 0 1 1 0 0 0 0]	[1 0 1 1 0 1]	[1 0 1 1 0 1]	[8]
16	0.3336038589477539	4.940718650817871	2.103001117706299	2.1112375259399414	0.39487791061401367	0.3316020369529724	False	[0 0 0 0 0 0 1 1 0]	[0 0 0 1 1 0 0 0 0]	[1 0 1 1 0 1]	[1 0 1 1 0 1]	[8]	[0 0 0 0 0 0 1 1 1]	[0 1 0 1 1 0 0 0 0]	[0 0 1 1 0 1]	[0 0 1 1 0 1]	[8]
16	0.22832079231739044	4.642798900604248	2.1616933345794678	2.154261350631714	0.20863290131092072	0.11821144819259644	False	[0 0 0 0 0 0 1 1 1]	[0 1 0 1 1 0 0 0 0]	[0 0 1 1 0 1]	[0 0 1 1 0 1]	[8]	[0 0 0 0 0 0 1 1 0]	[0 1 1 1 1 0 0 0 0]	[1 0 1 1 0 1]	[1 0 1 1 0 1]	[8]
16	0.22878730297088623	5.123739719390869	2.103102684020996	2.141690492630005	0.46385011076927185	0.4150967597961426	False	[0 0 0 0 0 0 1 1 0]	[0 1 1 1 1 0 0 0 0]	[1 0 1 1 0 1]	[1 0 1 1 0 1]	[8]	[0 0 0 0 0 0 1 1 1]	[0 1 1 1 1 1 0 0 0]	[0 0 1 1 0 1]	[0 0 1 1 0 1]	[8]
16	0.23028649389743805	4.800131320953369	2.170172929763794	2.154458522796631	0.24794365465641022	0.2275557816028595	False	[0 0 0 0 0 0 1 1 1]	[0 1 1 1 1 1 0 0 0]	[0 0 1 1 0 1]	[0 0 1 1 0 1]	[8]	[0 0 0 0 0 1 1 1 1]	[0 1 0 1 1 1 0 0 0]	[1 0 1 1 0 1]	[1 0 1 1 0 1]	[8]
16	0.2914906442165375	4.8426432609558105	2.024535894393921	2.1330111026763916	0.41910237073898315	0.2659940719604492	False	[0 0 0 0 0 1 1 1 1]	[0 1 0 1 1 1 0 0 0]	[1 0 1 1 0 1]	[1 0 1 1 0 1]	[8]	[0 0 0 0 0 1 1 1 0]	[0 1 0 1 1 0 0 0 0]	[0 0 1 1 0 1]	[0 0 1 1 0 1]	[8]
16	0.32210469245910645	4.698609828948975	2.146564483642578	2.1577677726745605	0.19957076013088226	0.19470679759979248	False	[0 0 0 0 0 1 1 1 0]	[0 1 0 1 1 0 0 0 0]	[0 0 1 1 0 1]	[0 0 1 1 0 1]	[8]	[0 0 0 0 0 0 1 1 0]	[0 1 0 1 1 0 1 0 0]	[1 0 1 1 0 1]	[1 0 1 1 0 1]	[8]
16	0.2695249319076538	4.88987922668457	2.087109088897705	2.1227469444274902	0.3736960291862488	0.3063275218009949	False	[0 0 0 0 0 0 1 1 0]	[0 1 0 1 1 0 1 0 0]	[1 0 1 1 0 1]	[1 0 1 1 0 1]	[8]	[0 0 0 0 0 0 1 1 1]	[0 1 0 1 1 1 1 0 0]	[0 0 1 1 0 1]	[0 0 1 1 0 1]	[8]
16	0.22407038509845734	4.8268513679504395	2.1513352394104004	2.1531989574432373	0.31414616107940674	0.208171546459198	False	[0 0 0 0 0 0 1 1 1]	[0 1 0 1 1 1 1 0 0]	[0 0 1 1 0 1]	[0 0 1 1 0 1]	[8]	[0 0 0 0 0 0 1 1 0]	[0 1 1 1 1 1 1 0 0]	[1 0 1 1 0 1]	[1 0 1 1 0 1]	[8]
16	0.26421791315078735	5.046414375305176	2.0685815811157227	2.1199169158935547	0.45319291949272156	0.4047234058380127	False	[0 0 0 0 0 0 1 1 0]	[0 1 1 1 1 1 1 0 0]	[1 0 1 1 0 1]	[1 0 1 1 0 1]	[8]	[0 0 0 0 0 0 1 1 1]	[0 1 1 1 1 0 1 0 0]	[0 0 1 1 0 1]	[0 0 1 1 0 1]	[8]
16	0.30011501908302307	4.691340446472168	2.15226674079895	2.159111738204956	0.23937401175498962	0.14058764278888702	False	[0 0 0 0 0 0 1 1 1]	[0 1 1 1 1 0 1 0 0]	[0 0 1 1 0 1]	[0 0 1 1 0 1]	[8]	[0 0 0 0 0 0 1 1 0]	[0 1 0 1 1 0 1 0 0]	[1 0 1 1 0 1]	[1 0 1 1 0 1]	[8]
16	0.2311955839395523	5.077212333679199	2.0969016551971436	2.1178719997406006	0.45234042406082153	0.410098135471344	False	[0 0 0 0 0 0 1 1 0]	[0 1 0 1 1 0 1 0 0]	[1 0 1 1 0 1]	[1 0 1 1 0 1]	[8]	[0 0 0 0 0 0 1 1 1]	[0 1 0 1 1 1 1 0 0]	[0 0 1 1 0 1]	[0 0 1 1 0 1]	[8]
16	0.2418096363544464	4.766793727874756	2.155168294906616	2.152534246444702	0.2790817618370056	0.18000942468643188	False	[0 0 0 0 0 0 1 1 1]	[0 1 0 1 1 1 1 0 0]	[0 0 1 1 0 1]	[0 0 1 1 0 1]	[8]	[0 0 0 0 0 0 1 1 0]	[0 1 1 1 1 1 1 0 0]	[1 0 1 1 0 1]	[1 0 1 1 0 1]	[8]
16	0.27711665630340576	5.093545436859131	2.0741944313049316	2.1185500621795654	0.48226332664489746	0.41853755712509155	False	[0 0 0 0 0 0 1 1 0]	[0 1 1 1 1 1 1 0 0]	[1 0 1 1 0 1]	[1 0 1 1 0 1]	[8]	[0 0 0 0 0 0 1 1 1]	[0 0 1 1 1 1 1 0 0]	[0 0 1 1 0 1]	[0 0 1 1 0 1]	[8]
16	0.2977067530155182	4.78627347946167	2.144974708557129	2.1549832820892334	0.2988967001438141	0.1874186098575592	False	[0 0 0 0 0 0 1 1 1]	[0 0 1 1 1 1 1 0 0]	[0 0 1 1 0 1]	[0 0 1 1 0 1]	[8]	[0 0 0 0 0 0 1 1 0]	[0 0 0 1 1 1 1 0 0]	[1 0 1 1 0 1]	[1 0 1 1 0 1]	[8]
16	0.3336038589477539	5.07550048828125	2.0789084434509277	2.136836290359497	0.48102477192878723	0.37873101234436035	False	[0 0 0 0 0 0 1 1 0]	[0 0 0 1 1 1 1 0 0]	[1 0 1 1 0 1]	[1 0 1 1 0 1]	[8]	[0 0 0 0 0 0 1 1 1]	[0 0 0 1 1 0 1 0 0]	[0 0 1 1 0 1]	[0 0 1 1 0 1]	[8]
16	0.2527187168598175	4.709299087524414	2.1659281253814697	2.1432290077209473	0.2437434196472168	0.156398206949234	False	[0 0 0 0 0 0 1 1 1]	[0 0 0 1 1 0 1 0 0]	[0 0 1 1 0 1]	[0 0 1 1 0 1]	[8]	[0 0 0 0 0 0 1 1 0]	[0 0 1 1 1 0 1 0 0]	[1 0 1 1 0 1]	[1 0 1 1 0 1]	[8]
16	0.28149065375328064	5.081116676330566	2.079139232635498	2.1200547218322754	0.47216731309890747	0.40975528955459595	False	[0 0 0 0 0 0 1 1 0]	[0 0 1 1 1 0 1 0 0]	[1 0 1 1 0 1]	[1 0 1 1 0 1]	[8]	[0 0 0 0 0 0 1 1 1]	[0 0 1 1 1 1 1 0 0]	[0 0 1 1 0 1]	[0 0 1 1 0 1]	[8]
16	0.2613431215286255	4.834004878997803	2.1523122787475586	2.1520490646362305	0.3301173746585846	0.19952645897865295	False	[0 0 0 0 0 0 1 1 1]	[0 0 1 1 1 1 1 0 0]	[0 0 1 1 0 1]	[0 0 1 1 0 1]	[8]	[0 0 0 0 0 0 1 1 0]	[0 0 0 1 1 1 1 0 0]	[1 0 1 1 0 1]	[1 0 1 1 0 1]	[8]
16	0.33072906732559204	5.054452896118164	2.086934804916382	2.1258766651153564	0.439727246761322	0.4019143581390381	False	[0 0 0 0 0 0 1 1 0]	[0 0 0 1 1 1 1 0 0]	[1 0 1 1 0 1]	[1 0 1 1 0 1]	[8]	[0 0 0 0 0 0 1 1 1]	[0 0 0 1 1 0 1 0 0]	[0 0 1 1 0 1]	[0 0 1 1 0 1]	[8]
16	0.28527453541755676	4.676952838897705	2.164426803588867	2.153637170791626	0.2215980887413025	0.13729092478752136	False	[0 0 0 0 0 0 1 1 1]	[0 0 0 1 1 0 1 0 0]	[0 0 1 1 0 1]	[0 0 1 1 0 1]	[8]	[0 0 0 0 0 0 1 1 0]	[0 0 1 1 1 0 1 0 0]	[1 0 1 1 0 1]	[1 0 1 1 0 1]	[8]
16	0.2737753391265869	4.926682949066162	2.087785243988037	2.1145853996276855	0.3946404457092285	0.32967185974121094	False	[0 0 0 0 0 0 1 1 0]	[0 0 1 1 1 0 1 0 0]	[1 0 1 1 0 1]	[1 0 1 1 0 1]	[8]	[0 0 0 0 0 0 1 1 1]	[0 1 1 1 1 0 1 0 0]	[0 0 1 1 0 1]	[0 0 1 1 0 1]	[8]
16	0.2761836051940918	4.791305065155029	2.1573729515075684	2.1617209911346436	0.28109076619148254	0.1911204755306244	False	[0 0 0 0 0 0 1 1 1]	[0 1 1 1 1 0 1 0 0]	[0 0 1 1 0 1]	[0 0 1 1 0 1]	[8]	[0 0 0 0 0 0 1 1 0]	[0 1 0 1 1 0 1 0 0]	[1 0 1 1 0 1]	[1 0 1 1 0 1]	[8]
16	0.2527187168598175	4.994361400604248	2.076444149017334	2.1239724159240723	0.431021124124527	0.36292368173599243	False	[0 0 0 0 0 0 1 1 0]	[0 1 0 1 1 0 1 0 0]	[1 0 1 1 0 1]	[1 0 1 1 0 1]	[8]	[0 0 0 0 0 0 1 1 1]	[0 1 0 1 1 1 1 0 0]	[0 0 1 1 0 1]	[0 0 1 1 0 1]	[8]
17	-0.25	5.715130805969238	1.9123241901397705	1.8948012590408325	0.7219842076301575	1.186021089553833	False	[1 1 0 0 0 0 1 0 0]	[1 0 0 1 0 0 0 0 0]	[1 0 0 1 0 0]	[0 0 1 1 0 1]	[0]	[1 1 0 0 0 1 1 0 0]	[1 0 0 1 0 1 0 0 0]	[1 0 0 1 0 0]	[0 0 1 1 0 1]	[6]
17	-0.25	5.409097194671631	2.11824107170105	1.8789292573928833	0.790030837059021	0.6218956708908081	False	[1 1 0 0 0 1 1 0 0]	[1 0 0 1 0 1 0 0 0]	[1 0 0 1 0 0]	[0 0 1 1 0 1]	[6]	[0 1 0 0 0 1 1 0 0]	[1 0 0 1 0 0 0 0 0]	[1 0 0 0 0 0]	[0 0 1 0 0 1]	[6]
17	-0.25	5.448676109313965	2.035413980484009	2.0739145278930664	0.6778675317764282	0.6614803075790405	False	[0 1 0 0 0 1 1 0 0]	[1 0 0 1 0 0 0 0 0]	[1 0 0 0 0 0]	[0 0 1 0 0 1]	[6]	[0 1 0 0 0 0 1 0 0]	[1 0 0 1 0 1 0 0 0]	[0 0 0 0 0 0]	[1 0 1 0 0 1]	[6]
17	-0.25	5.470677375793457	2.027815341949463	1.8925201892852783	0.7938129901885986	0.7565290927886963	False	[0 1 0 0 0 0 1 0 0]	[1 0 0 1 0 1 0 0 0]	[0 0 0 0 0 0]	[1 0 1 0 0 1]	[6]	[0 1 0 0 0 1 1 0 0]	[1 0 0 1 0 0 0 0 0]	[0 0 0 1 0 0]	[1 0 1 1 0 1]	[6]
17	-0.25	5.4857072830200195	2.107541561126709	1.8464821577072144	0.8135569095611572	0.7181264758110046	False	[0 1 0 0 0 1 1 0 0]	[1 0 0 1 0 0 0 0 0]	[0 0 0 1 0 0]	[1 0 1 1 0 1]	[6]	[0 1 0 0 0 0 1 0 0]	[1 0 0 1 0 1 0 0 0]	[0 0 0 0 0 0]	[1 0 1 0 0 1]	[6]
17	-0.25	5.485771656036377	2.069951295852661	1.914376974105835	0.8055156469345093	0.695927619934082	False	[0 1 0 0 0 0 1 0 0]	[1 0 0 1 0 1 0 0 0]	[0 0 0 0 0 0]	[1 0 1 0 0 1]	[6]	[0 1 0 0 0 1 1 0 0]	[1 0 0 1 0 0 0 0 0]	[0 0 0 1 0 0]	[0 0 1 0 0 1]	[6]
17	0.4063311517238617	4.516069412231445	2.0971450805664062	1.6662086248397827	0.37712860107421875	0.37558674812316895	False	[0 1 0 0 0 1 1 0 0]	[1 0 0 1 0 0 0 0 0]	[0 0 0 1 0 0]	[0 0 1 0 0 1]	[6]	[1 1 0 0 0 1 1 0 0]	[1 0 0 1 0 1 0 0 0]	[0 0 0 0 0 0]	[0 0 1 1 0 1]	[8]
17	0.34556958079338074	4.277182579040527	2.0140538215637207	2.0456833839416504	0.1143246442079544	0.10312101244926453	False	[1 1 0 0 0 1 1 0 0]	[1 0 0 1 0 1 0 0 0]	[0 0 0 0 0 0]	[0 0 1 1 0 1]	[8]	[0 1 0 0 0 1 1 0 0]	[1 0 0 1 0 1 0 0 1]	[1 0 0 0 0 0]	[1 0 1 1 0 1]	[8]
17	0.3661836087703705	4.355083465576172	1.9970978498458862	2.0638844966888428	0.14253294467926025	0.15156854689121246	False	[0 1 0 0 0 1 1 0 0]	[1 0 0 1 0 1 0 0 1]	[1 0 0 0 0 0]	[1 0 1 1 0 1]	[8]	[0 1 0 0 0 0 1 0 0]	[1 1 0 1 0 1 0 0 1]	[0 0 0 0 0 0]	[0 0 1 1 0 1]	[8]
17	0.2972402274608612	4.601866245269775	2.0632126331329346	2.0790328979492188	0.254897803068161	0.20472338795661926	False	[0 1 0 0 0 0 1 0 0]	[1 1 0 1 0 1 0 0 1]	[0 0 0 0 0 0]	[0 0 1 1 0 1]	[8]	[0 1 0 0 0 1 1 0 0]	[0 1 0 1 0 1 0 0 1]	[1 0 0 0 0 0]	[1 0 1 1 0 1]	[8]
17	0.35178568959236145	4.368286609649658	2.0244946479797363	2.0460047721862793	0.12820091843605042	0.16958603262901306	False	[0 1 0 0 0 1 1 0 0]	[0 1 0 1 0 1 0 0 1]	[1 0 0 0 0 0]	[1 0 1 1 0 1]	[8]	[1 1 0 0 0 1 1 0 0]	[1 1 0 1 0 1 0 0 1]	[0 0 0 0 0 0]	[0 0 1 1 0 1]	[8]
17	0.39724022150039673	4.304745674133301	2.0160577297210693	2.023655414581299	0.11569367349147797	0.14933905005455017	False	[1 1 0 0 0 1 1 0 0]	[1 1 0 1 0 1 0 0 1]	[0 0 0 0 0 0]	[0 0 1 1 0 1]	[8]	[0 1 0 0 0 1 1 0 0]	[1 1 0 1 0 1 0 0 0]	[1 0 0 0 0 0]	[1 0 1 1 0 1]	[8]
17	0.42141973972320557	4.431853771209717	2.044414520263672	2.0971381664276123	0.15305274724960327	0.13724812865257263	False	[0 1 0 0 0 1 1 0 0]	[1 1 0 1 0 1 0 0 0]	[1 0 0 0 0 0]	[1 0 1 1 0 1]	[8]	[0 1 0 0 0 0 1 0 0]	[1 1 0 1 0 1 0 0 1]	[0 0 0 0 0 0]	[0 0 1 1 0 1]	[8]
17	0.37330880761146545	4.608327865600586	2.048156261444092	2.0883779525756836	0.2717663049697876	0.20002762973308563	False	[0 1 0 0 0 0 1 0 0]	[1 1 0 1 0 1 0 0 1]	[0 0 0 0 0 0]	[0 0 1 1 0 1]	[8]	[0 1 0 0 0 1 1 0 0]	[0 1 0 1 0 1 0 0 1]	[1 0 0 0 0 0]	[1 0 1 1 0 1]	[8]
17	0.3823997378349304	4.36966609954834	2.0196609497070312	2.0473740100860596	0.12449069321155548	0.1781407743692398	False	[0 1 0 0 0 1 1 0 0]	[0 1 0 1 0 1 0 0 1]	[1 0 0 0 0 0]	[1 0 1 1 0 1]	[8]	[1 1 0 0 0 1 1 0 0]	[1 1 0 1 0 1 0 0 1]	[0 0 0 0 0 0]	[0 0 1 1 0 1]	[8]
17	0.35800179839134216	4.408648490905762	2.0099599361419678	2.0377933979034424	0.152023583650589	0.20887154340744019	False	[1 1 0 0 0 1 1 0 0]	[1 1 0 1 0 1 0 0 1]	[0 0 0 0 0 0]	[0 0 1 1 0 1]	[8]	[0 1 0 0 0 1 1 0 0]	[1 1 0 1 0 1 0 0 0]	[1 0 0 0 0 0]	[1 0 1 1 0 1]	[8]
17	0.4637514054775238	4.4871063232421875	2.0308988094329834	2.0879995822906494	0.21448957920074463	0.1537184715270996	False	[0 1 0 0 0 1 1 0 0]	[1 1 0 1 0 1 0 0 0]	[1 0 0 0 0 0]	[1 0 1 1 0 1]	[8]	[0 1 0 0 0 0 1 0 0]	[0 1 0 1 0 1 0 0 0]	[0 0 0 0 0 0]	[0 0 1 1 0 1]	[8]
17	0.369967520236969	4.41557502746582	2.029977560043335	2.09916353225708	0.17492316663265228	0.11151140183210373	False	[0 1 0 0 0 0 1 0 0]	[0 1 0 1 0 1 0 0 0]	[0 0 0 0 0 0]	[0 0 1 1 0 1]	[8]	[0 1 0 0 0 1 1 0 0]	[0 1 0 1 0 0 0 0 0]	[1 0 0 0 0 0]	[1 0 1 1 0 1]	[8]
17	0.4580017924308777	4.27505350112915	1.9836548566818237	2.0379021167755127	0.12136587500572205	0.13213054835796356	False	[0 1 0 0 0 1 1 0 0]	[0 1 0 1 0 0 0 0 0]	[1 0 0 0 0 0]	[1 0 1 1 0 1]	[8]	[0 1 0 0 0 0 1 0 0]	[1 1 0 1 0 0 0 0 0]	[0 0 0 0 0 0]	[0 0 1 1 0 1]	[8]
17	0.30011501908302307	4.538744926452637	2.064889430999756	2.082838535308838	0.2335340678691864	0.15748317539691925	False	[0 1 0 0 0 0 1 0 0]	[1 1 0 1 0 0 0 0 0]	[0 0 0 0 0 0]	[0 0 1 1 0 1]	[8]	[0 1 0 0 0 1 1 0 0]	[1 1 0 1 0 0 0 0 1]	[1 0 0 0 0 0]	[1 0 1 1 0 1]	[8]
17	0.32453688979148865	4.395578861236572	1.9868886470794678	2.0621633529663086	0.1559949517250061	0.190531924366951	False	[0 1 0 0 0 1 1 0 0]	[1 1 0 1 0 0 0 0 1]	[1 0 0 0 0 0]	[1 0 1 1 0 1]	[8]	[0 1 0 0 0 0 1 0 0]	[1 0 0 1 0 0 0 0 1]	[0 0 0 0 0 0]	[0 0 1 1 0 1]	[8]
17	0.3761836290359497	4.35025691986084	2.0083069801330566	2.0632011890411377	0.1369127780199051	0.1418355405330658	False	[0 1 0 0 0 0 1 0 0]	[1 0 0 1 0 0 0 0 1]	[0 0 0 0 0 0]	[0 0 1 1 0 1]	[8]	[0 1 0 0 0 1 1 0 0]	[0 0 0 1 0 0 0 0 1]	[1 0 0 0 0 0]	[1 0 1 1 0 1]	[8]
17	0.33453691005706787	4.347819805145264	2.0186755657196045	2.051492929458618	0.1298365592956543	0.14781488478183746	False	[0 1 0 0 0 1 1 0 0]	[0 0 0 1 0 0 0 0 1]	[1 0 0 0 0 0]	[1 0 1 1 0 1]	[8]	[0 1 0 0 0 0 1 0 0]	[1 0 0 1 0 0 0 0 1]	[0 0 0 0 0 0]	[0 0 1 1 0 1]	[8]
17	0.4580017924308777	4.337889194488525	1.9925494194030762	2.0565624237060547	0.14883747696876526	0.13993987441062927	False	[0 1 0 0 0 0 1 0 0]	[1 0 0 1 0 0 0 0 1]	[0 0 0 0 0 0]	[0 0 1 1 0 1]	[8]	[0 1 0 0 0 1 1 0 0]	[1 1 0 1 0 0 0 0 1]	[1 0 0 0 0 0]	[1 0 1 1 0 1]	[8]
17	0.29679766297340393	4.403670310974121	1.9366815090179443	2.0525248050689697	0.20927953720092773	0.2051842361688614	False	[0 1 0 0 0 1 1 0 0]	[1 1 0 1 0 0 0 0 1]	[1 0 0 0 0 0]	[1 0 1 1 0 1]	[8]	[0 1 0 0 0 0 1 0 0]	[1 0 0 1 0 0 0 0 1]	[0 0 0 0 0 0]	[0 0 1 1 0 1]	[8]
17	0.339819997549057	4.383366107940674	1.985329270362854	2.0662221908569336	0.16670744121074677	0.16510720551013947	False	[0 1 0 0 0 0 1 0 0]	[1 0 0 1 0 0 0 0 1]	[0 0 0 0 0 0]	[0 0 1 1 0 1]	[8]	[0 1 0 0 0 1 1 0 0]	[0 0 0 1 0 0 0 0 1]	[1 0 0 0 0 0]	[1 0 1 1 0 1]	[8]
17	0.3150034248828888	4.303750991821289	1.9963377714157104	2.052489995956421	0.1285649538040161	0.12635859847068787	False	[0 1 0 0 0 1 1 0 0]	[0 0 0 1 0 0 0 0 1]	[1 0 0 0 0 0]	[1 0 1 1 0 1]	[8]	[0 1 0 0 0 0 1 0 0]	[1 0 0 1 0 0 0 0 1]	[0 0 0 0 0 0]	[0 0 1 1 0 1]	[8]
17	0.38814932107925415	4.327345371246338	1.971597671508789	2.059954881668091	0.15301696956157684	0.142776221036911	False	[0 1 0 0 0 0 1 0 0]	[1 0 0 1 0 0 0 0 1]	[0 0 0 0 0 0]	[0 0 1 1 0 1]	[8]	[0 1 0 0 0 1 1 0 0]	[0 0 0 1 0 0 0 0 1]	[1 0 0 0 0 0]	[1 0 1 1 0 1]	[8]
17	0.3094540536403656	4.332139492034912	1.9876794815063477	2.0487959384918213	0.1412961632013321	0.15436775982379913	False	[0 1 0 0 0 1 1 0 0]	[0 0 0 1 0 0 0 0 1]	[1 0 0 0 0 0]	[1 0 1 1 0 1]	[8]	[0 1 0 0 0 0 1 0 0]	[1 0 0 1 0 0 0 0 1]	[0 0 0 0 0 0]	[0 0 1 1 0 1]	[8]
17	0.38193321228027344	4.293837547302246	1.989747405052185	2.049612283706665	0.13224941492080688	0.12222842872142792	False	[0 1 0 0 0 0 1 0 0]	[1 0 0 1 0 0 0 0 1]	[0 0 0 0 0 0]	[0 0 1 1 0 1]	[8]	[0 1 0 0 0 1 1 0 0]	[1 1 0 1 0 0 0 0 1]	[1 0 0 0 0 0]	[1 0 1 1 0 1]	[8]
18	-0.75	6.575367450714111	1.99147367477417	1.9837377071380615	1.4975320100784302	1.1026238203048706	False	[0 0 0 0 0 1 0 0 0]	[0 0 0 0 1 1 0 1 0]	[0 0 1 0 0 0]	[1 0 1 0 1 0]	[4]	[0 0 0 0 0 1 1 0 0]	[0 0 0 0 1 1 0 1 1]	[0 0 1 0 0 1]	[1 0 0 0 1 0]	[2]
18	-0.5	5.822142601013184	1.942858338356018	1.8070484399795532	0.7305762767791748	1.341659426689148	False	[0 0 0 0 0 1 1 0 0]	[0 0 0 0 1 1 0 1 1]	[0 0 1 0 0 1]	[1 0 0 0 1 0]	[2]	[0 0 0 0 0 1 1 1 0]	[0 0 0 0 1 0 0 1 1]	[0 0 1 1 0 1]	[1 0 1 0 1 0]	[4]
18	-0.5	6.01071834564209	1.9637885093688965	1.9268120527267456	0.9285758137702942	1.1915417909622192	False	[0 0 0 0 0 1 1 1 0]	[0 0 0 0 1 0 0 1 1]	[0 0 1 1 0 1]	[1 0 1 0 1 0]	[4]	[0 0 0 0 0 1 0 1 0]	[0 0 0 0 1 1 0 1 1]	[1 0 1 1 0 1]	[1 0 1 0 0 0]	[4]
18	0.4699675142765045	6.561406135559082	2.0805132389068604	2.076272487640381	1.1362415552139282	1.2683786153793335	False	[0 0 0 0 0 1 0 1 0]	[0 0 0 0 1 1 0 1 1]	[1 0 1 1 0 1]	[1 0 1 0 0 0]	[4]	[0 0 0 0 0 1 0 0 0]	[0 0 0 0 1 1 0 1 0]	[0 0 1 1 0 1]	[1 0 0 0 0 0]	[8]
18	0.30633115768432617	4.476319313049316	2.122554302215576	2.1089954376220703	0.0816914439201355	0.16307851672172546	False	[0 0 0 0 0 1 0 0 0]	[0 0 0 0 1 1 0 1 0]	[0 0 1 1 0 1]	[1 0 0 0 0 0]	[8]	[0 0 0 1 0 1 0 0 0]	[0 0 0 0 1 1 0 1 1]	[1 0 1 1 0 1]	[0 0 0 0 0 0]	[8]
18	0.3661836087703705	4.565376281738281	2.133854866027832	2.109081268310547	0.09842357039451599	0.22401660680770874	False	[0 0 0 1 0 1 0 0 0]	[0 0 0 0 1 1 0 1 1]	[1 0 1 1 0 1]	[0 0 0 0 0 0]	[8]	[0 0 0 0 0 1 0 0 0]	[0 0 0 0 1 1 0 1 0]	[0 0 1 1 0 1]	[1 0 0 0 0 0]	[8]
18	0.27952492237091064	4.459229946136475	2.1103456020355225	2.0862393379211426	0.09409669786691666	0.16854849457740784	False	[0 0 0 0 0 1 0 0 0]	[0 0 0 0 1 1 0 1 0]	[0 0 1 1 0 1]	[1 0 0 0 0 0]	[8]	[0 0 0 1 0 1 0 0 0]	[0 0 0 0 1 1 0 1 1]	[1 0 1 1 0 1]	[0 0 0 0 0 0]	[8]
18	0.4192298948764801	4.466203689575195	2.1258270740509033	2.102306604385376	0.07755248993635178	0.16051790118217468	False	[0 0 0 1 0 1 0 0 0]	[0 0 0 0 1 1 0 1 1]	[1 0 1 1 0 1]	[0 0 0 0 0 0]	[8]	[0 0 0 0 0 1 0 0 0]	[0 0 0 0 1 1 0 1 0]	[0 0 1 1 0 1]	[1 0 0 0 0 0]	[8]
18	0.33512699604034424	4.457386016845703	2.1135573387145996	2.1091694831848145	0.07871994376182556	0.15593931078910828	False	[0 0 0 0 0 1 0 0 0]	[0 0 0 0 1 1 0 1 0]	[0 0 1 1 0 1]	[1 0 0 0 0 0]	[8]	[0 0 0 1 0 1 0 0 0]	[0 0 0 0 1 1 0 1 1]	[1 0 1 1 0 1]	[0 0 0 0 0 0]	[8]
18	0.38793089985847473	4.574686527252197	2.142650604248047	2.11118745803833	0.09186973422765732	0.22897863388061523	False	[0 0 0 1 0 1 0 0 0]	[0 0 0 0 1 1 0 1 1]	[1 0 1 1 0 1]	[0 0 0 0 0 0]	[8]	[0 0 0 0 0 1 0 0 0]	[0 0 0 0 1 1 0 1 0]	[0 0 1 1 0 1]	[1 0 0 0 0 0]	[8]
18	0.34269478917121887	4.514634132385254	2.1168212890625	2.08756160736084	0.10565534234046936	0.20459619164466858	False	[0 0 0 0 0 1 0 0 0]	[0 0 0 0 1 1 0 1 0]	[0 0 1 1 0 1]	[1 0 0 0 0 0]	[8]	[0 0 0 1 0 1 0 0 0]	[0 0 0 0 1 1 0 1 1]	[1 0 1 1 0 1]	[0 0 0 0 0 0]	[8]
18	0.3781493306159973	4.536491394042969	2.129187822341919	2.1090080738067627	0.08928056061267853	0.20901472866535187	False	[0 0 0 1 0 1 0 0 0]	[0 0 0 0 1 1 0 1 1]	[1 0 1 1 0 1]	[0 0 0 0 0 0]	[8]	[0 0 0 0 0 1 0 0 0]	[0 0 0 0 1 1 0 1 0]	[0 0 1 1 0 1]	[1 0 0 0 0 0]	[8]
18	0.36468443274497986	4.592127799987793	2.1271820068359375	2.111840009689331	0.11221257597208023	0.2408929020166397	False	[0 0 0 0 0 1 0 0 0]	[0 0 0 0 1 1 0 1 0]	[0 0 1 1 0 1]	[1 0 0 0 0 0]	[8]	[0 0 0 1 0 1 0 0 0]	[0 0 0 0 1 1 0 1 1]	[1 0 1 1 0 1]	[0 0 0 0 0 0]	[8]
18	0.400115042924881	4.5233588218688965	2.121121883392334	2.105372428894043	0.09225207567214966	0.20461225509643555	False	[0 0 0 1 0 1 0 0 0]	[0 0 0 0 1 1 0 1 1]	[1 0 1 1 0 1]	[0 0 0 0 0 0]	[8]	[0 0 0 0 0 1 0 0 0]	[0 0 0 0 1 1 0 1 0]	[0 0 1 1 0 1]	[1 0 0 0 0 0]	[8]
18	0.31588858366012573	4.532304286956787	2.120880365371704	2.1060421466827393	0.09966632723808289	0.20571577548980713	False	[0 0 0 0 0 1 0 0 0]	[0 0 0 0 1 1 0 1 0]	[0 0 1 1 0 1]	[1 0 0 0 0 0]	[8]	[0 0 0 1 0 1 0 0 0]	[0 0 0 0 1 1 0 1 1]	[1 0 1 1 0 1]	[0 0 0 0 0 0]	[8]
18	0.39724022150039673	4.5058512687683105	2.119049310684204	2.098741054534912	0.08974796533584595	0.1983128786087036	False	[0 0 0 1 0 1 0 0 0]	[0 0 0 0 1 1 0 1 1]	[1 0 1 1 0 1]	[0 0 0 0 0 0]	[8]	[0 0 0 0 0 1 0 0 0]	[0 0 0 0 1 1 0 1 0]	[0 0 1 1 0 1]	[1 0 0 0 0 0]	[8]
18	0.3039228618144989	4.473604679107666	2.1068809032440186	2.104191303253174	0.08515189588069916	0.1773812174797058	False	[0 0 0 0 0 1 0 0 0]	[0 0 0 0 1 1 0 1 0]	[0 0 1 1 0 1]	[1 0 0 0 0 0]	[8]	[0 0 0 1 0 1 0 0 0]	[0 0 0 0 1 1 0 1 1]	[1 0 1 1 0 1]	[0 0 0 0 0 0]	[8]
18	0.4489108920097351	4.512864589691162	2.1289210319519043	2.0978503227233887	0.0939905196428299	0.1921028196811676	False	[0 0 0 1 0 1 0 0 0]	[0 0 0 0 1 1 0 1 1]	[1 0 1 1 0 1]	[0 0 0 0 0 0]	[8]	[0 0 0 0 0 1 0 0 0]	[0 0 0 0 1 1 0 1 0]	[0 0 1 1 0 1]	[1 0 0 0 0 0]	[8]
18	0.28574103116989136	4.475900650024414	2.1155576705932617	2.106171131134033	0.0840316042304039	0.1701401323080063	False	[0 0 0 0 0 1 0 0 0]	[0 0 0 0 1 1 0 1 0]	[0 0 1 1 0 1]	[1 0 0 0 0 0]	[8]	[0 0 0 1 0 1 0 0 0]	[0 0 0 0 1 1 0 1 1]	[1 0 1 1 0 1]	[0 0 0 0 0 0]	[8]
18	0.41829684376716614	4.5158185958862305	2.1189520359039307	2.079136848449707	0.09776578843593597	0.21996423602104187	False	[0 0 0 1 0 1 0 0 0]	[0 0 0 0 1 1 0 1 1]	[1 0 1 1 0 1]	[0 0 0 0 0 0]	[8]	[0 0 0 0 0 1 0 0 0]	[0 0 0 0 1 1 0 1 0]	[0 0 1 1 0 1]	[1 0 0 0 0 0]	[8]
18	0.34269478917121887	4.596482276916504	2.1240110397338867	2.117818832397461	0.10631212592124939	0.24834010004997253	False	[0 0 0 0 0 1 0 0 0]	[0 0 0 0 1 1 0 1 0]	[0 0 1 1 0 1]	[1 0 0 0 0 0]	[8]	[0 0 0 1 0 1 0 0 0]	[0 0 0 0 1 1 0 1 1]	[1 0 1 1 0 1]	[0 0 0 0 0 0]	[8]
18	0.44178569316864014	4.506692409515381	2.1245458126068115	2.0891408920288086	0.09806454181671143	0.19494110345840454	False	[0 0 0 1 0 1 0 0 0]	[0 0 0 0 1 1 0 1 1]	[1 0 1 1 0 1]	[0 0 0 0 0 0]	[8]	[0 0 0 0 0 1 0 0 0]	[0 0 0 0 1 1 0 1 0]	[0 0 1 1 0 1]	[1 0 0 0 0 0]	[8]
18	0.30773070454597473	4.502890110015869	2.117187023162842	2.1029067039489746	0.09126798808574677	0.19152818620204926	False	[0 0 0 0 0 1 0 0 0]	[0 0 0 0 1 1 0 1 0]	[0 0 1 1 0 1]	[1 0 0 0 0 0]	[8]	[0 0 0 1 0 1 0 0 0]	[0 0 0 0 1 1 0 1 1]	[1 0 1 1 0 1]	[0 0 0 0 0 0]	[8]
18	0.38814932107925415	4.4764838218688965	2.123137950897217	2.106409788131714	0.07949863374233246	0.1674375832080841	False	[0 0 0 1 0 1 0 0 0]	[0 0 0 0 1 1 0 1 1]	[1 0 1 1 0 1]	[0 0 0 0 0 0]	[8]	[0 0 0 0 0 1 0 0 0]	[0 0 0 0 1 1 0 1 0]	[0 0 1 1 0 1]	[1 0 0 0 0 0]	[8]
18	0.3852745294570923	4.464341640472412	2.1122817993164062	2.085885524749756	0.09546583890914917	0.17070850729942322	False	[0 0 0 0 0 1 0 0 0]	[0 0 0 0 1 1 0 1 0]	[0 0 1 1 0 1]	[1 0 0 0 0 0]	[8]	[0 0 0 1 0 1 0 0 0]	[0 0 0 0 1 1 0 1 1]	[1 0 1 1 0 1]	[0 0 0 0 0 0]	[8]
18	0.4125472605228424	4.497062683105469	2.124448299407959	2.1050662994384766	0.08519600331783295	0.18235190212726593	False	[0 0 0 1 0 1 0 0 0]	[0 0 0 0 1 1 0 1 1]	[1 0 1 1 0 1]	[0 0 0 0 0 0]	[8]	[0 0 0 0 0 1 0 0 0]	[0 0 0 0 1 1 0 1 0]	[0 0 1 1 0 1]	[1 0 0 0 0 0]	[8]
18	0.30104807019233704	4.514105319976807	2.1229591369628906	2.1108200550079346	0.08646444231271744	0.19386175274848938	False	[0 0 0 0 0 1 0 0 0]	[0 0 0 0 1 1 0 1 0]	[0 0 1 1 0 1]	[1 0 0 0 0 0]	[8]	[0 0 0 1 0 1 0 0 0]	[0 0 0 0 1 1 0 1 1]	[1 0 1 1 0 1]	[0 0 0 0 0 0]	[8]
18	0.4637514054775238	4.495443820953369	2.1253292560577393	2.100874423980713	0.08562704920768738	0.18361276388168335	False	[0 0 0 1 0 1 0 0 0]	[0 0 0 0 1 1 0 1 1]	[1 0 1 1 0 1]	[0 0 0 0 0 0]	[8]	[0 0 0 1 0 0 0 0 0]	[0 0 0 0 1 1 0 1 0]	[0 0 1 1 0 1]	[1 0 0 0 0 0]	[8]
18	0.09457996487617493	4.441633701324463	2.1076560020446777	2.083097457885742	0.08855617046356201	0.16232389211654663	False	[0 0 0 1 0 0 0 0 0]	[0 0 0 0 1 1 0 1 0]	[0 0 1 1 0 1]	[1 0 0 0 0 0]	[8]	[0 0 0 0 0 0 0 0 0]	[0 0 0 0 1 1 0 1 1]	[1 0 1 1 0 1]	[0 0 0 0 0 0]	[24]
18	0.09255487471818924	4.497490882873535	2.104750871658325	2.0311279296875	0.10310715436935425	0.25850558280944824	False	[0 0 0 0 0 0 0 0 0]	[0 0 0 0 1 1 0 1 1]	[1 0 1 1 0 1]	[0 0 0 0 0 0]	[24]	[1 0 0 0 0 0 0 0 0]	[0 0 0 0 1 1 0 1 0]	[0 0 1 1 0 1]	[1 0 0 0 0 0]	[8]
19	-1.0	6.274999618530273	1.9880998134613037	1.8188341856002808	1.1439275741577148	1.3241381645202637	False	[0 0 0 0 0 0 1 0 0]	[1 0 0 0 0 0 0 0 0]	[0 0 0 0 0 0]	[0 0 0 0 0 0]	[0]	[0 0 0 0 0 0 1 1 0]	[1 0 0 0 0 1 0 0 0]	[0 1 0 0 0 0]	[1 0 0 0 0 0]	[0]
19	-1.0	6.396544456481934	1.9956488609313965	1.746739387512207	1.2843985557556152	1.369757890701294	False	[0 0 0 0 0 0 1 1 0]	[1 0 0 0 0 1 0 0 0]	[0 1 0 0 0 0]	[1 0 0 0 0 0]	[0]	[0 0 0 0 0 1 1 1 0]	[1 0 0 0 0 0 0 0 0]	[0 1 1 0 0 0]	[1 0 1 0 0 0]	[0]
19	-1.0	6.737464427947998	1.9150919914245605	1.9633630514144897	1.498453140258789	1.3605562448501587	False	[0 0 0 0 0 1 1 1 0]	[1 0 0 0 0 0 0 0 0]	[0 1 1 0 0 0]	[1 0 1 0 0 0]	[0]	[0 0 0 1 0 1 1 1 0]	[1 0 0 0 1 0 0 0 0]	[0 1 0 0 0 0]	[1 0 0 0 0 0]	[0]
19	-1.0	6.727938652038574	1.8724480867385864	1.888080358505249	1.3857306241989136	1.5816792249679565	False	[0 0 0 1 0 1 1 1 0]	[1 0 0 0 1 0 0 0 0]	[0 1 0 0 0 0]	[1 0 0 0 0 0]	[0]	[0 0 0 0 0 1 1 1 0]	[1 0 0 0 0 0 0 0 0]	[0 1 1 0 0 0]	[1 0 0 1 0 0]	[0]
19	-1.0	6.222568035125732	2.0988962650299072	1.9377996921539307	1.6031177043914795	0.5827547311782837	False	[0 0 0 0 0 1 1 1 0]	[1 0 0 0 0 0 0 0 0]	[0 1 1 0 0 0]	[1 0 0 1 0 0]	[0]	[0 0 0 0 0 1 1 0 0]	[1 0 0 0 0 1 0 0 0]	[0 1 1 1 0 0]	[1 0 0 0 0 0]	[0]
19	-1.0	6.736034393310547	1.7953505516052246	1.9319826364517212	1.4860070943832397	1.5226938724517822	False	[0 0 0 0 0 1 1 0 0]	[1 0 0 0 0 1 0 0 0]	[0 1 1 1 0 0]	[1 0 0 0 0 0]	[0]	[0 0 0 1 0 1 1 0 0]	[1 0 0 0 1 1 0 0 0]	[0 1 0 1 0 0]	[1 0 1 0 0 0]	[0]
19	-1.0	6.450150012969971	1.811950445175171	2.106332778930664	1.419658899307251	1.1122080087661743	False	[0 0 0 1 0 1 1 0 0]	[1 0 0 0 1 1 0 0 0]	[0 1 0 1 0 0]	[1 0 1 0 0 0]	[0]	[0 0 0 0 0 1 1 0 0]	[1 0 0 0 0 1 0 0 0]	[0 0 0 1 0 0]	[1 0 0 0 0 0]	[0]
19	-1.0	6.70747184753418	2.091568946838379	1.8506896495819092	1.7786614894866943	0.9865519404411316	False	[0 0 0 0 0 1 1 0 0]	[1 0 0 0 0 1 0 0 0]	[0 0 0 1 0 0]	[1 0 0 0 0 0]	[0]	[0 0 0 1 0 1 1 0 0]	[1 0 0 0 0 0 0 0 0]	[0 0 0 0 0 0]	[1 0 0 1 0 0]	[0]
19	-1.0	5.717868804931641	2.0136945247650146	1.6427385807037354	1.4635231494903564	0.5979126691818237	False	[0 0 0 1 0 1 1 0 0]	[1 0 0 0 0 0 0 0 0]	[0 0 0 0 0 0]	[1 0 0 1 0 0]	[0]	[0 0 0 1 0 1 1 1 0]	[1 0 0 0 0 1 0 0 0]	[0 0 0 0 0 1]	[1 0 0 0 0 0]	[0]
19	0.5001150369644165	6.869195938110352	1.92558753490448	1.8764311075210571	1.4995440244674683	1.5676332712173462	False	[0 0 0 1 0 1 1 1 0]	[1 0 0 0 0 1 0 0 0]	[0 0 0 0 0 1]	[1 0 0 0 0 0]	[0]	[0 0 0 0 0 1 1 1 0]	[1 0 0 0 1 1 0 0 0]	[0 0 1 0 0 1]	[1 0 0 1 0 0]	[12]
19	0.33694517612457275	5.257370948791504	2.0458786487579346	2.0251433849334717	0.5714213252067566	0.6149278879165649	False	[0 0 0 0 0 1 1 1 0]	[1 0 0 0 1 1 0 0 0]	[0 0 1 0 0 1]	[1 0 0 1 0 0]	[12]	[0 0 0 1 0 1 1 1 0]	[1 0 0 0 1 1 1 0 0]	[1 0 1 0 0 1]	[1 0 0 0 0 0]	[12]
19	-1.0	4.704455375671387	2.088028907775879	1.931156873703003	0.27476561069488525	0.4105040431022644	False	[0 0 0 1 0 1 1 1 0]	[1 0 0 0 1 1 1 0 0]	[1 0 1 0 0 1]	[1 0 0 0 0 0]	[12]	[0 0 0 1 0 1 0 1 0]	[1 0 0 0 1 0 1 0 0]	[0 0 1 0 0 1]	[0 0 0 0 0 0]	[0]
19	-0.25	5.9381890296936035	2.1574130058288574	1.975736379623413	0.9999900460243225	0.8050500154495239	False	[0 0 0 1 0 1 0 1 0]	[1 0 0 0 1 0 1 0 0]	[0 0 1 0 0 1]	[0 0 0 0 0 0]	[0]	[0 0 0 1 0 1 0 0 0]	[1 0 0 0 1 1 1 0 0]	[0 0 1 0 0 1]	[0 0 0 0 0 0]	[6]
19	-0.25	5.573311805725098	2.030843496322632	2.0022263526916504	0.6925435066223145	0.8476987481117249	False	[0 0 0 1 0 1 0 0 0]	[1 0 0 0 1 1 1 0 0]	[0 0 1 0 0 1]	[0 0 0 0 0 0]	[6]	[0 0 0 0 0 1 0 0 0]	[1 0 0 0 1 0 1 0 0]	[1 0 1 0 0 1]	[0 0 0 1 0 0]	[6]
19	0.35225221514701843	5.12038516998291	2.0746309757232666	2.0192484855651855	0.8130825161933899	0.21342259645462036	False	[0 0 0 0 0 1 0 0 0]	[1 0 0 0 1 0 1 0 0]	[1 0 1 0 0 1]	[0 0 0 1 0 0]	[6]	[0 0 0 0 0 1 0 0 1]	[1 0 0 0 1 1 1 0 0]	[1 0 1 1 0 1]	[0 0 0 0 0 0]	[8]
19	0.4426947832107544	4.540030479431152	2.1648077964782715	2.105475425720215	0.18038703501224518	0.08936026692390442	False	[0 0 0 0 0 1 0 0 1]	[1 0 0 0 1 1 1 0 0]	[1 0 1 1 0 1]	[0 0 0 0 0 0]	[8]	[0 0 0 0 0 1 1 0 1]	[1 0 0 0 1 0 1 0 0]	[0 0 1 1 0 1]	[1 0 0 0 0 0]	[8]
19	0.3852745294570923	4.250210285186768	2.0966858863830566	1.9941492080688477	0.08217811584472656	0.07719698548316956	False	[0 0 0 0 0 1 1 0 1]	[1 0 0 0 1 0 1 0 0]	[0 0 1 1 0 1]	[1 0 0 0 0 0]	[8]	[0 0 0 1 0 1 1 0 1]	[1 0 0 0 1 1 1 0 0]	[1 0 1 1 0 1]	[0 0 0 0 0 0]	[8]
19	0.5092059373855591	4.416738986968994	2.0965843200683594	2.1005961894989014	0.1304408609867096	0.08911745250225067	False	[0 0 0 1 0 1 1 0 1]	[1 0 0 0 1 1 1 0 0]	[1 0 1 1 0 1]	[0 0 0 0 0 0]	[8]	[0 0 0 1 0 1 0 0 1]	[1 0 0 0 1 0 1 0 0]	[0 0 1 1 0 1]	[1 0 0 0 0 0]	[8]
19	0.3872402310371399	4.233649730682373	1.964797854423523	2.0616979598999023	0.08576659113168716	0.1213868260383606	False	[0 0 0 1 0 1 0 0 1]	[1 0 0 0 1 0 1 0 0]	[0 0 1 1 0 1]	[1 0 0 0 0 0]	[8]	[0 0 0 0 0 1 0 0 1]	[1 0 0 0 1 1 1 0 0]	[1 0 1 1 0 1]	[0 0 0 0 0 0]	[8]
19	0.49724024534225464	4.535772323608398	2.1533620357513428	2.0827157497406006	0.1819467842578888	0.11774758994579315	False	[0 0 0 0 0 1 0 0 1]	[1 0 0 0 1 1 1 0 0]	[1 0 1 1 0 1]	[0 0 0 0 0 0]	[8]	[0 0 0 0 0 1 1 0 1]	[1 0 0 0 1 0 1 0 0]	[0 0 1 1 0 1]	[1 0 0 0 0 0]	[8]
19	0.3642179071903229	4.2154340744018555	2.087390422821045	1.969365119934082	0.08276470005512238	0.07591384649276733	False	[0 0 0 0 0 1 1 0 1]	[1 0 0 0 1 0 1 0 0]	[0 0 1 1 0 1]	[1 0 0 0 0 0]	[8]	[0 0 0 0 0 1 0 0 1]	[1 0 0 0 1 1 1 0 0]	[1 0 1 1 0 1]	[0 0 0 0 0 0]	[8]
19	0.48193320631980896	4.551071643829346	2.1555349826812744	2.0821590423583984	0.19362707436084747	0.11975094676017761	False	[0 0 0 0 0 1 0 0 1]	[1 0 0 0 1 1 1 0 0]	[1 0 1 1 0 1]	[0 0 0 0 0 0]	[8]	[0 0 0 0 0 1 1 0 1]	[1 0 0 0 1 0 1 0 0]	[0 0 1 1 0 1]	[1 0 0 0 0 0]	[8]
19	0.33647868037223816	4.2141337394714355	2.077038288116455	1.977104663848877	0.09240000694990158	0.06759065389633179	False	[0 0 0 0 0 1 1 0 1]	[1 0 0 0 1 0 1 0 0]	[0 0 1 1 0 1]	[1 0 0 0 0 0]	[8]	[0 0 0 0 0 1 0 0 1]	[1 0 0 0 1 1 1 0 0]	[1 0 1 1 0 1]	[0 0 0 0 0 0]	[8]
19	0.4790584146976471	4.543402194976807	2.14768123626709	2.103710651397705	0.19273917376995087	0.09927122294902802	False	[0 0 0 0 0 1 0 0 1]	[1 0 0 0 1 1 1 0 0]	[1 0 1 1 0 1]	[0 0 0 0 0 0]	[8]	[0 0 0 0 0 1 1 0 1]	[1 0 0 0 1 0 1 0 0]	[0 0 1 1 0 1]	[1 0 0 0 0 0]	[8]
19	0.3508765995502472	4.210440635681152	2.0809147357940674	1.9530025720596313	0.10138384997844696	0.07513929158449173	False	[0 0 0 0 0 1 1 0 1]	[1 0 0 0 1 0 1 0 0]	[0 0 1 1 0 1]	[1 0 0 0 0 0]	[8]	[0 0 0 0 0 1 0 0 1]	[1 0 0 0 1 1 1 0 0]	[1 0 1 1 0 1]	[0 0 0 0 0 0]	[8]
19	0.4580017924308777	4.542495250701904	2.1582796573638916	2.1031336784362793	0.1834852546453476	0.09759685397148132	False	[0 0 0 0 0 1 0 0 1]	[1 0 0 0 1 1 1 0 0]	[1 0 1 1 0 1]	[0 0 0 0 0 0]	[8]	[0 0 0 0 0 1 1 0 1]	[1 0 0 0 1 0 1 0 0]	[0 0 1 1 0 1]	[1 0 0 0 0 0]	[8]
19	0.3360360860824585	4.183717250823975	2.078152894973755	1.9659050703048706	0.08417391031980515	0.05548567697405815	False	[0 0 0 0 0 1 1 0 1]	[1 0 0 0 1 0 1 0 0]	[0 0 1 1 0 1]	[1 0 0 0 0 0]	[8]	[0 0 0 0 0 1 0 0 1]	[1 0 0 0 1 1 1 0 0]	[1 0 1 1 0 1]	[0 0 0 0 0 0]	[8]
19	0.45466047525405884	4.500516891479492	2.1621758937835693	2.096081495285034	0.1615971326828003	0.08066228032112122	False	[0 0 0 0 0 1 0 0 1]	[1 0 0 0 1 1 1 0 0]	[1 0 1 1 0 1]	[0 0 0 0 0 0]	[8]	[0 0 0 0 0 1 1 0 1]	[1 0 0 0 1 0 1 0 0]	[0 0 1 1 0 1]	[1 0 0 0 0 0]	[8]
19	0.3480018079280853	4.213403224945068	2.0736634731292725	1.9808974266052246	0.09126743674278259	0.06757484376430511	False	[0 0 0 0 0 1 1 0 1]	[1 0 0 0 1 0 1 0 0]	[0 0 1 1 0 1]	[1 0 0 0 0 0]	[8]	[0 0 0 0 0 1 0 0 1]	[1 0 0 0 1 1 1 0 0]	[1 0 1 1 0 1]	[0 0 0 0 0 0]	[8]
19	0.4910241365432739	4.5827484130859375	2.1519479751586914	2.0922329425811768	0.2139234095811844	0.1246442049741745	False	[0 0 0 0 0 1 0 0 1]	[1 0 0 0 1 1 1 0 0]	[1 0 1 1 0 1]	[0 0 0 0 0 0]	[8]	[0 0 0 0 0 1 1 0 1]	[1 0 0 0 1 0 1 0 0]	[0 0 1 1 0 1]	[1 0 0 0 0 0]	[8]
20	-0.5	6.59287166595459	2.0201990604400635	1.8274304866790771	1.554274082183838	1.1909679174423218	False	[1 1 0 0 1 0 0 0 0]	[0 0 0 0 0 0 0 0 0]	[0 0 0 0 0 0]	[0 0 1 0 1 0]	[0]	[1 1 0 0 1 0 0 1 0]	[0 1 0 0 0 0 0 0 0]	[0 1 0 0 0 0]	[0 0 1 0 0 0]	[4]
20	-1.0	6.344668388366699	2.0621721744537354	1.970565676689148	1.394557237625122	0.9173737168312073	False	[1 1 0 0 1 0 0 1 0]	[0 1 0 0 0 0 0 0 0]	[0 1 0 0 0 0]	[0 0 1 0 0 0]	[4]	[1 1 0 0 1 0 0 0 0]	[0 0 0 0 0 0 0 0 0]	[0 0 0 0 0 0]	[0 0 1 0 1 0]	[0]
20	-0.5	6.602128028869629	2.0298752784729004	1.84644615650177	1.5828540325164795	1.1429530382156372	False	[1 1 0 0 1 0 0 0 0]	[0 0 0 0 0 0 0 0 0]	[0 0 0 0 0 0]	[0 0 1 0 1 0]	[0]	[1 1 0 0 1 0 0 1 0]	[0 1 0 0 0 0 0 0 0]	[0 1 0 0 0 0]	[0 0 1 0 0 0]	[4]
20	-1.0	6.308598041534424	2.0681519508361816	1.9745920896530151	1.3605010509490967	0.9053528904914856	False	[1 1 0 0 1 0 0 1 0]	[0 1 0 0 0 0 0 0 0]	[0 1 0 0 0 0]	[0 0 1 0 0 0]	[4]	[0 1 0 0 1 0 0 1 0]	[0 1 0 0 0 0 0 0 1]	[0 0 0 0 0 0]	[0 0 0 0 0 0]	[0]
20	-1.0	5.632910251617432	2.016242742538452	1.5905829668045044	1.2448694705963135	0.7812153100967407	False	[0 1 0 0 1 0 0 1 0]	[0 1 0 0 0 0 0 0 1]	[0 0 0 0 0 0]	[0 0 0 0 0 0]	[0]	[0 1 0 0 1 1 0 1 0]	[0 0 0 0 0 0 0 0 1]	[0 1 0 0 0 0]	[0 0 0 0 0 0]	[0]
20	-1.0	6.87249231338501	1.9644629955291748	1.9722951650619507	1.4267888069152832	1.5089454650878906	False	[0 1 0 0 1 1 0 1 0]	[0 0 0 0 0 0 0 0 1]	[0 1 0 0 0 0]	[0 0 0 0 0 0]	[0]	[0 1 0 0 1 1 0 0 0]	[0 1 0 0 0 0 0 0 1]	[0 0 0 0 0 0]	[0 0 0 1 0 0]	[0]
20	-1.0	5.854339599609375	2.031327962875366	2.1292693614959717	1.3297063112258911	0.3640361726284027	False	[0 1 0 0 1 1 0 0 0]	[0 1 0 0 0 0 0 0 1]	[0 0 0 0 0 0]	[0 0 0 1 0 0]	[0]	[0 1 0 0 1 0 0 0 0]	[0 1 0 0 0 1 0 0 1]	[0 1 0 0 0 0]	[0 0 0 0 0 0]	[0]
20	-1.0	6.7608795166015625	1.9524664878845215	2.0316922664642334	1.2700560092926025	1.5066649913787842	False	[0 1 0 0 1 0 0 0 0]	[0 1 0 0 0 1 0 0 1]	[0 1 0 0 0 0]	[0 0 0 0 0 0]	[0]	[0 1 0 0 1 0 0 1 0]	[0 1 0 0 1 1 0 0 1]	[0 0 0 0 0 0]	[0 0 0 1 0 0]	[0]
20	-1.0	5.926692008972168	2.1058337688446045	2.1850483417510986	1.2914609909057617	0.34434908628463745	False	[0 1 0 0 1 0 0 1 0]	[0 1 0 0 1 1 0 0 1]	[0 0 0 0 0 0]	[0 0 0 1 0 0]	[0]	[0 1 0 0 1 1 0 1 0]	[0 1 0 0 1 0 0 0 1]	[0 1 0 0 0 0]	[0 0 0 0 0 0]	[0]
20	-1.0	6.646127223968506	2.0005204677581787	2.084373712539673	1.404865026473999	1.1563678979873657	False	[0 1 0 0 1 1 0 1 0]	[0 1 0 0 1 0 0 0 1]	[0 1 0 0 0 0]	[0 0 0 0 0 0]	[0]	[0 1 0 0 0 1 0 1 0]	[0 0 0 0 1 0 0 0 1]	[0 0 0 0 0 0]	[0 0 0 0 0 0]	[0]
20	-1.0	5.824894428253174	1.9978736639022827	1.9733492136001587	0.863028883934021	0.9906426668167114	False	[0 1 0 0 0 1 0 1 0]	[0 0 0 0 1 0 0 0 1]	[0 0 0 0 0 0]	[0 0 0 0 0 0]	[0]	[0 1 0 0 0 0 0 1 0]	[0 1 0 0 1 0 0 0 1]	[0 1 0 0 0 0]	[0 0 0 0 0 0]	[0]
20	-1.0	6.625122547149658	1.9663878679275513	2.1534862518310547	1.3917633295059204	1.1134854555130005	False	[0 1 0 0 0 0 0 1 0]	[0 1 0 0 1 0 0 0 1]	[0 1 0 0 0 0]	[0 0 0 0 0 0]	[0]	[0 1 0 0 0 1 0 1 0]	[0 1 0 0 0 0 0 0 1]	[0 1 0 0 1 0]	[0 0 0 1 0 0]	[0]
20	-1.0	5.760636329650879	2.1810038089752197	2.097252130508423	0.9878803491592407	0.49449998140335083	False	[0 1 0 0 0 1 0 1 0]	[0 1 0 0 0 0 0 0 1]	[0 1 0 0 1 0]	[0 0 0 1 0 0]	[0]	[0 1 0 0 1 1 0 1 0]	[0 1 0 0 0 1 0 0 1]	[0 1 0 1 1 0]	[0 0 0 0 0 0]	[0]
20	0.5546604990959167	6.1504364013671875	2.1524970531463623	2.0269837379455566	0.8948872089385986	1.0760688781738281	False	[0 1 0 0 1 1 0 1 0]	[0 1 0 0 0 1 0 0 1]	[0 1 0 1 1 0]	[0 0 0 0 0 0]	[0]	[0 1 0 0 0 1 0 1 0]	[0 1 0 0 0 0 0 0 1]	[0 1 0 1 1 0]	[0 0 0 0 0 0]	[8]
20	0.3196963965892792	4.493869781494141	2.0926613807678223	2.0995092391967773	0.09793730825185776	0.20376218855381012	False	[0 1 0 0 0 1 0 1 0]	[0 1 0 0 0 0 0 0 1]	[0 1 0 1 1 0]	[0 0 0 0 0 0]	[8]	[0 1 0 1 0 1 0 1 0]	[0 1 0 0 0 0 0 0 0]	[1 1 0 1 1 0]	[1 0 0 0 0 0]	[8]
20	0.043653618544340134	4.411495208740234	2.069754123687744	2.1301534175872803	0.11499924957752228	0.09658877551555634	False	[0 1 0 1 0 1 0 1 0]	[0 1 0 0 0 0 0 0 0]	[1 1 0 1 1 0]	[1 0 0 0 0 0]	[8]	[0 1 0 1 1 1 0 1 0]	[0 0 0 0 0 0 0 0 0]	[0 1 0 1 1 0]	[0 0 0 0 0 0]	[8]
20	0.39724022150039673	4.5761823654174805	2.0943098068237305	2.0755715370178223	0.10693308711051941	0.2993680536746979	False	[0 1 0 1 1 1 0 1 0]	[0 0 0 0 0 0 0 0 0]	[0 1 0 1 1 0]	[0 0 0 0 0 0]	[8]	[0 1 0 0 1 1 0 1 0]	[0 1 0 0 0 0 0 0 0]	[1 1 0 1 1 0]	[1 0 0 0 0 0]	[8]
20	0.06853532046079636	4.377944469451904	2.0944559574127197	2.1176791191101074	0.09392091631889343	0.07188840955495834	False	[0 1 0 0 1 1 0 1 0]	[0 1 0 0 0 0 0 0 0]	[1 1 0 1 1 0]	[1 0 0 0 0 0]	[8]	[0 1 0 0 0 1 0 1 0]	[0 0 0 0 0 0 0 0 0]	[0 1 0 1 1 0]	[0 0 0 0 0 0]	[8]
20	0.36709269881248474	4.583151340484619	2.098581314086914	2.08797550201416	0.10697901248931885	0.2896157503128052	False	[0 1 0 0 0 1 0 1 0]	[0 0 0 0 0 0 0 0 0]	[0 1 0 1 1 0]	[0 0 0 0 0 0]	[8]	[0 1 0 1 0 1 0 1 0]	[0 1 0 0 0 0 0 0 0]	[1 1 0 1 1 0]	[1 0 0 0 0 0]	[8]
20	0.04878342151641846	4.377896308898926	2.0807666778564453	2.123530149459839	0.09568499028682709	0.0779142677783966	False	[0 1 0 1 0 1 0 1 0]	[0 1 0 0 0 0 0 0 0]	[1 1 0 1 1 0]	[1 0 0 0 0 0]	[8]	[0 1 0 1 1 1 0 1 0]	[0 0 0 0 0 0 0 0 0]	[0 1 0 1 1 0]	[0 0 0 0 0 0]	[8]
20	0.3872402310371399	4.568192481994629	2.1027112007141113	2.083299398422241	0.10852672159671783	0.27365541458129883	False	[0 1 0 1 1 1 0 1 0]	[0 0 0 0 0 0 0 0 0]	[0 1 0 1 1 0]	[0 0 0 0 0 0]	[8]	[0 1 0 0 1 1 0 1 0]	[0 1 0 0 0 0 0 0 0]	[1 1 0 1 1 0]	[1 0 0 0 0 0]	[8]
20	0.0477680005133152	4.408020973205566	2.0585527420043945	2.1210479736328125	0.1426035463809967	0.08581690490245819	False	[0 1 0 0 1 1 0 1 0]	[0 1 0 0 0 0 0 0 0]	[1 1 0 1 1 0]	[1 0 0 0 0 0]	[8]	[0 1 0 0 0 1 0 1 0]	[0 0 0 0 0 0 0 0 0]	[0 1 0 1 1 0]	[0 0 0 0 0 0]	[8]
20	0.34952494502067566	4.639819145202637	2.101539373397827	2.084645986557007	0.12407144904136658	0.3295624256134033	False	[0 1 0 0 0 1 0 1 0]	[0 0 0 0 0 0 0 0 0]	[0 1 0 1 1 0]	[0 0 0 0 0 0]	[8]	[0 1 0 1 0 1 0 1 0]	[0 1 0 0 0 0 0 0 0]	[1 1 0 1 1 0]	[1 0 0 0 0 0]	[8]
20	0.05860620364546776	4.374626159667969	2.0784404277801514	2.123366355895996	0.10396171361207962	0.0688570886850357	False	[0 1 0 1 0 1 0 1 0]	[0 1 0 0 0 0 0 0 0]	[1 1 0 1 1 0]	[1 0 0 0 0 0]	[8]	[0 1 0 1 1 1 0 1 0]	[0 0 0 0 0 0 0 0 0]	[0 1 0 1 1 0]	[0 0 0 0 0 0]	[8]
20	0.40542206168174744	4.649084568023682	2.1053450107574463	2.0853800773620605	0.1384413242340088	0.31991827487945557	False	[0 1 0 1 1 1 0 1 0]	[0 0 0 0 0 0 0 0 0]	[0 1 0 1 1 0]	[0 0 0 0 0 0]	[8]	[0 1 0 0 1 1 0 1 0]	[0 1 0 0 0 0 0 0 0]	[1 1 0 1 1 0]	[1 0 0 0 0 0]	[8]
20	0.07096178829669952	4.425475597381592	2.0855069160461426	2.123110771179199	0.11983807384967804	0.09701988101005554	False	[0 1 0 0 1 1 0 1 0]	[0 1 0 0 0 0 0 0 0]	[1 1 0 1 1 0]	[1 0 0 0 0 0]	[8]	[0 1 0 0 0 1 0 1 0]	[0 0 0 0 0 0 0 0 0]	[0 1 0 1 1 0]	[0 0 0 0 0 0]	[8]
20	0.3398439288139343	4.70654296875	2.092651128768921	2.069584369659424	0.1413109004497528	0.4029967784881592	False	[0 1 0 0 0 1 0 1 0]	[0 0 0 0 0 0 0 0 0]	[0 1 0 1 1 0]	[0 0 0 0 0 0]	[8]	[0 1 0 1 0 1 0 1 0]	[0 1 0 0 0 0 0 0 0]	[1 1 0 1 1 0]	[1 0 0 0 0 0]	[8]
20	0.400115042924881	4.42345666885376	2.0704128742218018	2.1268258094787598	0.14151036739349365	0.08470730483531952	False	[0 1 0 1 0 1 0 1 0]	[0 1 0 0 0 0 0 0 0]	[1 1 0 1 1 0]	[1 0 0 0 0 0]	[8]	[0 1 0 1 1 1 0 1 0]	[0 1 0 0 0 1 0 0 0]	[0 1 0 1 1 0]	[0 0 0 0 0 0]	[8]
20	0.32451295852661133	4.208017349243164	2.021022081375122	2.0662453174591064	0.03597252070903778	0.08477750420570374	False	[0 1 0 1 1 1 0 1 0]	[0 1 0 0 0 1 0 0 0]	[0 1 0 1 1 0]	[0 0 0 0 0 0]	[8]	[1 1 0 1 1 1 0 1 0]	[0 1 1 0 0 1 0 0 0]	[1 1 0 1 1 0]	[1 0 0 0 0 0]	[8]
20	0.2039237916469574	4.568131923675537	2.1019773483276367	2.0991134643554688	0.10369489341974258	0.26334622502326965	False	[1 1 0 1 1 1 0 1 0]	[0 1 1 0 0 1 0 0 0]	[1 1 0 1 1 0]	[1 0 0 0 0 0]	[8]	[1 1 0 0 1 1 0 1 0]	[0 0 1 0 0 1 0 0 0]	[0 1 0 1 1 0]	[0 0 0 0 0 0]	[8]
21	-0.75	6.056324481964111	2.0821921825408936	1.7640334367752075	1.38654363155365	0.8235548734664917	False	[0 0 0 0 0 0 0 0 0]	[0 0 1 0 0 0 1 0 0]	[1 0 0 1 0 0]	[0 0 0 1 0 1]	[6]	[0 0 0 0 1 0 0 0 0]	[0 0 1 0 0 0 0 0 0]	[1 0 1 1 0 0]	[0 0 0 0 0 1]	[2]
21	-0.5	6.240355491638184	1.94744873046875	1.9766767024993896	1.329358458518982	0.9868716597557068	False	[0 0 0 0 1 0 0 0 0]	[0 0 1 0 0 0 0 0 0]	[1 0 1 1 0 0]	[0 0 0 0 0 1]	[2]	[0 0 0 1 1 0 0 0 0]	[0 0 1 0 1 0 0 0 0]	[1 1 1 1 0 0]	[0 0 0 1 0 1]	[4]
21	-0.75	6.518874645233154	1.7630327939987183	2.0854480266571045	1.3771350383758545	1.2932592630386353	False	[0 0 0 1 1 0 0 0 0]	[0 0 1 0 1 0 0 0 0]	[1 1 1 1 0 0]	[0 0 0 1 0 1]	[4]	[0 0 0 0 1 0 0 0 0]	[0 0 1 0 1 0 1 0 0]	[1 1 0 1 0 0]	[0 0 0 0 0 1]	[2]
21	-0.5	6.551899433135986	1.9290794134140015	2.025730609893799	1.3133525848388672	1.2837367057800293	False	[0 0 0 0 1 0 0 0 0]	[0 0 1 0 1 0 1 0 0]	[1 1 0 1 0 0]	[0 0 0 0 0 1]	[2]	[0 0 0 1 1 0 0 0 0]	[0 0 1 0 0 0 1 0 0]	[1 1 0 1 1 0]	[0 0 0 1 0 1]	[4]
21	-0.25	6.315366268157959	1.841332197189331	1.9920419454574585	0.9084616899490356	1.5735307931900024	False	[0 0 0 1 1 0 0 0 0]	[0 0 1 0 0 0 1 0 0]	[1 1 0 1 1 0]	[0 0 0 1 0 1]	[4]	[0 0 0 0 1 0 0 0 0]	[1 0 1 0 0 0 1 0 0]	[0 1 0 1 1 0]	[0 0 0 1 0 0]	[6]
21	0.46709272265434265	5.3962531089782715	2.16251277923584	2.0433785915374756	0.8528650999069214	0.33749619126319885	False	[0 0 0 0 1 0 0 0 0]	[1 0 1 0 0 0 1 0 0]	[0 1 0 1 1 0]	[0 0 0 1 0 0]	[6]	[0 0 0 1 1 0 0 0 0]	[1 0 1 0 0 0 0 0 0]	[1 1 0 1 1 0]	[0 0 0 0 0 0]	[8]
21	0.06103842705488205	4.716583728790283	2.104830026626587	2.020392894744873	0.22171325981616974	0.36964744329452515	False	[0 0 0 1 1 0 0 0 0]	[1 0 1 0 0 0 0 0 0]	[1 1 0 1 1 0]	[0 0 0 0 0 0]	[8]	[0 0 0 0 1 0 0 0 0]	[1 0 0 0 0 0 0 0 0]	[0 1 0 1 1 0]	[1 0 0 0 0 0]	[8]
21	0.29392287135124207	4.580259323120117	2.142174005508423	1.9449303150177002	0.20675113797187805	0.2864034175872803	False	[0 0 0 0 1 0 0 0 0]	[1 0 0 0 0 0 0 0 0]	[0 1 0 1 1 0]	[1 0 0 0 0 0]	[8]	[0 0 0 0 1 0 0 1 0]	[1 0 0 0 0 0 1 0 0]	[1 1 0 1 1 0]	[0 0 0 0 0 0]	[24]
21	0.48193320631980896	4.325107574462891	2.1435227394104004	2.0755319595336914	0.0713101178407669	0.03474276512861252	False	[0 0 0 0 1 0 0 1 0]	[1 0 0 0 0 0 1 0 0]	[1 1 0 1 1 0]	[0 0 0 0 0 0]	[24]	[0 0 0 0 1 0 0 1 1]	[1 0 0 0 0 0 1 0 1]	[0 1 0 1 1 0]	[1 0 0 0 0 0]	[8]
21	0.3977067470550537	4.625437259674072	2.135000705718994	2.164058208465576	0.19276952743530273	0.13360869884490967	False	[0 0 0 0 1 0 0 1 1]	[1 0 0 0 0 0 1 0 1]	[0 1 0 1 1 0]	[1 0 0 0 0 0]	[8]	[0 0 0 1 1 0 0 1 1]	[0 0 0 0 0 0 1 0 1]	[1 1 0 1 1 0]	[0 0 0 0 0 0]	[8]
21	0.3852745294570923	4.370581150054932	2.148298740386963	2.076838970184326	0.10505636036396027	0.0403873547911644	False	[0 0 0 1 1 0 0 1 1]	[0 0 0 0 0 0 1 0 1]	[1 1 0 1 1 0]	[0 0 0 0 0 0]	[8]	[0 0 0 1 1 0 0 1 0]	[0 0 0 0 0 0 1 0 0]	[0 1 0 1 1 0]	[1 0 0 0 0 0]	[24]
21	0.06392472982406616	4.770362854003906	2.1442928314208984	2.037586212158203	0.1924367994070053	0.39604729413986206	False	[0 0 0 1 1 0 0 1 0]	[0 0 0 0 0 0 1 0 0]	[0 1 0 1 1 0]	[1 0 0 0 0 0]	[24]	[0 0 1 1 1 0 0 1 0]	[0 0 0 0 0 0 0 0 0]	[1 1 0 1 1 0]	[0 0 0 0 0 0]	[8]
21	0.43006807565689087	4.543684482574463	2.1618008613586426	2.147329807281494	0.14653095602989197	0.08802288770675659	False	[0 0 1 1 1 0 0 1 0]	[0 0 0 0 0 0 0 0 0]	[1 1 0 1 1 0]	[0 0 0 0 0 0]	[8]	[0 0 1 0 1 0 0 1 0]	[0 0 0 1 0 0 0 0 0]	[0 1 0 1 1 0]	[1 0 0 0 0 0]	[8]
21	0.38861584663391113	4.662313461303711	2.1477739810943604	2.16170334815979	0.19908209145069122	0.15375402569770813	False	[0 0 1 0 1 0 0 1 0]	[0 0 0 1 0 0 0 0 0]	[0 1 0 1 1 0]	[1 0 0 0 0 0]	[8]	[0 0 1 1 1 0 0 1 0]	[0 0 0 1 0 0 1 0 0]	[1 1 0 1 1 0]	[0 0 0 0 0 0]	[8]
21	0.41210466623306274	4.609772682189941	2.157482385635376	2.1552932262420654	0.1675514131784439	0.12944570183753967	False	[0 0 1 1 1 0 0 1 0]	[0 0 0 1 0 0 1 0 0]	[1 1 0 1 1 0]	[0 0 0 0 0 0]	[8]	[0 0 1 0 1 0 0 1 0]	[1 0 0 1 0 0 1 0 0]	[0 1 0 1 1 0]	[1 0 0 0 0 0]	[8]
21	0.36905843019485474	4.532507419586182	2.1588621139526367	2.1558074951171875	0.14202046394348145	0.0758175477385521	False	[0 0 1 0 1 0 0 1 0]	[1 0 0 1 0 0 1 0 0]	[0 1 0 1 1 0]	[1 0 0 0 0 0]	[8]	[0 0 1 1 1 0 0 1 0]	[1 0 0 1 0 0 0 0 0]	[1 1 0 1 1 0]	[0 0 0 0 0 0]	[8]
21	0.05074913054704666	4.537937164306641	2.1565215587615967	2.149927854537964	0.13474002480506897	0.09674779325723648	False	[0 0 1 1 1 0 0 1 0]	[1 0 0 1 0 0 0 0 0]	[1 1 0 1 1 0]	[0 0 0 0 0 0]	[8]	[0 0 0 1 1 0 0 1 0]	[1 0 0 0 0 0 0 0 0]	[0 1 0 1 1 0]	[1 0 0 0 0 0]	[24]
21	0.3402864933013916	4.612464904785156	2.1188652515411377	1.9505047798156738	0.1994025707244873	0.3436918556690216	False	[0 0 0 1 1 0 0 1 0]	[1 0 0 0 0 0 0 0 0]	[0 1 0 1 1 0]	[1 0 0 0 0 0]	[24]	[1 0 0 1 1 0 0 1 0]	[1 0 0 0 0 0 1 0 0]	[1 1 0 1 1 0]	[0 0 0 0 0 0]	[24]
21	0.05151069536805153	4.70457124710083	2.148327589035034	2.041790723800659	0.15424290299415588	0.360210120677948	False	[1 0 0 1 1 0 0 1 0]	[1 0 0 0 0 0 1 0 0]	[1 1 0 1 1 0]	[0 0 0 0 0 0]	[24]	[1 0 1 1 1 0 0 1 0]	[1 0 0 0 0 0 0 0 0]	[0 1 0 1 1 0]	[1 0 0 0 0 0]	[8]
21	0.053918976336717606	4.530449390411377	2.1624488830566406	2.1394875049591064	0.14741022884845734	0.08110296726226807	False	[1 0 1 1 1 0 0 1 0]	[1 0 0 0 0 0 0 0 0]	[0 1 0 1 1 0]	[1 0 0 0 0 0]	[8]	[1 0 1 0 1 0 0 1 0]	[0 0 0 0 0 0 0 0 0]	[1 1 0 1 1 0]	[0 0 0 0 0 0]	[8]
21	0.3877067565917969	4.381906032562256	2.1125495433807373	1.9547019004821777	0.12869428098201752	0.1859607994556427	False	[1 0 1 0 1 0 0 1 0]	[0 0 0 0 0 0 0 0 0]	[1 1 0 1 1 0]	[0 0 0 0 0 0]	[8]	[1 0 1 0 1 0 0 0 0]	[0 0 0 0 0 0 1 0 0]	[0 1 0 1 1 0]	[1 0 0 0 0 0]	[8]
21	0.48193320631980896	4.246464252471924	2.1277706623077393	1.9440021514892578	0.14472471177577972	0.029966972768306732	False	[1 0 1 0 1 0 0 0 0]	[0 0 0 0 0 0 1 0 0]	[0 1 0 1 1 0]	[1 0 0 0 0 0]	[8]	[1 0 0 0 1 0 0 0 0]	[0 0 0 0 0 0 1 0 1]	[1 1 0 1 1 0]	[0 0 0 0 0 0]	[8]
21	0.35178568959236145	4.5989532470703125	2.122076988220215	1.9667487144470215	0.20777049660682678	0.30235719680786133	False	[1 0 0 0 1 0 0 0 0]	[0 0 0 0 0 0 1 0 1]	[1 1 0 1 1 0]	[0 0 0 0 0 0]	[8]	[1 0 0 1 1 0 0 0 0]	[0 0 0 0 0 0 0 0 1]	[0 1 0 1 1 0]	[1 0 0 0 0 0]	[8]
21	0.3823997378349304	4.615818977355957	2.146834373474121	2.1481778621673584	0.22712334990501404	0.09368301928043365	False	[1 0 0 1 1 0 0 0 0]	[0 0 0 0 0 0 0 0 1]	[0 1 0 1 1 0]	[1 0 0 0 0 0]	[8]	[1 0 1 1 1 0 0 0 0]	[0 0 0 0 0 1 0 0 1]	[1 1 0 1 1 0]	[0 0 0 0 0 0]	[8]
21	0.2972402274608612	4.586751937866211	2.1416094303131104	1.9754225015640259	0.19479966163635254	0.2749204635620117	False	[1 0 1 1 1 0 0 0 0]	[0 0 0 0 0 1 0 0 1]	[1 1 0 1 1 0]	[0 0 0 0 0 0]	[8]	[1 0 1 1 1 0 0 1 0]	[0 0 0 0 0 1 1 0 1]	[0 1 0 1 1 0]	[1 0 0 0 0 0]	[8]
21	0.4790584146976471	4.2941508293151855	2.12636137008667	1.9565935134887695	0.16678594052791595	0.04441003128886223	False	[1 0 1 1 1 0 0 1 0]	[0 0 0 0 0 1 1 0 1]	[0 1 0 1 1 0]	[1 0 0 0 0 0]	[8]	[1 0 0 1 1 0 0 1 0]	[0 0 0 0 0 1 1 0 0]	[1 1 0 1 1 0]	[0 0 0 0 0 0]	[8]
21	0.4273877739906311	4.638039588928223	2.113307476043701	2.0168700218200684	0.1849498152732849	0.3229121267795563	False	[1 0 0 1 1 0 0 1 0]	[0 0 0 0 0 1 1 0 0]	[1 1 0 1 1 0]	[0 0 0 0 0 0]	[8]	[1 0 0 0 1 0 0 1 0]	[0 0 0 0 0 1 0 0 0]	[0 1 0 1 1 0]	[1 0 0 0 0 0]	[8]
21	0.4910241365432739	4.66553258895874	2.143667221069336	2.1479902267456055	0.26641637086868286	0.10745853185653687	False	[1 0 0 0 1 0 0 1 0]	[0 0 0 0 0 1 0 0 0]	[0 1 0 1 1 0]	[1 0 0 0 0 0]	[8]	[1 0 1 0 1 0 0 1 0]	[0 0 0 0 0 1 1 0 0]	[1 1 0 1 1 0]	[0 0 0 0 0 0]	[8]
21	0.26908236742019653	4.417789459228516	2.0996994972229004	1.9524965286254883	0.1476563662290573	0.21793687343597412	False	[1 0 1 0 1 0 0 1 0]	[0 0 0 0 0 1 1 0 0]	[1 1 0 1 1 0]	[0 0 0 0 0 0]	[8]	[1 0 1 1 1 0 0 1 0]	[0 0 1 0 0 1 1 0 0]	[0 1 0 1 1 0]	[1 0 0 0 0 0]	[8]
21	0.49724024534225464	4.756494045257568	2.1346166133880615	2.0372138023376465	0.21692433953285217	0.36773985624313354	False	[1 0 1 1 1 0 0 1 0]	[0 0 1 0 0 1 1 0 0]	[0 1 0 1 1 0]	[1 0 0 0 0 0]	[8]	[1 0 1 0 1 0 0 1 0]	[0 0 0 0 0 1 1 0 0]	[1 1 0 1 1 0]	[0 0 0 0 0 0]	[8]
22	-1.0	7.096163749694824	2.1698544025421143	2.168623208999634	1.55033540725708	1.207350492477417	False	[0 0 0 0 0 0 0 0 0]	[0 0 0 1 1 0 0 0 1]	[0 1 0 0 0 0]	[0 0 0 0 0 0]	[0]	[0 0 0 0 0 0 0 1 0]	[0 0 0 1 1 0 1 0 1]	[0 1 1 0 0 0]	[0 0 0 1 0 0]	[0]
22	-1.0	6.4301958084106445	2.2256836891174316	2.125058650970459	1.4539070129394531	0.6255465149879456	False	[0 0 0 0 0 0 0 1 0]	[0 0 0 1 1 0 1 0 1]	[0 1 1 0 0 0]	[0 0 0 1 0 0]	[0]	[0 0 1 0 0 0 0 1 0]	[0 0 0 1 1 0 1 0 1]	[0 1 0 0 0 0]	[0 0 0 0 0 0]	[0]
22	-0.5	7.13600492477417	2.198190212249756	2.202909469604492	1.5367300510406494	1.1981748342514038	False	[0 0 1 0 0 0 0 1 0]	[0 0 0 1 1 0 1 0 1]	[0 1 0 0 0 0]	[0 0 0 0 0 0]	[0]	[0 0 1 1 0 0 0 1 0]	[0 0 0 1 1 0 0 0 1]	[0 1 1 0 0 0]	[0 0 0 1 0 0]	[4]
22	-1.0	5.815909385681152	2.132859468460083	2.126024007797241	1.2350213527679443	0.32200419902801514	False	[0 0 1 1 0 0 0 1 0]	[0 0 0 1 1 0 0 0 1]	[0 1 1 0 0 0]	[0 0 0 1 0 0]	[4]	[0 0 0 1 0 0 0 1 0]	[0 0 0 1 1 0 0 1 1]	[0 1 1 0 1 0]	[0 0 0 0 0 0]	[0]
22	-1.0	6.328122615814209	1.931616187095642	2.1281089782714844	1.5084846019744873	0.7599130868911743	False	[0 0 0 1 0 0 0 1 0]	[0 0 0 1 1 0 0 1 1]	[0 1 1 0 1 0]	[0 0 0 0 0 0]	[0]	[0 0 0 1 0 0 0 0 0]	[0 1 0 1 1 0 0 1 1]	[0 1 0 0 1 0]	[0 0 0 0 0 0]	[0]
22	-0.25	6.4384660720825195	2.1808035373687744	2.235611915588379	1.0049405097961426	1.0171104669570923	False	[0 0 0 1 0 0 0 0 0]	[0 1 0 1 1 0 0 1 1]	[0 1 0 0 1 0]	[0 0 0 0 0 0]	[0]	[0 0 0 0 0 0 0 0 0]	[0 1 0 1 0 0 0 1 1]	[0 1 0 0 1 0]	[0 0 0 0 0 0]	[6]
22	0.33072906732559204	5.86187219619751	2.15002703666687	2.1385297775268555	0.7994665503501892	0.7738485336303711	False	[0 0 0 0 0 0 0 0 0]	[0 1 0 1 0 0 0 1 1]	[0 1 0 0 1 0]	[0 0 0 0 0 0]	[6]	[0 0 0 1 0 0 0 0 0]	[0 1 0 1 1 0 0 1 1]	[0 1 0 1 1 0]	[1 0 0 0 0 0]	[8]
22	0.3810241222381592	4.47498083114624	2.098060369491577	2.133697986602783	0.12721383571624756	0.11600863188505173	False	[0 0 0 1 0 0 0 0 0]	[0 1 0 1 1 0 0 1 1]	[0 1 0 1 1 0]	[1 0 0 0 0 0]	[8]	[1 0 0 1 0 0 0 0 0]	[0 1 0 1 1 0 0 1 0]	[1 1 0 1 1 0]	[0 0 0 0 0 0]	[8]
22	0.09734267741441727	4.574962615966797	2.134775161743164	2.1558289527893066	0.16986283659934998	0.11449563503265381	False	[1 0 0 1 0 0 0 0 0]	[0 1 0 1 1 0 0 1 0]	[1 1 0 1 1 0]	[0 0 0 0 0 0]	[8]	[1 0 0 0 0 0 0 0 0]	[0 1 0 1 0 0 0 1 0]	[0 1 0 1 1 0]	[1 0 0 0 0 0]	[24]
22	0.32163816690444946	4.673866271972656	2.149277925491333	2.1459836959838867	0.2196345031261444	0.15897023677825928	False	[1 0 0 0 0 0 0 0 0]	[0 1 0 1 0 0 0 1 0]	[0 1 0 1 1 0]	[1 0 0 0 0 0]	[24]	[1 0 0 1 0 0 0 0 0]	[1 1 0 1 0 0 0 1 0]	[1 1 0 1 1 0]	[0 0 0 0 0 0]	[24]
22	0.09058916568756104	4.6624298095703125	2.1366820335388184	2.156816244125366	0.2041788250207901	0.16475273668766022	False	[1 0 0 1 0 0 0 0 0]	[1 1 0 1 0 0 0 1 0]	[1 1 0 1 1 0]	[0 0 0 0 0 0]	[24]	[1 0 0 0 0 0 0 0 0]	[0 1 0 1 0 0 0 1 0]	[0 1 0 1 1 0]	[1 0 0 0 0 0]	[24]
22	0.2761836051940918	4.61056661605835	2.1504554748535156	2.1529829502105713	0.1724342554807663	0.134693905711174	False	[1 0 0 0 0 0 0 0 0]	[0 1 0 1 0 0 0 1 0]	[0 1 0 1 1 0]	[1 0 0 0 0 0]	[24]	[1 0 0 1 0 0 0 0 0]	[1 1 0 1 0 0 0 1 0]	[1 1 0 1 1 0]	[0 0 0 0 0 0]	[24]
22	0.10368812829256058	4.6071553230285645	2.1427276134490967	2.148622989654541	0.16304558515548706	0.15275941789150238	False	[1 0 0 1 0 0 0 0 0]	[1 1 0 1 0 0 0 1 0]	[1 1 0 1 1 0]	[0 0 0 0 0 0]	[24]	[1 0 0 0 0 0 0 0 0]	[0 1 0 1 0 0 0 1 0]	[0 1 0 1 1 0]	[1 0 0 0 0 0]	[24]
22	0.2914906442165375	4.665894031524658	2.1435725688934326	2.157588005065918	0.2125348150730133	0.1521982103586197	False	[1 0 0 0 0 0 0 0 0]	[0 1 0 1 0 0 0 1 0]	[0 1 0 1 1 0]	[1 0 0 0 0 0]	[24]	[1 0 0 1 0 0 0 0 0]	[1 1 0 1 0 0 0 1 0]	[1 1 0 1 1 0]	[0 0 0 0 0 0]	[24]
22	0.08712426573038101	4.622334957122803	2.1445839405059814	2.14841365814209	0.17625200748443604	0.1530855894088745	False	[1 0 0 1 0 0 0 0 0]	[1 1 0 1 0 0 0 1 0]	[1 1 0 1 1 0]	[0 0 0 0 0 0]	[24]	[1 0 0 0 0 0 0 0 0]	[0 1 0 1 0 0 0 1 0]	[0 1 0 1 1 0]	[1 0 0 0 0 0]	[24]
22	0.33072906732559204	4.664999485015869	2.1493849754333496	2.1554923057556152	0.2248300462961197	0.1352921575307846	False	[1 0 0 0 0 0 0 0 0]	[0 1 0 1 0 0 0 1 0]	[0 1 0 1 1 0]	[1 0 0 0 0 0]	[24]	[1 0 0 1 0 0 0 0 0]	[1 1 0 1 0 0 0 1 0]	[1 1 0 1 1 0]	[0 0 0 0 0 0]	[24]
22	0.1084107980132103	4.618290424346924	2.146775245666504	2.1481969356536865	0.1727246642112732	0.15059326589107513	False	[1 0 0 1 0 0 0 0 0]	[1 1 0 1 0 0 0 1 0]	[1 1 0 1 1 0]	[0 0 0 0 0 0]	[24]	[1 0 0 0 0 0 0 0 0]	[0 1 0 1 0 0 0 1 0]	[0 1 0 1 1 0]	[1 0 0 0 0 0]	[24]
22	0.3121046721935272	4.543188571929932	2.147609233856201	2.148758888244629	0.14040766656398773	0.10641308128833771	False	[1 0 0 0 0 0 0 0 0]	[0 1 0 1 0 0 0 1 0]	[0 1 0 1 1 0]	[1 0 0 0 0 0]	[24]	[1 0 0 1 0 0 0 0 0]	[1 1 0 1 0 0 0 1 0]	[1 1 0 1 1 0]	[0 0 0 0 0 0]	[24]
22	0.10867040604352951	4.55580472946167	2.135587215423584	2.1539664268493652	0.1486184298992157	0.11763307452201843	False	[1 0 0 1 0 0 0 0 0]	[1 1 0 1 0 0 0 1 0]	[1 1 0 1 1 0]	[0 0 0 0 0 0]	[24]	[1 0 0 0 0 0 0 0 0]	[0 1 0 1 0 0 0 1 0]	[0 1 0 1 1 0]	[1 0 0 0 0 0]	[24]
22	0.31542205810546875	4.665309906005859	2.1472692489624023	2.1544928550720215	0.21328923106193542	0.15025843679904938	False	[1 0 0 0 0 0 0 0 0]	[0 1 0 1 0 0 0 1 0]	[0 1 0 1 1 0]	[1 0 0 0 0 0]	[24]	[1 0 0 1 0 0 0 0 0]	[1 1 0 1 0 0 0 1 0]	[1 1 0 1 1 0]	[0 0 0 0 0 0]	[24]
22	0.09797972440719604	4.6113786697387695	2.144956350326538	2.1514625549316406	0.1744631677865982	0.14049628376960754	False	[1 0 0 1 0 0 0 0 0]	[1 1 0 1 0 0 0 1 0]	[1 1 0 1 1 0]	[0 0 0 0 0 0]	[24]	[1 0 0 0 0 0 0 0 0]	[0 1 0 1 0 0 0 1 0]	[0 1 0 1 1 0]	[1 0 0 0 0 0]	[24]
22	0.3489108979701996	4.616918087005615	2.1482136249542236	2.1548943519592285	0.1799735724925995	0.1338360607624054	False	[1 0 0 0 0 0 0 0 0]	[0 1 0 1 0 0 0 1 0]	[0 1 0 1 1 0]	[1 0 0 0 0 0]	[24]	[1 0 0 1 0 0 0 0 0]	[1 1 0 1 0 0 0 1 0]	[1 1 0 1 1 0]	[0 0 0 0 0 0]	[24]
22	0.09582529962062836	4.662383079528809	2.142455577850342	2.1494107246398926	0.19799521565437317	0.17252172529697418	False	[1 0 0 1 0 0 0 0 0]	[1 1 0 1 0 0 0 1 0]	[1 1 0 1 1 0]	[0 0 0 0 0 0]	[24]	[1 0 0 0 0 0 0 0 0]	[0 1 0 1 0 0 0 1 0]	[0 1 0 1 1 0]	[1 0 0 0 0 0]	[24]
22	0.10346396267414093	4.674060821533203	2.148247003555298	2.1532745361328125	0.21927672624588013	0.1532626897096634	False	[1 0 0 0 0 0 0 0 0]	[0 1 0 1 0 0 0 1 0]	[0 1 0 1 1 0]	[1 0 0 0 0 0]	[24]	[0 0 0 0 0 0 0 0 0]	[1 1 0 1 0 0 0 1 0]	[1 1 0 1 1 0]	[0 0 0 0 0 0]	[24]
22	0.3489108979701996	4.71077823638916	2.148542881011963	2.1437294483184814	0.222008615732193	0.19649672508239746	False	[0 0 0 0 0 0 0 0 0]	[1 1 0 1 0 0 0 1 0]	[1 1 0 1 1 0]	[0 0 0 0 0 0]	[24]	[0 0 0 1 0 0 0 0 0]	[0 1 0 1 0 0 0 1 0]	[0 1 0 1 1 0]	[1 0 0 0 0 0]	[24]
22	0.07884187251329422	4.618837356567383	2.14376163482666	2.1542415618896484	0.17900840938091278	0.14182579517364502	False	[0 0 0 1 0 0 0 0 0]	[0 1 0 1 0 0 0 1 0]	[0 1 0 1 1 0]	[1 0 0 0 0 0]	[24]	[0 0 0 0 0 0 0 0 0]	[1 1 0 1 0 0 0 1 0]	[1 1 0 1 1 0]	[0 0 0 0 0 0]	[24]
22	0.28527453541755676	4.756947994232178	2.143287181854248	2.1483962535858154	0.25881290435791016	0.20645186305046082	False	[0 0 0 0 0 0 0 0 0]	[1 1 0 1 0 0 0 1 0]	[1 1 0 1 1 0]	[0 0 0 0 0 0]	[24]	[0 0 0 1 0 0 0 0 0]	[0 1 0 1 0 0 0 1 0]	[0 1 0 1 1 0]	[1 0 0 0 0 0]	[24]
22	0.12002207338809967	4.5614237785339355	2.1456539630889893	2.150110960006714	0.15858982503414154	0.10706920921802521	False	[0 0 0 1 0 0 0 0 0]	[0 1 0 1 0 0 0 1 0]	[0 1 0 1 1 0]	[1 0 0 0 0 0]	[24]	[0 0 0 0 0 0 0 0 0]	[1 1 0 1 0 0 0 1 0]	[1 1 0 1 1 0]	[0 0 0 0 0 0]	[24]
22	0.35178568959236145	4.715158462524414	2.1522035598754883	2.1522789001464844	0.2440454363822937	0.16663050651550293	False	[0 0 0 0 0 0 0 0 0]	[1 1 0 1 0 0 0 1 0]	[1 1 0 1 1 0]	[0 0 0 0 0 0]	[24]	[0 0 0 1 0 0 0 0 0]	[0 1 0 1 0 0 0 1 0]	[0 1 0 1 1 0]	[1 0 0 0 0 0]	[24]
22	0.09815694391727448	4.6019792556762695	2.1473753452301025	2.1491692066192627	0.1671660840511322	0.13826864957809448	False	[0 0 0 1 0 0 0 0 0]	[0 1 0 1 0 0 0 1 0]	[0 1 0 1 1 0]	[1 0 0 0 0 0]	[24]	[0 0 0 0 0 0 0 0 0]	[1 1 0 1 0 0 0 1 0]	[1 1 0 1 1 0]	[0 0 0 0 0 0]	[24]
23	-1.0	6.885918140411377	2.156999111175537	1.963828682899475	1.1695361137390137	1.595554232597351	False	[0 0 1 0 1 0 0 1 0]	[0 0 0 1 0 1 0 1 0]	[1 0 0 0 0 1]	[0 1 0 0 0 0]	[0]	[0 0 1 0 1 0 0 1 0]	[0 0 0 1 0 1 0 1 0]	[1 0 0 0 1 1]	[0 1 0 0 0 1]	[0]
23	-0.75	6.763252258300781	2.214665412902832	1.8600842952728271	1.2012414932250977	1.4872609376907349	False	[0 0 1 0 1 0 0 1 0]	[0 0 0 1 0 1 0 1 0]	[1 0 0 0 1 1]	[0 1 0 0 0 1]	[0]	[0 0 1 1 1 0 0 1 0]	[0 0 0 1 0 1 0 1 0]	[1 0 1 0 1 1]	[0 0 0 0 0 1]	[2]
23	-0.25	6.523370742797852	2.0073513984680176	2.0034666061401367	1.0837815999984741	1.4287711381912231	False	[0 0 1 1 1 0 0 1 0]	[0 0 0 1 0 1 0 1 0]	[1 0 1 0 1 1]	[0 0 0 0 0 1]	[2]	[0 0 1 1 1 0 0 0 0]	[0 0 0 0 0 1 0 1 0]	[1 0 1 0 0 1]	[0 0 0 0 0 0]	[6]
23	0.3460361063480377	5.596108436584473	2.0772299766540527	2.101822853088379	0.7025202512741089	0.7145352363586426	False	[0 0 1 1 1 0 0 0 0]	[0 0 0 0 0 1 0 1 0]	[1 0 1 0 0 1]	[0 0 0 0 0 0]	[6]	[0 0 1 1 1 1 0 0 0]	[0 0 0 0 1 1 0 1 0]	[1 0 1 1 0 1]	[1 0 0 0 0 0]	[8]
23	0.3590584099292755	4.6857452392578125	1.9493114948272705	2.062758684158325	0.272308886051178	0.4013659954071045	False	[0 0 1 1 1 1 0 0 0]	[0 0 0 0 1 1 0 1 0]	[1 0 1 1 0 1]	[1 0 0 0 0 0]	[8]	[1 0 1 1 1 1 0 0 0]	[0 0 0 0 0 1 0 1 0]	[0 0 1 1 0 1]	[0 0 0 0 0 0]	[8]
23	0.2977067530155182	4.560213088989258	2.095493793487549	2.128542184829712	0.19902990758419037	0.1371467411518097	False	[1 0 1 1 1 1 0 0 0]	[0 0 0 0 0 1 0 1 0]	[0 0 1 1 0 1]	[0 0 0 0 0 0]	[8]	[0 0 1 1 1 1 0 0 0]	[0 0 0 0 1 1 0 1 0]	[1 0 1 1 0 1]	[1 0 0 0 0 0]	[8]
23	0.39483195543289185	4.6558308601379395	1.932863712310791	2.049933433532715	0.25917506217956543	0.4138590395450592	False	[0 0 1 1 1 1 0 0 0]	[0 0 0 0 1 1 0 1 0]	[1 0 1 1 0 1]	[1 0 0 0 0 0]	[8]	[1 0 1 1 1 1 0 0 0]	[0 0 0 0 0 1 0 1 0]	[0 0 1 1 0 1]	[0 0 0 0 0 0]	[8]
23	0.3460361063480377	4.5266618728637695	2.0976641178131104	2.128782272338867	0.17738965153694153	0.12282615900039673	False	[1 0 1 1 1 1 0 0 0]	[0 0 0 0 0 1 0 1 0]	[0 0 1 1 0 1]	[0 0 0 0 0 0]	[8]	[0 0 1 1 1 1 0 0 0]	[0 0 0 0 1 1 0 1 0]	[1 0 1 1 0 1]	[1 0 0 0 0 0]	[8]
23	0.4336038827896118	4.581264972686768	1.9302806854248047	2.0534143447875977	0.20879483222961426	0.38877540826797485	False	[0 0 1 1 1 1 0 0 0]	[0 0 0 0 1 1 0 1 0]	[1 0 1 1 0 1]	[1 0 0 0 0 0]	[8]	[1 0 1 1 1 1 0 0 0]	[0 0 0 0 0 1 0 1 0]	[0 0 1 1 0 1]	[0 0 0 0 0 0]	[8]
23	0.3034563362598419	4.563992023468018	2.098024606704712	2.121004819869995	0.20766237378120422	0.13729998469352722	False	[1 0 1 1 1 1 0 0 0]	[0 0 0 0 0 1 0 1 0]	[0 0 1 1 0 1]	[0 0 0 0 0 0]	[8]	[0 0 1 1 1 1 0 0 0]	[0 0 0 0 1 1 0 1 0]	[1 0 1 1 0 1]	[1 0 0 0 0 0]	[8]
23	0.4364786744117737	4.692941188812256	1.9409615993499756	2.0634593963623047	0.25880682468414307	0.42971330881118774	False	[0 0 1 1 1 1 0 0 0]	[0 0 0 0 1 1 0 1 0]	[1 0 1 1 0 1]	[1 0 0 0 0 0]	[8]	[1 0 1 1 1 1 0 0 0]	[0 0 0 0 0 1 0 1 0]	[0 0 1 1 0 1]	[0 0 0 0 0 0]	[8]
23	0.27043402194976807	4.574343204498291	2.0915708541870117	2.1251676082611084	0.2081463634967804	0.14945770800113678	False	[1 0 1 1 1 1 0 0 0]	[0 0 0 0 0 1 0 1 0]	[0 0 1 1 0 1]	[0 0 0 0 0 0]	[8]	[0 0 1 1 1 1 0 0 0]	[0 0 0 0 1 1 0 1 0]	[1 0 1 1 0 1]	[1 0 0 0 0 0]	[8]
23	0.41451296210289	4.593737602233887	1.947432279586792	2.059016704559326	0.24314454197883606	0.344144344329834	False	[0 0 1 1 1 1 0 0 0]	[0 0 0 0 1 1 0 1 0]	[1 0 1 1 0 1]	[1 0 0 0 0 0]	[8]	[1 0 1 1 1 1 0 0 0]	[0 0 0 0 0 1 0 1 0]	[0 0 1 1 0 1]	[0 0 0 0 0 0]	[8]
23	0.28770676255226135	4.494499206542969	2.088970422744751	2.127638578414917	0.14227895438671112	0.13561105728149414	False	[1 0 1 1 1 1 0 0 0]	[0 0 0 0 0 1 0 1 0]	[0 0 1 1 0 1]	[0 0 0 0 0 0]	[8]	[0 0 1 1 1 1 0 0 0]	[0 0 0 0 1 1 0 1 0]	[1 0 1 1 0 1]	[1 0 0 0 0 0]	[8]
23	0.4063311517238617	4.7194743156433105	1.964285135269165	2.071336507797241	0.2397157847881317	0.4441371560096741	False	[0 0 1 1 1 1 0 0 0]	[0 0 0 0 1 1 0 1 0]	[1 0 1 1 0 1]	[1 0 0 0 0 0]	[8]	[1 0 1 1 1 1 0 0 0]	[0 0 0 0 0 1 0 1 0]	[0 0 1 1 0 1]	[0 0 0 0 0 0]	[8]
23	0.30633115768432617	4.563908100128174	2.10684871673584	2.1151719093322754	0.22252506017684937	0.11936235427856445	False	[1 0 1 1 1 1 0 0 0]	[0 0 0 0 0 1 0 1 0]	[0 0 1 1 0 1]	[0 0 0 0 0 0]	[8]	[0 0 1 1 1 1 0 0 0]	[0 0 0 0 1 1 0 1 0]	[1 0 1 1 0 1]	[1 0 0 0 0 0]	[8]
23	0.36043402552604675	4.683154106140137	1.936666488647461	2.062164783477783	0.26393836736679077	0.4203842580318451	False	[0 0 1 1 1 1 0 0 0]	[0 0 0 0 1 1 0 1 0]	[1 0 1 1 0 1]	[1 0 0 0 0 0]	[8]	[1 0 1 1 1 1 0 0 0]	[0 0 0 0 0 1 0 1 0]	[0 0 1 1 0 1]	[0 0 0 0 0 0]	[8]
23	0.28814932703971863	4.499220848083496	2.0980982780456543	2.1243691444396973	0.15599758923053741	0.12075556814670563	False	[1 0 1 1 1 1 0 0 0]	[0 0 0 0 0 1 0 1 0]	[0 0 1 1 0 1]	[0 0 0 0 0 0]	[8]	[0 0 1 1 1 1 0 0 0]	[0 0 0 0 1 1 0 1 0]	[1 0 1 1 0 1]	[1 0 0 0 0 0]	[8]
23	0.4719332158565521	4.687074661254883	1.9186192750930786	2.0501744747161865	0.25696054100990295	0.46132051944732666	False	[0 0 1 1 1 1 0 0 0]	[0 0 0 0 1 1 0 1 0]	[1 0 1 1 0 1]	[1 0 0 0 0 0]	[8]	[1 0 1 1 1 1 0 0 0]	[0 0 0 0 0 1 0 1 0]	[0 0 1 1 0 1]	[0 0 0 0 0 0]	[8]
23	0.3087633550167084	4.597546577453613	2.0960159301757812	2.1294589042663574	0.21253688633441925	0.1595349907875061	False	[1 0 1 1 1 1 0 0 0]	[0 0 0 0 0 1 0 1 0]	[0 0 1 1 0 1]	[0 0 0 0 0 0]	[8]	[0 0 1 1 1 1 0 0 0]	[0 0 0 0 1 1 0 1 0]	[1 0 1 1 0 1]	[1 0 0 0 0 0]	[8]
23	0.39058154821395874	4.766175746917725	1.9402408599853516	2.066256284713745	0.3117077648639679	0.4479702115058899	False	[0 0 1 1 1 1 0 0 0]	[0 0 0 0 1 1 0 1 0]	[1 0 1 1 0 1]	[1 0 0 0 0 0]	[8]	[1 0 1 1 1 1 0 0 0]	[0 0 0 0 0 1 0 1 0]	[0 0 1 1 0 1]	[0 0 0 0 0 0]	[8]
23	0.3489108979701996	4.594134330749512	2.094747304916382	2.1302456855773926	0.20967832207679749	0.1594633311033249	False	[1 0 1 1 1 1 0 0 0]	[0 0 0 0 0 1 0 1 0]	[0 0 1 1 0 1]	[0 0 0 0 0 0]	[8]	[0 0 1 1 1 1 0 0 0]	[0 0 0 0 1 1 0 1 0]	[1 0 1 1 0 1]	[1 0 0 0 0 0]	[8]
23	0.40345636010169983	4.5889177322387695	1.946735143661499	2.064765453338623	0.2038009762763977	0.3736162781715393	False	[0 0 1 1 1 1 0 0 0]	[0 0 0 0 1 1 0 1 0]	[1 0 1 1 0 1]	[1 0 0 0 0 0]	[8]	[1 0 1 1 1 1 0 0 0]	[0 0 0 0 0 1 0 1 0]	[0 0 1 1 0 1]	[0 0 0 0 0 0]	[8]
23	0.3278542757034302	4.548686504364014	2.104250192642212	2.129758596420288	0.18340113759040833	0.13127638399600983	False	[1 0 1 1 1 1 0 0 0]	[0 0 0 0 0 1 0 1 0]	[0 0 1 1 0 1]	[0 0 0 0 0 0]	[8]	[0 0 1 1 1 1 0 0 0]	[0 0 0 0 1 1 0 1 0]	[1 0 1 1 0 1]	[1 0 0 0 0 0]	[8]
23	0.40920594334602356	4.636491298675537	1.9387311935424805	2.059054136276245	0.227346271276474	0.4113597869873047	False	[0 0 1 1 1 1 0 0 0]	[0 0 0 0 1 1 0 1 0]	[1 0 1 1 0 1]	[1 0 0 0 0 0]	[8]	[1 0 1 1 1 1 0 0 0]	[0 0 0 0 0 1 0 1 0]	[0 0 1 1 0 1]	[0 0 0 0 0 0]	[8]
23	0.35178568959236145	4.536479949951172	2.088223695755005	2.1209685802459717	0.1841006875038147	0.1431868076324463	False	[1 0 1 1 1 1 0 0 0]	[0 0 0 0 0 1 0 1 0]	[0 0 1 1 0 1]	[0 0 0 0 0 0]	[8]	[0 0 1 1 1 1 0 0 0]	[0 0 0 0 1 1 0 1 0]	[1 0 1 1 0 1]	[1 0 0 0 0 0]	[8]
23	0.39724022150039673	4.613408088684082	1.9561240673065186	2.0704281330108643	0.2149258553981781	0.37192994356155396	False	[0 0 1 1 1 1 0 0 0]	[0 0 0 0 1 1 0 1 0]	[1 0 1 1 0 1]	[1 0 0 0 0 0]	[8]	[1 0 1 1 1 1 0 0 0]	[0 0 0 0 0 1 0 1 0]	[0 0 1 1 0 1]	[0 0 0 0 0 0]	[8]
23	0.35178568959236145	4.496252059936523	2.09147572517395	2.130058526992798	0.14253899455070496	0.13217884302139282	False	[1 0 1 1 1 1 0 0 0]	[0 0 0 0 0 1 0 1 0]	[0 0 1 1 0 1]	[0 0 0 0 0 0]	[8]	[0 0 1 1 1 1 0 0 0]	[0 0 0 0 1 1 0 1 0]	[1 0 1 1 0 1]	[1 0 0 0 0 0]	[8]
23	0.4278542697429657	4.559695720672607	1.9132238626480103	2.0536999702453613	0.19662892818450928	0.3961428999900818	False	[0 0 1 1 1 1 0 0 0]	[0 0 0 0 1 1 0 1 0]	[1 0 1 1 0 1]	[1 0 0 0 0 0]	[8]	[1 0 1 1 1 1 0 0 0]	[0 0 0 0 0 1 0 1 0]	[0 0 1 1 0 1]	[0 0 0 0 0 0]	[8]
23	0.2948319613933563	4.574904918670654	2.0961406230926514	2.1205365657806396	0.2111397087574005	0.1470881849527359	False	[1 0 1 1 1 1 0 0 0]	[0 0 0 0 0 1 0 1 0]	[0 0 1 1 0 1]	[0 0 0 0 0 0]	[8]	[0 0 1 1 1 1 0 0 0]	[0 0 0 0 1 1 0 1 0]	[1 0 1 1 0 1]	[1 0 0 0 0 0]	[8]
24	-1.0	6.9202728271484375	2.0917835235595703	2.024061441421509	1.3868483304977417	1.4175798892974854	False	[0 1 1 1 0 0 0 0 0]	[0 1 0 0 0 0 0 0 0]	[0 0 0 0 0 0]	[1 0 0 1 1 0]	[4]	[0 1 0 1 0 0 0 0 0]	[0 1 0 0 0 0 0 1 0]	[0 0 0 0 0 1]	[0 0 0 1 1 0]	[0]
24	-0.75	6.465943813323975	1.9247831106185913	1.81070876121521	1.5669536590576172	1.1634985208511353	False	[0 1 0 1 0 0 0 0 0]	[0 1 0 0 0 0 0 1 0]	[0 0 0 0 0 1]	[0 0 0 1 1 0]	[0]	[0 1 0 1 0 0 0 0 0]	[0 1 0 0 0 0 0 1 0]	[0 0 0 0 1 1]	[0 0 0 1 1 0]	[2]
24	-0.75	7.032296657562256	2.0596487522125244	2.1185808181762695	1.597365379333496	1.2567018270492554	False	[0 1 0 1 0 0 0 0 0]	[0 1 0 0 0 0 0 1 0]	[0 0 0 0 1 1]	[0 0 0 1 1 0]	[2]	[0 1 0 1 0 1 0 0 0]	[0 1 0 1 0 0 0 1 0]	[0 1 0 0 1 1]	[0 0 0 1 0 0]	[2]
24	-0.75	5.985464096069336	2.077836275100708	2.041790723800659	1.3145134449005127	0.551323652267456	False	[0 1 0 1 0 1 0 0 0]	[0 1 0 1 0 0 0 1 0]	[0 1 0 0 1 1]	[0 0 0 1 0 0]	[2]	[0 1 0 1 0 1 0 1 0]	[0 1 1 1 0 0 0 1 0]	[0 0 0 0 1 1]	[0 0 0 0 0 0]	[2]
24	-0.25	6.449760437011719	2.085592269897461	2.0378684997558594	1.1925770044326782	1.1337229013442993	False	[0 1 0 1 0 1 0 1 0]	[0 1 1 1 0 0 0 1 0]	[0 0 0 0 1 1]	[0 0 0 0 0 0]	[2]	[0 1 1 1 0 1 0 1 0]	[0 1 0 1 0 0 0 1 0]	[0 1 0 0 1 1]	[0 0 0 1 0 0]	[6]
24	-0.75	6.0553483963012695	2.0138444900512695	1.9812349081039429	1.5017294883728027	0.5585392117500305	False	[0 1 1 1 0 1 0 1 0]	[0 1 0 1 0 0 0 1 0]	[0 1 0 0 1 1]	[0 0 0 1 0 0]	[6]	[0 1 1 1 1 1 0 1 0]	[0 1 1 1 0 0 0 1 0]	[0 0 0 0 1 1]	[0 0 0 0 0 0]	[2]
24	-0.75	6.485929489135742	2.0785207748413086	2.0303916931152344	1.2356956005096436	1.1413213014602661	False	[0 1 1 1 1 1 0 1 0]	[0 1 1 1 0 0 0 1 0]	[0 0 0 0 1 1]	[0 0 0 0 0 0]	[2]	[0 1 0 1 1 1 0 1 0]	[0 1 0 1 0 0 0 1 0]	[0 1 0 0 1 1]	[0 0 0 1 0 0]	[2]
24	-0.75	6.18165397644043	2.0996055603027344	2.0599465370178223	1.4773269891738892	0.5447750687599182	False	[0 1 0 1 1 1 0 1 0]	[0 1 0 1 0 0 0 1 0]	[0 1 0 0 1 1]	[0 0 0 1 0 0]	[2]	[0 1 0 1 1 1 0 0 0]	[0 1 1 1 0 0 0 1 0]	[0 0 0 0 1 1]	[0 0 0 0 0 0]	[2]
24	-0.75	6.232363700866699	2.031015396118164	2.0582549571990967	1.2799084186553955	0.8631847500801086	False	[0 1 0 1 1 1 0 0 0]	[0 1 1 1 0 0 0 1 0]	[0 0 0 0 1 1]	[0 0 0 0 0 0]	[2]	[0 1 0 1 1 1 0 1 0]	[0 0 1 1 0 0 0 1 0]	[0 1 0 0 1 1]	[0 0 0 1 0 0]	[2]
24	-0.75	6.085761070251465	2.057464361190796	2.0040438175201416	1.3689727783203125	0.6552802324295044	False	[0 1 0 1 1 1 0 1 0]	[0 0 1 1 0 0 0 1 0]	[0 1 0 0 1 1]	[0 0 0 1 0 0]	[2]	[0 1 0 1 0 1 0 1 0]	[0 0 0 1 0 0 0 1 0]	[0 0 0 0 1 1]	[0 0 0 0 0 0]	[2]
24	-0.75	6.514037132263184	2.0805492401123047	2.0372979640960693	1.2729086875915527	1.1232811212539673	False	[0 1 0 1 0 1 0 1 0]	[0 0 0 1 0 0 0 1 0]	[0 0 0 0 1 1]	[0 0 0 0 0 0]	[2]	[0 1 0 1 0 1 0 0 0]	[0 0 1 1 0 0 0 1 0]	[0 1 0 0 1 1]	[0 0 0 1 0 0]	[2]
24	-0.75	6.419305801391602	2.0737929344177246	2.0321993827819824	1.4750409126281738	0.8382728099822998	False	[0 1 0 1 0 1 0 0 0]	[0 0 1 1 0 0 0 1 0]	[0 1 0 0 1 1]	[0 0 0 1 0 0]	[2]	[0 1 0 1 1 1 0 0 0]	[0 0 0 1 0 0 0 1 0]	[0 0 0 0 1 1]	[0 0 0 0 0 0]	[2]
24	-0.75	6.29291296005249	2.0343148708343506	2.0726802349090576	1.2963582277297974	0.8895595669746399	False	[0 1 0 1 1 1 0 0 0]	[0 0 0 1 0 0 0 1 0]	[0 0 0 0 1 1]	[0 0 0 0 0 0]	[2]	[0 1 0 1 1 1 0 1 0]	[0 1 0 1 0 0 0 1 0]	[0 1 0 0 1 1]	[0 0 0 1 0 0]	[2]
24	-0.75	6.031905174255371	2.094831705093384	2.061314821243286	1.4430476427078247	0.43271124362945557	False	[0 1 0 1 1 1 0 1 0]	[0 1 0 1 0 0 0 1 0]	[0 1 0 0 1 1]	[0 0 0 1 0 0]	[2]	[0 1 1 1 1 1 0 1 0]	[0 1 1 1 0 0 0 1 0]	[0 0 0 0 1 1]	[0 0 0 0 0 0]	[2]
24	-0.75	6.567320823669434	2.0839555263519287	2.0438520908355713	1.2808200120925903	1.1586933135986328	False	[0 1 1 1 1 1 0 1 0]	[0 1 1 1 0 0 0 1 0]	[0 0 0 0 1 1]	[0 0 0 0 0 0]	[2]	[0 1 0 1 1 1 0 1 0]	[0 1 0 1 0 0 0 1 0]	[0 1 0 0 1 1]	[0 0 0 1 0 0]	[2]
24	-0.75	6.025607585906982	2.0920236110687256	2.0488057136535645	1.370406985282898	0.5143715143203735	False	[0 1 0 1 1 1 0 1 0]	[0 1 0 1 0 0 0 1 0]	[0 1 0 0 1 1]	[0 0 0 1 0 0]	[2]	[0 1 0 1 1 1 0 0 0]	[0 1 1 1 0 0 0 1 0]	[0 0 0 0 1 1]	[0 0 0 0 0 0]	[2]
24	-0.75	6.370345115661621	2.0333967208862305	2.047759771347046	1.2542665004730225	1.034921646118164	False	[0 1 0 1 1 1 0 0 0]	[0 1 1 1 0 0 0 1 0]	[0 0 0 0 1 1]	[0 0 0 0 0 0]	[2]	[0 1 0 1 1 1 0 1 0]	[0 0 1 1 0 0 0 1 0]	[0 1 0 0 1 1]	[0 0 0 1 0 0]	[2]
24	-0.75	6.149988651275635	2.0639877319335938	2.016594886779785	1.3184020519256592	0.7510039210319519	False	[0 1 0 1 1 1 0 1 0]	[0 0 1 1 0 0 0 1 0]	[0 1 0 0 1 1]	[0 0 0 1 0 0]	[2]	[0 1 0 1 0 1 0 1 0]	[0 0 0 1 0 0 0 1 0]	[0 0 0 0 1 1]	[0 0 0 0 0 0]	[2]
24	-0.75	6.723060131072998	2.1092123985290527	2.0778512954711914	1.356537103652954	1.1794590950012207	False	[0 1 0 1 0 1 0 1 0]	[0 0 0 1 0 0 0 1 0]	[0 0 0 0 1 1]	[0 0 0 0 0 0]	[2]	[0 1 0 1 0 1 0 0 0]	[0 0 1 1 0 0 0 1 0]	[0 1 0 0 1 1]	[0 0 0 1 0 0]	[2]
24	-0.75	6.314785003662109	2.060624122619629	2.0117695331573486	1.3444932699203491	0.8978979587554932	False	[0 1 0 1 0 1 0 0 0]	[0 0 1 1 0 0 0 1 0]	[0 1 0 0 1 1]	[0 0 0 1 0 0]	[2]	[0 1 0 1 1 1 0 0 0]	[0 0 0 1 0 0 0 1 0]	[0 0 0 0 1 1]	[0 0 0 0 0 0]	[2]
24	-0.75	6.363043785095215	2.038628339767456	2.062563180923462	1.216680645942688	1.0451719760894775	False	[0 1 0 1 1 1 0 0 0]	[0 0 0 1 0 0 0 1 0]	[0 0 0 0 1 1]	[0 0 0 0 0 0]	[2]	[0 1 0 1 1 1 0 1 0]	[0 1 0 1 0 0 0 1 0]	[0 1 0 0 1 1]	[0 0 0 1 0 0]	[2]
24	-0.75	5.949803829193115	2.0979678630828857	2.0530903339385986	1.4049962759017944	0.3937491774559021	False	[0 1 0 1 1 1 0 1 0]	[0 1 0 1 0 0 0 1 0]	[0 1 0 0 1 1]	[0 0 0 1 0 0]	[2]	[0 1 0 1 1 1 0 0 0]	[0 1 1 1 0 0 0 1 0]	[0 0 0 0 1 1]	[0 0 0 0 0 0]	[2]
24	-0.75	6.416367053985596	2.0446300506591797	2.052379846572876	1.2386573553085327	1.0807000398635864	False	[0 1 0 1 1 1 0 0 0]	[0 1 1 1 0 0 0 1 0]	[0 0 0 0 1 1]	[0 0 0 0 0 0]	[2]	[0 1 0 1 1 1 0 1 0]	[0 0 1 1 0 0 0 1 0]	[0 1 0 0 1 1]	[0 0 0 1 0 0]	[2]
24	-0.75	6.158674716949463	2.052171230316162	2.0073277950286865	1.3779850006103516	0.7211908102035522	False	[0 1 0 1 1 1 0 1 0]	[0 0 1 1 0 0 0 1 0]	[0 1 0 0 1 1]	[0 0 0 1 0 0]	[2]	[0 1 0 1 0 1 0 1 0]	[0 0 0 1 0 0 0 1 0]	[0 0 0 0 1 1]	[0 0 0 0 0 0]	[2]
24	-0.75	6.570530414581299	2.0828843116760254	2.030492067337036	1.3104735612869263	1.146680235862732	False	[0 1 0 1 0 1 0 1 0]	[0 0 0 1 0 0 0 1 0]	[0 0 0 0 1 1]	[0 0 0 0 0 0]	[2]	[0 1 1 1 0 1 0 1 0]	[0 0 1 1 0 0 0 1 0]	[0 1 0 0 1 1]	[0 0 0 1 0 0]	[2]
24	-0.75	6.257187366485596	2.0680766105651855	2.021667003631592	1.4344239234924316	0.7330198287963867	False	[0 1 1 1 0 1 0 1 0]	[0 0 1 1 0 0 0 1 0]	[0 1 0 0 1 1]	[0 0 0 1 0 0]	[2]	[0 1 1 1 1 1 0 1 0]	[0 0 0 1 0 0 0 1 0]	[0 0 0 0 1 1]	[0 0 0 0 0 0]	[2]
24	-0.25	6.286019325256348	2.038715362548828	2.057619571685791	1.2356559038162231	0.9540283679962158	False	[0 1 1 1 1 1 0 1 0]	[0 0 0 1 0 0 0 1 0]	[0 0 0 0 1 1]	[0 0 0 0 0 0]	[2]	[0 1 1 1 1 1 0 0 0]	[0 1 0 1 0 0 0 1 0]	[0 1 0 0 1 1]	[0 0 0 1 0 0]	[6]
24	-0.75	6.036167144775391	2.079181432723999	2.065760612487793	1.4987643957138062	0.39246058464050293	False	[0 1 1 1 1 1 0 0 0]	[0 1 0 1 0 0 0 1 0]	[0 1 0 0 1 1]	[0 0 0 1 0 0]	[6]	[0 1 0 1 1 1 0 0 0]	[0 1 1 1 0 0 0 1 0]	[0 0 0 0 1 1]	[0 0 0 0 0 0]	[2]
24	-0.75	6.334438323974609	2.046520471572876	2.0590760707855225	1.2393333911895752	0.9895087480545044	False	[0 1 0 1 1 1 0 0 0]	[0 1 1 1 0 0 0 1 0]	[0 0 0 0 1 1]	[0 0 0 0 0 0]	[2]	[0 1 0 1 1 1 0 1 0]	[0 0 1 1 0 0 0 1 0]	[0 1 0 0 1 1]	[0 0 0 1 0 0]	[2]
24	-0.75	6.158893585205078	2.0614078044891357	2.015744686126709	1.3638612031936646	0.7178800106048584	False	[0 1 0 1 1 1 0 1 0]	[0 0 1 1 0 0 0 1 0]	[0 1 0 0 1 1]	[0 0 0 1 0 0]	[2]	[0 1 0 1 0 1 0 1 0]	[0 0 0 1 0 0 0 1 0]	[0 0 0 0 1 1]	[0 0 0 0 0 0]	[2]
25	-1.0	7.210249423980713	2.232632875442505	2.0019447803497314	1.7393462657928467	1.2363256216049194	False	[1 1 0 1 0 0 0 0 0]	[0 0 0 0 0 1 0 0 0]	[0 0 0 0 0 0]	[0 0 1 1 1 0]	[0]	[1 1 0 0 0 0 0 0 0]	[0 0 0 0 0 0 0 0 0]	[0 0 0 0 0 1]	[0 0 0 1 1 0]	[0]
25	-1.0	7.185484886169434	2.123426675796509	2.110474109649658	1.3724803924560547	1.5791034698486328	False	[1 1 0 0 0 0 0 0 0]	[0 0 0 0 0 0 0 0 0]	[0 0 0 0 0 1]	[0 0 0 1 1 0]	[0]	[1 1 0 0 1 0 0 0 0]	[0 0 0 0 1 0 0 0 0]	[0 0 0 0 1 1]	[0 0 0 1 1 1]	[0]
25	-1.0	7.14639949798584	2.005255699157715	2.1506874561309814	1.448989987373352	1.541466474533081	False	[1 1 0 0 1 0 0 0 0]	[0 0 0 0 1 0 0 0 0]	[0 0 0 0 1 1]	[0 0 0 1 1 1]	[0]	[0 1 0 0 1 0 0 0 0]	[0 0 0 0 1 0 0 0 1]	[0 0 1 0 1 1]	[0 0 0 1 1 0]	[0]
25	0.4154220521450043	4.887583255767822	1.5813767910003662	0.6432783007621765	1.3387154340744019	1.3242124319076538	False	[0 1 0 0 1 0 0 0 0]	[0 0 0 0 1 0 0 0 1]	[0 0 1 0 1 1]	[0 0 0 1 1 0]	[0]	[0 1 0 0 1 0 0 0 0]	[0 0 0 0 1 0 0 0 1]	[0 0 1 0 0 1]	[0 1 0 1 1 0]	[12]
25	-0.5	6.4803571701049805	2.0026841163635254	1.968713641166687	0.8164968490600586	1.6924622058868408	False	[0 1 0 0 1 0 0 0 0]	[0 0 0 0 1 0 0 0 1]	[0 0 1 0 0 1]	[0 1 0 1 1 0]	[12]	[0 1 0 1 1 0 0 0 0]	[0 0 0 0 0 0 0 0 1]	[0 0 1 1 0 1]	[0 0 0 1 1 0]	[4]
25	-1.0	6.202169418334961	2.0209548473358154	1.9714727401733398	1.3518117666244507	0.8579302430152893	False	[0 1 0 1 1 0 0 0 0]	[0 0 0 0 0 0 0 0 1]	[0 0 1 1 0 1]	[0 0 0 1 1 0]	[4]	[0 1 0 1 1 1 0 0 0]	[0 0 0 0 1 0 0 0 1]	[0 0 1 0 0 1]	[0 0 0 1 0 0]	[0]
25	-1.0	5.3753437995910645	2.11494779586792	2.0952682495117188	0.5089309215545654	0.6561970710754395	False	[0 1 0 1 1 1 0 0 0]	[0 0 0 0 1 0 0 0 1]	[0 0 1 0 0 1]	[0 0 0 1 0 0]	[0]	[0 1 0 1 1 1 0 0 0]	[0 0 0 0 1 0 0 1 1]	[0 0 1 0 0 1]	[0 0 0 0 0 0]	[0]
25	-1.0	6.3101091384887695	2.2123289108276367	2.1357247829437256	1.081443428993225	0.8806118965148926	False	[0 1 0 1 1 1 0 0 0]	[0 0 0 0 1 0 0 1 1]	[0 0 1 0 0 1]	[0 0 0 0 0 0]	[0]	[0 1 0 1 1 1 1 0 0]	[0 0 0 0 1 1 0 1 1]	[0 0 1 0 0 1]	[0 0 0 0 0 0]	[0]
25	-1.0	6.291946887969971	2.151238441467285	2.0958967208862305	0.9914756417274475	1.053336262702942	False	[0 1 0 1 1 1 1 0 0]	[0 0 0 0 1 1 0 1 1]	[0 0 1 0 0 1]	[0 0 0 0 0 0]	[0]	[0 1 0 1 1 0 1 0 0]	[0 0 0 0 1 1 0 1 1]	[0 0 1 0 0 1]	[1 0 0 0 0 0]	[0]
25	-1.0	6.3500189781188965	2.1830813884735107	2.206289529800415	0.9494719505310059	1.0111759901046753	False	[0 1 0 1 1 0 1 0 0]	[0 0 0 0 1 1 0 1 1]	[0 0 1 0 0 1]	[1 0 0 0 0 0]	[0]	[0 1 0 1 1 0 0 0 0]	[0 0 0 0 1 0 0 1 1]	[0 0 1 0 0 1]	[0 0 0 0 0 0]	[0]
25	-1.0	6.245782375335693	2.1810290813446045	2.2141616344451904	0.8737711906433105	0.9768204092979431	False	[0 1 0 1 1 0 0 0 0]	[0 0 0 0 1 0 0 1 1]	[0 0 1 0 0 1]	[0 0 0 0 0 0]	[0]	[0 1 0 1 1 1 0 0 0]	[0 0 0 0 1 1 0 1 1]	[0 0 1 0 0 1]	[1 0 0 0 0 0]	[0]
25	-1.0	6.306207180023193	2.2168402671813965	2.1424169540405273	1.040154218673706	0.9067960977554321	False	[0 1 0 1 1 1 0 0 0]	[0 0 0 0 1 1 0 1 1]	[0 0 1 0 0 1]	[1 0 0 0 0 0]	[0]	[0 1 0 1 1 1 1 0 0]	[0 0 0 0 1 0 0 1 1]	[0 0 1 0 0 1]	[1 0 0 0 0 0]	[0]
25	-1.0	6.734340190887451	2.2166495323181152	2.1300039291381836	1.412927269935608	0.9747593998908997	False	[0 1 0 1 1 1 1 0 0]	[0 0 0 0 1 0 0 1 1]	[0 0 1 0 0 1]	[1 0 0 0 0 0]	[0]	[0 1 0 1 1 1 0 0 0]	[0 0 0 0 1 1 0 1 1]	[0 0 1 0 0 1]	[1 0 0 0 0 0]	[0]
25	-1.0	6.220178127288818	2.220724105834961	2.1417860984802246	0.9342746734619141	0.9233932495117188	False	[0 1 0 1 1 1 0 0 0]	[0 0 0 0 1 1 0 1 1]	[0 0 1 0 0 1]	[1 0 0 0 0 0]	[0]	[0 1 0 1 1 1 1 0 0]	[0 0 1 0 1 1 0 1 1]	[0 0 1 0 0 1]	[1 0 0 0 0 0]	[0]
25	-1.0	6.1697587966918945	2.152146100997925	2.11905837059021	0.8505672812461853	1.0479872226715088	False	[0 1 0 1 1 1 1 0 0]	[0 0 1 0 1 1 0 1 1]	[0 0 1 0 0 1]	[1 0 0 0 0 0]	[0]	[0 1 0 1 1 0 1 0 0]	[0 0 1 0 1 1 0 1 1]	[0 0 1 0 0 1]	[0 0 0 0 0 0]	[0]
25	-1.0	6.089332580566406	2.1408979892730713	2.1406097412109375	0.7978634834289551	1.0099618434906006	False	[0 1 0 1 1 0 1 0 0]	[0 0 1 0 1 1 0 1 1]	[0 0 1 0 0 1]	[0 0 0 0 0 0]	[0]	[0 1 0 1 1 1 1 0 0]	[0 0 1 0 1 1 0 1 1]	[0 0 1 0 0 1]	[1 0 0 0 0 0]	[0]
25	-1.0	6.036665916442871	2.145615577697754	2.1147072315216064	0.7459392547607422	1.0304040908813477	False	[0 1 0 1 1 1 1 0 0]	[0 0 1 0 1 1 0 1 1]	[0 0 1 0 0 1]	[1 0 0 0 0 0]	[0]	[0 1 0 1 1 0 1 0 0]	[0 0 1 0 1 1 0 1 1]	[0 0 1 0 0 1]	[0 0 0 0 0 0]	[0]
25	-1.0	6.117355823516846	2.136126756668091	2.103102207183838	0.7680178880691528	1.110108733177185	False	[0 1 0 1 1 0 1 0 0]	[0 0 1 0 1 1 0 1 1]	[0 0 1 0 0 1]	[0 0 0 0 0 0]	[0]	[0 1 0 1 1 1 1 0 0]	[0 0 1 0 1 1 0 1 1]	[0 0 1 0 0 1]	[1 0 0 0 0 0]	[0]
25	-1.0	6.158849716186523	2.148940086364746	2.14680814743042	0.8690614104270935	0.9940398335456848	False	[0 1 0 1 1 1 1 0 0]	[0 0 1 0 1 1 0 1 1]	[0 0 1 0 0 1]	[1 0 0 0 0 0]	[0]	[0 1 0 1 1 0 1 0 0]	[0 0 1 0 1 1 0 1 1]	[0 0 1 0 0 1]	[0 0 0 0 0 0]	[0]
25	-1.0	6.104935646057129	2.136139154434204	2.1332340240478516	0.7908869981765747	1.044675588607788	False	[0 1 0 1 1 0 1 0 0]	[0 0 1 0 1 1 0 1 1]	[0 0 1 0 0 1]	[0 0 0 0 0 0]	[0]	[0 1 0 1 1 1 1 0 0]	[0 0 1 0 1 1 0 1 1]	[0 0 1 0 0 1]	[1 0 0 0 0 0]	[0]
25	-1.0	6.175017356872559	2.14450740814209	2.142826795578003	0.8678126335144043	1.0198701620101929	False	[0 1 0 1 1 1 1 0 0]	[0 0 1 0 1 1 0 1 1]	[0 0 1 0 0 1]	[1 0 0 0 0 0]	[0]	[0 1 0 1 1 0 1 0 0]	[0 0 1 0 1 1 0 1 1]	[0 0 1 0 0 1]	[0 0 0 0 0 0]	[0]
25	-1.0	6.028244495391846	2.1393020153045654	2.123516321182251	0.7344669103622437	1.030959129333496	False	[0 1 0 1 1 0 1 0 0]	[0 0 1 0 1 1 0 1 1]	[0 0 1 0 0 1]	[0 0 0 0 0 0]	[0]	[0 1 0 1 1 1 1 0 0]	[0 0 1 0 1 1 0 1 1]	[0 0 1 0 0 1]	[1 0 0 0 0 0]	[0]
25	-1.0	6.030149459838867	2.1495625972747803	2.1363539695739746	0.7983294129371643	0.9459038972854614	False	[0 1 0 1 1 1 1 0 0]	[0 0 1 0 1 1 0 1 1]	[0 0 1 0 0 1]	[1 0 0 0 0 0]	[0]	[0 1 0 1 1 0 1 0 0]	[0 0 1 0 1 1 0 1 1]	[0 0 1 0 0 1]	[0 0 0 0 0 0]	[0]
25	-1.0	6.319828987121582	2.1623964309692383	2.12660551071167	1.0118969678878784	1.0189297199249268	False	[0 1 0 1 1 0 1 0 0]	[0 0 1 0 1 1 0 1 1]	[0 0 1 0 0 1]	[0 0 0 0 0 0]	[0]	[0 1 0 1 1 1 1 0 0]	[0 0 1 0 1 1 0 1 1]	[0 0 1 0 0 1]	[1 0 0 0 0 0]	[0]
25	-1.0	5.998310565948486	2.1438159942626953	2.1201930046081543	0.7311109304428101	1.003190517425537	False	[0 1 0 1 1 1 1 0 0]	[0 0 1 0 1 1 0 1 1]	[0 0 1 0 0 1]	[1 0 0 0 0 0]	[0]	[0 1 0 1 1 0 1 0 0]	[0 0 1 0 1 1 0 1 1]	[0 0 1 0 0 1]	[0 0 0 0 0 0]	[0]
25	-1.0	6.164329528808594	2.14433217048645	2.1126420497894287	0.8234579563140869	1.0838974714279175	False	[0 1 0 1 1 0 1 0 0]	[0 0 1 0 1 1 0 1 1]	[0 0 1 0 0 1]	[0 0 0 0 0 0]	[0]	[0 1 0 1 1 1 1 0 0]	[0 0 1 0 1 1 0 1 1]	[0 0 1 0 0 1]	[1 0 0 0 0 0]	[0]
25	-1.0	6.076776504516602	2.15077805519104	2.1384081840515137	0.8189979791641235	0.9685922265052795	False	[0 1 0 1 1 1 1 0 0]	[0 0 1 0 1 1 0 1 1]	[0 0 1 0 0 1]	[1 0 0 0 0 0]	[0]	[0 1 0 1 1 0 1 0 0]	[0 0 1 0 1 1 0 1 1]	[0 0 1 0 0 1]	[0 0 0 0 0 0]	[0]
25	-1.0	6.290205001831055	2.156782388687134	2.129586696624756	0.9443385601043701	1.0594966411590576	False	[0 1 0 1 1 0 1 0 0]	[0 0 1 0 1 1 0 1 1]	[0 0 1 0 0 1]	[0 0 0 0 0 0]	[0]	[0 1 0 1 1 1 1 0 0]	[0 0 1 0 1 1 0 1 1]	[0 0 1 0 0 1]	[1 0 0 0 0 0]	[0]
25	-1.0	5.970821380615234	2.136949300765991	2.0982043743133545	0.7064257860183716	1.0292420387268066	False	[0 1 0 1 1 1 1 0 0]	[0 0 1 0 1 1 0 1 1]	[0 0 1 0 0 1]	[1 0 0 0 0 0]	[0]	[0 1 0 1 1 0 1 0 0]	[0 0 1 0 1 1 0 1 1]	[0 0 1 0 0 1]	[0 0 0 0 0 0]	[0]
25	-1.0	5.969290733337402	2.150217056274414	2.1372833251953125	0.7594413161277771	0.9223490357398987	False	[0 1 0 1 1 0 1 0 0]	[0 0 1 0 1 1 0 1 1]	[0 0 1 0 0 1]	[0 0 0 0 0 0]	[0]	[0 1 0 1 1 1 1 0 0]	[0 0 1 0 1 1 0 1 1]	[0 0 1 0 0 1]	[1 0 0 0 0 0]	[0]
26	-0.75	6.714211940765381	1.9360074996948242	2.1487314701080322	1.4269920587539673	1.2024813890457153	False	[0 1 0 0 1 1 0 0 0]	[0 1 0 0 0 0 0 0 0]	[0 1 1 0 1 0]	[0 1 1 0 0 1]	[6]	[0 1 0 0 1 1 0 0 1]	[0 1 0 1 0 0 0 0 0]	[0 0 1 0 1 0]	[0 0 1 0 0 1]	[2]
26	-0.75	6.38213586807251	1.95974600315094	2.1145546436309814	1.5825915336608887	0.7252435088157654	False	[0 1 0 0 1 1 0 0 1]	[0 1 0 1 0 0 0 0 0]	[0 0 1 0 1 0]	[0 0 1 0 0 1]	[2]	[1 1 0 0 1 1 0 0 1]	[0 1 1 1 0 0 0 0 0]	[0 0 1 1 1 0]	[0 0 1 0 1 1]	[2]
26	-0.75	6.393340110778809	1.9119528532028198	2.107426404953003	1.5159913301467896	0.8579696416854858	False	[1 1 0 0 1 1 0 0 1]	[0 1 1 1 0 0 0 0 0]	[0 0 1 1 1 0]	[0 0 1 0 1 1]	[2]	[0 1 0 0 1 1 0 0 1]	[0 1 1 1 0 0 0 1 0]	[0 1 1 1 1 0]	[0 0 1 0 0 1]	[2]
26	-0.25	6.582324028015137	1.930908441543579	2.10443377494812	1.671997308731079	0.874984860420227	False	[0 1 0 0 1 1 0 0 1]	[0 1 1 1 0 0 0 1 0]	[0 1 1 1 1 0]	[0 0 1 0 0 1]	[2]	[1 1 0 0 1 1 0 0 1]	[0 1 0 1 0 0 0 1 0]	[0 1 1 0 1 0]	[0 0 1 0 1 1]	[6]
26	-0.5	6.8680620193481445	1.9897242784500122	2.0725221633911133	1.6015639305114746	1.204251766204834	False	[1 1 0 0 1 1 0 0 1]	[0 1 0 1 0 0 0 1 0]	[0 1 1 0 1 0]	[0 0 1 0 1 1]	[6]	[0 1 0 0 1 1 0 0 1]	[0 1 0 1 0 0 0 1 1]	[0 0 1 0 1 0]	[0 0 1 0 1 0]	[4]
26	-0.75	5.7610602378845215	1.9425537586212158	2.0487732887268066	1.4593526124954224	0.3103802502155304	False	[0 1 0 0 1 1 0 0 1]	[0 1 0 1 0 0 0 1 1]	[0 0 1 0 1 0]	[0 0 1 0 1 0]	[4]	[1 1 0 0 1 1 0 0 1]	[0 1 0 1 0 0 0 0 1]	[0 1 1 0 1 0]	[0 0 1 0 0 0]	[2]
26	-0.25	6.811687469482422	2.025615692138672	2.0533368587493896	1.278006672859192	1.454728364944458	False	[1 1 0 0 1 1 0 0 1]	[0 1 0 1 0 0 0 0 1]	[0 1 1 0 1 0]	[0 0 1 0 0 0]	[2]	[1 1 0 0 1 1 0 1 1]	[0 1 0 1 0 0 0 0 0]	[0 1 0 0 1 0]	[0 0 1 0 0 1]	[6]
26	0.24937741458415985	6.135781288146973	2.109560489654541	2.099212169647217	0.6031608581542969	1.323848009109497	False	[1 1 0 0 1 1 0 1 1]	[0 1 0 1 0 0 0 0 0]	[0 1 0 0 1 0]	[0 0 1 0 0 1]	[6]	[1 1 1 0 1 1 0 1 1]	[0 1 1 1 0 0 0 0 0]	[0 1 0 1 1 0]	[0 0 1 1 0 1]	[8]
26	0.2761836051940918	5.153032302856445	2.0235867500305176	2.0312001705169678	0.13843415677547455	0.9598115086555481	False	[1 1 1 0 1 1 0 1 1]	[0 1 1 1 0 0 0 0 0]	[0 1 0 1 1 0]	[0 0 1 1 0 1]	[8]	[1 1 1 0 1 0 0 1 1]	[0 0 1 1 0 0 0 0 0]	[1 1 0 1 1 0]	[1 0 1 1 0 1]	[8]
26	0.2522521913051605	4.948325157165527	2.0187063217163086	2.0327157974243164	0.11103615909814835	0.7858664989471436	False	[1 1 1 0 1 0 0 1 1]	[0 0 1 1 0 0 0 0 0]	[1 1 0 1 1 0]	[1 0 1 1 0 1]	[8]	[1 1 1 0 1 1 0 1 1]	[0 1 1 1 0 0 0 0 0]	[0 1 0 1 1 0]	[0 0 1 1 0 1]	[8]
26	0.28527453541755676	5.1813764572143555	2.0319671630859375	2.036594867706299	0.1550547033548355	0.9577600359916687	False	[1 1 1 0 1 1 0 1 1]	[0 1 1 1 0 0 0 0 0]	[0 1 0 1 1 0]	[0 0 1 1 0 1]	[8]	[1 1 1 0 1 0 0 1 1]	[0 0 1 1 0 0 0 0 0]	[1 1 0 1 1 0]	[1 0 1 1 0 1]	[8]
26	0.22544600069522858	5.086771488189697	2.020339250564575	2.037585735321045	0.15409520268440247	0.8747509121894836	False	[1 1 1 0 1 0 0 1 1]	[0 0 1 1 0 0 0 0 0]	[1 1 0 1 1 0]	[1 0 1 1 0 1]	[8]	[1 1 1 0 1 1 0 1 1]	[0 1 1 1 0 0 0 0 0]	[0 1 0 1 1 0]	[0 0 1 1 0 1]	[8]
26	0.2886158525943756	5.135976314544678	2.042762517929077	2.0413026809692383	0.15751171112060547	0.894399106502533	False	[1 1 1 0 1 1 0 1 1]	[0 1 1 1 0 0 0 0 0]	[0 1 0 1 1 0]	[0 0 1 1 0 1]	[8]	[1 1 1 0 1 0 0 1 1]	[0 0 1 1 0 0 0 0 0]	[1 1 0 1 1 0]	[1 0 1 1 0 1]	[8]
26	0.24512700736522675	5.101990699768066	2.010845422744751	2.0341663360595703	0.13966012001037598	0.9173193573951721	False	[1 1 1 0 1 0 0 1 1]	[0 0 1 1 0 0 0 0 0]	[1 1 0 1 1 0]	[1 0 1 1 0 1]	[8]	[1 1 1 0 1 1 0 1 1]	[0 1 1 1 0 0 0 0 0]	[0 1 0 1 1 0]	[0 0 1 1 0 1]	[8]
26	0.30058154463768005	5.174144744873047	2.027137041091919	2.038233757019043	0.17481067776679993	0.933963418006897	False	[1 1 1 0 1 1 0 1 1]	[0 1 1 1 0 0 0 0 0]	[0 1 0 1 1 0]	[0 0 1 1 0 1]	[8]	[1 1 1 0 1 0 0 1 1]	[0 0 1 1 0 0 0 0 0]	[1 1 0 1 1 0]	[1 0 1 1 0 1]	[8]
26	0.2522521913051605	5.051474094390869	2.0184552669525146	2.031134843826294	0.1389121562242508	0.862971842288971	False	[1 1 1 0 1 0 0 1 1]	[0 0 1 1 0 0 0 0 0]	[1 1 0 1 1 0]	[1 0 1 1 0 1]	[8]	[1 1 1 0 1 1 0 1 1]	[0 1 1 1 0 0 0 0 0]	[0 1 0 1 1 0]	[0 0 1 1 0 1]	[8]
26	0.31542205810546875	5.230108261108398	2.018604040145874	2.0413427352905273	0.1489144265651703	1.0212466716766357	False	[1 1 1 0 1 1 0 1 1]	[0 1 1 1 0 0 0 0 0]	[0 1 0 1 1 0]	[0 0 1 1 0 1]	[8]	[1 1 1 0 1 0 0 1 1]	[0 0 1 1 0 0 0 0 0]	[1 1 0 1 1 0]	[1 0 1 1 0 1]	[8]
26	0.27954888343811035	5.052373886108398	2.0225417613983154	2.043679714202881	0.1325264722108841	0.8536260724067688	False	[1 1 1 0 1 0 0 1 1]	[0 0 1 1 0 0 0 0 0]	[1 1 0 1 1 0]	[1 0 1 1 0 1]	[8]	[1 1 1 0 1 1 0 1 1]	[0 1 1 1 0 0 0 0 0]	[0 1 0 1 1 0]	[0 0 1 1 0 1]	[8]
26	0.33694517612457275	5.205480098724365	2.0231924057006836	2.026067018508911	0.16084954142570496	0.9953712224960327	False	[1 1 1 0 1 1 0 1 1]	[0 1 1 1 0 0 0 0 0]	[0 1 0 1 1 0]	[0 0 1 1 0 1]	[8]	[1 1 1 0 1 0 0 1 1]	[0 0 1 1 0 0 0 0 0]	[1 1 0 1 1 0]	[1 0 1 1 0 1]	[8]
26	0.2675592303276062	5.12857723236084	2.024791955947876	2.038141965866089	0.1316830813884735	0.9339606761932373	False	[1 1 1 0 1 0 0 1 1]	[0 0 1 1 0 0 0 0 0]	[1 1 0 1 1 0]	[1 0 1 1 0 1]	[8]	[1 1 1 0 1 1 0 1 1]	[0 1 1 1 0 0 0 0 0]	[0 1 0 1 1 0]	[0 0 1 1 0 1]	[8]
26	0.25800180435180664	5.110599994659424	2.026796340942383	2.02897047996521	0.13205143809318542	0.9227814078330994	False	[1 1 1 0 1 1 0 1 1]	[0 1 1 1 0 0 0 0 0]	[0 1 0 1 1 0]	[0 0 1 1 0 1]	[8]	[1 1 1 0 1 0 0 1 1]	[0 0 1 1 0 0 0 0 0]	[1 1 0 1 1 0]	[1 0 1 1 0 1]	[8]
26	0.27043402194976807	5.099883556365967	2.0131516456604004	2.0386850833892822	0.15677626430988312	0.8912699818611145	False	[1 1 1 0 1 0 0 1 1]	[0 0 1 1 0 0 0 0 0]	[1 1 0 1 1 0]	[1 0 1 1 0 1]	[8]	[1 1 1 0 1 1 0 1 1]	[0 1 1 1 0 0 0 0 0]	[0 1 0 1 1 0]	[0 0 1 1 0 1]	[8]
26	0.3182968497276306	5.205276966094971	2.0266687870025635	2.0396673679351807	0.14968548715114594	0.9892552495002747	False	[1 1 1 0 1 1 0 1 1]	[0 1 1 1 0 0 0 0 0]	[0 1 0 1 1 0]	[0 0 1 1 0 1]	[8]	[1 1 1 0 1 0 0 1 1]	[0 0 1 1 0 0 0 0 0]	[1 1 0 1 1 0]	[1 0 1 1 0 1]	[8]
26	0.21922987699508667	5.196314811706543	2.0184733867645264	2.0453455448150635	0.16011562943458557	0.9723801612854004	False	[1 1 1 0 1 0 0 1 1]	[0 0 1 1 0 0 0 0 0]	[1 1 0 1 1 0]	[1 0 1 1 0 1]	[8]	[1 1 1 0 1 1 0 1 1]	[0 1 1 1 0 0 0 0 0]	[0 1 0 1 1 0]	[0 0 1 1 0 1]	[8]
26	0.30058154463768005	5.195546627044678	2.0308210849761963	2.035820484161377	0.1435929387807846	0.9853121042251587	False	[1 1 1 0 1 1 0 1 1]	[0 1 1 1 0 0 0 0 0]	[0 1 0 1 1 0]	[0 0 1 1 0 1]	[8]	[1 1 1 0 1 0 0 1 1]	[0 0 1 1 0 0 0 0 0]	[1 1 0 1 1 0]	[1 0 1 1 0 1]	[8]
26	0.24028649926185608	5.032736778259277	2.017070770263672	2.031289577484131	0.13012954592704773	0.8542471528053284	False	[1 1 1 0 1 0 0 1 1]	[0 0 1 1 0 0 0 0 0]	[1 1 0 1 1 0]	[1 0 1 1 0 1]	[8]	[1 1 1 0 1 1 0 1 1]	[0 1 1 1 0 0 0 0 0]	[0 1 0 1 1 0]	[0 0 1 1 0 1]	[8]
26	0.28814932703971863	4.990447998046875	2.0300676822662354	2.0240366458892822	0.12820526957511902	0.8081381916999817	False	[1 1 1 0 1 1 0 1 1]	[0 1 1 1 0 0 0 0 0]	[0 1 0 1 1 0]	[0 0 1 1 0 1]	[8]	[1 1 1 0 1 0 0 1 1]	[0 0 1 1 0 0 0 0 0]	[1 1 0 1 1 0]	[1 0 1 1 0 1]	[8]
26	0.2618096172809601	5.1287641525268555	2.018233060836792	2.037437915802002	0.15013103187084198	0.9229624271392822	False	[1 1 1 0 1 0 0 1 1]	[0 0 1 1 0 0 0 0 0]	[1 1 0 1 1 0]	[1 0 1 1 0 1]	[8]	[1 1 1 0 1 1 0 1 1]	[0 1 1 1 0 0 0 0 0]	[0 1 0 1 1 0]	[0 0 1 1 0 1]	[8]
26	0.2613431215286255	5.050867557525635	2.028934955596924	2.035405397415161	0.12142744660377502	0.8650996088981628	False	[1 1 1 0 1 1 0 1 1]	[0 1 1 1 0 0 0 0 0]	[0 1 0 1 1 0]	[0 0 1 1 0 1]	[8]	[1 1 1 0 1 0 0 1 1]	[0 0 1 1 0 0 0 0 0]	[1 1 0 1 1 0]	[1 0 1 1 0 1]	[8]
26	0.27043402194976807	5.069861888885498	2.0178096294403076	2.0399792194366455	0.1568969190120697	0.8551760911941528	False	[1 1 1 0 1 0 0 1 1]	[0 0 1 1 0 0 0 0 0]	[1 1 0 1 1 0]	[1 0 1 1 0 1]	[8]	[1 1 1 0 1 1 0 1 1]	[0 1 1 1 0 0 0 0 0]	[0 1 0 1 1 0]	[0 0 1 1 0 1]	[8]
27	0.41588857769966125	7.156611919403076	2.1256487369537354	2.1533312797546387	1.5192005634307861	1.358431339263916	False	[0 0 0 0 0 0 1 1 0]	[0 0 0 0 0 0 0 1 0]	[1 0 0 0 1 1]	[0 0 0 0 0 0]	[0]	[0 0 0 0 0 1 1 1 0]	[0 0 0 0 1 0 0 1 0]	[1 0 0 1 1 1]	[0 0 0 0 0 0]	[12]
27	-0.5	6.720142364501953	2.072199821472168	2.096640110015869	1.5134718418121338	1.0378305912017822	False	[0 0 0 0 0 1 1 1 0]	[0 0 0 0 1 0 0 1 0]	[1 0 0 1 1 1]	[0 0 0 0 0 0]	[12]	[0 0 0 0 0 1 1 1 1]	[0 0 0 1 1 0 0 1 0]	[0 0 0 1 1 1]	[1 0 0 0 0 0]	[4]
27	-1.0	6.957685947418213	2.0086617469787598	2.085071325302124	1.538983941078186	1.3249691724777222	False	[0 0 0 0 0 1 1 1 1]	[0 0 0 1 1 0 0 1 0]	[0 0 0 1 1 1]	[1 0 0 0 0 0]	[4]	[0 0 0 0 0 1 1 1 0]	[0 0 0 1 0 0 0 1 0]	[0 0 1 1 1 1]	[0 0 0 0 0 0]	[0]
27	-1.0	7.213445663452148	2.1686761379241943	2.176060199737549	1.7196346521377563	1.1490747928619385	False	[0 0 0 0 0 1 1 1 0]	[0 0 0 1 0 0 0 1 0]	[0 0 1 1 1 1]	[0 0 0 0 0 0]	[0]	[0 0 0 0 0 1 1 1 1]	[0 0 0 0 0 0 0 1 0]	[0 0 1 1 0 1]	[0 0 0 0 0 0]	[0]
27	0.42451295256614685	6.108800411224365	2.1320462226867676	2.2106974124908447	0.7072032690048218	1.058853030204773	False	[0 0 0 0 0 1 1 1 1]	[0 0 0 0 0 0 0 1 0]	[0 0 1 1 0 1]	[0 0 0 0 0 0]	[0]	[0 0 0 0 0 1 1 1 0]	[0 0 0 0 1 0 0 1 0]	[0 0 1 1 0 1]	[0 0 0 0 0 0]	[8]
27	0.27090054750442505	4.5362229347229	2.0941100120544434	2.110586643218994	0.23331254720687866	0.0982135459780693	False	[0 0 0 0 0 1 1 1 0]	[0 0 0 0 1 0 0 1 0]	[0 0 1 1 0 1]	[0 0 0 0 0 0]	[8]	[0 0 0 0 0 1 1 1 1]	[0 0 0 0 1 0 1 1 0]	[1 0 1 1 0 1]	[1 0 0 0 0 0]	[8]
27	0.4364786744117737	5.504920482635498	2.0893263816833496	2.141890048980713	0.7972227334976196	0.47648125886917114	False	[0 0 0 0 0 1 1 1 1]	[0 0 0 0 1 0 1 1 0]	[1 0 1 1 0 1]	[1 0 0 0 0 0]	[8]	[0 0 0 0 0 1 1 0 1]	[0 0 0 0 0 0 1 1 0]	[0 0 1 1 0 1]	[0 0 0 0 0 0]	[8]
27	0.28817325830459595	4.767088890075684	2.098712682723999	2.1037628650665283	0.425415575504303	0.13919776678085327	False	[0 0 0 0 0 1 1 0 1]	[0 0 0 0 0 0 1 1 0]	[0 0 1 1 0 1]	[0 0 0 0 0 0]	[8]	[0 0 0 0 0 1 1 1 1]	[0 0 0 0 0 0 1 1 1]	[1 0 1 1 0 1]	[1 0 0 0 0 0]	[8]
27	0.34269478917121887	5.571256160736084	2.0870659351348877	2.132518768310547	0.8643977642059326	0.48727351427078247	False	[0 0 0 0 0 1 1 1 1]	[0 0 0 0 0 0 1 1 1]	[1 0 1 1 0 1]	[1 0 0 0 0 0]	[8]	[0 0 0 0 0 1 1 0 1]	[0 0 0 0 1 0 1 1 1]	[0 0 1 1 0 1]	[0 0 0 0 0 0]	[8]
27	0.26665014028549194	4.691989898681641	2.091855525970459	2.10001277923584	0.37246328592300415	0.12765850126743317	False	[0 0 0 0 0 1 1 0 1]	[0 0 0 0 1 0 1 1 1]	[0 0 1 1 0 1]	[0 0 0 0 0 0]	[8]	[0 0 0 0 0 1 1 1 1]	[0 0 0 0 1 0 1 1 0]	[1 0 1 1 0 1]	[1 0 0 0 0 0]	[8]
27	0.5001150369644165	5.487322807312012	2.0879099369049072	2.141289472579956	0.7933992147445679	0.4647238850593567	False	[0 0 0 0 0 1 1 1 1]	[0 0 0 0 1 0 1 1 0]	[1 0 1 1 0 1]	[1 0 0 0 0 0]	[8]	[0 0 0 0 0 1 1 0 1]	[0 0 0 0 0 0 1 1 0]	[0 0 1 1 0 1]	[0 0 0 0 0 0]	[8]
27	0.2730904221534729	4.75717830657959	2.100266933441162	2.099360942840576	0.438801109790802	0.11874904483556747	False	[0 0 0 0 0 1 1 0 1]	[0 0 0 0 0 0 1 1 0]	[0 0 1 1 0 1]	[0 0 0 0 0 0]	[8]	[0 0 0 0 0 1 1 1 1]	[0 0 0 0 0 0 1 1 1]	[1 0 1 1 0 1]	[1 0 0 0 0 0]	[8]
27	0.361343115568161	5.425938606262207	2.0857434272766113	2.145228385925293	0.7255795001983643	0.46938690543174744	False	[0 0 0 0 0 1 1 1 1]	[0 0 0 0 0 0 1 1 1]	[1 0 1 1 0 1]	[1 0 0 0 0 0]	[8]	[0 0 0 0 0 1 1 0 1]	[0 0 0 0 1 0 1 1 1]	[0 0 1 1 0 1]	[0 0 0 0 0 0]	[8]
27	0.3001389801502228	4.809600353240967	2.09861421585083	2.102084159851074	0.453339159488678	0.1555631011724472	False	[0 0 0 0 0 1 1 0 1]	[0 0 0 0 1 0 1 1 1]	[0 0 1 1 0 1]	[0 0 0 0 0 0]	[8]	[0 0 0 0 0 1 1 1 1]	[0 0 0 0 1 0 1 1 0]	[1 0 1 1 0 1]	[1 0 0 0 0 0]	[8]
27	0.5154220461845398	5.544825077056885	2.085326671600342	2.13016676902771	0.8639792799949646	0.465352326631546	False	[0 0 0 0 0 1 1 1 1]	[0 0 0 0 1 0 1 1 0]	[1 0 1 1 0 1]	[1 0 0 0 0 0]	[8]	[0 0 0 0 0 1 1 0 1]	[0 0 0 0 0 0 1 1 0]	[0 0 1 1 0 1]	[0 0 0 0 0 0]	[8]
27	0.2757410407066345	4.652160167694092	2.1011857986450195	2.1065869331359863	0.3453848361968994	0.09900226444005966	False	[0 0 0 0 0 1 1 0 1]	[0 0 0 0 0 0 1 1 0]	[0 0 1 1 0 1]	[0 0 0 0 0 0]	[8]	[0 0 0 0 0 1 1 1 1]	[0 0 0 0 0 0 1 1 1]	[1 0 1 1 0 1]	[1 0 0 0 0 0]	[8]
27	0.3790584206581116	5.39603853225708	2.0881118774414062	2.1457672119140625	0.7003622055053711	0.46179744601249695	False	[0 0 0 0 0 1 1 1 1]	[0 0 0 0 0 0 1 1 1]	[1 0 1 1 0 1]	[1 0 0 0 0 0]	[8]	[0 0 0 0 0 1 1 0 1]	[0 0 0 0 1 0 1 1 1]	[0 0 1 1 0 1]	[0 0 0 0 0 0]	[8]
27	0.27090054750442505	4.743777751922607	2.099669933319092	2.100078582763672	0.4040256142616272	0.1400037705898285	False	[0 0 0 0 0 1 1 0 1]	[0 0 0 0 1 0 1 1 1]	[0 0 1 1 0 1]	[0 0 0 0 0 0]	[8]	[0 0 0 0 0 1 1 1 1]	[0 0 0 0 1 0 1 1 0]	[1 0 1 1 0 1]	[1 0 0 0 0 0]	[8]
27	0.5001150369644165	5.4251933097839355	2.0891005992889404	2.1399433612823486	0.7853310108184814	0.4108184576034546	False	[0 0 0 0 0 1 1 1 1]	[0 0 0 0 1 0 1 1 0]	[1 0 1 1 0 1]	[1 0 0 0 0 0]	[8]	[0 0 0 0 0 1 1 0 1]	[0 0 0 0 0 0 1 1 0]	[0 0 1 1 0 1]	[0 0 0 0 0 0]	[8]
27	0.2828662395477295	4.697970867156982	2.103095769882202	2.097797155380249	0.3752659261226654	0.12181170284748077	False	[0 0 0 0 0 1 1 0 1]	[0 0 0 0 0 0 1 1 0]	[0 0 1 1 0 1]	[0 0 0 0 0 0]	[8]	[0 0 0 0 0 1 1 1 1]	[0 0 0 0 0 0 1 1 1]	[1 0 1 1 0 1]	[1 0 0 0 0 0]	[8]
27	0.421638160943985	5.587359428405762	2.08605694770813	2.1346278190612793	0.8576633334159851	0.5090110301971436	False	[0 0 0 0 0 1 1 1 1]	[0 0 0 0 0 0 1 1 1]	[1 0 1 1 0 1]	[1 0 0 0 0 0]	[8]	[0 0 0 0 0 1 1 0 1]	[0 0 0 0 1 0 1 1 1]	[0 0 1 1 0 1]	[0 0 0 0 0 0]	[8]
27	0.2886158525943756	4.8622636795043945	2.091414213180542	2.103003740310669	0.5011294484138489	0.16671590507030487	False	[0 0 0 0 0 1 1 0 1]	[0 0 0 0 1 0 1 1 1]	[0 0 1 1 0 1]	[0 0 0 0 0 0]	[8]	[0 0 0 0 0 1 1 1 1]	[0 0 0 0 1 0 1 1 0]	[1 0 1 1 0 1]	[1 0 0 0 0 0]	[8]
27	0.4273877739906311	5.397917747497559	2.0876173973083496	2.1441543102264404	0.7097344398498535	0.45641183853149414	False	[0 0 0 0 0 1 1 1 1]	[0 0 0 0 1 0 1 1 0]	[1 0 1 1 0 1]	[1 0 0 0 0 0]	[8]	[0 0 0 0 0 1 1 0 1]	[0 0 0 0 0 0 1 1 0]	[0 0 1 1 0 1]	[0 0 0 0 0 0]	[8]
27	0.3278542757034302	4.708349704742432	2.1039211750030518	2.107846736907959	0.36885517835617065	0.12772661447525024	False	[0 0 0 0 0 1 1 0 1]	[0 0 0 0 0 0 1 1 0]	[0 0 1 1 0 1]	[0 0 0 0 0 0]	[8]	[0 0 0 0 0 1 1 1 1]	[0 0 0 0 0 0 1 1 1]	[1 0 1 1 0 1]	[1 0 0 0 0 0]	[8]
27	0.33626025915145874	5.318183422088623	2.0884530544281006	2.1450819969177246	0.6646323204040527	0.42001625895500183	False	[0 0 0 0 0 1 1 1 1]	[0 0 0 0 0 0 1 1 1]	[1 0 1 1 0 1]	[1 0 0 0 0 0]	[8]	[0 0 0 0 0 1 1 0 1]	[0 0 0 0 1 0 1 1 1]	[0 0 1 1 0 1]	[0 0 0 0 0 0]	[8]
27	0.3001389801502228	4.659662246704102	2.1020960807800293	2.104440450668335	0.3369182348251343	0.11620737612247467	False	[0 0 0 0 0 1 1 0 1]	[0 0 0 0 1 0 1 1 1]	[0 0 1 1 0 1]	[0 0 0 0 0 0]	[8]	[0 0 0 0 0 1 1 1 1]	[0 0 0 0 1 0 1 1 0]	[1 0 1 1 0 1]	[1 0 0 0 0 0]	[8]
27	0.5092059373855591	5.568238735198975	2.085019588470459	2.137483835220337	0.8724943399429321	0.4732409715652466	False	[0 0 0 0 0 1 1 1 1]	[0 0 0 0 1 0 1 1 0]	[1 0 1 1 0 1]	[1 0 0 0 0 0]	[8]	[0 0 0 0 0 1 1 0 1]	[0 0 0 0 0 0 1 1 0]	[0 0 1 1 0 1]	[0 0 0 0 0 0]	[8]
27	0.2977067530155182	4.646797180175781	2.099520206451416	2.1059353351593018	0.31792283058166504	0.12341879308223724	False	[0 0 0 0 0 1 1 0 1]	[0 0 0 0 0 0 1 1 0]	[0 0 1 1 0 1]	[0 0 0 0 0 0]	[8]	[0 0 0 0 0 1 1 1 1]	[0 0 0 0 0 0 1 1 1]	[1 0 1 1 0 1]	[1 0 0 0 0 0]	[8]
27	0.3996724486351013	5.607332229614258	2.086557149887085	2.1384565830230713	0.8568359613418579	0.5254824757575989	False	[0 0 0 0 0 1 1 1 1]	[0 0 0 0 0 0 1 1 1]	[1 0 1 1 0 1]	[1 0 0 0 0 0]	[8]	[0 0 0 0 0 1 1 0 1]	[0 0 0 0 1 0 1 1 1]	[0 0 1 1 0 1]	[0 0 0 0 0 0]	[8]
27	0.2799914479255676	4.8141937255859375	2.101576328277588	2.102518081665039	0.4543553292751312	0.15574395656585693	False	[0 0 0 0 0 1 1 0 1]	[0 0 0 0 1 0 1 1 1]	[0 0 1 1 0 1]	[0 0 0 0 0 0]	[8]	[0 0 0 0 0 1 1 1 1]	[0 0 0 0 1 0 1 1 0]	[1 0 1 1 0 1]	[1 0 0 0 0 0]	[8]
28	-1.0	6.315969944000244	2.198688268661499	2.1239054203033447	1.335882544517517	0.6574934720993042	False	[0 0 0 1 1 0 0 1 0]	[0 0 0 0 0 0 0 0 0]	[0 1 0 0 0 0]	[1 1 0 0 0 1]	[0]	[0 0 0 1 1 0 0 1 1]	[0 0 0 0 0 0 1 0 0]	[0 1 0 0 0 1]	[1 0 0 0 0 1]	[0]
28	-1.0	6.6881632804870605	2.2397847175598145	2.0555458068847656	1.552889347076416	0.8399434685707092	False	[0 0 0 1 1 0 0 1 1]	[0 0 0 0 0 0 1 0 0]	[0 1 0 0 0 1]	[1 0 0 0 0 1]	[0]	[0 0 0 0 1 0 0 1 1]	[0 0 0 0 1 0 1 0 0]	[0 1 1 0 0 1]	[1 0 0 0 0 0]	[0]
28	0.35800179839134216	6.424831867218018	2.209892988204956	2.111163854598999	1.6470825672149658	0.45669230818748474	False	[0 0 0 0 1 0 0 1 1]	[0 0 0 0 1 0 1 0 0]	[0 1 1 0 0 1]	[1 0 0 0 0 0]	[0]	[0 0 0 0 0 0 0 1 1]	[0 1 0 0 1 0 1 0 0]	[0 1 0 0 0 1]	[1 0 0 0 0 0]	[12]
28	-0.25	5.58167839050293	2.038687229156494	1.8625516891479492	1.478895902633667	0.20154380798339844	False	[0 0 0 0 0 0 0 1 1]	[0 1 0 0 1 0 1 0 0]	[0 1 0 0 0 1]	[1 0 0 0 0 0]	[12]	[0 0 0 0 0 0 0 1 0]	[0 1 0 0 1 0 0 0 0]	[0 1 0 0 0 0]	[0 0 0 0 0 0]	[6]
28	0.32210469245910645	5.911016464233398	2.060959815979004	1.7853362560272217	1.5354020595550537	0.5293185710906982	False	[0 0 0 0 0 0 0 1 0]	[0 1 0 0 1 0 0 0 0]	[0 1 0 0 0 0]	[0 0 0 0 0 0]	[6]	[0 0 0 0 0 0 0 1 1]	[0 1 0 0 1 0 1 0 0]	[0 1 1 0 0 0]	[1 0 0 0 0 0]	[10]
28	0.4580017924308777	5.532762050628662	2.050684928894043	1.757007360458374	1.4557462930679321	0.2693232297897339	False	[0 0 0 0 0 0 0 1 1]	[0 1 0 0 1 0 1 0 0]	[0 1 1 0 0 0]	[1 0 0 0 0 0]	[10]	[0 0 0 0 0 0 0 1 0]	[0 1 0 0 1 0 0 0 0]	[0 1 1 0 0 1]	[0 0 0 0 0 0]	[8]
28	0.30679765343666077	5.57403039932251	2.0790634155273438	1.7603695392608643	1.4998595714569092	0.23473790287971497	False	[0 0 0 0 0 0 0 1 0]	[0 1 0 0 1 0 0 0 0]	[0 1 1 0 0 1]	[0 0 0 0 0 0]	[8]	[0 0 0 1 0 0 0 1 0]	[0 1 0 0 1 0 1 0 0]	[1 1 1 0 0 1]	[1 0 0 0 0 0]	[8]
28	0.391490638256073	5.574728488922119	2.0761735439300537	1.809654712677002	1.42476224899292	0.26413753628730774	False	[0 0 0 1 0 0 0 1 0]	[0 1 0 0 1 0 1 0 0]	[1 1 1 0 0 1]	[1 0 0 0 0 0]	[8]	[0 0 0 0 0 0 0 1 0]	[0 1 0 0 1 0 0 0 0]	[0 1 1 0 0 1]	[0 0 0 0 0 0]	[8]
28	0.28574103116989136	5.526614189147949	2.0711026191711426	1.7841554880142212	1.4666723012924194	0.2046838402748108	False	[0 0 0 0 0 0 0 1 0]	[0 1 0 0 1 0 0 0 0]	[0 1 1 0 0 1]	[0 0 0 0 0 0]	[8]	[0 0 0 1 0 0 0 1 0]	[0 1 0 0 1 0 1 0 0]	[1 1 1 0 0 1]	[1 0 0 0 0 0]	[8]
28	0.4016381502151489	5.678025245666504	2.0697147846221924	1.7832452058792114	1.503256916999817	0.3218085765838623	False	[0 0 0 1 0 0 0 1 0]	[0 1 0 0 1 0 1 0 0]	[1 1 1 0 0 1]	[1 0 0 0 0 0]	[8]	[0 0 0 0 0 0 0 1 0]	[0 1 0 0 1 0 0 0 0]	[0 1 1 0 0 1]	[0 0 0 0 0 0]	[8]
28	0.3207290768623352	5.275935649871826	2.070753812789917	1.785605549812317	1.2442208528518677	0.1753554344177246	False	[0 0 0 0 0 0 0 1 0]	[0 1 0 0 1 0 0 0 0]	[0 1 1 0 0 1]	[0 0 0 0 0 0]	[8]	[0 0 0 1 0 0 0 1 0]	[0 1 0 0 1 0 1 0 0]	[1 1 1 0 0 1]	[1 0 0 0 0 0]	[8]
28	0.421638160943985	5.229887962341309	2.066014051437378	1.8342796564102173	1.0754858255386353	0.2541084885597229	False	[0 0 0 1 0 0 0 1 0]	[0 1 0 0 1 0 1 0 0]	[1 1 1 0 0 1]	[1 0 0 0 0 0]	[8]	[0 0 0 0 0 0 0 1 0]	[0 1 0 0 1 0 0 0 0]	[0 1 1 0 0 1]	[0 0 0 0 0 0]	[8]
28	-0.75	5.5368146896362305	2.0681679248809814	1.789426565170288	1.4657694101333618	0.21345096826553345	False	[0 0 0 0 0 0 0 1 0]	[0 1 0 0 1 0 0 0 0]	[0 1 1 0 0 1]	[0 0 0 0 0 0]	[8]	[0 0 0 1 0 0 0 1 0]	[0 1 0 0 1 0 1 0 0]	[0 1 1 0 0 0]	[1 0 0 0 0 0]	[2]
28	-0.5	6.254968166351318	2.1122519969940186	1.9304134845733643	1.3449230194091797	0.8673796057701111	False	[0 0 0 1 0 0 0 1 0]	[0 1 0 0 1 0 1 0 0]	[0 1 1 0 0 0]	[1 0 0 0 0 0]	[2]	[0 0 0 1 0 0 0 1 1]	[0 1 0 0 1 0 0 0 0]	[0 1 1 0 0 1]	[0 0 0 0 0 0]	[4]
28	-0.75	6.430478572845459	2.116702079772949	1.8786792755126953	1.6232997179031372	0.8117976188659668	False	[0 0 0 1 0 0 0 1 1]	[0 1 0 0 1 0 0 0 0]	[0 1 1 0 0 1]	[0 0 0 0 0 0]	[4]	[0 0 0 1 0 0 0 0 1]	[0 1 0 0 1 0 1 0 0]	[0 1 1 0 0 0]	[1 0 0 0 0 0]	[2]
28	0.331195592880249	6.2044243812561035	2.104599952697754	1.9262441396713257	1.3413751125335693	0.8322052359580994	False	[0 0 0 1 0 0 0 0 1]	[0 1 0 0 1 0 1 0 0]	[0 1 1 0 0 0]	[1 0 0 0 0 0]	[2]	[0 0 0 1 0 0 0 0 0]	[0 1 0 0 1 0 0 0 0]	[0 1 1 0 0 1]	[0 0 0 0 0 0]	[12]
28	0.28527453541755676	5.646093845367432	2.0380895137786865	1.8936690092086792	1.5711716413497925	0.14316359162330627	False	[0 0 0 1 0 0 0 0 0]	[0 1 0 0 1 0 0 0 0]	[0 1 1 0 0 1]	[0 0 0 0 0 0]	[12]	[0 0 0 1 0 0 0 0 1]	[0 1 0 0 1 0 1 0 0]	[1 1 1 0 0 1]	[1 0 0 0 0 0]	[8]
28	0.3402864933013916	5.693281173706055	2.0586278438568115	1.94806969165802	1.5206334590911865	0.16594986617565155	False	[0 0 0 1 0 0 0 0 1]	[0 1 0 0 1 0 1 0 0]	[1 1 1 0 0 1]	[1 0 0 0 0 0]	[8]	[0 0 0 1 0 0 0 0 0]	[0 1 0 0 1 0 0 0 0]	[0 1 1 0 0 1]	[0 0 0 0 0 0]	[12]
28	0.33072906732559204	5.668491840362549	2.0408897399902344	1.8857501745224	1.5977212190628052	0.1441308856010437	False	[0 0 0 1 0 0 0 0 0]	[0 1 0 0 1 0 0 0 0]	[0 1 1 0 0 1]	[0 0 0 0 0 0]	[12]	[0 0 0 1 0 0 0 0 1]	[0 1 0 0 1 0 1 0 0]	[1 1 1 0 0 1]	[1 0 0 0 0 0]	[8]
28	0.33028650283813477	5.764723777770996	2.063918352127075	1.9251946210861206	1.594767689704895	0.18084321916103363	False	[0 0 0 1 0 0 0 0 1]	[0 1 0 0 1 0 1 0 0]	[1 1 1 0 0 1]	[1 0 0 0 0 0]	[8]	[0 0 0 1 0 0 0 0 0]	[0 1 0 0 1 0 0 0 0]	[0 1 1 0 0 1]	[0 0 0 0 0 0]	[12]
28	0.3642179071903229	5.7053303718566895	2.043924331665039	1.8478564023971558	1.6264277696609497	0.18712186813354492	False	[0 0 0 1 0 0 0 0 0]	[0 1 0 0 1 0 0 0 0]	[0 1 1 0 0 1]	[0 0 0 0 0 0]	[12]	[0 0 0 1 0 0 0 0 1]	[0 1 0 0 1 0 1 0 0]	[1 1 1 0 0 1]	[1 0 0 0 0 0]	[8]
28	0.3340703845024109	5.764996528625488	2.066831588745117	1.9470851421356201	1.5777478218078613	0.17333181202411652	False	[0 0 0 1 0 0 0 0 1]	[0 1 0 0 1 0 1 0 0]	[1 1 1 0 0 1]	[1 0 0 0 0 0]	[8]	[0 0 0 1 0 0 0 0 0]	[0 1 0 0 1 0 0 0 0]	[0 1 1 0 0 1]	[0 0 0 0 0 0]	[12]
28	0.3489108979701996	5.672492504119873	2.0469186305999756	1.852942705154419	1.5968735218048096	0.17575769126415253	False	[0 0 0 1 0 0 0 0 0]	[0 1 0 0 1 0 0 0 0]	[0 1 1 0 0 1]	[0 0 0 0 0 0]	[12]	[0 0 0 1 0 0 0 0 1]	[0 1 0 0 1 0 1 0 0]	[1 1 1 0 0 1]	[1 0 0 0 0 0]	[8]
28	0.3207290768623352	5.405689716339111	2.075477361679077	1.9900569915771484	1.1845699548721313	0.1555854082107544	False	[0 0 0 1 0 0 0 0 1]	[0 1 0 0 1 0 1 0 0]	[1 1 1 0 0 1]	[1 0 0 0 0 0]	[8]	[0 0 0 1 0 0 0 0 0]	[0 1 0 0 1 0 0 0 0]	[0 1 1 0 0 1]	[0 0 0 0 0 0]	[12]
28	0.3546604812145233	5.611341953277588	2.0345194339752197	1.8866199254989624	1.550379991531372	0.13982227444648743	False	[0 0 0 1 0 0 0 0 0]	[0 1 0 0 1 0 0 0 0]	[0 1 1 0 0 1]	[0 0 0 0 0 0]	[12]	[0 0 0 1 0 0 0 0 1]	[0 1 0 0 1 0 1 0 0]	[1 1 1 0 0 1]	[1 0 0 0 0 0]	[8]
28	0.33741170167922974	5.739809036254883	2.041436195373535	1.9226316213607788	1.5907788276672363	0.18496209383010864	False	[0 0 0 1 0 0 0 0 1]	[0 1 0 0 1 0 1 0 0]	[1 1 1 0 0 1]	[1 0 0 0 0 0]	[8]	[0 0 0 1 0 0 0 0 0]	[0 1 0 0 1 0 0 0 0]	[0 1 1 0 0 1]	[0 0 0 0 0 0]	[12]
28	0.28814932703971863	5.714023113250732	2.049750328063965	1.884825587272644	1.617138385772705	0.16230860352516174	False	[0 0 0 1 0 0 0 0 0]	[0 1 0 0 1 0 0 0 0]	[0 1 1 0 0 1]	[0 0 0 0 0 0]	[12]	[0 0 0 1 0 0 0 0 1]	[0 1 0 0 1 0 1 0 0]	[1 1 1 0 0 1]	[1 0 0 0 0 0]	[8]
28	0.3539994955062866	5.718478202819824	2.0647544860839844	1.9558424949645996	1.5238432884216309	0.17403769493103027	False	[0 0 0 1 0 0 0 0 1]	[0 1 0 0 1 0 1 0 0]	[1 1 1 0 0 1]	[1 0 0 0 0 0]	[8]	[0 0 0 1 0 0 0 0 0]	[0 1 0 0 1 0 0 0 0]	[0 1 1 0 0 1]	[0 0 0 0 0 0]	[12]
28	0.30058154463768005	5.657677173614502	2.041038751602173	1.893488883972168	1.5616344213485718	0.16151517629623413	False	[0 0 0 1 0 0 0 0 0]	[0 1 0 0 1 0 0 0 0]	[0 1 1 0 0 1]	[0 0 0 0 0 0]	[12]	[0 0 0 1 0 0 0 0 1]	[0 1 0 0 1 0 1 0 0]	[1 1 1 0 0 1]	[1 0 0 0 0 0]	[8]
28	0.3034563362598419	5.714603424072266	2.0569121837615967	1.95719313621521	1.541524052619934	0.15897439420223236	False	[0 0 0 1 0 0 0 0 1]	[0 1 0 0 1 0 1 0 0]	[1 1 1 0 0 1]	[1 0 0 0 0 0]	[8]	[0 0 0 1 0 0 0 0 0]	[0 1 0 0 1 0 0 0 0]	[0 1 1 0 0 1]	[0 0 0 0 0 0]	[12]
29	-1.0	6.746147155761719	2.0340356826782227	2.047452211380005	1.2767858505249023	1.3878737688064575	False	[0 1 0 0 0 0 0 0 1]	[0 0 0 0 0 0 0 0 0]	[1 1 0 0 0 1]	[0 1 0 1 0 1]	[4]	[0 1 0 1 0 0 0 0 1]	[0 0 0 0 0 0 0 0 1]	[1 1 1 0 0 1]	[0 1 0 1 0 0]	[0]
29	-1.0	6.715631484985352	2.126232862472534	2.0896337032318115	1.4073811769485474	1.0923840999603271	False	[0 1 0 1 0 0 0 0 1]	[0 0 0 0 0 0 0 0 1]	[1 1 1 0 0 1]	[0 1 0 1 0 0]	[0]	[0 1 0 0 0 0 0 0 1]	[0 0 0 0 0 0 0 0 0]	[1 1 1 0 1 1]	[0 0 0 1 0 0]	[0]
29	-0.25	6.145772933959961	2.2104434967041016	2.1903131008148193	0.6085379719734192	1.1364777088165283	False	[0 1 0 0 0 0 0 0 1]	[0 0 0 0 0 0 0 0 0]	[1 1 1 0 1 1]	[0 0 0 1 0 0]	[0]	[0 1 0 0 0 0 0 1 1]	[0 0 0 0 0 1 0 0 0]	[1 1 1 0 1 1]	[0 0 0 1 0 0]	[6]
29	0.41829684376716614	5.832177639007568	2.0707736015319824	2.1199166774749756	0.8869169354438782	0.7545706033706665	False	[0 1 0 0 0 0 0 1 1]	[0 0 0 0 0 1 0 0 0]	[1 1 1 0 1 1]	[0 0 0 1 0 0]	[6]	[0 1 0 0 0 1 0 1 1]	[0 0 0 0 0 1 0 1 0]	[0 1 1 0 1 1]	[0 0 0 0 0 0]	[8]
29	0.40920594334602356	4.669870376586914	2.0674326419830322	2.060615301132202	0.39516395330429077	0.14665864408016205	False	[0 1 0 0 0 1 0 1 1]	[0 0 0 0 0 1 0 1 0]	[0 1 1 0 1 1]	[0 0 0 0 0 0]	[8]	[0 1 0 0 0 1 0 1 0]	[1 0 0 0 0 1 0 1 0]	[1 1 1 0 1 1]	[1 0 0 0 0 0]	[8]
29	0.4273877739906311	4.766356945037842	2.0951335430145264	2.16428279876709	0.43873918056488037	0.06820102035999298	False	[0 1 0 0 0 1 0 1 0]	[1 0 0 0 0 1 0 1 0]	[1 1 1 0 1 1]	[1 0 0 0 0 0]	[8]	[0 1 1 0 0 1 0 1 0]	[0 0 0 0 0 1 0 1 0]	[0 1 1 0 1 1]	[0 0 0 0 0 0]	[8]
29	0.38193321228027344	4.665359020233154	2.052457809448242	2.075193405151367	0.36851054430007935	0.16919688880443573	False	[0 1 1 0 0 1 0 1 0]	[0 0 0 0 0 1 0 1 0]	[0 1 1 0 1 1]	[0 0 0 0 0 0]	[8]	[0 1 1 0 0 1 0 1 1]	[1 0 0 0 0 1 0 1 0]	[1 1 1 0 1 1]	[1 0 0 0 0 0]	[8]
29	0.33694517612457275	4.745466709136963	2.0806519985198975	2.1520917415618896	0.4096413254737854	0.1030818521976471	False	[0 1 1 0 0 1 0 1 1]	[1 0 0 0 0 1 0 1 0]	[1 1 1 0 1 1]	[1 0 0 0 0 0]	[8]	[0 1 1 1 0 1 0 1 1]	[0 0 0 0 0 1 0 1 0]	[0 1 1 0 1 1]	[0 0 0 0 0 0]	[8]
29	0.391024112701416	4.726451873779297	2.0480806827545166	2.058319568634033	0.43654918670654297	0.18350212275981903	False	[0 1 1 1 0 1 0 1 1]	[0 0 0 0 0 1 0 1 0]	[0 1 1 0 1 1]	[0 0 0 0 0 0]	[8]	[0 1 1 1 0 1 0 1 0]	[1 0 0 0 0 1 0 1 0]	[1 1 1 0 1 1]	[1 0 0 0 0 0]	[8]
29	0.39633113145828247	4.758947372436523	2.104462146759033	2.11006498336792	0.3769341707229614	0.16748598217964172	False	[0 1 1 1 0 1 0 1 0]	[1 0 0 0 0 1 0 1 0]	[1 1 1 0 1 1]	[1 0 0 0 0 0]	[8]	[0 1 1 1 0 1 0 1 1]	[0 0 0 0 0 1 0 1 0]	[0 1 1 0 1 1]	[0 0 0 0 0 0]	[8]
29	0.4005815386772156	4.6644086837768555	2.051006317138672	2.0746116638183594	0.36065834760665894	0.17813265323638916	False	[0 1 1 1 0 1 0 1 1]	[0 0 0 0 0 1 0 1 0]	[0 1 1 0 1 1]	[0 0 0 0 0 0]	[8]	[0 1 1 1 0 1 0 1 0]	[1 0 0 0 0 1 0 1 0]	[1 1 1 0 1 1]	[1 0 0 0 0 0]	[8]
29	0.37284231185913086	4.822110652923584	2.094724416732788	2.1074414253234863	0.4373819828033447	0.18256336450576782	False	[0 1 1 1 0 1 0 1 0]	[1 0 0 0 0 1 0 1 0]	[1 1 1 0 1 1]	[1 0 0 0 0 0]	[8]	[0 1 1 1 0 1 0 1 1]	[0 0 0 0 0 1 0 1 0]	[0 1 1 0 1 1]	[0 0 0 0 0 0]	[8]
29	0.38193321228027344	4.706963539123535	2.0456576347351074	2.067465305328369	0.40391111373901367	0.18992958962917328	False	[0 1 1 1 0 1 0 1 1]	[0 0 0 0 0 1 0 1 0]	[0 1 1 0 1 1]	[0 0 0 0 0 0]	[8]	[0 1 1 1 0 1 0 1 0]	[1 0 0 0 0 1 0 1 0]	[1 1 1 0 1 1]	[1 0 0 0 0 0]	[8]
29	0.3790584206581116	4.855576038360596	2.1095943450927734	2.120271921157837	0.455203115940094	0.17050690948963165	False	[0 1 1 1 0 1 0 1 0]	[1 0 0 0 0 1 0 1 0]	[1 1 1 0 1 1]	[1 0 0 0 0 0]	[8]	[0 1 1 1 0 1 0 1 1]	[0 0 0 0 0 1 0 1 0]	[0 1 1 0 1 1]	[0 0 0 0 0 0]	[8]
29	0.339819997549057	4.636823654174805	2.0546910762786865	2.075937032699585	0.32090288400650024	0.1852927803993225	False	[0 1 1 1 0 1 0 1 1]	[0 0 0 0 0 1 0 1 0]	[0 1 1 0 1 1]	[0 0 0 0 0 0]	[8]	[0 1 1 1 0 1 0 1 0]	[1 0 0 0 0 1 0 1 0]	[1 1 1 0 1 1]	[1 0 0 0 0 0]	[8]
29	0.4426947832107544	4.791616916656494	2.114326238632202	2.1234757900238037	0.4001304507255554	0.15368445217609406	False	[0 1 1 1 0 1 0 1 0]	[1 0 0 0 0 1 0 1 0]	[1 1 1 0 1 1]	[1 0 0 0 0 0]	[8]	[0 1 1 1 0 1 0 1 1]	[0 0 0 0 0 1 0 1 0]	[0 1 1 0 1 1]	[0 0 0 0 0 0]	[8]
29	0.35178568959236145	4.73258638381958	2.03969669342041	2.0862085819244385	0.3480413556098938	0.2586398124694824	False	[0 1 1 1 0 1 0 1 1]	[0 0 0 0 0 1 0 1 0]	[0 1 1 0 1 1]	[0 0 0 0 0 0]	[8]	[0 1 1 1 0 1 0 1 0]	[1 0 0 0 0 1 0 1 0]	[1 1 1 0 1 1]	[1 0 0 0 0 0]	[8]
29	0.36709269881248474	4.726895809173584	2.11232590675354	2.119270086288452	0.3495299220085144	0.1457701027393341	False	[0 1 1 1 0 1 0 1 0]	[1 0 0 0 0 1 0 1 0]	[1 1 1 0 1 1]	[1 0 0 0 0 0]	[8]	[0 1 1 1 0 1 0 1 1]	[0 0 0 0 0 1 0 1 0]	[0 1 1 0 1 1]	[0 0 0 0 0 0]	[8]
29	0.369967520236969	4.699117660522461	2.0487136840820312	2.074821710586548	0.395225465297699	0.18035681545734406	False	[0 1 1 1 0 1 0 1 1]	[0 0 0 0 0 1 0 1 0]	[0 1 1 0 1 1]	[0 0 0 0 0 0]	[8]	[0 1 1 1 0 1 0 1 0]	[1 0 0 0 0 1 0 1 0]	[1 1 1 0 1 1]	[1 0 0 0 0 0]	[8]
29	0.3823997378349304	4.759969234466553	2.106675624847412	2.117729425430298	0.37309446930885315	0.16246959567070007	False	[0 1 1 1 0 1 0 1 0]	[1 0 0 0 0 1 0 1 0]	[1 1 1 0 1 1]	[1 0 0 0 0 0]	[8]	[0 1 1 1 0 1 0 1 1]	[0 0 0 0 0 1 0 1 0]	[0 1 1 0 1 1]	[0 0 0 0 0 0]	[8]
29	0.3790584206581116	4.8300251960754395	2.052263021469116	2.0586390495300293	0.5266419649124146	0.1924813985824585	False	[0 1 1 1 0 1 0 1 1]	[0 0 0 0 0 1 0 1 0]	[0 1 1 0 1 1]	[0 0 0 0 0 0]	[8]	[0 1 1 1 0 1 0 1 0]	[1 0 0 0 0 1 0 1 0]	[1 1 1 0 1 1]	[1 0 0 0 0 0]	[8]
29	0.339819997549057	4.788657188415527	2.1085870265960693	2.1109697818756104	0.40825992822647095	0.1608404815196991	False	[0 1 1 1 0 1 0 1 0]	[1 0 0 0 0 1 0 1 0]	[1 1 1 0 1 1]	[1 0 0 0 0 0]	[8]	[0 1 1 1 0 1 0 1 1]	[0 0 0 0 0 1 0 1 0]	[0 1 1 0 1 1]	[0 0 0 0 0 0]	[8]
29	0.35178568959236145	4.685064315795898	2.0585241317749023	2.0596773624420166	0.4103398323059082	0.15652316808700562	False	[0 1 1 1 0 1 0 1 1]	[0 0 0 0 0 1 0 1 0]	[0 1 1 0 1 1]	[0 0 0 0 0 0]	[8]	[0 1 1 1 0 1 0 1 0]	[1 0 0 0 0 1 0 1 0]	[1 1 1 0 1 1]	[1 0 0 0 0 0]	[8]
29	0.391490638256073	4.682082653045654	2.099729299545288	2.133396625518799	0.24508312344551086	0.20387348532676697	False	[0 1 1 1 0 1 0 1 0]	[1 0 0 0 0 1 0 1 0]	[1 1 1 0 1 1]	[1 0 0 0 0 0]	[8]	[0 1 1 1 0 1 0 1 1]	[0 0 0 0 0 1 0 1 0]	[0 1 1 0 1 1]	[0 0 0 0 0 0]	[8]
29	0.35178568959236145	4.648476600646973	2.0481810569763184	2.0804996490478516	0.2987724542617798	0.22102364897727966	False	[0 1 1 1 0 1 0 1 1]	[0 0 0 0 0 1 0 1 0]	[0 1 1 0 1 1]	[0 0 0 0 0 0]	[8]	[0 1 1 1 0 1 0 1 0]	[1 0 0 0 0 1 0 1 0]	[1 1 1 0 1 1]	[1 0 0 0 0 0]	[8]
29	0.2972402274608612	4.7337188720703125	2.1088435649871826	2.113656520843506	0.3468155264854431	0.16440324485301971	False	[0 1 1 1 0 1 0 1 0]	[1 0 0 0 0 1 0 1 0]	[1 1 1 0 1 1]	[1 0 0 0 0 0]	[8]	[0 1 1 1 0 1 0 1 1]	[0 0 0 0 0 1 0 1 0]	[0 1 1 0 1 1]	[0 0 0 0 0 0]	[8]
29	0.3637514114379883	4.604827880859375	2.0569522380828857	2.0668601989746094	0.2999719977378845	0.18104299902915955	False	[0 1 1 1 0 1 0 1 1]	[0 0 0 0 0 1 0 1 0]	[0 1 1 0 1 1]	[0 0 0 0 0 0]	[8]	[0 1 1 1 0 1 0 1 0]	[1 0 0 0 0 1 0 1 0]	[1 1 1 0 1 1]	[1 0 0 0 0 0]	[8]
29	0.36087659001350403	4.78842830657959	2.1074819564819336	2.1049413681030273	0.3999367952346802	0.17606815695762634	False	[0 1 1 1 0 1 0 1 0]	[1 0 0 0 0 1 0 1 0]	[1 1 1 0 1 1]	[1 0 0 0 0 0]	[8]	[0 1 1 1 0 1 0 1 1]	[0 0 0 0 0 1 0 1 0]	[0 1 1 0 1 1]	[0 0 0 0 0 0]	[8]
29	0.37284231185913086	4.658096790313721	2.0547194480895996	2.070448637008667	0.38166454434394836	0.1512639820575714	False	[0 1 1 1 0 1 0 1 1]	[0 0 0 0 0 1 0 1 0]	[0 1 1 0 1 1]	[0 0 0 0 0 0]	[8]	[0 1 1 1 0 1 0 1 0]	[1 0 0 0 0 1 0 1 0]	[1 1 1 0 1 1]	[1 0 0 0 0 0]	[8]
29	0.3546604812145233	4.829266548156738	2.1059722900390625	2.113781452178955	0.45376795530319214	0.155745267868042	False	[0 1 1 1 0 1 0 1 0]	[1 0 0 0 0 1 0 1 0]	[1 1 1 0 1 1]	[1 0 0 0 0 0]	[8]	[0 1 1 1 0 1 0 1 1]	[0 0 0 0 0 1 0 1 0]	[0 1 1 0 1 1]	[0 0 0 0 0 0]	[8]
30	-0.75	6.263345718383789	2.0083260536193848	2.042970657348633	1.3588829040527344	0.8531659245491028	False	[0 1 1 1 0 0 0 0 0]	[0 1 0 0 0 0 1 1 0]	[0 0 0 0 0 1]	[1 1 0 1 0 0]	[2]	[0 1 1 1 0 0 0 1 0]	[0 1 0 0 0 0 1 1 1]	[0 0 0 0 1 1]	[1 0 0 1 0 0]	[2]
30	-0.75	5.583003997802734	2.181920289993286	1.9557658433914185	1.152793288230896	0.29252439737319946	False	[0 1 1 1 0 0 0 1 0]	[0 1 0 0 0 0 1 1 1]	[0 0 0 0 1 1]	[1 0 0 1 0 0]	[2]	[0 1 1 1 0 0 0 0 0]	[0 1 0 0 0 0 1 0 1]	[0 0 1 0 1 1]	[1 0 0 0 0 0]	[2]
30	-0.25	6.829405784606934	2.1248602867126465	2.0220816135406494	1.299718976020813	1.3827450275421143	False	[0 1 1 1 0 0 0 0 0]	[0 1 0 0 0 0 1 0 1]	[0 0 1 0 1 1]	[1 0 0 0 0 0]	[2]	[0 1 1 0 0 0 0 0 0]	[0 1 0 0 0 0 1 0 0]	[0 0 1 0 0 1]	[1 0 0 1 0 0]	[6]
30	0.29817327857017517	5.4696173667907715	2.1002233028411865	2.0849146842956543	0.8842207193374634	0.4002588987350464	False	[0 1 1 0 0 0 0 0 0]	[0 1 0 0 0 0 1 0 0]	[0 0 1 0 0 1]	[1 0 0 1 0 0]	[6]	[0 1 1 0 0 1 0 0 0]	[0 1 0 0 0 0 1 1 0]	[0 0 1 1 0 1]	[1 0 0 0 0 0]	[8]
30	0.3996724486351013	4.869174480438232	2.057835340499878	2.193126916885376	0.06977163255214691	0.5484403967857361	False	[0 1 1 0 0 1 0 0 0]	[0 1 0 0 0 0 1 1 0]	[0 0 1 1 0 1]	[1 0 0 0 0 0]	[8]	[1 1 1 0 0 1 0 0 0]	[0 1 0 0 0 0 1 1 1]	[1 0 1 1 0 1]	[0 0 0 0 0 0]	[8]
30	0.27043402194976807	4.78654146194458	2.07845139503479	2.1215860843658447	0.11724704504013062	0.46925681829452515	False	[1 1 1 0 0 1 0 0 0]	[0 1 0 0 0 0 1 1 1]	[1 0 1 1 0 1]	[0 0 0 0 0 0]	[8]	[1 1 1 1 0 1 0 0 0]	[0 1 0 0 0 0 1 1 0]	[0 0 1 1 0 1]	[1 0 0 0 0 0]	[8]
30	0.2675592303276062	4.752496242523193	2.0609488487243652	2.1946511268615723	0.06526945531368256	0.4316268861293793	False	[1 1 1 1 0 1 0 0 0]	[0 1 0 0 0 0 1 1 0]	[0 0 1 1 0 1]	[1 0 0 0 0 0]	[8]	[0 1 1 1 0 1 0 0 0]	[0 1 0 0 0 0 1 1 1]	[1 0 1 1 0 1]	[0 0 0 0 0 0]	[8]
30	0.2848319411277771	4.653246879577637	1.9563121795654297	2.172246217727661	0.2077852189540863	0.3169034421443939	False	[0 1 1 1 0 1 0 0 0]	[0 1 0 0 0 0 1 1 1]	[1 0 1 1 0 1]	[0 0 0 0 0 0]	[8]	[1 1 1 1 0 1 0 0 0]	[0 1 0 0 0 1 1 1 1]	[0 0 1 1 0 1]	[1 0 0 0 0 0]	[8]
30	0.3551270067691803	4.799561977386475	2.075420618057251	2.1892261505126953	0.08507747948169708	0.4498380720615387	False	[1 1 1 1 0 1 0 0 0]	[0 1 0 0 0 1 1 1 1]	[0 0 1 1 0 1]	[1 0 0 0 0 0]	[8]	[0 1 1 1 0 1 0 0 0]	[0 1 0 0 0 1 1 1 0]	[1 0 1 1 0 1]	[0 0 0 0 0 0]	[8]
30	0.26195716857910156	4.809447765350342	2.0613327026367188	2.196571111679077	0.07533986866474152	0.4762040078639984	False	[0 1 1 1 0 1 0 0 0]	[0 1 0 0 0 1 1 1 0]	[1 0 1 1 0 1]	[0 0 0 0 0 0]	[8]	[1 1 1 1 0 1 0 0 0]	[0 1 0 0 0 1 1 1 1]	[0 0 1 1 0 1]	[1 0 0 0 0 0]	[8]
30	0.33072906732559204	4.746515274047852	2.061129331588745	2.1878602504730225	0.07830895483493805	0.4192168712615967	False	[1 1 1 1 0 1 0 0 0]	[0 1 0 0 0 1 1 1 1]	[0 0 1 1 0 1]	[1 0 0 0 0 0]	[8]	[0 1 1 1 0 1 0 0 0]	[0 1 0 0 0 1 1 1 0]	[1 0 1 1 0 1]	[0 0 0 0 0 0]	[8]
30	0.27286624908447266	4.783533573150635	2.078700065612793	2.190277576446533	0.11069333553314209	0.4038625657558441	False	[0 1 1 1 0 1 0 0 0]	[0 1 0 0 0 1 1 1 0]	[1 0 1 1 0 1]	[0 0 0 0 0 0]	[8]	[1 1 1 1 0 1 0 0 0]	[0 1 0 0 0 1 1 1 1]	[0 0 1 1 0 1]	[1 0 0 0 0 0]	[8]
30	0.30967244505882263	4.771350860595703	2.034651279449463	2.1853694915771484	0.09180907160043716	0.4595209062099457	False	[1 1 1 1 0 1 0 0 0]	[0 1 0 0 0 1 1 1 1]	[0 0 1 1 0 1]	[1 0 0 0 0 0]	[8]	[0 1 1 1 0 1 0 0 0]	[0 1 0 0 0 1 1 1 0]	[1 0 1 1 0 1]	[0 0 0 0 0 0]	[8]
30	0.23453690111637115	4.785125732421875	2.0720748901367188	2.1940431594848633	0.08427184820175171	0.43473583459854126	False	[0 1 1 1 0 1 0 0 0]	[0 1 0 0 0 1 1 1 0]	[1 0 1 1 0 1]	[0 0 0 0 0 0]	[8]	[1 1 1 1 0 1 0 0 0]	[0 1 0 0 0 1 1 1 1]	[0 0 1 1 0 1]	[1 0 0 0 0 0]	[8]
30	0.3402864933013916	4.747051239013672	2.0581841468811035	2.19173526763916	0.07655905932188034	0.4205726981163025	False	[1 1 1 1 0 1 0 0 0]	[0 1 0 0 0 1 1 1 1]	[0 0 1 1 0 1]	[1 0 0 0 0 0]	[8]	[0 1 1 1 0 1 0 0 0]	[0 1 0 0 0 1 1 1 0]	[1 0 1 1 0 1]	[0 0 0 0 0 0]	[8]
30	0.3130137622356415	4.808629035949707	2.072143316268921	2.1899361610412598	0.10481271892786026	0.44173723459243774	False	[0 1 1 1 0 1 0 0 0]	[0 1 0 0 0 1 1 1 0]	[1 0 1 1 0 1]	[0 0 0 0 0 0]	[8]	[1 1 1 1 0 1 0 0 0]	[0 1 0 0 0 1 1 1 1]	[0 0 1 1 0 1]	[1 0 0 0 0 0]	[8]
30	0.2848319411277771	4.8376569747924805	2.065596342086792	2.1888561248779297	0.08768017590045929	0.4955238103866577	False	[1 1 1 1 0 1 0 0 0]	[0 1 0 0 0 1 1 1 1]	[0 0 1 1 0 1]	[1 0 0 0 0 0]	[8]	[0 1 1 1 0 1 0 0 0]	[0 1 0 0 0 1 1 1 0]	[1 0 1 1 0 1]	[0 0 0 0 0 0]	[8]
30	0.24606002867221832	4.810031890869141	2.067739486694336	2.194317579269409	0.08863843977451324	0.4593362510204315	False	[0 1 1 1 0 1 0 0 0]	[0 1 0 0 0 1 1 1 0]	[1 0 1 1 0 1]	[0 0 0 0 0 0]	[8]	[1 1 1 1 0 1 0 0 0]	[0 1 0 0 0 1 1 1 1]	[0 0 1 1 0 1]	[1 0 0 0 0 0]	[8]
30	0.31588858366012573	4.777536392211914	2.0681357383728027	2.188075065612793	0.08817463368177414	0.4331507682800293	False	[1 1 1 1 0 1 0 0 0]	[0 1 0 0 0 1 1 1 1]	[0 0 1 1 0 1]	[1 0 0 0 0 0]	[8]	[0 1 1 1 0 1 0 0 0]	[0 1 0 0 0 1 1 1 0]	[1 0 1 1 0 1]	[0 0 0 0 0 0]	[8]
30	0.2374117076396942	4.832170486450195	2.0577380657196045	2.194627285003662	0.06988809257745743	0.5099173784255981	False	[0 1 1 1 0 1 0 0 0]	[0 1 0 0 0 1 1 1 0]	[1 0 1 1 0 1]	[0 0 0 0 0 0]	[8]	[1 1 1 1 0 1 0 0 0]	[0 1 0 0 0 1 1 1 1]	[0 0 1 1 0 1]	[1 0 0 0 0 0]	[8]
30	0.3298199772834778	4.829883098602295	2.0577926635742188	2.1892049312591553	0.07250845432281494	0.5103771090507507	False	[1 1 1 1 0 1 0 0 0]	[0 1 0 0 0 1 1 1 1]	[0 0 1 1 0 1]	[1 0 0 0 0 0]	[8]	[0 1 1 1 0 1 0 0 0]	[0 1 0 0 0 1 1 1 0]	[1 0 1 1 0 1]	[0 0 0 0 0 0]	[8]
30	0.22984392940998077	4.765370845794678	2.100642681121826	2.1784942150115967	0.11955588310956955	0.36667826771736145	False	[0 1 1 1 0 1 0 0 0]	[0 1 0 0 0 1 1 1 0]	[1 0 1 1 0 1]	[0 0 0 0 0 0]	[8]	[1 1 1 1 0 1 0 0 0]	[0 1 0 0 0 1 1 1 1]	[0 0 1 1 0 1]	[1 0 0 0 0 0]	[8]
30	0.2996724545955658	4.824217319488525	2.0617311000823975	2.1906464099884033	0.07996997237205505	0.49187010526657104	False	[1 1 1 1 0 1 0 0 0]	[0 1 0 0 0 1 1 1 1]	[0 0 1 1 0 1]	[1 0 0 0 0 0]	[8]	[0 1 1 1 0 1 0 0 0]	[0 1 0 0 0 1 1 1 0]	[1 0 1 1 0 1]	[0 0 0 0 0 0]	[8]
30	0.2680257558822632	4.872137546539307	2.0682566165924072	2.198390483856201	0.08351272344589233	0.5219775438308716	False	[0 1 1 1 0 1 0 0 0]	[0 1 0 0 0 1 1 1 0]	[1 0 1 1 0 1]	[0 0 0 0 0 0]	[8]	[1 1 1 1 0 1 0 0 0]	[0 1 0 0 0 1 1 1 1]	[0 0 1 1 0 1]	[1 0 0 0 0 0]	[8]
30	0.2551270127296448	4.837492942810059	2.064406633377075	2.1923413276672363	0.08810275793075562	0.4926420748233795	False	[1 1 1 1 0 1 0 0 0]	[0 1 0 0 0 1 1 1 1]	[0 0 1 1 0 1]	[1 0 0 0 0 0]	[8]	[0 1 1 1 0 1 0 0 0]	[0 1 0 0 0 1 1 1 0]	[1 0 1 1 0 1]	[0 0 0 0 0 0]	[8]
30	0.2757410407066345	4.8823699951171875	2.097895860671997	2.172861337661743	0.18581612408161163	0.42579635977745056	False	[0 1 1 1 0 1 0 0 0]	[0 1 0 0 0 1 1 1 0]	[1 0 1 1 0 1]	[0 0 0 0 0 0]	[8]	[1 1 1 1 0 1 0 0 0]	[0 1 0 0 0 1 1 1 1]	[0 0 1 1 0 1]	[1 0 0 0 0 0]	[8]
30	0.3187633752822876	4.738888740539551	2.0810818672180176	2.1849801540374756	0.1030959039926529	0.3697308897972107	False	[1 1 1 1 0 1 0 0 0]	[0 1 0 0 0 1 1 1 1]	[0 0 1 1 0 1]	[1 0 0 0 0 0]	[8]	[0 1 1 1 0 1 0 0 0]	[0 1 0 0 0 1 1 1 0]	[1 0 1 1 0 1]	[0 0 0 0 0 0]	[8]
30	0.24075300991535187	4.761956691741943	2.073002338409424	2.188769578933716	0.10707233846187592	0.3931123614311218	False	[0 1 1 1 0 1 0 0 0]	[0 1 0 0 0 1 1 1 0]	[1 0 1 1 0 1]	[0 0 0 0 0 0]	[8]	[1 1 1 1 0 1 0 0 0]	[0 1 0 0 0 1 1 1 1]	[0 0 1 1 0 1]	[1 0 0 0 0 0]	[8]
30	0.3192298710346222	4.78929328918457	2.070263147354126	2.1867687702178955	0.08481328189373016	0.44744813442230225	False	[1 1 1 1 0 1 0 0 0]	[0 1 0 0 0 1 1 1 1]	[0 0 1 1 0 1]	[1 0 0 0 0 0]	[8]	[0 1 1 1 0 1 0 0 0]	[0 1 0 0 0 1 1 1 0]	[1 0 1 1 0 1]	[0 0 0 0 0 0]	[8]
30	0.2695249319076538	4.827113151550293	2.0807971954345703	2.1953701972961426	0.08740969002246857	0.4635361433029175	False	[0 1 1 1 0 1 0 0 0]	[0 1 0 0 0 1 1 1 0]	[1 0 1 1 0 1]	[0 0 0 0 0 0]	[8]	[1 1 1 1 0 1 0 0 0]	[0 1 0 0 0 1 1 1 1]	[0 0 1 1 0 1]	[1 0 0 0 0 0]	[8]
31	-1.0	6.6535964012146	1.8312528133392334	2.119215726852417	1.2615553140640259	1.4415727853775024	False	[0 0 0 1 0 0 0 0 0]	[1 0 0 0 0 0 0 1 0]	[0 0 0 0 0 0]	[0 1 1 0 0 1]	[0]	[0 0 0 1 0 0 0 1 0]	[1 0 0 0 0 0 0 1 0]	[0 0 0 0 0 1]	[0 1 0 0 0 1]	[0]
31	-1.0	6.42641544342041	1.7871721982955933	2.162383556365967	1.2724241018295288	1.2044354677200317	False	[0 0 0 1 0 0 0 1 0]	[1 0 0 0 0 0 0 1 0]	[0 0 0 0 0 1]	[0 1 0 0 0 1]	[0]	[0 0 0 1 0 0 0 0 0]	[1 0 0 0 0 0 0 1 1]	[0 0 1 0 0 1]	[0 1 0 0 0 0]	[0]
31	-1.0	6.84309196472168	1.681861400604248	2.1789915561676025	1.5588818788528442	1.4233567714691162	False	[0 0 0 1 0 0 0 0 0]	[1 0 0 0 0 0 0 1 1]	[0 0 1 0 0 1]	[0 1 0 0 0 0]	[0]	[0 0 0 1 0 0 0 1 0]	[1 0 0 0 0 0 0 1 1]	[0 0 1 1 0 1]	[0 1 0 0 0 1]	[0]
31	-1.0	6.420101165771484	1.928952932357788	2.1632161140441895	1.2541654109954834	1.0737667083740234	False	[0 0 0 1 0 0 0 1 0]	[1 0 0 0 0 0 0 1 1]	[0 0 1 1 0 1]	[0 1 0 0 0 1]	[0]	[0 0 0 1 0 0 0 0 0]	[1 0 1 0 0 0 0 1 1]	[1 0 1 1 0 1]	[0 1 0 0 0 0]	[0]
31	-1.0	6.55702543258667	1.9828565120697021	2.1693246364593506	1.1793239116668701	1.2255204916000366	False	[0 0 0 1 0 0 0 0 0]	[1 0 1 0 0 0 0 1 1]	[1 0 1 1 0 1]	[0 1 0 0 0 0]	[0]	[0 0 0 1 0 0 0 1 0]	[1 0 0 0 0 0 0 1 1]	[1 0 1 0 0 1]	[0 1 0 0 0 1]	[0]
31	-0.5	6.4113922119140625	1.5160281658172607	2.163813591003418	1.5983035564422607	1.1332471370697021	False	[0 0 0 1 0 0 0 1 0]	[1 0 0 0 0 0 0 1 1]	[1 0 1 0 0 1]	[0 1 0 0 0 1]	[0]	[0 0 0 1 0 0 0 0 0]	[1 1 0 0 0 0 0 1 1]	[1 0 1 0 0 1]	[0 1 0 0 0 0]	[4]
31	-0.5	6.106321334838867	1.7458142042160034	2.135408878326416	0.9429073929786682	1.2821905612945557	False	[0 0 0 1 0 0 0 0 0]	[1 1 0 0 0 0 0 1 1]	[1 0 1 0 0 1]	[0 1 0 0 0 0]	[4]	[0 0 0 1 0 0 0 1 0]	[1 0 0 0 0 0 0 1 1]	[1 0 1 1 0 1]	[0 1 0 0 0 1]	[4]
31	-0.5	5.643546104431152	1.520732045173645	2.1217899322509766	0.8465490937232971	1.1544750928878784	False	[0 0 0 1 0 0 0 1 0]	[1 0 0 0 0 0 0 1 1]	[1 0 1 1 0 1]	[0 1 0 0 0 1]	[4]	[0 0 0 1 0 0 0 0 0]	[1 1 0 0 0 0 0 1 1]	[0 0 1 1 0 1]	[0 0 0 0 0 1]	[4]
31	-1.0	6.143003463745117	1.9992485046386719	2.0464978218078613	1.0017075538635254	1.0955498218536377	False	[0 0 0 1 0 0 0 0 0]	[1 1 0 0 0 0 0 1 1]	[0 0 1 1 0 1]	[0 0 0 0 0 1]	[4]	[0 0 0 1 0 0 0 1 0]	[1 1 1 0 0 0 0 1 1]	[0 0 1 0 0 1]	[0 0 0 0 0 0]	[0]
31	0.3242945373058319	6.079254150390625	2.148376226425171	2.219681739807129	0.5593868494033813	1.1518092155456543	False	[0 0 0 1 0 0 0 1 0]	[1 1 1 0 0 0 0 1 1]	[0 0 1 0 0 1]	[0 0 0 0 0 0]	[0]	[0 0 0 1 0 0 1 1 0]	[1 1 1 0 0 0 0 1 1]	[0 0 1 1 0 1]	[1 0 0 0 0 0]	[8]
31	0.3570927083492279	4.821405410766602	2.040299654006958	2.149801731109619	0.20113277435302734	0.43017110228538513	False	[0 0 0 1 0 0 1 1 0]	[1 1 1 0 0 0 0 1 1]	[0 0 1 1 0 1]	[1 0 0 0 0 0]	[8]	[0 0 0 0 0 0 1 1 0]	[1 0 1 0 0 0 0 1 1]	[1 0 1 1 0 1]	[0 0 0 0 0 0]	[8]
31	0.3977067470550537	4.585087299346924	2.154463768005371	2.0755724906921387	0.2783888578414917	0.07666205614805222	False	[0 0 0 0 0 0 1 1 0]	[1 0 1 0 0 0 0 1 1]	[1 0 1 1 0 1]	[0 0 0 0 0 0]	[8]	[0 0 0 0 0 0 0 1 0]	[1 1 1 0 0 0 0 1 1]	[0 0 1 1 0 1]	[1 0 0 0 0 0]	[8]
31	0.2914906442165375	4.785013198852539	2.032717227935791	2.151543617248535	0.2188565880060196	0.3818955421447754	False	[0 0 0 0 0 0 0 1 0]	[1 1 1 0 0 0 0 1 1]	[0 0 1 1 0 1]	[1 0 0 0 0 0]	[8]	[0 0 0 1 0 0 0 1 0]	[1 1 1 0 0 1 0 1 1]	[1 0 1 1 0 1]	[0 0 0 0 0 0]	[8]
31	0.32163816690444946	4.551980495452881	2.1590306758880615	2.085418462753296	0.21481746435165405	0.09271375089883804	False	[0 0 0 1 0 0 0 1 0]	[1 1 1 0 0 1 0 1 1]	[1 0 1 1 0 1]	[0 0 0 0 0 0]	[8]	[0 0 0 1 0 0 1 1 0]	[1 0 1 0 0 1 0 1 1]	[0 0 1 1 0 1]	[1 0 0 0 0 0]	[8]
31	0.32163816690444946	4.37385368347168	2.0962727069854736	2.052638053894043	0.11883347481489182	0.10610947757959366	False	[0 0 0 1 0 0 1 1 0]	[1 0 1 0 0 1 0 1 1]	[0 0 1 1 0 1]	[1 0 0 0 0 0]	[8]	[0 0 1 1 0 0 1 1 0]	[0 0 1 0 0 1 0 1 1]	[1 0 1 1 0 1]	[0 0 0 0 0 0]	[8]
31	0.30967244505882263	4.8216047286987305	2.047987461090088	2.1546506881713867	0.2510312497615814	0.3679349422454834	False	[0 0 1 1 0 0 1 1 0]	[0 0 1 0 0 1 0 1 1]	[1 0 1 1 0 1]	[0 0 0 0 0 0]	[8]	[0 0 1 0 0 0 1 1 0]	[0 1 1 0 0 1 0 1 1]	[0 0 1 1 0 1]	[1 0 0 0 0 0]	[8]
31	0.3037044405937195	4.367995738983154	2.099071741104126	2.057326078414917	0.1252002716064453	0.08639761805534363	False	[0 0 1 0 0 0 1 1 0]	[0 1 1 0 0 1 0 1 1]	[0 0 1 1 0 1]	[1 0 0 0 0 0]	[8]	[0 0 0 0 0 0 1 1 0]	[1 1 1 0 0 1 0 1 1]	[1 0 1 1 0 1]	[0 0 0 0 0 0]	[8]
31	0.38814932107925415	4.531694412231445	2.1615004539489746	2.090583086013794	0.1848096400499344	0.09480110555887222	False	[0 0 0 0 0 0 1 1 0]	[1 1 1 0 0 1 0 1 1]	[1 0 1 1 0 1]	[0 0 0 0 0 0]	[8]	[0 0 0 0 0 0 0 1 0]	[1 0 1 0 0 1 0 1 1]	[0 0 1 1 0 1]	[1 0 0 0 0 0]	[8]
31	0.37284231185913086	4.46674108505249	2.095309019088745	2.0643715858459473	0.19489702582359314	0.11216352880001068	False	[0 0 0 0 0 0 0 1 0]	[1 0 1 0 0 1 0 1 1]	[0 0 1 1 0 1]	[1 0 0 0 0 0]	[8]	[0 0 1 0 0 0 0 1 0]	[0 0 1 0 0 1 0 1 1]	[1 0 1 1 0 1]	[0 0 0 0 0 0]	[8]
31	0.41829684376716614	4.391185760498047	2.0980477333068848	2.0588583946228027	0.11508408933877945	0.11919528990983963	False	[0 0 1 0 0 0 0 1 0]	[0 0 1 0 0 1 0 1 1]	[1 0 1 1 0 1]	[0 0 0 0 0 0]	[8]	[0 0 0 0 0 0 0 1 0]	[1 0 1 0 0 1 0 1 1]	[0 0 1 1 0 1]	[1 0 0 0 0 0]	[8]
31	0.39724022150039673	4.402004241943359	2.1045613288879395	2.0604944229125977	0.15361283719539642	0.08333573490381241	False	[0 0 0 0 0 0 0 1 0]	[1 0 1 0 0 1 0 1 1]	[0 0 1 1 0 1]	[1 0 0 0 0 0]	[8]	[0 0 1 0 0 0 0 1 0]	[0 0 1 0 0 1 0 1 1]	[1 0 1 1 0 1]	[0 0 0 0 0 0]	[8]
31	0.40920594334602356	4.365196228027344	2.101302146911621	2.062310218811035	0.1088574081659317	0.09272614121437073	False	[0 0 1 0 0 0 0 1 0]	[0 0 1 0 0 1 0 1 1]	[1 0 1 1 0 1]	[0 0 0 0 0 0]	[8]	[0 0 0 0 0 0 0 1 0]	[1 0 1 0 0 1 0 1 1]	[0 0 1 1 0 1]	[1 0 0 0 0 0]	[8]
31	0.3790584206581116	4.383991241455078	2.102254867553711	2.0581488609313965	0.13003692030906677	0.09355051815509796	False	[0 0 0 0 0 0 0 1 0]	[1 0 1 0 0 1 0 1 1]	[0 0 1 1 0 1]	[1 0 0 0 0 0]	[8]	[0 0 1 0 0 0 0 1 0]	[0 0 1 0 0 1 0 1 1]	[1 0 1 1 0 1]	[0 0 0 0 0 0]	[8]
31	0.38814932107925415	4.397932529449463	2.103520631790161	2.0654585361480713	0.15451958775520325	0.07443393021821976	False	[0 0 1 0 0 0 0 1 0]	[0 0 1 0 0 1 0 1 1]	[1 0 1 1 0 1]	[0 0 0 0 0 0]	[8]	[0 0 0 0 0 0 0 1 0]	[1 0 1 0 0 1 0 1 1]	[0 0 1 1 0 1]	[1 0 0 0 0 0]	[8]
31	0.3489108979701996	4.440957546234131	2.109213352203369	2.0678446292877197	0.15180447697639465	0.11209489405155182	False	[0 0 0 0 0 0 0 1 0]	[1 0 1 0 0 1 0 1 1]	[0 0 1 1 0 1]	[1 0 0 0 0 0]	[8]	[0 0 1 0 0 0 0 1 0]	[0 0 1 0 0 1 0 1 1]	[1 0 1 1 0 1]	[0 0 0 0 0 0]	[8]
31	0.41829684376716614	4.409307956695557	2.1077487468719482	2.0669097900390625	0.14646022021770477	0.08818909525871277	False	[0 0 1 0 0 0 0 1 0]	[0 0 1 0 0 1 0 1 1]	[1 0 1 1 0 1]	[0 0 0 0 0 0]	[8]	[0 0 0 0 0 0 0 1 0]	[1 0 1 0 0 1 0 1 1]	[0 0 1 1 0 1]	[1 0 0 0 0 0]	[8]
31	0.4063311517238617	4.4056901931762695	2.109055280685425	2.065218448638916	0.1295432299375534	0.1018732488155365	False	[0 0 0 0 0 0 0 1 0]	[1 0 1 0 0 1 0 1 1]	[0 0 1 1 0 1]	[1 0 0 0 0 0]	[8]	[0 0 1 0 0 0 0 1 0]	[0 0 1 0 0 1 0 1 1]	[1 0 1 1 0 1]	[0 0 0 0 0 0]	[8]
31	0.4187633693218231	4.415937423706055	2.098482608795166	2.0619096755981445	0.148276686668396	0.10726843774318695	False	[0 0 1 0 0 0 0 1 0]	[0 0 1 0 0 1 0 1 1]	[1 0 1 1 0 1]	[0 0 0 0 0 0]	[8]	[0 0 0 0 0 0 0 1 0]	[1 0 1 0 0 1 0 1 1]	[0 0 1 1 0 1]	[1 0 0 0 0 0]	[8]
31	0.3460361063480377	4.4171929359436035	2.1022260189056396	2.059128522872925	0.12189559638500214	0.13394257426261902	False	[0 0 0 0 0 0 0 1 0]	[1 0 1 0 0 1 0 1 1]	[0 0 1 1 0 1]	[1 0 0 0 0 0]	[8]	[0 0 1 0 0 0 0 1 0]	[0 0 1 0 0 1 0 1 1]	[1 0 1 1 0 1]	[0 0 0 0 0 0]	[8]
31	0.391024112701416	4.4777727127075195	2.1052777767181396	2.0690720081329346	0.2127392590045929	0.09068351984024048	False	[0 0 1 0 0 0 0 1 0]	[0 0 1 0 0 1 0 1 1]	[1 0 1 1 0 1]	[0 0 0 0 0 0]	[8]	[0 0 0 0 0 0 0 1 0]	[1 0 1 0 0 1 0 1 1]	[0 0 1 1 0 1]	[1 0 0 0 0 0]	[8]
32	-1.0	6.348550796508789	1.9985706806182861	2.1899399757385254	1.1940059661865234	0.9660341143608093	False	[0 0 1 0 0 0 0 0 0]	[0 0 0 0 0 0 0 0 0]	[0 0 0 0 1 0]	[1 0 0 0 0 0]	[0]	[0 0 1 0 0 0 1 0 0]	[0 0 0 0 0 1 0 0 0]	[0 0 0 0 1 1]	[0 0 0 0 0 0]	[0]
32	-0.25	6.600296974182129	2.116546154022217	2.121076822280884	1.4459638595581055	0.9167096614837646	False	[0 0 1 0 0 0 1 0 0]	[0 0 0 0 0 1 0 0 0]	[0 0 0 0 1 1]	[0 0 0 0 0 0]	[0]	[0 0 1 0 0 0 0 0 0]	[0 0 0 0 0 1 0 0 1]	[0 0 1 0 1 1]	[0 0 0 0 0 0]	[6]
32	-0.5	5.857493877410889	1.994351863861084	2.105283260345459	1.4554826021194458	0.30237624049186707	False	[0 0 1 0 0 0 0 0 0]	[0 0 0 0 0 1 0 0 1]	[0 0 1 0 1 1]	[0 0 0 0 0 0]	[6]	[0 0 1 0 0 0 1 0 0]	[0 0 0 0 0 0 0 0 1]	[0 0 1 0 1 0]	[1 0 0 0 0 0]	[4]
32	-0.25	5.587881088256836	1.9059982299804688	2.0746288299560547	1.0627384185791016	0.54451584815979	False	[0 0 1 0 0 0 1 0 0]	[0 0 0 0 0 0 0 0 1]	[0 0 1 0 1 0]	[1 0 0 0 0 0]	[4]	[0 0 1 0 0 0 0 0 0]	[0 0 0 0 0 1 0 0 1]	[0 0 1 0 1 1]	[0 0 0 0 0 0]	[6]
32	-0.5	5.8865065574646	2.013113260269165	2.117673635482788	1.497806429862976	0.25791290402412415	False	[0 0 1 0 0 0 0 0 0]	[0 0 0 0 0 1 0 0 1]	[0 0 1 0 1 1]	[0 0 0 0 0 0]	[6]	[0 0 1 0 0 0 1 0 0]	[0 0 0 0 0 0 0 0 1]	[0 0 1 0 1 0]	[1 0 0 0 0 0]	[4]
32	-0.25	5.572151184082031	1.8850293159484863	2.07916259765625	1.035416841506958	0.5725423693656921	False	[0 0 1 0 0 0 1 0 0]	[0 0 0 0 0 0 0 0 1]	[0 0 1 0 1 0]	[1 0 0 0 0 0]	[4]	[0 0 1 0 0 0 0 0 0]	[0 0 0 0 0 1 0 0 1]	[0 0 1 0 1 1]	[0 0 0 0 0 0]	[6]
32	-0.5	5.928011417388916	2.012209177017212	2.117731809616089	1.4793977737426758	0.3186725378036499	False	[0 0 1 0 0 0 0 0 0]	[0 0 0 0 0 1 0 0 1]	[0 0 1 0 1 1]	[0 0 0 0 0 0]	[6]	[0 0 1 0 0 0 1 0 0]	[0 0 0 0 0 0 0 0 1]	[0 0 1 0 1 0]	[1 0 0 0 0 0]	[4]
32	-0.25	5.5868916511535645	1.8837729692459106	2.0734734535217285	1.0347890853881836	0.5948563814163208	False	[0 0 1 0 0 0 1 0 0]	[0 0 0 0 0 0 0 0 1]	[0 0 1 0 1 0]	[1 0 0 0 0 0]	[4]	[0 0 1 0 0 0 0 0 0]	[0 0 0 0 0 1 0 0 1]	[0 0 1 0 1 1]	[0 0 0 0 0 0]	[6]
32	-0.5	5.934584617614746	2.0095696449279785	2.1188485622406006	1.4743455648422241	0.33182087540626526	False	[0 0 1 0 0 0 0 0 0]	[0 0 0 0 0 1 0 0 1]	[0 0 1 0 1 1]	[0 0 0 0 0 0]	[6]	[0 0 1 0 0 0 1 0 0]	[0 0 0 0 0 0 0 0 1]	[0 0 1 0 1 0]	[1 0 0 0 0 0]	[4]
32	-0.25	5.501246452331543	1.9105538129806519	2.0721302032470703	1.080424189567566	0.4381377696990967	False	[0 0 1 0 0 0 1 0 0]	[0 0 0 0 0 0 0 0 1]	[0 0 1 0 1 0]	[1 0 0 0 0 0]	[4]	[0 0 1 0 0 0 0 0 0]	[0 0 0 0 0 1 0 0 1]	[0 0 1 0 1 1]	[0 0 0 0 0 0]	[6]
32	-0.5	5.9515204429626465	2.0135655403137207	2.122755765914917	1.4684220552444458	0.3467773199081421	False	[0 0 1 0 0 0 0 0 0]	[0 0 0 0 0 1 0 0 1]	[0 0 1 0 1 1]	[0 0 0 0 0 0]	[6]	[0 0 1 0 0 0 1 0 0]	[0 0 0 0 0 0 0 0 1]	[0 0 1 0 1 0]	[1 0 0 0 0 0]	[4]
32	-0.25	5.551209449768066	1.8845571279525757	2.0776329040527344	1.0914955139160156	0.49752354621887207	False	[0 0 1 0 0 0 1 0 0]	[0 0 0 0 0 0 0 0 1]	[0 0 1 0 1 0]	[1 0 0 0 0 0]	[4]	[0 0 1 0 0 0 0 0 0]	[0 0 0 0 0 1 0 0 1]	[0 0 1 0 1 1]	[0 0 0 0 0 0]	[6]
32	-0.5	5.933804035186768	2.032381534576416	2.126204013824463	1.4985679388046265	0.27665024995803833	False	[0 0 1 0 0 0 0 0 0]	[0 0 0 0 0 1 0 0 1]	[0 0 1 0 1 1]	[0 0 0 0 0 0]	[6]	[0 0 1 0 0 0 1 0 0]	[0 0 0 0 0 0 0 0 1]	[0 0 1 0 1 0]	[1 0 0 0 0 0]	[4]
32	-0.25	5.603464603424072	1.8761872053146362	2.0840225219726562	1.0981800556182861	0.5450749397277832	False	[0 0 1 0 0 0 1 0 0]	[0 0 0 0 0 0 0 0 1]	[0 0 1 0 1 0]	[1 0 0 0 0 0]	[4]	[0 0 1 0 0 0 0 0 0]	[0 0 0 0 0 1 0 0 1]	[0 0 1 0 1 1]	[0 0 0 0 0 0]	[6]
32	-0.5	5.970021724700928	2.011603593826294	2.119156837463379	1.5213459730148315	0.31791532039642334	False	[0 0 1 0 0 0 0 0 0]	[0 0 0 0 0 1 0 0 1]	[0 0 1 0 1 1]	[0 0 0 0 0 0]	[6]	[0 0 1 0 0 0 1 0 0]	[0 0 0 0 0 0 0 0 1]	[0 0 1 0 1 0]	[1 0 0 0 0 0]	[4]
32	-0.25	5.564810752868652	1.8876581192016602	2.073272228240967	1.0487149953842163	0.5551652908325195	False	[0 0 1 0 0 0 1 0 0]	[0 0 0 0 0 0 0 0 1]	[0 0 1 0 1 0]	[1 0 0 0 0 0]	[4]	[0 0 1 0 0 0 0 0 0]	[0 0 0 0 0 1 0 0 1]	[0 0 1 0 1 1]	[0 0 0 0 0 0]	[6]
32	-0.5	5.917783260345459	2.013425588607788	2.121742010116577	1.5182595252990723	0.2643560767173767	False	[0 0 1 0 0 0 0 0 0]	[0 0 0 0 0 1 0 0 1]	[0 0 1 0 1 1]	[0 0 0 0 0 0]	[6]	[0 0 1 0 0 0 1 0 0]	[0 0 0 0 0 0 0 0 1]	[0 0 1 0 1 0]	[1 0 0 0 0 0]	[4]
32	-0.25	5.568408966064453	1.8780618906021118	2.0701162815093994	1.095205307006836	0.5250251889228821	False	[0 0 1 0 0 0 1 0 0]	[0 0 0 0 0 0 0 0 1]	[0 0 1 0 1 0]	[1 0 0 0 0 0]	[4]	[0 0 1 0 0 0 0 0 0]	[0 0 0 0 0 1 0 0 1]	[0 0 1 0 1 1]	[0 0 0 0 0 0]	[6]
32	-0.5	5.962425708770752	2.004138469696045	2.123680591583252	1.496399998664856	0.3382069766521454	False	[0 0 1 0 0 0 0 0 0]	[0 0 0 0 0 1 0 0 1]	[0 0 1 0 1 1]	[0 0 0 0 0 0]	[6]	[0 0 1 0 0 0 1 0 0]	[0 0 0 0 0 0 0 0 1]	[0 0 1 0 1 0]	[1 0 0 0 0 0]	[4]
32	-0.25	5.515985488891602	1.886365532875061	2.0899219512939453	1.1470428705215454	0.3926551640033722	False	[0 0 1 0 0 0 1 0 0]	[0 0 0 0 0 0 0 0 1]	[0 0 1 0 1 0]	[1 0 0 0 0 0]	[4]	[0 0 1 0 0 0 0 0 0]	[0 0 0 0 0 1 0 0 1]	[0 0 1 0 1 1]	[0 0 0 0 0 0]	[6]
32	-0.5	5.98927116394043	2.008186101913452	2.125389575958252	1.5081790685653687	0.3475167751312256	False	[0 0 1 0 0 0 0 0 0]	[0 0 0 0 0 1 0 0 1]	[0 0 1 0 1 1]	[0 0 0 0 0 0]	[6]	[0 0 1 0 0 0 1 0 0]	[0 0 0 0 0 0 0 0 1]	[0 0 1 0 1 0]	[1 0 0 0 0 0]	[4]
32	-0.25	5.632328510284424	1.8724205493927002	2.078216791152954	1.0417596101760864	0.6399314999580383	False	[0 0 1 0 0 0 1 0 0]	[0 0 0 0 0 0 0 0 1]	[0 0 1 0 1 0]	[1 0 0 0 0 0]	[4]	[0 0 1 0 0 0 0 0 0]	[0 0 0 0 0 1 0 0 1]	[0 0 1 0 1 1]	[0 0 0 0 0 0]	[6]
32	-0.5	5.934950828552246	2.016996383666992	2.1239352226257324	1.5234081745147705	0.2706109881401062	False	[0 0 1 0 0 0 0 0 0]	[0 0 0 0 0 1 0 0 1]	[0 0 1 0 1 1]	[0 0 0 0 0 0]	[6]	[0 0 1 0 0 0 1 0 0]	[0 0 0 0 0 0 0 0 1]	[0 0 1 0 1 0]	[1 0 0 0 0 0]	[4]
32	-0.25	5.557828426361084	1.9031035900115967	2.0830867290496826	1.1124956607818604	0.45914238691329956	False	[0 0 1 0 0 0 1 0 0]	[0 0 0 0 0 0 0 0 1]	[0 0 1 0 1 0]	[1 0 0 0 0 0]	[4]	[0 0 1 0 0 0 0 0 0]	[0 0 0 0 0 1 0 0 1]	[0 0 1 0 1 1]	[0 0 0 0 0 0]	[6]
32	-0.5	5.896885395050049	1.9958401918411255	2.11738657951355	1.4759868383407593	0.30767160654067993	False	[0 0 1 0 0 0 0 0 0]	[0 0 0 0 0 1 0 0 1]	[0 0 1 0 1 1]	[0 0 0 0 0 0]	[6]	[0 0 1 0 0 0 1 0 0]	[0 0 0 0 0 0 0 0 1]	[0 0 1 0 1 0]	[1 0 0 0 0 0]	[4]
32	-0.25	5.606792449951172	1.8982429504394531	2.087151050567627	1.1319528818130493	0.48944592475891113	False	[0 0 1 0 0 0 1 0 0]	[0 0 0 0 0 0 0 0 1]	[0 0 1 0 1 0]	[1 0 0 0 0 0]	[4]	[0 0 1 0 0 0 0 0 0]	[0 0 0 0 0 1 0 0 1]	[0 0 1 0 1 1]	[0 0 0 0 0 0]	[6]
32	-0.5	5.9579339027404785	2.012545108795166	2.1194567680358887	1.4977887868881226	0.32814300060272217	False	[0 0 1 0 0 0 0 0 0]	[0 0 0 0 0 1 0 0 1]	[0 0 1 0 1 1]	[0 0 0 0 0 0]	[6]	[0 0 1 0 0 0 1 0 0]	[0 0 0 0 0 0 0 0 1]	[0 0 1 0 1 0]	[1 0 0 0 0 0]	[4]
32	-0.25	5.436863899230957	1.90157151222229	2.065843343734741	1.0572593212127686	0.41218942403793335	False	[0 0 1 0 0 0 1 0 0]	[0 0 0 0 0 0 0 0 1]	[0 0 1 0 1 0]	[1 0 0 0 0 0]	[4]	[0 0 1 0 0 0 0 0 0]	[0 0 0 0 0 1 0 0 1]	[0 0 1 0 1 1]	[0 0 0 0 0 0]	[6]
32	-0.5	5.9724884033203125	2.0153582096099854	2.1199519634246826	1.473367691040039	0.3638105094432831	False	[0 0 1 0 0 0 0 0 0]	[0 0 0 0 0 1 0 0 1]	[0 0 1 0 1 1]	[0 0 0 0 0 0]	[6]	[0 0 1 0 0 0 1 0 0]	[0 0 0 0 0 0 0 0 1]	[0 0 1 0 1 0]	[1 0 0 0 0 0]	[4]
32	-0.25	5.613495826721191	1.9088683128356934	2.086355686187744	1.151087760925293	0.4671838879585266	False	[0 0 1 0 0 0 1 0 0]	[0 0 0 0 0 0 0 0 1]	[0 0 1 0 1 0]	[1 0 0 0 0 0]	[4]	[0 0 1 0 0 0 0 0 0]	[0 0 0 0 0 1 0 0 1]	[0 0 1 0 1 1]	[0 0 0 0 0 0]	[6]
33	-0.75	6.08805513381958	1.8001680374145508	1.984337329864502	1.3030831813812256	1.0004668235778809	False	[0 1 0 0 0 1 1 0 0]	[0 0 0 0 0 0 0 0 0]	[0 0 0 0 1 0]	[0 0 0 0 0 0]	[4]	[0 1 0 0 0 0 1 0 0]	[0 0 0 0 0 0 1 0 0]	[0 0 0 0 1 1]	[0 0 0 1 0 0]	[2]
33	-0.5	5.399620056152344	1.8418192863464355	1.8850661516189575	1.2798223495483398	0.39291223883628845	False	[0 1 0 0 0 0 1 0 0]	[0 0 0 0 0 0 1 0 0]	[0 0 0 0 1 1]	[0 0 0 1 0 0]	[2]	[0 1 0 0 0 1 1 0 0]	[0 0 0 0 1 0 1 0 0]	[0 0 0 0 1 0]	[0 0 0 0 0 0]	[4]
33	-0.75	6.1235246658325195	1.8258635997772217	1.972882866859436	1.323153018951416	1.0016251802444458	False	[0 1 0 0 0 1 1 0 0]	[0 0 0 0 1 0 1 0 0]	[0 0 0 0 1 0]	[0 0 0 0 0 0]	[4]	[0 1 0 0 0 0 1 0 0]	[0 0 0 0 1 0 0 0 0]	[0 0 0 0 1 1]	[0 0 0 1 0 0]	[2]
33	-0.5	5.496090888977051	1.8631268739700317	1.8708782196044922	1.3155641555786133	0.4465218186378479	False	[0 1 0 0 0 0 1 0 0]	[0 0 0 0 1 0 0 0 0]	[0 0 0 0 1 1]	[0 0 0 1 0 0]	[2]	[0 1 0 0 0 1 1 0 0]	[0 0 0 0 0 0 0 0 0]	[0 0 0 0 1 0]	[0 0 0 0 0 0]	[4]
33	-0.75	6.032673358917236	1.7830073833465576	1.9920724630355835	1.245881199836731	1.011712670326233	False	[0 1 0 0 0 1 1 0 0]	[0 0 0 0 0 0 0 0 0]	[0 0 0 0 1 0]	[0 0 0 0 0 0]	[4]	[0 1 0 0 0 0 1 0 0]	[0 0 0 0 0 0 1 0 0]	[0 0 0 0 1 1]	[0 0 0 1 0 0]	[2]
33	-0.5	5.369609355926514	1.8695988655090332	1.8848484754562378	1.3021568059921265	0.3130049705505371	False	[0 1 0 0 0 0 1 0 0]	[0 0 0 0 0 0 1 0 0]	[0 0 0 0 1 1]	[0 0 0 1 0 0]	[2]	[0 1 0 0 0 1 1 0 0]	[0 0 0 0 1 0 1 0 0]	[0 0 0 0 1 0]	[0 0 0 0 0 0]	[4]
33	-0.75	6.1892194747924805	1.8488576412200928	1.968321442604065	1.373448371887207	0.9985916614532471	False	[0 1 0 0 0 1 1 0 0]	[0 0 0 0 1 0 1 0 0]	[0 0 0 0 1 0]	[0 0 0 0 0 0]	[4]	[0 1 0 0 0 0 1 0 0]	[0 0 0 0 1 0 0 0 0]	[0 0 0 0 1 1]	[0 0 0 1 0 0]	[2]
33	-0.5	5.384109973907471	1.8522206544876099	1.8790498971939087	1.2888283729553223	0.36401134729385376	False	[0 1 0 0 0 0 1 0 0]	[0 0 0 0 1 0 0 0 0]	[0 0 0 0 1 1]	[0 0 0 1 0 0]	[2]	[0 1 0 0 0 1 1 0 0]	[0 0 0 0 1 1 0 0 0]	[0 0 0 0 1 0]	[0 0 0 0 0 0]	[4]
33	-0.75	6.262986183166504	1.9212836027145386	1.974623680114746	1.3953334093093872	0.9717455506324768	False	[0 1 0 0 0 1 1 0 0]	[0 0 0 0 1 1 0 0 0]	[0 0 0 0 1 0]	[0 0 0 0 0 0]	[4]	[0 1 0 0 0 0 1 0 0]	[0 0 0 0 1 0 0 0 0]	[0 0 0 0 1 1]	[0 0 0 1 0 0]	[2]
33	-0.5	5.385571002960205	1.8707776069641113	1.8843828439712524	1.308499813079834	0.3219107687473297	False	[0 1 0 0 0 0 1 0 0]	[0 0 0 0 1 0 0 0 0]	[0 0 0 0 1 1]	[0 0 0 1 0 0]	[2]	[0 1 0 0 0 1 1 0 0]	[0 0 0 0 1 1 0 0 0]	[0 0 0 0 1 0]	[0 0 0 0 0 0]	[4]
33	-0.25	6.346628189086914	1.942160964012146	1.9697060585021973	1.4167112112045288	1.018049716949463	False	[0 1 0 0 0 1 1 0 0]	[0 0 0 0 1 1 0 0 0]	[0 0 0 0 1 0]	[0 0 0 0 0 0]	[4]	[0 1 0 0 0 0 1 0 0]	[0 0 0 0 1 0 0 0 0]	[0 1 0 0 1 0]	[1 0 0 0 0 0]	[6]
33	0.44556957483291626	5.504724979400635	2.023324966430664	2.0137391090393066	0.5278255343437195	0.9398355484008789	False	[0 1 0 0 0 0 1 0 0]	[0 0 0 0 1 0 0 0 0]	[0 1 0 0 1 0]	[1 0 0 0 0 0]	[6]	[0 1 0 1 0 0 1 0 0]	[0 0 0 0 1 0 1 0 0]	[0 1 0 1 1 0]	[0 0 0 0 0 0]	[8]
33	0.39483195543289185	4.595840930938721	2.1154987812042236	2.092048168182373	0.18949252367019653	0.1988011598587036	False	[0 1 0 1 0 0 1 0 0]	[0 0 0 0 1 0 1 0 0]	[0 1 0 1 1 0]	[0 0 0 0 0 0]	[8]	[0 1 0 0 0 0 1 0 0]	[0 0 0 0 1 0 0 0 0]	[1 1 0 1 1 0]	[1 0 0 0 0 0]	[8]
33	0.4728423058986664	4.611835479736328	2.1077022552490234	2.106794834136963	0.15924052894115448	0.23809784650802612	False	[0 1 0 0 0 0 1 0 0]	[0 0 0 0 1 0 0 0 0]	[1 1 0 1 1 0]	[1 0 0 0 0 0]	[8]	[0 1 0 1 0 0 1 0 0]	[0 0 0 0 1 0 1 0 0]	[0 1 0 1 1 0]	[0 0 0 0 0 0]	[8]
33	0.35421791672706604	4.650878429412842	2.1085379123687744	2.088966131210327	0.30546844005584717	0.1479056179523468	False	[0 1 0 1 0 0 1 0 0]	[0 0 0 0 1 0 1 0 0]	[0 1 0 1 1 0]	[0 0 0 0 0 0]	[8]	[0 1 0 0 0 0 1 0 0]	[0 0 0 0 1 0 0 0 0]	[1 1 0 1 1 0]	[1 0 0 0 0 0]	[8]
33	0.4364786744117737	4.601071834564209	2.1122639179229736	2.097996473312378	0.18791550397872925	0.20289629697799683	False	[0 1 0 0 0 0 1 0 0]	[0 0 0 0 1 0 0 0 0]	[1 1 0 1 1 0]	[1 0 0 0 0 0]	[8]	[0 1 0 1 0 0 1 0 0]	[0 0 0 0 1 0 1 0 0]	[0 1 0 1 1 0]	[0 0 0 0 0 0]	[8]
33	0.2930137813091278	4.632288455963135	2.121109962463379	2.090306282043457	0.234230175614357	0.18664230406284332	False	[0 1 0 1 0 0 1 0 0]	[0 0 0 0 1 0 1 0 0]	[0 1 0 1 1 0]	[0 0 0 0 0 0]	[8]	[0 1 0 0 0 0 1 0 0]	[0 0 0 0 1 0 0 0 0]	[1 1 0 1 1 0]	[1 0 0 0 0 0]	[8]
33	0.5092059373855591	4.551422119140625	2.113117218017578	2.097203493118286	0.1344151645898819	0.2066863477230072	False	[0 1 0 0 0 0 1 0 0]	[0 0 0 0 1 0 0 0 0]	[1 1 0 1 1 0]	[1 0 0 0 0 0]	[8]	[0 1 0 1 0 0 1 0 0]	[0 0 0 0 1 0 1 0 0]	[0 1 0 1 1 0]	[0 0 0 0 0 0]	[8]
33	0.33028650283813477	4.66389799118042	2.109471559524536	2.095975637435913	0.2249968945980072	0.23345354199409485	False	[0 1 0 1 0 0 1 0 0]	[0 0 0 0 1 0 1 0 0]	[0 1 0 1 1 0]	[0 0 0 0 0 0]	[8]	[0 1 0 0 0 0 1 0 0]	[0 0 0 0 1 0 0 0 0]	[1 1 0 1 1 0]	[1 0 0 0 0 0]	[8]
33	0.5001150369644165	4.5645318031311035	2.1176226139068604	2.0999279022216797	0.16134481132030487	0.18563640117645264	False	[0 1 0 0 0 0 1 0 0]	[0 0 0 0 1 0 0 0 0]	[1 1 0 1 1 0]	[1 0 0 0 0 0]	[8]	[0 1 0 1 0 0 1 0 0]	[0 0 0 0 1 0 1 0 0]	[0 1 0 1 1 0]	[0 0 0 0 0 0]	[8]
33	0.2930137813091278	4.6164655685424805	2.1094112396240234	2.094759225845337	0.21286574006080627	0.19942933320999146	False	[0 1 0 1 0 0 1 0 0]	[0 0 0 0 1 0 1 0 0]	[0 1 0 1 1 0]	[0 0 0 0 0 0]	[8]	[0 1 0 0 0 0 1 0 0]	[0 0 0 0 1 0 0 0 0]	[1 1 0 1 1 0]	[1 0 0 0 0 0]	[8]
33	0.48239973187446594	4.6483917236328125	2.1231436729431152	2.0958364009857178	0.2472032904624939	0.18220873177051544	False	[0 1 0 0 0 0 1 0 0]	[0 0 0 0 1 0 0 0 0]	[1 1 0 1 1 0]	[1 0 0 0 0 0]	[8]	[0 1 0 1 0 0 1 0 0]	[0 0 0 0 1 0 1 0 0]	[0 1 0 1 1 0]	[0 0 0 0 0 0]	[8]
33	0.361809641122818	4.564805507659912	2.110729932785034	2.090510129928589	0.18495571613311768	0.1786097139120102	False	[0 1 0 1 0 0 1 0 0]	[0 0 0 0 1 0 1 0 0]	[0 1 0 1 1 0]	[0 0 0 0 0 0]	[8]	[0 1 0 0 0 0 1 0 0]	[0 0 0 0 1 0 0 0 0]	[1 1 0 1 1 0]	[1 0 0 0 0 0]	[8]
33	0.4910241365432739	4.683423042297363	2.1134862899780273	2.084346294403076	0.28908494114875793	0.19650547206401825	False	[0 1 0 0 0 0 1 0 0]	[0 0 0 0 1 0 0 0 0]	[1 1 0 1 1 0]	[1 0 0 0 0 0]	[8]	[0 1 0 1 0 0 1 0 0]	[0 0 0 0 1 0 1 0 0]	[0 1 0 1 1 0]	[0 0 0 0 0 0]	[8]
33	0.33028650283813477	4.6334028244018555	2.1161751747131348	2.0937728881835938	0.2268383800983429	0.19661618769168854	False	[0 1 0 1 0 0 1 0 0]	[0 0 0 0 1 0 1 0 0]	[0 1 0 1 1 0]	[0 0 0 0 0 0]	[8]	[0 1 0 0 0 0 1 0 0]	[0 0 0 0 1 0 0 0 0]	[1 1 0 1 1 0]	[1 0 0 0 0 0]	[8]
33	0.4910241365432739	4.634364604949951	2.1195051670074463	2.094348430633545	0.19907909631729126	0.2214319407939911	False	[0 1 0 0 0 0 1 0 0]	[0 0 0 0 1 0 0 0 0]	[1 1 0 1 1 0]	[1 0 0 0 0 0]	[8]	[0 1 0 1 0 0 1 0 0]	[0 0 0 0 1 0 1 0 0]	[0 1 0 1 1 0]	[0 0 0 0 0 0]	[8]
33	0.35665014386177063	4.622615814208984	2.116319417953491	2.092782974243164	0.19637414813041687	0.21713915467262268	False	[0 1 0 1 0 0 1 0 0]	[0 0 0 0 1 0 1 0 0]	[0 1 0 1 1 0]	[0 0 0 0 0 0]	[8]	[0 1 0 0 0 0 1 0 0]	[0 0 0 0 1 0 0 0 0]	[1 1 0 1 1 0]	[1 0 0 0 0 0]	[8]
33	0.5063311457633972	4.588987350463867	2.1111831665039062	2.0869734287261963	0.19570571184158325	0.1951252818107605	False	[0 1 0 0 0 0 1 0 0]	[0 0 0 0 1 0 0 0 0]	[1 1 0 1 1 0]	[1 0 0 0 0 0]	[8]	[0 1 0 1 0 0 1 0 0]	[0 0 0 0 1 0 1 0 0]	[0 1 0 1 1 0]	[0 0 0 0 0 0]	[8]
33	0.30967244505882263	4.603793621063232	2.1174442768096924	2.092658758163452	0.19786414504051208	0.1958267092704773	False	[0 1 0 1 0 0 1 0 0]	[0 0 0 0 1 0 1 0 0]	[0 1 0 1 1 0]	[0 0 0 0 0 0]	[8]	[0 1 0 0 0 0 1 0 0]	[0 0 0 0 1 0 0 0 0]	[1 1 0 1 1 0]	[1 0 0 0 0 0]	[8]
33	0.5182968378067017	4.684625625610352	2.113636016845703	2.09297251701355	0.3132339417934418	0.1647830605506897	False	[0 1 0 0 0 0 1 0 0]	[0 0 0 0 1 0 0 0 0]	[1 1 0 1 1 0]	[1 0 0 0 0 0]	[8]	[0 1 0 1 0 0 1 0 0]	[0 0 0 0 1 0 1 0 0]	[0 1 0 1 1 0]	[0 0 0 0 0 0]	[8]
34	0.3766501247882843	6.299120903015137	2.1283152103424072	1.6232722997665405	1.3938560485839844	1.1536777019500732	False	[0 1 0 1 0 0 0 0 0]	[0 0 0 0 0 0 0 0 1]	[0 1 0 0 0 1]	[0 0 0 0 0 0]	[0]	[0 1 0 1 0 0 0 1 0]	[0 0 0 0 0 1 0 0 1]	[0 1 1 0 0 1]	[0 0 0 0 0 0]	[12]
34	-0.5	6.241440296173096	2.010918378829956	1.8787012100219727	1.5642402172088623	0.7875804901123047	False	[0 1 0 1 0 0 0 1 0]	[0 0 0 0 0 1 0 0 1]	[0 1 1 0 0 1]	[0 0 0 0 0 0]	[12]	[1 1 0 1 0 0 0 1 0]	[0 0 0 0 0 0 0 0 1]	[0 1 0 0 0 1]	[1 0 0 0 0 0]	[4]
34	-0.25	5.737094879150391	2.029250144958496	1.949586272239685	1.0655498504638672	0.6927087306976318	False	[1 1 0 1 0 0 0 1 0]	[0 0 0 0 0 0 0 0 1]	[0 1 0 0 0 1]	[1 0 0 0 0 0]	[4]	[1 1 0 1 0 0 0 0 0]	[0 0 0 0 0 1 0 0 1]	[0 1 1 0 0 1]	[1 0 0 1 0 0]	[6]
34	-0.5	5.5703558921813965	2.027385711669922	1.8889144659042358	1.4874749183654785	0.16658085584640503	False	[1 1 0 1 0 0 0 0 0]	[0 0 0 0 0 1 0 0 1]	[0 1 1 0 0 1]	[1 0 0 1 0 0]	[6]	[1 1 0 1 0 0 0 1 0]	[0 0 0 0 0 0 0 0 1]	[0 1 0 0 0 1]	[1 0 0 0 0 0]	[4]
34	-0.25	5.940601825714111	2.0336415767669678	1.9782650470733643	1.0925304889678955	0.8361649513244629	False	[1 1 0 1 0 0 0 1 0]	[0 0 0 0 0 0 0 0 1]	[0 1 0 0 0 1]	[1 0 0 0 0 0]	[4]	[1 1 0 1 0 0 0 0 0]	[0 0 0 0 0 1 0 0 1]	[0 1 1 0 0 1]	[1 0 0 1 0 0]	[6]
34	-0.5	5.570629119873047	2.018939733505249	1.8742130994796753	1.4715564250946045	0.2059199959039688	False	[1 1 0 1 0 0 0 0 0]	[0 0 0 0 0 1 0 0 1]	[0 1 1 0 0 1]	[1 0 0 1 0 0]	[6]	[1 1 0 1 0 0 0 1 0]	[0 0 0 0 0 0 0 0 1]	[0 1 0 0 0 1]	[1 0 0 0 0 0]	[4]
34	-0.25	5.808135509490967	2.0331239700317383	1.9459737539291382	1.037619709968567	0.7914180755615234	False	[1 1 0 1 0 0 0 1 0]	[0 0 0 0 0 0 0 0 1]	[0 1 0 0 0 1]	[1 0 0 0 0 0]	[4]	[1 1 0 1 0 0 0 0 0]	[0 0 0 0 0 1 0 0 1]	[0 1 1 0 0 1]	[1 0 0 1 0 0]	[6]
34	-0.75	5.718584060668945	2.0252110958099365	1.9022225141525269	1.525981068611145	0.2651697099208832	False	[1 1 0 1 0 0 0 0 0]	[0 0 0 0 0 1 0 0 1]	[0 1 1 0 0 1]	[1 0 0 1 0 0]	[6]	[1 1 0 1 0 0 0 1 0]	[0 0 0 0 0 0 0 0 1]	[0 1 1 1 0 1]	[1 0 0 0 0 0]	[2]
34	-0.25	6.636021137237549	2.12916898727417	2.0216076374053955	1.6065595149993896	0.8786846995353699	False	[1 1 0 1 0 0 0 1 0]	[0 0 0 0 0 0 0 0 1]	[0 1 1 1 0 1]	[1 0 0 0 0 0]	[2]	[1 1 0 1 0 1 0 1 0]	[0 0 0 0 0 0 1 0 1]	[0 1 1 1 1 1]	[1 0 0 1 0 0]	[6]
34	0.3207290768623352	5.490386486053467	1.942242980003357	2.1380627155303955	0.6902070045471191	0.7198737859725952	False	[1 1 0 1 0 1 0 1 0]	[0 0 0 0 0 0 1 0 1]	[0 1 1 1 1 1]	[1 0 0 1 0 0]	[6]	[1 1 0 1 0 1 0 0 0]	[0 0 0 1 0 0 1 0 1]	[0 1 1 0 1 1]	[1 0 0 0 0 0]	[8]
34	0.2992298901081085	4.9770355224609375	2.0762622356414795	2.1552958488464355	0.6589449644088745	0.08653248101472855	False	[1 1 0 1 0 1 0 0 0]	[0 0 0 1 0 0 1 0 1]	[0 1 1 0 1 1]	[1 0 0 0 0 0]	[8]	[1 1 0 1 0 1 0 1 0]	[0 1 0 1 0 0 1 0 1]	[1 1 1 0 1 1]	[0 0 0 0 0 0]	[8]
34	0.28527453541755676	5.011759281158447	2.1275794506073	2.146975040435791	0.6720699071884155	0.06513521820306778	False	[1 1 0 1 0 1 0 1 0]	[0 1 0 1 0 0 1 0 1]	[1 1 1 0 1 1]	[0 0 0 0 0 0]	[8]	[1 1 1 1 0 1 0 1 0]	[1 1 0 1 0 0 1 0 1]	[0 1 1 0 1 1]	[1 0 0 0 0 0]	[8]
34	0.27043402194976807	4.926354885101318	2.1385536193847656	2.145355463027954	0.5955958366394043	0.04685024917125702	False	[1 1 1 1 0 1 0 1 0]	[1 1 0 1 0 0 1 0 1]	[0 1 1 0 1 1]	[1 0 0 0 0 0]	[8]	[1 1 1 0 0 1 0 1 0]	[1 1 0 1 1 0 1 0 1]	[1 1 1 0 1 1]	[0 0 0 0 0 0]	[8]
34	0.33072906732559204	4.63789701461792	2.0754308700561523	2.0639970302581787	0.4440048933029175	0.05446406826376915	False	[1 1 1 0 0 1 0 1 0]	[1 1 0 1 1 0 1 0 1]	[1 1 1 0 1 1]	[0 0 0 0 0 0]	[8]	[1 1 1 0 0 1 0 0 0]	[1 1 0 1 0 0 1 0 1]	[0 1 1 0 1 1]	[1 0 0 0 0 0]	[8]
34	0.26861584186553955	4.986598491668701	2.139387845993042	2.144582986831665	0.661746084690094	0.040881745517253876	False	[1 1 1 0 0 1 0 0 0]	[1 1 0 1 0 0 1 0 1]	[0 1 1 0 1 1]	[1 0 0 0 0 0]	[8]	[1 1 1 1 0 1 0 0 0]	[1 1 0 1 1 0 1 0 1]	[1 1 1 0 1 1]	[0 0 0 0 0 0]	[8]
34	0.3278542757034302	4.373481273651123	1.9867972135543823	2.1326708793640137	0.1778211146593094	0.07619175314903259	False	[1 1 1 1 0 1 0 0 0]	[1 1 0 1 1 0 1 0 1]	[1 1 1 0 1 1]	[0 0 0 0 0 0]	[8]	[1 1 1 1 0 1 0 1 0]	[1 1 0 0 1 0 1 0 1]	[0 1 1 0 1 1]	[1 0 0 0 0 0]	[8]
34	0.30967244505882263	4.582644462585449	2.067085027694702	2.067364454269409	0.40111225843429565	0.04708274453878403	False	[1 1 1 1 0 1 0 1 0]	[1 1 0 0 1 0 1 0 1]	[0 1 1 0 1 1]	[1 0 0 0 0 0]	[8]	[1 1 1 1 0 1 0 0 0]	[1 1 0 0 0 0 1 0 1]	[1 1 1 0 1 1]	[0 0 0 0 0 0]	[8]
34	0.28527453541755676	4.61073112487793	2.0645906925201416	2.141040086746216	0.275531142950058	0.12956899404525757	False	[1 1 1 1 0 1 0 0 0]	[1 1 0 0 0 0 1 0 1]	[1 1 1 0 1 1]	[0 0 0 0 0 0]	[8]	[1 1 0 1 0 1 0 0 0]	[1 1 0 0 0 0 1 1 1]	[0 1 1 0 1 1]	[1 0 0 0 0 0]	[8]
34	0.29438936710357666	4.592128276824951	2.081839084625244	2.0698583126068115	0.3950207829475403	0.04541008919477463	False	[1 1 0 1 0 1 0 0 0]	[1 1 0 0 0 0 1 1 1]	[0 1 1 0 1 1]	[1 0 0 0 0 0]	[8]	[1 1 0 1 0 1 0 1 0]	[1 1 0 0 1 0 1 1 1]	[1 1 1 0 1 1]	[0 0 0 0 0 0]	[8]
34	0.25159120559692383	4.351567268371582	1.981958031654358	2.1379220485687256	0.15484845638275146	0.07683852314949036	False	[1 1 0 1 0 1 0 1 0]	[1 1 0 0 1 0 1 1 1]	[1 1 1 0 1 1]	[0 0 0 0 0 0]	[8]	[1 1 0 1 0 1 0 0 0]	[1 1 0 1 1 0 1 1 1]	[0 1 1 0 1 1]	[1 0 0 0 0 0]	[8]
34	0.2799914479255676	4.710326194763184	2.0795555114746094	2.0601844787597656	0.5037527084350586	0.06683345884084702	False	[1 1 0 1 0 1 0 0 0]	[1 1 0 1 1 0 1 1 1]	[0 1 1 0 1 1]	[1 0 0 0 0 0]	[8]	[1 1 0 1 0 1 0 1 0]	[1 1 0 1 0 0 1 1 1]	[1 1 1 0 1 1]	[0 0 0 0 0 0]	[8]
34	0.27330881357192993	4.51409912109375	2.0706260204315186	2.0685808658599854	0.3163917660713196	0.058500394225120544	False	[1 1 0 1 0 1 0 1 0]	[1 1 0 1 0 0 1 1 1]	[1 1 1 0 1 1]	[0 0 0 0 0 0]	[8]	[1 1 0 1 0 1 0 0 0]	[1 1 0 1 1 0 1 1 1]	[0 1 1 0 1 1]	[1 0 0 0 0 0]	[8]
34	0.32210469245910645	4.510221004486084	2.0707216262817383	2.074803352355957	0.3134390413761139	0.05125708132982254	False	[1 1 0 1 0 1 0 0 0]	[1 1 0 1 1 0 1 1 1]	[0 1 1 0 1 1]	[1 0 0 0 0 0]	[8]	[1 1 0 1 0 1 0 1 0]	[1 1 0 1 0 0 1 1 1]	[1 1 1 0 1 1]	[0 0 0 0 0 0]	[8]
34	0.24271872639656067	4.610426425933838	2.0705373287200928	2.0661580562591553	0.4203481376171112	0.05338273197412491	False	[1 1 0 1 0 1 0 1 0]	[1 1 0 1 0 0 1 1 1]	[1 1 1 0 1 1]	[0 0 0 0 0 0]	[8]	[1 1 0 1 0 1 0 0 0]	[1 1 0 1 1 0 1 1 1]	[0 1 1 0 1 1]	[1 0 0 0 0 0]	[8]
34	0.2015145868062973	4.582522392272949	2.079256057739258	2.0709848403930664	0.37692177295684814	0.05535963922739029	False	[1 1 0 1 0 1 0 0 0]	[1 1 0 1 1 0 1 1 1]	[0 1 1 0 1 1]	[1 0 0 0 0 0]	[8]	[1 1 0 1 0 1 0 1 0]	[1 1 0 1 0 0 1 1 1]	[1 1 1 0 1 1]	[0 0 0 0 0 0]	[8]
34	0.27090054750442505	4.483784198760986	2.0700602531433105	2.075568675994873	0.2926846742630005	0.04547058045864105	False	[1 1 0 1 0 1 0 1 0]	[1 1 0 1 0 0 1 1 1]	[1 1 1 0 1 1]	[0 0 0 0 0 0]	[8]	[1 1 0 1 0 1 0 0 0]	[1 1 0 1 1 0 1 1 1]	[0 1 1 0 1 1]	[1 0 0 0 0 0]	[8]
34	0.2848319411277771	4.534807205200195	2.0741095542907715	2.0717482566833496	0.33633628487586975	0.05261339992284775	False	[1 1 0 1 0 1 0 0 0]	[1 1 0 1 1 0 1 1 1]	[0 1 1 0 1 1]	[1 0 0 0 0 0]	[8]	[1 1 0 1 0 1 0 1 0]	[1 1 0 1 0 0 1 1 1]	[1 1 1 0 1 1]	[0 0 0 0 0 0]	[8]
34	0.2828662395477295	4.640952110290527	2.075815200805664	2.067122220993042	0.43747106194496155	0.06054346263408661	False	[1 1 0 1 0 1 0 1 0]	[1 1 0 1 0 0 1 1 1]	[1 1 1 0 1 1]	[0 0 0 0 0 0]	[8]	[1 1 0 1 0 1 0 0 0]	[1 1 0 1 1 0 1 1 1]	[0 1 1 0 1 1]	[1 0 0 0 0 0]	[8]
34	0.331662118434906	4.54387092590332	2.076484441757202	2.0674757957458496	0.3518913984298706	0.048019591718912125	False	[1 1 0 1 0 1 0 0 0]	[1 1 0 1 1 0 1 1 1]	[0 1 1 0 1 1]	[1 0 0 0 0 0]	[8]	[1 1 0 1 0 1 0 1 0]	[1 1 0 1 0 0 1 1 1]	[1 1 1 0 1 1]	[0 0 0 0 0 0]	[8]
34	0.24984392523765564	4.521595478057861	2.063786029815674	2.0711424350738525	0.33940213918685913	0.04726444184780121	False	[1 1 0 1 0 1 0 1 0]	[1 1 0 1 0 0 1 1 1]	[1 1 1 0 1 1]	[0 0 0 0 0 0]	[8]	[1 1 0 1 0 1 0 0 0]	[1 1 0 1 1 0 1 1 1]	[0 1 1 0 1 1]	[1 0 0 0 0 0]	[8]
35	-1.0	5.532869815826416	1.9719480276107788	2.1265671253204346	0.8829824924468994	0.5513721704483032	False	[0 1 0 0 0 1 1 0 0]	[0 0 1 0 0 0 1 1 0]	[0 0 0 0 0 1]	[0 0 0 0 1 1]	[0]	[0 1 0 0 0 1 1 1 0]	[0 0 1 1 0 0 1 1 0]	[0 0 0 0 0 1]	[0 0 0 0 1 0]	[0]
35	-1.0	7.042294502258301	1.919221043586731	2.145328998565674	1.502520203590393	1.475224494934082	False	[0 1 0 0 0 1 1 1 0]	[0 0 1 1 0 0 1 1 0]	[0 0 0 0 0 1]	[0 0 0 0 1 0]	[0]	[0 1 0 0 0 1 1 1 1]	[0 0 1 1 0 0 1 1 1]	[0 0 0 0 1 1]	[0 0 0 0 0 0]	[0]
35	-1.0	6.507930278778076	1.8376609086990356	2.1682891845703125	1.477267861366272	1.0247125625610352	False	[0 1 0 0 0 1 1 1 1]	[0 0 1 1 0 0 1 1 1]	[0 0 0 0 1 1]	[0 0 0 0 0 0]	[0]	[0 1 0 0 0 1 1 0 1]	[0 0 1 1 0 0 1 1 0]	[0 1 0 0 1 1]	[0 0 0 0 0 0]	[0]
35	-1.0	6.137046813964844	1.8537914752960205	2.1578285694122314	1.23809015750885	0.8873364925384521	False	[0 1 0 0 0 1 1 0 1]	[0 0 1 1 0 0 1 1 0]	[0 1 0 0 1 1]	[0 0 0 0 0 0]	[0]	[0 1 0 0 0 1 1 1 1]	[0 0 1 1 0 0 1 1 1]	[0 1 0 0 1 1]	[0 0 0 0 0 0]	[0]
35	-1.0	6.0231242179870605	1.893761157989502	2.165142059326172	1.1648318767547607	0.7993894815444946	False	[0 1 0 0 0 1 1 1 1]	[0 0 1 1 0 0 1 1 1]	[0 1 0 0 1 1]	[0 0 0 0 0 0]	[0]	[0 1 0 0 0 1 1 0 1]	[0 0 1 1 0 0 1 1 0]	[0 1 0 0 1 1]	[0 0 0 0 0 0]	[0]
35	-1.0	6.1719512939453125	1.8423676490783691	2.1550722122192383	1.2698427438735962	0.9046688675880432	False	[0 1 0 0 0 1 1 0 1]	[0 0 1 1 0 0 1 1 0]	[0 1 0 0 1 1]	[0 0 0 0 0 0]	[0]	[0 1 0 0 0 1 1 1 1]	[0 0 1 1 0 0 1 1 1]	[0 1 0 0 1 1]	[0 0 0 0 0 0]	[0]
35	-1.0	5.997572422027588	1.848981261253357	2.1589250564575195	1.1261359453201294	0.8635302186012268	False	[0 1 0 0 0 1 1 1 1]	[0 0 1 1 0 0 1 1 1]	[0 1 0 0 1 1]	[0 0 0 0 0 0]	[0]	[0 1 0 0 0 1 1 0 1]	[0 0 1 1 0 0 1 1 0]	[0 1 0 0 1 1]	[0 0 0 0 0 0]	[0]
35	-1.0	6.087573051452637	1.862379550933838	2.1510584354400635	1.2152447700500488	0.8588901162147522	False	[0 1 0 0 0 1 1 0 1]	[0 0 1 1 0 0 1 1 0]	[0 1 0 0 1 1]	[0 0 0 0 0 0]	[0]	[0 1 0 0 0 1 1 1 1]	[0 0 1 1 0 0 1 1 1]	[0 1 0 0 1 1]	[0 0 0 0 0 0]	[0]
35	-1.0	6.084235191345215	1.8866852521896362	2.1542859077453613	1.205250859260559	0.8380131721496582	False	[0 1 0 0 0 1 1 1 1]	[0 0 1 1 0 0 1 1 1]	[0 1 0 0 1 1]	[0 0 0 0 0 0]	[0]	[0 1 0 0 0 1 1 0 1]	[0 0 1 1 0 0 1 1 0]	[0 1 0 0 1 1]	[0 0 0 0 0 0]	[0]
35	-1.0	6.199208736419678	1.8571947813034058	2.1572372913360596	1.3002376556396484	0.8845391273498535	False	[0 1 0 0 0 1 1 0 1]	[0 0 1 1 0 0 1 1 0]	[0 1 0 0 1 1]	[0 0 0 0 0 0]	[0]	[0 1 0 0 0 1 1 1 1]	[0 0 1 1 0 0 1 1 1]	[0 1 0 0 1 1]	[0 0 0 0 0 0]	[0]
35	-1.0	6.179827690124512	1.8591761589050293	2.1535494327545166	1.2364490032196045	0.9306524395942688	False	[0 1 0 0 0 1 1 1 1]	[0 0 1 1 0 0 1 1 1]	[0 1 0 0 1 1]	[0 0 0 0 0 0]	[0]	[0 1 0 0 0 1 1 0 1]	[0 0 1 1 0 0 1 1 0]	[0 1 0 0 1 1]	[0 0 0 0 0 0]	[0]
35	-1.0	6.121364593505859	1.8505367040634155	2.155039072036743	1.247433066368103	0.8683555126190186	False	[0 1 0 0 0 1 1 0 1]	[0 0 1 1 0 0 1 1 0]	[0 1 0 0 1 1]	[0 0 0 0 0 0]	[0]	[0 1 0 0 0 1 1 1 1]	[0 0 1 1 0 0 1 1 1]	[0 1 0 0 1 1]	[0 0 0 0 0 0]	[0]
35	-1.0	6.039246559143066	1.8655309677124023	2.15316104888916	1.1699413061141968	0.8506131768226624	False	[0 1 0 0 0 1 1 1 1]	[0 0 1 1 0 0 1 1 1]	[0 1 0 0 1 1]	[0 0 0 0 0 0]	[0]	[0 1 0 0 0 1 1 0 1]	[0 0 1 1 0 0 1 1 0]	[0 1 0 0 1 1]	[0 0 0 0 0 0]	[0]
35	-1.0	6.057126045227051	1.8391742706298828	2.1565463542938232	1.1578940153121948	0.9035117626190186	False	[0 1 0 0 0 1 1 0 1]	[0 0 1 1 0 0 1 1 0]	[0 1 0 0 1 1]	[0 0 0 0 0 0]	[0]	[0 1 0 0 0 1 1 1 1]	[0 0 1 1 0 0 1 1 1]	[0 1 0 0 1 1]	[0 0 0 0 0 0]	[0]
35	-1.0	6.019468307495117	1.8825088739395142	2.1570961475372314	1.1550366878509521	0.8248264789581299	False	[0 1 0 0 0 1 1 1 1]	[0 0 1 1 0 0 1 1 1]	[0 1 0 0 1 1]	[0 0 0 0 0 0]	[0]	[0 1 0 0 0 1 1 0 1]	[0 0 1 1 0 0 1 1 0]	[0 1 0 0 1 1]	[0 0 0 0 0 0]	[0]
35	-1.0	5.946927547454834	1.9010498523712158	2.1555707454681396	1.1056443452835083	0.7846628427505493	False	[0 1 0 0 0 1 1 0 1]	[0 0 1 1 0 0 1 1 0]	[0 1 0 0 1 1]	[0 0 0 0 0 0]	[0]	[0 1 0 0 0 1 1 1 1]	[0 0 1 1 0 0 1 1 1]	[0 1 0 0 1 1]	[0 0 0 0 0 0]	[0]
35	-1.0	5.925745964050293	1.9056315422058105	2.162658214569092	1.0346059799194336	0.8228501081466675	False	[0 1 0 0 0 1 1 1 1]	[0 0 1 1 0 0 1 1 1]	[0 1 0 0 1 1]	[0 0 0 0 0 0]	[0]	[0 1 0 0 0 1 1 0 1]	[0 0 1 1 0 0 1 1 0]	[0 1 0 0 1 1]	[0 0 0 0 0 0]	[0]
35	-1.0	6.1350812911987305	1.846610188484192	2.16294527053833	1.290756106376648	0.834769606590271	False	[0 1 0 0 0 1 1 0 1]	[0 0 1 1 0 0 1 1 0]	[0 1 0 0 1 1]	[0 0 0 0 0 0]	[0]	[0 1 0 0 0 1 1 1 1]	[0 0 1 1 0 0 1 1 1]	[0 1 0 0 1 1]	[0 0 0 0 0 0]	[0]
35	-1.0	6.119875431060791	1.858392357826233	2.1480720043182373	1.227061152458191	0.8863497376441956	False	[0 1 0 0 0 1 1 1 1]	[0 0 1 1 0 0 1 1 1]	[0 1 0 0 1 1]	[0 0 0 0 0 0]	[0]	[0 1 0 0 0 1 1 0 1]	[0 0 1 1 0 0 1 1 0]	[0 1 0 0 1 1]	[0 0 0 0 0 0]	[0]
35	-1.0	6.262473106384277	1.8404773473739624	2.155454397201538	1.3700145483016968	0.8965266942977905	False	[0 1 0 0 0 1 1 0 1]	[0 0 1 1 0 0 1 1 0]	[0 1 0 0 1 1]	[0 0 0 0 0 0]	[0]	[0 1 0 0 0 1 1 1 1]	[0 0 1 1 0 0 1 1 1]	[0 1 0 0 1 1]	[0 0 0 0 0 0]	[0]
35	-1.0	6.034506797790527	1.8503297567367554	2.1488466262817383	1.1457526683807373	0.8895778059959412	False	[0 1 0 0 0 1 1 1 1]	[0 0 1 1 0 0 1 1 1]	[0 1 0 0 1 1]	[0 0 0 0 0 0]	[0]	[0 1 0 0 0 1 1 0 1]	[0 0 1 1 0 0 1 1 0]	[0 1 0 0 1 1]	[0 0 0 0 0 0]	[0]
35	-1.0	6.112793922424316	1.838843584060669	2.159384250640869	1.1770395040512085	0.9375267028808594	False	[0 1 0 0 0 1 1 0 1]	[0 0 1 1 0 0 1 1 0]	[0 1 0 0 1 1]	[0 0 0 0 0 0]	[0]	[0 1 0 0 0 1 1 1 1]	[0 0 1 1 0 0 1 1 1]	[0 1 0 0 1 1]	[0 0 0 0 0 0]	[0]
35	-1.0	6.061152458190918	1.8802772760391235	2.1575160026550293	1.1742554903030396	0.8491038680076599	False	[0 1 0 0 0 1 1 1 1]	[0 0 1 1 0 0 1 1 1]	[0 1 0 0 1 1]	[0 0 0 0 0 0]	[0]	[0 1 0 0 0 1 1 0 1]	[0 0 1 1 0 0 1 1 0]	[0 1 0 0 1 1]	[0 0 0 0 0 0]	[0]
35	-1.0	6.056615829467773	1.878814935684204	2.1528608798980713	1.2210392951965332	0.8039005994796753	False	[0 1 0 0 0 1 1 0 1]	[0 0 1 1 0 0 1 1 0]	[0 1 0 0 1 1]	[0 0 0 0 0 0]	[0]	[0 1 0 0 0 1 1 1 1]	[0 0 1 1 0 0 1 1 1]	[0 1 0 0 1 1]	[0 0 0 0 0 0]	[0]
35	-1.0	6.0863118171691895	1.864664077758789	2.153128147125244	1.196086049079895	0.8724337816238403	False	[0 1 0 0 0 1 1 1 1]	[0 0 1 1 0 0 1 1 1]	[0 1 0 0 1 1]	[0 0 0 0 0 0]	[0]	[0 1 0 0 0 1 1 0 1]	[0 0 1 1 0 0 1 1 0]	[0 1 0 0 1 1]	[0 0 0 0 0 0]	[0]
35	-1.0	5.990111351013184	1.8692506551742554	2.163583517074585	1.1198136806488037	0.8374631404876709	False	[0 1 0 0 0 1 1 0 1]	[0 0 1 1 0 0 1 1 0]	[0 1 0 0 1 1]	[0 0 0 0 0 0]	[0]	[0 1 0 0 0 1 1 1 1]	[0 0 1 1 0 0 1 1 1]	[0 1 0 0 1 1]	[0 0 0 0 0 0]	[0]
35	-1.0	6.097145080566406	1.8803987503051758	2.1566286087036133	1.1899031400680542	0.870214581489563	False	[0 1 0 0 0 1 1 1 1]	[0 0 1 1 0 0 1 1 1]	[0 1 0 0 1 1]	[0 0 0 0 0 0]	[0]	[0 1 0 0 0 1 1 0 1]	[0 0 1 1 0 0 1 1 0]	[0 1 0 0 1 1]	[0 0 0 0 0 0]	[0]
35	-1.0	5.8693108558654785	1.8921725749969482	2.1705219745635986	1.0152934789657593	0.7913228273391724	False	[0 1 0 0 0 1 1 0 1]	[0 0 1 1 0 0 1 1 0]	[0 1 0 0 1 1]	[0 0 0 0 0 0]	[0]	[0 1 0 0 0 1 1 1 1]	[0 0 1 1 0 0 1 1 1]	[0 1 0 0 1 1]	[0 0 0 0 0 0]	[0]
35	-1.0	6.2041521072387695	1.8908616304397583	2.159874200820923	1.2754844427108765	0.8779314756393433	False	[0 1 0 0 0 1 1 1 1]	[0 0 1 1 0 0 1 1 1]	[0 1 0 0 1 1]	[0 0 0 0 0 0]	[0]	[0 1 0 0 0 1 1 0 1]	[0 0 1 1 0 0 1 1 0]	[0 1 0 0 1 1]	[0 0 0 0 0 0]	[0]
35	-1.0	6.050817966461182	1.8729126453399658	2.158689260482788	1.2022907733917236	0.8169253468513489	False	[0 1 0 0 0 1 1 0 1]	[0 0 1 1 0 0 1 1 0]	[0 1 0 0 1 1]	[0 0 0 0 0 0]	[0]	[0 1 0 0 0 1 1 1 1]	[0 0 1 1 0 0 1 1 1]	[0 1 0 0 1 1]	[0 0 0 0 0 0]	[0]
36	-1.0	5.152438640594482	1.870115041732788	2.0800249576568604	0.9523096084594727	0.24998880922794342	False	[0 0 0 0 1 0 0 0 0]	[0 1 0 0 1 0 0 1 0]	[1 1 0 1 0 0]	[0 0 0 0 0 0]	[0]	[0 0 0 0 1 0 0 0 0]	[0 1 0 0 1 0 1 1 0]	[1 1 0 1 1 0]	[0 0 0 0 0 0]	[0]
36	-1.0	5.607346057891846	2.22687029838562	2.134646415710449	0.7614614963531494	0.4843677282333374	False	[0 0 0 0 1 0 0 0 0]	[0 1 0 0 1 0 1 1 0]	[1 1 0 1 1 0]	[0 0 0 0 0 0]	[0]	[0 0 0 0 0 0 0 0 0]	[0 1 0 0 0 0 1 1 0]	[1 1 0 1 1 0]	[0 0 0 0 0 0]	[0]
36	-1.0	5.071262836456299	2.1190311908721924	2.204822540283203	0.5577542185783386	0.1896553784608841	False	[0 0 0 0 0 0 0 0 0]	[0 1 0 0 0 0 1 1 0]	[1 1 0 1 1 0]	[0 0 0 0 0 0]	[0]	[0 0 1 0 0 0 0 0 0]	[0 1 0 0 0 0 0 1 0]	[1 1 0 1 1 0]	[0 0 0 0 0 0]	[0]
36	-1.0	5.2373762130737305	2.22528076171875	2.238520622253418	0.46743345260620117	0.3061414361000061	False	[0 0 1 0 0 0 0 0 0]	[0 1 0 0 0 0 0 1 0]	[1 1 0 1 1 0]	[0 0 0 0 0 0]	[0]	[0 0 1 1 0 0 0 0 0]	[0 1 0 0 1 0 0 1 0]	[1 1 0 1 1 0]	[0 0 0 0 0 0]	[0]
36	0.35225221514701843	5.641274929046631	2.223895788192749	2.1264305114746094	0.7686740756034851	0.5222744345664978	False	[0 0 1 1 0 0 0 0 0]	[0 1 0 0 1 0 0 1 0]	[1 1 0 1 1 0]	[0 0 0 0 0 0]	[0]	[0 0 1 1 1 0 0 0 0]	[0 1 0 0 0 0 0 1 0]	[1 1 0 1 1 0]	[0 0 0 0 0 0]	[16]
36	-1.0	4.338359832763672	2.17404842376709	2.0323212146759033	0.08889437466859818	0.043095968663692474	False	[0 0 1 1 1 0 0 0 0]	[0 1 0 0 0 0 0 1 0]	[1 1 0 1 1 0]	[0 0 0 0 0 0]	[16]	[0 0 1 1 1 0 0 1 0]	[0 1 0 0 1 0 0 1 0]	[0 1 0 1 1 0]	[1 0 0 0 0 0]	[0]
36	-1.0	5.66661262512207	2.2183897495269775	2.1175708770751953	0.8287307620048523	0.5019216537475586	False	[0 0 1 1 1 0 0 1 0]	[0 1 0 0 1 0 0 1 0]	[0 1 0 1 1 0]	[1 0 0 0 0 0]	[0]	[0 0 1 1 0 0 0 1 0]	[0 1 0 0 0 0 0 1 0]	[0 1 0 1 1 0]	[1 0 0 0 0 0]	[0]
36	-1.0	5.250349521636963	2.2226452827453613	2.242837429046631	0.47287362813949585	0.31199321150779724	False	[0 0 1 1 0 0 0 1 0]	[0 1 0 0 0 0 0 1 0]	[0 1 0 1 1 0]	[1 0 0 0 0 0]	[0]	[0 0 1 0 0 0 0 1 0]	[0 1 0 0 1 0 0 1 0]	[0 1 0 1 1 0]	[1 0 0 0 0 0]	[0]
36	-1.0	5.143536567687988	2.121563673019409	2.200423240661621	0.5901489853858948	0.2314002811908722	False	[0 0 1 0 0 0 0 1 0]	[0 1 0 0 1 0 0 1 0]	[0 1 0 1 1 0]	[1 0 0 0 0 0]	[0]	[0 0 0 0 0 0 0 1 0]	[0 1 0 0 1 0 1 1 0]	[0 1 0 1 1 0]	[1 0 0 0 0 0]	[0]
36	-1.0	5.119656562805176	2.111433982849121	2.207470417022705	0.6101752519607544	0.19057725369930267	False	[0 0 0 0 0 0 0 1 0]	[0 1 0 0 1 0 1 1 0]	[0 1 0 1 1 0]	[1 0 0 0 0 0]	[0]	[0 0 1 0 0 0 0 1 0]	[0 1 0 0 1 0 0 1 0]	[0 1 0 1 1 0]	[1 0 0 0 0 0]	[0]
36	-1.0	5.001659393310547	2.1057040691375732	2.2005016803741455	0.530774712562561	0.16467903554439545	False	[0 0 1 0 0 0 0 1 0]	[0 1 0 0 1 0 0 1 0]	[0 1 0 1 1 0]	[1 0 0 0 0 0]	[0]	[0 0 0 0 0 0 0 1 0]	[0 1 0 0 1 0 1 1 0]	[0 1 0 1 1 0]	[1 0 0 0 0 0]	[0]
36	-1.0	5.1363019943237305	2.126622438430786	2.1890010833740234	0.6069834232330322	0.21369552612304688	False	[0 0 0 0 0 0 0 1 0]	[0 1 0 0 1 0 1 1 0]	[0 1 0 1 1 0]	[1 0 0 0 0 0]	[0]	[0 0 1 0 0 0 0 1 0]	[0 1 0 0 1 0 0 1 0]	[0 1 0 1 1 0]	[1 0 0 0 0 0]	[0]
36	-1.0	5.078441143035889	2.113680839538574	2.1948978900909424	0.5768951177597046	0.1929674744606018	False	[0 0 1 0 0 0 0 1 0]	[0 1 0 0 1 0 0 1 0]	[0 1 0 1 1 0]	[1 0 0 0 0 0]	[0]	[0 0 0 0 0 0 0 1 0]	[0 1 0 0 1 0 1 1 0]	[0 1 0 1 1 0]	[1 0 0 0 0 0]	[0]
36	-1.0	5.159832000732422	2.126457452774048	2.2218425273895264	0.5947849154472351	0.2167474329471588	False	[0 0 0 0 0 0 0 1 0]	[0 1 0 0 1 0 1 1 0]	[0 1 0 1 1 0]	[1 0 0 0 0 0]	[0]	[0 0 1 0 0 0 0 1 0]	[0 1 0 0 1 0 0 1 0]	[0 1 0 1 1 0]	[1 0 0 0 0 0]	[0]
36	-1.0	5.080183982849121	2.1166505813598633	2.213528871536255	0.5658658146858215	0.1841387301683426	False	[0 0 1 0 0 0 0 1 0]	[0 1 0 0 1 0 0 1 0]	[0 1 0 1 1 0]	[1 0 0 0 0 0]	[0]	[0 0 0 0 0 0 0 1 0]	[0 1 0 0 1 0 1 1 0]	[0 1 0 1 1 0]	[1 0 0 0 0 0]	[0]
36	-1.0	5.15148401260376	2.119917631149292	2.2064290046691895	0.5956776142120361	0.22946013510227203	False	[0 0 0 0 0 0 0 1 0]	[0 1 0 0 1 0 1 1 0]	[0 1 0 1 1 0]	[1 0 0 0 0 0]	[0]	[0 0 1 0 0 0 0 1 0]	[0 1 0 0 1 0 0 1 0]	[0 1 0 1 1 0]	[1 0 0 0 0 0]	[0]
36	-1.0	5.0141191482543945	2.107966423034668	2.1995115280151367	0.546454668045044	0.1601865440607071	False	[0 0 1 0 0 0 0 1 0]	[0 1 0 0 1 0 0 1 0]	[0 1 0 1 1 0]	[1 0 0 0 0 0]	[0]	[0 0 0 0 0 0 0 1 0]	[0 1 0 0 1 0 1 1 0]	[0 1 0 1 1 0]	[1 0 0 0 0 0]	[0]
36	-1.0	5.147679805755615	2.1174211502075195	2.2096970081329346	0.6135110259056091	0.207050621509552	False	[0 0 0 0 0 0 0 1 0]	[0 1 0 0 1 0 1 1 0]	[0 1 0 1 1 0]	[1 0 0 0 0 0]	[0]	[0 0 1 0 0 0 0 1 0]	[0 1 0 0 1 0 0 1 0]	[0 1 0 1 1 0]	[1 0 0 0 0 0]	[0]
36	-1.0	5.117478847503662	2.133007526397705	2.194093942642212	0.5937254428863525	0.19665193557739258	False	[0 0 1 0 0 0 0 1 0]	[0 1 0 0 1 0 0 1 0]	[0 1 0 1 1 0]	[1 0 0 0 0 0]	[0]	[0 0 0 0 0 0 0 1 0]	[0 1 0 0 1 0 1 1 0]	[0 1 0 1 1 0]	[1 0 0 0 0 0]	[0]
36	-1.0	5.119478225708008	2.1181366443634033	2.210667371749878	0.5766589045524597	0.21401560306549072	False	[0 0 0 0 0 0 0 1 0]	[0 1 0 0 1 0 1 1 0]	[0 1 0 1 1 0]	[1 0 0 0 0 0]	[0]	[0 0 1 0 0 0 0 1 0]	[0 1 0 0 1 0 0 1 0]	[0 1 0 1 1 0]	[1 0 0 0 0 0]	[0]
36	-1.0	5.215533256530762	2.1330997943878174	2.215524196624756	0.6205952167510986	0.24631425738334656	False	[0 0 1 0 0 0 0 1 0]	[0 1 0 0 1 0 0 1 0]	[0 1 0 1 1 0]	[1 0 0 0 0 0]	[0]	[0 0 0 0 0 0 0 1 0]	[0 1 0 0 1 0 1 1 0]	[0 1 0 1 1 0]	[1 0 0 0 0 0]	[0]
36	-1.0	5.103537559509277	2.1166470050811768	2.202484130859375	0.5845610499382019	0.1998460292816162	False	[0 0 0 0 0 0 0 1 0]	[0 1 0 0 1 0 1 1 0]	[0 1 0 1 1 0]	[1 0 0 0 0 0]	[0]	[0 0 1 0 0 0 0 1 0]	[0 1 0 0 1 0 0 1 0]	[0 1 0 1 1 0]	[1 0 0 0 0 0]	[0]
36	-1.0	5.0842084884643555	2.109066963195801	2.2057414054870605	0.5750028491020203	0.194397434592247	False	[0 0 1 0 0 0 0 1 0]	[0 1 0 0 1 0 0 1 0]	[0 1 0 1 1 0]	[1 0 0 0 0 0]	[0]	[0 0 0 0 0 0 0 1 0]	[0 1 0 0 1 0 1 1 0]	[0 1 0 1 1 0]	[1 0 0 0 0 0]	[0]
36	-1.0	5.042029857635498	2.101841688156128	2.2055411338806152	0.5690820217132568	0.16556519269943237	False	[0 0 0 0 0 0 0 1 0]	[0 1 0 0 1 0 1 1 0]	[0 1 0 1 1 0]	[1 0 0 0 0 0]	[0]	[0 0 1 0 0 0 0 1 0]	[0 1 0 0 1 0 0 1 0]	[0 1 0 1 1 0]	[1 0 0 0 0 0]	[0]
36	-1.0	5.117758274078369	2.132615089416504	2.203738212585449	0.5620996356010437	0.2193053960800171	False	[0 0 1 0 0 0 0 1 0]	[0 1 0 0 1 0 0 1 0]	[0 1 0 1 1 0]	[1 0 0 0 0 0]	[0]	[0 0 0 0 0 0 0 1 0]	[0 1 0 0 1 0 1 1 0]	[0 1 0 1 1 0]	[1 0 0 0 0 0]	[0]
36	-1.0	5.052093505859375	2.09316086769104	2.211210250854492	0.5771907567977905	0.1705315262079239	False	[0 0 0 0 0 0 0 1 0]	[0 1 0 0 1 0 1 1 0]	[0 1 0 1 1 0]	[1 0 0 0 0 0]	[0]	[0 0 1 0 0 0 0 1 0]	[0 1 0 0 1 0 0 1 0]	[0 1 0 1 1 0]	[1 0 0 0 0 0]	[0]
36	-1.0	5.1144280433654785	2.120831251144409	2.205409049987793	0.5854676961898804	0.20271965861320496	False	[0 0 1 0 0 0 0 1 0]	[0 1 0 0 1 0 0 1 0]	[0 1 0 1 1 0]	[1 0 0 0 0 0]	[0]	[0 0 0 0 0 0 0 1 0]	[0 1 0 0 1 0 1 1 0]	[0 1 0 1 1 0]	[1 0 0 0 0 0]	[0]
36	-1.0	5.052801132202148	2.1189346313476562	2.2017550468444824	0.5635185241699219	0.16859281063079834	False	[0 0 0 0 0 0 0 1 0]	[0 1 0 0 1 0 1 1 0]	[0 1 0 1 1 0]	[1 0 0 0 0 0]	[0]	[0 0 1 0 0 0 0 1 0]	[0 1 0 0 1 0 0 1 0]	[0 1 0 1 1 0]	[1 0 0 0 0 0]	[0]
36	-1.0	5.079134464263916	2.1117911338806152	2.2070701122283936	0.5698078274726868	0.19046546518802643	False	[0 0 1 0 0 0 0 1 0]	[0 1 0 0 1 0 0 1 0]	[0 1 0 1 1 0]	[1 0 0 0 0 0]	[0]	[0 0 0 0 0 0 0 1 0]	[0 1 0 0 1 0 1 1 0]	[0 1 0 1 1 0]	[1 0 0 0 0 0]	[0]
36	-1.0	5.11686897277832	2.1194090843200684	2.212747812271118	0.5853670239448547	0.19934478402137756	False	[0 0 0 0 0 0 0 1 0]	[0 1 0 0 1 0 1 1 0]	[0 1 0 1 1 0]	[1 0 0 0 0 0]	[0]	[0 0 1 0 0 0 0 1 0]	[0 1 0 0 1 0 0 1 0]	[0 1 0 1 1 0]	[1 0 0 0 0 0]	[0]
37	-0.75	6.5289506912231445	1.9871408939361572	1.9052631855010986	1.3841670751571655	1.2523794174194336	False	[0 0 0 0 0 0 0 0 0]	[1 0 1 1 0 0 0 0 0]	[1 0 0 0 0 1]	[0 0 0 0 0 0]	[0]	[0 0 0 0 0 0 0 1 0]	[1 0 1 1 1 0 0 0 0]	[1 0 0 0 1 1]	[0 0 0 0 0 0]	[2]
37	-0.75	5.896471977233887	1.9611592292785645	1.8252534866333008	1.049440860748291	1.06061851978302	False	[0 0 0 0 0 0 0 1 0]	[1 0 1 1 1 0 0 0 0]	[1 0 0 0 1 1]	[0 0 0 0 0 0]	[2]	[0 0 0 0 0 0 0 1 1]	[1 0 1 1 0 0 0 0 0]	[1 1 0 0 1 1]	[0 0 0 1 0 0]	[2]
37	-0.5	6.113175868988037	2.0911831855773926	2.1052939891815186	1.421997308731079	0.49470189213752747	False	[0 0 0 0 0 0 0 1 1]	[1 0 1 1 0 0 0 0 0]	[1 1 0 0 1 1]	[0 0 0 1 0 0]	[2]	[0 0 0 0 0 1 0 1 1]	[1 0 1 1 1 0 0 0 0]	[1 1 0 0 0 1]	[0 0 0 0 0 0]	[4]
37	-0.75	6.0696868896484375	1.8908915519714355	1.8494081497192383	1.1844669580459595	1.1449204683303833	False	[0 0 0 0 0 1 0 1 1]	[1 0 1 1 1 0 0 0 0]	[1 1 0 0 0 1]	[0 0 0 0 0 0]	[4]	[0 0 0 0 0 0 0 1 1]	[1 0 1 1 1 0 0 0 1]	[1 1 1 0 0 1]	[0 0 0 1 0 0]	[2]
37	-0.25	6.0547356605529785	1.9315521717071533	1.9353547096252441	1.5738403797149658	0.61398845911026	False	[0 0 0 0 0 0 0 1 1]	[1 0 1 1 1 0 0 0 1]	[1 1 1 0 0 1]	[0 0 0 1 0 0]	[2]	[0 0 0 0 0 1 0 1 1]	[1 0 1 1 1 0 0 0 0]	[1 0 1 0 0 1]	[0 0 0 0 0 0]	[6]
37	0.3130137622356415	5.0154900550842285	2.132303476333618	2.1164498329162598	0.4306296408176422	0.3361068367958069	False	[0 0 0 0 0 1 0 1 1]	[1 0 1 1 1 0 0 0 0]	[1 0 1 0 0 1]	[0 0 0 0 0 0]	[6]	[0 0 0 0 0 0 0 1 1]	[1 0 1 1 1 0 1 0 0]	[1 0 1 1 0 1]	[1 0 0 0 0 0]	[8]
37	0.39724022150039673	4.363222122192383	2.1850295066833496	2.0430619716644287	0.0333033949136734	0.10182785987854004	False	[0 0 0 0 0 0 0 1 1]	[1 0 1 1 1 0 1 0 0]	[1 0 1 1 0 1]	[1 0 0 0 0 0]	[8]	[1 0 0 0 0 0 0 1 1]	[1 0 1 1 0 0 1 0 0]	[0 0 1 1 0 1]	[0 0 0 0 0 0]	[8]
37	0.3489108979701996	4.394046783447266	2.1239521503448486	2.0611627101898193	0.17194607853889465	0.03698604181408882	False	[1 0 0 0 0 0 0 1 1]	[1 0 1 1 0 0 1 0 0]	[0 0 1 1 0 1]	[0 0 0 0 0 0]	[8]	[1 0 0 0 0 0 1 1 1]	[1 1 1 1 0 0 1 0 0]	[1 0 1 1 0 1]	[1 0 0 0 0 0]	[8]
37	0.32210469245910645	4.378452777862549	2.1849284172058105	2.033862829208374	0.053178563714027405	0.10648278892040253	False	[1 0 0 0 0 0 1 1 1]	[1 1 1 1 0 0 1 0 0]	[1 0 1 1 0 1]	[1 0 0 0 0 0]	[8]	[0 0 0 0 0 0 1 1 1]	[1 1 1 1 1 0 1 0 0]	[0 0 1 1 0 1]	[0 0 0 0 0 0]	[8]
37	0.3823997378349304	4.354587554931641	2.1883630752563477	2.014291763305664	0.05725356563925743	0.09467921406030655	False	[0 0 0 0 0 0 1 1 1]	[1 1 1 1 1 0 1 0 0]	[0 0 1 1 0 1]	[0 0 0 0 0 0]	[8]	[1 0 0 0 0 0 1 1 1]	[1 1 1 1 0 0 1 0 0]	[1 0 1 1 0 1]	[1 0 0 0 0 0]	[8]
37	0.3489108979701996	4.37877893447876	2.1834845542907715	2.034503221511841	0.054648417979478836	0.10614238679409027	False	[1 0 0 0 0 0 1 1 1]	[1 1 1 1 0 0 1 0 0]	[1 0 1 1 0 1]	[1 0 0 0 0 0]	[8]	[0 0 0 0 0 0 1 1 1]	[1 1 1 1 1 0 1 0 0]	[0 0 1 1 0 1]	[0 0 0 0 0 0]	[8]
37	0.2331613004207611	4.348737716674805	2.1879374980926514	2.013684034347534	0.060911811888217926	0.08620467782020569	False	[0 0 0 0 0 0 1 1 1]	[1 1 1 1 1 0 1 0 0]	[0 0 1 1 0 1]	[0 0 0 0 0 0]	[8]	[0 0 1 0 0 0 1 1 1]	[1 1 1 1 0 0 1 0 0]	[1 0 1 1 0 1]	[1 0 0 0 0 0]	[8]
37	0.3043893873691559	4.316426753997803	2.123500347137451	2.081326723098755	0.07762839645147324	0.03397062420845032	False	[0 0 1 0 0 0 1 1 1]	[1 1 1 1 0 0 1 0 0]	[1 0 1 1 0 1]	[1 0 0 0 0 0]	[8]	[1 0 1 0 0 0 1 1 1]	[0 1 1 1 0 0 1 0 0]	[0 0 1 1 0 1]	[0 0 0 0 0 0]	[8]
37	0.2403104454278946	4.300383567810059	2.119488477706909	2.092231512069702	0.05486691743135452	0.0337970107793808	False	[1 0 1 0 0 0 1 1 1]	[0 1 1 1 0 0 1 0 0]	[0 0 1 1 0 1]	[0 0 0 0 0 0]	[8]	[0 0 1 0 0 0 1 1 1]	[1 1 1 1 0 0 1 0 0]	[1 0 1 1 0 1]	[1 0 0 0 0 0]	[8]
37	0.2761836051940918	4.3019700050354	2.128565788269043	2.0783374309539795	0.062539242208004	0.03252724930644035	False	[0 0 1 0 0 0 1 1 1]	[1 1 1 1 0 0 1 0 0]	[1 0 1 1 0 1]	[1 0 0 0 0 0]	[8]	[1 0 1 0 0 0 1 1 1]	[1 1 1 1 1 0 1 0 0]	[0 0 1 1 0 1]	[0 0 0 0 0 0]	[8]
37	0.25424185395240784	4.368058681488037	2.1858718395233154	2.0273499488830566	0.06309926509857178	0.09173756092786789	False	[1 0 1 0 0 0 1 1 1]	[1 1 1 1 1 0 1 0 0]	[0 0 1 1 0 1]	[0 0 0 0 0 0]	[8]	[0 0 1 0 0 0 1 1 1]	[1 1 1 1 0 0 1 0 0]	[1 0 1 1 0 1]	[1 0 0 0 0 0]	[8]
37	0.27286624908447266	4.333496570587158	2.1302297115325928	2.0930304527282715	0.07239589095115662	0.03784080594778061	False	[0 0 1 0 0 0 1 1 1]	[1 1 1 1 0 0 1 0 0]	[1 0 1 1 0 1]	[1 0 0 0 0 0]	[8]	[1 0 1 0 0 0 1 1 1]	[1 1 1 1 1 0 1 0 0]	[0 0 1 1 0 1]	[0 0 0 0 0 0]	[8]
37	0.28195714950561523	4.360357284545898	2.1845996379852295	2.031026840209961	0.0506441593170166	0.09408683329820633	False	[1 0 1 0 0 0 1 1 1]	[1 1 1 1 1 0 1 0 0]	[0 0 1 1 0 1]	[0 0 0 0 0 0]	[8]	[0 0 1 0 0 0 1 1 1]	[1 1 1 1 0 0 1 0 0]	[1 0 1 1 0 1]	[1 0 0 0 0 0]	[8]
37	0.24409432709217072	4.316054821014404	2.1274781227111816	2.088421106338501	0.06573224067687988	0.03442332521080971	False	[0 0 1 0 0 0 1 1 1]	[1 1 1 1 0 0 1 0 0]	[1 0 1 1 0 1]	[1 0 0 0 0 0]	[8]	[1 0 1 0 0 0 1 1 1]	[1 1 1 1 1 0 1 0 0]	[0 0 1 1 0 1]	[0 0 0 0 0 0]	[8]
37	0.2355935126543045	4.394011497497559	2.1854028701782227	2.041874885559082	0.04927155375480652	0.11746203899383545	False	[1 0 1 0 0 0 1 1 1]	[1 1 1 1 1 0 1 0 0]	[0 0 1 1 0 1]	[0 0 0 0 0 0]	[8]	[0 0 1 0 0 0 1 1 1]	[1 1 1 1 0 0 1 0 0]	[1 0 1 1 0 1]	[1 0 0 0 0 0]	[8]
37	0.27043402194976807	4.31363582611084	2.125004291534424	2.107356071472168	0.042739588767290115	0.03853629529476166	False	[0 0 1 0 0 0 1 1 1]	[1 1 1 1 0 0 1 0 0]	[1 0 1 1 0 1]	[1 0 0 0 0 0]	[8]	[1 0 1 0 0 0 1 1 1]	[1 1 1 1 1 0 1 0 0]	[0 0 1 1 0 1]	[0 0 0 0 0 0]	[8]
37	0.25999143719673157	4.358334541320801	2.185014009475708	2.019880533218384	0.07716896384954453	0.07627123594284058	False	[1 0 1 0 0 0 1 1 1]	[1 1 1 1 1 0 1 0 0]	[0 0 1 1 0 1]	[0 0 0 0 0 0]	[8]	[0 0 1 0 0 0 1 1 1]	[1 1 1 1 0 0 1 0 0]	[1 0 1 1 0 1]	[1 0 0 0 0 0]	[8]
37	0.33072906732559204	4.300318717956543	2.1215884685516357	2.08200740814209	0.06473185122013092	0.03199075162410736	False	[0 0 1 0 0 0 1 1 1]	[1 1 1 1 0 0 1 0 0]	[1 0 1 1 0 1]	[1 0 0 0 0 0]	[8]	[1 0 1 0 0 0 1 1 1]	[1 1 1 1 1 0 1 0 0]	[0 0 1 1 0 1]	[0 0 0 0 0 0]	[8]
37	0.28817325830459595	4.344142913818359	2.184417963027954	2.026336669921875	0.04621177166700363	0.08717676252126694	False	[1 0 1 0 0 0 1 1 1]	[1 1 1 1 1 0 1 0 0]	[0 0 1 1 0 1]	[0 0 0 0 0 0]	[8]	[0 0 1 0 0 0 1 1 1]	[1 1 1 1 0 0 1 0 0]	[1 0 1 1 0 1]	[1 0 0 0 0 0]	[8]
37	0.2522521913051605	4.2957377433776855	2.1276845932006836	2.0834929943084717	0.048807933926582336	0.03575175255537033	False	[0 0 1 0 0 0 1 1 1]	[1 1 1 1 0 0 1 0 0]	[1 0 1 1 0 1]	[1 0 0 0 0 0]	[8]	[1 0 1 0 0 0 1 1 1]	[1 1 1 1 1 0 1 0 0]	[0 0 1 1 0 1]	[0 0 0 0 0 0]	[8]
37	0.27286624908447266	4.361659049987793	2.1855030059814453	2.0351402759552	0.04318017512559891	0.09783589094877243	False	[1 0 1 0 0 0 1 1 1]	[1 1 1 1 1 0 1 0 0]	[0 0 1 1 0 1]	[0 0 0 0 0 0]	[8]	[0 0 1 0 0 0 1 1 1]	[1 1 1 1 0 0 1 0 0]	[1 0 1 1 0 1]	[1 0 0 0 0 0]	[8]
37	0.2821813225746155	4.283687114715576	2.122699022293091	2.0852789878845215	0.03972065821290016	0.03598836809396744	False	[0 0 1 0 0 0 1 1 1]	[1 1 1 1 0 0 1 0 0]	[1 0 1 1 0 1]	[1 0 0 0 0 0]	[8]	[1 0 1 0 0 0 1 1 1]	[1 1 1 1 1 0 1 0 0]	[0 0 1 1 0 1]	[0 0 0 0 0 0]	[8]
37	0.23871642351150513	4.347346782684326	2.1821484565734863	2.041826009750366	0.034830011427402496	0.08854255825281143	False	[1 0 1 0 0 0 1 1 1]	[1 1 1 1 1 0 1 0 0]	[0 0 1 1 0 1]	[0 0 0 0 0 0]	[8]	[0 0 1 0 0 0 1 1 1]	[1 1 1 1 0 0 1 0 0]	[1 0 1 1 0 1]	[1 0 0 0 0 0]	[8]
37	0.2823997437953949	4.298032283782959	2.1316449642181396	2.0924839973449707	0.04074212908744812	0.033161696046590805	False	[0 0 1 0 0 0 1 1 1]	[1 1 1 1 0 0 1 0 0]	[1 0 1 1 0 1]	[1 0 0 0 0 0]	[8]	[1 0 1 0 0 0 1 1 1]	[0 1 1 1 0 0 1 0 0]	[0 0 1 1 0 1]	[0 0 0 0 0 0]	[8]
37	0.27908235788345337	4.3045334815979	2.131535291671753	2.0938758850097656	0.04455079883337021	0.03457099571824074	False	[1 0 1 0 0 0 1 1 1]	[0 1 1 1 0 0 1 0 0]	[0 0 1 1 0 1]	[0 0 0 0 0 0]	[8]	[0 0 1 0 0 0 1 1 1]	[0 1 1 1 1 0 1 0 0]	[1 0 1 1 0 1]	[1 0 0 0 0 0]	[8]
38	-1.0	5.835419178009033	2.047757387161255	1.7930387258529663	1.25540292263031	0.7392202615737915	False	[0 1 0 1 1 0 0 0 0]	[0 1 0 0 0 1 0 1 0]	[1 1 0 0 0 0]	[1 0 0 0 0 0]	[0]	[0 1 0 1 1 0 0 1 0]	[0 1 0 0 1 1 0 1 0]	[1 1 0 0 1 0]	[1 0 0 0 0 0]	[0]
38	-1.0	6.3126397132873535	2.2162983417510986	2.0788300037384033	1.0706946849822998	0.9468169212341309	False	[0 1 0 1 1 0 0 1 0]	[0 1 0 0 1 1 0 1 0]	[1 1 0 0 1 0]	[1 0 0 0 0 0]	[0]	[0 1 0 1 1 0 1 1 0]	[1 1 0 0 1 1 0 1 0]	[1 1 0 1 1 0]	[1 0 0 0 0 0]	[0]
38	-1.0	5.068255424499512	2.165184736251831	2.1411731243133545	0.4897400736808777	0.2721574902534485	False	[0 1 0 1 1 0 1 1 0]	[1 1 0 0 1 1 0 1 0]	[1 1 0 1 1 0]	[1 0 0 0 0 0]	[0]	[0 1 0 1 1 0 1 1 0]	[1 1 0 0 0 1 0 1 0]	[1 1 0 1 1 0]	[1 0 0 0 0 0]	[0]
38	-1.0	5.074660778045654	2.1478400230407715	2.124051809310913	0.5268173813819885	0.27595198154449463	False	[0 1 0 1 1 0 1 1 0]	[1 1 0 0 0 1 0 1 0]	[1 1 0 1 1 0]	[1 0 0 0 0 0]	[0]	[0 1 0 1 1 0 1 1 0]	[1 1 0 0 1 1 0 1 0]	[1 1 0 1 1 0]	[1 0 0 0 0 0]	[0]
38	-1.0	5.053525924682617	2.1226909160614014	2.108200788497925	0.5606905221939087	0.2619435787200928	False	[0 1 0 1 1 0 1 1 0]	[1 1 0 0 1 1 0 1 0]	[1 1 0 1 1 0]	[1 0 0 0 0 0]	[0]	[0 1 0 1 1 0 1 1 0]	[1 1 0 0 0 1 0 1 0]	[1 1 0 1 1 0]	[1 0 0 0 0 0]	[0]
38	-1.0	5.0591301918029785	2.1214182376861572	2.0911266803741455	0.5568286180496216	0.2897569537162781	False	[0 1 0 1 1 0 1 1 0]	[1 1 0 0 0 1 0 1 0]	[1 1 0 1 1 0]	[1 0 0 0 0 0]	[0]	[0 1 0 1 1 0 1 1 0]	[1 1 0 0 1 1 0 1 0]	[1 1 0 1 1 0]	[1 0 0 0 0 0]	[0]
38	-1.0	5.048152446746826	2.127465009689331	2.125117063522339	0.5469194054603577	0.24865099787712097	False	[0 1 0 1 1 0 1 1 0]	[1 1 0 0 1 1 0 1 0]	[1 1 0 1 1 0]	[1 0 0 0 0 0]	[0]	[0 1 0 1 1 0 1 1 0]	[1 1 0 0 0 1 0 1 0]	[1 1 0 1 1 0]	[1 0 0 0 0 0]	[0]
38	-1.0	5.016239166259766	2.1261374950408936	2.110663890838623	0.525901198387146	0.2535366415977478	False	[0 1 0 1 1 0 1 1 0]	[1 1 0 0 0 1 0 1 0]	[1 1 0 1 1 0]	[1 0 0 0 0 0]	[0]	[0 1 0 1 1 0 1 1 0]	[1 1 0 0 1 1 0 1 0]	[1 1 0 1 1 0]	[1 0 0 0 0 0]	[0]
38	-1.0	5.0378289222717285	2.1277544498443604	2.1165008544921875	0.5314726233482361	0.26210105419158936	False	[0 1 0 1 1 0 1 1 0]	[1 1 0 0 1 1 0 1 0]	[1 1 0 1 1 0]	[1 0 0 0 0 0]	[0]	[0 1 0 1 1 0 1 1 0]	[1 1 0 0 0 1 0 1 0]	[1 1 0 1 1 0]	[1 0 0 0 0 0]	[0]
38	-1.0	5.071628570556641	2.1432864665985107	2.1175591945648193	0.5362926721572876	0.2744901180267334	False	[0 1 0 1 1 0 1 1 0]	[1 1 0 0 0 1 0 1 0]	[1 1 0 1 1 0]	[1 0 0 0 0 0]	[0]	[0 1 0 1 1 0 1 1 0]	[1 1 0 0 1 1 0 1 0]	[1 1 0 1 1 0]	[1 0 0 0 0 0]	[0]
38	-1.0	5.099493503570557	2.153534412384033	2.127480983734131	0.5460085868835449	0.272469699382782	False	[0 1 0 1 1 0 1 1 0]	[1 1 0 0 1 1 0 1 0]	[1 1 0 1 1 0]	[1 0 0 0 0 0]	[0]	[0 1 0 1 1 0 1 1 0]	[1 1 0 0 0 1 0 1 0]	[1 1 0 1 1 0]	[1 0 0 0 0 0]	[0]
38	-1.0	5.058315753936768	2.142260789871216	2.1212058067321777	0.523190975189209	0.2716577649116516	False	[0 1 0 1 1 0 1 1 0]	[1 1 0 0 0 1 0 1 0]	[1 1 0 1 1 0]	[1 0 0 0 0 0]	[0]	[0 1 0 1 1 0 1 1 0]	[1 1 0 0 1 1 0 1 0]	[1 1 0 1 1 0]	[1 0 0 0 0 0]	[0]
38	-1.0	5.111414909362793	2.1448514461517334	2.1271414756774902	0.5755536556243896	0.2638683319091797	False	[0 1 0 1 1 0 1 1 0]	[1 1 0 0 1 1 0 1 0]	[1 1 0 1 1 0]	[1 0 0 0 0 0]	[0]	[0 1 0 1 1 0 1 1 0]	[1 1 0 0 0 1 0 1 0]	[1 1 0 1 1 0]	[1 0 0 0 0 0]	[0]
38	-1.0	5.059866428375244	2.1201441287994385	2.111844062805176	0.5682345032691956	0.25964412093162537	False	[0 1 0 1 1 0 1 1 0]	[1 1 0 0 0 1 0 1 0]	[1 1 0 1 1 0]	[1 0 0 0 0 0]	[0]	[0 1 0 1 1 0 1 1 0]	[1 1 0 0 1 1 0 1 0]	[1 1 0 1 1 0]	[1 0 0 0 0 0]	[0]
38	-1.0	5.095800399780273	2.144366502761841	2.1180384159088135	0.5708865523338318	0.26250869035720825	False	[0 1 0 1 1 0 1 1 0]	[1 1 0 0 1 1 0 1 0]	[1 1 0 1 1 0]	[1 0 0 0 0 0]	[0]	[0 1 0 1 1 0 1 1 0]	[1 1 0 0 0 1 0 1 0]	[1 1 0 1 1 0]	[1 0 0 0 0 0]	[0]
38	-1.0	5.042411804199219	2.138319492340088	2.1257662773132324	0.5168681740760803	0.2614579200744629	False	[0 1 0 1 1 0 1 1 0]	[1 1 0 0 0 1 0 1 0]	[1 1 0 1 1 0]	[1 0 0 0 0 0]	[0]	[0 1 0 1 1 0 1 1 0]	[1 1 0 0 1 1 0 1 0]	[1 1 0 1 1 0]	[1 0 0 0 0 0]	[0]
38	-1.0	5.041418075561523	2.1399431228637695	2.1400418281555176	0.5125600099563599	0.2488732486963272	False	[0 1 0 1 1 0 1 1 0]	[1 1 0 0 1 1 0 1 0]	[1 1 0 1 1 0]	[1 0 0 0 0 0]	[0]	[0 1 0 1 1 0 1 1 0]	[1 1 0 0 0 1 0 1 0]	[1 1 0 1 1 0]	[1 0 0 0 0 0]	[0]
38	-1.0	5.028572082519531	2.1340391635894775	2.128559112548828	0.5134384632110596	0.25253579020500183	False	[0 1 0 1 1 0 1 1 0]	[1 1 0 0 0 1 0 1 0]	[1 1 0 1 1 0]	[1 0 0 0 0 0]	[0]	[0 1 0 1 1 0 1 1 0]	[1 1 0 0 1 1 0 1 0]	[1 1 0 1 1 0]	[1 0 0 0 0 0]	[0]
38	-1.0	5.113605976104736	2.155505657196045	2.13027024269104	0.5425522923469543	0.28527748584747314	False	[0 1 0 1 1 0 1 1 0]	[1 1 0 0 1 1 0 1 0]	[1 1 0 1 1 0]	[1 0 0 0 0 0]	[0]	[0 1 0 1 1 0 1 1 0]	[1 1 0 0 0 1 0 1 0]	[1 1 0 1 1 0]	[1 0 0 0 0 0]	[0]
38	-1.0	5.046291351318359	2.1477205753326416	2.1292002201080322	0.5061178803443909	0.26325252652168274	False	[0 1 0 1 1 0 1 1 0]	[1 1 0 0 0 1 0 1 0]	[1 1 0 1 1 0]	[1 0 0 0 0 0]	[0]	[0 1 0 1 1 0 1 1 0]	[1 1 0 0 1 1 0 1 0]	[1 1 0 1 1 0]	[1 0 0 0 0 0]	[0]
38	-1.0	5.069152355194092	2.143104076385498	2.1314384937286377	0.5284977555274963	0.266111820936203	False	[0 1 0 1 1 0 1 1 0]	[1 1 0 0 1 1 0 1 0]	[1 1 0 1 1 0]	[1 0 0 0 0 0]	[0]	[0 1 0 1 1 0 1 1 0]	[1 1 0 0 0 1 0 1 0]	[1 1 0 1 1 0]	[1 0 0 0 0 0]	[0]
38	-1.0	5.136427879333496	2.1596086025238037	2.125606060028076	0.5846089124679565	0.2666044533252716	False	[0 1 0 1 1 0 1 1 0]	[1 1 0 0 0 1 0 1 0]	[1 1 0 1 1 0]	[1 0 0 0 0 0]	[0]	[0 1 0 1 1 0 1 1 0]	[1 1 0 0 1 1 0 1 0]	[1 1 0 1 1 0]	[1 0 0 0 0 0]	[0]
38	-1.0	5.153383731842041	2.1427674293518066	2.11716890335083	0.591823399066925	0.30162400007247925	False	[0 1 0 1 1 0 1 1 0]	[1 1 0 0 1 1 0 1 0]	[1 1 0 1 1 0]	[1 0 0 0 0 0]	[0]	[0 1 0 1 1 0 1 1 0]	[1 1 0 0 0 1 0 1 0]	[1 1 0 1 1 0]	[1 0 0 0 0 0]	[0]
38	-1.0	5.003641605377197	2.12666916847229	2.136801242828369	0.49038732051849365	0.2497837245464325	False	[0 1 0 1 1 0 1 1 0]	[1 1 0 0 0 1 0 1 0]	[1 1 0 1 1 0]	[1 0 0 0 0 0]	[0]	[0 1 0 1 1 0 1 1 0]	[1 1 0 0 1 1 0 1 0]	[1 1 0 1 1 0]	[1 0 0 0 0 0]	[0]
38	-1.0	5.15349006652832	2.1686997413635254	2.1317200660705566	0.571411669254303	0.2816585898399353	False	[0 1 0 1 1 0 1 1 0]	[1 1 0 0 1 1 0 1 0]	[1 1 0 1 1 0]	[1 0 0 0 0 0]	[0]	[0 1 0 1 1 0 1 1 0]	[1 1 0 0 0 1 0 1 0]	[1 1 0 1 1 0]	[1 0 0 0 0 0]	[0]
38	-1.0	5.086607933044434	2.1425058841705322	2.123023509979248	0.5448393821716309	0.27623867988586426	False	[0 1 0 1 1 0 1 1 0]	[1 1 0 0 0 1 0 1 0]	[1 1 0 1 1 0]	[1 0 0 0 0 0]	[0]	[0 1 0 1 1 0 1 1 0]	[1 1 0 0 1 1 0 1 0]	[1 1 0 1 1 0]	[1 0 0 0 0 0]	[0]
38	-1.0	5.085677623748779	2.134462833404541	2.114612340927124	0.566950798034668	0.269651859998703	False	[0 1 0 1 1 0 1 1 0]	[1 1 0 0 1 1 0 1 0]	[1 1 0 1 1 0]	[1 0 0 0 0 0]	[0]	[0 1 0 1 1 0 1 1 0]	[1 1 0 0 0 1 0 1 0]	[1 1 0 1 1 0]	[1 0 0 0 0 0]	[0]
38	-1.0	5.04247522354126	2.117213726043701	2.0948119163513184	0.5628226399421692	0.26762673258781433	False	[0 1 0 1 1 0 1 1 0]	[1 1 0 0 0 1 0 1 0]	[1 1 0 1 1 0]	[1 0 0 0 0 0]	[0]	[0 1 0 1 1 0 1 1 0]	[1 1 0 0 1 1 0 1 0]	[1 1 0 1 1 0]	[1 0 0 0 0 0]	[0]
38	-1.0	5.096712112426758	2.146578788757324	2.1298201084136963	0.5547758340835571	0.26553764939308167	False	[0 1 0 1 1 0 1 1 0]	[1 1 0 0 1 1 0 1 0]	[1 1 0 1 1 0]	[1 0 0 0 0 0]	[0]	[0 1 0 1 1 0 1 1 0]	[1 1 0 0 0 1 0 1 0]	[1 1 0 1 1 0]	[1 0 0 0 0 0]	[0]
38	-1.0	5.041576385498047	2.1244988441467285	2.12727427482605	0.5282195806503296	0.2615836560726166	False	[0 1 0 1 1 0 1 1 0]	[1 1 0 0 0 1 0 1 0]	[1 1 0 1 1 0]	[1 0 0 0 0 0]	[0]	[0 1 0 1 1 0 1 1 0]	[1 1 0 0 1 1 0 1 0]	[1 1 0 1 1 0]	[1 0 0 0 0 0]	[0]
39	-1.0	6.370721340179443	1.9707012176513672	1.9619725942611694	0.9742123484611511	1.4638352394104004	False	[0 0 0 0 0 0 1 1 1]	[0 0 0 0 0 0 0 1 1]	[0 0 0 0 0 0]	[0 1 0 0 0 0]	[4]	[0 0 0 0 0 0 1 1 0]	[0 0 0 1 0 0 0 1 1]	[0 0 0 0 1 0]	[0 1 1 0 0 0]	[0]
39	-0.75	6.1949992179870605	2.0755362510681152	1.5459448099136353	1.4069348573684692	1.1665834188461304	False	[0 0 0 0 0 0 1 1 0]	[0 0 0 1 0 0 0 1 1]	[0 0 0 0 1 0]	[0 1 1 0 0 0]	[0]	[0 0 0 0 0 0 1 1 1]	[0 0 0 1 0 0 0 1 1]	[0 0 0 0 1 0]	[0 1 0 0 0 0]	[2]
39	-0.75	6.579746723175049	1.9873381853103638	2.097999334335327	1.3018548488616943	1.192553997039795	False	[0 0 0 0 0 0 1 1 1]	[0 0 0 1 0 0 0 1 1]	[0 0 0 0 1 0]	[0 1 0 0 0 0]	[2]	[0 0 0 0 0 0 1 1 0]	[0 0 0 0 0 0 0 1 1]	[0 0 0 0 0 0]	[0 1 1 0 0 0]	[2]
39	-0.75	6.245213508605957	1.9396092891693115	2.0312416553497314	1.3607308864593506	0.9136312007904053	False	[0 0 0 0 0 0 1 1 0]	[0 0 0 0 0 0 0 1 1]	[0 0 0 0 0 0]	[0 1 1 0 0 0]	[2]	[0 0 0 0 0 0 1 1 1]	[0 0 0 1 0 0 0 1 1]	[0 1 0 0 0 0]	[0 1 0 0 0 0]	[2]
39	-0.25	5.845721244812012	2.0335278511047363	2.089848518371582	0.7301132678985596	0.9922313094139099	False	[0 0 0 0 0 0 1 1 1]	[0 0 0 1 0 0 0 1 1]	[0 1 0 0 0 0]	[0 1 0 0 0 0]	[2]	[0 0 0 0 0 0 1 1 0]	[0 0 0 1 0 1 0 1 1]	[0 1 0 0 1 0]	[0 0 0 0 0 0]	[6]
39	0.35800179839134216	5.209675312042236	2.0350985527038574	2.062795877456665	0.8434990644454956	0.2682814300060272	False	[0 0 0 0 0 0 1 1 0]	[0 0 0 1 0 1 0 1 1]	[0 1 0 0 1 0]	[0 0 0 0 0 0]	[6]	[0 0 0 0 0 0 1 1 1]	[0 0 0 0 0 1 0 1 1]	[0 1 0 1 1 0]	[1 0 0 0 0 0]	[8]
39	0.33741170167922974	4.410576343536377	2.084415912628174	2.1591551303863525	0.10223671048879623	0.06476819515228271	False	[0 0 0 0 0 0 1 1 1]	[0 0 0 0 0 1 0 1 1]	[0 1 0 1 1 0]	[1 0 0 0 0 0]	[8]	[0 0 0 0 0 0 1 1 0]	[0 0 0 1 0 1 0 1 1]	[1 1 0 1 1 0]	[0 0 0 0 0 0]	[8]
39	0.38814932107925415	4.427144527435303	2.1195452213287354	2.170630931854248	0.08522074669599533	0.051747214049100876	False	[0 0 0 0 0 0 1 1 0]	[0 0 0 1 0 1 0 1 1]	[1 1 0 1 1 0]	[0 0 0 0 0 0]	[8]	[0 0 0 0 0 0 1 1 1]	[0 0 0 0 0 1 0 1 1]	[0 1 0 1 1 0]	[1 0 0 0 0 0]	[8]
39	0.3786158561706543	4.427065372467041	2.0942673683166504	2.166289806365967	0.0866009071469307	0.07990728318691254	False	[0 0 0 0 0 0 1 1 1]	[0 0 0 0 0 1 0 1 1]	[0 1 0 1 1 0]	[1 0 0 0 0 0]	[8]	[0 0 0 0 0 0 1 1 0]	[0 0 0 1 0 1 0 1 1]	[1 1 0 1 1 0]	[0 0 0 0 0 0]	[8]
39	0.4087633788585663	4.417806148529053	2.116138458251953	2.1701149940490723	0.0609147883951664	0.07063767313957214	False	[0 0 0 0 0 0 1 1 0]	[0 0 0 1 0 1 0 1 1]	[1 1 0 1 1 0]	[0 0 0 0 0 0]	[8]	[0 0 0 0 0 0 1 1 1]	[0 0 0 0 0 1 0 1 1]	[0 1 0 1 1 0]	[1 0 0 0 0 0]	[8]
39	0.3130137622356415	4.385208606719971	2.0954580307006836	2.1643459796905518	0.05067663639783859	0.07472817599773407	False	[0 0 0 0 0 0 1 1 1]	[0 0 0 0 0 1 0 1 1]	[0 1 0 1 1 0]	[1 0 0 0 0 0]	[8]	[0 0 0 0 0 0 1 1 0]	[0 0 0 1 0 1 0 1 1]	[1 1 0 1 1 0]	[0 0 0 0 0 0]	[8]
39	0.37330880761146545	4.421209812164307	2.1213221549987793	2.1700379848480225	0.06715430319309235	0.06269542872905731	False	[0 0 0 0 0 0 1 1 0]	[0 0 0 1 0 1 0 1 1]	[1 1 0 1 1 0]	[0 0 0 0 0 0]	[8]	[0 0 0 0 0 0 1 1 1]	[0 0 0 0 0 1 0 1 1]	[0 1 0 1 1 0]	[1 0 0 0 0 0]	[8]
39	0.36087659001350403	4.391158103942871	2.1007285118103027	2.1669719219207764	0.05137805640697479	0.07207979261875153	False	[0 0 0 0 0 0 1 1 1]	[0 0 0 0 0 1 0 1 1]	[0 1 0 1 1 0]	[1 0 0 0 0 0]	[8]	[0 0 0 0 0 0 1 1 0]	[0 0 0 1 0 1 0 1 1]	[1 1 0 1 1 0]	[0 0 0 0 0 0]	[8]
39	0.3977067470550537	4.401411056518555	2.116170644760132	2.1686642169952393	0.05076662078499794	0.06580955535173416	False	[0 0 0 0 0 0 1 1 0]	[0 0 0 1 0 1 0 1 1]	[1 1 0 1 1 0]	[0 0 0 0 0 0]	[8]	[0 0 0 0 0 0 1 1 1]	[0 0 0 0 0 1 0 1 1]	[0 1 0 1 1 0]	[1 0 0 0 0 0]	[8]
39	0.36952492594718933	4.412963390350342	2.086946964263916	2.16033935546875	0.1012033149600029	0.06447382271289825	False	[0 0 0 0 0 0 1 1 1]	[0 0 0 0 0 1 0 1 1]	[0 1 0 1 1 0]	[1 0 0 0 0 0]	[8]	[0 0 0 0 0 0 1 1 0]	[0 0 0 0 0 0 0 1 1]	[1 1 0 1 1 0]	[0 0 0 0 0 0]	[8]
39	0.3145129680633545	4.439606666564941	2.1067214012145996	2.1607043743133545	0.11245906352996826	0.05972185730934143	False	[0 0 0 0 0 0 1 1 0]	[0 0 0 0 0 0 0 1 1]	[1 1 0 1 1 0]	[0 0 0 0 0 0]	[8]	[0 0 0 0 0 0 1 1 1]	[0 1 0 0 0 0 0 1 1]	[0 1 0 1 1 0]	[1 0 0 0 0 0]	[8]
39	0.400115042924881	4.364604473114014	2.090639591217041	2.159792900085449	0.0584079809486866	0.05576414614915848	False	[0 0 0 0 0 0 1 1 1]	[0 1 0 0 0 0 0 1 1]	[0 1 0 1 1 0]	[1 0 0 0 0 0]	[8]	[0 0 0 0 0 0 1 1 0]	[0 1 0 0 1 0 0 1 1]	[1 1 0 1 1 0]	[0 0 0 0 0 0]	[8]
39	0.40967246890068054	4.308839797973633	2.1404900550842285	2.0058398246765137	0.08108432590961456	0.08142545819282532	False	[0 0 0 0 0 0 1 1 0]	[0 1 0 0 1 0 0 1 1]	[1 1 0 1 1 0]	[0 0 0 0 0 0]	[8]	[0 0 0 0 0 0 1 1 1]	[0 0 0 0 1 0 0 1 1]	[0 1 0 1 1 0]	[1 0 0 0 0 0]	[8]
39	0.361809641122818	4.433281421661377	2.0802297592163086	2.1611530780792236	0.10292130708694458	0.08897754549980164	False	[0 0 0 0 0 0 1 1 1]	[0 0 0 0 1 0 0 1 1]	[0 1 0 1 1 0]	[1 0 0 0 0 0]	[8]	[0 0 0 0 0 0 1 1 0]	[0 0 0 1 1 0 0 1 1]	[1 1 0 1 1 0]	[0 0 0 0 0 0]	[8]
39	0.38149064779281616	4.349459648132324	2.135260820388794	2.0553197860717773	0.10830624401569366	0.05057299882173538	False	[0 0 0 0 0 0 1 1 0]	[0 0 0 1 1 0 0 1 1]	[1 1 0 1 1 0]	[0 0 0 0 0 0]	[8]	[0 0 0 0 0 0 1 0 0]	[0 1 0 1 1 0 0 1 1]	[0 1 0 1 1 0]	[1 0 0 0 0 0]	[8]
39	0.3761836290359497	4.335463047027588	2.094883441925049	2.123784065246582	0.05275978893041611	0.06403598189353943	False	[0 0 0 0 0 0 1 0 0]	[0 1 0 1 1 0 0 1 1]	[0 1 0 1 1 0]	[1 0 0 0 0 0]	[8]	[0 0 0 0 0 0 1 0 1]	[0 0 0 1 1 0 0 1 1]	[1 1 0 1 1 0]	[0 0 0 0 0 0]	[8]
39	0.39436542987823486	4.412858963012695	2.0958328247070312	2.16365909576416	0.08730872720479965	0.06605800241231918	False	[0 0 0 0 0 0 1 0 1]	[0 0 0 1 1 0 0 1 1]	[1 1 0 1 1 0]	[0 0 0 0 0 0]	[8]	[0 0 0 0 0 0 1 0 0]	[0 0 0 0 1 0 0 1 1]	[0 1 0 1 1 0]	[1 0 0 0 0 0]	[8]
39	0.4154220521450043	4.4200119972229	2.0817337036132812	2.159520149230957	0.10047692060470581	0.07828156650066376	False	[0 0 0 0 0 0 1 0 0]	[0 0 0 0 1 0 0 1 1]	[0 1 0 1 1 0]	[1 0 0 0 0 0]	[8]	[0 0 0 0 0 0 1 0 1]	[0 0 0 0 0 0 0 1 1]	[1 1 0 1 1 0]	[0 0 0 0 0 0]	[8]
39	0.3187633752822876	4.238717079162598	2.0018491744995117	2.0730972290039062	0.06951688230037689	0.0942540243268013	False	[0 0 0 0 0 0 1 0 1]	[0 0 0 0 0 0 0 1 1]	[1 1 0 1 1 0]	[0 0 0 0 0 0]	[8]	[0 0 0 0 0 0 1 0 0]	[0 0 0 0 0 1 0 1 1]	[0 1 0 1 1 0]	[1 0 0 0 0 0]	[8]
39	0.3728662431240082	4.415182113647461	2.0768589973449707	2.1578707695007324	0.10847235471010208	0.07197999954223633	False	[0 0 0 0 0 0 1 0 0]	[0 0 0 0 0 1 0 1 1]	[0 1 0 1 1 0]	[1 0 0 0 0 0]	[8]	[0 0 0 0 0 0 1 0 1]	[0 0 0 1 0 1 0 1 1]	[1 1 0 1 1 0]	[0 0 0 0 0 0]	[8]
39	0.4278542697429657	4.187770366668701	2.015357494354248	2.0397491455078125	0.0625670999288559	0.07009659707546234	False	[0 0 0 0 0 0 1 0 1]	[0 0 0 1 0 1 0 1 1]	[1 1 0 1 1 0]	[0 0 0 0 0 0]	[8]	[0 0 0 0 0 0 1 0 0]	[0 0 0 0 0 1 0 1 1]	[0 1 0 1 1 0]	[1 0 0 0 0 0]	[8]
39	0.331195592880249	4.392187595367432	2.0956594944000244	2.163283348083496	0.07068605720996857	0.06255935877561569	False	[0 0 0 0 0 0 1 0 0]	[0 0 0 0 0 1 0 1 1]	[0 1 0 1 1 0]	[1 0 0 0 0 0]	[8]	[0 0 0 0 0 0 1 0 1]	[0 0 0 0 1 1 0 1 1]	[1 1 0 1 1 0]	[0 0 0 0 0 0]	[8]
39	0.3570927083492279	4.389031410217285	2.0759902000427246	2.155670166015625	0.09106919914484024	0.06630166620016098	False	[0 0 0 0 0 0 1 0 1]	[0 0 0 0 1 1 0 1 1]	[1 1 0 1 1 0]	[0 0 0 0 0 0]	[8]	[0 0 0 0 0 0 1 0 0]	[0 0 0 0 1 0 0 1 1]	[0 1 0 1 1 0]	[1 0 0 0 0 0]	[8]
39	0.43981999158859253	4.395047664642334	2.085773468017578	2.165712356567383	0.06993386894464493	0.07362791895866394	False	[0 0 0 0 0 0 1 0 0]	[0 0 0 0 1 0 0 1 1]	[0 1 0 1 1 0]	[1 0 0 0 0 0]	[8]	[0 0 0 0 0 0 1 0 1]	[0 0 0 0 0 0 0 1 1]	[1 1 0 1 1 0]	[0 0 0 0 0 0]	[8]
39	0.43269479274749756	4.237204074859619	1.994166612625122	2.064342737197876	0.07053354382514954	0.10816097259521484	False	[0 0 0 0 0 0 1 0 1]	[0 0 0 0 0 0 0 1 1]	[1 1 0 1 1 0]	[0 0 0 0 0 0]	[8]	[0 0 0 0 0 0 1 0 0]	[0 0 0 0 0 1 0 1 1]	[0 1 0 1 1 0]	[1 0 0 0 0 0]	[8]
40	-0.5	6.298070907592773	2.102140188217163	2.0598058700561523	1.0676562786102295	1.0684678554534912	False	[0 0 0 0 0 0 0 0 0]	[0 0 1 1 0 0 0 1 0]	[0 0 0 1 0 1]	[0 1 0 1 0 1]	[2]	[0 0 0 0 0 1 0 0 0]	[0 0 1 1 0 0 0 1 1]	[0 0 0 1 1 1]	[0 1 0 1 0 0]	[4]
40	-0.25	6.533934116363525	1.8702406883239746	1.9750440120697021	1.401348352432251	1.287300944328308	False	[0 0 0 0 0 1 0 0 0]	[0 0 1 1 0 0 0 1 1]	[0 0 0 1 1 1]	[0 1 0 1 0 0]	[4]	[0 0 0 0 0 0 0 0 0]	[0 0 1 1 0 0 0 0 1]	[0 0 0 1 0 1]	[0 1 0 1 0 1]	[6]
40	-0.75	6.676426410675049	2.046579599380493	1.9646486043930054	1.4843358993530273	1.1808624267578125	False	[0 0 0 0 0 0 0 0 0]	[0 0 1 1 0 0 0 0 1]	[0 0 0 1 0 1]	[0 1 0 1 0 1]	[6]	[0 0 0 0 0 0 1 0 0]	[0 0 1 1 0 1 0 0 1]	[0 0 0 1 1 1]	[0 1 1 1 0 1]	[2]
40	-0.25	6.310957908630371	1.979514479637146	2.070936918258667	1.5582371950149536	0.7022695541381836	False	[0 0 0 0 0 0 1 0 0]	[0 0 1 1 0 1 0 0 1]	[0 0 0 1 1 1]	[0 1 1 1 0 1]	[2]	[0 0 0 0 0 0 0 0 0]	[0 0 1 1 0 0 0 0 1]	[0 1 0 1 1 1]	[0 1 0 1 0 1]	[6]
40	-0.75	6.8588409423828125	2.0421972274780273	1.9997828006744385	1.5853328704833984	1.2315280437469482	False	[0 0 0 0 0 0 0 0 0]	[0 0 1 1 0 0 0 0 1]	[0 1 0 1 1 1]	[0 1 0 1 0 1]	[6]	[0 0 0 0 0 1 0 0 0]	[0 0 1 1 0 0 0 0 0]	[0 1 0 1 0 1]	[0 1 0 1 0 0]	[2]
40	-0.75	6.63951301574707	2.0404598712921143	2.076463222503662	1.3600728511810303	1.1625163555145264	False	[0 0 0 0 0 1 0 0 0]	[0 0 1 1 0 0 0 0 0]	[0 1 0 1 0 1]	[0 1 0 1 0 0]	[2]	[0 0 0 0 0 0 0 0 0]	[0 0 1 1 0 0 0 1 0]	[0 1 0 1 1 1]	[0 0 0 1 0 0]	[2]
40	0.4790584146976471	4.921805381774902	1.7142789363861084	1.7239686250686646	1.294582724571228	0.18897473812103271	False	[0 0 0 0 0 0 0 0 0]	[0 0 1 1 0 0 0 1 0]	[0 1 0 1 1 1]	[0 0 0 1 0 0]	[2]	[0 0 0 0 0 1 0 0 0]	[0 0 1 1 0 0 0 0 0]	[0 1 0 1 1 0]	[0 0 0 0 0 0]	[8]
40	0.24696911871433258	4.40215539932251	2.1600723266601562	2.100329875946045	0.07716727256774902	0.06458617746829987	False	[0 0 0 0 0 1 0 0 0]	[0 0 1 1 0 0 0 0 0]	[0 1 0 1 1 0]	[0 0 0 0 0 0]	[8]	[0 0 1 0 0 1 0 0 0]	[0 0 0 1 0 0 0 0 0]	[1 1 0 1 1 0]	[1 0 0 0 0 0]	[24]
40	0.4728423058986664	4.422597885131836	2.0828099250793457	2.120511531829834	0.1473192423582077	0.07195727527141571	False	[0 0 1 0 0 1 0 0 0]	[0 0 0 1 0 0 0 0 0]	[1 1 0 1 1 0]	[1 0 0 0 0 0]	[24]	[0 0 1 0 0 0 0 0 0]	[0 0 1 1 0 0 0 0 0]	[0 1 0 1 1 0]	[0 0 0 0 0 0]	[8]
40	0.09018778800964355	4.466738700866699	2.1616804599761963	2.120220422744751	0.11853358149528503	0.066304050385952	False	[0 0 1 0 0 0 0 0 0]	[0 0 1 1 0 0 0 0 0]	[0 1 0 1 1 0]	[0 0 0 0 0 0]	[8]	[0 0 0 0 0 0 0 0 0]	[0 0 0 1 0 0 0 0 0]	[1 1 0 1 1 0]	[1 0 0 0 0 0]	[24]
40	0.4278542697429657	4.511744976043701	2.0894644260406494	2.1275582313537598	0.2312844693660736	0.06343753635883331	False	[0 0 0 0 0 0 0 0 0]	[0 0 0 1 0 0 0 0 0]	[1 1 0 1 1 0]	[1 0 0 0 0 0]	[24]	[0 0 0 0 0 1 0 0 0]	[0 0 1 1 0 0 0 0 0]	[0 1 0 1 1 0]	[0 0 0 0 0 0]	[8]
40	0.27264782786369324	4.40272331237793	2.1623034477233887	2.1001505851745605	0.08760198950767517	0.05266713723540306	False	[0 0 0 0 0 1 0 0 0]	[0 0 1 1 0 0 0 0 0]	[0 1 0 1 1 0]	[0 0 0 0 0 0]	[8]	[0 0 1 0 0 1 0 0 0]	[0 0 0 1 0 0 0 0 0]	[1 1 0 1 1 0]	[1 0 0 0 0 0]	[24]
40	0.5728422999382019	4.40132474899292	2.089411973953247	2.1254489421844482	0.12271156907081604	0.06375207006931305	False	[0 0 1 0 0 1 0 0 0]	[0 0 0 1 0 0 0 0 0]	[1 1 0 1 1 0]	[1 0 0 0 0 0]	[24]	[0 0 1 0 0 0 0 0 0]	[0 0 1 1 0 0 0 0 0]	[0 1 0 1 1 0]	[0 0 0 0 0 0]	[8]
40	0.09233070909976959	4.410849571228027	2.1616008281707764	2.0968658924102783	0.09650727361440659	0.05587587133049965	False	[0 0 1 0 0 0 0 0 0]	[0 0 1 1 0 0 0 0 0]	[0 1 0 1 1 0]	[0 0 0 0 0 0]	[8]	[0 0 0 0 0 0 0 0 0]	[0 0 0 1 0 0 0 0 0]	[1 1 0 1 1 0]	[1 0 0 0 0 0]	[24]
40	0.4426947832107544	4.444976329803467	2.087286949157715	2.128329277038574	0.15405601263046265	0.07530425488948822	False	[0 0 0 0 0 0 0 0 0]	[0 0 0 1 0 0 0 0 0]	[1 1 0 1 1 0]	[1 0 0 0 0 0]	[24]	[0 0 0 0 0 1 0 0 0]	[0 0 1 1 0 0 0 0 0]	[0 1 0 1 1 0]	[0 0 0 0 0 0]	[8]
40	0.4005815386772156	4.414419174194336	2.1597228050231934	2.1020736694335938	0.09766731411218643	0.054955385625362396	False	[0 0 0 0 0 1 0 0 0]	[0 0 1 1 0 0 0 0 0]	[0 1 0 1 1 0]	[0 0 0 0 0 0]	[8]	[0 0 0 0 0 1 1 0 0]	[0 0 0 1 0 0 0 0 0]	[1 1 0 1 1 0]	[1 0 0 0 0 0]	[8]
40	0.5728422999382019	4.508603572845459	2.0995805263519287	2.0964515209198	0.1881638765335083	0.12440764904022217	False	[0 0 0 0 0 1 1 0 0]	[0 0 0 1 0 0 0 0 0]	[1 1 0 1 1 0]	[1 0 0 0 0 0]	[8]	[0 0 0 0 0 0 1 0 0]	[0 0 1 1 0 0 0 0 0]	[0 1 0 1 1 0]	[0 0 0 0 0 0]	[8]
40	0.38861584663391113	4.408045768737793	2.162288188934326	2.1002650260925293	0.07901959121227264	0.06647295504808426	False	[0 0 0 0 0 0 1 0 0]	[0 0 1 1 0 0 0 0 0]	[0 1 0 1 1 0]	[0 0 0 0 0 0]	[8]	[0 0 1 0 0 0 1 0 0]	[0 0 0 1 0 0 0 0 0]	[1 1 0 1 1 0]	[1 0 0 0 0 0]	[8]
40	0.05900758504867554	4.552525043487549	2.1615538597106934	2.1458044052124023	0.17034348845481873	0.07482340931892395	False	[0 0 1 0 0 0 1 0 0]	[0 0 0 1 0 0 0 0 0]	[1 1 0 1 1 0]	[1 0 0 0 0 0]	[8]	[0 0 1 0 0 0 1 1 0]	[0 0 0 0 0 0 0 0 0]	[0 1 0 1 1 0]	[0 0 0 0 0 0]	[8]
40	0.451785683631897	4.396461009979248	2.163900136947632	2.1019628047943115	0.07604047656059265	0.054557960480451584	False	[0 0 1 0 0 0 1 1 0]	[0 0 0 0 0 0 0 0 0]	[0 1 0 1 1 0]	[0 0 0 0 0 0]	[8]	[0 0 0 0 0 0 1 1 0]	[0 0 1 0 0 0 0 0 0]	[1 1 0 1 1 0]	[1 0 0 0 0 0]	[8]
40	0.055046480149030685	4.438304901123047	2.159700870513916	2.1072099208831787	0.1172012984752655	0.054193004965782166	False	[0 0 0 0 0 0 1 1 0]	[0 0 1 0 0 0 0 0 0]	[1 1 0 1 1 0]	[1 0 0 0 0 0]	[8]	[0 0 1 0 0 0 1 1 0]	[0 0 0 0 0 0 0 0 0]	[0 1 0 1 1 0]	[0 0 0 0 0 0]	[8]
40	0.45466047525405884	4.404865741729736	2.1623382568359375	2.1061294078826904	0.07681509107351303	0.05958281457424164	False	[0 0 1 0 0 0 1 1 0]	[0 0 0 0 0 0 0 0 0]	[0 1 0 1 1 0]	[0 0 0 0 0 0]	[8]	[0 0 0 0 0 0 1 1 0]	[0 0 1 0 0 0 0 0 0]	[1 1 0 1 1 0]	[1 0 0 0 0 0]	[8]
40	0.06071943789720535	4.440368175506592	2.1634576320648193	2.104997158050537	0.09727348387241364	0.07464008778333664	False	[0 0 0 0 0 0 1 1 0]	[0 0 1 0 0 0 0 0 0]	[1 1 0 1 1 0]	[1 0 0 0 0 0]	[8]	[0 0 1 0 0 0 1 1 0]	[0 0 0 0 0 0 0 0 0]	[0 1 0 1 1 0]	[0 0 0 0 0 0]	[8]
40	0.4881493151187897	4.395815372467041	2.158034324645996	2.1154725551605225	0.05702073499560356	0.0652877539396286	False	[0 0 1 0 0 0 1 1 0]	[0 0 0 0 0 0 0 0 0]	[0 1 0 1 1 0]	[0 0 0 0 0 0]	[8]	[0 0 0 0 0 0 1 1 0]	[0 0 1 0 0 0 0 0 0]	[1 1 0 1 1 0]	[1 0 0 0 0 0]	[8]
40	0.057260289788246155	4.422341346740723	2.165713310241699	2.1046979427337646	0.0823209211230278	0.06960928440093994	False	[0 0 0 0 0 0 1 1 0]	[0 0 1 0 0 0 0 0 0]	[1 1 0 1 1 0]	[1 0 0 0 0 0]	[8]	[0 0 1 0 0 0 1 1 0]	[0 0 0 0 0 0 0 0 0]	[0 1 0 1 1 0]	[0 0 0 0 0 0]	[8]
40	0.4336038827896118	4.4018120765686035	2.1665546894073486	2.099404811859131	0.06899608671665192	0.0668562799692154	False	[0 0 1 0 0 0 1 1 0]	[0 0 0 0 0 0 0 0 0]	[0 1 0 1 1 0]	[0 0 0 0 0 0]	[8]	[0 0 0 0 0 0 1 1 0]	[0 0 1 0 0 0 0 0 0]	[1 1 0 1 1 0]	[1 0 0 0 0 0]	[8]
40	0.05747870355844498	4.4244208335876465	2.16646671295166	2.1006500720977783	0.08969421684741974	0.0676102340221405	False	[0 0 0 0 0 0 1 1 0]	[0 0 1 0 0 0 0 0 0]	[1 1 0 1 1 0]	[1 0 0 0 0 0]	[8]	[0 0 1 0 0 0 1 1 0]	[0 0 0 0 0 0 0 0 0]	[0 1 0 1 1 0]	[0 0 0 0 0 0]	[8]
40	0.4336038827896118	4.399499893188477	2.154151439666748	2.106999158859253	0.06964156031608582	0.06870780140161514	False	[0 0 1 0 0 0 1 1 0]	[0 0 0 0 0 0 0 0 0]	[0 1 0 1 1 0]	[0 0 0 0 0 0]	[8]	[0 0 0 0 0 0 1 1 0]	[0 0 1 0 0 0 0 0 0]	[1 1 0 1 1 0]	[1 0 0 0 0 0]	[8]
40	0.052095044404268265	4.432101249694824	2.1619255542755127	2.107351303100586	0.10829505324363708	0.05452967807650566	False	[0 0 0 0 0 0 1 1 0]	[0 0 1 0 0 0 0 0 0]	[1 1 0 1 1 0]	[1 0 0 0 0 0]	[8]	[0 0 1 0 0 0 1 1 0]	[0 0 0 0 0 0 0 0 0]	[0 1 0 1 1 0]	[0 0 0 0 0 0]	[8]
40	0.49724024534225464	4.433434009552002	2.158950090408325	2.11318039894104	0.07622828334569931	0.08507537841796875	False	[0 0 1 0 0 0 1 1 0]	[0 0 0 0 0 0 0 0 0]	[0 1 0 1 1 0]	[0 0 0 0 0 0]	[8]	[0 0 0 0 0 0 1 1 0]	[0 0 1 0 0 0 0 0 0]	[1 1 0 1 1 0]	[1 0 0 0 0 0]	[8]
41	-0.75	6.199864387512207	2.112844944000244	2.1114985942840576	1.5690921545028687	0.4064286947250366	False	[0 0 0 0 0 0 1 1 0]	[0 0 0 0 0 0 1 1 1]	[0 0 1 0 1 0]	[1 0 0 1 1 0]	[2]	[1 0 0 0 0 0 1 1 0]	[0 0 0 0 0 0 1 1 0]	[0 0 1 0 1 1]	[1 0 1 1 1 0]	[2]
41	-0.75	6.3571248054504395	1.6865477561950684	2.1031506061553955	1.3349453210830688	1.2324811220169067	False	[1 0 0 0 0 0 1 1 0]	[0 0 0 0 0 0 1 1 0]	[0 0 1 0 1 1]	[1 0 1 1 1 0]	[2]	[1 0 0 0 0 1 1 1 0]	[0 0 0 0 0 0 1 0 0]	[0 0 1 0 1 0]	[1 0 0 1 1 0]	[2]
41	-0.75	6.1692070960998535	1.824639081954956	2.132965326309204	1.2555396556854248	0.956062912940979	False	[1 0 0 0 0 1 1 1 0]	[0 0 0 0 0 0 1 0 0]	[0 0 1 0 1 0]	[1 0 0 1 1 0]	[2]	[1 0 0 0 0 0 1 1 0]	[0 0 0 0 0 0 1 1 0]	[0 0 1 0 1 1]	[1 0 1 1 1 0]	[2]
41	-0.75	6.388420104980469	1.7260072231292725	2.1207120418548584	1.371565818786621	1.1701350212097168	False	[1 0 0 0 0 0 1 1 0]	[0 0 0 0 0 0 1 1 0]	[0 0 1 0 1 1]	[1 0 1 1 1 0]	[2]	[1 0 0 0 0 1 1 1 0]	[0 0 0 0 0 0 1 0 0]	[0 0 1 1 1 1]	[1 0 0 1 1 0]	[2]
41	-0.75	6.750813007354736	1.7904835939407349	2.14949631690979	1.5618574619293213	1.248975157737732	False	[1 0 0 0 0 1 1 1 0]	[0 0 0 0 0 0 1 0 0]	[0 0 1 1 1 1]	[1 0 0 1 1 0]	[2]	[1 0 0 0 0 0 1 1 0]	[0 0 0 0 0 0 1 1 0]	[0 0 1 1 1 0]	[1 0 1 1 1 0]	[2]
41	-0.75	6.042612552642822	1.9211413860321045	2.0400445461273193	1.181307077407837	0.9001193642616272	False	[1 0 0 0 0 0 1 1 0]	[0 0 0 0 0 0 1 1 0]	[0 0 1 1 1 0]	[1 0 1 1 1 0]	[2]	[1 0 0 0 0 1 1 1 0]	[0 0 0 0 0 0 1 0 0]	[0 0 1 1 1 1]	[1 0 0 1 1 0]	[2]
41	-0.75	6.616793632507324	1.8265690803527832	2.1572518348693848	1.5248746871948242	1.1080982685089111	False	[1 0 0 0 0 1 1 1 0]	[0 0 0 0 0 0 1 0 0]	[0 0 1 1 1 1]	[1 0 0 1 1 0]	[2]	[1 0 0 0 0 0 1 1 0]	[0 0 0 0 0 0 1 1 0]	[0 0 1 1 1 0]	[1 0 1 1 1 0]	[2]
41	-0.75	6.1782450675964355	1.9031705856323242	2.010164976119995	1.1988630294799805	1.066046118736267	False	[1 0 0 0 0 0 1 1 0]	[0 0 0 0 0 0 1 1 0]	[0 0 1 1 1 0]	[1 0 1 1 1 0]	[2]	[1 0 0 0 0 1 1 1 0]	[0 0 0 0 0 0 1 0 0]	[0 0 1 1 1 1]	[1 0 0 1 1 0]	[2]
41	-0.75	6.763563632965088	1.7810988426208496	2.148959159851074	1.5943872928619385	1.239118218421936	False	[1 0 0 0 0 1 1 1 0]	[0 0 0 0 0 0 1 0 0]	[0 0 1 1 1 1]	[1 0 0 1 1 0]	[2]	[1 0 0 0 0 0 1 1 0]	[0 0 0 0 0 0 1 1 0]	[0 0 1 1 1 0]	[1 0 1 1 1 0]	[2]
41	-0.75	6.140512943267822	1.90278959274292	2.0243582725524902	1.1468422412872314	1.0665229558944702	False	[1 0 0 0 0 0 1 1 0]	[0 0 0 0 0 0 1 1 0]	[0 0 1 1 1 0]	[1 0 1 1 1 0]	[2]	[1 0 0 0 0 1 1 1 0]	[0 0 0 0 0 0 1 0 0]	[0 0 1 1 1 1]	[1 0 0 1 1 0]	[2]
41	-0.75	6.6044440269470215	1.7812552452087402	2.1400046348571777	1.5287725925445557	1.1544116735458374	False	[1 0 0 0 0 1 1 1 0]	[0 0 0 0 0 0 1 0 0]	[0 0 1 1 1 1]	[1 0 0 1 1 0]	[2]	[1 0 0 0 0 0 1 1 0]	[0 0 0 0 0 0 1 1 0]	[0 0 1 1 1 0]	[1 0 1 1 1 0]	[2]
41	-0.75	6.159811019897461	1.9158682823181152	2.0290958881378174	1.1817203760147095	1.0331263542175293	False	[1 0 0 0 0 0 1 1 0]	[0 0 0 0 0 0 1 1 0]	[0 0 1 1 1 0]	[1 0 1 1 1 0]	[2]	[1 0 0 0 0 1 1 1 0]	[0 0 0 0 0 0 1 0 0]	[0 0 1 1 1 1]	[1 0 0 1 1 0]	[2]
41	-0.75	6.707143783569336	1.7782938480377197	2.148491382598877	1.5340580940246582	1.246300458908081	False	[1 0 0 0 0 1 1 1 0]	[0 0 0 0 0 0 1 0 0]	[0 0 1 1 1 1]	[1 0 0 1 1 0]	[2]	[1 0 0 0 0 0 1 1 0]	[0 0 0 0 0 0 1 1 0]	[0 0 1 1 1 0]	[1 0 1 1 1 0]	[2]
41	-0.75	6.135797500610352	1.9194241762161255	2.022850751876831	1.225285291671753	0.9682369232177734	False	[1 0 0 0 0 0 1 1 0]	[0 0 0 0 0 0 1 1 0]	[0 0 1 1 1 0]	[1 0 1 1 1 0]	[2]	[1 0 0 0 0 1 1 1 0]	[0 0 0 0 0 0 1 0 0]	[0 0 1 1 1 1]	[1 0 0 1 1 0]	[2]
41	-0.75	6.484313488006592	1.821977972984314	2.147968292236328	1.5283852815628052	0.9859820604324341	False	[1 0 0 0 0 1 1 1 0]	[0 0 0 0 0 0 1 0 0]	[0 0 1 1 1 1]	[1 0 0 1 1 0]	[2]	[1 0 0 0 0 0 1 1 0]	[0 0 0 0 0 0 1 1 0]	[0 0 1 1 1 0]	[1 0 1 1 1 0]	[2]
41	-0.75	6.021860599517822	1.9150471687316895	2.036119222640991	1.1203556060791016	0.9503386616706848	False	[1 0 0 0 0 0 1 1 0]	[0 0 0 0 0 0 1 1 0]	[0 0 1 1 1 0]	[1 0 1 1 1 0]	[2]	[1 0 0 0 0 1 1 1 0]	[0 0 0 0 0 0 1 0 0]	[0 0 1 1 1 1]	[1 0 0 1 1 0]	[2]
41	-0.75	6.734622001647949	1.8285514116287231	2.154320478439331	1.5577893257141113	1.1939609050750732	False	[1 0 0 0 0 1 1 1 0]	[0 0 0 0 0 0 1 0 0]	[0 0 1 1 1 1]	[1 0 0 1 1 0]	[2]	[1 0 0 0 0 0 1 1 0]	[0 0 0 0 0 0 1 1 0]	[0 0 1 1 1 0]	[1 0 1 1 1 0]	[2]
41	-0.75	6.007478713989258	1.9021587371826172	2.0295510292053223	1.0683863162994385	1.0073826313018799	False	[1 0 0 0 0 0 1 1 0]	[0 0 0 0 0 0 1 1 0]	[0 0 1 1 1 0]	[1 0 1 1 1 0]	[2]	[1 0 0 0 0 1 1 1 0]	[0 0 0 0 0 0 1 0 0]	[0 0 1 1 1 1]	[1 0 0 1 1 0]	[2]
41	-0.75	6.700348854064941	1.7895179986953735	2.1422221660614014	1.5313231945037842	1.2372857332229614	False	[1 0 0 0 0 1 1 1 0]	[0 0 0 0 0 0 1 0 0]	[0 0 1 1 1 1]	[1 0 0 1 1 0]	[2]	[1 0 0 0 0 0 1 1 0]	[0 0 0 0 0 0 1 1 0]	[0 0 1 1 1 0]	[1 0 1 1 1 0]	[2]
41	-0.75	6.1793646812438965	1.914309024810791	2.0275259017944336	1.2030670642852783	1.034462571144104	False	[1 0 0 0 0 0 1 1 0]	[0 0 0 0 0 0 1 1 0]	[0 0 1 1 1 0]	[1 0 1 1 1 0]	[2]	[1 0 0 0 0 1 1 1 0]	[0 0 0 0 0 0 1 0 0]	[0 0 1 1 1 1]	[1 0 0 1 1 0]	[2]
41	-0.75	6.637909412384033	1.7983930110931396	2.148179292678833	1.5348480939865112	1.1564890146255493	False	[1 0 0 0 0 1 1 1 0]	[0 0 0 0 0 0 1 0 0]	[0 0 1 1 1 1]	[1 0 0 1 1 0]	[2]	[1 0 0 0 0 0 1 1 0]	[0 0 0 0 0 0 1 1 0]	[0 0 1 1 1 0]	[1 0 1 1 1 0]	[2]
41	-0.75	6.1096696853637695	1.91165292263031	2.0203051567077637	1.167303442955017	1.0104076862335205	False	[1 0 0 0 0 0 1 1 0]	[0 0 0 0 0 0 1 1 0]	[0 0 1 1 1 0]	[1 0 1 1 1 0]	[2]	[1 0 0 0 0 1 1 1 0]	[0 0 0 0 0 0 1 0 0]	[0 0 1 1 1 1]	[1 0 0 1 1 0]	[2]
41	-0.75	6.658219337463379	1.827393889427185	2.1549973487854004	1.525463342666626	1.1503647565841675	False	[1 0 0 0 0 1 1 1 0]	[0 0 0 0 0 0 1 0 0]	[0 0 1 1 1 1]	[1 0 0 1 1 0]	[2]	[1 0 0 0 0 0 1 1 0]	[0 0 0 0 0 0 1 1 0]	[0 0 1 1 1 0]	[1 0 1 1 1 0]	[2]
41	-0.75	6.093995094299316	1.9095258712768555	2.0319132804870605	1.108259916305542	1.0442965030670166	False	[1 0 0 0 0 0 1 1 0]	[0 0 0 0 0 0 1 1 0]	[0 0 1 1 1 0]	[1 0 1 1 1 0]	[2]	[1 0 0 0 0 1 1 1 0]	[0 0 0 0 0 0 1 0 0]	[0 0 1 1 1 1]	[1 0 0 1 1 0]	[2]
41	-0.75	6.624274253845215	1.8550105094909668	2.1657495498657227	1.5201157331466675	1.0833981037139893	False	[1 0 0 0 0 1 1 1 0]	[0 0 0 0 0 0 1 0 0]	[0 0 1 1 1 1]	[1 0 0 1 1 0]	[2]	[1 0 0 0 0 0 1 1 0]	[0 0 0 0 0 0 1 1 0]	[0 0 1 1 1 0]	[1 0 1 1 1 0]	[2]
41	-0.75	6.0970330238342285	1.9137650728225708	2.0280590057373047	1.1706634759902954	0.9845455884933472	False	[1 0 0 0 0 0 1 1 0]	[0 0 0 0 0 0 1 1 0]	[0 0 1 1 1 0]	[1 0 1 1 1 0]	[2]	[1 0 0 0 0 1 1 1 0]	[0 0 0 0 0 0 1 0 0]	[0 0 1 1 1 1]	[1 0 0 1 1 0]	[2]
41	-0.75	6.734553337097168	1.7500287294387817	2.1360762119293213	1.4959986209869385	1.3524492979049683	False	[1 0 0 0 0 1 1 1 0]	[0 0 0 0 0 0 1 0 0]	[0 0 1 1 1 1]	[1 0 0 1 1 0]	[2]	[1 0 0 0 0 0 1 1 0]	[0 0 0 0 0 0 1 1 0]	[0 0 1 1 1 0]	[1 0 1 1 1 0]	[2]
41	-0.75	6.242173194885254	1.9019865989685059	2.027477264404297	1.2211997509002686	1.0915098190307617	False	[1 0 0 0 0 0 1 1 0]	[0 0 0 0 0 0 1 1 0]	[0 0 1 1 1 0]	[1 0 1 1 1 0]	[2]	[1 0 0 0 0 1 1 1 0]	[0 0 0 0 0 0 1 0 0]	[0 0 1 1 1 1]	[1 0 0 1 1 0]	[2]
41	-0.75	6.6877760887146	1.789579153060913	2.1488208770751953	1.5639173984527588	1.1854586601257324	False	[1 0 0 0 0 1 1 1 0]	[0 0 0 0 0 0 1 0 0]	[0 0 1 1 1 1]	[1 0 0 1 1 0]	[2]	[1 0 0 0 0 0 1 1 0]	[0 0 0 0 0 0 1 1 0]	[0 0 1 1 1 0]	[1 0 1 1 1 0]	[2]
41	-0.75	6.033147811889648	1.9093512296676636	2.03578519821167	1.1640944480895996	0.923916757106781	False	[1 0 0 0 0 0 1 1 0]	[0 0 0 0 0 0 1 1 0]	[0 0 1 1 1 0]	[1 0 1 1 1 0]	[2]	[1 0 0 0 0 1 1 1 0]	[0 0 0 0 0 0 1 0 0]	[0 0 1 1 1 1]	[1 0 0 1 1 0]	[2]
42	0.10654567182064056	7.155397891998291	2.10524845123291	2.0932395458221436	1.435683012008667	1.5212262868881226	False	[0 0 0 0 0 0 0 0 0]	[0 0 0 0 0 0 0 0 0]	[1 1 0 1 0 0]	[1 0 0 0 0 0]	[0]	[0 0 0 0 0 0 0 0 0]	[0 0 0 0 0 1 0 0 0]	[1 1 0 1 1 0]	[1 0 0 0 0 0]	[8]
42	0.4005815386772156	4.278576374053955	2.08142352104187	2.0081069469451904	0.1355763077735901	0.05346972495317459	False	[0 0 0 0 0 0 0 0 0]	[0 0 0 0 0 1 0 0 0]	[1 1 0 1 1 0]	[1 0 0 0 0 0]	[8]	[0 1 0 0 0 0 0 0 0]	[0 0 0 0 0 1 0 0 1]	[0 1 0 1 1 0]	[0 0 0 0 0 0]	[8]
42	0.42451295256614685	4.331672668457031	2.083374261856079	2.0060133934020996	0.1614861786365509	0.08079861849546432	False	[0 1 0 0 0 0 0 0 0]	[0 0 0 0 0 1 0 0 1]	[0 1 0 1 1 0]	[0 0 0 0 0 0]	[8]	[0 1 1 0 0 0 0 0 0]	[0 0 0 0 0 1 0 0 0]	[1 1 0 1 1 0]	[1 0 0 0 0 0]	[8]
42	0.40345636010169983	4.344314098358154	2.071838617324829	2.0161118507385254	0.16754083335399628	0.08882240206003189	False	[0 1 1 0 0 0 0 0 0]	[0 0 0 0 0 1 0 0 0]	[1 1 0 1 1 0]	[1 0 0 0 0 0]	[8]	[0 1 0 0 0 0 0 0 0]	[0 0 0 0 0 1 0 0 1]	[0 1 0 1 1 0]	[0 0 0 0 0 0]	[8]
42	0.4402864873409271	4.291518211364746	2.0709362030029297	2.009462594985962	0.1338430494070053	0.0772765651345253	False	[0 1 0 0 0 0 0 0 0]	[0 0 0 0 0 1 0 0 1]	[0 1 0 1 1 0]	[0 0 0 0 0 0]	[8]	[0 1 1 0 0 0 0 0 0]	[0 0 0 0 0 1 0 0 0]	[1 1 0 1 1 0]	[1 0 0 0 0 0]	[8]
42	0.40920594334602356	4.365937232971191	2.079551935195923	2.0196621417999268	0.20208525657653809	0.06463836878538132	False	[0 1 1 0 0 0 0 0 0]	[0 0 0 0 0 1 0 0 0]	[1 1 0 1 1 0]	[1 0 0 0 0 0]	[8]	[0 1 0 0 0 0 0 0 0]	[0 0 0 0 0 1 0 0 1]	[0 1 0 1 1 0]	[0 0 0 0 0 0]	[8]
42	0.39436542987823486	4.33952522277832	2.080716609954834	2.011568307876587	0.18732377886772156	0.059916600584983826	False	[0 1 0 0 0 0 0 0 0]	[0 0 0 0 0 1 0 0 1]	[0 1 0 1 1 0]	[0 0 0 0 0 0]	[8]	[0 1 1 0 0 0 0 0 0]	[0 0 0 0 0 1 0 0 0]	[1 1 0 1 1 0]	[1 0 0 0 0 0]	[8]
42	0.45466047525405884	4.359808444976807	2.078681468963623	2.0221104621887207	0.17949584126472473	0.07952073216438293	False	[0 1 1 0 0 0 0 0 0]	[0 0 0 0 0 1 0 0 0]	[1 1 0 1 1 0]	[1 0 0 0 0 0]	[8]	[0 1 0 0 0 0 0 0 0]	[0 0 0 0 0 1 0 0 1]	[0 1 0 1 1 0]	[0 0 0 0 0 0]	[8]
42	0.391490638256073	4.33901309967041	2.0804269313812256	2.011837959289551	0.18084657192230225	0.06590104103088379	False	[0 1 0 0 0 0 0 0 0]	[0 0 0 0 0 1 0 0 1]	[0 1 0 1 1 0]	[0 0 0 0 0 0]	[8]	[0 1 1 0 0 0 0 0 0]	[0 0 0 0 0 1 0 0 0]	[1 1 0 1 1 0]	[1 0 0 0 0 0]	[8]
42	0.4154220521450043	4.295634746551514	2.0833563804626465	2.008349895477295	0.13204070925712585	0.0718877762556076	False	[0 1 1 0 0 0 0 0 0]	[0 0 0 0 0 1 0 0 0]	[1 1 0 1 1 0]	[1 0 0 0 0 0]	[8]	[0 1 0 0 0 0 0 0 0]	[0 0 0 0 0 1 0 0 1]	[0 1 0 1 1 0]	[0 0 0 0 0 0]	[8]
42	0.3852745294570923	4.2845659255981445	2.0747625827789307	2.0110535621643066	0.1228499710559845	0.0758993849158287	False	[0 1 0 0 0 0 0 0 0]	[0 0 0 0 0 1 0 0 1]	[0 1 0 1 1 0]	[0 0 0 0 0 0]	[8]	[0 1 1 0 0 0 0 0 0]	[0 0 0 0 0 1 0 0 0]	[1 1 0 1 1 0]	[1 0 0 0 0 0]	[8]
42	0.4704340100288391	4.3086256980896	2.075640916824341	2.0088558197021484	0.1295730173587799	0.09455615282058716	False	[0 1 1 0 0 0 0 0 0]	[0 0 0 0 0 1 0 0 0]	[1 1 0 1 1 0]	[1 0 0 0 0 0]	[8]	[0 1 0 0 0 0 0 0 0]	[0 0 0 0 0 1 0 0 1]	[0 1 0 1 1 0]	[0 0 0 0 0 0]	[8]
42	0.4207290709018707	4.264033794403076	2.06789493560791	2.0100901126861572	0.0930047407746315	0.09304414689540863	False	[0 1 0 0 0 0 0 0 0]	[0 0 0 0 0 1 0 0 1]	[0 1 0 1 1 0]	[0 0 0 0 0 0]	[8]	[0 1 1 0 0 0 0 0 0]	[0 0 0 0 0 1 0 0 0]	[1 1 0 1 1 0]	[1 0 0 0 0 0]	[8]
42	0.41588857769966125	4.333909511566162	2.0831446647644043	2.0097029209136963	0.16502255201339722	0.0760393813252449	False	[0 1 1 0 0 0 0 0 0]	[0 0 0 0 0 1 0 0 0]	[1 1 0 1 1 0]	[1 0 0 0 0 0]	[8]	[0 1 0 0 0 0 0 0 0]	[0 0 0 0 0 1 0 0 1]	[0 1 0 1 1 0]	[0 0 0 0 0 0]	[8]
42	0.42497947812080383	4.316175937652588	2.072500228881836	2.012178897857666	0.1441340297460556	0.08736260235309601	False	[0 1 0 0 0 0 0 0 0]	[0 0 0 0 0 1 0 0 1]	[0 1 0 1 1 0]	[0 0 0 0 0 0]	[8]	[0 1 1 0 0 0 0 0 0]	[0 0 0 0 0 1 0 0 0]	[1 1 0 1 1 0]	[1 0 0 0 0 0]	[8]
42	0.39436542987823486	4.394603252410889	2.0808212757110596	2.007650136947632	0.22012826800346375	0.08600388467311859	False	[0 1 1 0 0 0 0 0 0]	[0 0 0 0 0 1 0 0 0]	[1 1 0 1 1 0]	[1 0 0 0 0 0]	[8]	[0 1 0 0 0 0 0 0 0]	[0 0 0 0 0 1 0 0 1]	[0 1 0 1 1 0]	[0 0 0 0 0 0]	[8]
42	0.3642179071903229	4.3075361251831055	2.074481725692749	2.009551525115967	0.13908877968788147	0.08441463112831116	False	[0 1 0 0 0 0 0 0 0]	[0 0 0 0 0 1 0 0 1]	[0 1 0 1 1 0]	[0 0 0 0 0 0]	[8]	[0 1 1 0 0 0 0 0 0]	[0 0 0 0 0 1 0 0 0]	[1 1 0 1 1 0]	[1 0 0 0 0 0]	[8]
42	0.4489108920097351	4.285741806030273	2.062967300415039	2.023224115371704	0.11534859240055084	0.08420191705226898	False	[0 1 1 0 0 0 0 0 0]	[0 0 0 0 0 1 0 0 0]	[1 1 0 1 1 0]	[1 0 0 0 0 0]	[8]	[0 1 0 0 0 0 0 0 0]	[0 0 0 0 0 1 0 0 1]	[0 1 0 1 1 0]	[0 0 0 0 0 0]	[8]
42	0.361343115568161	4.308266639709473	2.072462320327759	2.0137081146240234	0.13992400467395782	0.08217227458953857	False	[0 1 0 0 0 0 0 0 0]	[0 0 0 0 0 1 0 0 1]	[0 1 0 1 1 0]	[0 0 0 0 0 0]	[8]	[0 1 1 0 0 0 0 0 0]	[0 0 0 0 0 1 0 0 0]	[1 1 0 1 1 0]	[1 0 0 0 0 0]	[8]
42	0.421638160943985	4.346845626831055	2.082105875015259	2.0066683292388916	0.18108712136745453	0.07698420435190201	False	[0 1 1 0 0 0 0 0 0]	[0 0 0 0 0 1 0 0 0]	[1 1 0 1 1 0]	[1 0 0 0 0 0]	[8]	[0 1 0 0 0 0 0 0 0]	[0 0 0 0 0 1 0 0 1]	[0 1 0 1 1 0]	[0 0 0 0 0 0]	[8]
42	0.44603610038757324	4.302145004272461	2.082284450531006	2.0077624320983887	0.14304491877555847	0.06905337423086166	False	[0 1 0 0 0 0 0 0 0]	[0 0 0 0 0 1 0 0 1]	[0 1 0 1 1 0]	[0 0 0 0 0 0]	[8]	[0 1 1 0 0 0 0 0 0]	[0 0 0 0 0 1 0 0 0]	[1 1 0 1 1 0]	[1 0 0 0 0 0]	[8]
42	0.4513431191444397	4.271363735198975	2.0717759132385254	2.012287139892578	0.11526219546794891	0.07203850895166397	False	[0 1 1 0 0 0 0 0 0]	[0 0 0 0 0 1 0 0 0]	[1 1 0 1 1 0]	[1 0 0 0 0 0]	[8]	[0 1 0 0 0 0 0 0 0]	[0 0 0 0 0 1 0 0 1]	[0 1 0 1 1 0]	[0 0 0 0 0 0]	[8]
42	0.400115042924881	4.299920082092285	2.075598955154419	2.007993698120117	0.1469888538122177	0.06933870911598206	False	[0 1 0 0 0 0 0 0 0]	[0 0 0 0 0 1 0 0 1]	[0 1 0 1 1 0]	[0 0 0 0 0 0]	[8]	[0 1 1 0 0 0 0 0 0]	[0 0 0 0 0 1 0 0 0]	[1 1 0 1 1 0]	[1 0 0 0 0 0]	[8]
42	0.40345636010169983	4.316436290740967	2.07401442527771	2.011404275894165	0.15189701318740845	0.07912042737007141	False	[0 1 1 0 0 0 0 0 0]	[0 0 0 0 0 1 0 0 0]	[1 1 0 1 1 0]	[1 0 0 0 0 0]	[8]	[0 1 0 0 0 0 0 0 0]	[0 0 0 0 0 1 0 0 1]	[0 1 0 1 1 0]	[0 0 0 0 0 0]	[8]
42	0.3743654489517212	4.291906833648682	2.0749435424804688	2.004629611968994	0.13931557536125183	0.07301827520132065	False	[0 1 0 0 0 0 0 0 0]	[0 0 0 0 0 1 0 0 1]	[0 1 0 1 1 0]	[0 0 0 0 0 0]	[8]	[0 1 1 0 0 0 0 0 0]	[0 0 0 0 0 1 0 0 0]	[1 1 0 1 1 0]	[1 0 0 0 0 0]	[8]
42	0.47330883145332336	4.357390403747559	2.0816261768341064	2.0132761001586914	0.18598046898841858	0.07650785148143768	False	[0 1 1 0 0 0 0 0 0]	[0 0 0 0 0 1 0 0 0]	[1 1 0 1 1 0]	[1 0 0 0 0 0]	[8]	[0 1 0 0 0 0 0 0 0]	[0 0 0 0 0 1 0 0 1]	[0 1 0 1 1 0]	[0 0 0 0 0 0]	[8]
42	0.4130137860774994	4.261378765106201	2.0663490295410156	2.0130300521850586	0.1116131991147995	0.0703866183757782	False	[0 1 0 0 0 0 0 0 0]	[0 0 0 0 0 1 0 0 1]	[0 1 0 1 1 0]	[0 0 0 0 0 0]	[8]	[0 1 1 0 0 0 0 0 0]	[0 0 0 0 0 1 0 0 0]	[1 1 0 1 1 0]	[1 0 0 0 0 0]	[8]
42	0.4192298948764801	4.357005596160889	2.086515426635742	2.0084519386291504	0.18885332345962524	0.07318486273288727	False	[0 1 1 0 0 0 0 0 0]	[0 0 0 0 0 1 0 0 0]	[1 1 0 1 1 0]	[1 0 0 0 0 0]	[8]	[0 1 0 0 0 0 0 0 0]	[0 0 0 0 0 1 0 0 1]	[0 1 0 1 1 0]	[0 0 0 0 0 0]	[8]
42	0.09204716235399246	4.372166633605957	2.0887224674224854	2.0053110122680664	0.1957629919052124	0.08237019926309586	False	[0 1 0 0 0 0 0 0 0]	[0 0 0 0 0 1 0 0 1]	[0 1 0 1 1 0]	[0 0 0 0 0 0]	[8]	[0 0 0 0 0 0 0 0 0]	[0 0 0 0 0 1 0 0 0]	[1 1 0 1 1 0]	[1 0 0 0 0 0]	[8]
42	0.38861584663391113	4.323685646057129	2.0826075077056885	2.00433087348938	0.15178483724594116	0.08496260643005371	False	[0 0 0 0 0 0 0 0 0]	[0 0 0 0 0 1 0 0 0]	[1 1 0 1 1 0]	[1 0 0 0 0 0]	[8]	[0 0 1 0 0 0 0 0 0]	[0 0 0 0 0 1 0 0 1]	[0 1 0 1 1 0]	[0 0 0 0 0 0]	[8]
43	-1.0	5.620752334594727	2.160501718521118	2.033501386642456	0.9937461614608765	0.433002769947052	False	[0 1 0 0 0 0 0 0 0]	[0 0 0 0 1 0 0 0 0]	[0 0 0 0 0 0]	[0 0 0 0 0 0]	[0]	[0 1 1 0 0 0 0 0 0]	[0 0 0 0 1 0 0 0 1]	[0 1 0 0 0 0]	[0 0 0 0 0 0]	[0]
43	-1.0	6.394735336303711	2.1556479930877686	1.8522002696990967	0.960770308971405	1.426116943359375	False	[0 1 1 0 0 0 0 0 0]	[0 0 0 0 1 0 0 0 1]	[0 1 0 0 0 0]	[0 0 0 0 0 0]	[0]	[0 1 1 0 0 0 0 1 0]	[0 0 0 0 1 0 0 0 0]	[0 1 0 0 1 0]	[0 0 0 0 0 0]	[0]
43	-1.0	4.895218849182129	2.0192759037017822	2.0288922786712646	0.6160324811935425	0.2310182899236679	False	[0 1 1 0 0 0 0 1 0]	[0 0 0 0 1 0 0 0 0]	[0 1 0 0 1 0]	[0 0 0 0 0 0]	[0]	[0 1 1 0 1 0 0 1 0]	[1 0 0 0 1 0 0 0 0]	[0 1 0 1 1 0]	[0 0 0 0 0 0]	[0]
43	-1.0	5.508211612701416	2.0819320678710938	1.9841364622116089	1.0797772407531738	0.3623657524585724	False	[0 1 1 0 1 0 0 1 0]	[1 0 0 0 1 0 0 0 0]	[0 1 0 1 1 0]	[0 0 0 0 0 0]	[0]	[0 1 1 0 1 1 0 1 0]	[0 0 0 0 1 0 0 0 0]	[1 1 0 1 1 0]	[0 0 0 0 0 0]	[0]
43	0.5125472545623779	5.548273086547852	2.069037675857544	1.9676634073257446	1.0401039123535156	0.4714677929878235	False	[0 1 1 0 1 1 0 1 0]	[0 0 0 0 1 0 0 0 0]	[1 1 0 1 1 0]	[0 0 0 0 0 0]	[0]	[0 1 1 0 1 0 0 1 0]	[1 0 0 0 1 0 0 0 0]	[1 1 0 1 1 0]	[0 0 0 0 0 0]	[8]
43	0.38814932107925415	4.438726902008057	2.1158623695373535	2.1086788177490234	0.1426936388015747	0.07149241119623184	False	[0 1 1 0 1 0 0 1 0]	[1 0 0 0 1 0 0 0 0]	[1 1 0 1 1 0]	[0 0 0 0 0 0]	[8]	[0 1 1 0 1 1 0 1 0]	[1 0 0 1 1 0 0 0 0]	[0 1 0 1 1 0]	[1 0 0 0 0 0]	[8]
43	0.3551270067691803	4.494355201721191	2.0275769233703613	2.14343523979187	0.14335507154464722	0.17998842895030975	False	[0 1 1 0 1 1 0 1 0]	[1 0 0 1 1 0 0 0 0]	[0 1 0 1 1 0]	[1 0 0 0 0 0]	[8]	[0 1 1 0 1 0 0 1 0]	[0 0 0 1 1 0 0 0 0]	[1 1 0 1 1 0]	[0 0 0 0 0 0]	[8]
43	0.48193320631980896	4.412630558013916	2.1300745010375977	2.1056432723999023	0.10492315888404846	0.07198938727378845	False	[0 1 1 0 1 0 0 1 0]	[0 0 0 1 1 0 0 0 0]	[1 1 0 1 1 0]	[0 0 0 0 0 0]	[8]	[0 1 1 0 1 1 0 1 0]	[0 0 0 0 1 0 0 0 0]	[0 1 0 1 1 0]	[1 0 0 0 0 0]	[8]
43	0.45421791076660156	4.559528827667236	2.0314865112304688	2.1460819244384766	0.16897252202033997	0.21298784017562866	False	[0 1 1 0 1 1 0 1 0]	[0 0 0 0 1 0 0 0 0]	[0 1 0 1 1 0]	[1 0 0 0 0 0]	[8]	[0 1 1 0 1 0 0 1 0]	[1 0 0 0 1 0 0 0 0]	[1 1 0 1 1 0]	[0 0 0 0 0 0]	[8]
43	0.44556957483291626	4.402303218841553	2.1350257396698	2.102470874786377	0.0843074768781662	0.08049920946359634	False	[0 1 1 0 1 0 0 1 0]	[1 0 0 0 1 0 0 0 0]	[1 1 0 1 1 0]	[0 0 0 0 0 0]	[8]	[0 1 1 0 1 1 0 1 0]	[1 0 0 1 1 0 0 0 0]	[0 1 0 1 1 0]	[1 0 0 0 0 0]	[8]
43	0.47618362307548523	4.481925964355469	2.043454647064209	2.151231527328491	0.10442894697189331	0.18281114101409912	False	[0 1 1 0 1 1 0 1 0]	[1 0 0 1 1 0 0 0 0]	[0 1 0 1 1 0]	[1 0 0 0 0 0]	[8]	[0 1 1 0 1 0 0 1 0]	[0 0 0 1 1 0 0 0 0]	[1 1 0 1 1 0]	[0 0 0 0 0 0]	[8]
43	0.40920594334602356	4.417778968811035	2.1240174770355225	2.1069252490997314	0.1083579957485199	0.07847826182842255	False	[0 1 1 0 1 0 0 1 0]	[0 0 0 1 1 0 0 0 0]	[1 1 0 1 1 0]	[0 0 0 0 0 0]	[8]	[0 1 1 0 1 1 0 1 0]	[0 0 0 0 1 0 0 0 0]	[0 1 0 1 1 0]	[1 0 0 0 0 0]	[8]
43	0.42497947812080383	4.472698211669922	2.050145149230957	2.150886058807373	0.11534822732210159	0.15631872415542603	False	[0 1 1 0 1 1 0 1 0]	[0 0 0 0 1 0 0 0 0]	[0 1 0 1 1 0]	[1 0 0 0 0 0]	[8]	[0 1 1 0 1 0 0 1 0]	[1 0 0 0 1 0 0 0 0]	[1 1 0 1 1 0]	[0 0 0 0 0 0]	[8]
43	0.4364786744117737	4.420882701873779	2.140005111694336	2.105919599533081	0.10064147412776947	0.07431654632091522	False	[0 1 1 0 1 0 0 1 0]	[1 0 0 0 1 0 0 0 0]	[1 1 0 1 1 0]	[0 0 0 0 0 0]	[8]	[0 1 1 0 1 1 0 1 0]	[1 0 0 1 1 0 0 0 0]	[0 1 0 1 1 0]	[1 0 0 0 0 0]	[8]
43	0.42451295256614685	4.473458290100098	2.0468342304229736	2.152716636657715	0.0912846177816391	0.1826227903366089	False	[0 1 1 0 1 1 0 1 0]	[1 0 0 1 1 0 0 0 0]	[0 1 0 1 1 0]	[1 0 0 0 0 0]	[8]	[0 1 1 0 1 0 0 1 0]	[0 0 0 1 1 0 0 0 0]	[1 1 0 1 1 0]	[0 0 0 0 0 0]	[8]
43	0.4637514054775238	4.454856872558594	2.1252782344818115	2.1031618118286133	0.1599852442741394	0.06643129140138626	False	[0 1 1 0 1 0 0 1 0]	[0 0 0 1 1 0 0 0 0]	[1 1 0 1 1 0]	[0 0 0 0 0 0]	[8]	[0 1 1 0 1 1 0 1 0]	[0 0 0 0 1 0 0 0 0]	[0 1 0 1 1 0]	[1 0 0 0 0 0]	[8]
43	0.3992059528827667	4.489339351654053	2.049995183944702	2.1486735343933105	0.10389880836009979	0.18677209317684174	False	[0 1 1 0 1 1 0 1 0]	[0 0 0 0 1 0 0 0 0]	[0 1 0 1 1 0]	[1 0 0 0 0 0]	[8]	[0 1 1 0 1 0 0 1 0]	[1 0 0 0 1 0 0 0 0]	[1 1 0 1 1 0]	[0 0 0 0 0 0]	[8]
43	0.4336038827896118	4.422257423400879	2.1326663494110107	2.109436511993408	0.11136221885681152	0.06879238039255142	False	[0 1 1 0 1 0 0 1 0]	[1 0 0 0 1 0 0 0 0]	[1 1 0 1 1 0]	[0 0 0 0 0 0]	[8]	[0 1 1 0 1 1 0 1 0]	[1 0 0 1 1 0 0 0 0]	[0 1 0 1 1 0]	[1 0 0 0 0 0]	[8]
43	0.4154220521450043	4.520684242248535	2.027470350265503	2.1487576961517334	0.11571942269802094	0.22873693704605103	False	[0 1 1 0 1 1 0 1 0]	[1 0 0 1 1 0 0 0 0]	[0 1 0 1 1 0]	[1 0 0 0 0 0]	[8]	[0 1 1 0 1 0 0 1 0]	[0 0 0 1 1 0 0 0 0]	[1 1 0 1 1 0]	[0 0 0 0 0 0]	[8]
43	0.37284231185913086	4.437914848327637	2.1376302242279053	2.1134297847747803	0.11875416338443756	0.06810051202774048	False	[0 1 1 0 1 0 0 1 0]	[0 0 0 1 1 0 0 0 0]	[1 1 0 1 1 0]	[0 0 0 0 0 0]	[8]	[0 1 1 0 1 1 0 1 0]	[0 0 0 0 1 0 0 0 0]	[0 1 0 1 1 0]	[1 0 0 0 0 0]	[8]
43	0.47618362307548523	4.479405879974365	2.0305840969085693	2.1488051414489746	0.12784124910831451	0.17217528820037842	False	[0 1 1 0 1 1 0 1 0]	[0 0 0 0 1 0 0 0 0]	[0 1 0 1 1 0]	[1 0 0 0 0 0]	[8]	[0 1 1 0 1 0 0 1 0]	[1 0 0 0 1 0 0 0 0]	[1 1 0 1 1 0]	[0 0 0 0 0 0]	[8]
43	0.4336038827896118	4.393044471740723	2.1313982009887695	2.1045961380004883	0.08756706118583679	0.06948322802782059	False	[0 1 1 0 1 0 0 1 0]	[1 0 0 0 1 0 0 0 0]	[1 1 0 1 1 0]	[0 0 0 0 0 0]	[8]	[0 1 1 0 1 1 0 1 0]	[1 0 0 1 1 0 0 0 0]	[0 1 0 1 1 0]	[1 0 0 0 0 0]	[8]
43	0.4872402250766754	4.523489952087402	2.031054735183716	2.150221824645996	0.12584906816482544	0.21636447310447693	False	[0 1 1 0 1 1 0 1 0]	[1 0 0 1 1 0 0 0 0]	[0 1 0 1 1 0]	[1 0 0 0 0 0]	[8]	[0 1 1 0 1 0 0 1 0]	[0 0 0 1 1 0 0 0 0]	[1 1 0 1 1 0]	[0 0 0 0 0 0]	[8]
43	0.40920594334602356	4.449234962463379	2.1230180263519287	2.101922035217285	0.13120633363723755	0.0930880755186081	False	[0 1 1 0 1 0 0 1 0]	[0 0 0 1 1 0 0 0 0]	[1 1 0 1 1 0]	[0 0 0 0 0 0]	[8]	[0 1 1 0 1 1 0 1 0]	[0 0 0 0 1 0 0 0 0]	[0 1 0 1 1 0]	[1 0 0 0 0 0]	[8]
43	0.43072906136512756	4.5165934562683105	2.0432567596435547	2.146960973739624	0.11275948584079742	0.21361581981182098	False	[0 1 1 0 1 1 0 1 0]	[0 0 0 0 1 0 0 0 0]	[0 1 0 1 1 0]	[1 0 0 0 0 0]	[8]	[0 1 1 0 1 0 0 1 0]	[1 0 0 0 1 0 0 0 0]	[1 1 0 1 1 0]	[0 0 0 0 0 0]	[8]
43	0.38193321228027344	4.406403064727783	2.1278648376464844	2.1059045791625977	0.09326392412185669	0.07936965674161911	False	[0 1 1 0 1 0 0 1 0]	[1 0 0 0 1 0 0 0 0]	[1 1 0 1 1 0]	[0 0 0 0 0 0]	[8]	[0 1 1 0 1 1 0 1 0]	[1 0 0 1 1 0 0 0 0]	[0 1 0 1 1 0]	[1 0 0 0 0 0]	[8]
43	0.46087661385536194	4.47246789932251	2.030316114425659	2.1460671424865723	0.11399306356906891	0.18209151923656464	False	[0 1 1 0 1 1 0 1 0]	[1 0 0 1 1 0 0 0 0]	[0 1 0 1 1 0]	[1 0 0 0 0 0]	[8]	[0 1 1 0 1 0 0 1 0]	[0 0 0 1 1 0 0 0 0]	[1 1 0 1 1 0]	[0 0 0 0 0 0]	[8]
43	0.3790584206581116	4.404059886932373	2.1324360370635986	2.105395555496216	0.0848773866891861	0.08135074377059937	False	[0 1 1 0 1 0 0 1 0]	[0 0 0 1 1 0 0 0 0]	[1 1 0 1 1 0]	[0 0 0 0 0 0]	[8]	[0 1 1 0 1 1 0 1 0]	[0 0 0 0 1 0 0 0 0]	[0 1 0 1 1 0]	[1 0 0 0 0 0]	[8]
43	0.5001150369644165	4.479607582092285	2.0457653999328613	2.149975538253784	0.11027982831001282	0.17358708381652832	False	[0 1 1 0 1 1 0 1 0]	[0 0 0 0 1 0 0 0 0]	[0 1 0 1 1 0]	[1 0 0 0 0 0]	[8]	[0 1 1 0 1 0 0 1 0]	[1 0 0 0 1 0 0 0 0]	[1 1 0 1 1 0]	[0 0 0 0 0 0]	[8]
43	0.38193321228027344	4.38527774810791	2.1367883682250977	2.108273983001709	0.07081087678670883	0.06940478831529617	False	[0 1 1 0 1 0 0 1 0]	[1 0 0 0 1 0 0 0 0]	[1 1 0 1 1 0]	[0 0 0 0 0 0]	[8]	[0 1 1 0 1 1 0 1 0]	[1 0 0 1 1 0 0 0 0]	[0 1 0 1 1 0]	[1 0 0 0 0 0]	[8]
44	-0.75	5.887423515319824	2.142998218536377	2.0773298740386963	0.8441562652587891	0.8229387998580933	False	[0 0 0 0 0 0 0 0 0]	[1 0 0 0 0 0 0 0 0]	[0 0 0 0 0 0]	[0 0 0 0 0 0]	[0]	[0 0 0 0 0 0 0 1 0]	[1 0 0 0 0 0 0 0 1]	[0 1 0 0 0 0]	[0 0 0 0 0 0]	[2]
44	-0.25	6.2051591873168945	1.977391004562378	1.9687319993972778	1.310235857963562	0.9487999677658081	False	[0 0 0 0 0 0 0 1 0]	[1 0 0 0 0 0 0 0 1]	[0 1 0 0 0 0]	[0 0 0 0 0 0]	[2]	[0 0 0 0 0 0 0 1 1]	[1 0 0 0 0 0 0 0 0]	[0 1 0 0 1 0]	[1 0 0 0 0 0]	[6]
44	0.4728423058986664	4.810422897338867	2.0474774837493896	2.0476114749908447	0.16901782155036926	0.5463160276412964	False	[0 0 0 0 0 0 0 1 1]	[1 0 0 0 0 0 0 0 0]	[0 1 0 0 1 0]	[1 0 0 0 0 0]	[6]	[0 0 0 0 1 0 0 1 1]	[1 0 0 0 0 0 0 1 0]	[0 1 0 1 1 0]	[0 0 0 0 0 0]	[8]
44	0.45466047525405884	4.319260597229004	2.1189420223236084	2.0733160972595215	0.0950067862868309	0.03199591860175133	False	[0 0 0 0 1 0 0 1 1]	[1 0 0 0 0 0 0 1 0]	[0 1 0 1 1 0]	[0 0 0 0 0 0]	[8]	[0 0 0 0 1 1 0 1 1]	[1 0 0 0 0 1 0 1 0]	[1 1 0 1 1 0]	[1 0 0 0 0 0]	[8]
44	0.5455695986747742	4.340489864349365	2.0746192932128906	2.117405652999878	0.07852490991353989	0.06993953883647919	False	[0 0 0 0 1 1 0 1 1]	[1 0 0 0 0 1 0 1 0]	[1 1 0 1 1 0]	[1 0 0 0 0 0]	[8]	[0 0 0 0 1 0 0 1 1]	[1 0 0 0 0 1 0 0 0]	[0 1 0 1 1 0]	[0 0 0 0 0 0]	[8]
44	0.400115042924881	4.378389835357666	2.076925039291382	2.11807918548584	0.11441151052713394	0.0689740777015686	False	[0 0 0 0 1 0 0 1 1]	[1 0 0 0 0 1 0 0 0]	[0 1 0 1 1 0]	[0 0 0 0 0 0]	[8]	[0 0 0 0 1 1 0 1 1]	[1 0 0 0 0 1 0 1 0]	[1 1 0 1 1 0]	[1 0 0 0 0 0]	[8]
44	0.5273877382278442	4.40694522857666	2.07245135307312	2.112086534500122	0.15019230544567108	0.07221531122922897	False	[0 0 0 0 1 1 0 1 1]	[1 0 0 0 0 1 0 1 0]	[1 1 0 1 1 0]	[1 0 0 0 0 0]	[8]	[0 0 0 0 1 0 0 1 1]	[1 0 0 0 0 1 0 0 0]	[0 1 0 1 1 0]	[0 0 0 0 0 0]	[8]
44	0.39724022150039673	4.374091148376465	2.070218563079834	2.1185600757598877	0.11623569577932358	0.06907650828361511	False	[0 0 0 0 1 0 0 1 1]	[1 0 0 0 0 1 0 0 0]	[0 1 0 1 1 0]	[0 0 0 0 0 0]	[8]	[0 0 0 0 1 1 0 1 1]	[1 0 0 0 0 1 0 1 0]	[1 1 0 1 1 0]	[1 0 0 0 0 0]	[8]
44	0.5001150369644165	4.362464427947998	2.0780813694000244	2.116291046142578	0.09457450360059738	0.07351773977279663	False	[0 0 0 0 1 1 0 1 1]	[1 0 0 0 0 1 0 1 0]	[1 1 0 1 1 0]	[1 0 0 0 0 0]	[8]	[0 0 0 0 1 0 0 1 1]	[0 0 0 0 0 1 0 1 0]	[0 1 0 1 1 0]	[0 0 0 0 0 0]	[8]
44	0.451785683631897	4.343244552612305	2.0760371685028076	2.1108908653259277	0.08076222985982895	0.075554259121418	False	[0 0 0 0 1 0 0 1 1]	[0 0 0 0 0 1 0 1 0]	[0 1 0 1 1 0]	[0 0 0 0 0 0]	[8]	[0 0 0 0 1 1 0 1 1]	[1 0 0 0 0 1 0 1 0]	[1 1 0 1 1 0]	[1 0 0 0 0 0]	[8]
44	0.5154220461845398	4.405963897705078	2.0825774669647217	2.1150219440460205	0.12788823246955872	0.08047625422477722	False	[0 0 0 0 1 1 0 1 1]	[1 0 0 0 0 1 0 1 0]	[1 1 0 1 1 0]	[1 0 0 0 0 0]	[8]	[0 0 0 0 1 0 0 1 1]	[1 0 0 0 0 1 0 0 0]	[0 1 0 1 1 0]	[0 0 0 0 0 0]	[8]
44	0.46709272265434265	4.393277645111084	2.073716640472412	2.1126255989074707	0.12642836570739746	0.08050672709941864	False	[0 0 0 0 1 0 0 1 1]	[1 0 0 0 0 1 0 0 0]	[0 1 0 1 1 0]	[0 0 0 0 0 0]	[8]	[0 0 0 0 1 1 0 1 1]	[1 0 0 0 0 1 0 1 0]	[1 1 0 1 1 0]	[1 0 0 0 0 0]	[8]
44	0.5273877382278442	4.355850696563721	2.0767099857330322	2.1115450859069824	0.08472567796707153	0.08286944031715393	False	[0 0 0 0 1 1 0 1 1]	[1 0 0 0 0 1 0 1 0]	[1 1 0 1 1 0]	[1 0 0 0 0 0]	[8]	[0 0 0 0 1 0 0 1 1]	[1 0 0 0 0 1 0 0 0]	[0 1 0 1 1 0]	[0 0 0 0 0 0]	[8]
44	0.4728423058986664	4.380748271942139	2.0756373405456543	2.109510660171509	0.10937643051147461	0.08622364699840546	False	[0 0 0 0 1 0 0 1 1]	[1 0 0 0 0 1 0 0 0]	[0 1 0 1 1 0]	[0 0 0 0 0 0]	[8]	[0 0 0 0 1 1 0 1 1]	[1 0 0 0 0 1 0 1 0]	[1 1 0 1 1 0]	[1 0 0 0 0 0]	[8]
44	0.5517857074737549	4.321869850158691	2.0739853382110596	2.1208510398864746	0.06020868569612503	0.06682427227497101	False	[0 0 0 0 1 1 0 1 1]	[1 0 0 0 0 1 0 1 0]	[1 1 0 1 1 0]	[1 0 0 0 0 0]	[8]	[0 0 0 0 1 0 0 1 1]	[1 0 0 0 0 1 0 0 0]	[0 1 0 1 1 0]	[0 0 0 0 0 0]	[8]
44	0.44556957483291626	4.395810604095459	2.0672523975372314	2.116791248321533	0.12778590619564056	0.08398081362247467	False	[0 0 0 0 1 0 0 1 1]	[1 0 0 0 0 1 0 0 0]	[0 1 0 1 1 0]	[0 0 0 0 0 0]	[8]	[0 0 0 0 1 1 0 1 1]	[1 0 0 0 0 1 0 1 0]	[1 1 0 1 1 0]	[1 0 0 0 0 0]	[8]
44	0.4910241365432739	4.408773899078369	2.077995538711548	2.103675127029419	0.13692620396614075	0.09017715603113174	False	[0 0 0 0 1 1 0 1 1]	[1 0 0 0 0 1 0 1 0]	[1 1 0 1 1 0]	[1 0 0 0 0 0]	[8]	[0 0 0 0 1 0 0 1 1]	[1 0 0 0 0 1 0 0 0]	[0 1 0 1 1 0]	[0 0 0 0 0 0]	[8]
44	0.42451295256614685	4.369865894317627	2.082698345184326	2.1153242588043213	0.09322180598974228	0.07862140983343124	False	[0 0 0 0 1 0 0 1 1]	[1 0 0 0 0 1 0 0 0]	[0 1 0 1 1 0]	[0 0 0 0 0 0]	[8]	[0 0 0 0 1 1 0 1 1]	[1 0 0 0 0 1 0 1 0]	[1 1 0 1 1 0]	[1 0 0 0 0 0]	[8]
44	0.5001150369644165	4.355788707733154	2.0721428394317627	2.1138923168182373	0.09150674939155579	0.07824639976024628	False	[0 0 0 0 1 1 0 1 1]	[1 0 0 0 0 1 0 1 0]	[1 1 0 1 1 0]	[1 0 0 0 0 0]	[8]	[0 0 0 0 1 0 0 1 1]	[1 0 0 0 0 1 0 0 0]	[0 1 0 1 1 0]	[0 0 0 0 0 0]	[8]
44	0.38814932107925415	4.356025695800781	2.0701394081115723	2.117051839828491	0.09667196869850159	0.07216283679008484	False	[0 0 0 0 1 0 0 1 1]	[1 0 0 0 0 1 0 0 0]	[0 1 0 1 1 0]	[0 0 0 0 0 0]	[8]	[0 0 0 0 1 1 0 1 1]	[1 0 0 0 0 1 0 1 0]	[1 1 0 1 1 0]	[1 0 0 0 0 0]	[8]
44	0.4910241365432739	4.3509111404418945	2.0724287033081055	2.115166187286377	0.08783447742462158	0.07548169791698456	False	[0 0 0 0 1 1 0 1 1]	[1 0 0 0 0 1 0 1 0]	[1 1 0 1 1 0]	[1 0 0 0 0 0]	[8]	[0 0 0 0 1 0 0 1 1]	[1 0 0 0 0 1 0 0 0]	[0 1 0 1 1 0]	[0 0 0 0 0 0]	[8]
44	0.46905842423439026	4.407386302947998	2.082829713821411	2.113816738128662	0.11867520213127136	0.09206416457891464	False	[0 0 0 0 1 0 0 1 1]	[1 0 0 0 0 1 0 0 0]	[0 1 0 1 1 0]	[0 0 0 0 0 0]	[8]	[0 0 0 0 1 1 0 1 1]	[1 0 0 0 0 1 0 1 0]	[1 1 0 1 1 0]	[1 0 0 0 0 0]	[8]
44	0.4637514054775238	4.412940979003906	2.0721981525421143	2.112088441848755	0.12533558905124664	0.10331890732049942	False	[0 0 0 0 1 1 0 1 1]	[1 0 0 0 0 1 0 1 0]	[1 1 0 1 1 0]	[1 0 0 0 0 0]	[8]	[0 0 0 0 1 0 0 1 1]	[1 0 0 0 0 1 0 0 0]	[0 1 0 1 1 0]	[0 0 0 0 0 0]	[8]
44	0.4699675142765045	4.369668483734131	2.079843282699585	2.1188366413116455	0.09409992396831512	0.07688869535923004	False	[0 0 0 0 1 0 0 1 1]	[1 0 0 0 0 1 0 0 0]	[0 1 0 1 1 0]	[0 0 0 0 0 0]	[8]	[0 0 0 0 1 1 0 1 1]	[1 0 0 0 0 1 0 1 0]	[1 1 0 1 1 0]	[1 0 0 0 0 0]	[8]
44	0.5092059373855591	4.359549522399902	2.079829692840576	2.121472120285034	0.08644770085811615	0.0718003660440445	False	[0 0 0 0 1 1 0 1 1]	[1 0 0 0 0 1 0 1 0]	[1 1 0 1 1 0]	[1 0 0 0 0 0]	[8]	[0 0 0 0 1 0 0 1 1]	[1 0 0 0 0 1 0 0 0]	[0 1 0 1 1 0]	[0 0 0 0 0 0]	[8]
44	0.4364786744117737	4.353728294372559	2.078695774078369	2.1144933700561523	0.08531537652015686	0.07522395253181458	False	[0 0 0 0 1 0 0 1 1]	[1 0 0 0 0 1 0 0 0]	[0 1 0 1 1 0]	[0 0 0 0 0 0]	[8]	[0 0 0 0 1 1 0 1 1]	[1 0 0 0 0 1 0 1 0]	[1 1 0 1 1 0]	[1 0 0 0 0 0]	[8]
44	0.5154220461845398	4.390864372253418	2.068372964859009	2.1180849075317383	0.1350388526916504	0.06936776638031006	False	[0 0 0 0 1 1 0 1 1]	[1 0 0 0 0 1 0 1 0]	[1 1 0 1 1 0]	[1 0 0 0 0 0]	[8]	[0 0 0 0 1 0 0 1 1]	[1 0 0 0 0 1 0 0 0]	[0 1 0 1 1 0]	[0 0 0 0 0 0]	[8]
44	0.4063311517238617	4.368001937866211	2.072535276412964	2.1124932765960693	0.10689075291156769	0.07608263194561005	False	[0 0 0 0 1 0 0 1 1]	[1 0 0 0 0 1 0 0 0]	[0 1 0 1 1 0]	[0 0 0 0 0 0]	[8]	[0 0 0 0 1 1 0 1 1]	[1 0 0 0 0 1 0 1 0]	[1 1 0 1 1 0]	[1 0 0 0 0 0]	[8]
44	0.5273877382278442	4.359373569488525	2.067643880844116	2.117640972137451	0.1172318160533905	0.05685702711343765	False	[0 0 0 0 1 1 0 1 1]	[1 0 0 0 0 1 0 1 0]	[1 1 0 1 1 0]	[1 0 0 0 0 0]	[8]	[0 0 0 0 1 0 0 1 1]	[1 0 0 0 0 1 0 0 0]	[0 1 0 1 1 0]	[0 0 0 0 0 0]	[8]
44	0.4426947832107544	4.341516017913818	2.074012279510498	2.118708372116089	0.08072561770677567	0.06806997954845428	False	[0 0 0 0 1 0 0 1 1]	[1 0 0 0 0 1 0 0 0]	[0 1 0 1 1 0]	[0 0 0 0 0 0]	[8]	[0 0 0 0 1 1 0 1 1]	[1 0 0 0 0 1 0 1 0]	[1 1 0 1 1 0]	[1 0 0 0 0 0]	[8]
45	-0.75	6.6355085372924805	2.0563933849334717	2.1056928634643555	1.7358627319335938	0.73755943775177	False	[0 0 0 1 0 0 0 0 0]	[0 1 0 0 0 0 1 0 0]	[0 0 0 0 1 0]	[0 0 1 0 1 0]	[4]	[0 0 0 1 0 0 0 0 1]	[1 1 0 0 0 0 1 0 0]	[0 1 0 0 1 0]	[0 0 0 0 1 0]	[2]
45	-0.5	6.272078514099121	2.092268943786621	1.975721001625061	0.9756890535354614	1.2283997535705566	False	[0 0 0 1 0 0 0 0 1]	[1 1 0 0 0 0 1 0 0]	[0 1 0 0 1 0]	[0 0 0 0 1 0]	[2]	[0 1 0 1 0 0 0 0 1]	[0 1 0 0 0 0 1 0 0]	[0 1 0 1 1 0]	[0 0 1 0 1 0]	[4]
45	-0.5	6.022220134735107	2.073697328567505	2.143770456314087	0.687294602394104	1.1174578666687012	False	[0 1 0 1 0 0 0 0 1]	[0 1 0 0 0 0 1 0 0]	[0 1 0 1 1 0]	[0 0 1 0 1 0]	[4]	[0 1 1 1 0 0 0 0 1]	[1 1 0 0 0 0 1 0 0]	[1 1 0 1 1 0]	[0 0 0 0 1 0]	[4]
45	-0.5	5.940051555633545	2.0893330574035645	2.1330156326293945	0.6193027496337891	1.0984001159667969	False	[0 1 1 1 0 0 0 0 1]	[1 1 0 0 0 0 1 0 0]	[1 1 0 1 1 0]	[0 0 0 0 1 0]	[4]	[0 1 0 1 0 0 0 0 1]	[0 1 0 0 0 0 1 0 0]	[0 1 0 1 1 0]	[0 0 1 0 1 0]	[4]
45	-0.5	6.000341415405273	2.07979416847229	2.149784564971924	0.5432177782058716	1.2275447845458984	False	[0 1 0 1 0 0 0 0 1]	[0 1 0 0 0 0 1 0 0]	[0 1 0 1 1 0]	[0 0 1 0 1 0]	[4]	[0 1 1 1 0 0 0 0 1]	[1 1 0 0 0 0 1 0 0]	[1 1 0 1 1 0]	[0 0 0 0 1 0]	[4]
45	-0.5	6.006729602813721	2.0910980701446533	2.11885404586792	0.7051942348480225	1.0915828943252563	False	[0 1 1 1 0 0 0 0 1]	[1 1 0 0 0 0 1 0 0]	[1 1 0 1 1 0]	[0 0 0 0 1 0]	[4]	[0 1 0 1 0 0 0 0 1]	[0 1 0 0 0 0 1 0 0]	[0 1 0 1 1 0]	[0 0 1 0 1 0]	[4]
45	-0.5	5.984986305236816	2.073986291885376	2.140997886657715	0.7135874629020691	1.05641508102417	False	[0 1 0 1 0 0 0 0 1]	[0 1 0 0 0 0 1 0 0]	[0 1 0 1 1 0]	[0 0 1 0 1 0]	[4]	[0 1 1 1 0 0 0 0 1]	[1 1 0 0 0 0 1 0 0]	[1 1 0 1 1 0]	[0 0 0 0 1 0]	[4]
45	-0.5	6.013980388641357	2.089296579360962	2.1383919715881348	0.5767686367034912	1.2095227241516113	False	[0 1 1 1 0 0 0 0 1]	[1 1 0 0 0 0 1 0 0]	[1 1 0 1 1 0]	[0 0 0 0 1 0]	[4]	[0 1 0 1 0 0 0 0 1]	[0 1 0 0 0 0 1 0 0]	[0 1 0 1 1 0]	[0 0 1 0 1 0]	[4]
45	-0.5	5.997076034545898	2.0744423866271973	2.1431469917297363	0.6438383460044861	1.1356480121612549	False	[0 1 0 1 0 0 0 0 1]	[0 1 0 0 0 0 1 0 0]	[0 1 0 1 1 0]	[0 0 1 0 1 0]	[4]	[0 1 1 1 0 0 0 0 1]	[1 1 0 0 0 0 1 0 0]	[1 1 0 1 1 0]	[0 0 0 0 1 0]	[4]
45	-0.5	6.020172119140625	2.0793306827545166	2.1404316425323486	0.5959769487380981	1.2044332027435303	False	[0 1 1 1 0 0 0 0 1]	[1 1 0 0 0 0 1 0 0]	[1 1 0 1 1 0]	[0 0 0 0 1 0]	[4]	[0 1 0 1 0 0 0 0 1]	[0 1 0 0 0 0 1 0 0]	[0 1 0 1 1 0]	[0 0 1 0 1 0]	[4]
45	-0.5	6.061393737792969	2.0572245121002197	2.1468756198883057	0.8388936519622803	1.0184001922607422	False	[0 1 0 1 0 0 0 0 1]	[0 1 0 0 0 0 1 0 0]	[0 1 0 1 1 0]	[0 0 1 0 1 0]	[4]	[0 1 1 1 0 0 0 0 1]	[1 1 0 0 0 0 1 0 0]	[1 1 0 1 1 0]	[0 0 0 0 1 0]	[4]
45	-0.5	6.1756815910339355	2.0906620025634766	2.138590097427368	0.6735780239105225	1.2728513479232788	False	[0 1 1 1 0 0 0 0 1]	[1 1 0 0 0 0 1 0 0]	[1 1 0 1 1 0]	[0 0 0 0 1 0]	[4]	[0 1 0 1 0 0 0 0 1]	[0 1 0 0 0 0 1 0 0]	[0 1 0 1 1 0]	[0 0 1 0 1 0]	[4]
45	-0.5	6.014165878295898	2.060340404510498	2.152169942855835	0.6924070119857788	1.1092488765716553	False	[0 1 0 1 0 0 0 0 1]	[0 1 0 0 0 0 1 0 0]	[0 1 0 1 1 0]	[0 0 1 0 1 0]	[4]	[0 1 1 1 0 0 0 0 1]	[1 1 0 0 0 0 1 0 0]	[1 1 0 1 1 0]	[0 0 0 0 1 0]	[4]
45	-0.5	6.118364334106445	2.0758657455444336	2.145418643951416	0.6600328683853149	1.2370471954345703	False	[0 1 1 1 0 0 0 0 1]	[1 1 0 0 0 0 1 0 0]	[1 1 0 1 1 0]	[0 0 0 0 1 0]	[4]	[0 1 0 1 0 0 0 0 1]	[0 1 0 0 0 0 1 0 0]	[0 1 0 1 1 0]	[0 0 1 0 1 0]	[4]
45	-0.5	6.002841949462891	2.0580527782440186	2.14477276802063	0.7991181015968323	1.0008985996246338	False	[0 1 0 1 0 0 0 0 1]	[0 1 0 0 0 0 1 0 0]	[0 1 0 1 1 0]	[0 0 1 0 1 0]	[4]	[0 1 1 1 0 0 0 0 1]	[1 1 0 0 0 0 1 0 0]	[1 1 0 1 1 0]	[0 0 0 0 1 0]	[4]
45	-0.5	5.981090068817139	2.0868453979492188	2.14207124710083	0.5347658395767212	1.2174077033996582	False	[0 1 1 1 0 0 0 0 1]	[1 1 0 0 0 0 1 0 0]	[1 1 0 1 1 0]	[0 0 0 0 1 0]	[4]	[0 1 0 1 0 0 0 0 1]	[0 1 0 0 0 0 1 0 0]	[0 1 0 1 1 0]	[0 0 1 0 1 0]	[4]
45	-0.5	5.987856864929199	2.071143627166748	2.142312526702881	0.7003348469734192	1.0740654468536377	False	[0 1 0 1 0 0 0 0 1]	[0 1 0 0 0 0 1 0 0]	[0 1 0 1 1 0]	[0 0 1 0 1 0]	[4]	[0 1 1 1 0 0 0 0 1]	[1 1 0 0 0 0 1 0 0]	[1 1 0 1 1 0]	[0 0 0 0 1 0]	[4]
45	-0.5	5.958248615264893	2.086421489715576	2.1372010707855225	0.6172442436218262	1.1173819303512573	False	[0 1 1 1 0 0 0 0 1]	[1 1 0 0 0 0 1 0 0]	[1 1 0 1 1 0]	[0 0 0 0 1 0]	[4]	[0 1 0 1 0 0 0 0 1]	[0 1 0 0 0 0 1 0 0]	[0 1 0 1 1 0]	[0 0 1 0 1 0]	[4]
45	-0.5	5.977370262145996	2.055962085723877	2.1442291736602783	0.740443229675293	1.0367354154586792	False	[0 1 0 1 0 0 0 0 1]	[0 1 0 0 0 0 1 0 0]	[0 1 0 1 1 0]	[0 0 1 0 1 0]	[4]	[0 1 1 1 0 0 0 0 1]	[1 1 0 0 0 0 1 0 0]	[1 1 0 1 1 0]	[0 0 0 0 1 0]	[4]
45	-0.5	5.9540557861328125	2.1036932468414307	2.13227915763855	0.5383434295654297	1.179740071296692	False	[0 1 1 1 0 0 0 0 1]	[1 1 0 0 0 0 1 0 0]	[1 1 0 1 1 0]	[0 0 0 0 1 0]	[4]	[0 1 0 1 0 0 0 0 1]	[0 1 0 0 0 0 1 0 0]	[0 1 0 1 1 0]	[0 0 1 0 1 0]	[4]
45	-0.5	5.919942855834961	2.0688438415527344	2.1457161903381348	0.5795130133628845	1.125869870185852	False	[0 1 0 1 0 0 0 0 1]	[0 1 0 0 0 0 1 0 0]	[0 1 0 1 1 0]	[0 0 1 0 1 0]	[4]	[0 1 1 1 0 0 0 0 1]	[1 1 0 0 0 0 1 0 0]	[1 1 0 1 1 0]	[0 0 0 0 1 0]	[4]
45	-0.5	6.1027069091796875	2.0884690284729004	2.1344780921936035	0.6788472533226013	1.2009124755859375	False	[0 1 1 1 0 0 0 0 1]	[1 1 0 0 0 0 1 0 0]	[1 1 0 1 1 0]	[0 0 0 0 1 0]	[4]	[0 1 0 1 0 0 0 0 1]	[0 1 0 0 0 0 1 0 0]	[0 1 0 1 1 0]	[0 0 1 0 1 0]	[4]
45	-0.5	5.999364852905273	2.0719711780548096	2.1453309059143066	0.6770914793014526	1.1049708127975464	False	[0 1 0 1 0 0 0 0 1]	[0 1 0 0 0 0 1 0 0]	[0 1 0 1 1 0]	[0 0 1 0 1 0]	[4]	[0 1 1 1 0 0 0 0 1]	[1 1 0 0 0 0 1 0 0]	[1 1 0 1 1 0]	[0 0 0 0 1 0]	[4]
45	-0.5	6.014374732971191	2.0756657123565674	2.13161301612854	0.7204954624176025	1.0866000652313232	False	[0 1 1 1 0 0 0 0 1]	[1 1 0 0 0 0 1 0 0]	[1 1 0 1 1 0]	[0 0 0 0 1 0]	[4]	[0 1 0 1 0 0 0 0 1]	[0 1 0 0 0 0 1 0 0]	[0 1 0 1 1 0]	[0 0 1 0 1 0]	[4]
45	-0.5	5.999994277954102	2.064359188079834	2.1464786529541016	0.6774744987487793	1.1116818189620972	False	[0 1 0 1 0 0 0 0 1]	[0 1 0 0 0 0 1 0 0]	[0 1 0 1 1 0]	[0 0 1 0 1 0]	[4]	[0 1 1 1 0 0 0 0 1]	[1 1 0 0 0 0 1 0 0]	[1 1 0 1 1 0]	[0 0 0 0 1 0]	[4]
45	-0.5	6.008909702301025	2.0798864364624023	2.1262130737304688	0.6590141654014587	1.1437959671020508	False	[0 1 1 1 0 0 0 0 1]	[1 1 0 0 0 0 1 0 0]	[1 1 0 1 1 0]	[0 0 0 0 1 0]	[4]	[0 1 0 1 0 0 0 0 1]	[0 1 0 0 0 0 1 0 0]	[0 1 0 1 1 0]	[0 0 1 0 1 0]	[4]
45	-0.5	6.082480430603027	2.081749200820923	2.1452674865722656	0.6771644353866577	1.1782996654510498	False	[0 1 0 1 0 0 0 0 1]	[0 1 0 0 0 0 1 0 0]	[0 1 0 1 1 0]	[0 0 1 0 1 0]	[4]	[0 1 1 1 0 0 0 0 1]	[1 1 0 0 0 0 1 0 0]	[1 1 0 1 1 0]	[0 0 0 0 1 0]	[4]
45	-0.5	6.003241062164307	2.0769526958465576	2.13120698928833	0.6357786655426025	1.1593031883239746	False	[0 1 1 1 0 0 0 0 1]	[1 1 0 0 0 0 1 0 0]	[1 1 0 1 1 0]	[0 0 0 0 1 0]	[4]	[0 1 0 1 0 0 0 0 1]	[0 1 0 0 0 0 1 0 0]	[0 1 0 1 1 0]	[0 0 1 0 1 0]	[4]
45	-0.5	6.011465072631836	2.0740537643432617	2.1447699069976807	0.6557811498641968	1.1368603706359863	False	[0 1 0 1 0 0 0 0 1]	[0 1 0 0 0 0 1 0 0]	[0 1 0 1 1 0]	[0 0 1 0 1 0]	[4]	[0 1 1 1 0 0 0 0 1]	[1 1 0 0 0 0 1 0 0]	[1 1 0 1 1 0]	[0 0 0 0 1 0]	[4]
45	-0.5	6.0344977378845215	2.089271068572998	2.1308374404907227	0.6431171894073486	1.1712716817855835	False	[0 1 1 1 0 0 0 0 1]	[1 1 0 0 0 0 1 0 0]	[1 1 0 1 1 0]	[0 0 0 0 1 0]	[4]	[0 1 0 1 0 0 0 0 1]	[0 1 0 0 0 0 1 0 0]	[0 1 0 1 1 0]	[0 0 1 0 1 0]	[4]
46	-1.0	4.606680870056152	1.233039140701294	2.07625150680542	1.0659767389297485	0.2314133495092392	False	[0 0 0 0 0 0 0 1 1]	[0 0 0 0 0 0 1 0 0]	[0 0 0 0 0 0]	[0 0 0 0 0 0]	[0]	[0 0 0 0 0 0 0 1 1]	[0 1 0 0 0 0 1 0 0]	[0 1 0 0 0 0]	[0 0 0 0 0 0]	[0]
46	-1.0	5.758667945861816	1.8625352382659912	1.9234156608581543	1.116843342781067	0.8558734059333801	False	[0 0 0 0 0 0 0 1 1]	[0 1 0 0 0 0 1 0 0]	[0 1 0 0 0 0]	[0 0 0 0 0 0]	[0]	[0 0 0 0 0 0 0 1 1]	[0 1 0 0 0 0 0 0 0]	[0 1 0 0 1 0]	[0 0 0 0 0 0]	[0]
46	0.4910241365432739	5.208418846130371	2.122201681137085	1.8033925294876099	0.7065885663032532	0.5762358903884888	False	[0 0 0 0 0 0 0 1 1]	[0 1 0 0 0 0 0 0 0]	[0 1 0 0 1 0]	[0 0 0 0 0 0]	[0]	[0 0 0 0 1 0 0 1 1]	[1 1 0 0 0 0 0 0 0]	[0 1 0 1 1 0]	[0 0 0 0 0 0]	[8]
46	0.41829684376716614	4.630107402801514	2.153635263442993	2.1008589267730713	0.28041893243789673	0.09519442915916443	False	[0 0 0 0 1 0 0 1 1]	[1 1 0 0 0 0 0 0 0]	[0 1 0 1 1 0]	[0 0 0 0 0 0]	[8]	[0 1 0 0 1 0 0 1 1]	[0 1 0 0 0 0 0 0 0]	[1 1 0 1 1 0]	[1 0 0 0 0 0]	[8]
46	0.5001150369644165	4.536618232727051	2.148512363433838	2.1025784015655518	0.18265089392662048	0.10287614166736603	False	[0 1 0 0 1 0 0 1 1]	[0 1 0 0 0 0 0 0 0]	[1 1 0 1 1 0]	[1 0 0 0 0 0]	[8]	[0 0 0 0 1 0 0 1 1]	[1 1 0 0 0 0 0 0 0]	[0 1 0 1 1 0]	[0 0 0 0 0 0]	[8]
46	0.4426947832107544	4.58694314956665	2.154613733291626	2.104310989379883	0.23464912176132202	0.0933694988489151	False	[0 0 0 0 1 0 0 1 1]	[1 1 0 0 0 0 0 0 0]	[0 1 0 1 1 0]	[0 0 0 0 0 0]	[8]	[0 1 0 0 1 0 0 1 1]	[0 1 0 0 0 0 0 0 0]	[1 1 0 1 1 0]	[1 0 0 0 0 0]	[8]
46	0.45466047525405884	4.576424598693848	2.152865171432495	2.105417013168335	0.2149418741464615	0.10320024192333221	False	[0 1 0 0 1 0 0 1 1]	[0 1 0 0 0 0 0 0 0]	[1 1 0 1 1 0]	[1 0 0 0 0 0]	[8]	[0 0 0 0 1 0 0 1 1]	[1 1 0 0 0 0 0 0 0]	[0 1 0 1 1 0]	[0 0 0 0 0 0]	[8]
46	0.41451296210289	4.659885406494141	2.1528775691986084	2.1018736362457275	0.29626816511154175	0.10886619240045547	False	[0 0 0 0 1 0 0 1 1]	[1 1 0 0 0 0 0 0 0]	[0 1 0 1 1 0]	[0 0 0 0 0 0]	[8]	[0 1 0 0 1 0 0 1 1]	[0 1 0 0 0 0 0 0 0]	[1 1 0 1 1 0]	[1 0 0 0 0 0]	[8]
46	0.5001150369644165	4.602788925170898	2.1493163108825684	2.102235794067383	0.2546178996562958	0.09661909937858582	False	[0 1 0 0 1 0 0 1 1]	[0 1 0 0 0 0 0 0 0]	[1 1 0 1 1 0]	[1 0 0 0 0 0]	[8]	[0 0 0 0 1 0 0 1 1]	[1 1 0 0 0 0 0 0 0]	[0 1 0 1 1 0]	[0 0 0 0 0 0]	[8]
46	0.40920594334602356	4.626562595367432	2.1485586166381836	2.0843000411987305	0.28189927339553833	0.1118045225739479	False	[0 0 0 0 1 0 0 1 1]	[1 1 0 0 0 0 0 0 0]	[0 1 0 1 1 0]	[0 0 0 0 0 0]	[8]	[0 1 0 0 1 0 0 1 1]	[0 1 0 0 0 0 0 0 0]	[1 1 0 1 1 0]	[1 0 0 0 0 0]	[8]
46	0.5182968378067017	4.559464931488037	2.1489858627319336	2.0983452796936035	0.19580303132534027	0.11633051186800003	False	[0 1 0 0 1 0 0 1 1]	[0 1 0 0 0 0 0 0 0]	[1 1 0 1 1 0]	[1 0 0 0 0 0]	[8]	[0 0 0 0 1 0 0 1 1]	[1 1 0 0 0 0 0 0 0]	[0 1 0 1 1 0]	[0 0 0 0 0 0]	[8]
46	0.43072906136512756	4.639971733093262	2.149369239807129	2.1004891395568848	0.3000022768974304	0.09011103212833405	False	[0 0 0 0 1 0 0 1 1]	[1 1 0 0 0 0 0 0 0]	[0 1 0 1 1 0]	[0 0 0 0 0 0]	[8]	[0 1 0 0 1 0 0 1 1]	[0 1 0 0 0 0 0 0 0]	[1 1 0 1 1 0]	[1 0 0 0 0 0]	[8]
46	0.4728423058986664	4.6334919929504395	2.148507833480835	2.096796751022339	0.28298071026802063	0.10520648211240768	False	[0 1 0 0 1 0 0 1 1]	[0 1 0 0 0 0 0 0 0]	[1 1 0 1 1 0]	[1 0 0 0 0 0]	[8]	[0 0 0 0 1 0 0 1 1]	[1 1 0 0 0 0 0 0 0]	[0 1 0 1 1 0]	[0 0 0 0 0 0]	[8]
46	0.4336038827896118	4.572976589202881	2.151970624923706	2.1063053607940674	0.2145448625087738	0.10015592724084854	False	[0 0 0 0 1 0 0 1 1]	[1 1 0 0 0 0 0 0 0]	[0 1 0 1 1 0]	[0 0 0 0 0 0]	[8]	[0 1 0 0 1 0 0 1 1]	[0 1 0 0 0 0 0 0 0]	[1 1 0 1 1 0]	[1 0 0 0 0 0]	[8]
46	0.5182968378067017	4.614185810089111	2.1481101512908936	2.0964515209198	0.27834293246269226	0.09128159284591675	False	[0 1 0 0 1 0 0 1 1]	[0 1 0 0 0 0 0 0 0]	[1 1 0 1 1 0]	[1 0 0 0 0 0]	[8]	[0 0 0 0 1 0 0 1 1]	[1 1 0 0 0 0 0 0 0]	[0 1 0 1 1 0]	[0 0 0 0 0 0]	[8]
46	0.4580017924308777	4.5252604484558105	2.1561715602874756	2.1043906211853027	0.16343927383422852	0.10125912725925446	False	[0 0 0 0 1 0 0 1 1]	[1 1 0 0 0 0 0 0 0]	[0 1 0 1 1 0]	[0 0 0 0 0 0]	[8]	[0 1 0 0 1 0 0 1 1]	[0 1 0 0 0 0 0 0 0]	[1 1 0 1 1 0]	[1 0 0 0 0 0]	[8]
46	0.49724024534225464	4.726378440856934	2.1475555896759033	2.0886332988739014	0.3684084415435791	0.12178145349025726	False	[0 1 0 0 1 0 0 1 1]	[0 1 0 0 0 0 0 0 0]	[1 1 0 1 1 0]	[1 0 0 0 0 0]	[8]	[0 0 0 0 1 0 0 1 1]	[1 1 0 0 0 0 0 0 0]	[0 1 0 1 1 0]	[0 0 0 0 0 0]	[8]
46	0.48193320631980896	4.549062252044678	2.151522636413574	2.102376937866211	0.1908056139945984	0.1043572723865509	False	[0 0 0 0 1 0 0 1 1]	[1 1 0 0 0 0 0 0 0]	[0 1 0 1 1 0]	[0 0 0 0 0 0]	[8]	[0 1 0 0 1 0 0 1 1]	[0 1 0 0 0 0 0 0 0]	[1 1 0 1 1 0]	[1 0 0 0 0 0]	[8]
46	0.5154220461845398	4.61263370513916	2.1526131629943848	2.098949432373047	0.23365989327430725	0.1274111568927765	False	[0 1 0 0 1 0 0 1 1]	[0 1 0 0 0 0 0 0 0]	[1 1 0 1 1 0]	[1 0 0 0 0 0]	[8]	[0 0 0 0 1 0 0 1 1]	[1 1 0 0 0 0 0 0 0]	[0 1 0 1 1 0]	[0 0 0 0 0 0]	[8]
46	0.5001150369644165	4.546104431152344	2.1504414081573486	2.098557233810425	0.18752676248550415	0.1095791608095169	False	[0 0 0 0 1 0 0 1 1]	[1 1 0 0 0 0 0 0 0]	[0 1 0 1 1 0]	[0 0 0 0 0 0]	[8]	[0 1 0 0 1 0 0 1 1]	[0 1 0 0 0 0 0 0 0]	[1 1 0 1 1 0]	[1 0 0 0 0 0]	[8]
46	0.5092059373855591	4.558413982391357	2.14665150642395	2.0936119556427	0.22547003626823425	0.09268060326576233	False	[0 1 0 0 1 0 0 1 1]	[0 1 0 0 0 0 0 0 0]	[1 1 0 1 1 0]	[1 0 0 0 0 0]	[8]	[0 0 0 0 1 0 0 1 1]	[1 1 0 0 0 0 0 0 0]	[0 1 0 1 1 0]	[0 0 0 0 0 0]	[8]
46	0.3661836087703705	4.801661491394043	2.149563789367676	2.0957133769989014	0.4574786126613617	0.09890575706958771	False	[0 0 0 0 1 0 0 1 1]	[1 1 0 0 0 0 0 0 0]	[0 1 0 1 1 0]	[0 0 0 0 0 0]	[8]	[0 1 0 0 1 0 0 1 1]	[0 1 0 0 0 0 0 0 0]	[1 1 0 1 1 0]	[1 0 0 0 0 0]	[8]
46	0.5608766078948975	4.550763130187988	2.1520605087280273	2.1048126220703125	0.18467436730861664	0.10921553522348404	False	[0 1 0 0 1 0 0 1 1]	[0 1 0 0 0 0 0 0 0]	[1 1 0 1 1 0]	[1 0 0 0 0 0]	[8]	[0 0 0 0 1 0 0 1 1]	[1 1 0 0 0 0 0 0 0]	[0 1 0 1 1 0]	[0 0 0 0 0 0]	[8]
46	0.384365439414978	4.527562141418457	2.1521875858306885	2.0970587730407715	0.17361918091773987	0.104696124792099	False	[0 0 0 0 1 0 0 1 1]	[1 1 0 0 0 0 0 0 0]	[0 1 0 1 1 0]	[0 0 0 0 0 0]	[8]	[0 1 0 0 1 0 0 1 1]	[0 1 0 0 0 0 0 0 0]	[1 1 0 1 1 0]	[1 0 0 0 0 0]	[8]
46	0.5728422999382019	4.652338027954102	2.1530566215515137	2.1013355255126953	0.2825334072113037	0.1154128909111023	False	[0 1 0 0 1 0 0 1 1]	[0 1 0 0 0 0 0 0 0]	[1 1 0 1 1 0]	[1 0 0 0 0 0]	[8]	[0 0 0 0 1 0 0 1 1]	[1 1 0 0 0 0 0 0 0]	[0 1 0 1 1 0]	[0 0 0 0 0 0]	[8]
46	0.3761836290359497	4.643585681915283	2.1473300457000732	2.0904030799865723	0.2996615767478943	0.10619127750396729	False	[0 0 0 0 1 0 0 1 1]	[1 1 0 0 0 0 0 0 0]	[0 1 0 1 1 0]	[0 0 0 0 0 0]	[8]	[0 1 0 0 1 0 0 1 1]	[0 1 0 0 0 0 0 0 0]	[1 1 0 1 1 0]	[1 0 0 0 0 0]	[8]
46	0.5546604990959167	4.604737758636475	2.1496617794036865	2.1032321453094482	0.26537489891052246	0.08646900951862335	False	[0 1 0 0 1 0 0 1 1]	[0 1 0 0 0 0 0 0 0]	[1 1 0 1 1 0]	[1 0 0 0 0 0]	[8]	[0 0 0 0 1 0 0 1 1]	[1 1 0 0 0 0 0 0 0]	[0 1 0 1 1 0]	[0 0 0 0 0 0]	[8]
46	0.4489108920097351	4.646006107330322	2.153261423110962	2.1004180908203125	0.293649286031723	0.09867767989635468	False	[0 0 0 0 1 0 0 1 1]	[1 1 0 0 0 0 0 0 0]	[0 1 0 1 1 0]	[0 0 0 0 0 0]	[8]	[0 1 0 0 1 0 0 1 1]	[0 1 0 0 0 0 0 0 0]	[1 1 0 1 1 0]	[1 0 0 0 0 0]	[8]
46	0.4910241365432739	4.553457736968994	2.149979591369629	2.099247932434082	0.18822619318962097	0.11600421369075775	False	[0 1 0 0 1 0 0 1 1]	[0 1 0 0 0 0 0 0 0]	[1 1 0 1 1 0]	[1 0 0 0 0 0]	[8]	[0 0 0 0 1 0 0 1 1]	[1 1 0 0 0 0 0 0 0]	[0 1 0 1 1 0]	[0 0 0 0 0 0]	[8]
46	0.4154220521450043	4.66052770614624	2.153712749481201	2.1022915840148926	0.309624582529068	0.0948987603187561	False	[0 0 0 0 1 0 0 1 1]	[1 1 0 0 0 0 0 0 0]	[0 1 0 1 1 0]	[0 0 0 0 0 0]	[8]	[0 1 0 0 1 0 0 1 1]	[0 1 0 0 0 0 0 0 0]	[1 1 0 1 1 0]	[1 0 0 0 0 0]	[8]
47	-0.5	6.46225118637085	1.8394906520843506	2.060361385345459	1.710526466369629	0.8518729209899902	False	[0 0 0 0 0 0 0 0 0]	[1 0 0 0 0 0 0 1 1]	[1 0 0 0 1 0]	[0 1 1 1 0 0]	[4]	[0 0 0 0 0 0 0 0 1]	[0 0 0 0 0 0 0 1 1]	[1 0 0 0 0 0]	[0 1 0 1 0 0]	[4]
47	-0.75	6.945794105529785	2.0094456672668457	2.0978586673736572	1.2936824560165405	1.5448068380355835	False	[0 0 0 0 0 0 0 0 1]	[0 0 0 0 0 0 0 1 1]	[1 0 0 0 0 0]	[0 1 0 1 0 0]	[4]	[0 0 0 0 0 0 0 0 0]	[0 1 0 0 0 0 0 1 1]	[1 0 0 0 1 0]	[0 1 0 1 0 1]	[2]
47	-0.5	7.196573734283447	1.963191270828247	2.1068711280822754	1.6549917459487915	1.4715195894241333	False	[0 0 0 0 0 0 0 0 0]	[0 1 0 0 0 0 0 1 1]	[1 0 0 0 1 0]	[0 1 0 1 0 1]	[2]	[0 0 0 0 0 0 0 0 1]	[0 0 0 0 0 0 0 1 1]	[1 0 0 0 0 0]	[0 1 0 1 0 0]	[4]
47	-0.75	6.966293811798096	2.021265983581543	2.1004321575164795	1.2699735164642334	1.574621558189392	False	[0 0 0 0 0 0 0 0 1]	[0 0 0 0 0 0 0 1 1]	[1 0 0 0 0 0]	[0 1 0 1 0 0]	[4]	[0 0 0 0 0 0 0 0 0]	[0 1 0 0 0 0 0 1 1]	[1 0 0 0 1 0]	[0 1 0 1 0 1]	[2]
47	-0.5	7.1975321769714355	2.0050783157348633	2.1146955490112305	1.5342366695404053	1.5435212850570679	False	[0 0 0 0 0 0 0 0 0]	[0 1 0 0 0 0 0 1 1]	[1 0 0 0 1 0]	[0 1 0 1 0 1]	[2]	[0 0 0 0 0 0 0 0 1]	[0 0 0 0 0 0 0 1 1]	[1 0 0 0 0 0]	[0 1 0 1 0 0]	[4]
47	-0.5	6.944300174713135	2.0165209770202637	2.099379062652588	1.3353557586669922	1.4930444955825806	False	[0 0 0 0 0 0 0 0 1]	[0 0 0 0 0 0 0 1 1]	[1 0 0 0 0 0]	[0 1 0 1 0 0]	[4]	[0 0 0 0 0 0 0 0 0]	[0 0 0 0 0 0 1 1 1]	[1 0 0 0 1 0]	[1 1 0 1 0 0]	[4]
47	-0.75	6.6705546379089355	1.8067052364349365	2.038300037384033	1.6988753080368042	1.1266742944717407	False	[0 0 0 0 0 0 0 0 0]	[0 0 0 0 0 0 1 1 1]	[1 0 0 0 1 0]	[1 1 0 1 0 0]	[4]	[0 0 0 0 0 0 0 0 1]	[0 0 0 0 0 1 1 1 1]	[1 0 0 0 0 0]	[1 1 0 1 0 1]	[2]
47	-0.75	6.546420097351074	1.648770809173584	2.104843854904175	1.6425656080245972	1.1502397060394287	False	[0 0 0 0 0 0 0 0 1]	[0 0 0 0 0 1 1 1 1]	[1 0 0 0 0 0]	[1 1 0 1 0 1]	[2]	[0 0 0 0 0 0 0 0 0]	[0 0 0 0 0 1 0 1 1]	[1 0 0 0 0 1]	[1 1 0 1 0 0]	[2]
47	-0.75	5.902374267578125	1.7238532304763794	2.041386842727661	1.342264175415039	0.7948698401451111	False	[0 0 0 0 0 0 0 0 0]	[0 0 0 0 0 1 0 1 1]	[1 0 0 0 0 1]	[1 1 0 1 0 0]	[2]	[0 0 0 0 0 0 0 0 1]	[0 0 0 0 0 0 0 1 1]	[1 0 0 0 1 1]	[1 1 0 1 0 1]	[2]
47	-0.5	6.361971855163574	1.7132272720336914	2.0599660873413086	1.518702507019043	1.0700758695602417	False	[0 0 0 0 0 0 0 0 1]	[0 0 0 0 0 0 0 1 1]	[1 0 0 0 1 1]	[1 1 0 1 0 1]	[2]	[0 0 0 0 0 0 0 0 0]	[0 0 0 0 0 1 0 1 1]	[1 0 0 1 1 1]	[1 1 0 1 0 0]	[4]
47	-0.25	6.437826633453369	1.7432093620300293	2.0373029708862305	1.6201578378677368	1.0371564626693726	False	[0 0 0 0 0 0 0 0 0]	[0 0 0 0 0 1 0 1 1]	[1 0 0 1 1 1]	[1 1 0 1 0 0]	[4]	[0 0 0 0 0 0 0 0 1]	[0 0 0 0 0 0 0 1 1]	[1 0 1 1 1 1]	[1 1 0 1 0 1]	[6]
47	-0.75	6.557207107543945	1.7251245975494385	2.0198817253112793	1.6423404216766357	1.169860601425171	False	[0 0 0 0 0 0 0 0 1]	[0 0 0 0 0 0 0 1 1]	[1 0 1 1 1 1]	[1 1 0 1 0 1]	[6]	[0 0 0 0 0 0 0 0 0]	[0 0 0 0 0 1 0 1 1]	[1 0 1 0 1 1]	[1 1 0 1 0 0]	[2]
47	-0.25	6.045635223388672	1.7214109897613525	2.0491645336151123	1.4710677862167358	0.8039919137954712	False	[0 0 0 0 0 0 0 0 0]	[0 0 0 0 0 1 0 1 1]	[1 0 1 0 1 1]	[1 1 0 1 0 0]	[2]	[0 0 0 0 0 0 0 0 1]	[0 0 0 0 0 0 0 1 1]	[1 0 1 1 1 1]	[1 1 0 1 0 1]	[6]
47	-0.75	6.403084754943848	1.716265082359314	2.0240345001220703	1.59318208694458	1.0696027278900146	False	[0 0 0 0 0 0 0 0 1]	[0 0 0 0 0 0 0 1 1]	[1 0 1 1 1 1]	[1 1 0 1 0 1]	[6]	[0 0 0 0 0 0 0 0 0]	[0 0 0 0 0 1 0 1 1]	[1 0 1 0 1 1]	[1 1 0 1 0 0]	[2]
47	-0.75	6.268496513366699	1.6966180801391602	2.0249786376953125	1.6079784631729126	0.9389215111732483	False	[0 0 0 0 0 0 0 0 0]	[0 0 0 0 0 1 0 1 1]	[1 0 1 0 1 1]	[1 1 0 1 0 0]	[2]	[0 0 0 0 0 0 0 0 1]	[0 0 0 0 0 0 0 1 1]	[1 0 1 0 0 1]	[1 1 0 1 0 1]	[2]
47	-0.5	5.430032730102539	1.6674447059631348	2.067152500152588	0.7035674452781677	0.9918681383132935	False	[0 0 0 0 0 0 0 0 1]	[0 0 0 0 0 0 0 1 1]	[1 0 1 0 0 1]	[1 1 0 1 0 1]	[2]	[0 0 0 0 0 0 0 0 0]	[1 0 0 0 0 0 0 1 1]	[1 0 1 1 0 1]	[1 1 0 1 0 0]	[4]
47	-0.25	5.837161064147949	1.997654914855957	2.011767625808716	1.1819713115692139	0.6457674503326416	False	[0 0 0 0 0 0 0 0 0]	[1 0 0 0 0 0 0 1 1]	[1 0 1 1 0 1]	[1 1 0 1 0 0]	[4]	[0 0 0 0 0 1 0 0 0]	[1 1 0 0 0 0 0 1 1]	[1 0 1 0 0 1]	[1 0 0 1 0 0]	[6]
47	0.3551270067691803	4.707188129425049	2.0115554332733154	2.048976182937622	0.4882020652294159	0.1584543138742447	False	[0 0 0 0 0 1 0 0 0]	[1 1 0 0 0 0 0 1 1]	[1 0 1 0 0 1]	[1 0 0 1 0 0]	[6]	[0 0 0 0 0 1 0 1 0]	[0 1 0 0 0 0 0 1 1]	[1 0 1 1 0 1]	[1 0 0 0 0 0]	[8]
47	0.3182968497276306	4.39346170425415	2.163451671600342	2.083367109298706	0.08951548486948013	0.05712759494781494	False	[0 0 0 0 0 1 0 1 0]	[0 1 0 0 0 0 0 1 1]	[1 0 1 1 0 1]	[1 0 0 0 0 0]	[8]	[0 1 0 0 0 1 0 1 0]	[1 1 0 0 0 0 0 1 1]	[0 0 1 1 0 1]	[0 0 0 0 0 0]	[8]
47	0.3249794840812683	4.3271965980529785	2.1425883769989014	2.080651044845581	0.027304790914058685	0.07665261626243591	False	[0 1 0 0 0 1 0 1 0]	[1 1 0 0 0 0 0 1 1]	[0 0 1 1 0 1]	[0 0 0 0 0 0]	[8]	[0 1 0 0 0 1 0 0 0]	[1 1 0 0 0 1 0 1 1]	[1 0 1 1 0 1]	[1 0 0 0 0 0]	[8]
47	0.3642179071903229	4.513616561889648	2.129918336868286	2.140075922012329	0.1396423876285553	0.10397999733686447	False	[0 1 0 0 0 1 0 0 0]	[1 1 0 0 0 1 0 1 1]	[1 0 1 1 0 1]	[1 0 0 0 0 0]	[8]	[0 0 0 0 0 1 0 0 0]	[1 1 1 0 0 1 0 1 1]	[0 0 1 1 0 1]	[0 0 0 0 0 0]	[8]
47	0.4273877739906311	4.211005687713623	2.031792640686035	2.0836269855499268	0.06624764204025269	0.0293390192091465	False	[0 0 0 0 0 1 0 0 0]	[1 1 1 0 0 1 0 1 1]	[0 0 1 1 0 1]	[0 0 0 0 0 0]	[8]	[1 0 0 0 0 1 0 0 0]	[0 1 1 0 0 1 0 1 1]	[1 0 1 1 0 1]	[1 0 0 0 0 0]	[8]
47	0.37330880761146545	4.249266624450684	2.0341434478759766	2.085970401763916	0.10616912692785263	0.022983571514487267	False	[1 0 0 0 0 1 0 0 0]	[0 1 1 0 0 1 0 1 1]	[1 0 1 1 0 1]	[1 0 0 0 0 0]	[8]	[0 0 0 0 0 1 0 0 0]	[1 1 1 0 0 1 0 1 1]	[0 0 1 1 0 1]	[0 0 0 0 0 0]	[8]
47	0.36709269881248474	4.224587440490723	2.023106813430786	2.0830414295196533	0.094256691634655	0.024182382971048355	False	[0 0 0 0 0 1 0 0 0]	[1 1 1 0 0 1 0 1 1]	[0 0 1 1 0 1]	[0 0 0 0 0 0]	[8]	[1 0 0 0 0 1 0 0 0]	[0 1 1 0 0 1 0 1 1]	[1 0 1 1 0 1]	[1 0 0 0 0 0]	[8]
47	0.3480018079280853	4.252927780151367	2.028693675994873	2.0859735012054443	0.11150757223367691	0.026753535494208336	False	[1 0 0 0 0 1 0 0 0]	[0 1 1 0 0 1 0 1 1]	[1 0 1 1 0 1]	[1 0 0 0 0 0]	[8]	[0 0 0 0 0 1 0 0 0]	[1 1 1 0 0 1 0 1 1]	[0 0 1 1 0 1]	[0 0 0 0 0 0]	[8]
47	0.3278542757034302	4.225476264953613	2.0301873683929443	2.0816092491149902	0.0896800234913826	0.02399992197751999	False	[0 0 0 0 0 1 0 0 0]	[1 1 1 0 0 1 0 1 1]	[0 0 1 1 0 1]	[0 0 0 0 0 0]	[8]	[1 0 0 0 0 1 0 0 0]	[0 1 1 0 0 1 0 1 1]	[1 0 1 1 0 1]	[1 0 0 0 0 0]	[8]
47	0.33741170167922974	4.218606472015381	2.0294458866119385	2.084604501724243	0.07836088538169861	0.026195142418146133	False	[1 0 0 0 0 1 0 0 0]	[0 1 1 0 0 1 0 1 1]	[1 0 1 1 0 1]	[1 0 0 0 0 0]	[8]	[0 0 0 0 0 1 0 0 0]	[1 1 1 0 0 1 0 1 1]	[0 0 1 1 0 1]	[0 0 0 0 0 0]	[8]
47	0.32832080125808716	4.286234378814697	2.046671152114868	2.084481716156006	0.12543204426765442	0.029649488627910614	False	[0 0 0 0 0 1 0 0 0]	[1 1 1 0 0 1 0 1 1]	[0 0 1 1 0 1]	[0 0 0 0 0 0]	[8]	[1 0 0 0 0 1 0 0 0]	[0 1 1 0 0 1 0 1 1]	[1 0 1 1 0 1]	[1 0 0 0 0 0]	[8]
47	0.36468443274497986	4.242829322814941	2.0385210514068604	2.08354115486145	0.09325376152992249	0.02751339226961136	False	[1 0 0 0 0 1 0 0 0]	[0 1 1 0 0 1 0 1 1]	[1 0 1 1 0 1]	[1 0 0 0 0 0]	[8]	[0 0 0 0 0 1 0 0 0]	[1 1 1 0 0 1 0 1 1]	[0 0 1 1 0 1]	[0 0 0 0 0 0]	[8]
47	0.37330880761146545	4.245950222015381	2.0277585983276367	2.0800108909606934	0.10840000212192535	0.029781073331832886	False	[0 0 0 0 0 1 0 0 0]	[1 1 1 0 0 1 0 1 1]	[0 0 1 1 0 1]	[0 0 0 0 0 0]	[8]	[1 0 0 0 0 1 0 0 0]	[0 1 1 0 0 1 0 1 1]	[1 0 1 1 0 1]	[1 0 0 0 0 0]	[8]
48	-1.0	7.031268119812012	1.9399185180664062	2.0728824138641357	1.3132872581481934	1.7051795721054077	False	[0 0 0 0 0 0 0 0 0]	[0 0 0 0 0 0 1 0 1]	[0 0 0 0 0 0]	[0 0 0 0 0 1]	[4]	[0 0 0 0 0 0 0 0 1]	[0 1 0 0 0 0 1 0 1]	[0 0 0 0 1 0]	[0 1 0 0 0 1]	[0]
48	-0.5	7.255472660064697	2.084665536880493	2.104588270187378	1.572204351425171	1.4940142631530762	False	[0 0 0 0 0 0 0 0 1]	[0 1 0 0 0 0 1 0 1]	[0 0 0 0 1 0]	[0 1 0 0 0 1]	[0]	[0 0 1 0 0 0 0 0 1]	[0 0 0 0 0 0 1 0 1]	[0 0 0 0 0 0]	[0 1 1 0 0 1]	[4]
48	-1.0	7.140475273132324	1.9364742040634155	2.0248827934265137	1.479386806488037	1.6997313499450684	False	[0 0 1 0 0 0 0 0 1]	[0 0 0 0 0 0 1 0 1]	[0 0 0 0 0 0]	[0 1 1 0 0 1]	[4]	[0 0 1 0 0 0 0 0 0]	[0 1 0 0 0 0 1 0 1]	[0 0 0 0 1 0]	[0 1 0 0 0 1]	[0]
48	-0.5	7.233630180358887	2.080803871154785	2.1105093955993652	1.5604324340820312	1.4818845987319946	False	[0 0 1 0 0 0 0 0 0]	[0 1 0 0 0 0 1 0 1]	[0 0 0 0 1 0]	[0 1 0 0 0 1]	[0]	[0 0 0 0 0 0 0 0 0]	[0 0 0 0 0 0 1 0 1]	[0 0 0 0 0 0]	[0 0 0 0 0 1]	[4]
48	-1.0	6.94558048248291	1.9500980377197266	2.0737152099609375	1.3305895328521729	1.591178059577942	False	[0 0 0 0 0 0 0 0 0]	[0 0 0 0 0 0 1 0 1]	[0 0 0 0 0 0]	[0 0 0 0 0 1]	[4]	[0 0 0 0 0 0 0 0 1]	[0 1 0 0 0 0 1 0 1]	[0 0 0 0 1 0]	[0 1 0 0 0 1]	[0]
48	-0.5	7.296699523925781	2.0962131023406982	2.1073923110961914	1.5089868307113647	1.584106683731079	False	[0 0 0 0 0 0 0 0 1]	[0 1 0 0 0 0 1 0 1]	[0 0 0 0 1 0]	[0 1 0 0 0 1]	[0]	[0 0 1 0 0 0 0 0 1]	[0 0 0 0 0 0 1 0 1]	[0 0 0 0 0 0]	[0 0 0 0 0 1]	[4]
48	-1.0	6.968603134155273	1.9512468576431274	2.06386399269104	1.3642995357513428	1.5891923904418945	False	[0 0 1 0 0 0 0 0 1]	[0 0 0 0 0 0 1 0 1]	[0 0 0 0 0 0]	[0 0 0 0 0 1]	[4]	[0 0 1 0 0 0 0 0 0]	[0 1 0 0 0 0 1 0 1]	[0 0 0 0 1 0]	[0 1 0 0 0 1]	[0]
48	-0.5	7.057729721069336	2.074068069458008	2.0983660221099854	1.5523264408111572	1.3329696655273438	False	[0 0 1 0 0 0 0 0 0]	[0 1 0 0 0 0 1 0 1]	[0 0 0 0 1 0]	[0 1 0 0 0 1]	[0]	[0 0 0 0 0 0 0 0 0]	[0 0 0 0 0 0 1 0 1]	[0 0 0 0 0 0]	[0 0 0 0 0 1]	[4]
48	-1.0	6.934807777404785	1.9329066276550293	2.0733089447021484	1.3850003480911255	1.543592095375061	False	[0 0 0 0 0 0 0 0 0]	[0 0 0 0 0 0 1 0 1]	[0 0 0 0 0 0]	[0 0 0 0 0 1]	[4]	[0 0 0 0 0 0 0 0 1]	[0 1 0 0 0 0 1 0 1]	[0 0 0 0 1 0]	[0 1 0 0 0 1]	[0]
48	-0.5	7.318769454956055	2.095501661300659	2.1016488075256348	1.5702506303787231	1.5513685941696167	False	[0 0 0 0 0 0 0 0 1]	[0 1 0 0 0 0 1 0 1]	[0 0 0 0 1 0]	[0 1 0 0 0 1]	[0]	[0 0 1 0 0 0 0 0 1]	[0 0 0 0 0 0 1 0 1]	[0 0 0 0 0 0]	[0 0 0 0 0 1]	[4]
48	-1.0	6.958037376403809	1.9580986499786377	2.0610768795013428	1.2771550416946411	1.6617071628570557	False	[0 0 1 0 0 0 0 0 1]	[0 0 0 0 0 0 1 0 1]	[0 0 0 0 0 0]	[0 0 0 0 0 1]	[4]	[0 0 1 0 0 0 0 0 0]	[0 1 0 0 0 0 1 0 1]	[0 0 0 0 1 0]	[1 0 0 0 0 1]	[0]
48	0.17132678627967834	6.514624118804932	2.008028745651245	2.0821855068206787	1.152205228805542	1.2722049951553345	False	[0 0 1 0 0 0 0 0 0]	[0 1 0 0 0 0 1 0 1]	[0 0 0 0 1 0]	[1 0 0 0 0 1]	[0]	[0 0 1 0 0 0 0 0 1]	[0 1 0 1 0 0 1 0 1]	[0 0 0 0 0 0]	[1 0 1 0 0 1]	[12]
48	-1.0	6.011469841003418	1.9179418087005615	2.1343305110931396	0.853334903717041	1.1058626174926758	False	[0 0 1 0 0 0 0 0 1]	[0 1 0 1 0 0 1 0 1]	[0 0 0 0 0 0]	[1 0 1 0 0 1]	[12]	[0 0 1 0 0 0 0 0 0]	[0 1 0 0 0 0 1 0 1]	[0 0 0 1 0 0]	[0 0 1 0 0 1]	[0]
48	-1.0	7.356503486633301	2.050938606262207	2.21170711517334	1.3866404294967651	1.7072169780731201	False	[0 0 1 0 0 0 0 0 0]	[0 1 0 0 0 0 1 0 1]	[0 0 0 1 0 0]	[0 0 1 0 0 1]	[0]	[0 0 1 0 0 0 0 0 0]	[0 0 0 0 0 0 1 0 1]	[0 0 0 0 0 0]	[0 0 0 0 0 1]	[0]
48	-1.0	7.336514472961426	2.0818798542022705	2.1162829399108887	1.4901844263076782	1.6481670141220093	False	[0 0 1 0 0 0 0 0 0]	[0 0 0 0 0 0 1 0 1]	[0 0 0 0 0 0]	[0 0 0 0 0 1]	[0]	[0 0 1 0 0 0 0 0 0]	[0 1 0 0 0 0 1 0 1]	[0 0 0 0 1 0]	[0 1 0 0 0 1]	[0]
48	-0.5	7.147981643676758	2.075493812561035	2.0958588123321533	1.5179064273834229	1.4587228298187256	False	[0 0 1 0 0 0 0 0 0]	[0 1 0 0 0 0 1 0 1]	[0 0 0 0 1 0]	[0 1 0 0 0 1]	[0]	[0 0 0 0 0 0 0 0 0]	[0 0 0 0 0 0 1 0 1]	[0 0 0 0 0 0]	[0 0 0 0 0 1]	[4]
48	-1.0	7.050451278686523	1.9359575510025024	2.0613205432891846	1.3978590965270996	1.6553138494491577	False	[0 0 0 0 0 0 0 0 0]	[0 0 0 0 0 0 1 0 1]	[0 0 0 0 0 0]	[0 0 0 0 0 1]	[4]	[0 0 0 0 0 0 0 0 1]	[0 1 0 0 0 0 1 0 1]	[0 0 0 0 1 0]	[0 1 0 0 0 1]	[0]
48	-0.5	7.058630466461182	2.0672552585601807	2.0825071334838867	1.540501594543457	1.3683667182922363	False	[0 0 0 0 0 0 0 0 1]	[0 1 0 0 0 0 1 0 1]	[0 0 0 0 1 0]	[0 1 0 0 0 1]	[0]	[0 0 1 0 0 0 0 0 1]	[0 0 0 0 0 0 1 0 1]	[0 0 0 0 0 0]	[0 0 0 0 0 1]	[4]
48	-1.0	7.114727973937988	1.9419323205947876	2.0434694290161133	1.4126100540161133	1.7167164087295532	False	[0 0 1 0 0 0 0 0 1]	[0 0 0 0 0 0 1 0 1]	[0 0 0 0 0 0]	[0 0 0 0 0 1]	[4]	[0 0 1 0 0 0 0 0 0]	[0 1 0 0 0 0 1 0 1]	[0 0 0 0 1 0]	[0 1 0 0 0 1]	[0]
48	-0.5	7.172698020935059	2.086698293685913	2.092695713043213	1.4963107109069824	1.4969935417175293	False	[0 0 1 0 0 0 0 0 0]	[0 1 0 0 0 0 1 0 1]	[0 0 0 0 1 0]	[0 1 0 0 0 1]	[0]	[0 0 0 0 0 0 0 0 0]	[0 0 0 0 0 0 1 0 1]	[0 0 0 0 0 0]	[0 0 0 0 0 1]	[4]
48	-1.0	7.000424385070801	1.9404933452606201	2.0627171993255615	1.3783864974975586	1.6188275814056396	False	[0 0 0 0 0 0 0 0 0]	[0 0 0 0 0 0 1 0 1]	[0 0 0 0 0 0]	[0 0 0 0 0 1]	[4]	[0 0 0 0 0 0 0 0 1]	[0 1 0 0 0 0 1 0 1]	[0 0 0 0 1 0]	[0 1 0 0 0 1]	[0]
48	-0.5	7.098183631896973	2.070537805557251	2.0857925415039062	1.5516668558120728	1.3901865482330322	False	[0 0 0 0 0 0 0 0 1]	[0 1 0 0 0 0 1 0 1]	[0 0 0 0 1 0]	[0 1 0 0 0 1]	[0]	[0 0 1 0 0 0 0 0 1]	[0 0 0 0 0 0 1 0 1]	[0 0 0 0 0 0]	[0 0 0 0 0 1]	[4]
48	-1.0	7.105463027954102	1.939877986907959	2.049481153488159	1.4292761087417603	1.6868274211883545	False	[0 0 1 0 0 0 0 0 1]	[0 0 0 0 0 0 1 0 1]	[0 0 0 0 0 0]	[0 0 0 0 0 1]	[4]	[0 0 1 0 0 0 0 0 0]	[0 1 0 0 0 0 1 0 1]	[0 0 0 0 1 0]	[0 1 0 0 0 1]	[0]
48	-0.5	7.256008625030518	2.082425594329834	2.0929009914398193	1.5617072582244873	1.5189746618270874	False	[0 0 1 0 0 0 0 0 0]	[0 1 0 0 0 0 1 0 1]	[0 0 0 0 1 0]	[0 1 0 0 0 1]	[0]	[0 0 0 0 0 0 0 0 0]	[0 0 0 0 0 0 1 0 1]	[0 0 0 0 0 0]	[0 0 0 0 0 1]	[4]
48	-1.0	6.958806037902832	1.9410732984542847	2.069828987121582	1.3615237474441528	1.586380124092102	False	[0 0 0 0 0 0 0 0 0]	[0 0 0 0 0 0 1 0 1]	[0 0 0 0 0 0]	[0 0 0 0 0 1]	[4]	[0 0 0 0 0 0 0 0 1]	[0 1 0 0 0 0 1 0 1]	[0 0 0 0 1 0]	[0 1 0 0 0 1]	[0]
48	-0.5	7.26890230178833	2.0973405838012695	2.1173412799835205	1.5446128845214844	1.5096076726913452	False	[0 0 0 0 0 0 0 0 1]	[0 1 0 0 0 0 1 0 1]	[0 0 0 0 1 0]	[0 1 0 0 0 1]	[0]	[0 0 1 0 0 0 0 0 1]	[0 0 0 0 0 0 1 0 1]	[0 0 0 0 0 0]	[0 0 0 0 0 1]	[4]
48	-1.0	7.122734546661377	1.9439926147460938	2.051363229751587	1.3961286544799805	1.731250286102295	False	[0 0 1 0 0 0 0 0 1]	[0 0 0 0 0 0 1 0 1]	[0 0 0 0 0 0]	[0 0 0 0 0 1]	[4]	[0 0 1 0 0 0 0 0 0]	[0 1 0 0 0 0 1 0 1]	[0 0 0 0 1 0]	[0 1 0 0 0 1]	[0]
48	-0.5	7.255099296569824	2.080850124359131	2.0897879600524902	1.5312460660934448	1.5532151460647583	False	[0 0 1 0 0 0 0 0 0]	[0 1 0 0 0 0 1 0 1]	[0 0 0 0 1 0]	[0 1 0 0 0 1]	[0]	[0 0 0 0 0 0 0 0 0]	[0 0 0 0 0 0 1 0 1]	[0 0 0 0 0 0]	[0 0 0 0 0 1]	[4]
48	-1.0	6.858452796936035	1.9501116275787354	2.081284523010254	1.265519380569458	1.5615376234054565	False	[0 0 0 0 0 0 0 0 0]	[0 0 0 0 0 0 1 0 1]	[0 0 0 0 0 0]	[0 0 0 0 0 1]	[4]	[0 0 0 0 0 0 0 0 1]	[0 1 0 0 0 0 1 0 1]	[0 0 0 0 1 0]	[0 1 0 0 0 1]	[0]
48	-0.5	7.258030891418457	2.0788769721984863	2.092895984649658	1.5621848106384277	1.5240732431411743	False	[0 0 0 0 0 0 0 0 1]	[0 1 0 0 0 0 1 0 1]	[0 0 0 0 1 0]	[0 1 0 0 0 1]	[0]	[0 0 1 0 0 0 0 0 1]	[0 0 0 0 0 0 1 0 1]	[0 0 0 0 0 0]	[0 1 1 0 0 1]	[4]
49	-1.0	7.271622180938721	2.1620309352874756	1.9958950281143188	1.7899893522262573	1.3237065076828003	False	[0 0 0 0 0 0 0 0 1]	[0 0 0 0 0 0 0 0 0]	[0 0 0 0 0 0]	[0 1 1 0 1 0]	[0]	[0 0 0 0 0 0 1 0 1]	[0 1 0 0 0 0 0 0 0]	[0 0 0 0 0 1]	[0 0 1 0 1 0]	[0]
49	-1.0	6.92326545715332	2.1368021965026855	1.9699482917785645	1.5458900928497314	1.2706248760223389	False	[0 0 0 0 0 0 1 0 1]	[0 1 0 0 0 0 0 0 0]	[0 0 0 0 0 1]	[0 0 1 0 1 0]	[0]	[0 0 1 0 0 0 1 0 1]	[0 1 1 0 0 0 0 0 0]	[0 0 1 0 0 1]	[0 0 0 0 1 0]	[0]
49	-1.0	5.597817897796631	2.0934605598449707	2.054089307785034	0.8110224008560181	0.6392461657524109	False	[0 0 1 0 0 0 1 0 1]	[0 1 1 0 0 0 0 0 0]	[0 0 1 0 0 1]	[0 0 0 0 1 0]	[0]	[0 1 1 0 0 0 1 0 1]	[1 1 1 0 0 0 0 0 0]	[0 0 1 0 0 1]	[0 0 0 0 0 0]	[0]
49	-1.0	5.413270950317383	2.2106916904449463	2.1301157474517822	0.48115110397338867	0.5913122296333313	False	[0 1 1 0 0 0 1 0 1]	[1 1 1 0 0 0 0 0 0]	[0 0 1 0 0 1]	[0 0 0 0 0 0]	[0]	[0 1 1 0 0 0 1 0 1]	[0 1 1 0 0 0 0 0 0]	[0 0 1 1 0 1]	[0 0 0 0 0 0]	[0]
49	-1.0	5.583696365356445	2.2742953300476074	2.071359872817993	0.7981687188148499	0.43987250328063965	False	[0 1 1 0 0 0 1 0 1]	[0 1 1 0 0 0 0 0 0]	[0 0 1 1 0 1]	[0 0 0 0 0 0]	[0]	[1 1 1 0 0 0 1 0 1]	[1 1 1 0 0 0 0 0 0]	[0 0 1 1 0 1]	[0 0 0 0 0 0]	[0]
49	0.3130137622356415	5.7938737869262695	2.225153684616089	2.1691548824310303	0.8810808658599854	0.5184842348098755	False	[1 1 1 0 0 0 1 0 1]	[1 1 1 0 0 0 0 0 0]	[0 0 1 1 0 1]	[0 0 0 0 0 0]	[0]	[1 1 1 0 0 0 1 0 1]	[1 1 1 0 0 1 0 0 0]	[0 0 1 1 0 1]	[0 0 0 0 0 0]	[8]
49	0.3480018079280853	4.377508640289307	2.1529788970947266	2.1125681400299072	0.03844549134373665	0.07351619750261307	False	[1 1 1 0 0 0 1 0 1]	[1 1 1 0 0 1 0 0 0]	[0 0 1 1 0 1]	[0 0 0 0 0 0]	[8]	[1 1 1 0 0 0 0 0 1]	[0 1 1 0 0 1 0 0 0]	[1 0 1 1 0 1]	[1 0 0 0 0 0]	[8]
49	0.3182968497276306	4.245985507965088	2.1265487670898438	2.062657594680786	0.027670998126268387	0.029108427464962006	False	[1 1 1 0 0 0 0 0 1]	[0 1 1 0 0 1 0 0 0]	[1 0 1 1 0 1]	[1 0 0 0 0 0]	[8]	[1 1 1 0 0 0 1 0 1]	[1 1 1 0 0 1 0 0 0]	[0 0 1 1 0 1]	[0 0 0 0 0 0]	[8]
49	0.30011501908302307	4.354941368103027	2.1341593265533447	2.1188600063323975	0.03290940448641777	0.06901286542415619	False	[1 1 1 0 0 0 1 0 1]	[1 1 1 0 0 1 0 0 0]	[0 0 1 1 0 1]	[0 0 0 0 0 0]	[8]	[1 1 1 0 0 0 0 0 1]	[0 1 1 0 0 1 0 0 0]	[1 0 1 1 0 1]	[1 0 0 0 0 0]	[8]
49	0.3278542757034302	4.260743141174316	2.130035638809204	2.074800968170166	0.02683858573436737	0.029067663475871086	False	[1 1 1 0 0 0 0 0 1]	[0 1 1 0 0 1 0 0 0]	[1 0 1 1 0 1]	[1 0 0 0 0 0]	[8]	[1 1 1 0 0 0 1 0 1]	[1 1 1 0 0 1 0 0 0]	[0 0 1 1 0 1]	[0 0 0 0 0 0]	[8]
49	0.38149064779281616	4.397411346435547	2.1282742023468018	2.1243114471435547	0.06762294471263885	0.07720258831977844	False	[1 1 1 0 0 0 1 0 1]	[1 1 1 0 0 1 0 0 0]	[0 0 1 1 0 1]	[0 0 0 0 0 0]	[8]	[1 1 1 0 0 0 0 0 1]	[0 1 1 0 0 1 0 0 0]	[1 0 1 1 0 1]	[1 0 0 0 0 0]	[8]
49	0.32451295852661133	4.262939929962158	2.1135668754577637	2.059683322906494	0.049691688269376755	0.03999803960323334	False	[1 1 1 0 0 0 0 0 1]	[0 1 1 0 0 1 0 0 0]	[1 0 1 1 0 1]	[1 0 0 0 0 0]	[8]	[1 1 1 0 0 0 1 0 1]	[1 1 1 0 0 1 0 0 0]	[0 0 1 1 0 1]	[0 0 0 0 0 0]	[8]
49	0.3642179071903229	4.380693435668945	2.121537685394287	2.1236140727996826	0.04842272400856018	0.08711904287338257	False	[1 1 1 0 0 0 1 0 1]	[1 1 1 0 0 1 0 0 0]	[0 0 1 1 0 1]	[0 0 0 0 0 0]	[8]	[1 1 1 0 0 0 0 0 1]	[0 1 1 0 0 1 0 0 0]	[1 0 1 1 0 1]	[1 0 0 0 0 0]	[8]
49	0.3555935323238373	4.265237331390381	2.131779670715332	2.081190347671509	0.017312712967395782	0.034955233335494995	False	[1 1 1 0 0 0 0 0 1]	[0 1 1 0 0 1 0 0 0]	[1 0 1 1 0 1]	[1 0 0 0 0 0]	[8]	[1 1 1 0 0 0 1 0 1]	[1 1 1 0 0 1 0 0 0]	[0 0 1 1 0 1]	[0 0 0 0 0 0]	[8]
49	0.3551270067691803	4.407139301300049	2.1469123363494873	2.118001937866211	0.04637203365564346	0.09585300087928772	False	[1 1 1 0 0 0 1 0 1]	[1 1 1 0 0 1 0 0 0]	[0 0 1 1 0 1]	[0 0 0 0 0 0]	[8]	[1 1 1 0 0 0 0 0 1]	[0 1 1 0 0 1 0 0 0]	[1 0 1 1 0 1]	[1 0 0 0 0 0]	[8]
49	0.3336038589477539	4.257485866546631	2.1254820823669434	2.0726511478424072	0.02809765748679638	0.031254902482032776	False	[1 1 1 0 0 0 0 0 1]	[0 1 1 0 0 1 0 0 0]	[1 0 1 1 0 1]	[1 0 0 0 0 0]	[8]	[1 1 1 0 0 0 1 0 1]	[1 1 1 0 0 1 0 0 0]	[0 0 1 1 0 1]	[0 0 0 0 0 0]	[8]
49	0.34556958079338074	4.367565631866455	2.1369097232818604	2.1122665405273438	0.03839544579386711	0.0799940899014473	False	[1 1 1 0 0 0 1 0 1]	[1 1 1 0 0 1 0 0 0]	[0 0 1 1 0 1]	[0 0 0 0 0 0]	[8]	[1 1 1 0 0 0 0 0 1]	[0 1 1 0 0 1 0 0 0]	[1 0 1 1 0 1]	[1 0 0 0 0 0]	[8]
49	0.3121046721935272	4.27182149887085	2.1293911933898926	2.0727221965789795	0.04039497300982475	0.029313523322343826	False	[1 1 1 0 0 0 0 0 1]	[0 1 1 0 0 1 0 0 0]	[1 0 1 1 0 1]	[1 0 0 0 0 0]	[8]	[1 1 1 0 0 0 1 0 1]	[1 1 1 0 0 1 0 0 0]	[0 0 1 1 0 1]	[0 0 0 0 0 0]	[8]
49	0.3493773937225342	4.3818817138671875	2.1275453567504883	2.1246938705444336	0.04467178136110306	0.08497051894664764	False	[1 1 1 0 0 0 1 0 1]	[1 1 1 0 0 1 0 0 0]	[0 0 1 1 0 1]	[0 0 0 0 0 0]	[8]	[1 1 1 0 0 0 0 0 1]	[0 1 1 0 0 1 0 0 0]	[1 0 1 1 0 1]	[1 0 0 0 0 0]	[8]
49	0.3116381764411926	4.266319751739502	2.114760160446167	2.0503170490264893	0.07535295188426971	0.025889497250318527	False	[1 1 1 0 0 0 0 0 1]	[0 1 1 0 0 1 0 0 0]	[1 0 1 1 0 1]	[1 0 0 0 0 0]	[8]	[1 1 1 0 0 0 1 0 1]	[1 1 1 0 0 1 0 0 0]	[0 0 1 1 0 1]	[0 0 0 0 0 0]	[8]
49	0.3852745294570923	4.355889797210693	2.1280674934387207	2.1143076419830322	0.05113765969872475	0.0623772069811821	False	[1 1 1 0 0 0 1 0 1]	[1 1 1 0 0 1 0 0 0]	[0 0 1 1 0 1]	[0 0 0 0 0 0]	[8]	[1 1 1 0 0 0 0 0 1]	[0 1 1 0 0 1 0 0 0]	[1 0 1 1 0 1]	[1 0 0 0 0 0]	[8]
49	0.3249794840812683	4.272969722747803	2.1256394386291504	2.0710110664367676	0.0464906319975853	0.029828399419784546	False	[1 1 1 0 0 0 0 0 1]	[0 1 1 0 0 1 0 0 0]	[1 0 1 1 0 1]	[1 0 0 0 0 0]	[8]	[1 1 1 0 0 0 1 0 1]	[1 1 1 0 0 1 0 0 0]	[0 0 1 1 0 1]	[0 0 0 0 0 0]	[8]
49	0.31542205810546875	4.38122034072876	2.124203681945801	2.1232106685638428	0.05925886332988739	0.07454685866832733	False	[1 1 1 0 0 0 1 0 1]	[1 1 1 0 0 1 0 0 0]	[0 0 1 1 0 1]	[0 0 0 0 0 0]	[8]	[1 1 1 0 0 0 0 0 1]	[0 1 1 0 0 1 0 0 0]	[1 0 1 1 0 1]	[1 0 0 0 0 0]	[8]
49	0.3273877501487732	4.252941608428955	2.1314964294433594	2.076646327972412	0.01971912756562233	0.025079701095819473	False	[1 1 1 0 0 0 0 0 1]	[0 1 1 0 0 1 0 0 0]	[1 0 1 1 0 1]	[1 0 0 0 0 0]	[8]	[1 1 1 0 0 0 1 0 1]	[1 1 1 0 0 1 0 0 0]	[0 0 1 1 0 1]	[0 0 0 0 0 0]	[8]
49	0.39436542987823486	4.411688327789307	2.141664505004883	2.1163415908813477	0.059569165110588074	0.09411288052797318	False	[1 1 1 0 0 0 1 0 1]	[1 1 1 0 0 1 0 0 0]	[0 0 1 1 0 1]	[0 0 0 0 0 0]	[8]	[1 1 1 0 0 0 0 0 1]	[0 1 1 0 0 1 0 0 0]	[1 0 1 1 0 1]	[1 0 0 0 0 0]	[8]
49	0.3790584206581116	4.256222724914551	2.121537923812866	2.0772645473480225	0.028833094984292984	0.02858729287981987	False	[1 1 1 0 0 0 0 0 1]	[0 1 1 0 0 1 0 0 0]	[1 0 1 1 0 1]	[1 0 0 0 0 0]	[8]	[1 1 1 0 0 0 1 0 1]	[1 1 1 0 0 1 0 0 0]	[0 0 1 1 0 1]	[0 0 0 0 0 0]	[8]
49	0.40542206168174744	4.357304096221924	2.1361165046691895	2.119520902633667	0.029943695291876793	0.07172326743602753	False	[1 1 1 0 0 0 1 0 1]	[1 1 1 0 0 1 0 0 0]	[0 0 1 1 0 1]	[0 0 0 0 0 0]	[8]	[1 1 1 0 0 0 0 0 1]	[0 1 1 0 0 1 0 0 0]	[1 0 1 1 0 1]	[1 0 0 0 0 0]	[8]
49	0.32097718119621277	4.260586738586426	2.125681161880493	2.0746936798095703	0.03224475681781769	0.027967486530542374	False	[1 1 1 0 0 0 0 0 1]	[0 1 1 0 0 1 0 0 0]	[1 0 1 1 0 1]	[1 0 0 0 0 0]	[8]	[1 1 1 0 0 0 1 0 1]	[1 1 1 0 0 1 0 0 0]	[0 0 1 1 0 1]	[0 0 0 0 0 0]	[8]
49	0.33694517612457275	4.360428333282471	2.137683868408203	2.1113390922546387	0.03445747494697571	0.07694755494594574	False	[1 1 1 0 0 0 1 0 1]	[1 1 1 0 0 1 0 0 0]	[0 0 1 1 0 1]	[0 0 0 0 0 0]	[8]	[1 1 1 0 0 0 0 0 1]	[0 1 1 0 0 1 0 0 0]	[1 0 1 1 0 1]	[1 0 0 0 0 0]	[8]
49	0.37527453899383545	4.264998435974121	2.1290283203125	2.070068597793579	0.03281136602163315	0.03309042379260063	False	[1 1 1 0 0 0 0 0 1]	[0 1 1 0 0 1 0 0 0]	[1 0 1 1 0 1]	[1 0 0 0 0 0]	[8]	[1 1 1 0 0 0 1 0 1]	[1 1 1 0 0 1 0 0 0]	[0 0 1 1 0 1]	[0 0 0 0 0 0]	[8]
50	-1.0	5.797471046447754	1.7707798480987549	2.061732769012451	0.6403552889823914	1.3246029615402222	False	[0 0 1 0 0 0 0 0 0]	[1 0 0 0 0 0 0 0 0]	[0 0 0 0 1 0]	[0 0 0 0 0 0]	[0]	[0 0 1 0 0 0 0 0 0]	[1 0 0 0 0 1 0 0 0]	[0 1 0 0 1 0]	[0 0 0 0 0 0]	[0]
50	-1.0	6.069531440734863	2.110337018966675	2.1526377201080322	0.8335832953453064	0.972973108291626	False	[0 0 1 0 0 0 0 0 0]	[1 0 0 0 0 1 0 0 0]	[0 1 0 0 1 0]	[0 0 0 0 0 0]	[0]	[0 0 1 0 0 0 0 0 0]	[1 0 0 0 0 0 0 0 0]	[0 1 0 0 1 0]	[1 0 0 0 0 0]	[0]
50	-1.0	5.310978412628174	1.4964240789413452	2.11067795753479	0.837429404258728	0.8664467930793762	False	[0 0 1 0 0 0 0 0 0]	[1 0 0 0 0 0 0 0 0]	[0 1 0 0 1 0]	[1 0 0 0 0 0]	[0]	[0 0 1 0 0 0 0 0 0]	[0 0 0 0 0 0 0 0 0]	[0 1 0 1 1 0]	[1 0 0 0 0 0]	[0]
50	-1.0	5.996281147003174	2.1958770751953125	2.060715436935425	0.9322640299797058	0.8074246644973755	False	[0 0 1 0 0 0 0 0 0]	[0 0 0 0 0 0 0 0 0]	[0 1 0 1 1 0]	[1 0 0 0 0 0]	[0]	[1 0 1 0 0 0 0 0 0]	[1 0 0 0 0 0 0 0 0]	[1 1 0 1 1 0]	[0 0 0 0 0 0]	[0]
50	-1.0	5.888564109802246	2.1884679794311523	2.0682976245880127	0.8149915337562561	0.8168071508407593	False	[1 0 1 0 0 0 0 0 0]	[1 0 0 0 0 0 0 0 0]	[1 1 0 1 1 0]	[0 0 0 0 0 0]	[0]	[0 0 1 0 0 0 0 0 0]	[0 0 0 0 0 0 0 0 0]	[0 1 0 1 1 0]	[1 0 0 0 0 0]	[0]
50	-1.0	5.882360935211182	2.209207057952881	2.0649547576904297	0.7851080894470215	0.8230909705162048	False	[0 0 1 0 0 0 0 0 0]	[0 0 0 0 0 0 0 0 0]	[0 1 0 1 1 0]	[1 0 0 0 0 0]	[0]	[1 0 1 0 0 0 0 0 0]	[1 0 0 0 0 0 0 0 0]	[1 1 0 1 1 0]	[0 0 0 0 0 0]	[0]
50	-1.0	5.990674018859863	2.20650053024292	2.0631418228149414	0.8926631212234497	0.8283684253692627	False	[1 0 1 0 0 0 0 0 0]	[1 0 0 0 0 0 0 0 0]	[1 1 0 1 1 0]	[0 0 0 0 0 0]	[0]	[0 0 1 0 0 0 0 0 0]	[0 0 0 0 0 0 0 0 0]	[0 1 0 1 1 0]	[1 0 0 0 0 0]	[0]
50	-1.0	5.892387390136719	2.206228017807007	2.087177276611328	0.7569820880889893	0.8420000672340393	False	[0 0 1 0 0 0 0 0 0]	[0 0 0 0 0 0 0 0 0]	[0 1 0 1 1 0]	[1 0 0 0 0 0]	[0]	[1 0 1 0 0 0 0 0 0]	[1 0 0 0 0 0 0 0 0]	[1 1 0 1 1 0]	[0 0 0 0 0 0]	[0]
50	-1.0	5.8816070556640625	2.195610761642456	2.0835013389587402	0.7890005111694336	0.8134949207305908	False	[1 0 1 0 0 0 0 0 0]	[1 0 0 0 0 0 0 0 0]	[1 1 0 1 1 0]	[0 0 0 0 0 0]	[0]	[0 0 1 0 0 0 0 0 0]	[1 0 1 0 0 0 0 0 0]	[0 1 0 1 1 0]	[1 0 0 0 0 0]	[0]
50	0.3675592243671417	5.991510391235352	2.1903421878814697	2.0947728157043457	0.8734461069107056	0.8329489827156067	False	[0 0 1 0 0 0 0 0 0]	[1 0 1 0 0 0 0 0 0]	[0 1 0 1 1 0]	[1 0 0 0 0 0]	[0]	[1 0 1 0 0 0 0 0 0]	[0 0 1 0 0 0 0 0 0]	[1 1 0 1 1 0]	[1 0 0 0 0 0]	[8]
50	0.05103842914104462	4.109872817993164	1.966673731803894	2.063655376434326	0.04633849486708641	0.03320522606372833	False	[1 0 1 0 0 0 0 0 0]	[0 0 1 0 0 0 0 0 0]	[1 1 0 1 1 0]	[1 0 0 0 0 0]	[8]	[1 0 1 0 0 0 1 0 0]	[0 0 0 0 0 0 0 0 0]	[0 1 0 1 1 0]	[0 0 0 0 0 0]	[8]
50	0.06966282427310944	4.330477237701416	2.079599618911743	2.0728044509887695	0.07305033504962921	0.10502302646636963	False	[1 0 1 0 0 0 1 0 0]	[0 0 0 0 0 0 0 0 0]	[0 1 0 1 1 0]	[0 0 0 0 0 0]	[8]	[1 0 1 0 0 0 0 0 0]	[1 0 0 0 0 0 0 0 0]	[1 1 0 1 1 0]	[1 0 0 0 0 0]	[8]
50	0.4273877739906311	4.108053684234619	1.9761898517608643	2.0749545097351074	0.028439901769161224	0.028469040989875793	False	[1 0 1 0 0 0 0 0 0]	[1 0 0 0 0 0 0 0 0]	[1 1 0 1 1 0]	[1 0 0 0 0 0]	[8]	[1 0 1 0 0 0 1 0 0]	[1 0 1 0 0 0 0 0 0]	[0 1 0 1 1 0]	[0 0 0 0 0 0]	[8]
50	0.40967246890068054	4.183547496795654	1.9844523668289185	2.132249116897583	0.02938861958682537	0.0374574139714241	False	[1 0 1 0 0 0 1 0 0]	[1 0 1 0 0 0 0 0 0]	[0 1 0 1 1 0]	[0 0 0 0 0 0]	[8]	[1 0 1 0 0 0 0 0 0]	[0 0 1 0 0 0 0 0 0]	[1 1 0 1 1 0]	[1 0 0 0 0 0]	[8]
50	0.05722484737634659	4.135633945465088	1.9734731912612915	2.074570417404175	0.05176243931055069	0.03582771494984627	False	[1 0 1 0 0 0 0 0 0]	[0 0 1 0 0 0 0 0 0]	[1 1 0 1 1 0]	[1 0 0 0 0 0]	[8]	[1 0 1 0 0 0 1 0 0]	[0 0 0 0 0 0 0 0 0]	[0 1 0 1 1 0]	[0 0 0 0 0 0]	[8]
50	0.06368906050920486	4.336711406707764	2.075145959854126	2.0805323123931885	0.06583361327648163	0.11519962549209595	False	[1 0 1 0 0 0 1 0 0]	[0 0 0 0 0 0 0 0 0]	[0 1 0 1 1 0]	[0 0 0 0 0 0]	[8]	[1 0 1 0 0 0 0 0 0]	[1 0 0 0 0 0 0 0 0]	[1 1 0 1 1 0]	[1 0 0 0 0 0]	[8]
50	0.06293900310993195	4.122228622436523	1.9735815525054932	2.072235107421875	0.03875776380300522	0.037654392421245575	False	[1 0 1 0 0 0 0 0 0]	[1 0 0 0 0 0 0 0 0]	[1 1 0 1 1 0]	[1 0 0 0 0 0]	[8]	[1 0 1 0 0 0 1 0 0]	[0 0 0 0 0 0 0 0 0]	[0 1 0 1 1 0]	[0 0 0 0 0 0]	[8]
50	0.04925568774342537	4.333957195281982	2.0812888145446777	2.0784859657287598	0.07353176176548004	0.10065100342035294	False	[1 0 1 0 0 0 1 0 0]	[0 0 0 0 0 0 0 0 0]	[0 1 0 1 1 0]	[0 0 0 0 0 0]	[8]	[1 0 1 0 0 0 0 0 0]	[1 0 0 0 0 0 0 0 0]	[1 1 0 1 1 0]	[1 0 0 0 0 0]	[8]
50	0.055908624082803726	4.093269348144531	1.965476155281067	2.0760843753814697	0.023825619369745255	0.027882929891347885	False	[1 0 1 0 0 0 0 0 0]	[1 0 0 0 0 0 0 0 0]	[1 1 0 1 1 0]	[1 0 0 0 0 0]	[8]	[1 0 1 0 0 0 1 0 0]	[0 0 0 0 0 0 0 0 0]	[0 1 0 1 1 0]	[0 0 0 0 0 0]	[8]
50	0.05176455155014992	4.392279148101807	2.0931289196014404	2.087160587310791	0.12026526033878326	0.09172441065311432	False	[1 0 1 0 0 0 1 0 0]	[0 0 0 0 0 0 0 0 0]	[0 1 0 1 1 0]	[0 0 0 0 0 0]	[8]	[1 0 1 0 0 0 0 0 0]	[1 0 0 0 0 0 0 0 0]	[1 1 0 1 1 0]	[1 0 0 0 0 0]	[8]
50	0.04281541332602501	4.126808166503906	1.9853498935699463	2.072617769241333	0.036960553377866745	0.03188004717230797	False	[1 0 1 0 0 0 0 0 0]	[1 0 0 0 0 0 0 0 0]	[1 1 0 1 1 0]	[1 0 0 0 0 0]	[8]	[1 0 1 0 0 0 1 0 0]	[0 0 0 0 0 0 0 0 0]	[0 1 0 1 1 0]	[0 0 0 0 0 0]	[8]
50	0.05420827493071556	4.339881896972656	2.0747318267822266	2.0802812576293945	0.07832856476306915	0.1065400093793869	False	[1 0 1 0 0 0 1 0 0]	[0 0 0 0 0 0 0 0 0]	[0 1 0 1 1 0]	[0 0 0 0 0 0]	[8]	[1 0 1 0 0 0 0 0 0]	[1 0 0 0 0 0 0 0 0]	[1 1 0 1 1 0]	[1 0 0 0 0 0]	[8]
50	0.4599674940109253	4.1392364501953125	1.9800605773925781	2.089376926422119	0.033298783004283905	0.036500055342912674	False	[1 0 1 0 0 0 0 0 0]	[1 0 0 0 0 0 0 0 0]	[1 1 0 1 1 0]	[1 0 0 0 0 0]	[8]	[1 0 1 0 0 0 1 0 0]	[1 0 1 0 0 0 0 0 0]	[0 1 0 1 1 0]	[0 0 0 0 0 0]	[8]
50	0.3697490990161896	4.198097229003906	1.9889209270477295	2.123683214187622	0.040517620742321014	0.04497505724430084	False	[1 0 1 0 0 0 1 0 0]	[1 0 1 0 0 0 0 0 0]	[0 1 0 1 1 0]	[0 0 0 0 0 0]	[8]	[1 0 1 0 0 0 0 0 0]	[0 0 1 0 0 0 0 0 0]	[1 1 0 1 1 0]	[1 0 0 0 0 0]	[8]
50	0.05602070689201355	4.124057292938232	1.9821044206619263	2.0844364166259766	0.025569800287485123	0.031946439296007156	False	[1 0 1 0 0 0 0 0 0]	[0 0 1 0 0 0 0 0 0]	[1 1 0 1 1 0]	[1 0 0 0 0 0]	[8]	[1 0 1 0 0 0 1 0 0]	[0 0 0 0 0 0 0 0 0]	[0 1 0 1 1 0]	[0 0 0 0 0 0]	[8]
50	0.08578410744667053	4.298937797546387	2.0682787895202637	2.0851950645446777	0.05167949199676514	0.0937843769788742	False	[1 0 1 0 0 0 1 0 0]	[0 0 0 0 0 0 0 0 0]	[0 1 0 1 1 0]	[0 0 0 0 0 0]	[8]	[1 0 1 0 0 0 0 0 0]	[1 0 0 0 0 0 0 0 0]	[1 1 0 1 1 0]	[1 0 0 0 0 0]	[8]
50	0.06249642372131348	4.113182067871094	1.9726300239562988	2.080479145050049	0.02837594412267208	0.03169688209891319	False	[1 0 1 0 0 0 0 0 0]	[1 0 0 0 0 0 0 0 0]	[1 1 0 1 1 0]	[1 0 0 0 0 0]	[8]	[1 0 1 0 0 0 1 0 0]	[0 0 0 0 0 0 0 0 0]	[0 1 0 1 1 0]	[0 0 0 0 0 0]	[8]
50	0.062319207936525345	4.329301357269287	2.086247682571411	2.079772710800171	0.07116243243217468	0.09211860597133636	False	[1 0 1 0 0 0 1 0 0]	[0 0 0 0 0 0 0 0 0]	[0 1 0 1 1 0]	[0 0 0 0 0 0]	[8]	[1 0 1 0 0 0 0 0 0]	[1 0 0 0 0 0 0 0 0]	[1 1 0 1 1 0]	[1 0 0 0 0 0]	[8]
50	0.391024112701416	4.111565589904785	1.9697561264038086	2.028313159942627	0.07462358474731445	0.03887276351451874	False	[1 0 1 0 0 0 0 0 0]	[1 0 0 0 0 0 0 0 0]	[1 1 0 1 1 0]	[1 0 0 0 0 0]	[8]	[1 0 1 0 0 0 1 0 0]	[1 0 1 0 0 0 0 0 0]	[0 1 0 1 1 0]	[0 0 0 0 0 0]	[8]
50	0.31542205810546875	4.211965560913086	1.9941043853759766	2.1225645542144775	0.05213121324777603	0.04316547513008118	False	[1 0 1 0 0 0 1 0 0]	[1 0 1 0 0 0 0 0 0]	[0 1 0 1 1 0]	[0 0 0 0 0 0]	[8]	[1 0 1 0 0 0 0 0 0]	[0 0 1 0 0 0 0 0 0]	[1 1 0 1 1 0]	[1 0 0 0 0 0]	[8]
51	-1.0	7.12417459487915	2.0825400352478027	2.0765695571899414	1.7402656078338623	1.224799633026123	False	[0 0 0 0 0 1 0 0 1]	[0 0 0 0 0 0 0 0 0]	[0 0 0 0 0 0]	[0 0 1 1 1 0]	[12]	[0 0 0 0 0 1 1 0 1]	[0 0 0 0 0 0 1 0 0]	[0 1 0 0 0 0]	[0 0 0 1 1 0]	[0]
51	-1.0	6.9404988288879395	1.9727802276611328	2.0886831283569336	1.6356987953186035	1.243336796760559	False	[0 0 0 0 0 1 1 0 1]	[0 0 0 0 0 0 1 0 0]	[0 1 0 0 0 0]	[0 0 0 1 1 0]	[0]	[0 0 0 0 0 1 1 0 1]	[0 1 0 0 0 0 1 0 0]	[0 1 0 0 1 0]	[0 0 0 1 1 0]	[0]
51	-0.5	6.287601470947266	2.0603151321411133	2.2052204608917236	0.6887859106063843	1.3332799673080444	False	[0 0 0 0 0 1 1 0 1]	[0 1 0 0 0 0 1 0 0]	[0 1 0 0 1 0]	[0 0 0 1 1 0]	[0]	[0 0 0 0 0 1 1 0 1]	[0 1 0 0 0 0 0 0 0]	[0 1 0 1 1 0]	[0 0 0 1 1 0]	[4]
51	-1.0	6.013140678405762	2.073127031326294	2.0617122650146484	0.7782605886459351	1.1000407934188843	False	[0 0 0 0 0 1 1 0 1]	[0 1 0 0 0 0 0 0 0]	[0 1 0 1 1 0]	[0 0 0 1 1 0]	[4]	[0 0 0 0 0 1 1 0 0]	[0 0 0 0 0 0 0 0 0]	[0 1 0 0 1 0]	[0 0 0 1 0 0]	[0]
51	-1.0	5.910061836242676	2.2035465240478516	2.078345775604248	0.9298462271690369	0.698323130607605	False	[0 0 0 0 0 1 1 0 0]	[0 0 0 0 0 0 0 0 0]	[0 1 0 0 1 0]	[0 0 0 1 0 0]	[0]	[1 0 0 0 0 1 1 0 0]	[0 0 0 0 0 0 0 1 0]	[0 1 0 0 1 0]	[0 0 0 0 0 0]	[0]
51	-1.0	5.606124401092529	2.245164394378662	2.1547722816467285	0.6304911375045776	0.5756965279579163	False	[1 0 0 0 0 1 1 0 0]	[0 0 0 0 0 0 0 1 0]	[0 1 0 0 1 0]	[0 0 0 0 0 0]	[0]	[0 0 0 0 0 1 1 0 0]	[0 0 0 0 0 0 0 0 0]	[0 1 0 1 1 0]	[0 0 0 0 0 0]	[0]
51	-1.0	6.2421722412109375	2.2655820846557617	2.051159143447876	1.154264211654663	0.7711668610572815	False	[0 0 0 0 0 1 1 0 0]	[0 0 0 0 0 0 0 0 0]	[0 1 0 1 1 0]	[0 0 0 0 0 0]	[0]	[1 0 0 0 0 1 1 0 0]	[0 0 0 0 1 0 0 0 0]	[0 1 0 1 1 0]	[0 0 0 0 0 0]	[0]
51	0.04645177721977234	6.2319817543029785	2.2687270641326904	2.0673906803131104	1.1128984689712524	0.7829657196998596	False	[1 0 0 0 0 1 1 0 0]	[0 0 0 0 1 0 0 0 0]	[0 1 0 1 1 0]	[0 0 0 0 0 0]	[0]	[0 0 0 0 0 1 1 0 0]	[0 0 0 0 0 0 0 0 0]	[1 1 0 1 1 0]	[0 0 0 0 0 0]	[8]
51	0.06776800006628036	4.135545253753662	1.9517416954040527	2.0385444164276123	0.11101941764354706	0.0342397578060627	False	[0 0 0 0 0 1 1 0 0]	[0 0 0 0 0 0 0 0 0]	[1 1 0 1 1 0]	[0 0 0 0 0 0]	[8]	[0 0 0 0 0 1 0 0 0]	[1 0 0 0 0 0 0 0 0]	[0 1 0 1 1 0]	[1 0 0 0 0 0]	[8]
51	0.060241419821977615	4.099013328552246	1.9844969511032104	2.0238356590270996	0.0699913501739502	0.020688865333795547	False	[0 0 0 0 0 1 0 0 0]	[1 0 0 0 0 0 0 0 0]	[0 1 0 1 1 0]	[1 0 0 0 0 0]	[8]	[0 0 0 0 0 1 1 0 0]	[0 0 0 0 0 0 0 0 0]	[1 1 0 1 1 0]	[0 0 0 0 0 0]	[8]
51	0.05496983975172043	4.131537437438965	1.966212272644043	2.041431427001953	0.09668248891830444	0.027211129665374756	False	[0 0 0 0 0 1 1 0 0]	[0 0 0 0 0 0 0 0 0]	[1 1 0 1 1 0]	[0 0 0 0 0 0]	[8]	[0 0 0 0 0 1 0 0 0]	[1 0 0 0 0 0 0 0 0]	[0 1 0 1 1 0]	[1 0 0 0 0 0]	[8]
51	0.04762047529220581	4.181258201599121	2.0084447860717773	2.0224227905273438	0.1306556910276413	0.019734637811779976	False	[0 0 0 0 0 1 0 0 0]	[1 0 0 0 0 0 0 0 0]	[0 1 0 1 1 0]	[1 0 0 0 0 0]	[8]	[0 0 0 0 0 1 1 0 0]	[0 0 0 0 0 0 0 0 0]	[1 1 0 1 1 0]	[0 0 0 0 0 0]	[8]
51	0.05598526448011398	4.13640022277832	1.967431902885437	2.0456886291503906	0.09605179727077484	0.02722804993391037	False	[0 0 0 0 0 1 1 0 0]	[0 0 0 0 0 0 0 0 0]	[1 1 0 1 1 0]	[0 0 0 0 0 0]	[8]	[0 0 0 0 0 1 0 0 0]	[1 0 0 0 0 0 0 0 0]	[0 1 0 1 1 0]	[1 0 0 0 0 0]	[8]
51	0.06744325906038284	4.074282646179199	1.9676569700241089	2.0240442752838135	0.058483440428972244	0.024097900837659836	False	[0 0 0 0 0 1 0 0 0]	[1 0 0 0 0 0 0 0 0]	[0 1 0 1 1 0]	[1 0 0 0 0 0]	[8]	[0 0 0 0 0 1 1 0 0]	[0 0 0 0 0 0 0 0 0]	[1 1 0 1 1 0]	[0 0 0 0 0 0]	[8]
51	0.07205960154533386	4.228354454040527	1.975032925605774	2.043792724609375	0.1833757758140564	0.026152994483709335	False	[0 0 0 0 0 1 1 0 0]	[0 0 0 0 0 0 0 0 0]	[1 1 0 1 1 0]	[0 0 0 0 0 0]	[8]	[0 0 0 0 0 1 0 0 0]	[1 0 0 0 0 0 0 0 0]	[0 1 0 1 1 0]	[1 0 0 0 0 0]	[8]
51	0.059769149869680405	4.107712268829346	1.9782249927520752	2.033599615097046	0.07215052843093872	0.02373679354786873	False	[0 0 0 0 0 1 0 0 0]	[1 0 0 0 0 0 0 0 0]	[0 1 0 1 1 0]	[1 0 0 0 0 0]	[8]	[0 0 0 0 0 1 1 0 0]	[0 0 0 0 0 0 0 0 0]	[1 1 0 1 1 0]	[0 0 0 0 0 0]	[8]
51	0.4345369040966034	4.089630126953125	1.943019151687622	2.0357770919799805	0.07763221859931946	0.03320188820362091	False	[0 0 0 0 0 1 1 0 0]	[0 0 0 0 0 0 0 0 0]	[1 1 0 1 1 0]	[0 0 0 0 0 0]	[8]	[0 0 0 0 0 1 0 0 0]	[0 0 0 0 0 0 1 0 0]	[0 1 0 1 1 0]	[1 0 0 0 0 0]	[8]
51	0.31588858366012573	4.445056915283203	2.1429049968719482	2.0897557735443115	0.13837501406669617	0.07402116805315018	False	[0 0 0 0 0 1 0 0 0]	[0 0 0 0 0 0 1 0 0]	[0 1 0 1 1 0]	[1 0 0 0 0 0]	[8]	[0 0 0 0 0 1 1 0 0]	[0 0 0 0 0 1 1 0 0]	[1 1 0 1 1 0]	[0 0 0 0 0 0]	[8]
51	0.3823997378349304	4.418159484863281	2.0218818187713623	2.104734420776367	0.21846824884414673	0.07307477295398712	False	[0 0 0 0 0 1 1 0 0]	[0 0 0 0 0 1 1 0 0]	[1 1 0 1 1 0]	[0 0 0 0 0 0]	[8]	[0 0 0 0 0 1 0 0 0]	[0 0 0 0 0 0 1 0 0]	[0 1 0 1 1 0]	[1 0 0 0 0 0]	[8]
51	0.39679765701293945	4.420896530151367	2.13669490814209	2.077880620956421	0.11577855050563812	0.09054255485534668	False	[0 0 0 0 0 1 0 0 0]	[0 0 0 0 0 0 1 0 0]	[0 1 0 1 1 0]	[1 0 0 0 0 0]	[8]	[0 0 0 0 0 1 1 0 0]	[0 0 0 0 0 1 1 0 0]	[1 1 0 1 1 0]	[0 0 0 0 0 0]	[8]
51	0.4278542697429657	4.3035407066345215	2.0443968772888184	2.062756299972534	0.1143619492650032	0.08202618360519409	False	[0 0 0 0 0 1 1 0 0]	[0 0 0 0 0 1 1 0 0]	[1 1 0 1 1 0]	[0 0 0 0 0 0]	[8]	[0 0 0 0 0 1 0 0 0]	[0 0 0 0 0 0 1 0 0]	[0 1 0 1 1 0]	[1 0 0 0 0 0]	[8]
51	0.361809641122818	4.500781536102295	2.152599573135376	2.105684280395508	0.16630801558494568	0.07618994265794754	False	[0 0 0 0 0 1 0 0 0]	[0 0 0 0 0 0 1 0 0]	[0 1 0 1 1 0]	[1 0 0 0 0 0]	[8]	[0 0 0 0 0 1 1 0 0]	[0 0 0 0 0 0 1 1 0]	[1 1 0 1 1 0]	[0 0 0 0 0 0]	[8]
51	0.5628423094749451	4.162753582000732	1.971908450126648	2.0416626930236816	0.11952997744083405	0.029652288183569908	False	[0 0 0 0 0 1 1 0 0]	[0 0 0 0 0 0 1 1 0]	[1 1 0 1 1 0]	[0 0 0 0 0 0]	[8]	[0 0 0 0 0 1 0 0 0]	[1 0 0 0 0 0 1 1 0]	[0 1 0 1 1 0]	[1 0 0 0 0 0]	[8]
51	0.39011502265930176	4.4081926345825195	2.051741361618042	2.111032009124756	0.18913716077804565	0.056282684206962585	False	[0 0 0 0 0 1 0 0 0]	[1 0 0 0 0 0 1 1 0]	[0 1 0 1 1 0]	[1 0 0 0 0 0]	[8]	[0 0 0 0 0 1 1 0 0]	[1 0 0 0 0 1 1 1 0]	[1 1 0 1 1 0]	[0 0 0 0 0 0]	[8]
51	0.43072906136512756	4.454957962036133	2.11934757232666	2.0543079376220703	0.13205461204051971	0.14924785494804382	False	[0 0 0 0 0 1 1 0 0]	[1 0 0 0 0 1 1 1 0]	[1 1 0 1 1 0]	[0 0 0 0 0 0]	[8]	[0 0 0 0 0 1 0 0 0]	[1 0 0 0 0 1 1 0 0]	[0 1 0 1 1 0]	[1 0 0 0 0 0]	[8]
51	0.3790584206581116	4.458851337432861	2.032248020172119	2.124713182449341	0.2432774305343628	0.05861213803291321	False	[0 0 0 0 0 1 0 0 0]	[1 0 0 0 0 1 1 0 0]	[0 1 0 1 1 0]	[1 0 0 0 0 0]	[8]	[0 0 0 0 0 1 1 0 0]	[1 0 0 0 0 0 1 0 0]	[1 1 0 1 1 0]	[0 0 0 0 0 0]	[8]
51	0.4881493151187897	4.464804649353027	2.171787738800049	2.084404230117798	0.12477180361747742	0.08384089171886444	False	[0 0 0 0 0 1 1 0 0]	[1 0 0 0 0 0 1 0 0]	[1 1 0 1 1 0]	[0 0 0 0 0 0]	[8]	[0 0 0 0 0 1 0 0 0]	[1 0 0 0 0 1 1 0 0]	[0 1 0 1 1 0]	[1 0 0 0 0 0]	[8]
51	0.369967520236969	4.405253887176514	2.0374886989593506	2.0816516876220703	0.20924845337867737	0.07686449587345123	False	[0 0 0 0 0 1 0 0 0]	[1 0 0 0 0 1 1 0 0]	[0 1 0 1 1 0]	[1 0 0 0 0 0]	[8]	[0 0 0 0 0 1 1 0 0]	[1 0 0 0 0 0 1 0 0]	[1 1 0 1 1 0]	[0 0 0 0 0 0]	[8]
51	0.5182968378067017	4.53331184387207	2.175678253173828	2.102794885635376	0.17582494020462036	0.07901359349489212	False	[0 0 0 0 0 1 1 0 0]	[1 0 0 0 0 0 1 0 0]	[1 1 0 1 1 0]	[0 0 0 0 0 0]	[8]	[0 0 0 0 0 1 0 0 0]	[1 0 0 0 0 1 1 0 0]	[0 1 0 1 1 0]	[1 0 0 0 0 0]	[8]
51	0.4125472605228424	4.317953586578369	2.0110130310058594	2.084800958633423	0.1522192358970642	0.0699203610420227	False	[0 0 0 0 0 1 0 0 0]	[1 0 0 0 0 1 1 0 0]	[0 1 0 1 1 0]	[1 0 0 0 0 0]	[8]	[0 0 0 0 0 1 1 0 0]	[1 0 0 0 0 0 1 0 0]	[1 1 0 1 1 0]	[0 0 0 0 0 0]	[8]
52	-0.75	5.765456199645996	2.0336861610412598	1.9207444190979004	0.6323474645614624	1.1786777973175049	False	[0 0 1 0 0 0 0 1 0]	[1 0 0 1 0 0 0 0 0]	[0 0 0 0 0 0]	[0 1 0 0 1 0]	[6]	[0 1 1 0 0 0 0 1 0]	[1 0 0 1 0 0 1 0 0]	[0 0 0 1 0 0]	[0 1 1 0 1 0]	[2]
52	0.20060548186302185	6.5577311515808105	2.0006887912750244	1.7583906650543213	1.5621085166931152	1.2365432977676392	False	[0 1 1 0 0 0 0 1 0]	[1 0 0 1 0 0 1 0 0]	[0 0 0 1 0 0]	[0 1 1 0 1 0]	[2]	[0 1 1 0 0 0 0 1 1]	[1 0 0 1 0 0 0 0 0]	[0 0 0 0 0 0]	[0 0 1 0 1 0]	[12]
52	-0.75	6.4275054931640625	2.120425224304199	1.934059977531433	1.5398398637771606	0.8331804275512695	False	[0 1 1 0 0 0 0 1 1]	[1 0 0 1 0 0 0 0 0]	[0 0 0 0 0 0]	[0 0 1 0 1 0]	[12]	[0 1 1 0 0 0 0 1 0]	[1 1 0 1 0 0 0 0 0]	[0 1 0 0 0 0]	[0 0 0 0 1 0]	[2]
52	-0.75	6.25687313079834	2.0367889404296875	1.7593395709991455	1.3922127485275269	1.0685319900512695	False	[0 1 1 0 0 0 0 1 0]	[1 1 0 1 0 0 0 0 0]	[0 1 0 0 0 0]	[0 0 0 0 1 0]	[2]	[0 0 1 0 0 0 0 1 0]	[1 1 0 1 0 0 1 0 0]	[0 1 0 0 1 0]	[0 0 1 0 1 0]	[2]
52	-0.5	5.710707664489746	1.9752362966537476	1.9581501483917236	1.0136138200759888	0.7637078166007996	False	[0 0 1 0 0 0 0 1 0]	[1 1 0 1 0 0 1 0 0]	[0 1 0 0 1 0]	[0 0 1 0 1 0]	[2]	[0 0 1 0 0 0 0 1 1]	[1 1 0 1 0 0 0 0 0]	[0 1 0 1 1 0]	[0 0 0 0 1 0]	[4]
52	0.3766501247882843	5.163624286651611	2.018014430999756	2.069063186645508	0.7266852259635925	0.3498615622520447	False	[0 0 1 0 0 0 0 1 1]	[1 1 0 1 0 0 0 0 0]	[0 1 0 1 1 0]	[0 0 0 0 1 0]	[4]	[0 0 1 0 0 0 0 1 0]	[1 0 0 1 0 0 0 0 0]	[1 1 0 1 1 0]	[0 0 0 0 0 0]	[8]
52	0.40232884883880615	4.300875663757324	2.087841510772705	2.095856189727783	0.06841432303190231	0.04876352846622467	False	[0 0 1 0 0 0 0 1 0]	[1 0 0 1 0 0 0 0 0]	[1 1 0 1 1 0]	[0 0 0 0 0 0]	[8]	[0 1 1 0 0 0 0 1 0]	[0 0 0 1 0 0 0 0 0]	[0 1 0 1 1 0]	[1 0 0 0 0 0]	[8]
52	0.44603610038757324	4.341142177581787	2.0694074630737305	2.087590217590332	0.13642175495624542	0.04772282391786575	False	[0 1 1 0 0 0 0 1 0]	[0 0 0 1 0 0 0 0 0]	[0 1 0 1 1 0]	[1 0 0 0 0 0]	[8]	[0 0 1 0 0 0 0 1 0]	[1 0 0 1 0 0 0 0 0]	[1 1 0 1 1 0]	[0 0 0 0 0 0]	[8]
52	0.451785683631897	4.348591327667236	2.0878825187683105	2.0924878120422363	0.1159263402223587	0.05229489505290985	False	[0 0 1 0 0 0 0 1 0]	[1 0 0 1 0 0 0 0 0]	[1 1 0 1 1 0]	[0 0 0 0 0 0]	[8]	[0 1 1 0 0 0 0 1 0]	[0 0 0 1 0 0 0 0 0]	[0 1 0 1 1 0]	[1 0 0 0 0 0]	[8]
52	0.421638160943985	4.310572147369385	2.0644819736480713	2.0824339389801025	0.10613544285297394	0.05752067267894745	False	[0 1 1 0 0 0 0 1 0]	[0 0 0 1 0 0 0 0 0]	[0 1 0 1 1 0]	[1 0 0 0 0 0]	[8]	[0 0 1 0 0 0 0 1 0]	[1 0 0 1 0 0 0 0 0]	[1 1 0 1 1 0]	[0 0 0 0 0 0]	[8]
52	0.43072906136512756	4.339326858520508	2.080756664276123	2.0903782844543457	0.10905839502811432	0.0591333732008934	False	[0 0 1 0 0 0 0 1 0]	[1 0 0 1 0 0 0 0 0]	[1 1 0 1 1 0]	[0 0 0 0 0 0]	[8]	[0 1 1 0 0 0 0 1 0]	[0 0 0 1 0 0 0 0 0]	[0 1 0 1 1 0]	[1 0 0 0 0 0]	[8]
52	0.373556911945343	4.336919784545898	2.075953245162964	2.0901081562042236	0.12012507766485214	0.050733279436826706	False	[0 1 1 0 0 0 0 1 0]	[0 0 0 1 0 0 0 0 0]	[0 1 0 1 1 0]	[1 0 0 0 0 0]	[8]	[0 0 1 0 0 0 0 1 0]	[1 0 0 1 0 0 0 0 0]	[1 1 0 1 1 0]	[0 0 0 0 0 0]	[8]
52	0.33937740325927734	4.333388328552246	2.081688165664673	2.0881078243255615	0.1015547439455986	0.06203732639551163	False	[0 0 1 0 0 0 0 1 0]	[1 0 0 1 0 0 0 0 0]	[1 1 0 1 1 0]	[0 0 0 0 0 0]	[8]	[0 1 1 0 0 0 0 1 0]	[0 0 0 1 0 0 0 0 0]	[0 1 0 1 1 0]	[1 0 0 0 0 0]	[8]
52	0.4426947832107544	4.325033664703369	2.080312967300415	2.0859668254852295	0.10234589874744415	0.05640798062086105	False	[0 1 1 0 0 0 0 1 0]	[0 0 0 1 0 0 0 0 0]	[0 1 0 1 1 0]	[1 0 0 0 0 0]	[8]	[0 0 1 0 0 0 0 1 0]	[1 0 0 1 0 0 0 0 0]	[1 1 0 1 1 0]	[0 0 0 0 0 0]	[8]
52	0.3489108979701996	4.298316955566406	2.0796852111816406	2.0905709266662598	0.07126092165708542	0.056799910962581635	False	[0 0 1 0 0 0 0 1 0]	[1 0 0 1 0 0 0 0 0]	[1 1 0 1 1 0]	[0 0 0 0 0 0]	[8]	[0 1 1 0 0 0 0 1 0]	[0 0 0 1 0 0 0 0 0]	[0 1 0 1 1 0]	[1 0 0 0 0 0]	[8]
52	0.38814932107925415	4.305387496948242	2.0708329677581787	2.0906059741973877	0.09726425260305405	0.04668426513671875	False	[0 1 1 0 0 0 0 1 0]	[0 0 0 1 0 0 0 0 0]	[0 1 0 1 1 0]	[1 0 0 0 0 0]	[8]	[0 0 1 0 0 0 0 1 0]	[1 0 0 1 0 0 0 0 0]	[1 1 0 1 1 0]	[0 0 0 0 0 0]	[8]
52	0.3675592243671417	4.322743892669678	2.0880229473114014	2.0894460678100586	0.09019660204648972	0.055077794939279556	False	[0 0 1 0 0 0 0 1 0]	[1 0 0 1 0 0 0 0 0]	[1 1 0 1 1 0]	[0 0 0 0 0 0]	[8]	[0 1 1 0 0 0 0 1 0]	[0 0 0 1 0 0 0 0 0]	[0 1 0 1 1 0]	[1 0 0 0 0 0]	[8]
52	0.38149064779281616	4.306723594665527	2.0762224197387695	2.0867204666137695	0.09020082652568817	0.05357956886291504	False	[0 1 1 0 0 0 0 1 0]	[0 0 0 1 0 0 0 0 0]	[0 1 0 1 1 0]	[1 0 0 0 0 0]	[8]	[0 0 1 0 0 0 0 1 0]	[1 0 0 1 0 0 0 0 0]	[1 1 0 1 1 0]	[0 0 0 0 0 0]	[8]
52	0.3460361063480377	4.303491115570068	2.085129737854004	2.092759609222412	0.08037950843572617	0.045222289860248566	False	[0 0 1 0 0 0 0 1 0]	[1 0 0 1 0 0 0 0 0]	[1 1 0 1 1 0]	[0 0 0 0 0 0]	[8]	[0 1 1 0 0 0 0 1 0]	[0 0 0 1 0 0 0 0 0]	[0 1 0 1 1 0]	[1 0 0 0 0 0]	[8]
52	0.400115042924881	4.293579578399658	2.070283889770508	2.083911657333374	0.08810198307037354	0.051281869411468506	False	[0 1 1 0 0 0 0 1 0]	[0 0 0 1 0 0 0 0 0]	[0 1 0 1 1 0]	[1 0 0 0 0 0]	[8]	[0 0 1 0 0 0 0 1 0]	[1 0 0 1 0 0 0 0 0]	[1 1 0 1 1 0]	[0 0 0 0 0 0]	[8]
52	0.3852745294570923	4.32041597366333	2.0858895778656006	2.09142804145813	0.07697000354528427	0.06612811237573624	False	[0 0 1 0 0 0 0 1 0]	[1 0 0 1 0 0 0 0 0]	[1 1 0 1 1 0]	[0 0 0 0 0 0]	[8]	[0 1 1 0 0 0 0 1 0]	[0 0 0 1 0 0 0 0 0]	[0 1 0 1 1 0]	[1 0 0 0 0 0]	[8]
52	0.4240703880786896	4.343170166015625	2.0723299980163574	2.09124493598938	0.12896686792373657	0.05062815546989441	False	[0 1 1 0 0 0 0 1 0]	[0 0 0 1 0 0 0 0 0]	[0 1 0 1 1 0]	[1 0 0 0 0 0]	[8]	[0 0 1 0 0 0 0 1 0]	[1 0 0 1 0 0 0 0 0]	[1 1 0 1 1 0]	[0 0 0 0 0 0]	[8]
52	0.4125472605228424	4.337550640106201	2.0781893730163574	2.0949594974517822	0.11259128898382187	0.051810070872306824	False	[0 0 1 0 0 0 0 1 0]	[1 0 0 1 0 0 0 0 0]	[1 1 0 1 1 0]	[0 0 0 0 0 0]	[8]	[0 1 1 0 0 0 0 1 0]	[0 0 0 1 0 0 0 0 0]	[0 1 0 1 1 0]	[1 0 0 0 0 0]	[8]
52	0.39483195543289185	4.331712245941162	2.0729594230651855	2.0938453674316406	0.10750644654035568	0.05740102007985115	False	[0 1 1 0 0 0 0 1 0]	[0 0 0 1 0 0 0 0 0]	[0 1 0 1 1 0]	[1 0 0 0 0 0]	[8]	[0 0 1 0 0 0 0 1 0]	[1 0 0 1 0 0 0 0 0]	[1 1 0 1 1 0]	[0 0 0 0 0 0]	[8]
52	0.40345636010169983	4.303448677062988	2.0846214294433594	2.09506893157959	0.06530046463012695	0.05845767259597778	False	[0 0 1 0 0 0 0 1 0]	[1 0 0 1 0 0 0 0 0]	[1 1 0 1 1 0]	[0 0 0 0 0 0]	[8]	[0 1 1 0 0 0 0 1 0]	[0 0 0 1 0 0 0 0 0]	[0 1 0 1 1 0]	[1 0 0 0 0 0]	[8]
52	0.3996724486351013	4.295825958251953	2.079300880432129	2.089217185974121	0.07647738605737686	0.050830572843551636	False	[0 1 1 0 0 0 0 1 0]	[0 0 0 1 0 0 0 0 0]	[0 1 0 1 1 0]	[1 0 0 0 0 0]	[8]	[0 0 1 0 0 0 0 1 0]	[1 0 0 1 0 0 0 0 0]	[1 1 0 1 1 0]	[0 0 0 0 0 0]	[8]
52	0.4642179012298584	4.313846111297607	2.0935096740722656	2.091135025024414	0.07384023815393448	0.055361442267894745	False	[0 0 1 0 0 0 0 1 0]	[1 0 0 1 0 0 0 0 0]	[1 1 0 1 1 0]	[0 0 0 0 0 0]	[8]	[0 1 1 0 0 0 0 1 0]	[0 0 0 1 0 0 0 0 0]	[0 1 0 1 1 0]	[1 0 0 0 0 0]	[8]
52	0.3704340159893036	4.301217555999756	2.0833075046539307	2.0931804180145264	0.06905821710824966	0.055671319365501404	False	[0 1 1 0 0 0 0 1 0]	[0 0 0 1 0 0 0 0 0]	[0 1 0 1 1 0]	[1 0 0 0 0 0]	[8]	[0 0 1 0 0 0 0 1 0]	[1 0 0 1 0 0 0 0 0]	[1 1 0 1 1 0]	[0 0 0 0 0 0]	[8]
52	0.3551270067691803	4.3224921226501465	2.0736329555511475	2.0922088623046875	0.10823839902877808	0.04841197282075882	False	[0 0 1 0 0 0 0 1 0]	[1 0 0 1 0 0 0 0 0]	[1 1 0 1 1 0]	[0 0 0 0 0 0]	[8]	[0 1 1 0 0 0 0 1 0]	[0 0 0 1 0 0 0 0 0]	[0 1 0 1 1 0]	[1 0 0 0 0 0]	[8]
52	0.369967520236969	4.3213653564453125	2.0782358646392822	2.085186004638672	0.1083403080701828	0.04960339888930321	False	[0 1 1 0 0 0 0 1 0]	[0 0 0 1 0 0 0 0 0]	[0 1 0 1 1 0]	[1 0 0 0 0 0]	[8]	[0 0 1 0 0 0 0 1 0]	[1 0 0 1 0 0 0 0 0]	[1 1 0 1 1 0]	[0 0 0 0 0 0]	[8]
53	-0.5	6.0248494148254395	1.978456735610962	1.9865840673446655	0.8697946071624756	1.1900142431259155	False	[0 0 1 0 0 0 1 0 0]	[0 0 1 0 0 0 0 0 0]	[0 1 0 0 0 1]	[0 0 0 0 1 0]	[4]	[0 0 1 1 0 0 1 0 0]	[0 1 1 0 0 0 0 0 0]	[0 1 1 0 0 1]	[0 0 0 0 0 0]	[4]
53	-0.5	5.966091632843018	1.9689081907272339	2.058835506439209	1.35001802444458	0.5883296728134155	False	[0 0 1 1 0 0 1 0 0]	[0 1 1 0 0 0 0 0 0]	[0 1 1 0 0 1]	[0 0 0 0 0 0]	[4]	[0 0 1 1 1 0 1 0 0]	[0 1 0 0 0 0 0 0 0]	[0 1 0 0 0 1]	[1 0 0 0 0 0]	[4]
53	-0.5	6.476010322570801	1.9079911708831787	2.023879051208496	1.3303550481796265	1.2137854099273682	False	[0 0 1 1 1 0 1 0 0]	[0 1 0 0 0 0 0 0 0]	[0 1 0 0 0 1]	[1 0 0 0 0 0]	[4]	[0 0 1 0 1 0 1 0 0]	[0 1 1 0 0 0 0 0 0]	[0 1 1 0 0 1]	[0 0 0 0 0 0]	[4]
53	-0.5	6.188414096832275	1.9789049625396729	2.0638890266418457	1.4430241584777832	0.7025958895683289	False	[0 0 1 0 1 0 1 0 0]	[0 1 1 0 0 0 0 0 0]	[0 1 1 0 0 1]	[0 0 0 0 0 0]	[4]	[0 0 1 0 0 0 1 0 0]	[0 1 0 0 0 0 0 0 0]	[0 1 0 0 0 1]	[1 0 0 0 0 0]	[4]
53	0.0734352096915245	5.4376349449157715	2.1070237159729004	1.8396533727645874	0.8307963609695435	0.6601616144180298	False	[0 0 1 0 0 0 1 0 0]	[0 1 0 0 0 0 0 0 0]	[0 1 0 0 0 1]	[1 0 0 0 0 0]	[4]	[0 0 1 0 0 0 0 0 0]	[0 0 0 0 0 0 0 0 0]	[0 1 1 0 0 1]	[0 0 0 0 0 0]	[8]
53	-0.5	5.639175891876221	2.0895442962646484	1.8996410369873047	1.5776029825210571	0.07238763570785522	False	[0 0 1 0 0 0 0 0 0]	[0 0 0 0 0 0 0 0 0]	[0 1 1 0 0 1]	[0 0 0 0 0 0]	[8]	[0 0 1 0 0 0 1 0 0]	[0 1 0 0 0 0 0 0 0]	[0 1 0 0 0 1]	[1 0 0 0 0 0]	[4]
53	0.06398986279964447	5.570727348327637	2.1031997203826904	1.82586669921875	0.8788800835609436	0.7627806067466736	False	[0 0 1 0 0 0 1 0 0]	[0 1 0 0 0 0 0 0 0]	[0 1 0 0 0 1]	[1 0 0 0 0 0]	[4]	[0 0 1 0 0 0 0 0 0]	[0 0 0 0 0 0 0 0 0]	[0 1 1 0 0 1]	[0 0 0 0 0 0]	[8]
53	0.4728423058986664	5.473899841308594	2.0614166259765625	1.870658040046692	1.4563111066818237	0.08551390469074249	False	[0 0 1 0 0 0 0 0 0]	[0 0 0 0 0 0 0 0 0]	[0 1 1 0 0 1]	[0 0 0 0 0 0]	[8]	[0 0 1 0 0 0 1 0 0]	[0 1 0 0 0 0 0 0 0]	[0 1 1 0 1 1]	[1 0 0 0 0 0]	[8]
53	0.38814932107925415	4.609142303466797	2.0672531127929688	1.9413918256759644	0.5477877259254456	0.052709683775901794	False	[0 0 1 0 0 0 1 0 0]	[0 1 0 0 0 0 0 0 0]	[0 1 1 0 1 1]	[1 0 0 0 0 0]	[8]	[0 0 1 0 1 0 1 0 0]	[0 1 1 0 0 0 0 0 0]	[1 1 1 0 1 1]	[0 0 0 0 0 0]	[8]
53	0.4881493151187897	4.675572872161865	2.0752952098846436	2.124621868133545	0.4168205261230469	0.05883542448282242	False	[0 0 1 0 1 0 1 0 0]	[0 1 1 0 0 0 0 0 0]	[1 1 1 0 1 1]	[0 0 0 0 0 0]	[8]	[0 0 1 0 0 0 1 0 0]	[0 1 0 0 0 0 0 0 0]	[0 1 1 0 1 1]	[1 0 0 0 0 0]	[8]
53	0.391024112701416	4.669898986816406	2.0571043491363525	1.9666235446929932	0.5974568128585815	0.0487140454351902	False	[0 0 1 0 0 0 1 0 0]	[0 1 0 0 0 0 0 0 0]	[0 1 1 0 1 1]	[1 0 0 0 0 0]	[8]	[0 0 1 0 1 0 1 0 0]	[0 1 1 0 0 0 0 0 0]	[1 1 1 0 1 1]	[0 0 0 0 0 0]	[8]
53	0.4943654239177704	4.705229759216309	2.076828956604004	2.1274325847625732	0.44318684935569763	0.05778145045042038	False	[0 0 1 0 1 0 1 0 0]	[0 1 1 0 0 0 0 0 0]	[1 1 1 0 1 1]	[0 0 0 0 0 0]	[8]	[0 0 1 0 0 0 1 0 0]	[0 1 0 0 0 0 0 0 0]	[0 1 1 0 1 1]	[1 0 0 0 0 0]	[8]
53	0.391024112701416	4.708033084869385	2.051179885864258	1.957493543624878	0.6515059471130371	0.047853581607341766	False	[0 0 1 0 0 0 1 0 0]	[0 1 0 0 0 0 0 0 0]	[0 1 1 0 1 1]	[1 0 0 0 0 0]	[8]	[0 0 1 0 1 0 1 0 0]	[0 1 1 0 0 0 0 0 0]	[1 1 1 0 1 1]	[0 0 0 0 0 0]	[8]
53	0.4551270008087158	4.853071689605713	2.066836357116699	2.117354393005371	0.6230403184890747	0.045840755105018616	False	[0 0 1 0 1 0 1 0 0]	[0 1 1 0 0 0 0 0 0]	[1 1 1 0 1 1]	[0 0 0 0 0 0]	[8]	[0 0 1 0 0 0 1 0 0]	[0 1 0 0 0 0 0 0 0]	[0 1 1 0 1 1]	[1 0 0 0 0 0]	[8]
53	0.369967520236969	4.641114234924316	2.059443950653076	1.9517711400985718	0.5841198563575745	0.04577898979187012	False	[0 0 1 0 0 0 1 0 0]	[0 1 0 0 0 0 0 0 0]	[0 1 1 0 1 1]	[1 0 0 0 0 0]	[8]	[0 0 1 0 1 0 1 0 0]	[0 1 1 0 0 0 0 0 0]	[1 1 1 0 1 1]	[0 0 0 0 0 0]	[8]
53	0.44603610038757324	4.707939147949219	2.0740878582000732	2.120007038116455	0.45696187019348145	0.05688301846385002	False	[0 0 1 0 1 0 1 0 0]	[0 1 1 0 0 0 0 0 0]	[1 1 1 0 1 1]	[0 0 0 0 0 0]	[8]	[0 0 1 0 0 0 1 0 0]	[0 1 0 0 0 0 0 0 0]	[0 1 1 0 1 1]	[1 0 0 0 0 0]	[8]
53	0.4790584146976471	4.638951778411865	2.0634543895721436	1.9449925422668457	0.5831130743026733	0.047392018139362335	False	[0 0 1 0 0 0 1 0 0]	[0 1 0 0 0 0 0 0 0]	[0 1 1 0 1 1]	[1 0 0 0 0 0]	[8]	[0 0 1 0 1 0 1 0 0]	[0 1 1 0 0 0 0 0 0]	[1 1 1 0 1 1]	[0 0 0 0 0 0]	[8]
53	0.48193320631980896	4.765471458435059	2.071533679962158	2.119396209716797	0.5274773836135864	0.04706454277038574	False	[0 0 1 0 1 0 1 0 0]	[0 1 1 0 0 0 0 0 0]	[1 1 1 0 1 1]	[0 0 0 0 0 0]	[8]	[0 0 1 0 0 0 1 0 0]	[0 1 0 0 0 0 0 0 0]	[0 1 1 0 1 1]	[1 0 0 0 0 0]	[8]
53	0.41829684376716614	4.730123996734619	2.052640914916992	1.94517183303833	0.6907891035079956	0.041521914303302765	False	[0 0 1 0 0 0 1 0 0]	[0 1 0 0 0 0 0 0 0]	[0 1 1 0 1 1]	[1 0 0 0 0 0]	[8]	[0 0 1 0 1 0 1 0 0]	[0 1 1 0 0 0 0 0 0]	[1 1 1 0 1 1]	[0 0 0 0 0 0]	[8]
53	0.43981999158859253	4.767583847045898	2.077521800994873	2.1156885623931885	0.5177696347236633	0.056603603065013885	False	[0 0 1 0 1 0 1 0 0]	[0 1 1 0 0 0 0 0 0]	[1 1 1 0 1 1]	[0 0 0 0 0 0]	[8]	[0 0 1 0 0 0 1 0 0]	[0 1 0 0 0 0 0 0 0]	[0 1 1 0 1 1]	[1 0 0 0 0 0]	[8]
53	0.41829684376716614	4.707152843475342	2.0615429878234863	1.96675443649292	0.640455961227417	0.03839915990829468	False	[0 0 1 0 0 0 1 0 0]	[0 1 0 0 0 0 0 0 0]	[0 1 1 0 1 1]	[1 0 0 0 0 0]	[8]	[0 0 1 0 1 0 1 0 0]	[0 1 1 0 0 0 0 0 0]	[1 1 1 0 1 1]	[0 0 0 0 0 0]	[8]
53	0.4273877739906311	4.687278747558594	2.076826810836792	2.1265201568603516	0.41942429542541504	0.06450732052326202	False	[0 0 1 0 1 0 1 0 0]	[0 1 1 0 0 0 0 0 0]	[1 1 1 0 1 1]	[0 0 0 0 0 0]	[8]	[0 0 1 0 0 0 1 0 0]	[0 1 0 0 0 0 0 0 0]	[0 1 1 0 1 1]	[1 0 0 0 0 0]	[8]
53	0.391490638256073	4.6801838874816895	2.0570921897888184	1.9495192766189575	0.6290853023529053	0.04448755830526352	False	[0 0 1 0 0 0 1 0 0]	[0 1 0 0 0 0 0 0 0]	[0 1 1 0 1 1]	[1 0 0 0 0 0]	[8]	[0 0 1 0 1 0 1 0 0]	[0 1 1 0 0 0 0 0 0]	[1 1 1 0 1 1]	[0 0 0 0 0 0]	[8]
53	0.46087661385536194	4.671742916107178	2.0736615657806396	2.1193864345550537	0.4323050379753113	0.04639003425836563	False	[0 0 1 0 1 0 1 0 0]	[0 1 1 0 0 0 0 0 0]	[1 1 1 0 1 1]	[0 0 0 0 0 0]	[8]	[0 0 1 0 0 0 1 0 0]	[0 1 0 0 0 0 0 0 0]	[0 1 1 0 1 1]	[1 0 0 0 0 0]	[8]
53	0.38814932107925415	4.712634086608887	2.0523970127105713	1.9454182386398315	0.6691820621490479	0.04563726857304573	False	[0 0 1 0 0 0 1 0 0]	[0 1 0 0 0 0 0 0 0]	[0 1 1 0 1 1]	[1 0 0 0 0 0]	[8]	[0 0 1 0 1 0 1 0 0]	[0 1 1 0 0 0 0 0 0]	[1 1 1 0 1 1]	[0 0 0 0 0 0]	[8]
53	0.4537513852119446	4.596601486206055	2.07562518119812	2.1177785396575928	0.3507545292377472	0.0524430125951767	False	[0 0 1 0 1 0 1 0 0]	[0 1 1 0 0 0 0 0 0]	[1 1 1 0 1 1]	[0 0 0 0 0 0]	[8]	[0 0 1 0 0 0 1 0 0]	[0 1 0 0 0 0 0 0 0]	[0 1 1 0 1 1]	[1 0 0 0 0 0]	[8]
53	0.4336038827896118	4.7505784034729	2.0473272800445557	1.9552415609359741	0.6949062347412109	0.0531032457947731	False	[0 0 1 0 0 0 1 0 0]	[0 1 0 0 0 0 0 0 0]	[0 1 1 0 1 1]	[1 0 0 0 0 0]	[8]	[0 0 1 0 1 0 1 0 0]	[0 1 1 0 0 0 0 0 0]	[1 1 1 0 1 1]	[0 0 0 0 0 0]	[8]
53	0.4426947832107544	4.653688430786133	2.075073480606079	2.117672920227051	0.40014272928237915	0.06079975888133049	False	[0 0 1 0 1 0 1 0 0]	[0 1 1 0 0 0 0 0 0]	[1 1 1 0 1 1]	[0 0 0 0 0 0]	[8]	[0 0 1 0 0 0 1 0 0]	[0 1 0 0 0 0 0 0 0]	[0 1 1 0 1 1]	[1 0 0 0 0 0]	[8]
53	0.46087661385536194	4.697629928588867	2.062267780303955	1.9536750316619873	0.6393642425537109	0.04232320934534073	False	[0 0 1 0 0 0 1 0 0]	[0 1 0 0 0 0 0 0 0]	[0 1 1 0 1 1]	[1 0 0 0 0 0]	[8]	[0 0 1 0 1 0 1 0 0]	[0 1 1 0 0 0 0 0 0]	[1 1 1 0 1 1]	[0 0 0 0 0 0]	[8]
53	0.451785683631897	4.662603378295898	2.0753848552703857	2.1266331672668457	0.40381765365600586	0.05676807463169098	False	[0 0 1 0 1 0 1 0 0]	[0 1 1 0 0 0 0 0 0]	[1 1 1 0 1 1]	[0 0 0 0 0 0]	[8]	[0 0 1 0 0 0 1 0 0]	[0 1 0 0 0 0 0 0 0]	[0 1 1 0 1 1]	[1 0 0 0 0 0]	[8]
54	-0.5	7.1664719581604	2.208822250366211	2.0209338665008545	1.4279909133911133	1.5087248086929321	False	[0 0 0 0 0 0 0 0 0]	[0 0 0 0 0 0 0 0 0]	[0 0 0 0 0 0]	[0 1 1 0 0 1]	[0]	[0 0 0 0 0 0 1 0 0]	[0 0 0 0 0 1 0 0 0]	[0 0 0 0 1 0]	[0 1 1 0 0 1]	[4]
54	0.12201747298240662	6.787433624267578	2.08070969581604	1.8007553815841675	1.3952012062072754	1.5107674598693848	False	[0 0 0 0 0 0 1 0 0]	[0 0 0 0 0 1 0 0 0]	[0 0 0 0 1 0]	[0 1 1 0 0 1]	[4]	[0 0 0 0 0 0 0 0 0]	[0 0 0 0 0 0 0 0 0]	[0 1 0 0 1 0]	[0 1 0 0 0 1]	[18]
54	-0.75	6.242881774902344	2.032543420791626	1.9903535842895508	1.0137712955474854	1.2062138319015503	False	[0 0 0 0 0 0 0 0 0]	[0 0 0 0 0 0 0 0 0]	[0 1 0 0 1 0]	[0 1 0 0 0 1]	[18]	[0 1 0 0 0 0 0 0 0]	[0 0 0 0 0 1 0 0 0]	[0 1 0 1 1 0]	[0 1 0 0 0 0]	[2]
54	-0.25	5.642251968383789	2.0270607471466064	1.911042332649231	1.072678565979004	0.6314702033996582	False	[0 1 0 0 0 0 0 0 0]	[0 0 0 0 0 1 0 0 0]	[0 1 0 1 1 0]	[0 1 0 0 0 0]	[2]	[0 0 0 0 0 0 0 0 0]	[0 1 0 0 0 1 0 0 0]	[0 1 0 0 1 0]	[0 0 0 0 0 0]	[6]
54	0.48193320631980896	4.458261489868164	2.0011324882507324	2.1241869926452637	0.2205859124660492	0.1123560294508934	False	[0 0 0 0 0 0 0 0 0]	[0 1 0 0 0 1 0 0 0]	[0 1 0 0 1 0]	[0 0 0 0 0 0]	[6]	[0 0 0 0 0 0 0 1 0]	[0 0 0 0 0 1 0 0 0]	[0 1 0 1 1 0]	[1 0 0 0 0 0]	[8]
54	0.05146950110793114	4.260283946990967	2.0610430240631104	2.0327847003936768	0.08761594444513321	0.07884044945240021	False	[0 0 0 0 0 0 0 1 0]	[0 0 0 0 0 1 0 0 0]	[0 1 0 1 1 0]	[1 0 0 0 0 0]	[8]	[1 0 0 0 0 0 0 1 0]	[0 0 0 0 0 0 0 0 0]	[1 1 0 1 1 0]	[0 0 0 0 0 0]	[8]
54	0.3723997175693512	4.07916784286499	2.0997698307037354	1.9252324104309082	0.028003618121147156	0.026161838322877884	False	[1 0 0 0 0 0 0 1 0]	[0 0 0 0 0 0 0 0 0]	[1 1 0 1 1 0]	[0 0 0 0 0 0]	[8]	[0 0 0 0 0 0 0 1 0]	[0 0 1 0 0 0 0 0 0]	[0 1 0 1 1 0]	[1 0 0 0 0 0]	[8]
54	0.4790584146976471	4.405012607574463	2.108717441558838	2.122166872024536	0.08246336132287979	0.09166500717401505	False	[0 0 0 0 0 0 0 1 0]	[0 0 1 0 0 0 0 0 0]	[0 1 0 1 1 0]	[1 0 0 0 0 0]	[8]	[0 0 0 0 1 0 0 1 0]	[1 0 1 0 0 0 0 0 0]	[1 1 0 1 1 0]	[0 0 0 0 0 0]	[8]
54	0.4364786744117737	4.406667709350586	2.103564500808716	2.160889148712158	0.04639798775315285	0.09581585228443146	False	[0 0 0 0 1 0 0 1 0]	[1 0 1 0 0 0 0 0 0]	[1 1 0 1 1 0]	[0 0 0 0 0 0]	[8]	[0 0 0 0 1 0 0 0 0]	[1 1 1 0 0 0 0 0 0]	[0 1 0 1 1 0]	[1 0 0 0 0 0]	[8]
54	0.10651598125696182	4.176604747772217	2.120234489440918	1.9562726020812988	0.06636521220207214	0.033732566982507706	False	[0 0 0 0 1 0 0 0 0]	[1 1 1 0 0 0 0 0 0]	[0 1 0 1 1 0]	[1 0 0 0 0 0]	[8]	[0 0 0 0 0 0 0 0 0]	[0 1 1 0 0 0 0 0 0]	[1 1 0 1 1 0]	[0 0 0 0 0 0]	[8]
54	0.4637514054775238	4.217841148376465	2.122580051422119	1.9492597579956055	0.10787664353847504	0.03812435641884804	False	[0 0 0 0 0 0 0 0 0]	[0 1 1 0 0 0 0 0 0]	[1 1 0 1 1 0]	[0 0 0 0 0 0]	[8]	[0 0 0 0 1 0 0 0 0]	[1 1 1 0 0 0 0 0 0]	[0 1 0 1 1 0]	[1 0 0 0 0 0]	[8]
54	0.10252518206834793	4.198529243469238	2.113973617553711	1.9625762701034546	0.08008244633674622	0.041896697133779526	False	[0 0 0 0 1 0 0 0 0]	[1 1 1 0 0 0 0 0 0]	[0 1 0 1 1 0]	[1 0 0 0 0 0]	[8]	[0 0 0 0 0 0 0 0 0]	[0 1 1 0 0 0 0 0 0]	[1 1 0 1 1 0]	[0 0 0 0 0 0]	[8]
54	0.40345636010169983	4.185803413391113	2.1223182678222656	1.9532384872436523	0.07779926061630249	0.03244735300540924	False	[0 0 0 0 0 0 0 0 0]	[0 1 1 0 0 0 0 0 0]	[1 1 0 1 1 0]	[0 0 0 0 0 0]	[8]	[0 0 0 0 1 0 0 0 0]	[1 1 1 0 0 0 0 0 0]	[0 1 0 1 1 0]	[1 0 0 0 0 0]	[8]
54	0.09426097571849823	4.196861267089844	2.125333309173584	1.950939655303955	0.07835525274276733	0.04223309084773064	False	[0 0 0 0 1 0 0 0 0]	[1 1 1 0 0 0 0 0 0]	[0 1 0 1 1 0]	[1 0 0 0 0 0]	[8]	[0 0 0 0 0 0 0 0 0]	[0 1 1 0 0 0 0 0 0]	[1 1 0 1 1 0]	[0 0 0 0 0 0]	[8]
54	0.5154220461845398	4.209275245666504	2.1100711822509766	1.9708788394927979	0.09312137961387634	0.03520381823182106	False	[0 0 0 0 0 0 0 0 0]	[0 1 1 0 0 0 0 0 0]	[1 1 0 1 1 0]	[0 0 0 0 0 0]	[8]	[0 0 0 0 1 0 0 0 0]	[1 1 1 0 0 0 0 0 0]	[0 1 0 1 1 0]	[1 0 0 0 0 0]	[8]
54	0.1488533765077591	4.173093795776367	2.1114039421081543	1.9660391807556152	0.060980234295129776	0.034670330584049225	False	[0 0 0 0 1 0 0 0 0]	[1 1 1 0 0 0 0 0 0]	[0 1 0 1 1 0]	[1 0 0 0 0 0]	[8]	[0 0 0 0 0 0 0 0 0]	[0 1 1 0 0 0 0 0 0]	[1 1 0 1 1 0]	[0 0 0 0 0 0]	[8]
54	0.4125472605228424	4.176910400390625	2.1237568855285645	1.944098711013794	0.07180631160736084	0.03724794462323189	False	[0 0 0 0 0 0 0 0 0]	[0 1 1 0 0 0 0 0 0]	[1 1 0 1 1 0]	[0 0 0 0 0 0]	[8]	[0 0 0 0 1 0 0 0 0]	[1 1 1 0 0 0 0 0 0]	[0 1 0 1 1 0]	[1 0 0 0 0 0]	[8]
54	0.1013861745595932	4.179337978363037	2.117008924484253	1.9566943645477295	0.06891538947820663	0.036719515919685364	False	[0 0 0 0 1 0 0 0 0]	[1 1 1 0 0 0 0 0 0]	[0 1 0 1 1 0]	[1 0 0 0 0 0]	[8]	[0 0 0 0 0 0 0 0 0]	[0 1 1 0 0 0 0 0 0]	[1 1 0 1 1 0]	[0 0 0 0 0 0]	[8]
54	0.45466047525405884	4.165238857269287	2.121434211730957	1.9512858390808105	0.05901091918349266	0.03350796550512314	False	[0 0 0 0 0 0 0 0 0]	[0 1 1 0 0 0 0 0 0]	[1 1 0 1 1 0]	[0 0 0 0 0 0]	[8]	[0 0 0 0 1 0 0 0 0]	[1 1 1 0 0 0 0 0 0]	[0 1 0 1 1 0]	[1 0 0 0 0 0]	[8]
54	0.08517006784677505	4.207831859588623	2.1127679347991943	1.9605214595794678	0.09938928484916687	0.03515345975756645	False	[0 0 0 0 1 0 0 0 0]	[1 1 1 0 0 0 0 0 0]	[0 1 0 1 1 0]	[1 0 0 0 0 0]	[8]	[0 0 0 0 0 0 0 0 0]	[0 1 1 0 0 0 0 0 0]	[1 1 0 1 1 0]	[0 0 0 0 0 0]	[8]
54	0.4699675142765045	4.172663688659668	2.1155002117156982	1.9499459266662598	0.07129129022359848	0.035926539450883865	False	[0 0 0 0 0 0 0 0 0]	[0 1 1 0 0 0 0 0 0]	[1 1 0 1 1 0]	[0 0 0 0 0 0]	[8]	[0 0 0 0 1 0 0 0 0]	[1 1 1 0 0 0 0 0 0]	[0 1 0 1 1 0]	[1 0 0 0 0 0]	[8]
54	0.10659261792898178	4.189179420471191	2.112232208251953	1.9657042026519775	0.07558514922857285	0.035658109933137894	False	[0 0 0 0 1 0 0 0 0]	[1 1 1 0 0 0 0 0 0]	[0 1 0 1 1 0]	[1 0 0 0 0 0]	[8]	[0 0 0 0 0 0 0 0 0]	[0 1 1 0 0 0 0 0 0]	[1 1 0 1 1 0]	[0 0 0 0 0 0]	[8]
54	0.4336038827896118	4.193088531494141	2.1140835285186768	1.951825737953186	0.08592484891414642	0.04125475883483887	False	[0 0 0 0 0 0 0 0 0]	[0 1 1 0 0 0 0 0 0]	[1 1 0 1 1 0]	[0 0 0 0 0 0]	[8]	[0 0 0 0 1 0 0 0 0]	[1 1 1 0 0 0 0 0 0]	[0 1 0 1 1 0]	[1 0 0 0 0 0]	[8]
54	0.12607915699481964	4.173844814300537	2.1232545375823975	1.9439377784729004	0.07466050237417221	0.03199256211519241	False	[0 0 0 0 1 0 0 0 0]	[1 1 1 0 0 0 0 0 0]	[0 1 0 1 1 0]	[1 0 0 0 0 0]	[8]	[0 0 0 0 0 0 0 0 0]	[0 1 1 0 0 0 0 0 0]	[1 1 0 1 1 0]	[0 0 0 0 0 0]	[8]
54	0.48193320631980896	4.186479568481445	2.1209182739257812	1.9542068243026733	0.06870584189891815	0.04264821484684944	False	[0 0 0 0 0 0 0 0 0]	[0 1 1 0 0 0 0 0 0]	[1 1 0 1 1 0]	[0 0 0 0 0 0]	[8]	[0 0 0 0 1 0 0 0 0]	[1 1 1 0 0 0 0 0 0]	[0 1 0 1 1 0]	[1 0 0 0 0 0]	[8]
54	0.12769043445587158	4.183357238769531	2.117093086242676	1.9449174404144287	0.08212992548942566	0.039216652512550354	False	[0 0 0 0 1 0 0 0 0]	[1 1 1 0 0 0 0 0 0]	[0 1 0 1 1 0]	[1 0 0 0 0 0]	[8]	[0 0 0 0 0 0 0 0 0]	[0 1 1 0 0 0 0 0 0]	[1 1 0 1 1 0]	[0 0 0 0 0 0]	[8]
54	0.5001150369644165	4.1770920753479	2.1188344955444336	1.9599809646606445	0.06304683536291122	0.03522989898920059	False	[0 0 0 0 0 0 0 0 0]	[0 1 1 0 0 0 0 0 0]	[1 1 0 1 1 0]	[0 0 0 0 0 0]	[8]	[0 0 0 0 1 0 0 0 0]	[1 1 1 0 0 0 0 0 0]	[0 1 0 1 1 0]	[1 0 0 0 0 0]	[8]
54	0.10120896250009537	4.206547260284424	2.120286464691162	1.9535735845565796	0.09388280659914017	0.03880416229367256	False	[0 0 0 0 1 0 0 0 0]	[1 1 1 0 0 0 0 0 0]	[0 1 0 1 1 0]	[1 0 0 0 0 0]	[8]	[0 0 0 0 0 0 0 0 0]	[0 1 1 0 0 0 0 0 0]	[1 1 0 1 1 0]	[0 0 0 0 0 0]	[8]
54	0.4426947832107544	4.16921329498291	2.1229875087738037	1.9545767307281494	0.05792252719402313	0.03372688218951225	False	[0 0 0 0 0 0 0 0 0]	[0 1 1 0 0 0 0 0 0]	[1 1 0 1 1 0]	[0 0 0 0 0 0]	[8]	[0 0 0 0 1 0 0 0 0]	[1 1 1 0 0 0 0 0 0]	[0 1 0 1 1 0]	[1 0 0 0 0 0]	[8]
54	0.12561839818954468	4.170666694641113	2.1155786514282227	1.9635721445083618	0.056302908807992935	0.03521321713924408	False	[0 0 0 0 1 0 0 0 0]	[1 1 1 0 0 0 0 0 0]	[0 1 0 1 1 0]	[1 0 0 0 0 0]	[8]	[0 0 0 0 0 0 0 0 0]	[0 1 1 0 0 0 0 0 0]	[1 1 0 1 1 0]	[0 0 0 0 0 0]	[8]
55	-1.0	6.912120819091797	2.0882411003112793	2.004486560821533	1.1646459102630615	1.6547467708587646	False	[0 0 0 0 1 0 0 0 0]	[0 1 1 0 0 0 0 0 0]	[0 0 0 1 0 1]	[0 1 1 0 1 0]	[0]	[0 0 0 1 1 0 0 0 0]	[0 1 1 0 0 0 1 0 0]	[0 0 0 1 0 1]	[0 1 1 0 0 0]	[0]
55	-1.0	5.405196189880371	1.9322586059570312	1.9603408575057983	0.6794307231903076	0.8331660032272339	False	[0 0 0 1 1 0 0 0 0]	[0 1 1 0 0 0 1 0 0]	[0 0 0 1 0 1]	[0 1 1 0 0 0]	[0]	[0 0 0 1 1 0 0 0 0]	[0 1 1 0 0 0 0 0 0]	[0 0 0 1 0 1]	[0 0 1 0 0 0]	[0]
55	-1.0	6.337684631347656	2.0821354389190674	2.085721969604492	1.329710602760315	0.8401171565055847	False	[0 0 0 1 1 0 0 0 0]	[0 1 1 0 0 0 0 0 0]	[0 0 0 1 0 1]	[0 0 1 0 0 0]	[0]	[0 0 0 0 1 0 0 0 0]	[0 1 1 1 0 0 0 0 0]	[0 0 0 1 0 1]	[0 0 1 0 1 0]	[0]
55	-1.0	6.36911153793335	2.1005523204803467	2.078399181365967	1.3369743824005127	0.8531860709190369	False	[0 0 0 0 1 0 0 0 0]	[0 1 1 1 0 0 0 0 0]	[0 0 0 1 0 1]	[0 0 1 0 1 0]	[0]	[0 0 0 1 1 0 0 0 0]	[0 1 1 1 0 0 1 0 0]	[0 0 0 1 0 1]	[0 0 1 0 0 0]	[0]
55	-1.0	5.555865287780762	1.6303436756134033	1.937736988067627	0.8580111265182495	1.1297733783721924	False	[0 0 0 1 1 0 0 0 0]	[0 1 1 1 0 0 1 0 0]	[0 0 0 1 0 1]	[0 0 1 0 0 0]	[0]	[0 0 0 1 1 0 0 0 0]	[0 1 1 1 0 0 1 0 0]	[0 0 0 1 0 1]	[0 0 1 0 0 0]	[0]
55	-0.5	5.647906303405762	1.6802871227264404	1.9250075817108154	0.7918570637702942	1.2507543563842773	False	[0 0 0 1 1 0 0 0 0]	[0 1 1 1 0 0 1 0 0]	[0 0 0 1 0 1]	[0 0 1 0 0 0]	[0]	[0 0 0 1 1 0 0 0 0]	[0 1 1 1 0 0 1 0 0]	[0 0 0 1 0 1]	[0 0 0 0 0 0]	[4]
55	-0.5	5.585984230041504	2.140782356262207	2.0189740657806396	1.1619174480438232	0.26430991291999817	False	[0 0 0 1 1 0 0 0 0]	[0 1 1 1 0 0 1 0 0]	[0 0 0 1 0 1]	[0 0 0 0 0 0]	[4]	[0 0 0 1 1 0 0 0 1]	[0 1 1 1 0 0 0 0 0]	[0 0 0 1 1 1]	[1 0 0 0 0 0]	[4]
55	-0.5	5.76423978805542	1.8592458963394165	1.86448073387146	1.0215293169021606	1.0189839601516724	False	[0 0 0 1 1 0 0 0 1]	[0 1 1 1 0 0 0 0 0]	[0 0 0 1 1 1]	[1 0 0 0 0 0]	[4]	[0 0 0 1 0 0 0 0 1]	[0 1 1 1 0 1 0 0 0]	[0 0 1 1 1 1]	[0 0 0 0 0 0]	[4]
55	0.43981999158859253	6.336507797241211	2.0569562911987305	2.0378713607788086	1.5195531845092773	0.7221271991729736	False	[0 0 0 1 0 0 0 0 1]	[0 1 1 1 0 1 0 0 0]	[0 0 1 1 1 1]	[0 0 0 0 0 0]	[4]	[0 0 0 0 0 0 0 0 1]	[0 1 1 0 0 1 0 0 0]	[0 0 1 1 0 1]	[1 0 0 0 0 0]	[8]
55	0.46087661385536194	4.376012325286865	2.136329174041748	2.186678647994995	0.010136989876627922	0.04286786541342735	False	[0 0 0 0 0 0 0 0 1]	[0 1 1 0 0 1 0 0 0]	[0 0 1 1 0 1]	[1 0 0 0 0 0]	[8]	[1 0 0 0 0 0 0 0 1]	[0 1 1 0 0 1 0 0 1]	[1 0 1 1 0 1]	[0 0 0 0 0 0]	[8]
55	0.44603610038757324	4.38777494430542	2.1301703453063965	2.1868607997894287	0.015155196189880371	0.055588945746421814	False	[1 0 0 0 0 0 0 0 1]	[0 1 1 0 0 1 0 0 1]	[1 0 1 1 0 1]	[0 0 0 0 0 0]	[8]	[0 0 0 0 0 0 0 0 1]	[0 1 1 0 0 1 0 0 0]	[0 0 1 1 0 1]	[1 0 0 0 0 0]	[8]
55	0.4426947832107544	4.3786234855651855	2.1403517723083496	2.1878576278686523	0.00618254579603672	0.04423123970627785	False	[0 0 0 0 0 0 0 0 1]	[0 1 1 0 0 1 0 0 0]	[0 0 1 1 0 1]	[1 0 0 0 0 0]	[8]	[1 0 0 0 0 0 0 0 1]	[0 1 1 0 0 1 0 0 1]	[1 0 1 1 0 1]	[0 0 0 0 0 0]	[8]
55	0.3825472593307495	4.375394821166992	2.1343870162963867	2.188007354736328	0.008457392454147339	0.04454349726438522	False	[1 0 0 0 0 0 0 0 1]	[0 1 1 0 0 1 0 0 1]	[1 0 1 1 0 1]	[0 0 0 0 0 0]	[8]	[0 0 0 0 0 0 0 0 1]	[0 1 1 0 0 1 0 0 0]	[0 0 1 1 0 1]	[1 0 0 0 0 0]	[8]
55	0.5063311457633972	4.363303184509277	2.1352970600128174	2.1872293949127197	0.005625664256513119	0.035151101648807526	False	[0 0 0 0 0 0 0 0 1]	[0 1 1 0 0 1 0 0 0]	[0 0 1 1 0 1]	[1 0 0 0 0 0]	[8]	[1 0 0 0 0 0 0 0 1]	[0 1 1 0 0 1 0 0 1]	[1 0 1 1 0 1]	[0 0 0 0 0 0]	[8]
55	0.40920594334602356	4.372167110443115	2.129007339477539	2.1874454021453857	0.009738335385918617	0.0459756962954998	False	[1 0 0 0 0 0 0 0 1]	[0 1 1 0 0 1 0 0 1]	[1 0 1 1 0 1]	[0 0 0 0 0 0]	[8]	[0 0 0 0 0 0 0 0 1]	[0 1 1 0 0 1 0 0 0]	[0 0 1 1 0 1]	[1 0 0 0 0 0]	[8]
55	0.4154220521450043	4.366868019104004	2.1332991123199463	2.186704158782959	0.006494789384305477	0.040369465947151184	False	[0 0 0 0 0 0 0 0 1]	[0 1 1 0 0 1 0 0 0]	[0 0 1 1 0 1]	[1 0 0 0 0 0]	[8]	[1 0 0 0 0 0 0 0 1]	[0 1 1 0 0 1 0 0 1]	[1 0 1 1 0 1]	[0 0 0 0 0 0]	[8]
55	0.44134312868118286	4.380113124847412	2.1377792358398438	2.1876823902130127	0.0090303560718894	0.045621223747730255	False	[1 0 0 0 0 0 0 0 1]	[0 1 1 0 0 1 0 0 1]	[1 0 1 1 0 1]	[0 0 0 0 0 0]	[8]	[0 0 0 0 0 0 0 0 1]	[0 1 1 0 0 1 0 0 0]	[0 0 1 1 0 1]	[1 0 0 0 0 0]	[8]
55	0.40920594334602356	4.369288921356201	2.1308305263519287	2.185953140258789	0.01272011548280716	0.03978478163480759	False	[0 0 0 0 0 0 0 0 1]	[0 1 1 0 0 1 0 0 0]	[0 0 1 1 0 1]	[1 0 0 0 0 0]	[8]	[1 0 0 0 0 0 0 0 1]	[0 1 1 0 0 1 0 0 1]	[1 0 1 1 0 1]	[0 0 0 0 0 0]	[8]
55	0.4063311517238617	4.390499591827393	2.1353960037231445	2.1859400272369385	0.012164384126663208	0.05699918419122696	False	[1 0 0 0 0 0 0 0 1]	[0 1 1 0 0 1 0 0 1]	[1 0 1 1 0 1]	[0 0 0 0 0 0]	[8]	[0 0 0 0 0 0 0 0 1]	[0 1 1 0 0 1 0 0 0]	[0 0 1 1 0 1]	[1 0 0 0 0 0]	[8]
55	0.4154220521450043	4.369813442230225	2.1301751136779785	2.1863059997558594	0.013605453073978424	0.039726823568344116	False	[0 0 0 0 0 0 0 0 1]	[0 1 1 0 0 1 0 0 0]	[0 0 1 1 0 1]	[1 0 0 0 0 0]	[8]	[1 0 0 0 0 0 0 0 1]	[0 1 1 0 0 1 0 0 1]	[1 0 1 1 0 1]	[0 0 0 0 0 0]	[8]
55	0.3823997378349304	4.367863178253174	2.1351802349090576	2.1886918544769287	0.005330022890120745	0.03866098076105118	False	[1 0 0 0 0 0 0 0 1]	[0 1 1 0 0 1 0 0 1]	[1 0 1 1 0 1]	[0 0 0 0 0 0]	[8]	[0 0 0 0 0 0 0 0 1]	[0 1 1 0 0 1 0 0 0]	[0 0 1 1 0 1]	[1 0 0 0 0 0]	[8]
55	0.4125472605228424	4.372025966644287	2.1332080364227295	2.186738967895508	0.00963069312274456	0.042448125779628754	False	[0 0 0 0 0 0 0 0 1]	[0 1 1 0 0 1 0 0 0]	[0 0 1 1 0 1]	[1 0 0 0 0 0]	[8]	[1 0 0 0 0 0 0 0 1]	[0 1 1 0 0 1 1 0 0]	[1 0 1 1 0 1]	[0 0 0 0 0 0]	[8]
55	0.3130137622356415	4.38842248916626	2.1382739543914795	2.186887741088867	0.007724963128566742	0.055535588413476944	False	[1 0 0 0 0 0 0 0 1]	[0 1 1 0 0 1 1 0 0]	[1 0 1 1 0 1]	[0 0 0 0 0 0]	[8]	[0 0 0 0 0 0 0 0 1]	[0 1 1 0 0 1 1 0 1]	[0 0 1 1 0 1]	[1 0 0 0 0 0]	[8]
55	0.4273877739906311	4.376621723175049	2.134957790374756	2.184990644454956	0.008846219629049301	0.04782719165086746	False	[0 0 0 0 0 0 0 0 1]	[0 1 1 0 0 1 1 0 1]	[0 0 1 1 0 1]	[1 0 0 0 0 0]	[8]	[1 0 0 0 0 0 0 0 1]	[0 1 1 0 0 1 1 0 0]	[1 0 1 1 0 1]	[0 0 0 0 0 0]	[8]
55	0.3766501247882843	4.355963230133057	2.13323712348938	2.1820731163024902	0.008158911019563675	0.03249383345246315	False	[1 0 0 0 0 0 0 0 1]	[0 1 1 0 0 1 1 0 0]	[1 0 1 1 0 1]	[0 0 0 0 0 0]	[8]	[0 0 0 0 0 0 0 0 1]	[0 1 1 0 0 1 1 0 1]	[0 0 1 1 0 1]	[1 0 0 0 0 0]	[8]
55	0.40345636010169983	4.363547325134277	2.130396842956543	2.185880661010742	0.008750014007091522	0.03851982206106186	False	[0 0 0 0 0 0 0 0 1]	[0 1 1 0 0 1 1 0 1]	[0 0 1 1 0 1]	[1 0 0 0 0 0]	[8]	[1 0 0 0 0 0 0 0 1]	[0 1 1 0 0 1 1 0 0]	[1 0 1 1 0 1]	[0 0 0 0 0 0]	[8]
55	0.42497947812080383	4.366219997406006	2.133289337158203	2.1862146854400635	0.008191939443349838	0.03852420672774315	False	[1 0 0 0 0 0 0 0 1]	[0 1 1 0 0 1 1 0 0]	[1 0 1 1 0 1]	[0 0 0 0 0 0]	[8]	[0 0 0 0 0 0 0 0 1]	[0 1 1 0 0 1 0 0 0]	[0 0 1 1 0 1]	[1 0 0 0 0 0]	[8]
55	0.43072906136512756	4.363226890563965	2.1288299560546875	2.187342882156372	0.009547540917992592	0.03750649839639664	False	[0 0 0 0 0 0 0 0 1]	[0 1 1 0 0 1 0 0 0]	[0 0 1 1 0 1]	[1 0 0 0 0 0]	[8]	[1 0 0 0 0 0 0 0 1]	[0 1 1 0 0 1 0 0 1]	[1 0 1 1 0 1]	[0 0 0 0 0 0]	[8]
55	0.3759652078151703	4.371067047119141	2.1351535320281982	2.1877098083496094	0.005891467444598675	0.04231194406747818	False	[1 0 0 0 0 0 0 0 1]	[0 1 1 0 0 1 0 0 1]	[1 0 1 1 0 1]	[0 0 0 0 0 0]	[8]	[0 0 0 0 0 0 0 0 1]	[0 1 1 0 0 1 0 0 0]	[0 0 1 1 0 1]	[1 0 0 0 0 0]	[8]
55	0.4364786744117737	4.37135648727417	2.134577512741089	2.186331272125244	0.00778130954131484	0.04266633093357086	False	[0 0 0 0 0 0 0 0 1]	[0 1 1 0 0 1 0 0 0]	[0 0 1 1 0 1]	[1 0 0 0 0 0]	[8]	[1 0 0 0 0 0 0 0 1]	[0 1 1 0 0 1 0 0 1]	[1 0 1 1 0 1]	[0 0 0 0 0 0]	[8]
56	-1.0	5.783823490142822	2.120342254638672	1.7524501085281372	1.457273244857788	0.4537578821182251	False	[1 0 0 0 0 0 0 0 1]	[0 1 0 0 0 0 0 1 1]	[0 1 1 0 0 1]	[0 1 0 0 1 1]	[4]	[0 0 0 0 0 0 0 0 1]	[0 1 0 0 0 0 1 1 1]	[0 1 1 0 1 1]	[0 0 0 0 1 1]	[0]
56	-0.5	7.076832294464111	2.162611246109009	2.0493266582489014	1.6249616146087646	1.2399324178695679	False	[0 0 0 0 0 0 0 0 1]	[0 1 0 0 0 0 1 1 1]	[0 1 1 0 1 1]	[0 0 0 0 1 1]	[0]	[0 0 0 0 1 0 0 0 1]	[0 1 0 0 0 1 1 1 1]	[0 1 1 0 1 1]	[0 0 0 0 1 0]	[4]
56	0.2737753391265869	5.252140045166016	2.063727378845215	1.9846391677856445	0.779160737991333	0.4246128797531128	False	[0 0 0 0 1 0 0 0 1]	[0 1 0 0 0 1 1 1 1]	[0 1 1 0 1 1]	[0 0 0 0 1 0]	[4]	[0 0 1 0 1 0 0 0 1]	[0 0 0 0 0 1 1 1 1]	[0 1 1 1 1 1]	[0 0 0 0 0 0]	[10]
56	0.29633113741874695	4.801461696624756	2.0911552906036377	2.1158947944641113	0.5690460205078125	0.025365229696035385	False	[0 0 1 0 1 0 0 0 1]	[0 0 0 0 0 1 1 1 1]	[0 1 1 1 1 1]	[0 0 0 0 0 0]	[10]	[0 0 1 0 1 0 0 0 0]	[0 0 1 0 0 1 1 1 1]	[0 1 1 0 1 1]	[1 0 0 0 0 0]	[8]
56	0.28527453541755676	4.672914028167725	2.139413833618164	2.138214349746704	0.3647167682647705	0.030569760128855705	False	[0 0 1 0 1 0 0 0 0]	[0 0 1 0 0 1 1 1 1]	[0 1 1 0 1 1]	[1 0 0 0 0 0]	[8]	[0 0 1 0 1 0 0 0 1]	[0 0 1 0 1 1 1 1 1]	[1 1 1 0 1 1]	[0 0 0 0 0 0]	[8]
56	0.2914906442165375	4.8394455909729	2.1450767517089844	2.094381332397461	0.5756387710571289	0.02434864640235901	False	[0 0 1 0 1 0 0 0 1]	[0 0 1 0 1 1 1 1 1]	[1 1 1 0 1 1]	[0 0 0 0 0 0]	[8]	[0 0 1 0 1 0 0 0 0]	[0 0 1 0 0 1 1 1 1]	[0 1 1 0 1 1]	[1 0 0 0 0 0]	[8]
56	0.24937741458415985	4.831840515136719	2.136382579803467	2.139230966567993	0.5210459232330322	0.03518109768629074	False	[0 0 1 0 1 0 0 0 0]	[0 0 1 0 0 1 1 1 1]	[0 1 1 0 1 1]	[1 0 0 0 0 0]	[8]	[0 0 1 0 1 0 0 1 0]	[0 0 1 0 1 1 1 1 1]	[1 1 1 0 1 1]	[0 0 0 0 0 0]	[8]
56	0.10269664973020554	4.766541004180908	2.1388120651245117	2.0862386226654053	0.5096039175987244	0.03188621252775192	False	[0 0 1 0 1 0 0 1 0]	[0 0 1 0 1 1 1 1 1]	[1 1 1 0 1 1]	[0 0 0 0 0 0]	[8]	[0 0 1 1 1 0 0 1 0]	[0 1 1 0 1 1 1 1 1]	[0 1 1 0 1 1]	[1 0 0 0 0 0]	[8]
56	0.22166210412979126	4.912128925323486	2.146850109100342	2.1232783794403076	0.6157868504524231	0.026213806122541428	False	[0 0 1 1 1 0 0 1 0]	[0 1 1 0 1 1 1 1 1]	[0 1 1 0 1 1]	[1 0 0 0 0 0]	[8]	[0 0 1 1 1 0 0 1 1]	[0 1 1 0 0 1 1 1 1]	[1 1 1 0 1 1]	[0 0 0 0 0 0]	[8]
56	0.13256637752056122	4.7915449142456055	2.130782127380371	2.082636833190918	0.5440691709518433	0.034056879580020905	False	[0 0 1 1 1 0 0 1 1]	[0 1 1 0 0 1 1 1 1]	[1 1 1 0 1 1]	[0 0 0 0 0 0]	[8]	[0 0 1 0 1 0 0 1 1]	[0 1 1 1 0 1 1 1 1]	[0 1 1 0 1 1]	[1 0 0 0 0 0]	[8]
56	0.22016291320323944	4.791489601135254	2.140040636062622	2.088430404663086	0.5379922389984131	0.025026315823197365	False	[0 0 1 0 1 0 0 1 1]	[0 1 1 1 0 1 1 1 1]	[0 1 1 0 1 1]	[1 0 0 0 0 0]	[8]	[0 0 1 1 1 0 0 1 1]	[0 1 1 0 0 1 1 1 1]	[1 1 1 0 1 1]	[0 0 0 0 0 0]	[8]
56	0.12671619653701782	4.893379211425781	2.116366386413574	2.080861806869507	0.6655762195587158	0.030574869364500046	False	[0 0 1 1 1 0 0 1 1]	[0 1 1 0 0 1 1 1 1]	[1 1 1 0 1 1]	[0 0 0 0 0 0]	[8]	[0 0 1 0 1 0 0 1 1]	[0 1 1 1 0 1 1 1 1]	[0 1 1 0 1 1]	[1 0 0 0 0 0]	[8]
56	0.21984392404556274	4.8612189292907715	2.1263506412506104	2.0851051807403564	0.6165810227394104	0.0331820547580719	False	[0 0 1 0 1 0 0 1 1]	[0 1 1 1 0 1 1 1 1]	[0 1 1 0 1 1]	[1 0 0 0 0 0]	[8]	[0 0 1 1 1 0 0 1 1]	[0 1 1 0 0 1 1 1 1]	[1 1 1 0 1 1]	[0 0 0 0 0 0]	[8]
56	0.10728904604911804	4.872527599334717	2.1322436332702637	2.087700843811035	0.6288393139839172	0.02374367043375969	False	[0 0 1 1 1 0 0 1 1]	[0 1 1 0 0 1 1 1 1]	[1 1 1 0 1 1]	[0 0 0 0 0 0]	[8]	[0 0 1 0 1 0 0 1 1]	[0 1 1 1 0 1 1 1 1]	[0 1 1 0 1 1]	[1 0 0 0 0 0]	[8]
56	0.21107199788093567	4.833893775939941	2.1271777153015137	2.08019757270813	0.597657322883606	0.02886120229959488	False	[0 0 1 0 1 0 0 1 1]	[0 1 1 1 0 1 1 1 1]	[0 1 1 0 1 1]	[1 0 0 0 0 0]	[8]	[0 0 1 1 1 0 0 1 1]	[0 1 1 0 0 1 1 1 1]	[1 1 1 0 1 1]	[0 0 0 0 0 0]	[8]
56	0.11694036424160004	4.86781644821167	2.1314585208892822	2.0820295810699463	0.6229456067085266	0.03138263523578644	False	[0 0 1 1 1 0 0 1 1]	[0 1 1 0 0 1 1 1 1]	[1 1 1 0 1 1]	[0 0 0 0 0 0]	[8]	[0 0 1 0 1 0 0 1 1]	[0 1 1 1 0 1 1 1 1]	[0 1 1 0 1 1]	[1 0 0 0 0 0]	[8]
56	0.22166210412979126	4.87444543838501	2.1154913902282715	2.0856313705444336	0.6411141157150269	0.03220853954553604	False	[0 0 1 0 1 0 0 1 1]	[0 1 1 1 0 1 1 1 1]	[0 1 1 0 1 1]	[1 0 0 0 0 0]	[8]	[0 0 1 1 1 0 0 1 1]	[0 1 1 0 0 1 1 1 1]	[1 1 1 0 1 1]	[0 0 0 0 0 0]	[8]
56	0.1143491193652153	4.858402252197266	2.1241674423217773	2.089094400405884	0.618276834487915	0.026863940060138702	False	[0 0 1 1 1 0 0 1 1]	[0 1 1 0 0 1 1 1 1]	[1 1 1 0 1 1]	[0 0 0 0 0 0]	[8]	[0 0 1 0 1 0 0 1 1]	[0 1 1 1 0 1 1 1 1]	[0 1 1 0 1 1]	[1 0 0 0 0 0]	[8]
56	0.2602156102657318	4.845894813537598	2.12435245513916	2.080658435821533	0.6117127537727356	0.029170770198106766	False	[0 0 1 0 1 0 0 1 1]	[0 1 1 1 0 1 1 1 1]	[0 1 1 0 1 1]	[1 0 0 0 0 0]	[8]	[0 0 1 1 1 0 0 1 1]	[0 1 1 0 0 1 1 1 1]	[1 1 1 0 1 1]	[0 0 0 0 0 0]	[8]
56	0.1180209219455719	4.840969562530518	2.135777711868286	2.090156078338623	0.5908316373825073	0.02420380525290966	False	[0 0 1 1 1 0 0 1 1]	[0 1 1 0 0 1 1 1 1]	[1 1 1 0 1 1]	[0 0 0 0 0 0]	[8]	[0 0 1 0 1 0 0 1 1]	[0 1 1 1 0 1 1 1 1]	[0 1 1 0 1 1]	[1 0 0 0 0 0]	[8]
56	0.2101389765739441	4.908868789672852	2.128110647201538	2.082333564758301	0.6726887822151184	0.02573542296886444	False	[0 0 1 0 1 0 0 1 1]	[0 1 1 1 0 1 1 1 1]	[0 1 1 0 1 1]	[1 0 0 0 0 0]	[8]	[0 0 1 1 1 0 0 1 1]	[0 1 1 0 0 1 1 1 1]	[1 1 1 0 1 1]	[0 0 0 0 0 0]	[8]
56	0.1339946836233139	4.865864276885986	2.1291308403015137	2.0804243087768555	0.6274319887161255	0.028877023607492447	False	[0 0 1 1 1 0 0 1 1]	[0 1 1 0 0 1 1 1 1]	[1 1 1 0 1 1]	[0 0 0 0 0 0]	[8]	[0 0 1 0 1 0 0 1 1]	[0 1 1 1 0 1 1 1 1]	[0 1 1 0 1 1]	[1 0 0 0 0 0]	[8]
56	0.24891088902950287	4.954020977020264	2.116657257080078	2.0914013385772705	0.7184224128723145	0.027540145441889763	False	[0 0 1 0 1 0 0 1 1]	[0 1 1 1 0 1 1 1 1]	[0 1 1 0 1 1]	[1 0 0 0 0 0]	[8]	[0 0 1 1 1 0 0 1 1]	[0 1 1 0 0 1 1 1 1]	[1 1 1 0 1 1]	[0 0 0 0 0 0]	[8]
56	0.13202323019504547	4.81229829788208	2.132221221923828	2.087378978729248	0.5639914274215698	0.028706422075629234	False	[0 0 1 1 1 0 0 1 1]	[0 1 1 0 0 1 1 1 1]	[1 1 1 0 1 1]	[0 0 0 0 0 0]	[8]	[0 0 1 0 1 0 0 1 1]	[0 1 1 1 0 1 1 1 1]	[0 1 1 0 1 1]	[1 0 0 0 0 0]	[8]
56	0.24515093863010406	4.9103217124938965	2.125958204269409	2.085371971130371	0.6736438274383545	0.025347353890538216	False	[0 0 1 0 1 0 0 1 1]	[0 1 1 1 0 1 1 1 1]	[0 1 1 0 1 1]	[1 0 0 0 0 0]	[8]	[0 0 1 1 1 0 0 1 1]	[0 1 1 0 0 1 1 1 1]	[1 1 1 0 1 1]	[0 0 0 0 0 0]	[8]
56	0.14188145101070404	4.835412502288818	2.1382105350494385	2.0888571739196777	0.5800368785858154	0.028307631611824036	False	[0 0 1 1 1 0 0 1 1]	[0 1 1 0 0 1 1 1 1]	[1 1 1 0 1 1]	[0 0 0 0 0 0]	[8]	[0 0 1 0 1 0 0 1 1]	[0 1 1 1 0 1 1 1 1]	[0 1 1 0 1 1]	[1 0 0 0 0 0]	[8]
56	0.22453689575195312	4.727287292480469	2.1344239711761475	2.0813748836517334	0.481351375579834	0.030136987566947937	False	[0 0 1 0 1 0 0 1 1]	[0 1 1 1 0 1 1 1 1]	[0 1 1 0 1 1]	[1 0 0 0 0 0]	[8]	[0 0 1 1 1 0 0 1 1]	[0 1 1 0 0 1 1 1 1]	[1 1 1 0 1 1]	[0 0 0 0 0 0]	[8]
56	0.12230677157640457	4.687387466430664	2.136810302734375	2.0815320014953613	0.4409716725349426	0.028073515743017197	False	[0 0 1 1 1 0 0 1 1]	[0 1 1 0 0 1 1 1 1]	[1 1 1 0 1 1]	[0 0 0 0 0 0]	[8]	[0 0 1 0 1 0 0 1 1]	[0 1 1 1 0 1 1 1 1]	[0 1 1 0 1 1]	[1 0 0 0 0 0]	[8]
56	0.22878730297088623	4.921609401702881	2.1151721477508545	2.085783004760742	0.6905465126037598	0.03010743297636509	False	[0 0 1 0 1 0 0 1 1]	[0 1 1 1 0 1 1 1 1]	[0 1 1 0 1 1]	[1 0 0 0 0 0]	[8]	[0 0 1 1 1 0 0 1 1]	[0 1 1 0 0 1 1 1 1]	[1 1 1 0 1 1]	[0 0 0 0 0 0]	[8]
56	0.12791459262371063	4.820860862731934	2.127418279647827	2.0840299129486084	0.5756102204322815	0.033802732825279236	False	[0 0 1 1 1 0 0 1 1]	[0 1 1 0 0 1 1 1 1]	[1 1 1 0 1 1]	[0 0 0 0 0 0]	[8]	[0 0 1 0 1 0 0 1 1]	[0 1 1 1 0 1 1 1 1]	[0 1 1 0 1 1]	[1 0 0 0 0 0]	[8]
57	-1.0	5.441849231719971	2.0434374809265137	1.8958569765090942	0.6729193925857544	0.8296356201171875	False	[0 0 1 0 1 0 0 0 1]	[1 0 0 0 0 0 1 0 0]	[1 1 0 0 0 0]	[0 0 0 0 0 0]	[4]	[0 1 1 0 1 0 0 0 1]	[1 0 0 0 0 0 0 0 0]	[1 1 0 0 1 0]	[1 0 0 0 0 0]	[0]
57	-1.0	5.442997455596924	2.1760051250457764	1.9584190845489502	0.8123284578323364	0.496244877576828	False	[0 1 1 0 1 0 0 0 1]	[1 0 0 0 0 0 0 0 0]	[1 1 0 0 1 0]	[1 0 0 0 0 0]	[0]	[0 0 1 0 1 0 0 0 1]	[1 0 0 0 0 0 0 0 1]	[1 1 0 1 1 0]	[1 0 0 0 0 0]	[0]
57	0.053623925894498825	5.301382064819336	2.1094014644622803	2.1041488647460938	0.7204942107200623	0.36733710765838623	False	[0 0 1 0 1 0 0 0 1]	[1 0 0 0 0 0 0 0 1]	[1 1 0 1 1 0]	[1 0 0 0 0 0]	[0]	[0 0 0 0 1 0 0 0 1]	[1 0 0 0 0 0 0 0 0]	[1 1 0 1 1 0]	[1 0 0 0 0 0]	[8]
57	0.4508765935897827	4.355265140533447	2.0632340908050537	2.100228786468506	0.039909254759550095	0.15189328789710999	False	[0 0 0 0 1 0 0 0 1]	[1 0 0 0 0 0 0 0 0]	[1 1 0 1 1 0]	[1 0 0 0 0 0]	[8]	[0 0 1 0 1 0 0 0 1]	[1 0 0 1 0 0 0 0 0]	[0 1 0 1 1 0]	[0 0 0 0 0 0]	[8]
57	0.04834659770131111	4.365779399871826	2.0416343212127686	2.0903449058532715	0.02998029999434948	0.20382006466388702	False	[0 0 1 0 1 0 0 0 1]	[1 0 0 1 0 0 0 0 0]	[0 1 0 1 1 0]	[0 0 0 0 0 0]	[8]	[0 0 0 0 1 0 0 0 1]	[1 0 0 0 0 0 0 0 0]	[1 1 0 1 1 0]	[1 0 0 0 0 0]	[8]
57	0.46709272265434265	4.360815525054932	2.066462516784668	2.0997400283813477	0.0462111234664917	0.14840158820152283	False	[0 0 0 0 1 0 0 0 1]	[1 0 0 0 0 0 0 0 0]	[1 1 0 1 1 0]	[1 0 0 0 0 0]	[8]	[0 0 1 0 1 0 0 0 1]	[1 0 0 1 0 0 0 0 0]	[0 1 0 1 1 0]	[0 0 0 0 0 0]	[8]
57	0.057702865451574326	4.36936092376709	2.0596327781677246	2.0870494842529297	0.056171201169490814	0.16650745272636414	False	[0 0 1 0 1 0 0 0 1]	[1 0 0 1 0 0 0 0 0]	[0 1 0 1 1 0]	[0 0 0 0 0 0]	[8]	[0 0 0 0 1 0 0 0 1]	[1 0 0 0 0 0 0 0 0]	[1 1 0 1 1 0]	[1 0 0 0 0 0]	[8]
57	0.3761836290359497	4.382138729095459	2.0599255561828613	2.091867446899414	0.043237172067165375	0.18710853159427643	False	[0 0 0 0 1 0 0 0 1]	[1 0 0 0 0 0 0 0 0]	[1 1 0 1 1 0]	[1 0 0 0 0 0]	[8]	[0 0 1 0 1 0 0 0 1]	[1 0 0 1 0 0 0 0 0]	[0 1 0 1 1 0]	[0 0 0 0 0 0]	[8]
57	0.06777375191450119	4.398934841156006	2.0471549034118652	2.0872201919555664	0.061938147991895676	0.2026214897632599	False	[0 0 1 0 1 0 0 0 1]	[1 0 0 1 0 0 0 0 0]	[0 1 0 1 1 0]	[0 0 0 0 0 0]	[8]	[0 0 0 0 1 0 0 0 1]	[1 0 0 0 0 0 0 0 0]	[1 1 0 1 1 0]	[1 0 0 0 0 0]	[8]
57	0.414979487657547	4.365182399749756	2.0598855018615723	2.0990688800811768	0.04737376421689987	0.15885400772094727	False	[0 0 0 0 1 0 0 0 1]	[1 0 0 0 0 0 0 0 0]	[1 1 0 1 1 0]	[1 0 0 0 0 0]	[8]	[0 0 1 0 1 0 0 0 1]	[1 0 0 1 0 0 0 0 0]	[0 1 0 1 1 0]	[0 0 0 0 0 0]	[8]
57	0.0520596019923687	4.380879878997803	2.0414958000183105	2.0843300819396973	0.03998105227947235	0.21507315337657928	False	[0 0 1 0 1 0 0 0 1]	[1 0 0 1 0 0 0 0 0]	[0 1 0 1 1 0]	[0 0 0 0 0 0]	[8]	[0 0 0 0 1 0 0 0 1]	[1 0 0 0 0 0 0 0 0]	[1 1 0 1 1 0]	[1 0 0 0 0 0]	[8]
57	0.3489108979701996	4.344390392303467	2.073014736175537	2.104015588760376	0.04324956238269806	0.12410999834537506	False	[0 0 0 0 1 0 0 0 1]	[1 0 0 0 0 0 0 0 0]	[1 1 0 1 1 0]	[1 0 0 0 0 0]	[8]	[0 0 1 0 1 0 0 0 1]	[1 0 0 1 0 0 0 0 0]	[0 1 0 1 1 0]	[0 0 0 0 0 0]	[8]
57	0.05180574581027031	4.369950294494629	2.0513386726379395	2.0862131118774414	0.039262041449546814	0.1931367814540863	False	[0 0 1 0 1 0 0 0 1]	[1 0 0 1 0 0 0 0 0]	[0 1 0 1 1 0]	[0 0 0 0 0 0]	[8]	[0 0 0 0 1 0 0 0 1]	[1 0 0 0 0 0 0 0 0]	[1 1 0 1 1 0]	[1 0 0 0 0 0]	[8]
57	0.3852745294570923	4.352832317352295	2.0680339336395264	2.0902795791625977	0.04389878362417221	0.1506199836730957	False	[0 0 0 0 1 0 0 0 1]	[1 0 0 0 0 0 0 0 0]	[1 1 0 1 1 0]	[1 0 0 0 0 0]	[8]	[0 0 1 0 1 0 0 0 1]	[1 0 0 1 0 0 0 0 0]	[0 1 0 1 1 0]	[0 0 0 0 0 0]	[8]
57	0.06223681569099426	4.370511054992676	2.0598104000091553	2.089780569076538	0.034119199961423874	0.18680116534233093	False	[0 0 1 0 1 0 0 0 1]	[1 0 0 1 0 0 0 0 0]	[0 1 0 1 1 0]	[0 0 0 0 0 0]	[8]	[0 0 0 0 1 0 0 0 1]	[1 0 0 0 0 0 0 0 0]	[1 1 0 1 1 0]	[1 0 0 0 0 0]	[8]
57	0.4340703785419464	4.346374988555908	2.0649259090423584	2.0956759452819824	0.032438188791275024	0.15333527326583862	False	[0 0 0 0 1 0 0 0 1]	[1 0 0 0 0 0 0 0 0]	[1 1 0 1 1 0]	[1 0 0 0 0 0]	[8]	[0 0 1 0 1 0 0 0 1]	[1 0 0 1 0 0 0 0 0]	[0 1 0 1 1 0]	[0 0 0 0 0 0]	[8]
57	0.06005844846367836	4.383166790008545	2.059572219848633	2.0870001316070557	0.057397469878196716	0.17919720709323883	False	[0 0 1 0 1 0 0 0 1]	[1 0 0 1 0 0 0 0 0]	[0 1 0 1 1 0]	[0 0 0 0 0 0]	[8]	[0 0 0 0 1 0 0 0 1]	[1 0 0 0 0 0 0 0 0]	[1 1 0 1 1 0]	[1 0 0 0 0 0]	[8]
57	0.3460361063480377	4.3257036209106445	2.0623159408569336	2.099944829940796	0.02439352124929428	0.1390492171049118	False	[0 0 0 0 1 0 0 0 1]	[1 0 0 0 0 0 0 0 0]	[1 1 0 1 1 0]	[1 0 0 0 0 0]	[8]	[0 0 1 0 1 0 0 0 1]	[1 0 0 1 0 0 0 0 0]	[0 1 0 1 1 0]	[0 0 0 0 0 0]	[8]
57	0.07089665532112122	4.383724212646484	2.0500411987304688	2.095621347427368	0.04098043218255043	0.1970813274383545	False	[0 0 1 0 1 0 0 0 1]	[1 0 0 1 0 0 0 0 0]	[0 1 0 1 1 0]	[0 0 0 0 0 0]	[8]	[0 0 0 0 1 0 0 0 1]	[1 0 0 0 0 0 0 0 0]	[1 1 0 1 1 0]	[1 0 0 0 0 0]	[8]
57	0.42210468649864197	4.36670446395874	2.0561914443969727	2.0883090496063232	0.028911437839269638	0.1932922899723053	False	[0 0 0 0 1 0 0 0 1]	[1 0 0 0 0 0 0 0 0]	[1 1 0 1 1 0]	[1 0 0 0 0 0]	[8]	[0 0 1 0 1 0 0 0 1]	[1 0 0 1 0 0 0 0 0]	[0 1 0 1 1 0]	[0 0 0 0 0 0]	[8]
57	0.05646328255534172	4.391254425048828	2.064354658126831	2.094290256500244	0.044207729399204254	0.18840214610099792	False	[0 0 1 0 1 0 0 0 1]	[1 0 0 1 0 0 0 0 0]	[0 1 0 1 1 0]	[0 0 0 0 0 0]	[8]	[0 0 0 0 1 0 0 0 1]	[1 0 0 0 0 0 0 0 0]	[1 1 0 1 1 0]	[1 0 0 0 0 0]	[8]
57	0.3790584206581116	4.3546142578125	2.066030979156494	2.0978877544403076	0.04647967219352722	0.14421594142913818	False	[0 0 0 0 1 0 0 0 1]	[1 0 0 0 0 0 0 0 0]	[1 1 0 1 1 0]	[1 0 0 0 0 0]	[8]	[0 0 1 0 1 0 0 0 1]	[1 0 0 1 0 0 0 0 0]	[0 1 0 1 1 0]	[0 0 0 0 0 0]	[8]
57	0.046203672885894775	4.343939304351807	2.058152675628662	2.0942976474761963	0.04362088069319725	0.14786756038665771	False	[0 0 1 0 1 0 0 0 1]	[1 0 0 1 0 0 0 0 0]	[0 1 0 1 1 0]	[0 0 0 0 0 0]	[8]	[0 0 0 0 1 0 0 0 1]	[1 0 0 0 0 0 0 0 0]	[1 1 0 1 1 0]	[1 0 0 0 0 0]	[8]
57	0.40920594334602356	4.33829402923584	2.0602033138275146	2.095569610595703	0.030128352344036102	0.15239249169826508	False	[0 0 0 0 1 0 0 0 1]	[1 0 0 0 0 0 0 0 0]	[1 1 0 1 1 0]	[1 0 0 0 0 0]	[8]	[0 0 1 0 1 0 0 0 1]	[1 0 0 1 0 0 0 0 0]	[0 1 0 1 1 0]	[0 0 0 0 0 0]	[8]
57	0.07293900102376938	4.34636926651001	2.0443668365478516	2.087466239929199	0.033754389733076096	0.18078191578388214	False	[0 0 1 0 1 0 0 0 1]	[1 0 0 1 0 0 0 0 0]	[0 1 0 1 1 0]	[0 0 0 0 0 0]	[8]	[0 0 0 0 1 0 0 0 1]	[1 0 0 0 0 0 0 0 0]	[1 1 0 1 1 0]	[1 0 0 0 0 0]	[8]
57	0.4278542697429657	4.33297872543335	2.0597732067108154	2.0845773220062256	0.02745864912867546	0.16116948425769806	False	[0 0 0 0 1 0 0 0 1]	[1 0 0 0 0 0 0 0 0]	[1 1 0 1 1 0]	[1 0 0 0 0 0]	[8]	[0 0 1 0 1 0 0 0 1]	[1 0 0 1 0 0 0 0 0]	[0 1 0 1 1 0]	[0 0 0 0 0 0]	[8]
57	0.03157582879066467	4.448480129241943	2.0578372478485107	2.0769548416137695	0.07194529473781586	0.2417425811290741	False	[0 0 1 0 1 0 0 0 1]	[1 0 0 1 0 0 0 0 0]	[0 1 0 1 1 0]	[0 0 0 0 0 0]	[8]	[0 0 0 0 1 0 0 0 1]	[1 0 0 0 0 0 0 0 0]	[1 1 0 1 1 0]	[1 0 0 0 0 0]	[8]
57	0.37952494621276855	4.3580403327941895	2.060105562210083	2.0972306728363037	0.04223984107375145	0.15846459567546844	False	[0 0 0 0 1 0 0 0 1]	[1 0 0 0 0 0 0 0 0]	[1 1 0 1 1 0]	[1 0 0 0 0 0]	[8]	[0 0 1 0 1 0 0 0 1]	[1 0 0 1 0 0 0 0 0]	[0 1 0 1 1 0]	[0 0 0 0 0 0]	[8]
57	0.07002875953912735	4.369194984436035	2.0536255836486816	2.093583345413208	0.03891594707965851	0.1830698549747467	False	[0 0 1 0 1 0 0 0 1]	[1 0 0 1 0 0 0 0 0]	[0 1 0 1 1 0]	[0 0 0 0 0 0]	[8]	[0 0 0 0 1 0 0 0 1]	[1 0 0 0 0 0 0 0 0]	[1 1 0 1 1 0]	[1 0 0 0 0 0]	[8]
57	0.3723997175693512	4.355228424072266	2.063481092453003	2.0983388423919678	0.04465116187930107	0.14875762164592743	False	[0 0 0 0 1 0 0 0 1]	[1 0 0 0 0 0 0 0 0]	[1 1 0 1 1 0]	[1 0 0 0 0 0]	[8]	[0 0 1 0 1 0 0 0 1]	[1 0 0 1 0 0 0 0 0]	[0 1 0 1 1 0]	[0 0 0 0 0 0]	[8]
58	-0.5	5.259319305419922	2.236680507659912	1.7440520524978638	0.6258171200752258	0.6527694463729858	False	[1 0 0 0 0 0 0 0 0]	[0 0 0 0 0 0 0 0 0]	[0 0 0 0 0 0]	[1 0 0 0 0 0]	[0]	[1 0 0 0 0 0 0 0 1]	[1 0 0 0 0 0 0 0 0]	[0 1 0 0 0 0]	[1 0 0 0 0 0]	[4]
58	-1.0	5.307491302490234	2.1452651023864746	2.0312137603759766	0.5156171321868896	0.6153955459594727	False	[1 0 0 0 0 0 0 0 1]	[1 0 0 0 0 0 0 0 0]	[0 1 0 0 0 0]	[1 0 0 0 0 0]	[4]	[1 0 0 0 0 0 0 0 0]	[1 0 0 0 1 0 0 0 0]	[0 1 0 1 0 0]	[0 0 0 0 0 0]	[0]
58	-1.0	5.726473331451416	2.105675220489502	2.1123151779174805	0.10569019615650177	1.4027928113937378	False	[1 0 0 0 0 0 0 0 0]	[1 0 0 0 1 0 0 0 0]	[0 1 0 1 0 0]	[0 0 0 0 0 0]	[0]	[1 0 0 0 0 0 0 0 1]	[1 0 0 0 0 0 0 0 0]	[0 1 0 1 1 0]	[0 0 0 0 0 0]	[0]
58	0.3852745294570923	5.160573482513428	2.0785388946533203	1.8063520193099976	0.8006377816200256	0.475044846534729	False	[1 0 0 0 0 0 0 0 1]	[1 0 0 0 0 0 0 0 0]	[0 1 0 1 1 0]	[0 0 0 0 0 0]	[0]	[1 1 0 0 0 0 0 0 1]	[1 0 0 0 0 0 0 0 1]	[0 1 0 1 1 0]	[0 0 0 0 0 0]	[8]
58	0.4273877739906311	4.142585277557373	2.088857412338257	1.9469013214111328	0.07574688643217087	0.031079180538654327	False	[1 1 0 0 0 0 0 0 1]	[1 0 0 0 0 0 0 0 1]	[0 1 0 1 1 0]	[0 0 0 0 0 0]	[8]	[1 1 0 0 0 0 0 1 1]	[0 0 0 0 0 0 0 0 1]	[1 1 0 1 1 0]	[1 0 0 0 0 0]	[8]
58	0.3336038589477539	4.228699684143066	2.100491762161255	2.0498669147491455	0.060283515602350235	0.018057547509670258	False	[1 1 0 0 0 0 0 1 1]	[0 0 0 0 0 0 0 0 1]	[1 1 0 1 1 0]	[1 0 0 0 0 0]	[8]	[1 1 0 0 0 0 0 0 1]	[1 0 0 0 0 0 0 0 1]	[0 1 0 1 1 0]	[0 0 0 0 0 0]	[8]
58	0.5001150369644165	4.160696029663086	2.0899605751037598	1.9634368419647217	0.08392207324504852	0.023376747965812683	False	[1 1 0 0 0 0 0 0 1]	[1 0 0 0 0 0 0 0 1]	[0 1 0 1 1 0]	[0 0 0 0 0 0]	[8]	[1 1 0 0 0 0 0 1 1]	[0 0 0 0 0 0 0 0 1]	[1 1 0 1 1 0]	[1 0 0 0 0 0]	[8]
58	0.39724022150039673	4.213024139404297	2.1001651287078857	2.0502305030822754	0.04592055454850197	0.016708290204405785	False	[1 1 0 0 0 0 0 1 1]	[0 0 0 0 0 0 0 0 1]	[1 1 0 1 1 0]	[1 0 0 0 0 0]	[8]	[1 1 0 0 0 0 0 0 1]	[1 0 0 0 0 0 0 0 1]	[0 1 0 1 1 0]	[0 0 0 0 0 0]	[8]
58	0.45466047525405884	4.1416168212890625	2.0903732776641846	1.9679702520370483	0.060102690011262894	0.023170998319983482	False	[1 1 0 0 0 0 0 0 1]	[1 0 0 0 0 0 0 0 1]	[0 1 0 1 1 0]	[0 0 0 0 0 0]	[8]	[1 1 0 0 0 0 0 1 1]	[0 0 0 0 0 0 0 0 1]	[1 1 0 1 1 0]	[1 0 0 0 0 0]	[8]
58	0.3852745294570923	4.219271659851074	2.0980300903320312	2.0434553623199463	0.060893237590789795	0.016893159598112106	False	[1 1 0 0 0 0 0 1 1]	[0 0 0 0 0 0 0 0 1]	[1 1 0 1 1 0]	[1 0 0 0 0 0]	[8]	[1 1 0 0 0 0 0 0 1]	[1 0 0 0 0 0 0 0 1]	[0 1 0 1 1 0]	[0 0 0 0 0 0]	[8]
58	0.451785683631897	4.131087303161621	2.090210199356079	1.9450840950012207	0.06721461564302444	0.028578314930200577	False	[1 1 0 0 0 0 0 0 1]	[1 0 0 0 0 0 0 0 1]	[0 1 0 1 1 0]	[0 0 0 0 0 0]	[8]	[1 1 0 0 0 0 0 1 1]	[0 0 0 0 0 0 0 0 1]	[1 1 0 1 1 0]	[1 0 0 0 0 0]	[8]
58	0.4278542697429657	4.240297317504883	2.1063857078552246	2.050611734390259	0.06415045261383057	0.019149528816342354	False	[1 1 0 0 0 0 0 1 1]	[0 0 0 0 0 0 0 0 1]	[1 1 0 1 1 0]	[1 0 0 0 0 0]	[8]	[1 1 0 0 0 0 0 0 1]	[1 0 0 0 0 0 0 0 1]	[0 1 0 1 1 0]	[0 0 0 0 0 0]	[8]
58	0.4063311517238617	4.130220413208008	2.089292526245117	1.9555912017822266	0.05757490545511246	0.02776191756129265	False	[1 1 0 0 0 0 0 0 1]	[1 0 0 0 0 0 0 0 1]	[0 1 0 1 1 0]	[0 0 0 0 0 0]	[8]	[1 1 0 0 0 0 0 1 1]	[0 0 0 0 0 0 0 0 1]	[1 1 0 1 1 0]	[1 0 0 0 0 0]	[8]
58	0.4336038827896118	4.220178127288818	2.0960946083068848	2.052664041519165	0.05619365721940994	0.015225507318973541	False	[1 1 0 0 0 0 0 1 1]	[0 0 0 0 0 0 0 0 1]	[1 1 0 1 1 0]	[1 0 0 0 0 0]	[8]	[1 1 0 0 0 0 0 0 1]	[1 0 0 0 0 0 0 0 1]	[0 1 0 1 1 0]	[0 0 0 0 0 0]	[8]
58	0.4910241365432739	4.145479679107666	2.0814876556396484	1.9565790891647339	0.07805538177490234	0.029357437044382095	False	[1 1 0 0 0 0 0 0 1]	[1 0 0 0 0 0 0 0 1]	[0 1 0 1 1 0]	[0 0 0 0 0 0]	[8]	[1 1 0 0 0 0 0 1 1]	[0 0 0 0 0 0 0 0 1]	[1 1 0 1 1 0]	[1 0 0 0 0 0]	[8]
58	0.4364786744117737	4.2258620262146	2.102654218673706	2.040745258331299	0.06454388797283173	0.017918836325407028	False	[1 1 0 0 0 0 0 1 1]	[0 0 0 0 0 0 0 0 1]	[1 1 0 1 1 0]	[1 0 0 0 0 0]	[8]	[1 1 0 0 0 0 0 0 1]	[1 0 0 0 0 0 0 0 1]	[0 1 0 1 1 0]	[0 0 0 0 0 0]	[8]
58	0.4364786744117737	4.135552406311035	2.0904126167297363	1.9554522037506104	0.06398627907037735	0.025700807571411133	False	[1 1 0 0 0 0 0 0 1]	[1 0 0 0 0 0 0 0 1]	[0 1 0 1 1 0]	[0 0 0 0 0 0]	[8]	[1 1 0 0 0 0 0 1 1]	[0 0 0 0 0 0 0 0 1]	[1 1 0 1 1 0]	[1 0 0 0 0 0]	[8]
58	0.3761836290359497	4.323169708251953	2.1001341342926025	2.0413482189178467	0.1629057079553604	0.01878146082162857	False	[1 1 0 0 0 0 0 1 1]	[0 0 0 0 0 0 0 0 1]	[1 1 0 1 1 0]	[1 0 0 0 0 0]	[8]	[1 1 0 0 0 0 0 0 1]	[1 0 0 0 0 0 0 0 1]	[0 1 0 1 1 0]	[0 0 0 0 0 0]	[8]
58	0.48193320631980896	4.142276763916016	2.098163604736328	1.9341572523117065	0.07805813103914261	0.031897660344839096	False	[1 1 0 0 0 0 0 0 1]	[1 0 0 0 0 0 0 0 1]	[0 1 0 1 1 0]	[0 0 0 0 0 0]	[8]	[1 1 0 0 0 0 0 1 1]	[0 0 0 0 0 0 0 0 1]	[1 1 0 1 1 0]	[1 0 0 0 0 0]	[8]
58	0.4551270008087158	4.227646350860596	2.1000874042510986	2.0403671264648438	0.07219159603118896	0.015000374987721443	False	[1 1 0 0 0 0 0 1 1]	[0 0 0 0 0 0 0 0 1]	[1 1 0 1 1 0]	[1 0 0 0 0 0]	[8]	[1 1 0 0 0 0 0 0 1]	[1 0 0 0 0 0 0 0 1]	[0 1 0 1 1 0]	[0 0 0 0 0 0]	[8]
58	0.38193321228027344	4.11835241317749	2.093691110610962	1.9526705741882324	0.04873494803905487	0.02325514703989029	False	[1 1 0 0 0 0 0 0 1]	[1 0 0 0 0 0 0 0 1]	[0 1 0 1 1 0]	[0 0 0 0 0 0]	[8]	[1 1 0 0 0 0 0 1 1]	[0 0 0 0 0 0 0 0 1]	[1 1 0 1 1 0]	[1 0 0 0 0 0]	[8]
58	0.38861584663391113	4.241426944732666	2.106484889984131	2.052924156188965	0.0652390867471695	0.016779102385044098	False	[1 1 0 0 0 0 0 1 1]	[0 0 0 0 0 0 0 0 1]	[1 1 0 1 1 0]	[1 0 0 0 0 0]	[8]	[1 1 0 0 0 0 0 0 1]	[1 0 0 0 0 0 0 0 1]	[0 1 0 1 1 0]	[0 0 0 0 0 0]	[8]
58	0.41829684376716614	4.158371448516846	2.089163064956665	1.9660604000091553	0.07918119430541992	0.023966602981090546	False	[1 1 0 0 0 0 0 0 1]	[1 0 0 0 0 0 0 0 1]	[0 1 0 1 1 0]	[0 0 0 0 0 0]	[8]	[1 1 0 0 0 0 0 1 1]	[0 0 0 0 0 0 0 0 1]	[1 1 0 1 1 0]	[1 0 0 0 0 0]	[8]
58	0.36043402552604675	4.213747501373291	2.094815969467163	2.047323703765869	0.05416637659072876	0.01744181290268898	False	[1 1 0 0 0 0 0 1 1]	[0 0 0 0 0 0 0 0 1]	[1 1 0 1 1 0]	[1 0 0 0 0 0]	[8]	[1 1 0 0 0 0 0 0 1]	[1 0 0 0 0 0 0 0 1]	[0 1 0 1 1 0]	[0 0 0 0 0 0]	[8]
58	0.46087661385536194	4.152783393859863	2.083148956298828	1.954639196395874	0.08750389516353607	0.027490869164466858	False	[1 1 0 0 0 0 0 0 1]	[1 0 0 0 0 0 0 0 1]	[0 1 0 1 1 0]	[0 0 0 0 0 0]	[8]	[1 1 0 0 0 0 0 1 1]	[0 0 0 0 0 0 0 0 1]	[1 1 0 1 1 0]	[1 0 0 0 0 0]	[8]
58	0.40414702892303467	4.23760461807251	2.103102922439575	2.051481008529663	0.06541170924901962	0.01760917901992798	False	[1 1 0 0 0 0 0 1 1]	[0 0 0 0 0 0 0 0 1]	[1 1 0 1 1 0]	[1 0 0 0 0 0]	[8]	[1 1 0 0 0 0 0 0 1]	[1 0 0 0 0 0 0 0 1]	[0 1 0 1 1 0]	[0 0 0 0 0 0]	[8]
58	0.5092059373855591	4.127213001251221	2.089536190032959	1.9555491209030151	0.05388733744621277	0.028240054845809937	False	[1 1 0 0 0 0 0 0 1]	[1 0 0 0 0 0 0 0 1]	[0 1 0 1 1 0]	[0 0 0 0 0 0]	[8]	[1 1 0 0 0 0 0 1 1]	[0 0 0 0 0 0 0 0 1]	[1 1 0 1 1 0]	[1 0 0 0 0 0]	[8]
58	0.3642179071903229	4.246608734130859	2.1009068489074707	2.0468146800994873	0.0819721668958664	0.016915474086999893	False	[1 1 0 0 0 0 0 1 1]	[0 0 0 0 0 0 0 0 1]	[1 1 0 1 1 0]	[1 0 0 0 0 0]	[8]	[1 1 0 0 0 0 0 0 1]	[1 0 0 0 0 0 0 0 1]	[0 1 0 1 1 0]	[0 0 0 0 0 0]	[8]
58	0.5273877382278442	4.172378063201904	2.0730056762695312	1.9572805166244507	0.11474734544754028	0.027344122529029846	False	[1 1 0 0 0 0 0 0 1]	[1 0 0 0 0 0 0 0 1]	[0 1 0 1 1 0]	[0 0 0 0 0 0]	[8]	[1 1 0 0 0 0 0 1 1]	[0 0 0 0 0 0 0 0 1]	[1 1 0 1 1 0]	[1 0 0 0 0 0]	[8]
58	0.3761836290359497	4.209401607513428	2.1057896614074707	2.044175386428833	0.04112975299358368	0.018306884914636612	False	[1 1 0 0 0 0 0 1 1]	[0 0 0 0 0 0 0 0 1]	[1 1 0 1 1 0]	[1 0 0 0 0 0]	[8]	[1 1 0 0 0 0 0 0 1]	[1 0 0 0 0 0 0 0 1]	[0 1 0 1 1 0]	[0 0 0 0 0 0]	[8]
59	0.08130953460931778	6.503391265869141	2.0920462608337402	2.1045711040496826	1.2599080801010132	1.0468661785125732	False	[0 0 0 0 0 1 0 1 0]	[1 0 0 0 1 0 0 0 0]	[0 1 0 1 0 1]	[0 0 0 1 1 0]	[0]	[0 0 0 1 0 1 0 1 0]	[1 0 0 0 0 0 0 0 0]	[0 1 0 1 0 1]	[0 0 0 1 0 0]	[10]
59	-0.75	6.082569599151611	2.0612294673919678	2.125981330871582	0.871998131275177	1.0233603715896606	False	[0 0 0 1 0 1 0 1 0]	[1 0 0 0 0 0 0 0 0]	[0 1 0 1 0 1]	[0 0 0 1 0 0]	[10]	[0 0 0 1 0 0 0 1 0]	[1 0 0 0 0 1 0 0 0]	[0 1 1 1 0 1]	[0 0 0 0 0 0]	[2]
59	0.36087659001350403	6.248453617095947	2.104276180267334	2.060094118118286	1.2545229196548462	0.8295601606369019	False	[0 0 0 1 0 0 0 1 0]	[1 0 0 0 0 1 0 0 0]	[0 1 1 1 0 1]	[0 0 0 0 0 0]	[2]	[0 0 0 1 0 0 1 1 0]	[1 1 0 0 0 1 0 0 0]	[0 1 1 1 1 1]	[1 0 0 0 0 0]	[10]
59	0.2934563457965851	4.761436462402344	2.172553777694702	2.0819528102874756	0.46528762578964233	0.04164234921336174	False	[0 0 0 1 0 0 1 1 0]	[1 1 0 0 0 1 0 0 0]	[0 1 1 1 1 1]	[1 0 0 0 0 0]	[10]	[1 0 0 1 0 0 1 1 0]	[1 1 0 0 0 1 0 1 0]	[0 1 1 0 1 1]	[0 0 0 0 0 0]	[8]
59	0.33072906732559204	4.766289710998535	2.088106870651245	2.068845510482788	0.5791212320327759	0.03021625429391861	False	[1 0 0 1 0 0 1 1 0]	[1 1 0 0 0 1 0 1 0]	[0 1 1 0 1 1]	[0 0 0 0 0 0]	[8]	[1 1 0 1 0 0 1 1 0]	[1 1 0 1 0 1 0 1 0]	[1 1 1 0 1 1]	[1 0 0 0 0 0]	[8]
59	0.26045796275138855	4.705047607421875	2.023355722427368	2.02117657661438	0.6168413162231445	0.04367409646511078	False	[1 1 0 1 0 0 1 1 0]	[1 1 0 1 0 1 0 1 0]	[1 1 1 0 1 1]	[1 0 0 0 0 0]	[8]	[1 1 0 1 0 0 0 1 0]	[1 1 0 1 0 1 1 1 0]	[0 1 1 0 1 1]	[0 0 0 0 0 0]	[8]
59	0.38814932107925415	4.932767868041992	2.093419313430786	2.077449321746826	0.7300585508346558	0.03184052184224129	False	[1 1 0 1 0 0 0 1 0]	[1 1 0 1 0 1 1 1 0]	[0 1 1 0 1 1]	[0 0 0 0 0 0]	[8]	[1 0 0 1 0 0 0 1 0]	[1 1 0 0 0 1 1 1 0]	[1 1 1 0 1 1]	[1 0 0 0 0 0]	[8]
59	0.32210469245910645	4.725989818572998	2.0420379638671875	1.998986005783081	0.630821704864502	0.05414370447397232	False	[1 0 0 1 0 0 0 1 0]	[1 1 0 0 0 1 1 1 0]	[1 1 1 0 1 1]	[1 0 0 0 0 0]	[8]	[1 0 0 1 0 0 1 1 0]	[1 1 0 0 0 1 0 1 0]	[0 1 1 0 1 1]	[0 0 0 0 0 0]	[8]
59	0.3274117112159729	4.917860507965088	2.0885441303253174	2.0836687088012695	0.714555025100708	0.031093351542949677	False	[1 0 0 1 0 0 1 1 0]	[1 1 0 0 0 1 0 1 0]	[0 1 1 0 1 1]	[0 0 0 0 0 0]	[8]	[1 1 0 1 0 0 1 1 0]	[1 1 0 1 0 1 0 1 0]	[1 1 1 0 1 1]	[1 0 0 0 0 0]	[8]
59	0.22407038509845734	4.788348197937012	2.040559768676758	2.0188207626342773	0.6813961267471313	0.04757154732942581	False	[1 1 0 1 0 0 1 1 0]	[1 1 0 1 0 1 0 1 0]	[1 1 1 0 1 1]	[1 0 0 0 0 0]	[8]	[1 1 0 1 0 0 0 1 0]	[1 1 0 1 0 1 1 1 0]	[0 1 1 0 1 1]	[0 0 0 0 0 0]	[8]
59	0.39436542987823486	4.924010753631592	2.091442108154297	2.0806727409362793	0.7208513021469116	0.031044628471136093	False	[1 1 0 1 0 0 0 1 0]	[1 1 0 1 0 1 1 1 0]	[0 1 1 0 1 1]	[0 0 0 0 0 0]	[8]	[1 0 0 1 0 0 0 1 0]	[1 1 0 0 0 1 1 1 0]	[1 1 1 0 1 1]	[1 0 0 0 0 0]	[8]
59	0.29436543583869934	4.702791213989258	2.0308945178985596	2.012827157974243	0.6155762672424316	0.04349333047866821	False	[1 0 0 1 0 0 0 1 0]	[1 1 0 0 0 1 1 1 0]	[1 1 1 0 1 1]	[1 0 0 0 0 0]	[8]	[1 0 0 1 0 0 1 1 0]	[1 1 0 0 0 1 0 1 0]	[0 1 1 0 1 1]	[0 0 0 0 0 0]	[8]
59	0.391490638256073	4.912696361541748	2.079923629760742	2.082786798477173	0.7129042148590088	0.03708203509449959	False	[1 0 0 1 0 0 1 1 0]	[1 1 0 0 0 1 0 1 0]	[0 1 1 0 1 1]	[0 0 0 0 0 0]	[8]	[1 1 0 1 0 0 1 1 0]	[1 1 0 1 0 1 0 1 0]	[1 1 1 0 1 1]	[1 0 0 0 0 0]	[8]
59	0.2355935126543045	4.736806869506836	2.0250027179718018	2.0208823680877686	0.6417107582092285	0.04921087250113487	False	[1 1 0 1 0 0 1 1 0]	[1 1 0 1 0 1 0 1 0]	[1 1 1 0 1 1]	[1 0 0 0 0 0]	[8]	[1 1 0 1 0 0 0 1 0]	[1 1 0 1 0 1 1 1 0]	[0 1 1 0 1 1]	[0 0 0 0 0 0]	[8]
59	0.17244760692119598	4.779894828796387	2.092282772064209	2.068359375	0.5940942764282227	0.025158511474728584	False	[1 1 0 1 0 0 0 1 0]	[1 1 0 1 0 1 1 1 0]	[0 1 1 0 1 1]	[0 0 0 0 0 0]	[8]	[1 0 0 1 0 0 0 1 0]	[1 1 0 0 0 1 1 1 0]	[0 1 1 1 1 1]	[1 0 0 0 0 0]	[10]
59	0.2948319613933563	4.340435028076172	2.0460753440856934	2.0333430767059326	0.20979717373847961	0.05121947079896927	False	[1 0 0 1 0 0 0 1 0]	[1 1 0 0 0 1 1 1 0]	[0 1 1 1 1 1]	[1 0 0 0 0 0]	[10]	[1 0 0 1 0 0 1 1 0]	[1 1 0 0 0 1 0 1 0]	[0 1 1 0 1 1]	[0 0 0 0 0 0]	[8]
59	0.34556958079338074	4.871668815612793	2.08916974067688	2.073160171508789	0.6807098388671875	0.028629526495933533	False	[1 0 0 1 0 0 1 1 0]	[1 1 0 0 0 1 0 1 0]	[0 1 1 0 1 1]	[0 0 0 0 0 0]	[8]	[1 1 0 1 0 0 1 1 0]	[1 1 0 1 0 1 0 1 0]	[1 1 1 0 1 1]	[1 0 0 0 0 0]	[8]
59	0.3160361051559448	4.752928256988525	2.0458950996398926	2.0134453773498535	0.6400200724601746	0.0535678006708622	False	[1 1 0 1 0 0 1 1 0]	[1 1 0 1 0 1 0 1 0]	[1 1 1 0 1 1]	[1 0 0 0 0 0]	[8]	[1 1 0 1 0 0 0 1 0]	[1 1 0 1 0 1 1 1 0]	[0 1 1 0 1 1]	[0 0 0 0 0 0]	[8]
59	0.21394680440425873	4.886481761932373	2.0888428688049316	2.0766727924346924	0.688002347946167	0.03296321630477905	False	[1 1 0 1 0 0 0 1 0]	[1 1 0 1 0 1 1 1 0]	[0 1 1 0 1 1]	[0 0 0 0 0 0]	[8]	[1 0 0 1 0 0 0 1 0]	[1 1 0 0 0 1 1 1 0]	[0 1 1 1 1 1]	[1 0 0 0 0 0]	[10]
59	0.25180962681770325	4.352410793304443	2.0465078353881836	2.057051181793213	0.1891351342201233	0.05971682071685791	False	[1 0 0 1 0 0 0 1 0]	[1 1 0 0 0 1 1 1 0]	[0 1 1 1 1 1]	[1 0 0 0 0 0]	[10]	[1 0 0 1 0 0 1 1 0]	[1 1 0 0 0 1 0 1 0]	[0 1 1 0 1 1]	[0 0 0 0 0 0]	[8]
59	0.2910241186618805	4.830761432647705	2.095939874649048	2.0764076709747314	0.6315663456916809	0.026847489178180695	False	[1 0 0 1 0 0 1 1 0]	[1 1 0 0 0 1 0 1 0]	[0 1 1 0 1 1]	[0 0 0 0 0 0]	[8]	[1 1 0 1 0 0 1 1 0]	[1 1 0 1 0 1 0 1 0]	[1 1 1 0 1 1]	[1 0 0 0 0 0]	[8]
59	0.28620755672454834	4.665812969207764	2.0192759037017822	2.00476336479187	0.592349648475647	0.04942438751459122	False	[1 1 0 1 0 0 1 1 0]	[1 1 0 1 0 1 0 1 0]	[1 1 1 0 1 1]	[1 0 0 0 0 0]	[8]	[1 1 0 1 0 0 0 1 0]	[1 1 0 1 0 1 1 1 0]	[0 1 1 0 1 1]	[0 0 0 0 0 0]	[8]
59	0.34269478917121887	4.885419845581055	2.089872121810913	2.0769808292388916	0.6908766031265259	0.027690518647432327	False	[1 1 0 1 0 0 0 1 0]	[1 1 0 1 0 1 1 1 0]	[0 1 1 0 1 1]	[0 0 0 0 0 0]	[8]	[1 0 0 1 0 0 0 1 0]	[1 1 0 0 0 1 1 1 0]	[1 1 1 0 1 1]	[1 0 0 0 0 0]	[8]
59	0.26421791315078735	4.752110958099365	2.0235395431518555	2.012221336364746	0.6685581803321838	0.04779205471277237	False	[1 0 0 1 0 0 0 1 0]	[1 1 0 0 0 1 1 1 0]	[1 1 1 0 1 1]	[1 0 0 0 0 0]	[8]	[1 0 0 1 0 0 1 1 0]	[1 1 0 0 0 1 0 1 0]	[0 1 1 0 1 1]	[0 0 0 0 0 0]	[8]
59	0.31542205810546875	4.864581108093262	2.093261241912842	2.0746467113494873	0.666816234588623	0.029856959357857704	False	[1 0 0 1 0 0 1 1 0]	[1 1 0 0 0 1 0 1 0]	[0 1 1 0 1 1]	[0 0 0 0 0 0]	[8]	[1 1 0 1 0 0 1 1 0]	[1 1 0 1 0 1 0 1 0]	[1 1 1 0 1 1]	[1 0 0 0 0 0]	[8]
59	0.2699914574623108	4.734848976135254	2.047146797180176	2.0043697357177734	0.6349769234657288	0.04835577309131622	False	[1 1 0 1 0 0 1 1 0]	[1 1 0 1 0 1 0 1 0]	[1 1 1 0 1 1]	[1 0 0 0 0 0]	[8]	[1 1 0 1 0 0 0 1 0]	[1 1 0 1 0 1 1 1 0]	[0 1 1 0 1 1]	[0 0 0 0 0 0]	[8]
59	0.3187633752822876	4.805288314819336	2.0828030109405518	2.0717246532440186	0.6227647066116333	0.027996106073260307	False	[1 1 0 1 0 0 0 1 0]	[1 1 0 1 0 1 1 1 0]	[0 1 1 0 1 1]	[0 0 0 0 0 0]	[8]	[1 0 0 1 0 0 0 1 0]	[1 1 0 0 0 1 1 1 0]	[1 1 1 0 1 1]	[1 0 0 0 0 0]	[8]
59	0.36468443274497986	4.678250312805176	2.024066209793091	2.0186851024627686	0.5918448567390442	0.04365375638008118	False	[1 0 0 1 0 0 0 1 0]	[1 1 0 0 0 1 1 1 0]	[1 1 1 0 1 1]	[1 0 0 0 0 0]	[8]	[1 0 0 1 0 0 1 1 0]	[1 1 0 0 0 1 0 1 0]	[0 1 1 0 1 1]	[0 0 0 0 0 0]	[8]
59	0.361343115568161	4.902892589569092	2.0945632457733154	2.081960678100586	0.7003354430198669	0.0260327085852623	False	[1 0 0 1 0 0 1 1 0]	[1 1 0 0 0 1 0 1 0]	[0 1 1 0 1 1]	[0 0 0 0 0 0]	[8]	[1 1 0 1 0 0 1 1 0]	[1 1 0 1 0 1 0 1 0]	[1 1 1 0 1 1]	[1 0 0 0 0 0]	[8]
59	0.2799914479255676	4.79862117767334	2.035505771636963	2.0224153995513916	0.7014142274856567	0.039285510778427124	False	[1 1 0 1 0 0 1 1 0]	[1 1 0 1 0 1 0 1 0]	[1 1 1 0 1 1]	[1 0 0 0 0 0]	[8]	[1 1 0 1 0 0 0 1 0]	[1 1 0 1 0 1 1 1 0]	[0 1 1 0 1 1]	[0 0 0 0 0 0]	[8]
60	-1.0	6.413693904876709	2.2672832012176514	1.7194703817367554	1.2193576097488403	1.2075830698013306	False	[0 0 0 0 0 0 0 1 0]	[1 0 1 0 0 1 0 0 0]	[0 0 0 0 1 1]	[0 0 0 0 0 0]	[0]	[0 0 0 0 0 1 0 1 0]	[1 0 1 0 0 1 0 0 1]	[0 1 0 0 1 1]	[0 0 0 0 0 0]	[0]
60	-1.0	6.538150787353516	2.150998115539551	1.9696195125579834	1.4450322389602661	0.9725005626678467	False	[0 0 0 0 0 1 0 1 0]	[1 0 1 0 0 1 0 0 1]	[0 1 0 0 1 1]	[0 0 0 0 0 0]	[0]	[0 0 0 0 0 0 0 1 0]	[1 0 1 0 0 1 0 0 0]	[0 1 1 0 1 1]	[0 0 0 0 0 0]	[0]
60	0.34269478917121887	5.1851420402526855	2.2278592586517334	2.0136044025421143	0.5326731204986572	0.4110053777694702	False	[0 0 0 0 0 0 0 1 0]	[1 0 1 0 0 1 0 0 0]	[0 1 1 0 1 1]	[0 0 0 0 0 0]	[0]	[0 0 0 0 1 0 0 1 0]	[1 0 1 0 0 1 0 0 1]	[0 1 1 0 1 1]	[0 0 0 0 0 0]	[8]
60	0.3034563362598419	4.45168399810791	2.169910430908203	2.1404621601104736	0.11634016036987305	0.024971503764390945	False	[0 0 0 0 1 0 0 1 0]	[1 0 1 0 0 1 0 0 1]	[0 1 1 0 1 1]	[0 0 0 0 0 0]	[8]	[0 0 0 0 1 1 0 1 0]	[0 0 1 0 0 1 0 0 1]	[1 1 1 0 1 1]	[1 0 0 0 0 0]	[8]
60	0.30011501908302307	4.522757053375244	2.1669833660125732	2.1424524784088135	0.17905861139297485	0.034262463450431824	False	[0 0 0 0 1 1 0 1 0]	[0 0 1 0 0 1 0 0 1]	[1 1 1 0 1 1]	[1 0 0 0 0 0]	[8]	[0 0 0 0 1 0 0 1 0]	[1 0 1 0 0 1 0 0 1]	[0 1 1 0 1 1]	[0 0 0 0 0 0]	[8]
60	0.3551270067691803	4.524160861968994	2.1616227626800537	2.143521785736084	0.19347786903381348	0.025538720190525055	False	[0 0 0 0 1 0 0 1 0]	[1 0 1 0 0 1 0 0 1]	[0 1 1 0 1 1]	[0 0 0 0 0 0]	[8]	[0 0 0 0 1 1 0 1 0]	[0 0 1 0 0 1 0 0 1]	[1 1 1 0 1 1]	[1 0 0 0 0 0]	[8]
60	0.3810241222381592	4.465604782104492	2.173089027404785	2.1422364711761475	0.122794970870018	0.02748378925025463	False	[0 0 0 0 1 1 0 1 0]	[0 0 1 0 0 1 0 0 1]	[1 1 1 0 1 1]	[1 0 0 0 0 0]	[8]	[0 0 0 0 1 0 0 1 0]	[1 0 1 0 0 1 0 0 1]	[0 1 1 0 1 1]	[0 0 0 0 0 0]	[8]
60	0.3489108979701996	4.548566818237305	2.157517194747925	2.1431515216827393	0.2241450846195221	0.023753277957439423	False	[0 0 0 0 1 0 0 1 0]	[1 0 1 0 0 1 0 0 1]	[0 1 1 0 1 1]	[0 0 0 0 0 0]	[8]	[0 0 0 0 1 1 0 1 0]	[0 0 1 0 0 1 0 0 1]	[1 1 1 0 1 1]	[1 0 0 0 0 0]	[8]
60	0.3761836290359497	4.536642074584961	2.1740384101867676	2.146974802017212	0.18416374921798706	0.031464919447898865	False	[0 0 0 0 1 1 0 1 0]	[0 0 1 0 0 1 0 0 1]	[1 1 1 0 1 1]	[1 0 0 0 0 0]	[8]	[0 0 0 0 1 0 0 1 0]	[1 0 1 0 0 1 0 0 1]	[0 1 1 0 1 1]	[0 0 0 0 0 0]	[8]
60	0.3852745294570923	4.473008155822754	2.164416790008545	2.143969774246216	0.1401195526123047	0.024501807987689972	False	[0 0 0 0 1 0 0 1 0]	[1 0 1 0 0 1 0 0 1]	[0 1 1 0 1 1]	[0 0 0 0 0 0]	[8]	[0 0 0 0 1 1 0 1 0]	[0 0 1 0 0 1 0 0 1]	[1 1 1 0 1 1]	[1 0 0 0 0 0]	[8]
60	0.35178568959236145	4.58696985244751	2.1658854484558105	2.1491615772247314	0.2436835914850235	0.02823876589536667	False	[0 0 0 0 1 1 0 1 0]	[0 0 1 0 0 1 0 0 1]	[1 1 1 0 1 1]	[1 0 0 0 0 0]	[8]	[0 0 0 0 1 0 0 1 0]	[1 0 1 0 0 1 0 0 1]	[0 1 1 0 1 1]	[0 0 0 0 0 0]	[8]
60	0.35846832394599915	4.532334327697754	2.165581464767456	2.1468007564544678	0.192201167345047	0.02775084599852562	False	[0 0 0 0 1 0 0 1 0]	[1 0 1 0 0 1 0 0 1]	[0 1 1 0 1 1]	[0 0 0 0 0 0]	[8]	[0 0 0 0 1 1 0 1 0]	[0 0 1 0 0 1 0 0 1]	[1 1 1 0 1 1]	[1 0 0 0 0 0]	[8]
60	0.3761836290359497	4.51953125	2.1630775928497314	2.1462721824645996	0.1764344573020935	0.03374650701880455	False	[0 0 0 0 1 1 0 1 0]	[0 0 1 0 0 1 0 0 1]	[1 1 1 0 1 1]	[1 0 0 0 0 0]	[8]	[0 0 0 0 1 0 0 1 0]	[1 0 1 0 0 1 0 0 1]	[0 1 1 0 1 1]	[0 0 0 0 0 0]	[8]
60	0.2941470146179199	4.466385364532471	2.168097972869873	2.145601987838745	0.1299954503774643	0.022690389305353165	False	[0 0 0 0 1 0 0 1 0]	[1 0 1 0 0 1 0 0 1]	[0 1 1 0 1 1]	[0 0 0 0 0 0]	[8]	[0 0 0 0 1 1 0 1 0]	[0 0 1 0 0 1 0 0 1]	[1 1 1 0 1 1]	[1 0 0 0 0 0]	[8]
60	0.339819997549057	4.514525890350342	2.1682775020599365	2.1450557708740234	0.16076263785362244	0.04042963311076164	False	[0 0 0 0 1 1 0 1 0]	[0 0 1 0 0 1 0 0 1]	[1 1 1 0 1 1]	[1 0 0 0 0 0]	[8]	[0 0 0 0 1 0 0 1 0]	[1 0 1 0 0 1 0 0 1]	[0 1 1 0 1 1]	[0 0 0 0 0 0]	[8]
60	0.35225221514701843	4.492392063140869	2.168020248413086	2.1381938457489014	0.1547224521636963	0.031455643475055695	False	[0 0 0 0 1 0 0 1 0]	[1 0 1 0 0 1 0 0 1]	[0 1 1 0 1 1]	[0 0 0 0 0 0]	[8]	[0 0 0 0 1 1 0 1 0]	[0 0 1 0 0 1 0 0 1]	[1 1 1 0 1 1]	[1 0 0 0 0 0]	[8]
60	0.4125472605228424	4.526152610778809	2.17179536819458	2.1505885124206543	0.17514510452747345	0.028623558580875397	False	[0 0 0 0 1 1 0 1 0]	[0 0 1 0 0 1 0 0 1]	[1 1 1 0 1 1]	[1 0 0 0 0 0]	[8]	[0 0 0 0 1 0 0 1 0]	[1 0 1 0 0 1 0 0 1]	[0 1 1 0 1 1]	[0 0 0 0 0 0]	[8]
60	0.3336038589477539	4.595302104949951	2.1424105167388916	2.13495135307312	0.2794021666049957	0.038537949323654175	False	[0 0 0 0 1 0 0 1 0]	[1 0 1 0 0 1 0 0 1]	[0 1 1 0 1 1]	[0 0 0 0 0 0]	[8]	[0 0 0 0 1 1 0 1 0]	[0 0 1 0 0 1 0 0 1]	[1 1 1 0 1 1]	[1 0 0 0 0 0]	[8]
60	0.2914906442165375	4.455429553985596	2.1751651763916016	2.1432690620422363	0.10142247378826141	0.03557281196117401	False	[0 0 0 0 1 1 0 1 0]	[0 0 1 0 0 1 0 0 1]	[1 1 1 0 1 1]	[1 0 0 0 0 0]	[8]	[0 0 0 0 1 0 0 1 0]	[1 0 1 0 0 1 0 0 1]	[0 1 1 0 1 1]	[0 0 0 0 0 0]	[8]
60	0.3182968497276306	4.4766669273376465	2.164332628250122	2.1438205242156982	0.14388124644756317	0.024632370099425316	False	[0 0 0 0 1 0 0 1 0]	[1 0 1 0 0 1 0 0 1]	[0 1 1 0 1 1]	[0 0 0 0 0 0]	[8]	[0 0 0 0 1 1 0 1 0]	[0 0 1 0 0 1 0 0 1]	[1 1 1 0 1 1]	[1 0 0 0 0 0]	[8]
60	0.42497947812080383	4.391449451446533	2.170356512069702	2.145319938659668	0.045421551913022995	0.03035099059343338	False	[0 0 0 0 1 1 0 1 0]	[0 0 1 0 0 1 0 0 1]	[1 1 1 0 1 1]	[1 0 0 0 0 0]	[8]	[0 0 0 0 1 0 0 1 0]	[1 0 1 0 0 1 0 0 1]	[0 1 1 0 1 1]	[0 0 0 0 0 0]	[8]
60	0.32451295852661133	4.517709732055664	2.156358242034912	2.138885498046875	0.1906886249780655	0.031777314841747284	False	[0 0 0 0 1 0 0 1 0]	[1 0 1 0 0 1 0 0 1]	[0 1 1 0 1 1]	[0 0 0 0 0 0]	[8]	[0 0 0 0 1 1 0 1 0]	[0 0 1 0 0 1 0 0 1]	[1 1 1 0 1 1]	[1 0 0 0 0 0]	[8]
60	0.36709269881248474	4.510214328765869	2.1603424549102783	2.1413872241973877	0.17217400670051575	0.03631071373820305	False	[0 0 0 0 1 1 0 1 0]	[0 0 1 0 0 1 0 0 1]	[1 1 1 0 1 1]	[1 0 0 0 0 0]	[8]	[0 0 0 0 1 0 0 1 0]	[1 0 1 0 0 1 0 0 1]	[0 1 1 0 1 1]	[0 0 0 0 0 0]	[8]
60	0.32360386848449707	4.560288429260254	2.162128210067749	2.146188259124756	0.2287333756685257	0.02323887310922146	False	[0 0 0 0 1 0 0 1 0]	[1 0 1 0 0 1 0 0 1]	[0 1 1 0 1 1]	[0 0 0 0 0 0]	[8]	[0 0 0 0 1 1 0 1 0]	[0 0 1 0 0 1 0 0 1]	[1 1 1 0 1 1]	[1 0 0 0 0 0]	[8]
60	0.33072906732559204	4.5871477127075195	2.1667380332946777	2.146418571472168	0.24079295992851257	0.033198148012161255	False	[0 0 0 0 1 1 0 1 0]	[0 0 1 0 0 1 0 0 1]	[1 1 1 0 1 1]	[1 0 0 0 0 0]	[8]	[0 0 0 0 1 0 0 1 0]	[1 0 1 0 0 1 0 0 1]	[0 1 1 0 1 1]	[0 0 0 0 0 0]	[8]
60	0.3446604907512665	4.519961357116699	2.164271831512451	2.1401448249816895	0.1850467324256897	0.030497973784804344	False	[0 0 0 0 1 0 0 1 0]	[1 0 1 0 0 1 0 0 1]	[0 1 1 0 1 1]	[0 0 0 0 0 0]	[8]	[0 0 0 0 1 1 0 1 0]	[0 0 1 0 0 1 0 0 1]	[1 1 1 0 1 1]	[1 0 0 0 0 0]	[8]
60	0.2914906442165375	4.42768669128418	2.1732258796691895	2.143974781036377	0.07857909053564072	0.031906887888908386	False	[0 0 0 0 1 1 0 1 0]	[0 0 1 0 0 1 0 0 1]	[1 1 1 0 1 1]	[1 0 0 0 0 0]	[8]	[0 0 0 0 1 0 0 1 0]	[1 0 1 0 0 1 0 0 1]	[0 1 1 0 1 1]	[0 0 0 0 0 0]	[8]
60	0.35178568959236145	4.510954856872559	2.1679906845092773	2.143264055252075	0.17365270853042603	0.026047661900520325	False	[0 0 0 0 1 0 0 1 0]	[1 0 1 0 0 1 0 0 1]	[0 1 1 0 1 1]	[0 0 0 0 0 0]	[8]	[0 0 0 0 1 1 0 1 0]	[0 0 1 0 0 1 0 0 1]	[1 1 1 0 1 1]	[1 0 0 0 0 0]	[8]
60	0.3269451856613159	4.487536430358887	2.17151141166687	2.147857189178467	0.14146578311920166	0.02670234814286232	False	[0 0 0 0 1 1 0 1 0]	[0 0 1 0 0 1 0 0 1]	[1 1 1 0 1 1]	[1 0 0 0 0 0]	[8]	[0 0 0 0 1 0 0 1 0]	[1 0 1 0 0 1 0 0 1]	[0 1 1 0 1 1]	[0 0 0 0 0 0]	[8]
60	0.38193321228027344	4.598654270172119	2.16025710105896	2.141098976135254	0.264884889125824	0.032412927597761154	False	[0 0 0 0 1 0 0 1 0]	[1 0 1 0 0 1 0 0 1]	[0 1 1 0 1 1]	[0 0 0 0 0 0]	[8]	[0 0 0 0 1 1 0 1 0]	[0 0 1 0 0 1 0 0 1]	[1 1 1 0 1 1]	[1 0 0 0 0 0]	[8]
61	-1.0	5.525696277618408	1.811075210571289	1.8341718912124634	1.436445713043213	0.44400373101234436	False	[0 0 0 0 0 1 0 0 0]	[0 0 0 0 0 0 0 0 0]	[0 0 0 1 0 0]	[1 1 0 0 1 0]	[0]	[0 0 0 1 0 1 0 0 0]	[0 1 0 0 0 0 0 0 0]	[0 0 0 0 0 0]	[1 0 0 0 1 0]	[0]
61	-1.0	5.849333763122559	1.7529972791671753	2.093017816543579	1.1823216676712036	0.8209972381591797	False	[0 0 0 1 0 1 0 0 0]	[0 1 0 0 0 0 0 0 0]	[0 0 0 0 0 0]	[1 0 0 0 1 0]	[0]	[0 0 0 0 0 1 0 0 0]	[0 1 0 1 0 0 0 0 0]	[0 1 0 0 0 0]	[1 0 0 0 0 0]	[0]
61	-0.25	6.217581748962402	2.1780519485473633	1.8447582721710205	1.2827872037887573	0.9119844436645508	False	[0 0 0 0 0 1 0 0 0]	[0 1 0 1 0 0 0 0 0]	[0 1 0 0 0 0]	[1 0 0 0 0 0]	[0]	[0 0 0 1 0 1 0 0 0]	[0 1 0 1 1 0 0 0 0]	[0 1 0 0 1 0]	[1 0 0 0 0 0]	[6]
61	0.33072906732559204	4.677152633666992	2.074815511703491	2.0711209774017334	0.4601077437400818	0.07110845297574997	False	[0 0 0 1 0 1 0 0 0]	[0 1 0 1 1 0 0 0 0]	[0 1 0 0 1 0]	[1 0 0 0 0 0]	[6]	[0 0 0 1 0 0 0 0 0]	[1 1 0 1 1 0 0 0 0]	[0 1 0 1 1 0]	[0 0 0 0 0 0]	[24]
61	0.26861584186553955	4.034567356109619	2.0670382976531982	1.8809090852737427	0.0592028945684433	0.02741730958223343	False	[0 0 0 1 0 0 0 0 0]	[1 1 0 1 1 0 0 0 0]	[0 1 0 1 1 0]	[0 0 0 0 0 0]	[24]	[1 0 0 1 0 0 0 0 0]	[0 1 0 1 1 0 0 0 0]	[1 1 0 1 1 0]	[1 0 0 0 0 0]	[24]
61	0.2613431215286255	4.049987316131592	2.0637402534484863	1.8916040658950806	0.057916734367609024	0.03672666475176811	False	[1 0 0 1 0 0 0 0 0]	[0 1 0 1 1 0 0 0 0]	[1 1 0 1 1 0]	[1 0 0 0 0 0]	[24]	[0 0 0 1 0 0 0 0 0]	[1 1 0 1 1 0 0 0 0]	[0 1 0 1 1 0]	[0 0 0 0 0 0]	[24]
61	0.30058154463768005	4.045464992523193	2.0661728382110596	1.8886237144470215	0.06214463338255882	0.028523925691843033	False	[0 0 0 1 0 0 0 0 0]	[1 1 0 1 1 0 0 0 0]	[0 1 0 1 1 0]	[0 0 0 0 0 0]	[24]	[1 0 0 1 0 0 0 0 0]	[0 1 0 1 1 0 0 0 0]	[1 1 0 1 1 0]	[1 0 0 0 0 0]	[24]
61	0.2766501307487488	4.071595668792725	2.0744991302490234	1.8796055316925049	0.09206581115722656	0.025425300002098083	False	[1 0 0 1 0 0 0 0 0]	[0 1 0 1 1 0 0 0 0]	[1 1 0 1 1 0]	[1 0 0 0 0 0]	[24]	[0 0 0 1 0 0 0 0 0]	[1 1 0 1 1 0 0 0 0]	[0 1 0 1 1 0]	[0 0 0 0 0 0]	[24]
61	0.3187633752822876	4.047966957092285	2.063971996307373	1.8902485370635986	0.06255943328142166	0.03118724189698696	False	[0 0 0 1 0 0 0 0 0]	[1 1 0 1 1 0 0 0 0]	[0 1 0 1 1 0]	[0 0 0 0 0 0]	[24]	[1 0 0 1 0 0 0 0 0]	[0 1 0 1 1 0 0 0 0]	[1 1 0 1 1 0]	[1 0 0 0 0 0]	[24]
61	0.30679765343666077	4.041558742523193	2.0676305294036865	1.8905067443847656	0.05542943254113197	0.027992036193609238	False	[1 0 0 1 0 0 0 0 0]	[0 1 0 1 1 0 0 0 0]	[1 1 0 1 1 0]	[1 0 0 0 0 0]	[24]	[0 0 0 1 0 0 0 0 0]	[1 1 0 1 1 0 0 0 0]	[0 1 0 1 1 0]	[0 0 0 0 0 0]	[24]
61	0.27043402194976807	4.033673286437988	2.063347578048706	1.8840806484222412	0.05907727777957916	0.027167940512299538	False	[0 0 0 1 0 0 0 0 0]	[1 1 0 1 1 0 0 0 0]	[0 1 0 1 1 0]	[0 0 0 0 0 0]	[24]	[1 0 0 1 0 0 0 0 0]	[0 1 0 1 1 0 0 0 0]	[1 1 0 1 1 0]	[1 0 0 0 0 0]	[24]
61	0.29436543583869934	4.052064895629883	2.065431833267212	1.887377381324768	0.07122933864593506	0.028026249259710312	False	[1 0 0 1 0 0 0 0 0]	[0 1 0 1 1 0 0 0 0]	[1 1 0 1 1 0]	[1 0 0 0 0 0]	[24]	[0 0 0 1 0 0 0 0 0]	[1 1 0 1 1 0 0 0 0]	[0 1 0 1 1 0]	[0 0 0 0 0 0]	[24]
61	0.2852984666824341	4.03390645980835	2.0659334659576416	1.8880890607833862	0.0486261360347271	0.031258270144462585	False	[0 0 0 1 0 0 0 0 0]	[1 1 0 1 1 0 0 0 0]	[0 1 0 1 1 0]	[0 0 0 0 0 0]	[24]	[1 0 0 1 0 0 0 0 0]	[0 1 0 1 1 0 0 0 0]	[1 1 0 1 1 0]	[1 0 0 0 0 0]	[24]
61	0.3125472664833069	4.0328049659729	2.0683233737945557	1.8884119987487793	0.047752756625413895	0.028317062184214592	False	[1 0 0 1 0 0 0 0 0]	[0 1 0 1 1 0 0 0 0]	[1 1 0 1 1 0]	[1 0 0 0 0 0]	[24]	[0 0 0 1 0 0 0 0 0]	[1 1 0 1 1 0 0 0 0]	[0 1 0 1 1 0]	[0 0 0 0 0 0]	[24]
61	0.28574103116989136	4.05104923248291	2.0591187477111816	1.884851336479187	0.07379972189664841	0.033279553055763245	False	[0 0 0 1 0 0 0 0 0]	[1 1 0 1 1 0 0 0 0]	[0 1 0 1 1 0]	[0 0 0 0 0 0]	[24]	[1 0 0 1 0 0 0 0 0]	[0 1 0 1 1 0 0 0 0]	[1 1 0 1 1 0]	[1 0 0 0 0 0]	[24]
61	0.3116381764411926	4.039499759674072	2.0621488094329834	1.892295241355896	0.053934190422296524	0.03112182393670082	False	[1 0 0 1 0 0 0 0 0]	[0 1 0 1 1 0 0 0 0]	[1 1 0 1 1 0]	[1 0 0 0 0 0]	[24]	[0 0 0 1 0 0 0 0 0]	[1 1 0 1 1 0 0 0 0]	[0 1 0 1 1 0]	[0 0 0 0 0 0]	[24]
61	0.27711665630340576	4.051214694976807	2.067471504211426	1.8855336904525757	0.0714782327413559	0.026731092482805252	False	[0 0 0 1 0 0 0 0 0]	[1 1 0 1 1 0 0 0 0]	[0 1 0 1 1 0]	[0 0 0 0 0 0]	[24]	[1 0 0 1 0 0 0 0 0]	[0 1 0 1 1 0 0 0 0]	[1 1 0 1 1 0]	[1 0 0 0 0 0]	[24]
61	0.27330881357192993	4.039205551147461	2.0662038326263428	1.8858195543289185	0.058745767921209335	0.028436219319701195	False	[1 0 0 1 0 0 0 0 0]	[0 1 0 1 1 0 0 0 0]	[1 1 0 1 1 0]	[1 0 0 0 0 0]	[24]	[0 0 0 1 0 0 0 0 0]	[1 1 0 1 1 0 0 0 0]	[0 1 0 1 1 0]	[0 0 0 0 0 0]	[24]
61	0.3149794638156891	4.048544883728027	2.067167282104492	1.8876523971557617	0.06364209949970245	0.030083291232585907	False	[0 0 0 1 0 0 0 0 0]	[1 1 0 1 1 0 0 0 0]	[0 1 0 1 1 0]	[0 0 0 0 0 0]	[24]	[1 0 0 1 0 0 0 0 0]	[0 1 0 1 1 0 0 0 0]	[1 1 0 1 1 0]	[1 0 0 0 0 0]	[24]
61	0.2823997437953949	4.0334649085998535	2.0705132484436035	1.8936289548873901	0.0355244055390358	0.033798351883888245	False	[1 0 0 1 0 0 0 0 0]	[0 1 0 1 1 0 0 0 0]	[1 1 0 1 1 0]	[1 0 0 0 0 0]	[24]	[0 0 0 1 0 0 0 0 0]	[1 1 0 1 1 0 0 0 0]	[0 1 0 1 1 0]	[0 0 0 0 0 0]	[24]
61	0.24696911871433258	4.045801162719727	2.0691797733306885	1.8827970027923584	0.06439189612865448	0.029432296752929688	False	[0 0 0 1 0 0 0 0 0]	[1 1 0 1 1 0 0 0 0]	[0 1 0 1 1 0]	[0 0 0 0 0 0]	[24]	[1 0 0 1 0 0 0 0 0]	[0 1 0 1 1 0 0 0 0]	[1 1 0 1 1 0]	[1 0 0 0 0 0]	[24]
61	0.3101389706134796	4.061927318572998	2.068692207336426	1.8908201456069946	0.06957575678825378	0.032839223742485046	False	[1 0 0 1 0 0 0 0 0]	[0 1 0 1 1 0 0 0 0]	[1 1 0 1 1 0]	[1 0 0 0 0 0]	[24]	[0 0 0 1 0 0 0 0 0]	[1 1 0 1 1 0 0 0 0]	[0 1 0 1 1 0]	[0 0 0 0 0 0]	[24]
61	0.2848319411277771	4.046990394592285	2.0673117637634277	1.8828074932098389	0.07032674551010132	0.026544632390141487	False	[0 0 0 1 0 0 0 0 0]	[1 1 0 1 1 0 0 0 0]	[0 1 0 1 1 0]	[0 0 0 0 0 0]	[24]	[1 0 0 1 0 0 0 0 0]	[0 1 0 1 1 0 0 0 0]	[1 1 0 1 1 0]	[1 0 0 0 0 0]	[24]
61	0.27967244386672974	4.0404486656188965	2.0663537979125977	1.8851662874221802	0.05903944745659828	0.02988920733332634	False	[1 0 0 1 0 0 0 0 0]	[0 1 0 1 1 0 0 0 0]	[1 1 0 1 1 0]	[1 0 0 0 0 0]	[24]	[0 0 0 1 0 0 0 0 0]	[1 1 0 1 1 0 0 0 0]	[0 1 0 1 1 0]	[0 0 0 0 0 0]	[24]
61	0.2680257558822632	4.040399551391602	2.06534481048584	1.8866738080978394	0.0584394633769989	0.029941685497760773	False	[0 0 0 1 0 0 0 0 0]	[1 1 0 1 1 0 0 0 0]	[0 1 0 1 1 0]	[0 0 0 0 0 0]	[24]	[1 0 0 1 0 0 0 0 0]	[0 1 0 1 1 0 0 0 0]	[1 1 0 1 1 0]	[1 0 0 0 0 0]	[24]
61	0.32407039403915405	4.022674083709717	2.0655529499053955	1.8857930898666382	0.04452769458293915	0.026800256222486496	False	[1 0 0 1 0 0 0 0 0]	[0 1 0 1 1 0 0 0 0]	[1 1 0 1 1 0]	[1 0 0 0 0 0]	[24]	[0 0 0 1 0 0 0 0 0]	[1 1 0 1 1 0 0 0 0]	[0 1 0 1 1 0]	[0 0 0 0 0 0]	[24]
61	0.3101389706134796	4.038015842437744	2.070981502532959	1.887155532836914	0.050359874963760376	0.029518987983465195	False	[0 0 0 1 0 0 0 0 0]	[1 1 0 1 1 0 0 0 0]	[0 1 0 1 1 0]	[0 0 0 0 0 0]	[24]	[1 0 0 1 0 0 0 0 0]	[0 1 0 1 1 0 0 0 0]	[1 1 0 1 1 0]	[1 0 0 0 0 0]	[24]
61	0.34316128492355347	4.026594161987305	2.059093952178955	1.8840038776397705	0.05465490743517876	0.028841722756624222	False	[1 0 0 1 0 0 0 0 0]	[0 1 0 1 1 0 0 0 0]	[1 1 0 1 1 0]	[1 0 0 0 0 0]	[24]	[0 0 0 1 0 0 0 0 0]	[1 1 0 1 1 0 0 0 0]	[0 1 0 1 1 0]	[0 0 0 0 0 0]	[24]
61	0.27952492237091064	4.039191722869873	2.074012279510498	1.8845887184143066	0.05310291796922684	0.027487635612487793	False	[0 0 0 1 0 0 0 0 0]	[1 1 0 1 1 0 0 0 0]	[0 1 0 1 1 0]	[0 0 0 0 0 0]	[24]	[1 0 0 1 0 0 0 0 0]	[0 1 0 1 1 0 0 0 0]	[1 1 0 1 1 0]	[1 0 0 0 0 0]	[24]
61	0.31588858366012573	4.056825637817383	2.0727553367614746	1.8874017000198364	0.07101354002952576	0.025655070319771767	False	[1 0 0 1 0 0 0 0 0]	[0 1 0 1 1 0 0 0 0]	[1 1 0 1 1 0]	[1 0 0 0 0 0]	[24]	[0 0 0 1 0 0 0 0 0]	[1 1 0 1 1 0 0 0 0]	[0 1 0 1 1 0]	[0 0 0 0 0 0]	[24]
62	-0.75	4.648559093475342	1.2002540826797485	2.039588212966919	0.9397860765457153	0.4689309000968933	False	[0 0 1 0 0 1 0 0 0]	[0 0 0 0 0 0 0 1 0]	[0 0 1 0 0 0]	[0 0 0 0 0 0]	[0]	[0 0 1 0 0 1 0 0 0]	[0 0 0 0 0 0 0 1 1]	[0 1 1 0 0 0]	[0 0 0 0 0 0]	[2]
62	-0.75	5.179544925689697	1.8950053453445435	1.939013957977295	0.8089219331741333	0.5366040468215942	False	[0 0 1 0 0 1 0 0 0]	[0 0 0 0 0 0 0 1 1]	[0 1 1 0 0 0]	[0 0 0 0 0 0]	[2]	[0 0 1 0 0 0 0 0 0]	[0 0 1 0 0 0 0 1 1]	[0 1 0 0 0 0]	[1 0 0 0 0 0]	[2]
62	-0.25	5.40468692779541	2.145052909851074	2.0219757556915283	0.7235388159751892	0.5141198635101318	False	[0 0 1 0 0 0 0 0 0]	[0 0 1 0 0 0 0 1 1]	[0 1 0 0 0 0]	[1 0 0 0 0 0]	[2]	[0 0 1 0 0 1 0 0 0]	[0 0 1 0 0 0 0 1 0]	[0 1 0 0 1 0]	[0 0 0 0 0 0]	[6]
62	0.46709272265434265	4.299484729766846	2.008908271789551	2.0730066299438477	0.1822679340839386	0.035301826894283295	False	[0 0 1 0 0 1 0 0 0]	[0 0 1 0 0 0 0 1 0]	[0 1 0 0 1 0]	[0 0 0 0 0 0]	[6]	[0 0 1 0 0 0 0 0 0]	[1 0 1 0 0 0 0 1 0]	[0 1 0 1 1 0]	[1 0 0 0 0 0]	[8]
62	0.11564808338880539	3.9943647384643555	2.113406181335449	1.8176026344299316	0.05312101170420647	0.010234770365059376	False	[0 0 1 0 0 0 0 0 0]	[1 0 1 0 0 0 0 1 0]	[0 1 0 1 1 0]	[1 0 0 0 0 0]	[8]	[0 0 0 0 0 0 0 0 0]	[0 0 1 0 0 0 0 1 0]	[1 1 0 1 1 0]	[0 0 0 0 0 0]	[8]
62	0.4489108920097351	4.002787113189697	2.1178154945373535	1.8119755983352661	0.0632210522890091	0.009775320068001747	False	[0 0 0 0 0 0 0 0 0]	[0 0 1 0 0 0 0 1 0]	[1 1 0 1 1 0]	[0 0 0 0 0 0]	[8]	[0 0 1 0 0 0 0 0 0]	[1 0 1 0 0 0 0 1 0]	[0 1 0 1 1 0]	[1 0 0 0 0 0]	[8]
62	0.09836385399103165	4.017821788787842	2.1166253089904785	1.813791036605835	0.0772574171423912	0.010148035362362862	False	[0 0 1 0 0 0 0 0 0]	[1 0 1 0 0 0 0 1 0]	[0 1 0 1 1 0]	[1 0 0 0 0 0]	[8]	[0 0 0 0 0 0 0 0 0]	[0 0 1 0 0 0 0 1 0]	[1 1 0 1 1 0]	[0 0 0 0 0 0]	[8]
62	0.5364786982536316	4.003597736358643	2.119786262512207	1.8090602159500122	0.06371523439884186	0.011036315932869911	False	[0 0 0 0 0 0 0 0 0]	[0 0 1 0 0 0 0 1 0]	[1 1 0 1 1 0]	[0 0 0 0 0 0]	[8]	[0 0 1 0 0 0 0 0 0]	[1 0 1 0 0 0 0 1 0]	[0 1 0 1 1 0]	[1 0 0 0 0 0]	[8]
62	0.09462115913629532	4.004619121551514	2.116499662399292	1.8167386054992676	0.060107309371232986	0.011273577809333801	False	[0 0 1 0 0 0 0 0 0]	[1 0 1 0 0 0 0 1 0]	[0 1 0 1 1 0]	[1 0 0 0 0 0]	[8]	[0 0 0 0 0 0 0 0 0]	[0 0 1 0 0 0 0 1 0]	[1 1 0 1 1 0]	[0 0 0 0 0 0]	[8]
62	0.4910241365432739	4.003627300262451	2.1196436882019043	1.8132373094558716	0.060488179326057434	0.010258139111101627	False	[0 0 0 0 0 0 0 0 0]	[0 0 1 0 0 0 0 1 0]	[1 1 0 1 1 0]	[0 0 0 0 0 0]	[8]	[0 0 1 0 0 0 0 0 0]	[1 0 1 0 0 0 0 1 0]	[0 1 0 1 1 0]	[1 0 0 0 0 0]	[8]
62	0.1255359947681427	4.001142501831055	2.118227958679199	1.8140758275985718	0.05966643989086151	0.009172044694423676	False	[0 0 1 0 0 0 0 0 0]	[1 0 1 0 0 0 0 1 0]	[0 1 0 1 1 0]	[1 0 0 0 0 0]	[8]	[0 0 0 0 0 0 0 0 0]	[0 0 1 0 0 0 0 1 0]	[1 1 0 1 1 0]	[0 0 0 0 0 0]	[8]
62	0.43891090154647827	4.009111404418945	2.1162869930267334	1.8073947429656982	0.07388594001531601	0.011543690226972103	False	[0 0 0 0 0 0 0 0 0]	[0 0 1 0 0 0 0 1 0]	[1 1 0 1 1 0]	[0 0 0 0 0 0]	[8]	[0 0 1 0 0 0 0 0 0]	[1 0 1 0 0 0 0 1 0]	[0 1 0 1 1 0]	[1 0 0 0 0 0]	[8]
62	0.08946166187524796	3.996293544769287	2.1144559383392334	1.8128043413162231	0.05919859558343887	0.00983447302132845	False	[0 0 1 0 0 0 0 0 0]	[1 0 1 0 0 0 0 1 0]	[0 1 0 1 1 0]	[1 0 0 0 0 0]	[8]	[0 0 0 0 0 0 0 0 0]	[0 0 1 0 0 0 0 1 0]	[1 1 0 1 1 0]	[0 0 0 0 0 0]	[8]
62	0.4336038827896118	4.006240367889404	2.115704298019409	1.8023693561553955	0.07869096100330353	0.009475539438426495	False	[0 0 0 0 0 0 0 0 0]	[0 0 1 0 0 0 0 1 0]	[1 1 0 1 1 0]	[0 0 0 0 0 0]	[8]	[0 0 1 0 0 0 0 0 0]	[1 0 1 0 0 0 0 1 0]	[0 1 0 1 1 0]	[1 0 0 0 0 0]	[8]
62	0.09495165199041367	3.999457359313965	2.1148581504821777	1.80807626247406	0.06625638902187347	0.010266531258821487	False	[0 0 1 0 0 0 0 0 0]	[1 0 1 0 0 0 0 1 0]	[0 1 0 1 1 0]	[1 0 0 0 0 0]	[8]	[0 0 0 0 0 0 0 0 0]	[0 0 1 0 0 0 0 1 0]	[1 1 0 1 1 0]	[0 0 0 0 0 0]	[8]
62	0.5092059373855591	4.004186153411865	2.1157634258270264	1.8145229816436768	0.06278031319379807	0.011119542643427849	False	[0 0 0 0 0 0 0 0 0]	[0 0 1 0 0 0 0 1 0]	[1 1 0 1 1 0]	[0 0 0 0 0 0]	[8]	[0 0 1 0 0 0 0 0 0]	[1 0 1 0 0 0 0 1 0]	[0 1 0 1 1 0]	[1 0 0 0 0 0]	[8]
62	0.10247823596000671	4.02437686920166	2.115124225616455	1.819531798362732	0.07998935878276825	0.009731275960803032	False	[0 0 1 0 0 0 0 0 0]	[1 0 1 0 0 0 0 1 0]	[0 1 0 1 1 0]	[1 0 0 0 0 0]	[8]	[0 0 0 0 0 0 0 0 0]	[0 0 1 0 0 0 0 1 0]	[1 1 0 1 1 0]	[0 0 0 0 0 0]	[8]
62	0.5154220461845398	4.004283428192139	2.1169562339782715	1.8239065408706665	0.0528804212808609	0.01054048165678978	False	[0 0 0 0 0 0 0 0 0]	[0 0 1 0 0 0 0 1 0]	[1 1 0 1 1 0]	[0 0 0 0 0 0]	[8]	[0 0 1 0 0 0 0 0 0]	[1 0 1 0 0 0 0 1 0]	[0 1 0 1 1 0]	[1 0 0 0 0 0]	[8]
62	0.10388928651809692	3.9948983192443848	2.1168389320373535	1.8127459287643433	0.05335281789302826	0.011960556730628014	False	[0 0 1 0 0 0 0 0 0]	[1 0 1 0 0 0 0 1 0]	[0 1 0 1 1 0]	[1 0 0 0 0 0]	[8]	[0 0 0 0 0 0 0 0 0]	[0 0 1 0 0 0 0 1 0]	[1 1 0 1 1 0]	[0 0 0 0 0 0]	[8]
62	0.4910241365432739	4.007623195648193	2.1160967350006104	1.819225788116455	0.06182282418012619	0.010477712377905846	False	[0 0 0 0 0 0 0 0 0]	[0 0 1 0 0 0 0 1 0]	[1 1 0 1 1 0]	[0 0 0 0 0 0]	[8]	[0 0 1 0 0 0 0 0 0]	[1 0 1 0 0 0 0 1 0]	[0 1 0 1 1 0]	[1 0 0 0 0 0]	[8]
62	0.08832841366529465	4.002521514892578	2.1135478019714355	1.8161330223083496	0.062162186950445175	0.010678730905056	False	[0 0 1 0 0 0 0 0 0]	[1 0 1 0 0 0 0 1 0]	[0 1 0 1 1 0]	[1 0 0 0 0 0]	[8]	[0 0 0 0 0 0 0 0 0]	[0 0 1 0 0 0 0 1 0]	[1 1 0 1 1 0]	[0 0 0 0 0 0]	[8]
62	0.44603610038757324	3.998694896697998	2.1213204860687256	1.817762017250061	0.048607237637043	0.011004893109202385	False	[0 0 0 0 0 0 0 0 0]	[0 0 1 0 0 0 0 1 0]	[1 1 0 1 1 0]	[0 0 0 0 0 0]	[8]	[0 0 1 0 0 0 0 0 0]	[1 0 1 0 0 0 0 1 0]	[0 1 0 1 1 0]	[1 0 0 0 0 0]	[8]
62	0.08946166187524796	4.021392345428467	2.1157021522521973	1.8258237838745117	0.07065287232398987	0.009213589131832123	False	[0 0 1 0 0 0 0 0 0]	[1 0 1 0 0 0 0 1 0]	[0 1 0 1 1 0]	[1 0 0 0 0 0]	[8]	[0 0 0 0 0 0 0 0 0]	[0 0 1 0 0 0 0 1 0]	[1 1 0 1 1 0]	[0 0 0 0 0 0]	[8]
62	0.5092059373855591	4.014226913452148	2.1179311275482178	1.8116941452026367	0.07376227527856827	0.010839305818080902	False	[0 0 0 0 0 0 0 0 0]	[0 0 1 0 0 0 0 1 0]	[1 1 0 1 1 0]	[0 0 0 0 0 0]	[8]	[0 0 1 0 0 0 0 0 0]	[1 0 1 0 0 0 0 1 0]	[0 1 0 1 1 0]	[1 0 0 0 0 0]	[8]
62	0.09331069141626358	4.001977443695068	2.1168651580810547	1.8138952255249023	0.06097901239991188	0.010237706825137138	False	[0 0 1 0 0 0 0 0 0]	[1 0 1 0 0 0 0 1 0]	[0 1 0 1 1 0]	[1 0 0 0 0 0]	[8]	[0 0 0 0 0 0 0 0 0]	[0 0 1 0 0 0 0 1 0]	[1 1 0 1 1 0]	[0 0 0 0 0 0]	[8]
62	0.4637514054775238	4.001875400543213	2.1129422187805176	1.817832112312317	0.0597735196352005	0.011327894404530525	False	[0 0 0 0 0 0 0 0 0]	[0 0 1 0 0 0 0 1 0]	[1 1 0 1 1 0]	[0 0 0 0 0 0]	[8]	[0 0 1 0 0 0 0 0 0]	[1 0 1 0 0 0 0 1 0]	[0 1 0 1 1 0]	[1 0 0 0 0 0]	[8]
62	0.11811575293540955	4.030125617980957	2.1191470623016357	1.8176602125167847	0.08374454826116562	0.00957380048930645	False	[0 0 1 0 0 0 0 0 0]	[1 0 1 0 0 0 0 1 0]	[0 1 0 1 1 0]	[1 0 0 0 0 0]	[8]	[0 0 0 0 0 0 0 0 0]	[0 0 1 0 0 0 0 1 0]	[1 1 0 1 1 0]	[0 0 0 0 0 0]	[8]
62	0.4364786744117737	3.9943454265594482	2.1170403957366943	1.8124960660934448	0.05289607495069504	0.011913144960999489	False	[0 0 0 0 0 0 0 0 0]	[0 0 1 0 0 0 0 1 0]	[1 1 0 1 1 0]	[0 0 0 0 0 0]	[8]	[0 0 1 0 0 0 0 0 0]	[1 0 1 0 0 0 0 1 0]	[0 1 0 1 1 0]	[1 0 0 0 0 0]	[8]
62	0.07745476067066193	3.998624563217163	2.118079662322998	1.8140701055526733	0.055667441338300705	0.01080731488764286	False	[0 0 1 0 0 0 0 0 0]	[1 0 1 0 0 0 0 1 0]	[0 1 0 1 1 0]	[1 0 0 0 0 0]	[8]	[0 0 0 0 0 0 0 0 0]	[0 0 1 0 0 0 0 1 0]	[1 1 0 1 1 0]	[0 0 0 0 0 0]	[8]
62	0.4728423058986664	4.026994228363037	2.119119882583618	1.8035242557525635	0.09403371065855026	0.010316601023077965	False	[0 0 0 0 0 0 0 0 0]	[0 0 1 0 0 0 0 1 0]	[1 1 0 1 1 0]	[0 0 0 0 0 0]	[8]	[0 0 1 0 0 0 0 0 0]	[1 0 1 0 0 0 0 1 0]	[0 1 0 1 1 0]	[1 0 0 0 0 0]	[8]
63	-0.75	5.430445671081543	2.052670955657959	1.8576949834823608	1.4068598747253418	0.11321978271007538	False	[0 0 0 0 0 0 0 1 0]	[0 0 0 0 0 0 0 0 0]	[0 0 1 0 0 0]	[1 0 0 1 0 0]	[6]	[1 0 0 0 0 0 0 1 0]	[0 0 0 1 0 0 0 0 0]	[0 1 1 0 0 0]	[1 0 0 0 0 0]	[2]
63	-0.75	5.98383092880249	1.9691102504730225	1.8468066453933716	1.1526198387145996	1.015294075012207	False	[1 0 0 0 0 0 0 1 0]	[0 0 0 1 0 0 0 0 0]	[0 1 1 0 0 0]	[1 0 0 0 0 0]	[2]	[0 0 0 0 0 0 0 1 0]	[0 0 0 0 0 0 0 0 0]	[0 1 0 0 0 0]	[1 0 0 0 1 0]	[2]
63	-0.25	6.055079936981201	2.1563000679016113	1.8839763402938843	1.3377244472503662	0.6770788431167603	False	[0 0 0 0 0 0 0 1 0]	[0 0 0 0 0 0 0 0 0]	[0 1 0 0 0 0]	[1 0 0 0 1 0]	[2]	[1 0 0 0 0 0 0 1 0]	[0 0 0 1 0 0 0 0 0]	[0 1 0 0 1 0]	[1 0 0 0 0 0]	[6]
63	0.08968007564544678	4.312533378601074	2.029816150665283	2.0453381538391113	0.16480018198490143	0.07257866859436035	False	[1 0 0 0 0 0 0 1 0]	[0 0 0 1 0 0 0 0 0]	[0 1 0 0 1 0]	[1 0 0 0 0 0]	[6]	[1 0 0 0 0 0 0 0 0]	[0 0 0 1 0 0 0 0 1]	[0 1 0 1 1 0]	[0 0 0 0 0 0]	[8]
63	0.34269478917121887	4.17461633682251	2.0471975803375244	2.075197696685791	0.0379696786403656	0.014251035638153553	False	[1 0 0 0 0 0 0 0 0]	[0 0 0 1 0 0 0 0 1]	[0 1 0 1 1 0]	[0 0 0 0 0 0]	[8]	[1 1 0 0 0 0 0 0 0]	[0 0 0 0 0 0 0 0 1]	[1 1 0 1 1 0]	[1 0 0 0 0 0]	[8]
63	0.40254727005958557	4.114743709564209	2.0203328132629395	2.0640594959259033	0.014085453934967518	0.0162658654153347	False	[1 1 0 0 0 0 0 0 0]	[0 0 0 0 0 0 0 0 1]	[1 1 0 1 1 0]	[1 0 0 0 0 0]	[8]	[1 1 0 0 0 0 1 0 0]	[0 0 0 0 0 0 1 0 1]	[0 1 0 1 1 0]	[0 0 0 0 0 0]	[8]
63	0.3101389706134796	4.080018997192383	2.035449743270874	1.9830571413040161	0.026010354980826378	0.035501569509506226	False	[1 1 0 0 0 0 1 0 0]	[0 0 0 0 0 0 1 0 1]	[0 1 0 1 1 0]	[0 0 0 0 0 0]	[8]	[1 1 1 0 0 0 1 0 0]	[0 0 1 0 0 0 1 0 1]	[1 1 0 1 1 0]	[1 0 0 0 0 0]	[8]
63	0.33385196328163147	4.10585355758667	2.0156362056732178	2.053770065307617	0.009881081059575081	0.026566114276647568	False	[1 1 1 0 0 0 1 0 0]	[0 0 1 0 0 0 1 0 1]	[1 1 0 1 1 0]	[1 0 0 0 0 0]	[8]	[1 1 1 0 0 0 0 0 0]	[0 0 1 0 0 0 0 0 1]	[0 1 0 1 1 0]	[0 0 0 0 0 0]	[8]
63	0.3852745294570923	4.075826644897461	2.0378260612487793	1.9856300354003906	0.028117211535573006	0.024253247305750847	False	[1 1 1 0 0 0 0 0 0]	[0 0 1 0 0 0 0 0 1]	[0 1 0 1 1 0]	[0 0 0 0 0 0]	[8]	[1 1 0 0 0 0 0 0 0]	[0 0 0 0 0 0 0 0 1]	[1 1 0 1 1 0]	[1 0 0 0 0 0]	[8]
63	0.4125472605228424	4.116330146789551	2.0208046436309814	2.0650758743286133	0.012425092980265617	0.01802506484091282	False	[1 1 0 0 0 0 0 0 0]	[0 0 0 0 0 0 0 0 1]	[1 1 0 1 1 0]	[1 0 0 0 0 0]	[8]	[1 1 0 0 0 0 1 0 0]	[0 0 0 0 0 0 1 0 1]	[0 1 0 1 1 0]	[0 0 0 0 0 0]	[8]
63	0.3187633752822876	4.066874027252197	2.0327937602996826	1.9760475158691406	0.02784634754061699	0.030186031013727188	False	[1 1 0 0 0 0 1 0 0]	[0 0 0 0 0 0 1 0 1]	[0 1 0 1 1 0]	[0 0 0 0 0 0]	[8]	[1 1 1 0 0 0 1 0 0]	[0 0 1 0 0 0 1 0 1]	[1 1 0 1 1 0]	[1 0 0 0 0 0]	[8]
63	0.3786158561706543	4.127608776092529	2.0283703804016113	2.0684757232666016	0.015128525905311108	0.015634195879101753	False	[1 1 1 0 0 0 1 0 0]	[0 0 1 0 0 0 1 0 1]	[1 1 0 1 1 0]	[1 0 0 0 0 0]	[8]	[1 1 1 0 0 0 0 0 0]	[0 0 1 0 0 0 0 0 1]	[0 1 0 1 1 0]	[0 0 0 0 0 0]	[8]
63	0.36709269881248474	4.085938930511475	2.034318685531616	1.994350552558899	0.02468978613615036	0.03257986903190613	False	[1 1 1 0 0 0 0 0 0]	[0 0 1 0 0 0 0 0 1]	[0 1 0 1 1 0]	[0 0 0 0 0 0]	[8]	[1 1 0 0 0 0 0 0 0]	[0 0 0 0 0 0 0 0 1]	[1 1 0 1 1 0]	[1 0 0 0 0 0]	[8]
63	0.4063311517238617	4.11304235458374	2.021841526031494	2.0614185333251953	0.012089120224118233	0.017693106085062027	False	[1 1 0 0 0 0 0 0 0]	[0 0 0 0 0 0 0 0 1]	[1 1 0 1 1 0]	[1 0 0 0 0 0]	[8]	[1 1 0 0 0 0 1 0 0]	[0 0 0 0 0 0 1 0 1]	[0 1 0 1 1 0]	[0 0 0 0 0 0]	[8]
63	0.3786158561706543	4.073822975158691	2.0341897010803223	1.9808001518249512	0.029682738706469536	0.029150620102882385	False	[1 1 0 0 0 0 1 0 0]	[0 0 0 0 0 0 1 0 1]	[0 1 0 1 1 0]	[0 0 0 0 0 0]	[8]	[1 1 1 0 0 0 1 0 0]	[0 0 1 0 0 0 1 0 1]	[1 1 0 1 1 0]	[1 0 0 0 0 0]	[8]
63	0.37377533316612244	4.1229047775268555	2.027735710144043	2.0654056072235107	0.011117286048829556	0.018645530566573143	False	[1 1 1 0 0 0 1 0 0]	[0 0 1 0 0 0 1 0 1]	[1 1 0 1 1 0]	[1 0 0 0 0 0]	[8]	[1 1 1 0 0 0 0 0 0]	[0 0 1 0 0 0 0 0 1]	[0 1 0 1 1 0]	[0 0 0 0 0 0]	[8]
63	0.384365439414978	4.076004505157471	2.0354862213134766	1.9799041748046875	0.027355410158634186	0.03325877711176872	False	[1 1 1 0 0 0 0 0 0]	[0 0 1 0 0 0 0 0 1]	[0 1 0 1 1 0]	[0 0 0 0 0 0]	[8]	[1 1 0 0 0 0 0 0 0]	[0 0 0 0 0 0 0 0 1]	[1 1 0 1 1 0]	[1 0 0 0 0 0]	[8]
63	0.45466047525405884	4.119144439697266	2.0224039554595947	2.067002534866333	0.014211835339665413	0.015526431612670422	False	[1 1 0 0 0 0 0 0 0]	[0 0 0 0 0 0 0 0 1]	[1 1 0 1 1 0]	[1 0 0 0 0 0]	[8]	[1 1 0 0 0 0 1 0 0]	[0 0 0 0 0 0 1 0 1]	[0 1 0 1 1 0]	[0 0 0 0 0 0]	[8]
63	0.3493773937225342	4.102202415466309	2.0463216304779053	1.9916856288909912	0.025786636397242546	0.03840869665145874	False	[1 1 0 0 0 0 1 0 0]	[0 0 0 0 0 0 1 0 1]	[0 1 0 1 1 0]	[0 0 0 0 0 0]	[8]	[1 1 1 0 0 0 1 0 0]	[0 0 1 0 0 0 1 0 1]	[1 1 0 1 1 0]	[1 0 0 0 0 0]	[8]
63	0.38574105501174927	4.108903408050537	2.0173909664154053	2.057737112045288	0.013044890016317368	0.02073066495358944	False	[1 1 1 0 0 0 1 0 0]	[0 0 1 0 0 0 1 0 1]	[1 1 0 1 1 0]	[1 0 0 0 0 0]	[8]	[1 1 1 0 0 0 0 0 0]	[0 0 1 0 0 0 0 0 1]	[0 1 0 1 1 0]	[0 0 0 0 0 0]	[8]
63	0.38574105501174927	4.0773444175720215	2.0330989360809326	1.9811135530471802	0.028658438473939896	0.03447357937693596	False	[1 1 1 0 0 0 0 0 0]	[0 0 1 0 0 0 0 0 1]	[0 1 0 1 1 0]	[0 0 0 0 0 0]	[8]	[1 1 0 0 0 0 0 0 0]	[0 0 0 0 0 0 0 0 1]	[1 1 0 1 1 0]	[1 0 0 0 0 0]	[8]
63	0.4130137860774994	4.119722843170166	2.0204427242279053	2.0691463947296143	0.013803279027342796	0.016330374404788017	False	[1 1 0 0 0 0 0 0 0]	[0 0 0 0 0 0 0 0 1]	[1 1 0 1 1 0]	[1 0 0 0 0 0]	[8]	[1 1 0 0 0 0 1 0 0]	[0 0 0 0 0 0 1 0 1]	[0 1 0 1 1 0]	[0 0 0 0 0 0]	[8]
63	0.3642179071903229	4.077593803405762	2.0323591232299805	1.988045573234558	0.02410053089261055	0.033088572323322296	False	[1 1 0 0 0 0 1 0 0]	[0 0 0 0 0 0 1 0 1]	[0 1 0 1 1 0]	[0 0 0 0 0 0]	[8]	[1 1 1 0 0 0 1 0 0]	[0 0 1 0 0 0 1 0 1]	[1 1 0 1 1 0]	[1 0 0 0 0 0]	[8]
63	0.35225221514701843	4.114222526550293	2.0194954872131348	2.063286781311035	0.011554970405995846	0.019885055720806122	False	[1 1 1 0 0 0 1 0 0]	[0 0 1 0 0 0 1 0 1]	[1 1 0 1 1 0]	[1 0 0 0 0 0]	[8]	[1 1 1 0 0 0 0 0 0]	[0 0 1 0 0 0 0 0 1]	[0 1 0 1 1 0]	[0 0 0 0 0 0]	[8]
63	0.3743654489517212	4.072697639465332	2.036269426345825	1.97403085231781	0.03137427568435669	0.031023133546113968	False	[1 1 1 0 0 0 0 0 0]	[0 0 1 0 0 0 0 0 1]	[0 1 0 1 1 0]	[0 0 0 0 0 0]	[8]	[1 1 0 0 0 0 0 0 0]	[0 0 0 0 0 0 0 0 1]	[1 1 0 1 1 0]	[1 0 0 0 0 0]	[8]
63	0.48193320631980896	4.125387668609619	2.0277655124664307	2.0690155029296875	0.013263965956866741	0.015342844650149345	False	[1 1 0 0 0 0 0 0 0]	[0 0 0 0 0 0 0 0 1]	[1 1 0 1 1 0]	[1 0 0 0 0 0]	[8]	[1 1 0 0 0 0 1 0 0]	[0 0 0 0 0 0 1 0 1]	[0 1 0 1 1 0]	[0 0 0 0 0 0]	[8]
63	0.34556958079338074	4.088585376739502	2.042365312576294	1.9860471487045288	0.02901042066514492	0.031162943691015244	False	[1 1 0 0 0 0 1 0 0]	[0 0 0 0 0 0 1 0 1]	[0 1 0 1 1 0]	[0 0 0 0 0 0]	[8]	[1 1 1 0 0 0 1 0 0]	[0 0 1 0 0 0 1 0 1]	[1 1 0 1 1 0]	[1 0 0 0 0 0]	[8]
63	0.3675592243671417	4.111772537231445	2.0210964679718018	2.0617222785949707	0.010456288233399391	0.01849742978811264	False	[1 1 1 0 0 0 1 0 0]	[0 0 1 0 0 0 1 0 1]	[1 1 0 1 1 0]	[1 0 0 0 0 0]	[8]	[1 1 1 0 0 0 0 0 0]	[0 0 1 0 0 0 0 0 1]	[0 1 0 1 1 0]	[0 0 0 0 0 0]	[8]
63	0.32453688979148865	4.060472011566162	2.0323245525360107	1.962877631187439	0.040522947907447815	0.024747036397457123	False	[1 1 1 0 0 0 0 0 0]	[0 0 1 0 0 0 0 0 1]	[0 1 0 1 1 0]	[0 0 0 0 0 0]	[8]	[1 1 0 0 0 0 0 0 0]	[0 0 0 0 0 0 0 0 1]	[1 1 0 1 1 0]	[1 0 0 0 0 0]	[8]
63	0.4649085998535156	4.114009380340576	2.0279266834259033	2.0590925216674805	0.009108440950512886	0.01788170263171196	False	[1 1 0 0 0 0 0 0 0]	[0 0 0 0 0 0 0 0 1]	[1 1 0 1 1 0]	[1 0 0 0 0 0]	[8]	[1 1 0 0 0 0 1 0 0]	[0 0 0 0 0 0 1 0 1]	[0 1 0 1 1 0]	[0 0 0 0 0 0]	[8]
64	-0.25	6.1353631019592285	2.0330896377563477	1.8311189413070679	1.537500023841858	0.7336545586585999	False	[0 1 0 1 1 0 0 0 0]	[0 0 0 1 0 0 0 0 0]	[0 1 1 0 1 0]	[0 1 1 1 0 0]	[6]	[0 1 0 0 1 0 0 0 0]	[0 0 0 0 0 0 0 0 0]	[0 1 1 0 1 1]	[0 0 1 1 0 0]	[6]
64	-0.25	5.5474700927734375	1.8109946250915527	1.912906289100647	0.8959196209907532	0.9276496171951294	False	[0 1 0 0 1 0 0 0 0]	[0 0 0 0 0 0 0 0 0]	[0 1 1 0 1 1]	[0 0 1 1 0 0]	[6]	[1 1 0 0 1 0 0 0 0]	[0 0 0 1 0 0 0 0 0]	[1 1 1 0 1 1]	[0 0 1 1 1 0]	[6]
64	-0.25	5.3702311515808105	1.835736870765686	1.9027670621871948	0.778480052947998	0.8532472848892212	False	[1 1 0 0 1 0 0 0 0]	[0 0 0 1 0 0 0 0 0]	[1 1 1 0 1 1]	[0 0 1 1 1 0]	[6]	[0 1 0 0 1 0 0 0 0]	[0 0 0 0 0 0 0 0 0]	[0 1 1 0 1 1]	[0 0 1 1 0 0]	[6]
64	-0.25	5.444835662841797	1.8042070865631104	1.921932339668274	0.8078683018684387	0.9108278155326843	False	[0 1 0 0 1 0 0 0 0]	[0 0 0 0 0 0 0 0 0]	[0 1 1 0 1 1]	[0 0 1 1 0 0]	[6]	[1 1 0 0 1 0 0 0 0]	[0 0 0 1 0 0 0 0 0]	[0 1 1 1 1 1]	[0 0 1 1 1 0]	[6]
64	-0.25	5.58121395111084	1.8329496383666992	1.904815912246704	1.0073482990264893	0.8360998630523682	False	[1 1 0 0 1 0 0 0 0]	[0 0 0 1 0 0 0 0 0]	[0 1 1 1 1 1]	[0 0 1 1 1 0]	[6]	[0 1 0 0 1 0 0 0 0]	[0 0 0 0 0 0 0 0 0]	[0 1 1 0 1 1]	[0 0 1 1 0 0]	[6]
64	-0.25	5.568653583526611	1.832573652267456	1.91964852809906	0.837443470954895	0.9789881706237793	False	[0 1 0 0 1 0 0 0 0]	[0 0 0 0 0 0 0 0 0]	[0 1 1 0 1 1]	[0 0 1 1 0 0]	[6]	[1 1 0 0 1 0 0 0 0]	[0 0 0 1 0 0 0 0 0]	[1 1 1 0 1 1]	[0 0 1 1 1 0]	[6]
64	-0.25	5.387152671813965	1.815220594406128	1.9159555435180664	0.7817808389663696	0.8741953372955322	False	[1 1 0 0 1 0 0 0 0]	[0 0 0 1 0 0 0 0 0]	[1 1 1 0 1 1]	[0 0 1 1 1 0]	[6]	[0 1 0 0 1 0 0 0 0]	[0 0 0 0 0 0 0 0 0]	[0 1 1 0 1 1]	[0 0 1 1 0 0]	[6]
64	-0.25	5.621482849121094	1.8566964864730835	1.9332278966903687	0.7825767993927002	1.0489814281463623	False	[0 1 0 0 1 0 0 0 0]	[0 0 0 0 0 0 0 0 0]	[0 1 1 0 1 1]	[0 0 1 1 0 0]	[6]	[1 1 0 0 1 0 0 0 0]	[0 0 0 1 0 0 0 0 0]	[1 1 1 0 1 1]	[0 0 1 1 1 0]	[6]
64	-0.25	5.3159332275390625	1.8156206607818604	1.9127211570739746	0.7631176710128784	0.8244737386703491	False	[1 1 0 0 1 0 0 0 0]	[0 0 0 1 0 0 0 0 0]	[1 1 1 0 1 1]	[0 0 1 1 1 0]	[6]	[0 1 0 0 1 0 0 0 0]	[0 0 0 0 0 0 0 0 0]	[0 1 1 0 1 1]	[0 0 1 1 0 0]	[6]
64	-0.25	5.785645484924316	1.8688678741455078	1.920157790184021	0.8081415295600891	1.1884777545928955	False	[0 1 0 0 1 0 0 0 0]	[0 0 0 0 0 0 0 0 0]	[0 1 1 0 1 1]	[0 0 1 1 0 0]	[6]	[1 1 0 0 1 0 0 0 0]	[0 0 0 1 0 0 0 0 0]	[1 1 1 0 1 1]	[0 0 1 1 1 0]	[6]
64	-0.25	5.377780437469482	1.8128052949905396	1.9027044773101807	0.8498712778091431	0.8123993277549744	False	[1 1 0 0 1 0 0 0 0]	[0 0 0 1 0 0 0 0 0]	[1 1 1 0 1 1]	[0 0 1 1 1 0]	[6]	[0 1 0 0 1 0 0 0 0]	[0 0 0 0 0 0 0 0 0]	[0 1 1 0 1 1]	[0 0 1 1 0 0]	[6]
64	-0.25	5.548974514007568	1.8262280225753784	1.93124258518219	0.8604068756103516	0.931097149848938	False	[0 1 0 0 1 0 0 0 0]	[0 0 0 0 0 0 0 0 0]	[0 1 1 0 1 1]	[0 0 1 1 0 0]	[6]	[1 1 0 0 1 0 0 0 0]	[0 0 0 1 0 0 0 0 0]	[1 1 1 0 1 1]	[0 0 1 1 1 0]	[6]
64	-0.25	5.382418632507324	1.832617163658142	1.898544192314148	0.7923857569694519	0.8588714599609375	False	[1 1 0 0 1 0 0 0 0]	[0 0 0 1 0 0 0 0 0]	[1 1 1 0 1 1]	[0 0 1 1 1 0]	[6]	[0 1 0 0 1 0 0 0 0]	[0 0 0 0 0 0 0 0 0]	[0 1 1 0 1 1]	[0 0 1 1 0 0]	[6]
64	-0.25	5.586483478546143	1.8369572162628174	1.924730658531189	0.8456979990005493	0.9790980219841003	False	[0 1 0 0 1 0 0 0 0]	[0 0 0 0 0 0 0 0 0]	[0 1 1 0 1 1]	[0 0 1 1 0 0]	[6]	[1 1 0 0 1 0 0 0 0]	[0 0 0 1 0 0 0 0 0]	[0 1 1 1 1 1]	[0 0 1 1 1 0]	[6]
64	-0.25	5.52172327041626	1.820357084274292	1.9147799015045166	0.9545344710350037	0.8320518732070923	False	[1 1 0 0 1 0 0 0 0]	[0 0 0 1 0 0 0 0 0]	[0 1 1 1 1 1]	[0 0 1 1 1 0]	[6]	[0 1 0 0 1 0 0 0 0]	[0 0 0 0 0 0 0 0 0]	[0 1 1 0 1 1]	[0 0 1 1 0 0]	[6]
64	-0.25	5.483194351196289	1.800222396850586	1.9148049354553223	0.8827950954437256	0.8853719830513	False	[0 1 0 0 1 0 0 0 0]	[0 0 0 0 0 0 0 0 0]	[0 1 1 0 1 1]	[0 0 1 1 0 0]	[6]	[1 1 0 0 1 0 0 0 0]	[0 0 0 1 0 0 0 0 0]	[1 1 1 0 1 1]	[0 0 1 1 1 0]	[6]
64	-0.25	5.411383628845215	1.8209389448165894	1.9119491577148438	0.8074821829795837	0.8710131645202637	False	[1 1 0 0 1 0 0 0 0]	[0 0 0 1 0 0 0 0 0]	[1 1 1 0 1 1]	[0 0 1 1 1 0]	[6]	[0 1 0 0 1 0 0 0 0]	[0 0 0 0 0 0 0 0 0]	[0 1 1 0 1 1]	[0 0 1 1 0 0]	[6]
64	-0.25	5.566923141479492	1.8057966232299805	1.9324451684951782	0.8628944158554077	0.9657869935035706	False	[0 1 0 0 1 0 0 0 0]	[0 0 0 0 0 0 0 0 0]	[0 1 1 0 1 1]	[0 0 1 1 0 0]	[6]	[1 1 0 0 1 0 0 0 0]	[0 0 0 1 0 0 0 0 0]	[1 1 1 0 1 1]	[0 0 1 1 1 0]	[6]
64	-0.25	5.315341949462891	1.8005971908569336	1.9151864051818848	0.7459926605224609	0.8535657525062561	False	[1 1 0 0 1 0 0 0 0]	[0 0 0 1 0 0 0 0 0]	[1 1 1 0 1 1]	[0 0 1 1 1 0]	[6]	[0 1 0 0 1 0 0 0 0]	[0 0 0 0 0 0 0 0 0]	[0 1 1 0 1 1]	[0 0 1 1 0 0]	[6]
64	-0.25	5.428930282592773	1.7976757287979126	1.9216182231903076	0.8364434242248535	0.8731926679611206	False	[0 1 0 0 1 0 0 0 0]	[0 0 0 0 0 0 0 0 0]	[0 1 1 0 1 1]	[0 0 1 1 0 0]	[6]	[1 1 0 0 1 0 0 0 0]	[0 0 0 1 0 0 0 0 0]	[1 1 1 0 1 1]	[0 0 1 1 1 0]	[6]
64	-0.25	5.290431022644043	1.8117567300796509	1.9097920656204224	0.7403289079666138	0.8285530209541321	False	[1 1 0 0 1 0 0 0 0]	[0 0 0 1 0 0 0 0 0]	[1 1 1 0 1 1]	[0 0 1 1 1 0]	[6]	[0 1 0 0 1 0 0 0 0]	[0 0 0 0 0 0 0 0 0]	[0 1 1 0 1 1]	[0 0 1 1 0 0]	[6]
64	-0.25	5.48849630355835	1.815342903137207	1.922438383102417	0.8660527467727661	0.8846620321273804	False	[0 1 0 0 1 0 0 0 0]	[0 0 0 0 0 0 0 0 0]	[0 1 1 0 1 1]	[0 0 1 1 0 0]	[6]	[1 1 0 0 1 0 0 0 0]	[0 0 0 1 0 0 0 0 0]	[0 1 1 1 1 1]	[0 0 1 1 1 0]	[6]
64	-0.25	5.42487907409668	1.79253351688385	1.917130708694458	0.8743254542350769	0.8408892750740051	False	[1 1 0 0 1 0 0 0 0]	[0 0 0 1 0 0 0 0 0]	[0 1 1 1 1 1]	[0 0 1 1 1 0]	[6]	[0 1 0 0 1 0 0 0 0]	[0 0 0 0 0 0 0 0 0]	[0 1 1 0 1 1]	[0 0 1 1 0 0]	[6]
64	-0.25	5.521964073181152	1.8057197332382202	1.9259086847305298	0.8688840866088867	0.9214515089988708	False	[0 1 0 0 1 0 0 0 0]	[0 0 0 0 0 0 0 0 0]	[0 1 1 0 1 1]	[0 0 1 1 0 0]	[6]	[1 1 0 0 1 0 0 0 0]	[0 0 0 1 0 0 0 0 0]	[1 1 1 0 1 1]	[0 0 1 1 1 0]	[6]
64	-0.25	5.269476413726807	1.8146789073944092	1.9113858938217163	0.7384476065635681	0.8049642443656921	False	[1 1 0 0 1 0 0 0 0]	[0 0 0 1 0 0 0 0 0]	[1 1 1 0 1 1]	[0 0 1 1 1 0]	[6]	[0 1 0 0 1 0 0 0 0]	[0 0 0 0 0 0 0 0 0]	[0 1 1 0 1 1]	[0 0 1 1 0 0]	[6]
64	-0.25	5.494203090667725	1.8001844882965088	1.9308521747589111	0.8630183339118958	0.9001479148864746	False	[0 1 0 0 1 0 0 0 0]	[0 0 0 0 0 0 0 0 0]	[0 1 1 0 1 1]	[0 0 1 1 0 0]	[6]	[1 1 0 0 1 0 0 0 0]	[0 0 0 1 0 0 0 0 0]	[0 1 1 1 1 1]	[0 0 1 1 1 0]	[6]
64	-0.25	5.436030864715576	1.7961241006851196	1.9236211776733398	0.8546130657196045	0.8616729974746704	False	[1 1 0 0 1 0 0 0 0]	[0 0 0 1 0 0 0 0 0]	[0 1 1 1 1 1]	[0 0 1 1 1 0]	[6]	[0 1 0 0 1 0 0 0 0]	[0 0 0 0 0 0 0 0 0]	[1 1 1 1 1 1]	[0 0 1 1 0 0]	[6]
64	-0.25	5.260736465454102	1.793640375137329	1.9330462217330933	0.666597843170166	0.8674523234367371	False	[0 1 0 0 1 0 0 0 0]	[0 0 0 0 0 0 0 0 0]	[1 1 1 1 1 1]	[0 0 1 1 0 0]	[6]	[1 1 0 0 1 0 0 0 0]	[0 0 0 1 0 0 0 0 0]	[1 1 1 0 1 1]	[0 0 1 1 1 0]	[6]
64	-0.25	5.239526271820068	1.8561416864395142	1.899737000465393	0.6354901790618896	0.8481572270393372	False	[1 1 0 0 1 0 0 0 0]	[0 0 0 1 0 0 0 0 0]	[1 1 1 0 1 1]	[0 0 1 1 1 0]	[6]	[0 1 0 0 1 0 0 0 0]	[0 0 0 0 0 0 0 0 0]	[0 1 1 0 1 1]	[0 0 1 1 0 0]	[6]
64	-0.25	5.5727434158325195	1.8202012777328491	1.902787446975708	0.8789932727813721	0.9707611203193665	False	[0 1 0 0 1 0 0 0 0]	[0 0 0 0 0 0 0 0 0]	[0 1 1 0 1 1]	[0 0 1 1 0 0]	[6]	[1 1 0 0 1 0 0 0 0]	[0 0 0 1 0 0 0 0 0]	[1 1 1 0 1 1]	[0 0 1 1 1 0]	[6]
65	-1.0	4.799633502960205	1.941271424293518	1.6218626499176025	0.9952972531318665	0.24120165407657623	False	[0 0 1 0 0 1 1 0 0]	[0 1 0 0 1 0 0 0 1]	[0 0 0 0 0 0]	[1 0 1 0 0 0]	[0]	[0 0 1 1 0 1 1 0 0]	[0 1 0 0 1 0 0 0 1]	[0 1 0 0 0 0]	[1 0 0 0 0 0]	[0]
65	-1.0	5.253757953643799	1.9048528671264648	2.043693780899048	0.7801842093467712	0.525027334690094	False	[0 0 1 1 0 1 1 0 0]	[0 1 0 0 1 0 0 0 1]	[0 1 0 0 0 0]	[1 0 0 0 0 0]	[0]	[0 0 1 0 0 1 1 0 0]	[0 1 0 0 0 0 0 0 1]	[0 1 0 0 1 0]	[1 0 0 0 0 0]	[0]
65	0.32163816690444946	4.61628532409668	2.019599199295044	1.8565691709518433	0.5540070533752441	0.18610991537570953	False	[0 0 1 0 0 1 1 0 0]	[0 1 0 0 0 0 0 0 1]	[0 1 0 0 1 0]	[1 0 0 0 0 0]	[0]	[0 0 1 1 0 1 1 0 0]	[0 1 0 0 0 0 0 0 1]	[0 1 0 0 1 0]	[1 0 0 0 0 0]	[12]
65	-1.0	4.768857479095459	2.1004347801208496	2.1098830699920654	0.5307439565658569	0.027795683592557907	False	[0 0 1 1 0 1 1 0 0]	[0 1 0 0 0 0 0 0 1]	[0 1 0 0 1 0]	[1 0 0 0 0 0]	[12]	[0 0 1 0 0 1 1 0 0]	[0 1 0 0 0 0 0 0 0]	[0 1 0 1 1 0]	[0 0 0 0 0 0]	[0]
65	0.27908235788345337	5.485720157623291	1.987626552581787	1.8988876342773438	0.892704427242279	0.7065014839172363	False	[0 0 1 0 0 1 1 0 0]	[0 1 0 0 0 0 0 0 0]	[0 1 0 1 1 0]	[0 0 0 0 0 0]	[0]	[0 0 1 1 0 1 1 0 0]	[0 1 0 0 1 0 0 0 0]	[1 1 0 1 1 0]	[0 0 0 0 0 0]	[24]
65	0.3790584206581116	4.272525787353516	2.161055564880371	2.064728260040283	0.0259359460324049	0.020805716514587402	False	[0 0 1 1 0 1 1 0 0]	[0 1 0 0 1 0 0 0 0]	[1 1 0 1 1 0]	[0 0 0 0 0 0]	[24]	[0 0 1 0 0 1 1 0 0]	[0 1 1 0 1 0 0 0 0]	[0 1 0 1 1 0]	[1 0 0 0 0 0]	[8]
65	0.2952984571456909	4.342666149139404	2.177586793899536	2.117286443710327	0.02651294693350792	0.02127961628139019	False	[0 0 1 0 0 1 1 0 0]	[0 1 1 0 1 0 0 0 0]	[0 1 0 1 1 0]	[1 0 0 0 0 0]	[8]	[0 0 1 1 0 1 1 0 0]	[0 1 0 0 1 0 0 0 0]	[1 1 0 1 1 0]	[0 0 0 0 0 0]	[24]
65	0.3790584206581116	4.263585567474365	2.1572980880737305	2.061152458190918	0.030253591015934944	0.014881623908877373	False	[0 0 1 1 0 1 1 0 0]	[0 1 0 0 1 0 0 0 0]	[1 1 0 1 1 0]	[0 0 0 0 0 0]	[24]	[0 0 1 0 0 1 1 0 0]	[0 1 1 0 1 0 0 0 0]	[0 1 0 1 1 0]	[1 0 0 0 0 0]	[8]
65	0.2804579734802246	4.340459823608398	2.179886817932129	2.113607406616211	0.02307315357029438	0.023892436176538467	False	[0 0 1 0 0 1 1 0 0]	[0 1 1 0 1 0 0 0 0]	[0 1 0 1 1 0]	[1 0 0 0 0 0]	[8]	[0 0 1 1 0 1 1 0 0]	[0 1 0 0 1 0 0 0 0]	[1 1 0 1 1 0]	[0 0 0 0 0 0]	[24]
65	0.361343115568161	4.271014213562012	2.160407304763794	2.070040225982666	0.023364540189504623	0.017201915383338928	False	[0 0 1 1 0 1 1 0 0]	[0 1 0 0 1 0 0 0 0]	[1 1 0 1 1 0]	[0 0 0 0 0 0]	[24]	[0 0 1 0 0 1 1 0 0]	[0 1 1 0 1 0 0 0 0]	[0 1 0 1 1 0]	[1 0 0 0 0 0]	[8]
65	0.3278782069683075	4.3391265869140625	2.174992799758911	2.115863800048828	0.031036287546157837	0.017233680933713913	False	[0 0 1 0 0 1 1 0 0]	[0 1 1 0 1 0 0 0 0]	[0 1 0 1 1 0]	[1 0 0 0 0 0]	[8]	[0 0 1 1 0 1 1 0 0]	[0 1 0 0 1 0 0 0 0]	[1 1 0 1 1 0]	[0 0 0 0 0 0]	[24]
65	0.3480018079280853	4.269169330596924	2.158297538757324	2.071892738342285	0.022025905549526215	0.016952965408563614	False	[0 0 1 1 0 1 1 0 0]	[0 1 0 0 1 0 0 0 0]	[1 1 0 1 1 0]	[0 0 0 0 0 0]	[24]	[0 0 1 0 0 1 1 0 0]	[0 1 1 0 1 0 0 0 0]	[0 1 0 1 1 0]	[1 0 0 0 0 0]	[8]
65	0.369967520236969	4.337040901184082	2.1785268783569336	2.111833333969116	0.025621866807341576	0.02105877175927162	False	[0 0 1 0 0 1 1 0 0]	[0 1 1 0 1 0 0 0 0]	[0 1 0 1 1 0]	[1 0 0 0 0 0]	[8]	[0 0 1 1 0 1 1 0 0]	[0 1 1 0 0 0 0 0 0]	[1 1 0 1 1 0]	[0 0 0 0 0 0]	[8]
65	0.5182968378067017	4.297271728515625	2.1522014141082764	2.0851526260375977	0.0315418615937233	0.02837546542286873	False	[0 0 1 1 0 1 1 0 0]	[0 1 1 0 0 0 0 0 0]	[1 1 0 1 1 0]	[0 0 0 0 0 0]	[8]	[0 0 1 0 0 1 1 0 0]	[0 1 0 0 0 0 0 0 0]	[0 1 0 1 1 0]	[1 0 0 0 0 0]	[8]
65	0.4580017924308777	4.296889781951904	2.1484975814819336	2.0898220539093018	0.03461414575576782	0.023956298828125	False	[0 0 1 0 0 1 1 0 0]	[0 1 0 0 0 0 0 0 0]	[0 1 0 1 1 0]	[1 0 0 0 0 0]	[8]	[0 0 1 1 0 1 1 0 0]	[0 1 1 0 0 0 0 0 0]	[1 1 0 1 1 0]	[0 0 0 0 0 0]	[8]
65	0.4637514054775238	4.305661678314209	2.14546537399292	2.090425968170166	0.043319523334503174	0.02645048499107361	False	[0 0 1 1 0 1 1 0 0]	[0 1 1 0 0 0 0 0 0]	[1 1 0 1 1 0]	[0 0 0 0 0 0]	[8]	[0 0 1 0 0 1 1 0 0]	[0 1 0 0 0 0 0 0 0]	[0 1 0 1 1 0]	[1 0 0 0 0 0]	[8]
65	0.4489108920097351	4.301185607910156	2.151906967163086	2.083401918411255	0.038286857306957245	0.02759033814072609	False	[0 0 1 0 0 1 1 0 0]	[0 1 0 0 0 0 0 0 0]	[0 1 0 1 1 0]	[1 0 0 0 0 0]	[8]	[0 0 1 1 0 1 1 0 0]	[0 1 1 0 0 0 0 0 0]	[1 1 0 1 1 0]	[0 0 0 0 0 0]	[8]
65	0.5063311457633972	4.307485580444336	2.1508874893188477	2.0927538871765137	0.03832724317908287	0.02551683411002159	False	[0 0 1 1 0 1 1 0 0]	[0 1 1 0 0 0 0 0 0]	[1 1 0 1 1 0]	[0 0 0 0 0 0]	[8]	[0 0 1 0 0 1 1 0 0]	[0 1 0 0 0 0 0 0 0]	[0 1 0 1 1 0]	[1 0 0 0 0 0]	[8]
65	0.39436542987823486	4.296713352203369	2.155500888824463	2.0881848335266113	0.030654707923531532	0.022372571751475334	False	[0 0 1 0 0 1 1 0 0]	[0 1 0 0 0 0 0 0 0]	[0 1 0 1 1 0]	[1 0 0 0 0 0]	[8]	[0 0 1 1 0 1 1 0 0]	[0 1 1 0 0 0 0 0 0]	[1 1 0 1 1 0]	[0 0 0 0 0 0]	[8]
65	0.4910241365432739	4.3044514656066895	2.155364990234375	2.0955214500427246	0.025641970336437225	0.027922941371798515	False	[0 0 1 1 0 1 1 0 0]	[0 1 1 0 0 0 0 0 0]	[1 1 0 1 1 0]	[0 0 0 0 0 0]	[8]	[0 0 1 0 0 1 1 0 0]	[0 1 0 0 0 0 0 0 0]	[0 1 0 1 1 0]	[1 0 0 0 0 0]	[8]
65	0.39724022150039673	4.29848575592041	2.156247615814209	2.0896692276000977	0.02675187587738037	0.025817010551691055	False	[0 0 1 0 0 1 1 0 0]	[0 1 0 0 0 0 0 0 0]	[0 1 0 1 1 0]	[1 0 0 0 0 0]	[8]	[0 0 1 1 0 1 1 0 0]	[0 1 1 0 0 0 0 0 0]	[1 1 0 1 1 0]	[0 0 0 0 0 0]	[8]
65	0.5364786982536316	4.298620700836182	2.1509814262390137	2.0896213054656982	0.035316623747348785	0.022701848298311234	False	[0 0 1 1 0 1 1 0 0]	[0 1 1 0 0 0 0 0 0]	[1 1 0 1 1 0]	[0 0 0 0 0 0]	[8]	[0 0 1 0 0 1 1 0 0]	[0 1 0 0 0 0 0 0 0]	[0 1 0 1 1 0]	[1 0 0 0 0 0]	[8]
65	0.4489108920097351	4.308630466461182	2.143425941467285	2.0907437801361084	0.05248071253299713	0.02197997272014618	False	[0 0 1 0 0 1 1 0 0]	[0 1 0 0 0 0 0 0 0]	[0 1 0 1 1 0]	[1 0 0 0 0 0]	[8]	[0 0 1 1 0 1 1 0 0]	[0 1 1 0 0 0 0 0 0]	[1 1 0 1 1 0]	[0 0 0 0 0 0]	[8]
65	0.4852745234966278	4.302916526794434	2.1579928398132324	2.09102725982666	0.026531372219324112	0.027365263551473618	False	[0 0 1 1 0 1 1 0 0]	[0 1 1 0 0 0 0 0 0]	[1 1 0 1 1 0]	[0 0 0 0 0 0]	[8]	[0 0 1 0 0 1 1 0 0]	[0 1 0 0 0 0 0 0 0]	[0 1 0 1 1 0]	[1 0 0 0 0 0]	[8]
65	0.39724022150039673	4.297538757324219	2.149728536605835	2.088012933731079	0.03116113319993019	0.02863585390150547	False	[0 0 1 0 0 1 1 0 0]	[0 1 0 0 0 0 0 0 0]	[0 1 0 1 1 0]	[1 0 0 0 0 0]	[8]	[0 0 1 1 0 1 1 0 0]	[0 1 1 0 0 0 0 0 0]	[1 1 0 1 1 0]	[0 0 0 0 0 0]	[8]
65	0.44556957483291626	4.3039703369140625	2.1492462158203125	2.0936789512634277	0.03380533680319786	0.027239840477705002	False	[0 0 1 1 0 1 1 0 0]	[0 1 1 0 0 0 0 0 0]	[1 1 0 1 1 0]	[0 0 0 0 0 0]	[8]	[0 0 1 0 0 1 1 0 0]	[0 1 0 0 0 0 0 0 0]	[0 1 0 1 1 0]	[1 0 0 0 0 0]	[8]
65	0.39724022150039673	4.303339958190918	2.14742112159729	2.0967352390289307	0.03578993305563927	0.02339346706867218	False	[0 0 1 0 0 1 1 0 0]	[0 1 0 0 0 0 0 0 0]	[0 1 0 1 1 0]	[1 0 0 0 0 0]	[8]	[0 0 1 1 0 1 1 0 0]	[0 1 1 0 0 0 0 0 0]	[1 1 0 1 1 0]	[0 0 0 0 0 0]	[8]
65	0.4728423058986664	4.302921295166016	2.1513009071350098	2.0872788429260254	0.03771579638123512	0.026625867933034897	False	[0 0 1 1 0 1 1 0 0]	[0 1 1 0 0 0 0 0 0]	[1 1 0 1 1 0]	[0 0 0 0 0 0]	[8]	[0 0 1 0 0 1 1 0 0]	[0 1 0 0 0 0 0 0 0]	[0 1 0 1 1 0]	[1 0 0 0 0 0]	[8]
65	0.43981999158859253	4.29485559463501	2.151411294937134	2.0867421627044678	0.030951501801609993	0.02575083076953888	False	[0 0 1 0 0 1 1 0 0]	[0 1 0 0 0 0 0 0 0]	[0 1 0 1 1 0]	[1 0 0 0 0 0]	[8]	[0 0 1 1 0 1 1 0 0]	[0 1 1 0 0 0 0 0 0]	[1 1 0 1 1 0]	[0 0 0 0 0 0]	[8]
65	0.4910241365432739	4.29477596282959	2.151472568511963	2.085296392440796	0.03501465171575546	0.022992748767137527	False	[0 0 1 1 0 1 1 0 0]	[0 1 1 0 0 0 0 0 0]	[1 1 0 1 1 0]	[0 0 0 0 0 0]	[8]	[0 0 1 0 0 1 1 0 0]	[0 1 0 0 0 0 0 0 0]	[0 1 0 1 1 0]	[1 0 0 0 0 0]	[8]
66	-1.0	5.706220626831055	2.199522018432617	1.8036701679229736	0.6275054216384888	1.0755232572555542	False	[0 1 0 1 0 0 0 1 0]	[1 0 0 1 0 1 0 0 0]	[0 0 0 1 0 0]	[0 0 0 0 0 0]	[0]	[0 1 0 0 0 0 0 1 0]	[1 0 0 1 0 1 0 0 1]	[0 1 0 1 0 0]	[0 0 0 1 0 0]	[0]
66	-1.0	6.251219272613525	2.207068920135498	1.9268853664398193	1.488092303276062	0.6291729211807251	False	[0 1 0 0 0 0 0 1 0]	[1 0 0 1 0 1 0 0 1]	[0 1 0 1 0 0]	[0 0 0 1 0 0]	[0]	[0 0 0 0 0 0 0 1 0]	[1 0 0 1 0 0 0 0 1]	[0 0 0 1 0 0]	[0 0 0 0 0 0]	[0]
66	-1.0	5.627877235412598	2.191951274871826	1.7899967432022095	0.5900717973709106	1.0558576583862305	False	[0 0 0 0 0 0 0 1 0]	[1 0 0 1 0 0 0 0 1]	[0 0 0 1 0 0]	[0 0 0 0 0 0]	[0]	[0 0 0 1 0 0 0 1 0]	[1 0 0 1 0 0 0 0 0]	[0 1 0 1 0 0]	[0 0 0 1 0 0]	[0]
66	-0.25	6.509950637817383	2.2206456661224365	2.0782322883605957	1.3827067613601685	0.8283662796020508	False	[0 0 0 1 0 0 0 1 0]	[1 0 0 1 0 0 0 0 0]	[0 1 0 1 0 0]	[0 0 0 1 0 0]	[0]	[0 1 0 1 0 0 0 1 0]	[1 0 0 1 0 1 0 0 0]	[0 1 0 1 1 0]	[0 0 0 1 0 0]	[6]
66	0.4130137860774994	5.027132511138916	2.1260058879852295	2.009324312210083	0.4965208172798157	0.3952813744544983	False	[0 1 0 1 0 0 0 1 0]	[1 0 0 1 0 1 0 0 0]	[0 1 0 1 1 0]	[0 0 0 1 0 0]	[6]	[0 0 0 1 0 0 0 1 0]	[1 0 0 1 0 0 0 0 0]	[1 1 0 1 1 0]	[0 0 0 0 0 0]	[8]
66	0.051546137779951096	4.286490440368652	2.137112617492676	2.094787836074829	0.02715478092432022	0.027435477823019028	False	[0 0 0 1 0 0 0 1 0]	[1 0 0 1 0 0 0 0 0]	[1 1 0 1 1 0]	[0 0 0 0 0 0]	[8]	[1 0 0 1 0 0 0 1 0]	[1 0 0 0 0 0 0 0 0]	[0 1 0 1 1 0]	[1 0 0 0 0 0]	[8]
66	0.3642179071903229	4.267534255981445	2.1424551010131836	2.085277795791626	0.023486850783228874	0.016315151005983353	False	[1 0 0 1 0 0 0 1 0]	[1 0 0 0 0 0 0 0 0]	[0 1 0 1 1 0]	[1 0 0 0 0 0]	[8]	[0 0 0 1 0 0 0 1 0]	[1 0 0 1 0 0 0 0 0]	[1 1 0 1 1 0]	[0 0 0 0 0 0]	[8]
66	0.04504072666168213	4.256739139556885	2.1395273208618164	2.079296112060547	0.020817626267671585	0.017097748816013336	False	[0 0 0 1 0 0 0 1 0]	[1 0 0 1 0 0 0 0 0]	[1 1 0 1 1 0]	[0 0 0 0 0 0]	[8]	[1 0 0 1 0 0 0 1 0]	[1 0 0 0 0 0 0 0 0]	[0 1 0 1 1 0]	[1 0 0 0 0 0]	[8]
66	0.40345636010169983	4.27146053314209	2.1495065689086914	2.0841941833496094	0.024088725447654724	0.013670788146555424	False	[1 0 0 1 0 0 0 1 0]	[1 0 0 0 0 0 0 0 0]	[0 1 0 1 1 0]	[1 0 0 0 0 0]	[8]	[0 0 0 1 0 0 0 1 0]	[1 0 0 1 0 0 0 0 0]	[1 1 0 1 1 0]	[0 0 0 0 0 0]	[8]
66	0.044674791395664215	4.275918483734131	2.1405715942382812	2.091313123703003	0.028272636234760284	0.01576073095202446	False	[0 0 0 1 0 0 0 1 0]	[1 0 0 1 0 0 0 0 0]	[1 1 0 1 1 0]	[0 0 0 0 0 0]	[8]	[1 0 0 1 0 0 0 1 0]	[1 0 0 0 0 0 0 0 0]	[0 1 0 1 1 0]	[1 0 0 0 0 0]	[8]
66	0.46755921840667725	4.260777473449707	2.1455161571502686	2.07814359664917	0.01629968173801899	0.020818114280700684	False	[1 0 0 1 0 0 0 1 0]	[1 0 0 0 0 0 0 0 0]	[0 1 0 1 1 0]	[1 0 0 0 0 0]	[8]	[0 0 0 1 0 0 0 1 0]	[1 0 0 1 0 0 0 0 0]	[1 1 0 1 1 0]	[0 0 0 0 0 0]	[8]
66	0.03979884460568428	4.268759727478027	2.140873908996582	2.0820209980010986	0.027683209627866745	0.018181562423706055	False	[0 0 0 1 0 0 0 1 0]	[1 0 0 1 0 0 0 0 0]	[1 1 0 1 1 0]	[0 0 0 0 0 0]	[8]	[1 0 0 1 0 0 0 1 0]	[1 0 0 0 0 0 0 0 0]	[0 1 0 1 1 0]	[1 0 0 0 0 0]	[8]
66	0.38620755076408386	4.294206619262695	2.147974729537964	2.1044180393218994	0.028407810255885124	0.013406133279204369	False	[1 0 0 1 0 0 0 1 0]	[1 0 0 0 0 0 0 0 0]	[0 1 0 1 1 0]	[1 0 0 0 0 0]	[8]	[0 0 0 1 0 0 0 1 0]	[1 0 0 1 0 0 0 0 0]	[1 1 0 1 1 0]	[0 0 0 0 0 0]	[8]
66	0.06231345608830452	4.272356033325195	2.1431186199188232	2.089737892150879	0.023544132709503174	0.015954863280057907	False	[0 0 0 1 0 0 0 1 0]	[1 0 0 1 0 0 0 0 0]	[1 1 0 1 1 0]	[0 0 0 0 0 0]	[8]	[1 0 0 1 0 0 0 1 0]	[1 0 0 0 0 0 0 0 0]	[0 1 0 1 1 0]	[1 0 0 0 0 0]	[8]
66	0.35178568959236145	4.282818794250488	2.148130178451538	2.084421157836914	0.03179138898849487	0.01847609132528305	False	[1 0 0 1 0 0 0 1 0]	[1 0 0 0 0 0 0 0 0]	[0 1 0 1 1 0]	[1 0 0 0 0 0]	[8]	[0 0 0 1 0 0 0 1 0]	[1 0 0 1 0 0 0 0 0]	[1 1 0 1 1 0]	[0 0 0 0 0 0]	[8]
66	0.06239009276032448	4.27375602722168	2.14149808883667	2.0886049270629883	0.026419300585985184	0.01723368652164936	False	[0 0 0 1 0 0 0 1 0]	[1 0 0 1 0 0 0 0 0]	[1 1 0 1 1 0]	[0 0 0 0 0 0]	[8]	[1 0 0 1 0 0 0 1 0]	[1 0 0 0 0 0 0 0 0]	[0 1 0 1 1 0]	[1 0 0 0 0 0]	[8]
66	0.3489108979701996	4.276055335998535	2.149268627166748	2.0845863819122314	0.028124161064624786	0.01407599076628685	False	[1 0 0 1 0 0 0 1 0]	[1 0 0 0 0 0 0 0 0]	[0 1 0 1 1 0]	[1 0 0 0 0 0]	[8]	[0 0 0 1 0 0 0 1 0]	[1 0 0 1 0 0 0 0 0]	[1 1 0 1 1 0]	[0 0 0 0 0 0]	[8]
66	0.049586184322834015	4.258788108825684	2.1403067111968994	2.07906174659729	0.021708164364099503	0.017711680382490158	False	[0 0 0 1 0 0 0 1 0]	[1 0 0 1 0 0 0 0 0]	[1 1 0 1 1 0]	[0 0 0 0 0 0]	[8]	[1 0 0 1 0 0 0 1 0]	[1 0 0 0 0 0 0 0 0]	[0 1 0 1 1 0]	[1 0 0 0 0 0]	[8]
66	0.41588857769966125	4.279420375823975	2.1463239192962646	2.097104787826538	0.0211306344717741	0.014860923402011395	False	[1 0 0 1 0 0 0 1 0]	[1 0 0 0 0 0 0 0 0]	[0 1 0 1 1 0]	[1 0 0 0 0 0]	[8]	[0 0 0 1 0 0 0 1 0]	[1 0 0 1 0 0 0 0 0]	[1 1 0 1 1 0]	[0 0 0 0 0 0]	[8]
66	0.05034199729561806	4.277126312255859	2.145707130432129	2.0899782180786133	0.023956257849931717	0.017484452575445175	False	[0 0 0 1 0 0 0 1 0]	[1 0 0 1 0 0 0 0 0]	[1 1 0 1 1 0]	[0 0 0 0 0 0]	[8]	[1 0 0 1 0 0 0 1 0]	[1 0 0 0 0 0 0 0 0]	[0 1 0 1 1 0]	[1 0 0 0 0 0]	[8]
66	0.3790584206581116	4.283907890319824	2.1448748111724854	2.0925915241241455	0.02991710975766182	0.016524087637662888	False	[1 0 0 1 0 0 0 1 0]	[1 0 0 0 0 0 0 0 0]	[0 1 0 1 1 0]	[1 0 0 0 0 0]	[8]	[0 0 0 1 0 0 0 1 0]	[1 0 0 1 0 0 0 0 0]	[1 1 0 1 1 0]	[0 0 0 0 0 0]	[8]
66	0.05115050822496414	4.268192768096924	2.1379799842834473	2.081326484680176	0.03079744055867195	0.018088843673467636	False	[0 0 0 1 0 0 0 1 0]	[1 0 0 1 0 0 0 0 0]	[1 1 0 1 1 0]	[0 0 0 0 0 0]	[8]	[1 0 0 1 0 0 0 1 0]	[1 0 0 0 0 0 0 0 0]	[0 1 0 1 1 0]	[1 0 0 0 0 0]	[8]
66	0.34134310483932495	4.27536153793335	2.148453950881958	2.0886409282684326	0.0230712853372097	0.015195217914879322	False	[1 0 0 1 0 0 0 1 0]	[1 0 0 0 0 0 0 0 0]	[0 1 0 1 1 0]	[1 0 0 0 0 0]	[8]	[0 0 0 1 0 0 0 1 0]	[1 0 0 1 0 0 0 0 0]	[1 1 0 1 1 0]	[0 0 0 0 0 0]	[8]
66	0.06486926227807999	4.2565813064575195	2.140665292739868	2.0760979652404785	0.020518021658062935	0.0192999430000782	False	[0 0 0 1 0 0 0 1 0]	[1 0 0 1 0 0 0 0 0]	[1 1 0 1 1 0]	[0 0 0 0 0 0]	[8]	[1 0 0 1 0 0 0 1 0]	[1 0 0 0 0 0 0 0 0]	[0 1 0 1 1 0]	[1 0 0 0 0 0]	[8]
66	0.3823997378349304	4.277255058288574	2.147733688354492	2.0838863849639893	0.031402237713336945	0.014233168214559555	False	[1 0 0 1 0 0 0 1 0]	[1 0 0 0 0 0 0 0 0]	[0 1 0 1 1 0]	[1 0 0 0 0 0]	[8]	[0 0 0 1 0 0 0 1 0]	[1 0 0 1 0 0 0 0 0]	[1 1 0 1 1 0]	[0 0 0 0 0 0]	[8]
66	0.08021172881126404	4.256766319274902	2.1412572860717773	2.0717179775238037	0.021654587239027023	0.022136051207780838	False	[0 0 0 1 0 0 0 1 0]	[1 0 0 1 0 0 0 0 0]	[1 1 0 1 1 0]	[0 0 0 0 0 0]	[8]	[1 0 0 1 0 0 0 1 0]	[1 0 0 0 0 0 0 0 0]	[0 1 0 1 1 0]	[1 0 0 0 0 0]	[8]
66	0.3249794840812683	4.281834125518799	2.143343687057495	2.0847721099853516	0.0346970409154892	0.019021138548851013	False	[1 0 0 1 0 0 0 1 0]	[1 0 0 0 0 0 0 0 0]	[0 1 0 1 1 0]	[1 0 0 0 0 0]	[8]	[0 0 0 1 0 0 0 1 0]	[1 0 0 1 0 0 0 0 0]	[1 1 0 1 1 0]	[0 0 0 0 0 0]	[8]
66	0.050672490149736404	4.256834983825684	2.1435294151306152	2.0767569541931152	0.018414881080389023	0.018133528530597687	False	[0 0 0 1 0 0 0 1 0]	[1 0 0 1 0 0 0 0 0]	[1 1 0 1 1 0]	[0 0 0 0 0 0]	[8]	[1 0 0 1 0 0 0 1 0]	[1 0 0 0 0 0 0 0 0]	[0 1 0 1 1 0]	[1 0 0 0 0 0]	[8]
66	0.34996750950813293	4.271419525146484	2.1474814414978027	2.087643623352051	0.020926613360643387	0.015368098393082619	False	[1 0 0 1 0 0 0 1 0]	[1 0 0 0 0 0 0 0 0]	[0 1 0 1 1 0]	[1 0 0 0 0 0]	[8]	[0 0 0 1 0 0 0 1 0]	[1 0 0 1 0 0 0 0 0]	[1 1 0 1 1 0]	[0 0 0 0 0 0]	[8]
66	0.0464220866560936	4.256844520568848	2.1376171112060547	2.0669138431549072	0.03009563311934471	0.022218115627765656	False	[0 0 0 1 0 0 0 1 0]	[1 0 0 1 0 0 0 0 0]	[1 1 0 1 1 0]	[0 0 0 0 0 0]	[8]	[1 0 0 1 0 0 0 1 0]	[1 0 0 0 0 0 0 0 0]	[0 1 0 1 1 0]	[1 0 0 0 0 0]	[8]
67	0.2125711888074875	5.361677169799805	1.9237697124481201	1.6524583101272583	1.0987526178359985	0.6866966485977173	False	[0 0 0 0 0 0 0 0 0]	[0 0 0 0 0 0 0 0 0]	[0 0 0 0 0 1]	[1 1 0 0 1 0]	[0]	[0 0 0 0 0 0 0 0 0]	[0 0 0 0 0 0 0 0 0]	[0 0 0 0 1 1]	[1 0 0 0 1 0]	[18]
67	0.3211956024169922	5.406649589538574	2.014089822769165	1.4714769124984741	1.2864588499069214	0.6346240639686584	False	[0 0 0 0 0 0 0 0 0]	[0 0 0 0 0 0 0 0 0]	[0 0 0 0 1 1]	[1 0 0 0 1 0]	[18]	[0 1 0 0 0 0 0 0 0]	[0 0 0 1 0 0 0 0 0]	[0 0 0 0 1 0]	[1 0 0 0 0 0]	[12]
67	-0.25	4.822151184082031	2.119659423828125	1.9280966520309448	0.6311347484588623	0.14325976371765137	False	[0 1 0 0 0 0 0 0 0]	[0 0 0 1 0 0 0 0 0]	[0 0 0 0 1 0]	[1 0 0 0 0 0]	[12]	[1 1 0 0 0 0 0 0 0]	[0 0 0 1 0 0 0 0 1]	[0 1 0 0 1 0]	[0 0 0 0 0 0]	[6]
67	0.08596707135438919	4.8435893058776855	2.1341822147369385	2.0928962230682373	0.3107372522354126	0.3057735562324524	False	[1 1 0 0 0 0 0 0 0]	[0 0 0 1 0 0 0 0 1]	[0 1 0 0 1 0]	[0 0 0 0 0 0]	[6]	[1 0 0 0 0 0 0 0 0]	[0 0 0 0 0 0 0 0 1]	[0 1 0 1 1 0]	[1 0 0 0 0 0]	[8]
67	0.1070236936211586	4.174774646759033	2.128633499145508	1.9757897853851318	0.04901701956987381	0.02133408561348915	False	[1 0 0 0 0 0 0 0 0]	[0 0 0 0 0 0 0 0 1]	[0 1 0 1 1 0]	[1 0 0 0 0 0]	[8]	[0 0 0 0 0 0 0 0 0]	[0 0 0 0 0 0 0 1 1]	[1 1 0 1 1 0]	[0 0 0 0 0 0]	[8]
67	0.09254912286996841	4.147296905517578	2.1146280765533447	1.9738564491271973	0.04044388234615326	0.018368177115917206	False	[0 0 0 0 0 0 0 0 0]	[0 0 0 0 0 0 0 1 1]	[1 1 0 1 1 0]	[0 0 0 0 0 0]	[8]	[1 0 0 0 0 0 0 0 0]	[0 0 0 0 0 0 0 0 1]	[0 1 0 1 1 0]	[1 0 0 0 0 0]	[8]
67	0.11368237435817719	4.180881023406982	2.124004602432251	1.9775962829589844	0.06250803172588348	0.016772255301475525	False	[1 0 0 0 0 0 0 0 0]	[0 0 0 0 0 0 0 0 1]	[0 1 0 1 1 0]	[1 0 0 0 0 0]	[8]	[0 0 0 0 0 0 0 0 0]	[0 0 0 0 0 0 0 1 1]	[1 1 0 1 1 0]	[0 0 0 0 0 0]	[8]
67	0.09783220291137695	4.142488956451416	2.1155965328216553	1.9717185497283936	0.037035245448350906	0.018138594925403595	False	[0 0 0 0 0 0 0 0 0]	[0 0 0 0 0 0 0 1 1]	[1 1 0 1 1 0]	[0 0 0 0 0 0]	[8]	[1 0 0 0 0 0 0 0 0]	[0 0 0 0 0 0 0 0 1]	[0 1 0 1 1 0]	[1 0 0 0 0 0]	[8]
67	0.10125015676021576	4.150888442993164	2.1145472526550293	1.9755899906158447	0.0435042679309845	0.017246751114726067	False	[1 0 0 0 0 0 0 0 0]	[0 0 0 0 0 0 0 0 1]	[0 1 0 1 1 0]	[1 0 0 0 0 0]	[8]	[0 0 0 0 0 0 0 0 0]	[0 0 0 0 0 0 0 1 1]	[1 1 0 1 1 0]	[0 0 0 0 0 0]	[8]
67	0.07891275733709335	4.1383376121521	2.1125316619873047	1.97550630569458	0.03225602209568024	0.0180436410009861	False	[0 0 0 0 0 0 0 0 0]	[0 0 0 0 0 0 0 1 1]	[1 1 0 1 1 0]	[0 0 0 0 0 0]	[8]	[1 0 0 0 0 0 0 0 0]	[0 0 0 0 0 0 0 0 1]	[0 1 0 1 1 0]	[1 0 0 0 0 0]	[8]
67	0.0942964181303978	4.142332553863525	2.1220898628234863	1.9664965867996216	0.03475537151098251	0.018991030752658844	False	[1 0 0 0 0 0 0 0 0]	[0 0 0 0 0 0 0 0 1]	[0 1 0 1 1 0]	[1 0 0 0 0 0]	[8]	[0 0 0 0 0 0 0 0 0]	[0 0 0 0 0 0 0 1 1]	[1 1 0 1 1 0]	[0 0 0 0 0 0]	[8]
67	0.08083152025938034	4.1610941886901855	2.1213903427124023	1.9770225286483765	0.04592754691839218	0.016753900796175003	False	[0 0 0 0 0 0 0 0 0]	[0 0 0 0 0 0 0 1 1]	[1 1 0 1 1 0]	[0 0 0 0 0 0]	[8]	[1 0 0 0 0 0 0 0 0]	[0 0 0 0 0 0 0 0 1]	[0 1 0 1 1 0]	[1 0 0 0 0 0]	[8]
67	0.08653991669416428	4.156280994415283	2.111558198928833	1.9750992059707642	0.04556968808174133	0.024053461849689484	False	[1 0 0 0 0 0 0 0 0]	[0 0 0 0 0 0 0 0 1]	[0 1 0 1 1 0]	[1 0 0 0 0 0]	[8]	[0 0 0 0 0 0 0 0 0]	[0 0 0 0 0 0 0 1 1]	[1 1 0 1 1 0]	[0 0 0 0 0 0]	[8]
67	0.09923750162124634	4.198280334472656	2.1241085529327393	1.9919542074203491	0.06671762466430664	0.015499871224164963	False	[0 0 0 0 0 0 0 0 0]	[0 0 0 0 0 0 0 1 1]	[1 1 0 1 1 0]	[0 0 0 0 0 0]	[8]	[1 0 0 0 0 0 0 0 0]	[0 0 0 0 0 0 0 0 1]	[0 1 0 1 1 0]	[1 0 0 0 0 0]	[8]
67	0.09273209422826767	4.176082611083984	2.1216683387756348	1.9866074323654175	0.047423966228961945	0.020383112132549286	False	[1 0 0 0 0 0 0 0 0]	[0 0 0 0 0 0 0 0 1]	[0 1 0 1 1 0]	[1 0 0 0 0 0]	[8]	[0 0 0 0 0 0 0 0 0]	[0 0 0 0 0 0 0 1 1]	[1 1 0 1 1 0]	[0 0 0 0 0 0]	[8]
67	0.09572472423315048	4.172040939331055	2.115544080734253	1.995121955871582	0.04400056600570679	0.017374267801642418	False	[0 0 0 0 0 0 0 0 0]	[0 0 0 0 0 0 0 1 1]	[1 1 0 1 1 0]	[0 0 0 0 0 0]	[8]	[1 0 0 0 0 0 0 0 0]	[0 0 0 0 0 0 0 0 1]	[0 1 0 1 1 0]	[1 0 0 0 0 0]	[8]
67	0.113174669444561	4.152642250061035	2.1190576553344727	1.9773144721984863	0.03863482177257538	0.017635490745306015	False	[1 0 0 0 0 0 0 0 0]	[0 0 0 0 0 0 0 0 1]	[0 1 0 1 1 0]	[1 0 0 0 0 0]	[8]	[0 0 0 0 0 0 0 0 0]	[0 0 0 0 0 0 0 1 1]	[1 1 0 1 1 0]	[0 0 0 0 0 0]	[8]
67	0.11894819885492325	4.147200584411621	2.119819164276123	1.9790126085281372	0.0308232344686985	0.017545688897371292	False	[0 0 0 0 0 0 0 0 0]	[0 0 0 0 0 0 0 1 1]	[1 1 0 1 1 0]	[0 0 0 0 0 0]	[8]	[1 0 0 0 0 0 0 0 0]	[0 0 0 0 0 0 0 0 1]	[0 1 0 1 1 0]	[1 0 0 0 0 0]	[8]
67	0.09233646094799042	4.145628452301025	2.1182920932769775	1.9757391214370728	0.03428889065980911	0.017308127135038376	False	[1 0 0 0 0 0 0 0 0]	[0 0 0 0 0 0 0 0 1]	[0 1 0 1 1 0]	[1 0 0 0 0 0]	[8]	[0 0 0 0 0 0 0 0 0]	[0 0 0 0 0 0 0 1 1]	[1 1 0 1 1 0]	[0 0 0 0 0 0]	[8]
67	0.08629756420850754	4.152880668640137	2.11326003074646	1.9832206964492798	0.039810650050640106	0.01658906787633896	False	[0 0 0 0 0 0 0 0 0]	[0 0 0 0 0 0 0 1 1]	[1 1 0 1 1 0]	[0 0 0 0 0 0]	[8]	[1 0 0 0 0 0 0 0 0]	[0 0 0 0 0 0 0 0 1]	[0 1 0 1 1 0]	[1 0 0 0 0 0]	[8]
67	0.08589043468236923	4.141181945800781	2.115415573120117	1.9726417064666748	0.03399989753961563	0.01912456378340721	False	[1 0 0 0 0 0 0 0 0]	[0 0 0 0 0 0 0 0 1]	[0 1 0 1 1 0]	[1 0 0 0 0 0]	[8]	[0 0 0 0 0 0 0 0 0]	[0 0 0 0 0 0 0 1 1]	[1 1 0 1 1 0]	[0 0 0 0 0 0]	[8]
67	0.11651597917079926	4.138407230377197	2.1059768199920654	1.9753044843673706	0.0412205308675766	0.01590520143508911	False	[0 0 0 0 0 0 0 0 0]	[0 0 0 0 0 0 0 1 1]	[1 1 0 1 1 0]	[0 0 0 0 0 0]	[8]	[1 0 0 0 0 0 0 0 0]	[0 0 0 0 0 0 0 0 1]	[0 1 0 1 1 0]	[1 0 0 0 0 0]	[8]
67	0.08029411733150482	4.166975975036621	2.117981195449829	1.9858591556549072	0.04316682368516922	0.019968796521425247	False	[1 0 0 0 0 0 0 0 0]	[0 0 0 0 0 0 0 0 1]	[0 1 0 1 1 0]	[1 0 0 0 0 0]	[8]	[0 0 0 0 0 0 0 0 0]	[0 0 0 0 0 0 0 1 1]	[1 1 0 1 1 0]	[0 0 0 0 0 0]	[8]
67	0.11822783201932907	4.142969131469727	2.11494779586792	1.9784507751464844	0.03305405378341675	0.01651650294661522	False	[0 0 0 0 0 0 0 0 0]	[0 0 0 0 0 0 0 1 1]	[1 1 0 1 1 0]	[0 0 0 0 0 0]	[8]	[1 0 0 0 0 0 0 0 0]	[0 0 0 0 0 0 0 0 1]	[0 1 0 1 1 0]	[1 0 0 0 0 0]	[8]
67	0.1204119473695755	4.172399997711182	2.116891384124756	1.9812347888946533	0.058095790445804596	0.016177866607904434	False	[1 0 0 0 0 0 0 0 0]	[0 0 0 0 0 0 0 0 1]	[0 1 0 1 1 0]	[1 0 0 0 0 0]	[8]	[0 0 0 0 0 0 0 0 0]	[0 0 0 0 0 0 0 1 1]	[1 1 0 1 1 0]	[0 0 0 0 0 0]	[8]
67	0.08476868271827698	4.151678085327148	2.118168592453003	1.9694631099700928	0.04625185206532478	0.017794616520404816	False	[0 0 0 0 0 0 0 0 0]	[0 0 0 0 0 0 0 1 1]	[1 1 0 1 1 0]	[0 0 0 0 0 0]	[8]	[1 0 0 0 0 0 0 0 0]	[0 0 0 0 0 0 0 0 1]	[0 1 0 1 1 0]	[1 0 0 0 0 0]	[8]
67	0.09691736102104187	4.1970720291137695	2.1211607456207275	2.001373052597046	0.05881882086396217	0.01571965217590332	False	[1 0 0 0 0 0 0 0 0]	[0 0 0 0 0 0 0 0 1]	[0 1 0 1 1 0]	[1 0 0 0 0 0]	[8]	[0 0 0 0 0 0 0 0 0]	[0 0 0 0 0 0 0 1 1]	[1 1 0 1 1 0]	[0 0 0 0 0 0]	[8]
67	0.08211229741573334	4.161526203155518	2.1065051555633545	1.98586106300354	0.05334048718214035	0.015819549560546875	False	[0 0 0 0 0 0 0 0 0]	[0 0 0 0 0 0 0 1 1]	[1 1 0 1 1 0]	[0 0 0 0 0 0]	[8]	[1 0 0 0 0 0 0 0 0]	[0 0 0 0 0 0 0 0 1]	[0 1 0 1 1 0]	[1 0 0 0 0 0]	[8]
67	0.08233071118593216	4.17331075668335	2.118446111679077	1.9932894706726074	0.04540440812706947	0.016170859336853027	False	[1 0 0 0 0 0 0 0 0]	[0 0 0 0 0 0 0 0 1]	[0 1 0 1 1 0]	[1 0 0 0 0 0]	[8]	[0 0 0 0 0 0 0 0 0]	[0 0 0 0 0 0 0 1 1]	[1 1 0 1 1 0]	[0 0 0 0 0 0]	[8]
67	0.10372357070446014	4.1268086433410645	2.11319637298584	1.964958906173706	0.028165385127067566	0.02048792503774166	False	[0 0 0 0 0 0 0 0 0]	[0 0 0 0 0 0 0 1 1]	[1 1 0 1 1 0]	[0 0 0 0 0 0]	[8]	[1 0 0 0 0 0 0 0 0]	[0 0 0 0 0 0 0 0 1]	[0 1 0 1 1 0]	[1 0 0 0 0 0]	[8]
68	-0.5	5.665860176086426	2.1591033935546875	1.9609090089797974	0.9169139862060547	0.6289337873458862	False	[1 0 0 0 0 1 0 0 1]	[0 0 0 1 0 1 0 0 0]	[0 0 1 0 1 0]	[0 0 0 0 0 0]	[8]	[1 0 1 0 0 1 0 0 1]	[0 0 0 1 0 0 0 0 0]	[0 0 1 0 1 1]	[1 0 0 0 0 0]	[4]
68	-1.0	5.749205112457275	2.092576026916504	1.612473487854004	1.2922781705856323	0.7518771886825562	False	[1 0 1 0 0 1 0 0 1]	[0 0 0 1 0 0 0 0 0]	[0 0 1 0 1 1]	[1 0 0 0 0 0]	[4]	[1 0 1 0 0 0 0 0 1]	[0 0 0 0 0 0 0 0 0]	[0 1 1 0 1 1]	[0 0 0 0 0 0]	[0]
68	-1.0	5.229504108428955	2.2306783199310303	2.195460319519043	0.3371152877807617	0.4662497639656067	False	[1 0 1 0 0 0 0 0 1]	[0 0 0 0 0 0 0 0 0]	[0 1 1 0 1 1]	[0 0 0 0 0 0]	[0]	[1 1 1 0 0 0 0 0 1]	[0 0 0 0 0 0 0 0 1]	[0 1 1 0 1 1]	[0 0 0 0 0 0]	[0]
68	-1.0	5.516817569732666	2.2090003490448	2.2173454761505127	0.4723440408706665	0.618127703666687	False	[1 1 1 0 0 0 0 0 1]	[0 0 0 0 0 0 0 0 1]	[0 1 1 0 1 1]	[0 0 0 0 0 0]	[0]	[1 0 1 0 0 0 0 0 1]	[0 0 0 0 0 0 0 0 0]	[0 1 1 0 1 1]	[0 0 0 0 0 0]	[0]
68	-1.0	5.475975513458252	2.21587872505188	2.205470085144043	0.4609180688858032	0.5937090516090393	False	[1 0 1 0 0 0 0 0 1]	[0 0 0 0 0 0 0 0 0]	[0 1 1 0 1 1]	[0 0 0 0 0 0]	[0]	[1 1 1 0 0 0 0 0 1]	[0 0 0 0 0 0 0 0 1]	[0 1 1 0 1 1]	[0 0 0 0 0 0]	[0]
68	-1.0	5.413153648376465	2.215540647506714	2.2140564918518066	0.43616604804992676	0.5473906993865967	False	[1 1 1 0 0 0 0 0 1]	[0 0 0 0 0 0 0 0 1]	[0 1 1 0 1 1]	[0 0 0 0 0 0]	[0]	[1 0 1 0 0 0 0 0 1]	[0 0 0 0 0 0 0 0 0]	[0 1 1 0 1 1]	[0 0 0 0 0 0]	[0]
68	-1.0	5.3336310386657715	2.218111515045166	2.189211368560791	0.3997589945793152	0.5265494585037231	False	[1 0 1 0 0 0 0 0 1]	[0 0 0 0 0 0 0 0 0]	[0 1 1 0 1 1]	[0 0 0 0 0 0]	[0]	[1 1 1 0 0 0 0 0 1]	[0 0 0 0 0 0 0 0 1]	[0 1 1 0 1 1]	[0 0 0 0 0 0]	[0]
68	-1.0	5.527258396148682	2.2055459022521973	2.2139711380004883	0.484902560710907	0.622839093208313	False	[1 1 1 0 0 0 0 0 1]	[0 0 0 0 0 0 0 0 1]	[0 1 1 0 1 1]	[0 0 0 0 0 0]	[0]	[1 0 1 0 0 0 0 0 1]	[0 0 0 0 0 0 0 0 0]	[0 1 1 0 1 1]	[0 0 0 0 0 0]	[0]
68	-1.0	5.369112014770508	2.2200896739959717	2.2006194591522217	0.4441162943840027	0.5042870044708252	False	[1 0 1 0 0 0 0 0 1]	[0 0 0 0 0 0 0 0 0]	[0 1 1 0 1 1]	[0 0 0 0 0 0]	[0]	[1 1 1 0 0 0 0 0 1]	[0 0 0 0 0 0 0 0 1]	[0 1 1 0 1 1]	[0 0 0 0 0 0]	[0]
68	-1.0	5.313070297241211	2.225945472717285	2.1864705085754395	0.4172106683254242	0.4834437370300293	False	[1 1 1 0 0 0 0 0 1]	[0 0 0 0 0 0 0 0 1]	[0 1 1 0 1 1]	[0 0 0 0 0 0]	[0]	[1 0 1 0 0 0 0 0 1]	[0 0 0 0 0 0 0 0 0]	[0 1 1 0 1 1]	[0 0 0 0 0 0]	[0]
68	-1.0	5.413176536560059	2.2143867015838623	2.2096974849700928	0.42564666271209717	0.5634454488754272	False	[1 0 1 0 0 0 0 0 1]	[0 0 0 0 0 0 0 0 0]	[0 1 1 0 1 1]	[0 0 0 0 0 0]	[0]	[1 1 1 0 0 0 0 0 1]	[0 0 0 0 0 0 0 0 1]	[0 1 1 0 1 1]	[0 0 0 0 0 0]	[0]
68	-1.0	5.474552154541016	2.205716371536255	2.213395833969116	0.44653651118278503	0.6089032888412476	False	[1 1 1 0 0 0 0 0 1]	[0 0 0 0 0 0 0 0 1]	[0 1 1 0 1 1]	[0 0 0 0 0 0]	[0]	[1 0 1 0 0 0 0 0 1]	[0 0 0 0 0 0 0 0 0]	[0 1 1 0 1 1]	[0 0 0 0 0 0]	[0]
68	-1.0	5.470736980438232	2.2085299491882324	2.197150230407715	0.46796077489852905	0.5970959663391113	False	[1 0 1 0 0 0 0 0 1]	[0 0 0 0 0 0 0 0 0]	[0 1 1 0 1 1]	[0 0 0 0 0 0]	[0]	[1 1 1 0 0 0 0 0 1]	[0 0 0 0 0 0 0 0 1]	[0 1 1 0 1 1]	[0 0 0 0 0 0]	[0]
68	-1.0	5.469395637512207	2.2081685066223145	2.1987311840057373	0.4738087058067322	0.588687539100647	False	[1 1 1 0 0 0 0 0 1]	[0 0 0 0 0 0 0 0 1]	[0 1 1 0 1 1]	[0 0 0 0 0 0]	[0]	[1 0 1 0 0 0 0 0 1]	[0 0 0 0 0 0 0 0 0]	[0 1 1 0 1 1]	[0 0 0 0 0 0]	[0]
68	-1.0	5.423748970031738	2.202798843383789	2.2088139057159424	0.4277072548866272	0.5844290256500244	False	[1 0 1 0 0 0 0 0 1]	[0 0 0 0 0 0 0 0 0]	[0 1 1 0 1 1]	[0 0 0 0 0 0]	[0]	[1 1 1 0 0 0 0 0 1]	[0 0 0 0 0 0 0 0 1]	[0 1 1 0 1 1]	[0 0 0 0 0 0]	[0]
68	-1.0	5.444314002990723	2.213982105255127	2.2116353511810303	0.4666327238082886	0.5520637035369873	False	[1 1 1 0 0 0 0 0 1]	[0 0 0 0 0 0 0 0 1]	[0 1 1 0 1 1]	[0 0 0 0 0 0]	[0]	[1 0 1 0 0 0 0 0 1]	[0 0 0 0 0 0 0 0 0]	[0 1 1 0 1 1]	[0 0 0 0 0 0]	[0]
68	-1.0	5.425654888153076	2.2183573246002197	2.2065157890319824	0.4307064414024353	0.5700749158859253	False	[1 0 1 0 0 0 0 0 1]	[0 0 0 0 0 0 0 0 0]	[0 1 1 0 1 1]	[0 0 0 0 0 0]	[0]	[1 1 1 0 0 0 0 0 1]	[0 0 0 0 0 0 0 0 1]	[0 1 1 0 1 1]	[0 0 0 0 0 0]	[0]
68	-1.0	5.478187084197998	2.2103848457336426	2.2099714279174805	0.4682351350784302	0.5895957946777344	False	[1 1 1 0 0 0 0 0 1]	[0 0 0 0 0 0 0 0 1]	[0 1 1 0 1 1]	[0 0 0 0 0 0]	[0]	[1 0 1 0 0 0 0 0 1]	[0 0 0 0 0 0 0 0 0]	[0 1 1 0 1 1]	[0 0 0 0 0 0]	[0]
68	-1.0	5.33420991897583	2.224316358566284	2.2057454586029053	0.3881470561027527	0.5160013437271118	False	[1 0 1 0 0 0 0 0 1]	[0 0 0 0 0 0 0 0 0]	[0 1 1 0 1 1]	[0 0 0 0 0 0]	[0]	[1 1 1 0 0 0 0 0 1]	[0 0 0 0 0 0 0 0 1]	[0 1 1 0 1 1]	[0 0 0 0 0 0]	[0]
68	-1.0	5.470801830291748	2.2087268829345703	2.2113163471221924	0.4856417179107666	0.5651171803474426	False	[1 1 1 0 0 0 0 0 1]	[0 0 0 0 0 0 0 0 1]	[0 1 1 0 1 1]	[0 0 0 0 0 0]	[0]	[1 0 1 0 0 0 0 0 1]	[0 0 0 0 0 0 0 0 0]	[0 1 1 0 1 1]	[0 0 0 0 0 0]	[0]
68	-1.0	5.3403425216674805	2.225950241088867	2.200511932373047	0.410461962223053	0.5034183263778687	False	[1 0 1 0 0 0 0 0 1]	[0 0 0 0 0 0 0 0 0]	[0 1 1 0 1 1]	[0 0 0 0 0 0]	[0]	[1 1 1 0 0 0 0 0 1]	[0 0 0 0 0 0 0 0 1]	[0 1 1 0 1 1]	[0 0 0 0 0 0]	[0]
68	-1.0	5.446739673614502	2.2068541049957275	2.2116408348083496	0.4397171139717102	0.5885273814201355	False	[1 1 1 0 0 0 0 0 1]	[0 0 0 0 0 0 0 0 1]	[0 1 1 0 1 1]	[0 0 0 0 0 0]	[0]	[1 0 1 0 0 0 0 0 1]	[0 0 0 0 0 0 0 0 0]	[0 1 1 0 1 1]	[0 0 0 0 0 0]	[0]
68	-1.0	5.350630283355713	2.219825029373169	2.209254264831543	0.38985949754714966	0.5316916704177856	False	[1 0 1 0 0 0 0 0 1]	[0 0 0 0 0 0 0 0 0]	[0 1 1 0 1 1]	[0 0 0 0 0 0]	[0]	[1 1 1 0 0 0 0 0 1]	[0 0 0 0 0 0 0 0 1]	[0 1 1 0 1 1]	[0 0 0 0 0 0]	[0]
68	-1.0	5.475315093994141	2.2092814445495605	2.207414388656616	0.46532487869262695	0.5932943820953369	False	[1 1 1 0 0 0 0 0 1]	[0 0 0 0 0 0 0 0 1]	[0 1 1 0 1 1]	[0 0 0 0 0 0]	[0]	[1 0 1 0 0 0 0 0 1]	[0 0 0 0 0 0 0 0 0]	[0 1 1 0 1 1]	[0 0 0 0 0 0]	[0]
68	-1.0	5.425029754638672	2.214601755142212	2.2072246074676514	0.4271690845489502	0.576034426689148	False	[1 0 1 0 0 0 0 0 1]	[0 0 0 0 0 0 0 0 0]	[0 1 1 0 1 1]	[0 0 0 0 0 0]	[0]	[1 1 1 0 0 0 0 0 1]	[0 0 0 0 0 0 0 0 1]	[0 1 1 0 1 1]	[0 0 0 0 0 0]	[0]
68	-1.0	5.494997978210449	2.214507579803467	2.2097744941711426	0.4801069498062134	0.5906089544296265	False	[1 1 1 0 0 0 0 0 1]	[0 0 0 0 0 0 0 0 1]	[0 1 1 0 1 1]	[0 0 0 0 0 0]	[0]	[1 0 1 0 0 0 0 0 1]	[0 0 0 0 0 0 0 0 0]	[0 1 1 0 1 1]	[0 0 0 0 0 0]	[0]
68	-1.0	5.361732482910156	2.221904993057251	2.205470085144043	0.4188425540924072	0.5155152082443237	False	[1 0 1 0 0 0 0 0 1]	[0 0 0 0 0 0 0 0 0]	[0 1 1 0 1 1]	[0 0 0 0 0 0]	[0]	[1 1 1 0 0 0 0 0 1]	[0 0 0 0 0 0 0 0 1]	[0 1 1 0 1 1]	[0 0 0 0 0 0]	[0]
68	-1.0	5.418308734893799	2.218571186065674	2.2046267986297607	0.43325114250183105	0.5618597269058228	False	[1 1 1 0 0 0 0 0 1]	[0 0 0 0 0 0 0 0 1]	[0 1 1 0 1 1]	[0 0 0 0 0 0]	[0]	[1 0 1 0 0 0 0 0 1]	[0 0 0 1 0 0 0 0 1]	[0 1 1 0 1 1]	[0 0 0 0 0 0]	[0]
68	-1.0	5.448201656341553	2.216073751449585	2.214987277984619	0.4585447907447815	0.5585959553718567	False	[1 0 1 0 0 0 0 0 1]	[0 0 0 1 0 0 0 0 1]	[0 1 1 0 1 1]	[0 0 0 0 0 0]	[0]	[1 1 1 0 0 0 0 0 1]	[0 0 0 1 0 0 0 0 0]	[0 1 1 0 1 1]	[0 0 0 0 0 0]	[0]
68	-1.0	5.56848669052124	2.198829412460327	2.211974620819092	0.5069324970245361	0.6507505178451538	False	[1 1 1 0 0 0 0 0 1]	[0 0 0 1 0 0 0 0 0]	[0 1 1 0 1 1]	[0 0 0 0 0 0]	[0]	[1 0 1 0 0 0 0 0 1]	[0 0 0 1 0 0 0 0 1]	[0 1 1 0 1 1]	[0 0 0 0 0 0]	[0]
69	-0.75	5.851663589477539	2.029336929321289	1.9363303184509277	1.2968276739120483	0.5891686677932739	False	[1 0 0 0 1 0 0 0 0]	[0 0 1 1 0 1 0 0 0]	[0 0 0 0 0 0]	[1 0 1 1 0 0]	[2]	[1 0 1 0 1 0 0 0 0]	[0 0 1 1 0 1 0 0 1]	[0 1 0 0 0 0]	[1 0 0 1 0 0]	[2]
69	-0.25	6.138221740722656	2.0403685569763184	1.8325560092926025	1.0329034328460693	1.232393741607666	False	[1 0 1 0 1 0 0 0 0]	[0 0 1 1 0 1 0 0 1]	[0 1 0 0 0 0]	[1 0 0 1 0 0]	[2]	[1 0 0 0 1 0 0 0 0]	[0 0 1 1 0 0 0 0 1]	[0 1 0 0 1 0]	[1 0 0 0 0 0]	[6]
69	0.3642179071903229	4.440303802490234	2.120394468307495	1.8232808113098145	0.19749274849891663	0.29913556575775146	False	[1 0 0 0 1 0 0 0 0]	[0 0 1 1 0 0 0 0 1]	[0 1 0 0 1 0]	[1 0 0 0 0 0]	[6]	[1 0 0 0 1 1 0 0 0]	[0 0 0 1 0 0 0 0 1]	[0 1 0 1 1 0]	[0 0 0 0 0 0]	[8]
69	0.3761836290359497	4.079652786254883	2.116361141204834	1.949008822441101	0.007881184108555317	0.0064016710966825485	False	[1 0 0 0 1 1 0 0 0]	[0 0 0 1 0 0 0 0 1]	[0 1 0 1 1 0]	[0 0 0 0 0 0]	[8]	[1 0 0 0 1 1 0 0 1]	[0 0 1 1 0 0 0 0 1]	[1 1 0 1 1 0]	[1 0 0 0 0 0]	[8]
69	0.3852745294570923	4.253688812255859	2.067103624343872	2.136186361312866	0.025672633200883865	0.024726536124944687	False	[1 0 0 0 1 1 0 0 1]	[0 0 1 1 0 0 0 0 1]	[1 1 0 1 1 0]	[1 0 0 0 0 0]	[8]	[1 0 0 0 1 0 0 0 1]	[0 0 1 1 0 0 0 1 1]	[0 1 0 1 1 0]	[0 0 0 0 0 0]	[8]
69	0.4364786744117737	4.086864471435547	2.118419647216797	1.9556820392608643	0.006081029772758484	0.006681895814836025	False	[1 0 0 0 1 0 0 0 1]	[0 0 1 1 0 0 0 1 1]	[0 1 0 1 1 0]	[0 0 0 0 0 0]	[8]	[1 0 0 0 1 0 0 0 0]	[0 0 0 1 0 0 0 1 1]	[1 1 0 1 1 0]	[1 0 0 0 0 0]	[8]
69	0.3489108979701996	4.07893180847168	2.1160528659820557	1.9492828845977783	0.007637809030711651	0.0059581357054412365	False	[1 0 0 0 1 0 0 0 0]	[0 0 0 1 0 0 0 1 1]	[1 1 0 1 1 0]	[1 0 0 0 0 0]	[8]	[1 0 0 0 1 0 0 0 1]	[0 0 1 1 0 0 0 1 1]	[0 1 0 1 1 0]	[0 0 0 0 0 0]	[8]
69	0.3570927083492279	4.090961933135986	2.118943452835083	1.9585275650024414	0.006835886277258396	0.006655341014266014	False	[1 0 0 0 1 0 0 0 1]	[0 0 1 1 0 0 0 1 1]	[0 1 0 1 1 0]	[0 0 0 0 0 0]	[8]	[1 0 0 0 1 0 0 0 0]	[0 0 0 1 0 0 0 1 1]	[1 1 0 1 1 0]	[1 0 0 0 0 0]	[8]
69	0.3823997378349304	4.078466892242432	2.115572214126587	1.9493286609649658	0.007144062779843807	0.0064218295738101006	False	[1 0 0 0 1 0 0 0 0]	[0 0 0 1 0 0 0 1 1]	[1 1 0 1 1 0]	[1 0 0 0 0 0]	[8]	[1 0 0 0 1 0 0 0 1]	[0 0 1 1 0 0 0 1 1]	[0 1 0 1 1 0]	[0 0 0 0 0 0]	[8]
69	0.4187633693218231	4.0820207595825195	2.116095781326294	1.9514638185501099	0.007735764607787132	0.0067250970751047134	False	[1 0 0 0 1 0 0 0 1]	[0 0 1 1 0 0 0 1 1]	[0 1 0 1 1 0]	[0 0 0 0 0 0]	[8]	[1 0 0 0 1 0 0 0 0]	[0 0 0 1 0 0 0 1 1]	[1 1 0 1 1 0]	[1 0 0 0 0 0]	[8]
69	0.37724024057388306	4.080493927001953	2.117844581604004	1.9465597867965698	0.00896882452070713	0.007120552938431501	False	[1 0 0 0 1 0 0 0 0]	[0 0 0 1 0 0 0 1 1]	[1 1 0 1 1 0]	[1 0 0 0 0 0]	[8]	[1 0 0 0 1 0 0 0 1]	[0 0 1 1 0 0 0 1 1]	[0 1 0 1 1 0]	[0 0 0 0 0 0]	[8]
69	0.4039228558540344	4.07440710067749	2.11403751373291	1.947937250137329	0.006664762273430824	0.005767993628978729	False	[1 0 0 0 1 0 0 0 1]	[0 0 1 1 0 0 0 1 1]	[0 1 0 1 1 0]	[0 0 0 0 0 0]	[8]	[1 0 0 0 1 0 0 0 0]	[0 0 0 1 0 0 0 1 1]	[1 1 0 1 1 0]	[1 0 0 0 0 0]	[8]
69	0.3637514114379883	4.086236000061035	2.1261799335479736	1.9397000074386597	0.013988588005304337	0.0063676415011286736	False	[1 0 0 0 1 0 0 0 0]	[0 0 0 1 0 0 0 1 1]	[1 1 0 1 1 0]	[1 0 0 0 0 0]	[8]	[1 0 0 0 1 0 0 0 1]	[0 0 1 1 0 0 0 1 1]	[0 1 0 1 1 0]	[0 0 0 0 0 0]	[8]
69	0.3852745294570923	4.09712553024292	2.1235222816467285	1.957624912261963	0.007636678405106068	0.008341614156961441	False	[1 0 0 0 1 0 0 0 1]	[0 0 1 1 0 0 0 1 1]	[0 1 0 1 1 0]	[0 0 0 0 0 0]	[8]	[1 0 0 0 1 0 0 0 0]	[0 0 0 1 0 0 0 1 1]	[1 1 0 1 1 0]	[1 0 0 0 0 0]	[8]
69	0.46087661385536194	4.078317642211914	2.116560935974121	1.9479033946990967	0.007246753200888634	0.0066062081605196	False	[1 0 0 0 1 0 0 0 0]	[0 0 0 1 0 0 0 1 1]	[1 1 0 1 1 0]	[1 0 0 0 0 0]	[8]	[1 0 0 0 1 0 0 0 1]	[0 0 0 0 0 0 0 1 1]	[0 1 0 1 1 0]	[0 0 0 0 0 0]	[8]
69	0.391024112701416	4.030283451080322	2.0975122451782227	1.900995135307312	0.016732696443796158	0.01504344679415226	False	[1 0 0 0 1 0 0 0 1]	[0 0 0 0 0 0 0 1 1]	[0 1 0 1 1 0]	[0 0 0 0 0 0]	[8]	[1 0 0 0 1 0 0 0 0]	[0 0 0 1 0 0 0 1 1]	[1 1 0 1 1 0]	[1 0 0 0 0 0]	[8]
69	0.2786158323287964	4.090025901794434	2.117443323135376	1.9615864753723145	0.005235055461525917	0.005760902538895607	False	[1 0 0 0 1 0 0 0 0]	[0 0 0 1 0 0 0 1 1]	[1 1 0 1 1 0]	[1 0 0 0 0 0]	[8]	[1 0 0 0 1 0 0 0 1]	[0 0 1 1 0 0 0 1 1]	[0 1 0 1 1 0]	[0 0 0 0 0 0]	[8]
69	0.42210468649864197	4.08303165435791	2.1235320568084717	1.9422767162322998	0.010725948959589005	0.006496970076113939	False	[1 0 0 0 1 0 0 0 1]	[0 0 1 1 0 0 0 1 1]	[0 1 0 1 1 0]	[0 0 0 0 0 0]	[8]	[1 0 0 0 1 0 0 0 0]	[0 0 0 1 0 0 0 1 1]	[1 1 0 1 1 0]	[1 0 0 0 0 0]	[8]
69	0.3642179071903229	4.074960231781006	2.113163709640503	1.9476765394210815	0.006494206376373768	0.007626126520335674	False	[1 0 0 0 1 0 0 0 0]	[0 0 0 1 0 0 0 1 1]	[1 1 0 1 1 0]	[1 0 0 0 0 0]	[8]	[1 0 0 0 1 0 0 1 0]	[0 0 1 1 0 0 0 1 1]	[0 1 0 1 1 0]	[0 0 0 0 0 0]	[8]
69	0.3417856991291046	4.081333160400391	2.1204833984375	1.9438194036483765	0.010939946398139	0.006090192124247551	False	[1 0 0 0 1 0 0 1 0]	[0 0 1 1 0 0 0 1 1]	[0 1 0 1 1 0]	[0 0 0 0 0 0]	[8]	[1 0 0 0 1 0 0 1 1]	[0 0 0 1 0 0 0 1 1]	[1 1 0 1 1 0]	[1 0 0 0 0 0]	[8]
69	0.3637514114379883	4.08533239364624	2.114311456680298	1.9590328931808472	0.0049483440816402435	0.007040172815322876	False	[1 0 0 0 1 0 0 1 1]	[0 0 0 1 0 0 0 1 1]	[1 1 0 1 1 0]	[1 0 0 0 0 0]	[8]	[1 0 0 0 1 0 0 1 0]	[0 0 1 1 0 0 0 1 1]	[0 1 0 1 1 0]	[0 0 0 0 0 0]	[8]
69	0.4130137860774994	4.076359748840332	2.1132123470306396	1.9483505487442017	0.007357838563621044	0.007438449654728174	False	[1 0 0 0 1 0 0 1 0]	[0 0 1 1 0 0 0 1 1]	[0 1 0 1 1 0]	[0 0 0 0 0 0]	[8]	[1 0 0 0 1 0 0 1 1]	[0 0 0 1 0 0 0 1 1]	[1 1 0 1 1 0]	[1 0 0 0 0 0]	[8]
69	0.33072906732559204	4.064942359924316	2.111032724380493	1.9407824277877808	0.007331857457756996	0.005795666016638279	False	[1 0 0 0 1 0 0 1 1]	[0 0 0 1 0 0 0 1 1]	[1 1 0 1 1 0]	[1 0 0 0 0 0]	[8]	[1 0 0 0 1 0 0 1 0]	[0 0 1 1 0 0 0 1 1]	[0 1 0 1 1 0]	[0 0 0 0 0 0]	[8]
69	0.3273877501487732	4.066424369812012	2.1171529293060303	1.9347416162490845	0.008784152567386627	0.005745279602706432	False	[1 0 0 0 1 0 0 1 0]	[0 0 1 1 0 0 0 1 1]	[0 1 0 1 1 0]	[0 0 0 0 0 0]	[8]	[1 0 0 0 1 0 0 1 1]	[0 0 0 1 0 0 0 1 1]	[1 1 0 1 1 0]	[1 0 0 0 0 0]	[8]
69	0.37284231185913086	4.0756683349609375	2.1154065132141113	1.946450114250183	0.007586190477013588	0.006225652992725372	False	[1 0 0 0 1 0 0 1 1]	[0 0 0 1 0 0 0 1 1]	[1 1 0 1 1 0]	[1 0 0 0 0 0]	[8]	[1 0 0 0 1 0 0 1 0]	[0 0 1 1 0 0 0 1 1]	[0 1 0 1 1 0]	[0 0 0 0 0 0]	[8]
69	0.37330880761146545	4.060814380645752	2.1122488975524902	1.9323124885559082	0.009885033592581749	0.006368082016706467	False	[1 0 0 0 1 0 0 1 0]	[0 0 1 1 0 0 0 1 1]	[0 1 0 1 1 0]	[0 0 0 0 0 0]	[8]	[1 0 0 0 1 0 0 1 1]	[0 0 1 0 0 0 0 1 1]	[1 1 0 1 1 0]	[1 0 0 0 0 0]	[8]
69	0.4192298948764801	4.240102291107178	2.0660529136657715	2.1316521167755127	0.023034539073705673	0.019362352788448334	False	[1 0 0 0 1 0 0 1 1]	[0 0 1 0 0 0 0 1 1]	[1 1 0 1 1 0]	[1 0 0 0 0 0]	[8]	[1 0 0 0 1 1 0 1 1]	[0 0 1 0 0 0 0 0 1]	[0 1 0 1 1 0]	[0 0 0 0 0 0]	[24]
69	0.30679765343666077	4.061960697174072	2.1120381355285645	1.938111424446106	0.007139913737773895	0.004671397618949413	False	[1 0 0 0 1 1 0 1 1]	[0 0 1 0 0 0 0 0 1]	[0 1 0 1 1 0]	[0 0 0 0 0 0]	[24]	[1 0 0 0 1 1 0 1 0]	[0 0 1 1 0 0 0 0 1]	[1 1 0 1 1 0]	[1 0 0 0 0 0]	[8]
69	0.3546604812145233	4.07149076461792	2.1134209632873535	1.9422987699508667	0.0077981362119317055	0.007972592487931252	False	[1 0 0 0 1 1 0 1 0]	[0 0 1 1 0 0 0 0 1]	[1 1 0 1 1 0]	[1 0 0 0 0 0]	[8]	[1 0 0 0 1 1 0 1 1]	[0 0 0 1 0 0 0 0 1]	[0 1 0 1 1 0]	[0 0 0 0 0 0]	[8]
69	0.339819997549057	4.091710567474365	2.113842248916626	1.965789794921875	0.004620368592441082	0.007458444684743881	False	[1 0 0 0 1 1 0 1 1]	[0 0 0 1 0 0 0 0 1]	[0 1 0 1 1 0]	[0 0 0 0 0 0]	[8]	[1 0 0 0 1 1 0 1 0]	[0 0 1 1 0 0 0 0 1]	[1 1 0 1 1 0]	[1 0 0 0 0 0]	[8]
70	-0.25	5.736008167266846	2.065256118774414	1.9858481884002686	0.6686242818832397	1.0162793397903442	False	[0 0 0 0 0 0 0 0 0]	[1 0 0 0 0 0 0 0 0]	[1 0 0 1 0 0]	[0 1 1 0 0 1]	[18]	[0 0 0 1 0 0 0 0 0]	[0 0 0 0 0 0 0 0 0]	[0 0 0 1 0 0]	[0 1 1 0 0 0]	[6]
70	-0.5	5.7888102531433105	2.001175880432129	1.9466145038604736	1.4672383069992065	0.3737815022468567	False	[0 0 0 1 0 0 0 0 0]	[0 0 0 0 0 0 0 0 0]	[0 0 0 1 0 0]	[0 1 1 0 0 0]	[6]	[0 0 0 1 0 0 0 1 0]	[0 1 0 0 0 0 0 0 0]	[0 0 0 0 0 0]	[0 0 1 0 0 0]	[4]
70	-0.75	5.908626556396484	1.9863722324371338	1.9979519844055176	0.89165860414505	1.0326436758041382	False	[0 0 0 1 0 0 0 1 0]	[0 1 0 0 0 0 0 0 0]	[0 0 0 0 0 0]	[0 0 1 0 0 0]	[4]	[0 1 0 1 0 0 0 1 0]	[0 1 1 0 0 0 0 0 0]	[0 1 0 0 0 0]	[0 0 1 0 1 0]	[2]
70	-0.75	6.015634536743164	2.026914119720459	1.9938414096832275	0.8959961533546448	1.098882794380188	False	[0 1 0 1 0 0 0 1 0]	[0 1 1 0 0 0 0 0 0]	[0 1 0 0 0 0]	[0 0 1 0 1 0]	[2]	[0 0 0 1 0 0 0 1 0]	[0 1 0 0 0 0 0 0 0]	[0 1 0 0 1 0]	[0 0 0 0 1 0]	[2]
70	0.06566627323627472	5.8697733879089355	2.108245372772217	2.084495782852173	0.7537251710891724	0.9233068823814392	False	[0 0 0 1 0 0 0 1 0]	[0 1 0 0 0 0 0 0 0]	[0 1 0 0 1 0]	[0 0 0 0 1 0]	[2]	[0 0 0 1 0 0 0 0 0]	[0 0 0 0 0 0 0 0 0]	[0 1 0 1 1 0]	[0 0 0 0 0 0]	[24]
70	0.3939228653907776	4.1465020179748535	2.131805896759033	1.9576345682144165	0.05272829532623291	0.004333333112299442	False	[0 0 0 1 0 0 0 0 0]	[0 0 0 0 0 0 0 0 0]	[0 1 0 1 1 0]	[0 0 0 0 0 0]	[24]	[0 1 0 1 0 0 0 0 0]	[0 0 0 0 0 0 1 0 0]	[1 1 0 1 1 0]	[1 0 0 0 0 0]	[8]
70	0.04125108942389488	4.2018208503723145	2.1275999546051025	2.016087055206299	0.05199400708079338	0.006139643490314484	False	[0 1 0 1 0 0 0 0 0]	[0 0 0 0 0 0 1 0 0]	[1 1 0 1 1 0]	[1 0 0 0 0 0]	[8]	[0 1 0 0 0 0 0 0 0]	[0 0 0 0 0 0 0 0 0]	[0 1 0 1 1 0]	[0 0 0 0 0 0]	[8]
70	0.3642179071903229	4.190640449523926	2.126302719116211	1.9885470867156982	0.06766651570796967	0.008124072104692459	False	[0 1 0 0 0 0 0 0 0]	[0 0 0 0 0 0 0 0 0]	[0 1 0 1 1 0]	[0 0 0 0 0 0]	[8]	[0 1 0 1 0 0 0 0 0]	[0 0 0 0 0 0 1 0 0]	[1 1 0 1 1 0]	[1 0 0 0 0 0]	[8]
70	0.05940321460366249	4.209494113922119	2.1235225200653076	2.0350680351257324	0.04584532603621483	0.005058417096734047	False	[0 1 0 1 0 0 0 0 0]	[0 0 0 0 0 0 1 0 0]	[1 1 0 1 1 0]	[1 0 0 0 0 0]	[8]	[0 1 0 0 0 0 0 0 0]	[0 0 0 0 0 0 0 0 0]	[0 1 0 1 1 0]	[0 0 0 0 0 0]	[8]
70	0.24918293952941895	4.19569206237793	2.127267837524414	2.006333827972412	0.053333960473537445	0.008756466209888458	False	[0 1 0 0 0 0 0 0 0]	[0 0 0 0 0 0 0 0 0]	[0 1 0 1 1 0]	[0 0 0 0 0 0]	[8]	[0 1 0 0 0 0 0 1 0]	[0 0 0 0 0 0 1 0 0]	[1 1 0 1 1 0]	[1 0 0 0 0 0]	[24]
70	0.04965706914663315	4.1977081298828125	2.109574794769287	2.005837917327881	0.0713159516453743	0.010979745537042618	False	[0 1 0 0 0 0 0 1 0]	[0 0 0 0 0 0 1 0 0]	[1 1 0 1 1 0]	[1 0 0 0 0 0]	[24]	[0 1 0 0 0 0 0 1 1]	[0 0 0 0 0 0 0 0 0]	[0 1 0 1 1 0]	[0 0 0 0 0 0]	[8]
70	0.2637753486633301	4.2372727394104	2.1216282844543457	2.053788423538208	0.05042308568954468	0.011432632803916931	False	[0 1 0 0 0 0 0 1 1]	[0 0 0 0 0 0 0 0 0]	[0 1 0 1 1 0]	[0 0 0 0 0 0]	[8]	[0 1 0 0 0 0 0 1 0]	[0 0 0 0 0 0 1 0 0]	[1 1 0 1 1 0]	[1 0 0 0 0 0]	[24]
70	0.05049527436494827	4.157540798187256	2.098646879196167	1.9841790199279785	0.061678558588027954	0.013036536984145641	False	[0 1 0 0 0 0 0 1 0]	[0 0 0 0 0 0 1 0 0]	[1 1 0 1 1 0]	[1 0 0 0 0 0]	[24]	[0 1 0 0 0 0 0 1 1]	[0 0 0 0 0 0 0 0 0]	[0 1 0 1 1 0]	[0 0 0 0 0 0]	[8]
70	0.2422761470079422	4.217915058135986	2.124908447265625	2.037959575653076	0.042218878865242004	0.0128285838291049	False	[0 1 0 0 0 0 0 1 1]	[0 0 0 0 0 0 0 0 0]	[0 1 0 1 1 0]	[0 0 0 0 0 0]	[8]	[0 1 0 0 0 0 0 1 0]	[0 0 0 0 0 0 1 0 0]	[1 1 0 1 1 0]	[1 0 0 0 0 0]	[24]
70	0.057868581265211105	4.198554992675781	2.113860845565796	1.9990702867507935	0.06994087249040604	0.01568259857594967	False	[0 1 0 0 0 0 0 1 0]	[0 0 0 0 0 0 1 0 0]	[1 1 0 1 1 0]	[1 0 0 0 0 0]	[24]	[0 1 0 0 0 0 0 1 1]	[0 0 0 0 0 0 0 0 0]	[0 1 0 1 1 0]	[0 0 0 0 0 0]	[8]
70	0.2755226194858551	4.239195823669434	2.1272482872009277	2.0459611415863037	0.05431533232331276	0.01167096197605133	False	[0 1 0 0 0 0 0 1 1]	[0 0 0 0 0 0 0 0 0]	[0 1 0 1 1 0]	[0 0 0 0 0 0]	[8]	[0 1 0 0 0 0 0 1 0]	[0 0 0 0 0 0 1 0 0]	[1 1 0 1 1 0]	[1 0 0 0 0 0]	[24]
70	0.059556491672992706	4.271618843078613	2.1175119876861572	2.003812551498413	0.1389288753271103	0.011365287005901337	False	[0 1 0 0 0 0 0 1 0]	[0 0 0 0 0 0 1 0 0]	[1 1 0 1 1 0]	[1 0 0 0 0 0]	[24]	[0 1 0 0 0 0 0 1 1]	[0 0 0 0 0 0 0 0 0]	[0 1 0 1 1 0]	[0 0 0 0 0 0]	[8]
70	0.29013895988464355	4.216489791870117	2.116452217102051	2.0390079021453857	0.04993511736392975	0.011094121262431145	False	[0 1 0 0 0 0 0 1 1]	[0 0 0 0 0 0 0 0 0]	[0 1 0 1 1 0]	[0 0 0 0 0 0]	[8]	[0 1 0 0 0 0 0 1 0]	[0 0 0 0 0 0 1 0 0]	[1 1 0 1 1 0]	[1 0 0 0 0 0]	[24]
70	0.05318710207939148	4.2178778648376465	2.117678165435791	2.018242597579956	0.0690910667181015	0.01286659762263298	False	[0 1 0 0 0 0 0 1 0]	[0 0 0 0 0 0 1 0 0]	[1 1 0 1 1 0]	[1 0 0 0 0 0]	[24]	[0 1 0 0 0 0 0 1 1]	[0 0 0 0 0 0 0 0 0]	[0 1 0 1 1 0]	[0 0 0 0 0 0]	[8]
70	0.24561746418476105	4.297929763793945	2.12770938873291	2.061100482940674	0.09711417555809021	0.012005677446722984	False	[0 1 0 0 0 0 0 1 1]	[0 0 0 0 0 0 0 0 0]	[0 1 0 1 1 0]	[0 0 0 0 0 0]	[8]	[0 1 0 0 0 0 0 1 0]	[0 0 0 0 0 0 1 0 0]	[1 1 0 1 1 0]	[1 0 0 0 0 0]	[24]
70	0.05900183320045471	4.177929401397705	2.113107442855835	2.006317615509033	0.045999158173799515	0.01250571757555008	False	[0 1 0 0 0 0 0 1 0]	[0 0 0 0 0 0 1 0 0]	[1 1 0 1 1 0]	[1 0 0 0 0 0]	[24]	[0 1 0 0 0 0 0 1 1]	[0 0 0 0 0 0 0 0 0]	[0 1 0 1 1 0]	[0 0 0 0 0 0]	[8]
70	0.28392285108566284	4.279029846191406	2.1223161220550537	2.051511764526367	0.09206423908472061	0.013137131929397583	False	[0 1 0 0 0 0 0 1 1]	[0 0 0 0 0 0 0 0 0]	[0 1 0 1 1 0]	[0 0 0 0 0 0]	[8]	[0 1 0 0 0 0 0 1 0]	[0 0 0 0 0 0 1 0 0]	[1 1 0 1 1 0]	[1 0 0 0 0 0]	[24]
70	0.06015902757644653	4.199438095092773	2.1139254570007324	2.006812810897827	0.06561227142810822	0.013087872415781021	False	[0 1 0 0 0 0 0 1 0]	[0 0 0 0 0 0 1 0 0]	[1 1 0 1 1 0]	[1 0 0 0 0 0]	[24]	[0 1 0 0 0 0 0 1 1]	[0 0 0 0 0 0 0 0 0]	[0 1 0 1 1 0]	[0 0 0 0 0 0]	[8]
70	0.2531852424144745	4.209864139556885	2.1193737983703613	2.035140037536621	0.044512443244457245	0.010838168673217297	False	[0 1 0 0 0 0 0 1 1]	[0 0 0 0 0 0 0 0 0]	[0 1 0 1 1 0]	[0 0 0 0 0 0]	[8]	[0 1 0 0 0 0 0 1 0]	[0 0 0 1 0 0 0 0 0]	[1 1 0 1 1 0]	[1 0 0 0 0 0]	[24]
70	0.3992059528827667	4.202018737792969	2.1126623153686523	2.0038347244262695	0.07293141633272171	0.012590541504323483	False	[0 1 0 0 0 0 0 1 0]	[0 0 0 1 0 0 0 0 0]	[1 1 0 1 1 0]	[1 0 0 0 0 0]	[24]	[0 1 0 0 0 0 0 1 1]	[0 0 0 1 0 0 1 0 0]	[0 1 0 1 1 0]	[0 0 0 0 0 0]	[8]
70	0.2828902006149292	4.25272798538208	2.112323522567749	2.0363481044769287	0.08316183090209961	0.02089439332485199	False	[0 1 0 0 0 0 0 1 1]	[0 0 0 1 0 0 1 0 0]	[0 1 0 1 1 0]	[0 0 0 0 0 0]	[8]	[0 1 0 0 0 0 0 1 0]	[0 0 0 1 0 0 0 0 0]	[1 1 0 1 1 0]	[1 0 0 0 0 0]	[24]
70	0.4489108920097351	4.2188544273376465	2.1148524284362793	2.0235605239868164	0.0702851191163063	0.010156122967600822	False	[0 1 0 0 0 0 0 1 0]	[0 0 0 1 0 0 0 0 0]	[1 1 0 1 1 0]	[1 0 0 0 0 0]	[24]	[0 1 0 0 0 0 0 1 1]	[0 0 0 1 0 0 1 0 0]	[0 1 0 1 1 0]	[0 0 0 0 0 0]	[8]
70	0.2463081330060959	4.233459949493408	2.120783805847168	2.0373728275299072	0.05433271825313568	0.02097104862332344	False	[0 1 0 0 0 0 0 1 1]	[0 0 0 1 0 0 1 0 0]	[0 1 0 1 1 0]	[0 0 0 0 0 0]	[8]	[0 1 0 0 0 0 0 1 0]	[0 0 0 1 0 0 0 0 0]	[1 1 0 1 1 0]	[1 0 0 0 0 0]	[24]
70	0.39436542987823486	4.213878154754639	2.1161041259765625	2.009444236755371	0.07513748109340668	0.013192297890782356	False	[0 1 0 0 0 0 0 1 0]	[0 0 0 1 0 0 0 0 0]	[1 1 0 1 1 0]	[1 0 0 0 0 0]	[24]	[0 1 0 0 0 0 0 1 1]	[0 0 0 1 0 0 1 0 0]	[0 1 0 1 1 0]	[0 0 0 0 0 0]	[8]
70	0.2374117076396942	4.264764308929443	2.1189932823181152	2.0384321212768555	0.09149941802024841	0.015839586034417152	False	[0 1 0 0 0 0 0 1 1]	[0 0 0 1 0 0 1 0 0]	[0 1 0 1 1 0]	[0 0 0 0 0 0]	[8]	[0 1 0 0 0 0 0 1 0]	[0 0 0 1 0 0 0 0 0]	[1 1 0 1 1 0]	[1 0 0 0 0 0]	[24]
71	-0.75	5.714147567749023	2.0774893760681152	1.0093008279800415	1.339400291442871	1.2879571914672852	False	[0 0 1 0 1 0 0 0 0]	[0 0 0 0 0 0 0 0 0]	[0 0 0 0 1 0]	[1 1 0 0 1 0]	[0]	[0 0 0 0 1 0 0 0 0]	[0 0 0 0 0 0 0 0 0]	[0 0 0 0 1 0]	[1 1 0 0 0 0]	[2]
71	-0.75	7.138092994689941	2.017273187637329	2.118628740310669	1.4156008958816528	1.5865901708602905	False	[0 0 0 0 1 0 0 0 0]	[0 0 0 0 0 0 0 0 0]	[0 0 0 0 1 0]	[1 1 0 0 0 0]	[2]	[0 0 1 0 1 0 0 0 0]	[0 0 0 1 0 0 0 0 0]	[0 0 0 1 1 0]	[1 1 0 0 1 0]	[2]
71	-0.75	6.312335968017578	2.0643272399902344	2.122774839401245	0.7400441765785217	1.3851897716522217	False	[0 0 1 0 1 0 0 0 0]	[0 0 0 1 0 0 0 0 0]	[0 0 0 1 1 0]	[1 1 0 0 1 0]	[2]	[0 1 1 0 1 0 0 0 0]	[0 0 0 0 0 0 0 0 0]	[0 0 0 0 1 0]	[1 1 0 0 0 0]	[2]
71	-0.25	6.774408340454102	2.030794382095337	2.093445301055908	1.2991421222686768	1.3510266542434692	False	[0 1 1 0 1 0 0 0 0]	[0 0 0 0 0 0 0 0 0]	[0 0 0 0 1 0]	[1 1 0 0 0 0]	[2]	[0 1 0 0 1 0 0 0 0]	[0 0 0 1 0 0 0 0 0]	[0 0 0 1 1 0]	[1 0 0 0 0 0]	[6]
71	0.5326947569847107	5.217386722564697	2.1007063388824463	1.8055957555770874	0.9316595196723938	0.3794248700141907	False	[0 1 0 0 1 0 0 0 0]	[0 0 0 1 0 0 0 0 0]	[0 0 0 1 1 0]	[1 0 0 0 0 0]	[6]	[0 0 0 0 1 0 0 0 0]	[0 0 1 1 0 0 0 0 0]	[0 1 0 1 1 0]	[0 0 0 0 0 0]	[8]
71	0.3852745294570923	4.109348297119141	2.1321845054626465	1.947065830230713	0.016369149088859558	0.013728532008826733	False	[0 0 0 0 1 0 0 0 0]	[0 0 1 1 0 0 0 0 0]	[0 1 0 1 1 0]	[0 0 0 0 0 0]	[8]	[0 0 0 0 1 0 0 0 1]	[0 0 1 0 0 0 0 0 0]	[1 1 0 1 1 0]	[1 0 0 0 0 0]	[8]
71	0.4910241365432739	4.11875057220459	2.13454532623291	1.9570839405059814	0.014099344611167908	0.013022600673139095	False	[0 0 0 0 1 0 0 0 1]	[0 0 1 0 0 0 0 0 0]	[1 1 0 1 1 0]	[1 0 0 0 0 0]	[8]	[0 0 0 0 1 0 0 0 0]	[0 0 1 1 0 0 0 0 0]	[0 1 0 1 1 0]	[0 0 0 0 0 0]	[8]
71	0.4364786744117737	4.124855995178223	2.1345138549804688	1.963663935661316	0.012249058112502098	0.014428987167775631	False	[0 0 0 0 1 0 0 0 0]	[0 0 1 1 0 0 0 0 0]	[0 1 0 1 1 0]	[0 0 0 0 0 0]	[8]	[0 0 0 0 1 0 0 1 0]	[0 0 1 0 0 0 0 0 0]	[1 1 0 1 1 0]	[1 0 0 0 0 0]	[8]
71	0.4728423058986664	4.128233432769775	2.1331188678741455	1.954275369644165	0.025284722447395325	0.015554288402199745	False	[0 0 0 0 1 0 0 1 0]	[0 0 1 0 0 0 0 0 0]	[1 1 0 1 1 0]	[1 0 0 0 0 0]	[8]	[0 0 0 0 1 0 0 0 0]	[0 0 1 1 0 0 0 0 0]	[0 1 0 1 1 0]	[0 0 0 0 0 0]	[8]
71	0.38814932107925415	4.0976643562316895	2.1290407180786133	1.942975640296936	0.012499585747718811	0.013148097321391106	False	[0 0 0 0 1 0 0 0 0]	[0 0 1 1 0 0 0 0 0]	[0 1 0 1 1 0]	[0 0 0 0 0 0]	[8]	[0 0 0 0 1 0 0 0 1]	[0 0 1 0 0 0 0 0 0]	[1 1 0 1 1 0]	[1 0 0 0 0 0]	[8]
71	0.5001150369644165	4.123535633087158	2.131265878677368	1.9640471935272217	0.009934553876519203	0.018288005143404007	False	[0 0 0 0 1 0 0 0 1]	[0 0 1 0 0 0 0 0 0]	[1 1 0 1 1 0]	[1 0 0 0 0 0]	[8]	[0 0 0 0 1 0 0 1 1]	[0 0 1 1 0 0 0 0 0]	[0 1 0 1 1 0]	[0 0 0 0 0 0]	[8]
71	0.361343115568161	4.115400791168213	2.1282742023468018	1.9565455913543701	0.012802952900528908	0.0177778173238039	False	[0 0 0 0 1 0 0 1 1]	[0 0 1 1 0 0 0 0 0]	[0 1 0 1 1 0]	[0 0 0 0 0 0]	[8]	[0 0 0 0 1 0 0 0 1]	[0 0 1 0 0 0 0 0 0]	[1 1 0 1 1 0]	[1 0 0 0 0 0]	[8]
71	0.48193320631980896	4.129010200500488	2.1343066692352295	1.9632521867752075	0.013546262867748737	0.017904790118336678	False	[0 0 0 0 1 0 0 0 1]	[0 0 1 0 0 0 0 0 0]	[1 1 0 1 1 0]	[1 0 0 0 0 0]	[8]	[0 0 0 0 1 0 0 0 0]	[0 0 1 1 0 0 0 0 0]	[0 1 0 1 1 0]	[0 0 0 0 0 0]	[8]
71	0.3761836290359497	4.127780437469482	2.132950782775879	1.9618701934814453	0.020837757736444473	0.012121617794036865	False	[0 0 0 0 1 0 0 0 0]	[0 0 1 1 0 0 0 0 0]	[0 1 0 1 1 0]	[0 0 0 0 0 0]	[8]	[0 0 0 0 1 0 0 1 0]	[0 0 1 0 0 0 0 0 0]	[1 1 0 1 1 0]	[1 0 0 0 0 0]	[8]
71	0.5182968378067017	4.129755020141602	2.128244400024414	1.9679603576660156	0.016260363161563873	0.0172901414334774	False	[0 0 0 0 1 0 0 1 0]	[0 0 1 0 0 0 0 0 0]	[1 1 0 1 1 0]	[1 0 0 0 0 0]	[8]	[0 0 0 0 1 0 0 1 1]	[0 0 1 1 0 0 0 0 0]	[0 1 0 1 1 0]	[0 0 0 0 0 0]	[8]
71	0.41829684376716614	4.114590167999268	2.1272132396698	1.951651692390442	0.012656042352318764	0.023069076240062714	False	[0 0 0 0 1 0 0 1 1]	[0 0 1 1 0 0 0 0 0]	[0 1 0 1 1 0]	[0 0 0 0 0 0]	[8]	[0 0 0 0 1 0 0 1 0]	[0 0 1 0 0 0 0 0 0]	[1 1 0 1 1 0]	[1 0 0 0 0 0]	[8]
71	0.44603610038757324	4.132290363311768	2.133404493331909	1.961449146270752	0.021445967257022858	0.015991153195500374	False	[0 0 0 0 1 0 0 1 0]	[0 0 1 0 0 0 0 0 0]	[1 1 0 1 1 0]	[1 0 0 0 0 0]	[8]	[0 0 0 0 1 0 0 0 0]	[0 0 1 1 0 0 0 0 0]	[0 1 0 1 1 0]	[0 0 0 0 0 0]	[8]
71	0.43119558691978455	4.13620138168335	2.126923084259033	1.9720945358276367	0.014129677787423134	0.023054180666804314	False	[0 0 0 0 1 0 0 0 0]	[0 0 1 1 0 0 0 0 0]	[0 1 0 1 1 0]	[0 0 0 0 0 0]	[8]	[0 0 0 0 1 0 0 0 1]	[0 0 1 0 0 0 0 0 0]	[1 1 0 1 1 0]	[1 0 0 0 0 0]	[8]
71	0.5092059373855591	4.1176581382751465	2.1263160705566406	1.9576338529586792	0.013464306481182575	0.020243484526872635	False	[0 0 0 0 1 0 0 0 1]	[0 0 1 0 0 0 0 0 0]	[1 1 0 1 1 0]	[1 0 0 0 0 0]	[8]	[0 0 0 0 1 0 0 1 1]	[0 0 1 1 0 0 0 0 0]	[0 1 0 1 1 0]	[0 0 0 0 0 0]	[8]
71	0.40920594334602356	4.11974573135376	2.1297554969787598	1.9582139253616333	0.01308507937937975	0.01869148388504982	False	[0 0 0 0 1 0 0 1 1]	[0 0 1 1 0 0 0 0 0]	[0 1 0 1 1 0]	[0 0 0 0 0 0]	[8]	[0 0 0 0 1 0 0 1 0]	[0 0 1 0 0 0 0 0 0]	[1 1 0 1 1 0]	[1 0 0 0 0 0]	[8]
71	0.4881493151187897	4.130590438842773	2.1365163326263428	1.9594142436981201	0.017370134592056274	0.017289405688643456	False	[0 0 0 0 1 0 0 1 0]	[0 0 1 0 0 0 0 0 0]	[1 1 0 1 1 0]	[1 0 0 0 0 0]	[8]	[0 0 0 0 1 0 0 0 0]	[0 0 1 1 0 0 0 0 0]	[0 1 0 1 1 0]	[0 0 0 0 0 0]	[8]
71	0.421638160943985	4.126615047454834	2.1353907585144043	1.9527409076690674	0.02002582512795925	0.018457502126693726	False	[0 0 0 0 1 0 0 0 0]	[0 0 1 1 0 0 0 0 0]	[0 1 0 1 1 0]	[0 0 0 0 0 0]	[8]	[0 0 0 0 1 0 0 0 1]	[0 0 1 0 0 0 0 0 0]	[1 1 0 1 1 0]	[1 0 0 0 0 0]	[8]
71	0.49724024534225464	4.1327385902404785	2.1353018283843994	1.965651512145996	0.01644781045615673	0.015337271615862846	False	[0 0 0 0 1 0 0 0 1]	[0 0 1 0 0 0 0 0 0]	[1 1 0 1 1 0]	[1 0 0 0 0 0]	[8]	[0 0 0 0 1 0 0 0 0]	[0 0 1 1 0 0 0 0 0]	[0 1 0 1 1 0]	[0 0 0 0 0 0]	[8]
71	0.48193320631980896	4.123366832733154	2.1286158561706543	1.9651644229888916	0.012141065672039986	0.017444873228669167	False	[0 0 0 0 1 0 0 0 0]	[0 0 1 1 0 0 0 0 0]	[0 1 0 1 1 0]	[0 0 0 0 0 0]	[8]	[0 0 0 0 1 0 0 1 0]	[0 0 1 0 0 0 0 0 0]	[1 1 0 1 1 0]	[1 0 0 0 0 0]	[8]
71	0.5063311457633972	4.1229023933410645	2.1320137977600098	1.9633023738861084	0.014509996399283409	0.013076244853436947	False	[0 0 0 0 1 0 0 1 0]	[0 0 1 0 0 0 0 0 0]	[1 1 0 1 1 0]	[1 0 0 0 0 0]	[8]	[0 0 0 0 1 0 0 0 0]	[0 0 1 1 0 0 0 0 0]	[0 1 0 1 1 0]	[0 0 0 0 0 0]	[8]
71	0.42451295256614685	4.10476541519165	2.124114513397217	1.9501879215240479	0.012181410565972328	0.01828164793550968	False	[0 0 0 0 1 0 0 0 0]	[0 0 1 1 0 0 0 0 0]	[0 1 0 1 1 0]	[0 0 0 0 0 0]	[8]	[0 0 0 0 1 0 0 1 0]	[0 0 1 0 0 0 0 0 0]	[1 1 0 1 1 0]	[1 0 0 0 0 0]	[8]
71	0.5364786982536316	4.130770683288574	2.132493257522583	1.964604139328003	0.015911072492599487	0.017762072384357452	False	[0 0 0 0 1 0 0 1 0]	[0 0 1 0 0 0 0 0 0]	[1 1 0 1 1 0]	[1 0 0 0 0 0]	[8]	[0 0 0 0 1 0 0 1 1]	[0 0 1 1 0 0 0 0 0]	[0 1 0 1 1 0]	[0 0 0 0 0 0]	[8]
71	0.4637514054775238	4.110741138458252	2.1286141872406006	1.9497783184051514	0.014745250344276428	0.017603199928998947	False	[0 0 0 0 1 0 0 1 1]	[0 0 1 1 0 0 0 0 0]	[0 1 0 1 1 0]	[0 0 0 0 0 0]	[8]	[0 0 0 0 1 0 0 1 0]	[0 0 1 0 0 0 0 0 0]	[1 1 0 1 1 0]	[1 0 0 0 0 0]	[8]
71	0.5001150369644165	4.128209590911865	2.134038209915161	1.965229868888855	0.012046121060848236	0.01689513958990574	False	[0 0 0 0 1 0 0 1 0]	[0 0 1 0 0 0 0 0 0]	[1 1 0 1 1 0]	[1 0 0 0 0 0]	[8]	[0 0 0 0 1 0 0 1 1]	[0 0 1 1 0 0 0 0 0]	[0 1 0 1 1 0]	[0 0 0 0 0 0]	[8]
71	0.39436542987823486	4.113870620727539	2.127953052520752	1.9527466297149658	0.013431880623102188	0.01973845437169075	False	[0 0 0 0 1 0 0 1 1]	[0 0 1 1 0 0 0 0 0]	[0 1 0 1 1 0]	[0 0 0 0 0 0]	[8]	[0 0 0 0 1 0 0 0 1]	[0 0 1 0 0 0 0 0 0]	[1 1 0 1 1 0]	[1 0 0 0 0 0]	[8]
72	0.43072906136512756	5.6857590675354	2.0928797721862793	2.083066940307617	0.4104422628879547	1.099370002746582	False	[1 0 1 0 1 0 0 0 0]	[0 1 1 1 0 0 0 0 0]	[1 0 1 0 0 1]	[0 0 0 0 0 1]	[2]	[1 0 0 0 1 0 0 0 0]	[0 1 1 0 0 0 0 0 0]	[1 0 1 1 0 1]	[0 0 0 0 0 0]	[8]
72	0.3896724581718445	4.169258117675781	2.1590051651000977	1.9597810506820679	0.034007493406534195	0.016464080661535263	False	[1 0 0 0 1 0 0 0 0]	[0 1 1 0 0 0 0 0 0]	[1 0 1 1 0 1]	[0 0 0 0 0 0]	[8]	[1 0 0 1 1 0 0 0 0]	[0 1 1 0 1 0 0 0 0]	[0 0 1 1 0 1]	[1 0 0 0 0 0]	[8]
72	0.5092059373855591	3.879005193710327	2.087181806564331	1.7262046337127686	0.0498780757188797	0.015740517526865005	False	[1 0 0 1 1 0 0 0 0]	[0 1 1 0 1 0 0 0 0]	[0 0 1 1 0 1]	[1 0 0 0 0 0]	[8]	[1 0 0 1 0 0 0 0 0]	[0 1 1 0 0 0 0 0 0]	[1 0 1 1 0 1]	[0 0 0 0 0 0]	[8]
72	0.13764923810958862	4.161130905151367	2.1590452194213867	1.9632236957550049	0.020587049424648285	0.018275251612067223	False	[1 0 0 1 0 0 0 0 0]	[0 1 1 0 0 0 0 0 0]	[1 0 1 1 0 1]	[0 0 0 0 0 0]	[8]	[1 0 0 0 0 0 0 0 0]	[0 1 1 0 1 0 0 0 0]	[0 0 1 1 0 1]	[1 0 0 0 0 0]	[8]
72	0.4426947832107544	3.855233669281006	2.090005874633789	1.7086460590362549	0.03994066268205643	0.01664123870432377	False	[1 0 0 0 0 0 0 0 0]	[0 1 1 0 1 0 0 0 0]	[0 0 1 1 0 1]	[1 0 0 0 0 0]	[8]	[1 0 0 0 1 0 0 0 0]	[0 1 1 0 0 0 0 0 0]	[1 0 1 1 0 1]	[0 0 0 0 0 0]	[8]
72	0.35225221514701843	4.17774772644043	2.155365467071533	1.9773985147476196	0.027016691863536835	0.017966989427804947	False	[1 0 0 0 1 0 0 0 0]	[0 1 1 0 0 0 0 0 0]	[1 0 1 1 0 1]	[0 0 0 0 0 0]	[8]	[1 0 0 1 1 0 0 0 0]	[0 1 1 0 1 0 0 0 0]	[0 0 1 1 0 1]	[1 0 0 0 0 0]	[8]
72	0.4728423058986664	3.8744585514068604	2.0914971828460693	1.7358568906784058	0.0303404089063406	0.016764072701334953	False	[1 0 0 1 1 0 0 0 0]	[0 1 1 0 1 0 0 0 0]	[0 0 1 1 0 1]	[1 0 0 0 0 0]	[8]	[1 0 0 1 0 0 0 0 0]	[0 1 1 0 0 0 0 0 0]	[1 0 1 1 0 1]	[0 0 0 0 0 0]	[8]
72	0.11127409338951111	4.172708988189697	2.1558618545532227	1.9602077007293701	0.04102231562137604	0.015617016702890396	False	[1 0 0 1 0 0 0 0 0]	[0 1 1 0 0 0 0 0 0]	[1 0 1 1 0 1]	[0 0 0 0 0 0]	[8]	[1 0 0 0 0 0 0 0 0]	[0 1 1 0 1 0 0 0 0]	[0 0 1 1 0 1]	[1 0 0 0 0 0]	[8]
72	0.4704340100288391	3.8699443340301514	2.0799968242645264	1.7212401628494263	0.05398938059806824	0.014717914164066315	False	[1 0 0 0 0 0 0 0 0]	[0 1 1 0 1 0 0 0 0]	[0 0 1 1 0 1]	[1 0 0 0 0 0]	[8]	[1 0 0 0 1 0 0 0 0]	[0 1 1 0 0 0 0 0 0]	[1 0 1 1 0 1]	[0 0 0 0 0 0]	[8]
72	0.35180962085723877	4.175110816955566	2.151083469390869	1.957716703414917	0.048164404928684235	0.018146466463804245	False	[1 0 0 0 1 0 0 0 0]	[0 1 1 0 0 0 0 0 0]	[1 0 1 1 0 1]	[0 0 0 0 0 0]	[8]	[1 0 0 1 1 0 0 0 0]	[0 1 1 0 1 0 0 0 0]	[0 0 1 1 0 1]	[1 0 0 0 0 0]	[8]
72	0.4728423058986664	3.874501943588257	2.0795493125915527	1.7401976585388184	0.0396638885140419	0.015091197565197945	False	[1 0 0 1 1 0 0 0 0]	[0 1 1 0 1 0 0 0 0]	[0 0 1 1 0 1]	[1 0 0 0 0 0]	[8]	[1 0 0 1 0 0 0 0 0]	[0 1 1 0 0 0 0 0 0]	[1 0 1 1 0 1]	[0 0 0 0 0 0]	[8]
72	0.07970401644706726	4.177414894104004	2.1527130603790283	1.9740879535675049	0.03536280244588852	0.01525095198303461	False	[1 0 0 1 0 0 0 0 0]	[0 1 1 0 0 0 0 0 0]	[1 0 1 1 0 1]	[0 0 0 0 0 0]	[8]	[1 0 0 0 0 0 0 0 0]	[0 1 1 0 1 0 0 0 0]	[0 0 1 1 0 1]	[1 0 0 0 0 0]	[8]
72	0.4872402250766754	3.859497547149658	2.0821774005889893	1.7182360887527466	0.043190259486436844	0.01589364930987358	False	[1 0 0 0 0 0 0 0 0]	[0 1 1 0 1 0 0 0 0]	[0 0 1 1 0 1]	[1 0 0 0 0 0]	[8]	[1 0 0 0 1 0 0 0 0]	[0 1 1 0 0 0 0 0 0]	[1 0 1 1 0 1]	[0 0 0 0 0 0]	[8]
72	0.32163816690444946	4.181216239929199	2.1589086055755615	1.9687100648880005	0.03805609047412872	0.015541505999863148	False	[1 0 0 0 1 0 0 0 0]	[0 1 1 0 0 0 0 0 0]	[1 0 1 1 0 1]	[0 0 0 0 0 0]	[8]	[1 0 0 1 1 0 0 0 0]	[0 1 1 0 1 0 0 0 0]	[0 0 1 1 0 1]	[1 0 0 0 0 0]	[8]
72	0.5273877382278442	3.8898849487304688	2.0750393867492676	1.7542610168457031	0.04446370527148247	0.016120951622724533	False	[1 0 0 1 1 0 0 0 0]	[0 1 1 0 1 0 0 0 0]	[0 0 1 1 0 1]	[1 0 0 0 0 0]	[8]	[1 0 0 1 0 0 0 0 0]	[0 1 1 0 0 0 0 0 0]	[1 0 1 1 0 1]	[0 0 0 0 0 0]	[8]
72	0.0908372700214386	4.15634822845459	2.156397581100464	1.9522628784179688	0.03134873881936073	0.016338905319571495	False	[1 0 0 1 0 0 0 0 0]	[0 1 1 0 0 0 0 0 0]	[1 0 1 1 0 1]	[0 0 0 0 0 0]	[8]	[1 0 0 0 0 0 0 0 0]	[0 1 1 0 1 0 0 0 0]	[0 0 1 1 0 1]	[1 0 0 0 0 0]	[8]
72	0.4426947832107544	3.872694730758667	2.082277536392212	1.7183655500411987	0.06030114367604256	0.011750716716051102	False	[1 0 0 0 0 0 0 0 0]	[0 1 1 0 1 0 0 0 0]	[0 0 1 1 0 1]	[1 0 0 0 0 0]	[8]	[1 0 0 0 1 0 0 0 0]	[0 1 1 0 0 0 0 0 0]	[1 0 1 1 0 1]	[0 0 0 0 0 0]	[8]
72	0.3493773937225342	4.169444561004639	2.158149480819702	1.9630608558654785	0.034162625670433044	0.01407202985137701	False	[1 0 0 0 1 0 0 0 0]	[0 1 1 0 0 0 0 0 0]	[1 0 1 1 0 1]	[0 0 0 0 0 0]	[8]	[1 0 0 1 1 0 0 0 0]	[0 1 1 0 1 0 0 0 0]	[0 0 1 1 0 1]	[1 0 0 0 0 0]	[8]
72	0.5517857074737549	3.871582269668579	2.079381227493286	1.7348902225494385	0.04163771867752075	0.015673115849494934	False	[1 0 0 1 1 0 0 0 0]	[0 1 1 0 1 0 0 0 0]	[0 0 1 1 0 1]	[1 0 0 0 0 0]	[8]	[1 0 0 1 0 0 0 0 0]	[0 1 1 0 0 0 0 0 0]	[1 0 1 1 0 1]	[0 0 0 0 0 0]	[8]
72	0.09462115913629532	4.1801371574401855	2.1589713096618652	1.967989206314087	0.03531486168503761	0.017861533910036087	False	[1 0 0 1 0 0 0 0 0]	[0 1 1 0 0 0 0 0 0]	[1 0 1 1 0 1]	[0 0 0 0 0 0]	[8]	[1 0 0 0 0 0 0 0 0]	[0 1 1 0 1 0 0 0 0]	[0 0 1 1 0 1]	[1 0 0 0 0 0]	[8]
72	0.44556957483291626	3.862178325653076	2.08207368850708	1.7054377794265747	0.057485200464725494	0.0171818807721138	False	[1 0 0 0 0 0 0 0 0]	[0 1 1 0 1 0 0 0 0]	[0 0 1 1 0 1]	[1 0 0 0 0 0]	[8]	[1 0 0 0 1 0 0 0 0]	[0 1 1 0 0 0 0 0 0]	[1 0 1 1 0 1]	[0 0 0 0 0 0]	[8]
72	0.3039228618144989	4.166321277618408	2.1573092937469482	1.958390474319458	0.03549324721097946	0.015128025785088539	False	[1 0 0 0 1 0 0 0 0]	[0 1 1 0 0 0 0 0 0]	[1 0 1 1 0 1]	[0 0 0 0 0 0]	[8]	[1 0 0 1 1 0 0 0 0]	[0 1 1 0 1 0 0 0 0]	[0 0 1 1 0 1]	[1 0 0 0 0 0]	[8]
72	0.4852745234966278	3.8738694190979004	2.0798404216766357	1.7153956890106201	0.06582020223140717	0.012813126668334007	False	[1 0 0 1 1 0 0 0 0]	[0 1 1 0 1 0 0 0 0]	[0 0 1 1 0 1]	[1 0 0 0 0 0]	[8]	[1 0 0 1 0 0 0 0 0]	[0 1 1 0 0 0 0 0 0]	[1 0 1 1 0 1]	[0 0 0 0 0 0]	[8]
72	0.08734843134880066	4.176571846008301	2.1584420204162598	1.9809346199035645	0.01848982274532318	0.018705235794186592	False	[1 0 0 1 0 0 0 0 0]	[0 1 1 0 0 0 0 0 0]	[1 0 1 1 0 1]	[0 0 0 0 0 0]	[8]	[1 0 0 0 0 0 0 0 0]	[0 1 1 0 1 0 0 0 0]	[0 0 1 1 0 1]	[1 0 0 0 0 0]	[8]
72	0.4364786744117737	3.896430492401123	2.0673606395721436	1.7086589336395264	0.10690835863351822	0.013502483256161213	False	[1 0 0 0 0 0 0 0 0]	[0 1 1 0 1 0 0 0 0]	[0 0 1 1 0 1]	[1 0 0 0 0 0]	[8]	[1 0 0 0 1 0 0 0 0]	[0 1 1 0 0 0 0 0 0]	[1 0 1 1 0 1]	[0 0 0 0 0 0]	[8]
72	0.3704340159893036	4.184866905212402	2.1573903560638428	1.9732136726379395	0.0383322536945343	0.01593080908060074	False	[1 0 0 0 1 0 0 0 0]	[0 1 1 0 0 0 0 0 0]	[1 0 1 1 0 1]	[0 0 0 0 0 0]	[8]	[1 0 0 1 1 0 0 0 0]	[0 1 1 0 1 0 0 0 0]	[0 0 1 1 0 1]	[1 0 0 0 0 0]	[8]
72	0.5001150369644165	3.8746423721313477	2.0788917541503906	1.727664589881897	0.05447110906243324	0.013615073636174202	False	[1 0 0 1 1 0 0 0 0]	[0 1 1 0 1 0 0 0 0]	[0 0 1 1 0 1]	[1 0 0 0 0 0]	[8]	[1 0 0 1 0 0 0 0 0]	[0 1 1 0 0 0 0 0 0]	[1 0 1 1 0 1]	[0 0 0 0 0 0]	[8]
72	0.10615004599094391	4.168083190917969	2.1578071117401123	1.9593592882156372	0.03379133343696594	0.01712515763938427	False	[1 0 0 1 0 0 0 0 0]	[0 1 1 0 0 0 0 0 0]	[1 0 1 1 0 1]	[0 0 0 0 0 0]	[8]	[1 0 0 0 0 0 0 0 0]	[0 1 1 0 1 0 0 0 0]	[0 0 1 1 0 1]	[1 0 0 0 0 0]	[8]
72	0.5182968378067017	3.881333589553833	2.084477663040161	1.737943410873413	0.044018879532814026	0.01489352248609066	False	[1 0 0 0 0 0 0 0 0]	[0 1 1 0 1 0 0 0 0]	[0 0 1 1 0 1]	[1 0 0 0 0 0]	[8]	[1 0 0 0 1 0 0 0 0]	[0 1 1 0 0 0 0 0 0]	[1 0 1 1 0 1]	[0 0 0 0 0 0]	[8]
72	0.30104807019233704	4.172005653381348	2.168330669403076	1.9566679000854492	0.02958940714597702	0.01741792820394039	False	[1 0 0 0 1 0 0 0 0]	[0 1 1 0 0 0 0 0 0]	[1 0 1 1 0 1]	[0 0 0 0 0 0]	[8]	[1 0 0 1 1 0 0 0 0]	[0 1 1 0 1 0 0 0 0]	[0 0 1 1 0 1]	[1 0 0 0 0 0]	[8]
73	-1.0	5.4689459800720215	1.682637333869934	2.1117935180664062	0.9182533621788025	0.7562620043754578	False	[0 0 0 0 0 0 0 0 0]	[0 1 0 0 1 0 0 0 0]	[0 0 0 0 0 0]	[1 0 0 0 0 0]	[0]	[0 0 0 0 0 0 0 0 0]	[0 1 0 0 1 0 0 0 1]	[0 1 0 0 0 0]	[0 0 0 0 0 0]	[0]
73	-0.25	5.6480841636657715	1.7529103755950928	2.193666696548462	0.7872624397277832	0.9142445921897888	False	[0 0 0 0 0 0 0 0 0]	[0 1 0 0 1 0 0 0 1]	[0 1 0 0 0 0]	[0 0 0 0 0 0]	[0]	[0 0 0 0 0 0 0 0 0]	[1 1 0 0 1 0 0 0 1]	[0 1 0 0 1 0]	[0 0 0 0 0 0]	[6]
73	0.4637514054775238	4.269328594207764	2.0601468086242676	1.9174168109893799	0.16457252204418182	0.12719272077083588	False	[0 0 0 0 0 0 0 0 0]	[1 1 0 0 1 0 0 0 1]	[0 1 0 0 1 0]	[0 0 0 0 0 0]	[6]	[0 0 0 0 0 1 0 0 0]	[1 1 0 0 0 0 0 0 1]	[0 1 0 1 1 0]	[1 0 0 0 0 0]	[8]
73	0.10929019749164581	4.247774124145508	2.1219077110290527	2.0267832279205322	0.07236996293067932	0.02671271562576294	False	[0 0 0 0 0 1 0 0 0]	[1 1 0 0 0 0 0 0 1]	[0 1 0 1 1 0]	[1 0 0 0 0 0]	[8]	[0 0 0 0 0 0 0 0 0]	[1 1 0 0 1 0 0 0 1]	[1 1 0 1 1 0]	[0 0 0 0 0 0]	[8]
73	0.4790584146976471	4.225700855255127	2.111833333969116	2.0388543605804443	0.04762932285666466	0.027384016662836075	False	[0 0 0 0 0 0 0 0 0]	[1 1 0 0 1 0 0 0 1]	[1 1 0 1 1 0]	[0 0 0 0 0 0]	[8]	[0 0 0 0 0 1 0 0 0]	[1 1 0 0 0 0 0 0 1]	[0 1 0 1 1 0]	[1 0 0 0 0 0]	[8]
73	0.08753140270709991	4.225452423095703	2.125288248062134	2.0298004150390625	0.04110666364431381	0.029257509857416153	False	[0 0 0 0 0 1 0 0 0]	[1 1 0 0 0 0 0 0 1]	[0 1 0 1 1 0]	[1 0 0 0 0 0]	[8]	[0 0 0 0 0 0 0 0 0]	[1 1 0 0 1 0 0 0 1]	[1 1 0 1 1 0]	[0 0 0 0 0 0]	[8]
73	0.5034563541412354	4.236069202423096	2.113748073577881	2.0259885787963867	0.06205102428793907	0.034281644970178604	False	[0 0 0 0 0 0 0 0 0]	[1 1 0 0 1 0 0 0 1]	[1 1 0 1 1 0]	[0 0 0 0 0 0]	[8]	[0 0 0 0 0 1 0 0 0]	[1 1 0 0 0 0 0 0 1]	[0 1 0 1 1 0]	[1 0 0 0 0 0]	[8]
73	0.07763773202896118	4.231909275054932	2.122638463973999	2.034026622772217	0.04077755659818649	0.0344669334590435	False	[0 0 0 0 0 1 0 0 0]	[1 1 0 0 0 0 0 0 1]	[0 1 0 1 1 0]	[1 0 0 0 0 0]	[8]	[0 0 0 0 0 0 0 0 0]	[1 1 0 0 1 0 0 0 1]	[1 1 0 1 1 0]	[0 0 0 0 0 0]	[8]
73	0.4728423058986664	4.235107421875	2.1127781867980957	2.0251386165618896	0.06334788352251053	0.03384292125701904	False	[0 0 0 0 0 0 0 0 0]	[1 1 0 0 1 0 0 0 1]	[1 1 0 1 1 0]	[0 0 0 0 0 0]	[8]	[0 0 0 0 0 1 0 0 0]	[1 1 0 0 0 0 0 0 1]	[0 1 0 1 1 0]	[1 0 0 0 0 0]	[8]
73	0.08283267170190811	4.2714056968688965	2.117936134338379	2.021498441696167	0.09549763798713684	0.036473214626312256	False	[0 0 0 0 0 1 0 0 0]	[1 1 0 0 0 0 0 0 1]	[0 1 0 1 1 0]	[1 0 0 0 0 0]	[8]	[0 0 0 0 0 0 0 0 0]	[1 1 0 0 1 0 0 0 1]	[1 1 0 1 1 0]	[0 0 0 0 0 0]	[8]
73	0.5092059373855591	4.252415657043457	2.1098992824554443	2.0301053524017334	0.07970698922872543	0.03270379453897476	False	[0 0 0 0 0 0 0 0 0]	[1 1 0 0 1 0 0 0 1]	[1 1 0 1 1 0]	[0 0 0 0 0 0]	[8]	[0 0 0 0 0 1 0 0 0]	[1 1 0 0 0 0 0 0 1]	[0 1 0 1 1 0]	[1 0 0 0 0 0]	[8]
73	0.11194083094596863	4.271754264831543	2.119382858276367	2.0252432823181152	0.09591938555240631	0.03120865672826767	False	[0 0 0 0 0 1 0 0 0]	[1 1 0 0 0 0 0 0 1]	[0 1 0 1 1 0]	[1 0 0 0 0 0]	[8]	[0 0 0 0 0 0 0 0 0]	[1 1 0 0 1 0 0 0 1]	[1 1 0 1 1 0]	[0 0 0 0 0 0]	[8]
73	0.5273877382278442	4.246938228607178	2.11171293258667	2.032534599304199	0.07203884422779083	0.030651981011033058	False	[0 0 0 0 0 0 0 0 0]	[1 1 0 0 1 0 0 0 1]	[1 1 0 1 1 0]	[0 0 0 0 0 0]	[8]	[0 0 0 0 0 1 0 0 0]	[1 1 0 0 0 0 0 0 1]	[0 1 0 1 1 0]	[1 0 0 0 0 0]	[8]
73	0.10292655974626541	4.228750228881836	2.1255011558532715	2.028770685195923	0.04949883744120598	0.024979200214147568	False	[0 0 0 0 0 1 0 0 0]	[1 1 0 0 0 0 0 0 1]	[0 1 0 1 1 0]	[1 0 0 0 0 0]	[8]	[0 0 0 0 0 0 0 0 0]	[1 1 0 0 1 0 0 0 1]	[1 1 0 1 1 0]	[0 0 0 0 0 0]	[8]
73	0.48193320631980896	4.240015029907227	2.1106700897216797	2.024075746536255	0.0777553915977478	0.02751416526734829	False	[0 0 0 0 0 0 0 0 0]	[1 1 0 0 1 0 0 0 1]	[1 1 0 1 1 0]	[0 0 0 0 0 0]	[8]	[0 0 0 0 0 1 0 0 0]	[1 1 0 0 0 0 0 0 1]	[0 1 0 1 1 0]	[1 0 0 0 0 0]	[8]
73	0.10280872881412506	4.238887786865234	2.1204614639282227	2.0199921131134033	0.07178489118814468	0.026649320498108864	False	[0 0 0 0 0 1 0 0 0]	[1 1 0 0 0 0 0 0 1]	[0 1 0 1 1 0]	[1 0 0 0 0 0]	[8]	[0 0 0 0 0 0 0 0 0]	[1 1 0 0 1 0 0 0 1]	[1 1 0 1 1 0]	[0 0 0 0 0 0]	[8]
73	0.49724024534225464	4.252686023712158	2.1086487770080566	2.028162956237793	0.08111928403377533	0.03475542366504669	False	[0 0 0 0 0 0 0 0 0]	[1 1 0 0 1 0 0 0 1]	[1 1 0 1 1 0]	[0 0 0 0 0 0]	[8]	[0 0 0 0 0 1 0 0 0]	[1 1 0 0 0 0 0 0 1]	[0 1 0 1 1 0]	[1 0 0 0 0 0]	[8]
73	0.09581954777240753	4.263420104980469	2.120386838912964	2.0224902629852295	0.09244261682033539	0.028100691735744476	False	[0 0 0 0 0 1 0 0 0]	[1 1 0 0 0 0 0 0 1]	[0 1 0 1 1 0]	[1 0 0 0 0 0]	[8]	[0 0 0 0 0 0 0 0 0]	[1 1 0 0 1 0 0 0 1]	[1 1 0 1 1 0]	[0 0 0 0 0 0]	[8]
73	0.48193320631980896	4.229416847229004	2.11273193359375	2.0364699363708496	0.053830791264772415	0.026384569704532623	False	[0 0 0 0 0 0 0 0 0]	[1 1 0 0 1 0 0 0 1]	[1 1 0 1 1 0]	[0 0 0 0 0 0]	[8]	[0 0 0 0 0 1 0 0 0]	[1 1 0 0 0 0 0 0 1]	[0 1 0 1 1 0]	[1 0 0 0 0 0]	[8]
73	0.10255487263202667	4.230207443237305	2.122037887573242	2.0303759574890137	0.04608827456831932	0.0317053347826004	False	[0 0 0 0 0 1 0 0 0]	[1 1 0 0 0 0 0 0 1]	[0 1 0 1 1 0]	[1 0 0 0 0 0]	[8]	[0 0 0 0 0 0 0 0 0]	[1 1 0 0 1 0 0 0 1]	[1 1 0 1 1 0]	[0 0 0 0 0 0]	[8]
73	0.4790584146976471	4.273162841796875	2.1071619987487793	2.024235248565674	0.11033011227846146	0.03143565356731415	False	[0 0 0 0 0 0 0 0 0]	[1 1 0 0 1 0 0 0 1]	[1 1 0 1 1 0]	[0 0 0 0 0 0]	[8]	[0 0 0 0 0 1 0 0 0]	[1 1 0 0 0 0 0 0 1]	[0 1 0 1 1 0]	[1 0 0 0 0 0]	[8]
73	0.07771436870098114	4.236896991729736	2.119964122772217	2.0283970832824707	0.053822316229343414	0.0347132682800293	False	[0 0 0 0 0 1 0 0 0]	[1 1 0 0 0 0 0 0 1]	[0 1 0 1 1 0]	[1 0 0 0 0 0]	[8]	[0 0 0 0 0 0 0 0 0]	[1 1 0 0 1 0 0 0 1]	[1 1 0 1 1 0]	[0 0 0 0 0 0]	[8]
73	0.4154220521450043	4.240776062011719	2.114732265472412	2.0285139083862305	0.06814578920602798	0.02938421070575714	False	[0 0 0 0 0 0 0 0 0]	[1 1 0 0 1 0 0 0 1]	[1 1 0 1 1 0]	[0 0 0 0 0 0]	[8]	[0 0 0 0 0 1 0 0 0]	[1 1 0 0 0 0 0 0 1]	[0 1 0 1 1 0]	[1 0 0 0 0 0]	[8]
73	0.13024048507213593	4.231301784515381	2.1210343837738037	2.03273344039917	0.05026443302631378	0.027269713580608368	False	[0 0 0 0 0 1 0 0 0]	[1 1 0 0 0 0 0 0 1]	[0 1 0 1 1 0]	[1 0 0 0 0 0]	[8]	[0 0 0 0 0 0 0 0 0]	[1 1 0 0 1 0 0 0 1]	[1 1 0 1 1 0]	[0 0 0 0 0 0]	[8]
73	0.5182968378067017	4.270746231079102	2.106597661972046	2.0365538597106934	0.09195275604724884	0.03564228117465973	False	[0 0 0 0 0 0 0 0 0]	[1 1 0 0 1 0 0 0 1]	[1 1 0 1 1 0]	[0 0 0 0 0 0]	[8]	[0 0 0 0 0 1 0 0 0]	[1 1 0 0 0 0 0 0 1]	[0 1 0 1 1 0]	[1 0 0 0 0 0]	[8]
73	0.08418433368206024	4.2278056144714355	2.1234943866729736	2.0283637046813965	0.0440668910741806	0.031880445778369904	False	[0 0 0 0 0 1 0 0 0]	[1 1 0 0 0 0 0 0 1]	[0 1 0 1 1 0]	[1 0 0 0 0 0]	[8]	[0 0 0 0 0 0 0 0 0]	[1 1 0 0 1 0 0 0 1]	[1 1 0 1 1 0]	[0 0 0 0 0 0]	[8]
73	0.4881493151187897	4.241708278656006	2.115309476852417	2.0341908931732178	0.05828569084405899	0.03392235189676285	False	[0 0 0 0 0 0 0 0 0]	[1 1 0 0 1 0 0 0 1]	[1 1 0 1 1 0]	[0 0 0 0 0 0]	[8]	[0 0 0 0 0 1 0 0 0]	[1 1 0 0 0 0 0 0 1]	[0 1 0 1 1 0]	[1 0 0 0 0 0]	[8]
73	0.0948098823428154	4.234531402587891	2.123443841934204	2.0286970138549805	0.05325694382190704	0.029133740812540054	False	[0 0 0 0 0 1 0 0 0]	[1 1 0 0 0 0 0 0 1]	[0 1 0 1 1 0]	[1 0 0 0 0 0]	[8]	[0 0 0 0 0 0 0 0 0]	[1 1 0 0 1 0 0 0 1]	[1 1 0 1 1 0]	[0 0 0 0 0 0]	[8]
73	0.4728423058986664	4.245486259460449	2.1086928844451904	2.0318336486816406	0.07536856085062027	0.029590962454676628	False	[0 0 0 0 0 0 0 0 0]	[1 1 0 0 1 0 0 0 1]	[1 1 0 1 1 0]	[0 0 0 0 0 0]	[8]	[0 0 0 0 0 1 0 0 0]	[1 1 0 0 0 0 0 0 1]	[0 1 0 1 1 0]	[1 0 0 0 0 0]	[8]
73	0.11859951913356781	4.2534098625183105	2.123084306716919	2.0359373092651367	0.06317100673913956	0.031217534095048904	False	[0 0 0 0 0 1 0 0 0]	[1 1 0 0 0 0 0 0 1]	[0 1 0 1 1 0]	[1 0 0 0 0 0]	[8]	[0 0 0 0 0 0 0 0 0]	[1 1 0 0 1 0 0 0 1]	[1 1 0 1 1 0]	[0 0 0 0 0 0]	[8]
74	-1.0	5.682351112365723	1.803444266319275	1.6804523468017578	1.3464150428771973	0.8520393967628479	False	[0 0 0 0 0 0 0 0 0]	[0 0 0 0 0 0 1 0 0]	[1 0 0 0 0 0]	[0 0 0 0 1 0]	[0]	[0 0 0 0 0 0 0 0 0]	[0 0 0 0 0 0 1 0 0]	[1 1 0 0 0 0]	[0 0 1 0 1 0]	[0]
74	-1.0	5.51339054107666	1.7037289142608643	2.0244152545928955	1.1168357133865356	0.6684105396270752	False	[0 0 0 0 0 0 0 0 0]	[0 0 0 0 0 0 1 0 0]	[1 1 0 0 0 0]	[0 0 1 0 1 0]	[0]	[0 0 0 0 0 0 0 0 0]	[0 0 0 0 0 0 1 0 0]	[1 1 0 0 1 0]	[0 0 0 0 1 0]	[0]
74	-0.5	5.390883445739746	1.9760193824768066	1.7814854383468628	0.9772392511367798	0.656139612197876	False	[0 0 0 0 0 0 0 0 0]	[0 0 0 0 0 0 1 0 0]	[1 1 0 0 1 0]	[0 0 0 0 1 0]	[0]	[0 1 0 0 0 0 0 0 0]	[0 0 0 0 0 0 1 0 0]	[1 1 0 0 1 0]	[0 0 1 0 1 0]	[4]
74	-1.0	4.649012565612793	1.853540301322937	1.8514275550842285	0.5710251927375793	0.37301915884017944	False	[0 1 0 0 0 0 0 0 0]	[0 0 0 0 0 0 1 0 0]	[1 1 0 0 1 0]	[0 0 1 0 1 0]	[4]	[0 0 0 0 0 0 0 0 0]	[0 0 0 0 0 0 0 0 0]	[1 1 0 1 1 0]	[0 0 0 0 1 0]	[0]
74	-1.0	5.4605631828308105	1.9915282726287842	1.8726439476013184	0.9276940822601318	0.6686968803405762	False	[0 0 0 0 0 0 0 0 0]	[0 0 0 0 0 0 0 0 0]	[1 1 0 1 1 0]	[0 0 0 0 1 0]	[0]	[0 1 0 0 0 0 0 0 0]	[0 0 0 0 0 0 0 0 0]	[1 1 0 1 1 0]	[0 0 1 0 1 0]	[0]
74	-1.0	5.78177547454834	1.9244478940963745	1.7623690366744995	1.5424453020095825	0.5525131821632385	False	[0 1 0 0 0 0 0 0 0]	[0 0 0 0 0 0 0 0 0]	[1 1 0 1 1 0]	[0 0 1 0 1 0]	[0]	[0 0 0 0 0 0 0 0 0]	[0 0 0 0 0 0 0 0 0]	[1 1 0 1 1 0]	[0 0 0 0 1 0]	[0]
74	-1.0	5.424500465393066	2.0051465034484863	1.8786653280258179	0.8845471739768982	0.6561412811279297	False	[0 0 0 0 0 0 0 0 0]	[0 0 0 0 0 0 0 0 0]	[1 1 0 1 1 0]	[0 0 0 0 1 0]	[0]	[0 1 0 0 0 0 0 0 0]	[0 0 0 0 0 0 0 0 0]	[1 1 0 1 1 0]	[0 0 1 0 1 0]	[0]
74	-1.0	5.487118721008301	2.0151407718658447	1.940441370010376	0.9692261815071106	0.5623102784156799	False	[0 1 0 0 0 0 0 0 0]	[0 0 0 0 0 0 0 0 0]	[1 1 0 1 1 0]	[0 0 1 0 1 0]	[0]	[0 0 0 0 0 0 0 0 0]	[0 0 0 0 0 0 0 0 0]	[1 1 0 1 1 0]	[0 0 0 0 1 0]	[0]
74	-1.0	5.342681884765625	1.9830472469329834	1.8112627267837524	0.8277768492698669	0.7205948233604431	False	[0 0 0 0 0 0 0 0 0]	[0 0 0 0 0 0 0 0 0]	[1 1 0 1 1 0]	[0 0 0 0 1 0]	[0]	[0 1 0 0 0 0 0 0 0]	[0 0 0 0 0 0 0 0 0]	[1 1 0 1 1 0]	[0 0 1 0 1 0]	[0]
74	-1.0	5.540173530578613	2.0163016319274902	1.9419423341751099	0.9841647744178772	0.5977648496627808	False	[0 1 0 0 0 0 0 0 0]	[0 0 0 0 0 0 0 0 0]	[1 1 0 1 1 0]	[0 0 1 0 1 0]	[0]	[0 0 0 0 0 0 0 0 0]	[0 0 0 0 0 0 0 0 0]	[1 1 0 1 1 0]	[0 0 0 0 1 0]	[0]
74	-1.0	5.4155378341674805	1.943018913269043	1.7765088081359863	0.9184436798095703	0.7775661945343018	False	[0 0 0 0 0 0 0 0 0]	[0 0 0 0 0 0 0 0 0]	[1 1 0 1 1 0]	[0 0 0 0 1 0]	[0]	[0 1 0 0 0 0 0 0 0]	[0 0 0 0 0 0 0 0 0]	[1 1 0 1 1 0]	[0 0 1 0 1 0]	[0]
74	-1.0	5.555559158325195	1.994307518005371	1.9455983638763428	1.0638104677200317	0.5518425107002258	False	[0 1 0 0 0 0 0 0 0]	[0 0 0 0 0 0 0 0 0]	[1 1 0 1 1 0]	[0 0 1 0 1 0]	[0]	[0 0 0 0 0 0 0 0 0]	[0 0 0 0 0 0 0 0 0]	[1 1 0 1 1 0]	[0 0 0 0 1 0]	[0]
74	-1.0	5.340933799743652	2.015331506729126	1.8494465351104736	0.7535071969032288	0.7226487398147583	False	[0 0 0 0 0 0 0 0 0]	[0 0 0 0 0 0 0 0 0]	[1 1 0 1 1 0]	[0 0 0 0 1 0]	[0]	[0 1 0 0 0 0 0 0 0]	[0 0 0 0 0 0 0 0 0]	[1 1 0 1 1 0]	[0 0 1 0 1 0]	[0]
74	-1.0	5.547055721282959	1.990710973739624	1.8844975233078003	1.1609666347503662	0.5108811259269714	False	[0 1 0 0 0 0 0 0 0]	[0 0 0 0 0 0 0 0 0]	[1 1 0 1 1 0]	[0 0 1 0 1 0]	[0]	[0 0 0 0 0 0 0 0 0]	[0 0 0 0 0 0 0 0 0]	[1 1 0 1 1 0]	[0 0 0 0 1 0]	[0]
74	-1.0	5.4264302253723145	2.0508079528808594	1.8899437189102173	0.6337488889694214	0.8519296646118164	False	[0 0 0 0 0 0 0 0 0]	[0 0 0 0 0 0 0 0 0]	[1 1 0 1 1 0]	[0 0 0 0 1 0]	[0]	[0 1 0 0 0 0 0 0 0]	[0 0 0 0 0 0 0 0 0]	[1 1 0 1 1 0]	[0 0 1 0 1 0]	[0]
74	-1.0	5.634653091430664	2.006208896636963	1.9364862442016602	1.106040596961975	0.5859172940254211	False	[0 1 0 0 0 0 0 0 0]	[0 0 0 0 0 0 0 0 0]	[1 1 0 1 1 0]	[0 0 1 0 1 0]	[0]	[0 0 0 0 0 0 0 0 0]	[0 0 0 0 0 0 0 0 0]	[1 1 0 1 1 0]	[0 0 0 0 1 0]	[0]
74	-1.0	5.522150993347168	2.025153636932373	1.8883217573165894	0.9175347089767456	0.6911407113075256	False	[0 0 0 0 0 0 0 0 0]	[0 0 0 0 0 0 0 0 0]	[1 1 0 1 1 0]	[0 0 0 0 1 0]	[0]	[0 1 0 0 0 0 0 0 0]	[0 0 0 0 0 0 0 0 0]	[1 1 0 1 1 0]	[0 0 1 0 1 0]	[0]
74	-1.0	5.540720462799072	2.00325345993042	1.9864959716796875	0.9381281137466431	0.6128432154655457	False	[0 1 0 0 0 0 0 0 0]	[0 0 0 0 0 0 0 0 0]	[1 1 0 1 1 0]	[0 0 1 0 1 0]	[0]	[0 0 0 0 0 0 0 0 0]	[0 0 0 0 0 0 0 0 0]	[1 1 0 1 1 0]	[0 0 0 0 1 0]	[0]
74	-1.0	5.487314701080322	2.0070555210113525	1.8881031274795532	0.6487153172492981	0.943440318107605	False	[0 0 0 0 0 0 0 0 0]	[0 0 0 0 0 0 0 0 0]	[1 1 0 1 1 0]	[0 0 0 0 1 0]	[0]	[0 1 0 0 0 0 0 0 0]	[0 0 0 0 0 0 0 0 0]	[1 1 0 1 1 0]	[0 0 1 0 1 0]	[0]
74	-1.0	5.672483444213867	2.012979030609131	1.9585978984832764	1.1748368740081787	0.5260698795318604	False	[0 1 0 0 0 0 0 0 0]	[0 0 0 0 0 0 0 0 0]	[1 1 0 1 1 0]	[0 0 1 0 1 0]	[0]	[0 0 0 0 0 0 0 0 0]	[0 0 0 0 0 0 0 0 0]	[1 1 0 1 1 0]	[0 0 0 0 1 0]	[0]
74	-1.0	5.3054070472717285	2.0275001525878906	1.8372279405593872	0.5994029641151428	0.8412761092185974	False	[0 0 0 0 0 0 0 0 0]	[0 0 0 0 0 0 0 0 0]	[1 1 0 1 1 0]	[0 0 0 0 1 0]	[0]	[0 1 0 0 0 0 0 0 0]	[0 0 0 0 0 0 0 0 0]	[1 1 0 1 1 0]	[0 0 1 0 1 0]	[0]
74	-1.0	5.620273590087891	1.9876095056533813	1.9001290798187256	1.1916195154190063	0.5409153699874878	False	[0 1 0 0 0 0 0 0 0]	[0 0 0 0 0 0 0 0 0]	[1 1 0 1 1 0]	[0 0 1 0 1 0]	[0]	[0 0 0 0 0 0 0 0 0]	[0 0 0 0 0 0 0 0 0]	[1 1 0 1 1 0]	[0 0 0 0 1 0]	[0]
74	-1.0	5.4392828941345215	2.0114846229553223	1.8920921087265015	0.7399781942367554	0.7957277297973633	False	[0 0 0 0 0 0 0 0 0]	[0 0 0 0 0 0 0 0 0]	[1 1 0 1 1 0]	[0 0 0 0 1 0]	[0]	[0 1 0 0 0 0 0 0 0]	[0 0 0 0 0 0 0 0 0]	[1 1 0 1 1 0]	[0 0 1 0 1 0]	[0]
74	-1.0	5.515261650085449	2.005897283554077	1.9045279026031494	1.0009093284606934	0.6039270758628845	False	[0 1 0 0 0 0 0 0 0]	[0 0 0 0 0 0 0 0 0]	[1 1 0 1 1 0]	[0 0 1 0 1 0]	[0]	[0 0 0 0 0 0 0 0 0]	[0 0 0 0 0 0 0 0 0]	[1 1 0 1 1 0]	[0 0 0 0 1 0]	[0]
74	-1.0	5.298291206359863	2.007239818572998	1.8369461297988892	0.6567118763923645	0.7973935604095459	False	[0 0 0 0 0 0 0 0 0]	[0 0 0 0 0 0 0 0 0]	[1 1 0 1 1 0]	[0 0 0 0 1 0]	[0]	[0 1 0 0 0 0 0 0 0]	[0 0 0 0 0 0 0 0 0]	[1 1 0 1 1 0]	[0 0 1 0 1 0]	[0]
74	-1.0	5.520861625671387	1.9979891777038574	1.9219859838485718	0.960959255695343	0.6399267315864563	False	[0 1 0 0 0 0 0 0 0]	[0 0 0 0 0 0 0 0 0]	[1 1 0 1 1 0]	[0 0 1 0 1 0]	[0]	[0 0 0 0 0 0 0 0 0]	[0 0 0 0 0 0 0 0 0]	[1 1 0 1 1 0]	[0 0 0 0 1 0]	[0]
74	-1.0	5.450868606567383	2.0307915210723877	1.9158014059066772	0.7068395018577576	0.7974362373352051	False	[0 0 0 0 0 0 0 0 0]	[0 0 0 0 0 0 0 0 0]	[1 1 0 1 1 0]	[0 0 0 0 1 0]	[0]	[0 1 0 0 0 0 0 0 0]	[0 0 0 0 0 0 0 0 0]	[1 1 0 1 1 0]	[0 0 1 0 1 0]	[0]
74	-1.0	5.4570488929748535	2.009197473526001	1.9330891370773315	0.9203245043754578	0.5944380760192871	False	[0 1 0 0 0 0 0 0 0]	[0 0 0 0 0 0 0 0 0]	[1 1 0 1 1 0]	[0 0 1 0 1 0]	[0]	[0 0 0 0 0 0 0 0 0]	[0 0 0 0 0 0 0 0 0]	[1 1 0 1 1 0]	[0 0 0 0 1 0]	[0]
74	-1.0	5.5635600090026855	1.968239426612854	1.806100845336914	1.0866619348526	0.7025579214096069	False	[0 0 0 0 0 0 0 0 0]	[0 0 0 0 0 0 0 0 0]	[1 1 0 1 1 0]	[0 0 0 0 1 0]	[0]	[0 1 0 0 0 0 0 0 0]	[0 0 0 0 0 0 0 0 0]	[1 1 0 1 1 0]	[0 0 1 0 1 0]	[0]
74	-1.0	5.463938236236572	2.007486343383789	1.9294031858444214	0.945024311542511	0.5820239782333374	False	[0 1 0 0 0 0 0 0 0]	[0 0 0 0 0 0 0 0 0]	[1 1 0 1 1 0]	[0 0 1 0 1 0]	[0]	[0 0 0 0 0 0 0 0 0]	[0 0 0 0 0 0 0 0 0]	[1 1 0 1 1 0]	[0 0 0 0 1 0]	[0]
75	0.07024717330932617	4.945793628692627	1.3627026081085205	1.8647414445877075	0.9184362888336182	0.7999127507209778	False	[0 0 0 0 0 0 0 0 0]	[0 0 0 0 0 0 0 0 1]	[0 0 0 1 0 0]	[0 0 0 0 0 0]	[0]	[0 0 0 0 0 0 0 0 0]	[0 0 0 0 0 0 0 0 0]	[0 1 0 1 0 0]	[0 0 0 0 0 0]	[36]
75	0.3823997378349304	3.982388973236084	1.9234071969985962	1.818096399307251	0.1806766390800476	0.06020867079496384	False	[0 0 0 0 0 0 0 0 0]	[0 0 0 0 0 0 0 0 0]	[0 1 0 1 0 0]	[0 0 0 0 0 0]	[36]	[0 0 0 0 0 0 0 1 0]	[0 0 1 0 0 0 0 0 0]	[0 1 0 1 1 0]	[1 0 0 0 0 0]	[8]
75	0.04652266576886177	4.188767910003662	2.1378366947174072	2.0319292545318604	0.007206597365438938	0.011795497499406338	False	[0 0 0 0 0 0 0 1 0]	[0 0 1 0 0 0 0 0 0]	[0 1 0 1 1 0]	[1 0 0 0 0 0]	[8]	[0 0 1 0 0 0 0 1 0]	[0 0 0 0 0 0 0 0 0]	[1 1 0 1 1 0]	[0 0 0 0 0 0]	[8]
75	0.4728423058986664	4.073140621185303	2.012136459350586	2.0512313842773438	0.006010991055518389	0.00376161839812994	False	[0 0 1 0 0 0 0 1 0]	[0 0 0 0 0 0 0 0 0]	[1 1 0 1 1 0]	[0 0 0 0 0 0]	[8]	[0 1 1 0 0 0 0 1 0]	[0 0 0 0 0 0 0 0 1]	[0 1 0 1 1 0]	[1 0 0 0 0 0]	[8]
75	0.06955073773860931	4.055542945861816	2.011629581451416	2.0306053161621094	0.009070400148630142	0.004237425047904253	False	[0 1 1 0 0 0 0 1 0]	[0 0 0 0 0 0 0 0 1]	[0 1 0 1 1 0]	[1 0 0 0 0 0]	[8]	[0 0 1 0 0 0 0 1 0]	[0 0 0 0 0 0 0 0 0]	[1 1 0 1 1 0]	[0 0 0 0 0 0]	[8]
75	0.4790584146976471	4.059448719024658	2.005577802658081	2.042212724685669	0.008726265281438828	0.00293206749483943	False	[0 0 1 0 0 0 0 1 0]	[0 0 0 0 0 0 0 0 0]	[1 1 0 1 1 0]	[0 0 0 0 0 0]	[8]	[0 1 1 0 0 0 0 1 0]	[0 0 0 0 0 0 0 0 1]	[0 1 0 1 1 0]	[1 0 0 0 0 0]	[8]
75	0.06224256753921509	4.054193019866943	2.0003974437713623	2.038576364517212	0.010291287675499916	0.004927932750433683	False	[0 1 1 0 0 0 0 1 0]	[0 0 0 0 0 0 0 0 1]	[0 1 0 1 1 0]	[1 0 0 0 0 0]	[8]	[0 0 1 0 0 0 0 1 0]	[0 0 0 0 0 0 0 0 0]	[1 1 0 1 1 0]	[0 0 0 0 0 0]	[8]
75	0.49724024534225464	4.070961952209473	2.019752025604248	2.039891242980957	0.007718415930867195	0.003599883057177067	False	[0 0 1 0 0 0 0 1 0]	[0 0 0 0 0 0 0 0 0]	[1 1 0 1 1 0]	[0 0 0 0 0 0]	[8]	[0 1 1 0 0 0 0 1 0]	[0 0 0 0 0 0 0 0 1]	[0 1 0 1 1 0]	[1 0 0 0 0 0]	[8]
75	0.07326949387788773	4.064527988433838	2.01257061958313	2.0379748344421387	0.010017385706305504	0.003964668605476618	False	[0 1 1 0 0 0 0 1 0]	[0 0 0 0 0 0 0 0 1]	[0 1 0 1 1 0]	[1 0 0 0 0 0]	[8]	[0 0 1 0 0 0 0 1 0]	[0 0 0 0 0 0 0 0 0]	[1 1 0 1 1 0]	[0 0 0 0 0 0]	[8]
75	0.5182968378067017	4.047923564910889	1.9997029304504395	2.035412073135376	0.008897552266716957	0.003910556435585022	False	[0 0 1 0 0 0 0 1 0]	[0 0 0 0 0 0 0 0 0]	[1 1 0 1 1 0]	[0 0 0 0 0 0]	[8]	[0 1 1 0 0 0 0 1 0]	[0 0 0 0 0 0 0 0 1]	[0 1 0 1 1 0]	[1 0 0 0 0 0]	[8]
75	0.05791552737355232	4.035808563232422	1.9823076725006104	2.03954815864563	0.009738627821207047	0.004214508458971977	False	[0 1 1 0 0 0 0 1 0]	[0 0 0 0 0 0 0 0 1]	[0 1 0 1 1 0]	[1 0 0 0 0 0]	[8]	[0 0 1 0 0 0 0 1 0]	[0 0 0 0 0 0 0 0 0]	[1 1 0 1 1 0]	[0 0 0 0 0 0]	[8]
75	0.43072906136512756	4.060215950012207	2.006082534790039	2.0460011959075928	0.004648249130696058	0.0034838549327105284	False	[0 0 1 0 0 0 0 1 0]	[0 0 0 0 0 0 0 0 0]	[1 1 0 1 1 0]	[0 0 0 0 0 0]	[8]	[0 1 1 0 0 0 0 1 0]	[0 0 0 0 0 0 0 0 1]	[0 1 0 1 1 0]	[1 0 0 0 0 0]	[8]
75	0.061191704124212265	4.076076030731201	2.015410900115967	2.046269178390503	0.00950272474437952	0.004893271252512932	False	[0 1 1 0 0 0 0 1 0]	[0 0 0 0 0 0 0 0 1]	[0 1 0 1 1 0]	[1 0 0 0 0 0]	[8]	[0 0 1 0 0 0 0 1 0]	[0 0 0 0 0 0 0 0 0]	[1 1 0 1 1 0]	[0 0 0 0 0 0]	[8]
75	0.45466047525405884	4.056692600250244	2.0138773918151855	2.032531261444092	0.006644492968916893	0.003639022121205926	False	[0 0 1 0 0 0 0 1 0]	[0 0 0 0 0 0 0 0 0]	[1 1 0 1 1 0]	[0 0 0 0 0 0]	[8]	[0 1 1 0 0 0 0 1 0]	[0 0 0 0 0 0 0 0 1]	[0 1 0 1 1 0]	[1 0 0 0 0 0]	[8]
75	0.06675258278846741	4.045387268066406	1.9995672702789307	2.0345582962036133	0.007613495457917452	0.003648205194622278	False	[0 1 1 0 0 0 0 1 0]	[0 0 0 0 0 0 0 0 1]	[0 1 0 1 1 0]	[1 0 0 0 0 0]	[8]	[0 0 1 0 0 0 0 1 0]	[0 0 0 0 0 0 0 0 0]	[1 1 0 1 1 0]	[0 0 0 0 0 0]	[8]
75	0.4910241365432739	4.087316513061523	2.035233974456787	2.040834665298462	0.007607992738485336	0.0036398698575794697	False	[0 0 1 0 0 0 0 1 0]	[0 0 0 0 0 0 0 0 0]	[1 1 0 1 1 0]	[0 0 0 0 0 0]	[8]	[0 1 1 0 0 0 0 1 0]	[0 0 0 0 0 0 0 0 1]	[0 1 0 1 1 0]	[1 0 0 0 0 0]	[8]
75	0.05187663063406944	4.067415714263916	2.0154857635498047	2.0402188301086426	0.006998365744948387	0.004712687339633703	False	[0 1 1 0 0 0 0 1 0]	[0 0 0 0 0 0 0 0 1]	[0 1 0 1 1 0]	[1 0 0 0 0 0]	[8]	[0 0 1 0 0 0 0 1 0]	[0 0 0 0 0 0 0 0 0]	[1 1 0 1 1 0]	[0 0 0 0 0 0]	[8]
75	0.5364786982536316	4.068073272705078	2.006007432937622	2.048661708831787	0.009774329140782356	0.003629602026194334	False	[0 0 1 0 0 0 0 1 0]	[0 0 0 0 0 0 0 0 0]	[1 1 0 1 1 0]	[0 0 0 0 0 0]	[8]	[0 1 1 0 0 0 0 1 0]	[0 0 0 0 0 0 0 0 1]	[0 1 0 1 1 0]	[1 0 0 0 0 0]	[8]
75	0.05293324962258339	4.054385185241699	1.9977397918701172	2.0422935485839844	0.008987365290522575	0.005364184267818928	False	[0 1 1 0 0 0 0 1 0]	[0 0 0 0 0 0 0 0 1]	[0 1 0 1 1 0]	[1 0 0 0 0 0]	[8]	[0 0 1 0 0 0 0 1 0]	[0 0 0 0 0 0 0 0 0]	[1 1 0 1 1 0]	[0 0 0 0 0 0]	[8]
75	0.5154220461845398	4.0696587562561035	2.0196967124938965	2.0413007736206055	0.004831328988075256	0.0038301595486700535	False	[0 0 1 0 0 0 0 1 0]	[0 0 0 0 0 0 0 0 0]	[1 1 0 1 1 0]	[0 0 0 0 0 0]	[8]	[0 1 1 0 0 0 0 1 0]	[0 0 0 0 0 0 0 0 1]	[0 1 0 1 1 0]	[1 0 0 0 0 0]	[8]
75	0.05537122115492821	4.039435386657715	1.9858644008636475	2.0416531562805176	0.008210722357034683	0.0037072033155709505	False	[0 1 1 0 0 0 0 1 0]	[0 0 0 0 0 0 0 0 1]	[0 1 0 1 1 0]	[1 0 0 0 0 0]	[8]	[0 0 1 0 0 0 0 1 0]	[0 0 0 0 0 0 0 0 0]	[1 1 0 1 1 0]	[0 0 0 0 0 0]	[8]
75	0.5455695986747742	4.070896625518799	2.02785325050354	2.033700942993164	0.0056574903428554535	0.0036851130425930023	False	[0 0 1 0 0 0 0 1 0]	[0 0 0 0 0 0 0 0 0]	[1 1 0 1 1 0]	[0 0 0 0 0 0]	[8]	[0 1 1 0 0 0 0 1 0]	[0 0 0 0 0 0 0 0 1]	[0 1 0 1 1 0]	[1 0 0 0 0 0]	[8]
75	0.06923174858093262	4.056447505950928	2.0021629333496094	2.0417473316192627	0.006850943434983492	0.005686961580067873	False	[0 1 1 0 0 0 0 1 0]	[0 0 0 0 0 0 0 0 1]	[0 1 0 1 1 0]	[1 0 0 0 0 0]	[8]	[0 0 1 0 0 0 0 1 0]	[0 0 0 0 0 0 0 0 0]	[1 1 0 1 1 0]	[0 0 0 0 0 0]	[8]
75	0.49011504650115967	4.065896987915039	2.018397808074951	2.037038803100586	0.0070203738287091255	0.0034399996511638165	False	[0 0 1 0 0 0 0 1 0]	[0 0 0 0 0 0 0 0 0]	[1 1 0 1 1 0]	[0 0 0 0 0 0]	[8]	[0 1 1 0 0 0 0 1 0]	[0 0 0 0 0 0 0 0 1]	[0 1 0 1 1 0]	[1 0 0 0 0 0]	[8]
75	0.044527266174554825	4.055928707122803	1.997164249420166	2.047776222229004	0.006227008067071438	0.004761154763400555	False	[0 1 1 0 0 0 0 1 0]	[0 0 0 0 0 0 0 0 1]	[0 1 0 1 1 0]	[1 0 0 0 0 0]	[8]	[0 0 1 0 0 0 0 1 0]	[0 0 0 0 0 0 0 0 0]	[1 1 0 1 1 0]	[0 0 0 0 0 0]	[8]
75	0.5001150369644165	4.066162109375	2.0107059478759766	2.0464401245117188	0.005068369675427675	0.003947907593101263	False	[0 0 1 0 0 0 0 1 0]	[0 0 0 0 0 0 0 0 0]	[1 1 0 1 1 0]	[0 0 0 0 0 0]	[8]	[0 1 1 0 0 0 0 1 0]	[0 0 0 0 0 0 0 0 1]	[0 1 0 1 1 0]	[1 0 0 0 0 0]	[8]
75	0.046528417617082596	4.021524906158447	1.957815170288086	2.0406994819641113	0.01902870088815689	0.0039817290380597115	False	[0 1 1 0 0 0 0 1 0]	[0 0 0 0 0 0 0 0 1]	[0 1 0 1 1 0]	[1 0 0 0 0 0]	[8]	[0 0 1 0 0 0 0 1 0]	[0 0 0 0 0 0 0 0 0]	[1 1 0 1 1 0]	[0 0 0 0 0 0]	[8]
75	0.46087661385536194	4.07605504989624	2.0163464546203613	2.0476267337799072	0.007783304899930954	0.004298160318285227	False	[0 0 1 0 0 0 0 1 0]	[0 0 0 0 0 0 0 0 0]	[1 1 0 1 1 0]	[0 0 0 0 0 0]	[8]	[0 1 1 0 0 0 0 1 0]	[0 0 0 0 0 0 0 0 1]	[0 1 0 1 1 0]	[1 0 0 0 0 0]	[8]
75	0.055583883076906204	4.042259693145752	1.9877285957336426	2.0404624938964844	0.010107303038239479	0.003961148671805859	False	[0 1 1 0 0 0 0 1 0]	[0 0 0 0 0 0 0 0 1]	[0 1 0 1 1 0]	[1 0 0 0 0 0]	[8]	[0 0 1 0 0 0 0 1 0]	[0 0 0 0 0 0 0 0 0]	[1 1 0 1 1 0]	[0 0 0 0 0 0]	[8]
75	0.45466047525405884	4.082766532897949	2.0301599502563477	2.040616512298584	0.008216723799705505	0.003773285308852792	False	[0 0 1 0 0 0 0 1 0]	[0 0 0 0 0 0 0 0 0]	[1 1 0 1 1 0]	[0 0 0 0 0 0]	[8]	[0 1 1 0 0 0 0 1 0]	[0 0 0 0 0 0 0 0 1]	[0 1 0 1 1 0]	[1 0 0 0 0 0]	[8]
76	-0.5	5.302208423614502	1.76711106300354	1.5547436475753784	1.2286617755889893	0.7516922354698181	False	[0 1 0 0 0 1 1 0 0]	[1 0 0 0 0 0 0 0 0]	[0 0 0 1 1 1]	[1 0 1 0 0 0]	[0]	[0 1 0 0 0 1 1 0 0]	[1 0 0 0 0 0 0 0 0]	[0 0 0 1 1 0]	[1 0 0 0 0 0]	[4]
76	-1.0	5.194976806640625	2.0059258937835693	1.7077826261520386	1.0984786748886108	0.3827894330024719	False	[0 1 0 0 0 1 1 0 0]	[1 0 0 0 0 0 0 0 0]	[0 0 0 1 1 0]	[1 0 0 0 0 0]	[4]	[0 1 0 0 0 1 1 1 0]	[1 0 1 0 0 0 0 0 0]	[0 1 0 1 1 0]	[0 0 0 0 0 0]	[0]
76	0.44556957483291626	4.75614070892334	2.0682222843170166	1.6110813617706299	0.2552432119846344	0.8215937614440918	False	[0 1 0 0 0 1 1 1 0]	[1 0 1 0 0 0 0 0 0]	[0 1 0 1 1 0]	[0 0 0 0 0 0]	[0]	[0 1 1 0 0 1 1 1 0]	[1 0 1 0 0 0 0 0 0]	[0 1 0 1 1 0]	[0 0 0 0 0 0]	[8]
76	0.05845867842435837	4.2284135818481445	2.1319494247436523	2.0741584300994873	0.009031781926751137	0.013273503631353378	False	[0 1 1 0 0 1 1 1 0]	[1 0 1 0 0 0 0 0 0]	[0 1 0 1 1 0]	[0 0 0 0 0 0]	[8]	[0 1 0 0 0 1 1 1 0]	[1 0 0 0 0 0 0 0 0]	[1 1 0 1 1 0]	[1 0 0 0 0 0]	[8]
76	0.4910241365432739	4.227545738220215	2.0760810375213623	2.1414504051208496	0.006349953822791576	0.0036643538624048233	False	[0 1 0 0 0 1 1 1 0]	[1 0 0 0 0 0 0 0 0]	[1 1 0 1 1 0]	[1 0 0 0 0 0]	[8]	[0 0 0 0 0 1 1 1 0]	[1 0 0 0 0 1 0 0 0]	[0 1 0 1 1 0]	[0 0 0 0 0 0]	[8]
76	0.05118020251393318	4.062071800231934	2.04075288772583	1.981557846069336	0.0177508145570755	0.02201019413769245	False	[0 0 0 0 0 1 1 1 0]	[1 0 0 0 0 1 0 0 0]	[0 1 0 1 1 0]	[0 0 0 0 0 0]	[8]	[0 0 0 0 0 1 1 1 1]	[1 0 0 0 0 0 0 0 0]	[1 1 0 1 1 0]	[1 0 0 0 0 0]	[8]
76	0.054172832518815994	4.210170745849609	2.06341552734375	2.1369223594665527	0.004801858216524124	0.005031248554587364	False	[0 0 0 0 0 1 1 1 1]	[1 0 0 0 0 0 0 0 0]	[1 1 0 1 1 0]	[1 0 0 0 0 0]	[8]	[0 1 0 0 0 1 1 1 1]	[0 0 0 0 0 0 0 0 0]	[0 1 0 1 1 0]	[0 0 0 0 0 0]	[24]
76	0.0393974632024765	4.219759941101074	2.0939338207244873	2.118950366973877	0.004670888185501099	0.0022048670798540115	False	[0 1 0 0 0 1 1 1 1]	[0 0 0 0 0 0 0 0 0]	[0 1 0 1 1 0]	[0 0 0 0 0 0]	[24]	[0 0 0 0 0 1 1 1 1]	[1 0 0 0 0 0 0 0 0]	[1 1 0 1 1 0]	[1 0 0 0 0 0]	[8]
76	0.06308077275753021	4.236047744750977	2.0811429023742676	2.144378423690796	0.006852294318377972	0.0036747045814990997	False	[0 0 0 0 0 1 1 1 1]	[1 0 0 0 0 0 0 0 0]	[1 1 0 1 1 0]	[1 0 0 0 0 0]	[8]	[0 1 0 0 0 1 1 1 1]	[0 0 0 0 0 0 0 0 0]	[0 1 0 1 1 0]	[0 0 0 0 0 0]	[24]
76	0.04536547139286995	4.225191593170166	2.0990185737609863	2.1190757751464844	0.00447801360860467	0.002619112841784954	False	[0 1 0 0 0 1 1 1 1]	[0 0 0 0 0 0 0 0 0]	[0 1 0 1 1 0]	[0 0 0 0 0 0]	[24]	[0 0 0 0 0 1 1 1 1]	[1 0 0 0 0 0 0 0 0]	[1 1 0 1 1 0]	[1 0 0 0 0 0]	[8]
76	0.061191704124212265	4.2264323234558105	2.08024525642395	2.1352503299713135	0.006401474587619305	0.004535093903541565	False	[0 0 0 0 0 1 1 1 1]	[1 0 0 0 0 0 0 0 0]	[1 1 0 1 1 0]	[1 0 0 0 0 0]	[8]	[0 1 0 0 0 1 1 1 1]	[0 0 0 0 0 0 0 0 0]	[0 1 0 1 1 0]	[0 0 0 0 0 0]	[24]
76	0.052602753043174744	4.217402935028076	2.0873284339904785	2.1241564750671387	0.003397806780412793	0.00252024969086051	False	[0 1 0 0 0 1 1 1 1]	[0 0 0 0 0 0 0 0 0]	[0 1 0 1 1 0]	[0 0 0 0 0 0]	[24]	[0 0 0 0 0 1 1 1 1]	[1 0 0 0 0 0 0 0 0]	[1 1 0 1 1 0]	[1 0 0 0 0 0]	[8]
76	0.06075488030910492	4.216609001159668	2.0744400024414062	2.132824420928955	0.005273005459457636	0.004071597475558519	False	[0 0 0 0 0 1 1 1 1]	[1 0 0 0 0 0 0 0 0]	[1 1 0 1 1 0]	[1 0 0 0 0 0]	[8]	[0 1 0 0 0 1 1 1 1]	[0 0 0 0 0 0 0 0 0]	[0 1 0 1 1 0]	[0 0 0 0 0 0]	[24]
76	0.0768943503499031	4.222126483917236	2.095440626144409	2.1183762550354004	0.006013251841068268	0.002296219579875469	False	[0 1 0 0 0 1 1 1 1]	[0 0 0 0 0 0 0 0 0]	[0 1 0 1 1 0]	[0 0 0 0 0 0]	[24]	[0 0 0 0 0 1 1 1 1]	[1 0 0 0 0 0 0 0 0]	[1 1 0 1 1 0]	[1 0 0 0 0 0]	[8]
76	0.04627456143498421	4.208776950836182	2.060652732849121	2.1376452445983887	0.003961567301303148	0.006517194211483002	False	[0 0 0 0 0 1 1 1 1]	[1 0 0 0 0 0 0 0 0]	[1 1 0 1 1 0]	[1 0 0 0 0 0]	[8]	[0 1 0 0 0 1 1 1 1]	[0 0 0 0 0 0 0 0 0]	[0 1 0 1 1 0]	[0 0 0 0 0 0]	[24]
76	0.05140436440706253	4.234071254730225	2.1029856204986572	2.1219427585601807	0.006957707926630974	0.002185314428061247	False	[0 1 0 0 0 1 1 1 1]	[0 0 0 0 0 0 0 0 0]	[0 1 0 1 1 0]	[0 0 0 0 0 0]	[24]	[0 0 0 0 0 1 1 1 1]	[1 0 0 0 0 0 0 0 0]	[1 1 0 1 1 0]	[1 0 0 0 0 0]	[8]
76	0.07381264865398407	4.223804950714111	2.0782406330108643	2.1374220848083496	0.004697078838944435	0.003445352427661419	False	[0 0 0 0 0 1 1 1 1]	[1 0 0 0 0 0 0 0 0]	[1 1 0 1 1 0]	[1 0 0 0 0 0]	[8]	[0 1 0 0 0 1 1 1 1]	[0 0 0 0 0 0 0 0 0]	[0 1 0 1 1 0]	[0 0 0 0 0 0]	[24]
76	0.06227801367640495	4.2165846824646	2.089722156524658	2.1206278800964355	0.0036257454194128513	0.0026090017054229975	False	[0 1 0 0 0 1 1 1 1]	[0 0 0 0 0 0 0 0 0]	[0 1 0 1 1 0]	[0 0 0 0 0 0]	[24]	[0 0 0 0 0 1 1 1 1]	[1 0 0 0 0 0 0 0 0]	[1 1 0 1 1 0]	[1 0 0 0 0 0]	[8]
76	0.05846443027257919	4.227817535400391	2.0775346755981445	2.140228509902954	0.006144215352833271	0.0039106449112296104	False	[0 0 0 0 0 1 1 1 1]	[1 0 0 0 0 0 0 0 0]	[1 1 0 1 1 0]	[1 0 0 0 0 0]	[8]	[0 1 0 0 0 1 1 1 1]	[0 0 0 0 0 0 0 0 0]	[0 1 0 1 1 0]	[0 0 0 0 0 0]	[24]
76	0.08417858183383942	4.232687473297119	2.1039066314697266	2.120105743408203	0.006368616595864296	0.0023066389840096235	False	[0 1 0 0 0 1 1 1 1]	[0 0 0 0 0 0 0 0 0]	[0 1 0 1 1 0]	[0 0 0 0 0 0]	[24]	[0 0 0 0 0 1 1 1 1]	[1 0 0 0 0 0 0 0 0]	[1 1 0 1 1 0]	[1 0 0 0 0 0]	[8]
76	0.056534167379140854	4.224576473236084	2.0774035453796387	2.138373851776123	0.005080810748040676	0.003718170803040266	False	[0 0 0 0 0 1 1 1 1]	[1 0 0 0 0 0 0 0 0]	[1 1 0 1 1 0]	[1 0 0 0 0 0]	[8]	[0 1 0 0 0 1 1 1 1]	[0 0 0 0 0 0 0 0 0]	[0 1 0 1 1 0]	[0 0 0 0 0 0]	[24]
76	0.0613689199090004	4.226151466369629	2.095539093017578	2.1222503185272217	0.005449586547911167	0.002912212163209915	False	[0 1 0 0 0 1 1 1 1]	[0 0 0 0 0 0 0 0 0]	[0 1 0 1 1 0]	[0 0 0 0 0 0]	[24]	[0 0 0 0 0 1 1 1 1]	[1 0 0 0 0 0 0 0 0]	[1 1 0 1 1 0]	[1 0 0 0 0 0]	[8]
76	0.07643934339284897	4.22803258895874	2.0802762508392334	2.138153314590454	0.006124773994088173	0.003477900056168437	False	[0 0 0 0 0 1 1 1 1]	[1 0 0 0 0 0 0 0 0]	[1 1 0 1 1 0]	[1 0 0 0 0 0]	[8]	[0 1 0 0 0 1 1 1 1]	[0 0 0 0 0 0 0 0 0]	[0 1 0 1 1 0]	[0 0 0 0 0 0]	[24]
76	0.044527266174554825	4.226626873016357	2.0924947261810303	2.124528408050537	0.006382365245372057	0.003221632447093725	False	[0 1 0 0 0 1 1 1 1]	[0 0 0 0 0 0 0 0 0]	[0 1 0 1 1 0]	[0 0 0 0 0 0]	[24]	[0 0 0 0 0 1 1 1 1]	[1 0 0 0 0 0 0 0 0]	[1 1 0 1 1 0]	[1 0 0 0 0 0]	[8]
76	0.07733117789030075	4.219497203826904	2.0730297565460205	2.1334757804870605	0.006548377685248852	0.00644287746399641	False	[0 0 0 0 0 1 1 1 1]	[1 0 0 0 0 0 0 0 0]	[1 1 0 1 1 0]	[1 0 0 0 0 0]	[8]	[0 1 0 0 0 1 1 1 1]	[0 0 0 0 0 0 0 0 0]	[0 1 0 1 1 0]	[0 0 0 0 0 0]	[24]
76	0.05802760645747185	4.222053050994873	2.0902578830718994	2.1227874755859375	0.006682336796075106	0.002325543900951743	False	[0 1 0 0 0 1 1 1 1]	[0 0 0 0 0 0 0 0 0]	[0 1 0 1 1 0]	[0 0 0 0 0 0]	[24]	[0 0 0 0 0 1 1 1 1]	[1 0 0 0 0 0 0 0 0]	[1 1 0 1 1 0]	[1 0 0 0 0 0]	[8]
76	0.08524670451879501	4.232729434967041	2.0812771320343018	2.1369779109954834	0.010705750435590744	0.0037684720009565353	False	[0 0 0 0 0 1 1 1 1]	[1 0 0 0 0 0 0 0 0]	[1 1 0 1 1 0]	[1 0 0 0 0 0]	[8]	[0 1 0 0 0 1 1 1 1]	[0 0 0 0 0 0 0 0 0]	[0 1 0 1 1 0]	[0 0 0 0 0 0]	[24]
76	0.06541241705417633	4.213602542877197	2.0886030197143555	2.1185526847839355	0.003764891531318426	0.0026818234473466873	False	[0 1 0 0 0 1 1 1 1]	[0 0 0 0 0 0 0 0 0]	[0 1 0 1 1 0]	[0 0 0 0 0 0]	[24]	[0 0 0 0 0 1 1 1 1]	[1 0 0 0 0 0 0 0 0]	[1 1 0 1 1 0]	[1 0 0 0 0 0]	[8]
76	0.06784463673830032	4.221327781677246	2.0670888423919678	2.1422619819641113	0.007592502981424332	0.00438431091606617	False	[0 0 0 0 0 1 1 1 1]	[1 0 0 0 0 0 0 0 0]	[1 1 0 1 1 0]	[1 0 0 0 0 0]	[8]	[0 1 0 0 0 1 1 1 1]	[0 0 0 0 0 0 0 0 0]	[0 1 0 1 1 0]	[0 0 0 0 0 0]	[24]
76	0.04485775902867317	4.228965759277344	2.0956554412841797	2.1218295097351074	0.008086864836513996	0.003393986728042364	False	[0 1 0 0 0 1 1 1 1]	[0 0 0 0 0 0 0 0 0]	[0 1 0 1 1 0]	[0 0 0 0 0 0]	[24]	[0 0 0 0 0 1 1 1 1]	[1 0 0 0 0 0 0 0 0]	[1 1 0 1 1 0]	[1 0 0 0 0 0]	[8]
77	-1.0	5.872549057006836	2.195554494857788	2.009340524673462	1.221625804901123	0.4460281431674957	False	[0 0 0 1 0 0 0 0 0]	[0 0 0 0 0 0 0 0 0]	[1 0 1 0 1 0]	[1 0 0 0 0 0]	[0]	[0 0 0 1 0 0 0 0 0]	[0 0 0 0 0 1 0 0 0]	[1 0 1 0 1 1]	[1 0 0 0 0 0]	[0]
77	-1.0	6.2711005210876465	2.2143702507019043	2.0394561290740967	1.5163031816482544	0.5009713768959045	False	[0 0 0 1 0 0 0 0 0]	[0 0 0 0 0 1 0 0 0]	[1 0 1 0 1 1]	[1 0 0 0 0 0]	[0]	[0 1 0 1 0 0 0 0 0]	[0 0 0 0 0 0 0 0 0]	[1 1 1 0 1 1]	[1 0 0 0 0 0]	[0]
77	-1.0	5.228121757507324	2.1525182723999023	1.9886714220046997	0.34514209628105164	0.7417902946472168	False	[0 1 0 1 0 0 0 0 0]	[0 0 0 0 0 0 0 0 0]	[1 1 1 0 1 1]	[1 0 0 0 0 0]	[0]	[0 0 0 1 0 0 0 0 0]	[0 0 0 0 0 1 0 0 0]	[1 1 1 0 1 1]	[0 0 0 0 0 0]	[0]
77	-1.0	6.331965446472168	2.026533842086792	2.1592037677764893	1.0521929264068604	1.094035267829895	False	[0 0 0 1 0 0 0 0 0]	[0 0 0 0 0 1 0 0 0]	[1 1 1 0 1 1]	[0 0 0 0 0 0]	[0]	[0 0 0 0 0 0 0 0 0]	[0 0 0 0 0 1 0 0 0]	[1 1 1 0 1 1]	[1 0 0 0 0 0]	[0]
77	-1.0	5.530294895172119	2.1351637840270996	1.8732295036315918	0.7295036911964417	0.7923979759216309	False	[0 0 0 0 0 0 0 0 0]	[0 0 0 0 0 1 0 0 0]	[1 1 1 0 1 1]	[1 0 0 0 0 0]	[0]	[0 0 0 0 0 0 0 0 1]	[0 0 0 0 0 0 0 0 0]	[1 1 1 0 1 1]	[1 0 0 0 0 0]	[0]
77	-1.0	5.3108744621276855	2.150686502456665	1.9621065855026245	0.32920265197753906	0.868878960609436	False	[0 0 0 0 0 0 0 0 1]	[0 0 0 0 0 0 0 0 0]	[1 1 1 0 1 1]	[1 0 0 0 0 0]	[0]	[0 1 0 0 0 0 0 0 1]	[0 0 0 0 0 1 0 0 0]	[1 1 1 0 1 1]	[0 0 0 0 0 0]	[0]
77	-1.0	5.336087226867676	2.135401964187622	1.9622410535812378	0.3585236072540283	0.8799210786819458	False	[0 1 0 0 0 0 0 0 1]	[0 0 0 0 0 1 0 0 0]	[1 1 1 0 1 1]	[0 0 0 0 0 0]	[0]	[0 0 0 0 0 0 0 0 1]	[0 0 0 0 0 0 0 0 0]	[1 1 1 0 1 1]	[1 0 0 0 0 0]	[0]
77	-1.0	5.220474720001221	2.1563360691070557	1.9619419574737549	0.3306473195552826	0.7715491652488708	False	[0 0 0 0 0 0 0 0 1]	[0 0 0 0 0 0 0 0 0]	[1 1 1 0 1 1]	[1 0 0 0 0 0]	[0]	[0 1 0 0 0 0 0 0 1]	[0 0 0 0 0 1 0 0 0]	[1 1 1 0 1 1]	[0 0 0 0 0 0]	[0]
77	-1.0	5.288629531860352	2.1402838230133057	1.9632830619812012	0.3449340760707855	0.8401286005973816	False	[0 1 0 0 0 0 0 0 1]	[0 0 0 0 0 1 0 0 0]	[1 1 1 0 1 1]	[0 0 0 0 0 0]	[0]	[0 0 0 0 0 0 0 0 1]	[0 0 0 0 0 0 0 0 0]	[1 1 1 0 1 1]	[1 0 0 0 0 0]	[0]
77	0.04525914043188095	5.25821590423584	2.1492393016815186	1.9655753374099731	0.3047660291194916	0.8386349678039551	False	[0 0 0 0 0 0 0 0 1]	[0 0 0 0 0 0 0 0 0]	[1 1 1 0 1 1]	[1 0 0 0 0 0]	[0]	[0 1 0 0 0 0 0 0 1]	[0 0 0 0 0 0 0 0 0]	[1 1 1 0 1 1]	[0 0 0 0 0 0]	[16]
77	-1.0	4.310186862945557	2.127452850341797	2.038987159729004	0.14086052775382996	0.00288621848449111	False	[0 1 0 0 0 0 0 0 1]	[0 0 0 0 0 0 0 0 0]	[1 1 1 0 1 1]	[0 0 0 0 0 0]	[16]	[0 0 0 0 0 0 0 0 1]	[0 0 0 1 0 0 0 0 0]	[0 1 1 0 1 1]	[1 0 0 0 0 0]	[0]
77	0.3484683036804199	5.231618404388428	2.1550257205963135	1.979609727859497	0.28954029083251953	0.8074426651000977	False	[0 0 0 0 0 0 0 0 1]	[0 0 0 1 0 0 0 0 0]	[0 1 1 0 1 1]	[1 0 0 0 0 0]	[0]	[0 1 0 0 0 0 0 0 1]	[0 0 0 1 0 1 0 0 0]	[0 1 1 0 1 1]	[0 0 0 0 0 0]	[8]
77	0.4336038827896118	4.376860618591309	2.132694721221924	2.055884599685669	0.18492305278778076	0.0033577466383576393	False	[0 1 0 0 0 0 0 0 1]	[0 0 0 1 0 1 0 0 0]	[0 1 1 0 1 1]	[0 0 0 0 0 0]	[8]	[0 0 0 0 0 0 0 0 1]	[0 0 0 0 0 1 0 0 0]	[1 1 1 0 1 1]	[1 0 0 0 0 0]	[8]
77	0.04107386991381645	4.148467540740967	2.0850136280059814	1.9161274433135986	0.12363094091415405	0.0236955713480711	False	[0 0 0 0 0 0 0 0 1]	[0 0 0 0 0 1 0 0 0]	[1 1 1 0 1 1]	[1 0 0 0 0 0]	[8]	[0 0 0 0 0 0 0 0 0]	[0 0 0 0 0 0 0 0 0]	[0 1 1 0 1 1]	[0 0 0 0 0 0]	[72]
77	0.4067976474761963	4.209444046020508	1.9834197759628296	1.9492183923721313	0.26436886191368103	0.012436932884156704	False	[0 0 0 0 0 0 0 0 0]	[0 0 0 0 0 0 0 0 0]	[0 1 1 0 1 1]	[0 0 0 0 0 0]	[72]	[0 0 0 0 0 0 1 0 0]	[0 0 1 0 0 0 0 0 0]	[1 1 1 0 1 1]	[1 0 0 0 0 0]	[8]
77	0.036959487944841385	4.396636486053467	2.039722204208374	2.0588862895965576	0.2909172773361206	0.00711041409522295	False	[0 0 0 0 0 0 1 0 0]	[0 0 1 0 0 0 0 0 0]	[1 1 1 0 1 1]	[1 0 0 0 0 0]	[8]	[0 0 0 0 0 0 0 0 0]	[0 0 0 0 0 0 0 0 0]	[0 1 1 0 1 1]	[0 0 0 0 0 0]	[72]
77	0.400115042924881	4.248931407928467	1.9834917783737183	1.9243545532226562	0.3296847641468048	0.011400382034480572	False	[0 0 0 0 0 0 0 0 0]	[0 0 0 0 0 0 0 0 0]	[0 1 1 0 1 1]	[0 0 0 0 0 0]	[72]	[0 0 0 0 0 0 1 0 0]	[0 0 1 0 0 0 0 0 0]	[1 1 1 0 1 1]	[1 0 0 0 0 0]	[8]
77	0.049249935895204544	4.430661201477051	2.01889967918396	2.062535285949707	0.339435338973999	0.009790632873773575	False	[0 0 0 0 0 0 1 0 0]	[0 0 1 0 0 0 0 0 0]	[1 1 1 0 1 1]	[1 0 0 0 0 0]	[8]	[0 0 0 0 0 0 0 0 0]	[0 0 0 0 0 0 0 0 0]	[0 1 1 0 1 1]	[0 0 0 0 0 0]	[72]
77	0.4298199713230133	4.245397090911865	1.9889335632324219	1.9438879489898682	0.29908525943756104	0.013490337878465652	False	[0 0 0 0 0 0 0 0 0]	[0 0 0 0 0 0 0 0 0]	[0 1 1 0 1 1]	[0 0 0 0 0 0]	[72]	[0 0 0 0 0 0 1 0 0]	[0 0 1 0 0 0 0 0 0]	[1 1 1 0 1 1]	[1 0 0 0 0 0]	[8]
77	0.05005845054984093	4.455042839050293	2.01076078414917	2.023134231567383	0.41214120388031006	0.00900651142001152	False	[0 0 0 0 0 0 1 0 0]	[0 0 1 0 0 0 0 0 0]	[1 1 1 0 1 1]	[1 0 0 0 0 0]	[8]	[0 0 0 0 0 0 0 0 0]	[0 0 0 0 0 0 0 0 0]	[0 1 1 0 1 1]	[0 0 0 0 0 0]	[72]
77	0.3761836290359497	4.232071876525879	1.962487816810608	1.9149080514907837	0.34086230397224426	0.01381361111998558	False	[0 0 0 0 0 0 0 0 0]	[0 0 0 0 0 0 0 0 0]	[0 1 1 0 1 1]	[0 0 0 0 0 0]	[72]	[0 0 0 0 0 0 1 0 0]	[0 0 1 0 0 0 0 0 0]	[1 1 1 0 1 1]	[1 0 0 0 0 0]	[8]
77	0.04721909388899803	4.418540000915527	2.0370707511901855	2.0617501735687256	0.31201595067977905	0.0077035268768668175	False	[0 0 0 0 0 0 1 0 0]	[0 0 1 0 0 0 0 0 0]	[1 1 1 0 1 1]	[1 0 0 0 0 0]	[8]	[0 0 0 0 0 0 0 0 0]	[0 0 0 0 0 0 0 0 0]	[0 1 1 0 1 1]	[0 0 0 0 0 0]	[72]
77	0.400115042924881	4.338501453399658	1.9604026079177856	1.895324945449829	0.47115838527679443	0.011615201830863953	False	[0 0 0 0 0 0 0 0 0]	[0 0 0 0 0 0 0 0 0]	[0 1 1 0 1 1]	[0 0 0 0 0 0]	[72]	[0 0 0 0 0 0 1 0 0]	[0 0 1 0 0 0 0 0 0]	[1 1 1 0 1 1]	[1 0 0 0 0 0]	[8]
77	0.040341995656490326	4.478401184082031	2.0302412509918213	2.0467936992645264	0.3935103118419647	0.007856020703911781	False	[0 0 0 0 0 0 1 0 0]	[0 0 1 0 0 0 0 0 0]	[1 1 1 0 1 1]	[1 0 0 0 0 0]	[8]	[0 0 0 0 0 0 0 0 0]	[0 0 0 0 0 0 0 0 0]	[0 1 1 0 1 1]	[0 0 0 0 0 0]	[72]
77	0.49724024534225464	4.290048599243164	1.960322380065918	1.9078248739242554	0.41086477041244507	0.011036321520805359	False	[0 0 0 0 0 0 0 0 0]	[0 0 0 0 0 0 0 0 0]	[0 1 1 0 1 1]	[0 0 0 0 0 0]	[72]	[0 0 0 0 0 0 1 0 0]	[0 0 1 0 0 0 0 0 0]	[1 1 1 0 1 1]	[1 0 0 0 0 0]	[8]
77	0.05653991922736168	4.398604869842529	2.0197951793670654	2.0561606884002686	0.31269240379333496	0.009957035072147846	False	[0 0 0 0 0 0 1 0 0]	[0 0 1 0 0 0 0 0 0]	[1 1 1 0 1 1]	[1 0 0 0 0 0]	[8]	[0 0 0 0 0 0 0 0 0]	[0 0 0 0 0 0 0 0 0]	[0 1 1 0 1 1]	[0 0 0 0 0 0]	[72]
77	0.42451295256614685	4.527608871459961	1.9500970840454102	1.8784284591674805	0.6864558458328247	0.012627650052309036	False	[0 0 0 0 0 0 0 0 0]	[0 0 0 0 0 0 0 0 0]	[0 1 1 0 1 1]	[0 0 0 0 0 0]	[72]	[0 0 0 0 0 0 1 0 0]	[0 0 1 0 0 0 0 0 0]	[1 1 1 0 1 1]	[1 0 0 0 0 0]	[8]
77	0.037107013165950775	4.57358455657959	2.016395092010498	2.0228374004364014	0.525071382522583	0.009281075559556484	False	[0 0 0 0 0 0 1 0 0]	[0 0 1 0 0 0 0 0 0]	[1 1 1 0 1 1]	[1 0 0 0 0 0]	[8]	[0 0 0 0 0 0 0 0 0]	[0 0 0 0 0 0 0 0 0]	[0 1 1 0 1 1]	[0 0 0 0 0 0]	[72]
77	0.451785683631897	4.273983955383301	1.9833072423934937	1.9296863079071045	0.3504422605037689	0.010547976940870285	False	[0 0 0 0 0 0 0 0 0]	[0 0 0 0 0 0 0 0 0]	[0 1 1 0 1 1]	[0 0 0 0 0 0]	[72]	[0 0 0 0 0 0 1 0 0]	[0 0 1 0 0 0 0 0 0]	[1 1 1 0 1 1]	[1 0 0 0 0 0]	[8]
77	0.04980459436774254	4.3444037437438965	2.013503074645996	2.0409226417541504	0.2820214033126831	0.007956485264003277	False	[0 0 0 0 0 0 1 0 0]	[0 0 1 0 0 0 0 0 0]	[1 1 1 0 1 1]	[1 0 0 0 0 0]	[8]	[0 0 0 0 0 0 0 0 0]	[0 0 0 0 0 0 0 0 0]	[0 1 1 0 1 1]	[0 0 0 0 0 0]	[72]
78	-1.0	6.575017929077148	2.203848361968994	2.0598490238189697	1.4043484926223755	0.9069720506668091	False	[1 0 0 1 1 0 0 0 0]	[0 1 0 0 1 0 0 0 0]	[0 0 0 0 0 1]	[0 0 0 0 0 1]	[0]	[1 1 0 1 1 0 0 0 0]	[1 1 0 0 1 0 0 0 0]	[0 0 0 1 0 1]	[0 0 0 0 0 0]	[0]
78	0.22180962562561035	6.622825622558594	2.1818735599517822	2.1377243995666504	1.3956007957458496	0.9076268672943115	False	[1 1 0 1 1 0 0 0 0]	[1 1 0 0 1 0 0 0 0]	[0 0 0 1 0 1]	[0 0 0 0 0 0]	[0]	[1 1 0 1 1 0 0 0 0]	[1 1 0 1 1 0 0 0 0]	[0 0 0 1 1 1]	[0 0 0 0 0 0]	[12]
78	-0.5	5.017126083374023	2.0005571842193604	1.7676595449447632	1.1329727172851562	0.1159369945526123	False	[1 1 0 1 1 0 0 0 0]	[1 1 0 1 1 0 0 0 0]	[0 0 0 1 1 1]	[0 0 0 0 0 0]	[12]	[1 1 0 1 1 0 0 1 0]	[1 1 0 0 1 0 0 0 0]	[0 0 0 1 1 0]	[1 0 0 0 0 0]	[4]
78	-1.0	4.973630428314209	2.1133267879486084	2.00392484664917	0.7359092235565186	0.12046974897384644	False	[1 1 0 1 1 0 0 1 0]	[1 1 0 0 1 0 0 0 0]	[0 0 0 1 1 0]	[1 0 0 0 0 0]	[4]	[1 1 0 1 1 0 1 1 0]	[1 1 0 0 1 0 0 1 0]	[0 1 0 1 1 0]	[0 0 0 0 0 0]	[0]
78	-1.0	4.459281921386719	2.173527479171753	1.4636647701263428	0.1609984040260315	0.6610910892486572	False	[1 1 0 1 1 0 1 1 0]	[1 1 0 0 1 0 0 1 0]	[0 1 0 1 1 0]	[0 0 0 0 0 0]	[0]	[1 1 0 0 1 0 1 1 0]	[1 1 0 0 0 0 0 1 0]	[0 1 0 1 1 0]	[0 0 0 0 0 0]	[0]
78	-1.0	5.41066837310791	2.2162575721740723	1.9756284952163696	0.4314104914665222	0.7873720526695251	False	[1 1 0 0 1 0 1 1 0]	[1 1 0 0 0 0 0 1 0]	[0 1 0 1 1 0]	[0 0 0 0 0 0]	[0]	[1 1 0 0 0 0 1 1 0]	[1 1 0 0 0 0 0 1 0]	[0 1 0 1 1 0]	[0 0 0 0 0 0]	[0]
78	-1.0	5.402100086212158	2.215421676635742	1.9617714881896973	0.4404527544975281	0.7844542860984802	False	[1 1 0 0 0 0 1 1 0]	[1 1 0 0 0 0 0 1 0]	[0 1 0 1 1 0]	[0 0 0 0 0 0]	[0]	[1 1 0 0 1 0 1 1 0]	[1 1 0 0 0 0 0 1 0]	[0 1 0 1 1 0]	[0 0 0 0 0 0]	[0]
78	-1.0	5.488788604736328	2.2185616493225098	1.983828067779541	0.4866812825202942	0.7997176647186279	False	[1 1 0 0 1 0 1 1 0]	[1 1 0 0 0 0 0 1 0]	[0 1 0 1 1 0]	[0 0 0 0 0 0]	[0]	[1 1 0 0 0 0 1 1 0]	[1 1 0 0 0 0 0 1 0]	[0 1 0 1 1 0]	[0 0 0 0 0 0]	[0]
78	-1.0	5.524481773376465	2.226785182952881	1.9689124822616577	0.5287747383117676	0.8000091910362244	False	[1 1 0 0 0 0 1 1 0]	[1 1 0 0 0 0 0 1 0]	[0 1 0 1 1 0]	[0 0 0 0 0 0]	[0]	[1 1 0 0 1 0 1 1 0]	[1 1 0 0 0 0 0 1 0]	[0 1 0 1 1 0]	[0 0 0 0 0 0]	[0]
78	-1.0	5.483645439147949	2.2212703227996826	1.959886908531189	0.4991890490055084	0.8032991886138916	False	[1 1 0 0 1 0 1 1 0]	[1 1 0 0 0 0 0 1 0]	[0 1 0 1 1 0]	[0 0 0 0 0 0]	[0]	[1 1 0 0 0 0 1 1 0]	[1 1 0 0 0 0 0 1 0]	[0 1 0 1 1 0]	[0 0 0 0 0 0]	[0]
78	-1.0	5.442451477050781	2.223389148712158	1.9827885627746582	0.44548407196998596	0.7907897233963013	False	[1 1 0 0 0 0 1 1 0]	[1 1 0 0 0 0 0 1 0]	[0 1 0 1 1 0]	[0 0 0 0 0 0]	[0]	[1 1 0 0 1 0 1 1 0]	[1 1 0 0 0 0 0 1 0]	[0 1 0 1 1 0]	[0 0 0 0 0 0]	[0]
78	-1.0	5.520516395568848	2.219395637512207	1.983062744140625	0.5196470022201538	0.798410952091217	False	[1 1 0 0 1 0 1 1 0]	[1 1 0 0 0 0 0 1 0]	[0 1 0 1 1 0]	[0 0 0 0 0 0]	[0]	[1 1 0 0 0 0 1 1 0]	[1 1 0 0 0 0 0 1 0]	[0 1 0 1 1 0]	[0 0 0 0 0 0]	[0]
78	0.3034802973270416	5.255922794342041	2.210646390914917	1.9067156314849854	0.36315280199050903	0.7754078507423401	False	[1 1 0 0 0 0 1 1 0]	[1 1 0 0 0 0 0 1 0]	[0 1 0 1 1 0]	[0 0 0 0 0 0]	[0]	[1 1 0 0 1 0 1 1 0]	[1 1 0 0 0 0 0 1 0]	[0 1 0 1 1 0]	[1 0 0 0 0 0]	[8]
78	0.2766501307487488	3.999556064605713	2.1235148906707764	1.8626362085342407	0.009455094113945961	0.003949538804590702	False	[1 1 0 0 1 0 1 1 0]	[1 1 0 0 0 0 0 1 0]	[0 1 0 1 1 0]	[1 0 0 0 0 0]	[8]	[1 1 0 0 0 0 1 1 0]	[1 1 0 1 0 0 0 1 0]	[1 1 0 1 1 0]	[0 0 0 0 0 0]	[24]
78	0.4154220521450043	3.925952672958374	2.121471643447876	1.787508249282837	0.012998666614294052	0.003974218852818012	False	[1 1 0 0 0 0 1 1 0]	[1 1 0 1 0 0 0 1 0]	[1 1 0 1 1 0]	[0 0 0 0 0 0]	[24]	[1 1 0 0 0 0 1 0 0]	[1 1 0 0 0 0 0 1 0]	[0 1 0 1 1 0]	[1 0 0 0 0 0]	[8]
78	0.4125472605228424	3.9129538536071777	1.959835171699524	1.9225250482559204	0.020244009792804718	0.010349475778639317	False	[1 1 0 0 0 0 1 0 0]	[1 1 0 0 0 0 0 1 0]	[0 1 0 1 1 0]	[1 0 0 0 0 0]	[8]	[1 1 0 0 0 0 0 0 0]	[0 1 0 0 0 0 0 1 0]	[1 1 0 1 1 0]	[0 0 0 0 0 0]	[8]
78	0.2948319613933563	4.125739097595215	2.0081679821014404	2.0717122554779053	0.041025351732969284	0.00483368244022131	False	[1 1 0 0 0 0 0 0 0]	[0 1 0 0 0 0 0 1 0]	[1 1 0 1 1 0]	[0 0 0 0 0 0]	[8]	[1 1 0 0 0 0 1 0 0]	[0 1 1 0 0 0 0 1 0]	[0 1 0 1 1 0]	[1 0 0 0 0 0]	[8]
78	0.4340703785419464	3.8843190670013428	1.9668422937393188	1.8809046745300293	0.025786545127630234	0.010785532183945179	False	[1 1 0 0 0 0 1 0 0]	[0 1 1 0 0 0 0 1 0]	[0 1 0 1 1 0]	[1 0 0 0 0 0]	[8]	[1 1 0 0 0 0 0 0 0]	[1 1 1 0 0 0 0 1 0]	[1 1 0 1 1 0]	[0 0 0 0 0 0]	[8]
78	0.37284231185913086	4.1319050788879395	2.117689371109009	1.9811737537384033	0.026262590661644936	0.006779050454497337	False	[1 1 0 0 0 0 0 0 0]	[1 1 1 0 0 0 0 1 0]	[1 1 0 1 1 0]	[0 0 0 0 0 0]	[8]	[1 1 0 1 0 0 0 0 0]	[1 1 0 0 0 0 0 1 0]	[0 1 0 1 1 0]	[1 0 0 0 0 0]	[8]
78	0.3912722170352936	3.8890621662139893	1.9602779150009155	1.8985967636108398	0.017366794869303703	0.012820537202060223	False	[1 1 0 1 0 0 0 0 0]	[1 1 0 0 0 0 0 1 0]	[0 1 0 1 1 0]	[1 0 0 0 0 0]	[8]	[1 1 0 1 0 0 1 0 0]	[0 1 0 0 0 0 0 1 0]	[1 1 0 1 1 0]	[0 0 0 0 0 0]	[8]
78	0.3539994955062866	4.1263957023620605	2.0160512924194336	2.075573444366455	0.02878643199801445	0.0059841834008693695	False	[1 1 0 1 0 0 1 0 0]	[0 1 0 0 0 0 0 1 0]	[1 1 0 1 1 0]	[0 0 0 0 0 0]	[8]	[1 1 0 1 0 0 0 0 0]	[0 1 1 0 0 0 0 1 0]	[0 1 0 1 1 0]	[1 0 0 0 0 0]	[8]
78	0.39436542987823486	4.143207550048828	2.017927646636963	2.072859764099121	0.043811045587062836	0.008609287440776825	False	[1 1 0 1 0 0 0 0 0]	[0 1 1 0 0 0 0 1 0]	[0 1 0 1 1 0]	[1 0 0 0 0 0]	[8]	[1 1 0 1 0 0 1 0 0]	[0 1 0 0 0 0 0 1 0]	[1 1 0 1 1 0]	[0 0 0 0 0 0]	[8]
78	0.31588858366012573	4.106046199798584	2.0096096992492676	2.0543205738067627	0.03674844652414322	0.005367504432797432	False	[1 1 0 1 0 0 1 0 0]	[0 1 0 0 0 0 0 1 0]	[1 1 0 1 1 0]	[0 0 0 0 0 0]	[8]	[1 1 0 1 0 0 0 0 0]	[0 1 1 0 0 0 0 1 0]	[0 1 0 1 1 0]	[1 0 0 0 0 0]	[8]
78	0.4192298948764801	4.121971607208252	2.0107905864715576	2.061427116394043	0.04410368949174881	0.00564992893487215	False	[1 1 0 1 0 0 0 0 0]	[0 1 1 0 0 0 0 1 0]	[0 1 0 1 1 0]	[1 0 0 0 0 0]	[8]	[1 1 0 1 0 0 1 0 0]	[0 1 0 0 0 0 0 1 0]	[1 1 0 1 1 0]	[0 0 0 0 0 0]	[8]
78	0.3269451856613159	4.124508380889893	2.008044719696045	2.0736138820648193	0.03755221515893936	0.005297473631799221	False	[1 1 0 1 0 0 1 0 0]	[0 1 0 0 0 0 0 1 0]	[1 1 0 1 1 0]	[0 0 0 0 0 0]	[8]	[1 1 0 1 0 0 0 0 0]	[0 1 1 0 0 0 0 1 0]	[0 1 0 1 1 0]	[1 0 0 0 0 0]	[8]
78	0.35800179839134216	4.130916595458984	2.0137205123901367	2.0771608352661133	0.034260984510183334	0.005774620454758406	False	[1 1 0 1 0 0 0 0 0]	[0 1 1 0 0 0 0 1 0]	[0 1 0 1 1 0]	[1 0 0 0 0 0]	[8]	[1 1 0 1 0 0 1 0 0]	[0 1 0 0 0 0 0 1 0]	[1 1 0 1 1 0]	[0 0 0 0 0 0]	[8]
78	0.3642179071903229	4.118513107299805	2.0097038745880127	2.0474913120269775	0.0551147498190403	0.00620303675532341	False	[1 1 0 1 0 0 1 0 0]	[0 1 0 0 0 0 0 1 0]	[1 1 0 1 1 0]	[0 0 0 0 0 0]	[8]	[1 1 0 1 0 0 0 0 0]	[0 1 1 0 0 0 0 1 0]	[0 1 0 1 1 0]	[1 0 0 0 0 0]	[8]
78	0.39483195543289185	4.133427143096924	2.008995532989502	2.0686933994293213	0.04828560724854469	0.007452310528606176	False	[1 1 0 1 0 0 0 0 0]	[0 1 1 0 0 0 0 1 0]	[0 1 0 1 1 0]	[1 0 0 0 0 0]	[8]	[1 1 0 1 0 0 1 0 0]	[0 1 0 0 0 0 0 1 0]	[1 1 0 1 1 0]	[0 0 0 0 0 0]	[8]
78	0.3748319447040558	4.127480983734131	2.0109763145446777	2.0565054416656494	0.05280185490846634	0.007197094149887562	False	[1 1 0 1 0 0 1 0 0]	[0 1 0 0 0 0 0 1 0]	[1 1 0 1 1 0]	[0 0 0 0 0 0]	[8]	[1 1 0 1 0 0 0 0 0]	[0 1 1 0 0 0 0 1 0]	[0 1 0 1 1 0]	[1 0 0 0 0 0]	[8]
78	0.3533088266849518	4.117558002471924	2.0001721382141113	2.052577495574951	0.05883468687534332	0.005973760969936848	False	[1 1 0 1 0 0 0 0 0]	[0 1 1 0 0 0 0 1 0]	[0 1 0 1 1 0]	[1 0 0 0 0 0]	[8]	[1 1 0 1 0 0 1 0 0]	[0 1 0 0 0 0 0 1 0]	[1 1 0 1 1 0]	[0 0 0 0 0 0]	[8]
79	-0.75	5.840007781982422	2.1287004947662354	2.0221402645111084	0.8208840489387512	0.8682827949523926	False	[0 0 0 0 0 1 1 0 0]	[0 0 0 0 0 0 0 1 1]	[1 0 0 0 0 0]	[0 0 0 0 0 0]	[0]	[0 0 0 0 0 1 1 0 0]	[0 0 0 0 0 1 0 1 1]	[1 1 0 0 0 0]	[1 0 0 0 0 0]	[2]
79	-0.25	5.451493263244629	2.045785903930664	2.0777719020843506	0.6477846503257751	0.6801502704620361	False	[0 0 0 0 0 1 1 0 0]	[0 0 0 0 0 1 0 1 1]	[1 1 0 0 0 0]	[1 0 0 0 0 0]	[2]	[0 1 0 0 0 1 1 0 0]	[0 0 0 0 0 0 0 1 1]	[1 1 0 0 1 0]	[0 0 0 0 0 0]	[6]
79	0.3823997378349304	4.420436382293701	2.108154773712158	2.0042223930358887	0.15105083584785461	0.1570083498954773	False	[0 1 0 0 0 1 1 0 0]	[0 0 0 0 0 0 0 1 1]	[1 1 0 0 1 0]	[0 0 0 0 0 0]	[6]	[0 1 0 0 0 0 1 0 0]	[0 0 0 0 0 1 0 1 1]	[1 1 0 1 1 0]	[1 0 0 0 0 0]	[8]
79	0.4063311517238617	4.177873611450195	2.1508724689483643	1.9993163347244263	0.01639704778790474	0.01128767617046833	False	[0 1 0 0 0 0 1 0 0]	[0 0 0 0 0 1 0 1 1]	[1 1 0 1 1 0]	[1 0 0 0 0 0]	[8]	[0 1 0 0 0 0 0 0 0]	[0 0 0 0 0 1 1 1 1]	[0 1 0 1 1 0]	[0 0 0 0 0 0]	[8]
79	0.3642179071903229	4.195622444152832	2.149620771408081	2.0095763206481934	0.024866610765457153	0.011559070087969303	False	[0 1 0 0 0 0 0 0 0]	[0 0 0 0 0 1 1 1 1]	[0 1 0 1 1 0]	[0 0 0 0 0 0]	[8]	[0 1 0 0 0 0 1 0 0]	[0 0 0 0 0 1 0 1 1]	[1 1 0 1 1 0]	[1 0 0 0 0 0]	[8]
79	0.38814932107925415	4.165879249572754	2.1501808166503906	1.9837883710861206	0.017579885199666023	0.014330003410577774	False	[0 1 0 0 0 0 1 0 0]	[0 0 0 0 0 1 0 1 1]	[1 1 0 1 1 0]	[1 0 0 0 0 0]	[8]	[0 1 0 0 0 0 0 0 0]	[0 0 0 0 0 1 1 1 1]	[0 1 0 1 1 0]	[0 0 0 0 0 0]	[8]
79	0.3489108979701996	4.1824140548706055	2.1513307094573975	2.0024688243865967	0.015750279650092125	0.012864167802035809	False	[0 1 0 0 0 0 0 0 0]	[0 0 0 0 0 1 1 1 1]	[0 1 0 1 1 0]	[0 0 0 0 0 0]	[8]	[0 1 0 0 0 0 1 0 0]	[0 0 0 0 0 1 0 1 1]	[1 1 0 1 1 0]	[1 0 0 0 0 0]	[8]
79	0.3417856991291046	4.18001651763916	2.1493947505950928	1.9888840913772583	0.027489665895700455	0.014247981831431389	False	[0 1 0 0 0 0 1 0 0]	[0 0 0 0 0 1 0 1 1]	[1 1 0 1 1 0]	[1 0 0 0 0 0]	[8]	[0 1 0 0 0 0 0 0 0]	[0 0 0 0 0 1 1 1 1]	[0 1 0 1 1 0]	[0 0 0 0 0 0]	[8]
79	0.3513431251049042	4.176372528076172	2.147179126739502	1.9946328401565552	0.020589279010891914	0.01397121511399746	False	[0 1 0 0 0 0 0 0 0]	[0 0 0 0 0 1 1 1 1]	[0 1 0 1 1 0]	[0 0 0 0 0 0]	[8]	[0 1 0 0 0 0 1 0 0]	[0 0 0 0 0 1 0 1 1]	[1 1 0 1 1 0]	[1 0 0 0 0 0]	[8]
79	0.36709269881248474	4.164888858795166	2.1500654220581055	1.9833589792251587	0.013796222396194935	0.017668187618255615	False	[0 1 0 0 0 0 1 0 0]	[0 0 0 0 0 1 0 1 1]	[1 1 0 1 1 0]	[1 0 0 0 0 0]	[8]	[0 1 0 0 0 0 0 0 0]	[0 0 0 0 0 1 1 1 1]	[0 1 0 1 1 0]	[0 0 0 0 0 0]	[8]
79	0.331662118434906	4.177116394042969	2.150233745574951	1.9933454990386963	0.015540575608611107	0.017996400594711304	False	[0 1 0 0 0 0 0 0 0]	[0 0 0 0 0 1 1 1 1]	[0 1 0 1 1 0]	[0 0 0 0 0 0]	[8]	[0 1 0 0 0 0 1 0 0]	[0 0 0 0 0 1 0 1 1]	[1 1 0 1 1 0]	[1 0 0 0 0 0]	[8]
79	0.38193321228027344	4.13022518157959	2.146627902984619	1.9448825120925903	0.018452303484082222	0.02026275359094143	False	[0 1 0 0 0 0 1 0 0]	[0 0 0 0 0 1 0 1 1]	[1 1 0 1 1 0]	[1 0 0 0 0 0]	[8]	[0 1 0 0 0 0 0 0 0]	[0 0 0 0 0 1 1 1 1]	[0 1 0 1 1 0]	[0 0 0 0 0 0]	[8]
79	0.3823997378349304	4.170907020568848	2.149547576904297	1.98431396484375	0.023050349205732346	0.013995188288390636	False	[0 1 0 0 0 0 0 0 0]	[0 0 0 0 0 1 1 1 1]	[0 1 0 1 1 0]	[0 0 0 0 0 0]	[8]	[0 1 0 0 0 0 1 0 0]	[0 0 0 0 0 1 0 1 1]	[1 1 0 1 1 0]	[1 0 0 0 0 0]	[8]
79	0.3852745294570923	4.16473913192749	2.152358293533325	1.9827226400375366	0.01602243259549141	0.013635963201522827	False	[0 1 0 0 0 0 1 0 0]	[0 0 0 0 0 1 0 1 1]	[1 1 0 1 1 0]	[1 0 0 0 0 0]	[8]	[0 1 0 0 0 0 0 0 0]	[0 0 0 0 0 1 1 1 1]	[0 1 0 1 1 0]	[0 0 0 0 0 0]	[8]
79	0.36709269881248474	4.189615249633789	2.1461644172668457	2.004415273666382	0.022538859397172928	0.016497086733579636	False	[0 1 0 0 0 0 0 0 0]	[0 0 0 0 0 1 1 1 1]	[0 1 0 1 1 0]	[0 0 0 0 0 0]	[8]	[0 1 0 0 0 0 1 0 0]	[0 0 0 0 0 1 0 1 1]	[1 1 0 1 1 0]	[1 0 0 0 0 0]	[8]
79	0.43072906136512756	4.160600662231445	2.152202606201172	1.9784234762191772	0.011829603463411331	0.01814519613981247	False	[0 1 0 0 0 0 1 0 0]	[0 0 0 0 0 1 0 1 1]	[1 1 0 1 1 0]	[1 0 0 0 0 0]	[8]	[0 1 0 0 0 0 0 0 0]	[0 0 0 0 0 1 1 1 1]	[0 1 0 1 1 0]	[0 0 0 0 0 0]	[8]
79	0.40254727005958557	4.173701286315918	2.152557134628296	1.9897522926330566	0.016717994585633278	0.014674130827188492	False	[0 1 0 0 0 0 0 0 0]	[0 0 0 0 0 1 1 1 1]	[0 1 0 1 1 0]	[0 0 0 0 0 0]	[8]	[0 1 0 0 0 0 1 0 0]	[0 0 0 0 0 1 0 1 1]	[1 1 0 1 1 0]	[1 0 0 0 0 0]	[8]
79	0.3460361063480377	4.182549953460693	2.150022268295288	1.999703288078308	0.019642604514956474	0.013181524351239204	False	[0 1 0 0 0 0 1 0 0]	[0 0 0 0 0 1 0 1 1]	[1 1 0 1 1 0]	[1 0 0 0 0 0]	[8]	[0 1 0 0 0 0 0 0 0]	[0 0 0 0 0 1 1 1 1]	[0 1 0 1 1 0]	[0 0 0 0 0 0]	[8]
79	0.35421791672706604	4.1716694831848145	2.1442739963531494	1.9867645502090454	0.022372392937541008	0.018258798867464066	False	[0 1 0 0 0 0 0 0 0]	[0 0 0 0 0 1 1 1 1]	[0 1 0 1 1 0]	[0 0 0 0 0 0]	[8]	[0 1 0 0 0 0 1 0 0]	[0 0 0 0 0 1 0 1 1]	[1 1 0 1 1 0]	[1 0 0 0 0 0]	[8]
79	0.40920594334602356	4.162106037139893	2.149278163909912	1.9822918176651	0.014817167073488235	0.015718800947070122	False	[0 1 0 0 0 0 1 0 0]	[0 0 0 0 0 1 0 1 1]	[1 1 0 1 1 0]	[1 0 0 0 0 0]	[8]	[0 1 0 0 0 0 0 0 0]	[0 0 0 0 0 1 1 1 1]	[0 1 0 1 1 0]	[0 0 0 0 0 0]	[8]
79	0.339819997549057	4.192039489746094	2.1495440006256104	2.009960651397705	0.021409977227449417	0.01112475898116827	False	[0 1 0 0 0 0 0 0 0]	[0 0 0 0 0 1 1 1 1]	[0 1 0 1 1 0]	[0 0 0 0 0 0]	[8]	[0 1 0 0 0 0 1 0 0]	[0 0 0 0 0 1 0 1 1]	[1 1 0 1 1 0]	[1 0 0 0 0 0]	[8]
79	0.38193321228027344	4.168920516967773	2.1504385471343994	1.9888767004013062	0.0147731713950634	0.014832256361842155	False	[0 1 0 0 0 0 1 0 0]	[0 0 0 0 0 1 0 1 1]	[1 1 0 1 1 0]	[1 0 0 0 0 0]	[8]	[0 1 0 0 0 0 0 0 0]	[0 0 0 0 0 1 1 1 1]	[0 1 0 1 1 0]	[0 0 0 0 0 0]	[8]
79	0.36087659001350403	4.169253349304199	2.1491611003875732	1.9817827939987183	0.020859166979789734	0.01745012030005455	False	[0 1 0 0 0 0 0 0 0]	[0 0 0 0 0 1 1 1 1]	[0 1 0 1 1 0]	[0 0 0 0 0 0]	[8]	[0 1 0 0 0 0 1 0 0]	[0 0 0 0 0 1 0 1 1]	[1 1 0 1 1 0]	[1 0 0 0 0 0]	[8]
79	0.49724024534225464	4.17470645904541	2.150127410888672	1.9928417205810547	0.01871899887919426	0.013018314726650715	False	[0 1 0 0 0 0 1 0 0]	[0 0 0 0 0 1 0 1 1]	[1 1 0 1 1 0]	[1 0 0 0 0 0]	[8]	[0 1 0 0 0 0 0 0 0]	[0 0 0 0 0 1 1 1 1]	[0 1 0 1 1 0]	[0 0 0 0 0 0]	[8]
79	0.33694517612457275	4.178585529327393	2.152104139328003	1.9977829456329346	0.018622303381562233	0.010076186619699001	False	[0 1 0 0 0 0 0 0 0]	[0 0 0 0 0 1 1 1 1]	[0 1 0 1 1 0]	[0 0 0 0 0 0]	[8]	[0 1 0 0 0 0 1 0 0]	[0 0 0 0 0 1 0 1 1]	[1 1 0 1 1 0]	[1 0 0 0 0 0]	[8]
79	0.369967520236969	4.179213047027588	2.1533350944519043	1.9940361976623535	0.0164219718426466	0.0154197346419096	False	[0 1 0 0 0 0 1 0 0]	[0 0 0 0 0 1 0 1 1]	[1 1 0 1 1 0]	[1 0 0 0 0 0]	[8]	[0 1 0 0 0 0 0 0 0]	[0 0 0 0 0 1 1 1 1]	[0 1 0 1 1 0]	[0 0 0 0 0 0]	[8]
79	0.33647868037223816	4.185490608215332	2.149012804031372	2.0035958290100098	0.020535213872790337	0.012346651405096054	False	[0 1 0 0 0 0 0 0 0]	[0 0 0 0 0 1 1 1 1]	[0 1 0 1 1 0]	[0 0 0 0 0 0]	[8]	[0 1 0 0 0 0 1 0 0]	[0 0 0 0 0 1 0 1 1]	[1 1 0 1 1 0]	[1 0 0 0 0 0]	[8]
79	0.40920594334602356	4.177188873291016	2.1512138843536377	1.9931278228759766	0.018154755234718323	0.014692829921841621	False	[0 1 0 0 0 0 1 0 0]	[0 0 0 0 0 1 0 1 1]	[1 1 0 1 1 0]	[1 0 0 0 0 0]	[8]	[0 1 0 0 0 0 0 0 0]	[0 0 0 0 0 1 1 1 1]	[0 1 0 1 1 0]	[0 0 0 0 0 0]	[8]
79	0.35846832394599915	4.178941249847412	2.152247428894043	1.9978563785552979	0.015634844079613686	0.013202778063714504	False	[0 1 0 0 0 0 0 0 0]	[0 0 0 0 0 1 1 1 1]	[0 1 0 1 1 0]	[0 0 0 0 0 0]	[8]	[0 1 0 0 0 0 1 0 0]	[0 0 0 0 0 1 0 1 1]	[1 1 0 1 1 0]	[1 0 0 0 0 0]	[8]
79	0.4273877739906311	4.178979873657227	2.1466174125671387	1.993243932723999	0.02337506040930748	0.01574360765516758	False	[0 1 0 0 0 0 1 0 0]	[0 0 0 0 0 1 0 1 1]	[1 1 0 1 1 0]	[1 0 0 0 0 0]	[8]	[0 1 0 0 0 0 0 0 0]	[0 0 0 0 0 1 1 1 1]	[0 1 0 1 1 0]	[0 0 0 0 0 0]	[8]
80	-1.0	5.28847599029541	2.064788818359375	1.864525556564331	1.033531665802002	0.32563021779060364	False	[0 0 0 0 0 0 0 0 0]	[0 0 0 0 0 1 0 1 1]	[0 0 1 1 1 0]	[0 0 1 0 0 0]	[4]	[0 0 0 0 0 0 1 0 0]	[0 0 0 0 0 1 1 1 1]	[0 0 0 1 1 0]	[0 0 0 0 0 0]	[0]
80	-1.0	6.173267364501953	1.9149965047836304	2.1976919174194336	1.346512794494629	0.7140659093856812	False	[0 0 0 0 0 0 1 0 0]	[0 0 0 0 0 1 1 1 1]	[0 0 0 1 1 0]	[0 0 0 0 0 0]	[0]	[0 0 0 0 0 0 1 0 0]	[0 0 0 0 0 1 0 1 1]	[0 1 0 1 1 0]	[0 0 0 0 0 0]	[0]
80	-1.0	5.236645698547363	2.177544593811035	1.9531056880950928	0.5529707670211792	0.5530240535736084	False	[0 0 0 0 0 0 1 0 0]	[0 0 0 0 0 1 0 1 1]	[0 1 0 1 1 0]	[0 0 0 0 0 0]	[0]	[0 0 0 1 0 0 1 0 0]	[0 0 0 0 1 1 0 1 1]	[0 1 0 1 1 0]	[0 0 0 0 0 0]	[0]
80	-1.0	5.326961994171143	2.175544500350952	2.013718843460083	0.5590770840644836	0.5786212682723999	False	[0 0 0 1 0 0 1 0 0]	[0 0 0 0 1 1 0 1 1]	[0 1 0 1 1 0]	[0 0 0 0 0 0]	[0]	[0 0 0 0 0 0 1 0 0]	[0 0 0 0 0 1 0 1 1]	[0 1 0 1 1 0]	[0 0 0 0 0 0]	[0]
80	-1.0	5.233797073364258	2.1792008876800537	1.9724102020263672	0.5239405632019043	0.5582449436187744	False	[0 0 0 0 0 0 1 0 0]	[0 0 0 0 0 1 0 1 1]	[0 1 0 1 1 0]	[0 0 0 0 0 0]	[0]	[0 0 0 1 0 0 1 0 0]	[0 0 0 0 1 1 0 1 1]	[0 1 0 1 1 0]	[0 0 0 0 0 0]	[0]
80	-1.0	5.240826606750488	2.1770176887512207	1.993470549583435	0.5127266645431519	0.5576117038726807	False	[0 0 0 1 0 0 1 0 0]	[0 0 0 0 1 1 0 1 1]	[0 1 0 1 1 0]	[0 0 0 0 0 0]	[0]	[0 0 0 0 0 0 1 0 0]	[0 0 0 0 0 1 0 1 1]	[0 1 0 1 1 0]	[0 0 0 0 0 0]	[0]
80	-1.0	5.1981730461120605	2.1792521476745605	1.9642781019210815	0.5152204036712646	0.5394226908683777	False	[0 0 0 0 0 0 1 0 0]	[0 0 0 0 0 1 0 1 1]	[0 1 0 1 1 0]	[0 0 0 0 0 0]	[0]	[0 0 0 1 0 0 1 0 0]	[0 0 0 0 1 1 0 1 1]	[0 1 0 1 1 0]	[0 0 0 0 0 0]	[0]
80	-1.0	5.3675079345703125	2.177654504776001	2.013434410095215	0.5956373810768127	0.5807821750640869	False	[0 0 0 1 0 0 1 0 0]	[0 0 0 0 1 1 0 1 1]	[0 1 0 1 1 0]	[0 0 0 0 0 0]	[0]	[0 0 0 0 0 0 1 0 0]	[0 0 0 0 0 1 0 1 1]	[0 1 0 1 1 0]	[0 0 0 0 0 0]	[0]
80	-1.0	5.259276390075684	2.172750473022461	1.9973138570785522	0.5164692401885986	0.5727424621582031	False	[0 0 0 0 0 0 1 0 0]	[0 0 0 0 0 1 0 1 1]	[0 1 0 1 1 0]	[0 0 0 0 0 0]	[0]	[0 0 0 1 0 0 1 0 0]	[0 0 0 0 1 1 0 1 1]	[0 1 0 1 1 0]	[0 0 0 0 0 0]	[0]
80	-1.0	5.21811580657959	2.1740777492523193	1.9611716270446777	0.5294046998023987	0.5534621477127075	False	[0 0 0 1 0 0 1 0 0]	[0 0 0 0 1 1 0 1 1]	[0 1 0 1 1 0]	[0 0 0 0 0 0]	[0]	[0 0 0 0 0 0 1 0 0]	[0 0 0 0 0 1 0 1 1]	[0 1 0 1 1 0]	[0 0 0 0 0 0]	[0]
80	-1.0	5.215484142303467	2.175354242324829	1.9801785945892334	0.5217989087104797	0.5381522178649902	False	[0 0 0 0 0 0 1 0 0]	[0 0 0 0 0 1 0 1 1]	[0 1 0 1 1 0]	[0 0 0 0 0 0]	[0]	[0 0 0 1 0 0 1 0 0]	[0 0 0 0 1 1 0 1 1]	[0 1 0 1 1 0]	[0 0 0 0 0 0]	[0]
80	-1.0	5.265841007232666	2.1784985065460205	1.968441367149353	0.5583602786064148	0.5605409741401672	False	[0 0 0 1 0 0 1 0 0]	[0 0 0 0 1 1 0 1 1]	[0 1 0 1 1 0]	[0 0 0 0 0 0]	[0]	[0 0 0 0 0 0 1 0 0]	[0 0 0 0 0 1 0 1 1]	[0 1 0 1 1 0]	[0 0 0 0 0 0]	[0]
80	-1.0	5.156922817230225	2.1814868450164795	1.9402309656143188	0.5018529295921326	0.5333519577980042	False	[0 0 0 0 0 0 1 0 0]	[0 0 0 0 0 1 0 1 1]	[0 1 0 1 1 0]	[0 0 0 0 0 0]	[0]	[0 0 0 1 0 0 1 0 0]	[0 0 0 0 1 1 0 1 1]	[0 1 0 1 1 0]	[0 0 0 0 0 0]	[0]
80	-1.0	5.304348468780518	2.178508758544922	1.9774624109268188	0.5895969867706299	0.5587801933288574	False	[0 0 0 1 0 0 1 0 0]	[0 0 0 0 1 1 0 1 1]	[0 1 0 1 1 0]	[0 0 0 0 0 0]	[0]	[0 0 0 0 0 0 1 0 0]	[0 0 0 0 0 1 0 1 1]	[0 1 0 1 1 0]	[0 0 0 0 0 0]	[0]
80	-1.0	5.207043647766113	2.1849920749664307	1.9626874923706055	0.5142925381660461	0.5450713634490967	False	[0 0 0 0 0 0 1 0 0]	[0 0 0 0 0 1 0 1 1]	[0 1 0 1 1 0]	[0 0 0 0 0 0]	[0]	[0 0 0 1 0 0 1 0 0]	[0 0 0 0 1 1 0 1 1]	[0 1 0 1 1 0]	[0 0 0 0 0 0]	[0]
80	-1.0	5.388852119445801	2.185976982116699	1.980891466140747	0.6358414888381958	0.5861425399780273	False	[0 0 0 1 0 0 1 0 0]	[0 0 0 0 1 1 0 1 1]	[0 1 0 1 1 0]	[0 0 0 0 0 0]	[0]	[0 0 0 0 0 0 1 0 0]	[0 0 0 0 0 1 0 1 1]	[0 1 0 1 1 0]	[0 0 0 0 0 0]	[0]
80	-1.0	5.358260154724121	2.191056966781616	1.9863828420639038	0.5955537557601929	0.5852663516998291	False	[0 0 0 0 0 0 1 0 0]	[0 0 0 0 0 1 0 1 1]	[0 1 0 1 1 0]	[0 0 0 0 0 0]	[0]	[0 0 0 1 0 0 1 0 0]	[0 0 0 0 1 1 0 1 1]	[0 1 0 1 1 0]	[0 0 0 0 0 0]	[0]
80	-1.0	5.2969069480896	2.1769118309020996	1.9635471105575562	0.5937372446060181	0.5627108812332153	False	[0 0 0 1 0 0 1 0 0]	[0 0 0 0 1 1 0 1 1]	[0 1 0 1 1 0]	[0 0 0 0 0 0]	[0]	[0 0 0 0 0 0 1 0 0]	[0 0 0 0 0 1 0 1 1]	[0 1 0 1 1 0]	[0 0 0 0 0 0]	[0]
80	-1.0	5.084855556488037	2.1712512969970703	1.9368956089019775	0.4635057747364044	0.5132032036781311	False	[0 0 0 0 0 0 1 0 0]	[0 0 0 0 0 1 0 1 1]	[0 1 0 1 1 0]	[0 0 0 0 0 0]	[0]	[0 0 0 1 0 0 1 0 0]	[0 0 0 0 1 1 0 1 1]	[0 1 0 1 1 0]	[0 0 0 0 0 0]	[0]
80	-1.0	5.260408401489258	2.179309844970703	1.9582545757293701	0.5583428740501404	0.5645009279251099	False	[0 0 0 1 0 0 1 0 0]	[0 0 0 0 1 1 0 1 1]	[0 1 0 1 1 0]	[0 0 0 0 0 0]	[0]	[0 0 0 0 0 0 1 0 0]	[0 0 0 0 0 1 0 1 1]	[0 1 0 1 1 0]	[0 0 0 0 0 0]	[0]
80	-1.0	5.267960548400879	2.1760337352752686	1.9575257301330566	0.5579631328582764	0.576437771320343	False	[0 0 0 0 0 0 1 0 0]	[0 0 0 0 0 1 0 1 1]	[0 1 0 1 1 0]	[0 0 0 0 0 0]	[0]	[0 0 0 1 0 0 1 0 0]	[0 0 0 0 1 1 0 1 1]	[0 1 0 1 1 0]	[0 0 0 0 0 0]	[0]
80	-1.0	5.396747589111328	2.175755262374878	2.031306266784668	0.5873826146125793	0.6023029685020447	False	[0 0 0 1 0 0 1 0 0]	[0 0 0 0 1 1 0 1 1]	[0 1 0 1 1 0]	[0 0 0 0 0 0]	[0]	[0 0 0 0 0 0 1 0 0]	[0 0 0 0 0 1 0 1 1]	[0 1 0 1 1 0]	[0 0 0 0 0 0]	[0]
80	-1.0	5.187039375305176	2.1715447902679443	1.9645962715148926	0.5336312651634216	0.5172669887542725	False	[0 0 0 0 0 0 1 0 0]	[0 0 0 0 0 1 0 1 1]	[0 1 0 1 1 0]	[0 0 0 0 0 0]	[0]	[0 0 0 1 0 0 1 0 0]	[0 0 0 0 1 1 0 1 1]	[0 1 0 1 1 0]	[0 0 0 0 0 0]	[0]
80	-1.0	5.178116798400879	2.173567295074463	1.9827567338943481	0.4837687611579895	0.5380237698554993	False	[0 0 0 1 0 0 1 0 0]	[0 0 0 0 1 1 0 1 1]	[0 1 0 1 1 0]	[0 0 0 0 0 0]	[0]	[0 0 0 0 0 0 1 0 0]	[0 0 0 0 0 1 0 1 1]	[0 1 0 1 1 0]	[0 0 0 0 0 0]	[0]
80	-1.0	5.1895318031311035	2.177713632583618	1.9759654998779297	0.49260443449020386	0.5432485938072205	False	[0 0 0 0 0 0 1 0 0]	[0 0 0 0 0 1 0 1 1]	[0 1 0 1 1 0]	[0 0 0 0 0 0]	[0]	[0 0 0 1 0 0 1 0 0]	[0 0 0 0 1 1 0 1 1]	[0 1 0 1 1 0]	[0 0 0 0 0 0]	[0]
80	-1.0	5.229630947113037	2.1707746982574463	2.0087943077087402	0.5044775605201721	0.5455842018127441	False	[0 0 0 1 0 0 1 0 0]	[0 0 0 0 1 1 0 1 1]	[0 1 0 1 1 0]	[0 0 0 0 0 0]	[0]	[0 0 0 0 0 0 1 0 0]	[0 0 0 0 0 1 0 1 1]	[0 1 0 1 1 0]	[0 0 0 0 0 0]	[0]
80	-1.0	5.2544636726379395	2.174233913421631	2.013145923614502	0.5072898268699646	0.5597938299179077	False	[0 0 0 0 0 0 1 0 0]	[0 0 0 0 0 1 0 1 1]	[0 1 0 1 1 0]	[0 0 0 0 0 0]	[0]	[0 0 0 1 0 0 1 0 0]	[0 0 0 0 1 1 0 1 1]	[0 1 0 1 1 0]	[0 0 0 0 0 0]	[0]
80	-1.0	5.090816020965576	2.1730868816375732	1.9358662366867065	0.462765634059906	0.5190971493721008	False	[0 0 0 1 0 0 1 0 0]	[0 0 0 0 1 1 0 1 1]	[0 1 0 1 1 0]	[0 0 0 0 0 0]	[0]	[0 0 0 0 0 0 1 0 0]	[0 0 0 0 0 1 0 1 1]	[0 1 0 1 1 0]	[0 0 0 0 0 0]	[0]
80	-1.0	5.208420276641846	2.1809258460998535	1.9717118740081787	0.5012187957763672	0.5545641183853149	False	[0 0 0 0 0 0 1 0 0]	[0 0 0 0 0 1 0 1 1]	[0 1 0 1 1 0]	[0 0 0 0 0 0]	[0]	[0 0 0 1 0 0 1 0 0]	[0 0 0 0 1 1 0 1 1]	[0 1 0 1 1 0]	[0 0 0 0 0 0]	[0]
80	-1.0	5.29460334777832	2.177105188369751	1.9640177488327026	0.5705578923225403	0.5829225182533264	False	[0 0 0 1 0 0 1 0 0]	[0 0 0 0 1 1 0 1 1]	[0 1 0 1 1 0]	[0 0 0 0 0 0]	[0]	[0 0 0 0 0 0 1 0 0]	[0 0 0 0 0 1 0 1 1]	[0 1 0 1 1 0]	[0 0 0 0 0 0]	[0]
81	-1.0	7.220804691314697	2.1067166328430176	1.9696446657180786	1.5688811540603638	1.575562596321106	False	[0 0 0 0 0 0 0 0 0]	[0 1 0 1 0 0 0 0 0]	[1 1 0 0 0 0]	[0 0 0 1 1 1]	[0]	[0 0 0 0 0 0 0 0 0]	[0 1 0 1 0 0 1 0 0]	[1 1 0 0 1 0]	[0 0 0 1 1 1]	[0]
81	-1.0	6.339590549468994	2.026711940765381	1.8285586833953857	0.9503127336502075	1.53400719165802	False	[0 0 0 0 0 0 0 0 0]	[0 1 0 1 0 0 1 0 0]	[1 1 0 0 1 0]	[0 0 0 1 1 1]	[0]	[0 1 0 0 0 0 0 0 0]	[0 1 0 1 0 0 1 0 0]	[1 1 0 0 1 0]	[0 1 0 1 1 1]	[0]
81	-1.0	5.795891761779785	2.0428900718688965	1.712213397026062	0.9045051336288452	1.1362829208374023	False	[0 1 0 0 0 0 0 0 0]	[0 1 0 1 0 0 1 0 0]	[1 1 0 0 1 0]	[0 1 0 1 1 1]	[0]	[0 0 0 0 0 0 0 0 0]	[0 1 0 1 0 0 1 0 0]	[1 1 0 0 1 0]	[0 0 0 1 1 1]	[0]
81	-1.0	6.4613213539123535	2.0301766395568848	1.8227123022079468	1.0359892845153809	1.5724430084228516	False	[0 0 0 0 0 0 0 0 0]	[0 1 0 1 0 0 1 0 0]	[1 1 0 0 1 0]	[0 0 0 1 1 1]	[0]	[0 1 0 0 0 0 0 0 0]	[0 1 0 1 0 0 1 0 0]	[1 1 0 0 1 0]	[0 1 0 1 1 1]	[0]
81	-0.5	5.987941741943359	2.032674551010132	1.7087221145629883	0.9640858173370361	1.2824594974517822	False	[0 1 0 0 0 0 0 0 0]	[0 1 0 1 0 0 1 0 0]	[1 1 0 0 1 0]	[0 1 0 1 1 1]	[0]	[0 0 0 0 0 0 0 0 0]	[0 1 0 1 0 0 1 0 0]	[1 1 0 1 1 0]	[0 0 0 1 1 1]	[4]
81	-0.5	6.063634395599365	2.082977056503296	1.8004399538040161	0.6947486400604248	1.4854683876037598	False	[0 0 0 0 0 0 0 0 0]	[0 1 0 1 0 0 1 0 0]	[1 1 0 1 1 0]	[0 0 0 1 1 1]	[4]	[0 1 0 0 0 0 0 0 0]	[0 1 0 1 0 0 0 0 0]	[0 1 0 1 1 0]	[0 0 0 1 0 1]	[4]
81	-0.75	5.872100830078125	1.9797441959381104	1.8042442798614502	0.9064089059829712	1.1817036867141724	False	[0 1 0 0 0 0 0 0 0]	[0 1 0 1 0 0 0 0 0]	[0 1 0 1 1 0]	[0 0 0 1 0 1]	[4]	[0 0 0 0 0 0 0 0 0]	[0 1 0 1 0 0 1 0 0]	[0 1 0 0 1 0]	[0 1 0 1 0 1]	[2]
81	0.38193321228027344	4.879390716552734	2.0709567070007324	1.7724976539611816	0.3894299268722534	0.6465060710906982	False	[0 0 0 0 0 0 0 0 0]	[0 1 0 1 0 0 1 0 0]	[0 1 0 0 1 0]	[0 1 0 1 0 1]	[2]	[0 0 0 1 0 0 0 0 0]	[1 1 0 1 0 0 1 0 0]	[0 1 0 1 1 0]	[0 0 0 1 0 1]	[8]
81	-0.25	4.80194091796875	2.1179559230804443	1.6592614650726318	0.5542377829551697	0.4704859256744385	False	[0 0 0 1 0 0 0 0 0]	[1 1 0 1 0 0 1 0 0]	[0 1 0 1 1 0]	[0 0 0 1 0 1]	[8]	[0 0 0 1 0 0 0 0 1]	[0 1 0 1 0 0 1 0 0]	[1 1 0 1 1 0]	[0 0 0 1 0 0]	[6]
81	0.4728423058986664	4.9792866706848145	2.1365132331848145	1.9745023250579834	0.46955958008766174	0.39871159195899963	False	[0 0 0 1 0 0 0 0 1]	[0 1 0 1 0 0 1 0 0]	[1 1 0 1 1 0]	[0 0 0 1 0 0]	[6]	[0 0 0 1 0 0 1 0 1]	[0 1 0 0 0 0 1 0 0]	[0 1 0 1 1 0]	[0 0 0 0 0 0]	[8]
81	0.32097718119621277	4.15546989440918	2.0936896800994873	2.027620553970337	0.0291299931704998	0.005029875785112381	False	[0 0 0 1 0 0 1 0 1]	[0 1 0 0 0 0 1 0 0]	[0 1 0 1 1 0]	[0 0 0 0 0 0]	[8]	[0 0 0 1 0 0 0 0 1]	[1 1 0 0 0 0 1 0 0]	[1 1 0 1 1 0]	[1 0 0 0 0 0]	[8]
81	0.4728423058986664	4.109950065612793	2.086048126220703	1.9917936325073242	0.02606959268450737	0.006038743536919355	False	[0 0 0 1 0 0 0 0 1]	[1 1 0 0 0 0 1 0 0]	[1 1 0 1 1 0]	[1 0 0 0 0 0]	[8]	[0 0 0 1 0 0 1 0 1]	[0 1 0 0 0 0 1 0 0]	[0 1 0 1 1 0]	[0 0 0 0 0 0]	[8]
81	0.3642418384552002	4.164061546325684	2.0954179763793945	2.0279977321624756	0.03440769016742706	0.006238103844225407	False	[0 0 0 1 0 0 1 0 1]	[0 1 0 0 0 0 1 0 0]	[0 1 0 1 1 0]	[0 0 0 0 0 0]	[8]	[0 0 0 1 0 0 0 0 1]	[1 1 0 0 0 0 1 0 0]	[1 1 0 1 1 0]	[1 0 0 0 0 0]	[8]
81	0.44556957483291626	4.116311073303223	2.079803943634033	1.994513750076294	0.03477650135755539	0.007216264493763447	False	[0 0 0 1 0 0 0 0 1]	[1 1 0 0 0 0 1 0 0]	[1 1 0 1 1 0]	[1 0 0 0 0 0]	[8]	[0 0 0 1 0 0 1 0 1]	[0 1 0 0 0 0 1 0 0]	[0 1 0 1 1 0]	[0 0 0 0 0 0]	[8]
81	0.3334093987941742	4.167002201080322	2.0952534675598145	2.0275206565856934	0.03767029196023941	0.00655807089060545	False	[0 0 0 1 0 0 1 0 1]	[0 1 0 0 0 0 1 0 0]	[0 1 0 1 1 0]	[0 0 0 0 0 0]	[8]	[0 0 0 1 0 0 0 0 1]	[1 1 0 0 0 0 1 0 0]	[1 1 0 1 1 0]	[1 0 0 0 0 0]	[8]
81	0.41829684376716614	4.090924263000488	2.0715575218200684	1.9652976989746094	0.04797465354204178	0.006094538141041994	False	[0 0 0 1 0 0 0 0 1]	[1 1 0 0 0 0 1 0 0]	[1 1 0 1 1 0]	[1 0 0 0 0 0]	[8]	[0 0 0 1 0 0 1 0 1]	[0 1 0 0 0 0 1 0 0]	[0 1 0 1 1 0]	[0 0 0 0 0 0]	[8]
81	0.3786158561706543	4.16635274887085	2.0946719646453857	2.029161214828491	0.035728197544813156	0.006791381165385246	False	[0 0 0 1 0 0 1 0 1]	[0 1 0 0 0 0 1 0 0]	[0 1 0 1 1 0]	[0 0 0 0 0 0]	[8]	[0 0 0 1 0 0 0 0 1]	[1 1 0 0 0 0 1 0 0]	[1 1 0 1 1 0]	[1 0 0 0 0 0]	[8]
81	0.48193320631980896	4.108152866363525	2.0792059898376465	1.9937933683395386	0.028438132256269455	0.006715315394103527	False	[0 0 0 1 0 0 0 0 1]	[1 1 0 0 0 0 1 0 0]	[1 1 0 1 1 0]	[1 0 0 0 0 0]	[8]	[0 0 0 1 0 0 1 0 1]	[0 1 0 0 0 0 1 0 0]	[0 1 0 1 1 0]	[0 0 0 0 0 0]	[8]
81	0.35552263259887695	4.1569671630859375	2.0987162590026855	2.027165174484253	0.024281803518533707	0.006804106291383505	False	[0 0 0 1 0 0 1 0 1]	[0 1 0 0 0 0 1 0 0]	[0 1 0 1 1 0]	[0 0 0 0 0 0]	[8]	[0 0 0 1 0 0 0 0 1]	[1 1 0 0 0 0 1 0 0]	[1 1 0 1 1 0]	[1 0 0 0 0 0]	[8]
81	0.4637514054775238	4.114419937133789	2.0728955268859863	1.9934403896331787	0.04166579246520996	0.0064181555062532425	False	[0 0 0 1 0 0 0 0 1]	[1 1 0 0 0 0 1 0 0]	[1 1 0 1 1 0]	[1 0 0 0 0 0]	[8]	[0 0 0 1 0 0 1 0 1]	[0 1 0 0 0 0 1 0 0]	[0 1 0 1 1 0]	[0 0 0 0 0 0]	[8]
81	0.36090055108070374	4.160966396331787	2.0880768299102783	2.0204570293426514	0.0464618094265461	0.005970721133053303	False	[0 0 0 1 0 0 1 0 1]	[0 1 0 0 0 0 1 0 0]	[0 1 0 1 1 0]	[0 0 0 0 0 0]	[8]	[0 0 0 1 0 0 0 0 1]	[1 1 0 0 0 0 1 0 0]	[1 1 0 1 1 0]	[1 0 0 0 0 0]	[8]
81	0.5092059373855591	4.127962589263916	2.074772596359253	1.999544620513916	0.04854477941989899	0.005100864917039871	False	[0 0 0 1 0 0 0 0 1]	[1 1 0 0 0 0 1 0 0]	[1 1 0 1 1 0]	[1 0 0 0 0 0]	[8]	[0 0 0 1 0 0 1 0 1]	[0 1 0 0 0 0 1 0 0]	[0 1 0 1 1 0]	[0 0 0 0 0 0]	[8]
81	0.37151458859443665	4.145569324493408	2.086256504058838	2.015545606613159	0.03753466159105301	0.006232538726180792	False	[0 0 0 1 0 0 1 0 1]	[0 1 0 0 0 0 1 0 0]	[0 1 0 1 1 0]	[0 0 0 0 0 0]	[8]	[0 0 0 1 0 0 0 0 1]	[1 1 0 0 0 0 1 0 0]	[1 1 0 1 1 0]	[1 0 0 0 0 0]	[8]
81	0.4637514054775238	4.117528438568115	2.0776402950286865	1.9930408000946045	0.04038923606276512	0.00645841658115387	False	[0 0 0 1 0 0 0 0 1]	[1 1 0 0 0 0 1 0 0]	[1 1 0 1 1 0]	[1 0 0 0 0 0]	[8]	[0 0 0 1 0 0 1 0 1]	[0 1 0 0 0 0 1 0 0]	[0 1 0 1 1 0]	[0 0 0 0 0 0]	[8]
81	0.3099205493927002	4.162667751312256	2.09521484375	2.028391122817993	0.03361104801297188	0.005451408680528402	False	[0 0 0 1 0 0 1 0 1]	[0 1 0 0 0 0 1 0 0]	[0 1 0 1 1 0]	[0 0 0 0 0 0]	[8]	[0 0 0 1 0 0 0 0 1]	[1 1 0 0 0 0 1 0 0]	[1 1 0 1 1 0]	[1 0 0 0 0 0]	[8]
81	0.5063311457633972	4.098213195800781	2.076986074447632	1.9869163036346436	0.02866433933377266	0.005646664649248123	False	[0 0 0 1 0 0 0 0 1]	[1 1 0 0 0 0 1 0 0]	[1 1 0 1 1 0]	[1 0 0 0 0 0]	[8]	[0 0 0 1 0 0 1 0 1]	[0 1 0 0 0 0 1 0 0]	[0 1 0 1 1 0]	[0 0 0 0 0 0]	[8]
81	0.30679765343666077	4.161247730255127	2.0966813564300537	2.026845932006836	0.031088316813111305	0.006631643511354923	False	[0 0 0 1 0 0 1 0 1]	[0 1 0 0 0 0 1 0 0]	[0 1 0 1 1 0]	[0 0 0 0 0 0]	[8]	[0 0 0 1 0 0 0 0 1]	[1 1 0 0 0 0 1 0 0]	[1 1 0 1 1 0]	[1 0 0 0 0 0]	[8]
81	0.4364786744117737	4.1048808097839355	2.0850210189819336	1.9868208169937134	0.027391795068979263	0.005647073965519667	False	[0 0 0 1 0 0 0 0 1]	[1 1 0 0 0 0 1 0 0]	[1 1 0 1 1 0]	[1 0 0 0 0 0]	[8]	[0 0 0 1 0 0 1 0 1]	[0 1 0 0 0 0 1 0 0]	[0 1 0 1 1 0]	[0 0 0 0 0 0]	[8]
81	0.3048558831214905	4.161370277404785	2.0984740257263184	2.030128002166748	0.027089836075901985	0.005678236950188875	False	[0 0 0 1 0 0 1 0 1]	[0 1 0 0 0 0 1 0 0]	[0 1 0 1 1 0]	[0 0 0 0 0 0]	[8]	[0 0 0 1 0 0 0 0 1]	[1 1 0 0 0 0 1 0 0]	[1 1 0 1 1 0]	[1 0 0 0 0 0]	[8]
81	0.5460360646247864	4.10528564453125	2.077460289001465	1.9851994514465332	0.03751033544540405	0.00511567946523428	False	[0 0 0 1 0 0 0 0 1]	[1 1 0 0 0 0 1 0 0]	[1 1 0 1 1 0]	[1 0 0 0 0 0]	[8]	[0 0 0 1 0 0 1 0 1]	[0 1 0 0 0 0 1 0 0]	[0 1 0 1 1 0]	[0 0 0 0 0 0]	[8]
82	-1.0	4.919495105743408	2.147020101547241	1.5783394575119019	0.5101991891860962	0.6839365363121033	False	[1 0 0 0 0 0 0 0 0]	[0 1 0 1 1 0 0 0 0]	[1 0 1 0 0 1]	[0 0 0 0 0 0]	[0]	[1 0 0 0 0 0 1 0 0]	[0 1 0 1 1 0 0 0 0]	[1 0 1 0 0 1]	[0 0 0 0 0 0]	[0]
82	-1.0	4.909922122955322	2.140045166015625	1.6217588186264038	0.520925760269165	0.6271918416023254	False	[1 0 0 0 0 0 1 0 0]	[0 1 0 1 1 0 0 0 0]	[1 0 1 0 0 1]	[0 0 0 0 0 0]	[0]	[1 0 0 0 0 0 0 0 0]	[0 1 0 1 1 0 0 0 0]	[1 0 1 0 0 1]	[0 0 0 0 0 0]	[0]
82	-1.0	4.983926773071289	2.1480941772460938	1.6040745973587036	0.5594886541366577	0.6722692847251892	False	[1 0 0 0 0 0 0 0 0]	[0 1 0 1 1 0 0 0 0]	[1 0 1 0 0 1]	[0 0 0 0 0 0]	[0]	[1 0 0 0 0 0 1 0 0]	[0 1 0 1 1 0 0 0 0]	[1 0 1 0 0 1]	[0 0 0 0 0 0]	[0]
82	-1.0	5.152350902557373	2.151423454284668	1.7081135511398315	0.5899369716644287	0.7028764486312866	False	[1 0 0 0 0 0 1 0 0]	[0 1 0 1 1 0 0 0 0]	[1 0 1 0 0 1]	[0 0 0 0 0 0]	[0]	[1 0 0 0 0 0 0 0 0]	[0 1 0 1 1 0 0 0 0]	[1 0 1 0 0 1]	[0 0 0 0 0 0]	[0]
82	-1.0	4.956520080566406	2.145409107208252	1.637818455696106	0.4961603879928589	0.677132248878479	False	[1 0 0 0 0 0 0 0 0]	[0 1 0 1 1 0 0 0 0]	[1 0 1 0 0 1]	[0 0 0 0 0 0]	[0]	[1 0 0 0 0 0 1 0 0]	[0 1 0 1 1 0 0 0 0]	[1 0 1 0 0 1]	[0 0 0 0 0 0]	[0]
82	-1.0	4.8706865310668945	2.1488139629364014	1.569068431854248	0.5013319849967957	0.6514719724655151	False	[1 0 0 0 0 0 1 0 0]	[0 1 0 1 1 0 0 0 0]	[1 0 1 0 0 1]	[0 0 0 0 0 0]	[0]	[1 0 0 0 0 0 0 0 0]	[0 1 0 1 1 0 0 0 0]	[1 0 1 0 0 1]	[0 0 0 0 0 0]	[0]
82	-1.0	4.978748321533203	2.143045663833618	1.6347832679748535	0.5481604337692261	0.6527591943740845	False	[1 0 0 0 0 0 0 0 0]	[0 1 0 1 1 0 0 0 0]	[1 0 1 0 0 1]	[0 0 0 0 0 0]	[0]	[1 0 0 0 0 0 1 0 0]	[0 1 0 1 1 0 0 0 0]	[1 0 1 0 0 1]	[0 0 0 0 0 0]	[0]
82	-1.0	5.063835144042969	2.1500754356384277	1.6831562519073486	0.5456452369689941	0.6849584579467773	False	[1 0 0 0 0 0 1 0 0]	[0 1 0 1 1 0 0 0 0]	[1 0 1 0 0 1]	[0 0 0 0 0 0]	[0]	[1 0 0 0 0 0 0 0 0]	[0 1 0 1 1 0 0 0 0]	[1 0 1 0 0 1]	[0 0 0 0 0 0]	[0]
82	-1.0	4.863985061645508	2.1304931640625	1.640148639678955	0.47541555762290955	0.6179276704788208	False	[1 0 0 0 0 0 0 0 0]	[0 1 0 1 1 0 0 0 0]	[1 0 1 0 0 1]	[0 0 0 0 0 0]	[0]	[1 0 0 0 0 0 1 0 0]	[0 1 0 1 1 0 0 0 0]	[1 0 1 0 0 1]	[0 0 0 0 0 0]	[0]
82	-1.0	4.810825824737549	2.141780376434326	1.61238694190979	0.45159614086151123	0.6050623655319214	False	[1 0 0 0 0 0 1 0 0]	[0 1 0 1 1 0 0 0 0]	[1 0 1 0 0 1]	[0 0 0 0 0 0]	[0]	[1 0 0 0 0 0 0 0 0]	[0 1 0 1 1 0 0 0 0]	[1 0 1 0 0 1]	[0 0 0 0 0 0]	[0]
82	-1.0	4.804718017578125	2.1436362266540527	1.5745673179626465	0.4702957272529602	0.6162184476852417	False	[1 0 0 0 0 0 0 0 0]	[0 1 0 1 1 0 0 0 0]	[1 0 1 0 0 1]	[0 0 0 0 0 0]	[0]	[1 0 0 0 0 0 1 0 0]	[0 1 0 1 1 0 0 0 0]	[1 0 1 0 0 1]	[0 0 0 0 0 0]	[0]
82	-1.0	4.915272235870361	2.1486525535583496	1.6655784845352173	0.45187872648239136	0.6491629481315613	False	[1 0 0 0 0 0 1 0 0]	[0 1 0 1 1 0 0 0 0]	[1 0 1 0 0 1]	[0 0 0 0 0 0]	[0]	[1 0 0 0 0 0 0 0 0]	[0 1 0 1 1 0 0 0 0]	[1 0 1 0 0 1]	[0 0 0 0 0 0]	[0]
82	-1.0	5.272849082946777	2.1406991481781006	1.8036692142486572	0.6479259729385376	0.6805548667907715	False	[1 0 0 0 0 0 0 0 0]	[0 1 0 1 1 0 0 0 0]	[1 0 1 0 0 1]	[0 0 0 0 0 0]	[0]	[1 0 0 0 0 0 1 0 0]	[0 1 0 1 1 0 0 0 0]	[1 0 1 0 0 1]	[0 0 0 0 0 0]	[0]
82	-1.0	5.121145725250244	2.148315668106079	1.6505732536315918	0.6140495538711548	0.7082072496414185	False	[1 0 0 0 0 0 1 0 0]	[0 1 0 1 1 0 0 0 0]	[1 0 1 0 0 1]	[0 0 0 0 0 0]	[0]	[1 0 0 0 0 0 0 0 0]	[0 1 0 1 1 0 0 0 0]	[1 0 1 0 0 1]	[0 0 0 0 0 0]	[0]
82	-1.0	4.983104228973389	2.144716262817383	1.658810019493103	0.506754994392395	0.6728228330612183	False	[1 0 0 0 0 0 0 0 0]	[0 1 0 1 1 0 0 0 0]	[1 0 1 0 0 1]	[0 0 0 0 0 0]	[0]	[1 0 0 0 0 0 1 0 0]	[0 1 0 1 1 0 0 0 0]	[1 0 1 0 0 1]	[0 0 0 0 0 0]	[0]
82	-1.0	4.982570171356201	2.147935152053833	1.5935993194580078	0.5486346483230591	0.6924007534980774	False	[1 0 0 0 0 0 1 0 0]	[0 1 0 1 1 0 0 0 0]	[1 0 1 0 0 1]	[0 0 0 0 0 0]	[0]	[1 0 0 0 0 0 0 0 0]	[0 1 0 1 1 0 0 0 0]	[1 0 1 0 0 1]	[0 0 0 0 0 0]	[0]
82	-1.0	5.113050937652588	2.1468749046325684	1.674670696258545	0.5877983570098877	0.7037073969841003	False	[1 0 0 0 0 0 0 0 0]	[0 1 0 1 1 0 0 0 0]	[1 0 1 0 0 1]	[0 0 0 0 0 0]	[0]	[1 0 0 0 0 0 1 0 0]	[0 1 0 1 1 0 0 0 0]	[1 0 1 0 0 1]	[0 0 0 0 0 0]	[0]
82	-1.0	4.943229675292969	2.146362066268921	1.6305724382400513	0.5354732275009155	0.6308217644691467	False	[1 0 0 0 0 0 1 0 0]	[0 1 0 1 1 0 0 0 0]	[1 0 1 0 0 1]	[0 0 0 0 0 0]	[0]	[1 0 0 0 0 0 0 0 0]	[0 1 0 1 1 0 0 0 0]	[1 0 1 0 0 1]	[0 0 0 0 0 0]	[0]
82	-1.0	4.727887153625488	2.145169734954834	1.5506740808486938	0.40588659048080444	0.6261570453643799	False	[1 0 0 0 0 0 0 0 0]	[0 1 0 1 1 0 0 0 0]	[1 0 1 0 0 1]	[0 0 0 0 0 0]	[0]	[1 0 0 0 0 0 1 0 0]	[0 1 0 1 1 0 0 0 0]	[1 0 1 0 0 1]	[0 0 0 0 0 0]	[0]
82	-1.0	4.899838447570801	2.152855396270752	1.6081783771514893	0.48663032054901123	0.652174711227417	False	[1 0 0 0 0 0 1 0 0]	[0 1 0 1 1 0 0 0 0]	[1 0 1 0 0 1]	[0 0 0 0 0 0]	[0]	[1 0 0 0 0 0 0 0 0]	[0 1 0 1 1 0 0 0 0]	[1 0 1 0 0 1]	[0 0 0 0 0 0]	[0]
82	-1.0	4.825795650482178	2.140268564224243	1.5895382165908813	0.4519426226615906	0.6440462470054626	False	[1 0 0 0 0 0 0 0 0]	[0 1 0 1 1 0 0 0 0]	[1 0 1 0 0 1]	[0 0 0 0 0 0]	[0]	[1 0 0 0 0 0 1 0 0]	[0 1 0 1 1 0 0 0 0]	[1 0 1 0 0 1]	[0 0 0 0 0 0]	[0]
82	-1.0	4.879537582397461	2.1425747871398926	1.6170364618301392	0.490037202835083	0.6298893690109253	False	[1 0 0 0 0 0 1 0 0]	[0 1 0 1 1 0 0 0 0]	[1 0 1 0 0 1]	[0 0 0 0 0 0]	[0]	[1 0 0 0 0 0 0 0 0]	[0 1 0 1 1 0 0 0 0]	[1 0 1 0 0 1]	[0 0 0 0 0 0]	[0]
82	-1.0	5.190849304199219	2.151763916015625	1.7329559326171875	0.5928901433944702	0.7132394313812256	False	[1 0 0 0 0 0 0 0 0]	[0 1 0 1 1 0 0 0 0]	[1 0 1 0 0 1]	[0 0 0 0 0 0]	[0]	[1 0 0 0 0 0 1 0 0]	[0 1 0 1 1 0 0 0 0]	[1 0 1 0 0 1]	[0 0 0 0 0 0]	[0]
82	-1.0	4.944117069244385	2.1475796699523926	1.5860588550567627	0.5477931499481201	0.6626852750778198	False	[1 0 0 0 0 0 1 0 0]	[0 1 0 1 1 0 0 0 0]	[1 0 1 0 0 1]	[0 0 0 0 0 0]	[0]	[1 0 0 0 0 0 0 0 0]	[0 1 0 1 1 0 0 0 0]	[1 0 1 0 0 1]	[0 0 0 0 0 0]	[0]
82	-1.0	4.954129695892334	2.1411514282226562	1.65751314163208	0.5023610591888428	0.6531043648719788	False	[1 0 0 0 0 0 0 0 0]	[0 1 0 1 1 0 0 0 0]	[1 0 1 0 0 1]	[0 0 0 0 0 0]	[0]	[1 0 0 0 0 0 1 0 0]	[0 1 0 1 1 0 0 0 0]	[1 0 1 0 0 1]	[0 0 0 0 0 0]	[0]
82	-1.0	4.90336799621582	2.1500892639160156	1.5915896892547607	0.5118865966796875	0.6498019695281982	False	[1 0 0 0 0 0 1 0 0]	[0 1 0 1 1 0 0 0 0]	[1 0 1 0 0 1]	[0 0 0 0 0 0]	[0]	[1 0 0 0 0 0 0 0 0]	[0 1 0 1 1 0 0 0 0]	[1 0 1 0 0 1]	[0 0 0 0 0 0]	[0]
82	-1.0	4.991207599639893	2.142517328262329	1.6407064199447632	0.5339051485061646	0.6740789413452148	False	[1 0 0 0 0 0 0 0 0]	[0 1 0 1 1 0 0 0 0]	[1 0 1 0 0 1]	[0 0 0 0 0 0]	[0]	[1 0 0 0 0 0 1 0 0]	[0 1 0 1 1 0 0 0 0]	[1 0 1 0 0 1]	[0 0 0 0 0 0]	[0]
82	-1.0	4.740952491760254	2.1389362812042236	1.625920295715332	0.373848557472229	0.6022471189498901	False	[1 0 0 0 0 0 1 0 0]	[0 1 0 1 1 0 0 0 0]	[1 0 1 0 0 1]	[0 0 0 0 0 0]	[0]	[1 0 0 0 0 0 0 0 0]	[0 1 0 1 1 0 0 0 0]	[1 0 1 0 0 1]	[0 0 0 0 0 0]	[0]
82	-1.0	4.610391139984131	2.1412012577056885	1.49176824092865	0.37044087052345276	0.6069806218147278	False	[1 0 0 0 0 0 0 0 0]	[0 1 0 1 1 0 0 0 0]	[1 0 1 0 0 1]	[0 0 0 0 0 0]	[0]	[1 0 0 0 0 0 1 0 0]	[0 1 0 1 1 0 0 0 0]	[1 0 1 0 0 1]	[0 0 0 0 0 0]	[0]
82	-1.0	4.861110687255859	2.1519381999969482	1.577085018157959	0.4645375609397888	0.6675498485565186	False	[1 0 0 0 0 0 1 0 0]	[0 1 0 1 1 0 0 0 0]	[1 0 1 0 0 1]	[0 0 0 0 0 0]	[0]	[1 0 0 0 0 0 0 0 0]	[0 1 0 1 1 0 0 0 0]	[1 0 1 0 0 1]	[0 0 0 0 0 0]	[0]
83	-1.0	6.589839935302734	2.0317065715789795	2.10128116607666	1.4489539861679077	1.0078978538513184	False	[0 0 0 1 0 1 0 0 1]	[0 0 0 0 0 0 1 0 0]	[0 0 0 0 0 0]	[0 0 0 0 0 1]	[0]	[0 0 0 1 0 1 0 0 1]	[0 0 0 0 0 0 1 0 0]	[0 1 0 0 0 0]	[0 0 0 0 0 0]	[0]
83	-1.0	5.19906759262085	1.741477608680725	2.0897767543792725	0.1049576923251152	1.2628554105758667	False	[0 0 0 1 0 1 0 0 1]	[0 0 0 0 0 0 1 0 0]	[0 1 0 0 0 0]	[0 0 0 0 0 0]	[0]	[0 0 0 1 0 1 0 0 1]	[0 0 1 0 0 0 1 0 0]	[0 1 0 0 1 0]	[0 0 0 0 0 0]	[0]
83	-1.0	6.143760681152344	2.2214484214782715	2.130741834640503	0.8605695962905884	0.9310010671615601	False	[0 0 0 1 0 1 0 0 1]	[0 0 1 0 0 0 1 0 0]	[0 1 0 0 1 0]	[0 0 0 0 0 0]	[0]	[0 0 0 1 0 1 1 0 1]	[0 0 1 0 0 0 1 0 1]	[0 1 0 1 1 0]	[1 0 0 0 0 0]	[0]
83	-1.0	5.966118335723877	2.249542713165283	2.1305770874023438	0.7054049372673035	0.8805936574935913	False	[0 0 0 1 0 1 1 0 1]	[0 0 1 0 0 0 1 0 1]	[0 1 0 1 1 0]	[1 0 0 0 0 0]	[0]	[0 1 0 1 0 1 1 0 1]	[0 0 1 0 0 0 1 0 0]	[1 1 0 1 1 0]	[0 0 0 0 0 0]	[0]
83	-1.0	5.895724773406982	2.140733003616333	1.9020763635635376	0.8341137766838074	1.0188018083572388	False	[0 1 0 1 0 1 1 0 1]	[0 0 1 0 0 0 1 0 0]	[1 1 0 1 1 0]	[0 0 0 0 0 0]	[0]	[0 0 0 1 0 1 1 0 1]	[0 0 1 0 0 0 1 0 0]	[1 1 0 1 1 0]	[1 0 0 0 0 0]	[0]
83	0.4881493151187897	6.0597429275512695	2.241577625274658	2.1363983154296875	0.7850354313850403	0.8967313766479492	False	[0 0 0 1 0 1 1 0 1]	[0 0 1 0 0 0 1 0 0]	[1 1 0 1 1 0]	[1 0 0 0 0 0]	[0]	[0 1 0 1 0 1 1 0 1]	[0 0 1 0 0 0 1 0 0]	[0 1 0 1 1 0]	[0 0 0 0 0 0]	[8]
83	0.35846832394599915	4.187380313873291	2.1772549152374268	1.9846452474594116	0.015881136059761047	0.009599417448043823	False	[0 1 0 1 0 1 1 0 1]	[0 0 1 0 0 0 1 0 0]	[0 1 0 1 1 0]	[0 0 0 0 0 0]	[8]	[0 1 0 1 0 1 0 0 1]	[0 0 1 0 0 0 0 0 0]	[1 1 0 1 1 0]	[1 0 0 0 0 0]	[8]
83	0.421638160943985	4.057090759277344	2.0365734100341797	1.974653959274292	0.02349887043237686	0.022364117205142975	False	[0 1 0 1 0 1 0 0 1]	[0 0 1 0 0 0 0 0 0]	[1 1 0 1 1 0]	[1 0 0 0 0 0]	[8]	[0 1 0 1 0 1 0 0 0]	[0 0 1 0 0 0 0 0 1]	[0 1 0 1 1 0]	[0 0 0 0 0 0]	[8]
83	0.39724022150039673	4.151049613952637	2.0801029205322266	2.029946804046631	0.027670234441757202	0.013329310342669487	False	[0 1 0 1 0 1 0 0 0]	[0 0 1 0 0 0 0 0 1]	[0 1 0 1 1 0]	[0 0 0 0 0 0]	[8]	[1 1 0 1 0 1 0 0 0]	[0 1 1 0 0 0 0 0 1]	[1 1 0 1 1 0]	[1 0 0 0 0 0]	[8]
83	0.36952492594718933	4.150684356689453	2.0758440494537354	2.039058208465576	0.02316490188241005	0.01261715404689312	False	[1 1 0 1 0 1 0 0 0]	[0 1 1 0 0 0 0 0 1]	[1 1 0 1 1 0]	[1 0 0 0 0 0]	[8]	[0 1 0 1 0 1 0 0 0]	[0 0 1 0 0 0 0 0 1]	[0 1 0 1 1 0]	[0 0 0 0 0 0]	[8]
83	0.3992059528827667	4.154239177703857	2.075270414352417	2.04487943649292	0.021237093955278397	0.012852828949689865	False	[0 1 0 1 0 1 0 0 0]	[0 0 1 0 0 0 0 0 1]	[0 1 0 1 1 0]	[0 0 0 0 0 0]	[8]	[1 1 0 1 0 1 0 0 0]	[0 1 1 0 0 0 0 0 1]	[1 1 0 1 1 0]	[1 0 0 0 0 0]	[8]
83	0.3402864933013916	4.144847393035889	2.077138662338257	2.0392954349517822	0.015021075494587421	0.013392217457294464	False	[1 1 0 1 0 1 0 0 0]	[0 1 1 0 0 0 0 0 1]	[1 1 0 1 1 0]	[1 0 0 0 0 0]	[8]	[0 1 0 1 0 1 0 0 0]	[0 0 1 0 0 0 0 0 1]	[0 1 0 1 1 0]	[0 0 0 0 0 0]	[8]
83	0.421638160943985	4.145418643951416	2.0796284675598145	2.0359034538269043	0.018640585243701935	0.011246347799897194	False	[0 1 0 1 0 1 0 0 0]	[0 0 1 0 0 0 0 0 1]	[0 1 0 1 1 0]	[0 0 0 0 0 0]	[8]	[1 1 0 1 0 1 0 0 0]	[0 1 1 0 0 0 0 0 1]	[1 1 0 1 1 0]	[1 0 0 0 0 0]	[8]
83	0.35846832394599915	4.148684501647949	2.0750160217285156	2.044870615005493	0.017178889364004135	0.011619116179645061	False	[1 1 0 1 0 1 0 0 0]	[0 1 1 0 0 0 0 0 1]	[1 1 0 1 1 0]	[1 0 0 0 0 0]	[8]	[0 1 0 1 0 1 0 0 0]	[0 0 1 0 0 0 0 0 1]	[0 1 0 1 1 0]	[0 0 0 0 0 0]	[8]
83	0.33072906732559204	4.168845176696777	2.0775985717773438	2.0403194427490234	0.037899188697338104	0.013028159737586975	False	[0 1 0 1 0 1 0 0 0]	[0 0 1 0 0 0 0 0 1]	[0 1 0 1 1 0]	[0 0 0 0 0 0]	[8]	[1 1 0 1 0 1 0 0 0]	[0 1 1 0 0 0 0 0 1]	[1 1 0 1 1 0]	[1 0 0 0 0 0]	[8]
83	0.3786158561706543	4.148557186126709	2.080521583557129	2.0430705547332764	0.012474272400140762	0.012490932829678059	False	[1 1 0 1 0 1 0 0 0]	[0 1 1 0 0 0 0 0 1]	[1 1 0 1 1 0]	[1 0 0 0 0 0]	[8]	[0 1 0 1 0 1 0 0 0]	[0 0 1 0 0 0 0 0 1]	[0 1 0 1 1 0]	[0 0 0 0 0 0]	[8]
83	0.391024112701416	4.149694919586182	2.077047824859619	2.0390067100524902	0.019851859658956528	0.013788878917694092	False	[0 1 0 1 0 1 0 0 0]	[0 0 1 0 0 0 0 0 1]	[0 1 0 1 1 0]	[0 0 0 0 0 0]	[8]	[1 1 0 1 0 1 0 0 0]	[0 1 1 0 0 0 0 0 1]	[1 1 0 1 1 0]	[1 0 0 0 0 0]	[8]
83	0.4852745234966278	4.146584510803223	2.0813140869140625	2.032992362976074	0.0176602341234684	0.01461808755993843	False	[1 1 0 1 0 1 0 0 0]	[0 1 1 0 0 0 0 0 1]	[1 1 0 1 1 0]	[1 0 0 0 0 0]	[8]	[0 1 0 1 0 1 0 0 0]	[0 0 1 0 0 0 0 0 1]	[0 1 0 1 1 0]	[0 0 0 0 0 0]	[8]
83	0.400115042924881	4.144392013549805	2.0580697059631348	2.050107479095459	0.025302359834313393	0.010912543162703514	False	[0 1 0 1 0 1 0 0 0]	[0 0 1 0 0 0 0 0 1]	[0 1 0 1 1 0]	[0 0 0 0 0 0]	[8]	[1 1 0 1 0 1 0 0 0]	[0 1 1 0 0 0 0 0 1]	[1 1 0 1 1 0]	[1 0 0 0 0 0]	[8]
83	0.37952494621276855	4.1461005210876465	2.0804407596588135	2.038527011871338	0.013933663256466389	0.013199059292674065	False	[1 1 0 1 0 1 0 0 0]	[0 1 1 0 0 0 0 0 1]	[1 1 0 1 1 0]	[1 0 0 0 0 0]	[8]	[0 1 0 1 0 1 0 0 0]	[0 0 1 0 0 0 0 0 1]	[0 1 0 1 1 0]	[0 0 0 0 0 0]	[8]
83	0.3790584206581116	4.161504745483398	2.0795443058013916	2.0456411838531494	0.022702518850564957	0.013616465032100677	False	[0 1 0 1 0 1 0 0 0]	[0 0 1 0 0 0 0 0 1]	[0 1 0 1 1 0]	[0 0 0 0 0 0]	[8]	[1 1 0 1 0 1 0 0 0]	[0 1 1 0 0 0 0 0 1]	[1 1 0 1 1 0]	[1 0 0 0 0 0]	[8]
83	0.42497947812080383	4.170629501342773	2.071786403656006	2.039459466934204	0.04629204422235489	0.01309176255017519	False	[1 1 0 1 0 1 0 0 0]	[0 1 1 0 0 0 0 0 1]	[1 1 0 1 1 0]	[1 0 0 0 0 0]	[8]	[0 1 0 1 0 1 0 0 0]	[0 0 1 0 0 0 0 0 1]	[0 1 0 1 1 0]	[0 0 0 0 0 0]	[8]
83	0.41829684376716614	4.154471397399902	2.080819606781006	2.0358235836029053	0.024779416620731354	0.013049197383224964	False	[0 1 0 1 0 1 0 0 0]	[0 0 1 0 0 0 0 0 1]	[0 1 0 1 1 0]	[0 0 0 0 0 0]	[8]	[1 1 0 1 0 1 0 0 0]	[0 1 1 0 0 0 0 0 1]	[1 1 0 1 1 0]	[1 0 0 0 0 0]	[8]
83	0.37330880761146545	4.1530866622924805	2.0789954662323	2.048159599304199	0.011265449225902557	0.01466592401266098	False	[1 1 0 1 0 1 0 0 0]	[0 1 1 0 0 0 0 0 1]	[1 1 0 1 1 0]	[1 0 0 0 0 0]	[8]	[0 1 0 1 0 1 0 0 0]	[0 0 1 0 0 0 0 0 1]	[0 1 0 1 1 0]	[0 0 0 0 0 0]	[8]
83	0.38193321228027344	4.136117935180664	2.0711002349853516	2.0411293506622314	0.013653128407895565	0.010235113091766834	False	[0 1 0 1 0 1 0 0 0]	[0 0 1 0 0 0 0 0 1]	[0 1 0 1 1 0]	[0 0 0 0 0 0]	[8]	[1 1 0 1 0 1 0 0 0]	[0 1 1 0 0 0 0 0 1]	[1 1 0 1 1 0]	[1 0 0 0 0 0]	[8]
83	0.4278542697429657	4.150467872619629	2.0818421840667725	2.034088134765625	0.019864507019519806	0.014672774821519852	False	[1 1 0 1 0 1 0 0 0]	[0 1 1 0 0 0 0 0 1]	[1 1 0 1 1 0]	[1 0 0 0 0 0]	[8]	[0 1 0 1 0 1 0 0 0]	[0 0 1 0 0 0 0 0 1]	[0 1 0 1 1 0]	[0 0 0 0 0 0]	[8]
83	0.4154220521450043	4.14176607131958	2.0771846771240234	2.031139850616455	0.02011745050549507	0.01332414522767067	False	[0 1 0 1 0 1 0 0 0]	[0 0 1 0 0 0 0 0 1]	[0 1 0 1 1 0]	[0 0 0 0 0 0]	[8]	[1 1 0 1 0 1 0 0 0]	[0 1 1 0 0 0 0 0 1]	[1 1 0 1 1 0]	[1 0 0 0 0 0]	[8]
83	0.44178569316864014	4.140207290649414	2.074291706085205	2.0385849475860596	0.014773819595575333	0.012556630186736584	False	[1 1 0 1 0 1 0 0 0]	[0 1 1 0 0 0 0 0 1]	[1 1 0 1 1 0]	[1 0 0 0 0 0]	[8]	[0 1 0 1 0 1 0 0 0]	[0 0 1 0 0 0 0 0 1]	[0 1 0 1 1 0]	[0 0 0 0 0 0]	[8]
83	0.3790584206581116	4.147129535675049	2.081737995147705	2.033083438873291	0.018430670723319054	0.01387753151357174	False	[0 1 0 1 0 1 0 0 0]	[0 0 1 0 0 0 0 0 1]	[0 1 0 1 1 0]	[0 0 0 0 0 0]	[8]	[1 1 0 1 0 1 0 0 0]	[0 1 1 0 0 0 0 0 1]	[1 1 0 1 1 0]	[1 0 0 0 0 0]	[8]
83	0.3786158561706543	4.161438465118408	2.0858254432678223	2.0412023067474365	0.01583370566368103	0.01857694610953331	False	[1 1 0 1 0 1 0 0 0]	[0 1 1 0 0 0 0 0 1]	[1 1 0 1 1 0]	[1 0 0 0 0 0]	[8]	[0 1 0 1 0 1 0 0 0]	[0 0 1 0 0 0 0 0 1]	[0 1 0 1 1 0]	[0 0 0 0 0 0]	[8]
84	0.10032956302165985	5.166306972503662	2.0043857097625732	2.0013325214385986	1.0755709409713745	0.08501771092414856	False	[1 0 0 0 0 1 0 0 1]	[0 0 0 0 0 0 1 0 0]	[0 1 1 1 0 0]	[1 0 0 0 0 0]	[12]	[0 0 0 0 0 1 0 0 1]	[0 0 0 0 0 0 0 0 0]	[0 1 0 1 0 0]	[0 0 0 0 0 0]	[12]
84	0.32453688979148865	4.176840782165527	2.0005311965942383	1.9692107439041138	0.16727398335933685	0.03982493281364441	False	[0 0 0 0 0 1 0 0 1]	[0 0 0 0 0 0 0 0 0]	[0 1 0 1 0 0]	[0 0 0 0 0 0]	[12]	[1 0 0 0 0 1 0 0 1]	[0 0 0 0 0 0 1 0 0]	[0 1 0 1 1 0]	[1 0 0 0 0 0]	[24]
84	0.48193320631980896	4.030554294586182	2.011094331741333	1.9928152561187744	0.01582007110118866	0.010824445635080338	False	[1 0 0 0 0 1 0 0 1]	[0 0 0 0 0 0 1 0 0]	[0 1 0 1 1 0]	[1 0 0 0 0 0]	[24]	[1 0 0 0 0 1 0 0 0]	[0 0 0 0 0 0 1 0 1]	[1 1 0 1 1 0]	[0 0 0 0 0 0]	[8]
84	0.45466047525405884	4.085755348205566	2.141779661178589	1.9213638305664062	0.010759849101305008	0.011851603165268898	False	[1 0 0 0 0 1 0 0 0]	[0 0 0 0 0 0 1 0 1]	[1 1 0 1 1 0]	[0 0 0 0 0 0]	[8]	[0 0 0 0 0 1 0 0 0]	[0 0 0 0 0 0 0 0 1]	[0 1 0 1 1 0]	[1 0 0 0 0 0]	[8]
84	0.05373600870370865	4.0148749351501465	1.9817885160446167	2.005497455596924	0.008539725095033646	0.019049033522605896	False	[0 0 0 0 0 1 0 0 0]	[0 0 0 0 0 0 0 0 1]	[0 1 0 1 1 0]	[1 0 0 0 0 0]	[8]	[0 0 0 0 0 0 0 0 0]	[0 0 0 0 0 0 0 0 0]	[1 1 0 1 1 0]	[0 0 0 0 0 0]	[72]
84	0.054674793034791946	4.169528007507324	2.1198923587799072	2.0200185775756836	0.0220221858471632	0.007594875060021877	False	[0 0 0 0 0 0 0 0 0]	[0 0 0 0 0 0 0 0 0]	[1 1 0 1 1 0]	[0 0 0 0 0 0]	[72]	[0 0 1 0 0 0 0 0 0]	[1 0 0 0 0 0 0 0 0]	[0 1 0 1 1 0]	[1 0 0 0 0 0]	[8]
84	0.08068974316120148	4.155187129974365	2.1199827194213867	2.008927583694458	0.01907205581665039	0.007205230183899403	False	[0 0 1 0 0 0 0 0 0]	[1 0 0 0 0 0 0 0 0]	[0 1 0 1 1 0]	[1 0 0 0 0 0]	[8]	[0 0 0 0 0 0 0 0 0]	[1 0 0 0 0 0 0 0 1]	[1 1 0 1 1 0]	[0 0 0 0 0 0]	[8]
84	0.05129228159785271	4.033437728881836	2.0264909267425537	1.98323655128479	0.007457600440829992	0.01625272072851658	False	[0 0 0 0 0 0 0 0 0]	[1 0 0 0 0 0 0 0 1]	[1 1 0 1 1 0]	[0 0 0 0 0 0]	[8]	[0 0 0 0 0 0 0 0 1]	[1 0 0 0 0 0 0 0 0]	[0 1 0 1 1 0]	[1 0 0 0 0 0]	[8]
84	0.4426947832107544	4.150914669036865	2.1086103916168213	2.0072293281555176	0.024998938664793968	0.010075666010379791	False	[0 0 0 0 0 0 0 0 1]	[1 0 0 0 0 0 0 0 0]	[0 1 0 1 1 0]	[1 0 0 0 0 0]	[8]	[0 0 1 0 0 0 0 0 1]	[1 0 0 0 0 0 0 0 1]	[1 1 0 1 1 0]	[0 0 0 0 0 0]	[8]
84	0.07214774191379547	4.045787334442139	2.010122776031494	2.0017054080963135	0.012923762202262878	0.021035335958003998	False	[0 0 1 0 0 0 0 0 1]	[1 0 0 0 0 0 0 0 1]	[1 1 0 1 1 0]	[0 0 0 0 0 0]	[8]	[0 0 1 0 0 0 0 0 0]	[1 0 0 0 0 0 0 0 0]	[0 1 0 1 1 0]	[1 0 0 0 0 0]	[8]
84	0.0949162095785141	4.155765056610107	2.1278493404388428	2.0075581073760986	0.013522917404770851	0.006834463682025671	False	[0 0 1 0 0 0 0 0 0]	[1 0 0 0 0 0 0 0 0]	[0 1 0 1 1 0]	[1 0 0 0 0 0]	[8]	[0 0 0 0 0 0 0 0 0]	[1 0 0 0 0 0 0 0 1]	[1 1 0 1 1 0]	[0 0 0 0 0 0]	[8]
84	0.05667594075202942	4.031407833099365	2.0242767333984375	1.9842725992202759	0.008669432252645493	0.014189229346811771	False	[0 0 0 0 0 0 0 0 0]	[1 0 0 0 0 0 0 0 1]	[1 1 0 1 1 0]	[0 0 0 0 0 0]	[8]	[0 0 0 0 0 0 0 0 1]	[1 0 0 0 0 0 0 0 0]	[0 1 0 1 1 0]	[1 0 0 0 0 0]	[8]
84	0.4728423058986664	4.170294284820557	2.1217281818389893	2.011721611022949	0.02705405279994011	0.009791003540158272	False	[0 0 0 0 0 0 0 0 1]	[1 0 0 0 0 0 0 0 0]	[0 1 0 1 1 0]	[1 0 0 0 0 0]	[8]	[0 0 1 0 0 0 0 0 1]	[1 0 0 0 0 0 0 0 1]	[1 1 0 1 1 0]	[0 0 0 0 0 0]	[8]
84	0.06279147416353226	4.027929782867432	2.0152785778045654	1.9855568408966064	0.013826512731611729	0.013267850503325462	False	[0 0 1 0 0 0 0 0 1]	[1 0 0 0 0 0 0 0 1]	[1 1 0 1 1 0]	[0 0 0 0 0 0]	[8]	[0 0 1 0 0 0 0 0 0]	[1 0 0 0 0 0 0 0 0]	[0 1 0 1 1 0]	[1 0 0 0 0 0]	[8]
84	0.041144758462905884	4.157479763031006	2.1059257984161377	2.019866466522217	0.02431808039546013	0.007369004189968109	False	[0 0 1 0 0 0 0 0 0]	[1 0 0 0 0 0 0 0 0]	[0 1 0 1 1 0]	[1 0 0 0 0 0]	[8]	[0 0 0 0 0 0 0 0 0]	[0 0 0 0 0 0 0 0 0]	[1 1 0 1 1 0]	[0 0 0 0 0 0]	[72]
84	0.04132772609591484	4.174008369445801	2.1238584518432617	2.018781900405884	0.025986677035689354	0.005381816066801548	False	[0 0 0 0 0 0 0 0 0]	[0 0 0 0 0 0 0 0 0]	[1 1 0 1 1 0]	[0 0 0 0 0 0]	[72]	[0 0 0 0 0 0 0 1 0]	[1 0 0 0 0 0 0 0 0]	[0 1 0 1 1 0]	[1 0 0 0 0 0]	[8]
84	0.45466047525405884	4.160910129547119	2.117812156677246	2.0120925903320312	0.023027926683425903	0.007977277971804142	False	[0 0 0 0 0 0 0 1 0]	[1 0 0 0 0 0 0 0 0]	[0 1 0 1 1 0]	[1 0 0 0 0 0]	[8]	[0 0 1 0 0 0 0 1 0]	[1 0 0 0 0 0 0 0 1]	[1 1 0 1 1 0]	[0 0 0 0 0 0]	[8]
84	0.4699675142765045	4.00804328918457	2.09706449508667	1.89792799949646	0.00940935593098402	0.0036415527574718	False	[0 0 1 0 0 0 0 1 0]	[1 0 0 0 0 0 0 0 1]	[1 1 0 1 1 0]	[0 0 0 0 0 0]	[8]	[0 0 0 0 0 0 0 1 0]	[1 0 0 1 0 0 0 0 1]	[0 1 0 1 1 0]	[1 0 0 0 0 0]	[8]
84	0.34556958079338074	3.998480796813965	2.0977602005004883	1.8848044872283936	0.012299916706979275	0.003615990513935685	False	[0 0 0 0 0 0 0 1 0]	[1 0 0 1 0 0 0 0 1]	[0 1 0 1 1 0]	[1 0 0 0 0 0]	[8]	[0 0 1 0 0 0 0 1 0]	[1 0 0 0 0 0 0 0 1]	[1 1 0 1 1 0]	[0 0 0 0 0 0]	[8]
84	0.4637514054775238	4.004778861999512	2.098431348800659	1.8912590742111206	0.010796476155519485	0.004291790537536144	False	[0 0 1 0 0 0 0 1 0]	[1 0 0 0 0 0 0 0 1]	[1 1 0 1 1 0]	[0 0 0 0 0 0]	[8]	[0 0 0 0 0 0 0 1 0]	[1 0 0 1 0 0 0 0 1]	[0 1 0 1 1 0]	[1 0 0 0 0 0]	[8]
84	0.4728423058986664	4.007958889007568	2.0982394218444824	1.8942710161209106	0.011399419978260994	0.004049406386911869	False	[0 0 0 0 0 0 0 1 0]	[1 0 0 1 0 0 0 0 1]	[0 1 0 1 1 0]	[1 0 0 0 0 0]	[8]	[0 0 1 0 0 0 0 1 0]	[1 0 0 0 0 0 0 0 1]	[1 1 0 1 1 0]	[0 0 0 0 0 0]	[8]
84	0.5455695986747742	3.99198842048645	2.0862085819244385	1.8896095752716064	0.011137675493955612	0.005032487213611603	False	[0 0 1 0 0 0 0 1 0]	[1 0 0 0 0 0 0 0 1]	[1 1 0 1 1 0]	[0 0 0 0 0 0]	[8]	[0 0 0 0 0 0 0 1 0]	[1 0 0 1 0 0 0 0 1]	[0 1 0 1 1 0]	[1 0 0 0 0 0]	[8]
84	0.4154220521450043	3.9663190841674805	2.096553087234497	1.8559335470199585	0.010716752149164677	0.0031158369965851307	False	[0 0 0 0 0 0 0 1 0]	[1 0 0 1 0 0 0 0 1]	[0 1 0 1 1 0]	[1 0 0 0 0 0]	[8]	[0 0 1 0 0 0 0 1 0]	[1 0 0 0 0 0 0 0 1]	[1 1 0 1 1 0]	[0 0 0 0 0 0]	[8]
84	0.5001150369644165	4.013509750366211	2.099695920944214	1.8959481716156006	0.014226313680410385	0.0036392882466316223	False	[0 0 1 0 0 0 0 1 0]	[1 0 0 0 0 0 0 0 1]	[1 1 0 1 1 0]	[0 0 0 0 0 0]	[8]	[0 0 0 0 0 0 0 1 0]	[1 0 0 1 0 0 0 0 1]	[0 1 0 1 1 0]	[1 0 0 0 0 0]	[8]
84	0.4881493151187897	4.033729553222656	2.096200704574585	1.9196808338165283	0.011856181547045708	0.005992078687995672	False	[0 0 0 0 0 0 0 1 0]	[1 0 0 1 0 0 0 0 1]	[0 1 0 1 1 0]	[1 0 0 0 0 0]	[8]	[0 0 1 0 0 0 0 1 0]	[1 0 0 0 0 0 0 0 1]	[1 1 0 1 1 0]	[0 0 0 0 0 0]	[8]
84	0.5187633633613586	4.006700038909912	2.0890884399414062	1.9000041484832764	0.012348610907793045	0.005258913617581129	False	[0 0 1 0 0 0 0 1 0]	[1 0 0 0 0 0 0 0 1]	[1 1 0 1 1 0]	[0 0 0 0 0 0]	[8]	[0 0 0 0 0 0 0 1 0]	[1 0 0 1 0 0 0 0 1]	[0 1 0 1 1 0]	[1 0 0 0 0 0]	[8]
84	0.4910241365432739	4.003904342651367	2.102180004119873	1.8856841325759888	0.012456569820642471	0.00358391716144979	False	[0 0 0 0 0 0 0 1 0]	[1 0 0 1 0 0 0 0 1]	[0 1 0 1 1 0]	[1 0 0 0 0 0]	[8]	[0 0 1 0 0 0 0 1 0]	[1 0 0 0 0 0 0 0 1]	[1 1 0 1 1 0]	[0 0 0 0 0 0]	[8]
84	0.4699675142765045	4.018261432647705	2.103278160095215	1.8972878456115723	0.013729867525398731	0.003965280018746853	False	[0 0 1 0 0 0 0 1 0]	[1 0 0 0 0 0 0 0 1]	[1 1 0 1 1 0]	[0 0 0 0 0 0]	[8]	[0 0 0 0 0 0 0 1 0]	[1 0 0 1 0 0 0 0 1]	[0 1 0 1 1 0]	[1 0 0 0 0 0]	[8]
84	0.421638160943985	3.9707133769989014	2.0897908210754395	1.8653703927993774	0.011469710618257523	0.004082569852471352	False	[0 0 0 0 0 0 0 1 0]	[1 0 0 1 0 0 0 0 1]	[0 1 0 1 1 0]	[1 0 0 0 0 0]	[8]	[0 0 1 0 0 0 0 1 0]	[1 0 0 0 0 0 0 0 1]	[1 1 0 1 1 0]	[0 0 0 0 0 0]	[8]
84	0.48193320631980896	4.007548809051514	2.090885877609253	1.899617075920105	0.012224702164530754	0.004821164067834616	False	[0 0 1 0 0 0 0 1 0]	[1 0 0 0 0 0 0 0 1]	[1 1 0 1 1 0]	[0 0 0 0 0 0]	[8]	[0 0 0 0 0 0 0 1 0]	[1 0 0 1 0 0 0 0 1]	[0 1 0 1 1 0]	[1 0 0 0 0 0]	[8]
85	-0.5	6.314333438873291	2.079608917236328	1.866417646408081	1.2242069244384766	1.1440995931625366	False	[0 0 0 0 0 1 0 1 1]	[0 0 0 1 0 0 1 0 0]	[0 0 1 0 0 0]	[0 0 1 1 0 1]	[0]	[0 0 0 0 0 1 0 1 1]	[0 0 0 1 0 1 1 0 0]	[0 0 1 0 0 0]	[0 0 1 1 0 1]	[4]
85	-0.75	6.2245941162109375	2.0943732261657715	1.793806552886963	1.5686931610107422	0.7677212357521057	False	[0 0 0 0 0 1 0 1 1]	[0 0 0 1 0 1 1 0 0]	[0 0 1 0 0 0]	[0 0 1 1 0 1]	[4]	[1 0 0 0 0 1 0 1 1]	[0 0 0 1 0 0 1 0 0]	[0 0 1 0 0 1]	[0 0 1 1 0 0]	[2]
85	-0.75	4.942745208740234	2.027679920196533	1.8842805624008179	0.23465046286582947	0.7961337566375732	False	[1 0 0 0 0 1 0 1 1]	[0 0 0 1 0 0 1 0 0]	[0 0 1 0 0 1]	[0 0 1 1 0 0]	[2]	[1 1 0 0 0 1 0 1 1]	[0 0 0 1 0 1 1 0 0]	[0 0 1 1 0 1]	[0 0 1 1 1 0]	[2]
85	-0.75	5.550193786621094	2.029937982559204	1.8510029315948486	0.936401903629303	0.7328510284423828	False	[1 1 0 0 0 1 0 1 1]	[0 0 0 1 0 1 1 0 0]	[0 0 1 1 0 1]	[0 0 1 1 1 0]	[2]	[1 0 0 0 0 1 0 1 1]	[0 0 0 1 0 0 1 0 0]	[0 0 1 0 0 1]	[0 0 0 1 1 0]	[2]
85	-0.25	4.995078086853027	2.058976888656616	1.9498248100280762	0.268707811832428	0.7175687551498413	False	[1 0 0 0 0 1 0 1 1]	[0 0 0 1 0 0 1 0 0]	[0 0 1 0 0 1]	[0 0 0 1 1 0]	[2]	[1 1 0 0 0 1 0 1 1]	[0 0 0 1 0 1 1 0 0]	[0 0 1 1 0 1]	[0 0 0 1 0 0]	[6]
85	0.400115042924881	5.095334529876709	2.0586318969726562	1.9529331922531128	0.7576836347579956	0.3260857164859772	False	[1 1 0 0 0 1 0 1 1]	[0 0 0 1 0 1 1 0 0]	[0 0 1 1 0 1]	[0 0 0 1 0 0]	[6]	[1 1 0 0 1 1 0 1 1]	[0 0 0 0 0 1 1 0 0]	[1 0 1 1 0 1]	[0 0 0 0 0 0]	[8]
85	0.3336038589477539	4.034731388092041	2.134441375732422	1.8374950885772705	0.057589780539274216	0.005205357912927866	False	[1 1 0 0 1 1 0 1 1]	[0 0 0 0 0 1 1 0 0]	[1 0 1 1 0 1]	[0 0 0 0 0 0]	[8]	[1 1 0 0 0 1 0 1 1]	[0 0 0 1 0 1 1 0 0]	[0 0 1 1 0 1]	[1 0 0 0 0 0]	[8]
85	0.4063311517238617	4.000856399536133	2.1451923847198486	1.834120512008667	0.017992204055190086	0.003551195375621319	False	[1 1 0 0 0 1 0 1 1]	[0 0 0 1 0 1 1 0 0]	[0 0 1 1 0 1]	[1 0 0 0 0 0]	[8]	[1 1 0 0 1 1 0 1 1]	[0 0 0 0 0 1 1 0 0]	[1 0 1 1 0 1]	[0 0 0 0 0 0]	[8]
85	0.33647868037223816	4.014090538024902	2.1358048915863037	1.8523807525634766	0.023139074444770813	0.002765628043562174	False	[1 1 0 0 1 1 0 1 1]	[0 0 0 0 0 1 1 0 0]	[1 0 1 1 0 1]	[0 0 0 0 0 0]	[8]	[1 1 0 0 0 1 0 1 1]	[0 0 0 1 0 1 1 0 0]	[0 0 1 1 0 1]	[1 0 0 0 0 0]	[8]
85	0.46087661385536194	3.9820075035095215	2.1338038444519043	1.8175694942474365	0.027622895315289497	0.003011115826666355	False	[1 1 0 0 0 1 0 1 1]	[0 0 0 1 0 1 1 0 0]	[0 0 1 1 0 1]	[1 0 0 0 0 0]	[8]	[1 1 0 0 1 1 0 1 1]	[0 0 0 0 0 1 1 0 0]	[1 0 1 1 0 1]	[0 0 0 0 0 0]	[8]
85	0.32451295852661133	4.001632213592529	2.139667272567749	1.8271245956420898	0.031968601047992706	0.0028716709930449724	False	[1 1 0 0 1 1 0 1 1]	[0 0 0 0 0 1 1 0 0]	[1 0 1 1 0 1]	[0 0 0 0 0 0]	[8]	[1 1 0 0 0 1 0 1 1]	[0 0 0 1 0 1 1 0 0]	[0 0 1 1 0 1]	[1 0 0 0 0 0]	[8]
85	0.4637514054775238	3.9884979724884033	2.1440060138702393	1.8271352052688599	0.014304962009191513	0.00305183045566082	False	[1 1 0 0 0 1 0 1 1]	[0 0 0 1 0 1 1 0 0]	[0 0 1 1 0 1]	[1 0 0 0 0 0]	[8]	[1 1 0 0 1 1 0 1 1]	[0 0 0 0 0 1 1 0 0]	[1 0 1 1 0 1]	[0 0 0 0 0 0]	[8]
85	0.31588858366012573	3.986689805984497	2.1385464668273926	1.8232181072235107	0.021907560527324677	0.003017712850123644	False	[1 1 0 0 1 1 0 1 1]	[0 0 0 0 0 1 1 0 0]	[1 0 1 1 0 1]	[0 0 0 0 0 0]	[8]	[1 1 0 0 0 1 0 1 1]	[0 0 0 1 0 1 1 0 0]	[0 0 1 1 0 1]	[1 0 0 0 0 0]	[8]
85	0.4273877739906311	4.034855842590332	2.1397452354431152	1.8534798622131348	0.038752395659685135	0.0028780216816812754	False	[1 1 0 0 0 1 0 1 1]	[0 0 0 1 0 1 1 0 0]	[0 0 1 1 0 1]	[1 0 0 0 0 0]	[8]	[1 1 0 0 1 1 0 1 1]	[0 0 0 0 0 1 1 0 0]	[1 0 1 1 0 1]	[0 0 0 0 0 0]	[8]
85	0.3551270067691803	3.997908115386963	2.139775514602661	1.8359782695770264	0.018796108663082123	0.0033581177704036236	False	[1 1 0 0 1 1 0 1 1]	[0 0 0 0 0 1 1 0 0]	[1 0 1 1 0 1]	[0 0 0 0 0 0]	[8]	[1 1 0 0 0 1 0 1 1]	[0 0 0 1 0 1 1 0 0]	[0 0 1 1 0 1]	[1 0 0 0 0 0]	[8]
85	0.451785683631897	4.018606185913086	2.1367733478546143	1.856892704963684	0.020951732993125916	0.003988206852227449	False	[1 1 0 0 0 1 0 1 1]	[0 0 0 1 0 1 1 0 0]	[0 0 1 1 0 1]	[1 0 0 0 0 0]	[8]	[1 1 0 0 1 1 0 1 1]	[0 0 0 0 0 1 1 0 0]	[1 0 1 1 0 1]	[0 0 0 0 0 0]	[8]
85	0.33647868037223816	4.006240367889404	2.132270574569702	1.8276885747909546	0.043400220572948456	0.0028809653595089912	False	[1 1 0 0 1 1 0 1 1]	[0 0 0 0 0 1 1 0 0]	[1 0 1 1 0 1]	[0 0 0 0 0 0]	[8]	[1 1 0 0 0 1 0 1 1]	[0 0 0 1 0 1 1 0 0]	[0 0 1 1 0 1]	[1 0 0 0 0 0]	[8]
85	0.4364786744117737	4.038538455963135	2.142399787902832	1.8500144481658936	0.04320141300559044	0.0029229451902210712	False	[1 1 0 0 0 1 0 1 1]	[0 0 0 1 0 1 1 0 0]	[0 0 1 1 0 1]	[1 0 0 0 0 0]	[8]	[1 1 0 0 1 1 0 1 1]	[0 0 0 0 0 1 1 0 0]	[1 0 1 1 0 1]	[0 0 0 0 0 0]	[8]
85	0.3489108979701996	3.999871253967285	2.1411027908325195	1.8315794467926025	0.024398859590291977	0.002790174214169383	False	[1 1 0 0 1 1 0 1 1]	[0 0 0 0 0 1 1 0 0]	[1 0 1 1 0 1]	[0 0 0 0 0 0]	[8]	[1 1 0 0 0 1 0 1 1]	[0 0 0 1 0 1 1 0 0]	[0 0 1 1 0 1]	[1 0 0 0 0 0]	[8]
85	0.4699675142765045	4.035794258117676	2.1429529190063477	1.8440093994140625	0.04420005530118942	0.004631822928786278	False	[1 1 0 0 0 1 0 1 1]	[0 0 0 1 0 1 1 0 0]	[0 0 1 1 0 1]	[1 0 0 0 0 0]	[8]	[1 1 0 0 1 1 0 1 1]	[0 0 0 0 0 1 1 0 0]	[1 0 1 1 0 1]	[0 0 0 0 0 0]	[8]
85	0.36087659001350403	4.028717517852783	2.147050380706787	1.853973150253296	0.024452727288007736	0.003241670783609152	False	[1 1 0 0 1 1 0 1 1]	[0 0 0 0 0 1 1 0 0]	[1 0 1 1 0 1]	[0 0 0 0 0 0]	[8]	[1 1 0 0 0 1 0 1 1]	[0 0 0 1 0 1 1 0 0]	[0 0 1 1 0 1]	[1 0 0 0 0 0]	[8]
85	0.44603610038757324	4.022477149963379	2.141336441040039	1.8415452241897583	0.03683757409453392	0.0027580037713050842	False	[1 1 0 0 0 1 0 1 1]	[0 0 0 1 0 1 1 0 0]	[0 0 1 1 0 1]	[1 0 0 0 0 0]	[8]	[1 1 0 0 1 1 0 1 1]	[0 0 0 0 0 1 1 0 0]	[1 0 1 1 0 1]	[0 0 0 0 0 0]	[8]
85	0.32451295852661133	3.9636409282684326	2.13818359375	1.8068655729293823	0.014911741018295288	0.0036799111403524876	False	[1 1 0 0 1 1 0 1 1]	[0 0 0 0 0 1 1 0 0]	[1 0 1 1 0 1]	[0 0 0 0 0 0]	[8]	[1 1 0 0 0 1 0 1 1]	[0 0 0 1 0 1 1 0 0]	[0 0 1 1 0 1]	[1 0 0 0 0 0]	[8]
85	0.45466047525405884	4.0101165771484375	2.1389920711517334	1.8427467346191406	0.02389492467045784	0.004482749849557877	False	[1 1 0 0 0 1 0 1 1]	[0 0 0 1 0 1 1 0 0]	[0 0 1 1 0 1]	[1 0 0 0 0 0]	[8]	[1 1 0 0 1 1 0 1 1]	[0 0 0 0 0 1 1 0 0]	[1 0 1 1 0 1]	[0 0 0 0 0 0]	[8]
85	0.30920594930648804	3.987130641937256	2.134526252746582	1.8150602579116821	0.033662740141153336	0.003881376702338457	False	[1 1 0 0 1 1 0 1 1]	[0 0 0 0 0 1 1 0 0]	[1 0 1 1 0 1]	[0 0 0 0 0 0]	[8]	[1 1 0 0 0 1 0 1 1]	[0 0 0 1 0 1 1 0 0]	[0 0 1 1 0 1]	[1 0 0 0 0 0]	[8]
85	0.4278542697429657	4.024588108062744	2.138989210128784	1.8522917032241821	0.030220013111829758	0.0030868765898048878	False	[1 1 0 0 0 1 0 1 1]	[0 0 0 1 0 1 1 0 0]	[0 0 1 1 0 1]	[1 0 0 0 0 0]	[8]	[1 1 0 0 1 1 0 1 1]	[0 0 0 0 0 1 1 0 0]	[1 0 1 1 0 1]	[0 0 0 0 0 0]	[8]
85	0.33072906732559204	3.9986348152160645	2.138432741165161	1.8332018852233887	0.023976534605026245	0.003023529890924692	False	[1 1 0 0 1 1 0 1 1]	[0 0 0 0 0 1 1 0 0]	[1 0 1 1 0 1]	[0 0 0 0 0 0]	[8]	[1 1 0 0 0 1 0 1 1]	[0 0 0 1 0 1 1 0 0]	[0 0 1 1 0 1]	[1 0 0 0 0 0]	[8]
85	0.4336038827896118	3.996574640274048	2.1332571506500244	1.8337202072143555	0.02672838233411312	0.0028688819147646427	False	[1 1 0 0 0 1 0 1 1]	[0 0 0 1 0 1 1 0 0]	[0 0 1 1 0 1]	[1 0 0 0 0 0]	[8]	[1 1 0 0 1 1 0 1 1]	[0 0 0 0 0 1 1 0 0]	[1 0 1 1 0 1]	[0 0 0 0 0 0]	[8]
85	0.34269478917121887	4.007443904876709	2.1407177448272705	1.840297818183899	0.023026108741760254	0.0034023281186819077	False	[1 1 0 0 1 1 0 1 1]	[0 0 0 0 0 1 1 0 0]	[1 0 1 1 0 1]	[0 0 0 0 0 0]	[8]	[1 1 0 0 0 1 0 1 1]	[0 0 0 1 0 1 1 0 0]	[0 0 1 1 0 1]	[1 0 0 0 0 0]	[8]
85	0.5001150369644165	4.0175089836120605	2.1439387798309326	1.837277889251709	0.03325551003217697	0.003037133254110813	False	[1 1 0 0 0 1 0 1 1]	[0 0 0 1 0 1 1 0 0]	[0 0 1 1 0 1]	[1 0 0 0 0 0]	[8]	[1 1 0 0 1 1 0 1 1]	[0 0 0 0 0 1 1 0 0]	[1 0 1 1 0 1]	[0 0 0 0 0 0]	[8]
86	-0.75	6.739271640777588	1.95436429977417	2.043095111846924	1.4471818208694458	1.2946306467056274	False	[0 0 0 0 0 1 0 0 0]	[1 0 1 0 1 0 0 0 0]	[0 0 0 1 1 1]	[0 0 1 0 0 0]	[4]	[1 0 0 0 0 1 0 0 0]	[1 0 1 0 1 1 0 0 0]	[0 0 0 1 1 0]	[0 0 1 0 1 0]	[2]
86	-0.5	5.754755973815918	1.9686452150344849	2.062183141708374	0.7956210970878601	0.9283068180084229	False	[1 0 0 0 0 1 0 0 0]	[1 0 1 0 1 1 0 0 0]	[0 0 0 1 1 0]	[0 0 1 0 1 0]	[2]	[0 0 0 0 0 1 0 0 0]	[1 0 1 0 1 0 0 0 0]	[0 1 0 1 1 0]	[0 0 1 0 0 0]	[4]
86	-0.75	6.134465217590332	1.9860925674438477	2.085212469100952	0.8046151399612427	1.258544683456421	False	[0 0 0 0 0 1 0 0 0]	[1 0 1 0 1 0 0 0 0]	[0 1 0 1 1 0]	[0 0 1 0 0 0]	[4]	[1 0 0 0 0 1 0 0 0]	[1 0 1 0 0 0 0 0 0]	[0 1 0 0 1 0]	[0 0 1 0 1 0]	[2]
86	-0.5	4.989394664764404	2.005298137664795	1.891308307647705	0.3454183042049408	0.7473698258399963	False	[1 0 0 0 0 1 0 0 0]	[1 0 1 0 0 0 0 0 0]	[0 1 0 0 1 0]	[0 0 1 0 1 0]	[2]	[1 1 0 0 0 1 0 0 0]	[1 0 1 1 0 0 0 0 0]	[0 1 0 1 1 0]	[0 0 0 0 1 0]	[4]
86	0.3489108979701996	4.982038974761963	1.9950581789016724	2.072763442993164	0.5100674629211426	0.4041498899459839	False	[1 1 0 0 0 1 0 0 0]	[1 0 1 1 0 0 0 0 0]	[0 1 0 1 1 0]	[0 0 0 0 1 0]	[4]	[1 1 1 0 0 1 0 0 0]	[1 0 1 1 0 1 0 0 0]	[1 1 0 1 1 0]	[0 0 0 0 0 0]	[8]
86	0.3489108979701996	4.157293319702148	2.1199305057525635	2.009946823120117	0.019239751622080803	0.008176160976290703	False	[1 1 1 0 0 1 0 0 0]	[1 0 1 1 0 1 0 0 0]	[1 1 0 1 1 0]	[0 0 0 0 0 0]	[8]	[1 1 1 0 0 1 0 0 1]	[1 0 1 1 0 1 0 0 1]	[0 1 0 1 1 0]	[1 0 0 0 0 0]	[8]
86	0.3087633550167084	4.061148166656494	2.0751535892486572	1.9565600156784058	0.020012103021144867	0.00942276418209076	False	[1 1 1 0 0 1 0 0 1]	[1 0 1 1 0 1 0 0 1]	[0 1 0 1 1 0]	[1 0 0 0 0 0]	[8]	[1 1 1 0 0 1 0 0 0]	[1 0 1 1 0 0 0 0 1]	[1 1 0 1 1 0]	[0 0 0 0 0 0]	[8]
86	0.369967520236969	4.029860019683838	2.0363054275512695	1.9724608659744263	0.006391843780875206	0.01470203511416912	False	[1 1 1 0 0 1 0 0 0]	[1 0 1 1 0 0 0 0 1]	[1 1 0 1 1 0]	[0 0 0 0 0 0]	[8]	[1 1 0 0 0 1 0 0 0]	[1 0 1 1 0 0 0 0 0]	[0 1 0 1 1 0]	[1 0 0 0 0 0]	[8]
86	0.5273877382278442	4.042297840118408	2.099860191345215	1.9199819564819336	0.018311189487576485	0.004144659265875816	False	[1 1 0 0 0 1 0 0 0]	[1 0 1 1 0 0 0 0 0]	[0 1 0 1 1 0]	[1 0 0 0 0 0]	[8]	[1 1 1 0 0 1 0 0 0]	[1 0 1 0 0 0 0 0 0]	[1 1 0 1 1 0]	[0 0 0 0 0 0]	[8]
86	0.060524966567754745	4.098019599914551	2.100412607192993	1.984599232673645	0.006667631212621927	0.006340039893984795	False	[1 1 1 0 0 1 0 0 0]	[1 0 1 0 0 0 0 0 0]	[1 1 0 1 1 0]	[0 0 0 0 0 0]	[8]	[1 1 0 0 0 1 0 0 0]	[1 0 0 0 0 0 0 0 0]	[0 1 0 1 1 0]	[1 0 0 0 0 0]	[8]
86	0.4580017924308777	4.043001651763916	2.106410026550293	1.9221338033676147	0.011370531283318996	0.003087026532739401	False	[1 1 0 0 0 1 0 0 0]	[1 0 0 0 0 0 0 0 0]	[0 1 0 1 1 0]	[1 0 0 0 0 0]	[8]	[1 1 1 0 0 1 0 0 0]	[1 0 0 1 0 0 0 0 0]	[1 1 0 1 1 0]	[0 0 0 0 0 0]	[8]
86	0.050017256289720535	4.026975631713867	2.092719793319702	1.915529489517212	0.015682529658079147	0.003043621778488159	False	[1 1 1 0 0 1 0 0 0]	[1 0 0 1 0 0 0 0 0]	[1 1 0 1 1 0]	[0 0 0 0 0 0]	[8]	[1 1 0 0 0 1 0 0 0]	[1 0 0 0 0 0 0 0 0]	[0 1 0 1 1 0]	[1 0 0 0 0 0]	[8]
86	0.4154220521450043	4.043695449829102	2.0948216915130615	1.919022560119629	0.027160966768860817	0.0026898866053670645	False	[1 1 0 0 0 1 0 0 0]	[1 0 0 0 0 0 0 0 0]	[0 1 0 1 1 0]	[1 0 0 0 0 0]	[8]	[1 1 1 0 0 1 0 0 0]	[1 0 0 1 0 0 0 0 0]	[1 1 0 1 1 0]	[0 0 0 0 0 0]	[8]
86	0.05285660922527313	4.055423259735107	2.1016719341278076	1.9226000308990479	0.02737244963645935	0.0037790003698319197	False	[1 1 1 0 0 1 0 0 0]	[1 0 0 1 0 0 0 0 0]	[1 1 0 1 1 0]	[0 0 0 0 0 0]	[8]	[1 1 0 0 0 1 0 0 0]	[1 0 0 0 0 0 0 0 0]	[0 1 0 1 1 0]	[1 0 0 0 0 0]	[8]
86	0.41829684376716614	4.038220405578613	2.1018691062927246	1.9044896364212036	0.02890360727906227	0.002958253026008606	False	[1 1 0 0 0 1 0 0 0]	[1 0 0 0 0 0 0 0 0]	[0 1 0 1 1 0]	[1 0 0 0 0 0]	[8]	[1 1 1 0 0 1 0 0 0]	[1 0 0 1 0 0 0 0 0]	[1 1 0 1 1 0]	[0 0 0 0 0 0]	[8]
86	0.03586743026971817	4.04398250579834	2.107236862182617	1.9153506755828857	0.017608484253287315	0.0037862462922930717	False	[1 1 1 0 0 1 0 0 0]	[1 0 0 1 0 0 0 0 0]	[1 1 0 1 1 0]	[0 0 0 0 0 0]	[8]	[1 1 0 0 0 1 0 0 0]	[1 0 0 0 0 0 0 0 0]	[0 1 0 1 1 0]	[1 0 0 0 0 0]	[8]
86	0.4340703785419464	4.061698913574219	2.1098995208740234	1.92372465133667	0.024684105068445206	0.003391008824110031	False	[1 1 0 0 0 1 0 0 0]	[1 0 0 0 0 0 0 0 0]	[0 1 0 1 1 0]	[1 0 0 0 0 0]	[8]	[1 1 1 0 0 1 0 0 0]	[1 0 0 1 0 0 0 0 0]	[1 1 0 1 1 0]	[0 0 0 0 0 0]	[8]
86	0.05591437593102455	4.035318374633789	2.0984485149383545	1.9215000867843628	0.011767872609198093	0.0036021717824041843	False	[1 1 1 0 0 1 0 0 0]	[1 0 0 1 0 0 0 0 0]	[1 1 0 1 1 0]	[0 0 0 0 0 0]	[8]	[1 1 0 0 0 1 0 0 0]	[1 0 0 0 0 0 0 0 0]	[0 1 0 1 1 0]	[1 0 0 0 0 0]	[8]
86	0.3992059528827667	4.039414405822754	2.1022512912750244	1.9091469049453735	0.02555735781788826	0.0024583395570516586	False	[1 1 0 0 0 1 0 0 0]	[1 0 0 0 0 0 0 0 0]	[0 1 0 1 1 0]	[1 0 0 0 0 0]	[8]	[1 1 1 0 0 1 0 0 0]	[1 0 0 1 0 0 0 0 0]	[1 1 0 1 1 0]	[0 0 0 0 0 0]	[8]
86	0.052272260189056396	4.053684234619141	2.1076109409332275	1.9183710813522339	0.023679224774241447	0.004022897221148014	False	[1 1 1 0 0 1 0 0 0]	[1 0 0 1 0 0 0 0 0]	[1 1 0 1 1 0]	[0 0 0 0 0 0]	[8]	[1 1 0 0 0 1 0 0 0]	[1 0 0 0 0 0 0 0 0]	[0 1 0 1 1 0]	[1 0 0 0 0 0]	[8]
86	0.3489108979701996	4.052478313446045	2.1045432090759277	1.927278995513916	0.017376763746142387	0.003279262688010931	False	[1 1 0 0 0 1 0 0 0]	[1 0 0 0 0 0 0 0 0]	[0 1 0 1 1 0]	[1 0 0 0 0 0]	[8]	[1 1 1 0 0 1 0 0 0]	[1 0 0 1 0 0 0 0 0]	[1 1 0 1 1 0]	[0 0 0 0 0 0]	[8]
86	0.05900758504867554	4.040493488311768	2.1057932376861572	1.9155513048171997	0.01607368141412735	0.003075288375839591	False	[1 1 1 0 0 1 0 0 0]	[1 0 0 1 0 0 0 0 0]	[1 1 0 1 1 0]	[0 0 0 0 0 0]	[8]	[1 1 0 0 0 1 0 0 0]	[1 0 0 0 0 0 0 0 0]	[0 1 0 1 1 0]	[1 0 0 0 0 0]	[8]
86	0.47527453303337097	4.05377197265625	2.103856325149536	1.924704909324646	0.022676436230540276	0.002534199506044388	False	[1 1 0 0 0 1 0 0 0]	[1 0 0 0 0 0 0 0 0]	[0 1 0 1 1 0]	[1 0 0 0 0 0]	[8]	[1 1 1 0 0 1 0 0 0]	[1 0 0 1 0 0 0 0 0]	[1 1 0 1 1 0]	[0 0 0 0 0 0]	[8]
86	0.05674682930111885	4.014613628387451	2.0858376026153564	1.9073632955551147	0.01823784038424492	0.003174991812556982	False	[1 1 1 0 0 1 0 0 0]	[1 0 0 1 0 0 0 0 0]	[1 1 0 1 1 0]	[0 0 0 0 0 0]	[8]	[1 1 0 0 0 1 0 0 0]	[1 0 0 0 0 0 0 0 0]	[0 1 0 1 1 0]	[1 0 0 0 0 0]	[8]
86	0.3996724486351013	4.040498733520508	2.0956273078918457	1.9149595499038696	0.02715381793677807	0.002758102025836706	False	[1 1 0 0 0 1 0 0 0]	[1 0 0 0 0 0 0 0 0]	[0 1 0 1 1 0]	[1 0 0 0 0 0]	[8]	[1 1 1 0 0 1 0 0 0]	[1 0 0 1 0 0 0 0 0]	[1 1 0 1 1 0]	[0 0 0 0 0 0]	[8]
86	0.05082576721906662	3.9769234657287598	2.07743501663208	1.8738871812820435	0.01988254301249981	0.005718930624425411	False	[1 1 1 0 0 1 0 0 0]	[1 0 0 1 0 0 0 0 0]	[1 1 0 1 1 0]	[0 0 0 0 0 0]	[8]	[1 1 0 0 0 1 0 0 0]	[1 0 0 0 0 0 0 0 0]	[0 1 0 1 1 0]	[1 0 0 0 0 0]	[8]
86	0.43891090154647827	4.00665283203125	2.095078229904175	1.8888214826583862	0.019585777074098587	0.0031677777878940105	False	[1 1 0 0 0 1 0 0 0]	[1 0 0 0 0 0 0 0 0]	[0 1 0 1 1 0]	[1 0 0 0 0 0]	[8]	[1 1 1 0 0 1 0 0 0]	[1 0 0 1 0 0 0 0 0]	[1 1 0 1 1 0]	[0 0 0 0 0 0]	[8]
86	0.05198296159505844	4.005548000335693	2.0832812786102295	1.8920964002609253	0.02638099156320095	0.003789587179198861	False	[1 1 1 0 0 1 0 0 0]	[1 0 0 1 0 0 0 0 0]	[1 1 0 1 1 0]	[0 0 0 0 0 0]	[8]	[1 1 0 0 0 1 0 0 0]	[1 0 0 0 0 0 0 0 0]	[0 1 0 1 1 0]	[1 0 0 0 0 0]	[8]
86	0.43981999158859253	4.052251815795898	2.107398509979248	1.9200630187988281	0.02179519087076187	0.002995198592543602	False	[1 1 0 0 0 1 0 0 0]	[1 0 0 0 0 0 0 0 0]	[0 1 0 1 1 0]	[1 0 0 0 0 0]	[8]	[1 1 1 0 0 1 0 0 0]	[1 0 0 1 0 0 0 0 0]	[1 1 0 1 1 0]	[0 0 0 0 0 0]	[8]
86	0.046457529067993164	4.034371376037598	2.0953660011291504	1.9083888530731201	0.026393182575702667	0.004223193973302841	False	[1 1 1 0 0 1 0 0 0]	[1 0 0 1 0 0 0 0 0]	[1 1 0 1 1 0]	[0 0 0 0 0 0]	[8]	[1 1 0 0 0 1 0 0 0]	[1 0 0 0 0 0 0 0 0]	[0 1 0 1 1 0]	[1 0 0 0 0 0]	[8]
87	-0.75	5.123906135559082	1.5952380895614624	1.2575055360794067	1.502670168876648	0.7684924602508545	False	[1 0 1 1 0 0 0 0 0]	[0 0 0 0 1 0 0 0 0]	[0 0 0 0 0 0]	[0 0 1 0 1 0]	[0]	[1 0 1 1 0 0 0 0 0]	[0 0 0 0 1 0 0 0 0]	[0 0 0 0 0 1]	[0 0 1 0 0 0]	[2]
87	-0.75	5.572061538696289	2.195563316345215	1.963362693786621	0.9149981141090393	0.4981377124786377	False	[1 0 1 1 0 0 0 0 0]	[0 0 0 0 1 0 0 0 0]	[0 0 0 0 0 1]	[0 0 1 0 0 0]	[2]	[1 0 1 1 0 0 0 1 0]	[0 0 0 0 1 0 1 0 0]	[0 0 0 0 1 1]	[0 0 0 0 0 0]	[2]
87	-0.5	4.286951541900635	1.8533539772033691	1.8200945854187012	0.3406693935394287	0.2728334963321686	False	[1 0 1 1 0 0 0 1 0]	[0 0 0 0 1 0 1 0 0]	[0 0 0 0 1 1]	[0 0 0 0 0 0]	[2]	[1 0 1 1 0 0 0 0 0]	[0 0 0 1 1 0 1 0 0]	[0 0 0 0 1 0]	[1 0 0 0 0 0]	[4]
87	-0.25	4.52744197845459	2.1134204864501953	1.988167405128479	0.19931039214134216	0.22654399275779724	False	[1 0 1 1 0 0 0 0 0]	[0 0 0 1 1 0 1 0 0]	[0 0 0 0 1 0]	[1 0 0 0 0 0]	[4]	[1 1 1 1 0 0 0 0 0]	[0 0 0 1 1 0 0 0 0]	[0 1 0 0 1 0]	[0 0 0 0 0 0]	[6]
87	0.4125472605228424	4.521338939666748	2.0953011512756348	1.9861230850219727	0.3771684467792511	0.06274592876434326	False	[1 1 1 1 0 0 0 0 0]	[0 0 0 1 1 0 0 0 0]	[0 1 0 0 1 0]	[0 0 0 0 0 0]	[6]	[1 1 0 1 0 0 0 0 0]	[0 0 0 0 1 0 0 0 0]	[0 1 0 1 1 0]	[1 0 0 0 0 0]	[8]
87	0.5455695986747742	4.09273099899292	2.0864832401275635	1.9861977100372314	0.016664989292621613	0.003384995274245739	False	[1 1 0 1 0 0 0 0 0]	[0 0 0 0 1 0 0 0 0]	[0 1 0 1 1 0]	[1 0 0 0 0 0]	[8]	[1 1 1 1 0 0 0 0 0]	[1 0 0 0 1 0 0 0 0]	[1 1 0 1 1 0]	[0 0 0 0 0 0]	[8]
87	0.5245129466056824	3.976757049560547	2.0821681022644043	1.869071364402771	0.018944650888442993	0.006572642829269171	False	[1 1 1 1 0 0 0 0 0]	[1 0 0 0 1 0 0 0 0]	[1 1 0 1 1 0]	[0 0 0 0 0 0]	[8]	[0 1 1 1 0 0 0 0 0]	[1 0 0 0 1 0 1 0 0]	[0 1 0 1 1 0]	[1 0 0 0 0 0]	[8]
87	0.33741170167922974	4.105693340301514	2.097289562225342	1.986968994140625	0.018583878874778748	0.002851117169484496	False	[0 1 1 1 0 0 0 0 0]	[1 0 0 0 1 0 1 0 0]	[0 1 0 1 1 0]	[1 0 0 0 0 0]	[8]	[0 1 0 1 0 0 0 0 0]	[0 0 0 0 1 0 1 0 0]	[1 1 0 1 1 0]	[0 0 0 0 0 0]	[8]
87	0.48193320631980896	4.087126731872559	2.087742328643799	1.9588896036148071	0.03679956495761871	0.0036953911185264587	False	[0 1 0 1 0 0 0 0 0]	[0 0 0 0 1 0 1 0 0]	[1 1 0 1 1 0]	[0 0 0 0 0 0]	[8]	[0 1 0 1 0 0 1 0 0]	[0 0 0 0 1 0 0 0 0]	[0 1 0 1 1 0]	[1 0 0 0 0 0]	[8]
87	0.5728422999382019	3.952707052230835	2.073460340499878	1.8539183139801025	0.019816085696220398	0.005512262228876352	False	[0 1 0 1 0 0 1 0 0]	[0 0 0 0 1 0 0 0 0]	[0 1 0 1 1 0]	[1 0 0 0 0 0]	[8]	[1 1 0 1 0 0 1 0 0]	[0 0 0 0 1 0 1 0 0]	[1 1 0 1 1 0]	[0 0 0 0 0 0]	[8]
87	0.44556957483291626	4.039747714996338	2.1214778423309326	1.8999762535095215	0.012928249314427376	0.005365175660699606	False	[1 1 0 1 0 0 1 0 0]	[0 0 0 0 1 0 1 0 0]	[1 1 0 1 1 0]	[0 0 0 0 0 0]	[8]	[0 1 0 1 0 0 1 0 0]	[0 0 0 0 1 0 0 0 0]	[0 1 0 1 1 0]	[1 0 0 0 0 0]	[8]
87	0.5728422999382019	3.9642996788024902	2.0753328800201416	1.8644793033599854	0.017406901344656944	0.007080460898578167	False	[0 1 0 1 0 0 1 0 0]	[0 0 0 0 1 0 0 0 0]	[0 1 0 1 1 0]	[1 0 0 0 0 0]	[8]	[1 1 0 1 0 0 1 0 0]	[0 0 0 0 1 0 1 0 0]	[1 1 0 1 1 0]	[0 0 0 0 0 0]	[8]
87	0.4728423058986664	4.013710975646973	2.1124842166900635	1.8705259561538696	0.0259958878159523	0.004704949911683798	False	[1 1 0 1 0 0 1 0 0]	[0 0 0 0 1 0 1 0 0]	[1 1 0 1 1 0]	[0 0 0 0 0 0]	[8]	[0 1 0 1 0 0 1 0 0]	[0 0 0 0 1 0 0 0 0]	[0 1 0 1 1 0]	[1 0 0 0 0 0]	[8]
87	0.5092059373855591	3.9678478240966797	2.069680690765381	1.8791217803955078	0.01399087905883789	0.005054427310824394	False	[0 1 0 1 0 0 1 0 0]	[0 0 0 0 1 0 0 0 0]	[0 1 0 1 1 0]	[1 0 0 0 0 0]	[8]	[1 1 0 1 0 0 1 0 0]	[0 0 0 0 1 0 1 0 0]	[1 1 0 1 1 0]	[0 0 0 0 0 0]	[8]
87	0.4426947832107544	4.058655261993408	2.1227850914001465	1.9149233102798462	0.01625707559287548	0.0046894848346710205	False	[1 1 0 1 0 0 1 0 0]	[0 0 0 0 1 0 1 0 0]	[1 1 0 1 1 0]	[0 0 0 0 0 0]	[8]	[0 1 0 1 0 0 1 0 0]	[0 0 0 0 1 0 0 0 0]	[0 1 0 1 1 0]	[1 0 0 0 0 0]	[8]
87	0.48193320631980896	3.991483449935913	2.08734393119812	1.8752071857452393	0.023184850811958313	0.005747674033045769	False	[0 1 0 1 0 0 1 0 0]	[0 0 0 0 1 0 0 0 0]	[0 1 0 1 1 0]	[1 0 0 0 0 0]	[8]	[1 1 0 1 0 0 1 0 0]	[0 0 0 0 1 0 1 0 0]	[1 1 0 1 1 0]	[0 0 0 0 0 0]	[8]
87	0.5182968378067017	4.035538196563721	2.118262767791748	1.8965332508087158	0.015295140445232391	0.00544667337089777	False	[1 1 0 1 0 0 1 0 0]	[0 0 0 0 1 0 1 0 0]	[1 1 0 1 1 0]	[0 0 0 0 0 0]	[8]	[0 1 0 1 0 0 1 0 0]	[0 0 0 0 1 0 0 0 0]	[0 1 0 1 1 0]	[1 0 0 0 0 0]	[8]
87	0.5546604990959167	3.9806623458862305	2.0850539207458496	1.8685365915298462	0.021076373755931854	0.0059954398311674595	False	[0 1 0 1 0 0 1 0 0]	[0 0 0 0 1 0 0 0 0]	[0 1 0 1 1 0]	[1 0 0 0 0 0]	[8]	[1 1 0 1 0 0 1 0 0]	[0 0 0 0 1 0 1 0 0]	[1 1 0 1 1 0]	[0 0 0 0 0 0]	[8]
87	0.4699675142765045	4.06631326675415	2.1230621337890625	1.916823387145996	0.021688414737582207	0.004739320371299982	False	[1 1 0 1 0 0 1 0 0]	[0 0 0 0 1 0 1 0 0]	[1 1 0 1 1 0]	[0 0 0 0 0 0]	[8]	[0 1 0 1 0 0 1 0 0]	[0 0 0 0 1 0 0 0 0]	[0 1 0 1 1 0]	[1 0 0 0 0 0]	[8]
87	0.4852745234966278	3.951899766921997	2.0805344581604004	1.8512436151504517	0.01353514939546585	0.006586524657905102	False	[0 1 0 1 0 0 1 0 0]	[0 0 0 0 1 0 0 0 0]	[0 1 0 1 1 0]	[1 0 0 0 0 0]	[8]	[1 1 0 1 0 0 1 0 0]	[0 0 0 0 1 0 1 0 0]	[1 1 0 1 1 0]	[0 0 0 0 0 0]	[8]
87	0.4699675142765045	4.006188869476318	2.1104304790496826	1.872560739517212	0.018670620396733284	0.004527200944721699	False	[1 1 0 1 0 0 1 0 0]	[0 0 0 0 1 0 1 0 0]	[1 1 0 1 1 0]	[0 0 0 0 0 0]	[8]	[0 1 0 1 0 0 1 0 0]	[0 0 0 0 1 0 0 0 0]	[0 1 0 1 1 0]	[1 0 0 0 0 0]	[8]
87	0.5001150369644165	3.968324899673462	2.072101354598999	1.8696731328964233	0.020849891006946564	0.005700619891285896	False	[0 1 0 1 0 0 1 0 0]	[0 0 0 0 1 0 0 0 0]	[0 1 0 1 1 0]	[1 0 0 0 0 0]	[8]	[1 1 0 1 0 0 1 0 0]	[0 0 0 0 1 0 1 0 0]	[1 1 0 1 1 0]	[0 0 0 0 0 0]	[8]
87	0.5063311457633972	4.035151958465576	2.1154651641845703	1.889700174331665	0.025925742462277412	0.004061458632349968	False	[1 1 0 1 0 0 1 0 0]	[0 0 0 0 1 0 1 0 0]	[1 1 0 1 1 0]	[0 0 0 0 0 0]	[8]	[0 1 0 1 0 0 1 0 0]	[0 0 0 0 1 0 0 0 0]	[0 1 0 1 1 0]	[1 0 0 0 0 0]	[8]
87	0.4364786744117737	3.9758822917938232	2.077446222305298	1.867545247077942	0.023498518392443657	0.007392275147140026	False	[0 1 0 1 0 0 1 0 0]	[0 0 0 0 1 0 0 0 0]	[0 1 0 1 1 0]	[1 0 0 0 0 0]	[8]	[1 1 0 1 0 0 1 0 0]	[0 0 0 0 1 0 1 0 0]	[1 1 0 1 1 0]	[0 0 0 0 0 0]	[8]
87	0.4728423058986664	4.0223565101623535	2.118156671524048	1.886163592338562	0.013654523529112339	0.004381843842566013	False	[1 1 0 1 0 0 1 0 0]	[0 0 0 0 1 0 1 0 0]	[1 1 0 1 1 0]	[0 0 0 0 0 0]	[8]	[0 1 0 1 0 0 1 0 0]	[0 0 0 0 1 0 0 0 0]	[0 1 0 1 1 0]	[1 0 0 0 0 0]	[8]
87	0.44556957483291626	3.97768497467041	2.0860824584960938	1.8596763610839844	0.02551480196416378	0.006411299109458923	False	[0 1 0 1 0 0 1 0 0]	[0 0 0 0 1 0 0 0 0]	[0 1 0 1 1 0]	[1 0 0 0 0 0]	[8]	[1 1 0 1 0 0 1 0 0]	[0 0 0 0 1 0 1 0 0]	[1 1 0 1 1 0]	[0 0 0 0 0 0]	[8]
87	0.45466047525405884	3.9891748428344727	2.110483407974243	1.8547649383544922	0.020233992487192154	0.0036924812011420727	False	[1 1 0 1 0 0 1 0 0]	[0 0 0 0 1 0 1 0 0]	[1 1 0 1 1 0]	[0 0 0 0 0 0]	[8]	[0 1 0 1 0 0 1 0 0]	[0 0 0 0 1 0 0 0 0]	[0 1 0 1 1 0]	[1 0 0 0 0 0]	[8]
87	0.4364786744117737	3.9576408863067627	2.0640573501586914	1.857182502746582	0.030502470210194588	0.00589836947619915	False	[0 1 0 1 0 0 1 0 0]	[0 0 0 0 1 0 0 0 0]	[0 1 0 1 1 0]	[1 0 0 0 0 0]	[8]	[1 1 0 1 0 0 1 0 0]	[0 0 0 0 1 0 1 0 0]	[1 1 0 1 1 0]	[0 0 0 0 0 0]	[8]
87	0.4910241365432739	4.024187088012695	2.1194217205047607	1.8850386142730713	0.01560063473880291	0.004125865176320076	False	[1 1 0 1 0 0 1 0 0]	[0 0 0 0 1 0 1 0 0]	[1 1 0 1 1 0]	[0 0 0 0 0 0]	[8]	[0 1 0 1 0 0 1 0 0]	[0 0 0 0 1 0 0 0 0]	[0 1 0 1 1 0]	[1 0 0 0 0 0]	[8]
87	0.49920594692230225	3.9754698276519775	2.0810012817382812	1.855775237083435	0.029994161799550056	0.008699042722582817	False	[0 1 0 1 0 0 1 0 0]	[0 0 0 0 1 0 0 0 0]	[0 1 0 1 1 0]	[1 0 0 0 0 0]	[8]	[1 1 0 1 0 0 1 0 0]	[0 0 0 0 1 0 1 0 0]	[1 1 0 1 1 0]	[0 0 0 0 0 0]	[8]
88	-0.75	3.266324758529663	0.8686413764953613	0.6796296834945679	1.3340786695480347	0.3839750587940216	False	[0 0 1 1 0 0 0 1 0]	[0 0 0 0 0 1 1 0 0]	[1 0 0 0 0 1]	[0 0 1 0 0 0]	[0]	[0 0 1 1 0 0 0 1 0]	[0 0 0 0 0 1 1 0 0]	[1 0 0 0 1 1]	[0 0 0 0 0 0]	[2]
88	-0.5	4.815145015716553	1.9180433750152588	1.9391695261001587	0.6246662735939026	0.33326593041419983	False	[0 0 1 1 0 0 0 1 0]	[0 0 0 0 0 1 1 0 0]	[1 0 0 0 1 1]	[0 0 0 0 0 0]	[2]	[0 0 1 1 0 0 0 0 0]	[0 0 0 0 0 1 0 0 0]	[1 0 0 0 1 0]	[1 0 0 0 0 0]	[4]
88	-0.25	4.47631311416626	2.102005958557129	1.97867751121521	0.15038302540779114	0.2452462613582611	False	[0 0 1 1 0 0 0 0 0]	[0 0 0 0 0 1 0 0 0]	[1 0 0 0 1 0]	[1 0 0 0 0 0]	[4]	[0 1 1 1 0 0 0 0 0]	[0 0 0 0 0 1 1 0 0]	[1 1 0 0 1 0]	[0 0 0 0 0 0]	[6]
88	0.43981999158859253	4.057916164398193	1.976601481437683	1.880136489868164	0.15019002556800842	0.050988346338272095	False	[0 1 1 1 0 0 0 0 0]	[0 0 0 0 0 1 1 0 0]	[1 1 0 0 1 0]	[0 0 0 0 0 0]	[6]	[0 1 1 1 0 0 1 0 0]	[1 0 0 0 0 1 1 0 0]	[1 1 0 1 1 0]	[1 0 0 0 0 0]	[8]
88	0.5182968378067017	4.1188249588012695	2.0854134559631348	2.014143466949463	0.014600180089473724	0.00466772448271513	False	[0 1 1 1 0 0 1 0 0]	[1 0 0 0 0 1 1 0 0]	[1 1 0 1 1 0]	[1 0 0 0 0 0]	[8]	[0 1 0 1 0 0 1 0 0]	[0 0 0 0 0 1 1 0 0]	[0 1 0 1 1 0]	[0 0 0 0 0 0]	[8]
88	0.3704340159893036	3.9376745223999023	2.0769431591033936	1.8312627077102661	0.0234372615814209	0.006031235679984093	False	[0 1 0 1 0 0 1 0 0]	[0 0 0 0 0 1 1 0 0]	[0 1 0 1 1 0]	[0 0 0 0 0 0]	[8]	[0 1 0 1 0 0 0 0 0]	[0 0 0 0 0 1 0 0 0]	[1 1 0 1 1 0]	[1 0 0 0 0 0]	[8]
88	0.5546604990959167	4.001272678375244	2.1146395206451416	1.8605637550354004	0.015724387019872665	0.010344864800572395	False	[0 1 0 1 0 0 0 0 0]	[0 0 0 0 0 1 0 0 0]	[1 1 0 1 1 0]	[1 0 0 0 0 0]	[8]	[0 0 0 1 0 0 0 0 0]	[0 0 0 0 0 1 1 0 0]	[0 1 0 1 1 0]	[0 0 0 0 0 0]	[8]
88	0.384365439414978	3.9629271030426025	2.080714464187622	1.8619420528411865	0.015327811241149902	0.004942611791193485	False	[0 0 0 1 0 0 0 0 0]	[0 0 0 0 0 1 1 0 0]	[0 1 0 1 1 0]	[0 0 0 0 0 0]	[8]	[0 0 0 1 0 0 1 0 0]	[0 0 0 0 0 1 0 0 0]	[1 1 0 1 1 0]	[1 0 0 0 0 0]	[8]
88	0.5245129466056824	3.950254440307617	2.0736958980560303	1.8497025966644287	0.018241673707962036	0.008614275604486465	False	[0 0 0 1 0 0 1 0 0]	[0 0 0 0 0 1 0 0 0]	[1 1 0 1 1 0]	[1 0 0 0 0 0]	[8]	[0 0 0 1 0 0 0 0 0]	[0 0 0 0 0 1 1 0 0]	[0 1 0 1 1 0]	[0 0 0 0 0 0]	[8]
88	0.38149064779281616	3.928220272064209	2.070396661758423	1.8200467824935913	0.032352276146411896	0.005424785427749157	False	[0 0 0 1 0 0 0 0 0]	[0 0 0 0 0 1 1 0 0]	[0 1 0 1 1 0]	[0 0 0 0 0 0]	[8]	[0 0 0 1 0 0 1 0 0]	[0 0 0 0 0 1 0 0 0]	[1 1 0 1 1 0]	[1 0 0 0 0 0]	[8]
88	0.5364786982536316	3.937971353530884	2.0740137100219727	1.8393502235412598	0.018381524831056595	0.006225720047950745	False	[0 0 0 1 0 0 1 0 0]	[0 0 0 0 0 1 0 0 0]	[1 1 0 1 1 0]	[1 0 0 0 0 0]	[8]	[0 0 0 1 0 0 0 0 0]	[0 0 0 0 0 1 1 0 0]	[0 1 0 1 1 0]	[0 0 0 0 0 0]	[8]
88	0.39679765701293945	3.9343597888946533	2.073820114135742	1.8311501741409302	0.023696724325418472	0.00569306593388319	False	[0 0 0 1 0 0 0 0 0]	[0 0 0 0 0 1 1 0 0]	[0 1 0 1 1 0]	[0 0 0 0 0 0]	[8]	[0 0 0 1 0 0 1 0 0]	[0 0 0 0 0 1 0 0 0]	[1 1 0 1 1 0]	[1 0 0 0 0 0]	[8]
88	0.48193320631980896	3.9257423877716064	2.0758869647979736	1.8260520696640015	0.016895132139325142	0.006908467039465904	False	[0 0 0 1 0 0 1 0 0]	[0 0 0 0 0 1 0 0 0]	[1 1 0 1 1 0]	[1 0 0 0 0 0]	[8]	[0 0 0 1 0 0 0 0 0]	[0 0 0 0 0 1 1 0 0]	[0 1 0 1 1 0]	[0 0 0 0 0 0]	[8]
88	0.39436542987823486	3.94010591506958	2.075460195541382	1.835930585861206	0.024024538695812225	0.004690595902502537	False	[0 0 0 1 0 0 0 0 0]	[0 0 0 0 0 1 1 0 0]	[0 1 0 1 1 0]	[0 0 0 0 0 0]	[8]	[0 0 0 1 0 0 1 0 0]	[0 0 0 0 0 1 0 0 0]	[1 1 0 1 1 0]	[1 0 0 0 0 0]	[8]
88	0.5001150369644165	3.912484884262085	2.0699377059936523	1.8165364265441895	0.019535169005393982	0.006475732661783695	False	[0 0 0 1 0 0 1 0 0]	[0 0 0 0 0 1 0 0 0]	[1 1 0 1 1 0]	[1 0 0 0 0 0]	[8]	[0 0 0 1 0 0 0 0 0]	[0 0 0 0 0 1 1 0 0]	[0 1 0 1 1 0]	[0 0 0 0 0 0]	[8]
88	0.3675592243671417	3.963893175125122	2.0755908489227295	1.8553920984268188	0.028609422966837883	0.004300493746995926	False	[0 0 0 1 0 0 0 0 0]	[0 0 0 0 0 1 1 0 0]	[0 1 0 1 1 0]	[0 0 0 0 0 0]	[8]	[0 0 0 1 0 0 1 0 0]	[0 0 0 0 0 1 0 0 0]	[1 1 0 1 1 0]	[1 0 0 0 0 0]	[8]
88	0.4790584146976471	3.947918653488159	2.078019142150879	1.8474220037460327	0.01735265552997589	0.005124733783304691	False	[0 0 0 1 0 0 1 0 0]	[0 0 0 0 0 1 0 0 0]	[1 1 0 1 1 0]	[1 0 0 0 0 0]	[8]	[0 0 0 1 0 0 0 0 0]	[0 0 0 0 0 1 1 0 0]	[0 1 0 1 1 0]	[0 0 0 0 0 0]	[8]
88	0.39726418256759644	3.9197323322296143	2.0753135681152344	1.8205221891403198	0.01954995095729828	0.0043465192429721355	False	[0 0 0 1 0 0 0 0 0]	[0 0 0 0 0 1 1 0 0]	[0 1 0 1 1 0]	[0 0 0 0 0 0]	[8]	[0 0 0 1 0 0 1 0 0]	[0 0 0 0 0 1 0 0 0]	[1 1 0 1 1 0]	[1 0 0 0 0 0]	[8]
88	0.5092059373855591	3.926715135574341	2.0772929191589355	1.8250837326049805	0.02003610134124756	0.004302170593291521	False	[0 0 0 1 0 0 1 0 0]	[0 0 0 0 0 1 0 0 0]	[1 1 0 1 1 0]	[1 0 0 0 0 0]	[8]	[0 0 0 1 0 0 0 0 0]	[0 0 0 0 0 1 1 0 0]	[0 1 0 1 1 0]	[0 0 0 0 0 0]	[8]
88	0.34559351205825806	3.9573745727539062	2.0790016651153564	1.8501768112182617	0.023296140134334564	0.004900052677839994	False	[0 0 0 1 0 0 0 0 0]	[0 0 0 0 0 1 1 0 0]	[0 1 0 1 1 0]	[0 0 0 0 0 0]	[8]	[0 0 0 1 0 0 1 0 0]	[0 0 0 0 0 1 0 0 0]	[1 1 0 1 1 0]	[1 0 0 0 0 0]	[8]
88	0.48193320631980896	3.938265562057495	2.0750527381896973	1.8321616649627686	0.02446754463016987	0.0065836552530527115	False	[0 0 0 1 0 0 1 0 0]	[0 0 0 0 0 1 0 0 0]	[1 1 0 1 1 0]	[1 0 0 0 0 0]	[8]	[0 0 0 1 0 0 0 0 0]	[0 0 0 0 0 1 1 0 0]	[0 1 0 1 1 0]	[0 0 0 0 0 0]	[8]
88	0.37574103474617004	3.9530375003814697	2.075625419616699	1.8450236320495605	0.026546912267804146	0.00584150617942214	False	[0 0 0 1 0 0 0 0 0]	[0 0 0 0 0 1 1 0 0]	[0 1 0 1 1 0]	[0 0 0 0 0 0]	[8]	[0 0 0 1 0 0 1 0 0]	[0 0 0 0 0 1 0 0 0]	[1 1 0 1 1 0]	[1 0 0 0 0 0]	[8]
88	0.5182968378067017	3.954209327697754	2.0799615383148193	1.8496637344360352	0.018490951508283615	0.006093126721680164	False	[0 0 0 1 0 0 1 0 0]	[0 0 0 0 0 1 0 0 0]	[1 1 0 1 1 0]	[1 0 0 0 0 0]	[8]	[0 0 0 1 0 0 0 0 0]	[0 0 0 0 0 1 1 0 0]	[0 1 0 1 1 0]	[0 0 0 0 0 0]	[8]
88	0.3680257499217987	3.9347763061523438	2.067483425140381	1.819830298423767	0.04176590219140053	0.005696570035070181	False	[0 0 0 1 0 0 0 0 0]	[0 0 0 0 0 1 1 0 0]	[0 1 0 1 1 0]	[0 0 0 0 0 0]	[8]	[0 0 0 1 0 0 1 0 0]	[0 0 0 0 0 1 0 0 0]	[1 1 0 1 1 0]	[1 0 0 0 0 0]	[8]
88	0.5364786982536316	3.9547059535980225	2.0660922527313232	1.8263508081436157	0.055171363055706024	0.007091548293828964	False	[0 0 0 1 0 0 1 0 0]	[0 0 0 0 0 1 0 0 0]	[1 1 0 1 1 0]	[1 0 0 0 0 0]	[8]	[0 0 0 1 0 0 0 0 0]	[0 0 0 0 0 1 1 0 0]	[0 1 0 1 1 0]	[0 0 0 0 0 0]	[8]
88	0.4067976474761963	3.968987464904785	2.075092315673828	1.8512154817581177	0.03756299242377281	0.005116765387356281	False	[0 0 0 1 0 0 0 0 0]	[0 0 0 0 0 1 1 0 0]	[0 1 0 1 1 0]	[0 0 0 0 0 0]	[8]	[0 0 0 1 0 0 1 0 0]	[0 0 0 0 0 1 0 0 0]	[1 1 0 1 1 0]	[1 0 0 0 0 0]	[8]
88	0.5092059373855591	3.953524351119995	2.0726144313812256	1.8500686883926392	0.024091040715575218	0.006750025786459446	False	[0 0 0 1 0 0 1 0 0]	[0 0 0 0 0 1 0 0 0]	[1 1 0 1 1 0]	[1 0 0 0 0 0]	[8]	[0 0 0 1 0 0 0 0 0]	[0 0 0 0 0 1 1 0 0]	[0 1 0 1 1 0]	[0 0 0 0 0 0]	[8]
88	0.4327187240123749	3.9443912506103516	2.066748857498169	1.8378771543502808	0.034757375717163086	0.005007884465157986	False	[0 0 0 1 0 0 0 0 0]	[0 0 0 0 0 1 1 0 0]	[0 1 0 1 1 0]	[0 0 0 0 0 0]	[8]	[0 0 0 1 0 0 1 0 0]	[0 0 0 0 0 1 0 0 0]	[1 1 0 1 1 0]	[1 0 0 0 0 0]	[8]
88	0.48193320631980896	3.9119584560394287	2.069967269897461	1.8112293481826782	0.02260415628552437	0.008157613687217236	False	[0 0 0 1 0 0 1 0 0]	[0 0 0 0 0 1 0 0 0]	[1 1 0 1 1 0]	[1 0 0 0 0 0]	[8]	[0 0 0 1 0 0 0 0 0]	[0 0 0 0 0 1 1 0 0]	[0 1 0 1 1 0]	[0 0 0 0 0 0]	[8]
88	0.4240703880786896	3.929609775543213	2.065335273742676	1.8139561414718628	0.04548746719956398	0.004830833058804274	False	[0 0 0 1 0 0 0 0 0]	[0 0 0 0 0 1 1 0 0]	[0 1 0 1 1 0]	[0 0 0 0 0 0]	[8]	[0 0 0 1 0 0 1 0 0]	[0 0 0 0 0 1 0 0 0]	[1 1 0 1 1 0]	[1 0 0 0 0 0]	[8]
89	-1.0	6.5329389572143555	2.239325761795044	2.0683536529541016	1.5431820154190063	0.6820778846740723	False	[1 0 0 0 0 1 0 0 1]	[0 0 0 0 0 0 1 1 0]	[0 0 1 0 0 0]	[0 0 0 0 0 1]	[0]	[1 0 0 0 1 1 0 0 1]	[0 0 0 0 0 1 1 1 0]	[0 1 1 0 0 0]	[0 0 0 0 0 0]	[0]
89	-1.0	5.873200416564941	1.9961251020431519	2.1193690299987793	1.128373384475708	0.6293325424194336	False	[1 0 0 0 1 1 0 0 1]	[0 0 0 0 0 1 1 1 0]	[0 1 1 0 0 0]	[0 0 0 0 0 0]	[0]	[1 0 0 0 1 1 0 0 1]	[0 0 0 0 0 1 0 1 0]	[0 1 1 0 0 1]	[0 0 0 0 0 0]	[0]
89	-1.0	6.4723358154296875	2.0284242630004883	2.0922224521636963	1.3485771417617798	1.003112554550171	False	[1 0 0 0 1 1 0 0 1]	[0 0 0 0 0 1 0 1 0]	[0 1 1 0 0 1]	[0 0 0 0 0 0]	[0]	[1 0 0 0 1 1 0 0 1]	[0 0 0 1 0 1 0 1 0]	[0 1 1 0 0 0]	[0 0 0 0 0 0]	[0]
89	-1.0	5.3933916091918945	1.7674003839492798	2.0952839851379395	0.6337067484855652	0.8970007300376892	False	[1 0 0 0 1 1 0 0 1]	[0 0 0 1 0 1 0 1 0]	[0 1 1 0 0 0]	[0 0 0 0 0 0]	[0]	[1 0 0 0 1 1 0 0 1]	[0 0 0 0 0 1 0 1 0]	[0 1 1 0 0 1]	[0 0 0 0 0 0]	[0]
89	-1.0	6.505564212799072	2.048067569732666	2.122663974761963	1.3272590637207031	1.0075736045837402	False	[1 0 0 0 1 1 0 0 1]	[0 0 0 0 0 1 0 1 0]	[0 1 1 0 0 1]	[0 0 0 0 0 0]	[0]	[1 0 0 0 1 1 0 0 1]	[0 0 0 1 0 1 0 1 0]	[0 0 1 0 0 1]	[0 0 0 0 0 0]	[0]
89	-1.0	5.630303859710693	2.1374738216400146	2.07049298286438	0.5951371192932129	0.8272000551223755	False	[1 0 0 0 1 1 0 0 1]	[0 0 0 1 0 1 0 1 0]	[0 0 1 0 0 1]	[0 0 0 0 0 0]	[0]	[1 0 0 0 1 1 1 0 1]	[0 0 0 1 0 1 0 1 0]	[0 0 1 0 0 1]	[0 0 0 0 0 0]	[0]
89	0.34316128492355347	5.517247676849365	2.1402840614318848	2.020317554473877	0.5495073795318604	0.8071390390396118	False	[1 0 0 0 1 1 1 0 1]	[0 0 0 1 0 1 0 1 0]	[0 0 1 0 0 1]	[0 0 0 0 0 0]	[0]	[1 0 0 0 1 1 1 1 1]	[0 0 0 1 0 1 0 1 0]	[0 0 1 0 0 1]	[0 0 0 0 0 0]	[12]
89	-1.0	4.677258014678955	2.0831799507141113	2.014362096786499	0.5751336812973022	0.004582641646265984	False	[1 0 0 0 1 1 1 1 1]	[0 0 0 1 0 1 0 1 0]	[0 0 1 0 0 1]	[0 0 0 0 0 0]	[12]	[1 0 0 0 1 1 1 0 1]	[0 0 0 0 0 1 0 1 0]	[0 0 1 1 0 1]	[1 0 0 0 0 0]	[0]
89	-1.0	5.481786251068115	2.1867611408233643	2.026207685470581	0.7047977447509766	0.5640196800231934	False	[1 0 0 0 1 1 1 0 1]	[0 0 0 0 0 1 0 1 0]	[0 0 1 1 0 1]	[1 0 0 0 0 0]	[0]	[1 0 0 0 0 1 1 0 1]	[0 0 0 0 0 0 0 1 0]	[0 0 1 1 0 1]	[1 0 0 0 0 0]	[0]
89	0.4426947832107544	5.4184041023254395	2.135495901107788	2.0418312549591064	0.4543297588825226	0.7867470979690552	False	[1 0 0 0 0 1 1 0 1]	[0 0 0 0 0 0 0 1 0]	[0 0 1 1 0 1]	[1 0 0 0 0 0]	[0]	[1 1 0 0 0 1 1 0 1]	[0 0 0 0 0 0 0 1 0]	[0 0 1 1 0 1]	[1 0 0 0 0 0]	[8]
89	0.4364786744117737	4.107426643371582	2.1252129077911377	1.9564135074615479	0.023634154349565506	0.002166401594877243	False	[1 1 0 0 0 1 1 0 1]	[0 0 0 0 0 0 0 1 0]	[0 0 1 1 0 1]	[1 0 0 0 0 0]	[8]	[1 1 0 0 0 1 1 1 1]	[0 0 0 1 0 0 0 1 0]	[1 0 1 1 0 1]	[0 0 0 0 0 0]	[8]
89	0.391024112701416	4.07225227355957	2.1217143535614014	1.9268258810043335	0.02033957466483116	0.0033725062385201454	False	[1 1 0 0 0 1 1 1 1]	[0 0 0 1 0 0 0 1 0]	[1 0 1 1 0 1]	[0 0 0 0 0 0]	[8]	[1 1 0 0 0 1 1 0 1]	[0 0 0 0 0 0 0 1 0]	[0 0 1 1 0 1]	[1 0 0 0 0 0]	[8]
89	0.45466047525405884	4.110068321228027	2.118248224258423	1.9538261890411377	0.034014664590358734	0.003979417961090803	False	[1 1 0 0 0 1 1 0 1]	[0 0 0 0 0 0 0 1 0]	[0 0 1 1 0 1]	[1 0 0 0 0 0]	[8]	[1 1 0 0 0 1 1 1 1]	[0 0 0 1 0 0 0 1 0]	[1 0 1 1 0 1]	[0 0 0 0 0 0]	[8]
89	0.391490638256073	4.068186283111572	2.1217918395996094	1.9273782968521118	0.01577164977788925	0.0032445890828967094	False	[1 1 0 0 0 1 1 1 1]	[0 0 0 1 0 0 0 1 0]	[1 0 1 1 0 1]	[0 0 0 0 0 0]	[8]	[1 1 0 0 0 1 1 0 1]	[0 0 0 0 0 0 0 1 0]	[0 0 1 1 0 1]	[1 0 0 0 0 0]	[8]
89	0.3336038589477539	4.084105968475342	2.1244378089904785	1.9318186044692993	0.024164559319615364	0.003685138188302517	False	[1 1 0 0 0 1 1 0 1]	[0 0 0 0 0 0 0 1 0]	[0 0 1 1 0 1]	[1 0 0 0 0 0]	[8]	[1 1 0 0 0 1 1 1 1]	[0 0 0 1 0 0 0 1 0]	[1 0 1 1 0 1]	[0 0 0 0 0 0]	[8]
89	0.3790584206581116	4.077931880950928	2.1227266788482666	1.9298734664916992	0.02268538810312748	0.0026464350521564484	False	[1 1 0 0 0 1 1 1 1]	[0 0 0 1 0 0 0 1 0]	[1 0 1 1 0 1]	[0 0 0 0 0 0]	[8]	[1 1 0 0 0 1 1 0 1]	[0 0 0 0 0 0 0 1 0]	[0 0 1 1 0 1]	[1 0 0 0 0 0]	[8]
89	0.40345636010169983	4.08629846572876	2.123795986175537	1.9420228004455566	0.017623787745833397	0.002855761209502816	False	[1 1 0 0 0 1 1 0 1]	[0 0 0 0 0 0 0 1 0]	[0 0 1 1 0 1]	[1 0 0 0 0 0]	[8]	[1 1 0 0 0 1 1 1 1]	[0 0 0 1 0 0 0 1 0]	[1 0 1 1 0 1]	[0 0 0 0 0 0]	[8]
89	0.37284231185913086	4.0904364585876465	2.122281074523926	1.9447816610336304	0.02066263183951378	0.00271078129298985	False	[1 1 0 0 0 1 1 1 1]	[0 0 0 1 0 0 0 1 0]	[1 0 1 1 0 1]	[0 0 0 0 0 0]	[8]	[1 1 0 0 0 1 1 0 1]	[0 0 0 0 0 0 0 1 0]	[0 0 1 1 0 1]	[1 0 0 0 0 0]	[8]
89	0.46087661385536194	4.06436014175415	2.1295530796051025	1.9208025932312012	0.01181952003389597	0.002184635028243065	False	[1 1 0 0 0 1 1 0 1]	[0 0 0 0 0 0 0 1 0]	[0 0 1 1 0 1]	[1 0 0 0 0 0]	[8]	[1 1 0 0 0 1 1 1 1]	[0 0 0 1 0 0 0 1 0]	[1 0 1 1 0 1]	[0 0 0 0 0 0]	[8]
89	0.4790584146976471	4.092419147491455	2.1215343475341797	1.9350945949554443	0.032290153205394745	0.0034998171031475067	False	[1 1 0 0 0 1 1 1 1]	[0 0 0 1 0 0 0 1 0]	[1 0 1 1 0 1]	[0 0 0 0 0 0]	[8]	[1 1 0 0 0 1 1 0 1]	[0 0 0 0 0 0 0 1 0]	[0 0 1 1 0 1]	[1 0 0 0 0 0]	[8]
89	0.43072906136512756	4.110861301422119	2.126302719116211	1.9571411609649658	0.024710990488529205	0.0027065984904766083	False	[1 1 0 0 0 1 1 0 1]	[0 0 0 0 0 0 0 1 0]	[0 0 1 1 0 1]	[1 0 0 0 0 0]	[8]	[1 1 0 0 0 1 1 1 1]	[0 0 0 1 0 0 0 1 0]	[1 0 1 1 0 1]	[0 0 0 0 0 0]	[8]
89	0.37284231185913086	4.084790229797363	2.1256136894226074	1.9336051940917969	0.02209029532968998	0.0034809845965355635	False	[1 1 0 0 0 1 1 1 1]	[0 0 0 1 0 0 0 1 0]	[1 0 1 1 0 1]	[0 0 0 0 0 0]	[8]	[1 1 0 0 0 1 1 0 1]	[0 0 0 0 0 0 0 1 0]	[0 0 1 1 0 1]	[1 0 0 0 0 0]	[8]
89	0.4273877739906311	4.095149517059326	2.1270453929901123	1.944223165512085	0.020835883915424347	0.003045065328478813	False	[1 1 0 0 0 1 1 0 1]	[0 0 0 0 0 0 0 1 0]	[0 0 1 1 0 1]	[1 0 0 0 0 0]	[8]	[1 1 0 0 0 1 1 1 1]	[0 0 0 1 0 0 0 1 0]	[1 0 1 1 0 1]	[0 0 0 0 0 0]	[8]
89	0.44556957483291626	4.070714473724365	2.124258041381836	1.9300812482833862	0.01392606645822525	0.002448996528983116	False	[1 1 0 0 0 1 1 1 1]	[0 0 0 1 0 0 0 1 0]	[1 0 1 1 0 1]	[0 0 0 0 0 0]	[8]	[1 1 0 0 0 1 1 0 1]	[0 0 0 0 0 0 0 1 0]	[0 0 1 1 0 1]	[1 0 0 0 0 0]	[8]
89	0.3637514114379883	4.114626407623291	2.1205317974090576	1.9536272287368774	0.03784896805882454	0.002618478611111641	False	[1 1 0 0 0 1 1 0 1]	[0 0 0 0 0 0 0 1 0]	[0 0 1 1 0 1]	[1 0 0 0 0 0]	[8]	[1 1 0 0 0 1 1 1 1]	[0 0 0 1 0 0 0 1 0]	[1 0 1 1 0 1]	[0 0 0 0 0 0]	[8]
89	0.3852745294570923	4.086377143859863	2.1275851726531982	1.938558578491211	0.01729031465947628	0.002942926250398159	False	[1 1 0 0 0 1 1 1 1]	[0 0 0 1 0 0 0 1 0]	[1 0 1 1 0 1]	[0 0 0 0 0 0]	[8]	[1 1 0 0 0 1 1 0 1]	[0 0 0 0 0 0 0 1 0]	[0 0 1 1 0 1]	[1 0 0 0 0 0]	[8]
89	0.5001150369644165	4.09354829788208	2.128546714782715	1.946323275566101	0.015893379226326942	0.002784884534776211	False	[1 1 0 0 0 1 1 0 1]	[0 0 0 0 0 0 0 1 0]	[0 0 1 1 0 1]	[1 0 0 0 0 0]	[8]	[1 1 0 0 0 1 1 1 1]	[0 0 0 1 0 0 0 1 0]	[1 0 1 1 0 1]	[0 0 0 0 0 0]	[8]
89	0.3546604812145233	4.067742824554443	2.1258656978607178	1.9228863716125488	0.01650059036910534	0.0024907307233661413	False	[1 1 0 0 0 1 1 1 1]	[0 0 0 1 0 0 0 1 0]	[1 0 1 1 0 1]	[0 0 0 0 0 0]	[8]	[1 1 0 0 0 1 1 0 1]	[0 0 0 0 0 0 0 1 0]	[0 0 1 1 0 1]	[1 0 0 0 0 0]	[8]
89	0.49724024534225464	4.0957465171813965	2.1170618534088135	1.937231421470642	0.038692962378263474	0.0027604633942246437	False	[1 1 0 0 0 1 1 0 1]	[0 0 0 0 0 0 0 1 0]	[0 0 1 1 0 1]	[1 0 0 0 0 0]	[8]	[1 1 0 0 0 1 1 1 1]	[0 0 0 1 0 0 0 1 0]	[1 0 1 1 0 1]	[0 0 0 0 0 0]	[8]
89	0.39436542987823486	4.089088439941406	2.1208908557891846	1.936348795890808	0.0282643660902977	0.0035844361409544945	False	[1 1 0 0 0 1 1 1 1]	[0 0 0 1 0 0 0 1 0]	[1 0 1 1 0 1]	[0 0 0 0 0 0]	[8]	[1 1 0 0 0 1 1 0 1]	[0 0 0 0 0 0 0 1 0]	[0 0 1 1 0 1]	[1 0 0 0 0 0]	[8]
90	0.09589618444442749	6.373901844024658	2.0648345947265625	1.7271976470947266	1.4433002471923828	1.1385694742202759	False	[0 0 0 0 0 0 0 0 0]	[0 0 0 0 0 0 0 0 0]	[0 0 0 0 0 0]	[0 1 0 1 0 1]	[72]	[1 0 0 0 0 0 0 0 0]	[0 0 0 0 0 0 1 0 0]	[0 0 0 1 0 0]	[0 0 0 1 0 1]	[12]
90	-1.0	5.832173824310303	2.0770347118377686	1.8588911294937134	1.4026280641555786	0.49362000823020935	False	[1 0 0 0 0 0 0 0 0]	[0 0 0 0 0 0 1 0 0]	[0 0 0 1 0 0]	[0 0 0 1 0 1]	[12]	[1 0 0 0 0 0 0 0 1]	[1 0 0 0 0 0 1 0 0]	[0 0 0 0 0 0]	[0 0 0 1 0 0]	[0]
90	-1.0	5.456242084503174	2.157496452331543	1.9990403652191162	0.550894021987915	0.7488113045692444	False	[1 0 0 0 0 0 0 0 1]	[1 0 0 0 0 0 1 0 0]	[0 0 0 0 0 0]	[0 0 0 1 0 0]	[0]	[1 1 0 0 0 0 0 0 1]	[1 0 0 0 0 1 1 0 0]	[0 1 0 0 0 0]	[0 0 0 0 0 0]	[0]
90	-1.0	5.406989097595215	2.1313412189483643	2.1160919666290283	0.2108459323644638	0.9487098455429077	False	[1 1 0 0 0 0 0 0 1]	[1 0 0 0 0 1 1 0 0]	[0 1 0 0 0 0]	[0 0 0 0 0 0]	[0]	[1 1 0 0 0 0 0 0 1]	[1 0 0 0 0 1 0 0 0]	[0 1 0 0 1 0]	[0 0 0 0 0 0]	[0]
90	-1.0	5.714077949523926	2.176218271255493	1.9877922534942627	0.7938655614852905	0.7562017440795898	False	[1 1 0 0 0 0 0 0 1]	[1 0 0 0 0 1 0 0 0]	[0 1 0 0 1 0]	[0 0 0 0 0 0]	[0]	[1 0 0 0 0 0 0 0 1]	[1 0 0 0 0 0 0 0 0]	[0 1 0 0 1 0]	[0 0 0 0 0 0]	[0]
90	-1.0	5.6971869468688965	2.1890175342559814	2.0163211822509766	0.7843081951141357	0.7075398564338684	False	[1 0 0 0 0 0 0 0 1]	[1 0 0 0 0 0 0 0 0]	[0 1 0 0 1 0]	[0 0 0 0 0 0]	[0]	[1 1 0 0 0 0 0 0 1]	[1 0 0 0 0 1 0 0 0]	[0 1 0 0 1 0]	[0 0 0 0 0 0]	[0]
90	-1.0	5.719296455383301	2.1834070682525635	2.009214162826538	0.7863503694534302	0.7403247356414795	False	[1 1 0 0 0 0 0 0 1]	[1 0 0 0 0 1 0 0 0]	[0 1 0 0 1 0]	[0 0 0 0 0 0]	[0]	[1 0 0 0 0 0 0 0 1]	[1 0 0 0 0 0 0 0 0]	[0 1 0 0 1 0]	[0 0 0 0 0 0]	[0]
90	-1.0	5.730140209197998	2.185178756713867	2.0324132442474365	0.7835524082183838	0.7289959192276001	False	[1 0 0 0 0 0 0 0 1]	[1 0 0 0 0 0 0 0 0]	[0 1 0 0 1 0]	[0 0 0 0 0 0]	[0]	[1 1 0 0 0 0 0 0 1]	[1 0 0 0 0 1 0 0 0]	[0 1 0 0 1 0]	[0 0 0 0 0 0]	[0]
90	-1.0	5.674716472625732	2.1839540004730225	2.0003111362457275	0.7621517181396484	0.7282997965812683	False	[1 1 0 0 0 0 0 0 1]	[1 0 0 0 0 1 0 0 0]	[0 1 0 0 1 0]	[0 0 0 0 0 0]	[0]	[1 0 0 0 0 0 0 0 1]	[1 0 0 0 0 0 0 0 0]	[0 1 0 0 1 0]	[0 0 0 0 0 0]	[0]
90	-1.0	5.715060234069824	2.1899359226226807	2.0228283405303955	0.7901728749275208	0.7121230363845825	False	[1 0 0 0 0 0 0 0 1]	[1 0 0 0 0 0 0 0 0]	[0 1 0 0 1 0]	[0 0 0 0 0 0]	[0]	[1 1 0 0 0 0 0 0 1]	[1 0 0 0 0 1 0 0 0]	[0 1 0 0 1 0]	[0 0 0 0 0 0]	[0]
90	-1.0	5.710416316986084	2.17388653755188	1.9971445798873901	0.7766422033309937	0.7627428770065308	False	[1 1 0 0 0 0 0 0 1]	[1 0 0 0 0 1 0 0 0]	[0 1 0 0 1 0]	[0 0 0 0 0 0]	[0]	[1 0 0 0 0 0 0 0 1]	[1 0 0 0 0 0 0 0 0]	[0 1 0 1 1 0]	[0 0 0 0 0 0]	[0]
90	0.4852745234966278	5.800840854644775	2.1814041137695312	2.050107479095459	0.7291809320449829	0.8401484489440918	False	[1 0 0 0 0 0 0 0 1]	[1 0 0 0 0 0 0 0 0]	[0 1 0 1 1 0]	[0 0 0 0 0 0]	[0]	[1 1 0 0 0 0 0 0 1]	[1 0 0 0 0 1 0 0 0]	[0 1 0 1 1 0]	[0 0 0 0 0 0]	[8]
90	0.04754959046840668	4.167691707611084	2.162436008453369	1.9883708953857422	0.013091867789626122	0.003792973468080163	False	[1 1 0 0 0 0 0 0 1]	[1 0 0 0 0 1 0 0 0]	[0 1 0 1 1 0]	[0 0 0 0 0 0]	[8]	[1 1 0 0 0 0 0 0 0]	[1 0 0 0 0 0 0 0 0]	[1 1 0 1 1 0]	[1 0 0 0 0 0]	[8]
90	0.05315165966749191	4.16387414932251	2.1041722297668457	2.042904853820801	0.012944534420967102	0.0038523771800100803	False	[1 1 0 0 0 0 0 0 0]	[1 0 0 0 0 0 0 0 0]	[1 1 0 1 1 0]	[1 0 0 0 0 0]	[8]	[1 1 0 0 0 0 0 1 0]	[0 0 0 0 0 0 0 0 0]	[0 1 0 1 1 0]	[0 0 0 0 0 0]	[24]
90	0.37330880761146545	4.04961633682251	2.0955886840820312	1.9425678253173828	0.010138973593711853	0.0013209334574639797	False	[1 1 0 0 0 0 0 1 0]	[0 0 0 0 0 0 0 0 0]	[0 1 0 1 1 0]	[0 0 0 0 0 0]	[24]	[1 1 1 0 0 0 0 1 0]	[0 0 0 1 0 0 0 0 0]	[1 1 0 1 1 0]	[1 0 0 0 0 0]	[8]
90	0.05314590781927109	4.081863880157471	2.094027519226074	1.9781525135040283	0.006902869790792465	0.002781474497169256	False	[1 1 1 0 0 0 0 1 0]	[0 0 0 1 0 0 0 0 0]	[1 1 0 1 1 0]	[1 0 0 0 0 0]	[8]	[1 1 1 0 0 0 0 0 0]	[0 0 0 0 0 0 0 0 0]	[0 1 0 1 1 0]	[0 0 0 0 0 0]	[8]
90	0.06173485890030861	4.154184341430664	2.09798002243042	2.0396785736083984	0.013320726342499256	0.0032046588603407145	False	[1 1 1 0 0 0 0 0 0]	[0 0 0 0 0 0 0 0 0]	[0 1 0 1 1 0]	[0 0 0 0 0 0]	[8]	[1 1 1 0 0 0 0 1 0]	[1 0 0 0 0 0 0 0 0]	[1 1 0 1 1 0]	[1 0 0 0 0 0]	[8]
90	0.05442093685269356	4.151686191558838	2.0881142616271973	2.040799140930176	0.018513763323426247	0.004259337671101093	False	[1 1 1 0 0 0 0 1 0]	[1 0 0 0 0 0 0 0 0]	[1 1 0 1 1 0]	[1 0 0 0 0 0]	[8]	[1 1 1 0 0 0 0 0 0]	[0 0 0 0 0 0 0 0 0]	[0 1 0 1 1 0]	[0 0 0 0 0 0]	[8]
90	0.05223681777715683	4.174388408660889	2.1127028465270996	2.0423660278320312	0.015139170922338963	0.004180316813290119	False	[1 1 1 0 0 0 0 0 0]	[0 0 0 0 0 0 0 0 0]	[0 1 0 1 1 0]	[0 0 0 0 0 0]	[8]	[1 1 1 0 0 0 0 1 0]	[1 0 0 0 0 0 0 0 0]	[1 1 0 1 1 0]	[1 0 0 0 0 0]	[8]
90	0.03561357408761978	4.1602654457092285	2.0963082313537598	2.036787509918213	0.02364465408027172	0.003525359556078911	False	[1 1 1 0 0 0 0 1 0]	[1 0 0 0 0 0 0 0 0]	[1 1 0 1 1 0]	[1 0 0 0 0 0]	[8]	[1 1 1 0 0 0 0 0 0]	[0 0 0 0 0 0 0 0 0]	[0 1 0 1 1 0]	[0 0 0 0 0 0]	[8]
90	0.04780344292521477	4.15785026550293	2.0939009189605713	2.0406603813171387	0.0190931037068367	0.004195464309304953	False	[1 1 1 0 0 0 0 0 0]	[0 0 0 0 0 0 0 0 0]	[0 1 0 1 1 0]	[0 0 0 0 0 0]	[8]	[1 1 1 0 0 0 0 1 0]	[1 0 0 0 0 0 0 0 0]	[1 1 0 1 1 0]	[1 0 0 0 0 0]	[8]
90	0.05762622877955437	4.170036792755127	2.104142189025879	2.0494418144226074	0.013140559196472168	0.003312110435217619	False	[1 1 1 0 0 0 0 1 0]	[1 0 0 0 0 0 0 0 0]	[1 1 0 1 1 0]	[1 0 0 0 0 0]	[8]	[1 1 1 0 0 0 0 0 0]	[0 0 0 0 0 0 0 0 0]	[0 1 0 1 1 0]	[0 0 0 0 0 0]	[8]
90	0.050997231155633926	4.1518235206604	2.095442533493042	2.0329275131225586	0.020112663507461548	0.003340874332934618	False	[1 1 1 0 0 0 0 0 0]	[0 0 0 0 0 0 0 0 0]	[0 1 0 1 1 0]	[0 0 0 0 0 0]	[8]	[1 1 1 0 0 0 0 1 0]	[1 0 0 0 0 0 0 0 0]	[1 1 0 1 1 0]	[1 0 0 0 0 0]	[8]
90	0.0638480931520462	4.165190696716309	2.106529712677002	2.0441012382507324	0.011475550942122936	0.003084192518144846	False	[1 1 1 0 0 0 0 1 0]	[1 0 0 0 0 0 0 0 0]	[1 1 0 1 1 0]	[1 0 0 0 0 0]	[8]	[1 1 1 0 0 0 0 0 0]	[0 0 0 0 0 0 0 0 0]	[0 1 0 1 1 0]	[0 0 0 0 0 0]	[8]
90	0.0542379692196846	4.147729396820068	2.0824694633483887	2.0329244136810303	0.02897184155881405	0.0033641490153968334	False	[1 1 1 0 0 0 0 0 0]	[0 0 0 0 0 0 0 0 0]	[0 1 0 1 1 0]	[0 0 0 0 0 0]	[8]	[1 1 1 0 0 0 0 1 0]	[1 0 0 0 0 0 0 0 0]	[1 1 0 1 1 0]	[1 0 0 0 0 0]	[8]
90	0.05533577874302864	4.167825222015381	2.102156162261963	2.044229507446289	0.01820705458521843	0.0032323715277016163	False	[1 1 1 0 0 0 0 1 0]	[1 0 0 0 0 0 0 0 0]	[1 1 0 1 1 0]	[1 0 0 0 0 0]	[8]	[1 1 1 0 0 0 0 0 0]	[0 0 0 0 0 0 0 0 0]	[0 1 0 1 1 0]	[0 0 0 0 0 0]	[8]
90	0.06391897797584534	4.158392906188965	2.097766637802124	2.043734312057495	0.011299310252070427	0.005592696368694305	False	[1 1 1 0 0 0 0 0 0]	[0 0 0 0 0 0 0 0 0]	[0 1 0 1 1 0]	[0 0 0 0 0 0]	[8]	[1 1 1 0 0 0 0 1 0]	[1 0 0 0 0 0 0 0 0]	[1 1 0 1 1 0]	[1 0 0 0 0 0]	[8]
90	0.04474567621946335	4.141280174255371	2.085116386413574	2.036586046218872	0.016466055065393448	0.0031118830665946007	False	[1 1 1 0 0 0 0 1 0]	[1 0 0 0 0 0 0 0 0]	[1 1 0 1 1 0]	[1 0 0 0 0 0]	[8]	[1 1 1 0 0 0 0 0 0]	[0 0 0 0 0 0 0 0 0]	[0 1 0 1 1 0]	[0 0 0 0 0 0]	[8]
90	0.06165821850299835	4.180332183837891	2.1120829582214355	2.0497541427612305	0.014332599937915802	0.004162333440035582	False	[1 1 1 0 0 0 0 0 0]	[0 0 0 0 0 0 0 0 0]	[0 1 0 1 1 0]	[0 0 0 0 0 0]	[8]	[1 1 1 0 0 0 0 1 0]	[1 0 0 0 0 0 0 0 0]	[1 1 0 1 1 0]	[1 0 0 0 0 0]	[8]
90	0.07561932504177094	4.161455154418945	2.090357542037964	2.0395216941833496	0.027332816272974014	0.0042432090267539024	False	[1 1 1 0 0 0 0 1 0]	[1 0 0 0 0 0 0 0 0]	[1 1 0 1 1 0]	[1 0 0 0 0 0]	[8]	[1 1 1 0 0 0 0 0 0]	[0 0 0 0 0 0 0 0 0]	[0 1 0 1 1 0]	[0 0 0 0 0 0]	[8]
91	-1.0	3.8230321407318115	0.9548807740211487	1.9645144939422607	0.15576833486557007	0.7478684782981873	False	[0 0 0 0 0 0 0 0 0]	[0 0 0 0 0 0 0 1 0]	[0 0 0 0 0 0]	[0 0 0 0 0 0]	[0]	[0 0 0 0 0 0 0 0 0]	[0 0 0 0 0 0 0 1 0]	[0 1 0 0 0 0]	[1 0 0 0 0 0]	[0]
91	-1.0	5.393981456756592	2.1184675693511963	2.1290791034698486	0.2973916828632355	0.8490429520606995	False	[0 0 0 0 0 0 0 0 0]	[0 0 0 0 0 0 0 1 0]	[0 1 0 0 0 0]	[1 0 0 0 0 0]	[0]	[0 0 0 0 0 0 0 0 0]	[0 0 0 0 0 0 1 1 0]	[0 1 0 0 1 0]	[1 0 0 0 0 0]	[0]
91	0.36087659001350403	5.473423957824707	2.168654680252075	1.948346495628357	0.7837210297584534	0.5727017521858215	False	[0 0 0 0 0 0 0 0 0]	[0 0 0 0 0 0 1 1 0]	[0 1 0 0 1 0]	[1 0 0 0 0 0]	[0]	[0 1 0 0 0 0 0 0 0]	[0 0 0 0 0 1 1 1 0]	[0 1 0 1 1 0]	[1 0 0 0 0 0]	[8]
91	0.11732449382543564	3.9067234992980957	2.0955042839050293	1.7900989055633545	0.017685886472463608	0.003434306476265192	False	[0 1 0 0 0 0 0 0 0]	[0 0 0 0 0 1 1 1 0]	[0 1 0 1 1 0]	[1 0 0 0 0 0]	[8]	[0 0 0 0 0 0 0 0 0]	[0 0 0 0 0 1 0 1 0]	[1 1 0 1 1 0]	[0 0 0 0 0 0]	[8]
91	0.4173877537250519	4.090295314788818	2.104372501373291	1.9629099369049072	0.0176963210105896	0.00531636131927371	False	[0 0 0 0 0 0 0 0 0]	[0 0 0 0 0 1 0 1 0]	[1 1 0 1 1 0]	[0 0 0 0 0 0]	[8]	[0 0 0 0 0 0 0 0 1]	[0 0 0 0 0 1 0 1 1]	[0 1 0 1 1 0]	[1 0 0 0 0 0]	[8]
91	0.10397742688655853	4.0662665367126465	2.097914934158325	1.9534717798233032	0.00781379546970129	0.007065676152706146	False	[0 0 0 0 0 0 0 0 1]	[0 0 0 0 0 1 0 1 1]	[0 1 0 1 1 0]	[1 0 0 0 0 0]	[8]	[0 0 0 0 0 0 0 0 0]	[0 0 0 0 0 1 0 1 0]	[1 1 0 1 1 0]	[0 0 0 0 0 0]	[8]
91	0.4642179012298584	4.082680702209473	2.101229667663574	1.966442346572876	0.008769490756094456	0.006239642389118671	False	[0 0 0 0 0 0 0 0 0]	[0 0 0 0 0 1 0 1 0]	[1 1 0 1 1 0]	[0 0 0 0 0 0]	[8]	[0 0 0 0 0 0 0 0 1]	[0 0 0 0 0 1 0 1 1]	[0 1 0 1 1 0]	[1 0 0 0 0 0]	[8]
91	0.0950225368142128	4.068766117095947	2.116321086883545	1.9349333047866821	0.011017371900379658	0.006494647823274136	False	[0 0 0 0 0 0 0 0 1]	[0 0 0 0 0 1 0 1 1]	[0 1 0 1 1 0]	[1 0 0 0 0 0]	[8]	[0 0 0 0 0 0 0 0 0]	[0 0 0 0 0 0 0 1 1]	[1 1 0 1 1 0]	[0 0 0 0 0 0]	[8]
91	0.41163817048072815	4.122356414794922	2.137965202331543	1.9709959030151367	0.011678218841552734	0.0017168731428682804	False	[0 0 0 0 0 0 0 0 0]	[0 0 0 0 0 0 0 1 1]	[1 1 0 1 1 0]	[0 0 0 0 0 0]	[8]	[0 0 1 0 0 0 0 0 0]	[0 0 0 1 0 0 0 1 1]	[0 1 0 1 1 0]	[1 0 0 0 0 0]	[8]
91	0.10408375412225723	4.087615013122559	2.113835334777832	1.9610720872879028	0.010749864391982555	0.0019576973281800747	False	[0 0 1 0 0 0 0 0 0]	[0 0 0 1 0 0 0 1 1]	[0 1 0 1 1 0]	[1 0 0 0 0 0]	[8]	[0 0 0 0 0 0 0 0 0]	[0 0 0 0 0 0 0 1 1]	[1 1 0 1 1 0]	[0 0 0 0 0 0]	[8]
91	0.3278542757034302	4.111112117767334	2.1206209659576416	1.976572036743164	0.011264434084296227	0.0026550169568508863	False	[0 0 0 0 0 0 0 0 0]	[0 0 0 0 0 0 0 1 1]	[1 1 0 1 1 0]	[0 0 0 0 0 0]	[8]	[0 0 1 0 0 0 0 0 0]	[0 0 0 1 0 0 0 1 1]	[0 1 0 1 1 0]	[1 0 0 0 0 0]	[8]
91	0.08524095267057419	4.097808837890625	2.1209983825683594	1.9672961235046387	0.007630921900272369	0.0018833691719919443	False	[0 0 1 0 0 0 0 0 0]	[0 0 0 1 0 0 0 1 1]	[0 1 0 1 1 0]	[1 0 0 0 0 0]	[8]	[0 0 0 0 0 0 0 0 0]	[0 0 0 0 0 0 0 1 1]	[1 1 0 1 1 0]	[0 0 0 0 0 0]	[8]
91	0.40345636010169983	4.0945634841918945	2.1147279739379883	1.9692614078521729	0.008819792419672012	0.001754859695211053	False	[0 0 0 0 0 0 0 0 0]	[0 0 0 0 0 0 0 1 1]	[1 1 0 1 1 0]	[0 0 0 0 0 0]	[8]	[0 0 1 0 0 0 0 0 0]	[0 0 0 1 0 0 0 1 1]	[0 1 0 1 1 0]	[1 0 0 0 0 0]	[8]
91	0.4063311517238617	4.100379467010498	2.12066650390625	1.9670114517211914	0.010715818963944912	0.0019855638965964317	False	[0 0 1 0 0 0 0 0 0]	[0 0 0 1 0 0 0 1 1]	[0 1 0 1 1 0]	[1 0 0 0 0 0]	[8]	[0 0 1 0 0 0 0 1 0]	[0 0 0 0 0 0 0 1 1]	[1 1 0 1 1 0]	[0 0 0 0 0 0]	[8]
91	0.39724022150039673	4.112262725830078	2.12794828414917	1.9694092273712158	0.012829379178583622	0.0020756390877068043	False	[0 0 1 0 0 0 0 1 0]	[0 0 0 0 0 0 0 1 1]	[1 1 0 1 1 0]	[0 0 0 0 0 0]	[8]	[0 0 0 0 0 0 0 1 0]	[0 0 0 1 0 0 0 1 1]	[0 1 0 1 1 0]	[1 0 0 0 0 0]	[8]
91	0.4699675142765045	4.094188690185547	2.1037802696228027	1.9753364324569702	0.013747564516961575	0.0013243183493614197	False	[0 0 0 0 0 0 0 1 0]	[0 0 0 1 0 0 0 1 1]	[0 1 0 1 1 0]	[1 0 0 0 0 0]	[8]	[0 0 1 0 0 0 0 1 0]	[0 0 0 0 0 0 0 1 1]	[1 1 0 1 1 0]	[0 0 0 0 0 0]	[8]
91	0.39436542987823486	4.110206127166748	2.12514328956604	1.9680877923965454	0.01535550132393837	0.0016191939357668161	False	[0 0 1 0 0 0 0 1 0]	[0 0 0 0 0 0 0 1 1]	[1 1 0 1 1 0]	[0 0 0 0 0 0]	[8]	[0 0 0 0 0 0 0 1 0]	[0 0 0 1 0 0 0 1 1]	[0 1 0 1 1 0]	[1 0 0 0 0 0]	[8]
91	0.43891090154647827	4.09254789352417	2.1141412258148193	1.9534754753112793	0.022827070206403732	0.0021042493171989918	False	[0 0 0 0 0 0 0 1 0]	[0 0 0 1 0 0 0 1 1]	[0 1 0 1 1 0]	[1 0 0 0 0 0]	[8]	[0 0 1 0 0 0 0 1 0]	[0 0 0 0 0 0 0 1 1]	[1 1 0 1 1 0]	[0 0 0 0 0 0]	[8]
91	0.4063311517238617	4.115787982940674	2.130423069000244	1.972894549369812	0.010336879640817642	0.0021334674675017595	False	[0 0 1 0 0 0 0 1 0]	[0 0 0 0 0 0 0 1 1]	[1 1 0 1 1 0]	[0 0 0 0 0 0]	[8]	[0 0 0 0 0 0 0 1 0]	[0 0 0 1 0 0 0 1 1]	[0 1 0 1 1 0]	[1 0 0 0 0 0]	[8]
91	0.4336038827896118	4.109472274780273	2.122748851776123	1.9726372957229614	0.011983714066445827	0.002102410653606057	False	[0 0 0 0 0 0 0 1 0]	[0 0 0 1 0 0 0 1 1]	[0 1 0 1 1 0]	[1 0 0 0 0 0]	[8]	[0 0 1 0 0 0 0 1 0]	[0 0 0 0 0 0 0 1 1]	[1 1 0 1 1 0]	[0 0 0 0 0 0]	[8]
91	0.40920594334602356	4.1016340255737305	2.1291091442108154	1.9597764015197754	0.010532138869166374	0.002216822002083063	False	[0 0 1 0 0 0 0 1 0]	[0 0 0 0 0 0 0 1 1]	[1 1 0 1 1 0]	[0 0 0 0 0 0]	[8]	[0 0 0 0 0 0 0 1 0]	[0 0 0 1 0 0 0 1 1]	[0 1 0 1 1 0]	[1 0 0 0 0 0]	[8]
91	0.4426947832107544	4.108095645904541	2.1248655319213867	1.9698611497879028	0.01125478558242321	0.0021143516059964895	False	[0 0 0 0 0 0 0 1 0]	[0 0 0 1 0 0 0 1 1]	[0 1 0 1 1 0]	[1 0 0 0 0 0]	[8]	[0 0 1 0 0 0 0 1 0]	[0 0 0 0 0 0 0 1 1]	[1 1 0 1 1 0]	[0 0 0 0 0 0]	[8]
91	0.39436542987823486	4.095892429351807	2.123824119567871	1.9621533155441284	0.007897094823420048	0.0020180100109428167	False	[0 0 1 0 0 0 0 1 0]	[0 0 0 0 0 0 0 1 1]	[1 1 0 1 1 0]	[0 0 0 0 0 0]	[8]	[0 0 0 0 0 0 0 1 0]	[0 0 0 1 0 0 0 1 1]	[0 1 0 1 1 0]	[1 0 0 0 0 0]	[8]
91	0.391490638256073	4.109692573547363	2.1339993476867676	1.9653515815734863	0.008467414416372776	0.0018744436092674732	False	[0 0 0 0 0 0 0 1 0]	[0 0 0 1 0 0 0 1 1]	[0 1 0 1 1 0]	[1 0 0 0 0 0]	[8]	[0 0 1 0 0 0 0 1 0]	[0 0 0 0 0 0 0 1 1]	[1 1 0 1 1 0]	[0 0 0 0 0 0]	[8]
91	0.42451295256614685	4.117038249969482	2.133697986602783	1.971093773841858	0.009317265823483467	0.002929278649389744	False	[0 0 1 0 0 0 0 1 0]	[0 0 0 0 0 0 0 1 1]	[1 1 0 1 1 0]	[0 0 0 0 0 0]	[8]	[0 0 0 0 0 0 0 1 0]	[0 0 0 1 0 0 0 1 1]	[0 1 0 1 1 0]	[1 0 0 0 0 0]	[8]
91	0.38814932107925415	4.094202518463135	2.113863229751587	1.9707509279251099	0.007787518203258514	0.0018005672609433532	False	[0 0 0 0 0 0 0 1 0]	[0 0 0 1 0 0 0 1 1]	[0 1 0 1 1 0]	[1 0 0 0 0 0]	[8]	[0 0 1 0 0 0 0 1 0]	[0 0 0 0 0 0 0 1 1]	[1 1 0 1 1 0]	[0 0 0 0 0 0]	[8]
91	0.3704340159893036	4.100881576538086	2.125138998031616	1.9661058187484741	0.007610427215695381	0.0020263795740902424	False	[0 0 1 0 0 0 0 1 0]	[0 0 0 0 0 0 0 1 1]	[1 1 0 1 1 0]	[0 0 0 0 0 0]	[8]	[0 0 0 0 0 0 0 1 0]	[0 0 0 1 0 0 0 1 1]	[0 1 0 1 1 0]	[1 0 0 0 0 0]	[8]
91	0.4580017924308777	4.111072540283203	2.1247308254241943	1.9656362533569336	0.01896974816918373	0.001735860132612288	False	[0 0 0 0 0 0 0 1 0]	[0 0 0 1 0 0 0 1 1]	[0 1 0 1 1 0]	[1 0 0 0 0 0]	[8]	[0 0 1 0 0 0 0 1 0]	[0 0 0 0 0 0 0 1 1]	[1 1 0 1 1 0]	[0 0 0 0 0 0]	[8]
91	0.4426947832107544	4.105558395385742	2.1253409385681152	1.9663381576538086	0.011859227903187275	0.002020093612372875	False	[0 0 1 0 0 0 0 1 0]	[0 0 0 0 0 0 0 1 1]	[1 1 0 1 1 0]	[0 0 0 0 0 0]	[8]	[0 0 0 0 0 0 0 1 0]	[0 0 0 1 0 0 0 1 1]	[0 1 0 1 1 0]	[1 0 0 0 0 0]	[8]
91	0.43072906136512756	4.125155925750732	2.1320090293884277	1.971938133239746	0.01926850713789463	0.001940182875841856	False	[0 0 0 0 0 0 0 1 0]	[0 0 0 1 0 0 0 1 1]	[0 1 0 1 1 0]	[1 0 0 0 0 0]	[8]	[0 0 1 0 0 0 0 1 0]	[0 0 0 0 0 0 0 1 1]	[1 1 0 1 1 0]	[0 0 0 0 0 0]	[8]
92	-0.75	3.7939388751983643	0.7718544602394104	1.9800812005996704	0.17879733443260193	0.8632058501243591	False	[0 0 0 1 0 0 0 0 0]	[0 0 0 0 0 1 0 0 0]	[0 0 0 0 0 0]	[0 0 0 0 0 0]	[0]	[0 0 0 1 0 0 0 0 0]	[0 0 0 0 0 1 0 0 0]	[0 1 0 0 0 0]	[1 0 0 0 0 0]	[2]
92	-0.25	4.662210464477539	2.1483380794525146	1.8767955303192139	0.1448967009782791	0.4921802282333374	False	[0 0 0 1 0 0 0 0 0]	[0 0 0 0 0 1 0 0 0]	[0 1 0 0 0 0]	[1 0 0 0 0 0]	[2]	[0 0 0 1 0 0 0 1 0]	[0 0 0 0 0 1 1 0 0]	[0 1 0 0 1 0]	[0 0 0 0 0 0]	[6]
92	0.4728423058986664	4.368826866149902	2.110700845718384	1.9373884201049805	0.28164827823638916	0.03908957540988922	False	[0 0 0 1 0 0 0 1 0]	[0 0 0 0 0 1 1 0 0]	[0 1 0 0 1 0]	[0 0 0 0 0 0]	[6]	[0 0 0 1 0 0 1 1 0]	[0 0 0 0 0 1 0 0 0]	[0 1 0 1 1 0]	[1 0 0 0 0 0]	[8]
92	0.47618362307548523	4.069790840148926	2.136955738067627	1.9187586307525635	0.011540701612830162	0.002535379258915782	False	[0 0 0 1 0 0 1 1 0]	[0 0 0 0 0 1 0 0 0]	[0 1 0 1 1 0]	[1 0 0 0 0 0]	[8]	[0 0 0 1 0 0 0 1 0]	[0 0 0 0 0 1 1 0 0]	[1 1 0 1 1 0]	[0 0 0 0 0 0]	[8]
92	0.32832080125808716	4.148815155029297	2.1159629821777344	2.0185656547546387	0.011228282004594803	0.003058199305087328	False	[0 0 0 1 0 0 0 1 0]	[0 0 0 0 0 1 1 0 0]	[1 1 0 1 1 0]	[0 0 0 0 0 0]	[8]	[0 0 1 1 0 0 0 1 0]	[0 0 0 0 0 1 1 0 1]	[0 1 0 1 1 0]	[1 0 0 0 0 0]	[8]
92	0.27027592062950134	3.977787733078003	2.119356870651245	1.843201756477356	0.012270712293684483	0.0029583449941128492	False	[0 0 1 1 0 0 0 1 0]	[0 0 0 0 0 1 1 0 1]	[0 1 0 1 1 0]	[1 0 0 0 0 0]	[8]	[0 0 1 1 0 0 1 1 0]	[0 0 0 0 0 1 0 0 1]	[1 1 0 1 1 0]	[0 0 0 0 0 0]	[8]
92	0.5001150369644165	4.172057628631592	2.1420211791992188	2.0194971561431885	0.007165238261222839	0.0033741083461791277	False	[0 0 1 1 0 0 1 1 0]	[0 0 0 0 0 1 0 0 1]	[1 1 0 1 1 0]	[0 0 0 0 0 0]	[8]	[0 0 0 1 0 0 1 1 0]	[0 0 0 0 0 1 0 0 0]	[0 1 0 1 1 0]	[1 0 0 0 0 0]	[8]
92	0.38861584663391113	4.054140567779541	2.128964900970459	1.909245252609253	0.011517122387886047	0.004413698799908161	False	[0 0 0 1 0 0 1 1 0]	[0 0 0 0 0 1 0 0 0]	[0 1 0 1 1 0]	[1 0 0 0 0 0]	[8]	[0 0 0 1 0 0 0 1 0]	[0 0 0 0 0 1 1 0 0]	[1 1 0 1 1 0]	[0 0 0 0 0 0]	[8]
92	0.3249794840812683	4.1667375564575195	2.1247687339782715	2.023082733154297	0.01167040504515171	0.007215430494397879	False	[0 0 0 1 0 0 0 1 0]	[0 0 0 0 0 1 1 0 0]	[1 1 0 1 1 0]	[0 0 0 0 0 0]	[8]	[0 0 1 1 0 0 0 1 0]	[0 0 0 0 0 1 1 0 1]	[0 1 0 1 1 0]	[1 0 0 0 0 0]	[8]
92	0.39436542987823486	3.992433786392212	2.1235618591308594	1.8557732105255127	0.01064613088965416	0.002452589338645339	False	[0 0 1 1 0 0 0 1 0]	[0 0 0 0 0 1 1 0 1]	[0 1 0 1 1 0]	[1 0 0 0 0 0]	[8]	[1 0 1 1 0 0 0 1 0]	[0 0 0 0 0 1 0 0 1]	[1 1 0 1 1 0]	[0 0 0 0 0 0]	[8]
92	0.42451295256614685	4.140292644500732	2.1408164501190186	1.9888166189193726	0.007739108521491289	0.0029204757884144783	False	[1 0 1 1 0 0 0 1 0]	[0 0 0 0 0 1 0 0 1]	[1 1 0 1 1 0]	[0 0 0 0 0 0]	[8]	[1 0 1 1 0 0 1 1 0]	[0 0 0 0 0 1 0 0 0]	[0 1 0 1 1 0]	[1 0 0 0 0 0]	[8]
92	0.36515092849731445	4.111177444458008	2.126992702484131	1.9736970663070679	0.008348277769982815	0.0021391697227954865	False	[1 0 1 1 0 0 1 1 0]	[0 0 0 0 0 1 0 0 0]	[0 1 0 1 1 0]	[1 0 0 0 0 0]	[8]	[1 0 0 1 0 0 1 1 0]	[0 0 0 0 0 1 0 0 1]	[1 1 0 1 1 0]	[0 0 0 0 0 0]	[8]
92	0.36905843019485474	4.048439025878906	2.130908727645874	1.896857738494873	0.01604516990482807	0.004627798683941364	False	[1 0 0 1 0 0 1 1 0]	[0 0 0 0 0 1 0 0 1]	[1 1 0 1 1 0]	[0 0 0 0 0 0]	[8]	[1 0 0 1 0 0 0 1 0]	[0 0 0 0 0 1 1 0 1]	[0 1 0 1 1 0]	[1 0 0 0 0 0]	[8]
92	0.5092059373855591	4.107983589172363	2.163339853286743	1.9291977882385254	0.011492024175822735	0.00395331671461463	False	[1 0 0 1 0 0 0 1 0]	[0 0 0 0 0 1 1 0 1]	[0 1 0 1 1 0]	[1 0 0 0 0 0]	[8]	[1 0 0 1 0 0 0 1 1]	[0 0 0 0 0 1 1 0 0]	[1 1 0 1 1 0]	[0 0 0 0 0 0]	[8]
92	0.4426947832107544	4.009857177734375	2.1286890506744385	1.8701835870742798	0.007706177420914173	0.003278020303696394	False	[1 0 0 1 0 0 0 1 1]	[0 0 0 0 0 1 1 0 0]	[1 1 0 1 1 0]	[0 0 0 0 0 0]	[8]	[1 0 0 1 0 0 1 1 1]	[0 0 0 0 0 1 0 0 0]	[0 1 0 1 1 0]	[1 0 0 0 0 0]	[8]
92	0.41451296210289	4.1291680335998535	2.1768736839294434	1.9346647262573242	0.013952087610960007	0.0036773409228771925	False	[1 0 0 1 0 0 1 1 1]	[0 0 0 0 0 1 0 0 0]	[0 1 0 1 1 0]	[1 0 0 0 0 0]	[8]	[1 0 0 1 0 1 1 1 1]	[0 0 0 0 0 1 0 0 1]	[1 1 0 1 1 0]	[0 0 0 0 0 0]	[8]
92	0.4154220521450043	4.103505611419678	2.1021416187286377	1.9872955083847046	0.006049784831702709	0.008018886670470238	False	[1 0 0 1 0 1 1 1 1]	[0 0 0 0 0 1 0 0 1]	[1 1 0 1 1 0]	[0 0 0 0 0 0]	[8]	[0 0 0 1 0 1 1 1 1]	[0 0 0 0 0 1 0 0 0]	[0 1 0 1 1 0]	[1 0 0 0 0 0]	[8]
92	0.37527453899383545	4.116436958312988	2.0636372566223145	2.0369157791137695	0.00592232309281826	0.009961480274796486	False	[0 0 0 1 0 1 1 1 1]	[0 0 0 0 0 1 0 0 0]	[0 1 0 1 1 0]	[1 0 0 0 0 0]	[8]	[1 0 0 1 0 1 1 1 1]	[0 0 0 0 0 1 0 0 1]	[1 1 0 1 1 0]	[0 0 0 0 0 0]	[8]
92	0.4637514054775238	4.0989885330200195	2.1020150184631348	1.9843649864196777	0.005074732471257448	0.007534244563430548	False	[1 0 0 1 0 1 1 1 1]	[0 0 0 0 0 1 0 0 1]	[1 1 0 1 1 0]	[0 0 0 0 0 0]	[8]	[0 0 0 1 0 1 1 1 1]	[0 0 0 0 0 1 0 0 0]	[0 1 0 1 1 0]	[1 0 0 0 0 0]	[8]
92	0.39633113145828247	4.115452766418457	2.0689547061920166	2.0256924629211426	0.008434802293777466	0.012370707467198372	False	[0 0 0 1 0 1 1 1 1]	[0 0 0 0 0 1 0 0 0]	[0 1 0 1 1 0]	[1 0 0 0 0 0]	[8]	[1 0 0 1 0 1 1 1 1]	[0 0 0 0 0 1 0 0 1]	[1 1 0 1 1 0]	[0 0 0 0 0 0]	[8]
92	0.4426947832107544	4.10476016998291	2.0993032455444336	1.9930460453033447	0.004970039241015911	0.007441018708050251	False	[1 0 0 1 0 1 1 1 1]	[0 0 0 0 0 1 0 0 1]	[1 1 0 1 1 0]	[0 0 0 0 0 0]	[8]	[0 0 0 1 0 1 1 1 1]	[0 0 0 0 0 1 0 0 0]	[0 1 0 1 1 0]	[1 0 0 0 0 0]	[8]
92	0.3730904161930084	4.108869552612305	2.063678503036499	2.0303361415863037	0.006005899049341679	0.008849363774061203	False	[0 0 0 1 0 1 1 1 1]	[0 0 0 0 0 1 0 0 0]	[0 1 0 1 1 0]	[1 0 0 0 0 0]	[8]	[1 0 0 1 0 1 1 1 1]	[0 0 0 0 0 1 0 0 1]	[1 1 0 1 1 0]	[0 0 0 0 0 0]	[8]
92	0.421638160943985	4.1173930168151855	2.1008002758026123	2.004193067550659	0.003562288824468851	0.0088371392339468	False	[1 0 0 1 0 1 1 1 1]	[0 0 0 0 0 1 0 0 1]	[1 1 0 1 1 0]	[0 0 0 0 0 0]	[8]	[0 0 0 1 0 1 1 1 1]	[0 0 0 0 0 1 0 0 0]	[0 1 0 1 1 0]	[1 0 0 0 0 0]	[8]
92	0.36087659001350403	4.134074687957764	2.075953960418701	2.0400915145874023	0.0042760660871863365	0.013752966187894344	False	[0 0 0 1 0 1 1 1 1]	[0 0 0 0 0 1 0 0 0]	[0 1 0 1 1 0]	[1 0 0 0 0 0]	[8]	[1 0 0 1 0 1 1 1 1]	[0 0 0 0 0 1 0 0 1]	[1 1 0 1 1 0]	[0 0 0 0 0 0]	[8]
92	0.400115042924881	4.109762191772461	2.1063575744628906	1.9896240234375	0.0058054011315107346	0.00797522347420454	False	[1 0 0 1 0 1 1 1 1]	[0 0 0 0 0 1 0 0 1]	[1 1 0 1 1 0]	[0 0 0 0 0 0]	[8]	[0 0 0 1 0 1 1 1 1]	[0 0 0 0 0 1 0 0 0]	[0 1 0 1 1 0]	[1 0 0 0 0 0]	[8]
92	0.36709269881248474	4.132101058959961	2.076748847961426	2.034783363342285	0.006565711461007595	0.014003079384565353	False	[0 0 0 1 0 1 1 1 1]	[0 0 0 0 0 1 0 0 0]	[0 1 0 1 1 0]	[1 0 0 0 0 0]	[8]	[1 0 0 1 0 1 1 1 1]	[0 0 0 0 0 1 0 0 1]	[1 1 0 1 1 0]	[0 0 0 0 0 0]	[8]
92	0.4364786744117737	4.106923580169678	2.098522186279297	1.996335506439209	0.005057058297097683	0.007009249646216631	False	[1 0 0 1 0 1 1 1 1]	[0 0 0 0 0 1 0 0 1]	[1 1 0 1 1 0]	[0 0 0 0 0 0]	[8]	[0 0 0 1 0 1 1 1 1]	[0 0 0 0 0 1 0 0 0]	[0 1 0 1 1 0]	[1 0 0 0 0 0]	[8]
92	0.39679765701293945	4.118165969848633	2.066737174987793	2.0345089435577393	0.0059149437583982944	0.011005084961652756	False	[0 0 0 1 0 1 1 1 1]	[0 0 0 0 0 1 0 0 0]	[0 1 0 1 1 0]	[1 0 0 0 0 0]	[8]	[1 0 0 1 0 1 1 1 1]	[0 0 0 0 0 1 0 0 1]	[1 1 0 1 1 0]	[0 0 0 0 0 0]	[8]
92	0.48193320631980896	4.106517791748047	2.1022915840148926	1.9867513179779053	0.008480333723127842	0.00899464264512062	False	[1 0 0 1 0 1 1 1 1]	[0 0 0 0 0 1 0 0 1]	[1 1 0 1 1 0]	[0 0 0 0 0 0]	[8]	[0 0 0 1 0 1 1 1 1]	[0 0 0 0 0 1 0 0 0]	[0 1 0 1 1 0]	[1 0 0 0 0 0]	[8]
92	0.3422521948814392	4.115904331207275	2.0653140544891357	2.033409357070923	0.005644410382956266	0.011536777019500732	False	[0 0 0 1 0 1 1 1 1]	[0 0 0 0 0 1 0 0 0]	[0 1 0 1 1 0]	[1 0 0 0 0 0]	[8]	[1 0 0 1 0 1 1 1 1]	[0 0 0 0 0 1 0 0 1]	[1 1 0 1 1 0]	[0 0 0 0 0 0]	[8]
93	-1.0	5.901119232177734	2.0708324909210205	1.9599871635437012	0.6107873916625977	1.2595120668411255	False	[0 0 0 0 0 0 0 0 0]	[1 0 0 0 1 1 0 0 0]	[1 0 0 1 0 0]	[0 0 0 1 1 0]	[4]	[0 1 0 0 0 0 0 0 0]	[1 0 0 0 1 0 0 0 0]	[1 1 0 1 0 0]	[0 0 0 1 0 0]	[0]
93	0.37330880761146545	5.749712944030762	1.8153529167175293	2.1809871196746826	0.9977968335151672	0.7555762529373169	False	[0 1 0 0 0 0 0 0 0]	[1 0 0 0 1 0 0 0 0]	[1 1 0 1 0 0]	[0 0 0 1 0 0]	[0]	[0 1 0 0 0 0 0 1 0]	[1 0 1 0 1 0 0 0 0]	[1 1 0 1 1 0]	[0 0 0 0 0 0]	[16]
93	-1.0	4.1196208000183105	2.081235408782959	2.029982089996338	0.003202232997864485	0.0052008978091180325	False	[0 1 0 0 0 0 0 1 0]	[1 0 1 0 1 0 0 0 0]	[1 1 0 1 1 0]	[0 0 0 0 0 0]	[16]	[0 1 0 0 0 0 0 0 0]	[1 0 1 0 1 0 0 0 1]	[0 1 0 1 1 0]	[1 0 0 0 0 0]	[0]
93	-1.0	4.823086261749268	2.0657105445861816	1.6562799215316772	0.6547982692718506	0.4462969899177551	False	[0 1 0 0 0 0 0 0 0]	[1 0 1 0 1 0 0 0 1]	[0 1 0 1 1 0]	[1 0 0 0 0 0]	[0]	[0 1 0 1 0 0 0 0 0]	[1 0 1 0 0 0 0 0 1]	[0 1 0 1 1 0]	[1 0 0 0 0 0]	[0]
93	0.331195592880249	4.800890922546387	2.200747013092041	1.6873927116394043	0.23828935623168945	0.6744619607925415	False	[0 1 0 1 0 0 0 0 0]	[1 0 1 0 0 0 0 0 1]	[0 1 0 1 1 0]	[1 0 0 0 0 0]	[0]	[0 1 0 1 0 0 1 0 0]	[1 0 1 0 0 0 0 0 1]	[0 1 0 1 1 0]	[1 0 0 0 0 0]	[8]
93	0.40345636010169983	4.175065994262695	2.1386098861694336	2.0229647159576416	0.010398313403129578	0.0030930619686841965	False	[0 1 0 1 0 0 1 0 0]	[1 0 1 0 0 0 0 0 1]	[0 1 0 1 1 0]	[1 0 0 0 0 0]	[8]	[0 1 0 1 0 0 1 1 0]	[1 0 1 0 0 0 0 0 0]	[1 1 0 1 1 0]	[0 0 0 0 0 0]	[8]
93	0.38930651545524597	4.104819297790527	2.1039233207702637	1.9929873943328857	0.005655654706060886	0.002252900507301092	False	[0 1 0 1 0 0 1 1 0]	[1 0 1 0 0 0 0 0 0]	[1 1 0 1 1 0]	[0 0 0 0 0 0]	[8]	[0 1 1 1 0 0 1 1 0]	[1 0 1 0 0 0 0 0 1]	[0 1 0 1 1 0]	[1 0 0 0 0 0]	[8]
93	0.391024112701416	4.162933349609375	2.130409002304077	2.0148935317993164	0.014546291902661324	0.003084250260144472	False	[0 1 1 1 0 0 1 1 0]	[1 0 1 0 0 0 0 0 1]	[0 1 0 1 1 0]	[1 0 0 0 0 0]	[8]	[0 1 0 1 0 0 1 1 0]	[1 0 1 0 0 0 0 0 0]	[1 1 0 1 1 0]	[0 0 0 0 0 0]	[8]
93	0.4273877739906311	4.113647937774658	2.11372447013855	1.9914417266845703	0.006463982164859772	0.0020173355005681515	False	[0 1 0 1 0 0 1 1 0]	[1 0 1 0 0 0 0 0 0]	[1 1 0 1 1 0]	[0 0 0 0 0 0]	[8]	[0 1 1 1 0 0 1 1 0]	[1 0 1 1 0 0 0 0 0]	[0 1 0 1 1 0]	[1 0 0 0 0 0]	[8]
93	0.21479743719100952	4.176988124847412	2.1337764263153076	2.0261731147766113	0.012574269436299801	0.004464650526642799	False	[0 1 1 1 0 0 1 1 0]	[1 0 1 1 0 0 0 0 0]	[0 1 0 1 1 0]	[1 0 0 0 0 0]	[8]	[0 1 0 1 0 0 1 1 0]	[1 0 1 1 0 0 0 0 1]	[1 1 0 1 1 0]	[0 0 0 0 0 0]	[24]
93	0.3551270067691803	4.096933364868164	2.0922904014587402	1.9901704788208008	0.012724841013550758	0.0017475890927016735	False	[0 1 0 1 0 0 1 1 0]	[1 0 1 1 0 0 0 0 1]	[1 1 0 1 1 0]	[0 0 0 0 0 0]	[24]	[0 1 1 1 0 0 1 1 0]	[1 0 1 0 0 0 0 0 1]	[0 1 0 1 1 0]	[1 0 0 0 0 0]	[8]
93	0.43072906136512756	4.167899131774902	2.1284589767456055	2.0256834030151367	0.00937737338244915	0.004379249643534422	False	[0 1 1 1 0 0 1 1 0]	[1 0 1 0 0 0 0 0 1]	[0 1 0 1 1 0]	[1 0 0 0 0 0]	[8]	[0 1 0 1 0 0 1 1 0]	[1 0 1 0 0 0 0 0 0]	[1 1 0 1 1 0]	[0 0 0 0 0 0]	[8]
93	0.4699675142765045	4.104400634765625	2.1042680740356445	1.991623878479004	0.006330966949462891	0.0021776447538286448	False	[0 1 0 1 0 0 1 1 0]	[1 0 1 0 0 0 0 0 0]	[1 1 0 1 1 0]	[0 0 0 0 0 0]	[8]	[0 1 1 1 0 0 1 1 0]	[1 0 1 1 0 0 0 0 0]	[0 1 0 1 1 0]	[1 0 0 0 0 0]	[8]
93	0.32163816690444946	4.156959056854248	2.118927001953125	2.0256412029266357	0.009521421045064926	0.002868971321731806	False	[0 1 1 1 0 0 1 1 0]	[1 0 1 1 0 0 0 0 0]	[0 1 0 1 1 0]	[1 0 0 0 0 0]	[8]	[0 1 1 1 0 0 1 0 0]	[1 0 1 1 0 0 0 0 1]	[1 1 0 1 1 0]	[0 0 0 0 0 0]	[8]
93	0.48193320631980896	4.121413707733154	2.1142001152038574	1.9961769580841064	0.007911443710327148	0.0031248328741639853	False	[0 1 1 1 0 0 1 0 0]	[1 0 1 1 0 0 0 0 1]	[1 1 0 1 1 0]	[0 0 0 0 0 0]	[8]	[0 1 1 1 0 0 1 1 0]	[1 0 1 1 0 0 0 0 0]	[0 1 0 1 1 0]	[1 0 0 0 0 0]	[8]
93	0.25800180435180664	4.154047966003418	2.1150689125061035	2.023420810699463	0.010992120951414108	0.004566320218145847	False	[0 1 1 1 0 0 1 1 0]	[1 0 1 1 0 0 0 0 0]	[0 1 0 1 1 0]	[1 0 0 0 0 0]	[8]	[0 1 1 1 0 0 1 0 0]	[1 0 1 1 0 0 0 0 1]	[1 1 0 1 1 0]	[0 0 0 0 0 0]	[8]
93	0.3340703845024109	4.1026129722595215	2.099661350250244	1.993031620979309	0.007378720678389072	0.002541464753448963	False	[0 1 1 1 0 0 1 0 0]	[1 0 1 1 0 0 0 0 1]	[1 1 0 1 1 0]	[0 0 0 0 0 0]	[8]	[0 1 1 1 0 0 1 1 0]	[1 0 1 0 0 0 0 0 1]	[0 1 0 1 1 0]	[1 0 0 0 0 0]	[8]
93	0.4881493151187897	4.17732048034668	2.135753631591797	2.029998302459717	0.007341353222727776	0.004227355122566223	False	[0 1 1 1 0 0 1 1 0]	[1 0 1 0 0 0 0 0 1]	[0 1 0 1 1 0]	[1 0 0 0 0 0]	[8]	[0 1 0 1 0 0 1 1 0]	[1 0 1 0 0 0 0 0 0]	[1 1 0 1 1 0]	[0 0 0 0 0 0]	[8]
93	0.391490638256073	4.114567279815674	2.1241490840911865	1.9805811643600464	0.007203565910458565	0.0026336831506341696	False	[0 1 0 1 0 0 1 1 0]	[1 0 1 0 0 0 0 0 0]	[1 1 0 1 1 0]	[0 0 0 0 0 0]	[8]	[0 1 1 1 0 0 1 1 0]	[1 0 1 0 0 0 0 0 1]	[0 1 0 1 1 0]	[1 0 0 0 0 0]	[8]
93	0.37330880761146545	4.162323951721191	2.12447190284729	2.0234248638153076	0.01009307336062193	0.004333911929279566	False	[0 1 1 1 0 0 1 1 0]	[1 0 1 0 0 0 0 0 1]	[0 1 0 1 1 0]	[1 0 0 0 0 0]	[8]	[0 1 0 1 0 0 1 1 0]	[1 0 1 0 0 0 0 0 0]	[1 1 0 1 1 0]	[0 0 0 0 0 0]	[8]
93	0.39724022150039673	4.105973720550537	2.1114766597747803	1.9863718748092651	0.005502257030457258	0.0026232036761939526	False	[0 1 0 1 0 0 1 1 0]	[1 0 1 0 0 0 0 0 0]	[1 1 0 1 1 0]	[0 0 0 0 0 0]	[8]	[0 1 1 1 0 0 1 1 0]	[1 0 1 0 0 0 0 0 1]	[0 1 0 1 1 0]	[1 0 0 0 0 0]	[8]
93	0.4426947832107544	4.162315845489502	2.124786376953125	2.0203118324279785	0.012904493138194084	0.004313167184591293	False	[0 1 1 1 0 0 1 1 0]	[1 0 1 0 0 0 0 0 1]	[0 1 0 1 1 0]	[1 0 0 0 0 0]	[8]	[0 1 0 1 0 0 1 1 0]	[1 0 1 0 0 0 0 0 0]	[1 1 0 1 1 0]	[0 0 0 0 0 0]	[8]
93	0.4336038827896118	4.117321491241455	2.114932060241699	1.9949381351470947	0.004843749105930328	0.0026075849309563637	False	[0 1 0 1 0 0 1 1 0]	[1 0 1 0 0 0 0 0 0]	[1 1 0 1 1 0]	[0 0 0 0 0 0]	[8]	[0 1 0 1 0 0 1 0 0]	[1 0 1 0 0 0 0 0 1]	[0 1 0 1 1 0]	[1 0 0 0 0 0]	[8]
93	0.41829684376716614	4.1715898513793945	2.1350786685943604	2.020663022994995	0.011585050262510777	0.004263002425432205	False	[0 1 0 1 0 0 1 0 0]	[1 0 1 0 0 0 0 0 1]	[0 1 0 1 1 0]	[1 0 0 0 0 0]	[8]	[0 1 1 1 0 0 1 0 0]	[1 0 1 0 0 0 0 0 0]	[1 1 0 1 1 0]	[0 0 0 0 0 0]	[8]
93	0.4236038625240326	4.162728309631348	2.129615306854248	2.016409397125244	0.013658862560987473	0.003044508397579193	False	[0 1 1 1 0 0 1 0 0]	[1 0 1 0 0 0 0 0 0]	[1 1 0 1 1 0]	[0 0 0 0 0 0]	[8]	[0 1 0 1 0 0 1 0 0]	[1 0 1 0 0 0 0 0 1]	[0 1 0 1 1 0]	[1 0 0 0 0 0]	[8]
93	0.400115042924881	4.169971942901611	2.126879930496216	2.0246734619140625	0.014769194647669792	0.003649527207016945	False	[0 1 0 1 0 0 1 0 0]	[1 0 1 0 0 0 0 0 1]	[0 1 0 1 1 0]	[1 0 0 0 0 0]	[8]	[0 1 1 1 0 0 1 0 0]	[1 0 1 0 0 0 0 0 0]	[1 1 0 1 1 0]	[0 0 0 0 0 0]	[8]
93	0.3493773937225342	4.185064792633057	2.1396942138671875	2.033120632171631	0.008014240302145481	0.004235737957060337	False	[0 1 1 1 0 0 1 0 0]	[1 0 1 0 0 0 0 0 0]	[1 1 0 1 1 0]	[0 0 0 0 0 0]	[8]	[0 1 0 1 0 0 1 0 0]	[1 0 1 0 0 0 0 0 1]	[0 1 0 1 1 0]	[1 0 0 0 0 0]	[8]
93	0.41829684376716614	4.1491169929504395	2.1152305603027344	2.018988847732544	0.011770810931921005	0.0031269355677068233	False	[0 1 0 1 0 0 1 0 0]	[1 0 1 0 0 0 0 0 1]	[0 1 0 1 1 0]	[1 0 0 0 0 0]	[8]	[0 1 1 1 0 0 1 0 0]	[1 0 1 0 0 0 0 0 0]	[1 1 0 1 1 0]	[0 0 0 0 0 0]	[8]
93	0.4340703785419464	4.173403739929199	2.1299309730529785	2.026034116744995	0.012582369148731232	0.004856359679251909	False	[0 1 1 1 0 0 1 0 0]	[1 0 1 0 0 0 0 0 0]	[1 1 0 1 1 0]	[0 0 0 0 0 0]	[8]	[0 1 0 1 0 0 1 0 0]	[1 0 1 0 0 0 0 0 1]	[0 1 0 1 1 0]	[1 0 0 0 0 0]	[8]
93	0.4154220521450043	4.174787998199463	2.132990598678589	2.0281496047973633	0.009560957551002502	0.004086709581315517	False	[0 1 0 1 0 0 1 0 0]	[1 0 1 0 0 0 0 0 1]	[0 1 0 1 1 0]	[1 0 0 0 0 0]	[8]	[0 1 1 1 0 0 1 0 0]	[1 0 1 0 0 0 0 0 0]	[1 1 0 1 1 0]	[0 0 0 0 0 0]	[8]
94	-1.0	4.61608362197876	1.1222056150436401	2.128652811050415	0.7825248837471008	0.582700252532959	False	[1 0 0 1 0 0 0 0 0]	[1 0 0 1 0 0 0 0 1]	[0 0 0 1 0 0]	[0 0 0 0 0 0]	[0]	[1 0 0 1 0 0 0 0 0]	[1 0 0 1 0 0 0 0 1]	[0 1 0 1 0 0]	[0 0 0 0 0 0]	[0]
94	-1.0	5.099918365478516	1.658290147781372	2.0081005096435547	0.39619624614715576	1.0373318195343018	False	[1 0 0 1 0 0 0 0 0]	[1 0 0 1 0 0 0 0 1]	[0 1 0 1 0 0]	[0 0 0 0 0 0]	[0]	[1 0 0 1 0 0 0 0 0]	[1 0 1 1 0 0 0 0 1]	[0 1 0 1 1 0]	[0 0 0 0 0 0]	[0]
94	-1.0	5.261274814605713	2.1723625659942627	2.196549415588379	0.23122546076774597	0.6611375212669373	False	[1 0 0 1 0 0 0 0 0]	[1 0 1 1 0 0 0 0 1]	[0 1 0 1 1 0]	[0 0 0 0 0 0]	[0]	[1 0 0 1 0 0 0 1 0]	[1 0 1 1 0 0 0 0 0]	[0 1 0 1 1 0]	[0 0 0 0 0 0]	[0]
94	-1.0	5.273669719696045	2.180164098739624	2.192075490951538	0.23157086968421936	0.6698594689369202	False	[1 0 0 1 0 0 0 1 0]	[1 0 1 1 0 0 0 0 0]	[0 1 0 1 1 0]	[0 0 0 0 0 0]	[0]	[1 0 0 1 0 0 1 1 0]	[1 0 1 1 0 0 0 0 1]	[0 1 0 1 1 0]	[0 0 0 0 0 0]	[0]
94	-1.0	5.2418293952941895	2.183838367462158	2.1953516006469727	0.23790353536605835	0.6247358918190002	False	[1 0 0 1 0 0 1 1 0]	[1 0 1 1 0 0 0 0 1]	[0 1 0 1 1 0]	[0 0 0 0 0 0]	[0]	[1 0 0 1 0 0 0 1 0]	[1 0 1 1 0 0 0 0 0]	[0 1 0 1 1 0]	[0 0 0 0 0 0]	[0]
94	-1.0	5.3710036277771	2.1668903827667236	2.205864906311035	0.2869832515716553	0.7112652659416199	False	[1 0 0 1 0 0 0 1 0]	[1 0 1 1 0 0 0 0 0]	[0 1 0 1 1 0]	[0 0 0 0 0 0]	[0]	[1 0 0 1 0 0 1 1 0]	[1 0 1 1 0 0 0 0 1]	[0 1 0 1 1 0]	[0 0 0 0 0 0]	[0]
94	-1.0	5.303193092346191	2.182100534439087	2.182619094848633	0.2525155246257782	0.6859585046768188	False	[1 0 0 1 0 0 1 1 0]	[1 0 1 1 0 0 0 0 1]	[0 1 0 1 1 0]	[0 0 0 0 0 0]	[0]	[1 0 0 1 0 0 0 1 0]	[1 0 1 1 0 0 0 0 0]	[0 1 0 1 1 0]	[0 0 0 0 0 0]	[0]
94	-1.0	5.300576210021973	2.1842315196990967	2.193575382232666	0.23900456726551056	0.6837646961212158	False	[1 0 0 1 0 0 0 1 0]	[1 0 1 1 0 0 0 0 0]	[0 1 0 1 1 0]	[0 0 0 0 0 0]	[0]	[1 0 0 1 0 0 1 1 0]	[1 0 1 1 0 0 0 0 1]	[0 1 0 1 1 0]	[0 0 0 0 0 0]	[0]
94	-1.0	5.323692321777344	2.1816158294677734	2.1993722915649414	0.244402676820755	0.6983010768890381	False	[1 0 0 1 0 0 1 1 0]	[1 0 1 1 0 0 0 0 1]	[0 1 0 1 1 0]	[0 0 0 0 0 0]	[0]	[1 0 0 1 0 0 0 1 0]	[1 0 1 1 0 0 0 0 0]	[0 1 0 1 1 0]	[0 0 0 0 0 0]	[0]
94	-1.0	5.2278313636779785	2.169689893722534	2.1872975826263428	0.2154601365327835	0.6553837656974792	False	[1 0 0 1 0 0 0 1 0]	[1 0 1 1 0 0 0 0 0]	[0 1 0 1 1 0]	[0 0 0 0 0 0]	[0]	[1 0 0 1 0 0 1 1 0]	[1 0 1 1 0 0 0 0 1]	[0 1 0 1 1 0]	[0 0 0 0 0 0]	[0]
94	-1.0	5.239441871643066	2.1636157035827637	2.1808173656463623	0.21666452288627625	0.6783449053764343	False	[1 0 0 1 0 0 1 1 0]	[1 0 1 1 0 0 0 0 1]	[0 1 0 1 1 0]	[0 0 0 0 0 0]	[0]	[1 0 0 1 0 0 0 1 0]	[1 0 1 1 0 0 0 0 0]	[0 1 0 1 1 0]	[0 0 0 0 0 0]	[0]
94	-1.0	5.373142242431641	2.1761674880981445	2.201801300048828	0.2913680374622345	0.7038052678108215	False	[1 0 0 1 0 0 0 1 0]	[1 0 1 1 0 0 0 0 0]	[0 1 0 1 1 0]	[0 0 0 0 0 0]	[0]	[1 0 0 1 0 0 1 1 0]	[1 0 1 1 0 0 0 0 1]	[0 1 0 1 1 0]	[0 0 0 0 0 0]	[0]
94	-1.0	5.350362777709961	2.1914100646972656	2.184100389480591	0.2903391718864441	0.6845133900642395	False	[1 0 0 1 0 0 1 1 0]	[1 0 1 1 0 0 0 0 1]	[0 1 0 1 1 0]	[0 0 0 0 0 0]	[0]	[1 0 1 1 0 0 1 1 0]	[1 0 1 1 0 0 0 0 0]	[0 1 0 1 1 0]	[0 0 0 0 0 0]	[0]
94	0.2914906442165375	5.373159408569336	2.1889169216156006	2.191600799560547	0.2789951264858246	0.7136464715003967	False	[1 0 1 1 0 0 1 1 0]	[1 0 1 1 0 0 0 0 0]	[0 1 0 1 1 0]	[0 0 0 0 0 0]	[0]	[1 0 1 1 0 0 0 1 0]	[1 0 1 1 0 0 0 0 1]	[0 1 0 1 1 0]	[0 0 0 0 0 0]	[16]
94	-1.0	4.118536949157715	2.108309030532837	1.9989378452301025	0.009412847459316254	0.0018775364151224494	False	[1 0 1 1 0 0 0 1 0]	[1 0 1 1 0 0 0 0 1]	[0 1 0 1 1 0]	[0 0 0 0 0 0]	[16]	[1 0 0 1 0 0 0 1 0]	[1 0 1 0 0 0 0 0 1]	[1 1 0 1 1 0]	[1 0 0 0 0 0]	[0]
94	0.3823997378349304	5.459941387176514	2.086048126220703	1.910521388053894	0.6053500175476074	0.8580216765403748	False	[1 0 0 1 0 0 0 1 0]	[1 0 1 0 0 0 0 0 1]	[1 1 0 1 1 0]	[1 0 0 0 0 0]	[0]	[1 0 0 0 0 0 0 1 0]	[1 0 1 0 0 0 0 0 1]	[1 1 0 1 1 0]	[1 0 0 0 0 0]	[8]
94	0.4005815386772156	4.048946380615234	2.088681697845459	1.9470984935760498	0.008847865276038647	0.004318760707974434	False	[1 0 0 0 0 0 0 1 0]	[1 0 1 0 0 0 0 0 1]	[1 1 0 1 1 0]	[1 0 0 0 0 0]	[8]	[1 0 0 1 0 0 0 1 0]	[1 1 1 0 0 0 0 0 1]	[0 1 0 1 1 0]	[0 0 0 0 0 0]	[8]
94	0.5546604990959167	4.134511470794678	2.0863986015319824	2.0385069847106934	0.002327754395082593	0.007278064265847206	False	[1 0 0 1 0 0 0 1 0]	[1 1 1 0 0 0 0 0 1]	[0 1 0 1 1 0]	[0 0 0 0 0 0]	[8]	[1 0 0 1 0 0 0 0 0]	[1 1 1 0 0 0 0 0 0]	[1 1 0 1 1 0]	[1 0 0 0 0 0]	[8]
94	0.08957374840974808	4.037516117095947	2.089153289794922	1.9350593090057373	0.007647902239114046	0.005655426532030106	False	[1 0 0 1 0 0 0 0 0]	[1 1 1 0 0 0 0 0 0]	[1 1 0 1 1 0]	[1 0 0 0 0 0]	[8]	[1 0 0 0 0 0 0 0 0]	[1 0 1 0 0 0 0 0 0]	[0 1 0 1 1 0]	[0 0 0 0 0 0]	[8]
94	0.4637514054775238	4.133246421813965	2.113802671432495	2.0075340270996094	0.00992628000676632	0.0019829326774924994	False	[1 0 0 0 0 0 0 0 0]	[1 0 1 0 0 0 0 0 0]	[0 1 0 1 1 0]	[0 0 0 0 0 0]	[8]	[1 0 1 0 0 0 0 0 0]	[1 0 1 1 0 0 0 0 0]	[1 1 0 1 1 0]	[1 0 0 0 0 0]	[8]
94	0.3852745294570923	4.129818439483643	2.087205171585083	2.0350029468536377	0.0028419618029147387	0.0047685494646430016	False	[1 0 1 0 0 0 0 0 0]	[1 0 1 1 0 0 0 0 0]	[1 1 0 1 1 0]	[1 0 0 0 0 0]	[8]	[1 0 1 0 0 0 0 1 0]	[1 0 0 1 0 0 0 0 0]	[0 1 0 1 1 0]	[0 0 0 0 0 0]	[8]
94	0.05012933537364006	4.134988307952881	2.1134231090545654	2.0099377632141113	0.009553360752761364	0.0020741999614983797	False	[1 0 1 0 0 0 0 1 0]	[1 0 0 1 0 0 0 0 0]	[0 1 0 1 1 0]	[0 0 0 0 0 0]	[8]	[1 0 0 0 0 0 0 1 0]	[1 0 0 0 0 0 0 0 0]	[1 1 0 1 1 0]	[1 0 0 0 0 0]	[8]
94	0.414979487657547	4.119714260101318	2.1125776767730713	1.9985592365264893	0.007069531828165054	0.0015076560666784644	False	[1 0 0 0 0 0 0 1 0]	[1 0 0 0 0 0 0 0 0]	[1 1 0 1 1 0]	[1 0 0 0 0 0]	[8]	[1 0 1 0 0 0 0 1 0]	[1 0 0 1 0 0 0 0 0]	[0 1 0 1 1 0]	[0 0 0 0 0 0]	[8]
94	0.06439699232578278	4.142459869384766	2.1169631481170654	2.0141382217407227	0.008187220431864262	0.003171163145452738	False	[1 0 1 0 0 0 0 1 0]	[1 0 0 1 0 0 0 0 0]	[0 1 0 1 1 0]	[0 0 0 0 0 0]	[8]	[1 0 0 0 0 0 0 1 0]	[1 0 0 0 0 0 0 0 0]	[1 1 0 1 1 0]	[1 0 0 0 0 0]	[8]
94	0.40254727005958557	4.116363525390625	2.0985283851623535	2.0042853355407715	0.011940821073949337	0.0016089382115751505	False	[1 0 0 0 0 0 0 1 0]	[1 0 0 0 0 0 0 0 0]	[1 1 0 1 1 0]	[1 0 0 0 0 0]	[8]	[1 0 1 0 0 0 0 1 0]	[1 0 0 1 0 0 0 0 0]	[0 1 0 1 1 0]	[0 0 0 0 0 0]	[8]
94	0.05537122115492821	4.12076997756958	2.105318784713745	2.0037732124328613	0.009807609021663666	0.0018705681432038546	False	[1 0 1 0 0 0 0 1 0]	[1 0 0 1 0 0 0 0 0]	[0 1 0 1 1 0]	[0 0 0 0 0 0]	[8]	[1 0 0 0 0 0 0 1 0]	[1 0 0 0 0 0 0 0 0]	[1 1 0 1 1 0]	[1 0 0 0 0 0]	[8]
94	0.3489108979701996	4.093258380889893	2.0864686965942383	1.9917434453964233	0.013348842039704323	0.001697213388979435	False	[1 0 0 0 0 0 0 1 0]	[1 0 0 0 0 0 0 0 0]	[1 1 0 1 1 0]	[1 0 0 0 0 0]	[8]	[1 0 1 0 0 0 0 1 0]	[1 0 0 1 0 0 0 0 0]	[0 1 0 1 1 0]	[0 0 0 0 0 0]	[8]
94	0.05536546930670738	4.134512901306152	2.114225387573242	2.0098438262939453	0.008226720616221428	0.0022168373689055443	False	[1 0 1 0 0 0 0 1 0]	[1 0 0 1 0 0 0 0 0]	[0 1 0 1 1 0]	[0 0 0 0 0 0]	[8]	[1 0 0 0 0 0 0 1 0]	[1 0 0 0 0 0 0 0 0]	[1 1 0 1 1 0]	[1 0 0 0 0 0]	[8]
94	0.11849319189786911	4.095772743225098	2.09582781791687	1.9879987239837646	0.010024633258581161	0.0019215221982449293	False	[1 0 0 0 0 0 0 1 0]	[1 0 0 0 0 0 0 0 0]	[1 1 0 1 1 0]	[1 0 0 0 0 0]	[8]	[1 0 0 0 0 0 0 0 0]	[1 0 0 1 0 0 0 0 0]	[0 1 0 1 1 0]	[0 0 0 0 0 0]	[24]
94	0.05060160532593727	4.120053291320801	2.1158251762390137	1.9910897016525269	0.011659509502351284	0.001478528487496078	False	[1 0 0 0 0 0 0 0 0]	[1 0 0 1 0 0 0 0 0]	[0 1 0 1 1 0]	[0 0 0 0 0 0]	[24]	[1 0 0 0 0 0 0 1 0]	[1 0 0 0 0 0 0 0 0]	[1 1 0 1 1 0]	[1 0 0 0 0 0]	[8]
95	-0.25	5.269510746002197	1.9517043828964233	1.578730821609497	1.520317554473877	0.21875819563865662	False	[0 1 0 0 0 0 1 0 0]	[0 0 0 0 0 0 1 0 1]	[0 0 0 1 0 0]	[0 1 0 0 0 0]	[0]	[0 1 0 0 0 0 1 1 0]	[0 0 0 0 0 0 1 0 1]	[0 0 0 1 0 0]	[0 0 0 0 0 0]	[6]
95	0.361343115568161	4.670411586761475	1.9789398908615112	1.9568761587142944	0.45233070850372314	0.2822645604610443	False	[0 1 0 0 0 0 1 1 0]	[0 0 0 0 0 0 1 0 1]	[0 0 0 1 0 0]	[0 0 0 0 0 0]	[6]	[0 1 0 0 0 0 0 1 0]	[0 0 1 0 0 0 1 0 1]	[0 1 0 1 0 0]	[1 0 0 0 0 0]	[12]
95	0.4431613087654114	3.960430860519409	1.6455751657485962	1.8680384159088135	0.36611172556877136	0.08070535212755203	False	[0 1 0 0 0 0 0 1 0]	[0 0 1 0 0 0 1 0 1]	[0 1 0 1 0 0]	[1 0 0 0 0 0]	[12]	[0 1 0 0 0 0 0 0 0]	[0 0 1 0 0 0 0 0 1]	[0 1 0 1 1 0]	[0 0 0 0 0 0]	[8]
95	0.3254459798336029	4.167116165161133	2.115462303161621	2.031855583190918	0.016739146783947945	0.0030590351670980453	False	[0 1 0 0 0 0 0 0 0]	[0 0 1 0 0 0 0 0 1]	[0 1 0 1 1 0]	[0 0 0 0 0 0]	[8]	[0 1 0 0 0 0 0 1 0]	[1 0 1 0 0 0 0 0 1]	[1 1 0 1 1 0]	[1 0 0 0 0 0]	[24]
95	0.34559351205825806	4.149899482727051	2.1157679557800293	2.014162540435791	0.018476862460374832	0.0014919396489858627	False	[0 1 0 0 0 0 0 1 0]	[1 0 1 0 0 0 0 0 1]	[1 1 0 1 1 0]	[1 0 0 0 0 0]	[24]	[0 1 1 0 0 0 0 1 0]	[1 0 1 1 0 0 0 0 1]	[0 1 0 1 1 0]	[0 0 0 0 0 0]	[8]
95	0.2465026080608368	4.127907752990723	2.1080844402313232	2.009713649749756	0.008005424402654171	0.0021042178850620985	False	[0 1 1 0 0 0 0 1 0]	[1 0 1 1 0 0 0 0 1]	[0 1 0 1 1 0]	[0 0 0 0 0 0]	[8]	[0 1 0 0 0 0 0 1 0]	[1 0 1 0 0 0 0 0 1]	[1 1 0 1 1 0]	[1 0 0 0 0 0]	[24]
95	0.3340703845024109	4.109001636505127	2.10206937789917	2.000159502029419	0.005513598211109638	0.0012587201781570911	False	[0 1 0 0 0 0 0 1 0]	[1 0 1 0 0 0 0 0 1]	[1 1 0 1 1 0]	[1 0 0 0 0 0]	[24]	[0 1 1 0 0 0 0 1 0]	[1 0 1 1 0 0 0 0 1]	[0 1 0 1 1 0]	[0 0 0 0 0 0]	[8]
95	0.2911956012248993	4.133143424987793	2.107471466064453	2.0159194469451904	0.007754633668810129	0.001997375162318349	False	[0 1 1 0 0 0 0 1 0]	[1 0 1 1 0 0 0 0 1]	[0 1 0 1 1 0]	[0 0 0 0 0 0]	[8]	[0 1 0 0 0 0 0 1 0]	[1 0 1 0 0 0 0 0 1]	[1 1 0 1 1 0]	[1 0 0 0 0 0]	[24]
95	0.3207290768623352	4.1158671379089355	2.109248638153076	1.9974987506866455	0.0076843141578137875	0.00143522082362324	False	[0 1 0 0 0 0 0 1 0]	[1 0 1 0 0 0 0 0 1]	[1 1 0 1 1 0]	[1 0 0 0 0 0]	[24]	[0 1 1 0 0 0 0 1 0]	[1 0 1 1 0 0 0 0 1]	[0 1 0 1 1 0]	[0 0 0 0 0 0]	[8]
95	0.27954888343811035	4.111536979675293	2.099208354949951	2.0025782585144043	0.007460537366569042	0.0022898928727954626	False	[0 1 1 0 0 0 0 1 0]	[1 0 1 1 0 0 0 0 1]	[0 1 0 1 1 0]	[0 0 0 0 0 0]	[8]	[0 1 0 0 0 0 0 1 0]	[1 0 1 0 0 0 0 0 1]	[1 1 0 1 1 0]	[1 0 0 0 0 0]	[24]
95	0.30058154463768005	4.113008975982666	2.105914831161499	1.9995982646942139	0.005846894346177578	0.0016491354908794165	False	[0 1 0 0 0 0 0 1 0]	[1 0 1 0 0 0 0 0 1]	[1 1 0 1 1 0]	[1 0 0 0 0 0]	[24]	[0 1 1 0 0 0 0 1 0]	[1 0 1 1 0 0 0 0 1]	[0 1 0 1 1 0]	[0 0 0 0 0 0]	[8]
95	0.29242366552352905	4.1012091636657715	2.0886223316192627	1.9990994930267334	0.01123692374676466	0.0022504134103655815	False	[0 1 1 0 0 0 0 1 0]	[1 0 1 1 0 0 0 0 1]	[0 1 0 1 1 0]	[0 0 0 0 0 0]	[8]	[0 1 0 0 0 0 0 1 0]	[1 0 1 0 0 0 0 0 1]	[1 1 0 1 1 0]	[1 0 0 0 0 0]	[24]
95	0.339819997549057	4.124838352203369	2.1077334880828857	2.0072062015533447	0.008098210208117962	0.001800463069230318	False	[0 1 0 0 0 0 0 1 0]	[1 0 1 0 0 0 0 0 1]	[1 1 0 1 1 0]	[1 0 0 0 0 0]	[24]	[0 1 1 0 0 0 0 1 0]	[1 0 1 1 0 0 0 0 1]	[0 1 0 1 1 0]	[0 0 0 0 0 0]	[8]
95	0.24893483519554138	4.118853569030762	2.099032402038574	2.0060529708862305	0.011870628222823143	0.0018972591497004032	False	[0 1 1 0 0 0 0 1 0]	[1 0 1 1 0 0 0 0 1]	[0 1 0 1 1 0]	[0 0 0 0 0 0]	[8]	[0 1 0 0 0 0 0 1 0]	[1 0 1 0 0 0 0 0 1]	[1 1 0 1 1 0]	[1 0 0 0 0 0]	[24]
95	0.3642179071903229	4.117323398590088	2.106670618057251	1.999417781829834	0.010109185241162777	0.0011260091559961438	False	[0 1 0 0 0 0 0 1 0]	[1 0 1 0 0 0 0 0 1]	[1 1 0 1 1 0]	[1 0 0 0 0 0]	[24]	[0 1 1 0 0 0 0 1 0]	[1 0 1 1 0 0 0 0 1]	[0 1 0 1 1 0]	[0 0 0 0 0 0]	[8]
95	0.2458416223526001	4.120240211486816	2.1007227897644043	2.006157875061035	0.011311580426990986	0.00204796832986176	False	[0 1 1 0 0 0 0 1 0]	[1 0 1 1 0 0 0 0 1]	[0 1 0 1 1 0]	[0 0 0 0 0 0]	[8]	[0 1 0 0 0 0 0 1 0]	[1 0 1 0 0 0 0 0 1]	[1 1 0 1 1 0]	[1 0 0 0 0 0]	[24]
95	0.3192298710346222	4.124234199523926	2.106726884841919	2.00752854347229	0.008394197560846806	0.0015845631714910269	False	[0 1 0 0 0 0 0 1 0]	[1 0 1 0 0 0 0 0 1]	[1 1 0 1 1 0]	[1 0 0 0 0 0]	[24]	[0 1 1 0 0 0 0 1 0]	[1 0 1 1 0 0 0 0 1]	[0 1 0 1 1 0]	[0 0 0 0 0 0]	[8]
95	0.26468443870544434	4.105673789978027	2.091627597808838	2.0013885498046875	0.010844917967915535	0.0018131437245756388	False	[0 1 1 0 0 0 0 1 0]	[1 0 1 1 0 0 0 0 1]	[0 1 0 1 1 0]	[0 0 0 0 0 0]	[8]	[0 1 0 0 0 0 0 1 0]	[1 0 1 0 0 0 0 0 1]	[1 1 0 1 1 0]	[1 0 0 0 0 0]	[24]
95	0.339819997549057	4.103668212890625	2.0968711376190186	1.9987037181854248	0.006617783103138208	0.0014755934244021773	False	[0 1 0 0 0 0 0 1 0]	[1 0 1 0 0 0 0 0 1]	[1 1 0 1 1 0]	[1 0 0 0 0 0]	[24]	[0 1 1 0 0 0 0 1 0]	[1 0 1 1 0 0 0 0 1]	[0 1 0 1 1 0]	[0 0 0 0 0 0]	[8]
95	0.22591251134872437	4.1097917556762695	2.0913422107696533	2.0080485343933105	0.008192529901862144	0.00220837676897645	False	[0 1 1 0 0 0 0 1 0]	[1 0 1 1 0 0 0 0 1]	[0 1 0 1 1 0]	[0 0 0 0 0 0]	[8]	[0 1 0 0 0 0 0 1 0]	[1 0 1 0 0 0 0 0 1]	[1 1 0 1 1 0]	[1 0 0 0 0 0]	[24]
95	0.2828662395477295	4.088597774505615	2.087876558303833	1.9936251640319824	0.005179631989449263	0.0019165112171322107	False	[0 1 0 0 0 0 0 1 0]	[1 0 1 0 0 0 0 0 1]	[1 1 0 1 1 0]	[1 0 0 0 0 0]	[24]	[0 1 1 0 0 0 0 1 0]	[1 0 1 1 0 0 0 0 1]	[0 1 0 1 1 0]	[0 0 0 0 0 0]	[8]
95	0.25559350848197937	4.114152908325195	2.099468231201172	2.006230115890503	0.006086723413318396	0.002367548178881407	False	[0 1 1 0 0 0 0 1 0]	[1 0 1 1 0 0 0 0 1]	[0 1 0 1 1 0]	[0 0 0 0 0 0]	[8]	[0 1 0 0 0 0 0 1 0]	[1 0 1 0 0 0 0 0 1]	[1 1 0 1 1 0]	[1 0 0 0 0 0]	[24]
95	0.3761836290359497	4.113961219787598	2.105055332183838	2.0009548664093018	0.006449216976761818	0.0015013469383120537	False	[0 1 0 0 0 0 0 1 0]	[1 0 1 0 0 0 0 0 1]	[1 1 0 1 1 0]	[1 0 0 0 0 0]	[24]	[0 1 1 0 0 0 0 1 0]	[1 0 1 1 0 0 0 0 1]	[0 1 0 1 1 0]	[0 0 0 0 0 0]	[8]
95	0.3125711977481842	4.112745761871338	2.0935299396514893	2.0084550380706787	0.008575819432735443	0.0021848948672413826	False	[0 1 1 0 0 0 0 1 0]	[1 0 1 1 0 0 0 0 1]	[0 1 0 1 1 0]	[0 0 0 0 0 0]	[8]	[0 1 0 0 0 0 0 1 0]	[1 0 1 0 0 0 0 0 1]	[1 1 0 1 1 0]	[1 0 0 0 0 0]	[24]
95	0.3704340159893036	4.129971981048584	2.1105871200561523	1.9992866516113281	0.018951524049043655	0.0011465632123872638	False	[0 1 0 0 0 0 0 1 0]	[1 0 1 0 0 0 0 0 1]	[1 1 0 1 1 0]	[1 0 0 0 0 0]	[24]	[0 1 1 0 0 0 0 1 0]	[1 0 1 1 0 0 0 0 1]	[0 1 0 1 1 0]	[0 0 0 0 0 0]	[8]
95	0.2618096172809601	4.120878219604492	2.1058006286621094	2.005082130432129	0.007766662165522575	0.0022286325693130493	False	[0 1 1 0 0 0 0 1 0]	[1 0 1 1 0 0 0 0 1]	[0 1 0 1 1 0]	[0 0 0 0 0 0]	[8]	[0 1 0 0 0 0 0 1 0]	[1 0 1 0 0 0 0 0 1]	[1 1 0 1 1 0]	[1 0 0 0 0 0]	[24]
95	0.3249794840812683	4.1174445152282715	2.1050546169281006	2.006199836730957	0.004297506995499134	0.0018920267466455698	False	[0 1 0 0 0 0 0 1 0]	[1 0 1 0 0 0 0 0 1]	[1 1 0 1 1 0]	[1 0 0 0 0 0]	[24]	[0 1 1 0 0 0 0 1 0]	[1 0 1 1 0 0 0 0 1]	[0 1 0 1 1 0]	[0 0 0 0 0 0]	[8]
95	0.2852984666824341	4.121934413909912	2.100358486175537	2.0092337131500244	0.010270226746797562	0.00207184418104589	False	[0 1 1 0 0 0 0 1 0]	[1 0 1 1 0 0 0 0 1]	[0 1 0 1 1 0]	[0 0 0 0 0 0]	[8]	[0 1 0 0 0 0 0 1 0]	[1 0 1 0 0 0 0 0 1]	[1 1 0 1 1 0]	[1 0 0 0 0 0]	[24]
95	0.33072906732559204	4.117705821990967	2.103834390640259	2.0039749145507812	0.008019166067242622	0.0018775903154164553	False	[0 1 0 0 0 0 0 1 0]	[1 0 1 0 0 0 0 0 1]	[1 1 0 1 1 0]	[1 0 0 0 0 0]	[24]	[0 1 1 0 0 0 0 1 0]	[1 0 1 1 0 0 0 0 1]	[0 1 0 1 1 0]	[0 0 0 0 0 0]	[8]
95	0.25559350848197937	4.1171875	2.0965418815612793	2.0090136528015137	0.009995789267122746	0.0016357919666916132	False	[0 1 1 0 0 0 0 1 0]	[1 0 1 1 0 0 0 0 1]	[0 1 0 1 1 0]	[0 0 0 0 0 0]	[8]	[0 1 0 0 0 0 0 1 0]	[1 0 1 0 0 0 0 0 1]	[1 1 0 1 1 0]	[1 0 0 0 0 0]	[24]
96	-0.75	6.519201278686523	1.8645734786987305	1.6776560544967651	1.5637531280517578	1.4132184982299805	False	[0 0 0 0 0 0 0 0 0]	[0 0 0 1 0 0 0 0 0]	[0 0 0 0 0 0]	[0 1 1 1 0 0]	[12]	[0 0 0 0 0 0 0 1 0]	[0 0 0 0 0 0 0 0 0]	[0 0 0 0 0 1]	[0 0 1 1 0 0]	[2]
96	-0.25	5.655940532684326	1.7711914777755737	1.9793925285339355	0.9940690994262695	0.911287248134613	False	[0 0 0 0 0 0 0 1 0]	[0 0 0 0 0 0 0 0 0]	[0 0 0 0 0 1]	[0 0 1 1 0 0]	[2]	[0 0 0 0 0 0 0 0 0]	[0 0 0 0 0 0 1 0 0]	[0 0 0 0 1 1]	[0 0 1 1 1 0]	[6]
96	-0.75	5.376972198486328	1.7297492027282715	1.8135265111923218	0.8625705242156982	0.971125602722168	False	[0 0 0 0 0 0 0 0 0]	[0 0 0 0 0 0 1 0 0]	[0 0 0 0 1 1]	[0 0 1 1 1 0]	[6]	[0 0 0 0 0 0 0 1 0]	[0 0 0 1 0 0 1 0 0]	[0 0 0 0 1 0]	[0 0 1 1 0 0]	[2]
96	-0.25	5.070842266082764	1.8833651542663574	1.8780956268310547	0.6040573716163635	0.7053242325782776	False	[0 0 0 0 0 0 0 1 0]	[0 0 0 1 0 0 1 0 0]	[0 0 0 0 1 0]	[0 0 1 1 0 0]	[2]	[0 0 0 0 0 0 0 0 0]	[0 0 0 0 0 0 1 0 0]	[0 1 0 0 1 0]	[0 0 1 1 1 0]	[6]
96	-0.75	4.808860778808594	1.8406591415405273	1.8013719320297241	0.2666073143482208	0.9002224802970886	False	[0 0 0 0 0 0 0 0 0]	[0 0 0 0 0 0 1 0 0]	[0 1 0 0 1 0]	[0 0 1 1 1 0]	[6]	[0 0 0 0 0 0 0 1 0]	[0 0 0 0 0 0 0 0 0]	[0 1 0 1 1 0]	[0 0 0 1 1 0]	[2]
96	-0.25	6.064024448394775	2.070145606994629	2.0945329666137695	1.2687056064605713	0.6306403875350952	False	[0 0 0 0 0 0 0 1 0]	[0 0 0 0 0 0 0 0 0]	[0 1 0 1 1 0]	[0 0 0 1 1 0]	[2]	[0 0 0 0 0 0 0 0 0]	[0 0 0 0 0 1 0 0 0]	[1 1 0 1 1 0]	[0 0 0 1 0 0]	[6]
96	0.5182968378067017	4.766912460327148	2.0504302978515625	2.0678858757019043	0.2629615366458893	0.3856349587440491	False	[0 0 0 0 0 0 0 0 0]	[0 0 0 0 0 1 0 0 0]	[1 1 0 1 1 0]	[0 0 0 1 0 0]	[6]	[0 0 0 0 0 0 1 0 0]	[0 0 0 1 0 1 0 0 0]	[0 1 0 1 1 0]	[0 0 0 0 0 0]	[8]
96	0.09859377145767212	4.157744884490967	2.1119067668914795	2.0299694538116455	0.012603106908500195	0.003265571314841509	False	[0 0 0 0 0 0 1 0 0]	[0 0 0 1 0 1 0 0 0]	[0 1 0 1 1 0]	[0 0 0 0 0 0]	[8]	[0 0 0 0 0 0 0 0 0]	[0 0 0 1 0 1 0 0 1]	[1 1 0 1 1 0]	[1 0 0 0 0 0]	[24]
96	0.5273877382278442	4.161983013153076	2.158277988433838	1.9932442903518677	0.0071065411902964115	0.0033547859638929367	False	[0 0 0 0 0 0 0 0 0]	[0 0 0 1 0 1 0 0 1]	[1 1 0 1 1 0]	[1 0 0 0 0 0]	[24]	[0 0 0 0 0 0 0 0 1]	[0 0 0 1 0 1 0 0 0]	[0 1 0 1 1 0]	[0 0 0 0 0 0]	[8]
96	0.4580017924308777	4.119577407836914	2.0888872146606445	2.01615834236145	0.012574421241879463	0.0019576854538172483	False	[0 0 0 0 0 0 0 0 1]	[0 0 0 1 0 1 0 0 0]	[0 1 0 1 1 0]	[0 0 0 0 0 0]	[8]	[0 0 1 0 0 0 0 0 1]	[0 0 0 0 0 1 0 0 0]	[1 1 0 1 1 0]	[1 0 0 0 0 0]	[8]
96	0.40967246890068054	4.135632038116455	2.1647918224334717	1.956540584564209	0.010274014435708523	0.00402599573135376	False	[0 0 1 0 0 0 0 0 1]	[0 0 0 0 0 1 0 0 0]	[1 1 0 1 1 0]	[1 0 0 0 0 0]	[8]	[0 0 1 0 0 0 0 0 0]	[0 0 0 0 0 1 0 0 1]	[0 1 0 1 1 0]	[0 0 0 0 0 0]	[8]
96	0.33512699604034424	3.9616355895996094	2.07882022857666	1.8684618473052979	0.011620556935667992	0.002732988679781556	False	[0 0 1 0 0 0 0 0 0]	[0 0 0 0 0 1 0 0 1]	[0 1 0 1 1 0]	[0 0 0 0 0 0]	[8]	[0 0 1 0 0 0 1 0 0]	[0 0 0 0 0 1 1 0 1]	[1 1 0 1 1 0]	[1 0 0 0 0 0]	[8]
96	0.36709269881248474	3.964599370956421	2.0787863731384277	1.870823621749878	0.012320931069552898	0.0026683053001761436	False	[0 0 1 0 0 0 1 0 0]	[0 0 0 0 0 1 1 0 1]	[1 1 0 1 1 0]	[1 0 0 0 0 0]	[8]	[0 0 1 0 0 0 0 0 0]	[0 0 0 0 0 1 0 0 1]	[0 1 0 1 1 0]	[0 0 0 0 0 0]	[8]
96	0.2934563457965851	3.9458913803100586	2.068189859390259	1.8519566059112549	0.02127201482653618	0.004472943488508463	False	[0 0 1 0 0 0 0 0 0]	[0 0 0 0 0 1 0 0 1]	[0 1 0 1 1 0]	[0 0 0 0 0 0]	[8]	[0 0 1 0 0 0 1 0 0]	[0 0 0 0 0 1 1 0 1]	[1 1 0 1 1 0]	[1 0 0 0 0 0]	[8]
96	0.39724022150039673	3.976447582244873	2.0860674381256104	1.879905343055725	0.00684158643707633	0.0036329515278339386	False	[0 0 1 0 0 0 1 0 0]	[0 0 0 0 0 1 1 0 1]	[1 1 0 1 1 0]	[1 0 0 0 0 0]	[8]	[0 0 1 0 0 0 0 0 0]	[0 0 0 0 0 1 0 0 1]	[0 1 0 1 1 0]	[0 0 0 0 0 0]	[8]
96	0.3402864933013916	3.9750869274139404	2.072678565979004	1.877136468887329	0.021567896008491516	0.0037039881572127342	False	[0 0 1 0 0 0 0 0 0]	[0 0 0 0 0 1 0 0 1]	[0 1 0 1 1 0]	[0 0 0 0 0 0]	[8]	[0 0 1 0 0 0 1 0 0]	[0 0 0 0 0 1 1 0 1]	[1 1 0 1 1 0]	[1 0 0 0 0 0]	[8]
96	0.42451295256614685	3.974287271499634	2.0834476947784424	1.8782116174697876	0.008482866920530796	0.0041450029239058495	False	[0 0 1 0 0 0 1 0 0]	[0 0 0 0 0 1 1 0 1]	[1 1 0 1 1 0]	[1 0 0 0 0 0]	[8]	[0 0 1 0 0 0 0 0 0]	[0 0 0 0 0 1 0 0 1]	[0 1 0 1 1 0]	[0 0 0 0 0 0]	[8]
96	0.331195592880249	3.9680092334747314	2.0787529945373535	1.872215986251831	0.013343057595193386	0.0036971240770071745	False	[0 0 1 0 0 0 0 0 0]	[0 0 0 0 0 1 0 0 1]	[0 1 0 1 1 0]	[0 0 0 0 0 0]	[8]	[0 0 1 0 0 0 1 0 0]	[0 0 0 0 0 1 1 0 1]	[1 1 0 1 1 0]	[1 0 0 0 0 0]	[8]
96	0.43072906136512756	3.98907470703125	2.0851378440856934	1.8879973888397217	0.01291914563626051	0.003020284464582801	False	[0 0 1 0 0 0 1 0 0]	[0 0 0 0 0 1 1 0 1]	[1 1 0 1 1 0]	[1 0 0 0 0 0]	[8]	[0 0 1 0 0 0 0 0 0]	[0 0 0 0 0 1 0 0 1]	[0 1 0 1 1 0]	[0 0 0 0 0 0]	[8]
96	0.3761836290359497	3.980954885482788	2.076338529586792	1.8876183032989502	0.012530953623354435	0.004466908518224955	False	[0 0 1 0 0 0 0 0 0]	[0 0 0 0 0 1 0 0 1]	[0 1 0 1 1 0]	[0 0 0 0 0 0]	[8]	[0 0 1 0 0 0 1 0 0]	[0 0 0 0 0 1 1 0 1]	[1 1 0 1 1 0]	[1 0 0 0 0 0]	[8]
96	0.4125472605228424	3.971090316772461	2.082095146179199	1.8756523132324219	0.0099532101303339	0.0033896183595061302	False	[0 0 1 0 0 0 1 0 0]	[0 0 0 0 0 1 1 0 1]	[1 1 0 1 1 0]	[1 0 0 0 0 0]	[8]	[0 0 1 0 0 0 0 0 0]	[0 0 0 0 0 1 0 0 1]	[0 1 0 1 1 0]	[0 0 0 0 0 0]	[8]
96	0.3130137622356415	3.9696218967437744	2.082501173019409	1.8699830770492554	0.01451595313847065	0.0026218935381621122	False	[0 0 1 0 0 0 0 0 0]	[0 0 0 0 0 1 0 0 1]	[0 1 0 1 1 0]	[0 0 0 0 0 0]	[8]	[0 0 1 0 0 0 1 0 0]	[0 0 0 0 0 1 1 0 1]	[1 1 0 1 1 0]	[1 0 0 0 0 0]	[8]
96	0.4125472605228424	3.94002366065979	2.070223093032837	1.847503662109375	0.01984989270567894	0.002447218168526888	False	[0 0 1 0 0 0 1 0 0]	[0 0 0 0 0 1 1 0 1]	[1 1 0 1 1 0]	[1 0 0 0 0 0]	[8]	[0 0 1 0 0 0 0 0 0]	[0 0 0 0 0 1 0 0 1]	[0 1 0 1 1 0]	[0 0 0 0 0 0]	[8]
96	0.3039228618144989	3.973817825317383	2.0819337368011475	1.8743300437927246	0.013670679181814194	0.0038832647260278463	False	[0 0 1 0 0 0 0 0 0]	[0 0 0 0 0 1 0 0 1]	[0 1 0 1 1 0]	[0 0 0 0 0 0]	[8]	[0 0 1 0 0 0 1 0 0]	[0 0 0 0 0 1 1 0 1]	[1 1 0 1 1 0]	[1 0 0 0 0 0]	[8]
96	0.4699675142765045	3.993534564971924	2.0785915851593018	1.8976551294326782	0.013386807404458523	0.0039009754545986652	False	[0 0 1 0 0 0 1 0 0]	[0 0 0 0 0 1 1 0 1]	[1 1 0 1 1 0]	[1 0 0 0 0 0]	[8]	[0 0 1 0 0 0 0 0 0]	[0 0 0 0 0 1 0 0 1]	[0 1 0 1 1 0]	[0 0 0 0 0 0]	[8]
96	0.3043893873691559	3.9920473098754883	2.074916362762451	1.894417643547058	0.019421443343162537	0.003291899338364601	False	[0 0 1 0 0 0 0 0 0]	[0 0 0 0 0 1 0 0 1]	[0 1 0 1 1 0]	[0 0 0 0 0 0]	[8]	[0 0 1 0 0 0 1 0 0]	[0 0 0 0 0 1 1 0 1]	[1 1 0 1 1 0]	[1 0 0 0 0 0]	[8]
96	0.4402864873409271	3.985739231109619	2.0690760612487793	1.8886346817016602	0.024476392194628716	0.003552272217348218	False	[0 0 1 0 0 0 1 0 0]	[0 0 0 0 0 1 1 0 1]	[1 1 0 1 1 0]	[1 0 0 0 0 0]	[8]	[0 0 1 0 0 0 0 0 0]	[0 0 0 0 0 1 0 0 1]	[0 1 0 1 1 0]	[0 0 0 0 0 0]	[8]
96	0.2977067530155182	4.0033111572265625	2.086526393890381	1.8994600772857666	0.014255760237574577	0.0030689206905663013	False	[0 0 1 0 0 0 0 0 0]	[0 0 0 0 0 1 0 0 1]	[0 1 0 1 1 0]	[0 0 0 0 0 0]	[8]	[0 0 1 0 0 0 1 0 0]	[0 0 0 0 0 1 1 0 1]	[1 1 0 1 1 0]	[1 0 0 0 0 0]	[8]
96	0.3546604812145233	3.976646661758423	2.079115152359009	1.8807905912399292	0.012795978225767612	0.003945229575037956	False	[0 0 1 0 0 0 1 0 0]	[0 0 0 0 0 1 1 0 1]	[1 1 0 1 1 0]	[1 0 0 0 0 0]	[8]	[0 0 1 0 0 0 0 0 0]	[0 0 0 0 0 1 0 0 1]	[0 1 0 1 1 0]	[0 0 0 0 0 0]	[8]
96	0.3101389706134796	3.965769052505493	2.0864405632019043	1.8666741847991943	0.010060986503958702	0.002593305427581072	False	[0 0 1 0 0 0 0 0 0]	[0 0 0 0 0 1 0 0 1]	[0 1 0 1 1 0]	[0 0 0 0 0 0]	[8]	[0 0 1 0 0 0 1 0 0]	[0 0 0 0 0 1 1 0 1]	[1 1 0 1 1 0]	[1 0 0 0 0 0]	[8]
97	-1.0	5.783987998962402	1.9872663021087646	2.057133913040161	1.0675143003463745	0.6720731258392334	False	[0 1 0 0 1 0 0 1 0]	[0 0 0 0 1 0 0 0 0]	[0 0 1 0 0 1]	[0 0 1 0 0 0]	[0]	[0 1 0 0 1 0 0 0 0]	[0 0 0 0 1 0 0 0 0]	[0 0 1 1 0 1]	[0 0 0 0 0 0]	[0]
97	0.06402530521154404	5.491518020629883	2.1150760650634766	1.8945388793945312	0.6340152621269226	0.8478881120681763	False	[0 1 0 0 1 0 0 0 0]	[0 0 0 0 1 0 0 0 0]	[0 0 1 1 0 1]	[0 0 0 0 0 0]	[0]	[0 1 0 1 1 0 0 0 0]	[0 0 0 0 0 0 0 0 0]	[0 0 1 1 0 1]	[0 0 0 0 0 0]	[24]
97	0.06097329407930374	4.172781467437744	2.1112945079803467	2.0337979793548584	0.025244979187846184	0.002443965757265687	False	[0 1 0 1 1 0 0 0 0]	[0 0 0 0 0 0 0 0 0]	[0 0 1 1 0 1]	[0 0 0 0 0 0]	[24]	[0 1 0 1 1 0 1 0 0]	[1 0 0 0 0 0 0 0 0]	[1 0 1 1 0 1]	[1 0 0 0 0 0]	[24]
97	0.3489108979701996	4.069812297821045	2.0761260986328125	1.9769989252090454	0.014170557260513306	0.0025165919214487076	False	[0 1 0 1 1 0 1 0 0]	[1 0 0 0 0 0 0 0 0]	[1 0 1 1 0 1]	[1 0 0 0 0 0]	[24]	[0 1 0 1 1 0 0 0 0]	[1 0 0 0 0 0 1 0 0]	[0 0 1 1 0 1]	[0 0 0 0 0 0]	[24]
97	0.054243721067905426	4.0731730461120605	2.0702033042907715	1.9823265075683594	0.017742596566677094	0.0029007219709455967	False	[0 1 0 1 1 0 0 0 0]	[1 0 0 0 0 0 1 0 0]	[0 0 1 1 0 1]	[0 0 0 0 0 0]	[24]	[0 1 0 1 1 0 1 0 0]	[1 0 0 0 0 0 0 0 0]	[1 0 1 1 0 1]	[1 0 0 0 0 0]	[24]
97	0.35178568959236145	4.043951511383057	2.0718493461608887	1.9524275064468384	0.017613306641578674	0.002061308827251196	False	[0 1 0 1 1 0 1 0 0]	[1 0 0 0 0 0 0 0 0]	[1 0 1 1 0 1]	[1 0 0 0 0 0]	[24]	[0 1 0 1 1 0 0 0 0]	[1 0 0 0 0 0 1 0 0]	[0 0 1 1 0 1]	[0 0 0 0 0 0]	[24]
97	0.056280311197042465	4.089903831481934	2.0766828060150146	1.992347240447998	0.01809621788561344	0.002777643734589219	False	[0 1 0 1 1 0 0 0 0]	[1 0 0 0 0 0 1 0 0]	[0 0 1 1 0 1]	[0 0 0 0 0 0]	[24]	[0 1 0 1 1 0 1 0 0]	[1 0 0 0 0 0 0 0 0]	[1 0 1 1 0 1]	[1 0 0 0 0 0]	[24]
97	0.3934563398361206	4.074221611022949	2.0781891345977783	1.977706789970398	0.016702178865671158	0.0016235054936259985	False	[0 1 0 1 1 0 1 0 0]	[1 0 0 0 0 0 0 0 0]	[1 0 1 1 0 1]	[1 0 0 0 0 0]	[24]	[0 1 0 1 1 0 0 0 0]	[1 0 0 0 0 0 1 0 0]	[0 0 1 1 0 1]	[0 0 0 0 0 0]	[24]
97	0.07293900102376938	4.0696845054626465	2.0653913021087646	1.97426438331604	0.02711622603237629	0.002912506926804781	False	[0 1 0 1 1 0 0 0 0]	[1 0 0 0 0 0 1 0 0]	[0 0 1 1 0 1]	[0 0 0 0 0 0]	[24]	[0 1 0 1 1 0 1 0 0]	[1 0 0 0 0 0 0 0 0]	[1 0 1 1 0 1]	[1 0 0 0 0 0]	[24]
97	0.3278542757034302	4.057502746582031	2.071392059326172	1.966386079788208	0.017175329849123955	0.0025496571324765682	False	[0 1 0 1 1 0 1 0 0]	[1 0 0 0 0 0 0 0 0]	[1 0 1 1 0 1]	[1 0 0 0 0 0]	[24]	[0 1 0 1 1 0 0 0 0]	[1 0 0 0 0 0 1 0 0]	[0 0 1 1 0 1]	[0 0 0 0 0 0]	[24]
97	0.05442668870091438	4.063325881958008	2.07049822807312	1.976406216621399	0.014046899974346161	0.0023746578954160213	False	[0 1 0 1 1 0 0 0 0]	[1 0 0 0 0 0 1 0 0]	[0 0 1 1 0 1]	[0 0 0 0 0 0]	[24]	[0 1 0 1 1 0 1 0 0]	[1 0 0 0 0 0 0 0 0]	[1 0 1 1 0 1]	[1 0 0 0 0 0]	[24]
97	0.30679765343666077	4.072735786437988	2.080003499984741	1.9787241220474243	0.011565853841602802	0.0024425596930086613	False	[0 1 0 1 1 0 1 0 0]	[1 0 0 0 0 0 0 0 0]	[1 0 1 1 0 1]	[1 0 0 0 0 0]	[24]	[0 1 0 1 1 0 0 0 0]	[1 0 0 0 0 0 1 0 0]	[0 0 1 1 0 1]	[0 0 0 0 0 0]	[24]
97	0.0582105778157711	4.061171531677246	2.064727306365967	1.9725000858306885	0.02013174444437027	0.003812529845163226	False	[0 1 0 1 1 0 0 0 0]	[1 0 0 0 0 0 1 0 0]	[0 0 1 1 0 1]	[0 0 0 0 0 0]	[24]	[0 1 0 1 1 0 1 0 0]	[1 0 0 0 0 0 0 0 0]	[1 0 1 1 0 1]	[1 0 0 0 0 0]	[24]
97	0.32210469245910645	4.0593156814575195	2.075692892074585	1.9656518697738647	0.015656575560569763	0.0023144204169511795	False	[0 1 0 1 1 0 1 0 0]	[1 0 0 0 0 0 0 0 0]	[1 0 1 1 0 1]	[1 0 0 0 0 0]	[24]	[0 1 0 1 1 0 0 0 0]	[1 0 0 0 0 0 1 0 0]	[0 0 1 1 0 1]	[0 0 0 0 0 0]	[24]
97	0.035212192684412	4.07008171081543	2.0634868144989014	1.9671651124954224	0.0361626073718071	0.0032674195244908333	False	[0 1 0 1 1 0 0 0 0]	[1 0 0 0 0 0 1 0 0]	[0 0 1 1 0 1]	[0 0 0 0 0 0]	[24]	[0 1 0 1 1 0 1 0 0]	[1 0 0 0 0 0 0 0 0]	[1 0 1 1 0 1]	[1 0 0 0 0 0]	[24]
97	0.3675592243671417	4.069177150726318	2.0753891468048096	1.9760711193084717	0.014849372208118439	0.0028677433729171753	False	[0 1 0 1 1 0 1 0 0]	[1 0 0 0 0 0 0 0 0]	[1 0 1 1 0 1]	[1 0 0 0 0 0]	[24]	[0 1 0 1 1 0 0 0 0]	[1 0 0 0 0 0 1 0 0]	[0 0 1 1 0 1]	[0 0 0 0 0 0]	[24]
97	0.06352335214614868	4.063465595245361	2.072232484817505	1.9712437391281128	0.01709720492362976	0.00289248488843441	False	[0 1 0 1 1 0 0 0 0]	[1 0 0 0 0 0 1 0 0]	[0 0 1 1 0 1]	[0 0 0 0 0 0]	[24]	[0 1 0 1 1 0 1 0 0]	[1 0 0 0 0 0 0 0 0]	[1 0 1 1 0 1]	[1 0 0 0 0 0]	[24]
97	0.4125472605228424	4.051514625549316	2.0701467990875244	1.9649314880371094	0.013535961508750916	0.0029008148703724146	False	[0 1 0 1 1 0 1 0 0]	[1 0 0 0 0 0 0 0 0]	[1 0 1 1 0 1]	[1 0 0 0 0 0]	[24]	[0 1 0 1 1 0 0 0 0]	[1 0 0 0 0 0 1 0 0]	[0 0 1 1 0 1]	[0 0 0 0 0 0]	[24]
97	0.07436155527830124	4.076300621032715	2.0751535892486572	1.9828201532363892	0.015201801434159279	0.003125231247395277	False	[0 1 0 1 1 0 0 0 0]	[1 0 0 0 0 0 1 0 0]	[0 0 1 1 0 1]	[0 0 0 0 0 0]	[24]	[0 1 0 1 1 0 1 0 0]	[1 0 0 0 0 0 0 0 0]	[1 0 1 1 0 1]	[1 0 0 0 0 0]	[24]
97	0.369967520236969	4.075942516326904	2.0728743076324463	1.978332757949829	0.022653942927718163	0.002081523649394512	False	[0 1 0 1 1 0 1 0 0]	[1 0 0 0 0 0 0 0 0]	[1 0 1 1 0 1]	[1 0 0 0 0 0]	[24]	[0 1 0 1 1 0 0 0 0]	[1 0 0 0 0 0 1 0 0]	[0 0 1 1 0 1]	[0 0 0 0 0 0]	[24]
97	0.07388928532600403	4.080089569091797	2.0783207416534424	1.9840985536575317	0.015218844637274742	0.002451284322887659	False	[0 1 0 1 1 0 0 0 0]	[1 0 0 0 0 0 1 0 0]	[0 0 1 1 0 1]	[0 0 0 0 0 0]	[24]	[0 1 0 1 1 0 1 0 0]	[1 0 0 0 0 0 0 0 0]	[1 0 1 1 0 1]	[1 0 0 0 0 0]	[24]
97	0.331195592880249	4.048491954803467	2.070889711380005	1.9588477611541748	0.015156064182519913	0.003598406445235014	False	[0 1 0 1 1 0 1 0 0]	[1 0 0 0 0 0 0 0 0]	[1 0 1 1 0 1]	[1 0 0 0 0 0]	[24]	[0 1 0 1 1 0 0 0 0]	[1 0 0 0 0 0 1 0 0]	[0 0 1 1 0 1]	[0 0 0 0 0 0]	[24]
97	0.03688860312104225	4.071761131286621	2.0711593627929688	1.9803413152694702	0.017070040106773376	0.0031904480420053005	False	[0 1 0 1 1 0 0 0 0]	[1 0 0 0 0 0 1 0 0]	[0 0 1 1 0 1]	[0 0 0 0 0 0]	[24]	[0 1 0 1 1 0 1 0 0]	[1 0 0 0 0 0 0 0 0]	[1 0 1 1 0 1]	[1 0 0 0 0 0]	[24]
97	0.35800179839134216	4.070452690124512	2.077585458755493	1.9723023176193237	0.018636927008628845	0.001928461715579033	False	[0 1 0 1 1 0 1 0 0]	[1 0 0 0 0 0 0 0 0]	[1 0 1 1 0 1]	[1 0 0 0 0 0]	[24]	[0 1 0 1 1 0 0 0 0]	[1 0 0 0 0 0 1 0 0]	[0 0 1 1 0 1]	[0 0 0 0 0 0]	[24]
97	0.053623925894498825	4.072094917297363	2.0636208057403564	1.9711897373199463	0.034694280475378036	0.0025900278706103563	False	[0 1 0 1 1 0 0 0 0]	[1 0 0 0 0 0 1 0 0]	[0 0 1 1 0 1]	[0 0 0 0 0 0]	[24]	[0 1 0 1 1 0 1 0 0]	[1 0 0 0 0 0 0 0 0]	[1 0 1 1 0 1]	[1 0 0 0 0 0]	[24]
97	0.4005815386772156	4.070898532867432	2.077760696411133	1.9740437269210815	0.01652209274470806	0.0025718780234456062	False	[0 1 0 1 1 0 1 0 0]	[1 0 0 0 0 0 0 0 0]	[1 0 1 1 0 1]	[1 0 0 0 0 0]	[24]	[0 1 0 1 1 0 0 0 0]	[1 0 0 0 0 0 1 0 0]	[0 0 1 1 0 1]	[0 0 0 0 0 0]	[24]
97	0.05722484737634659	4.0829033851623535	2.08284592628479	1.9857450723648071	0.012100307270884514	0.0022119907662272453	False	[0 1 0 1 1 0 0 0 0]	[1 0 0 0 0 0 1 0 0]	[0 0 1 1 0 1]	[0 0 0 0 0 0]	[24]	[0 1 0 1 1 0 1 0 0]	[1 0 0 0 0 0 0 0 0]	[1 0 1 1 0 1]	[1 0 0 0 0 0]	[24]
97	0.339819997549057	4.072013854980469	2.077984094619751	1.9783469438552856	0.013741621747612953	0.0019410077948123217	False	[0 1 0 1 1 0 1 0 0]	[1 0 0 0 0 0 0 0 0]	[1 0 1 1 0 1]	[1 0 0 0 0 0]	[24]	[0 1 0 1 1 0 0 0 0]	[1 0 0 0 0 0 1 0 0]	[0 0 1 1 0 1]	[0 0 0 0 0 0]	[24]
97	0.04940321296453476	4.070052146911621	2.0748701095581055	1.9717894792556763	0.020659029483795166	0.002733880188316107	False	[0 1 0 1 1 0 0 0 0]	[1 0 0 0 0 0 1 0 0]	[0 0 1 1 0 1]	[0 0 0 0 0 0]	[24]	[0 1 0 1 1 0 1 0 0]	[1 0 0 0 0 0 0 0 0]	[1 0 1 1 0 1]	[1 0 0 0 0 0]	[24]
97	0.40967246890068054	4.052608966827393	2.068270206451416	1.96095871925354	0.021210964769124985	0.0021685378160327673	False	[0 1 0 1 1 0 1 0 0]	[1 0 0 0 0 0 0 0 0]	[1 0 1 1 0 1]	[1 0 0 0 0 0]	[24]	[0 1 0 1 1 0 0 0 0]	[1 0 0 0 0 0 1 0 0]	[0 0 1 1 0 1]	[0 0 0 0 0 0]	[24]
98	-1.0	5.861227035522461	2.0918850898742676	1.8748688697814941	0.7223343849182129	1.1721386909484863	False	[0 0 0 0 0 0 0 0 0]	[0 0 0 0 0 0 1 1 1]	[1 0 0 0 1 0]	[0 0 1 0 0 1]	[4]	[0 1 0 0 0 0 0 0 0]	[0 0 0 0 0 1 1 1 1]	[1 1 0 0 1 0]	[0 0 1 0 0 0]	[0]
98	-1.0	5.262650966644287	2.101883888244629	1.9167811870574951	1.0005484819412231	0.24343730509281158	False	[0 1 0 0 0 0 0 0 0]	[0 0 0 0 0 1 1 1 1]	[1 1 0 0 1 0]	[0 0 1 0 0 0]	[0]	[0 0 0 0 0 0 0 0 0]	[0 0 0 0 0 0 1 1 1]	[1 1 0 0 1 0]	[0 0 0 0 0 0]	[0]
98	-0.25	5.549039840698242	2.1894636154174805	1.9634900093078613	0.7305546998977661	0.6655313968658447	False	[0 0 0 0 0 0 0 0 0]	[0 0 0 0 0 0 1 1 1]	[1 1 0 0 1 0]	[0 0 0 0 0 0]	[0]	[0 0 0 0 0 0 1 0 0]	[0 0 0 0 0 0 1 1 0]	[1 1 0 0 1 0]	[0 0 0 0 0 0]	[6]
98	0.11113232374191284	4.173983573913574	2.036269426345825	1.9464222192764282	0.14055374264717102	0.05073798447847366	False	[0 0 0 0 0 0 1 0 0]	[0 0 0 0 0 0 1 1 0]	[1 1 0 0 1 0]	[0 0 0 0 0 0]	[6]	[0 0 0 0 0 0 0 0 0]	[0 0 0 0 0 0 0 1 0]	[1 1 0 1 1 0]	[1 0 0 0 0 0]	[8]
98	0.5364786982536316	4.123528003692627	2.112084150314331	2.002549171447754	0.007488864473998547	0.0014057843945920467	False	[0 0 0 0 0 0 0 0 0]	[0 0 0 0 0 0 0 1 0]	[1 1 0 1 1 0]	[1 0 0 0 0 0]	[8]	[0 0 1 0 0 0 0 0 0]	[0 0 0 0 0 0 0 1 1]	[0 1 0 1 1 0]	[0 0 0 0 0 0]	[8]
98	0.339819997549057	4.159350872039795	2.1166882514953613	2.027228832244873	0.012793241068720818	0.0026405537500977516	False	[0 0 1 0 0 0 0 0 0]	[0 0 0 0 0 0 0 1 1]	[0 1 0 1 1 0]	[0 0 0 0 0 0]	[8]	[0 0 1 0 0 0 1 0 0]	[1 0 0 0 0 0 0 1 1]	[1 1 0 1 1 0]	[1 0 0 0 0 0]	[8]
98	0.4005815386772156	4.149032115936279	2.1120784282684326	2.0252506732940674	0.00925709493458271	0.002445590915158391	False	[0 0 1 0 0 0 1 0 0]	[1 0 0 0 0 0 0 1 1]	[1 1 0 1 1 0]	[1 0 0 0 0 0]	[8]	[0 0 1 0 0 0 0 0 0]	[1 0 0 0 0 0 0 1 0]	[0 1 0 1 1 0]	[0 0 0 0 0 0]	[8]
98	0.5092059373855591	4.153336048126221	2.1013145446777344	2.0436477661132812	0.004117049276828766	0.004256543703377247	False	[0 0 1 0 0 0 0 0 0]	[1 0 0 0 0 0 0 1 0]	[0 1 0 1 1 0]	[0 0 0 0 0 0]	[8]	[1 0 1 0 0 0 0 0 0]	[1 0 0 0 0 0 0 1 1]	[1 1 0 1 1 0]	[1 0 0 0 0 0]	[8]
98	0.4642179012298584	4.161086559295654	2.1194586753845215	2.031167507171631	0.00745767168700695	0.00300256023183465	False	[1 0 1 0 0 0 0 0 0]	[1 0 0 0 0 0 0 1 1]	[1 1 0 1 1 0]	[1 0 0 0 0 0]	[8]	[1 0 1 0 0 0 1 0 0]	[1 0 0 0 0 0 0 1 0]	[0 1 0 1 1 0]	[0 0 0 0 0 0]	[8]
98	0.5245129466056824	4.113696575164795	2.1016952991485596	2.0019755363464355	0.008438197895884514	0.001587279373779893	False	[1 0 1 0 0 0 1 0 0]	[1 0 0 0 0 0 0 1 0]	[0 1 0 1 1 0]	[0 0 0 0 0 0]	[8]	[1 0 0 0 0 0 1 0 0]	[1 0 0 1 0 0 0 1 0]	[1 1 0 1 1 0]	[1 0 0 0 0 0]	[8]
98	0.08916085958480835	4.15380334854126	2.1096954345703125	2.0307424068450928	0.01091187633574009	0.002453128807246685	False	[1 0 0 0 0 0 1 0 0]	[1 0 0 1 0 0 0 1 0]	[1 1 0 1 1 0]	[1 0 0 0 0 0]	[8]	[1 0 0 0 0 0 0 0 0]	[0 0 0 1 0 0 0 1 0]	[0 1 0 1 1 0]	[0 0 0 0 0 0]	[8]
98	0.36399948596954346	4.114297389984131	2.102292060852051	2.0021612644195557	0.008685561828315258	0.0011585045140236616	False	[1 0 0 0 0 0 0 0 0]	[0 0 0 1 0 0 0 1 0]	[0 1 0 1 1 0]	[0 0 0 0 0 0]	[8]	[1 0 1 0 0 0 0 0 0]	[0 0 0 0 0 0 0 1 0]	[1 1 0 1 1 0]	[1 0 0 0 0 0]	[8]
98	0.4881493151187897	4.155591011047363	2.1029345989227295	2.0442283153533936	0.0035033077001571655	0.004924735054373741	False	[1 0 1 0 0 0 0 0 0]	[0 0 0 0 0 0 0 1 0]	[1 1 0 1 1 0]	[1 0 0 0 0 0]	[8]	[0 0 1 0 0 0 0 0 0]	[0 0 0 0 0 0 0 1 1]	[0 1 0 1 1 0]	[0 0 0 0 0 0]	[8]
98	0.37284231185913086	4.159612655639648	2.1145591735839844	2.030059814453125	0.011761391535401344	0.0032322509214282036	False	[0 0 1 0 0 0 0 0 0]	[0 0 0 0 0 0 0 1 1]	[0 1 0 1 1 0]	[0 0 0 0 0 0]	[8]	[0 0 1 0 0 0 1 0 0]	[1 0 0 0 0 0 0 1 1]	[1 1 0 1 1 0]	[1 0 0 0 0 0]	[8]
98	0.3446844220161438	4.148030757904053	2.107707977294922	2.023447275161743	0.014384514652192593	0.002490952843800187	False	[0 0 1 0 0 0 1 0 0]	[1 0 0 0 0 0 0 1 1]	[1 1 0 1 1 0]	[1 0 0 0 0 0]	[8]	[0 0 1 0 0 0 0 0 0]	[1 0 0 0 0 0 0 1 0]	[0 1 0 1 1 0]	[0 0 0 0 0 0]	[8]
98	0.45466047525405884	4.151422500610352	2.1029019355773926	2.0406062602996826	0.003254133742302656	0.004660740029066801	False	[0 0 1 0 0 0 0 0 0]	[1 0 0 0 0 0 0 1 0]	[0 1 0 1 1 0]	[0 0 0 0 0 0]	[8]	[1 0 1 0 0 0 0 0 0]	[1 0 0 0 0 0 0 1 1]	[1 1 0 1 1 0]	[1 0 0 0 0 0]	[8]
98	0.43072906136512756	4.161953926086426	2.1176841259002686	2.0263442993164062	0.015203647315502167	0.0027220030315220356	False	[1 0 1 0 0 0 0 0 0]	[1 0 0 0 0 0 0 1 1]	[1 1 0 1 1 0]	[1 0 0 0 0 0]	[8]	[1 0 1 0 0 0 1 0 0]	[1 0 0 0 0 0 0 1 0]	[0 1 0 1 1 0]	[0 0 0 0 0 0]	[8]
98	0.4943654239177704	4.136373519897461	2.110550880432129	2.0139541625976562	0.009722040966153145	0.002146389801055193	False	[1 0 1 0 0 0 1 0 0]	[1 0 0 0 0 0 0 1 0]	[0 1 0 1 1 0]	[0 0 0 0 0 0]	[8]	[1 0 0 0 0 0 1 0 0]	[1 0 0 0 0 0 0 1 1]	[1 1 0 1 1 0]	[1 0 0 0 0 0]	[8]
98	0.11400711536407471	4.152598857879639	2.1141464710235596	2.0248899459838867	0.011307313106954098	0.00225563975982368	False	[1 0 0 0 0 0 1 0 0]	[1 0 0 0 0 0 0 1 1]	[1 1 0 1 1 0]	[1 0 0 0 0 0]	[8]	[1 0 0 0 0 0 0 0 0]	[1 0 0 0 0 0 0 1 0]	[0 1 0 1 1 0]	[0 0 0 0 0 0]	[8]
98	0.4154220521450043	4.123980522155762	2.111407995223999	2.004208564758301	0.006170736160129309	0.0021928073838353157	False	[1 0 0 0 0 0 0 0 0]	[1 0 0 0 0 0 0 1 0]	[0 1 0 1 1 0]	[0 0 0 0 0 0]	[8]	[1 0 1 0 0 0 0 0 0]	[1 0 0 1 0 0 0 1 0]	[1 1 0 1 1 0]	[1 0 0 0 0 0]	[8]
98	0.06712426990270615	4.105396747589111	2.096975088119507	2.001019239425659	0.005710845347493887	0.001691110897809267	False	[1 0 1 0 0 0 0 0 0]	[1 0 0 1 0 0 0 1 0]	[1 1 0 1 1 0]	[1 0 0 0 0 0]	[8]	[1 0 0 0 0 0 0 0 0]	[1 0 0 0 0 0 0 1 0]	[0 1 0 1 1 0]	[0 0 0 0 0 0]	[8]
98	0.4637514054775238	4.151783466339111	2.1253323554992676	2.0179531574249268	0.006521587260067463	0.00197607115842402	False	[1 0 0 0 0 0 0 0 0]	[1 0 0 0 0 0 0 1 0]	[0 1 0 1 1 0]	[0 0 0 0 0 0]	[8]	[1 0 1 0 0 0 0 0 0]	[1 0 0 1 0 0 0 1 0]	[1 1 0 1 1 0]	[1 0 0 0 0 0]	[8]
98	0.09541817009449005	4.118511199951172	2.0938656330108643	2.0154004096984863	0.0071358634158968925	0.002109243767336011	False	[1 0 1 0 0 0 0 0 0]	[1 0 0 1 0 0 0 1 0]	[1 1 0 1 1 0]	[1 0 0 0 0 0]	[8]	[1 0 0 0 0 0 0 0 0]	[1 0 0 0 0 0 0 1 0]	[0 1 0 1 1 0]	[0 0 0 0 0 0]	[8]
98	0.4364786744117737	4.117641448974609	2.103869676589966	2.0033345222473145	0.008618494495749474	0.001818566583096981	False	[1 0 0 0 0 0 0 0 0]	[1 0 0 0 0 0 0 1 0]	[0 1 0 1 1 0]	[0 0 0 0 0 0]	[8]	[1 0 1 0 0 0 0 0 0]	[1 0 0 1 0 0 0 1 0]	[1 1 0 1 1 0]	[1 0 0 0 0 0]	[8]
98	0.1076846793293953	4.13525390625	2.115832805633545	2.0105674266815186	0.006471117027103901	0.0023827888071537018	False	[1 0 1 0 0 0 0 0 0]	[1 0 0 1 0 0 0 1 0]	[1 1 0 1 1 0]	[1 0 0 0 0 0]	[8]	[1 0 0 0 0 0 0 0 0]	[1 0 0 0 0 0 0 1 0]	[0 1 0 1 1 0]	[0 0 0 0 0 0]	[8]
98	0.4910241365432739	4.141432285308838	2.1147549152374268	2.0153255462646484	0.0093215461820364	0.002030306961387396	False	[1 0 0 0 0 0 0 0 0]	[1 0 0 0 0 0 0 1 0]	[0 1 0 1 1 0]	[0 0 0 0 0 0]	[8]	[1 0 1 0 0 0 0 0 0]	[1 0 0 0 0 0 0 1 1]	[1 1 0 1 1 0]	[1 0 0 0 0 0]	[8]
98	0.44178569316864014	4.156569957733154	2.113074541091919	2.0268633365631104	0.013999591581523418	0.0026326566003262997	False	[1 0 1 0 0 0 0 0 0]	[1 0 0 0 0 0 0 1 1]	[1 1 0 1 1 0]	[1 0 0 0 0 0]	[8]	[1 0 1 0 0 0 1 0 0]	[1 0 0 0 0 0 0 1 0]	[0 1 0 1 1 0]	[0 0 0 0 0 0]	[8]
98	0.4699675142765045	4.114304065704346	2.100114107131958	2.0045006275177	0.007697150111198425	0.001992254750803113	False	[1 0 1 0 0 0 1 0 0]	[1 0 0 0 0 0 0 1 0]	[0 1 0 1 1 0]	[0 0 0 0 0 0]	[8]	[1 0 0 0 0 0 1 0 0]	[1 0 0 1 0 0 0 1 0]	[1 1 0 1 1 0]	[1 0 0 0 0 0]	[8]
98	0.1065332368016243	4.1521148681640625	2.105491876602173	2.0335640907287598	0.0095829414203763	0.003475649282336235	False	[1 0 0 0 0 0 1 0 0]	[1 0 0 1 0 0 0 1 0]	[1 1 0 1 1 0]	[1 0 0 0 0 0]	[8]	[1 0 0 0 0 0 0 0 0]	[1 0 0 1 0 0 0 1 1]	[0 1 0 1 1 0]	[0 0 0 0 0 0]	[8]
98	0.4637514054775238	4.131495952606201	2.113804340362549	2.0076498985290527	0.007967514917254448	0.002074178773909807	False	[1 0 0 0 0 0 0 0 0]	[1 0 0 1 0 0 0 1 1]	[0 1 0 1 1 0]	[0 0 0 0 0 0]	[8]	[1 0 1 0 0 0 0 0 0]	[1 0 0 0 0 0 0 1 1]	[1 1 0 1 1 0]	[1 0 0 0 0 0]	[8]
