date,checkpoint,dataRoot,l,m,numberOfCodes,kMin,inSample,spearman,spearmanLow,spearmanHigh,spearmanStratum,spearmanStratumLow,spearmanStratumHigh,stratumSize,regret1,regret1Low,regret1High,regret5,regret5Low,regret5High,regret10,regret10Low,regret10High,kMae,maeBefore,maeAfter,affineSlope,nll,noiseFloor,ece,labelReliability,labelCeiling
2026-07-25,/vol/bitbucket/osella/rl-qecc-data/supervisedLearning/sweep/ground_anch_H10_s0.pth,/vol/bitbucket/osella/rl-qecc-data/supervisedLearning/codeEvaluationTrainingData/l_6_m_6,6,6,100000,6,True,0.9026210739477508,0.9011047652598992,0.9040550088526272,0.9026210739477508,0.9011047652598992,0.9040550088526272,100000,0.0049949999999999994,0.0024974999999999928,0.005993999999999999,0.0024974999999999928,0.001248749999999993,0.0049949999999999994,0.0019980000000000067,0.0004995000000000069,0.0039959999999999996,1.3451176503658295,0.0015863995160406265,0.001577231843028595,0.9717401273534882,12.979736873505969,12.60876523338691,0.0017270350547784745,0.8892888471113567,0.9430211276060344
2026-07-25,/vol/bitbucket/osella/rl-qecc-data/supervisedLearning/sweep/ground_anch_H10_s1.pth,/vol/bitbucket/osella/rl-qecc-data/supervisedLearning/codeEvaluationTrainingData/l_6_m_6,6,6,100000,6,True,0.9071015395133173,0.9056972441910878,0.9085064166931008,0.9071015395133173,0.9056972441910878,0.9085064166931008,100000,0.006243749999999999,0.0047452499999999995,0.006992999999999999,0.005494499999999999,0.0019979999999999998,0.005993999999999999,0.0019979999999999998,0.000998999999999993,0.0054944999999999924,1.405463919649124,0.0016064667034676177,0.0015492261331594135,0.9747973165874673,12.98356586742039,12.60876523338691,0.0043325320018772475,0.8892888471113567,0.9430211276060344
2026-07-25,/vol/bitbucket/osella/rl-qecc-data/supervisedLearning/sweep/ground_anch_H10_s2.pth,/vol/bitbucket/osella/rl-qecc-data/supervisedLearning/codeEvaluationTrainingData/l_6_m_6,6,6,100000,6,True,0.8933695910864183,0.8916114112533506,0.8950069725514088,0.8933695910864183,0.8916114112533506,0.8950069725514088,100000,0.005494499999999999,0.0027472499999999997,0.006493499999999999,0.0029969999999999997,0.00024974999999999303,0.0039959999999999996,0.0012487499999999999,0.0,0.0034964999999999996,1.6270330672574043,0.0016485302751300848,0.0016399808715168922,0.9825210841513546,13.001564710058885,12.60876523338691,0.0017091637819349696,0.8892888471113567,0.9430211276060344
2026-07-25,/vol/bitbucket/osella/rl-qecc-data/supervisedLearning/sweep/ground_anch_H3_s0.pth,/vol/bitbucket/osella/rl-qecc-data/supervisedLearning/codeEvaluationTrainingData/l_6_m_6,6,6,100000,6,True,0.8882538993298947,0.8865001096314857,0.8900797205987936,0.8882538993298947,0.8865001096314857,0.8900797205987936,100000,0.006493499999999999,0.001498499999999986,0.006493499999999999,0.0024974999999999928,0.000998999999999993,0.0042519937499999865,0.0017482499999999998,0.00024974999999999303,0.0039959999999999996,1.5623306028795243,0.0017173253149082052,0.0016899455628346962,0.9689139324181216,13.012768929272932,12.60876523338691,0.0034648026745893895,0.8892888471113567,0.9430211276060344
2026-07-25,/vol/bitbucket/osella/rl-qecc-data/supervisedLearning/sweep/ground_anch_H3_s1.pth,/vol/bitbucket/osella/rl-qecc-data/supervisedLearning/codeEvaluationTrainingData/l_6_m_6,6,6,100000,6,True,0.893053229990516,0.8913536045366774,0.8946238366000931,0.893053229990516,0.8913536045366774,0.8946238366000931,100000,0.0039959999999999996,0.0027472499999999997,0.005494499999999999,0.0039959999999999996,0.0024974999999999997,0.0049949999999999994,0.0029970000000000066,0.0009989999999999999,0.0042457499999999995,1.97792705149889,0.0016503153818016759,0.0016497796773694976,0.9723759219129854,13.00107597103785,12.60876523338691,0.000830607439871956,0.8892888471113567,0.9430211276060344
2026-07-25,/vol/bitbucket/osella/rl-qecc-data/supervisedLearning/sweep/ground_anch_H3_s2.pth,/vol/bitbucket/osella/rl-qecc-data/supervisedLearning/codeEvaluationTrainingData/l_6_m_6,6,6,100000,6,True,0.9040262707552649,0.9025268933411581,0.9055578719348228,0.9040262707552649,0.9025268933411581,0.9055578719348228,100000,0.0049949999999999994,0.0024974999999999928,0.0054944999999999924,0.0024974999999999928,0.001498499999999986,0.0049949999999999994,0.0024974999999999928,0.000749249999999993,0.003995999999999993,1.6784567086267472,0.0015845353665999624,0.0015629879593969276,0.9885451953221447,12.974977019764165,12.60876523338691,0.002813442664422363,0.8892888471113567,0.9430211276060344
2026-07-25,/vol/bitbucket/osella/rl-qecc-data/supervisedLearning/sweep/ground_anch_H4_s0.pth,/vol/bitbucket/osella/rl-qecc-data/supervisedLearning/codeEvaluationTrainingData/l_6_m_6,6,6,100000,6,True,0.891451710947106,0.8895951989314701,0.8930606019180484,0.891451710947106,0.8895951989314701,0.8930606019180484,100000,0.006493499999999999,0.0027472499999999997,0.006493499999999999,0.0034964999999999996,0.0009989999999999999,0.005494499999999999,0.0019980000000000067,0.0007492500000000069,0.0039959999999999996,1.8030954761099816,0.0016846297512185424,0.0016576131362132543,0.9902063389351622,13.009083180724794,12.60876523338691,0.0029475837722630674,0.8892888471113567,0.9430211276060344
2026-07-25,/vol/bitbucket/osella/rl-qecc-data/supervisedLearning/sweep/ground_anch_H4_s1.pth,/vol/bitbucket/osella/rl-qecc-data/supervisedLearning/codeEvaluationTrainingData/l_6_m_6,6,6,100000,6,True,0.9179067510977479,0.916538094677954,0.9191439053893288,0.9179067510977479,0.916538094677954,0.9191439053893288,100000,0.007991999999999999,0.0024974999999999997,0.007991999999999999,0.0029969999999999997,0.0017482499999999998,0.007159499999999999,0.0029969999999999997,0.0017482499999999998,0.0049949999999999994,1.0959137070059777,0.0014566990539257238,0.0014467001187519236,0.96731355289416,12.941260423593858,12.60876523338691,0.001850418106568097,0.8892888471113567,0.9430211276060344
2026-07-25,/vol/bitbucket/osella/rl-qecc-data/supervisedLearning/sweep/ground_anch_H4_s2.pth,/vol/bitbucket/osella/rl-qecc-data/supervisedLearning/codeEvaluationTrainingData/l_6_m_6,6,6,100000,6,True,0.9019479847398343,0.9004079704022286,0.9034292536260233,0.9019479847398343,0.9004079704022286,0.9034292536260233,100000,0.0012487499999999999,0.0,0.0029969999999999997,0.0,0.0,0.0024974999999999928,0.0,0.0,0.0012487499999999999,1.613788841495514,0.0016033930055005866,0.001580728497953468,0.9851999677008417,12.985398375533775,12.60876523338691,0.0028762871853162592,0.8892888471113567,0.9430211276060344
2026-07-25,/vol/bitbucket/osella/rl-qecc-data/supervisedLearning/sweep/ground_anch_H6_s0.pth,/vol/bitbucket/osella/rl-qecc-data/supervisedLearning/codeEvaluationTrainingData/l_6_m_6,6,6,100000,6,True,0.8994342086018865,0.8978962981664484,0.9009258655229256,0.8994342086018865,0.8978962981664484,0.9009258655229256,100000,0.007492499999999999,0.0047390062499999995,0.007492499999999999,0.005494499999999999,0.0012487499999999999,0.005993999999999999,0.005494499999999999,0.00024350624999999358,0.005993999999999999,1.615928792028427,0.0016158252831562265,0.0016020986536656185,0.9789707549747394,12.99122921292202,12.60876523338691,0.002102768460275231,0.8892888471113567,0.9430211276060344
2026-07-25,/vol/bitbucket/osella/rl-qecc-data/supervisedLearning/sweep/ground_anch_H6_s1.pth,/vol/bitbucket/osella/rl-qecc-data/supervisedLearning/codeEvaluationTrainingData/l_6_m_6,6,6,100000,6,True,0.8902507057212765,0.888512401827256,0.8919251237624033,0.8902507057212765,0.888512401827256,0.8919251237624033,100000,0.0034964999999999996,0.001997999999999993,0.007492499999999999,0.0024974999999999928,0.001248749999999993,0.0044954999999999995,0.0024974999999999928,0.0009927562499999934,0.0039959999999999996,1.6867156189322472,0.0016728893479062402,0.001659662539210453,0.983375530042449,13.00775325243676,12.60876523338691,0.0019695272027309137,0.8892888471113567,0.9430211276060344
2026-07-25,/vol/bitbucket/osella/rl-qecc-data/supervisedLearning/sweep/ground_anch_H6_s2.pth,/vol/bitbucket/osella/rl-qecc-data/supervisedLearning/codeEvaluationTrainingData/l_6_m_6,6,6,100000,6,True,0.8990502513875545,0.8974883465669582,0.9006446816851513,0.8990502513875545,0.8974883465669582,0.9006446816851513,100000,0.0039959999999999996,0.001997999999999993,0.007991999999999999,0.0029969999999999997,0.00024974999999999303,0.003995999999999993,0.0012487499999999999,0.0,0.0029969999999999997,1.5412507729125022,0.0016179532646587425,0.001605423590366282,0.9695970868212201,12.992395563278247,12.60876523338691,0.0018691472542366277,0.8892888471113567,0.9430211276060344
2026-07-25,/vol/bitbucket/osella/rl-qecc-data/supervisedLearning/sweep/ground_anch_H7_s0.pth,/vol/bitbucket/osella/rl-qecc-data/supervisedLearning/codeEvaluationTrainingData/l_6_m_6,6,6,100000,6,True,0.9163531947776488,0.9150635078778384,0.9176514215599729,0.9163531947776488,0.9150635078778384,0.9176514215599729,100000,0.007159499999999999,0.0029969999999999997,0.007159499999999999,0.0034964999999999996,0.0022477499999999997,0.006493499999999999,0.0034964999999999996,0.0022477499999999997,0.0047452499999999995,1.0528584419989586,0.0014918220194295117,0.0014647837465815161,0.970462293716345,12.950894231603261,12.60876523338691,0.0030137536676496796,0.8892888471113567,0.9430211276060344
2026-07-25,/vol/bitbucket/osella/rl-qecc-data/supervisedLearning/sweep/ground_anch_H7_s1.pth,/vol/bitbucket/osella/rl-qecc-data/supervisedLearning/codeEvaluationTrainingData/l_6_m_6,6,6,100000,6,True,0.9006304302604291,0.8990448746793631,0.9022368505267973,0.9006304302604291,0.8990448746793631,0.9022368505267973,100000,0.007991999999999999,0.0029969999999999997,0.007991999999999999,0.0034964999999999996,0.001997999999999993,0.005993999999999999,0.0029969999999999997,0.0017482499999999998,0.0044954999999999995,1.402869614534378,0.0015925778348829152,0.0015892641300899058,0.955390580772806,12.980211817955308,12.60876523338691,0.00176279643512285,0.8892888471113567,0.9430211276060344
2026-07-25,/vol/bitbucket/osella/rl-qecc-data/supervisedLearning/sweep/ground_anch_H7_s2.pth,/vol/bitbucket/osella/rl-qecc-data/supervisedLearning/codeEvaluationTrainingData/l_6_m_6,6,6,100000,6,True,0.9012490828288133,0.8997137419620493,0.9027938441047051,0.9012490828288133,0.8997137419620493,0.9027938441047051,100000,0.005494499999999999,0.001997999999999993,0.007575749999999999,0.0029969999999999997,0.0,0.005494499999999999,0.0009990000000000068,0.0,0.0029969999999999997,1.3947716987776757,0.0016018633636877087,0.0015868387334364675,0.9679564555618684,12.986428876757971,12.60876523338691,0.0020994818903612342,0.8892888471113567,0.9430211276060344
2026-07-25,/vol/bitbucket/osella/rl-qecc-data/supervisedLearning/sweep/ground_pure_H10_s0.pth,/vol/bitbucket/osella/rl-qecc-data/supervisedLearning/codeEvaluationTrainingData/l_6_m_6,6,6,100000,6,True,0.8906651749348635,0.8889323533469354,0.8922720540133594,0.8906651749348635,0.8889323533469354,0.8922720540133594,100000,0.0054944999999999924,0.0024974999999999928,0.0054944999999999924,0.0024974999999999928,0.001248749999999993,0.0049949999999999994,0.0024974999999999928,0.001248749999999993,0.0039959999999999996,1.3620269575357438,0.0017325264789442895,0.0016639153096124825,0.9526390607292068,13.011657972833058,12.60876523338691,0.004207720335473012,0.8892888471113567,0.9430211276060344
2026-07-25,/vol/bitbucket/osella/rl-qecc-data/supervisedLearning/sweep/ground_pure_H10_s1.pth,/vol/bitbucket/osella/rl-qecc-data/supervisedLearning/codeEvaluationTrainingData/l_6_m_6,6,6,100000,6,True,0.9003958690875447,0.8989054468896889,0.901869700756694,0.9003958690875447,0.8989054468896889,0.901869700756694,100000,0.005494499999999999,0.0042457499999999995,0.006992999999999999,0.005494499999999999,0.0019979999999999998,0.006243749999999999,0.0019979999999999998,0.000998999999999993,0.005494499999999999,1.4734831567192077,0.0016673893765612499,0.0015999880747851068,1.0003813421488204,12.99885231419869,12.60876523338691,0.00479753466735299,0.8892888471113567,0.9430211276060344
2026-07-25,/vol/bitbucket/osella/rl-qecc-data/supervisedLearning/sweep/ground_pure_H10_s2.pth,/vol/bitbucket/osella/rl-qecc-data/supervisedLearning/codeEvaluationTrainingData/l_6_m_6,6,6,100000,6,True,0.8853926045003686,0.8835846934119833,0.8871523004361939,0.8853926045003686,0.8835846934119833,0.8871523004361939,100000,0.0039959999999999996,0.0027472499999999997,0.006493499999999999,0.0039959999999999996,0.0007492499999999999,0.005494499999999999,0.0012487499999999999,0.0,0.0039959999999999996,1.6927595217752456,0.0018887835441654412,0.0017016711438171447,1.0358904249077183,13.053814500617994,12.60876523338691,0.0076385694379149235,0.8892888471113567,0.9430211276060344
2026-07-25,/vol/bitbucket/osella/rl-qecc-data/supervisedLearning/sweep/ground_pure_H3_s0.pth,/vol/bitbucket/osella/rl-qecc-data/supervisedLearning/codeEvaluationTrainingData/l_6_m_6,6,6,100000,6,True,0.8701059611201787,0.8681743025956652,0.8721335115670532,0.8701059611201787,0.8681743025956652,0.8721335115670532,100000,0.016983,0.002747249999999986,0.017981999999999998,0.0037462499999999926,0.0022477500000000067,0.016983,0.0034964999999999927,0.0017482500000000063,0.007492499999999999,1.5488821674513817,0.0018395791491726417,0.0018393337781064344,0.9813800107210088,13.052364305432908,12.60876523338691,0.001706796154321518,0.8892888471113567,0.9430211276060344
2026-07-25,/vol/bitbucket/osella/rl-qecc-data/supervisedLearning/sweep/ground_pure_H3_s1.pth,/vol/bitbucket/osella/rl-qecc-data/supervisedLearning/codeEvaluationTrainingData/l_6_m_6,6,6,100000,6,True,0.854147796149501,0.8519968480730489,0.8562544872826736,0.854147796149501,0.8519968480730489,0.8562544872826736,100000,0.008491499999999999,0.005238506249999999,0.010988999999999999,0.0029970000000000066,0.0019917562499999937,0.007242749999999999,0.0029969999999999997,0.0017482499999999998,0.005993999999999999,1.9570912309360504,0.003078690654978876,0.0019284015726660098,1.1731180635879794,13.408255987575828,12.60876523338691,0.021653915783618114,0.8892888471113567,0.9430211276060344
2026-07-25,/vol/bitbucket/osella/rl-qecc-data/supervisedLearning/sweep/ground_pure_H3_s2.pth,/vol/bitbucket/osella/rl-qecc-data/supervisedLearning/codeEvaluationTrainingData/l_6_m_6,6,6,100000,6,True,0.8797683452654752,0.8779883221712884,0.881593752500672,0.8797683452654752,0.8779883221712884,0.881593752500672,100000,0.009240749999999999,0.0024974999999999928,0.009240749999999999,0.0029969999999999927,0.001498499999999993,0.0042519937499999865,0.0024974999999999928,0.001248749999999993,0.0039959999999999996,1.6284911742734909,0.0019949194531861452,0.0017678684780326472,1.007731967270603,13.090604015507264,12.60876523338691,0.009697179002566966,0.8892888471113567,0.9430211276060344
2026-07-25,/vol/bitbucket/osella/rl-qecc-data/supervisedLearning/sweep/ground_pure_H4_s0.pth,/vol/bitbucket/osella/rl-qecc-data/supervisedLearning/codeEvaluationTrainingData/l_6_m_6,6,6,100000,6,True,0.8526623907843033,0.8502897117163838,0.8549403377582292,0.8526623907843033,0.8502897117163838,0.8549403377582292,100000,0.0019980000000000067,0.0007492500000000069,0.006493499999999999,0.0019980000000000067,0.0007492500000000069,0.0049949999999999994,0.0019980000000000067,0.0007492500000000069,0.003752493749999987,1.8390169657254218,0.001950298802779023,0.0019292219156215175,0.9327828290559225,13.087973026267044,12.60876523338691,0.0026609014847115164,0.8892888471113567,0.9430211276060344
2026-07-25,/vol/bitbucket/osella/rl-qecc-data/supervisedLearning/sweep/ground_pure_H4_s1.pth,/vol/bitbucket/osella/rl-qecc-data/supervisedLearning/codeEvaluationTrainingData/l_6_m_6,6,6,100000,6,True,0.9112818121006498,0.9098573669747869,0.9126368679334387,0.9112818121006498,0.9098573669747869,0.9126368679334387,100000,0.007159499999999999,0.0024974999999999997,0.007159499999999999,0.0029969999999999997,0.0017482499999999998,0.006493499999999999,0.0029969999999999997,0.0017482499999999998,0.0049949999999999994,1.055543025507927,0.0016141058976624479,0.0015217987273171872,0.9872881796434072,12.977785587889231,12.60876523338691,0.005748380058019205,0.8892888471113567,0.9430211276060344
2026-07-25,/vol/bitbucket/osella/rl-qecc-data/supervisedLearning/sweep/ground_pure_H4_s2.pth,/vol/bitbucket/osella/rl-qecc-data/supervisedLearning/codeEvaluationTrainingData/l_6_m_6,6,6,100000,6,True,0.8824639378942999,0.8807191696337333,0.8842293849382864,0.8824639378942999,0.8807191696337333,0.8842293849382864,100000,0.008491499999999999,0.0034964999999999927,0.008491499999999999,0.0034964999999999996,0.0014984999999999998,0.006499743749999993,0.0029969999999999997,0.000499499999999993,0.0044954999999999995,1.5888005023741723,0.0017581100353945567,0.00173395620213408,0.9964152607014316,13.025123114563856,12.60876523338691,0.0035797753136597122,0.8892888471113567,0.9430211276060344
2026-07-25,/vol/bitbucket/osella/rl-qecc-data/supervisedLearning/sweep/ground_pure_H6_s0.pth,/vol/bitbucket/osella/rl-qecc-data/supervisedLearning/codeEvaluationTrainingData/l_6_m_6,6,6,100000,6,True,0.8916603810152202,0.8899902034642407,0.893267473751751,0.8916603810152202,0.8899902034642407,0.893267473751751,100000,0.005993999999999999,0.0007492499999999999,0.007492499999999999,0.0012487499999999999,0.0,0.005993999999999999,0.0012487499999999999,0.0,0.005494499999999999,1.5955184651136398,0.0016765142573260676,0.0016579375875133426,0.9962610788276935,13.006994385934366,12.60876523338691,0.002588381529493292,0.8892888471113567,0.9430211276060344
2026-07-25,/vol/bitbucket/osella/rl-qecc-data/supervisedLearning/sweep/ground_pure_H6_s1.pth,/vol/bitbucket/osella/rl-qecc-data/supervisedLearning/codeEvaluationTrainingData/l_6_m_6,6,6,100000,6,True,0.8754330360349347,0.8734517437547332,0.8772430650678427,0.8754330360349347,0.8734517437547332,0.8772430650678427,100000,0.005993999999999992,0.0024974999999999928,0.005993999999999992,0.0024974999999999928,0.001498499999999986,0.0049949999999999994,0.0024974999999999928,0.001248749999999993,0.0044954999999999995,1.721061126935482,0.0017996125983991312,0.0017709350090890374,1.0000692805137799,13.03634327303774,12.60876523338691,0.003088592081635671,0.8892888471113567,0.9430211276060344
2026-07-25,/vol/bitbucket/osella/rl-qecc-data/supervisedLearning/sweep/ground_pure_H6_s2.pth,/vol/bitbucket/osella/rl-qecc-data/supervisedLearning/codeEvaluationTrainingData/l_6_m_6,6,6,100000,6,True,0.8864030205577452,0.8847189956291212,0.8880941823661509,0.8864030205577452,0.8847189956291212,0.8880941823661509,100000,0.007492499999999999,0.0004995000000000069,0.007492499999999999,0.0009990000000000068,0.0,0.0047452499999999995,0.0009990000000000068,0.0,0.0029969999999999997,1.5782815486717223,0.0018918008489984856,0.0017127086722583476,1.0166949993391814,13.052988652087544,12.60876523338691,0.007756066475127715,0.8892888471113567,0.9430211276060344
2026-07-25,/vol/bitbucket/osella/rl-qecc-data/supervisedLearning/sweep/ground_pure_H7_s0.pth,/vol/bitbucket/osella/rl-qecc-data/supervisedLearning/codeEvaluationTrainingData/l_6_m_6,6,6,100000,6,True,0.9130172849928391,0.911654181925259,0.9143740122719638,0.9130172849928391,0.911654181925259,0.9143740122719638,100000,0.007159499999999999,0.0049949999999999994,0.007159499999999999,0.0034964999999999996,0.001997999999999993,0.006493499999999999,0.0029969999999999997,0.0017482499999999998,0.004507987499999988,1.0457040352129936,0.0015884271967204914,0.0015028603253397531,0.9936423889603176,12.970322970062796,12.60876523338691,0.005369599661316742,0.8892888471113567,0.9430211276060344
2026-07-25,/vol/bitbucket/osella/rl-qecc-data/supervisedLearning/sweep/ground_pure_H7_s1.pth,/vol/bitbucket/osella/rl-qecc-data/supervisedLearning/codeEvaluationTrainingData/l_6_m_6,6,6,100000,6,True,0.886891457352133,0.8850083626038835,0.8886341848525737,0.886891457352133,0.8850083626038835,0.8886341848525737,100000,0.007991999999999999,0.005993999999999999,0.008075249999999999,0.005993999999999999,0.0029907562499999862,0.007991999999999999,0.003995999999999993,0.0012487499999999999,0.005993999999999999,1.4975830412817002,0.0016979645557514153,0.0016901011217238528,0.9457324850297286,13.011413417945919,12.60876523338691,0.001710752078813037,0.8892888471113567,0.9430211276060344
2026-07-25,/vol/bitbucket/osella/rl-qecc-data/supervisedLearning/sweep/ground_pure_H7_s2.pth,/vol/bitbucket/osella/rl-qecc-data/supervisedLearning/codeEvaluationTrainingData/l_6_m_6,6,6,100000,6,True,0.8892540218530934,0.8875183612874201,0.8909342830395346,0.8892540218530934,0.8875183612874201,0.8909342830395346,100000,0.006493499999999999,0.0034965000000000065,0.007492499999999999,0.0034965000000000065,0.001997999999999993,0.005993999999999999,0.0029969999999999997,0.0007492499999999999,0.005494499999999999,1.4413472746562959,0.0017248100533254814,0.0016834363174411953,0.9958439696610039,13.01495874233339,12.60876523338691,0.004029223828708139,0.8892888471113567,0.9430211276060344
2026-07-25,/vol/bitbucket/osella/rl-qecc-data/supervisedLearning/sweep/mix_66-96-126-153_H10_s0.pth,/vol/bitbucket/osella/rl-qecc-data/supervisedLearning/codeEvaluationTrainingData/l_6_m_6,6,6,100000,6,True,0.5724629157791405,0.5671872164417315,0.5776303702925855,0.5724629157791405,0.5671872164417315,0.5776303702925855,100000,0.015484499999999998,0.008978512499999999,0.0194805,0.006992999999999999,0.005494499999999999,0.015484499999999998,0.006992999999999999,0.002996999999999986,0.012487499999999999,2.2781996847724915,0.0033100491277051193,0.003331555954254764,1.0056680323705405,13.729092020971837,12.60876523338691,0.003061033240308343,0.8892888471113567,0.9430211276060344
2026-07-25,/vol/bitbucket/osella/rl-qecc-data/supervisedLearning/sweep/mix_66-96-126-153_H10_s1.pth,/vol/bitbucket/osella/rl-qecc-data/supervisedLearning/codeEvaluationTrainingData/l_6_m_6,6,6,100000,6,True,0.5085386555092467,0.5029402779100169,0.5141829990340288,0.5085386555092467,0.5029402779100169,0.5141829990340288,100000,0.02722275,0.007991999999999999,0.02722275,0.008491499999999999,0.007242749999999999,0.0254745,0.008491499999999999,0.006992999999999999,0.013985999999999998,2.3115098686885833,0.0034444160079521256,0.0034830081626584957,0.9317771744347743,13.847790217156287,12.60876523338691,0.002943970450915125,0.8892888471113567,0.9430211276060344
2026-07-25,/vol/bitbucket/osella/rl-qecc-data/supervisedLearning/sweep/mix_66-96-126-153_H10_s2.pth,/vol/bitbucket/osella/rl-qecc-data/supervisedLearning/codeEvaluationTrainingData/l_6_m_6,6,6,100000,6,True,0.4742971361384296,0.46859202328175203,0.47961742144116154,0.4742971361384296,0.46859202328175203,0.47961742144116154,100000,0.014485499999999998,0.009656999999999992,0.03238425,0.010655999999999999,0.0044954999999999995,0.020979000000000005,0.0044954999999999995,0.0034964999999999927,0.010739249999999922,2.134110565843582,0.003713288119153891,0.0035691947212749494,0.9052507347008552,13.95709300493387,12.60876523338691,0.005634371935769568,0.8892888471113567,0.9430211276060344
2026-07-25,/vol/bitbucket/osella/rl-qecc-data/supervisedLearning/sweep/mix_66-96-126-153_H3_s0.pth,/vol/bitbucket/osella/rl-qecc-data/supervisedLearning/codeEvaluationTrainingData/l_6_m_6,6,6,100000,6,True,0.6433650975432395,0.6384627521705208,0.6475320872810211,0.6433650975432395,0.6384627521705208,0.6475320872810211,100000,0.020229749999999998,0.0029970000000000066,0.020229749999999998,0.0029970000000000066,0.0017482500000000067,0.007991999999999999,0.0029970000000000066,0.0017482500000000067,0.0044954999999999995,2.0548721441936495,0.0031015749511152557,0.003104801844700622,0.9933014800178118,13.594262314548262,12.60876523338691,0.0030146189329947975,0.8892888471113567,0.9430211276060344
2026-07-25,/vol/bitbucket/osella/rl-qecc-data/supervisedLearning/sweep/mix_66-96-126-153_H3_s1.pth,/vol/bitbucket/osella/rl-qecc-data/supervisedLearning/codeEvaluationTrainingData/l_6_m_6,6,6,100000,6,True,0.5805757184946555,0.5758032216841245,0.5852322446485669,0.5805757184946555,0.5758032216841245,0.5852322446485669,100000,0.010489499999999999,0.008990999999999999,0.017981999999999998,0.006993000000000006,0.005238506250000006,0.013486499999999998,0.005494499999999999,0.004489256249999993,0.009989999999999999,2.348238114337921,0.0033373203274310475,0.003374966946607446,1.0089632860450313,13.770299954856709,12.60876523338691,0.0038860971190521655,0.8892888471113567,0.9430211276060344
2026-07-25,/vol/bitbucket/osella/rl-qecc-data/supervisedLearning/sweep/mix_66-96-126-153_H3_s2.pth,/vol/bitbucket/osella/rl-qecc-data/supervisedLearning/codeEvaluationTrainingData/l_6_m_6,6,6,100000,6,True,0.6112427341309744,0.6061781722188615,0.6155837171509834,0.6112427341309744,0.6061781722188615,0.6155837171509834,100000,0.013985999999999998,0.009989999999999992,0.013985999999999998,0.0034965000000000065,0.0024974999999999997,0.011238749999999992,0.0034965000000000065,0.0022477500000000067,0.010988999999999999,2.1182650321483614,0.0033065037199592412,0.003241285761060052,1.1777915109212207,13.703668268746249,12.60876523338691,0.005053641558646977,0.8892888471113567,0.9430211276060344
2026-07-25,/vol/bitbucket/osella/rl-qecc-data/supervisedLearning/sweep/mix_66-96-126-153_H4_s0.pth,/vol/bitbucket/osella/rl-qecc-data/supervisedLearning/codeEvaluationTrainingData/l_6_m_6,6,6,100000,6,True,0.6448686710666085,0.6405856857716369,0.6489126404438783,0.6448686710666085,0.6405856857716369,0.6489126404438783,100000,0.015484499999999998,0.009989999999999999,0.015496987499999986,0.010988999999999999,0.0047452499999999995,0.013486499999999998,0.005244749999999999,0.0039959999999999996,0.010988999999999999,2.111233869447708,0.00311651175640701,0.0031051604232823888,1.062100067987306,13.602064846487531,12.60876523338691,0.004281171159941008,0.8892888471113567,0.9430211276060344
2026-07-25,/vol/bitbucket/osella/rl-qecc-data/supervisedLearning/sweep/mix_66-96-126-153_H4_s1.pth,/vol/bitbucket/osella/rl-qecc-data/supervisedLearning/codeEvaluationTrainingData/l_6_m_6,6,6,100000,6,True,0.6074857336128893,0.6024114893247895,0.6120633983981679,0.6074857336128893,0.6024114893247895,0.6120633983981679,100000,0.006743249999999999,0.0039959999999999996,0.013236749999999992,0.0044954999999999995,0.0032467499999999996,0.008491499999999999,0.0044954999999999995,0.002247749999999993,0.006743249999999999,1.9154282516574859,0.0032663668386868944,0.003236843763192187,1.0279535872725258,13.69437766859358,12.60876523338691,0.0017696083398881805,0.8892888471113567,0.9430211276060344
2026-07-25,/vol/bitbucket/osella/rl-qecc-data/supervisedLearning/sweep/mix_66-96-126-153_H4_s2.pth,/vol/bitbucket/osella/rl-qecc-data/supervisedLearning/codeEvaluationTrainingData/l_6_m_6,6,6,100000,6,True,0.6145246347163449,0.6093846577696881,0.6190900359924226,0.6145246347163449,0.6093846577696881,0.6190900359924226,100000,0.013486499999999998,0.0039959999999999996,0.013486499999999998,0.0044954999999999995,0.001997999999999993,0.006992999999999999,0.0029969999999999997,0.0017482499999999998,0.005744249999999999,1.8241866021299362,0.0031584213598908,0.0031724756770626487,0.9831002970115738,13.668330042821749,12.60876523338691,0.003569182587570594,0.8892888471113567,0.9430211276060344
2026-07-25,/vol/bitbucket/osella/rl-qecc-data/supervisedLearning/sweep/mix_66-96-126-153_H6_s0.pth,/vol/bitbucket/osella/rl-qecc-data/supervisedLearning/codeEvaluationTrainingData/l_6_m_6,6,6,100000,6,True,0.5123449399755812,0.5064972187621816,0.5179544472943033,0.5123449399755812,0.5064972187621816,0.5179544472943033,100000,0.005744249999999999,0.0044954999999999995,0.019230749999999998,0.005744249999999999,0.0044954999999999995,0.014984999999999998,0.005744249999999999,0.0044954999999999995,0.013652999999999998,2.5992567962741853,0.003420705057053291,0.003449939232235561,0.9680778153109125,13.820088664718604,12.60876523338691,0.0039252724388255085,0.8892888471113567,0.9430211276060344
2026-07-25,/vol/bitbucket/osella/rl-qecc-data/supervisedLearning/sweep/mix_66-96-126-153_H6_s1.pth,/vol/bitbucket/osella/rl-qecc-data/supervisedLearning/codeEvaluationTrainingData/l_6_m_6,6,6,100000,6,True,0.6230392424648613,0.618211729459444,0.6273439742522652,0.6230392424648613,0.618211729459444,0.6273439742522652,100000,0.015484499999999998,0.006992999999999999,0.015484499999999998,0.007492499999999999,0.004245749999999993,0.012487499999999999,0.005244749999999999,0.0039959999999999996,0.011987999999999999,1.8280503580141068,0.0032169242619204054,0.0032017002787146777,1.0969414048533934,13.633294351411534,12.60876523338691,0.003491778934178606,0.8892888471113567,0.9430211276060344
2026-07-25,/vol/bitbucket/osella/rl-qecc-data/supervisedLearning/sweep/mix_66-96-126-153_H6_s2.pth,/vol/bitbucket/osella/rl-qecc-data/supervisedLearning/codeEvaluationTrainingData/l_6_m_6,6,6,100000,6,True,0.6206917439235533,0.6157363468513732,0.6252959703720615,0.6206917439235533,0.6157363468513732,0.6252959703720615,100000,0.013486499999999998,0.0027472499999999997,0.013486499999999998,0.0029969999999999927,0.0017482499999999929,0.008990999999999992,0.0029969999999999927,0.0017482499999999929,0.006743249999999999,2.0554987908029556,0.003166385424858597,0.003173391861865374,1.025368410438407,13.649536945845558,12.60876523338691,0.0018702929783700165,0.8892888471113567,0.9430211276060344
2026-07-25,/vol/bitbucket/osella/rl-qecc-data/supervisedLearning/sweep/mix_66-96-126-153_H7_s0.pth,/vol/bitbucket/osella/rl-qecc-data/supervisedLearning/codeEvaluationTrainingData/l_6_m_6,6,6,100000,6,True,0.6056048638433226,0.6005390058201873,0.6101772765450365,0.6056048638433226,0.6005390058201873,0.6101772765450365,100000,0.010239749999999999,0.008990999999999999,0.0214785,0.010239749999999999,0.0024974999999999928,0.01648349999999999,0.0034964999999999996,0.0022477499999999997,0.010239749999999999,2.3351487073946,0.003331151197920037,0.00324796121183689,1.1417570887082251,13.691161420684193,12.60876523338691,0.004187684401952605,0.8892888471113567,0.9430211276060344
2026-07-25,/vol/bitbucket/osella/rl-qecc-data/supervisedLearning/sweep/mix_66-96-126-153_H7_s1.pth,/vol/bitbucket/osella/rl-qecc-data/supervisedLearning/codeEvaluationTrainingData/l_6_m_6,6,6,100000,6,True,0.5456103719021577,0.5404312050326882,0.5503309353632603,0.5456103719021577,0.5404312050326882,0.5503309353632603,100000,0.016233749999999998,0.009490499999999999,0.019230749999999998,0.009490499999999999,0.008241749999999999,0.016233749999999998,0.008491499999999999,0.0049949999999999994,0.013985999999999998,2.0674973761463167,0.003707909965890992,0.003435427531923381,0.970297805379853,13.848438813036207,12.60876523338691,0.008536819415911622,0.8892888471113567,0.9430211276060344
2026-07-25,/vol/bitbucket/osella/rl-qecc-data/supervisedLearning/sweep/mix_66-96-126-153_H7_s2.pth,/vol/bitbucket/osella/rl-qecc-data/supervisedLearning/codeEvaluationTrainingData/l_6_m_6,6,6,100000,6,True,0.6380906512577653,0.6332649554804853,0.6424290046623278,0.6380906512577653,0.6332649554804853,0.6424290046623278,100000,0.032967,0.006743249999999992,0.03321675,0.006743249999999992,0.0042457499999999995,0.011257481249999982,0.006743249999999992,0.001997999999999993,0.009323999999999999,2.2066129961156844,0.00314640193598502,0.0031198429984701727,1.0114037621583105,13.60167415443998,12.60876523338691,0.002353867720971896,0.8892888471113567,0.9430211276060344
2026-07-25,/vol/bitbucket/osella/rl-qecc-data/supervisedLearning/sweep/mix_66-96-126_H10_s0.pth,/vol/bitbucket/osella/rl-qecc-data/supervisedLearning/codeEvaluationTrainingData/l_6_m_6,6,6,100000,6,True,0.4554614940322741,0.44963030315461294,0.4610427725089718,0.4554614940322741,0.44963030315461294,0.4610427725089718,100000,0.017648999999999998,0.011488499999999999,0.017648999999999998,0.011488499999999999,0.010239749999999999,0.01648349999999999,0.011488499999999999,0.010239749999999999,0.013861125000000002,2.316771716308594,0.00363992983436044,0.0036063477965957128,0.9804504477418874,13.900578871223663,12.60876523338691,0.0018380764481545652,0.8892888471113567,0.9430211276060344
2026-07-25,/vol/bitbucket/osella/rl-qecc-data/supervisedLearning/sweep/mix_66-96-126_H10_s1.pth,/vol/bitbucket/osella/rl-qecc-data/supervisedLearning/codeEvaluationTrainingData/l_6_m_6,6,6,100000,6,True,0.43432859569484483,0.42847614251177846,0.4402648706808029,0.43432859569484483,0.42847614251177846,0.4402648706808029,100000,0.023476499999999997,0.022227749999999998,0.031843125,0.023476499999999997,0.013985999999999998,0.027972000000000004,0.014985000000000005,0.013486500000000005,0.024725249999999997,2.504041997623444,0.0037399988806699684,0.0036173235646548437,0.9763861580515759,13.927252627348441,12.60876523338691,0.005067507406969705,0.8892888471113567,0.9430211276060344
2026-07-25,/vol/bitbucket/osella/rl-qecc-data/supervisedLearning/sweep/mix_66-96-126_H10_s2.pth,/vol/bitbucket/osella/rl-qecc-data/supervisedLearning/codeEvaluationTrainingData/l_6_m_6,6,6,100000,6,True,0.43974722532794064,0.4337846223031879,0.445333203236252,0.43974722532794064,0.4337846223031879,0.445333203236252,100000,0.024475500000000004,0.016483499999999998,0.024475500000000004,0.016483499999999998,0.015234749999999998,0.022977000000000004,0.016483499999999998,0.015234749999999998,0.019646999999999998,2.4008840890979766,0.0036778342563259826,0.003613773002537495,1.033415048283233,13.909904388961786,12.60876523338691,0.00274522118189589,0.8892888471113567,0.9430211276060344
2026-07-25,/vol/bitbucket/osella/rl-qecc-data/supervisedLearning/sweep/mix_66-96-126_H3_s0.pth,/vol/bitbucket/osella/rl-qecc-data/supervisedLearning/codeEvaluationTrainingData/l_6_m_6,6,6,100000,6,True,0.6094644720625616,0.6045087088500086,0.6140586379892643,0.6094644720625616,0.6045087088500086,0.6140586379892643,100000,0.008990999999999999,0.0039959999999999996,0.008990999999999999,0.0039959999999999996,0.0024974999999999997,0.008990999999999992,0.0034964999999999927,0.0022477499999999997,0.0044954999999999995,2.294833221411705,0.003273035780976484,0.003220315944148087,1.0264458901315394,13.679954033807668,12.60876523338691,0.003214141637270821,0.8892888471113567,0.9430211276060344
2026-07-25,/vol/bitbucket/osella/rl-qecc-data/supervisedLearning/sweep/mix_66-96-126_H3_s1.pth,/vol/bitbucket/osella/rl-qecc-data/supervisedLearning/codeEvaluationTrainingData/l_6_m_6,6,6,100000,6,True,0.44005275904700236,0.43430735179382807,0.4455141010025621,0.44005275904700236,0.43430735179382807,0.4455141010025621,100000,0.0204795,0.01923075,0.0214785,0.020479499999999998,0.015983999999999998,0.020479500000000005,0.016483499999999998,0.01522850625,0.0204795,2.0945919480991364,0.003774901500390027,0.0036163983486100833,0.9944256780594102,13.921781660825928,12.60876523338691,0.005654784096671674,0.8892888471113567,0.9430211276060344
2026-07-25,/vol/bitbucket/osella/rl-qecc-data/supervisedLearning/sweep/mix_66-96-126_H3_s2.pth,/vol/bitbucket/osella/rl-qecc-data/supervisedLearning/codeEvaluationTrainingData/l_6_m_6,6,6,100000,6,True,0.541200776539895,0.5355620796082743,0.5464225893089881,0.541200776539895,0.5355620796082743,0.5464225893089881,100000,0.010739249999999999,0.0034964999999999927,0.03021975,0.0044954999999999995,0.0032467499999999996,0.017482499999999998,0.0044954999999999995,0.0032467499999999996,0.013242993749999992,2.4857101200532914,0.0033306243103688057,0.003368886522762879,0.9376067683867997,13.796470536388883,12.60876523338691,0.0029961053214959095,0.8892888471113567,0.9430211276060344
2026-07-25,/vol/bitbucket/osella/rl-qecc-data/supervisedLearning/sweep/mix_66-96-126_H4_s0.pth,/vol/bitbucket/osella/rl-qecc-data/supervisedLearning/codeEvaluationTrainingData/l_6_m_6,6,6,100000,6,True,0.43943578924983373,0.4336619286846308,0.4451073787938199,0.43943578924983373,0.4336619286846308,0.4451073787938199,100000,0.02222775,0.01922762812499999,0.033091875,0.020104875,0.014485499999999998,0.02222775,0.020104875,0.010739249999999992,0.0214785,2.3443123098373415,0.003660788840154001,0.0036166883954390086,0.962972152663598,13.910815776775591,12.60876523338691,0.002484824319614783,0.8892888471113567,0.9430211276060344
2026-07-25,/vol/bitbucket/osella/rl-qecc-data/supervisedLearning/sweep/mix_66-96-126_H4_s1.pth,/vol/bitbucket/osella/rl-qecc-data/supervisedLearning/codeEvaluationTrainingData/l_6_m_6,6,6,100000,6,True,0.46601924983088105,0.4604361126839836,0.4713848924963168,0.46601924983088105,0.4604361126839836,0.4713848924963168,100000,0.018981,0.009989999999999999,0.031968,0.010489499999999999,0.009240749999999999,0.016733249999999998,0.009989999999999999,0.008990999999999992,0.014984999999999998,2.196177540988922,0.003641810654795968,0.00357307008394461,0.9798601918081533,13.89060272116883,12.60876523338691,0.003086074453938229,0.8892888471113567,0.9430211276060344
2026-07-25,/vol/bitbucket/osella/rl-qecc-data/supervisedLearning/sweep/mix_66-96-126_H4_s2.pth,/vol/bitbucket/osella/rl-qecc-data/supervisedLearning/codeEvaluationTrainingData/l_6_m_6,6,6,100000,6,True,0.4447210208524312,0.4390622340231276,0.450405693934115,0.4447210208524312,0.4390622340231276,0.450405693934115,100000,0.017482499999999998,0.016233749999999998,0.0194805,0.016982999999999998,0.009989999999999999,0.017482499999999998,0.010988999999999999,0.008990999999999992,0.016982999999999998,2.101218171172142,0.0037273407944092,0.003627304523385696,1.031202169107797,13.919636764993804,12.60876523338691,0.0045541874424480525,0.8892888471113567,0.9430211276060344
2026-07-25,/vol/bitbucket/osella/rl-qecc-data/supervisedLearning/sweep/mix_66-96-126_H6_s0.pth,/vol/bitbucket/osella/rl-qecc-data/supervisedLearning/codeEvaluationTrainingData/l_6_m_6,6,6,100000,6,True,0.649246708933031,0.6446588142924734,0.6534972444904196,0.649246708933031,0.6446588142924734,0.6534972444904196,100000,0.03321675,0.010489499999999999,0.03321675,0.010988999999999999,0.007742249999999992,0.020229749999999998,0.007742249999999992,0.006743249999999985,0.014110874999999995,2.3154955753087996,0.0030732321434248913,0.0030768215774656313,0.9990334863097314,13.574260520420438,12.60876523338691,0.0015311620905206112,0.8892888471113567,0.9430211276060344
2026-07-25,/vol/bitbucket/osella/rl-qecc-data/supervisedLearning/sweep/mix_66-96-126_H6_s1.pth,/vol/bitbucket/osella/rl-qecc-data/supervisedLearning/codeEvaluationTrainingData/l_6_m_6,6,6,100000,6,True,0.43488177069869843,0.4288638522459059,0.44087982132393677,0.43488177069869843,0.4288638522459059,0.44087982132393677,100000,0.010322999999999999,0.008824499999999999,0.023476500000000004,0.007492499999999999,0.006493499999999992,0.013985999999999998,0.007492499999999999,0.006243749999999999,0.010739249999999992,2.404151715326309,0.0036552004743681224,0.0036154389308678155,1.0266007686296228,13.911002755232985,12.60876523338691,0.0020011721353791886,0.8892888471113567,0.9430211276060344
2026-07-25,/vol/bitbucket/osella/rl-qecc-data/supervisedLearning/sweep/mix_66-96-126_H6_s2.pth,/vol/bitbucket/osella/rl-qecc-data/supervisedLearning/codeEvaluationTrainingData/l_6_m_6,6,6,100000,6,True,0.6757155392387669,0.6713193545212364,0.6798617210331238,0.6757155392387669,0.6713193545212364,0.6798617210331238,100000,0.015983999999999998,0.010489499999999992,0.023476500000000004,0.011488499999999999,0.009490499999999999,0.015484499999999998,0.011238749999999999,0.006992999999999999,0.011987999999999999,2.145964765701294,0.0029763081723636372,0.002927182836314775,0.9219020933423299,13.528712766235651,12.60876523338691,0.004617868649916007,0.8892888471113567,0.9430211276060344
2026-07-25,/vol/bitbucket/osella/rl-qecc-data/supervisedLearning/sweep/mix_66-96-126_H7_s0.pth,/vol/bitbucket/osella/rl-qecc-data/supervisedLearning/codeEvaluationTrainingData/l_6_m_6,6,6,100000,6,True,0.4468392907806534,0.4411573522688853,0.4524193210610063,0.4468392907806534,0.4411573522688853,0.4524193210610063,100000,0.012986999999999999,0.008241749999999999,0.018980999999999998,0.008741249999999999,0.006992999999999999,0.012986999999999999,0.006992999999999999,0.005993999999999992,0.011987999999999999,2.3139675244522095,0.003652903105631436,0.0036157615045633146,0.9631154892541811,13.911414461429022,12.60876523338691,0.0021561623027189568,0.8892888471113567,0.9430211276060344
2026-07-25,/vol/bitbucket/osella/rl-qecc-data/supervisedLearning/sweep/mix_66-96-126_H7_s1.pth,/vol/bitbucket/osella/rl-qecc-data/supervisedLearning/codeEvaluationTrainingData/l_6_m_6,6,6,100000,6,True,0.44043524773085874,0.43450139175139285,0.4461306996191351,0.44043524773085874,0.43450139175139285,0.4461306996191351,100000,0.012487499999999999,0.008491499999999992,0.030844125000000003,0.006493500000000006,0.005494499999999999,0.012487499999999999,0.006493500000000006,0.005244750000000006,0.011987999999999999,2.1645639092063904,0.003611912661148255,0.0036142724005332008,1.0472677864127093,13.906795532276933,12.60876523338691,0.001169737430345623,0.8892888471113567,0.9430211276060344
2026-07-25,/vol/bitbucket/osella/rl-qecc-data/supervisedLearning/sweep/mix_66-96-126_H7_s2.pth,/vol/bitbucket/osella/rl-qecc-data/supervisedLearning/codeEvaluationTrainingData/l_6_m_6,6,6,100000,6,True,0.5274466557918341,0.5219915406775386,0.5324636244762729,0.5274466557918341,0.5219915406775386,0.5324636244762729,100000,0.016982999999999998,0.013236749999999999,0.016995487499999986,0.013985999999999998,0.006493499999999999,0.016982999999999998,0.006493499999999999,0.005244749999999999,0.014235750000000002,2.3915176938152314,0.0034575429910925107,0.003476393997259431,1.0367824632787703,13.835644189601268,12.60876523338691,0.002544782929086281,0.8892888471113567,0.9430211276060344
2026-07-25,/vol/bitbucket/osella/rl-qecc-data/supervisedLearning/sweep/mix_66-96_H10_s0.pth,/vol/bitbucket/osella/rl-qecc-data/supervisedLearning/codeEvaluationTrainingData/l_6_m_6,6,6,100000,6,True,0.6337173559634972,0.6295212529552854,0.638086634194769,0.6337173559634972,0.6295212529552854,0.638086634194769,100000,0.01623375,0.00274100625,0.01623375,0.0024974999999999928,0.001248749999999993,0.008491499999999999,0.0017482499999999998,0.0004994999999999999,0.0044954999999999995,2.206268866791725,0.0031960131663497835,0.003176558246215209,1.1493954811232576,13.650876600248933,12.60876523338691,0.0032300101719064376,0.8892888471113567,0.9430211276060344
2026-07-25,/vol/bitbucket/osella/rl-qecc-data/supervisedLearning/sweep/mix_66-96_H10_s1.pth,/vol/bitbucket/osella/rl-qecc-data/supervisedLearning/codeEvaluationTrainingData/l_6_m_6,6,6,100000,6,True,0.46211603663807266,0.4565334587880454,0.46741097252954666,0.46211603663807266,0.4565334587880454,0.46741097252954666,100000,0.013486499999999998,0.012237749999999999,0.024974999999999997,0.013486499999999998,0.011488499999999992,0.018981,0.012487499999999999,0.005993999999999992,0.013486499999999998,2.3525374002313613,0.0036731818742354884,0.0035905313807400694,1.0390093878930637,13.901746494344778,12.60876523338691,0.003560444397649618,0.8892888471113567,0.9430211276060344
2026-07-25,/vol/bitbucket/osella/rl-qecc-data/supervisedLearning/sweep/mix_66-96_H10_s2.pth,/vol/bitbucket/osella/rl-qecc-data/supervisedLearning/codeEvaluationTrainingData/l_6_m_6,6,6,100000,6,True,0.7057866169197594,0.701577465414065,0.7096911199395446,0.7057866169197594,0.701577465414065,0.7096911199395446,100000,0.021478500000000005,0.014984999999999998,0.03271725,0.010988999999999999,0.009983756249999993,0.021478500000000005,0.010988999999999999,0.006243749999999992,0.014110874999999995,2.046007505102158,0.0028035433344868305,0.002813756398990282,0.9360908962606463,13.48458600869323,12.60876523338691,0.0017147968265708285,0.8892888471113567,0.9430211276060344
2026-07-25,/vol/bitbucket/osella/rl-qecc-data/supervisedLearning/sweep/mix_66-96_H3_s0.pth,/vol/bitbucket/osella/rl-qecc-data/supervisedLearning/codeEvaluationTrainingData/l_6_m_6,6,6,100000,6,True,0.7470181427119021,0.7434899048667446,0.750305533702863,0.7470181427119021,0.7434899048667446,0.750305533702863,100000,0.005494499999999999,0.0042457499999999995,0.021478500000000005,0.005494499999999999,0.0042457499999999995,0.013111874999999988,0.005494499999999999,0.0042457499999999995,0.006743249999999992,2.080684429106712,0.0025971383353618266,0.002591243093989904,1.0105926005294101,13.375871863176593,12.60876523338691,0.0013903530288688864,0.8892888471113567,0.9430211276060344
2026-07-25,/vol/bitbucket/osella/rl-qecc-data/supervisedLearning/sweep/mix_66-96_H3_s1.pth,/vol/bitbucket/osella/rl-qecc-data/supervisedLearning/codeEvaluationTrainingData/l_6_m_6,6,6,100000,6,True,0.6874149370124427,0.6831322088532641,0.6910692336623737,0.6874149370124427,0.6831322088532641,0.6910692336623737,100000,0.014235749999999998,0.006743249999999992,0.021478500000000005,0.006743249999999992,0.0029969999999999997,0.014235749999999998,0.0029969999999999997,0.001997999999999993,0.007742249999999992,2.1368318313694,0.0029068360289015312,0.002900724755028207,0.9297181314932509,13.493979700495323,12.60876523338691,0.0024398307736905895,0.8892888471113567,0.9430211276060344
2026-07-25,/vol/bitbucket/osella/rl-qecc-data/supervisedLearning/sweep/mix_66-96_H3_s2.pth,/vol/bitbucket/osella/rl-qecc-data/supervisedLearning/codeEvaluationTrainingData/l_6_m_6,6,6,100000,6,True,0.687099099125119,0.6828160970276456,0.6909704971946383,0.687099099125119,0.6828160970276456,0.6909704971946383,100000,0.016982999999999998,0.014235749999999998,0.020979000000000005,0.009323999999999999,0.005457037500000001,0.016982999999999998,0.0039959999999999996,0.0029969999999999927,0.011863125000000002,2.182966495757103,0.002977452680347261,0.002928058245172282,0.9706704876127934,13.523537020526529,12.60876523338691,0.0040955581081331995,0.8892888471113567,0.9430211276060344
2026-07-25,/vol/bitbucket/osella/rl-qecc-data/supervisedLearning/sweep/mix_66-96_H4_s0.pth,/vol/bitbucket/osella/rl-qecc-data/supervisedLearning/codeEvaluationTrainingData/l_6_m_6,6,6,100000,6,True,0.45337381942486366,0.4481148840363527,0.4588944753884591,0.45337381942486366,0.4481148840363527,0.4588944753884591,100000,0.031968,0.015734249999999995,0.031968,0.01673325,0.007492499999999992,0.021478499999999998,0.008491499999999999,0.0039959999999999996,0.01673325,2.006993940896988,0.003734992758102188,0.0035942909366615187,1.042974328810902,13.905958044204832,12.60876523338691,0.005954392830249558,0.8892888471113567,0.9430211276060344
2026-07-25,/vol/bitbucket/osella/rl-qecc-data/supervisedLearning/sweep/mix_66-96_H4_s1.pth,/vol/bitbucket/osella/rl-qecc-data/supervisedLearning/codeEvaluationTrainingData/l_6_m_6,6,6,100000,6,True,0.6905787843483295,0.6864074403762029,0.6942480156229833,0.6905787843483295,0.6864074403762029,0.6942480156229833,100000,0.015983999999999998,0.010489499999999992,0.021478500000000005,0.011488499999999999,0.007742249999999992,0.015983999999999998,0.007742249999999992,0.006743249999999985,0.014110874999999995,2.02287908601284,0.0029546416058422575,0.0029310078116212613,0.9793347162709776,13.513839447114432,12.60876523338691,0.001931618466074117,0.8892888471113567,0.9430211276060344
2026-07-25,/vol/bitbucket/osella/rl-qecc-data/supervisedLearning/sweep/mix_66-96_H4_s2.pth,/vol/bitbucket/osella/rl-qecc-data/supervisedLearning/codeEvaluationTrainingData/l_6_m_6,6,6,100000,6,True,0.5948057095671959,0.5896899602253413,0.5995397113813755,0.5948057095671959,0.5896899602253413,0.5995397113813755,100000,0.006743249999999999,0.005494499999999999,0.014984999999999998,0.006243749999999992,0.0049949999999999925,0.009996243749999986,0.006243749999999992,0.0049949999999999925,0.006992999999999999,2.0912458410978316,0.003254670562921398,0.003258083880017457,1.0218780383392814,13.688411146097346,12.60876523338691,0.0024494281516945107,0.8892888471113567,0.9430211276060344
2026-07-25,/vol/bitbucket/osella/rl-qecc-data/supervisedLearning/sweep/mix_66-96_H6_s0.pth,/vol/bitbucket/osella/rl-qecc-data/supervisedLearning/codeEvaluationTrainingData/l_6_m_6,6,6,100000,6,True,0.7826797888233441,0.7795573088598388,0.7858201948729665,0.7826797888233441,0.7795573088598388,0.7858201948729665,100000,0.032967,0.009989999999999992,0.03321675,0.010988999999999999,0.0044954999999999995,0.015983999999999998,0.0049949999999999994,0.0024974999999999928,0.011863125000000002,2.0413597375154495,0.002464609803859835,0.002435061904881353,1.0082949195424045,13.329313695810306,12.60876523338691,0.005617434489259546,0.8892888471113567,0.9430211276060344
2026-07-25,/vol/bitbucket/osella/rl-qecc-data/supervisedLearning/sweep/mix_66-96_H6_s1.pth,/vol/bitbucket/osella/rl-qecc-data/supervisedLearning/codeEvaluationTrainingData/l_6_m_6,6,6,100000,6,True,0.6852358614616726,0.68101501588119,0.6890266260588787,0.6852358614616726,0.68101501588119,0.6890266260588787,100000,0.009989999999999999,0.008741249999999999,0.03321675,0.009323999999999999,0.008075249999999999,0.010988999999999999,0.009323999999999999,0.0047452499999999925,0.009989999999999999,2.161800149626732,0.0029400866747145062,0.0029342842061562116,1.0265149018072188,13.523842870482063,12.60876523338691,0.0011171109683600574,0.8892888471113567,0.9430211276060344
2026-07-25,/vol/bitbucket/osella/rl-qecc-data/supervisedLearning/sweep/mix_66-96_H6_s2.pth,/vol/bitbucket/osella/rl-qecc-data/supervisedLearning/codeEvaluationTrainingData/l_6_m_6,6,6,100000,6,True,0.7680740590449462,0.7645895718466637,0.77145933733231,0.7680740590449462,0.7645895718466637,0.77145933733231,100000,0.008990999999999999,0.006243749999999999,0.008990999999999999,0.006243749999999999,0.0049949999999999994,0.007991999999999999,0.006243749999999999,0.003995999999999986,0.007991999999999992,1.9795560692310332,0.0024078845269893223,0.002411464099223183,0.9701851605257128,13.289848131516331,12.60876523338691,0.0012996735550989606,0.8892888471113567,0.9430211276060344
2026-07-25,/vol/bitbucket/osella/rl-qecc-data/supervisedLearning/sweep/mix_66-96_H7_s0.pth,/vol/bitbucket/osella/rl-qecc-data/supervisedLearning/codeEvaluationTrainingData/l_6_m_6,6,6,100000,6,True,0.7488203182999478,0.745254377921811,0.7519930432874137,0.7488203182999478,0.745254377921811,0.7519930432874137,100000,0.03321675,0.010489499999999999,0.03321675,0.010988999999999999,0.0047452499999999995,0.015484499999999998,0.005244749999999999,0.0037462499999999996,0.013611374999999995,2.0314110504484177,0.0025946984606442327,0.002580370919421847,0.9951760616671627,13.366264742438132,12.60876523338691,0.00449791920582526,0.8892888471113567,0.9430211276060344
2026-07-25,/vol/bitbucket/osella/rl-qecc-data/supervisedLearning/sweep/mix_66-96_H7_s1.pth,/vol/bitbucket/osella/rl-qecc-data/supervisedLearning/codeEvaluationTrainingData/l_6_m_6,6,6,100000,6,True,0.7100593563963786,0.7061899770725611,0.7135110541250691,0.7100593563963786,0.7061899770725611,0.7135110541250691,100000,0.032967,0.010239749999999992,0.032967,0.011238749999999999,0.0047452499999999995,0.023476500000000004,0.005244749999999999,0.0039959999999999996,0.013486499999999998,2.027632236676216,0.002818810129696648,0.0028104920052647838,0.9614801431192627,13.467609257406329,12.60876523338691,0.002155466239618329,0.8892888471113567,0.9430211276060344
2026-07-25,/vol/bitbucket/osella/rl-qecc-data/supervisedLearning/sweep/mix_66-96_H7_s2.pth,/vol/bitbucket/osella/rl-qecc-data/supervisedLearning/codeEvaluationTrainingData/l_6_m_6,6,6,100000,6,True,0.7707772187892993,0.7673813657591222,0.7737943983732618,0.7707772187892993,0.7673813657591222,0.7737943983732618,100000,0.011238749999999999,0.009740249999999999,0.014984999999999998,0.007742249999999992,0.006493499999999992,0.014485499999999998,0.007742249999999992,0.005993999999999992,0.013486499999999998,1.9728677811193467,0.002472440206676028,0.002421199492065598,0.9878242235122393,13.302216562762943,12.60876523338691,0.0037722535159504396,0.8892888471113567,0.9430211276060344
2026-07-25,/vol/bitbucket/osella/rl-qecc-data/supervisedLearning/sweep/mix_66_H10_s0.pth,/vol/bitbucket/osella/rl-qecc-data/supervisedLearning/codeEvaluationTrainingData/l_6_m_6,6,6,100000,6,True,0.9009552435834047,0.8993720780972498,0.9024706556540064,0.9009552435834047,0.8993720780972498,0.9024706556540064,100000,0.006493499999999999,0.0024974999999999928,0.006493499999999999,0.0024974999999999928,0.0009989999999999999,0.0049949999999999994,0.0019980000000000067,0.00024974999999999303,0.003995999999999993,1.2077018336677552,0.001586631326431355,0.0015863716465715617,0.9831527357401458,12.979315425603367,12.60876523338691,0.0007207960417842774,0.8892888471113567,0.9430211276060344
2026-07-25,/vol/bitbucket/osella/rl-qecc-data/supervisedLearning/sweep/mix_66_H10_s1.pth,/vol/bitbucket/osella/rl-qecc-data/supervisedLearning/codeEvaluationTrainingData/l_6_m_6,6,6,100000,6,True,0.9041388565661249,0.9027030117123319,0.9055966248850392,0.9041388565661249,0.9027030117123319,0.9055966248850392,100000,0.006826499999999999,0.0044954999999999995,0.006826499999999999,0.0049949999999999994,0.0019980000000000067,0.006243749999999999,0.0019980000000000067,0.0007492499999999999,0.0054944999999999924,1.259692028336525,0.0016010302656673742,0.0015638098031953874,0.9831357938437391,12.983719334838323,12.60876523338691,0.003647462317207751,0.8892888471113567,0.9430211276060344
2026-07-25,/vol/bitbucket/osella/rl-qecc-data/supervisedLearning/sweep/mix_66_H10_s2.pth,/vol/bitbucket/osella/rl-qecc-data/supervisedLearning/codeEvaluationTrainingData/l_6_m_6,6,6,100000,6,True,0.893023865751672,0.8913407161011662,0.8946180179940139,0.893023865751672,0.8913407161011662,0.8946180179940139,100000,0.005494499999999999,0.0004995000000000069,0.005494499999999999,0.0009990000000000068,0.0,0.0039959999999999996,0.0009990000000000068,0.0,0.0024974999999999997,1.5496763936781883,0.001669814886881836,0.0016436309825884924,0.9767286068187562,13.00744155316722,12.60876523338691,0.0027781134512895093,0.8892888471113567,0.9430211276060344
2026-07-25,/vol/bitbucket/osella/rl-qecc-data/supervisedLearning/sweep/mix_66_H3_s0.pth,/vol/bitbucket/osella/rl-qecc-data/supervisedLearning/codeEvaluationTrainingData/l_6_m_6,6,6,100000,6,True,0.8890978367742322,0.8872981279753346,0.8909024443073305,0.8890978367742322,0.8872981279753346,0.8909024443073305,100000,0.006493500000000006,0.004995000000000006,0.010988999999999999,0.0039959999999999996,0.0024974999999999928,0.006743249999999999,0.0024974999999999928,0.0012487499999999999,0.005993999999999992,1.2663529618787766,0.0016844532137018022,0.0016861423801647105,0.9722205314975776,13.004309281659834,12.60876523338691,0.0015648433823267627,0.8892888471113567,0.9430211276060344
2026-07-25,/vol/bitbucket/osella/rl-qecc-data/supervisedLearning/sweep/mix_66_H3_s1.pth,/vol/bitbucket/osella/rl-qecc-data/supervisedLearning/codeEvaluationTrainingData/l_6_m_6,6,6,100000,6,True,0.8919169420484797,0.8902508352818537,0.8935818731936392,0.8919169420484797,0.8902508352818537,0.8935818731936392,100000,0.0039959999999999996,0.0027472499999999997,0.005494499999999999,0.003995999999999993,0.0019979999999999998,0.0049949999999999994,0.0029969999999999997,0.00024974999999999303,0.0039959999999999996,1.4016513673019408,0.0016632946857429239,0.0016582697692900865,0.9714454471316794,13.004772775847053,12.60876523338691,0.0016525234246089642,0.8892888471113567,0.9430211276060344
2026-07-25,/vol/bitbucket/osella/rl-qecc-data/supervisedLearning/sweep/mix_66_H3_s2.pth,/vol/bitbucket/osella/rl-qecc-data/supervisedLearning/codeEvaluationTrainingData/l_6_m_6,6,6,100000,6,True,0.9034890137043475,0.9020132411671801,0.9050281027219601,0.9034890137043475,0.9020132411671801,0.9050281027219601,100000,0.0029969999999999927,0.0017482499999999929,0.0054944999999999924,0.0029969999999999927,0.0017482499999999929,0.0039959999999999996,0.0029969999999999927,0.0017482499999999929,0.0039959999999999996,1.3099801047611237,0.0015818093038993655,0.0015643771204470205,0.9871669867927515,12.975155478410597,12.60876523338691,0.0026451258226469843,0.8892888471113567,0.9430211276060344
2026-07-25,/vol/bitbucket/osella/rl-qecc-data/supervisedLearning/sweep/mix_66_H4_s0.pth,/vol/bitbucket/osella/rl-qecc-data/supervisedLearning/codeEvaluationTrainingData/l_6_m_6,6,6,100000,6,True,0.8928865263855784,0.8911665536791736,0.8944944090411019,0.8928865263855784,0.8911665536791736,0.8944944090411019,100000,0.006493499999999999,0.0027472499999999997,0.007991999999999992,0.0019980000000000067,0.0007492500000000069,0.006493499999999999,0.0019980000000000067,0.0004932562500000072,0.005494499999999999,1.5557605896043778,0.0016612354230802972,0.0016484450605510927,0.9902671102273548,13.003393981220182,12.60876523338691,0.0021082021939295903,0.8892888471113567,0.9430211276060344
2026-07-25,/vol/bitbucket/osella/rl-qecc-data/supervisedLearning/sweep/mix_66_H4_s1.pth,/vol/bitbucket/osella/rl-qecc-data/supervisedLearning/codeEvaluationTrainingData/l_6_m_6,6,6,100000,6,True,0.9185944680315283,0.9173136164668293,0.9198135871733535,0.9185944680315283,0.9173136164668293,0.9198135871733535,100000,0.007991999999999999,0.001997999999999993,0.007991999999999999,0.0029969999999999997,0.0017482499999999998,0.006243749999999999,0.0029969999999999997,0.0017482499999999998,0.0049949999999999994,0.8547380946063995,0.0014796902028060444,0.0014506506405495437,0.9633645335071552,12.94684986628694,12.60876523338691,0.002957676682952083,0.8892888471113567,0.9430211276060344
2026-07-25,/vol/bitbucket/osella/rl-qecc-data/supervisedLearning/sweep/mix_66_H4_s2.pth,/vol/bitbucket/osella/rl-qecc-data/supervisedLearning/codeEvaluationTrainingData/l_6_m_6,6,6,100000,6,True,0.902474631806283,0.9010040501987097,0.9039944032041658,0.902474631806283,0.9010040501987097,0.9039944032041658,100000,0.0012487499999999999,0.0,0.0034964999999999996,0.0009990000000000068,0.0,0.0024974999999999997,0.0,0.0,0.0014985000000000068,1.246248916106224,0.0016147666695718627,0.0015818244006973034,0.9789124692042968,12.98824544856738,12.60876523338691,0.0034922224804788166,0.8892888471113567,0.9430211276060344
2026-07-25,/vol/bitbucket/osella/rl-qecc-data/supervisedLearning/sweep/mix_66_H6_s0.pth,/vol/bitbucket/osella/rl-qecc-data/supervisedLearning/codeEvaluationTrainingData/l_6_m_6,6,6,100000,6,True,0.8991923816052204,0.8976318147420732,0.9007524299456036,0.8991923816052204,0.8976318147420732,0.9007524299456036,100000,0.005993999999999999,0.0012487499999999999,0.005993999999999999,0.0012487499999999999,0.0,0.005494499999999999,0.0009990000000000068,0.0,0.0034964999999999996,1.4907875129699708,0.0016040768385914086,0.0016018559506213613,0.9748027901170307,12.990058501502356,12.60876523338691,0.000635085600186138,0.8892888471113567,0.9430211276060344
2026-07-25,/vol/bitbucket/osella/rl-qecc-data/supervisedLearning/sweep/mix_66_H6_s1.pth,/vol/bitbucket/osella/rl-qecc-data/supervisedLearning/codeEvaluationTrainingData/l_6_m_6,6,6,100000,6,True,0.8903492967432629,0.8885143406909545,0.8920176738469268,0.8903492967432629,0.8885143406909545,0.8920176738469268,100000,0.0024974999999999928,0.001248749999999993,0.007492499999999999,0.0024974999999999928,0.001248749999999993,0.006493499999999999,0.0024974999999999928,0.001248749999999993,0.0049949999999999994,1.6272449090480805,0.001667201949623817,0.0016609146893464628,0.9827491957394258,13.007066000030642,12.60876523338691,0.0013433938271154966,0.8892888471113567,0.9430211276060344
2026-07-25,/vol/bitbucket/osella/rl-qecc-data/supervisedLearning/sweep/mix_66_H6_s2.pth,/vol/bitbucket/osella/rl-qecc-data/supervisedLearning/codeEvaluationTrainingData/l_6_m_6,6,6,100000,6,True,0.897670135980205,0.8960416877317373,0.8992497737914111,0.897670135980205,0.8960416877317373,0.8992497737914111,100000,0.005494499999999999,0.000749249999999993,0.008491499999999999,0.0017482499999999998,0.0004994999999999999,0.0054944999999999924,0.0017482499999999998,0.0004994999999999999,0.003995999999999993,1.4722374908924103,0.0016455589434853568,0.0016130537425765692,0.9783781294990116,12.99942048792175,12.60876523338691,0.0032165611826796775,0.8892888471113567,0.9430211276060344
2026-07-25,/vol/bitbucket/osella/rl-qecc-data/supervisedLearning/sweep/mix_66_H7_s0.pth,/vol/bitbucket/osella/rl-qecc-data/supervisedLearning/codeEvaluationTrainingData/l_6_m_6,6,6,100000,6,True,0.9168153795345629,0.9155383145234388,0.918122162900215,0.9168153795345629,0.9155383145234388,0.918122162900215,100000,0.009989999999999999,0.002996999999999986,0.009989999999999999,0.0034965000000000065,0.0019980000000000067,0.005244749999999999,0.0019980000000000067,0.0007492500000000069,0.003995999999999993,0.9553876719427109,0.001497473272174717,0.0014687159227983982,0.9819263578520261,12.952077512397333,12.60876523338691,0.0032451422421041704,0.8892888471113567,0.9430211276060344
2026-07-25,/vol/bitbucket/osella/rl-qecc-data/supervisedLearning/sweep/mix_66_H7_s1.pth,/vol/bitbucket/osella/rl-qecc-data/supervisedLearning/codeEvaluationTrainingData/l_6_m_6,6,6,100000,6,True,0.9018839700038176,0.9003860210325078,0.9034647963762223,0.9018839700038176,0.9003860210325078,0.9034647963762223,100000,0.007991999999999999,0.0039959999999999996,0.007991999999999999,0.0044954999999999995,0.001997999999999993,0.007991999999999999,0.0029969999999999997,0.0017482499999999998,0.0044954999999999995,1.27466396753788,0.00158265638343553,0.0015779886094647853,0.9556589938234513,12.976300777994604,12.60876523338691,0.0015719984021141384,0.8892888471113567,0.9430211276060344
2026-07-25,/vol/bitbucket/osella/rl-qecc-data/supervisedLearning/sweep/mix_66_H7_s2.pth,/vol/bitbucket/osella/rl-qecc-data/supervisedLearning/codeEvaluationTrainingData/l_6_m_6,6,6,100000,6,True,0.9010080966070743,0.8994712644836605,0.9026379831975476,0.9010080966070743,0.8994712644836605,0.9026379831975476,100000,0.006493499999999999,0.0034965000000000065,0.007492499999999999,0.0034965000000000065,0.001997999999999993,0.006493499999999999,0.0024974999999999928,0.0,0.005494499999999999,1.322424712831974,0.0016334946774283535,0.0015906772006340432,0.9808470634846934,12.993012174257629,12.60876523338691,0.0037724744308196153,0.8892888471113567,0.9430211276060344
2026-07-25,/vol/bitbucket/osella/rl-qecc-data/supervisedLearning/sweep/ground_anch_H10_s0.pth,/vol/bitbucket/osella/rl-qecc-data/supervisedLearning/codeEvaluationTrainingData/l_9_m_6,9,6,100000,6,True,0.5276088397495927,0.5226435157049885,0.5326929524901488,0.5093003605583912,0.5005467996869354,0.5191236502806671,37669,0.0049949999999999994,0.0014985000000000068,0.02497500000000001,0.0037462499999999996,0.0012237750000000083,0.006243749999999999,0.0034964999999999927,0.0,0.005993999999999999,2.3163296616506575,0.006319979130611063,0.0044287316586901805,0.9044032994681013,58.81839856101229,47.533232923578275,0.02820828898647368,0.9125583601190178,0.9552792053211552
2026-07-25,/vol/bitbucket/osella/rl-qecc-data/supervisedLearning/sweep/ground_anch_H10_s1.pth,/vol/bitbucket/osella/rl-qecc-data/supervisedLearning/codeEvaluationTrainingData/l_9_m_6,9,6,100000,6,True,0.6512644733005579,0.6473529278557693,0.655285289065846,0.8023085848900774,0.7979561878661174,0.8067753600078499,37669,0.008741249999999999,0.005161500000000006,0.020729249999999998,0.005993999999999999,0.0024975000000000067,0.013030706249999972,0.005993999999999999,0.0024975000000000067,0.008741249999999999,2.314883891415596,0.003940903935312428,0.0038723521976005595,1.1522653394947926,54.25004127674648,47.533232923578275,0.02940756344030873,0.9125583601190178,0.9552792053211552
2026-07-25,/vol/bitbucket/osella/rl-qecc-data/supervisedLearning/sweep/ground_anch_H10_s2.pth,/vol/bitbucket/osella/rl-qecc-data/supervisedLearning/codeEvaluationTrainingData/l_9_m_6,9,6,100000,6,True,0.5854726195215864,0.5811310556375228,0.589984070225708,0.613438712436144,0.6054291061026599,0.6211301541134667,37669,0.018731249999999998,0.0034964999999999927,0.020229749999999998,0.0034964999999999927,0.0,0.018731249999999998,0.001748249999999986,0.0,0.0154969875,2.311955287126303,0.004987312420277466,0.004133717080992543,0.9902585875352724,54.38883526307336,47.533232923578275,0.012145449034390184,0.9125583601190178,0.9552792053211552
2026-07-25,/vol/bitbucket/osella/rl-qecc-data/supervisedLearning/sweep/ground_anch_H3_s0.pth,/vol/bitbucket/osella/rl-qecc-data/supervisedLearning/codeEvaluationTrainingData/l_9_m_6,9,6,100000,6,True,0.5824395921486918,0.5778740459831052,0.586846427073581,0.6170490449915274,0.6093564561716459,0.6244227570834886,37669,0.0037462499999999996,0.0002497500000000069,0.018731249999999998,0.0037462499999999996,0.0002497500000000069,0.017232749999999998,0.0037462499999999996,0.0002497500000000069,0.014735249999999998,2.412136208424568,0.004316175149673954,0.004244083950743297,0.971477851084998,54.05544610007297,47.533232923578275,0.010533344379768515,0.9125583601190178,0.9552792053211552
2026-07-25,/vol/bitbucket/osella/rl-qecc-data/supervisedLearning/sweep/ground_anch_H3_s1.pth,/vol/bitbucket/osella/rl-qecc-data/supervisedLearning/codeEvaluationTrainingData/l_9_m_6,9,6,100000,6,True,0.6224005251093426,0.6182085740247295,0.626763211844853,0.7482193872239803,0.7421653450880853,0.7547750918875987,37669,0.023726250000000004,0.01273725000000002,0.023726250000000004,0.014485500000000005,0.009990000000000013,0.020729249999999998,0.011738249999999999,0.007492500000000013,0.014984999999999998,2.4029875351166727,0.004109942123642504,0.0041257790422530175,0.8540148610429927,55.53812153026782,47.533232923578275,0.02354803161669626,0.9125583601190178,0.9552792053211552
2026-07-25,/vol/bitbucket/osella/rl-qecc-data/supervisedLearning/sweep/ground_anch_H3_s2.pth,/vol/bitbucket/osella/rl-qecc-data/supervisedLearning/codeEvaluationTrainingData/l_9_m_6,9,6,100000,6,True,0.6665759417121384,0.6627773868065274,0.6703706272764508,0.8173794534316564,0.8123484959513559,0.8222964572029382,37669,0.020479499999999998,0.005744250000000013,0.020479499999999998,0.007492499999999999,0.0039959999999999996,0.019230749999999998,0.0057442499999999855,0.0029782687500000075,0.010864124999999988,2.415096721661091,0.003834040423518175,0.0038133000359404762,1.0996160280730378,54.1539747235449,47.533232923578275,0.024849429761296362,0.9125583601190178,0.9552792053211552
2026-07-25,/vol/bitbucket/osella/rl-qecc-data/supervisedLearning/sweep/ground_anch_H4_s0.pth,/vol/bitbucket/osella/rl-qecc-data/supervisedLearning/codeEvaluationTrainingData/l_9_m_6,9,6,100000,6,True,0.5866610593045123,0.5821091989803265,0.5910824455928242,0.6594877387354885,0.6518221368476939,0.6669477059509687,37669,0.023642999999999997,0.006743249999999992,0.027222749999999997,0.006743249999999992,0.0037462500000000135,0.023642999999999997,0.006743249999999992,0.0032467499999999996,0.015734249999999998,2.3795268514156342,0.004194038464673806,0.0041804743466884635,0.8511270713259853,54.93202294727397,47.533232923578275,0.024710169249744222,0.9125583601190178,0.9552792053211552
2026-07-25,/vol/bitbucket/osella/rl-qecc-data/supervisedLearning/sweep/ground_anch_H4_s1.pth,/vol/bitbucket/osella/rl-qecc-data/supervisedLearning/codeEvaluationTrainingData/l_9_m_6,9,6,100000,6,True,0.6683087090563795,0.6646535642031213,0.6721414144540225,0.7477697165567933,0.7411769225862183,0.7545269254516934,37669,0.018481499999999998,0.004995000000000013,0.018481499999999998,0.006743249999999999,0.0032467500000000066,0.014485499999999998,0.005494499999999999,0.0032467500000000066,0.012237749999999999,2.2216776886713503,0.0038660635577777614,0.003784356510082006,1.133838565572326,54.20096455275766,47.533232923578275,0.02654278552187483,0.9125583601190178,0.9552792053211552
2026-07-25,/vol/bitbucket/osella/rl-qecc-data/supervisedLearning/sweep/ground_anch_H4_s2.pth,/vol/bitbucket/osella/rl-qecc-data/supervisedLearning/codeEvaluationTrainingData/l_9_m_6,9,6,100000,6,True,0.6920933110302285,0.6887073893887974,0.6956187196670948,0.83453337482688,0.8305832817675394,0.8386103783515648,37669,0.019230749999999998,0.013985999999999998,0.025724249999999997,0.013985999999999998,0.009240749999999999,0.019230749999999998,0.011738249999999999,0.007242750000000006,0.014485500000000005,2.313523368358612,0.0038052379770053403,0.0036403831523019797,1.040708814413313,54.438697017204255,47.533232923578275,0.03260402917884828,0.9125583601190178,0.9552792053211552
2026-07-25,/vol/bitbucket/osella/rl-qecc-data/supervisedLearning/sweep/ground_anch_H6_s0.pth,/vol/bitbucket/osella/rl-qecc-data/supervisedLearning/codeEvaluationTrainingData/l_9_m_6,9,6,100000,6,True,0.6573524022460208,0.653584666262564,0.6610756948554526,0.7844669457285738,0.7792466435306248,0.7896796731651637,37669,0.006992999999999999,0.003121875000000003,0.018481499999999998,0.005119874999999996,0.0030844125000000053,0.011988000000000006,0.005119874999999996,0.0030844125000000053,0.011238749999999999,2.372050816680193,0.003850753459329541,0.003809664375945244,1.1715783949830205,53.23812639204707,47.533232923578275,0.02015563557170936,0.9125583601190178,0.9552792053211552
2026-07-25,/vol/bitbucket/osella/rl-qecc-data/supervisedLearning/sweep/ground_anch_H6_s1.pth,/vol/bitbucket/osella/rl-qecc-data/supervisedLearning/codeEvaluationTrainingData/l_9_m_6,9,6,100000,6,True,0.6369122656396757,0.6328637536673914,0.641060946236812,0.7165483416508093,0.7106596833003429,0.722856843214073,37669,0.022727249999999997,0.009490500000000006,0.022727249999999997,0.011488499999999999,0.003121875000000003,0.013985999999999998,0.005119874999999996,0.0030844125000000053,0.011738249999999999,2.3511290995061396,0.0039374035768883426,0.003907579842677121,1.0234914591454831,53.0862866980566,47.533232923578275,0.011947284905176611,0.9125583601190178,0.9552792053211552
2026-07-25,/vol/bitbucket/osella/rl-qecc-data/supervisedLearning/sweep/ground_anch_H6_s2.pth,/vol/bitbucket/osella/rl-qecc-data/supervisedLearning/codeEvaluationTrainingData/l_9_m_6,9,6,100000,6,True,0.6244390430176638,0.6202939437111045,0.6285120583204143,0.7289673873552452,0.7229516982897368,0.7352606976323468,37669,0.007492499999999992,0.0039959999999999996,0.017982000000000012,0.007492499999999992,0.0039959999999999996,0.015734250000000012,0.007492499999999992,0.0039959999999999996,0.011238749999999999,2.353642895013094,0.004061725544878975,0.004063863900708636,0.9676074668101996,54.46895601379656,47.533232923578275,0.025776381062419706,0.9125583601190178,0.9552792053211552
2026-07-25,/vol/bitbucket/osella/rl-qecc-data/supervisedLearning/sweep/ground_anch_H7_s0.pth,/vol/bitbucket/osella/rl-qecc-data/supervisedLearning/codeEvaluationTrainingData/l_9_m_6,9,6,100000,6,True,0.6527422077286141,0.6484994434453716,0.6567534995728642,0.4812825481137013,0.47198280590467356,0.49069573932774524,37669,0.001997999999999993,0.0,0.020729249999999998,0.001997999999999993,0.0,0.011488499999999999,0.001997999999999993,0.0,0.008753737499999994,2.148674567838907,0.004051576762474334,0.003956816260417212,1.0149879204095824,55.466492246139914,47.533232923578275,0.009847663598102472,0.9125583601190178,0.9552792053211552
2026-07-25,/vol/bitbucket/osella/rl-qecc-data/supervisedLearning/sweep/ground_anch_H7_s1.pth,/vol/bitbucket/osella/rl-qecc-data/supervisedLearning/codeEvaluationTrainingData/l_9_m_6,9,6,100000,6,True,0.5899826960311296,0.5855784439761234,0.5946871506356015,0.57079495388413,0.5625812265688458,0.5797800113857356,37669,0.008741250000000006,0.006743250000000013,0.019230749999999998,0.008741250000000006,0.006743250000000013,0.019230749999999998,0.008741250000000006,0.006743250000000013,0.012487499999999999,2.250135984711647,0.004477828113772519,0.004260370683619582,0.6782156952215005,56.82665969897881,47.533232923578275,0.0104227225587132,0.9125583601190178,0.9552792053211552
2026-07-25,/vol/bitbucket/osella/rl-qecc-data/supervisedLearning/sweep/ground_anch_H7_s2.pth,/vol/bitbucket/osella/rl-qecc-data/supervisedLearning/codeEvaluationTrainingData/l_9_m_6,9,6,100000,6,True,0.6972748797969525,0.6938290746432195,0.7009462062590274,0.8006947503647732,0.7960048405780067,0.8051858239516358,37669,0.018481499999999998,0.0002497500000000069,0.018481499999999998,0.001997999999999993,0.0,0.013986000000000005,0.0,0.0,0.010489499999999999,2.2438727873516084,0.0037157412253954487,0.0036073319293962055,1.2683682417444357,53.340628765126375,47.533232923578275,0.02346583815975384,0.9125583601190178,0.9552792053211552
2026-07-25,/vol/bitbucket/osella/rl-qecc-data/supervisedLearning/sweep/ground_pure_H10_s0.pth,/vol/bitbucket/osella/rl-qecc-data/supervisedLearning/codeEvaluationTrainingData/l_9_m_6,9,6,100000,6,True,0.5398303797112725,0.5347994674075376,0.544791019856921,0.4963678121420229,0.4872868311115679,0.5065168799032006,37669,0.0049949999999999994,0.0,0.006243749999999999,0.001748249999999986,0.0,0.005993999999999999,0.001748249999999986,0.0,0.0049949999999999994,2.316305929814577,0.005974428285388408,0.004364111880177612,0.9028920798180052,58.050653001670526,47.533232923578275,0.02683750288202406,0.9125583601190178,0.9552792053211552
2026-07-25,/vol/bitbucket/osella/rl-qecc-data/supervisedLearning/sweep/ground_pure_H10_s1.pth,/vol/bitbucket/osella/rl-qecc-data/supervisedLearning/codeEvaluationTrainingData/l_9_m_6,9,6,100000,6,True,0.62944078320961,0.6254253918059063,0.6337836855381617,0.7639784088768959,0.7585822648603114,0.7692316052006586,37669,0.006243749999999999,0.0042457500000000065,0.010239749999999999,0.006243749999999999,0.0024975000000000136,0.008741249999999999,0.005244749999999999,0.0,0.007492499999999999,2.31908026080966,0.004097131321070125,0.0039910234861957,1.2012973278893109,54.74617246374708,47.533232923578275,0.03188317298907418,0.9125583601190178,0.9552792053211552
2026-07-25,/vol/bitbucket/osella/rl-qecc-data/supervisedLearning/sweep/ground_pure_H10_s2.pth,/vol/bitbucket/osella/rl-qecc-data/supervisedLearning/codeEvaluationTrainingData/l_9_m_6,9,6,100000,6,True,0.6037944229278293,0.5995671651637454,0.608206917451143,0.5958269654980396,0.5879070591261526,0.6035887060136318,37669,0.0037462499999999996,0.0002497500000000069,0.014485499999999998,0.001748249999999986,0.0,0.010027462499999971,0.001748249999999986,0.0,0.006993000000000006,2.3552685958504678,0.005579320628469922,0.004024819676016628,1.1779894800173536,54.754032396297845,47.533232923578275,0.019854681352106322,0.9125583601190178,0.9552792053211552
2026-07-25,/vol/bitbucket/osella/rl-qecc-data/supervisedLearning/sweep/ground_pure_H3_s0.pth,/vol/bitbucket/osella/rl-qecc-data/supervisedLearning/codeEvaluationTrainingData/l_9_m_6,9,6,100000,6,True,0.4917845712529206,0.486936267895972,0.496538574438999,0.48648468444259224,0.47829757098691195,0.49421170710417145,37669,0.0037462499999999996,0.0,0.012737249999999999,0.0,0.0,0.007492500000000013,0.0,0.0,0.007492500000000013,2.3627152109003067,0.004907544646747771,0.0044166648534496806,0.7087168307044182,55.35298810370721,47.533232923578275,0.010982428686084752,0.9125583601190178,0.9552792053211552
2026-07-25,/vol/bitbucket/osella/rl-qecc-data/supervisedLearning/sweep/ground_pure_H3_s1.pth,/vol/bitbucket/osella/rl-qecc-data/supervisedLearning/codeEvaluationTrainingData/l_9_m_6,9,6,100000,6,True,0.6630363362935597,0.6589801791974689,0.6670248335840935,0.7182739089746402,0.711170531278763,0.7253427110161711,37669,0.016233749999999998,0.005993999999999999,0.017482499999999998,0.005993999999999999,0.0039960000000000065,0.016233749999999998,0.005993999999999999,0.0039960000000000065,0.015983999999999998,2.4044910254383085,0.003985373646729521,0.0039527701610722644,1.0617212110690994,54.162357252488604,47.533232923578275,0.011492639794262478,0.9125583601190178,0.9552792053211552
2026-07-25,/vol/bitbucket/osella/rl-qecc-data/supervisedLearning/sweep/ground_pure_H3_s2.pth,/vol/bitbucket/osella/rl-qecc-data/supervisedLearning/codeEvaluationTrainingData/l_9_m_6,9,6,100000,6,True,0.6880334996652081,0.6843228111000828,0.6915737817527078,0.8055737350315095,0.8005311644877473,0.8106763856676338,37669,0.019230749999999998,0.009656999999999999,0.021062249999999998,0.007492499999999999,0.005494500000000006,0.019230749999999998,0.007492499999999999,0.0039960000000000065,0.010239749999999999,2.345099409658909,0.003735409210841235,0.003683600570204502,1.1657403212413933,53.77595127841441,47.533232923578275,0.0223887094134491,0.9125583601190178,0.9552792053211552
2026-07-25,/vol/bitbucket/osella/rl-qecc-data/supervisedLearning/sweep/ground_pure_H4_s0.pth,/vol/bitbucket/osella/rl-qecc-data/supervisedLearning/codeEvaluationTrainingData/l_9_m_6,9,6,100000,6,True,0.584985588225906,0.5806657920584071,0.5895282027306367,0.5465237452084117,0.5387040855702495,0.5547135516402891,37669,0.029220749999999997,0.017732250000000012,0.030719249999999997,0.019730250000000005,0.016233750000000012,0.029220749999999997,0.018980999999999998,0.01597151250000002,0.02172825000000001,2.354781400444508,0.005299842592966025,0.00416443475250513,0.7059155261877751,58.1621370290753,47.533232923578275,0.04021903867504395,0.9125583601190178,0.9552792053211552
2026-07-25,/vol/bitbucket/osella/rl-qecc-data/supervisedLearning/sweep/ground_pure_H4_s1.pth,/vol/bitbucket/osella/rl-qecc-data/supervisedLearning/codeEvaluationTrainingData/l_9_m_6,9,6,100000,6,True,0.6753748595148265,0.6719965979316507,0.6790736282532711,0.6910649293700929,0.6837717394194187,0.6989758310442858,37669,0.018481499999999998,0.010483256250000014,0.018980999999999998,0.011738249999999999,0.0037462500000000065,0.018481499999999998,0.0054944999999999924,0.0034964999999999996,0.011738249999999999,2.2089378128683568,0.0037792247553303424,0.003754534279753922,1.1015973290203818,53.537004950596575,47.533232923578275,0.016061143173373572,0.9125583601190178,0.9552792053211552
2026-07-25,/vol/bitbucket/osella/rl-qecc-data/supervisedLearning/sweep/ground_pure_H4_s2.pth,/vol/bitbucket/osella/rl-qecc-data/supervisedLearning/codeEvaluationTrainingData/l_9_m_6,9,6,100000,6,True,0.7079566086698657,0.7046968151700187,0.7115492427412873,0.8161919773832107,0.8119104468299335,0.8200769392251919,37669,0.023726249999999997,0.01398600000000002,0.023726249999999997,0.014735249999999998,0.009990000000000013,0.019230749999999998,0.011738249999999999,0.008241750000000006,0.015734250000000005,2.3045052455043793,0.003750112202175935,0.003534966019936652,1.0417557314591763,54.0521940685586,47.533232923578275,0.03268800385884285,0.9125583601190178,0.9552792053211552
2026-07-25,/vol/bitbucket/osella/rl-qecc-data/supervisedLearning/sweep/ground_pure_H6_s0.pth,/vol/bitbucket/osella/rl-qecc-data/supervisedLearning/codeEvaluationTrainingData/l_9_m_6,9,6,100000,6,True,0.6580693376623069,0.6542604644538184,0.661871203244935,0.7380292942019411,0.7323872951503527,0.7439434242591006,37669,0.006992999999999999,0.003121875000000003,0.018481499999999998,0.005119874999999996,0.0030844125000000053,0.011238749999999999,0.005119874999999996,0.0030844125000000053,0.011238749999999999,2.301453242559433,0.0038313620898445273,0.0037793831972174298,1.1787063655854315,53.29582509280997,47.533232923578275,0.01864006800435989,0.9125583601190178,0.9552792053211552
2026-07-25,/vol/bitbucket/osella/rl-qecc-data/supervisedLearning/sweep/ground_pure_H6_s1.pth,/vol/bitbucket/osella/rl-qecc-data/supervisedLearning/codeEvaluationTrainingData/l_9_m_6,9,6,100000,6,True,0.660574102697477,0.65653945018066,0.6646301160644091,0.6899896032942614,0.6833518431658911,0.6965018902209918,37669,0.011488499999999999,0.004995000000000006,0.022727249999999997,0.006743249999999992,0.0032467499999999996,0.011738249999999999,0.006743249999999992,0.0032467499999999996,0.011488499999999999,2.345003774329424,0.0039050109483464474,0.0037352499820112427,1.0882316596844814,52.642223976344546,47.533232923578275,0.006934183082956481,0.9125583601190178,0.9552792053211552
2026-07-25,/vol/bitbucket/osella/rl-qecc-data/supervisedLearning/sweep/ground_pure_H6_s2.pth,/vol/bitbucket/osella/rl-qecc-data/supervisedLearning/codeEvaluationTrainingData/l_9_m_6,9,6,100000,6,True,0.6386954774817183,0.6347248551316453,0.642739958914882,0.7039485170704249,0.6975348156714027,0.7104078411401501,37669,0.007492499999999992,0.0039959999999999996,0.019730249999999998,0.007492499999999992,0.0039959999999999996,0.016483499999999998,0.005993999999999999,0.0037462500000000065,0.011238749999999999,2.326377839320898,0.003979468048227549,0.003961613352237393,1.0961399779592715,53.83295307768244,47.533232923578275,0.022294581142000447,0.9125583601190178,0.9552792053211552
2026-07-25,/vol/bitbucket/osella/rl-qecc-data/supervisedLearning/sweep/ground_pure_H7_s0.pth,/vol/bitbucket/osella/rl-qecc-data/supervisedLearning/codeEvaluationTrainingData/l_9_m_6,9,6,100000,6,True,0.6445716657330947,0.6400885087469631,0.648762196728545,0.4267873119211351,0.41740385436968735,0.4363943278908438,37669,0.001997999999999993,0.0,0.020729249999999998,0.001997999999999993,0.0,0.005244749999999999,0.001997999999999993,0.0,0.0037462499999999857,2.1273611798548697,0.004158577423761212,0.00403582195170627,0.9567325461573696,56.39758096296863,47.533232923578275,0.005953095996159822,0.9125583601190178,0.9552792053211552
2026-07-25,/vol/bitbucket/osella/rl-qecc-data/supervisedLearning/sweep/ground_pure_H7_s1.pth,/vol/bitbucket/osella/rl-qecc-data/supervisedLearning/codeEvaluationTrainingData/l_9_m_6,9,6,100000,6,True,0.6164385357673081,0.61184418678763,0.6213206309330885,0.5557772588949061,0.5473713667660982,0.565098162956139,37669,0.019230749999999998,0.008722518750000007,0.019230749999999998,0.008741250000000006,0.0018315000000000067,0.011488499999999999,0.0035797499999999927,8.324999999999999e-05,0.011488499999999999,2.239147777878046,0.004386956334128899,0.0042546377299121085,0.6660628862724147,58.212323701846586,47.533232923578275,0.015367021802592041,0.9125583601190178,0.9552792053211552
2026-07-25,/vol/bitbucket/osella/rl-qecc-data/supervisedLearning/sweep/ground_pure_H7_s2.pth,/vol/bitbucket/osella/rl-qecc-data/supervisedLearning/codeEvaluationTrainingData/l_9_m_6,9,6,100000,6,True,0.7061926992510389,0.7028842744667734,0.7098305172655172,0.7711506212408696,0.7660330277924873,0.7761664857523194,37669,0.018980999999999998,0.0,0.018980999999999998,0.0,0.0,0.015771712499999972,0.0,0.0,0.007492500000000013,2.2187948697066306,0.0036864430853568997,0.0035444438354539694,1.3310303755630024,52.82235194348423,47.533232923578275,0.019496891789419293,0.9125583601190178,0.9552792053211552
2026-07-25,/vol/bitbucket/osella/rl-qecc-data/supervisedLearning/sweep/mix_66-96-126-153_H10_s0.pth,/vol/bitbucket/osella/rl-qecc-data/supervisedLearning/codeEvaluationTrainingData/l_9_m_6,9,6,100000,6,True,0.6724215044388014,0.6686182420493569,0.6759959219177881,0.7828628929038575,0.7773429142052748,0.7878830723944104,37669,0.026223749999999997,0.0047452499999999995,0.026723249999999997,0.006743249999999992,0.0032467499999999996,0.02447550000000001,0.006743249999999992,0.0032467499999999996,0.015234749999999998,2.5344352524113654,0.004004665070908819,0.003698364482394988,1.0806949695650474,50.66180336728261,47.533232923578275,0.004329814807457672,0.9125583601190178,0.9552792053211552
2026-07-25,/vol/bitbucket/osella/rl-qecc-data/supervisedLearning/sweep/mix_66-96-126-153_H10_s1.pth,/vol/bitbucket/osella/rl-qecc-data/supervisedLearning/codeEvaluationTrainingData/l_9_m_6,9,6,100000,6,True,0.6136946960711729,0.6094590576916502,0.617638896720722,0.7743671450468778,0.7687315709849074,0.779648643441745,37669,0.024225749999999997,0.0,0.024225749999999997,0.001748249999999986,0.0,0.014485499999999998,0.001748249999999986,0.0,0.005263481249999982,2.7867404159760474,0.004754010493528393,0.004016428571830847,1.1209353018941963,51.39549557045007,47.533232923578275,0.001640879982302658,0.9125583601190178,0.9552792053211552
2026-07-25,/vol/bitbucket/osella/rl-qecc-data/supervisedLearning/sweep/mix_66-96-126-153_H10_s2.pth,/vol/bitbucket/osella/rl-qecc-data/supervisedLearning/codeEvaluationTrainingData/l_9_m_6,9,6,100000,6,True,0.6525870687146186,0.6485699229774786,0.6563622384830498,0.7503144623476623,0.7439982002859701,0.755763682422402,37669,0.021728249999999998,0.018229668750000004,0.028227993749999993,0.017732249999999998,0.014735250000000005,0.028221749999999997,0.016733249999999998,0.013986000000000012,0.021728249999999998,2.6239281520164015,0.0046428895215861405,0.0037564949949084312,1.175822179355379,51.0007119674223,47.533232923578275,0.0037055226880147733,0.9125583601190178,0.9552792053211552
2026-07-25,/vol/bitbucket/osella/rl-qecc-data/supervisedLearning/sweep/mix_66-96-126-153_H3_s0.pth,/vol/bitbucket/osella/rl-qecc-data/supervisedLearning/codeEvaluationTrainingData/l_9_m_6,9,6,100000,6,True,0.7045421719959362,0.701017132800622,0.7080669635982164,0.7895176337355846,0.7850152405391916,0.7943696230709475,37669,0.014235749999999998,0.0017482500000000067,0.014235749999999998,0.0037462499999999996,0.001748249999999986,0.010988999999999999,0.0037462499999999857,0.0,0.006743249999999999,2.366564350898266,0.0038962784761200587,0.003482678705208033,1.0414460484102965,50.08298190416408,47.533232923578275,0.0013183140529785533,0.9125583601190178,0.9552792053211552
2026-07-25,/vol/bitbucket/osella/rl-qecc-data/supervisedLearning/sweep/mix_66-96-126-153_H3_s1.pth,/vol/bitbucket/osella/rl-qecc-data/supervisedLearning/codeEvaluationTrainingData/l_9_m_6,9,6,100000,6,True,0.6923827343521282,0.6886562138493593,0.69594457833494,0.7515233040562714,0.7457626773763494,0.7567958050941961,37669,0.014984999999999998,0.0029970000000000066,0.016982999999999998,0.0049949999999999994,0.0014985000000000068,0.01128245624999996,0.0049949999999999994,0.0014985000000000068,0.010988999999999999,2.4053663894307613,0.004198556660479269,0.0035646282882830695,1.1762176583556816,50.4404727850703,47.533232923578275,0.0016395064416712926,0.9125583601190178,0.9552792053211552
2026-07-25,/vol/bitbucket/osella/rl-qecc-data/supervisedLearning/sweep/mix_66-96-126-153_H3_s2.pth,/vol/bitbucket/osella/rl-qecc-data/supervisedLearning/codeEvaluationTrainingData/l_9_m_6,9,6,100000,6,True,0.7111476951108121,0.7078420388421419,0.7149003852669729,0.7653880723024588,0.7603178773841165,0.770538112421274,37669,0.01698299999999999,0.011738250000000013,0.026723249999999997,0.013486499999999998,0.010739250000000013,0.01923075000000001,0.013486499999999998,0.009906749999999999,0.01698299999999999,2.33726781093359,0.0040667616159660615,0.0034139100845555085,1.1505221573088196,50.10670000693892,47.533232923578275,0.003944828948838429,0.9125583601190178,0.9552792053211552
2026-07-25,/vol/bitbucket/osella/rl-qecc-data/supervisedLearning/sweep/mix_66-96-126-153_H4_s0.pth,/vol/bitbucket/osella/rl-qecc-data/supervisedLearning/codeEvaluationTrainingData/l_9_m_6,9,6,100000,6,True,0.6774670985548397,0.6737597416286638,0.6810337322299496,0.8043866335411793,0.7997620268783329,0.8087492570518364,37669,0.009490499999999999,0.0019979999999999998,0.0474525,0.001748249999999986,0.0,0.009490499999999999,0.001748249999999986,0.0,0.003746249999999986,2.5560518910884857,0.004087967239250741,0.0036507219609067353,1.0572185536897054,50.33083755736021,47.533232923578275,0.001618338962812014,0.9125583601190178,0.9552792053211552
2026-07-25,/vol/bitbucket/osella/rl-qecc-data/supervisedLearning/sweep/mix_66-96-126-153_H4_s1.pth,/vol/bitbucket/osella/rl-qecc-data/supervisedLearning/codeEvaluationTrainingData/l_9_m_6,9,6,100000,6,True,0.7131192081163297,0.7095468649132913,0.7165902656433221,0.776436449070272,0.7709089224481999,0.7813124571977412,37669,0.016733249999999998,0.0019979999999999998,0.016733249999999998,0.0037462499999999857,0.00024974999999999303,0.011238749999999999,0.0037462499999999857,0.00024974999999999303,0.011238749999999999,2.3352062916231153,0.003914708813230412,0.003423524830098943,1.0989827446126674,50.130418283427545,47.533232923578275,0.0009442980306559793,0.9125583601190178,0.9552792053211552
2026-07-25,/vol/bitbucket/osella/rl-qecc-data/supervisedLearning/sweep/mix_66-96-126-153_H4_s2.pth,/vol/bitbucket/osella/rl-qecc-data/supervisedLearning/codeEvaluationTrainingData/l_9_m_6,9,6,100000,6,True,0.711609957337353,0.7081058195114086,0.7151078283196428,0.7680212226434774,0.7631886548403066,0.7730634903081046,37669,0.001748249999999986,0.0,0.007492499999999999,0.001748249999999986,0.0,0.007492499999999999,0.001748249999999986,0.0,0.0049949999999999994,2.3977157106900213,0.0037431413301259597,0.0034113651099826354,1.0351351703323834,50.06742609667271,47.533232923578275,0.0011845216307353316,0.9125583601190178,0.9552792053211552
2026-07-25,/vol/bitbucket/osella/rl-qecc-data/supervisedLearning/sweep/mix_66-96-126-153_H6_s0.pth,/vol/bitbucket/osella/rl-qecc-data/supervisedLearning/codeEvaluationTrainingData/l_9_m_6,9,6,100000,6,True,0.6066791118256215,0.6023410164350668,0.6110619696591604,0.7527649898595248,0.7463767353934462,0.7584760215925076,37669,0.030719249999999997,0.012980756250000013,0.036213749999999996,0.014735249999999998,0.011238750000000006,0.030719249999999997,0.014735249999999998,0.011238750000000006,0.016733249999999998,2.752829829132557,0.00468874297098956,0.00405236741582766,1.1147199725204635,51.51914453271032,47.533232923578275,0.0009172118945097771,0.9125583601190178,0.9552792053211552
2026-07-25,/vol/bitbucket/osella/rl-qecc-data/supervisedLearning/sweep/mix_66-96-126-153_H6_s1.pth,/vol/bitbucket/osella/rl-qecc-data/supervisedLearning/codeEvaluationTrainingData/l_9_m_6,9,6,100000,6,True,0.6710275189641413,0.6673255442643857,0.6749592761174309,0.8070190715602831,0.8022755377174638,0.8116110703927809,37669,0.04220775,0.0049949999999999994,0.04220775,0.0049949999999999994,0.0014984999999999998,0.035214749999999996,0.0034964999999999927,1.3877787807814457e-17,0.006243749999999999,2.522417052075863,0.004205402577286883,0.003707642981795936,1.0736593214659338,50.47474264131739,47.533232923578275,0.0012879149562994845,0.9125583601190178,0.9552792053211552
2026-07-25,/vol/bitbucket/osella/rl-qecc-data/supervisedLearning/sweep/mix_66-96-126-153_H6_s2.pth,/vol/bitbucket/osella/rl-qecc-data/supervisedLearning/codeEvaluationTrainingData/l_9_m_6,9,6,100000,6,True,0.7134083721037849,0.7099118574821,0.7171751789300714,0.7518674037030435,0.746161181573229,0.7575816385878232,37669,0.0037462499999999996,0.0017482500000000067,0.04395600000000001,0.0037462499999999996,0.00041624999999999995,0.015734250000000005,0.0037462499999999996,0.0,0.009740249999999999,2.3146863173079493,0.0036586094465915725,0.0033503262771552313,1.0252979334775925,49.95578324496031,47.533232923578275,0.0012500502644791417,0.9125583601190178,0.9552792053211552
2026-07-25,/vol/bitbucket/osella/rl-qecc-data/supervisedLearning/sweep/mix_66-96-126-153_H7_s0.pth,/vol/bitbucket/osella/rl-qecc-data/supervisedLearning/codeEvaluationTrainingData/l_9_m_6,9,6,100000,6,True,0.7186622021506265,0.7152074277005707,0.7220873121892134,0.7478098248912145,0.7423172260398271,0.7530935024492275,37669,0.030219749999999997,0.015234750000000012,0.030219749999999997,0.016982999999999998,0.013403250000000005,0.021728249999999998,0.015234749999999998,0.012225262500000006,0.017232749999999998,2.3367354448914526,0.003704775295069277,0.0033829403262049308,1.103397990355532,50.106693362438136,47.533232923578275,0.0027128869850839023,0.9125583601190178,0.9552792053211552
2026-07-25,/vol/bitbucket/osella/rl-qecc-data/supervisedLearning/sweep/mix_66-96-126-153_H7_s1.pth,/vol/bitbucket/osella/rl-qecc-data/supervisedLearning/codeEvaluationTrainingData/l_9_m_6,9,6,100000,6,True,0.6553144943980272,0.6512068898607879,0.6590735024104106,0.7771546787199916,0.7718254435907961,0.7819526889438229,37669,0.015484499999999998,0.013486500000000005,0.023226749999999997,0.015484499999999998,0.013486500000000005,0.022477499999999997,0.015484499999999998,0.011738250000000013,0.018231749999999998,2.5806553441381452,0.0049016142195773505,0.0037951923153103978,1.0969656042389115,51.02115529186497,47.533232923578275,0.008426561170738372,0.9125583601190178,0.9552792053211552
2026-07-25,/vol/bitbucket/osella/rl-qecc-data/supervisedLearning/sweep/mix_66-96-126-153_H7_s2.pth,/vol/bitbucket/osella/rl-qecc-data/supervisedLearning/codeEvaluationTrainingData/l_9_m_6,9,6,100000,6,True,0.7089463319841944,0.705431099108022,0.7124981898887321,0.7882232133718691,0.783527955390052,0.7930994478309549,37669,0.009490499999999999,0.0,0.0474525,0.001748249999999986,0.0,0.007492500000000006,0.001748249999999986,0.0,0.005244749999999999,2.386439116039276,0.003930196489668628,0.0034420448691508563,1.0491800711428763,50.09583381978007,47.533232923578275,0.0013539188315550973,0.9125583601190178,0.9552792053211552
2026-07-25,/vol/bitbucket/osella/rl-qecc-data/supervisedLearning/sweep/mix_66-96-126_H10_s0.pth,/vol/bitbucket/osella/rl-qecc-data/supervisedLearning/codeEvaluationTrainingData/l_9_m_6,9,6,100000,6,True,0.5620435644071352,0.5576649731916273,0.5666143306469142,0.6989974286856715,0.6916428255623787,0.705279080770477,37669,0.018980999999999998,0.014466768750000006,0.028721249999999997,0.015484499999999998,0.012903750000000005,0.025238510330578508,0.015484499999999998,0.011988000000000006,0.018980999999999998,2.7781209548902512,0.0050565956723338185,0.004236983595776413,1.3393018709743079,52.05068846599059,47.533232923578275,0.003416223572209201,0.9125583601190178,0.9552792053211552
2026-07-25,/vol/bitbucket/osella/rl-qecc-data/supervisedLearning/sweep/mix_66-96-126_H10_s1.pth,/vol/bitbucket/osella/rl-qecc-data/supervisedLearning/codeEvaluationTrainingData/l_9_m_6,9,6,100000,6,True,0.5651314095298564,0.5607691410516371,0.5699098699407033,0.7046566446385168,0.6974304493870025,0.7108236418831383,37669,0.04670325,0.015984000000000005,0.04670325,0.017981999999999998,0.014652000000000005,0.026223749999999997,0.017981999999999998,0.014652000000000005,0.020229749999999998,2.8119853940343855,0.005322861511150125,0.00420263651779598,1.2136141563273497,51.963948709961464,47.533232923578275,0.0034711989912205215,0.9125583601190178,0.9552792053211552
2026-07-25,/vol/bitbucket/osella/rl-qecc-data/supervisedLearning/sweep/mix_66-96-126_H10_s2.pth,/vol/bitbucket/osella/rl-qecc-data/supervisedLearning/codeEvaluationTrainingData/l_9_m_6,9,6,100000,6,True,0.6069707914406981,0.6026470444193842,0.6109362797916364,0.7572930708196196,0.7510411112549313,0.7627148817797644,37669,0.017232749999999998,0.015234750000000005,0.03446550000000002,0.017232749999999998,0.013736250000000005,0.022477499999999997,0.015983999999999998,0.013467768750000006,0.019230749999999998,2.74478379832983,0.005115148469904852,0.004051203376819098,1.2218808333365254,51.716150445446466,47.533232923578275,0.002744869380221074,0.9125583601190178,0.9552792053211552
2026-07-25,/vol/bitbucket/osella/rl-qecc-data/supervisedLearning/sweep/mix_66-96-126_H3_s0.pth,/vol/bitbucket/osella/rl-qecc-data/supervisedLearning/codeEvaluationTrainingData/l_9_m_6,9,6,100000,6,True,0.7122468038859545,0.708633622955853,0.7155805676307269,0.7668559536201554,0.7613041736362353,0.7721935177100417,37669,0.0037462499999999996,0.0,0.009740250000000006,0.001748249999999986,0.0,0.005993999999999999,0.001748249999999986,0.0,0.0049949999999999994,2.3650534743523597,0.0037814627949861544,0.003417330769132355,1.128656937605912,50.2499358690619,47.533232923578275,0.0038007347238377303,0.9125583601190178,0.9552792053211552
2026-07-25,/vol/bitbucket/osella/rl-qecc-data/supervisedLearning/sweep/mix_66-96-126_H3_s1.pth,/vol/bitbucket/osella/rl-qecc-data/supervisedLearning/codeEvaluationTrainingData/l_9_m_6,9,6,100000,6,True,0.5990535284137002,0.594855860619139,0.6031548540515667,0.7569955947202164,0.7507176390425208,0.7622906726316315,37669,0.023726249999999997,0.008741250000000013,0.027722250000000007,0.010489499999999999,0.006993000000000006,0.023226750000000004,0.010489499999999999,0.006993000000000006,0.013985999999999991,2.7565010409259796,0.00505221154524467,0.0041048380054855595,1.2098654566821827,51.61599412100691,47.533232923578275,0.0021441841870257702,0.9125583601190178,0.9552792053211552
2026-07-25,/vol/bitbucket/osella/rl-qecc-data/supervisedLearning/sweep/mix_66-96-126_H3_s2.pth,/vol/bitbucket/osella/rl-qecc-data/supervisedLearning/codeEvaluationTrainingData/l_9_m_6,9,6,100000,6,True,0.677942961215121,0.6742238405013415,0.6815573146101487,0.7908315516344461,0.7859590131142143,0.7957230654218092,37669,0.018606374999999994,0.0027472499999999997,0.024725249999999997,0.004495499999999986,0.0,0.018606374999999994,0.0,0.0,0.009490500000000006,2.4382430867528915,0.004257844514474883,0.0037020381582165054,1.1308673525072306,50.683085200037084,47.533232923578275,0.001102104614068527,0.9125583601190178,0.9552792053211552
2026-07-25,/vol/bitbucket/osella/rl-qecc-data/supervisedLearning/sweep/mix_66-96-126_H4_s0.pth,/vol/bitbucket/osella/rl-qecc-data/supervisedLearning/codeEvaluationTrainingData/l_9_m_6,9,6,100000,6,True,0.5615933593693847,0.5570906598055866,0.5664251241113631,0.7165605691365371,0.7097065634674713,0.7227960088157923,37669,0.019480499999999998,0.017482500000000005,0.031218749999999997,0.019480499999999998,0.015734250000000012,0.022976999999999997,0.016982999999999998,0.014985000000000005,0.021728249999999998,2.8178611150360107,0.004830666621157785,0.004239161213974197,1.2036017268252894,51.90899522495291,47.533232923578275,0.0042772323818266065,0.9125583601190178,0.9552792053211552
2026-07-25,/vol/bitbucket/osella/rl-qecc-data/supervisedLearning/sweep/mix_66-96-126_H4_s1.pth,/vol/bitbucket/osella/rl-qecc-data/supervisedLearning/codeEvaluationTrainingData/l_9_m_6,9,6,100000,6,True,0.6073957609285121,0.6031113929481162,0.6115419630359777,0.7617299815348625,0.7555379694111832,0.7669520288283073,37669,0.026723249999999997,0.02047950000000001,0.034964999999999996,0.022227749999999998,0.018731250000000005,0.026723249999999997,0.022227749999999998,0.013986000000000012,0.024725250000000004,2.7399640050172804,0.004921061393322097,0.004071276098920177,1.2487976966718097,51.6334498947829,47.533232923578275,0.001777647518662322,0.9125583601190178,0.9552792053211552
2026-07-25,/vol/bitbucket/osella/rl-qecc-data/supervisedLearning/sweep/mix_66-96-126_H4_s2.pth,/vol/bitbucket/osella/rl-qecc-data/supervisedLearning/codeEvaluationTrainingData/l_9_m_6,9,6,100000,6,True,0.5779455319630832,0.5735256414096367,0.5825943691303466,0.7097318887028412,0.7025985066942726,0.7160650410648536,37669,0.021977999999999998,0.018398250000000005,0.030971675892857136,0.021228749999999998,0.013736250000000012,0.021977999999999998,0.015484499999999998,0.013486500000000005,0.021478499999999998,2.7225110540723803,0.005133509338764496,0.004160099905138596,1.2515944003614967,51.84557333027059,47.533232923578275,0.001889110612504663,0.9125583601190178,0.9552792053211552
2026-07-25,/vol/bitbucket/osella/rl-qecc-data/supervisedLearning/sweep/mix_66-96-126_H6_s0.pth,/vol/bitbucket/osella/rl-qecc-data/supervisedLearning/codeEvaluationTrainingData/l_9_m_6,9,6,100000,6,True,0.7095850197907475,0.7061673399697096,0.713025331809545,0.7765408514728686,0.7718926032289992,0.781585783133367,37669,0.005244749999999999,0.0,0.00600024375,0.001748249999999986,0.0,0.005244749999999999,0.001748249999999986,0.0,0.0037462499999999857,2.3353308967757225,0.0040686619274375065,0.003418791310379618,1.165586198598981,50.14229373128303,47.533232923578275,0.0028925670977923055,0.9125583601190178,0.9552792053211552
2026-07-25,/vol/bitbucket/osella/rl-qecc-data/supervisedLearning/sweep/mix_66-96-126_H6_s1.pth,/vol/bitbucket/osella/rl-qecc-data/supervisedLearning/codeEvaluationTrainingData/l_9_m_6,9,6,100000,6,True,0.5672600909745805,0.5629003075313056,0.5719736834715475,0.6992775914062257,0.6918205348993886,0.7055811866287902,37669,0.024725249999999997,0.021226668750000004,0.028721249999999997,0.022976999999999997,0.019480500000000005,0.026223749999999997,0.021478499999999998,0.018231750000000005,0.024725249999999997,2.7776076025652885,0.005281276913234819,0.00419536199658588,1.270720984703879,52.01523808171594,47.533232923578275,0.0027672339410290464,0.9125583601190178,0.9552792053211552
2026-07-25,/vol/bitbucket/osella/rl-qecc-data/supervisedLearning/sweep/mix_66-96-126_H6_s2.pth,/vol/bitbucket/osella/rl-qecc-data/supervisedLearning/codeEvaluationTrainingData/l_9_m_6,9,6,100000,6,True,0.7405049120770916,0.7371319647503791,0.7438176011024213,0.7893490440794422,0.7848013742470084,0.7941437025911147,37669,0.024725249999999997,0.0,0.03321675,0.0,0.0,0.02297700000000001,0.0,0.0,0.0034965000000000135,2.180012002968788,0.0038217256187959557,0.003212198926268394,1.081369750619789,49.726687442786094,47.533232923578275,0.004142156151353664,0.9125583601190178,0.9552792053211552
2026-07-25,/vol/bitbucket/osella/rl-qecc-data/supervisedLearning/sweep/mix_66-96-126_H7_s0.pth,/vol/bitbucket/osella/rl-qecc-data/supervisedLearning/codeEvaluationTrainingData/l_9_m_6,9,6,100000,6,True,0.604578523550436,0.6003200191519774,0.6087718502145478,0.7524264155630404,0.7459541524826822,0.7577279159468489,37669,0.019480499999999998,0.013236750000000012,0.025224749999999997,0.014984999999999998,0.011738250000000006,0.020729249999999998,0.014984999999999998,0.011488500000000006,0.015984000000000012,2.7410489928102493,0.005256805139503671,0.004061802112945299,1.2568542979472317,51.641551429591836,47.533232923578275,0.004505851459689695,0.9125583601190178,0.9552792053211552
2026-07-25,/vol/bitbucket/osella/rl-qecc-data/supervisedLearning/sweep/mix_66-96-126_H7_s1.pth,/vol/bitbucket/osella/rl-qecc-data/supervisedLearning/codeEvaluationTrainingData/l_9_m_6,9,6,100000,6,True,0.5676958078317105,0.5633251951232142,0.5723972040837579,0.7093758825992799,0.7024075755875632,0.7153413553973174,37669,0.029720249999999997,0.020979000000000005,0.030968999999999997,0.022477499999999997,0.018481500000000012,0.029720249999999997,0.020229749999999998,0.017232750000000012,0.024725249999999997,2.7777702508449553,0.0050006484382057485,0.004207616256184274,1.290148148296718,51.984450972240246,47.533232923578275,0.002384749938718518,0.9125583601190178,0.9552792053211552
2026-07-25,/vol/bitbucket/osella/rl-qecc-data/supervisedLearning/sweep/mix_66-96-126_H7_s2.pth,/vol/bitbucket/osella/rl-qecc-data/supervisedLearning/codeEvaluationTrainingData/l_9_m_6,9,6,100000,6,True,0.7134531020307586,0.709713010944755,0.7167835350306612,0.7597581448534094,0.7538196152438498,0.7650399801806604,37669,0.009490499999999999,0.005994000000000006,0.015234749999999998,0.008491499999999999,0.0034965000000000135,0.010864124999999988,0.0037462499999999857,0.0017482499999999926,0.009490499999999999,2.413455836417675,0.004176899832939086,0.003403328654231812,1.237496088217967,50.434707291984886,47.533232923578275,0.0026224240561222444,0.9125583601190178,0.9552792053211552
2026-07-25,/vol/bitbucket/osella/rl-qecc-data/supervisedLearning/sweep/mix_66-96_H10_s0.pth,/vol/bitbucket/osella/rl-qecc-data/supervisedLearning/codeEvaluationTrainingData/l_9_m_6,9,6,100000,6,True,0.7246473158227531,0.7211781188584463,0.7280571134965256,0.7243671767368606,0.7185537940123183,0.7303270164287066,37669,0.026972999999999997,0.007992000000000013,0.0474525,0.009740249999999999,0.005994000000000006,0.03322299375,0.009490499999999999,0.0014984999999999998,0.011488500000000013,2.2564731003284453,0.0037882345956731854,0.0032965244369607934,1.1927779883802943,50.14969537346387,47.533232923578275,0.0016176306843510577,0.9125583601190178,0.9552792053211552
2026-07-25,/vol/bitbucket/osella/rl-qecc-data/supervisedLearning/sweep/mix_66-96_H10_s1.pth,/vol/bitbucket/osella/rl-qecc-data/supervisedLearning/codeEvaluationTrainingData/l_9_m_6,9,6,100000,6,True,0.6875152299938351,0.6837559586695494,0.691331677632777,0.7096098671643124,0.7032627141262271,0.7156967511326453,37669,0.023726249999999997,0.01723275000000002,0.03771225,0.018981000000000005,0.016458525000000012,0.02497500000000001,0.018981000000000005,0.015484500000000012,0.021728249999999998,2.403816533076763,0.004209061614600758,0.0035419853407445147,1.2524578001048607,50.81521565548724,47.533232923578275,0.0009710860085018658,0.9125583601190178,0.9552792053211552
2026-07-25,/vol/bitbucket/osella/rl-qecc-data/supervisedLearning/sweep/mix_66-96_H10_s2.pth,/vol/bitbucket/osella/rl-qecc-data/supervisedLearning/codeEvaluationTrainingData/l_9_m_6,9,6,100000,6,True,0.7722882853343953,0.7693269935219581,0.7755325430455995,0.7577655744942781,0.7524610504163669,0.7633909897456124,37669,0.0037462499999999996,0.0002497500000000069,0.006743249999999999,0.0037462499999999996,0.0,0.005244749999999999,0.001997999999999993,0.0,0.0049949999999999994,2.198504311246872,0.003297808819078948,0.0029818264073144547,1.0378391830986946,49.364911776312745,47.533232923578275,0.0015667512781710796,0.9125583601190178,0.9552792053211552
2026-07-25,/vol/bitbucket/osella/rl-qecc-data/supervisedLearning/sweep/mix_66-96_H3_s0.pth,/vol/bitbucket/osella/rl-qecc-data/supervisedLearning/codeEvaluationTrainingData/l_9_m_6,9,6,100000,6,True,0.7802835049363193,0.7774357835508259,0.7830929115580392,0.7631513138049691,0.7580816305466511,0.7682958101647843,37669,0.006493499999999999,0.0017482499999999998,0.017981999999999998,0.0037462499999999926,0.00024974999999999997,0.008491500000000013,0.0037462499999999926,0.00024974999999999997,0.007492499999999999,2.228297457473278,0.0032937036867194736,0.0029734290215223296,1.014688813302022,49.39987701324568,47.533232923578275,0.0010031080440576396,0.9125583601190178,0.9552792053211552
2026-07-25,/vol/bitbucket/osella/rl-qecc-data/supervisedLearning/sweep/mix_66-96_H3_s1.pth,/vol/bitbucket/osella/rl-qecc-data/supervisedLearning/codeEvaluationTrainingData/l_9_m_6,9,6,100000,6,True,0.7115154287165454,0.7080572536544052,0.7150426111248918,0.7879749940262475,0.7832975598235946,0.7926158894761488,37669,0.010239749999999999,0.006743249999999999,0.010489499999999999,0.006743249999999999,0.004745250000000006,0.010239749999999999,0.006743249999999999,0.0032467500000000066,0.009740249999999999,2.268758891991377,0.004030325088755244,0.003421906811554653,1.026166703851969,49.87110640710315,47.533232923578275,0.003919157843069855,0.9125583601190178,0.9552792053211552
2026-07-25,/vol/bitbucket/osella/rl-qecc-data/supervisedLearning/sweep/mix_66-96_H3_s2.pth,/vol/bitbucket/osella/rl-qecc-data/supervisedLearning/codeEvaluationTrainingData/l_9_m_6,9,6,100000,6,True,0.7554878907709156,0.7522839701693633,0.7587231517458118,0.758486988727943,0.7532966259830717,0.7638623953072795,37669,0.0474525,0.007717275000000015,0.0474525,0.008491499999999999,0.0019980000000000137,0.026972999999999997,0.0037462499999999996,0.0017482500000000067,0.009490499999999999,2.3269826719379427,0.0035545526223945633,0.0031093777928934622,1.0936081708959264,49.5162622303982,47.533232923578275,0.001969021255218648,0.9125583601190178,0.9552792053211552
2026-07-25,/vol/bitbucket/osella/rl-qecc-data/supervisedLearning/sweep/mix_66-96_H4_s0.pth,/vol/bitbucket/osella/rl-qecc-data/supervisedLearning/codeEvaluationTrainingData/l_9_m_6,9,6,100000,6,True,0.6182326566231796,0.6141227938355207,0.6224474363332366,0.7582328961632234,0.7526731050490371,0.7633135765340361,37669,0.019979999999999998,0.016400250000000005,0.029220749999999997,0.015484499999999998,0.011988000000000006,0.027472499999999997,0.013486500000000005,0.011488500000000013,0.021228749999999998,2.670100042424202,0.00506194478786107,0.003999928458897553,1.3007479521648526,51.4546130386009,47.533232923578275,0.004852019588658887,0.9125583601190178,0.9552792053211552
2026-07-25,/vol/bitbucket/osella/rl-qecc-data/supervisedLearning/sweep/mix_66-96_H4_s1.pth,/vol/bitbucket/osella/rl-qecc-data/supervisedLearning/codeEvaluationTrainingData/l_9_m_6,9,6,100000,6,True,0.7543564620102243,0.7510743865664801,0.7574944191428441,0.7669520461988372,0.7618563011123456,0.7721261646903532,37669,0.012737249999999999,0.0037462499999999996,0.0474525,0.0037462499999999996,0.0004994999999999999,0.012737249999999999,0.0037462499999999996,0.0004120875000000004,0.008491499999999999,2.1902276368248463,0.0036284063975175087,0.0031296481613902723,0.9783141312887091,49.63674742015927,47.533232923578275,0.004079494346681075,0.9125583601190178,0.9552792053211552
2026-07-25,/vol/bitbucket/osella/rl-qecc-data/supervisedLearning/sweep/mix_66-96_H4_s2.pth,/vol/bitbucket/osella/rl-qecc-data/supervisedLearning/codeEvaluationTrainingData/l_9_m_6,9,6,100000,6,True,0.6574631020258381,0.6535941864919683,0.6615510146828765,0.7634789313107445,0.757843637745052,0.7689529115384398,37669,0.017565749999999998,0.013986000000000005,0.020729249999999998,0.015983999999999998,0.012737250000000012,0.018981000000000012,0.014984999999999998,0.011738250000000006,0.016733249999999998,2.5163146561169625,0.004491191510026548,0.0037470666192774083,1.120443260031998,50.94891107412165,47.533232923578275,0.0033160093991765212,0.9125583601190178,0.9552792053211552
2026-07-25,/vol/bitbucket/osella/rl-qecc-data/supervisedLearning/sweep/mix_66-96_H6_s0.pth,/vol/bitbucket/osella/rl-qecc-data/supervisedLearning/codeEvaluationTrainingData/l_9_m_6,9,6,100000,6,True,0.7740903129047177,0.7709971119923809,0.7771102366683859,0.7714059543828008,0.7664307197882362,0.7766909491204069,37669,0.008491499999999999,0.0019917562500000137,0.008491499999999999,0.0037462499999999996,0.0017482500000000067,0.006743250000000013,0.0037462499999999996,0.0002497500000000069,0.006743249999999999,2.2179309050440787,0.003207763884918522,0.0029803206534466807,1.0476218063170908,49.29379328105551,47.533232923578275,0.0019581248481571494,0.9125583601190178,0.9552792053211552
2026-07-25,/vol/bitbucket/osella/rl-qecc-data/supervisedLearning/sweep/mix_66-96_H6_s1.pth,/vol/bitbucket/osella/rl-qecc-data/supervisedLearning/codeEvaluationTrainingData/l_9_m_6,9,6,100000,6,True,0.7465499436892687,0.7433245683449722,0.7498527413444892,0.7814907270999232,0.7765177393792606,0.7868866433782385,37669,0.0037462499999999857,0.0,0.009490499999999999,0.001748249999999986,0.0,0.007492499999999999,0.001748249999999986,0.0,0.006243749999999999,2.1864301399672033,0.003572821517063457,0.003192772723854827,1.0281410801384918,49.63335978035349,47.533232923578275,0.001357287480313535,0.9125583601190178,0.9552792053211552
2026-07-25,/vol/bitbucket/osella/rl-qecc-data/supervisedLearning/sweep/mix_66-96_H6_s2.pth,/vol/bitbucket/osella/rl-qecc-data/supervisedLearning/codeEvaluationTrainingData/l_9_m_6,9,6,100000,6,True,0.7757067680882369,0.7726753955807597,0.7786974990759389,0.7666215644356364,0.761654334307432,0.7716135303582005,37669,0.024725249999999997,0.0022477500000000067,0.04670325,0.003995999999999993,0.0004994999999999999,0.024725249999999997,0.0037462499999999996,0.0,0.006743249999999999,2.205536316306591,0.0032916363061195834,0.003002900307230403,0.9851412157431033,49.29845257851354,47.533232923578275,0.002127612290110138,0.9125583601190178,0.9552792053211552
2026-07-25,/vol/bitbucket/osella/rl-qecc-data/supervisedLearning/sweep/mix_66-96_H7_s0.pth,/vol/bitbucket/osella/rl-qecc-data/supervisedLearning/codeEvaluationTrainingData/l_9_m_6,9,6,100000,6,True,0.7690526494708,0.7660640918073505,0.7720227379946141,0.769872207389092,0.7647642737533553,0.77486708578643,37669,0.012737249999999999,0.0042457500000000065,0.012737249999999999,0.005244749999999999,0.0017482500000000067,0.008491499999999999,0.003995999999999993,0.0,0.005244749999999999,2.1645132529115676,0.0033884805968253124,0.003047854902717629,1.0895177715625888,49.458514797782186,47.533232923578275,0.002275251817114446,0.9125583601190178,0.9552792053211552
2026-07-25,/vol/bitbucket/osella/rl-qecc-data/supervisedLearning/sweep/mix_66-96_H7_s1.pth,/vol/bitbucket/osella/rl-qecc-data/supervisedLearning/codeEvaluationTrainingData/l_9_m_6,9,6,100000,6,True,0.7687820320764915,0.7658464496087097,0.7718982915481021,0.763545650529681,0.75852222829981,0.768814207150008,37669,0.005244749999999999,0.0017482500000000067,0.04670325,0.005244749999999999,0.0017482500000000067,0.009740249999999999,0.005244749999999999,0.0017482500000000067,0.008491499999999999,2.2405544294428825,0.0033109871532703908,0.003057261924386044,0.9976377527049152,49.50969124084115,47.533232923578275,0.0012939321070445172,0.9125583601190178,0.9552792053211552
2026-07-25,/vol/bitbucket/osella/rl-qecc-data/supervisedLearning/sweep/mix_66-96_H7_s2.pth,/vol/bitbucket/osella/rl-qecc-data/supervisedLearning/codeEvaluationTrainingData/l_9_m_6,9,6,100000,6,True,0.7743001405995984,0.7713796366255609,0.7773484738046428,0.769843411182014,0.7648941122224139,0.7745688463073285,37669,0.003995999999999993,0.001496418750000007,0.014984999999999998,0.003995999999999993,0.0012487500000000137,0.006243749999999999,0.003995999999999993,0.0012487500000000135,0.006243749999999999,2.2360134308862687,0.0033251448253223577,0.003041091503207527,0.9825056259885583,49.37709537337301,47.533232923578275,0.002129052019458998,0.9125583601190178,0.9552792053211552
2026-07-25,/vol/bitbucket/osella/rl-qecc-data/supervisedLearning/sweep/mix_66_H10_s0.pth,/vol/bitbucket/osella/rl-qecc-data/supervisedLearning/codeEvaluationTrainingData/l_9_m_6,9,6,100000,6,False,0.4953208727872537,0.4902936413435239,0.5004463013739925,0.6005386486044629,0.5924754656859994,0.6092487670282523,37669,0.014984999999999998,0.011488500000000006,0.023476499999999997,0.014984999999999998,0.011488500000000006,0.017732249999999998,0.014984999999999998,0.011488500000000006,0.016982999999999998,4.830776822032928,0.004664815546799232,0.004489002369937029,0.7376416181706295,55.46308403603151,47.533232923578275,0.009371886723024818,0.9125583601190178,0.9552792053211552
2026-07-25,/vol/bitbucket/osella/rl-qecc-data/supervisedLearning/sweep/mix_66_H10_s1.pth,/vol/bitbucket/osella/rl-qecc-data/supervisedLearning/codeEvaluationTrainingData/l_9_m_6,9,6,100000,6,False,0.6345922403190971,0.6307083438289692,0.6385782296426988,0.7903643587859909,0.7855565717888796,0.7953163583685546,37669,0.020229749999999998,0.007492499999999999,0.024725249999999997,0.007492499999999999,0.005488256250000006,0.020229749999999998,0.007492499999999999,0.004726518750000007,0.015234749999999991,4.272464564428329,0.003985945630588749,0.003984077104261845,1.0714949853193707,54.35359273686919,47.533232923578275,0.026562010185813976,0.9125583601190178,0.9552792053211552
2026-07-25,/vol/bitbucket/osella/rl-qecc-data/supervisedLearning/sweep/mix_66_H10_s2.pth,/vol/bitbucket/osella/rl-qecc-data/supervisedLearning/codeEvaluationTrainingData/l_9_m_6,9,6,100000,6,False,0.5573219711562291,0.5522949846123711,0.5620923440034261,0.6895350234617901,0.6821424955516774,0.6964189296983893,37669,0.020229749999999998,0.012737249999999999,0.031718249999999996,0.012737249999999999,0.010701787500000007,0.020229749999999998,0.012737249999999999,0.009240750000000006,0.017232749999999998,4.121505432167053,0.004343096170146546,0.004297246739519243,0.8768653292436096,54.33046633758747,47.533232923578275,0.013312236916383996,0.9125583601190178,0.9552792053211552
2026-07-25,/vol/bitbucket/osella/rl-qecc-data/supervisedLearning/sweep/mix_66_H3_s0.pth,/vol/bitbucket/osella/rl-qecc-data/supervisedLearning/codeEvaluationTrainingData/l_9_m_6,9,6,100000,6,False,0.6067992794707794,0.6022262308405549,0.6110869355853594,0.7091673220613143,0.7021784326498518,0.7153212258547452,37669,0.015234749999999998,0.011488500000000013,0.027722249999999997,0.009240749999999999,0.007242750000000006,0.021066412499999992,0.009240749999999999,0.007242750000000006,0.015234749999999998,4.424025919728279,0.004314628256631191,0.004202614263219979,0.8299429744563147,56.61947082355035,47.533232923578275,0.0306637765974417,0.9125583601190178,0.9552792053211552
2026-07-25,/vol/bitbucket/osella/rl-qecc-data/supervisedLearning/sweep/mix_66_H3_s1.pth,/vol/bitbucket/osella/rl-qecc-data/supervisedLearning/codeEvaluationTrainingData/l_9_m_6,9,6,100000,6,False,0.6003857016846719,0.5959603669297532,0.6046477120043104,0.6978147444208971,0.6907401089059999,0.7047619971673136,37669,0.014485500000000005,0.011488500000000006,0.03046950000000001,0.014485500000000005,0.011488500000000006,0.016483499999999998,0.014485500000000005,0.011238750000000013,0.015983999999999998,4.468060595779419,0.004208797604022363,0.004208204187126371,0.7371275502866421,56.22439554419999,47.533232923578275,0.01728250170175089,0.9125583601190178,0.9552792053211552
2026-07-25,/vol/bitbucket/osella/rl-qecc-data/supervisedLearning/sweep/mix_66_H3_s2.pth,/vol/bitbucket/osella/rl-qecc-data/supervisedLearning/codeEvaluationTrainingData/l_9_m_6,9,6,100000,6,False,0.6398556858087143,0.6356275662102615,0.6438156426143191,0.7440015684215643,0.7376979460210971,0.7503310325394492,37669,0.021062249999999998,0.011232506250000013,0.021062249999999998,0.012986999999999999,0.005994000000000006,0.019232831249999995,0.007492499999999999,0.0044955000000000064,0.013486499999999998,4.910637495117188,0.004009644622823415,0.0040563034121399106,0.8443790494340381,55.36933033340255,47.533232923578275,0.015965561191820864,0.9125583601190178,0.9552792053211552
2026-07-25,/vol/bitbucket/osella/rl-qecc-data/supervisedLearning/sweep/mix_66_H4_s0.pth,/vol/bitbucket/osella/rl-qecc-data/supervisedLearning/codeEvaluationTrainingData/l_9_m_6,9,6,100000,6,False,0.612716912880911,0.6085571168841143,0.6171745944899315,0.7178596600318058,0.7108891869356749,0.7246998911010388,37669,0.024725249999999997,0.015984000000000012,0.024725249999999997,0.011488499999999999,0.007492499999999999,0.023642999999999997,0.007492499999999999,0.005494500000000006,0.014985000000000005,4.345858330221176,0.004115965563834862,0.004145254698651035,0.8709700140615898,54.98562908308122,47.533232923578275,0.023990863460966787,0.9125583601190178,0.9552792053211552
2026-07-25,/vol/bitbucket/osella/rl-qecc-data/supervisedLearning/sweep/mix_66_H4_s1.pth,/vol/bitbucket/osella/rl-qecc-data/supervisedLearning/codeEvaluationTrainingData/l_9_m_6,9,6,100000,6,False,0.6516306847531173,0.6478348187106706,0.6553876455313299,0.7966574237926689,0.7908292247645321,0.8020986668107674,37669,0.012237749999999999,0.008741250000000006,0.017981999999999998,0.012237749999999999,0.0034965000000000065,0.014235749999999998,0.005494499999999999,0.0032467500000000066,0.012237749999999999,4.240253276424408,0.003925610189146412,0.003922687139312617,0.9693492132447976,54.65010805521051,47.533232923578275,0.0266214482593707,0.9125583601190178,0.9552792053211552
2026-07-25,/vol/bitbucket/osella/rl-qecc-data/supervisedLearning/sweep/mix_66_H4_s2.pth,/vol/bitbucket/osella/rl-qecc-data/supervisedLearning/codeEvaluationTrainingData/l_9_m_6,9,6,100000,6,False,0.6533207759907151,0.6492250552052927,0.6574188495276322,0.7677106071048385,0.7617923132189617,0.7739292122388718,37669,0.019230749999999998,0.009740250000000013,0.024725250000000004,0.011488499999999999,0.007992000000000006,0.019230749999999998,0.011488499999999999,0.007992000000000006,0.016733249999999998,4.665715640141964,0.003896985713215705,0.003922173106834739,0.8954756955371579,54.67815080577285,47.533232923578275,0.023492973928348978,0.9125583601190178,0.9552792053211552
2026-07-25,/vol/bitbucket/osella/rl-qecc-data/supervisedLearning/sweep/mix_66_H6_s0.pth,/vol/bitbucket/osella/rl-qecc-data/supervisedLearning/codeEvaluationTrainingData/l_9_m_6,9,6,100000,6,False,0.6408562141788627,0.6371470511225762,0.6447774911684732,0.8122085190241106,0.8073037808999958,0.8166839126629338,37669,0.006992999999999999,0.003121875000000003,0.018481499999999998,0.005119874999999996,0.0030844125000000053,0.015490743750000006,0.005119874999999996,0.0030844125000000053,0.01374249375,4.376676541142464,0.004047689100079428,0.003933059325293837,1.08508383523276,55.36699791711552,47.533232923578275,0.0342468036053953,0.9125583601190178,0.9552792053211552
2026-07-25,/vol/bitbucket/osella/rl-qecc-data/supervisedLearning/sweep/mix_66_H6_s1.pth,/vol/bitbucket/osella/rl-qecc-data/supervisedLearning/codeEvaluationTrainingData/l_9_m_6,9,6,100000,6,False,0.635352759819568,0.6311586314085652,0.6393497457042132,0.7380137619958719,0.7314453666036812,0.7444676796995379,37669,0.011738249999999999,0.008241750000000006,0.018231749999999998,0.011488499999999999,0.007992000000000013,0.01648349999999999,0.009740249999999999,0.0035797499999999927,0.011738249999999999,4.479328794708252,0.004009674145326267,0.004025269544720099,0.9011872990292762,54.88371710612243,47.533232923578275,0.02426727828564172,0.9125583601190178,0.9552792053211552
2026-07-25,/vol/bitbucket/osella/rl-qecc-data/supervisedLearning/sweep/mix_66_H6_s2.pth,/vol/bitbucket/osella/rl-qecc-data/supervisedLearning/codeEvaluationTrainingData/l_9_m_6,9,6,100000,6,False,0.6306133598809057,0.6261466618273901,0.6347400098459814,0.754419183270685,0.7481452235569567,0.7611085972091604,37669,0.005119874999999996,0.0030844125000000053,0.031718249999999996,0.005119874999999996,0.0030844125000000053,0.017482499999999998,0.005119874999999996,0.0030844125000000053,0.014485500000000005,4.597012225136757,0.004038383744823468,0.004091426928883026,0.8582149275776872,54.789724559126505,47.533232923578275,0.021536211236608843,0.9125583601190178,0.9552792053211552
2026-07-25,/vol/bitbucket/osella/rl-qecc-data/supervisedLearning/sweep/mix_66_H7_s0.pth,/vol/bitbucket/osella/rl-qecc-data/supervisedLearning/codeEvaluationTrainingData/l_9_m_6,9,6,100000,6,False,0.5912648757500575,0.5868677740277181,0.5957520815641572,0.6549220376586831,0.6467767566373039,0.663239732932304,37669,0.018231749999999998,0.014735250000000005,0.031718249999999996,0.018231749999999998,0.007242750000000006,0.027937551724137942,0.009240749999999999,0.007242750000000006,0.018231749999999998,4.6276360727024075,0.004253089649638698,0.004290395084146798,0.7848350322448447,56.44288031378127,47.533232923578275,0.018846859151377255,0.9125583601190178,0.9552792053211552
2026-07-25,/vol/bitbucket/osella/rl-qecc-data/supervisedLearning/sweep/mix_66_H7_s1.pth,/vol/bitbucket/osella/rl-qecc-data/supervisedLearning/codeEvaluationTrainingData/l_9_m_6,9,6,100000,6,False,0.589790766727106,0.5855196784879259,0.5943542597249996,0.6190023584013514,0.6107146961532468,0.6271452476058329,37669,0.009240749999999999,0.007242750000000006,0.035214749999999996,0.009240749999999999,0.007242750000000006,0.023226749999999997,0.009240749999999999,0.007242750000000006,0.019230749999999998,5.08557552341938,0.004341023065694892,0.004277893431047915,0.66040080017888,57.03275197718162,47.533232923578275,0.01782167521396305,0.9125583601190178,0.9552792053211552
2026-07-25,/vol/bitbucket/osella/rl-qecc-data/supervisedLearning/sweep/mix_66_H7_s2.pth,/vol/bitbucket/osella/rl-qecc-data/supervisedLearning/codeEvaluationTrainingData/l_9_m_6,9,6,100000,6,False,0.6657828398775846,0.6619603547813651,0.6698896403612794,0.8015401668860702,0.7966065825877393,0.806702484408899,37669,0.017232749999999998,0.011488499999999999,0.018481499999999998,0.011488499999999999,0.007992000000000006,0.017232749999999998,0.010864124999999988,0.007409250000000006,0.015734249999999998,4.892610623655319,0.003819373344288594,0.0038328376004009277,1.059095941454757,53.68672789031812,47.533232923578275,0.021409269635526012,0.9125583601190178,0.9552792053211552
2026-07-25,/vol/bitbucket/osella/rl-qecc-data/supervisedLearning/sweep/ground_anch_H10_s0.pth,/vol/bitbucket/osella/rl-qecc-data/supervisedLearning/codeEvaluationTrainingData/l_12_m_6,12,6,100000,6,True,0.5865130637078642,0.5820385886950923,0.5913598756196267,0.7016527928009312,0.6950823292106197,0.7079936317002476,35359,0.007867125000000003,0.006743249999999999,0.038086875000000006,0.0031218749999999892,0.001997999999999986,0.014360625000000002,0.0031218749999999892,0.001997999999999986,0.014360625000000002,2.499339952363968,0.003787663133051702,0.0035418902783501496,0.9407220230848287,11.326942437543169,8.891095366365779,0.022306701750714183,0.8936995111804626,0.9453568168583028
2026-07-25,/vol/bitbucket/osella/rl-qecc-data/supervisedLearning/sweep/ground_anch_H10_s1.pth,/vol/bitbucket/osella/rl-qecc-data/supervisedLearning/codeEvaluationTrainingData/l_12_m_6,12,6,100000,6,True,0.6091695261983401,0.6048571901615215,0.6134864603450353,0.7408177565735812,0.734756065294789,0.7463105888729472,35359,0.020104875,0.009323999999999999,0.025476581249999995,0.010364625000000002,0.009240749999999999,0.019064249999999998,0.010364625000000002,0.009115875000000002,0.016025625,2.5530748474133014,0.0057758377063863746,0.003448456496333711,0.8612479395601925,12.128157892106259,8.891095366365779,0.051862908040771746,0.8936995111804626,0.9453568168583028
2026-07-25,/vol/bitbucket/osella/rl-qecc-data/supervisedLearning/sweep/ground_anch_H10_s2.pth,/vol/bitbucket/osella/rl-qecc-data/supervisedLearning/codeEvaluationTrainingData/l_12_m_6,12,6,100000,6,True,0.5804581528095418,0.5760065398781037,0.5852657721923848,0.6864644791504537,0.6797956778841097,0.6929549328160772,35359,0.024600375,0.006743249999999999,0.024600375,0.007867125000000003,0.006743249999999999,0.02007989999999999,0.007867125000000003,0.006739087499999999,0.012362624999999995,2.505021631909609,0.004292983233778467,0.0035506738693953086,0.8348934249081227,11.366637200103025,8.891095366365779,0.03142626736490485,0.8936995111804626,0.9453568168583028
2026-07-25,/vol/bitbucket/osella/rl-qecc-data/supervisedLearning/sweep/ground_anch_H3_s0.pth,/vol/bitbucket/osella/rl-qecc-data/supervisedLearning/codeEvaluationTrainingData/l_12_m_6,12,6,100000,6,True,0.3679810208501839,0.36183679708646826,0.3737105672682179,0.42315418464662763,0.4137414244191128,0.4320833545779654,35359,0.026098875,0.009865125000000002,0.029553749999999997,0.009865125000000002,0.0035797499999999927,0.026098875,0.004620374999999996,0.0034964999999999927,0.020604375,2.482878803691864,0.004578423518679956,0.004062576976151412,0.5428442394479835,11.531371682636536,8.891095366365779,0.025291218210202433,0.8936995111804626,0.9453568168583028
2026-07-25,/vol/bitbucket/osella/rl-qecc-data/supervisedLearning/sweep/ground_anch_H3_s1.pth,/vol/bitbucket/osella/rl-qecc-data/supervisedLearning/codeEvaluationTrainingData/l_12_m_6,12,6,100000,6,True,0.5909461397403158,0.58631318778587,0.5957986310604666,0.7378630089402285,0.7319240169419026,0.7433502396309407,35359,0.013611375000000002,0.012487499999999999,0.032051249999999996,0.013611375000000002,0.012320999999999992,0.020604375,0.013361624999999995,0.012237749999999992,0.019563749999999998,2.476615213932991,0.005811920042525924,0.0036216378747096264,0.7208941261337393,12.132709898116266,8.891095366365779,0.05185634967454986,0.8936995111804626,0.9453568168583028
2026-07-25,/vol/bitbucket/osella/rl-qecc-data/supervisedLearning/sweep/ground_anch_H3_s2.pth,/vol/bitbucket/osella/rl-qecc-data/supervisedLearning/codeEvaluationTrainingData/l_12_m_6,12,6,100000,6,True,0.6060264027600012,0.6017496554466982,0.6106409238271925,0.7601966225189813,0.7547355112799907,0.7653437165435206,35359,0.024600374999999994,0.014735249999999998,0.024600374999999994,0.015859125,0.00986512500000001,0.022469175,0.00986512500000001,0.008741250000000006,0.018606375,2.4889546807956697,0.004884563486651635,0.0034398279192922264,0.8717918475598242,11.65728233771593,8.891095366365779,0.040089652625593886,0.8936995111804626,0.9453568168583028
2026-07-25,/vol/bitbucket/osella/rl-qecc-data/supervisedLearning/sweep/ground_anch_H4_s0.pth,/vol/bitbucket/osella/rl-qecc-data/supervisedLearning/codeEvaluationTrainingData/l_12_m_6,12,6,100000,6,True,0.5145427370923493,0.5096239527191279,0.5195196857657511,0.6066492563701974,0.5990549986793627,0.6137210476683321,35359,0.021853125,0.006118874999999996,0.023601375,0.007242749999999999,0.006118874999999996,0.021853125,0.007242749999999999,0.006118874999999996,0.015609375000000002,2.5383683883082866,0.006784465875917856,0.0037961550510813816,0.6166873834761768,12.406977035590648,8.891095366365779,0.05940081183457722,0.8936995111804626,0.9453568168583028
2026-07-25,/vol/bitbucket/osella/rl-qecc-data/supervisedLearning/sweep/ground_anch_H4_s1.pth,/vol/bitbucket/osella/rl-qecc-data/supervisedLearning/codeEvaluationTrainingData/l_12_m_6,12,6,100000,6,True,0.6137197299570387,0.6093608350973408,0.6178746702742172,0.6827597839621786,0.6750692828468033,0.6895929163481859,35359,0.017607375,0.016483499999999998,0.031093875,0.017607375,0.016483499999999998,0.022602375,0.017607375,0.006826499999999999,0.021603375000000008,2.5228367768728734,0.005454214313861648,0.0034006248522205304,0.9416140452099477,11.911808962417648,8.891095366365779,0.049475813526494015,0.8936995111804626,0.9453568168583028
2026-07-25,/vol/bitbucket/osella/rl-qecc-data/supervisedLearning/sweep/ground_anch_H4_s2.pth,/vol/bitbucket/osella/rl-qecc-data/supervisedLearning/codeEvaluationTrainingData/l_12_m_6,12,6,100000,6,True,0.6161589666778785,0.6120604096451582,0.6207136150609316,0.752026854194295,0.7467052314399689,0.7572569353719406,35359,0.026598375,0.017473134374999998,0.026598375,0.017107875,0.015983999999999998,0.023351625,0.017107875,0.015983999999999998,0.022312040624999998,2.518659064821005,0.006812646651411319,0.003381218629840157,0.8231788989991669,12.535369899838646,8.891095366365779,0.06294265478730217,0.8936995111804626,0.9453568168583028
2026-07-25,/vol/bitbucket/osella/rl-qecc-data/supervisedLearning/sweep/ground_anch_H6_s0.pth,/vol/bitbucket/osella/rl-qecc-data/supervisedLearning/codeEvaluationTrainingData/l_12_m_6,12,6,100000,6,True,0.5840606176283458,0.5799128115132486,0.5889928243823104,0.6923443724895664,0.6863057247377953,0.698763668439555,35359,0.007242749999999999,0.006118874999999996,0.022102875,0.007242749999999999,0.006118874999999996,0.020812499999999998,0.007242749999999999,0.006118874999999996,0.015068249999999998,2.496805744571686,0.004045709891719229,0.0034270938111660445,1.1770681621520538,11.54388844412191,8.891095366365779,0.02958767433781281,0.8936995111804626,0.9453568168583028
2026-07-25,/vol/bitbucket/osella/rl-qecc-data/supervisedLearning/sweep/ground_anch_H6_s1.pth,/vol/bitbucket/osella/rl-qecc-data/supervisedLearning/codeEvaluationTrainingData/l_12_m_6,12,6,100000,6,True,0.6100842259700473,0.605631967808449,0.6145442669745647,0.7347568065445415,0.7284155494565262,0.7413654962733718,35359,0.008616375000000003,0.007492499999999999,0.020604375,0.008616375000000003,0.007492499999999999,0.016025625,0.008616375000000003,0.007492499999999999,0.015109875000000002,2.4824623677337168,0.004988851805617549,0.0034408328080408114,0.8622212257187913,11.801529352946144,8.891095366365779,0.04377482771660297,0.8936995111804626,0.9453568168583028
2026-07-25,/vol/bitbucket/osella/rl-qecc-data/supervisedLearning/sweep/ground_anch_H6_s2.pth,/vol/bitbucket/osella/rl-qecc-data/supervisedLearning/codeEvaluationTrainingData/l_12_m_6,12,6,100000,6,True,0.6283604692443039,0.6243584525574533,0.6327742469433261,0.7476278084564979,0.7412016758726184,0.753367858808341,35359,0.007617375000000003,0.006493499999999999,0.021587765624999974,0.007617375000000003,0.006493499999999999,0.016364868750000004,0.007617375000000003,0.006493499999999999,0.012612375000000002,2.5296394713437556,0.005348224030032161,0.003435874123073141,0.9029533478261276,11.898096587183666,8.891095366365779,0.04740610752025431,0.8936995111804626,0.9453568168583028
2026-07-25,/vol/bitbucket/osella/rl-qecc-data/supervisedLearning/sweep/ground_anch_H7_s0.pth,/vol/bitbucket/osella/rl-qecc-data/supervisedLearning/codeEvaluationTrainingData/l_12_m_6,12,6,100000,6,True,0.518934895726727,0.5139327660685649,0.5239279828251269,0.5284394599968792,0.5196491810348213,0.5373601652792253,35359,0.022102875,0.011571749999999999,0.022102875000000008,0.012612375000000002,0.008241749999999992,0.022102875,0.009282374999999995,0.0035797499999999927,0.017328487499999986,2.495704200146198,0.004581774269110479,0.0038547507465016883,0.7456306357831992,11.760535439364316,8.891095366365779,0.03312067101388939,0.8936995111804626,0.9453568168583028
2026-07-25,/vol/bitbucket/osella/rl-qecc-data/supervisedLearning/sweep/ground_anch_H7_s1.pth,/vol/bitbucket/osella/rl-qecc-data/supervisedLearning/codeEvaluationTrainingData/l_12_m_6,12,6,100000,6,True,0.5711003567474675,0.5661873143303272,0.576236646223991,0.6919507451606265,0.6847526811219363,0.6991271254421739,35359,0.005236425000000003,0.0041125499999999995,0.023559749999999997,0.005236425000000003,0.0041125499999999995,0.018564749999999998,0.005236425000000003,0.0041125499999999995,0.016358625,2.509618494104147,0.005713198832301797,0.0036808685471177312,0.6059830087523075,12.045781787355516,8.891095366365779,0.047661220868537094,0.8936995111804626,0.9453568168583028
2026-07-25,/vol/bitbucket/osella/rl-qecc-data/supervisedLearning/sweep/ground_anch_H7_s2.pth,/vol/bitbucket/osella/rl-qecc-data/supervisedLearning/codeEvaluationTrainingData/l_12_m_6,12,6,100000,6,True,0.6590269684643072,0.6552806109684539,0.6629019586995807,0.7806267480148635,0.7757626063304472,0.7855582591713026,35359,0.013361624999999995,0.012237749999999992,0.026098875,0.004620374999999996,0.0034964999999999927,0.020604375000000008,0.004620374999999996,0.000832499999999986,0.01656674999999999,2.506888146800995,0.005267162059316788,0.003205196986719148,1.1296861151350113,11.917815482078835,8.891095366365779,0.04865578136480072,0.8936995111804626,0.9453568168583028
2026-07-25,/vol/bitbucket/osella/rl-qecc-data/supervisedLearning/sweep/ground_pure_H10_s0.pth,/vol/bitbucket/osella/rl-qecc-data/supervisedLearning/codeEvaluationTrainingData/l_12_m_6,12,6,100000,6,True,0.5774373397108661,0.5729437475932054,0.5820489522488601,0.6615112398146828,0.6545698884351113,0.6686638752564661,35359,0.007867125000000003,0.006743249999999999,0.036965081250000004,0.007867125000000003,0.006576749999999999,0.014360625000000002,0.007617375000000003,0.006493499999999999,0.014110875000000002,2.4837899864172934,0.004065541299980084,0.003537115435181857,0.9060158926515245,11.30276576625007,8.891095366365779,0.02820800379350107,0.8936995111804626,0.9453568168583028
2026-07-25,/vol/bitbucket/osella/rl-qecc-data/supervisedLearning/sweep/ground_pure_H10_s1.pth,/vol/bitbucket/osella/rl-qecc-data/supervisedLearning/codeEvaluationTrainingData/l_12_m_6,12,6,100000,6,True,0.5895057457162519,0.5853172573889501,0.5940140909201069,0.6931438439649771,0.6864358456161286,0.6995748247682745,35359,0.020104875,0.008075249999999999,0.020104875,0.009115875000000002,0.0027472499999999928,0.017632349999999974,0.003871124999999996,0.0027472499999999928,0.017565749999999998,2.5373252133250235,0.005841030571199231,0.0035239932827051844,0.8995705992617132,12.075498303606338,8.891095366365779,0.05239799312139628,0.8936995111804626,0.9453568168583028
2026-07-25,/vol/bitbucket/osella/rl-qecc-data/supervisedLearning/sweep/ground_pure_H10_s2.pth,/vol/bitbucket/osella/rl-qecc-data/supervisedLearning/codeEvaluationTrainingData/l_12_m_6,12,6,100000,6,True,0.5872392483872254,0.5828599696953402,0.5921746579645417,0.6706236339004336,0.6636088700315227,0.6775892189507297,35359,0.014360625000000002,0.0035797499999999927,0.026098875,0.004620374999999996,0.0034964999999999927,0.014360625000000002,0.004620374999999996,0.0027472500000000066,0.011363625000000002,2.4887519432115557,0.003914143625321036,0.0035184430630335003,0.9322058595756301,11.204966501049578,8.891095366365779,0.025664604805111298,0.8936995111804626,0.9453568168583028
2026-07-25,/vol/bitbucket/osella/rl-qecc-data/supervisedLearning/sweep/ground_pure_H3_s0.pth,/vol/bitbucket/osella/rl-qecc-data/supervisedLearning/codeEvaluationTrainingData/l_12_m_6,12,6,100000,6,True,0.20478028328119136,0.19834311717796488,0.21085026358663067,0.20817633501282928,0.19800912809666354,0.2177371955691516,35359,0.026098875,0.004620374999999996,0.026098875,0.004620374999999996,0.0034964999999999927,0.026098875,0.004620374999999996,0.0034964999999999927,0.021853125,2.473342789542675,0.004815508917097928,0.004193095857401849,0.30157742014206196,11.809410099739328,8.891095366365779,0.022575723297240346,0.8936995111804626,0.9453568168583028
2026-07-25,/vol/bitbucket/osella/rl-qecc-data/supervisedLearning/sweep/ground_pure_H3_s1.pth,/vol/bitbucket/osella/rl-qecc-data/supervisedLearning/codeEvaluationTrainingData/l_12_m_6,12,6,100000,6,True,0.5995946360204372,0.5951465707738843,0.6041701294576493,0.7007468668955694,0.6940066175847542,0.7070359046096918,35359,0.013611375000000002,0.012487499999999999,0.023601375,0.013611375000000002,0.011738250000000013,0.016608375,0.013611375000000002,0.007991999999999999,0.016108875,2.5021970029473306,0.004914694424750591,0.003615285167336838,0.8471761284953299,11.777257518062475,8.891095366365779,0.04167163025290819,0.8936995111804626,0.9453568168583028
2026-07-25,/vol/bitbucket/osella/rl-qecc-data/supervisedLearning/sweep/ground_pure_H3_s2.pth,/vol/bitbucket/osella/rl-qecc-data/supervisedLearning/codeEvaluationTrainingData/l_12_m_6,12,6,100000,6,True,0.6191661829281098,0.6150737842453249,0.6234977907322318,0.7612524890986728,0.7559615632151487,0.7661716246403605,35359,0.024600374999999994,0.014735249999999998,0.045329625000000005,0.015859125,0.014735249999999998,0.022102875,0.015859125,0.013361625000000002,0.021609618749999997,2.49174625528574,0.0049467620667904754,0.0033845605377976922,0.9276261207759868,11.643192074171365,8.891095366365779,0.041277522569270066,0.8936995111804626,0.9453568168583028
2026-07-25,/vol/bitbucket/osella/rl-qecc-data/supervisedLearning/sweep/ground_pure_H4_s0.pth,/vol/bitbucket/osella/rl-qecc-data/supervisedLearning/codeEvaluationTrainingData/l_12_m_6,12,6,100000,6,True,0.457780333205127,0.453140054500047,0.4628864289808343,0.4982932349481177,0.48972525862433985,0.5068471956154227,35359,0.029345625,0.024308999999999997,0.029553749999999997,0.025349625,0.024225749999999997,0.029095875,0.025349625,0.024225749999999997,0.027597375,2.5158491208863256,0.009426698127139758,0.00390715591207194,0.4785958563986553,13.441136552314216,8.891095366365779,0.08018305334537548,0.8936995111804626,0.9453568168583028
2026-07-25,/vol/bitbucket/osella/rl-qecc-data/supervisedLearning/sweep/ground_pure_H4_s1.pth,/vol/bitbucket/osella/rl-qecc-data/supervisedLearning/codeEvaluationTrainingData/l_12_m_6,12,6,100000,6,True,0.6175592516229896,0.6130632129852753,0.6219246997745794,0.6481852159393059,0.6397492017023673,0.655783751364039,35359,0.017607375,0.016483499999999998,0.023060249999999997,0.017607375,0.006743249999999999,0.021603375000000008,0.007867125000000003,0.006743249999999999,0.018606375,2.518918932642937,0.004561497283891294,0.0033970548538701144,0.94548329969038,11.431011264166374,8.891095366365779,0.038280947266851814,0.8936995111804626,0.9453568168583028
2026-07-25,/vol/bitbucket/osella/rl-qecc-data/supervisedLearning/sweep/ground_pure_H4_s2.pth,/vol/bitbucket/osella/rl-qecc-data/supervisedLearning/codeEvaluationTrainingData/l_12_m_6,12,6,100000,6,True,0.618929663006928,0.6150653478683259,0.6233182245143656,0.7365826902576521,0.7308313262857506,0.7421689155995381,35359,0.018606375,0.012612375000000002,0.022602375,0.012612375000000002,0.011488499999999999,0.020869734374999987,0.012612375000000002,0.011488499999999999,0.018606375,2.516439712511301,0.007147660385063313,0.0033646271333838598,0.8408219312545353,12.472164069874234,8.891095366365779,0.06556620377088772,0.8936995111804626,0.9453568168583028
2026-07-25,/vol/bitbucket/osella/rl-qecc-data/supervisedLearning/sweep/ground_pure_H6_s0.pth,/vol/bitbucket/osella/rl-qecc-data/supervisedLearning/codeEvaluationTrainingData/l_12_m_6,12,6,100000,6,True,0.5828017557058123,0.5785321482536656,0.5875496521059709,0.6722733173746263,0.6657716738442293,0.6786753897095774,35359,0.007242749999999999,0.006118874999999996,0.022469175,0.007242749999999999,0.006118874999999996,0.021853125,0.007242749999999999,0.006118874999999996,0.016608375,2.472412494596243,0.004172431845464079,0.0034284645172909024,1.1758647243264493,11.54079291059054,8.891095366365779,0.03185084727150175,0.8936995111804626,0.9453568168583028
2026-07-25,/vol/bitbucket/osella/rl-qecc-data/supervisedLearning/sweep/ground_pure_H6_s1.pth,/vol/bitbucket/osella/rl-qecc-data/supervisedLearning/codeEvaluationTrainingData/l_12_m_6,12,6,100000,6,True,0.6260171786145414,0.6218618297987195,0.630552828328956,0.7301458725980682,0.7238908176425323,0.7360523160817564,35359,0.008616375000000003,0.007492499999999999,0.023559749999999997,0.008616375000000003,0.007492499999999999,0.019105875,0.008616375000000003,0.007492499999999999,0.014110875000000002,2.475797279393673,0.00459280158122678,0.0033277781256749774,0.9569450080203487,11.603254211073306,8.891095366365779,0.039765521055640594,0.8936995111804626,0.9453568168583028
2026-07-25,/vol/bitbucket/osella/rl-qecc-data/supervisedLearning/sweep/ground_pure_H6_s2.pth,/vol/bitbucket/osella/rl-qecc-data/supervisedLearning/codeEvaluationTrainingData/l_12_m_6,12,6,100000,6,True,0.6298782631146755,0.6258577343195344,0.6341223636832276,0.7174014247089522,0.7104962824531333,0.7234256112406054,35359,0.007617375000000003,0.006493499999999999,0.016608375,0.007617375000000003,0.006493499999999999,0.012862125000000002,0.007617375000000003,0.006493499999999999,0.008616375000000003,2.4979720329356194,0.005133636623944768,0.0033974468349715113,1.003427409656066,11.670111389044473,8.891095366365779,0.04502718579814381,0.8936995111804626,0.9453568168583028
2026-07-25,/vol/bitbucket/osella/rl-qecc-data/supervisedLearning/sweep/ground_pure_H7_s0.pth,/vol/bitbucket/osella/rl-qecc-data/supervisedLearning/codeEvaluationTrainingData/l_12_m_6,12,6,100000,6,True,0.5079309474424771,0.5025934951375431,0.5129209658846934,0.5087381919060118,0.4998582706887575,0.5173527255955511,35359,0.022102875,0.017815499999999998,0.035589375000000006,0.018856125,0.006826499999999999,0.022102875000000008,0.007867125000000003,0.002081249999999986,0.020104875,2.484365143520832,0.004483561631479777,0.003912396133831814,0.7165833006616296,11.731018743816433,8.891095366365779,0.030706055616771505,0.8936995111804626,0.9453568168583028
2026-07-25,/vol/bitbucket/osella/rl-qecc-data/supervisedLearning/sweep/ground_pure_H7_s1.pth,/vol/bitbucket/osella/rl-qecc-data/supervisedLearning/codeEvaluationTrainingData/l_12_m_6,12,6,100000,6,True,0.5832385226757042,0.5785654770452648,0.5882496958940368,0.6813767081036216,0.6737492513603331,0.6886459947851931,35359,0.019605375,0.016358625,0.026598375,0.013611375000000002,0.012487499999999999,0.020354625,0.013611375000000002,0.011571749999999999,0.016358625,2.4993551515829564,0.006015062420859831,0.003747472529757087,0.5429766111032911,12.189764760287176,8.891095366365779,0.049503086448204586,0.8936995111804626,0.9453568168583028
2026-07-25,/vol/bitbucket/osella/rl-qecc-data/supervisedLearning/sweep/ground_pure_H7_s2.pth,/vol/bitbucket/osella/rl-qecc-data/supervisedLearning/codeEvaluationTrainingData/l_12_m_6,12,6,100000,6,True,0.6591229242517851,0.655493843390749,0.6629679512329983,0.7563667082723206,0.7511919641496999,0.7618621355535838,35359,0.004620374999999996,0.0034964999999999927,0.026098875,0.004620374999999996,8.324999999999999e-05,0.021062249999999998,0.0011238750000000033,0.0,0.013361624999999995,2.5072932247185706,0.005044536986451832,0.0031961370760984573,1.1843011639961685,11.71628094972394,8.891095366365779,0.04576215087341927,0.8936995111804626,0.9453568168583028
2026-07-25,/vol/bitbucket/osella/rl-qecc-data/supervisedLearning/sweep/mix_66-96-126-153_H10_s0.pth,/vol/bitbucket/osella/rl-qecc-data/supervisedLearning/codeEvaluationTrainingData/l_12_m_6,12,6,100000,6,True,0.640360587823476,0.636374726486203,0.6447735519984373,0.7699318390424806,0.7646690517657346,0.7756310916686214,35359,0.013611375000000002,0.008866124999999996,0.047077875000000005,0.008866124999999996,0.007742249999999992,0.018065249999999998,0.008866124999999996,0.0018731249999999894,0.015109875000000002,2.559915170929432,0.00329637687699601,0.0031989994928464474,1.0004573532087062,10.030651674289247,8.891095366365779,0.006168921129630747,0.8936995111804626,0.9453568168583028
2026-07-25,/vol/bitbucket/osella/rl-qecc-data/supervisedLearning/sweep/mix_66-96-126-153_H10_s1.pth,/vol/bitbucket/osella/rl-qecc-data/supervisedLearning/codeEvaluationTrainingData/l_12_m_6,12,6,100000,6,True,0.6275524655600253,0.6234075944208225,0.631902365945543,0.7658739907060779,0.7606632580958579,0.7712849349613243,35359,0.046578375000000005,0.011113875000000002,0.046578375000000005,0.011113875000000002,0.007436999999999999,0.018606375,0.007617375000000003,0.006493499999999999,0.017607375,2.6404976238036157,0.0031623326054073995,0.0032375389503396697,0.9982090830710496,10.037698753992405,8.891095366365779,0.0036071430251935583,0.8936995111804626,0.9453568168583028
2026-07-25,/vol/bitbucket/osella/rl-qecc-data/supervisedLearning/sweep/mix_66-96-126-153_H10_s2.pth,/vol/bitbucket/osella/rl-qecc-data/supervisedLearning/codeEvaluationTrainingData/l_12_m_6,12,6,100000,6,True,0.6295898869669302,0.6255328776752191,0.6338922467777833,0.7615675363558916,0.756250469105869,0.7675581667235342,35359,0.021603375,0.018065249999999998,0.030469499999999997,0.019105875,0.017981999999999998,0.021603375000000008,0.019105875,0.014318999999999998,0.021603375,2.661036705093384,0.003232945372579833,0.003256517764332766,1.0868249506059813,10.082112906691941,8.891095366365779,0.002658925859055172,0.8936995111804626,0.9453568168583028
2026-07-25,/vol/bitbucket/osella/rl-qecc-data/supervisedLearning/sweep/mix_66-96-126-153_H3_s0.pth,/vol/bitbucket/osella/rl-qecc-data/supervisedLearning/codeEvaluationTrainingData/l_12_m_6,12,6,100000,6,True,0.6633478050281222,0.6599229156517263,0.6672202452583191,0.7789434346625542,0.7741270595993139,0.7842369994530022,35359,0.018606375,0.0,0.018814499999999998,0.0,0.0,0.017815499999999998,0.0,0.0,0.016566749999999998,2.606750665748119,0.0032233973216348796,0.003125774089982728,0.9754285614719055,9.931275056140459,8.891095366365779,0.0060619404098668575,0.8936995111804626,0.9453568168583028
2026-07-25,/vol/bitbucket/osella/rl-qecc-data/supervisedLearning/sweep/mix_66-96-126-153_H3_s1.pth,/vol/bitbucket/osella/rl-qecc-data/supervisedLearning/codeEvaluationTrainingData/l_12_m_6,12,6,100000,6,True,0.6452575564515135,0.6414649131442581,0.6493753831409322,0.7556847479518479,0.7502812015851651,0.7611977120684001,35359,0.009865125000000002,0.008158499999999992,0.027097875,0.009282374999999995,0.007409250000000006,0.015843515624999974,0.007617375000000003,0.006493499999999999,0.012362624999999995,2.582313776025772,0.0031901858526569233,0.003199337204684075,1.0688968740671227,9.948235114998083,8.891095366365779,0.0027795206675204714,0.8936995111804626,0.9453568168583028
2026-07-25,/vol/bitbucket/osella/rl-qecc-data/supervisedLearning/sweep/mix_66-96-126-153_H3_s2.pth,/vol/bitbucket/osella/rl-qecc-data/supervisedLearning/codeEvaluationTrainingData/l_12_m_6,12,6,100000,6,True,0.668699551435107,0.6648751615691949,0.6726940960137746,0.750919499573193,0.7456015998299294,0.756550186885371,35359,0.012112875000000002,0.010988999999999999,0.021603375,0.012112875000000002,0.010988999999999999,0.018606375,0.012112875000000002,0.010489499999999999,0.016858125,2.5508296352648734,0.0031583535235426767,0.003099278405023225,1.0272705105368707,9.925670861823875,8.891095366365779,0.004599566874620474,0.8936995111804626,0.9453568168583028
2026-07-25,/vol/bitbucket/osella/rl-qecc-data/supervisedLearning/sweep/mix_66-96-126-153_H4_s0.pth,/vol/bitbucket/osella/rl-qecc-data/supervisedLearning/codeEvaluationTrainingData/l_12_m_6,12,6,100000,6,True,0.6550350129511019,0.6512687279114064,0.6591088699055038,0.7916694927255513,0.7865924853257374,0.7965286097169125,35359,0.018606375,0.0,0.018606375,0.0,0.0,0.016566749999999998,0.0,0.0,0.007825499999999999,2.6105471460962297,0.0032301262087362226,0.0031493910653493913,0.95038506340501,9.990557732638667,8.891095366365779,0.00572320359615311,0.8936995111804626,0.9453568168583028
2026-07-25,/vol/bitbucket/osella/rl-qecc-data/supervisedLearning/sweep/mix_66-96-126-153_H4_s1.pth,/vol/bitbucket/osella/rl-qecc-data/supervisedLearning/codeEvaluationTrainingData/l_12_m_6,12,6,100000,6,True,0.6724256027436064,0.6687111208463916,0.6762521630407886,0.778328835434933,0.7732441993913556,0.7837032697390865,35359,0.038086875000000006,0.0,0.038086875000000006,0.0011238750000000033,0.0,0.015109875000000002,0.0011238750000000033,0.0,0.011363625000000002,2.57184646068573,0.003176510486181906,0.003096432030222614,0.9689846019898727,9.916912459763422,8.891095366365779,0.005344710517132362,0.8936995111804626,0.9453568168583028
2026-07-25,/vol/bitbucket/osella/rl-qecc-data/supervisedLearning/sweep/mix_66-96-126-153_H4_s2.pth,/vol/bitbucket/osella/rl-qecc-data/supervisedLearning/codeEvaluationTrainingData/l_12_m_6,12,6,100000,6,True,0.6508110452775362,0.6471407391455485,0.6549168088916882,0.760597345633424,0.7555280862534002,0.7660595760178713,35359,0.038086875000000006,0.0032467500000000066,0.038086875000000006,0.0032467500000000066,0.0021228750000000032,0.027097875,0.0032467500000000066,0.001997999999999986,0.017607375,2.5618376823997497,0.0032259067641999695,0.003172927463686654,0.9359845435868687,9.966258914368721,8.891095366365779,0.004492679324427006,0.8936995111804626,0.9453568168583028
2026-07-25,/vol/bitbucket/osella/rl-qecc-data/supervisedLearning/sweep/mix_66-96-126-153_H6_s0.pth,/vol/bitbucket/osella/rl-qecc-data/supervisedLearning/codeEvaluationTrainingData/l_12_m_6,12,6,100000,6,True,0.6135163119656994,0.6094399401102673,0.6178246464787757,0.7576076462520033,0.7523201580895792,0.7630959730893129,35359,0.010614375000000002,0.009490499999999999,0.026098875,0.010614375000000002,0.009490499999999999,0.021603375,0.010614375000000002,0.009490499999999999,0.021603375,2.721001533281803,0.0032914574684843887,0.003332962527175724,0.9442118733020224,10.08873309581707,8.891095366365779,0.0015602320072849321,0.8936995111804626,0.9453568168583028
2026-07-25,/vol/bitbucket/osella/rl-qecc-data/supervisedLearning/sweep/mix_66-96-126-153_H6_s1.pth,/vol/bitbucket/osella/rl-qecc-data/supervisedLearning/codeEvaluationTrainingData/l_12_m_6,12,6,100000,6,True,0.6451579946009379,0.6414015799977191,0.6495124803714444,0.7782309170044444,0.7731251299236873,0.783616674695446,35359,0.017607375,0.0,0.020312999999999998,0.0011238750000000033,0.0,0.016108875,0.0010406250000000034,0.0,0.008866124999999996,2.596007753074169,0.003151862354491356,0.003182220400201215,0.9292699102115092,9.99345248660713,8.891095366365779,0.0017319615969362122,0.8936995111804626,0.9453568168583028
2026-07-25,/vol/bitbucket/osella/rl-qecc-data/supervisedLearning/sweep/mix_66-96-126-153_H6_s2.pth,/vol/bitbucket/osella/rl-qecc-data/supervisedLearning/codeEvaluationTrainingData/l_12_m_6,12,6,100000,6,True,0.666658178175135,0.663159480832937,0.6706097946103341,0.7479064976678935,0.7424498462208395,0.753813406582873,35359,0.0011238750000000033,0.0,0.044580375000000005,0.0010406250000000034,0.0,0.003524596874999967,0.0010406250000000034,0.0,0.0031218749999999892,2.5212916167998314,0.003081942248754913,0.0030941662260875187,0.9439239974168843,9.945404358645428,8.891095366365779,0.0023161255942372324,0.8936995111804626,0.9453568168583028
2026-07-25,/vol/bitbucket/osella/rl-qecc-data/supervisedLearning/sweep/mix_66-96-126-153_H7_s0.pth,/vol/bitbucket/osella/rl-qecc-data/supervisedLearning/codeEvaluationTrainingData/l_12_m_6,12,6,100000,6,True,0.663405249345532,0.6597725871906057,0.6674471697436337,0.7587714898089176,0.7535711023369449,0.7641711518360241,35359,0.029095875,0.011113875000000002,0.029095875,0.011113875000000002,0.009989999999999999,0.024059249999999997,0.011113875000000002,0.009989999999999999,0.017107875,2.5538310437488554,0.003201228235352118,0.0031330188020454847,0.9271996411451134,9.921782530934376,8.891095366365779,0.004803223954857888,0.8936995111804626,0.9453568168583028
2026-07-25,/vol/bitbucket/osella/rl-qecc-data/supervisedLearning/sweep/mix_66-96-126-153_H7_s1.pth,/vol/bitbucket/osella/rl-qecc-data/supervisedLearning/codeEvaluationTrainingData/l_12_m_6,12,6,100000,6,True,0.6251515649489435,0.6210655785099594,0.6294617802177577,0.7456304445242464,0.7402874194914639,0.7512648879558448,35359,0.015109875000000002,0.013985999999999998,0.032842125,0.015109875000000002,0.013985999999999998,0.024600375,0.015109875000000002,0.011988000000000013,0.024600375,2.5546087200415135,0.0032036572392689874,0.0032595285054487833,0.9656019654025741,10.051757052479902,8.891095366365779,0.0037010866710918628,0.8936995111804626,0.9453568168583028
2026-07-25,/vol/bitbucket/osella/rl-qecc-data/supervisedLearning/sweep/mix_66-96-126-153_H7_s2.pth,/vol/bitbucket/osella/rl-qecc-data/supervisedLearning/codeEvaluationTrainingData/l_12_m_6,12,6,100000,6,True,0.6660030312197202,0.662164213535827,0.6701984554532131,0.7876885709053929,0.7828569354398335,0.7927425024673231,35359,0.0031218749999999892,0.001997999999999986,0.026598375,0.0031218749999999892,8.324999999999999e-05,0.015567749999999998,0.0011238750000000033,0.0,0.011113875000000002,2.556378720235825,0.003068758665722195,0.0031064507060842637,1.0316927770281576,10.012224187769867,8.891095366365779,0.0019445253428939384,0.8936995111804626,0.9453568168583028
2026-07-25,/vol/bitbucket/osella/rl-qecc-data/supervisedLearning/sweep/mix_66-96-126_H10_s0.pth,/vol/bitbucket/osella/rl-qecc-data/supervisedLearning/codeEvaluationTrainingData/l_12_m_6,12,6,100000,6,True,0.6091552678120482,0.6046933064259539,0.6137427354776299,0.7290162391566484,0.7231573094055448,0.7354075269966199,35359,0.019105875,0.017732249999999998,0.029095875,0.018856125,0.017732249999999998,0.022602375000000008,0.018356625,0.017232749999999998,0.0206668125,2.65583934091568,0.0032615224608875774,0.0033061524354341338,1.0638156723338,10.096165513125168,8.891095366365779,0.0047695307480471434,0.8936995111804626,0.9453568168583028
2026-07-25,/vol/bitbucket/osella/rl-qecc-data/supervisedLearning/sweep/mix_66-96-126_H10_s1.pth,/vol/bitbucket/osella/rl-qecc-data/supervisedLearning/codeEvaluationTrainingData/l_12_m_6,12,6,100000,6,True,0.5872382540036549,0.5828191257695022,0.5917761479504784,0.6946490228469965,0.6881520851833475,0.7012613587113287,35359,0.021603375,0.020479499999999998,0.030594375000000007,0.020854125,0.014860124999999995,0.025557749999999997,0.014860124999999995,0.013736249999999992,0.021603375,2.728481971774101,0.0033504895689806615,0.0033824071169151946,1.1015357961692125,10.128467023868502,8.891095366365779,0.005979579199058981,0.8936995111804626,0.9453568168583028
2026-07-25,/vol/bitbucket/osella/rl-qecc-data/supervisedLearning/sweep/mix_66-96-126_H10_s2.pth,/vol/bitbucket/osella/rl-qecc-data/supervisedLearning/codeEvaluationTrainingData/l_12_m_6,12,6,100000,6,True,0.6248835545956467,0.62073347888441,0.6291078784791972,0.7495397441221593,0.7437223444322066,0.7554401881972795,35359,0.025599375,0.009823499999999999,0.026098875,0.010864125000000002,0.009740249999999999,0.025599375,0.010864125000000002,0.009740249999999999,0.022114321874999992,2.6788941827058794,0.0031883349265574954,0.0032480588448943522,1.0563983534683095,10.056221799235752,8.891095366365779,0.004232656406568005,0.8936995111804626,0.9453568168583028
2026-07-25,/vol/bitbucket/osella/rl-qecc-data/supervisedLearning/sweep/mix_66-96-126_H3_s0.pth,/vol/bitbucket/osella/rl-qecc-data/supervisedLearning/codeEvaluationTrainingData/l_12_m_6,12,6,100000,6,True,0.6661503014015214,0.6624654253229489,0.6702209828846668,0.7567850761574201,0.7515561874148703,0.762456773313279,35359,0.015359625000000002,0.009865125000000002,0.030594375,0.009865125000000002,0.001997999999999986,0.015609375000000002,0.0031218749999999892,0.001997999999999986,0.015359625000000002,2.559344762527943,0.0031636897607248107,0.003107420268479301,0.9940882427354221,9.90544398747632,8.891095366365779,0.004324393341143518,0.8936995111804626,0.9453568168583028
2026-07-25,/vol/bitbucket/osella/rl-qecc-data/supervisedLearning/sweep/mix_66-96-126_H3_s1.pth,/vol/bitbucket/osella/rl-qecc-data/supervisedLearning/codeEvaluationTrainingData/l_12_m_6,12,6,100000,6,True,0.5930639624054453,0.5887782256783111,0.5974691711264275,0.7091930298753396,0.7032880242615845,0.7157389316071963,35359,0.026598375,0.020104875,0.029095875,0.020104875,0.011821499999999999,0.026598375,0.012862125000000002,0.011738249999999999,0.020604375000000008,2.6524520752716065,0.003311222087139074,0.0033660640558883,1.0090407596097921,10.104483059889176,8.891095366365779,0.0043723294709042525,0.8936995111804626,0.9453568168583028
2026-07-25,/vol/bitbucket/osella/rl-qecc-data/supervisedLearning/sweep/mix_66-96-126_H3_s2.pth,/vol/bitbucket/osella/rl-qecc-data/supervisedLearning/codeEvaluationTrainingData/l_12_m_6,12,6,100000,6,True,0.6617015688867791,0.6579482367453753,0.665647197178187,0.760909156926459,0.7554111020577697,0.7665696532260805,35359,0.007242749999999999,0.0010146093750000047,0.046828125000000005,0.0,0.0,0.007242749999999999,0.0,0.0,0.0,2.4563965352344512,0.003098793476912524,0.0031293258605958317,1.000282776764907,9.995937339226032,8.891095366365779,0.003150351920255458,0.8936995111804626,0.9453568168583028
2026-07-25,/vol/bitbucket/osella/rl-qecc-data/supervisedLearning/sweep/mix_66-96-126_H4_s0.pth,/vol/bitbucket/osella/rl-qecc-data/supervisedLearning/codeEvaluationTrainingData/l_12_m_6,12,6,100000,6,True,0.6116533571007331,0.60733977343159,0.6162044758830222,0.736703923889768,0.7311140622009545,0.7430873163892802,35359,0.033591375,0.021353625,0.033591375,0.021353625,0.020229749999999998,0.030094875,0.021353625,0.020229749999999998,0.024100875,2.6776808543014528,0.0032366932472115174,0.0032973944993323484,1.0374652806074092,10.076767465915678,8.891095366365779,0.0040790067845028624,0.8936995111804626,0.9453568168583028
2026-07-25,/vol/bitbucket/osella/rl-qecc-data/supervisedLearning/sweep/mix_66-96-126_H4_s1.pth,/vol/bitbucket/osella/rl-qecc-data/supervisedLearning/codeEvaluationTrainingData/l_12_m_6,12,6,100000,6,True,0.6281164389059899,0.6239551133207278,0.6325426225541845,0.7609758000995761,0.7554952574454805,0.7670507232440036,35359,0.016858125,0.015734249999999998,0.045079875000000005,0.016858125,0.015068249999999998,0.023601375,0.016108875,0.014984999999999998,0.022102875,2.6321688091945648,0.0031907454208814864,0.0032383957964044335,1.0825270699672833,10.046727989389664,8.891095366365779,0.0036128068220588473,0.8936995111804626,0.9453568168583028
2026-07-25,/vol/bitbucket/osella/rl-qecc-data/supervisedLearning/sweep/mix_66-96-126_H4_s2.pth,/vol/bitbucket/osella/rl-qecc-data/supervisedLearning/codeEvaluationTrainingData/l_12_m_6,12,6,100000,6,True,0.5874182333950223,0.5831465408918894,0.5919319487065698,0.6979601749043275,0.6917438223558793,0.7046824451722902,35359,0.027347625,0.019105875,0.027597375,0.019105875,0.016483499999999998,0.027347625,0.017607375,0.016480378124999997,0.019355625,2.575244199132919,0.0033527316651804167,0.0033960870230295586,1.002258362066978,10.129509464860735,8.891095366365779,0.008826951953165114,0.8936995111804626,0.9453568168583028
2026-07-25,/vol/bitbucket/osella/rl-qecc-data/supervisedLearning/sweep/mix_66-96-126_H6_s0.pth,/vol/bitbucket/osella/rl-qecc-data/supervisedLearning/codeEvaluationTrainingData/l_12_m_6,12,6,100000,6,True,0.6581870814048261,0.6545322163801605,0.6619771754581215,0.7443379910639364,0.7387884884016892,0.7498387596116043,35359,0.0031218749999999892,0.001997999999999986,0.034465499999999996,0.0031218749999999892,0.001997999999999986,0.020312999999999998,0.0031218749999999892,0.001997999999999986,0.014360625000000002,2.561224855737686,0.0031328875222946806,0.0031369762846841912,1.0716406395707527,9.910761394002426,8.891095366365779,0.003150753213148035,0.8936995111804626,0.9453568168583028
2026-07-25,/vol/bitbucket/osella/rl-qecc-data/supervisedLearning/sweep/mix_66-96-126_H6_s1.pth,/vol/bitbucket/osella/rl-qecc-data/supervisedLearning/codeEvaluationTrainingData/l_12_m_6,12,6,100000,6,True,0.6097264893663137,0.6054971277673222,0.6143500251750615,0.7285127335444932,0.7224468705972867,0.7349518933130628,35359,0.026098875,0.020562749999999998,0.04353975,0.021603375,0.020479499999999998,0.030594375,0.021603375,0.020479499999999998,0.026098875,2.6919053365278245,0.003257850368905352,0.0033130432424847782,1.0803017372280717,10.092656716177414,8.891095366365779,0.005296331097363255,0.8936995111804626,0.9453568168583028
2026-07-25,/vol/bitbucket/osella/rl-qecc-data/supervisedLearning/sweep/mix_66-96-126_H6_s2.pth,/vol/bitbucket/osella/rl-qecc-data/supervisedLearning/codeEvaluationTrainingData/l_12_m_6,12,6,100000,6,True,0.6811124422067072,0.6774782699275547,0.6850466962634452,0.7470990155950931,0.7417762958527224,0.7525911908348205,35359,0.016608375,0.014735250000000012,0.03404925,0.014360625000000002,0.001997999999999986,0.029595375,0.0031218749999999892,0.001997999999999986,0.015567749999999998,2.4696295110058784,0.00303667646905027,0.0030546492341090776,1.0261698700501383,9.850231837306552,8.891095366365779,0.005487362190094966,0.8936995111804626,0.9453568168583028
2026-07-25,/vol/bitbucket/osella/rl-qecc-data/supervisedLearning/sweep/mix_66-96-126_H7_s0.pth,/vol/bitbucket/osella/rl-qecc-data/supervisedLearning/codeEvaluationTrainingData/l_12_m_6,12,6,100000,6,True,0.6281830133030645,0.6242152432856637,0.6325693462185732,0.7526649247336119,0.7473883445803067,0.7586528634351255,35359,0.033591375,0.020978999999999998,0.033591375,0.022102875,0.02022975000000001,0.033091875,0.021353625,0.015999609375000005,0.024100875000000008,2.6812084596681593,0.003209887512794199,0.0032347243624534887,1.1363558140264138,10.077953563855358,8.891095366365779,0.006030338921768277,0.8936995111804626,0.9453568168583028
2026-07-25,/vol/bitbucket/osella/rl-qecc-data/supervisedLearning/sweep/mix_66-96-126_H7_s1.pth,/vol/bitbucket/osella/rl-qecc-data/supervisedLearning/codeEvaluationTrainingData/l_12_m_6,12,6,100000,6,True,0.611072473373542,0.6067183249292842,0.6155335933558509,0.7334323342611005,0.7276076693554382,0.7397708183606789,35359,0.018856125,0.017732249999999998,0.029595375,0.018856125,0.017732249999999998,0.025599375,0.018856125,0.017732249999999998,0.022560749999999997,2.6390033809185027,0.003294805421615967,0.0033191920956603367,1.1176134574476617,10.097890103597424,8.891095366365779,0.00446087196256805,0.8936995111804626,0.9453568168583028
2026-07-25,/vol/bitbucket/osella/rl-qecc-data/supervisedLearning/sweep/mix_66-96-126_H7_s2.pth,/vol/bitbucket/osella/rl-qecc-data/supervisedLearning/codeEvaluationTrainingData/l_12_m_6,12,6,100000,6,True,0.6666685729469356,0.6630805456369782,0.6706350678480693,0.7565498628446675,0.7512605912108454,0.7619826769852902,35359,0.017607375,0.0031218749999999892,0.038086875000000006,0.0031218749999999892,0.001997999999999986,0.017607375,0.0031218749999999892,0.001997999999999986,0.011113875000000002,2.6145500176048277,0.003077513145672943,0.003109809860854856,1.029231631387077,9.930738421710238,8.891095366365779,0.00485021802184743,0.8936995111804626,0.9453568168583028
2026-07-25,/vol/bitbucket/osella/rl-qecc-data/supervisedLearning/sweep/mix_66-96_H10_s0.pth,/vol/bitbucket/osella/rl-qecc-data/supervisedLearning/codeEvaluationTrainingData/l_12_m_6,12,6,100000,6,False,0.626505441284386,0.6227453484589511,0.6308167719186133,0.7199062156919966,0.7144466443181954,0.7259540533637706,35359,0.009115875000000002,0.007991999999999999,0.017607375,0.009115875000000002,0.006118875000000003,0.014987081249999996,0.006118875000000003,0.00498875625,0.009115875000000002,2.707688977715969,0.006055369417236,0.0033742805709534697,0.9217085479597186,11.249729010630254,8.891095366365779,0.0473688926803998,0.8936995111804626,0.9453568168583028
2026-07-25,/vol/bitbucket/osella/rl-qecc-data/supervisedLearning/sweep/mix_66-96_H10_s1.pth,/vol/bitbucket/osella/rl-qecc-data/supervisedLearning/codeEvaluationTrainingData/l_12_m_6,12,6,100000,6,False,0.6056408961032325,0.6013365228890405,0.6100643928503183,0.6706661996037966,0.6638781347966543,0.6773360893827948,35359,0.032092875,0.026098875,0.035589375000000006,0.026098875,0.024974999999999997,0.032092875,0.026098875,0.02241298125,0.027597375,2.7425629208898545,0.004495646978826627,0.0034037870807149223,0.980464537792294,10.578877552380884,8.891095366365779,0.029498377926548455,0.8936995111804626,0.9453568168583028
2026-07-25,/vol/bitbucket/osella/rl-qecc-data/supervisedLearning/sweep/mix_66-96_H10_s2.pth,/vol/bitbucket/osella/rl-qecc-data/supervisedLearning/codeEvaluationTrainingData/l_12_m_6,12,6,100000,6,False,0.6685536680567272,0.6647376177641443,0.6724125758413554,0.7792806844807311,0.7744035757471269,0.7847274164678397,35359,0.0032467500000000066,0.0021228750000000032,0.035589375000000006,0.0032467500000000066,0.0021041437500000045,0.00986512500000001,0.0032467500000000066,0.0,0.007742249999999999,3.4089834854912757,0.00469229701756884,0.003132775447514387,0.993517597298014,11.044588503650852,8.891095366365779,0.03792683313548032,0.8936995111804626,0.9453568168583028
2026-07-25,/vol/bitbucket/osella/rl-qecc-data/supervisedLearning/sweep/mix_66-96_H3_s0.pth,/vol/bitbucket/osella/rl-qecc-data/supervisedLearning/codeEvaluationTrainingData/l_12_m_6,12,6,100000,6,False,0.672997131946539,0.6695277295613741,0.676916642337378,0.6881254127147535,0.682115623753681,0.6945947308288412,35359,0.031093875,0.006493499999999999,0.03446758125,0.007617375000000003,0.006493499999999999,0.023601375,0.007617375000000003,0.006493499999999999,0.01911524062499999,2.5877352803838254,0.00478728125092646,0.0030914048823107833,0.7798456855221517,10.427914567908784,8.891095366365779,0.0333012393723947,0.8936995111804626,0.9453568168583028
2026-07-25,/vol/bitbucket/osella/rl-qecc-data/supervisedLearning/sweep/mix_66-96_H3_s1.pth,/vol/bitbucket/osella/rl-qecc-data/supervisedLearning/codeEvaluationTrainingData/l_12_m_6,12,6,100000,6,False,0.6138792574892384,0.609897810565405,0.6181958065664971,0.6940553350871184,0.6881574246403175,0.7004273162245133,35359,0.015859125,0.012986999999999999,0.024600375,0.009865125000000002,0.008741249999999999,0.015109875000000002,0.009865125000000002,0.008741249999999999,0.015109875000000002,2.722339966906309,0.003554363136634152,0.003291595142730916,0.8667222252723163,10.120724961138812,8.891095366365779,0.014778035137384932,0.8936995111804626,0.9453568168583028
2026-07-25,/vol/bitbucket/osella/rl-qecc-data/supervisedLearning/sweep/mix_66-96_H3_s2.pth,/vol/bitbucket/osella/rl-qecc-data/supervisedLearning/codeEvaluationTrainingData/l_12_m_6,12,6,100000,6,False,0.6616780784855527,0.6578933006830956,0.6657907529033974,0.6742732040973449,0.6676261332974519,0.681296816328086,35359,0.017607375,0.007742249999999999,0.036754875000000006,0.008866125000000002,0.007742249999999999,0.017607375,0.008866125000000002,0.0,0.011113875000000002,2.5741634242463114,0.003958150080380498,0.003119854681111753,0.8822060786831101,10.156117540703038,8.891095366365779,0.023528442990225495,0.8936995111804626,0.9453568168583028
2026-07-25,/vol/bitbucket/osella/rl-qecc-data/supervisedLearning/sweep/mix_66-96_H4_s0.pth,/vol/bitbucket/osella/rl-qecc-data/supervisedLearning/codeEvaluationTrainingData/l_12_m_6,12,6,100000,6,False,0.5832069208096048,0.5790784493757314,0.5877124042067502,0.6834244008799439,0.6776853185132325,0.6898655446275522,35359,0.016108875,0.014984999999999998,0.030594375,0.016108875,0.014735249999999998,0.022102875,0.015859124999999995,0.014735249999999991,0.019105875,2.5796820281219484,0.0034166598256559224,0.0034182384314281303,1.1757096120036097,10.424269079394026,8.891095366365779,0.011285486711748432,0.8936995111804626,0.9453568168583028
2026-07-25,/vol/bitbucket/osella/rl-qecc-data/supervisedLearning/sweep/mix_66-96_H4_s1.pth,/vol/bitbucket/osella/rl-qecc-data/supervisedLearning/codeEvaluationTrainingData/l_12_m_6,12,6,100000,6,False,0.657216076311882,0.6534827272281547,0.6614524589043221,0.6896182352239001,0.6832453700344561,0.6962930257345483,35359,0.011113875000000002,0.0010406250000000034,0.019855125,0.0010406250000000034,0.0,0.011113875000000002,0.0010406250000000034,0.0,0.009615375000000002,2.6241313436985014,0.004363623825733134,0.0031366100993179395,0.7498357991023736,10.307146498127524,8.891095366365779,0.02800122106270051,0.8936995111804626,0.9453568168583028
2026-07-25,/vol/bitbucket/osella/rl-qecc-data/supervisedLearning/sweep/mix_66-96_H4_s2.pth,/vol/bitbucket/osella/rl-qecc-data/supervisedLearning/codeEvaluationTrainingData/l_12_m_6,12,6,100000,6,False,0.621516408392765,0.6172713571362959,0.6257850885791485,0.7502838720542954,0.7450182573161537,0.7558990930485395,35359,0.024850125,0.017815499999999998,0.026098875,0.018856125,0.017732249999999998,0.024850125,0.018856125,0.016858125,0.022105996875,2.583806920540333,0.003589697019465116,0.0033051557484639273,0.9367249557108637,10.292205339667936,8.891095366365779,0.01784193684473069,0.8936995111804626,0.9453568168583028
2026-07-25,/vol/bitbucket/osella/rl-qecc-data/supervisedLearning/sweep/mix_66-96_H6_s0.pth,/vol/bitbucket/osella/rl-qecc-data/supervisedLearning/codeEvaluationTrainingData/l_12_m_6,12,6,100000,6,False,0.6586422079652472,0.6549777517057921,0.662805846316852,0.731973235964383,0.7265996246505895,0.7377228549750596,35359,0.016608375,0.010073249999999999,0.036754875000000006,0.011113875000000002,0.009989999999999999,0.018106875,0.011113875000000002,0.009240750000000013,0.017607374999999995,2.745033946561813,0.005238591115040522,0.0031396044068785992,0.8333308915085073,10.861197497778463,8.891095366365779,0.040517467839997025,0.8936995111804626,0.9453568168583028
2026-07-25,/vol/bitbucket/osella/rl-qecc-data/supervisedLearning/sweep/mix_66-96_H6_s1.pth,/vol/bitbucket/osella/rl-qecc-data/supervisedLearning/codeEvaluationTrainingData/l_12_m_6,12,6,100000,6,False,0.6646447928170702,0.6608215992730262,0.6683725982076719,0.7270172463546887,0.7215957083519603,0.7325914294471408,35359,0.0031218749999999892,0.001997999999999986,0.021353625,0.0031218749999999892,0.001997999999999986,0.016566749999999998,0.0031218749999999892,0.001997999999999986,0.010364625000000002,2.6346039345538617,0.004526934994836492,0.0031152603110741217,0.8278229283309391,10.357292288515076,8.891095366365779,0.0302125533686678,0.8936995111804626,0.9453568168583028
2026-07-25,/vol/bitbucket/osella/rl-qecc-data/supervisedLearning/sweep/mix_66-96_H6_s2.pth,/vol/bitbucket/osella/rl-qecc-data/supervisedLearning/codeEvaluationTrainingData/l_12_m_6,12,6,100000,6,False,0.666143294640215,0.6625029798400321,0.6701640565518451,0.6801336815549043,0.673587124890038,0.6868507084979962,35359,0.0011238750000000033,0.0,0.036754875000000006,0.0010406250000000034,0.0,0.016608374999999995,0.0010406250000000034,0.0,0.002756615624999984,2.5868145359778403,0.004425993201383418,0.003096944699336332,0.7873102349567042,10.327018277384553,8.891095366365779,0.02989137949223545,0.8936995111804626,0.9453568168583028
2026-07-25,/vol/bitbucket/osella/rl-qecc-data/supervisedLearning/sweep/mix_66-96_H7_s0.pth,/vol/bitbucket/osella/rl-qecc-data/supervisedLearning/codeEvaluationTrainingData/l_12_m_6,12,6,100000,6,False,0.6720029027532655,0.6684436726805769,0.6759880890582602,0.6842617219348568,0.6777539907985253,0.691043930387286,35359,0.018606375,0.0,0.018606375,0.0,0.0,0.017566790625,0.0,0.0,0.007825499999999999,2.6140546093738077,0.0048022885821911825,0.0030891356779639413,0.860174359012749,10.551867382495063,8.891095366365779,0.03597629881472495,0.8936995111804626,0.9453568168583028
2026-07-25,/vol/bitbucket/osella/rl-qecc-data/supervisedLearning/sweep/mix_66-96_H7_s1.pth,/vol/bitbucket/osella/rl-qecc-data/supervisedLearning/codeEvaluationTrainingData/l_12_m_6,12,6,100000,6,False,0.6737245963739541,0.6702888512780575,0.677477255262968,0.6837049197202907,0.6771565248291306,0.6903973258003999,35359,0.021853125,0.009989999999999999,0.021853125,0.007617375000000003,0.0,0.018606375,0.0,0.0,0.007825499999999992,2.5841494149422646,0.004418661839109158,0.003088677013262447,0.818072988058147,10.299472729289635,8.891095366365779,0.029272932872231563,0.8936995111804626,0.9453568168583028
2026-07-25,/vol/bitbucket/osella/rl-qecc-data/supervisedLearning/sweep/mix_66-96_H7_s2.pth,/vol/bitbucket/osella/rl-qecc-data/supervisedLearning/codeEvaluationTrainingData/l_12_m_6,12,6,100000,6,False,0.6710612596477158,0.6674999301176842,0.674937568265136,0.7069776522839761,0.7008604635730964,0.7132599473076301,35359,0.008866125000000002,0.006993000000000013,0.021353625,0.0032467500000000066,0.0,0.016566749999999998,0.0,0.0,0.008866125000000002,2.6005257538127897,0.004263999959114767,0.0030975112740689974,0.7929690887578642,10.241440794126849,8.891095366365779,0.026762857354741522,0.8936995111804626,0.9453568168583028
2026-07-25,/vol/bitbucket/osella/rl-qecc-data/supervisedLearning/sweep/mix_66_H10_s0.pth,/vol/bitbucket/osella/rl-qecc-data/supervisedLearning/codeEvaluationTrainingData/l_12_m_6,12,6,100000,6,False,0.6041883622243134,0.5999266807295514,0.6088718403415249,0.7444759009588175,0.7387378796150903,0.7504562139977536,35359,0.024600374999999994,0.015109875000000002,0.024600375,0.015109875000000002,0.013985999999999998,0.02355974999999999,0.015109875000000002,0.013985999999999998,0.020104875000000008,4.054360096688271,0.005801981718292102,0.00351506145025811,0.8044765013140648,12.08264458925199,8.891095366365779,0.05118004851625346,0.8936995111804626,0.9453568168583028
2026-07-25,/vol/bitbucket/osella/rl-qecc-data/supervisedLearning/sweep/mix_66_H10_s1.pth,/vol/bitbucket/osella/rl-qecc-data/supervisedLearning/codeEvaluationTrainingData/l_12_m_6,12,6,100000,6,False,0.6175783188085815,0.6134875228153556,0.6221474603120869,0.7622915726053996,0.7571580019654954,0.767810017226789,35359,0.019605375,0.011488499999999999,0.019605375,0.012612375000000002,0.011488499999999999,0.019118362499999996,0.012612375000000002,0.008241749999999992,0.01761674062499999,4.09182003068924,0.005686885018169863,0.0034170927982720206,0.8711660906068633,12.104503763069824,8.891095366365779,0.05049326852070812,0.8936995111804626,0.9453568168583028
2026-07-25,/vol/bitbucket/osella/rl-qecc-data/supervisedLearning/sweep/mix_66_H10_s2.pth,/vol/bitbucket/osella/rl-qecc-data/supervisedLearning/codeEvaluationTrainingData/l_12_m_6,12,6,100000,6,False,0.6039858980480551,0.5996282706757292,0.6085367874561901,0.761735568479031,0.7563765441502396,0.7670093661382169,35359,0.021853125,0.007242749999999999,0.024100875,0.007242749999999999,0.006118874999999996,0.020812499999999998,0.007242749999999999,0.006118874999999996,0.011321999999999992,3.94560405397892,0.004516434471962096,0.0034316450802600934,0.9395641751340388,11.668074608276457,8.891095366365779,0.03691267017378054,0.8936995111804626,0.9453568168583028
2026-07-25,/vol/bitbucket/osella/rl-qecc-data/supervisedLearning/sweep/mix_66_H3_s0.pth,/vol/bitbucket/osella/rl-qecc-data/supervisedLearning/codeEvaluationTrainingData/l_12_m_6,12,6,100000,6,False,0.5764425129802478,0.5718296993399871,0.5813056335382436,0.6848333705767706,0.6781474174931487,0.6911460772796635,35359,0.026098875,0.019230749999999998,0.027597375,0.020354625,0.012612375000000002,0.026098875,0.012612375000000002,0.011488499999999999,0.021853125,4.239600283675194,0.006589391873203912,0.003676515454751773,0.7196987327282762,12.601844233225284,8.891095366365779,0.05904256642270958,0.8936995111804626,0.9453568168583028
2026-07-25,/vol/bitbucket/osella/rl-qecc-data/supervisedLearning/sweep/mix_66_H3_s1.pth,/vol/bitbucket/osella/rl-qecc-data/supervisedLearning/codeEvaluationTrainingData/l_12_m_6,12,6,100000,6,False,0.580161684983853,0.5756144385291112,0.5850226815406121,0.7089785156197091,0.702353366127123,0.7151989339866712,35359,0.013611375000000002,0.012320999999999992,0.023351625,0.013361624999999995,0.012237749999999992,0.019105875,0.013361624999999995,0.012237749999999992,0.017607375,4.293071052207947,0.005462760161915739,0.0036441443942058596,0.6491953542573751,12.112584332329629,8.891095366365779,0.04731890151669417,0.8936995111804626,0.9453568168583028
2026-07-25,/vol/bitbucket/osella/rl-qecc-data/supervisedLearning/sweep/mix_66_H3_s2.pth,/vol/bitbucket/osella/rl-qecc-data/supervisedLearning/codeEvaluationTrainingData/l_12_m_6,12,6,100000,6,False,0.5943092057689111,0.5896702100642335,0.5988367326207122,0.7290907158053501,0.7227514634280024,0.734865630991596,35359,0.022469175,0.021103875000000008,0.038086875000000006,0.021103875000000008,0.015484499999999998,0.022602375,0.016608375,0.015484499999999998,0.022469175,4.971912671613693,0.004796023636121838,0.003557780820249191,0.7124738040593425,11.869468581068755,8.891095366365779,0.03750962193888102,0.8936995111804626,0.9453568168583028
2026-07-25,/vol/bitbucket/osella/rl-qecc-data/supervisedLearning/sweep/mix_66_H4_s0.pth,/vol/bitbucket/osella/rl-qecc-data/supervisedLearning/codeEvaluationTrainingData/l_12_m_6,12,6,100000,6,False,0.5582358434740646,0.5536031935683762,0.5629233636184586,0.676189177941076,0.6691731873791942,0.6828556783340027,35359,0.023601375,0.012071249999999999,0.024100875,0.013111875000000002,0.011987999999999999,0.023601375,0.013111875000000002,0.011987999999999999,0.022602375000000008,4.000705482060909,0.0059962445644315505,0.0036742378720100682,0.6824896255143041,12.280244569049147,8.891095366365779,0.0524314650547658,0.8936995111804626,0.9453568168583028
2026-07-25,/vol/bitbucket/osella/rl-qecc-data/supervisedLearning/sweep/mix_66_H4_s1.pth,/vol/bitbucket/osella/rl-qecc-data/supervisedLearning/codeEvaluationTrainingData/l_12_m_6,12,6,100000,6,False,0.6285971260011107,0.62431466833586,0.6328756247990426,0.7646203858730021,0.7589063266332913,0.7701599387496355,35359,0.023601375,0.015109875000000002,0.031593375,0.015109875000000002,0.013985999999999998,0.022586765624999974,0.015109875000000002,0.013111875000000002,0.018606375,4.04647157207489,0.005842480496050792,0.0033490031445261893,0.8793029126570701,12.278892429596672,8.891095366365779,0.05452231857211539,0.8936995111804626,0.9453568168583028
2026-07-25,/vol/bitbucket/osella/rl-qecc-data/supervisedLearning/sweep/mix_66_H4_s2.pth,/vol/bitbucket/osella/rl-qecc-data/supervisedLearning/codeEvaluationTrainingData/l_12_m_6,12,6,100000,6,False,0.611428350099716,0.6070586908941777,0.6159847168654072,0.750263169917832,0.7446012492301958,0.7557112934320614,35359,0.024100875,0.012986999999999999,0.027056249999999997,0.014110875000000002,0.012986999999999999,0.024100875,0.014110875000000002,0.012986999999999999,0.018606375,4.3343439751815795,0.005859541988507683,0.0034284889538298245,0.7757407187457666,12.275407022979264,8.891095366365779,0.05254646037089766,0.8936995111804626,0.9453568168583028
2026-07-25,/vol/bitbucket/osella/rl-qecc-data/supervisedLearning/sweep/mix_66_H6_s0.pth,/vol/bitbucket/osella/rl-qecc-data/supervisedLearning/codeEvaluationTrainingData/l_12_m_6,12,6,100000,6,False,0.5853076534063074,0.5809517311674176,0.5901879446411313,0.7180068148732606,0.7118671700903088,0.7239837928876305,35359,0.021603375,0.011571749999999999,0.022102875,0.012612375000000002,0.011488499999999999,0.021603375,0.012612375000000002,0.011488499999999999,0.019605375,4.348068261356354,0.004602276934718937,0.003425023626892097,1.0181646583028123,11.796336851729448,8.891095366365779,0.038517424547524895,0.8936995111804626,0.9453568168583028
2026-07-25,/vol/bitbucket/osella/rl-qecc-data/supervisedLearning/sweep/mix_66_H6_s1.pth,/vol/bitbucket/osella/rl-qecc-data/supervisedLearning/codeEvaluationTrainingData/l_12_m_6,12,6,100000,6,False,0.6293826107060237,0.6250246123089289,0.633638594955482,0.7636888168309083,0.7579526367492069,0.7693064371862007,35359,0.022602375,0.019563749999999998,0.027472499999999997,0.020604375,0.014069249999999998,0.022602375,0.015109875000000002,0.013985999999999998,0.020854125,4.073204173977375,0.005895301385930349,0.0034114230315808623,0.8382741302101875,12.30122402096101,8.891095366365779,0.053892202239721326,0.8936995111804626,0.9453568168583028
2026-07-25,/vol/bitbucket/osella/rl-qecc-data/supervisedLearning/sweep/mix_66_H6_s2.pth,/vol/bitbucket/osella/rl-qecc-data/supervisedLearning/codeEvaluationTrainingData/l_12_m_6,12,6,100000,6,False,0.6303756733514376,0.6259963543724963,0.6345709632168964,0.7733775276763468,0.7678295623037134,0.7788334816116426,35359,0.021853125,0.007617375000000003,0.022469175,0.007617375000000003,0.006493499999999999,0.021853125,0.007617375000000003,0.006493499999999999,0.020731331249999995,4.536151628308296,0.00514620118192899,0.003411323972475633,0.8263919892711984,11.920779386546362,8.891095366365779,0.04466054471725335,0.8936995111804626,0.9453568168583028
2026-07-25,/vol/bitbucket/osella/rl-qecc-data/supervisedLearning/sweep/mix_66_H7_s0.pth,/vol/bitbucket/osella/rl-qecc-data/supervisedLearning/codeEvaluationTrainingData/l_12_m_6,12,6,100000,6,False,0.5628414144145971,0.5580268527941358,0.5677394186775587,0.6819928688140593,0.6752826232536593,0.6889886987101157,35359,0.024600375,0.009282374999999995,0.026598375,0.009282374999999995,0.0026362499999999997,0.024600375,0.003676875000000003,0.0025529999999999997,0.012612375000000002,4.299145502793789,0.00497845468980587,0.0036873640968553894,0.7254762731481074,11.950774352508905,8.891095366365779,0.03969643179134504,0.8936995111804626,0.9453568168583028
2026-07-25,/vol/bitbucket/osella/rl-qecc-data/supervisedLearning/sweep/mix_66_H7_s1.pth,/vol/bitbucket/osella/rl-qecc-data/supervisedLearning/codeEvaluationTrainingData/l_12_m_6,12,6,100000,6,False,0.6115460819639886,0.6069932569910058,0.6160851613268342,0.743383078802393,0.7370513066694985,0.7493770649250248,35359,0.017107875,0.015234749999999998,0.018065250000000005,0.012862125000000002,0.011738249999999999,0.017107875,0.012612375000000002,0.005236425000000003,0.016358625,4.391584774649143,0.006107522840772752,0.0034950889495071065,0.7275384240925269,12.280151980198813,8.891095366365779,0.05429211021681694,0.8936995111804626,0.9453568168583028
2026-07-25,/vol/bitbucket/osella/rl-qecc-data/supervisedLearning/sweep/mix_66_H7_s2.pth,/vol/bitbucket/osella/rl-qecc-data/supervisedLearning/codeEvaluationTrainingData/l_12_m_6,12,6,100000,6,False,0.6498284981748129,0.645809867287505,0.6539167299162181,0.7930396385559183,0.7882747299351717,0.7981646748741239,35359,0.012612375000000002,0.009448874999999989,0.027597375,0.010489499999999992,0.009365624999999989,0.014610375000000002,0.010489499999999992,0.009365624999999989,0.014110875000000002,4.330968069272041,0.005281505786759408,0.0032745677781847245,0.9585938062506295,11.932732931961327,8.891095366365779,0.0481154365930827,0.8936995111804626,0.9453568168583028
2026-07-25,/vol/bitbucket/osella/rl-qecc-data/supervisedLearning/sweep/ground_anch_H10_s0.pth,/vol/bitbucket/osella/rl-qecc-data/supervisedLearning/codeEvaluationTrainingData/l_15_m_3,15,3,17373,6,True,0.6904995296631011,0.6821998374356081,0.6991193572312709,0.6904995296631011,0.6821998374356081,0.6991193572312709,17373,0.0029969999999999997,0.0019855125000000006,0.009989999999999992,0.0029969999999999997,0.0014984999999999998,0.005993999999999999,0.0029969999999999997,0.0,0.005506987499999988,2.567301674758682,0.0040033995800711104,0.002842953377778425,0.6419922398061899,168.9681768318441,129.49442058433314,0.02575713654866852,0.9028743216897501,0.9501969909917365
2026-07-25,/vol/bitbucket/osella/rl-qecc-data/supervisedLearning/sweep/ground_anch_H10_s1.pth,/vol/bitbucket/osella/rl-qecc-data/supervisedLearning/codeEvaluationTrainingData/l_15_m_3,15,3,17373,6,True,0.4775902652698808,0.46609158277674134,0.48937463866865105,0.4775902652698808,0.46609158277674134,0.48937463866865105,17373,0.012986999999999999,0.011987999999999999,0.016983000000000005,0.012986999999999999,0.011987999999999999,0.016983000000000005,0.012986999999999999,0.0049949999999999994,0.015234749999999998,3.2788128099972353,0.003664402456950016,0.0029571400124733757,0.866400596204842,149.0002836441109,129.49442058433314,0.014569246640936707,0.9028743216897501,0.9501969909917365
2026-07-25,/vol/bitbucket/osella/rl-qecc-data/supervisedLearning/sweep/ground_anch_H10_s2.pth,/vol/bitbucket/osella/rl-qecc-data/supervisedLearning/codeEvaluationTrainingData/l_15_m_3,15,3,17373,6,True,0.7777210095494366,0.7708713509101257,0.784888549944752,0.7777210095494366,0.7708713509101257,0.784888549944752,17373,0.009490499999999999,0.0,0.009490499999999999,0.0,0.0,0.0049949999999999925,0.0,0.0,0.003995999999999993,2.6885813826045686,0.003256381370344469,0.0019781887458059197,1.7875549899052547,144.38312853294454,129.49442058433314,0.01565136283019584,0.9028743216897501,0.9501969909917365
2026-07-25,/vol/bitbucket/osella/rl-qecc-data/supervisedLearning/sweep/ground_anch_H3_s0.pth,/vol/bitbucket/osella/rl-qecc-data/supervisedLearning/codeEvaluationTrainingData/l_15_m_3,15,3,17373,6,True,0.5300156080827205,0.518963390542596,0.5418743082552915,0.5300156080827205,0.518963390542596,0.5418743082552915,17373,0.010988999999999999,0.0051614999999999925,0.010988999999999999,0.0049949999999999994,0.0039959999999999996,0.009989999999999999,0.0049949999999999994,0.0034964999999999996,0.006659999999999999,3.0406712006872088,0.0029334844921198202,0.002786533581466724,0.8085949513113968,145.21582898570367,129.49442058433314,0.00854238516781967,0.9028743216897501,0.9501969909917365
2026-07-25,/vol/bitbucket/osella/rl-qecc-data/supervisedLearning/sweep/ground_anch_H3_s1.pth,/vol/bitbucket/osella/rl-qecc-data/supervisedLearning/codeEvaluationTrainingData/l_15_m_3,15,3,17373,6,True,0.6413947179236253,0.6317216026596839,0.6517026460598119,0.6413947179236253,0.6317216026596839,0.6517026460598119,17373,0.007242749999999999,0.006243749999999999,0.011488499999999999,0.007242749999999999,0.005744249999999999,0.010489499999999999,0.007242749999999999,0.003995999999999993,0.008491499999999999,2.64431944655362,0.0030286110772964965,0.0024748059954725313,0.5636109485252643,146.19960069368742,129.49442058433314,0.009580476132861433,0.9028743216897501,0.9501969909917365
2026-07-25,/vol/bitbucket/osella/rl-qecc-data/supervisedLearning/sweep/ground_anch_H3_s2.pth,/vol/bitbucket/osella/rl-qecc-data/supervisedLearning/codeEvaluationTrainingData/l_15_m_3,15,3,17373,6,True,0.6375679706677025,0.6283423557447935,0.6477227721252368,0.6375679706677025,0.6283423557447935,0.6477227721252368,17373,0.0044954999999999995,0.0029969999999999997,0.008990999999999999,0.0039959999999999996,0.0022061249999999963,0.0044954999999999995,0.003205124999999996,0.0019979999999999998,0.0039959999999999996,2.539607099223369,0.0030059864694109164,0.0025958498842809877,0.5415070243699729,145.46511330532618,129.49442058433314,0.013426934593797648,0.9028743216897501,0.9501969909917365
2026-07-25,/vol/bitbucket/osella/rl-qecc-data/supervisedLearning/sweep/ground_anch_H4_s0.pth,/vol/bitbucket/osella/rl-qecc-data/supervisedLearning/codeEvaluationTrainingData/l_15_m_3,15,3,17373,6,True,0.6147653019722156,0.6049467171969029,0.6251571030241796,0.6147653019722156,0.6049467171969029,0.6251571030241796,17373,0.012986999999999999,0.0049949999999999994,0.014485500000000002,0.005993999999999999,0.0,0.012986999999999999,0.0,0.0,0.008990999999999992,2.485545141286734,0.004035468361506412,0.0027337250241368954,0.393658090688299,153.95495578427887,129.49442058433314,0.018480792831126924,0.9028743216897501,0.9501969909917365
2026-07-25,/vol/bitbucket/osella/rl-qecc-data/supervisedLearning/sweep/ground_anch_H4_s1.pth,/vol/bitbucket/osella/rl-qecc-data/supervisedLearning/codeEvaluationTrainingData/l_15_m_3,15,3,17373,6,True,0.6555039066432169,0.6464656189704855,0.6649660346629844,0.6555039066432169,0.6464656189704855,0.6649660346629844,17373,0.007991999999999999,0.0019979999999999998,0.011488499999999992,0.0029969999999999997,0.0014984999999999998,0.007492499999999999,0.0024974999999999997,0.0,0.005993999999999999,2.445547504773077,0.004651122040048958,0.0029665539820092957,0.3274994182217533,173.27956041891426,129.49442058433314,0.017185978675494373,0.9028743216897501,0.9501969909917365
2026-07-25,/vol/bitbucket/osella/rl-qecc-data/supervisedLearning/sweep/ground_anch_H4_s2.pth,/vol/bitbucket/osella/rl-qecc-data/supervisedLearning/codeEvaluationTrainingData/l_15_m_3,15,3,17373,6,True,0.7692145146368423,0.7620959117808953,0.7763013158193506,0.7692145146368423,0.7620959117808953,0.7763013158193506,17373,0.0044954999999999995,0.0029969999999999997,0.010489499999999999,0.0029969999999999997,0.001498499999999993,0.005993999999999999,0.0014984999999999998,0.00048701250000000065,0.0044954999999999995,2.5239046087799135,0.002149038027443063,0.002065997137870339,1.0709505785281643,142.3412843734059,129.49442058433314,0.008751337529286854,0.9028743216897501,0.9501969909917365
2026-07-25,/vol/bitbucket/osella/rl-qecc-data/supervisedLearning/sweep/ground_anch_H6_s0.pth,/vol/bitbucket/osella/rl-qecc-data/supervisedLearning/codeEvaluationTrainingData/l_15_m_3,15,3,17373,6,True,0.7289475433040672,0.7210576308678652,0.7367503082690795,0.7289475433040672,0.7210576308678652,0.7367503082690795,17373,0.005993999999999999,0.000998999999999993,0.008528962499999957,0.0009989999999999999,0.0,0.005993999999999999,0.0009989999999999999,0.0,0.0040414090909090955,2.8079416395461956,0.0025602495984940873,0.0021803908958427,1.0863495694745375,144.77257467213403,129.49442058433314,0.016787568948256247,0.9028743216897501,0.9501969909917365
2026-07-25,/vol/bitbucket/osella/rl-qecc-data/supervisedLearning/sweep/ground_anch_H6_s1.pth,/vol/bitbucket/osella/rl-qecc-data/supervisedLearning/codeEvaluationTrainingData/l_15_m_3,15,3,17373,6,True,0.731852060853176,0.7245639648682943,0.7396790659820396,0.731852060853176,0.7245639648682943,0.7396790659820396,17373,0.009490499999999999,0.007492499999999992,0.012487499999999999,0.007492499999999999,0.0034964999999999996,0.009490499999999999,0.0044954999999999995,0.0024974999999999928,0.007539622641509425,2.537588421259424,0.0023279185907905185,0.002201910990593578,1.304014782689328,141.91594526172744,129.49442058433314,0.011312575025868429,0.9028743216897501,0.9501969909917365
2026-07-25,/vol/bitbucket/osella/rl-qecc-data/supervisedLearning/sweep/ground_anch_H6_s2.pth,/vol/bitbucket/osella/rl-qecc-data/supervisedLearning/codeEvaluationTrainingData/l_15_m_3,15,3,17373,6,True,0.6269447424714267,0.6172169787957955,0.6369645915616289,0.6269447424714267,0.6172169787957955,0.6369645915616289,17373,0.0024974999999999997,0.0014860125000000005,0.012986999999999999,0.0024974999999999997,0.0014860125000000005,0.007492499999999999,0.0024974999999999997,0.0014860125000000005,0.007492499999999999,2.5718402058899947,0.002692536485834287,0.0024727606780142524,0.6909326938729684,144.11993736915124,129.49442058433314,0.007900305786747582,0.9028743216897501,0.9501969909917365
2026-07-25,/vol/bitbucket/osella/rl-qecc-data/supervisedLearning/sweep/ground_anch_H7_s0.pth,/vol/bitbucket/osella/rl-qecc-data/supervisedLearning/codeEvaluationTrainingData/l_15_m_3,15,3,17373,6,True,0.5738481972899447,0.5638872771552027,0.5844306708881533,0.5738481972899447,0.5638872771552027,0.5844306708881533,17373,0.008990999999999999,0.0027472499999999997,0.010489499999999992,0.0037462499999999996,0.0022477499999999997,0.008990999999999992,0.0029969999999999997,0.0019855124999999937,0.005494499999999999,2.2254984245559393,0.004194702109863864,0.0029457964611632483,0.626096813396697,170.43717239869008,129.49442058433314,0.02535405121268082,0.9028743216897501,0.9501969909917365
2026-07-25,/vol/bitbucket/osella/rl-qecc-data/supervisedLearning/sweep/ground_anch_H7_s1.pth,/vol/bitbucket/osella/rl-qecc-data/supervisedLearning/codeEvaluationTrainingData/l_15_m_3,15,3,17373,6,True,0.6976127048882779,0.6896628317664225,0.7061093550416451,0.6976127048882779,0.6896628317664225,0.7061093550416451,17373,0.0029969999999999997,0.0019855125000000006,0.010489499999999999,0.0029969999999999997,0.0019855125000000006,0.005993999999999999,0.0029969999999999997,0.0019855125000000006,0.005993999999999999,2.5717924734282587,0.004628625339903486,0.0023709028635597695,1.1190902791443171,180.40935201134081,129.49442058433314,0.034134375261848406,0.9028743216897501,0.9501969909917365
2026-07-25,/vol/bitbucket/osella/rl-qecc-data/supervisedLearning/sweep/ground_anch_H7_s2.pth,/vol/bitbucket/osella/rl-qecc-data/supervisedLearning/codeEvaluationTrainingData/l_15_m_3,15,3,17373,6,True,0.8219099659675085,0.8162793034286429,0.8276795780287944,0.8219099659675085,0.8162793034286429,0.8276795780287944,17373,0.0049949999999999994,0.0034964999999999996,0.012737249999999992,0.0035464499999999927,0.0024974999999999997,0.006493499999999999,0.0035464499999999927,0.0014984999999999998,0.005993999999999999,2.5369545750438753,0.002273278315677154,0.0017923163960978275,0.847039843188693,140.48298733222097,129.49442058433314,0.015633900896839213,0.9028743216897501,0.9501969909917365
2026-07-25,/vol/bitbucket/osella/rl-qecc-data/supervisedLearning/sweep/ground_pure_H10_s0.pth,/vol/bitbucket/osella/rl-qecc-data/supervisedLearning/codeEvaluationTrainingData/l_15_m_3,15,3,17373,6,True,0.6790539849791923,0.6704485803559228,0.6882500768088896,0.6790539849791923,0.6704485803559228,0.6882500768088896,17373,0.0029969999999999997,0.0019855125000000006,0.009989999999999999,0.0029969999999999997,0.0014984999999999998,0.005494499999999999,0.0029969999999999997,0.0,0.005494499999999999,2.5484255228211126,0.0038257904008327424,0.0027654838033399315,0.6950522920027077,163.70488260724818,129.49442058433314,0.02476869598476498,0.9028743216897501,0.9501969909917365
2026-07-25,/vol/bitbucket/osella/rl-qecc-data/supervisedLearning/sweep/ground_pure_H10_s1.pth,/vol/bitbucket/osella/rl-qecc-data/supervisedLearning/codeEvaluationTrainingData/l_15_m_3,15,3,17373,6,True,0.47626963291731583,0.4646831084850042,0.48796504542791225,0.47626963291731583,0.4646831084850042,0.48796504542791225,17373,0.012986999999999999,0.011987999999999999,0.016983000000000005,0.012986999999999999,0.010489499999999999,0.015234749999999998,0.010489499999999999,0.0049949999999999994,0.014485500000000002,3.1596856983751103,0.0031506515658068783,0.0029470410883065796,0.8924008014150108,146.08021195699828,129.49442058433314,0.008041840122429181,0.9028743216897501,0.9501969909917365
2026-07-25,/vol/bitbucket/osella/rl-qecc-data/supervisedLearning/sweep/ground_pure_H10_s2.pth,/vol/bitbucket/osella/rl-qecc-data/supervisedLearning/codeEvaluationTrainingData/l_15_m_3,15,3,17373,6,True,0.7742243004626945,0.7673130699380627,0.7817171887049109,0.7742243004626945,0.7673130699380627,0.7817171887049109,17373,0.009490499999999999,0.0029969999999999997,0.009989999999999999,0.0,0.0,0.009490499999999999,0.0,0.0,0.003995999999999993,2.6269789960987793,0.0032735391122455664,0.0020071950085198843,1.9428876753315523,144.74512982753754,129.49442058433314,0.01511604574895594,0.9028743216897501,0.9501969909917365
2026-07-25,/vol/bitbucket/osella/rl-qecc-data/supervisedLearning/sweep/ground_pure_H3_s0.pth,/vol/bitbucket/osella/rl-qecc-data/supervisedLearning/codeEvaluationTrainingData/l_15_m_3,15,3,17373,6,True,0.4529333586575453,0.44201503118038454,0.4652706707197688,0.4529333586575453,0.44201503118038454,0.4652706707197688,17373,0.010988999999999999,0.006493499999999999,0.013486499999999998,0.007492499999999999,0.0049949999999999925,0.010988999999999999,0.0049949999999999994,0.0034964999999999996,0.009989999999999999,2.9541993497162227,0.0041339097235457345,0.0029678281219470935,1.0844105270862903,159.23701925905198,129.49442058433314,0.022181389700869966,0.9028743216897501,0.9501969909917365
2026-07-25,/vol/bitbucket/osella/rl-qecc-data/supervisedLearning/sweep/ground_pure_H3_s1.pth,/vol/bitbucket/osella/rl-qecc-data/supervisedLearning/codeEvaluationTrainingData/l_15_m_3,15,3,17373,6,True,0.6139999158712696,0.6041977533828568,0.6247497035758237,0.6139999158712696,0.6041977533828568,0.6247497035758237,17373,0.010489499999999999,0.005993999999999999,0.011488499999999999,0.005993999999999999,0.0049949999999999994,0.010489499999999992,0.005993999999999999,0.0044954999999999995,0.008990999999999999,2.6522403840662414,0.002769499283827846,0.0025761146570411862,0.6011588994413611,145.2504636054214,129.49442058433314,0.008235174947297303,0.9028743216897501,0.9501969909917365
2026-07-25,/vol/bitbucket/osella/rl-qecc-data/supervisedLearning/sweep/ground_pure_H3_s2.pth,/vol/bitbucket/osella/rl-qecc-data/supervisedLearning/codeEvaluationTrainingData/l_15_m_3,15,3,17373,6,True,0.623881264688671,0.614321597932082,0.6343334915615485,0.623881264688671,0.614321597932082,0.6343334915615485,17373,0.0044954999999999995,0.0029969999999999997,0.0049949999999999994,0.0039959999999999996,0.0019979999999999998,0.0044954999999999995,0.0029969999999999997,0.0019979999999999998,0.0044954999999999995,2.509568774582829,0.0032949223638208164,0.0026814644616935004,0.48291263373706106,147.18297826145232,129.49442058433314,0.015752196842960923,0.9028743216897501,0.9501969909917365
2026-07-25,/vol/bitbucket/osella/rl-qecc-data/supervisedLearning/sweep/ground_pure_H4_s0.pth,/vol/bitbucket/osella/rl-qecc-data/supervisedLearning/codeEvaluationTrainingData/l_15_m_3,15,3,17373,6,True,0.5966797532144154,0.5864979429993041,0.6077305555397182,0.5966797532144154,0.5864979429993041,0.6077305555397182,17373,0.005993999999999999,0.0049949999999999994,0.014984999999999995,0.005993999999999999,0.0049949999999999994,0.013486499999999998,0.005993999999999999,0.0049949999999999994,0.012986999999999999,2.3746233944900292,0.004082182861470845,0.0028180824484213235,0.3715490793192395,154.98073592507043,129.49442058433314,0.02098923744727061,0.9028743216897501,0.9501969909917365
2026-07-25,/vol/bitbucket/osella/rl-qecc-data/supervisedLearning/sweep/ground_pure_H4_s1.pth,/vol/bitbucket/osella/rl-qecc-data/supervisedLearning/codeEvaluationTrainingData/l_15_m_3,15,3,17373,6,True,0.6319362234500027,0.622754013800359,0.6414987960811118,0.6319362234500027,0.622754013800359,0.6414987960811118,17373,0.007991999999999999,0.0024974999999999997,0.011488499999999999,0.0024974999999999997,0.0014984999999999998,0.007991999999999999,0.0024974999999999997,0.0,0.005993999999999999,2.582753838319712,0.0043389067703747865,0.00296811926718187,0.38650532339152227,175.4089601208524,129.49442058433314,0.021480014744121333,0.9028743216897501,0.9501969909917365
2026-07-25,/vol/bitbucket/osella/rl-qecc-data/supervisedLearning/sweep/ground_pure_H4_s2.pth,/vol/bitbucket/osella/rl-qecc-data/supervisedLearning/codeEvaluationTrainingData/l_15_m_3,15,3,17373,6,True,0.7889647326801724,0.7824425081627455,0.7953552671608068,0.7889647326801724,0.7824425081627455,0.7953552671608068,17373,0.0044954999999999995,0.0029969999999999997,0.009490499999999999,0.0029969999999999997,0.0014984999999999998,0.005993999999999999,0.0024974999999999997,0.0014860124999999938,0.0044954999999999995,2.4336256816488318,0.0021139997393607862,0.0020282002477430595,1.080014559838971,142.86324940186032,129.49442058433314,0.009807279826891408,0.9028743216897501,0.9501969909917365
2026-07-25,/vol/bitbucket/osella/rl-qecc-data/supervisedLearning/sweep/ground_pure_H6_s0.pth,/vol/bitbucket/osella/rl-qecc-data/supervisedLearning/codeEvaluationTrainingData/l_15_m_3,15,3,17373,6,True,0.7292320058669578,0.721241241475215,0.7370864012295141,0.7292320058669578,0.721241241475215,0.7370864012295141,17373,0.005993999999999999,0.004484147727272721,0.005993999999999999,0.0044954999999999995,0.0,0.005993999999999999,0.0009989999999999999,0.0,0.0044954999999999995,2.6844540447080747,0.002619866824149783,0.0021569449937950506,1.0363211639827223,145.0030999157005,129.49442058433314,0.017852480810623746,0.9028743216897501,0.9501969909917365
2026-07-25,/vol/bitbucket/osella/rl-qecc-data/supervisedLearning/sweep/ground_pure_H6_s1.pth,/vol/bitbucket/osella/rl-qecc-data/supervisedLearning/codeEvaluationTrainingData/l_15_m_3,15,3,17373,6,True,0.7526304027777427,0.7458698707343862,0.7599570631089242,0.7526304027777427,0.7458698707343862,0.7599570631089242,17373,0.008990999999999999,0.0044954999999999926,0.009490499999999999,0.0044954999999999995,0.0029969999999999997,0.009003487499999987,0.0044954999999999995,0.0024974999999999928,0.007492499999999999,2.5797750694465056,0.0023077660155225066,0.0021256298212707467,1.3490783075384774,142.07057870958042,129.49442058433314,0.011671505204804982,0.9028743216897501,0.9501969909917365
2026-07-25,/vol/bitbucket/osella/rl-qecc-data/supervisedLearning/sweep/ground_pure_H6_s2.pth,/vol/bitbucket/osella/rl-qecc-data/supervisedLearning/codeEvaluationTrainingData/l_15_m_3,15,3,17373,6,True,0.625938816395418,0.6157576371087328,0.6365966903435252,0.625938816395418,0.6157576371087328,0.6365966903435252,17373,0.0049949999999999994,0.0024974999999999928,0.009989999999999999,0.0024974999999999997,0.0014984999999999998,0.007492499999999999,0.0024974999999999997,0.0014860125000000005,0.007242750000000003,2.5271584781650462,0.002640258199130474,0.002462765922104458,0.8098462418835384,144.93702373932683,129.49442058433314,0.012028055633873174,0.9028743216897501,0.9501969909917365
2026-07-25,/vol/bitbucket/osella/rl-qecc-data/supervisedLearning/sweep/ground_pure_H7_s0.pth,/vol/bitbucket/osella/rl-qecc-data/supervisedLearning/codeEvaluationTrainingData/l_15_m_3,15,3,17373,6,True,0.5692942415924535,0.5590127476751315,0.5802699463523469,0.5692942415924535,0.5590127476751315,0.5802699463523469,17373,0.0037462499999999996,0.0027472499999999997,0.010489499999999992,0.0037462499999999996,0.0027472499999999997,0.008990999999999999,0.0037462499999999996,0.0019979999999999998,0.005993999999999999,2.1916795473796458,0.004360914694493089,0.002965201520208284,0.6604460237447378,174.30368598003116,129.49442058433314,0.02743364937025944,0.9028743216897501,0.9501969909917365
2026-07-25,/vol/bitbucket/osella/rl-qecc-data/supervisedLearning/sweep/ground_pure_H7_s1.pth,/vol/bitbucket/osella/rl-qecc-data/supervisedLearning/codeEvaluationTrainingData/l_15_m_3,15,3,17373,6,True,0.606135088737249,0.596598945619389,0.6168074592734754,0.606135088737249,0.596598945619389,0.6168074592734754,17373,0.0029969999999999997,0.0019855125000000006,0.010489499999999999,0.0029969999999999997,0.0019855125000000006,0.007991999999999999,0.0029969999999999997,0.0019855125000000006,0.006493499999999999,2.6129067411682376,0.004084757689809926,0.0026712310847348975,0.844507436820481,173.77846307622562,129.49442058433314,0.0273685344706235,0.9028743216897501,0.9501969909917365
2026-07-25,/vol/bitbucket/osella/rl-qecc-data/supervisedLearning/sweep/ground_pure_H7_s2.pth,/vol/bitbucket/osella/rl-qecc-data/supervisedLearning/codeEvaluationTrainingData/l_15_m_3,15,3,17373,6,True,0.8257210461967293,0.8202311298566408,0.8312967531381147,0.8257210461967293,0.8202311298566408,0.8312967531381147,17373,0.006493499999999999,0.0035464499999999857,0.012737249999999992,0.0035464499999999927,0.002047949999999993,0.006493499999999999,0.0024974999999999997,0.0014984999999999998,0.0049949999999999994,2.508640411665476,0.0018594855098771805,0.0017695690166533592,1.0229686729374268,137.94919057712264,129.49442058433314,0.009284637135749691,0.9028743216897501,0.9501969909917365
2026-07-25,/vol/bitbucket/osella/rl-qecc-data/supervisedLearning/sweep/mix_66-96-126-153_H10_s0.pth,/vol/bitbucket/osella/rl-qecc-data/supervisedLearning/codeEvaluationTrainingData/l_15_m_3,15,3,17373,6,True,0.8731629901085617,0.8688389866483027,0.8773631958012993,0.8731629901085617,0.8688389866483027,0.8773631958012993,17373,0.0049949999999999994,0.0034964999999999996,0.025974000000000004,0.0049949999999999994,0.0,0.007492499999999992,0.0,0.0,0.0049949999999999994,2.6172184946623065,0.0015233998183793384,0.0015066634680420599,0.9231465027148689,131.21347456739673,129.49442058433314,0.00043205093887457787,0.9028743216897501,0.9501969909917365
2026-07-25,/vol/bitbucket/osella/rl-qecc-data/supervisedLearning/sweep/mix_66-96-126-153_H10_s1.pth,/vol/bitbucket/osella/rl-qecc-data/supervisedLearning/codeEvaluationTrainingData/l_15_m_3,15,3,17373,6,True,0.8605208592464709,0.8557110451370216,0.86496957008718,0.8605208592464709,0.8557110451370216,0.86496957008718,17373,0.0009989999999999999,0.0,0.009490499999999999,0.0009989999999999999,0.0,0.008990999999999999,0.0009989999999999999,0.0,0.004370624999999996,2.360625711752948,0.0016180193536917428,0.0015740657133773205,0.895444037623604,133.37061434980677,129.49442058433314,0.0016894830596769794,0.9028743216897501,0.9501969909917365
2026-07-25,/vol/bitbucket/osella/rl-qecc-data/supervisedLearning/sweep/mix_66-96-126-153_H10_s2.pth,/vol/bitbucket/osella/rl-qecc-data/supervisedLearning/codeEvaluationTrainingData/l_15_m_3,15,3,17373,6,True,0.85091309162577,0.8459647161952074,0.8554299670474338,0.85091309162577,0.8459647161952074,0.8554299670474338,17373,0.008990999999999999,0.003371624999999996,0.008990999999999999,0.004370624999999996,0.0025474499999999928,0.006518474999999977,0.0035464499999999927,0.0014984999999999998,0.0049949999999999925,2.032652143245533,0.0016522477239844506,0.0016220917533118155,0.9167342837158547,132.3066275189575,129.49442058433314,0.0016965979197023197,0.9028743216897501,0.9501969909917365
2026-07-25,/vol/bitbucket/osella/rl-qecc-data/supervisedLearning/sweep/mix_66-96-126-153_H3_s0.pth,/vol/bitbucket/osella/rl-qecc-data/supervisedLearning/codeEvaluationTrainingData/l_15_m_3,15,3,17373,6,True,0.8744530346039401,0.8703992012051174,0.8787947251383175,0.8744530346039401,0.8703992012051174,0.8787947251383175,17373,0.008990999999999999,0.0029969999999999927,0.008990999999999999,0.0029969999999999997,0.000998999999999993,0.006505987499999988,0.0009989999999999999,0.0,0.004370624999999996,2.2853737689049924,0.0016099239613003803,0.0015047228578500512,0.852622370734305,131.5454763978795,129.49442058433314,0.0018557386335258002,0.9028743216897501,0.9501969909917365
2026-07-25,/vol/bitbucket/osella/rl-qecc-data/supervisedLearning/sweep/mix_66-96-126-153_H3_s1.pth,/vol/bitbucket/osella/rl-qecc-data/supervisedLearning/codeEvaluationTrainingData/l_15_m_3,15,3,17373,6,True,0.8557230453298941,0.8506982413776472,0.860451532564671,0.8557230453298941,0.8506982413776472,0.860451532564671,17373,0.008990999999999999,0.0024974999999999928,0.008990999999999999,0.0024974999999999997,0.0014984999999999998,0.0039959999999999996,0.0024974999999999997,0.0009989999999999999,0.0039959999999999996,2.218999245908809,0.0016272230215248658,0.001604788898409785,0.9466693486476465,131.5519406167289,129.49442058433314,0.0018178850912105074,0.9028743216897501,0.9501969909917365
2026-07-25,/vol/bitbucket/osella/rl-qecc-data/supervisedLearning/sweep/mix_66-96-126-153_H3_s2.pth,/vol/bitbucket/osella/rl-qecc-data/supervisedLearning/codeEvaluationTrainingData/l_15_m_3,15,3,17373,6,True,0.8736006935227747,0.8692501256638905,0.8778866538414329,0.8736006935227747,0.8692501256638905,0.8778866538414329,17373,0.008491499999999999,0.0014984999999999998,0.008491499999999999,0.0024974999999999997,0.000998999999999993,0.005993999999999999,0.0024974999999999997,0.0,0.0039959999999999996,2.1338583867125704,0.0015620842490236125,0.0015107629791873858,0.958979475018118,131.91787517815834,129.49442058433314,0.003610794133875783,0.9028743216897501,0.9501969909917365
2026-07-25,/vol/bitbucket/osella/rl-qecc-data/supervisedLearning/sweep/mix_66-96-126-153_H4_s0.pth,/vol/bitbucket/osella/rl-qecc-data/supervisedLearning/codeEvaluationTrainingData/l_15_m_3,15,3,17373,6,True,0.875690609108946,0.871213289967883,0.8800834114901059,0.875690609108946,0.871213289967883,0.8800834114901059,17373,0.0040414090909090955,0.0,0.010489499999999992,0.0009989999999999999,0.0,0.0040414090909090955,0.0009989999999999999,0.0,0.0040414090909090886,2.1177145267873687,0.001608512216781258,0.0015049599277731202,0.9002716591634052,131.39818329539813,129.49442058433314,0.003359035378371603,0.9028743216897501,0.9501969909917365
2026-07-25,/vol/bitbucket/osella/rl-qecc-data/supervisedLearning/sweep/mix_66-96-126-153_H4_s1.pth,/vol/bitbucket/osella/rl-qecc-data/supervisedLearning/codeEvaluationTrainingData/l_15_m_3,15,3,17373,6,True,0.87389678976182,0.869567037918684,0.8780631953683729,0.87389678976182,0.869567037918684,0.8780631953683729,17373,0.0049949999999999994,0.0029969999999999997,0.008491499999999999,0.0039959999999999996,0.0014984999999999996,0.0049949999999999994,0.0014984999999999998,0.0004994999999999999,0.004370624999999989,2.0288876347582154,0.0015232789543215065,0.0015015959499648278,0.9088502470272777,131.49532582559357,129.49442058433314,0.0018231060913730817,0.9028743216897501,0.9501969909917365
2026-07-25,/vol/bitbucket/osella/rl-qecc-data/supervisedLearning/sweep/mix_66-96-126-153_H4_s2.pth,/vol/bitbucket/osella/rl-qecc-data/supervisedLearning/codeEvaluationTrainingData/l_15_m_3,15,3,17373,6,True,0.8717043076577783,0.8673713396711545,0.87600573302928,0.8717043076577783,0.8673713396711545,0.87600573302928,17373,0.0040414090909090955,0.0009989999999999999,0.008990999999999999,0.0009989999999999999,0.0,0.0040414090909090886,0.0009989999999999999,0.0,0.003205124999999996,2.158084395209969,0.0015414317942481083,0.001503691808922992,0.9425136017304807,131.4567924442223,129.49442058433314,0.0030974278901142313,0.9028743216897501,0.9501969909917365
2026-07-25,/vol/bitbucket/osella/rl-qecc-data/supervisedLearning/sweep/mix_66-96-126-153_H6_s0.pth,/vol/bitbucket/osella/rl-qecc-data/supervisedLearning/codeEvaluationTrainingData/l_15_m_3,15,3,17373,6,True,0.8631465692755738,0.8584959626807636,0.867627052934042,0.8631465692755738,0.8584959626807636,0.867627052934042,17373,0.008990999999999999,0.0029969999999999997,0.008990999999999999,0.0029969999999999997,0.0,0.008491499999999999,0.0,0.0,0.0057669545454545335,2.567409286170757,0.0016394513494752618,0.0015878969174588525,0.8920539175903212,132.54687261510077,129.49442058433314,0.0015862475775025604,0.9028743216897501,0.9501969909917365
2026-07-25,/vol/bitbucket/osella/rl-qecc-data/supervisedLearning/sweep/mix_66-96-126-153_H6_s1.pth,/vol/bitbucket/osella/rl-qecc-data/supervisedLearning/codeEvaluationTrainingData/l_15_m_3,15,3,17373,6,True,0.8670360760253626,0.8625446611107385,0.8717452264322918,0.8670360760253626,0.8625446611107385,0.8717452264322918,17373,0.0039959999999999996,0.0024974999999999928,0.009490499999999999,0.0014985000000000068,0.0004995000000000069,0.005501311363636356,0.0014985000000000068,0.0004870125000000076,0.0039959999999999996,2.088741792968564,0.0015535686316490072,0.0015502864369714858,0.9690850484126822,131.31322476729787,129.49442058433314,0.0004498163910193591,0.9028743216897501,0.9501969909917365
2026-07-25,/vol/bitbucket/osella/rl-qecc-data/supervisedLearning/sweep/mix_66-96-126-153_H6_s2.pth,/vol/bitbucket/osella/rl-qecc-data/supervisedLearning/codeEvaluationTrainingData/l_15_m_3,15,3,17373,6,True,0.8711581237626058,0.8667514492735999,0.8753589420914119,0.8711581237626058,0.8667514492735999,0.8753589420914119,17373,0.0040414090909090955,0.0,0.007492499999999992,0.0009989999999999999,0.0,0.0040414090909090886,0.0009989999999999999,0.0,0.0037462499999999996,2.047793695114646,0.0015456905836096048,0.0015121923422902507,0.9303238115059576,131.34804719172737,129.49442058433314,0.0029787506646028195,0.9028743216897501,0.9501969909917365
2026-07-25,/vol/bitbucket/osella/rl-qecc-data/supervisedLearning/sweep/mix_66-96-126-153_H7_s0.pth,/vol/bitbucket/osella/rl-qecc-data/supervisedLearning/codeEvaluationTrainingData/l_15_m_3,15,3,17373,6,True,0.8647449641207526,0.860323592599318,0.8692768259308674,0.8647449641207526,0.860323592599318,0.8692768259308674,17373,0.0044954999999999995,0.0034964999999999996,0.012986999999999999,0.0044954999999999995,0.0034840124999999935,0.006006487499999988,0.0044954999999999995,0.0025474499999999928,0.005494499999999999,2.6840420374219534,0.0016014787987519228,0.0015668440788600333,0.9049785011147311,131.3177572335796,129.49442058433314,0.001810935342882265,0.9028743216897501,0.9501969909917365
2026-07-25,/vol/bitbucket/osella/rl-qecc-data/supervisedLearning/sweep/mix_66-96-126-153_H7_s1.pth,/vol/bitbucket/osella/rl-qecc-data/supervisedLearning/codeEvaluationTrainingData/l_15_m_3,15,3,17373,6,True,0.8641106194166424,0.8594126832994577,0.8684837935924201,0.8641106194166424,0.8594126832994577,0.8684837935924201,17373,0.008990999999999999,0.0039959999999999996,0.008990999999999999,0.0034964999999999996,0.0,0.005494499999999999,0.0009989999999999999,0.0,0.0049949999999999994,2.240006541530614,0.0015753550599754273,0.0015620242127003332,0.9764875557073786,131.34866555111205,129.49442058433314,0.002846719591554217,0.9028743216897501,0.9501969909917365
2026-07-25,/vol/bitbucket/osella/rl-qecc-data/supervisedLearning/sweep/mix_66-96-126-153_H7_s2.pth,/vol/bitbucket/osella/rl-qecc-data/supervisedLearning/codeEvaluationTrainingData/l_15_m_3,15,3,17373,6,True,0.8735858604195154,0.8691712202833521,0.8780120104680383,0.8735858604195154,0.8691712202833521,0.8780120104680383,17373,0.0039959999999999996,0.0024974999999999928,0.009490499999999999,0.0024974999999999997,0.0009989999999999999,0.0039959999999999996,0.0009989999999999999,0.0,0.0037462499999999996,2.0469371529637734,0.0015282663503086399,0.0014987971513225342,0.9333098518676942,131.37658657122606,129.49442058433314,0.0024607652266515068,0.9028743216897501,0.9501969909917365
2026-07-25,/vol/bitbucket/osella/rl-qecc-data/supervisedLearning/sweep/mix_66-96-126_H10_s0.pth,/vol/bitbucket/osella/rl-qecc-data/supervisedLearning/codeEvaluationTrainingData/l_15_m_3,15,3,17373,6,False,0.27254422499430053,0.25800656488450785,0.28752526421159863,0.27254422499430053,0.25800656488450785,0.28752526421159863,17373,0.013486499999999998,0.008491499999999992,0.0244755,0.008491499999999999,0.007492499999999999,0.0214785,0.008491499999999999,0.007492499999999999,0.014985000000000002,8.24425659995962,0.0051989924629107535,0.003178262296851598,0.48320391241557986,184.57445068879332,129.49442058433314,0.04934407112780917,0.9028743216897501,0.9501969909917365
2026-07-25,/vol/bitbucket/osella/rl-qecc-data/supervisedLearning/sweep/mix_66-96-126_H10_s1.pth,/vol/bitbucket/osella/rl-qecc-data/supervisedLearning/codeEvaluationTrainingData/l_15_m_3,15,3,17373,6,False,0.2330463825468489,0.21727814960233252,0.2491926787274754,0.2330463825468489,0.21727814960233252,0.2491926787274754,17373,0.010207173913043481,0.008708673913043481,0.02195712803571429,0.008990999999999999,0.0049949999999999925,0.010988999999999999,0.0049949999999999994,0.0039959999999999996,0.010207173913043481,7.782087797370111,0.004035609988101107,0.0032402882249096708,0.39867264568603916,176.85283671199605,129.49442058433314,0.03808863956394134,0.9028743216897501,0.9501969909917365
2026-07-25,/vol/bitbucket/osella/rl-qecc-data/supervisedLearning/sweep/mix_66-96-126_H10_s2.pth,/vol/bitbucket/osella/rl-qecc-data/supervisedLearning/codeEvaluationTrainingData/l_15_m_3,15,3,17373,6,False,0.294745613439237,0.2794912647096813,0.3093185589998522,0.294745613439237,0.2794912647096813,0.3093185589998522,17373,0.0,0.0,0.019979999999999994,0.0,0.0,0.01848149999999999,0.0,0.0,0.010489499999999999,7.438196848074623,0.003912550123984004,0.0031639095105616267,0.41719751294650037,170.1817794798662,129.49442058433314,0.032385977088643166,0.9028743216897501,0.9501969909917365
2026-07-25,/vol/bitbucket/osella/rl-qecc-data/supervisedLearning/sweep/mix_66-96-126_H3_s0.pth,/vol/bitbucket/osella/rl-qecc-data/supervisedLearning/codeEvaluationTrainingData/l_15_m_3,15,3,17373,6,False,0.7624653919376131,0.755189508031344,0.7692407864675952,0.7624653919376131,0.755189508031344,0.7692407864675952,17373,0.025536937500000002,0.009490499999999992,0.025536937500000002,0.0039959999999999996,0.0029969999999999997,0.024725250000000004,0.0039959999999999996,0.0014984999999999998,0.009490499999999999,5.762062233730705,0.002902295495429093,0.0021747366043097256,1.785214041496909,151.49786448410896,129.49442058433314,0.01769518731314722,0.9028743216897501,0.9501969909917365
2026-07-25,/vol/bitbucket/osella/rl-qecc-data/supervisedLearning/sweep/mix_66-96-126_H3_s1.pth,/vol/bitbucket/osella/rl-qecc-data/supervisedLearning/codeEvaluationTrainingData/l_15_m_3,15,3,17373,6,False,0.20549881370406592,0.19027377248937893,0.22036858428121242,0.20549881370406592,0.19027377248937893,0.22036858428121242,17373,0.023476500000000004,0.022477500000000004,0.025724250000000004,0.023476500000000004,0.008990999999999999,0.024725250000000004,0.009989999999999999,0.0024974999999999928,0.0244755,7.9493035903723825,0.0033542516486738,0.003299817960954206,0.5189122617701166,167.98969860694484,129.49442058433314,0.021662663502529603,0.9028743216897501,0.9501969909917365
2026-07-25,/vol/bitbucket/osella/rl-qecc-data/supervisedLearning/sweep/mix_66-96-126_H3_s2.pth,/vol/bitbucket/osella/rl-qecc-data/supervisedLearning/codeEvaluationTrainingData/l_15_m_3,15,3,17373,6,False,0.46905207636371643,0.4576906185029421,0.48092451619476884,0.46905207636371643,0.4576906185029421,0.48092451619476884,17373,0.0214785,0.011488499999999999,0.0214785,0.011488499999999999,0.008491499999999992,0.015996487499999986,0.008491499999999999,0.005494499999999999,0.012986999999999999,6.203477536884743,0.005842188537443195,0.003128893162966108,12.303773690538117,227.7830106083218,129.49442058433314,0.03885362898096544,0.9028743216897501,0.9501969909917365
2026-07-25,/vol/bitbucket/osella/rl-qecc-data/supervisedLearning/sweep/mix_66-96-126_H4_s0.pth,/vol/bitbucket/osella/rl-qecc-data/supervisedLearning/codeEvaluationTrainingData/l_15_m_3,15,3,17373,6,False,0.37896000453702094,0.3653565287790887,0.3920768930971349,0.37896000453702094,0.3653565287790887,0.3920768930971349,17373,0.00576695454545454,0.0047679545454545405,0.025974000000000004,0.00576695454545454,0.0047679545454545405,0.020978999999999998,0.00576695454545454,0.0042684545454545406,0.007492499999999999,7.453804897052983,0.0030403110320026566,0.003055332017257163,0.7830003524803332,161.2014733398475,129.49442058433314,0.016412727720310254,0.9028743216897501,0.9501969909917365
2026-07-25,/vol/bitbucket/osella/rl-qecc-data/supervisedLearning/sweep/mix_66-96-126_H4_s1.pth,/vol/bitbucket/osella/rl-qecc-data/supervisedLearning/codeEvaluationTrainingData/l_15_m_3,15,3,17373,6,False,0.32880071447243336,0.31490692117465674,0.3409256055443871,0.32880071447243336,0.31490692117465674,0.3409256055443871,17373,0.009989999999999999,0.008491499999999999,0.013486499999999998,0.0039959999999999996,0.0029969999999999997,0.010497224226804113,0.0039959999999999996,0.0029969999999999997,0.009490693105670103,5.210101621067119,0.0033627086851335426,0.003158461544466959,0.5844996530815224,154.5307639885046,129.49442058433314,0.016694645928991746,0.9028743216897501,0.9501969909917365
2026-07-25,/vol/bitbucket/osella/rl-qecc-data/supervisedLearning/sweep/mix_66-96-126_H4_s2.pth,/vol/bitbucket/osella/rl-qecc-data/supervisedLearning/codeEvaluationTrainingData/l_15_m_3,15,3,17373,6,False,0.08362472115083074,0.06725342374319253,0.09886093545708846,0.08362472115083074,0.06725342374319253,0.09886093545708846,17373,0.0204795,0.012986999999999999,0.0204795,0.012986999999999999,0.010489499999999999,0.0194805,0.010489499999999999,0.009490499999999999,0.0174825,8.233266015157918,0.004412905695864694,0.0033554983954480677,0.18333749481001818,177.3384911131505,129.49442058433314,0.039277184107770244,0.9028743216897501,0.9501969909917365
2026-07-25,/vol/bitbucket/osella/rl-qecc-data/supervisedLearning/sweep/mix_66-96-126_H6_s0.pth,/vol/bitbucket/osella/rl-qecc-data/supervisedLearning/codeEvaluationTrainingData/l_15_m_3,15,3,17373,6,False,0.17418690700191314,0.15977800308552328,0.18982621653795517,0.17418690700191314,0.15977800308552328,0.18982621653795517,17373,0.0040414090909090955,0.0,0.008491499999999992,0.0009989999999999999,0.0,0.006368625000000003,0.0009989999999999999,0.0,0.006368625000000003,6.75439538784419,0.004163717348547306,0.0032879409904936823,0.8593402729667555,167.5978752388782,129.49442058433314,0.024450592101997022,0.9028743216897501,0.9501969909917365
2026-07-25,/vol/bitbucket/osella/rl-qecc-data/supervisedLearning/sweep/mix_66-96-126_H6_s1.pth,/vol/bitbucket/osella/rl-qecc-data/supervisedLearning/codeEvaluationTrainingData/l_15_m_3,15,3,17373,6,False,0.2780840138621387,0.2629310282402047,0.2928860127752829,0.2780840138621387,0.2629310282402047,0.2928860127752829,17373,0.018981,0.010489499999999999,0.019943451219512198,0.010489499999999999,0.008990999999999992,0.018981,0.010489499999999999,0.0044954999999999995,0.018814499999999998,7.613046472186369,0.003803185663774511,0.0031887676636777116,0.456586180897296,173.16972462379385,129.49442058433314,0.03482988232800546,0.9028743216897501,0.9501969909917365
2026-07-25,/vol/bitbucket/osella/rl-qecc-data/supervisedLearning/sweep/mix_66-96-126_H6_s2.pth,/vol/bitbucket/osella/rl-qecc-data/supervisedLearning/codeEvaluationTrainingData/l_15_m_3,15,3,17373,6,False,0.3011934485062286,0.28752087442705176,0.3145474497961036,0.3011934485062286,0.28752087442705176,0.3145474497961036,17373,0.026277969230769232,0.0034964999999999996,0.026277969230769232,0.0034964999999999996,0.0019979999999999998,0.025724250000000004,0.0024974999999999997,0.0,0.0040414090909090886,5.207393911556897,0.003828446956337878,0.0031864263068655556,0.7594918950864858,154.65584956096743,129.49442058433314,0.009638435053523338,0.9028743216897501,0.9501969909917365
2026-07-25,/vol/bitbucket/osella/rl-qecc-data/supervisedLearning/sweep/mix_66-96-126_H7_s0.pth,/vol/bitbucket/osella/rl-qecc-data/supervisedLearning/codeEvaluationTrainingData/l_15_m_3,15,3,17373,6,False,0.35167852219902085,0.33714653840713726,0.3652726333076849,0.35167852219902085,0.33714653840713726,0.3652726333076849,17373,0.00576695454545454,0.0029969999999999997,0.009490499999999999,0.0039959999999999996,0.0,0.005993999999999999,0.0,0.0,0.0057669545454545335,7.414037581189462,0.0031278012557820027,0.0031000417357686895,0.6903510238480527,159.8781810094217,129.49442058433314,0.019312848435036115,0.9028743216897501,0.9501969909917365
2026-07-25,/vol/bitbucket/osella/rl-qecc-data/supervisedLearning/sweep/mix_66-96-126_H7_s1.pth,/vol/bitbucket/osella/rl-qecc-data/supervisedLearning/codeEvaluationTrainingData/l_15_m_3,15,3,17373,6,False,0.2902795235565206,0.2756081718042121,0.30501984841826235,0.2902795235565206,0.2756081718042121,0.30501984841826235,17373,0.009989999999999999,0.008491499999999999,0.0244755,0.009989999999999999,0.008491499999999999,0.0204795,0.008491499999999999,0.007492499999999999,0.019269600000000005,8.087825005724044,0.004207534809655735,0.003180821466526103,0.4662285429383447,177.99288324072995,129.49442058433314,0.0404553561780176,0.9028743216897501,0.9501969909917365
2026-07-25,/vol/bitbucket/osella/rl-qecc-data/supervisedLearning/sweep/mix_66-96-126_H7_s2.pth,/vol/bitbucket/osella/rl-qecc-data/supervisedLearning/codeEvaluationTrainingData/l_15_m_3,15,3,17373,6,False,0.41552088960760053,0.40154085858635863,0.428978389499677,0.41552088960760053,0.40154085858635863,0.428978389499677,17373,0.0040414090909090955,0.0024974999999999997,0.005993999999999992,0.0024974999999999997,0.0014984999999999998,0.0040414090909090955,0.0024974999999999997,0.0014860125000000005,0.0039959999999999996,8.189564962005022,0.0037005618337338318,0.0029756162000263275,0.591047270513433,171.098241186421,129.49442058433314,0.03419484723937981,0.9028743216897501,0.9501969909917365
2026-07-25,/vol/bitbucket/osella/rl-qecc-data/supervisedLearning/sweep/mix_66-96_H10_s0.pth,/vol/bitbucket/osella/rl-qecc-data/supervisedLearning/codeEvaluationTrainingData/l_15_m_3,15,3,17373,6,False,0.10021798152875161,0.08485483499117406,0.11543677187433296,0.10021798152875161,0.08485483499117406,0.11543677187433296,17373,0.00944509090909091,0.0029969999999999997,0.009490499999999999,0.0029969999999999997,0.0019979999999999998,0.00944509090909091,0.0029969999999999997,0.0019979999999999998,0.007492499999999999,5.272565841565017,0.003690114465339374,0.0033247963959822714,0.38444602904964953,154.53338755920697,129.49442058433314,0.01322776033524126,0.9028743216897501,0.9501969909917365
2026-07-25,/vol/bitbucket/osella/rl-qecc-data/supervisedLearning/sweep/mix_66-96_H10_s1.pth,/vol/bitbucket/osella/rl-qecc-data/supervisedLearning/codeEvaluationTrainingData/l_15_m_3,15,3,17373,6,False,0.29022035160688675,0.2757079367706674,0.30555582270917925,0.29022035160688675,0.2757079367706674,0.30555582270917925,17373,0.013986000000000005,0.009989999999999992,0.013986000000000005,0.008990999999999999,0.007991999999999999,0.011488499999999999,0.008990999999999999,0.007991999999999999,0.009989999999999999,4.662466258779816,0.0031624071434720683,0.003161679619555086,1.05388860522668,155.86234428451598,129.49442058433314,0.017077675183516806,0.9028743216897501,0.9501969909917365
2026-07-25,/vol/bitbucket/osella/rl-qecc-data/supervisedLearning/sweep/mix_66-96_H10_s2.pth,/vol/bitbucket/osella/rl-qecc-data/supervisedLearning/codeEvaluationTrainingData/l_15_m_3,15,3,17373,6,False,0.1636499334797646,0.14829820531143764,0.17875133486409295,0.1636499334797646,0.14829820531143764,0.17875133486409295,17373,0.011987999999999999,0.010489499999999999,0.0224775,0.011987999999999999,0.005993999999999992,0.018981,0.005993999999999999,0.0044954999999999995,0.011987999999999999,4.627705944199942,0.0040658706047341136,0.0033164848100798983,0.25848209649916565,172.61138447510967,129.49442058433314,0.03402083354764172,0.9028743216897501,0.9501969909917365
2026-07-25,/vol/bitbucket/osella/rl-qecc-data/supervisedLearning/sweep/mix_66-96_H3_s0.pth,/vol/bitbucket/osella/rl-qecc-data/supervisedLearning/codeEvaluationTrainingData/l_15_m_3,15,3,17373,6,False,0.5263259832331352,0.5149853357018024,0.5379658495246428,0.5263259832331352,0.5149853357018024,0.5379658495246428,17373,6.938893903907228e-18,0.0,0.008990999999999999,6.938893903907228e-18,0.0,0.005173987499999988,6.938893903907228e-18,0.0,0.0037462499999999996,3.2855527158201525,0.0032275178968987172,0.0027526381477816445,1.4154922294198782,146.637316491873,129.49442058433314,0.007530043683989023,0.9028743216897501,0.9501969909917365
2026-07-25,/vol/bitbucket/osella/rl-qecc-data/supervisedLearning/sweep/mix_66-96_H3_s1.pth,/vol/bitbucket/osella/rl-qecc-data/supervisedLearning/codeEvaluationTrainingData/l_15_m_3,15,3,17373,6,False,0.8164786551332542,0.8105333167464948,0.8217300797360942,0.8164786551332542,0.8105333167464948,0.8217300797360942,17373,0.007492499999999999,0.0049949999999999925,0.009989999999999999,0.0049949999999999994,0.0,0.007492499999999999,6.938893903907228e-18,0.0,0.005993999999999999,4.1961016582370885,0.003973781146290402,0.0019552587907517367,1.930742277605263,153.46719793841905,129.49442058433314,0.023794867938320724,0.9028743216897501,0.9501969909917365
2026-07-25,/vol/bitbucket/osella/rl-qecc-data/supervisedLearning/sweep/mix_66-96_H3_s2.pth,/vol/bitbucket/osella/rl-qecc-data/supervisedLearning/codeEvaluationTrainingData/l_15_m_3,15,3,17373,6,False,-0.048347122598348495,-0.06346569647022658,-0.03325190460892597,-0.048347122598348495,-0.06346569647022658,-0.03325190460892597,17373,0.005494499999999999,0.0044830125,0.0174825,0.005494499999999999,0.0044830125,0.016508474999999977,0.005494499999999999,0.0044830125,0.015983999999999998,6.064091111892782,0.004160656662696638,0.0033716150257363012,-0.016821959334714157,162.36848232164132,129.49442058433314,0.01905631854052627,0.9028743216897501,0.9501969909917365
2026-07-25,/vol/bitbucket/osella/rl-qecc-data/supervisedLearning/sweep/mix_66-96_H4_s0.pth,/vol/bitbucket/osella/rl-qecc-data/supervisedLearning/codeEvaluationTrainingData/l_15_m_3,15,3,17373,6,False,0.08185475062952828,0.0664416293810873,0.0964282876568444,0.08185475062952828,0.0664416293810873,0.0964282876568444,17373,0.0037462499999999996,0.0027472499999999997,0.020479499999999994,0.0037462499999999996,0.0027472499999999997,0.018124850636942656,0.0037462499999999996,0.0027472499999999997,0.012986999999999999,7.780161529887507,0.0038283302392001064,0.0033576901597933266,0.2570329533589797,155.6983713087853,129.49442058433314,0.013482532054916337,0.9028743216897501,0.9501969909917365
2026-07-25,/vol/bitbucket/osella/rl-qecc-data/supervisedLearning/sweep/mix_66-96_H4_s1.pth,/vol/bitbucket/osella/rl-qecc-data/supervisedLearning/codeEvaluationTrainingData/l_15_m_3,15,3,17373,6,False,0.8316239345951026,0.8261283147174657,0.8369366338167504,0.8316239345951026,0.8261283147174657,0.8369366338167504,17373,0.009490499999999999,0.000998999999999993,0.009490499999999999,0.0009989999999999999,0.0,0.005993999999999999,6.938893903907228e-18,0.0,0.0037462499999999996,4.7258995282096254,0.0022805116811930176,0.001776242446876115,1.5098489922649474,140.77089994493085,129.49442058433314,0.008406591146271902,0.9028743216897501,0.9501969909917365
2026-07-25,/vol/bitbucket/osella/rl-qecc-data/supervisedLearning/sweep/mix_66-96_H4_s2.pth,/vol/bitbucket/osella/rl-qecc-data/supervisedLearning/codeEvaluationTrainingData/l_15_m_3,15,3,17373,6,False,0.8128455999790855,0.8075183314140879,0.818680854127068,0.8128455999790855,0.8075183314140879,0.818680854127068,17373,0.0049949999999999994,0.0034964999999999996,0.007492499999999999,0.0024974999999999997,0.0014984999999999998,0.005993999999999999,0.0024974999999999997,0.0014984999999999996,0.0049949999999999994,5.004331596540072,0.0022200629005995217,0.0019079317696008141,1.2323732390909812,140.34399368273694,129.49442058433314,0.008555940864792885,0.9028743216897501,0.9501969909917365
2026-07-25,/vol/bitbucket/osella/rl-qecc-data/supervisedLearning/sweep/mix_66-96_H6_s0.pth,/vol/bitbucket/osella/rl-qecc-data/supervisedLearning/codeEvaluationTrainingData/l_15_m_3,15,3,17373,6,False,0.1016672876126258,0.08585943128432307,0.11629724819367804,0.1016672876126258,0.08585943128432307,0.11629724819367804,17373,0.01427142857142857,0.0029969999999999997,0.0174825,0.0037462499999999996,0.0004994999999999999,0.011688299999999999,0.0014984999999999998,0.0,0.0039959999999999996,5.9237914409263075,0.003635243420639954,0.0033426439118858127,0.2891829209538618,158.86790617329237,129.49442058433314,0.017319676033037856,0.9028743216897501,0.9501969909917365
2026-07-25,/vol/bitbucket/osella/rl-qecc-data/supervisedLearning/sweep/mix_66-96_H6_s1.pth,/vol/bitbucket/osella/rl-qecc-data/supervisedLearning/codeEvaluationTrainingData/l_15_m_3,15,3,17373,6,False,0.8414848395720648,0.8362155805422112,0.8464046409937414,0.8414848395720648,0.8362155805422112,0.8464046409937414,17373,0.0024974999999999997,0.0009989999999999999,0.0049949999999999994,0.0009989999999999999,0.0,0.003995999999999993,0.0009989999999999999,0.0,0.002509987499999988,3.3391446913008465,0.0028800437937110328,0.0017906995620348373,1.3659309204009757,142.42470529492837,129.49442058433314,0.016072767895232834,0.9028743216897501,0.9501969909917365
2026-07-25,/vol/bitbucket/osella/rl-qecc-data/supervisedLearning/sweep/mix_66-96_H6_s2.pth,/vol/bitbucket/osella/rl-qecc-data/supervisedLearning/codeEvaluationTrainingData/l_15_m_3,15,3,17373,6,False,0.4353720784010663,0.42180424957070006,0.4487080687041907,0.4353720784010663,0.42180424957070006,0.4487080687041907,17373,0.011688299999999999,0.003995999999999993,0.011688299999999999,0.0039959999999999996,0.0024974999999999997,0.005993999999999999,0.0037462499999999926,0.0014984999999999998,0.0040414090909090955,4.773116029578979,0.0028834945341684607,0.0029041649902114023,0.8050752889955478,153.43918509858418,129.49442058433314,0.01663030115812406,0.9028743216897501,0.9501969909917365
2026-07-25,/vol/bitbucket/osella/rl-qecc-data/supervisedLearning/sweep/mix_66-96_H7_s0.pth,/vol/bitbucket/osella/rl-qecc-data/supervisedLearning/codeEvaluationTrainingData/l_15_m_3,15,3,17373,6,False,0.4601676602234923,0.4476302712314019,0.47197142342743076,0.4601676602234923,0.4476302712314019,0.47197142342743076,17373,0.0034964999999999996,0.0014984999999999998,0.0039959999999999996,0.0024974999999999997,0.0009989999999999999,0.0037462499999999857,0.0009989999999999999,0.0,0.0034964999999999927,6.295522703522263,0.003201875289250255,0.0028600912176838817,0.6501266126237121,157.72482117346655,129.49442058433314,0.0223902456793806,0.9028743216897501,0.9501969909917365
2026-07-25,/vol/bitbucket/osella/rl-qecc-data/supervisedLearning/sweep/mix_66-96_H7_s1.pth,/vol/bitbucket/osella/rl-qecc-data/supervisedLearning/codeEvaluationTrainingData/l_15_m_3,15,3,17373,6,False,0.7284120516903241,0.720786944770313,0.736357484534337,0.7284120516903241,0.720786944770313,0.736357484534337,17373,0.0044954999999999995,0.0019979999999999998,0.007492499999999992,0.0024974999999999997,0.0014984999999999996,0.006493499999999992,0.0024974999999999997,0.0,0.0044954999999999995,5.355979490354258,0.002283617701627526,0.0022748231612367657,1.033189747994302,141.45084641352935,129.49442058433314,0.0037698252577895,0.9028743216897501,0.9501969909917365
2026-07-25,/vol/bitbucket/osella/rl-qecc-data/supervisedLearning/sweep/mix_66-96_H7_s2.pth,/vol/bitbucket/osella/rl-qecc-data/supervisedLearning/codeEvaluationTrainingData/l_15_m_3,15,3,17373,6,False,0.47850496484861615,0.465592394814738,0.4908305238900122,0.47850496484861615,0.465592394814738,0.4908305238900122,17373,0.024975000000000004,0.005494499999999999,0.025536937500000002,0.005494499999999999,0.0039959999999999996,0.024975000000000004,0.005494499999999999,0.0,0.009989999999999999,7.055318865086867,0.002927867144901668,0.0028343162860020904,0.6794053993248447,155.31994158803283,129.49442058433314,0.012168174918373196,0.9028743216897501,0.9501969909917365
2026-07-25,/vol/bitbucket/osella/rl-qecc-data/supervisedLearning/sweep/mix_66_H10_s0.pth,/vol/bitbucket/osella/rl-qecc-data/supervisedLearning/codeEvaluationTrainingData/l_15_m_3,15,3,17373,6,False,0.6919361029659857,0.6837761236011186,0.7002608660286913,0.6919361029659857,0.6837761236011186,0.7002608660286913,17373,0.005993999999999999,0.0029969999999999927,0.007492499999999992,0.0029969999999999997,0.0019855125000000006,0.005993999999999999,0.0029969999999999997,0.0019855125000000006,0.005993999999999999,3.267343640636233,0.003021378461258357,0.002367822810658633,0.5509590990677032,147.08477645767175,129.49442058433314,0.014754873540509758,0.9028743216897501,0.9501969909917365
2026-07-25,/vol/bitbucket/osella/rl-qecc-data/supervisedLearning/sweep/mix_66_H10_s1.pth,/vol/bitbucket/osella/rl-qecc-data/supervisedLearning/codeEvaluationTrainingData/l_15_m_3,15,3,17373,6,False,-0.12026503387921725,-0.1368876692188472,-0.10506306816920306,-0.12026503387921725,-0.1368876692188472,-0.10506306816920306,17373,0.025974000000000004,0.012487499999999999,0.025974000000000004,0.013486499999999998,0.011987999999999999,0.0204795,0.013486499999999998,0.007991999999999999,0.0194805,5.78684189882549,0.0048471439627321925,0.0033470348318520473,-0.09868194372698343,182.12554012291523,129.49442058433314,0.035189408175316704,0.9028743216897501,0.9501969909917365
2026-07-25,/vol/bitbucket/osella/rl-qecc-data/supervisedLearning/sweep/mix_66_H10_s2.pth,/vol/bitbucket/osella/rl-qecc-data/supervisedLearning/codeEvaluationTrainingData/l_15_m_3,15,3,17373,6,False,0.3294612261337209,0.31523004822915107,0.3428879718595233,0.3294612261337209,0.31523004822915107,0.3428879718595233,17373,0.0040414090909090955,0.0030424090909090956,0.010489499999999999,0.0035464499999999927,0.0025429090909090957,0.008516474999999976,0.0035464499999999927,0.0014984999999999998,0.006493499999999999,4.23727905384543,0.0033580794391311697,0.0030941058074690124,0.49303196173467845,154.86645389112877,129.49442058433314,0.018913455285436784,0.9028743216897501,0.9501969909917365
2026-07-25,/vol/bitbucket/osella/rl-qecc-data/supervisedLearning/sweep/mix_66_H3_s0.pth,/vol/bitbucket/osella/rl-qecc-data/supervisedLearning/codeEvaluationTrainingData/l_15_m_3,15,3,17373,6,False,0.58403976051784,0.573656642436246,0.5954331124121671,0.58403976051784,0.573656642436246,0.5954331124121671,17373,0.009989999999999999,0.006493499999999999,0.009989999999999999,0.006493499999999999,0.0044954999999999926,0.009490499999999999,0.0044954999999999995,0.0034964999999999996,0.007492499999999999,5.632940112058894,0.004158494383653255,0.0026569664316939195,0.40451975607167234,156.97943934491028,129.49442058433314,0.014971646119416234,0.9028743216897501,0.9501969909917365
2026-07-25,/vol/bitbucket/osella/rl-qecc-data/supervisedLearning/sweep/mix_66_H3_s1.pth,/vol/bitbucket/osella/rl-qecc-data/supervisedLearning/codeEvaluationTrainingData/l_15_m_3,15,3,17373,6,False,0.6332263957568028,0.6222837932990875,0.6436349465687337,0.6332263957568028,0.6222837932990875,0.6436349465687337,17373,0.007242749999999999,0.006243749999999999,0.010489499999999999,0.007242749999999999,0.0,0.007991999999999999,0.0,0.0,0.007991999999999999,3.5428120700050316,0.004016144387849029,0.0024855320860258565,0.45089050698183947,152.81912912215688,129.49442058433314,0.016025998318556122,0.9028743216897501,0.9501969909917365
2026-07-25,/vol/bitbucket/osella/rl-qecc-data/supervisedLearning/sweep/mix_66_H3_s2.pth,/vol/bitbucket/osella/rl-qecc-data/supervisedLearning/codeEvaluationTrainingData/l_15_m_3,15,3,17373,6,False,0.6930554315671562,0.6840835734966225,0.70168280777862,0.6930554315671562,0.6840835734966225,0.70168280777862,17373,0.008491499999999999,0.0024974999999999997,0.011488499999999992,0.0034964999999999996,0.0004994999999999999,0.008491499999999999,0.0014984999999999998,0.0,0.008491499999999992,3.6037037618102747,0.002977633892164953,0.002309538447635782,0.5631172511424054,148.25934363149634,129.49442058433314,0.010993657485841198,0.9028743216897501,0.9501969909917365
2026-07-25,/vol/bitbucket/osella/rl-qecc-data/supervisedLearning/sweep/mix_66_H4_s0.pth,/vol/bitbucket/osella/rl-qecc-data/supervisedLearning/codeEvaluationTrainingData/l_15_m_3,15,3,17373,6,False,0.5580428146844499,0.547306123344259,0.5692898510592462,0.5580428146844499,0.547306123344259,0.5692898510592462,17373,0.010489499999999999,0.001498499999999993,0.010489499999999999,0.0014984999999999998,0.0,0.008491499999999999,0.0014984999999999998,0.0,0.007492499999999999,4.298868492340881,0.00524534065593299,0.0027472865259355757,0.3351074421372743,165.86132109296304,129.49442058433314,0.026815987096473693,0.9028743216897501,0.9501969909917365
2026-07-25,/vol/bitbucket/osella/rl-qecc-data/supervisedLearning/sweep/mix_66_H4_s1.pth,/vol/bitbucket/osella/rl-qecc-data/supervisedLearning/codeEvaluationTrainingData/l_15_m_3,15,3,17373,6,False,0.5987442154066235,0.5873689584825903,0.610315341768458,0.5987442154066235,0.5873689584825903,0.610315341768458,17373,0.006992999999999999,0.0044954999999999926,0.010988999999999999,0.0044954999999999995,0.0034964999999999996,0.009989999999999999,0.0044954999999999995,0.0034964999999999996,0.006992999999999999,4.697454292031896,0.0061999367547635785,0.002601577959639874,0.5818595591472975,178.9061925306001,129.49442058433314,0.05067925650342427,0.9028743216897501,0.9501969909917365
2026-07-25,/vol/bitbucket/osella/rl-qecc-data/supervisedLearning/sweep/mix_66_H4_s2.pth,/vol/bitbucket/osella/rl-qecc-data/supervisedLearning/codeEvaluationTrainingData/l_15_m_3,15,3,17373,6,False,0.7025507823621948,0.6943791317725182,0.7114604751020808,0.7025507823621948,0.6943791317725182,0.7114604751020808,17373,0.006493499999999999,0.0027472499999999928,0.008990999999999999,0.0037462499999999926,0.001498499999999993,0.006493499999999999,0.0014984999999999998,0.0004994999999999999,0.0044954999999999995,5.369785675859504,0.0035095537335379343,0.002395689856442063,0.5684614191981587,185.08554278321338,129.49442058433314,0.030054179650462445,0.9028743216897501,0.9501969909917365
2026-07-25,/vol/bitbucket/osella/rl-qecc-data/supervisedLearning/sweep/mix_66_H6_s0.pth,/vol/bitbucket/osella/rl-qecc-data/supervisedLearning/codeEvaluationTrainingData/l_15_m_3,15,3,17373,6,False,0.4347003461313459,0.4216741782625465,0.4474382178348837,0.4347003461313459,0.4216741782625465,0.4474382178348837,17373,0.0049949999999999994,0.0034964999999999996,0.011987999999999999,0.0040414090909090955,0.0030424090909090956,0.008491499999999999,0.0037462499999999996,0.0025429090909090957,0.005993999999999999,3.5030419082555966,0.005931649422280625,0.0029314211523622123,0.6470379532007436,189.49656650874118,129.49442058433314,0.056583197537582175,0.9028743216897501,0.9501969909917365
2026-07-25,/vol/bitbucket/osella/rl-qecc-data/supervisedLearning/sweep/mix_66_H6_s1.pth,/vol/bitbucket/osella/rl-qecc-data/supervisedLearning/codeEvaluationTrainingData/l_15_m_3,15,3,17373,6,False,0.47419026885207916,0.46100699549162183,0.48660367880839045,0.47419026885207916,0.46100699549162183,0.48660367880839045,17373,0.0,0.0,0.012487499999999999,0.0,0.0,0.011488499999999992,0.0,0.0,0.006992999999999992,5.0804624414358885,0.0034675971230731955,0.0028455810404001804,0.5255606435516486,154.9354389424982,129.49442058433314,0.02398264441160923,0.9028743216897501,0.9501969909917365
2026-07-25,/vol/bitbucket/osella/rl-qecc-data/supervisedLearning/sweep/mix_66_H6_s2.pth,/vol/bitbucket/osella/rl-qecc-data/supervisedLearning/codeEvaluationTrainingData/l_15_m_3,15,3,17373,6,False,0.7808109543658314,0.7739247316732992,0.7879960803939134,0.7808109543658314,0.7739247316732992,0.7879960803939134,17373,0.009490499999999999,0.0029969999999999927,0.012487499999999999,0.0029969999999999997,0.0,0.009490499999999992,0.0,0.0,0.005993999999999992,3.5782264791978413,0.004426656024040345,0.0019787060524340547,0.5830689475764977,152.2702743223676,129.49442058433314,0.02766272075800463,0.9028743216897501,0.9501969909917365
2026-07-25,/vol/bitbucket/osella/rl-qecc-data/supervisedLearning/sweep/mix_66_H7_s0.pth,/vol/bitbucket/osella/rl-qecc-data/supervisedLearning/codeEvaluationTrainingData/l_15_m_3,15,3,17373,6,False,0.5747472708696446,0.5640930536059189,0.5854867184138397,0.5747472708696446,0.5640930536059189,0.5854867184138397,17373,0.0034964999999999996,0.0019979999999999998,0.011987999999999999,0.0034964999999999996,0.0,0.008990999999999999,0.0,0.0,0.004507987499999988,3.9116689784192107,0.004284393513148876,0.002687464000466338,0.3901225861453019,157.18301792482876,129.49442058433314,0.018963426815838832,0.9028743216897501,0.9501969909917365
2026-07-25,/vol/bitbucket/osella/rl-qecc-data/supervisedLearning/sweep/mix_66_H7_s1.pth,/vol/bitbucket/osella/rl-qecc-data/supervisedLearning/codeEvaluationTrainingData/l_15_m_3,15,3,17373,6,False,0.6112779487351158,0.6019457635136668,0.6217529536650972,0.6112779487351158,0.6019457635136668,0.6217529536650972,17373,0.008491499999999999,0.0,0.009490499999999992,0.0,0.0,0.008491499999999992,0.0,0.0,0.006493499999999992,6.043136551076456,0.0032928290619962685,0.0026248097196253485,0.5137331759332227,155.52863223770038,129.49442058433314,0.013117337430886186,0.9028743216897501,0.9501969909917365
2026-07-25,/vol/bitbucket/osella/rl-qecc-data/supervisedLearning/sweep/mix_66_H7_s2.pth,/vol/bitbucket/osella/rl-qecc-data/supervisedLearning/codeEvaluationTrainingData/l_15_m_3,15,3,17373,6,False,0.8240466737109342,0.8187566908599004,0.8297199304334355,0.8240466737109342,0.8187566908599004,0.8297199304334355,17373,0.0044954999999999995,0.0029969999999999997,0.009989999999999999,0.0044954999999999995,0.0029969999999999997,0.007991999999999992,0.0039959999999999996,0.0,0.005993999999999992,2.7989130647855056,0.004440790484166293,0.001785835543071348,0.6374219887718484,154.47066619324434,129.49442058433314,0.03304009604569308,0.9028743216897501,0.9501969909917365
