# num_workers = 11
# num_cells = 256
# seed_for_environment = 466555
# lr = 0.0003
# max_grad_norm = 1.0
# eval_rollout_length = 60
# scaling_factor = 1000
# frames_per_batch = 500
# sub_batch_size = 64
# num_epochs = 15
# clip_epsilon = 0.2
# gamma = 0.99
# lmbda = 0.95
# entropy_eps = 0.03
# env_reward_engineering = True
# env_minimum_number_of_qubits = 12
# log_name = experiment_30_6_seed_466555_randomInit_from_arch_of_g5_mix_66-96-126_H10_s7134066.txt
# env_error_range = geometric5
# env_version = qecc/bbcode-ldpc-v0
# env_bit_flipping = True
# env_l = 30
# env_m = 6
# env_use_dict_observation = True
# env_number_of_decoder_iterations = 50
# env_number_of_samples = 50
# env_code_logging = False
# env_reset_type = random3
# env_max_step = 60
# env_max_decoding_usage = 1073741824
# model_architecture = hybrid
# model_surrogate_model_path = /vol/bitbucket/osella/rl-qecc-data//supervisedLearning/sweep2/g5_mix_66-96-126_H10_s7134066.pth
# model_use_pretrained_encoder = False
# index_to_unfreeze_encoder_updates = 0
# encoder_lr_factor = 0.1
# training_device = cpu
# Resolved arguments:
# Resolved_env_reward_engineering = True
# Resolved_env_bit_flipping = True
# Resolved_env_useDictObservation = True
# Resolved_env_code_logging = False
# Resolved_env_max_step = 60
# Resolved_env_max_decoding_usage = 1073741824
# Resolved_env_reset_type = random3
# Resolved_env_error_range = [np.float64(0.001), np.float64(0.003162), np.float64(0.01), np.float64(0.031623), np.float64(0.1)]
# Resolved_model_use_pretrained_encoder = False
# Resolved_trainingDevice = cpu
# Resolved_model_architecture = hybrid
# Just for information, not used in actual run: SLURM CPUS queried from os environment: 12
# Number of workers: 11
# Does torch identify cuda: False
# encoder ***RANDOM WEIGHTS***
evaluation number	time	reward	time	policy entropy	time	policy entropy aX	time	policy entropy bX	time	policy entropy aY	time	policy entropy bY	time	Encoder freeze	time	preAction_aX	time	preAction_bX	time	preAction_aY	time	preAction_bY	time	preAction_k	time	postAction_aX	time	postAction_bX	time	postAction_aY	time	postAction_bY	time	postAction_k	time
0	2026-08-16_22-41-03	-1.0	2026-08-16_22-41-03	10.71517276763916	2026-08-16_22-41-03	3.4216456413269043	2026-08-16_22-41-03	3.4177324771881104	2026-08-16_22-41-03	1.9333136081695557	2026-08-16_22-41-03	1.9424810409545898	2026-08-16_22-41-03	False	2026-08-16_22-41-03	[0 1 0 0 0 0 0 0 0 0 0 0 0 0 0 0 0 0 0 0 0 0 0 0 0 0 0 0 0 0]	2026-08-16_22-41-03	[0 0 0 0 1 0 0 1 0 0 0 0 0 0 0 0 0 0 0 0 0 0 0 0 0 0 1 0 0 0]	2026-08-16_22-41-03	[1 0 0 0 1 1]	2026-08-16_22-41-03	[0 0 0 0 0 0]	2026-08-16_22-41-03	[0]	2026-08-16_22-41-03	[0 1 0 0 0 0 0 0 0 0 0 0 0 0 0 0 0 0 0 0 0 0 0 0 0 0 0 0 0 1]	2026-08-16_22-41-03	[0 0 0 0 1 0 0 1 0 0 0 0 0 0 0 0 0 0 0 0 0 0 0 0 0 0 1 0 0 1]	2026-08-16_22-41-03	[1 0 1 0 1 1]	2026-08-16_22-41-03	[0 1 0 0 0 0]	2026-08-16_22-41-03	[0]	2026-08-16_22-41-03
0	2026-08-16_22-41-03	-1.0	2026-08-16_22-41-03	10.715250015258789	2026-08-16_22-41-03	3.421726703643799	2026-08-16_22-41-03	3.4175705909729004	2026-08-16_22-41-03	1.93343186378479	2026-08-16_22-41-03	1.942521095275879	2026-08-16_22-41-03	False	2026-08-16_22-41-03	[0 1 0 0 0 0 0 0 0 0 0 0 0 0 0 0 0 0 0 0 0 0 0 0 0 0 0 0 0 1]	2026-08-16_22-41-03	[0 0 0 0 1 0 0 1 0 0 0 0 0 0 0 0 0 0 0 0 0 0 0 0 0 0 1 0 0 1]	2026-08-16_22-41-03	[1 0 1 0 1 1]	2026-08-16_22-41-03	[0 1 0 0 0 0]	2026-08-16_22-41-03	[0]	2026-08-16_22-41-03	[0 1 0 0 0 0 0 0 0 0 0 0 0 0 0 0 0 0 0 0 0 0 0 0 0 0 0 0 0 0]	2026-08-16_22-41-03	[0 0 0 0 1 0 0 1 0 0 0 0 0 0 0 0 0 0 0 0 0 0 0 0 0 0 1 0 0 0]	2026-08-16_22-41-03	[1 0 0 0 1 1]	2026-08-16_22-41-03	[0 0 0 0 0 0]	2026-08-16_22-41-03	[0]	2026-08-16_22-41-03
0	2026-08-16_22-41-03	-1.0	2026-08-16_22-41-03	10.715022087097168	2026-08-16_22-41-03	3.4217474460601807	2026-08-16_22-41-03	3.4177041053771973	2026-08-16_22-41-03	1.933195948600769	2026-08-16_22-41-03	1.9423741102218628	2026-08-16_22-41-03	False	2026-08-16_22-41-03	[0 1 0 0 0 0 0 0 0 0 0 0 0 0 0 0 0 0 0 0 0 0 0 0 0 0 0 0 0 0]	2026-08-16_22-41-03	[0 0 0 0 1 0 0 1 0 0 0 0 0 0 0 0 0 0 0 0 0 0 0 0 0 0 1 0 0 0]	2026-08-16_22-41-03	[1 0 0 0 1 1]	2026-08-16_22-41-03	[0 0 0 0 0 0]	2026-08-16_22-41-03	[0]	2026-08-16_22-41-03	[0 1 0 0 0 0 0 0 0 0 0 0 0 0 0 0 0 0 0 0 0 0 0 0 0 0 0 0 0 1]	2026-08-16_22-41-03	[0 0 0 0 1 0 0 1 0 0 0 0 0 0 0 0 0 0 0 0 0 0 0 0 0 0 1 0 0 1]	2026-08-16_22-41-03	[1 0 1 0 1 1]	2026-08-16_22-41-03	[0 1 0 0 0 0]	2026-08-16_22-41-03	[0]	2026-08-16_22-41-03
0	2026-08-16_22-41-03	-1.0	2026-08-16_22-41-03	10.714329719543457	2026-08-16_22-41-03	3.42156982421875	2026-08-16_22-41-03	3.4174323081970215	2026-08-16_22-41-03	1.933091402053833	2026-08-16_22-41-03	1.9422359466552734	2026-08-16_22-41-03	False	2026-08-16_22-41-03	[0 1 0 0 0 0 0 0 0 0 0 0 0 0 0 0 0 0 0 0 0 0 0 0 0 0 0 0 0 1]	2026-08-16_22-41-03	[0 0 0 0 1 0 0 1 0 0 0 0 0 0 0 0 0 0 0 0 0 0 0 0 0 0 1 0 0 1]	2026-08-16_22-41-03	[1 0 1 0 1 1]	2026-08-16_22-41-03	[0 1 0 0 0 0]	2026-08-16_22-41-03	[0]	2026-08-16_22-41-03	[0 1 0 0 0 0 0 0 0 0 0 0 0 0 0 0 0 0 0 0 0 0 0 0 0 0 0 0 0 0]	2026-08-16_22-41-03	[0 0 0 0 1 0 0 1 0 0 0 0 0 0 0 0 0 0 0 0 0 0 0 0 0 0 1 0 0 0]	2026-08-16_22-41-03	[1 0 0 0 1 1]	2026-08-16_22-41-03	[0 0 0 0 0 0]	2026-08-16_22-41-03	[0]	2026-08-16_22-41-03
0	2026-08-16_22-41-03	-1.0	2026-08-16_22-41-03	10.715662002563477	2026-08-16_22-41-03	3.4218811988830566	2026-08-16_22-41-03	3.417678117752075	2026-08-16_22-41-03	1.9336471557617188	2026-08-16_22-41-03	1.9424548149108887	2026-08-16_22-41-03	False	2026-08-16_22-41-03	[0 1 0 0 0 0 0 0 0 0 0 0 0 0 0 0 0 0 0 0 0 0 0 0 0 0 0 0 0 0]	2026-08-16_22-41-03	[0 0 0 0 1 0 0 1 0 0 0 0 0 0 0 0 0 0 0 0 0 0 0 0 0 0 1 0 0 0]	2026-08-16_22-41-03	[1 0 0 0 1 1]	2026-08-16_22-41-03	[0 0 0 0 0 0]	2026-08-16_22-41-03	[0]	2026-08-16_22-41-03	[0 1 0 0 0 0 0 0 0 0 0 0 0 0 0 0 0 0 0 0 0 0 0 0 0 0 0 0 0 1]	2026-08-16_22-41-03	[0 0 0 0 1 0 0 1 0 0 0 0 0 0 0 0 0 0 0 0 0 0 0 0 0 0 1 0 0 1]	2026-08-16_22-41-03	[1 0 1 0 1 1]	2026-08-16_22-41-03	[0 1 0 0 0 0]	2026-08-16_22-41-03	[0]	2026-08-16_22-41-03
0	2026-08-16_22-41-03	-1.0	2026-08-16_22-41-03	10.715004920959473	2026-08-16_22-41-03	3.4218199253082275	2026-08-16_22-41-03	3.4176180362701416	2026-08-16_22-41-03	1.9331529140472412	2026-08-16_22-41-03	1.9424145221710205	2026-08-16_22-41-03	False	2026-08-16_22-41-03	[0 1 0 0 0 0 0 0 0 0 0 0 0 0 0 0 0 0 0 0 0 0 0 0 0 0 0 0 0 1]	2026-08-16_22-41-03	[0 0 0 0 1 0 0 1 0 0 0 0 0 0 0 0 0 0 0 0 0 0 0 0 0 0 1 0 0 1]	2026-08-16_22-41-03	[1 0 1 0 1 1]	2026-08-16_22-41-03	[0 1 0 0 0 0]	2026-08-16_22-41-03	[0]	2026-08-16_22-41-03	[0 1 0 0 0 0 0 0 0 0 0 0 0 0 0 0 0 0 0 0 0 0 0 0 0 0 0 0 0 0]	2026-08-16_22-41-03	[0 0 0 0 1 0 0 1 0 0 0 0 0 0 0 0 0 0 0 0 0 0 0 0 0 0 1 0 0 0]	2026-08-16_22-41-03	[1 0 0 0 1 1]	2026-08-16_22-41-03	[0 0 0 0 0 0]	2026-08-16_22-41-03	[0]	2026-08-16_22-41-03
0	2026-08-16_22-41-03	-1.0	2026-08-16_22-41-03	10.715028762817383	2026-08-16_22-41-03	3.421419143676758	2026-08-16_22-41-03	3.4176626205444336	2026-08-16_22-41-03	1.9335647821426392	2026-08-16_22-41-03	1.9423819780349731	2026-08-16_22-41-03	False	2026-08-16_22-41-03	[0 1 0 0 0 0 0 0 0 0 0 0 0 0 0 0 0 0 0 0 0 0 0 0 0 0 0 0 0 0]	2026-08-16_22-41-03	[0 0 0 0 1 0 0 1 0 0 0 0 0 0 0 0 0 0 0 0 0 0 0 0 0 0 1 0 0 0]	2026-08-16_22-41-03	[1 0 0 0 1 1]	2026-08-16_22-41-03	[0 0 0 0 0 0]	2026-08-16_22-41-03	[0]	2026-08-16_22-41-03	[0 1 0 0 0 0 0 0 0 0 0 0 0 0 0 0 0 0 0 0 0 0 0 0 0 0 0 0 0 1]	2026-08-16_22-41-03	[0 0 0 0 1 0 0 1 0 0 0 0 0 0 0 0 0 0 0 0 0 0 0 0 0 0 1 0 0 1]	2026-08-16_22-41-03	[1 0 1 0 1 1]	2026-08-16_22-41-03	[0 1 0 0 0 0]	2026-08-16_22-41-03	[0]	2026-08-16_22-41-03
0	2026-08-16_22-41-03	-1.0	2026-08-16_22-41-03	10.714834213256836	2026-08-16_22-41-03	3.4217233657836914	2026-08-16_22-41-03	3.4175493717193604	2026-08-16_22-41-03	1.933051347732544	2026-08-16_22-41-03	1.9425110816955566	2026-08-16_22-41-03	False	2026-08-16_22-41-03	[0 1 0 0 0 0 0 0 0 0 0 0 0 0 0 0 0 0 0 0 0 0 0 0 0 0 0 0 0 1]	2026-08-16_22-41-03	[0 0 0 0 1 0 0 1 0 0 0 0 0 0 0 0 0 0 0 0 0 0 0 0 0 0 1 0 0 1]	2026-08-16_22-41-03	[1 0 1 0 1 1]	2026-08-16_22-41-03	[0 1 0 0 0 0]	2026-08-16_22-41-03	[0]	2026-08-16_22-41-03	[0 1 0 0 0 0 0 0 0 0 0 0 0 0 0 0 0 0 0 0 0 0 0 0 0 0 0 0 0 0]	2026-08-16_22-41-03	[0 0 0 0 1 0 0 1 0 0 0 0 0 0 0 0 0 0 0 0 0 0 0 0 0 0 1 0 0 0]	2026-08-16_22-41-03	[1 0 0 0 1 1]	2026-08-16_22-41-03	[0 0 0 0 0 0]	2026-08-16_22-41-03	[0]	2026-08-16_22-41-03
0	2026-08-16_22-41-03	-1.0	2026-08-16_22-41-03	10.714811325073242	2026-08-16_22-41-03	3.421574592590332	2026-08-16_22-41-03	3.417524814605713	2026-08-16_22-41-03	1.9333243370056152	2026-08-16_22-41-03	1.9423874616622925	2026-08-16_22-41-03	False	2026-08-16_22-41-03	[0 1 0 0 0 0 0 0 0 0 0 0 0 0 0 0 0 0 0 0 0 0 0 0 0 0 0 0 0 0]	2026-08-16_22-41-03	[0 0 0 0 1 0 0 1 0 0 0 0 0 0 0 0 0 0 0 0 0 0 0 0 0 0 1 0 0 0]	2026-08-16_22-41-03	[1 0 0 0 1 1]	2026-08-16_22-41-03	[0 0 0 0 0 0]	2026-08-16_22-41-03	[0]	2026-08-16_22-41-03	[0 1 0 0 0 0 0 0 0 0 0 0 0 0 0 0 0 0 0 0 0 0 0 0 0 0 0 0 0 1]	2026-08-16_22-41-03	[0 0 0 0 1 0 0 1 0 0 0 0 0 0 0 0 0 0 0 0 0 0 0 0 0 0 1 0 0 1]	2026-08-16_22-41-03	[1 0 1 0 1 1]	2026-08-16_22-41-03	[0 1 0 0 0 0]	2026-08-16_22-41-03	[0]	2026-08-16_22-41-03
0	2026-08-16_22-41-03	-1.0	2026-08-16_22-41-03	10.715041160583496	2026-08-16_22-41-03	3.421715259552002	2026-08-16_22-41-03	3.4176878929138184	2026-08-16_22-41-03	1.9329944849014282	2026-08-16_22-41-03	1.942643404006958	2026-08-16_22-41-03	False	2026-08-16_22-41-03	[0 1 0 0 0 0 0 0 0 0 0 0 0 0 0 0 0 0 0 0 0 0 0 0 0 0 0 0 0 1]	2026-08-16_22-41-03	[0 0 0 0 1 0 0 1 0 0 0 0 0 0 0 0 0 0 0 0 0 0 0 0 0 0 1 0 0 1]	2026-08-16_22-41-03	[1 0 1 0 1 1]	2026-08-16_22-41-03	[0 1 0 0 0 0]	2026-08-16_22-41-03	[0]	2026-08-16_22-41-03	[0 1 0 0 0 0 0 0 0 0 0 0 0 0 0 0 0 0 0 0 0 0 0 0 0 0 0 0 0 0]	2026-08-16_22-41-03	[0 0 0 0 1 0 0 1 0 0 0 0 0 0 0 0 0 0 0 0 0 0 0 0 0 0 1 0 0 0]	2026-08-16_22-41-03	[1 0 0 0 1 1]	2026-08-16_22-41-03	[0 0 0 0 0 0]	2026-08-16_22-41-03	[0]	2026-08-16_22-41-03
0	2026-08-16_22-41-03	-1.0	2026-08-16_22-41-03	10.715757369995117	2026-08-16_22-41-03	3.421854019165039	2026-08-16_22-41-03	3.417804718017578	2026-08-16_22-41-03	1.9334869384765625	2026-08-16_22-41-03	1.9426119327545166	2026-08-16_22-41-03	False	2026-08-16_22-41-03	[0 1 0 0 0 0 0 0 0 0 0 0 0 0 0 0 0 0 0 0 0 0 0 0 0 0 0 0 0 0]	2026-08-16_22-41-03	[0 0 0 0 1 0 0 1 0 0 0 0 0 0 0 0 0 0 0 0 0 0 0 0 0 0 1 0 0 0]	2026-08-16_22-41-03	[1 0 0 0 1 1]	2026-08-16_22-41-03	[0 0 0 0 0 0]	2026-08-16_22-41-03	[0]	2026-08-16_22-41-03	[0 1 0 0 0 0 0 0 0 0 0 0 0 0 0 0 0 0 0 0 0 0 0 0 0 0 0 0 0 1]	2026-08-16_22-41-03	[0 0 0 0 1 0 0 1 0 0 0 0 0 0 0 0 0 0 0 0 0 0 0 0 0 0 1 0 0 1]	2026-08-16_22-41-03	[1 0 1 0 1 1]	2026-08-16_22-41-03	[0 1 0 0 0 0]	2026-08-16_22-41-03	[0]	2026-08-16_22-41-03
0	2026-08-16_22-41-03	-1.0	2026-08-16_22-41-03	10.71461009979248	2026-08-16_22-41-03	3.421787738800049	2026-08-16_22-41-03	3.417572021484375	2026-08-16_22-41-03	1.9327832460403442	2026-08-16_22-41-03	1.9424670934677124	2026-08-16_22-41-03	False	2026-08-16_22-41-03	[0 1 0 0 0 0 0 0 0 0 0 0 0 0 0 0 0 0 0 0 0 0 0 0 0 0 0 0 0 1]	2026-08-16_22-41-03	[0 0 0 0 1 0 0 1 0 0 0 0 0 0 0 0 0 0 0 0 0 0 0 0 0 0 1 0 0 1]	2026-08-16_22-41-03	[1 0 1 0 1 1]	2026-08-16_22-41-03	[0 1 0 0 0 0]	2026-08-16_22-41-03	[0]	2026-08-16_22-41-03	[0 1 0 0 0 0 0 0 0 0 0 0 0 0 0 0 0 0 0 0 0 0 0 0 0 0 0 0 0 0]	2026-08-16_22-41-03	[0 0 0 0 1 0 0 1 0 0 0 0 0 0 0 0 0 0 0 0 0 0 0 0 0 0 1 0 0 0]	2026-08-16_22-41-03	[1 0 0 0 1 1]	2026-08-16_22-41-03	[0 0 0 0 0 0]	2026-08-16_22-41-03	[0]	2026-08-16_22-41-03
0	2026-08-16_22-41-03	-1.0	2026-08-16_22-41-03	10.7149658203125	2026-08-16_22-41-03	3.421694278717041	2026-08-16_22-41-03	3.417660713195801	2026-08-16_22-41-03	1.9331148862838745	2026-08-16_22-41-03	1.9424961805343628	2026-08-16_22-41-03	False	2026-08-16_22-41-03	[0 1 0 0 0 0 0 0 0 0 0 0 0 0 0 0 0 0 0 0 0 0 0 0 0 0 0 0 0 0]	2026-08-16_22-41-03	[0 0 0 0 1 0 0 1 0 0 0 0 0 0 0 0 0 0 0 0 0 0 0 0 0 0 1 0 0 0]	2026-08-16_22-41-03	[1 0 0 0 1 1]	2026-08-16_22-41-03	[0 0 0 0 0 0]	2026-08-16_22-41-03	[0]	2026-08-16_22-41-03	[0 1 0 0 0 0 0 0 0 0 0 0 0 0 0 0 0 0 0 0 0 0 0 0 0 0 0 0 0 1]	2026-08-16_22-41-03	[0 0 0 0 1 0 0 1 0 0 0 0 0 0 0 0 0 0 0 0 0 0 0 0 0 0 1 0 0 1]	2026-08-16_22-41-03	[1 0 1 0 1 1]	2026-08-16_22-41-03	[0 1 0 0 0 0]	2026-08-16_22-41-03	[0]	2026-08-16_22-41-03
0	2026-08-16_22-41-03	-1.0	2026-08-16_22-41-03	10.715380668640137	2026-08-16_22-41-03	3.421846866607666	2026-08-16_22-41-03	3.4178144931793213	2026-08-16_22-41-03	1.9333107471466064	2026-08-16_22-41-03	1.942408561706543	2026-08-16_22-41-03	False	2026-08-16_22-41-03	[0 1 0 0 0 0 0 0 0 0 0 0 0 0 0 0 0 0 0 0 0 0 0 0 0 0 0 0 0 1]	2026-08-16_22-41-03	[0 0 0 0 1 0 0 1 0 0 0 0 0 0 0 0 0 0 0 0 0 0 0 0 0 0 1 0 0 1]	2026-08-16_22-41-03	[1 0 1 0 1 1]	2026-08-16_22-41-03	[0 1 0 0 0 0]	2026-08-16_22-41-03	[0]	2026-08-16_22-41-03	[0 1 0 0 0 0 0 0 0 0 0 0 0 0 0 0 0 0 0 0 0 0 0 0 0 0 0 0 0 0]	2026-08-16_22-41-03	[0 0 0 0 1 0 0 1 0 0 0 0 0 0 0 0 0 0 0 0 0 0 0 0 0 0 1 0 0 0]	2026-08-16_22-41-03	[1 0 0 0 1 1]	2026-08-16_22-41-03	[0 0 0 0 0 0]	2026-08-16_22-41-03	[0]	2026-08-16_22-41-03
0	2026-08-16_22-41-03	-1.0	2026-08-16_22-41-03	10.714789390563965	2026-08-16_22-41-03	3.4216742515563965	2026-08-16_22-41-03	3.4175403118133545	2026-08-16_22-41-03	1.9331177473068237	2026-08-16_22-41-03	1.9424574375152588	2026-08-16_22-41-03	False	2026-08-16_22-41-03	[0 1 0 0 0 0 0 0 0 0 0 0 0 0 0 0 0 0 0 0 0 0 0 0 0 0 0 0 0 0]	2026-08-16_22-41-03	[0 0 0 0 1 0 0 1 0 0 0 0 0 0 0 0 0 0 0 0 0 0 0 0 0 0 1 0 0 0]	2026-08-16_22-41-03	[1 0 0 0 1 1]	2026-08-16_22-41-03	[0 0 0 0 0 0]	2026-08-16_22-41-03	[0]	2026-08-16_22-41-03	[0 1 0 0 0 0 0 0 0 0 0 0 0 0 0 0 0 0 0 0 0 0 0 0 0 0 0 0 0 1]	2026-08-16_22-41-03	[0 0 0 0 1 0 0 1 0 0 0 0 0 0 0 0 0 0 0 0 0 0 0 0 0 0 1 0 0 1]	2026-08-16_22-41-03	[1 0 1 0 1 1]	2026-08-16_22-41-03	[0 1 0 0 0 0]	2026-08-16_22-41-03	[0]	2026-08-16_22-41-03
0	2026-08-16_22-41-03	-1.0	2026-08-16_22-41-03	10.715304374694824	2026-08-16_22-41-03	3.4219412803649902	2026-08-16_22-41-03	3.41762638092041	2026-08-16_22-41-03	1.9331107139587402	2026-08-16_22-41-03	1.942625641822815	2026-08-16_22-41-03	False	2026-08-16_22-41-03	[0 1 0 0 0 0 0 0 0 0 0 0 0 0 0 0 0 0 0 0 0 0 0 0 0 0 0 0 0 1]	2026-08-16_22-41-03	[0 0 0 0 1 0 0 1 0 0 0 0 0 0 0 0 0 0 0 0 0 0 0 0 0 0 1 0 0 1]	2026-08-16_22-41-03	[1 0 1 0 1 1]	2026-08-16_22-41-03	[0 1 0 0 0 0]	2026-08-16_22-41-03	[0]	2026-08-16_22-41-03	[0 1 0 0 0 0 0 0 0 0 0 0 0 0 0 0 0 0 0 0 0 0 0 0 0 0 0 0 0 0]	2026-08-16_22-41-03	[0 0 0 0 1 0 0 1 0 0 0 0 0 0 0 0 0 0 0 0 0 0 0 0 0 0 1 0 0 0]	2026-08-16_22-41-03	[1 0 0 0 1 1]	2026-08-16_22-41-03	[0 0 0 0 0 0]	2026-08-16_22-41-03	[0]	2026-08-16_22-41-03
0	2026-08-16_22-41-03	-1.0	2026-08-16_22-41-03	10.715289115905762	2026-08-16_22-41-03	3.4218437671661377	2026-08-16_22-41-03	3.4175782203674316	2026-08-16_22-41-03	1.9332201480865479	2026-08-16_22-41-03	1.942646861076355	2026-08-16_22-41-03	False	2026-08-16_22-41-03	[0 1 0 0 0 0 0 0 0 0 0 0 0 0 0 0 0 0 0 0 0 0 0 0 0 0 0 0 0 0]	2026-08-16_22-41-03	[0 0 0 0 1 0 0 1 0 0 0 0 0 0 0 0 0 0 0 0 0 0 0 0 0 0 1 0 0 0]	2026-08-16_22-41-03	[1 0 0 0 1 1]	2026-08-16_22-41-03	[0 0 0 0 0 0]	2026-08-16_22-41-03	[0]	2026-08-16_22-41-03	[0 1 0 0 0 0 0 0 0 0 0 0 0 0 0 0 0 0 0 0 0 0 0 0 0 0 0 0 0 1]	2026-08-16_22-41-03	[0 0 0 0 1 0 0 1 0 0 0 0 0 0 0 0 0 0 0 0 0 0 0 0 0 0 1 0 0 1]	2026-08-16_22-41-03	[1 0 1 0 1 1]	2026-08-16_22-41-03	[0 1 0 0 0 0]	2026-08-16_22-41-03	[0]	2026-08-16_22-41-03
0	2026-08-16_22-41-03	-1.0	2026-08-16_22-41-03	10.714980125427246	2026-08-16_22-41-03	3.4216933250427246	2026-08-16_22-41-03	3.4175124168395996	2026-08-16_22-41-03	1.933362603187561	2026-08-16_22-41-03	1.9424116611480713	2026-08-16_22-41-03	False	2026-08-16_22-41-03	[0 1 0 0 0 0 0 0 0 0 0 0 0 0 0 0 0 0 0 0 0 0 0 0 0 0 0 0 0 1]	2026-08-16_22-41-03	[0 0 0 0 1 0 0 1 0 0 0 0 0 0 0 0 0 0 0 0 0 0 0 0 0 0 1 0 0 1]	2026-08-16_22-41-03	[1 0 1 0 1 1]	2026-08-16_22-41-03	[0 1 0 0 0 0]	2026-08-16_22-41-03	[0]	2026-08-16_22-41-03	[0 1 0 0 0 0 0 0 0 0 0 0 0 0 0 0 0 0 0 0 0 0 0 0 0 0 0 0 0 0]	2026-08-16_22-41-03	[0 0 0 0 1 0 0 1 0 0 0 0 0 0 0 0 0 0 0 0 0 0 0 0 0 0 1 0 0 0]	2026-08-16_22-41-03	[1 0 0 0 1 1]	2026-08-16_22-41-03	[0 0 0 0 0 0]	2026-08-16_22-41-03	[0]	2026-08-16_22-41-03
0	2026-08-16_22-41-03	-1.0	2026-08-16_22-41-03	10.715143203735352	2026-08-16_22-41-03	3.4217166900634766	2026-08-16_22-41-03	3.4176368713378906	2026-08-16_22-41-03	1.9332722425460815	2026-08-16_22-41-03	1.9425175189971924	2026-08-16_22-41-03	False	2026-08-16_22-41-03	[0 1 0 0 0 0 0 0 0 0 0 0 0 0 0 0 0 0 0 0 0 0 0 0 0 0 0 0 0 0]	2026-08-16_22-41-03	[0 0 0 0 1 0 0 1 0 0 0 0 0 0 0 0 0 0 0 0 0 0 0 0 0 0 1 0 0 0]	2026-08-16_22-41-03	[1 0 0 0 1 1]	2026-08-16_22-41-03	[0 0 0 0 0 0]	2026-08-16_22-41-03	[0]	2026-08-16_22-41-03	[1 1 0 0 0 0 0 0 0 0 0 0 0 0 0 0 0 0 0 0 0 0 0 0 0 0 0 0 0 0]	2026-08-16_22-41-03	[0 0 0 0 1 0 0 1 0 0 0 0 0 0 0 0 0 0 0 0 0 0 0 0 0 0 1 0 0 1]	2026-08-16_22-41-03	[1 0 1 0 1 1]	2026-08-16_22-41-03	[0 1 0 0 0 0]	2026-08-16_22-41-03	[0]	2026-08-16_22-41-03
0	2026-08-16_22-41-03	-1.0	2026-08-16_22-41-03	10.715545654296875	2026-08-16_22-41-03	3.4218807220458984	2026-08-16_22-41-03	3.4177966117858887	2026-08-16_22-41-03	1.9336535930633545	2026-08-16_22-41-03	1.9422144889831543	2026-08-16_22-41-03	False	2026-08-16_22-41-03	[1 1 0 0 0 0 0 0 0 0 0 0 0 0 0 0 0 0 0 0 0 0 0 0 0 0 0 0 0 0]	2026-08-16_22-41-03	[0 0 0 0 1 0 0 1 0 0 0 0 0 0 0 0 0 0 0 0 0 0 0 0 0 0 1 0 0 1]	2026-08-16_22-41-03	[1 0 1 0 1 1]	2026-08-16_22-41-03	[0 1 0 0 0 0]	2026-08-16_22-41-03	[0]	2026-08-16_22-41-03	[1 1 0 0 0 0 0 0 0 0 0 0 0 0 0 0 0 0 0 0 0 0 0 0 0 0 0 0 0 1]	2026-08-16_22-41-03	[0 0 0 0 1 0 0 1 0 0 0 0 0 0 0 0 0 0 0 0 0 0 0 0 0 0 1 0 0 0]	2026-08-16_22-41-03	[1 0 0 0 1 1]	2026-08-16_22-41-03	[0 0 0 0 0 0]	2026-08-16_22-41-03	[0]	2026-08-16_22-41-03
0	2026-08-16_22-41-03	-1.0	2026-08-16_22-41-03	10.714981079101562	2026-08-16_22-41-03	3.421799659729004	2026-08-16_22-41-03	3.4176690578460693	2026-08-16_22-41-03	1.9330735206604004	2026-08-16_22-41-03	1.9424382448196411	2026-08-16_22-41-03	False	2026-08-16_22-41-03	[1 1 0 0 0 0 0 0 0 0 0 0 0 0 0 0 0 0 0 0 0 0 0 0 0 0 0 0 0 1]	2026-08-16_22-41-03	[0 0 0 0 1 0 0 1 0 0 0 0 0 0 0 0 0 0 0 0 0 0 0 0 0 0 1 0 0 0]	2026-08-16_22-41-03	[1 0 0 0 1 1]	2026-08-16_22-41-03	[0 0 0 0 0 0]	2026-08-16_22-41-03	[0]	2026-08-16_22-41-03	[1 1 0 0 0 0 0 0 0 0 0 0 0 0 0 0 0 0 0 0 0 0 0 0 0 0 0 0 0 0]	2026-08-16_22-41-03	[0 0 0 0 1 0 0 1 0 0 0 0 0 0 0 0 0 0 0 0 0 0 0 0 0 0 1 0 0 1]	2026-08-16_22-41-03	[1 0 1 0 1 1]	2026-08-16_22-41-03	[0 1 0 0 0 0]	2026-08-16_22-41-03	[0]	2026-08-16_22-41-03
0	2026-08-16_22-41-03	-1.0	2026-08-16_22-41-03	10.715002059936523	2026-08-16_22-41-03	3.421645164489746	2026-08-16_22-41-03	3.4176077842712402	2026-08-16_22-41-03	1.9334630966186523	2026-08-16_22-41-03	1.9422857761383057	2026-08-16_22-41-03	False	2026-08-16_22-41-03	[1 1 0 0 0 0 0 0 0 0 0 0 0 0 0 0 0 0 0 0 0 0 0 0 0 0 0 0 0 0]	2026-08-16_22-41-03	[0 0 0 0 1 0 0 1 0 0 0 0 0 0 0 0 0 0 0 0 0 0 0 0 0 0 1 0 0 1]	2026-08-16_22-41-03	[1 0 1 0 1 1]	2026-08-16_22-41-03	[0 1 0 0 0 0]	2026-08-16_22-41-03	[0]	2026-08-16_22-41-03	[1 1 0 0 0 0 0 0 0 0 0 0 0 0 0 0 0 0 0 0 0 0 0 0 0 0 0 0 0 1]	2026-08-16_22-41-03	[0 0 0 0 1 0 0 1 0 0 0 0 0 0 0 0 0 0 0 0 0 0 0 0 0 0 1 0 0 0]	2026-08-16_22-41-03	[1 0 0 0 1 1]	2026-08-16_22-41-03	[0 0 0 0 0 0]	2026-08-16_22-41-03	[0]	2026-08-16_22-41-03
0	2026-08-16_22-41-03	-1.0	2026-08-16_22-41-03	10.715459823608398	2026-08-16_22-41-03	3.421839714050293	2026-08-16_22-41-03	3.417556047439575	2026-08-16_22-41-03	1.933579683303833	2026-08-16_22-41-03	1.9424843788146973	2026-08-16_22-41-03	False	2026-08-16_22-41-03	[1 1 0 0 0 0 0 0 0 0 0 0 0 0 0 0 0 0 0 0 0 0 0 0 0 0 0 0 0 1]	2026-08-16_22-41-03	[0 0 0 0 1 0 0 1 0 0 0 0 0 0 0 0 0 0 0 0 0 0 0 0 0 0 1 0 0 0]	2026-08-16_22-41-03	[1 0 0 0 1 1]	2026-08-16_22-41-03	[0 0 0 0 0 0]	2026-08-16_22-41-03	[0]	2026-08-16_22-41-03	[1 1 0 0 0 0 0 0 0 0 0 0 0 0 0 0 0 0 0 0 0 0 0 0 0 0 0 0 0 0]	2026-08-16_22-41-03	[0 0 0 0 1 0 0 1 0 0 0 0 0 0 0 0 0 0 0 0 0 0 0 0 0 0 1 0 0 1]	2026-08-16_22-41-03	[1 0 1 0 1 1]	2026-08-16_22-41-03	[0 1 0 0 0 0]	2026-08-16_22-41-03	[0]	2026-08-16_22-41-03
0	2026-08-16_22-41-03	-1.0	2026-08-16_22-41-03	10.714799880981445	2026-08-16_22-41-03	3.421823024749756	2026-08-16_22-41-03	3.417659044265747	2026-08-16_22-41-03	1.9330990314483643	2026-08-16_22-41-03	1.94221830368042	2026-08-16_22-41-03	False	2026-08-16_22-41-03	[1 1 0 0 0 0 0 0 0 0 0 0 0 0 0 0 0 0 0 0 0 0 0 0 0 0 0 0 0 0]	2026-08-16_22-41-03	[0 0 0 0 1 0 0 1 0 0 0 0 0 0 0 0 0 0 0 0 0 0 0 0 0 0 1 0 0 1]	2026-08-16_22-41-03	[1 0 1 0 1 1]	2026-08-16_22-41-03	[0 1 0 0 0 0]	2026-08-16_22-41-03	[0]	2026-08-16_22-41-03	[1 1 0 0 0 0 0 0 0 0 0 0 0 0 0 0 0 0 0 0 0 0 0 0 0 0 0 0 0 1]	2026-08-16_22-41-03	[0 0 0 0 1 0 0 1 0 0 0 0 0 0 0 0 0 0 0 0 0 0 0 0 0 0 1 0 0 0]	2026-08-16_22-41-03	[1 0 0 0 1 1]	2026-08-16_22-41-03	[0 0 0 0 0 0]	2026-08-16_22-41-03	[0]	2026-08-16_22-41-03
0	2026-08-16_22-41-03	-1.0	2026-08-16_22-41-03	10.715338706970215	2026-08-16_22-41-03	3.4217441082000732	2026-08-16_22-41-03	3.4175949096679688	2026-08-16_22-41-03	1.933592438697815	2026-08-16_22-41-03	1.942406415939331	2026-08-16_22-41-03	False	2026-08-16_22-41-03	[1 1 0 0 0 0 0 0 0 0 0 0 0 0 0 0 0 0 0 0 0 0 0 0 0 0 0 0 0 1]	2026-08-16_22-41-03	[0 0 0 0 1 0 0 1 0 0 0 0 0 0 0 0 0 0 0 0 0 0 0 0 0 0 1 0 0 0]	2026-08-16_22-41-03	[1 0 0 0 1 1]	2026-08-16_22-41-03	[0 0 0 0 0 0]	2026-08-16_22-41-03	[0]	2026-08-16_22-41-03	[1 1 0 0 0 0 0 0 0 0 0 0 0 0 0 0 0 0 0 0 0 0 0 0 0 0 0 0 0 0]	2026-08-16_22-41-03	[0 0 0 0 1 0 0 1 0 0 0 0 0 0 0 0 0 0 0 0 0 0 0 0 0 0 1 0 0 1]	2026-08-16_22-41-03	[1 0 1 0 1 1]	2026-08-16_22-41-03	[0 1 0 0 0 0]	2026-08-16_22-41-03	[0]	2026-08-16_22-41-03
0	2026-08-16_22-41-03	-1.0	2026-08-16_22-41-03	10.7152099609375	2026-08-16_22-41-03	3.4219329357147217	2026-08-16_22-41-03	3.417607545852661	2026-08-16_22-41-03	1.93319571018219	2026-08-16_22-41-03	1.9424731731414795	2026-08-16_22-41-03	False	2026-08-16_22-41-03	[1 1 0 0 0 0 0 0 0 0 0 0 0 0 0 0 0 0 0 0 0 0 0 0 0 0 0 0 0 0]	2026-08-16_22-41-03	[0 0 0 0 1 0 0 1 0 0 0 0 0 0 0 0 0 0 0 0 0 0 0 0 0 0 1 0 0 1]	2026-08-16_22-41-03	[1 0 1 0 1 1]	2026-08-16_22-41-03	[0 1 0 0 0 0]	2026-08-16_22-41-03	[0]	2026-08-16_22-41-03	[1 1 0 0 0 0 0 0 0 0 0 0 0 0 0 0 0 0 0 0 0 0 0 0 0 0 0 0 0 1]	2026-08-16_22-41-03	[0 0 0 0 1 0 0 1 0 0 0 0 0 0 0 0 0 0 0 0 0 0 0 0 0 0 1 0 0 0]	2026-08-16_22-41-03	[1 0 0 0 1 1]	2026-08-16_22-41-03	[0 0 0 0 0 0]	2026-08-16_22-41-03	[0]	2026-08-16_22-41-03
0	2026-08-16_22-41-03	-1.0	2026-08-16_22-41-03	10.715069770812988	2026-08-16_22-41-03	3.421731472015381	2026-08-16_22-41-03	3.4176299571990967	2026-08-16_22-41-03	1.9332833290100098	2026-08-16_22-41-03	1.9424259662628174	2026-08-16_22-41-03	False	2026-08-16_22-41-03	[1 1 0 0 0 0 0 0 0 0 0 0 0 0 0 0 0 0 0 0 0 0 0 0 0 0 0 0 0 1]	2026-08-16_22-41-03	[0 0 0 0 1 0 0 1 0 0 0 0 0 0 0 0 0 0 0 0 0 0 0 0 0 0 1 0 0 0]	2026-08-16_22-41-03	[1 0 0 0 1 1]	2026-08-16_22-41-03	[0 0 0 0 0 0]	2026-08-16_22-41-03	[0]	2026-08-16_22-41-03	[1 1 0 0 0 0 0 0 0 0 0 0 0 0 0 0 0 0 0 0 0 0 0 0 0 0 0 0 0 0]	2026-08-16_22-41-03	[0 0 0 0 1 0 0 1 0 0 0 0 0 0 0 0 0 0 0 0 0 0 0 0 0 0 1 0 0 1]	2026-08-16_22-41-03	[1 0 1 0 1 1]	2026-08-16_22-41-03	[0 1 0 0 0 0]	2026-08-16_22-41-03	[0]	2026-08-16_22-41-03
0	2026-08-16_22-41-03	-1.0	2026-08-16_22-41-03	10.71484661102295	2026-08-16_22-41-03	3.4216344356536865	2026-08-16_22-41-03	3.417645215988159	2026-08-16_22-41-03	1.9331369400024414	2026-08-16_22-41-03	1.942429780960083	2026-08-16_22-41-03	False	2026-08-16_22-41-03	[1 1 0 0 0 0 0 0 0 0 0 0 0 0 0 0 0 0 0 0 0 0 0 0 0 0 0 0 0 0]	2026-08-16_22-41-03	[0 0 0 0 1 0 0 1 0 0 0 0 0 0 0 0 0 0 0 0 0 0 0 0 0 0 1 0 0 1]	2026-08-16_22-41-03	[1 0 1 0 1 1]	2026-08-16_22-41-03	[0 1 0 0 0 0]	2026-08-16_22-41-03	[0]	2026-08-16_22-41-03	[1 1 0 0 0 0 0 0 0 0 0 0 0 0 0 0 0 0 0 0 0 0 0 0 0 0 0 0 0 1]	2026-08-16_22-41-03	[0 0 0 0 1 0 0 1 0 0 0 0 0 0 0 0 0 0 0 0 0 0 0 0 0 0 1 0 0 0]	2026-08-16_22-41-03	[1 0 0 0 1 1]	2026-08-16_22-41-03	[0 0 0 0 0 0]	2026-08-16_22-41-03	[0]	2026-08-16_22-41-03
0	2026-08-16_22-41-03	-1.0	2026-08-16_22-41-03	10.714645385742188	2026-08-16_22-41-03	3.4216887950897217	2026-08-16_22-41-03	3.4176158905029297	2026-08-16_22-41-03	1.9330501556396484	2026-08-16_22-41-03	1.9422898292541504	2026-08-16_22-41-03	False	2026-08-16_22-41-03	[1 1 0 0 0 0 0 0 0 0 0 0 0 0 0 0 0 0 0 0 0 0 0 0 0 0 0 0 0 1]	2026-08-16_22-41-03	[0 0 0 0 1 0 0 1 0 0 0 0 0 0 0 0 0 0 0 0 0 0 0 0 0 0 1 0 0 0]	2026-08-16_22-41-03	[1 0 0 0 1 1]	2026-08-16_22-41-03	[0 0 0 0 0 0]	2026-08-16_22-41-03	[0]	2026-08-16_22-41-03	[1 1 0 0 0 0 0 0 0 0 0 0 0 0 0 0 0 0 0 0 0 0 0 0 0 0 0 0 0 0]	2026-08-16_22-41-03	[0 0 0 0 1 0 0 1 0 0 0 0 0 0 0 0 0 0 0 0 0 0 0 0 0 0 1 0 0 1]	2026-08-16_22-41-03	[1 0 1 0 1 1]	2026-08-16_22-41-03	[0 1 0 0 0 0]	2026-08-16_22-41-03	[0]	2026-08-16_22-41-03
0	2026-08-16_22-41-03	-1.0	2026-08-16_22-41-03	10.71505069732666	2026-08-16_22-41-03	3.4216861724853516	2026-08-16_22-41-03	3.417558193206787	2026-08-16_22-41-03	1.9333109855651855	2026-08-16_22-41-03	1.942495346069336	2026-08-16_22-41-03	False	2026-08-16_22-41-03	[1 1 0 0 0 0 0 0 0 0 0 0 0 0 0 0 0 0 0 0 0 0 0 0 0 0 0 0 0 0]	2026-08-16_22-41-03	[0 0 0 0 1 0 0 1 0 0 0 0 0 0 0 0 0 0 0 0 0 0 0 0 0 0 1 0 0 1]	2026-08-16_22-41-03	[1 0 1 0 1 1]	2026-08-16_22-41-03	[0 1 0 0 0 0]	2026-08-16_22-41-03	[0]	2026-08-16_22-41-03	[1 1 0 0 0 0 0 0 0 0 0 0 0 0 0 0 0 0 0 0 0 0 0 0 0 0 0 0 0 1]	2026-08-16_22-41-03	[0 0 0 0 1 0 0 1 0 0 0 0 0 0 0 0 0 0 0 0 0 0 0 0 0 0 1 0 0 0]	2026-08-16_22-41-03	[1 0 0 0 1 1]	2026-08-16_22-41-03	[0 0 0 0 0 0]	2026-08-16_22-41-03	[0]	2026-08-16_22-41-03
0	2026-08-16_22-41-03	-1.0	2026-08-16_22-41-03	10.715188980102539	2026-08-16_22-41-03	3.421962022781372	2026-08-16_22-41-03	3.417501211166382	2026-08-16_22-41-03	1.9332799911499023	2026-08-16_22-41-03	1.9424456357955933	2026-08-16_22-41-03	False	2026-08-16_22-41-03	[1 1 0 0 0 0 0 0 0 0 0 0 0 0 0 0 0 0 0 0 0 0 0 0 0 0 0 0 0 1]	2026-08-16_22-41-03	[0 0 0 0 1 0 0 1 0 0 0 0 0 0 0 0 0 0 0 0 0 0 0 0 0 0 1 0 0 0]	2026-08-16_22-41-03	[1 0 0 0 1 1]	2026-08-16_22-41-03	[0 0 0 0 0 0]	2026-08-16_22-41-03	[0]	2026-08-16_22-41-03	[1 1 0 0 0 0 0 0 0 0 0 0 0 0 0 0 0 0 0 0 0 0 0 0 0 0 0 0 0 0]	2026-08-16_22-41-03	[0 0 0 0 1 0 0 1 0 0 0 0 0 0 0 0 0 0 0 0 0 0 0 0 0 0 1 0 0 1]	2026-08-16_22-41-03	[1 0 1 0 1 1]	2026-08-16_22-41-03	[0 1 0 0 0 0]	2026-08-16_22-41-03	[0]	2026-08-16_22-41-03
0	2026-08-16_22-41-03	-1.0	2026-08-16_22-41-03	10.715429306030273	2026-08-16_22-41-03	3.4217071533203125	2026-08-16_22-41-03	3.417590618133545	2026-08-16_22-41-03	1.933699607849121	2026-08-16_22-41-03	1.942432165145874	2026-08-16_22-41-03	False	2026-08-16_22-41-03	[1 1 0 0 0 0 0 0 0 0 0 0 0 0 0 0 0 0 0 0 0 0 0 0 0 0 0 0 0 0]	2026-08-16_22-41-03	[0 0 0 0 1 0 0 1 0 0 0 0 0 0 0 0 0 0 0 0 0 0 0 0 0 0 1 0 0 1]	2026-08-16_22-41-03	[1 0 1 0 1 1]	2026-08-16_22-41-03	[0 1 0 0 0 0]	2026-08-16_22-41-03	[0]	2026-08-16_22-41-03	[1 1 0 0 0 0 0 0 0 0 0 0 0 0 0 0 0 0 0 0 0 0 0 0 0 0 0 0 0 1]	2026-08-16_22-41-03	[0 0 0 0 1 0 0 1 0 0 0 0 0 0 0 0 0 0 0 0 0 0 0 0 0 0 1 0 0 0]	2026-08-16_22-41-03	[1 0 0 0 1 1]	2026-08-16_22-41-03	[0 0 0 0 0 0]	2026-08-16_22-41-03	[0]	2026-08-16_22-41-03
0	2026-08-16_22-41-03	-1.0	2026-08-16_22-41-03	10.714822769165039	2026-08-16_22-41-03	3.4214301109313965	2026-08-16_22-41-03	3.4175939559936523	2026-08-16_22-41-03	1.9336127042770386	2026-08-16_22-41-03	1.9421862363815308	2026-08-16_22-41-03	False	2026-08-16_22-41-03	[1 1 0 0 0 0 0 0 0 0 0 0 0 0 0 0 0 0 0 0 0 0 0 0 0 0 0 0 0 1]	2026-08-16_22-41-03	[0 0 0 0 1 0 0 1 0 0 0 0 0 0 0 0 0 0 0 0 0 0 0 0 0 0 1 0 0 0]	2026-08-16_22-41-03	[1 0 0 0 1 1]	2026-08-16_22-41-03	[0 0 0 0 0 0]	2026-08-16_22-41-03	[0]	2026-08-16_22-41-03	[1 1 0 0 0 0 0 0 0 0 0 0 0 0 0 0 0 0 0 0 0 0 0 0 0 0 0 0 0 0]	2026-08-16_22-41-03	[0 0 0 0 1 0 0 1 0 0 0 0 0 0 0 0 0 0 0 0 0 0 0 0 0 0 1 0 0 1]	2026-08-16_22-41-03	[1 0 1 0 1 1]	2026-08-16_22-41-03	[0 1 0 0 0 0]	2026-08-16_22-41-03	[0]	2026-08-16_22-41-03
0	2026-08-16_22-41-03	-1.0	2026-08-16_22-41-03	10.715415000915527	2026-08-16_22-41-03	3.4218294620513916	2026-08-16_22-41-03	3.417609930038452	2026-08-16_22-41-03	1.9334046840667725	2026-08-16_22-41-03	1.9425703287124634	2026-08-16_22-41-03	False	2026-08-16_22-41-03	[1 1 0 0 0 0 0 0 0 0 0 0 0 0 0 0 0 0 0 0 0 0 0 0 0 0 0 0 0 0]	2026-08-16_22-41-03	[0 0 0 0 1 0 0 1 0 0 0 0 0 0 0 0 0 0 0 0 0 0 0 0 0 0 1 0 0 1]	2026-08-16_22-41-03	[1 0 1 0 1 1]	2026-08-16_22-41-03	[0 1 0 0 0 0]	2026-08-16_22-41-03	[0]	2026-08-16_22-41-03	[1 1 0 0 0 0 0 0 0 0 0 0 0 0 0 0 0 0 0 0 0 0 0 0 0 0 0 0 0 1]	2026-08-16_22-41-03	[0 0 0 0 1 0 0 1 0 0 0 0 0 0 0 0 0 0 0 0 0 0 0 0 0 0 1 0 0 0]	2026-08-16_22-41-03	[1 0 0 0 1 1]	2026-08-16_22-41-03	[0 0 0 0 0 0]	2026-08-16_22-41-03	[0]	2026-08-16_22-41-03
0	2026-08-16_22-41-03	-1.0	2026-08-16_22-41-03	10.715404510498047	2026-08-16_22-41-03	3.421597957611084	2026-08-16_22-41-03	3.417710304260254	2026-08-16_22-41-03	1.9335179328918457	2026-08-16_22-41-03	1.9425785541534424	2026-08-16_22-41-03	False	2026-08-16_22-41-03	[1 1 0 0 0 0 0 0 0 0 0 0 0 0 0 0 0 0 0 0 0 0 0 0 0 0 0 0 0 1]	2026-08-16_22-41-03	[0 0 0 0 1 0 0 1 0 0 0 0 0 0 0 0 0 0 0 0 0 0 0 0 0 0 1 0 0 0]	2026-08-16_22-41-03	[1 0 0 0 1 1]	2026-08-16_22-41-03	[0 0 0 0 0 0]	2026-08-16_22-41-03	[0]	2026-08-16_22-41-03	[1 1 0 0 0 0 0 0 0 0 0 0 0 0 0 0 0 0 0 0 0 0 0 0 0 0 0 0 0 0]	2026-08-16_22-41-03	[0 0 0 0 1 0 0 1 0 0 0 0 0 0 0 0 0 0 0 0 0 0 0 0 0 0 1 0 0 1]	2026-08-16_22-41-03	[1 0 1 0 1 1]	2026-08-16_22-41-03	[0 1 0 0 0 0]	2026-08-16_22-41-03	[0]	2026-08-16_22-41-03
0	2026-08-16_22-41-03	-1.0	2026-08-16_22-41-03	10.714713096618652	2026-08-16_22-41-03	3.4217867851257324	2026-08-16_22-41-03	3.417539358139038	2026-08-16_22-41-03	1.933184027671814	2026-08-16_22-41-03	1.9422036409378052	2026-08-16_22-41-03	False	2026-08-16_22-41-03	[1 1 0 0 0 0 0 0 0 0 0 0 0 0 0 0 0 0 0 0 0 0 0 0 0 0 0 0 0 0]	2026-08-16_22-41-03	[0 0 0 0 1 0 0 1 0 0 0 0 0 0 0 0 0 0 0 0 0 0 0 0 0 0 1 0 0 1]	2026-08-16_22-41-03	[1 0 1 0 1 1]	2026-08-16_22-41-03	[0 1 0 0 0 0]	2026-08-16_22-41-03	[0]	2026-08-16_22-41-03	[1 1 0 0 0 0 0 0 0 0 0 0 0 0 0 0 0 0 0 0 0 0 0 0 0 0 0 0 0 1]	2026-08-16_22-41-03	[0 0 0 0 1 0 0 1 0 0 0 0 0 0 0 0 0 0 0 0 0 0 0 0 0 0 1 0 0 0]	2026-08-16_22-41-03	[1 0 0 0 1 1]	2026-08-16_22-41-03	[0 0 0 0 0 0]	2026-08-16_22-41-03	[0]	2026-08-16_22-41-03
0	2026-08-16_22-41-03	-1.0	2026-08-16_22-41-03	10.715232849121094	2026-08-16_22-41-03	3.4218063354492188	2026-08-16_22-41-03	3.4175755977630615	2026-08-16_22-41-03	1.9333775043487549	2026-08-16_22-41-03	1.9424737691879272	2026-08-16_22-41-03	False	2026-08-16_22-41-03	[1 1 0 0 0 0 0 0 0 0 0 0 0 0 0 0 0 0 0 0 0 0 0 0 0 0 0 0 0 1]	2026-08-16_22-41-03	[0 0 0 0 1 0 0 1 0 0 0 0 0 0 0 0 0 0 0 0 0 0 0 0 0 0 1 0 0 0]	2026-08-16_22-41-03	[1 0 0 0 1 1]	2026-08-16_22-41-03	[0 0 0 0 0 0]	2026-08-16_22-41-03	[0]	2026-08-16_22-41-03	[1 1 0 0 0 0 0 0 0 0 0 0 0 0 0 0 0 0 0 0 0 0 0 0 0 0 0 0 0 0]	2026-08-16_22-41-03	[0 0 0 0 1 0 0 1 0 0 0 0 0 0 0 0 0 0 0 0 0 0 0 0 0 0 1 0 0 1]	2026-08-16_22-41-03	[1 0 1 0 1 1]	2026-08-16_22-41-03	[0 1 0 0 0 0]	2026-08-16_22-41-03	[0]	2026-08-16_22-41-03
0	2026-08-16_22-41-03	-1.0	2026-08-16_22-41-03	10.715217590332031	2026-08-16_22-41-03	3.421701192855835	2026-08-16_22-41-03	3.417544364929199	2026-08-16_22-41-03	1.9335880279541016	2026-08-16_22-41-03	1.9423834085464478	2026-08-16_22-41-03	False	2026-08-16_22-41-03	[1 1 0 0 0 0 0 0 0 0 0 0 0 0 0 0 0 0 0 0 0 0 0 0 0 0 0 0 0 0]	2026-08-16_22-41-03	[0 0 0 0 1 0 0 1 0 0 0 0 0 0 0 0 0 0 0 0 0 0 0 0 0 0 1 0 0 1]	2026-08-16_22-41-03	[1 0 1 0 1 1]	2026-08-16_22-41-03	[0 1 0 0 0 0]	2026-08-16_22-41-03	[0]	2026-08-16_22-41-03	[1 1 0 0 0 0 0 0 0 0 0 0 0 0 0 0 0 0 0 0 0 0 0 0 0 0 0 0 0 1]	2026-08-16_22-41-03	[0 0 0 0 1 0 0 1 0 0 0 0 0 0 0 0 0 0 0 0 0 0 0 0 0 0 1 0 0 0]	2026-08-16_22-41-03	[1 0 0 0 1 1]	2026-08-16_22-41-03	[0 0 0 0 0 0]	2026-08-16_22-41-03	[0]	2026-08-16_22-41-03
0	2026-08-16_22-41-03	-1.0	2026-08-16_22-41-03	10.714895248413086	2026-08-16_22-41-03	3.421752452850342	2026-08-16_22-41-03	3.4176559448242188	2026-08-16_22-41-03	1.93310546875	2026-08-16_22-41-03	1.9423811435699463	2026-08-16_22-41-03	False	2026-08-16_22-41-03	[1 1 0 0 0 0 0 0 0 0 0 0 0 0 0 0 0 0 0 0 0 0 0 0 0 0 0 0 0 1]	2026-08-16_22-41-03	[0 0 0 0 1 0 0 1 0 0 0 0 0 0 0 0 0 0 0 0 0 0 0 0 0 0 1 0 0 0]	2026-08-16_22-41-03	[1 0 0 0 1 1]	2026-08-16_22-41-03	[0 0 0 0 0 0]	2026-08-16_22-41-03	[0]	2026-08-16_22-41-03	[1 1 0 0 0 0 0 0 0 0 0 0 0 0 0 0 0 0 0 0 0 0 0 0 0 0 0 0 0 0]	2026-08-16_22-41-03	[0 0 0 0 1 0 0 1 0 0 0 0 0 0 0 0 0 0 0 0 0 0 0 0 0 0 1 0 0 1]	2026-08-16_22-41-03	[1 0 1 0 1 1]	2026-08-16_22-41-03	[0 1 0 0 0 0]	2026-08-16_22-41-03	[0]	2026-08-16_22-41-03
0	2026-08-16_22-41-03	-1.0	2026-08-16_22-41-03	10.714988708496094	2026-08-16_22-41-03	3.4218502044677734	2026-08-16_22-41-03	3.4177074432373047	2026-08-16_22-41-03	1.933013677597046	2026-08-16_22-41-03	1.9424173831939697	2026-08-16_22-41-03	False	2026-08-16_22-41-03	[1 1 0 0 0 0 0 0 0 0 0 0 0 0 0 0 0 0 0 0 0 0 0 0 0 0 0 0 0 0]	2026-08-16_22-41-03	[0 0 0 0 1 0 0 1 0 0 0 0 0 0 0 0 0 0 0 0 0 0 0 0 0 0 1 0 0 1]	2026-08-16_22-41-03	[1 0 1 0 1 1]	2026-08-16_22-41-03	[0 1 0 0 0 0]	2026-08-16_22-41-03	[0]	2026-08-16_22-41-03	[1 1 0 0 0 0 0 0 0 0 0 0 0 0 0 0 0 0 0 0 0 0 0 0 0 0 0 0 0 1]	2026-08-16_22-41-03	[0 0 0 0 1 0 0 1 0 0 0 0 0 0 0 0 0 0 0 0 0 0 0 0 0 0 1 0 0 0]	2026-08-16_22-41-03	[1 0 0 0 1 1]	2026-08-16_22-41-03	[0 0 0 0 0 0]	2026-08-16_22-41-03	[0]	2026-08-16_22-41-03
0	2026-08-16_22-41-03	-1.0	2026-08-16_22-41-03	10.715423583984375	2026-08-16_22-41-03	3.421875238418579	2026-08-16_22-41-03	3.417531967163086	2026-08-16_22-41-03	1.9334254264831543	2026-08-16_22-41-03	1.942590355873108	2026-08-16_22-41-03	False	2026-08-16_22-41-03	[1 1 0 0 0 0 0 0 0 0 0 0 0 0 0 0 0 0 0 0 0 0 0 0 0 0 0 0 0 1]	2026-08-16_22-41-03	[0 0 0 0 1 0 0 1 0 0 0 0 0 0 0 0 0 0 0 0 0 0 0 0 0 0 1 0 0 0]	2026-08-16_22-41-03	[1 0 0 0 1 1]	2026-08-16_22-41-03	[0 0 0 0 0 0]	2026-08-16_22-41-03	[0]	2026-08-16_22-41-03	[1 1 0 0 0 0 0 0 0 0 0 0 0 0 0 0 0 0 0 0 0 0 0 0 0 0 0 0 0 0]	2026-08-16_22-41-03	[0 0 0 0 1 0 0 1 0 0 0 0 0 0 0 0 0 0 0 0 0 0 0 0 0 0 1 0 0 1]	2026-08-16_22-41-03	[1 0 1 0 1 1]	2026-08-16_22-41-03	[0 1 0 0 0 0]	2026-08-16_22-41-03	[0]	2026-08-16_22-41-03
0	2026-08-16_22-41-03	-1.0	2026-08-16_22-41-03	10.715209007263184	2026-08-16_22-41-03	3.421915054321289	2026-08-16_22-41-03	3.41770339012146	2026-08-16_22-41-03	1.9332919120788574	2026-08-16_22-41-03	1.9422976970672607	2026-08-16_22-41-03	False	2026-08-16_22-41-03	[1 1 0 0 0 0 0 0 0 0 0 0 0 0 0 0 0 0 0 0 0 0 0 0 0 0 0 0 0 0]	2026-08-16_22-41-03	[0 0 0 0 1 0 0 1 0 0 0 0 0 0 0 0 0 0 0 0 0 0 0 0 0 0 1 0 0 1]	2026-08-16_22-41-03	[1 0 1 0 1 1]	2026-08-16_22-41-03	[0 1 0 0 0 0]	2026-08-16_22-41-03	[0]	2026-08-16_22-41-03	[1 1 0 0 0 0 0 0 0 0 0 0 0 0 0 0 0 0 0 0 0 0 0 0 0 0 0 0 0 1]	2026-08-16_22-41-03	[0 0 0 0 1 0 0 1 0 0 0 0 0 0 0 0 0 0 0 0 0 0 0 0 0 0 1 0 0 0]	2026-08-16_22-41-03	[1 0 0 0 1 1]	2026-08-16_22-41-03	[0 0 0 0 0 0]	2026-08-16_22-41-03	[0]	2026-08-16_22-41-03
0	2026-08-16_22-41-03	-1.0	2026-08-16_22-41-03	10.715028762817383	2026-08-16_22-41-03	3.421672821044922	2026-08-16_22-41-03	3.41756010055542	2026-08-16_22-41-03	1.93329656124115	2026-08-16_22-41-03	1.9424991607666016	2026-08-16_22-41-03	False	2026-08-16_22-41-03	[1 1 0 0 0 0 0 0 0 0 0 0 0 0 0 0 0 0 0 0 0 0 0 0 0 0 0 0 0 1]	2026-08-16_22-41-03	[0 0 0 0 1 0 0 1 0 0 0 0 0 0 0 0 0 0 0 0 0 0 0 0 0 0 1 0 0 0]	2026-08-16_22-41-03	[1 0 0 0 1 1]	2026-08-16_22-41-03	[0 0 0 0 0 0]	2026-08-16_22-41-03	[0]	2026-08-16_22-41-03	[1 1 0 0 0 0 0 0 0 0 0 0 0 0 0 0 0 0 0 0 0 0 0 0 0 0 0 0 0 0]	2026-08-16_22-41-03	[0 0 0 0 1 0 0 1 0 0 0 0 0 0 0 0 0 0 0 0 0 0 0 0 0 0 1 0 0 1]	2026-08-16_22-41-03	[1 0 1 0 1 1]	2026-08-16_22-41-03	[0 1 0 0 0 0]	2026-08-16_22-41-03	[0]	2026-08-16_22-41-03
0	2026-08-16_22-41-03	-1.0	2026-08-16_22-41-03	10.715192794799805	2026-08-16_22-41-03	3.421696186065674	2026-08-16_22-41-03	3.417672872543335	2026-08-16_22-41-03	1.9333775043487549	2026-08-16_22-41-03	1.9424463510513306	2026-08-16_22-41-03	False	2026-08-16_22-41-03	[1 1 0 0 0 0 0 0 0 0 0 0 0 0 0 0 0 0 0 0 0 0 0 0 0 0 0 0 0 0]	2026-08-16_22-41-03	[0 0 0 0 1 0 0 1 0 0 0 0 0 0 0 0 0 0 0 0 0 0 0 0 0 0 1 0 0 1]	2026-08-16_22-41-03	[1 0 1 0 1 1]	2026-08-16_22-41-03	[0 1 0 0 0 0]	2026-08-16_22-41-03	[0]	2026-08-16_22-41-03	[1 1 0 0 0 0 0 0 0 0 0 0 0 0 0 0 0 0 0 0 0 0 0 0 0 0 0 0 0 1]	2026-08-16_22-41-03	[0 0 0 0 1 0 0 1 0 0 0 0 0 0 0 0 0 0 0 0 0 0 0 0 0 0 1 0 0 0]	2026-08-16_22-41-03	[1 0 0 0 1 1]	2026-08-16_22-41-03	[0 0 0 0 0 0]	2026-08-16_22-41-03	[0]	2026-08-16_22-41-03
0	2026-08-16_22-41-03	-1.0	2026-08-16_22-41-03	10.715811729431152	2026-08-16_22-41-03	3.4218790531158447	2026-08-16_22-41-03	3.4175491333007812	2026-08-16_22-41-03	1.9338659048080444	2026-08-16_22-41-03	1.942517876625061	2026-08-16_22-41-03	False	2026-08-16_22-41-03	[1 1 0 0 0 0 0 0 0 0 0 0 0 0 0 0 0 0 0 0 0 0 0 0 0 0 0 0 0 1]	2026-08-16_22-41-03	[0 0 0 0 1 0 0 1 0 0 0 0 0 0 0 0 0 0 0 0 0 0 0 0 0 0 1 0 0 0]	2026-08-16_22-41-03	[1 0 0 0 1 1]	2026-08-16_22-41-03	[0 0 0 0 0 0]	2026-08-16_22-41-03	[0]	2026-08-16_22-41-03	[0 1 0 0 0 0 0 0 0 0 0 0 0 0 0 0 0 0 0 0 0 0 0 0 0 0 0 0 0 1]	2026-08-16_22-41-03	[0 0 0 0 1 0 0 1 0 0 0 0 0 0 0 0 0 0 0 0 0 0 0 0 0 0 1 0 0 1]	2026-08-16_22-41-03	[1 0 1 0 1 1]	2026-08-16_22-41-03	[0 1 0 0 0 0]	2026-08-16_22-41-03	[0]	2026-08-16_22-41-03
0	2026-08-16_22-41-03	-1.0	2026-08-16_22-41-03	10.715486526489258	2026-08-16_22-41-03	3.42214035987854	2026-08-16_22-41-03	3.417536497116089	2026-08-16_22-41-03	1.9333363771438599	2026-08-16_22-41-03	1.9424731731414795	2026-08-16_22-41-03	False	2026-08-16_22-41-03	[0 1 0 0 0 0 0 0 0 0 0 0 0 0 0 0 0 0 0 0 0 0 0 0 0 0 0 0 0 1]	2026-08-16_22-41-03	[0 0 0 0 1 0 0 1 0 0 0 0 0 0 0 0 0 0 0 0 0 0 0 0 0 0 1 0 0 1]	2026-08-16_22-41-03	[1 0 1 0 1 1]	2026-08-16_22-41-03	[0 1 0 0 0 0]	2026-08-16_22-41-03	[0]	2026-08-16_22-41-03	[0 1 0 0 0 0 0 0 0 0 0 0 0 0 0 0 0 0 0 0 0 0 0 0 0 0 0 0 0 0]	2026-08-16_22-41-03	[0 0 0 0 1 0 0 1 0 0 0 0 0 0 0 0 0 0 0 0 0 0 0 0 0 0 1 0 0 0]	2026-08-16_22-41-03	[1 0 0 0 1 1]	2026-08-16_22-41-03	[0 0 0 0 0 0]	2026-08-16_22-41-03	[0]	2026-08-16_22-41-03
0	2026-08-16_22-41-03	-1.0	2026-08-16_22-41-03	10.715694427490234	2026-08-16_22-41-03	3.4219839572906494	2026-08-16_22-41-03	3.417811870574951	2026-08-16_22-41-03	1.9333974123001099	2026-08-16_22-41-03	1.942501425743103	2026-08-16_22-41-03	False	2026-08-16_22-41-03	[0 1 0 0 0 0 0 0 0 0 0 0 0 0 0 0 0 0 0 0 0 0 0 0 0 0 0 0 0 0]	2026-08-16_22-41-03	[0 0 0 0 1 0 0 1 0 0 0 0 0 0 0 0 0 0 0 0 0 0 0 0 0 0 1 0 0 0]	2026-08-16_22-41-03	[1 0 0 0 1 1]	2026-08-16_22-41-03	[0 0 0 0 0 0]	2026-08-16_22-41-03	[0]	2026-08-16_22-41-03	[0 1 0 0 0 0 0 0 0 0 0 0 0 0 0 0 0 0 0 0 0 0 0 0 0 0 0 0 0 1]	2026-08-16_22-41-03	[0 0 0 0 1 0 0 1 0 0 0 0 0 0 0 0 0 0 0 0 0 0 0 0 0 0 1 0 0 1]	2026-08-16_22-41-03	[1 0 1 0 1 1]	2026-08-16_22-41-03	[0 1 0 0 0 0]	2026-08-16_22-41-03	[0]	2026-08-16_22-41-03
0	2026-08-16_22-41-03	-1.0	2026-08-16_22-41-03	10.715070724487305	2026-08-16_22-41-03	3.4218268394470215	2026-08-16_22-41-03	3.4175639152526855	2026-08-16_22-41-03	1.9331777095794678	2026-08-16_22-41-03	1.9425019025802612	2026-08-16_22-41-03	False	2026-08-16_22-41-03	[0 1 0 0 0 0 0 0 0 0 0 0 0 0 0 0 0 0 0 0 0 0 0 0 0 0 0 0 0 1]	2026-08-16_22-41-03	[0 0 0 0 1 0 0 1 0 0 0 0 0 0 0 0 0 0 0 0 0 0 0 0 0 0 1 0 0 1]	2026-08-16_22-41-03	[1 0 1 0 1 1]	2026-08-16_22-41-03	[0 1 0 0 0 0]	2026-08-16_22-41-03	[0]	2026-08-16_22-41-03	[0 1 0 0 0 0 0 0 0 0 0 0 0 0 0 0 0 0 0 0 0 0 0 0 0 0 0 0 0 0]	2026-08-16_22-41-03	[0 0 0 0 1 0 0 1 0 0 0 0 0 0 0 0 0 0 0 0 0 0 0 0 0 0 1 0 0 0]	2026-08-16_22-41-03	[1 0 0 0 1 1]	2026-08-16_22-41-03	[0 0 0 0 0 0]	2026-08-16_22-41-03	[0]	2026-08-16_22-41-03
0	2026-08-16_22-41-03	-1.0	2026-08-16_22-41-03	10.71451187133789	2026-08-16_22-41-03	3.4215281009674072	2026-08-16_22-41-03	3.417490243911743	2026-08-16_22-41-03	1.9332550764083862	2026-08-16_22-41-03	1.9422388076782227	2026-08-16_22-41-03	False	2026-08-16_22-41-03	[0 1 0 0 0 0 0 0 0 0 0 0 0 0 0 0 0 0 0 0 0 0 0 0 0 0 0 0 0 0]	2026-08-16_22-41-03	[0 0 0 0 1 0 0 1 0 0 0 0 0 0 0 0 0 0 0 0 0 0 0 0 0 0 1 0 0 0]	2026-08-16_22-41-03	[1 0 0 0 1 1]	2026-08-16_22-41-03	[0 0 0 0 0 0]	2026-08-16_22-41-03	[0]	2026-08-16_22-41-03	[0 1 0 0 0 0 0 0 0 0 0 0 0 0 0 0 0 0 0 0 0 0 0 0 0 0 0 0 0 1]	2026-08-16_22-41-03	[0 0 0 0 1 0 0 1 0 0 0 0 0 0 0 0 0 0 0 0 0 0 0 0 0 0 1 0 0 1]	2026-08-16_22-41-03	[1 0 1 0 1 1]	2026-08-16_22-41-03	[0 1 0 0 0 0]	2026-08-16_22-41-03	[0]	2026-08-16_22-41-03
0	2026-08-16_22-41-03	-1.0	2026-08-16_22-41-03	10.714553833007812	2026-08-16_22-41-03	3.4217424392700195	2026-08-16_22-41-03	3.417444944381714	2026-08-16_22-41-03	1.9330494403839111	2026-08-16_22-41-03	1.9423174858093262	2026-08-16_22-41-03	False	2026-08-16_22-41-03	[0 1 0 0 0 0 0 0 0 0 0 0 0 0 0 0 0 0 0 0 0 0 0 0 0 0 0 0 0 1]	2026-08-16_22-41-03	[0 0 0 0 1 0 0 1 0 0 0 0 0 0 0 0 0 0 0 0 0 0 0 0 0 0 1 0 0 1]	2026-08-16_22-41-03	[1 0 1 0 1 1]	2026-08-16_22-41-03	[0 1 0 0 0 0]	2026-08-16_22-41-03	[0]	2026-08-16_22-41-03	[0 1 0 0 0 0 0 0 0 0 0 0 0 0 0 0 0 0 0 0 0 0 0 0 0 0 0 0 0 0]	2026-08-16_22-41-03	[0 0 0 0 1 0 0 1 0 0 0 0 0 0 0 0 0 0 0 0 0 0 0 0 0 0 1 0 0 0]	2026-08-16_22-41-03	[1 0 0 0 1 1]	2026-08-16_22-41-03	[0 0 0 0 0 0]	2026-08-16_22-41-03	[0]	2026-08-16_22-41-03
0	2026-08-16_22-41-03	-1.0	2026-08-16_22-41-03	10.71524429321289	2026-08-16_22-41-03	3.4217116832733154	2026-08-16_22-41-03	3.417546510696411	2026-08-16_22-41-03	1.9335885047912598	2026-08-16_22-41-03	1.9423980712890625	2026-08-16_22-41-03	False	2026-08-16_22-41-03	[0 1 0 0 0 0 0 0 0 0 0 0 0 0 0 0 0 0 0 0 0 0 0 0 0 0 0 0 0 0]	2026-08-16_22-41-03	[0 0 0 0 1 0 0 1 0 0 0 0 0 0 0 0 0 0 0 0 0 0 0 0 0 0 1 0 0 0]	2026-08-16_22-41-03	[1 0 0 0 1 1]	2026-08-16_22-41-03	[0 0 0 0 0 0]	2026-08-16_22-41-03	[0]	2026-08-16_22-41-03	[0 1 0 0 0 0 0 0 0 0 0 0 0 0 0 0 0 0 0 0 0 0 0 0 0 0 0 0 0 1]	2026-08-16_22-41-03	[0 0 0 0 1 0 0 1 0 0 0 0 0 0 0 0 0 0 0 0 0 0 0 0 0 0 1 0 0 1]	2026-08-16_22-41-03	[1 0 1 0 1 1]	2026-08-16_22-41-03	[0 1 0 0 0 0]	2026-08-16_22-41-03	[0]	2026-08-16_22-41-03
0	2026-08-16_22-41-03	-1.0	2026-08-16_22-41-03	10.714571952819824	2026-08-16_22-41-03	3.4216675758361816	2026-08-16_22-41-03	3.4174985885620117	2026-08-16_22-41-03	1.9329924583435059	2026-08-16_22-41-03	1.9424132108688354	2026-08-16_22-41-03	False	2026-08-16_22-41-03	[0 1 0 0 0 0 0 0 0 0 0 0 0 0 0 0 0 0 0 0 0 0 0 0 0 0 0 0 0 1]	2026-08-16_22-41-03	[0 0 0 0 1 0 0 1 0 0 0 0 0 0 0 0 0 0 0 0 0 0 0 0 0 0 1 0 0 1]	2026-08-16_22-41-03	[1 0 1 0 1 1]	2026-08-16_22-41-03	[0 1 0 0 0 0]	2026-08-16_22-41-03	[0]	2026-08-16_22-41-03	[0 1 0 0 0 0 0 0 0 0 0 0 0 0 0 0 0 0 0 0 0 0 0 0 0 0 0 0 0 0]	2026-08-16_22-41-03	[0 0 0 0 1 0 0 1 0 0 0 0 0 0 0 0 0 0 0 0 0 0 0 0 0 0 1 0 0 0]	2026-08-16_22-41-03	[1 0 0 0 1 1]	2026-08-16_22-41-03	[0 0 0 0 0 0]	2026-08-16_22-41-03	[0]	2026-08-16_22-41-03
0	2026-08-16_22-41-03	-1.0	2026-08-16_22-41-03	10.715373992919922	2026-08-16_22-41-03	3.421642541885376	2026-08-16_22-41-03	3.4176859855651855	2026-08-16_22-41-03	1.93370521068573	2026-08-16_22-41-03	1.9423396587371826	2026-08-16_22-41-03	False	2026-08-16_22-41-03	[0 1 0 0 0 0 0 0 0 0 0 0 0 0 0 0 0 0 0 0 0 0 0 0 0 0 0 0 0 0]	2026-08-16_22-41-03	[0 0 0 0 1 0 0 1 0 0 0 0 0 0 0 0 0 0 0 0 0 0 0 0 0 0 1 0 0 0]	2026-08-16_22-41-03	[1 0 0 0 1 1]	2026-08-16_22-41-03	[0 0 0 0 0 0]	2026-08-16_22-41-03	[0]	2026-08-16_22-41-03	[0 1 0 0 0 0 0 0 0 0 0 0 0 0 0 0 0 0 0 0 0 0 0 0 0 0 0 0 0 1]	2026-08-16_22-41-03	[0 0 0 0 1 0 0 1 0 0 0 0 0 0 0 0 0 0 0 0 0 0 0 0 0 0 1 0 0 1]	2026-08-16_22-41-03	[1 0 1 0 1 1]	2026-08-16_22-41-03	[0 1 0 0 0 0]	2026-08-16_22-41-03	[0]	2026-08-16_22-41-03
0	2026-08-16_22-41-03	-1.0	2026-08-16_22-41-03	10.715140342712402	2026-08-16_22-41-03	3.4217002391815186	2026-08-16_22-41-03	3.4176013469696045	2026-08-16_22-41-03	1.9333971738815308	2026-08-16_22-41-03	1.9424422979354858	2026-08-16_22-41-03	False	2026-08-16_22-41-03	[0 1 0 0 0 0 0 0 0 0 0 0 0 0 0 0 0 0 0 0 0 0 0 0 0 0 0 0 0 1]	2026-08-16_22-41-03	[0 0 0 0 1 0 0 1 0 0 0 0 0 0 0 0 0 0 0 0 0 0 0 0 0 0 1 0 0 1]	2026-08-16_22-41-03	[1 0 1 0 1 1]	2026-08-16_22-41-03	[0 1 0 0 0 0]	2026-08-16_22-41-03	[0]	2026-08-16_22-41-03	[1 1 0 0 0 0 0 0 0 0 0 0 0 0 0 0 0 0 0 0 0 0 0 0 0 0 0 0 0 1]	2026-08-16_22-41-03	[0 0 0 0 1 0 0 1 0 0 0 0 0 0 0 0 0 0 0 0 0 0 0 0 0 0 1 0 0 0]	2026-08-16_22-41-03	[1 0 0 0 1 1]	2026-08-16_22-41-03	[0 0 0 0 0 0]	2026-08-16_22-41-03	[0]	2026-08-16_22-41-03
0	2026-08-16_22-41-03	-1.0	2026-08-16_22-41-03	10.714755058288574	2026-08-16_22-41-03	3.4217658042907715	2026-08-16_22-41-03	3.41745924949646	2026-08-16_22-41-03	1.9331668615341187	2026-08-16_22-41-03	1.9423637390136719	2026-08-16_22-41-03	False	2026-08-16_22-41-03	[1 1 0 0 0 0 0 0 0 0 0 0 0 0 0 0 0 0 0 0 0 0 0 0 0 0 0 0 0 1]	2026-08-16_22-41-03	[0 0 0 0 1 0 0 1 0 0 0 0 0 0 0 0 0 0 0 0 0 0 0 0 0 0 1 0 0 0]	2026-08-16_22-41-03	[1 0 0 0 1 1]	2026-08-16_22-41-03	[0 0 0 0 0 0]	2026-08-16_22-41-03	[0]	2026-08-16_22-41-03	[1 1 0 0 0 0 0 0 0 0 0 0 0 0 0 0 0 0 0 0 0 0 0 0 0 0 0 0 0 0]	2026-08-16_22-41-03	[0 0 0 0 1 0 0 1 0 0 0 0 0 0 0 0 0 0 0 0 0 0 0 0 0 0 1 0 0 1]	2026-08-16_22-41-03	[1 0 1 0 1 1]	2026-08-16_22-41-03	[0 1 0 0 0 0]	2026-08-16_22-41-03	[0]	2026-08-16_22-41-03
0	2026-08-16_22-41-03	-1.0	2026-08-16_22-41-03	10.715039253234863	2026-08-16_22-41-03	3.421846866607666	2026-08-16_22-41-03	3.4175288677215576	2026-08-16_22-41-03	1.9333808422088623	2026-08-16_22-41-03	1.942282795906067	2026-08-16_22-41-03	False	2026-08-16_22-41-03	[1 1 0 0 0 0 0 0 0 0 0 0 0 0 0 0 0 0 0 0 0 0 0 0 0 0 0 0 0 0]	2026-08-16_22-41-03	[0 0 0 0 1 0 0 1 0 0 0 0 0 0 0 0 0 0 0 0 0 0 0 0 0 0 1 0 0 1]	2026-08-16_22-41-03	[1 0 1 0 1 1]	2026-08-16_22-41-03	[0 1 0 0 0 0]	2026-08-16_22-41-03	[0]	2026-08-16_22-41-03	[1 1 0 0 0 0 0 0 0 0 0 0 0 0 0 0 0 0 0 0 0 0 0 0 0 0 0 0 0 1]	2026-08-16_22-41-03	[0 0 0 0 1 0 0 1 0 0 0 0 0 0 0 0 0 0 0 0 0 0 0 0 0 0 1 0 0 0]	2026-08-16_22-41-03	[1 0 0 0 1 1]	2026-08-16_22-41-03	[0 0 0 0 0 0]	2026-08-16_22-41-03	[0]	2026-08-16_22-41-03
0	2026-08-16_22-41-03	-1.0	2026-08-16_22-41-03	10.714987754821777	2026-08-16_22-41-03	3.421590566635132	2026-08-16_22-41-03	3.417670249938965	2026-08-16_22-41-03	1.9333062171936035	2026-08-16_22-41-03	1.9424200057983398	2026-08-16_22-41-03	False	2026-08-16_22-41-03	[1 1 0 0 0 0 0 0 0 0 0 0 0 0 0 0 0 0 0 0 0 0 0 0 0 0 0 0 0 1]	2026-08-16_22-41-03	[0 0 0 0 1 0 0 1 0 0 0 0 0 0 0 0 0 0 0 0 0 0 0 0 0 0 1 0 0 0]	2026-08-16_22-41-03	[1 0 0 0 1 1]	2026-08-16_22-41-03	[0 0 0 0 0 0]	2026-08-16_22-41-03	[0]	2026-08-16_22-41-03	[0 1 0 0 0 0 0 0 0 0 0 0 0 0 0 0 0 0 0 0 0 0 0 0 0 0 0 0 0 1]	2026-08-16_22-41-03	[0 0 0 0 1 0 0 1 0 0 0 0 0 0 0 0 0 0 0 0 0 0 0 0 0 0 1 0 0 1]	2026-08-16_22-41-03	[1 0 1 0 1 1]	2026-08-16_22-41-03	[0 1 0 0 0 0]	2026-08-16_22-41-03	[0]	2026-08-16_22-41-03
0	2026-08-16_22-41-03	-1.0	2026-08-16_22-41-03	10.71484661102295	2026-08-16_22-41-03	3.4218900203704834	2026-08-16_22-41-03	3.417672634124756	2026-08-16_22-41-03	1.932787537574768	2026-08-16_22-41-03	1.9424962997436523	2026-08-16_22-41-03	False	2026-08-16_22-41-03	[0 1 0 0 0 0 0 0 0 0 0 0 0 0 0 0 0 0 0 0 0 0 0 0 0 0 0 0 0 1]	2026-08-16_22-41-03	[0 0 0 0 1 0 0 1 0 0 0 0 0 0 0 0 0 0 0 0 0 0 0 0 0 0 1 0 0 1]	2026-08-16_22-41-03	[1 0 1 0 1 1]	2026-08-16_22-41-03	[0 1 0 0 0 0]	2026-08-16_22-41-03	[0]	2026-08-16_22-41-03	[0 1 0 0 0 0 0 0 0 0 0 0 0 0 0 0 0 0 0 0 0 0 0 0 0 0 0 0 0 0]	2026-08-16_22-41-03	[0 0 0 0 1 0 0 1 0 0 0 0 0 0 0 0 0 0 0 0 0 0 0 0 0 0 1 0 0 0]	2026-08-16_22-41-03	[1 0 0 0 1 1]	2026-08-16_22-41-03	[0 0 0 0 0 0]	2026-08-16_22-41-03	[0]	2026-08-16_22-41-03
0	2026-08-16_22-41-03	-1.0	2026-08-16_22-41-03	10.714874267578125	2026-08-16_22-41-03	3.421658754348755	2026-08-16_22-41-03	3.417555809020996	2026-08-16_22-41-03	1.933085322380066	2026-08-16_22-41-03	1.9425746202468872	2026-08-16_22-41-03	False	2026-08-16_22-41-03	[0 1 0 0 0 0 0 0 0 0 0 0 0 0 0 0 0 0 0 0 0 0 0 0 0 0 0 0 0 0]	2026-08-16_22-41-03	[0 0 0 0 1 0 0 1 0 0 0 0 0 0 0 0 0 0 0 0 0 0 0 0 0 0 1 0 0 0]	2026-08-16_22-41-03	[1 0 0 0 1 1]	2026-08-16_22-41-03	[0 0 0 0 0 0]	2026-08-16_22-41-03	[0]	2026-08-16_22-41-03	[1 1 0 0 0 0 0 0 0 0 0 0 0 0 0 0 0 0 0 0 0 0 0 0 0 0 0 0 0 0]	2026-08-16_22-41-03	[0 0 0 0 1 0 0 1 0 0 0 0 0 0 0 0 0 0 0 0 0 0 0 0 0 0 1 0 0 1]	2026-08-16_22-41-03	[1 0 1 0 1 1]	2026-08-16_22-41-03	[0 1 0 0 0 0]	2026-08-16_22-41-03	[0]	2026-08-16_22-41-03
0	2026-08-16_22-41-03	-1.0	2026-08-16_22-41-03	10.714895248413086	2026-08-16_22-41-03	3.42177677154541	2026-08-16_22-41-03	3.4176011085510254	2026-08-16_22-41-03	1.9329380989074707	2026-08-16_22-41-03	1.9425796270370483	2026-08-16_22-41-03	False	2026-08-16_22-41-03	[1 1 0 0 0 0 0 0 0 0 0 0 0 0 0 0 0 0 0 0 0 0 0 0 0 0 0 0 0 0]	2026-08-16_22-41-03	[0 0 0 0 1 0 0 1 0 0 0 0 0 0 0 0 0 0 0 0 0 0 0 0 0 0 1 0 0 1]	2026-08-16_22-41-03	[1 0 1 0 1 1]	2026-08-16_22-41-03	[0 1 0 0 0 0]	2026-08-16_22-41-03	[0]	2026-08-16_22-41-03	[1 1 0 0 0 0 0 0 0 0 0 0 0 0 0 0 0 0 0 0 0 0 0 0 0 0 0 0 0 1]	2026-08-16_22-41-03	[0 0 0 0 1 0 0 1 0 0 0 0 0 0 0 0 0 0 0 0 0 0 0 0 0 0 1 0 0 0]	2026-08-16_22-41-03	[1 0 0 0 1 1]	2026-08-16_22-41-03	[0 0 0 0 0 0]	2026-08-16_22-41-03	[0]	2026-08-16_22-41-03
1	2026-08-17_01-02-22	-0.3333333432674408	2026-08-17_01-02-22	10.244039535522461	2026-08-17_01-02-22	3.244630813598633	2026-08-17_01-02-22	3.3112685680389404	2026-08-17_01-02-22	1.8382993936538696	2026-08-17_01-02-22	1.8498398065567017	2026-08-17_01-02-22	False	2026-08-17_01-02-22	[1 0 0 0 0 0 0 0 0 0 0 0 0 0 0 1 0 0 0 0 0 0 0 0 0 0 0 0 0 0]	2026-08-17_01-02-22	[0 0 0 0 0 0 0 0 0 0 0 0 0 0 0 0 0 0 1 0 0 0 0 1 0 1 0 0 0 0]	2026-08-17_01-02-22	[0 0 0 1 0 1]	2026-08-17_01-02-22	[0 0 0 1 0 0]	2026-08-17_01-02-22	[10]	2026-08-17_01-02-22	[1 0 0 0 0 0 0 0 0 0 0 0 0 0 0 1 0 0 0 0 0 0 0 0 0 0 0 0 0 1]	2026-08-17_01-02-22	[0 0 0 0 0 0 0 1 0 0 0 0 0 0 0 0 0 0 1 0 0 0 0 1 0 1 0 0 0 0]	2026-08-17_01-02-22	[1 0 0 1 0 1]	2026-08-17_01-02-22	[0 0 0 1 0 1]	2026-08-17_01-02-22	[8]	2026-08-17_01-02-22
1	2026-08-17_01-02-22	-0.1666666716337204	2026-08-17_01-02-22	10.298489570617676	2026-08-17_01-02-22	3.262921094894409	2026-08-17_01-02-22	3.3231253623962402	2026-08-17_01-02-22	1.8516522645950317	2026-08-17_01-02-22	1.8607912063598633	2026-08-17_01-02-22	False	2026-08-17_01-02-22	[1 0 0 0 0 0 0 0 0 0 0 0 0 0 0 1 0 0 0 0 0 0 0 0 0 0 0 0 0 1]	2026-08-17_01-02-22	[0 0 0 0 0 0 0 1 0 0 0 0 0 0 0 0 0 0 1 0 0 0 0 1 0 1 0 0 0 0]	2026-08-17_01-02-22	[1 0 0 1 0 1]	2026-08-17_01-02-22	[0 0 0 1 0 1]	2026-08-17_01-02-22	[8]	2026-08-17_01-02-22	[1 0 0 0 0 0 0 0 0 0 0 0 0 0 0 1 0 0 0 0 0 0 0 0 0 0 0 0 0 0]	2026-08-17_01-02-22	[0 0 0 0 0 0 0 1 0 0 0 0 0 0 0 0 0 0 1 0 0 0 1 1 0 1 0 0 0 0]	2026-08-17_01-02-22	[0 0 0 1 0 1]	2026-08-17_01-02-22	[0 0 0 1 0 0]	2026-08-17_01-02-22	[10]	2026-08-17_01-02-22
1	2026-08-17_01-02-23	0.45466047525405884	2026-08-17_01-02-23	10.241949081420898	2026-08-17_01-02-23	3.243304967880249	2026-08-17_01-02-23	3.311000108718872	2026-08-17_01-02-23	1.8382617235183716	2026-08-17_01-02-23	1.8493821620941162	2026-08-17_01-02-23	False	2026-08-17_01-02-23	[1 0 0 0 0 0 0 0 0 0 0 0 0 0 0 1 0 0 0 0 0 0 0 0 0 0 0 0 0 0]	2026-08-17_01-02-23	[0 0 0 0 0 0 0 1 0 0 0 0 0 0 0 0 0 0 1 0 0 0 1 1 0 1 0 0 0 0]	2026-08-17_01-02-23	[0 0 0 1 0 1]	2026-08-17_01-02-23	[0 0 0 1 0 0]	2026-08-17_01-02-23	[10]	2026-08-17_01-02-23	[1 0 0 0 0 0 0 0 0 0 0 0 0 0 0 1 0 0 0 0 0 0 0 0 0 0 0 0 0 1]	2026-08-17_01-02-23	[0 0 0 0 0 0 0 0 0 0 0 0 0 0 0 0 0 0 1 0 0 0 1 1 0 1 0 0 0 0]	2026-08-17_01-02-23	[1 0 0 1 0 1]	2026-08-17_01-02-23	[0 0 0 1 0 1]	2026-08-17_01-02-23	[12]	2026-08-17_01-02-23
1	2026-08-17_01-02-23	-0.5	2026-08-17_01-02-23	10.102749824523926	2026-08-17_01-02-23	3.190390110015869	2026-08-17_01-02-23	3.2845094203948975	2026-08-17_01-02-23	1.8041393756866455	2026-08-17_01-02-23	1.8237113952636719	2026-08-17_01-02-23	False	2026-08-17_01-02-23	[1 0 0 0 0 0 0 0 0 0 0 0 0 0 0 1 0 0 0 0 0 0 0 0 0 0 0 0 0 1]	2026-08-17_01-02-23	[0 0 0 0 0 0 0 0 0 0 0 0 0 0 0 0 0 0 1 0 0 0 1 1 0 1 0 0 0 0]	2026-08-17_01-02-23	[1 0 0 1 0 1]	2026-08-17_01-02-23	[0 0 0 1 0 1]	2026-08-17_01-02-23	[12]	2026-08-17_01-02-23	[1 0 0 0 0 0 0 0 0 0 0 0 0 0 0 1 0 0 0 0 0 0 0 0 0 0 0 0 0 0]	2026-08-17_01-02-23	[0 0 0 0 0 0 0 0 0 0 0 0 0 0 1 0 0 0 1 0 0 0 1 1 0 1 0 0 0 0]	2026-08-17_01-02-23	[0 0 0 1 0 1]	2026-08-17_01-02-23	[0 0 0 1 0 0]	2026-08-17_01-02-23	[6]	2026-08-17_01-02-23
1	2026-08-17_01-02-23	-0.6666666865348816	2026-08-17_01-02-23	10.3651123046875	2026-08-17_01-02-23	3.285999059677124	2026-08-17_01-02-23	3.335132122039795	2026-08-17_01-02-23	1.8677160739898682	2026-08-17_01-02-23	1.8762660026550293	2026-08-17_01-02-23	False	2026-08-17_01-02-23	[1 0 0 0 0 0 0 0 0 0 0 0 0 0 0 1 0 0 0 0 0 0 0 0 0 0 0 0 0 0]	2026-08-17_01-02-23	[0 0 0 0 0 0 0 0 0 0 0 0 0 0 1 0 0 0 1 0 0 0 1 1 0 1 0 0 0 0]	2026-08-17_01-02-23	[0 0 0 1 0 1]	2026-08-17_01-02-23	[0 0 0 1 0 0]	2026-08-17_01-02-23	[6]	2026-08-17_01-02-23	[1 0 0 0 0 0 0 0 0 0 0 0 0 0 0 1 0 0 0 0 0 0 0 0 0 0 0 0 0 1]	2026-08-17_01-02-23	[0 0 0 1 0 0 0 0 0 0 0 0 0 0 1 0 0 0 1 0 0 0 1 1 0 1 0 0 0 0]	2026-08-17_01-02-23	[1 0 0 1 0 1]	2026-08-17_01-02-23	[0 0 0 1 0 1]	2026-08-17_01-02-23	[4]	2026-08-17_01-02-23
1	2026-08-17_01-02-23	-0.8333333134651184	2026-08-17_01-02-23	10.43368911743164	2026-08-17_01-02-23	3.3067538738250732	2026-08-17_01-02-23	3.3455166816711426	2026-08-17_01-02-23	1.887671947479248	2026-08-17_01-02-23	1.8937478065490723	2026-08-17_01-02-23	False	2026-08-17_01-02-23	[1 0 0 0 0 0 0 0 0 0 0 0 0 0 0 1 0 0 0 0 0 0 0 0 0 0 0 0 0 1]	2026-08-17_01-02-23	[0 0 0 1 0 0 0 0 0 0 0 0 0 0 1 0 0 0 1 0 0 0 1 1 0 1 0 0 0 0]	2026-08-17_01-02-23	[1 0 0 1 0 1]	2026-08-17_01-02-23	[0 0 0 1 0 1]	2026-08-17_01-02-23	[4]	2026-08-17_01-02-23	[1 0 0 1 0 0 0 0 0 0 0 0 0 0 0 1 0 0 0 0 0 0 0 0 0 0 0 0 0 1]	2026-08-17_01-02-23	[0 0 0 0 0 0 0 0 0 0 0 0 0 0 1 0 0 0 1 0 0 0 1 1 0 1 0 0 0 0]	2026-08-17_01-02-23	[0 0 0 1 0 1]	2026-08-17_01-02-23	[0 0 0 0 0 1]	2026-08-17_01-02-23	[2]	2026-08-17_01-02-23
1	2026-08-17_01-02-23	-0.6666666865348816	2026-08-17_01-02-23	10.508371353149414	2026-08-17_01-02-23	3.327888011932373	2026-08-17_01-02-23	3.352375030517578	2026-08-17_01-02-23	1.9127702713012695	2026-08-17_01-02-23	1.9153389930725098	2026-08-17_01-02-23	False	2026-08-17_01-02-23	[1 0 0 1 0 0 0 0 0 0 0 0 0 0 0 1 0 0 0 0 0 0 0 0 0 0 0 0 0 1]	2026-08-17_01-02-23	[0 0 0 0 0 0 0 0 0 0 0 0 0 0 1 0 0 0 1 0 0 0 1 1 0 1 0 0 0 0]	2026-08-17_01-02-23	[0 0 0 1 0 1]	2026-08-17_01-02-23	[0 0 0 0 0 1]	2026-08-17_01-02-23	[2]	2026-08-17_01-02-23	[1 0 0 0 0 0 0 0 0 0 0 0 0 0 0 1 0 0 0 0 0 0 0 0 0 0 0 0 0 1]	2026-08-17_01-02-23	[0 0 0 1 0 0 0 0 0 0 0 0 0 0 1 0 0 0 1 0 0 0 1 1 0 1 0 0 0 0]	2026-08-17_01-02-23	[1 0 0 1 0 1]	2026-08-17_01-02-23	[0 0 0 1 0 1]	2026-08-17_01-02-23	[4]	2026-08-17_01-02-23
1	2026-08-17_01-02-23	-0.8333333134651184	2026-08-17_01-02-23	10.435009002685547	2026-08-17_01-02-23	3.307358741760254	2026-08-17_01-02-23	3.3455615043640137	2026-08-17_01-02-23	1.887823462486267	2026-08-17_01-02-23	1.8942656517028809	2026-08-17_01-02-23	False	2026-08-17_01-02-23	[1 0 0 0 0 0 0 0 0 0 0 0 0 0 0 1 0 0 0 0 0 0 0 0 0 0 0 0 0 1]	2026-08-17_01-02-23	[0 0 0 1 0 0 0 0 0 0 0 0 0 0 1 0 0 0 1 0 0 0 1 1 0 1 0 0 0 0]	2026-08-17_01-02-23	[1 0 0 1 0 1]	2026-08-17_01-02-23	[0 0 0 1 0 1]	2026-08-17_01-02-23	[4]	2026-08-17_01-02-23	[1 0 0 1 0 0 0 0 0 0 0 0 0 0 0 1 0 0 0 0 0 0 0 0 0 0 0 0 0 1]	2026-08-17_01-02-23	[0 0 0 0 0 0 0 0 0 0 0 0 0 0 1 0 0 0 1 0 0 0 1 1 0 1 0 0 0 0]	2026-08-17_01-02-23	[0 0 0 1 0 1]	2026-08-17_01-02-23	[0 0 0 0 0 1]	2026-08-17_01-02-23	[2]	2026-08-17_01-02-23
1	2026-08-17_01-02-23	-0.6666666865348816	2026-08-17_01-02-23	10.507094383239746	2026-08-17_01-02-23	3.327657699584961	2026-08-17_01-02-23	3.3520777225494385	2026-08-17_01-02-23	1.912582516670227	2026-08-17_01-02-23	1.9147765636444092	2026-08-17_01-02-23	False	2026-08-17_01-02-23	[1 0 0 1 0 0 0 0 0 0 0 0 0 0 0 1 0 0 0 0 0 0 0 0 0 0 0 0 0 1]	2026-08-17_01-02-23	[0 0 0 0 0 0 0 0 0 0 0 0 0 0 1 0 0 0 1 0 0 0 1 1 0 1 0 0 0 0]	2026-08-17_01-02-23	[0 0 0 1 0 1]	2026-08-17_01-02-23	[0 0 0 0 0 1]	2026-08-17_01-02-23	[2]	2026-08-17_01-02-23	[1 0 0 0 0 0 0 0 0 0 0 0 0 0 0 1 0 0 0 0 0 0 0 0 0 0 0 0 0 1]	2026-08-17_01-02-23	[0 0 0 1 0 0 0 0 0 0 0 0 0 0 1 0 0 0 1 0 0 0 1 1 0 1 0 0 0 0]	2026-08-17_01-02-23	[1 0 0 1 0 1]	2026-08-17_01-02-23	[0 0 0 1 0 1]	2026-08-17_01-02-23	[4]	2026-08-17_01-02-23
1	2026-08-17_01-02-23	-0.8333333134651184	2026-08-17_01-02-23	10.435766220092773	2026-08-17_01-02-23	3.3076863288879395	2026-08-17_01-02-23	3.345665216445923	2026-08-17_01-02-23	1.8873525857925415	2026-08-17_01-02-23	1.8950614929199219	2026-08-17_01-02-23	False	2026-08-17_01-02-23	[1 0 0 0 0 0 0 0 0 0 0 0 0 0 0 1 0 0 0 0 0 0 0 0 0 0 0 0 0 1]	2026-08-17_01-02-23	[0 0 0 1 0 0 0 0 0 0 0 0 0 0 1 0 0 0 1 0 0 0 1 1 0 1 0 0 0 0]	2026-08-17_01-02-23	[1 0 0 1 0 1]	2026-08-17_01-02-23	[0 0 0 1 0 1]	2026-08-17_01-02-23	[4]	2026-08-17_01-02-23	[1 0 0 1 0 0 0 0 0 0 0 0 0 0 0 1 0 0 0 0 0 0 0 0 0 0 0 0 0 1]	2026-08-17_01-02-23	[0 0 0 0 0 0 0 0 0 0 0 0 0 0 1 0 0 0 1 0 0 0 1 1 0 1 0 0 0 0]	2026-08-17_01-02-23	[0 0 0 1 0 1]	2026-08-17_01-02-23	[0 0 0 0 0 1]	2026-08-17_01-02-23	[2]	2026-08-17_01-02-23
1	2026-08-17_01-02-23	-0.6666666865348816	2026-08-17_01-02-23	10.507994651794434	2026-08-17_01-02-23	3.3274099826812744	2026-08-17_01-02-23	3.3523268699645996	2026-08-17_01-02-23	1.91261625289917	2026-08-17_01-02-23	1.9156410694122314	2026-08-17_01-02-23	False	2026-08-17_01-02-23	[1 0 0 1 0 0 0 0 0 0 0 0 0 0 0 1 0 0 0 0 0 0 0 0 0 0 0 0 0 1]	2026-08-17_01-02-23	[0 0 0 0 0 0 0 0 0 0 0 0 0 0 1 0 0 0 1 0 0 0 1 1 0 1 0 0 0 0]	2026-08-17_01-02-23	[0 0 0 1 0 1]	2026-08-17_01-02-23	[0 0 0 0 0 1]	2026-08-17_01-02-23	[2]	2026-08-17_01-02-23	[1 0 0 0 0 0 0 0 0 0 0 0 0 0 0 1 0 0 0 0 0 0 0 0 0 0 0 0 0 1]	2026-08-17_01-02-23	[0 0 0 1 0 0 0 0 0 0 0 0 0 0 1 0 0 0 1 0 0 0 1 1 0 1 0 0 0 0]	2026-08-17_01-02-23	[1 0 0 1 0 1]	2026-08-17_01-02-23	[0 0 0 1 0 1]	2026-08-17_01-02-23	[4]	2026-08-17_01-02-23
1	2026-08-17_01-02-23	-0.8333333134651184	2026-08-17_01-02-23	10.43384838104248	2026-08-17_01-02-23	3.306990623474121	2026-08-17_01-02-23	3.345221757888794	2026-08-17_01-02-23	1.8872835636138916	2026-08-17_01-02-23	1.8943532705307007	2026-08-17_01-02-23	False	2026-08-17_01-02-23	[1 0 0 0 0 0 0 0 0 0 0 0 0 0 0 1 0 0 0 0 0 0 0 0 0 0 0 0 0 1]	2026-08-17_01-02-23	[0 0 0 1 0 0 0 0 0 0 0 0 0 0 1 0 0 0 1 0 0 0 1 1 0 1 0 0 0 0]	2026-08-17_01-02-23	[1 0 0 1 0 1]	2026-08-17_01-02-23	[0 0 0 1 0 1]	2026-08-17_01-02-23	[4]	2026-08-17_01-02-23	[1 0 0 1 0 0 0 0 0 0 0 0 0 0 0 1 0 0 0 0 0 0 0 0 0 0 0 0 0 1]	2026-08-17_01-02-23	[0 0 0 0 0 0 0 0 0 0 0 0 0 0 1 0 0 0 1 0 0 0 1 1 0 1 0 0 0 0]	2026-08-17_01-02-23	[0 0 0 1 0 1]	2026-08-17_01-02-23	[0 0 0 0 0 1]	2026-08-17_01-02-23	[2]	2026-08-17_01-02-23
1	2026-08-17_01-02-23	-0.6666666865348816	2026-08-17_01-02-23	10.509310722351074	2026-08-17_01-02-23	3.3283588886260986	2026-08-17_01-02-23	3.3530964851379395	2026-08-17_01-02-23	1.9127188920974731	2026-08-17_01-02-23	1.9151360988616943	2026-08-17_01-02-23	False	2026-08-17_01-02-23	[1 0 0 1 0 0 0 0 0 0 0 0 0 0 0 1 0 0 0 0 0 0 0 0 0 0 0 0 0 1]	2026-08-17_01-02-23	[0 0 0 0 0 0 0 0 0 0 0 0 0 0 1 0 0 0 1 0 0 0 1 1 0 1 0 0 0 0]	2026-08-17_01-02-23	[0 0 0 1 0 1]	2026-08-17_01-02-23	[0 0 0 0 0 1]	2026-08-17_01-02-23	[2]	2026-08-17_01-02-23	[1 0 0 0 0 0 0 0 0 0 0 0 0 0 0 1 0 0 0 0 0 0 0 0 0 0 0 0 0 1]	2026-08-17_01-02-23	[0 0 0 1 0 0 0 0 0 0 0 0 0 0 1 0 0 0 1 0 0 0 1 1 0 1 0 0 0 0]	2026-08-17_01-02-23	[1 0 0 1 0 1]	2026-08-17_01-02-23	[0 0 0 1 0 1]	2026-08-17_01-02-23	[4]	2026-08-17_01-02-23
1	2026-08-17_01-02-23	-0.8333333134651184	2026-08-17_01-02-23	10.43322467803955	2026-08-17_01-02-23	3.3066482543945312	2026-08-17_01-02-23	3.345580577850342	2026-08-17_01-02-23	1.8873608112335205	2026-08-17_01-02-23	1.8936349153518677	2026-08-17_01-02-23	False	2026-08-17_01-02-23	[1 0 0 0 0 0 0 0 0 0 0 0 0 0 0 1 0 0 0 0 0 0 0 0 0 0 0 0 0 1]	2026-08-17_01-02-23	[0 0 0 1 0 0 0 0 0 0 0 0 0 0 1 0 0 0 1 0 0 0 1 1 0 1 0 0 0 0]	2026-08-17_01-02-23	[1 0 0 1 0 1]	2026-08-17_01-02-23	[0 0 0 1 0 1]	2026-08-17_01-02-23	[4]	2026-08-17_01-02-23	[1 0 0 1 0 0 0 0 0 0 0 0 0 0 0 1 0 0 0 0 0 0 0 0 0 0 0 0 0 1]	2026-08-17_01-02-23	[0 0 0 0 0 0 0 0 0 0 0 0 0 0 1 0 0 0 1 0 0 0 1 1 0 1 0 0 0 0]	2026-08-17_01-02-23	[0 0 0 1 0 1]	2026-08-17_01-02-23	[0 0 0 0 0 1]	2026-08-17_01-02-23	[2]	2026-08-17_01-02-23
1	2026-08-17_01-02-23	-0.6666666865348816	2026-08-17_01-02-23	10.509591102600098	2026-08-17_01-02-23	3.328523635864258	2026-08-17_01-02-23	3.3531877994537354	2026-08-17_01-02-23	1.9128024578094482	2026-08-17_01-02-23	1.9150769710540771	2026-08-17_01-02-23	False	2026-08-17_01-02-23	[1 0 0 1 0 0 0 0 0 0 0 0 0 0 0 1 0 0 0 0 0 0 0 0 0 0 0 0 0 1]	2026-08-17_01-02-23	[0 0 0 0 0 0 0 0 0 0 0 0 0 0 1 0 0 0 1 0 0 0 1 1 0 1 0 0 0 0]	2026-08-17_01-02-23	[0 0 0 1 0 1]	2026-08-17_01-02-23	[0 0 0 0 0 1]	2026-08-17_01-02-23	[2]	2026-08-17_01-02-23	[1 0 0 0 0 0 0 0 0 0 0 0 0 0 0 1 0 0 0 0 0 0 0 0 0 0 0 0 0 1]	2026-08-17_01-02-23	[0 0 0 1 0 0 0 0 0 0 0 0 0 0 1 0 0 0 1 0 0 0 1 1 0 1 0 0 0 0]	2026-08-17_01-02-23	[1 0 0 1 0 1]	2026-08-17_01-02-23	[0 0 0 1 0 1]	2026-08-17_01-02-23	[4]	2026-08-17_01-02-23
1	2026-08-17_01-02-23	-0.8333333134651184	2026-08-17_01-02-23	10.433591842651367	2026-08-17_01-02-23	3.3063292503356934	2026-08-17_01-02-23	3.3449673652648926	2026-08-17_01-02-23	1.8878707885742188	2026-08-17_01-02-23	1.8944246768951416	2026-08-17_01-02-23	False	2026-08-17_01-02-23	[1 0 0 0 0 0 0 0 0 0 0 0 0 0 0 1 0 0 0 0 0 0 0 0 0 0 0 0 0 1]	2026-08-17_01-02-23	[0 0 0 1 0 0 0 0 0 0 0 0 0 0 1 0 0 0 1 0 0 0 1 1 0 1 0 0 0 0]	2026-08-17_01-02-23	[1 0 0 1 0 1]	2026-08-17_01-02-23	[0 0 0 1 0 1]	2026-08-17_01-02-23	[4]	2026-08-17_01-02-23	[1 0 0 1 0 0 0 0 0 0 0 0 0 0 0 1 0 0 0 0 0 0 0 0 0 0 0 0 0 1]	2026-08-17_01-02-23	[0 0 0 0 0 0 0 0 0 0 0 0 0 0 1 0 0 0 1 0 0 0 1 1 0 1 0 0 0 0]	2026-08-17_01-02-23	[0 0 0 1 0 1]	2026-08-17_01-02-23	[0 0 0 0 0 1]	2026-08-17_01-02-23	[2]	2026-08-17_01-02-23
1	2026-08-17_01-02-23	-0.6666666865348816	2026-08-17_01-02-23	10.509500503540039	2026-08-17_01-02-23	3.328482151031494	2026-08-17_01-02-23	3.352634906768799	2026-08-17_01-02-23	1.9130672216415405	2026-08-17_01-02-23	1.9153169393539429	2026-08-17_01-02-23	False	2026-08-17_01-02-23	[1 0 0 1 0 0 0 0 0 0 0 0 0 0 0 1 0 0 0 0 0 0 0 0 0 0 0 0 0 1]	2026-08-17_01-02-23	[0 0 0 0 0 0 0 0 0 0 0 0 0 0 1 0 0 0 1 0 0 0 1 1 0 1 0 0 0 0]	2026-08-17_01-02-23	[0 0 0 1 0 1]	2026-08-17_01-02-23	[0 0 0 0 0 1]	2026-08-17_01-02-23	[2]	2026-08-17_01-02-23	[1 0 0 0 0 0 0 0 0 0 0 0 0 0 0 1 0 0 0 0 0 0 0 0 0 0 0 0 0 1]	2026-08-17_01-02-23	[0 0 0 1 0 0 0 0 0 0 0 0 0 0 1 0 0 0 1 0 0 0 1 1 0 1 0 0 0 0]	2026-08-17_01-02-23	[1 0 0 1 0 1]	2026-08-17_01-02-23	[0 0 0 1 0 1]	2026-08-17_01-02-23	[4]	2026-08-17_01-02-23
1	2026-08-17_01-02-23	-0.8333333134651184	2026-08-17_01-02-23	10.436381340026855	2026-08-17_01-02-23	3.3077738285064697	2026-08-17_01-02-23	3.3459393978118896	2026-08-17_01-02-23	1.8880900144577026	2026-08-17_01-02-23	1.8945776224136353	2026-08-17_01-02-23	False	2026-08-17_01-02-23	[1 0 0 0 0 0 0 0 0 0 0 0 0 0 0 1 0 0 0 0 0 0 0 0 0 0 0 0 0 1]	2026-08-17_01-02-23	[0 0 0 1 0 0 0 0 0 0 0 0 0 0 1 0 0 0 1 0 0 0 1 1 0 1 0 0 0 0]	2026-08-17_01-02-23	[1 0 0 1 0 1]	2026-08-17_01-02-23	[0 0 0 1 0 1]	2026-08-17_01-02-23	[4]	2026-08-17_01-02-23	[1 0 0 1 0 0 0 0 0 0 0 0 0 0 0 1 0 0 0 0 0 0 0 0 0 0 0 0 0 1]	2026-08-17_01-02-23	[0 0 0 0 0 0 0 0 0 0 0 0 0 0 1 0 0 0 1 0 0 0 1 1 0 1 0 0 0 0]	2026-08-17_01-02-23	[0 0 0 1 0 1]	2026-08-17_01-02-23	[0 0 0 0 0 1]	2026-08-17_01-02-23	[2]	2026-08-17_01-02-23
1	2026-08-17_01-02-23	-0.6666666865348816	2026-08-17_01-02-23	10.508890151977539	2026-08-17_01-02-23	3.3279781341552734	2026-08-17_01-02-23	3.3525984287261963	2026-08-17_01-02-23	1.9128460884094238	2026-08-17_01-02-23	1.9154682159423828	2026-08-17_01-02-23	False	2026-08-17_01-02-23	[1 0 0 1 0 0 0 0 0 0 0 0 0 0 0 1 0 0 0 0 0 0 0 0 0 0 0 0 0 1]	2026-08-17_01-02-23	[0 0 0 0 0 0 0 0 0 0 0 0 0 0 1 0 0 0 1 0 0 0 1 1 0 1 0 0 0 0]	2026-08-17_01-02-23	[0 0 0 1 0 1]	2026-08-17_01-02-23	[0 0 0 0 0 1]	2026-08-17_01-02-23	[2]	2026-08-17_01-02-23	[1 0 0 0 0 0 0 0 0 0 0 0 0 0 0 1 0 0 0 0 0 0 0 0 0 0 0 0 0 1]	2026-08-17_01-02-23	[0 0 0 1 0 0 0 0 0 0 0 0 0 0 1 0 0 0 1 0 0 0 1 1 0 1 0 0 0 0]	2026-08-17_01-02-23	[1 0 0 1 0 1]	2026-08-17_01-02-23	[0 0 0 1 0 1]	2026-08-17_01-02-23	[4]	2026-08-17_01-02-23
1	2026-08-17_01-02-23	-0.8333333134651184	2026-08-17_01-02-23	10.433749198913574	2026-08-17_01-02-23	3.3065338134765625	2026-08-17_01-02-23	3.345578670501709	2026-08-17_01-02-23	1.8874893188476562	2026-08-17_01-02-23	1.8941466808319092	2026-08-17_01-02-23	False	2026-08-17_01-02-23	[1 0 0 0 0 0 0 0 0 0 0 0 0 0 0 1 0 0 0 0 0 0 0 0 0 0 0 0 0 1]	2026-08-17_01-02-23	[0 0 0 1 0 0 0 0 0 0 0 0 0 0 1 0 0 0 1 0 0 0 1 1 0 1 0 0 0 0]	2026-08-17_01-02-23	[1 0 0 1 0 1]	2026-08-17_01-02-23	[0 0 0 1 0 1]	2026-08-17_01-02-23	[4]	2026-08-17_01-02-23	[1 0 0 1 0 0 0 0 0 0 0 0 0 0 0 1 0 0 0 0 0 0 0 0 0 0 0 0 0 1]	2026-08-17_01-02-23	[0 0 0 0 0 0 0 0 0 0 0 0 0 0 1 0 0 0 1 0 0 0 1 1 0 1 0 0 0 0]	2026-08-17_01-02-23	[0 0 0 1 0 1]	2026-08-17_01-02-23	[0 0 0 0 0 1]	2026-08-17_01-02-23	[2]	2026-08-17_01-02-23
1	2026-08-17_01-02-23	-0.6666666865348816	2026-08-17_01-02-23	10.508399963378906	2026-08-17_01-02-23	3.3280844688415527	2026-08-17_01-02-23	3.3526101112365723	2026-08-17_01-02-23	1.9127999544143677	2026-08-17_01-02-23	1.9149054288864136	2026-08-17_01-02-23	False	2026-08-17_01-02-23	[1 0 0 1 0 0 0 0 0 0 0 0 0 0 0 1 0 0 0 0 0 0 0 0 0 0 0 0 0 1]	2026-08-17_01-02-23	[0 0 0 0 0 0 0 0 0 0 0 0 0 0 1 0 0 0 1 0 0 0 1 1 0 1 0 0 0 0]	2026-08-17_01-02-23	[0 0 0 1 0 1]	2026-08-17_01-02-23	[0 0 0 0 0 1]	2026-08-17_01-02-23	[2]	2026-08-17_01-02-23	[1 0 0 0 0 0 0 0 0 0 0 0 0 0 0 1 0 0 0 0 0 0 0 0 0 0 0 0 0 1]	2026-08-17_01-02-23	[0 0 0 1 0 0 0 0 0 0 0 0 0 0 1 0 0 0 1 0 0 0 1 1 0 1 0 0 0 0]	2026-08-17_01-02-23	[1 0 0 1 0 1]	2026-08-17_01-02-23	[0 0 0 1 0 1]	2026-08-17_01-02-23	[4]	2026-08-17_01-02-23
1	2026-08-17_01-02-23	-0.8333333134651184	2026-08-17_01-02-23	10.433902740478516	2026-08-17_01-02-23	3.3068671226501465	2026-08-17_01-02-23	3.345414400100708	2026-08-17_01-02-23	1.8877781629562378	2026-08-17_01-02-23	1.8938426971435547	2026-08-17_01-02-23	False	2026-08-17_01-02-23	[1 0 0 0 0 0 0 0 0 0 0 0 0 0 0 1 0 0 0 0 0 0 0 0 0 0 0 0 0 1]	2026-08-17_01-02-23	[0 0 0 1 0 0 0 0 0 0 0 0 0 0 1 0 0 0 1 0 0 0 1 1 0 1 0 0 0 0]	2026-08-17_01-02-23	[1 0 0 1 0 1]	2026-08-17_01-02-23	[0 0 0 1 0 1]	2026-08-17_01-02-23	[4]	2026-08-17_01-02-23	[1 0 0 1 0 0 0 0 0 0 0 0 0 0 0 1 0 0 0 0 0 0 0 0 0 0 0 0 0 1]	2026-08-17_01-02-23	[0 0 0 0 0 0 0 0 0 0 0 0 0 0 1 0 0 0 1 0 0 0 1 1 0 1 0 0 0 0]	2026-08-17_01-02-23	[0 0 0 1 0 1]	2026-08-17_01-02-23	[0 0 0 0 0 1]	2026-08-17_01-02-23	[2]	2026-08-17_01-02-23
1	2026-08-17_01-02-23	-0.6666666865348816	2026-08-17_01-02-23	10.508213996887207	2026-08-17_01-02-23	3.3277413845062256	2026-08-17_01-02-23	3.3525516986846924	2026-08-17_01-02-23	1.9129513502120972	2026-08-17_01-02-23	1.9149696826934814	2026-08-17_01-02-23	False	2026-08-17_01-02-23	[1 0 0 1 0 0 0 0 0 0 0 0 0 0 0 1 0 0 0 0 0 0 0 0 0 0 0 0 0 1]	2026-08-17_01-02-23	[0 0 0 0 0 0 0 0 0 0 0 0 0 0 1 0 0 0 1 0 0 0 1 1 0 1 0 0 0 0]	2026-08-17_01-02-23	[0 0 0 1 0 1]	2026-08-17_01-02-23	[0 0 0 0 0 1]	2026-08-17_01-02-23	[2]	2026-08-17_01-02-23	[1 0 0 0 0 0 0 0 0 0 0 0 0 0 0 1 0 0 0 0 0 0 0 0 0 0 0 0 0 1]	2026-08-17_01-02-23	[0 0 0 1 0 0 0 0 0 0 0 0 0 0 1 0 0 0 1 0 0 0 1 1 0 1 0 0 0 0]	2026-08-17_01-02-23	[1 0 0 1 0 1]	2026-08-17_01-02-23	[0 0 0 1 0 1]	2026-08-17_01-02-23	[4]	2026-08-17_01-02-23
1	2026-08-17_01-02-23	-0.8333333134651184	2026-08-17_01-02-23	10.435550689697266	2026-08-17_01-02-23	3.3077430725097656	2026-08-17_01-02-23	3.3456063270568848	2026-08-17_01-02-23	1.8875139951705933	2026-08-17_01-02-23	1.8946871757507324	2026-08-17_01-02-23	False	2026-08-17_01-02-23	[1 0 0 0 0 0 0 0 0 0 0 0 0 0 0 1 0 0 0 0 0 0 0 0 0 0 0 0 0 1]	2026-08-17_01-02-23	[0 0 0 1 0 0 0 0 0 0 0 0 0 0 1 0 0 0 1 0 0 0 1 1 0 1 0 0 0 0]	2026-08-17_01-02-23	[1 0 0 1 0 1]	2026-08-17_01-02-23	[0 0 0 1 0 1]	2026-08-17_01-02-23	[4]	2026-08-17_01-02-23	[1 0 0 1 0 0 0 0 0 0 0 0 0 0 0 1 0 0 0 0 0 0 0 0 0 0 0 0 0 1]	2026-08-17_01-02-23	[0 0 0 0 0 0 0 0 0 0 0 0 0 0 1 0 0 0 1 0 0 0 1 1 0 1 0 0 0 0]	2026-08-17_01-02-23	[0 0 0 1 0 1]	2026-08-17_01-02-23	[0 0 0 0 0 1]	2026-08-17_01-02-23	[2]	2026-08-17_01-02-23
1	2026-08-17_01-02-23	-0.6666666865348816	2026-08-17_01-02-23	10.507808685302734	2026-08-17_01-02-23	3.327305316925049	2026-08-17_01-02-23	3.3523192405700684	2026-08-17_01-02-23	1.9129971265792847	2026-08-17_01-02-23	1.915186882019043	2026-08-17_01-02-23	False	2026-08-17_01-02-23	[1 0 0 1 0 0 0 0 0 0 0 0 0 0 0 1 0 0 0 0 0 0 0 0 0 0 0 0 0 1]	2026-08-17_01-02-23	[0 0 0 0 0 0 0 0 0 0 0 0 0 0 1 0 0 0 1 0 0 0 1 1 0 1 0 0 0 0]	2026-08-17_01-02-23	[0 0 0 1 0 1]	2026-08-17_01-02-23	[0 0 0 0 0 1]	2026-08-17_01-02-23	[2]	2026-08-17_01-02-23	[1 0 0 0 0 0 0 0 0 0 0 0 0 0 0 1 0 0 0 0 0 0 0 0 0 0 0 0 0 1]	2026-08-17_01-02-23	[0 0 0 1 0 0 0 0 0 0 0 0 0 0 1 0 0 0 1 0 0 0 1 1 0 1 0 0 0 0]	2026-08-17_01-02-23	[1 0 0 1 0 1]	2026-08-17_01-02-23	[0 0 0 1 0 1]	2026-08-17_01-02-23	[4]	2026-08-17_01-02-23
1	2026-08-17_01-02-23	-0.8333333134651184	2026-08-17_01-02-23	10.435194969177246	2026-08-17_01-02-23	3.307452440261841	2026-08-17_01-02-23	3.345855712890625	2026-08-17_01-02-23	1.8874356746673584	2026-08-17_01-02-23	1.8944507837295532	2026-08-17_01-02-23	False	2026-08-17_01-02-23	[1 0 0 0 0 0 0 0 0 0 0 0 0 0 0 1 0 0 0 0 0 0 0 0 0 0 0 0 0 1]	2026-08-17_01-02-23	[0 0 0 1 0 0 0 0 0 0 0 0 0 0 1 0 0 0 1 0 0 0 1 1 0 1 0 0 0 0]	2026-08-17_01-02-23	[1 0 0 1 0 1]	2026-08-17_01-02-23	[0 0 0 1 0 1]	2026-08-17_01-02-23	[4]	2026-08-17_01-02-23	[1 0 0 1 0 0 0 0 0 0 0 0 0 0 0 1 0 0 0 0 0 0 0 0 0 0 0 0 0 1]	2026-08-17_01-02-23	[0 0 0 0 0 0 0 0 0 0 0 0 0 0 1 0 0 0 1 0 0 0 1 1 0 1 0 0 0 0]	2026-08-17_01-02-23	[0 0 0 1 0 1]	2026-08-17_01-02-23	[0 0 0 0 0 1]	2026-08-17_01-02-23	[2]	2026-08-17_01-02-23
1	2026-08-17_01-02-23	-0.6666666865348816	2026-08-17_01-02-23	10.509243965148926	2026-08-17_01-02-23	3.3279619216918945	2026-08-17_01-02-23	3.3525962829589844	2026-08-17_01-02-23	1.9128623008728027	2026-08-17_01-02-23	1.9158238172531128	2026-08-17_01-02-23	False	2026-08-17_01-02-23	[1 0 0 1 0 0 0 0 0 0 0 0 0 0 0 1 0 0 0 0 0 0 0 0 0 0 0 0 0 1]	2026-08-17_01-02-23	[0 0 0 0 0 0 0 0 0 0 0 0 0 0 1 0 0 0 1 0 0 0 1 1 0 1 0 0 0 0]	2026-08-17_01-02-23	[0 0 0 1 0 1]	2026-08-17_01-02-23	[0 0 0 0 0 1]	2026-08-17_01-02-23	[2]	2026-08-17_01-02-23	[1 0 0 0 0 0 0 0 0 0 0 0 0 0 0 1 0 0 0 0 0 0 0 0 0 0 0 0 0 1]	2026-08-17_01-02-23	[0 0 0 1 0 0 0 0 0 0 0 0 0 0 1 0 0 0 1 0 0 0 1 1 0 1 0 0 0 0]	2026-08-17_01-02-23	[1 0 0 1 0 1]	2026-08-17_01-02-23	[0 0 0 1 0 1]	2026-08-17_01-02-23	[4]	2026-08-17_01-02-23
1	2026-08-17_01-02-23	-0.8333333134651184	2026-08-17_01-02-23	10.435187339782715	2026-08-17_01-02-23	3.3076672554016113	2026-08-17_01-02-23	3.345658540725708	2026-08-17_01-02-23	1.8875101804733276	2026-08-17_01-02-23	1.8943507671356201	2026-08-17_01-02-23	False	2026-08-17_01-02-23	[1 0 0 0 0 0 0 0 0 0 0 0 0 0 0 1 0 0 0 0 0 0 0 0 0 0 0 0 0 1]	2026-08-17_01-02-23	[0 0 0 1 0 0 0 0 0 0 0 0 0 0 1 0 0 0 1 0 0 0 1 1 0 1 0 0 0 0]	2026-08-17_01-02-23	[1 0 0 1 0 1]	2026-08-17_01-02-23	[0 0 0 1 0 1]	2026-08-17_01-02-23	[4]	2026-08-17_01-02-23	[1 0 0 1 0 0 0 0 0 0 0 0 0 0 0 1 0 0 0 0 0 0 0 0 0 0 0 0 0 1]	2026-08-17_01-02-23	[0 0 0 0 0 0 0 0 0 0 0 0 0 0 1 0 0 0 1 0 0 0 1 1 0 1 0 0 0 0]	2026-08-17_01-02-23	[0 0 0 1 0 1]	2026-08-17_01-02-23	[0 0 0 0 0 1]	2026-08-17_01-02-23	[2]	2026-08-17_01-02-23
1	2026-08-17_01-02-23	-0.6666666865348816	2026-08-17_01-02-23	10.506900787353516	2026-08-17_01-02-23	3.3272900581359863	2026-08-17_01-02-23	3.352231979370117	2026-08-17_01-02-23	1.9126392602920532	2026-08-17_01-02-23	1.9147391319274902	2026-08-17_01-02-23	False	2026-08-17_01-02-23	[1 0 0 1 0 0 0 0 0 0 0 0 0 0 0 1 0 0 0 0 0 0 0 0 0 0 0 0 0 1]	2026-08-17_01-02-23	[0 0 0 0 0 0 0 0 0 0 0 0 0 0 1 0 0 0 1 0 0 0 1 1 0 1 0 0 0 0]	2026-08-17_01-02-23	[0 0 0 1 0 1]	2026-08-17_01-02-23	[0 0 0 0 0 1]	2026-08-17_01-02-23	[2]	2026-08-17_01-02-23	[1 0 0 0 0 0 0 0 0 0 0 0 0 0 0 1 0 0 0 0 0 0 0 0 0 0 0 0 0 1]	2026-08-17_01-02-23	[0 0 0 1 0 0 0 0 0 0 0 0 0 0 1 0 0 0 1 0 0 0 1 1 0 1 0 0 0 0]	2026-08-17_01-02-23	[1 0 0 1 0 1]	2026-08-17_01-02-23	[0 0 0 1 0 1]	2026-08-17_01-02-23	[4]	2026-08-17_01-02-23
1	2026-08-17_01-02-23	-0.8333333134651184	2026-08-17_01-02-23	10.435707092285156	2026-08-17_01-02-23	3.307546377182007	2026-08-17_01-02-23	3.3457112312316895	2026-08-17_01-02-23	1.8878240585327148	2026-08-17_01-02-23	1.8946254253387451	2026-08-17_01-02-23	False	2026-08-17_01-02-23	[1 0 0 0 0 0 0 0 0 0 0 0 0 0 0 1 0 0 0 0 0 0 0 0 0 0 0 0 0 1]	2026-08-17_01-02-23	[0 0 0 1 0 0 0 0 0 0 0 0 0 0 1 0 0 0 1 0 0 0 1 1 0 1 0 0 0 0]	2026-08-17_01-02-23	[1 0 0 1 0 1]	2026-08-17_01-02-23	[0 0 0 1 0 1]	2026-08-17_01-02-23	[4]	2026-08-17_01-02-23	[1 0 0 1 0 0 0 0 0 0 0 0 0 0 0 1 0 0 0 0 0 0 0 0 0 0 0 0 0 1]	2026-08-17_01-02-23	[0 0 0 0 0 0 0 0 0 0 0 0 0 0 1 0 0 0 1 0 0 0 1 1 0 1 0 0 0 0]	2026-08-17_01-02-23	[0 0 0 1 0 1]	2026-08-17_01-02-23	[0 0 0 0 0 1]	2026-08-17_01-02-23	[2]	2026-08-17_01-02-23
1	2026-08-17_01-02-23	-0.6666666865348816	2026-08-17_01-02-23	10.507637977600098	2026-08-17_01-02-23	3.327993631362915	2026-08-17_01-02-23	3.352238416671753	2026-08-17_01-02-23	1.913156509399414	2026-08-17_01-02-23	1.9142497777938843	2026-08-17_01-02-23	False	2026-08-17_01-02-23	[1 0 0 1 0 0 0 0 0 0 0 0 0 0 0 1 0 0 0 0 0 0 0 0 0 0 0 0 0 1]	2026-08-17_01-02-23	[0 0 0 0 0 0 0 0 0 0 0 0 0 0 1 0 0 0 1 0 0 0 1 1 0 1 0 0 0 0]	2026-08-17_01-02-23	[0 0 0 1 0 1]	2026-08-17_01-02-23	[0 0 0 0 0 1]	2026-08-17_01-02-23	[2]	2026-08-17_01-02-23	[1 0 0 0 0 0 0 0 0 0 0 0 0 0 0 1 0 0 0 0 0 0 0 0 0 0 0 0 0 1]	2026-08-17_01-02-23	[0 0 0 1 0 0 0 0 0 0 0 0 0 0 1 0 0 0 1 0 0 0 1 1 0 1 0 0 0 0]	2026-08-17_01-02-23	[1 0 0 1 0 1]	2026-08-17_01-02-23	[0 0 0 1 0 1]	2026-08-17_01-02-23	[4]	2026-08-17_01-02-23
1	2026-08-17_01-02-23	-0.8333333134651184	2026-08-17_01-02-23	10.433292388916016	2026-08-17_01-02-23	3.306612253189087	2026-08-17_01-02-23	3.345024347305298	2026-08-17_01-02-23	1.887721061706543	2026-08-17_01-02-23	1.893934726715088	2026-08-17_01-02-23	False	2026-08-17_01-02-23	[1 0 0 0 0 0 0 0 0 0 0 0 0 0 0 1 0 0 0 0 0 0 0 0 0 0 0 0 0 1]	2026-08-17_01-02-23	[0 0 0 1 0 0 0 0 0 0 0 0 0 0 1 0 0 0 1 0 0 0 1 1 0 1 0 0 0 0]	2026-08-17_01-02-23	[1 0 0 1 0 1]	2026-08-17_01-02-23	[0 0 0 1 0 1]	2026-08-17_01-02-23	[4]	2026-08-17_01-02-23	[1 0 0 1 0 0 0 0 0 0 0 0 0 0 0 1 0 0 0 0 0 0 0 0 0 0 0 0 0 1]	2026-08-17_01-02-23	[0 0 0 0 0 0 0 0 0 0 0 0 0 0 1 0 0 0 1 0 0 0 1 1 0 1 0 0 0 0]	2026-08-17_01-02-23	[0 0 0 1 0 1]	2026-08-17_01-02-23	[0 0 0 0 0 1]	2026-08-17_01-02-23	[2]	2026-08-17_01-02-23
1	2026-08-17_01-02-23	-0.6666666865348816	2026-08-17_01-02-23	10.508744239807129	2026-08-17_01-02-23	3.3283112049102783	2026-08-17_01-02-23	3.352932929992676	2026-08-17_01-02-23	1.912862777709961	2026-08-17_01-02-23	1.9146373271942139	2026-08-17_01-02-23	False	2026-08-17_01-02-23	[1 0 0 1 0 0 0 0 0 0 0 0 0 0 0 1 0 0 0 0 0 0 0 0 0 0 0 0 0 1]	2026-08-17_01-02-23	[0 0 0 0 0 0 0 0 0 0 0 0 0 0 1 0 0 0 1 0 0 0 1 1 0 1 0 0 0 0]	2026-08-17_01-02-23	[0 0 0 1 0 1]	2026-08-17_01-02-23	[0 0 0 0 0 1]	2026-08-17_01-02-23	[2]	2026-08-17_01-02-23	[1 0 0 0 0 0 0 0 0 0 0 0 0 0 0 1 0 0 0 0 0 0 0 0 0 0 0 0 0 1]	2026-08-17_01-02-23	[0 0 0 1 0 0 0 0 0 0 0 0 0 0 1 0 0 0 1 0 0 0 1 1 0 1 0 0 0 0]	2026-08-17_01-02-23	[1 0 0 1 0 1]	2026-08-17_01-02-23	[0 0 0 1 0 1]	2026-08-17_01-02-23	[4]	2026-08-17_01-02-23
1	2026-08-17_01-02-23	-0.8333333134651184	2026-08-17_01-02-23	10.431941986083984	2026-08-17_01-02-23	3.3058273792266846	2026-08-17_01-02-23	3.34486985206604	2026-08-17_01-02-23	1.8873769044876099	2026-08-17_01-02-23	1.8938677310943604	2026-08-17_01-02-23	False	2026-08-17_01-02-23	[1 0 0 0 0 0 0 0 0 0 0 0 0 0 0 1 0 0 0 0 0 0 0 0 0 0 0 0 0 1]	2026-08-17_01-02-23	[0 0 0 1 0 0 0 0 0 0 0 0 0 0 1 0 0 0 1 0 0 0 1 1 0 1 0 0 0 0]	2026-08-17_01-02-23	[1 0 0 1 0 1]	2026-08-17_01-02-23	[0 0 0 1 0 1]	2026-08-17_01-02-23	[4]	2026-08-17_01-02-23	[1 0 0 1 0 0 0 0 0 0 0 0 0 0 0 1 0 0 0 0 0 0 0 0 0 0 0 0 0 1]	2026-08-17_01-02-23	[0 0 0 0 0 0 0 0 0 0 0 0 0 0 1 0 0 0 1 0 0 0 1 1 0 1 0 0 0 0]	2026-08-17_01-02-23	[0 0 0 1 0 1]	2026-08-17_01-02-23	[0 0 0 0 0 1]	2026-08-17_01-02-23	[2]	2026-08-17_01-02-23
1	2026-08-17_01-02-23	-0.6666666865348816	2026-08-17_01-02-23	10.508546829223633	2026-08-17_01-02-23	3.327698230743408	2026-08-17_01-02-23	3.352451801300049	2026-08-17_01-02-23	1.9129165410995483	2026-08-17_01-02-23	1.915480375289917	2026-08-17_01-02-23	False	2026-08-17_01-02-23	[1 0 0 1 0 0 0 0 0 0 0 0 0 0 0 1 0 0 0 0 0 0 0 0 0 0 0 0 0 1]	2026-08-17_01-02-23	[0 0 0 0 0 0 0 0 0 0 0 0 0 0 1 0 0 0 1 0 0 0 1 1 0 1 0 0 0 0]	2026-08-17_01-02-23	[0 0 0 1 0 1]	2026-08-17_01-02-23	[0 0 0 0 0 1]	2026-08-17_01-02-23	[2]	2026-08-17_01-02-23	[1 0 0 0 0 0 0 0 0 0 0 0 0 0 0 1 0 0 0 0 0 0 0 0 0 0 0 0 0 1]	2026-08-17_01-02-23	[0 0 0 1 0 0 0 0 0 0 0 0 0 0 1 0 0 0 1 0 0 0 1 1 0 1 0 0 0 0]	2026-08-17_01-02-23	[1 0 0 1 0 1]	2026-08-17_01-02-23	[0 0 0 1 0 1]	2026-08-17_01-02-23	[4]	2026-08-17_01-02-23
1	2026-08-17_01-02-23	-0.8333333134651184	2026-08-17_01-02-23	10.435098648071289	2026-08-17_01-02-23	3.3076281547546387	2026-08-17_01-02-23	3.345771312713623	2026-08-17_01-02-23	1.8876086473464966	2026-08-17_01-02-23	1.8940907716751099	2026-08-17_01-02-23	False	2026-08-17_01-02-23	[1 0 0 0 0 0 0 0 0 0 0 0 0 0 0 1 0 0 0 0 0 0 0 0 0 0 0 0 0 1]	2026-08-17_01-02-23	[0 0 0 1 0 0 0 0 0 0 0 0 0 0 1 0 0 0 1 0 0 0 1 1 0 1 0 0 0 0]	2026-08-17_01-02-23	[1 0 0 1 0 1]	2026-08-17_01-02-23	[0 0 0 1 0 1]	2026-08-17_01-02-23	[4]	2026-08-17_01-02-23	[1 0 0 1 0 0 0 0 0 0 0 0 0 0 0 1 0 0 0 0 0 0 0 0 0 0 0 0 0 1]	2026-08-17_01-02-23	[0 0 0 0 0 0 0 0 0 0 0 0 0 0 1 0 0 0 1 0 0 0 1 1 0 1 0 0 0 0]	2026-08-17_01-02-23	[0 0 0 1 0 1]	2026-08-17_01-02-23	[0 0 0 0 0 1]	2026-08-17_01-02-23	[2]	2026-08-17_01-02-23
1	2026-08-17_01-02-23	-0.6666666865348816	2026-08-17_01-02-23	10.50959300994873	2026-08-17_01-02-23	3.3287715911865234	2026-08-17_01-02-23	3.3528974056243896	2026-08-17_01-02-23	1.9126098155975342	2026-08-17_01-02-23	1.9153138399124146	2026-08-17_01-02-23	False	2026-08-17_01-02-23	[1 0 0 1 0 0 0 0 0 0 0 0 0 0 0 1 0 0 0 0 0 0 0 0 0 0 0 0 0 1]	2026-08-17_01-02-23	[0 0 0 0 0 0 0 0 0 0 0 0 0 0 1 0 0 0 1 0 0 0 1 1 0 1 0 0 0 0]	2026-08-17_01-02-23	[0 0 0 1 0 1]	2026-08-17_01-02-23	[0 0 0 0 0 1]	2026-08-17_01-02-23	[2]	2026-08-17_01-02-23	[1 0 0 0 0 0 0 0 0 0 0 0 0 0 0 1 0 0 0 0 0 0 0 0 0 0 0 0 0 1]	2026-08-17_01-02-23	[0 0 0 1 0 0 0 0 0 0 0 0 0 0 1 0 0 0 1 0 0 0 1 1 0 1 0 0 0 0]	2026-08-17_01-02-23	[1 0 0 1 0 1]	2026-08-17_01-02-23	[0 0 0 1 0 1]	2026-08-17_01-02-23	[4]	2026-08-17_01-02-23
1	2026-08-17_01-02-23	-0.8333333134651184	2026-08-17_01-02-23	10.4335298538208	2026-08-17_01-02-23	3.306821346282959	2026-08-17_01-02-23	3.3453421592712402	2026-08-17_01-02-23	1.8874247074127197	2026-08-17_01-02-23	1.8939417600631714	2026-08-17_01-02-23	False	2026-08-17_01-02-23	[1 0 0 0 0 0 0 0 0 0 0 0 0 0 0 1 0 0 0 0 0 0 0 0 0 0 0 0 0 1]	2026-08-17_01-02-23	[0 0 0 1 0 0 0 0 0 0 0 0 0 0 1 0 0 0 1 0 0 0 1 1 0 1 0 0 0 0]	2026-08-17_01-02-23	[1 0 0 1 0 1]	2026-08-17_01-02-23	[0 0 0 1 0 1]	2026-08-17_01-02-23	[4]	2026-08-17_01-02-23	[1 0 0 1 0 0 0 0 0 0 0 0 0 0 0 1 0 0 0 0 0 0 0 0 0 0 0 0 0 1]	2026-08-17_01-02-23	[0 0 0 0 0 0 0 0 0 0 0 0 0 0 1 0 0 0 1 0 0 0 1 1 0 1 0 0 0 0]	2026-08-17_01-02-23	[0 0 0 1 0 1]	2026-08-17_01-02-23	[0 0 0 0 0 1]	2026-08-17_01-02-23	[2]	2026-08-17_01-02-23
1	2026-08-17_01-02-23	-0.6666666865348816	2026-08-17_01-02-23	10.50778579711914	2026-08-17_01-02-23	3.327594518661499	2026-08-17_01-02-23	3.3521206378936768	2026-08-17_01-02-23	1.9130148887634277	2026-08-17_01-02-23	1.9150559902191162	2026-08-17_01-02-23	False	2026-08-17_01-02-23	[1 0 0 1 0 0 0 0 0 0 0 0 0 0 0 1 0 0 0 0 0 0 0 0 0 0 0 0 0 1]	2026-08-17_01-02-23	[0 0 0 0 0 0 0 0 0 0 0 0 0 0 1 0 0 0 1 0 0 0 1 1 0 1 0 0 0 0]	2026-08-17_01-02-23	[0 0 0 1 0 1]	2026-08-17_01-02-23	[0 0 0 0 0 1]	2026-08-17_01-02-23	[2]	2026-08-17_01-02-23	[1 0 0 0 0 0 0 0 0 0 0 0 0 0 0 1 0 0 0 0 0 0 0 0 0 0 0 0 0 1]	2026-08-17_01-02-23	[0 0 0 1 0 0 0 0 0 0 0 0 0 0 1 0 0 0 1 0 0 0 1 1 0 1 0 0 0 0]	2026-08-17_01-02-23	[1 0 0 1 0 1]	2026-08-17_01-02-23	[0 0 0 1 0 1]	2026-08-17_01-02-23	[4]	2026-08-17_01-02-23
1	2026-08-17_01-02-23	-0.8333333134651184	2026-08-17_01-02-23	10.432701110839844	2026-08-17_01-02-23	3.306532382965088	2026-08-17_01-02-23	3.345548629760742	2026-08-17_01-02-23	1.8872199058532715	2026-08-17_01-02-23	1.8934004306793213	2026-08-17_01-02-23	False	2026-08-17_01-02-23	[1 0 0 0 0 0 0 0 0 0 0 0 0 0 0 1 0 0 0 0 0 0 0 0 0 0 0 0 0 1]	2026-08-17_01-02-23	[0 0 0 1 0 0 0 0 0 0 0 0 0 0 1 0 0 0 1 0 0 0 1 1 0 1 0 0 0 0]	2026-08-17_01-02-23	[1 0 0 1 0 1]	2026-08-17_01-02-23	[0 0 0 1 0 1]	2026-08-17_01-02-23	[4]	2026-08-17_01-02-23	[1 0 0 1 0 0 0 0 0 0 0 0 0 0 0 1 0 0 0 0 0 0 0 0 0 0 0 0 0 1]	2026-08-17_01-02-23	[0 0 0 0 0 0 0 0 0 0 0 0 0 0 1 0 0 0 1 0 0 0 1 1 0 1 0 0 0 0]	2026-08-17_01-02-23	[0 0 0 1 0 1]	2026-08-17_01-02-23	[0 0 0 0 0 1]	2026-08-17_01-02-23	[2]	2026-08-17_01-02-23
1	2026-08-17_01-02-23	-0.6666666865348816	2026-08-17_01-02-23	10.50768756866455	2026-08-17_01-02-23	3.327791690826416	2026-08-17_01-02-23	3.3522300720214844	2026-08-17_01-02-23	1.9129550457000732	2026-08-17_01-02-23	1.9147106409072876	2026-08-17_01-02-23	False	2026-08-17_01-02-23	[1 0 0 1 0 0 0 0 0 0 0 0 0 0 0 1 0 0 0 0 0 0 0 0 0 0 0 0 0 1]	2026-08-17_01-02-23	[0 0 0 0 0 0 0 0 0 0 0 0 0 0 1 0 0 0 1 0 0 0 1 1 0 1 0 0 0 0]	2026-08-17_01-02-23	[0 0 0 1 0 1]	2026-08-17_01-02-23	[0 0 0 0 0 1]	2026-08-17_01-02-23	[2]	2026-08-17_01-02-23	[1 0 0 0 0 0 0 0 0 0 0 0 0 0 0 1 0 0 0 0 0 0 0 0 0 0 0 0 0 1]	2026-08-17_01-02-23	[0 0 0 1 0 0 0 0 0 0 0 0 0 0 1 0 0 0 1 0 0 0 1 1 0 1 0 0 0 0]	2026-08-17_01-02-23	[1 0 0 1 0 1]	2026-08-17_01-02-23	[0 0 0 1 0 1]	2026-08-17_01-02-23	[4]	2026-08-17_01-02-23
1	2026-08-17_01-02-23	-0.8333333134651184	2026-08-17_01-02-23	10.433609008789062	2026-08-17_01-02-23	3.3065459728240967	2026-08-17_01-02-23	3.345391273498535	2026-08-17_01-02-23	1.8876395225524902	2026-08-17_01-02-23	1.8940317630767822	2026-08-17_01-02-23	False	2026-08-17_01-02-23	[1 0 0 0 0 0 0 0 0 0 0 0 0 0 0 1 0 0 0 0 0 0 0 0 0 0 0 0 0 1]	2026-08-17_01-02-23	[0 0 0 1 0 0 0 0 0 0 0 0 0 0 1 0 0 0 1 0 0 0 1 1 0 1 0 0 0 0]	2026-08-17_01-02-23	[1 0 0 1 0 1]	2026-08-17_01-02-23	[0 0 0 1 0 1]	2026-08-17_01-02-23	[4]	2026-08-17_01-02-23	[1 0 0 1 0 0 0 0 0 0 0 0 0 0 0 1 0 0 0 0 0 0 0 0 0 0 0 0 0 1]	2026-08-17_01-02-23	[0 0 0 0 0 0 0 0 0 0 0 0 0 0 1 0 0 0 1 0 0 0 1 1 0 1 0 0 0 0]	2026-08-17_01-02-23	[0 0 0 1 0 1]	2026-08-17_01-02-23	[0 0 0 0 0 1]	2026-08-17_01-02-23	[2]	2026-08-17_01-02-23
1	2026-08-17_01-02-23	-0.6666666865348816	2026-08-17_01-02-23	10.507790565490723	2026-08-17_01-02-23	3.3281126022338867	2026-08-17_01-02-23	3.352388620376587	2026-08-17_01-02-23	1.9126819372177124	2026-08-17_01-02-23	1.9146080017089844	2026-08-17_01-02-23	False	2026-08-17_01-02-23	[1 0 0 1 0 0 0 0 0 0 0 0 0 0 0 1 0 0 0 0 0 0 0 0 0 0 0 0 0 1]	2026-08-17_01-02-23	[0 0 0 0 0 0 0 0 0 0 0 0 0 0 1 0 0 0 1 0 0 0 1 1 0 1 0 0 0 0]	2026-08-17_01-02-23	[0 0 0 1 0 1]	2026-08-17_01-02-23	[0 0 0 0 0 1]	2026-08-17_01-02-23	[2]	2026-08-17_01-02-23	[1 0 0 0 0 0 0 0 0 0 0 0 0 0 0 1 0 0 0 0 0 0 0 0 0 0 0 0 0 1]	2026-08-17_01-02-23	[0 0 0 1 0 0 0 0 0 0 0 0 0 0 1 0 0 0 1 0 0 0 1 1 0 1 0 0 0 0]	2026-08-17_01-02-23	[1 0 0 1 0 1]	2026-08-17_01-02-23	[0 0 0 1 0 1]	2026-08-17_01-02-23	[4]	2026-08-17_01-02-23
1	2026-08-17_01-02-23	-0.8333333134651184	2026-08-17_01-02-23	10.433096885681152	2026-08-17_01-02-23	3.3063368797302246	2026-08-17_01-02-23	3.345290422439575	2026-08-17_01-02-23	1.8874924182891846	2026-08-17_01-02-23	1.8939768075942993	2026-08-17_01-02-23	False	2026-08-17_01-02-23	[1 0 0 0 0 0 0 0 0 0 0 0 0 0 0 1 0 0 0 0 0 0 0 0 0 0 0 0 0 1]	2026-08-17_01-02-23	[0 0 0 1 0 0 0 0 0 0 0 0 0 0 1 0 0 0 1 0 0 0 1 1 0 1 0 0 0 0]	2026-08-17_01-02-23	[1 0 0 1 0 1]	2026-08-17_01-02-23	[0 0 0 1 0 1]	2026-08-17_01-02-23	[4]	2026-08-17_01-02-23	[1 0 0 1 0 0 0 0 0 0 0 0 0 0 0 1 0 0 0 0 0 0 0 0 0 0 0 0 0 1]	2026-08-17_01-02-23	[0 0 0 0 0 0 0 0 0 0 0 0 0 0 1 0 0 0 1 0 0 0 1 1 0 1 0 0 0 0]	2026-08-17_01-02-23	[0 0 0 1 0 1]	2026-08-17_01-02-23	[0 0 0 0 0 1]	2026-08-17_01-02-23	[2]	2026-08-17_01-02-23
1	2026-08-17_01-02-23	-0.6666666865348816	2026-08-17_01-02-23	10.509026527404785	2026-08-17_01-02-23	3.3281826972961426	2026-08-17_01-02-23	3.3523685932159424	2026-08-17_01-02-23	1.912834644317627	2026-08-17_01-02-23	1.9156410694122314	2026-08-17_01-02-23	False	2026-08-17_01-02-23	[1 0 0 1 0 0 0 0 0 0 0 0 0 0 0 1 0 0 0 0 0 0 0 0 0 0 0 0 0 1]	2026-08-17_01-02-23	[0 0 0 0 0 0 0 0 0 0 0 0 0 0 1 0 0 0 1 0 0 0 1 1 0 1 0 0 0 0]	2026-08-17_01-02-23	[0 0 0 1 0 1]	2026-08-17_01-02-23	[0 0 0 0 0 1]	2026-08-17_01-02-23	[2]	2026-08-17_01-02-23	[1 0 0 0 0 0 0 0 0 0 0 0 0 0 0 1 0 0 0 0 0 0 0 0 0 0 0 0 0 1]	2026-08-17_01-02-23	[0 0 0 1 0 0 0 0 0 0 0 0 0 0 1 0 0 0 1 0 0 0 1 1 0 1 0 0 0 0]	2026-08-17_01-02-23	[1 0 0 1 0 1]	2026-08-17_01-02-23	[0 0 0 1 0 1]	2026-08-17_01-02-23	[4]	2026-08-17_01-02-23
1	2026-08-17_01-02-23	-0.8333333134651184	2026-08-17_01-02-23	10.434600830078125	2026-08-17_01-02-23	3.3071510791778564	2026-08-17_01-02-23	3.3454325199127197	2026-08-17_01-02-23	1.8881115913391113	2026-08-17_01-02-23	1.8939061164855957	2026-08-17_01-02-23	False	2026-08-17_01-02-23	[1 0 0 0 0 0 0 0 0 0 0 0 0 0 0 1 0 0 0 0 0 0 0 0 0 0 0 0 0 1]	2026-08-17_01-02-23	[0 0 0 1 0 0 0 0 0 0 0 0 0 0 1 0 0 0 1 0 0 0 1 1 0 1 0 0 0 0]	2026-08-17_01-02-23	[1 0 0 1 0 1]	2026-08-17_01-02-23	[0 0 0 1 0 1]	2026-08-17_01-02-23	[4]	2026-08-17_01-02-23	[1 0 0 1 0 0 0 0 0 0 0 0 0 0 0 1 0 0 0 0 0 0 0 0 0 0 0 0 0 1]	2026-08-17_01-02-23	[0 0 0 0 0 0 0 0 0 0 0 0 0 0 1 0 0 0 1 0 0 0 1 1 0 1 0 0 0 0]	2026-08-17_01-02-23	[0 0 0 1 0 1]	2026-08-17_01-02-23	[0 0 0 0 0 1]	2026-08-17_01-02-23	[2]	2026-08-17_01-02-23
1	2026-08-17_01-02-23	-0.6666666865348816	2026-08-17_01-02-23	10.509072303771973	2026-08-17_01-02-23	3.3278419971466064	2026-08-17_01-02-23	3.353158950805664	2026-08-17_01-02-23	1.9127763509750366	2026-08-17_01-02-23	1.9152953624725342	2026-08-17_01-02-23	False	2026-08-17_01-02-23	[1 0 0 1 0 0 0 0 0 0 0 0 0 0 0 1 0 0 0 0 0 0 0 0 0 0 0 0 0 1]	2026-08-17_01-02-23	[0 0 0 0 0 0 0 0 0 0 0 0 0 0 1 0 0 0 1 0 0 0 1 1 0 1 0 0 0 0]	2026-08-17_01-02-23	[0 0 0 1 0 1]	2026-08-17_01-02-23	[0 0 0 0 0 1]	2026-08-17_01-02-23	[2]	2026-08-17_01-02-23	[1 0 0 0 0 0 0 0 0 0 0 0 0 0 0 1 0 0 0 0 0 0 0 0 0 0 0 0 0 1]	2026-08-17_01-02-23	[0 0 0 1 0 0 0 0 0 0 0 0 0 0 1 0 0 0 1 0 0 0 1 1 0 1 0 0 0 0]	2026-08-17_01-02-23	[1 0 0 1 0 1]	2026-08-17_01-02-23	[0 0 0 1 0 1]	2026-08-17_01-02-23	[4]	2026-08-17_01-02-23
1	2026-08-17_01-02-23	-0.8333333134651184	2026-08-17_01-02-23	10.43423843383789	2026-08-17_01-02-23	3.3069896697998047	2026-08-17_01-02-23	3.3457517623901367	2026-08-17_01-02-23	1.8875792026519775	2026-08-17_01-02-23	1.8939181566238403	2026-08-17_01-02-23	False	2026-08-17_01-02-23	[1 0 0 0 0 0 0 0 0 0 0 0 0 0 0 1 0 0 0 0 0 0 0 0 0 0 0 0 0 1]	2026-08-17_01-02-23	[0 0 0 1 0 0 0 0 0 0 0 0 0 0 1 0 0 0 1 0 0 0 1 1 0 1 0 0 0 0]	2026-08-17_01-02-23	[1 0 0 1 0 1]	2026-08-17_01-02-23	[0 0 0 1 0 1]	2026-08-17_01-02-23	[4]	2026-08-17_01-02-23	[1 0 0 1 0 0 0 0 0 0 0 0 0 0 0 1 0 0 0 0 0 0 0 0 0 0 0 0 0 1]	2026-08-17_01-02-23	[0 0 0 0 0 0 0 0 0 0 0 0 0 0 1 0 0 0 1 0 0 0 1 1 0 1 0 0 0 0]	2026-08-17_01-02-23	[0 0 0 1 0 1]	2026-08-17_01-02-23	[0 0 0 0 0 1]	2026-08-17_01-02-23	[2]	2026-08-17_01-02-23
1	2026-08-17_01-02-23	-0.6666666865348816	2026-08-17_01-02-23	10.507978439331055	2026-08-17_01-02-23	3.327751636505127	2026-08-17_01-02-23	3.3523638248443604	2026-08-17_01-02-23	1.9131147861480713	2026-08-17_01-02-23	1.9147483110427856	2026-08-17_01-02-23	False	2026-08-17_01-02-23	[1 0 0 1 0 0 0 0 0 0 0 0 0 0 0 1 0 0 0 0 0 0 0 0 0 0 0 0 0 1]	2026-08-17_01-02-23	[0 0 0 0 0 0 0 0 0 0 0 0 0 0 1 0 0 0 1 0 0 0 1 1 0 1 0 0 0 0]	2026-08-17_01-02-23	[0 0 0 1 0 1]	2026-08-17_01-02-23	[0 0 0 0 0 1]	2026-08-17_01-02-23	[2]	2026-08-17_01-02-23	[1 0 0 0 0 0 0 0 0 0 0 0 0 0 0 1 0 0 0 0 0 0 0 0 0 0 0 0 0 1]	2026-08-17_01-02-23	[0 0 0 1 0 0 0 0 0 0 0 0 0 0 1 0 0 0 1 0 0 0 1 1 0 1 0 0 0 0]	2026-08-17_01-02-23	[1 0 0 1 0 1]	2026-08-17_01-02-23	[0 0 0 1 0 1]	2026-08-17_01-02-23	[4]	2026-08-17_01-02-23
1	2026-08-17_01-02-23	-0.8333333134651184	2026-08-17_01-02-23	10.436942100524902	2026-08-17_01-02-23	3.308225393295288	2026-08-17_01-02-23	3.346010446548462	2026-08-17_01-02-23	1.8880620002746582	2026-08-17_01-02-23	1.8946443796157837	2026-08-17_01-02-23	False	2026-08-17_01-02-23	[1 0 0 0 0 0 0 0 0 0 0 0 0 0 0 1 0 0 0 0 0 0 0 0 0 0 0 0 0 1]	2026-08-17_01-02-23	[0 0 0 1 0 0 0 0 0 0 0 0 0 0 1 0 0 0 1 0 0 0 1 1 0 1 0 0 0 0]	2026-08-17_01-02-23	[1 0 0 1 0 1]	2026-08-17_01-02-23	[0 0 0 1 0 1]	2026-08-17_01-02-23	[4]	2026-08-17_01-02-23	[1 0 0 1 0 0 0 0 0 0 0 0 0 0 0 1 0 0 0 0 0 0 0 0 0 0 0 0 0 1]	2026-08-17_01-02-23	[0 0 0 0 0 0 0 0 0 0 0 0 0 0 1 0 0 0 1 0 0 0 1 1 0 1 0 0 0 0]	2026-08-17_01-02-23	[0 0 0 1 0 1]	2026-08-17_01-02-23	[0 0 0 0 0 1]	2026-08-17_01-02-23	[2]	2026-08-17_01-02-23
1	2026-08-17_01-02-23	-0.6666666865348816	2026-08-17_01-02-23	10.508251190185547	2026-08-17_01-02-23	3.3278796672821045	2026-08-17_01-02-23	3.3523921966552734	2026-08-17_01-02-23	1.912813425064087	2026-08-17_01-02-23	1.915165662765503	2026-08-17_01-02-23	False	2026-08-17_01-02-23	[1 0 0 1 0 0 0 0 0 0 0 0 0 0 0 1 0 0 0 0 0 0 0 0 0 0 0 0 0 1]	2026-08-17_01-02-23	[0 0 0 0 0 0 0 0 0 0 0 0 0 0 1 0 0 0 1 0 0 0 1 1 0 1 0 0 0 0]	2026-08-17_01-02-23	[0 0 0 1 0 1]	2026-08-17_01-02-23	[0 0 0 0 0 1]	2026-08-17_01-02-23	[2]	2026-08-17_01-02-23	[1 0 0 0 0 0 0 0 0 0 0 0 0 0 0 1 0 0 0 0 0 0 0 0 0 0 0 0 0 1]	2026-08-17_01-02-23	[0 0 0 1 0 0 0 0 0 0 0 0 0 0 1 0 0 0 1 0 0 0 1 1 0 1 0 0 0 0]	2026-08-17_01-02-23	[1 0 0 1 0 1]	2026-08-17_01-02-23	[0 0 0 1 0 1]	2026-08-17_01-02-23	[4]	2026-08-17_01-02-23
1	2026-08-17_01-02-23	-0.8333333134651184	2026-08-17_01-02-23	10.433289527893066	2026-08-17_01-02-23	3.306432008743286	2026-08-17_01-02-23	3.345484972000122	2026-08-17_01-02-23	1.8874008655548096	2026-08-17_01-02-23	1.8939712047576904	2026-08-17_01-02-23	False	2026-08-17_01-02-23	[1 0 0 0 0 0 0 0 0 0 0 0 0 0 0 1 0 0 0 0 0 0 0 0 0 0 0 0 0 1]	2026-08-17_01-02-23	[0 0 0 1 0 0 0 0 0 0 0 0 0 0 1 0 0 0 1 0 0 0 1 1 0 1 0 0 0 0]	2026-08-17_01-02-23	[1 0 0 1 0 1]	2026-08-17_01-02-23	[0 0 0 1 0 1]	2026-08-17_01-02-23	[4]	2026-08-17_01-02-23	[1 0 0 1 0 0 0 0 0 0 0 0 0 0 0 1 0 0 0 0 0 0 0 0 0 0 0 0 0 1]	2026-08-17_01-02-23	[0 0 0 0 0 0 0 0 0 0 0 0 0 0 1 0 0 0 1 0 0 0 1 1 0 1 0 0 0 0]	2026-08-17_01-02-23	[0 0 0 1 0 1]	2026-08-17_01-02-23	[0 0 0 0 0 1]	2026-08-17_01-02-23	[2]	2026-08-17_01-02-23
1	2026-08-17_01-02-23	-0.6666666865348816	2026-08-17_01-02-23	10.508750915527344	2026-08-17_01-02-23	3.327732801437378	2026-08-17_01-02-23	3.352553129196167	2026-08-17_01-02-23	1.9128788709640503	2026-08-17_01-02-23	1.9155864715576172	2026-08-17_01-02-23	False	2026-08-17_01-02-23	[1 0 0 1 0 0 0 0 0 0 0 0 0 0 0 1 0 0 0 0 0 0 0 0 0 0 0 0 0 1]	2026-08-17_01-02-23	[0 0 0 0 0 0 0 0 0 0 0 0 0 0 1 0 0 0 1 0 0 0 1 1 0 1 0 0 0 0]	2026-08-17_01-02-23	[0 0 0 1 0 1]	2026-08-17_01-02-23	[0 0 0 0 0 1]	2026-08-17_01-02-23	[2]	2026-08-17_01-02-23	[1 0 0 0 0 0 0 0 0 0 0 0 0 0 0 1 0 0 0 0 0 0 0 0 0 0 0 0 0 1]	2026-08-17_01-02-23	[0 0 0 1 0 0 0 0 0 0 0 0 0 0 1 0 0 0 1 0 0 0 1 1 0 1 0 0 0 0]	2026-08-17_01-02-23	[1 0 0 1 0 1]	2026-08-17_01-02-23	[0 0 0 1 0 1]	2026-08-17_01-02-23	[4]	2026-08-17_01-02-23
1	2026-08-17_01-02-23	-0.8333333134651184	2026-08-17_01-02-23	10.434348106384277	2026-08-17_01-02-23	3.307189464569092	2026-08-17_01-02-23	3.3456826210021973	2026-08-17_01-02-23	1.887980341911316	2026-08-17_01-02-23	1.8934953212738037	2026-08-17_01-02-23	False	2026-08-17_01-02-23	[1 0 0 0 0 0 0 0 0 0 0 0 0 0 0 1 0 0 0 0 0 0 0 0 0 0 0 0 0 1]	2026-08-17_01-02-23	[0 0 0 1 0 0 0 0 0 0 0 0 0 0 1 0 0 0 1 0 0 0 1 1 0 1 0 0 0 0]	2026-08-17_01-02-23	[1 0 0 1 0 1]	2026-08-17_01-02-23	[0 0 0 1 0 1]	2026-08-17_01-02-23	[4]	2026-08-17_01-02-23	[1 0 0 1 0 0 0 0 0 0 0 0 0 0 0 1 0 0 0 0 0 0 0 0 0 0 0 0 0 1]	2026-08-17_01-02-23	[0 0 0 0 0 0 0 0 0 0 0 0 0 0 1 0 0 0 1 0 0 0 1 1 0 1 0 0 0 0]	2026-08-17_01-02-23	[0 0 0 1 0 1]	2026-08-17_01-02-23	[0 0 0 0 0 1]	2026-08-17_01-02-23	[2]	2026-08-17_01-02-23
1	2026-08-17_01-02-23	-0.6666666865348816	2026-08-17_01-02-23	10.50811767578125	2026-08-17_01-02-23	3.327695369720459	2026-08-17_01-02-23	3.352543830871582	2026-08-17_01-02-23	1.912782907485962	2026-08-17_01-02-23	1.9150958061218262	2026-08-17_01-02-23	False	2026-08-17_01-02-23	[1 0 0 1 0 0 0 0 0 0 0 0 0 0 0 1 0 0 0 0 0 0 0 0 0 0 0 0 0 1]	2026-08-17_01-02-23	[0 0 0 0 0 0 0 0 0 0 0 0 0 0 1 0 0 0 1 0 0 0 1 1 0 1 0 0 0 0]	2026-08-17_01-02-23	[0 0 0 1 0 1]	2026-08-17_01-02-23	[0 0 0 0 0 1]	2026-08-17_01-02-23	[2]	2026-08-17_01-02-23	[1 0 0 0 0 0 0 0 0 0 0 0 0 0 0 1 0 0 0 0 0 0 0 0 0 0 0 0 0 1]	2026-08-17_01-02-23	[0 0 0 1 0 0 0 0 0 0 0 0 0 0 1 0 0 0 1 0 0 0 1 1 0 1 0 0 0 0]	2026-08-17_01-02-23	[1 0 0 1 0 1]	2026-08-17_01-02-23	[0 0 0 1 0 1]	2026-08-17_01-02-23	[4]	2026-08-17_01-02-23
1	2026-08-17_01-02-23	-0.8333333134651184	2026-08-17_01-02-23	10.433404922485352	2026-08-17_01-02-23	3.306945323944092	2026-08-17_01-02-23	3.3454291820526123	2026-08-17_01-02-23	1.8875713348388672	2026-08-17_01-02-23	1.8934595584869385	2026-08-17_01-02-23	False	2026-08-17_01-02-23	[1 0 0 0 0 0 0 0 0 0 0 0 0 0 0 1 0 0 0 0 0 0 0 0 0 0 0 0 0 1]	2026-08-17_01-02-23	[0 0 0 1 0 0 0 0 0 0 0 0 0 0 1 0 0 0 1 0 0 0 1 1 0 1 0 0 0 0]	2026-08-17_01-02-23	[1 0 0 1 0 1]	2026-08-17_01-02-23	[0 0 0 1 0 1]	2026-08-17_01-02-23	[4]	2026-08-17_01-02-23	[1 0 0 1 0 0 0 0 0 0 0 0 0 0 0 1 0 0 0 0 0 0 0 0 0 0 0 0 0 1]	2026-08-17_01-02-23	[0 0 0 0 0 0 0 0 0 0 0 0 0 0 1 0 0 0 1 0 0 0 1 1 0 1 0 0 0 0]	2026-08-17_01-02-23	[0 0 0 1 0 1]	2026-08-17_01-02-23	[0 0 0 0 0 1]	2026-08-17_01-02-23	[2]	2026-08-17_01-02-23
1	2026-08-17_01-02-23	-0.6666666865348816	2026-08-17_01-02-23	10.506505012512207	2026-08-17_01-02-23	3.3271098136901855	2026-08-17_01-02-23	3.351935386657715	2026-08-17_01-02-23	1.9128879308700562	2026-08-17_01-02-23	1.9145716428756714	2026-08-17_01-02-23	False	2026-08-17_01-02-23	[1 0 0 1 0 0 0 0 0 0 0 0 0 0 0 1 0 0 0 0 0 0 0 0 0 0 0 0 0 1]	2026-08-17_01-02-23	[0 0 0 0 0 0 0 0 0 0 0 0 0 0 1 0 0 0 1 0 0 0 1 1 0 1 0 0 0 0]	2026-08-17_01-02-23	[0 0 0 1 0 1]	2026-08-17_01-02-23	[0 0 0 0 0 1]	2026-08-17_01-02-23	[2]	2026-08-17_01-02-23	[1 0 0 0 0 0 0 0 0 0 0 0 0 0 0 1 0 0 0 0 0 0 0 0 0 0 0 0 0 1]	2026-08-17_01-02-23	[0 0 0 1 0 0 0 0 0 0 0 0 0 0 1 0 0 0 1 0 0 0 1 1 0 1 0 0 0 0]	2026-08-17_01-02-23	[1 0 0 1 0 1]	2026-08-17_01-02-23	[0 0 0 1 0 1]	2026-08-17_01-02-23	[4]	2026-08-17_01-02-23
1	2026-08-17_01-02-23	-0.8333333134651184	2026-08-17_01-02-23	10.435342788696289	2026-08-17_01-02-23	3.307983636856079	2026-08-17_01-02-23	3.3462045192718506	2026-08-17_01-02-23	1.8874921798706055	2026-08-17_01-02-23	1.8936622142791748	2026-08-17_01-02-23	False	2026-08-17_01-02-23	[1 0 0 0 0 0 0 0 0 0 0 0 0 0 0 1 0 0 0 0 0 0 0 0 0 0 0 0 0 1]	2026-08-17_01-02-23	[0 0 0 1 0 0 0 0 0 0 0 0 0 0 1 0 0 0 1 0 0 0 1 1 0 1 0 0 0 0]	2026-08-17_01-02-23	[1 0 0 1 0 1]	2026-08-17_01-02-23	[0 0 0 1 0 1]	2026-08-17_01-02-23	[4]	2026-08-17_01-02-23	[1 0 0 1 0 0 0 0 0 0 0 0 0 0 0 1 0 0 0 0 0 0 0 0 0 0 0 0 0 1]	2026-08-17_01-02-23	[0 0 0 0 0 0 0 0 0 0 0 0 0 0 1 0 0 0 1 0 0 0 1 1 0 1 0 0 0 0]	2026-08-17_01-02-23	[0 0 0 1 0 1]	2026-08-17_01-02-23	[0 0 0 0 0 1]	2026-08-17_01-02-23	[2]	2026-08-17_01-02-23
1	2026-08-17_01-02-23	-0.6666666865348816	2026-08-17_01-02-23	10.507442474365234	2026-08-17_01-02-23	3.3274922370910645	2026-08-17_01-02-23	3.352290153503418	2026-08-17_01-02-23	1.912865161895752	2026-08-17_01-02-23	1.9147950410842896	2026-08-17_01-02-23	False	2026-08-17_01-02-23	[1 0 0 1 0 0 0 0 0 0 0 0 0 0 0 1 0 0 0 0 0 0 0 0 0 0 0 0 0 1]	2026-08-17_01-02-23	[0 0 0 0 0 0 0 0 0 0 0 0 0 0 1 0 0 0 1 0 0 0 1 1 0 1 0 0 0 0]	2026-08-17_01-02-23	[0 0 0 1 0 1]	2026-08-17_01-02-23	[0 0 0 0 0 1]	2026-08-17_01-02-23	[2]	2026-08-17_01-02-23	[1 0 0 0 0 0 0 0 0 0 0 0 0 0 0 1 0 0 0 0 0 0 0 0 0 0 0 0 0 1]	2026-08-17_01-02-23	[0 0 0 1 0 0 0 0 0 0 0 0 0 0 1 0 0 0 1 0 0 0 1 1 0 1 0 0 0 0]	2026-08-17_01-02-23	[1 0 0 1 0 1]	2026-08-17_01-02-23	[0 0 0 1 0 1]	2026-08-17_01-02-23	[4]	2026-08-17_01-02-23
1	2026-08-17_01-02-23	-0.8333333134651184	2026-08-17_01-02-23	10.435193061828613	2026-08-17_01-02-23	3.3075289726257324	2026-08-17_01-02-23	3.3455965518951416	2026-08-17_01-02-23	1.8881983757019043	2026-08-17_01-02-23	1.8938686847686768	2026-08-17_01-02-23	False	2026-08-17_01-02-23	[1 0 0 0 0 0 0 0 0 0 0 0 0 0 0 1 0 0 0 0 0 0 0 0 0 0 0 0 0 1]	2026-08-17_01-02-23	[0 0 0 1 0 0 0 0 0 0 0 0 0 0 1 0 0 0 1 0 0 0 1 1 0 1 0 0 0 0]	2026-08-17_01-02-23	[1 0 0 1 0 1]	2026-08-17_01-02-23	[0 0 0 1 0 1]	2026-08-17_01-02-23	[4]	2026-08-17_01-02-23	[1 0 0 1 0 0 0 0 0 0 0 0 0 0 0 1 0 0 0 0 0 0 0 0 0 0 0 0 0 1]	2026-08-17_01-02-23	[0 0 0 0 0 0 0 0 0 0 0 0 0 0 1 0 0 0 1 0 0 0 1 1 0 1 0 0 0 0]	2026-08-17_01-02-23	[0 0 0 1 0 1]	2026-08-17_01-02-23	[0 0 0 0 0 1]	2026-08-17_01-02-23	[2]	2026-08-17_01-02-23
2	2026-08-17_04-11-08	-1.0	2026-08-17_04-11-08	9.743661880493164	2026-08-17_04-11-08	3.1121609210968018	2026-08-17_04-11-08	3.2071170806884766	2026-08-17_04-11-08	1.6661913394927979	2026-08-17_04-11-08	1.7581931352615356	2026-08-17_04-11-08	False	2026-08-17_04-11-08	[0 0 0 0 0 0 0 0 0 0 0 0 0 0 0 0 0 0 0 0 0 0 0 0 0 0 0 0 0 0]	2026-08-17_04-11-08	[0 0 0 0 0 0 0 0 0 0 0 0 0 0 0 0 0 0 0 1 0 0 0 0 0 0 0 0 0 0]	2026-08-17_04-11-08	[0 0 0 0 0 0]	2026-08-17_04-11-08	[0 1 0 0 0 1]	2026-08-17_04-11-08	[8]	2026-08-17_04-11-08	[0 0 0 0 0 0 0 0 0 0 0 0 0 0 0 0 0 0 0 0 0 0 0 0 0 0 0 0 0 1]	2026-08-17_04-11-08	[0 0 0 0 0 0 0 0 0 0 0 0 0 0 0 0 0 0 0 1 0 0 1 0 0 0 0 0 0 0]	2026-08-17_04-11-08	[1 0 0 0 0 0]	2026-08-17_04-11-08	[0 1 0 0 0 0]	2026-08-17_04-11-08	[0]	2026-08-17_04-11-08
2	2026-08-17_04-11-08	-0.5	2026-08-17_04-11-08	10.148777961730957	2026-08-17_04-11-08	3.2048420906066895	2026-08-17_04-11-08	3.2404723167419434	2026-08-17_04-11-08	1.8980586528778076	2026-08-17_04-11-08	1.805404782295227	2026-08-17_04-11-08	False	2026-08-17_04-11-08	[0 0 0 0 0 0 0 0 0 0 0 0 0 0 0 0 0 0 0 0 0 0 0 0 0 0 0 0 0 1]	2026-08-17_04-11-08	[0 0 0 0 0 0 0 0 0 0 0 0 0 0 0 0 0 0 0 1 0 0 1 0 0 0 0 0 0 0]	2026-08-17_04-11-08	[1 0 0 0 0 0]	2026-08-17_04-11-08	[0 1 0 0 0 0]	2026-08-17_04-11-08	[0]	2026-08-17_04-11-08	[0 0 0 0 0 0 0 0 0 0 0 0 0 0 0 0 0 0 0 0 1 0 0 0 0 0 0 0 0 1]	2026-08-17_04-11-08	[0 0 0 0 0 0 0 0 0 0 0 0 0 0 0 0 0 0 0 1 0 0 1 0 0 0 1 0 0 0]	2026-08-17_04-11-08	[0 0 0 0 0 0]	2026-08-17_04-11-08	[0 1 0 0 0 0]	2026-08-17_04-11-08	[6]	2026-08-17_04-11-08
2	2026-08-17_04-11-08	-0.6666666865348816	2026-08-17_04-11-08	9.834672927856445	2026-08-17_04-11-08	3.14314603805542	2026-08-17_04-11-08	3.237255334854126	2026-08-17_04-11-08	1.6893283128738403	2026-08-17_04-11-08	1.7649435997009277	2026-08-17_04-11-08	False	2026-08-17_04-11-08	[0 0 0 0 0 0 0 0 0 0 0 0 0 0 0 0 0 0 0 0 1 0 0 0 0 0 0 0 0 1]	2026-08-17_04-11-08	[0 0 0 0 0 0 0 0 0 0 0 0 0 0 0 0 0 0 0 1 0 0 1 0 0 0 1 0 0 0]	2026-08-17_04-11-08	[0 0 0 0 0 0]	2026-08-17_04-11-08	[0 1 0 0 0 0]	2026-08-17_04-11-08	[6]	2026-08-17_04-11-08	[0 0 0 0 0 0 0 0 0 0 0 0 0 0 0 0 0 0 0 0 1 0 0 0 0 0 0 0 0 0]	2026-08-17_04-11-08	[0 0 0 0 0 0 0 0 0 0 0 0 0 0 0 0 0 0 0 1 0 0 0 0 0 0 1 0 0 0]	2026-08-17_04-11-08	[1 0 0 0 0 0]	2026-08-17_04-11-08	[0 1 0 0 0 1]	2026-08-17_04-11-08	[4]	2026-08-17_04-11-08
2	2026-08-17_04-11-08	-0.5	2026-08-17_04-11-08	9.936083793640137	2026-08-17_04-11-08	3.1741600036621094	2026-08-17_04-11-08	3.264662742614746	2026-08-17_04-11-08	1.7202422618865967	2026-08-17_04-11-08	1.7770185470581055	2026-08-17_04-11-08	False	2026-08-17_04-11-08	[0 0 0 0 0 0 0 0 0 0 0 0 0 0 0 0 0 0 0 0 1 0 0 0 0 0 0 0 0 0]	2026-08-17_04-11-08	[0 0 0 0 0 0 0 0 0 0 0 0 0 0 0 0 0 0 0 1 0 0 0 0 0 0 1 0 0 0]	2026-08-17_04-11-08	[1 0 0 0 0 0]	2026-08-17_04-11-08	[0 1 0 0 0 1]	2026-08-17_04-11-08	[4]	2026-08-17_04-11-08	[0 0 0 0 0 0 0 0 0 0 0 0 0 0 0 0 0 0 0 0 1 0 0 0 0 0 0 0 0 1]	2026-08-17_04-11-08	[0 0 0 0 0 0 0 0 0 0 0 0 0 0 0 0 0 0 0 1 0 0 1 0 0 0 1 0 0 0]	2026-08-17_04-11-08	[0 0 0 0 0 0]	2026-08-17_04-11-08	[0 1 0 0 0 0]	2026-08-17_04-11-08	[6]	2026-08-17_04-11-08
2	2026-08-17_04-11-08	-0.6666666865348816	2026-08-17_04-11-08	9.82927131652832	2026-08-17_04-11-08	3.1406455039978027	2026-08-17_04-11-08	3.2366278171539307	2026-08-17_04-11-08	1.6874452829360962	2026-08-17_04-11-08	1.764552354812622	2026-08-17_04-11-08	False	2026-08-17_04-11-08	[0 0 0 0 0 0 0 0 0 0 0 0 0 0 0 0 0 0 0 0 1 0 0 0 0 0 0 0 0 1]	2026-08-17_04-11-08	[0 0 0 0 0 0 0 0 0 0 0 0 0 0 0 0 0 0 0 1 0 0 1 0 0 0 1 0 0 0]	2026-08-17_04-11-08	[0 0 0 0 0 0]	2026-08-17_04-11-08	[0 1 0 0 0 0]	2026-08-17_04-11-08	[6]	2026-08-17_04-11-08	[0 0 0 0 0 0 0 0 0 0 0 0 0 0 0 0 0 0 0 0 1 0 0 0 0 0 0 0 0 0]	2026-08-17_04-11-08	[0 0 0 0 0 0 0 0 0 0 0 0 0 0 0 0 0 0 0 1 0 0 0 0 0 0 1 0 0 0]	2026-08-17_04-11-08	[1 0 0 0 0 0]	2026-08-17_04-11-08	[0 1 0 0 0 1]	2026-08-17_04-11-08	[4]	2026-08-17_04-11-08
2	2026-08-17_04-11-08	-0.5	2026-08-17_04-11-08	9.936854362487793	2026-08-17_04-11-08	3.1743674278259277	2026-08-17_04-11-08	3.264392852783203	2026-08-17_04-11-08	1.7215135097503662	2026-08-17_04-11-08	1.776580572128296	2026-08-17_04-11-08	False	2026-08-17_04-11-08	[0 0 0 0 0 0 0 0 0 0 0 0 0 0 0 0 0 0 0 0 1 0 0 0 0 0 0 0 0 0]	2026-08-17_04-11-08	[0 0 0 0 0 0 0 0 0 0 0 0 0 0 0 0 0 0 0 1 0 0 0 0 0 0 1 0 0 0]	2026-08-17_04-11-08	[1 0 0 0 0 0]	2026-08-17_04-11-08	[0 1 0 0 0 1]	2026-08-17_04-11-08	[4]	2026-08-17_04-11-08	[0 0 0 0 0 0 0 0 0 0 0 0 0 0 0 0 0 0 0 0 1 0 0 0 0 0 0 0 0 1]	2026-08-17_04-11-08	[0 0 0 0 0 0 0 0 0 0 0 0 0 0 0 0 0 0 0 1 0 0 1 0 0 0 1 0 0 0]	2026-08-17_04-11-08	[0 0 0 0 0 0]	2026-08-17_04-11-08	[0 1 0 0 0 0]	2026-08-17_04-11-08	[6]	2026-08-17_04-11-08
2	2026-08-17_04-11-08	-0.6666666865348816	2026-08-17_04-11-08	9.826702117919922	2026-08-17_04-11-08	3.139925479888916	2026-08-17_04-11-08	3.2357089519500732	2026-08-17_04-11-08	1.6874306201934814	2026-08-17_04-11-08	1.7636380195617676	2026-08-17_04-11-08	False	2026-08-17_04-11-08	[0 0 0 0 0 0 0 0 0 0 0 0 0 0 0 0 0 0 0 0 1 0 0 0 0 0 0 0 0 1]	2026-08-17_04-11-08	[0 0 0 0 0 0 0 0 0 0 0 0 0 0 0 0 0 0 0 1 0 0 1 0 0 0 1 0 0 0]	2026-08-17_04-11-08	[0 0 0 0 0 0]	2026-08-17_04-11-08	[0 1 0 0 0 0]	2026-08-17_04-11-08	[6]	2026-08-17_04-11-08	[0 0 0 0 0 0 0 0 0 0 0 0 0 0 0 0 0 0 0 0 1 0 0 0 0 0 0 0 0 0]	2026-08-17_04-11-08	[0 0 0 0 0 0 0 0 0 0 0 0 0 0 0 0 0 0 0 1 0 0 0 0 0 0 1 0 0 0]	2026-08-17_04-11-08	[1 0 0 0 0 0]	2026-08-17_04-11-08	[0 1 0 0 0 1]	2026-08-17_04-11-08	[4]	2026-08-17_04-11-08
2	2026-08-17_04-11-08	-0.5	2026-08-17_04-11-08	9.931046485900879	2026-08-17_04-11-08	3.17220139503479	2026-08-17_04-11-08	3.263192653656006	2026-08-17_04-11-08	1.7192602157592773	2026-08-17_04-11-08	1.7763922214508057	2026-08-17_04-11-08	False	2026-08-17_04-11-08	[0 0 0 0 0 0 0 0 0 0 0 0 0 0 0 0 0 0 0 0 1 0 0 0 0 0 0 0 0 0]	2026-08-17_04-11-08	[0 0 0 0 0 0 0 0 0 0 0 0 0 0 0 0 0 0 0 1 0 0 0 0 0 0 1 0 0 0]	2026-08-17_04-11-08	[1 0 0 0 0 0]	2026-08-17_04-11-08	[0 1 0 0 0 1]	2026-08-17_04-11-08	[4]	2026-08-17_04-11-08	[0 0 0 0 0 0 0 0 0 0 0 0 0 0 0 0 0 0 0 0 1 0 0 0 0 0 0 0 0 1]	2026-08-17_04-11-08	[0 0 0 0 0 0 0 0 0 0 0 0 0 0 0 0 0 0 0 1 0 0 1 0 0 0 1 0 0 0]	2026-08-17_04-11-08	[0 0 0 0 0 0]	2026-08-17_04-11-08	[0 1 0 0 0 0]	2026-08-17_04-11-08	[6]	2026-08-17_04-11-08
2	2026-08-17_04-11-08	-0.6666666865348816	2026-08-17_04-11-08	9.826566696166992	2026-08-17_04-11-08	3.1398775577545166	2026-08-17_04-11-08	3.235705614089966	2026-08-17_04-11-08	1.6879161596298218	2026-08-17_04-11-08	1.7630671262741089	2026-08-17_04-11-08	False	2026-08-17_04-11-08	[0 0 0 0 0 0 0 0 0 0 0 0 0 0 0 0 0 0 0 0 1 0 0 0 0 0 0 0 0 1]	2026-08-17_04-11-08	[0 0 0 0 0 0 0 0 0 0 0 0 0 0 0 0 0 0 0 1 0 0 1 0 0 0 1 0 0 0]	2026-08-17_04-11-08	[0 0 0 0 0 0]	2026-08-17_04-11-08	[0 1 0 0 0 0]	2026-08-17_04-11-08	[6]	2026-08-17_04-11-08	[0 0 0 0 0 0 0 0 0 0 0 0 0 0 0 0 0 0 0 0 1 0 0 0 0 0 0 0 0 0]	2026-08-17_04-11-08	[0 0 0 0 0 0 0 0 0 0 0 0 0 0 0 0 0 0 0 1 0 0 0 0 0 0 1 0 0 0]	2026-08-17_04-11-08	[1 0 0 0 0 0]	2026-08-17_04-11-08	[0 1 0 0 0 1]	2026-08-17_04-11-08	[4]	2026-08-17_04-11-08
2	2026-08-17_04-11-08	-0.5	2026-08-17_04-11-08	9.93602180480957	2026-08-17_04-11-08	3.1737799644470215	2026-08-17_04-11-08	3.2642898559570312	2026-08-17_04-11-08	1.7209205627441406	2026-08-17_04-11-08	1.7770308256149292	2026-08-17_04-11-08	False	2026-08-17_04-11-08	[0 0 0 0 0 0 0 0 0 0 0 0 0 0 0 0 0 0 0 0 1 0 0 0 0 0 0 0 0 0]	2026-08-17_04-11-08	[0 0 0 0 0 0 0 0 0 0 0 0 0 0 0 0 0 0 0 1 0 0 0 0 0 0 1 0 0 0]	2026-08-17_04-11-08	[1 0 0 0 0 0]	2026-08-17_04-11-08	[0 1 0 0 0 1]	2026-08-17_04-11-08	[4]	2026-08-17_04-11-08	[0 0 0 0 0 0 0 0 0 0 0 0 0 0 0 0 0 0 0 0 1 0 0 0 0 0 0 0 0 1]	2026-08-17_04-11-08	[0 0 0 0 0 0 0 0 0 0 0 0 0 0 0 0 0 0 0 1 0 0 1 0 0 0 1 0 0 0]	2026-08-17_04-11-08	[0 0 0 0 0 0]	2026-08-17_04-11-08	[0 1 0 0 0 0]	2026-08-17_04-11-08	[6]	2026-08-17_04-11-08
2	2026-08-17_04-11-08	-0.6666666865348816	2026-08-17_04-11-08	9.828962326049805	2026-08-17_04-11-08	3.1410470008850098	2026-08-17_04-11-08	3.2359778881073	2026-08-17_04-11-08	1.6875239610671997	2026-08-17_04-11-08	1.7644137144088745	2026-08-17_04-11-08	False	2026-08-17_04-11-08	[0 0 0 0 0 0 0 0 0 0 0 0 0 0 0 0 0 0 0 0 1 0 0 0 0 0 0 0 0 1]	2026-08-17_04-11-08	[0 0 0 0 0 0 0 0 0 0 0 0 0 0 0 0 0 0 0 1 0 0 1 0 0 0 1 0 0 0]	2026-08-17_04-11-08	[0 0 0 0 0 0]	2026-08-17_04-11-08	[0 1 0 0 0 0]	2026-08-17_04-11-08	[6]	2026-08-17_04-11-08	[0 0 0 0 0 0 0 0 0 0 0 0 0 0 0 0 0 0 0 0 1 0 0 0 0 0 0 0 0 0]	2026-08-17_04-11-08	[0 0 0 0 0 0 0 0 0 0 0 0 0 0 0 0 0 0 0 1 0 0 0 0 0 0 1 0 0 0]	2026-08-17_04-11-08	[1 0 0 0 0 0]	2026-08-17_04-11-08	[0 1 0 0 0 1]	2026-08-17_04-11-08	[4]	2026-08-17_04-11-08
2	2026-08-17_04-11-08	-0.5	2026-08-17_04-11-08	9.933794021606445	2026-08-17_04-11-08	3.173083782196045	2026-08-17_04-11-08	3.263453722000122	2026-08-17_04-11-08	1.7201030254364014	2026-08-17_04-11-08	1.7771530151367188	2026-08-17_04-11-08	False	2026-08-17_04-11-08	[0 0 0 0 0 0 0 0 0 0 0 0 0 0 0 0 0 0 0 0 1 0 0 0 0 0 0 0 0 0]	2026-08-17_04-11-08	[0 0 0 0 0 0 0 0 0 0 0 0 0 0 0 0 0 0 0 1 0 0 0 0 0 0 1 0 0 0]	2026-08-17_04-11-08	[1 0 0 0 0 0]	2026-08-17_04-11-08	[0 1 0 0 0 1]	2026-08-17_04-11-08	[4]	2026-08-17_04-11-08	[0 0 0 0 0 0 0 0 0 0 0 0 0 0 0 0 0 0 0 0 1 0 0 0 0 0 0 0 0 1]	2026-08-17_04-11-08	[0 0 0 0 0 0 0 0 0 0 0 0 0 0 0 0 0 0 0 1 0 0 1 0 0 0 1 0 0 0]	2026-08-17_04-11-08	[0 0 0 0 0 0]	2026-08-17_04-11-08	[0 1 0 0 0 0]	2026-08-17_04-11-08	[6]	2026-08-17_04-11-08
2	2026-08-17_04-11-08	-0.6666666865348816	2026-08-17_04-11-08	9.828315734863281	2026-08-17_04-11-08	3.1408305168151855	2026-08-17_04-11-08	3.2363696098327637	2026-08-17_04-11-08	1.6868603229522705	2026-08-17_04-11-08	1.764255404472351	2026-08-17_04-11-08	False	2026-08-17_04-11-08	[0 0 0 0 0 0 0 0 0 0 0 0 0 0 0 0 0 0 0 0 1 0 0 0 0 0 0 0 0 1]	2026-08-17_04-11-08	[0 0 0 0 0 0 0 0 0 0 0 0 0 0 0 0 0 0 0 1 0 0 1 0 0 0 1 0 0 0]	2026-08-17_04-11-08	[0 0 0 0 0 0]	2026-08-17_04-11-08	[0 1 0 0 0 0]	2026-08-17_04-11-08	[6]	2026-08-17_04-11-08	[0 0 0 0 0 0 0 0 0 0 0 0 0 0 0 0 0 0 0 0 1 0 0 0 0 0 0 0 0 0]	2026-08-17_04-11-08	[0 0 0 0 0 0 0 0 0 0 0 0 0 0 0 0 0 0 0 1 0 0 0 0 0 0 1 0 0 0]	2026-08-17_04-11-08	[1 0 0 0 0 0]	2026-08-17_04-11-08	[0 1 0 0 0 1]	2026-08-17_04-11-08	[4]	2026-08-17_04-11-08
2	2026-08-17_04-11-08	-0.5	2026-08-17_04-11-08	9.935383796691895	2026-08-17_04-11-08	3.1737358570098877	2026-08-17_04-11-08	3.2639498710632324	2026-08-17_04-11-08	1.720523715019226	2026-08-17_04-11-08	1.7771737575531006	2026-08-17_04-11-08	False	2026-08-17_04-11-08	[0 0 0 0 0 0 0 0 0 0 0 0 0 0 0 0 0 0 0 0 1 0 0 0 0 0 0 0 0 0]	2026-08-17_04-11-08	[0 0 0 0 0 0 0 0 0 0 0 0 0 0 0 0 0 0 0 1 0 0 0 0 0 0 1 0 0 0]	2026-08-17_04-11-08	[1 0 0 0 0 0]	2026-08-17_04-11-08	[0 1 0 0 0 1]	2026-08-17_04-11-08	[4]	2026-08-17_04-11-08	[0 0 0 0 0 0 0 0 0 0 0 0 0 0 0 0 0 0 0 0 1 0 0 0 0 0 0 0 0 1]	2026-08-17_04-11-08	[0 0 0 0 0 0 0 0 0 0 0 0 0 0 0 0 0 0 0 1 0 0 1 0 0 0 1 0 0 0]	2026-08-17_04-11-08	[0 0 0 0 0 0]	2026-08-17_04-11-08	[0 1 0 0 0 0]	2026-08-17_04-11-08	[6]	2026-08-17_04-11-08
2	2026-08-17_04-11-08	-0.6666666865348816	2026-08-17_04-11-08	9.827942848205566	2026-08-17_04-11-08	3.140254259109497	2026-08-17_04-11-08	3.2365753650665283	2026-08-17_04-11-08	1.6867687702178955	2026-08-17_04-11-08	1.764344573020935	2026-08-17_04-11-08	False	2026-08-17_04-11-08	[0 0 0 0 0 0 0 0 0 0 0 0 0 0 0 0 0 0 0 0 1 0 0 0 0 0 0 0 0 1]	2026-08-17_04-11-08	[0 0 0 0 0 0 0 0 0 0 0 0 0 0 0 0 0 0 0 1 0 0 1 0 0 0 1 0 0 0]	2026-08-17_04-11-08	[0 0 0 0 0 0]	2026-08-17_04-11-08	[0 1 0 0 0 0]	2026-08-17_04-11-08	[6]	2026-08-17_04-11-08	[0 0 0 0 0 0 0 0 0 0 0 0 0 0 0 0 0 0 0 0 1 0 0 0 0 0 0 0 0 0]	2026-08-17_04-11-08	[0 0 0 0 0 0 0 0 0 0 0 0 0 0 0 0 0 0 0 1 0 0 0 0 0 0 1 0 0 0]	2026-08-17_04-11-08	[1 0 0 0 0 0]	2026-08-17_04-11-08	[0 1 0 0 0 1]	2026-08-17_04-11-08	[4]	2026-08-17_04-11-08
2	2026-08-17_04-11-08	-0.5	2026-08-17_04-11-08	9.935348510742188	2026-08-17_04-11-08	3.1738414764404297	2026-08-17_04-11-08	3.2636165618896484	2026-08-17_04-11-08	1.7206062078475952	2026-08-17_04-11-08	1.777285099029541	2026-08-17_04-11-08	False	2026-08-17_04-11-08	[0 0 0 0 0 0 0 0 0 0 0 0 0 0 0 0 0 0 0 0 1 0 0 0 0 0 0 0 0 0]	2026-08-17_04-11-08	[0 0 0 0 0 0 0 0 0 0 0 0 0 0 0 0 0 0 0 1 0 0 0 0 0 0 1 0 0 0]	2026-08-17_04-11-08	[1 0 0 0 0 0]	2026-08-17_04-11-08	[0 1 0 0 0 1]	2026-08-17_04-11-08	[4]	2026-08-17_04-11-08	[0 0 0 0 0 0 0 0 0 0 0 0 0 0 0 0 0 0 0 0 1 0 0 0 0 0 0 0 0 1]	2026-08-17_04-11-08	[0 0 0 0 0 0 0 0 0 0 0 0 0 0 0 0 0 0 0 1 0 0 1 0 0 0 1 0 0 0]	2026-08-17_04-11-08	[0 0 0 0 0 0]	2026-08-17_04-11-08	[0 1 0 0 0 0]	2026-08-17_04-11-08	[6]	2026-08-17_04-11-08
2	2026-08-17_04-11-08	-0.6666666865348816	2026-08-17_04-11-08	9.826983451843262	2026-08-17_04-11-08	3.1403584480285645	2026-08-17_04-11-08	3.234687566757202	2026-08-17_04-11-08	1.6886579990386963	2026-08-17_04-11-08	1.763279676437378	2026-08-17_04-11-08	False	2026-08-17_04-11-08	[0 0 0 0 0 0 0 0 0 0 0 0 0 0 0 0 0 0 0 0 1 0 0 0 0 0 0 0 0 1]	2026-08-17_04-11-08	[0 0 0 0 0 0 0 0 0 0 0 0 0 0 0 0 0 0 0 1 0 0 1 0 0 0 1 0 0 0]	2026-08-17_04-11-08	[0 0 0 0 0 0]	2026-08-17_04-11-08	[0 1 0 0 0 0]	2026-08-17_04-11-08	[6]	2026-08-17_04-11-08	[0 0 0 0 0 0 0 0 0 0 0 0 0 0 0 0 0 0 0 0 1 0 0 0 0 0 0 0 0 0]	2026-08-17_04-11-08	[0 0 0 0 0 0 0 0 0 0 0 0 0 0 0 0 0 0 0 1 0 0 0 0 0 0 1 0 0 0]	2026-08-17_04-11-08	[1 0 0 0 0 0]	2026-08-17_04-11-08	[0 1 0 0 0 1]	2026-08-17_04-11-08	[4]	2026-08-17_04-11-08
2	2026-08-17_04-11-08	-0.5	2026-08-17_04-11-08	9.936100959777832	2026-08-17_04-11-08	3.173762321472168	2026-08-17_04-11-08	3.2647111415863037	2026-08-17_04-11-08	1.7199671268463135	2026-08-17_04-11-08	1.7776607275009155	2026-08-17_04-11-08	False	2026-08-17_04-11-08	[0 0 0 0 0 0 0 0 0 0 0 0 0 0 0 0 0 0 0 0 1 0 0 0 0 0 0 0 0 0]	2026-08-17_04-11-08	[0 0 0 0 0 0 0 0 0 0 0 0 0 0 0 0 0 0 0 1 0 0 0 0 0 0 1 0 0 0]	2026-08-17_04-11-08	[1 0 0 0 0 0]	2026-08-17_04-11-08	[0 1 0 0 0 1]	2026-08-17_04-11-08	[4]	2026-08-17_04-11-08	[0 0 0 0 0 0 0 0 0 0 0 0 0 0 0 0 0 0 0 0 1 0 0 0 0 0 0 0 0 1]	2026-08-17_04-11-08	[0 0 0 0 0 0 0 0 0 0 0 0 0 0 0 0 0 0 0 1 0 0 1 0 0 0 1 0 0 0]	2026-08-17_04-11-08	[0 0 0 0 0 0]	2026-08-17_04-11-08	[0 1 0 0 0 0]	2026-08-17_04-11-08	[6]	2026-08-17_04-11-08
2	2026-08-17_04-11-08	-0.6666666865348816	2026-08-17_04-11-08	9.830059051513672	2026-08-17_04-11-08	3.141313076019287	2026-08-17_04-11-08	3.236638069152832	2026-08-17_04-11-08	1.6882121562957764	2026-08-17_04-11-08	1.7638962268829346	2026-08-17_04-11-08	False	2026-08-17_04-11-08	[0 0 0 0 0 0 0 0 0 0 0 0 0 0 0 0 0 0 0 0 1 0 0 0 0 0 0 0 0 1]	2026-08-17_04-11-08	[0 0 0 0 0 0 0 0 0 0 0 0 0 0 0 0 0 0 0 1 0 0 1 0 0 0 1 0 0 0]	2026-08-17_04-11-08	[0 0 0 0 0 0]	2026-08-17_04-11-08	[0 1 0 0 0 0]	2026-08-17_04-11-08	[6]	2026-08-17_04-11-08	[0 0 0 0 0 0 0 0 0 0 0 0 0 0 0 0 0 0 0 0 1 0 0 0 0 0 0 0 0 0]	2026-08-17_04-11-08	[0 0 0 0 0 0 0 0 0 0 0 0 0 0 0 0 0 0 0 1 0 0 0 0 0 0 1 0 0 0]	2026-08-17_04-11-08	[1 0 0 0 0 0]	2026-08-17_04-11-08	[0 1 0 0 0 1]	2026-08-17_04-11-08	[4]	2026-08-17_04-11-08
2	2026-08-17_04-11-08	-0.5	2026-08-17_04-11-08	9.934319496154785	2026-08-17_04-11-08	3.173285961151123	2026-08-17_04-11-08	3.2640578746795654	2026-08-17_04-11-08	1.7198175191879272	2026-08-17_04-11-08	1.7771586179733276	2026-08-17_04-11-08	False	2026-08-17_04-11-08	[0 0 0 0 0 0 0 0 0 0 0 0 0 0 0 0 0 0 0 0 1 0 0 0 0 0 0 0 0 0]	2026-08-17_04-11-08	[0 0 0 0 0 0 0 0 0 0 0 0 0 0 0 0 0 0 0 1 0 0 0 0 0 0 1 0 0 0]	2026-08-17_04-11-08	[1 0 0 0 0 0]	2026-08-17_04-11-08	[0 1 0 0 0 1]	2026-08-17_04-11-08	[4]	2026-08-17_04-11-08	[0 0 0 0 0 0 0 0 0 0 0 0 0 0 0 0 0 0 0 0 1 0 0 0 0 0 0 0 0 1]	2026-08-17_04-11-08	[0 0 0 0 0 0 0 0 0 0 0 0 0 0 0 0 0 0 0 1 0 0 1 0 0 0 1 0 0 0]	2026-08-17_04-11-08	[0 0 0 0 0 0]	2026-08-17_04-11-08	[0 1 0 0 0 0]	2026-08-17_04-11-08	[6]	2026-08-17_04-11-08
2	2026-08-17_04-11-08	-0.6666666865348816	2026-08-17_04-11-08	9.82869815826416	2026-08-17_04-11-08	3.140739917755127	2026-08-17_04-11-08	3.236166477203369	2026-08-17_04-11-08	1.6874406337738037	2026-08-17_04-11-08	1.7643506526947021	2026-08-17_04-11-08	False	2026-08-17_04-11-08	[0 0 0 0 0 0 0 0 0 0 0 0 0 0 0 0 0 0 0 0 1 0 0 0 0 0 0 0 0 1]	2026-08-17_04-11-08	[0 0 0 0 0 0 0 0 0 0 0 0 0 0 0 0 0 0 0 1 0 0 1 0 0 0 1 0 0 0]	2026-08-17_04-11-08	[0 0 0 0 0 0]	2026-08-17_04-11-08	[0 1 0 0 0 0]	2026-08-17_04-11-08	[6]	2026-08-17_04-11-08	[0 0 0 0 0 0 0 0 0 0 0 0 0 0 0 0 0 0 0 0 1 0 0 0 0 0 0 0 0 0]	2026-08-17_04-11-08	[0 0 0 0 0 0 0 0 0 0 0 0 0 0 0 0 0 0 0 1 0 0 0 0 0 0 1 0 0 0]	2026-08-17_04-11-08	[1 0 0 0 0 0]	2026-08-17_04-11-08	[0 1 0 0 0 1]	2026-08-17_04-11-08	[4]	2026-08-17_04-11-08
2	2026-08-17_04-11-08	-0.5	2026-08-17_04-11-08	9.935380935668945	2026-08-17_04-11-08	3.173947811126709	2026-08-17_04-11-08	3.263732433319092	2026-08-17_04-11-08	1.7210942506790161	2026-08-17_04-11-08	1.7766060829162598	2026-08-17_04-11-08	False	2026-08-17_04-11-08	[0 0 0 0 0 0 0 0 0 0 0 0 0 0 0 0 0 0 0 0 1 0 0 0 0 0 0 0 0 0]	2026-08-17_04-11-08	[0 0 0 0 0 0 0 0 0 0 0 0 0 0 0 0 0 0 0 1 0 0 0 0 0 0 1 0 0 0]	2026-08-17_04-11-08	[1 0 0 0 0 0]	2026-08-17_04-11-08	[0 1 0 0 0 1]	2026-08-17_04-11-08	[4]	2026-08-17_04-11-08	[0 0 0 0 0 0 0 0 0 0 0 0 0 0 0 0 0 0 0 0 1 0 0 0 0 0 0 0 0 1]	2026-08-17_04-11-08	[0 0 0 0 0 0 0 0 0 0 0 0 0 0 0 0 0 0 0 1 0 0 1 0 0 0 1 0 0 0]	2026-08-17_04-11-08	[0 0 0 0 0 0]	2026-08-17_04-11-08	[0 1 0 0 0 0]	2026-08-17_04-11-08	[6]	2026-08-17_04-11-08
2	2026-08-17_04-11-08	-0.6666666865348816	2026-08-17_04-11-08	9.831130981445312	2026-08-17_04-11-08	3.141201972961426	2026-08-17_04-11-08	3.237802743911743	2026-08-17_04-11-08	1.6872494220733643	2026-08-17_04-11-08	1.7648768424987793	2026-08-17_04-11-08	False	2026-08-17_04-11-08	[0 0 0 0 0 0 0 0 0 0 0 0 0 0 0 0 0 0 0 0 1 0 0 0 0 0 0 0 0 1]	2026-08-17_04-11-08	[0 0 0 0 0 0 0 0 0 0 0 0 0 0 0 0 0 0 0 1 0 0 1 0 0 0 1 0 0 0]	2026-08-17_04-11-08	[0 0 0 0 0 0]	2026-08-17_04-11-08	[0 1 0 0 0 0]	2026-08-17_04-11-08	[6]	2026-08-17_04-11-08	[0 0 0 0 0 0 0 0 0 0 0 0 0 0 0 0 0 0 0 0 1 0 0 0 0 0 0 0 0 0]	2026-08-17_04-11-08	[0 0 0 0 0 0 0 0 0 0 0 0 0 0 0 0 0 0 0 1 0 0 0 0 0 0 1 0 0 0]	2026-08-17_04-11-08	[1 0 0 0 0 0]	2026-08-17_04-11-08	[0 1 0 0 0 1]	2026-08-17_04-11-08	[4]	2026-08-17_04-11-08
2	2026-08-17_04-11-08	-0.5	2026-08-17_04-11-08	9.932029724121094	2026-08-17_04-11-08	3.1724112033843994	2026-08-17_04-11-08	3.263026714324951	2026-08-17_04-11-08	1.7205803394317627	2026-08-17_04-11-08	1.7760109901428223	2026-08-17_04-11-08	False	2026-08-17_04-11-08	[0 0 0 0 0 0 0 0 0 0 0 0 0 0 0 0 0 0 0 0 1 0 0 0 0 0 0 0 0 0]	2026-08-17_04-11-08	[0 0 0 0 0 0 0 0 0 0 0 0 0 0 0 0 0 0 0 1 0 0 0 0 0 0 1 0 0 0]	2026-08-17_04-11-08	[1 0 0 0 0 0]	2026-08-17_04-11-08	[0 1 0 0 0 1]	2026-08-17_04-11-08	[4]	2026-08-17_04-11-08	[0 0 0 0 0 0 0 0 0 0 0 0 0 0 0 0 0 0 0 0 1 0 0 0 0 0 0 0 0 1]	2026-08-17_04-11-08	[0 0 0 0 0 0 0 0 0 0 0 0 0 0 0 0 0 0 0 1 0 0 1 0 0 0 1 0 0 0]	2026-08-17_04-11-08	[0 0 0 0 0 0]	2026-08-17_04-11-08	[0 1 0 0 0 0]	2026-08-17_04-11-08	[6]	2026-08-17_04-11-08
2	2026-08-17_04-11-08	-0.6666666865348816	2026-08-17_04-11-08	9.829832077026367	2026-08-17_04-11-08	3.1409201622009277	2026-08-17_04-11-08	3.2363295555114746	2026-08-17_04-11-08	1.6882026195526123	2026-08-17_04-11-08	1.7643799781799316	2026-08-17_04-11-08	False	2026-08-17_04-11-08	[0 0 0 0 0 0 0 0 0 0 0 0 0 0 0 0 0 0 0 0 1 0 0 0 0 0 0 0 0 1]	2026-08-17_04-11-08	[0 0 0 0 0 0 0 0 0 0 0 0 0 0 0 0 0 0 0 1 0 0 1 0 0 0 1 0 0 0]	2026-08-17_04-11-08	[0 0 0 0 0 0]	2026-08-17_04-11-08	[0 1 0 0 0 0]	2026-08-17_04-11-08	[6]	2026-08-17_04-11-08	[0 0 0 0 0 0 0 0 0 0 0 0 0 0 0 0 0 0 0 0 1 0 0 0 0 0 0 0 0 0]	2026-08-17_04-11-08	[0 0 0 0 0 0 0 0 0 0 0 0 0 0 0 0 0 0 0 1 0 0 0 0 0 0 1 0 0 0]	2026-08-17_04-11-08	[1 0 0 0 0 0]	2026-08-17_04-11-08	[0 1 0 0 0 1]	2026-08-17_04-11-08	[4]	2026-08-17_04-11-08
2	2026-08-17_04-11-08	-0.5	2026-08-17_04-11-08	9.933328628540039	2026-08-17_04-11-08	3.17326283454895	2026-08-17_04-11-08	3.26310133934021	2026-08-17_04-11-08	1.720455527305603	2026-08-17_04-11-08	1.776509165763855	2026-08-17_04-11-08	False	2026-08-17_04-11-08	[0 0 0 0 0 0 0 0 0 0 0 0 0 0 0 0 0 0 0 0 1 0 0 0 0 0 0 0 0 0]	2026-08-17_04-11-08	[0 0 0 0 0 0 0 0 0 0 0 0 0 0 0 0 0 0 0 1 0 0 0 0 0 0 1 0 0 0]	2026-08-17_04-11-08	[1 0 0 0 0 0]	2026-08-17_04-11-08	[0 1 0 0 0 1]	2026-08-17_04-11-08	[4]	2026-08-17_04-11-08	[0 0 0 0 0 0 0 0 0 0 0 0 0 0 0 0 0 0 0 0 1 0 0 0 0 0 0 0 0 1]	2026-08-17_04-11-08	[0 0 0 0 0 0 0 0 0 0 0 0 0 0 0 0 0 0 0 1 0 0 1 0 0 0 1 0 0 0]	2026-08-17_04-11-08	[0 0 0 0 0 0]	2026-08-17_04-11-08	[0 1 0 0 0 0]	2026-08-17_04-11-08	[6]	2026-08-17_04-11-08
2	2026-08-17_04-11-08	-0.6666666865348816	2026-08-17_04-11-08	9.827157974243164	2026-08-17_04-11-08	3.1401894092559814	2026-08-17_04-11-08	3.2351813316345215	2026-08-17_04-11-08	1.6876386404037476	2026-08-17_04-11-08	1.7641488313674927	2026-08-17_04-11-08	False	2026-08-17_04-11-08	[0 0 0 0 0 0 0 0 0 0 0 0 0 0 0 0 0 0 0 0 1 0 0 0 0 0 0 0 0 1]	2026-08-17_04-11-08	[0 0 0 0 0 0 0 0 0 0 0 0 0 0 0 0 0 0 0 1 0 0 1 0 0 0 1 0 0 0]	2026-08-17_04-11-08	[0 0 0 0 0 0]	2026-08-17_04-11-08	[0 1 0 0 0 0]	2026-08-17_04-11-08	[6]	2026-08-17_04-11-08	[0 0 0 0 0 0 0 0 0 0 0 0 0 0 0 0 0 0 0 0 1 0 0 0 0 0 0 0 0 0]	2026-08-17_04-11-08	[0 0 0 0 0 0 0 0 0 0 0 0 0 0 0 0 0 0 0 1 0 0 0 0 0 0 1 0 0 0]	2026-08-17_04-11-08	[1 0 0 0 0 0]	2026-08-17_04-11-08	[0 1 0 0 0 1]	2026-08-17_04-11-08	[4]	2026-08-17_04-11-08
2	2026-08-17_04-11-08	-0.5	2026-08-17_04-11-08	9.936300277709961	2026-08-17_04-11-08	3.1742427349090576	2026-08-17_04-11-08	3.2641797065734863	2026-08-17_04-11-08	1.7207841873168945	2026-08-17_04-11-08	1.7770934104919434	2026-08-17_04-11-08	False	2026-08-17_04-11-08	[0 0 0 0 0 0 0 0 0 0 0 0 0 0 0 0 0 0 0 0 1 0 0 0 0 0 0 0 0 0]	2026-08-17_04-11-08	[0 0 0 0 0 0 0 0 0 0 0 0 0 0 0 0 0 0 0 1 0 0 0 0 0 0 1 0 0 0]	2026-08-17_04-11-08	[1 0 0 0 0 0]	2026-08-17_04-11-08	[0 1 0 0 0 1]	2026-08-17_04-11-08	[4]	2026-08-17_04-11-08	[0 0 0 0 0 0 0 0 0 0 0 0 0 0 0 0 0 0 0 0 1 0 0 0 0 0 0 0 0 1]	2026-08-17_04-11-08	[0 0 0 0 0 0 0 0 0 0 0 0 0 0 0 0 0 0 0 1 0 0 1 0 0 0 1 0 0 0]	2026-08-17_04-11-08	[0 0 0 0 0 0]	2026-08-17_04-11-08	[0 1 0 0 0 0]	2026-08-17_04-11-08	[6]	2026-08-17_04-11-08
2	2026-08-17_04-11-08	-0.6666666865348816	2026-08-17_04-11-08	9.828185081481934	2026-08-17_04-11-08	3.1407341957092285	2026-08-17_04-11-08	3.235067367553711	2026-08-17_04-11-08	1.6888585090637207	2026-08-17_04-11-08	1.763525128364563	2026-08-17_04-11-08	False	2026-08-17_04-11-08	[0 0 0 0 0 0 0 0 0 0 0 0 0 0 0 0 0 0 0 0 1 0 0 0 0 0 0 0 0 1]	2026-08-17_04-11-08	[0 0 0 0 0 0 0 0 0 0 0 0 0 0 0 0 0 0 0 1 0 0 1 0 0 0 1 0 0 0]	2026-08-17_04-11-08	[0 0 0 0 0 0]	2026-08-17_04-11-08	[0 1 0 0 0 0]	2026-08-17_04-11-08	[6]	2026-08-17_04-11-08	[0 0 0 0 0 0 0 0 0 0 0 0 0 0 0 0 0 0 0 0 1 0 0 0 0 0 0 0 0 0]	2026-08-17_04-11-08	[0 0 0 0 0 0 0 0 0 0 0 0 0 0 0 0 0 0 0 1 0 0 0 0 0 0 1 0 0 0]	2026-08-17_04-11-08	[1 0 0 0 0 0]	2026-08-17_04-11-08	[0 1 0 0 0 1]	2026-08-17_04-11-08	[4]	2026-08-17_04-11-08
2	2026-08-17_04-11-08	-0.5	2026-08-17_04-11-08	9.9364595413208	2026-08-17_04-11-08	3.173837900161743	2026-08-17_04-11-08	3.2645423412323	2026-08-17_04-11-08	1.7205891609191895	2026-08-17_04-11-08	1.7774900197982788	2026-08-17_04-11-08	False	2026-08-17_04-11-08	[0 0 0 0 0 0 0 0 0 0 0 0 0 0 0 0 0 0 0 0 1 0 0 0 0 0 0 0 0 0]	2026-08-17_04-11-08	[0 0 0 0 0 0 0 0 0 0 0 0 0 0 0 0 0 0 0 1 0 0 0 0 0 0 1 0 0 0]	2026-08-17_04-11-08	[1 0 0 0 0 0]	2026-08-17_04-11-08	[0 1 0 0 0 1]	2026-08-17_04-11-08	[4]	2026-08-17_04-11-08	[0 0 0 0 0 0 0 0 0 0 0 0 0 0 0 0 0 0 0 0 1 0 0 0 0 0 0 0 0 1]	2026-08-17_04-11-08	[0 0 0 0 0 0 0 0 0 0 0 0 0 0 0 0 0 0 0 1 0 0 1 0 0 0 1 0 0 0]	2026-08-17_04-11-08	[0 0 0 0 0 0]	2026-08-17_04-11-08	[0 1 0 0 0 0]	2026-08-17_04-11-08	[6]	2026-08-17_04-11-08
2	2026-08-17_04-11-08	-0.6666666865348816	2026-08-17_04-11-08	9.82791519165039	2026-08-17_04-11-08	3.139777660369873	2026-08-17_04-11-08	3.236644744873047	2026-08-17_04-11-08	1.6873071193695068	2026-08-17_04-11-08	1.764186143875122	2026-08-17_04-11-08	False	2026-08-17_04-11-08	[0 0 0 0 0 0 0 0 0 0 0 0 0 0 0 0 0 0 0 0 1 0 0 0 0 0 0 0 0 1]	2026-08-17_04-11-08	[0 0 0 0 0 0 0 0 0 0 0 0 0 0 0 0 0 0 0 1 0 0 1 0 0 0 1 0 0 0]	2026-08-17_04-11-08	[0 0 0 0 0 0]	2026-08-17_04-11-08	[0 1 0 0 0 0]	2026-08-17_04-11-08	[6]	2026-08-17_04-11-08	[0 0 0 0 0 0 0 0 0 0 0 0 0 0 0 0 0 0 0 0 1 0 0 0 0 0 0 0 0 0]	2026-08-17_04-11-08	[0 0 0 0 0 0 0 0 0 0 0 0 0 0 0 0 0 0 0 1 0 0 0 0 0 0 1 0 0 0]	2026-08-17_04-11-08	[1 0 0 0 0 0]	2026-08-17_04-11-08	[0 1 0 0 0 1]	2026-08-17_04-11-08	[4]	2026-08-17_04-11-08
2	2026-08-17_04-11-08	-0.5	2026-08-17_04-11-08	9.936251640319824	2026-08-17_04-11-08	3.173920154571533	2026-08-17_04-11-08	3.2644147872924805	2026-08-17_04-11-08	1.7202622890472412	2026-08-17_04-11-08	1.7776546478271484	2026-08-17_04-11-08	False	2026-08-17_04-11-08	[0 0 0 0 0 0 0 0 0 0 0 0 0 0 0 0 0 0 0 0 1 0 0 0 0 0 0 0 0 0]	2026-08-17_04-11-08	[0 0 0 0 0 0 0 0 0 0 0 0 0 0 0 0 0 0 0 1 0 0 0 0 0 0 1 0 0 0]	2026-08-17_04-11-08	[1 0 0 0 0 0]	2026-08-17_04-11-08	[0 1 0 0 0 1]	2026-08-17_04-11-08	[4]	2026-08-17_04-11-08	[0 0 0 0 0 0 0 0 0 0 0 0 0 0 0 0 0 0 0 0 1 0 0 0 0 0 0 0 0 1]	2026-08-17_04-11-08	[0 0 0 0 0 0 0 0 0 0 0 0 0 0 0 0 0 0 0 1 0 0 1 0 0 0 1 0 0 0]	2026-08-17_04-11-08	[0 0 0 0 0 0]	2026-08-17_04-11-08	[0 1 0 0 0 0]	2026-08-17_04-11-08	[6]	2026-08-17_04-11-08
2	2026-08-17_04-11-08	-0.6666666865348816	2026-08-17_04-11-08	9.827421188354492	2026-08-17_04-11-08	3.1397359371185303	2026-08-17_04-11-08	3.235574722290039	2026-08-17_04-11-08	1.6881657838821411	2026-08-17_04-11-08	1.7639447450637817	2026-08-17_04-11-08	False	2026-08-17_04-11-08	[0 0 0 0 0 0 0 0 0 0 0 0 0 0 0 0 0 0 0 0 1 0 0 0 0 0 0 0 0 1]	2026-08-17_04-11-08	[0 0 0 0 0 0 0 0 0 0 0 0 0 0 0 0 0 0 0 1 0 0 1 0 0 0 1 0 0 0]	2026-08-17_04-11-08	[0 0 0 0 0 0]	2026-08-17_04-11-08	[0 1 0 0 0 0]	2026-08-17_04-11-08	[6]	2026-08-17_04-11-08	[0 0 0 0 0 0 0 0 0 0 0 0 0 0 0 0 0 0 0 0 1 0 0 0 0 0 0 0 0 0]	2026-08-17_04-11-08	[0 0 0 0 0 0 0 0 0 0 0 0 0 0 0 0 0 0 0 1 0 0 0 0 0 0 1 0 0 0]	2026-08-17_04-11-08	[1 0 0 0 0 0]	2026-08-17_04-11-08	[0 1 0 0 0 1]	2026-08-17_04-11-08	[4]	2026-08-17_04-11-08
2	2026-08-17_04-11-08	-0.5	2026-08-17_04-11-08	9.935615539550781	2026-08-17_04-11-08	3.174093246459961	2026-08-17_04-11-08	3.264444589614868	2026-08-17_04-11-08	1.7201956510543823	2026-08-17_04-11-08	1.7768819332122803	2026-08-17_04-11-08	False	2026-08-17_04-11-08	[0 0 0 0 0 0 0 0 0 0 0 0 0 0 0 0 0 0 0 0 1 0 0 0 0 0 0 0 0 0]	2026-08-17_04-11-08	[0 0 0 0 0 0 0 0 0 0 0 0 0 0 0 0 0 0 0 1 0 0 0 0 0 0 1 0 0 0]	2026-08-17_04-11-08	[1 0 0 0 0 0]	2026-08-17_04-11-08	[0 1 0 0 0 1]	2026-08-17_04-11-08	[4]	2026-08-17_04-11-08	[0 0 0 0 0 0 0 0 0 0 0 0 0 0 0 0 0 0 0 0 1 0 0 0 0 0 0 0 0 1]	2026-08-17_04-11-08	[0 0 0 0 0 0 0 0 0 0 0 0 0 0 0 0 0 0 0 1 0 0 1 0 0 0 1 0 0 0]	2026-08-17_04-11-08	[0 0 0 0 0 0]	2026-08-17_04-11-08	[0 1 0 0 0 0]	2026-08-17_04-11-08	[6]	2026-08-17_04-11-08
2	2026-08-17_04-11-08	-0.6666666865348816	2026-08-17_04-11-08	9.827446937561035	2026-08-17_04-11-08	3.1409034729003906	2026-08-17_04-11-08	3.2348098754882812	2026-08-17_04-11-08	1.6882195472717285	2026-08-17_04-11-08	1.7635148763656616	2026-08-17_04-11-08	False	2026-08-17_04-11-08	[0 0 0 0 0 0 0 0 0 0 0 0 0 0 0 0 0 0 0 0 1 0 0 0 0 0 0 0 0 1]	2026-08-17_04-11-08	[0 0 0 0 0 0 0 0 0 0 0 0 0 0 0 0 0 0 0 1 0 0 1 0 0 0 1 0 0 0]	2026-08-17_04-11-08	[0 0 0 0 0 0]	2026-08-17_04-11-08	[0 1 0 0 0 0]	2026-08-17_04-11-08	[6]	2026-08-17_04-11-08	[0 0 0 0 0 0 0 0 0 0 0 0 0 0 0 0 0 0 0 0 1 0 0 0 0 0 0 0 0 0]	2026-08-17_04-11-08	[0 0 0 0 0 0 0 0 0 0 0 0 0 0 0 0 0 0 0 1 0 0 0 0 0 0 1 0 0 0]	2026-08-17_04-11-08	[1 0 0 0 0 0]	2026-08-17_04-11-08	[0 1 0 0 0 1]	2026-08-17_04-11-08	[4]	2026-08-17_04-11-08
2	2026-08-17_04-11-08	-0.5	2026-08-17_04-11-08	9.934690475463867	2026-08-17_04-11-08	3.173872947692871	2026-08-17_04-11-08	3.264374256134033	2026-08-17_04-11-08	1.7195541858673096	2026-08-17_04-11-08	1.7768887281417847	2026-08-17_04-11-08	False	2026-08-17_04-11-08	[0 0 0 0 0 0 0 0 0 0 0 0 0 0 0 0 0 0 0 0 1 0 0 0 0 0 0 0 0 0]	2026-08-17_04-11-08	[0 0 0 0 0 0 0 0 0 0 0 0 0 0 0 0 0 0 0 1 0 0 0 0 0 0 1 0 0 0]	2026-08-17_04-11-08	[1 0 0 0 0 0]	2026-08-17_04-11-08	[0 1 0 0 0 1]	2026-08-17_04-11-08	[4]	2026-08-17_04-11-08	[0 0 0 0 0 0 0 0 0 0 0 0 0 0 0 0 0 0 0 0 1 0 0 0 0 0 0 0 0 1]	2026-08-17_04-11-08	[0 0 0 0 0 0 0 0 0 0 0 0 0 0 0 0 0 0 0 1 0 0 1 0 0 0 1 0 0 0]	2026-08-17_04-11-08	[0 0 0 0 0 0]	2026-08-17_04-11-08	[0 1 0 0 0 0]	2026-08-17_04-11-08	[6]	2026-08-17_04-11-08
2	2026-08-17_04-11-08	-0.6666666865348816	2026-08-17_04-11-08	9.828230857849121	2026-08-17_04-11-08	3.1405045986175537	2026-08-17_04-11-08	3.235872268676758	2026-08-17_04-11-08	1.6880683898925781	2026-08-17_04-11-08	1.7637856006622314	2026-08-17_04-11-08	False	2026-08-17_04-11-08	[0 0 0 0 0 0 0 0 0 0 0 0 0 0 0 0 0 0 0 0 1 0 0 0 0 0 0 0 0 1]	2026-08-17_04-11-08	[0 0 0 0 0 0 0 0 0 0 0 0 0 0 0 0 0 0 0 1 0 0 1 0 0 0 1 0 0 0]	2026-08-17_04-11-08	[0 0 0 0 0 0]	2026-08-17_04-11-08	[0 1 0 0 0 0]	2026-08-17_04-11-08	[6]	2026-08-17_04-11-08	[0 0 0 0 0 0 0 0 0 0 0 0 0 0 0 0 0 0 0 0 1 0 0 0 0 0 0 0 0 0]	2026-08-17_04-11-08	[0 0 0 0 0 0 0 0 0 0 0 0 0 0 0 0 0 0 0 1 0 0 0 0 0 0 1 0 0 0]	2026-08-17_04-11-08	[1 0 0 0 0 0]	2026-08-17_04-11-08	[0 1 0 0 0 1]	2026-08-17_04-11-08	[4]	2026-08-17_04-11-08
2	2026-08-17_04-11-08	-0.5	2026-08-17_04-11-08	9.933446884155273	2026-08-17_04-11-08	3.172715425491333	2026-08-17_04-11-08	3.2640953063964844	2026-08-17_04-11-08	1.7197892665863037	2026-08-17_04-11-08	1.7768467664718628	2026-08-17_04-11-08	False	2026-08-17_04-11-08	[0 0 0 0 0 0 0 0 0 0 0 0 0 0 0 0 0 0 0 0 1 0 0 0 0 0 0 0 0 0]	2026-08-17_04-11-08	[0 0 0 0 0 0 0 0 0 0 0 0 0 0 0 0 0 0 0 1 0 0 0 0 0 0 1 0 0 0]	2026-08-17_04-11-08	[1 0 0 0 0 0]	2026-08-17_04-11-08	[0 1 0 0 0 1]	2026-08-17_04-11-08	[4]	2026-08-17_04-11-08	[0 0 0 0 0 0 0 0 0 0 0 0 0 0 0 0 0 0 0 0 1 0 0 0 0 0 0 0 0 1]	2026-08-17_04-11-08	[0 0 0 0 0 0 0 0 0 0 0 0 0 0 0 0 0 0 0 1 0 0 1 0 0 0 1 0 0 0]	2026-08-17_04-11-08	[0 0 0 0 0 0]	2026-08-17_04-11-08	[0 1 0 0 0 0]	2026-08-17_04-11-08	[6]	2026-08-17_04-11-08
2	2026-08-17_04-11-08	-0.6666666865348816	2026-08-17_04-11-08	9.830523490905762	2026-08-17_04-11-08	3.1413822174072266	2026-08-17_04-11-08	3.236680269241333	2026-08-17_04-11-08	1.6879836320877075	2026-08-17_04-11-08	1.7644779682159424	2026-08-17_04-11-08	False	2026-08-17_04-11-08	[0 0 0 0 0 0 0 0 0 0 0 0 0 0 0 0 0 0 0 0 1 0 0 0 0 0 0 0 0 1]	2026-08-17_04-11-08	[0 0 0 0 0 0 0 0 0 0 0 0 0 0 0 0 0 0 0 1 0 0 1 0 0 0 1 0 0 0]	2026-08-17_04-11-08	[0 0 0 0 0 0]	2026-08-17_04-11-08	[0 1 0 0 0 0]	2026-08-17_04-11-08	[6]	2026-08-17_04-11-08	[0 0 0 0 0 0 0 0 0 0 0 0 0 0 0 0 0 0 0 0 1 0 0 0 0 0 0 0 0 0]	2026-08-17_04-11-08	[0 0 0 0 0 0 0 0 0 0 0 0 0 0 0 0 0 0 0 1 0 0 0 0 0 0 1 0 0 0]	2026-08-17_04-11-08	[1 0 0 0 0 0]	2026-08-17_04-11-08	[0 1 0 0 0 1]	2026-08-17_04-11-08	[4]	2026-08-17_04-11-08
2	2026-08-17_04-11-08	-0.5	2026-08-17_04-11-08	9.935416221618652	2026-08-17_04-11-08	3.174253463745117	2026-08-17_04-11-08	3.2641589641571045	2026-08-17_04-11-08	1.7204850912094116	2026-08-17_04-11-08	1.776518702507019	2026-08-17_04-11-08	False	2026-08-17_04-11-08	[0 0 0 0 0 0 0 0 0 0 0 0 0 0 0 0 0 0 0 0 1 0 0 0 0 0 0 0 0 0]	2026-08-17_04-11-08	[0 0 0 0 0 0 0 0 0 0 0 0 0 0 0 0 0 0 0 1 0 0 0 0 0 0 1 0 0 0]	2026-08-17_04-11-08	[1 0 0 0 0 0]	2026-08-17_04-11-08	[0 1 0 0 0 1]	2026-08-17_04-11-08	[4]	2026-08-17_04-11-08	[0 0 0 0 0 0 0 0 0 0 0 0 0 0 0 0 0 0 0 0 1 0 0 0 0 0 0 0 0 1]	2026-08-17_04-11-08	[0 0 0 0 0 0 0 0 0 0 0 0 0 0 0 0 0 0 0 1 0 0 1 0 0 0 1 0 0 0]	2026-08-17_04-11-08	[0 0 0 0 0 0]	2026-08-17_04-11-08	[0 1 0 0 0 0]	2026-08-17_04-11-08	[6]	2026-08-17_04-11-08
2	2026-08-17_04-11-08	-0.6666666865348816	2026-08-17_04-11-08	9.82902717590332	2026-08-17_04-11-08	3.1408095359802246	2026-08-17_04-11-08	3.235776901245117	2026-08-17_04-11-08	1.6885820627212524	2026-08-17_04-11-08	1.7638592720031738	2026-08-17_04-11-08	False	2026-08-17_04-11-08	[0 0 0 0 0 0 0 0 0 0 0 0 0 0 0 0 0 0 0 0 1 0 0 0 0 0 0 0 0 1]	2026-08-17_04-11-08	[0 0 0 0 0 0 0 0 0 0 0 0 0 0 0 0 0 0 0 1 0 0 1 0 0 0 1 0 0 0]	2026-08-17_04-11-08	[0 0 0 0 0 0]	2026-08-17_04-11-08	[0 1 0 0 0 0]	2026-08-17_04-11-08	[6]	2026-08-17_04-11-08	[0 0 0 0 0 0 0 0 0 0 0 0 0 0 0 0 0 0 0 0 1 0 0 0 0 0 0 0 0 0]	2026-08-17_04-11-08	[0 0 0 0 0 0 0 0 0 0 0 0 0 0 0 0 0 0 0 1 0 0 0 0 0 0 1 0 0 0]	2026-08-17_04-11-08	[1 0 0 0 0 0]	2026-08-17_04-11-08	[0 1 0 0 0 1]	2026-08-17_04-11-08	[4]	2026-08-17_04-11-08
2	2026-08-17_04-11-08	-0.5	2026-08-17_04-11-08	9.933902740478516	2026-08-17_04-11-08	3.172799587249756	2026-08-17_04-11-08	3.264003038406372	2026-08-17_04-11-08	1.7201554775238037	2026-08-17_04-11-08	1.7769443988800049	2026-08-17_04-11-08	False	2026-08-17_04-11-08	[0 0 0 0 0 0 0 0 0 0 0 0 0 0 0 0 0 0 0 0 1 0 0 0 0 0 0 0 0 0]	2026-08-17_04-11-08	[0 0 0 0 0 0 0 0 0 0 0 0 0 0 0 0 0 0 0 1 0 0 0 0 0 0 1 0 0 0]	2026-08-17_04-11-08	[1 0 0 0 0 0]	2026-08-17_04-11-08	[0 1 0 0 0 1]	2026-08-17_04-11-08	[4]	2026-08-17_04-11-08	[0 0 0 0 0 0 0 0 0 0 0 0 0 0 0 0 0 0 0 0 1 0 0 0 0 0 0 0 0 1]	2026-08-17_04-11-08	[0 0 0 0 0 0 0 0 0 0 0 0 0 0 0 0 0 0 0 1 0 0 1 0 0 0 1 0 0 0]	2026-08-17_04-11-08	[0 0 0 0 0 0]	2026-08-17_04-11-08	[0 1 0 0 0 0]	2026-08-17_04-11-08	[6]	2026-08-17_04-11-08
2	2026-08-17_04-11-08	-0.6666666865348816	2026-08-17_04-11-08	9.830946922302246	2026-08-17_04-11-08	3.141749143600464	2026-08-17_04-11-08	3.235980272293091	2026-08-17_04-11-08	1.6885902881622314	2026-08-17_04-11-08	1.7646270990371704	2026-08-17_04-11-08	False	2026-08-17_04-11-08	[0 0 0 0 0 0 0 0 0 0 0 0 0 0 0 0 0 0 0 0 1 0 0 0 0 0 0 0 0 1]	2026-08-17_04-11-08	[0 0 0 0 0 0 0 0 0 0 0 0 0 0 0 0 0 0 0 1 0 0 1 0 0 0 1 0 0 0]	2026-08-17_04-11-08	[0 0 0 0 0 0]	2026-08-17_04-11-08	[0 1 0 0 0 0]	2026-08-17_04-11-08	[6]	2026-08-17_04-11-08	[0 0 0 0 0 0 0 0 0 0 0 0 0 0 0 0 0 0 0 0 1 0 0 0 0 0 0 0 0 0]	2026-08-17_04-11-08	[0 0 0 0 0 0 0 0 0 0 0 0 0 0 0 0 0 0 0 1 0 0 0 0 0 0 1 0 0 0]	2026-08-17_04-11-08	[1 0 0 0 0 0]	2026-08-17_04-11-08	[0 1 0 0 0 1]	2026-08-17_04-11-08	[4]	2026-08-17_04-11-08
2	2026-08-17_04-11-08	-0.5	2026-08-17_04-11-08	9.934268951416016	2026-08-17_04-11-08	3.1736130714416504	2026-08-17_04-11-08	3.264085292816162	2026-08-17_04-11-08	1.7201818227767944	2026-08-17_04-11-08	1.776389241218567	2026-08-17_04-11-08	False	2026-08-17_04-11-08	[0 0 0 0 0 0 0 0 0 0 0 0 0 0 0 0 0 0 0 0 1 0 0 0 0 0 0 0 0 0]	2026-08-17_04-11-08	[0 0 0 0 0 0 0 0 0 0 0 0 0 0 0 0 0 0 0 1 0 0 0 0 0 0 1 0 0 0]	2026-08-17_04-11-08	[1 0 0 0 0 0]	2026-08-17_04-11-08	[0 1 0 0 0 1]	2026-08-17_04-11-08	[4]	2026-08-17_04-11-08	[0 0 0 0 0 0 0 0 0 0 0 0 0 0 0 0 0 0 0 0 1 0 0 0 0 0 0 0 0 1]	2026-08-17_04-11-08	[0 0 0 0 0 0 0 0 0 0 0 0 0 0 0 0 0 0 0 1 0 0 1 0 0 0 1 0 0 0]	2026-08-17_04-11-08	[0 0 0 0 0 0]	2026-08-17_04-11-08	[0 1 0 0 0 0]	2026-08-17_04-11-08	[6]	2026-08-17_04-11-08
2	2026-08-17_04-11-08	-0.6666666865348816	2026-08-17_04-11-08	9.830389976501465	2026-08-17_04-11-08	3.142260789871216	2026-08-17_04-11-08	3.235647201538086	2026-08-17_04-11-08	1.6887807846069336	2026-08-17_04-11-08	1.7637016773223877	2026-08-17_04-11-08	False	2026-08-17_04-11-08	[0 0 0 0 0 0 0 0 0 0 0 0 0 0 0 0 0 0 0 0 1 0 0 0 0 0 0 0 0 1]	2026-08-17_04-11-08	[0 0 0 0 0 0 0 0 0 0 0 0 0 0 0 0 0 0 0 1 0 0 1 0 0 0 1 0 0 0]	2026-08-17_04-11-08	[0 0 0 0 0 0]	2026-08-17_04-11-08	[0 1 0 0 0 0]	2026-08-17_04-11-08	[6]	2026-08-17_04-11-08	[0 0 0 0 0 0 0 0 0 0 0 0 0 0 0 0 0 0 0 0 1 0 0 0 0 0 0 0 0 0]	2026-08-17_04-11-08	[0 0 0 0 0 0 0 0 0 0 0 0 0 0 0 0 0 0 0 1 0 0 0 0 0 0 1 0 0 0]	2026-08-17_04-11-08	[1 0 0 0 0 0]	2026-08-17_04-11-08	[0 1 0 0 0 1]	2026-08-17_04-11-08	[4]	2026-08-17_04-11-08
2	2026-08-17_04-11-08	-0.5	2026-08-17_04-11-08	9.933393478393555	2026-08-17_04-11-08	3.1730308532714844	2026-08-17_04-11-08	3.263543128967285	2026-08-17_04-11-08	1.7205145359039307	2026-08-17_04-11-08	1.776305079460144	2026-08-17_04-11-08	False	2026-08-17_04-11-08	[0 0 0 0 0 0 0 0 0 0 0 0 0 0 0 0 0 0 0 0 1 0 0 0 0 0 0 0 0 0]	2026-08-17_04-11-08	[0 0 0 0 0 0 0 0 0 0 0 0 0 0 0 0 0 0 0 1 0 0 0 0 0 0 1 0 0 0]	2026-08-17_04-11-08	[1 0 0 0 0 0]	2026-08-17_04-11-08	[0 1 0 0 0 1]	2026-08-17_04-11-08	[4]	2026-08-17_04-11-08	[0 0 0 0 0 0 0 0 0 0 0 0 0 0 0 0 0 0 0 0 1 0 0 0 0 0 0 0 0 1]	2026-08-17_04-11-08	[0 0 0 0 0 0 0 0 0 0 0 0 0 0 0 0 0 0 0 1 0 0 1 0 0 0 1 0 0 0]	2026-08-17_04-11-08	[0 0 0 0 0 0]	2026-08-17_04-11-08	[0 1 0 0 0 0]	2026-08-17_04-11-08	[6]	2026-08-17_04-11-08
2	2026-08-17_04-11-08	-0.6666666865348816	2026-08-17_04-11-08	9.828588485717773	2026-08-17_04-11-08	3.1409590244293213	2026-08-17_04-11-08	3.2356455326080322	2026-08-17_04-11-08	1.6879899501800537	2026-08-17_04-11-08	1.7639943361282349	2026-08-17_04-11-08	False	2026-08-17_04-11-08	[0 0 0 0 0 0 0 0 0 0 0 0 0 0 0 0 0 0 0 0 1 0 0 0 0 0 0 0 0 1]	2026-08-17_04-11-08	[0 0 0 0 0 0 0 0 0 0 0 0 0 0 0 0 0 0 0 1 0 0 1 0 0 0 1 0 0 0]	2026-08-17_04-11-08	[0 0 0 0 0 0]	2026-08-17_04-11-08	[0 1 0 0 0 0]	2026-08-17_04-11-08	[6]	2026-08-17_04-11-08	[0 0 0 0 0 0 0 0 0 0 0 0 0 0 0 0 0 0 0 0 1 0 0 0 0 0 0 0 0 0]	2026-08-17_04-11-08	[0 0 0 0 0 0 0 0 0 0 0 0 0 0 0 0 0 0 0 1 0 0 0 0 0 0 1 0 0 0]	2026-08-17_04-11-08	[1 0 0 0 0 0]	2026-08-17_04-11-08	[0 1 0 0 0 1]	2026-08-17_04-11-08	[4]	2026-08-17_04-11-08
2	2026-08-17_04-11-08	-0.5	2026-08-17_04-11-08	9.939017295837402	2026-08-17_04-11-08	3.1754252910614014	2026-08-17_04-11-08	3.2650325298309326	2026-08-17_04-11-08	1.7210115194320679	2026-08-17_04-11-08	1.7775481939315796	2026-08-17_04-11-08	False	2026-08-17_04-11-08	[0 0 0 0 0 0 0 0 0 0 0 0 0 0 0 0 0 0 0 0 1 0 0 0 0 0 0 0 0 0]	2026-08-17_04-11-08	[0 0 0 0 0 0 0 0 0 0 0 0 0 0 0 0 0 0 0 1 0 0 0 0 0 0 1 0 0 0]	2026-08-17_04-11-08	[1 0 0 0 0 0]	2026-08-17_04-11-08	[0 1 0 0 0 1]	2026-08-17_04-11-08	[4]	2026-08-17_04-11-08	[0 0 0 0 0 0 0 0 0 0 0 0 0 0 0 0 0 0 0 0 1 0 0 0 0 0 0 0 0 1]	2026-08-17_04-11-08	[0 0 0 0 0 0 0 0 0 0 0 0 0 0 0 0 0 0 0 1 0 0 1 0 0 0 1 0 0 0]	2026-08-17_04-11-08	[0 0 0 0 0 0]	2026-08-17_04-11-08	[0 1 0 0 0 0]	2026-08-17_04-11-08	[6]	2026-08-17_04-11-08
2	2026-08-17_04-11-08	-0.6666666865348816	2026-08-17_04-11-08	9.82865047454834	2026-08-17_04-11-08	3.1408238410949707	2026-08-17_04-11-08	3.2356255054473877	2026-08-17_04-11-08	1.6882127523422241	2026-08-17_04-11-08	1.7639884948730469	2026-08-17_04-11-08	False	2026-08-17_04-11-08	[0 0 0 0 0 0 0 0 0 0 0 0 0 0 0 0 0 0 0 0 1 0 0 0 0 0 0 0 0 1]	2026-08-17_04-11-08	[0 0 0 0 0 0 0 0 0 0 0 0 0 0 0 0 0 0 0 1 0 0 1 0 0 0 1 0 0 0]	2026-08-17_04-11-08	[0 0 0 0 0 0]	2026-08-17_04-11-08	[0 1 0 0 0 0]	2026-08-17_04-11-08	[6]	2026-08-17_04-11-08	[0 0 0 0 0 0 0 0 0 0 0 0 0 0 0 0 0 0 0 0 1 0 0 0 0 0 0 0 0 0]	2026-08-17_04-11-08	[0 0 0 0 0 0 0 0 0 0 0 0 0 0 0 0 0 0 0 1 0 0 0 0 0 0 1 0 0 0]	2026-08-17_04-11-08	[1 0 0 0 0 0]	2026-08-17_04-11-08	[0 1 0 0 0 1]	2026-08-17_04-11-08	[4]	2026-08-17_04-11-08
2	2026-08-17_04-11-08	-0.5	2026-08-17_04-11-08	9.935077667236328	2026-08-17_04-11-08	3.1739063262939453	2026-08-17_04-11-08	3.2642264366149902	2026-08-17_04-11-08	1.720659613609314	2026-08-17_04-11-08	1.7762856483459473	2026-08-17_04-11-08	False	2026-08-17_04-11-08	[0 0 0 0 0 0 0 0 0 0 0 0 0 0 0 0 0 0 0 0 1 0 0 0 0 0 0 0 0 0]	2026-08-17_04-11-08	[0 0 0 0 0 0 0 0 0 0 0 0 0 0 0 0 0 0 0 1 0 0 0 0 0 0 1 0 0 0]	2026-08-17_04-11-08	[1 0 0 0 0 0]	2026-08-17_04-11-08	[0 1 0 0 0 1]	2026-08-17_04-11-08	[4]	2026-08-17_04-11-08	[0 0 0 0 0 0 0 0 0 0 0 0 0 0 0 0 0 0 0 0 1 0 0 0 0 0 0 0 0 1]	2026-08-17_04-11-08	[0 0 0 0 0 0 0 0 0 0 0 0 0 0 0 0 0 0 0 1 0 0 1 0 0 0 1 0 0 0]	2026-08-17_04-11-08	[0 0 0 0 0 0]	2026-08-17_04-11-08	[0 1 0 0 0 0]	2026-08-17_04-11-08	[6]	2026-08-17_04-11-08
2	2026-08-17_04-11-08	-0.6666666865348816	2026-08-17_04-11-08	9.828252792358398	2026-08-17_04-11-08	3.1403744220733643	2026-08-17_04-11-08	3.2362639904022217	2026-08-17_04-11-08	1.687386393547058	2026-08-17_04-11-08	1.764228105545044	2026-08-17_04-11-08	False	2026-08-17_04-11-08	[0 0 0 0 0 0 0 0 0 0 0 0 0 0 0 0 0 0 0 0 1 0 0 0 0 0 0 0 0 1]	2026-08-17_04-11-08	[0 0 0 0 0 0 0 0 0 0 0 0 0 0 0 0 0 0 0 1 0 0 1 0 0 0 1 0 0 0]	2026-08-17_04-11-08	[0 0 0 0 0 0]	2026-08-17_04-11-08	[0 1 0 0 0 0]	2026-08-17_04-11-08	[6]	2026-08-17_04-11-08	[0 0 0 0 0 0 0 0 0 0 0 0 0 0 0 0 0 0 0 0 1 0 0 0 0 0 0 0 0 0]	2026-08-17_04-11-08	[0 0 0 0 0 0 0 0 0 0 0 0 0 0 0 0 0 0 0 1 0 0 0 0 0 0 1 0 0 0]	2026-08-17_04-11-08	[1 0 0 0 0 0]	2026-08-17_04-11-08	[0 1 0 0 0 1]	2026-08-17_04-11-08	[4]	2026-08-17_04-11-08
2	2026-08-17_04-11-08	-0.5	2026-08-17_04-11-08	9.933595657348633	2026-08-17_04-11-08	3.1732354164123535	2026-08-17_04-11-08	3.263594388961792	2026-08-17_04-11-08	1.7200860977172852	2026-08-17_04-11-08	1.7766801118850708	2026-08-17_04-11-08	False	2026-08-17_04-11-08	[0 0 0 0 0 0 0 0 0 0 0 0 0 0 0 0 0 0 0 0 1 0 0 0 0 0 0 0 0 0]	2026-08-17_04-11-08	[0 0 0 0 0 0 0 0 0 0 0 0 0 0 0 0 0 0 0 1 0 0 0 0 0 0 1 0 0 0]	2026-08-17_04-11-08	[1 0 0 0 0 0]	2026-08-17_04-11-08	[0 1 0 0 0 1]	2026-08-17_04-11-08	[4]	2026-08-17_04-11-08	[0 0 0 0 0 0 0 0 0 0 0 0 0 0 0 0 0 0 0 0 1 0 0 0 0 0 0 0 0 1]	2026-08-17_04-11-08	[0 0 0 0 0 0 0 0 0 0 0 0 0 0 0 0 0 0 0 1 0 0 1 0 0 0 1 0 0 0]	2026-08-17_04-11-08	[0 0 0 0 0 0]	2026-08-17_04-11-08	[0 1 0 0 0 0]	2026-08-17_04-11-08	[6]	2026-08-17_04-11-08
2	2026-08-17_04-11-08	-0.6666666865348816	2026-08-17_04-11-08	9.830792427062988	2026-08-17_04-11-08	3.1418304443359375	2026-08-17_04-11-08	3.236830234527588	2026-08-17_04-11-08	1.6880488395690918	2026-08-17_04-11-08	1.764082908630371	2026-08-17_04-11-08	False	2026-08-17_04-11-08	[0 0 0 0 0 0 0 0 0 0 0 0 0 0 0 0 0 0 0 0 1 0 0 0 0 0 0 0 0 1]	2026-08-17_04-11-08	[0 0 0 0 0 0 0 0 0 0 0 0 0 0 0 0 0 0 0 1 0 0 1 0 0 0 1 0 0 0]	2026-08-17_04-11-08	[0 0 0 0 0 0]	2026-08-17_04-11-08	[0 1 0 0 0 0]	2026-08-17_04-11-08	[6]	2026-08-17_04-11-08	[0 0 0 0 0 0 0 0 0 0 0 0 0 0 0 0 0 0 0 0 1 0 0 0 0 0 0 0 0 0]	2026-08-17_04-11-08	[0 0 0 0 0 0 0 0 0 0 0 0 0 0 0 0 0 0 0 1 0 0 0 0 0 0 1 0 0 0]	2026-08-17_04-11-08	[1 0 0 0 0 0]	2026-08-17_04-11-08	[0 1 0 0 0 1]	2026-08-17_04-11-08	[4]	2026-08-17_04-11-08
2	2026-08-17_04-11-08	-0.5	2026-08-17_04-11-08	9.93539810180664	2026-08-17_04-11-08	3.173701763153076	2026-08-17_04-11-08	3.264747381210327	2026-08-17_04-11-08	1.7198301553726196	2026-08-17_04-11-08	1.7771190404891968	2026-08-17_04-11-08	False	2026-08-17_04-11-08	[0 0 0 0 0 0 0 0 0 0 0 0 0 0 0 0 0 0 0 0 1 0 0 0 0 0 0 0 0 0]	2026-08-17_04-11-08	[0 0 0 0 0 0 0 0 0 0 0 0 0 0 0 0 0 0 0 1 0 0 0 0 0 0 1 0 0 0]	2026-08-17_04-11-08	[1 0 0 0 0 0]	2026-08-17_04-11-08	[0 1 0 0 0 1]	2026-08-17_04-11-08	[4]	2026-08-17_04-11-08	[0 0 0 0 0 0 0 0 0 0 0 0 0 0 0 0 0 0 0 0 1 0 0 0 0 0 0 0 0 1]	2026-08-17_04-11-08	[0 0 0 0 0 0 0 0 0 0 0 0 0 0 0 0 0 0 0 1 0 0 1 0 0 0 1 0 0 0]	2026-08-17_04-11-08	[0 0 0 0 0 0]	2026-08-17_04-11-08	[0 1 0 0 0 0]	2026-08-17_04-11-08	[6]	2026-08-17_04-11-08
2	2026-08-17_04-11-08	-0.6666666865348816	2026-08-17_04-11-08	9.828560829162598	2026-08-17_04-11-08	3.140554904937744	2026-08-17_04-11-08	3.2360005378723145	2026-08-17_04-11-08	1.687860369682312	2026-08-17_04-11-08	1.7641448974609375	2026-08-17_04-11-08	False	2026-08-17_04-11-08	[0 0 0 0 0 0 0 0 0 0 0 0 0 0 0 0 0 0 0 0 1 0 0 0 0 0 0 0 0 1]	2026-08-17_04-11-08	[0 0 0 0 0 0 0 0 0 0 0 0 0 0 0 0 0 0 0 1 0 0 1 0 0 0 1 0 0 0]	2026-08-17_04-11-08	[0 0 0 0 0 0]	2026-08-17_04-11-08	[0 1 0 0 0 0]	2026-08-17_04-11-08	[6]	2026-08-17_04-11-08	[0 0 0 0 0 0 0 0 0 0 0 0 0 0 0 0 0 0 0 0 1 0 0 0 0 0 0 0 0 0]	2026-08-17_04-11-08	[0 0 0 0 0 0 0 0 0 0 0 0 0 0 0 0 0 0 0 1 0 0 0 0 0 0 1 0 0 0]	2026-08-17_04-11-08	[1 0 0 0 0 0]	2026-08-17_04-11-08	[0 1 0 0 0 1]	2026-08-17_04-11-08	[4]	2026-08-17_04-11-08
2	2026-08-17_04-11-08	-0.5	2026-08-17_04-11-08	9.93567180633545	2026-08-17_04-11-08	3.1734557151794434	2026-08-17_04-11-08	3.264070749282837	2026-08-17_04-11-08	1.7218228578567505	2026-08-17_04-11-08	1.776322603225708	2026-08-17_04-11-08	False	2026-08-17_04-11-08	[0 0 0 0 0 0 0 0 0 0 0 0 0 0 0 0 0 0 0 0 1 0 0 0 0 0 0 0 0 0]	2026-08-17_04-11-08	[0 0 0 0 0 0 0 0 0 0 0 0 0 0 0 0 0 0 0 1 0 0 0 0 0 0 1 0 0 0]	2026-08-17_04-11-08	[1 0 0 0 0 0]	2026-08-17_04-11-08	[0 1 0 0 0 1]	2026-08-17_04-11-08	[4]	2026-08-17_04-11-08	[0 0 0 0 0 0 0 0 0 0 0 0 0 0 0 0 0 0 0 0 1 0 0 0 0 0 0 0 0 1]	2026-08-17_04-11-08	[0 0 0 0 0 0 0 0 0 0 0 0 0 0 0 0 0 0 0 1 0 0 1 0 0 0 1 0 0 0]	2026-08-17_04-11-08	[0 0 0 0 0 0]	2026-08-17_04-11-08	[0 1 0 0 0 0]	2026-08-17_04-11-08	[6]	2026-08-17_04-11-08
2	2026-08-17_04-11-08	-0.6666666865348816	2026-08-17_04-11-08	9.830085754394531	2026-08-17_04-11-08	3.141058921813965	2026-08-17_04-11-08	3.23659086227417	2026-08-17_04-11-08	1.6876295804977417	2026-08-17_04-11-08	1.764807105064392	2026-08-17_04-11-08	False	2026-08-17_04-11-08	[0 0 0 0 0 0 0 0 0 0 0 0 0 0 0 0 0 0 0 0 1 0 0 0 0 0 0 0 0 1]	2026-08-17_04-11-08	[0 0 0 0 0 0 0 0 0 0 0 0 0 0 0 0 0 0 0 1 0 0 1 0 0 0 1 0 0 0]	2026-08-17_04-11-08	[0 0 0 0 0 0]	2026-08-17_04-11-08	[0 1 0 0 0 0]	2026-08-17_04-11-08	[6]	2026-08-17_04-11-08	[0 0 0 0 0 0 0 0 0 0 0 0 0 0 0 0 0 0 0 0 1 0 0 0 0 0 0 0 0 0]	2026-08-17_04-11-08	[0 0 0 0 0 0 0 0 0 0 0 0 0 0 0 0 0 0 0 1 0 0 0 0 0 0 1 0 0 0]	2026-08-17_04-11-08	[1 0 0 0 0 0]	2026-08-17_04-11-08	[0 1 0 0 0 1]	2026-08-17_04-11-08	[4]	2026-08-17_04-11-08
2	2026-08-17_04-11-08	-0.5	2026-08-17_04-11-08	9.931914329528809	2026-08-17_04-11-08	3.1726131439208984	2026-08-17_04-11-08	3.2627005577087402	2026-08-17_04-11-08	1.7208830118179321	2026-08-17_04-11-08	1.7757179737091064	2026-08-17_04-11-08	False	2026-08-17_04-11-08	[0 0 0 0 0 0 0 0 0 0 0 0 0 0 0 0 0 0 0 0 1 0 0 0 0 0 0 0 0 0]	2026-08-17_04-11-08	[0 0 0 0 0 0 0 0 0 0 0 0 0 0 0 0 0 0 0 1 0 0 0 0 0 0 1 0 0 0]	2026-08-17_04-11-08	[1 0 0 0 0 0]	2026-08-17_04-11-08	[0 1 0 0 0 1]	2026-08-17_04-11-08	[4]	2026-08-17_04-11-08	[0 0 0 0 0 0 0 0 0 0 0 0 0 0 0 0 0 0 0 0 1 0 0 0 0 0 0 0 0 1]	2026-08-17_04-11-08	[0 0 0 0 0 0 0 0 0 0 0 0 0 0 0 0 0 0 0 1 0 0 1 0 0 0 1 0 0 0]	2026-08-17_04-11-08	[0 0 0 0 0 0]	2026-08-17_04-11-08	[0 1 0 0 0 0]	2026-08-17_04-11-08	[6]	2026-08-17_04-11-08
2	2026-08-17_04-11-08	-0.6666666865348816	2026-08-17_04-11-08	9.829204559326172	2026-08-17_04-11-08	3.1402945518493652	2026-08-17_04-11-08	3.236461639404297	2026-08-17_04-11-08	1.6877572536468506	2026-08-17_04-11-08	1.7646911144256592	2026-08-17_04-11-08	False	2026-08-17_04-11-08	[0 0 0 0 0 0 0 0 0 0 0 0 0 0 0 0 0 0 0 0 1 0 0 0 0 0 0 0 0 1]	2026-08-17_04-11-08	[0 0 0 0 0 0 0 0 0 0 0 0 0 0 0 0 0 0 0 1 0 0 1 0 0 0 1 0 0 0]	2026-08-17_04-11-08	[0 0 0 0 0 0]	2026-08-17_04-11-08	[0 1 0 0 0 0]	2026-08-17_04-11-08	[6]	2026-08-17_04-11-08	[0 0 0 0 0 0 0 0 0 0 0 0 0 0 0 0 0 0 0 0 1 0 0 0 0 0 0 0 0 0]	2026-08-17_04-11-08	[0 0 0 0 0 0 0 0 0 0 0 0 0 0 0 0 0 0 0 1 0 0 0 0 0 0 1 0 0 0]	2026-08-17_04-11-08	[1 0 0 0 0 0]	2026-08-17_04-11-08	[0 1 0 0 0 1]	2026-08-17_04-11-08	[4]	2026-08-17_04-11-08
2	2026-08-17_04-11-08	-0.5	2026-08-17_04-11-08	9.934256553649902	2026-08-17_04-11-08	3.1733171939849854	2026-08-17_04-11-08	3.263359546661377	2026-08-17_04-11-08	1.7203165292739868	2026-08-17_04-11-08	1.7772623300552368	2026-08-17_04-11-08	False	2026-08-17_04-11-08	[0 0 0 0 0 0 0 0 0 0 0 0 0 0 0 0 0 0 0 0 1 0 0 0 0 0 0 0 0 0]	2026-08-17_04-11-08	[0 0 0 0 0 0 0 0 0 0 0 0 0 0 0 0 0 0 0 1 0 0 0 0 0 0 1 0 0 0]	2026-08-17_04-11-08	[1 0 0 0 0 0]	2026-08-17_04-11-08	[0 1 0 0 0 1]	2026-08-17_04-11-08	[4]	2026-08-17_04-11-08	[0 0 0 0 0 0 0 0 0 0 0 0 0 0 0 0 0 0 0 0 1 0 0 0 0 0 0 0 0 1]	2026-08-17_04-11-08	[0 0 0 0 0 0 0 0 0 0 0 0 0 0 0 0 0 0 0 1 0 0 1 0 0 0 1 0 0 0]	2026-08-17_04-11-08	[0 0 0 0 0 0]	2026-08-17_04-11-08	[0 1 0 0 0 0]	2026-08-17_04-11-08	[6]	2026-08-17_04-11-08
3	2026-08-17_07-48-04	-1.0	2026-08-17_07-48-04	9.664999008178711	2026-08-17_07-48-04	3.055708408355713	2026-08-17_07-48-04	3.222227096557617	2026-08-17_07-48-04	1.7348054647445679	2026-08-17_07-48-04	1.6522583961486816	2026-08-17_07-48-04	False	2026-08-17_07-48-04	[0 0 0 0 0 0 0 0 0 0 0 0 0 0 0 0 0 0 0 0 0 0 0 0 0 0 0 0 0 0]	2026-08-17_07-48-04	[0 0 0 0 0 0 0 0 0 0 0 0 0 0 0 0 0 0 0 0 0 0 1 0 0 0 0 1 0 0]	2026-08-17_07-48-04	[0 1 0 1 0 0]	2026-08-17_07-48-04	[1 1 1 0 0 0]	2026-08-17_07-48-04	[0]	2026-08-17_07-48-04	[0 0 0 0 0 0 0 0 0 1 0 0 0 0 0 0 0 0 0 0 0 0 0 0 0 0 0 0 0 0]	2026-08-17_07-48-04	[0 0 0 0 0 1 0 0 0 0 0 0 0 0 0 0 0 0 0 0 0 0 1 0 0 0 0 1 0 0]	2026-08-17_07-48-04	[0 1 0 1 0 0]	2026-08-17_07-48-04	[1 1 1 0 0 0]	2026-08-17_07-48-04	[0]	2026-08-17_07-48-04
3	2026-08-17_07-48-05	-1.0	2026-08-17_07-48-05	9.705607414245605	2026-08-17_07-48-05	3.0615885257720947	2026-08-17_07-48-05	3.2249910831451416	2026-08-17_07-48-05	1.7539396286010742	2026-08-17_07-48-05	1.6650875806808472	2026-08-17_07-48-05	False	2026-08-17_07-48-05	[0 0 0 0 0 0 0 0 0 1 0 0 0 0 0 0 0 0 0 0 0 0 0 0 0 0 0 0 0 0]	2026-08-17_07-48-05	[0 0 0 0 0 1 0 0 0 0 0 0 0 0 0 0 0 0 0 0 0 0 1 0 0 0 0 1 0 0]	2026-08-17_07-48-05	[0 1 0 1 0 0]	2026-08-17_07-48-05	[1 1 1 0 0 0]	2026-08-17_07-48-05	[0]	2026-08-17_07-48-05	[0 0 0 0 0 0 0 0 0 0 0 0 0 0 0 0 0 0 0 0 0 0 0 0 0 0 0 0 0 0]	2026-08-17_07-48-05	[0 0 0 0 0 0 0 0 0 0 0 0 0 0 0 0 0 0 0 0 0 0 1 0 0 0 0 1 0 0]	2026-08-17_07-48-05	[0 1 0 1 0 0]	2026-08-17_07-48-05	[1 1 1 0 0 0]	2026-08-17_07-48-05	[0]	2026-08-17_07-48-05
3	2026-08-17_07-48-05	-1.0	2026-08-17_07-48-05	9.653640747070312	2026-08-17_07-48-05	3.055060386657715	2026-08-17_07-48-05	3.2215914726257324	2026-08-17_07-48-05	1.7324899435043335	2026-08-17_07-48-05	1.6444988250732422	2026-08-17_07-48-05	False	2026-08-17_07-48-05	[0 0 0 0 0 0 0 0 0 0 0 0 0 0 0 0 0 0 0 0 0 0 0 0 0 0 0 0 0 0]	2026-08-17_07-48-05	[0 0 0 0 0 0 0 0 0 0 0 0 0 0 0 0 0 0 0 0 0 0 1 0 0 0 0 1 0 0]	2026-08-17_07-48-05	[0 1 0 1 0 0]	2026-08-17_07-48-05	[1 1 1 0 0 0]	2026-08-17_07-48-05	[0]	2026-08-17_07-48-05	[0 0 0 0 0 0 0 0 0 1 0 0 0 0 0 0 0 0 0 0 0 0 0 0 0 0 0 0 0 0]	2026-08-17_07-48-05	[0 0 0 0 0 1 0 0 0 0 0 0 0 0 0 0 0 0 0 0 0 0 1 0 0 0 0 1 0 0]	2026-08-17_07-48-05	[0 1 0 1 0 0]	2026-08-17_07-48-05	[1 1 1 0 0 0]	2026-08-17_07-48-05	[0]	2026-08-17_07-48-05
3	2026-08-17_07-48-05	-1.0	2026-08-17_07-48-05	9.679662704467773	2026-08-17_07-48-05	3.060418128967285	2026-08-17_07-48-05	3.223820209503174	2026-08-17_07-48-05	1.7403265237808228	2026-08-17_07-48-05	1.6550979614257812	2026-08-17_07-48-05	False	2026-08-17_07-48-05	[0 0 0 0 0 0 0 0 0 1 0 0 0 0 0 0 0 0 0 0 0 0 0 0 0 0 0 0 0 0]	2026-08-17_07-48-05	[0 0 0 0 0 1 0 0 0 0 0 0 0 0 0 0 0 0 0 0 0 0 1 0 0 0 0 1 0 0]	2026-08-17_07-48-05	[0 1 0 1 0 0]	2026-08-17_07-48-05	[1 1 1 0 0 0]	2026-08-17_07-48-05	[0]	2026-08-17_07-48-05	[0 0 0 0 0 0 0 0 0 0 0 0 0 0 0 0 0 0 0 0 0 0 0 0 0 0 0 0 0 0]	2026-08-17_07-48-05	[0 0 0 0 0 0 0 0 0 0 0 0 0 0 0 0 0 0 0 0 0 0 1 0 0 0 0 1 0 0]	2026-08-17_07-48-05	[0 1 0 1 0 0]	2026-08-17_07-48-05	[1 1 1 0 0 0]	2026-08-17_07-48-05	[0]	2026-08-17_07-48-05
3	2026-08-17_07-48-05	-1.0	2026-08-17_07-48-05	9.659524917602539	2026-08-17_07-48-05	3.058525562286377	2026-08-17_07-48-05	3.2236180305480957	2026-08-17_07-48-05	1.7307250499725342	2026-08-17_07-48-05	1.6466556787490845	2026-08-17_07-48-05	False	2026-08-17_07-48-05	[0 0 0 0 0 0 0 0 0 0 0 0 0 0 0 0 0 0 0 0 0 0 0 0 0 0 0 0 0 0]	2026-08-17_07-48-05	[0 0 0 0 0 0 0 0 0 0 0 0 0 0 0 0 0 0 0 0 0 0 1 0 0 0 0 1 0 0]	2026-08-17_07-48-05	[0 1 0 1 0 0]	2026-08-17_07-48-05	[1 1 1 0 0 0]	2026-08-17_07-48-05	[0]	2026-08-17_07-48-05	[0 0 0 0 0 0 0 0 0 1 0 0 0 0 0 0 0 0 0 0 0 0 0 0 0 0 0 0 0 0]	2026-08-17_07-48-05	[0 0 0 0 0 1 0 0 0 0 0 0 0 0 0 0 0 0 0 0 0 0 1 0 0 0 0 1 0 0]	2026-08-17_07-48-05	[0 1 0 1 0 0]	2026-08-17_07-48-05	[1 1 1 0 0 0]	2026-08-17_07-48-05	[0]	2026-08-17_07-48-05
3	2026-08-17_07-48-05	-1.0	2026-08-17_07-48-05	9.70303726196289	2026-08-17_07-48-05	3.0619373321533203	2026-08-17_07-48-05	3.2244045734405518	2026-08-17_07-48-05	1.753178596496582	2026-08-17_07-48-05	1.6635173559188843	2026-08-17_07-48-05	False	2026-08-17_07-48-05	[0 0 0 0 0 0 0 0 0 1 0 0 0 0 0 0 0 0 0 0 0 0 0 0 0 0 0 0 0 0]	2026-08-17_07-48-05	[0 0 0 0 0 1 0 0 0 0 0 0 0 0 0 0 0 0 0 0 0 0 1 0 0 0 0 1 0 0]	2026-08-17_07-48-05	[0 1 0 1 0 0]	2026-08-17_07-48-05	[1 1 1 0 0 0]	2026-08-17_07-48-05	[0]	2026-08-17_07-48-05	[0 0 0 0 0 0 0 0 0 0 0 0 0 0 0 0 0 0 0 0 0 0 0 0 0 0 0 0 0 0]	2026-08-17_07-48-05	[0 0 0 0 0 0 0 0 0 0 0 0 0 0 0 0 0 0 0 0 0 0 1 0 0 0 0 1 0 0]	2026-08-17_07-48-05	[0 1 0 1 0 0]	2026-08-17_07-48-05	[1 1 1 0 0 0]	2026-08-17_07-48-05	[0]	2026-08-17_07-48-05
3	2026-08-17_07-48-05	-1.0	2026-08-17_07-48-05	9.660470962524414	2026-08-17_07-48-05	3.058582067489624	2026-08-17_07-48-05	3.223691940307617	2026-08-17_07-48-05	1.730636715888977	2026-08-17_07-48-05	1.6475600004196167	2026-08-17_07-48-05	False	2026-08-17_07-48-05	[0 0 0 0 0 0 0 0 0 0 0 0 0 0 0 0 0 0 0 0 0 0 0 0 0 0 0 0 0 0]	2026-08-17_07-48-05	[0 0 0 0 0 0 0 0 0 0 0 0 0 0 0 0 0 0 0 0 0 0 1 0 0 0 0 1 0 0]	2026-08-17_07-48-05	[0 1 0 1 0 0]	2026-08-17_07-48-05	[1 1 1 0 0 0]	2026-08-17_07-48-05	[0]	2026-08-17_07-48-05	[0 0 0 0 0 0 0 0 0 1 0 0 0 0 0 0 0 0 0 0 0 0 0 0 0 0 0 0 0 0]	2026-08-17_07-48-05	[0 0 0 0 0 1 0 0 0 0 0 0 0 0 0 0 0 0 0 0 0 0 1 0 0 0 0 1 0 0]	2026-08-17_07-48-05	[0 1 0 1 0 0]	2026-08-17_07-48-05	[1 1 1 0 0 0]	2026-08-17_07-48-05	[0]	2026-08-17_07-48-05
3	2026-08-17_07-48-05	-1.0	2026-08-17_07-48-05	9.683050155639648	2026-08-17_07-48-05	3.060511827468872	2026-08-17_07-48-05	3.224444627761841	2026-08-17_07-48-05	1.7400752305984497	2026-08-17_07-48-05	1.6580181121826172	2026-08-17_07-48-05	False	2026-08-17_07-48-05	[0 0 0 0 0 0 0 0 0 1 0 0 0 0 0 0 0 0 0 0 0 0 0 0 0 0 0 0 0 0]	2026-08-17_07-48-05	[0 0 0 0 0 1 0 0 0 0 0 0 0 0 0 0 0 0 0 0 0 0 1 0 0 0 0 1 0 0]	2026-08-17_07-48-05	[0 1 0 1 0 0]	2026-08-17_07-48-05	[1 1 1 0 0 0]	2026-08-17_07-48-05	[0]	2026-08-17_07-48-05	[0 0 0 0 0 0 0 0 0 0 0 0 0 0 0 0 0 0 0 0 0 0 0 0 0 0 0 0 0 0]	2026-08-17_07-48-05	[0 0 0 0 0 0 0 0 0 0 0 0 0 0 0 0 0 0 0 0 0 0 1 0 0 0 0 1 0 0]	2026-08-17_07-48-05	[0 1 0 1 0 0]	2026-08-17_07-48-05	[1 1 1 0 0 0]	2026-08-17_07-48-05	[0]	2026-08-17_07-48-05
3	2026-08-17_07-48-05	-1.0	2026-08-17_07-48-05	9.63987922668457	2026-08-17_07-48-05	3.0566749572753906	2026-08-17_07-48-05	3.2216243743896484	2026-08-17_07-48-05	1.7230186462402344	2026-08-17_07-48-05	1.638561487197876	2026-08-17_07-48-05	False	2026-08-17_07-48-05	[0 0 0 0 0 0 0 0 0 0 0 0 0 0 0 0 0 0 0 0 0 0 0 0 0 0 0 0 0 0]	2026-08-17_07-48-05	[0 0 0 0 0 0 0 0 0 0 0 0 0 0 0 0 0 0 0 0 0 0 1 0 0 0 0 1 0 0]	2026-08-17_07-48-05	[0 1 0 1 0 0]	2026-08-17_07-48-05	[1 1 1 0 0 0]	2026-08-17_07-48-05	[0]	2026-08-17_07-48-05	[0 0 0 0 0 0 0 0 0 1 0 0 0 0 0 0 0 0 0 0 0 0 0 0 0 0 0 0 0 0]	2026-08-17_07-48-05	[0 0 0 0 0 1 0 0 0 0 0 0 0 0 0 0 0 0 0 0 0 0 1 0 0 0 0 1 0 0]	2026-08-17_07-48-05	[0 1 0 1 0 0]	2026-08-17_07-48-05	[1 1 1 0 0 0]	2026-08-17_07-48-05	[0]	2026-08-17_07-48-05
3	2026-08-17_07-48-05	-1.0	2026-08-17_07-48-05	9.675692558288574	2026-08-17_07-48-05	3.0622880458831787	2026-08-17_07-48-05	3.224907636642456	2026-08-17_07-48-05	1.738808512687683	2026-08-17_07-48-05	1.649688959121704	2026-08-17_07-48-05	False	2026-08-17_07-48-05	[0 0 0 0 0 0 0 0 0 1 0 0 0 0 0 0 0 0 0 0 0 0 0 0 0 0 0 0 0 0]	2026-08-17_07-48-05	[0 0 0 0 0 1 0 0 0 0 0 0 0 0 0 0 0 0 0 0 0 0 1 0 0 0 0 1 0 0]	2026-08-17_07-48-05	[0 1 0 1 0 0]	2026-08-17_07-48-05	[1 1 1 0 0 0]	2026-08-17_07-48-05	[0]	2026-08-17_07-48-05	[0 0 0 0 0 0 0 0 0 0 0 0 0 0 0 0 0 0 0 0 0 0 0 0 0 0 0 0 0 0]	2026-08-17_07-48-05	[0 0 0 0 0 0 0 0 0 0 0 0 0 0 0 0 0 0 0 0 0 0 1 0 0 0 0 1 0 0]	2026-08-17_07-48-05	[0 1 0 1 0 0]	2026-08-17_07-48-05	[1 1 1 0 0 0]	2026-08-17_07-48-05	[0]	2026-08-17_07-48-05
3	2026-08-17_07-48-05	-1.0	2026-08-17_07-48-05	9.652290344238281	2026-08-17_07-48-05	3.053750514984131	2026-08-17_07-48-05	3.2207283973693848	2026-08-17_07-48-05	1.7306751012802124	2026-08-17_07-48-05	1.6471366882324219	2026-08-17_07-48-05	False	2026-08-17_07-48-05	[0 0 0 0 0 0 0 0 0 0 0 0 0 0 0 0 0 0 0 0 0 0 0 0 0 0 0 0 0 0]	2026-08-17_07-48-05	[0 0 0 0 0 0 0 0 0 0 0 0 0 0 0 0 0 0 0 0 0 0 1 0 0 0 0 1 0 0]	2026-08-17_07-48-05	[0 1 0 1 0 0]	2026-08-17_07-48-05	[1 1 1 0 0 0]	2026-08-17_07-48-05	[0]	2026-08-17_07-48-05	[0 0 0 0 0 0 0 0 0 1 0 0 0 0 0 0 0 0 0 0 0 0 0 0 0 0 0 0 0 0]	2026-08-17_07-48-05	[0 0 0 0 0 1 0 0 0 0 0 0 0 0 0 0 0 0 0 0 0 0 1 0 0 0 0 1 0 0]	2026-08-17_07-48-05	[0 1 0 1 0 0]	2026-08-17_07-48-05	[1 1 1 0 0 0]	2026-08-17_07-48-05	[0]	2026-08-17_07-48-05
3	2026-08-17_07-48-05	-1.0	2026-08-17_07-48-05	9.656209945678711	2026-08-17_07-48-05	3.0573923587799072	2026-08-17_07-48-05	3.2219297885894775	2026-08-17_07-48-05	1.7327213287353516	2026-08-17_07-48-05	1.644167423248291	2026-08-17_07-48-05	False	2026-08-17_07-48-05	[0 0 0 0 0 0 0 0 0 1 0 0 0 0 0 0 0 0 0 0 0 0 0 0 0 0 0 0 0 0]	2026-08-17_07-48-05	[0 0 0 0 0 1 0 0 0 0 0 0 0 0 0 0 0 0 0 0 0 0 1 0 0 0 0 1 0 0]	2026-08-17_07-48-05	[0 1 0 1 0 0]	2026-08-17_07-48-05	[1 1 1 0 0 0]	2026-08-17_07-48-05	[0]	2026-08-17_07-48-05	[0 0 0 0 0 0 0 0 0 0 0 0 0 0 0 0 0 0 0 0 0 0 0 0 0 0 0 0 0 0]	2026-08-17_07-48-05	[0 0 0 0 0 0 0 0 0 0 0 0 0 0 0 0 0 0 0 0 0 0 1 0 0 0 0 1 0 0]	2026-08-17_07-48-05	[0 1 0 1 0 0]	2026-08-17_07-48-05	[1 1 1 0 0 0]	2026-08-17_07-48-05	[0]	2026-08-17_07-48-05
3	2026-08-17_07-48-05	-1.0	2026-08-17_07-48-05	9.649809837341309	2026-08-17_07-48-05	3.0563642978668213	2026-08-17_07-48-05	3.221872091293335	2026-08-17_07-48-05	1.7280381917953491	2026-08-17_07-48-05	1.6435353755950928	2026-08-17_07-48-05	False	2026-08-17_07-48-05	[0 0 0 0 0 0 0 0 0 0 0 0 0 0 0 0 0 0 0 0 0 0 0 0 0 0 0 0 0 0]	2026-08-17_07-48-05	[0 0 0 0 0 0 0 0 0 0 0 0 0 0 0 0 0 0 0 0 0 0 1 0 0 0 0 1 0 0]	2026-08-17_07-48-05	[0 1 0 1 0 0]	2026-08-17_07-48-05	[1 1 1 0 0 0]	2026-08-17_07-48-05	[0]	2026-08-17_07-48-05	[0 0 0 0 0 0 0 0 0 1 0 0 0 0 0 0 0 0 0 0 0 0 0 0 0 0 0 0 0 0]	2026-08-17_07-48-05	[0 0 0 0 0 1 0 0 0 0 0 0 0 0 0 0 0 0 0 0 0 0 1 0 0 0 0 1 0 0]	2026-08-17_07-48-05	[0 1 0 1 0 0]	2026-08-17_07-48-05	[1 1 1 0 0 0]	2026-08-17_07-48-05	[0]	2026-08-17_07-48-05
3	2026-08-17_07-48-05	-1.0	2026-08-17_07-48-05	9.679272651672363	2026-08-17_07-48-05	3.058119535446167	2026-08-17_07-48-05	3.2234230041503906	2026-08-17_07-48-05	1.7438371181488037	2026-08-17_07-48-05	1.6538928747177124	2026-08-17_07-48-05	False	2026-08-17_07-48-05	[0 0 0 0 0 0 0 0 0 1 0 0 0 0 0 0 0 0 0 0 0 0 0 0 0 0 0 0 0 0]	2026-08-17_07-48-05	[0 0 0 0 0 1 0 0 0 0 0 0 0 0 0 0 0 0 0 0 0 0 1 0 0 0 0 1 0 0]	2026-08-17_07-48-05	[0 1 0 1 0 0]	2026-08-17_07-48-05	[1 1 1 0 0 0]	2026-08-17_07-48-05	[0]	2026-08-17_07-48-05	[0 0 0 0 0 0 0 0 0 0 0 0 0 0 0 0 0 0 0 0 0 0 0 0 0 0 0 0 0 0]	2026-08-17_07-48-05	[0 0 0 0 0 0 0 0 0 0 0 0 0 0 0 0 0 0 0 0 0 0 1 0 0 0 0 1 0 0]	2026-08-17_07-48-05	[0 1 0 1 0 0]	2026-08-17_07-48-05	[1 1 1 0 0 0]	2026-08-17_07-48-05	[0]	2026-08-17_07-48-05
3	2026-08-17_07-48-05	-1.0	2026-08-17_07-48-05	9.643120765686035	2026-08-17_07-48-05	3.0571820735931396	2026-08-17_07-48-05	3.2219717502593994	2026-08-17_07-48-05	1.7249388694763184	2026-08-17_07-48-05	1.6390272378921509	2026-08-17_07-48-05	False	2026-08-17_07-48-05	[0 0 0 0 0 0 0 0 0 0 0 0 0 0 0 0 0 0 0 0 0 0 0 0 0 0 0 0 0 0]	2026-08-17_07-48-05	[0 0 0 0 0 0 0 0 0 0 0 0 0 0 0 0 0 0 0 0 0 0 1 0 0 0 0 1 0 0]	2026-08-17_07-48-05	[0 1 0 1 0 0]	2026-08-17_07-48-05	[1 1 1 0 0 0]	2026-08-17_07-48-05	[0]	2026-08-17_07-48-05	[0 0 0 0 0 0 0 0 0 1 0 0 0 0 0 0 0 0 0 0 0 0 0 0 0 0 0 0 0 0]	2026-08-17_07-48-05	[0 0 0 0 0 1 0 0 0 0 0 0 0 0 0 0 0 0 0 0 0 0 1 0 0 0 0 1 0 0]	2026-08-17_07-48-05	[0 1 0 1 0 0]	2026-08-17_07-48-05	[1 1 1 0 0 0]	2026-08-17_07-48-05	[0]	2026-08-17_07-48-05
3	2026-08-17_07-48-05	-1.0	2026-08-17_07-48-05	9.685501098632812	2026-08-17_07-48-05	3.0588762760162354	2026-08-17_07-48-05	3.2223238945007324	2026-08-17_07-48-05	1.7482922077178955	2026-08-17_07-48-05	1.6560090780258179	2026-08-17_07-48-05	False	2026-08-17_07-48-05	[0 0 0 0 0 0 0 0 0 1 0 0 0 0 0 0 0 0 0 0 0 0 0 0 0 0 0 0 0 0]	2026-08-17_07-48-05	[0 0 0 0 0 1 0 0 0 0 0 0 0 0 0 0 0 0 0 0 0 0 1 0 0 0 0 1 0 0]	2026-08-17_07-48-05	[0 1 0 1 0 0]	2026-08-17_07-48-05	[1 1 1 0 0 0]	2026-08-17_07-48-05	[0]	2026-08-17_07-48-05	[0 0 0 0 0 0 0 0 0 0 0 0 0 0 0 0 0 0 0 0 0 0 0 0 0 0 0 0 0 0]	2026-08-17_07-48-05	[0 0 0 0 0 0 0 0 0 0 0 0 0 0 0 0 0 0 0 0 0 0 1 0 0 0 0 1 0 0]	2026-08-17_07-48-05	[0 1 0 1 0 0]	2026-08-17_07-48-05	[1 1 1 0 0 0]	2026-08-17_07-48-05	[0]	2026-08-17_07-48-05
3	2026-08-17_07-48-05	-1.0	2026-08-17_07-48-05	9.629988670349121	2026-08-17_07-48-05	3.0531280040740967	2026-08-17_07-48-05	3.220529317855835	2026-08-17_07-48-05	1.7169466018676758	2026-08-17_07-48-05	1.6393849849700928	2026-08-17_07-48-05	False	2026-08-17_07-48-05	[0 0 0 0 0 0 0 0 0 0 0 0 0 0 0 0 0 0 0 0 0 0 0 0 0 0 0 0 0 0]	2026-08-17_07-48-05	[0 0 0 0 0 0 0 0 0 0 0 0 0 0 0 0 0 0 0 0 0 0 1 0 0 0 0 1 0 0]	2026-08-17_07-48-05	[0 1 0 1 0 0]	2026-08-17_07-48-05	[1 1 1 0 0 0]	2026-08-17_07-48-05	[0]	2026-08-17_07-48-05	[0 0 0 0 0 0 0 0 0 1 0 0 0 0 0 0 0 0 0 0 0 0 0 0 0 0 0 0 0 0]	2026-08-17_07-48-05	[0 0 0 0 0 1 0 0 0 0 0 0 0 0 0 0 0 0 0 0 0 0 1 0 0 0 0 1 0 0]	2026-08-17_07-48-05	[0 1 0 1 0 0]	2026-08-17_07-48-05	[1 1 1 0 0 0]	2026-08-17_07-48-05	[0]	2026-08-17_07-48-05
3	2026-08-17_07-48-05	-1.0	2026-08-17_07-48-05	9.698358535766602	2026-08-17_07-48-05	3.0639195442199707	2026-08-17_07-48-05	3.2246670722961426	2026-08-17_07-48-05	1.751769781112671	2026-08-17_07-48-05	1.6580021381378174	2026-08-17_07-48-05	False	2026-08-17_07-48-05	[0 0 0 0 0 0 0 0 0 1 0 0 0 0 0 0 0 0 0 0 0 0 0 0 0 0 0 0 0 0]	2026-08-17_07-48-05	[0 0 0 0 0 1 0 0 0 0 0 0 0 0 0 0 0 0 0 0 0 0 1 0 0 0 0 1 0 0]	2026-08-17_07-48-05	[0 1 0 1 0 0]	2026-08-17_07-48-05	[1 1 1 0 0 0]	2026-08-17_07-48-05	[0]	2026-08-17_07-48-05	[0 0 0 0 0 0 0 0 0 0 0 0 0 0 0 0 0 0 0 0 0 0 0 0 0 0 0 0 0 0]	2026-08-17_07-48-05	[0 0 0 0 0 0 0 0 0 0 0 0 0 0 0 0 0 0 0 0 0 0 1 0 0 0 0 1 0 0]	2026-08-17_07-48-05	[0 1 0 1 0 0]	2026-08-17_07-48-05	[1 1 1 0 0 0]	2026-08-17_07-48-05	[0]	2026-08-17_07-48-05
3	2026-08-17_07-48-05	-1.0	2026-08-17_07-48-05	9.643438339233398	2026-08-17_07-48-05	3.059394121170044	2026-08-17_07-48-05	3.222930908203125	2026-08-17_07-48-05	1.7220406532287598	2026-08-17_07-48-05	1.6390721797943115	2026-08-17_07-48-05	False	2026-08-17_07-48-05	[0 0 0 0 0 0 0 0 0 0 0 0 0 0 0 0 0 0 0 0 0 0 0 0 0 0 0 0 0 0]	2026-08-17_07-48-05	[0 0 0 0 0 0 0 0 0 0 0 0 0 0 0 0 0 0 0 0 0 0 1 0 0 0 0 1 0 0]	2026-08-17_07-48-05	[0 1 0 1 0 0]	2026-08-17_07-48-05	[1 1 1 0 0 0]	2026-08-17_07-48-05	[0]	2026-08-17_07-48-05	[0 0 0 0 0 0 0 0 0 1 0 0 0 0 0 0 0 0 0 0 0 0 0 0 0 0 0 0 0 0]	2026-08-17_07-48-05	[0 0 0 0 0 1 0 0 0 0 0 0 0 0 0 0 0 0 0 0 0 0 1 0 0 0 0 1 0 0]	2026-08-17_07-48-05	[0 1 0 1 0 0]	2026-08-17_07-48-05	[1 1 1 0 0 0]	2026-08-17_07-48-05	[0]	2026-08-17_07-48-05
3	2026-08-17_07-48-05	-1.0	2026-08-17_07-48-05	9.661584854125977	2026-08-17_07-48-05	3.0566399097442627	2026-08-17_07-48-05	3.2212769985198975	2026-08-17_07-48-05	1.7358887195587158	2026-08-17_07-48-05	1.6477794647216797	2026-08-17_07-48-05	False	2026-08-17_07-48-05	[0 0 0 0 0 0 0 0 0 1 0 0 0 0 0 0 0 0 0 0 0 0 0 0 0 0 0 0 0 0]	2026-08-17_07-48-05	[0 0 0 0 0 1 0 0 0 0 0 0 0 0 0 0 0 0 0 0 0 0 1 0 0 0 0 1 0 0]	2026-08-17_07-48-05	[0 1 0 1 0 0]	2026-08-17_07-48-05	[1 1 1 0 0 0]	2026-08-17_07-48-05	[0]	2026-08-17_07-48-05	[0 0 0 0 0 0 0 0 0 0 0 0 0 0 0 0 0 0 0 0 0 0 0 0 0 0 0 0 0 0]	2026-08-17_07-48-05	[0 0 0 0 0 0 0 0 0 0 0 0 0 0 0 0 0 0 0 0 0 0 1 0 0 0 0 1 0 0]	2026-08-17_07-48-05	[0 1 0 1 0 0]	2026-08-17_07-48-05	[1 1 1 0 0 0]	2026-08-17_07-48-05	[0]	2026-08-17_07-48-05
3	2026-08-17_07-48-05	-1.0	2026-08-17_07-48-05	9.635969161987305	2026-08-17_07-48-05	3.053750514984131	2026-08-17_07-48-05	3.2212283611297607	2026-08-17_07-48-05	1.7205318212509155	2026-08-17_07-48-05	1.6404584646224976	2026-08-17_07-48-05	False	2026-08-17_07-48-05	[0 0 0 0 0 0 0 0 0 0 0 0 0 0 0 0 0 0 0 0 0 0 0 0 0 0 0 0 0 0]	2026-08-17_07-48-05	[0 0 0 0 0 0 0 0 0 0 0 0 0 0 0 0 0 0 0 0 0 0 1 0 0 0 0 1 0 0]	2026-08-17_07-48-05	[0 1 0 1 0 0]	2026-08-17_07-48-05	[1 1 1 0 0 0]	2026-08-17_07-48-05	[0]	2026-08-17_07-48-05	[0 0 0 0 0 0 0 0 0 1 0 0 0 0 0 0 0 0 0 0 0 0 0 0 0 0 0 0 0 0]	2026-08-17_07-48-05	[0 0 0 0 0 1 0 0 0 0 0 0 0 0 0 0 0 0 0 0 0 0 1 0 0 0 0 1 0 0]	2026-08-17_07-48-05	[0 1 0 1 0 0]	2026-08-17_07-48-05	[1 1 1 0 0 0]	2026-08-17_07-48-05	[0]	2026-08-17_07-48-05
3	2026-08-17_07-48-05	-1.0	2026-08-17_07-48-05	9.67951488494873	2026-08-17_07-48-05	3.0592658519744873	2026-08-17_07-48-05	3.2233266830444336	2026-08-17_07-48-05	1.7417137622833252	2026-08-17_07-48-05	1.6552083492279053	2026-08-17_07-48-05	False	2026-08-17_07-48-05	[0 0 0 0 0 0 0 0 0 1 0 0 0 0 0 0 0 0 0 0 0 0 0 0 0 0 0 0 0 0]	2026-08-17_07-48-05	[0 0 0 0 0 1 0 0 0 0 0 0 0 0 0 0 0 0 0 0 0 0 1 0 0 0 0 1 0 0]	2026-08-17_07-48-05	[0 1 0 1 0 0]	2026-08-17_07-48-05	[1 1 1 0 0 0]	2026-08-17_07-48-05	[0]	2026-08-17_07-48-05	[0 0 0 0 0 0 0 0 0 0 0 0 0 0 0 0 0 0 0 0 0 0 0 0 0 0 0 0 0 0]	2026-08-17_07-48-05	[0 0 0 0 0 0 0 0 0 0 0 0 0 0 0 0 0 0 0 0 0 0 1 0 0 0 0 1 0 0]	2026-08-17_07-48-05	[0 1 0 1 0 0]	2026-08-17_07-48-05	[1 1 1 0 0 0]	2026-08-17_07-48-05	[0]	2026-08-17_07-48-05
3	2026-08-17_07-48-05	-1.0	2026-08-17_07-48-05	9.668989181518555	2026-08-17_07-48-05	3.059927463531494	2026-08-17_07-48-05	3.2246224880218506	2026-08-17_07-48-05	1.7352880239486694	2026-08-17_07-48-05	1.6491518020629883	2026-08-17_07-48-05	False	2026-08-17_07-48-05	[0 0 0 0 0 0 0 0 0 0 0 0 0 0 0 0 0 0 0 0 0 0 0 0 0 0 0 0 0 0]	2026-08-17_07-48-05	[0 0 0 0 0 0 0 0 0 0 0 0 0 0 0 0 0 0 0 0 0 0 1 0 0 0 0 1 0 0]	2026-08-17_07-48-05	[0 1 0 1 0 0]	2026-08-17_07-48-05	[1 1 1 0 0 0]	2026-08-17_07-48-05	[0]	2026-08-17_07-48-05	[0 0 0 0 0 0 0 0 0 1 0 0 0 0 0 0 0 0 0 0 0 0 0 0 0 0 0 0 0 0]	2026-08-17_07-48-05	[0 0 0 0 0 1 0 0 0 0 0 0 0 0 0 0 0 0 0 0 0 0 1 0 0 0 0 1 0 0]	2026-08-17_07-48-05	[0 1 0 1 0 0]	2026-08-17_07-48-05	[1 1 1 0 0 0]	2026-08-17_07-48-05	[0]	2026-08-17_07-48-05
3	2026-08-17_07-48-05	-1.0	2026-08-17_07-48-05	9.690442085266113	2026-08-17_07-48-05	3.0606141090393066	2026-08-17_07-48-05	3.2247815132141113	2026-08-17_07-48-05	1.7467796802520752	2026-08-17_07-48-05	1.6582670211791992	2026-08-17_07-48-05	False	2026-08-17_07-48-05	[0 0 0 0 0 0 0 0 0 1 0 0 0 0 0 0 0 0 0 0 0 0 0 0 0 0 0 0 0 0]	2026-08-17_07-48-05	[0 0 0 0 0 1 0 0 0 0 0 0 0 0 0 0 0 0 0 0 0 0 1 0 0 0 0 1 0 0]	2026-08-17_07-48-05	[0 1 0 1 0 0]	2026-08-17_07-48-05	[1 1 1 0 0 0]	2026-08-17_07-48-05	[0]	2026-08-17_07-48-05	[0 0 0 0 0 0 0 0 0 0 0 0 0 0 0 0 0 0 0 0 0 0 0 0 0 0 0 0 0 0]	2026-08-17_07-48-05	[0 0 0 0 0 0 0 0 0 0 0 0 0 0 0 0 0 0 0 0 0 0 1 0 0 0 0 1 0 0]	2026-08-17_07-48-05	[0 1 0 1 0 0]	2026-08-17_07-48-05	[1 1 1 0 0 0]	2026-08-17_07-48-05	[0]	2026-08-17_07-48-05
3	2026-08-17_07-48-05	-1.0	2026-08-17_07-48-05	9.650304794311523	2026-08-17_07-48-05	3.0543761253356934	2026-08-17_07-48-05	3.2215399742126465	2026-08-17_07-48-05	1.7287101745605469	2026-08-17_07-48-05	1.6456782817840576	2026-08-17_07-48-05	False	2026-08-17_07-48-05	[0 0 0 0 0 0 0 0 0 0 0 0 0 0 0 0 0 0 0 0 0 0 0 0 0 0 0 0 0 0]	2026-08-17_07-48-05	[0 0 0 0 0 0 0 0 0 0 0 0 0 0 0 0 0 0 0 0 0 0 1 0 0 0 0 1 0 0]	2026-08-17_07-48-05	[0 1 0 1 0 0]	2026-08-17_07-48-05	[1 1 1 0 0 0]	2026-08-17_07-48-05	[0]	2026-08-17_07-48-05	[0 0 0 0 0 0 0 0 0 1 0 0 0 0 0 0 0 0 0 0 0 0 0 0 0 0 0 0 0 0]	2026-08-17_07-48-05	[0 0 0 0 0 1 0 0 0 0 0 0 0 0 0 0 0 0 0 0 0 0 1 0 0 0 0 1 0 0]	2026-08-17_07-48-05	[0 1 0 1 0 0]	2026-08-17_07-48-05	[1 1 1 0 0 0]	2026-08-17_07-48-05	[0]	2026-08-17_07-48-05
3	2026-08-17_07-48-05	-1.0	2026-08-17_07-48-05	9.659903526306152	2026-08-17_07-48-05	3.0574400424957275	2026-08-17_07-48-05	3.222912073135376	2026-08-17_07-48-05	1.7294152975082397	2026-08-17_07-48-05	1.6501362323760986	2026-08-17_07-48-05	False	2026-08-17_07-48-05	[0 0 0 0 0 0 0 0 0 1 0 0 0 0 0 0 0 0 0 0 0 0 0 0 0 0 0 0 0 0]	2026-08-17_07-48-05	[0 0 0 0 0 1 0 0 0 0 0 0 0 0 0 0 0 0 0 0 0 0 1 0 0 0 0 1 0 0]	2026-08-17_07-48-05	[0 1 0 1 0 0]	2026-08-17_07-48-05	[1 1 1 0 0 0]	2026-08-17_07-48-05	[0]	2026-08-17_07-48-05	[0 0 0 0 0 0 0 0 0 0 0 0 0 0 0 0 0 0 0 0 0 0 0 0 0 0 0 0 0 0]	2026-08-17_07-48-05	[0 0 0 0 0 0 0 0 0 0 0 0 0 0 0 0 0 0 0 0 0 0 1 0 0 0 0 1 0 0]	2026-08-17_07-48-05	[0 1 0 1 0 0]	2026-08-17_07-48-05	[1 1 1 0 0 0]	2026-08-17_07-48-05	[0]	2026-08-17_07-48-05
3	2026-08-17_07-48-05	-1.0	2026-08-17_07-48-05	9.65965747833252	2026-08-17_07-48-05	3.0592103004455566	2026-08-17_07-48-05	3.224155902862549	2026-08-17_07-48-05	1.7286756038665771	2026-08-17_07-48-05	1.6476151943206787	2026-08-17_07-48-05	False	2026-08-17_07-48-05	[0 0 0 0 0 0 0 0 0 0 0 0 0 0 0 0 0 0 0 0 0 0 0 0 0 0 0 0 0 0]	2026-08-17_07-48-05	[0 0 0 0 0 0 0 0 0 0 0 0 0 0 0 0 0 0 0 0 0 0 1 0 0 0 0 1 0 0]	2026-08-17_07-48-05	[0 1 0 1 0 0]	2026-08-17_07-48-05	[1 1 1 0 0 0]	2026-08-17_07-48-05	[0]	2026-08-17_07-48-05	[0 0 0 0 0 0 0 0 0 1 0 0 0 0 0 0 0 0 0 0 0 0 0 0 0 0 0 0 0 0]	2026-08-17_07-48-05	[0 0 0 0 0 1 0 0 0 0 0 0 0 0 0 0 0 0 0 0 0 0 1 0 0 0 0 1 0 0]	2026-08-17_07-48-05	[0 1 0 1 0 0]	2026-08-17_07-48-05	[1 1 1 0 0 0]	2026-08-17_07-48-05	[0]	2026-08-17_07-48-05
3	2026-08-17_07-48-05	-1.0	2026-08-17_07-48-05	9.688899993896484	2026-08-17_07-48-05	3.059934139251709	2026-08-17_07-48-05	3.224170207977295	2026-08-17_07-48-05	1.74479341506958	2026-08-17_07-48-05	1.6600019931793213	2026-08-17_07-48-05	False	2026-08-17_07-48-05	[0 0 0 0 0 0 0 0 0 1 0 0 0 0 0 0 0 0 0 0 0 0 0 0 0 0 0 0 0 0]	2026-08-17_07-48-05	[0 0 0 0 0 1 0 0 0 0 0 0 0 0 0 0 0 0 0 0 0 0 1 0 0 0 0 1 0 0]	2026-08-17_07-48-05	[0 1 0 1 0 0]	2026-08-17_07-48-05	[1 1 1 0 0 0]	2026-08-17_07-48-05	[0]	2026-08-17_07-48-05	[0 0 0 0 0 0 0 0 0 0 0 0 0 0 0 0 0 0 0 0 0 0 0 0 0 0 0 0 0 0]	2026-08-17_07-48-05	[0 0 0 0 0 0 0 0 0 0 0 0 0 0 0 0 0 0 0 0 0 0 1 0 0 0 0 1 0 0]	2026-08-17_07-48-05	[0 1 0 1 0 0]	2026-08-17_07-48-05	[1 1 1 0 0 0]	2026-08-17_07-48-05	[0]	2026-08-17_07-48-05
3	2026-08-17_07-48-05	-1.0	2026-08-17_07-48-05	9.660524368286133	2026-08-17_07-48-05	3.055795192718506	2026-08-17_07-48-05	3.2214162349700928	2026-08-17_07-48-05	1.7349821329116821	2026-08-17_07-48-05	1.6483304500579834	2026-08-17_07-48-05	False	2026-08-17_07-48-05	[0 0 0 0 0 0 0 0 0 0 0 0 0 0 0 0 0 0 0 0 0 0 0 0 0 0 0 0 0 0]	2026-08-17_07-48-05	[0 0 0 0 0 0 0 0 0 0 0 0 0 0 0 0 0 0 0 0 0 0 1 0 0 0 0 1 0 0]	2026-08-17_07-48-05	[0 1 0 1 0 0]	2026-08-17_07-48-05	[1 1 1 0 0 0]	2026-08-17_07-48-05	[0]	2026-08-17_07-48-05	[0 0 0 0 0 0 0 0 0 1 0 0 0 0 0 0 0 0 0 0 0 0 0 0 0 0 0 0 0 0]	2026-08-17_07-48-05	[0 0 0 0 0 1 0 0 0 0 0 0 0 0 0 0 0 0 0 0 0 0 1 0 0 0 0 1 0 0]	2026-08-17_07-48-05	[0 1 0 1 0 0]	2026-08-17_07-48-05	[1 1 1 0 0 0]	2026-08-17_07-48-05	[0]	2026-08-17_07-48-05
3	2026-08-17_07-48-05	-1.0	2026-08-17_07-48-05	9.682835578918457	2026-08-17_07-48-05	3.058628797531128	2026-08-17_07-48-05	3.222754955291748	2026-08-17_07-48-05	1.7441169023513794	2026-08-17_07-48-05	1.6573350429534912	2026-08-17_07-48-05	False	2026-08-17_07-48-05	[0 0 0 0 0 0 0 0 0 1 0 0 0 0 0 0 0 0 0 0 0 0 0 0 0 0 0 0 0 0]	2026-08-17_07-48-05	[0 0 0 0 0 1 0 0 0 0 0 0 0 0 0 0 0 0 0 0 0 0 1 0 0 0 0 1 0 0]	2026-08-17_07-48-05	[0 1 0 1 0 0]	2026-08-17_07-48-05	[1 1 1 0 0 0]	2026-08-17_07-48-05	[0]	2026-08-17_07-48-05	[0 0 0 0 0 0 0 0 0 0 0 0 0 0 0 0 0 0 0 0 0 0 0 0 0 0 0 0 0 0]	2026-08-17_07-48-05	[0 0 0 0 0 0 0 0 0 0 0 0 0 0 0 0 0 0 0 0 0 0 1 0 0 0 0 1 0 0]	2026-08-17_07-48-05	[0 1 0 1 0 0]	2026-08-17_07-48-05	[1 1 1 0 0 0]	2026-08-17_07-48-05	[0]	2026-08-17_07-48-05
3	2026-08-17_07-48-05	-1.0	2026-08-17_07-48-05	9.661971092224121	2026-08-17_07-48-05	3.0572752952575684	2026-08-17_07-48-05	3.2237143516540527	2026-08-17_07-48-05	1.7304737567901611	2026-08-17_07-48-05	1.6505075693130493	2026-08-17_07-48-05	False	2026-08-17_07-48-05	[0 0 0 0 0 0 0 0 0 0 0 0 0 0 0 0 0 0 0 0 0 0 0 0 0 0 0 0 0 0]	2026-08-17_07-48-05	[0 0 0 0 0 0 0 0 0 0 0 0 0 0 0 0 0 0 0 0 0 0 1 0 0 0 0 1 0 0]	2026-08-17_07-48-05	[0 1 0 1 0 0]	2026-08-17_07-48-05	[1 1 1 0 0 0]	2026-08-17_07-48-05	[0]	2026-08-17_07-48-05	[0 0 0 0 0 0 0 0 0 1 0 0 0 0 0 0 0 0 0 0 0 0 0 0 0 0 0 0 0 0]	2026-08-17_07-48-05	[0 0 0 0 0 1 0 0 0 0 0 0 0 0 0 0 0 0 0 0 0 0 1 0 0 0 0 1 0 0]	2026-08-17_07-48-05	[0 1 0 1 0 0]	2026-08-17_07-48-05	[1 1 1 0 0 0]	2026-08-17_07-48-05	[0]	2026-08-17_07-48-05
3	2026-08-17_07-48-05	-1.0	2026-08-17_07-48-05	9.686782836914062	2026-08-17_07-48-05	3.05967378616333	2026-08-17_07-48-05	3.2233691215515137	2026-08-17_07-48-05	1.7476412057876587	2026-08-17_07-48-05	1.6560986042022705	2026-08-17_07-48-05	False	2026-08-17_07-48-05	[0 0 0 0 0 0 0 0 0 1 0 0 0 0 0 0 0 0 0 0 0 0 0 0 0 0 0 0 0 0]	2026-08-17_07-48-05	[0 0 0 0 0 1 0 0 0 0 0 0 0 0 0 0 0 0 0 0 0 0 1 0 0 0 0 1 0 0]	2026-08-17_07-48-05	[0 1 0 1 0 0]	2026-08-17_07-48-05	[1 1 1 0 0 0]	2026-08-17_07-48-05	[0]	2026-08-17_07-48-05	[0 0 0 0 0 0 0 0 0 0 0 0 0 0 0 0 0 0 0 0 0 0 0 0 0 0 0 0 0 0]	2026-08-17_07-48-05	[0 0 0 0 0 0 0 0 0 0 0 0 0 0 0 0 0 0 0 0 0 0 1 0 0 0 0 1 0 0]	2026-08-17_07-48-05	[0 1 0 1 0 0]	2026-08-17_07-48-05	[1 1 1 0 0 0]	2026-08-17_07-48-05	[0]	2026-08-17_07-48-05
3	2026-08-17_07-48-05	-1.0	2026-08-17_07-48-05	9.641949653625488	2026-08-17_07-48-05	3.0552024841308594	2026-08-17_07-48-05	3.2218503952026367	2026-08-17_07-48-05	1.7211276292800903	2026-08-17_07-48-05	1.6437690258026123	2026-08-17_07-48-05	False	2026-08-17_07-48-05	[0 0 0 0 0 0 0 0 0 0 0 0 0 0 0 0 0 0 0 0 0 0 0 0 0 0 0 0 0 0]	2026-08-17_07-48-05	[0 0 0 0 0 0 0 0 0 0 0 0 0 0 0 0 0 0 0 0 0 0 1 0 0 0 0 1 0 0]	2026-08-17_07-48-05	[0 1 0 1 0 0]	2026-08-17_07-48-05	[1 1 1 0 0 0]	2026-08-17_07-48-05	[0]	2026-08-17_07-48-05	[0 0 0 0 0 0 0 0 0 1 0 0 0 0 0 0 0 0 0 0 0 0 0 0 0 0 0 0 0 0]	2026-08-17_07-48-05	[0 0 0 0 0 1 0 0 0 0 0 0 0 0 0 0 0 0 0 0 0 0 1 0 0 0 0 1 0 0]	2026-08-17_07-48-05	[0 1 0 1 0 0]	2026-08-17_07-48-05	[1 1 1 0 0 0]	2026-08-17_07-48-05	[0]	2026-08-17_07-48-05
3	2026-08-17_07-48-05	-1.0	2026-08-17_07-48-05	9.690768241882324	2026-08-17_07-48-05	3.058222770690918	2026-08-17_07-48-05	3.2225341796875	2026-08-17_07-48-05	1.7486621141433716	2026-08-17_07-48-05	1.6613492965698242	2026-08-17_07-48-05	False	2026-08-17_07-48-05	[0 0 0 0 0 0 0 0 0 1 0 0 0 0 0 0 0 0 0 0 0 0 0 0 0 0 0 0 0 0]	2026-08-17_07-48-05	[0 0 0 0 0 1 0 0 0 0 0 0 0 0 0 0 0 0 0 0 0 0 1 0 0 0 0 1 0 0]	2026-08-17_07-48-05	[0 1 0 1 0 0]	2026-08-17_07-48-05	[1 1 1 0 0 0]	2026-08-17_07-48-05	[0]	2026-08-17_07-48-05	[0 0 0 0 0 0 0 0 0 0 0 0 0 0 0 0 0 0 0 0 0 0 0 0 0 0 0 0 0 0]	2026-08-17_07-48-05	[0 0 0 0 0 0 0 0 0 0 0 0 0 0 0 0 0 0 0 0 0 0 1 0 0 0 0 1 0 0]	2026-08-17_07-48-05	[0 1 0 1 0 0]	2026-08-17_07-48-05	[1 1 1 0 0 0]	2026-08-17_07-48-05	[0]	2026-08-17_07-48-05
3	2026-08-17_07-48-05	-1.0	2026-08-17_07-48-05	9.669634819030762	2026-08-17_07-48-05	3.060136318206787	2026-08-17_07-48-05	3.224013566970825	2026-08-17_07-48-05	1.7363358736038208	2026-08-17_07-48-05	1.6491491794586182	2026-08-17_07-48-05	False	2026-08-17_07-48-05	[0 0 0 0 0 0 0 0 0 0 0 0 0 0 0 0 0 0 0 0 0 0 0 0 0 0 0 0 0 0]	2026-08-17_07-48-05	[0 0 0 0 0 0 0 0 0 0 0 0 0 0 0 0 0 0 0 0 0 0 1 0 0 0 0 1 0 0]	2026-08-17_07-48-05	[0 1 0 1 0 0]	2026-08-17_07-48-05	[1 1 1 0 0 0]	2026-08-17_07-48-05	[0]	2026-08-17_07-48-05	[0 0 0 0 0 0 0 0 0 1 0 0 0 0 0 0 0 0 0 0 0 0 0 0 0 0 0 0 0 0]	2026-08-17_07-48-05	[0 0 0 0 0 1 0 0 0 0 0 0 0 0 0 0 0 0 0 0 0 0 1 0 0 0 0 1 0 0]	2026-08-17_07-48-05	[0 1 0 1 0 0]	2026-08-17_07-48-05	[1 1 1 0 0 0]	2026-08-17_07-48-05	[0]	2026-08-17_07-48-05
3	2026-08-17_07-48-05	-1.0	2026-08-17_07-48-05	9.673583030700684	2026-08-17_07-48-05	3.059720277786255	2026-08-17_07-48-05	3.222989082336426	2026-08-17_07-48-05	1.7397388219833374	2026-08-17_07-48-05	1.6511352062225342	2026-08-17_07-48-05	False	2026-08-17_07-48-05	[0 0 0 0 0 0 0 0 0 1 0 0 0 0 0 0 0 0 0 0 0 0 0 0 0 0 0 0 0 0]	2026-08-17_07-48-05	[0 0 0 0 0 1 0 0 0 0 0 0 0 0 0 0 0 0 0 0 0 0 1 0 0 0 0 1 0 0]	2026-08-17_07-48-05	[0 1 0 1 0 0]	2026-08-17_07-48-05	[1 1 1 0 0 0]	2026-08-17_07-48-05	[0]	2026-08-17_07-48-05	[0 0 0 0 0 0 0 0 0 0 0 0 0 0 0 0 0 0 0 0 0 0 0 0 0 0 0 0 0 0]	2026-08-17_07-48-05	[0 0 0 0 0 0 0 0 0 0 0 0 0 0 0 0 0 0 0 0 0 0 1 0 0 0 0 1 0 0]	2026-08-17_07-48-05	[0 1 0 1 0 0]	2026-08-17_07-48-05	[1 1 1 0 0 0]	2026-08-17_07-48-05	[0]	2026-08-17_07-48-05
3	2026-08-17_07-48-05	-1.0	2026-08-17_07-48-05	9.67386531829834	2026-08-17_07-48-05	3.061673641204834	2026-08-17_07-48-05	3.2240617275238037	2026-08-17_07-48-05	1.7374346256256104	2026-08-17_07-48-05	1.650696039199829	2026-08-17_07-48-05	False	2026-08-17_07-48-05	[0 0 0 0 0 0 0 0 0 0 0 0 0 0 0 0 0 0 0 0 0 0 0 0 0 0 0 0 0 0]	2026-08-17_07-48-05	[0 0 0 0 0 0 0 0 0 0 0 0 0 0 0 0 0 0 0 0 0 0 1 0 0 0 0 1 0 0]	2026-08-17_07-48-05	[0 1 0 1 0 0]	2026-08-17_07-48-05	[1 1 1 0 0 0]	2026-08-17_07-48-05	[0]	2026-08-17_07-48-05	[0 0 0 0 0 0 0 0 0 1 0 0 0 0 0 0 0 0 0 0 0 0 0 0 0 0 0 0 0 0]	2026-08-17_07-48-05	[0 0 0 0 0 1 0 0 0 0 0 0 0 0 0 0 0 0 0 0 0 0 1 0 0 0 0 1 0 0]	2026-08-17_07-48-05	[0 1 0 1 0 0]	2026-08-17_07-48-05	[1 1 1 0 0 0]	2026-08-17_07-48-05	[0]	2026-08-17_07-48-05
3	2026-08-17_07-48-05	-1.0	2026-08-17_07-48-05	9.681608200073242	2026-08-17_07-48-05	3.0584778785705566	2026-08-17_07-48-05	3.222560167312622	2026-08-17_07-48-05	1.743731141090393	2026-08-17_07-48-05	1.6568387746810913	2026-08-17_07-48-05	False	2026-08-17_07-48-05	[0 0 0 0 0 0 0 0 0 1 0 0 0 0 0 0 0 0 0 0 0 0 0 0 0 0 0 0 0 0]	2026-08-17_07-48-05	[0 0 0 0 0 1 0 0 0 0 0 0 0 0 0 0 0 0 0 0 0 0 1 0 0 0 0 1 0 0]	2026-08-17_07-48-05	[0 1 0 1 0 0]	2026-08-17_07-48-05	[1 1 1 0 0 0]	2026-08-17_07-48-05	[0]	2026-08-17_07-48-05	[0 0 0 0 0 0 0 0 0 0 0 0 0 0 0 0 0 0 0 0 0 0 0 0 0 0 0 0 0 0]	2026-08-17_07-48-05	[0 0 0 0 0 0 0 0 0 0 0 0 0 0 0 0 0 0 0 0 0 0 1 0 0 0 0 1 0 0]	2026-08-17_07-48-05	[0 1 0 1 0 0]	2026-08-17_07-48-05	[1 1 1 0 0 0]	2026-08-17_07-48-05	[0]	2026-08-17_07-48-05
3	2026-08-17_07-48-05	-1.0	2026-08-17_07-48-05	9.650076866149902	2026-08-17_07-48-05	3.0589404106140137	2026-08-17_07-48-05	3.2233126163482666	2026-08-17_07-48-05	1.7252676486968994	2026-08-17_07-48-05	1.642556071281433	2026-08-17_07-48-05	False	2026-08-17_07-48-05	[0 0 0 0 0 0 0 0 0 0 0 0 0 0 0 0 0 0 0 0 0 0 0 0 0 0 0 0 0 0]	2026-08-17_07-48-05	[0 0 0 0 0 0 0 0 0 0 0 0 0 0 0 0 0 0 0 0 0 0 1 0 0 0 0 1 0 0]	2026-08-17_07-48-05	[0 1 0 1 0 0]	2026-08-17_07-48-05	[1 1 1 0 0 0]	2026-08-17_07-48-05	[0]	2026-08-17_07-48-05	[0 0 0 0 0 0 0 0 0 1 0 0 0 0 0 0 0 0 0 0 0 0 0 0 0 0 0 0 0 0]	2026-08-17_07-48-05	[0 0 0 0 0 1 0 0 0 0 0 0 0 0 0 0 0 0 0 0 0 0 1 0 0 0 0 1 0 0]	2026-08-17_07-48-05	[0 1 0 1 0 0]	2026-08-17_07-48-05	[1 1 1 0 0 0]	2026-08-17_07-48-05	[0]	2026-08-17_07-48-05
3	2026-08-17_07-48-05	-1.0	2026-08-17_07-48-05	9.667496681213379	2026-08-17_07-48-05	3.056467056274414	2026-08-17_07-48-05	3.221884250640869	2026-08-17_07-48-05	1.7394866943359375	2026-08-17_07-48-05	1.6496589183807373	2026-08-17_07-48-05	False	2026-08-17_07-48-05	[0 0 0 0 0 0 0 0 0 1 0 0 0 0 0 0 0 0 0 0 0 0 0 0 0 0 0 0 0 0]	2026-08-17_07-48-05	[0 0 0 0 0 1 0 0 0 0 0 0 0 0 0 0 0 0 0 0 0 0 1 0 0 0 0 1 0 0]	2026-08-17_07-48-05	[0 1 0 1 0 0]	2026-08-17_07-48-05	[1 1 1 0 0 0]	2026-08-17_07-48-05	[0]	2026-08-17_07-48-05	[0 0 0 0 0 0 0 0 0 0 0 0 0 0 0 0 0 0 0 0 0 0 0 0 0 0 0 0 0 0]	2026-08-17_07-48-05	[0 0 0 0 0 0 0 0 0 0 0 0 0 0 0 0 0 0 0 0 0 0 1 0 0 0 0 1 0 0]	2026-08-17_07-48-05	[0 1 0 1 0 0]	2026-08-17_07-48-05	[1 1 1 0 0 0]	2026-08-17_07-48-05	[0]	2026-08-17_07-48-05
3	2026-08-17_07-48-05	-1.0	2026-08-17_07-48-05	9.656352996826172	2026-08-17_07-48-05	3.056544065475464	2026-08-17_07-48-05	3.2220633029937744	2026-08-17_07-48-05	1.7304028272628784	2026-08-17_07-48-05	1.647342324256897	2026-08-17_07-48-05	False	2026-08-17_07-48-05	[0 0 0 0 0 0 0 0 0 0 0 0 0 0 0 0 0 0 0 0 0 0 0 0 0 0 0 0 0 0]	2026-08-17_07-48-05	[0 0 0 0 0 0 0 0 0 0 0 0 0 0 0 0 0 0 0 0 0 0 1 0 0 0 0 1 0 0]	2026-08-17_07-48-05	[0 1 0 1 0 0]	2026-08-17_07-48-05	[1 1 1 0 0 0]	2026-08-17_07-48-05	[0]	2026-08-17_07-48-05	[0 0 0 0 0 0 0 0 0 1 0 0 0 0 0 0 0 0 0 0 0 0 0 0 0 0 0 0 0 0]	2026-08-17_07-48-05	[0 0 0 0 0 1 0 0 0 0 0 0 0 0 0 0 0 0 0 0 0 0 1 0 0 0 0 1 0 0]	2026-08-17_07-48-05	[0 1 0 1 0 0]	2026-08-17_07-48-05	[1 1 1 0 0 0]	2026-08-17_07-48-05	[0]	2026-08-17_07-48-05
3	2026-08-17_07-48-05	-1.0	2026-08-17_07-48-05	9.694275856018066	2026-08-17_07-48-05	3.0623116493225098	2026-08-17_07-48-05	3.2246363162994385	2026-08-17_07-48-05	1.7468763589859009	2026-08-17_07-48-05	1.6604505777359009	2026-08-17_07-48-05	False	2026-08-17_07-48-05	[0 0 0 0 0 0 0 0 0 1 0 0 0 0 0 0 0 0 0 0 0 0 0 0 0 0 0 0 0 0]	2026-08-17_07-48-05	[0 0 0 0 0 1 0 0 0 0 0 0 0 0 0 0 0 0 0 0 0 0 1 0 0 0 0 1 0 0]	2026-08-17_07-48-05	[0 1 0 1 0 0]	2026-08-17_07-48-05	[1 1 1 0 0 0]	2026-08-17_07-48-05	[0]	2026-08-17_07-48-05	[0 0 0 0 0 0 0 0 0 0 0 0 0 0 0 0 0 0 0 0 0 0 0 0 0 0 0 0 0 0]	2026-08-17_07-48-05	[0 0 0 0 0 0 0 0 0 0 0 0 0 0 0 0 0 0 0 0 0 0 1 0 0 0 0 1 0 0]	2026-08-17_07-48-05	[0 1 0 1 0 0]	2026-08-17_07-48-05	[1 1 1 0 0 0]	2026-08-17_07-48-05	[0]	2026-08-17_07-48-05
3	2026-08-17_07-48-05	-1.0	2026-08-17_07-48-05	9.646377563476562	2026-08-17_07-48-05	3.0562002658843994	2026-08-17_07-48-05	3.2211906909942627	2026-08-17_07-48-05	1.7252274751663208	2026-08-17_07-48-05	1.6437582969665527	2026-08-17_07-48-05	False	2026-08-17_07-48-05	[0 0 0 0 0 0 0 0 0 0 0 0 0 0 0 0 0 0 0 0 0 0 0 0 0 0 0 0 0 0]	2026-08-17_07-48-05	[0 0 0 0 0 0 0 0 0 0 0 0 0 0 0 0 0 0 0 0 0 0 1 0 0 0 0 1 0 0]	2026-08-17_07-48-05	[0 1 0 1 0 0]	2026-08-17_07-48-05	[1 1 1 0 0 0]	2026-08-17_07-48-05	[0]	2026-08-17_07-48-05	[0 0 0 0 0 0 0 0 0 1 0 0 0 0 0 0 0 0 0 0 0 0 0 0 0 0 0 0 0 0]	2026-08-17_07-48-05	[0 0 0 0 0 1 0 0 0 0 0 0 0 0 0 0 0 0 0 0 0 0 1 0 0 0 0 1 0 0]	2026-08-17_07-48-05	[0 1 0 1 0 0]	2026-08-17_07-48-05	[1 1 1 0 0 0]	2026-08-17_07-48-05	[0]	2026-08-17_07-48-05
3	2026-08-17_07-48-05	-1.0	2026-08-17_07-48-05	9.67448616027832	2026-08-17_07-48-05	3.0596673488616943	2026-08-17_07-48-05	3.2228524684906006	2026-08-17_07-48-05	1.7436567544937134	2026-08-17_07-48-05	1.648309588432312	2026-08-17_07-48-05	False	2026-08-17_07-48-05	[0 0 0 0 0 0 0 0 0 1 0 0 0 0 0 0 0 0 0 0 0 0 0 0 0 0 0 0 0 0]	2026-08-17_07-48-05	[0 0 0 0 0 1 0 0 0 0 0 0 0 0 0 0 0 0 0 0 0 0 1 0 0 0 0 1 0 0]	2026-08-17_07-48-05	[0 1 0 1 0 0]	2026-08-17_07-48-05	[1 1 1 0 0 0]	2026-08-17_07-48-05	[0]	2026-08-17_07-48-05	[0 0 0 0 0 0 0 0 0 0 0 0 0 0 0 0 0 0 0 0 0 0 0 0 0 0 0 0 0 0]	2026-08-17_07-48-05	[0 0 0 0 0 0 0 0 0 0 0 0 0 0 0 0 0 0 0 0 0 0 1 0 0 0 0 1 0 0]	2026-08-17_07-48-05	[0 1 0 1 0 0]	2026-08-17_07-48-05	[1 1 1 0 0 0]	2026-08-17_07-48-05	[0]	2026-08-17_07-48-05
3	2026-08-17_07-48-05	-1.0	2026-08-17_07-48-05	9.660637855529785	2026-08-17_07-48-05	3.056116819381714	2026-08-17_07-48-05	3.222188949584961	2026-08-17_07-48-05	1.7316848039627075	2026-08-17_07-48-05	1.6506472826004028	2026-08-17_07-48-05	False	2026-08-17_07-48-05	[0 0 0 0 0 0 0 0 0 0 0 0 0 0 0 0 0 0 0 0 0 0 0 0 0 0 0 0 0 0]	2026-08-17_07-48-05	[0 0 0 0 0 0 0 0 0 0 0 0 0 0 0 0 0 0 0 0 0 0 1 0 0 0 0 1 0 0]	2026-08-17_07-48-05	[0 1 0 1 0 0]	2026-08-17_07-48-05	[1 1 1 0 0 0]	2026-08-17_07-48-05	[0]	2026-08-17_07-48-05	[0 0 0 0 0 0 0 0 0 1 0 0 0 0 0 0 0 0 0 0 0 0 0 0 0 0 0 0 0 0]	2026-08-17_07-48-05	[0 0 0 0 0 1 0 0 0 0 0 0 0 0 0 0 0 0 0 0 0 0 1 0 0 0 0 1 0 0]	2026-08-17_07-48-05	[0 1 0 1 0 0]	2026-08-17_07-48-05	[1 1 1 0 0 0]	2026-08-17_07-48-05	[0]	2026-08-17_07-48-05
3	2026-08-17_07-48-05	-1.0	2026-08-17_07-48-05	9.69532585144043	2026-08-17_07-48-05	3.0617032051086426	2026-08-17_07-48-05	3.2236196994781494	2026-08-17_07-48-05	1.7508978843688965	2026-08-17_07-48-05	1.6591055393218994	2026-08-17_07-48-05	False	2026-08-17_07-48-05	[0 0 0 0 0 0 0 0 0 1 0 0 0 0 0 0 0 0 0 0 0 0 0 0 0 0 0 0 0 0]	2026-08-17_07-48-05	[0 0 0 0 0 1 0 0 0 0 0 0 0 0 0 0 0 0 0 0 0 0 1 0 0 0 0 1 0 0]	2026-08-17_07-48-05	[0 1 0 1 0 0]	2026-08-17_07-48-05	[1 1 1 0 0 0]	2026-08-17_07-48-05	[0]	2026-08-17_07-48-05	[0 0 0 0 0 0 0 0 0 0 0 0 0 0 0 0 0 0 0 0 0 0 0 0 0 0 0 0 0 0]	2026-08-17_07-48-05	[0 0 0 0 0 0 0 0 0 0 0 0 0 0 0 0 0 0 0 0 0 0 1 0 0 0 0 1 0 0]	2026-08-17_07-48-05	[0 1 0 1 0 0]	2026-08-17_07-48-05	[1 1 1 0 0 0]	2026-08-17_07-48-05	[0]	2026-08-17_07-48-05
3	2026-08-17_07-48-05	-1.0	2026-08-17_07-48-05	9.651945114135742	2026-08-17_07-48-05	3.0540237426757812	2026-08-17_07-48-05	3.2212350368499756	2026-08-17_07-48-05	1.7302262783050537	2026-08-17_07-48-05	1.646459937095642	2026-08-17_07-48-05	False	2026-08-17_07-48-05	[0 0 0 0 0 0 0 0 0 0 0 0 0 0 0 0 0 0 0 0 0 0 0 0 0 0 0 0 0 0]	2026-08-17_07-48-05	[0 0 0 0 0 0 0 0 0 0 0 0 0 0 0 0 0 0 0 0 0 0 1 0 0 0 0 1 0 0]	2026-08-17_07-48-05	[0 1 0 1 0 0]	2026-08-17_07-48-05	[1 1 1 0 0 0]	2026-08-17_07-48-05	[0]	2026-08-17_07-48-05	[0 0 0 0 0 0 0 0 0 1 0 0 0 0 0 0 0 0 0 0 0 0 0 0 0 0 0 0 0 0]	2026-08-17_07-48-05	[0 0 0 0 0 1 0 0 0 0 0 0 0 0 0 0 0 0 0 0 0 0 1 0 0 0 0 1 0 0]	2026-08-17_07-48-05	[0 1 0 1 0 0]	2026-08-17_07-48-05	[1 1 1 0 0 0]	2026-08-17_07-48-05	[0]	2026-08-17_07-48-05
3	2026-08-17_07-48-05	-1.0	2026-08-17_07-48-05	9.684954643249512	2026-08-17_07-48-05	3.060701847076416	2026-08-17_07-48-05	3.2240149974823	2026-08-17_07-48-05	1.745571494102478	2026-08-17_07-48-05	1.6546669006347656	2026-08-17_07-48-05	False	2026-08-17_07-48-05	[0 0 0 0 0 0 0 0 0 1 0 0 0 0 0 0 0 0 0 0 0 0 0 0 0 0 0 0 0 0]	2026-08-17_07-48-05	[0 0 0 0 0 1 0 0 0 0 0 0 0 0 0 0 0 0 0 0 0 0 1 0 0 0 0 1 0 0]	2026-08-17_07-48-05	[0 1 0 1 0 0]	2026-08-17_07-48-05	[1 1 1 0 0 0]	2026-08-17_07-48-05	[0]	2026-08-17_07-48-05	[0 0 0 0 0 0 0 0 0 0 0 0 0 0 0 0 0 0 0 0 0 0 0 0 0 0 0 0 0 0]	2026-08-17_07-48-05	[0 0 0 0 0 0 0 0 0 0 0 0 0 0 0 0 0 0 0 0 0 0 1 0 0 0 0 1 0 0]	2026-08-17_07-48-05	[0 1 0 1 0 0]	2026-08-17_07-48-05	[1 1 1 0 0 0]	2026-08-17_07-48-05	[0]	2026-08-17_07-48-05
3	2026-08-17_07-48-05	-1.0	2026-08-17_07-48-05	9.64757251739502	2026-08-17_07-48-05	3.056986093521118	2026-08-17_07-48-05	3.2225236892700195	2026-08-17_07-48-05	1.7247062921524048	2026-08-17_07-48-05	1.6433559656143188	2026-08-17_07-48-05	False	2026-08-17_07-48-05	[0 0 0 0 0 0 0 0 0 0 0 0 0 0 0 0 0 0 0 0 0 0 0 0 0 0 0 0 0 0]	2026-08-17_07-48-05	[0 0 0 0 0 0 0 0 0 0 0 0 0 0 0 0 0 0 0 0 0 0 1 0 0 0 0 1 0 0]	2026-08-17_07-48-05	[0 1 0 1 0 0]	2026-08-17_07-48-05	[1 1 1 0 0 0]	2026-08-17_07-48-05	[0]	2026-08-17_07-48-05	[0 0 0 0 0 0 0 0 0 1 0 0 0 0 0 0 0 0 0 0 0 0 0 0 0 0 0 0 0 0]	2026-08-17_07-48-05	[0 0 0 0 0 1 0 0 0 0 0 0 0 0 0 0 0 0 0 0 0 0 1 0 0 0 0 1 0 0]	2026-08-17_07-48-05	[0 1 0 1 0 0]	2026-08-17_07-48-05	[1 1 1 0 0 0]	2026-08-17_07-48-05	[0]	2026-08-17_07-48-05
3	2026-08-17_07-48-05	-1.0	2026-08-17_07-48-05	9.686267852783203	2026-08-17_07-48-05	3.061938762664795	2026-08-17_07-48-05	3.224184513092041	2026-08-17_07-48-05	1.7446233034133911	2026-08-17_07-48-05	1.6555213928222656	2026-08-17_07-48-05	False	2026-08-17_07-48-05	[0 0 0 0 0 0 0 0 0 1 0 0 0 0 0 0 0 0 0 0 0 0 0 0 0 0 0 0 0 0]	2026-08-17_07-48-05	[0 0 0 0 0 1 0 0 0 0 0 0 0 0 0 0 0 0 0 0 0 0 1 0 0 0 0 1 0 0]	2026-08-17_07-48-05	[0 1 0 1 0 0]	2026-08-17_07-48-05	[1 1 1 0 0 0]	2026-08-17_07-48-05	[0]	2026-08-17_07-48-05	[0 0 0 0 0 0 0 0 0 0 0 0 0 0 0 0 0 0 0 0 0 0 0 0 0 0 0 0 0 0]	2026-08-17_07-48-05	[0 0 0 0 0 0 0 0 0 0 0 0 0 0 0 0 0 0 0 0 0 0 1 0 0 0 0 1 0 0]	2026-08-17_07-48-05	[0 1 0 1 0 0]	2026-08-17_07-48-05	[1 1 1 0 0 0]	2026-08-17_07-48-05	[0]	2026-08-17_07-48-05
3	2026-08-17_07-48-05	-1.0	2026-08-17_07-48-05	9.68286418914795	2026-08-17_07-48-05	3.0607223510742188	2026-08-17_07-48-05	3.2246546745300293	2026-08-17_07-48-05	1.7428247928619385	2026-08-17_07-48-05	1.6546624898910522	2026-08-17_07-48-05	False	2026-08-17_07-48-05	[0 0 0 0 0 0 0 0 0 0 0 0 0 0 0 0 0 0 0 0 0 0 0 0 0 0 0 0 0 0]	2026-08-17_07-48-05	[0 0 0 0 0 0 0 0 0 0 0 0 0 0 0 0 0 0 0 0 0 0 1 0 0 0 0 1 0 0]	2026-08-17_07-48-05	[0 1 0 1 0 0]	2026-08-17_07-48-05	[1 1 1 0 0 0]	2026-08-17_07-48-05	[0]	2026-08-17_07-48-05	[0 0 0 0 0 0 0 0 0 1 0 0 0 0 0 0 0 0 0 0 0 0 0 0 0 0 0 0 0 0]	2026-08-17_07-48-05	[0 0 0 0 0 1 0 0 0 0 0 0 0 0 0 0 0 0 0 0 0 0 1 0 0 0 0 1 0 0]	2026-08-17_07-48-05	[0 1 0 1 0 0]	2026-08-17_07-48-05	[1 1 1 0 0 0]	2026-08-17_07-48-05	[0]	2026-08-17_07-48-05
3	2026-08-17_07-48-05	-1.0	2026-08-17_07-48-05	9.652215003967285	2026-08-17_07-48-05	3.0549533367156982	2026-08-17_07-48-05	3.22121000289917	2026-08-17_07-48-05	1.7297147512435913	2026-08-17_07-48-05	1.6463372707366943	2026-08-17_07-48-05	False	2026-08-17_07-48-05	[0 0 0 0 0 0 0 0 0 1 0 0 0 0 0 0 0 0 0 0 0 0 0 0 0 0 0 0 0 0]	2026-08-17_07-48-05	[0 0 0 0 0 1 0 0 0 0 0 0 0 0 0 0 0 0 0 0 0 0 1 0 0 0 0 1 0 0]	2026-08-17_07-48-05	[0 1 0 1 0 0]	2026-08-17_07-48-05	[1 1 1 0 0 0]	2026-08-17_07-48-05	[0]	2026-08-17_07-48-05	[0 0 0 0 0 0 0 0 0 0 0 0 0 0 0 0 0 0 0 0 0 0 0 0 0 0 0 0 0 0]	2026-08-17_07-48-05	[0 0 0 0 0 0 0 0 0 0 0 0 0 0 0 0 0 0 0 0 0 0 1 0 0 0 0 1 0 0]	2026-08-17_07-48-05	[0 1 0 1 0 0]	2026-08-17_07-48-05	[1 1 1 0 0 0]	2026-08-17_07-48-05	[0]	2026-08-17_07-48-05
3	2026-08-17_07-48-05	-1.0	2026-08-17_07-48-05	9.64821720123291	2026-08-17_07-48-05	3.055370807647705	2026-08-17_07-48-05	3.2220194339752197	2026-08-17_07-48-05	1.728450059890747	2026-08-17_07-48-05	1.6423766613006592	2026-08-17_07-48-05	False	2026-08-17_07-48-05	[0 0 0 0 0 0 0 0 0 0 0 0 0 0 0 0 0 0 0 0 0 0 0 0 0 0 0 0 0 0]	2026-08-17_07-48-05	[0 0 0 0 0 0 0 0 0 0 0 0 0 0 0 0 0 0 0 0 0 0 1 0 0 0 0 1 0 0]	2026-08-17_07-48-05	[0 1 0 1 0 0]	2026-08-17_07-48-05	[1 1 1 0 0 0]	2026-08-17_07-48-05	[0]	2026-08-17_07-48-05	[0 0 0 0 0 0 0 0 0 1 0 0 0 0 0 0 0 0 0 0 0 0 0 0 0 0 0 0 0 0]	2026-08-17_07-48-05	[0 0 0 0 0 1 0 0 0 0 0 0 0 0 0 0 0 0 0 0 0 0 1 0 0 0 0 1 0 0]	2026-08-17_07-48-05	[0 1 0 1 0 0]	2026-08-17_07-48-05	[1 1 1 0 0 0]	2026-08-17_07-48-05	[0]	2026-08-17_07-48-05
3	2026-08-17_07-48-05	-1.0	2026-08-17_07-48-05	9.6650390625	2026-08-17_07-48-05	3.0584189891815186	2026-08-17_07-48-05	3.222869873046875	2026-08-17_07-48-05	1.737017035484314	2026-08-17_07-48-05	1.6467335224151611	2026-08-17_07-48-05	False	2026-08-17_07-48-05	[0 0 0 0 0 0 0 0 0 1 0 0 0 0 0 0 0 0 0 0 0 0 0 0 0 0 0 0 0 0]	2026-08-17_07-48-05	[0 0 0 0 0 1 0 0 0 0 0 0 0 0 0 0 0 0 0 0 0 0 1 0 0 0 0 1 0 0]	2026-08-17_07-48-05	[0 1 0 1 0 0]	2026-08-17_07-48-05	[1 1 1 0 0 0]	2026-08-17_07-48-05	[0]	2026-08-17_07-48-05	[0 0 0 0 0 0 0 0 0 0 0 0 0 0 0 0 0 0 0 0 0 0 0 0 0 0 0 0 0 0]	2026-08-17_07-48-05	[0 0 0 0 0 0 0 0 0 0 0 0 0 0 0 0 0 0 0 0 0 0 1 0 0 0 0 1 0 0]	2026-08-17_07-48-05	[0 1 0 1 0 0]	2026-08-17_07-48-05	[1 1 1 0 0 0]	2026-08-17_07-48-05	[0]	2026-08-17_07-48-05
3	2026-08-17_07-48-05	-1.0	2026-08-17_07-48-05	9.61744499206543	2026-08-17_07-48-05	3.051300048828125	2026-08-17_07-48-05	3.2193777561187744	2026-08-17_07-48-05	1.7140052318572998	2026-08-17_07-48-05	1.6327614784240723	2026-08-17_07-48-05	False	2026-08-17_07-48-05	[0 0 0 0 0 0 0 0 0 0 0 0 0 0 0 0 0 0 0 0 0 0 0 0 0 0 0 0 0 0]	2026-08-17_07-48-05	[0 0 0 0 0 0 0 0 0 0 0 0 0 0 0 0 0 0 0 0 0 0 1 0 0 0 0 1 0 0]	2026-08-17_07-48-05	[0 1 0 1 0 0]	2026-08-17_07-48-05	[1 1 1 0 0 0]	2026-08-17_07-48-05	[0]	2026-08-17_07-48-05	[0 0 0 0 0 0 0 0 0 1 0 0 0 0 0 0 0 0 0 0 0 0 0 0 0 0 0 0 0 0]	2026-08-17_07-48-05	[0 0 0 0 0 1 0 0 0 0 0 0 0 0 0 0 0 0 0 0 0 0 1 0 0 0 0 1 0 0]	2026-08-17_07-48-05	[0 1 0 1 0 0]	2026-08-17_07-48-05	[1 1 1 0 0 0]	2026-08-17_07-48-05	[0]	2026-08-17_07-48-05
3	2026-08-17_07-48-05	-1.0	2026-08-17_07-48-05	9.697906494140625	2026-08-17_07-48-05	3.062065362930298	2026-08-17_07-48-05	3.2246477603912354	2026-08-17_07-48-05	1.7495901584625244	2026-08-17_07-48-05	1.66160249710083	2026-08-17_07-48-05	False	2026-08-17_07-48-05	[0 0 0 0 0 0 0 0 0 1 0 0 0 0 0 0 0 0 0 0 0 0 0 0 0 0 0 0 0 0]	2026-08-17_07-48-05	[0 0 0 0 0 1 0 0 0 0 0 0 0 0 0 0 0 0 0 0 0 0 1 0 0 0 0 1 0 0]	2026-08-17_07-48-05	[0 1 0 1 0 0]	2026-08-17_07-48-05	[1 1 1 0 0 0]	2026-08-17_07-48-05	[0]	2026-08-17_07-48-05	[0 0 0 0 0 0 0 0 0 0 0 0 0 0 0 0 0 0 0 0 0 0 0 0 0 0 0 0 0 0]	2026-08-17_07-48-05	[0 0 0 0 0 0 0 0 0 0 0 0 0 0 0 0 0 0 0 0 0 0 1 0 0 0 0 1 0 0]	2026-08-17_07-48-05	[0 1 0 1 0 0]	2026-08-17_07-48-05	[1 1 1 0 0 0]	2026-08-17_07-48-05	[0]	2026-08-17_07-48-05
3	2026-08-17_07-48-05	-1.0	2026-08-17_07-48-05	9.636652946472168	2026-08-17_07-48-05	3.055062770843506	2026-08-17_07-48-05	3.2217438220977783	2026-08-17_07-48-05	1.7209227085113525	2026-08-17_07-48-05	1.6389237642288208	2026-08-17_07-48-05	False	2026-08-17_07-48-05	[0 0 0 0 0 0 0 0 0 0 0 0 0 0 0 0 0 0 0 0 0 0 0 0 0 0 0 0 0 0]	2026-08-17_07-48-05	[0 0 0 0 0 0 0 0 0 0 0 0 0 0 0 0 0 0 0 0 0 0 1 0 0 0 0 1 0 0]	2026-08-17_07-48-05	[0 1 0 1 0 0]	2026-08-17_07-48-05	[1 1 1 0 0 0]	2026-08-17_07-48-05	[0]	2026-08-17_07-48-05	[0 0 0 0 0 0 0 0 0 1 0 0 0 0 0 0 0 0 0 0 0 0 0 0 0 0 0 0 0 0]	2026-08-17_07-48-05	[0 0 0 0 0 1 0 0 0 0 0 0 0 0 0 0 0 0 0 0 0 0 1 0 0 0 0 1 0 0]	2026-08-17_07-48-05	[0 1 0 1 0 0]	2026-08-17_07-48-05	[1 1 1 0 0 0]	2026-08-17_07-48-05	[0]	2026-08-17_07-48-05
3	2026-08-17_07-48-05	-1.0	2026-08-17_07-48-05	9.663304328918457	2026-08-17_07-48-05	3.057647466659546	2026-08-17_07-48-05	3.2223377227783203	2026-08-17_07-48-05	1.73594069480896	2026-08-17_07-48-05	1.647377610206604	2026-08-17_07-48-05	False	2026-08-17_07-48-05	[0 0 0 0 0 0 0 0 0 1 0 0 0 0 0 0 0 0 0 0 0 0 0 0 0 0 0 0 0 0]	2026-08-17_07-48-05	[0 0 0 0 0 1 0 0 0 0 0 0 0 0 0 0 0 0 0 0 0 0 1 0 0 0 0 1 0 0]	2026-08-17_07-48-05	[0 1 0 1 0 0]	2026-08-17_07-48-05	[1 1 1 0 0 0]	2026-08-17_07-48-05	[0]	2026-08-17_07-48-05	[0 0 0 0 0 0 0 0 0 0 0 0 0 0 0 0 0 0 0 0 0 0 0 0 0 0 0 0 0 0]	2026-08-17_07-48-05	[0 0 0 0 0 0 0 0 0 0 0 0 0 0 0 0 0 0 0 0 0 0 1 0 0 0 0 1 0 0]	2026-08-17_07-48-05	[0 1 0 1 0 0]	2026-08-17_07-48-05	[1 1 1 0 0 0]	2026-08-17_07-48-05	[0]	2026-08-17_07-48-05
3	2026-08-17_07-48-05	-1.0	2026-08-17_07-48-05	9.643709182739258	2026-08-17_07-48-05	3.0553832054138184	2026-08-17_07-48-05	3.2221436500549316	2026-08-17_07-48-05	1.722261667251587	2026-08-17_07-48-05	1.6439208984375	2026-08-17_07-48-05	False	2026-08-17_07-48-05	[0 0 0 0 0 0 0 0 0 0 0 0 0 0 0 0 0 0 0 0 0 0 0 0 0 0 0 0 0 0]	2026-08-17_07-48-05	[0 0 0 0 0 0 0 0 0 0 0 0 0 0 0 0 0 0 0 0 0 0 1 0 0 0 0 1 0 0]	2026-08-17_07-48-05	[0 1 0 1 0 0]	2026-08-17_07-48-05	[1 1 1 0 0 0]	2026-08-17_07-48-05	[0]	2026-08-17_07-48-05	[0 0 0 0 0 0 0 0 0 1 0 0 0 0 0 0 0 0 0 0 0 0 0 0 0 0 0 0 0 0]	2026-08-17_07-48-05	[0 0 0 0 0 1 0 0 0 0 0 0 0 0 0 0 0 0 0 0 0 0 1 0 0 0 0 1 0 0]	2026-08-17_07-48-05	[0 1 0 1 0 0]	2026-08-17_07-48-05	[1 1 1 0 0 0]	2026-08-17_07-48-05	[0]	2026-08-17_07-48-05
3	2026-08-17_07-48-05	-1.0	2026-08-17_07-48-05	9.676251411437988	2026-08-17_07-48-05	3.059213399887085	2026-08-17_07-48-05	3.2238762378692627	2026-08-17_07-48-05	1.7403101921081543	2026-08-17_07-48-05	1.6528517007827759	2026-08-17_07-48-05	False	2026-08-17_07-48-05	[0 0 0 0 0 0 0 0 0 1 0 0 0 0 0 0 0 0 0 0 0 0 0 0 0 0 0 0 0 0]	2026-08-17_07-48-05	[0 0 0 0 0 1 0 0 0 0 0 0 0 0 0 0 0 0 0 0 0 0 1 0 0 0 0 1 0 0]	2026-08-17_07-48-05	[0 1 0 1 0 0]	2026-08-17_07-48-05	[1 1 1 0 0 0]	2026-08-17_07-48-05	[0]	2026-08-17_07-48-05	[0 0 0 0 0 0 0 0 0 0 0 0 0 0 0 0 0 0 0 0 0 0 0 0 0 0 0 0 0 0]	2026-08-17_07-48-05	[0 0 0 0 0 0 0 0 0 0 0 0 0 0 0 0 0 0 0 0 0 0 1 0 0 0 0 1 0 0]	2026-08-17_07-48-05	[0 1 0 1 0 0]	2026-08-17_07-48-05	[1 1 1 0 0 0]	2026-08-17_07-48-05	[0]	2026-08-17_07-48-05
4	2026-08-17_11-31-55	-1.0	2026-08-17_11-31-55	8.918930053710938	2026-08-17_11-31-55	3.0081796646118164	2026-08-17_11-31-55	3.1187634468078613	2026-08-17_11-31-55	1.2182034254074097	2026-08-17_11-31-55	1.5737829208374023	2026-08-17_11-31-55	False	2026-08-17_11-31-55	[0 0 0 0 0 0 0 0 0 0 0 0 0 0 0 0 0 0 0 0 0 0 0 0 0 0 0 0 0 0]	2026-08-17_11-31-55	[0 0 0 0 0 0 0 0 0 0 0 1 0 0 0 0 0 0 0 0 0 0 0 0 0 0 0 0 1 0]	2026-08-17_11-31-55	[0 0 0 1 0 0]	2026-08-17_11-31-55	[0 0 0 0 0 0]	2026-08-17_11-31-55	[0]	2026-08-17_11-31-55	[0 0 0 0 0 0 0 0 0 1 0 0 0 0 0 0 0 0 0 0 0 0 0 0 0 0 0 0 0 0]	2026-08-17_11-31-55	[0 0 0 0 0 0 0 0 0 0 0 1 0 0 0 0 0 0 0 0 0 0 0 0 0 1 0 0 1 0]	2026-08-17_11-31-55	[0 0 0 1 0 0]	2026-08-17_11-31-55	[0 0 0 0 0 0]	2026-08-17_11-31-55	[0]	2026-08-17_11-31-55
4	2026-08-17_11-31-56	-1.0	2026-08-17_11-31-56	8.951939582824707	2026-08-17_11-31-56	3.016648292541504	2026-08-17_11-31-56	3.117295265197754	2026-08-17_11-31-56	1.2443159818649292	2026-08-17_11-31-56	1.5736801624298096	2026-08-17_11-31-56	False	2026-08-17_11-31-56	[0 0 0 0 0 0 0 0 0 1 0 0 0 0 0 0 0 0 0 0 0 0 0 0 0 0 0 0 0 0]	2026-08-17_11-31-56	[0 0 0 0 0 0 0 0 0 0 0 1 0 0 0 0 0 0 0 0 0 0 0 0 0 1 0 0 1 0]	2026-08-17_11-31-56	[0 0 0 1 0 0]	2026-08-17_11-31-56	[0 0 0 0 0 0]	2026-08-17_11-31-56	[0]	2026-08-17_11-31-56	[0 0 0 0 0 0 0 0 0 0 0 0 0 0 0 0 0 0 0 0 0 0 0 0 0 0 0 0 0 0]	2026-08-17_11-31-56	[0 0 0 0 0 0 0 0 0 0 0 1 0 0 0 0 0 0 0 0 0 0 0 0 0 0 0 0 1 0]	2026-08-17_11-31-56	[0 0 0 1 0 0]	2026-08-17_11-31-56	[0 0 0 0 0 0]	2026-08-17_11-31-56	[0]	2026-08-17_11-31-56
4	2026-08-17_11-31-56	-1.0	2026-08-17_11-31-56	8.937087059020996	2026-08-17_11-31-56	3.0122594833374023	2026-08-17_11-31-56	3.1206183433532715	2026-08-17_11-31-56	1.229051947593689	2026-08-17_11-31-56	1.575156807899475	2026-08-17_11-31-56	False	2026-08-17_11-31-56	[0 0 0 0 0 0 0 0 0 0 0 0 0 0 0 0 0 0 0 0 0 0 0 0 0 0 0 0 0 0]	2026-08-17_11-31-56	[0 0 0 0 0 0 0 0 0 0 0 1 0 0 0 0 0 0 0 0 0 0 0 0 0 0 0 0 1 0]	2026-08-17_11-31-56	[0 0 0 1 0 0]	2026-08-17_11-31-56	[0 0 0 0 0 0]	2026-08-17_11-31-56	[0]	2026-08-17_11-31-56	[0 0 0 0 0 0 0 0 0 1 0 0 0 0 0 0 0 0 0 0 0 0 0 0 0 0 0 0 0 0]	2026-08-17_11-31-56	[0 0 0 0 0 0 0 0 0 0 0 1 0 0 0 0 0 0 0 0 0 0 0 0 0 1 0 0 1 0]	2026-08-17_11-31-56	[0 0 0 1 0 0]	2026-08-17_11-31-56	[0 0 0 0 0 0]	2026-08-17_11-31-56	[0]	2026-08-17_11-31-56
4	2026-08-17_11-31-56	-1.0	2026-08-17_11-31-56	8.94742202758789	2026-08-17_11-31-56	3.0167768001556396	2026-08-17_11-31-56	3.1170380115509033	2026-08-17_11-31-56	1.240355134010315	2026-08-17_11-31-56	1.5732524394989014	2026-08-17_11-31-56	False	2026-08-17_11-31-56	[0 0 0 0 0 0 0 0 0 1 0 0 0 0 0 0 0 0 0 0 0 0 0 0 0 0 0 0 0 0]	2026-08-17_11-31-56	[0 0 0 0 0 0 0 0 0 0 0 1 0 0 0 0 0 0 0 0 0 0 0 0 0 1 0 0 1 0]	2026-08-17_11-31-56	[0 0 0 1 0 0]	2026-08-17_11-31-56	[0 0 0 0 0 0]	2026-08-17_11-31-56	[0]	2026-08-17_11-31-56	[0 0 0 0 0 0 0 0 0 0 0 0 0 0 0 0 0 0 0 0 0 0 0 0 0 0 0 0 0 0]	2026-08-17_11-31-56	[0 0 0 0 0 0 0 0 0 0 0 1 0 0 0 0 0 0 0 0 0 0 0 0 0 0 0 0 1 0]	2026-08-17_11-31-56	[0 0 0 1 0 0]	2026-08-17_11-31-56	[0 0 0 0 0 0]	2026-08-17_11-31-56	[0]	2026-08-17_11-31-56
4	2026-08-17_11-31-56	-1.0	2026-08-17_11-31-56	8.92110824584961	2026-08-17_11-31-56	3.0094375610351562	2026-08-17_11-31-56	3.1131513118743896	2026-08-17_11-31-56	1.2309592962265015	2026-08-17_11-31-56	1.5675599575042725	2026-08-17_11-31-56	False	2026-08-17_11-31-56	[0 0 0 0 0 0 0 0 0 0 0 0 0 0 0 0 0 0 0 0 0 0 0 0 0 0 0 0 0 0]	2026-08-17_11-31-56	[0 0 0 0 0 0 0 0 0 0 0 1 0 0 0 0 0 0 0 0 0 0 0 0 0 0 0 0 1 0]	2026-08-17_11-31-56	[0 0 0 1 0 0]	2026-08-17_11-31-56	[0 0 0 0 0 0]	2026-08-17_11-31-56	[0]	2026-08-17_11-31-56	[0 0 0 0 0 0 0 0 0 1 0 0 0 0 0 0 0 0 0 0 0 0 0 0 0 0 0 0 0 0]	2026-08-17_11-31-56	[0 0 0 0 0 0 0 0 0 0 0 1 0 0 0 0 0 0 0 0 0 0 0 0 0 1 0 0 1 0]	2026-08-17_11-31-56	[0 0 0 1 0 0]	2026-08-17_11-31-56	[0 0 0 0 0 0]	2026-08-17_11-31-56	[0]	2026-08-17_11-31-56
4	2026-08-17_11-31-56	-1.0	2026-08-17_11-31-56	8.986444473266602	2026-08-17_11-31-56	3.0252788066864014	2026-08-17_11-31-56	3.1203839778900146	2026-08-17_11-31-56	1.265122413635254	2026-08-17_11-31-56	1.5756587982177734	2026-08-17_11-31-56	False	2026-08-17_11-31-56	[0 0 0 0 0 0 0 0 0 1 0 0 0 0 0 0 0 0 0 0 0 0 0 0 0 0 0 0 0 0]	2026-08-17_11-31-56	[0 0 0 0 0 0 0 0 0 0 0 1 0 0 0 0 0 0 0 0 0 0 0 0 0 1 0 0 1 0]	2026-08-17_11-31-56	[0 0 0 1 0 0]	2026-08-17_11-31-56	[0 0 0 0 0 0]	2026-08-17_11-31-56	[0]	2026-08-17_11-31-56	[0 0 0 0 0 0 0 0 0 0 0 0 0 0 0 0 0 0 0 0 0 0 0 0 0 0 0 0 0 0]	2026-08-17_11-31-56	[0 0 0 0 0 0 0 0 0 0 0 1 0 0 0 0 0 0 0 0 0 0 0 0 0 0 0 0 1 0]	2026-08-17_11-31-56	[0 0 0 1 0 0]	2026-08-17_11-31-56	[0 0 0 0 0 0]	2026-08-17_11-31-56	[0]	2026-08-17_11-31-56
4	2026-08-17_11-31-56	-1.0	2026-08-17_11-31-56	8.898571014404297	2026-08-17_11-31-56	3.003580093383789	2026-08-17_11-31-56	3.1159067153930664	2026-08-17_11-31-56	1.206186294555664	2026-08-17_11-31-56	1.572898030281067	2026-08-17_11-31-56	False	2026-08-17_11-31-56	[0 0 0 0 0 0 0 0 0 0 0 0 0 0 0 0 0 0 0 0 0 0 0 0 0 0 0 0 0 0]	2026-08-17_11-31-56	[0 0 0 0 0 0 0 0 0 0 0 1 0 0 0 0 0 0 0 0 0 0 0 0 0 0 0 0 1 0]	2026-08-17_11-31-56	[0 0 0 1 0 0]	2026-08-17_11-31-56	[0 0 0 0 0 0]	2026-08-17_11-31-56	[0]	2026-08-17_11-31-56	[0 0 0 0 0 0 0 0 0 1 0 0 0 0 0 0 0 0 0 0 0 0 0 0 0 0 0 0 0 0]	2026-08-17_11-31-56	[0 0 0 0 0 0 0 0 0 0 0 1 0 0 0 0 0 0 0 0 0 0 0 0 0 1 0 0 1 0]	2026-08-17_11-31-56	[0 0 0 1 0 0]	2026-08-17_11-31-56	[0 0 0 0 0 0]	2026-08-17_11-31-56	[0]	2026-08-17_11-31-56
4	2026-08-17_11-31-56	-1.0	2026-08-17_11-31-56	8.945671081542969	2026-08-17_11-31-56	3.016627788543701	2026-08-17_11-31-56	3.1151089668273926	2026-08-17_11-31-56	1.2450817823410034	2026-08-17_11-31-56	1.5688519477844238	2026-08-17_11-31-56	False	2026-08-17_11-31-56	[0 0 0 0 0 0 0 0 0 1 0 0 0 0 0 0 0 0 0 0 0 0 0 0 0 0 0 0 0 0]	2026-08-17_11-31-56	[0 0 0 0 0 0 0 0 0 0 0 1 0 0 0 0 0 0 0 0 0 0 0 0 0 1 0 0 1 0]	2026-08-17_11-31-56	[0 0 0 1 0 0]	2026-08-17_11-31-56	[0 0 0 0 0 0]	2026-08-17_11-31-56	[0]	2026-08-17_11-31-56	[0 0 0 0 0 0 0 0 0 0 0 0 0 0 0 0 0 0 0 0 0 0 0 0 0 0 0 0 0 0]	2026-08-17_11-31-56	[0 0 0 0 0 0 0 0 0 0 0 1 0 0 0 0 0 0 0 0 0 0 0 0 0 0 0 0 1 0]	2026-08-17_11-31-56	[0 0 0 1 0 0]	2026-08-17_11-31-56	[0 0 0 0 0 0]	2026-08-17_11-31-56	[0]	2026-08-17_11-31-56
4	2026-08-17_11-31-56	-1.0	2026-08-17_11-31-56	8.865752220153809	2026-08-17_11-31-56	2.9980533123016357	2026-08-17_11-31-56	3.115093469619751	2026-08-17_11-31-56	1.187118411064148	2026-08-17_11-31-56	1.5654865503311157	2026-08-17_11-31-56	False	2026-08-17_11-31-56	[0 0 0 0 0 0 0 0 0 0 0 0 0 0 0 0 0 0 0 0 0 0 0 0 0 0 0 0 0 0]	2026-08-17_11-31-56	[0 0 0 0 0 0 0 0 0 0 0 1 0 0 0 0 0 0 0 0 0 0 0 0 0 0 0 0 1 0]	2026-08-17_11-31-56	[0 0 0 1 0 0]	2026-08-17_11-31-56	[0 0 0 0 0 0]	2026-08-17_11-31-56	[0]	2026-08-17_11-31-56	[0 0 0 0 0 0 0 0 0 1 0 0 0 0 0 0 0 0 0 0 0 0 0 0 0 0 0 0 0 0]	2026-08-17_11-31-56	[0 0 0 0 0 0 0 0 0 0 0 1 0 0 0 0 0 0 0 0 0 0 0 0 0 1 0 0 1 0]	2026-08-17_11-31-56	[0 0 0 1 0 0]	2026-08-17_11-31-56	[0 0 0 0 0 0]	2026-08-17_11-31-56	[0]	2026-08-17_11-31-56
4	2026-08-17_11-31-56	-1.0	2026-08-17_11-31-56	8.991678237915039	2026-08-17_11-31-56	3.0260777473449707	2026-08-17_11-31-56	3.1216988563537598	2026-08-17_11-31-56	1.265633225440979	2026-08-17_11-31-56	1.578268051147461	2026-08-17_11-31-56	False	2026-08-17_11-31-56	[0 0 0 0 0 0 0 0 0 1 0 0 0 0 0 0 0 0 0 0 0 0 0 0 0 0 0 0 0 0]	2026-08-17_11-31-56	[0 0 0 0 0 0 0 0 0 0 0 1 0 0 0 0 0 0 0 0 0 0 0 0 0 1 0 0 1 0]	2026-08-17_11-31-56	[0 0 0 1 0 0]	2026-08-17_11-31-56	[0 0 0 0 0 0]	2026-08-17_11-31-56	[0]	2026-08-17_11-31-56	[0 0 0 0 0 0 0 0 0 0 0 0 0 0 0 0 0 0 0 0 0 0 0 0 0 0 0 0 0 0]	2026-08-17_11-31-56	[0 0 0 0 0 0 0 0 0 0 0 1 0 0 0 0 0 0 0 0 0 0 0 0 0 0 0 0 1 0]	2026-08-17_11-31-56	[0 0 0 1 0 0]	2026-08-17_11-31-56	[0 0 0 0 0 0]	2026-08-17_11-31-56	[0]	2026-08-17_11-31-56
4	2026-08-17_11-31-56	-1.0	2026-08-17_11-31-56	8.9217529296875	2026-08-17_11-31-56	3.0087554454803467	2026-08-17_11-31-56	3.1179375648498535	2026-08-17_11-31-56	1.2235479354858398	2026-08-17_11-31-56	1.5715123414993286	2026-08-17_11-31-56	False	2026-08-17_11-31-56	[0 0 0 0 0 0 0 0 0 0 0 0 0 0 0 0 0 0 0 0 0 0 0 0 0 0 0 0 0 0]	2026-08-17_11-31-56	[0 0 0 0 0 0 0 0 0 0 0 1 0 0 0 0 0 0 0 0 0 0 0 0 0 0 0 0 1 0]	2026-08-17_11-31-56	[0 0 0 1 0 0]	2026-08-17_11-31-56	[0 0 0 0 0 0]	2026-08-17_11-31-56	[0]	2026-08-17_11-31-56	[0 0 0 0 0 0 0 0 0 1 0 0 0 0 0 0 0 0 0 0 0 0 0 0 0 0 0 0 0 0]	2026-08-17_11-31-56	[0 0 0 0 0 0 0 0 0 0 0 1 0 0 0 0 0 0 0 0 0 0 0 0 0 1 0 0 1 0]	2026-08-17_11-31-56	[0 0 0 1 0 0]	2026-08-17_11-31-56	[0 0 0 0 0 0]	2026-08-17_11-31-56	[0]	2026-08-17_11-31-56
4	2026-08-17_11-31-56	-1.0	2026-08-17_11-31-56	8.965829849243164	2026-08-17_11-31-56	3.0241293907165527	2026-08-17_11-31-56	3.1209189891815186	2026-08-17_11-31-56	1.251242756843567	2026-08-17_11-31-56	1.5695387125015259	2026-08-17_11-31-56	False	2026-08-17_11-31-56	[0 0 0 0 0 0 0 0 0 1 0 0 0 0 0 0 0 0 0 0 0 0 0 0 0 0 0 0 0 0]	2026-08-17_11-31-56	[0 0 0 0 0 0 0 0 0 0 0 1 0 0 0 0 0 0 0 0 0 0 0 0 0 1 0 0 1 0]	2026-08-17_11-31-56	[0 0 0 1 0 0]	2026-08-17_11-31-56	[0 0 0 0 0 0]	2026-08-17_11-31-56	[0]	2026-08-17_11-31-56	[0 0 0 0 0 0 0 0 0 0 0 0 0 0 0 0 0 0 0 0 0 0 0 0 0 0 0 0 0 0]	2026-08-17_11-31-56	[0 0 0 0 0 0 0 0 0 0 0 1 0 0 0 0 0 0 0 0 0 0 0 0 0 0 0 0 1 0]	2026-08-17_11-31-56	[0 0 0 1 0 0]	2026-08-17_11-31-56	[0 0 0 0 0 0]	2026-08-17_11-31-56	[0]	2026-08-17_11-31-56
4	2026-08-17_11-31-56	-1.0	2026-08-17_11-31-56	8.902069091796875	2026-08-17_11-31-56	3.005457878112793	2026-08-17_11-31-56	3.1162171363830566	2026-08-17_11-31-56	1.212584376335144	2026-08-17_11-31-56	1.567809820175171	2026-08-17_11-31-56	False	2026-08-17_11-31-56	[0 0 0 0 0 0 0 0 0 0 0 0 0 0 0 0 0 0 0 0 0 0 0 0 0 0 0 0 0 0]	2026-08-17_11-31-56	[0 0 0 0 0 0 0 0 0 0 0 1 0 0 0 0 0 0 0 0 0 0 0 0 0 0 0 0 1 0]	2026-08-17_11-31-56	[0 0 0 1 0 0]	2026-08-17_11-31-56	[0 0 0 0 0 0]	2026-08-17_11-31-56	[0]	2026-08-17_11-31-56	[0 0 0 0 0 0 0 0 0 1 0 0 0 0 0 0 0 0 0 0 0 0 0 0 0 0 0 0 0 0]	2026-08-17_11-31-56	[0 0 0 0 0 0 0 0 0 0 0 1 0 0 0 0 0 0 0 0 0 0 0 0 0 1 0 0 1 0]	2026-08-17_11-31-56	[0 0 0 1 0 0]	2026-08-17_11-31-56	[0 0 0 0 0 0]	2026-08-17_11-31-56	[0]	2026-08-17_11-31-56
4	2026-08-17_11-31-56	-1.0	2026-08-17_11-31-56	8.952384948730469	2026-08-17_11-31-56	3.019099235534668	2026-08-17_11-31-56	3.119903326034546	2026-08-17_11-31-56	1.243992805480957	2026-08-17_11-31-56	1.5693893432617188	2026-08-17_11-31-56	False	2026-08-17_11-31-56	[0 0 0 0 0 0 0 0 0 1 0 0 0 0 0 0 0 0 0 0 0 0 0 0 0 0 0 0 0 0]	2026-08-17_11-31-56	[0 0 0 0 0 0 0 0 0 0 0 1 0 0 0 0 0 0 0 0 0 0 0 0 0 1 0 0 1 0]	2026-08-17_11-31-56	[0 0 0 1 0 0]	2026-08-17_11-31-56	[0 0 0 0 0 0]	2026-08-17_11-31-56	[0]	2026-08-17_11-31-56	[0 0 0 0 0 0 0 0 0 0 0 0 0 0 0 0 0 0 0 0 0 0 0 0 0 0 0 0 0 0]	2026-08-17_11-31-56	[0 0 0 0 0 0 0 0 0 0 0 1 0 0 0 0 0 0 0 0 0 0 0 0 0 0 0 0 1 0]	2026-08-17_11-31-56	[0 0 0 1 0 0]	2026-08-17_11-31-56	[0 0 0 0 0 0]	2026-08-17_11-31-56	[0]	2026-08-17_11-31-56
4	2026-08-17_11-31-56	-1.0	2026-08-17_11-31-56	8.85584831237793	2026-08-17_11-31-56	2.999333620071411	2026-08-17_11-31-56	3.1161231994628906	2026-08-17_11-31-56	1.181433916091919	2026-08-17_11-31-56	1.5589582920074463	2026-08-17_11-31-56	False	2026-08-17_11-31-56	[0 0 0 0 0 0 0 0 0 0 0 0 0 0 0 0 0 0 0 0 0 0 0 0 0 0 0 0 0 0]	2026-08-17_11-31-56	[0 0 0 0 0 0 0 0 0 0 0 1 0 0 0 0 0 0 0 0 0 0 0 0 0 0 0 0 1 0]	2026-08-17_11-31-56	[0 0 0 1 0 0]	2026-08-17_11-31-56	[0 0 0 0 0 0]	2026-08-17_11-31-56	[0]	2026-08-17_11-31-56	[0 0 0 0 0 0 0 0 0 1 0 0 0 0 0 0 0 0 0 0 0 0 0 0 0 0 0 0 0 0]	2026-08-17_11-31-56	[0 0 0 0 0 0 0 0 0 0 0 1 0 0 0 0 0 0 0 0 0 0 0 0 0 1 0 0 1 0]	2026-08-17_11-31-56	[0 0 0 1 0 0]	2026-08-17_11-31-56	[0 0 0 0 0 0]	2026-08-17_11-31-56	[0]	2026-08-17_11-31-56
4	2026-08-17_11-31-56	-1.0	2026-08-17_11-31-56	8.943056106567383	2026-08-17_11-31-56	3.0156173706054688	2026-08-17_11-31-56	3.1169047355651855	2026-08-17_11-31-56	1.237134575843811	2026-08-17_11-31-56	1.5733994245529175	2026-08-17_11-31-56	False	2026-08-17_11-31-56	[0 0 0 0 0 0 0 0 0 1 0 0 0 0 0 0 0 0 0 0 0 0 0 0 0 0 0 0 0 0]	2026-08-17_11-31-56	[0 0 0 0 0 0 0 0 0 0 0 1 0 0 0 0 0 0 0 0 0 0 0 0 0 1 0 0 1 0]	2026-08-17_11-31-56	[0 0 0 1 0 0]	2026-08-17_11-31-56	[0 0 0 0 0 0]	2026-08-17_11-31-56	[0]	2026-08-17_11-31-56	[0 0 0 0 0 0 0 0 0 0 0 0 0 0 0 0 0 0 0 0 0 0 0 0 0 0 0 0 0 0]	2026-08-17_11-31-56	[0 0 0 0 0 0 0 0 0 0 0 1 0 0 0 0 0 0 0 0 0 0 0 0 0 0 0 0 1 0]	2026-08-17_11-31-56	[0 0 0 1 0 0]	2026-08-17_11-31-56	[0 0 0 0 0 0]	2026-08-17_11-31-56	[0]	2026-08-17_11-31-56
4	2026-08-17_11-31-56	-1.0	2026-08-17_11-31-56	8.888923645019531	2026-08-17_11-31-56	3.005805015563965	2026-08-17_11-31-56	3.1173691749572754	2026-08-17_11-31-56	1.2005401849746704	2026-08-17_11-31-56	1.5652095079421997	2026-08-17_11-31-56	False	2026-08-17_11-31-56	[0 0 0 0 0 0 0 0 0 0 0 0 0 0 0 0 0 0 0 0 0 0 0 0 0 0 0 0 0 0]	2026-08-17_11-31-56	[0 0 0 0 0 0 0 0 0 0 0 1 0 0 0 0 0 0 0 0 0 0 0 0 0 0 0 0 1 0]	2026-08-17_11-31-56	[0 0 0 1 0 0]	2026-08-17_11-31-56	[0 0 0 0 0 0]	2026-08-17_11-31-56	[0]	2026-08-17_11-31-56	[0 0 0 0 0 0 0 0 0 1 0 0 0 0 0 0 0 0 0 0 0 0 0 0 0 0 0 0 0 0]	2026-08-17_11-31-56	[0 0 0 0 0 0 0 0 0 0 0 1 0 0 0 0 0 0 0 0 0 0 0 0 0 1 0 0 1 0]	2026-08-17_11-31-56	[0 0 0 1 0 0]	2026-08-17_11-31-56	[0 0 0 0 0 0]	2026-08-17_11-31-56	[0]	2026-08-17_11-31-56
4	2026-08-17_11-31-56	-1.0	2026-08-17_11-31-56	8.968459129333496	2026-08-17_11-31-56	3.021246910095215	2026-08-17_11-31-56	3.1171743869781494	2026-08-17_11-31-56	1.2543283700942993	2026-08-17_11-31-56	1.575709581375122	2026-08-17_11-31-56	False	2026-08-17_11-31-56	[0 0 0 0 0 0 0 0 0 1 0 0 0 0 0 0 0 0 0 0 0 0 0 0 0 0 0 0 0 0]	2026-08-17_11-31-56	[0 0 0 0 0 0 0 0 0 0 0 1 0 0 0 0 0 0 0 0 0 0 0 0 0 1 0 0 1 0]	2026-08-17_11-31-56	[0 0 0 1 0 0]	2026-08-17_11-31-56	[0 0 0 0 0 0]	2026-08-17_11-31-56	[0]	2026-08-17_11-31-56	[0 0 0 0 0 0 0 0 0 0 0 0 0 0 0 0 0 0 0 0 0 0 0 0 0 0 0 0 0 0]	2026-08-17_11-31-56	[0 0 0 0 0 0 0 0 0 0 0 1 0 0 0 0 0 0 0 0 0 0 0 0 0 0 0 0 1 0]	2026-08-17_11-31-56	[0 0 0 1 0 0]	2026-08-17_11-31-56	[0 0 0 0 0 0]	2026-08-17_11-31-56	[0]	2026-08-17_11-31-56
4	2026-08-17_11-31-56	-1.0	2026-08-17_11-31-56	8.887186050415039	2026-08-17_11-31-56	3.004441738128662	2026-08-17_11-31-56	3.116370677947998	2026-08-17_11-31-56	1.202497959136963	2026-08-17_11-31-56	1.5638761520385742	2026-08-17_11-31-56	False	2026-08-17_11-31-56	[0 0 0 0 0 0 0 0 0 0 0 0 0 0 0 0 0 0 0 0 0 0 0 0 0 0 0 0 0 0]	2026-08-17_11-31-56	[0 0 0 0 0 0 0 0 0 0 0 1 0 0 0 0 0 0 0 0 0 0 0 0 0 0 0 0 1 0]	2026-08-17_11-31-56	[0 0 0 1 0 0]	2026-08-17_11-31-56	[0 0 0 0 0 0]	2026-08-17_11-31-56	[0]	2026-08-17_11-31-56	[0 0 0 0 0 0 0 0 0 1 0 0 0 0 0 0 0 0 0 0 0 0 0 0 0 0 0 0 0 0]	2026-08-17_11-31-56	[0 0 0 0 0 0 0 0 0 0 0 1 0 0 0 0 0 0 0 0 0 0 0 0 0 1 0 0 1 0]	2026-08-17_11-31-56	[0 0 0 1 0 0]	2026-08-17_11-31-56	[0 0 0 0 0 0]	2026-08-17_11-31-56	[0]	2026-08-17_11-31-56
4	2026-08-17_11-31-56	-1.0	2026-08-17_11-31-56	8.944173812866211	2026-08-17_11-31-56	3.0174453258514404	2026-08-17_11-31-56	3.118912696838379	2026-08-17_11-31-56	1.2343266010284424	2026-08-17_11-31-56	1.5734889507293701	2026-08-17_11-31-56	False	2026-08-17_11-31-56	[0 0 0 0 0 0 0 0 0 1 0 0 0 0 0 0 0 0 0 0 0 0 0 0 0 0 0 0 0 0]	2026-08-17_11-31-56	[0 0 0 0 0 0 0 0 0 0 0 1 0 0 0 0 0 0 0 0 0 0 0 0 0 1 0 0 1 0]	2026-08-17_11-31-56	[0 0 0 1 0 0]	2026-08-17_11-31-56	[0 0 0 0 0 0]	2026-08-17_11-31-56	[0]	2026-08-17_11-31-56	[0 0 0 0 0 0 0 0 0 0 0 0 0 0 0 0 0 0 0 0 0 0 0 0 0 0 0 0 0 0]	2026-08-17_11-31-56	[0 0 0 0 0 0 0 0 0 0 0 1 0 0 0 0 0 0 0 0 0 0 0 0 0 0 0 0 1 0]	2026-08-17_11-31-56	[0 0 0 1 0 0]	2026-08-17_11-31-56	[0 0 0 0 0 0]	2026-08-17_11-31-56	[0]	2026-08-17_11-31-56
4	2026-08-17_11-31-56	-1.0	2026-08-17_11-31-56	8.870333671569824	2026-08-17_11-31-56	2.997150421142578	2026-08-17_11-31-56	3.1118698120117188	2026-08-17_11-31-56	1.1934813261032104	2026-08-17_11-31-56	1.5678317546844482	2026-08-17_11-31-56	False	2026-08-17_11-31-56	[0 0 0 0 0 0 0 0 0 0 0 0 0 0 0 0 0 0 0 0 0 0 0 0 0 0 0 0 0 0]	2026-08-17_11-31-56	[0 0 0 0 0 0 0 0 0 0 0 1 0 0 0 0 0 0 0 0 0 0 0 0 0 0 0 0 1 0]	2026-08-17_11-31-56	[0 0 0 1 0 0]	2026-08-17_11-31-56	[0 0 0 0 0 0]	2026-08-17_11-31-56	[0]	2026-08-17_11-31-56	[0 0 0 0 0 0 0 0 0 1 0 0 0 0 0 0 0 0 0 0 0 0 0 0 0 0 0 0 0 0]	2026-08-17_11-31-56	[0 0 0 0 0 0 0 0 0 0 0 1 0 0 0 0 0 0 0 0 0 0 0 0 0 1 0 0 1 0]	2026-08-17_11-31-56	[0 0 0 1 0 0]	2026-08-17_11-31-56	[0 0 0 0 0 0]	2026-08-17_11-31-56	[0]	2026-08-17_11-31-56
4	2026-08-17_11-31-56	-1.0	2026-08-17_11-31-56	8.94206428527832	2026-08-17_11-31-56	3.0150322914123535	2026-08-17_11-31-56	3.115936517715454	2026-08-17_11-31-56	1.2401587963104248	2026-08-17_11-31-56	1.5709363222122192	2026-08-17_11-31-56	False	2026-08-17_11-31-56	[0 0 0 0 0 0 0 0 0 1 0 0 0 0 0 0 0 0 0 0 0 0 0 0 0 0 0 0 0 0]	2026-08-17_11-31-56	[0 0 0 0 0 0 0 0 0 0 0 1 0 0 0 0 0 0 0 0 0 0 0 0 0 1 0 0 1 0]	2026-08-17_11-31-56	[0 0 0 1 0 0]	2026-08-17_11-31-56	[0 0 0 0 0 0]	2026-08-17_11-31-56	[0]	2026-08-17_11-31-56	[0 0 0 0 0 0 0 0 0 0 0 0 0 0 0 0 0 0 0 0 0 0 0 0 0 0 0 0 0 0]	2026-08-17_11-31-56	[0 0 0 0 0 0 0 0 0 0 0 1 0 0 0 0 0 0 0 0 0 0 0 0 0 0 0 0 1 0]	2026-08-17_11-31-56	[0 0 0 1 0 0]	2026-08-17_11-31-56	[0 0 0 0 0 0]	2026-08-17_11-31-56	[0]	2026-08-17_11-31-56
4	2026-08-17_11-31-56	-1.0	2026-08-17_11-31-56	8.878850936889648	2026-08-17_11-31-56	2.9993643760681152	2026-08-17_11-31-56	3.114281415939331	2026-08-17_11-31-56	1.1967881917953491	2026-08-17_11-31-56	1.568416714668274	2026-08-17_11-31-56	False	2026-08-17_11-31-56	[0 0 0 0 0 0 0 0 0 0 0 0 0 0 0 0 0 0 0 0 0 0 0 0 0 0 0 0 0 0]	2026-08-17_11-31-56	[0 0 0 0 0 0 0 0 0 0 0 1 0 0 0 0 0 0 0 0 0 0 0 0 0 0 0 0 1 0]	2026-08-17_11-31-56	[0 0 0 1 0 0]	2026-08-17_11-31-56	[0 0 0 0 0 0]	2026-08-17_11-31-56	[0]	2026-08-17_11-31-56	[0 0 0 0 0 0 0 0 0 1 0 0 0 0 0 0 0 0 0 0 0 0 0 0 0 0 0 0 0 0]	2026-08-17_11-31-56	[0 0 0 0 0 0 0 0 0 0 0 1 0 0 0 0 0 0 0 0 0 0 0 0 0 1 0 0 1 0]	2026-08-17_11-31-56	[0 0 0 1 0 0]	2026-08-17_11-31-56	[0 0 0 0 0 0]	2026-08-17_11-31-56	[0]	2026-08-17_11-31-56
4	2026-08-17_11-31-56	-1.0	2026-08-17_11-31-56	8.934831619262695	2026-08-17_11-31-56	3.0116257667541504	2026-08-17_11-31-56	3.116074562072754	2026-08-17_11-31-56	1.235242247581482	2026-08-17_11-31-56	1.57188880443573	2026-08-17_11-31-56	False	2026-08-17_11-31-56	[0 0 0 0 0 0 0 0 0 1 0 0 0 0 0 0 0 0 0 0 0 0 0 0 0 0 0 0 0 0]	2026-08-17_11-31-56	[0 0 0 0 0 0 0 0 0 0 0 1 0 0 0 0 0 0 0 0 0 0 0 0 0 1 0 0 1 0]	2026-08-17_11-31-56	[0 0 0 1 0 0]	2026-08-17_11-31-56	[0 0 0 0 0 0]	2026-08-17_11-31-56	[0]	2026-08-17_11-31-56	[0 0 0 0 0 0 0 0 0 0 0 0 0 0 0 0 0 0 0 0 0 0 0 0 0 0 0 0 0 0]	2026-08-17_11-31-56	[0 0 0 0 0 0 0 0 0 0 0 1 0 0 0 0 0 0 0 0 0 0 0 0 0 0 0 0 1 0]	2026-08-17_11-31-56	[0 0 0 1 0 0]	2026-08-17_11-31-56	[0 0 0 0 0 0]	2026-08-17_11-31-56	[0]	2026-08-17_11-31-56
4	2026-08-17_11-31-56	-1.0	2026-08-17_11-31-56	8.894922256469727	2026-08-17_11-31-56	3.0070667266845703	2026-08-17_11-31-56	3.115302085876465	2026-08-17_11-31-56	1.2072001695632935	2026-08-17_11-31-56	1.5653531551361084	2026-08-17_11-31-56	False	2026-08-17_11-31-56	[0 0 0 0 0 0 0 0 0 0 0 0 0 0 0 0 0 0 0 0 0 0 0 0 0 0 0 0 0 0]	2026-08-17_11-31-56	[0 0 0 0 0 0 0 0 0 0 0 1 0 0 0 0 0 0 0 0 0 0 0 0 0 0 0 0 1 0]	2026-08-17_11-31-56	[0 0 0 1 0 0]	2026-08-17_11-31-56	[0 0 0 0 0 0]	2026-08-17_11-31-56	[0]	2026-08-17_11-31-56	[0 0 0 0 0 0 0 0 0 1 0 0 0 0 0 0 0 0 0 0 0 0 0 0 0 0 0 0 0 0]	2026-08-17_11-31-56	[0 0 0 0 0 0 0 0 0 0 0 1 0 0 0 0 0 0 0 0 0 0 0 0 0 1 0 0 1 0]	2026-08-17_11-31-56	[0 0 0 1 0 0]	2026-08-17_11-31-56	[0 0 0 0 0 0]	2026-08-17_11-31-56	[0]	2026-08-17_11-31-56
4	2026-08-17_11-31-56	-1.0	2026-08-17_11-31-56	8.962682723999023	2026-08-17_11-31-56	3.018671751022339	2026-08-17_11-31-56	3.1184439659118652	2026-08-17_11-31-56	1.2519707679748535	2026-08-17_11-31-56	1.5735965967178345	2026-08-17_11-31-56	False	2026-08-17_11-31-56	[0 0 0 0 0 0 0 0 0 1 0 0 0 0 0 0 0 0 0 0 0 0 0 0 0 0 0 0 0 0]	2026-08-17_11-31-56	[0 0 0 0 0 0 0 0 0 0 0 1 0 0 0 0 0 0 0 0 0 0 0 0 0 1 0 0 1 0]	2026-08-17_11-31-56	[0 0 0 1 0 0]	2026-08-17_11-31-56	[0 0 0 0 0 0]	2026-08-17_11-31-56	[0]	2026-08-17_11-31-56	[0 0 0 0 0 0 0 0 0 0 0 0 0 0 0 0 0 0 0 0 0 0 0 0 0 0 0 0 0 0]	2026-08-17_11-31-56	[0 0 0 0 0 0 0 0 0 0 0 1 0 0 0 0 0 0 0 0 0 0 0 0 0 0 0 0 1 0]	2026-08-17_11-31-56	[0 0 0 1 0 0]	2026-08-17_11-31-56	[0 0 0 0 0 0]	2026-08-17_11-31-56	[0]	2026-08-17_11-31-56
4	2026-08-17_11-31-56	-1.0	2026-08-17_11-31-56	8.905009269714355	2026-08-17_11-31-56	3.0051333904266357	2026-08-17_11-31-56	3.117569923400879	2026-08-17_11-31-56	1.210705041885376	2026-08-17_11-31-56	1.5716009140014648	2026-08-17_11-31-56	False	2026-08-17_11-31-56	[0 0 0 0 0 0 0 0 0 0 0 0 0 0 0 0 0 0 0 0 0 0 0 0 0 0 0 0 0 0]	2026-08-17_11-31-56	[0 0 0 0 0 0 0 0 0 0 0 1 0 0 0 0 0 0 0 0 0 0 0 0 0 0 0 0 1 0]	2026-08-17_11-31-56	[0 0 0 1 0 0]	2026-08-17_11-31-56	[0 0 0 0 0 0]	2026-08-17_11-31-56	[0]	2026-08-17_11-31-56	[0 0 0 0 0 0 0 0 0 1 0 0 0 0 0 0 0 0 0 0 0 0 0 0 0 0 0 0 0 0]	2026-08-17_11-31-56	[0 0 0 0 0 0 0 0 0 0 0 1 0 0 0 0 0 0 0 0 0 0 0 0 0 1 0 0 1 0]	2026-08-17_11-31-56	[0 0 0 1 0 0]	2026-08-17_11-31-56	[0 0 0 0 0 0]	2026-08-17_11-31-56	[0]	2026-08-17_11-31-56
4	2026-08-17_11-31-56	-1.0	2026-08-17_11-31-56	8.968935012817383	2026-08-17_11-31-56	3.0174670219421387	2026-08-17_11-31-56	3.1175060272216797	2026-08-17_11-31-56	1.2511415481567383	2026-08-17_11-31-56	1.5828208923339844	2026-08-17_11-31-56	False	2026-08-17_11-31-56	[0 0 0 0 0 0 0 0 0 1 0 0 0 0 0 0 0 0 0 0 0 0 0 0 0 0 0 0 0 0]	2026-08-17_11-31-56	[0 0 0 0 0 0 0 0 0 0 0 1 0 0 0 0 0 0 0 0 0 0 0 0 0 1 0 0 1 0]	2026-08-17_11-31-56	[0 0 0 1 0 0]	2026-08-17_11-31-56	[0 0 0 0 0 0]	2026-08-17_11-31-56	[0]	2026-08-17_11-31-56	[0 0 0 0 0 0 0 0 0 0 0 0 0 0 0 0 0 0 0 0 0 0 0 0 0 0 0 0 0 0]	2026-08-17_11-31-56	[0 0 0 0 0 0 0 0 0 0 0 1 0 0 0 0 0 0 0 0 0 0 0 0 0 0 0 0 1 0]	2026-08-17_11-31-56	[0 0 0 1 0 0]	2026-08-17_11-31-56	[0 0 0 0 0 0]	2026-08-17_11-31-56	[0]	2026-08-17_11-31-56
4	2026-08-17_11-31-56	-1.0	2026-08-17_11-31-56	8.898599624633789	2026-08-17_11-31-56	3.003190517425537	2026-08-17_11-31-56	3.1168620586395264	2026-08-17_11-31-56	1.2047282457351685	2026-08-17_11-31-56	1.5738191604614258	2026-08-17_11-31-56	False	2026-08-17_11-31-56	[0 0 0 0 0 0 0 0 0 0 0 0 0 0 0 0 0 0 0 0 0 0 0 0 0 0 0 0 0 0]	2026-08-17_11-31-56	[0 0 0 0 0 0 0 0 0 0 0 1 0 0 0 0 0 0 0 0 0 0 0 0 0 0 0 0 1 0]	2026-08-17_11-31-56	[0 0 0 1 0 0]	2026-08-17_11-31-56	[0 0 0 0 0 0]	2026-08-17_11-31-56	[0]	2026-08-17_11-31-56	[0 0 0 0 0 0 0 0 0 1 0 0 0 0 0 0 0 0 0 0 0 0 0 0 0 0 0 0 0 0]	2026-08-17_11-31-56	[0 0 0 0 0 0 0 0 0 0 0 1 0 0 0 0 0 0 0 0 0 0 0 0 0 1 0 0 1 0]	2026-08-17_11-31-56	[0 0 0 1 0 0]	2026-08-17_11-31-56	[0 0 0 0 0 0]	2026-08-17_11-31-56	[0]	2026-08-17_11-31-56
4	2026-08-17_11-31-56	-1.0	2026-08-17_11-31-56	8.922703742980957	2026-08-17_11-31-56	3.0101213455200195	2026-08-17_11-31-56	3.1184539794921875	2026-08-17_11-31-56	1.2231149673461914	2026-08-17_11-31-56	1.5710136890411377	2026-08-17_11-31-56	False	2026-08-17_11-31-56	[0 0 0 0 0 0 0 0 0 1 0 0 0 0 0 0 0 0 0 0 0 0 0 0 0 0 0 0 0 0]	2026-08-17_11-31-56	[0 0 0 0 0 0 0 0 0 0 0 1 0 0 0 0 0 0 0 0 0 0 0 0 0 1 0 0 1 0]	2026-08-17_11-31-56	[0 0 0 1 0 0]	2026-08-17_11-31-56	[0 0 0 0 0 0]	2026-08-17_11-31-56	[0]	2026-08-17_11-31-56	[0 0 0 0 0 0 0 0 0 0 0 0 0 0 0 0 0 0 0 0 0 0 0 0 0 0 0 0 0 0]	2026-08-17_11-31-56	[0 0 0 0 0 0 0 0 0 0 0 1 0 0 0 0 0 0 0 0 0 0 0 0 0 0 0 0 1 0]	2026-08-17_11-31-56	[0 0 0 1 0 0]	2026-08-17_11-31-56	[0 0 0 0 0 0]	2026-08-17_11-31-56	[0]	2026-08-17_11-31-56
4	2026-08-17_11-31-56	-1.0	2026-08-17_11-31-56	8.877912521362305	2026-08-17_11-31-56	2.999830484390259	2026-08-17_11-31-56	3.1147472858428955	2026-08-17_11-31-56	1.197707176208496	2026-08-17_11-31-56	1.5656273365020752	2026-08-17_11-31-56	False	2026-08-17_11-31-56	[0 0 0 0 0 0 0 0 0 0 0 0 0 0 0 0 0 0 0 0 0 0 0 0 0 0 0 0 0 0]	2026-08-17_11-31-56	[0 0 0 0 0 0 0 0 0 0 0 1 0 0 0 0 0 0 0 0 0 0 0 0 0 0 0 0 1 0]	2026-08-17_11-31-56	[0 0 0 1 0 0]	2026-08-17_11-31-56	[0 0 0 0 0 0]	2026-08-17_11-31-56	[0]	2026-08-17_11-31-56	[0 0 0 0 0 0 0 0 0 1 0 0 0 0 0 0 0 0 0 0 0 0 0 0 0 0 0 0 0 0]	2026-08-17_11-31-56	[0 0 0 0 0 0 0 0 0 0 0 1 0 0 0 0 0 0 0 0 0 0 0 0 0 1 0 0 1 0]	2026-08-17_11-31-56	[0 0 0 1 0 0]	2026-08-17_11-31-56	[0 0 0 0 0 0]	2026-08-17_11-31-56	[0]	2026-08-17_11-31-56
4	2026-08-17_11-31-56	-1.0	2026-08-17_11-31-56	8.966383934020996	2026-08-17_11-31-56	3.018641948699951	2026-08-17_11-31-56	3.118644952774048	2026-08-17_11-31-56	1.250859260559082	2026-08-17_11-31-56	1.578237533569336	2026-08-17_11-31-56	False	2026-08-17_11-31-56	[0 0 0 0 0 0 0 0 0 1 0 0 0 0 0 0 0 0 0 0 0 0 0 0 0 0 0 0 0 0]	2026-08-17_11-31-56	[0 0 0 0 0 0 0 0 0 0 0 1 0 0 0 0 0 0 0 0 0 0 0 0 0 1 0 0 1 0]	2026-08-17_11-31-56	[0 0 0 1 0 0]	2026-08-17_11-31-56	[0 0 0 0 0 0]	2026-08-17_11-31-56	[0]	2026-08-17_11-31-56	[0 0 0 0 0 0 0 0 0 0 0 0 0 0 0 0 0 0 0 0 0 0 0 0 0 0 0 0 0 0]	2026-08-17_11-31-56	[0 0 0 0 0 0 0 0 0 0 0 1 0 0 0 0 0 0 0 0 0 0 0 0 0 0 0 0 1 0]	2026-08-17_11-31-56	[0 0 0 1 0 0]	2026-08-17_11-31-56	[0 0 0 0 0 0]	2026-08-17_11-31-56	[0]	2026-08-17_11-31-56
4	2026-08-17_11-31-56	-1.0	2026-08-17_11-31-56	8.888225555419922	2026-08-17_11-31-56	3.0035250186920166	2026-08-17_11-31-56	3.1144866943359375	2026-08-17_11-31-56	1.203000783920288	2026-08-17_11-31-56	1.5672132968902588	2026-08-17_11-31-56	False	2026-08-17_11-31-56	[0 0 0 0 0 0 0 0 0 0 0 0 0 0 0 0 0 0 0 0 0 0 0 0 0 0 0 0 0 0]	2026-08-17_11-31-56	[0 0 0 0 0 0 0 0 0 0 0 1 0 0 0 0 0 0 0 0 0 0 0 0 0 0 0 0 1 0]	2026-08-17_11-31-56	[0 0 0 1 0 0]	2026-08-17_11-31-56	[0 0 0 0 0 0]	2026-08-17_11-31-56	[0]	2026-08-17_11-31-56	[0 0 0 0 0 0 0 0 0 1 0 0 0 0 0 0 0 0 0 0 0 0 0 0 0 0 0 0 0 0]	2026-08-17_11-31-56	[0 0 0 0 0 0 0 0 0 0 0 1 0 0 0 0 0 0 0 0 0 0 0 0 0 1 0 0 1 0]	2026-08-17_11-31-56	[0 0 0 1 0 0]	2026-08-17_11-31-56	[0 0 0 0 0 0]	2026-08-17_11-31-56	[0]	2026-08-17_11-31-56
4	2026-08-17_11-31-56	-1.0	2026-08-17_11-31-56	8.925745010375977	2026-08-17_11-31-56	3.0110549926757812	2026-08-17_11-31-56	3.118037223815918	2026-08-17_11-31-56	1.2260704040527344	2026-08-17_11-31-56	1.5705828666687012	2026-08-17_11-31-56	False	2026-08-17_11-31-56	[0 0 0 0 0 0 0 0 0 1 0 0 0 0 0 0 0 0 0 0 0 0 0 0 0 0 0 0 0 0]	2026-08-17_11-31-56	[0 0 0 0 0 0 0 0 0 0 0 1 0 0 0 0 0 0 0 0 0 0 0 0 0 1 0 0 1 0]	2026-08-17_11-31-56	[0 0 0 1 0 0]	2026-08-17_11-31-56	[0 0 0 0 0 0]	2026-08-17_11-31-56	[0]	2026-08-17_11-31-56	[0 0 0 0 0 0 0 0 0 0 0 0 0 0 0 0 0 0 0 0 0 0 0 0 0 0 0 0 0 0]	2026-08-17_11-31-56	[0 0 0 0 0 0 0 0 0 0 0 1 0 0 0 0 0 0 0 0 0 0 0 0 0 0 0 0 1 0]	2026-08-17_11-31-56	[0 0 0 1 0 0]	2026-08-17_11-31-56	[0 0 0 0 0 0]	2026-08-17_11-31-56	[0]	2026-08-17_11-31-56
4	2026-08-17_11-31-56	-1.0	2026-08-17_11-31-56	8.896278381347656	2026-08-17_11-31-56	3.004671335220337	2026-08-17_11-31-56	3.1182994842529297	2026-08-17_11-31-56	1.2028446197509766	2026-08-17_11-31-56	1.570462703704834	2026-08-17_11-31-56	False	2026-08-17_11-31-56	[0 0 0 0 0 0 0 0 0 0 0 0 0 0 0 0 0 0 0 0 0 0 0 0 0 0 0 0 0 0]	2026-08-17_11-31-56	[0 0 0 0 0 0 0 0 0 0 0 1 0 0 0 0 0 0 0 0 0 0 0 0 0 0 0 0 1 0]	2026-08-17_11-31-56	[0 0 0 1 0 0]	2026-08-17_11-31-56	[0 0 0 0 0 0]	2026-08-17_11-31-56	[0]	2026-08-17_11-31-56	[0 0 0 0 0 0 0 0 0 1 0 0 0 0 0 0 0 0 0 0 0 0 0 0 0 0 0 0 0 0]	2026-08-17_11-31-56	[0 0 0 0 0 0 0 0 0 0 0 1 0 0 0 0 0 0 0 0 0 0 0 0 0 1 0 0 1 0]	2026-08-17_11-31-56	[0 0 0 1 0 0]	2026-08-17_11-31-56	[0 0 0 0 0 0]	2026-08-17_11-31-56	[0]	2026-08-17_11-31-56
4	2026-08-17_11-31-56	-1.0	2026-08-17_11-31-56	8.98777961730957	2026-08-17_11-31-56	3.0235564708709717	2026-08-17_11-31-56	3.1205692291259766	2026-08-17_11-31-56	1.2641643285751343	2026-08-17_11-31-56	1.5794893503189087	2026-08-17_11-31-56	False	2026-08-17_11-31-56	[0 0 0 0 0 0 0 0 0 1 0 0 0 0 0 0 0 0 0 0 0 0 0 0 0 0 0 0 0 0]	2026-08-17_11-31-56	[0 0 0 0 0 0 0 0 0 0 0 1 0 0 0 0 0 0 0 0 0 0 0 0 0 1 0 0 1 0]	2026-08-17_11-31-56	[0 0 0 1 0 0]	2026-08-17_11-31-56	[0 0 0 0 0 0]	2026-08-17_11-31-56	[0]	2026-08-17_11-31-56	[0 0 0 0 0 0 0 0 0 0 0 0 0 0 0 0 0 0 0 0 0 0 0 0 0 0 0 0 0 0]	2026-08-17_11-31-56	[0 0 0 0 0 0 0 0 0 0 0 1 0 0 0 0 0 0 0 0 0 0 0 0 0 0 0 0 1 0]	2026-08-17_11-31-56	[0 0 0 1 0 0]	2026-08-17_11-31-56	[0 0 0 0 0 0]	2026-08-17_11-31-56	[0]	2026-08-17_11-31-56
4	2026-08-17_11-31-56	-1.0	2026-08-17_11-31-56	8.870779037475586	2026-08-17_11-31-56	2.9961135387420654	2026-08-17_11-31-56	3.114169120788574	2026-08-17_11-31-56	1.1913930177688599	2026-08-17_11-31-56	1.569103717803955	2026-08-17_11-31-56	False	2026-08-17_11-31-56	[0 0 0 0 0 0 0 0 0 0 0 0 0 0 0 0 0 0 0 0 0 0 0 0 0 0 0 0 0 0]	2026-08-17_11-31-56	[0 0 0 0 0 0 0 0 0 0 0 1 0 0 0 0 0 0 0 0 0 0 0 0 0 0 0 0 1 0]	2026-08-17_11-31-56	[0 0 0 1 0 0]	2026-08-17_11-31-56	[0 0 0 0 0 0]	2026-08-17_11-31-56	[0]	2026-08-17_11-31-56	[0 0 0 0 0 0 0 0 0 1 0 0 0 0 0 0 0 0 0 0 0 0 0 0 0 0 0 0 0 0]	2026-08-17_11-31-56	[0 0 0 0 0 0 0 0 0 0 0 1 0 0 0 0 0 0 0 0 0 0 0 0 0 1 0 0 1 0]	2026-08-17_11-31-56	[0 0 0 1 0 0]	2026-08-17_11-31-56	[0 0 0 0 0 0]	2026-08-17_11-31-56	[0]	2026-08-17_11-31-56
4	2026-08-17_11-31-56	-1.0	2026-08-17_11-31-56	8.95681095123291	2026-08-17_11-31-56	3.0152289867401123	2026-08-17_11-31-56	3.119870185852051	2026-08-17_11-31-56	1.2425003051757812	2026-08-17_11-31-56	1.5792112350463867	2026-08-17_11-31-56	False	2026-08-17_11-31-56	[0 0 0 0 0 0 0 0 0 1 0 0 0 0 0 0 0 0 0 0 0 0 0 0 0 0 0 0 0 0]	2026-08-17_11-31-56	[0 0 0 0 0 0 0 0 0 0 0 1 0 0 0 0 0 0 0 0 0 0 0 0 0 1 0 0 1 0]	2026-08-17_11-31-56	[0 0 0 1 0 0]	2026-08-17_11-31-56	[0 0 0 0 0 0]	2026-08-17_11-31-56	[0]	2026-08-17_11-31-56	[0 0 0 0 0 0 0 0 0 0 0 0 0 0 0 0 0 0 0 0 0 0 0 0 0 0 0 0 0 0]	2026-08-17_11-31-56	[0 0 0 0 0 0 0 0 0 0 0 1 0 0 0 0 0 0 0 0 0 0 0 0 0 0 0 0 1 0]	2026-08-17_11-31-56	[0 0 0 1 0 0]	2026-08-17_11-31-56	[0 0 0 0 0 0]	2026-08-17_11-31-56	[0]	2026-08-17_11-31-56
4	2026-08-17_11-31-56	-1.0	2026-08-17_11-31-56	8.904581069946289	2026-08-17_11-31-56	3.0035414695739746	2026-08-17_11-31-56	3.1161673069000244	2026-08-17_11-31-56	1.2132081985473633	2026-08-17_11-31-56	1.5716638565063477	2026-08-17_11-31-56	False	2026-08-17_11-31-56	[0 0 0 0 0 0 0 0 0 0 0 0 0 0 0 0 0 0 0 0 0 0 0 0 0 0 0 0 0 0]	2026-08-17_11-31-56	[0 0 0 0 0 0 0 0 0 0 0 1 0 0 0 0 0 0 0 0 0 0 0 0 0 0 0 0 1 0]	2026-08-17_11-31-56	[0 0 0 1 0 0]	2026-08-17_11-31-56	[0 0 0 0 0 0]	2026-08-17_11-31-56	[0]	2026-08-17_11-31-56	[0 0 0 0 0 0 0 0 0 1 0 0 0 0 0 0 0 0 0 0 0 0 0 0 0 0 0 0 0 0]	2026-08-17_11-31-56	[0 0 0 0 0 0 0 0 0 0 0 1 0 0 0 0 0 0 0 0 0 0 0 0 0 1 0 0 1 0]	2026-08-17_11-31-56	[0 0 0 1 0 0]	2026-08-17_11-31-56	[0 0 0 0 0 0]	2026-08-17_11-31-56	[0]	2026-08-17_11-31-56
4	2026-08-17_11-31-56	-1.0	2026-08-17_11-31-56	8.964435577392578	2026-08-17_11-31-56	3.0193376541137695	2026-08-17_11-31-56	3.1182265281677246	2026-08-17_11-31-56	1.252448558807373	2026-08-17_11-31-56	1.574422836303711	2026-08-17_11-31-56	False	2026-08-17_11-31-56	[0 0 0 0 0 0 0 0 0 1 0 0 0 0 0 0 0 0 0 0 0 0 0 0 0 0 0 0 0 0]	2026-08-17_11-31-56	[0 0 0 0 0 0 0 0 0 0 0 1 0 0 0 0 0 0 0 0 0 0 0 0 0 1 0 0 1 0]	2026-08-17_11-31-56	[0 0 0 1 0 0]	2026-08-17_11-31-56	[0 0 0 0 0 0]	2026-08-17_11-31-56	[0]	2026-08-17_11-31-56	[0 0 0 0 0 0 0 0 0 0 0 0 0 0 0 0 0 0 0 0 0 0 0 0 0 0 0 0 0 0]	2026-08-17_11-31-56	[0 0 0 0 0 0 0 0 0 0 0 1 0 0 0 0 0 0 0 0 0 0 0 0 0 0 0 0 1 0]	2026-08-17_11-31-56	[0 0 0 1 0 0]	2026-08-17_11-31-56	[0 0 0 0 0 0]	2026-08-17_11-31-56	[0]	2026-08-17_11-31-56
4	2026-08-17_11-31-56	-1.0	2026-08-17_11-31-56	8.905139923095703	2026-08-17_11-31-56	3.007350444793701	2026-08-17_11-31-56	3.1169028282165527	2026-08-17_11-31-56	1.2103581428527832	2026-08-17_11-31-56	1.570528507232666	2026-08-17_11-31-56	False	2026-08-17_11-31-56	[0 0 0 0 0 0 0 0 0 0 0 0 0 0 0 0 0 0 0 0 0 0 0 0 0 0 0 0 0 0]	2026-08-17_11-31-56	[0 0 0 0 0 0 0 0 0 0 0 1 0 0 0 0 0 0 0 0 0 0 0 0 0 0 0 0 1 0]	2026-08-17_11-31-56	[0 0 0 1 0 0]	2026-08-17_11-31-56	[0 0 0 0 0 0]	2026-08-17_11-31-56	[0]	2026-08-17_11-31-56	[0 0 0 0 0 0 0 0 0 1 0 0 0 0 0 0 0 0 0 0 0 0 0 0 0 0 0 0 0 0]	2026-08-17_11-31-56	[0 0 0 0 0 0 0 0 0 0 0 1 0 0 0 0 0 0 0 0 0 0 0 0 0 1 0 0 1 0]	2026-08-17_11-31-56	[0 0 0 1 0 0]	2026-08-17_11-31-56	[0 0 0 0 0 0]	2026-08-17_11-31-56	[0]	2026-08-17_11-31-56
4	2026-08-17_11-31-56	-1.0	2026-08-17_11-31-56	8.97776985168457	2026-08-17_11-31-56	3.0197761058807373	2026-08-17_11-31-56	3.117091655731201	2026-08-17_11-31-56	1.262736439704895	2026-08-17_11-31-56	1.5781662464141846	2026-08-17_11-31-56	False	2026-08-17_11-31-56	[0 0 0 0 0 0 0 0 0 1 0 0 0 0 0 0 0 0 0 0 0 0 0 0 0 0 0 0 0 0]	2026-08-17_11-31-56	[0 0 0 0 0 0 0 0 0 0 0 1 0 0 0 0 0 0 0 0 0 0 0 0 0 1 0 0 1 0]	2026-08-17_11-31-56	[0 0 0 1 0 0]	2026-08-17_11-31-56	[0 0 0 0 0 0]	2026-08-17_11-31-56	[0]	2026-08-17_11-31-56	[0 0 0 0 0 0 0 0 0 0 0 0 0 0 0 0 0 0 0 0 0 0 0 0 0 0 0 0 0 0]	2026-08-17_11-31-56	[0 0 0 0 0 0 0 0 0 0 0 1 0 0 0 0 0 0 0 0 0 0 0 0 0 0 0 0 1 0]	2026-08-17_11-31-56	[0 0 0 1 0 0]	2026-08-17_11-31-56	[0 0 0 0 0 0]	2026-08-17_11-31-56	[0]	2026-08-17_11-31-56
4	2026-08-17_11-31-56	-1.0	2026-08-17_11-31-56	8.916089057922363	2026-08-17_11-31-56	3.007227659225464	2026-08-17_11-31-56	3.119908332824707	2026-08-17_11-31-56	1.2166779041290283	2026-08-17_11-31-56	1.5722750425338745	2026-08-17_11-31-56	False	2026-08-17_11-31-56	[0 0 0 0 0 0 0 0 0 0 0 0 0 0 0 0 0 0 0 0 0 0 0 0 0 0 0 0 0 0]	2026-08-17_11-31-56	[0 0 0 0 0 0 0 0 0 0 0 1 0 0 0 0 0 0 0 0 0 0 0 0 0 0 0 0 1 0]	2026-08-17_11-31-56	[0 0 0 1 0 0]	2026-08-17_11-31-56	[0 0 0 0 0 0]	2026-08-17_11-31-56	[0]	2026-08-17_11-31-56	[0 0 0 0 0 0 0 0 0 1 0 0 0 0 0 0 0 0 0 0 0 0 0 0 0 0 0 0 0 0]	2026-08-17_11-31-56	[0 0 0 0 0 0 0 0 0 0 0 1 0 0 0 0 0 0 0 0 0 0 0 0 0 1 0 0 1 0]	2026-08-17_11-31-56	[0 0 0 1 0 0]	2026-08-17_11-31-56	[0 0 0 0 0 0]	2026-08-17_11-31-56	[0]	2026-08-17_11-31-56
4	2026-08-17_11-31-56	-1.0	2026-08-17_11-31-56	8.961936950683594	2026-08-17_11-31-56	3.0222995281219482	2026-08-17_11-31-56	3.120314598083496	2026-08-17_11-31-56	1.2472420930862427	2026-08-17_11-31-56	1.5720802545547485	2026-08-17_11-31-56	False	2026-08-17_11-31-56	[0 0 0 0 0 0 0 0 0 1 0 0 0 0 0 0 0 0 0 0 0 0 0 0 0 0 0 0 0 0]	2026-08-17_11-31-56	[0 0 0 0 0 0 0 0 0 0 0 1 0 0 0 0 0 0 0 0 0 0 0 0 0 1 0 0 1 0]	2026-08-17_11-31-56	[0 0 0 1 0 0]	2026-08-17_11-31-56	[0 0 0 0 0 0]	2026-08-17_11-31-56	[0]	2026-08-17_11-31-56	[0 0 0 0 0 0 0 0 0 0 0 0 0 0 0 0 0 0 0 0 0 0 0 0 0 0 0 0 0 0]	2026-08-17_11-31-56	[0 0 0 0 0 0 0 0 0 0 0 1 0 0 0 0 0 0 0 0 0 0 0 0 0 0 0 0 1 0]	2026-08-17_11-31-56	[0 0 0 1 0 0]	2026-08-17_11-31-56	[0 0 0 0 0 0]	2026-08-17_11-31-56	[0]	2026-08-17_11-31-56
4	2026-08-17_11-31-56	-1.0	2026-08-17_11-31-56	8.878375053405762	2026-08-17_11-31-56	3.0017857551574707	2026-08-17_11-31-56	3.114164113998413	2026-08-17_11-31-56	1.1991856098175049	2026-08-17_11-31-56	1.5632400512695312	2026-08-17_11-31-56	False	2026-08-17_11-31-56	[0 0 0 0 0 0 0 0 0 0 0 0 0 0 0 0 0 0 0 0 0 0 0 0 0 0 0 0 0 0]	2026-08-17_11-31-56	[0 0 0 0 0 0 0 0 0 0 0 1 0 0 0 0 0 0 0 0 0 0 0 0 0 0 0 0 1 0]	2026-08-17_11-31-56	[0 0 0 1 0 0]	2026-08-17_11-31-56	[0 0 0 0 0 0]	2026-08-17_11-31-56	[0]	2026-08-17_11-31-56	[0 0 0 0 0 0 0 0 0 1 0 0 0 0 0 0 0 0 0 0 0 0 0 0 0 0 0 0 0 0]	2026-08-17_11-31-56	[0 0 0 0 0 0 0 0 0 0 0 1 0 0 0 0 0 0 0 0 0 0 0 0 0 1 0 0 1 0]	2026-08-17_11-31-56	[0 0 0 1 0 0]	2026-08-17_11-31-56	[0 0 0 0 0 0]	2026-08-17_11-31-56	[0]	2026-08-17_11-31-56
4	2026-08-17_11-31-56	-1.0	2026-08-17_11-31-56	8.95869255065918	2026-08-17_11-31-56	3.017155885696411	2026-08-17_11-31-56	3.120290994644165	2026-08-17_11-31-56	1.2445627450942993	2026-08-17_11-31-56	1.5766830444335938	2026-08-17_11-31-56	False	2026-08-17_11-31-56	[0 0 0 0 0 0 0 0 0 1 0 0 0 0 0 0 0 0 0 0 0 0 0 0 0 0 0 0 0 0]	2026-08-17_11-31-56	[0 0 0 0 0 0 0 0 0 0 0 1 0 0 0 0 0 0 0 0 0 0 0 0 0 1 0 0 1 0]	2026-08-17_11-31-56	[0 0 0 1 0 0]	2026-08-17_11-31-56	[0 0 0 0 0 0]	2026-08-17_11-31-56	[0]	2026-08-17_11-31-56	[0 0 0 0 0 0 0 0 0 0 0 0 0 0 0 0 0 0 0 0 0 0 0 0 0 0 0 0 0 0]	2026-08-17_11-31-56	[0 0 0 0 0 0 0 0 0 0 0 1 0 0 0 0 0 0 0 0 0 0 0 0 0 0 0 0 1 0]	2026-08-17_11-31-56	[0 0 0 1 0 0]	2026-08-17_11-31-56	[0 0 0 0 0 0]	2026-08-17_11-31-56	[0]	2026-08-17_11-31-56
4	2026-08-17_11-31-56	-1.0	2026-08-17_11-31-56	8.880301475524902	2026-08-17_11-31-56	3.001608371734619	2026-08-17_11-31-56	3.1144559383392334	2026-08-17_11-31-56	1.196776032447815	2026-08-17_11-31-56	1.567461371421814	2026-08-17_11-31-56	False	2026-08-17_11-31-56	[0 0 0 0 0 0 0 0 0 0 0 0 0 0 0 0 0 0 0 0 0 0 0 0 0 0 0 0 0 0]	2026-08-17_11-31-56	[0 0 0 0 0 0 0 0 0 0 0 1 0 0 0 0 0 0 0 0 0 0 0 0 0 0 0 0 1 0]	2026-08-17_11-31-56	[0 0 0 1 0 0]	2026-08-17_11-31-56	[0 0 0 0 0 0]	2026-08-17_11-31-56	[0]	2026-08-17_11-31-56	[0 0 0 0 0 0 0 0 0 1 0 0 0 0 0 0 0 0 0 0 0 0 0 0 0 0 0 0 0 0]	2026-08-17_11-31-56	[0 0 0 0 0 0 0 0 0 0 0 1 0 0 0 0 0 0 0 0 0 0 0 0 0 1 0 0 1 0]	2026-08-17_11-31-56	[0 0 0 1 0 0]	2026-08-17_11-31-56	[0 0 0 0 0 0]	2026-08-17_11-31-56	[0]	2026-08-17_11-31-56
4	2026-08-17_11-31-56	-1.0	2026-08-17_11-31-56	8.93458366394043	2026-08-17_11-31-56	3.0172410011291504	2026-08-17_11-31-56	3.1145901679992676	2026-08-17_11-31-56	1.2376782894134521	2026-08-17_11-31-56	1.5650744438171387	2026-08-17_11-31-56	False	2026-08-17_11-31-56	[0 0 0 0 0 0 0 0 0 1 0 0 0 0 0 0 0 0 0 0 0 0 0 0 0 0 0 0 0 0]	2026-08-17_11-31-56	[0 0 0 0 0 0 0 0 0 0 0 1 0 0 0 0 0 0 0 0 0 0 0 0 0 1 0 0 1 0]	2026-08-17_11-31-56	[0 0 0 1 0 0]	2026-08-17_11-31-56	[0 0 0 0 0 0]	2026-08-17_11-31-56	[0]	2026-08-17_11-31-56	[0 0 0 0 0 0 0 0 0 0 0 0 0 0 0 0 0 0 0 0 0 0 0 0 0 0 0 0 0 0]	2026-08-17_11-31-56	[0 0 0 0 0 0 0 0 0 0 0 1 0 0 0 0 0 0 0 0 0 0 0 0 0 0 0 0 1 0]	2026-08-17_11-31-56	[0 0 0 1 0 0]	2026-08-17_11-31-56	[0 0 0 0 0 0]	2026-08-17_11-31-56	[0]	2026-08-17_11-31-56
4	2026-08-17_11-31-56	-1.0	2026-08-17_11-31-56	8.843350410461426	2026-08-17_11-31-56	2.9954307079315186	2026-08-17_11-31-56	3.1156833171844482	2026-08-17_11-31-56	1.1736334562301636	2026-08-17_11-31-56	1.558603048324585	2026-08-17_11-31-56	False	2026-08-17_11-31-56	[0 0 0 0 0 0 0 0 0 0 0 0 0 0 0 0 0 0 0 0 0 0 0 0 0 0 0 0 0 0]	2026-08-17_11-31-56	[0 0 0 0 0 0 0 0 0 0 0 1 0 0 0 0 0 0 0 0 0 0 0 0 0 0 0 0 1 0]	2026-08-17_11-31-56	[0 0 0 1 0 0]	2026-08-17_11-31-56	[0 0 0 0 0 0]	2026-08-17_11-31-56	[0]	2026-08-17_11-31-56	[0 0 0 0 0 0 0 0 0 1 0 0 0 0 0 0 0 0 0 0 0 0 0 0 0 0 0 0 0 0]	2026-08-17_11-31-56	[0 0 0 0 0 0 0 0 0 0 0 1 0 0 0 0 0 0 0 0 0 0 0 0 0 1 0 0 1 0]	2026-08-17_11-31-56	[0 0 0 1 0 0]	2026-08-17_11-31-56	[0 0 0 0 0 0]	2026-08-17_11-31-56	[0]	2026-08-17_11-31-56
4	2026-08-17_11-31-56	-1.0	2026-08-17_11-31-56	8.947433471679688	2026-08-17_11-31-56	3.0147342681884766	2026-08-17_11-31-56	3.118213653564453	2026-08-17_11-31-56	1.2395365238189697	2026-08-17_11-31-56	1.5749495029449463	2026-08-17_11-31-56	False	2026-08-17_11-31-56	[0 0 0 0 0 0 0 0 0 1 0 0 0 0 0 0 0 0 0 0 0 0 0 0 0 0 0 0 0 0]	2026-08-17_11-31-56	[0 0 0 0 0 0 0 0 0 0 0 1 0 0 0 0 0 0 0 0 0 0 0 0 0 1 0 0 1 0]	2026-08-17_11-31-56	[0 0 0 1 0 0]	2026-08-17_11-31-56	[0 0 0 0 0 0]	2026-08-17_11-31-56	[0]	2026-08-17_11-31-56	[0 0 0 0 0 0 0 0 0 0 0 0 0 0 0 0 0 0 0 0 0 0 0 0 0 0 0 0 0 0]	2026-08-17_11-31-56	[0 0 0 0 0 0 0 0 0 0 0 1 0 0 0 0 0 0 0 0 0 0 0 0 0 0 0 0 1 0]	2026-08-17_11-31-56	[0 0 0 1 0 0]	2026-08-17_11-31-56	[0 0 0 0 0 0]	2026-08-17_11-31-56	[0]	2026-08-17_11-31-56
4	2026-08-17_11-31-56	-1.0	2026-08-17_11-31-56	8.868124961853027	2026-08-17_11-31-56	2.9998204708099365	2026-08-17_11-31-56	3.1157290935516357	2026-08-17_11-31-56	1.1875441074371338	2026-08-17_11-31-56	1.5650311708450317	2026-08-17_11-31-56	False	2026-08-17_11-31-56	[0 0 0 0 0 0 0 0 0 0 0 0 0 0 0 0 0 0 0 0 0 0 0 0 0 0 0 0 0 0]	2026-08-17_11-31-56	[0 0 0 0 0 0 0 0 0 0 0 1 0 0 0 0 0 0 0 0 0 0 0 0 0 0 0 0 1 0]	2026-08-17_11-31-56	[0 0 0 1 0 0]	2026-08-17_11-31-56	[0 0 0 0 0 0]	2026-08-17_11-31-56	[0]	2026-08-17_11-31-56	[0 0 0 0 0 0 0 0 0 1 0 0 0 0 0 0 0 0 0 0 0 0 0 0 0 0 0 0 0 0]	2026-08-17_11-31-56	[0 0 0 0 0 0 0 0 0 0 0 1 0 0 0 0 0 0 0 0 0 0 0 0 0 1 0 0 1 0]	2026-08-17_11-31-56	[0 0 0 1 0 0]	2026-08-17_11-31-56	[0 0 0 0 0 0]	2026-08-17_11-31-56	[0]	2026-08-17_11-31-56
4	2026-08-17_11-31-57	-1.0	2026-08-17_11-31-57	8.940563201904297	2026-08-17_11-31-57	3.0149269104003906	2026-08-17_11-31-57	3.1189730167388916	2026-08-17_11-31-57	1.2352709770202637	2026-08-17_11-31-57	1.5713930130004883	2026-08-17_11-31-57	False	2026-08-17_11-31-57	[0 0 0 0 0 0 0 0 0 1 0 0 0 0 0 0 0 0 0 0 0 0 0 0 0 0 0 0 0 0]	2026-08-17_11-31-57	[0 0 0 0 0 0 0 0 0 0 0 1 0 0 0 0 0 0 0 0 0 0 0 0 0 1 0 0 1 0]	2026-08-17_11-31-57	[0 0 0 1 0 0]	2026-08-17_11-31-57	[0 0 0 0 0 0]	2026-08-17_11-31-57	[0]	2026-08-17_11-31-57	[0 0 0 0 0 0 0 0 0 0 0 0 0 0 0 0 0 0 0 0 0 0 0 0 0 0 0 0 0 0]	2026-08-17_11-31-57	[0 0 0 0 0 0 0 0 0 0 0 1 0 0 0 0 0 0 0 0 0 0 0 0 0 0 0 0 1 0]	2026-08-17_11-31-57	[0 0 0 1 0 0]	2026-08-17_11-31-57	[0 0 0 0 0 0]	2026-08-17_11-31-57	[0]	2026-08-17_11-31-57
4	2026-08-17_11-31-57	-1.0	2026-08-17_11-31-57	8.900177001953125	2026-08-17_11-31-57	3.0026142597198486	2026-08-17_11-31-57	3.1157407760620117	2026-08-17_11-31-57	1.2087515592575073	2026-08-17_11-31-57	1.5730705261230469	2026-08-17_11-31-57	False	2026-08-17_11-31-57	[0 0 0 0 0 0 0 0 0 0 0 0 0 0 0 0 0 0 0 0 0 0 0 0 0 0 0 0 0 0]	2026-08-17_11-31-57	[0 0 0 0 0 0 0 0 0 0 0 1 0 0 0 0 0 0 0 0 0 0 0 0 0 0 0 0 1 0]	2026-08-17_11-31-57	[0 0 0 1 0 0]	2026-08-17_11-31-57	[0 0 0 0 0 0]	2026-08-17_11-31-57	[0]	2026-08-17_11-31-57	[0 0 0 0 0 0 0 0 0 1 0 0 0 0 0 0 0 0 0 0 0 0 0 0 0 0 0 0 0 0]	2026-08-17_11-31-57	[0 0 0 0 0 0 0 0 0 0 0 1 0 0 0 0 0 0 0 0 0 0 0 0 0 1 0 0 1 0]	2026-08-17_11-31-57	[0 0 0 1 0 0]	2026-08-17_11-31-57	[0 0 0 0 0 0]	2026-08-17_11-31-57	[0]	2026-08-17_11-31-57
4	2026-08-17_11-31-57	-1.0	2026-08-17_11-31-57	8.955681800842285	2026-08-17_11-31-57	3.0158379077911377	2026-08-17_11-31-57	3.1176655292510986	2026-08-17_11-31-57	1.2474713325500488	2026-08-17_11-31-57	1.5747071504592896	2026-08-17_11-31-57	False	2026-08-17_11-31-57	[0 0 0 0 0 0 0 0 0 1 0 0 0 0 0 0 0 0 0 0 0 0 0 0 0 0 0 0 0 0]	2026-08-17_11-31-57	[0 0 0 0 0 0 0 0 0 0 0 1 0 0 0 0 0 0 0 0 0 0 0 0 0 1 0 0 1 0]	2026-08-17_11-31-57	[0 0 0 1 0 0]	2026-08-17_11-31-57	[0 0 0 0 0 0]	2026-08-17_11-31-57	[0]	2026-08-17_11-31-57	[0 0 0 0 0 0 0 0 0 0 0 0 0 0 0 0 0 0 0 0 0 0 0 0 0 0 0 0 0 0]	2026-08-17_11-31-57	[0 0 0 0 0 0 0 0 0 0 0 1 0 0 0 0 0 0 0 0 0 0 0 0 0 0 0 0 1 0]	2026-08-17_11-31-57	[0 0 0 1 0 0]	2026-08-17_11-31-57	[0 0 0 0 0 0]	2026-08-17_11-31-57	[0]	2026-08-17_11-31-57
4	2026-08-17_11-31-57	-1.0	2026-08-17_11-31-57	8.888917922973633	2026-08-17_11-31-57	3.001832962036133	2026-08-17_11-31-57	3.1159040927886963	2026-08-17_11-31-57	1.2015600204467773	2026-08-17_11-31-57	1.5696213245391846	2026-08-17_11-31-57	False	2026-08-17_11-31-57	[0 0 0 0 0 0 0 0 0 0 0 0 0 0 0 0 0 0 0 0 0 0 0 0 0 0 0 0 0 0]	2026-08-17_11-31-57	[0 0 0 0 0 0 0 0 0 0 0 1 0 0 0 0 0 0 0 0 0 0 0 0 0 0 0 0 1 0]	2026-08-17_11-31-57	[0 0 0 1 0 0]	2026-08-17_11-31-57	[0 0 0 0 0 0]	2026-08-17_11-31-57	[0]	2026-08-17_11-31-57	[0 0 0 0 0 0 0 0 0 1 0 0 0 0 0 0 0 0 0 0 0 0 0 0 0 0 0 0 0 0]	2026-08-17_11-31-57	[0 0 0 0 0 0 0 0 0 0 0 1 0 0 0 0 0 0 0 0 0 0 0 0 0 1 0 0 1 0]	2026-08-17_11-31-57	[0 0 0 1 0 0]	2026-08-17_11-31-57	[0 0 0 0 0 0]	2026-08-17_11-31-57	[0]	2026-08-17_11-31-57
4	2026-08-17_11-31-57	-1.0	2026-08-17_11-31-57	8.96117115020752	2026-08-17_11-31-57	3.0190653800964355	2026-08-17_11-31-57	3.118743896484375	2026-08-17_11-31-57	1.2458926439285278	2026-08-17_11-31-57	1.5774697065353394	2026-08-17_11-31-57	False	2026-08-17_11-31-57	[0 0 0 0 0 0 0 0 0 1 0 0 0 0 0 0 0 0 0 0 0 0 0 0 0 0 0 0 0 0]	2026-08-17_11-31-57	[0 0 0 0 0 0 0 0 0 0 0 1 0 0 0 0 0 0 0 0 0 0 0 0 0 1 0 0 1 0]	2026-08-17_11-31-57	[0 0 0 1 0 0]	2026-08-17_11-31-57	[0 0 0 0 0 0]	2026-08-17_11-31-57	[0]	2026-08-17_11-31-57	[0 0 0 0 0 0 0 0 0 0 0 0 0 0 0 0 0 0 0 0 0 0 0 0 0 0 0 0 0 0]	2026-08-17_11-31-57	[0 0 0 0 0 0 0 0 0 0 0 1 0 0 0 0 0 0 0 0 0 0 0 0 0 0 0 0 1 0]	2026-08-17_11-31-57	[0 0 0 1 0 0]	2026-08-17_11-31-57	[0 0 0 0 0 0]	2026-08-17_11-31-57	[0]	2026-08-17_11-31-57
4	2026-08-17_11-31-57	-1.0	2026-08-17_11-31-57	8.881346702575684	2026-08-17_11-31-57	3.0037145614624023	2026-08-17_11-31-57	3.118624210357666	2026-08-17_11-31-57	1.1959445476531982	2026-08-17_11-31-57	1.5630635023117065	2026-08-17_11-31-57	False	2026-08-17_11-31-57	[0 0 0 0 0 0 0 0 0 0 0 0 0 0 0 0 0 0 0 0 0 0 0 0 0 0 0 0 0 0]	2026-08-17_11-31-57	[0 0 0 0 0 0 0 0 0 0 0 1 0 0 0 0 0 0 0 0 0 0 0 0 0 0 0 0 1 0]	2026-08-17_11-31-57	[0 0 0 1 0 0]	2026-08-17_11-31-57	[0 0 0 0 0 0]	2026-08-17_11-31-57	[0]	2026-08-17_11-31-57	[0 0 0 0 0 0 0 0 0 1 0 0 0 0 0 0 0 0 0 0 0 0 0 0 0 0 0 0 0 0]	2026-08-17_11-31-57	[0 0 0 0 0 0 0 0 0 0 0 1 0 0 0 0 0 0 0 0 0 0 0 0 0 1 0 0 1 0]	2026-08-17_11-31-57	[0 0 0 1 0 0]	2026-08-17_11-31-57	[0 0 0 0 0 0]	2026-08-17_11-31-57	[0]	2026-08-17_11-31-57
4	2026-08-17_11-31-57	-1.0	2026-08-17_11-31-57	8.944916725158691	2026-08-17_11-31-57	3.016174554824829	2026-08-17_11-31-57	3.1211326122283936	2026-08-17_11-31-57	1.233139991760254	2026-08-17_11-31-57	1.574469804763794	2026-08-17_11-31-57	False	2026-08-17_11-31-57	[0 0 0 0 0 0 0 0 0 1 0 0 0 0 0 0 0 0 0 0 0 0 0 0 0 0 0 0 0 0]	2026-08-17_11-31-57	[0 0 0 0 0 0 0 0 0 0 0 1 0 0 0 0 0 0 0 0 0 0 0 0 0 1 0 0 1 0]	2026-08-17_11-31-57	[0 0 0 1 0 0]	2026-08-17_11-31-57	[0 0 0 0 0 0]	2026-08-17_11-31-57	[0]	2026-08-17_11-31-57	[0 0 0 0 0 0 0 0 0 0 0 0 0 0 0 0 0 0 0 0 0 0 0 0 0 0 0 0 0 0]	2026-08-17_11-31-57	[0 0 0 0 0 0 0 0 0 0 0 1 0 0 0 0 0 0 0 0 0 0 0 0 0 0 0 0 1 0]	2026-08-17_11-31-57	[0 0 0 1 0 0]	2026-08-17_11-31-57	[0 0 0 0 0 0]	2026-08-17_11-31-57	[0]	2026-08-17_11-31-57
4	2026-08-17_11-31-57	-1.0	2026-08-17_11-31-57	8.874817848205566	2026-08-17_11-31-57	3.0015292167663574	2026-08-17_11-31-57	3.115708827972412	2026-08-17_11-31-57	1.191304087638855	2026-08-17_11-31-57	1.5662753582000732	2026-08-17_11-31-57	False	2026-08-17_11-31-57	[0 0 0 0 0 0 0 0 0 0 0 0 0 0 0 0 0 0 0 0 0 0 0 0 0 0 0 0 0 0]	2026-08-17_11-31-57	[0 0 0 0 0 0 0 0 0 0 0 1 0 0 0 0 0 0 0 0 0 0 0 0 0 0 0 0 1 0]	2026-08-17_11-31-57	[0 0 0 1 0 0]	2026-08-17_11-31-57	[0 0 0 0 0 0]	2026-08-17_11-31-57	[0]	2026-08-17_11-31-57	[0 0 0 0 0 0 0 0 0 1 0 0 0 0 0 0 0 0 0 0 0 0 0 0 0 0 0 0 0 0]	2026-08-17_11-31-57	[0 0 0 0 0 0 0 0 0 0 0 1 0 0 0 0 0 0 0 0 0 0 0 0 0 1 0 0 1 0]	2026-08-17_11-31-57	[0 0 0 1 0 0]	2026-08-17_11-31-57	[0 0 0 0 0 0]	2026-08-17_11-31-57	[0]	2026-08-17_11-31-57
4	2026-08-17_11-31-57	-1.0	2026-08-17_11-31-57	8.948515892028809	2026-08-17_11-31-57	3.0183465480804443	2026-08-17_11-31-57	3.118232011795044	2026-08-17_11-31-57	1.245263934135437	2026-08-17_11-31-57	1.5666735172271729	2026-08-17_11-31-57	False	2026-08-17_11-31-57	[0 0 0 0 0 0 0 0 0 1 0 0 0 0 0 0 0 0 0 0 0 0 0 0 0 0 0 0 0 0]	2026-08-17_11-31-57	[0 0 0 0 0 0 0 0 0 0 0 1 0 0 0 0 0 0 0 0 0 0 0 0 0 1 0 0 1 0]	2026-08-17_11-31-57	[0 0 0 1 0 0]	2026-08-17_11-31-57	[0 0 0 0 0 0]	2026-08-17_11-31-57	[0]	2026-08-17_11-31-57	[0 0 0 0 0 0 0 0 0 0 0 0 0 0 0 0 0 0 0 0 0 0 0 0 0 0 0 0 0 0]	2026-08-17_11-31-57	[0 0 0 0 0 0 0 0 0 0 0 1 0 0 0 0 0 0 0 0 0 0 0 0 0 0 0 0 1 0]	2026-08-17_11-31-57	[0 0 0 1 0 0]	2026-08-17_11-31-57	[0 0 0 0 0 0]	2026-08-17_11-31-57	[0]	2026-08-17_11-31-57
5	2026-08-17_15-10-34	-0.6666666865348816	2026-08-17_15-10-34	9.45787525177002	2026-08-17_15-10-34	3.0216805934906006	2026-08-17_15-10-34	3.139009952545166	2026-08-17_15-10-34	1.577951431274414	2026-08-17_15-10-34	1.7192332744598389	2026-08-17_15-10-34	False	2026-08-17_15-10-34	[0 0 0 0 0 0 0 0 0 0 0 0 0 0 0 0 0 0 0 0 1 1 0 0 0 0 0 0 0 0]	2026-08-17_15-10-34	[0 0 0 0 0 0 0 0 0 0 0 0 0 0 1 0 0 0 0 0 0 0 0 0 0 0 0 0 0 0]	2026-08-17_15-10-34	[0 1 1 0 0 1]	2026-08-17_15-10-34	[0 0 1 0 0 0]	2026-08-17_15-10-34	[8]	2026-08-17_15-10-34	[0 0 0 0 0 0 0 0 0 0 0 0 0 0 0 0 0 0 1 0 1 1 0 0 0 0 0 0 0 0]	2026-08-17_15-10-34	[0 0 0 0 0 0 0 0 0 0 0 0 0 0 1 0 0 0 0 0 0 1 0 0 0 0 0 0 0 0]	2026-08-17_15-10-34	[0 1 1 1 0 1]	2026-08-17_15-10-34	[0 0 1 1 0 0]	2026-08-17_15-10-34	[4]	2026-08-17_15-10-34
5	2026-08-17_15-10-34	-1.0	2026-08-17_15-10-34	9.792311668395996	2026-08-17_15-10-34	3.1073694229125977	2026-08-17_15-10-34	3.249856948852539	2026-08-17_15-10-34	1.701830267906189	2026-08-17_15-10-34	1.7332556247711182	2026-08-17_15-10-34	False	2026-08-17_15-10-34	[0 0 0 0 0 0 0 0 0 0 0 0 0 0 0 0 0 0 1 0 1 1 0 0 0 0 0 0 0 0]	2026-08-17_15-10-34	[0 0 0 0 0 0 0 0 0 0 0 0 0 0 1 0 0 0 0 0 0 1 0 0 0 0 0 0 0 0]	2026-08-17_15-10-34	[0 1 1 1 0 1]	2026-08-17_15-10-34	[0 0 1 1 0 0]	2026-08-17_15-10-34	[4]	2026-08-17_15-10-34	[0 0 0 0 0 0 0 0 0 0 0 0 0 0 0 0 0 0 1 0 1 1 0 1 0 0 0 0 0 0]	2026-08-17_15-10-34	[0 0 0 0 0 0 0 0 0 0 0 0 0 0 1 0 0 0 0 0 0 0 0 0 0 0 0 0 0 0]	2026-08-17_15-10-34	[0 1 1 1 1 1]	2026-08-17_15-10-34	[0 0 1 1 0 1]	2026-08-17_15-10-34	[0]	2026-08-17_15-10-34
5	2026-08-17_15-10-34	-1.0	2026-08-17_15-10-34	9.356633186340332	2026-08-17_15-10-34	3.112460136413574	2026-08-17_15-10-34	3.207157611846924	2026-08-17_15-10-34	1.532453179359436	2026-08-17_15-10-34	1.5045623779296875	2026-08-17_15-10-34	False	2026-08-17_15-10-34	[0 0 0 0 0 0 0 0 0 0 0 0 0 0 0 0 0 0 1 0 1 1 0 1 0 0 0 0 0 0]	2026-08-17_15-10-34	[0 0 0 0 0 0 0 0 0 0 0 0 0 0 1 0 0 0 0 0 0 0 0 0 0 0 0 0 0 0]	2026-08-17_15-10-34	[0 1 1 1 1 1]	2026-08-17_15-10-34	[0 0 1 1 0 1]	2026-08-17_15-10-34	[0]	2026-08-17_15-10-34	[0 0 0 0 0 0 0 0 0 0 0 0 0 1 0 0 0 0 1 0 1 1 0 1 0 0 0 0 0 0]	2026-08-17_15-10-34	[0 0 0 0 0 0 0 0 0 0 0 0 0 0 1 0 0 0 0 0 0 0 0 0 0 1 0 0 0 0]	2026-08-17_15-10-34	[0 1 1 1 1 1]	2026-08-17_15-10-34	[0 0 1 1 0 1]	2026-08-17_15-10-34	[0]	2026-08-17_15-10-34
5	2026-08-17_15-10-34	-1.0	2026-08-17_15-10-34	9.42406177520752	2026-08-17_15-10-34	3.110067367553711	2026-08-17_15-10-34	3.213341236114502	2026-08-17_15-10-34	1.570015549659729	2026-08-17_15-10-34	1.5306379795074463	2026-08-17_15-10-34	False	2026-08-17_15-10-34	[0 0 0 0 0 0 0 0 0 0 0 0 0 1 0 0 0 0 1 0 1 1 0 1 0 0 0 0 0 0]	2026-08-17_15-10-34	[0 0 0 0 0 0 0 0 0 0 0 0 0 0 1 0 0 0 0 0 0 0 0 0 0 1 0 0 0 0]	2026-08-17_15-10-34	[0 1 1 1 1 1]	2026-08-17_15-10-34	[0 0 1 1 0 1]	2026-08-17_15-10-34	[0]	2026-08-17_15-10-34	[0 0 0 0 0 0 0 0 0 0 0 0 0 0 0 0 0 0 1 0 1 1 0 1 0 0 0 0 0 0]	2026-08-17_15-10-34	[0 0 0 0 0 0 0 0 0 0 0 0 0 0 1 0 0 0 0 0 0 0 0 0 0 0 0 0 0 0]	2026-08-17_15-10-34	[0 1 1 1 1 1]	2026-08-17_15-10-34	[0 0 1 1 0 1]	2026-08-17_15-10-34	[0]	2026-08-17_15-10-34
5	2026-08-17_15-10-34	-1.0	2026-08-17_15-10-34	9.341679573059082	2026-08-17_15-10-34	3.111447811126709	2026-08-17_15-10-34	3.204174280166626	2026-08-17_15-10-34	1.5239903926849365	2026-08-17_15-10-34	1.5020666122436523	2026-08-17_15-10-34	False	2026-08-17_15-10-34	[0 0 0 0 0 0 0 0 0 0 0 0 0 0 0 0 0 0 1 0 1 1 0 1 0 0 0 0 0 0]	2026-08-17_15-10-34	[0 0 0 0 0 0 0 0 0 0 0 0 0 0 1 0 0 0 0 0 0 0 0 0 0 0 0 0 0 0]	2026-08-17_15-10-34	[0 1 1 1 1 1]	2026-08-17_15-10-34	[0 0 1 1 0 1]	2026-08-17_15-10-34	[0]	2026-08-17_15-10-34	[0 0 0 0 0 0 0 0 0 0 0 0 0 1 0 0 0 0 1 0 1 1 0 1 0 0 0 0 0 0]	2026-08-17_15-10-34	[0 0 0 0 0 0 0 0 0 0 0 0 0 0 1 0 0 0 0 0 0 0 0 0 0 1 0 0 0 0]	2026-08-17_15-10-34	[0 1 1 1 1 1]	2026-08-17_15-10-34	[0 0 1 1 0 1]	2026-08-17_15-10-34	[0]	2026-08-17_15-10-34
5	2026-08-17_15-10-34	-1.0	2026-08-17_15-10-34	9.406820297241211	2026-08-17_15-10-34	3.11271333694458	2026-08-17_15-10-34	3.212822675704956	2026-08-17_15-10-34	1.5604026317596436	2026-08-17_15-10-34	1.5208821296691895	2026-08-17_15-10-34	False	2026-08-17_15-10-34	[0 0 0 0 0 0 0 0 0 0 0 0 0 1 0 0 0 0 1 0 1 1 0 1 0 0 0 0 0 0]	2026-08-17_15-10-34	[0 0 0 0 0 0 0 0 0 0 0 0 0 0 1 0 0 0 0 0 0 0 0 0 0 1 0 0 0 0]	2026-08-17_15-10-34	[0 1 1 1 1 1]	2026-08-17_15-10-34	[0 0 1 1 0 1]	2026-08-17_15-10-34	[0]	2026-08-17_15-10-34	[0 0 0 0 0 0 0 0 0 0 0 0 0 0 0 0 0 0 1 0 1 1 0 1 0 0 0 0 0 0]	2026-08-17_15-10-34	[0 0 0 0 0 0 0 0 0 0 0 0 0 0 1 0 0 0 0 0 0 0 0 0 0 0 0 0 0 0]	2026-08-17_15-10-34	[0 1 1 1 1 1]	2026-08-17_15-10-34	[0 0 1 1 0 1]	2026-08-17_15-10-34	[0]	2026-08-17_15-10-34
5	2026-08-17_15-10-34	-1.0	2026-08-17_15-10-34	9.28731632232666	2026-08-17_15-10-34	3.1172876358032227	2026-08-17_15-10-34	3.2007696628570557	2026-08-17_15-10-34	1.4875328540802002	2026-08-17_15-10-34	1.4817262887954712	2026-08-17_15-10-34	False	2026-08-17_15-10-34	[0 0 0 0 0 0 0 0 0 0 0 0 0 0 0 0 0 0 1 0 1 1 0 1 0 0 0 0 0 0]	2026-08-17_15-10-34	[0 0 0 0 0 0 0 0 0 0 0 0 0 0 1 0 0 0 0 0 0 0 0 0 0 0 0 0 0 0]	2026-08-17_15-10-34	[0 1 1 1 1 1]	2026-08-17_15-10-34	[0 0 1 1 0 1]	2026-08-17_15-10-34	[0]	2026-08-17_15-10-34	[0 0 0 0 0 0 0 0 0 0 0 0 0 1 0 0 0 0 1 0 1 1 0 1 0 0 0 0 0 0]	2026-08-17_15-10-34	[0 0 0 0 0 0 0 0 0 0 0 0 0 0 1 0 0 0 0 0 0 0 0 0 0 1 0 0 0 0]	2026-08-17_15-10-34	[0 1 1 1 1 1]	2026-08-17_15-10-34	[0 0 1 1 0 1]	2026-08-17_15-10-34	[0]	2026-08-17_15-10-34
5	2026-08-17_15-10-34	-1.0	2026-08-17_15-10-34	9.401782035827637	2026-08-17_15-10-34	3.1067237854003906	2026-08-17_15-10-34	3.2107186317443848	2026-08-17_15-10-34	1.5617059469223022	2026-08-17_15-10-34	1.5226335525512695	2026-08-17_15-10-34	False	2026-08-17_15-10-34	[0 0 0 0 0 0 0 0 0 0 0 0 0 1 0 0 0 0 1 0 1 1 0 1 0 0 0 0 0 0]	2026-08-17_15-10-34	[0 0 0 0 0 0 0 0 0 0 0 0 0 0 1 0 0 0 0 0 0 0 0 0 0 1 0 0 0 0]	2026-08-17_15-10-34	[0 1 1 1 1 1]	2026-08-17_15-10-34	[0 0 1 1 0 1]	2026-08-17_15-10-34	[0]	2026-08-17_15-10-34	[0 0 0 0 0 0 0 0 0 0 0 0 0 0 0 0 0 0 1 0 1 1 0 1 0 0 0 0 0 0]	2026-08-17_15-10-34	[0 0 0 0 0 0 0 0 0 0 0 0 0 0 1 0 0 0 0 0 0 0 0 0 0 0 0 0 0 0]	2026-08-17_15-10-34	[0 1 1 1 1 1]	2026-08-17_15-10-34	[0 0 1 1 0 1]	2026-08-17_15-10-34	[0]	2026-08-17_15-10-34
5	2026-08-17_15-10-34	-1.0	2026-08-17_15-10-34	9.313800811767578	2026-08-17_15-10-34	3.111750602722168	2026-08-17_15-10-34	3.200371026992798	2026-08-17_15-10-34	1.5070478916168213	2026-08-17_15-10-34	1.4946314096450806	2026-08-17_15-10-34	False	2026-08-17_15-10-34	[0 0 0 0 0 0 0 0 0 0 0 0 0 0 0 0 0 0 1 0 1 1 0 1 0 0 0 0 0 0]	2026-08-17_15-10-34	[0 0 0 0 0 0 0 0 0 0 0 0 0 0 1 0 0 0 0 0 0 0 0 0 0 0 0 0 0 0]	2026-08-17_15-10-34	[0 1 1 1 1 1]	2026-08-17_15-10-34	[0 0 1 1 0 1]	2026-08-17_15-10-34	[0]	2026-08-17_15-10-34	[0 0 0 0 0 0 0 0 0 0 0 0 0 1 0 0 0 0 1 0 1 1 0 1 0 0 0 0 0 0]	2026-08-17_15-10-34	[0 0 0 0 0 0 0 0 0 0 0 0 0 0 1 0 0 0 0 0 0 0 0 0 0 1 0 0 0 0]	2026-08-17_15-10-34	[0 1 1 1 1 1]	2026-08-17_15-10-34	[0 0 1 1 0 1]	2026-08-17_15-10-34	[0]	2026-08-17_15-10-34
5	2026-08-17_15-10-34	-1.0	2026-08-17_15-10-34	9.417436599731445	2026-08-17_15-10-34	3.109666585922241	2026-08-17_15-10-34	3.212430477142334	2026-08-17_15-10-34	1.5682867765426636	2026-08-17_15-10-34	1.5270529985427856	2026-08-17_15-10-34	False	2026-08-17_15-10-34	[0 0 0 0 0 0 0 0 0 0 0 0 0 1 0 0 0 0 1 0 1 1 0 1 0 0 0 0 0 0]	2026-08-17_15-10-34	[0 0 0 0 0 0 0 0 0 0 0 0 0 0 1 0 0 0 0 0 0 0 0 0 0 1 0 0 0 0]	2026-08-17_15-10-34	[0 1 1 1 1 1]	2026-08-17_15-10-34	[0 0 1 1 0 1]	2026-08-17_15-10-34	[0]	2026-08-17_15-10-34	[0 0 0 0 0 0 0 0 0 0 0 0 0 0 0 0 0 0 1 0 1 1 0 1 0 0 0 0 0 0]	2026-08-17_15-10-34	[0 0 0 0 0 0 0 0 0 0 0 0 0 0 1 0 0 0 0 0 0 0 0 0 0 0 0 0 0 0]	2026-08-17_15-10-34	[0 1 1 1 1 1]	2026-08-17_15-10-34	[0 0 1 1 0 1]	2026-08-17_15-10-34	[0]	2026-08-17_15-10-34
5	2026-08-17_15-10-34	-1.0	2026-08-17_15-10-34	9.342286109924316	2026-08-17_15-10-34	3.1155967712402344	2026-08-17_15-10-34	3.2056808471679688	2026-08-17_15-10-34	1.5203555822372437	2026-08-17_15-10-34	1.500652551651001	2026-08-17_15-10-34	False	2026-08-17_15-10-34	[0 0 0 0 0 0 0 0 0 0 0 0 0 0 0 0 0 0 1 0 1 1 0 1 0 0 0 0 0 0]	2026-08-17_15-10-34	[0 0 0 0 0 0 0 0 0 0 0 0 0 0 1 0 0 0 0 0 0 0 0 0 0 0 0 0 0 0]	2026-08-17_15-10-34	[0 1 1 1 1 1]	2026-08-17_15-10-34	[0 0 1 1 0 1]	2026-08-17_15-10-34	[0]	2026-08-17_15-10-34	[0 0 0 0 0 0 0 0 0 0 0 0 0 1 0 0 0 0 1 0 1 1 0 1 0 0 0 0 0 0]	2026-08-17_15-10-34	[0 0 0 0 0 0 0 0 0 0 0 0 0 0 1 0 0 0 0 0 0 0 0 0 0 1 0 0 0 0]	2026-08-17_15-10-34	[0 1 1 1 1 1]	2026-08-17_15-10-34	[0 0 1 1 0 1]	2026-08-17_15-10-34	[0]	2026-08-17_15-10-34
5	2026-08-17_15-10-34	-1.0	2026-08-17_15-10-34	9.408677101135254	2026-08-17_15-10-34	3.1043765544891357	2026-08-17_15-10-34	3.2096550464630127	2026-08-17_15-10-34	1.5668272972106934	2026-08-17_15-10-34	1.5278184413909912	2026-08-17_15-10-34	False	2026-08-17_15-10-34	[0 0 0 0 0 0 0 0 0 0 0 0 0 1 0 0 0 0 1 0 1 1 0 1 0 0 0 0 0 0]	2026-08-17_15-10-34	[0 0 0 0 0 0 0 0 0 0 0 0 0 0 1 0 0 0 0 0 0 0 0 0 0 1 0 0 0 0]	2026-08-17_15-10-34	[0 1 1 1 1 1]	2026-08-17_15-10-34	[0 0 1 1 0 1]	2026-08-17_15-10-34	[0]	2026-08-17_15-10-34	[0 0 0 0 0 0 0 0 0 0 0 0 0 0 0 0 0 0 1 0 1 1 0 1 0 0 0 0 0 0]	2026-08-17_15-10-34	[0 0 0 0 0 0 0 0 0 0 0 0 0 0 1 0 0 0 0 0 0 0 0 0 0 0 0 0 0 0]	2026-08-17_15-10-34	[0 1 1 1 1 1]	2026-08-17_15-10-34	[0 0 1 1 0 1]	2026-08-17_15-10-34	[0]	2026-08-17_15-10-34
5	2026-08-17_15-10-34	-1.0	2026-08-17_15-10-34	9.326377868652344	2026-08-17_15-10-34	3.113872528076172	2026-08-17_15-10-34	3.2017738819122314	2026-08-17_15-10-34	1.5107407569885254	2026-08-17_15-10-34	1.499990463256836	2026-08-17_15-10-34	False	2026-08-17_15-10-34	[0 0 0 0 0 0 0 0 0 0 0 0 0 0 0 0 0 0 1 0 1 1 0 1 0 0 0 0 0 0]	2026-08-17_15-10-34	[0 0 0 0 0 0 0 0 0 0 0 0 0 0 1 0 0 0 0 0 0 0 0 0 0 0 0 0 0 0]	2026-08-17_15-10-34	[0 1 1 1 1 1]	2026-08-17_15-10-34	[0 0 1 1 0 1]	2026-08-17_15-10-34	[0]	2026-08-17_15-10-34	[0 0 0 0 0 0 0 0 0 0 0 0 0 1 0 0 0 0 1 0 1 1 0 1 0 0 0 0 0 0]	2026-08-17_15-10-34	[0 0 0 0 0 0 0 0 0 0 0 0 0 0 1 0 0 0 0 0 0 0 0 0 0 1 0 0 0 0]	2026-08-17_15-10-34	[0 1 1 1 1 1]	2026-08-17_15-10-34	[0 0 1 1 0 1]	2026-08-17_15-10-34	[0]	2026-08-17_15-10-34
5	2026-08-17_15-10-34	-1.0	2026-08-17_15-10-34	9.409428596496582	2026-08-17_15-10-34	3.1072285175323486	2026-08-17_15-10-34	3.210330009460449	2026-08-17_15-10-34	1.5638293027877808	2026-08-17_15-10-34	1.528041124343872	2026-08-17_15-10-34	False	2026-08-17_15-10-34	[0 0 0 0 0 0 0 0 0 0 0 0 0 1 0 0 0 0 1 0 1 1 0 1 0 0 0 0 0 0]	2026-08-17_15-10-34	[0 0 0 0 0 0 0 0 0 0 0 0 0 0 1 0 0 0 0 0 0 0 0 0 0 1 0 0 0 0]	2026-08-17_15-10-34	[0 1 1 1 1 1]	2026-08-17_15-10-34	[0 0 1 1 0 1]	2026-08-17_15-10-34	[0]	2026-08-17_15-10-34	[0 0 0 0 0 0 0 0 0 0 0 0 0 0 0 0 0 0 1 0 1 1 0 1 0 0 0 0 0 0]	2026-08-17_15-10-34	[0 0 0 0 0 0 0 0 0 0 0 0 0 0 1 0 0 0 0 0 0 0 0 0 0 0 0 0 0 0]	2026-08-17_15-10-34	[0 1 1 1 1 1]	2026-08-17_15-10-34	[0 0 1 1 0 1]	2026-08-17_15-10-34	[0]	2026-08-17_15-10-34
5	2026-08-17_15-10-34	-1.0	2026-08-17_15-10-34	9.345901489257812	2026-08-17_15-10-34	3.1125130653381348	2026-08-17_15-10-34	3.2064120769500732	2026-08-17_15-10-34	1.5242938995361328	2026-08-17_15-10-34	1.5026824474334717	2026-08-17_15-10-34	False	2026-08-17_15-10-34	[0 0 0 0 0 0 0 0 0 0 0 0 0 0 0 0 0 0 1 0 1 1 0 1 0 0 0 0 0 0]	2026-08-17_15-10-34	[0 0 0 0 0 0 0 0 0 0 0 0 0 0 1 0 0 0 0 0 0 0 0 0 0 0 0 0 0 0]	2026-08-17_15-10-34	[0 1 1 1 1 1]	2026-08-17_15-10-34	[0 0 1 1 0 1]	2026-08-17_15-10-34	[0]	2026-08-17_15-10-34	[0 0 0 0 0 0 0 0 0 0 0 0 0 1 0 0 0 0 1 0 1 1 0 1 0 0 0 0 0 0]	2026-08-17_15-10-34	[0 0 0 0 0 0 0 0 0 0 0 0 0 0 1 0 0 0 0 0 0 0 0 0 0 1 0 0 0 0]	2026-08-17_15-10-34	[0 1 1 1 1 1]	2026-08-17_15-10-34	[0 0 1 1 0 1]	2026-08-17_15-10-34	[0]	2026-08-17_15-10-34
5	2026-08-17_15-10-34	-1.0	2026-08-17_15-10-34	9.390178680419922	2026-08-17_15-10-34	3.107172966003418	2026-08-17_15-10-34	3.2089016437530518	2026-08-17_15-10-34	1.555591106414795	2026-08-17_15-10-34	1.5185128450393677	2026-08-17_15-10-34	False	2026-08-17_15-10-34	[0 0 0 0 0 0 0 0 0 0 0 0 0 1 0 0 0 0 1 0 1 1 0 1 0 0 0 0 0 0]	2026-08-17_15-10-34	[0 0 0 0 0 0 0 0 0 0 0 0 0 0 1 0 0 0 0 0 0 0 0 0 0 1 0 0 0 0]	2026-08-17_15-10-34	[0 1 1 1 1 1]	2026-08-17_15-10-34	[0 0 1 1 0 1]	2026-08-17_15-10-34	[0]	2026-08-17_15-10-34	[0 0 0 0 0 0 0 0 0 0 0 0 0 0 0 0 0 0 1 0 1 1 0 1 0 0 0 0 0 0]	2026-08-17_15-10-34	[0 0 0 0 0 0 0 0 0 0 0 0 0 0 1 0 0 0 0 0 0 0 0 0 0 0 0 0 0 0]	2026-08-17_15-10-34	[0 1 1 1 1 1]	2026-08-17_15-10-34	[0 0 1 1 0 1]	2026-08-17_15-10-34	[0]	2026-08-17_15-10-34
5	2026-08-17_15-10-34	-1.0	2026-08-17_15-10-34	9.33051586151123	2026-08-17_15-10-34	3.1128807067871094	2026-08-17_15-10-34	3.20285701751709	2026-08-17_15-10-34	1.5141681432724	2026-08-17_15-10-34	1.5006098747253418	2026-08-17_15-10-34	False	2026-08-17_15-10-34	[0 0 0 0 0 0 0 0 0 0 0 0 0 0 0 0 0 0 1 0 1 1 0 1 0 0 0 0 0 0]	2026-08-17_15-10-34	[0 0 0 0 0 0 0 0 0 0 0 0 0 0 1 0 0 0 0 0 0 0 0 0 0 0 0 0 0 0]	2026-08-17_15-10-34	[0 1 1 1 1 1]	2026-08-17_15-10-34	[0 0 1 1 0 1]	2026-08-17_15-10-34	[0]	2026-08-17_15-10-34	[0 0 0 0 0 0 0 0 0 0 0 0 0 1 0 0 0 0 1 0 1 1 0 1 0 0 0 0 0 0]	2026-08-17_15-10-34	[0 0 0 0 0 0 0 0 0 0 0 0 0 0 1 0 0 0 0 0 0 0 0 0 0 1 0 0 0 0]	2026-08-17_15-10-34	[0 1 1 1 1 1]	2026-08-17_15-10-34	[0 0 1 1 0 1]	2026-08-17_15-10-34	[0]	2026-08-17_15-10-34
5	2026-08-17_15-10-34	-1.0	2026-08-17_15-10-34	9.419526100158691	2026-08-17_15-10-34	3.1009364128112793	2026-08-17_15-10-34	3.2097508907318115	2026-08-17_15-10-34	1.5766505002975464	2026-08-17_15-10-34	1.5321887731552124	2026-08-17_15-10-34	False	2026-08-17_15-10-34	[0 0 0 0 0 0 0 0 0 0 0 0 0 1 0 0 0 0 1 0 1 1 0 1 0 0 0 0 0 0]	2026-08-17_15-10-34	[0 0 0 0 0 0 0 0 0 0 0 0 0 0 1 0 0 0 0 0 0 0 0 0 0 1 0 0 0 0]	2026-08-17_15-10-34	[0 1 1 1 1 1]	2026-08-17_15-10-34	[0 0 1 1 0 1]	2026-08-17_15-10-34	[0]	2026-08-17_15-10-34	[0 0 0 0 0 0 0 0 0 0 0 0 0 0 0 0 0 0 1 0 1 1 0 1 0 0 0 0 0 0]	2026-08-17_15-10-34	[0 0 0 0 0 0 0 0 0 0 0 0 0 0 1 0 0 0 0 0 0 0 0 0 0 0 0 0 0 0]	2026-08-17_15-10-34	[0 1 1 1 1 1]	2026-08-17_15-10-34	[0 0 1 1 0 1]	2026-08-17_15-10-34	[0]	2026-08-17_15-10-34
5	2026-08-17_15-10-34	-1.0	2026-08-17_15-10-34	9.344922065734863	2026-08-17_15-10-34	3.1144890785217285	2026-08-17_15-10-34	3.2046608924865723	2026-08-17_15-10-34	1.5196597576141357	2026-08-17_15-10-34	1.506111741065979	2026-08-17_15-10-34	False	2026-08-17_15-10-34	[0 0 0 0 0 0 0 0 0 0 0 0 0 0 0 0 0 0 1 0 1 1 0 1 0 0 0 0 0 0]	2026-08-17_15-10-34	[0 0 0 0 0 0 0 0 0 0 0 0 0 0 1 0 0 0 0 0 0 0 0 0 0 0 0 0 0 0]	2026-08-17_15-10-34	[0 1 1 1 1 1]	2026-08-17_15-10-34	[0 0 1 1 0 1]	2026-08-17_15-10-34	[0]	2026-08-17_15-10-34	[0 0 0 0 0 0 0 0 0 0 0 0 0 1 0 0 0 0 1 0 1 1 0 1 0 0 0 0 0 0]	2026-08-17_15-10-34	[0 0 0 0 0 0 0 0 0 0 0 0 0 0 1 0 0 0 0 0 0 0 0 0 0 1 0 0 0 0]	2026-08-17_15-10-34	[0 1 1 1 1 1]	2026-08-17_15-10-34	[0 0 1 1 0 1]	2026-08-17_15-10-34	[0]	2026-08-17_15-10-34
5	2026-08-17_15-10-34	-1.0	2026-08-17_15-10-34	9.405372619628906	2026-08-17_15-10-34	3.1039109230041504	2026-08-17_15-10-34	3.2085554599761963	2026-08-17_15-10-34	1.5657821893692017	2026-08-17_15-10-34	1.5271235704421997	2026-08-17_15-10-34	False	2026-08-17_15-10-34	[0 0 0 0 0 0 0 0 0 0 0 0 0 1 0 0 0 0 1 0 1 1 0 1 0 0 0 0 0 0]	2026-08-17_15-10-34	[0 0 0 0 0 0 0 0 0 0 0 0 0 0 1 0 0 0 0 0 0 0 0 0 0 1 0 0 0 0]	2026-08-17_15-10-34	[0 1 1 1 1 1]	2026-08-17_15-10-34	[0 0 1 1 0 1]	2026-08-17_15-10-34	[0]	2026-08-17_15-10-34	[0 0 0 0 0 0 0 0 0 0 0 0 0 0 0 0 0 0 1 0 1 1 0 1 0 0 0 0 0 0]	2026-08-17_15-10-34	[0 0 0 0 0 0 0 0 0 0 0 0 0 0 1 0 0 0 0 0 0 0 0 0 0 0 0 0 0 0]	2026-08-17_15-10-34	[0 1 1 1 1 1]	2026-08-17_15-10-34	[0 0 1 1 0 1]	2026-08-17_15-10-34	[0]	2026-08-17_15-10-34
5	2026-08-17_15-10-34	-1.0	2026-08-17_15-10-34	9.342906951904297	2026-08-17_15-10-34	3.1131045818328857	2026-08-17_15-10-34	3.2043588161468506	2026-08-17_15-10-34	1.5221267938613892	2026-08-17_15-10-34	1.5033167600631714	2026-08-17_15-10-34	False	2026-08-17_15-10-34	[0 0 0 0 0 0 0 0 0 0 0 0 0 0 0 0 0 0 1 0 1 1 0 1 0 0 0 0 0 0]	2026-08-17_15-10-34	[0 0 0 0 0 0 0 0 0 0 0 0 0 0 1 0 0 0 0 0 0 0 0 0 0 0 0 0 0 0]	2026-08-17_15-10-34	[0 1 1 1 1 1]	2026-08-17_15-10-34	[0 0 1 1 0 1]	2026-08-17_15-10-34	[0]	2026-08-17_15-10-34	[0 0 0 0 0 0 0 0 0 0 0 0 0 1 0 0 0 0 1 0 1 1 0 1 0 0 0 0 0 0]	2026-08-17_15-10-34	[0 0 0 0 0 0 0 0 0 0 0 0 0 0 1 0 0 0 0 0 0 0 0 0 0 1 0 0 0 0]	2026-08-17_15-10-34	[0 1 1 1 1 1]	2026-08-17_15-10-34	[0 0 1 1 0 1]	2026-08-17_15-10-34	[0]	2026-08-17_15-10-34
5	2026-08-17_15-10-34	-1.0	2026-08-17_15-10-34	9.409636497497559	2026-08-17_15-10-34	3.1094846725463867	2026-08-17_15-10-34	3.2116289138793945	2026-08-17_15-10-34	1.5626544952392578	2026-08-17_15-10-34	1.525868535041809	2026-08-17_15-10-34	False	2026-08-17_15-10-34	[0 0 0 0 0 0 0 0 0 0 0 0 0 1 0 0 0 0 1 0 1 1 0 1 0 0 0 0 0 0]	2026-08-17_15-10-34	[0 0 0 0 0 0 0 0 0 0 0 0 0 0 1 0 0 0 0 0 0 0 0 0 0 1 0 0 0 0]	2026-08-17_15-10-34	[0 1 1 1 1 1]	2026-08-17_15-10-34	[0 0 1 1 0 1]	2026-08-17_15-10-34	[0]	2026-08-17_15-10-34	[0 0 0 0 0 0 0 0 0 0 0 0 0 0 0 0 0 0 1 0 1 1 0 1 0 0 0 0 0 0]	2026-08-17_15-10-34	[0 0 0 0 0 0 0 0 0 0 0 0 0 0 1 0 0 0 0 0 0 0 0 0 0 0 0 0 0 0]	2026-08-17_15-10-34	[0 1 1 1 1 1]	2026-08-17_15-10-34	[0 0 1 1 0 1]	2026-08-17_15-10-34	[0]	2026-08-17_15-10-34
5	2026-08-17_15-10-34	-1.0	2026-08-17_15-10-34	9.334064483642578	2026-08-17_15-10-34	3.110846519470215	2026-08-17_15-10-34	3.2027781009674072	2026-08-17_15-10-34	1.5194859504699707	2026-08-17_15-10-34	1.5009546279907227	2026-08-17_15-10-34	False	2026-08-17_15-10-34	[0 0 0 0 0 0 0 0 0 0 0 0 0 0 0 0 0 0 1 0 1 1 0 1 0 0 0 0 0 0]	2026-08-17_15-10-34	[0 0 0 0 0 0 0 0 0 0 0 0 0 0 1 0 0 0 0 0 0 0 0 0 0 0 0 0 0 0]	2026-08-17_15-10-34	[0 1 1 1 1 1]	2026-08-17_15-10-34	[0 0 1 1 0 1]	2026-08-17_15-10-34	[0]	2026-08-17_15-10-34	[0 0 0 0 0 0 0 0 0 0 0 0 0 1 0 0 0 0 1 0 1 1 0 1 0 0 0 0 0 0]	2026-08-17_15-10-34	[0 0 0 0 0 0 0 0 0 0 0 0 0 0 1 0 0 0 0 0 0 0 0 0 0 1 0 0 0 0]	2026-08-17_15-10-34	[0 1 1 1 1 1]	2026-08-17_15-10-34	[0 0 1 1 0 1]	2026-08-17_15-10-34	[0]	2026-08-17_15-10-34
5	2026-08-17_15-10-34	-1.0	2026-08-17_15-10-34	9.394017219543457	2026-08-17_15-10-34	3.1033451557159424	2026-08-17_15-10-34	3.2084689140319824	2026-08-17_15-10-34	1.5618112087249756	2026-08-17_15-10-34	1.5203912258148193	2026-08-17_15-10-34	False	2026-08-17_15-10-34	[0 0 0 0 0 0 0 0 0 0 0 0 0 1 0 0 0 0 1 0 1 1 0 1 0 0 0 0 0 0]	2026-08-17_15-10-34	[0 0 0 0 0 0 0 0 0 0 0 0 0 0 1 0 0 0 0 0 0 0 0 0 0 1 0 0 0 0]	2026-08-17_15-10-34	[0 1 1 1 1 1]	2026-08-17_15-10-34	[0 0 1 1 0 1]	2026-08-17_15-10-34	[0]	2026-08-17_15-10-34	[0 0 0 0 0 0 0 0 0 0 0 0 0 0 0 0 0 0 1 0 1 1 0 1 0 0 0 0 0 0]	2026-08-17_15-10-34	[0 0 0 0 0 0 0 0 0 0 0 0 0 0 1 0 0 0 0 0 0 0 0 0 0 0 0 0 0 0]	2026-08-17_15-10-34	[0 1 1 1 1 1]	2026-08-17_15-10-34	[0 0 1 1 0 1]	2026-08-17_15-10-34	[0]	2026-08-17_15-10-34
5	2026-08-17_15-10-34	-1.0	2026-08-17_15-10-34	9.366538047790527	2026-08-17_15-10-34	3.112912893295288	2026-08-17_15-10-34	3.2071125507354736	2026-08-17_15-10-34	1.5338149070739746	2026-08-17_15-10-34	1.5126973390579224	2026-08-17_15-10-34	False	2026-08-17_15-10-34	[0 0 0 0 0 0 0 0 0 0 0 0 0 0 0 0 0 0 1 0 1 1 0 1 0 0 0 0 0 0]	2026-08-17_15-10-34	[0 0 0 0 0 0 0 0 0 0 0 0 0 0 1 0 0 0 0 0 0 0 0 0 0 0 0 0 0 0]	2026-08-17_15-10-34	[0 1 1 1 1 1]	2026-08-17_15-10-34	[0 0 1 1 0 1]	2026-08-17_15-10-34	[0]	2026-08-17_15-10-34	[0 0 0 0 0 0 0 0 0 0 0 0 0 1 0 0 0 0 1 0 1 1 0 1 0 0 0 0 0 0]	2026-08-17_15-10-34	[0 0 0 0 0 0 0 0 0 0 0 0 0 0 1 0 0 0 0 0 0 0 0 0 0 1 0 0 0 0]	2026-08-17_15-10-34	[0 1 1 1 1 1]	2026-08-17_15-10-34	[0 0 1 1 0 1]	2026-08-17_15-10-34	[0]	2026-08-17_15-10-34
5	2026-08-17_15-10-34	-1.0	2026-08-17_15-10-34	9.407376289367676	2026-08-17_15-10-34	3.1077167987823486	2026-08-17_15-10-34	3.211603879928589	2026-08-17_15-10-34	1.5641438961029053	2026-08-17_15-10-34	1.5239118337631226	2026-08-17_15-10-34	False	2026-08-17_15-10-34	[0 0 0 0 0 0 0 0 0 0 0 0 0 1 0 0 0 0 1 0 1 1 0 1 0 0 0 0 0 0]	2026-08-17_15-10-34	[0 0 0 0 0 0 0 0 0 0 0 0 0 0 1 0 0 0 0 0 0 0 0 0 0 1 0 0 0 0]	2026-08-17_15-10-34	[0 1 1 1 1 1]	2026-08-17_15-10-34	[0 0 1 1 0 1]	2026-08-17_15-10-34	[0]	2026-08-17_15-10-34	[0 0 0 0 0 0 0 0 0 0 0 0 0 0 0 0 0 0 1 0 1 1 0 1 0 0 0 0 0 0]	2026-08-17_15-10-34	[0 0 0 0 0 0 0 0 0 0 0 0 0 0 1 0 0 0 0 0 0 0 0 0 0 0 0 0 0 0]	2026-08-17_15-10-34	[0 1 1 1 1 1]	2026-08-17_15-10-34	[0 0 1 1 0 1]	2026-08-17_15-10-34	[0]	2026-08-17_15-10-34
5	2026-08-17_15-10-34	-1.0	2026-08-17_15-10-34	9.342020988464355	2026-08-17_15-10-34	3.1105422973632812	2026-08-17_15-10-34	3.203817367553711	2026-08-17_15-10-34	1.524448037147522	2026-08-17_15-10-34	1.5032130479812622	2026-08-17_15-10-34	False	2026-08-17_15-10-34	[0 0 0 0 0 0 0 0 0 0 0 0 0 0 0 0 0 0 1 0 1 1 0 1 0 0 0 0 0 0]	2026-08-17_15-10-34	[0 0 0 0 0 0 0 0 0 0 0 0 0 0 1 0 0 0 0 0 0 0 0 0 0 0 0 0 0 0]	2026-08-17_15-10-34	[0 1 1 1 1 1]	2026-08-17_15-10-34	[0 0 1 1 0 1]	2026-08-17_15-10-34	[0]	2026-08-17_15-10-34	[0 0 0 0 0 0 0 0 0 0 0 0 0 1 0 0 0 0 1 0 1 1 0 1 0 0 0 0 0 0]	2026-08-17_15-10-34	[0 0 0 0 0 0 0 0 0 0 0 0 0 0 1 0 0 0 0 0 0 0 0 0 0 1 0 0 0 0]	2026-08-17_15-10-34	[0 1 1 1 1 1]	2026-08-17_15-10-34	[0 0 1 1 0 1]	2026-08-17_15-10-34	[0]	2026-08-17_15-10-34
5	2026-08-17_15-10-34	-1.0	2026-08-17_15-10-34	9.366583824157715	2026-08-17_15-10-34	3.106685161590576	2026-08-17_15-10-34	3.20513916015625	2026-08-17_15-10-34	1.540858268737793	2026-08-17_15-10-34	1.5139015913009644	2026-08-17_15-10-34	False	2026-08-17_15-10-34	[0 0 0 0 0 0 0 0 0 0 0 0 0 1 0 0 0 0 1 0 1 1 0 1 0 0 0 0 0 0]	2026-08-17_15-10-34	[0 0 0 0 0 0 0 0 0 0 0 0 0 0 1 0 0 0 0 0 0 0 0 0 0 1 0 0 0 0]	2026-08-17_15-10-34	[0 1 1 1 1 1]	2026-08-17_15-10-34	[0 0 1 1 0 1]	2026-08-17_15-10-34	[0]	2026-08-17_15-10-34	[0 0 0 0 0 0 0 0 0 0 0 0 0 0 0 0 0 0 1 0 1 1 0 1 0 0 0 0 0 0]	2026-08-17_15-10-34	[0 0 0 0 0 0 0 0 0 0 0 0 0 0 1 0 0 0 0 0 0 0 0 0 0 0 0 0 0 0]	2026-08-17_15-10-34	[0 1 1 1 1 1]	2026-08-17_15-10-34	[0 0 1 1 0 1]	2026-08-17_15-10-34	[0]	2026-08-17_15-10-34
5	2026-08-17_15-10-34	-1.0	2026-08-17_15-10-34	9.369232177734375	2026-08-17_15-10-34	3.1107301712036133	2026-08-17_15-10-34	3.206796407699585	2026-08-17_15-10-34	1.536963939666748	2026-08-17_15-10-34	1.5147411823272705	2026-08-17_15-10-34	False	2026-08-17_15-10-34	[0 0 0 0 0 0 0 0 0 0 0 0 0 0 0 0 0 0 1 0 1 1 0 1 0 0 0 0 0 0]	2026-08-17_15-10-34	[0 0 0 0 0 0 0 0 0 0 0 0 0 0 1 0 0 0 0 0 0 0 0 0 0 0 0 0 0 0]	2026-08-17_15-10-34	[0 1 1 1 1 1]	2026-08-17_15-10-34	[0 0 1 1 0 1]	2026-08-17_15-10-34	[0]	2026-08-17_15-10-34	[0 0 0 0 0 0 0 0 0 0 0 0 0 1 0 0 0 0 1 0 1 1 0 1 0 0 0 0 0 0]	2026-08-17_15-10-34	[0 0 0 0 0 0 0 0 0 0 0 0 0 0 1 0 0 0 0 0 0 0 0 0 0 1 0 0 0 0]	2026-08-17_15-10-34	[0 1 1 1 1 1]	2026-08-17_15-10-34	[0 0 1 1 0 1]	2026-08-17_15-10-34	[0]	2026-08-17_15-10-34
5	2026-08-17_15-10-34	-1.0	2026-08-17_15-10-34	9.406548500061035	2026-08-17_15-10-34	3.107074499130249	2026-08-17_15-10-34	3.210696220397949	2026-08-17_15-10-34	1.5634413957595825	2026-08-17_15-10-34	1.5253359079360962	2026-08-17_15-10-34	False	2026-08-17_15-10-34	[0 0 0 0 0 0 0 0 0 0 0 0 0 1 0 0 0 0 1 0 1 1 0 1 0 0 0 0 0 0]	2026-08-17_15-10-34	[0 0 0 0 0 0 0 0 0 0 0 0 0 0 1 0 0 0 0 0 0 0 0 0 0 1 0 0 0 0]	2026-08-17_15-10-34	[0 1 1 1 1 1]	2026-08-17_15-10-34	[0 0 1 1 0 1]	2026-08-17_15-10-34	[0]	2026-08-17_15-10-34	[0 0 0 0 0 0 0 0 0 0 0 0 0 0 0 0 0 0 1 0 1 1 0 1 0 0 0 0 0 0]	2026-08-17_15-10-34	[0 0 0 0 0 0 0 0 0 0 0 0 0 0 1 0 0 0 0 0 0 0 0 0 0 0 0 0 0 0]	2026-08-17_15-10-34	[0 1 1 1 1 1]	2026-08-17_15-10-34	[0 0 1 1 0 1]	2026-08-17_15-10-34	[0]	2026-08-17_15-10-34
5	2026-08-17_15-10-34	-1.0	2026-08-17_15-10-34	9.318434715270996	2026-08-17_15-10-34	3.1103150844573975	2026-08-17_15-10-34	3.200497627258301	2026-08-17_15-10-34	1.5119556188583374	2026-08-17_15-10-34	1.4956660270690918	2026-08-17_15-10-34	False	2026-08-17_15-10-34	[0 0 0 0 0 0 0 0 0 0 0 0 0 0 0 0 0 0 1 0 1 1 0 1 0 0 0 0 0 0]	2026-08-17_15-10-34	[0 0 0 0 0 0 0 0 0 0 0 0 0 0 1 0 0 0 0 0 0 0 0 0 0 0 0 0 0 0]	2026-08-17_15-10-34	[0 1 1 1 1 1]	2026-08-17_15-10-34	[0 0 1 1 0 1]	2026-08-17_15-10-34	[0]	2026-08-17_15-10-34	[0 0 0 0 0 0 0 0 0 0 0 0 0 1 0 0 0 0 1 0 1 1 0 1 0 0 0 0 0 0]	2026-08-17_15-10-34	[0 0 0 0 0 0 0 0 0 0 0 0 0 0 1 0 0 0 0 0 0 0 0 0 0 1 0 0 0 0]	2026-08-17_15-10-34	[0 1 1 1 1 1]	2026-08-17_15-10-34	[0 0 1 1 0 1]	2026-08-17_15-10-34	[0]	2026-08-17_15-10-34
5	2026-08-17_15-10-34	-1.0	2026-08-17_15-10-34	9.392948150634766	2026-08-17_15-10-34	3.105349540710449	2026-08-17_15-10-34	3.2075233459472656	2026-08-17_15-10-34	1.5563017129898071	2026-08-17_15-10-34	1.5237736701965332	2026-08-17_15-10-34	False	2026-08-17_15-10-34	[0 0 0 0 0 0 0 0 0 0 0 0 0 1 0 0 0 0 1 0 1 1 0 1 0 0 0 0 0 0]	2026-08-17_15-10-34	[0 0 0 0 0 0 0 0 0 0 0 0 0 0 1 0 0 0 0 0 0 0 0 0 0 1 0 0 0 0]	2026-08-17_15-10-34	[0 1 1 1 1 1]	2026-08-17_15-10-34	[0 0 1 1 0 1]	2026-08-17_15-10-34	[0]	2026-08-17_15-10-34	[0 0 0 0 0 0 0 0 0 0 0 0 0 0 0 0 0 0 1 0 1 1 0 1 0 0 0 0 0 0]	2026-08-17_15-10-34	[0 0 0 0 0 0 0 0 0 0 0 0 0 0 1 0 0 0 0 0 0 0 0 0 0 0 0 0 0 0]	2026-08-17_15-10-34	[0 1 1 1 1 1]	2026-08-17_15-10-34	[0 0 1 1 0 1]	2026-08-17_15-10-34	[0]	2026-08-17_15-10-34
5	2026-08-17_15-10-34	-1.0	2026-08-17_15-10-34	9.343442916870117	2026-08-17_15-10-34	3.1115949153900146	2026-08-17_15-10-34	3.202944278717041	2026-08-17_15-10-34	1.5243937969207764	2026-08-17_15-10-34	1.504509687423706	2026-08-17_15-10-34	False	2026-08-17_15-10-34	[0 0 0 0 0 0 0 0 0 0 0 0 0 0 0 0 0 0 1 0 1 1 0 1 0 0 0 0 0 0]	2026-08-17_15-10-34	[0 0 0 0 0 0 0 0 0 0 0 0 0 0 1 0 0 0 0 0 0 0 0 0 0 0 0 0 0 0]	2026-08-17_15-10-34	[0 1 1 1 1 1]	2026-08-17_15-10-34	[0 0 1 1 0 1]	2026-08-17_15-10-34	[0]	2026-08-17_15-10-34	[0 0 0 0 0 0 0 0 0 0 0 0 0 1 0 0 0 0 1 0 1 1 0 1 0 0 0 0 0 0]	2026-08-17_15-10-34	[0 0 0 0 0 0 0 0 0 0 0 0 0 0 1 0 0 0 0 0 0 0 0 0 0 1 0 0 0 0]	2026-08-17_15-10-34	[0 1 1 1 1 1]	2026-08-17_15-10-34	[0 0 1 1 0 1]	2026-08-17_15-10-34	[0]	2026-08-17_15-10-34
5	2026-08-17_15-10-34	-1.0	2026-08-17_15-10-34	9.420427322387695	2026-08-17_15-10-34	3.1070125102996826	2026-08-17_15-10-34	3.211515188217163	2026-08-17_15-10-34	1.5712023973464966	2026-08-17_15-10-34	1.5306971073150635	2026-08-17_15-10-34	False	2026-08-17_15-10-34	[0 0 0 0 0 0 0 0 0 0 0 0 0 1 0 0 0 0 1 0 1 1 0 1 0 0 0 0 0 0]	2026-08-17_15-10-34	[0 0 0 0 0 0 0 0 0 0 0 0 0 0 1 0 0 0 0 0 0 0 0 0 0 1 0 0 0 0]	2026-08-17_15-10-34	[0 1 1 1 1 1]	2026-08-17_15-10-34	[0 0 1 1 0 1]	2026-08-17_15-10-34	[0]	2026-08-17_15-10-34	[0 0 0 0 0 0 0 0 0 0 0 0 0 0 0 0 0 0 1 0 1 1 0 1 0 0 0 0 0 0]	2026-08-17_15-10-34	[0 0 0 0 0 0 0 0 0 0 0 0 0 0 1 0 0 0 0 0 0 0 0 0 0 0 0 0 0 0]	2026-08-17_15-10-34	[0 1 1 1 1 1]	2026-08-17_15-10-34	[0 0 1 1 0 1]	2026-08-17_15-10-34	[0]	2026-08-17_15-10-34
5	2026-08-17_15-10-34	-1.0	2026-08-17_15-10-34	9.287847518920898	2026-08-17_15-10-34	3.1153228282928467	2026-08-17_15-10-34	3.1991004943847656	2026-08-17_15-10-34	1.4887415170669556	2026-08-17_15-10-34	1.4846820831298828	2026-08-17_15-10-34	False	2026-08-17_15-10-34	[0 0 0 0 0 0 0 0 0 0 0 0 0 0 0 0 0 0 1 0 1 1 0 1 0 0 0 0 0 0]	2026-08-17_15-10-34	[0 0 0 0 0 0 0 0 0 0 0 0 0 0 1 0 0 0 0 0 0 0 0 0 0 0 0 0 0 0]	2026-08-17_15-10-34	[0 1 1 1 1 1]	2026-08-17_15-10-34	[0 0 1 1 0 1]	2026-08-17_15-10-34	[0]	2026-08-17_15-10-34	[0 0 0 0 0 0 0 0 0 0 0 0 0 1 0 0 0 0 1 0 1 1 0 1 0 0 0 0 0 0]	2026-08-17_15-10-34	[0 0 0 0 0 0 0 0 0 0 0 0 0 0 1 0 0 0 0 0 0 0 0 0 0 1 0 0 0 0]	2026-08-17_15-10-34	[0 1 1 1 1 1]	2026-08-17_15-10-34	[0 0 1 1 0 1]	2026-08-17_15-10-34	[0]	2026-08-17_15-10-34
5	2026-08-17_15-10-34	-1.0	2026-08-17_15-10-34	9.38912296295166	2026-08-17_15-10-34	3.1103694438934326	2026-08-17_15-10-34	3.209881544113159	2026-08-17_15-10-34	1.5515996217727661	2026-08-17_15-10-34	1.5172728300094604	2026-08-17_15-10-34	False	2026-08-17_15-10-34	[0 0 0 0 0 0 0 0 0 0 0 0 0 1 0 0 0 0 1 0 1 1 0 1 0 0 0 0 0 0]	2026-08-17_15-10-34	[0 0 0 0 0 0 0 0 0 0 0 0 0 0 1 0 0 0 0 0 0 0 0 0 0 1 0 0 0 0]	2026-08-17_15-10-34	[0 1 1 1 1 1]	2026-08-17_15-10-34	[0 0 1 1 0 1]	2026-08-17_15-10-34	[0]	2026-08-17_15-10-34	[0 0 0 0 0 0 0 0 0 0 0 0 0 0 0 0 0 0 1 0 1 1 0 1 0 0 0 0 0 0]	2026-08-17_15-10-34	[0 0 0 0 0 0 0 0 0 0 0 0 0 0 1 0 0 0 0 0 0 0 0 0 0 0 0 0 0 0]	2026-08-17_15-10-34	[0 1 1 1 1 1]	2026-08-17_15-10-34	[0 0 1 1 0 1]	2026-08-17_15-10-34	[0]	2026-08-17_15-10-34
5	2026-08-17_15-10-34	-1.0	2026-08-17_15-10-34	9.355237007141113	2026-08-17_15-10-34	3.1146390438079834	2026-08-17_15-10-34	3.205993413925171	2026-08-17_15-10-34	1.5260215997695923	2026-08-17_15-10-34	1.5085828304290771	2026-08-17_15-10-34	False	2026-08-17_15-10-34	[0 0 0 0 0 0 0 0 0 0 0 0 0 0 0 0 0 0 1 0 1 1 0 1 0 0 0 0 0 0]	2026-08-17_15-10-34	[0 0 0 0 0 0 0 0 0 0 0 0 0 0 1 0 0 0 0 0 0 0 0 0 0 0 0 0 0 0]	2026-08-17_15-10-34	[0 1 1 1 1 1]	2026-08-17_15-10-34	[0 0 1 1 0 1]	2026-08-17_15-10-34	[0]	2026-08-17_15-10-34	[0 0 0 0 0 0 0 0 0 0 0 0 0 1 0 0 0 0 1 0 1 1 0 1 0 0 0 0 0 0]	2026-08-17_15-10-34	[0 0 0 0 0 0 0 0 0 0 0 0 0 0 1 0 0 0 0 0 0 0 0 0 0 1 0 0 0 0]	2026-08-17_15-10-34	[0 1 1 1 1 1]	2026-08-17_15-10-34	[0 0 1 1 0 1]	2026-08-17_15-10-34	[0]	2026-08-17_15-10-34
5	2026-08-17_15-10-34	-1.0	2026-08-17_15-10-34	9.385601997375488	2026-08-17_15-10-34	3.108259916305542	2026-08-17_15-10-34	3.2086732387542725	2026-08-17_15-10-34	1.5502065420150757	2026-08-17_15-10-34	1.5184625387191772	2026-08-17_15-10-34	False	2026-08-17_15-10-34	[0 0 0 0 0 0 0 0 0 0 0 0 0 1 0 0 0 0 1 0 1 1 0 1 0 0 0 0 0 0]	2026-08-17_15-10-34	[0 0 0 0 0 0 0 0 0 0 0 0 0 0 1 0 0 0 0 0 0 0 0 0 0 1 0 0 0 0]	2026-08-17_15-10-34	[0 1 1 1 1 1]	2026-08-17_15-10-34	[0 0 1 1 0 1]	2026-08-17_15-10-34	[0]	2026-08-17_15-10-34	[0 0 0 0 0 0 0 0 0 0 0 0 0 0 0 0 0 0 1 0 1 1 0 1 0 0 0 0 0 0]	2026-08-17_15-10-34	[0 0 0 0 0 0 0 0 0 0 0 0 0 0 1 0 0 0 0 0 0 0 0 0 0 0 0 0 0 0]	2026-08-17_15-10-34	[0 1 1 1 1 1]	2026-08-17_15-10-34	[0 0 1 1 0 1]	2026-08-17_15-10-34	[0]	2026-08-17_15-10-34
5	2026-08-17_15-10-34	-1.0	2026-08-17_15-10-34	9.328240394592285	2026-08-17_15-10-34	3.1124935150146484	2026-08-17_15-10-34	3.2024002075195312	2026-08-17_15-10-34	1.5135101079940796	2026-08-17_15-10-34	1.4998362064361572	2026-08-17_15-10-34	False	2026-08-17_15-10-34	[0 0 0 0 0 0 0 0 0 0 0 0 0 0 0 0 0 0 1 0 1 1 0 1 0 0 0 0 0 0]	2026-08-17_15-10-34	[0 0 0 0 0 0 0 0 0 0 0 0 0 0 1 0 0 0 0 0 0 0 0 0 0 0 0 0 0 0]	2026-08-17_15-10-34	[0 1 1 1 1 1]	2026-08-17_15-10-34	[0 0 1 1 0 1]	2026-08-17_15-10-34	[0]	2026-08-17_15-10-34	[0 0 0 0 0 0 0 0 0 0 0 0 0 1 0 0 0 0 1 0 1 1 0 1 0 0 0 0 0 0]	2026-08-17_15-10-34	[0 0 0 0 0 0 0 0 0 0 0 0 0 0 1 0 0 0 0 0 0 0 0 0 0 1 0 0 0 0]	2026-08-17_15-10-34	[0 1 1 1 1 1]	2026-08-17_15-10-34	[0 0 1 1 0 1]	2026-08-17_15-10-34	[0]	2026-08-17_15-10-34
5	2026-08-17_15-10-34	-1.0	2026-08-17_15-10-34	9.388900756835938	2026-08-17_15-10-34	3.1060688495635986	2026-08-17_15-10-34	3.2065224647521973	2026-08-17_15-10-34	1.552629828453064	2026-08-17_15-10-34	1.5236790180206299	2026-08-17_15-10-34	False	2026-08-17_15-10-34	[0 0 0 0 0 0 0 0 0 0 0 0 0 1 0 0 0 0 1 0 1 1 0 1 0 0 0 0 0 0]	2026-08-17_15-10-34	[0 0 0 0 0 0 0 0 0 0 0 0 0 0 1 0 0 0 0 0 0 0 0 0 0 1 0 0 0 0]	2026-08-17_15-10-34	[0 1 1 1 1 1]	2026-08-17_15-10-34	[0 0 1 1 0 1]	2026-08-17_15-10-34	[0]	2026-08-17_15-10-34	[0 0 0 0 0 0 0 0 0 0 0 0 0 0 0 0 0 0 1 0 1 1 0 1 0 0 0 0 0 0]	2026-08-17_15-10-34	[0 0 0 0 0 0 0 0 0 0 0 0 0 0 1 0 0 0 0 0 0 0 0 0 0 0 0 0 0 0]	2026-08-17_15-10-34	[0 1 1 1 1 1]	2026-08-17_15-10-34	[0 0 1 1 0 1]	2026-08-17_15-10-34	[0]	2026-08-17_15-10-34
5	2026-08-17_15-10-34	-1.0	2026-08-17_15-10-34	9.325226783752441	2026-08-17_15-10-34	3.1136181354522705	2026-08-17_15-10-34	3.202025890350342	2026-08-17_15-10-34	1.5111173391342163	2026-08-17_15-10-34	1.4984647035598755	2026-08-17_15-10-34	False	2026-08-17_15-10-34	[0 0 0 0 0 0 0 0 0 0 0 0 0 0 0 0 0 0 1 0 1 1 0 1 0 0 0 0 0 0]	2026-08-17_15-10-34	[0 0 0 0 0 0 0 0 0 0 0 0 0 0 1 0 0 0 0 0 0 0 0 0 0 0 0 0 0 0]	2026-08-17_15-10-34	[0 1 1 1 1 1]	2026-08-17_15-10-34	[0 0 1 1 0 1]	2026-08-17_15-10-34	[0]	2026-08-17_15-10-34	[0 0 0 0 0 0 0 0 0 0 0 0 0 1 0 0 0 0 1 0 1 1 0 1 0 0 0 0 0 0]	2026-08-17_15-10-34	[0 0 0 0 0 0 0 0 0 0 0 0 0 0 1 0 0 0 0 0 0 0 0 0 0 1 0 0 0 0]	2026-08-17_15-10-34	[0 1 1 1 1 1]	2026-08-17_15-10-34	[0 0 1 1 0 1]	2026-08-17_15-10-34	[0]	2026-08-17_15-10-34
5	2026-08-17_15-10-34	-1.0	2026-08-17_15-10-34	9.38692855834961	2026-08-17_15-10-34	3.1091885566711426	2026-08-17_15-10-34	3.208216667175293	2026-08-17_15-10-34	1.5510321855545044	2026-08-17_15-10-34	1.518491268157959	2026-08-17_15-10-34	False	2026-08-17_15-10-34	[0 0 0 0 0 0 0 0 0 0 0 0 0 1 0 0 0 0 1 0 1 1 0 1 0 0 0 0 0 0]	2026-08-17_15-10-34	[0 0 0 0 0 0 0 0 0 0 0 0 0 0 1 0 0 0 0 0 0 0 0 0 0 1 0 0 0 0]	2026-08-17_15-10-34	[0 1 1 1 1 1]	2026-08-17_15-10-34	[0 0 1 1 0 1]	2026-08-17_15-10-34	[0]	2026-08-17_15-10-34	[0 0 0 0 0 0 0 0 0 0 0 0 0 0 0 0 0 0 1 0 1 1 0 1 0 0 0 0 0 0]	2026-08-17_15-10-34	[0 0 0 0 0 0 0 0 0 0 0 0 0 0 1 0 0 0 0 0 0 0 0 0 0 0 0 0 0 0]	2026-08-17_15-10-34	[0 1 1 1 1 1]	2026-08-17_15-10-34	[0 0 1 1 0 1]	2026-08-17_15-10-34	[0]	2026-08-17_15-10-34
5	2026-08-17_15-10-34	-1.0	2026-08-17_15-10-34	9.341094017028809	2026-08-17_15-10-34	3.1160240173339844	2026-08-17_15-10-34	3.20699143409729	2026-08-17_15-10-34	1.5186166763305664	2026-08-17_15-10-34	1.4994621276855469	2026-08-17_15-10-34	False	2026-08-17_15-10-34	[0 0 0 0 0 0 0 0 0 0 0 0 0 0 0 0 0 0 1 0 1 1 0 1 0 0 0 0 0 0]	2026-08-17_15-10-34	[0 0 0 0 0 0 0 0 0 0 0 0 0 0 1 0 0 0 0 0 0 0 0 0 0 0 0 0 0 0]	2026-08-17_15-10-34	[0 1 1 1 1 1]	2026-08-17_15-10-34	[0 0 1 1 0 1]	2026-08-17_15-10-34	[0]	2026-08-17_15-10-34	[0 0 0 0 0 0 0 0 0 0 0 0 0 1 0 0 0 0 1 0 1 1 0 1 0 0 0 0 0 0]	2026-08-17_15-10-34	[0 0 0 0 0 0 0 0 0 0 0 0 0 0 1 0 0 0 0 0 0 0 0 0 0 1 0 0 0 0]	2026-08-17_15-10-34	[0 1 1 1 1 1]	2026-08-17_15-10-34	[0 0 1 1 0 1]	2026-08-17_15-10-34	[0]	2026-08-17_15-10-34
5	2026-08-17_15-10-34	-1.0	2026-08-17_15-10-34	9.399928092956543	2026-08-17_15-10-34	3.11487078666687	2026-08-17_15-10-34	3.2117700576782227	2026-08-17_15-10-34	1.551647663116455	2026-08-17_15-10-34	1.521639347076416	2026-08-17_15-10-34	False	2026-08-17_15-10-34	[0 0 0 0 0 0 0 0 0 0 0 0 0 1 0 0 0 0 1 0 1 1 0 1 0 0 0 0 0 0]	2026-08-17_15-10-34	[0 0 0 0 0 0 0 0 0 0 0 0 0 0 1 0 0 0 0 0 0 0 0 0 0 1 0 0 0 0]	2026-08-17_15-10-34	[0 1 1 1 1 1]	2026-08-17_15-10-34	[0 0 1 1 0 1]	2026-08-17_15-10-34	[0]	2026-08-17_15-10-34	[0 0 0 0 0 0 0 0 0 0 0 0 0 0 0 0 0 0 1 0 1 1 0 1 0 0 0 0 0 0]	2026-08-17_15-10-34	[0 0 0 0 0 0 0 0 0 0 0 0 0 0 1 0 0 0 0 0 0 0 0 0 0 0 0 0 0 0]	2026-08-17_15-10-34	[0 1 1 1 1 1]	2026-08-17_15-10-34	[0 0 1 1 0 1]	2026-08-17_15-10-34	[0]	2026-08-17_15-10-34
5	2026-08-17_15-10-34	-1.0	2026-08-17_15-10-34	9.319132804870605	2026-08-17_15-10-34	3.1118521690368652	2026-08-17_15-10-34	3.2008984088897705	2026-08-17_15-10-34	1.5072740316390991	2026-08-17_15-10-34	1.4991081953048706	2026-08-17_15-10-34	False	2026-08-17_15-10-34	[0 0 0 0 0 0 0 0 0 0 0 0 0 0 0 0 0 0 1 0 1 1 0 1 0 0 0 0 0 0]	2026-08-17_15-10-34	[0 0 0 0 0 0 0 0 0 0 0 0 0 0 1 0 0 0 0 0 0 0 0 0 0 0 0 0 0 0]	2026-08-17_15-10-34	[0 1 1 1 1 1]	2026-08-17_15-10-34	[0 0 1 1 0 1]	2026-08-17_15-10-34	[0]	2026-08-17_15-10-34	[0 0 0 0 0 0 0 0 0 0 0 0 0 1 0 0 0 0 1 0 1 1 0 1 0 0 0 0 0 0]	2026-08-17_15-10-34	[0 0 0 0 0 0 0 0 0 0 0 0 0 0 1 0 0 0 0 0 0 0 0 0 0 1 0 0 0 0]	2026-08-17_15-10-34	[0 1 1 1 1 1]	2026-08-17_15-10-34	[0 0 1 1 0 1]	2026-08-17_15-10-34	[0]	2026-08-17_15-10-34
5	2026-08-17_15-10-34	-1.0	2026-08-17_15-10-34	9.387998580932617	2026-08-17_15-10-34	3.1096086502075195	2026-08-17_15-10-34	3.208815813064575	2026-08-17_15-10-34	1.5499382019042969	2026-08-17_15-10-34	1.5196362733840942	2026-08-17_15-10-34	False	2026-08-17_15-10-34	[0 0 0 0 0 0 0 0 0 0 0 0 0 1 0 0 0 0 1 0 1 1 0 1 0 0 0 0 0 0]	2026-08-17_15-10-34	[0 0 0 0 0 0 0 0 0 0 0 0 0 0 1 0 0 0 0 0 0 0 0 0 0 1 0 0 0 0]	2026-08-17_15-10-34	[0 1 1 1 1 1]	2026-08-17_15-10-34	[0 0 1 1 0 1]	2026-08-17_15-10-34	[0]	2026-08-17_15-10-34	[0 0 0 0 0 0 0 0 0 0 0 0 0 0 0 0 0 0 1 0 1 1 0 1 0 0 0 0 0 0]	2026-08-17_15-10-34	[0 0 0 0 0 0 0 0 0 0 0 0 0 0 1 0 0 0 0 0 0 0 0 0 0 0 0 0 0 0]	2026-08-17_15-10-34	[0 1 1 1 1 1]	2026-08-17_15-10-34	[0 0 1 1 0 1]	2026-08-17_15-10-34	[0]	2026-08-17_15-10-34
5	2026-08-17_15-10-34	-1.0	2026-08-17_15-10-34	9.346455574035645	2026-08-17_15-10-34	3.111328125	2026-08-17_15-10-34	3.2045841217041016	2026-08-17_15-10-34	1.525822639465332	2026-08-17_15-10-34	1.5047210454940796	2026-08-17_15-10-34	False	2026-08-17_15-10-34	[0 0 0 0 0 0 0 0 0 0 0 0 0 0 0 0 0 0 1 0 1 1 0 1 0 0 0 0 0 0]	2026-08-17_15-10-34	[0 0 0 0 0 0 0 0 0 0 0 0 0 0 1 0 0 0 0 0 0 0 0 0 0 0 0 0 0 0]	2026-08-17_15-10-34	[0 1 1 1 1 1]	2026-08-17_15-10-34	[0 0 1 1 0 1]	2026-08-17_15-10-34	[0]	2026-08-17_15-10-34	[0 0 0 0 0 0 0 0 0 0 0 0 0 1 0 0 0 0 1 0 1 1 0 1 0 0 0 0 0 0]	2026-08-17_15-10-34	[0 0 0 0 0 0 0 0 0 0 0 0 0 0 1 0 0 0 0 0 0 0 0 0 0 1 0 0 0 0]	2026-08-17_15-10-34	[0 1 1 1 1 1]	2026-08-17_15-10-34	[0 0 1 1 0 1]	2026-08-17_15-10-34	[0]	2026-08-17_15-10-34
5	2026-08-17_15-10-34	-1.0	2026-08-17_15-10-34	9.39664077758789	2026-08-17_15-10-34	3.111156940460205	2026-08-17_15-10-34	3.210122585296631	2026-08-17_15-10-34	1.554229974746704	2026-08-17_15-10-34	1.521131992340088	2026-08-17_15-10-34	False	2026-08-17_15-10-34	[0 0 0 0 0 0 0 0 0 0 0 0 0 1 0 0 0 0 1 0 1 1 0 1 0 0 0 0 0 0]	2026-08-17_15-10-34	[0 0 0 0 0 0 0 0 0 0 0 0 0 0 1 0 0 0 0 0 0 0 0 0 0 1 0 0 0 0]	2026-08-17_15-10-34	[0 1 1 1 1 1]	2026-08-17_15-10-34	[0 0 1 1 0 1]	2026-08-17_15-10-34	[0]	2026-08-17_15-10-34	[0 0 0 0 0 0 0 0 0 0 0 0 0 0 0 0 0 0 1 0 1 1 0 1 0 0 0 0 0 0]	2026-08-17_15-10-34	[0 0 0 0 0 0 0 0 0 0 0 0 0 0 1 0 0 0 0 0 0 0 0 0 0 0 0 0 0 0]	2026-08-17_15-10-34	[0 1 1 1 1 1]	2026-08-17_15-10-34	[0 0 1 1 0 1]	2026-08-17_15-10-34	[0]	2026-08-17_15-10-34
5	2026-08-17_15-10-34	-1.0	2026-08-17_15-10-34	9.319474220275879	2026-08-17_15-10-34	3.1147212982177734	2026-08-17_15-10-34	3.2028729915618896	2026-08-17_15-10-34	1.5069916248321533	2026-08-17_15-10-34	1.4948885440826416	2026-08-17_15-10-34	False	2026-08-17_15-10-34	[0 0 0 0 0 0 0 0 0 0 0 0 0 0 0 0 0 0 1 0 1 1 0 1 0 0 0 0 0 0]	2026-08-17_15-10-34	[0 0 0 0 0 0 0 0 0 0 0 0 0 0 1 0 0 0 0 0 0 0 0 0 0 0 0 0 0 0]	2026-08-17_15-10-34	[0 1 1 1 1 1]	2026-08-17_15-10-34	[0 0 1 1 0 1]	2026-08-17_15-10-34	[0]	2026-08-17_15-10-34	[0 0 0 0 0 0 0 0 0 0 0 0 0 1 0 0 0 0 1 0 1 1 0 1 0 0 0 0 0 0]	2026-08-17_15-10-34	[0 0 0 0 0 0 0 0 0 0 0 0 0 0 1 0 0 0 0 0 0 0 0 0 0 1 0 0 0 0]	2026-08-17_15-10-34	[0 1 1 1 1 1]	2026-08-17_15-10-34	[0 0 1 1 0 1]	2026-08-17_15-10-34	[0]	2026-08-17_15-10-34
5	2026-08-17_15-10-34	-1.0	2026-08-17_15-10-34	9.417993545532227	2026-08-17_15-10-34	3.1040356159210205	2026-08-17_15-10-34	3.2097485065460205	2026-08-17_15-10-34	1.570838212966919	2026-08-17_15-10-34	1.5333707332611084	2026-08-17_15-10-34	False	2026-08-17_15-10-34	[0 0 0 0 0 0 0 0 0 0 0 0 0 1 0 0 0 0 1 0 1 1 0 1 0 0 0 0 0 0]	2026-08-17_15-10-34	[0 0 0 0 0 0 0 0 0 0 0 0 0 0 1 0 0 0 0 0 0 0 0 0 0 1 0 0 0 0]	2026-08-17_15-10-34	[0 1 1 1 1 1]	2026-08-17_15-10-34	[0 0 1 1 0 1]	2026-08-17_15-10-34	[0]	2026-08-17_15-10-34	[0 0 0 0 0 0 0 0 0 0 0 0 0 0 0 0 0 0 1 0 1 1 0 1 0 0 0 0 0 0]	2026-08-17_15-10-34	[0 0 0 0 0 0 0 0 0 0 0 0 0 0 1 0 0 0 0 0 0 0 0 0 0 0 0 0 0 0]	2026-08-17_15-10-34	[0 1 1 1 1 1]	2026-08-17_15-10-34	[0 0 1 1 0 1]	2026-08-17_15-10-34	[0]	2026-08-17_15-10-34
5	2026-08-17_15-10-34	-1.0	2026-08-17_15-10-34	9.349754333496094	2026-08-17_15-10-34	3.111090660095215	2026-08-17_15-10-34	3.2061049938201904	2026-08-17_15-10-34	1.5279358625411987	2026-08-17_15-10-34	1.5046226978302002	2026-08-17_15-10-34	False	2026-08-17_15-10-34	[0 0 0 0 0 0 0 0 0 0 0 0 0 0 0 0 0 0 1 0 1 1 0 1 0 0 0 0 0 0]	2026-08-17_15-10-34	[0 0 0 0 0 0 0 0 0 0 0 0 0 0 1 0 0 0 0 0 0 0 0 0 0 0 0 0 0 0]	2026-08-17_15-10-34	[0 1 1 1 1 1]	2026-08-17_15-10-34	[0 0 1 1 0 1]	2026-08-17_15-10-34	[0]	2026-08-17_15-10-34	[0 0 0 0 0 0 0 0 0 0 0 0 0 1 0 0 0 0 1 0 1 1 0 1 0 0 0 0 0 0]	2026-08-17_15-10-34	[0 0 0 0 0 0 0 0 0 0 0 0 0 0 1 0 0 0 0 0 0 0 0 0 0 1 0 0 0 0]	2026-08-17_15-10-34	[0 1 1 1 1 1]	2026-08-17_15-10-34	[0 0 1 1 0 1]	2026-08-17_15-10-34	[0]	2026-08-17_15-10-34
5	2026-08-17_15-10-34	-1.0	2026-08-17_15-10-34	9.39704418182373	2026-08-17_15-10-34	3.106159210205078	2026-08-17_15-10-34	3.208394765853882	2026-08-17_15-10-34	1.5580718517303467	2026-08-17_15-10-34	1.524417519569397	2026-08-17_15-10-34	False	2026-08-17_15-10-34	[0 0 0 0 0 0 0 0 0 0 0 0 0 1 0 0 0 0 1 0 1 1 0 1 0 0 0 0 0 0]	2026-08-17_15-10-34	[0 0 0 0 0 0 0 0 0 0 0 0 0 0 1 0 0 0 0 0 0 0 0 0 0 1 0 0 0 0]	2026-08-17_15-10-34	[0 1 1 1 1 1]	2026-08-17_15-10-34	[0 0 1 1 0 1]	2026-08-17_15-10-34	[0]	2026-08-17_15-10-34	[0 0 0 0 0 0 0 0 0 0 0 0 0 0 0 0 0 0 1 0 1 1 0 1 0 0 0 0 0 0]	2026-08-17_15-10-34	[0 0 0 0 0 0 0 0 0 0 0 0 0 0 1 0 0 0 0 0 0 0 0 0 0 0 0 0 0 0]	2026-08-17_15-10-34	[0 1 1 1 1 1]	2026-08-17_15-10-34	[0 0 1 1 0 1]	2026-08-17_15-10-34	[0]	2026-08-17_15-10-34
5	2026-08-17_15-10-34	-1.0	2026-08-17_15-10-34	9.343342781066895	2026-08-17_15-10-34	3.1104044914245605	2026-08-17_15-10-34	3.203672170639038	2026-08-17_15-10-34	1.5260878801345825	2026-08-17_15-10-34	1.5031784772872925	2026-08-17_15-10-34	False	2026-08-17_15-10-34	[0 0 0 0 0 0 0 0 0 0 0 0 0 0 0 0 0 0 1 0 1 1 0 1 0 0 0 0 0 0]	2026-08-17_15-10-34	[0 0 0 0 0 0 0 0 0 0 0 0 0 0 1 0 0 0 0 0 0 0 0 0 0 0 0 0 0 0]	2026-08-17_15-10-34	[0 1 1 1 1 1]	2026-08-17_15-10-34	[0 0 1 1 0 1]	2026-08-17_15-10-34	[0]	2026-08-17_15-10-34	[0 0 0 0 0 0 0 0 0 0 0 0 0 1 0 0 0 0 1 0 1 1 0 1 0 0 0 0 0 0]	2026-08-17_15-10-34	[0 0 0 0 0 0 0 0 0 0 0 0 0 0 1 0 0 0 0 0 0 0 0 0 0 1 0 0 0 0]	2026-08-17_15-10-34	[0 1 1 1 1 1]	2026-08-17_15-10-34	[0 0 1 1 0 1]	2026-08-17_15-10-34	[0]	2026-08-17_15-10-34
5	2026-08-17_15-10-34	-1.0	2026-08-17_15-10-34	9.40203857421875	2026-08-17_15-10-34	3.1095798015594482	2026-08-17_15-10-34	3.209827423095703	2026-08-17_15-10-34	1.5572483539581299	2026-08-17_15-10-34	1.5253829956054688	2026-08-17_15-10-34	False	2026-08-17_15-10-34	[0 0 0 0 0 0 0 0 0 0 0 0 0 1 0 0 0 0 1 0 1 1 0 1 0 0 0 0 0 0]	2026-08-17_15-10-34	[0 0 0 0 0 0 0 0 0 0 0 0 0 0 1 0 0 0 0 0 0 0 0 0 0 1 0 0 0 0]	2026-08-17_15-10-34	[0 1 1 1 1 1]	2026-08-17_15-10-34	[0 0 1 1 0 1]	2026-08-17_15-10-34	[0]	2026-08-17_15-10-34	[0 0 0 0 0 0 0 0 0 0 0 0 0 0 0 0 0 0 1 0 1 1 0 1 0 0 0 0 0 0]	2026-08-17_15-10-34	[0 0 0 0 0 0 0 0 0 0 0 0 0 0 1 0 0 0 0 0 0 0 0 0 0 0 0 0 0 0]	2026-08-17_15-10-34	[0 1 1 1 1 1]	2026-08-17_15-10-34	[0 0 1 1 0 1]	2026-08-17_15-10-34	[0]	2026-08-17_15-10-34
5	2026-08-17_15-10-34	-1.0	2026-08-17_15-10-34	9.316336631774902	2026-08-17_15-10-34	3.1146247386932373	2026-08-17_15-10-34	3.2009191513061523	2026-08-17_15-10-34	1.504404067993164	2026-08-17_15-10-34	1.4963886737823486	2026-08-17_15-10-34	False	2026-08-17_15-10-34	[0 0 0 0 0 0 0 0 0 0 0 0 0 0 0 0 0 0 1 0 1 1 0 1 0 0 0 0 0 0]	2026-08-17_15-10-34	[0 0 0 0 0 0 0 0 0 0 0 0 0 0 1 0 0 0 0 0 0 0 0 0 0 0 0 0 0 0]	2026-08-17_15-10-34	[0 1 1 1 1 1]	2026-08-17_15-10-34	[0 0 1 1 0 1]	2026-08-17_15-10-34	[0]	2026-08-17_15-10-34	[0 0 0 0 0 0 0 0 0 0 0 0 0 1 0 0 0 0 1 0 1 1 0 1 0 0 0 0 0 0]	2026-08-17_15-10-34	[0 0 0 0 0 0 0 0 0 0 0 0 0 0 1 0 0 0 0 0 0 0 0 0 0 1 0 0 0 0]	2026-08-17_15-10-34	[0 1 1 1 1 1]	2026-08-17_15-10-34	[0 0 1 1 0 1]	2026-08-17_15-10-34	[0]	2026-08-17_15-10-34
5	2026-08-17_15-10-34	-1.0	2026-08-17_15-10-34	9.435737609863281	2026-08-17_15-10-34	3.1053733825683594	2026-08-17_15-10-34	3.2125823497772217	2026-08-17_15-10-34	1.5805455446243286	2026-08-17_15-10-34	1.537236213684082	2026-08-17_15-10-34	False	2026-08-17_15-10-34	[0 0 0 0 0 0 0 0 0 0 0 0 0 1 0 0 0 0 1 0 1 1 0 1 0 0 0 0 0 0]	2026-08-17_15-10-34	[0 0 0 0 0 0 0 0 0 0 0 0 0 0 1 0 0 0 0 0 0 0 0 0 0 1 0 0 0 0]	2026-08-17_15-10-34	[0 1 1 1 1 1]	2026-08-17_15-10-34	[0 0 1 1 0 1]	2026-08-17_15-10-34	[0]	2026-08-17_15-10-34	[0 0 0 0 0 0 0 0 0 0 0 0 0 0 0 0 0 0 1 0 1 1 0 1 0 0 0 0 0 0]	2026-08-17_15-10-34	[0 0 0 0 0 0 0 0 0 0 0 0 0 0 1 0 0 0 0 0 0 0 0 0 0 0 0 0 0 0]	2026-08-17_15-10-34	[0 1 1 1 1 1]	2026-08-17_15-10-34	[0 0 1 1 0 1]	2026-08-17_15-10-34	[0]	2026-08-17_15-10-34
5	2026-08-17_15-10-34	-1.0	2026-08-17_15-10-34	9.338107109069824	2026-08-17_15-10-34	3.1128687858581543	2026-08-17_15-10-34	3.204312562942505	2026-08-17_15-10-34	1.5191830396652222	2026-08-17_15-10-34	1.5017422437667847	2026-08-17_15-10-34	False	2026-08-17_15-10-34	[0 0 0 0 0 0 0 0 0 0 0 0 0 0 0 0 0 0 1 0 1 1 0 1 0 0 0 0 0 0]	2026-08-17_15-10-34	[0 0 0 0 0 0 0 0 0 0 0 0 0 0 1 0 0 0 0 0 0 0 0 0 0 0 0 0 0 0]	2026-08-17_15-10-34	[0 1 1 1 1 1]	2026-08-17_15-10-34	[0 0 1 1 0 1]	2026-08-17_15-10-34	[0]	2026-08-17_15-10-34	[0 0 0 0 0 0 0 0 0 0 0 0 0 1 0 0 0 0 1 0 1 1 0 1 0 0 0 0 0 0]	2026-08-17_15-10-34	[0 0 0 0 0 0 0 0 0 0 0 0 0 0 1 0 0 0 0 0 0 0 0 0 0 1 0 0 0 0]	2026-08-17_15-10-34	[0 1 1 1 1 1]	2026-08-17_15-10-34	[0 0 1 1 0 1]	2026-08-17_15-10-34	[0]	2026-08-17_15-10-34
5	2026-08-17_15-10-34	-1.0	2026-08-17_15-10-34	9.420502662658691	2026-08-17_15-10-34	3.1015865802764893	2026-08-17_15-10-34	3.210145950317383	2026-08-17_15-10-34	1.5777727365493774	2026-08-17_15-10-34	1.530997395515442	2026-08-17_15-10-34	False	2026-08-17_15-10-34	[0 0 0 0 0 0 0 0 0 0 0 0 0 1 0 0 0 0 1 0 1 1 0 1 0 0 0 0 0 0]	2026-08-17_15-10-34	[0 0 0 0 0 0 0 0 0 0 0 0 0 0 1 0 0 0 0 0 0 0 0 0 0 1 0 0 0 0]	2026-08-17_15-10-34	[0 1 1 1 1 1]	2026-08-17_15-10-34	[0 0 1 1 0 1]	2026-08-17_15-10-34	[0]	2026-08-17_15-10-34	[0 0 0 0 0 0 0 0 0 0 0 0 0 0 0 0 0 0 1 0 1 1 0 1 0 0 0 0 0 0]	2026-08-17_15-10-34	[0 0 0 0 0 0 0 0 0 0 0 0 0 0 1 0 0 0 0 0 0 0 0 0 0 0 0 0 0 0]	2026-08-17_15-10-34	[0 1 1 1 1 1]	2026-08-17_15-10-34	[0 0 1 1 0 1]	2026-08-17_15-10-34	[0]	2026-08-17_15-10-34
5	2026-08-17_15-10-34	-1.0	2026-08-17_15-10-34	9.335708618164062	2026-08-17_15-10-34	3.109081506729126	2026-08-17_15-10-34	3.2029595375061035	2026-08-17_15-10-34	1.5216418504714966	2026-08-17_15-10-34	1.5020254850387573	2026-08-17_15-10-34	False	2026-08-17_15-10-34	[0 0 0 0 0 0 0 0 0 0 0 0 0 0 0 0 0 0 1 0 1 1 0 1 0 0 0 0 0 0]	2026-08-17_15-10-34	[0 0 0 0 0 0 0 0 0 0 0 0 0 0 1 0 0 0 0 0 0 0 0 0 0 0 0 0 0 0]	2026-08-17_15-10-34	[0 1 1 1 1 1]	2026-08-17_15-10-34	[0 0 1 1 0 1]	2026-08-17_15-10-34	[0]	2026-08-17_15-10-34	[0 0 0 0 0 0 0 0 0 0 0 0 0 1 0 0 0 0 1 0 1 1 0 1 0 0 0 0 0 0]	2026-08-17_15-10-34	[0 0 0 0 0 0 0 0 0 0 0 0 0 0 1 0 0 0 0 0 0 0 0 0 0 1 0 0 0 0]	2026-08-17_15-10-34	[0 1 1 1 1 1]	2026-08-17_15-10-34	[0 0 1 1 0 1]	2026-08-17_15-10-34	[0]	2026-08-17_15-10-34
5	2026-08-17_15-10-34	-1.0	2026-08-17_15-10-34	9.405646324157715	2026-08-17_15-10-34	3.099478006362915	2026-08-17_15-10-34	3.2079544067382812	2026-08-17_15-10-34	1.5705771446228027	2026-08-17_15-10-34	1.527637004852295	2026-08-17_15-10-34	False	2026-08-17_15-10-34	[0 0 0 0 0 0 0 0 0 0 0 0 0 1 0 0 0 0 1 0 1 1 0 1 0 0 0 0 0 0]	2026-08-17_15-10-34	[0 0 0 0 0 0 0 0 0 0 0 0 0 0 1 0 0 0 0 0 0 0 0 0 0 1 0 0 0 0]	2026-08-17_15-10-34	[0 1 1 1 1 1]	2026-08-17_15-10-34	[0 0 1 1 0 1]	2026-08-17_15-10-34	[0]	2026-08-17_15-10-34	[0 0 0 0 0 0 0 0 0 0 0 0 0 0 0 0 0 0 1 0 1 1 0 1 0 0 0 0 0 0]	2026-08-17_15-10-34	[0 0 0 0 0 0 0 0 0 0 0 0 0 0 1 0 0 0 0 0 0 0 0 0 0 0 0 0 0 0]	2026-08-17_15-10-34	[0 1 1 1 1 1]	2026-08-17_15-10-34	[0 0 1 1 0 1]	2026-08-17_15-10-34	[0]	2026-08-17_15-10-34
6	2026-08-17_19-13-10	0.30011501908302307	2026-08-17_19-13-10	8.742708206176758	2026-08-17_19-13-10	2.8299055099487305	2026-08-17_19-13-10	2.904642105102539	2026-08-17_19-13-10	1.3269875049591064	2026-08-17_19-13-10	1.681173324584961	2026-08-17_19-13-10	False	2026-08-17_19-13-10	[0 0 0 0 0 0 0 0 0 0 0 0 0 1 0 0 0 0 0 0 0 0 0 0 0 1 0 0 0 0]	2026-08-17_19-13-10	[0 0 0 0 0 0 0 1 0 0 0 0 0 0 0 0 0 0 0 0 1 0 0 0 1 0 0 0 0 0]	2026-08-17_19-13-10	[0 0 0 0 0 0]	2026-08-17_19-13-10	[0 1 1 1 0 0]	2026-08-17_19-13-10	[20]	2026-08-17_19-13-10	[0 0 0 0 0 0 0 0 0 0 0 0 0 1 0 0 0 0 1 0 0 0 0 0 0 1 0 0 0 0]	2026-08-17_19-13-10	[0 0 0 0 0 0 0 1 0 0 0 0 0 0 0 0 0 0 0 0 1 1 0 0 1 0 0 0 0 0]	2026-08-17_19-13-10	[0 0 0 1 0 0]	2026-08-17_19-13-10	[1 1 1 1 0 0]	2026-08-17_19-13-10	[12]	2026-08-17_19-13-10
6	2026-08-17_19-13-10	0.44556957483291626	2026-08-17_19-13-10	9.048184394836426	2026-08-17_19-13-10	2.9052071571350098	2026-08-17_19-13-10	2.996509552001953	2026-08-17_19-13-10	1.4470748901367188	2026-08-17_19-13-10	1.6993930339813232	2026-08-17_19-13-10	False	2026-08-17_19-13-10	[0 0 0 0 0 0 0 0 0 0 0 0 0 1 0 0 0 0 1 0 0 0 0 0 0 1 0 0 0 0]	2026-08-17_19-13-10	[0 0 0 0 0 0 0 1 0 0 0 0 0 0 0 0 0 0 0 0 1 1 0 0 1 0 0 0 0 0]	2026-08-17_19-13-10	[0 0 0 1 0 0]	2026-08-17_19-13-10	[1 1 1 1 0 0]	2026-08-17_19-13-10	[12]	2026-08-17_19-13-10	[0 0 0 0 0 0 0 0 0 0 0 0 0 1 0 0 0 0 0 0 0 0 0 0 0 1 0 0 0 0]	2026-08-17_19-13-10	[0 0 0 0 0 0 0 1 0 0 0 0 0 0 0 0 0 0 0 0 1 0 0 0 1 0 0 0 0 0]	2026-08-17_19-13-10	[0 0 0 0 0 0]	2026-08-17_19-13-10	[0 1 1 1 0 0]	2026-08-17_19-13-10	[20]	2026-08-17_19-13-10
6	2026-08-17_19-13-10	0.3273877501487732	2026-08-17_19-13-10	8.73095989227295	2026-08-17_19-13-10	2.820073127746582	2026-08-17_19-13-10	2.90193772315979	2026-08-17_19-13-10	1.3262962102890015	2026-08-17_19-13-10	1.6826528310775757	2026-08-17_19-13-10	False	2026-08-17_19-13-10	[0 0 0 0 0 0 0 0 0 0 0 0 0 1 0 0 0 0 0 0 0 0 0 0 0 1 0 0 0 0]	2026-08-17_19-13-10	[0 0 0 0 0 0 0 1 0 0 0 0 0 0 0 0 0 0 0 0 1 0 0 0 1 0 0 0 0 0]	2026-08-17_19-13-10	[0 0 0 0 0 0]	2026-08-17_19-13-10	[0 1 1 1 0 0]	2026-08-17_19-13-10	[20]	2026-08-17_19-13-10	[0 0 0 0 0 0 0 0 0 0 0 0 0 1 0 0 0 0 1 0 0 0 0 0 0 1 0 0 0 0]	2026-08-17_19-13-10	[0 0 0 0 0 0 0 1 0 0 0 0 0 0 0 0 0 0 0 0 1 1 0 0 1 0 0 0 0 0]	2026-08-17_19-13-10	[0 0 0 1 0 0]	2026-08-17_19-13-10	[1 1 1 1 0 0]	2026-08-17_19-13-10	[12]	2026-08-17_19-13-10
6	2026-08-17_19-13-10	0.4637514054775238	2026-08-17_19-13-10	9.045746803283691	2026-08-17_19-13-10	2.9022982120513916	2026-08-17_19-13-10	2.9954278469085693	2026-08-17_19-13-10	1.4485692977905273	2026-08-17_19-13-10	1.6994515657424927	2026-08-17_19-13-10	False	2026-08-17_19-13-10	[0 0 0 0 0 0 0 0 0 0 0 0 0 1 0 0 0 0 1 0 0 0 0 0 0 1 0 0 0 0]	2026-08-17_19-13-10	[0 0 0 0 0 0 0 1 0 0 0 0 0 0 0 0 0 0 0 0 1 1 0 0 1 0 0 0 0 0]	2026-08-17_19-13-10	[0 0 0 1 0 0]	2026-08-17_19-13-10	[1 1 1 1 0 0]	2026-08-17_19-13-10	[12]	2026-08-17_19-13-10	[0 0 0 0 0 0 0 0 0 0 0 0 0 1 0 0 0 0 0 0 0 0 0 0 0 1 0 0 0 0]	2026-08-17_19-13-10	[0 0 0 0 0 0 0 1 0 0 0 0 0 0 0 0 0 0 0 0 1 0 0 0 1 0 0 0 0 0]	2026-08-17_19-13-10	[0 0 0 0 0 0]	2026-08-17_19-13-10	[0 1 1 1 0 0]	2026-08-17_19-13-10	[20]	2026-08-17_19-13-10
6	2026-08-17_19-13-10	0.3182968497276306	2026-08-17_19-13-10	8.732528686523438	2026-08-17_19-13-10	2.8222146034240723	2026-08-17_19-13-10	2.901864767074585	2026-08-17_19-13-10	1.3260403871536255	2026-08-17_19-13-10	1.682409405708313	2026-08-17_19-13-10	False	2026-08-17_19-13-10	[0 0 0 0 0 0 0 0 0 0 0 0 0 1 0 0 0 0 0 0 0 0 0 0 0 1 0 0 0 0]	2026-08-17_19-13-10	[0 0 0 0 0 0 0 1 0 0 0 0 0 0 0 0 0 0 0 0 1 0 0 0 1 0 0 0 0 0]	2026-08-17_19-13-10	[0 0 0 0 0 0]	2026-08-17_19-13-10	[0 1 1 1 0 0]	2026-08-17_19-13-10	[20]	2026-08-17_19-13-10	[0 0 0 0 0 0 0 0 0 0 0 0 0 1 0 0 0 0 1 0 0 0 0 0 0 1 0 0 0 0]	2026-08-17_19-13-10	[0 0 0 0 0 0 0 1 0 0 0 0 0 0 0 0 0 0 0 0 1 1 0 0 1 0 0 0 0 0]	2026-08-17_19-13-10	[0 0 0 1 0 0]	2026-08-17_19-13-10	[1 1 1 1 0 0]	2026-08-17_19-13-10	[12]	2026-08-17_19-13-10
6	2026-08-17_19-13-10	0.4426947832107544	2026-08-17_19-13-10	9.074743270874023	2026-08-17_19-13-10	2.921663284301758	2026-08-17_19-13-10	3.003255844116211	2026-08-17_19-13-10	1.4540438652038574	2026-08-17_19-13-10	1.6957807540893555	2026-08-17_19-13-10	False	2026-08-17_19-13-10	[0 0 0 0 0 0 0 0 0 0 0 0 0 1 0 0 0 0 1 0 0 0 0 0 0 1 0 0 0 0]	2026-08-17_19-13-10	[0 0 0 0 0 0 0 1 0 0 0 0 0 0 0 0 0 0 0 0 1 1 0 0 1 0 0 0 0 0]	2026-08-17_19-13-10	[0 0 0 1 0 0]	2026-08-17_19-13-10	[1 1 1 1 0 0]	2026-08-17_19-13-10	[12]	2026-08-17_19-13-10	[0 0 0 0 0 0 0 0 0 0 0 0 0 1 0 0 0 0 0 0 0 0 0 0 0 1 0 0 0 0]	2026-08-17_19-13-10	[0 0 0 0 0 0 0 1 0 0 0 0 0 0 0 0 0 0 0 0 1 0 0 0 1 0 0 0 0 0]	2026-08-17_19-13-10	[0 0 0 0 0 0]	2026-08-17_19-13-10	[0 1 1 1 0 0]	2026-08-17_19-13-10	[20]	2026-08-17_19-13-10
6	2026-08-17_19-13-10	0.3637514114379883	2026-08-17_19-13-10	8.72467041015625	2026-08-17_19-13-10	2.816986083984375	2026-08-17_19-13-10	2.8995015621185303	2026-08-17_19-13-10	1.3247359991073608	2026-08-17_19-13-10	1.6834462881088257	2026-08-17_19-13-10	False	2026-08-17_19-13-10	[0 0 0 0 0 0 0 0 0 0 0 0 0 1 0 0 0 0 0 0 0 0 0 0 0 1 0 0 0 0]	2026-08-17_19-13-10	[0 0 0 0 0 0 0 1 0 0 0 0 0 0 0 0 0 0 0 0 1 0 0 0 1 0 0 0 0 0]	2026-08-17_19-13-10	[0 0 0 0 0 0]	2026-08-17_19-13-10	[0 1 1 1 0 0]	2026-08-17_19-13-10	[20]	2026-08-17_19-13-10	[0 0 0 0 0 0 0 0 0 0 0 0 0 1 0 0 0 0 1 0 0 0 0 0 0 1 0 0 0 0]	2026-08-17_19-13-10	[0 0 0 0 0 0 0 1 0 0 0 0 0 0 0 0 0 0 0 0 1 1 0 0 1 0 0 0 0 0]	2026-08-17_19-13-10	[0 0 0 1 0 0]	2026-08-17_19-13-10	[1 1 1 1 0 0]	2026-08-17_19-13-10	[12]	2026-08-17_19-13-10
6	2026-08-17_19-13-10	0.5092059373855591	2026-08-17_19-13-10	9.081934928894043	2026-08-17_19-13-10	2.9228453636169434	2026-08-17_19-13-10	3.003915786743164	2026-08-17_19-13-10	1.4588983058929443	2026-08-17_19-13-10	1.6962754726409912	2026-08-17_19-13-10	False	2026-08-17_19-13-10	[0 0 0 0 0 0 0 0 0 0 0 0 0 1 0 0 0 0 1 0 0 0 0 0 0 1 0 0 0 0]	2026-08-17_19-13-10	[0 0 0 0 0 0 0 1 0 0 0 0 0 0 0 0 0 0 0 0 1 1 0 0 1 0 0 0 0 0]	2026-08-17_19-13-10	[0 0 0 1 0 0]	2026-08-17_19-13-10	[1 1 1 1 0 0]	2026-08-17_19-13-10	[12]	2026-08-17_19-13-10	[0 0 0 0 0 0 0 0 0 0 0 0 0 1 0 0 0 0 0 0 0 0 0 0 0 1 0 0 0 0]	2026-08-17_19-13-10	[0 0 0 0 0 0 0 1 0 0 0 0 0 0 0 0 0 0 0 0 1 0 0 0 1 0 0 0 0 0]	2026-08-17_19-13-10	[0 0 0 0 0 0]	2026-08-17_19-13-10	[0 1 1 1 0 0]	2026-08-17_19-13-10	[20]	2026-08-17_19-13-10
6	2026-08-17_19-13-10	0.3182968497276306	2026-08-17_19-13-10	8.746692657470703	2026-08-17_19-13-10	2.8307178020477295	2026-08-17_19-13-10	2.9046785831451416	2026-08-17_19-13-10	1.3300971984863281	2026-08-17_19-13-10	1.681199312210083	2026-08-17_19-13-10	False	2026-08-17_19-13-10	[0 0 0 0 0 0 0 0 0 0 0 0 0 1 0 0 0 0 0 0 0 0 0 0 0 1 0 0 0 0]	2026-08-17_19-13-10	[0 0 0 0 0 0 0 1 0 0 0 0 0 0 0 0 0 0 0 0 1 0 0 0 1 0 0 0 0 0]	2026-08-17_19-13-10	[0 0 0 0 0 0]	2026-08-17_19-13-10	[0 1 1 1 0 0]	2026-08-17_19-13-10	[20]	2026-08-17_19-13-10	[0 0 0 0 0 0 0 0 0 0 0 0 0 1 0 0 0 0 1 0 0 0 0 0 0 1 0 0 0 0]	2026-08-17_19-13-10	[0 0 0 0 0 0 0 1 0 0 0 0 0 0 0 0 0 0 0 0 1 1 0 0 1 0 0 0 0 0]	2026-08-17_19-13-10	[0 0 0 1 0 0]	2026-08-17_19-13-10	[1 1 1 1 0 0]	2026-08-17_19-13-10	[12]	2026-08-17_19-13-10
6	2026-08-17_19-13-10	0.548910915851593	2026-08-17_19-13-10	9.065022468566895	2026-08-17_19-13-10	2.9156861305236816	2026-08-17_19-13-10	3.0008482933044434	2026-08-17_19-13-10	1.4512076377868652	2026-08-17_19-13-10	1.6972801685333252	2026-08-17_19-13-10	False	2026-08-17_19-13-10	[0 0 0 0 0 0 0 0 0 0 0 0 0 1 0 0 0 0 1 0 0 0 0 0 0 1 0 0 0 0]	2026-08-17_19-13-10	[0 0 0 0 0 0 0 1 0 0 0 0 0 0 0 0 0 0 0 0 1 1 0 0 1 0 0 0 0 0]	2026-08-17_19-13-10	[0 0 0 1 0 0]	2026-08-17_19-13-10	[1 1 1 1 0 0]	2026-08-17_19-13-10	[12]	2026-08-17_19-13-10	[0 0 0 0 0 0 0 0 0 0 0 0 0 1 0 0 0 0 0 0 0 0 0 0 0 1 0 0 0 0]	2026-08-17_19-13-10	[0 0 0 0 0 0 0 1 0 0 0 0 0 0 0 0 0 0 0 0 1 0 0 0 1 0 0 0 0 0]	2026-08-17_19-13-10	[0 0 0 0 0 0]	2026-08-17_19-13-10	[0 1 1 1 0 0]	2026-08-17_19-13-10	[20]	2026-08-17_19-13-10
6	2026-08-17_19-13-10	0.3273877501487732	2026-08-17_19-13-10	8.733148574829102	2026-08-17_19-13-10	2.819901466369629	2026-08-17_19-13-10	2.9019107818603516	2026-08-17_19-13-10	1.328011155128479	2026-08-17_19-13-10	1.6833252906799316	2026-08-17_19-13-10	False	2026-08-17_19-13-10	[0 0 0 0 0 0 0 0 0 0 0 0 0 1 0 0 0 0 0 0 0 0 0 0 0 1 0 0 0 0]	2026-08-17_19-13-10	[0 0 0 0 0 0 0 1 0 0 0 0 0 0 0 0 0 0 0 0 1 0 0 0 1 0 0 0 0 0]	2026-08-17_19-13-10	[0 0 0 0 0 0]	2026-08-17_19-13-10	[0 1 1 1 0 0]	2026-08-17_19-13-10	[20]	2026-08-17_19-13-10	[0 0 0 0 0 0 0 0 0 0 0 0 0 1 0 0 0 0 1 0 0 0 0 0 0 1 0 0 0 0]	2026-08-17_19-13-10	[0 0 0 0 0 0 0 1 0 0 0 0 0 0 0 0 0 0 0 0 1 1 0 0 1 0 0 0 0 0]	2026-08-17_19-13-10	[0 0 0 1 0 0]	2026-08-17_19-13-10	[1 1 1 1 0 0]	2026-08-17_19-13-10	[12]	2026-08-17_19-13-10
6	2026-08-17_19-13-10	0.4910241365432739	2026-08-17_19-13-10	9.06421184539795	2026-08-17_19-13-10	2.9146928787231445	2026-08-17_19-13-10	2.9992215633392334	2026-08-17_19-13-10	1.4521323442459106	2026-08-17_19-13-10	1.6981650590896606	2026-08-17_19-13-10	False	2026-08-17_19-13-10	[0 0 0 0 0 0 0 0 0 0 0 0 0 1 0 0 0 0 1 0 0 0 0 0 0 1 0 0 0 0]	2026-08-17_19-13-10	[0 0 0 0 0 0 0 1 0 0 0 0 0 0 0 0 0 0 0 0 1 1 0 0 1 0 0 0 0 0]	2026-08-17_19-13-10	[0 0 0 1 0 0]	2026-08-17_19-13-10	[1 1 1 1 0 0]	2026-08-17_19-13-10	[12]	2026-08-17_19-13-10	[0 0 0 0 0 0 0 0 0 0 0 0 0 1 0 0 0 0 0 0 0 0 0 0 0 1 0 0 0 0]	2026-08-17_19-13-10	[0 0 0 0 0 0 0 1 0 0 0 0 0 0 0 0 0 0 0 0 1 0 0 0 1 0 0 0 0 0]	2026-08-17_19-13-10	[0 0 0 0 0 0]	2026-08-17_19-13-10	[0 1 1 1 0 0]	2026-08-17_19-13-10	[20]	2026-08-17_19-13-10
6	2026-08-17_19-13-10	0.3637514114379883	2026-08-17_19-13-10	8.736895561218262	2026-08-17_19-13-10	2.8230390548706055	2026-08-17_19-13-10	2.9018170833587646	2026-08-17_19-13-10	1.3296624422073364	2026-08-17_19-13-10	1.6823770999908447	2026-08-17_19-13-10	False	2026-08-17_19-13-10	[0 0 0 0 0 0 0 0 0 0 0 0 0 1 0 0 0 0 0 0 0 0 0 0 0 1 0 0 0 0]	2026-08-17_19-13-10	[0 0 0 0 0 0 0 1 0 0 0 0 0 0 0 0 0 0 0 0 1 0 0 0 1 0 0 0 0 0]	2026-08-17_19-13-10	[0 0 0 0 0 0]	2026-08-17_19-13-10	[0 1 1 1 0 0]	2026-08-17_19-13-10	[20]	2026-08-17_19-13-10	[0 0 0 0 0 0 0 0 0 0 0 0 0 1 0 0 0 0 1 0 0 0 0 0 0 1 0 0 0 0]	2026-08-17_19-13-10	[0 0 0 0 0 0 0 1 0 0 0 0 0 0 0 0 0 0 0 0 1 1 0 0 1 0 0 0 0 0]	2026-08-17_19-13-10	[0 0 0 1 0 0]	2026-08-17_19-13-10	[1 1 1 1 0 0]	2026-08-17_19-13-10	[12]	2026-08-17_19-13-10
6	2026-08-17_19-13-10	0.5092059373855591	2026-08-17_19-13-10	9.079334259033203	2026-08-17_19-13-10	2.9228529930114746	2026-08-17_19-13-10	3.003225088119507	2026-08-17_19-13-10	1.4567136764526367	2026-08-17_19-13-10	1.6965429782867432	2026-08-17_19-13-10	False	2026-08-17_19-13-10	[0 0 0 0 0 0 0 0 0 0 0 0 0 1 0 0 0 0 1 0 0 0 0 0 0 1 0 0 0 0]	2026-08-17_19-13-10	[0 0 0 0 0 0 0 1 0 0 0 0 0 0 0 0 0 0 0 0 1 1 0 0 1 0 0 0 0 0]	2026-08-17_19-13-10	[0 0 0 1 0 0]	2026-08-17_19-13-10	[1 1 1 1 0 0]	2026-08-17_19-13-10	[12]	2026-08-17_19-13-10	[0 0 0 0 0 0 0 0 0 0 0 0 0 1 0 0 0 0 0 0 0 0 0 0 0 1 0 0 0 0]	2026-08-17_19-13-10	[0 0 0 0 0 0 0 1 0 0 0 0 0 0 0 0 0 0 0 0 1 0 0 0 1 0 0 0 0 0]	2026-08-17_19-13-10	[0 0 0 0 0 0]	2026-08-17_19-13-10	[0 1 1 1 0 0]	2026-08-17_19-13-10	[20]	2026-08-17_19-13-10
6	2026-08-17_19-13-10	0.3182968497276306	2026-08-17_19-13-10	8.733948707580566	2026-08-17_19-13-10	2.8225603103637695	2026-08-17_19-13-10	2.90214467048645	2026-08-17_19-13-10	1.3262380361557007	2026-08-17_19-13-10	1.6830060482025146	2026-08-17_19-13-10	False	2026-08-17_19-13-10	[0 0 0 0 0 0 0 0 0 0 0 0 0 1 0 0 0 0 0 0 0 0 0 0 0 1 0 0 0 0]	2026-08-17_19-13-10	[0 0 0 0 0 0 0 1 0 0 0 0 0 0 0 0 0 0 0 0 1 0 0 0 1 0 0 0 0 0]	2026-08-17_19-13-10	[0 0 0 0 0 0]	2026-08-17_19-13-10	[0 1 1 1 0 0]	2026-08-17_19-13-10	[20]	2026-08-17_19-13-10	[0 0 0 0 0 0 0 0 0 0 0 0 0 1 0 0 0 0 1 0 0 0 0 0 0 1 0 0 0 0]	2026-08-17_19-13-10	[0 0 0 0 0 0 0 1 0 0 0 0 0 0 0 0 0 0 0 0 1 1 0 0 1 0 0 0 0 0]	2026-08-17_19-13-10	[0 0 0 1 0 0]	2026-08-17_19-13-10	[1 1 1 1 0 0]	2026-08-17_19-13-10	[12]	2026-08-17_19-13-10
6	2026-08-17_19-13-10	0.4910241365432739	2026-08-17_19-13-10	9.050131797790527	2026-08-17_19-13-10	2.909233570098877	2026-08-17_19-13-10	2.996614694595337	2026-08-17_19-13-10	1.4455034732818604	2026-08-17_19-13-10	1.6987802982330322	2026-08-17_19-13-10	False	2026-08-17_19-13-10	[0 0 0 0 0 0 0 0 0 0 0 0 0 1 0 0 0 0 1 0 0 0 0 0 0 1 0 0 0 0]	2026-08-17_19-13-10	[0 0 0 0 0 0 0 1 0 0 0 0 0 0 0 0 0 0 0 0 1 1 0 0 1 0 0 0 0 0]	2026-08-17_19-13-10	[0 0 0 1 0 0]	2026-08-17_19-13-10	[1 1 1 1 0 0]	2026-08-17_19-13-10	[12]	2026-08-17_19-13-10	[0 0 0 0 0 0 0 0 0 0 0 0 0 1 0 0 0 0 0 0 0 0 0 0 0 1 0 0 0 0]	2026-08-17_19-13-10	[0 0 0 0 0 0 0 1 0 0 0 0 0 0 0 0 0 0 0 0 1 0 0 0 1 0 0 0 0 0]	2026-08-17_19-13-10	[0 0 0 0 0 0]	2026-08-17_19-13-10	[0 1 1 1 0 0]	2026-08-17_19-13-10	[20]	2026-08-17_19-13-10
6	2026-08-17_19-13-10	0.3182968497276306	2026-08-17_19-13-10	8.72187614440918	2026-08-17_19-13-10	2.8155763149261475	2026-08-17_19-13-10	2.898449659347534	2026-08-17_19-13-10	1.3236305713653564	2026-08-17_19-13-10	1.6842197179794312	2026-08-17_19-13-10	False	2026-08-17_19-13-10	[0 0 0 0 0 0 0 0 0 0 0 0 0 1 0 0 0 0 0 0 0 0 0 0 0 1 0 0 0 0]	2026-08-17_19-13-10	[0 0 0 0 0 0 0 1 0 0 0 0 0 0 0 0 0 0 0 0 1 0 0 0 1 0 0 0 0 0]	2026-08-17_19-13-10	[0 0 0 0 0 0]	2026-08-17_19-13-10	[0 1 1 1 0 0]	2026-08-17_19-13-10	[20]	2026-08-17_19-13-10	[0 0 0 0 0 0 0 0 0 0 0 0 0 1 0 0 0 0 1 0 0 0 0 0 0 1 0 0 0 0]	2026-08-17_19-13-10	[0 0 0 0 0 0 0 1 0 0 0 0 0 0 0 0 0 0 0 0 1 1 0 0 1 0 0 0 0 0]	2026-08-17_19-13-10	[0 0 0 1 0 0]	2026-08-17_19-13-10	[1 1 1 1 0 0]	2026-08-17_19-13-10	[12]	2026-08-17_19-13-10
6	2026-08-17_19-13-10	0.5001150369644165	2026-08-17_19-13-10	9.064029693603516	2026-08-17_19-13-10	2.9146041870117188	2026-08-17_19-13-10	2.9997763633728027	2026-08-17_19-13-10	1.450901985168457	2026-08-17_19-13-10	1.698746681213379	2026-08-17_19-13-10	False	2026-08-17_19-13-10	[0 0 0 0 0 0 0 0 0 0 0 0 0 1 0 0 0 0 1 0 0 0 0 0 0 1 0 0 0 0]	2026-08-17_19-13-10	[0 0 0 0 0 0 0 1 0 0 0 0 0 0 0 0 0 0 0 0 1 1 0 0 1 0 0 0 0 0]	2026-08-17_19-13-10	[0 0 0 1 0 0]	2026-08-17_19-13-10	[1 1 1 1 0 0]	2026-08-17_19-13-10	[12]	2026-08-17_19-13-10	[0 0 0 0 0 0 0 0 0 0 0 0 0 1 0 0 0 0 0 0 0 0 0 0 0 1 0 0 0 0]	2026-08-17_19-13-10	[0 0 0 0 0 0 0 1 0 0 0 0 0 0 0 0 0 0 0 0 1 0 0 0 1 0 0 0 0 0]	2026-08-17_19-13-10	[0 0 0 0 0 0]	2026-08-17_19-13-10	[0 1 1 1 0 0]	2026-08-17_19-13-10	[20]	2026-08-17_19-13-10
6	2026-08-17_19-13-10	0.30920594930648804	2026-08-17_19-13-10	8.722524642944336	2026-08-17_19-13-10	2.8157622814178467	2026-08-17_19-13-10	2.9000461101531982	2026-08-17_19-13-10	1.3230102062225342	2026-08-17_19-13-10	1.6837059259414673	2026-08-17_19-13-10	False	2026-08-17_19-13-10	[0 0 0 0 0 0 0 0 0 0 0 0 0 1 0 0 0 0 0 0 0 0 0 0 0 1 0 0 0 0]	2026-08-17_19-13-10	[0 0 0 0 0 0 0 1 0 0 0 0 0 0 0 0 0 0 0 0 1 0 0 0 1 0 0 0 0 0]	2026-08-17_19-13-10	[0 0 0 0 0 0]	2026-08-17_19-13-10	[0 1 1 1 0 0]	2026-08-17_19-13-10	[20]	2026-08-17_19-13-10	[0 0 0 0 0 0 0 0 0 0 0 0 0 1 0 0 0 0 1 0 0 0 0 0 0 1 0 0 0 0]	2026-08-17_19-13-10	[0 0 0 0 0 0 0 1 0 0 0 0 0 0 0 0 0 0 0 0 1 1 0 0 1 0 0 0 0 0]	2026-08-17_19-13-10	[0 0 0 1 0 0]	2026-08-17_19-13-10	[1 1 1 1 0 0]	2026-08-17_19-13-10	[12]	2026-08-17_19-13-10
6	2026-08-17_19-13-10	0.5364786982536316	2026-08-17_19-13-10	9.057382583618164	2026-08-17_19-13-10	2.9120185375213623	2026-08-17_19-13-10	2.9984283447265625	2026-08-17_19-13-10	1.4482998847961426	2026-08-17_19-13-10	1.6986353397369385	2026-08-17_19-13-10	False	2026-08-17_19-13-10	[0 0 0 0 0 0 0 0 0 0 0 0 0 1 0 0 0 0 1 0 0 0 0 0 0 1 0 0 0 0]	2026-08-17_19-13-10	[0 0 0 0 0 0 0 1 0 0 0 0 0 0 0 0 0 0 0 0 1 1 0 0 1 0 0 0 0 0]	2026-08-17_19-13-10	[0 0 0 1 0 0]	2026-08-17_19-13-10	[1 1 1 1 0 0]	2026-08-17_19-13-10	[12]	2026-08-17_19-13-10	[0 0 0 0 0 0 0 0 0 0 0 0 0 1 0 0 0 0 0 0 0 0 0 0 0 1 0 0 0 0]	2026-08-17_19-13-10	[0 0 0 0 0 0 0 1 0 0 0 0 0 0 0 0 0 0 0 0 1 0 0 0 1 0 0 0 0 0]	2026-08-17_19-13-10	[0 0 0 0 0 0]	2026-08-17_19-13-10	[0 1 1 1 0 0]	2026-08-17_19-13-10	[20]	2026-08-17_19-13-10
6	2026-08-17_19-13-10	0.30011501908302307	2026-08-17_19-13-10	8.718875885009766	2026-08-17_19-13-10	2.8129281997680664	2026-08-17_19-13-10	2.897144317626953	2026-08-17_19-13-10	1.3249441385269165	2026-08-17_19-13-10	1.6838594675064087	2026-08-17_19-13-10	False	2026-08-17_19-13-10	[0 0 0 0 0 0 0 0 0 0 0 0 0 1 0 0 0 0 0 0 0 0 0 0 0 1 0 0 0 0]	2026-08-17_19-13-10	[0 0 0 0 0 0 0 1 0 0 0 0 0 0 0 0 0 0 0 0 1 0 0 0 1 0 0 0 0 0]	2026-08-17_19-13-10	[0 0 0 0 0 0]	2026-08-17_19-13-10	[0 1 1 1 0 0]	2026-08-17_19-13-10	[20]	2026-08-17_19-13-10	[0 0 0 0 0 0 0 0 0 0 0 0 0 1 0 0 0 0 1 0 0 0 0 0 0 1 0 0 0 0]	2026-08-17_19-13-10	[0 0 0 0 0 0 0 1 0 0 0 0 0 0 0 0 0 0 0 0 1 1 0 0 1 0 0 0 0 0]	2026-08-17_19-13-10	[0 0 0 1 0 0]	2026-08-17_19-13-10	[1 1 1 1 0 0]	2026-08-17_19-13-10	[12]	2026-08-17_19-13-10
6	2026-08-17_19-13-10	0.48193320631980896	2026-08-17_19-13-10	9.065532684326172	2026-08-17_19-13-10	2.9137184619903564	2026-08-17_19-13-10	2.9998767375946045	2026-08-17_19-13-10	1.4545098543167114	2026-08-17_19-13-10	1.697427749633789	2026-08-17_19-13-10	False	2026-08-17_19-13-10	[0 0 0 0 0 0 0 0 0 0 0 0 0 1 0 0 0 0 1 0 0 0 0 0 0 1 0 0 0 0]	2026-08-17_19-13-10	[0 0 0 0 0 0 0 1 0 0 0 0 0 0 0 0 0 0 0 0 1 1 0 0 1 0 0 0 0 0]	2026-08-17_19-13-10	[0 0 0 1 0 0]	2026-08-17_19-13-10	[1 1 1 1 0 0]	2026-08-17_19-13-10	[12]	2026-08-17_19-13-10	[0 0 0 0 0 0 0 0 0 0 0 0 0 1 0 0 0 0 0 0 0 0 0 0 0 1 0 0 0 0]	2026-08-17_19-13-10	[0 0 0 0 0 0 0 1 0 0 0 0 0 0 0 0 0 0 0 0 1 0 0 0 1 0 0 0 0 0]	2026-08-17_19-13-10	[0 0 0 0 0 0]	2026-08-17_19-13-10	[0 1 1 1 0 0]	2026-08-17_19-13-10	[20]	2026-08-17_19-13-10
6	2026-08-17_19-13-10	0.3182968497276306	2026-08-17_19-13-10	8.71440315246582	2026-08-17_19-13-10	2.809588670730591	2026-08-17_19-13-10	2.897918701171875	2026-08-17_19-13-10	1.3218472003936768	2026-08-17_19-13-10	1.6850494146347046	2026-08-17_19-13-10	False	2026-08-17_19-13-10	[0 0 0 0 0 0 0 0 0 0 0 0 0 1 0 0 0 0 0 0 0 0 0 0 0 1 0 0 0 0]	2026-08-17_19-13-10	[0 0 0 0 0 0 0 1 0 0 0 0 0 0 0 0 0 0 0 0 1 0 0 0 1 0 0 0 0 0]	2026-08-17_19-13-10	[0 0 0 0 0 0]	2026-08-17_19-13-10	[0 1 1 1 0 0]	2026-08-17_19-13-10	[20]	2026-08-17_19-13-10	[0 0 0 0 0 0 0 0 0 0 0 0 0 1 0 0 0 0 1 0 0 0 0 0 0 1 0 0 0 0]	2026-08-17_19-13-10	[0 0 0 0 0 0 0 1 0 0 0 0 0 0 0 0 0 0 0 0 1 1 0 0 1 0 0 0 0 0]	2026-08-17_19-13-10	[0 0 0 1 0 0]	2026-08-17_19-13-10	[1 1 1 1 0 0]	2026-08-17_19-13-10	[12]	2026-08-17_19-13-10
6	2026-08-17_19-13-10	0.5273877382278442	2026-08-17_19-13-10	9.066922187805176	2026-08-17_19-13-10	2.915400981903076	2026-08-17_19-13-10	3.000988006591797	2026-08-17_19-13-10	1.4534306526184082	2026-08-17_19-13-10	1.6971025466918945	2026-08-17_19-13-10	False	2026-08-17_19-13-10	[0 0 0 0 0 0 0 0 0 0 0 0 0 1 0 0 0 0 1 0 0 0 0 0 0 1 0 0 0 0]	2026-08-17_19-13-10	[0 0 0 0 0 0 0 1 0 0 0 0 0 0 0 0 0 0 0 0 1 1 0 0 1 0 0 0 0 0]	2026-08-17_19-13-10	[0 0 0 1 0 0]	2026-08-17_19-13-10	[1 1 1 1 0 0]	2026-08-17_19-13-10	[12]	2026-08-17_19-13-10	[0 0 0 0 0 0 0 0 0 0 0 0 0 1 0 0 0 0 0 0 0 0 0 0 0 1 0 0 0 0]	2026-08-17_19-13-10	[0 0 0 0 0 0 0 1 0 0 0 0 0 0 0 0 0 0 0 0 1 0 0 0 1 0 0 0 0 0]	2026-08-17_19-13-10	[0 0 0 0 0 0]	2026-08-17_19-13-10	[0 1 1 1 0 0]	2026-08-17_19-13-10	[20]	2026-08-17_19-13-10
6	2026-08-17_19-13-10	0.30920594930648804	2026-08-17_19-13-10	8.742118835449219	2026-08-17_19-13-10	2.826663017272949	2026-08-17_19-13-10	2.9024658203125	2026-08-17_19-13-10	1.3309317827224731	2026-08-17_19-13-10	1.6820580959320068	2026-08-17_19-13-10	False	2026-08-17_19-13-10	[0 0 0 0 0 0 0 0 0 0 0 0 0 1 0 0 0 0 0 0 0 0 0 0 0 1 0 0 0 0]	2026-08-17_19-13-10	[0 0 0 0 0 0 0 1 0 0 0 0 0 0 0 0 0 0 0 0 1 0 0 0 1 0 0 0 0 0]	2026-08-17_19-13-10	[0 0 0 0 0 0]	2026-08-17_19-13-10	[0 1 1 1 0 0]	2026-08-17_19-13-10	[20]	2026-08-17_19-13-10	[0 0 0 0 0 0 0 0 0 0 0 0 0 1 0 0 0 0 1 0 0 0 0 0 0 1 0 0 0 0]	2026-08-17_19-13-10	[0 0 0 0 0 0 0 1 0 0 0 0 0 0 0 0 0 0 0 0 1 1 0 0 1 0 0 0 0 0]	2026-08-17_19-13-10	[0 0 0 1 0 0]	2026-08-17_19-13-10	[1 1 1 1 0 0]	2026-08-17_19-13-10	[12]	2026-08-17_19-13-10
6	2026-08-17_19-13-10	0.4637514054775238	2026-08-17_19-13-10	9.066295623779297	2026-08-17_19-13-10	2.91585111618042	2026-08-17_19-13-10	3.0006468296051025	2026-08-17_19-13-10	1.4520751237869263	2026-08-17_19-13-10	1.6977219581604004	2026-08-17_19-13-10	False	2026-08-17_19-13-10	[0 0 0 0 0 0 0 0 0 0 0 0 0 1 0 0 0 0 1 0 0 0 0 0 0 1 0 0 0 0]	2026-08-17_19-13-10	[0 0 0 0 0 0 0 1 0 0 0 0 0 0 0 0 0 0 0 0 1 1 0 0 1 0 0 0 0 0]	2026-08-17_19-13-10	[0 0 0 1 0 0]	2026-08-17_19-13-10	[1 1 1 1 0 0]	2026-08-17_19-13-10	[12]	2026-08-17_19-13-10	[0 0 0 0 0 0 0 0 0 0 0 0 0 1 0 0 0 0 0 0 0 0 0 0 0 1 0 0 0 0]	2026-08-17_19-13-10	[0 0 0 0 0 0 0 1 0 0 0 0 0 0 0 0 0 0 0 0 1 0 0 0 1 0 0 0 0 0]	2026-08-17_19-13-10	[0 0 0 0 0 0]	2026-08-17_19-13-10	[0 1 1 1 0 0]	2026-08-17_19-13-10	[20]	2026-08-17_19-13-10
6	2026-08-17_19-13-10	0.34556958079338074	2026-08-17_19-13-10	8.729826927185059	2026-08-17_19-13-10	2.818807601928711	2026-08-17_19-13-10	2.902269124984741	2026-08-17_19-13-10	1.3257180452346802	2026-08-17_19-13-10	1.6830323934555054	2026-08-17_19-13-10	False	2026-08-17_19-13-10	[0 0 0 0 0 0 0 0 0 0 0 0 0 1 0 0 0 0 0 0 0 0 0 0 0 1 0 0 0 0]	2026-08-17_19-13-10	[0 0 0 0 0 0 0 1 0 0 0 0 0 0 0 0 0 0 0 0 1 0 0 0 1 0 0 0 0 0]	2026-08-17_19-13-10	[0 0 0 0 0 0]	2026-08-17_19-13-10	[0 1 1 1 0 0]	2026-08-17_19-13-10	[20]	2026-08-17_19-13-10	[0 0 0 0 0 0 0 0 0 0 0 0 0 1 0 0 0 0 1 0 0 0 0 0 0 1 0 0 0 0]	2026-08-17_19-13-10	[0 0 0 0 0 0 0 1 0 0 0 0 0 0 0 0 0 0 0 0 1 1 0 0 1 0 0 0 0 0]	2026-08-17_19-13-10	[0 0 0 1 0 0]	2026-08-17_19-13-10	[1 1 1 1 0 0]	2026-08-17_19-13-10	[12]	2026-08-17_19-13-10
6	2026-08-17_19-13-10	0.4728423058986664	2026-08-17_19-13-10	9.070011138916016	2026-08-17_19-13-10	2.9184436798095703	2026-08-17_19-13-10	3.0009512901306152	2026-08-17_19-13-10	1.4533525705337524	2026-08-17_19-13-10	1.697263240814209	2026-08-17_19-13-10	False	2026-08-17_19-13-10	[0 0 0 0 0 0 0 0 0 0 0 0 0 1 0 0 0 0 1 0 0 0 0 0 0 1 0 0 0 0]	2026-08-17_19-13-10	[0 0 0 0 0 0 0 1 0 0 0 0 0 0 0 0 0 0 0 0 1 1 0 0 1 0 0 0 0 0]	2026-08-17_19-13-10	[0 0 0 1 0 0]	2026-08-17_19-13-10	[1 1 1 1 0 0]	2026-08-17_19-13-10	[12]	2026-08-17_19-13-10	[0 0 0 0 0 0 0 0 0 0 0 0 0 1 0 0 0 0 0 0 0 0 0 0 0 1 0 0 0 0]	2026-08-17_19-13-10	[0 0 0 0 0 0 0 1 0 0 0 0 0 0 0 0 0 0 0 0 1 0 0 0 1 0 0 0 0 0]	2026-08-17_19-13-10	[0 0 0 0 0 0]	2026-08-17_19-13-10	[0 1 1 1 0 0]	2026-08-17_19-13-10	[20]	2026-08-17_19-13-10
6	2026-08-17_19-13-10	0.3273877501487732	2026-08-17_19-13-10	8.716192245483398	2026-08-17_19-13-10	2.8111469745635986	2026-08-17_19-13-10	2.897427797317505	2026-08-17_19-13-10	1.3235079050064087	2026-08-17_19-13-10	1.6841098070144653	2026-08-17_19-13-10	False	2026-08-17_19-13-10	[0 0 0 0 0 0 0 0 0 0 0 0 0 1 0 0 0 0 0 0 0 0 0 0 0 1 0 0 0 0]	2026-08-17_19-13-10	[0 0 0 0 0 0 0 1 0 0 0 0 0 0 0 0 0 0 0 0 1 0 0 0 1 0 0 0 0 0]	2026-08-17_19-13-10	[0 0 0 0 0 0]	2026-08-17_19-13-10	[0 1 1 1 0 0]	2026-08-17_19-13-10	[20]	2026-08-17_19-13-10	[0 0 0 0 0 0 0 0 0 0 0 0 0 1 0 0 0 0 1 0 0 0 0 0 0 1 0 0 0 0]	2026-08-17_19-13-10	[0 0 0 0 0 0 0 1 0 0 0 0 0 0 0 0 0 0 0 0 1 1 0 0 1 0 0 0 0 0]	2026-08-17_19-13-10	[0 0 0 1 0 0]	2026-08-17_19-13-10	[1 1 1 1 0 0]	2026-08-17_19-13-10	[12]	2026-08-17_19-13-10
6	2026-08-17_19-13-10	0.5154220461845398	2026-08-17_19-13-10	9.063556671142578	2026-08-17_19-13-10	2.916153907775879	2026-08-17_19-13-10	2.9999783039093018	2026-08-17_19-13-10	1.449648141860962	2026-08-17_19-13-10	1.6977763175964355	2026-08-17_19-13-10	False	2026-08-17_19-13-10	[0 0 0 0 0 0 0 0 0 0 0 0 0 1 0 0 0 0 1 0 0 0 0 0 0 1 0 0 0 0]	2026-08-17_19-13-10	[0 0 0 0 0 0 0 1 0 0 0 0 0 0 0 0 0 0 0 0 1 1 0 0 1 0 0 0 0 0]	2026-08-17_19-13-10	[0 0 0 1 0 0]	2026-08-17_19-13-10	[1 1 1 1 0 0]	2026-08-17_19-13-10	[12]	2026-08-17_19-13-10	[0 0 0 0 0 0 0 0 0 0 0 0 0 1 0 0 0 0 0 0 0 0 0 0 0 1 0 0 0 0]	2026-08-17_19-13-10	[0 0 0 0 0 0 0 1 0 0 0 0 0 0 0 0 0 0 0 0 1 0 0 0 1 0 0 0 0 0]	2026-08-17_19-13-10	[0 0 0 0 0 0]	2026-08-17_19-13-10	[0 1 1 1 0 0]	2026-08-17_19-13-10	[20]	2026-08-17_19-13-10
6	2026-08-17_19-13-10	0.38193321228027344	2026-08-17_19-13-10	8.718061447143555	2026-08-17_19-13-10	2.812472105026245	2026-08-17_19-13-10	2.8975439071655273	2026-08-17_19-13-10	1.3236114978790283	2026-08-17_19-13-10	1.6844340562820435	2026-08-17_19-13-10	False	2026-08-17_19-13-10	[0 0 0 0 0 0 0 0 0 0 0 0 0 1 0 0 0 0 0 0 0 0 0 0 0 1 0 0 0 0]	2026-08-17_19-13-10	[0 0 0 0 0 0 0 1 0 0 0 0 0 0 0 0 0 0 0 0 1 0 0 0 1 0 0 0 0 0]	2026-08-17_19-13-10	[0 0 0 0 0 0]	2026-08-17_19-13-10	[0 1 1 1 0 0]	2026-08-17_19-13-10	[20]	2026-08-17_19-13-10	[0 0 0 0 0 0 0 0 0 0 0 0 0 1 0 0 0 0 1 0 0 0 0 0 0 1 0 0 0 0]	2026-08-17_19-13-10	[0 0 0 0 0 0 0 1 0 0 0 0 0 0 0 0 0 0 0 0 1 1 0 0 1 0 0 0 0 0]	2026-08-17_19-13-10	[0 0 0 1 0 0]	2026-08-17_19-13-10	[1 1 1 1 0 0]	2026-08-17_19-13-10	[12]	2026-08-17_19-13-10
6	2026-08-17_19-13-10	0.5182968378067017	2026-08-17_19-13-10	9.060274124145508	2026-08-17_19-13-10	2.912839412689209	2026-08-17_19-13-10	2.9985008239746094	2026-08-17_19-13-10	1.450764775276184	2026-08-17_19-13-10	1.6981689929962158	2026-08-17_19-13-10	False	2026-08-17_19-13-10	[0 0 0 0 0 0 0 0 0 0 0 0 0 1 0 0 0 0 1 0 0 0 0 0 0 1 0 0 0 0]	2026-08-17_19-13-10	[0 0 0 0 0 0 0 1 0 0 0 0 0 0 0 0 0 0 0 0 1 1 0 0 1 0 0 0 0 0]	2026-08-17_19-13-10	[0 0 0 1 0 0]	2026-08-17_19-13-10	[1 1 1 1 0 0]	2026-08-17_19-13-10	[12]	2026-08-17_19-13-10	[0 0 0 0 0 0 0 0 0 0 0 0 0 1 0 0 0 0 0 0 0 0 0 0 0 1 0 0 0 0]	2026-08-17_19-13-10	[0 0 0 0 0 0 0 1 0 0 0 0 0 0 0 0 0 0 0 0 1 0 0 0 1 0 0 0 0 0]	2026-08-17_19-13-10	[0 0 0 0 0 0]	2026-08-17_19-13-10	[0 1 1 1 0 0]	2026-08-17_19-13-10	[20]	2026-08-17_19-13-10
6	2026-08-17_19-13-10	0.38193321228027344	2026-08-17_19-13-10	8.727612495422363	2026-08-17_19-13-10	2.8181676864624023	2026-08-17_19-13-10	2.8997607231140137	2026-08-17_19-13-10	1.326343059539795	2026-08-17_19-13-10	1.6833410263061523	2026-08-17_19-13-10	False	2026-08-17_19-13-10	[0 0 0 0 0 0 0 0 0 0 0 0 0 1 0 0 0 0 0 0 0 0 0 0 0 1 0 0 0 0]	2026-08-17_19-13-10	[0 0 0 0 0 0 0 1 0 0 0 0 0 0 0 0 0 0 0 0 1 0 0 0 1 0 0 0 0 0]	2026-08-17_19-13-10	[0 0 0 0 0 0]	2026-08-17_19-13-10	[0 1 1 1 0 0]	2026-08-17_19-13-10	[20]	2026-08-17_19-13-10	[0 0 0 0 0 0 0 0 0 0 0 0 0 1 0 0 0 0 1 0 0 0 0 0 0 1 0 0 0 0]	2026-08-17_19-13-10	[0 0 0 0 0 0 0 1 0 0 0 0 0 0 0 0 0 0 0 0 1 1 0 0 1 0 0 0 0 0]	2026-08-17_19-13-10	[0 0 0 1 0 0]	2026-08-17_19-13-10	[1 1 1 1 0 0]	2026-08-17_19-13-10	[12]	2026-08-17_19-13-10
6	2026-08-17_19-13-10	0.44556957483291626	2026-08-17_19-13-10	9.07345199584961	2026-08-17_19-13-10	2.9187374114990234	2026-08-17_19-13-10	3.0029828548431396	2026-08-17_19-13-10	1.4550572633743286	2026-08-17_19-13-10	1.6966744661331177	2026-08-17_19-13-10	False	2026-08-17_19-13-10	[0 0 0 0 0 0 0 0 0 0 0 0 0 1 0 0 0 0 1 0 0 0 0 0 0 1 0 0 0 0]	2026-08-17_19-13-10	[0 0 0 0 0 0 0 1 0 0 0 0 0 0 0 0 0 0 0 0 1 1 0 0 1 0 0 0 0 0]	2026-08-17_19-13-10	[0 0 0 1 0 0]	2026-08-17_19-13-10	[1 1 1 1 0 0]	2026-08-17_19-13-10	[12]	2026-08-17_19-13-10	[0 0 0 0 0 0 0 0 0 0 0 0 0 1 0 0 0 0 0 0 0 0 0 0 0 1 0 0 0 0]	2026-08-17_19-13-10	[0 0 0 0 0 0 0 1 0 0 0 0 0 0 0 0 0 0 0 0 1 0 0 0 1 0 0 0 0 0]	2026-08-17_19-13-10	[0 0 0 0 0 0]	2026-08-17_19-13-10	[0 1 1 1 0 0]	2026-08-17_19-13-10	[20]	2026-08-17_19-13-10
6	2026-08-17_19-13-10	0.3637514114379883	2026-08-17_19-13-10	8.75121784210205	2026-08-17_19-13-10	2.8329052925109863	2026-08-17_19-13-10	2.906172513961792	2026-08-17_19-13-10	1.3309619426727295	2026-08-17_19-13-10	1.6811784505844116	2026-08-17_19-13-10	False	2026-08-17_19-13-10	[0 0 0 0 0 0 0 0 0 0 0 0 0 1 0 0 0 0 0 0 0 0 0 0 0 1 0 0 0 0]	2026-08-17_19-13-10	[0 0 0 0 0 0 0 1 0 0 0 0 0 0 0 0 0 0 0 0 1 0 0 0 1 0 0 0 0 0]	2026-08-17_19-13-10	[0 0 0 0 0 0]	2026-08-17_19-13-10	[0 1 1 1 0 0]	2026-08-17_19-13-10	[20]	2026-08-17_19-13-10	[0 0 0 0 0 0 0 0 0 0 0 0 0 1 0 0 0 0 1 0 0 0 0 0 0 1 0 0 0 0]	2026-08-17_19-13-10	[0 0 0 0 0 0 0 1 0 0 0 0 0 0 0 0 0 0 0 0 1 1 0 0 1 0 0 0 0 0]	2026-08-17_19-13-10	[0 0 0 1 0 0]	2026-08-17_19-13-10	[1 1 1 1 0 0]	2026-08-17_19-13-10	[12]	2026-08-17_19-13-10
6	2026-08-17_19-13-10	0.4881493151187897	2026-08-17_19-13-10	9.082221984863281	2026-08-17_19-13-10	2.9245972633361816	2026-08-17_19-13-10	3.004864454269409	2026-08-17_19-13-10	1.457482099533081	2026-08-17_19-13-10	1.6952780485153198	2026-08-17_19-13-10	False	2026-08-17_19-13-10	[0 0 0 0 0 0 0 0 0 0 0 0 0 1 0 0 0 0 1 0 0 0 0 0 0 1 0 0 0 0]	2026-08-17_19-13-10	[0 0 0 0 0 0 0 1 0 0 0 0 0 0 0 0 0 0 0 0 1 1 0 0 1 0 0 0 0 0]	2026-08-17_19-13-10	[0 0 0 1 0 0]	2026-08-17_19-13-10	[1 1 1 1 0 0]	2026-08-17_19-13-10	[12]	2026-08-17_19-13-10	[0 0 0 0 0 0 0 0 0 0 0 0 0 1 0 0 0 0 0 0 0 0 0 0 0 1 0 0 0 0]	2026-08-17_19-13-10	[0 0 0 0 0 0 0 1 0 0 0 0 0 0 0 0 0 0 0 0 1 0 0 0 1 0 0 0 0 0]	2026-08-17_19-13-10	[0 0 0 0 0 0]	2026-08-17_19-13-10	[0 1 1 1 0 0]	2026-08-17_19-13-10	[20]	2026-08-17_19-13-10
6	2026-08-17_19-13-10	0.3182968497276306	2026-08-17_19-13-10	8.72802734375	2026-08-17_19-13-10	2.817747116088867	2026-08-17_19-13-10	2.899864912033081	2026-08-17_19-13-10	1.326924443244934	2026-08-17_19-13-10	1.6834908723831177	2026-08-17_19-13-10	False	2026-08-17_19-13-10	[0 0 0 0 0 0 0 0 0 0 0 0 0 1 0 0 0 0 0 0 0 0 0 0 0 1 0 0 0 0]	2026-08-17_19-13-10	[0 0 0 0 0 0 0 1 0 0 0 0 0 0 0 0 0 0 0 0 1 0 0 0 1 0 0 0 0 0]	2026-08-17_19-13-10	[0 0 0 0 0 0]	2026-08-17_19-13-10	[0 1 1 1 0 0]	2026-08-17_19-13-10	[20]	2026-08-17_19-13-10	[0 0 0 0 0 0 0 0 0 0 0 0 0 1 0 0 0 0 1 0 0 0 0 0 0 1 0 0 0 0]	2026-08-17_19-13-10	[0 0 0 0 0 0 0 1 0 0 0 0 0 0 0 0 0 0 0 0 1 1 0 0 1 0 0 0 0 0]	2026-08-17_19-13-10	[0 0 0 1 0 0]	2026-08-17_19-13-10	[1 1 1 1 0 0]	2026-08-17_19-13-10	[12]	2026-08-17_19-13-10
6	2026-08-17_19-13-10	0.5182968378067017	2026-08-17_19-13-10	9.067442893981934	2026-08-17_19-13-10	2.9155890941619873	2026-08-17_19-13-10	3.000375270843506	2026-08-17_19-13-10	1.4542973041534424	2026-08-17_19-13-10	1.697182059288025	2026-08-17_19-13-10	False	2026-08-17_19-13-10	[0 0 0 0 0 0 0 0 0 0 0 0 0 1 0 0 0 0 1 0 0 0 0 0 0 1 0 0 0 0]	2026-08-17_19-13-10	[0 0 0 0 0 0 0 1 0 0 0 0 0 0 0 0 0 0 0 0 1 1 0 0 1 0 0 0 0 0]	2026-08-17_19-13-10	[0 0 0 1 0 0]	2026-08-17_19-13-10	[1 1 1 1 0 0]	2026-08-17_19-13-10	[12]	2026-08-17_19-13-10	[0 0 0 0 0 0 0 0 0 0 0 0 0 1 0 0 0 0 0 0 0 0 0 0 0 1 0 0 0 0]	2026-08-17_19-13-10	[0 0 0 0 0 0 0 1 0 0 0 0 0 0 0 0 0 0 0 0 1 0 0 0 1 0 0 0 0 0]	2026-08-17_19-13-10	[0 0 0 0 0 0]	2026-08-17_19-13-10	[0 1 1 1 0 0]	2026-08-17_19-13-10	[20]	2026-08-17_19-13-10
6	2026-08-17_19-13-10	0.3273877501487732	2026-08-17_19-13-10	8.7370023727417	2026-08-17_19-13-10	2.82521390914917	2026-08-17_19-13-10	2.9046976566314697	2026-08-17_19-13-10	1.3248672485351562	2026-08-17_19-13-10	1.6822229623794556	2026-08-17_19-13-10	False	2026-08-17_19-13-10	[0 0 0 0 0 0 0 0 0 0 0 0 0 1 0 0 0 0 0 0 0 0 0 0 0 1 0 0 0 0]	2026-08-17_19-13-10	[0 0 0 0 0 0 0 1 0 0 0 0 0 0 0 0 0 0 0 0 1 0 0 0 1 0 0 0 0 0]	2026-08-17_19-13-10	[0 0 0 0 0 0]	2026-08-17_19-13-10	[0 1 1 1 0 0]	2026-08-17_19-13-10	[20]	2026-08-17_19-13-10	[0 0 0 0 0 0 0 0 0 0 0 0 0 1 0 0 0 0 1 0 0 0 0 0 0 1 0 0 0 0]	2026-08-17_19-13-10	[0 0 0 0 0 0 0 1 0 0 0 0 0 0 0 0 0 0 0 0 1 1 0 0 1 0 0 0 0 0]	2026-08-17_19-13-10	[0 0 0 1 0 0]	2026-08-17_19-13-10	[1 1 1 1 0 0]	2026-08-17_19-13-10	[12]	2026-08-17_19-13-10
6	2026-08-17_19-13-10	0.5364786982536316	2026-08-17_19-13-10	9.051539421081543	2026-08-17_19-13-10	2.9071245193481445	2026-08-17_19-13-10	2.9974493980407715	2026-08-17_19-13-10	1.4484539031982422	2026-08-17_19-13-10	1.6985114812850952	2026-08-17_19-13-10	False	2026-08-17_19-13-10	[0 0 0 0 0 0 0 0 0 0 0 0 0 1 0 0 0 0 1 0 0 0 0 0 0 1 0 0 0 0]	2026-08-17_19-13-10	[0 0 0 0 0 0 0 1 0 0 0 0 0 0 0 0 0 0 0 0 1 1 0 0 1 0 0 0 0 0]	2026-08-17_19-13-10	[0 0 0 1 0 0]	2026-08-17_19-13-10	[1 1 1 1 0 0]	2026-08-17_19-13-10	[12]	2026-08-17_19-13-10	[0 0 0 0 0 0 0 0 0 0 0 0 0 1 0 0 0 0 0 0 0 0 0 0 0 1 0 0 0 0]	2026-08-17_19-13-10	[0 0 0 0 0 0 0 1 0 0 0 0 0 0 0 0 0 0 0 0 1 0 0 0 1 0 0 0 0 0]	2026-08-17_19-13-10	[0 0 0 0 0 0]	2026-08-17_19-13-10	[0 1 1 1 0 0]	2026-08-17_19-13-10	[20]	2026-08-17_19-13-10
6	2026-08-17_19-13-10	0.391024112701416	2026-08-17_19-13-10	8.737203598022461	2026-08-17_19-13-10	2.8242297172546387	2026-08-17_19-13-10	2.902299165725708	2026-08-17_19-13-10	1.3279740810394287	2026-08-17_19-13-10	1.6827001571655273	2026-08-17_19-13-10	False	2026-08-17_19-13-10	[0 0 0 0 0 0 0 0 0 0 0 0 0 1 0 0 0 0 0 0 0 0 0 0 0 1 0 0 0 0]	2026-08-17_19-13-10	[0 0 0 0 0 0 0 1 0 0 0 0 0 0 0 0 0 0 0 0 1 0 0 0 1 0 0 0 0 0]	2026-08-17_19-13-10	[0 0 0 0 0 0]	2026-08-17_19-13-10	[0 1 1 1 0 0]	2026-08-17_19-13-10	[20]	2026-08-17_19-13-10	[0 0 0 0 0 0 0 0 0 0 0 0 0 1 0 0 0 0 1 0 0 0 0 0 0 1 0 0 0 0]	2026-08-17_19-13-10	[0 0 0 0 0 0 0 1 0 0 0 0 0 0 0 0 0 0 0 0 1 1 0 0 1 0 0 0 0 0]	2026-08-17_19-13-10	[0 0 0 1 0 0]	2026-08-17_19-13-10	[1 1 1 1 0 0]	2026-08-17_19-13-10	[12]	2026-08-17_19-13-10
6	2026-08-17_19-13-10	0.4728423058986664	2026-08-17_19-13-10	9.077457427978516	2026-08-17_19-13-10	2.922161102294922	2026-08-17_19-13-10	3.0027735233306885	2026-08-17_19-13-10	1.4565937519073486	2026-08-17_19-13-10	1.6959294080734253	2026-08-17_19-13-10	False	2026-08-17_19-13-10	[0 0 0 0 0 0 0 0 0 0 0 0 0 1 0 0 0 0 1 0 0 0 0 0 0 1 0 0 0 0]	2026-08-17_19-13-10	[0 0 0 0 0 0 0 1 0 0 0 0 0 0 0 0 0 0 0 0 1 1 0 0 1 0 0 0 0 0]	2026-08-17_19-13-10	[0 0 0 1 0 0]	2026-08-17_19-13-10	[1 1 1 1 0 0]	2026-08-17_19-13-10	[12]	2026-08-17_19-13-10	[0 0 0 0 0 0 0 0 0 0 0 0 0 1 0 0 0 0 0 0 0 0 0 0 0 1 0 0 0 0]	2026-08-17_19-13-10	[0 0 0 0 0 0 0 1 0 0 0 0 0 0 0 0 0 0 0 0 1 0 0 0 1 0 0 0 0 0]	2026-08-17_19-13-10	[0 0 0 0 0 0]	2026-08-17_19-13-10	[0 1 1 1 0 0]	2026-08-17_19-13-10	[20]	2026-08-17_19-13-10
6	2026-08-17_19-13-10	0.34556958079338074	2026-08-17_19-13-10	8.721041679382324	2026-08-17_19-13-10	2.8136839866638184	2026-08-17_19-13-10	2.8991446495056152	2026-08-17_19-13-10	1.3239582777023315	2026-08-17_19-13-10	1.6842546463012695	2026-08-17_19-13-10	False	2026-08-17_19-13-10	[0 0 0 0 0 0 0 0 0 0 0 0 0 1 0 0 0 0 0 0 0 0 0 0 0 1 0 0 0 0]	2026-08-17_19-13-10	[0 0 0 0 0 0 0 1 0 0 0 0 0 0 0 0 0 0 0 0 1 0 0 0 1 0 0 0 0 0]	2026-08-17_19-13-10	[0 0 0 0 0 0]	2026-08-17_19-13-10	[0 1 1 1 0 0]	2026-08-17_19-13-10	[20]	2026-08-17_19-13-10	[0 0 0 0 0 0 0 0 0 0 0 0 0 1 0 0 0 0 1 0 0 0 0 0 0 1 0 0 0 0]	2026-08-17_19-13-10	[0 0 0 0 0 0 0 1 0 0 0 0 0 0 0 0 0 0 0 0 1 1 0 0 1 0 0 0 0 0]	2026-08-17_19-13-10	[0 0 0 1 0 0]	2026-08-17_19-13-10	[1 1 1 1 0 0]	2026-08-17_19-13-10	[12]	2026-08-17_19-13-10
6	2026-08-17_19-13-10	0.5273877382278442	2026-08-17_19-13-10	9.086109161376953	2026-08-17_19-13-10	2.9259421825408936	2026-08-17_19-13-10	3.0050292015075684	2026-08-17_19-13-10	1.4596741199493408	2026-08-17_19-13-10	1.6954641342163086	2026-08-17_19-13-10	False	2026-08-17_19-13-10	[0 0 0 0 0 0 0 0 0 0 0 0 0 1 0 0 0 0 1 0 0 0 0 0 0 1 0 0 0 0]	2026-08-17_19-13-10	[0 0 0 0 0 0 0 1 0 0 0 0 0 0 0 0 0 0 0 0 1 1 0 0 1 0 0 0 0 0]	2026-08-17_19-13-10	[0 0 0 1 0 0]	2026-08-17_19-13-10	[1 1 1 1 0 0]	2026-08-17_19-13-10	[12]	2026-08-17_19-13-10	[0 0 0 0 0 0 0 0 0 0 0 0 0 1 0 0 0 0 0 0 0 0 0 0 0 1 0 0 0 0]	2026-08-17_19-13-10	[0 0 0 0 0 0 0 1 0 0 0 0 0 0 0 0 0 0 0 0 1 0 0 0 1 0 0 0 0 0]	2026-08-17_19-13-10	[0 0 0 0 0 0]	2026-08-17_19-13-10	[0 1 1 1 0 0]	2026-08-17_19-13-10	[20]	2026-08-17_19-13-10
6	2026-08-17_19-13-10	0.34556958079338074	2026-08-17_19-13-10	8.729372024536133	2026-08-17_19-13-10	2.8184213638305664	2026-08-17_19-13-10	2.90024471282959	2026-08-17_19-13-10	1.327355980873108	2026-08-17_19-13-10	1.683349847793579	2026-08-17_19-13-10	False	2026-08-17_19-13-10	[0 0 0 0 0 0 0 0 0 0 0 0 0 1 0 0 0 0 0 0 0 0 0 0 0 1 0 0 0 0]	2026-08-17_19-13-10	[0 0 0 0 0 0 0 1 0 0 0 0 0 0 0 0 0 0 0 0 1 0 0 0 1 0 0 0 0 0]	2026-08-17_19-13-10	[0 0 0 0 0 0]	2026-08-17_19-13-10	[0 1 1 1 0 0]	2026-08-17_19-13-10	[20]	2026-08-17_19-13-10	[0 0 0 0 0 0 0 0 0 0 0 0 0 1 0 0 0 0 1 0 0 0 0 0 0 1 0 0 0 0]	2026-08-17_19-13-10	[0 0 0 0 0 0 0 1 0 0 0 0 0 0 0 0 0 0 0 0 1 1 0 0 1 0 0 0 0 0]	2026-08-17_19-13-10	[0 0 0 1 0 0]	2026-08-17_19-13-10	[1 1 1 1 0 0]	2026-08-17_19-13-10	[12]	2026-08-17_19-13-10
6	2026-08-17_19-13-10	0.45466047525405884	2026-08-17_19-13-10	9.079703330993652	2026-08-17_19-13-10	2.92366886138916	2026-08-17_19-13-10	3.003355026245117	2026-08-17_19-13-10	1.456683874130249	2026-08-17_19-13-10	1.6959950923919678	2026-08-17_19-13-10	False	2026-08-17_19-13-10	[0 0 0 0 0 0 0 0 0 0 0 0 0 1 0 0 0 0 1 0 0 0 0 0 0 1 0 0 0 0]	2026-08-17_19-13-10	[0 0 0 0 0 0 0 1 0 0 0 0 0 0 0 0 0 0 0 0 1 1 0 0 1 0 0 0 0 0]	2026-08-17_19-13-10	[0 0 0 1 0 0]	2026-08-17_19-13-10	[1 1 1 1 0 0]	2026-08-17_19-13-10	[12]	2026-08-17_19-13-10	[0 0 0 0 0 0 0 0 0 0 0 0 0 1 0 0 0 0 0 0 0 0 0 0 0 1 0 0 0 0]	2026-08-17_19-13-10	[0 0 0 0 0 0 0 1 0 0 0 0 0 0 0 0 0 0 0 0 1 0 0 0 1 0 0 0 0 0]	2026-08-17_19-13-10	[0 0 0 0 0 0]	2026-08-17_19-13-10	[0 1 1 1 0 0]	2026-08-17_19-13-10	[20]	2026-08-17_19-13-10
6	2026-08-17_19-13-10	0.34556958079338074	2026-08-17_19-13-10	8.724594116210938	2026-08-17_19-13-10	2.8153297901153564	2026-08-17_19-13-10	2.8996033668518066	2026-08-17_19-13-10	1.326006293296814	2026-08-17_19-13-10	1.6836540699005127	2026-08-17_19-13-10	False	2026-08-17_19-13-10	[0 0 0 0 0 0 0 0 0 0 0 0 0 1 0 0 0 0 0 0 0 0 0 0 0 1 0 0 0 0]	2026-08-17_19-13-10	[0 0 0 0 0 0 0 1 0 0 0 0 0 0 0 0 0 0 0 0 1 0 0 0 1 0 0 0 0 0]	2026-08-17_19-13-10	[0 0 0 0 0 0]	2026-08-17_19-13-10	[0 1 1 1 0 0]	2026-08-17_19-13-10	[20]	2026-08-17_19-13-10	[0 0 0 0 0 0 0 0 0 0 0 0 0 1 0 0 0 0 1 0 0 0 0 0 0 1 0 0 0 0]	2026-08-17_19-13-10	[0 0 0 0 0 0 0 1 0 0 0 0 0 0 0 0 0 0 0 0 1 1 0 0 1 0 0 0 0 0]	2026-08-17_19-13-10	[0 0 0 1 0 0]	2026-08-17_19-13-10	[1 1 1 1 0 0]	2026-08-17_19-13-10	[12]	2026-08-17_19-13-10
6	2026-08-17_19-13-10	0.45466047525405884	2026-08-17_19-13-10	9.078082084655762	2026-08-17_19-13-10	2.9225103855133057	2026-08-17_19-13-10	3.003190755844116	2026-08-17_19-13-10	1.4564119577407837	2026-08-17_19-13-10	1.6959693431854248	2026-08-17_19-13-10	False	2026-08-17_19-13-10	[0 0 0 0 0 0 0 0 0 0 0 0 0 1 0 0 0 0 1 0 0 0 0 0 0 1 0 0 0 0]	2026-08-17_19-13-10	[0 0 0 0 0 0 0 1 0 0 0 0 0 0 0 0 0 0 0 0 1 1 0 0 1 0 0 0 0 0]	2026-08-17_19-13-10	[0 0 0 1 0 0]	2026-08-17_19-13-10	[1 1 1 1 0 0]	2026-08-17_19-13-10	[12]	2026-08-17_19-13-10	[0 0 0 0 0 0 0 0 0 0 0 0 0 1 0 0 0 0 0 0 0 0 0 0 0 1 0 0 0 0]	2026-08-17_19-13-10	[0 0 0 0 0 0 0 1 0 0 0 0 0 0 0 0 0 0 0 0 1 0 0 0 1 0 0 0 0 0]	2026-08-17_19-13-10	[0 0 0 0 0 0]	2026-08-17_19-13-10	[0 1 1 1 0 0]	2026-08-17_19-13-10	[20]	2026-08-17_19-13-10
6	2026-08-17_19-13-10	0.33647868037223816	2026-08-17_19-13-10	8.726781845092773	2026-08-17_19-13-10	2.815783739089966	2026-08-17_19-13-10	2.8996245861053467	2026-08-17_19-13-10	1.3274798393249512	2026-08-17_19-13-10	1.6838932037353516	2026-08-17_19-13-10	False	2026-08-17_19-13-10	[0 0 0 0 0 0 0 0 0 0 0 0 0 1 0 0 0 0 0 0 0 0 0 0 0 1 0 0 0 0]	2026-08-17_19-13-10	[0 0 0 0 0 0 0 1 0 0 0 0 0 0 0 0 0 0 0 0 1 0 0 0 1 0 0 0 0 0]	2026-08-17_19-13-10	[0 0 0 0 0 0]	2026-08-17_19-13-10	[0 1 1 1 0 0]	2026-08-17_19-13-10	[20]	2026-08-17_19-13-10	[0 0 0 0 0 0 0 0 0 0 0 0 0 1 0 0 0 0 1 0 0 0 0 0 0 1 0 0 0 0]	2026-08-17_19-13-10	[0 0 0 0 0 0 0 1 0 0 0 0 0 0 0 0 0 0 0 0 1 1 0 0 1 0 0 0 0 0]	2026-08-17_19-13-10	[0 0 0 1 0 0]	2026-08-17_19-13-10	[1 1 1 1 0 0]	2026-08-17_19-13-10	[12]	2026-08-17_19-13-10
6	2026-08-17_19-13-10	0.4910241365432739	2026-08-17_19-13-10	9.06673812866211	2026-08-17_19-13-10	2.914944648742676	2026-08-17_19-13-10	3.0008764266967773	2026-08-17_19-13-10	1.4535229206085205	2026-08-17_19-13-10	1.6973943710327148	2026-08-17_19-13-10	False	2026-08-17_19-13-10	[0 0 0 0 0 0 0 0 0 0 0 0 0 1 0 0 0 0 1 0 0 0 0 0 0 1 0 0 0 0]	2026-08-17_19-13-10	[0 0 0 0 0 0 0 1 0 0 0 0 0 0 0 0 0 0 0 0 1 1 0 0 1 0 0 0 0 0]	2026-08-17_19-13-10	[0 0 0 1 0 0]	2026-08-17_19-13-10	[1 1 1 1 0 0]	2026-08-17_19-13-10	[12]	2026-08-17_19-13-10	[0 0 0 0 0 0 0 0 0 0 0 0 0 1 0 0 0 0 0 0 0 0 0 0 0 1 0 0 0 0]	2026-08-17_19-13-10	[0 0 0 0 0 0 0 1 0 0 0 0 0 0 0 0 0 0 0 0 1 0 0 0 1 0 0 0 0 0]	2026-08-17_19-13-10	[0 0 0 0 0 0]	2026-08-17_19-13-10	[0 1 1 1 0 0]	2026-08-17_19-13-10	[20]	2026-08-17_19-13-10
6	2026-08-17_19-13-10	0.3637514114379883	2026-08-17_19-13-10	8.71308708190918	2026-08-17_19-13-10	2.8098292350769043	2026-08-17_19-13-10	2.896756887435913	2026-08-17_19-13-10	1.3220751285552979	2026-08-17_19-13-10	1.6844265460968018	2026-08-17_19-13-10	False	2026-08-17_19-13-10	[0 0 0 0 0 0 0 0 0 0 0 0 0 1 0 0 0 0 0 0 0 0 0 0 0 1 0 0 0 0]	2026-08-17_19-13-10	[0 0 0 0 0 0 0 1 0 0 0 0 0 0 0 0 0 0 0 0 1 0 0 0 1 0 0 0 0 0]	2026-08-17_19-13-10	[0 0 0 0 0 0]	2026-08-17_19-13-10	[0 1 1 1 0 0]	2026-08-17_19-13-10	[20]	2026-08-17_19-13-10	[0 0 0 0 0 0 0 0 0 0 0 0 0 1 0 0 0 0 1 0 0 0 0 0 0 1 0 0 0 0]	2026-08-17_19-13-10	[0 0 0 0 0 0 0 1 0 0 0 0 0 0 0 0 0 0 0 0 1 1 0 0 1 0 0 0 0 0]	2026-08-17_19-13-10	[0 0 0 1 0 0]	2026-08-17_19-13-10	[1 1 1 1 0 0]	2026-08-17_19-13-10	[12]	2026-08-17_19-13-10
6	2026-08-17_19-13-10	0.4699675142765045	2026-08-17_19-13-10	9.057424545288086	2026-08-17_19-13-10	2.9100091457366943	2026-08-17_19-13-10	2.998307704925537	2026-08-17_19-13-10	1.450924277305603	2026-08-17_19-13-10	1.6981836557388306	2026-08-17_19-13-10	False	2026-08-17_19-13-10	[0 0 0 0 0 0 0 0 0 0 0 0 0 1 0 0 0 0 1 0 0 0 0 0 0 1 0 0 0 0]	2026-08-17_19-13-10	[0 0 0 0 0 0 0 1 0 0 0 0 0 0 0 0 0 0 0 0 1 1 0 0 1 0 0 0 0 0]	2026-08-17_19-13-10	[0 0 0 1 0 0]	2026-08-17_19-13-10	[1 1 1 1 0 0]	2026-08-17_19-13-10	[12]	2026-08-17_19-13-10	[0 0 0 0 0 0 0 0 0 0 0 0 0 1 0 0 0 0 0 0 0 0 0 0 0 1 0 0 0 0]	2026-08-17_19-13-10	[0 0 0 0 0 0 0 1 0 0 0 0 0 0 0 0 0 0 0 0 1 0 0 0 1 0 0 0 0 0]	2026-08-17_19-13-10	[0 0 0 0 0 0]	2026-08-17_19-13-10	[0 1 1 1 0 0]	2026-08-17_19-13-10	[20]	2026-08-17_19-13-10
6	2026-08-17_19-13-10	0.3546604812145233	2026-08-17_19-13-10	8.70919418334961	2026-08-17_19-13-10	2.804347515106201	2026-08-17_19-13-10	2.8960461616516113	2026-08-17_19-13-10	1.3237717151641846	2026-08-17_19-13-10	1.68502938747406	2026-08-17_19-13-10	False	2026-08-17_19-13-10	[0 0 0 0 0 0 0 0 0 0 0 0 0 1 0 0 0 0 0 0 0 0 0 0 0 1 0 0 0 0]	2026-08-17_19-13-10	[0 0 0 0 0 0 0 1 0 0 0 0 0 0 0 0 0 0 0 0 1 0 0 0 1 0 0 0 0 0]	2026-08-17_19-13-10	[0 0 0 0 0 0]	2026-08-17_19-13-10	[0 1 1 1 0 0]	2026-08-17_19-13-10	[20]	2026-08-17_19-13-10	[0 0 0 0 0 0 0 0 0 0 0 0 0 1 0 0 0 0 1 0 0 0 0 0 0 1 0 0 0 0]	2026-08-17_19-13-10	[0 0 0 0 0 0 0 1 0 0 0 0 0 0 0 0 0 0 0 0 1 1 0 0 1 0 0 0 0 0]	2026-08-17_19-13-10	[0 0 0 1 0 0]	2026-08-17_19-13-10	[1 1 1 1 0 0]	2026-08-17_19-13-10	[12]	2026-08-17_19-13-10
6	2026-08-17_19-13-10	0.48193320631980896	2026-08-17_19-13-10	9.06331729888916	2026-08-17_19-13-10	2.913874387741089	2026-08-17_19-13-10	3.000377893447876	2026-08-17_19-13-10	1.4513671398162842	2026-08-17_19-13-10	1.697697639465332	2026-08-17_19-13-10	False	2026-08-17_19-13-10	[0 0 0 0 0 0 0 0 0 0 0 0 0 1 0 0 0 0 1 0 0 0 0 0 0 1 0 0 0 0]	2026-08-17_19-13-10	[0 0 0 0 0 0 0 1 0 0 0 0 0 0 0 0 0 0 0 0 1 1 0 0 1 0 0 0 0 0]	2026-08-17_19-13-10	[0 0 0 1 0 0]	2026-08-17_19-13-10	[1 1 1 1 0 0]	2026-08-17_19-13-10	[12]	2026-08-17_19-13-10	[0 0 0 0 0 0 0 0 0 0 0 0 0 1 0 0 0 0 0 0 0 0 0 0 0 1 0 0 0 0]	2026-08-17_19-13-10	[0 0 0 0 0 0 0 1 0 0 0 0 0 0 0 0 0 0 0 0 1 0 0 0 1 0 0 0 0 0]	2026-08-17_19-13-10	[0 0 0 0 0 0]	2026-08-17_19-13-10	[0 1 1 1 0 0]	2026-08-17_19-13-10	[20]	2026-08-17_19-13-10
6	2026-08-17_19-13-10	0.3637514114379883	2026-08-17_19-13-10	8.746755599975586	2026-08-17_19-13-10	2.828463554382324	2026-08-17_19-13-10	2.905283212661743	2026-08-17_19-13-10	1.331581711769104	2026-08-17_19-13-10	1.681427001953125	2026-08-17_19-13-10	False	2026-08-17_19-13-10	[0 0 0 0 0 0 0 0 0 0 0 0 0 1 0 0 0 0 0 0 0 0 0 0 0 1 0 0 0 0]	2026-08-17_19-13-10	[0 0 0 0 0 0 0 1 0 0 0 0 0 0 0 0 0 0 0 0 1 0 0 0 1 0 0 0 0 0]	2026-08-17_19-13-10	[0 0 0 0 0 0]	2026-08-17_19-13-10	[0 1 1 1 0 0]	2026-08-17_19-13-10	[20]	2026-08-17_19-13-10	[0 0 0 0 0 0 0 0 0 0 0 0 0 1 0 0 0 0 1 0 0 0 0 0 0 1 0 0 0 0]	2026-08-17_19-13-10	[0 0 0 0 0 0 0 1 0 0 0 0 0 0 0 0 0 0 0 0 1 1 0 0 1 0 0 0 0 0]	2026-08-17_19-13-10	[0 0 0 1 0 0]	2026-08-17_19-13-10	[1 1 1 1 0 0]	2026-08-17_19-13-10	[12]	2026-08-17_19-13-10
6	2026-08-17_19-13-10	0.5273877382278442	2026-08-17_19-13-10	9.07159423828125	2026-08-17_19-13-10	2.917940378189087	2026-08-17_19-13-10	3.0014209747314453	2026-08-17_19-13-10	1.4553265571594238	2026-08-17_19-13-10	1.696906328201294	2026-08-17_19-13-10	False	2026-08-17_19-13-10	[0 0 0 0 0 0 0 0 0 0 0 0 0 1 0 0 0 0 1 0 0 0 0 0 0 1 0 0 0 0]	2026-08-17_19-13-10	[0 0 0 0 0 0 0 1 0 0 0 0 0 0 0 0 0 0 0 0 1 1 0 0 1 0 0 0 0 0]	2026-08-17_19-13-10	[0 0 0 1 0 0]	2026-08-17_19-13-10	[1 1 1 1 0 0]	2026-08-17_19-13-10	[12]	2026-08-17_19-13-10	[0 0 0 0 0 0 0 0 0 0 0 0 0 1 0 0 0 0 0 0 0 0 0 0 0 1 0 0 0 0]	2026-08-17_19-13-10	[0 0 0 0 0 0 0 1 0 0 0 0 0 0 0 0 0 0 0 0 1 0 0 0 1 0 0 0 0 0]	2026-08-17_19-13-10	[0 0 0 0 0 0]	2026-08-17_19-13-10	[0 1 1 1 0 0]	2026-08-17_19-13-10	[20]	2026-08-17_19-13-10
6	2026-08-17_19-13-10	0.30011501908302307	2026-08-17_19-13-10	8.750965118408203	2026-08-17_19-13-10	2.832141876220703	2026-08-17_19-13-10	2.9057319164276123	2026-08-17_19-13-10	1.3318216800689697	2026-08-17_19-13-10	1.6812697649002075	2026-08-17_19-13-10	False	2026-08-17_19-13-10	[0 0 0 0 0 0 0 0 0 0 0 0 0 1 0 0 0 0 0 0 0 0 0 0 0 1 0 0 0 0]	2026-08-17_19-13-10	[0 0 0 0 0 0 0 1 0 0 0 0 0 0 0 0 0 0 0 0 1 0 0 0 1 0 0 0 0 0]	2026-08-17_19-13-10	[0 0 0 0 0 0]	2026-08-17_19-13-10	[0 1 1 1 0 0]	2026-08-17_19-13-10	[20]	2026-08-17_19-13-10	[0 0 0 0 0 0 0 0 0 0 0 0 0 1 0 0 0 0 1 0 0 0 0 0 0 1 0 0 0 0]	2026-08-17_19-13-10	[0 0 0 0 0 0 0 1 0 0 0 0 0 0 0 0 0 0 0 0 1 1 0 0 1 0 0 0 0 0]	2026-08-17_19-13-10	[0 0 0 1 0 0]	2026-08-17_19-13-10	[1 1 1 1 0 0]	2026-08-17_19-13-10	[12]	2026-08-17_19-13-10
6	2026-08-17_19-13-10	0.5273877382278442	2026-08-17_19-13-10	9.069886207580566	2026-08-17_19-13-10	2.9183876514434814	2026-08-17_19-13-10	3.002150774002075	2026-08-17_19-13-10	1.4525469541549683	2026-08-17_19-13-10	1.6968008279800415	2026-08-17_19-13-10	False	2026-08-17_19-13-10	[0 0 0 0 0 0 0 0 0 0 0 0 0 1 0 0 0 0 1 0 0 0 0 0 0 1 0 0 0 0]	2026-08-17_19-13-10	[0 0 0 0 0 0 0 1 0 0 0 0 0 0 0 0 0 0 0 0 1 1 0 0 1 0 0 0 0 0]	2026-08-17_19-13-10	[0 0 0 1 0 0]	2026-08-17_19-13-10	[1 1 1 1 0 0]	2026-08-17_19-13-10	[12]	2026-08-17_19-13-10	[0 0 0 0 0 0 0 0 0 0 0 0 0 1 0 0 0 0 0 0 0 0 0 0 0 1 0 0 0 0]	2026-08-17_19-13-10	[0 0 0 0 0 0 0 1 0 0 0 0 0 0 0 0 0 0 0 0 1 0 0 0 1 0 0 0 0 0]	2026-08-17_19-13-10	[0 0 0 0 0 0]	2026-08-17_19-13-10	[0 1 1 1 0 0]	2026-08-17_19-13-10	[20]	2026-08-17_19-13-10
6	2026-08-17_19-13-10	0.3273877501487732	2026-08-17_19-13-10	8.737385749816895	2026-08-17_19-13-10	2.824507236480713	2026-08-17_19-13-10	2.902073383331299	2026-08-17_19-13-10	1.3285801410675049	2026-08-17_19-13-10	1.6822251081466675	2026-08-17_19-13-10	False	2026-08-17_19-13-10	[0 0 0 0 0 0 0 0 0 0 0 0 0 1 0 0 0 0 0 0 0 0 0 0 0 1 0 0 0 0]	2026-08-17_19-13-10	[0 0 0 0 0 0 0 1 0 0 0 0 0 0 0 0 0 0 0 0 1 0 0 0 1 0 0 0 0 0]	2026-08-17_19-13-10	[0 0 0 0 0 0]	2026-08-17_19-13-10	[0 1 1 1 0 0]	2026-08-17_19-13-10	[20]	2026-08-17_19-13-10	[0 0 0 0 0 0 0 0 0 0 0 0 0 1 0 0 0 0 1 0 0 0 0 0 0 1 0 0 0 0]	2026-08-17_19-13-10	[0 0 0 0 0 0 0 1 0 0 0 0 0 0 0 0 0 0 0 0 1 1 0 0 1 0 0 0 0 0]	2026-08-17_19-13-10	[0 0 0 1 0 0]	2026-08-17_19-13-10	[1 1 1 1 0 0]	2026-08-17_19-13-10	[12]	2026-08-17_19-13-10
6	2026-08-17_19-13-10	0.5154220461845398	2026-08-17_19-13-10	9.071104049682617	2026-08-17_19-13-10	2.916978120803833	2026-08-17_19-13-10	3.001948833465576	2026-08-17_19-13-10	1.454698085784912	2026-08-17_19-13-10	1.697479248046875	2026-08-17_19-13-10	False	2026-08-17_19-13-10	[0 0 0 0 0 0 0 0 0 0 0 0 0 1 0 0 0 0 1 0 0 0 0 0 0 1 0 0 0 0]	2026-08-17_19-13-10	[0 0 0 0 0 0 0 1 0 0 0 0 0 0 0 0 0 0 0 0 1 1 0 0 1 0 0 0 0 0]	2026-08-17_19-13-10	[0 0 0 1 0 0]	2026-08-17_19-13-10	[1 1 1 1 0 0]	2026-08-17_19-13-10	[12]	2026-08-17_19-13-10	[0 0 0 0 0 0 0 0 0 0 0 0 0 1 0 0 0 0 0 0 0 0 0 0 0 1 0 0 0 0]	2026-08-17_19-13-10	[0 0 0 0 0 0 0 1 0 0 0 0 0 0 0 0 0 0 0 0 1 0 0 0 1 0 0 0 0 0]	2026-08-17_19-13-10	[0 0 0 0 0 0]	2026-08-17_19-13-10	[0 1 1 1 0 0]	2026-08-17_19-13-10	[20]	2026-08-17_19-13-10
