# num_workers = 2
# num_cells = 256
# seed_for_environment = 935826
# lr = 0.0003
# max_grad_norm = 1.0
# eval_rollout_length = 73
# scaling_factor = 100
# frames_per_batch = 500
# sub_batch_size = 64
# num_epochs = 15
# clip_epsilon = 0.2
# gamma = 0.99
# lmbda = 0.95
# entropy_eps = 0.03
# env_reward_engineering = True
# env_minimum_number_of_qubits = 20
# log_name = experiment_5_73_seed_935826_unfreeze_300_g5_mix_66-96-126-153_H7_s466555
# env_error_range = geometric5
# env_version = qecc/bbcode-ldpc-v0
# env_bit_flipping = True
# env_l = 5
# env_m = 73
# env_use_dict_observation = True
# env_number_of_decoder_iterations = 50
# env_number_of_samples = 50
# env_code_logging = False
# env_reset_type = random3
# env_max_step = 73
# env_max_decoding_usage = 1073741824
# model_architecture = hybrid
# model_surrogate_model_path = /vol/bitbucket/osella/rl-qecc-data/supervisedLearning/sweep2/g5_mix_66-96-126-153_H7_s466555.pth
# model_use_pretrained_encoder = True
# index_to_unfreeze_encoder_updates = 300
# encoder_lr_factor = 0.1
# training_device = cpu
# Resolved arguments:
# Resolved_env_reward_engineering = True
# Resolved_env_bit_flipping = True
# Resolved_env_useDictObservation = True
# Resolved_env_code_logging = False
# Resolved_env_max_step = 73
# Resolved_env_max_decoding_usage = 1073741824
# Resolved_env_reset_type = random3
# Resolved_env_error_range = [np.float64(0.001), np.float64(0.003162), np.float64(0.01), np.float64(0.031623), np.float64(0.1)]
# Resolved_model_use_pretrained_encoder = True
# Resolved_trainingDevice = cpu
# Resolved_model_architecture = hybrid
# Number of workers: 2
# Does torch identify cuda: False
evaluation number	time	reward	time	policy entropy	time	policy entropy aX	time	policy entropy bX	time	policy entropy aY	time	policy entropy bY	time	Encoder freeze	time	preAction_aX	time	preAction_bX	time	preAction_aY	time	preAction_bY	time	preAction_k	time	postAction_aX	time	postAction_bX	time	postAction_aY	time	postAction_bY	time	postAction_k	time
0	2026-08-15_15-25-15	-0.8999999761581421	2026-08-15_15-25-15	12.107648849487305	2026-08-15_15-25-15	1.789840579032898	2026-08-15_15-25-15	1.7816927433013916	2026-08-15_15-25-15	4.265847206115723	2026-08-15_15-25-15	4.27026891708374	2026-08-15_15-25-15	True	2026-08-15_15-25-15	[1 0 1 0 0]	2026-08-15_15-25-15	[0 0 0 0 0]	2026-08-15_15-25-15	[0 0 0 0 0 0 0 1 0 0 0 0 0 0 0 0 0 0 0 0 0 0 0 0 0 0 0 0 0 0 0 0 0 0 0 0 0 0 0 0 0 0 0 0 0 0 0 1 0 0 0 0 0 0 0 0 0 0 0 0 0 0 0 0 0 0 0 0 0 0 0 0 0]	2026-08-15_15-25-15	[0 0 0 0 0 0 0 0 1 0 0 0 0 0 0 0 0 0 0 0 0 0 0 0 0 0 0 0 0 0 0 0 0 0 0 0 0 0 1 0 0 0 0 0 0 0 0 0 0 0 0 0 0 0 0 0 0 0 0 0 0 0 0 0 0 0 0 0 0 0 0 0 0]	2026-08-15_15-25-15	[2]	2026-08-15_15-25-15	[1 0 1 1 0]	2026-08-15_15-25-15	[0 1 0 0 0]	2026-08-15_15-25-15	[0 0 0 0 0 0 0 1 0 0 0 0 0 0 0 0 0 0 0 0 0 0 0 0 0 0 0 1 0 0 0 0 0 0 0 0 0 0 0 0 0 0 0 0 0 0 0 1 0 0 0 0 0 0 0 0 0 0 0 0 0 0 0 0 0 0 0 0 0 0 0 0 0]	2026-08-15_15-25-15	[0 0 0 0 0 0 0 0 1 0 0 0 0 0 0 0 0 0 0 0 0 0 0 0 0 0 0 0 0 0 0 0 0 0 0 0 0 0 1 0 0 0 0 0 0 0 0 0 0 0 0 0 0 0 1 0 0 0 0 0 0 0 0 0 0 0 0 0 0 0 0 0 0]	2026-08-15_15-25-15	[2]	2026-08-15_15-25-15
0	2026-08-15_15-25-15	-0.8999999761581421	2026-08-15_15-25-15	12.105716705322266	2026-08-15_15-25-15	1.7884902954101562	2026-08-15_15-25-15	1.7793307304382324	2026-08-15_15-25-15	4.267886161804199	2026-08-15_15-25-15	4.2700090408325195	2026-08-15_15-25-15	True	2026-08-15_15-25-15	[1 0 1 1 0]	2026-08-15_15-25-15	[0 1 0 0 0]	2026-08-15_15-25-15	[0 0 0 0 0 0 0 1 0 0 0 0 0 0 0 0 0 0 0 0 0 0 0 0 0 0 0 1 0 0 0 0 0 0 0 0 0 0 0 0 0 0 0 0 0 0 0 1 0 0 0 0 0 0 0 0 0 0 0 0 0 0 0 0 0 0 0 0 0 0 0 0 0]	2026-08-15_15-25-15	[0 0 0 0 0 0 0 0 1 0 0 0 0 0 0 0 0 0 0 0 0 0 0 0 0 0 0 0 0 0 0 0 0 0 0 0 0 0 1 0 0 0 0 0 0 0 0 0 0 0 0 0 0 0 1 0 0 0 0 0 0 0 0 0 0 0 0 0 0 0 0 0 0]	2026-08-15_15-25-15	[2]	2026-08-15_15-25-15	[1 0 1 0 0]	2026-08-15_15-25-15	[0 0 0 0 0]	2026-08-15_15-25-15	[0 0 0 0 0 0 0 1 0 0 0 0 0 0 0 0 0 0 0 0 0 0 0 0 0 0 0 0 0 0 0 0 0 0 0 0 0 0 0 0 0 0 0 0 0 0 0 1 0 0 0 0 0 0 0 0 0 0 0 0 0 0 0 0 0 0 0 0 0 0 0 0 0]	2026-08-15_15-25-15	[0 0 0 0 0 0 0 0 1 0 0 0 0 0 0 0 0 0 0 0 0 0 0 0 0 0 0 0 0 0 0 0 0 0 0 0 0 0 1 0 0 0 0 0 0 0 0 0 0 0 0 0 0 0 0 0 0 0 0 0 0 0 0 0 0 0 0 0 0 0 0 0 0]	2026-08-15_15-25-15	[2]	2026-08-15_15-25-15
0	2026-08-15_15-25-15	-0.8999999761581421	2026-08-15_15-25-15	12.110411643981934	2026-08-15_15-25-15	1.789180040359497	2026-08-15_15-25-15	1.7818348407745361	2026-08-15_15-25-15	4.2681097984313965	2026-08-15_15-25-15	4.271286964416504	2026-08-15_15-25-15	True	2026-08-15_15-25-15	[1 0 1 0 0]	2026-08-15_15-25-15	[0 0 0 0 0]	2026-08-15_15-25-15	[0 0 0 0 0 0 0 1 0 0 0 0 0 0 0 0 0 0 0 0 0 0 0 0 0 0 0 0 0 0 0 0 0 0 0 0 0 0 0 0 0 0 0 0 0 0 0 1 0 0 0 0 0 0 0 0 0 0 0 0 0 0 0 0 0 0 0 0 0 0 0 0 0]	2026-08-15_15-25-15	[0 0 0 0 0 0 0 0 1 0 0 0 0 0 0 0 0 0 0 0 0 0 0 0 0 0 0 0 0 0 0 0 0 0 0 0 0 0 1 0 0 0 0 0 0 0 0 0 0 0 0 0 0 0 0 0 0 0 0 0 0 0 0 0 0 0 0 0 0 0 0 0 0]	2026-08-15_15-25-15	[2]	2026-08-15_15-25-15	[1 0 1 1 0]	2026-08-15_15-25-15	[0 1 0 0 0]	2026-08-15_15-25-15	[0 0 0 0 0 0 0 1 0 0 0 0 0 0 0 0 0 0 0 0 0 0 0 0 0 0 0 1 0 0 0 0 0 0 0 0 0 0 0 0 0 0 0 0 0 0 0 1 0 0 0 0 0 0 0 0 0 0 0 0 0 0 0 0 0 0 0 0 0 0 0 0 0]	2026-08-15_15-25-15	[0 0 0 0 0 0 0 0 1 0 0 0 0 0 0 0 0 0 0 0 0 0 0 0 0 0 0 0 0 0 0 0 0 0 0 0 0 0 1 0 0 0 0 0 0 0 0 0 0 0 0 0 0 0 1 0 0 0 0 0 0 0 0 0 0 0 0 0 0 0 0 0 0]	2026-08-15_15-25-15	[2]	2026-08-15_15-25-15
0	2026-08-15_15-25-15	-0.8999999761581421	2026-08-15_15-25-15	12.107748985290527	2026-08-15_15-25-15	1.78852117061615	2026-08-15_15-25-15	1.7798632383346558	2026-08-15_15-25-15	4.26876163482666	2026-08-15_15-25-15	4.270603179931641	2026-08-15_15-25-15	True	2026-08-15_15-25-15	[1 0 1 1 0]	2026-08-15_15-25-15	[0 1 0 0 0]	2026-08-15_15-25-15	[0 0 0 0 0 0 0 1 0 0 0 0 0 0 0 0 0 0 0 0 0 0 0 0 0 0 0 1 0 0 0 0 0 0 0 0 0 0 0 0 0 0 0 0 0 0 0 1 0 0 0 0 0 0 0 0 0 0 0 0 0 0 0 0 0 0 0 0 0 0 0 0 0]	2026-08-15_15-25-15	[0 0 0 0 0 0 0 0 1 0 0 0 0 0 0 0 0 0 0 0 0 0 0 0 0 0 0 0 0 0 0 0 0 0 0 0 0 0 1 0 0 0 0 0 0 0 0 0 0 0 0 0 0 0 1 0 0 0 0 0 0 0 0 0 0 0 0 0 0 0 0 0 0]	2026-08-15_15-25-15	[2]	2026-08-15_15-25-15	[1 0 1 0 0]	2026-08-15_15-25-15	[0 0 0 0 0]	2026-08-15_15-25-15	[0 0 0 0 0 0 0 1 0 0 0 0 0 0 0 0 0 0 0 0 0 0 0 0 0 0 0 0 0 0 0 0 0 0 0 0 0 0 0 0 0 0 0 0 0 0 0 1 0 0 0 0 0 0 0 0 0 0 0 0 0 0 0 0 0 0 0 0 0 0 0 0 0]	2026-08-15_15-25-15	[0 0 0 0 0 0 0 0 1 0 0 0 0 0 0 0 0 0 0 0 0 0 0 0 0 0 0 0 0 0 0 0 0 0 0 0 0 0 1 0 0 0 0 0 0 0 0 0 0 0 0 0 0 0 0 0 0 0 0 0 0 0 0 0 0 0 0 0 0 0 0 0 0]	2026-08-15_15-25-15	[2]	2026-08-15_15-25-15
0	2026-08-15_15-25-15	-0.8999999761581421	2026-08-15_15-25-15	12.110115051269531	2026-08-15_15-25-15	1.7891970872879028	2026-08-15_15-25-15	1.7808653116226196	2026-08-15_15-25-15	4.2693562507629395	2026-08-15_15-25-15	4.27069616317749	2026-08-15_15-25-15	True	2026-08-15_15-25-15	[1 0 1 0 0]	2026-08-15_15-25-15	[0 0 0 0 0]	2026-08-15_15-25-15	[0 0 0 0 0 0 0 1 0 0 0 0 0 0 0 0 0 0 0 0 0 0 0 0 0 0 0 0 0 0 0 0 0 0 0 0 0 0 0 0 0 0 0 0 0 0 0 1 0 0 0 0 0 0 0 0 0 0 0 0 0 0 0 0 0 0 0 0 0 0 0 0 0]	2026-08-15_15-25-15	[0 0 0 0 0 0 0 0 1 0 0 0 0 0 0 0 0 0 0 0 0 0 0 0 0 0 0 0 0 0 0 0 0 0 0 0 0 0 1 0 0 0 0 0 0 0 0 0 0 0 0 0 0 0 0 0 0 0 0 0 0 0 0 0 0 0 0 0 0 0 0 0 0]	2026-08-15_15-25-15	[2]	2026-08-15_15-25-15	[1 0 1 1 0]	2026-08-15_15-25-15	[0 1 0 0 0]	2026-08-15_15-25-15	[0 0 0 0 0 0 0 1 0 0 0 0 0 0 0 0 0 0 0 0 0 0 0 0 0 0 0 1 0 0 0 0 0 0 0 0 0 0 0 0 0 0 0 0 0 0 0 1 0 0 0 0 0 0 0 0 0 0 0 0 0 0 0 0 0 0 0 0 0 0 0 0 0]	2026-08-15_15-25-15	[0 0 0 0 0 0 0 0 1 0 0 0 0 0 0 0 0 0 0 0 0 0 0 0 0 0 0 0 0 0 0 0 0 0 0 0 0 0 1 0 0 0 0 0 0 0 0 0 0 0 0 0 0 0 1 0 0 0 0 0 0 0 0 0 0 0 0 0 0 0 0 0 0]	2026-08-15_15-25-15	[2]	2026-08-15_15-25-15
0	2026-08-15_15-25-15	-0.8999999761581421	2026-08-15_15-25-15	12.105961799621582	2026-08-15_15-25-15	1.7883917093276978	2026-08-15_15-25-15	1.7806801795959473	2026-08-15_15-25-15	4.266512393951416	2026-08-15_15-25-15	4.2703776359558105	2026-08-15_15-25-15	True	2026-08-15_15-25-15	[1 0 1 1 0]	2026-08-15_15-25-15	[0 1 0 0 0]	2026-08-15_15-25-15	[0 0 0 0 0 0 0 1 0 0 0 0 0 0 0 0 0 0 0 0 0 0 0 0 0 0 0 1 0 0 0 0 0 0 0 0 0 0 0 0 0 0 0 0 0 0 0 1 0 0 0 0 0 0 0 0 0 0 0 0 0 0 0 0 0 0 0 0 0 0 0 0 0]	2026-08-15_15-25-15	[0 0 0 0 0 0 0 0 1 0 0 0 0 0 0 0 0 0 0 0 0 0 0 0 0 0 0 0 0 0 0 0 0 0 0 0 0 0 1 0 0 0 0 0 0 0 0 0 0 0 0 0 0 0 1 0 0 0 0 0 0 0 0 0 0 0 0 0 0 0 0 0 0]	2026-08-15_15-25-15	[2]	2026-08-15_15-25-15	[1 0 1 0 0]	2026-08-15_15-25-15	[0 0 0 0 0]	2026-08-15_15-25-15	[0 0 0 0 0 0 0 1 0 0 0 0 0 0 0 0 0 0 0 0 0 0 0 0 0 0 0 0 0 0 0 0 0 0 0 0 0 0 0 0 0 0 0 0 0 0 0 1 0 0 0 0 0 0 0 0 0 0 0 0 0 0 0 0 0 0 0 0 0 0 0 0 0]	2026-08-15_15-25-15	[0 0 0 0 0 0 0 0 1 0 0 0 0 0 0 0 0 0 0 0 0 0 0 0 0 0 0 0 0 0 0 0 0 0 0 0 0 0 1 0 0 0 0 0 0 0 0 0 0 0 0 0 0 0 0 0 0 0 0 0 0 0 0 0 0 0 0 0 0 0 0 0 0]	2026-08-15_15-25-15	[2]	2026-08-15_15-25-15
0	2026-08-15_15-25-15	-0.8999999761581421	2026-08-15_15-25-15	12.109518051147461	2026-08-15_15-25-15	1.7897273302078247	2026-08-15_15-25-15	1.781890869140625	2026-08-15_15-25-15	4.267129421234131	2026-08-15_15-25-15	4.270771026611328	2026-08-15_15-25-15	True	2026-08-15_15-25-15	[1 0 1 0 0]	2026-08-15_15-25-15	[0 0 0 0 0]	2026-08-15_15-25-15	[0 0 0 0 0 0 0 1 0 0 0 0 0 0 0 0 0 0 0 0 0 0 0 0 0 0 0 0 0 0 0 0 0 0 0 0 0 0 0 0 0 0 0 0 0 0 0 1 0 0 0 0 0 0 0 0 0 0 0 0 0 0 0 0 0 0 0 0 0 0 0 0 0]	2026-08-15_15-25-15	[0 0 0 0 0 0 0 0 1 0 0 0 0 0 0 0 0 0 0 0 0 0 0 0 0 0 0 0 0 0 0 0 0 0 0 0 0 0 1 0 0 0 0 0 0 0 0 0 0 0 0 0 0 0 0 0 0 0 0 0 0 0 0 0 0 0 0 0 0 0 0 0 0]	2026-08-15_15-25-15	[2]	2026-08-15_15-25-15	[1 0 1 1 0]	2026-08-15_15-25-15	[0 1 0 0 0]	2026-08-15_15-25-15	[0 0 0 0 0 0 0 1 0 0 0 0 0 0 0 0 0 0 0 0 0 0 0 0 0 0 0 1 0 0 0 0 0 0 0 0 0 0 0 0 0 0 0 0 0 0 0 1 0 0 0 0 0 0 0 0 0 0 0 0 0 0 0 0 0 0 0 0 0 0 0 0 0]	2026-08-15_15-25-15	[0 0 0 0 0 0 0 0 1 0 0 0 0 0 0 0 0 0 0 0 0 0 0 0 0 0 0 0 0 0 0 0 0 0 0 0 0 0 1 0 0 0 0 0 0 0 0 0 0 0 0 0 0 0 1 0 0 0 0 0 0 0 0 0 0 0 0 0 0 0 0 0 0]	2026-08-15_15-25-15	[2]	2026-08-15_15-25-15
0	2026-08-15_15-25-15	-0.8999999761581421	2026-08-15_15-25-15	12.107318878173828	2026-08-15_15-25-15	1.789109706878662	2026-08-15_15-25-15	1.7820333242416382	2026-08-15_15-25-15	4.266119003295898	2026-08-15_15-25-15	4.27005672454834	2026-08-15_15-25-15	True	2026-08-15_15-25-15	[1 0 1 1 0]	2026-08-15_15-25-15	[0 1 0 0 0]	2026-08-15_15-25-15	[0 0 0 0 0 0 0 1 0 0 0 0 0 0 0 0 0 0 0 0 0 0 0 0 0 0 0 1 0 0 0 0 0 0 0 0 0 0 0 0 0 0 0 0 0 0 0 1 0 0 0 0 0 0 0 0 0 0 0 0 0 0 0 0 0 0 0 0 0 0 0 0 0]	2026-08-15_15-25-15	[0 0 0 0 0 0 0 0 1 0 0 0 0 0 0 0 0 0 0 0 0 0 0 0 0 0 0 0 0 0 0 0 0 0 0 0 0 0 1 0 0 0 0 0 0 0 0 0 0 0 0 0 0 0 1 0 0 0 0 0 0 0 0 0 0 0 0 0 0 0 0 0 0]	2026-08-15_15-25-15	[2]	2026-08-15_15-25-15	[1 0 1 0 0]	2026-08-15_15-25-15	[0 0 0 0 0]	2026-08-15_15-25-15	[0 0 0 0 0 0 0 1 0 0 0 0 0 0 0 0 0 0 0 0 0 0 0 0 0 0 0 0 0 0 0 0 0 0 0 0 0 0 0 0 0 0 0 0 0 0 0 1 0 0 0 0 0 0 0 0 0 0 0 0 0 0 0 0 0 0 0 0 0 0 0 0 0]	2026-08-15_15-25-15	[0 0 0 0 0 0 0 0 1 0 0 0 0 0 0 0 0 0 0 0 0 0 0 0 0 0 0 0 0 0 0 0 0 0 0 0 0 0 1 0 0 0 0 0 0 0 0 0 0 0 0 0 0 0 0 0 0 0 0 0 0 0 0 0 0 0 0 0 0 0 0 0 0]	2026-08-15_15-25-15	[2]	2026-08-15_15-25-15
0	2026-08-15_15-25-15	-0.8999999761581421	2026-08-15_15-25-15	12.113447189331055	2026-08-15_15-25-15	1.7891671657562256	2026-08-15_15-25-15	1.7822827100753784	2026-08-15_15-25-15	4.269495010375977	2026-08-15_15-25-15	4.2725019454956055	2026-08-15_15-25-15	True	2026-08-15_15-25-15	[1 0 1 0 0]	2026-08-15_15-25-15	[0 0 0 0 0]	2026-08-15_15-25-15	[0 0 0 0 0 0 0 1 0 0 0 0 0 0 0 0 0 0 0 0 0 0 0 0 0 0 0 0 0 0 0 0 0 0 0 0 0 0 0 0 0 0 0 0 0 0 0 1 0 0 0 0 0 0 0 0 0 0 0 0 0 0 0 0 0 0 0 0 0 0 0 0 0]	2026-08-15_15-25-15	[0 0 0 0 0 0 0 0 1 0 0 0 0 0 0 0 0 0 0 0 0 0 0 0 0 0 0 0 0 0 0 0 0 0 0 0 0 0 1 0 0 0 0 0 0 0 0 0 0 0 0 0 0 0 0 0 0 0 0 0 0 0 0 0 0 0 0 0 0 0 0 0 0]	2026-08-15_15-25-15	[2]	2026-08-15_15-25-15	[1 0 1 1 0]	2026-08-15_15-25-15	[0 1 0 0 0]	2026-08-15_15-25-15	[0 0 0 0 0 0 0 1 0 0 0 0 0 0 0 0 0 0 0 0 0 0 0 0 0 0 0 1 0 0 0 0 0 0 0 0 0 0 0 0 0 0 0 0 0 0 0 1 0 0 0 0 0 0 0 0 0 0 0 0 0 0 0 0 0 0 0 0 0 0 0 0 0]	2026-08-15_15-25-15	[0 0 0 0 0 0 0 0 1 0 0 0 0 0 0 0 0 0 0 0 0 0 0 0 0 0 0 0 0 0 0 0 0 0 0 0 0 0 1 0 0 0 0 0 0 0 0 0 0 0 0 0 0 0 1 0 0 0 0 0 0 0 0 0 0 0 0 0 0 0 0 0 0]	2026-08-15_15-25-15	[2]	2026-08-15_15-25-15
0	2026-08-15_15-25-15	-0.8999999761581421	2026-08-15_15-25-15	12.107184410095215	2026-08-15_15-25-15	1.787904977798462	2026-08-15_15-25-15	1.780410647392273	2026-08-15_15-25-15	4.267630100250244	2026-08-15_15-25-15	4.271238803863525	2026-08-15_15-25-15	True	2026-08-15_15-25-15	[1 0 1 1 0]	2026-08-15_15-25-15	[0 1 0 0 0]	2026-08-15_15-25-15	[0 0 0 0 0 0 0 1 0 0 0 0 0 0 0 0 0 0 0 0 0 0 0 0 0 0 0 1 0 0 0 0 0 0 0 0 0 0 0 0 0 0 0 0 0 0 0 1 0 0 0 0 0 0 0 0 0 0 0 0 0 0 0 0 0 0 0 0 0 0 0 0 0]	2026-08-15_15-25-15	[0 0 0 0 0 0 0 0 1 0 0 0 0 0 0 0 0 0 0 0 0 0 0 0 0 0 0 0 0 0 0 0 0 0 0 0 0 0 1 0 0 0 0 0 0 0 0 0 0 0 0 0 0 0 1 0 0 0 0 0 0 0 0 0 0 0 0 0 0 0 0 0 0]	2026-08-15_15-25-15	[2]	2026-08-15_15-25-15	[1 0 1 0 0]	2026-08-15_15-25-15	[0 0 0 0 0]	2026-08-15_15-25-15	[0 0 0 0 0 0 0 1 0 0 0 0 0 0 0 0 0 0 0 0 0 0 0 0 0 0 0 0 0 0 0 0 0 0 0 0 0 0 0 0 0 0 0 0 0 0 0 1 0 0 0 0 0 0 0 0 0 0 0 0 0 0 0 0 0 0 0 0 0 0 0 0 0]	2026-08-15_15-25-15	[0 0 0 0 0 0 0 0 1 0 0 0 0 0 0 0 0 0 0 0 0 0 0 0 0 0 0 0 0 0 0 0 0 0 0 0 0 0 1 0 0 0 0 0 0 0 0 0 0 0 0 0 0 0 0 0 0 0 0 0 0 0 0 0 0 0 0 0 0 0 0 0 0]	2026-08-15_15-25-15	[2]	2026-08-15_15-25-15
0	2026-08-15_15-25-15	-0.8999999761581421	2026-08-15_15-25-15	12.108684539794922	2026-08-15_15-25-15	1.7889232635498047	2026-08-15_15-25-15	1.7808589935302734	2026-08-15_15-25-15	4.268641471862793	2026-08-15_15-25-15	4.270260334014893	2026-08-15_15-25-15	True	2026-08-15_15-25-15	[1 0 1 0 0]	2026-08-15_15-25-15	[0 0 0 0 0]	2026-08-15_15-25-15	[0 0 0 0 0 0 0 1 0 0 0 0 0 0 0 0 0 0 0 0 0 0 0 0 0 0 0 0 0 0 0 0 0 0 0 0 0 0 0 0 0 0 0 0 0 0 0 1 0 0 0 0 0 0 0 0 0 0 0 0 0 0 0 0 0 0 0 0 0 0 0 0 0]	2026-08-15_15-25-15	[0 0 0 0 0 0 0 0 1 0 0 0 0 0 0 0 0 0 0 0 0 0 0 0 0 0 0 0 0 0 0 0 0 0 0 0 0 0 1 0 0 0 0 0 0 0 0 0 0 0 0 0 0 0 0 0 0 0 0 0 0 0 0 0 0 0 0 0 0 0 0 0 0]	2026-08-15_15-25-15	[2]	2026-08-15_15-25-15	[1 0 1 1 0]	2026-08-15_15-25-15	[0 1 0 0 0]	2026-08-15_15-25-15	[0 0 0 0 0 0 0 1 0 0 0 0 0 0 0 0 0 0 0 0 0 0 0 0 0 0 0 1 0 0 0 0 0 0 0 0 0 0 0 0 0 0 0 0 0 0 0 1 0 0 0 0 0 0 0 0 0 0 0 0 0 0 0 0 0 0 0 0 0 0 0 0 0]	2026-08-15_15-25-15	[0 0 0 0 0 0 0 0 1 0 0 0 0 0 0 0 0 0 0 0 0 0 0 0 0 0 0 0 0 0 0 0 0 0 0 0 0 0 1 0 0 0 0 0 0 0 0 0 0 0 0 0 0 0 1 0 0 0 0 0 0 0 0 0 0 0 0 0 0 0 0 0 0]	2026-08-15_15-25-15	[2]	2026-08-15_15-25-15
0	2026-08-15_15-25-15	-0.8999999761581421	2026-08-15_15-25-15	12.109376907348633	2026-08-15_15-25-15	1.788264513015747	2026-08-15_15-25-15	1.781496286392212	2026-08-15_15-25-15	4.2685770988464355	2026-08-15_15-25-15	4.271039009094238	2026-08-15_15-25-15	True	2026-08-15_15-25-15	[1 0 1 1 0]	2026-08-15_15-25-15	[0 1 0 0 0]	2026-08-15_15-25-15	[0 0 0 0 0 0 0 1 0 0 0 0 0 0 0 0 0 0 0 0 0 0 0 0 0 0 0 1 0 0 0 0 0 0 0 0 0 0 0 0 0 0 0 0 0 0 0 1 0 0 0 0 0 0 0 0 0 0 0 0 0 0 0 0 0 0 0 0 0 0 0 0 0]	2026-08-15_15-25-15	[0 0 0 0 0 0 0 0 1 0 0 0 0 0 0 0 0 0 0 0 0 0 0 0 0 0 0 0 0 0 0 0 0 0 0 0 0 0 1 0 0 0 0 0 0 0 0 0 0 0 0 0 0 0 1 0 0 0 0 0 0 0 0 0 0 0 0 0 0 0 0 0 0]	2026-08-15_15-25-15	[2]	2026-08-15_15-25-15	[1 0 1 0 0]	2026-08-15_15-25-15	[0 0 0 0 0]	2026-08-15_15-25-15	[0 0 0 0 0 0 0 1 0 0 0 0 0 0 0 0 0 0 0 0 0 0 0 0 0 0 0 0 0 0 0 0 0 0 0 0 0 0 0 0 0 0 0 0 0 0 0 1 0 0 0 0 0 0 0 0 0 0 0 0 0 0 0 0 0 0 0 0 0 0 0 0 0]	2026-08-15_15-25-15	[0 0 0 0 0 0 0 0 1 0 0 0 0 0 0 0 0 0 0 0 0 0 0 0 0 0 0 0 0 0 0 0 0 0 0 0 0 0 1 0 0 0 0 0 0 0 0 0 0 0 0 0 0 0 0 0 0 0 0 0 0 0 0 0 0 0 0 0 0 0 0 0 0]	2026-08-15_15-25-15	[2]	2026-08-15_15-25-15
0	2026-08-15_15-25-15	-0.8999999761581421	2026-08-15_15-25-15	12.110391616821289	2026-08-15_15-25-15	1.7893702983856201	2026-08-15_15-25-15	1.781293272972107	2026-08-15_15-25-15	4.269252300262451	2026-08-15_15-25-15	4.270476341247559	2026-08-15_15-25-15	True	2026-08-15_15-25-15	[1 0 1 0 0]	2026-08-15_15-25-15	[0 0 0 0 0]	2026-08-15_15-25-15	[0 0 0 0 0 0 0 1 0 0 0 0 0 0 0 0 0 0 0 0 0 0 0 0 0 0 0 0 0 0 0 0 0 0 0 0 0 0 0 0 0 0 0 0 0 0 0 1 0 0 0 0 0 0 0 0 0 0 0 0 0 0 0 0 0 0 0 0 0 0 0 0 0]	2026-08-15_15-25-15	[0 0 0 0 0 0 0 0 1 0 0 0 0 0 0 0 0 0 0 0 0 0 0 0 0 0 0 0 0 0 0 0 0 0 0 0 0 0 1 0 0 0 0 0 0 0 0 0 0 0 0 0 0 0 0 0 0 0 0 0 0 0 0 0 0 0 0 0 0 0 0 0 0]	2026-08-15_15-25-15	[2]	2026-08-15_15-25-15	[1 0 1 1 0]	2026-08-15_15-25-15	[0 1 0 0 0]	2026-08-15_15-25-15	[0 0 0 0 0 0 0 1 0 0 0 0 0 0 0 0 0 0 0 0 0 0 0 0 0 0 0 1 0 0 0 0 0 0 0 0 0 0 0 0 0 0 0 0 0 0 0 1 0 0 0 0 0 0 0 0 0 0 0 0 0 0 0 0 0 0 0 0 0 0 0 0 0]	2026-08-15_15-25-15	[0 0 0 0 0 0 0 0 1 0 0 0 0 0 0 0 0 0 0 0 0 0 0 0 0 0 0 0 0 0 0 0 0 0 0 0 0 0 1 0 0 0 0 0 0 0 0 0 0 0 0 0 0 0 1 0 0 0 0 0 0 0 0 0 0 0 0 0 0 0 0 0 0]	2026-08-15_15-25-15	[2]	2026-08-15_15-25-15
0	2026-08-15_15-25-15	-0.8999999761581421	2026-08-15_15-25-15	12.108942031860352	2026-08-15_15-25-15	1.788620948791504	2026-08-15_15-25-15	1.781802773475647	2026-08-15_15-25-15	4.267602920532227	2026-08-15_15-25-15	4.2709150314331055	2026-08-15_15-25-15	True	2026-08-15_15-25-15	[1 0 1 1 0]	2026-08-15_15-25-15	[0 1 0 0 0]	2026-08-15_15-25-15	[0 0 0 0 0 0 0 1 0 0 0 0 0 0 0 0 0 0 0 0 0 0 0 0 0 0 0 1 0 0 0 0 0 0 0 0 0 0 0 0 0 0 0 0 0 0 0 1 0 0 0 0 0 0 0 0 0 0 0 0 0 0 0 0 0 0 0 0 0 0 0 0 0]	2026-08-15_15-25-15	[0 0 0 0 0 0 0 0 1 0 0 0 0 0 0 0 0 0 0 0 0 0 0 0 0 0 0 0 0 0 0 0 0 0 0 0 0 0 1 0 0 0 0 0 0 0 0 0 0 0 0 0 0 0 1 0 0 0 0 0 0 0 0 0 0 0 0 0 0 0 0 0 0]	2026-08-15_15-25-15	[2]	2026-08-15_15-25-15	[1 0 1 0 0]	2026-08-15_15-25-15	[0 0 0 0 0]	2026-08-15_15-25-15	[0 0 0 0 0 0 0 1 0 0 0 0 0 0 0 0 0 0 0 0 0 0 0 0 0 0 0 0 0 0 0 0 0 0 0 0 0 0 0 0 0 0 0 0 0 0 0 1 0 0 0 0 0 0 0 0 0 0 0 0 0 0 0 0 0 0 0 0 0 0 0 0 0]	2026-08-15_15-25-15	[0 0 0 0 0 0 0 0 1 0 0 0 0 0 0 0 0 0 0 0 0 0 0 0 0 0 0 0 0 0 0 0 0 0 0 0 0 0 1 0 0 0 0 0 0 0 0 0 0 0 0 0 0 0 0 0 0 0 0 0 0 0 0 0 0 0 0 0 0 0 0 0 0]	2026-08-15_15-25-15	[2]	2026-08-15_15-25-15
0	2026-08-15_15-25-15	-0.8999999761581421	2026-08-15_15-25-15	12.11048698425293	2026-08-15_15-25-15	1.7891496419906616	2026-08-15_15-25-15	1.7815457582473755	2026-08-15_15-25-15	4.268747806549072	2026-08-15_15-25-15	4.2710442543029785	2026-08-15_15-25-15	True	2026-08-15_15-25-15	[1 0 1 0 0]	2026-08-15_15-25-15	[0 0 0 0 0]	2026-08-15_15-25-15	[0 0 0 0 0 0 0 1 0 0 0 0 0 0 0 0 0 0 0 0 0 0 0 0 0 0 0 0 0 0 0 0 0 0 0 0 0 0 0 0 0 0 0 0 0 0 0 1 0 0 0 0 0 0 0 0 0 0 0 0 0 0 0 0 0 0 0 0 0 0 0 0 0]	2026-08-15_15-25-15	[0 0 0 0 0 0 0 0 1 0 0 0 0 0 0 0 0 0 0 0 0 0 0 0 0 0 0 0 0 0 0 0 0 0 0 0 0 0 1 0 0 0 0 0 0 0 0 0 0 0 0 0 0 0 0 0 0 0 0 0 0 0 0 0 0 0 0 0 0 0 0 0 0]	2026-08-15_15-25-15	[2]	2026-08-15_15-25-15	[1 0 1 1 0]	2026-08-15_15-25-15	[0 1 0 0 0]	2026-08-15_15-25-15	[0 0 0 0 0 0 0 1 0 0 0 0 0 0 0 0 0 0 0 0 0 0 0 0 0 0 0 1 0 0 0 0 0 0 0 0 0 0 0 0 0 0 0 0 0 0 0 1 0 0 0 0 0 0 0 0 0 0 0 0 0 0 0 0 0 0 0 0 0 0 0 0 0]	2026-08-15_15-25-15	[0 0 0 0 0 0 0 0 1 0 0 0 0 0 0 0 0 0 0 0 0 0 0 0 0 0 0 0 0 0 0 0 0 0 0 0 0 0 1 0 0 0 0 0 0 0 0 0 0 0 0 0 0 0 1 0 0 0 0 0 0 0 0 0 0 0 0 0 0 0 0 0 0]	2026-08-15_15-25-15	[2]	2026-08-15_15-25-15
0	2026-08-15_15-25-15	-0.8999999761581421	2026-08-15_15-25-15	12.10765266418457	2026-08-15_15-25-15	1.7878952026367188	2026-08-15_15-25-15	1.7809921503067017	2026-08-15_15-25-15	4.267831325531006	2026-08-15_15-25-15	4.270933628082275	2026-08-15_15-25-15	True	2026-08-15_15-25-15	[1 0 1 1 0]	2026-08-15_15-25-15	[0 1 0 0 0]	2026-08-15_15-25-15	[0 0 0 0 0 0 0 1 0 0 0 0 0 0 0 0 0 0 0 0 0 0 0 0 0 0 0 1 0 0 0 0 0 0 0 0 0 0 0 0 0 0 0 0 0 0 0 1 0 0 0 0 0 0 0 0 0 0 0 0 0 0 0 0 0 0 0 0 0 0 0 0 0]	2026-08-15_15-25-15	[0 0 0 0 0 0 0 0 1 0 0 0 0 0 0 0 0 0 0 0 0 0 0 0 0 0 0 0 0 0 0 0 0 0 0 0 0 0 1 0 0 0 0 0 0 0 0 0 0 0 0 0 0 0 1 0 0 0 0 0 0 0 0 0 0 0 0 0 0 0 0 0 0]	2026-08-15_15-25-15	[2]	2026-08-15_15-25-15	[1 0 1 0 0]	2026-08-15_15-25-15	[0 0 0 0 0]	2026-08-15_15-25-15	[0 0 0 0 0 0 0 1 0 0 0 0 0 0 0 0 0 0 0 0 0 0 0 0 0 0 0 0 0 0 0 0 0 0 0 0 0 0 0 0 0 0 0 0 0 0 0 1 0 0 0 0 0 0 0 0 0 0 0 0 0 0 0 0 0 0 0 0 0 0 0 0 0]	2026-08-15_15-25-15	[0 0 0 0 0 0 0 0 1 0 0 0 0 0 0 0 0 0 0 0 0 0 0 0 0 0 0 0 0 0 0 0 0 0 0 0 0 0 1 0 0 0 0 0 0 0 0 0 0 0 0 0 0 0 0 0 0 0 0 0 0 0 0 0 0 0 0 0 0 0 0 0 0]	2026-08-15_15-25-15	[2]	2026-08-15_15-25-15
0	2026-08-15_15-25-15	-0.8999999761581421	2026-08-15_15-25-15	12.11075210571289	2026-08-15_15-25-15	1.7896610498428345	2026-08-15_15-25-15	1.7820218801498413	2026-08-15_15-25-15	4.2685546875	2026-08-15_15-25-15	4.270514011383057	2026-08-15_15-25-15	True	2026-08-15_15-25-15	[1 0 1 0 0]	2026-08-15_15-25-15	[0 0 0 0 0]	2026-08-15_15-25-15	[0 0 0 0 0 0 0 1 0 0 0 0 0 0 0 0 0 0 0 0 0 0 0 0 0 0 0 0 0 0 0 0 0 0 0 0 0 0 0 0 0 0 0 0 0 0 0 1 0 0 0 0 0 0 0 0 0 0 0 0 0 0 0 0 0 0 0 0 0 0 0 0 0]	2026-08-15_15-25-15	[0 0 0 0 0 0 0 0 1 0 0 0 0 0 0 0 0 0 0 0 0 0 0 0 0 0 0 0 0 0 0 0 0 0 0 0 0 0 1 0 0 0 0 0 0 0 0 0 0 0 0 0 0 0 0 0 0 0 0 0 0 0 0 0 0 0 0 0 0 0 0 0 0]	2026-08-15_15-25-15	[2]	2026-08-15_15-25-15	[1 0 1 1 0]	2026-08-15_15-25-15	[0 1 0 0 0]	2026-08-15_15-25-15	[0 0 0 0 0 0 0 1 0 0 0 0 0 0 0 0 0 0 0 0 0 0 0 0 0 0 0 1 0 0 0 0 0 0 0 0 0 0 0 0 0 0 0 0 0 0 0 1 0 0 0 0 0 0 0 0 0 0 0 0 0 0 0 0 0 0 0 0 0 0 0 0 0]	2026-08-15_15-25-15	[0 0 0 0 0 0 0 0 1 0 0 0 0 0 0 0 0 0 0 0 0 0 0 0 0 0 0 0 0 0 0 0 0 0 0 0 0 0 1 0 0 0 0 0 0 0 0 0 0 0 0 0 0 0 1 0 0 0 0 0 0 0 0 0 0 0 0 0 0 0 0 0 0]	2026-08-15_15-25-15	[2]	2026-08-15_15-25-15
0	2026-08-15_15-25-15	-0.8999999761581421	2026-08-15_15-25-15	12.10680866241455	2026-08-15_15-25-15	1.7884001731872559	2026-08-15_15-25-15	1.7806378602981567	2026-08-15_15-25-15	4.267797946929932	2026-08-15_15-25-15	4.269972801208496	2026-08-15_15-25-15	True	2026-08-15_15-25-15	[1 0 1 1 0]	2026-08-15_15-25-15	[0 1 0 0 0]	2026-08-15_15-25-15	[0 0 0 0 0 0 0 1 0 0 0 0 0 0 0 0 0 0 0 0 0 0 0 0 0 0 0 1 0 0 0 0 0 0 0 0 0 0 0 0 0 0 0 0 0 0 0 1 0 0 0 0 0 0 0 0 0 0 0 0 0 0 0 0 0 0 0 0 0 0 0 0 0]	2026-08-15_15-25-15	[0 0 0 0 0 0 0 0 1 0 0 0 0 0 0 0 0 0 0 0 0 0 0 0 0 0 0 0 0 0 0 0 0 0 0 0 0 0 1 0 0 0 0 0 0 0 0 0 0 0 0 0 0 0 1 0 0 0 0 0 0 0 0 0 0 0 0 0 0 0 0 0 0]	2026-08-15_15-25-15	[2]	2026-08-15_15-25-15	[1 0 1 0 0]	2026-08-15_15-25-15	[0 0 0 0 0]	2026-08-15_15-25-15	[0 0 0 0 0 0 0 1 0 0 0 0 0 0 0 0 0 0 0 0 0 0 0 0 0 0 0 0 0 0 0 0 0 0 0 0 0 0 0 0 0 0 0 0 0 0 0 1 0 0 0 0 0 0 0 0 0 0 0 0 0 0 0 0 0 0 0 0 0 0 0 0 0]	2026-08-15_15-25-15	[0 0 0 0 0 0 0 0 1 0 0 0 0 0 0 0 0 0 0 0 0 0 0 0 0 0 0 0 0 0 0 0 0 0 0 0 0 0 1 0 0 0 0 0 0 0 0 0 0 0 0 0 0 0 0 0 0 0 0 0 0 0 0 0 0 0 0 0 0 0 0 0 0]	2026-08-15_15-25-15	[2]	2026-08-15_15-25-15
0	2026-08-15_15-25-15	-0.8999999761581421	2026-08-15_15-25-15	12.107481002807617	2026-08-15_15-25-15	1.7894213199615479	2026-08-15_15-25-15	1.7813398838043213	2026-08-15_15-25-15	4.267032146453857	2026-08-15_15-25-15	4.269688129425049	2026-08-15_15-25-15	True	2026-08-15_15-25-15	[1 0 1 0 0]	2026-08-15_15-25-15	[0 0 0 0 0]	2026-08-15_15-25-15	[0 0 0 0 0 0 0 1 0 0 0 0 0 0 0 0 0 0 0 0 0 0 0 0 0 0 0 0 0 0 0 0 0 0 0 0 0 0 0 0 0 0 0 0 0 0 0 1 0 0 0 0 0 0 0 0 0 0 0 0 0 0 0 0 0 0 0 0 0 0 0 0 0]	2026-08-15_15-25-15	[0 0 0 0 0 0 0 0 1 0 0 0 0 0 0 0 0 0 0 0 0 0 0 0 0 0 0 0 0 0 0 0 0 0 0 0 0 0 1 0 0 0 0 0 0 0 0 0 0 0 0 0 0 0 0 0 0 0 0 0 0 0 0 0 0 0 0 0 0 0 0 0 0]	2026-08-15_15-25-15	[2]	2026-08-15_15-25-15	[1 0 1 1 0]	2026-08-15_15-25-15	[0 1 0 0 0]	2026-08-15_15-25-15	[0 0 0 0 0 0 0 1 0 0 0 0 0 0 0 0 0 0 0 0 0 0 0 0 0 0 0 1 0 0 0 0 0 0 0 0 0 0 0 0 0 0 0 0 0 0 0 1 0 0 0 0 0 0 0 0 0 0 0 0 0 0 0 0 0 0 0 0 0 0 0 0 0]	2026-08-15_15-25-15	[0 0 0 0 0 0 0 0 1 0 0 0 0 0 0 0 0 0 0 0 0 0 0 0 0 0 0 0 0 0 0 0 0 0 0 0 0 0 1 0 0 0 0 0 0 0 0 0 0 0 0 0 0 0 1 0 0 0 0 0 0 0 0 0 0 0 0 0 0 0 0 0 0]	2026-08-15_15-25-15	[2]	2026-08-15_15-25-15
0	2026-08-15_15-25-15	-0.8999999761581421	2026-08-15_15-25-15	12.10901165008545	2026-08-15_15-25-15	1.7883577346801758	2026-08-15_15-25-15	1.7818384170532227	2026-08-15_15-25-15	4.267828941345215	2026-08-15_15-25-15	4.270986557006836	2026-08-15_15-25-15	True	2026-08-15_15-25-15	[1 0 1 1 0]	2026-08-15_15-25-15	[0 1 0 0 0]	2026-08-15_15-25-15	[0 0 0 0 0 0 0 1 0 0 0 0 0 0 0 0 0 0 0 0 0 0 0 0 0 0 0 1 0 0 0 0 0 0 0 0 0 0 0 0 0 0 0 0 0 0 0 1 0 0 0 0 0 0 0 0 0 0 0 0 0 0 0 0 0 0 0 0 0 0 0 0 0]	2026-08-15_15-25-15	[0 0 0 0 0 0 0 0 1 0 0 0 0 0 0 0 0 0 0 0 0 0 0 0 0 0 0 0 0 0 0 0 0 0 0 0 0 0 1 0 0 0 0 0 0 0 0 0 0 0 0 0 0 0 1 0 0 0 0 0 0 0 0 0 0 0 0 0 0 0 0 0 0]	2026-08-15_15-25-15	[2]	2026-08-15_15-25-15	[1 0 1 0 0]	2026-08-15_15-25-15	[0 0 0 0 0]	2026-08-15_15-25-15	[0 0 0 0 0 0 0 1 0 0 0 0 0 0 0 0 0 0 0 0 0 0 0 0 0 0 0 0 0 0 0 0 0 0 0 0 0 0 0 0 0 0 0 0 0 0 0 1 0 0 0 0 0 0 0 0 0 0 0 0 0 0 0 0 0 0 0 0 0 0 0 0 0]	2026-08-15_15-25-15	[0 0 0 0 0 0 0 0 1 0 0 0 0 0 0 0 0 0 0 0 0 0 0 0 0 0 0 0 0 0 0 0 0 0 0 0 0 0 1 0 0 0 0 0 0 0 0 0 0 0 0 0 0 0 0 0 0 0 0 0 0 0 0 0 0 0 0 0 0 0 0 0 0]	2026-08-15_15-25-15	[2]	2026-08-15_15-25-15
0	2026-08-15_15-25-15	-0.8999999761581421	2026-08-15_15-25-15	12.10965347290039	2026-08-15_15-25-15	1.7888215780258179	2026-08-15_15-25-15	1.7802437543869019	2026-08-15_15-25-15	4.270086288452148	2026-08-15_15-25-15	4.27050256729126	2026-08-15_15-25-15	True	2026-08-15_15-25-15	[1 0 1 0 0]	2026-08-15_15-25-15	[0 0 0 0 0]	2026-08-15_15-25-15	[0 0 0 0 0 0 0 1 0 0 0 0 0 0 0 0 0 0 0 0 0 0 0 0 0 0 0 0 0 0 0 0 0 0 0 0 0 0 0 0 0 0 0 0 0 0 0 1 0 0 0 0 0 0 0 0 0 0 0 0 0 0 0 0 0 0 0 0 0 0 0 0 0]	2026-08-15_15-25-15	[0 0 0 0 0 0 0 0 1 0 0 0 0 0 0 0 0 0 0 0 0 0 0 0 0 0 0 0 0 0 0 0 0 0 0 0 0 0 1 0 0 0 0 0 0 0 0 0 0 0 0 0 0 0 0 0 0 0 0 0 0 0 0 0 0 0 0 0 0 0 0 0 0]	2026-08-15_15-25-15	[2]	2026-08-15_15-25-15	[1 0 1 1 0]	2026-08-15_15-25-15	[0 1 0 0 0]	2026-08-15_15-25-15	[0 0 0 0 0 0 0 1 0 0 0 0 0 0 0 0 0 0 0 0 0 0 0 0 0 0 0 1 0 0 0 0 0 0 0 0 0 0 0 0 0 0 0 0 0 0 0 1 0 0 0 0 0 0 0 0 0 0 0 0 0 0 0 0 0 0 0 0 0 0 0 0 0]	2026-08-15_15-25-15	[0 0 0 0 0 0 0 0 1 0 0 0 0 0 0 0 0 0 0 0 0 0 0 0 0 0 0 0 0 0 0 0 0 0 0 0 0 0 1 0 0 0 0 0 0 0 0 0 0 0 0 0 0 0 1 0 0 0 0 0 0 0 0 0 0 0 0 0 0 0 0 0 0]	2026-08-15_15-25-15	[2]	2026-08-15_15-25-15
0	2026-08-15_15-25-15	-0.8999999761581421	2026-08-15_15-25-15	12.106306076049805	2026-08-15_15-25-15	1.7885994911193848	2026-08-15_15-25-15	1.7809367179870605	2026-08-15_15-25-15	4.266723155975342	2026-08-15_15-25-15	4.270046710968018	2026-08-15_15-25-15	True	2026-08-15_15-25-15	[1 0 1 1 0]	2026-08-15_15-25-15	[0 1 0 0 0]	2026-08-15_15-25-15	[0 0 0 0 0 0 0 1 0 0 0 0 0 0 0 0 0 0 0 0 0 0 0 0 0 0 0 1 0 0 0 0 0 0 0 0 0 0 0 0 0 0 0 0 0 0 0 1 0 0 0 0 0 0 0 0 0 0 0 0 0 0 0 0 0 0 0 0 0 0 0 0 0]	2026-08-15_15-25-15	[0 0 0 0 0 0 0 0 1 0 0 0 0 0 0 0 0 0 0 0 0 0 0 0 0 0 0 0 0 0 0 0 0 0 0 0 0 0 1 0 0 0 0 0 0 0 0 0 0 0 0 0 0 0 1 0 0 0 0 0 0 0 0 0 0 0 0 0 0 0 0 0 0]	2026-08-15_15-25-15	[2]	2026-08-15_15-25-15	[1 0 1 0 0]	2026-08-15_15-25-15	[0 0 0 0 0]	2026-08-15_15-25-15	[0 0 0 0 0 0 0 1 0 0 0 0 0 0 0 0 0 0 0 0 0 0 0 0 0 0 0 0 0 0 0 0 0 0 0 0 0 0 0 0 0 0 0 0 0 0 0 1 0 0 0 0 0 0 0 0 0 0 0 0 0 0 0 0 0 0 0 0 0 0 0 0 0]	2026-08-15_15-25-15	[0 0 0 0 0 0 0 0 1 0 0 0 0 0 0 0 0 0 0 0 0 0 0 0 0 0 0 0 0 0 0 0 0 0 0 0 0 0 1 0 0 0 0 0 0 0 0 0 0 0 0 0 0 0 0 0 0 0 0 0 0 0 0 0 0 0 0 0 0 0 0 0 0]	2026-08-15_15-25-15	[2]	2026-08-15_15-25-15
0	2026-08-15_15-25-15	-0.8999999761581421	2026-08-15_15-25-15	12.108963966369629	2026-08-15_15-25-15	1.789620041847229	2026-08-15_15-25-15	1.781854510307312	2026-08-15_15-25-15	4.267307758331299	2026-08-15_15-25-15	4.270181655883789	2026-08-15_15-25-15	True	2026-08-15_15-25-15	[1 0 1 0 0]	2026-08-15_15-25-15	[0 0 0 0 0]	2026-08-15_15-25-15	[0 0 0 0 0 0 0 1 0 0 0 0 0 0 0 0 0 0 0 0 0 0 0 0 0 0 0 0 0 0 0 0 0 0 0 0 0 0 0 0 0 0 0 0 0 0 0 1 0 0 0 0 0 0 0 0 0 0 0 0 0 0 0 0 0 0 0 0 0 0 0 0 0]	2026-08-15_15-25-15	[0 0 0 0 0 0 0 0 1 0 0 0 0 0 0 0 0 0 0 0 0 0 0 0 0 0 0 0 0 0 0 0 0 0 0 0 0 0 1 0 0 0 0 0 0 0 0 0 0 0 0 0 0 0 0 0 0 0 0 0 0 0 0 0 0 0 0 0 0 0 0 0 0]	2026-08-15_15-25-15	[2]	2026-08-15_15-25-15	[1 0 1 1 0]	2026-08-15_15-25-15	[0 1 0 0 0]	2026-08-15_15-25-15	[0 0 0 0 0 0 0 1 0 0 0 0 0 0 0 0 0 0 0 0 0 0 0 0 0 0 0 1 0 0 0 0 0 0 0 0 0 0 0 0 0 0 0 0 0 0 0 1 0 0 0 0 0 0 0 0 0 0 0 0 0 0 0 0 0 0 0 0 0 0 0 0 0]	2026-08-15_15-25-15	[0 0 0 0 0 0 0 0 1 0 0 0 0 0 0 0 0 0 0 0 0 0 0 0 0 0 0 0 0 0 0 0 0 0 0 0 0 0 1 0 0 0 0 0 0 0 0 0 0 0 0 0 0 0 1 0 0 0 0 0 0 0 0 0 0 0 0 0 0 0 0 0 0]	2026-08-15_15-25-15	[2]	2026-08-15_15-25-15
0	2026-08-15_15-25-15	-0.8999999761581421	2026-08-15_15-25-15	12.105575561523438	2026-08-15_15-25-15	1.788722038269043	2026-08-15_15-25-15	1.7810299396514893	2026-08-15_15-25-15	4.266009330749512	2026-08-15_15-25-15	4.269814968109131	2026-08-15_15-25-15	True	2026-08-15_15-25-15	[1 0 1 1 0]	2026-08-15_15-25-15	[0 1 0 0 0]	2026-08-15_15-25-15	[0 0 0 0 0 0 0 1 0 0 0 0 0 0 0 0 0 0 0 0 0 0 0 0 0 0 0 1 0 0 0 0 0 0 0 0 0 0 0 0 0 0 0 0 0 0 0 1 0 0 0 0 0 0 0 0 0 0 0 0 0 0 0 0 0 0 0 0 0 0 0 0 0]	2026-08-15_15-25-15	[0 0 0 0 0 0 0 0 1 0 0 0 0 0 0 0 0 0 0 0 0 0 0 0 0 0 0 0 0 0 0 0 0 0 0 0 0 0 1 0 0 0 0 0 0 0 0 0 0 0 0 0 0 0 1 0 0 0 0 0 0 0 0 0 0 0 0 0 0 0 0 0 0]	2026-08-15_15-25-15	[2]	2026-08-15_15-25-15	[1 0 1 0 0]	2026-08-15_15-25-15	[0 0 0 0 0]	2026-08-15_15-25-15	[0 0 0 0 0 0 0 1 0 0 0 0 0 0 0 0 0 0 0 0 0 0 0 0 0 0 0 0 0 0 0 0 0 0 0 0 0 0 0 0 0 0 0 0 0 0 0 1 0 0 0 0 0 0 0 0 0 0 0 0 0 0 0 0 0 0 0 0 0 0 0 0 0]	2026-08-15_15-25-15	[0 0 0 0 0 0 0 0 1 0 0 0 0 0 0 0 0 0 0 0 0 0 0 0 0 0 0 0 0 0 0 0 0 0 0 0 0 0 1 0 0 0 0 0 0 0 0 0 0 0 0 0 0 0 0 0 0 0 0 0 0 0 0 0 0 0 0 0 0 0 0 0 0]	2026-08-15_15-25-15	[2]	2026-08-15_15-25-15
0	2026-08-15_15-25-15	-0.8999999761581421	2026-08-15_15-25-15	12.108315467834473	2026-08-15_15-25-15	1.7892831563949585	2026-08-15_15-25-15	1.7813057899475098	2026-08-15_15-25-15	4.267244815826416	2026-08-15_15-25-15	4.270481586456299	2026-08-15_15-25-15	True	2026-08-15_15-25-15	[1 0 1 0 0]	2026-08-15_15-25-15	[0 0 0 0 0]	2026-08-15_15-25-15	[0 0 0 0 0 0 0 1 0 0 0 0 0 0 0 0 0 0 0 0 0 0 0 0 0 0 0 0 0 0 0 0 0 0 0 0 0 0 0 0 0 0 0 0 0 0 0 1 0 0 0 0 0 0 0 0 0 0 0 0 0 0 0 0 0 0 0 0 0 0 0 0 0]	2026-08-15_15-25-15	[0 0 0 0 0 0 0 0 1 0 0 0 0 0 0 0 0 0 0 0 0 0 0 0 0 0 0 0 0 0 0 0 0 0 0 0 0 0 1 0 0 0 0 0 0 0 0 0 0 0 0 0 0 0 0 0 0 0 0 0 0 0 0 0 0 0 0 0 0 0 0 0 0]	2026-08-15_15-25-15	[2]	2026-08-15_15-25-15	[1 0 1 1 0]	2026-08-15_15-25-15	[0 1 0 0 0]	2026-08-15_15-25-15	[0 0 0 0 0 0 0 1 0 0 0 0 0 0 0 0 0 0 0 0 0 0 0 0 0 0 0 1 0 0 0 0 0 0 0 0 0 0 0 0 0 0 0 0 0 0 0 1 0 0 0 0 0 0 0 0 0 0 0 0 0 0 0 0 0 0 0 0 0 0 0 0 0]	2026-08-15_15-25-15	[0 0 0 0 0 0 0 0 1 0 0 0 0 0 0 0 0 0 0 0 0 0 0 0 0 0 0 0 0 0 0 0 0 0 0 0 0 0 1 0 0 0 0 0 0 0 0 0 0 0 0 0 0 0 1 0 0 0 0 0 0 0 0 0 0 0 0 0 0 0 0 0 0]	2026-08-15_15-25-15	[2]	2026-08-15_15-25-15
0	2026-08-15_15-25-15	-0.8999999761581421	2026-08-15_15-25-15	12.106468200683594	2026-08-15_15-25-15	1.7888965606689453	2026-08-15_15-25-15	1.7807164192199707	2026-08-15_15-25-15	4.266849517822266	2026-08-15_15-25-15	4.270005702972412	2026-08-15_15-25-15	True	2026-08-15_15-25-15	[1 0 1 1 0]	2026-08-15_15-25-15	[0 1 0 0 0]	2026-08-15_15-25-15	[0 0 0 0 0 0 0 1 0 0 0 0 0 0 0 0 0 0 0 0 0 0 0 0 0 0 0 1 0 0 0 0 0 0 0 0 0 0 0 0 0 0 0 0 0 0 0 1 0 0 0 0 0 0 0 0 0 0 0 0 0 0 0 0 0 0 0 0 0 0 0 0 0]	2026-08-15_15-25-15	[0 0 0 0 0 0 0 0 1 0 0 0 0 0 0 0 0 0 0 0 0 0 0 0 0 0 0 0 0 0 0 0 0 0 0 0 0 0 1 0 0 0 0 0 0 0 0 0 0 0 0 0 0 0 1 0 0 0 0 0 0 0 0 0 0 0 0 0 0 0 0 0 0]	2026-08-15_15-25-15	[2]	2026-08-15_15-25-15	[1 0 1 0 0]	2026-08-15_15-25-15	[0 0 0 0 0]	2026-08-15_15-25-15	[0 0 0 0 0 0 0 1 0 0 0 0 0 0 0 0 0 0 0 0 0 0 0 0 0 0 0 0 0 0 0 0 0 0 0 0 0 0 0 0 0 0 0 0 0 0 0 1 0 0 0 0 0 0 0 0 0 0 0 0 0 0 0 0 0 0 0 0 0 0 0 0 0]	2026-08-15_15-25-15	[0 0 0 0 0 0 0 0 1 0 0 0 0 0 0 0 0 0 0 0 0 0 0 0 0 0 0 0 0 0 0 0 0 0 0 0 0 0 1 0 0 0 0 0 0 0 0 0 0 0 0 0 0 0 0 0 0 0 0 0 0 0 0 0 0 0 0 0 0 0 0 0 0]	2026-08-15_15-25-15	[2]	2026-08-15_15-25-15
0	2026-08-15_15-25-15	-0.8999999761581421	2026-08-15_15-25-15	12.11263656616211	2026-08-15_15-25-15	1.7893903255462646	2026-08-15_15-25-15	1.7821282148361206	2026-08-15_15-25-15	4.2693047523498535	2026-08-15_15-25-15	4.271812915802002	2026-08-15_15-25-15	True	2026-08-15_15-25-15	[1 0 1 0 0]	2026-08-15_15-25-15	[0 0 0 0 0]	2026-08-15_15-25-15	[0 0 0 0 0 0 0 1 0 0 0 0 0 0 0 0 0 0 0 0 0 0 0 0 0 0 0 0 0 0 0 0 0 0 0 0 0 0 0 0 0 0 0 0 0 0 0 1 0 0 0 0 0 0 0 0 0 0 0 0 0 0 0 0 0 0 0 0 0 0 0 0 0]	2026-08-15_15-25-15	[0 0 0 0 0 0 0 0 1 0 0 0 0 0 0 0 0 0 0 0 0 0 0 0 0 0 0 0 0 0 0 0 0 0 0 0 0 0 1 0 0 0 0 0 0 0 0 0 0 0 0 0 0 0 0 0 0 0 0 0 0 0 0 0 0 0 0 0 0 0 0 0 0]	2026-08-15_15-25-15	[2]	2026-08-15_15-25-15	[1 0 1 1 0]	2026-08-15_15-25-15	[0 1 0 0 0]	2026-08-15_15-25-15	[0 0 0 0 0 0 0 1 0 0 0 0 0 0 0 0 0 0 0 0 0 0 0 0 0 0 0 1 0 0 0 0 0 0 0 0 0 0 0 0 0 0 0 0 0 0 0 1 0 0 0 0 0 0 0 0 0 0 0 0 0 0 0 0 0 0 0 0 0 0 0 0 0]	2026-08-15_15-25-15	[0 0 0 0 0 0 0 0 1 0 0 0 0 0 0 0 0 0 0 0 0 0 0 0 0 0 0 0 0 0 0 0 0 0 0 0 0 0 1 0 0 0 0 0 0 0 0 0 0 0 0 0 0 0 1 0 0 0 0 0 0 0 0 0 0 0 0 0 0 0 0 0 0]	2026-08-15_15-25-15	[2]	2026-08-15_15-25-15
0	2026-08-15_15-25-15	-0.8999999761581421	2026-08-15_15-25-15	12.108444213867188	2026-08-15_15-25-15	1.7880020141601562	2026-08-15_15-25-15	1.7809748649597168	2026-08-15_15-25-15	4.268800735473633	2026-08-15_15-25-15	4.270666122436523	2026-08-15_15-25-15	True	2026-08-15_15-25-15	[1 0 1 1 0]	2026-08-15_15-25-15	[0 1 0 0 0]	2026-08-15_15-25-15	[0 0 0 0 0 0 0 1 0 0 0 0 0 0 0 0 0 0 0 0 0 0 0 0 0 0 0 1 0 0 0 0 0 0 0 0 0 0 0 0 0 0 0 0 0 0 0 1 0 0 0 0 0 0 0 0 0 0 0 0 0 0 0 0 0 0 0 0 0 0 0 0 0]	2026-08-15_15-25-15	[0 0 0 0 0 0 0 0 1 0 0 0 0 0 0 0 0 0 0 0 0 0 0 0 0 0 0 0 0 0 0 0 0 0 0 0 0 0 1 0 0 0 0 0 0 0 0 0 0 0 0 0 0 0 1 0 0 0 0 0 0 0 0 0 0 0 0 0 0 0 0 0 0]	2026-08-15_15-25-15	[2]	2026-08-15_15-25-15	[1 0 1 0 0]	2026-08-15_15-25-15	[0 0 0 0 0]	2026-08-15_15-25-15	[0 0 0 0 0 0 0 1 0 0 0 0 0 0 0 0 0 0 0 0 0 0 0 0 0 0 0 0 0 0 0 0 0 0 0 0 0 0 0 0 0 0 0 0 0 0 0 1 0 0 0 0 0 0 0 0 0 0 0 0 0 0 0 0 0 0 0 0 0 0 0 0 0]	2026-08-15_15-25-15	[0 0 0 0 0 0 0 0 1 0 0 0 0 0 0 0 0 0 0 0 0 0 0 0 0 0 0 0 0 0 0 0 0 0 0 0 0 0 1 0 0 0 0 0 0 0 0 0 0 0 0 0 0 0 0 0 0 0 0 0 0 0 0 0 0 0 0 0 0 0 0 0 0]	2026-08-15_15-25-15	[2]	2026-08-15_15-25-15
0	2026-08-15_15-25-15	-0.8999999761581421	2026-08-15_15-25-15	12.111452102661133	2026-08-15_15-25-15	1.7888226509094238	2026-08-15_15-25-15	1.7810206413269043	2026-08-15_15-25-15	4.2701826095581055	2026-08-15_15-25-15	4.271426200866699	2026-08-15_15-25-15	True	2026-08-15_15-25-15	[1 0 1 0 0]	2026-08-15_15-25-15	[0 0 0 0 0]	2026-08-15_15-25-15	[0 0 0 0 0 0 0 1 0 0 0 0 0 0 0 0 0 0 0 0 0 0 0 0 0 0 0 0 0 0 0 0 0 0 0 0 0 0 0 0 0 0 0 0 0 0 0 1 0 0 0 0 0 0 0 0 0 0 0 0 0 0 0 0 0 0 0 0 0 0 0 0 0]	2026-08-15_15-25-15	[0 0 0 0 0 0 0 0 1 0 0 0 0 0 0 0 0 0 0 0 0 0 0 0 0 0 0 0 0 0 0 0 0 0 0 0 0 0 1 0 0 0 0 0 0 0 0 0 0 0 0 0 0 0 0 0 0 0 0 0 0 0 0 0 0 0 0 0 0 0 0 0 0]	2026-08-15_15-25-15	[2]	2026-08-15_15-25-15	[1 0 1 1 0]	2026-08-15_15-25-15	[0 1 0 0 0]	2026-08-15_15-25-15	[0 0 0 0 0 0 0 1 0 0 0 0 0 0 0 0 0 0 0 0 0 0 0 0 0 0 0 1 0 0 0 0 0 0 0 0 0 0 0 0 0 0 0 0 0 0 0 1 0 0 0 0 0 0 0 0 0 0 0 0 0 0 0 0 0 0 0 0 0 0 0 0 0]	2026-08-15_15-25-15	[0 0 0 0 0 0 0 0 1 0 0 0 0 0 0 0 0 0 0 0 0 0 0 0 0 0 0 0 0 0 0 0 0 0 0 0 0 0 1 0 0 0 0 0 0 0 0 0 0 0 0 0 0 0 1 0 0 0 0 0 0 0 0 0 0 0 0 0 0 0 0 0 0]	2026-08-15_15-25-15	[2]	2026-08-15_15-25-15
0	2026-08-15_15-25-15	-0.8999999761581421	2026-08-15_15-25-15	12.108418464660645	2026-08-15_15-25-15	1.7887274026870728	2026-08-15_15-25-15	1.7813255786895752	2026-08-15_15-25-15	4.267900466918945	2026-08-15_15-25-15	4.270464897155762	2026-08-15_15-25-15	True	2026-08-15_15-25-15	[1 0 1 1 0]	2026-08-15_15-25-15	[0 1 0 0 0]	2026-08-15_15-25-15	[0 0 0 0 0 0 0 1 0 0 0 0 0 0 0 0 0 0 0 0 0 0 0 0 0 0 0 1 0 0 0 0 0 0 0 0 0 0 0 0 0 0 0 0 0 0 0 1 0 0 0 0 0 0 0 0 0 0 0 0 0 0 0 0 0 0 0 0 0 0 0 0 0]	2026-08-15_15-25-15	[0 0 0 0 0 0 0 0 1 0 0 0 0 0 0 0 0 0 0 0 0 0 0 0 0 0 0 0 0 0 0 0 0 0 0 0 0 0 1 0 0 0 0 0 0 0 0 0 0 0 0 0 0 0 1 0 0 0 0 0 0 0 0 0 0 0 0 0 0 0 0 0 0]	2026-08-15_15-25-15	[2]	2026-08-15_15-25-15	[1 0 1 0 0]	2026-08-15_15-25-15	[0 0 0 0 0]	2026-08-15_15-25-15	[0 0 0 0 0 0 0 1 0 0 0 0 0 0 0 0 0 0 0 0 0 0 0 0 0 0 0 0 0 0 0 0 0 0 0 0 0 0 0 0 0 0 0 0 0 0 0 1 0 0 0 0 0 0 0 0 0 0 0 0 0 0 0 0 0 0 0 0 0 0 0 0 0]	2026-08-15_15-25-15	[0 0 0 0 0 0 0 0 1 0 0 0 0 0 0 0 0 0 0 0 0 0 0 0 0 0 0 0 0 0 0 0 0 0 0 0 0 0 1 0 0 0 0 0 0 0 0 0 0 0 0 0 0 0 0 0 0 0 0 0 0 0 0 0 0 0 0 0 0 0 0 0 0]	2026-08-15_15-25-15	[2]	2026-08-15_15-25-15
0	2026-08-15_15-25-15	-0.8999999761581421	2026-08-15_15-25-15	12.11190414428711	2026-08-15_15-25-15	1.7896515130996704	2026-08-15_15-25-15	1.782597303390503	2026-08-15_15-25-15	4.267999649047852	2026-08-15_15-25-15	4.271656036376953	2026-08-15_15-25-15	True	2026-08-15_15-25-15	[1 0 1 0 0]	2026-08-15_15-25-15	[0 0 0 0 0]	2026-08-15_15-25-15	[0 0 0 0 0 0 0 1 0 0 0 0 0 0 0 0 0 0 0 0 0 0 0 0 0 0 0 0 0 0 0 0 0 0 0 0 0 0 0 0 0 0 0 0 0 0 0 1 0 0 0 0 0 0 0 0 0 0 0 0 0 0 0 0 0 0 0 0 0 0 0 0 0]	2026-08-15_15-25-15	[0 0 0 0 0 0 0 0 1 0 0 0 0 0 0 0 0 0 0 0 0 0 0 0 0 0 0 0 0 0 0 0 0 0 0 0 0 0 1 0 0 0 0 0 0 0 0 0 0 0 0 0 0 0 0 0 0 0 0 0 0 0 0 0 0 0 0 0 0 0 0 0 0]	2026-08-15_15-25-15	[2]	2026-08-15_15-25-15	[1 0 1 1 0]	2026-08-15_15-25-15	[0 1 0 0 0]	2026-08-15_15-25-15	[0 0 0 0 0 0 0 1 0 0 0 0 0 0 0 0 0 0 0 0 0 0 0 0 0 0 0 1 0 0 0 0 0 0 0 0 0 0 0 0 0 0 0 0 0 0 0 1 0 0 0 0 0 0 0 0 0 0 0 0 0 0 0 0 0 0 0 0 0 0 0 0 0]	2026-08-15_15-25-15	[0 0 0 0 0 0 0 0 1 0 0 0 0 0 0 0 0 0 0 0 0 0 0 0 0 0 0 0 0 0 0 0 0 0 0 0 0 0 1 0 0 0 0 0 0 0 0 0 0 0 0 0 0 0 1 0 0 0 0 0 0 0 0 0 0 0 0 0 0 0 0 0 0]	2026-08-15_15-25-15	[2]	2026-08-15_15-25-15
0	2026-08-15_15-25-15	-0.8999999761581421	2026-08-15_15-25-15	12.106830596923828	2026-08-15_15-25-15	1.7876516580581665	2026-08-15_15-25-15	1.780375599861145	2026-08-15_15-25-15	4.267941474914551	2026-08-15_15-25-15	4.270862102508545	2026-08-15_15-25-15	True	2026-08-15_15-25-15	[1 0 1 1 0]	2026-08-15_15-25-15	[0 1 0 0 0]	2026-08-15_15-25-15	[0 0 0 0 0 0 0 1 0 0 0 0 0 0 0 0 0 0 0 0 0 0 0 0 0 0 0 1 0 0 0 0 0 0 0 0 0 0 0 0 0 0 0 0 0 0 0 1 0 0 0 0 0 0 0 0 0 0 0 0 0 0 0 0 0 0 0 0 0 0 0 0 0]	2026-08-15_15-25-15	[0 0 0 0 0 0 0 0 1 0 0 0 0 0 0 0 0 0 0 0 0 0 0 0 0 0 0 0 0 0 0 0 0 0 0 0 0 0 1 0 0 0 0 0 0 0 0 0 0 0 0 0 0 0 1 0 0 0 0 0 0 0 0 0 0 0 0 0 0 0 0 0 0]	2026-08-15_15-25-15	[2]	2026-08-15_15-25-15	[1 0 1 0 0]	2026-08-15_15-25-15	[0 0 0 0 0]	2026-08-15_15-25-15	[0 0 0 0 0 0 0 1 0 0 0 0 0 0 0 0 0 0 0 0 0 0 0 0 0 0 0 0 0 0 0 0 0 0 0 0 0 0 0 0 0 0 0 0 0 0 0 1 0 0 0 0 0 0 0 0 0 0 0 0 0 0 0 0 0 0 0 0 0 0 0 0 0]	2026-08-15_15-25-15	[0 0 0 0 0 0 0 0 1 0 0 0 0 0 0 0 0 0 0 0 0 0 0 0 0 0 0 0 0 0 0 0 0 0 0 0 0 0 1 0 0 0 0 0 0 0 0 0 0 0 0 0 0 0 0 0 0 0 0 0 0 0 0 0 0 0 0 0 0 0 0 0 0]	2026-08-15_15-25-15	[2]	2026-08-15_15-25-15
0	2026-08-15_15-25-15	-0.8999999761581421	2026-08-15_15-25-15	12.109794616699219	2026-08-15_15-25-15	1.7892889976501465	2026-08-15_15-25-15	1.7813522815704346	2026-08-15_15-25-15	4.268560409545898	2026-08-15_15-25-15	4.27059268951416	2026-08-15_15-25-15	True	2026-08-15_15-25-15	[1 0 1 0 0]	2026-08-15_15-25-15	[0 0 0 0 0]	2026-08-15_15-25-15	[0 0 0 0 0 0 0 1 0 0 0 0 0 0 0 0 0 0 0 0 0 0 0 0 0 0 0 0 0 0 0 0 0 0 0 0 0 0 0 0 0 0 0 0 0 0 0 1 0 0 0 0 0 0 0 0 0 0 0 0 0 0 0 0 0 0 0 0 0 0 0 0 0]	2026-08-15_15-25-15	[0 0 0 0 0 0 0 0 1 0 0 0 0 0 0 0 0 0 0 0 0 0 0 0 0 0 0 0 0 0 0 0 0 0 0 0 0 0 1 0 0 0 0 0 0 0 0 0 0 0 0 0 0 0 0 0 0 0 0 0 0 0 0 0 0 0 0 0 0 0 0 0 0]	2026-08-15_15-25-15	[2]	2026-08-15_15-25-15	[1 0 1 1 0]	2026-08-15_15-25-15	[0 1 0 0 0]	2026-08-15_15-25-15	[0 0 0 0 0 0 0 1 0 0 0 0 0 0 0 0 0 0 0 0 0 0 0 0 0 0 0 1 0 0 0 0 0 0 0 0 0 0 0 0 0 0 0 0 0 0 0 1 0 0 0 0 0 0 0 0 0 0 0 0 0 0 0 0 0 0 0 0 0 0 0 0 0]	2026-08-15_15-25-15	[0 0 0 0 0 0 0 0 1 0 0 0 0 0 0 0 0 0 0 0 0 0 0 0 0 0 0 0 0 0 0 0 0 0 0 0 0 0 1 0 0 0 0 0 0 0 0 0 0 0 0 0 0 0 1 0 0 0 0 0 0 0 0 0 0 0 0 0 0 0 0 0 0]	2026-08-15_15-25-15	[2]	2026-08-15_15-25-15
0	2026-08-15_15-25-15	-0.8999999761581421	2026-08-15_15-25-15	12.104232788085938	2026-08-15_15-25-15	1.7878930568695068	2026-08-15_15-25-15	1.7806599140167236	2026-08-15_15-25-15	4.266424655914307	2026-08-15_15-25-15	4.2692551612854	2026-08-15_15-25-15	True	2026-08-15_15-25-15	[1 0 1 1 0]	2026-08-15_15-25-15	[0 1 0 0 0]	2026-08-15_15-25-15	[0 0 0 0 0 0 0 1 0 0 0 0 0 0 0 0 0 0 0 0 0 0 0 0 0 0 0 1 0 0 0 0 0 0 0 0 0 0 0 0 0 0 0 0 0 0 0 1 0 0 0 0 0 0 0 0 0 0 0 0 0 0 0 0 0 0 0 0 0 0 0 0 0]	2026-08-15_15-25-15	[0 0 0 0 0 0 0 0 1 0 0 0 0 0 0 0 0 0 0 0 0 0 0 0 0 0 0 0 0 0 0 0 0 0 0 0 0 0 1 0 0 0 0 0 0 0 0 0 0 0 0 0 0 0 1 0 0 0 0 0 0 0 0 0 0 0 0 0 0 0 0 0 0]	2026-08-15_15-25-15	[2]	2026-08-15_15-25-15	[1 0 1 0 0]	2026-08-15_15-25-15	[0 0 0 0 0]	2026-08-15_15-25-15	[0 0 0 0 0 0 0 1 0 0 0 0 0 0 0 0 0 0 0 0 0 0 0 0 0 0 0 0 0 0 0 0 0 0 0 0 0 0 0 0 0 0 0 0 0 0 0 1 0 0 0 0 0 0 0 0 0 0 0 0 0 0 0 0 0 0 0 0 0 0 0 0 0]	2026-08-15_15-25-15	[0 0 0 0 0 0 0 0 1 0 0 0 0 0 0 0 0 0 0 0 0 0 0 0 0 0 0 0 0 0 0 0 0 0 0 0 0 0 1 0 0 0 0 0 0 0 0 0 0 0 0 0 0 0 0 0 0 0 0 0 0 0 0 0 0 0 0 0 0 0 0 0 0]	2026-08-15_15-25-15	[2]	2026-08-15_15-25-15
0	2026-08-15_15-25-15	-0.8999999761581421	2026-08-15_15-25-15	12.111513137817383	2026-08-15_15-25-15	1.7900235652923584	2026-08-15_15-25-15	1.7832505702972412	2026-08-15_15-25-15	4.267236709594727	2026-08-15_15-25-15	4.271002292633057	2026-08-15_15-25-15	True	2026-08-15_15-25-15	[1 0 1 0 0]	2026-08-15_15-25-15	[0 0 0 0 0]	2026-08-15_15-25-15	[0 0 0 0 0 0 0 1 0 0 0 0 0 0 0 0 0 0 0 0 0 0 0 0 0 0 0 0 0 0 0 0 0 0 0 0 0 0 0 0 0 0 0 0 0 0 0 1 0 0 0 0 0 0 0 0 0 0 0 0 0 0 0 0 0 0 0 0 0 0 0 0 0]	2026-08-15_15-25-15	[0 0 0 0 0 0 0 0 1 0 0 0 0 0 0 0 0 0 0 0 0 0 0 0 0 0 0 0 0 0 0 0 0 0 0 0 0 0 1 0 0 0 0 0 0 0 0 0 0 0 0 0 0 0 0 0 0 0 0 0 0 0 0 0 0 0 0 0 0 0 0 0 0]	2026-08-15_15-25-15	[2]	2026-08-15_15-25-15	[1 0 1 1 0]	2026-08-15_15-25-15	[0 1 0 0 0]	2026-08-15_15-25-15	[0 0 0 0 0 0 0 1 0 0 0 0 0 0 0 0 0 0 0 0 0 0 0 0 0 0 0 1 0 0 0 0 0 0 0 0 0 0 0 0 0 0 0 0 0 0 0 1 0 0 0 0 0 0 0 0 0 0 0 0 0 0 0 0 0 0 0 0 0 0 0 0 0]	2026-08-15_15-25-15	[0 0 0 0 0 0 0 0 1 0 0 0 0 0 0 0 0 0 0 0 0 0 0 0 0 0 0 0 0 0 0 0 0 0 0 0 0 0 1 0 0 0 0 0 0 0 0 0 0 0 0 0 0 0 1 0 0 0 0 0 0 0 0 0 0 0 0 0 0 0 0 0 0]	2026-08-15_15-25-15	[2]	2026-08-15_15-25-15
0	2026-08-15_15-25-15	-0.8999999761581421	2026-08-15_15-25-15	12.10763931274414	2026-08-15_15-25-15	1.7887134552001953	2026-08-15_15-25-15	1.7809805870056152	2026-08-15_15-25-15	4.267892837524414	2026-08-15_15-25-15	4.270052433013916	2026-08-15_15-25-15	True	2026-08-15_15-25-15	[1 0 1 1 0]	2026-08-15_15-25-15	[0 1 0 0 0]	2026-08-15_15-25-15	[0 0 0 0 0 0 0 1 0 0 0 0 0 0 0 0 0 0 0 0 0 0 0 0 0 0 0 1 0 0 0 0 0 0 0 0 0 0 0 0 0 0 0 0 0 0 0 1 0 0 0 0 0 0 0 0 0 0 0 0 0 0 0 0 0 0 0 0 0 0 0 0 0]	2026-08-15_15-25-15	[0 0 0 0 0 0 0 0 1 0 0 0 0 0 0 0 0 0 0 0 0 0 0 0 0 0 0 0 0 0 0 0 0 0 0 0 0 0 1 0 0 0 0 0 0 0 0 0 0 0 0 0 0 0 1 0 0 0 0 0 0 0 0 0 0 0 0 0 0 0 0 0 0]	2026-08-15_15-25-15	[2]	2026-08-15_15-25-15	[1 0 1 0 0]	2026-08-15_15-25-15	[0 0 0 0 0]	2026-08-15_15-25-15	[0 0 0 0 0 0 0 1 0 0 0 0 0 0 0 0 0 0 0 0 0 0 0 0 0 0 0 0 0 0 0 0 0 0 0 0 0 0 0 0 0 0 0 0 0 0 0 1 0 0 0 0 0 0 0 0 0 0 0 0 0 0 0 0 0 0 0 0 0 0 0 0 0]	2026-08-15_15-25-15	[0 0 0 0 0 0 0 0 1 0 0 0 0 0 0 0 0 0 0 0 0 0 0 0 0 0 0 0 0 0 0 0 0 0 0 0 0 0 1 0 0 0 0 0 0 0 0 0 0 0 0 0 0 0 0 0 0 0 0 0 0 0 0 0 0 0 0 0 0 0 0 0 0]	2026-08-15_15-25-15	[2]	2026-08-15_15-25-15
0	2026-08-15_15-25-15	-0.8999999761581421	2026-08-15_15-25-15	12.111957550048828	2026-08-15_15-25-15	1.7895548343658447	2026-08-15_15-25-15	1.782644271850586	2026-08-15_15-25-15	4.268519878387451	2026-08-15_15-25-15	4.271238803863525	2026-08-15_15-25-15	True	2026-08-15_15-25-15	[1 0 1 0 0]	2026-08-15_15-25-15	[0 0 0 0 0]	2026-08-15_15-25-15	[0 0 0 0 0 0 0 1 0 0 0 0 0 0 0 0 0 0 0 0 0 0 0 0 0 0 0 0 0 0 0 0 0 0 0 0 0 0 0 0 0 0 0 0 0 0 0 1 0 0 0 0 0 0 0 0 0 0 0 0 0 0 0 0 0 0 0 0 0 0 0 0 0]	2026-08-15_15-25-15	[0 0 0 0 0 0 0 0 1 0 0 0 0 0 0 0 0 0 0 0 0 0 0 0 0 0 0 0 0 0 0 0 0 0 0 0 0 0 1 0 0 0 0 0 0 0 0 0 0 0 0 0 0 0 0 0 0 0 0 0 0 0 0 0 0 0 0 0 0 0 0 0 0]	2026-08-15_15-25-15	[2]	2026-08-15_15-25-15	[1 0 1 1 0]	2026-08-15_15-25-15	[0 1 0 0 0]	2026-08-15_15-25-15	[0 0 0 0 0 0 0 1 0 0 0 0 0 0 0 0 0 0 0 0 0 0 0 0 0 0 0 1 0 0 0 0 0 0 0 0 0 0 0 0 0 0 0 0 0 0 0 1 0 0 0 0 0 0 0 0 0 0 0 0 0 0 0 0 0 0 0 0 0 0 0 0 0]	2026-08-15_15-25-15	[0 0 0 0 0 0 0 0 1 0 0 0 0 0 0 0 0 0 0 0 0 0 0 0 0 0 0 0 0 0 0 0 0 0 0 0 0 0 1 0 0 0 0 0 0 0 0 0 0 0 0 0 0 0 1 0 0 0 0 0 0 0 0 0 0 0 0 0 0 0 0 0 0]	2026-08-15_15-25-15	[2]	2026-08-15_15-25-15
0	2026-08-15_15-25-15	-0.8999999761581421	2026-08-15_15-25-15	12.105775833129883	2026-08-15_15-25-15	1.7886942625045776	2026-08-15_15-25-15	1.7802042961120605	2026-08-15_15-25-15	4.267129421234131	2026-08-15_15-25-15	4.269747734069824	2026-08-15_15-25-15	True	2026-08-15_15-25-15	[1 0 1 1 0]	2026-08-15_15-25-15	[0 1 0 0 0]	2026-08-15_15-25-15	[0 0 0 0 0 0 0 1 0 0 0 0 0 0 0 0 0 0 0 0 0 0 0 0 0 0 0 1 0 0 0 0 0 0 0 0 0 0 0 0 0 0 0 0 0 0 0 1 0 0 0 0 0 0 0 0 0 0 0 0 0 0 0 0 0 0 0 0 0 0 0 0 0]	2026-08-15_15-25-15	[0 0 0 0 0 0 0 0 1 0 0 0 0 0 0 0 0 0 0 0 0 0 0 0 0 0 0 0 0 0 0 0 0 0 0 0 0 0 1 0 0 0 0 0 0 0 0 0 0 0 0 0 0 0 1 0 0 0 0 0 0 0 0 0 0 0 0 0 0 0 0 0 0]	2026-08-15_15-25-15	[2]	2026-08-15_15-25-15	[1 0 1 0 0]	2026-08-15_15-25-15	[0 0 0 0 0]	2026-08-15_15-25-15	[0 0 0 0 0 0 0 1 0 0 0 0 0 0 0 0 0 0 0 0 0 0 0 0 0 0 0 0 0 0 0 0 0 0 0 0 0 0 0 0 0 0 0 0 0 0 0 1 0 0 0 0 0 0 0 0 0 0 0 0 0 0 0 0 0 0 0 0 0 0 0 0 0]	2026-08-15_15-25-15	[0 0 0 0 0 0 0 0 1 0 0 0 0 0 0 0 0 0 0 0 0 0 0 0 0 0 0 0 0 0 0 0 0 0 0 0 0 0 1 0 0 0 0 0 0 0 0 0 0 0 0 0 0 0 0 0 0 0 0 0 0 0 0 0 0 0 0 0 0 0 0 0 0]	2026-08-15_15-25-15	[2]	2026-08-15_15-25-15
0	2026-08-15_15-25-15	-0.8999999761581421	2026-08-15_15-25-15	12.112480163574219	2026-08-15_15-25-15	1.7892963886260986	2026-08-15_15-25-15	1.7816548347473145	2026-08-15_15-25-15	4.269789218902588	2026-08-15_15-25-15	4.271740436553955	2026-08-15_15-25-15	True	2026-08-15_15-25-15	[1 0 1 0 0]	2026-08-15_15-25-15	[0 0 0 0 0]	2026-08-15_15-25-15	[0 0 0 0 0 0 0 1 0 0 0 0 0 0 0 0 0 0 0 0 0 0 0 0 0 0 0 0 0 0 0 0 0 0 0 0 0 0 0 0 0 0 0 0 0 0 0 1 0 0 0 0 0 0 0 0 0 0 0 0 0 0 0 0 0 0 0 0 0 0 0 0 0]	2026-08-15_15-25-15	[0 0 0 0 0 0 0 0 1 0 0 0 0 0 0 0 0 0 0 0 0 0 0 0 0 0 0 0 0 0 0 0 0 0 0 0 0 0 1 0 0 0 0 0 0 0 0 0 0 0 0 0 0 0 0 0 0 0 0 0 0 0 0 0 0 0 0 0 0 0 0 0 0]	2026-08-15_15-25-15	[2]	2026-08-15_15-25-15	[1 0 1 1 0]	2026-08-15_15-25-15	[0 1 0 0 0]	2026-08-15_15-25-15	[0 0 0 0 0 0 0 1 0 0 0 0 0 0 0 0 0 0 0 0 0 0 0 0 0 0 0 1 0 0 0 0 0 0 0 0 0 0 0 0 0 0 0 0 0 0 0 1 0 0 0 0 0 0 0 0 0 0 0 0 0 0 0 0 0 0 0 0 0 0 0 0 0]	2026-08-15_15-25-15	[0 0 0 0 0 0 0 0 1 0 0 0 0 0 0 0 0 0 0 0 0 0 0 0 0 0 0 0 0 0 0 0 0 0 0 0 0 0 1 0 0 0 0 0 0 0 0 0 0 0 0 0 0 0 1 0 0 0 0 0 0 0 0 0 0 0 0 0 0 0 0 0 0]	2026-08-15_15-25-15	[2]	2026-08-15_15-25-15
0	2026-08-15_15-25-15	-0.8999999761581421	2026-08-15_15-25-15	12.108627319335938	2026-08-15_15-25-15	1.7888092994689941	2026-08-15_15-25-15	1.7815666198730469	2026-08-15_15-25-15	4.26796293258667	2026-08-15_15-25-15	4.270287990570068	2026-08-15_15-25-15	True	2026-08-15_15-25-15	[1 0 1 1 0]	2026-08-15_15-25-15	[0 1 0 0 0]	2026-08-15_15-25-15	[0 0 0 0 0 0 0 1 0 0 0 0 0 0 0 0 0 0 0 0 0 0 0 0 0 0 0 1 0 0 0 0 0 0 0 0 0 0 0 0 0 0 0 0 0 0 0 1 0 0 0 0 0 0 0 0 0 0 0 0 0 0 0 0 0 0 0 0 0 0 0 0 0]	2026-08-15_15-25-15	[0 0 0 0 0 0 0 0 1 0 0 0 0 0 0 0 0 0 0 0 0 0 0 0 0 0 0 0 0 0 0 0 0 0 0 0 0 0 1 0 0 0 0 0 0 0 0 0 0 0 0 0 0 0 1 0 0 0 0 0 0 0 0 0 0 0 0 0 0 0 0 0 0]	2026-08-15_15-25-15	[2]	2026-08-15_15-25-15	[1 0 1 0 0]	2026-08-15_15-25-15	[0 0 0 0 0]	2026-08-15_15-25-15	[0 0 0 0 0 0 0 1 0 0 0 0 0 0 0 0 0 0 0 0 0 0 0 0 0 0 0 0 0 0 0 0 0 0 0 0 0 0 0 0 0 0 0 0 0 0 0 1 0 0 0 0 0 0 0 0 0 0 0 0 0 0 0 0 0 0 0 0 0 0 0 0 0]	2026-08-15_15-25-15	[0 0 0 0 0 0 0 0 1 0 0 0 0 0 0 0 0 0 0 0 0 0 0 0 0 0 0 0 0 0 0 0 0 0 0 0 0 0 1 0 0 0 0 0 0 0 0 0 0 0 0 0 0 0 0 0 0 0 0 0 0 0 0 0 0 0 0 0 0 0 0 0 0]	2026-08-15_15-25-15	[2]	2026-08-15_15-25-15
0	2026-08-15_15-25-15	-0.8999999761581421	2026-08-15_15-25-15	12.113219261169434	2026-08-15_15-25-15	1.7891206741333008	2026-08-15_15-25-15	1.7823963165283203	2026-08-15_15-25-15	4.269866466522217	2026-08-15_15-25-15	4.271835803985596	2026-08-15_15-25-15	True	2026-08-15_15-25-15	[1 0 1 0 0]	2026-08-15_15-25-15	[0 0 0 0 0]	2026-08-15_15-25-15	[0 0 0 0 0 0 0 1 0 0 0 0 0 0 0 0 0 0 0 0 0 0 0 0 0 0 0 0 0 0 0 0 0 0 0 0 0 0 0 0 0 0 0 0 0 0 0 1 0 0 0 0 0 0 0 0 0 0 0 0 0 0 0 0 0 0 0 0 0 0 0 0 0]	2026-08-15_15-25-15	[0 0 0 0 0 0 0 0 1 0 0 0 0 0 0 0 0 0 0 0 0 0 0 0 0 0 0 0 0 0 0 0 0 0 0 0 0 0 1 0 0 0 0 0 0 0 0 0 0 0 0 0 0 0 0 0 0 0 0 0 0 0 0 0 0 0 0 0 0 0 0 0 0]	2026-08-15_15-25-15	[2]	2026-08-15_15-25-15	[1 0 1 1 0]	2026-08-15_15-25-15	[0 1 0 0 0]	2026-08-15_15-25-15	[0 0 0 0 0 0 0 1 0 0 0 0 0 0 0 0 0 0 0 0 0 0 0 0 0 0 0 1 0 0 0 0 0 0 0 0 0 0 0 0 0 0 0 0 0 0 0 1 0 0 0 0 0 0 0 0 0 0 0 0 0 0 0 0 0 0 0 0 0 0 0 0 0]	2026-08-15_15-25-15	[0 0 0 0 0 0 0 0 1 0 0 0 0 0 0 0 0 0 0 0 0 0 0 0 0 0 0 0 0 0 0 0 0 0 0 0 0 0 1 0 0 0 0 0 0 0 0 0 0 0 0 0 0 0 1 0 0 0 0 0 0 0 0 0 0 0 0 0 0 0 0 0 0]	2026-08-15_15-25-15	[2]	2026-08-15_15-25-15
0	2026-08-15_15-25-15	-0.8999999761581421	2026-08-15_15-25-15	12.10871696472168	2026-08-15_15-25-15	1.7878636121749878	2026-08-15_15-25-15	1.7820831537246704	2026-08-15_15-25-15	4.26731014251709	2026-08-15_15-25-15	4.27146053314209	2026-08-15_15-25-15	True	2026-08-15_15-25-15	[1 0 1 1 0]	2026-08-15_15-25-15	[0 1 0 0 0]	2026-08-15_15-25-15	[0 0 0 0 0 0 0 1 0 0 0 0 0 0 0 0 0 0 0 0 0 0 0 0 0 0 0 1 0 0 0 0 0 0 0 0 0 0 0 0 0 0 0 0 0 0 0 1 0 0 0 0 0 0 0 0 0 0 0 0 0 0 0 0 0 0 0 0 0 0 0 0 0]	2026-08-15_15-25-15	[0 0 0 0 0 0 0 0 1 0 0 0 0 0 0 0 0 0 0 0 0 0 0 0 0 0 0 0 0 0 0 0 0 0 0 0 0 0 1 0 0 0 0 0 0 0 0 0 0 0 0 0 0 0 1 0 0 0 0 0 0 0 0 0 0 0 0 0 0 0 0 0 0]	2026-08-15_15-25-15	[2]	2026-08-15_15-25-15	[1 0 1 0 0]	2026-08-15_15-25-15	[0 0 0 0 0]	2026-08-15_15-25-15	[0 0 0 0 0 0 0 1 0 0 0 0 0 0 0 0 0 0 0 0 0 0 0 0 0 0 0 0 0 0 0 0 0 0 0 0 0 0 0 0 0 0 0 0 0 0 0 1 0 0 0 0 0 0 0 0 0 0 0 0 0 0 0 0 0 0 0 0 0 0 0 0 0]	2026-08-15_15-25-15	[0 0 0 0 0 0 0 0 1 0 0 0 0 0 0 0 0 0 0 0 0 0 0 0 0 0 0 0 0 0 0 0 0 0 0 0 0 0 1 0 0 0 0 0 0 0 0 0 0 0 0 0 0 0 0 0 0 0 0 0 0 0 0 0 0 0 0 0 0 0 0 0 0]	2026-08-15_15-25-15	[2]	2026-08-15_15-25-15
0	2026-08-15_15-25-15	-0.8999999761581421	2026-08-15_15-25-15	12.114664077758789	2026-08-15_15-25-15	1.789609670639038	2026-08-15_15-25-15	1.782646894454956	2026-08-15_15-25-15	4.269586563110352	2026-08-15_15-25-15	4.272820949554443	2026-08-15_15-25-15	True	2026-08-15_15-25-15	[1 0 1 0 0]	2026-08-15_15-25-15	[0 0 0 0 0]	2026-08-15_15-25-15	[0 0 0 0 0 0 0 1 0 0 0 0 0 0 0 0 0 0 0 0 0 0 0 0 0 0 0 0 0 0 0 0 0 0 0 0 0 0 0 0 0 0 0 0 0 0 0 1 0 0 0 0 0 0 0 0 0 0 0 0 0 0 0 0 0 0 0 0 0 0 0 0 0]	2026-08-15_15-25-15	[0 0 0 0 0 0 0 0 1 0 0 0 0 0 0 0 0 0 0 0 0 0 0 0 0 0 0 0 0 0 0 0 0 0 0 0 0 0 1 0 0 0 0 0 0 0 0 0 0 0 0 0 0 0 0 0 0 0 0 0 0 0 0 0 0 0 0 0 0 0 0 0 0]	2026-08-15_15-25-15	[2]	2026-08-15_15-25-15	[1 0 1 1 0]	2026-08-15_15-25-15	[0 1 0 0 0]	2026-08-15_15-25-15	[0 0 0 0 0 0 0 1 0 0 0 0 0 0 0 0 0 0 0 0 0 0 0 0 0 0 0 1 0 0 0 0 0 0 0 0 0 0 0 0 0 0 0 0 0 0 0 1 0 0 0 0 0 0 0 0 0 0 0 0 0 0 0 0 0 0 0 0 0 0 0 0 0]	2026-08-15_15-25-15	[0 0 0 0 0 0 0 0 1 0 0 0 0 0 0 0 0 0 0 0 0 0 0 0 0 0 0 0 0 0 0 0 0 0 0 0 0 0 1 0 0 0 0 0 0 0 0 0 0 0 0 0 0 0 1 0 0 0 0 0 0 0 0 0 0 0 0 0 0 0 0 0 0]	2026-08-15_15-25-15	[2]	2026-08-15_15-25-15
0	2026-08-15_15-25-15	-0.8999999761581421	2026-08-15_15-25-15	12.105630874633789	2026-08-15_15-25-15	1.7886539697647095	2026-08-15_15-25-15	1.7802339792251587	2026-08-15_15-25-15	4.267096042633057	2026-08-15_15-25-15	4.269646644592285	2026-08-15_15-25-15	True	2026-08-15_15-25-15	[1 0 1 1 0]	2026-08-15_15-25-15	[0 1 0 0 0]	2026-08-15_15-25-15	[0 0 0 0 0 0 0 1 0 0 0 0 0 0 0 0 0 0 0 0 0 0 0 0 0 0 0 1 0 0 0 0 0 0 0 0 0 0 0 0 0 0 0 0 0 0 0 1 0 0 0 0 0 0 0 0 0 0 0 0 0 0 0 0 0 0 0 0 0 0 0 0 0]	2026-08-15_15-25-15	[0 0 0 0 0 0 0 0 1 0 0 0 0 0 0 0 0 0 0 0 0 0 0 0 0 0 0 0 0 0 0 0 0 0 0 0 0 0 1 0 0 0 0 0 0 0 0 0 0 0 0 0 0 0 1 0 0 0 0 0 0 0 0 0 0 0 0 0 0 0 0 0 0]	2026-08-15_15-25-15	[2]	2026-08-15_15-25-15	[1 0 1 0 0]	2026-08-15_15-25-15	[0 0 0 0 0]	2026-08-15_15-25-15	[0 0 0 0 0 0 0 1 0 0 0 0 0 0 0 0 0 0 0 0 0 0 0 0 0 0 0 0 0 0 0 0 0 0 0 0 0 0 0 0 0 0 0 0 0 0 0 1 0 0 0 0 0 0 0 0 0 0 0 0 0 0 0 0 0 0 0 0 0 0 0 0 0]	2026-08-15_15-25-15	[0 0 0 0 0 0 0 0 1 0 0 0 0 0 0 0 0 0 0 0 0 0 0 0 0 0 0 0 0 0 0 0 0 0 0 0 0 0 1 0 0 0 0 0 0 0 0 0 0 0 0 0 0 0 0 0 0 0 0 0 0 0 0 0 0 0 0 0 0 0 0 0 0]	2026-08-15_15-25-15	[2]	2026-08-15_15-25-15
0	2026-08-15_15-25-15	-0.8999999761581421	2026-08-15_15-25-15	12.109354972839355	2026-08-15_15-25-15	1.7894134521484375	2026-08-15_15-25-15	1.780720829963684	2026-08-15_15-25-15	4.268710613250732	2026-08-15_15-25-15	4.270510196685791	2026-08-15_15-25-15	True	2026-08-15_15-25-15	[1 0 1 0 0]	2026-08-15_15-25-15	[0 0 0 0 0]	2026-08-15_15-25-15	[0 0 0 0 0 0 0 1 0 0 0 0 0 0 0 0 0 0 0 0 0 0 0 0 0 0 0 0 0 0 0 0 0 0 0 0 0 0 0 0 0 0 0 0 0 0 0 1 0 0 0 0 0 0 0 0 0 0 0 0 0 0 0 0 0 0 0 0 0 0 0 0 0]	2026-08-15_15-25-15	[0 0 0 0 0 0 0 0 1 0 0 0 0 0 0 0 0 0 0 0 0 0 0 0 0 0 0 0 0 0 0 0 0 0 0 0 0 0 1 0 0 0 0 0 0 0 0 0 0 0 0 0 0 0 0 0 0 0 0 0 0 0 0 0 0 0 0 0 0 0 0 0 0]	2026-08-15_15-25-15	[2]	2026-08-15_15-25-15	[1 0 1 1 0]	2026-08-15_15-25-15	[0 1 0 0 0]	2026-08-15_15-25-15	[0 0 0 0 0 0 0 1 0 0 0 0 0 0 0 0 0 0 0 0 0 0 0 0 0 0 0 1 0 0 0 0 0 0 0 0 0 0 0 0 0 0 0 0 0 0 0 1 0 0 0 0 0 0 0 0 0 0 0 0 0 0 0 0 0 0 0 0 0 0 0 0 0]	2026-08-15_15-25-15	[0 0 0 0 0 0 0 0 1 0 0 0 0 0 0 0 0 0 0 0 0 0 0 0 0 0 0 0 0 0 0 0 0 0 0 0 0 0 1 0 0 0 0 0 0 0 0 0 0 0 0 0 0 0 1 0 0 0 0 0 0 0 0 0 0 0 0 0 0 0 0 0 0]	2026-08-15_15-25-15	[2]	2026-08-15_15-25-15
0	2026-08-15_15-25-15	-0.8999999761581421	2026-08-15_15-25-15	12.106016159057617	2026-08-15_15-25-15	1.788408637046814	2026-08-15_15-25-15	1.7806565761566162	2026-08-15_15-25-15	4.267177581787109	2026-08-15_15-25-15	4.269773483276367	2026-08-15_15-25-15	True	2026-08-15_15-25-15	[1 0 1 1 0]	2026-08-15_15-25-15	[0 1 0 0 0]	2026-08-15_15-25-15	[0 0 0 0 0 0 0 1 0 0 0 0 0 0 0 0 0 0 0 0 0 0 0 0 0 0 0 1 0 0 0 0 0 0 0 0 0 0 0 0 0 0 0 0 0 0 0 1 0 0 0 0 0 0 0 0 0 0 0 0 0 0 0 0 0 0 0 0 0 0 0 0 0]	2026-08-15_15-25-15	[0 0 0 0 0 0 0 0 1 0 0 0 0 0 0 0 0 0 0 0 0 0 0 0 0 0 0 0 0 0 0 0 0 0 0 0 0 0 1 0 0 0 0 0 0 0 0 0 0 0 0 0 0 0 1 0 0 0 0 0 0 0 0 0 0 0 0 0 0 0 0 0 0]	2026-08-15_15-25-15	[2]	2026-08-15_15-25-15	[1 0 1 0 0]	2026-08-15_15-25-15	[0 0 0 0 0]	2026-08-15_15-25-15	[0 0 0 0 0 0 0 1 0 0 0 0 0 0 0 0 0 0 0 0 0 0 0 0 0 0 0 0 0 0 0 0 0 0 0 0 0 0 0 0 0 0 0 0 0 0 0 1 0 0 0 0 0 0 0 0 0 0 0 0 0 0 0 0 0 0 0 0 0 0 0 0 0]	2026-08-15_15-25-15	[0 0 0 0 0 0 0 0 1 0 0 0 0 0 0 0 0 0 0 0 0 0 0 0 0 0 0 0 0 0 0 0 0 0 0 0 0 0 1 0 0 0 0 0 0 0 0 0 0 0 0 0 0 0 0 0 0 0 0 0 0 0 0 0 0 0 0 0 0 0 0 0 0]	2026-08-15_15-25-15	[2]	2026-08-15_15-25-15
0	2026-08-15_15-25-15	-0.8999999761581421	2026-08-15_15-25-15	12.109682083129883	2026-08-15_15-25-15	1.788800835609436	2026-08-15_15-25-15	1.7804992198944092	2026-08-15_15-25-15	4.269595146179199	2026-08-15_15-25-15	4.270786762237549	2026-08-15_15-25-15	True	2026-08-15_15-25-15	[1 0 1 0 0]	2026-08-15_15-25-15	[0 0 0 0 0]	2026-08-15_15-25-15	[0 0 0 0 0 0 0 1 0 0 0 0 0 0 0 0 0 0 0 0 0 0 0 0 0 0 0 0 0 0 0 0 0 0 0 0 0 0 0 0 0 0 0 0 0 0 0 1 0 0 0 0 0 0 0 0 0 0 0 0 0 0 0 0 0 0 0 0 0 0 0 0 0]	2026-08-15_15-25-15	[0 0 0 0 0 0 0 0 1 0 0 0 0 0 0 0 0 0 0 0 0 0 0 0 0 0 0 0 0 0 0 0 0 0 0 0 0 0 1 0 0 0 0 0 0 0 0 0 0 0 0 0 0 0 0 0 0 0 0 0 0 0 0 0 0 0 0 0 0 0 0 0 0]	2026-08-15_15-25-15	[2]	2026-08-15_15-25-15	[1 0 1 1 0]	2026-08-15_15-25-15	[0 1 0 0 0]	2026-08-15_15-25-15	[0 0 0 0 0 0 0 1 0 0 0 0 0 0 0 0 0 0 0 0 0 0 0 0 0 0 0 1 0 0 0 0 0 0 0 0 0 0 0 0 0 0 0 0 0 0 0 1 0 0 0 0 0 0 0 0 0 0 0 0 0 0 0 0 0 0 0 0 0 0 0 0 0]	2026-08-15_15-25-15	[0 0 0 0 0 0 0 0 1 0 0 0 0 0 0 0 0 0 0 0 0 0 0 0 0 0 0 0 0 0 0 0 0 0 0 0 0 0 1 0 0 0 0 0 0 0 0 0 0 0 0 0 0 0 1 0 0 0 0 0 0 0 0 0 0 0 0 0 0 0 0 0 0]	2026-08-15_15-25-15	[2]	2026-08-15_15-25-15
0	2026-08-15_15-25-15	-0.8999999761581421	2026-08-15_15-25-15	12.106147766113281	2026-08-15_15-25-15	1.7883520126342773	2026-08-15_15-25-15	1.7806694507598877	2026-08-15_15-25-15	4.267016887664795	2026-08-15_15-25-15	4.270108699798584	2026-08-15_15-25-15	True	2026-08-15_15-25-15	[1 0 1 1 0]	2026-08-15_15-25-15	[0 1 0 0 0]	2026-08-15_15-25-15	[0 0 0 0 0 0 0 1 0 0 0 0 0 0 0 0 0 0 0 0 0 0 0 0 0 0 0 1 0 0 0 0 0 0 0 0 0 0 0 0 0 0 0 0 0 0 0 1 0 0 0 0 0 0 0 0 0 0 0 0 0 0 0 0 0 0 0 0 0 0 0 0 0]	2026-08-15_15-25-15	[0 0 0 0 0 0 0 0 1 0 0 0 0 0 0 0 0 0 0 0 0 0 0 0 0 0 0 0 0 0 0 0 0 0 0 0 0 0 1 0 0 0 0 0 0 0 0 0 0 0 0 0 0 0 1 0 0 0 0 0 0 0 0 0 0 0 0 0 0 0 0 0 0]	2026-08-15_15-25-15	[2]	2026-08-15_15-25-15	[1 0 1 0 0]	2026-08-15_15-25-15	[0 0 0 0 0]	2026-08-15_15-25-15	[0 0 0 0 0 0 0 1 0 0 0 0 0 0 0 0 0 0 0 0 0 0 0 0 0 0 0 0 0 0 0 0 0 0 0 0 0 0 0 0 0 0 0 0 0 0 0 1 0 0 0 0 0 0 0 0 0 0 0 0 0 0 0 0 0 0 0 0 0 0 0 0 0]	2026-08-15_15-25-15	[0 0 0 0 0 0 0 0 1 0 0 0 0 0 0 0 0 0 0 0 0 0 0 0 0 0 0 0 0 0 0 0 0 0 0 0 0 0 1 0 0 0 0 0 0 0 0 0 0 0 0 0 0 0 0 0 0 0 0 0 0 0 0 0 0 0 0 0 0 0 0 0 0]	2026-08-15_15-25-15	[2]	2026-08-15_15-25-15
0	2026-08-15_15-25-15	-0.8999999761581421	2026-08-15_15-25-15	12.108522415161133	2026-08-15_15-25-15	1.7893054485321045	2026-08-15_15-25-15	1.7817988395690918	2026-08-15_15-25-15	4.26760196685791	2026-08-15_15-25-15	4.269815921783447	2026-08-15_15-25-15	True	2026-08-15_15-25-15	[1 0 1 0 0]	2026-08-15_15-25-15	[0 0 0 0 0]	2026-08-15_15-25-15	[0 0 0 0 0 0 0 1 0 0 0 0 0 0 0 0 0 0 0 0 0 0 0 0 0 0 0 0 0 0 0 0 0 0 0 0 0 0 0 0 0 0 0 0 0 0 0 1 0 0 0 0 0 0 0 0 0 0 0 0 0 0 0 0 0 0 0 0 0 0 0 0 0]	2026-08-15_15-25-15	[0 0 0 0 0 0 0 0 1 0 0 0 0 0 0 0 0 0 0 0 0 0 0 0 0 0 0 0 0 0 0 0 0 0 0 0 0 0 1 0 0 0 0 0 0 0 0 0 0 0 0 0 0 0 0 0 0 0 0 0 0 0 0 0 0 0 0 0 0 0 0 0 0]	2026-08-15_15-25-15	[2]	2026-08-15_15-25-15	[1 0 1 1 0]	2026-08-15_15-25-15	[0 1 0 0 0]	2026-08-15_15-25-15	[0 0 0 0 0 0 0 1 0 0 0 0 0 0 0 0 0 0 0 0 0 0 0 0 0 0 0 1 0 0 0 0 0 0 0 0 0 0 0 0 0 0 0 0 0 0 0 1 0 0 0 0 0 0 0 0 0 0 0 0 0 0 0 0 0 0 0 0 0 0 0 0 0]	2026-08-15_15-25-15	[0 0 0 0 0 0 0 0 1 0 0 0 0 0 0 0 0 0 0 0 0 0 0 0 0 0 0 0 0 0 0 0 0 0 0 0 0 0 1 0 0 0 0 0 0 0 0 0 0 0 0 0 0 0 1 0 0 0 0 0 0 0 0 0 0 0 0 0 0 0 0 0 0]	2026-08-15_15-25-15	[2]	2026-08-15_15-25-15
0	2026-08-15_15-25-15	-0.8999999761581421	2026-08-15_15-25-15	12.106664657592773	2026-08-15_15-25-15	1.78873610496521	2026-08-15_15-25-15	1.7804150581359863	2026-08-15_15-25-15	4.267358303070068	2026-08-15_15-25-15	4.270155429840088	2026-08-15_15-25-15	True	2026-08-15_15-25-15	[1 0 1 1 0]	2026-08-15_15-25-15	[0 1 0 0 0]	2026-08-15_15-25-15	[0 0 0 0 0 0 0 1 0 0 0 0 0 0 0 0 0 0 0 0 0 0 0 0 0 0 0 1 0 0 0 0 0 0 0 0 0 0 0 0 0 0 0 0 0 0 0 1 0 0 0 0 0 0 0 0 0 0 0 0 0 0 0 0 0 0 0 0 0 0 0 0 0]	2026-08-15_15-25-15	[0 0 0 0 0 0 0 0 1 0 0 0 0 0 0 0 0 0 0 0 0 0 0 0 0 0 0 0 0 0 0 0 0 0 0 0 0 0 1 0 0 0 0 0 0 0 0 0 0 0 0 0 0 0 1 0 0 0 0 0 0 0 0 0 0 0 0 0 0 0 0 0 0]	2026-08-15_15-25-15	[2]	2026-08-15_15-25-15	[1 0 1 0 0]	2026-08-15_15-25-15	[0 0 0 0 0]	2026-08-15_15-25-15	[0 0 0 0 0 0 0 1 0 0 0 0 0 0 0 0 0 0 0 0 0 0 0 0 0 0 0 0 0 0 0 0 0 0 0 0 0 0 0 0 0 0 0 0 0 0 0 1 0 0 0 0 0 0 0 0 0 0 0 0 0 0 0 0 0 0 0 0 0 0 0 0 0]	2026-08-15_15-25-15	[0 0 0 0 0 0 0 0 1 0 0 0 0 0 0 0 0 0 0 0 0 0 0 0 0 0 0 0 0 0 0 0 0 0 0 0 0 0 1 0 0 0 0 0 0 0 0 0 0 0 0 0 0 0 0 0 0 0 0 0 0 0 0 0 0 0 0 0 0 0 0 0 0]	2026-08-15_15-25-15	[2]	2026-08-15_15-25-15
0	2026-08-15_15-25-15	-0.8999999761581421	2026-08-15_15-25-15	12.10856819152832	2026-08-15_15-25-15	1.7896168231964111	2026-08-15_15-25-15	1.7811589241027832	2026-08-15_15-25-15	4.267850875854492	2026-08-15_15-25-15	4.2699408531188965	2026-08-15_15-25-15	True	2026-08-15_15-25-15	[1 0 1 0 0]	2026-08-15_15-25-15	[0 0 0 0 0]	2026-08-15_15-25-15	[0 0 0 0 0 0 0 1 0 0 0 0 0 0 0 0 0 0 0 0 0 0 0 0 0 0 0 0 0 0 0 0 0 0 0 0 0 0 0 0 0 0 0 0 0 0 0 1 0 0 0 0 0 0 0 0 0 0 0 0 0 0 0 0 0 0 0 0 0 0 0 0 0]	2026-08-15_15-25-15	[0 0 0 0 0 0 0 0 1 0 0 0 0 0 0 0 0 0 0 0 0 0 0 0 0 0 0 0 0 0 0 0 0 0 0 0 0 0 1 0 0 0 0 0 0 0 0 0 0 0 0 0 0 0 0 0 0 0 0 0 0 0 0 0 0 0 0 0 0 0 0 0 0]	2026-08-15_15-25-15	[2]	2026-08-15_15-25-15	[1 0 1 1 0]	2026-08-15_15-25-15	[0 1 0 0 0]	2026-08-15_15-25-15	[0 0 0 0 0 0 0 1 0 0 0 0 0 0 0 0 0 0 0 0 0 0 0 0 0 0 0 1 0 0 0 0 0 0 0 0 0 0 0 0 0 0 0 0 0 0 0 1 0 0 0 0 0 0 0 0 0 0 0 0 0 0 0 0 0 0 0 0 0 0 0 0 0]	2026-08-15_15-25-15	[0 0 0 0 0 0 0 0 1 0 0 0 0 0 0 0 0 0 0 0 0 0 0 0 0 0 0 0 0 0 0 0 0 0 0 0 0 0 1 0 0 0 0 0 0 0 0 0 0 0 0 0 0 0 1 0 0 0 0 0 0 0 0 0 0 0 0 0 0 0 0 0 0]	2026-08-15_15-25-15	[2]	2026-08-15_15-25-15
0	2026-08-15_15-25-15	-0.8999999761581421	2026-08-15_15-25-15	12.108412742614746	2026-08-15_15-25-15	1.7884949445724487	2026-08-15_15-25-15	1.7814371585845947	2026-08-15_15-25-15	4.266964912414551	2026-08-15_15-25-15	4.271515846252441	2026-08-15_15-25-15	True	2026-08-15_15-25-15	[1 0 1 1 0]	2026-08-15_15-25-15	[0 1 0 0 0]	2026-08-15_15-25-15	[0 0 0 0 0 0 0 1 0 0 0 0 0 0 0 0 0 0 0 0 0 0 0 0 0 0 0 1 0 0 0 0 0 0 0 0 0 0 0 0 0 0 0 0 0 0 0 1 0 0 0 0 0 0 0 0 0 0 0 0 0 0 0 0 0 0 0 0 0 0 0 0 0]	2026-08-15_15-25-15	[0 0 0 0 0 0 0 0 1 0 0 0 0 0 0 0 0 0 0 0 0 0 0 0 0 0 0 0 0 0 0 0 0 0 0 0 0 0 1 0 0 0 0 0 0 0 0 0 0 0 0 0 0 0 1 0 0 0 0 0 0 0 0 0 0 0 0 0 0 0 0 0 0]	2026-08-15_15-25-15	[2]	2026-08-15_15-25-15	[1 0 1 0 0]	2026-08-15_15-25-15	[0 0 0 0 0]	2026-08-15_15-25-15	[0 0 0 0 0 0 0 1 0 0 0 0 0 0 0 0 0 0 0 0 0 0 0 0 0 0 0 0 0 0 0 0 0 0 0 0 0 0 0 0 0 0 0 0 0 0 0 1 0 0 0 0 0 0 0 0 0 0 0 0 0 0 0 0 0 0 0 0 0 0 0 0 0]	2026-08-15_15-25-15	[0 0 0 0 0 0 0 0 1 0 0 0 0 0 0 0 0 0 0 0 0 0 0 0 0 0 0 0 0 0 0 0 0 0 0 0 0 0 1 0 0 0 0 0 0 0 0 0 0 0 0 0 0 0 0 0 0 0 0 0 0 0 0 0 0 0 0 0 0 0 0 0 0]	2026-08-15_15-25-15	[2]	2026-08-15_15-25-15
0	2026-08-15_15-25-15	-0.8999999761581421	2026-08-15_15-25-15	12.10901165008545	2026-08-15_15-25-15	1.7892940044403076	2026-08-15_15-25-15	1.7811968326568604	2026-08-15_15-25-15	4.267498970031738	2026-08-15_15-25-15	4.271021842956543	2026-08-15_15-25-15	True	2026-08-15_15-25-15	[1 0 1 0 0]	2026-08-15_15-25-15	[0 0 0 0 0]	2026-08-15_15-25-15	[0 0 0 0 0 0 0 1 0 0 0 0 0 0 0 0 0 0 0 0 0 0 0 0 0 0 0 0 0 0 0 0 0 0 0 0 0 0 0 0 0 0 0 0 0 0 0 1 0 0 0 0 0 0 0 0 0 0 0 0 0 0 0 0 0 0 0 0 0 0 0 0 0]	2026-08-15_15-25-15	[0 0 0 0 0 0 0 0 1 0 0 0 0 0 0 0 0 0 0 0 0 0 0 0 0 0 0 0 0 0 0 0 0 0 0 0 0 0 1 0 0 0 0 0 0 0 0 0 0 0 0 0 0 0 0 0 0 0 0 0 0 0 0 0 0 0 0 0 0 0 0 0 0]	2026-08-15_15-25-15	[2]	2026-08-15_15-25-15	[1 0 1 1 0]	2026-08-15_15-25-15	[0 1 0 0 0]	2026-08-15_15-25-15	[0 0 0 0 0 0 0 1 0 0 0 0 0 0 0 0 0 0 0 0 0 0 0 0 0 0 0 1 0 0 0 0 0 0 0 0 0 0 0 0 0 0 0 0 0 0 0 1 0 0 0 0 0 0 0 0 0 0 0 0 0 0 0 0 0 0 0 0 0 0 0 0 0]	2026-08-15_15-25-15	[0 0 0 0 0 0 0 0 1 0 0 0 0 0 0 0 0 0 0 0 0 0 0 0 0 0 0 0 0 0 0 0 0 0 0 0 0 0 1 0 0 0 0 0 0 0 0 0 0 0 0 0 0 0 1 0 0 0 0 0 0 0 0 0 0 0 0 0 0 0 0 0 0]	2026-08-15_15-25-15	[2]	2026-08-15_15-25-15
0	2026-08-15_15-25-15	-0.8999999761581421	2026-08-15_15-25-15	12.109217643737793	2026-08-15_15-25-15	1.788849115371704	2026-08-15_15-25-15	1.7804105281829834	2026-08-15_15-25-15	4.268932819366455	2026-08-15_15-25-15	4.27102518081665	2026-08-15_15-25-15	True	2026-08-15_15-25-15	[1 0 1 1 0]	2026-08-15_15-25-15	[0 1 0 0 0]	2026-08-15_15-25-15	[0 0 0 0 0 0 0 1 0 0 0 0 0 0 0 0 0 0 0 0 0 0 0 0 0 0 0 1 0 0 0 0 0 0 0 0 0 0 0 0 0 0 0 0 0 0 0 1 0 0 0 0 0 0 0 0 0 0 0 0 0 0 0 0 0 0 0 0 0 0 0 0 0]	2026-08-15_15-25-15	[0 0 0 0 0 0 0 0 1 0 0 0 0 0 0 0 0 0 0 0 0 0 0 0 0 0 0 0 0 0 0 0 0 0 0 0 0 0 1 0 0 0 0 0 0 0 0 0 0 0 0 0 0 0 1 0 0 0 0 0 0 0 0 0 0 0 0 0 0 0 0 0 0]	2026-08-15_15-25-15	[2]	2026-08-15_15-25-15	[1 0 1 0 0]	2026-08-15_15-25-15	[0 0 0 0 0]	2026-08-15_15-25-15	[0 0 0 0 0 0 0 1 0 0 0 0 0 0 0 0 0 0 0 0 0 0 0 0 0 0 0 0 0 0 0 0 0 0 0 0 0 0 0 0 0 0 0 0 0 0 0 1 0 0 0 0 0 0 0 0 0 0 0 0 0 0 0 0 0 0 0 0 0 0 0 0 0]	2026-08-15_15-25-15	[0 0 0 0 0 0 0 0 1 0 0 0 0 0 0 0 0 0 0 0 0 0 0 0 0 0 0 0 0 0 0 0 0 0 0 0 0 0 1 0 0 0 0 0 0 0 0 0 0 0 0 0 0 0 0 0 0 0 0 0 0 0 0 0 0 0 0 0 0 0 0 0 0]	2026-08-15_15-25-15	[2]	2026-08-15_15-25-15
0	2026-08-15_15-25-15	-0.8999999761581421	2026-08-15_15-25-15	12.111942291259766	2026-08-15_15-25-15	1.789357304573059	2026-08-15_15-25-15	1.7819008827209473	2026-08-15_15-25-15	4.268997669219971	2026-08-15_15-25-15	4.271686553955078	2026-08-15_15-25-15	True	2026-08-15_15-25-15	[1 0 1 0 0]	2026-08-15_15-25-15	[0 0 0 0 0]	2026-08-15_15-25-15	[0 0 0 0 0 0 0 1 0 0 0 0 0 0 0 0 0 0 0 0 0 0 0 0 0 0 0 0 0 0 0 0 0 0 0 0 0 0 0 0 0 0 0 0 0 0 0 1 0 0 0 0 0 0 0 0 0 0 0 0 0 0 0 0 0 0 0 0 0 0 0 0 0]	2026-08-15_15-25-15	[0 0 0 0 0 0 0 0 1 0 0 0 0 0 0 0 0 0 0 0 0 0 0 0 0 0 0 0 0 0 0 0 0 0 0 0 0 0 1 0 0 0 0 0 0 0 0 0 0 0 0 0 0 0 0 0 0 0 0 0 0 0 0 0 0 0 0 0 0 0 0 0 0]	2026-08-15_15-25-15	[2]	2026-08-15_15-25-15	[1 0 1 1 0]	2026-08-15_15-25-15	[0 1 0 0 0]	2026-08-15_15-25-15	[0 0 0 0 0 0 0 1 0 0 0 0 0 0 0 0 0 0 0 0 0 0 0 0 0 0 0 1 0 0 0 0 0 0 0 0 0 0 0 0 0 0 0 0 0 0 0 1 0 0 0 0 0 0 0 0 0 0 0 0 0 0 0 0 0 0 0 0 0 0 0 0 0]	2026-08-15_15-25-15	[0 0 0 0 0 0 0 0 1 0 0 0 0 0 0 0 0 0 0 0 0 0 0 0 0 0 0 0 0 0 0 0 0 0 0 0 0 0 1 0 0 0 0 0 0 0 0 0 0 0 0 0 0 0 1 0 0 0 0 0 0 0 0 0 0 0 0 0 0 0 0 0 0]	2026-08-15_15-25-15	[2]	2026-08-15_15-25-15
0	2026-08-15_15-25-15	-0.8999999761581421	2026-08-15_15-25-15	12.10763168334961	2026-08-15_15-25-15	1.7891411781311035	2026-08-15_15-25-15	1.7810696363449097	2026-08-15_15-25-15	4.267629146575928	2026-08-15_15-25-15	4.269791126251221	2026-08-15_15-25-15	True	2026-08-15_15-25-15	[1 0 1 1 0]	2026-08-15_15-25-15	[0 1 0 0 0]	2026-08-15_15-25-15	[0 0 0 0 0 0 0 1 0 0 0 0 0 0 0 0 0 0 0 0 0 0 0 0 0 0 0 1 0 0 0 0 0 0 0 0 0 0 0 0 0 0 0 0 0 0 0 1 0 0 0 0 0 0 0 0 0 0 0 0 0 0 0 0 0 0 0 0 0 0 0 0 0]	2026-08-15_15-25-15	[0 0 0 0 0 0 0 0 1 0 0 0 0 0 0 0 0 0 0 0 0 0 0 0 0 0 0 0 0 0 0 0 0 0 0 0 0 0 1 0 0 0 0 0 0 0 0 0 0 0 0 0 0 0 1 0 0 0 0 0 0 0 0 0 0 0 0 0 0 0 0 0 0]	2026-08-15_15-25-15	[2]	2026-08-15_15-25-15	[1 0 1 0 0]	2026-08-15_15-25-15	[0 0 0 0 0]	2026-08-15_15-25-15	[0 0 0 0 0 0 0 1 0 0 0 0 0 0 0 0 0 0 0 0 0 0 0 0 0 0 0 0 0 0 0 0 0 0 0 0 0 0 0 0 0 0 0 0 0 0 0 1 0 0 0 0 0 0 0 0 0 0 0 0 0 0 0 0 0 0 0 0 0 0 0 0 0]	2026-08-15_15-25-15	[0 0 0 0 0 0 0 0 1 0 0 0 0 0 0 0 0 0 0 0 0 0 0 0 0 0 0 0 0 0 0 0 0 0 0 0 0 0 1 0 0 0 0 0 0 0 0 0 0 0 0 0 0 0 0 0 0 0 0 0 0 0 0 0 0 0 0 0 0 0 0 0 0]	2026-08-15_15-25-15	[2]	2026-08-15_15-25-15
0	2026-08-15_15-25-15	-0.8999999761581421	2026-08-15_15-25-15	12.110502243041992	2026-08-15_15-25-15	1.789273738861084	2026-08-15_15-25-15	1.7817785739898682	2026-08-15_15-25-15	4.268185615539551	2026-08-15_15-25-15	4.27126407623291	2026-08-15_15-25-15	True	2026-08-15_15-25-15	[1 0 1 0 0]	2026-08-15_15-25-15	[0 0 0 0 0]	2026-08-15_15-25-15	[0 0 0 0 0 0 0 1 0 0 0 0 0 0 0 0 0 0 0 0 0 0 0 0 0 0 0 0 0 0 0 0 0 0 0 0 0 0 0 0 0 0 0 0 0 0 0 1 0 0 0 0 0 0 0 0 0 0 0 0 0 0 0 0 0 0 0 0 0 0 0 0 0]	2026-08-15_15-25-15	[0 0 0 0 0 0 0 0 1 0 0 0 0 0 0 0 0 0 0 0 0 0 0 0 0 0 0 0 0 0 0 0 0 0 0 0 0 0 1 0 0 0 0 0 0 0 0 0 0 0 0 0 0 0 0 0 0 0 0 0 0 0 0 0 0 0 0 0 0 0 0 0 0]	2026-08-15_15-25-15	[2]	2026-08-15_15-25-15	[1 0 1 1 0]	2026-08-15_15-25-15	[0 1 0 0 0]	2026-08-15_15-25-15	[0 0 0 0 0 0 0 1 0 0 0 0 0 0 0 0 0 0 0 0 0 0 0 0 0 0 0 1 0 0 0 0 0 0 0 0 0 0 0 0 0 0 0 0 0 0 0 1 0 0 0 0 0 0 0 0 0 0 0 0 0 0 0 0 0 0 0 0 0 0 0 0 0]	2026-08-15_15-25-15	[0 0 0 0 0 0 0 0 1 0 0 0 0 0 0 0 0 0 0 0 0 0 0 0 0 0 0 0 0 0 0 0 0 0 0 0 0 0 1 0 0 0 0 0 0 0 0 0 0 0 0 0 0 0 1 0 0 0 0 0 0 0 0 0 0 0 0 0 0 0 0 0 0]	2026-08-15_15-25-15	[2]	2026-08-15_15-25-15
0	2026-08-15_15-25-15	-0.8999999761581421	2026-08-15_15-25-15	12.10677719116211	2026-08-15_15-25-15	1.7884252071380615	2026-08-15_15-25-15	1.7806793451309204	2026-08-15_15-25-15	4.267566680908203	2026-08-15_15-25-15	4.270105361938477	2026-08-15_15-25-15	True	2026-08-15_15-25-15	[1 0 1 1 0]	2026-08-15_15-25-15	[0 1 0 0 0]	2026-08-15_15-25-15	[0 0 0 0 0 0 0 1 0 0 0 0 0 0 0 0 0 0 0 0 0 0 0 0 0 0 0 1 0 0 0 0 0 0 0 0 0 0 0 0 0 0 0 0 0 0 0 1 0 0 0 0 0 0 0 0 0 0 0 0 0 0 0 0 0 0 0 0 0 0 0 0 0]	2026-08-15_15-25-15	[0 0 0 0 0 0 0 0 1 0 0 0 0 0 0 0 0 0 0 0 0 0 0 0 0 0 0 0 0 0 0 0 0 0 0 0 0 0 1 0 0 0 0 0 0 0 0 0 0 0 0 0 0 0 1 0 0 0 0 0 0 0 0 0 0 0 0 0 0 0 0 0 0]	2026-08-15_15-25-15	[2]	2026-08-15_15-25-15	[1 0 1 0 0]	2026-08-15_15-25-15	[0 0 0 0 0]	2026-08-15_15-25-15	[0 0 0 0 0 0 0 1 0 0 0 0 0 0 0 0 0 0 0 0 0 0 0 0 0 0 0 0 0 0 0 0 0 0 0 0 0 0 0 0 0 0 0 0 0 0 0 1 0 0 0 0 0 0 0 0 0 0 0 0 0 0 0 0 0 0 0 0 0 0 0 0 0]	2026-08-15_15-25-15	[0 0 0 0 0 0 0 0 1 0 0 0 0 0 0 0 0 0 0 0 0 0 0 0 0 0 0 0 0 0 0 0 0 0 0 0 0 0 1 0 0 0 0 0 0 0 0 0 0 0 0 0 0 0 0 0 0 0 0 0 0 0 0 0 0 0 0 0 0 0 0 0 0]	2026-08-15_15-25-15	[2]	2026-08-15_15-25-15
0	2026-08-15_15-25-15	-0.8999999761581421	2026-08-15_15-25-15	12.109817504882812	2026-08-15_15-25-15	1.7898509502410889	2026-08-15_15-25-15	1.781494379043579	2026-08-15_15-25-15	4.267629146575928	2026-08-15_15-25-15	4.270843029022217	2026-08-15_15-25-15	True	2026-08-15_15-25-15	[1 0 1 0 0]	2026-08-15_15-25-15	[0 0 0 0 0]	2026-08-15_15-25-15	[0 0 0 0 0 0 0 1 0 0 0 0 0 0 0 0 0 0 0 0 0 0 0 0 0 0 0 0 0 0 0 0 0 0 0 0 0 0 0 0 0 0 0 0 0 0 0 1 0 0 0 0 0 0 0 0 0 0 0 0 0 0 0 0 0 0 0 0 0 0 0 0 0]	2026-08-15_15-25-15	[0 0 0 0 0 0 0 0 1 0 0 0 0 0 0 0 0 0 0 0 0 0 0 0 0 0 0 0 0 0 0 0 0 0 0 0 0 0 1 0 0 0 0 0 0 0 0 0 0 0 0 0 0 0 0 0 0 0 0 0 0 0 0 0 0 0 0 0 0 0 0 0 0]	2026-08-15_15-25-15	[2]	2026-08-15_15-25-15	[1 0 1 1 0]	2026-08-15_15-25-15	[0 1 0 0 0]	2026-08-15_15-25-15	[0 0 0 0 0 0 0 1 0 0 0 0 0 0 0 0 0 0 0 0 0 0 0 0 0 0 0 1 0 0 0 0 0 0 0 0 0 0 0 0 0 0 0 0 0 0 0 1 0 0 0 0 0 0 0 0 0 0 0 0 0 0 0 0 0 0 0 0 0 0 0 0 0]	2026-08-15_15-25-15	[0 0 0 0 0 0 0 0 1 0 0 0 0 0 0 0 0 0 0 0 0 0 0 0 0 0 0 0 0 0 0 0 0 0 0 0 0 0 1 0 0 0 0 0 0 0 0 0 0 0 0 0 0 0 1 0 0 0 0 0 0 0 0 0 0 0 0 0 0 0 0 0 0]	2026-08-15_15-25-15	[2]	2026-08-15_15-25-15
0	2026-08-15_15-25-15	-0.8999999761581421	2026-08-15_15-25-15	12.106552124023438	2026-08-15_15-25-15	1.7889091968536377	2026-08-15_15-25-15	1.7807881832122803	2026-08-15_15-25-15	4.2671942710876465	2026-08-15_15-25-15	4.269659996032715	2026-08-15_15-25-15	True	2026-08-15_15-25-15	[1 0 1 1 0]	2026-08-15_15-25-15	[0 1 0 0 0]	2026-08-15_15-25-15	[0 0 0 0 0 0 0 1 0 0 0 0 0 0 0 0 0 0 0 0 0 0 0 0 0 0 0 1 0 0 0 0 0 0 0 0 0 0 0 0 0 0 0 0 0 0 0 1 0 0 0 0 0 0 0 0 0 0 0 0 0 0 0 0 0 0 0 0 0 0 0 0 0]	2026-08-15_15-25-15	[0 0 0 0 0 0 0 0 1 0 0 0 0 0 0 0 0 0 0 0 0 0 0 0 0 0 0 0 0 0 0 0 0 0 0 0 0 0 1 0 0 0 0 0 0 0 0 0 0 0 0 0 0 0 1 0 0 0 0 0 0 0 0 0 0 0 0 0 0 0 0 0 0]	2026-08-15_15-25-15	[2]	2026-08-15_15-25-15	[1 0 1 0 0]	2026-08-15_15-25-15	[0 0 0 0 0]	2026-08-15_15-25-15	[0 0 0 0 0 0 0 1 0 0 0 0 0 0 0 0 0 0 0 0 0 0 0 0 0 0 0 0 0 0 0 0 0 0 0 0 0 0 0 0 0 0 0 0 0 0 0 1 0 0 0 0 0 0 0 0 0 0 0 0 0 0 0 0 0 0 0 0 0 0 0 0 0]	2026-08-15_15-25-15	[0 0 0 0 0 0 0 0 1 0 0 0 0 0 0 0 0 0 0 0 0 0 0 0 0 0 0 0 0 0 0 0 0 0 0 0 0 0 1 0 0 0 0 0 0 0 0 0 0 0 0 0 0 0 0 0 0 0 0 0 0 0 0 0 0 0 0 0 0 0 0 0 0]	2026-08-15_15-25-15	[2]	2026-08-15_15-25-15
0	2026-08-15_15-25-15	-0.8999999761581421	2026-08-15_15-25-15	12.113127708435059	2026-08-15_15-25-15	1.789914608001709	2026-08-15_15-25-15	1.7832109928131104	2026-08-15_15-25-15	4.268064022064209	2026-08-15_15-25-15	4.271938323974609	2026-08-15_15-25-15	True	2026-08-15_15-25-15	[1 0 1 0 0]	2026-08-15_15-25-15	[0 0 0 0 0]	2026-08-15_15-25-15	[0 0 0 0 0 0 0 1 0 0 0 0 0 0 0 0 0 0 0 0 0 0 0 0 0 0 0 0 0 0 0 0 0 0 0 0 0 0 0 0 0 0 0 0 0 0 0 1 0 0 0 0 0 0 0 0 0 0 0 0 0 0 0 0 0 0 0 0 0 0 0 0 0]	2026-08-15_15-25-15	[0 0 0 0 0 0 0 0 1 0 0 0 0 0 0 0 0 0 0 0 0 0 0 0 0 0 0 0 0 0 0 0 0 0 0 0 0 0 1 0 0 0 0 0 0 0 0 0 0 0 0 0 0 0 0 0 0 0 0 0 0 0 0 0 0 0 0 0 0 0 0 0 0]	2026-08-15_15-25-15	[2]	2026-08-15_15-25-15	[1 0 1 1 0]	2026-08-15_15-25-15	[0 1 0 0 0]	2026-08-15_15-25-15	[0 0 0 0 0 0 0 1 0 0 0 0 0 0 0 0 0 0 0 0 0 0 0 0 0 0 0 1 0 0 0 0 0 0 0 0 0 0 0 0 0 0 0 0 0 0 0 1 0 0 0 0 0 0 0 0 0 0 0 0 0 0 0 0 0 0 0 0 0 0 0 0 0]	2026-08-15_15-25-15	[0 0 0 0 0 0 0 0 1 0 0 0 0 0 0 0 0 0 0 0 0 0 0 0 0 0 0 0 0 0 0 0 0 0 0 0 0 0 1 0 0 0 0 0 0 0 0 0 0 0 0 0 0 0 1 0 0 0 0 0 0 0 0 0 0 0 0 0 0 0 0 0 0]	2026-08-15_15-25-15	[2]	2026-08-15_15-25-15
0	2026-08-15_15-25-15	-0.8999999761581421	2026-08-15_15-25-15	12.109037399291992	2026-08-15_15-25-15	1.7880268096923828	2026-08-15_15-25-15	1.781030297279358	2026-08-15_15-25-15	4.268247604370117	2026-08-15_15-25-15	4.271732807159424	2026-08-15_15-25-15	True	2026-08-15_15-25-15	[1 0 1 1 0]	2026-08-15_15-25-15	[0 1 0 0 0]	2026-08-15_15-25-15	[0 0 0 0 0 0 0 1 0 0 0 0 0 0 0 0 0 0 0 0 0 0 0 0 0 0 0 1 0 0 0 0 0 0 0 0 0 0 0 0 0 0 0 0 0 0 0 1 0 0 0 0 0 0 0 0 0 0 0 0 0 0 0 0 0 0 0 0 0 0 0 0 0]	2026-08-15_15-25-15	[0 0 0 0 0 0 0 0 1 0 0 0 0 0 0 0 0 0 0 0 0 0 0 0 0 0 0 0 0 0 0 0 0 0 0 0 0 0 1 0 0 0 0 0 0 0 0 0 0 0 0 0 0 0 1 0 0 0 0 0 0 0 0 0 0 0 0 0 0 0 0 0 0]	2026-08-15_15-25-15	[2]	2026-08-15_15-25-15	[1 0 1 0 0]	2026-08-15_15-25-15	[0 0 0 0 0]	2026-08-15_15-25-15	[0 0 0 0 0 0 0 1 0 0 0 0 0 0 0 0 0 0 0 0 0 0 0 0 0 0 0 0 0 0 0 0 0 0 0 0 0 0 0 0 0 0 0 0 0 0 0 1 0 0 0 0 0 0 0 0 0 0 0 0 0 0 0 0 0 0 0 0 0 0 0 0 0]	2026-08-15_15-25-15	[0 0 0 0 0 0 0 0 1 0 0 0 0 0 0 0 0 0 0 0 0 0 0 0 0 0 0 0 0 0 0 0 0 0 0 0 0 0 1 0 0 0 0 0 0 0 0 0 0 0 0 0 0 0 0 0 0 0 0 0 0 0 0 0 0 0 0 0 0 0 0 0 0]	2026-08-15_15-25-15	[2]	2026-08-15_15-25-15
0	2026-08-15_15-25-15	-0.8999999761581421	2026-08-15_15-25-15	12.11019515991211	2026-08-15_15-25-15	1.7894028425216675	2026-08-15_15-25-15	1.781494140625	2026-08-15_15-25-15	4.268098831176758	2026-08-15_15-25-15	4.271199703216553	2026-08-15_15-25-15	True	2026-08-15_15-25-15	[1 0 1 0 0]	2026-08-15_15-25-15	[0 0 0 0 0]	2026-08-15_15-25-15	[0 0 0 0 0 0 0 1 0 0 0 0 0 0 0 0 0 0 0 0 0 0 0 0 0 0 0 0 0 0 0 0 0 0 0 0 0 0 0 0 0 0 0 0 0 0 0 1 0 0 0 0 0 0 0 0 0 0 0 0 0 0 0 0 0 0 0 0 0 0 0 0 0]	2026-08-15_15-25-15	[0 0 0 0 0 0 0 0 1 0 0 0 0 0 0 0 0 0 0 0 0 0 0 0 0 0 0 0 0 0 0 0 0 0 0 0 0 0 1 0 0 0 0 0 0 0 0 0 0 0 0 0 0 0 0 0 0 0 0 0 0 0 0 0 0 0 0 0 0 0 0 0 0]	2026-08-15_15-25-15	[2]	2026-08-15_15-25-15	[1 0 1 1 0]	2026-08-15_15-25-15	[0 1 0 0 0]	2026-08-15_15-25-15	[0 0 0 0 0 0 0 1 0 0 0 0 0 0 0 0 0 0 0 0 0 0 0 0 0 0 0 1 0 0 0 0 0 0 0 0 0 0 0 0 0 0 0 0 0 0 0 1 0 0 0 0 0 0 0 0 0 0 0 0 0 0 0 0 0 0 0 0 0 0 0 0 0]	2026-08-15_15-25-15	[0 0 0 0 0 0 0 0 1 0 0 0 0 0 0 0 0 0 0 0 0 0 0 0 0 0 0 0 0 0 0 0 0 0 0 0 0 0 1 0 0 0 0 0 0 0 0 0 0 0 0 0 0 0 1 0 0 0 0 0 0 0 0 0 0 0 0 0 0 0 0 0 0]	2026-08-15_15-25-15	[2]	2026-08-15_15-25-15
0	2026-08-15_15-25-15	-0.8999999761581421	2026-08-15_15-25-15	12.107339859008789	2026-08-15_15-25-15	1.7876064777374268	2026-08-15_15-25-15	1.780456304550171	2026-08-15_15-25-15	4.268405914306641	2026-08-15_15-25-15	4.270871639251709	2026-08-15_15-25-15	True	2026-08-15_15-25-15	[1 0 1 1 0]	2026-08-15_15-25-15	[0 1 0 0 0]	2026-08-15_15-25-15	[0 0 0 0 0 0 0 1 0 0 0 0 0 0 0 0 0 0 0 0 0 0 0 0 0 0 0 1 0 0 0 0 0 0 0 0 0 0 0 0 0 0 0 0 0 0 0 1 0 0 0 0 0 0 0 0 0 0 0 0 0 0 0 0 0 0 0 0 0 0 0 0 0]	2026-08-15_15-25-15	[0 0 0 0 0 0 0 0 1 0 0 0 0 0 0 0 0 0 0 0 0 0 0 0 0 0 0 0 0 0 0 0 0 0 0 0 0 0 1 0 0 0 0 0 0 0 0 0 0 0 0 0 0 0 1 0 0 0 0 0 0 0 0 0 0 0 0 0 0 0 0 0 0]	2026-08-15_15-25-15	[2]	2026-08-15_15-25-15	[1 0 1 0 0]	2026-08-15_15-25-15	[0 0 0 0 0]	2026-08-15_15-25-15	[0 0 0 0 0 0 0 1 0 0 0 0 0 0 0 0 0 0 0 0 0 0 0 0 0 0 0 0 0 0 0 0 0 0 0 0 0 0 0 0 0 0 0 0 0 0 0 1 0 0 0 0 0 0 0 0 0 0 0 0 0 0 0 0 0 0 0 0 0 0 0 0 0]	2026-08-15_15-25-15	[0 0 0 0 0 0 0 0 1 0 0 0 0 0 0 0 0 0 0 0 0 0 0 0 0 0 0 0 0 0 0 0 0 0 0 0 0 0 1 0 0 0 0 0 0 0 0 0 0 0 0 0 0 0 0 0 0 0 0 0 0 0 0 0 0 0 0 0 0 0 0 0 0]	2026-08-15_15-25-15	[2]	2026-08-15_15-25-15
0	2026-08-15_15-25-15	-0.8999999761581421	2026-08-15_15-25-15	12.112229347229004	2026-08-15_15-25-15	1.789616584777832	2026-08-15_15-25-15	1.7822922468185425	2026-08-15_15-25-15	4.268398761749268	2026-08-15_15-25-15	4.271921634674072	2026-08-15_15-25-15	True	2026-08-15_15-25-15	[1 0 1 0 0]	2026-08-15_15-25-15	[0 0 0 0 0]	2026-08-15_15-25-15	[0 0 0 0 0 0 0 1 0 0 0 0 0 0 0 0 0 0 0 0 0 0 0 0 0 0 0 0 0 0 0 0 0 0 0 0 0 0 0 0 0 0 0 0 0 0 0 1 0 0 0 0 0 0 0 0 0 0 0 0 0 0 0 0 0 0 0 0 0 0 0 0 0]	2026-08-15_15-25-15	[0 0 0 0 0 0 0 0 1 0 0 0 0 0 0 0 0 0 0 0 0 0 0 0 0 0 0 0 0 0 0 0 0 0 0 0 0 0 1 0 0 0 0 0 0 0 0 0 0 0 0 0 0 0 0 0 0 0 0 0 0 0 0 0 0 0 0 0 0 0 0 0 0]	2026-08-15_15-25-15	[2]	2026-08-15_15-25-15	[1 0 1 1 0]	2026-08-15_15-25-15	[0 1 0 0 0]	2026-08-15_15-25-15	[0 0 0 0 0 0 0 1 0 0 0 0 0 0 0 0 0 0 0 0 0 0 0 0 0 0 0 1 0 0 0 0 0 0 0 0 0 0 0 0 0 0 0 0 0 0 0 1 0 0 0 0 0 0 0 0 0 0 0 0 0 0 0 0 0 0 0 0 0 0 0 0 0]	2026-08-15_15-25-15	[0 0 0 0 0 0 0 0 1 0 0 0 0 0 0 0 0 0 0 0 0 0 0 0 0 0 0 0 0 0 0 0 0 0 0 0 0 0 1 0 0 0 0 0 0 0 0 0 0 0 0 0 0 0 1 0 0 0 0 0 0 0 0 0 0 0 0 0 0 0 0 0 0]	2026-08-15_15-25-15	[2]	2026-08-15_15-25-15
0	2026-08-15_15-25-15	-0.8999999761581421	2026-08-15_15-25-15	12.106073379516602	2026-08-15_15-25-15	1.788543939590454	2026-08-15_15-25-15	1.780304193496704	2026-08-15_15-25-15	4.267436981201172	2026-08-15_15-25-15	4.269787788391113	2026-08-15_15-25-15	True	2026-08-15_15-25-15	[1 0 1 1 0]	2026-08-15_15-25-15	[0 1 0 0 0]	2026-08-15_15-25-15	[0 0 0 0 0 0 0 1 0 0 0 0 0 0 0 0 0 0 0 0 0 0 0 0 0 0 0 1 0 0 0 0 0 0 0 0 0 0 0 0 0 0 0 0 0 0 0 1 0 0 0 0 0 0 0 0 0 0 0 0 0 0 0 0 0 0 0 0 0 0 0 0 0]	2026-08-15_15-25-15	[0 0 0 0 0 0 0 0 1 0 0 0 0 0 0 0 0 0 0 0 0 0 0 0 0 0 0 0 0 0 0 0 0 0 0 0 0 0 1 0 0 0 0 0 0 0 0 0 0 0 0 0 0 0 1 0 0 0 0 0 0 0 0 0 0 0 0 0 0 0 0 0 0]	2026-08-15_15-25-15	[2]	2026-08-15_15-25-15	[1 0 1 0 0]	2026-08-15_15-25-15	[0 0 0 0 0]	2026-08-15_15-25-15	[0 0 0 0 0 0 0 1 0 0 0 0 0 0 0 0 0 0 0 0 0 0 0 0 0 0 0 0 0 0 0 0 0 0 0 0 0 0 0 0 0 0 0 0 0 0 0 1 0 0 0 0 0 0 0 0 0 0 0 0 0 0 0 0 0 0 0 0 0 0 0 0 0]	2026-08-15_15-25-15	[0 0 0 0 0 0 0 0 1 0 0 0 0 0 0 0 0 0 0 0 0 0 0 0 0 0 0 0 0 0 0 0 0 0 0 0 0 0 1 0 0 0 0 0 0 0 0 0 0 0 0 0 0 0 0 0 0 0 0 0 0 0 0 0 0 0 0 0 0 0 0 0 0]	2026-08-15_15-25-15	[2]	2026-08-15_15-25-15
0	2026-08-15_15-25-15	-0.8999999761581421	2026-08-15_15-25-15	12.11176872253418	2026-08-15_15-25-15	1.7893149852752686	2026-08-15_15-25-15	1.7822644710540771	2026-08-15_15-25-15	4.268840789794922	2026-08-15_15-25-15	4.271347999572754	2026-08-15_15-25-15	True	2026-08-15_15-25-15	[1 0 1 0 0]	2026-08-15_15-25-15	[0 0 0 0 0]	2026-08-15_15-25-15	[0 0 0 0 0 0 0 1 0 0 0 0 0 0 0 0 0 0 0 0 0 0 0 0 0 0 0 0 0 0 0 0 0 0 0 0 0 0 0 0 0 0 0 0 0 0 0 1 0 0 0 0 0 0 0 0 0 0 0 0 0 0 0 0 0 0 0 0 0 0 0 0 0]	2026-08-15_15-25-15	[0 0 0 0 0 0 0 0 1 0 0 0 0 0 0 0 0 0 0 0 0 0 0 0 0 0 0 0 0 0 0 0 0 0 0 0 0 0 1 0 0 0 0 0 0 0 0 0 0 0 0 0 0 0 0 0 0 0 0 0 0 0 0 0 0 0 0 0 0 0 0 0 0]	2026-08-15_15-25-15	[2]	2026-08-15_15-25-15	[1 0 1 1 0]	2026-08-15_15-25-15	[0 1 0 0 0]	2026-08-15_15-25-15	[0 0 0 0 0 0 0 1 0 0 0 0 0 0 0 0 0 0 0 0 0 0 0 0 0 0 0 1 0 0 0 0 0 0 0 0 0 0 0 0 0 0 0 0 0 0 0 1 0 0 0 0 0 0 0 0 0 0 0 0 0 0 0 0 0 0 0 0 0 0 0 0 0]	2026-08-15_15-25-15	[0 0 0 0 0 0 0 0 1 0 0 0 0 0 0 0 0 0 0 0 0 0 0 0 0 0 0 0 0 0 0 0 0 0 0 0 0 0 1 0 0 0 0 0 0 0 0 0 0 0 0 0 0 0 1 0 0 0 0 0 0 0 0 0 0 0 0 0 0 0 0 0 0]	2026-08-15_15-25-15	[2]	2026-08-15_15-25-15
0	2026-08-15_15-25-15	-0.8999999761581421	2026-08-15_15-25-15	12.107272148132324	2026-08-15_15-25-15	1.7885830402374268	2026-08-15_15-25-15	1.7807610034942627	2026-08-15_15-25-15	4.267259120941162	2026-08-15_15-25-15	4.270668983459473	2026-08-15_15-25-15	True	2026-08-15_15-25-15	[1 0 1 1 0]	2026-08-15_15-25-15	[0 1 0 0 0]	2026-08-15_15-25-15	[0 0 0 0 0 0 0 1 0 0 0 0 0 0 0 0 0 0 0 0 0 0 0 0 0 0 0 1 0 0 0 0 0 0 0 0 0 0 0 0 0 0 0 0 0 0 0 1 0 0 0 0 0 0 0 0 0 0 0 0 0 0 0 0 0 0 0 0 0 0 0 0 0]	2026-08-15_15-25-15	[0 0 0 0 0 0 0 0 1 0 0 0 0 0 0 0 0 0 0 0 0 0 0 0 0 0 0 0 0 0 0 0 0 0 0 0 0 0 1 0 0 0 0 0 0 0 0 0 0 0 0 0 0 0 1 0 0 0 0 0 0 0 0 0 0 0 0 0 0 0 0 0 0]	2026-08-15_15-25-15	[2]	2026-08-15_15-25-15	[1 0 1 0 0]	2026-08-15_15-25-15	[0 0 0 0 0]	2026-08-15_15-25-15	[0 0 0 0 0 0 0 1 0 0 0 0 0 0 0 0 0 0 0 0 0 0 0 0 0 0 0 0 0 0 0 0 0 0 0 0 0 0 0 0 0 0 0 0 0 0 0 1 0 0 0 0 0 0 0 0 0 0 0 0 0 0 0 0 0 0 0 0 0 0 0 0 0]	2026-08-15_15-25-15	[0 0 0 0 0 0 0 0 1 0 0 0 0 0 0 0 0 0 0 0 0 0 0 0 0 0 0 0 0 0 0 0 0 0 0 0 0 0 1 0 0 0 0 0 0 0 0 0 0 0 0 0 0 0 0 0 0 0 0 0 0 0 0 0 0 0 0 0 0 0 0 0 0]	2026-08-15_15-25-15	[2]	2026-08-15_15-25-15
0	2026-08-15_15-25-15	-0.8999999761581421	2026-08-15_15-25-15	12.109414100646973	2026-08-15_15-25-15	1.7886723279953003	2026-08-15_15-25-15	1.780893325805664	2026-08-15_15-25-15	4.268742561340332	2026-08-15_15-25-15	4.271105766296387	2026-08-15_15-25-15	True	2026-08-15_15-25-15	[1 0 1 0 0]	2026-08-15_15-25-15	[0 0 0 0 0]	2026-08-15_15-25-15	[0 0 0 0 0 0 0 1 0 0 0 0 0 0 0 0 0 0 0 0 0 0 0 0 0 0 0 0 0 0 0 0 0 0 0 0 0 0 0 0 0 0 0 0 0 0 0 1 0 0 0 0 0 0 0 0 0 0 0 0 0 0 0 0 0 0 0 0 0 0 0 0 0]	2026-08-15_15-25-15	[0 0 0 0 0 0 0 0 1 0 0 0 0 0 0 0 0 0 0 0 0 0 0 0 0 0 0 0 0 0 0 0 0 0 0 0 0 0 1 0 0 0 0 0 0 0 0 0 0 0 0 0 0 0 0 0 0 0 0 0 0 0 0 0 0 0 0 0 0 0 0 0 0]	2026-08-15_15-25-15	[2]	2026-08-15_15-25-15	[1 0 1 1 0]	2026-08-15_15-25-15	[0 1 0 0 0]	2026-08-15_15-25-15	[0 0 0 0 0 0 0 1 0 0 0 0 0 0 0 0 0 0 0 0 0 0 0 0 0 0 0 1 0 0 0 0 0 0 0 0 0 0 0 0 0 0 0 0 0 0 0 1 0 0 0 0 0 0 0 0 0 0 0 0 0 0 0 0 0 0 0 0 0 0 0 0 0]	2026-08-15_15-25-15	[0 0 0 0 0 0 0 0 1 0 0 0 0 0 0 0 0 0 0 0 0 0 0 0 0 0 0 0 0 0 0 0 0 0 0 0 0 0 1 0 0 0 0 0 0 0 0 0 0 0 0 0 0 0 1 0 0 0 0 0 0 0 0 0 0 0 0 0 0 0 0 0 0]	2026-08-15_15-25-15	[2]	2026-08-15_15-25-15
0	2026-08-15_15-25-15	-0.8999999761581421	2026-08-15_15-25-15	12.107437133789062	2026-08-15_15-25-15	1.7877674102783203	2026-08-15_15-25-15	1.7809247970581055	2026-08-15_15-25-15	4.268599033355713	2026-08-15_15-25-15	4.270145893096924	2026-08-15_15-25-15	True	2026-08-15_15-25-15	[1 0 1 1 0]	2026-08-15_15-25-15	[0 1 0 0 0]	2026-08-15_15-25-15	[0 0 0 0 0 0 0 1 0 0 0 0 0 0 0 0 0 0 0 0 0 0 0 0 0 0 0 1 0 0 0 0 0 0 0 0 0 0 0 0 0 0 0 0 0 0 0 1 0 0 0 0 0 0 0 0 0 0 0 0 0 0 0 0 0 0 0 0 0 0 0 0 0]	2026-08-15_15-25-15	[0 0 0 0 0 0 0 0 1 0 0 0 0 0 0 0 0 0 0 0 0 0 0 0 0 0 0 0 0 0 0 0 0 0 0 0 0 0 1 0 0 0 0 0 0 0 0 0 0 0 0 0 0 0 1 0 0 0 0 0 0 0 0 0 0 0 0 0 0 0 0 0 0]	2026-08-15_15-25-15	[2]	2026-08-15_15-25-15	[1 0 1 0 0]	2026-08-15_15-25-15	[0 0 0 0 0]	2026-08-15_15-25-15	[0 0 0 0 0 0 0 1 0 0 0 0 0 0 0 0 0 0 0 0 0 0 0 0 0 0 0 0 0 0 0 0 0 0 0 0 0 0 0 0 0 0 0 0 0 0 0 1 0 0 0 0 0 0 0 0 0 0 0 0 0 0 0 0 0 0 0 0 0 0 0 0 0]	2026-08-15_15-25-15	[0 0 0 0 0 0 0 0 1 0 0 0 0 0 0 0 0 0 0 0 0 0 0 0 0 0 0 0 0 0 0 0 0 0 0 0 0 0 1 0 0 0 0 0 0 0 0 0 0 0 0 0 0 0 0 0 0 0 0 0 0 0 0 0 0 0 0 0 0 0 0 0 0]	2026-08-15_15-25-15	[2]	2026-08-15_15-25-15
0	2026-08-15_15-25-15	-0.8999999761581421	2026-08-15_15-25-15	12.112686157226562	2026-08-15_15-25-15	1.7897300720214844	2026-08-15_15-25-15	1.7819122076034546	2026-08-15_15-25-15	4.269454479217529	2026-08-15_15-25-15	4.2715888023376465	2026-08-15_15-25-15	True	2026-08-15_15-25-15	[1 0 1 0 0]	2026-08-15_15-25-15	[0 0 0 0 0]	2026-08-15_15-25-15	[0 0 0 0 0 0 0 1 0 0 0 0 0 0 0 0 0 0 0 0 0 0 0 0 0 0 0 0 0 0 0 0 0 0 0 0 0 0 0 0 0 0 0 0 0 0 0 1 0 0 0 0 0 0 0 0 0 0 0 0 0 0 0 0 0 0 0 0 0 0 0 0 0]	2026-08-15_15-25-15	[0 0 0 0 0 0 0 0 1 0 0 0 0 0 0 0 0 0 0 0 0 0 0 0 0 0 0 0 0 0 0 0 0 0 0 0 0 0 1 0 0 0 0 0 0 0 0 0 0 0 0 0 0 0 0 0 0 0 0 0 0 0 0 0 0 0 0 0 0 0 0 0 0]	2026-08-15_15-25-15	[2]	2026-08-15_15-25-15	[1 0 1 1 0]	2026-08-15_15-25-15	[0 1 0 0 0]	2026-08-15_15-25-15	[0 0 0 0 0 0 0 1 0 0 0 0 0 0 0 0 0 0 0 0 0 0 0 0 0 0 0 1 0 0 0 0 0 0 0 0 0 0 0 0 0 0 0 0 0 0 0 1 0 0 0 0 0 0 0 0 0 0 0 0 0 0 0 0 0 0 0 0 0 0 0 0 0]	2026-08-15_15-25-15	[0 0 0 0 0 0 0 0 1 0 0 0 0 0 0 0 0 0 0 0 0 0 0 0 0 0 0 0 0 0 0 0 0 0 0 0 0 0 1 0 0 0 0 0 0 0 0 0 0 0 0 0 0 0 1 0 0 0 0 0 0 0 0 0 0 0 0 0 0 0 0 0 0]	2026-08-15_15-25-15	[2]	2026-08-15_15-25-15
0	2026-08-15_15-25-15	-0.8999999761581421	2026-08-15_15-25-15	12.107301712036133	2026-08-15_15-25-15	1.7890774011611938	2026-08-15_15-25-15	1.7802435159683228	2026-08-15_15-25-15	4.267763137817383	2026-08-15_15-25-15	4.2702178955078125	2026-08-15_15-25-15	True	2026-08-15_15-25-15	[1 0 1 1 0]	2026-08-15_15-25-15	[0 1 0 0 0]	2026-08-15_15-25-15	[0 0 0 0 0 0 0 1 0 0 0 0 0 0 0 0 0 0 0 0 0 0 0 0 0 0 0 1 0 0 0 0 0 0 0 0 0 0 0 0 0 0 0 0 0 0 0 1 0 0 0 0 0 0 0 0 0 0 0 0 0 0 0 0 0 0 0 0 0 0 0 0 0]	2026-08-15_15-25-15	[0 0 0 0 0 0 0 0 1 0 0 0 0 0 0 0 0 0 0 0 0 0 0 0 0 0 0 0 0 0 0 0 0 0 0 0 0 0 1 0 0 0 0 0 0 0 0 0 0 0 0 0 0 0 1 0 0 0 0 0 0 0 0 0 0 0 0 0 0 0 0 0 0]	2026-08-15_15-25-15	[2]	2026-08-15_15-25-15	[1 0 1 0 0]	2026-08-15_15-25-15	[0 0 0 0 0]	2026-08-15_15-25-15	[0 0 0 0 0 0 0 1 0 0 0 0 0 0 0 0 0 0 0 0 0 0 0 0 0 0 0 0 0 0 0 0 0 0 0 0 0 0 0 0 0 0 0 0 0 0 0 1 0 0 0 0 0 0 0 0 0 0 0 0 0 0 0 0 0 0 0 0 0 0 0 0 0]	2026-08-15_15-25-15	[0 0 0 0 0 0 0 0 1 0 0 0 0 0 0 0 0 0 0 0 0 0 0 0 0 0 0 0 0 0 0 0 0 0 0 0 0 0 1 0 0 0 0 0 0 0 0 0 0 0 0 0 0 0 0 0 0 0 0 0 0 0 0 0 0 0 0 0 0 0 0 0 0]	2026-08-15_15-25-15	[2]	2026-08-15_15-25-15
0	2026-08-15_15-25-15	-0.8999999761581421	2026-08-15_15-25-15	12.11176872253418	2026-08-15_15-25-15	1.788973331451416	2026-08-15_15-25-15	1.7809431552886963	2026-08-15_15-25-15	4.269909858703613	2026-08-15_15-25-15	4.271942615509033	2026-08-15_15-25-15	True	2026-08-15_15-25-15	[1 0 1 0 0]	2026-08-15_15-25-15	[0 0 0 0 0]	2026-08-15_15-25-15	[0 0 0 0 0 0 0 1 0 0 0 0 0 0 0 0 0 0 0 0 0 0 0 0 0 0 0 0 0 0 0 0 0 0 0 0 0 0 0 0 0 0 0 0 0 0 0 1 0 0 0 0 0 0 0 0 0 0 0 0 0 0 0 0 0 0 0 0 0 0 0 0 0]	2026-08-15_15-25-15	[0 0 0 0 0 0 0 0 1 0 0 0 0 0 0 0 0 0 0 0 0 0 0 0 0 0 0 0 0 0 0 0 0 0 0 0 0 0 1 0 0 0 0 0 0 0 0 0 0 0 0 0 0 0 0 0 0 0 0 0 0 0 0 0 0 0 0 0 0 0 0 0 0]	2026-08-15_15-25-15	[2]	2026-08-15_15-25-15	[1 0 1 1 0]	2026-08-15_15-25-15	[0 1 0 0 0]	2026-08-15_15-25-15	[0 0 0 0 0 0 0 1 0 0 0 0 0 0 0 0 0 0 0 0 0 0 0 0 0 0 0 1 0 0 0 0 0 0 0 0 0 0 0 0 0 0 0 0 0 0 0 1 0 0 0 0 0 0 0 0 0 0 0 0 0 0 0 0 0 0 0 0 0 0 0 0 0]	2026-08-15_15-25-15	[0 0 0 0 0 0 0 0 1 0 0 0 0 0 0 0 0 0 0 0 0 0 0 0 0 0 0 0 0 0 0 0 0 0 0 0 0 0 1 0 0 0 0 0 0 0 0 0 0 0 0 0 0 0 1 0 0 0 0 0 0 0 0 0 0 0 0 0 0 0 0 0 0]	2026-08-15_15-25-15	[2]	2026-08-15_15-25-15
1	2026-08-15_17-14-21	-1.0	2026-08-15_17-14-21	11.67602825164795	2026-08-15_17-14-21	1.6942787170410156	2026-08-15_17-14-21	1.7356951236724854	2026-08-15_17-14-21	4.103789806365967	2026-08-15_17-14-21	4.142264366149902	2026-08-15_17-14-21	True	2026-08-15_17-14-21	[1 0 0 0 0]	2026-08-15_17-14-21	[1 0 0 1 0]	2026-08-15_17-14-21	[0 0 0 0 0 0 0 0 0 0 0 0 0 0 0 0 0 0 0 0 0 0 0 0 0 0 0 0 0 0 0 0 0 0 0 0 0 0 0 0 0 0 0 0 0 0 0 0 0 0 0 0 0 0 0 0 0 0 0 0 0 0 0 0 0 0 1 0 0 1 0 0 0]	2026-08-15_17-14-21	[0 0 0 0 0 0 0 0 0 0 0 0 0 0 0 0 0 0 0 0 0 0 0 0 0 0 0 0 0 0 0 0 0 0 0 0 0 0 0 0 0 0 0 0 0 0 0 0 0 0 0 0 0 0 0 0 0 0 0 0 0 0 0 0 0 0 0 0 0 0 0 0 0]	2026-08-15_17-14-21	[0]	2026-08-15_17-14-21	[1 0 0 0 1]	2026-08-15_17-14-21	[1 0 0 1 0]	2026-08-15_17-14-21	[0 0 0 0 0 0 0 0 0 0 0 0 0 0 0 0 0 0 0 0 0 0 0 0 0 0 0 0 0 1 0 0 0 0 0 0 0 0 0 0 0 0 0 0 0 0 0 0 0 0 0 0 0 0 0 0 0 0 0 0 0 0 0 0 0 0 1 0 0 1 0 0 0]	2026-08-15_17-14-21	[0 0 0 0 0 0 0 0 0 0 0 0 0 0 0 0 0 0 0 0 0 0 0 0 0 0 0 0 0 0 0 0 0 0 0 0 0 0 0 0 0 0 0 0 0 0 0 0 0 0 0 0 0 0 0 0 0 0 0 0 0 0 1 0 0 0 0 0 0 0 0 0 0]	2026-08-15_17-14-21	[0]	2026-08-15_17-14-21
1	2026-08-15_17-14-21	-1.0	2026-08-15_17-14-21	11.669163703918457	2026-08-15_17-14-21	1.734712839126587	2026-08-15_17-14-21	1.7559095621109009	2026-08-15_17-14-21	4.053516387939453	2026-08-15_17-14-21	4.125024795532227	2026-08-15_17-14-21	True	2026-08-15_17-14-21	[1 0 0 0 1]	2026-08-15_17-14-21	[1 0 0 1 0]	2026-08-15_17-14-21	[0 0 0 0 0 0 0 0 0 0 0 0 0 0 0 0 0 0 0 0 0 0 0 0 0 0 0 0 0 1 0 0 0 0 0 0 0 0 0 0 0 0 0 0 0 0 0 0 0 0 0 0 0 0 0 0 0 0 0 0 0 0 0 0 0 0 1 0 0 1 0 0 0]	2026-08-15_17-14-21	[0 0 0 0 0 0 0 0 0 0 0 0 0 0 0 0 0 0 0 0 0 0 0 0 0 0 0 0 0 0 0 0 0 0 0 0 0 0 0 0 0 0 0 0 0 0 0 0 0 0 0 0 0 0 0 0 0 0 0 0 0 0 1 0 0 0 0 0 0 0 0 0 0]	2026-08-15_17-14-21	[0]	2026-08-15_17-14-21	[1 0 0 0 0]	2026-08-15_17-14-21	[1 0 0 1 0]	2026-08-15_17-14-21	[0 0 0 0 0 0 0 0 0 0 0 0 0 0 0 0 0 0 0 0 0 0 0 0 0 0 0 0 0 0 0 0 0 0 0 0 0 0 0 0 0 0 0 0 0 0 0 0 0 0 0 0 0 0 0 0 0 0 0 0 0 0 0 0 0 0 1 0 0 1 0 0 0]	2026-08-15_17-14-21	[0 0 0 0 0 0 0 0 0 0 0 0 0 0 0 0 0 0 0 0 0 0 0 0 0 0 0 0 0 0 0 0 0 0 0 0 0 0 0 0 0 0 0 0 0 0 0 0 0 0 0 0 0 0 0 0 0 0 0 0 0 0 0 0 0 0 0 0 0 0 0 0 0]	2026-08-15_17-14-21	[0]	2026-08-15_17-14-21
1	2026-08-15_17-14-21	-1.0	2026-08-15_17-14-21	11.643009185791016	2026-08-15_17-14-21	1.6814565658569336	2026-08-15_17-14-21	1.7330219745635986	2026-08-15_17-14-21	4.0968708992004395	2026-08-15_17-14-21	4.131659507751465	2026-08-15_17-14-21	True	2026-08-15_17-14-21	[1 0 0 0 0]	2026-08-15_17-14-21	[1 0 0 1 0]	2026-08-15_17-14-21	[0 0 0 0 0 0 0 0 0 0 0 0 0 0 0 0 0 0 0 0 0 0 0 0 0 0 0 0 0 0 0 0 0 0 0 0 0 0 0 0 0 0 0 0 0 0 0 0 0 0 0 0 0 0 0 0 0 0 0 0 0 0 0 0 0 0 1 0 0 1 0 0 0]	2026-08-15_17-14-21	[0 0 0 0 0 0 0 0 0 0 0 0 0 0 0 0 0 0 0 0 0 0 0 0 0 0 0 0 0 0 0 0 0 0 0 0 0 0 0 0 0 0 0 0 0 0 0 0 0 0 0 0 0 0 0 0 0 0 0 0 0 0 0 0 0 0 0 0 0 0 0 0 0]	2026-08-15_17-14-21	[0]	2026-08-15_17-14-21	[1 0 0 0 1]	2026-08-15_17-14-21	[1 0 0 1 0]	2026-08-15_17-14-21	[0 0 0 0 0 0 0 0 0 0 0 0 0 0 0 0 0 0 0 0 0 0 0 0 0 0 0 0 0 1 0 0 0 0 0 0 0 0 0 0 0 0 0 0 0 0 0 0 0 0 0 0 0 0 0 0 0 0 0 0 0 0 0 0 0 0 1 0 0 1 0 0 0]	2026-08-15_17-14-21	[0 0 0 0 0 0 0 0 0 0 0 0 0 0 0 0 0 0 0 0 0 0 0 0 0 0 0 0 0 0 0 0 0 0 0 0 0 0 0 0 0 0 0 0 0 0 0 0 0 0 0 0 0 0 0 0 0 0 0 0 0 0 1 0 0 0 0 0 0 0 0 0 0]	2026-08-15_17-14-21	[0]	2026-08-15_17-14-21
1	2026-08-15_17-14-21	-1.0	2026-08-15_17-14-21	11.670243263244629	2026-08-15_17-14-21	1.7364773750305176	2026-08-15_17-14-21	1.757697582244873	2026-08-15_17-14-21	4.0527119636535645	2026-08-15_17-14-21	4.123356342315674	2026-08-15_17-14-21	True	2026-08-15_17-14-21	[1 0 0 0 1]	2026-08-15_17-14-21	[1 0 0 1 0]	2026-08-15_17-14-21	[0 0 0 0 0 0 0 0 0 0 0 0 0 0 0 0 0 0 0 0 0 0 0 0 0 0 0 0 0 1 0 0 0 0 0 0 0 0 0 0 0 0 0 0 0 0 0 0 0 0 0 0 0 0 0 0 0 0 0 0 0 0 0 0 0 0 1 0 0 1 0 0 0]	2026-08-15_17-14-21	[0 0 0 0 0 0 0 0 0 0 0 0 0 0 0 0 0 0 0 0 0 0 0 0 0 0 0 0 0 0 0 0 0 0 0 0 0 0 0 0 0 0 0 0 0 0 0 0 0 0 0 0 0 0 0 0 0 0 0 0 0 0 1 0 0 0 0 0 0 0 0 0 0]	2026-08-15_17-14-21	[0]	2026-08-15_17-14-21	[1 0 0 0 0]	2026-08-15_17-14-21	[1 0 0 1 0]	2026-08-15_17-14-21	[0 0 0 0 0 0 0 0 0 0 0 0 0 0 0 0 0 0 0 0 0 0 0 0 0 0 0 0 0 0 0 0 0 0 0 0 0 0 0 0 0 0 0 0 0 0 0 0 0 0 0 0 0 0 0 0 0 0 0 0 0 0 0 0 0 0 1 0 0 1 0 0 0]	2026-08-15_17-14-21	[0 0 0 0 0 0 0 0 0 0 0 0 0 0 0 0 0 0 0 0 0 0 0 0 0 0 0 0 0 0 0 0 0 0 0 0 0 0 0 0 0 0 0 0 0 0 0 0 0 0 0 0 0 0 0 0 0 0 0 0 0 0 0 0 0 0 0 0 0 0 0 0 0]	2026-08-15_17-14-21	[0]	2026-08-15_17-14-21
1	2026-08-15_17-14-21	-1.0	2026-08-15_17-14-21	11.6715087890625	2026-08-15_17-14-21	1.6963958740234375	2026-08-15_17-14-21	1.739225149154663	2026-08-15_17-14-21	4.097434997558594	2026-08-15_17-14-21	4.138452053070068	2026-08-15_17-14-21	True	2026-08-15_17-14-21	[1 0 0 0 0]	2026-08-15_17-14-21	[1 0 0 1 0]	2026-08-15_17-14-21	[0 0 0 0 0 0 0 0 0 0 0 0 0 0 0 0 0 0 0 0 0 0 0 0 0 0 0 0 0 0 0 0 0 0 0 0 0 0 0 0 0 0 0 0 0 0 0 0 0 0 0 0 0 0 0 0 0 0 0 0 0 0 0 0 0 0 1 0 0 1 0 0 0]	2026-08-15_17-14-21	[0 0 0 0 0 0 0 0 0 0 0 0 0 0 0 0 0 0 0 0 0 0 0 0 0 0 0 0 0 0 0 0 0 0 0 0 0 0 0 0 0 0 0 0 0 0 0 0 0 0 0 0 0 0 0 0 0 0 0 0 0 0 0 0 0 0 0 0 0 0 0 0 0]	2026-08-15_17-14-21	[0]	2026-08-15_17-14-21	[1 0 0 0 1]	2026-08-15_17-14-21	[1 0 0 1 0]	2026-08-15_17-14-21	[0 0 0 0 0 0 0 0 0 0 0 0 0 0 0 0 0 0 0 0 0 0 0 0 0 0 0 0 0 1 0 0 0 0 0 0 0 0 0 0 0 0 0 0 0 0 0 0 0 0 0 0 0 0 0 0 0 0 0 0 0 0 0 0 0 0 1 0 0 1 0 0 0]	2026-08-15_17-14-21	[0 0 0 0 0 0 0 0 0 0 0 0 0 0 0 0 0 0 0 0 0 0 0 0 0 0 0 0 0 0 0 0 0 0 0 0 0 0 0 0 0 0 0 0 0 0 0 0 0 0 0 0 0 0 0 0 0 0 0 0 0 0 1 0 0 0 0 0 0 0 0 0 0]	2026-08-15_17-14-21	[0]	2026-08-15_17-14-21
1	2026-08-15_17-14-21	-1.0	2026-08-15_17-14-21	11.667464256286621	2026-08-15_17-14-21	1.7321453094482422	2026-08-15_17-14-21	1.7559376955032349	2026-08-15_17-14-21	4.05509614944458	2026-08-15_17-14-21	4.1242852210998535	2026-08-15_17-14-21	True	2026-08-15_17-14-21	[1 0 0 0 1]	2026-08-15_17-14-21	[1 0 0 1 0]	2026-08-15_17-14-21	[0 0 0 0 0 0 0 0 0 0 0 0 0 0 0 0 0 0 0 0 0 0 0 0 0 0 0 0 0 1 0 0 0 0 0 0 0 0 0 0 0 0 0 0 0 0 0 0 0 0 0 0 0 0 0 0 0 0 0 0 0 0 0 0 0 0 1 0 0 1 0 0 0]	2026-08-15_17-14-21	[0 0 0 0 0 0 0 0 0 0 0 0 0 0 0 0 0 0 0 0 0 0 0 0 0 0 0 0 0 0 0 0 0 0 0 0 0 0 0 0 0 0 0 0 0 0 0 0 0 0 0 0 0 0 0 0 0 0 0 0 0 0 1 0 0 0 0 0 0 0 0 0 0]	2026-08-15_17-14-21	[0]	2026-08-15_17-14-21	[1 0 0 0 0]	2026-08-15_17-14-21	[1 0 0 1 0]	2026-08-15_17-14-21	[0 0 0 0 0 0 0 0 0 0 0 0 0 0 0 0 0 0 0 0 0 0 0 0 0 0 0 0 0 0 0 0 0 0 0 0 0 0 0 0 0 0 0 0 0 0 0 0 0 0 0 0 0 0 0 0 0 0 0 0 0 0 0 0 0 0 1 0 0 1 0 0 0]	2026-08-15_17-14-21	[0 0 0 0 0 0 0 0 0 0 0 0 0 0 0 0 0 0 0 0 0 0 0 0 0 0 0 0 0 0 0 0 0 0 0 0 0 0 0 0 0 0 0 0 0 0 0 0 0 0 0 0 0 0 0 0 0 0 0 0 0 0 0 0 0 0 0 0 0 0 0 0 0]	2026-08-15_17-14-21	[0]	2026-08-15_17-14-21
1	2026-08-15_17-14-21	-1.0	2026-08-15_17-14-21	11.689416885375977	2026-08-15_17-14-21	1.703200340270996	2026-08-15_17-14-21	1.7450404167175293	2026-08-15_17-14-21	4.099745750427246	2026-08-15_17-14-21	4.141429901123047	2026-08-15_17-14-21	True	2026-08-15_17-14-21	[1 0 0 0 0]	2026-08-15_17-14-21	[1 0 0 1 0]	2026-08-15_17-14-21	[0 0 0 0 0 0 0 0 0 0 0 0 0 0 0 0 0 0 0 0 0 0 0 0 0 0 0 0 0 0 0 0 0 0 0 0 0 0 0 0 0 0 0 0 0 0 0 0 0 0 0 0 0 0 0 0 0 0 0 0 0 0 0 0 0 0 1 0 0 1 0 0 0]	2026-08-15_17-14-21	[0 0 0 0 0 0 0 0 0 0 0 0 0 0 0 0 0 0 0 0 0 0 0 0 0 0 0 0 0 0 0 0 0 0 0 0 0 0 0 0 0 0 0 0 0 0 0 0 0 0 0 0 0 0 0 0 0 0 0 0 0 0 0 0 0 0 0 0 0 0 0 0 0]	2026-08-15_17-14-21	[0]	2026-08-15_17-14-21	[1 0 0 0 1]	2026-08-15_17-14-21	[1 0 0 1 0]	2026-08-15_17-14-21	[0 0 0 0 0 0 0 0 0 0 0 0 0 0 0 0 0 0 0 0 0 0 0 0 0 0 0 0 0 1 0 0 0 0 0 0 0 0 0 0 0 0 0 0 0 0 0 0 0 0 0 0 0 0 0 0 0 0 0 0 0 0 0 0 0 0 1 0 0 1 0 0 0]	2026-08-15_17-14-21	[0 0 0 0 0 0 0 0 0 0 0 0 0 0 0 0 0 0 0 0 0 0 0 0 0 0 0 0 0 0 0 0 0 0 0 0 0 0 0 0 0 0 0 0 0 0 0 0 0 0 0 0 0 0 0 0 0 0 0 0 0 0 1 0 0 0 0 0 0 0 0 0 0]	2026-08-15_17-14-21	[0]	2026-08-15_17-14-21
1	2026-08-15_17-14-21	-1.0	2026-08-15_17-14-21	11.685611724853516	2026-08-15_17-14-21	1.7402263879776	2026-08-15_17-14-21	1.762881875038147	2026-08-15_17-14-21	4.057581901550293	2026-08-15_17-14-21	4.124921798706055	2026-08-15_17-14-21	True	2026-08-15_17-14-21	[1 0 0 0 1]	2026-08-15_17-14-21	[1 0 0 1 0]	2026-08-15_17-14-21	[0 0 0 0 0 0 0 0 0 0 0 0 0 0 0 0 0 0 0 0 0 0 0 0 0 0 0 0 0 1 0 0 0 0 0 0 0 0 0 0 0 0 0 0 0 0 0 0 0 0 0 0 0 0 0 0 0 0 0 0 0 0 0 0 0 0 1 0 0 1 0 0 0]	2026-08-15_17-14-21	[0 0 0 0 0 0 0 0 0 0 0 0 0 0 0 0 0 0 0 0 0 0 0 0 0 0 0 0 0 0 0 0 0 0 0 0 0 0 0 0 0 0 0 0 0 0 0 0 0 0 0 0 0 0 0 0 0 0 0 0 0 0 1 0 0 0 0 0 0 0 0 0 0]	2026-08-15_17-14-21	[0]	2026-08-15_17-14-21	[1 0 0 0 0]	2026-08-15_17-14-21	[1 0 0 1 0]	2026-08-15_17-14-21	[0 0 0 0 0 0 0 0 0 0 0 0 0 0 0 0 0 0 0 0 0 0 0 0 0 0 0 0 0 0 0 0 0 0 0 0 0 0 0 0 0 0 0 0 0 0 0 0 0 0 0 0 0 0 0 0 0 0 0 0 0 0 0 0 0 0 1 0 0 1 0 0 0]	2026-08-15_17-14-21	[0 0 0 0 0 0 0 0 0 0 0 0 0 0 0 0 0 0 0 0 0 0 0 0 0 0 0 0 0 0 0 0 0 0 0 0 0 0 0 0 0 0 0 0 0 0 0 0 0 0 0 0 0 0 0 0 0 0 0 0 0 0 0 0 0 0 0 0 0 0 0 0 0]	2026-08-15_17-14-21	[0]	2026-08-15_17-14-21
1	2026-08-15_17-14-21	-1.0	2026-08-15_17-14-21	11.670656204223633	2026-08-15_17-14-21	1.6938401460647583	2026-08-15_17-14-21	1.7392323017120361	2026-08-15_17-14-21	4.0987725257873535	2026-08-15_17-14-21	4.138810634613037	2026-08-15_17-14-21	True	2026-08-15_17-14-21	[1 0 0 0 0]	2026-08-15_17-14-21	[1 0 0 1 0]	2026-08-15_17-14-21	[0 0 0 0 0 0 0 0 0 0 0 0 0 0 0 0 0 0 0 0 0 0 0 0 0 0 0 0 0 0 0 0 0 0 0 0 0 0 0 0 0 0 0 0 0 0 0 0 0 0 0 0 0 0 0 0 0 0 0 0 0 0 0 0 0 0 1 0 0 1 0 0 0]	2026-08-15_17-14-21	[0 0 0 0 0 0 0 0 0 0 0 0 0 0 0 0 0 0 0 0 0 0 0 0 0 0 0 0 0 0 0 0 0 0 0 0 0 0 0 0 0 0 0 0 0 0 0 0 0 0 0 0 0 0 0 0 0 0 0 0 0 0 0 0 0 0 0 0 0 0 0 0 0]	2026-08-15_17-14-21	[0]	2026-08-15_17-14-21	[1 0 0 0 1]	2026-08-15_17-14-21	[1 0 0 1 0]	2026-08-15_17-14-21	[0 0 0 0 0 0 0 0 0 0 0 0 0 0 0 0 0 0 0 0 0 0 0 0 0 0 0 0 0 1 0 0 0 0 0 0 0 0 0 0 0 0 0 0 0 0 0 0 0 0 0 0 0 0 0 0 0 0 0 0 0 0 0 0 0 0 1 0 0 1 0 0 0]	2026-08-15_17-14-21	[0 0 0 0 0 0 0 0 0 0 0 0 0 0 0 0 0 0 0 0 0 0 0 0 0 0 0 0 0 0 0 0 0 0 0 0 0 0 0 0 0 0 0 0 0 0 0 0 0 0 0 0 0 0 0 0 0 0 0 0 0 0 0 0 0 0 0 1 0 0 0 0 0]	2026-08-15_17-14-21	[0]	2026-08-15_17-14-21
1	2026-08-15_17-14-22	-1.0	2026-08-15_17-14-22	11.7058687210083	2026-08-15_17-14-22	1.739364743232727	2026-08-15_17-14-22	1.7601220607757568	2026-08-15_17-14-22	4.073087215423584	2026-08-15_17-14-22	4.133294582366943	2026-08-15_17-14-22	True	2026-08-15_17-14-22	[1 0 0 0 1]	2026-08-15_17-14-22	[1 0 0 1 0]	2026-08-15_17-14-22	[0 0 0 0 0 0 0 0 0 0 0 0 0 0 0 0 0 0 0 0 0 0 0 0 0 0 0 0 0 1 0 0 0 0 0 0 0 0 0 0 0 0 0 0 0 0 0 0 0 0 0 0 0 0 0 0 0 0 0 0 0 0 0 0 0 0 1 0 0 1 0 0 0]	2026-08-15_17-14-22	[0 0 0 0 0 0 0 0 0 0 0 0 0 0 0 0 0 0 0 0 0 0 0 0 0 0 0 0 0 0 0 0 0 0 0 0 0 0 0 0 0 0 0 0 0 0 0 0 0 0 0 0 0 0 0 0 0 0 0 0 0 0 0 0 0 0 0 1 0 0 0 0 0]	2026-08-15_17-14-22	[0]	2026-08-15_17-14-22	[1 0 0 0 0]	2026-08-15_17-14-22	[1 0 0 1 0]	2026-08-15_17-14-22	[0 0 0 0 0 0 0 0 0 0 0 0 0 0 0 0 0 0 0 0 0 0 0 0 0 0 0 0 0 0 0 0 0 0 0 0 0 0 0 0 0 0 0 0 0 0 0 0 0 0 0 0 0 0 0 0 0 0 0 0 0 0 0 0 0 0 1 0 0 1 0 0 0]	2026-08-15_17-14-22	[0 0 0 0 0 0 0 0 0 0 0 0 0 0 0 0 0 0 0 0 0 0 0 0 0 0 0 0 0 0 0 0 0 0 0 0 0 0 0 0 0 0 0 0 0 0 0 0 0 0 0 0 0 0 0 0 0 0 0 0 0 0 1 0 0 0 0 1 0 0 0 0 0]	2026-08-15_17-14-22	[0]	2026-08-15_17-14-22
1	2026-08-15_17-14-22	-1.0	2026-08-15_17-14-22	11.634563446044922	2026-08-15_17-14-22	1.6983649730682373	2026-08-15_17-14-22	1.7315475940704346	2026-08-15_17-14-22	4.072938442230225	2026-08-15_17-14-22	4.131711959838867	2026-08-15_17-14-22	True	2026-08-15_17-14-22	[1 0 0 0 0]	2026-08-15_17-14-22	[1 0 0 1 0]	2026-08-15_17-14-22	[0 0 0 0 0 0 0 0 0 0 0 0 0 0 0 0 0 0 0 0 0 0 0 0 0 0 0 0 0 0 0 0 0 0 0 0 0 0 0 0 0 0 0 0 0 0 0 0 0 0 0 0 0 0 0 0 0 0 0 0 0 0 0 0 0 0 1 0 0 1 0 0 0]	2026-08-15_17-14-22	[0 0 0 0 0 0 0 0 0 0 0 0 0 0 0 0 0 0 0 0 0 0 0 0 0 0 0 0 0 0 0 0 0 0 0 0 0 0 0 0 0 0 0 0 0 0 0 0 0 0 0 0 0 0 0 0 0 0 0 0 0 0 1 0 0 0 0 1 0 0 0 0 0]	2026-08-15_17-14-22	[0]	2026-08-15_17-14-22	[1 0 0 0 1]	2026-08-15_17-14-22	[1 0 0 1 0]	2026-08-15_17-14-22	[0 0 0 0 0 0 0 0 0 0 0 0 0 0 0 0 0 0 0 0 0 0 0 0 0 0 0 0 0 1 0 0 0 0 0 0 0 0 0 0 0 0 0 0 0 0 0 0 0 0 0 0 0 0 0 0 0 0 0 0 0 0 0 0 0 0 1 0 0 1 0 0 0]	2026-08-15_17-14-22	[0 0 0 0 0 0 0 0 0 0 0 0 0 0 0 0 0 0 0 0 0 0 0 0 0 0 0 0 0 0 0 0 0 0 0 0 0 0 0 0 0 0 0 0 0 0 0 0 0 0 0 0 0 0 0 0 0 0 0 0 0 0 0 0 0 0 0 1 0 0 0 0 0]	2026-08-15_17-14-22	[0]	2026-08-15_17-14-22
1	2026-08-15_17-14-22	-1.0	2026-08-15_17-14-22	11.71446418762207	2026-08-15_17-14-22	1.740759253501892	2026-08-15_17-14-22	1.7638877630233765	2026-08-15_17-14-22	4.075871467590332	2026-08-15_17-14-22	4.133945465087891	2026-08-15_17-14-22	True	2026-08-15_17-14-22	[1 0 0 0 1]	2026-08-15_17-14-22	[1 0 0 1 0]	2026-08-15_17-14-22	[0 0 0 0 0 0 0 0 0 0 0 0 0 0 0 0 0 0 0 0 0 0 0 0 0 0 0 0 0 1 0 0 0 0 0 0 0 0 0 0 0 0 0 0 0 0 0 0 0 0 0 0 0 0 0 0 0 0 0 0 0 0 0 0 0 0 1 0 0 1 0 0 0]	2026-08-15_17-14-22	[0 0 0 0 0 0 0 0 0 0 0 0 0 0 0 0 0 0 0 0 0 0 0 0 0 0 0 0 0 0 0 0 0 0 0 0 0 0 0 0 0 0 0 0 0 0 0 0 0 0 0 0 0 0 0 0 0 0 0 0 0 0 0 0 0 0 0 1 0 0 0 0 0]	2026-08-15_17-14-22	[0]	2026-08-15_17-14-22	[1 0 0 0 0]	2026-08-15_17-14-22	[1 0 0 1 0]	2026-08-15_17-14-22	[0 0 0 0 0 0 0 0 0 0 0 0 0 0 0 0 0 0 0 0 0 0 0 0 0 0 0 0 0 0 0 0 0 0 0 0 0 0 0 0 0 0 0 0 0 0 0 0 0 0 0 0 0 0 0 0 0 0 0 0 0 0 0 0 0 0 1 0 0 1 0 0 0]	2026-08-15_17-14-22	[0 0 0 0 0 0 0 0 0 0 0 0 0 0 0 0 0 0 0 0 0 0 0 0 0 0 0 0 0 0 0 0 0 0 0 0 0 0 0 0 0 0 0 0 0 0 0 0 0 0 0 0 0 0 0 0 0 0 0 0 0 0 1 0 0 0 0 1 0 0 0 0 0]	2026-08-15_17-14-22	[0]	2026-08-15_17-14-22
1	2026-08-15_17-14-22	-1.0	2026-08-15_17-14-22	11.648300170898438	2026-08-15_17-14-22	1.703946828842163	2026-08-15_17-14-22	1.7365105152130127	2026-08-15_17-14-22	4.074741840362549	2026-08-15_17-14-22	4.133100509643555	2026-08-15_17-14-22	True	2026-08-15_17-14-22	[1 0 0 0 0]	2026-08-15_17-14-22	[1 0 0 1 0]	2026-08-15_17-14-22	[0 0 0 0 0 0 0 0 0 0 0 0 0 0 0 0 0 0 0 0 0 0 0 0 0 0 0 0 0 0 0 0 0 0 0 0 0 0 0 0 0 0 0 0 0 0 0 0 0 0 0 0 0 0 0 0 0 0 0 0 0 0 0 0 0 0 1 0 0 1 0 0 0]	2026-08-15_17-14-22	[0 0 0 0 0 0 0 0 0 0 0 0 0 0 0 0 0 0 0 0 0 0 0 0 0 0 0 0 0 0 0 0 0 0 0 0 0 0 0 0 0 0 0 0 0 0 0 0 0 0 0 0 0 0 0 0 0 0 0 0 0 0 1 0 0 0 0 1 0 0 0 0 0]	2026-08-15_17-14-22	[0]	2026-08-15_17-14-22	[1 0 0 0 1]	2026-08-15_17-14-22	[1 0 0 1 0]	2026-08-15_17-14-22	[0 0 0 0 0 0 0 0 0 0 0 0 0 0 0 0 0 0 0 0 0 0 0 0 0 0 0 0 0 1 0 0 0 0 0 0 0 0 0 0 0 0 0 0 0 0 0 0 0 0 0 0 0 0 0 0 0 0 0 0 0 0 0 0 0 0 1 0 0 1 0 0 0]	2026-08-15_17-14-22	[0 0 0 0 0 0 0 0 0 0 0 0 0 0 0 0 0 0 0 0 0 0 0 0 0 0 0 0 0 0 0 0 0 0 0 0 0 0 0 0 0 0 0 0 0 0 0 0 0 0 0 0 0 0 0 0 0 0 0 0 0 0 0 0 0 0 0 1 0 0 0 0 0]	2026-08-15_17-14-22	[0]	2026-08-15_17-14-22
1	2026-08-15_17-14-22	-1.0	2026-08-15_17-14-22	11.713619232177734	2026-08-15_17-14-22	1.7365258932113647	2026-08-15_17-14-22	1.7561299800872803	2026-08-15_17-14-22	4.081602096557617	2026-08-15_17-14-22	4.139361381530762	2026-08-15_17-14-22	True	2026-08-15_17-14-22	[1 0 0 0 1]	2026-08-15_17-14-22	[1 0 0 1 0]	2026-08-15_17-14-22	[0 0 0 0 0 0 0 0 0 0 0 0 0 0 0 0 0 0 0 0 0 0 0 0 0 0 0 0 0 1 0 0 0 0 0 0 0 0 0 0 0 0 0 0 0 0 0 0 0 0 0 0 0 0 0 0 0 0 0 0 0 0 0 0 0 0 1 0 0 1 0 0 0]	2026-08-15_17-14-22	[0 0 0 0 0 0 0 0 0 0 0 0 0 0 0 0 0 0 0 0 0 0 0 0 0 0 0 0 0 0 0 0 0 0 0 0 0 0 0 0 0 0 0 0 0 0 0 0 0 0 0 0 0 0 0 0 0 0 0 0 0 0 0 0 0 0 0 1 0 0 0 0 0]	2026-08-15_17-14-22	[0]	2026-08-15_17-14-22	[1 0 0 0 0]	2026-08-15_17-14-22	[1 0 0 1 0]	2026-08-15_17-14-22	[0 0 0 0 0 0 0 0 0 0 0 0 0 0 0 0 0 0 0 0 0 0 0 0 0 0 0 0 0 0 0 0 0 0 0 0 0 0 0 0 0 0 0 0 0 0 0 0 0 0 0 0 0 0 0 0 0 0 0 0 0 0 0 0 0 0 1 0 0 1 0 0 0]	2026-08-15_17-14-22	[0 0 0 0 0 0 0 0 0 0 0 0 0 0 0 0 0 0 0 0 0 0 0 0 0 0 0 0 0 0 0 0 0 0 0 0 0 0 0 0 0 0 0 0 0 0 0 0 0 0 0 0 0 0 0 0 0 0 0 0 0 0 1 0 0 0 0 1 0 0 0 0 0]	2026-08-15_17-14-22	[0]	2026-08-15_17-14-22
1	2026-08-15_17-14-22	-1.0	2026-08-15_17-14-22	11.646993637084961	2026-08-15_17-14-22	1.7050446271896362	2026-08-15_17-14-22	1.7373473644256592	2026-08-15_17-14-22	4.072582244873047	2026-08-15_17-14-22	4.13201904296875	2026-08-15_17-14-22	True	2026-08-15_17-14-22	[1 0 0 0 0]	2026-08-15_17-14-22	[1 0 0 1 0]	2026-08-15_17-14-22	[0 0 0 0 0 0 0 0 0 0 0 0 0 0 0 0 0 0 0 0 0 0 0 0 0 0 0 0 0 0 0 0 0 0 0 0 0 0 0 0 0 0 0 0 0 0 0 0 0 0 0 0 0 0 0 0 0 0 0 0 0 0 0 0 0 0 1 0 0 1 0 0 0]	2026-08-15_17-14-22	[0 0 0 0 0 0 0 0 0 0 0 0 0 0 0 0 0 0 0 0 0 0 0 0 0 0 0 0 0 0 0 0 0 0 0 0 0 0 0 0 0 0 0 0 0 0 0 0 0 0 0 0 0 0 0 0 0 0 0 0 0 0 1 0 0 0 0 1 0 0 0 0 0]	2026-08-15_17-14-22	[0]	2026-08-15_17-14-22	[1 0 0 0 1]	2026-08-15_17-14-22	[1 0 0 1 0]	2026-08-15_17-14-22	[0 0 0 0 0 0 0 0 0 0 0 0 0 0 0 0 0 0 0 0 0 0 0 0 0 0 0 0 0 1 0 0 0 0 0 0 0 0 0 0 0 0 0 0 0 0 0 0 0 0 0 0 0 0 0 0 0 0 0 0 0 0 0 0 0 0 1 0 0 1 0 0 0]	2026-08-15_17-14-22	[0 0 0 0 0 0 0 0 0 0 0 0 0 0 0 0 0 0 0 0 0 0 0 0 0 0 0 0 0 0 0 0 0 0 0 0 0 0 0 0 0 0 0 0 0 0 0 0 0 0 0 0 0 0 0 0 0 0 0 0 0 0 0 0 0 0 0 1 0 0 0 0 0]	2026-08-15_17-14-22	[0]	2026-08-15_17-14-22
1	2026-08-15_17-14-22	-1.0	2026-08-15_17-14-22	11.708888053894043	2026-08-15_17-14-22	1.7383067607879639	2026-08-15_17-14-22	1.762677788734436	2026-08-15_17-14-22	4.074122428894043	2026-08-15_17-14-22	4.1337809562683105	2026-08-15_17-14-22	True	2026-08-15_17-14-22	[1 0 0 0 1]	2026-08-15_17-14-22	[1 0 0 1 0]	2026-08-15_17-14-22	[0 0 0 0 0 0 0 0 0 0 0 0 0 0 0 0 0 0 0 0 0 0 0 0 0 0 0 0 0 1 0 0 0 0 0 0 0 0 0 0 0 0 0 0 0 0 0 0 0 0 0 0 0 0 0 0 0 0 0 0 0 0 0 0 0 0 1 0 0 1 0 0 0]	2026-08-15_17-14-22	[0 0 0 0 0 0 0 0 0 0 0 0 0 0 0 0 0 0 0 0 0 0 0 0 0 0 0 0 0 0 0 0 0 0 0 0 0 0 0 0 0 0 0 0 0 0 0 0 0 0 0 0 0 0 0 0 0 0 0 0 0 0 0 0 0 0 0 1 0 0 0 0 0]	2026-08-15_17-14-22	[0]	2026-08-15_17-14-22	[1 0 0 0 0]	2026-08-15_17-14-22	[1 0 0 1 0]	2026-08-15_17-14-22	[0 0 0 0 0 0 0 0 0 0 0 0 0 0 0 0 0 0 0 0 0 0 0 0 0 0 0 0 0 0 0 0 0 0 0 0 0 0 0 0 0 0 0 0 0 0 0 0 0 0 0 0 0 0 0 0 0 0 0 0 0 0 0 0 0 0 1 0 0 1 0 0 0]	2026-08-15_17-14-22	[0 0 0 0 0 0 0 0 0 0 0 0 0 0 0 0 0 0 0 0 0 0 0 0 0 0 0 0 0 0 0 0 0 0 0 0 0 0 0 0 0 0 0 0 0 0 0 0 0 0 0 0 0 0 0 0 0 0 0 0 0 0 1 0 0 0 0 1 0 0 0 0 0]	2026-08-15_17-14-22	[0]	2026-08-15_17-14-22
1	2026-08-15_17-14-22	-1.0	2026-08-15_17-14-22	11.642818450927734	2026-08-15_17-14-22	1.6997206211090088	2026-08-15_17-14-22	1.7326576709747314	2026-08-15_17-14-22	4.07696533203125	2026-08-15_17-14-22	4.133475303649902	2026-08-15_17-14-22	True	2026-08-15_17-14-22	[1 0 0 0 0]	2026-08-15_17-14-22	[1 0 0 1 0]	2026-08-15_17-14-22	[0 0 0 0 0 0 0 0 0 0 0 0 0 0 0 0 0 0 0 0 0 0 0 0 0 0 0 0 0 0 0 0 0 0 0 0 0 0 0 0 0 0 0 0 0 0 0 0 0 0 0 0 0 0 0 0 0 0 0 0 0 0 0 0 0 0 1 0 0 1 0 0 0]	2026-08-15_17-14-22	[0 0 0 0 0 0 0 0 0 0 0 0 0 0 0 0 0 0 0 0 0 0 0 0 0 0 0 0 0 0 0 0 0 0 0 0 0 0 0 0 0 0 0 0 0 0 0 0 0 0 0 0 0 0 0 0 0 0 0 0 0 0 1 0 0 0 0 1 0 0 0 0 0]	2026-08-15_17-14-22	[0]	2026-08-15_17-14-22	[1 0 0 0 1]	2026-08-15_17-14-22	[1 0 0 1 0]	2026-08-15_17-14-22	[0 0 0 0 0 0 0 0 0 0 0 0 0 0 0 0 0 0 0 0 0 0 0 0 0 0 0 0 0 1 0 0 0 0 0 0 0 0 0 0 0 0 0 0 0 0 0 0 0 0 0 0 0 0 0 0 0 0 0 0 0 0 0 0 0 0 1 0 0 1 0 0 0]	2026-08-15_17-14-22	[0 0 0 0 0 0 0 0 0 0 0 0 0 0 0 0 0 0 0 0 0 0 0 0 0 0 0 0 0 0 0 0 0 0 0 0 0 0 0 0 0 0 0 0 0 0 0 0 0 0 0 0 0 0 0 0 0 0 0 0 0 0 0 0 0 0 0 1 0 0 0 0 0]	2026-08-15_17-14-22	[0]	2026-08-15_17-14-22
1	2026-08-15_17-14-22	-1.0	2026-08-15_17-14-22	11.702472686767578	2026-08-15_17-14-22	1.7359215021133423	2026-08-15_17-14-22	1.7599146366119385	2026-08-15_17-14-22	4.073312759399414	2026-08-15_17-14-22	4.1333231925964355	2026-08-15_17-14-22	True	2026-08-15_17-14-22	[1 0 0 0 1]	2026-08-15_17-14-22	[1 0 0 1 0]	2026-08-15_17-14-22	[0 0 0 0 0 0 0 0 0 0 0 0 0 0 0 0 0 0 0 0 0 0 0 0 0 0 0 0 0 1 0 0 0 0 0 0 0 0 0 0 0 0 0 0 0 0 0 0 0 0 0 0 0 0 0 0 0 0 0 0 0 0 0 0 0 0 1 0 0 1 0 0 0]	2026-08-15_17-14-22	[0 0 0 0 0 0 0 0 0 0 0 0 0 0 0 0 0 0 0 0 0 0 0 0 0 0 0 0 0 0 0 0 0 0 0 0 0 0 0 0 0 0 0 0 0 0 0 0 0 0 0 0 0 0 0 0 0 0 0 0 0 0 0 0 0 0 0 1 0 0 0 0 0]	2026-08-15_17-14-22	[0]	2026-08-15_17-14-22	[1 0 0 0 0]	2026-08-15_17-14-22	[1 0 0 1 0]	2026-08-15_17-14-22	[0 0 0 0 0 0 0 0 0 0 0 0 0 0 0 0 0 0 0 0 0 0 0 0 0 0 0 0 0 0 0 0 0 0 0 0 0 0 0 0 0 0 0 0 0 0 0 0 0 0 0 0 0 0 0 0 0 0 0 0 0 0 0 0 0 0 1 0 0 1 0 0 0]	2026-08-15_17-14-22	[0 0 0 0 0 0 0 0 0 0 0 0 0 0 0 0 0 0 0 0 0 0 0 0 0 0 0 0 0 0 0 0 0 0 0 0 0 0 0 0 0 0 0 0 0 0 0 0 0 0 0 0 0 0 0 0 0 0 0 0 0 0 1 0 0 0 0 1 0 0 0 0 0]	2026-08-15_17-14-22	[0]	2026-08-15_17-14-22
1	2026-08-15_17-14-22	-1.0	2026-08-15_17-14-22	11.621973037719727	2026-08-15_17-14-22	1.6966569423675537	2026-08-15_17-14-22	1.731916069984436	2026-08-15_17-14-22	4.06638765335083	2026-08-15_17-14-22	4.127011775970459	2026-08-15_17-14-22	True	2026-08-15_17-14-22	[1 0 0 0 0]	2026-08-15_17-14-22	[1 0 0 1 0]	2026-08-15_17-14-22	[0 0 0 0 0 0 0 0 0 0 0 0 0 0 0 0 0 0 0 0 0 0 0 0 0 0 0 0 0 0 0 0 0 0 0 0 0 0 0 0 0 0 0 0 0 0 0 0 0 0 0 0 0 0 0 0 0 0 0 0 0 0 0 0 0 0 1 0 0 1 0 0 0]	2026-08-15_17-14-22	[0 0 0 0 0 0 0 0 0 0 0 0 0 0 0 0 0 0 0 0 0 0 0 0 0 0 0 0 0 0 0 0 0 0 0 0 0 0 0 0 0 0 0 0 0 0 0 0 0 0 0 0 0 0 0 0 0 0 0 0 0 0 1 0 0 0 0 1 0 0 0 0 0]	2026-08-15_17-14-22	[0]	2026-08-15_17-14-22	[1 0 0 0 1]	2026-08-15_17-14-22	[1 0 0 1 0]	2026-08-15_17-14-22	[0 0 0 0 0 0 0 0 0 0 0 0 0 0 0 0 0 0 0 0 0 0 0 0 0 0 0 0 0 1 0 0 0 0 0 0 0 0 0 0 0 0 0 0 0 0 0 0 0 0 0 0 0 0 0 0 0 0 0 0 0 0 0 0 0 0 1 0 0 1 0 0 0]	2026-08-15_17-14-22	[0 0 0 0 0 0 0 0 0 0 0 0 0 0 0 0 0 0 0 0 0 0 0 0 0 0 0 0 0 0 0 0 0 0 0 0 0 0 0 0 0 0 0 0 0 0 0 0 0 0 0 0 0 0 0 0 0 0 0 0 0 0 0 0 0 0 0 1 0 0 0 0 0]	2026-08-15_17-14-22	[0]	2026-08-15_17-14-22
1	2026-08-15_17-14-22	-1.0	2026-08-15_17-14-22	11.709403991699219	2026-08-15_17-14-22	1.7381322383880615	2026-08-15_17-14-22	1.7631489038467407	2026-08-15_17-14-22	4.07573127746582	2026-08-15_17-14-22	4.132391929626465	2026-08-15_17-14-22	True	2026-08-15_17-14-22	[1 0 0 0 1]	2026-08-15_17-14-22	[1 0 0 1 0]	2026-08-15_17-14-22	[0 0 0 0 0 0 0 0 0 0 0 0 0 0 0 0 0 0 0 0 0 0 0 0 0 0 0 0 0 1 0 0 0 0 0 0 0 0 0 0 0 0 0 0 0 0 0 0 0 0 0 0 0 0 0 0 0 0 0 0 0 0 0 0 0 0 1 0 0 1 0 0 0]	2026-08-15_17-14-22	[0 0 0 0 0 0 0 0 0 0 0 0 0 0 0 0 0 0 0 0 0 0 0 0 0 0 0 0 0 0 0 0 0 0 0 0 0 0 0 0 0 0 0 0 0 0 0 0 0 0 0 0 0 0 0 0 0 0 0 0 0 0 0 0 0 0 0 1 0 0 0 0 0]	2026-08-15_17-14-22	[0]	2026-08-15_17-14-22	[1 0 0 0 0]	2026-08-15_17-14-22	[1 0 0 1 0]	2026-08-15_17-14-22	[0 0 0 0 0 0 0 0 0 0 0 0 0 0 0 0 0 0 0 0 0 0 0 0 0 0 0 0 0 0 0 0 0 0 0 0 0 0 0 0 0 0 0 0 0 0 0 0 0 0 0 0 0 0 0 0 0 0 0 0 0 0 0 0 0 0 1 0 0 1 0 0 0]	2026-08-15_17-14-22	[0 0 0 0 0 0 0 0 0 0 0 0 0 0 0 0 0 0 0 0 0 0 0 0 0 0 0 0 0 0 0 0 0 0 0 0 0 0 0 0 0 0 0 0 0 0 0 0 0 0 0 0 0 0 0 0 0 0 0 0 0 0 1 0 0 0 0 1 0 0 0 0 0]	2026-08-15_17-14-22	[0]	2026-08-15_17-14-22
1	2026-08-15_17-14-22	-1.0	2026-08-15_17-14-22	11.635682106018066	2026-08-15_17-14-22	1.7095674276351929	2026-08-15_17-14-22	1.736682415008545	2026-08-15_17-14-22	4.062105178833008	2026-08-15_17-14-22	4.127326965332031	2026-08-15_17-14-22	True	2026-08-15_17-14-22	[1 0 0 0 0]	2026-08-15_17-14-22	[1 0 0 1 0]	2026-08-15_17-14-22	[0 0 0 0 0 0 0 0 0 0 0 0 0 0 0 0 0 0 0 0 0 0 0 0 0 0 0 0 0 0 0 0 0 0 0 0 0 0 0 0 0 0 0 0 0 0 0 0 0 0 0 0 0 0 0 0 0 0 0 0 0 0 0 0 0 0 1 0 0 1 0 0 0]	2026-08-15_17-14-22	[0 0 0 0 0 0 0 0 0 0 0 0 0 0 0 0 0 0 0 0 0 0 0 0 0 0 0 0 0 0 0 0 0 0 0 0 0 0 0 0 0 0 0 0 0 0 0 0 0 0 0 0 0 0 0 0 0 0 0 0 0 0 1 0 0 0 0 1 0 0 0 0 0]	2026-08-15_17-14-22	[0]	2026-08-15_17-14-22	[1 0 0 0 1]	2026-08-15_17-14-22	[1 0 0 1 0]	2026-08-15_17-14-22	[0 0 0 0 0 0 0 0 0 0 0 0 0 0 0 0 0 0 0 0 0 0 0 0 0 0 0 0 0 1 0 0 0 0 0 0 0 0 0 0 0 0 0 0 0 0 0 0 0 0 0 0 0 0 0 0 0 0 0 0 0 0 0 0 0 0 1 0 0 1 0 0 0]	2026-08-15_17-14-22	[0 0 0 0 0 0 0 0 0 0 0 0 0 0 0 0 0 0 0 0 0 0 0 0 0 0 0 0 0 0 0 0 0 0 0 0 0 0 0 0 0 0 0 0 0 0 0 0 0 0 0 0 0 0 0 0 0 0 0 0 0 0 0 0 0 0 0 1 0 0 0 0 0]	2026-08-15_17-14-22	[0]	2026-08-15_17-14-22
1	2026-08-15_17-14-22	-1.0	2026-08-15_17-14-22	11.69864273071289	2026-08-15_17-14-22	1.7248095273971558	2026-08-15_17-14-22	1.7535457611083984	2026-08-15_17-14-22	4.0839996337890625	2026-08-15_17-14-22	4.136287689208984	2026-08-15_17-14-22	True	2026-08-15_17-14-22	[1 0 0 0 1]	2026-08-15_17-14-22	[1 0 0 1 0]	2026-08-15_17-14-22	[0 0 0 0 0 0 0 0 0 0 0 0 0 0 0 0 0 0 0 0 0 0 0 0 0 0 0 0 0 1 0 0 0 0 0 0 0 0 0 0 0 0 0 0 0 0 0 0 0 0 0 0 0 0 0 0 0 0 0 0 0 0 0 0 0 0 1 0 0 1 0 0 0]	2026-08-15_17-14-22	[0 0 0 0 0 0 0 0 0 0 0 0 0 0 0 0 0 0 0 0 0 0 0 0 0 0 0 0 0 0 0 0 0 0 0 0 0 0 0 0 0 0 0 0 0 0 0 0 0 0 0 0 0 0 0 0 0 0 0 0 0 0 0 0 0 0 0 1 0 0 0 0 0]	2026-08-15_17-14-22	[0]	2026-08-15_17-14-22	[1 0 0 0 0]	2026-08-15_17-14-22	[1 0 0 1 0]	2026-08-15_17-14-22	[0 0 0 0 0 0 0 0 0 0 0 0 0 0 0 0 0 0 0 0 0 0 0 0 0 0 0 0 0 0 0 0 0 0 0 0 0 0 0 0 0 0 0 0 0 0 0 0 0 0 0 0 0 0 0 0 0 0 0 0 0 0 0 0 0 0 1 0 0 1 0 0 0]	2026-08-15_17-14-22	[0 0 0 0 0 0 0 0 0 0 0 0 0 0 0 0 0 0 0 0 0 0 0 0 0 0 0 0 0 0 0 0 0 0 0 0 0 0 0 0 0 0 0 0 0 0 0 0 0 0 0 0 0 0 0 0 0 0 0 0 0 0 1 0 0 0 0 1 0 0 0 0 0]	2026-08-15_17-14-22	[0]	2026-08-15_17-14-22
1	2026-08-15_17-14-22	-1.0	2026-08-15_17-14-22	11.634757995605469	2026-08-15_17-14-22	1.7002992630004883	2026-08-15_17-14-22	1.730640172958374	2026-08-15_17-14-22	4.072478771209717	2026-08-15_17-14-22	4.131340503692627	2026-08-15_17-14-22	True	2026-08-15_17-14-22	[1 0 0 0 0]	2026-08-15_17-14-22	[1 0 0 1 0]	2026-08-15_17-14-22	[0 0 0 0 0 0 0 0 0 0 0 0 0 0 0 0 0 0 0 0 0 0 0 0 0 0 0 0 0 0 0 0 0 0 0 0 0 0 0 0 0 0 0 0 0 0 0 0 0 0 0 0 0 0 0 0 0 0 0 0 0 0 0 0 0 0 1 0 0 1 0 0 0]	2026-08-15_17-14-22	[0 0 0 0 0 0 0 0 0 0 0 0 0 0 0 0 0 0 0 0 0 0 0 0 0 0 0 0 0 0 0 0 0 0 0 0 0 0 0 0 0 0 0 0 0 0 0 0 0 0 0 0 0 0 0 0 0 0 0 0 0 0 1 0 0 0 0 1 0 0 0 0 0]	2026-08-15_17-14-22	[0]	2026-08-15_17-14-22	[1 0 0 0 1]	2026-08-15_17-14-22	[1 0 0 1 0]	2026-08-15_17-14-22	[0 0 0 0 0 0 0 0 0 0 0 0 0 0 0 0 0 0 0 0 0 0 0 0 0 0 0 0 0 1 0 0 0 0 0 0 0 0 0 0 0 0 0 0 0 0 0 0 0 0 0 0 0 0 0 0 0 0 0 0 0 0 0 0 0 0 1 0 0 1 0 0 0]	2026-08-15_17-14-22	[0 0 0 0 0 0 0 0 0 0 0 0 0 0 0 0 0 0 0 0 0 0 0 0 0 0 0 0 0 0 0 0 0 0 0 0 0 0 0 0 0 0 0 0 0 0 0 0 0 0 0 0 0 0 0 0 0 0 0 0 0 0 0 0 0 0 0 1 0 0 0 0 0]	2026-08-15_17-14-22	[0]	2026-08-15_17-14-22
1	2026-08-15_17-14-22	-1.0	2026-08-15_17-14-22	11.726634979248047	2026-08-15_17-14-22	1.7403125762939453	2026-08-15_17-14-22	1.7649636268615723	2026-08-15_17-14-22	4.081842422485352	2026-08-15_17-14-22	4.139516830444336	2026-08-15_17-14-22	True	2026-08-15_17-14-22	[1 0 0 0 1]	2026-08-15_17-14-22	[1 0 0 1 0]	2026-08-15_17-14-22	[0 0 0 0 0 0 0 0 0 0 0 0 0 0 0 0 0 0 0 0 0 0 0 0 0 0 0 0 0 1 0 0 0 0 0 0 0 0 0 0 0 0 0 0 0 0 0 0 0 0 0 0 0 0 0 0 0 0 0 0 0 0 0 0 0 0 1 0 0 1 0 0 0]	2026-08-15_17-14-22	[0 0 0 0 0 0 0 0 0 0 0 0 0 0 0 0 0 0 0 0 0 0 0 0 0 0 0 0 0 0 0 0 0 0 0 0 0 0 0 0 0 0 0 0 0 0 0 0 0 0 0 0 0 0 0 0 0 0 0 0 0 0 0 0 0 0 0 1 0 0 0 0 0]	2026-08-15_17-14-22	[0]	2026-08-15_17-14-22	[1 0 0 0 0]	2026-08-15_17-14-22	[1 0 0 1 0]	2026-08-15_17-14-22	[0 0 0 0 0 0 0 0 0 0 0 0 0 0 0 0 0 0 0 0 0 0 0 0 0 0 0 0 0 0 0 0 0 0 0 0 0 0 0 0 0 0 0 0 0 0 0 0 0 0 0 0 0 0 0 0 0 0 0 0 0 0 0 0 0 0 1 0 0 1 0 0 0]	2026-08-15_17-14-22	[0 0 0 0 0 0 0 0 0 0 0 0 0 0 0 0 0 0 0 0 0 0 0 0 0 0 0 0 0 0 0 0 0 0 0 0 0 0 0 0 0 0 0 0 0 0 0 0 0 0 0 0 0 0 0 0 0 0 0 0 0 0 1 0 0 0 0 1 0 0 0 0 0]	2026-08-15_17-14-22	[0]	2026-08-15_17-14-22
1	2026-08-15_17-14-22	-1.0	2026-08-15_17-14-22	11.623678207397461	2026-08-15_17-14-22	1.6907539367675781	2026-08-15_17-14-22	1.7279285192489624	2026-08-15_17-14-22	4.076308727264404	2026-08-15_17-14-22	4.128687381744385	2026-08-15_17-14-22	True	2026-08-15_17-14-22	[1 0 0 0 0]	2026-08-15_17-14-22	[1 0 0 1 0]	2026-08-15_17-14-22	[0 0 0 0 0 0 0 0 0 0 0 0 0 0 0 0 0 0 0 0 0 0 0 0 0 0 0 0 0 0 0 0 0 0 0 0 0 0 0 0 0 0 0 0 0 0 0 0 0 0 0 0 0 0 0 0 0 0 0 0 0 0 0 0 0 0 1 0 0 1 0 0 0]	2026-08-15_17-14-22	[0 0 0 0 0 0 0 0 0 0 0 0 0 0 0 0 0 0 0 0 0 0 0 0 0 0 0 0 0 0 0 0 0 0 0 0 0 0 0 0 0 0 0 0 0 0 0 0 0 0 0 0 0 0 0 0 0 0 0 0 0 0 1 0 0 0 0 1 0 0 0 0 0]	2026-08-15_17-14-22	[0]	2026-08-15_17-14-22	[1 0 0 0 1]	2026-08-15_17-14-22	[1 0 0 1 0]	2026-08-15_17-14-22	[0 0 0 0 0 0 0 0 0 0 0 0 0 0 0 0 0 0 0 0 0 0 0 0 0 0 0 0 0 1 0 0 0 0 0 0 0 0 0 0 0 0 0 0 0 0 0 0 0 0 0 0 0 0 0 0 0 0 0 0 0 0 0 0 0 0 1 0 0 1 0 0 0]	2026-08-15_17-14-22	[0 0 0 0 0 0 0 0 0 0 0 0 0 0 0 0 0 0 0 0 0 0 0 0 0 0 0 0 0 0 0 0 0 0 0 0 0 0 0 0 0 0 0 0 0 0 0 0 0 0 0 0 0 0 0 0 0 0 0 0 0 0 0 0 0 0 0 1 0 0 0 0 0]	2026-08-15_17-14-22	[0]	2026-08-15_17-14-22
1	2026-08-15_17-14-22	-1.0	2026-08-15_17-14-22	11.717729568481445	2026-08-15_17-14-22	1.7333296537399292	2026-08-15_17-14-22	1.761517882347107	2026-08-15_17-14-22	4.082814693450928	2026-08-15_17-14-22	4.1400675773620605	2026-08-15_17-14-22	True	2026-08-15_17-14-22	[1 0 0 0 1]	2026-08-15_17-14-22	[1 0 0 1 0]	2026-08-15_17-14-22	[0 0 0 0 0 0 0 0 0 0 0 0 0 0 0 0 0 0 0 0 0 0 0 0 0 0 0 0 0 1 0 0 0 0 0 0 0 0 0 0 0 0 0 0 0 0 0 0 0 0 0 0 0 0 0 0 0 0 0 0 0 0 0 0 0 0 1 0 0 1 0 0 0]	2026-08-15_17-14-22	[0 0 0 0 0 0 0 0 0 0 0 0 0 0 0 0 0 0 0 0 0 0 0 0 0 0 0 0 0 0 0 0 0 0 0 0 0 0 0 0 0 0 0 0 0 0 0 0 0 0 0 0 0 0 0 0 0 0 0 0 0 0 0 0 0 0 0 1 0 0 0 0 0]	2026-08-15_17-14-22	[0]	2026-08-15_17-14-22	[1 0 0 0 0]	2026-08-15_17-14-22	[1 0 0 1 0]	2026-08-15_17-14-22	[0 0 0 0 0 0 0 0 0 0 0 0 0 0 0 0 0 0 0 0 0 0 0 0 0 0 0 0 0 0 0 0 0 0 0 0 0 0 0 0 0 0 0 0 0 0 0 0 0 0 0 0 0 0 0 0 0 0 0 0 0 0 0 0 0 0 1 0 0 1 0 0 0]	2026-08-15_17-14-22	[0 0 0 0 0 0 0 0 0 0 0 0 0 0 0 0 0 0 0 0 0 0 0 0 0 0 0 0 0 0 0 0 0 0 0 0 0 0 0 0 0 0 0 0 0 0 0 0 0 0 0 0 0 0 0 0 0 0 0 0 0 0 1 0 0 0 0 1 0 0 0 0 0]	2026-08-15_17-14-22	[0]	2026-08-15_17-14-22
1	2026-08-15_17-14-22	-1.0	2026-08-15_17-14-22	11.634231567382812	2026-08-15_17-14-22	1.6942416429519653	2026-08-15_17-14-22	1.7310174703598022	2026-08-15_17-14-22	4.077483177185059	2026-08-15_17-14-22	4.1314897537231445	2026-08-15_17-14-22	True	2026-08-15_17-14-22	[1 0 0 0 0]	2026-08-15_17-14-22	[1 0 0 1 0]	2026-08-15_17-14-22	[0 0 0 0 0 0 0 0 0 0 0 0 0 0 0 0 0 0 0 0 0 0 0 0 0 0 0 0 0 0 0 0 0 0 0 0 0 0 0 0 0 0 0 0 0 0 0 0 0 0 0 0 0 0 0 0 0 0 0 0 0 0 0 0 0 0 1 0 0 1 0 0 0]	2026-08-15_17-14-22	[0 0 0 0 0 0 0 0 0 0 0 0 0 0 0 0 0 0 0 0 0 0 0 0 0 0 0 0 0 0 0 0 0 0 0 0 0 0 0 0 0 0 0 0 0 0 0 0 0 0 0 0 0 0 0 0 0 0 0 0 0 0 1 0 0 0 0 1 0 0 0 0 0]	2026-08-15_17-14-22	[0]	2026-08-15_17-14-22	[1 0 0 0 1]	2026-08-15_17-14-22	[1 0 0 1 0]	2026-08-15_17-14-22	[0 0 0 0 0 0 0 0 0 0 0 0 0 0 0 0 0 0 0 0 0 0 0 0 0 0 0 0 0 1 0 0 0 0 0 0 0 0 0 0 0 0 0 0 0 0 0 0 0 0 0 0 0 0 0 0 0 0 0 0 0 0 0 0 0 0 1 0 0 1 0 0 0]	2026-08-15_17-14-22	[0 0 0 0 0 0 0 0 0 0 0 0 0 0 0 0 0 0 0 0 0 0 0 0 0 0 0 0 0 0 0 0 0 0 0 0 0 0 0 0 0 0 0 0 0 0 0 0 0 0 0 0 0 0 0 0 0 0 0 0 0 0 0 0 0 0 0 1 0 0 0 0 0]	2026-08-15_17-14-22	[0]	2026-08-15_17-14-22
1	2026-08-15_17-14-22	-1.0	2026-08-15_17-14-22	11.696084976196289	2026-08-15_17-14-22	1.7283366918563843	2026-08-15_17-14-22	1.757918119430542	2026-08-15_17-14-22	4.078110218048096	2026-08-15_17-14-22	4.131720542907715	2026-08-15_17-14-22	True	2026-08-15_17-14-22	[1 0 0 0 1]	2026-08-15_17-14-22	[1 0 0 1 0]	2026-08-15_17-14-22	[0 0 0 0 0 0 0 0 0 0 0 0 0 0 0 0 0 0 0 0 0 0 0 0 0 0 0 0 0 1 0 0 0 0 0 0 0 0 0 0 0 0 0 0 0 0 0 0 0 0 0 0 0 0 0 0 0 0 0 0 0 0 0 0 0 0 1 0 0 1 0 0 0]	2026-08-15_17-14-22	[0 0 0 0 0 0 0 0 0 0 0 0 0 0 0 0 0 0 0 0 0 0 0 0 0 0 0 0 0 0 0 0 0 0 0 0 0 0 0 0 0 0 0 0 0 0 0 0 0 0 0 0 0 0 0 0 0 0 0 0 0 0 0 0 0 0 0 1 0 0 0 0 0]	2026-08-15_17-14-22	[0]	2026-08-15_17-14-22	[1 0 0 0 0]	2026-08-15_17-14-22	[1 0 0 1 0]	2026-08-15_17-14-22	[0 0 0 0 0 0 0 0 0 0 0 0 0 0 0 0 0 0 0 0 0 0 0 0 0 0 0 0 0 0 0 0 0 0 0 0 0 0 0 0 0 0 0 0 0 0 0 0 0 0 0 0 0 0 0 0 0 0 0 0 0 0 0 0 0 0 1 0 0 1 0 0 0]	2026-08-15_17-14-22	[0 0 0 0 0 0 0 0 0 0 0 0 0 0 0 0 0 0 0 0 0 0 0 0 0 0 0 0 0 0 0 0 0 0 0 0 0 0 0 0 0 0 0 0 0 0 0 0 0 0 0 0 0 0 0 0 0 0 0 0 0 0 1 0 0 0 0 1 0 0 0 0 0]	2026-08-15_17-14-22	[0]	2026-08-15_17-14-22
1	2026-08-15_17-14-22	-1.0	2026-08-15_17-14-22	11.652664184570312	2026-08-15_17-14-22	1.701634407043457	2026-08-15_17-14-22	1.736701488494873	2026-08-15_17-14-22	4.0798845291137695	2026-08-15_17-14-22	4.134444236755371	2026-08-15_17-14-22	True	2026-08-15_17-14-22	[1 0 0 0 0]	2026-08-15_17-14-22	[1 0 0 1 0]	2026-08-15_17-14-22	[0 0 0 0 0 0 0 0 0 0 0 0 0 0 0 0 0 0 0 0 0 0 0 0 0 0 0 0 0 0 0 0 0 0 0 0 0 0 0 0 0 0 0 0 0 0 0 0 0 0 0 0 0 0 0 0 0 0 0 0 0 0 0 0 0 0 1 0 0 1 0 0 0]	2026-08-15_17-14-22	[0 0 0 0 0 0 0 0 0 0 0 0 0 0 0 0 0 0 0 0 0 0 0 0 0 0 0 0 0 0 0 0 0 0 0 0 0 0 0 0 0 0 0 0 0 0 0 0 0 0 0 0 0 0 0 0 0 0 0 0 0 0 1 0 0 0 0 1 0 0 0 0 0]	2026-08-15_17-14-22	[0]	2026-08-15_17-14-22	[1 0 0 0 1]	2026-08-15_17-14-22	[1 0 0 1 0]	2026-08-15_17-14-22	[0 0 0 0 0 0 0 0 0 0 0 0 0 0 0 0 0 0 0 0 0 0 0 0 0 0 0 0 0 1 0 0 0 0 0 0 0 0 0 0 0 0 0 0 0 0 0 0 0 0 0 0 0 0 0 0 0 0 0 0 0 0 0 0 0 0 1 0 0 1 0 0 0]	2026-08-15_17-14-22	[0 0 0 0 0 0 0 0 0 0 0 0 0 0 0 0 0 0 0 0 0 0 0 0 0 0 0 0 0 0 0 0 0 0 0 0 0 0 0 0 0 0 0 0 0 0 0 0 0 0 0 0 0 0 0 0 0 0 0 0 0 0 0 0 0 0 0 1 0 0 0 0 0]	2026-08-15_17-14-22	[0]	2026-08-15_17-14-22
1	2026-08-15_17-14-22	-1.0	2026-08-15_17-14-22	11.722871780395508	2026-08-15_17-14-22	1.7390882968902588	2026-08-15_17-14-22	1.7628159523010254	2026-08-15_17-14-22	4.082107067108154	2026-08-15_17-14-22	4.13886022567749	2026-08-15_17-14-22	True	2026-08-15_17-14-22	[1 0 0 0 1]	2026-08-15_17-14-22	[1 0 0 1 0]	2026-08-15_17-14-22	[0 0 0 0 0 0 0 0 0 0 0 0 0 0 0 0 0 0 0 0 0 0 0 0 0 0 0 0 0 1 0 0 0 0 0 0 0 0 0 0 0 0 0 0 0 0 0 0 0 0 0 0 0 0 0 0 0 0 0 0 0 0 0 0 0 0 1 0 0 1 0 0 0]	2026-08-15_17-14-22	[0 0 0 0 0 0 0 0 0 0 0 0 0 0 0 0 0 0 0 0 0 0 0 0 0 0 0 0 0 0 0 0 0 0 0 0 0 0 0 0 0 0 0 0 0 0 0 0 0 0 0 0 0 0 0 0 0 0 0 0 0 0 0 0 0 0 0 1 0 0 0 0 0]	2026-08-15_17-14-22	[0]	2026-08-15_17-14-22	[1 0 0 0 0]	2026-08-15_17-14-22	[1 0 0 1 0]	2026-08-15_17-14-22	[0 0 0 0 0 0 0 0 0 0 0 0 0 0 0 0 0 0 0 0 0 0 0 0 0 0 0 0 0 0 0 0 0 0 0 0 0 0 0 0 0 0 0 0 0 0 0 0 0 0 0 0 0 0 0 0 0 0 0 0 0 0 0 0 0 0 1 0 0 1 0 0 0]	2026-08-15_17-14-22	[0 0 0 0 0 0 0 0 0 0 0 0 0 0 0 0 0 0 0 0 0 0 0 0 0 0 0 0 0 0 0 0 0 0 0 0 0 0 0 0 0 0 0 0 0 0 0 0 0 0 0 0 0 0 0 0 0 0 0 0 0 0 1 0 0 0 0 1 0 0 0 0 0]	2026-08-15_17-14-22	[0]	2026-08-15_17-14-22
1	2026-08-15_17-14-22	-1.0	2026-08-15_17-14-22	11.62762451171875	2026-08-15_17-14-22	1.6980342864990234	2026-08-15_17-14-22	1.7351588010787964	2026-08-15_17-14-22	4.068019866943359	2026-08-15_17-14-22	4.126410961151123	2026-08-15_17-14-22	True	2026-08-15_17-14-22	[1 0 0 0 0]	2026-08-15_17-14-22	[1 0 0 1 0]	2026-08-15_17-14-22	[0 0 0 0 0 0 0 0 0 0 0 0 0 0 0 0 0 0 0 0 0 0 0 0 0 0 0 0 0 0 0 0 0 0 0 0 0 0 0 0 0 0 0 0 0 0 0 0 0 0 0 0 0 0 0 0 0 0 0 0 0 0 0 0 0 0 1 0 0 1 0 0 0]	2026-08-15_17-14-22	[0 0 0 0 0 0 0 0 0 0 0 0 0 0 0 0 0 0 0 0 0 0 0 0 0 0 0 0 0 0 0 0 0 0 0 0 0 0 0 0 0 0 0 0 0 0 0 0 0 0 0 0 0 0 0 0 0 0 0 0 0 0 1 0 0 0 0 1 0 0 0 0 0]	2026-08-15_17-14-22	[0]	2026-08-15_17-14-22	[1 0 0 0 1]	2026-08-15_17-14-22	[1 0 0 1 0]	2026-08-15_17-14-22	[0 0 0 0 0 0 0 0 0 0 0 0 0 0 0 0 0 0 0 0 0 0 0 0 0 0 0 0 0 1 0 0 0 0 0 0 0 0 0 0 0 0 0 0 0 0 0 0 0 0 0 0 0 0 0 0 0 0 0 0 0 0 0 0 0 0 1 0 0 1 0 0 0]	2026-08-15_17-14-22	[0 0 0 0 0 0 0 0 0 0 0 0 0 0 0 0 0 0 0 0 0 0 0 0 0 0 0 0 0 0 0 0 0 0 0 0 0 0 0 0 0 0 0 0 0 0 0 0 0 0 0 0 0 0 0 0 0 0 0 0 0 0 0 0 0 0 0 1 0 0 0 0 0]	2026-08-15_17-14-22	[0]	2026-08-15_17-14-22
1	2026-08-15_17-14-22	-1.0	2026-08-15_17-14-22	11.714399337768555	2026-08-15_17-14-22	1.7362828254699707	2026-08-15_17-14-22	1.7601065635681152	2026-08-15_17-14-22	4.081193447113037	2026-08-15_17-14-22	4.136816024780273	2026-08-15_17-14-22	True	2026-08-15_17-14-22	[1 0 0 0 1]	2026-08-15_17-14-22	[1 0 0 1 0]	2026-08-15_17-14-22	[0 0 0 0 0 0 0 0 0 0 0 0 0 0 0 0 0 0 0 0 0 0 0 0 0 0 0 0 0 1 0 0 0 0 0 0 0 0 0 0 0 0 0 0 0 0 0 0 0 0 0 0 0 0 0 0 0 0 0 0 0 0 0 0 0 0 1 0 0 1 0 0 0]	2026-08-15_17-14-22	[0 0 0 0 0 0 0 0 0 0 0 0 0 0 0 0 0 0 0 0 0 0 0 0 0 0 0 0 0 0 0 0 0 0 0 0 0 0 0 0 0 0 0 0 0 0 0 0 0 0 0 0 0 0 0 0 0 0 0 0 0 0 0 0 0 0 0 1 0 0 0 0 0]	2026-08-15_17-14-22	[0]	2026-08-15_17-14-22	[1 0 0 0 0]	2026-08-15_17-14-22	[1 0 0 1 0]	2026-08-15_17-14-22	[0 0 0 0 0 0 0 0 0 0 0 0 0 0 0 0 0 0 0 0 0 0 0 0 0 0 0 0 0 0 0 0 0 0 0 0 0 0 0 0 0 0 0 0 0 0 0 0 0 0 0 0 0 0 0 0 0 0 0 0 0 0 0 0 0 0 1 0 0 1 0 0 0]	2026-08-15_17-14-22	[0 0 0 0 0 0 0 0 0 0 0 0 0 0 0 0 0 0 0 0 0 0 0 0 0 0 0 0 0 0 0 0 0 0 0 0 0 0 0 0 0 0 0 0 0 0 0 0 0 0 0 0 0 0 0 0 0 0 0 0 0 0 1 0 0 0 0 1 0 0 0 0 0]	2026-08-15_17-14-22	[0]	2026-08-15_17-14-22
1	2026-08-15_17-14-22	-1.0	2026-08-15_17-14-22	11.610074996948242	2026-08-15_17-14-22	1.6874661445617676	2026-08-15_17-14-22	1.7302346229553223	2026-08-15_17-14-22	4.068816184997559	2026-08-15_17-14-22	4.1235575675964355	2026-08-15_17-14-22	True	2026-08-15_17-14-22	[1 0 0 0 0]	2026-08-15_17-14-22	[1 0 0 1 0]	2026-08-15_17-14-22	[0 0 0 0 0 0 0 0 0 0 0 0 0 0 0 0 0 0 0 0 0 0 0 0 0 0 0 0 0 0 0 0 0 0 0 0 0 0 0 0 0 0 0 0 0 0 0 0 0 0 0 0 0 0 0 0 0 0 0 0 0 0 0 0 0 0 1 0 0 1 0 0 0]	2026-08-15_17-14-22	[0 0 0 0 0 0 0 0 0 0 0 0 0 0 0 0 0 0 0 0 0 0 0 0 0 0 0 0 0 0 0 0 0 0 0 0 0 0 0 0 0 0 0 0 0 0 0 0 0 0 0 0 0 0 0 0 0 0 0 0 0 0 1 0 0 0 0 1 0 0 0 0 0]	2026-08-15_17-14-22	[0]	2026-08-15_17-14-22	[1 0 0 0 1]	2026-08-15_17-14-22	[1 0 0 1 0]	2026-08-15_17-14-22	[0 0 0 0 0 0 0 0 0 0 0 0 0 0 0 0 0 0 0 0 0 0 0 0 0 0 0 0 0 1 0 0 0 0 0 0 0 0 0 0 0 0 0 0 0 0 0 0 0 0 0 0 0 0 0 0 0 0 0 0 0 0 0 0 0 0 1 0 0 1 0 0 0]	2026-08-15_17-14-22	[0 0 0 0 0 0 0 0 0 0 0 0 0 0 0 0 0 0 0 0 0 0 0 0 0 0 0 0 0 0 0 0 0 0 0 0 0 0 0 0 0 0 0 0 0 0 0 0 0 0 0 0 0 0 0 0 0 0 0 0 0 0 0 0 0 0 0 1 0 0 0 0 0]	2026-08-15_17-14-22	[0]	2026-08-15_17-14-22
1	2026-08-15_17-14-22	-1.0	2026-08-15_17-14-22	11.697099685668945	2026-08-15_17-14-22	1.7349656820297241	2026-08-15_17-14-22	1.759009599685669	2026-08-15_17-14-22	4.071201801300049	2026-08-15_17-14-22	4.131923198699951	2026-08-15_17-14-22	True	2026-08-15_17-14-22	[1 0 0 0 1]	2026-08-15_17-14-22	[1 0 0 1 0]	2026-08-15_17-14-22	[0 0 0 0 0 0 0 0 0 0 0 0 0 0 0 0 0 0 0 0 0 0 0 0 0 0 0 0 0 1 0 0 0 0 0 0 0 0 0 0 0 0 0 0 0 0 0 0 0 0 0 0 0 0 0 0 0 0 0 0 0 0 0 0 0 0 1 0 0 1 0 0 0]	2026-08-15_17-14-22	[0 0 0 0 0 0 0 0 0 0 0 0 0 0 0 0 0 0 0 0 0 0 0 0 0 0 0 0 0 0 0 0 0 0 0 0 0 0 0 0 0 0 0 0 0 0 0 0 0 0 0 0 0 0 0 0 0 0 0 0 0 0 0 0 0 0 0 1 0 0 0 0 0]	2026-08-15_17-14-22	[0]	2026-08-15_17-14-22	[1 0 0 0 0]	2026-08-15_17-14-22	[1 0 0 1 0]	2026-08-15_17-14-22	[0 0 0 0 0 0 0 0 0 0 0 0 0 0 0 0 0 0 0 0 0 0 0 0 0 0 0 0 0 0 0 0 0 0 0 0 0 0 0 0 0 0 0 0 0 0 0 0 0 0 0 0 0 0 0 0 0 0 0 0 0 0 0 0 0 0 1 0 0 1 0 0 0]	2026-08-15_17-14-22	[0 0 0 0 0 0 0 0 0 0 0 0 0 0 0 0 0 0 0 0 0 0 0 0 0 0 0 0 0 0 0 0 0 0 0 0 0 0 0 0 0 0 0 0 0 0 0 0 0 0 0 0 0 0 0 0 0 0 0 0 0 0 1 0 0 0 0 1 0 0 0 0 0]	2026-08-15_17-14-22	[0]	2026-08-15_17-14-22
1	2026-08-15_17-14-22	-1.0	2026-08-15_17-14-22	11.645415306091309	2026-08-15_17-14-22	1.7078202962875366	2026-08-15_17-14-22	1.7370582818984985	2026-08-15_17-14-22	4.069385051727295	2026-08-15_17-14-22	4.1311516761779785	2026-08-15_17-14-22	True	2026-08-15_17-14-22	[1 0 0 0 0]	2026-08-15_17-14-22	[1 0 0 1 0]	2026-08-15_17-14-22	[0 0 0 0 0 0 0 0 0 0 0 0 0 0 0 0 0 0 0 0 0 0 0 0 0 0 0 0 0 0 0 0 0 0 0 0 0 0 0 0 0 0 0 0 0 0 0 0 0 0 0 0 0 0 0 0 0 0 0 0 0 0 0 0 0 0 1 0 0 1 0 0 0]	2026-08-15_17-14-22	[0 0 0 0 0 0 0 0 0 0 0 0 0 0 0 0 0 0 0 0 0 0 0 0 0 0 0 0 0 0 0 0 0 0 0 0 0 0 0 0 0 0 0 0 0 0 0 0 0 0 0 0 0 0 0 0 0 0 0 0 0 0 1 0 0 0 0 1 0 0 0 0 0]	2026-08-15_17-14-22	[0]	2026-08-15_17-14-22	[1 0 0 0 1]	2026-08-15_17-14-22	[1 0 0 1 0]	2026-08-15_17-14-22	[0 0 0 0 0 0 0 0 0 0 0 0 0 0 0 0 0 0 0 0 0 0 0 0 0 0 0 0 0 1 0 0 0 0 0 0 0 0 0 0 0 0 0 0 0 0 0 0 0 0 0 0 0 0 0 0 0 0 0 0 0 0 0 0 0 0 1 0 0 1 0 0 0]	2026-08-15_17-14-22	[0 0 0 0 0 0 0 0 0 0 0 0 0 0 0 0 0 0 0 0 0 0 0 0 0 0 0 0 0 0 0 0 0 0 0 0 0 0 0 0 0 0 0 0 0 0 0 0 0 0 0 0 0 0 0 0 0 0 0 0 0 0 0 0 0 0 0 1 0 0 0 0 0]	2026-08-15_17-14-22	[0]	2026-08-15_17-14-22
1	2026-08-15_17-14-22	-1.0	2026-08-15_17-14-22	11.73310661315918	2026-08-15_17-14-22	1.7451939582824707	2026-08-15_17-14-22	1.766846776008606	2026-08-15_17-14-22	4.0825419425964355	2026-08-15_17-14-22	4.138524055480957	2026-08-15_17-14-22	True	2026-08-15_17-14-22	[1 0 0 0 1]	2026-08-15_17-14-22	[1 0 0 1 0]	2026-08-15_17-14-22	[0 0 0 0 0 0 0 0 0 0 0 0 0 0 0 0 0 0 0 0 0 0 0 0 0 0 0 0 0 1 0 0 0 0 0 0 0 0 0 0 0 0 0 0 0 0 0 0 0 0 0 0 0 0 0 0 0 0 0 0 0 0 0 0 0 0 1 0 0 1 0 0 0]	2026-08-15_17-14-22	[0 0 0 0 0 0 0 0 0 0 0 0 0 0 0 0 0 0 0 0 0 0 0 0 0 0 0 0 0 0 0 0 0 0 0 0 0 0 0 0 0 0 0 0 0 0 0 0 0 0 0 0 0 0 0 0 0 0 0 0 0 0 0 0 0 0 0 1 0 0 0 0 0]	2026-08-15_17-14-22	[0]	2026-08-15_17-14-22	[1 0 0 0 0]	2026-08-15_17-14-22	[1 0 0 1 0]	2026-08-15_17-14-22	[0 0 0 0 0 0 0 0 0 0 0 0 0 0 0 0 0 0 0 0 0 0 0 0 0 0 0 0 0 0 0 0 0 0 0 0 0 0 0 0 0 0 0 0 0 0 0 0 0 0 0 0 0 0 0 0 0 0 0 0 0 0 0 0 0 0 1 0 0 1 0 0 0]	2026-08-15_17-14-22	[0 0 0 0 0 0 0 0 0 0 0 0 0 0 0 0 0 0 0 0 0 0 0 0 0 0 0 0 0 0 0 0 0 0 0 0 0 0 0 0 0 0 0 0 0 0 0 0 0 0 0 0 0 0 0 0 0 0 0 0 0 0 1 0 0 0 0 1 0 0 0 0 0]	2026-08-15_17-14-22	[0]	2026-08-15_17-14-22
1	2026-08-15_17-14-22	-1.0	2026-08-15_17-14-22	11.614946365356445	2026-08-15_17-14-22	1.6903773546218872	2026-08-15_17-14-22	1.7314108610153198	2026-08-15_17-14-22	4.068506240844727	2026-08-15_17-14-22	4.124651908874512	2026-08-15_17-14-22	True	2026-08-15_17-14-22	[1 0 0 0 0]	2026-08-15_17-14-22	[1 0 0 1 0]	2026-08-15_17-14-22	[0 0 0 0 0 0 0 0 0 0 0 0 0 0 0 0 0 0 0 0 0 0 0 0 0 0 0 0 0 0 0 0 0 0 0 0 0 0 0 0 0 0 0 0 0 0 0 0 0 0 0 0 0 0 0 0 0 0 0 0 0 0 0 0 0 0 1 0 0 1 0 0 0]	2026-08-15_17-14-22	[0 0 0 0 0 0 0 0 0 0 0 0 0 0 0 0 0 0 0 0 0 0 0 0 0 0 0 0 0 0 0 0 0 0 0 0 0 0 0 0 0 0 0 0 0 0 0 0 0 0 0 0 0 0 0 0 0 0 0 0 0 0 1 0 0 0 0 1 0 0 0 0 0]	2026-08-15_17-14-22	[0]	2026-08-15_17-14-22	[1 0 0 0 1]	2026-08-15_17-14-22	[1 0 0 1 0]	2026-08-15_17-14-22	[0 0 0 0 0 0 0 0 0 0 0 0 0 0 0 0 0 0 0 0 0 0 0 0 0 0 0 0 0 1 0 0 0 0 0 0 0 0 0 0 0 0 0 0 0 0 0 0 0 0 0 0 0 0 0 0 0 0 0 0 0 0 0 0 0 0 1 0 0 1 0 0 0]	2026-08-15_17-14-22	[0 0 0 0 0 0 0 0 0 0 0 0 0 0 0 0 0 0 0 0 0 0 0 0 0 0 0 0 0 0 0 0 0 0 0 0 0 0 0 0 0 0 0 0 0 0 0 0 0 0 0 0 0 0 0 0 0 0 0 0 0 0 0 0 0 0 0 1 0 0 0 0 0]	2026-08-15_17-14-22	[0]	2026-08-15_17-14-22
1	2026-08-15_17-14-22	-1.0	2026-08-15_17-14-22	11.709637641906738	2026-08-15_17-14-22	1.7272461652755737	2026-08-15_17-14-22	1.7513055801391602	2026-08-15_17-14-22	4.089001655578613	2026-08-15_17-14-22	4.142084121704102	2026-08-15_17-14-22	True	2026-08-15_17-14-22	[1 0 0 0 1]	2026-08-15_17-14-22	[1 0 0 1 0]	2026-08-15_17-14-22	[0 0 0 0 0 0 0 0 0 0 0 0 0 0 0 0 0 0 0 0 0 0 0 0 0 0 0 0 0 1 0 0 0 0 0 0 0 0 0 0 0 0 0 0 0 0 0 0 0 0 0 0 0 0 0 0 0 0 0 0 0 0 0 0 0 0 1 0 0 1 0 0 0]	2026-08-15_17-14-22	[0 0 0 0 0 0 0 0 0 0 0 0 0 0 0 0 0 0 0 0 0 0 0 0 0 0 0 0 0 0 0 0 0 0 0 0 0 0 0 0 0 0 0 0 0 0 0 0 0 0 0 0 0 0 0 0 0 0 0 0 0 0 0 0 0 0 0 1 0 0 0 0 0]	2026-08-15_17-14-22	[0]	2026-08-15_17-14-22	[1 0 0 0 0]	2026-08-15_17-14-22	[1 0 0 1 0]	2026-08-15_17-14-22	[0 0 0 0 0 0 0 0 0 0 0 0 0 0 0 0 0 0 0 0 0 0 0 0 0 0 0 0 0 0 0 0 0 0 0 0 0 0 0 0 0 0 0 0 0 0 0 0 0 0 0 0 0 0 0 0 0 0 0 0 0 0 0 0 0 0 1 0 0 1 0 0 0]	2026-08-15_17-14-22	[0 0 0 0 0 0 0 0 0 0 0 0 0 0 0 0 0 0 0 0 0 0 0 0 0 0 0 0 0 0 0 0 0 0 0 0 0 0 0 0 0 0 0 0 0 0 0 0 0 0 0 0 0 0 0 0 0 0 0 0 0 0 1 0 0 0 0 1 0 0 0 0 0]	2026-08-15_17-14-22	[0]	2026-08-15_17-14-22
1	2026-08-15_17-14-22	-1.0	2026-08-15_17-14-22	11.616720199584961	2026-08-15_17-14-22	1.6898736953735352	2026-08-15_17-14-22	1.7284233570098877	2026-08-15_17-14-22	4.072475910186768	2026-08-15_17-14-22	4.125946521759033	2026-08-15_17-14-22	True	2026-08-15_17-14-22	[1 0 0 0 0]	2026-08-15_17-14-22	[1 0 0 1 0]	2026-08-15_17-14-22	[0 0 0 0 0 0 0 0 0 0 0 0 0 0 0 0 0 0 0 0 0 0 0 0 0 0 0 0 0 0 0 0 0 0 0 0 0 0 0 0 0 0 0 0 0 0 0 0 0 0 0 0 0 0 0 0 0 0 0 0 0 0 0 0 0 0 1 0 0 1 0 0 0]	2026-08-15_17-14-22	[0 0 0 0 0 0 0 0 0 0 0 0 0 0 0 0 0 0 0 0 0 0 0 0 0 0 0 0 0 0 0 0 0 0 0 0 0 0 0 0 0 0 0 0 0 0 0 0 0 0 0 0 0 0 0 0 0 0 0 0 0 0 1 0 0 0 0 1 0 0 0 0 0]	2026-08-15_17-14-22	[0]	2026-08-15_17-14-22	[1 0 0 0 1]	2026-08-15_17-14-22	[1 0 0 1 0]	2026-08-15_17-14-22	[0 0 0 0 0 0 0 0 0 0 0 0 0 0 0 0 0 0 0 0 0 0 0 0 0 0 0 0 0 1 0 0 0 0 0 0 0 0 0 0 0 0 0 0 0 0 0 0 0 0 0 0 0 0 0 0 0 0 0 0 0 0 0 0 0 0 1 0 0 1 0 0 0]	2026-08-15_17-14-22	[0 0 0 0 0 0 0 0 0 0 0 0 0 0 0 0 0 0 0 0 0 0 0 0 0 0 0 0 0 0 0 0 0 0 0 0 0 0 0 0 0 0 0 0 0 0 0 0 0 0 0 0 0 0 0 0 0 0 0 0 0 0 0 0 0 0 0 1 0 0 0 0 0]	2026-08-15_17-14-22	[0]	2026-08-15_17-14-22
1	2026-08-15_17-14-22	-1.0	2026-08-15_17-14-22	11.717363357543945	2026-08-15_17-14-22	1.7447835206985474	2026-08-15_17-14-22	1.769098162651062	2026-08-15_17-14-22	4.072198867797852	2026-08-15_17-14-22	4.131282329559326	2026-08-15_17-14-22	True	2026-08-15_17-14-22	[1 0 0 0 1]	2026-08-15_17-14-22	[1 0 0 1 0]	2026-08-15_17-14-22	[0 0 0 0 0 0 0 0 0 0 0 0 0 0 0 0 0 0 0 0 0 0 0 0 0 0 0 0 0 1 0 0 0 0 0 0 0 0 0 0 0 0 0 0 0 0 0 0 0 0 0 0 0 0 0 0 0 0 0 0 0 0 0 0 0 0 1 0 0 1 0 0 0]	2026-08-15_17-14-22	[0 0 0 0 0 0 0 0 0 0 0 0 0 0 0 0 0 0 0 0 0 0 0 0 0 0 0 0 0 0 0 0 0 0 0 0 0 0 0 0 0 0 0 0 0 0 0 0 0 0 0 0 0 0 0 0 0 0 0 0 0 0 0 0 0 0 0 1 0 0 0 0 0]	2026-08-15_17-14-22	[0]	2026-08-15_17-14-22	[1 0 0 0 0]	2026-08-15_17-14-22	[1 0 0 1 0]	2026-08-15_17-14-22	[0 0 0 0 0 0 0 0 0 0 0 0 0 0 0 0 0 0 0 0 0 0 0 0 0 0 0 0 0 0 0 0 0 0 0 0 0 0 0 0 0 0 0 0 0 0 0 0 0 0 0 0 0 0 0 0 0 0 0 0 0 0 0 0 0 0 1 0 0 1 0 0 0]	2026-08-15_17-14-22	[0 0 0 0 0 0 0 0 0 0 0 0 0 0 0 0 0 0 0 0 0 0 0 0 0 0 0 0 0 0 0 0 0 0 0 0 0 0 0 0 0 0 0 0 0 0 0 0 0 0 0 0 0 0 0 0 0 0 0 0 0 0 1 0 0 0 0 1 0 0 0 0 0]	2026-08-15_17-14-22	[0]	2026-08-15_17-14-22
1	2026-08-15_17-14-22	-1.0	2026-08-15_17-14-22	11.640705108642578	2026-08-15_17-14-22	1.7011687755584717	2026-08-15_17-14-22	1.7379496097564697	2026-08-15_17-14-22	4.072717666625977	2026-08-15_17-14-22	4.128868579864502	2026-08-15_17-14-22	True	2026-08-15_17-14-22	[1 0 0 0 0]	2026-08-15_17-14-22	[1 0 0 1 0]	2026-08-15_17-14-22	[0 0 0 0 0 0 0 0 0 0 0 0 0 0 0 0 0 0 0 0 0 0 0 0 0 0 0 0 0 0 0 0 0 0 0 0 0 0 0 0 0 0 0 0 0 0 0 0 0 0 0 0 0 0 0 0 0 0 0 0 0 0 0 0 0 0 1 0 0 1 0 0 0]	2026-08-15_17-14-22	[0 0 0 0 0 0 0 0 0 0 0 0 0 0 0 0 0 0 0 0 0 0 0 0 0 0 0 0 0 0 0 0 0 0 0 0 0 0 0 0 0 0 0 0 0 0 0 0 0 0 0 0 0 0 0 0 0 0 0 0 0 0 1 0 0 0 0 1 0 0 0 0 0]	2026-08-15_17-14-22	[0]	2026-08-15_17-14-22	[1 0 0 0 1]	2026-08-15_17-14-22	[1 0 0 1 0]	2026-08-15_17-14-22	[0 0 0 0 0 0 0 0 0 0 0 0 0 0 0 0 0 0 0 0 0 0 0 0 0 0 0 0 0 1 0 0 0 0 0 0 0 0 0 0 0 0 0 0 0 0 0 0 0 0 0 0 0 0 0 0 0 0 0 0 0 0 0 0 0 0 1 0 0 1 0 0 0]	2026-08-15_17-14-22	[0 0 0 0 0 0 0 0 0 0 0 0 0 0 0 0 0 0 0 0 0 0 0 0 0 0 0 0 0 0 0 0 0 0 0 0 0 0 0 0 0 0 0 0 0 0 0 0 0 0 0 0 0 0 0 0 0 0 0 0 0 0 0 0 0 0 0 1 0 0 0 0 0]	2026-08-15_17-14-22	[0]	2026-08-15_17-14-22
1	2026-08-15_17-14-22	-1.0	2026-08-15_17-14-22	11.708998680114746	2026-08-15_17-14-22	1.7269668579101562	2026-08-15_17-14-22	1.7518690824508667	2026-08-15_17-14-22	4.08799409866333	2026-08-15_17-14-22	4.1421685218811035	2026-08-15_17-14-22	True	2026-08-15_17-14-22	[1 0 0 0 1]	2026-08-15_17-14-22	[1 0 0 1 0]	2026-08-15_17-14-22	[0 0 0 0 0 0 0 0 0 0 0 0 0 0 0 0 0 0 0 0 0 0 0 0 0 0 0 0 0 1 0 0 0 0 0 0 0 0 0 0 0 0 0 0 0 0 0 0 0 0 0 0 0 0 0 0 0 0 0 0 0 0 0 0 0 0 1 0 0 1 0 0 0]	2026-08-15_17-14-22	[0 0 0 0 0 0 0 0 0 0 0 0 0 0 0 0 0 0 0 0 0 0 0 0 0 0 0 0 0 0 0 0 0 0 0 0 0 0 0 0 0 0 0 0 0 0 0 0 0 0 0 0 0 0 0 0 0 0 0 0 0 0 0 0 0 0 0 1 0 0 0 0 0]	2026-08-15_17-14-22	[0]	2026-08-15_17-14-22	[1 0 0 0 0]	2026-08-15_17-14-22	[1 0 0 1 0]	2026-08-15_17-14-22	[0 0 0 0 0 0 0 0 0 0 0 0 0 0 0 0 0 0 0 0 0 0 0 0 0 0 0 0 0 0 0 0 0 0 0 0 0 0 0 0 0 0 0 0 0 0 0 0 0 0 0 0 0 0 0 0 0 0 0 0 0 0 0 0 0 0 1 0 0 1 0 0 0]	2026-08-15_17-14-22	[0 0 0 0 0 0 0 0 0 0 0 0 0 0 0 0 0 0 0 0 0 0 0 0 0 0 0 0 0 0 0 0 0 0 0 0 0 0 0 0 0 0 0 0 0 0 0 0 0 0 0 0 0 0 0 0 0 0 0 0 0 0 1 0 0 0 0 1 0 0 0 0 0]	2026-08-15_17-14-22	[0]	2026-08-15_17-14-22
1	2026-08-15_17-14-22	-1.0	2026-08-15_17-14-22	11.65139389038086	2026-08-15_17-14-22	1.7062703371047974	2026-08-15_17-14-22	1.7384159564971924	2026-08-15_17-14-22	4.074099063873291	2026-08-15_17-14-22	4.132608890533447	2026-08-15_17-14-22	True	2026-08-15_17-14-22	[1 0 0 0 0]	2026-08-15_17-14-22	[1 0 0 1 0]	2026-08-15_17-14-22	[0 0 0 0 0 0 0 0 0 0 0 0 0 0 0 0 0 0 0 0 0 0 0 0 0 0 0 0 0 0 0 0 0 0 0 0 0 0 0 0 0 0 0 0 0 0 0 0 0 0 0 0 0 0 0 0 0 0 0 0 0 0 0 0 0 0 1 0 0 1 0 0 0]	2026-08-15_17-14-22	[0 0 0 0 0 0 0 0 0 0 0 0 0 0 0 0 0 0 0 0 0 0 0 0 0 0 0 0 0 0 0 0 0 0 0 0 0 0 0 0 0 0 0 0 0 0 0 0 0 0 0 0 0 0 0 0 0 0 0 0 0 0 1 0 0 0 0 1 0 0 0 0 0]	2026-08-15_17-14-22	[0]	2026-08-15_17-14-22	[1 0 0 0 1]	2026-08-15_17-14-22	[1 0 0 1 0]	2026-08-15_17-14-22	[0 0 0 0 0 0 0 0 0 0 0 0 0 0 0 0 0 0 0 0 0 0 0 0 0 0 0 0 0 1 0 0 0 0 0 0 0 0 0 0 0 0 0 0 0 0 0 0 0 0 0 0 0 0 0 0 0 0 0 0 0 0 0 0 0 0 1 0 0 1 0 0 0]	2026-08-15_17-14-22	[0 0 0 0 0 0 0 0 0 0 0 0 0 0 0 0 0 0 0 0 0 0 0 0 0 0 0 0 0 0 0 0 0 0 0 0 0 0 0 0 0 0 0 0 0 0 0 0 0 0 0 0 0 0 0 0 0 0 0 0 0 0 0 0 0 0 0 1 0 0 0 0 0]	2026-08-15_17-14-22	[0]	2026-08-15_17-14-22
1	2026-08-15_17-14-22	-1.0	2026-08-15_17-14-22	11.713562965393066	2026-08-15_17-14-22	1.7367610931396484	2026-08-15_17-14-22	1.7640718221664429	2026-08-15_17-14-22	4.07800817489624	2026-08-15_17-14-22	4.134721755981445	2026-08-15_17-14-22	True	2026-08-15_17-14-22	[1 0 0 0 1]	2026-08-15_17-14-22	[1 0 0 1 0]	2026-08-15_17-14-22	[0 0 0 0 0 0 0 0 0 0 0 0 0 0 0 0 0 0 0 0 0 0 0 0 0 0 0 0 0 1 0 0 0 0 0 0 0 0 0 0 0 0 0 0 0 0 0 0 0 0 0 0 0 0 0 0 0 0 0 0 0 0 0 0 0 0 1 0 0 1 0 0 0]	2026-08-15_17-14-22	[0 0 0 0 0 0 0 0 0 0 0 0 0 0 0 0 0 0 0 0 0 0 0 0 0 0 0 0 0 0 0 0 0 0 0 0 0 0 0 0 0 0 0 0 0 0 0 0 0 0 0 0 0 0 0 0 0 0 0 0 0 0 0 0 0 0 0 1 0 0 0 0 0]	2026-08-15_17-14-22	[0]	2026-08-15_17-14-22	[1 0 0 0 0]	2026-08-15_17-14-22	[1 0 0 1 0]	2026-08-15_17-14-22	[0 0 0 0 0 0 0 0 0 0 0 0 0 0 0 0 0 0 0 0 0 0 0 0 0 0 0 0 0 0 0 0 0 0 0 0 0 0 0 0 0 0 0 0 0 0 0 0 0 0 0 0 0 0 0 0 0 0 0 0 0 0 0 0 0 0 1 0 0 1 0 0 0]	2026-08-15_17-14-22	[0 0 0 0 0 0 0 0 0 0 0 0 0 0 0 0 0 0 0 0 0 0 0 0 0 0 0 0 0 0 0 0 0 0 0 0 0 0 0 0 0 0 0 0 0 0 0 0 0 0 0 0 0 0 0 0 0 0 0 0 0 0 1 0 0 0 0 1 0 0 0 0 0]	2026-08-15_17-14-22	[0]	2026-08-15_17-14-22
1	2026-08-15_17-14-22	-1.0	2026-08-15_17-14-22	11.62989616394043	2026-08-15_17-14-22	1.6951428651809692	2026-08-15_17-14-22	1.7321109771728516	2026-08-15_17-14-22	4.072867393493652	2026-08-15_17-14-22	4.129775524139404	2026-08-15_17-14-22	True	2026-08-15_17-14-22	[1 0 0 0 0]	2026-08-15_17-14-22	[1 0 0 1 0]	2026-08-15_17-14-22	[0 0 0 0 0 0 0 0 0 0 0 0 0 0 0 0 0 0 0 0 0 0 0 0 0 0 0 0 0 0 0 0 0 0 0 0 0 0 0 0 0 0 0 0 0 0 0 0 0 0 0 0 0 0 0 0 0 0 0 0 0 0 0 0 0 0 1 0 0 1 0 0 0]	2026-08-15_17-14-22	[0 0 0 0 0 0 0 0 0 0 0 0 0 0 0 0 0 0 0 0 0 0 0 0 0 0 0 0 0 0 0 0 0 0 0 0 0 0 0 0 0 0 0 0 0 0 0 0 0 0 0 0 0 0 0 0 0 0 0 0 0 0 1 0 0 0 0 1 0 0 0 0 0]	2026-08-15_17-14-22	[0]	2026-08-15_17-14-22	[1 0 0 0 1]	2026-08-15_17-14-22	[1 0 0 1 0]	2026-08-15_17-14-22	[0 0 0 0 0 0 0 0 0 0 0 0 0 0 0 0 0 0 0 0 0 0 0 0 0 0 0 0 0 1 0 0 0 0 0 0 0 0 0 0 0 0 0 0 0 0 0 0 0 0 0 0 0 0 0 0 0 0 0 0 0 0 0 0 0 0 1 0 0 1 0 0 0]	2026-08-15_17-14-22	[0 0 0 0 0 0 0 0 0 0 0 0 0 0 0 0 0 0 0 0 0 0 0 0 0 0 0 0 0 0 0 0 0 0 0 0 0 0 0 0 0 0 0 0 0 0 0 0 0 0 0 0 0 0 0 0 0 0 0 0 0 0 0 0 0 0 0 1 0 0 0 0 0]	2026-08-15_17-14-22	[0]	2026-08-15_17-14-22
1	2026-08-15_17-14-22	-1.0	2026-08-15_17-14-22	11.71774673461914	2026-08-15_17-14-22	1.742555856704712	2026-08-15_17-14-22	1.765883207321167	2026-08-15_17-14-22	4.074504852294922	2026-08-15_17-14-22	4.134802341461182	2026-08-15_17-14-22	True	2026-08-15_17-14-22	[1 0 0 0 1]	2026-08-15_17-14-22	[1 0 0 1 0]	2026-08-15_17-14-22	[0 0 0 0 0 0 0 0 0 0 0 0 0 0 0 0 0 0 0 0 0 0 0 0 0 0 0 0 0 1 0 0 0 0 0 0 0 0 0 0 0 0 0 0 0 0 0 0 0 0 0 0 0 0 0 0 0 0 0 0 0 0 0 0 0 0 1 0 0 1 0 0 0]	2026-08-15_17-14-22	[0 0 0 0 0 0 0 0 0 0 0 0 0 0 0 0 0 0 0 0 0 0 0 0 0 0 0 0 0 0 0 0 0 0 0 0 0 0 0 0 0 0 0 0 0 0 0 0 0 0 0 0 0 0 0 0 0 0 0 0 0 0 0 0 0 0 0 1 0 0 0 0 0]	2026-08-15_17-14-22	[0]	2026-08-15_17-14-22	[1 0 0 0 0]	2026-08-15_17-14-22	[1 0 0 1 0]	2026-08-15_17-14-22	[0 0 0 0 0 0 0 0 0 0 0 0 0 0 0 0 0 0 0 0 0 0 0 0 0 0 0 0 0 0 0 0 0 0 0 0 0 0 0 0 0 0 0 0 0 0 0 0 0 0 0 0 0 0 0 0 0 0 0 0 0 0 0 0 0 0 1 0 0 1 0 0 0]	2026-08-15_17-14-22	[0 0 0 0 0 0 0 0 0 0 0 0 0 0 0 0 0 0 0 0 0 0 0 0 0 0 0 0 0 0 0 0 0 0 0 0 0 0 0 0 0 0 0 0 0 0 0 0 0 0 0 0 0 0 0 0 0 0 0 0 0 0 1 0 0 0 0 1 0 0 0 0 0]	2026-08-15_17-14-22	[0]	2026-08-15_17-14-22
1	2026-08-15_17-14-22	-1.0	2026-08-15_17-14-22	11.641033172607422	2026-08-15_17-14-22	1.6972612142562866	2026-08-15_17-14-22	1.730380654335022	2026-08-15_17-14-22	4.079435348510742	2026-08-15_17-14-22	4.133956432342529	2026-08-15_17-14-22	True	2026-08-15_17-14-22	[1 0 0 0 0]	2026-08-15_17-14-22	[1 0 0 1 0]	2026-08-15_17-14-22	[0 0 0 0 0 0 0 0 0 0 0 0 0 0 0 0 0 0 0 0 0 0 0 0 0 0 0 0 0 0 0 0 0 0 0 0 0 0 0 0 0 0 0 0 0 0 0 0 0 0 0 0 0 0 0 0 0 0 0 0 0 0 0 0 0 0 1 0 0 1 0 0 0]	2026-08-15_17-14-22	[0 0 0 0 0 0 0 0 0 0 0 0 0 0 0 0 0 0 0 0 0 0 0 0 0 0 0 0 0 0 0 0 0 0 0 0 0 0 0 0 0 0 0 0 0 0 0 0 0 0 0 0 0 0 0 0 0 0 0 0 0 0 1 0 0 0 0 1 0 0 0 0 0]	2026-08-15_17-14-22	[0]	2026-08-15_17-14-22	[1 0 0 0 1]	2026-08-15_17-14-22	[1 0 0 1 0]	2026-08-15_17-14-22	[0 0 0 0 0 0 0 0 0 0 0 0 0 0 0 0 0 0 0 0 0 0 0 0 0 0 0 0 0 1 0 0 0 0 0 0 0 0 0 0 0 0 0 0 0 0 0 0 0 0 0 0 0 0 0 0 0 0 0 0 0 0 0 0 0 0 1 0 0 1 0 0 0]	2026-08-15_17-14-22	[0 0 0 0 0 0 0 0 0 0 0 0 0 0 0 0 0 0 0 0 0 0 0 0 0 0 0 0 0 0 0 0 0 0 0 0 0 0 0 0 0 0 0 0 0 0 0 0 0 0 0 0 0 0 0 0 0 0 0 0 0 0 0 0 0 0 0 1 0 0 0 0 0]	2026-08-15_17-14-22	[0]	2026-08-15_17-14-22
1	2026-08-15_17-14-22	-1.0	2026-08-15_17-14-22	11.711453437805176	2026-08-15_17-14-22	1.732542872428894	2026-08-15_17-14-22	1.7566676139831543	2026-08-15_17-14-22	4.082147598266602	2026-08-15_17-14-22	4.140095233917236	2026-08-15_17-14-22	True	2026-08-15_17-14-22	[1 0 0 0 1]	2026-08-15_17-14-22	[1 0 0 1 0]	2026-08-15_17-14-22	[0 0 0 0 0 0 0 0 0 0 0 0 0 0 0 0 0 0 0 0 0 0 0 0 0 0 0 0 0 1 0 0 0 0 0 0 0 0 0 0 0 0 0 0 0 0 0 0 0 0 0 0 0 0 0 0 0 0 0 0 0 0 0 0 0 0 1 0 0 1 0 0 0]	2026-08-15_17-14-22	[0 0 0 0 0 0 0 0 0 0 0 0 0 0 0 0 0 0 0 0 0 0 0 0 0 0 0 0 0 0 0 0 0 0 0 0 0 0 0 0 0 0 0 0 0 0 0 0 0 0 0 0 0 0 0 0 0 0 0 0 0 0 0 0 0 0 0 1 0 0 0 0 0]	2026-08-15_17-14-22	[0]	2026-08-15_17-14-22	[1 0 0 0 0]	2026-08-15_17-14-22	[1 0 0 1 0]	2026-08-15_17-14-22	[0 0 0 0 0 0 0 0 0 0 0 0 0 0 0 0 0 0 0 0 0 0 0 0 0 0 0 0 0 0 0 0 0 0 0 0 0 0 0 0 0 0 0 0 0 0 0 0 0 0 0 0 0 0 0 0 0 0 0 0 0 0 0 0 0 0 1 0 0 1 0 0 0]	2026-08-15_17-14-22	[0 0 0 0 0 0 0 0 0 0 0 0 0 0 0 0 0 0 0 0 0 0 0 0 0 0 0 0 0 0 0 0 0 0 0 0 0 0 0 0 0 0 0 0 0 0 0 0 0 0 0 0 0 0 0 0 0 0 0 0 0 0 1 0 0 0 0 1 0 0 0 0 0]	2026-08-15_17-14-22	[0]	2026-08-15_17-14-22
1	2026-08-15_17-14-22	-1.0	2026-08-15_17-14-22	11.625219345092773	2026-08-15_17-14-22	1.6922744512557983	2026-08-15_17-14-22	1.7318965196609497	2026-08-15_17-14-22	4.072226047515869	2026-08-15_17-14-22	4.128821849822998	2026-08-15_17-14-22	True	2026-08-15_17-14-22	[1 0 0 0 0]	2026-08-15_17-14-22	[1 0 0 1 0]	2026-08-15_17-14-22	[0 0 0 0 0 0 0 0 0 0 0 0 0 0 0 0 0 0 0 0 0 0 0 0 0 0 0 0 0 0 0 0 0 0 0 0 0 0 0 0 0 0 0 0 0 0 0 0 0 0 0 0 0 0 0 0 0 0 0 0 0 0 0 0 0 0 1 0 0 1 0 0 0]	2026-08-15_17-14-22	[0 0 0 0 0 0 0 0 0 0 0 0 0 0 0 0 0 0 0 0 0 0 0 0 0 0 0 0 0 0 0 0 0 0 0 0 0 0 0 0 0 0 0 0 0 0 0 0 0 0 0 0 0 0 0 0 0 0 0 0 0 0 1 0 0 0 0 1 0 0 0 0 0]	2026-08-15_17-14-22	[0]	2026-08-15_17-14-22	[1 0 0 0 1]	2026-08-15_17-14-22	[1 0 0 1 0]	2026-08-15_17-14-22	[0 0 0 0 0 0 0 0 0 0 0 0 0 0 0 0 0 0 0 0 0 0 0 0 0 0 0 0 0 1 0 0 0 0 0 0 0 0 0 0 0 0 0 0 0 0 0 0 0 0 0 0 0 0 0 0 0 0 0 0 0 0 0 0 0 0 1 0 0 1 0 0 0]	2026-08-15_17-14-22	[0 0 0 0 0 0 0 0 0 0 0 0 0 0 0 0 0 0 0 0 0 0 0 0 0 0 0 0 0 0 0 0 0 0 0 0 0 0 0 0 0 0 0 0 0 0 0 0 0 0 0 0 0 0 0 0 0 0 0 0 0 0 0 0 0 0 0 1 0 0 0 0 0]	2026-08-15_17-14-22	[0]	2026-08-15_17-14-22
1	2026-08-15_17-14-22	-1.0	2026-08-15_17-14-22	11.709455490112305	2026-08-15_17-14-22	1.7369277477264404	2026-08-15_17-14-22	1.7612414360046387	2026-08-15_17-14-22	4.07642936706543	2026-08-15_17-14-22	4.134856700897217	2026-08-15_17-14-22	True	2026-08-15_17-14-22	[1 0 0 0 1]	2026-08-15_17-14-22	[1 0 0 1 0]	2026-08-15_17-14-22	[0 0 0 0 0 0 0 0 0 0 0 0 0 0 0 0 0 0 0 0 0 0 0 0 0 0 0 0 0 1 0 0 0 0 0 0 0 0 0 0 0 0 0 0 0 0 0 0 0 0 0 0 0 0 0 0 0 0 0 0 0 0 0 0 0 0 1 0 0 1 0 0 0]	2026-08-15_17-14-22	[0 0 0 0 0 0 0 0 0 0 0 0 0 0 0 0 0 0 0 0 0 0 0 0 0 0 0 0 0 0 0 0 0 0 0 0 0 0 0 0 0 0 0 0 0 0 0 0 0 0 0 0 0 0 0 0 0 0 0 0 0 0 0 0 0 0 0 1 0 0 0 0 0]	2026-08-15_17-14-22	[0]	2026-08-15_17-14-22	[1 0 0 0 0]	2026-08-15_17-14-22	[1 0 0 1 0]	2026-08-15_17-14-22	[0 0 0 0 0 0 0 0 0 0 0 0 0 0 0 0 0 0 0 0 0 0 0 0 0 0 0 0 0 0 0 0 0 0 0 0 0 0 0 0 0 0 0 0 0 0 0 0 0 0 0 0 0 0 0 0 0 0 0 0 0 0 0 0 0 0 1 0 0 1 0 0 0]	2026-08-15_17-14-22	[0 0 0 0 0 0 0 0 0 0 0 0 0 0 0 0 0 0 0 0 0 0 0 0 0 0 0 0 0 0 0 0 0 0 0 0 0 0 0 0 0 0 0 0 0 0 0 0 0 0 0 0 0 0 0 0 0 0 0 0 0 0 1 0 0 0 0 1 0 0 0 0 0]	2026-08-15_17-14-22	[0]	2026-08-15_17-14-22
1	2026-08-15_17-14-22	-1.0	2026-08-15_17-14-22	11.640605926513672	2026-08-15_17-14-22	1.7033264636993408	2026-08-15_17-14-22	1.7376667261123657	2026-08-15_17-14-22	4.068582534790039	2026-08-15_17-14-22	4.1310296058654785	2026-08-15_17-14-22	True	2026-08-15_17-14-22	[1 0 0 0 0]	2026-08-15_17-14-22	[1 0 0 1 0]	2026-08-15_17-14-22	[0 0 0 0 0 0 0 0 0 0 0 0 0 0 0 0 0 0 0 0 0 0 0 0 0 0 0 0 0 0 0 0 0 0 0 0 0 0 0 0 0 0 0 0 0 0 0 0 0 0 0 0 0 0 0 0 0 0 0 0 0 0 0 0 0 0 1 0 0 1 0 0 0]	2026-08-15_17-14-22	[0 0 0 0 0 0 0 0 0 0 0 0 0 0 0 0 0 0 0 0 0 0 0 0 0 0 0 0 0 0 0 0 0 0 0 0 0 0 0 0 0 0 0 0 0 0 0 0 0 0 0 0 0 0 0 0 0 0 0 0 0 0 1 0 0 0 0 1 0 0 0 0 0]	2026-08-15_17-14-22	[0]	2026-08-15_17-14-22	[1 0 0 0 1]	2026-08-15_17-14-22	[1 0 0 1 0]	2026-08-15_17-14-22	[0 0 0 0 0 0 0 0 0 0 0 0 0 0 0 0 0 0 0 0 0 0 0 0 0 0 0 0 0 1 0 0 0 0 0 0 0 0 0 0 0 0 0 0 0 0 0 0 0 0 0 0 0 0 0 0 0 0 0 0 0 0 0 0 0 0 1 0 0 1 0 0 0]	2026-08-15_17-14-22	[0 0 0 0 0 0 0 0 0 0 0 0 0 0 0 0 0 0 0 0 0 0 0 0 0 0 0 0 0 0 0 0 0 0 0 0 0 0 0 0 0 0 0 0 0 0 0 0 0 0 0 0 0 0 0 0 0 0 0 0 0 0 0 0 0 0 0 1 0 0 0 0 0]	2026-08-15_17-14-22	[0]	2026-08-15_17-14-22
1	2026-08-15_17-14-22	-1.0	2026-08-15_17-14-22	11.702505111694336	2026-08-15_17-14-22	1.724304437637329	2026-08-15_17-14-22	1.7500107288360596	2026-08-15_17-14-22	4.088329315185547	2026-08-15_17-14-22	4.1398606300354	2026-08-15_17-14-22	True	2026-08-15_17-14-22	[1 0 0 0 1]	2026-08-15_17-14-22	[1 0 0 1 0]	2026-08-15_17-14-22	[0 0 0 0 0 0 0 0 0 0 0 0 0 0 0 0 0 0 0 0 0 0 0 0 0 0 0 0 0 1 0 0 0 0 0 0 0 0 0 0 0 0 0 0 0 0 0 0 0 0 0 0 0 0 0 0 0 0 0 0 0 0 0 0 0 0 1 0 0 1 0 0 0]	2026-08-15_17-14-22	[0 0 0 0 0 0 0 0 0 0 0 0 0 0 0 0 0 0 0 0 0 0 0 0 0 0 0 0 0 0 0 0 0 0 0 0 0 0 0 0 0 0 0 0 0 0 0 0 0 0 0 0 0 0 0 0 0 0 0 0 0 0 0 0 0 0 0 1 0 0 0 0 0]	2026-08-15_17-14-22	[0]	2026-08-15_17-14-22	[1 0 0 0 0]	2026-08-15_17-14-22	[1 0 0 1 0]	2026-08-15_17-14-22	[0 0 0 0 0 0 0 0 0 0 0 0 0 0 0 0 0 0 0 0 0 0 0 0 0 0 0 0 0 0 0 0 0 0 0 0 0 0 0 0 0 0 0 0 0 0 0 0 0 0 0 0 0 0 0 0 0 0 0 0 0 0 0 0 0 0 1 0 0 1 0 0 0]	2026-08-15_17-14-22	[0 0 0 0 0 0 0 0 0 0 0 0 0 0 0 0 0 0 0 0 0 0 0 0 0 0 0 0 0 0 0 0 0 0 0 0 0 0 0 0 0 0 0 0 0 0 0 0 0 0 0 0 0 0 0 0 0 0 0 0 0 0 1 0 0 0 0 1 0 0 0 0 0]	2026-08-15_17-14-22	[0]	2026-08-15_17-14-22
1	2026-08-15_17-14-22	-1.0	2026-08-15_17-14-22	11.613737106323242	2026-08-15_17-14-22	1.6891995668411255	2026-08-15_17-14-22	1.7294995784759521	2026-08-15_17-14-22	4.070258140563965	2026-08-15_17-14-22	4.124779224395752	2026-08-15_17-14-22	True	2026-08-15_17-14-22	[1 0 0 0 0]	2026-08-15_17-14-22	[1 0 0 1 0]	2026-08-15_17-14-22	[0 0 0 0 0 0 0 0 0 0 0 0 0 0 0 0 0 0 0 0 0 0 0 0 0 0 0 0 0 0 0 0 0 0 0 0 0 0 0 0 0 0 0 0 0 0 0 0 0 0 0 0 0 0 0 0 0 0 0 0 0 0 0 0 0 0 1 0 0 1 0 0 0]	2026-08-15_17-14-22	[0 0 0 0 0 0 0 0 0 0 0 0 0 0 0 0 0 0 0 0 0 0 0 0 0 0 0 0 0 0 0 0 0 0 0 0 0 0 0 0 0 0 0 0 0 0 0 0 0 0 0 0 0 0 0 0 0 0 0 0 0 0 1 0 0 0 0 1 0 0 0 0 0]	2026-08-15_17-14-22	[0]	2026-08-15_17-14-22	[1 0 0 0 1]	2026-08-15_17-14-22	[1 0 0 1 0]	2026-08-15_17-14-22	[0 0 0 0 0 0 0 0 0 0 0 0 0 0 0 0 0 0 0 0 0 0 0 0 0 0 0 0 0 1 0 0 0 0 0 0 0 0 0 0 0 0 0 0 0 0 0 0 0 0 0 0 0 0 0 0 0 0 0 0 0 0 0 0 0 0 1 0 0 1 0 0 0]	2026-08-15_17-14-22	[0 0 0 0 0 0 0 0 0 0 0 0 0 0 0 0 0 0 0 0 0 0 0 0 0 0 0 0 0 0 0 0 0 0 0 0 0 0 0 0 0 0 0 0 0 0 0 0 0 0 0 0 0 0 0 0 0 0 0 0 0 0 0 0 0 0 0 1 0 0 0 0 0]	2026-08-15_17-14-22	[0]	2026-08-15_17-14-22
1	2026-08-15_17-14-22	-1.0	2026-08-15_17-14-22	11.696187973022461	2026-08-15_17-14-22	1.7289108037948608	2026-08-15_17-14-22	1.754960060119629	2026-08-15_17-14-22	4.078069686889648	2026-08-15_17-14-22	4.134247779846191	2026-08-15_17-14-22	True	2026-08-15_17-14-22	[1 0 0 0 1]	2026-08-15_17-14-22	[1 0 0 1 0]	2026-08-15_17-14-22	[0 0 0 0 0 0 0 0 0 0 0 0 0 0 0 0 0 0 0 0 0 0 0 0 0 0 0 0 0 1 0 0 0 0 0 0 0 0 0 0 0 0 0 0 0 0 0 0 0 0 0 0 0 0 0 0 0 0 0 0 0 0 0 0 0 0 1 0 0 1 0 0 0]	2026-08-15_17-14-22	[0 0 0 0 0 0 0 0 0 0 0 0 0 0 0 0 0 0 0 0 0 0 0 0 0 0 0 0 0 0 0 0 0 0 0 0 0 0 0 0 0 0 0 0 0 0 0 0 0 0 0 0 0 0 0 0 0 0 0 0 0 0 0 0 0 0 0 1 0 0 0 0 0]	2026-08-15_17-14-22	[0]	2026-08-15_17-14-22	[1 0 0 0 0]	2026-08-15_17-14-22	[1 0 0 1 0]	2026-08-15_17-14-22	[0 0 0 0 0 0 0 0 0 0 0 0 0 0 0 0 0 0 0 0 0 0 0 0 0 0 0 0 0 0 0 0 0 0 0 0 0 0 0 0 0 0 0 0 0 0 0 0 0 0 0 0 0 0 0 0 0 0 0 0 0 0 0 0 0 0 1 0 0 1 0 0 0]	2026-08-15_17-14-22	[0 0 0 0 0 0 0 0 0 0 0 0 0 0 0 0 0 0 0 0 0 0 0 0 0 0 0 0 0 0 0 0 0 0 0 0 0 0 0 0 0 0 0 0 0 0 0 0 0 0 0 0 0 0 0 0 0 0 0 0 0 0 1 0 0 0 0 1 0 0 0 0 0]	2026-08-15_17-14-22	[0]	2026-08-15_17-14-22
1	2026-08-15_17-14-22	-1.0	2026-08-15_17-14-22	11.635294914245605	2026-08-15_17-14-22	1.6976057291030884	2026-08-15_17-14-22	1.7349903583526611	2026-08-15_17-14-22	4.074547290802002	2026-08-15_17-14-22	4.1281514167785645	2026-08-15_17-14-22	True	2026-08-15_17-14-22	[1 0 0 0 0]	2026-08-15_17-14-22	[1 0 0 1 0]	2026-08-15_17-14-22	[0 0 0 0 0 0 0 0 0 0 0 0 0 0 0 0 0 0 0 0 0 0 0 0 0 0 0 0 0 0 0 0 0 0 0 0 0 0 0 0 0 0 0 0 0 0 0 0 0 0 0 0 0 0 0 0 0 0 0 0 0 0 0 0 0 0 1 0 0 1 0 0 0]	2026-08-15_17-14-22	[0 0 0 0 0 0 0 0 0 0 0 0 0 0 0 0 0 0 0 0 0 0 0 0 0 0 0 0 0 0 0 0 0 0 0 0 0 0 0 0 0 0 0 0 0 0 0 0 0 0 0 0 0 0 0 0 0 0 0 0 0 0 1 0 0 0 0 1 0 0 0 0 0]	2026-08-15_17-14-22	[0]	2026-08-15_17-14-22	[1 0 0 0 1]	2026-08-15_17-14-22	[1 0 0 1 0]	2026-08-15_17-14-22	[0 0 0 0 0 0 0 0 0 0 0 0 0 0 0 0 0 0 0 0 0 0 0 0 0 0 0 0 0 1 0 0 0 0 0 0 0 0 0 0 0 0 0 0 0 0 0 0 0 0 0 0 0 0 0 0 0 0 0 0 0 0 0 0 0 0 1 0 0 1 0 0 0]	2026-08-15_17-14-22	[0 0 0 0 0 0 0 0 0 0 0 0 0 0 0 0 0 0 0 0 0 0 0 0 0 0 0 0 0 0 0 0 0 0 0 0 0 0 0 0 0 0 0 0 0 0 0 0 0 0 0 0 0 0 0 0 0 0 0 0 0 0 0 0 0 0 0 1 0 0 0 0 0]	2026-08-15_17-14-22	[0]	2026-08-15_17-14-22
1	2026-08-15_17-14-22	-1.0	2026-08-15_17-14-22	11.715835571289062	2026-08-15_17-14-22	1.7269113063812256	2026-08-15_17-14-22	1.7555280923843384	2026-08-15_17-14-22	4.090614318847656	2026-08-15_17-14-22	4.1427812576293945	2026-08-15_17-14-22	True	2026-08-15_17-14-22	[1 0 0 0 1]	2026-08-15_17-14-22	[1 0 0 1 0]	2026-08-15_17-14-22	[0 0 0 0 0 0 0 0 0 0 0 0 0 0 0 0 0 0 0 0 0 0 0 0 0 0 0 0 0 1 0 0 0 0 0 0 0 0 0 0 0 0 0 0 0 0 0 0 0 0 0 0 0 0 0 0 0 0 0 0 0 0 0 0 0 0 1 0 0 1 0 0 0]	2026-08-15_17-14-22	[0 0 0 0 0 0 0 0 0 0 0 0 0 0 0 0 0 0 0 0 0 0 0 0 0 0 0 0 0 0 0 0 0 0 0 0 0 0 0 0 0 0 0 0 0 0 0 0 0 0 0 0 0 0 0 0 0 0 0 0 0 0 0 0 0 0 0 1 0 0 0 0 0]	2026-08-15_17-14-22	[0]	2026-08-15_17-14-22	[1 0 0 0 0]	2026-08-15_17-14-22	[1 0 0 1 0]	2026-08-15_17-14-22	[0 0 0 0 0 0 0 0 0 0 0 0 0 0 0 0 0 0 0 0 0 0 0 0 0 0 0 0 0 0 0 0 0 0 0 0 0 0 0 0 0 0 0 0 0 0 0 0 0 0 0 0 0 0 0 0 0 0 0 0 0 0 0 0 0 0 1 0 0 1 0 0 0]	2026-08-15_17-14-22	[0 0 0 0 0 0 0 0 0 0 0 0 0 0 0 0 0 0 0 0 0 0 0 0 0 0 0 0 0 0 0 0 0 0 0 0 0 0 0 0 0 0 0 0 0 0 0 0 0 0 0 0 0 0 0 0 0 0 0 0 0 0 1 0 0 0 0 1 0 0 0 0 0]	2026-08-15_17-14-22	[0]	2026-08-15_17-14-22
1	2026-08-15_17-14-22	-1.0	2026-08-15_17-14-22	11.654335021972656	2026-08-15_17-14-22	1.6947426795959473	2026-08-15_17-14-22	1.732083797454834	2026-08-15_17-14-22	4.087915897369385	2026-08-15_17-14-22	4.139593124389648	2026-08-15_17-14-22	True	2026-08-15_17-14-22	[1 0 0 0 0]	2026-08-15_17-14-22	[1 0 0 1 0]	2026-08-15_17-14-22	[0 0 0 0 0 0 0 0 0 0 0 0 0 0 0 0 0 0 0 0 0 0 0 0 0 0 0 0 0 0 0 0 0 0 0 0 0 0 0 0 0 0 0 0 0 0 0 0 0 0 0 0 0 0 0 0 0 0 0 0 0 0 0 0 0 0 1 0 0 1 0 0 0]	2026-08-15_17-14-22	[0 0 0 0 0 0 0 0 0 0 0 0 0 0 0 0 0 0 0 0 0 0 0 0 0 0 0 0 0 0 0 0 0 0 0 0 0 0 0 0 0 0 0 0 0 0 0 0 0 0 0 0 0 0 0 0 0 0 0 0 0 0 1 0 0 0 0 1 0 0 0 0 0]	2026-08-15_17-14-22	[0]	2026-08-15_17-14-22	[1 0 0 0 1]	2026-08-15_17-14-22	[1 0 0 1 0]	2026-08-15_17-14-22	[0 0 0 0 0 0 0 0 0 0 0 0 0 0 0 0 0 0 0 0 0 0 0 0 0 0 0 0 0 1 0 0 0 0 0 0 0 0 0 0 0 0 0 0 0 0 0 0 0 0 0 0 0 0 0 0 0 0 0 0 0 0 0 0 0 0 1 0 0 1 0 0 0]	2026-08-15_17-14-22	[0 0 0 0 0 0 0 0 0 0 0 0 0 0 0 0 0 0 0 0 0 0 0 0 0 0 0 0 0 0 0 0 0 0 0 0 0 0 0 0 0 0 0 0 0 0 0 0 0 0 0 0 0 0 0 0 0 0 0 0 0 0 0 0 0 0 0 1 0 0 0 0 0]	2026-08-15_17-14-22	[0]	2026-08-15_17-14-22
1	2026-08-15_17-14-22	-1.0	2026-08-15_17-14-22	11.6959228515625	2026-08-15_17-14-22	1.736456036567688	2026-08-15_17-14-22	1.760226845741272	2026-08-15_17-14-22	4.068504810333252	2026-08-15_17-14-22	4.130735874176025	2026-08-15_17-14-22	True	2026-08-15_17-14-22	[1 0 0 0 1]	2026-08-15_17-14-22	[1 0 0 1 0]	2026-08-15_17-14-22	[0 0 0 0 0 0 0 0 0 0 0 0 0 0 0 0 0 0 0 0 0 0 0 0 0 0 0 0 0 1 0 0 0 0 0 0 0 0 0 0 0 0 0 0 0 0 0 0 0 0 0 0 0 0 0 0 0 0 0 0 0 0 0 0 0 0 1 0 0 1 0 0 0]	2026-08-15_17-14-22	[0 0 0 0 0 0 0 0 0 0 0 0 0 0 0 0 0 0 0 0 0 0 0 0 0 0 0 0 0 0 0 0 0 0 0 0 0 0 0 0 0 0 0 0 0 0 0 0 0 0 0 0 0 0 0 0 0 0 0 0 0 0 0 0 0 0 0 1 0 0 0 0 0]	2026-08-15_17-14-22	[0]	2026-08-15_17-14-22	[1 0 0 0 0]	2026-08-15_17-14-22	[1 0 0 1 0]	2026-08-15_17-14-22	[0 0 0 0 0 0 0 0 0 0 0 0 0 0 0 0 0 0 0 0 0 0 0 0 0 0 0 0 0 0 0 0 0 0 0 0 0 0 0 0 0 0 0 0 0 0 0 0 0 0 0 0 0 0 0 0 0 0 0 0 0 0 0 0 0 0 1 0 0 1 0 0 0]	2026-08-15_17-14-22	[0 0 0 0 0 0 0 0 0 0 0 0 0 0 0 0 0 0 0 0 0 0 0 0 0 0 0 0 0 0 0 0 0 0 0 0 0 0 0 0 0 0 0 0 0 0 0 0 0 0 0 0 0 0 0 0 0 0 0 0 0 0 1 0 0 0 0 1 0 0 0 0 0]	2026-08-15_17-14-22	[0]	2026-08-15_17-14-22
1	2026-08-15_17-14-22	-1.0	2026-08-15_17-14-22	11.600998878479004	2026-08-15_17-14-22	1.6819486618041992	2026-08-15_17-14-22	1.723764181137085	2026-08-15_17-14-22	4.071140289306641	2026-08-15_17-14-22	4.1241455078125	2026-08-15_17-14-22	True	2026-08-15_17-14-22	[1 0 0 0 0]	2026-08-15_17-14-22	[1 0 0 1 0]	2026-08-15_17-14-22	[0 0 0 0 0 0 0 0 0 0 0 0 0 0 0 0 0 0 0 0 0 0 0 0 0 0 0 0 0 0 0 0 0 0 0 0 0 0 0 0 0 0 0 0 0 0 0 0 0 0 0 0 0 0 0 0 0 0 0 0 0 0 0 0 0 0 1 0 0 1 0 0 0]	2026-08-15_17-14-22	[0 0 0 0 0 0 0 0 0 0 0 0 0 0 0 0 0 0 0 0 0 0 0 0 0 0 0 0 0 0 0 0 0 0 0 0 0 0 0 0 0 0 0 0 0 0 0 0 0 0 0 0 0 0 0 0 0 0 0 0 0 0 1 0 0 0 0 1 0 0 0 0 0]	2026-08-15_17-14-22	[0]	2026-08-15_17-14-22	[1 0 0 0 1]	2026-08-15_17-14-22	[1 0 0 1 0]	2026-08-15_17-14-22	[0 0 0 0 0 0 0 0 0 0 0 0 0 0 0 0 0 0 0 0 0 0 0 0 0 0 0 0 0 1 0 0 0 0 0 0 0 0 0 0 0 0 0 0 0 0 0 0 0 0 0 0 0 0 0 0 0 0 0 0 0 0 0 0 0 0 1 0 0 1 0 0 0]	2026-08-15_17-14-22	[0 0 0 0 0 0 0 0 0 0 0 0 0 0 0 0 0 0 0 0 0 0 0 0 0 0 0 0 0 0 0 0 0 0 0 0 0 0 0 0 0 0 0 0 0 0 0 0 0 0 0 0 0 0 0 0 0 0 0 0 0 0 0 0 0 0 0 1 0 0 0 0 0]	2026-08-15_17-14-22	[0]	2026-08-15_17-14-22
1	2026-08-15_17-14-22	-1.0	2026-08-15_17-14-22	11.709741592407227	2026-08-15_17-14-22	1.7396767139434814	2026-08-15_17-14-22	1.762117624282837	2026-08-15_17-14-22	4.07453727722168	2026-08-15_17-14-22	4.133410453796387	2026-08-15_17-14-22	True	2026-08-15_17-14-22	[1 0 0 0 1]	2026-08-15_17-14-22	[1 0 0 1 0]	2026-08-15_17-14-22	[0 0 0 0 0 0 0 0 0 0 0 0 0 0 0 0 0 0 0 0 0 0 0 0 0 0 0 0 0 1 0 0 0 0 0 0 0 0 0 0 0 0 0 0 0 0 0 0 0 0 0 0 0 0 0 0 0 0 0 0 0 0 0 0 0 0 1 0 0 1 0 0 0]	2026-08-15_17-14-22	[0 0 0 0 0 0 0 0 0 0 0 0 0 0 0 0 0 0 0 0 0 0 0 0 0 0 0 0 0 0 0 0 0 0 0 0 0 0 0 0 0 0 0 0 0 0 0 0 0 0 0 0 0 0 0 0 0 0 0 0 0 0 0 0 0 0 0 1 0 0 0 0 0]	2026-08-15_17-14-22	[0]	2026-08-15_17-14-22	[1 0 0 0 0]	2026-08-15_17-14-22	[1 0 0 1 0]	2026-08-15_17-14-22	[0 0 0 0 0 0 0 0 0 0 0 0 0 0 0 0 0 0 0 0 0 0 0 0 0 0 0 0 0 0 0 0 0 0 0 0 0 0 0 0 0 0 0 0 0 0 0 0 0 0 0 0 0 0 0 0 0 0 0 0 0 0 0 0 0 0 1 0 0 1 0 0 0]	2026-08-15_17-14-22	[0 0 0 0 0 0 0 0 0 0 0 0 0 0 0 0 0 0 0 0 0 0 0 0 0 0 0 0 0 0 0 0 0 0 0 0 0 0 0 0 0 0 0 0 0 0 0 0 0 0 0 0 0 0 0 0 0 0 0 0 0 0 1 0 0 0 0 1 0 0 0 0 0]	2026-08-15_17-14-22	[0]	2026-08-15_17-14-22
1	2026-08-15_17-14-22	-1.0	2026-08-15_17-14-22	11.651054382324219	2026-08-15_17-14-22	1.7014353275299072	2026-08-15_17-14-22	1.737308144569397	2026-08-15_17-14-22	4.078876495361328	2026-08-15_17-14-22	4.133434772491455	2026-08-15_17-14-22	True	2026-08-15_17-14-22	[1 0 0 0 0]	2026-08-15_17-14-22	[1 0 0 1 0]	2026-08-15_17-14-22	[0 0 0 0 0 0 0 0 0 0 0 0 0 0 0 0 0 0 0 0 0 0 0 0 0 0 0 0 0 0 0 0 0 0 0 0 0 0 0 0 0 0 0 0 0 0 0 0 0 0 0 0 0 0 0 0 0 0 0 0 0 0 0 0 0 0 1 0 0 1 0 0 0]	2026-08-15_17-14-22	[0 0 0 0 0 0 0 0 0 0 0 0 0 0 0 0 0 0 0 0 0 0 0 0 0 0 0 0 0 0 0 0 0 0 0 0 0 0 0 0 0 0 0 0 0 0 0 0 0 0 0 0 0 0 0 0 0 0 0 0 0 0 1 0 0 0 0 1 0 0 0 0 0]	2026-08-15_17-14-22	[0]	2026-08-15_17-14-22	[1 0 0 0 1]	2026-08-15_17-14-22	[1 0 0 1 0]	2026-08-15_17-14-22	[0 0 0 0 0 0 0 0 0 0 0 0 0 0 0 0 0 0 0 0 0 0 0 0 0 0 0 0 0 1 0 0 0 0 0 0 0 0 0 0 0 0 0 0 0 0 0 0 0 0 0 0 0 0 0 0 0 0 0 0 0 0 0 0 0 0 1 0 0 1 0 0 0]	2026-08-15_17-14-22	[0 0 0 0 0 0 0 0 0 0 0 0 0 0 0 0 0 0 0 0 0 0 0 0 0 0 0 0 0 0 0 0 0 0 0 0 0 0 0 0 0 0 0 0 0 0 0 0 0 0 0 0 0 0 0 0 0 0 0 0 0 0 0 0 0 0 0 1 0 0 0 0 0]	2026-08-15_17-14-22	[0]	2026-08-15_17-14-22
1	2026-08-15_17-14-22	-1.0	2026-08-15_17-14-22	11.702547073364258	2026-08-15_17-14-22	1.7346478700637817	2026-08-15_17-14-22	1.7618117332458496	2026-08-15_17-14-22	4.074346542358398	2026-08-15_17-14-22	4.131741523742676	2026-08-15_17-14-22	True	2026-08-15_17-14-22	[1 0 0 0 1]	2026-08-15_17-14-22	[1 0 0 1 0]	2026-08-15_17-14-22	[0 0 0 0 0 0 0 0 0 0 0 0 0 0 0 0 0 0 0 0 0 0 0 0 0 0 0 0 0 1 0 0 0 0 0 0 0 0 0 0 0 0 0 0 0 0 0 0 0 0 0 0 0 0 0 0 0 0 0 0 0 0 0 0 0 0 1 0 0 1 0 0 0]	2026-08-15_17-14-22	[0 0 0 0 0 0 0 0 0 0 0 0 0 0 0 0 0 0 0 0 0 0 0 0 0 0 0 0 0 0 0 0 0 0 0 0 0 0 0 0 0 0 0 0 0 0 0 0 0 0 0 0 0 0 0 0 0 0 0 0 0 0 0 0 0 0 0 1 0 0 0 0 0]	2026-08-15_17-14-22	[0]	2026-08-15_17-14-22	[1 0 0 0 0]	2026-08-15_17-14-22	[1 0 0 1 0]	2026-08-15_17-14-22	[0 0 0 0 0 0 0 0 0 0 0 0 0 0 0 0 0 0 0 0 0 0 0 0 0 0 0 0 0 0 0 0 0 0 0 0 0 0 0 0 0 0 0 0 0 0 0 0 0 0 0 0 0 0 0 0 0 0 0 0 0 0 0 0 0 0 1 0 0 1 0 0 0]	2026-08-15_17-14-22	[0 0 0 0 0 0 0 0 0 0 0 0 0 0 0 0 0 0 0 0 0 0 0 0 0 0 0 0 0 0 0 0 0 0 0 0 0 0 0 0 0 0 0 0 0 0 0 0 0 0 0 0 0 0 0 0 0 0 0 0 0 0 1 0 0 0 0 1 0 0 0 0 0]	2026-08-15_17-14-22	[0]	2026-08-15_17-14-22
1	2026-08-15_17-14-22	-1.0	2026-08-15_17-14-22	11.647072792053223	2026-08-15_17-14-22	1.705648422241211	2026-08-15_17-14-22	1.738924503326416	2026-08-15_17-14-22	4.071845531463623	2026-08-15_17-14-22	4.130654335021973	2026-08-15_17-14-22	True	2026-08-15_17-14-22	[1 0 0 0 0]	2026-08-15_17-14-22	[1 0 0 1 0]	2026-08-15_17-14-22	[0 0 0 0 0 0 0 0 0 0 0 0 0 0 0 0 0 0 0 0 0 0 0 0 0 0 0 0 0 0 0 0 0 0 0 0 0 0 0 0 0 0 0 0 0 0 0 0 0 0 0 0 0 0 0 0 0 0 0 0 0 0 0 0 0 0 1 0 0 1 0 0 0]	2026-08-15_17-14-22	[0 0 0 0 0 0 0 0 0 0 0 0 0 0 0 0 0 0 0 0 0 0 0 0 0 0 0 0 0 0 0 0 0 0 0 0 0 0 0 0 0 0 0 0 0 0 0 0 0 0 0 0 0 0 0 0 0 0 0 0 0 0 1 0 0 0 0 1 0 0 0 0 0]	2026-08-15_17-14-22	[0]	2026-08-15_17-14-22	[1 0 0 0 1]	2026-08-15_17-14-22	[1 0 0 1 0]	2026-08-15_17-14-22	[0 0 0 0 0 0 0 0 0 0 0 0 0 0 0 0 0 0 0 0 0 0 0 0 0 0 0 0 0 1 0 0 0 0 0 0 0 0 0 0 0 0 0 0 0 0 0 0 0 0 0 0 0 0 0 0 0 0 0 0 0 0 0 0 0 0 1 0 0 1 0 0 0]	2026-08-15_17-14-22	[0 0 0 0 0 0 0 0 0 0 0 0 0 0 0 0 0 0 0 0 0 0 0 0 0 0 0 0 0 0 0 0 0 0 0 0 0 0 0 0 0 0 0 0 0 0 0 0 0 0 0 0 0 0 0 0 0 0 0 0 0 0 0 0 0 0 0 1 0 0 0 0 0]	2026-08-15_17-14-22	[0]	2026-08-15_17-14-22
1	2026-08-15_17-14-22	-1.0	2026-08-15_17-14-22	11.696680068969727	2026-08-15_17-14-22	1.7337309122085571	2026-08-15_17-14-22	1.7574152946472168	2026-08-15_17-14-22	4.072368144989014	2026-08-15_17-14-22	4.1331658363342285	2026-08-15_17-14-22	True	2026-08-15_17-14-22	[1 0 0 0 1]	2026-08-15_17-14-22	[1 0 0 1 0]	2026-08-15_17-14-22	[0 0 0 0 0 0 0 0 0 0 0 0 0 0 0 0 0 0 0 0 0 0 0 0 0 0 0 0 0 1 0 0 0 0 0 0 0 0 0 0 0 0 0 0 0 0 0 0 0 0 0 0 0 0 0 0 0 0 0 0 0 0 0 0 0 0 1 0 0 1 0 0 0]	2026-08-15_17-14-22	[0 0 0 0 0 0 0 0 0 0 0 0 0 0 0 0 0 0 0 0 0 0 0 0 0 0 0 0 0 0 0 0 0 0 0 0 0 0 0 0 0 0 0 0 0 0 0 0 0 0 0 0 0 0 0 0 0 0 0 0 0 0 0 0 0 0 0 1 0 0 0 0 0]	2026-08-15_17-14-22	[0]	2026-08-15_17-14-22	[1 0 0 0 0]	2026-08-15_17-14-22	[1 0 0 1 0]	2026-08-15_17-14-22	[0 0 0 0 0 0 0 0 0 0 0 0 0 0 0 0 0 0 0 0 0 0 0 0 0 0 0 0 0 0 0 0 0 0 0 0 0 0 0 0 0 0 0 0 0 0 0 0 0 0 0 0 0 0 0 0 0 0 0 0 0 0 0 0 0 0 1 0 0 1 0 0 0]	2026-08-15_17-14-22	[0 0 0 0 0 0 0 0 0 0 0 0 0 0 0 0 0 0 0 0 0 0 0 0 0 0 0 0 0 0 0 0 0 0 0 0 0 0 0 0 0 0 0 0 0 0 0 0 0 0 0 0 0 0 0 0 0 0 0 0 0 0 1 0 0 0 0 1 0 0 0 0 0]	2026-08-15_17-14-22	[0]	2026-08-15_17-14-22
1	2026-08-15_17-14-22	-1.0	2026-08-15_17-14-22	11.62979793548584	2026-08-15_17-14-22	1.7019460201263428	2026-08-15_17-14-22	1.7285118103027344	2026-08-15_17-14-22	4.069420337677002	2026-08-15_17-14-22	4.12992000579834	2026-08-15_17-14-22	True	2026-08-15_17-14-22	[1 0 0 0 0]	2026-08-15_17-14-22	[1 0 0 1 0]	2026-08-15_17-14-22	[0 0 0 0 0 0 0 0 0 0 0 0 0 0 0 0 0 0 0 0 0 0 0 0 0 0 0 0 0 0 0 0 0 0 0 0 0 0 0 0 0 0 0 0 0 0 0 0 0 0 0 0 0 0 0 0 0 0 0 0 0 0 0 0 0 0 1 0 0 1 0 0 0]	2026-08-15_17-14-22	[0 0 0 0 0 0 0 0 0 0 0 0 0 0 0 0 0 0 0 0 0 0 0 0 0 0 0 0 0 0 0 0 0 0 0 0 0 0 0 0 0 0 0 0 0 0 0 0 0 0 0 0 0 0 0 0 0 0 0 0 0 0 1 0 0 0 0 1 0 0 0 0 0]	2026-08-15_17-14-22	[0]	2026-08-15_17-14-22	[1 0 0 0 1]	2026-08-15_17-14-22	[1 0 0 1 0]	2026-08-15_17-14-22	[0 0 0 0 0 0 0 0 0 0 0 0 0 0 0 0 0 0 0 0 0 0 0 0 0 0 0 0 0 1 0 0 0 0 0 0 0 0 0 0 0 0 0 0 0 0 0 0 0 0 0 0 0 0 0 0 0 0 0 0 0 0 0 0 0 0 1 0 0 1 0 0 0]	2026-08-15_17-14-22	[0 0 0 0 0 0 0 0 0 0 0 0 0 0 0 0 0 0 0 0 0 0 0 0 0 0 0 0 0 0 0 0 0 0 0 0 0 0 0 0 0 0 0 0 0 0 0 0 0 0 0 0 0 0 0 0 0 0 0 0 0 0 0 0 0 0 0 1 0 0 0 0 0]	2026-08-15_17-14-22	[0]	2026-08-15_17-14-22
1	2026-08-15_17-14-22	-1.0	2026-08-15_17-14-22	11.690786361694336	2026-08-15_17-14-22	1.7339248657226562	2026-08-15_17-14-22	1.7590900659561157	2026-08-15_17-14-22	4.067646026611328	2026-08-15_17-14-22	4.130125522613525	2026-08-15_17-14-22	True	2026-08-15_17-14-22	[1 0 0 0 1]	2026-08-15_17-14-22	[1 0 0 1 0]	2026-08-15_17-14-22	[0 0 0 0 0 0 0 0 0 0 0 0 0 0 0 0 0 0 0 0 0 0 0 0 0 0 0 0 0 1 0 0 0 0 0 0 0 0 0 0 0 0 0 0 0 0 0 0 0 0 0 0 0 0 0 0 0 0 0 0 0 0 0 0 0 0 1 0 0 1 0 0 0]	2026-08-15_17-14-22	[0 0 0 0 0 0 0 0 0 0 0 0 0 0 0 0 0 0 0 0 0 0 0 0 0 0 0 0 0 0 0 0 0 0 0 0 0 0 0 0 0 0 0 0 0 0 0 0 0 0 0 0 0 0 0 0 0 0 0 0 0 0 0 0 0 0 0 1 0 0 0 0 0]	2026-08-15_17-14-22	[0]	2026-08-15_17-14-22	[1 0 0 0 0]	2026-08-15_17-14-22	[1 0 0 1 0]	2026-08-15_17-14-22	[0 0 0 0 0 0 0 0 0 0 0 0 0 0 0 0 0 0 0 0 0 0 0 0 0 0 0 0 0 0 0 0 0 0 0 0 0 0 0 0 0 0 0 0 0 0 0 0 0 0 0 0 0 0 0 0 0 0 0 0 0 0 0 0 0 0 1 0 0 1 0 0 0]	2026-08-15_17-14-22	[0 0 0 0 0 0 0 0 0 0 0 0 0 0 0 0 0 0 0 0 0 0 0 0 0 0 0 0 0 0 0 0 0 0 0 0 0 0 0 0 0 0 0 0 0 0 0 0 0 0 0 0 0 0 0 0 0 0 0 0 0 0 1 0 0 0 0 1 0 0 0 0 0]	2026-08-15_17-14-22	[0]	2026-08-15_17-14-22
1	2026-08-15_17-14-22	-1.0	2026-08-15_17-14-22	11.62596607208252	2026-08-15_17-14-22	1.693771481513977	2026-08-15_17-14-22	1.7307597398757935	2026-08-15_17-14-22	4.072943210601807	2026-08-15_17-14-22	4.128491401672363	2026-08-15_17-14-22	True	2026-08-15_17-14-22	[1 0 0 0 0]	2026-08-15_17-14-22	[1 0 0 1 0]	2026-08-15_17-14-22	[0 0 0 0 0 0 0 0 0 0 0 0 0 0 0 0 0 0 0 0 0 0 0 0 0 0 0 0 0 0 0 0 0 0 0 0 0 0 0 0 0 0 0 0 0 0 0 0 0 0 0 0 0 0 0 0 0 0 0 0 0 0 0 0 0 0 1 0 0 1 0 0 0]	2026-08-15_17-14-22	[0 0 0 0 0 0 0 0 0 0 0 0 0 0 0 0 0 0 0 0 0 0 0 0 0 0 0 0 0 0 0 0 0 0 0 0 0 0 0 0 0 0 0 0 0 0 0 0 0 0 0 0 0 0 0 0 0 0 0 0 0 0 1 0 0 0 0 1 0 0 0 0 0]	2026-08-15_17-14-22	[0]	2026-08-15_17-14-22	[1 0 0 0 1]	2026-08-15_17-14-22	[1 0 0 1 0]	2026-08-15_17-14-22	[0 0 0 0 0 0 0 0 0 0 0 0 0 0 0 0 0 0 0 0 0 0 0 0 0 0 0 0 0 1 0 0 0 0 0 0 0 0 0 0 0 0 0 0 0 0 0 0 0 0 0 0 0 0 0 0 0 0 0 0 0 0 0 0 0 0 1 0 0 1 0 0 0]	2026-08-15_17-14-22	[0 0 0 0 0 0 0 0 0 0 0 0 0 0 0 0 0 0 0 0 0 0 0 0 0 0 0 0 0 0 0 0 0 0 0 0 0 0 0 0 0 0 0 0 0 0 0 0 0 0 0 0 0 0 0 0 0 0 0 0 0 0 0 0 0 0 0 1 0 0 0 0 0]	2026-08-15_17-14-22	[0]	2026-08-15_17-14-22
1	2026-08-15_17-14-22	-1.0	2026-08-15_17-14-22	11.70957088470459	2026-08-15_17-14-22	1.7341125011444092	2026-08-15_17-14-22	1.7573670148849487	2026-08-15_17-14-22	4.0803375244140625	2026-08-15_17-14-22	4.137753963470459	2026-08-15_17-14-22	True	2026-08-15_17-14-22	[1 0 0 0 1]	2026-08-15_17-14-22	[1 0 0 1 0]	2026-08-15_17-14-22	[0 0 0 0 0 0 0 0 0 0 0 0 0 0 0 0 0 0 0 0 0 0 0 0 0 0 0 0 0 1 0 0 0 0 0 0 0 0 0 0 0 0 0 0 0 0 0 0 0 0 0 0 0 0 0 0 0 0 0 0 0 0 0 0 0 0 1 0 0 1 0 0 0]	2026-08-15_17-14-22	[0 0 0 0 0 0 0 0 0 0 0 0 0 0 0 0 0 0 0 0 0 0 0 0 0 0 0 0 0 0 0 0 0 0 0 0 0 0 0 0 0 0 0 0 0 0 0 0 0 0 0 0 0 0 0 0 0 0 0 0 0 0 0 0 0 0 0 1 0 0 0 0 0]	2026-08-15_17-14-22	[0]	2026-08-15_17-14-22	[1 0 0 0 0]	2026-08-15_17-14-22	[1 0 0 1 0]	2026-08-15_17-14-22	[0 0 0 0 0 0 0 0 0 0 0 0 0 0 0 0 0 0 0 0 0 0 0 0 0 0 0 0 0 0 0 0 0 0 0 0 0 0 0 0 0 0 0 0 0 0 0 0 0 0 0 0 0 0 0 0 0 0 0 0 0 0 0 0 0 0 1 0 0 1 0 0 0]	2026-08-15_17-14-22	[0 0 0 0 0 0 0 0 0 0 0 0 0 0 0 0 0 0 0 0 0 0 0 0 0 0 0 0 0 0 0 0 0 0 0 0 0 0 0 0 0 0 0 0 0 0 0 0 0 0 0 0 0 0 0 0 0 0 0 0 0 0 1 0 0 0 0 1 0 0 0 0 0]	2026-08-15_17-14-22	[0]	2026-08-15_17-14-22
1	2026-08-15_17-14-22	-1.0	2026-08-15_17-14-22	11.643644332885742	2026-08-15_17-14-22	1.698520302772522	2026-08-15_17-14-22	1.7365801334381104	2026-08-15_17-14-22	4.076453685760498	2026-08-15_17-14-22	4.1320905685424805	2026-08-15_17-14-22	True	2026-08-15_17-14-22	[1 0 0 0 0]	2026-08-15_17-14-22	[1 0 0 1 0]	2026-08-15_17-14-22	[0 0 0 0 0 0 0 0 0 0 0 0 0 0 0 0 0 0 0 0 0 0 0 0 0 0 0 0 0 0 0 0 0 0 0 0 0 0 0 0 0 0 0 0 0 0 0 0 0 0 0 0 0 0 0 0 0 0 0 0 0 0 0 0 0 0 1 0 0 1 0 0 0]	2026-08-15_17-14-22	[0 0 0 0 0 0 0 0 0 0 0 0 0 0 0 0 0 0 0 0 0 0 0 0 0 0 0 0 0 0 0 0 0 0 0 0 0 0 0 0 0 0 0 0 0 0 0 0 0 0 0 0 0 0 0 0 0 0 0 0 0 0 1 0 0 0 0 1 0 0 0 0 0]	2026-08-15_17-14-22	[0]	2026-08-15_17-14-22	[1 0 0 0 1]	2026-08-15_17-14-22	[1 0 0 1 0]	2026-08-15_17-14-22	[0 0 0 0 0 0 0 0 0 0 0 0 0 0 0 0 0 0 0 0 0 0 0 0 0 0 0 0 0 1 0 0 0 0 0 0 0 0 0 0 0 0 0 0 0 0 0 0 0 0 0 0 0 0 0 0 0 0 0 0 0 0 0 0 0 0 1 0 0 1 0 0 0]	2026-08-15_17-14-22	[0 0 0 0 0 0 0 0 0 0 0 0 0 0 0 0 0 0 0 0 0 0 0 0 0 0 0 0 0 0 0 0 0 0 0 0 0 0 0 0 0 0 0 0 0 0 0 0 0 0 0 0 0 0 0 0 0 0 0 0 0 0 0 0 0 0 0 1 0 0 0 0 0]	2026-08-15_17-14-22	[0]	2026-08-15_17-14-22
1	2026-08-15_17-14-22	-1.0	2026-08-15_17-14-22	11.688688278198242	2026-08-15_17-14-22	1.7367609739303589	2026-08-15_17-14-22	1.7580502033233643	2026-08-15_17-14-22	4.064209461212158	2026-08-15_17-14-22	4.129667282104492	2026-08-15_17-14-22	True	2026-08-15_17-14-22	[1 0 0 0 1]	2026-08-15_17-14-22	[1 0 0 1 0]	2026-08-15_17-14-22	[0 0 0 0 0 0 0 0 0 0 0 0 0 0 0 0 0 0 0 0 0 0 0 0 0 0 0 0 0 1 0 0 0 0 0 0 0 0 0 0 0 0 0 0 0 0 0 0 0 0 0 0 0 0 0 0 0 0 0 0 0 0 0 0 0 0 1 0 0 1 0 0 0]	2026-08-15_17-14-22	[0 0 0 0 0 0 0 0 0 0 0 0 0 0 0 0 0 0 0 0 0 0 0 0 0 0 0 0 0 0 0 0 0 0 0 0 0 0 0 0 0 0 0 0 0 0 0 0 0 0 0 0 0 0 0 0 0 0 0 0 0 0 0 0 0 0 0 1 0 0 0 0 0]	2026-08-15_17-14-22	[0]	2026-08-15_17-14-22	[1 0 0 0 0]	2026-08-15_17-14-22	[1 0 0 1 0]	2026-08-15_17-14-22	[0 0 0 0 0 0 0 0 0 0 0 0 0 0 0 0 0 0 0 0 0 0 0 0 0 0 0 0 0 0 0 0 0 0 0 0 0 0 0 0 0 0 0 0 0 0 0 0 0 0 0 0 0 0 0 0 0 0 0 0 0 0 0 0 0 0 1 0 0 1 0 0 0]	2026-08-15_17-14-22	[0 0 0 0 0 0 0 0 0 0 0 0 0 0 0 0 0 0 0 0 0 0 0 0 0 0 0 0 0 0 0 0 0 0 0 0 0 0 0 0 0 0 0 0 0 0 0 0 0 0 0 0 0 0 0 0 0 0 0 0 0 0 1 0 0 0 0 1 0 0 0 0 0]	2026-08-15_17-14-22	[0]	2026-08-15_17-14-22
1	2026-08-15_17-14-22	-1.0	2026-08-15_17-14-22	11.623759269714355	2026-08-15_17-14-22	1.6981946229934692	2026-08-15_17-14-22	1.7316269874572754	2026-08-15_17-14-22	4.0667924880981445	2026-08-15_17-14-22	4.127145290374756	2026-08-15_17-14-22	True	2026-08-15_17-14-22	[1 0 0 0 0]	2026-08-15_17-14-22	[1 0 0 1 0]	2026-08-15_17-14-22	[0 0 0 0 0 0 0 0 0 0 0 0 0 0 0 0 0 0 0 0 0 0 0 0 0 0 0 0 0 0 0 0 0 0 0 0 0 0 0 0 0 0 0 0 0 0 0 0 0 0 0 0 0 0 0 0 0 0 0 0 0 0 0 0 0 0 1 0 0 1 0 0 0]	2026-08-15_17-14-22	[0 0 0 0 0 0 0 0 0 0 0 0 0 0 0 0 0 0 0 0 0 0 0 0 0 0 0 0 0 0 0 0 0 0 0 0 0 0 0 0 0 0 0 0 0 0 0 0 0 0 0 0 0 0 0 0 0 0 0 0 0 0 1 0 0 0 0 1 0 0 0 0 0]	2026-08-15_17-14-22	[0]	2026-08-15_17-14-22	[1 0 0 0 1]	2026-08-15_17-14-22	[1 0 0 1 0]	2026-08-15_17-14-22	[0 0 0 0 0 0 0 0 0 0 0 0 0 0 0 0 0 0 0 0 0 0 0 0 0 0 0 0 0 1 0 0 0 0 0 0 0 0 0 0 0 0 0 0 0 0 0 0 0 0 0 0 0 0 0 0 0 0 0 0 0 0 0 0 0 0 1 0 0 1 0 0 0]	2026-08-15_17-14-22	[0 0 0 0 0 0 0 0 0 0 0 0 0 0 0 0 0 0 0 0 0 0 0 0 0 0 0 0 0 0 0 0 0 0 0 0 0 0 0 0 0 0 0 0 0 0 0 0 0 0 0 0 0 0 0 0 0 0 0 0 0 0 0 0 0 0 0 1 0 0 0 0 0]	2026-08-15_17-14-22	[0]	2026-08-15_17-14-22
1	2026-08-15_17-14-22	-1.0	2026-08-15_17-14-22	11.713010787963867	2026-08-15_17-14-22	1.73838210105896	2026-08-15_17-14-22	1.7589317560195923	2026-08-15_17-14-22	4.079023361206055	2026-08-15_17-14-22	4.1366729736328125	2026-08-15_17-14-22	True	2026-08-15_17-14-22	[1 0 0 0 1]	2026-08-15_17-14-22	[1 0 0 1 0]	2026-08-15_17-14-22	[0 0 0 0 0 0 0 0 0 0 0 0 0 0 0 0 0 0 0 0 0 0 0 0 0 0 0 0 0 1 0 0 0 0 0 0 0 0 0 0 0 0 0 0 0 0 0 0 0 0 0 0 0 0 0 0 0 0 0 0 0 0 0 0 0 0 1 0 0 1 0 0 0]	2026-08-15_17-14-22	[0 0 0 0 0 0 0 0 0 0 0 0 0 0 0 0 0 0 0 0 0 0 0 0 0 0 0 0 0 0 0 0 0 0 0 0 0 0 0 0 0 0 0 0 0 0 0 0 0 0 0 0 0 0 0 0 0 0 0 0 0 0 0 0 0 0 0 1 0 0 0 0 0]	2026-08-15_17-14-22	[0]	2026-08-15_17-14-22	[1 0 0 0 0]	2026-08-15_17-14-22	[1 0 0 1 0]	2026-08-15_17-14-22	[0 0 0 0 0 0 0 0 0 0 0 0 0 0 0 0 0 0 0 0 0 0 0 0 0 0 0 0 0 0 0 0 0 0 0 0 0 0 0 0 0 0 0 0 0 0 0 0 0 0 0 0 0 0 0 0 0 0 0 0 0 0 0 0 0 0 1 0 0 1 0 0 0]	2026-08-15_17-14-22	[0 0 0 0 0 0 0 0 0 0 0 0 0 0 0 0 0 0 0 0 0 0 0 0 0 0 0 0 0 0 0 0 0 0 0 0 0 0 0 0 0 0 0 0 0 0 0 0 0 0 0 0 0 0 0 0 0 0 0 0 0 0 1 0 0 0 0 1 0 0 0 0 0]	2026-08-15_17-14-22	[0]	2026-08-15_17-14-22
1	2026-08-15_17-14-22	-1.0	2026-08-15_17-14-22	11.635269165039062	2026-08-15_17-14-22	1.702558159828186	2026-08-15_17-14-22	1.7320579290390015	2026-08-15_17-14-22	4.0690598487854	2026-08-15_17-14-22	4.131592750549316	2026-08-15_17-14-22	True	2026-08-15_17-14-22	[1 0 0 0 0]	2026-08-15_17-14-22	[1 0 0 1 0]	2026-08-15_17-14-22	[0 0 0 0 0 0 0 0 0 0 0 0 0 0 0 0 0 0 0 0 0 0 0 0 0 0 0 0 0 0 0 0 0 0 0 0 0 0 0 0 0 0 0 0 0 0 0 0 0 0 0 0 0 0 0 0 0 0 0 0 0 0 0 0 0 0 1 0 0 1 0 0 0]	2026-08-15_17-14-22	[0 0 0 0 0 0 0 0 0 0 0 0 0 0 0 0 0 0 0 0 0 0 0 0 0 0 0 0 0 0 0 0 0 0 0 0 0 0 0 0 0 0 0 0 0 0 0 0 0 0 0 0 0 0 0 0 0 0 0 0 0 0 1 0 0 0 0 1 0 0 0 0 0]	2026-08-15_17-14-22	[0]	2026-08-15_17-14-22	[1 0 0 0 1]	2026-08-15_17-14-22	[1 0 0 1 0]	2026-08-15_17-14-22	[0 0 0 0 0 0 0 0 0 0 0 0 0 0 0 0 0 0 0 0 0 0 0 0 0 0 0 0 0 1 0 0 0 0 0 0 0 0 0 0 0 0 0 0 0 0 0 0 0 0 0 0 0 0 0 0 0 0 0 0 0 0 0 0 0 0 1 0 0 1 0 0 0]	2026-08-15_17-14-22	[0 0 0 0 0 0 0 0 0 0 0 0 0 0 0 0 0 0 0 0 0 0 0 0 0 0 0 0 0 0 0 0 0 0 0 0 0 0 0 0 0 0 0 0 0 0 0 0 0 0 0 0 0 0 0 0 0 0 0 0 0 0 0 0 0 0 0 1 0 0 0 0 0]	2026-08-15_17-14-22	[0]	2026-08-15_17-14-22
2	2026-08-15_19-12-22	-1.0	2026-08-15_19-12-22	11.478887557983398	2026-08-15_19-12-22	1.741660475730896	2026-08-15_19-12-22	1.7834185361862183	2026-08-15_19-12-22	3.9776172637939453	2026-08-15_19-12-22	3.976191520690918	2026-08-15_19-12-22	True	2026-08-15_19-12-22	[0 0 0 1 0]	2026-08-15_19-12-22	[0 0 0 0 0]	2026-08-15_19-12-22	[0 0 0 0 0 0 0 0 0 0 0 0 0 0 0 0 0 0 0 0 0 0 0 0 0 0 0 1 0 0 0 0 0 0 0 0 0 0 0 0 0 0 0 0 0 0 0 0 0 0 0 0 0 0 0 0 0 0 0 0 0 0 0 0 0 0 0 0 0 0 0 0 0]	2026-08-15_19-12-22	[0 0 0 0 0 0 0 0 0 1 0 0 0 0 0 0 0 0 0 0 0 0 0 0 0 0 0 0 0 0 0 0 0 0 0 0 0 0 0 0 0 0 0 0 0 0 0 0 0 0 0 0 0 0 0 0 0 0 0 0 0 0 0 0 0 0 0 1 1 0 0 0 0]	2026-08-15_19-12-22	[0]	2026-08-15_19-12-22	[0 0 0 1 0]	2026-08-15_19-12-22	[0 0 0 0 0]	2026-08-15_19-12-22	[0 0 0 0 0 0 0 0 0 0 0 0 0 0 0 0 0 0 0 0 0 0 0 0 0 0 0 1 0 0 0 1 0 0 0 0 0 0 0 0 0 0 0 0 0 0 0 0 0 0 0 0 0 0 0 0 0 0 0 0 0 0 0 0 0 0 0 0 0 0 0 0 0]	2026-08-15_19-12-22	[0 0 0 0 0 0 0 0 0 1 0 0 0 0 0 0 0 0 0 0 0 0 0 0 0 0 0 0 0 0 0 0 0 0 0 0 0 0 0 0 0 0 0 0 0 0 0 0 0 0 0 0 0 0 0 0 0 0 0 0 0 0 0 1 0 0 0 1 1 0 0 0 0]	2026-08-15_19-12-22	[0]	2026-08-15_19-12-22
2	2026-08-15_19-12-22	-0.8999999761581421	2026-08-15_19-12-22	11.41580581665039	2026-08-15_19-12-22	1.7395610809326172	2026-08-15_19-12-22	1.7820419073104858	2026-08-15_19-12-22	3.9553170204162598	2026-08-15_19-12-22	3.93888521194458	2026-08-15_19-12-22	True	2026-08-15_19-12-22	[0 0 0 1 0]	2026-08-15_19-12-22	[0 0 0 0 0]	2026-08-15_19-12-22	[0 0 0 0 0 0 0 0 0 0 0 0 0 0 0 0 0 0 0 0 0 0 0 0 0 0 0 1 0 0 0 1 0 0 0 0 0 0 0 0 0 0 0 0 0 0 0 0 0 0 0 0 0 0 0 0 0 0 0 0 0 0 0 0 0 0 0 0 0 0 0 0 0]	2026-08-15_19-12-22	[0 0 0 0 0 0 0 0 0 1 0 0 0 0 0 0 0 0 0 0 0 0 0 0 0 0 0 0 0 0 0 0 0 0 0 0 0 0 0 0 0 0 0 0 0 0 0 0 0 0 0 0 0 0 0 0 0 0 0 0 0 0 0 1 0 0 0 1 1 0 0 0 0]	2026-08-15_19-12-22	[0]	2026-08-15_19-12-22	[0 0 0 1 0]	2026-08-15_19-12-22	[0 0 0 0 1]	2026-08-15_19-12-22	[0 0 0 0 0 0 0 0 0 0 0 0 0 0 0 0 0 0 0 0 0 0 0 0 0 0 0 1 0 0 0 0 0 0 0 0 0 0 0 0 0 0 0 0 0 0 0 0 0 0 0 0 0 0 0 0 0 0 0 0 0 0 0 0 0 0 0 0 0 0 0 0 0]	2026-08-15_19-12-22	[0 0 0 0 0 0 0 0 0 1 0 0 0 0 0 0 0 0 0 0 0 0 0 0 0 0 0 0 0 0 0 0 0 0 0 0 0 0 0 0 0 0 0 0 0 0 0 0 0 0 0 0 0 0 0 0 0 0 0 0 0 0 0 0 0 0 0 1 1 0 0 0 0]	2026-08-15_19-12-22	[2]	2026-08-15_19-12-22
2	2026-08-15_19-12-22	-0.5	2026-08-15_19-12-22	10.7814359664917	2026-08-15_19-12-22	1.701046109199524	2026-08-15_19-12-22	1.572027564048767	2026-08-15_19-12-22	3.741306781768799	2026-08-15_19-12-22	3.7670555114746094	2026-08-15_19-12-22	True	2026-08-15_19-12-22	[0 0 0 1 0]	2026-08-15_19-12-22	[0 0 0 0 1]	2026-08-15_19-12-22	[0 0 0 0 0 0 0 0 0 0 0 0 0 0 0 0 0 0 0 0 0 0 0 0 0 0 0 1 0 0 0 0 0 0 0 0 0 0 0 0 0 0 0 0 0 0 0 0 0 0 0 0 0 0 0 0 0 0 0 0 0 0 0 0 0 0 0 0 0 0 0 0 0]	2026-08-15_19-12-22	[0 0 0 0 0 0 0 0 0 1 0 0 0 0 0 0 0 0 0 0 0 0 0 0 0 0 0 0 0 0 0 0 0 0 0 0 0 0 0 0 0 0 0 0 0 0 0 0 0 0 0 0 0 0 0 0 0 0 0 0 0 0 0 0 0 0 0 1 1 0 0 0 0]	2026-08-15_19-12-22	[2]	2026-08-15_19-12-22	[0 0 0 0 0]	2026-08-15_19-12-22	[0 0 0 0 0]	2026-08-15_19-12-22	[0 0 0 0 0 0 0 0 0 0 0 0 0 0 0 0 0 0 0 0 0 0 0 0 0 0 0 1 0 0 0 0 0 0 0 0 0 0 0 1 0 0 0 0 0 0 0 0 0 0 0 0 0 0 0 0 0 0 0 0 0 0 0 0 0 0 0 0 0 0 0 0 0]	2026-08-15_19-12-22	[0 0 0 0 0 0 1 0 0 1 0 0 0 0 0 0 0 0 0 0 0 0 0 0 0 0 0 0 0 0 0 0 0 0 0 0 0 0 0 0 0 0 0 0 0 0 0 0 0 0 0 0 0 0 0 0 0 0 0 0 0 0 0 0 0 0 0 1 1 0 0 0 0]	2026-08-15_19-12-22	[10]	2026-08-15_19-12-22
2	2026-08-15_19-12-22	-0.8999999761581421	2026-08-15_19-12-22	10.593506813049316	2026-08-15_19-12-22	1.5140355825424194	2026-08-15_19-12-22	1.4307152032852173	2026-08-15_19-12-22	3.8545303344726562	2026-08-15_19-12-22	3.7942256927490234	2026-08-15_19-12-22	True	2026-08-15_19-12-22	[0 0 0 0 0]	2026-08-15_19-12-22	[0 0 0 0 0]	2026-08-15_19-12-22	[0 0 0 0 0 0 0 0 0 0 0 0 0 0 0 0 0 0 0 0 0 0 0 0 0 0 0 1 0 0 0 0 0 0 0 0 0 0 0 1 0 0 0 0 0 0 0 0 0 0 0 0 0 0 0 0 0 0 0 0 0 0 0 0 0 0 0 0 0 0 0 0 0]	2026-08-15_19-12-22	[0 0 0 0 0 0 1 0 0 1 0 0 0 0 0 0 0 0 0 0 0 0 0 0 0 0 0 0 0 0 0 0 0 0 0 0 0 0 0 0 0 0 0 0 0 0 0 0 0 0 0 0 0 0 0 0 0 0 0 0 0 0 0 0 0 0 0 1 1 0 0 0 0]	2026-08-15_19-12-22	[10]	2026-08-15_19-12-22	[0 1 0 0 0]	2026-08-15_19-12-22	[0 0 0 0 1]	2026-08-15_19-12-22	[0 0 0 0 0 0 0 0 1 0 0 0 0 0 0 0 0 0 0 0 0 0 0 0 0 0 0 1 0 0 0 0 0 0 0 0 0 0 0 1 0 0 0 0 0 0 0 0 0 0 0 0 0 0 0 0 0 0 0 0 0 0 0 0 0 0 0 0 0 0 0 0 0]	2026-08-15_19-12-22	[0 0 0 0 0 0 1 0 0 1 0 0 0 0 0 0 0 0 0 0 0 0 0 0 0 0 0 0 0 0 0 0 0 0 0 1 0 0 0 0 0 0 0 0 0 0 0 0 0 0 0 0 0 0 0 0 0 0 0 0 0 0 0 0 0 0 0 1 1 0 0 0 0]	2026-08-15_19-12-22	[2]	2026-08-15_19-12-22
2	2026-08-15_19-12-22	-0.5	2026-08-15_19-12-22	10.958318710327148	2026-08-15_19-12-22	1.689728021621704	2026-08-15_19-12-22	1.5695955753326416	2026-08-15_19-12-22	3.8038463592529297	2026-08-15_19-12-22	3.895148754119873	2026-08-15_19-12-22	True	2026-08-15_19-12-22	[0 1 0 0 0]	2026-08-15_19-12-22	[0 0 0 0 1]	2026-08-15_19-12-22	[0 0 0 0 0 0 0 0 1 0 0 0 0 0 0 0 0 0 0 0 0 0 0 0 0 0 0 1 0 0 0 0 0 0 0 0 0 0 0 1 0 0 0 0 0 0 0 0 0 0 0 0 0 0 0 0 0 0 0 0 0 0 0 0 0 0 0 0 0 0 0 0 0]	2026-08-15_19-12-22	[0 0 0 0 0 0 1 0 0 1 0 0 0 0 0 0 0 0 0 0 0 0 0 0 0 0 0 0 0 0 0 0 0 0 0 1 0 0 0 0 0 0 0 0 0 0 0 0 0 0 0 0 0 0 0 0 0 0 0 0 0 0 0 0 0 0 0 1 1 0 0 0 0]	2026-08-15_19-12-22	[2]	2026-08-15_19-12-22	[0 0 0 0 0]	2026-08-15_19-12-22	[0 0 0 0 0]	2026-08-15_19-12-22	[0 0 0 0 0 0 0 0 1 0 0 0 0 0 0 0 0 0 0 0 0 0 0 0 0 0 0 1 0 0 0 0 0 0 0 0 0 0 0 0 0 0 0 0 0 0 0 0 0 0 0 0 0 0 0 0 0 0 0 0 0 0 0 0 0 0 0 0 0 0 0 0 0]	2026-08-15_19-12-22	[0 0 0 0 0 0 0 0 0 1 0 0 0 0 0 0 0 0 0 0 0 0 0 0 0 0 0 0 0 0 0 0 0 0 0 1 0 0 0 0 0 0 0 0 0 0 0 0 0 0 0 0 0 0 0 0 0 0 0 0 0 0 0 0 0 0 0 1 1 0 0 0 0]	2026-08-15_19-12-22	[10]	2026-08-15_19-12-22
2	2026-08-15_19-12-22	-0.8999999761581421	2026-08-15_19-12-22	10.56320571899414	2026-08-15_19-12-22	1.5102709531784058	2026-08-15_19-12-22	1.4311186075210571	2026-08-15_19-12-22	3.8439197540283203	2026-08-15_19-12-22	3.7778966426849365	2026-08-15_19-12-22	True	2026-08-15_19-12-22	[0 0 0 0 0]	2026-08-15_19-12-22	[0 0 0 0 0]	2026-08-15_19-12-22	[0 0 0 0 0 0 0 0 1 0 0 0 0 0 0 0 0 0 0 0 0 0 0 0 0 0 0 1 0 0 0 0 0 0 0 0 0 0 0 0 0 0 0 0 0 0 0 0 0 0 0 0 0 0 0 0 0 0 0 0 0 0 0 0 0 0 0 0 0 0 0 0 0]	2026-08-15_19-12-22	[0 0 0 0 0 0 0 0 0 1 0 0 0 0 0 0 0 0 0 0 0 0 0 0 0 0 0 0 0 0 0 0 0 0 0 1 0 0 0 0 0 0 0 0 0 0 0 0 0 0 0 0 0 0 0 0 0 0 0 0 0 0 0 0 0 0 0 1 1 0 0 0 0]	2026-08-15_19-12-22	[10]	2026-08-15_19-12-22	[0 1 0 0 0]	2026-08-15_19-12-22	[0 0 0 0 1]	2026-08-15_19-12-22	[0 0 0 0 0 0 0 0 0 0 0 0 0 0 0 0 0 0 0 0 0 0 0 0 0 0 0 1 0 0 0 0 0 0 0 0 0 0 0 0 0 0 0 0 0 0 0 0 0 0 0 0 0 0 0 0 0 0 0 0 0 0 0 0 0 0 0 0 0 0 0 0 0]	2026-08-15_19-12-22	[0 0 0 0 0 0 0 0 0 1 0 0 0 0 0 0 0 0 0 0 0 0 0 0 0 0 0 0 0 0 0 0 0 0 0 0 0 0 0 0 0 0 0 0 0 0 0 0 0 0 0 0 0 0 0 0 0 0 0 0 0 0 0 0 0 0 0 1 1 0 0 0 0]	2026-08-15_19-12-22	[2]	2026-08-15_19-12-22
2	2026-08-15_19-12-22	-0.5	2026-08-15_19-12-22	10.857882499694824	2026-08-15_19-12-22	1.689605951309204	2026-08-15_19-12-22	1.5644015073776245	2026-08-15_19-12-22	3.7541377544403076	2026-08-15_19-12-22	3.8497374057769775	2026-08-15_19-12-22	True	2026-08-15_19-12-22	[0 1 0 0 0]	2026-08-15_19-12-22	[0 0 0 0 1]	2026-08-15_19-12-22	[0 0 0 0 0 0 0 0 0 0 0 0 0 0 0 0 0 0 0 0 0 0 0 0 0 0 0 1 0 0 0 0 0 0 0 0 0 0 0 0 0 0 0 0 0 0 0 0 0 0 0 0 0 0 0 0 0 0 0 0 0 0 0 0 0 0 0 0 0 0 0 0 0]	2026-08-15_19-12-22	[0 0 0 0 0 0 0 0 0 1 0 0 0 0 0 0 0 0 0 0 0 0 0 0 0 0 0 0 0 0 0 0 0 0 0 0 0 0 0 0 0 0 0 0 0 0 0 0 0 0 0 0 0 0 0 0 0 0 0 0 0 0 0 0 0 0 0 1 1 0 0 0 0]	2026-08-15_19-12-22	[2]	2026-08-15_19-12-22	[0 0 0 0 0]	2026-08-15_19-12-22	[0 0 0 0 0]	2026-08-15_19-12-22	[0 0 0 0 0 0 0 0 0 0 0 0 0 0 0 0 0 0 0 0 0 0 0 0 0 0 0 1 0 0 0 0 0 0 0 0 0 0 0 1 0 0 0 0 0 0 0 0 0 0 0 0 0 0 0 0 0 0 0 0 0 0 0 0 0 0 0 0 0 0 0 0 0]	2026-08-15_19-12-22	[0 0 0 0 0 0 1 0 0 1 0 0 0 0 0 0 0 0 0 0 0 0 0 0 0 0 0 0 0 0 0 0 0 0 0 0 0 0 0 0 0 0 0 0 0 0 0 0 0 0 0 0 0 0 0 0 0 0 0 0 0 0 0 0 0 0 0 1 1 0 0 0 0]	2026-08-15_19-12-22	[10]	2026-08-15_19-12-22
2	2026-08-15_19-12-22	-0.8999999761581421	2026-08-15_19-12-22	10.566971778869629	2026-08-15_19-12-22	1.5055336952209473	2026-08-15_19-12-22	1.4402825832366943	2026-08-15_19-12-22	3.8570992946624756	2026-08-15_19-12-22	3.7640559673309326	2026-08-15_19-12-22	True	2026-08-15_19-12-22	[0 0 0 0 0]	2026-08-15_19-12-22	[0 0 0 0 0]	2026-08-15_19-12-22	[0 0 0 0 0 0 0 0 0 0 0 0 0 0 0 0 0 0 0 0 0 0 0 0 0 0 0 1 0 0 0 0 0 0 0 0 0 0 0 1 0 0 0 0 0 0 0 0 0 0 0 0 0 0 0 0 0 0 0 0 0 0 0 0 0 0 0 0 0 0 0 0 0]	2026-08-15_19-12-22	[0 0 0 0 0 0 1 0 0 1 0 0 0 0 0 0 0 0 0 0 0 0 0 0 0 0 0 0 0 0 0 0 0 0 0 0 0 0 0 0 0 0 0 0 0 0 0 0 0 0 0 0 0 0 0 0 0 0 0 0 0 0 0 0 0 0 0 1 1 0 0 0 0]	2026-08-15_19-12-22	[10]	2026-08-15_19-12-22	[0 1 0 0 0]	2026-08-15_19-12-22	[0 0 0 0 1]	2026-08-15_19-12-22	[0 0 0 0 0 0 0 0 1 0 0 0 0 0 0 0 0 0 0 0 0 0 0 0 0 0 0 1 0 0 0 0 0 0 0 0 0 0 0 1 0 0 0 0 0 0 0 0 0 0 0 0 0 0 0 0 0 0 0 0 0 0 0 0 0 0 0 0 0 0 0 0 0]	2026-08-15_19-12-22	[0 0 0 0 0 0 1 0 0 1 0 0 0 0 0 0 0 0 0 0 0 0 0 0 0 0 0 0 0 0 0 0 0 0 0 1 0 0 0 0 0 0 0 0 0 0 0 0 0 0 0 0 0 0 0 0 0 0 0 0 0 0 0 0 0 0 0 1 1 0 0 0 0]	2026-08-15_19-12-22	[2]	2026-08-15_19-12-22
2	2026-08-15_19-12-22	-0.5	2026-08-15_19-12-22	11.008882522583008	2026-08-15_19-12-22	1.6889773607254028	2026-08-15_19-12-22	1.5766990184783936	2026-08-15_19-12-22	3.830507278442383	2026-08-15_19-12-22	3.912698268890381	2026-08-15_19-12-22	True	2026-08-15_19-12-22	[0 1 0 0 0]	2026-08-15_19-12-22	[0 0 0 0 1]	2026-08-15_19-12-22	[0 0 0 0 0 0 0 0 1 0 0 0 0 0 0 0 0 0 0 0 0 0 0 0 0 0 0 1 0 0 0 0 0 0 0 0 0 0 0 1 0 0 0 0 0 0 0 0 0 0 0 0 0 0 0 0 0 0 0 0 0 0 0 0 0 0 0 0 0 0 0 0 0]	2026-08-15_19-12-22	[0 0 0 0 0 0 1 0 0 1 0 0 0 0 0 0 0 0 0 0 0 0 0 0 0 0 0 0 0 0 0 0 0 0 0 1 0 0 0 0 0 0 0 0 0 0 0 0 0 0 0 0 0 0 0 0 0 0 0 0 0 0 0 0 0 0 0 1 1 0 0 0 0]	2026-08-15_19-12-22	[2]	2026-08-15_19-12-22	[0 0 0 0 0]	2026-08-15_19-12-22	[0 0 0 0 0]	2026-08-15_19-12-22	[0 0 0 0 0 0 0 0 1 0 0 0 0 0 0 0 0 0 0 0 0 0 0 0 0 0 0 1 0 0 0 0 0 0 0 0 0 0 0 0 0 0 0 0 0 0 0 0 0 0 0 0 0 0 0 0 0 0 0 0 0 0 0 0 0 0 0 0 0 0 0 0 0]	2026-08-15_19-12-22	[0 0 0 0 0 0 0 0 0 1 0 0 0 0 0 0 0 0 0 0 0 0 0 0 0 0 0 0 0 0 0 0 0 0 0 1 0 0 0 0 0 0 0 0 0 0 0 0 0 0 0 0 0 0 0 0 0 0 0 0 0 0 0 0 0 0 0 1 1 0 0 0 0]	2026-08-15_19-12-22	[10]	2026-08-15_19-12-22
2	2026-08-15_19-12-22	-0.8999999761581421	2026-08-15_19-12-22	10.582371711730957	2026-08-15_19-12-22	1.5179824829101562	2026-08-15_19-12-22	1.378089189529419	2026-08-15_19-12-22	3.8280117511749268	2026-08-15_19-12-22	3.858288288116455	2026-08-15_19-12-22	True	2026-08-15_19-12-22	[0 0 0 0 0]	2026-08-15_19-12-22	[0 0 0 0 0]	2026-08-15_19-12-22	[0 0 0 0 0 0 0 0 1 0 0 0 0 0 0 0 0 0 0 0 0 0 0 0 0 0 0 1 0 0 0 0 0 0 0 0 0 0 0 0 0 0 0 0 0 0 0 0 0 0 0 0 0 0 0 0 0 0 0 0 0 0 0 0 0 0 0 0 0 0 0 0 0]	2026-08-15_19-12-22	[0 0 0 0 0 0 0 0 0 1 0 0 0 0 0 0 0 0 0 0 0 0 0 0 0 0 0 0 0 0 0 0 0 0 0 1 0 0 0 0 0 0 0 0 0 0 0 0 0 0 0 0 0 0 0 0 0 0 0 0 0 0 0 0 0 0 0 1 1 0 0 0 0]	2026-08-15_19-12-22	[10]	2026-08-15_19-12-22	[0 1 0 0 0]	2026-08-15_19-12-22	[0 0 0 0 1]	2026-08-15_19-12-22	[0 0 0 0 0 0 0 0 0 0 0 0 0 0 0 0 0 0 0 0 0 0 0 0 0 0 0 1 0 0 0 0 0 0 0 0 0 0 0 0 0 0 0 0 0 0 0 0 0 0 0 0 0 0 0 0 0 0 0 0 0 0 0 0 0 0 0 0 0 0 0 0 0]	2026-08-15_19-12-22	[0 0 0 0 0 0 0 0 0 1 0 0 0 0 0 0 0 0 0 0 0 0 0 0 0 0 0 0 0 0 0 0 0 0 0 0 0 0 0 0 0 0 0 0 0 0 0 0 0 0 0 0 0 0 0 0 0 0 0 0 0 0 0 0 0 0 0 1 1 0 0 0 0]	2026-08-15_19-12-22	[2]	2026-08-15_19-12-22
2	2026-08-15_19-12-22	-0.5	2026-08-15_19-12-22	10.842769622802734	2026-08-15_19-12-22	1.6944454908370972	2026-08-15_19-12-22	1.5628268718719482	2026-08-15_19-12-22	3.757514238357544	2026-08-15_19-12-22	3.8279829025268555	2026-08-15_19-12-22	True	2026-08-15_19-12-22	[0 1 0 0 0]	2026-08-15_19-12-22	[0 0 0 0 1]	2026-08-15_19-12-22	[0 0 0 0 0 0 0 0 0 0 0 0 0 0 0 0 0 0 0 0 0 0 0 0 0 0 0 1 0 0 0 0 0 0 0 0 0 0 0 0 0 0 0 0 0 0 0 0 0 0 0 0 0 0 0 0 0 0 0 0 0 0 0 0 0 0 0 0 0 0 0 0 0]	2026-08-15_19-12-22	[0 0 0 0 0 0 0 0 0 1 0 0 0 0 0 0 0 0 0 0 0 0 0 0 0 0 0 0 0 0 0 0 0 0 0 0 0 0 0 0 0 0 0 0 0 0 0 0 0 0 0 0 0 0 0 0 0 0 0 0 0 0 0 0 0 0 0 1 1 0 0 0 0]	2026-08-15_19-12-22	[2]	2026-08-15_19-12-22	[0 0 0 0 0]	2026-08-15_19-12-22	[0 0 0 0 0]	2026-08-15_19-12-22	[0 0 0 0 0 0 0 0 0 0 0 0 0 0 0 0 0 0 0 0 0 0 0 0 0 0 0 1 0 0 0 0 0 0 0 0 0 0 0 1 0 0 0 0 0 0 0 0 0 0 0 0 0 0 0 0 0 0 0 0 0 0 0 0 0 0 0 0 0 0 0 0 0]	2026-08-15_19-12-22	[0 0 0 0 0 0 1 0 0 1 0 0 0 0 0 0 0 0 0 0 0 0 0 0 0 0 0 0 0 0 0 0 0 0 0 0 0 0 0 0 0 0 0 0 0 0 0 0 0 0 0 0 0 0 0 0 0 0 0 0 0 0 0 0 0 0 0 1 1 0 0 0 0]	2026-08-15_19-12-22	[10]	2026-08-15_19-12-22
2	2026-08-15_19-12-22	-0.8999999761581421	2026-08-15_19-12-22	10.596719741821289	2026-08-15_19-12-22	1.512925148010254	2026-08-15_19-12-22	1.4453500509262085	2026-08-15_19-12-22	3.869211196899414	2026-08-15_19-12-22	3.769232988357544	2026-08-15_19-12-22	True	2026-08-15_19-12-22	[0 0 0 0 0]	2026-08-15_19-12-22	[0 0 0 0 0]	2026-08-15_19-12-22	[0 0 0 0 0 0 0 0 0 0 0 0 0 0 0 0 0 0 0 0 0 0 0 0 0 0 0 1 0 0 0 0 0 0 0 0 0 0 0 1 0 0 0 0 0 0 0 0 0 0 0 0 0 0 0 0 0 0 0 0 0 0 0 0 0 0 0 0 0 0 0 0 0]	2026-08-15_19-12-22	[0 0 0 0 0 0 1 0 0 1 0 0 0 0 0 0 0 0 0 0 0 0 0 0 0 0 0 0 0 0 0 0 0 0 0 0 0 0 0 0 0 0 0 0 0 0 0 0 0 0 0 0 0 0 0 0 0 0 0 0 0 0 0 0 0 0 0 1 1 0 0 0 0]	2026-08-15_19-12-22	[10]	2026-08-15_19-12-22	[0 1 0 0 0]	2026-08-15_19-12-22	[0 0 0 0 1]	2026-08-15_19-12-22	[0 0 0 0 0 0 0 0 1 0 0 0 0 0 0 0 0 0 0 0 0 0 0 0 0 0 0 1 0 0 0 0 0 0 0 0 0 0 0 1 0 0 0 0 0 0 0 0 0 0 0 0 0 0 0 0 0 0 0 0 0 0 0 0 0 0 0 0 0 0 0 0 0]	2026-08-15_19-12-22	[0 0 0 0 0 0 1 0 0 1 0 0 0 0 0 0 0 0 0 0 0 0 0 0 0 0 0 0 0 0 0 0 0 0 0 1 0 0 0 0 0 0 0 0 0 0 0 0 0 0 0 0 0 0 0 0 0 0 0 0 0 0 0 0 0 0 0 1 1 0 0 0 0]	2026-08-15_19-12-22	[2]	2026-08-15_19-12-22
2	2026-08-15_19-12-22	-0.5	2026-08-15_19-12-22	11.013885498046875	2026-08-15_19-12-22	1.6863458156585693	2026-08-15_19-12-22	1.5832041501998901	2026-08-15_19-12-22	3.8229503631591797	2026-08-15_19-12-22	3.9213857650756836	2026-08-15_19-12-22	True	2026-08-15_19-12-22	[0 1 0 0 0]	2026-08-15_19-12-22	[0 0 0 0 1]	2026-08-15_19-12-22	[0 0 0 0 0 0 0 0 1 0 0 0 0 0 0 0 0 0 0 0 0 0 0 0 0 0 0 1 0 0 0 0 0 0 0 0 0 0 0 1 0 0 0 0 0 0 0 0 0 0 0 0 0 0 0 0 0 0 0 0 0 0 0 0 0 0 0 0 0 0 0 0 0]	2026-08-15_19-12-22	[0 0 0 0 0 0 1 0 0 1 0 0 0 0 0 0 0 0 0 0 0 0 0 0 0 0 0 0 0 0 0 0 0 0 0 1 0 0 0 0 0 0 0 0 0 0 0 0 0 0 0 0 0 0 0 0 0 0 0 0 0 0 0 0 0 0 0 1 1 0 0 0 0]	2026-08-15_19-12-22	[2]	2026-08-15_19-12-22	[0 0 0 0 0]	2026-08-15_19-12-22	[0 0 0 0 0]	2026-08-15_19-12-22	[0 0 0 0 0 0 0 0 1 0 0 0 0 0 0 0 0 0 0 0 0 0 0 0 0 0 0 1 0 0 0 0 0 0 0 0 0 0 0 0 0 0 0 0 0 0 0 0 0 0 0 0 0 0 0 0 0 0 0 0 0 0 0 0 0 0 0 0 0 0 0 0 0]	2026-08-15_19-12-22	[0 0 0 0 0 0 0 0 0 1 0 0 0 0 0 0 0 0 0 0 0 0 0 0 0 0 0 0 0 0 0 0 0 0 0 1 0 0 0 0 0 0 0 0 0 0 0 0 0 0 0 0 0 0 0 0 0 0 0 0 0 0 0 0 0 0 0 1 1 0 0 0 0]	2026-08-15_19-12-22	[10]	2026-08-15_19-12-22
2	2026-08-15_19-12-22	-0.8999999761581421	2026-08-15_19-12-22	10.533933639526367	2026-08-15_19-12-22	1.5064740180969238	2026-08-15_19-12-22	1.4304896593093872	2026-08-15_19-12-22	3.822800636291504	2026-08-15_19-12-22	3.7741692066192627	2026-08-15_19-12-22	True	2026-08-15_19-12-22	[0 0 0 0 0]	2026-08-15_19-12-22	[0 0 0 0 0]	2026-08-15_19-12-22	[0 0 0 0 0 0 0 0 1 0 0 0 0 0 0 0 0 0 0 0 0 0 0 0 0 0 0 1 0 0 0 0 0 0 0 0 0 0 0 0 0 0 0 0 0 0 0 0 0 0 0 0 0 0 0 0 0 0 0 0 0 0 0 0 0 0 0 0 0 0 0 0 0]	2026-08-15_19-12-22	[0 0 0 0 0 0 0 0 0 1 0 0 0 0 0 0 0 0 0 0 0 0 0 0 0 0 0 0 0 0 0 0 0 0 0 1 0 0 0 0 0 0 0 0 0 0 0 0 0 0 0 0 0 0 0 0 0 0 0 0 0 0 0 0 0 0 0 1 1 0 0 0 0]	2026-08-15_19-12-22	[10]	2026-08-15_19-12-22	[0 1 0 0 0]	2026-08-15_19-12-22	[0 0 0 0 1]	2026-08-15_19-12-22	[0 0 0 0 0 0 0 0 0 0 0 0 0 0 0 0 0 0 0 0 0 0 0 0 0 0 0 1 0 0 0 0 0 0 0 0 0 0 0 0 0 0 0 0 0 0 0 0 0 0 0 0 0 0 0 0 0 0 0 0 0 0 0 0 0 0 0 0 0 0 0 0 0]	2026-08-15_19-12-22	[0 0 0 0 0 1 0 0 0 1 0 0 0 0 0 0 0 0 0 0 0 0 0 0 0 0 0 0 0 0 0 0 0 0 0 1 0 0 0 0 0 0 0 0 0 0 0 0 0 0 0 0 0 0 0 0 0 0 0 0 0 0 0 0 0 0 0 1 1 0 0 0 0]	2026-08-15_19-12-22	[2]	2026-08-15_19-12-22
2	2026-08-15_19-12-22	-0.5	2026-08-15_19-12-22	10.95762825012207	2026-08-15_19-12-22	1.6925768852233887	2026-08-15_19-12-22	1.570866584777832	2026-08-15_19-12-22	3.8101258277893066	2026-08-15_19-12-22	3.884059190750122	2026-08-15_19-12-22	True	2026-08-15_19-12-22	[0 1 0 0 0]	2026-08-15_19-12-22	[0 0 0 0 1]	2026-08-15_19-12-22	[0 0 0 0 0 0 0 0 0 0 0 0 0 0 0 0 0 0 0 0 0 0 0 0 0 0 0 1 0 0 0 0 0 0 0 0 0 0 0 0 0 0 0 0 0 0 0 0 0 0 0 0 0 0 0 0 0 0 0 0 0 0 0 0 0 0 0 0 0 0 0 0 0]	2026-08-15_19-12-22	[0 0 0 0 0 1 0 0 0 1 0 0 0 0 0 0 0 0 0 0 0 0 0 0 0 0 0 0 0 0 0 0 0 0 0 1 0 0 0 0 0 0 0 0 0 0 0 0 0 0 0 0 0 0 0 0 0 0 0 0 0 0 0 0 0 0 0 1 1 0 0 0 0]	2026-08-15_19-12-22	[2]	2026-08-15_19-12-22	[0 0 0 0 0]	2026-08-15_19-12-22	[0 0 0 0 0]	2026-08-15_19-12-22	[0 0 0 0 0 0 0 0 0 0 0 0 0 0 0 0 0 0 0 0 0 0 0 0 0 0 0 1 0 0 0 0 0 0 0 0 0 0 0 1 0 0 0 0 0 0 0 0 0 0 0 0 0 0 0 0 0 0 0 0 0 0 0 0 0 0 0 0 0 0 0 0 0]	2026-08-15_19-12-22	[0 0 0 0 0 1 1 0 0 1 0 0 0 0 0 0 0 0 0 0 0 0 0 0 0 0 0 0 0 0 0 0 0 0 0 1 0 0 0 0 0 0 0 0 0 0 0 0 0 0 0 0 0 0 0 0 0 0 0 0 0 0 0 0 0 0 0 1 1 0 0 0 0]	2026-08-15_19-12-22	[10]	2026-08-15_19-12-22
2	2026-08-15_19-12-22	-0.8999999761581421	2026-08-15_19-12-22	10.61982250213623	2026-08-15_19-12-22	1.519768476486206	2026-08-15_19-12-22	1.4063421487808228	2026-08-15_19-12-22	3.8592395782470703	2026-08-15_19-12-22	3.834472179412842	2026-08-15_19-12-22	True	2026-08-15_19-12-22	[0 0 0 0 0]	2026-08-15_19-12-22	[0 0 0 0 0]	2026-08-15_19-12-22	[0 0 0 0 0 0 0 0 0 0 0 0 0 0 0 0 0 0 0 0 0 0 0 0 0 0 0 1 0 0 0 0 0 0 0 0 0 0 0 1 0 0 0 0 0 0 0 0 0 0 0 0 0 0 0 0 0 0 0 0 0 0 0 0 0 0 0 0 0 0 0 0 0]	2026-08-15_19-12-22	[0 0 0 0 0 1 1 0 0 1 0 0 0 0 0 0 0 0 0 0 0 0 0 0 0 0 0 0 0 0 0 0 0 0 0 1 0 0 0 0 0 0 0 0 0 0 0 0 0 0 0 0 0 0 0 0 0 0 0 0 0 0 0 0 0 0 0 1 1 0 0 0 0]	2026-08-15_19-12-22	[10]	2026-08-15_19-12-22	[0 1 0 0 0]	2026-08-15_19-12-22	[0 0 0 0 1]	2026-08-15_19-12-22	[0 0 0 0 0 0 0 0 1 0 0 0 0 0 0 0 0 0 0 0 0 0 0 0 0 0 0 1 0 0 0 0 0 0 0 0 0 0 0 1 0 0 0 0 0 0 0 0 0 0 0 0 0 0 0 0 0 0 0 0 0 0 0 0 0 0 0 0 0 0 0 0 0]	2026-08-15_19-12-22	[0 0 0 0 0 1 1 0 0 1 0 0 0 0 0 0 0 0 0 0 0 0 0 0 0 0 0 0 0 0 0 0 0 0 0 0 0 0 0 0 0 0 0 0 0 0 0 0 0 0 0 0 0 0 0 0 0 0 0 0 0 0 0 0 0 0 0 1 1 0 0 0 0]	2026-08-15_19-12-22	[2]	2026-08-15_19-12-22
2	2026-08-15_19-12-22	-0.5	2026-08-15_19-12-22	11.036470413208008	2026-08-15_19-12-22	1.6873183250427246	2026-08-15_19-12-22	1.5817524194717407	2026-08-15_19-12-22	3.839704990386963	2026-08-15_19-12-22	3.927694797515869	2026-08-15_19-12-22	True	2026-08-15_19-12-22	[0 1 0 0 0]	2026-08-15_19-12-22	[0 0 0 0 1]	2026-08-15_19-12-22	[0 0 0 0 0 0 0 0 1 0 0 0 0 0 0 0 0 0 0 0 0 0 0 0 0 0 0 1 0 0 0 0 0 0 0 0 0 0 0 1 0 0 0 0 0 0 0 0 0 0 0 0 0 0 0 0 0 0 0 0 0 0 0 0 0 0 0 0 0 0 0 0 0]	2026-08-15_19-12-22	[0 0 0 0 0 1 1 0 0 1 0 0 0 0 0 0 0 0 0 0 0 0 0 0 0 0 0 0 0 0 0 0 0 0 0 0 0 0 0 0 0 0 0 0 0 0 0 0 0 0 0 0 0 0 0 0 0 0 0 0 0 0 0 0 0 0 0 1 1 0 0 0 0]	2026-08-15_19-12-22	[2]	2026-08-15_19-12-22	[0 0 0 0 0]	2026-08-15_19-12-22	[0 0 0 0 0]	2026-08-15_19-12-22	[0 0 0 0 0 0 0 0 1 0 0 0 0 0 0 0 0 0 0 0 0 0 0 0 0 0 0 1 0 0 0 0 0 0 0 0 0 0 0 0 0 0 0 0 0 0 0 0 0 0 0 0 0 0 0 0 0 0 0 0 0 0 0 0 0 0 0 0 0 0 0 0 0]	2026-08-15_19-12-22	[0 0 0 0 0 1 0 0 0 1 0 0 0 0 0 0 0 0 0 0 0 0 0 0 0 0 0 0 0 0 0 0 0 0 0 0 0 0 0 0 0 0 0 0 0 0 0 0 0 0 0 0 0 0 0 0 0 0 0 0 0 0 0 0 0 0 0 1 1 0 0 0 0]	2026-08-15_19-12-22	[10]	2026-08-15_19-12-22
2	2026-08-15_19-12-22	-0.8999999761581421	2026-08-15_19-12-22	10.546917915344238	2026-08-15_19-12-22	1.5161398649215698	2026-08-15_19-12-22	1.383536458015442	2026-08-15_19-12-22	3.791806221008301	2026-08-15_19-12-22	3.855435371398926	2026-08-15_19-12-22	True	2026-08-15_19-12-22	[0 0 0 0 0]	2026-08-15_19-12-22	[0 0 0 0 0]	2026-08-15_19-12-22	[0 0 0 0 0 0 0 0 1 0 0 0 0 0 0 0 0 0 0 0 0 0 0 0 0 0 0 1 0 0 0 0 0 0 0 0 0 0 0 0 0 0 0 0 0 0 0 0 0 0 0 0 0 0 0 0 0 0 0 0 0 0 0 0 0 0 0 0 0 0 0 0 0]	2026-08-15_19-12-22	[0 0 0 0 0 1 0 0 0 1 0 0 0 0 0 0 0 0 0 0 0 0 0 0 0 0 0 0 0 0 0 0 0 0 0 0 0 0 0 0 0 0 0 0 0 0 0 0 0 0 0 0 0 0 0 0 0 0 0 0 0 0 0 0 0 0 0 1 1 0 0 0 0]	2026-08-15_19-12-22	[10]	2026-08-15_19-12-22	[0 1 0 0 0]	2026-08-15_19-12-22	[0 0 0 0 1]	2026-08-15_19-12-22	[0 0 0 0 0 0 0 0 0 0 0 0 0 0 0 0 0 0 0 0 0 0 0 0 0 0 0 1 0 0 0 0 0 0 0 0 0 0 0 0 0 0 0 0 0 0 0 0 0 0 0 0 0 0 0 0 0 0 0 0 0 0 0 0 0 0 0 0 0 0 0 0 0]	2026-08-15_19-12-22	[0 0 0 0 0 1 0 0 0 1 0 0 0 0 0 0 0 0 0 0 0 0 0 0 0 0 0 0 0 0 0 0 0 0 0 1 0 0 0 0 0 0 0 0 0 0 0 0 0 0 0 0 0 0 0 0 0 0 0 0 0 0 0 0 0 0 0 1 1 0 0 0 0]	2026-08-15_19-12-22	[2]	2026-08-15_19-12-22
2	2026-08-15_19-12-22	-0.5	2026-08-15_19-12-22	10.940401077270508	2026-08-15_19-12-22	1.685167908668518	2026-08-15_19-12-22	1.5691499710083008	2026-08-15_19-12-22	3.791100025177002	2026-08-15_19-12-22	3.8949830532073975	2026-08-15_19-12-22	True	2026-08-15_19-12-22	[0 1 0 0 0]	2026-08-15_19-12-22	[0 0 0 0 1]	2026-08-15_19-12-22	[0 0 0 0 0 0 0 0 0 0 0 0 0 0 0 0 0 0 0 0 0 0 0 0 0 0 0 1 0 0 0 0 0 0 0 0 0 0 0 0 0 0 0 0 0 0 0 0 0 0 0 0 0 0 0 0 0 0 0 0 0 0 0 0 0 0 0 0 0 0 0 0 0]	2026-08-15_19-12-22	[0 0 0 0 0 1 0 0 0 1 0 0 0 0 0 0 0 0 0 0 0 0 0 0 0 0 0 0 0 0 0 0 0 0 0 1 0 0 0 0 0 0 0 0 0 0 0 0 0 0 0 0 0 0 0 0 0 0 0 0 0 0 0 0 0 0 0 1 1 0 0 0 0]	2026-08-15_19-12-22	[2]	2026-08-15_19-12-22	[0 0 0 0 0]	2026-08-15_19-12-22	[0 0 0 0 0]	2026-08-15_19-12-22	[0 0 0 0 0 0 0 0 0 0 0 0 0 0 0 0 0 0 0 0 0 0 0 0 0 0 0 1 0 0 0 0 0 0 0 0 0 0 0 1 0 0 0 0 0 0 0 0 0 0 0 0 0 0 0 0 0 0 0 0 0 0 0 0 0 0 0 0 0 0 0 0 0]	2026-08-15_19-12-22	[0 0 0 0 0 1 1 0 0 1 0 0 0 0 0 0 0 0 0 0 0 0 0 0 0 0 0 0 0 0 0 0 0 0 0 1 0 0 0 0 0 0 0 0 0 0 0 0 0 0 0 0 0 0 0 0 0 0 0 0 0 0 0 0 0 0 0 1 1 0 0 0 0]	2026-08-15_19-12-22	[10]	2026-08-15_19-12-22
2	2026-08-15_19-12-22	-0.8999999761581421	2026-08-15_19-12-22	10.623201370239258	2026-08-15_19-12-22	1.5220246315002441	2026-08-15_19-12-22	1.428847074508667	2026-08-15_19-12-22	3.8654704093933105	2026-08-15_19-12-22	3.806858777999878	2026-08-15_19-12-22	True	2026-08-15_19-12-22	[0 0 0 0 0]	2026-08-15_19-12-22	[0 0 0 0 0]	2026-08-15_19-12-22	[0 0 0 0 0 0 0 0 0 0 0 0 0 0 0 0 0 0 0 0 0 0 0 0 0 0 0 1 0 0 0 0 0 0 0 0 0 0 0 1 0 0 0 0 0 0 0 0 0 0 0 0 0 0 0 0 0 0 0 0 0 0 0 0 0 0 0 0 0 0 0 0 0]	2026-08-15_19-12-22	[0 0 0 0 0 1 1 0 0 1 0 0 0 0 0 0 0 0 0 0 0 0 0 0 0 0 0 0 0 0 0 0 0 0 0 1 0 0 0 0 0 0 0 0 0 0 0 0 0 0 0 0 0 0 0 0 0 0 0 0 0 0 0 0 0 0 0 1 1 0 0 0 0]	2026-08-15_19-12-22	[10]	2026-08-15_19-12-22	[0 1 0 0 0]	2026-08-15_19-12-22	[0 0 0 0 1]	2026-08-15_19-12-22	[0 0 0 0 0 0 0 0 1 0 0 0 0 0 0 0 0 0 0 0 0 0 0 0 0 0 0 1 0 0 0 0 0 0 0 0 0 0 0 1 0 0 0 0 0 0 0 0 0 0 0 0 0 0 0 0 0 0 0 0 0 0 0 0 0 0 0 0 0 0 0 0 0]	2026-08-15_19-12-22	[0 0 0 0 0 1 1 0 0 1 0 0 0 0 0 0 0 0 0 0 0 0 0 0 0 0 0 0 0 0 0 0 0 0 0 0 0 0 0 0 0 0 0 0 0 0 0 0 0 0 0 0 0 0 0 0 0 0 0 0 0 0 0 0 0 0 0 1 1 0 0 0 0]	2026-08-15_19-12-22	[2]	2026-08-15_19-12-22
2	2026-08-15_19-12-23	-0.5	2026-08-15_19-12-23	11.01520824432373	2026-08-15_19-12-23	1.6853710412979126	2026-08-15_19-12-23	1.5806119441986084	2026-08-15_19-12-23	3.8235936164855957	2026-08-15_19-12-23	3.925631523132324	2026-08-15_19-12-23	True	2026-08-15_19-12-23	[0 1 0 0 0]	2026-08-15_19-12-23	[0 0 0 0 1]	2026-08-15_19-12-23	[0 0 0 0 0 0 0 0 1 0 0 0 0 0 0 0 0 0 0 0 0 0 0 0 0 0 0 1 0 0 0 0 0 0 0 0 0 0 0 1 0 0 0 0 0 0 0 0 0 0 0 0 0 0 0 0 0 0 0 0 0 0 0 0 0 0 0 0 0 0 0 0 0]	2026-08-15_19-12-23	[0 0 0 0 0 1 1 0 0 1 0 0 0 0 0 0 0 0 0 0 0 0 0 0 0 0 0 0 0 0 0 0 0 0 0 0 0 0 0 0 0 0 0 0 0 0 0 0 0 0 0 0 0 0 0 0 0 0 0 0 0 0 0 0 0 0 0 1 1 0 0 0 0]	2026-08-15_19-12-23	[2]	2026-08-15_19-12-23	[0 0 0 0 0]	2026-08-15_19-12-23	[0 0 0 0 0]	2026-08-15_19-12-23	[0 0 0 0 0 0 0 0 1 0 0 0 0 0 0 0 0 0 0 0 0 0 0 0 0 0 0 1 0 0 0 0 0 0 0 0 0 0 0 0 0 0 0 0 0 0 0 0 0 0 0 0 0 0 0 0 0 0 0 0 0 0 0 0 0 0 0 0 0 0 0 0 0]	2026-08-15_19-12-23	[0 0 0 0 0 1 0 0 0 1 0 0 0 0 0 0 0 0 0 0 0 0 0 0 0 0 0 0 0 0 0 0 0 0 0 0 0 0 0 0 0 0 0 0 0 0 0 0 0 0 0 0 0 0 0 0 0 0 0 0 0 0 0 0 0 0 0 1 1 0 0 0 0]	2026-08-15_19-12-23	[10]	2026-08-15_19-12-23
2	2026-08-15_19-12-23	-0.8999999761581421	2026-08-15_19-12-23	10.536690711975098	2026-08-15_19-12-23	1.5082404613494873	2026-08-15_19-12-23	1.4039568901062012	2026-08-15_19-12-23	3.8123342990875244	2026-08-15_19-12-23	3.8121590614318848	2026-08-15_19-12-23	True	2026-08-15_19-12-23	[0 0 0 0 0]	2026-08-15_19-12-23	[0 0 0 0 0]	2026-08-15_19-12-23	[0 0 0 0 0 0 0 0 1 0 0 0 0 0 0 0 0 0 0 0 0 0 0 0 0 0 0 1 0 0 0 0 0 0 0 0 0 0 0 0 0 0 0 0 0 0 0 0 0 0 0 0 0 0 0 0 0 0 0 0 0 0 0 0 0 0 0 0 0 0 0 0 0]	2026-08-15_19-12-23	[0 0 0 0 0 1 0 0 0 1 0 0 0 0 0 0 0 0 0 0 0 0 0 0 0 0 0 0 0 0 0 0 0 0 0 0 0 0 0 0 0 0 0 0 0 0 0 0 0 0 0 0 0 0 0 0 0 0 0 0 0 0 0 0 0 0 0 1 1 0 0 0 0]	2026-08-15_19-12-23	[10]	2026-08-15_19-12-23	[0 1 0 0 0]	2026-08-15_19-12-23	[0 0 0 0 1]	2026-08-15_19-12-23	[0 0 0 0 0 0 0 0 0 0 0 0 0 0 0 0 0 0 0 0 0 0 0 0 0 0 0 1 0 0 0 0 0 0 0 0 0 0 0 0 0 0 0 0 0 0 0 0 0 0 0 0 0 0 0 0 0 0 0 0 0 0 0 0 0 0 0 0 0 0 0 0 0]	2026-08-15_19-12-23	[0 0 0 0 0 0 0 0 0 1 0 0 0 0 0 0 0 0 0 0 0 0 0 0 0 0 0 0 0 0 0 0 0 0 0 0 0 0 0 0 0 0 0 0 0 0 0 0 0 0 0 0 0 0 0 0 0 0 0 0 0 0 0 0 0 0 0 1 1 0 0 0 0]	2026-08-15_19-12-23	[2]	2026-08-15_19-12-23
2	2026-08-15_19-12-23	-0.5	2026-08-15_19-12-23	10.82469654083252	2026-08-15_19-12-23	1.69392728805542	2026-08-15_19-12-23	1.5640629529953003	2026-08-15_19-12-23	3.7464447021484375	2026-08-15_19-12-23	3.8202617168426514	2026-08-15_19-12-23	True	2026-08-15_19-12-23	[0 1 0 0 0]	2026-08-15_19-12-23	[0 0 0 0 1]	2026-08-15_19-12-23	[0 0 0 0 0 0 0 0 0 0 0 0 0 0 0 0 0 0 0 0 0 0 0 0 0 0 0 1 0 0 0 0 0 0 0 0 0 0 0 0 0 0 0 0 0 0 0 0 0 0 0 0 0 0 0 0 0 0 0 0 0 0 0 0 0 0 0 0 0 0 0 0 0]	2026-08-15_19-12-23	[0 0 0 0 0 0 0 0 0 1 0 0 0 0 0 0 0 0 0 0 0 0 0 0 0 0 0 0 0 0 0 0 0 0 0 0 0 0 0 0 0 0 0 0 0 0 0 0 0 0 0 0 0 0 0 0 0 0 0 0 0 0 0 0 0 0 0 1 1 0 0 0 0]	2026-08-15_19-12-23	[2]	2026-08-15_19-12-23	[0 0 0 0 0]	2026-08-15_19-12-23	[0 0 0 0 0]	2026-08-15_19-12-23	[0 0 0 0 0 0 0 0 0 0 0 0 0 0 0 0 0 0 0 0 0 0 0 0 0 0 0 1 0 0 0 0 0 0 0 0 0 0 0 1 0 0 0 0 0 0 0 0 0 0 0 0 0 0 0 0 0 0 0 0 0 0 0 0 0 0 0 0 0 0 0 0 0]	2026-08-15_19-12-23	[0 0 0 0 0 0 1 0 0 1 0 0 0 0 0 0 0 0 0 0 0 0 0 0 0 0 0 0 0 0 0 0 0 0 0 0 0 0 0 0 0 0 0 0 0 0 0 0 0 0 0 0 0 0 0 0 0 0 0 0 0 0 0 0 0 0 0 1 1 0 0 0 0]	2026-08-15_19-12-23	[10]	2026-08-15_19-12-23
2	2026-08-15_19-12-23	-0.8999999761581421	2026-08-15_19-12-23	10.63149356842041	2026-08-15_19-12-23	1.522109031677246	2026-08-15_19-12-23	1.4359443187713623	2026-08-15_19-12-23	3.873218536376953	2026-08-15_19-12-23	3.8002214431762695	2026-08-15_19-12-23	True	2026-08-15_19-12-23	[0 0 0 0 0]	2026-08-15_19-12-23	[0 0 0 0 0]	2026-08-15_19-12-23	[0 0 0 0 0 0 0 0 0 0 0 0 0 0 0 0 0 0 0 0 0 0 0 0 0 0 0 1 0 0 0 0 0 0 0 0 0 0 0 1 0 0 0 0 0 0 0 0 0 0 0 0 0 0 0 0 0 0 0 0 0 0 0 0 0 0 0 0 0 0 0 0 0]	2026-08-15_19-12-23	[0 0 0 0 0 0 1 0 0 1 0 0 0 0 0 0 0 0 0 0 0 0 0 0 0 0 0 0 0 0 0 0 0 0 0 0 0 0 0 0 0 0 0 0 0 0 0 0 0 0 0 0 0 0 0 0 0 0 0 0 0 0 0 0 0 0 0 1 1 0 0 0 0]	2026-08-15_19-12-23	[10]	2026-08-15_19-12-23	[0 1 0 0 0]	2026-08-15_19-12-23	[0 0 0 0 1]	2026-08-15_19-12-23	[0 0 0 0 0 0 0 0 1 0 0 0 0 0 0 0 0 0 0 0 0 0 0 0 0 0 0 1 0 0 0 0 0 0 0 0 0 0 0 1 0 0 0 0 0 0 0 0 0 0 0 0 0 0 0 0 0 0 0 0 0 0 0 0 0 0 0 0 0 0 0 0 0]	2026-08-15_19-12-23	[0 0 0 0 0 0 1 0 0 1 0 0 0 0 0 0 0 0 0 0 0 0 0 0 0 0 0 0 0 0 0 0 0 0 0 1 0 0 0 0 0 0 0 0 0 0 0 0 0 0 0 0 0 0 0 0 0 0 0 0 0 0 0 0 0 0 0 1 1 0 0 0 0]	2026-08-15_19-12-23	[2]	2026-08-15_19-12-23
2	2026-08-15_19-12-23	-0.5	2026-08-15_19-12-23	11.025275230407715	2026-08-15_19-12-23	1.6891295909881592	2026-08-15_19-12-23	1.584676742553711	2026-08-15_19-12-23	3.828953266143799	2026-08-15_19-12-23	3.922515869140625	2026-08-15_19-12-23	True	2026-08-15_19-12-23	[0 1 0 0 0]	2026-08-15_19-12-23	[0 0 0 0 1]	2026-08-15_19-12-23	[0 0 0 0 0 0 0 0 1 0 0 0 0 0 0 0 0 0 0 0 0 0 0 0 0 0 0 1 0 0 0 0 0 0 0 0 0 0 0 1 0 0 0 0 0 0 0 0 0 0 0 0 0 0 0 0 0 0 0 0 0 0 0 0 0 0 0 0 0 0 0 0 0]	2026-08-15_19-12-23	[0 0 0 0 0 0 1 0 0 1 0 0 0 0 0 0 0 0 0 0 0 0 0 0 0 0 0 0 0 0 0 0 0 0 0 1 0 0 0 0 0 0 0 0 0 0 0 0 0 0 0 0 0 0 0 0 0 0 0 0 0 0 0 0 0 0 0 1 1 0 0 0 0]	2026-08-15_19-12-23	[2]	2026-08-15_19-12-23	[0 0 0 0 0]	2026-08-15_19-12-23	[0 0 0 0 0]	2026-08-15_19-12-23	[0 0 0 0 0 0 0 0 1 0 0 0 0 0 0 0 0 0 0 0 0 0 0 0 0 0 0 1 0 0 0 0 0 0 0 0 0 0 0 0 0 0 0 0 0 0 0 0 0 0 0 0 0 0 0 0 0 0 0 0 0 0 0 0 0 0 0 0 0 0 0 0 0]	2026-08-15_19-12-23	[0 0 0 0 0 0 0 0 0 1 0 0 0 0 0 0 0 0 0 0 0 0 0 0 0 0 0 0 0 0 0 0 0 0 0 1 0 0 0 0 0 0 0 0 0 0 0 0 0 0 0 0 0 0 0 0 0 0 0 0 0 0 0 0 0 0 0 1 1 0 0 0 0]	2026-08-15_19-12-23	[10]	2026-08-15_19-12-23
2	2026-08-15_19-12-23	-0.8999999761581421	2026-08-15_19-12-23	10.556533813476562	2026-08-15_19-12-23	1.5124379396438599	2026-08-15_19-12-23	1.3842964172363281	2026-08-15_19-12-23	3.814971923828125	2026-08-15_19-12-23	3.844827651977539	2026-08-15_19-12-23	True	2026-08-15_19-12-23	[0 0 0 0 0]	2026-08-15_19-12-23	[0 0 0 0 0]	2026-08-15_19-12-23	[0 0 0 0 0 0 0 0 1 0 0 0 0 0 0 0 0 0 0 0 0 0 0 0 0 0 0 1 0 0 0 0 0 0 0 0 0 0 0 0 0 0 0 0 0 0 0 0 0 0 0 0 0 0 0 0 0 0 0 0 0 0 0 0 0 0 0 0 0 0 0 0 0]	2026-08-15_19-12-23	[0 0 0 0 0 0 0 0 0 1 0 0 0 0 0 0 0 0 0 0 0 0 0 0 0 0 0 0 0 0 0 0 0 0 0 1 0 0 0 0 0 0 0 0 0 0 0 0 0 0 0 0 0 0 0 0 0 0 0 0 0 0 0 0 0 0 0 1 1 0 0 0 0]	2026-08-15_19-12-23	[10]	2026-08-15_19-12-23	[0 1 0 0 0]	2026-08-15_19-12-23	[0 0 0 0 1]	2026-08-15_19-12-23	[0 0 0 0 0 0 0 0 0 0 0 0 0 0 0 0 0 0 0 0 0 0 0 0 0 0 0 1 0 0 0 0 0 0 0 0 0 0 0 0 0 0 0 0 0 0 0 0 0 0 0 0 0 0 0 0 0 0 0 0 0 0 0 0 0 0 0 0 0 0 0 0 0]	2026-08-15_19-12-23	[0 0 0 0 0 0 0 0 0 1 0 0 0 0 0 0 0 0 0 0 0 0 0 0 0 0 0 0 0 0 0 0 0 0 0 0 0 0 0 0 0 0 0 0 0 0 0 0 0 0 0 0 0 0 0 0 0 0 0 0 0 0 0 0 0 0 0 1 1 0 0 0 0]	2026-08-15_19-12-23	[2]	2026-08-15_19-12-23
2	2026-08-15_19-12-23	-0.5	2026-08-15_19-12-23	10.810553550720215	2026-08-15_19-12-23	1.6893974542617798	2026-08-15_19-12-23	1.554235577583313	2026-08-15_19-12-23	3.737734317779541	2026-08-15_19-12-23	3.8291866779327393	2026-08-15_19-12-23	True	2026-08-15_19-12-23	[0 1 0 0 0]	2026-08-15_19-12-23	[0 0 0 0 1]	2026-08-15_19-12-23	[0 0 0 0 0 0 0 0 0 0 0 0 0 0 0 0 0 0 0 0 0 0 0 0 0 0 0 1 0 0 0 0 0 0 0 0 0 0 0 0 0 0 0 0 0 0 0 0 0 0 0 0 0 0 0 0 0 0 0 0 0 0 0 0 0 0 0 0 0 0 0 0 0]	2026-08-15_19-12-23	[0 0 0 0 0 0 0 0 0 1 0 0 0 0 0 0 0 0 0 0 0 0 0 0 0 0 0 0 0 0 0 0 0 0 0 0 0 0 0 0 0 0 0 0 0 0 0 0 0 0 0 0 0 0 0 0 0 0 0 0 0 0 0 0 0 0 0 1 1 0 0 0 0]	2026-08-15_19-12-23	[2]	2026-08-15_19-12-23	[0 0 0 0 0]	2026-08-15_19-12-23	[0 0 0 0 0]	2026-08-15_19-12-23	[0 0 0 0 0 0 0 0 0 0 0 0 0 0 0 0 0 0 0 0 0 0 0 0 0 0 0 1 0 0 0 0 0 0 0 0 0 0 0 1 0 0 0 0 0 0 0 0 0 0 0 0 0 0 0 0 0 0 0 0 0 0 0 0 0 0 0 0 0 0 0 0 0]	2026-08-15_19-12-23	[0 0 0 0 0 0 1 0 0 1 0 0 0 0 0 0 0 0 0 0 0 0 0 0 0 0 0 0 0 0 0 0 0 0 0 0 0 0 0 0 0 0 0 0 0 0 0 0 0 0 0 0 0 0 0 0 0 0 0 0 0 0 0 0 0 0 0 1 1 0 0 0 0]	2026-08-15_19-12-23	[10]	2026-08-15_19-12-23
2	2026-08-15_19-12-23	-0.8999999761581421	2026-08-15_19-12-23	10.607156753540039	2026-08-15_19-12-23	1.5138288736343384	2026-08-15_19-12-23	1.4288749694824219	2026-08-15_19-12-23	3.868884563446045	2026-08-15_19-12-23	3.7955689430236816	2026-08-15_19-12-23	True	2026-08-15_19-12-23	[0 0 0 0 0]	2026-08-15_19-12-23	[0 0 0 0 0]	2026-08-15_19-12-23	[0 0 0 0 0 0 0 0 0 0 0 0 0 0 0 0 0 0 0 0 0 0 0 0 0 0 0 1 0 0 0 0 0 0 0 0 0 0 0 1 0 0 0 0 0 0 0 0 0 0 0 0 0 0 0 0 0 0 0 0 0 0 0 0 0 0 0 0 0 0 0 0 0]	2026-08-15_19-12-23	[0 0 0 0 0 0 1 0 0 1 0 0 0 0 0 0 0 0 0 0 0 0 0 0 0 0 0 0 0 0 0 0 0 0 0 0 0 0 0 0 0 0 0 0 0 0 0 0 0 0 0 0 0 0 0 0 0 0 0 0 0 0 0 0 0 0 0 1 1 0 0 0 0]	2026-08-15_19-12-23	[10]	2026-08-15_19-12-23	[0 1 0 0 0]	2026-08-15_19-12-23	[0 0 0 0 1]	2026-08-15_19-12-23	[0 0 0 0 0 0 0 0 1 0 0 0 0 0 0 0 0 0 0 0 0 0 0 0 0 0 0 1 0 0 0 0 0 0 0 0 0 0 0 1 0 0 0 0 0 0 0 0 0 0 0 0 0 0 0 0 0 0 0 0 0 0 0 0 0 0 0 0 0 0 0 0 0]	2026-08-15_19-12-23	[0 0 0 0 0 0 1 0 0 1 0 0 0 0 0 0 0 0 0 0 0 0 0 0 0 0 0 0 0 0 0 0 0 0 0 1 0 0 0 0 0 0 0 0 0 0 0 0 0 0 0 0 0 0 0 0 0 0 0 0 0 0 0 0 0 0 0 1 1 0 0 0 0]	2026-08-15_19-12-23	[2]	2026-08-15_19-12-23
2	2026-08-15_19-12-23	-0.5	2026-08-15_19-12-23	10.9699068069458	2026-08-15_19-12-23	1.6857163906097412	2026-08-15_19-12-23	1.5819445848464966	2026-08-15_19-12-23	3.7976503372192383	2026-08-15_19-12-23	3.904595136642456	2026-08-15_19-12-23	True	2026-08-15_19-12-23	[0 1 0 0 0]	2026-08-15_19-12-23	[0 0 0 0 1]	2026-08-15_19-12-23	[0 0 0 0 0 0 0 0 1 0 0 0 0 0 0 0 0 0 0 0 0 0 0 0 0 0 0 1 0 0 0 0 0 0 0 0 0 0 0 1 0 0 0 0 0 0 0 0 0 0 0 0 0 0 0 0 0 0 0 0 0 0 0 0 0 0 0 0 0 0 0 0 0]	2026-08-15_19-12-23	[0 0 0 0 0 0 1 0 0 1 0 0 0 0 0 0 0 0 0 0 0 0 0 0 0 0 0 0 0 0 0 0 0 0 0 1 0 0 0 0 0 0 0 0 0 0 0 0 0 0 0 0 0 0 0 0 0 0 0 0 0 0 0 0 0 0 0 1 1 0 0 0 0]	2026-08-15_19-12-23	[2]	2026-08-15_19-12-23	[0 0 0 0 0]	2026-08-15_19-12-23	[0 0 0 0 0]	2026-08-15_19-12-23	[0 0 0 0 0 0 0 0 1 0 0 0 0 0 0 0 0 0 0 0 0 0 0 0 0 0 0 1 0 0 0 0 0 0 0 0 0 0 0 0 0 0 0 0 0 0 0 0 0 0 0 0 0 0 0 0 0 0 0 0 0 0 0 0 0 0 0 0 0 0 0 0 0]	2026-08-15_19-12-23	[0 0 0 0 0 0 0 0 0 1 0 0 0 0 0 0 0 0 0 0 0 0 0 0 0 0 0 0 0 0 0 0 0 0 0 1 0 0 0 0 0 0 0 0 0 0 0 0 0 0 0 0 0 0 0 0 0 0 0 0 0 0 0 0 0 0 0 1 1 0 0 0 0]	2026-08-15_19-12-23	[10]	2026-08-15_19-12-23
2	2026-08-15_19-12-23	-0.8999999761581421	2026-08-15_19-12-23	10.563036918640137	2026-08-15_19-12-23	1.5091907978057861	2026-08-15_19-12-23	1.4073395729064941	2026-08-15_19-12-23	3.8327810764312744	2026-08-15_19-12-23	3.813725709915161	2026-08-15_19-12-23	True	2026-08-15_19-12-23	[0 0 0 0 0]	2026-08-15_19-12-23	[0 0 0 0 0]	2026-08-15_19-12-23	[0 0 0 0 0 0 0 0 1 0 0 0 0 0 0 0 0 0 0 0 0 0 0 0 0 0 0 1 0 0 0 0 0 0 0 0 0 0 0 0 0 0 0 0 0 0 0 0 0 0 0 0 0 0 0 0 0 0 0 0 0 0 0 0 0 0 0 0 0 0 0 0 0]	2026-08-15_19-12-23	[0 0 0 0 0 0 0 0 0 1 0 0 0 0 0 0 0 0 0 0 0 0 0 0 0 0 0 0 0 0 0 0 0 0 0 1 0 0 0 0 0 0 0 0 0 0 0 0 0 0 0 0 0 0 0 0 0 0 0 0 0 0 0 0 0 0 0 1 1 0 0 0 0]	2026-08-15_19-12-23	[10]	2026-08-15_19-12-23	[0 1 0 0 0]	2026-08-15_19-12-23	[0 0 0 0 1]	2026-08-15_19-12-23	[0 0 0 0 0 0 0 0 0 0 0 0 0 0 0 0 0 0 0 0 0 0 0 0 0 0 0 1 0 0 0 0 0 0 0 0 0 0 0 0 0 0 0 0 0 0 0 0 0 0 0 0 0 0 0 0 0 0 0 0 0 0 0 0 0 0 0 0 0 0 0 0 0]	2026-08-15_19-12-23	[0 0 0 0 0 0 0 0 0 1 0 0 0 0 0 0 0 0 0 0 0 0 0 0 0 0 0 0 0 0 0 0 0 0 0 0 0 0 0 0 0 0 0 0 0 0 0 0 0 0 0 0 0 0 0 0 0 0 0 0 0 0 0 0 0 0 0 1 1 0 0 0 0]	2026-08-15_19-12-23	[2]	2026-08-15_19-12-23
2	2026-08-15_19-12-23	-0.5	2026-08-15_19-12-23	10.749635696411133	2026-08-15_19-12-23	1.682403326034546	2026-08-15_19-12-23	1.5409233570098877	2026-08-15_19-12-23	3.7041032314300537	2026-08-15_19-12-23	3.8222055435180664	2026-08-15_19-12-23	True	2026-08-15_19-12-23	[0 1 0 0 0]	2026-08-15_19-12-23	[0 0 0 0 1]	2026-08-15_19-12-23	[0 0 0 0 0 0 0 0 0 0 0 0 0 0 0 0 0 0 0 0 0 0 0 0 0 0 0 1 0 0 0 0 0 0 0 0 0 0 0 0 0 0 0 0 0 0 0 0 0 0 0 0 0 0 0 0 0 0 0 0 0 0 0 0 0 0 0 0 0 0 0 0 0]	2026-08-15_19-12-23	[0 0 0 0 0 0 0 0 0 1 0 0 0 0 0 0 0 0 0 0 0 0 0 0 0 0 0 0 0 0 0 0 0 0 0 0 0 0 0 0 0 0 0 0 0 0 0 0 0 0 0 0 0 0 0 0 0 0 0 0 0 0 0 0 0 0 0 1 1 0 0 0 0]	2026-08-15_19-12-23	[2]	2026-08-15_19-12-23	[0 0 0 0 0]	2026-08-15_19-12-23	[0 0 0 0 0]	2026-08-15_19-12-23	[0 0 0 0 0 0 0 0 0 0 0 0 0 0 0 0 0 0 0 0 0 0 0 0 0 0 0 1 0 0 0 0 0 0 0 0 0 0 0 1 0 0 0 0 0 0 0 0 0 0 0 0 0 0 0 0 0 0 0 0 0 0 0 0 0 0 0 0 0 0 0 0 0]	2026-08-15_19-12-23	[0 0 0 0 0 0 1 0 0 1 0 0 0 0 0 0 0 0 0 0 0 0 0 0 0 0 0 0 0 0 0 0 0 0 0 0 0 0 0 0 0 0 0 0 0 0 0 0 0 0 0 0 0 0 0 0 0 0 0 0 0 0 0 0 0 0 0 1 1 0 0 0 0]	2026-08-15_19-12-23	[10]	2026-08-15_19-12-23
2	2026-08-15_19-12-24	-0.8999999761581421	2026-08-15_19-12-24	10.587882995605469	2026-08-15_19-12-24	1.5137791633605957	2026-08-15_19-12-24	1.437619924545288	2026-08-15_19-12-24	3.8604257106781006	2026-08-15_19-12-24	3.7760586738586426	2026-08-15_19-12-24	True	2026-08-15_19-12-24	[0 0 0 0 0]	2026-08-15_19-12-24	[0 0 0 0 0]	2026-08-15_19-12-24	[0 0 0 0 0 0 0 0 0 0 0 0 0 0 0 0 0 0 0 0 0 0 0 0 0 0 0 1 0 0 0 0 0 0 0 0 0 0 0 1 0 0 0 0 0 0 0 0 0 0 0 0 0 0 0 0 0 0 0 0 0 0 0 0 0 0 0 0 0 0 0 0 0]	2026-08-15_19-12-24	[0 0 0 0 0 0 1 0 0 1 0 0 0 0 0 0 0 0 0 0 0 0 0 0 0 0 0 0 0 0 0 0 0 0 0 0 0 0 0 0 0 0 0 0 0 0 0 0 0 0 0 0 0 0 0 0 0 0 0 0 0 0 0 0 0 0 0 1 1 0 0 0 0]	2026-08-15_19-12-24	[10]	2026-08-15_19-12-24	[0 1 0 0 0]	2026-08-15_19-12-24	[0 0 0 0 1]	2026-08-15_19-12-24	[0 0 0 0 0 0 0 0 0 0 0 0 0 0 0 0 0 0 0 0 0 0 0 0 0 0 0 1 0 0 0 0 0 0 0 0 0 0 0 1 0 0 0 0 0 0 0 0 0 0 0 0 0 0 0 0 0 0 0 0 0 0 0 0 0 0 0 0 0 1 0 0 0]	2026-08-15_19-12-24	[0 0 0 0 0 0 1 0 0 1 0 0 0 0 0 0 0 0 0 0 0 0 0 0 0 0 0 0 0 0 0 0 0 0 0 1 0 0 0 0 0 0 0 0 0 0 0 0 0 0 0 0 0 0 0 0 0 0 0 0 0 0 0 0 0 0 0 1 1 0 0 0 0]	2026-08-15_19-12-24	[2]	2026-08-15_19-12-24
2	2026-08-15_19-12-24	-0.8999999761581421	2026-08-15_19-12-24	11.020486831665039	2026-08-15_19-12-24	1.691392421722412	2026-08-15_19-12-24	1.5851908922195435	2026-08-15_19-12-24	3.831406593322754	2026-08-15_19-12-24	3.9124975204467773	2026-08-15_19-12-24	True	2026-08-15_19-12-24	[0 1 0 0 0]	2026-08-15_19-12-24	[0 0 0 0 1]	2026-08-15_19-12-24	[0 0 0 0 0 0 0 0 0 0 0 0 0 0 0 0 0 0 0 0 0 0 0 0 0 0 0 1 0 0 0 0 0 0 0 0 0 0 0 1 0 0 0 0 0 0 0 0 0 0 0 0 0 0 0 0 0 0 0 0 0 0 0 0 0 0 0 0 0 1 0 0 0]	2026-08-15_19-12-24	[0 0 0 0 0 0 1 0 0 1 0 0 0 0 0 0 0 0 0 0 0 0 0 0 0 0 0 0 0 0 0 0 0 0 0 1 0 0 0 0 0 0 0 0 0 0 0 0 0 0 0 0 0 0 0 0 0 0 0 0 0 0 0 0 0 0 0 1 1 0 0 0 0]	2026-08-15_19-12-24	[2]	2026-08-15_19-12-24	[0 1 0 0 1]	2026-08-15_19-12-24	[0 0 0 0 0]	2026-08-15_19-12-24	[0 0 0 0 0 0 0 0 0 0 0 0 0 0 0 0 0 0 0 0 0 0 0 0 0 0 0 1 0 0 0 0 0 0 0 0 0 0 0 0 0 0 0 0 0 0 0 0 0 0 0 0 0 0 0 0 0 0 0 0 0 0 0 0 0 0 0 0 0 1 0 0 0]	2026-08-15_19-12-24	[0 0 0 0 0 0 0 0 0 1 0 0 0 0 0 0 0 0 0 0 0 0 0 0 0 0 0 0 0 0 0 0 0 0 0 1 0 0 0 0 0 0 0 0 0 0 0 0 0 0 0 0 0 0 0 0 0 0 0 0 0 0 0 0 0 0 0 1 1 0 0 0 0]	2026-08-15_19-12-24	[2]	2026-08-15_19-12-24
2	2026-08-15_19-12-24	-0.8999999761581421	2026-08-15_19-12-24	10.954254150390625	2026-08-15_19-12-24	1.6882381439208984	2026-08-15_19-12-24	1.565263032913208	2026-08-15_19-12-24	3.807485580444336	2026-08-15_19-12-24	3.8932676315307617	2026-08-15_19-12-24	True	2026-08-15_19-12-24	[0 1 0 0 1]	2026-08-15_19-12-24	[0 0 0 0 0]	2026-08-15_19-12-24	[0 0 0 0 0 0 0 0 0 0 0 0 0 0 0 0 0 0 0 0 0 0 0 0 0 0 0 1 0 0 0 0 0 0 0 0 0 0 0 0 0 0 0 0 0 0 0 0 0 0 0 0 0 0 0 0 0 0 0 0 0 0 0 0 0 0 0 0 0 1 0 0 0]	2026-08-15_19-12-24	[0 0 0 0 0 0 0 0 0 1 0 0 0 0 0 0 0 0 0 0 0 0 0 0 0 0 0 0 0 0 0 0 0 0 0 1 0 0 0 0 0 0 0 0 0 0 0 0 0 0 0 0 0 0 0 0 0 0 0 0 0 0 0 0 0 0 0 1 1 0 0 0 0]	2026-08-15_19-12-24	[2]	2026-08-15_19-12-24	[0 0 0 0 1]	2026-08-15_19-12-24	[0 0 0 0 1]	2026-08-15_19-12-24	[0 0 0 0 0 0 0 0 0 0 0 0 0 0 0 0 0 0 0 0 0 0 0 0 0 0 0 1 0 0 0 0 0 0 0 0 0 0 0 1 0 0 0 0 0 0 0 0 0 0 0 0 0 0 0 0 0 0 0 0 0 0 0 0 0 0 0 0 0 1 0 0 0]	2026-08-15_19-12-24	[0 0 0 0 0 0 1 0 0 1 0 0 0 0 0 0 0 0 0 0 0 0 0 0 0 0 0 0 0 0 0 0 0 0 0 1 0 0 0 0 0 0 0 0 0 0 0 0 0 0 0 0 0 0 0 0 0 0 0 0 0 0 0 0 0 0 0 1 1 0 0 0 0]	2026-08-15_19-12-24	[2]	2026-08-15_19-12-24
2	2026-08-15_19-12-24	-0.8999999761581421	2026-08-15_19-12-24	11.11664867401123	2026-08-15_19-12-24	1.6601207256317139	2026-08-15_19-12-24	1.5903619527816772	2026-08-15_19-12-24	3.868964672088623	2026-08-15_19-12-24	3.997201442718506	2026-08-15_19-12-24	True	2026-08-15_19-12-24	[0 0 0 0 1]	2026-08-15_19-12-24	[0 0 0 0 1]	2026-08-15_19-12-24	[0 0 0 0 0 0 0 0 0 0 0 0 0 0 0 0 0 0 0 0 0 0 0 0 0 0 0 1 0 0 0 0 0 0 0 0 0 0 0 1 0 0 0 0 0 0 0 0 0 0 0 0 0 0 0 0 0 0 0 0 0 0 0 0 0 0 0 0 0 1 0 0 0]	2026-08-15_19-12-24	[0 0 0 0 0 0 1 0 0 1 0 0 0 0 0 0 0 0 0 0 0 0 0 0 0 0 0 0 0 0 0 0 0 0 0 1 0 0 0 0 0 0 0 0 0 0 0 0 0 0 0 0 0 0 0 0 0 0 0 0 0 0 0 0 0 0 0 1 1 0 0 0 0]	2026-08-15_19-12-24	[2]	2026-08-15_19-12-24	[0 1 0 0 1]	2026-08-15_19-12-24	[0 0 0 0 0]	2026-08-15_19-12-24	[0 0 0 0 0 0 0 0 0 0 0 0 0 0 0 0 0 0 0 0 0 0 0 0 0 0 0 1 0 0 0 0 0 0 0 0 0 0 0 0 0 0 0 0 0 0 0 0 0 0 0 0 0 0 0 0 0 0 0 0 0 0 0 0 0 0 0 0 0 1 0 0 0]	2026-08-15_19-12-24	[0 0 0 0 0 0 0 0 0 1 0 0 0 0 0 0 0 0 0 0 0 0 0 0 0 0 0 0 0 0 0 0 0 0 0 1 0 0 0 0 0 0 0 0 0 0 0 0 0 0 0 0 0 0 0 0 0 0 0 0 0 0 0 0 0 0 0 1 1 0 0 0 0]	2026-08-15_19-12-24	[2]	2026-08-15_19-12-24
2	2026-08-15_19-12-24	-0.8999999761581421	2026-08-15_19-12-24	11.09334945678711	2026-08-15_19-12-24	1.6811609268188477	2026-08-15_19-12-24	1.5886452198028564	2026-08-15_19-12-24	3.8637020587921143	2026-08-15_19-12-24	3.959841012954712	2026-08-15_19-12-24	True	2026-08-15_19-12-24	[0 1 0 0 1]	2026-08-15_19-12-24	[0 0 0 0 0]	2026-08-15_19-12-24	[0 0 0 0 0 0 0 0 0 0 0 0 0 0 0 0 0 0 0 0 0 0 0 0 0 0 0 1 0 0 0 0 0 0 0 0 0 0 0 0 0 0 0 0 0 0 0 0 0 0 0 0 0 0 0 0 0 0 0 0 0 0 0 0 0 0 0 0 0 1 0 0 0]	2026-08-15_19-12-24	[0 0 0 0 0 0 0 0 0 1 0 0 0 0 0 0 0 0 0 0 0 0 0 0 0 0 0 0 0 0 0 0 0 0 0 1 0 0 0 0 0 0 0 0 0 0 0 0 0 0 0 0 0 0 0 0 0 0 0 0 0 0 0 0 0 0 0 1 1 0 0 0 0]	2026-08-15_19-12-24	[2]	2026-08-15_19-12-24	[0 0 0 0 1]	2026-08-15_19-12-24	[0 0 0 0 1]	2026-08-15_19-12-24	[0 0 0 0 0 0 0 0 0 0 0 0 0 0 0 0 0 0 0 0 0 0 0 0 0 0 0 1 0 0 0 0 0 0 0 0 0 0 0 1 0 0 0 0 0 0 0 0 0 0 0 0 0 0 0 0 0 0 0 0 0 0 0 0 0 0 0 0 0 1 0 0 0]	2026-08-15_19-12-24	[0 0 0 0 0 0 1 0 0 1 0 0 0 0 0 0 0 0 0 0 0 0 0 0 0 0 0 0 0 0 0 0 0 0 0 1 0 0 0 0 0 0 0 0 0 0 0 0 0 0 0 0 0 0 0 0 0 0 0 0 0 0 0 0 0 0 0 1 1 0 0 0 0]	2026-08-15_19-12-24	[2]	2026-08-15_19-12-24
2	2026-08-15_19-12-24	-0.8999999761581421	2026-08-15_19-12-24	11.121332168579102	2026-08-15_19-12-24	1.6815441846847534	2026-08-15_19-12-24	1.593961238861084	2026-08-15_19-12-24	3.8740482330322266	2026-08-15_19-12-24	3.9717788696289062	2026-08-15_19-12-24	True	2026-08-15_19-12-24	[0 0 0 0 1]	2026-08-15_19-12-24	[0 0 0 0 1]	2026-08-15_19-12-24	[0 0 0 0 0 0 0 0 0 0 0 0 0 0 0 0 0 0 0 0 0 0 0 0 0 0 0 1 0 0 0 0 0 0 0 0 0 0 0 1 0 0 0 0 0 0 0 0 0 0 0 0 0 0 0 0 0 0 0 0 0 0 0 0 0 0 0 0 0 1 0 0 0]	2026-08-15_19-12-24	[0 0 0 0 0 0 1 0 0 1 0 0 0 0 0 0 0 0 0 0 0 0 0 0 0 0 0 0 0 0 0 0 0 0 0 1 0 0 0 0 0 0 0 0 0 0 0 0 0 0 0 0 0 0 0 0 0 0 0 0 0 0 0 0 0 0 0 1 1 0 0 0 0]	2026-08-15_19-12-24	[2]	2026-08-15_19-12-24	[0 1 0 0 1]	2026-08-15_19-12-24	[0 0 0 0 0]	2026-08-15_19-12-24	[0 0 0 0 0 0 0 0 0 0 0 0 0 0 0 0 0 0 0 0 0 0 0 0 0 0 0 1 0 0 0 0 0 0 0 0 0 0 0 0 0 0 0 0 0 0 0 0 0 0 0 0 0 0 0 0 0 0 0 0 0 0 0 0 0 0 0 0 0 1 0 0 0]	2026-08-15_19-12-24	[0 0 0 0 0 0 0 0 0 1 0 0 0 0 0 0 0 0 0 0 0 0 0 0 0 0 0 0 0 0 0 0 0 0 0 1 0 0 0 0 0 0 0 0 0 0 0 0 0 0 0 0 0 0 0 0 0 0 0 0 0 0 0 0 0 0 0 1 1 0 0 0 0]	2026-08-15_19-12-24	[2]	2026-08-15_19-12-24
2	2026-08-15_19-12-24	-0.8999999761581421	2026-08-15_19-12-24	11.197004318237305	2026-08-15_19-12-24	1.671944260597229	2026-08-15_19-12-24	1.6017414331436157	2026-08-15_19-12-24	3.9066576957702637	2026-08-15_19-12-24	4.016660690307617	2026-08-15_19-12-24	True	2026-08-15_19-12-24	[0 1 0 0 1]	2026-08-15_19-12-24	[0 0 0 0 0]	2026-08-15_19-12-24	[0 0 0 0 0 0 0 0 0 0 0 0 0 0 0 0 0 0 0 0 0 0 0 0 0 0 0 1 0 0 0 0 0 0 0 0 0 0 0 0 0 0 0 0 0 0 0 0 0 0 0 0 0 0 0 0 0 0 0 0 0 0 0 0 0 0 0 0 0 1 0 0 0]	2026-08-15_19-12-24	[0 0 0 0 0 0 0 0 0 1 0 0 0 0 0 0 0 0 0 0 0 0 0 0 0 0 0 0 0 0 0 0 0 0 0 1 0 0 0 0 0 0 0 0 0 0 0 0 0 0 0 0 0 0 0 0 0 0 0 0 0 0 0 0 0 0 0 1 1 0 0 0 0]	2026-08-15_19-12-24	[2]	2026-08-15_19-12-24	[0 0 0 0 1]	2026-08-15_19-12-24	[0 0 0 0 1]	2026-08-15_19-12-24	[0 0 0 0 0 0 0 0 0 0 0 0 0 0 0 0 0 0 0 0 0 0 0 0 0 0 0 1 0 0 0 0 0 0 0 0 0 0 0 1 0 0 0 0 0 0 0 0 0 0 0 0 0 0 0 0 0 0 0 0 0 0 0 0 0 0 0 0 0 1 0 0 0]	2026-08-15_19-12-24	[0 0 0 0 0 0 1 0 0 1 0 0 0 0 0 0 0 0 0 0 0 0 0 0 0 0 0 0 0 0 0 0 0 0 0 1 0 0 0 0 0 0 0 0 0 0 0 0 0 0 0 0 0 0 0 0 0 0 0 0 0 0 0 0 0 0 0 1 1 0 0 0 0]	2026-08-15_19-12-24	[2]	2026-08-15_19-12-24
2	2026-08-15_19-12-24	-0.8999999761581421	2026-08-15_19-12-24	11.086357116699219	2026-08-15_19-12-24	1.661769986152649	2026-08-15_19-12-24	1.5901131629943848	2026-08-15_19-12-24	3.850806713104248	2026-08-15_19-12-24	3.9836673736572266	2026-08-15_19-12-24	True	2026-08-15_19-12-24	[0 0 0 0 1]	2026-08-15_19-12-24	[0 0 0 0 1]	2026-08-15_19-12-24	[0 0 0 0 0 0 0 0 0 0 0 0 0 0 0 0 0 0 0 0 0 0 0 0 0 0 0 1 0 0 0 0 0 0 0 0 0 0 0 1 0 0 0 0 0 0 0 0 0 0 0 0 0 0 0 0 0 0 0 0 0 0 0 0 0 0 0 0 0 1 0 0 0]	2026-08-15_19-12-24	[0 0 0 0 0 0 1 0 0 1 0 0 0 0 0 0 0 0 0 0 0 0 0 0 0 0 0 0 0 0 0 0 0 0 0 1 0 0 0 0 0 0 0 0 0 0 0 0 0 0 0 0 0 0 0 0 0 0 0 0 0 0 0 0 0 0 0 1 1 0 0 0 0]	2026-08-15_19-12-24	[2]	2026-08-15_19-12-24	[0 1 0 0 1]	2026-08-15_19-12-24	[0 0 0 0 0]	2026-08-15_19-12-24	[0 0 0 0 0 0 0 0 0 0 0 0 0 0 0 0 0 0 0 0 0 0 0 0 0 0 0 1 0 0 0 0 0 0 0 0 0 0 0 0 0 0 0 0 0 0 0 0 0 0 0 0 0 0 0 0 0 0 0 0 0 0 0 0 0 0 0 0 0 1 0 0 0]	2026-08-15_19-12-24	[0 0 0 0 0 0 0 0 0 1 0 0 0 0 0 0 0 0 0 0 0 0 0 0 0 0 0 0 0 0 0 0 0 0 0 1 0 0 0 0 0 0 0 0 0 0 0 0 0 0 0 0 0 0 0 0 0 0 0 0 0 0 0 0 0 0 0 1 1 0 0 0 0]	2026-08-15_19-12-24	[2]	2026-08-15_19-12-24
2	2026-08-15_19-12-24	-0.8999999761581421	2026-08-15_19-12-24	11.18886661529541	2026-08-15_19-12-24	1.6709836721420288	2026-08-15_19-12-24	1.5984418392181396	2026-08-15_19-12-24	3.906367778778076	2026-08-15_19-12-24	4.013073444366455	2026-08-15_19-12-24	True	2026-08-15_19-12-24	[0 1 0 0 1]	2026-08-15_19-12-24	[0 0 0 0 0]	2026-08-15_19-12-24	[0 0 0 0 0 0 0 0 0 0 0 0 0 0 0 0 0 0 0 0 0 0 0 0 0 0 0 1 0 0 0 0 0 0 0 0 0 0 0 0 0 0 0 0 0 0 0 0 0 0 0 0 0 0 0 0 0 0 0 0 0 0 0 0 0 0 0 0 0 1 0 0 0]	2026-08-15_19-12-24	[0 0 0 0 0 0 0 0 0 1 0 0 0 0 0 0 0 0 0 0 0 0 0 0 0 0 0 0 0 0 0 0 0 0 0 1 0 0 0 0 0 0 0 0 0 0 0 0 0 0 0 0 0 0 0 0 0 0 0 0 0 0 0 0 0 0 0 1 1 0 0 0 0]	2026-08-15_19-12-24	[2]	2026-08-15_19-12-24	[0 0 0 0 1]	2026-08-15_19-12-24	[0 0 0 0 1]	2026-08-15_19-12-24	[0 0 0 0 0 0 0 0 0 0 0 0 0 0 0 0 0 0 0 0 0 0 0 0 0 0 0 1 0 0 0 0 0 0 0 0 0 0 0 1 0 0 0 0 0 0 0 0 0 0 0 0 0 0 0 0 0 0 0 0 0 0 0 0 0 0 0 0 0 1 0 0 0]	2026-08-15_19-12-24	[0 0 0 0 0 0 1 0 0 1 0 0 0 0 0 0 0 0 0 0 0 0 0 0 0 0 0 0 0 0 0 0 0 0 0 1 0 0 0 0 0 0 0 0 0 0 0 0 0 0 0 0 0 0 0 0 0 0 0 0 0 0 0 0 0 0 0 1 1 0 0 0 0]	2026-08-15_19-12-24	[2]	2026-08-15_19-12-24
2	2026-08-15_19-12-24	-0.8999999761581421	2026-08-15_19-12-24	11.11911392211914	2026-08-15_19-12-24	1.6610172986984253	2026-08-15_19-12-24	1.589624285697937	2026-08-15_19-12-24	3.8705391883850098	2026-08-15_19-12-24	3.9979331493377686	2026-08-15_19-12-24	True	2026-08-15_19-12-24	[0 0 0 0 1]	2026-08-15_19-12-24	[0 0 0 0 1]	2026-08-15_19-12-24	[0 0 0 0 0 0 0 0 0 0 0 0 0 0 0 0 0 0 0 0 0 0 0 0 0 0 0 1 0 0 0 0 0 0 0 0 0 0 0 1 0 0 0 0 0 0 0 0 0 0 0 0 0 0 0 0 0 0 0 0 0 0 0 0 0 0 0 0 0 1 0 0 0]	2026-08-15_19-12-24	[0 0 0 0 0 0 1 0 0 1 0 0 0 0 0 0 0 0 0 0 0 0 0 0 0 0 0 0 0 0 0 0 0 0 0 1 0 0 0 0 0 0 0 0 0 0 0 0 0 0 0 0 0 0 0 0 0 0 0 0 0 0 0 0 0 0 0 1 1 0 0 0 0]	2026-08-15_19-12-24	[2]	2026-08-15_19-12-24	[0 1 0 0 1]	2026-08-15_19-12-24	[0 0 0 0 0]	2026-08-15_19-12-24	[0 0 0 0 0 0 0 0 0 0 0 0 0 0 0 0 0 0 0 0 0 0 0 0 0 0 0 1 0 0 0 0 0 0 0 0 0 0 0 0 0 0 0 0 0 0 0 0 0 0 0 0 0 0 0 0 0 0 0 0 0 0 0 0 0 0 0 0 0 1 0 0 0]	2026-08-15_19-12-24	[0 0 0 0 0 0 0 0 0 1 0 0 0 0 0 0 0 0 0 0 0 0 0 0 0 0 0 0 0 0 0 0 0 0 0 1 0 0 0 0 0 0 0 0 0 0 0 0 0 0 0 0 0 0 0 0 0 0 0 0 0 0 0 0 0 0 0 1 1 0 0 0 0]	2026-08-15_19-12-24	[2]	2026-08-15_19-12-24
2	2026-08-15_19-12-24	-0.8999999761581421	2026-08-15_19-12-24	11.122865676879883	2026-08-15_19-12-24	1.6870744228363037	2026-08-15_19-12-24	1.5937410593032837	2026-08-15_19-12-24	3.8762924671173096	2026-08-15_19-12-24	3.9657576084136963	2026-08-15_19-12-24	True	2026-08-15_19-12-24	[0 1 0 0 1]	2026-08-15_19-12-24	[0 0 0 0 0]	2026-08-15_19-12-24	[0 0 0 0 0 0 0 0 0 0 0 0 0 0 0 0 0 0 0 0 0 0 0 0 0 0 0 1 0 0 0 0 0 0 0 0 0 0 0 0 0 0 0 0 0 0 0 0 0 0 0 0 0 0 0 0 0 0 0 0 0 0 0 0 0 0 0 0 0 1 0 0 0]	2026-08-15_19-12-24	[0 0 0 0 0 0 0 0 0 1 0 0 0 0 0 0 0 0 0 0 0 0 0 0 0 0 0 0 0 0 0 0 0 0 0 1 0 0 0 0 0 0 0 0 0 0 0 0 0 0 0 0 0 0 0 0 0 0 0 0 0 0 0 0 0 0 0 1 1 0 0 0 0]	2026-08-15_19-12-24	[2]	2026-08-15_19-12-24	[0 0 0 0 1]	2026-08-15_19-12-24	[0 0 0 0 1]	2026-08-15_19-12-24	[0 0 0 0 0 0 0 0 0 0 0 0 0 0 0 0 0 0 0 0 0 0 0 0 0 0 0 1 0 0 0 0 0 0 0 0 0 0 0 1 0 0 0 0 0 0 0 0 0 0 0 0 0 0 0 0 0 0 0 0 0 0 0 0 0 0 0 0 0 1 0 0 0]	2026-08-15_19-12-24	[0 0 0 0 0 0 1 0 0 1 0 0 0 0 0 0 0 0 0 0 0 0 0 0 0 0 0 0 0 0 0 0 0 0 0 1 0 0 0 0 0 0 0 0 0 0 0 0 0 0 0 0 0 0 0 0 0 0 0 0 0 0 0 0 0 0 0 1 1 0 0 0 0]	2026-08-15_19-12-24	[2]	2026-08-15_19-12-24
2	2026-08-15_19-12-24	-0.8999999761581421	2026-08-15_19-12-24	11.061439514160156	2026-08-15_19-12-24	1.6675258874893188	2026-08-15_19-12-24	1.5851072072982788	2026-08-15_19-12-24	3.838352918624878	2026-08-15_19-12-24	3.9704535007476807	2026-08-15_19-12-24	True	2026-08-15_19-12-24	[0 0 0 0 1]	2026-08-15_19-12-24	[0 0 0 0 1]	2026-08-15_19-12-24	[0 0 0 0 0 0 0 0 0 0 0 0 0 0 0 0 0 0 0 0 0 0 0 0 0 0 0 1 0 0 0 0 0 0 0 0 0 0 0 1 0 0 0 0 0 0 0 0 0 0 0 0 0 0 0 0 0 0 0 0 0 0 0 0 0 0 0 0 0 1 0 0 0]	2026-08-15_19-12-24	[0 0 0 0 0 0 1 0 0 1 0 0 0 0 0 0 0 0 0 0 0 0 0 0 0 0 0 0 0 0 0 0 0 0 0 1 0 0 0 0 0 0 0 0 0 0 0 0 0 0 0 0 0 0 0 0 0 0 0 0 0 0 0 0 0 0 0 1 1 0 0 0 0]	2026-08-15_19-12-24	[2]	2026-08-15_19-12-24	[0 1 0 0 1]	2026-08-15_19-12-24	[0 0 0 0 0]	2026-08-15_19-12-24	[0 0 0 0 0 0 0 0 0 0 0 0 0 0 0 0 0 0 0 0 0 0 0 0 0 0 0 1 0 0 0 0 0 0 0 0 0 0 0 0 0 0 0 0 0 0 0 0 0 0 0 0 0 0 0 0 0 0 0 0 0 0 0 0 0 0 0 0 0 1 0 0 0]	2026-08-15_19-12-24	[0 0 0 0 0 0 0 0 0 1 0 0 0 0 0 0 0 0 0 0 0 0 0 0 0 0 0 0 0 0 0 0 0 0 0 1 0 0 0 0 0 0 0 0 0 0 0 0 0 0 0 0 0 0 0 0 0 0 0 0 0 0 0 0 0 0 0 1 1 0 0 0 0]	2026-08-15_19-12-24	[2]	2026-08-15_19-12-24
2	2026-08-15_19-12-24	-0.8999999761581421	2026-08-15_19-12-24	11.07145881652832	2026-08-15_19-12-24	1.6840920448303223	2026-08-15_19-12-24	1.5873887538909912	2026-08-15_19-12-24	3.852229118347168	2026-08-15_19-12-24	3.9477486610412598	2026-08-15_19-12-24	True	2026-08-15_19-12-24	[0 1 0 0 1]	2026-08-15_19-12-24	[0 0 0 0 0]	2026-08-15_19-12-24	[0 0 0 0 0 0 0 0 0 0 0 0 0 0 0 0 0 0 0 0 0 0 0 0 0 0 0 1 0 0 0 0 0 0 0 0 0 0 0 0 0 0 0 0 0 0 0 0 0 0 0 0 0 0 0 0 0 0 0 0 0 0 0 0 0 0 0 0 0 1 0 0 0]	2026-08-15_19-12-24	[0 0 0 0 0 0 0 0 0 1 0 0 0 0 0 0 0 0 0 0 0 0 0 0 0 0 0 0 0 0 0 0 0 0 0 1 0 0 0 0 0 0 0 0 0 0 0 0 0 0 0 0 0 0 0 0 0 0 0 0 0 0 0 0 0 0 0 1 1 0 0 0 0]	2026-08-15_19-12-24	[2]	2026-08-15_19-12-24	[0 0 0 0 1]	2026-08-15_19-12-24	[0 0 0 0 1]	2026-08-15_19-12-24	[0 0 0 0 0 0 0 0 0 0 0 0 0 0 0 0 0 0 0 0 0 0 0 0 0 0 0 1 0 0 0 0 0 0 0 0 0 0 0 1 0 0 0 0 0 0 0 0 0 0 0 0 0 0 0 0 0 0 0 0 0 0 0 0 0 0 0 0 0 1 0 0 0]	2026-08-15_19-12-24	[0 0 0 0 0 0 1 0 0 1 0 0 0 0 0 0 0 0 0 0 0 0 0 0 0 0 0 0 0 0 0 0 0 0 0 1 0 0 0 0 0 0 0 0 0 0 0 0 0 0 0 0 0 0 0 0 0 0 0 0 0 0 0 0 0 0 0 1 1 0 0 0 0]	2026-08-15_19-12-24	[2]	2026-08-15_19-12-24
2	2026-08-15_19-12-24	-0.8999999761581421	2026-08-15_19-12-24	11.067813873291016	2026-08-15_19-12-24	1.661180019378662	2026-08-15_19-12-24	1.5790231227874756	2026-08-15_19-12-24	3.8465065956115723	2026-08-15_19-12-24	3.9811036586761475	2026-08-15_19-12-24	True	2026-08-15_19-12-24	[0 0 0 0 1]	2026-08-15_19-12-24	[0 0 0 0 1]	2026-08-15_19-12-24	[0 0 0 0 0 0 0 0 0 0 0 0 0 0 0 0 0 0 0 0 0 0 0 0 0 0 0 1 0 0 0 0 0 0 0 0 0 0 0 1 0 0 0 0 0 0 0 0 0 0 0 0 0 0 0 0 0 0 0 0 0 0 0 0 0 0 0 0 0 1 0 0 0]	2026-08-15_19-12-24	[0 0 0 0 0 0 1 0 0 1 0 0 0 0 0 0 0 0 0 0 0 0 0 0 0 0 0 0 0 0 0 0 0 0 0 1 0 0 0 0 0 0 0 0 0 0 0 0 0 0 0 0 0 0 0 0 0 0 0 0 0 0 0 0 0 0 0 1 1 0 0 0 0]	2026-08-15_19-12-24	[2]	2026-08-15_19-12-24	[0 1 0 0 1]	2026-08-15_19-12-24	[0 0 0 0 0]	2026-08-15_19-12-24	[0 0 0 0 0 0 0 0 0 0 0 0 0 0 0 0 0 0 0 0 0 0 0 0 0 0 0 1 0 0 0 0 0 0 0 0 0 0 0 0 0 0 0 0 0 0 0 0 0 0 0 0 0 0 0 0 0 0 0 0 0 0 0 0 0 0 0 0 0 1 0 0 0]	2026-08-15_19-12-24	[0 0 0 0 0 0 0 0 0 1 0 0 0 0 0 0 0 0 0 0 0 0 0 0 0 0 0 0 0 0 0 0 0 0 0 1 0 0 0 0 0 0 0 0 0 0 0 0 0 0 0 0 0 0 0 0 0 0 0 0 0 0 0 0 0 0 0 1 1 0 0 0 0]	2026-08-15_19-12-24	[2]	2026-08-15_19-12-24
2	2026-08-15_19-12-24	-0.8999999761581421	2026-08-15_19-12-24	11.099950790405273	2026-08-15_19-12-24	1.6823270320892334	2026-08-15_19-12-24	1.575429916381836	2026-08-15_19-12-24	3.8747665882110596	2026-08-15_19-12-24	3.9674270153045654	2026-08-15_19-12-24	True	2026-08-15_19-12-24	[0 1 0 0 1]	2026-08-15_19-12-24	[0 0 0 0 0]	2026-08-15_19-12-24	[0 0 0 0 0 0 0 0 0 0 0 0 0 0 0 0 0 0 0 0 0 0 0 0 0 0 0 1 0 0 0 0 0 0 0 0 0 0 0 0 0 0 0 0 0 0 0 0 0 0 0 0 0 0 0 0 0 0 0 0 0 0 0 0 0 0 0 0 0 1 0 0 0]	2026-08-15_19-12-24	[0 0 0 0 0 0 0 0 0 1 0 0 0 0 0 0 0 0 0 0 0 0 0 0 0 0 0 0 0 0 0 0 0 0 0 1 0 0 0 0 0 0 0 0 0 0 0 0 0 0 0 0 0 0 0 0 0 0 0 0 0 0 0 0 0 0 0 1 1 0 0 0 0]	2026-08-15_19-12-24	[2]	2026-08-15_19-12-24	[0 0 0 0 1]	2026-08-15_19-12-24	[0 0 0 0 1]	2026-08-15_19-12-24	[0 0 0 0 0 0 0 0 0 0 0 0 0 0 0 0 0 0 0 0 0 0 0 0 0 0 0 1 0 0 0 0 0 0 0 0 0 0 0 1 0 0 0 0 0 0 0 0 0 0 0 0 0 0 0 0 0 0 0 0 0 0 0 0 0 0 0 0 0 1 0 0 0]	2026-08-15_19-12-24	[0 0 0 0 0 0 1 0 0 1 0 0 0 0 0 0 0 0 0 0 0 0 0 0 0 0 0 0 0 0 0 0 0 0 0 1 0 0 0 0 0 0 0 0 0 0 0 0 0 0 0 0 0 0 0 0 0 0 0 0 0 0 0 0 0 0 0 1 1 0 0 0 0]	2026-08-15_19-12-24	[2]	2026-08-15_19-12-24
2	2026-08-15_19-12-24	-0.8999999761581421	2026-08-15_19-12-24	11.001708984375	2026-08-15_19-12-24	1.6653461456298828	2026-08-15_19-12-24	1.580557107925415	2026-08-15_19-12-24	3.805938959121704	2026-08-15_19-12-24	3.94986629486084	2026-08-15_19-12-24	True	2026-08-15_19-12-24	[0 0 0 0 1]	2026-08-15_19-12-24	[0 0 0 0 1]	2026-08-15_19-12-24	[0 0 0 0 0 0 0 0 0 0 0 0 0 0 0 0 0 0 0 0 0 0 0 0 0 0 0 1 0 0 0 0 0 0 0 0 0 0 0 1 0 0 0 0 0 0 0 0 0 0 0 0 0 0 0 0 0 0 0 0 0 0 0 0 0 0 0 0 0 1 0 0 0]	2026-08-15_19-12-24	[0 0 0 0 0 0 1 0 0 1 0 0 0 0 0 0 0 0 0 0 0 0 0 0 0 0 0 0 0 0 0 0 0 0 0 1 0 0 0 0 0 0 0 0 0 0 0 0 0 0 0 0 0 0 0 0 0 0 0 0 0 0 0 0 0 0 0 1 1 0 0 0 0]	2026-08-15_19-12-24	[2]	2026-08-15_19-12-24	[0 1 0 0 1]	2026-08-15_19-12-24	[0 0 0 0 0]	2026-08-15_19-12-24	[0 0 0 0 0 0 0 0 0 0 0 0 0 0 0 0 0 0 0 0 0 0 0 0 0 0 0 1 0 0 0 0 0 0 0 0 0 0 0 0 0 0 0 0 0 0 0 0 0 0 0 0 0 0 0 0 0 0 0 0 0 0 0 0 0 0 0 0 0 1 0 0 0]	2026-08-15_19-12-24	[0 0 0 0 0 0 0 0 0 1 0 0 0 0 0 0 0 0 0 0 0 0 0 0 0 0 0 0 0 0 0 0 0 0 0 1 0 0 0 0 0 0 0 0 0 0 0 0 0 0 0 0 0 0 0 0 0 0 0 0 0 0 0 0 0 0 0 1 1 0 0 0 0]	2026-08-15_19-12-24	[2]	2026-08-15_19-12-24
2	2026-08-15_19-12-24	-0.8999999761581421	2026-08-15_19-12-24	11.126482963562012	2026-08-15_19-12-24	1.6791067123413086	2026-08-15_19-12-24	1.5904717445373535	2026-08-15_19-12-24	3.8787877559661865	2026-08-15_19-12-24	3.9781172275543213	2026-08-15_19-12-24	True	2026-08-15_19-12-24	[0 1 0 0 1]	2026-08-15_19-12-24	[0 0 0 0 0]	2026-08-15_19-12-24	[0 0 0 0 0 0 0 0 0 0 0 0 0 0 0 0 0 0 0 0 0 0 0 0 0 0 0 1 0 0 0 0 0 0 0 0 0 0 0 0 0 0 0 0 0 0 0 0 0 0 0 0 0 0 0 0 0 0 0 0 0 0 0 0 0 0 0 0 0 1 0 0 0]	2026-08-15_19-12-24	[0 0 0 0 0 0 0 0 0 1 0 0 0 0 0 0 0 0 0 0 0 0 0 0 0 0 0 0 0 0 0 0 0 0 0 1 0 0 0 0 0 0 0 0 0 0 0 0 0 0 0 0 0 0 0 0 0 0 0 0 0 0 0 0 0 0 0 1 1 0 0 0 0]	2026-08-15_19-12-24	[2]	2026-08-15_19-12-24	[0 0 0 0 1]	2026-08-15_19-12-24	[0 0 0 0 1]	2026-08-15_19-12-24	[0 0 0 0 0 0 0 0 0 0 0 0 0 0 0 0 0 0 0 0 0 0 0 0 0 0 0 1 0 0 0 0 0 0 0 0 0 0 0 1 0 0 0 0 0 0 0 0 0 0 0 0 0 0 0 0 0 0 0 0 0 0 0 0 0 0 0 0 0 1 0 0 0]	2026-08-15_19-12-24	[0 0 0 0 0 0 1 0 0 1 0 0 0 0 0 0 0 0 0 0 0 0 0 0 0 0 0 0 0 0 0 0 0 0 0 1 0 0 0 0 0 0 0 0 0 0 0 0 0 0 0 0 0 0 0 0 0 0 0 0 0 0 0 0 0 0 0 1 1 0 0 0 0]	2026-08-15_19-12-24	[2]	2026-08-15_19-12-24
2	2026-08-15_19-12-24	-0.8999999761581421	2026-08-15_19-12-24	11.026651382446289	2026-08-15_19-12-24	1.6747158765792847	2026-08-15_19-12-24	1.5785415172576904	2026-08-15_19-12-24	3.8276596069335938	2026-08-15_19-12-24	3.945734739303589	2026-08-15_19-12-24	True	2026-08-15_19-12-24	[0 0 0 0 1]	2026-08-15_19-12-24	[0 0 0 0 1]	2026-08-15_19-12-24	[0 0 0 0 0 0 0 0 0 0 0 0 0 0 0 0 0 0 0 0 0 0 0 0 0 0 0 1 0 0 0 0 0 0 0 0 0 0 0 1 0 0 0 0 0 0 0 0 0 0 0 0 0 0 0 0 0 0 0 0 0 0 0 0 0 0 0 0 0 1 0 0 0]	2026-08-15_19-12-24	[0 0 0 0 0 0 1 0 0 1 0 0 0 0 0 0 0 0 0 0 0 0 0 0 0 0 0 0 0 0 0 0 0 0 0 1 0 0 0 0 0 0 0 0 0 0 0 0 0 0 0 0 0 0 0 0 0 0 0 0 0 0 0 0 0 0 0 1 1 0 0 0 0]	2026-08-15_19-12-24	[2]	2026-08-15_19-12-24	[0 1 0 0 1]	2026-08-15_19-12-24	[0 0 0 0 0]	2026-08-15_19-12-24	[0 0 0 0 0 0 0 0 0 0 0 0 0 0 0 0 0 0 0 0 0 0 0 0 0 0 0 1 0 0 0 0 0 0 0 0 0 0 0 0 0 0 0 0 0 0 0 0 0 0 0 0 0 0 0 0 0 0 0 0 0 0 0 0 0 0 0 0 0 1 0 0 0]	2026-08-15_19-12-24	[0 0 0 0 0 0 0 0 0 1 0 0 0 0 0 0 0 0 0 0 0 0 0 0 0 0 0 0 0 0 0 0 0 0 0 1 0 0 0 0 0 0 0 0 0 0 0 0 0 0 0 0 0 0 0 0 0 0 0 0 0 0 0 0 0 0 0 1 1 0 0 0 0]	2026-08-15_19-12-24	[2]	2026-08-15_19-12-24
2	2026-08-15_19-12-24	-0.8999999761581421	2026-08-15_19-12-24	11.01165771484375	2026-08-15_19-12-24	1.684849739074707	2026-08-15_19-12-24	1.57106614112854	2026-08-15_19-12-24	3.832801580429077	2026-08-15_19-12-24	3.9229397773742676	2026-08-15_19-12-24	True	2026-08-15_19-12-24	[0 1 0 0 1]	2026-08-15_19-12-24	[0 0 0 0 0]	2026-08-15_19-12-24	[0 0 0 0 0 0 0 0 0 0 0 0 0 0 0 0 0 0 0 0 0 0 0 0 0 0 0 1 0 0 0 0 0 0 0 0 0 0 0 0 0 0 0 0 0 0 0 0 0 0 0 0 0 0 0 0 0 0 0 0 0 0 0 0 0 0 0 0 0 1 0 0 0]	2026-08-15_19-12-24	[0 0 0 0 0 0 0 0 0 1 0 0 0 0 0 0 0 0 0 0 0 0 0 0 0 0 0 0 0 0 0 0 0 0 0 1 0 0 0 0 0 0 0 0 0 0 0 0 0 0 0 0 0 0 0 0 0 0 0 0 0 0 0 0 0 0 0 1 1 0 0 0 0]	2026-08-15_19-12-24	[2]	2026-08-15_19-12-24	[0 0 0 0 1]	2026-08-15_19-12-24	[0 0 0 0 1]	2026-08-15_19-12-24	[0 0 0 0 0 0 0 0 0 0 0 0 0 0 0 0 0 0 0 0 0 0 0 0 0 0 0 1 0 0 0 0 0 0 0 0 0 0 0 1 0 0 0 0 0 0 0 0 0 0 0 0 0 0 0 0 0 0 0 0 0 0 0 0 0 0 0 0 0 1 0 0 0]	2026-08-15_19-12-24	[0 0 0 0 0 0 1 0 0 1 0 0 0 0 0 0 0 0 0 0 0 0 0 0 0 0 0 0 0 0 0 0 0 0 0 1 0 0 0 0 0 0 0 0 0 0 0 0 0 0 0 0 0 0 0 0 0 0 0 0 0 0 0 0 0 0 0 1 1 0 0 0 0]	2026-08-15_19-12-24	[2]	2026-08-15_19-12-24
2	2026-08-15_19-12-24	-0.8999999761581421	2026-08-15_19-12-24	11.109930038452148	2026-08-15_19-12-24	1.6693141460418701	2026-08-15_19-12-24	1.5985782146453857	2026-08-15_19-12-24	3.8595340251922607	2026-08-15_19-12-24	3.9825034141540527	2026-08-15_19-12-24	True	2026-08-15_19-12-24	[0 0 0 0 1]	2026-08-15_19-12-24	[0 0 0 0 1]	2026-08-15_19-12-24	[0 0 0 0 0 0 0 0 0 0 0 0 0 0 0 0 0 0 0 0 0 0 0 0 0 0 0 1 0 0 0 0 0 0 0 0 0 0 0 1 0 0 0 0 0 0 0 0 0 0 0 0 0 0 0 0 0 0 0 0 0 0 0 0 0 0 0 0 0 1 0 0 0]	2026-08-15_19-12-24	[0 0 0 0 0 0 1 0 0 1 0 0 0 0 0 0 0 0 0 0 0 0 0 0 0 0 0 0 0 0 0 0 0 0 0 1 0 0 0 0 0 0 0 0 0 0 0 0 0 0 0 0 0 0 0 0 0 0 0 0 0 0 0 0 0 0 0 1 1 0 0 0 0]	2026-08-15_19-12-24	[2]	2026-08-15_19-12-24	[0 1 0 0 1]	2026-08-15_19-12-24	[0 0 0 0 0]	2026-08-15_19-12-24	[0 0 0 0 0 0 0 0 0 0 0 0 0 0 0 0 0 0 0 0 0 0 0 0 0 0 0 1 0 0 0 0 0 0 0 0 0 0 0 0 0 0 0 0 0 0 0 0 0 0 0 0 0 0 0 0 0 0 0 0 0 0 0 0 0 0 0 0 0 1 0 0 0]	2026-08-15_19-12-24	[0 0 0 0 0 0 0 0 0 1 0 0 0 0 0 0 0 0 0 0 0 0 0 0 0 0 0 0 0 0 0 0 0 0 0 1 0 0 0 0 0 0 0 0 0 0 0 0 0 0 0 0 0 0 0 0 0 0 0 0 0 0 0 0 0 0 0 1 1 0 0 0 0]	2026-08-15_19-12-24	[2]	2026-08-15_19-12-24
2	2026-08-15_19-12-24	-0.8999999761581421	2026-08-15_19-12-24	11.072129249572754	2026-08-15_19-12-24	1.6942107677459717	2026-08-15_19-12-24	1.5834224224090576	2026-08-15_19-12-24	3.86517333984375	2026-08-15_19-12-24	3.9293229579925537	2026-08-15_19-12-24	True	2026-08-15_19-12-24	[0 1 0 0 1]	2026-08-15_19-12-24	[0 0 0 0 0]	2026-08-15_19-12-24	[0 0 0 0 0 0 0 0 0 0 0 0 0 0 0 0 0 0 0 0 0 0 0 0 0 0 0 1 0 0 0 0 0 0 0 0 0 0 0 0 0 0 0 0 0 0 0 0 0 0 0 0 0 0 0 0 0 0 0 0 0 0 0 0 0 0 0 0 0 1 0 0 0]	2026-08-15_19-12-24	[0 0 0 0 0 0 0 0 0 1 0 0 0 0 0 0 0 0 0 0 0 0 0 0 0 0 0 0 0 0 0 0 0 0 0 1 0 0 0 0 0 0 0 0 0 0 0 0 0 0 0 0 0 0 0 0 0 0 0 0 0 0 0 0 0 0 0 1 1 0 0 0 0]	2026-08-15_19-12-24	[2]	2026-08-15_19-12-24	[0 0 0 0 1]	2026-08-15_19-12-24	[0 0 0 0 1]	2026-08-15_19-12-24	[0 0 0 0 0 0 0 0 0 0 0 0 0 0 0 0 0 0 0 0 0 0 0 0 0 0 0 1 0 0 0 0 0 0 0 0 0 0 0 1 0 0 0 0 0 0 0 0 0 0 0 0 0 0 0 0 0 0 0 0 0 0 0 0 0 0 0 0 0 1 0 0 0]	2026-08-15_19-12-24	[0 0 0 0 0 0 1 0 0 1 0 0 0 0 0 0 0 0 0 0 0 0 0 0 0 0 0 0 0 0 0 0 0 0 0 1 0 0 0 0 0 0 0 0 0 0 0 0 0 0 0 0 0 0 0 0 0 0 0 0 0 0 0 0 0 0 0 1 1 0 0 0 0]	2026-08-15_19-12-24	[2]	2026-08-15_19-12-24
2	2026-08-15_19-12-24	-0.8999999761581421	2026-08-15_19-12-24	11.08061695098877	2026-08-15_19-12-24	1.6729029417037964	2026-08-15_19-12-24	1.5857625007629395	2026-08-15_19-12-24	3.8512449264526367	2026-08-15_19-12-24	3.9707064628601074	2026-08-15_19-12-24	True	2026-08-15_19-12-24	[0 0 0 0 1]	2026-08-15_19-12-24	[0 0 0 0 1]	2026-08-15_19-12-24	[0 0 0 0 0 0 0 0 0 0 0 0 0 0 0 0 0 0 0 0 0 0 0 0 0 0 0 1 0 0 0 0 0 0 0 0 0 0 0 1 0 0 0 0 0 0 0 0 0 0 0 0 0 0 0 0 0 0 0 0 0 0 0 0 0 0 0 0 0 1 0 0 0]	2026-08-15_19-12-24	[0 0 0 0 0 0 1 0 0 1 0 0 0 0 0 0 0 0 0 0 0 0 0 0 0 0 0 0 0 0 0 0 0 0 0 1 0 0 0 0 0 0 0 0 0 0 0 0 0 0 0 0 0 0 0 0 0 0 0 0 0 0 0 0 0 0 0 1 1 0 0 0 0]	2026-08-15_19-12-24	[2]	2026-08-15_19-12-24	[0 1 0 0 1]	2026-08-15_19-12-24	[0 0 0 0 0]	2026-08-15_19-12-24	[0 0 0 0 0 0 0 0 0 0 0 0 0 0 0 0 0 0 0 0 0 0 0 0 0 0 0 1 0 0 0 0 0 0 0 0 0 0 0 0 0 0 0 0 0 0 0 0 0 0 0 0 0 0 0 0 0 0 0 0 0 0 0 0 0 0 0 0 0 1 0 0 0]	2026-08-15_19-12-24	[0 0 0 0 0 0 0 0 0 1 0 0 0 0 0 0 0 0 0 0 0 0 0 0 0 0 0 0 0 0 0 0 0 0 0 1 0 0 0 0 0 0 0 0 0 0 0 0 0 0 0 0 0 0 0 0 0 0 0 0 0 0 0 0 0 0 0 1 1 0 0 0 0]	2026-08-15_19-12-24	[2]	2026-08-15_19-12-24
2	2026-08-15_19-12-24	-0.8999999761581421	2026-08-15_19-12-24	11.149870872497559	2026-08-15_19-12-24	1.6878019571304321	2026-08-15_19-12-24	1.5995855331420898	2026-08-15_19-12-24	3.889697551727295	2026-08-15_19-12-24	3.9727859497070312	2026-08-15_19-12-24	True	2026-08-15_19-12-24	[0 1 0 0 1]	2026-08-15_19-12-24	[0 0 0 0 0]	2026-08-15_19-12-24	[0 0 0 0 0 0 0 0 0 0 0 0 0 0 0 0 0 0 0 0 0 0 0 0 0 0 0 1 0 0 0 0 0 0 0 0 0 0 0 0 0 0 0 0 0 0 0 0 0 0 0 0 0 0 0 0 0 0 0 0 0 0 0 0 0 0 0 0 0 1 0 0 0]	2026-08-15_19-12-24	[0 0 0 0 0 0 0 0 0 1 0 0 0 0 0 0 0 0 0 0 0 0 0 0 0 0 0 0 0 0 0 0 0 0 0 1 0 0 0 0 0 0 0 0 0 0 0 0 0 0 0 0 0 0 0 0 0 0 0 0 0 0 0 0 0 0 0 1 1 0 0 0 0]	2026-08-15_19-12-24	[2]	2026-08-15_19-12-24	[0 0 0 0 1]	2026-08-15_19-12-24	[0 0 0 0 1]	2026-08-15_19-12-24	[0 0 0 0 0 0 0 0 0 0 0 0 0 0 0 0 0 0 0 0 0 0 0 0 0 0 0 1 0 0 0 0 0 0 0 0 0 0 0 1 0 0 0 0 0 0 0 0 0 0 0 0 0 0 0 0 0 0 0 0 0 0 0 0 0 0 0 0 0 1 0 0 0]	2026-08-15_19-12-24	[0 0 0 0 0 0 1 0 0 1 0 0 0 0 0 0 0 0 0 0 0 0 0 0 0 0 0 0 0 0 0 0 0 0 0 1 0 0 0 0 0 0 0 0 0 0 0 0 0 0 0 0 0 0 0 0 0 0 0 0 0 0 0 0 0 0 0 1 1 0 0 0 0]	2026-08-15_19-12-24	[2]	2026-08-15_19-12-24
2	2026-08-15_19-12-24	-0.8999999761581421	2026-08-15_19-12-24	11.065013885498047	2026-08-15_19-12-24	1.6665855646133423	2026-08-15_19-12-24	1.5814571380615234	2026-08-15_19-12-24	3.8439297676086426	2026-08-15_19-12-24	3.9730417728424072	2026-08-15_19-12-24	True	2026-08-15_19-12-24	[0 0 0 0 1]	2026-08-15_19-12-24	[0 0 0 0 1]	2026-08-15_19-12-24	[0 0 0 0 0 0 0 0 0 0 0 0 0 0 0 0 0 0 0 0 0 0 0 0 0 0 0 1 0 0 0 0 0 0 0 0 0 0 0 1 0 0 0 0 0 0 0 0 0 0 0 0 0 0 0 0 0 0 0 0 0 0 0 0 0 0 0 0 0 1 0 0 0]	2026-08-15_19-12-24	[0 0 0 0 0 0 1 0 0 1 0 0 0 0 0 0 0 0 0 0 0 0 0 0 0 0 0 0 0 0 0 0 0 0 0 1 0 0 0 0 0 0 0 0 0 0 0 0 0 0 0 0 0 0 0 0 0 0 0 0 0 0 0 0 0 0 0 1 1 0 0 0 0]	2026-08-15_19-12-24	[2]	2026-08-15_19-12-24	[0 1 0 0 1]	2026-08-15_19-12-24	[0 0 0 0 0]	2026-08-15_19-12-24	[0 0 0 0 0 0 0 0 0 0 0 0 0 0 0 0 0 0 0 0 0 0 0 0 0 0 0 1 0 0 0 0 0 0 0 0 0 0 0 0 0 0 0 0 0 0 0 0 0 0 0 0 0 0 0 0 0 0 0 0 0 0 0 0 0 0 0 0 0 1 0 0 0]	2026-08-15_19-12-24	[0 0 0 0 0 0 0 0 0 1 0 0 0 0 0 0 0 0 0 0 0 0 0 0 0 0 0 0 0 0 0 0 0 0 0 1 0 0 0 0 0 0 0 0 0 0 0 0 0 0 0 0 0 0 0 0 0 0 0 0 0 0 0 0 0 0 0 1 1 0 0 0 0]	2026-08-15_19-12-24	[2]	2026-08-15_19-12-24
2	2026-08-15_19-12-24	-0.8999999761581421	2026-08-15_19-12-24	11.079812049865723	2026-08-15_19-12-24	1.6834993362426758	2026-08-15_19-12-24	1.5793575048446655	2026-08-15_19-12-24	3.8618059158325195	2026-08-15_19-12-24	3.9551491737365723	2026-08-15_19-12-24	True	2026-08-15_19-12-24	[0 1 0 0 1]	2026-08-15_19-12-24	[0 0 0 0 0]	2026-08-15_19-12-24	[0 0 0 0 0 0 0 0 0 0 0 0 0 0 0 0 0 0 0 0 0 0 0 0 0 0 0 1 0 0 0 0 0 0 0 0 0 0 0 0 0 0 0 0 0 0 0 0 0 0 0 0 0 0 0 0 0 0 0 0 0 0 0 0 0 0 0 0 0 1 0 0 0]	2026-08-15_19-12-24	[0 0 0 0 0 0 0 0 0 1 0 0 0 0 0 0 0 0 0 0 0 0 0 0 0 0 0 0 0 0 0 0 0 0 0 1 0 0 0 0 0 0 0 0 0 0 0 0 0 0 0 0 0 0 0 0 0 0 0 0 0 0 0 0 0 0 0 1 1 0 0 0 0]	2026-08-15_19-12-24	[2]	2026-08-15_19-12-24	[0 0 0 0 1]	2026-08-15_19-12-24	[0 0 0 0 1]	2026-08-15_19-12-24	[0 0 0 0 0 0 0 0 0 0 0 0 0 0 0 0 0 0 0 0 0 0 0 0 0 0 0 1 0 0 0 0 0 0 0 0 0 0 0 1 0 0 0 0 0 0 0 0 0 0 0 0 0 0 0 0 0 0 0 0 0 0 0 0 0 0 0 0 0 1 0 0 0]	2026-08-15_19-12-24	[0 0 0 0 0 0 1 0 0 1 0 0 0 0 0 0 0 0 0 0 0 0 0 0 0 0 0 0 0 0 0 0 0 0 0 1 0 0 0 0 0 0 0 0 0 0 0 0 0 0 0 0 0 0 0 0 0 0 0 0 0 0 0 0 0 0 0 1 1 0 0 0 0]	2026-08-15_19-12-24	[2]	2026-08-15_19-12-24
2	2026-08-15_19-12-24	-0.8999999761581421	2026-08-15_19-12-24	11.106986999511719	2026-08-15_19-12-24	1.6626862287521362	2026-08-15_19-12-24	1.5881017446517944	2026-08-15_19-12-24	3.8622987270355225	2026-08-15_19-12-24	3.9938998222351074	2026-08-15_19-12-24	True	2026-08-15_19-12-24	[0 0 0 0 1]	2026-08-15_19-12-24	[0 0 0 0 1]	2026-08-15_19-12-24	[0 0 0 0 0 0 0 0 0 0 0 0 0 0 0 0 0 0 0 0 0 0 0 0 0 0 0 1 0 0 0 0 0 0 0 0 0 0 0 1 0 0 0 0 0 0 0 0 0 0 0 0 0 0 0 0 0 0 0 0 0 0 0 0 0 0 0 0 0 1 0 0 0]	2026-08-15_19-12-24	[0 0 0 0 0 0 1 0 0 1 0 0 0 0 0 0 0 0 0 0 0 0 0 0 0 0 0 0 0 0 0 0 0 0 0 1 0 0 0 0 0 0 0 0 0 0 0 0 0 0 0 0 0 0 0 0 0 0 0 0 0 0 0 0 0 0 0 1 1 0 0 0 0]	2026-08-15_19-12-24	[2]	2026-08-15_19-12-24	[0 1 0 0 1]	2026-08-15_19-12-24	[0 0 0 0 0]	2026-08-15_19-12-24	[0 0 0 0 0 0 0 0 0 0 0 0 0 0 0 0 0 0 0 0 0 0 0 0 0 0 0 1 0 0 0 0 0 0 0 0 0 0 0 0 0 0 0 0 0 0 0 0 0 0 0 0 0 0 0 0 0 0 0 0 0 0 0 0 0 0 0 0 0 1 0 0 0]	2026-08-15_19-12-24	[0 0 0 0 0 0 0 0 0 1 0 0 0 0 0 0 0 0 0 0 0 0 0 0 0 0 0 0 0 0 0 0 0 0 0 1 0 0 0 0 0 0 0 0 0 0 0 0 0 0 0 0 0 0 0 0 0 0 0 0 0 0 0 0 0 0 0 1 1 0 0 0 0]	2026-08-15_19-12-24	[2]	2026-08-15_19-12-24
2	2026-08-15_19-12-24	-0.8999999761581421	2026-08-15_19-12-24	11.019407272338867	2026-08-15_19-12-24	1.6818653345108032	2026-08-15_19-12-24	1.574028730392456	2026-08-15_19-12-24	3.829085350036621	2026-08-15_19-12-24	3.9344282150268555	2026-08-15_19-12-24	True	2026-08-15_19-12-24	[0 1 0 0 1]	2026-08-15_19-12-24	[0 0 0 0 0]	2026-08-15_19-12-24	[0 0 0 0 0 0 0 0 0 0 0 0 0 0 0 0 0 0 0 0 0 0 0 0 0 0 0 1 0 0 0 0 0 0 0 0 0 0 0 0 0 0 0 0 0 0 0 0 0 0 0 0 0 0 0 0 0 0 0 0 0 0 0 0 0 0 0 0 0 1 0 0 0]	2026-08-15_19-12-24	[0 0 0 0 0 0 0 0 0 1 0 0 0 0 0 0 0 0 0 0 0 0 0 0 0 0 0 0 0 0 0 0 0 0 0 1 0 0 0 0 0 0 0 0 0 0 0 0 0 0 0 0 0 0 0 0 0 0 0 0 0 0 0 0 0 0 0 1 1 0 0 0 0]	2026-08-15_19-12-24	[2]	2026-08-15_19-12-24	[0 0 0 0 1]	2026-08-15_19-12-24	[0 0 0 0 1]	2026-08-15_19-12-24	[0 0 0 0 0 0 0 0 0 0 0 0 0 0 0 0 0 0 0 0 0 0 0 0 0 0 0 1 0 0 0 0 0 0 0 0 0 0 0 1 0 0 0 0 0 0 0 0 0 0 0 0 0 0 0 0 0 0 0 0 0 0 0 0 0 0 0 0 0 1 0 0 0]	2026-08-15_19-12-24	[0 0 0 0 0 0 1 0 0 1 0 0 0 0 0 0 0 0 0 0 0 0 0 0 0 0 0 0 0 0 0 0 0 0 0 1 0 0 0 0 0 0 0 0 0 0 0 0 0 0 0 0 0 0 0 0 0 0 0 0 0 0 0 0 0 0 0 1 1 0 0 0 0]	2026-08-15_19-12-24	[2]	2026-08-15_19-12-24
2	2026-08-15_19-12-24	-0.8999999761581421	2026-08-15_19-12-24	11.147340774536133	2026-08-15_19-12-24	1.669081687927246	2026-08-15_19-12-24	1.5914626121520996	2026-08-15_19-12-24	3.886291980743408	2026-08-15_19-12-24	4.000504493713379	2026-08-15_19-12-24	True	2026-08-15_19-12-24	[0 0 0 0 1]	2026-08-15_19-12-24	[0 0 0 0 1]	2026-08-15_19-12-24	[0 0 0 0 0 0 0 0 0 0 0 0 0 0 0 0 0 0 0 0 0 0 0 0 0 0 0 1 0 0 0 0 0 0 0 0 0 0 0 1 0 0 0 0 0 0 0 0 0 0 0 0 0 0 0 0 0 0 0 0 0 0 0 0 0 0 0 0 0 1 0 0 0]	2026-08-15_19-12-24	[0 0 0 0 0 0 1 0 0 1 0 0 0 0 0 0 0 0 0 0 0 0 0 0 0 0 0 0 0 0 0 0 0 0 0 1 0 0 0 0 0 0 0 0 0 0 0 0 0 0 0 0 0 0 0 0 0 0 0 0 0 0 0 0 0 0 0 1 1 0 0 0 0]	2026-08-15_19-12-24	[2]	2026-08-15_19-12-24	[0 1 0 0 1]	2026-08-15_19-12-24	[0 0 0 0 0]	2026-08-15_19-12-24	[0 0 0 0 0 0 0 0 0 0 0 0 0 0 0 0 0 0 0 0 0 0 0 0 0 0 0 1 0 0 0 0 0 0 0 0 0 0 0 0 0 0 0 0 0 0 0 0 0 0 0 0 0 0 0 0 0 0 0 0 0 0 0 0 0 0 0 0 0 1 0 0 0]	2026-08-15_19-12-24	[0 0 0 0 0 0 0 0 0 1 0 0 0 0 0 0 0 0 0 0 0 0 0 0 0 0 0 0 0 0 0 0 0 0 0 1 0 0 0 0 0 0 0 0 0 0 0 0 0 0 0 0 0 0 0 0 0 0 0 0 0 0 0 0 0 0 0 1 1 0 0 0 0]	2026-08-15_19-12-24	[2]	2026-08-15_19-12-24
2	2026-08-15_19-12-24	-0.8999999761581421	2026-08-15_19-12-24	11.149616241455078	2026-08-15_19-12-24	1.6755481958389282	2026-08-15_19-12-24	1.5867446660995483	2026-08-15_19-12-24	3.8923587799072266	2026-08-15_19-12-24	3.994964122772217	2026-08-15_19-12-24	True	2026-08-15_19-12-24	[0 1 0 0 1]	2026-08-15_19-12-24	[0 0 0 0 0]	2026-08-15_19-12-24	[0 0 0 0 0 0 0 0 0 0 0 0 0 0 0 0 0 0 0 0 0 0 0 0 0 0 0 1 0 0 0 0 0 0 0 0 0 0 0 0 0 0 0 0 0 0 0 0 0 0 0 0 0 0 0 0 0 0 0 0 0 0 0 0 0 0 0 0 0 1 0 0 0]	2026-08-15_19-12-24	[0 0 0 0 0 0 0 0 0 1 0 0 0 0 0 0 0 0 0 0 0 0 0 0 0 0 0 0 0 0 0 0 0 0 0 1 0 0 0 0 0 0 0 0 0 0 0 0 0 0 0 0 0 0 0 0 0 0 0 0 0 0 0 0 0 0 0 1 1 0 0 0 0]	2026-08-15_19-12-24	[2]	2026-08-15_19-12-24	[0 0 0 0 1]	2026-08-15_19-12-24	[0 0 0 0 1]	2026-08-15_19-12-24	[0 0 0 0 0 0 0 0 0 0 0 0 0 0 0 0 0 0 0 0 0 0 0 0 0 0 0 1 0 0 0 0 0 0 0 0 0 0 0 1 0 0 0 0 0 0 0 0 0 0 0 0 0 0 0 0 0 0 0 0 0 0 0 0 0 0 0 0 0 1 0 0 0]	2026-08-15_19-12-24	[0 0 0 0 0 0 1 0 0 1 0 0 0 0 0 0 0 0 0 0 0 0 0 0 0 0 0 0 0 0 0 0 0 0 0 1 0 0 0 0 0 0 0 0 0 0 0 0 0 0 0 0 0 0 0 0 0 0 0 0 0 0 0 0 0 0 0 1 1 0 0 0 0]	2026-08-15_19-12-24	[2]	2026-08-15_19-12-24
2	2026-08-15_19-12-24	-0.8999999761581421	2026-08-15_19-12-24	11.114227294921875	2026-08-15_19-12-24	1.6651079654693604	2026-08-15_19-12-24	1.595876693725586	2026-08-15_19-12-24	3.863872528076172	2026-08-15_19-12-24	3.989370346069336	2026-08-15_19-12-24	True	2026-08-15_19-12-24	[0 0 0 0 1]	2026-08-15_19-12-24	[0 0 0 0 1]	2026-08-15_19-12-24	[0 0 0 0 0 0 0 0 0 0 0 0 0 0 0 0 0 0 0 0 0 0 0 0 0 0 0 1 0 0 0 0 0 0 0 0 0 0 0 1 0 0 0 0 0 0 0 0 0 0 0 0 0 0 0 0 0 0 0 0 0 0 0 0 0 0 0 0 0 1 0 0 0]	2026-08-15_19-12-24	[0 0 0 0 0 0 1 0 0 1 0 0 0 0 0 0 0 0 0 0 0 0 0 0 0 0 0 0 0 0 0 0 0 0 0 1 0 0 0 0 0 0 0 0 0 0 0 0 0 0 0 0 0 0 0 0 0 0 0 0 0 0 0 0 0 0 0 1 1 0 0 0 0]	2026-08-15_19-12-24	[2]	2026-08-15_19-12-24	[0 1 0 0 1]	2026-08-15_19-12-24	[0 0 0 0 0]	2026-08-15_19-12-24	[0 0 0 0 0 0 0 0 0 0 0 0 0 0 0 0 0 0 0 0 0 0 0 0 0 0 0 1 0 0 0 0 0 0 0 0 0 0 0 0 0 0 0 0 0 0 0 0 0 0 0 0 0 0 0 0 0 0 0 0 0 0 0 0 0 0 0 0 0 1 0 0 0]	2026-08-15_19-12-24	[0 0 0 0 0 0 0 0 0 1 0 0 0 0 0 0 0 0 0 0 0 0 0 0 0 0 0 0 0 0 0 0 0 0 0 1 0 0 0 0 0 0 0 0 0 0 0 0 0 0 0 0 0 0 0 0 0 0 0 0 0 0 0 0 0 0 0 1 1 0 0 0 0]	2026-08-15_19-12-24	[2]	2026-08-15_19-12-24
2	2026-08-15_19-12-24	-0.8999999761581421	2026-08-15_19-12-24	11.075281143188477	2026-08-15_19-12-24	1.6807981729507446	2026-08-15_19-12-24	1.5749824047088623	2026-08-15_19-12-24	3.8596925735473633	2026-08-15_19-12-24	3.9598076343536377	2026-08-15_19-12-24	True	2026-08-15_19-12-24	[0 1 0 0 1]	2026-08-15_19-12-24	[0 0 0 0 0]	2026-08-15_19-12-24	[0 0 0 0 0 0 0 0 0 0 0 0 0 0 0 0 0 0 0 0 0 0 0 0 0 0 0 1 0 0 0 0 0 0 0 0 0 0 0 0 0 0 0 0 0 0 0 0 0 0 0 0 0 0 0 0 0 0 0 0 0 0 0 0 0 0 0 0 0 1 0 0 0]	2026-08-15_19-12-24	[0 0 0 0 0 0 0 0 0 1 0 0 0 0 0 0 0 0 0 0 0 0 0 0 0 0 0 0 0 0 0 0 0 0 0 1 0 0 0 0 0 0 0 0 0 0 0 0 0 0 0 0 0 0 0 0 0 0 0 0 0 0 0 0 0 0 0 1 1 0 0 0 0]	2026-08-15_19-12-24	[2]	2026-08-15_19-12-24	[0 0 0 0 1]	2026-08-15_19-12-24	[0 0 0 0 1]	2026-08-15_19-12-24	[0 0 0 0 0 0 0 0 0 0 0 0 0 0 0 0 0 0 0 0 0 0 0 0 0 0 0 1 0 0 0 0 0 0 0 0 0 0 0 1 0 0 0 0 0 0 0 0 0 0 0 0 0 0 0 0 0 0 0 0 0 0 0 0 0 0 0 0 0 1 0 0 0]	2026-08-15_19-12-24	[0 0 0 0 0 0 1 0 0 1 0 0 0 0 0 0 0 0 0 0 0 0 0 0 0 0 0 0 0 0 0 0 0 0 0 1 0 0 0 0 0 0 0 0 0 0 0 0 0 0 0 0 0 0 0 0 0 0 0 0 0 0 0 0 0 0 0 1 1 0 0 0 0]	2026-08-15_19-12-24	[2]	2026-08-15_19-12-24
2	2026-08-15_19-12-24	-0.8999999761581421	2026-08-15_19-12-24	11.077136993408203	2026-08-15_19-12-24	1.6530656814575195	2026-08-15_19-12-24	1.590358018875122	2026-08-15_19-12-24	3.844681978225708	2026-08-15_19-12-24	3.9890313148498535	2026-08-15_19-12-24	True	2026-08-15_19-12-24	[0 0 0 0 1]	2026-08-15_19-12-24	[0 0 0 0 1]	2026-08-15_19-12-24	[0 0 0 0 0 0 0 0 0 0 0 0 0 0 0 0 0 0 0 0 0 0 0 0 0 0 0 1 0 0 0 0 0 0 0 0 0 0 0 1 0 0 0 0 0 0 0 0 0 0 0 0 0 0 0 0 0 0 0 0 0 0 0 0 0 0 0 0 0 1 0 0 0]	2026-08-15_19-12-24	[0 0 0 0 0 0 1 0 0 1 0 0 0 0 0 0 0 0 0 0 0 0 0 0 0 0 0 0 0 0 0 0 0 0 0 1 0 0 0 0 0 0 0 0 0 0 0 0 0 0 0 0 0 0 0 0 0 0 0 0 0 0 0 0 0 0 0 1 1 0 0 0 0]	2026-08-15_19-12-24	[2]	2026-08-15_19-12-24	[0 1 0 0 1]	2026-08-15_19-12-24	[0 0 0 0 0]	2026-08-15_19-12-24	[0 0 0 0 0 0 0 0 0 0 0 0 0 0 0 0 0 0 0 0 0 0 0 0 0 0 0 1 0 0 0 0 0 0 0 0 0 0 0 0 0 0 0 0 0 0 0 0 0 0 0 0 0 0 0 0 0 0 0 0 0 0 0 0 0 0 0 0 0 1 0 0 0]	2026-08-15_19-12-24	[0 0 0 0 0 0 0 0 0 1 0 0 0 0 0 0 0 0 0 0 0 0 0 0 0 0 0 0 0 0 0 0 0 0 0 1 0 0 0 0 0 0 0 0 0 0 0 0 0 0 0 0 0 0 0 0 0 0 0 0 0 0 0 0 0 0 0 1 1 0 0 0 0]	2026-08-15_19-12-24	[2]	2026-08-15_19-12-24
2	2026-08-15_19-12-24	-0.8999999761581421	2026-08-15_19-12-24	11.160113334655762	2026-08-15_19-12-24	1.6860121488571167	2026-08-15_19-12-24	1.5972576141357422	2026-08-15_19-12-24	3.895134925842285	2026-08-15_19-12-24	3.981708288192749	2026-08-15_19-12-24	True	2026-08-15_19-12-24	[0 1 0 0 1]	2026-08-15_19-12-24	[0 0 0 0 0]	2026-08-15_19-12-24	[0 0 0 0 0 0 0 0 0 0 0 0 0 0 0 0 0 0 0 0 0 0 0 0 0 0 0 1 0 0 0 0 0 0 0 0 0 0 0 0 0 0 0 0 0 0 0 0 0 0 0 0 0 0 0 0 0 0 0 0 0 0 0 0 0 0 0 0 0 1 0 0 0]	2026-08-15_19-12-24	[0 0 0 0 0 0 0 0 0 1 0 0 0 0 0 0 0 0 0 0 0 0 0 0 0 0 0 0 0 0 0 0 0 0 0 1 0 0 0 0 0 0 0 0 0 0 0 0 0 0 0 0 0 0 0 0 0 0 0 0 0 0 0 0 0 0 0 1 1 0 0 0 0]	2026-08-15_19-12-24	[2]	2026-08-15_19-12-24	[0 0 0 0 1]	2026-08-15_19-12-24	[0 0 0 0 1]	2026-08-15_19-12-24	[0 0 0 0 0 0 0 0 0 0 0 0 0 0 0 0 0 0 0 0 0 0 0 0 0 0 0 1 0 0 0 0 0 0 0 0 0 0 0 1 0 0 0 0 0 0 0 0 0 0 0 0 0 0 0 0 0 0 0 0 0 0 0 0 0 0 0 0 0 1 0 0 0]	2026-08-15_19-12-24	[0 0 0 0 0 0 1 0 0 1 0 0 0 0 0 0 0 0 0 0 0 0 0 0 0 0 0 0 0 0 0 0 0 0 0 1 0 0 0 0 0 0 0 0 0 0 0 0 0 0 0 0 0 0 0 0 0 0 0 0 0 0 0 0 0 0 0 1 1 0 0 0 0]	2026-08-15_19-12-24	[2]	2026-08-15_19-12-24
2	2026-08-15_19-12-24	-0.8999999761581421	2026-08-15_19-12-24	11.089658737182617	2026-08-15_19-12-24	1.6756839752197266	2026-08-15_19-12-24	1.585355281829834	2026-08-15_19-12-24	3.8598480224609375	2026-08-15_19-12-24	3.9687719345092773	2026-08-15_19-12-24	True	2026-08-15_19-12-24	[0 0 0 0 1]	2026-08-15_19-12-24	[0 0 0 0 1]	2026-08-15_19-12-24	[0 0 0 0 0 0 0 0 0 0 0 0 0 0 0 0 0 0 0 0 0 0 0 0 0 0 0 1 0 0 0 0 0 0 0 0 0 0 0 1 0 0 0 0 0 0 0 0 0 0 0 0 0 0 0 0 0 0 0 0 0 0 0 0 0 0 0 0 0 1 0 0 0]	2026-08-15_19-12-24	[0 0 0 0 0 0 1 0 0 1 0 0 0 0 0 0 0 0 0 0 0 0 0 0 0 0 0 0 0 0 0 0 0 0 0 1 0 0 0 0 0 0 0 0 0 0 0 0 0 0 0 0 0 0 0 0 0 0 0 0 0 0 0 0 0 0 0 1 1 0 0 0 0]	2026-08-15_19-12-24	[2]	2026-08-15_19-12-24	[0 1 0 0 1]	2026-08-15_19-12-24	[0 0 0 0 0]	2026-08-15_19-12-24	[0 0 0 0 0 0 0 0 0 0 0 0 0 0 0 0 0 0 0 0 0 0 0 0 0 0 0 1 0 0 0 0 0 0 0 0 0 0 0 0 0 0 0 0 0 0 0 0 0 0 0 0 0 0 0 0 0 0 0 0 0 0 0 0 0 0 0 0 0 1 0 0 0]	2026-08-15_19-12-24	[0 0 0 0 0 0 0 0 0 1 0 0 0 0 0 0 0 0 0 0 0 0 0 0 0 0 0 0 0 0 0 0 0 0 0 1 0 0 0 0 0 0 0 0 0 0 0 0 0 0 0 0 0 0 0 0 0 0 0 0 0 0 0 0 0 0 0 1 1 0 0 0 0]	2026-08-15_19-12-24	[2]	2026-08-15_19-12-24
2	2026-08-15_19-12-24	-0.8999999761581421	2026-08-15_19-12-24	11.04883861541748	2026-08-15_19-12-24	1.6864089965820312	2026-08-15_19-12-24	1.5731171369552612	2026-08-15_19-12-24	3.8515164852142334	2026-08-15_19-12-24	3.937795639038086	2026-08-15_19-12-24	True	2026-08-15_19-12-24	[0 1 0 0 1]	2026-08-15_19-12-24	[0 0 0 0 0]	2026-08-15_19-12-24	[0 0 0 0 0 0 0 0 0 0 0 0 0 0 0 0 0 0 0 0 0 0 0 0 0 0 0 1 0 0 0 0 0 0 0 0 0 0 0 0 0 0 0 0 0 0 0 0 0 0 0 0 0 0 0 0 0 0 0 0 0 0 0 0 0 0 0 0 0 1 0 0 0]	2026-08-15_19-12-24	[0 0 0 0 0 0 0 0 0 1 0 0 0 0 0 0 0 0 0 0 0 0 0 0 0 0 0 0 0 0 0 0 0 0 0 1 0 0 0 0 0 0 0 0 0 0 0 0 0 0 0 0 0 0 0 0 0 0 0 0 0 0 0 0 0 0 0 1 1 0 0 0 0]	2026-08-15_19-12-24	[2]	2026-08-15_19-12-24	[0 0 0 0 1]	2026-08-15_19-12-24	[0 0 0 0 1]	2026-08-15_19-12-24	[0 0 0 0 0 0 0 0 0 0 0 0 0 0 0 0 0 0 0 0 0 0 0 0 0 0 0 1 0 0 0 0 0 0 0 0 0 0 0 1 0 0 0 0 0 0 0 0 0 0 0 0 0 0 0 0 0 0 0 0 0 0 0 0 0 0 0 0 0 1 0 0 0]	2026-08-15_19-12-24	[0 0 0 0 0 0 1 0 0 1 0 0 0 0 0 0 0 0 0 0 0 0 0 0 0 0 0 0 0 0 0 0 0 0 0 1 0 0 0 0 0 0 0 0 0 0 0 0 0 0 0 0 0 0 0 0 0 0 0 0 0 0 0 0 0 0 0 1 1 0 0 0 0]	2026-08-15_19-12-24	[2]	2026-08-15_19-12-24
2	2026-08-15_19-12-24	-0.8999999761581421	2026-08-15_19-12-24	11.054466247558594	2026-08-15_19-12-24	1.670562744140625	2026-08-15_19-12-24	1.5905808210372925	2026-08-15_19-12-24	3.830357551574707	2026-08-15_19-12-24	3.9629645347595215	2026-08-15_19-12-24	True	2026-08-15_19-12-24	[0 0 0 0 1]	2026-08-15_19-12-24	[0 0 0 0 1]	2026-08-15_19-12-24	[0 0 0 0 0 0 0 0 0 0 0 0 0 0 0 0 0 0 0 0 0 0 0 0 0 0 0 1 0 0 0 0 0 0 0 0 0 0 0 1 0 0 0 0 0 0 0 0 0 0 0 0 0 0 0 0 0 0 0 0 0 0 0 0 0 0 0 0 0 1 0 0 0]	2026-08-15_19-12-24	[0 0 0 0 0 0 1 0 0 1 0 0 0 0 0 0 0 0 0 0 0 0 0 0 0 0 0 0 0 0 0 0 0 0 0 1 0 0 0 0 0 0 0 0 0 0 0 0 0 0 0 0 0 0 0 0 0 0 0 0 0 0 0 0 0 0 0 1 1 0 0 0 0]	2026-08-15_19-12-24	[2]	2026-08-15_19-12-24	[0 1 0 0 1]	2026-08-15_19-12-24	[0 0 0 0 0]	2026-08-15_19-12-24	[0 0 0 0 0 0 0 0 0 0 0 0 0 0 0 0 0 0 0 0 0 0 0 0 0 0 0 1 0 0 0 0 0 0 0 0 0 0 0 0 0 0 0 0 0 0 0 0 0 0 0 0 0 0 0 0 0 0 0 0 0 0 0 0 0 0 0 0 0 1 0 0 0]	2026-08-15_19-12-24	[0 0 0 0 0 0 0 0 0 1 0 0 0 0 0 0 0 0 0 0 0 0 0 0 0 0 0 0 0 0 0 0 0 0 0 1 0 0 0 0 0 0 0 0 0 0 0 0 0 0 0 0 0 0 0 0 0 0 0 0 0 0 0 0 0 0 0 1 1 0 0 0 0]	2026-08-15_19-12-24	[2]	2026-08-15_19-12-24
2	2026-08-15_19-12-24	-0.8999999761581421	2026-08-15_19-12-24	11.050533294677734	2026-08-15_19-12-24	1.6839337348937988	2026-08-15_19-12-24	1.5809171199798584	2026-08-15_19-12-24	3.8454818725585938	2026-08-15_19-12-24	3.9402003288269043	2026-08-15_19-12-24	True	2026-08-15_19-12-24	[0 1 0 0 1]	2026-08-15_19-12-24	[0 0 0 0 0]	2026-08-15_19-12-24	[0 0 0 0 0 0 0 0 0 0 0 0 0 0 0 0 0 0 0 0 0 0 0 0 0 0 0 1 0 0 0 0 0 0 0 0 0 0 0 0 0 0 0 0 0 0 0 0 0 0 0 0 0 0 0 0 0 0 0 0 0 0 0 0 0 0 0 0 0 1 0 0 0]	2026-08-15_19-12-24	[0 0 0 0 0 0 0 0 0 1 0 0 0 0 0 0 0 0 0 0 0 0 0 0 0 0 0 0 0 0 0 0 0 0 0 1 0 0 0 0 0 0 0 0 0 0 0 0 0 0 0 0 0 0 0 0 0 0 0 0 0 0 0 0 0 0 0 1 1 0 0 0 0]	2026-08-15_19-12-24	[2]	2026-08-15_19-12-24	[0 0 0 0 1]	2026-08-15_19-12-24	[0 0 0 0 1]	2026-08-15_19-12-24	[0 0 0 0 0 0 0 0 0 0 0 0 0 0 0 0 0 0 0 0 0 0 0 0 0 0 0 1 0 0 0 0 0 0 0 0 0 0 0 1 0 0 0 0 0 0 0 0 0 0 0 0 0 0 0 0 0 0 0 0 0 0 0 0 0 0 0 0 0 1 0 0 0]	2026-08-15_19-12-24	[0 0 0 0 0 0 1 0 0 1 0 0 0 0 0 0 0 0 0 0 0 0 0 0 0 0 0 0 0 0 0 0 0 0 0 1 0 0 0 0 0 0 0 0 0 0 0 0 0 0 0 0 0 0 0 0 0 0 0 0 0 0 0 0 0 0 0 1 1 0 0 0 0]	2026-08-15_19-12-24	[2]	2026-08-15_19-12-24
2	2026-08-15_19-12-24	-0.8999999761581421	2026-08-15_19-12-24	11.092267990112305	2026-08-15_19-12-24	1.6618540287017822	2026-08-15_19-12-24	1.5988619327545166	2026-08-15_19-12-24	3.84712553024292	2026-08-15_19-12-24	3.984426975250244	2026-08-15_19-12-24	True	2026-08-15_19-12-24	[0 0 0 0 1]	2026-08-15_19-12-24	[0 0 0 0 1]	2026-08-15_19-12-24	[0 0 0 0 0 0 0 0 0 0 0 0 0 0 0 0 0 0 0 0 0 0 0 0 0 0 0 1 0 0 0 0 0 0 0 0 0 0 0 1 0 0 0 0 0 0 0 0 0 0 0 0 0 0 0 0 0 0 0 0 0 0 0 0 0 0 0 0 0 1 0 0 0]	2026-08-15_19-12-24	[0 0 0 0 0 0 1 0 0 1 0 0 0 0 0 0 0 0 0 0 0 0 0 0 0 0 0 0 0 0 0 0 0 0 0 1 0 0 0 0 0 0 0 0 0 0 0 0 0 0 0 0 0 0 0 0 0 0 0 0 0 0 0 0 0 0 0 1 1 0 0 0 0]	2026-08-15_19-12-24	[2]	2026-08-15_19-12-24	[0 1 0 0 1]	2026-08-15_19-12-24	[0 0 0 0 0]	2026-08-15_19-12-24	[0 0 0 0 0 0 0 0 0 0 0 0 0 0 0 0 0 0 0 0 0 0 0 0 0 0 0 1 0 0 0 0 0 0 0 0 0 0 0 0 0 0 0 0 0 0 0 0 0 0 0 0 0 0 0 0 0 0 0 0 0 0 0 0 0 0 0 0 0 1 0 0 0]	2026-08-15_19-12-24	[0 0 0 0 0 0 0 0 0 1 0 0 0 0 0 0 0 0 0 0 0 0 0 0 0 0 0 0 0 0 0 0 0 0 0 1 0 0 0 0 0 0 0 0 0 0 0 0 0 0 0 0 0 0 0 0 0 0 0 0 0 0 0 0 0 0 0 1 1 0 0 0 0]	2026-08-15_19-12-24	[2]	2026-08-15_19-12-24
2	2026-08-15_19-12-24	-0.8999999761581421	2026-08-15_19-12-24	11.143016815185547	2026-08-15_19-12-24	1.683624029159546	2026-08-15_19-12-24	1.5933029651641846	2026-08-15_19-12-24	3.8876185417175293	2026-08-15_19-12-24	3.978471279144287	2026-08-15_19-12-24	True	2026-08-15_19-12-24	[0 1 0 0 1]	2026-08-15_19-12-24	[0 0 0 0 0]	2026-08-15_19-12-24	[0 0 0 0 0 0 0 0 0 0 0 0 0 0 0 0 0 0 0 0 0 0 0 0 0 0 0 1 0 0 0 0 0 0 0 0 0 0 0 0 0 0 0 0 0 0 0 0 0 0 0 0 0 0 0 0 0 0 0 0 0 0 0 0 0 0 0 0 0 1 0 0 0]	2026-08-15_19-12-24	[0 0 0 0 0 0 0 0 0 1 0 0 0 0 0 0 0 0 0 0 0 0 0 0 0 0 0 0 0 0 0 0 0 0 0 1 0 0 0 0 0 0 0 0 0 0 0 0 0 0 0 0 0 0 0 0 0 0 0 0 0 0 0 0 0 0 0 1 1 0 0 0 0]	2026-08-15_19-12-24	[2]	2026-08-15_19-12-24	[0 0 0 0 1]	2026-08-15_19-12-24	[0 0 0 0 1]	2026-08-15_19-12-24	[0 0 0 0 0 0 0 0 0 0 0 0 0 0 0 0 0 0 0 0 0 0 0 0 0 0 0 1 0 0 0 0 0 0 0 0 0 0 0 1 0 0 0 0 0 0 0 0 0 0 0 0 0 0 0 0 0 0 0 0 0 0 0 0 0 0 0 0 0 1 0 0 0]	2026-08-15_19-12-24	[0 0 0 0 0 0 1 0 0 1 0 0 0 0 0 0 0 0 0 0 0 0 0 0 0 0 0 0 0 0 0 0 0 0 0 1 0 0 0 0 0 0 0 0 0 0 0 0 0 0 0 0 0 0 0 0 0 0 0 0 0 0 0 0 0 0 0 1 1 0 0 0 0]	2026-08-15_19-12-24	[2]	2026-08-15_19-12-24
2	2026-08-15_19-12-24	-0.8999999761581421	2026-08-15_19-12-24	11.011345863342285	2026-08-15_19-12-24	1.6707700490951538	2026-08-15_19-12-24	1.569915771484375	2026-08-15_19-12-24	3.8228776454925537	2026-08-15_19-12-24	3.9477827548980713	2026-08-15_19-12-24	True	2026-08-15_19-12-24	[0 0 0 0 1]	2026-08-15_19-12-24	[0 0 0 0 1]	2026-08-15_19-12-24	[0 0 0 0 0 0 0 0 0 0 0 0 0 0 0 0 0 0 0 0 0 0 0 0 0 0 0 1 0 0 0 0 0 0 0 0 0 0 0 1 0 0 0 0 0 0 0 0 0 0 0 0 0 0 0 0 0 0 0 0 0 0 0 0 0 0 0 0 0 1 0 0 0]	2026-08-15_19-12-24	[0 0 0 0 0 0 1 0 0 1 0 0 0 0 0 0 0 0 0 0 0 0 0 0 0 0 0 0 0 0 0 0 0 0 0 1 0 0 0 0 0 0 0 0 0 0 0 0 0 0 0 0 0 0 0 0 0 0 0 0 0 0 0 0 0 0 0 1 1 0 0 0 0]	2026-08-15_19-12-24	[2]	2026-08-15_19-12-24	[0 1 0 0 1]	2026-08-15_19-12-24	[0 0 0 0 0]	2026-08-15_19-12-24	[0 0 0 0 0 0 0 0 0 0 0 0 0 0 0 0 0 0 0 0 0 0 0 0 0 0 0 1 0 0 0 0 0 0 0 0 0 0 0 0 0 0 0 0 0 0 0 0 0 0 0 0 0 0 0 0 0 0 0 0 0 0 0 0 0 0 0 0 0 1 0 0 0]	2026-08-15_19-12-24	[0 0 0 0 0 0 0 0 0 1 0 0 0 0 0 0 0 0 0 0 0 0 0 0 0 0 0 0 0 0 0 0 0 0 0 1 0 0 0 0 0 0 0 0 0 0 0 0 0 0 0 0 0 0 0 0 0 0 0 0 0 0 0 0 0 0 0 1 1 0 0 0 0]	2026-08-15_19-12-24	[2]	2026-08-15_19-12-24
2	2026-08-15_19-12-24	-0.8999999761581421	2026-08-15_19-12-24	11.120332717895508	2026-08-15_19-12-24	1.6847388744354248	2026-08-15_19-12-24	1.5894229412078857	2026-08-15_19-12-24	3.876776695251465	2026-08-15_19-12-24	3.9693942070007324	2026-08-15_19-12-24	True	2026-08-15_19-12-24	[0 1 0 0 1]	2026-08-15_19-12-24	[0 0 0 0 0]	2026-08-15_19-12-24	[0 0 0 0 0 0 0 0 0 0 0 0 0 0 0 0 0 0 0 0 0 0 0 0 0 0 0 1 0 0 0 0 0 0 0 0 0 0 0 0 0 0 0 0 0 0 0 0 0 0 0 0 0 0 0 0 0 0 0 0 0 0 0 0 0 0 0 0 0 1 0 0 0]	2026-08-15_19-12-24	[0 0 0 0 0 0 0 0 0 1 0 0 0 0 0 0 0 0 0 0 0 0 0 0 0 0 0 0 0 0 0 0 0 0 0 1 0 0 0 0 0 0 0 0 0 0 0 0 0 0 0 0 0 0 0 0 0 0 0 0 0 0 0 0 0 0 0 1 1 0 0 0 0]	2026-08-15_19-12-24	[2]	2026-08-15_19-12-24	[0 0 0 0 1]	2026-08-15_19-12-24	[0 0 0 0 1]	2026-08-15_19-12-24	[0 0 0 0 0 0 0 0 0 0 0 0 0 0 0 0 0 0 0 0 0 0 0 0 0 0 0 1 0 0 0 0 0 0 0 0 0 0 0 1 0 0 0 0 0 0 0 0 0 0 0 0 0 0 0 0 0 0 0 0 0 0 0 0 0 0 0 0 0 1 0 0 0]	2026-08-15_19-12-24	[0 0 0 0 0 0 1 0 0 1 0 0 0 0 0 0 0 0 0 0 0 0 0 0 0 0 0 0 0 0 0 0 0 0 0 1 0 0 0 0 0 0 0 0 0 0 0 0 0 0 0 0 0 0 0 0 0 0 0 0 0 0 0 0 0 0 0 1 1 0 0 0 0]	2026-08-15_19-12-24	[2]	2026-08-15_19-12-24
2	2026-08-15_19-12-24	-0.8999999761581421	2026-08-15_19-12-24	11.096283912658691	2026-08-15_19-12-24	1.6699331998825073	2026-08-15_19-12-24	1.5862512588500977	2026-08-15_19-12-24	3.8607115745544434	2026-08-15_19-12-24	3.9793877601623535	2026-08-15_19-12-24	True	2026-08-15_19-12-24	[0 0 0 0 1]	2026-08-15_19-12-24	[0 0 0 0 1]	2026-08-15_19-12-24	[0 0 0 0 0 0 0 0 0 0 0 0 0 0 0 0 0 0 0 0 0 0 0 0 0 0 0 1 0 0 0 0 0 0 0 0 0 0 0 1 0 0 0 0 0 0 0 0 0 0 0 0 0 0 0 0 0 0 0 0 0 0 0 0 0 0 0 0 0 1 0 0 0]	2026-08-15_19-12-24	[0 0 0 0 0 0 1 0 0 1 0 0 0 0 0 0 0 0 0 0 0 0 0 0 0 0 0 0 0 0 0 0 0 0 0 1 0 0 0 0 0 0 0 0 0 0 0 0 0 0 0 0 0 0 0 0 0 0 0 0 0 0 0 0 0 0 0 1 1 0 0 0 0]	2026-08-15_19-12-24	[2]	2026-08-15_19-12-24	[0 1 0 0 1]	2026-08-15_19-12-24	[0 0 0 0 0]	2026-08-15_19-12-24	[0 0 0 0 0 0 0 0 0 0 0 0 0 0 0 0 0 0 0 0 0 0 0 0 0 0 0 1 0 0 0 0 0 0 0 0 0 0 0 0 0 0 0 0 0 0 0 0 0 0 0 0 0 0 0 0 0 0 0 0 0 0 0 0 0 0 0 0 0 1 0 0 0]	2026-08-15_19-12-24	[0 0 0 0 0 0 0 0 0 1 0 0 0 0 0 0 0 0 0 0 0 0 0 0 0 0 0 0 0 0 0 0 0 0 0 1 0 0 0 0 0 0 0 0 0 0 0 0 0 0 0 0 0 0 0 0 0 0 0 0 0 0 0 0 0 0 0 1 1 0 0 0 0]	2026-08-15_19-12-24	[2]	2026-08-15_19-12-24
3	2026-08-15_21-07-55	-0.8999999761581421	2026-08-15_21-07-55	10.758859634399414	2026-08-15_21-07-55	1.5994694232940674	2026-08-15_21-07-55	1.4909921884536743	2026-08-15_21-07-55	3.7993416786193848	2026-08-15_21-07-55	3.869056224822998	2026-08-15_21-07-55	True	2026-08-15_21-07-55	[0 1 1 1 0]	2026-08-15_21-07-55	[0 1 0 0 1]	2026-08-15_21-07-55	[0 0 0 0 0 0 0 0 1 0 0 0 0 0 0 0 0 0 0 0 0 0 0 0 0 0 0 0 0 0 0 0 0 0 0 0 0 0 0 0 0 0 0 0 0 0 0 0 0 0 0 0 0 0 0 0 0 0 0 0 0 0 0 0 0 0 0 0 0 0 0 0 0]	2026-08-15_21-07-55	[0 0 0 0 0 0 0 0 0 0 0 0 0 0 0 0 0 0 0 0 0 0 0 0 0 0 0 0 0 0 0 0 0 0 0 0 0 0 0 0 0 0 0 0 0 0 0 0 0 0 0 0 0 0 0 0 0 0 0 0 0 0 0 0 0 0 0 0 0 0 0 0 0]	2026-08-15_21-07-55	[2]	2026-08-15_21-07-55	[0 0 1 1 0]	2026-08-15_21-07-55	[0 1 0 0 0]	2026-08-15_21-07-55	[0 0 0 0 0 0 0 0 1 0 0 0 0 0 0 0 0 0 0 0 0 0 0 0 0 0 0 0 0 0 0 0 0 0 0 0 0 0 0 1 0 0 0 0 0 0 0 0 0 0 0 0 0 0 0 0 0 0 0 0 0 0 0 0 0 0 0 0 0 0 0 0 0]	2026-08-15_21-07-55	[0 0 0 0 0 0 0 0 0 0 0 0 0 0 0 0 1 0 0 0 0 0 0 0 0 0 0 0 0 0 0 0 0 0 0 0 0 0 0 0 0 0 0 0 0 0 0 0 0 0 0 0 0 0 0 0 0 0 0 0 0 0 0 0 0 0 0 0 0 0 0 0 0]	2026-08-15_21-07-55	[2]	2026-08-15_21-07-55
3	2026-08-15_21-07-55	-0.8999999761581421	2026-08-15_21-07-55	10.569402694702148	2026-08-15_21-07-55	1.6046297550201416	2026-08-15_21-07-55	1.5169769525527954	2026-08-15_21-07-55	3.676302671432495	2026-08-15_21-07-55	3.7714924812316895	2026-08-15_21-07-55	True	2026-08-15_21-07-55	[0 0 1 1 0]	2026-08-15_21-07-55	[0 1 0 0 0]	2026-08-15_21-07-55	[0 0 0 0 0 0 0 0 1 0 0 0 0 0 0 0 0 0 0 0 0 0 0 0 0 0 0 0 0 0 0 0 0 0 0 0 0 0 0 1 0 0 0 0 0 0 0 0 0 0 0 0 0 0 0 0 0 0 0 0 0 0 0 0 0 0 0 0 0 0 0 0 0]	2026-08-15_21-07-55	[0 0 0 0 0 0 0 0 0 0 0 0 0 0 0 0 1 0 0 0 0 0 0 0 0 0 0 0 0 0 0 0 0 0 0 0 0 0 0 0 0 0 0 0 0 0 0 0 0 0 0 0 0 0 0 0 0 0 0 0 0 0 0 0 0 0 0 0 0 0 0 0 0]	2026-08-15_21-07-55	[2]	2026-08-15_21-07-55	[0 1 1 1 0]	2026-08-15_21-07-55	[0 1 0 0 1]	2026-08-15_21-07-55	[0 0 0 0 0 0 0 0 1 0 0 0 0 0 0 0 0 0 0 0 0 0 0 0 0 0 0 0 0 0 0 0 0 0 0 0 0 0 0 0 0 0 0 0 0 0 0 0 0 0 0 0 0 0 0 0 0 0 0 0 0 0 0 0 0 0 0 0 0 0 0 0 0]	2026-08-15_21-07-55	[0 0 0 0 0 0 0 0 0 0 0 0 0 0 0 0 0 0 0 0 0 0 0 0 0 0 0 0 0 0 0 0 0 0 0 0 0 0 0 0 0 0 0 0 0 0 0 0 0 0 0 0 0 0 0 0 0 0 0 0 0 0 0 0 0 0 0 0 0 0 0 0 0]	2026-08-15_21-07-55	[2]	2026-08-15_21-07-55
3	2026-08-15_21-07-55	-0.8999999761581421	2026-08-15_21-07-55	10.743269920349121	2026-08-15_21-07-55	1.6007546186447144	2026-08-15_21-07-55	1.4919308423995972	2026-08-15_21-07-55	3.7931699752807617	2026-08-15_21-07-55	3.8574142456054688	2026-08-15_21-07-55	True	2026-08-15_21-07-55	[0 1 1 1 0]	2026-08-15_21-07-55	[0 1 0 0 1]	2026-08-15_21-07-55	[0 0 0 0 0 0 0 0 1 0 0 0 0 0 0 0 0 0 0 0 0 0 0 0 0 0 0 0 0 0 0 0 0 0 0 0 0 0 0 0 0 0 0 0 0 0 0 0 0 0 0 0 0 0 0 0 0 0 0 0 0 0 0 0 0 0 0 0 0 0 0 0 0]	2026-08-15_21-07-55	[0 0 0 0 0 0 0 0 0 0 0 0 0 0 0 0 0 0 0 0 0 0 0 0 0 0 0 0 0 0 0 0 0 0 0 0 0 0 0 0 0 0 0 0 0 0 0 0 0 0 0 0 0 0 0 0 0 0 0 0 0 0 0 0 0 0 0 0 0 0 0 0 0]	2026-08-15_21-07-55	[2]	2026-08-15_21-07-55	[0 0 1 1 0]	2026-08-15_21-07-55	[0 1 0 0 0]	2026-08-15_21-07-55	[0 0 0 0 0 0 0 0 1 0 0 0 0 0 0 0 0 0 0 0 0 0 0 0 0 0 0 0 0 0 0 0 0 0 0 0 0 0 0 1 0 0 0 0 0 0 0 0 0 0 0 0 0 0 0 0 0 0 0 0 0 0 0 0 0 0 0 0 0 0 0 0 0]	2026-08-15_21-07-55	[0 0 0 0 0 0 0 0 0 0 0 0 0 0 0 0 1 0 0 0 0 0 0 0 0 0 0 0 0 0 0 0 0 0 0 0 0 0 0 0 0 0 0 0 0 0 0 0 0 0 0 0 0 0 0 0 0 0 0 0 0 0 0 0 0 0 0 0 0 0 0 0 0]	2026-08-15_21-07-55	[2]	2026-08-15_21-07-55
3	2026-08-15_21-07-55	-0.8999999761581421	2026-08-15_21-07-55	10.439192771911621	2026-08-15_21-07-55	1.6061935424804688	2026-08-15_21-07-55	1.526009202003479	2026-08-15_21-07-55	3.5887296199798584	2026-08-15_21-07-55	3.7182607650756836	2026-08-15_21-07-55	True	2026-08-15_21-07-55	[0 0 1 1 0]	2026-08-15_21-07-55	[0 1 0 0 0]	2026-08-15_21-07-55	[0 0 0 0 0 0 0 0 1 0 0 0 0 0 0 0 0 0 0 0 0 0 0 0 0 0 0 0 0 0 0 0 0 0 0 0 0 0 0 1 0 0 0 0 0 0 0 0 0 0 0 0 0 0 0 0 0 0 0 0 0 0 0 0 0 0 0 0 0 0 0 0 0]	2026-08-15_21-07-55	[0 0 0 0 0 0 0 0 0 0 0 0 0 0 0 0 1 0 0 0 0 0 0 0 0 0 0 0 0 0 0 0 0 0 0 0 0 0 0 0 0 0 0 0 0 0 0 0 0 0 0 0 0 0 0 0 0 0 0 0 0 0 0 0 0 0 0 0 0 0 0 0 0]	2026-08-15_21-07-55	[2]	2026-08-15_21-07-55	[0 1 1 1 0]	2026-08-15_21-07-55	[0 1 0 0 1]	2026-08-15_21-07-55	[0 0 0 0 0 0 0 0 1 0 0 0 0 0 0 0 0 0 0 0 0 0 0 0 0 0 0 0 0 0 0 0 0 0 0 0 0 0 0 0 0 0 0 0 0 0 0 0 0 0 0 0 0 0 0 0 0 0 0 0 0 0 0 0 0 0 0 0 0 0 0 0 0]	2026-08-15_21-07-55	[0 0 0 0 0 0 0 0 0 0 0 0 0 0 0 0 0 0 0 0 0 0 0 0 0 0 0 0 0 0 0 0 0 0 0 0 0 0 0 0 0 0 0 0 0 0 0 0 0 0 0 0 0 0 0 0 0 0 0 0 0 0 0 0 0 0 0 0 0 0 0 0 0]	2026-08-15_21-07-55	[2]	2026-08-15_21-07-55
3	2026-08-15_21-07-55	-0.8999999761581421	2026-08-15_21-07-55	10.721479415893555	2026-08-15_21-07-55	1.5996217727661133	2026-08-15_21-07-55	1.4934829473495483	2026-08-15_21-07-55	3.783099889755249	2026-08-15_21-07-55	3.8452749252319336	2026-08-15_21-07-55	True	2026-08-15_21-07-55	[0 1 1 1 0]	2026-08-15_21-07-55	[0 1 0 0 1]	2026-08-15_21-07-55	[0 0 0 0 0 0 0 0 1 0 0 0 0 0 0 0 0 0 0 0 0 0 0 0 0 0 0 0 0 0 0 0 0 0 0 0 0 0 0 0 0 0 0 0 0 0 0 0 0 0 0 0 0 0 0 0 0 0 0 0 0 0 0 0 0 0 0 0 0 0 0 0 0]	2026-08-15_21-07-55	[0 0 0 0 0 0 0 0 0 0 0 0 0 0 0 0 0 0 0 0 0 0 0 0 0 0 0 0 0 0 0 0 0 0 0 0 0 0 0 0 0 0 0 0 0 0 0 0 0 0 0 0 0 0 0 0 0 0 0 0 0 0 0 0 0 0 0 0 0 0 0 0 0]	2026-08-15_21-07-55	[2]	2026-08-15_21-07-55	[0 0 1 1 0]	2026-08-15_21-07-55	[0 1 0 0 0]	2026-08-15_21-07-55	[0 0 0 0 0 0 0 0 1 0 0 0 0 0 0 0 0 0 0 0 0 0 0 0 0 0 0 0 0 0 0 0 0 0 0 0 0 0 0 1 0 0 0 0 0 0 0 0 0 0 0 0 0 0 0 0 0 0 0 0 0 0 0 0 0 0 0 0 0 0 0 0 0]	2026-08-15_21-07-55	[0 0 0 0 0 0 0 0 0 0 0 0 0 0 0 0 1 0 0 0 0 0 0 0 0 0 0 0 0 0 0 0 0 0 0 0 0 0 0 0 0 0 0 0 0 0 0 0 0 0 0 0 0 0 0 0 0 0 0 0 0 0 0 0 0 0 0 0 0 0 0 0 0]	2026-08-15_21-07-55	[2]	2026-08-15_21-07-55
3	2026-08-15_21-07-55	-0.8999999761581421	2026-08-15_21-07-55	10.471832275390625	2026-08-15_21-07-55	1.6057415008544922	2026-08-15_21-07-55	1.509369134902954	2026-08-15_21-07-55	3.6235134601593018	2026-08-15_21-07-55	3.733208417892456	2026-08-15_21-07-55	True	2026-08-15_21-07-55	[0 0 1 1 0]	2026-08-15_21-07-55	[0 1 0 0 0]	2026-08-15_21-07-55	[0 0 0 0 0 0 0 0 1 0 0 0 0 0 0 0 0 0 0 0 0 0 0 0 0 0 0 0 0 0 0 0 0 0 0 0 0 0 0 1 0 0 0 0 0 0 0 0 0 0 0 0 0 0 0 0 0 0 0 0 0 0 0 0 0 0 0 0 0 0 0 0 0]	2026-08-15_21-07-55	[0 0 0 0 0 0 0 0 0 0 0 0 0 0 0 0 1 0 0 0 0 0 0 0 0 0 0 0 0 0 0 0 0 0 0 0 0 0 0 0 0 0 0 0 0 0 0 0 0 0 0 0 0 0 0 0 0 0 0 0 0 0 0 0 0 0 0 0 0 0 0 0 0]	2026-08-15_21-07-55	[2]	2026-08-15_21-07-55	[0 1 1 1 0]	2026-08-15_21-07-55	[0 1 0 0 1]	2026-08-15_21-07-55	[0 0 0 0 0 0 0 0 1 0 0 0 0 0 0 0 0 0 0 0 0 0 0 0 0 0 0 0 0 0 0 0 0 0 0 0 0 0 0 0 0 0 0 0 0 0 0 0 0 0 0 0 0 0 0 0 0 0 0 0 0 0 0 0 0 0 0 0 0 0 0 0 0]	2026-08-15_21-07-55	[0 0 0 0 0 0 0 0 0 0 0 0 0 0 0 0 0 0 0 0 0 0 0 0 0 0 0 0 0 0 0 0 0 0 0 0 0 0 0 0 0 0 0 0 0 0 0 0 0 0 0 0 0 0 0 0 0 0 0 0 0 0 0 0 0 0 0 0 0 0 0 0 0]	2026-08-15_21-07-55	[2]	2026-08-15_21-07-55
3	2026-08-15_21-07-55	-0.8999999761581421	2026-08-15_21-07-55	10.666969299316406	2026-08-15_21-07-55	1.5965540409088135	2026-08-15_21-07-55	1.4789003133773804	2026-08-15_21-07-55	3.7600765228271484	2026-08-15_21-07-55	3.8314390182495117	2026-08-15_21-07-55	True	2026-08-15_21-07-55	[0 1 1 1 0]	2026-08-15_21-07-55	[0 1 0 0 1]	2026-08-15_21-07-55	[0 0 0 0 0 0 0 0 1 0 0 0 0 0 0 0 0 0 0 0 0 0 0 0 0 0 0 0 0 0 0 0 0 0 0 0 0 0 0 0 0 0 0 0 0 0 0 0 0 0 0 0 0 0 0 0 0 0 0 0 0 0 0 0 0 0 0 0 0 0 0 0 0]	2026-08-15_21-07-55	[0 0 0 0 0 0 0 0 0 0 0 0 0 0 0 0 0 0 0 0 0 0 0 0 0 0 0 0 0 0 0 0 0 0 0 0 0 0 0 0 0 0 0 0 0 0 0 0 0 0 0 0 0 0 0 0 0 0 0 0 0 0 0 0 0 0 0 0 0 0 0 0 0]	2026-08-15_21-07-55	[2]	2026-08-15_21-07-55	[0 0 1 1 0]	2026-08-15_21-07-55	[0 1 0 0 0]	2026-08-15_21-07-55	[0 0 0 0 0 0 0 0 1 0 0 0 0 0 0 0 0 0 0 0 0 0 0 0 0 0 0 0 0 0 0 0 0 0 0 0 0 0 0 1 0 0 0 0 0 0 0 0 0 0 0 0 0 0 0 0 0 0 0 0 0 0 0 0 0 0 0 0 0 0 0 0 0]	2026-08-15_21-07-55	[0 0 0 0 0 0 0 0 0 0 0 0 0 0 0 0 1 0 0 0 0 0 0 0 0 0 0 0 0 0 0 0 0 0 0 0 0 0 0 0 0 0 0 0 0 0 0 0 0 0 0 0 0 0 0 0 0 0 0 0 0 0 0 0 0 0 0 0 0 0 0 0 0]	2026-08-15_21-07-55	[2]	2026-08-15_21-07-55
3	2026-08-15_21-07-55	-0.8999999761581421	2026-08-15_21-07-55	10.443842887878418	2026-08-15_21-07-55	1.6063237190246582	2026-08-15_21-07-55	1.5200657844543457	2026-08-15_21-07-55	3.600954055786133	2026-08-15_21-07-55	3.7164993286132812	2026-08-15_21-07-55	True	2026-08-15_21-07-55	[0 0 1 1 0]	2026-08-15_21-07-55	[0 1 0 0 0]	2026-08-15_21-07-55	[0 0 0 0 0 0 0 0 1 0 0 0 0 0 0 0 0 0 0 0 0 0 0 0 0 0 0 0 0 0 0 0 0 0 0 0 0 0 0 1 0 0 0 0 0 0 0 0 0 0 0 0 0 0 0 0 0 0 0 0 0 0 0 0 0 0 0 0 0 0 0 0 0]	2026-08-15_21-07-55	[0 0 0 0 0 0 0 0 0 0 0 0 0 0 0 0 1 0 0 0 0 0 0 0 0 0 0 0 0 0 0 0 0 0 0 0 0 0 0 0 0 0 0 0 0 0 0 0 0 0 0 0 0 0 0 0 0 0 0 0 0 0 0 0 0 0 0 0 0 0 0 0 0]	2026-08-15_21-07-55	[2]	2026-08-15_21-07-55	[0 1 1 1 0]	2026-08-15_21-07-55	[0 1 0 0 1]	2026-08-15_21-07-55	[0 0 0 0 0 0 0 0 1 0 0 0 0 0 0 0 0 0 0 0 0 0 0 0 0 0 0 0 0 0 0 0 0 0 0 0 0 0 0 0 0 0 0 0 0 0 0 0 0 0 0 0 0 0 0 0 0 0 0 0 0 0 0 0 0 0 0 0 0 0 0 0 0]	2026-08-15_21-07-55	[0 0 0 0 0 0 0 0 0 0 0 0 0 0 0 0 0 0 0 0 0 0 0 0 0 0 0 0 0 0 0 0 0 0 0 0 0 0 0 0 0 0 0 0 0 0 0 0 0 0 0 0 0 0 0 0 0 0 0 0 0 0 0 0 0 0 0 0 0 0 0 0 0]	2026-08-15_21-07-55	[2]	2026-08-15_21-07-55
3	2026-08-15_21-07-55	-0.8999999761581421	2026-08-15_21-07-55	10.718831062316895	2026-08-15_21-07-55	1.6004564762115479	2026-08-15_21-07-55	1.4949746131896973	2026-08-15_21-07-55	3.7789101600646973	2026-08-15_21-07-55	3.8444900512695312	2026-08-15_21-07-55	True	2026-08-15_21-07-55	[0 1 1 1 0]	2026-08-15_21-07-55	[0 1 0 0 1]	2026-08-15_21-07-55	[0 0 0 0 0 0 0 0 1 0 0 0 0 0 0 0 0 0 0 0 0 0 0 0 0 0 0 0 0 0 0 0 0 0 0 0 0 0 0 0 0 0 0 0 0 0 0 0 0 0 0 0 0 0 0 0 0 0 0 0 0 0 0 0 0 0 0 0 0 0 0 0 0]	2026-08-15_21-07-55	[0 0 0 0 0 0 0 0 0 0 0 0 0 0 0 0 0 0 0 0 0 0 0 0 0 0 0 0 0 0 0 0 0 0 0 0 0 0 0 0 0 0 0 0 0 0 0 0 0 0 0 0 0 0 0 0 0 0 0 0 0 0 0 0 0 0 0 0 0 0 0 0 0]	2026-08-15_21-07-55	[2]	2026-08-15_21-07-55	[0 0 1 1 0]	2026-08-15_21-07-55	[0 1 0 0 0]	2026-08-15_21-07-55	[0 0 0 0 0 0 0 0 1 0 0 0 0 0 0 0 0 0 0 0 0 0 0 0 0 0 0 0 0 0 0 0 0 0 0 0 0 0 0 1 0 0 0 0 0 0 0 0 0 0 0 0 0 0 0 0 0 0 0 0 0 0 0 0 0 0 0 0 0 0 0 0 0]	2026-08-15_21-07-55	[0 0 0 0 0 0 0 0 0 0 0 0 0 0 0 0 1 0 0 0 0 0 0 0 0 0 0 0 0 0 0 0 0 0 0 0 0 0 0 0 0 0 0 0 0 0 0 0 0 0 0 0 0 0 0 0 0 0 0 0 0 0 0 0 0 0 0 0 0 0 0 0 0]	2026-08-15_21-07-55	[2]	2026-08-15_21-07-55
3	2026-08-15_21-07-55	-0.8999999761581421	2026-08-15_21-07-55	10.618858337402344	2026-08-15_21-07-55	1.604081392288208	2026-08-15_21-07-55	1.5110570192337036	2026-08-15_21-07-55	3.709705352783203	2026-08-15_21-07-55	3.7940139770507812	2026-08-15_21-07-55	True	2026-08-15_21-07-55	[0 0 1 1 0]	2026-08-15_21-07-55	[0 1 0 0 0]	2026-08-15_21-07-55	[0 0 0 0 0 0 0 0 1 0 0 0 0 0 0 0 0 0 0 0 0 0 0 0 0 0 0 0 0 0 0 0 0 0 0 0 0 0 0 1 0 0 0 0 0 0 0 0 0 0 0 0 0 0 0 0 0 0 0 0 0 0 0 0 0 0 0 0 0 0 0 0 0]	2026-08-15_21-07-55	[0 0 0 0 0 0 0 0 0 0 0 0 0 0 0 0 1 0 0 0 0 0 0 0 0 0 0 0 0 0 0 0 0 0 0 0 0 0 0 0 0 0 0 0 0 0 0 0 0 0 0 0 0 0 0 0 0 0 0 0 0 0 0 0 0 0 0 0 0 0 0 0 0]	2026-08-15_21-07-55	[2]	2026-08-15_21-07-55	[0 1 1 1 0]	2026-08-15_21-07-55	[0 1 0 0 1]	2026-08-15_21-07-55	[0 0 0 0 0 0 0 0 1 0 0 0 0 0 0 0 0 0 0 0 0 0 0 0 0 0 0 0 0 0 0 0 0 0 0 0 0 0 0 0 0 0 0 0 0 0 0 0 0 0 0 0 0 0 0 0 0 0 0 0 0 0 0 0 0 0 0 0 0 0 0 0 0]	2026-08-15_21-07-55	[0 0 0 0 0 0 0 0 0 0 0 0 0 0 0 0 0 0 0 0 0 0 0 0 0 0 0 0 0 0 0 0 0 0 0 0 0 0 0 0 0 0 0 0 0 0 0 0 0 0 0 0 0 0 0 0 0 0 0 0 0 0 0 0 0 0 0 0 0 0 0 0 0]	2026-08-15_21-07-55	[2]	2026-08-15_21-07-55
3	2026-08-15_21-07-55	-0.8999999761581421	2026-08-15_21-07-55	10.708142280578613	2026-08-15_21-07-55	1.5989187955856323	2026-08-15_21-07-55	1.4750802516937256	2026-08-15_21-07-55	3.7854275703430176	2026-08-15_21-07-55	3.8487157821655273	2026-08-15_21-07-55	True	2026-08-15_21-07-55	[0 1 1 1 0]	2026-08-15_21-07-55	[0 1 0 0 1]	2026-08-15_21-07-55	[0 0 0 0 0 0 0 0 1 0 0 0 0 0 0 0 0 0 0 0 0 0 0 0 0 0 0 0 0 0 0 0 0 0 0 0 0 0 0 0 0 0 0 0 0 0 0 0 0 0 0 0 0 0 0 0 0 0 0 0 0 0 0 0 0 0 0 0 0 0 0 0 0]	2026-08-15_21-07-55	[0 0 0 0 0 0 0 0 0 0 0 0 0 0 0 0 0 0 0 0 0 0 0 0 0 0 0 0 0 0 0 0 0 0 0 0 0 0 0 0 0 0 0 0 0 0 0 0 0 0 0 0 0 0 0 0 0 0 0 0 0 0 0 0 0 0 0 0 0 0 0 0 0]	2026-08-15_21-07-55	[2]	2026-08-15_21-07-55	[0 0 1 1 0]	2026-08-15_21-07-55	[0 1 0 0 0]	2026-08-15_21-07-55	[0 0 0 0 0 0 0 0 1 0 0 0 0 0 0 0 0 0 0 0 0 0 0 0 0 0 0 0 0 0 0 0 0 0 0 0 0 0 0 1 0 0 0 0 0 0 0 0 0 0 0 0 0 0 0 0 0 0 0 0 0 0 0 0 0 0 0 0 0 0 0 0 0]	2026-08-15_21-07-55	[0 0 0 0 0 0 0 0 0 0 0 0 0 0 0 0 1 0 0 0 0 0 0 0 0 0 0 0 0 0 0 0 0 0 0 0 0 0 0 0 0 0 0 0 0 0 0 0 0 0 0 0 0 0 0 0 0 0 0 0 0 0 0 0 0 0 0 0 0 0 0 0 0]	2026-08-15_21-07-55	[2]	2026-08-15_21-07-55
3	2026-08-15_21-07-55	-0.8999999761581421	2026-08-15_21-07-55	10.543697357177734	2026-08-15_21-07-55	1.6056456565856934	2026-08-15_21-07-55	1.51730215549469	2026-08-15_21-07-55	3.6638221740722656	2026-08-15_21-07-55	3.756927490234375	2026-08-15_21-07-55	True	2026-08-15_21-07-55	[0 0 1 1 0]	2026-08-15_21-07-55	[0 1 0 0 0]	2026-08-15_21-07-55	[0 0 0 0 0 0 0 0 1 0 0 0 0 0 0 0 0 0 0 0 0 0 0 0 0 0 0 0 0 0 0 0 0 0 0 0 0 0 0 1 0 0 0 0 0 0 0 0 0 0 0 0 0 0 0 0 0 0 0 0 0 0 0 0 0 0 0 0 0 0 0 0 0]	2026-08-15_21-07-55	[0 0 0 0 0 0 0 0 0 0 0 0 0 0 0 0 1 0 0 0 0 0 0 0 0 0 0 0 0 0 0 0 0 0 0 0 0 0 0 0 0 0 0 0 0 0 0 0 0 0 0 0 0 0 0 0 0 0 0 0 0 0 0 0 0 0 0 0 0 0 0 0 0]	2026-08-15_21-07-55	[2]	2026-08-15_21-07-55	[0 1 1 1 0]	2026-08-15_21-07-55	[0 1 0 0 1]	2026-08-15_21-07-55	[0 0 0 0 0 0 0 0 1 0 0 0 0 0 0 0 0 0 0 0 0 0 0 0 0 0 0 0 0 0 0 0 0 0 0 0 0 0 0 0 0 0 0 0 0 0 0 0 0 0 0 0 0 0 0 0 0 0 0 0 0 0 0 0 0 0 0 0 0 0 0 0 0]	2026-08-15_21-07-55	[0 0 0 0 0 0 0 0 0 0 0 0 0 0 0 0 0 0 0 0 0 0 0 0 0 0 0 0 0 0 0 0 0 0 0 0 0 0 0 0 0 0 0 0 0 0 0 0 0 0 0 0 0 0 0 0 0 0 0 0 0 0 0 0 0 0 0 0 0 0 0 0 0]	2026-08-15_21-07-55	[2]	2026-08-15_21-07-55
3	2026-08-15_21-07-56	-0.8999999761581421	2026-08-15_21-07-56	10.751693725585938	2026-08-15_21-07-56	1.5998456478118896	2026-08-15_21-07-56	1.4878687858581543	2026-08-15_21-07-56	3.801387071609497	2026-08-15_21-07-56	3.8625917434692383	2026-08-15_21-07-56	True	2026-08-15_21-07-56	[0 1 1 1 0]	2026-08-15_21-07-56	[0 1 0 0 1]	2026-08-15_21-07-56	[0 0 0 0 0 0 0 0 1 0 0 0 0 0 0 0 0 0 0 0 0 0 0 0 0 0 0 0 0 0 0 0 0 0 0 0 0 0 0 0 0 0 0 0 0 0 0 0 0 0 0 0 0 0 0 0 0 0 0 0 0 0 0 0 0 0 0 0 0 0 0 0 0]	2026-08-15_21-07-56	[0 0 0 0 0 0 0 0 0 0 0 0 0 0 0 0 0 0 0 0 0 0 0 0 0 0 0 0 0 0 0 0 0 0 0 0 0 0 0 0 0 0 0 0 0 0 0 0 0 0 0 0 0 0 0 0 0 0 0 0 0 0 0 0 0 0 0 0 0 0 0 0 0]	2026-08-15_21-07-56	[2]	2026-08-15_21-07-56	[0 0 1 1 0]	2026-08-15_21-07-56	[0 1 0 0 0]	2026-08-15_21-07-56	[0 0 0 0 0 0 0 0 1 0 0 0 0 0 0 0 0 0 0 0 0 0 0 0 0 0 0 0 0 0 0 0 0 0 0 0 0 0 0 1 0 0 0 0 0 0 0 0 0 0 0 0 0 0 0 0 0 0 0 0 0 0 0 0 0 0 0 0 0 0 0 0 0]	2026-08-15_21-07-56	[0 0 0 0 0 0 0 0 0 0 0 0 0 0 0 0 1 0 0 0 0 0 0 0 0 0 0 0 0 0 0 0 0 0 0 0 0 0 0 0 0 0 0 0 0 0 0 0 0 0 0 0 0 0 0 0 0 0 0 0 0 0 0 0 0 0 0 0 0 0 0 0 0]	2026-08-15_21-07-56	[2]	2026-08-15_21-07-56
3	2026-08-15_21-07-56	-0.8999999761581421	2026-08-15_21-07-56	10.532783508300781	2026-08-15_21-07-56	1.603858232498169	2026-08-15_21-07-56	1.518500566482544	2026-08-15_21-07-56	3.6521377563476562	2026-08-15_21-07-56	3.758286476135254	2026-08-15_21-07-56	True	2026-08-15_21-07-56	[0 0 1 1 0]	2026-08-15_21-07-56	[0 1 0 0 0]	2026-08-15_21-07-56	[0 0 0 0 0 0 0 0 1 0 0 0 0 0 0 0 0 0 0 0 0 0 0 0 0 0 0 0 0 0 0 0 0 0 0 0 0 0 0 1 0 0 0 0 0 0 0 0 0 0 0 0 0 0 0 0 0 0 0 0 0 0 0 0 0 0 0 0 0 0 0 0 0]	2026-08-15_21-07-56	[0 0 0 0 0 0 0 0 0 0 0 0 0 0 0 0 1 0 0 0 0 0 0 0 0 0 0 0 0 0 0 0 0 0 0 0 0 0 0 0 0 0 0 0 0 0 0 0 0 0 0 0 0 0 0 0 0 0 0 0 0 0 0 0 0 0 0 0 0 0 0 0 0]	2026-08-15_21-07-56	[2]	2026-08-15_21-07-56	[0 1 1 1 0]	2026-08-15_21-07-56	[0 1 0 0 1]	2026-08-15_21-07-56	[0 0 0 0 0 0 0 0 1 0 0 0 0 0 0 0 0 0 0 0 0 0 0 0 0 0 0 0 0 0 0 0 0 0 0 0 0 0 0 0 0 0 0 0 0 0 0 0 0 0 0 0 0 0 0 0 0 0 0 0 0 0 0 0 0 0 0 0 0 0 0 0 0]	2026-08-15_21-07-56	[0 0 0 0 0 0 0 0 0 0 0 0 0 0 0 0 0 0 0 0 0 0 0 0 0 0 0 0 0 0 0 0 0 0 0 0 0 0 0 0 0 0 0 0 0 0 0 0 0 0 0 0 0 0 0 0 0 0 0 0 0 0 0 0 0 0 0 0 0 0 0 0 0]	2026-08-15_21-07-56	[2]	2026-08-15_21-07-56
3	2026-08-15_21-07-56	-0.8999999761581421	2026-08-15_21-07-56	10.622920989990234	2026-08-15_21-07-56	1.598848581314087	2026-08-15_21-07-56	1.4906936883926392	2026-08-15_21-07-56	3.7307229042053223	2026-08-15_21-07-56	3.8026559352874756	2026-08-15_21-07-56	True	2026-08-15_21-07-56	[0 1 1 1 0]	2026-08-15_21-07-56	[0 1 0 0 1]	2026-08-15_21-07-56	[0 0 0 0 0 0 0 0 1 0 0 0 0 0 0 0 0 0 0 0 0 0 0 0 0 0 0 0 0 0 0 0 0 0 0 0 0 0 0 0 0 0 0 0 0 0 0 0 0 0 0 0 0 0 0 0 0 0 0 0 0 0 0 0 0 0 0 0 0 0 0 0 0]	2026-08-15_21-07-56	[0 0 0 0 0 0 0 0 0 0 0 0 0 0 0 0 0 0 0 0 0 0 0 0 0 0 0 0 0 0 0 0 0 0 0 0 0 0 0 0 0 0 0 0 0 0 0 0 0 0 0 0 0 0 0 0 0 0 0 0 0 0 0 0 0 0 0 0 0 0 0 0 0]	2026-08-15_21-07-56	[2]	2026-08-15_21-07-56	[0 0 1 1 0]	2026-08-15_21-07-56	[0 1 0 0 0]	2026-08-15_21-07-56	[0 0 0 0 0 0 0 0 1 0 0 0 0 0 0 0 0 0 0 0 0 0 0 0 0 0 0 0 0 0 0 0 0 0 0 0 0 0 0 1 0 0 0 0 0 0 0 0 0 0 0 0 0 0 0 0 0 0 0 0 0 0 0 0 0 0 0 0 0 0 0 0 0]	2026-08-15_21-07-56	[0 0 0 0 0 0 0 0 0 0 0 0 0 0 0 0 1 0 0 0 0 0 0 0 0 0 0 0 0 0 0 0 0 0 0 0 0 0 0 0 0 0 0 0 0 0 0 0 0 0 0 0 0 0 0 0 0 0 0 0 0 0 0 0 0 0 0 0 0 0 0 0 0]	2026-08-15_21-07-56	[2]	2026-08-15_21-07-56
3	2026-08-15_21-07-56	-0.8999999761581421	2026-08-15_21-07-56	10.556735038757324	2026-08-15_21-07-56	1.6036289930343628	2026-08-15_21-07-56	1.504512071609497	2026-08-15_21-07-56	3.687537908554077	2026-08-15_21-07-56	3.7610559463500977	2026-08-15_21-07-56	True	2026-08-15_21-07-56	[0 0 1 1 0]	2026-08-15_21-07-56	[0 1 0 0 0]	2026-08-15_21-07-56	[0 0 0 0 0 0 0 0 1 0 0 0 0 0 0 0 0 0 0 0 0 0 0 0 0 0 0 0 0 0 0 0 0 0 0 0 0 0 0 1 0 0 0 0 0 0 0 0 0 0 0 0 0 0 0 0 0 0 0 0 0 0 0 0 0 0 0 0 0 0 0 0 0]	2026-08-15_21-07-56	[0 0 0 0 0 0 0 0 0 0 0 0 0 0 0 0 1 0 0 0 0 0 0 0 0 0 0 0 0 0 0 0 0 0 0 0 0 0 0 0 0 0 0 0 0 0 0 0 0 0 0 0 0 0 0 0 0 0 0 0 0 0 0 0 0 0 0 0 0 0 0 0 0]	2026-08-15_21-07-56	[2]	2026-08-15_21-07-56	[0 1 1 1 0]	2026-08-15_21-07-56	[0 1 0 0 1]	2026-08-15_21-07-56	[0 0 0 0 0 0 0 0 1 0 0 0 0 0 0 0 0 0 0 0 0 0 0 0 0 0 0 0 0 0 0 0 0 0 0 0 0 0 0 0 0 0 0 0 0 0 0 0 0 0 0 0 0 0 0 0 0 0 0 0 0 0 0 0 0 0 0 0 0 0 0 0 0]	2026-08-15_21-07-56	[0 0 0 0 0 0 0 0 0 0 0 0 0 0 0 0 0 0 0 0 0 0 0 0 0 0 0 0 0 0 0 0 0 0 0 0 0 0 0 0 0 0 0 0 0 0 0 0 0 0 0 0 0 0 0 0 0 0 0 0 0 0 0 0 0 0 0 0 0 0 0 0 0]	2026-08-15_21-07-56	[2]	2026-08-15_21-07-56
3	2026-08-15_21-07-56	-0.8999999761581421	2026-08-15_21-07-56	10.742899894714355	2026-08-15_21-07-56	1.5995535850524902	2026-08-15_21-07-56	1.4900360107421875	2026-08-15_21-07-56	3.7927489280700684	2026-08-15_21-07-56	3.8605613708496094	2026-08-15_21-07-56	True	2026-08-15_21-07-56	[0 1 1 1 0]	2026-08-15_21-07-56	[0 1 0 0 1]	2026-08-15_21-07-56	[0 0 0 0 0 0 0 0 1 0 0 0 0 0 0 0 0 0 0 0 0 0 0 0 0 0 0 0 0 0 0 0 0 0 0 0 0 0 0 0 0 0 0 0 0 0 0 0 0 0 0 0 0 0 0 0 0 0 0 0 0 0 0 0 0 0 0 0 0 0 0 0 0]	2026-08-15_21-07-56	[0 0 0 0 0 0 0 0 0 0 0 0 0 0 0 0 0 0 0 0 0 0 0 0 0 0 0 0 0 0 0 0 0 0 0 0 0 0 0 0 0 0 0 0 0 0 0 0 0 0 0 0 0 0 0 0 0 0 0 0 0 0 0 0 0 0 0 0 0 0 0 0 0]	2026-08-15_21-07-56	[2]	2026-08-15_21-07-56	[0 0 1 1 0]	2026-08-15_21-07-56	[0 1 0 0 0]	2026-08-15_21-07-56	[0 0 0 0 0 0 0 0 1 0 0 0 0 0 0 0 0 0 0 0 0 0 0 0 0 0 0 0 0 0 0 0 0 0 0 0 0 0 0 1 0 0 0 0 0 0 0 0 0 0 0 0 0 0 0 0 0 0 0 0 0 0 0 0 0 0 0 0 0 0 0 0 0]	2026-08-15_21-07-56	[0 0 0 0 0 0 0 0 0 0 0 0 0 0 0 0 1 0 0 0 0 0 0 0 0 0 0 0 0 0 0 0 0 0 0 0 0 0 0 0 0 0 0 0 0 0 0 0 0 0 0 0 0 0 0 0 0 0 0 0 0 0 0 0 0 0 0 0 0 0 0 0 0]	2026-08-15_21-07-56	[2]	2026-08-15_21-07-56
3	2026-08-15_21-07-56	-0.8999999761581421	2026-08-15_21-07-56	10.451011657714844	2026-08-15_21-07-56	1.6061221361160278	2026-08-15_21-07-56	1.5237061977386475	2026-08-15_21-07-56	3.603896141052246	2026-08-15_21-07-56	3.7172865867614746	2026-08-15_21-07-56	True	2026-08-15_21-07-56	[0 0 1 1 0]	2026-08-15_21-07-56	[0 1 0 0 0]	2026-08-15_21-07-56	[0 0 0 0 0 0 0 0 1 0 0 0 0 0 0 0 0 0 0 0 0 0 0 0 0 0 0 0 0 0 0 0 0 0 0 0 0 0 0 1 0 0 0 0 0 0 0 0 0 0 0 0 0 0 0 0 0 0 0 0 0 0 0 0 0 0 0 0 0 0 0 0 0]	2026-08-15_21-07-56	[0 0 0 0 0 0 0 0 0 0 0 0 0 0 0 0 1 0 0 0 0 0 0 0 0 0 0 0 0 0 0 0 0 0 0 0 0 0 0 0 0 0 0 0 0 0 0 0 0 0 0 0 0 0 0 0 0 0 0 0 0 0 0 0 0 0 0 0 0 0 0 0 0]	2026-08-15_21-07-56	[2]	2026-08-15_21-07-56	[0 1 1 1 0]	2026-08-15_21-07-56	[0 1 0 0 1]	2026-08-15_21-07-56	[0 0 0 0 0 0 0 0 1 0 0 0 0 0 0 0 0 0 0 0 0 0 0 0 0 0 0 0 0 0 0 0 0 0 0 0 0 0 0 0 0 0 0 0 0 0 0 0 0 0 0 0 0 0 0 0 0 0 0 0 0 0 0 0 0 0 0 0 0 0 0 0 0]	2026-08-15_21-07-56	[0 0 0 0 0 0 0 0 0 0 0 0 0 0 0 0 0 0 0 0 0 0 0 0 0 0 0 0 0 0 0 0 0 0 0 0 0 0 0 0 0 0 0 0 0 0 0 0 0 0 0 0 0 0 0 0 0 0 0 0 0 0 0 0 0 0 0 0 0 0 0 0 0]	2026-08-15_21-07-56	[2]	2026-08-15_21-07-56
3	2026-08-15_21-07-56	-0.8999999761581421	2026-08-15_21-07-56	10.778303146362305	2026-08-15_21-07-56	1.6004297733306885	2026-08-15_21-07-56	1.4845190048217773	2026-08-15_21-07-56	3.8208301067352295	2026-08-15_21-07-56	3.8725247383117676	2026-08-15_21-07-56	True	2026-08-15_21-07-56	[0 1 1 1 0]	2026-08-15_21-07-56	[0 1 0 0 1]	2026-08-15_21-07-56	[0 0 0 0 0 0 0 0 1 0 0 0 0 0 0 0 0 0 0 0 0 0 0 0 0 0 0 0 0 0 0 0 0 0 0 0 0 0 0 0 0 0 0 0 0 0 0 0 0 0 0 0 0 0 0 0 0 0 0 0 0 0 0 0 0 0 0 0 0 0 0 0 0]	2026-08-15_21-07-56	[0 0 0 0 0 0 0 0 0 0 0 0 0 0 0 0 0 0 0 0 0 0 0 0 0 0 0 0 0 0 0 0 0 0 0 0 0 0 0 0 0 0 0 0 0 0 0 0 0 0 0 0 0 0 0 0 0 0 0 0 0 0 0 0 0 0 0 0 0 0 0 0 0]	2026-08-15_21-07-56	[2]	2026-08-15_21-07-56	[0 0 1 1 0]	2026-08-15_21-07-56	[0 1 0 0 0]	2026-08-15_21-07-56	[0 0 0 0 0 0 0 0 1 0 0 0 0 0 0 0 0 0 0 0 0 0 0 0 0 0 0 0 0 0 0 0 0 0 0 0 0 0 0 1 0 0 0 0 0 0 0 0 0 0 0 0 0 0 0 0 0 0 0 0 0 0 0 0 0 0 0 0 0 0 0 0 0]	2026-08-15_21-07-56	[0 0 0 0 0 0 0 0 0 0 0 0 0 0 0 0 1 0 0 0 0 0 0 0 0 0 0 0 0 0 0 0 0 0 0 0 0 0 0 0 0 0 0 0 0 0 0 0 0 0 0 0 0 0 0 0 0 0 0 0 0 0 0 0 0 0 0 0 0 0 0 0 0]	2026-08-15_21-07-56	[2]	2026-08-15_21-07-56
3	2026-08-15_21-07-56	-0.8999999761581421	2026-08-15_21-07-56	10.559318542480469	2026-08-15_21-07-56	1.6046783924102783	2026-08-15_21-07-56	1.5225625038146973	2026-08-15_21-07-56	3.665086269378662	2026-08-15_21-07-56	3.7669920921325684	2026-08-15_21-07-56	True	2026-08-15_21-07-56	[0 0 1 1 0]	2026-08-15_21-07-56	[0 1 0 0 0]	2026-08-15_21-07-56	[0 0 0 0 0 0 0 0 1 0 0 0 0 0 0 0 0 0 0 0 0 0 0 0 0 0 0 0 0 0 0 0 0 0 0 0 0 0 0 1 0 0 0 0 0 0 0 0 0 0 0 0 0 0 0 0 0 0 0 0 0 0 0 0 0 0 0 0 0 0 0 0 0]	2026-08-15_21-07-56	[0 0 0 0 0 0 0 0 0 0 0 0 0 0 0 0 1 0 0 0 0 0 0 0 0 0 0 0 0 0 0 0 0 0 0 0 0 0 0 0 0 0 0 0 0 0 0 0 0 0 0 0 0 0 0 0 0 0 0 0 0 0 0 0 0 0 0 0 0 0 0 0 0]	2026-08-15_21-07-56	[2]	2026-08-15_21-07-56	[0 1 1 1 0]	2026-08-15_21-07-56	[0 1 0 0 1]	2026-08-15_21-07-56	[0 0 0 0 0 0 0 0 1 0 0 0 0 0 0 0 0 0 0 0 0 0 0 0 0 0 0 0 0 0 0 0 0 0 0 0 0 0 0 0 0 0 0 0 0 0 0 0 0 0 0 0 0 0 0 0 0 0 0 0 0 0 0 0 0 0 0 0 0 0 0 0 0]	2026-08-15_21-07-56	[0 0 0 0 0 0 0 0 0 0 0 0 0 0 0 0 0 0 0 0 0 0 0 0 0 0 0 0 0 0 0 0 0 0 0 0 0 0 0 0 0 0 0 0 0 0 0 0 0 0 0 0 0 0 0 0 0 0 0 0 0 0 0 0 0 0 0 0 0 0 0 0 0]	2026-08-15_21-07-56	[2]	2026-08-15_21-07-56
3	2026-08-15_21-07-56	-0.8999999761581421	2026-08-15_21-07-56	10.696789741516113	2026-08-15_21-07-56	1.6005711555480957	2026-08-15_21-07-56	1.4926252365112305	2026-08-15_21-07-56	3.765639543533325	2026-08-15_21-07-56	3.837953567504883	2026-08-15_21-07-56	True	2026-08-15_21-07-56	[0 1 1 1 0]	2026-08-15_21-07-56	[0 1 0 0 1]	2026-08-15_21-07-56	[0 0 0 0 0 0 0 0 1 0 0 0 0 0 0 0 0 0 0 0 0 0 0 0 0 0 0 0 0 0 0 0 0 0 0 0 0 0 0 0 0 0 0 0 0 0 0 0 0 0 0 0 0 0 0 0 0 0 0 0 0 0 0 0 0 0 0 0 0 0 0 0 0]	2026-08-15_21-07-56	[0 0 0 0 0 0 0 0 0 0 0 0 0 0 0 0 0 0 0 0 0 0 0 0 0 0 0 0 0 0 0 0 0 0 0 0 0 0 0 0 0 0 0 0 0 0 0 0 0 0 0 0 0 0 0 0 0 0 0 0 0 0 0 0 0 0 0 0 0 0 0 0 0]	2026-08-15_21-07-56	[2]	2026-08-15_21-07-56	[0 0 1 1 0]	2026-08-15_21-07-56	[0 1 0 0 0]	2026-08-15_21-07-56	[0 0 0 0 0 0 0 0 1 0 0 0 0 0 0 0 0 0 0 0 0 0 0 0 0 0 0 0 0 0 0 0 0 0 0 0 0 0 0 1 0 0 0 0 0 0 0 0 0 0 0 0 0 0 0 0 0 0 0 0 0 0 0 0 0 0 0 0 0 0 0 0 0]	2026-08-15_21-07-56	[0 0 0 0 0 0 0 0 0 0 0 0 0 0 0 0 1 0 0 0 0 0 0 0 0 0 0 0 0 0 0 0 0 0 0 0 0 0 0 0 0 0 0 0 0 0 0 0 0 0 0 0 0 0 0 0 0 0 0 0 0 0 0 0 0 0 0 0 0 0 0 0 0]	2026-08-15_21-07-56	[2]	2026-08-15_21-07-56
3	2026-08-15_21-07-56	-0.8999999761581421	2026-08-15_21-07-56	10.48039436340332	2026-08-15_21-07-56	1.6047534942626953	2026-08-15_21-07-56	1.5162134170532227	2026-08-15_21-07-56	3.624127149581909	2026-08-15_21-07-56	3.735299587249756	2026-08-15_21-07-56	True	2026-08-15_21-07-56	[0 0 1 1 0]	2026-08-15_21-07-56	[0 1 0 0 0]	2026-08-15_21-07-56	[0 0 0 0 0 0 0 0 1 0 0 0 0 0 0 0 0 0 0 0 0 0 0 0 0 0 0 0 0 0 0 0 0 0 0 0 0 0 0 1 0 0 0 0 0 0 0 0 0 0 0 0 0 0 0 0 0 0 0 0 0 0 0 0 0 0 0 0 0 0 0 0 0]	2026-08-15_21-07-56	[0 0 0 0 0 0 0 0 0 0 0 0 0 0 0 0 1 0 0 0 0 0 0 0 0 0 0 0 0 0 0 0 0 0 0 0 0 0 0 0 0 0 0 0 0 0 0 0 0 0 0 0 0 0 0 0 0 0 0 0 0 0 0 0 0 0 0 0 0 0 0 0 0]	2026-08-15_21-07-56	[2]	2026-08-15_21-07-56	[0 1 1 1 0]	2026-08-15_21-07-56	[0 1 0 0 1]	2026-08-15_21-07-56	[0 0 0 0 0 0 0 0 1 0 0 0 0 0 0 0 0 0 0 0 0 0 0 0 0 0 0 0 0 0 0 0 0 0 0 0 0 0 0 0 0 0 0 0 0 0 0 0 0 0 0 0 0 0 0 0 0 0 0 0 0 0 0 0 0 0 0 0 0 0 0 0 0]	2026-08-15_21-07-56	[0 0 0 0 0 0 0 0 0 0 0 0 0 0 0 0 0 0 0 0 0 0 0 0 0 0 0 0 0 0 0 0 0 0 0 0 0 0 0 0 0 0 0 0 0 0 0 0 0 0 0 0 0 0 0 0 0 0 0 0 0 0 0 0 0 0 0 0 0 0 0 0 0]	2026-08-15_21-07-56	[2]	2026-08-15_21-07-56
3	2026-08-15_21-07-56	-0.8999999761581421	2026-08-15_21-07-56	10.694058418273926	2026-08-15_21-07-56	1.6008824110031128	2026-08-15_21-07-56	1.4939851760864258	2026-08-15_21-07-56	3.7660646438598633	2026-08-15_21-07-56	3.8331263065338135	2026-08-15_21-07-56	True	2026-08-15_21-07-56	[0 1 1 1 0]	2026-08-15_21-07-56	[0 1 0 0 1]	2026-08-15_21-07-56	[0 0 0 0 0 0 0 0 1 0 0 0 0 0 0 0 0 0 0 0 0 0 0 0 0 0 0 0 0 0 0 0 0 0 0 0 0 0 0 0 0 0 0 0 0 0 0 0 0 0 0 0 0 0 0 0 0 0 0 0 0 0 0 0 0 0 0 0 0 0 0 0 0]	2026-08-15_21-07-56	[0 0 0 0 0 0 0 0 0 0 0 0 0 0 0 0 0 0 0 0 0 0 0 0 0 0 0 0 0 0 0 0 0 0 0 0 0 0 0 0 0 0 0 0 0 0 0 0 0 0 0 0 0 0 0 0 0 0 0 0 0 0 0 0 0 0 0 0 0 0 0 0 0]	2026-08-15_21-07-56	[2]	2026-08-15_21-07-56	[0 0 1 1 0]	2026-08-15_21-07-56	[0 1 0 0 0]	2026-08-15_21-07-56	[0 0 0 0 0 0 0 0 1 0 0 0 0 0 0 0 0 0 0 0 0 0 0 0 0 0 0 0 0 0 0 0 0 0 0 0 0 0 0 1 0 0 0 0 0 0 0 0 0 0 0 0 0 0 0 0 0 0 0 0 0 0 0 0 0 0 0 0 0 0 0 0 0]	2026-08-15_21-07-56	[0 0 0 0 0 0 0 0 0 0 0 0 0 0 0 0 1 0 0 0 0 0 0 0 0 0 0 0 0 0 0 0 0 0 0 0 0 0 0 0 0 0 0 0 0 0 0 0 0 0 0 0 0 0 0 0 0 0 0 0 0 0 0 0 0 0 0 0 0 0 0 0 0]	2026-08-15_21-07-56	[2]	2026-08-15_21-07-56
3	2026-08-15_21-07-56	-0.8999999761581421	2026-08-15_21-07-56	10.535093307495117	2026-08-15_21-07-56	1.6036508083343506	2026-08-15_21-07-56	1.5130248069763184	2026-08-15_21-07-56	3.6638455390930176	2026-08-15_21-07-56	3.7545716762542725	2026-08-15_21-07-56	True	2026-08-15_21-07-56	[0 0 1 1 0]	2026-08-15_21-07-56	[0 1 0 0 0]	2026-08-15_21-07-56	[0 0 0 0 0 0 0 0 1 0 0 0 0 0 0 0 0 0 0 0 0 0 0 0 0 0 0 0 0 0 0 0 0 0 0 0 0 0 0 1 0 0 0 0 0 0 0 0 0 0 0 0 0 0 0 0 0 0 0 0 0 0 0 0 0 0 0 0 0 0 0 0 0]	2026-08-15_21-07-56	[0 0 0 0 0 0 0 0 0 0 0 0 0 0 0 0 1 0 0 0 0 0 0 0 0 0 0 0 0 0 0 0 0 0 0 0 0 0 0 0 0 0 0 0 0 0 0 0 0 0 0 0 0 0 0 0 0 0 0 0 0 0 0 0 0 0 0 0 0 0 0 0 0]	2026-08-15_21-07-56	[2]	2026-08-15_21-07-56	[0 1 1 1 0]	2026-08-15_21-07-56	[0 1 0 0 1]	2026-08-15_21-07-56	[0 0 0 0 0 0 0 0 1 0 0 0 0 0 0 0 0 0 0 0 0 0 0 0 0 0 0 0 0 0 0 0 0 0 0 0 0 0 0 0 0 0 0 0 0 0 0 0 0 0 0 0 0 0 0 0 0 0 0 0 0 0 0 0 0 0 0 0 0 0 0 0 0]	2026-08-15_21-07-56	[0 0 0 0 0 0 0 0 0 0 0 0 0 0 0 0 0 0 0 0 0 0 0 0 0 0 0 0 0 0 0 0 0 0 0 0 0 0 0 0 0 0 0 0 0 0 0 0 0 0 0 0 0 0 0 0 0 0 0 0 0 0 0 0 0 0 0 0 0 0 0 0 0]	2026-08-15_21-07-56	[2]	2026-08-15_21-07-56
3	2026-08-15_21-07-56	-0.8999999761581421	2026-08-15_21-07-56	10.70712661743164	2026-08-15_21-07-56	1.5988065004348755	2026-08-15_21-07-56	1.4870330095291138	2026-08-15_21-07-56	3.7754387855529785	2026-08-15_21-07-56	3.845848560333252	2026-08-15_21-07-56	True	2026-08-15_21-07-56	[0 1 1 1 0]	2026-08-15_21-07-56	[0 1 0 0 1]	2026-08-15_21-07-56	[0 0 0 0 0 0 0 0 1 0 0 0 0 0 0 0 0 0 0 0 0 0 0 0 0 0 0 0 0 0 0 0 0 0 0 0 0 0 0 0 0 0 0 0 0 0 0 0 0 0 0 0 0 0 0 0 0 0 0 0 0 0 0 0 0 0 0 0 0 0 0 0 0]	2026-08-15_21-07-56	[0 0 0 0 0 0 0 0 0 0 0 0 0 0 0 0 0 0 0 0 0 0 0 0 0 0 0 0 0 0 0 0 0 0 0 0 0 0 0 0 0 0 0 0 0 0 0 0 0 0 0 0 0 0 0 0 0 0 0 0 0 0 0 0 0 0 0 0 0 0 0 0 0]	2026-08-15_21-07-56	[2]	2026-08-15_21-07-56	[0 0 1 1 0]	2026-08-15_21-07-56	[0 1 0 0 0]	2026-08-15_21-07-56	[0 0 0 0 0 0 0 0 1 0 0 0 0 0 0 0 0 0 0 0 0 0 0 0 0 0 0 0 0 0 0 0 0 0 0 0 0 0 0 1 0 0 0 0 0 0 0 0 0 0 0 0 0 0 0 0 0 0 0 0 0 0 0 0 0 0 0 0 0 0 0 0 0]	2026-08-15_21-07-56	[0 0 0 0 0 0 0 0 0 0 0 0 0 0 0 0 1 0 0 0 0 0 0 0 0 0 0 0 0 0 0 0 0 0 0 0 0 0 0 0 0 0 0 0 0 0 0 0 0 0 0 0 0 0 0 0 0 0 0 0 0 0 0 0 0 0 0 0 0 0 0 0 0]	2026-08-15_21-07-56	[2]	2026-08-15_21-07-56
3	2026-08-15_21-07-56	-0.8999999761581421	2026-08-15_21-07-56	10.497016906738281	2026-08-15_21-07-56	1.6048632860183716	2026-08-15_21-07-56	1.518895149230957	2026-08-15_21-07-56	3.630082130432129	2026-08-15_21-07-56	3.743175983428955	2026-08-15_21-07-56	True	2026-08-15_21-07-56	[0 0 1 1 0]	2026-08-15_21-07-56	[0 1 0 0 0]	2026-08-15_21-07-56	[0 0 0 0 0 0 0 0 1 0 0 0 0 0 0 0 0 0 0 0 0 0 0 0 0 0 0 0 0 0 0 0 0 0 0 0 0 0 0 1 0 0 0 0 0 0 0 0 0 0 0 0 0 0 0 0 0 0 0 0 0 0 0 0 0 0 0 0 0 0 0 0 0]	2026-08-15_21-07-56	[0 0 0 0 0 0 0 0 0 0 0 0 0 0 0 0 1 0 0 0 0 0 0 0 0 0 0 0 0 0 0 0 0 0 0 0 0 0 0 0 0 0 0 0 0 0 0 0 0 0 0 0 0 0 0 0 0 0 0 0 0 0 0 0 0 0 0 0 0 0 0 0 0]	2026-08-15_21-07-56	[2]	2026-08-15_21-07-56	[0 1 1 1 0]	2026-08-15_21-07-56	[0 1 0 0 1]	2026-08-15_21-07-56	[0 0 0 0 0 0 0 0 1 0 0 0 0 0 0 0 0 0 0 0 0 0 0 0 0 0 0 0 0 0 0 0 0 0 0 0 0 0 0 0 0 0 0 0 0 0 0 0 0 0 0 0 0 0 0 0 0 0 0 0 0 0 0 0 0 0 0 0 0 0 0 0 0]	2026-08-15_21-07-56	[0 0 0 0 0 0 0 0 0 0 0 0 0 0 0 0 0 0 0 0 0 0 0 0 0 0 0 0 0 0 0 0 0 0 0 0 0 0 0 0 0 0 0 0 0 0 0 0 0 0 0 0 0 0 0 0 0 0 0 0 0 0 0 0 0 0 0 0 0 0 0 0 0]	2026-08-15_21-07-56	[2]	2026-08-15_21-07-56
3	2026-08-15_21-07-56	-0.8999999761581421	2026-08-15_21-07-56	10.704957008361816	2026-08-15_21-07-56	1.6003210544586182	2026-08-15_21-07-56	1.488088846206665	2026-08-15_21-07-56	3.775724411010742	2026-08-15_21-07-56	3.840822696685791	2026-08-15_21-07-56	True	2026-08-15_21-07-56	[0 1 1 1 0]	2026-08-15_21-07-56	[0 1 0 0 1]	2026-08-15_21-07-56	[0 0 0 0 0 0 0 0 1 0 0 0 0 0 0 0 0 0 0 0 0 0 0 0 0 0 0 0 0 0 0 0 0 0 0 0 0 0 0 0 0 0 0 0 0 0 0 0 0 0 0 0 0 0 0 0 0 0 0 0 0 0 0 0 0 0 0 0 0 0 0 0 0]	2026-08-15_21-07-56	[0 0 0 0 0 0 0 0 0 0 0 0 0 0 0 0 0 0 0 0 0 0 0 0 0 0 0 0 0 0 0 0 0 0 0 0 0 0 0 0 0 0 0 0 0 0 0 0 0 0 0 0 0 0 0 0 0 0 0 0 0 0 0 0 0 0 0 0 0 0 0 0 0]	2026-08-15_21-07-56	[2]	2026-08-15_21-07-56	[0 0 1 1 0]	2026-08-15_21-07-56	[0 1 0 0 0]	2026-08-15_21-07-56	[0 0 0 0 0 0 0 0 1 0 0 0 0 0 0 0 0 0 0 0 0 0 0 0 0 0 0 0 0 0 0 0 0 0 0 0 0 0 0 1 0 0 0 0 0 0 0 0 0 0 0 0 0 0 0 0 0 0 0 0 0 0 0 0 0 0 0 0 0 0 0 0 0]	2026-08-15_21-07-56	[0 0 0 0 0 0 0 0 0 0 0 0 0 0 0 0 1 0 0 0 0 0 0 0 0 0 0 0 0 0 0 0 0 0 0 0 0 0 0 0 0 0 0 0 0 0 0 0 0 0 0 0 0 0 0 0 0 0 0 0 0 0 0 0 0 0 0 0 0 0 0 0 0]	2026-08-15_21-07-56	[2]	2026-08-15_21-07-56
3	2026-08-15_21-07-56	-0.8999999761581421	2026-08-15_21-07-56	10.41885757446289	2026-08-15_21-07-56	1.603451132774353	2026-08-15_21-07-56	1.5137145519256592	2026-08-15_21-07-56	3.58982253074646	2026-08-15_21-07-56	3.7118687629699707	2026-08-15_21-07-56	True	2026-08-15_21-07-56	[0 0 1 1 0]	2026-08-15_21-07-56	[0 1 0 0 0]	2026-08-15_21-07-56	[0 0 0 0 0 0 0 0 1 0 0 0 0 0 0 0 0 0 0 0 0 0 0 0 0 0 0 0 0 0 0 0 0 0 0 0 0 0 0 1 0 0 0 0 0 0 0 0 0 0 0 0 0 0 0 0 0 0 0 0 0 0 0 0 0 0 0 0 0 0 0 0 0]	2026-08-15_21-07-56	[0 0 0 0 0 0 0 0 0 0 0 0 0 0 0 0 1 0 0 0 0 0 0 0 0 0 0 0 0 0 0 0 0 0 0 0 0 0 0 0 0 0 0 0 0 0 0 0 0 0 0 0 0 0 0 0 0 0 0 0 0 0 0 0 0 0 0 0 0 0 0 0 0]	2026-08-15_21-07-56	[2]	2026-08-15_21-07-56	[0 1 1 1 0]	2026-08-15_21-07-56	[0 1 0 0 1]	2026-08-15_21-07-56	[0 0 0 0 0 0 0 0 1 0 0 0 0 0 0 0 0 0 0 0 0 0 0 0 0 0 0 0 0 0 0 0 0 0 0 0 0 0 0 0 0 0 0 0 0 0 0 0 0 0 0 0 0 0 0 0 0 0 0 0 0 0 0 0 0 0 0 0 0 0 0 0 0]	2026-08-15_21-07-56	[0 0 0 0 0 0 0 0 0 0 0 0 0 0 0 0 0 0 0 0 0 0 0 0 0 0 0 0 0 0 0 0 0 0 0 0 0 0 0 0 0 0 0 0 0 0 0 0 0 0 0 0 0 0 0 0 0 0 0 0 0 0 0 0 0 0 0 0 0 0 0 0 0]	2026-08-15_21-07-56	[2]	2026-08-15_21-07-56
3	2026-08-15_21-07-56	-0.8999999761581421	2026-08-15_21-07-56	10.674739837646484	2026-08-15_21-07-56	1.5974318981170654	2026-08-15_21-07-56	1.4803627729415894	2026-08-15_21-07-56	3.7692534923553467	2026-08-15_21-07-56	3.8276922702789307	2026-08-15_21-07-56	True	2026-08-15_21-07-56	[0 1 1 1 0]	2026-08-15_21-07-56	[0 1 0 0 1]	2026-08-15_21-07-56	[0 0 0 0 0 0 0 0 1 0 0 0 0 0 0 0 0 0 0 0 0 0 0 0 0 0 0 0 0 0 0 0 0 0 0 0 0 0 0 0 0 0 0 0 0 0 0 0 0 0 0 0 0 0 0 0 0 0 0 0 0 0 0 0 0 0 0 0 0 0 0 0 0]	2026-08-15_21-07-56	[0 0 0 0 0 0 0 0 0 0 0 0 0 0 0 0 0 0 0 0 0 0 0 0 0 0 0 0 0 0 0 0 0 0 0 0 0 0 0 0 0 0 0 0 0 0 0 0 0 0 0 0 0 0 0 0 0 0 0 0 0 0 0 0 0 0 0 0 0 0 0 0 0]	2026-08-15_21-07-56	[2]	2026-08-15_21-07-56	[0 0 1 1 0]	2026-08-15_21-07-56	[0 1 0 0 0]	2026-08-15_21-07-56	[0 0 0 0 0 0 0 0 1 0 0 0 0 0 0 0 0 0 0 0 0 0 0 0 0 0 0 0 0 0 0 0 0 0 0 0 0 0 0 1 0 0 0 0 0 0 0 0 0 0 0 0 0 0 0 0 0 0 0 0 0 0 0 0 0 0 0 0 0 0 0 0 0]	2026-08-15_21-07-56	[0 0 0 0 0 0 0 0 0 0 0 0 0 0 0 0 1 0 0 0 0 0 0 0 0 0 0 0 0 0 0 0 0 0 0 0 0 0 0 0 0 0 0 0 0 0 0 0 0 0 0 0 0 0 0 0 0 0 0 0 0 0 0 0 0 0 0 0 0 0 0 0 0]	2026-08-15_21-07-56	[2]	2026-08-15_21-07-56
3	2026-08-15_21-07-56	-0.8999999761581421	2026-08-15_21-07-56	10.499296188354492	2026-08-15_21-07-56	1.6032545566558838	2026-08-15_21-07-56	1.5143983364105225	2026-08-15_21-07-56	3.6391477584838867	2026-08-15_21-07-56	3.742495536804199	2026-08-15_21-07-56	True	2026-08-15_21-07-56	[0 0 1 1 0]	2026-08-15_21-07-56	[0 1 0 0 0]	2026-08-15_21-07-56	[0 0 0 0 0 0 0 0 1 0 0 0 0 0 0 0 0 0 0 0 0 0 0 0 0 0 0 0 0 0 0 0 0 0 0 0 0 0 0 1 0 0 0 0 0 0 0 0 0 0 0 0 0 0 0 0 0 0 0 0 0 0 0 0 0 0 0 0 0 0 0 0 0]	2026-08-15_21-07-56	[0 0 0 0 0 0 0 0 0 0 0 0 0 0 0 0 1 0 0 0 0 0 0 0 0 0 0 0 0 0 0 0 0 0 0 0 0 0 0 0 0 0 0 0 0 0 0 0 0 0 0 0 0 0 0 0 0 0 0 0 0 0 0 0 0 0 0 0 0 0 0 0 0]	2026-08-15_21-07-56	[2]	2026-08-15_21-07-56	[0 1 1 1 0]	2026-08-15_21-07-56	[0 1 0 0 1]	2026-08-15_21-07-56	[0 0 0 0 0 0 0 0 1 0 0 0 0 0 0 0 0 0 0 0 0 0 0 0 0 0 0 0 0 0 0 0 0 0 0 0 0 0 0 0 0 0 0 0 0 0 0 0 0 0 0 0 0 0 0 0 0 0 0 0 0 0 0 0 0 0 0 0 0 0 0 0 0]	2026-08-15_21-07-56	[0 0 0 0 0 0 0 0 0 0 0 0 0 0 0 0 0 0 0 0 0 0 0 0 0 0 0 0 0 0 0 0 0 0 0 0 0 0 0 0 0 0 0 0 0 0 0 0 0 0 0 0 0 0 0 0 0 0 0 0 0 0 0 0 0 0 0 0 0 0 0 0 0]	2026-08-15_21-07-56	[2]	2026-08-15_21-07-56
3	2026-08-15_21-07-56	-0.8999999761581421	2026-08-15_21-07-56	10.689002990722656	2026-08-15_21-07-56	1.5993140935897827	2026-08-15_21-07-56	1.49674391746521	2026-08-15_21-07-56	3.758312940597534	2026-08-15_21-07-56	3.83463191986084	2026-08-15_21-07-56	True	2026-08-15_21-07-56	[0 1 1 1 0]	2026-08-15_21-07-56	[0 1 0 0 1]	2026-08-15_21-07-56	[0 0 0 0 0 0 0 0 1 0 0 0 0 0 0 0 0 0 0 0 0 0 0 0 0 0 0 0 0 0 0 0 0 0 0 0 0 0 0 0 0 0 0 0 0 0 0 0 0 0 0 0 0 0 0 0 0 0 0 0 0 0 0 0 0 0 0 0 0 0 0 0 0]	2026-08-15_21-07-56	[0 0 0 0 0 0 0 0 0 0 0 0 0 0 0 0 0 0 0 0 0 0 0 0 0 0 0 0 0 0 0 0 0 0 0 0 0 0 0 0 0 0 0 0 0 0 0 0 0 0 0 0 0 0 0 0 0 0 0 0 0 0 0 0 0 0 0 0 0 0 0 0 0]	2026-08-15_21-07-56	[2]	2026-08-15_21-07-56	[0 0 1 1 0]	2026-08-15_21-07-56	[0 1 0 0 0]	2026-08-15_21-07-56	[0 0 0 0 0 0 0 0 1 0 0 0 0 0 0 0 0 0 0 0 0 0 0 0 0 0 0 0 0 0 0 0 0 0 0 0 0 0 0 1 0 0 0 0 0 0 0 0 0 0 0 0 0 0 0 0 0 0 0 0 0 0 0 0 0 0 0 0 0 0 0 0 0]	2026-08-15_21-07-56	[0 0 0 0 0 0 0 0 0 0 0 0 0 0 0 0 1 0 0 0 0 0 0 0 0 0 0 0 0 0 0 0 0 0 0 0 0 0 0 0 0 0 0 0 0 0 0 0 0 0 0 0 0 0 0 0 0 0 0 0 0 0 0 0 0 0 0 0 0 0 0 0 0]	2026-08-15_21-07-56	[2]	2026-08-15_21-07-56
3	2026-08-15_21-07-56	-0.8999999761581421	2026-08-15_21-07-56	10.483818054199219	2026-08-15_21-07-56	1.6036062240600586	2026-08-15_21-07-56	1.509186029434204	2026-08-15_21-07-56	3.6353402137756348	2026-08-15_21-07-56	3.7356855869293213	2026-08-15_21-07-56	True	2026-08-15_21-07-56	[0 0 1 1 0]	2026-08-15_21-07-56	[0 1 0 0 0]	2026-08-15_21-07-56	[0 0 0 0 0 0 0 0 1 0 0 0 0 0 0 0 0 0 0 0 0 0 0 0 0 0 0 0 0 0 0 0 0 0 0 0 0 0 0 1 0 0 0 0 0 0 0 0 0 0 0 0 0 0 0 0 0 0 0 0 0 0 0 0 0 0 0 0 0 0 0 0 0]	2026-08-15_21-07-56	[0 0 0 0 0 0 0 0 0 0 0 0 0 0 0 0 1 0 0 0 0 0 0 0 0 0 0 0 0 0 0 0 0 0 0 0 0 0 0 0 0 0 0 0 0 0 0 0 0 0 0 0 0 0 0 0 0 0 0 0 0 0 0 0 0 0 0 0 0 0 0 0 0]	2026-08-15_21-07-56	[2]	2026-08-15_21-07-56	[0 1 1 1 0]	2026-08-15_21-07-56	[0 1 0 0 1]	2026-08-15_21-07-56	[0 0 0 0 0 0 0 0 1 0 0 0 0 0 0 0 0 0 0 0 0 0 0 0 0 0 0 0 0 0 0 0 0 0 0 0 0 0 0 0 0 0 0 0 0 0 0 0 0 0 0 0 0 0 0 0 0 0 0 0 0 0 0 0 0 0 0 0 0 0 0 0 0]	2026-08-15_21-07-56	[0 0 0 0 0 0 0 0 0 0 0 0 0 0 0 0 0 0 0 0 0 0 0 0 0 0 0 0 0 0 0 0 0 0 0 0 0 0 0 0 0 0 0 0 0 0 0 0 0 0 0 0 0 0 0 0 0 0 0 0 0 0 0 0 0 0 0 0 0 0 0 0 0]	2026-08-15_21-07-56	[2]	2026-08-15_21-07-56
3	2026-08-15_21-07-56	-0.8999999761581421	2026-08-15_21-07-56	10.769730567932129	2026-08-15_21-07-56	1.601442575454712	2026-08-15_21-07-56	1.4886144399642944	2026-08-15_21-07-56	3.8099677562713623	2026-08-15_21-07-56	3.869706392288208	2026-08-15_21-07-56	True	2026-08-15_21-07-56	[0 1 1 1 0]	2026-08-15_21-07-56	[0 1 0 0 1]	2026-08-15_21-07-56	[0 0 0 0 0 0 0 0 1 0 0 0 0 0 0 0 0 0 0 0 0 0 0 0 0 0 0 0 0 0 0 0 0 0 0 0 0 0 0 0 0 0 0 0 0 0 0 0 0 0 0 0 0 0 0 0 0 0 0 0 0 0 0 0 0 0 0 0 0 0 0 0 0]	2026-08-15_21-07-56	[0 0 0 0 0 0 0 0 0 0 0 0 0 0 0 0 0 0 0 0 0 0 0 0 0 0 0 0 0 0 0 0 0 0 0 0 0 0 0 0 0 0 0 0 0 0 0 0 0 0 0 0 0 0 0 0 0 0 0 0 0 0 0 0 0 0 0 0 0 0 0 0 0]	2026-08-15_21-07-56	[2]	2026-08-15_21-07-56	[0 0 1 1 0]	2026-08-15_21-07-56	[0 1 0 0 0]	2026-08-15_21-07-56	[0 0 0 0 0 0 0 0 1 0 0 0 0 0 0 0 0 0 0 0 0 0 0 0 0 0 0 0 0 0 0 0 0 0 0 0 0 0 0 1 0 0 0 0 0 0 0 0 0 0 0 0 0 0 0 0 0 0 0 0 0 0 0 0 0 0 0 0 0 0 0 0 0]	2026-08-15_21-07-56	[0 0 0 0 0 0 0 0 0 0 0 0 0 0 0 0 1 0 0 0 0 0 0 0 0 0 0 0 0 0 0 0 0 0 0 0 0 0 0 0 0 0 0 0 0 0 0 0 0 0 0 0 0 0 0 0 0 0 0 0 0 0 0 0 0 0 0 0 0 0 0 0 0]	2026-08-15_21-07-56	[2]	2026-08-15_21-07-56
3	2026-08-15_21-07-56	-0.8999999761581421	2026-08-15_21-07-56	10.429551124572754	2026-08-15_21-07-56	1.6028259992599487	2026-08-15_21-07-56	1.508884072303772	2026-08-15_21-07-56	3.603781223297119	2026-08-15_21-07-56	3.714059591293335	2026-08-15_21-07-56	True	2026-08-15_21-07-56	[0 0 1 1 0]	2026-08-15_21-07-56	[0 1 0 0 0]	2026-08-15_21-07-56	[0 0 0 0 0 0 0 0 1 0 0 0 0 0 0 0 0 0 0 0 0 0 0 0 0 0 0 0 0 0 0 0 0 0 0 0 0 0 0 1 0 0 0 0 0 0 0 0 0 0 0 0 0 0 0 0 0 0 0 0 0 0 0 0 0 0 0 0 0 0 0 0 0]	2026-08-15_21-07-56	[0 0 0 0 0 0 0 0 0 0 0 0 0 0 0 0 1 0 0 0 0 0 0 0 0 0 0 0 0 0 0 0 0 0 0 0 0 0 0 0 0 0 0 0 0 0 0 0 0 0 0 0 0 0 0 0 0 0 0 0 0 0 0 0 0 0 0 0 0 0 0 0 0]	2026-08-15_21-07-56	[2]	2026-08-15_21-07-56	[0 1 1 1 0]	2026-08-15_21-07-56	[0 1 0 0 1]	2026-08-15_21-07-56	[0 0 0 0 0 0 0 0 1 0 0 0 0 0 0 0 0 0 0 0 0 0 0 0 0 0 0 0 0 0 0 0 0 0 0 0 0 0 0 0 0 0 0 0 0 0 0 0 0 0 0 0 0 0 0 0 0 0 0 0 0 0 0 0 0 0 0 0 0 0 0 0 0]	2026-08-15_21-07-56	[0 0 0 0 0 0 0 0 0 0 0 0 0 0 0 0 0 0 0 0 0 0 0 0 0 0 0 0 0 0 0 0 0 0 0 0 0 0 0 0 0 0 0 0 0 0 0 0 0 0 0 0 0 0 0 0 0 0 0 0 0 0 0 0 0 0 0 0 0 0 0 0 0]	2026-08-15_21-07-56	[2]	2026-08-15_21-07-56
3	2026-08-15_21-07-56	-0.8999999761581421	2026-08-15_21-07-56	10.650586128234863	2026-08-15_21-07-56	1.5987398624420166	2026-08-15_21-07-56	1.4846680164337158	2026-08-15_21-07-56	3.7464120388031006	2026-08-15_21-07-56	3.8207664489746094	2026-08-15_21-07-56	True	2026-08-15_21-07-56	[0 1 1 1 0]	2026-08-15_21-07-56	[0 1 0 0 1]	2026-08-15_21-07-56	[0 0 0 0 0 0 0 0 1 0 0 0 0 0 0 0 0 0 0 0 0 0 0 0 0 0 0 0 0 0 0 0 0 0 0 0 0 0 0 0 0 0 0 0 0 0 0 0 0 0 0 0 0 0 0 0 0 0 0 0 0 0 0 0 0 0 0 0 0 0 0 0 0]	2026-08-15_21-07-56	[0 0 0 0 0 0 0 0 0 0 0 0 0 0 0 0 0 0 0 0 0 0 0 0 0 0 0 0 0 0 0 0 0 0 0 0 0 0 0 0 0 0 0 0 0 0 0 0 0 0 0 0 0 0 0 0 0 0 0 0 0 0 0 0 0 0 0 0 0 0 0 0 0]	2026-08-15_21-07-56	[2]	2026-08-15_21-07-56	[0 0 1 1 0]	2026-08-15_21-07-56	[0 1 0 0 0]	2026-08-15_21-07-56	[0 0 0 0 0 0 0 0 1 0 0 0 0 0 0 0 0 0 0 0 0 0 0 0 0 0 0 0 0 0 0 0 0 0 0 0 0 0 0 1 0 0 0 0 0 0 0 0 0 0 0 0 0 0 0 0 0 0 0 0 0 0 0 0 0 0 0 0 0 0 0 0 0]	2026-08-15_21-07-56	[0 0 0 0 0 0 0 0 0 0 0 0 0 0 0 0 1 0 0 0 0 0 0 0 0 0 0 0 0 0 0 0 0 0 0 0 0 0 0 0 0 0 0 0 0 0 0 0 0 0 0 0 0 0 0 0 0 0 0 0 0 0 0 0 0 0 0 0 0 0 0 0 0]	2026-08-15_21-07-56	[2]	2026-08-15_21-07-56
3	2026-08-15_21-07-56	-0.8999999761581421	2026-08-15_21-07-56	10.514321327209473	2026-08-15_21-07-56	1.602874755859375	2026-08-15_21-07-56	1.5123203992843628	2026-08-15_21-07-56	3.6519808769226074	2026-08-15_21-07-56	3.747144937515259	2026-08-15_21-07-56	True	2026-08-15_21-07-56	[0 0 1 1 0]	2026-08-15_21-07-56	[0 1 0 0 0]	2026-08-15_21-07-56	[0 0 0 0 0 0 0 0 1 0 0 0 0 0 0 0 0 0 0 0 0 0 0 0 0 0 0 0 0 0 0 0 0 0 0 0 0 0 0 1 0 0 0 0 0 0 0 0 0 0 0 0 0 0 0 0 0 0 0 0 0 0 0 0 0 0 0 0 0 0 0 0 0]	2026-08-15_21-07-56	[0 0 0 0 0 0 0 0 0 0 0 0 0 0 0 0 1 0 0 0 0 0 0 0 0 0 0 0 0 0 0 0 0 0 0 0 0 0 0 0 0 0 0 0 0 0 0 0 0 0 0 0 0 0 0 0 0 0 0 0 0 0 0 0 0 0 0 0 0 0 0 0 0]	2026-08-15_21-07-56	[2]	2026-08-15_21-07-56	[0 1 1 1 0]	2026-08-15_21-07-56	[0 1 0 0 1]	2026-08-15_21-07-56	[0 0 0 0 0 0 0 0 1 0 0 0 0 0 0 0 0 0 0 0 0 0 0 0 0 0 0 0 0 0 0 0 0 0 0 0 0 0 0 0 0 0 0 0 0 0 0 0 0 0 0 0 0 0 0 0 0 0 0 0 0 0 0 0 0 0 0 0 0 0 0 0 0]	2026-08-15_21-07-56	[0 0 0 0 0 0 0 0 0 0 0 0 0 0 0 0 0 0 0 0 0 0 0 0 0 0 0 0 0 0 0 0 0 0 0 0 0 0 0 0 0 0 0 0 0 0 0 0 0 0 0 0 0 0 0 0 0 0 0 0 0 0 0 0 0 0 0 0 0 0 0 0 0]	2026-08-15_21-07-56	[2]	2026-08-15_21-07-56
3	2026-08-15_21-07-56	-0.8999999761581421	2026-08-15_21-07-56	10.696233749389648	2026-08-15_21-07-56	1.5979207754135132	2026-08-15_21-07-56	1.481276273727417	2026-08-15_21-07-56	3.778581142425537	2026-08-15_21-07-56	3.83845591545105	2026-08-15_21-07-56	True	2026-08-15_21-07-56	[0 1 1 1 0]	2026-08-15_21-07-56	[0 1 0 0 1]	2026-08-15_21-07-56	[0 0 0 0 0 0 0 0 1 0 0 0 0 0 0 0 0 0 0 0 0 0 0 0 0 0 0 0 0 0 0 0 0 0 0 0 0 0 0 0 0 0 0 0 0 0 0 0 0 0 0 0 0 0 0 0 0 0 0 0 0 0 0 0 0 0 0 0 0 0 0 0 0]	2026-08-15_21-07-56	[0 0 0 0 0 0 0 0 0 0 0 0 0 0 0 0 0 0 0 0 0 0 0 0 0 0 0 0 0 0 0 0 0 0 0 0 0 0 0 0 0 0 0 0 0 0 0 0 0 0 0 0 0 0 0 0 0 0 0 0 0 0 0 0 0 0 0 0 0 0 0 0 0]	2026-08-15_21-07-56	[2]	2026-08-15_21-07-56	[0 0 1 1 0]	2026-08-15_21-07-56	[0 1 0 0 0]	2026-08-15_21-07-56	[0 0 0 0 0 0 0 0 1 0 0 0 0 0 0 0 0 0 0 0 0 0 0 0 0 0 0 0 0 0 0 0 0 0 0 0 0 0 0 1 0 0 0 0 0 0 0 0 0 0 0 0 0 0 0 0 0 0 0 0 0 0 0 0 0 0 0 0 0 0 0 0 0]	2026-08-15_21-07-56	[0 0 0 0 0 0 0 0 0 0 0 0 0 0 0 0 1 0 0 0 0 0 0 0 0 0 0 0 0 0 0 0 0 0 0 0 0 0 0 0 0 0 0 0 0 0 0 0 0 0 0 0 0 0 0 0 0 0 0 0 0 0 0 0 0 0 0 0 0 0 0 0 0]	2026-08-15_21-07-56	[2]	2026-08-15_21-07-56
3	2026-08-15_21-07-56	-0.8999999761581421	2026-08-15_21-07-56	10.495315551757812	2026-08-15_21-07-56	1.603776216506958	2026-08-15_21-07-56	1.507091760635376	2026-08-15_21-07-56	3.6434826850891113	2026-08-15_21-07-56	3.740964651107788	2026-08-15_21-07-56	True	2026-08-15_21-07-56	[0 0 1 1 0]	2026-08-15_21-07-56	[0 1 0 0 0]	2026-08-15_21-07-56	[0 0 0 0 0 0 0 0 1 0 0 0 0 0 0 0 0 0 0 0 0 0 0 0 0 0 0 0 0 0 0 0 0 0 0 0 0 0 0 1 0 0 0 0 0 0 0 0 0 0 0 0 0 0 0 0 0 0 0 0 0 0 0 0 0 0 0 0 0 0 0 0 0]	2026-08-15_21-07-56	[0 0 0 0 0 0 0 0 0 0 0 0 0 0 0 0 1 0 0 0 0 0 0 0 0 0 0 0 0 0 0 0 0 0 0 0 0 0 0 0 0 0 0 0 0 0 0 0 0 0 0 0 0 0 0 0 0 0 0 0 0 0 0 0 0 0 0 0 0 0 0 0 0]	2026-08-15_21-07-56	[2]	2026-08-15_21-07-56	[0 1 1 1 0]	2026-08-15_21-07-56	[0 1 0 0 1]	2026-08-15_21-07-56	[0 0 0 0 0 0 0 0 1 0 0 0 0 0 0 0 0 0 0 0 0 0 0 0 0 0 0 0 0 0 0 0 0 0 0 0 0 0 0 0 0 0 0 0 0 0 0 0 0 0 0 0 0 0 0 0 0 0 0 0 0 0 0 0 0 0 0 0 0 0 0 0 0]	2026-08-15_21-07-56	[0 0 0 0 0 0 0 0 0 0 0 0 0 0 0 0 0 0 0 0 0 0 0 0 0 0 0 0 0 0 0 0 0 0 0 0 0 0 0 0 0 0 0 0 0 0 0 0 0 0 0 0 0 0 0 0 0 0 0 0 0 0 0 0 0 0 0 0 0 0 0 0 0]	2026-08-15_21-07-56	[2]	2026-08-15_21-07-56
3	2026-08-15_21-07-56	-0.8999999761581421	2026-08-15_21-07-56	10.72201156616211	2026-08-15_21-07-56	1.6002212762832642	2026-08-15_21-07-56	1.5007894039154053	2026-08-15_21-07-56	3.7731313705444336	2026-08-15_21-07-56	3.847869634628296	2026-08-15_21-07-56	True	2026-08-15_21-07-56	[0 1 1 1 0]	2026-08-15_21-07-56	[0 1 0 0 1]	2026-08-15_21-07-56	[0 0 0 0 0 0 0 0 1 0 0 0 0 0 0 0 0 0 0 0 0 0 0 0 0 0 0 0 0 0 0 0 0 0 0 0 0 0 0 0 0 0 0 0 0 0 0 0 0 0 0 0 0 0 0 0 0 0 0 0 0 0 0 0 0 0 0 0 0 0 0 0 0]	2026-08-15_21-07-56	[0 0 0 0 0 0 0 0 0 0 0 0 0 0 0 0 0 0 0 0 0 0 0 0 0 0 0 0 0 0 0 0 0 0 0 0 0 0 0 0 0 0 0 0 0 0 0 0 0 0 0 0 0 0 0 0 0 0 0 0 0 0 0 0 0 0 0 0 0 0 0 0 0]	2026-08-15_21-07-56	[2]	2026-08-15_21-07-56	[0 0 1 1 0]	2026-08-15_21-07-56	[0 1 0 0 0]	2026-08-15_21-07-56	[0 0 0 0 0 0 0 0 1 0 0 0 0 0 0 0 0 0 0 0 0 0 0 0 0 0 0 0 0 0 0 0 0 0 0 0 0 0 0 1 0 0 0 0 0 0 0 0 0 0 0 0 0 0 0 0 0 0 0 0 0 0 0 0 0 0 0 0 0 0 0 0 0]	2026-08-15_21-07-56	[0 0 0 0 0 0 0 0 0 0 0 0 0 0 0 0 1 0 0 0 0 0 0 0 0 0 0 0 0 0 0 0 0 0 0 0 0 0 0 0 0 0 0 0 0 0 0 0 0 0 0 0 0 0 0 0 0 0 0 0 0 0 0 0 0 0 0 0 0 0 0 0 0]	2026-08-15_21-07-56	[2]	2026-08-15_21-07-56
3	2026-08-15_21-07-56	-0.8999999761581421	2026-08-15_21-07-56	10.515860557556152	2026-08-15_21-07-56	1.6052734851837158	2026-08-15_21-07-56	1.5144034624099731	2026-08-15_21-07-56	3.6477303504943848	2026-08-15_21-07-56	3.748453378677368	2026-08-15_21-07-56	True	2026-08-15_21-07-56	[0 0 1 1 0]	2026-08-15_21-07-56	[0 1 0 0 0]	2026-08-15_21-07-56	[0 0 0 0 0 0 0 0 1 0 0 0 0 0 0 0 0 0 0 0 0 0 0 0 0 0 0 0 0 0 0 0 0 0 0 0 0 0 0 1 0 0 0 0 0 0 0 0 0 0 0 0 0 0 0 0 0 0 0 0 0 0 0 0 0 0 0 0 0 0 0 0 0]	2026-08-15_21-07-56	[0 0 0 0 0 0 0 0 0 0 0 0 0 0 0 0 1 0 0 0 0 0 0 0 0 0 0 0 0 0 0 0 0 0 0 0 0 0 0 0 0 0 0 0 0 0 0 0 0 0 0 0 0 0 0 0 0 0 0 0 0 0 0 0 0 0 0 0 0 0 0 0 0]	2026-08-15_21-07-56	[2]	2026-08-15_21-07-56	[0 1 1 1 0]	2026-08-15_21-07-56	[0 1 0 0 1]	2026-08-15_21-07-56	[0 0 0 0 0 0 0 0 1 0 0 0 0 0 0 0 0 0 0 0 0 0 0 0 0 0 0 0 0 0 0 0 0 0 0 0 0 0 0 0 0 0 0 0 0 0 0 0 0 0 0 0 0 0 0 0 0 0 0 0 0 0 0 0 0 0 0 0 0 0 0 0 0]	2026-08-15_21-07-56	[0 0 0 0 0 0 0 0 0 0 0 0 0 0 0 0 0 0 0 0 0 0 0 0 0 0 0 0 0 0 0 0 0 0 0 0 0 0 0 0 0 0 0 0 0 0 0 0 0 0 0 0 0 0 0 0 0 0 0 0 0 0 0 0 0 0 0 0 0 0 0 0 0]	2026-08-15_21-07-56	[2]	2026-08-15_21-07-56
3	2026-08-15_21-07-56	-0.8999999761581421	2026-08-15_21-07-56	10.702347755432129	2026-08-15_21-07-56	1.5975149869918823	2026-08-15_21-07-56	1.4885417222976685	2026-08-15_21-07-56	3.7721824645996094	2026-08-15_21-07-56	3.844108819961548	2026-08-15_21-07-56	True	2026-08-15_21-07-56	[0 1 1 1 0]	2026-08-15_21-07-56	[0 1 0 0 1]	2026-08-15_21-07-56	[0 0 0 0 0 0 0 0 1 0 0 0 0 0 0 0 0 0 0 0 0 0 0 0 0 0 0 0 0 0 0 0 0 0 0 0 0 0 0 0 0 0 0 0 0 0 0 0 0 0 0 0 0 0 0 0 0 0 0 0 0 0 0 0 0 0 0 0 0 0 0 0 0]	2026-08-15_21-07-56	[0 0 0 0 0 0 0 0 0 0 0 0 0 0 0 0 0 0 0 0 0 0 0 0 0 0 0 0 0 0 0 0 0 0 0 0 0 0 0 0 0 0 0 0 0 0 0 0 0 0 0 0 0 0 0 0 0 0 0 0 0 0 0 0 0 0 0 0 0 0 0 0 0]	2026-08-15_21-07-56	[2]	2026-08-15_21-07-56	[0 0 1 1 0]	2026-08-15_21-07-56	[0 1 0 0 0]	2026-08-15_21-07-56	[0 0 0 0 0 0 0 0 1 0 0 0 0 0 0 0 0 0 0 0 0 0 0 0 0 0 0 0 0 0 0 0 0 0 0 0 0 0 0 1 0 0 0 0 0 0 0 0 0 0 0 0 0 0 0 0 0 0 0 0 0 0 0 0 0 0 0 0 0 0 0 0 0]	2026-08-15_21-07-56	[0 0 0 0 0 0 0 0 0 0 0 0 0 0 0 0 1 0 0 0 0 0 0 0 0 0 0 0 0 0 0 0 0 0 0 0 0 0 0 0 0 0 0 0 0 0 0 0 0 0 0 0 0 0 0 0 0 0 0 0 0 0 0 0 0 0 0 0 0 0 0 0 0]	2026-08-15_21-07-56	[2]	2026-08-15_21-07-56
3	2026-08-15_21-07-56	-0.8999999761581421	2026-08-15_21-07-56	10.459314346313477	2026-08-15_21-07-56	1.6024181842803955	2026-08-15_21-07-56	1.5132875442504883	2026-08-15_21-07-56	3.617201566696167	2026-08-15_21-07-56	3.726407527923584	2026-08-15_21-07-56	True	2026-08-15_21-07-56	[0 0 1 1 0]	2026-08-15_21-07-56	[0 1 0 0 0]	2026-08-15_21-07-56	[0 0 0 0 0 0 0 0 1 0 0 0 0 0 0 0 0 0 0 0 0 0 0 0 0 0 0 0 0 0 0 0 0 0 0 0 0 0 0 1 0 0 0 0 0 0 0 0 0 0 0 0 0 0 0 0 0 0 0 0 0 0 0 0 0 0 0 0 0 0 0 0 0]	2026-08-15_21-07-56	[0 0 0 0 0 0 0 0 0 0 0 0 0 0 0 0 1 0 0 0 0 0 0 0 0 0 0 0 0 0 0 0 0 0 0 0 0 0 0 0 0 0 0 0 0 0 0 0 0 0 0 0 0 0 0 0 0 0 0 0 0 0 0 0 0 0 0 0 0 0 0 0 0]	2026-08-15_21-07-56	[2]	2026-08-15_21-07-56	[0 1 1 1 0]	2026-08-15_21-07-56	[0 1 0 0 1]	2026-08-15_21-07-56	[0 0 0 0 0 0 0 0 1 0 0 0 0 0 0 0 0 0 0 0 0 0 0 0 0 0 0 0 0 0 0 0 0 0 0 0 0 0 0 0 0 0 0 0 0 0 0 0 0 0 0 0 0 0 0 0 0 0 0 0 0 0 0 0 0 0 0 0 0 0 0 0 0]	2026-08-15_21-07-56	[0 0 0 0 0 0 0 0 0 0 0 0 0 0 0 0 0 0 0 0 0 0 0 0 0 0 0 0 0 0 0 0 0 0 0 0 0 0 0 0 0 0 0 0 0 0 0 0 0 0 0 0 0 0 0 0 0 0 0 0 0 0 0 0 0 0 0 0 0 0 0 0 0]	2026-08-15_21-07-56	[2]	2026-08-15_21-07-56
3	2026-08-15_21-07-56	-0.8999999761581421	2026-08-15_21-07-56	10.7262601852417	2026-08-15_21-07-56	1.5971217155456543	2026-08-15_21-07-56	1.4811415672302246	2026-08-15_21-07-56	3.7928731441497803	2026-08-15_21-07-56	3.855123519897461	2026-08-15_21-07-56	True	2026-08-15_21-07-56	[0 1 1 1 0]	2026-08-15_21-07-56	[0 1 0 0 1]	2026-08-15_21-07-56	[0 0 0 0 0 0 0 0 1 0 0 0 0 0 0 0 0 0 0 0 0 0 0 0 0 0 0 0 0 0 0 0 0 0 0 0 0 0 0 0 0 0 0 0 0 0 0 0 0 0 0 0 0 0 0 0 0 0 0 0 0 0 0 0 0 0 0 0 0 0 0 0 0]	2026-08-15_21-07-56	[0 0 0 0 0 0 0 0 0 0 0 0 0 0 0 0 0 0 0 0 0 0 0 0 0 0 0 0 0 0 0 0 0 0 0 0 0 0 0 0 0 0 0 0 0 0 0 0 0 0 0 0 0 0 0 0 0 0 0 0 0 0 0 0 0 0 0 0 0 0 0 0 0]	2026-08-15_21-07-56	[2]	2026-08-15_21-07-56	[0 0 1 1 0]	2026-08-15_21-07-56	[0 1 0 0 0]	2026-08-15_21-07-56	[0 0 0 0 0 0 0 0 1 0 0 0 0 0 0 0 0 0 0 0 0 0 0 0 0 0 0 0 0 0 0 0 0 0 0 0 0 0 0 1 0 0 0 0 0 0 0 0 0 0 0 0 0 0 0 0 0 0 0 0 0 0 0 0 0 0 0 0 0 0 0 0 0]	2026-08-15_21-07-56	[0 0 0 0 0 0 0 0 0 0 0 0 0 0 0 0 1 0 0 0 0 0 0 0 0 0 0 0 0 0 0 0 0 0 0 0 0 0 0 0 0 0 0 0 0 0 0 0 0 0 0 0 0 0 0 0 0 0 0 0 0 0 0 0 0 0 0 0 0 0 0 0 0]	2026-08-15_21-07-56	[2]	2026-08-15_21-07-56
3	2026-08-15_21-07-56	-0.8999999761581421	2026-08-15_21-07-56	10.472699165344238	2026-08-15_21-07-56	1.6020116806030273	2026-08-15_21-07-56	1.512777328491211	2026-08-15_21-07-56	3.6214542388916016	2026-08-15_21-07-56	3.7364556789398193	2026-08-15_21-07-56	True	2026-08-15_21-07-56	[0 0 1 1 0]	2026-08-15_21-07-56	[0 1 0 0 0]	2026-08-15_21-07-56	[0 0 0 0 0 0 0 0 1 0 0 0 0 0 0 0 0 0 0 0 0 0 0 0 0 0 0 0 0 0 0 0 0 0 0 0 0 0 0 1 0 0 0 0 0 0 0 0 0 0 0 0 0 0 0 0 0 0 0 0 0 0 0 0 0 0 0 0 0 0 0 0 0]	2026-08-15_21-07-56	[0 0 0 0 0 0 0 0 0 0 0 0 0 0 0 0 1 0 0 0 0 0 0 0 0 0 0 0 0 0 0 0 0 0 0 0 0 0 0 0 0 0 0 0 0 0 0 0 0 0 0 0 0 0 0 0 0 0 0 0 0 0 0 0 0 0 0 0 0 0 0 0 0]	2026-08-15_21-07-56	[2]	2026-08-15_21-07-56	[0 1 1 1 0]	2026-08-15_21-07-56	[0 1 0 0 1]	2026-08-15_21-07-56	[0 0 0 0 0 0 0 0 1 0 0 0 0 0 0 0 0 0 0 0 0 0 0 0 0 0 0 0 0 0 0 0 0 0 0 0 0 0 0 0 0 0 0 0 0 0 0 0 0 0 0 0 0 0 0 0 0 0 0 0 0 0 0 0 0 0 0 0 0 0 0 0 0]	2026-08-15_21-07-56	[0 0 0 0 0 0 0 0 0 0 0 0 0 0 0 0 0 0 0 0 0 0 0 0 0 0 0 0 0 0 0 0 0 0 0 0 0 0 0 0 0 0 0 0 0 0 0 0 0 0 0 0 0 0 0 0 0 0 0 0 0 0 0 0 0 0 0 0 0 0 0 0 0]	2026-08-15_21-07-56	[2]	2026-08-15_21-07-56
3	2026-08-15_21-07-56	-0.8999999761581421	2026-08-15_21-07-56	10.751497268676758	2026-08-15_21-07-56	1.5995723009109497	2026-08-15_21-07-56	1.489477276802063	2026-08-15_21-07-56	3.800340414047241	2026-08-15_21-07-56	3.862107038497925	2026-08-15_21-07-56	True	2026-08-15_21-07-56	[0 1 1 1 0]	2026-08-15_21-07-56	[0 1 0 0 1]	2026-08-15_21-07-56	[0 0 0 0 0 0 0 0 1 0 0 0 0 0 0 0 0 0 0 0 0 0 0 0 0 0 0 0 0 0 0 0 0 0 0 0 0 0 0 0 0 0 0 0 0 0 0 0 0 0 0 0 0 0 0 0 0 0 0 0 0 0 0 0 0 0 0 0 0 0 0 0 0]	2026-08-15_21-07-56	[0 0 0 0 0 0 0 0 0 0 0 0 0 0 0 0 0 0 0 0 0 0 0 0 0 0 0 0 0 0 0 0 0 0 0 0 0 0 0 0 0 0 0 0 0 0 0 0 0 0 0 0 0 0 0 0 0 0 0 0 0 0 0 0 0 0 0 0 0 0 0 0 0]	2026-08-15_21-07-56	[2]	2026-08-15_21-07-56	[0 0 1 1 0]	2026-08-15_21-07-56	[0 1 0 0 0]	2026-08-15_21-07-56	[0 0 0 0 0 0 0 0 1 0 0 0 0 0 0 0 0 0 0 0 0 0 0 0 0 0 0 0 0 0 0 0 0 0 0 0 0 0 0 1 0 0 0 0 0 0 0 0 0 0 0 0 0 0 0 0 0 0 0 0 0 0 0 0 0 0 0 0 0 0 0 0 0]	2026-08-15_21-07-56	[0 0 0 0 0 0 0 0 0 0 0 0 0 0 0 0 1 0 0 0 0 0 0 0 0 0 0 0 0 0 0 0 0 0 0 0 0 0 0 0 0 0 0 0 0 0 0 0 0 0 0 0 0 0 0 0 0 0 0 0 0 0 0 0 0 0 0 0 0 0 0 0 0]	2026-08-15_21-07-56	[2]	2026-08-15_21-07-56
3	2026-08-15_21-07-56	-0.8999999761581421	2026-08-15_21-07-56	10.477659225463867	2026-08-15_21-07-56	1.6040608882904053	2026-08-15_21-07-56	1.515979290008545	2026-08-15_21-07-56	3.621748447418213	2026-08-15_21-07-56	3.735870838165283	2026-08-15_21-07-56	True	2026-08-15_21-07-56	[0 0 1 1 0]	2026-08-15_21-07-56	[0 1 0 0 0]	2026-08-15_21-07-56	[0 0 0 0 0 0 0 0 1 0 0 0 0 0 0 0 0 0 0 0 0 0 0 0 0 0 0 0 0 0 0 0 0 0 0 0 0 0 0 1 0 0 0 0 0 0 0 0 0 0 0 0 0 0 0 0 0 0 0 0 0 0 0 0 0 0 0 0 0 0 0 0 0]	2026-08-15_21-07-56	[0 0 0 0 0 0 0 0 0 0 0 0 0 0 0 0 1 0 0 0 0 0 0 0 0 0 0 0 0 0 0 0 0 0 0 0 0 0 0 0 0 0 0 0 0 0 0 0 0 0 0 0 0 0 0 0 0 0 0 0 0 0 0 0 0 0 0 0 0 0 0 0 0]	2026-08-15_21-07-56	[2]	2026-08-15_21-07-56	[0 1 1 1 0]	2026-08-15_21-07-56	[0 1 0 0 1]	2026-08-15_21-07-56	[0 0 0 0 0 0 0 0 1 0 0 0 0 0 0 0 0 0 0 0 0 0 0 0 0 0 0 0 0 0 0 0 0 0 0 0 0 0 0 0 0 0 0 0 0 0 0 0 0 0 0 0 0 0 0 0 0 0 0 0 0 0 0 0 0 0 0 0 0 0 0 0 0]	2026-08-15_21-07-56	[0 0 0 0 0 0 0 0 0 0 0 0 0 0 0 0 0 0 0 0 0 0 0 0 0 0 0 0 0 0 0 0 0 0 0 0 0 0 0 0 0 0 0 0 0 0 0 0 0 0 0 0 0 0 0 0 0 0 0 0 0 0 0 0 0 0 0 0 0 0 0 0 0]	2026-08-15_21-07-56	[2]	2026-08-15_21-07-56
3	2026-08-15_21-07-56	-0.8999999761581421	2026-08-15_21-07-56	10.761552810668945	2026-08-15_21-07-56	1.597490668296814	2026-08-15_21-07-56	1.4840507507324219	2026-08-15_21-07-56	3.807161569595337	2026-08-15_21-07-56	3.872849941253662	2026-08-15_21-07-56	True	2026-08-15_21-07-56	[0 1 1 1 0]	2026-08-15_21-07-56	[0 1 0 0 1]	2026-08-15_21-07-56	[0 0 0 0 0 0 0 0 1 0 0 0 0 0 0 0 0 0 0 0 0 0 0 0 0 0 0 0 0 0 0 0 0 0 0 0 0 0 0 0 0 0 0 0 0 0 0 0 0 0 0 0 0 0 0 0 0 0 0 0 0 0 0 0 0 0 0 0 0 0 0 0 0]	2026-08-15_21-07-56	[0 0 0 0 0 0 0 0 0 0 0 0 0 0 0 0 0 0 0 0 0 0 0 0 0 0 0 0 0 0 0 0 0 0 0 0 0 0 0 0 0 0 0 0 0 0 0 0 0 0 0 0 0 0 0 0 0 0 0 0 0 0 0 0 0 0 0 0 0 0 0 0 0]	2026-08-15_21-07-56	[2]	2026-08-15_21-07-56	[0 0 1 1 0]	2026-08-15_21-07-56	[0 1 0 0 0]	2026-08-15_21-07-56	[0 0 0 0 0 0 0 0 1 0 0 0 0 0 0 0 0 0 0 0 0 0 0 0 0 0 0 0 0 0 0 0 0 0 0 0 0 0 0 1 0 0 0 0 0 0 0 0 0 0 0 0 0 0 0 0 0 0 0 0 0 0 0 0 0 0 0 0 0 0 0 0 0]	2026-08-15_21-07-56	[0 0 0 0 0 0 0 0 0 0 0 0 0 0 0 0 1 0 0 0 0 0 0 0 0 0 0 0 0 0 0 0 0 0 0 0 0 0 0 0 0 0 0 0 0 0 0 0 0 0 0 0 0 0 0 0 0 0 0 0 0 0 0 0 0 0 0 0 0 0 0 0 0]	2026-08-15_21-07-56	[2]	2026-08-15_21-07-56
3	2026-08-15_21-07-56	-0.8999999761581421	2026-08-15_21-07-56	10.537806510925293	2026-08-15_21-07-56	1.6052610874176025	2026-08-15_21-07-56	1.521524429321289	2026-08-15_21-07-56	3.6597366333007812	2026-08-15_21-07-56	3.751284599304199	2026-08-15_21-07-56	True	2026-08-15_21-07-56	[0 0 1 1 0]	2026-08-15_21-07-56	[0 1 0 0 0]	2026-08-15_21-07-56	[0 0 0 0 0 0 0 0 1 0 0 0 0 0 0 0 0 0 0 0 0 0 0 0 0 0 0 0 0 0 0 0 0 0 0 0 0 0 0 1 0 0 0 0 0 0 0 0 0 0 0 0 0 0 0 0 0 0 0 0 0 0 0 0 0 0 0 0 0 0 0 0 0]	2026-08-15_21-07-56	[0 0 0 0 0 0 0 0 0 0 0 0 0 0 0 0 1 0 0 0 0 0 0 0 0 0 0 0 0 0 0 0 0 0 0 0 0 0 0 0 0 0 0 0 0 0 0 0 0 0 0 0 0 0 0 0 0 0 0 0 0 0 0 0 0 0 0 0 0 0 0 0 0]	2026-08-15_21-07-56	[2]	2026-08-15_21-07-56	[0 1 1 1 0]	2026-08-15_21-07-56	[0 1 0 0 1]	2026-08-15_21-07-56	[0 0 0 0 0 0 0 0 1 0 0 0 0 0 0 0 0 0 0 0 0 0 0 0 0 0 0 0 0 0 0 0 0 0 0 0 0 0 0 0 0 0 0 0 0 0 0 0 0 0 0 0 0 0 0 0 0 0 0 0 0 0 0 0 0 0 0 0 0 0 0 0 0]	2026-08-15_21-07-56	[0 0 0 0 0 0 0 0 0 0 0 0 0 0 0 0 0 0 0 0 0 0 0 0 0 0 0 0 0 0 0 0 0 0 0 0 0 0 0 0 0 0 0 0 0 0 0 0 0 0 0 0 0 0 0 0 0 0 0 0 0 0 0 0 0 0 0 0 0 0 0 0 0]	2026-08-15_21-07-56	[2]	2026-08-15_21-07-56
3	2026-08-15_21-07-56	-0.8999999761581421	2026-08-15_21-07-56	10.659594535827637	2026-08-15_21-07-56	1.5995177030563354	2026-08-15_21-07-56	1.4924650192260742	2026-08-15_21-07-56	3.7486367225646973	2026-08-15_21-07-56	3.8189749717712402	2026-08-15_21-07-56	True	2026-08-15_21-07-56	[0 1 1 1 0]	2026-08-15_21-07-56	[0 1 0 0 1]	2026-08-15_21-07-56	[0 0 0 0 0 0 0 0 1 0 0 0 0 0 0 0 0 0 0 0 0 0 0 0 0 0 0 0 0 0 0 0 0 0 0 0 0 0 0 0 0 0 0 0 0 0 0 0 0 0 0 0 0 0 0 0 0 0 0 0 0 0 0 0 0 0 0 0 0 0 0 0 0]	2026-08-15_21-07-56	[0 0 0 0 0 0 0 0 0 0 0 0 0 0 0 0 0 0 0 0 0 0 0 0 0 0 0 0 0 0 0 0 0 0 0 0 0 0 0 0 0 0 0 0 0 0 0 0 0 0 0 0 0 0 0 0 0 0 0 0 0 0 0 0 0 0 0 0 0 0 0 0 0]	2026-08-15_21-07-56	[2]	2026-08-15_21-07-56	[0 0 1 1 0]	2026-08-15_21-07-56	[0 1 0 0 0]	2026-08-15_21-07-56	[0 0 0 0 0 0 0 0 1 0 0 0 0 0 0 0 0 0 0 0 0 0 0 0 0 0 0 0 0 0 0 0 0 0 0 0 0 0 0 1 0 0 0 0 0 0 0 0 0 0 0 0 0 0 0 0 0 0 0 0 0 0 0 0 0 0 0 0 0 0 0 0 0]	2026-08-15_21-07-56	[0 0 0 0 0 0 0 0 0 0 0 0 0 0 0 0 1 0 0 0 0 0 0 0 0 0 0 0 0 0 0 0 0 0 0 0 0 0 0 0 0 0 0 0 0 0 0 0 0 0 0 0 0 0 0 0 0 0 0 0 0 0 0 0 0 0 0 0 0 0 0 0 0]	2026-08-15_21-07-56	[2]	2026-08-15_21-07-56
3	2026-08-15_21-07-56	-0.8999999761581421	2026-08-15_21-07-56	10.539682388305664	2026-08-15_21-07-56	1.6046799421310425	2026-08-15_21-07-56	1.5163497924804688	2026-08-15_21-07-56	3.6597490310668945	2026-08-15_21-07-56	3.7589030265808105	2026-08-15_21-07-56	True	2026-08-15_21-07-56	[0 0 1 1 0]	2026-08-15_21-07-56	[0 1 0 0 0]	2026-08-15_21-07-56	[0 0 0 0 0 0 0 0 1 0 0 0 0 0 0 0 0 0 0 0 0 0 0 0 0 0 0 0 0 0 0 0 0 0 0 0 0 0 0 1 0 0 0 0 0 0 0 0 0 0 0 0 0 0 0 0 0 0 0 0 0 0 0 0 0 0 0 0 0 0 0 0 0]	2026-08-15_21-07-56	[0 0 0 0 0 0 0 0 0 0 0 0 0 0 0 0 1 0 0 0 0 0 0 0 0 0 0 0 0 0 0 0 0 0 0 0 0 0 0 0 0 0 0 0 0 0 0 0 0 0 0 0 0 0 0 0 0 0 0 0 0 0 0 0 0 0 0 0 0 0 0 0 0]	2026-08-15_21-07-56	[2]	2026-08-15_21-07-56	[0 1 1 1 0]	2026-08-15_21-07-56	[0 1 0 0 1]	2026-08-15_21-07-56	[0 0 0 0 0 0 0 0 1 0 0 0 0 0 0 0 0 0 0 0 0 0 0 0 0 0 0 0 0 0 0 0 0 0 0 0 0 0 0 0 0 0 0 0 0 0 0 0 0 0 0 0 0 0 0 0 0 0 0 0 0 0 0 0 0 0 0 0 0 0 0 0 0]	2026-08-15_21-07-56	[0 0 0 0 0 0 0 0 0 0 0 0 0 0 0 0 0 0 0 0 0 0 0 0 0 0 0 0 0 0 0 0 0 0 0 0 0 0 0 0 0 0 0 0 0 0 0 0 0 0 0 0 0 0 0 0 0 0 0 0 0 0 0 0 0 0 0 0 0 0 0 0 0]	2026-08-15_21-07-56	[2]	2026-08-15_21-07-56
3	2026-08-15_21-07-56	-0.8999999761581421	2026-08-15_21-07-56	10.760311126708984	2026-08-15_21-07-56	1.600102186203003	2026-08-15_21-07-56	1.4902653694152832	2026-08-15_21-07-56	3.8025331497192383	2026-08-15_21-07-56	3.86741042137146	2026-08-15_21-07-56	True	2026-08-15_21-07-56	[0 1 1 1 0]	2026-08-15_21-07-56	[0 1 0 0 1]	2026-08-15_21-07-56	[0 0 0 0 0 0 0 0 1 0 0 0 0 0 0 0 0 0 0 0 0 0 0 0 0 0 0 0 0 0 0 0 0 0 0 0 0 0 0 0 0 0 0 0 0 0 0 0 0 0 0 0 0 0 0 0 0 0 0 0 0 0 0 0 0 0 0 0 0 0 0 0 0]	2026-08-15_21-07-56	[0 0 0 0 0 0 0 0 0 0 0 0 0 0 0 0 0 0 0 0 0 0 0 0 0 0 0 0 0 0 0 0 0 0 0 0 0 0 0 0 0 0 0 0 0 0 0 0 0 0 0 0 0 0 0 0 0 0 0 0 0 0 0 0 0 0 0 0 0 0 0 0 0]	2026-08-15_21-07-56	[2]	2026-08-15_21-07-56	[0 0 1 1 0]	2026-08-15_21-07-56	[0 1 0 0 0]	2026-08-15_21-07-56	[0 0 0 0 0 0 0 0 1 0 0 0 0 0 0 0 0 0 0 0 0 0 0 0 0 0 0 0 0 0 0 0 0 0 0 0 0 0 0 1 0 0 0 0 0 0 0 0 0 0 0 0 0 0 0 0 0 0 0 0 0 0 0 0 0 0 0 0 0 0 0 0 0]	2026-08-15_21-07-56	[0 0 0 0 0 0 0 0 0 0 0 0 0 0 0 0 1 0 0 0 0 0 0 0 0 0 0 0 0 0 0 0 0 0 0 0 0 0 0 0 0 0 0 0 0 0 0 0 0 0 0 0 0 0 0 0 0 0 0 0 0 0 0 0 0 0 0 0 0 0 0 0 0]	2026-08-15_21-07-56	[2]	2026-08-15_21-07-56
3	2026-08-15_21-07-56	-0.8999999761581421	2026-08-15_21-07-56	10.419204711914062	2026-08-15_21-07-56	1.6032806634902954	2026-08-15_21-07-56	1.5106556415557861	2026-08-15_21-07-56	3.593782901763916	2026-08-15_21-07-56	3.7114853858947754	2026-08-15_21-07-56	True	2026-08-15_21-07-56	[0 0 1 1 0]	2026-08-15_21-07-56	[0 1 0 0 0]	2026-08-15_21-07-56	[0 0 0 0 0 0 0 0 1 0 0 0 0 0 0 0 0 0 0 0 0 0 0 0 0 0 0 0 0 0 0 0 0 0 0 0 0 0 0 1 0 0 0 0 0 0 0 0 0 0 0 0 0 0 0 0 0 0 0 0 0 0 0 0 0 0 0 0 0 0 0 0 0]	2026-08-15_21-07-56	[0 0 0 0 0 0 0 0 0 0 0 0 0 0 0 0 1 0 0 0 0 0 0 0 0 0 0 0 0 0 0 0 0 0 0 0 0 0 0 0 0 0 0 0 0 0 0 0 0 0 0 0 0 0 0 0 0 0 0 0 0 0 0 0 0 0 0 0 0 0 0 0 0]	2026-08-15_21-07-56	[2]	2026-08-15_21-07-56	[0 1 1 1 0]	2026-08-15_21-07-56	[0 1 0 0 1]	2026-08-15_21-07-56	[0 0 0 0 0 0 0 0 1 0 0 0 0 0 0 0 0 0 0 0 0 0 0 0 0 0 0 0 0 0 0 0 0 0 0 0 0 0 0 0 0 0 0 0 0 0 0 0 0 0 0 0 0 0 0 0 0 0 0 0 0 0 0 0 0 0 0 0 0 0 0 0 0]	2026-08-15_21-07-56	[0 0 0 0 0 0 0 0 0 0 0 0 0 0 0 0 0 0 0 0 0 0 0 0 0 0 0 0 0 0 0 0 0 0 0 0 0 0 0 0 0 0 0 0 0 0 0 0 0 0 0 0 0 0 0 0 0 0 0 0 0 0 0 0 0 0 0 0 0 0 0 0 0]	2026-08-15_21-07-56	[2]	2026-08-15_21-07-56
3	2026-08-15_21-07-56	-0.8999999761581421	2026-08-15_21-07-56	10.716659545898438	2026-08-15_21-07-56	1.5965843200683594	2026-08-15_21-07-56	1.4796522855758667	2026-08-15_21-07-56	3.7867178916931152	2026-08-15_21-07-56	3.853705406188965	2026-08-15_21-07-56	True	2026-08-15_21-07-56	[0 1 1 1 0]	2026-08-15_21-07-56	[0 1 0 0 1]	2026-08-15_21-07-56	[0 0 0 0 0 0 0 0 1 0 0 0 0 0 0 0 0 0 0 0 0 0 0 0 0 0 0 0 0 0 0 0 0 0 0 0 0 0 0 0 0 0 0 0 0 0 0 0 0 0 0 0 0 0 0 0 0 0 0 0 0 0 0 0 0 0 0 0 0 0 0 0 0]	2026-08-15_21-07-56	[0 0 0 0 0 0 0 0 0 0 0 0 0 0 0 0 0 0 0 0 0 0 0 0 0 0 0 0 0 0 0 0 0 0 0 0 0 0 0 0 0 0 0 0 0 0 0 0 0 0 0 0 0 0 0 0 0 0 0 0 0 0 0 0 0 0 0 0 0 0 0 0 0]	2026-08-15_21-07-56	[2]	2026-08-15_21-07-56	[0 0 1 1 0]	2026-08-15_21-07-56	[0 1 0 0 0]	2026-08-15_21-07-56	[0 0 0 0 0 0 0 0 1 0 0 0 0 0 0 0 0 0 0 0 0 0 0 0 0 0 0 0 0 0 0 0 0 0 0 0 0 0 0 1 0 0 0 0 0 0 0 0 0 0 0 0 0 0 0 0 0 0 0 0 0 0 0 0 0 0 0 0 0 0 0 0 0]	2026-08-15_21-07-56	[0 0 0 0 0 0 0 0 0 0 0 0 0 0 0 0 1 0 0 0 0 0 0 0 0 0 0 0 0 0 0 0 0 0 0 0 0 0 0 0 0 0 0 0 0 0 0 0 0 0 0 0 0 0 0 0 0 0 0 0 0 0 0 0 0 0 0 0 0 0 0 0 0]	2026-08-15_21-07-56	[2]	2026-08-15_21-07-56
3	2026-08-15_21-07-56	-0.8999999761581421	2026-08-15_21-07-56	10.509305000305176	2026-08-15_21-07-56	1.6021907329559326	2026-08-15_21-07-56	1.5061980485916138	2026-08-15_21-07-56	3.646122455596924	2026-08-15_21-07-56	3.754793405532837	2026-08-15_21-07-56	True	2026-08-15_21-07-56	[0 0 1 1 0]	2026-08-15_21-07-56	[0 1 0 0 0]	2026-08-15_21-07-56	[0 0 0 0 0 0 0 0 1 0 0 0 0 0 0 0 0 0 0 0 0 0 0 0 0 0 0 0 0 0 0 0 0 0 0 0 0 0 0 1 0 0 0 0 0 0 0 0 0 0 0 0 0 0 0 0 0 0 0 0 0 0 0 0 0 0 0 0 0 0 0 0 0]	2026-08-15_21-07-56	[0 0 0 0 0 0 0 0 0 0 0 0 0 0 0 0 1 0 0 0 0 0 0 0 0 0 0 0 0 0 0 0 0 0 0 0 0 0 0 0 0 0 0 0 0 0 0 0 0 0 0 0 0 0 0 0 0 0 0 0 0 0 0 0 0 0 0 0 0 0 0 0 0]	2026-08-15_21-07-56	[2]	2026-08-15_21-07-56	[0 1 1 1 0]	2026-08-15_21-07-56	[0 1 0 0 1]	2026-08-15_21-07-56	[0 0 0 0 0 0 0 0 1 0 0 0 0 0 0 0 0 0 0 0 0 0 0 0 0 0 0 0 0 0 0 0 0 0 0 0 0 0 0 0 0 0 0 0 0 0 0 0 0 0 0 0 0 0 0 0 0 0 0 0 0 0 0 0 0 0 0 0 0 0 0 0 0]	2026-08-15_21-07-56	[0 0 0 0 0 0 0 0 0 0 0 0 0 0 0 0 0 0 0 0 0 0 0 0 0 0 0 0 0 0 0 0 0 0 0 0 0 0 0 0 0 0 0 0 0 0 0 0 0 0 0 0 0 0 0 0 0 0 0 0 0 0 0 0 0 0 0 0 0 0 0 0 0]	2026-08-15_21-07-56	[2]	2026-08-15_21-07-56
3	2026-08-15_21-07-56	-0.8999999761581421	2026-08-15_21-07-56	10.764538764953613	2026-08-15_21-07-56	1.5987406969070435	2026-08-15_21-07-56	1.4830083847045898	2026-08-15_21-07-56	3.8103461265563965	2026-08-15_21-07-56	3.872443675994873	2026-08-15_21-07-56	True	2026-08-15_21-07-56	[0 1 1 1 0]	2026-08-15_21-07-56	[0 1 0 0 1]	2026-08-15_21-07-56	[0 0 0 0 0 0 0 0 1 0 0 0 0 0 0 0 0 0 0 0 0 0 0 0 0 0 0 0 0 0 0 0 0 0 0 0 0 0 0 0 0 0 0 0 0 0 0 0 0 0 0 0 0 0 0 0 0 0 0 0 0 0 0 0 0 0 0 0 0 0 0 0 0]	2026-08-15_21-07-56	[0 0 0 0 0 0 0 0 0 0 0 0 0 0 0 0 0 0 0 0 0 0 0 0 0 0 0 0 0 0 0 0 0 0 0 0 0 0 0 0 0 0 0 0 0 0 0 0 0 0 0 0 0 0 0 0 0 0 0 0 0 0 0 0 0 0 0 0 0 0 0 0 0]	2026-08-15_21-07-56	[2]	2026-08-15_21-07-56	[0 0 1 1 0]	2026-08-15_21-07-56	[0 1 0 0 0]	2026-08-15_21-07-56	[0 0 0 0 0 0 0 0 1 0 0 0 0 0 0 0 0 0 0 0 0 0 0 0 0 0 0 0 0 0 0 0 0 0 0 0 0 0 0 1 0 0 0 0 0 0 0 0 0 0 0 0 0 0 0 0 0 0 0 0 0 0 0 0 0 0 0 0 0 0 0 0 0]	2026-08-15_21-07-56	[0 0 0 0 0 0 0 0 0 0 0 0 0 0 0 0 1 0 0 0 0 0 0 0 0 0 0 0 0 0 0 0 0 0 0 0 0 0 0 0 0 0 0 0 0 0 0 0 0 0 0 0 0 0 0 0 0 0 0 0 0 0 0 0 0 0 0 0 0 0 0 0 0]	2026-08-15_21-07-56	[2]	2026-08-15_21-07-56
3	2026-08-15_21-07-56	-0.8999999761581421	2026-08-15_21-07-56	10.434329986572266	2026-08-15_21-07-56	1.6031607389450073	2026-08-15_21-07-56	1.5111088752746582	2026-08-15_21-07-56	3.6070187091827393	2026-08-15_21-07-56	3.713041067123413	2026-08-15_21-07-56	True	2026-08-15_21-07-56	[0 0 1 1 0]	2026-08-15_21-07-56	[0 1 0 0 0]	2026-08-15_21-07-56	[0 0 0 0 0 0 0 0 1 0 0 0 0 0 0 0 0 0 0 0 0 0 0 0 0 0 0 0 0 0 0 0 0 0 0 0 0 0 0 1 0 0 0 0 0 0 0 0 0 0 0 0 0 0 0 0 0 0 0 0 0 0 0 0 0 0 0 0 0 0 0 0 0]	2026-08-15_21-07-56	[0 0 0 0 0 0 0 0 0 0 0 0 0 0 0 0 1 0 0 0 0 0 0 0 0 0 0 0 0 0 0 0 0 0 0 0 0 0 0 0 0 0 0 0 0 0 0 0 0 0 0 0 0 0 0 0 0 0 0 0 0 0 0 0 0 0 0 0 0 0 0 0 0]	2026-08-15_21-07-56	[2]	2026-08-15_21-07-56	[0 1 1 1 0]	2026-08-15_21-07-56	[0 1 0 0 1]	2026-08-15_21-07-56	[0 0 0 0 0 0 0 0 1 0 0 0 0 0 0 0 0 0 0 0 0 0 0 0 0 0 0 0 0 0 0 0 0 0 0 0 0 0 0 0 0 0 0 0 0 0 0 0 0 0 0 0 0 0 0 0 0 0 0 0 0 0 0 0 0 0 0 0 0 0 0 0 0]	2026-08-15_21-07-56	[0 0 0 0 0 0 0 0 0 0 0 0 0 0 0 0 0 0 0 0 0 0 0 0 0 0 0 0 0 0 0 0 0 0 0 0 0 0 0 0 0 0 0 0 0 0 0 0 0 0 0 0 0 0 0 0 0 0 0 0 0 0 0 0 0 0 0 0 0 0 0 0 0]	2026-08-15_21-07-56	[2]	2026-08-15_21-07-56
3	2026-08-15_21-07-56	-0.8999999761581421	2026-08-15_21-07-56	10.671950340270996	2026-08-15_21-07-56	1.598458170890808	2026-08-15_21-07-56	1.486780047416687	2026-08-15_21-07-56	3.756108283996582	2026-08-15_21-07-56	3.83060359954834	2026-08-15_21-07-56	True	2026-08-15_21-07-56	[0 1 1 1 0]	2026-08-15_21-07-56	[0 1 0 0 1]	2026-08-15_21-07-56	[0 0 0 0 0 0 0 0 1 0 0 0 0 0 0 0 0 0 0 0 0 0 0 0 0 0 0 0 0 0 0 0 0 0 0 0 0 0 0 0 0 0 0 0 0 0 0 0 0 0 0 0 0 0 0 0 0 0 0 0 0 0 0 0 0 0 0 0 0 0 0 0 0]	2026-08-15_21-07-56	[0 0 0 0 0 0 0 0 0 0 0 0 0 0 0 0 0 0 0 0 0 0 0 0 0 0 0 0 0 0 0 0 0 0 0 0 0 0 0 0 0 0 0 0 0 0 0 0 0 0 0 0 0 0 0 0 0 0 0 0 0 0 0 0 0 0 0 0 0 0 0 0 0]	2026-08-15_21-07-56	[2]	2026-08-15_21-07-56	[0 0 1 1 0]	2026-08-15_21-07-56	[0 1 0 0 0]	2026-08-15_21-07-56	[0 0 0 0 0 0 0 0 1 0 0 0 0 0 0 0 0 0 0 0 0 0 0 0 0 0 0 0 0 0 0 0 0 0 0 0 0 0 0 1 0 0 0 0 0 0 0 0 0 0 0 0 0 0 0 0 0 0 0 0 0 0 0 0 0 0 0 0 0 0 0 0 0]	2026-08-15_21-07-56	[0 0 0 0 0 0 0 0 0 0 0 0 0 0 0 0 1 0 0 0 0 0 0 0 0 0 0 0 0 0 0 0 0 0 0 0 0 0 0 0 0 0 0 0 0 0 0 0 0 0 0 0 0 0 0 0 0 0 0 0 0 0 0 0 0 0 0 0 0 0 0 0 0]	2026-08-15_21-07-56	[2]	2026-08-15_21-07-56
3	2026-08-15_21-07-56	-0.8999999761581421	2026-08-15_21-07-56	10.432868957519531	2026-08-15_21-07-56	1.6044950485229492	2026-08-15_21-07-56	1.5242633819580078	2026-08-15_21-07-56	3.58941650390625	2026-08-15_21-07-56	3.714693546295166	2026-08-15_21-07-56	True	2026-08-15_21-07-56	[0 0 1 1 0]	2026-08-15_21-07-56	[0 1 0 0 0]	2026-08-15_21-07-56	[0 0 0 0 0 0 0 0 1 0 0 0 0 0 0 0 0 0 0 0 0 0 0 0 0 0 0 0 0 0 0 0 0 0 0 0 0 0 0 1 0 0 0 0 0 0 0 0 0 0 0 0 0 0 0 0 0 0 0 0 0 0 0 0 0 0 0 0 0 0 0 0 0]	2026-08-15_21-07-56	[0 0 0 0 0 0 0 0 0 0 0 0 0 0 0 0 1 0 0 0 0 0 0 0 0 0 0 0 0 0 0 0 0 0 0 0 0 0 0 0 0 0 0 0 0 0 0 0 0 0 0 0 0 0 0 0 0 0 0 0 0 0 0 0 0 0 0 0 0 0 0 0 0]	2026-08-15_21-07-56	[2]	2026-08-15_21-07-56	[0 1 1 1 0]	2026-08-15_21-07-56	[0 1 0 0 1]	2026-08-15_21-07-56	[0 0 0 0 0 0 0 0 1 0 0 0 0 0 0 0 0 0 0 0 0 0 0 0 0 0 0 0 0 0 0 0 0 0 0 0 0 0 0 0 0 0 0 0 0 0 0 0 0 0 0 0 0 0 0 0 0 0 0 0 0 0 0 0 0 0 0 0 0 0 0 0 0]	2026-08-15_21-07-56	[0 0 0 0 0 0 0 0 0 0 0 0 0 0 0 0 0 0 0 0 0 0 0 0 0 0 0 0 0 0 0 0 0 0 0 0 0 0 0 0 0 0 0 0 0 0 0 0 0 0 0 0 0 0 0 0 0 0 0 0 0 0 0 0 0 0 0 0 0 0 0 0 0]	2026-08-15_21-07-56	[2]	2026-08-15_21-07-56
3	2026-08-15_21-07-56	-0.8999999761581421	2026-08-15_21-07-56	10.703128814697266	2026-08-15_21-07-56	1.5984413623809814	2026-08-15_21-07-56	1.4865930080413818	2026-08-15_21-07-56	3.7743184566497803	2026-08-15_21-07-56	3.8437752723693848	2026-08-15_21-07-56	True	2026-08-15_21-07-56	[0 1 1 1 0]	2026-08-15_21-07-56	[0 1 0 0 1]	2026-08-15_21-07-56	[0 0 0 0 0 0 0 0 1 0 0 0 0 0 0 0 0 0 0 0 0 0 0 0 0 0 0 0 0 0 0 0 0 0 0 0 0 0 0 0 0 0 0 0 0 0 0 0 0 0 0 0 0 0 0 0 0 0 0 0 0 0 0 0 0 0 0 0 0 0 0 0 0]	2026-08-15_21-07-56	[0 0 0 0 0 0 0 0 0 0 0 0 0 0 0 0 0 0 0 0 0 0 0 0 0 0 0 0 0 0 0 0 0 0 0 0 0 0 0 0 0 0 0 0 0 0 0 0 0 0 0 0 0 0 0 0 0 0 0 0 0 0 0 0 0 0 0 0 0 0 0 0 0]	2026-08-15_21-07-56	[2]	2026-08-15_21-07-56	[0 0 1 1 0]	2026-08-15_21-07-56	[0 1 0 0 0]	2026-08-15_21-07-56	[0 0 0 0 0 0 0 0 1 0 0 0 0 0 0 0 0 0 0 0 0 0 0 0 0 0 0 0 0 0 0 0 0 0 0 0 0 0 0 1 0 0 0 0 0 0 0 0 0 0 0 0 0 0 0 0 0 0 0 0 0 0 0 0 0 0 0 0 0 0 0 0 0]	2026-08-15_21-07-56	[0 0 0 0 0 0 0 0 0 0 0 0 0 0 0 0 1 0 0 0 0 0 0 0 0 0 0 0 0 0 0 0 0 0 0 0 0 0 0 0 0 0 0 0 0 0 0 0 0 0 0 0 0 0 0 0 0 0 0 0 0 0 0 0 0 0 0 0 0 0 0 0 0]	2026-08-15_21-07-56	[2]	2026-08-15_21-07-56
3	2026-08-15_21-07-56	-0.8999999761581421	2026-08-15_21-07-56	10.496916770935059	2026-08-15_21-07-56	1.6035630702972412	2026-08-15_21-07-56	1.5165624618530273	2026-08-15_21-07-56	3.6329774856567383	2026-08-15_21-07-56	3.7438132762908936	2026-08-15_21-07-56	True	2026-08-15_21-07-56	[0 0 1 1 0]	2026-08-15_21-07-56	[0 1 0 0 0]	2026-08-15_21-07-56	[0 0 0 0 0 0 0 0 1 0 0 0 0 0 0 0 0 0 0 0 0 0 0 0 0 0 0 0 0 0 0 0 0 0 0 0 0 0 0 1 0 0 0 0 0 0 0 0 0 0 0 0 0 0 0 0 0 0 0 0 0 0 0 0 0 0 0 0 0 0 0 0 0]	2026-08-15_21-07-56	[0 0 0 0 0 0 0 0 0 0 0 0 0 0 0 0 1 0 0 0 0 0 0 0 0 0 0 0 0 0 0 0 0 0 0 0 0 0 0 0 0 0 0 0 0 0 0 0 0 0 0 0 0 0 0 0 0 0 0 0 0 0 0 0 0 0 0 0 0 0 0 0 0]	2026-08-15_21-07-56	[2]	2026-08-15_21-07-56	[0 1 1 1 0]	2026-08-15_21-07-56	[0 1 0 0 1]	2026-08-15_21-07-56	[0 0 0 0 0 0 0 0 1 0 0 0 0 0 0 0 0 0 0 0 0 0 0 0 0 0 0 0 0 0 0 0 0 0 0 0 0 0 0 0 0 0 0 0 0 0 0 0 0 0 0 0 0 0 0 0 0 0 0 0 0 0 0 0 0 0 0 0 0 0 0 0 0]	2026-08-15_21-07-56	[0 0 0 0 0 0 0 0 0 0 0 0 0 0 0 0 0 0 0 0 0 0 0 0 0 0 0 0 0 0 0 0 0 0 0 0 0 0 0 0 0 0 0 0 0 0 0 0 0 0 0 0 0 0 0 0 0 0 0 0 0 0 0 0 0 0 0 0 0 0 0 0 0]	2026-08-15_21-07-56	[2]	2026-08-15_21-07-56
3	2026-08-15_21-07-56	-0.8999999761581421	2026-08-15_21-07-56	10.724485397338867	2026-08-15_21-07-56	1.6011855602264404	2026-08-15_21-07-56	1.495241641998291	2026-08-15_21-07-56	3.779663562774658	2026-08-15_21-07-56	3.8483948707580566	2026-08-15_21-07-56	True	2026-08-15_21-07-56	[0 1 1 1 0]	2026-08-15_21-07-56	[0 1 0 0 1]	2026-08-15_21-07-56	[0 0 0 0 0 0 0 0 1 0 0 0 0 0 0 0 0 0 0 0 0 0 0 0 0 0 0 0 0 0 0 0 0 0 0 0 0 0 0 0 0 0 0 0 0 0 0 0 0 0 0 0 0 0 0 0 0 0 0 0 0 0 0 0 0 0 0 0 0 0 0 0 0]	2026-08-15_21-07-56	[0 0 0 0 0 0 0 0 0 0 0 0 0 0 0 0 0 0 0 0 0 0 0 0 0 0 0 0 0 0 0 0 0 0 0 0 0 0 0 0 0 0 0 0 0 0 0 0 0 0 0 0 0 0 0 0 0 0 0 0 0 0 0 0 0 0 0 0 0 0 0 0 0]	2026-08-15_21-07-56	[2]	2026-08-15_21-07-56	[0 0 1 1 0]	2026-08-15_21-07-56	[0 1 0 0 0]	2026-08-15_21-07-56	[0 0 0 0 0 0 0 0 1 0 0 0 0 0 0 0 0 0 0 0 0 0 0 0 0 0 0 0 0 0 0 0 0 0 0 0 0 0 0 1 0 0 0 0 0 0 0 0 0 0 0 0 0 0 0 0 0 0 0 0 0 0 0 0 0 0 0 0 0 0 0 0 0]	2026-08-15_21-07-56	[0 0 0 0 0 0 0 0 0 0 0 0 0 0 0 0 1 0 0 0 0 0 0 0 0 0 0 0 0 0 0 0 0 0 0 0 0 0 0 0 0 0 0 0 0 0 0 0 0 0 0 0 0 0 0 0 0 0 0 0 0 0 0 0 0 0 0 0 0 0 0 0 0]	2026-08-15_21-07-56	[2]	2026-08-15_21-07-56
3	2026-08-15_21-07-56	-0.8999999761581421	2026-08-15_21-07-56	10.444864273071289	2026-08-15_21-07-56	1.6026535034179688	2026-08-15_21-07-56	1.5121006965637207	2026-08-15_21-07-56	3.6057252883911133	2026-08-15_21-07-56	3.7243852615356445	2026-08-15_21-07-56	True	2026-08-15_21-07-56	[0 0 1 1 0]	2026-08-15_21-07-56	[0 1 0 0 0]	2026-08-15_21-07-56	[0 0 0 0 0 0 0 0 1 0 0 0 0 0 0 0 0 0 0 0 0 0 0 0 0 0 0 0 0 0 0 0 0 0 0 0 0 0 0 1 0 0 0 0 0 0 0 0 0 0 0 0 0 0 0 0 0 0 0 0 0 0 0 0 0 0 0 0 0 0 0 0 0]	2026-08-15_21-07-56	[0 0 0 0 0 0 0 0 0 0 0 0 0 0 0 0 1 0 0 0 0 0 0 0 0 0 0 0 0 0 0 0 0 0 0 0 0 0 0 0 0 0 0 0 0 0 0 0 0 0 0 0 0 0 0 0 0 0 0 0 0 0 0 0 0 0 0 0 0 0 0 0 0]	2026-08-15_21-07-56	[2]	2026-08-15_21-07-56	[0 1 1 1 0]	2026-08-15_21-07-56	[0 1 0 0 1]	2026-08-15_21-07-56	[0 0 0 0 0 0 0 0 1 0 0 0 0 0 0 0 0 0 0 0 0 0 0 0 0 0 0 0 0 0 0 0 0 0 0 0 0 0 0 0 0 0 0 0 0 0 0 0 0 0 0 0 0 0 0 0 0 0 0 0 0 0 0 0 0 0 0 0 0 0 0 0 0]	2026-08-15_21-07-56	[0 0 0 0 0 0 0 0 0 0 0 0 0 0 0 0 0 0 0 0 0 0 0 0 0 0 0 0 0 0 0 0 0 0 0 0 0 0 0 0 0 0 0 0 0 0 0 0 0 0 0 0 0 0 0 0 0 0 0 0 0 0 0 0 0 0 0 0 0 0 0 0 0]	2026-08-15_21-07-56	[2]	2026-08-15_21-07-56
3	2026-08-15_21-07-56	-0.8999999761581421	2026-08-15_21-07-56	10.665373802185059	2026-08-15_21-07-56	1.5980234146118164	2026-08-15_21-07-56	1.4852790832519531	2026-08-15_21-07-56	3.752458095550537	2026-08-15_21-07-56	3.829613208770752	2026-08-15_21-07-56	True	2026-08-15_21-07-56	[0 1 1 1 0]	2026-08-15_21-07-56	[0 1 0 0 1]	2026-08-15_21-07-56	[0 0 0 0 0 0 0 0 1 0 0 0 0 0 0 0 0 0 0 0 0 0 0 0 0 0 0 0 0 0 0 0 0 0 0 0 0 0 0 0 0 0 0 0 0 0 0 0 0 0 0 0 0 0 0 0 0 0 0 0 0 0 0 0 0 0 0 0 0 0 0 0 0]	2026-08-15_21-07-56	[0 0 0 0 0 0 0 0 0 0 0 0 0 0 0 0 0 0 0 0 0 0 0 0 0 0 0 0 0 0 0 0 0 0 0 0 0 0 0 0 0 0 0 0 0 0 0 0 0 0 0 0 0 0 0 0 0 0 0 0 0 0 0 0 0 0 0 0 0 0 0 0 0]	2026-08-15_21-07-56	[2]	2026-08-15_21-07-56	[0 0 1 1 0]	2026-08-15_21-07-56	[0 1 0 0 0]	2026-08-15_21-07-56	[0 0 0 0 0 0 0 0 1 0 0 0 0 0 0 0 0 0 0 0 0 0 0 0 0 0 0 0 0 0 0 0 0 0 0 0 0 0 0 1 0 0 0 0 0 0 0 0 0 0 0 0 0 0 0 0 0 0 0 0 0 0 0 0 0 0 0 0 0 0 0 0 0]	2026-08-15_21-07-56	[0 0 0 0 0 0 0 0 0 0 0 0 0 0 0 0 1 0 0 0 0 0 0 0 0 0 0 0 0 0 0 0 0 0 0 0 0 0 0 0 0 0 0 0 0 0 0 0 0 0 0 0 0 0 0 0 0 0 0 0 0 0 0 0 0 0 0 0 0 0 0 0 0]	2026-08-15_21-07-56	[2]	2026-08-15_21-07-56
3	2026-08-15_21-07-56	-0.8999999761581421	2026-08-15_21-07-56	10.587875366210938	2026-08-15_21-07-56	1.6039215326309204	2026-08-15_21-07-56	1.5144243240356445	2026-08-15_21-07-56	3.6932685375213623	2026-08-15_21-07-56	3.7762608528137207	2026-08-15_21-07-56	True	2026-08-15_21-07-56	[0 0 1 1 0]	2026-08-15_21-07-56	[0 1 0 0 0]	2026-08-15_21-07-56	[0 0 0 0 0 0 0 0 1 0 0 0 0 0 0 0 0 0 0 0 0 0 0 0 0 0 0 0 0 0 0 0 0 0 0 0 0 0 0 1 0 0 0 0 0 0 0 0 0 0 0 0 0 0 0 0 0 0 0 0 0 0 0 0 0 0 0 0 0 0 0 0 0]	2026-08-15_21-07-56	[0 0 0 0 0 0 0 0 0 0 0 0 0 0 0 0 1 0 0 0 0 0 0 0 0 0 0 0 0 0 0 0 0 0 0 0 0 0 0 0 0 0 0 0 0 0 0 0 0 0 0 0 0 0 0 0 0 0 0 0 0 0 0 0 0 0 0 0 0 0 0 0 0]	2026-08-15_21-07-56	[2]	2026-08-15_21-07-56	[0 1 1 1 0]	2026-08-15_21-07-56	[0 1 0 0 1]	2026-08-15_21-07-56	[0 0 0 0 0 0 0 0 1 0 0 0 0 0 0 0 0 0 0 0 0 0 0 0 0 0 0 0 0 0 0 0 0 0 0 0 0 0 0 0 0 0 0 0 0 0 0 0 0 0 0 0 0 0 0 0 0 0 0 0 0 0 0 0 0 0 0 0 0 0 0 0 0]	2026-08-15_21-07-56	[0 0 0 0 0 0 0 0 0 0 0 0 0 0 0 0 0 0 0 0 0 0 0 0 0 0 0 0 0 0 0 0 0 0 0 0 0 0 0 0 0 0 0 0 0 0 0 0 0 0 0 0 0 0 0 0 0 0 0 0 0 0 0 0 0 0 0 0 0 0 0 0 0]	2026-08-15_21-07-56	[2]	2026-08-15_21-07-56
3	2026-08-15_21-07-56	-0.8999999761581421	2026-08-15_21-07-56	10.717540740966797	2026-08-15_21-07-56	1.6001384258270264	2026-08-15_21-07-56	1.4889904260635376	2026-08-15_21-07-56	3.7804524898529053	2026-08-15_21-07-56	3.8479599952697754	2026-08-15_21-07-56	True	2026-08-15_21-07-56	[0 1 1 1 0]	2026-08-15_21-07-56	[0 1 0 0 1]	2026-08-15_21-07-56	[0 0 0 0 0 0 0 0 1 0 0 0 0 0 0 0 0 0 0 0 0 0 0 0 0 0 0 0 0 0 0 0 0 0 0 0 0 0 0 0 0 0 0 0 0 0 0 0 0 0 0 0 0 0 0 0 0 0 0 0 0 0 0 0 0 0 0 0 0 0 0 0 0]	2026-08-15_21-07-56	[0 0 0 0 0 0 0 0 0 0 0 0 0 0 0 0 0 0 0 0 0 0 0 0 0 0 0 0 0 0 0 0 0 0 0 0 0 0 0 0 0 0 0 0 0 0 0 0 0 0 0 0 0 0 0 0 0 0 0 0 0 0 0 0 0 0 0 0 0 0 0 0 0]	2026-08-15_21-07-56	[2]	2026-08-15_21-07-56	[0 0 1 1 0]	2026-08-15_21-07-56	[0 1 0 0 0]	2026-08-15_21-07-56	[0 0 0 0 0 0 0 0 1 0 0 0 0 0 0 0 0 0 0 0 0 0 0 0 0 0 0 0 0 0 0 0 0 0 0 0 0 0 0 1 0 0 0 0 0 0 0 0 0 0 0 0 0 0 0 0 0 0 0 0 0 0 0 0 0 0 0 0 0 0 0 0 0]	2026-08-15_21-07-56	[0 0 0 0 0 0 0 0 0 0 0 0 0 0 0 0 1 0 0 0 0 0 0 0 0 0 0 0 0 0 0 0 0 0 0 0 0 0 0 0 0 0 0 0 0 0 0 0 0 0 0 0 0 0 0 0 0 0 0 0 0 0 0 0 0 0 0 0 0 0 0 0 0]	2026-08-15_21-07-56	[2]	2026-08-15_21-07-56
3	2026-08-15_21-07-56	-0.8999999761581421	2026-08-15_21-07-56	10.531533241271973	2026-08-15_21-07-56	1.60520601272583	2026-08-15_21-07-56	1.5135020017623901	2026-08-15_21-07-56	3.6646175384521484	2026-08-15_21-07-56	3.7482073307037354	2026-08-15_21-07-56	True	2026-08-15_21-07-56	[0 0 1 1 0]	2026-08-15_21-07-56	[0 1 0 0 0]	2026-08-15_21-07-56	[0 0 0 0 0 0 0 0 1 0 0 0 0 0 0 0 0 0 0 0 0 0 0 0 0 0 0 0 0 0 0 0 0 0 0 0 0 0 0 1 0 0 0 0 0 0 0 0 0 0 0 0 0 0 0 0 0 0 0 0 0 0 0 0 0 0 0 0 0 0 0 0 0]	2026-08-15_21-07-56	[0 0 0 0 0 0 0 0 0 0 0 0 0 0 0 0 1 0 0 0 0 0 0 0 0 0 0 0 0 0 0 0 0 0 0 0 0 0 0 0 0 0 0 0 0 0 0 0 0 0 0 0 0 0 0 0 0 0 0 0 0 0 0 0 0 0 0 0 0 0 0 0 0]	2026-08-15_21-07-56	[2]	2026-08-15_21-07-56	[0 1 1 1 0]	2026-08-15_21-07-56	[0 1 0 0 1]	2026-08-15_21-07-56	[0 0 0 0 0 0 0 0 1 0 0 0 0 0 0 0 0 0 0 0 0 0 0 0 0 0 0 0 0 0 0 0 0 0 0 0 0 0 0 0 0 0 0 0 0 0 0 0 0 0 0 0 0 0 0 0 0 0 0 0 0 0 0 0 0 0 0 0 0 0 0 0 0]	2026-08-15_21-07-56	[0 0 0 0 0 0 0 0 0 0 0 0 0 0 0 0 0 0 0 0 0 0 0 0 0 0 0 0 0 0 0 0 0 0 0 0 0 0 0 0 0 0 0 0 0 0 0 0 0 0 0 0 0 0 0 0 0 0 0 0 0 0 0 0 0 0 0 0 0 0 0 0 0]	2026-08-15_21-07-56	[2]	2026-08-15_21-07-56
3	2026-08-15_21-07-56	-0.8999999761581421	2026-08-15_21-07-56	10.768943786621094	2026-08-15_21-07-56	1.5990474224090576	2026-08-15_21-07-56	1.47650945186615	2026-08-15_21-07-56	3.8179712295532227	2026-08-15_21-07-56	3.875415802001953	2026-08-15_21-07-56	True	2026-08-15_21-07-56	[0 1 1 1 0]	2026-08-15_21-07-56	[0 1 0 0 1]	2026-08-15_21-07-56	[0 0 0 0 0 0 0 0 1 0 0 0 0 0 0 0 0 0 0 0 0 0 0 0 0 0 0 0 0 0 0 0 0 0 0 0 0 0 0 0 0 0 0 0 0 0 0 0 0 0 0 0 0 0 0 0 0 0 0 0 0 0 0 0 0 0 0 0 0 0 0 0 0]	2026-08-15_21-07-56	[0 0 0 0 0 0 0 0 0 0 0 0 0 0 0 0 0 0 0 0 0 0 0 0 0 0 0 0 0 0 0 0 0 0 0 0 0 0 0 0 0 0 0 0 0 0 0 0 0 0 0 0 0 0 0 0 0 0 0 0 0 0 0 0 0 0 0 0 0 0 0 0 0]	2026-08-15_21-07-56	[2]	2026-08-15_21-07-56	[0 0 1 1 0]	2026-08-15_21-07-56	[0 1 0 0 0]	2026-08-15_21-07-56	[0 0 0 0 0 0 0 0 1 0 0 0 0 0 0 0 0 0 0 0 0 0 0 0 0 0 0 0 0 0 0 0 0 0 0 0 0 0 0 1 0 0 0 0 0 0 0 0 0 0 0 0 0 0 0 0 0 0 0 0 0 0 0 0 0 0 0 0 0 0 0 0 0]	2026-08-15_21-07-56	[0 0 0 0 0 0 0 0 0 0 0 0 0 0 0 0 1 0 0 0 0 0 0 0 0 0 0 0 0 0 0 0 0 0 0 0 0 0 0 0 0 0 0 0 0 0 0 0 0 0 0 0 0 0 0 0 0 0 0 0 0 0 0 0 0 0 0 0 0 0 0 0 0]	2026-08-15_21-07-56	[2]	2026-08-15_21-07-56
3	2026-08-15_21-07-56	-0.8999999761581421	2026-08-15_21-07-56	10.48953628540039	2026-08-15_21-07-56	1.6050621271133423	2026-08-15_21-07-56	1.5167717933654785	2026-08-15_21-07-56	3.6330971717834473	2026-08-15_21-07-56	3.734604835510254	2026-08-15_21-07-56	True	2026-08-15_21-07-56	[0 0 1 1 0]	2026-08-15_21-07-56	[0 1 0 0 0]	2026-08-15_21-07-56	[0 0 0 0 0 0 0 0 1 0 0 0 0 0 0 0 0 0 0 0 0 0 0 0 0 0 0 0 0 0 0 0 0 0 0 0 0 0 0 1 0 0 0 0 0 0 0 0 0 0 0 0 0 0 0 0 0 0 0 0 0 0 0 0 0 0 0 0 0 0 0 0 0]	2026-08-15_21-07-56	[0 0 0 0 0 0 0 0 0 0 0 0 0 0 0 0 1 0 0 0 0 0 0 0 0 0 0 0 0 0 0 0 0 0 0 0 0 0 0 0 0 0 0 0 0 0 0 0 0 0 0 0 0 0 0 0 0 0 0 0 0 0 0 0 0 0 0 0 0 0 0 0 0]	2026-08-15_21-07-56	[2]	2026-08-15_21-07-56	[0 1 1 1 0]	2026-08-15_21-07-56	[0 1 0 0 1]	2026-08-15_21-07-56	[0 0 0 0 0 0 0 0 1 0 0 0 0 0 0 0 0 0 0 0 0 0 0 0 0 0 0 0 0 0 0 0 0 0 0 0 0 0 0 0 0 0 0 0 0 0 0 0 0 0 0 0 0 0 0 0 0 0 0 0 0 0 0 0 0 0 0 0 0 0 0 0 0]	2026-08-15_21-07-56	[0 0 0 0 0 0 0 0 0 0 0 0 0 0 0 0 0 0 0 0 0 0 0 0 0 0 0 0 0 0 0 0 0 0 0 0 0 0 0 0 0 0 0 0 0 0 0 0 0 0 0 0 0 0 0 0 0 0 0 0 0 0 0 0 0 0 0 0 0 0 0 0 0]	2026-08-15_21-07-56	[2]	2026-08-15_21-07-56
3	2026-08-15_21-07-56	-0.8999999761581421	2026-08-15_21-07-56	10.765742301940918	2026-08-15_21-07-56	1.5994616746902466	2026-08-15_21-07-56	1.483687400817871	2026-08-15_21-07-56	3.811028003692627	2026-08-15_21-07-56	3.871565580368042	2026-08-15_21-07-56	True	2026-08-15_21-07-56	[0 1 1 1 0]	2026-08-15_21-07-56	[0 1 0 0 1]	2026-08-15_21-07-56	[0 0 0 0 0 0 0 0 1 0 0 0 0 0 0 0 0 0 0 0 0 0 0 0 0 0 0 0 0 0 0 0 0 0 0 0 0 0 0 0 0 0 0 0 0 0 0 0 0 0 0 0 0 0 0 0 0 0 0 0 0 0 0 0 0 0 0 0 0 0 0 0 0]	2026-08-15_21-07-56	[0 0 0 0 0 0 0 0 0 0 0 0 0 0 0 0 0 0 0 0 0 0 0 0 0 0 0 0 0 0 0 0 0 0 0 0 0 0 0 0 0 0 0 0 0 0 0 0 0 0 0 0 0 0 0 0 0 0 0 0 0 0 0 0 0 0 0 0 0 0 0 0 0]	2026-08-15_21-07-56	[2]	2026-08-15_21-07-56	[0 0 1 1 0]	2026-08-15_21-07-56	[0 1 0 0 0]	2026-08-15_21-07-56	[0 0 0 0 0 0 0 0 1 0 0 0 0 0 0 0 0 0 0 0 0 0 0 0 0 0 0 0 0 0 0 0 0 0 0 0 0 0 0 1 0 0 0 0 0 0 0 0 0 0 0 0 0 0 0 0 0 0 0 0 0 0 0 0 0 0 0 0 0 0 0 0 0]	2026-08-15_21-07-56	[0 0 0 0 0 0 0 0 0 0 0 0 0 0 0 0 1 0 0 0 0 0 0 0 0 0 0 0 0 0 0 0 0 0 0 0 0 0 0 0 0 0 0 0 0 0 0 0 0 0 0 0 0 0 0 0 0 0 0 0 0 0 0 0 0 0 0 0 0 0 0 0 0]	2026-08-15_21-07-56	[2]	2026-08-15_21-07-56
3	2026-08-15_21-07-56	-0.8999999761581421	2026-08-15_21-07-56	10.467259407043457	2026-08-15_21-07-56	1.603193759918213	2026-08-15_21-07-56	1.5122166872024536	2026-08-15_21-07-56	3.6201508045196533	2026-08-15_21-07-56	3.7316982746124268	2026-08-15_21-07-56	True	2026-08-15_21-07-56	[0 0 1 1 0]	2026-08-15_21-07-56	[0 1 0 0 0]	2026-08-15_21-07-56	[0 0 0 0 0 0 0 0 1 0 0 0 0 0 0 0 0 0 0 0 0 0 0 0 0 0 0 0 0 0 0 0 0 0 0 0 0 0 0 1 0 0 0 0 0 0 0 0 0 0 0 0 0 0 0 0 0 0 0 0 0 0 0 0 0 0 0 0 0 0 0 0 0]	2026-08-15_21-07-56	[0 0 0 0 0 0 0 0 0 0 0 0 0 0 0 0 1 0 0 0 0 0 0 0 0 0 0 0 0 0 0 0 0 0 0 0 0 0 0 0 0 0 0 0 0 0 0 0 0 0 0 0 0 0 0 0 0 0 0 0 0 0 0 0 0 0 0 0 0 0 0 0 0]	2026-08-15_21-07-56	[2]	2026-08-15_21-07-56	[0 1 1 1 0]	2026-08-15_21-07-56	[0 1 0 0 1]	2026-08-15_21-07-56	[0 0 0 0 0 0 0 0 1 0 0 0 0 0 0 0 0 0 0 0 0 0 0 0 0 0 0 0 0 0 0 0 0 0 0 0 0 0 0 0 0 0 0 0 0 0 0 0 0 0 0 0 0 0 0 0 0 0 0 0 0 0 0 0 0 0 0 0 0 0 0 0 0]	2026-08-15_21-07-56	[0 0 0 0 0 0 0 0 0 0 0 0 0 0 0 0 0 0 0 0 0 0 0 0 0 0 0 0 0 0 0 0 0 0 0 0 0 0 0 0 0 0 0 0 0 0 0 0 0 0 0 0 0 0 0 0 0 0 0 0 0 0 0 0 0 0 0 0 0 0 0 0 0]	2026-08-15_21-07-56	[2]	2026-08-15_21-07-56
3	2026-08-15_21-07-56	-0.8999999761581421	2026-08-15_21-07-56	10.782304763793945	2026-08-15_21-07-56	1.599469780921936	2026-08-15_21-07-56	1.4803884029388428	2026-08-15_21-07-56	3.8295748233795166	2026-08-15_21-07-56	3.8728716373443604	2026-08-15_21-07-56	True	2026-08-15_21-07-56	[0 1 1 1 0]	2026-08-15_21-07-56	[0 1 0 0 1]	2026-08-15_21-07-56	[0 0 0 0 0 0 0 0 1 0 0 0 0 0 0 0 0 0 0 0 0 0 0 0 0 0 0 0 0 0 0 0 0 0 0 0 0 0 0 0 0 0 0 0 0 0 0 0 0 0 0 0 0 0 0 0 0 0 0 0 0 0 0 0 0 0 0 0 0 0 0 0 0]	2026-08-15_21-07-56	[0 0 0 0 0 0 0 0 0 0 0 0 0 0 0 0 0 0 0 0 0 0 0 0 0 0 0 0 0 0 0 0 0 0 0 0 0 0 0 0 0 0 0 0 0 0 0 0 0 0 0 0 0 0 0 0 0 0 0 0 0 0 0 0 0 0 0 0 0 0 0 0 0]	2026-08-15_21-07-56	[2]	2026-08-15_21-07-56	[0 0 1 1 0]	2026-08-15_21-07-56	[0 1 0 0 0]	2026-08-15_21-07-56	[0 0 0 0 0 0 0 0 1 0 0 0 0 0 0 0 0 0 0 0 0 0 0 0 0 0 0 0 0 0 0 0 0 0 0 0 0 0 0 1 0 0 0 0 0 0 0 0 0 0 0 0 0 0 0 0 0 0 0 0 0 0 0 0 0 0 0 0 0 0 0 0 0]	2026-08-15_21-07-56	[0 0 0 0 0 0 0 0 0 0 0 0 0 0 0 0 1 0 0 0 0 0 0 0 0 0 0 0 0 0 0 0 0 0 0 0 0 0 0 0 0 0 0 0 0 0 0 0 0 0 0 0 0 0 0 0 0 0 0 0 0 0 0 0 0 0 0 0 0 0 0 0 0]	2026-08-15_21-07-56	[2]	2026-08-15_21-07-56
3	2026-08-15_21-07-56	-0.8999999761581421	2026-08-15_21-07-56	10.452897071838379	2026-08-15_21-07-56	1.6037054061889648	2026-08-15_21-07-56	1.5140135288238525	2026-08-15_21-07-56	3.6076629161834717	2026-08-15_21-07-56	3.72751522064209	2026-08-15_21-07-56	True	2026-08-15_21-07-56	[0 0 1 1 0]	2026-08-15_21-07-56	[0 1 0 0 0]	2026-08-15_21-07-56	[0 0 0 0 0 0 0 0 1 0 0 0 0 0 0 0 0 0 0 0 0 0 0 0 0 0 0 0 0 0 0 0 0 0 0 0 0 0 0 1 0 0 0 0 0 0 0 0 0 0 0 0 0 0 0 0 0 0 0 0 0 0 0 0 0 0 0 0 0 0 0 0 0]	2026-08-15_21-07-56	[0 0 0 0 0 0 0 0 0 0 0 0 0 0 0 0 1 0 0 0 0 0 0 0 0 0 0 0 0 0 0 0 0 0 0 0 0 0 0 0 0 0 0 0 0 0 0 0 0 0 0 0 0 0 0 0 0 0 0 0 0 0 0 0 0 0 0 0 0 0 0 0 0]	2026-08-15_21-07-56	[2]	2026-08-15_21-07-56	[0 1 1 1 0]	2026-08-15_21-07-56	[0 1 0 0 1]	2026-08-15_21-07-56	[0 0 0 0 0 0 0 0 1 0 0 0 0 0 0 0 0 0 0 0 0 0 0 0 0 0 0 0 0 0 0 0 0 0 0 0 0 0 0 0 0 0 0 0 0 0 0 0 0 0 0 0 0 0 0 0 0 0 0 0 0 0 0 0 0 0 0 0 0 0 0 0 0]	2026-08-15_21-07-56	[0 0 0 0 0 0 0 0 0 0 0 0 0 0 0 0 0 0 0 0 0 0 0 0 0 0 0 0 0 0 0 0 0 0 0 0 0 0 0 0 0 0 0 0 0 0 0 0 0 0 0 0 0 0 0 0 0 0 0 0 0 0 0 0 0 0 0 0 0 0 0 0 0]	2026-08-15_21-07-56	[2]	2026-08-15_21-07-56
3	2026-08-15_21-07-56	-0.8999999761581421	2026-08-15_21-07-56	10.741079330444336	2026-08-15_21-07-56	1.5983726978302002	2026-08-15_21-07-56	1.4828438758850098	2026-08-15_21-07-56	3.8006997108459473	2026-08-15_21-07-56	3.859163761138916	2026-08-15_21-07-56	True	2026-08-15_21-07-56	[0 1 1 1 0]	2026-08-15_21-07-56	[0 1 0 0 1]	2026-08-15_21-07-56	[0 0 0 0 0 0 0 0 1 0 0 0 0 0 0 0 0 0 0 0 0 0 0 0 0 0 0 0 0 0 0 0 0 0 0 0 0 0 0 0 0 0 0 0 0 0 0 0 0 0 0 0 0 0 0 0 0 0 0 0 0 0 0 0 0 0 0 0 0 0 0 0 0]	2026-08-15_21-07-56	[0 0 0 0 0 0 0 0 0 0 0 0 0 0 0 0 0 0 0 0 0 0 0 0 0 0 0 0 0 0 0 0 0 0 0 0 0 0 0 0 0 0 0 0 0 0 0 0 0 0 0 0 0 0 0 0 0 0 0 0 0 0 0 0 0 0 0 0 0 0 0 0 0]	2026-08-15_21-07-56	[2]	2026-08-15_21-07-56	[0 0 1 1 0]	2026-08-15_21-07-56	[0 1 0 0 0]	2026-08-15_21-07-56	[0 0 0 0 0 0 0 0 1 0 0 0 0 0 0 0 0 0 0 0 0 0 0 0 0 0 0 0 0 0 0 0 0 0 0 0 0 0 0 1 0 0 0 0 0 0 0 0 0 0 0 0 0 0 0 0 0 0 0 0 0 0 0 0 0 0 0 0 0 0 0 0 0]	2026-08-15_21-07-56	[0 0 0 0 0 0 0 0 0 0 0 0 0 0 0 0 1 0 0 0 0 0 0 0 0 0 0 0 0 0 0 0 0 0 0 0 0 0 0 0 0 0 0 0 0 0 0 0 0 0 0 0 0 0 0 0 0 0 0 0 0 0 0 0 0 0 0 0 0 0 0 0 0]	2026-08-15_21-07-56	[2]	2026-08-15_21-07-56
4	2026-08-15_23-02-28	-0.8999999761581421	2026-08-15_23-02-28	10.842633247375488	2026-08-15_23-02-28	1.5033679008483887	2026-08-15_23-02-28	1.532698154449463	2026-08-15_23-02-28	4.010376930236816	2026-08-15_23-02-28	3.7961902618408203	2026-08-15_23-02-28	True	2026-08-15_23-02-28	[0 1 1 0 0]	2026-08-15_23-02-28	[0 0 0 0 0]	2026-08-15_23-02-28	[0 0 1 0 0 0 0 0 0 0 0 0 0 1 0 0 0 0 0 0 0 0 0 0 0 0 0 0 0 0 0 0 0 0 0 1 0 0 0 0 0 0 0 0 0 0 0 0 0 0 0 0 0 0 0 0 0 0 0 0 0 0 0 0 0 0 0 0 0 0 0 0 0]	2026-08-15_23-02-28	[0 0 0 0 0 0 0 0 0 0 0 0 1 0 0 0 0 0 0 0 0 0 0 0 0 0 0 0 0 0 0 0 0 0 0 0 0 0 0 0 0 0 0 0 0 0 0 0 0 0 0 0 0 1 0 0 0 0 0 0 0 0 0 0 0 0 0 0 0 0 0 1 0]	2026-08-15_23-02-28	[0]	2026-08-15_23-02-28	[0 1 1 0 0]	2026-08-15_23-02-28	[0 0 0 0 0]	2026-08-15_23-02-28	[0 0 1 0 0 1 0 0 0 0 0 0 0 1 0 0 0 0 0 0 0 0 0 0 0 0 0 0 0 0 0 0 0 0 0 1 0 0 0 0 0 0 0 0 0 0 0 0 0 0 0 0 0 0 0 0 0 0 0 0 0 0 0 0 0 0 0 0 0 0 0 0 0]	2026-08-15_23-02-28	[0 0 0 0 0 0 0 0 0 0 0 0 1 0 0 0 0 0 0 0 0 0 0 0 0 0 0 0 0 0 0 0 0 0 0 0 0 0 0 0 0 0 0 0 0 0 0 0 0 0 0 0 0 1 0 0 0 0 0 0 0 0 0 1 0 0 0 0 0 0 0 1 0]	2026-08-15_23-02-28	[2]	2026-08-15_23-02-28
4	2026-08-15_23-02-29	-0.8999999761581421	2026-08-15_23-02-29	10.919197082519531	2026-08-15_23-02-29	1.6364864110946655	2026-08-15_23-02-29	1.57362961769104	2026-08-15_23-02-29	3.917623996734619	2026-08-15_23-02-29	3.791457176208496	2026-08-15_23-02-29	True	2026-08-15_23-02-29	[0 1 1 0 0]	2026-08-15_23-02-29	[0 0 0 0 0]	2026-08-15_23-02-29	[0 0 1 0 0 1 0 0 0 0 0 0 0 1 0 0 0 0 0 0 0 0 0 0 0 0 0 0 0 0 0 0 0 0 0 1 0 0 0 0 0 0 0 0 0 0 0 0 0 0 0 0 0 0 0 0 0 0 0 0 0 0 0 0 0 0 0 0 0 0 0 0 0]	2026-08-15_23-02-29	[0 0 0 0 0 0 0 0 0 0 0 0 1 0 0 0 0 0 0 0 0 0 0 0 0 0 0 0 0 0 0 0 0 0 0 0 0 0 0 0 0 0 0 0 0 0 0 0 0 0 0 0 0 1 0 0 0 0 0 0 0 0 0 1 0 0 0 0 0 0 0 1 0]	2026-08-15_23-02-29	[2]	2026-08-15_23-02-29	[0 1 1 1 0]	2026-08-15_23-02-29	[0 0 0 0 1]	2026-08-15_23-02-29	[0 0 1 0 0 1 0 0 0 0 0 0 0 1 0 0 0 0 0 0 0 0 0 0 0 0 0 0 0 0 0 0 0 0 0 1 0 0 0 1 0 0 0 0 0 0 0 0 0 0 0 0 0 0 0 0 0 0 0 0 0 0 0 0 0 0 0 0 0 0 0 0 0]	2026-08-15_23-02-29	[0 0 0 0 0 0 0 0 0 0 0 0 1 0 0 0 1 0 0 0 0 0 0 0 0 0 0 0 0 0 0 0 0 0 0 0 0 0 0 0 0 0 0 0 0 0 0 0 0 0 0 0 0 1 0 0 0 0 0 0 0 0 0 1 0 0 0 0 0 0 0 1 0]	2026-08-15_23-02-29	[2]	2026-08-15_23-02-29
4	2026-08-15_23-02-29	-0.8999999761581421	2026-08-15_23-02-29	10.874547958374023	2026-08-15_23-02-29	1.637784481048584	2026-08-15_23-02-29	1.5808491706848145	2026-08-15_23-02-29	3.907559633255005	2026-08-15_23-02-29	3.748354911804199	2026-08-15_23-02-29	True	2026-08-15_23-02-29	[0 1 1 1 0]	2026-08-15_23-02-29	[0 0 0 0 1]	2026-08-15_23-02-29	[0 0 1 0 0 1 0 0 0 0 0 0 0 1 0 0 0 0 0 0 0 0 0 0 0 0 0 0 0 0 0 0 0 0 0 1 0 0 0 1 0 0 0 0 0 0 0 0 0 0 0 0 0 0 0 0 0 0 0 0 0 0 0 0 0 0 0 0 0 0 0 0 0]	2026-08-15_23-02-29	[0 0 0 0 0 0 0 0 0 0 0 0 1 0 0 0 1 0 0 0 0 0 0 0 0 0 0 0 0 0 0 0 0 0 0 0 0 0 0 0 0 0 0 0 0 0 0 0 0 0 0 0 0 1 0 0 0 0 0 0 0 0 0 1 0 0 0 0 0 0 0 1 0]	2026-08-15_23-02-29	[2]	2026-08-15_23-02-29	[0 1 1 0 0]	2026-08-15_23-02-29	[0 0 0 0 0]	2026-08-15_23-02-29	[0 0 1 0 0 1 0 0 0 0 0 0 0 1 0 0 0 0 0 0 0 0 0 0 0 0 0 0 0 0 0 1 0 0 0 1 0 0 0 1 0 0 0 0 0 0 0 0 0 0 0 0 0 0 0 0 0 0 0 0 0 0 0 0 0 0 0 0 0 0 0 0 0]	2026-08-15_23-02-29	[0 0 0 0 0 0 0 0 0 0 0 0 1 0 0 0 0 0 0 0 0 0 0 0 0 0 0 0 0 0 0 0 0 0 0 0 0 0 0 0 0 0 0 0 0 0 0 0 0 0 0 0 0 1 0 0 0 0 0 0 0 0 0 1 0 0 0 0 0 0 0 1 0]	2026-08-15_23-02-29	[2]	2026-08-15_23-02-29
4	2026-08-15_23-02-29	-0.8999999761581421	2026-08-15_23-02-29	11.000907897949219	2026-08-15_23-02-29	1.6355903148651123	2026-08-15_23-02-29	1.563132643699646	2026-08-15_23-02-29	3.9481239318847656	2026-08-15_23-02-29	3.854060649871826	2026-08-15_23-02-29	True	2026-08-15_23-02-29	[0 1 1 0 0]	2026-08-15_23-02-29	[0 0 0 0 0]	2026-08-15_23-02-29	[0 0 1 0 0 1 0 0 0 0 0 0 0 1 0 0 0 0 0 0 0 0 0 0 0 0 0 0 0 0 0 1 0 0 0 1 0 0 0 1 0 0 0 0 0 0 0 0 0 0 0 0 0 0 0 0 0 0 0 0 0 0 0 0 0 0 0 0 0 0 0 0 0]	2026-08-15_23-02-29	[0 0 0 0 0 0 0 0 0 0 0 0 1 0 0 0 0 0 0 0 0 0 0 0 0 0 0 0 0 0 0 0 0 0 0 0 0 0 0 0 0 0 0 0 0 0 0 0 0 0 0 0 0 1 0 0 0 0 0 0 0 0 0 1 0 0 0 0 0 0 0 1 0]	2026-08-15_23-02-29	[2]	2026-08-15_23-02-29	[0 1 1 1 0]	2026-08-15_23-02-29	[0 0 0 0 1]	2026-08-15_23-02-29	[0 0 1 0 0 1 0 0 0 0 0 0 0 1 0 0 0 0 0 0 0 0 0 0 0 0 0 0 0 0 0 0 0 0 0 1 0 0 0 1 0 0 0 0 0 0 0 0 0 0 0 0 0 0 0 0 0 0 0 0 0 0 0 0 0 0 0 0 0 0 0 0 0]	2026-08-15_23-02-29	[0 0 0 0 0 0 0 0 0 0 0 0 1 0 0 0 1 0 0 0 0 0 0 0 0 0 0 0 0 0 0 0 0 0 0 0 0 0 0 0 0 0 0 0 0 0 0 0 0 0 0 0 0 1 0 0 0 0 0 0 0 0 0 1 0 0 0 0 0 0 0 1 0]	2026-08-15_23-02-29	[2]	2026-08-15_23-02-29
4	2026-08-15_23-02-29	-0.8999999761581421	2026-08-15_23-02-29	10.837289810180664	2026-08-15_23-02-29	1.6369181871414185	2026-08-15_23-02-29	1.5785491466522217	2026-08-15_23-02-29	3.883835792541504	2026-08-15_23-02-29	3.7379865646362305	2026-08-15_23-02-29	True	2026-08-15_23-02-29	[0 1 1 1 0]	2026-08-15_23-02-29	[0 0 0 0 1]	2026-08-15_23-02-29	[0 0 1 0 0 1 0 0 0 0 0 0 0 1 0 0 0 0 0 0 0 0 0 0 0 0 0 0 0 0 0 0 0 0 0 1 0 0 0 1 0 0 0 0 0 0 0 0 0 0 0 0 0 0 0 0 0 0 0 0 0 0 0 0 0 0 0 0 0 0 0 0 0]	2026-08-15_23-02-29	[0 0 0 0 0 0 0 0 0 0 0 0 1 0 0 0 1 0 0 0 0 0 0 0 0 0 0 0 0 0 0 0 0 0 0 0 0 0 0 0 0 0 0 0 0 0 0 0 0 0 0 0 0 1 0 0 0 0 0 0 0 0 0 1 0 0 0 0 0 0 0 1 0]	2026-08-15_23-02-29	[2]	2026-08-15_23-02-29	[0 1 1 0 0]	2026-08-15_23-02-29	[0 0 0 0 0]	2026-08-15_23-02-29	[0 0 1 0 0 1 0 0 0 0 0 0 0 1 0 0 0 0 0 0 0 0 0 0 0 0 0 0 0 0 0 1 0 0 0 1 0 0 0 1 0 0 0 0 0 0 0 0 0 0 0 0 0 0 0 0 0 0 0 0 0 0 0 0 0 0 0 0 0 0 0 0 0]	2026-08-15_23-02-29	[0 0 0 0 0 0 0 0 0 0 0 0 1 0 0 0 0 0 0 0 0 0 0 0 0 0 0 0 0 0 0 0 0 0 0 0 0 0 0 0 0 0 0 0 0 0 0 0 0 0 0 0 0 1 0 0 0 0 0 0 0 0 0 1 0 0 0 0 0 0 0 1 0]	2026-08-15_23-02-29	[2]	2026-08-15_23-02-29
4	2026-08-15_23-02-29	-0.8999999761581421	2026-08-15_23-02-29	11.03931999206543	2026-08-15_23-02-29	1.6376283168792725	2026-08-15_23-02-29	1.5698609352111816	2026-08-15_23-02-29	3.9626548290252686	2026-08-15_23-02-29	3.869175910949707	2026-08-15_23-02-29	True	2026-08-15_23-02-29	[0 1 1 0 0]	2026-08-15_23-02-29	[0 0 0 0 0]	2026-08-15_23-02-29	[0 0 1 0 0 1 0 0 0 0 0 0 0 1 0 0 0 0 0 0 0 0 0 0 0 0 0 0 0 0 0 1 0 0 0 1 0 0 0 1 0 0 0 0 0 0 0 0 0 0 0 0 0 0 0 0 0 0 0 0 0 0 0 0 0 0 0 0 0 0 0 0 0]	2026-08-15_23-02-29	[0 0 0 0 0 0 0 0 0 0 0 0 1 0 0 0 0 0 0 0 0 0 0 0 0 0 0 0 0 0 0 0 0 0 0 0 0 0 0 0 0 0 0 0 0 0 0 0 0 0 0 0 0 1 0 0 0 0 0 0 0 0 0 1 0 0 0 0 0 0 0 1 0]	2026-08-15_23-02-29	[2]	2026-08-15_23-02-29	[0 1 1 1 0]	2026-08-15_23-02-29	[0 0 0 0 1]	2026-08-15_23-02-29	[0 0 1 0 0 1 0 0 0 0 0 0 0 1 0 0 0 0 0 0 0 0 0 0 0 0 0 0 0 0 0 0 0 0 0 1 0 0 0 1 0 0 0 0 0 0 0 0 0 0 0 0 0 0 0 0 0 0 0 0 0 0 0 0 0 0 0 0 0 0 0 0 0]	2026-08-15_23-02-29	[0 0 0 0 0 0 0 0 0 0 0 0 1 0 0 0 1 0 0 0 0 0 0 0 0 0 0 0 0 0 0 0 0 0 0 0 0 0 0 0 0 0 0 0 0 0 0 0 0 0 0 0 0 1 0 0 0 0 0 0 0 0 0 1 0 0 0 0 0 0 0 1 0]	2026-08-15_23-02-29	[2]	2026-08-15_23-02-29
4	2026-08-15_23-02-29	-0.8999999761581421	2026-08-15_23-02-29	10.893325805664062	2026-08-15_23-02-29	1.637674331665039	2026-08-15_23-02-29	1.5814318656921387	2026-08-15_23-02-29	3.9128518104553223	2026-08-15_23-02-29	3.7613680362701416	2026-08-15_23-02-29	True	2026-08-15_23-02-29	[0 1 1 1 0]	2026-08-15_23-02-29	[0 0 0 0 1]	2026-08-15_23-02-29	[0 0 1 0 0 1 0 0 0 0 0 0 0 1 0 0 0 0 0 0 0 0 0 0 0 0 0 0 0 0 0 0 0 0 0 1 0 0 0 1 0 0 0 0 0 0 0 0 0 0 0 0 0 0 0 0 0 0 0 0 0 0 0 0 0 0 0 0 0 0 0 0 0]	2026-08-15_23-02-29	[0 0 0 0 0 0 0 0 0 0 0 0 1 0 0 0 1 0 0 0 0 0 0 0 0 0 0 0 0 0 0 0 0 0 0 0 0 0 0 0 0 0 0 0 0 0 0 0 0 0 0 0 0 1 0 0 0 0 0 0 0 0 0 1 0 0 0 0 0 0 0 1 0]	2026-08-15_23-02-29	[2]	2026-08-15_23-02-29	[0 1 1 0 0]	2026-08-15_23-02-29	[0 0 0 0 0]	2026-08-15_23-02-29	[0 0 1 0 0 1 0 0 0 0 0 0 0 1 0 0 0 0 0 0 0 0 0 0 0 0 0 0 0 0 0 1 0 0 0 1 0 0 0 1 0 0 0 0 0 0 0 0 0 0 0 0 0 0 0 0 0 0 0 0 0 0 0 0 0 0 0 0 0 0 0 0 0]	2026-08-15_23-02-29	[0 0 0 0 0 0 0 0 0 0 0 0 1 0 0 0 0 0 0 0 0 0 0 0 0 0 0 0 0 0 0 0 0 0 0 0 0 0 0 0 0 0 0 0 0 0 0 0 0 0 0 0 0 1 0 0 0 0 0 0 0 0 0 1 0 0 0 0 0 0 0 1 0]	2026-08-15_23-02-29	[2]	2026-08-15_23-02-29
4	2026-08-15_23-02-29	-0.8999999761581421	2026-08-15_23-02-29	10.95192813873291	2026-08-15_23-02-29	1.636338233947754	2026-08-15_23-02-29	1.5714668035507202	2026-08-15_23-02-29	3.931617021560669	2026-08-15_23-02-29	3.8125057220458984	2026-08-15_23-02-29	True	2026-08-15_23-02-29	[0 1 1 0 0]	2026-08-15_23-02-29	[0 0 0 0 0]	2026-08-15_23-02-29	[0 0 1 0 0 1 0 0 0 0 0 0 0 1 0 0 0 0 0 0 0 0 0 0 0 0 0 0 0 0 0 1 0 0 0 1 0 0 0 1 0 0 0 0 0 0 0 0 0 0 0 0 0 0 0 0 0 0 0 0 0 0 0 0 0 0 0 0 0 0 0 0 0]	2026-08-15_23-02-29	[0 0 0 0 0 0 0 0 0 0 0 0 1 0 0 0 0 0 0 0 0 0 0 0 0 0 0 0 0 0 0 0 0 0 0 0 0 0 0 0 0 0 0 0 0 0 0 0 0 0 0 0 0 1 0 0 0 0 0 0 0 0 0 1 0 0 0 0 0 0 0 1 0]	2026-08-15_23-02-29	[2]	2026-08-15_23-02-29	[0 1 1 1 0]	2026-08-15_23-02-29	[0 0 0 0 1]	2026-08-15_23-02-29	[0 0 1 0 0 1 0 0 0 0 0 0 0 1 0 0 0 0 0 0 0 0 0 0 0 0 0 0 0 0 0 0 0 0 0 1 0 0 0 1 0 0 0 0 0 0 0 0 0 0 0 0 0 0 0 0 0 0 0 0 0 0 0 0 0 0 0 0 0 0 0 0 0]	2026-08-15_23-02-29	[0 0 0 0 0 0 0 0 0 0 0 0 1 0 0 0 1 0 0 0 0 0 0 0 0 0 0 0 0 0 0 0 0 0 0 0 0 0 0 0 0 0 0 0 0 0 0 0 0 0 0 0 0 1 0 0 0 0 0 0 0 0 0 1 0 0 0 0 0 0 0 1 0]	2026-08-15_23-02-29	[2]	2026-08-15_23-02-29
4	2026-08-15_23-02-29	-0.8999999761581421	2026-08-15_23-02-29	10.85827350616455	2026-08-15_23-02-29	1.6394016742706299	2026-08-15_23-02-29	1.5754762887954712	2026-08-15_23-02-29	3.907104015350342	2026-08-15_23-02-29	3.7362911701202393	2026-08-15_23-02-29	True	2026-08-15_23-02-29	[0 1 1 1 0]	2026-08-15_23-02-29	[0 0 0 0 1]	2026-08-15_23-02-29	[0 0 1 0 0 1 0 0 0 0 0 0 0 1 0 0 0 0 0 0 0 0 0 0 0 0 0 0 0 0 0 0 0 0 0 1 0 0 0 1 0 0 0 0 0 0 0 0 0 0 0 0 0 0 0 0 0 0 0 0 0 0 0 0 0 0 0 0 0 0 0 0 0]	2026-08-15_23-02-29	[0 0 0 0 0 0 0 0 0 0 0 0 1 0 0 0 1 0 0 0 0 0 0 0 0 0 0 0 0 0 0 0 0 0 0 0 0 0 0 0 0 0 0 0 0 0 0 0 0 0 0 0 0 1 0 0 0 0 0 0 0 0 0 1 0 0 0 0 0 0 0 1 0]	2026-08-15_23-02-29	[2]	2026-08-15_23-02-29	[0 1 1 0 0]	2026-08-15_23-02-29	[0 0 0 0 0]	2026-08-15_23-02-29	[0 0 1 0 0 1 0 0 0 0 0 0 0 1 0 0 0 0 0 0 0 0 0 0 0 0 0 0 0 0 0 1 0 0 0 1 0 0 0 1 0 0 0 0 0 0 0 0 0 0 0 0 0 0 0 0 0 0 0 0 0 0 0 0 0 0 0 0 0 0 0 0 0]	2026-08-15_23-02-29	[0 0 0 0 0 0 0 0 0 0 0 0 1 0 0 0 0 0 0 0 0 0 0 0 0 0 0 0 0 0 0 0 0 0 0 0 0 0 0 0 0 0 0 0 0 0 0 0 0 0 0 0 0 1 0 0 0 0 0 0 0 0 0 1 0 0 0 0 0 0 0 1 0]	2026-08-15_23-02-29	[2]	2026-08-15_23-02-29
4	2026-08-15_23-02-29	-0.8999999761581421	2026-08-15_23-02-29	11.020834922790527	2026-08-15_23-02-29	1.63835871219635	2026-08-15_23-02-29	1.5751365423202515	2026-08-15_23-02-29	3.952357769012451	2026-08-15_23-02-29	3.8549816608428955	2026-08-15_23-02-29	True	2026-08-15_23-02-29	[0 1 1 0 0]	2026-08-15_23-02-29	[0 0 0 0 0]	2026-08-15_23-02-29	[0 0 1 0 0 1 0 0 0 0 0 0 0 1 0 0 0 0 0 0 0 0 0 0 0 0 0 0 0 0 0 1 0 0 0 1 0 0 0 1 0 0 0 0 0 0 0 0 0 0 0 0 0 0 0 0 0 0 0 0 0 0 0 0 0 0 0 0 0 0 0 0 0]	2026-08-15_23-02-29	[0 0 0 0 0 0 0 0 0 0 0 0 1 0 0 0 0 0 0 0 0 0 0 0 0 0 0 0 0 0 0 0 0 0 0 0 0 0 0 0 0 0 0 0 0 0 0 0 0 0 0 0 0 1 0 0 0 0 0 0 0 0 0 1 0 0 0 0 0 0 0 1 0]	2026-08-15_23-02-29	[2]	2026-08-15_23-02-29	[0 1 1 1 0]	2026-08-15_23-02-29	[0 0 0 0 1]	2026-08-15_23-02-29	[0 0 1 0 0 1 0 0 0 0 0 0 0 1 0 0 0 0 0 0 0 0 0 0 0 0 0 0 0 0 0 0 0 0 0 1 0 0 0 1 0 0 0 0 0 0 0 0 0 0 0 0 0 0 0 0 0 0 0 0 0 0 0 0 0 0 0 0 0 0 0 0 0]	2026-08-15_23-02-29	[0 0 0 0 0 0 0 0 0 0 0 0 1 0 0 0 1 0 0 0 0 0 0 0 0 0 0 0 0 0 0 0 0 0 0 0 0 0 0 0 0 0 0 0 0 0 0 0 0 0 0 0 0 1 0 0 0 0 0 0 0 0 0 1 0 0 0 0 0 0 0 1 0]	2026-08-15_23-02-29	[2]	2026-08-15_23-02-29
4	2026-08-15_23-02-29	-0.8999999761581421	2026-08-15_23-02-29	10.908205032348633	2026-08-15_23-02-29	1.6379140615463257	2026-08-15_23-02-29	1.574856162071228	2026-08-15_23-02-29	3.9262938499450684	2026-08-15_23-02-29	3.769141435623169	2026-08-15_23-02-29	True	2026-08-15_23-02-29	[0 1 1 1 0]	2026-08-15_23-02-29	[0 0 0 0 1]	2026-08-15_23-02-29	[0 0 1 0 0 1 0 0 0 0 0 0 0 1 0 0 0 0 0 0 0 0 0 0 0 0 0 0 0 0 0 0 0 0 0 1 0 0 0 1 0 0 0 0 0 0 0 0 0 0 0 0 0 0 0 0 0 0 0 0 0 0 0 0 0 0 0 0 0 0 0 0 0]	2026-08-15_23-02-29	[0 0 0 0 0 0 0 0 0 0 0 0 1 0 0 0 1 0 0 0 0 0 0 0 0 0 0 0 0 0 0 0 0 0 0 0 0 0 0 0 0 0 0 0 0 0 0 0 0 0 0 0 0 1 0 0 0 0 0 0 0 0 0 1 0 0 0 0 0 0 0 1 0]	2026-08-15_23-02-29	[2]	2026-08-15_23-02-29	[0 1 1 0 0]	2026-08-15_23-02-29	[0 0 0 0 0]	2026-08-15_23-02-29	[0 0 1 0 0 1 0 0 0 0 0 0 0 1 0 0 0 0 0 0 0 0 0 0 0 0 0 0 0 0 0 1 0 0 0 1 0 0 0 1 0 0 0 0 0 0 0 0 0 0 0 0 0 0 0 0 0 0 0 0 0 0 0 0 0 0 0 0 0 0 0 0 0]	2026-08-15_23-02-29	[0 0 0 0 0 0 0 0 0 0 0 0 1 0 0 0 0 0 0 0 0 0 0 0 0 0 0 0 0 0 0 0 0 0 0 0 0 0 0 0 0 0 0 0 0 0 0 0 0 0 0 0 0 1 0 0 0 0 0 0 0 0 0 1 0 0 0 0 0 0 0 1 0]	2026-08-15_23-02-29	[2]	2026-08-15_23-02-29
4	2026-08-15_23-02-29	-0.8999999761581421	2026-08-15_23-02-29	11.024967193603516	2026-08-15_23-02-29	1.6369012594223022	2026-08-15_23-02-29	1.5640218257904053	2026-08-15_23-02-29	3.958078622817993	2026-08-15_23-02-29	3.8659658432006836	2026-08-15_23-02-29	True	2026-08-15_23-02-29	[0 1 1 0 0]	2026-08-15_23-02-29	[0 0 0 0 0]	2026-08-15_23-02-29	[0 0 1 0 0 1 0 0 0 0 0 0 0 1 0 0 0 0 0 0 0 0 0 0 0 0 0 0 0 0 0 1 0 0 0 1 0 0 0 1 0 0 0 0 0 0 0 0 0 0 0 0 0 0 0 0 0 0 0 0 0 0 0 0 0 0 0 0 0 0 0 0 0]	2026-08-15_23-02-29	[0 0 0 0 0 0 0 0 0 0 0 0 1 0 0 0 0 0 0 0 0 0 0 0 0 0 0 0 0 0 0 0 0 0 0 0 0 0 0 0 0 0 0 0 0 0 0 0 0 0 0 0 0 1 0 0 0 0 0 0 0 0 0 1 0 0 0 0 0 0 0 1 0]	2026-08-15_23-02-29	[2]	2026-08-15_23-02-29	[0 1 1 1 0]	2026-08-15_23-02-29	[0 0 0 0 1]	2026-08-15_23-02-29	[0 0 1 0 0 1 0 0 0 0 0 0 0 1 0 0 0 0 0 0 0 0 0 0 0 0 0 0 0 0 0 0 0 0 0 1 0 0 0 1 0 0 0 0 0 0 0 0 0 0 0 0 0 0 0 0 0 0 0 0 0 0 0 0 0 0 0 0 0 0 0 0 0]	2026-08-15_23-02-29	[0 0 0 0 0 0 0 0 0 0 0 0 1 0 0 0 1 0 0 0 0 0 0 0 0 0 0 0 0 0 0 0 0 0 0 0 0 0 0 0 0 0 0 0 0 0 0 0 0 0 0 0 0 1 0 0 0 0 0 0 0 0 0 1 0 0 0 0 0 0 0 1 0]	2026-08-15_23-02-29	[2]	2026-08-15_23-02-29
4	2026-08-15_23-02-29	-0.8999999761581421	2026-08-15_23-02-29	10.899293899536133	2026-08-15_23-02-29	1.6374213695526123	2026-08-15_23-02-29	1.576812744140625	2026-08-15_23-02-29	3.9200668334960938	2026-08-15_23-02-29	3.7649922370910645	2026-08-15_23-02-29	True	2026-08-15_23-02-29	[0 1 1 1 0]	2026-08-15_23-02-29	[0 0 0 0 1]	2026-08-15_23-02-29	[0 0 1 0 0 1 0 0 0 0 0 0 0 1 0 0 0 0 0 0 0 0 0 0 0 0 0 0 0 0 0 0 0 0 0 1 0 0 0 1 0 0 0 0 0 0 0 0 0 0 0 0 0 0 0 0 0 0 0 0 0 0 0 0 0 0 0 0 0 0 0 0 0]	2026-08-15_23-02-29	[0 0 0 0 0 0 0 0 0 0 0 0 1 0 0 0 1 0 0 0 0 0 0 0 0 0 0 0 0 0 0 0 0 0 0 0 0 0 0 0 0 0 0 0 0 0 0 0 0 0 0 0 0 1 0 0 0 0 0 0 0 0 0 1 0 0 0 0 0 0 0 1 0]	2026-08-15_23-02-29	[2]	2026-08-15_23-02-29	[0 1 1 0 0]	2026-08-15_23-02-29	[0 0 0 0 0]	2026-08-15_23-02-29	[0 0 1 0 0 1 0 0 0 0 0 0 0 1 0 0 0 0 0 0 0 0 0 0 0 0 0 0 0 0 0 1 0 0 0 1 0 0 0 1 0 0 0 0 0 0 0 0 0 0 0 0 0 0 0 0 0 0 0 0 0 0 0 0 0 0 0 0 0 0 0 0 0]	2026-08-15_23-02-29	[0 0 0 0 0 0 0 0 0 0 0 0 1 0 0 0 0 0 0 0 0 0 0 0 0 0 0 0 0 0 0 0 0 0 0 0 0 0 0 0 0 0 0 0 0 0 0 0 0 0 0 0 0 1 0 0 0 0 0 0 0 0 0 1 0 0 0 0 0 0 0 1 0]	2026-08-15_23-02-29	[2]	2026-08-15_23-02-29
4	2026-08-15_23-02-29	-0.8999999761581421	2026-08-15_23-02-29	10.964695930480957	2026-08-15_23-02-29	1.6374341249465942	2026-08-15_23-02-29	1.580552101135254	2026-08-15_23-02-29	3.9292447566986084	2026-08-15_23-02-29	3.817464828491211	2026-08-15_23-02-29	True	2026-08-15_23-02-29	[0 1 1 0 0]	2026-08-15_23-02-29	[0 0 0 0 0]	2026-08-15_23-02-29	[0 0 1 0 0 1 0 0 0 0 0 0 0 1 0 0 0 0 0 0 0 0 0 0 0 0 0 0 0 0 0 1 0 0 0 1 0 0 0 1 0 0 0 0 0 0 0 0 0 0 0 0 0 0 0 0 0 0 0 0 0 0 0 0 0 0 0 0 0 0 0 0 0]	2026-08-15_23-02-29	[0 0 0 0 0 0 0 0 0 0 0 0 1 0 0 0 0 0 0 0 0 0 0 0 0 0 0 0 0 0 0 0 0 0 0 0 0 0 0 0 0 0 0 0 0 0 0 0 0 0 0 0 0 1 0 0 0 0 0 0 0 0 0 1 0 0 0 0 0 0 0 1 0]	2026-08-15_23-02-29	[2]	2026-08-15_23-02-29	[0 1 1 1 0]	2026-08-15_23-02-29	[0 0 0 0 1]	2026-08-15_23-02-29	[0 0 1 0 0 1 0 0 0 0 0 0 0 1 0 0 0 0 0 0 0 0 0 0 0 0 0 0 0 0 0 0 0 0 0 1 0 0 0 1 0 0 0 0 0 0 0 0 0 0 0 0 0 0 0 0 0 0 0 0 0 0 0 0 0 0 0 0 0 0 0 0 0]	2026-08-15_23-02-29	[0 0 0 0 0 0 0 0 0 0 0 0 1 0 0 0 1 0 0 0 0 0 0 0 0 0 0 0 0 0 0 0 0 0 0 0 0 0 0 0 0 0 0 0 0 0 0 0 0 0 0 0 0 1 0 0 0 0 0 0 0 0 0 1 0 0 0 0 0 0 0 1 0]	2026-08-15_23-02-29	[2]	2026-08-15_23-02-29
4	2026-08-15_23-02-29	-0.8999999761581421	2026-08-15_23-02-29	10.910210609436035	2026-08-15_23-02-29	1.6378896236419678	2026-08-15_23-02-29	1.576593279838562	2026-08-15_23-02-29	3.9214096069335938	2026-08-15_23-02-29	3.774318218231201	2026-08-15_23-02-29	True	2026-08-15_23-02-29	[0 1 1 1 0]	2026-08-15_23-02-29	[0 0 0 0 1]	2026-08-15_23-02-29	[0 0 1 0 0 1 0 0 0 0 0 0 0 1 0 0 0 0 0 0 0 0 0 0 0 0 0 0 0 0 0 0 0 0 0 1 0 0 0 1 0 0 0 0 0 0 0 0 0 0 0 0 0 0 0 0 0 0 0 0 0 0 0 0 0 0 0 0 0 0 0 0 0]	2026-08-15_23-02-29	[0 0 0 0 0 0 0 0 0 0 0 0 1 0 0 0 1 0 0 0 0 0 0 0 0 0 0 0 0 0 0 0 0 0 0 0 0 0 0 0 0 0 0 0 0 0 0 0 0 0 0 0 0 1 0 0 0 0 0 0 0 0 0 1 0 0 0 0 0 0 0 1 0]	2026-08-15_23-02-29	[2]	2026-08-15_23-02-29	[0 1 1 0 0]	2026-08-15_23-02-29	[0 0 0 0 0]	2026-08-15_23-02-29	[0 0 1 0 0 1 0 0 0 0 0 0 0 1 0 0 0 0 0 0 0 0 0 0 0 0 0 0 0 0 0 1 0 0 0 1 0 0 0 1 0 0 0 0 0 0 0 0 0 0 0 0 0 0 0 0 0 0 0 0 0 0 0 0 0 0 0 0 0 0 0 0 0]	2026-08-15_23-02-29	[0 0 0 0 0 0 0 0 0 0 0 0 1 0 0 0 0 0 0 0 0 0 0 0 0 0 0 0 0 0 0 0 0 0 0 0 0 0 0 0 0 0 0 0 0 0 0 0 0 0 0 0 0 1 0 0 0 0 0 0 0 0 0 1 0 0 0 0 0 0 0 1 0]	2026-08-15_23-02-29	[2]	2026-08-15_23-02-29
4	2026-08-15_23-02-29	-0.8999999761581421	2026-08-15_23-02-29	11.007970809936523	2026-08-15_23-02-29	1.6358436346054077	2026-08-15_23-02-29	1.5683248043060303	2026-08-15_23-02-29	3.949751377105713	2026-08-15_23-02-29	3.854050636291504	2026-08-15_23-02-29	True	2026-08-15_23-02-29	[0 1 1 0 0]	2026-08-15_23-02-29	[0 0 0 0 0]	2026-08-15_23-02-29	[0 0 1 0 0 1 0 0 0 0 0 0 0 1 0 0 0 0 0 0 0 0 0 0 0 0 0 0 0 0 0 1 0 0 0 1 0 0 0 1 0 0 0 0 0 0 0 0 0 0 0 0 0 0 0 0 0 0 0 0 0 0 0 0 0 0 0 0 0 0 0 0 0]	2026-08-15_23-02-29	[0 0 0 0 0 0 0 0 0 0 0 0 1 0 0 0 0 0 0 0 0 0 0 0 0 0 0 0 0 0 0 0 0 0 0 0 0 0 0 0 0 0 0 0 0 0 0 0 0 0 0 0 0 1 0 0 0 0 0 0 0 0 0 1 0 0 0 0 0 0 0 1 0]	2026-08-15_23-02-29	[2]	2026-08-15_23-02-29	[0 1 1 1 0]	2026-08-15_23-02-29	[0 0 0 0 1]	2026-08-15_23-02-29	[0 0 1 0 0 1 0 0 0 0 0 0 0 1 0 0 0 0 0 0 0 0 0 0 0 0 0 0 0 0 0 0 0 0 0 1 0 0 0 1 0 0 0 0 0 0 0 0 0 0 0 0 0 0 0 0 0 0 0 0 0 0 0 0 0 0 0 0 0 0 0 0 0]	2026-08-15_23-02-29	[0 0 0 0 0 0 0 0 0 0 0 0 1 0 0 0 1 0 0 0 0 0 0 0 0 0 0 0 0 0 0 0 0 0 0 0 0 0 0 0 0 0 0 0 0 0 0 0 0 0 0 0 0 1 0 0 0 0 0 0 0 0 0 1 0 0 0 0 0 0 0 1 0]	2026-08-15_23-02-29	[2]	2026-08-15_23-02-29
4	2026-08-15_23-02-29	-0.8999999761581421	2026-08-15_23-02-29	10.872722625732422	2026-08-15_23-02-29	1.6377379894256592	2026-08-15_23-02-29	1.5703703165054321	2026-08-15_23-02-29	3.9116172790527344	2026-08-15_23-02-29	3.7529969215393066	2026-08-15_23-02-29	True	2026-08-15_23-02-29	[0 1 1 1 0]	2026-08-15_23-02-29	[0 0 0 0 1]	2026-08-15_23-02-29	[0 0 1 0 0 1 0 0 0 0 0 0 0 1 0 0 0 0 0 0 0 0 0 0 0 0 0 0 0 0 0 0 0 0 0 1 0 0 0 1 0 0 0 0 0 0 0 0 0 0 0 0 0 0 0 0 0 0 0 0 0 0 0 0 0 0 0 0 0 0 0 0 0]	2026-08-15_23-02-29	[0 0 0 0 0 0 0 0 0 0 0 0 1 0 0 0 1 0 0 0 0 0 0 0 0 0 0 0 0 0 0 0 0 0 0 0 0 0 0 0 0 0 0 0 0 0 0 0 0 0 0 0 0 1 0 0 0 0 0 0 0 0 0 1 0 0 0 0 0 0 0 1 0]	2026-08-15_23-02-29	[2]	2026-08-15_23-02-29	[0 1 1 0 0]	2026-08-15_23-02-29	[0 0 0 0 0]	2026-08-15_23-02-29	[0 0 1 0 0 1 0 0 0 0 0 0 0 1 0 0 0 0 0 0 0 0 0 0 0 0 0 0 0 0 0 1 0 0 0 1 0 0 0 1 0 0 0 0 0 0 0 0 0 0 0 0 0 0 0 0 0 0 0 0 0 0 0 0 0 0 0 0 0 0 0 0 0]	2026-08-15_23-02-29	[0 0 0 0 0 0 0 0 0 0 0 0 1 0 0 0 0 0 0 0 0 0 0 0 0 0 0 0 0 0 0 0 0 0 0 0 0 0 0 0 0 0 0 0 0 0 0 0 0 0 0 0 0 1 0 0 0 0 0 0 0 0 0 1 0 0 0 0 0 0 0 1 0]	2026-08-15_23-02-29	[2]	2026-08-15_23-02-29
4	2026-08-15_23-02-29	-0.8999999761581421	2026-08-15_23-02-29	10.944991111755371	2026-08-15_23-02-29	1.6355868577957153	2026-08-15_23-02-29	1.5768659114837646	2026-08-15_23-02-29	3.918820858001709	2026-08-15_23-02-29	3.8137173652648926	2026-08-15_23-02-29	True	2026-08-15_23-02-29	[0 1 1 0 0]	2026-08-15_23-02-29	[0 0 0 0 0]	2026-08-15_23-02-29	[0 0 1 0 0 1 0 0 0 0 0 0 0 1 0 0 0 0 0 0 0 0 0 0 0 0 0 0 0 0 0 1 0 0 0 1 0 0 0 1 0 0 0 0 0 0 0 0 0 0 0 0 0 0 0 0 0 0 0 0 0 0 0 0 0 0 0 0 0 0 0 0 0]	2026-08-15_23-02-29	[0 0 0 0 0 0 0 0 0 0 0 0 1 0 0 0 0 0 0 0 0 0 0 0 0 0 0 0 0 0 0 0 0 0 0 0 0 0 0 0 0 0 0 0 0 0 0 0 0 0 0 0 0 1 0 0 0 0 0 0 0 0 0 1 0 0 0 0 0 0 0 1 0]	2026-08-15_23-02-29	[2]	2026-08-15_23-02-29	[0 1 1 1 0]	2026-08-15_23-02-29	[0 0 0 0 1]	2026-08-15_23-02-29	[0 0 1 0 0 1 0 0 0 0 0 0 0 1 0 0 0 0 0 0 0 0 0 0 0 0 0 0 0 0 0 0 0 0 0 1 0 0 0 1 0 0 0 0 0 0 0 0 0 0 0 0 0 0 0 0 0 0 0 0 0 0 0 0 0 0 0 0 0 0 0 0 0]	2026-08-15_23-02-29	[0 0 0 0 0 0 0 0 0 0 0 0 1 0 0 0 1 0 0 0 0 0 0 0 0 0 0 0 0 0 0 0 0 0 0 0 0 0 0 0 0 0 0 0 0 0 0 0 0 0 0 0 0 1 0 0 0 0 0 0 0 0 0 1 0 0 0 0 0 0 0 1 0]	2026-08-15_23-02-29	[2]	2026-08-15_23-02-29
4	2026-08-15_23-02-29	-0.8999999761581421	2026-08-15_23-02-29	10.891197204589844	2026-08-15_23-02-29	1.6382381916046143	2026-08-15_23-02-29	1.5750529766082764	2026-08-15_23-02-29	3.914083242416382	2026-08-15_23-02-29	3.7638230323791504	2026-08-15_23-02-29	True	2026-08-15_23-02-29	[0 1 1 1 0]	2026-08-15_23-02-29	[0 0 0 0 1]	2026-08-15_23-02-29	[0 0 1 0 0 1 0 0 0 0 0 0 0 1 0 0 0 0 0 0 0 0 0 0 0 0 0 0 0 0 0 0 0 0 0 1 0 0 0 1 0 0 0 0 0 0 0 0 0 0 0 0 0 0 0 0 0 0 0 0 0 0 0 0 0 0 0 0 0 0 0 0 0]	2026-08-15_23-02-29	[0 0 0 0 0 0 0 0 0 0 0 0 1 0 0 0 1 0 0 0 0 0 0 0 0 0 0 0 0 0 0 0 0 0 0 0 0 0 0 0 0 0 0 0 0 0 0 0 0 0 0 0 0 1 0 0 0 0 0 0 0 0 0 1 0 0 0 0 0 0 0 1 0]	2026-08-15_23-02-29	[2]	2026-08-15_23-02-29	[0 1 1 0 0]	2026-08-15_23-02-29	[0 0 0 0 0]	2026-08-15_23-02-29	[0 0 1 0 0 1 0 0 0 0 0 0 0 1 0 0 0 0 0 0 0 0 0 0 0 0 0 0 0 0 0 1 0 0 0 1 0 0 0 1 0 0 0 0 0 0 0 0 0 0 0 0 0 0 0 0 0 0 0 0 0 0 0 0 0 0 0 0 0 0 0 0 0]	2026-08-15_23-02-29	[0 0 0 0 0 0 0 0 0 0 0 0 1 0 0 0 0 0 0 0 0 0 0 0 0 0 0 0 0 0 0 0 0 0 0 0 0 0 0 0 0 0 0 0 0 0 0 0 0 0 0 0 0 1 0 0 0 0 0 0 0 0 0 1 0 0 0 0 0 0 0 1 0]	2026-08-15_23-02-29	[2]	2026-08-15_23-02-29
4	2026-08-15_23-02-29	-0.8999999761581421	2026-08-15_23-02-29	10.94264030456543	2026-08-15_23-02-29	1.6345523595809937	2026-08-15_23-02-29	1.576719045639038	2026-08-15_23-02-29	3.9166970252990723	2026-08-15_23-02-29	3.814671754837036	2026-08-15_23-02-29	True	2026-08-15_23-02-29	[0 1 1 0 0]	2026-08-15_23-02-29	[0 0 0 0 0]	2026-08-15_23-02-29	[0 0 1 0 0 1 0 0 0 0 0 0 0 1 0 0 0 0 0 0 0 0 0 0 0 0 0 0 0 0 0 1 0 0 0 1 0 0 0 1 0 0 0 0 0 0 0 0 0 0 0 0 0 0 0 0 0 0 0 0 0 0 0 0 0 0 0 0 0 0 0 0 0]	2026-08-15_23-02-29	[0 0 0 0 0 0 0 0 0 0 0 0 1 0 0 0 0 0 0 0 0 0 0 0 0 0 0 0 0 0 0 0 0 0 0 0 0 0 0 0 0 0 0 0 0 0 0 0 0 0 0 0 0 1 0 0 0 0 0 0 0 0 0 1 0 0 0 0 0 0 0 1 0]	2026-08-15_23-02-29	[2]	2026-08-15_23-02-29	[0 1 1 1 0]	2026-08-15_23-02-29	[0 0 0 0 1]	2026-08-15_23-02-29	[0 0 1 0 0 1 0 0 0 0 0 0 0 1 0 0 0 0 0 0 0 0 0 0 0 0 0 0 0 0 0 0 0 0 0 1 0 0 0 1 0 0 0 0 0 0 0 0 0 0 0 0 0 0 0 0 0 0 0 0 0 0 0 0 0 0 0 0 0 0 0 0 0]	2026-08-15_23-02-29	[0 0 0 0 0 0 0 0 0 0 0 0 1 0 0 0 1 0 0 0 0 0 0 0 0 0 0 0 0 0 0 0 0 0 0 0 0 0 0 0 0 0 0 0 0 0 0 0 0 0 0 0 0 1 0 0 0 0 0 0 0 0 0 1 0 0 0 0 0 0 0 1 0]	2026-08-15_23-02-29	[2]	2026-08-15_23-02-29
4	2026-08-15_23-02-29	-0.8999999761581421	2026-08-15_23-02-29	10.8848876953125	2026-08-15_23-02-29	1.6376301050186157	2026-08-15_23-02-29	1.5793788433074951	2026-08-15_23-02-29	3.911229133605957	2026-08-15_23-02-29	3.7566492557525635	2026-08-15_23-02-29	True	2026-08-15_23-02-29	[0 1 1 1 0]	2026-08-15_23-02-29	[0 0 0 0 1]	2026-08-15_23-02-29	[0 0 1 0 0 1 0 0 0 0 0 0 0 1 0 0 0 0 0 0 0 0 0 0 0 0 0 0 0 0 0 0 0 0 0 1 0 0 0 1 0 0 0 0 0 0 0 0 0 0 0 0 0 0 0 0 0 0 0 0 0 0 0 0 0 0 0 0 0 0 0 0 0]	2026-08-15_23-02-29	[0 0 0 0 0 0 0 0 0 0 0 0 1 0 0 0 1 0 0 0 0 0 0 0 0 0 0 0 0 0 0 0 0 0 0 0 0 0 0 0 0 0 0 0 0 0 0 0 0 0 0 0 0 1 0 0 0 0 0 0 0 0 0 1 0 0 0 0 0 0 0 1 0]	2026-08-15_23-02-29	[2]	2026-08-15_23-02-29	[0 1 1 0 0]	2026-08-15_23-02-29	[0 0 0 0 0]	2026-08-15_23-02-29	[0 0 1 0 0 1 0 0 0 0 0 0 0 1 0 0 0 0 0 0 0 0 0 0 0 0 0 0 0 0 0 1 0 0 0 1 0 0 0 1 0 0 0 0 0 0 0 0 0 0 0 0 0 0 0 0 0 0 0 0 0 0 0 0 0 0 0 0 0 0 0 0 0]	2026-08-15_23-02-29	[0 0 0 0 0 0 0 0 0 0 0 0 1 0 0 0 0 0 0 0 0 0 0 0 0 0 0 0 0 0 0 0 0 0 0 0 0 0 0 0 0 0 0 0 0 0 0 0 0 0 0 0 0 1 0 0 0 0 0 0 0 0 0 1 0 0 0 0 0 0 0 1 0]	2026-08-15_23-02-29	[2]	2026-08-15_23-02-29
4	2026-08-15_23-02-29	-0.8999999761581421	2026-08-15_23-02-29	10.898062705993652	2026-08-15_23-02-29	1.6371707916259766	2026-08-15_23-02-29	1.5667121410369873	2026-08-15_23-02-29	3.9130828380584717	2026-08-15_23-02-29	3.781097173690796	2026-08-15_23-02-29	True	2026-08-15_23-02-29	[0 1 1 0 0]	2026-08-15_23-02-29	[0 0 0 0 0]	2026-08-15_23-02-29	[0 0 1 0 0 1 0 0 0 0 0 0 0 1 0 0 0 0 0 0 0 0 0 0 0 0 0 0 0 0 0 1 0 0 0 1 0 0 0 1 0 0 0 0 0 0 0 0 0 0 0 0 0 0 0 0 0 0 0 0 0 0 0 0 0 0 0 0 0 0 0 0 0]	2026-08-15_23-02-29	[0 0 0 0 0 0 0 0 0 0 0 0 1 0 0 0 0 0 0 0 0 0 0 0 0 0 0 0 0 0 0 0 0 0 0 0 0 0 0 0 0 0 0 0 0 0 0 0 0 0 0 0 0 1 0 0 0 0 0 0 0 0 0 1 0 0 0 0 0 0 0 1 0]	2026-08-15_23-02-29	[2]	2026-08-15_23-02-29	[0 1 1 1 0]	2026-08-15_23-02-29	[0 0 0 0 1]	2026-08-15_23-02-29	[0 0 1 0 0 1 0 0 0 0 0 0 0 1 0 0 0 0 0 0 0 0 0 0 0 0 0 0 0 0 0 0 0 0 0 1 0 0 0 1 0 0 0 0 0 0 0 0 0 0 0 0 0 0 0 0 0 0 0 0 0 0 0 0 0 0 0 0 0 0 0 0 0]	2026-08-15_23-02-29	[0 0 0 0 0 0 0 0 0 0 0 0 1 0 0 0 1 0 0 0 0 0 0 0 0 0 0 0 0 0 0 0 0 0 0 0 0 0 0 0 0 0 0 0 0 0 0 0 0 0 0 0 0 1 0 0 0 0 0 0 0 0 0 1 0 0 0 0 0 0 0 1 0]	2026-08-15_23-02-29	[2]	2026-08-15_23-02-29
4	2026-08-15_23-02-29	-0.8999999761581421	2026-08-15_23-02-29	10.87853717803955	2026-08-15_23-02-29	1.6382052898406982	2026-08-15_23-02-29	1.575555682182312	2026-08-15_23-02-29	3.9103074073791504	2026-08-15_23-02-29	3.7544689178466797	2026-08-15_23-02-29	True	2026-08-15_23-02-29	[0 1 1 1 0]	2026-08-15_23-02-29	[0 0 0 0 1]	2026-08-15_23-02-29	[0 0 1 0 0 1 0 0 0 0 0 0 0 1 0 0 0 0 0 0 0 0 0 0 0 0 0 0 0 0 0 0 0 0 0 1 0 0 0 1 0 0 0 0 0 0 0 0 0 0 0 0 0 0 0 0 0 0 0 0 0 0 0 0 0 0 0 0 0 0 0 0 0]	2026-08-15_23-02-29	[0 0 0 0 0 0 0 0 0 0 0 0 1 0 0 0 1 0 0 0 0 0 0 0 0 0 0 0 0 0 0 0 0 0 0 0 0 0 0 0 0 0 0 0 0 0 0 0 0 0 0 0 0 1 0 0 0 0 0 0 0 0 0 1 0 0 0 0 0 0 0 1 0]	2026-08-15_23-02-29	[2]	2026-08-15_23-02-29	[0 1 1 0 0]	2026-08-15_23-02-29	[0 0 0 0 0]	2026-08-15_23-02-29	[0 0 1 0 0 1 0 0 0 0 0 0 0 1 0 0 0 0 0 0 0 0 0 0 0 0 0 0 0 0 0 1 0 0 0 1 0 0 0 1 0 0 0 0 0 0 0 0 0 0 0 0 0 0 0 0 0 0 0 0 0 0 0 0 0 0 0 0 0 0 0 0 0]	2026-08-15_23-02-29	[0 0 0 0 0 0 0 0 0 0 0 0 1 0 0 0 0 0 0 0 0 0 0 0 0 0 0 0 0 0 0 0 0 0 0 0 0 0 0 0 0 0 0 0 0 0 0 0 0 0 0 0 0 1 0 0 0 0 0 0 0 0 0 1 0 0 0 0 0 0 0 1 0]	2026-08-15_23-02-29	[2]	2026-08-15_23-02-29
4	2026-08-15_23-02-29	-0.8999999761581421	2026-08-15_23-02-29	10.968400955200195	2026-08-15_23-02-29	1.6366052627563477	2026-08-15_23-02-29	1.5776751041412354	2026-08-15_23-02-29	3.931354522705078	2026-08-15_23-02-29	3.8227663040161133	2026-08-15_23-02-29	True	2026-08-15_23-02-29	[0 1 1 0 0]	2026-08-15_23-02-29	[0 0 0 0 0]	2026-08-15_23-02-29	[0 0 1 0 0 1 0 0 0 0 0 0 0 1 0 0 0 0 0 0 0 0 0 0 0 0 0 0 0 0 0 1 0 0 0 1 0 0 0 1 0 0 0 0 0 0 0 0 0 0 0 0 0 0 0 0 0 0 0 0 0 0 0 0 0 0 0 0 0 0 0 0 0]	2026-08-15_23-02-29	[0 0 0 0 0 0 0 0 0 0 0 0 1 0 0 0 0 0 0 0 0 0 0 0 0 0 0 0 0 0 0 0 0 0 0 0 0 0 0 0 0 0 0 0 0 0 0 0 0 0 0 0 0 1 0 0 0 0 0 0 0 0 0 1 0 0 0 0 0 0 0 1 0]	2026-08-15_23-02-29	[2]	2026-08-15_23-02-29	[0 1 1 1 0]	2026-08-15_23-02-29	[0 0 0 0 1]	2026-08-15_23-02-29	[0 0 1 0 0 1 0 0 0 0 0 0 0 1 0 0 0 0 0 0 0 0 0 0 0 0 0 0 0 0 0 0 0 0 0 1 0 0 0 1 0 0 0 0 0 0 0 0 0 0 0 0 0 0 0 0 0 0 0 0 0 0 0 0 0 0 0 0 0 0 0 0 0]	2026-08-15_23-02-29	[0 0 0 0 0 0 0 0 0 0 0 0 1 0 0 0 1 0 0 0 0 0 0 0 0 0 0 0 0 0 0 0 0 0 0 0 0 0 0 0 0 0 0 0 0 0 0 0 0 0 0 0 0 1 0 0 0 0 0 0 0 0 0 1 0 0 0 0 0 0 0 1 0]	2026-08-15_23-02-29	[2]	2026-08-15_23-02-29
4	2026-08-15_23-02-29	-0.8999999761581421	2026-08-15_23-02-29	10.94042682647705	2026-08-15_23-02-29	1.6382498741149902	2026-08-15_23-02-29	1.5751978158950806	2026-08-15_23-02-29	3.934964895248413	2026-08-15_23-02-29	3.7920141220092773	2026-08-15_23-02-29	True	2026-08-15_23-02-29	[0 1 1 1 0]	2026-08-15_23-02-29	[0 0 0 0 1]	2026-08-15_23-02-29	[0 0 1 0 0 1 0 0 0 0 0 0 0 1 0 0 0 0 0 0 0 0 0 0 0 0 0 0 0 0 0 0 0 0 0 1 0 0 0 1 0 0 0 0 0 0 0 0 0 0 0 0 0 0 0 0 0 0 0 0 0 0 0 0 0 0 0 0 0 0 0 0 0]	2026-08-15_23-02-29	[0 0 0 0 0 0 0 0 0 0 0 0 1 0 0 0 1 0 0 0 0 0 0 0 0 0 0 0 0 0 0 0 0 0 0 0 0 0 0 0 0 0 0 0 0 0 0 0 0 0 0 0 0 1 0 0 0 0 0 0 0 0 0 1 0 0 0 0 0 0 0 1 0]	2026-08-15_23-02-29	[2]	2026-08-15_23-02-29	[0 1 1 0 0]	2026-08-15_23-02-29	[0 0 0 0 0]	2026-08-15_23-02-29	[0 0 1 0 0 1 0 0 0 0 0 0 0 1 0 0 0 0 0 0 0 0 0 0 0 0 0 0 0 0 0 1 0 0 0 1 0 0 0 1 0 0 0 0 0 0 0 0 0 0 0 0 0 0 0 0 0 0 0 0 0 0 0 0 0 0 0 0 0 0 0 0 0]	2026-08-15_23-02-29	[0 0 0 0 0 0 0 0 0 0 0 0 1 0 0 0 0 0 0 0 0 0 0 0 0 0 0 0 0 0 0 0 0 0 0 0 0 0 0 0 0 0 0 0 0 0 0 0 0 0 0 0 0 1 0 0 0 0 0 0 0 0 0 1 0 0 0 0 0 0 0 1 0]	2026-08-15_23-02-29	[2]	2026-08-15_23-02-29
4	2026-08-15_23-02-29	-0.8999999761581421	2026-08-15_23-02-29	10.932130813598633	2026-08-15_23-02-29	1.6359193325042725	2026-08-15_23-02-29	1.576011300086975	2026-08-15_23-02-29	3.914475440979004	2026-08-15_23-02-29	3.805724620819092	2026-08-15_23-02-29	True	2026-08-15_23-02-29	[0 1 1 0 0]	2026-08-15_23-02-29	[0 0 0 0 0]	2026-08-15_23-02-29	[0 0 1 0 0 1 0 0 0 0 0 0 0 1 0 0 0 0 0 0 0 0 0 0 0 0 0 0 0 0 0 1 0 0 0 1 0 0 0 1 0 0 0 0 0 0 0 0 0 0 0 0 0 0 0 0 0 0 0 0 0 0 0 0 0 0 0 0 0 0 0 0 0]	2026-08-15_23-02-29	[0 0 0 0 0 0 0 0 0 0 0 0 1 0 0 0 0 0 0 0 0 0 0 0 0 0 0 0 0 0 0 0 0 0 0 0 0 0 0 0 0 0 0 0 0 0 0 0 0 0 0 0 0 1 0 0 0 0 0 0 0 0 0 1 0 0 0 0 0 0 0 1 0]	2026-08-15_23-02-29	[2]	2026-08-15_23-02-29	[0 1 1 1 0]	2026-08-15_23-02-29	[0 0 0 0 1]	2026-08-15_23-02-29	[0 0 1 0 0 1 0 0 0 0 0 0 0 1 0 0 0 0 0 0 0 0 0 0 0 0 0 0 0 0 0 0 0 0 0 1 0 0 0 1 0 0 0 0 0 0 0 0 0 0 0 0 0 0 0 0 0 0 0 0 0 0 0 0 0 0 0 0 0 0 0 0 0]	2026-08-15_23-02-29	[0 0 0 0 0 0 0 0 0 0 0 0 1 0 0 0 1 0 0 0 0 0 0 0 0 0 0 0 0 0 0 0 0 0 0 0 0 0 0 0 0 0 0 0 0 0 0 0 0 0 0 0 0 1 0 0 0 0 0 0 0 0 0 1 0 0 0 0 0 0 0 1 0]	2026-08-15_23-02-29	[2]	2026-08-15_23-02-29
4	2026-08-15_23-02-29	-0.8999999761581421	2026-08-15_23-02-29	10.931827545166016	2026-08-15_23-02-29	1.637164831161499	2026-08-15_23-02-29	1.5787708759307861	2026-08-15_23-02-29	3.929706573486328	2026-08-15_23-02-29	3.7861857414245605	2026-08-15_23-02-29	True	2026-08-15_23-02-29	[0 1 1 1 0]	2026-08-15_23-02-29	[0 0 0 0 1]	2026-08-15_23-02-29	[0 0 1 0 0 1 0 0 0 0 0 0 0 1 0 0 0 0 0 0 0 0 0 0 0 0 0 0 0 0 0 0 0 0 0 1 0 0 0 1 0 0 0 0 0 0 0 0 0 0 0 0 0 0 0 0 0 0 0 0 0 0 0 0 0 0 0 0 0 0 0 0 0]	2026-08-15_23-02-29	[0 0 0 0 0 0 0 0 0 0 0 0 1 0 0 0 1 0 0 0 0 0 0 0 0 0 0 0 0 0 0 0 0 0 0 0 0 0 0 0 0 0 0 0 0 0 0 0 0 0 0 0 0 1 0 0 0 0 0 0 0 0 0 1 0 0 0 0 0 0 0 1 0]	2026-08-15_23-02-29	[2]	2026-08-15_23-02-29	[0 1 1 0 0]	2026-08-15_23-02-29	[0 0 0 0 0]	2026-08-15_23-02-29	[0 0 1 0 0 1 0 0 0 0 0 0 0 1 0 0 0 0 0 0 0 0 0 0 0 0 0 0 0 0 0 1 0 0 0 1 0 0 0 1 0 0 0 0 0 0 0 0 0 0 0 0 0 0 0 0 0 0 0 0 0 0 0 0 0 0 0 0 0 0 0 0 0]	2026-08-15_23-02-29	[0 0 0 0 0 0 0 0 0 0 0 0 1 0 0 0 0 0 0 0 0 0 0 0 0 0 0 0 0 0 0 0 0 0 0 0 0 0 0 0 0 0 0 0 0 0 0 0 0 0 0 0 0 1 0 0 0 0 0 0 0 0 0 1 0 0 0 0 0 0 0 1 0]	2026-08-15_23-02-29	[2]	2026-08-15_23-02-29
4	2026-08-15_23-02-29	-0.8999999761581421	2026-08-15_23-02-29	10.991714477539062	2026-08-15_23-02-29	1.636151671409607	2026-08-15_23-02-29	1.5691691637039185	2026-08-15_23-02-29	3.942195177078247	2026-08-15_23-02-29	3.844198703765869	2026-08-15_23-02-29	True	2026-08-15_23-02-29	[0 1 1 0 0]	2026-08-15_23-02-29	[0 0 0 0 0]	2026-08-15_23-02-29	[0 0 1 0 0 1 0 0 0 0 0 0 0 1 0 0 0 0 0 0 0 0 0 0 0 0 0 0 0 0 0 1 0 0 0 1 0 0 0 1 0 0 0 0 0 0 0 0 0 0 0 0 0 0 0 0 0 0 0 0 0 0 0 0 0 0 0 0 0 0 0 0 0]	2026-08-15_23-02-29	[0 0 0 0 0 0 0 0 0 0 0 0 1 0 0 0 0 0 0 0 0 0 0 0 0 0 0 0 0 0 0 0 0 0 0 0 0 0 0 0 0 0 0 0 0 0 0 0 0 0 0 0 0 1 0 0 0 0 0 0 0 0 0 1 0 0 0 0 0 0 0 1 0]	2026-08-15_23-02-29	[2]	2026-08-15_23-02-29	[0 1 1 1 0]	2026-08-15_23-02-29	[0 0 0 0 1]	2026-08-15_23-02-29	[0 0 1 0 0 1 0 0 0 0 0 0 0 1 0 0 0 0 0 0 0 0 0 0 0 0 0 0 0 0 0 0 0 0 0 1 0 0 0 1 0 0 0 0 0 0 0 0 0 0 0 0 0 0 0 0 0 0 0 0 0 0 0 0 0 0 0 0 0 0 0 0 0]	2026-08-15_23-02-29	[0 0 0 0 0 0 0 0 0 0 0 0 1 0 0 0 1 0 0 0 0 0 0 0 0 0 0 0 0 0 0 0 0 0 0 0 0 0 0 0 0 0 0 0 0 0 0 0 0 0 0 0 0 1 0 0 0 0 0 0 0 0 0 1 0 0 0 0 0 0 0 1 0]	2026-08-15_23-02-29	[2]	2026-08-15_23-02-29
4	2026-08-15_23-02-29	-0.8999999761581421	2026-08-15_23-02-29	10.931923866271973	2026-08-15_23-02-29	1.6394420862197876	2026-08-15_23-02-29	1.584519386291504	2026-08-15_23-02-29	3.924976348876953	2026-08-15_23-02-29	3.7829864025115967	2026-08-15_23-02-29	True	2026-08-15_23-02-29	[0 1 1 1 0]	2026-08-15_23-02-29	[0 0 0 0 1]	2026-08-15_23-02-29	[0 0 1 0 0 1 0 0 0 0 0 0 0 1 0 0 0 0 0 0 0 0 0 0 0 0 0 0 0 0 0 0 0 0 0 1 0 0 0 1 0 0 0 0 0 0 0 0 0 0 0 0 0 0 0 0 0 0 0 0 0 0 0 0 0 0 0 0 0 0 0 0 0]	2026-08-15_23-02-29	[0 0 0 0 0 0 0 0 0 0 0 0 1 0 0 0 1 0 0 0 0 0 0 0 0 0 0 0 0 0 0 0 0 0 0 0 0 0 0 0 0 0 0 0 0 0 0 0 0 0 0 0 0 1 0 0 0 0 0 0 0 0 0 1 0 0 0 0 0 0 0 1 0]	2026-08-15_23-02-29	[2]	2026-08-15_23-02-29	[0 1 1 0 0]	2026-08-15_23-02-29	[0 0 0 0 0]	2026-08-15_23-02-29	[0 0 1 0 0 1 0 0 0 0 0 0 0 1 0 0 0 0 0 0 0 0 0 0 0 0 0 0 0 0 0 1 0 0 0 1 0 0 0 1 0 0 0 0 0 0 0 0 0 0 0 0 0 0 0 0 0 0 0 0 0 0 0 0 0 0 0 0 0 0 0 0 0]	2026-08-15_23-02-29	[0 0 0 0 0 0 0 0 0 0 0 0 1 0 0 0 0 0 0 0 0 0 0 0 0 0 0 0 0 0 0 0 0 0 0 0 0 0 0 0 0 0 0 0 0 0 0 0 0 0 0 0 0 1 0 0 0 0 0 0 0 0 0 1 0 0 0 0 0 0 0 1 0]	2026-08-15_23-02-29	[2]	2026-08-15_23-02-29
4	2026-08-15_23-02-29	-0.8999999761581421	2026-08-15_23-02-29	10.976253509521484	2026-08-15_23-02-29	1.635388731956482	2026-08-15_23-02-29	1.5757497549057007	2026-08-15_23-02-29	3.932612895965576	2026-08-15_23-02-29	3.832502841949463	2026-08-15_23-02-29	True	2026-08-15_23-02-29	[0 1 1 0 0]	2026-08-15_23-02-29	[0 0 0 0 0]	2026-08-15_23-02-29	[0 0 1 0 0 1 0 0 0 0 0 0 0 1 0 0 0 0 0 0 0 0 0 0 0 0 0 0 0 0 0 1 0 0 0 1 0 0 0 1 0 0 0 0 0 0 0 0 0 0 0 0 0 0 0 0 0 0 0 0 0 0 0 0 0 0 0 0 0 0 0 0 0]	2026-08-15_23-02-29	[0 0 0 0 0 0 0 0 0 0 0 0 1 0 0 0 0 0 0 0 0 0 0 0 0 0 0 0 0 0 0 0 0 0 0 0 0 0 0 0 0 0 0 0 0 0 0 0 0 0 0 0 0 1 0 0 0 0 0 0 0 0 0 1 0 0 0 0 0 0 0 1 0]	2026-08-15_23-02-29	[2]	2026-08-15_23-02-29	[0 1 1 1 0]	2026-08-15_23-02-29	[0 0 0 0 1]	2026-08-15_23-02-29	[0 0 1 0 0 1 0 0 0 0 0 0 0 1 0 0 0 0 0 0 0 0 0 0 0 0 0 0 0 0 0 0 0 0 0 1 0 0 0 1 0 0 0 0 0 0 0 0 0 0 0 0 0 0 0 0 0 0 0 0 0 0 0 0 0 0 0 0 0 0 0 0 0]	2026-08-15_23-02-29	[0 0 0 0 0 0 0 0 0 0 0 0 1 0 0 0 1 0 0 0 0 0 0 0 0 0 0 0 0 0 0 0 0 0 0 0 0 0 0 0 0 0 0 0 0 0 0 0 0 0 0 0 0 1 0 0 0 0 0 0 0 0 0 1 0 0 0 0 0 0 0 1 0]	2026-08-15_23-02-29	[2]	2026-08-15_23-02-29
4	2026-08-15_23-02-29	-0.8999999761581421	2026-08-15_23-02-29	10.903151512145996	2026-08-15_23-02-29	1.6390663385391235	2026-08-15_23-02-29	1.5773566961288452	2026-08-15_23-02-29	3.9253697395324707	2026-08-15_23-02-29	3.7613587379455566	2026-08-15_23-02-29	True	2026-08-15_23-02-29	[0 1 1 1 0]	2026-08-15_23-02-29	[0 0 0 0 1]	2026-08-15_23-02-29	[0 0 1 0 0 1 0 0 0 0 0 0 0 1 0 0 0 0 0 0 0 0 0 0 0 0 0 0 0 0 0 0 0 0 0 1 0 0 0 1 0 0 0 0 0 0 0 0 0 0 0 0 0 0 0 0 0 0 0 0 0 0 0 0 0 0 0 0 0 0 0 0 0]	2026-08-15_23-02-29	[0 0 0 0 0 0 0 0 0 0 0 0 1 0 0 0 1 0 0 0 0 0 0 0 0 0 0 0 0 0 0 0 0 0 0 0 0 0 0 0 0 0 0 0 0 0 0 0 0 0 0 0 0 1 0 0 0 0 0 0 0 0 0 1 0 0 0 0 0 0 0 1 0]	2026-08-15_23-02-29	[2]	2026-08-15_23-02-29	[0 1 1 0 0]	2026-08-15_23-02-29	[0 0 0 0 0]	2026-08-15_23-02-29	[0 0 1 0 0 1 0 0 0 0 0 0 0 1 0 0 0 0 0 0 0 0 0 0 0 0 0 0 0 0 0 1 0 0 0 1 0 0 0 1 0 0 0 0 0 0 0 0 0 0 0 0 0 0 0 0 0 0 0 0 0 0 0 0 0 0 0 0 0 0 0 0 0]	2026-08-15_23-02-29	[0 0 0 0 0 0 0 0 0 0 0 0 1 0 0 0 0 0 0 0 0 0 0 0 0 0 0 0 0 0 0 0 0 0 0 0 0 0 0 0 0 0 0 0 0 0 0 0 0 0 0 0 0 1 0 0 0 0 0 0 0 0 0 1 0 0 0 0 0 0 0 1 0]	2026-08-15_23-02-29	[2]	2026-08-15_23-02-29
4	2026-08-15_23-02-29	-0.8999999761581421	2026-08-15_23-02-29	10.981014251708984	2026-08-15_23-02-29	1.6353070735931396	2026-08-15_23-02-29	1.5658459663391113	2026-08-15_23-02-29	3.9415903091430664	2026-08-15_23-02-29	3.838270664215088	2026-08-15_23-02-29	True	2026-08-15_23-02-29	[0 1 1 0 0]	2026-08-15_23-02-29	[0 0 0 0 0]	2026-08-15_23-02-29	[0 0 1 0 0 1 0 0 0 0 0 0 0 1 0 0 0 0 0 0 0 0 0 0 0 0 0 0 0 0 0 1 0 0 0 1 0 0 0 1 0 0 0 0 0 0 0 0 0 0 0 0 0 0 0 0 0 0 0 0 0 0 0 0 0 0 0 0 0 0 0 0 0]	2026-08-15_23-02-29	[0 0 0 0 0 0 0 0 0 0 0 0 1 0 0 0 0 0 0 0 0 0 0 0 0 0 0 0 0 0 0 0 0 0 0 0 0 0 0 0 0 0 0 0 0 0 0 0 0 0 0 0 0 1 0 0 0 0 0 0 0 0 0 1 0 0 0 0 0 0 0 1 0]	2026-08-15_23-02-29	[2]	2026-08-15_23-02-29	[0 1 1 1 0]	2026-08-15_23-02-29	[0 0 0 0 1]	2026-08-15_23-02-29	[0 0 1 0 0 1 0 0 0 0 0 0 0 1 0 0 0 0 0 0 0 0 0 0 0 0 0 0 0 0 0 0 0 0 0 1 0 0 0 1 0 0 0 0 0 0 0 0 0 0 0 0 0 0 0 0 0 0 0 0 0 0 0 0 0 0 0 0 0 0 0 0 0]	2026-08-15_23-02-29	[0 0 0 0 0 0 0 0 0 0 0 0 1 0 0 0 1 0 0 0 0 0 0 0 0 0 0 0 0 0 0 0 0 0 0 0 0 0 0 0 0 0 0 0 0 0 0 0 0 0 0 0 0 1 0 0 0 0 0 0 0 0 0 1 0 0 0 0 0 0 0 1 0]	2026-08-15_23-02-29	[2]	2026-08-15_23-02-29
4	2026-08-15_23-02-29	-0.8999999761581421	2026-08-15_23-02-29	10.915336608886719	2026-08-15_23-02-29	1.637935996055603	2026-08-15_23-02-29	1.5769490003585815	2026-08-15_23-02-29	3.924445629119873	2026-08-15_23-02-29	3.776005744934082	2026-08-15_23-02-29	True	2026-08-15_23-02-29	[0 1 1 1 0]	2026-08-15_23-02-29	[0 0 0 0 1]	2026-08-15_23-02-29	[0 0 1 0 0 1 0 0 0 0 0 0 0 1 0 0 0 0 0 0 0 0 0 0 0 0 0 0 0 0 0 0 0 0 0 1 0 0 0 1 0 0 0 0 0 0 0 0 0 0 0 0 0 0 0 0 0 0 0 0 0 0 0 0 0 0 0 0 0 0 0 0 0]	2026-08-15_23-02-29	[0 0 0 0 0 0 0 0 0 0 0 0 1 0 0 0 1 0 0 0 0 0 0 0 0 0 0 0 0 0 0 0 0 0 0 0 0 0 0 0 0 0 0 0 0 0 0 0 0 0 0 0 0 1 0 0 0 0 0 0 0 0 0 1 0 0 0 0 0 0 0 1 0]	2026-08-15_23-02-29	[2]	2026-08-15_23-02-29	[0 1 1 0 0]	2026-08-15_23-02-29	[0 0 0 0 0]	2026-08-15_23-02-29	[0 0 1 0 0 1 0 0 0 0 0 0 0 1 0 0 0 0 0 0 0 0 0 0 0 0 0 0 0 0 0 1 0 0 0 1 0 0 0 1 0 0 0 0 0 0 0 0 0 0 0 0 0 0 0 0 0 0 0 0 0 0 0 0 0 0 0 0 0 0 0 0 0]	2026-08-15_23-02-29	[0 0 0 0 0 0 0 0 0 0 0 0 1 0 0 0 0 0 0 0 0 0 0 0 0 0 0 0 0 0 0 0 0 0 0 0 0 0 0 0 0 0 0 0 0 0 0 0 0 0 0 0 0 1 0 0 0 0 0 0 0 0 0 1 0 0 0 0 0 0 0 1 0]	2026-08-15_23-02-29	[2]	2026-08-15_23-02-29
4	2026-08-15_23-02-29	-0.8999999761581421	2026-08-15_23-02-29	11.032569885253906	2026-08-15_23-02-29	1.6382731199264526	2026-08-15_23-02-29	1.569004774093628	2026-08-15_23-02-29	3.9630022048950195	2026-08-15_23-02-29	3.8622896671295166	2026-08-15_23-02-29	True	2026-08-15_23-02-29	[0 1 1 0 0]	2026-08-15_23-02-29	[0 0 0 0 0]	2026-08-15_23-02-29	[0 0 1 0 0 1 0 0 0 0 0 0 0 1 0 0 0 0 0 0 0 0 0 0 0 0 0 0 0 0 0 1 0 0 0 1 0 0 0 1 0 0 0 0 0 0 0 0 0 0 0 0 0 0 0 0 0 0 0 0 0 0 0 0 0 0 0 0 0 0 0 0 0]	2026-08-15_23-02-29	[0 0 0 0 0 0 0 0 0 0 0 0 1 0 0 0 0 0 0 0 0 0 0 0 0 0 0 0 0 0 0 0 0 0 0 0 0 0 0 0 0 0 0 0 0 0 0 0 0 0 0 0 0 1 0 0 0 0 0 0 0 0 0 1 0 0 0 0 0 0 0 1 0]	2026-08-15_23-02-29	[2]	2026-08-15_23-02-29	[0 1 1 1 0]	2026-08-15_23-02-29	[0 0 0 0 1]	2026-08-15_23-02-29	[0 0 1 0 0 1 0 0 0 0 0 0 0 1 0 0 0 0 0 0 0 0 0 0 0 0 0 0 0 0 0 0 0 0 0 1 0 0 0 1 0 0 0 0 0 0 0 0 0 0 0 0 0 0 0 0 0 0 0 0 0 0 0 0 0 0 0 0 0 0 0 0 0]	2026-08-15_23-02-29	[0 0 0 0 0 0 0 0 0 0 0 0 1 0 0 0 1 0 0 0 0 0 0 0 0 0 0 0 0 0 0 0 0 0 0 0 0 0 0 0 0 0 0 0 0 0 0 0 0 0 0 0 0 1 0 0 0 0 0 0 0 0 0 1 0 0 0 0 0 0 0 1 0]	2026-08-15_23-02-29	[2]	2026-08-15_23-02-29
4	2026-08-15_23-02-29	-0.8999999761581421	2026-08-15_23-02-29	10.895003318786621	2026-08-15_23-02-29	1.637342929840088	2026-08-15_23-02-29	1.579817533493042	2026-08-15_23-02-29	3.9149906635284424	2026-08-15_23-02-29	3.7628519535064697	2026-08-15_23-02-29	True	2026-08-15_23-02-29	[0 1 1 1 0]	2026-08-15_23-02-29	[0 0 0 0 1]	2026-08-15_23-02-29	[0 0 1 0 0 1 0 0 0 0 0 0 0 1 0 0 0 0 0 0 0 0 0 0 0 0 0 0 0 0 0 0 0 0 0 1 0 0 0 1 0 0 0 0 0 0 0 0 0 0 0 0 0 0 0 0 0 0 0 0 0 0 0 0 0 0 0 0 0 0 0 0 0]	2026-08-15_23-02-29	[0 0 0 0 0 0 0 0 0 0 0 0 1 0 0 0 1 0 0 0 0 0 0 0 0 0 0 0 0 0 0 0 0 0 0 0 0 0 0 0 0 0 0 0 0 0 0 0 0 0 0 0 0 1 0 0 0 0 0 0 0 0 0 1 0 0 0 0 0 0 0 1 0]	2026-08-15_23-02-29	[2]	2026-08-15_23-02-29	[0 1 1 0 0]	2026-08-15_23-02-29	[0 0 0 0 0]	2026-08-15_23-02-29	[0 0 1 0 0 1 0 0 0 0 0 0 0 1 0 0 0 0 0 0 0 0 0 0 0 0 0 0 0 0 0 1 0 0 0 1 0 0 0 1 0 0 0 0 0 0 0 0 0 0 0 0 0 0 0 0 0 0 0 0 0 0 0 0 0 0 0 0 0 0 0 0 0]	2026-08-15_23-02-29	[0 0 0 0 0 0 0 0 0 0 0 0 1 0 0 0 0 0 0 0 0 0 0 0 0 0 0 0 0 0 0 0 0 0 0 0 0 0 0 0 0 0 0 0 0 0 0 0 0 0 0 0 0 1 0 0 0 0 0 0 0 0 0 1 0 0 0 0 0 0 0 1 0]	2026-08-15_23-02-29	[2]	2026-08-15_23-02-29
4	2026-08-15_23-02-29	-0.8999999761581421	2026-08-15_23-02-29	10.979927062988281	2026-08-15_23-02-29	1.6359033584594727	2026-08-15_23-02-29	1.576392412185669	2026-08-15_23-02-29	3.936039686203003	2026-08-15_23-02-29	3.8315913677215576	2026-08-15_23-02-29	True	2026-08-15_23-02-29	[0 1 1 0 0]	2026-08-15_23-02-29	[0 0 0 0 0]	2026-08-15_23-02-29	[0 0 1 0 0 1 0 0 0 0 0 0 0 1 0 0 0 0 0 0 0 0 0 0 0 0 0 0 0 0 0 1 0 0 0 1 0 0 0 1 0 0 0 0 0 0 0 0 0 0 0 0 0 0 0 0 0 0 0 0 0 0 0 0 0 0 0 0 0 0 0 0 0]	2026-08-15_23-02-29	[0 0 0 0 0 0 0 0 0 0 0 0 1 0 0 0 0 0 0 0 0 0 0 0 0 0 0 0 0 0 0 0 0 0 0 0 0 0 0 0 0 0 0 0 0 0 0 0 0 0 0 0 0 1 0 0 0 0 0 0 0 0 0 1 0 0 0 0 0 0 0 1 0]	2026-08-15_23-02-29	[2]	2026-08-15_23-02-29	[0 1 1 1 0]	2026-08-15_23-02-29	[0 0 0 0 1]	2026-08-15_23-02-29	[0 0 1 0 0 1 0 0 0 0 0 0 0 1 0 0 0 0 0 0 0 0 0 0 0 0 0 0 0 0 0 0 0 0 0 1 0 0 0 1 0 0 0 0 0 0 0 0 0 0 0 0 0 0 0 0 0 0 0 0 0 0 0 0 0 0 0 0 0 0 0 0 0]	2026-08-15_23-02-29	[0 0 0 0 0 0 0 0 0 0 0 0 1 0 0 0 1 0 0 0 0 0 0 0 0 0 0 0 0 0 0 0 0 0 0 0 0 0 0 0 0 0 0 0 0 0 0 0 0 0 0 0 0 1 0 0 0 0 0 0 0 0 0 1 0 0 0 0 0 0 0 1 0]	2026-08-15_23-02-29	[2]	2026-08-15_23-02-29
4	2026-08-15_23-02-29	-0.8999999761581421	2026-08-15_23-02-29	10.912160873413086	2026-08-15_23-02-29	1.638211965560913	2026-08-15_23-02-29	1.5769997835159302	2026-08-15_23-02-29	3.9232096672058105	2026-08-15_23-02-29	3.773739814758301	2026-08-15_23-02-29	True	2026-08-15_23-02-29	[0 1 1 1 0]	2026-08-15_23-02-29	[0 0 0 0 1]	2026-08-15_23-02-29	[0 0 1 0 0 1 0 0 0 0 0 0 0 1 0 0 0 0 0 0 0 0 0 0 0 0 0 0 0 0 0 0 0 0 0 1 0 0 0 1 0 0 0 0 0 0 0 0 0 0 0 0 0 0 0 0 0 0 0 0 0 0 0 0 0 0 0 0 0 0 0 0 0]	2026-08-15_23-02-29	[0 0 0 0 0 0 0 0 0 0 0 0 1 0 0 0 1 0 0 0 0 0 0 0 0 0 0 0 0 0 0 0 0 0 0 0 0 0 0 0 0 0 0 0 0 0 0 0 0 0 0 0 0 1 0 0 0 0 0 0 0 0 0 1 0 0 0 0 0 0 0 1 0]	2026-08-15_23-02-29	[2]	2026-08-15_23-02-29	[0 1 1 0 0]	2026-08-15_23-02-29	[0 0 0 0 0]	2026-08-15_23-02-29	[0 0 1 0 0 1 0 0 0 0 0 0 0 1 0 0 0 0 0 0 0 0 0 0 0 0 0 0 0 0 0 1 0 0 0 1 0 0 0 1 0 0 0 0 0 0 0 0 0 0 0 0 0 0 0 0 0 0 0 0 0 0 0 0 0 0 0 0 0 0 0 0 0]	2026-08-15_23-02-29	[0 0 0 0 0 0 0 0 0 0 0 0 1 0 0 0 0 0 0 0 0 0 0 0 0 0 0 0 0 0 0 0 0 0 0 0 0 0 0 0 0 0 0 0 0 0 0 0 0 0 0 0 0 1 0 0 0 0 0 0 0 0 0 1 0 0 0 0 0 0 0 1 0]	2026-08-15_23-02-29	[2]	2026-08-15_23-02-29
4	2026-08-15_23-02-29	-0.8999999761581421	2026-08-15_23-02-29	10.996922492980957	2026-08-15_23-02-29	1.6365042924880981	2026-08-15_23-02-29	1.5671063661575317	2026-08-15_23-02-29	3.948306083679199	2026-08-15_23-02-29	3.845005989074707	2026-08-15_23-02-29	True	2026-08-15_23-02-29	[0 1 1 0 0]	2026-08-15_23-02-29	[0 0 0 0 0]	2026-08-15_23-02-29	[0 0 1 0 0 1 0 0 0 0 0 0 0 1 0 0 0 0 0 0 0 0 0 0 0 0 0 0 0 0 0 1 0 0 0 1 0 0 0 1 0 0 0 0 0 0 0 0 0 0 0 0 0 0 0 0 0 0 0 0 0 0 0 0 0 0 0 0 0 0 0 0 0]	2026-08-15_23-02-29	[0 0 0 0 0 0 0 0 0 0 0 0 1 0 0 0 0 0 0 0 0 0 0 0 0 0 0 0 0 0 0 0 0 0 0 0 0 0 0 0 0 0 0 0 0 0 0 0 0 0 0 0 0 1 0 0 0 0 0 0 0 0 0 1 0 0 0 0 0 0 0 1 0]	2026-08-15_23-02-29	[2]	2026-08-15_23-02-29	[0 1 1 1 0]	2026-08-15_23-02-29	[0 0 0 0 1]	2026-08-15_23-02-29	[0 0 1 0 0 1 0 0 0 0 0 0 0 1 0 0 0 0 0 0 0 0 0 0 0 0 0 0 0 0 0 0 0 0 0 1 0 0 0 1 0 0 0 0 0 0 0 0 0 0 0 0 0 0 0 0 0 0 0 0 0 0 0 0 0 0 0 0 0 0 0 0 0]	2026-08-15_23-02-29	[0 0 0 0 0 0 0 0 0 0 0 0 1 0 0 0 1 0 0 0 0 0 0 0 0 0 0 0 0 0 0 0 0 0 0 0 0 0 0 0 0 0 0 0 0 0 0 0 0 0 0 0 0 1 0 0 0 0 0 0 0 0 0 1 0 0 0 0 0 0 0 1 0]	2026-08-15_23-02-29	[2]	2026-08-15_23-02-29
4	2026-08-15_23-02-29	-0.8999999761581421	2026-08-15_23-02-29	10.873403549194336	2026-08-15_23-02-29	1.6375668048858643	2026-08-15_23-02-29	1.5854730606079102	2026-08-15_23-02-29	3.9053072929382324	2026-08-15_23-02-29	3.745055913925171	2026-08-15_23-02-29	True	2026-08-15_23-02-29	[0 1 1 1 0]	2026-08-15_23-02-29	[0 0 0 0 1]	2026-08-15_23-02-29	[0 0 1 0 0 1 0 0 0 0 0 0 0 1 0 0 0 0 0 0 0 0 0 0 0 0 0 0 0 0 0 0 0 0 0 1 0 0 0 1 0 0 0 0 0 0 0 0 0 0 0 0 0 0 0 0 0 0 0 0 0 0 0 0 0 0 0 0 0 0 0 0 0]	2026-08-15_23-02-29	[0 0 0 0 0 0 0 0 0 0 0 0 1 0 0 0 1 0 0 0 0 0 0 0 0 0 0 0 0 0 0 0 0 0 0 0 0 0 0 0 0 0 0 0 0 0 0 0 0 0 0 0 0 1 0 0 0 0 0 0 0 0 0 1 0 0 0 0 0 0 0 1 0]	2026-08-15_23-02-29	[2]	2026-08-15_23-02-29	[0 1 1 0 0]	2026-08-15_23-02-29	[0 0 0 0 0]	2026-08-15_23-02-29	[0 0 1 0 0 1 0 0 0 0 0 0 0 1 0 0 0 0 0 0 0 0 0 0 0 0 0 0 0 0 0 1 0 0 0 1 0 0 0 1 0 0 0 0 0 0 0 0 0 0 0 0 0 0 0 0 0 0 0 0 0 0 0 0 0 0 0 0 0 0 0 0 0]	2026-08-15_23-02-29	[0 0 0 0 0 0 0 0 0 0 0 0 1 0 0 0 0 0 0 0 0 0 0 0 0 0 0 0 0 0 0 0 0 0 0 0 0 0 0 0 0 0 0 0 0 0 0 0 0 0 0 0 0 1 0 0 0 0 0 0 0 0 0 1 0 0 0 0 0 0 0 1 0]	2026-08-15_23-02-29	[2]	2026-08-15_23-02-29
4	2026-08-15_23-02-29	-0.8999999761581421	2026-08-15_23-02-29	10.996612548828125	2026-08-15_23-02-29	1.6377828121185303	2026-08-15_23-02-29	1.5795296430587769	2026-08-15_23-02-29	3.935598134994507	2026-08-15_23-02-29	3.8437018394470215	2026-08-15_23-02-29	True	2026-08-15_23-02-29	[0 1 1 0 0]	2026-08-15_23-02-29	[0 0 0 0 0]	2026-08-15_23-02-29	[0 0 1 0 0 1 0 0 0 0 0 0 0 1 0 0 0 0 0 0 0 0 0 0 0 0 0 0 0 0 0 1 0 0 0 1 0 0 0 1 0 0 0 0 0 0 0 0 0 0 0 0 0 0 0 0 0 0 0 0 0 0 0 0 0 0 0 0 0 0 0 0 0]	2026-08-15_23-02-29	[0 0 0 0 0 0 0 0 0 0 0 0 1 0 0 0 0 0 0 0 0 0 0 0 0 0 0 0 0 0 0 0 0 0 0 0 0 0 0 0 0 0 0 0 0 0 0 0 0 0 0 0 0 1 0 0 0 0 0 0 0 0 0 1 0 0 0 0 0 0 0 1 0]	2026-08-15_23-02-29	[2]	2026-08-15_23-02-29	[0 1 1 1 0]	2026-08-15_23-02-29	[0 0 0 0 1]	2026-08-15_23-02-29	[0 0 1 0 0 1 0 0 0 0 0 0 0 1 0 0 0 0 0 0 0 0 0 0 0 0 0 0 0 0 0 0 0 0 0 1 0 0 0 1 0 0 0 0 0 0 0 0 0 0 0 0 0 0 0 0 0 0 0 0 0 0 0 0 0 0 0 0 0 0 0 0 0]	2026-08-15_23-02-29	[0 0 0 0 0 0 0 0 0 0 0 0 1 0 0 0 1 0 0 0 0 0 0 0 0 0 0 0 0 0 0 0 0 0 0 0 0 0 0 0 0 0 0 0 0 0 0 0 0 0 0 0 0 1 0 0 0 0 0 0 0 0 0 1 0 0 0 0 0 0 0 1 0]	2026-08-15_23-02-29	[2]	2026-08-15_23-02-29
4	2026-08-15_23-02-29	-0.8999999761581421	2026-08-15_23-02-29	10.852276802062988	2026-08-15_23-02-29	1.6380733251571655	2026-08-15_23-02-29	1.574599266052246	2026-08-15_23-02-29	3.8979921340942383	2026-08-15_23-02-29	3.7416117191314697	2026-08-15_23-02-29	True	2026-08-15_23-02-29	[0 1 1 1 0]	2026-08-15_23-02-29	[0 0 0 0 1]	2026-08-15_23-02-29	[0 0 1 0 0 1 0 0 0 0 0 0 0 1 0 0 0 0 0 0 0 0 0 0 0 0 0 0 0 0 0 0 0 0 0 1 0 0 0 1 0 0 0 0 0 0 0 0 0 0 0 0 0 0 0 0 0 0 0 0 0 0 0 0 0 0 0 0 0 0 0 0 0]	2026-08-15_23-02-29	[0 0 0 0 0 0 0 0 0 0 0 0 1 0 0 0 1 0 0 0 0 0 0 0 0 0 0 0 0 0 0 0 0 0 0 0 0 0 0 0 0 0 0 0 0 0 0 0 0 0 0 0 0 1 0 0 0 0 0 0 0 0 0 1 0 0 0 0 0 0 0 1 0]	2026-08-15_23-02-29	[2]	2026-08-15_23-02-29	[0 1 1 0 0]	2026-08-15_23-02-29	[0 0 0 0 0]	2026-08-15_23-02-29	[0 0 1 0 0 1 0 0 0 0 0 0 0 1 0 0 0 0 0 0 0 0 0 0 0 0 0 0 0 0 0 0 0 0 0 1 0 0 0 0 0 0 0 0 0 0 0 0 0 0 0 0 0 0 0 0 0 0 0 0 0 0 0 0 0 0 0 0 0 0 0 0 0]	2026-08-15_23-02-29	[0 0 0 0 0 0 0 0 0 0 0 0 1 0 0 0 0 0 0 0 0 0 0 0 0 0 0 0 0 0 0 0 0 0 0 0 0 0 0 0 0 0 0 0 0 0 0 0 0 0 0 0 0 1 0 0 0 0 0 0 0 0 0 1 0 0 0 0 0 0 0 1 0]	2026-08-15_23-02-29	[2]	2026-08-15_23-02-29
4	2026-08-15_23-02-29	-0.8999999761581421	2026-08-15_23-02-29	10.948060989379883	2026-08-15_23-02-29	1.6384248733520508	2026-08-15_23-02-29	1.5779942274093628	2026-08-15_23-02-29	3.9275565147399902	2026-08-15_23-02-29	3.8040854930877686	2026-08-15_23-02-29	True	2026-08-15_23-02-29	[0 1 1 0 0]	2026-08-15_23-02-29	[0 0 0 0 0]	2026-08-15_23-02-29	[0 0 1 0 0 1 0 0 0 0 0 0 0 1 0 0 0 0 0 0 0 0 0 0 0 0 0 0 0 0 0 0 0 0 0 1 0 0 0 0 0 0 0 0 0 0 0 0 0 0 0 0 0 0 0 0 0 0 0 0 0 0 0 0 0 0 0 0 0 0 0 0 0]	2026-08-15_23-02-29	[0 0 0 0 0 0 0 0 0 0 0 0 1 0 0 0 0 0 0 0 0 0 0 0 0 0 0 0 0 0 0 0 0 0 0 0 0 0 0 0 0 0 0 0 0 0 0 0 0 0 0 0 0 1 0 0 0 0 0 0 0 0 0 1 0 0 0 0 0 0 0 1 0]	2026-08-15_23-02-29	[2]	2026-08-15_23-02-29	[0 1 1 1 0]	2026-08-15_23-02-29	[0 0 0 0 1]	2026-08-15_23-02-29	[0 0 1 0 0 1 0 0 0 0 0 0 0 1 0 0 0 0 0 0 0 0 0 0 0 0 0 0 0 0 0 1 0 0 0 1 0 0 0 0 0 0 0 0 0 0 0 0 0 0 0 0 0 0 0 0 0 0 0 0 0 0 0 0 0 0 0 0 0 0 0 0 0]	2026-08-15_23-02-29	[0 0 0 0 0 0 0 0 0 0 0 0 1 0 0 0 1 0 0 0 0 0 0 0 0 0 0 0 0 0 0 0 0 0 0 0 0 0 0 0 0 0 0 0 0 0 0 0 0 0 0 0 0 1 0 0 0 0 0 0 0 0 0 1 0 0 0 0 0 0 0 1 0]	2026-08-15_23-02-29	[2]	2026-08-15_23-02-29
4	2026-08-15_23-02-29	-0.8999999761581421	2026-08-15_23-02-29	10.870046615600586	2026-08-15_23-02-29	1.6385266780853271	2026-08-15_23-02-29	1.5710011720657349	2026-08-15_23-02-29	3.9098827838897705	2026-08-15_23-02-29	3.7506356239318848	2026-08-15_23-02-29	True	2026-08-15_23-02-29	[0 1 1 1 0]	2026-08-15_23-02-29	[0 0 0 0 1]	2026-08-15_23-02-29	[0 0 1 0 0 1 0 0 0 0 0 0 0 1 0 0 0 0 0 0 0 0 0 0 0 0 0 0 0 0 0 1 0 0 0 1 0 0 0 0 0 0 0 0 0 0 0 0 0 0 0 0 0 0 0 0 0 0 0 0 0 0 0 0 0 0 0 0 0 0 0 0 0]	2026-08-15_23-02-29	[0 0 0 0 0 0 0 0 0 0 0 0 1 0 0 0 1 0 0 0 0 0 0 0 0 0 0 0 0 0 0 0 0 0 0 0 0 0 0 0 0 0 0 0 0 0 0 0 0 0 0 0 0 1 0 0 0 0 0 0 0 0 0 1 0 0 0 0 0 0 0 1 0]	2026-08-15_23-02-29	[2]	2026-08-15_23-02-29	[0 1 1 0 0]	2026-08-15_23-02-29	[0 0 0 0 0]	2026-08-15_23-02-29	[0 0 1 0 0 1 0 0 0 0 0 0 0 1 0 0 0 0 0 0 0 0 0 0 0 0 0 0 0 0 0 0 0 0 0 1 0 0 0 0 0 0 0 0 0 0 0 0 0 0 0 0 0 0 0 0 0 0 0 0 0 0 0 0 0 0 0 0 0 0 0 0 0]	2026-08-15_23-02-29	[0 0 0 0 0 0 0 0 0 0 0 0 1 0 0 0 0 0 0 0 0 0 0 0 0 0 0 0 0 0 0 0 0 0 0 0 0 0 0 0 0 0 0 0 0 0 0 0 0 0 0 0 0 1 0 0 0 0 0 0 0 0 0 1 0 0 0 0 0 0 0 1 0]	2026-08-15_23-02-29	[2]	2026-08-15_23-02-29
4	2026-08-15_23-02-29	-0.8999999761581421	2026-08-15_23-02-29	10.939338684082031	2026-08-15_23-02-29	1.6379982233047485	2026-08-15_23-02-29	1.5717689990997314	2026-08-15_23-02-29	3.9256296157836914	2026-08-15_23-02-29	3.8039417266845703	2026-08-15_23-02-29	True	2026-08-15_23-02-29	[0 1 1 0 0]	2026-08-15_23-02-29	[0 0 0 0 0]	2026-08-15_23-02-29	[0 0 1 0 0 1 0 0 0 0 0 0 0 1 0 0 0 0 0 0 0 0 0 0 0 0 0 0 0 0 0 0 0 0 0 1 0 0 0 0 0 0 0 0 0 0 0 0 0 0 0 0 0 0 0 0 0 0 0 0 0 0 0 0 0 0 0 0 0 0 0 0 0]	2026-08-15_23-02-29	[0 0 0 0 0 0 0 0 0 0 0 0 1 0 0 0 0 0 0 0 0 0 0 0 0 0 0 0 0 0 0 0 0 0 0 0 0 0 0 0 0 0 0 0 0 0 0 0 0 0 0 0 0 1 0 0 0 0 0 0 0 0 0 1 0 0 0 0 0 0 0 1 0]	2026-08-15_23-02-29	[2]	2026-08-15_23-02-29	[0 1 1 1 0]	2026-08-15_23-02-29	[0 0 0 0 1]	2026-08-15_23-02-29	[0 0 1 0 0 1 0 0 0 0 0 0 0 1 0 0 0 0 0 0 0 0 0 0 0 0 0 0 0 0 0 1 0 0 0 1 0 0 0 0 0 0 0 0 0 0 0 0 0 0 0 0 0 0 0 0 0 0 0 0 0 0 0 0 0 0 0 0 0 0 0 0 0]	2026-08-15_23-02-29	[0 0 0 0 0 0 0 0 0 0 0 0 1 0 0 0 1 0 0 0 0 0 0 0 0 0 0 0 0 0 0 0 0 0 0 0 0 0 0 0 0 0 0 0 0 0 0 0 0 0 0 0 0 1 0 0 0 0 0 0 0 0 0 1 0 0 0 0 0 0 0 1 0]	2026-08-15_23-02-29	[2]	2026-08-15_23-02-29
4	2026-08-15_23-02-29	-0.8999999761581421	2026-08-15_23-02-29	10.90617561340332	2026-08-15_23-02-29	1.6373980045318604	2026-08-15_23-02-29	1.5743296146392822	2026-08-15_23-02-29	3.923652172088623	2026-08-15_23-02-29	3.770796060562134	2026-08-15_23-02-29	True	2026-08-15_23-02-29	[0 1 1 1 0]	2026-08-15_23-02-29	[0 0 0 0 1]	2026-08-15_23-02-29	[0 0 1 0 0 1 0 0 0 0 0 0 0 1 0 0 0 0 0 0 0 0 0 0 0 0 0 0 0 0 0 1 0 0 0 1 0 0 0 0 0 0 0 0 0 0 0 0 0 0 0 0 0 0 0 0 0 0 0 0 0 0 0 0 0 0 0 0 0 0 0 0 0]	2026-08-15_23-02-29	[0 0 0 0 0 0 0 0 0 0 0 0 1 0 0 0 1 0 0 0 0 0 0 0 0 0 0 0 0 0 0 0 0 0 0 0 0 0 0 0 0 0 0 0 0 0 0 0 0 0 0 0 0 1 0 0 0 0 0 0 0 0 0 1 0 0 0 0 0 0 0 1 0]	2026-08-15_23-02-29	[2]	2026-08-15_23-02-29	[0 1 1 0 0]	2026-08-15_23-02-29	[0 0 0 0 0]	2026-08-15_23-02-29	[0 0 1 0 0 1 0 0 0 0 0 0 0 1 0 0 0 0 0 0 0 0 0 0 0 0 0 0 0 0 0 0 0 0 0 1 0 0 0 0 0 0 0 0 0 0 0 0 0 0 0 0 0 0 0 0 0 0 0 0 0 0 0 0 0 0 0 0 0 0 0 0 0]	2026-08-15_23-02-29	[0 0 0 0 0 0 0 0 0 0 0 0 1 0 0 0 0 0 0 0 0 0 0 0 0 0 0 0 0 0 0 0 0 0 0 0 0 0 0 0 0 0 0 0 0 0 0 0 0 0 0 0 0 1 0 0 0 0 0 0 0 0 0 1 0 0 0 0 0 0 0 1 0]	2026-08-15_23-02-29	[2]	2026-08-15_23-02-29
4	2026-08-15_23-02-29	-0.8999999761581421	2026-08-15_23-02-29	10.917585372924805	2026-08-15_23-02-29	1.6367030143737793	2026-08-15_23-02-29	1.5700531005859375	2026-08-15_23-02-29	3.9187819957733154	2026-08-15_23-02-29	3.7920479774475098	2026-08-15_23-02-29	True	2026-08-15_23-02-29	[0 1 1 0 0]	2026-08-15_23-02-29	[0 0 0 0 0]	2026-08-15_23-02-29	[0 0 1 0 0 1 0 0 0 0 0 0 0 1 0 0 0 0 0 0 0 0 0 0 0 0 0 0 0 0 0 0 0 0 0 1 0 0 0 0 0 0 0 0 0 0 0 0 0 0 0 0 0 0 0 0 0 0 0 0 0 0 0 0 0 0 0 0 0 0 0 0 0]	2026-08-15_23-02-29	[0 0 0 0 0 0 0 0 0 0 0 0 1 0 0 0 0 0 0 0 0 0 0 0 0 0 0 0 0 0 0 0 0 0 0 0 0 0 0 0 0 0 0 0 0 0 0 0 0 0 0 0 0 1 0 0 0 0 0 0 0 0 0 1 0 0 0 0 0 0 0 1 0]	2026-08-15_23-02-29	[2]	2026-08-15_23-02-29	[0 1 1 1 0]	2026-08-15_23-02-29	[0 0 0 0 1]	2026-08-15_23-02-29	[0 0 1 0 0 1 0 0 0 0 0 0 0 1 0 0 0 0 0 0 0 0 0 0 0 0 0 0 0 0 0 1 0 0 0 1 0 0 0 0 0 0 0 0 0 0 0 0 0 0 0 0 0 0 0 0 0 0 0 0 0 0 0 0 0 0 0 0 0 0 0 0 0]	2026-08-15_23-02-29	[0 0 0 0 0 0 0 0 0 0 0 0 1 0 0 0 1 0 0 0 0 0 0 0 0 0 0 0 0 0 0 0 0 0 0 0 0 0 0 0 0 0 0 0 0 0 0 0 0 0 0 0 0 1 0 0 0 0 0 0 0 0 0 1 0 0 0 0 0 0 0 1 0]	2026-08-15_23-02-29	[2]	2026-08-15_23-02-29
4	2026-08-15_23-02-29	-0.8999999761581421	2026-08-15_23-02-29	10.936511993408203	2026-08-15_23-02-29	1.6380538940429688	2026-08-15_23-02-29	1.5772165060043335	2026-08-15_23-02-29	3.9316208362579346	2026-08-15_23-02-29	3.789620876312256	2026-08-15_23-02-29	True	2026-08-15_23-02-29	[0 1 1 1 0]	2026-08-15_23-02-29	[0 0 0 0 1]	2026-08-15_23-02-29	[0 0 1 0 0 1 0 0 0 0 0 0 0 1 0 0 0 0 0 0 0 0 0 0 0 0 0 0 0 0 0 1 0 0 0 1 0 0 0 0 0 0 0 0 0 0 0 0 0 0 0 0 0 0 0 0 0 0 0 0 0 0 0 0 0 0 0 0 0 0 0 0 0]	2026-08-15_23-02-29	[0 0 0 0 0 0 0 0 0 0 0 0 1 0 0 0 1 0 0 0 0 0 0 0 0 0 0 0 0 0 0 0 0 0 0 0 0 0 0 0 0 0 0 0 0 0 0 0 0 0 0 0 0 1 0 0 0 0 0 0 0 0 0 1 0 0 0 0 0 0 0 1 0]	2026-08-15_23-02-29	[2]	2026-08-15_23-02-29	[0 1 1 0 0]	2026-08-15_23-02-29	[0 0 0 0 0]	2026-08-15_23-02-29	[0 0 1 0 0 1 0 0 0 0 0 0 0 1 0 0 0 0 0 0 0 0 0 0 0 0 0 0 0 0 0 0 0 0 0 1 0 0 0 0 0 0 0 0 0 0 0 0 0 0 0 0 0 0 0 0 0 0 0 0 0 0 0 0 0 0 0 0 0 0 0 0 0]	2026-08-15_23-02-29	[0 0 0 0 0 0 0 0 0 0 0 0 1 0 0 0 0 0 0 0 0 0 0 0 0 0 0 0 0 0 0 0 0 0 0 0 0 0 0 0 0 0 0 0 0 0 0 0 0 0 0 0 0 1 0 0 0 0 0 0 0 0 0 1 0 0 0 0 0 0 0 1 0]	2026-08-15_23-02-29	[2]	2026-08-15_23-02-29
4	2026-08-15_23-02-29	-0.8999999761581421	2026-08-15_23-02-29	10.905853271484375	2026-08-15_23-02-29	1.63499116897583	2026-08-15_23-02-29	1.5734138488769531	2026-08-15_23-02-29	3.9091033935546875	2026-08-15_23-02-29	3.7883448600769043	2026-08-15_23-02-29	True	2026-08-15_23-02-29	[0 1 1 0 0]	2026-08-15_23-02-29	[0 0 0 0 0]	2026-08-15_23-02-29	[0 0 1 0 0 1 0 0 0 0 0 0 0 1 0 0 0 0 0 0 0 0 0 0 0 0 0 0 0 0 0 0 0 0 0 1 0 0 0 0 0 0 0 0 0 0 0 0 0 0 0 0 0 0 0 0 0 0 0 0 0 0 0 0 0 0 0 0 0 0 0 0 0]	2026-08-15_23-02-29	[0 0 0 0 0 0 0 0 0 0 0 0 1 0 0 0 0 0 0 0 0 0 0 0 0 0 0 0 0 0 0 0 0 0 0 0 0 0 0 0 0 0 0 0 0 0 0 0 0 0 0 0 0 1 0 0 0 0 0 0 0 0 0 1 0 0 0 0 0 0 0 1 0]	2026-08-15_23-02-29	[2]	2026-08-15_23-02-29	[0 1 1 1 0]	2026-08-15_23-02-29	[0 0 0 0 1]	2026-08-15_23-02-29	[0 0 1 0 0 1 0 0 0 0 0 0 0 1 0 0 0 0 0 0 0 0 0 0 0 0 0 0 0 0 0 1 0 0 0 1 0 0 0 0 0 0 0 0 0 0 0 0 0 0 0 0 0 0 0 0 0 0 0 0 0 0 0 0 0 0 0 0 0 0 0 0 0]	2026-08-15_23-02-29	[0 0 0 0 0 0 0 0 0 0 0 0 1 0 0 0 1 0 0 0 0 0 0 0 0 0 0 0 0 0 0 0 0 0 0 0 0 0 0 0 0 0 0 0 0 0 0 0 0 0 0 0 0 1 0 0 0 0 0 0 0 0 0 1 0 0 0 0 0 0 0 1 0]	2026-08-15_23-02-29	[2]	2026-08-15_23-02-29
4	2026-08-15_23-02-29	-0.8999999761581421	2026-08-15_23-02-29	10.889080047607422	2026-08-15_23-02-29	1.6364701986312866	2026-08-15_23-02-29	1.5760719776153564	2026-08-15_23-02-29	3.908540964126587	2026-08-15_23-02-29	3.7679970264434814	2026-08-15_23-02-29	True	2026-08-15_23-02-29	[0 1 1 1 0]	2026-08-15_23-02-29	[0 0 0 0 1]	2026-08-15_23-02-29	[0 0 1 0 0 1 0 0 0 0 0 0 0 1 0 0 0 0 0 0 0 0 0 0 0 0 0 0 0 0 0 1 0 0 0 1 0 0 0 0 0 0 0 0 0 0 0 0 0 0 0 0 0 0 0 0 0 0 0 0 0 0 0 0 0 0 0 0 0 0 0 0 0]	2026-08-15_23-02-29	[0 0 0 0 0 0 0 0 0 0 0 0 1 0 0 0 1 0 0 0 0 0 0 0 0 0 0 0 0 0 0 0 0 0 0 0 0 0 0 0 0 0 0 0 0 0 0 0 0 0 0 0 0 1 0 0 0 0 0 0 0 0 0 1 0 0 0 0 0 0 0 1 0]	2026-08-15_23-02-29	[2]	2026-08-15_23-02-29	[0 1 1 0 0]	2026-08-15_23-02-29	[0 0 0 0 0]	2026-08-15_23-02-29	[0 0 1 0 0 1 0 0 0 0 0 0 0 1 0 0 0 0 0 0 0 0 0 0 0 0 0 0 0 0 0 0 0 0 0 1 0 0 0 0 0 0 0 0 0 0 0 0 0 0 0 0 0 0 0 0 0 0 0 0 0 0 0 0 0 0 0 0 0 0 0 0 0]	2026-08-15_23-02-29	[0 0 0 0 0 0 0 0 0 0 0 0 1 0 0 0 0 0 0 0 0 0 0 0 0 0 0 0 0 0 0 0 0 0 0 0 0 0 0 0 0 0 0 0 0 0 0 0 0 0 0 0 0 1 0 0 0 0 0 0 0 0 0 1 0 0 0 0 0 0 0 1 0]	2026-08-15_23-02-29	[2]	2026-08-15_23-02-29
4	2026-08-15_23-02-29	-0.8999999761581421	2026-08-15_23-02-29	10.929262161254883	2026-08-15_23-02-29	1.6368927955627441	2026-08-15_23-02-29	1.5741368532180786	2026-08-15_23-02-29	3.9228780269622803	2026-08-15_23-02-29	3.7953553199768066	2026-08-15_23-02-29	True	2026-08-15_23-02-29	[0 1 1 0 0]	2026-08-15_23-02-29	[0 0 0 0 0]	2026-08-15_23-02-29	[0 0 1 0 0 1 0 0 0 0 0 0 0 1 0 0 0 0 0 0 0 0 0 0 0 0 0 0 0 0 0 0 0 0 0 1 0 0 0 0 0 0 0 0 0 0 0 0 0 0 0 0 0 0 0 0 0 0 0 0 0 0 0 0 0 0 0 0 0 0 0 0 0]	2026-08-15_23-02-29	[0 0 0 0 0 0 0 0 0 0 0 0 1 0 0 0 0 0 0 0 0 0 0 0 0 0 0 0 0 0 0 0 0 0 0 0 0 0 0 0 0 0 0 0 0 0 0 0 0 0 0 0 0 1 0 0 0 0 0 0 0 0 0 1 0 0 0 0 0 0 0 1 0]	2026-08-15_23-02-29	[2]	2026-08-15_23-02-29	[0 1 1 1 0]	2026-08-15_23-02-29	[0 0 0 0 1]	2026-08-15_23-02-29	[0 0 1 0 0 1 0 0 0 0 0 0 0 1 0 0 0 0 0 0 0 0 0 0 0 0 0 0 0 0 0 1 0 0 0 1 0 0 0 0 0 0 0 0 0 0 0 0 0 0 0 0 0 0 0 0 0 0 0 0 0 0 0 0 0 0 0 0 0 0 0 0 0]	2026-08-15_23-02-29	[0 0 0 0 0 0 0 0 0 0 0 0 1 0 0 0 1 0 0 0 0 0 0 0 0 0 0 0 0 0 0 0 0 0 0 0 0 0 0 0 0 0 0 0 0 0 0 0 0 0 0 0 0 1 0 0 0 0 0 0 0 0 0 1 0 0 0 0 0 0 0 1 0]	2026-08-15_23-02-29	[2]	2026-08-15_23-02-29
4	2026-08-15_23-02-29	-0.8999999761581421	2026-08-15_23-02-29	10.913317680358887	2026-08-15_23-02-29	1.6385554075241089	2026-08-15_23-02-29	1.5750787258148193	2026-08-15_23-02-29	3.925586223602295	2026-08-15_23-02-29	3.774097204208374	2026-08-15_23-02-29	True	2026-08-15_23-02-29	[0 1 1 1 0]	2026-08-15_23-02-29	[0 0 0 0 1]	2026-08-15_23-02-29	[0 0 1 0 0 1 0 0 0 0 0 0 0 1 0 0 0 0 0 0 0 0 0 0 0 0 0 0 0 0 0 1 0 0 0 1 0 0 0 0 0 0 0 0 0 0 0 0 0 0 0 0 0 0 0 0 0 0 0 0 0 0 0 0 0 0 0 0 0 0 0 0 0]	2026-08-15_23-02-29	[0 0 0 0 0 0 0 0 0 0 0 0 1 0 0 0 1 0 0 0 0 0 0 0 0 0 0 0 0 0 0 0 0 0 0 0 0 0 0 0 0 0 0 0 0 0 0 0 0 0 0 0 0 1 0 0 0 0 0 0 0 0 0 1 0 0 0 0 0 0 0 1 0]	2026-08-15_23-02-29	[2]	2026-08-15_23-02-29	[0 1 1 0 0]	2026-08-15_23-02-29	[0 0 0 0 0]	2026-08-15_23-02-29	[0 0 1 0 0 1 0 0 0 0 0 0 0 1 0 0 0 0 0 0 0 0 0 0 0 0 0 0 0 0 0 0 0 0 0 1 0 0 0 0 0 0 0 0 0 0 0 0 0 0 0 0 0 0 0 0 0 0 0 0 0 0 0 0 0 0 0 0 0 0 0 0 0]	2026-08-15_23-02-29	[0 0 0 0 0 0 0 0 0 0 0 0 1 0 0 0 0 0 0 0 0 0 0 0 0 0 0 0 0 0 0 0 0 0 0 0 0 0 0 0 0 0 0 0 0 0 0 0 0 0 0 0 0 1 0 0 0 0 0 0 0 0 0 1 0 0 0 0 0 0 0 1 0]	2026-08-15_23-02-29	[2]	2026-08-15_23-02-29
4	2026-08-15_23-02-29	-0.8999999761581421	2026-08-15_23-02-29	10.895149230957031	2026-08-15_23-02-29	1.6372675895690918	2026-08-15_23-02-29	1.5743749141693115	2026-08-15_23-02-29	3.9098896980285645	2026-08-15_23-02-29	3.7736167907714844	2026-08-15_23-02-29	True	2026-08-15_23-02-29	[0 1 1 0 0]	2026-08-15_23-02-29	[0 0 0 0 0]	2026-08-15_23-02-29	[0 0 1 0 0 1 0 0 0 0 0 0 0 1 0 0 0 0 0 0 0 0 0 0 0 0 0 0 0 0 0 0 0 0 0 1 0 0 0 0 0 0 0 0 0 0 0 0 0 0 0 0 0 0 0 0 0 0 0 0 0 0 0 0 0 0 0 0 0 0 0 0 0]	2026-08-15_23-02-29	[0 0 0 0 0 0 0 0 0 0 0 0 1 0 0 0 0 0 0 0 0 0 0 0 0 0 0 0 0 0 0 0 0 0 0 0 0 0 0 0 0 0 0 0 0 0 0 0 0 0 0 0 0 1 0 0 0 0 0 0 0 0 0 1 0 0 0 0 0 0 0 1 0]	2026-08-15_23-02-29	[2]	2026-08-15_23-02-29	[0 1 1 1 0]	2026-08-15_23-02-29	[0 0 0 0 1]	2026-08-15_23-02-29	[0 0 1 0 0 1 0 0 0 0 0 0 0 1 0 0 0 0 0 0 0 0 0 0 0 0 0 0 0 0 0 1 0 0 0 1 0 0 0 0 0 0 0 0 0 0 0 0 0 0 0 0 0 0 0 0 0 0 0 0 0 0 0 0 0 0 0 0 0 0 0 0 0]	2026-08-15_23-02-29	[0 0 0 0 0 0 0 0 0 0 0 0 1 0 0 0 1 0 0 0 0 0 0 0 0 0 0 0 0 0 0 0 0 0 0 0 0 0 0 0 0 0 0 0 0 0 0 0 0 0 0 0 0 1 0 0 0 0 0 0 0 0 0 1 0 0 0 0 0 0 0 1 0]	2026-08-15_23-02-29	[2]	2026-08-15_23-02-29
4	2026-08-15_23-02-29	-0.8999999761581421	2026-08-15_23-02-29	10.95942211151123	2026-08-15_23-02-29	1.6374199390411377	2026-08-15_23-02-29	1.576932430267334	2026-08-15_23-02-29	3.9388089179992676	2026-08-15_23-02-29	3.806260824203491	2026-08-15_23-02-29	True	2026-08-15_23-02-29	[0 1 1 1 0]	2026-08-15_23-02-29	[0 0 0 0 1]	2026-08-15_23-02-29	[0 0 1 0 0 1 0 0 0 0 0 0 0 1 0 0 0 0 0 0 0 0 0 0 0 0 0 0 0 0 0 1 0 0 0 1 0 0 0 0 0 0 0 0 0 0 0 0 0 0 0 0 0 0 0 0 0 0 0 0 0 0 0 0 0 0 0 0 0 0 0 0 0]	2026-08-15_23-02-29	[0 0 0 0 0 0 0 0 0 0 0 0 1 0 0 0 1 0 0 0 0 0 0 0 0 0 0 0 0 0 0 0 0 0 0 0 0 0 0 0 0 0 0 0 0 0 0 0 0 0 0 0 0 1 0 0 0 0 0 0 0 0 0 1 0 0 0 0 0 0 0 1 0]	2026-08-15_23-02-29	[2]	2026-08-15_23-02-29	[0 1 1 0 0]	2026-08-15_23-02-29	[0 0 0 0 0]	2026-08-15_23-02-29	[0 0 1 0 0 1 0 0 0 0 0 0 0 1 0 0 0 0 0 0 0 0 0 0 0 0 0 0 0 0 0 0 0 0 0 1 0 0 0 0 0 0 0 0 0 0 0 0 0 0 0 0 0 0 0 0 0 0 0 0 0 0 0 0 0 0 0 0 0 0 0 0 0]	2026-08-15_23-02-29	[0 0 0 0 0 0 0 0 0 0 0 0 1 0 0 0 0 0 0 0 0 0 0 0 0 0 0 0 0 0 0 0 0 0 0 0 0 0 0 0 0 0 0 0 0 0 0 0 0 0 0 0 0 1 0 0 0 0 0 0 0 0 0 1 0 0 0 0 0 0 0 1 0]	2026-08-15_23-02-29	[2]	2026-08-15_23-02-29
4	2026-08-15_23-02-29	-0.8999999761581421	2026-08-15_23-02-29	10.959348678588867	2026-08-15_23-02-29	1.6369125843048096	2026-08-15_23-02-29	1.577893853187561	2026-08-15_23-02-29	3.9282572269439697	2026-08-15_23-02-29	3.8162856101989746	2026-08-15_23-02-29	True	2026-08-15_23-02-29	[0 1 1 0 0]	2026-08-15_23-02-29	[0 0 0 0 0]	2026-08-15_23-02-29	[0 0 1 0 0 1 0 0 0 0 0 0 0 1 0 0 0 0 0 0 0 0 0 0 0 0 0 0 0 0 0 0 0 0 0 1 0 0 0 0 0 0 0 0 0 0 0 0 0 0 0 0 0 0 0 0 0 0 0 0 0 0 0 0 0 0 0 0 0 0 0 0 0]	2026-08-15_23-02-29	[0 0 0 0 0 0 0 0 0 0 0 0 1 0 0 0 0 0 0 0 0 0 0 0 0 0 0 0 0 0 0 0 0 0 0 0 0 0 0 0 0 0 0 0 0 0 0 0 0 0 0 0 0 1 0 0 0 0 0 0 0 0 0 1 0 0 0 0 0 0 0 1 0]	2026-08-15_23-02-29	[2]	2026-08-15_23-02-29	[0 1 1 1 0]	2026-08-15_23-02-29	[0 0 0 0 1]	2026-08-15_23-02-29	[0 0 1 0 0 1 0 0 0 0 0 0 0 1 0 0 0 0 0 0 0 0 0 0 0 0 0 0 0 0 0 1 0 0 0 1 0 0 0 0 0 0 0 0 0 0 0 0 0 0 0 0 0 0 0 0 0 0 0 0 0 0 0 0 0 0 0 0 0 0 0 0 0]	2026-08-15_23-02-29	[0 0 0 0 0 0 0 0 0 0 0 0 1 0 0 0 1 0 0 0 0 0 0 0 0 0 0 0 0 0 0 0 0 0 0 0 0 0 0 0 0 0 0 0 0 0 0 0 0 0 0 0 0 1 0 0 0 0 0 0 0 0 0 1 0 0 0 0 0 0 0 1 0]	2026-08-15_23-02-29	[2]	2026-08-15_23-02-29
4	2026-08-15_23-02-29	-0.8999999761581421	2026-08-15_23-02-29	10.910835266113281	2026-08-15_23-02-29	1.6362347602844238	2026-08-15_23-02-29	1.5760934352874756	2026-08-15_23-02-29	3.9161629676818848	2026-08-15_23-02-29	3.782343626022339	2026-08-15_23-02-29	True	2026-08-15_23-02-29	[0 1 1 1 0]	2026-08-15_23-02-29	[0 0 0 0 1]	2026-08-15_23-02-29	[0 0 1 0 0 1 0 0 0 0 0 0 0 1 0 0 0 0 0 0 0 0 0 0 0 0 0 0 0 0 0 1 0 0 0 1 0 0 0 0 0 0 0 0 0 0 0 0 0 0 0 0 0 0 0 0 0 0 0 0 0 0 0 0 0 0 0 0 0 0 0 0 0]	2026-08-15_23-02-29	[0 0 0 0 0 0 0 0 0 0 0 0 1 0 0 0 1 0 0 0 0 0 0 0 0 0 0 0 0 0 0 0 0 0 0 0 0 0 0 0 0 0 0 0 0 0 0 0 0 0 0 0 0 1 0 0 0 0 0 0 0 0 0 1 0 0 0 0 0 0 0 1 0]	2026-08-15_23-02-29	[2]	2026-08-15_23-02-29	[0 1 1 0 0]	2026-08-15_23-02-29	[0 0 0 0 0]	2026-08-15_23-02-29	[0 0 1 0 0 1 0 0 0 0 0 0 0 1 0 0 0 0 0 0 0 0 0 0 0 0 0 0 0 0 0 0 0 0 0 1 0 0 0 0 0 0 0 0 0 0 0 0 0 0 0 0 0 0 0 0 0 0 0 0 0 0 0 0 0 0 0 0 0 0 0 0 0]	2026-08-15_23-02-29	[0 0 0 0 0 0 0 0 0 0 0 0 1 0 0 0 0 0 0 0 0 0 0 0 0 0 0 0 0 0 0 0 0 0 0 0 0 0 0 0 0 0 0 0 0 0 0 0 0 0 0 0 0 1 0 0 0 0 0 0 0 0 0 1 0 0 0 0 0 0 0 1 0]	2026-08-15_23-02-29	[2]	2026-08-15_23-02-29
4	2026-08-15_23-02-29	-0.8999999761581421	2026-08-15_23-02-29	10.908698081970215	2026-08-15_23-02-29	1.6383668184280396	2026-08-15_23-02-29	1.5778703689575195	2026-08-15_23-02-29	3.9119315147399902	2026-08-15_23-02-29	3.780529499053955	2026-08-15_23-02-29	True	2026-08-15_23-02-29	[0 1 1 0 0]	2026-08-15_23-02-29	[0 0 0 0 0]	2026-08-15_23-02-29	[0 0 1 0 0 1 0 0 0 0 0 0 0 1 0 0 0 0 0 0 0 0 0 0 0 0 0 0 0 0 0 0 0 0 0 1 0 0 0 0 0 0 0 0 0 0 0 0 0 0 0 0 0 0 0 0 0 0 0 0 0 0 0 0 0 0 0 0 0 0 0 0 0]	2026-08-15_23-02-29	[0 0 0 0 0 0 0 0 0 0 0 0 1 0 0 0 0 0 0 0 0 0 0 0 0 0 0 0 0 0 0 0 0 0 0 0 0 0 0 0 0 0 0 0 0 0 0 0 0 0 0 0 0 1 0 0 0 0 0 0 0 0 0 1 0 0 0 0 0 0 0 1 0]	2026-08-15_23-02-29	[2]	2026-08-15_23-02-29	[0 1 1 1 0]	2026-08-15_23-02-29	[0 0 0 0 1]	2026-08-15_23-02-29	[0 0 1 0 0 1 0 0 0 0 0 0 0 1 0 0 0 0 0 0 0 0 0 0 0 0 0 0 0 0 0 1 0 0 0 1 0 0 0 0 0 0 0 0 0 0 0 0 0 0 0 0 0 0 0 0 0 0 0 0 0 0 0 0 0 0 0 0 0 0 0 0 0]	2026-08-15_23-02-29	[0 0 0 0 0 0 0 0 0 0 0 0 1 0 0 0 1 0 0 0 0 0 0 0 0 0 0 0 0 0 0 0 0 0 0 0 0 0 0 0 0 0 0 0 0 0 0 0 0 0 0 0 0 1 0 0 0 0 0 0 0 0 0 1 0 0 0 0 0 0 0 1 0]	2026-08-15_23-02-29	[2]	2026-08-15_23-02-29
4	2026-08-15_23-02-29	-0.8999999761581421	2026-08-15_23-02-29	10.878162384033203	2026-08-15_23-02-29	1.6375503540039062	2026-08-15_23-02-29	1.5819857120513916	2026-08-15_23-02-29	3.9047229290008545	2026-08-15_23-02-29	3.753903865814209	2026-08-15_23-02-29	True	2026-08-15_23-02-29	[0 1 1 1 0]	2026-08-15_23-02-29	[0 0 0 0 1]	2026-08-15_23-02-29	[0 0 1 0 0 1 0 0 0 0 0 0 0 1 0 0 0 0 0 0 0 0 0 0 0 0 0 0 0 0 0 1 0 0 0 1 0 0 0 0 0 0 0 0 0 0 0 0 0 0 0 0 0 0 0 0 0 0 0 0 0 0 0 0 0 0 0 0 0 0 0 0 0]	2026-08-15_23-02-29	[0 0 0 0 0 0 0 0 0 0 0 0 1 0 0 0 1 0 0 0 0 0 0 0 0 0 0 0 0 0 0 0 0 0 0 0 0 0 0 0 0 0 0 0 0 0 0 0 0 0 0 0 0 1 0 0 0 0 0 0 0 0 0 1 0 0 0 0 0 0 0 1 0]	2026-08-15_23-02-29	[2]	2026-08-15_23-02-29	[0 1 1 0 0]	2026-08-15_23-02-29	[0 0 0 0 0]	2026-08-15_23-02-29	[0 0 1 0 0 1 0 0 0 0 0 0 0 1 0 0 0 0 0 0 0 0 0 0 0 0 0 0 0 0 0 0 0 0 0 1 0 0 0 0 0 0 0 0 0 0 0 0 0 0 0 0 0 0 0 0 0 0 0 0 0 0 0 0 0 0 0 0 0 0 0 0 0]	2026-08-15_23-02-29	[0 0 0 0 0 0 0 0 0 0 0 0 1 0 0 0 0 0 0 0 0 0 0 0 0 0 0 0 0 0 0 0 0 0 0 0 0 0 0 0 0 0 0 0 0 0 0 0 0 0 0 0 0 1 0 0 0 0 0 0 0 0 0 1 0 0 0 0 0 0 0 1 0]	2026-08-15_23-02-29	[2]	2026-08-15_23-02-29
4	2026-08-15_23-02-29	-0.8999999761581421	2026-08-15_23-02-29	10.890802383422852	2026-08-15_23-02-29	1.6376221179962158	2026-08-15_23-02-29	1.5813872814178467	2026-08-15_23-02-29	3.908829689025879	2026-08-15_23-02-29	3.7629637718200684	2026-08-15_23-02-29	True	2026-08-15_23-02-29	[0 1 1 0 0]	2026-08-15_23-02-29	[0 0 0 0 0]	2026-08-15_23-02-29	[0 0 1 0 0 1 0 0 0 0 0 0 0 1 0 0 0 0 0 0 0 0 0 0 0 0 0 0 0 0 0 0 0 0 0 1 0 0 0 0 0 0 0 0 0 0 0 0 0 0 0 0 0 0 0 0 0 0 0 0 0 0 0 0 0 0 0 0 0 0 0 0 0]	2026-08-15_23-02-29	[0 0 0 0 0 0 0 0 0 0 0 0 1 0 0 0 0 0 0 0 0 0 0 0 0 0 0 0 0 0 0 0 0 0 0 0 0 0 0 0 0 0 0 0 0 0 0 0 0 0 0 0 0 1 0 0 0 0 0 0 0 0 0 1 0 0 0 0 0 0 0 1 0]	2026-08-15_23-02-29	[2]	2026-08-15_23-02-29	[0 1 1 1 0]	2026-08-15_23-02-29	[0 0 0 0 1]	2026-08-15_23-02-29	[0 0 1 0 0 1 0 0 0 0 0 0 0 1 0 0 0 0 0 0 0 0 0 0 0 0 0 0 0 0 0 1 0 0 0 1 0 0 0 0 0 0 0 0 0 0 0 0 0 0 0 0 0 0 0 0 0 0 0 0 0 0 0 0 0 0 0 0 0 0 0 0 0]	2026-08-15_23-02-29	[0 0 0 0 0 0 0 0 0 0 0 0 1 0 0 0 1 0 0 0 0 0 0 0 0 0 0 0 0 0 0 0 0 0 0 0 0 0 0 0 0 0 0 0 0 0 0 0 0 0 0 0 0 1 0 0 0 0 0 0 0 0 0 1 0 0 0 0 0 0 0 1 0]	2026-08-15_23-02-29	[2]	2026-08-15_23-02-29
4	2026-08-15_23-02-29	-0.8999999761581421	2026-08-15_23-02-29	10.916715621948242	2026-08-15_23-02-29	1.6386510133743286	2026-08-15_23-02-29	1.5799373388290405	2026-08-15_23-02-29	3.923884391784668	2026-08-15_23-02-29	3.774243116378784	2026-08-15_23-02-29	True	2026-08-15_23-02-29	[0 1 1 1 0]	2026-08-15_23-02-29	[0 0 0 0 1]	2026-08-15_23-02-29	[0 0 1 0 0 1 0 0 0 0 0 0 0 1 0 0 0 0 0 0 0 0 0 0 0 0 0 0 0 0 0 1 0 0 0 1 0 0 0 0 0 0 0 0 0 0 0 0 0 0 0 0 0 0 0 0 0 0 0 0 0 0 0 0 0 0 0 0 0 0 0 0 0]	2026-08-15_23-02-29	[0 0 0 0 0 0 0 0 0 0 0 0 1 0 0 0 1 0 0 0 0 0 0 0 0 0 0 0 0 0 0 0 0 0 0 0 0 0 0 0 0 0 0 0 0 0 0 0 0 0 0 0 0 1 0 0 0 0 0 0 0 0 0 1 0 0 0 0 0 0 0 1 0]	2026-08-15_23-02-29	[2]	2026-08-15_23-02-29	[0 1 1 0 0]	2026-08-15_23-02-29	[0 0 0 0 0]	2026-08-15_23-02-29	[0 0 1 0 0 1 0 0 0 0 0 0 0 1 0 0 0 0 0 0 0 0 0 0 0 0 0 0 0 0 0 0 0 0 0 1 0 0 0 0 0 0 0 0 0 0 0 0 0 0 0 0 0 0 0 0 0 0 0 0 0 0 0 0 0 0 0 0 0 0 0 0 0]	2026-08-15_23-02-29	[0 0 0 0 0 0 0 0 0 0 0 0 1 0 0 0 0 0 0 0 0 0 0 0 0 0 0 0 0 0 0 0 0 0 0 0 0 0 0 0 0 0 0 0 0 0 0 0 0 0 0 0 0 1 0 0 0 0 0 0 0 0 0 1 0 0 0 0 0 0 0 1 0]	2026-08-15_23-02-29	[2]	2026-08-15_23-02-29
4	2026-08-15_23-02-29	-0.8999999761581421	2026-08-15_23-02-29	10.897315979003906	2026-08-15_23-02-29	1.638081669807434	2026-08-15_23-02-29	1.5777391195297241	2026-08-15_23-02-29	3.9062023162841797	2026-08-15_23-02-29	3.7752933502197266	2026-08-15_23-02-29	True	2026-08-15_23-02-29	[0 1 1 0 0]	2026-08-15_23-02-29	[0 0 0 0 0]	2026-08-15_23-02-29	[0 0 1 0 0 1 0 0 0 0 0 0 0 1 0 0 0 0 0 0 0 0 0 0 0 0 0 0 0 0 0 0 0 0 0 1 0 0 0 0 0 0 0 0 0 0 0 0 0 0 0 0 0 0 0 0 0 0 0 0 0 0 0 0 0 0 0 0 0 0 0 0 0]	2026-08-15_23-02-29	[0 0 0 0 0 0 0 0 0 0 0 0 1 0 0 0 0 0 0 0 0 0 0 0 0 0 0 0 0 0 0 0 0 0 0 0 0 0 0 0 0 0 0 0 0 0 0 0 0 0 0 0 0 1 0 0 0 0 0 0 0 0 0 1 0 0 0 0 0 0 0 1 0]	2026-08-15_23-02-29	[2]	2026-08-15_23-02-29	[0 1 1 1 0]	2026-08-15_23-02-29	[0 0 0 0 1]	2026-08-15_23-02-29	[0 0 1 0 0 1 0 0 0 0 0 0 0 1 0 0 0 0 0 0 0 0 0 0 0 0 0 0 0 0 0 1 0 0 0 1 0 0 0 0 0 0 0 0 0 0 0 0 0 0 0 0 0 0 0 0 0 0 0 0 0 0 0 0 0 0 0 0 0 0 0 0 0]	2026-08-15_23-02-29	[0 0 0 0 0 0 0 0 0 0 0 0 1 0 0 0 1 0 0 0 0 0 0 0 0 0 0 0 0 0 0 0 0 0 0 0 0 0 0 0 0 0 0 0 0 0 0 0 0 0 0 0 0 1 0 0 0 0 0 0 0 0 0 1 0 0 0 0 0 0 0 1 0]	2026-08-15_23-02-29	[2]	2026-08-15_23-02-29
4	2026-08-15_23-02-29	-0.8999999761581421	2026-08-15_23-02-29	10.936742782592773	2026-08-15_23-02-29	1.6380293369293213	2026-08-15_23-02-29	1.5752747058868408	2026-08-15_23-02-29	3.931577682495117	2026-08-15_23-02-29	3.791860580444336	2026-08-15_23-02-29	True	2026-08-15_23-02-29	[0 1 1 1 0]	2026-08-15_23-02-29	[0 0 0 0 1]	2026-08-15_23-02-29	[0 0 1 0 0 1 0 0 0 0 0 0 0 1 0 0 0 0 0 0 0 0 0 0 0 0 0 0 0 0 0 1 0 0 0 1 0 0 0 0 0 0 0 0 0 0 0 0 0 0 0 0 0 0 0 0 0 0 0 0 0 0 0 0 0 0 0 0 0 0 0 0 0]	2026-08-15_23-02-29	[0 0 0 0 0 0 0 0 0 0 0 0 1 0 0 0 1 0 0 0 0 0 0 0 0 0 0 0 0 0 0 0 0 0 0 0 0 0 0 0 0 0 0 0 0 0 0 0 0 0 0 0 0 1 0 0 0 0 0 0 0 0 0 1 0 0 0 0 0 0 0 1 0]	2026-08-15_23-02-29	[2]	2026-08-15_23-02-29	[0 1 1 0 0]	2026-08-15_23-02-29	[0 0 0 0 0]	2026-08-15_23-02-29	[0 0 1 0 0 1 0 0 0 0 0 0 0 1 0 0 0 0 0 0 0 0 0 0 0 0 0 0 0 0 0 0 0 0 0 1 0 0 0 0 0 0 0 0 0 0 0 0 0 0 0 0 0 0 0 0 0 0 0 0 0 0 0 0 0 0 0 0 0 0 0 0 0]	2026-08-15_23-02-29	[0 0 0 0 0 0 0 0 0 0 0 0 1 0 0 0 0 0 0 0 0 0 0 0 0 0 0 0 0 0 0 0 0 0 0 0 0 0 0 0 0 0 0 0 0 0 0 0 0 0 0 0 0 1 0 0 0 0 0 0 0 0 0 1 0 0 0 0 0 0 0 1 0]	2026-08-15_23-02-29	[2]	2026-08-15_23-02-29
4	2026-08-15_23-02-29	-0.8999999761581421	2026-08-15_23-02-29	10.948116302490234	2026-08-15_23-02-29	1.6365195512771606	2026-08-15_23-02-29	1.577099323272705	2026-08-15_23-02-29	3.9236812591552734	2026-08-15_23-02-29	3.810816526412964	2026-08-15_23-02-29	True	2026-08-15_23-02-29	[0 1 1 0 0]	2026-08-15_23-02-29	[0 0 0 0 0]	2026-08-15_23-02-29	[0 0 1 0 0 1 0 0 0 0 0 0 0 1 0 0 0 0 0 0 0 0 0 0 0 0 0 0 0 0 0 0 0 0 0 1 0 0 0 0 0 0 0 0 0 0 0 0 0 0 0 0 0 0 0 0 0 0 0 0 0 0 0 0 0 0 0 0 0 0 0 0 0]	2026-08-15_23-02-29	[0 0 0 0 0 0 0 0 0 0 0 0 1 0 0 0 0 0 0 0 0 0 0 0 0 0 0 0 0 0 0 0 0 0 0 0 0 0 0 0 0 0 0 0 0 0 0 0 0 0 0 0 0 1 0 0 0 0 0 0 0 0 0 1 0 0 0 0 0 0 0 1 0]	2026-08-15_23-02-29	[2]	2026-08-15_23-02-29	[0 1 1 1 0]	2026-08-15_23-02-29	[0 0 0 0 1]	2026-08-15_23-02-29	[0 0 1 0 0 1 0 0 0 0 0 0 0 1 0 0 0 0 0 0 0 0 0 0 0 0 0 0 0 0 0 1 0 0 0 1 0 0 0 0 0 0 0 0 0 0 0 0 0 0 0 0 0 0 0 0 0 0 0 0 0 0 0 0 0 0 0 0 0 0 0 0 0]	2026-08-15_23-02-29	[0 0 0 0 0 0 0 0 0 0 0 0 1 0 0 0 1 0 0 0 0 0 0 0 0 0 0 0 0 0 0 0 0 0 0 0 0 0 0 0 0 0 0 0 0 0 0 0 0 0 0 0 0 1 0 0 0 0 0 0 0 0 0 1 0 0 0 0 0 0 0 1 0]	2026-08-15_23-02-29	[2]	2026-08-15_23-02-29
4	2026-08-15_23-02-29	-0.8999999761581421	2026-08-15_23-02-29	10.886306762695312	2026-08-15_23-02-29	1.6371711492538452	2026-08-15_23-02-29	1.5776782035827637	2026-08-15_23-02-29	3.911907196044922	2026-08-15_23-02-29	3.7595503330230713	2026-08-15_23-02-29	True	2026-08-15_23-02-29	[0 1 1 1 0]	2026-08-15_23-02-29	[0 0 0 0 1]	2026-08-15_23-02-29	[0 0 1 0 0 1 0 0 0 0 0 0 0 1 0 0 0 0 0 0 0 0 0 0 0 0 0 0 0 0 0 1 0 0 0 1 0 0 0 0 0 0 0 0 0 0 0 0 0 0 0 0 0 0 0 0 0 0 0 0 0 0 0 0 0 0 0 0 0 0 0 0 0]	2026-08-15_23-02-29	[0 0 0 0 0 0 0 0 0 0 0 0 1 0 0 0 1 0 0 0 0 0 0 0 0 0 0 0 0 0 0 0 0 0 0 0 0 0 0 0 0 0 0 0 0 0 0 0 0 0 0 0 0 1 0 0 0 0 0 0 0 0 0 1 0 0 0 0 0 0 0 1 0]	2026-08-15_23-02-29	[2]	2026-08-15_23-02-29	[0 1 1 0 0]	2026-08-15_23-02-29	[0 0 0 0 0]	2026-08-15_23-02-29	[0 0 1 0 0 1 0 0 0 0 0 0 0 1 0 0 0 0 0 0 0 0 0 0 0 0 0 0 0 0 0 0 0 0 0 1 0 0 0 0 0 0 0 0 0 0 0 0 0 0 0 0 0 0 0 0 0 0 0 0 0 0 0 0 0 0 0 0 0 0 0 0 0]	2026-08-15_23-02-29	[0 0 0 0 0 0 0 0 0 0 0 0 1 0 0 0 0 0 0 0 0 0 0 0 0 0 0 0 0 0 0 0 0 0 0 0 0 0 0 0 0 0 0 0 0 0 0 0 0 0 0 0 0 1 0 0 0 0 0 0 0 0 0 1 0 0 0 0 0 0 0 1 0]	2026-08-15_23-02-29	[2]	2026-08-15_23-02-29
4	2026-08-15_23-02-29	-0.8999999761581421	2026-08-15_23-02-29	10.973285675048828	2026-08-15_23-02-29	1.6348202228546143	2026-08-15_23-02-29	1.5722684860229492	2026-08-15_23-02-29	3.935131549835205	2026-08-15_23-02-29	3.8310647010803223	2026-08-15_23-02-29	True	2026-08-15_23-02-29	[0 1 1 0 0]	2026-08-15_23-02-29	[0 0 0 0 0]	2026-08-15_23-02-29	[0 0 1 0 0 1 0 0 0 0 0 0 0 1 0 0 0 0 0 0 0 0 0 0 0 0 0 0 0 0 0 0 0 0 0 1 0 0 0 0 0 0 0 0 0 0 0 0 0 0 0 0 0 0 0 0 0 0 0 0 0 0 0 0 0 0 0 0 0 0 0 0 0]	2026-08-15_23-02-29	[0 0 0 0 0 0 0 0 0 0 0 0 1 0 0 0 0 0 0 0 0 0 0 0 0 0 0 0 0 0 0 0 0 0 0 0 0 0 0 0 0 0 0 0 0 0 0 0 0 0 0 0 0 1 0 0 0 0 0 0 0 0 0 1 0 0 0 0 0 0 0 1 0]	2026-08-15_23-02-29	[2]	2026-08-15_23-02-29	[0 1 1 1 0]	2026-08-15_23-02-29	[0 0 0 0 1]	2026-08-15_23-02-29	[0 0 1 0 0 1 0 0 0 0 0 0 0 1 0 0 0 0 0 0 0 0 0 0 0 0 0 0 0 0 0 1 0 0 0 1 0 0 0 0 0 0 0 0 0 0 0 0 0 0 0 0 0 0 0 0 0 0 0 0 0 0 0 0 0 0 0 0 0 0 0 0 0]	2026-08-15_23-02-29	[0 0 0 0 0 0 0 0 0 0 0 0 1 0 0 0 1 0 0 0 0 0 0 0 0 0 0 0 0 0 0 0 0 0 0 0 0 0 0 0 0 0 0 0 0 0 0 0 0 0 0 0 0 1 0 0 0 0 0 0 0 0 0 1 0 0 0 0 0 0 0 1 0]	2026-08-15_23-02-29	[2]	2026-08-15_23-02-29
4	2026-08-15_23-02-29	-0.8999999761581421	2026-08-15_23-02-29	10.926559448242188	2026-08-15_23-02-29	1.6379567384719849	2026-08-15_23-02-29	1.5809953212738037	2026-08-15_23-02-29	3.9259324073791504	2026-08-15_23-02-29	3.781675338745117	2026-08-15_23-02-29	True	2026-08-15_23-02-29	[0 1 1 1 0]	2026-08-15_23-02-29	[0 0 0 0 1]	2026-08-15_23-02-29	[0 0 1 0 0 1 0 0 0 0 0 0 0 1 0 0 0 0 0 0 0 0 0 0 0 0 0 0 0 0 0 1 0 0 0 1 0 0 0 0 0 0 0 0 0 0 0 0 0 0 0 0 0 0 0 0 0 0 0 0 0 0 0 0 0 0 0 0 0 0 0 0 0]	2026-08-15_23-02-29	[0 0 0 0 0 0 0 0 0 0 0 0 1 0 0 0 1 0 0 0 0 0 0 0 0 0 0 0 0 0 0 0 0 0 0 0 0 0 0 0 0 0 0 0 0 0 0 0 0 0 0 0 0 1 0 0 0 0 0 0 0 0 0 1 0 0 0 0 0 0 0 1 0]	2026-08-15_23-02-29	[2]	2026-08-15_23-02-29	[0 1 1 0 0]	2026-08-15_23-02-29	[0 0 0 0 0]	2026-08-15_23-02-29	[0 0 1 0 0 1 0 0 0 0 0 0 0 1 0 0 0 0 0 0 0 0 0 0 0 0 0 0 0 0 0 0 0 0 0 1 0 0 0 0 0 0 0 0 0 0 0 0 0 0 0 0 0 0 0 0 0 0 0 0 0 0 0 0 0 0 0 0 0 0 0 0 0]	2026-08-15_23-02-29	[0 0 0 0 0 0 0 0 0 0 0 0 1 0 0 0 0 0 0 0 0 0 0 0 0 0 0 0 0 0 0 0 0 0 0 0 0 0 0 0 0 0 0 0 0 0 0 0 0 0 0 0 0 1 0 0 0 0 0 0 0 0 0 1 0 0 0 0 0 0 0 1 0]	2026-08-15_23-02-29	[2]	2026-08-15_23-02-29
4	2026-08-15_23-02-29	-0.8999999761581421	2026-08-15_23-02-29	10.856819152832031	2026-08-15_23-02-29	1.6369818449020386	2026-08-15_23-02-29	1.5758671760559082	2026-08-15_23-02-29	3.892047643661499	2026-08-15_23-02-29	3.751922607421875	2026-08-15_23-02-29	True	2026-08-15_23-02-29	[0 1 1 0 0]	2026-08-15_23-02-29	[0 0 0 0 0]	2026-08-15_23-02-29	[0 0 1 0 0 1 0 0 0 0 0 0 0 1 0 0 0 0 0 0 0 0 0 0 0 0 0 0 0 0 0 0 0 0 0 1 0 0 0 0 0 0 0 0 0 0 0 0 0 0 0 0 0 0 0 0 0 0 0 0 0 0 0 0 0 0 0 0 0 0 0 0 0]	2026-08-15_23-02-29	[0 0 0 0 0 0 0 0 0 0 0 0 1 0 0 0 0 0 0 0 0 0 0 0 0 0 0 0 0 0 0 0 0 0 0 0 0 0 0 0 0 0 0 0 0 0 0 0 0 0 0 0 0 1 0 0 0 0 0 0 0 0 0 1 0 0 0 0 0 0 0 1 0]	2026-08-15_23-02-29	[2]	2026-08-15_23-02-29	[0 1 1 1 0]	2026-08-15_23-02-29	[0 0 0 0 1]	2026-08-15_23-02-29	[0 0 1 0 0 1 0 0 0 0 0 0 0 1 0 0 0 0 0 0 0 0 0 0 0 0 0 0 0 0 0 1 0 0 0 1 0 0 0 0 0 0 0 0 0 0 0 0 0 0 0 0 0 0 0 0 0 0 0 0 0 0 0 0 0 0 0 0 0 0 0 0 0]	2026-08-15_23-02-29	[0 0 0 0 0 0 0 0 0 0 0 0 1 0 0 0 1 0 0 0 0 0 0 0 0 0 0 0 0 0 0 0 0 0 0 0 0 0 0 0 0 0 0 0 0 0 0 0 0 0 0 0 0 1 0 0 0 0 0 0 0 0 0 1 0 0 0 0 0 0 0 1 0]	2026-08-15_23-02-29	[2]	2026-08-15_23-02-29
4	2026-08-15_23-02-29	-0.8999999761581421	2026-08-15_23-02-29	10.940362930297852	2026-08-15_23-02-29	1.6368366479873657	2026-08-15_23-02-29	1.581422209739685	2026-08-15_23-02-29	3.926035165786743	2026-08-15_23-02-29	3.796069622039795	2026-08-15_23-02-29	True	2026-08-15_23-02-29	[0 1 1 1 0]	2026-08-15_23-02-29	[0 0 0 0 1]	2026-08-15_23-02-29	[0 0 1 0 0 1 0 0 0 0 0 0 0 1 0 0 0 0 0 0 0 0 0 0 0 0 0 0 0 0 0 1 0 0 0 1 0 0 0 0 0 0 0 0 0 0 0 0 0 0 0 0 0 0 0 0 0 0 0 0 0 0 0 0 0 0 0 0 0 0 0 0 0]	2026-08-15_23-02-29	[0 0 0 0 0 0 0 0 0 0 0 0 1 0 0 0 1 0 0 0 0 0 0 0 0 0 0 0 0 0 0 0 0 0 0 0 0 0 0 0 0 0 0 0 0 0 0 0 0 0 0 0 0 1 0 0 0 0 0 0 0 0 0 1 0 0 0 0 0 0 0 1 0]	2026-08-15_23-02-29	[2]	2026-08-15_23-02-29	[0 1 1 0 0]	2026-08-15_23-02-29	[0 0 0 0 0]	2026-08-15_23-02-29	[0 0 1 0 0 1 0 0 0 0 0 0 0 1 0 0 0 0 0 0 0 0 0 0 0 0 0 0 0 0 0 0 0 0 0 1 0 0 0 0 0 0 0 0 0 0 0 0 0 0 0 0 0 0 0 0 0 0 0 0 0 0 0 0 0 0 0 0 0 0 0 0 0]	2026-08-15_23-02-29	[0 0 0 0 0 0 0 0 0 0 0 0 1 0 0 0 0 0 0 0 0 0 0 0 0 0 0 0 0 0 0 0 0 0 0 0 0 0 0 0 0 0 0 0 0 0 0 0 0 0 0 0 0 1 0 0 0 0 0 0 0 0 0 1 0 0 0 0 0 0 0 1 0]	2026-08-15_23-02-29	[2]	2026-08-15_23-02-29
4	2026-08-15_23-02-29	-0.8999999761581421	2026-08-15_23-02-29	10.902059555053711	2026-08-15_23-02-29	1.6370350122451782	2026-08-15_23-02-29	1.560266137123108	2026-08-15_23-02-29	3.9205944538116455	2026-08-15_23-02-29	3.7841639518737793	2026-08-15_23-02-29	True	2026-08-15_23-02-29	[0 1 1 0 0]	2026-08-15_23-02-29	[0 0 0 0 0]	2026-08-15_23-02-29	[0 0 1 0 0 1 0 0 0 0 0 0 0 1 0 0 0 0 0 0 0 0 0 0 0 0 0 0 0 0 0 0 0 0 0 1 0 0 0 0 0 0 0 0 0 0 0 0 0 0 0 0 0 0 0 0 0 0 0 0 0 0 0 0 0 0 0 0 0 0 0 0 0]	2026-08-15_23-02-29	[0 0 0 0 0 0 0 0 0 0 0 0 1 0 0 0 0 0 0 0 0 0 0 0 0 0 0 0 0 0 0 0 0 0 0 0 0 0 0 0 0 0 0 0 0 0 0 0 0 0 0 0 0 1 0 0 0 0 0 0 0 0 0 1 0 0 0 0 0 0 0 1 0]	2026-08-15_23-02-29	[2]	2026-08-15_23-02-29	[0 1 1 1 0]	2026-08-15_23-02-29	[0 0 0 0 1]	2026-08-15_23-02-29	[0 0 1 0 0 1 0 0 0 0 0 0 0 1 0 0 0 0 0 0 0 0 0 0 0 0 0 0 0 0 0 1 0 0 0 1 0 0 0 0 0 0 0 0 0 0 0 0 0 0 0 0 0 0 0 0 0 0 0 0 0 0 0 0 0 0 0 0 0 0 0 0 0]	2026-08-15_23-02-29	[0 0 0 0 0 0 0 0 0 0 0 0 1 0 0 0 1 0 0 0 0 0 0 0 0 0 0 0 0 0 0 0 0 0 0 0 0 0 0 0 0 0 0 0 0 0 0 0 0 0 0 0 0 1 0 0 0 0 0 0 0 0 0 1 0 0 0 0 0 0 0 1 0]	2026-08-15_23-02-29	[2]	2026-08-15_23-02-29
4	2026-08-15_23-02-29	-0.8999999761581421	2026-08-15_23-02-29	10.899909973144531	2026-08-15_23-02-29	1.636589527130127	2026-08-15_23-02-29	1.5761476755142212	2026-08-15_23-02-29	3.915048122406006	2026-08-15_23-02-29	3.772125244140625	2026-08-15_23-02-29	True	2026-08-15_23-02-29	[0 1 1 1 0]	2026-08-15_23-02-29	[0 0 0 0 1]	2026-08-15_23-02-29	[0 0 1 0 0 1 0 0 0 0 0 0 0 1 0 0 0 0 0 0 0 0 0 0 0 0 0 0 0 0 0 1 0 0 0 1 0 0 0 0 0 0 0 0 0 0 0 0 0 0 0 0 0 0 0 0 0 0 0 0 0 0 0 0 0 0 0 0 0 0 0 0 0]	2026-08-15_23-02-29	[0 0 0 0 0 0 0 0 0 0 0 0 1 0 0 0 1 0 0 0 0 0 0 0 0 0 0 0 0 0 0 0 0 0 0 0 0 0 0 0 0 0 0 0 0 0 0 0 0 0 0 0 0 1 0 0 0 0 0 0 0 0 0 1 0 0 0 0 0 0 0 1 0]	2026-08-15_23-02-29	[2]	2026-08-15_23-02-29	[0 1 1 0 0]	2026-08-15_23-02-29	[0 0 0 0 0]	2026-08-15_23-02-29	[0 0 1 0 0 1 0 0 0 0 0 0 0 1 0 0 0 0 0 0 0 0 0 0 0 0 0 0 0 0 0 0 0 0 0 1 0 0 0 0 0 0 0 0 0 0 0 0 0 0 0 0 0 0 0 0 0 0 0 0 0 0 0 0 0 0 0 0 0 0 0 0 0]	2026-08-15_23-02-29	[0 0 0 0 0 0 0 0 0 0 0 0 1 0 0 0 0 0 0 0 0 0 0 0 0 0 0 0 0 0 0 0 0 0 0 0 0 0 0 0 0 0 0 0 0 0 0 0 0 0 0 0 0 1 0 0 0 0 0 0 0 0 0 1 0 0 0 0 0 0 0 1 0]	2026-08-15_23-02-29	[2]	2026-08-15_23-02-29
4	2026-08-15_23-02-29	-0.8999999761581421	2026-08-15_23-02-29	10.988895416259766	2026-08-15_23-02-29	1.6376078128814697	2026-08-15_23-02-29	1.5750986337661743	2026-08-15_23-02-29	3.948768377304077	2026-08-15_23-02-29	3.8274197578430176	2026-08-15_23-02-29	True	2026-08-15_23-02-29	[0 1 1 0 0]	2026-08-15_23-02-29	[0 0 0 0 0]	2026-08-15_23-02-29	[0 0 1 0 0 1 0 0 0 0 0 0 0 1 0 0 0 0 0 0 0 0 0 0 0 0 0 0 0 0 0 0 0 0 0 1 0 0 0 0 0 0 0 0 0 0 0 0 0 0 0 0 0 0 0 0 0 0 0 0 0 0 0 0 0 0 0 0 0 0 0 0 0]	2026-08-15_23-02-29	[0 0 0 0 0 0 0 0 0 0 0 0 1 0 0 0 0 0 0 0 0 0 0 0 0 0 0 0 0 0 0 0 0 0 0 0 0 0 0 0 0 0 0 0 0 0 0 0 0 0 0 0 0 1 0 0 0 0 0 0 0 0 0 1 0 0 0 0 0 0 0 1 0]	2026-08-15_23-02-29	[2]	2026-08-15_23-02-29	[0 1 1 1 0]	2026-08-15_23-02-29	[0 0 0 0 1]	2026-08-15_23-02-29	[0 0 1 0 0 1 0 0 0 0 0 0 0 1 0 0 0 0 0 0 0 0 0 0 0 0 0 0 0 0 0 1 0 0 0 1 0 0 0 0 0 0 0 0 0 0 0 0 0 0 0 0 0 0 0 0 0 0 0 0 0 0 0 0 0 0 0 0 0 0 0 0 0]	2026-08-15_23-02-29	[0 0 0 0 0 0 0 0 0 0 0 0 1 0 0 0 1 0 0 0 0 0 0 0 0 0 0 0 0 0 0 0 0 0 0 0 0 0 0 0 0 0 0 0 0 0 0 0 0 0 0 0 0 1 0 0 0 0 0 0 0 0 0 1 0 0 0 0 0 0 0 1 0]	2026-08-15_23-02-29	[2]	2026-08-15_23-02-29
4	2026-08-15_23-02-29	-0.8999999761581421	2026-08-15_23-02-29	10.977069854736328	2026-08-15_23-02-29	1.6375644207000732	2026-08-15_23-02-29	1.5790340900421143	2026-08-15_23-02-29	3.9447021484375	2026-08-15_23-02-29	3.8157691955566406	2026-08-15_23-02-29	True	2026-08-15_23-02-29	[0 1 1 1 0]	2026-08-15_23-02-29	[0 0 0 0 1]	2026-08-15_23-02-29	[0 0 1 0 0 1 0 0 0 0 0 0 0 1 0 0 0 0 0 0 0 0 0 0 0 0 0 0 0 0 0 1 0 0 0 1 0 0 0 0 0 0 0 0 0 0 0 0 0 0 0 0 0 0 0 0 0 0 0 0 0 0 0 0 0 0 0 0 0 0 0 0 0]	2026-08-15_23-02-29	[0 0 0 0 0 0 0 0 0 0 0 0 1 0 0 0 1 0 0 0 0 0 0 0 0 0 0 0 0 0 0 0 0 0 0 0 0 0 0 0 0 0 0 0 0 0 0 0 0 0 0 0 0 1 0 0 0 0 0 0 0 0 0 1 0 0 0 0 0 0 0 1 0]	2026-08-15_23-02-29	[2]	2026-08-15_23-02-29	[0 1 1 0 0]	2026-08-15_23-02-29	[0 0 0 0 0]	2026-08-15_23-02-29	[0 0 1 0 0 1 0 0 0 0 0 0 0 1 0 0 0 0 0 0 0 0 0 0 0 0 0 0 0 0 0 0 0 0 0 1 0 0 0 0 0 0 0 0 0 0 0 0 0 0 0 0 0 0 0 0 0 0 0 0 0 0 0 0 0 0 0 0 0 0 0 0 0]	2026-08-15_23-02-29	[0 0 0 0 0 0 0 0 0 0 0 0 1 0 0 0 0 0 0 0 0 0 0 0 0 0 0 0 0 0 0 0 0 0 0 0 0 0 0 0 0 0 0 0 0 0 0 0 0 0 0 0 0 1 0 0 0 0 0 0 0 0 0 1 0 0 0 0 0 0 0 1 0]	2026-08-15_23-02-29	[2]	2026-08-15_23-02-29
4	2026-08-15_23-02-29	-0.8999999761581421	2026-08-15_23-02-29	10.877175331115723	2026-08-15_23-02-29	1.6371344327926636	2026-08-15_23-02-29	1.5786769390106201	2026-08-15_23-02-29	3.9003891944885254	2026-08-15_23-02-29	3.7609751224517822	2026-08-15_23-02-29	True	2026-08-15_23-02-29	[0 1 1 0 0]	2026-08-15_23-02-29	[0 0 0 0 0]	2026-08-15_23-02-29	[0 0 1 0 0 1 0 0 0 0 0 0 0 1 0 0 0 0 0 0 0 0 0 0 0 0 0 0 0 0 0 0 0 0 0 1 0 0 0 0 0 0 0 0 0 0 0 0 0 0 0 0 0 0 0 0 0 0 0 0 0 0 0 0 0 0 0 0 0 0 0 0 0]	2026-08-15_23-02-29	[0 0 0 0 0 0 0 0 0 0 0 0 1 0 0 0 0 0 0 0 0 0 0 0 0 0 0 0 0 0 0 0 0 0 0 0 0 0 0 0 0 0 0 0 0 0 0 0 0 0 0 0 0 1 0 0 0 0 0 0 0 0 0 1 0 0 0 0 0 0 0 1 0]	2026-08-15_23-02-29	[2]	2026-08-15_23-02-29	[0 1 1 1 0]	2026-08-15_23-02-29	[0 0 0 0 1]	2026-08-15_23-02-29	[0 0 1 0 0 1 0 0 0 0 0 0 0 1 0 0 0 0 0 0 0 0 0 0 0 0 0 0 0 0 0 1 0 0 0 1 0 0 0 0 0 0 0 0 0 0 0 0 0 0 0 0 0 0 0 0 0 0 0 0 0 0 0 0 0 0 0 0 0 0 0 0 0]	2026-08-15_23-02-29	[0 0 0 0 0 0 0 0 0 0 0 0 1 0 0 0 1 0 0 0 0 0 0 0 0 0 0 0 0 0 0 0 0 0 0 0 0 0 0 0 0 0 0 0 0 0 0 0 0 0 0 0 0 1 0 0 0 0 0 0 0 0 0 1 0 0 0 0 0 0 0 1 0]	2026-08-15_23-02-29	[2]	2026-08-15_23-02-29
4	2026-08-15_23-02-29	-0.8999999761581421	2026-08-15_23-02-29	10.893972396850586	2026-08-15_23-02-29	1.637594223022461	2026-08-15_23-02-29	1.5848002433776855	2026-08-15_23-02-29	3.9108142852783203	2026-08-15_23-02-29	3.7607641220092773	2026-08-15_23-02-29	True	2026-08-15_23-02-29	[0 1 1 1 0]	2026-08-15_23-02-29	[0 0 0 0 1]	2026-08-15_23-02-29	[0 0 1 0 0 1 0 0 0 0 0 0 0 1 0 0 0 0 0 0 0 0 0 0 0 0 0 0 0 0 0 1 0 0 0 1 0 0 0 0 0 0 0 0 0 0 0 0 0 0 0 0 0 0 0 0 0 0 0 0 0 0 0 0 0 0 0 0 0 0 0 0 0]	2026-08-15_23-02-29	[0 0 0 0 0 0 0 0 0 0 0 0 1 0 0 0 1 0 0 0 0 0 0 0 0 0 0 0 0 0 0 0 0 0 0 0 0 0 0 0 0 0 0 0 0 0 0 0 0 0 0 0 0 1 0 0 0 0 0 0 0 0 0 1 0 0 0 0 0 0 0 1 0]	2026-08-15_23-02-29	[2]	2026-08-15_23-02-29	[0 1 1 0 0]	2026-08-15_23-02-29	[0 0 0 0 0]	2026-08-15_23-02-29	[0 0 1 0 0 1 0 0 0 0 0 0 0 1 0 0 0 0 0 0 0 0 0 0 0 0 0 0 0 0 0 0 0 0 0 1 0 0 0 0 0 0 0 0 0 0 0 0 0 0 0 0 0 0 0 0 0 0 0 0 0 0 0 0 0 0 0 0 0 0 0 0 0]	2026-08-15_23-02-29	[0 0 0 0 0 0 0 0 0 0 0 0 1 0 0 0 0 0 0 0 0 0 0 0 0 0 0 0 0 0 0 0 0 0 0 0 0 0 0 0 0 0 0 0 0 0 0 0 0 0 0 0 0 1 0 0 0 0 0 0 0 0 0 1 0 0 0 0 0 0 0 1 0]	2026-08-15_23-02-29	[2]	2026-08-15_23-02-29
5	2026-08-16_00-57-40	-0.8999999761581421	2026-08-16_00-57-40	10.782819747924805	2026-08-16_00-57-40	1.3078235387802124	2026-08-16_00-57-40	1.4731013774871826	2026-08-16_00-57-40	3.9014811515808105	2026-08-16_00-57-40	4.100413799285889	2026-08-16_00-57-40	True	2026-08-16_00-57-40	[0 0 0 0 0]	2026-08-16_00-57-40	[1 1 0 1 0]	2026-08-16_00-57-40	[0 0 0 0 0 0 0 0 0 0 0 0 0 0 0 0 0 0 0 0 0 0 0 0 0 0 0 0 0 0 0 0 0 0 0 0 0 0 0 0 0 0 0 0 0 1 0 0 0 0 0 0 0 0 0 0 0 0 0 0 0 0 0 0 0 0 0 0 0 0 0 0 0]	2026-08-16_00-57-40	[0 0 0 0 0 0 0 0 0 0 0 0 0 0 0 0 0 0 0 0 0 0 0 0 0 0 0 0 0 0 0 0 0 0 0 0 0 0 0 0 0 0 0 0 0 0 0 0 0 0 0 0 0 0 0 0 0 0 0 0 0 0 0 0 0 0 0 0 0 0 0 0 0]	2026-08-16_00-57-40	[0]	2026-08-16_00-57-40	[0 0 0 0 0]	2026-08-16_00-57-40	[1 1 0 1 0]	2026-08-16_00-57-40	[0 0 0 0 0 1 0 0 0 0 0 0 0 0 0 0 0 0 0 0 0 0 0 0 0 0 0 0 0 0 0 0 0 0 0 0 0 0 0 0 0 0 0 0 0 1 0 0 0 0 0 0 0 0 0 0 0 0 0 0 0 0 0 0 0 0 0 0 0 0 0 0 0]	2026-08-16_00-57-40	[0 0 0 0 0 0 0 0 0 0 0 0 0 0 0 0 0 0 0 0 0 0 0 0 0 1 0 0 0 0 0 0 0 0 0 0 0 0 0 0 0 0 0 0 0 0 0 0 0 0 0 0 0 0 0 0 0 0 0 0 0 0 0 0 0 0 0 0 0 0 0 0 0]	2026-08-16_00-57-40	[2]	2026-08-16_00-57-40
5	2026-08-16_00-57-40	-0.8999999761581421	2026-08-16_00-57-40	11.220146179199219	2026-08-16_00-57-40	1.5861310958862305	2026-08-16_00-57-40	1.550402045249939	2026-08-16_00-57-40	3.9856467247009277	2026-08-16_00-57-40	4.097966194152832	2026-08-16_00-57-40	True	2026-08-16_00-57-40	[0 0 0 0 0]	2026-08-16_00-57-40	[1 1 0 1 0]	2026-08-16_00-57-40	[0 0 0 0 0 1 0 0 0 0 0 0 0 0 0 0 0 0 0 0 0 0 0 0 0 0 0 0 0 0 0 0 0 0 0 0 0 0 0 0 0 0 0 0 0 1 0 0 0 0 0 0 0 0 0 0 0 0 0 0 0 0 0 0 0 0 0 0 0 0 0 0 0]	2026-08-16_00-57-40	[0 0 0 0 0 0 0 0 0 0 0 0 0 0 0 0 0 0 0 0 0 0 0 0 0 1 0 0 0 0 0 0 0 0 0 0 0 0 0 0 0 0 0 0 0 0 0 0 0 0 0 0 0 0 0 0 0 0 0 0 0 0 0 0 0 0 0 0 0 0 0 0 0]	2026-08-16_00-57-40	[2]	2026-08-16_00-57-40	[0 0 0 0 1]	2026-08-16_00-57-40	[0 1 0 1 0]	2026-08-16_00-57-40	[0 0 0 0 0 0 0 0 0 0 0 0 0 0 0 0 0 0 0 0 0 0 0 0 0 0 0 0 0 0 0 0 0 0 0 0 0 0 0 0 0 0 0 0 0 1 0 0 0 0 0 0 0 0 0 0 0 0 0 0 0 0 0 0 0 0 0 0 0 0 0 0 0]	2026-08-16_00-57-40	[0 0 0 0 0 0 0 0 0 0 0 0 0 0 0 0 0 0 0 0 0 0 0 0 0 1 0 0 0 0 0 0 0 0 0 0 0 0 0 0 0 0 0 0 0 0 0 0 0 0 0 0 0 0 0 0 0 0 0 0 1 0 0 0 0 0 0 0 0 0 0 0 0]	2026-08-16_00-57-40	[2]	2026-08-16_00-57-40
5	2026-08-16_00-57-40	-0.8999999761581421	2026-08-16_00-57-40	11.217544555664062	2026-08-16_00-57-40	1.6046249866485596	2026-08-16_00-57-40	1.5730923414230347	2026-08-16_00-57-40	3.9778146743774414	2026-08-16_00-57-40	4.062012672424316	2026-08-16_00-57-40	True	2026-08-16_00-57-40	[0 0 0 0 1]	2026-08-16_00-57-40	[0 1 0 1 0]	2026-08-16_00-57-40	[0 0 0 0 0 0 0 0 0 0 0 0 0 0 0 0 0 0 0 0 0 0 0 0 0 0 0 0 0 0 0 0 0 0 0 0 0 0 0 0 0 0 0 0 0 1 0 0 0 0 0 0 0 0 0 0 0 0 0 0 0 0 0 0 0 0 0 0 0 0 0 0 0]	2026-08-16_00-57-40	[0 0 0 0 0 0 0 0 0 0 0 0 0 0 0 0 0 0 0 0 0 0 0 0 0 1 0 0 0 0 0 0 0 0 0 0 0 0 0 0 0 0 0 0 0 0 0 0 0 0 0 0 0 0 0 0 0 0 0 0 1 0 0 0 0 0 0 0 0 0 0 0 0]	2026-08-16_00-57-40	[2]	2026-08-16_00-57-40	[0 0 0 0 0]	2026-08-16_00-57-40	[1 1 0 1 0]	2026-08-16_00-57-40	[0 0 0 0 0 0 0 0 0 0 0 0 0 0 0 0 0 0 0 0 0 0 0 0 0 0 0 0 0 0 0 0 0 0 0 0 0 0 0 0 0 0 0 0 0 1 0 0 0 0 0 0 0 0 0 0 0 0 0 0 0 0 0 0 0 0 0 0 1 0 0 0 0]	2026-08-16_00-57-40	[0 0 0 0 0 0 0 0 0 0 0 0 0 0 0 0 0 0 0 0 0 0 0 0 0 0 0 0 0 0 0 0 0 0 0 0 0 0 0 0 0 0 0 0 0 0 0 0 0 0 0 0 0 0 0 0 0 0 0 0 1 0 0 0 0 0 0 0 0 0 0 0 0]	2026-08-16_00-57-40	[2]	2026-08-16_00-57-40
5	2026-08-16_00-57-40	-0.8999999761581421	2026-08-16_00-57-40	11.172807693481445	2026-08-16_00-57-40	1.5789124965667725	2026-08-16_00-57-40	1.5559176206588745	2026-08-16_00-57-40	3.953587055206299	2026-08-16_00-57-40	4.084390163421631	2026-08-16_00-57-40	True	2026-08-16_00-57-40	[0 0 0 0 0]	2026-08-16_00-57-40	[1 1 0 1 0]	2026-08-16_00-57-40	[0 0 0 0 0 0 0 0 0 0 0 0 0 0 0 0 0 0 0 0 0 0 0 0 0 0 0 0 0 0 0 0 0 0 0 0 0 0 0 0 0 0 0 0 0 1 0 0 0 0 0 0 0 0 0 0 0 0 0 0 0 0 0 0 0 0 0 0 1 0 0 0 0]	2026-08-16_00-57-40	[0 0 0 0 0 0 0 0 0 0 0 0 0 0 0 0 0 0 0 0 0 0 0 0 0 0 0 0 0 0 0 0 0 0 0 0 0 0 0 0 0 0 0 0 0 0 0 0 0 0 0 0 0 0 0 0 0 0 0 0 1 0 0 0 0 0 0 0 0 0 0 0 0]	2026-08-16_00-57-40	[2]	2026-08-16_00-57-40	[0 0 0 0 1]	2026-08-16_00-57-40	[0 1 0 1 0]	2026-08-16_00-57-40	[0 0 0 0 0 1 0 0 0 0 0 0 0 0 0 0 0 0 0 0 0 0 0 0 0 0 0 0 0 0 0 0 0 0 0 0 0 0 0 0 0 0 0 0 0 1 0 0 0 0 0 0 0 0 0 0 0 0 0 0 0 0 0 0 0 0 0 0 1 0 0 0 0]	2026-08-16_00-57-40	[0 0 0 0 0 1 0 0 0 0 0 0 0 0 0 0 0 0 0 0 0 0 0 0 0 0 0 0 0 0 0 0 0 0 0 0 0 0 0 0 0 0 0 0 0 0 0 0 0 0 0 0 0 0 0 0 0 0 0 0 1 0 0 0 0 0 0 0 0 0 0 0 0]	2026-08-16_00-57-40	[2]	2026-08-16_00-57-40
5	2026-08-16_00-57-40	-0.8999999761581421	2026-08-16_00-57-40	11.24865436553955	2026-08-16_00-57-40	1.6025207042694092	2026-08-16_00-57-40	1.5703835487365723	2026-08-16_00-57-40	3.9953455924987793	2026-08-16_00-57-40	4.080404281616211	2026-08-16_00-57-40	True	2026-08-16_00-57-40	[0 0 0 0 1]	2026-08-16_00-57-40	[0 1 0 1 0]	2026-08-16_00-57-40	[0 0 0 0 0 1 0 0 0 0 0 0 0 0 0 0 0 0 0 0 0 0 0 0 0 0 0 0 0 0 0 0 0 0 0 0 0 0 0 0 0 0 0 0 0 1 0 0 0 0 0 0 0 0 0 0 0 0 0 0 0 0 0 0 0 0 0 0 1 0 0 0 0]	2026-08-16_00-57-40	[0 0 0 0 0 1 0 0 0 0 0 0 0 0 0 0 0 0 0 0 0 0 0 0 0 0 0 0 0 0 0 0 0 0 0 0 0 0 0 0 0 0 0 0 0 0 0 0 0 0 0 0 0 0 0 0 0 0 0 0 1 0 0 0 0 0 0 0 0 0 0 0 0]	2026-08-16_00-57-40	[2]	2026-08-16_00-57-40	[0 0 0 0 0]	2026-08-16_00-57-40	[1 1 0 1 0]	2026-08-16_00-57-40	[0 0 0 0 0 1 0 0 0 0 0 0 0 0 0 0 0 0 0 0 0 0 0 0 0 0 0 0 0 0 0 0 0 0 0 0 0 0 0 0 0 0 0 0 0 1 0 0 0 0 0 0 0 0 0 0 0 0 0 0 0 0 0 0 0 0 0 0 0 0 0 0 0]	2026-08-16_00-57-40	[0 0 0 0 0 1 0 0 0 0 0 0 0 0 0 0 0 0 0 0 0 0 0 0 0 1 0 0 0 0 0 0 0 0 0 0 0 0 0 0 0 0 0 0 0 0 0 0 0 0 0 0 0 0 0 0 0 0 0 0 1 0 0 0 0 0 0 0 0 0 0 0 0]	2026-08-16_00-57-40	[2]	2026-08-16_00-57-40
5	2026-08-16_00-57-40	-0.8999999761581421	2026-08-16_00-57-40	11.234307289123535	2026-08-16_00-57-40	1.5864791870117188	2026-08-16_00-57-40	1.5595099925994873	2026-08-16_00-57-40	3.9904696941375732	2026-08-16_00-57-40	4.097848415374756	2026-08-16_00-57-40	True	2026-08-16_00-57-40	[0 0 0 0 0]	2026-08-16_00-57-40	[1 1 0 1 0]	2026-08-16_00-57-40	[0 0 0 0 0 1 0 0 0 0 0 0 0 0 0 0 0 0 0 0 0 0 0 0 0 0 0 0 0 0 0 0 0 0 0 0 0 0 0 0 0 0 0 0 0 1 0 0 0 0 0 0 0 0 0 0 0 0 0 0 0 0 0 0 0 0 0 0 0 0 0 0 0]	2026-08-16_00-57-40	[0 0 0 0 0 1 0 0 0 0 0 0 0 0 0 0 0 0 0 0 0 0 0 0 0 1 0 0 0 0 0 0 0 0 0 0 0 0 0 0 0 0 0 0 0 0 0 0 0 0 0 0 0 0 0 0 0 0 0 0 1 0 0 0 0 0 0 0 0 0 0 0 0]	2026-08-16_00-57-40	[2]	2026-08-16_00-57-40	[0 0 0 0 1]	2026-08-16_00-57-40	[0 1 0 1 0]	2026-08-16_00-57-40	[0 0 0 0 0 0 0 0 0 0 0 0 0 0 0 0 0 0 0 0 0 0 0 0 0 0 0 0 0 0 0 0 0 0 0 0 0 0 0 0 0 0 0 0 0 1 0 0 0 0 0 0 0 0 0 0 0 0 0 0 0 0 0 0 0 0 0 0 0 0 0 0 0]	2026-08-16_00-57-40	[0 0 0 0 0 1 0 0 0 0 0 0 0 0 0 0 0 0 0 0 0 0 0 0 0 1 0 0 0 0 0 0 0 0 0 0 0 0 0 0 0 0 0 0 0 0 0 0 0 0 0 0 0 0 0 0 0 0 0 0 0 0 0 0 0 0 0 0 0 0 0 0 0]	2026-08-16_00-57-40	[2]	2026-08-16_00-57-40
5	2026-08-16_00-57-40	-0.8999999761581421	2026-08-16_00-57-40	11.220667839050293	2026-08-16_00-57-40	1.5962570905685425	2026-08-16_00-57-40	1.5771125555038452	2026-08-16_00-57-40	3.976738929748535	2026-08-16_00-57-40	4.070559501647949	2026-08-16_00-57-40	True	2026-08-16_00-57-40	[0 0 0 0 1]	2026-08-16_00-57-40	[0 1 0 1 0]	2026-08-16_00-57-40	[0 0 0 0 0 0 0 0 0 0 0 0 0 0 0 0 0 0 0 0 0 0 0 0 0 0 0 0 0 0 0 0 0 0 0 0 0 0 0 0 0 0 0 0 0 1 0 0 0 0 0 0 0 0 0 0 0 0 0 0 0 0 0 0 0 0 0 0 0 0 0 0 0]	2026-08-16_00-57-40	[0 0 0 0 0 1 0 0 0 0 0 0 0 0 0 0 0 0 0 0 0 0 0 0 0 1 0 0 0 0 0 0 0 0 0 0 0 0 0 0 0 0 0 0 0 0 0 0 0 0 0 0 0 0 0 0 0 0 0 0 0 0 0 0 0 0 0 0 0 0 0 0 0]	2026-08-16_00-57-40	[2]	2026-08-16_00-57-40	[0 0 0 0 0]	2026-08-16_00-57-40	[1 1 0 1 0]	2026-08-16_00-57-40	[0 0 0 0 0 0 0 0 0 0 0 0 0 0 0 0 0 0 0 0 0 0 0 0 0 0 0 0 0 0 0 0 0 0 0 0 0 0 0 0 0 0 0 0 0 1 0 0 0 0 0 0 0 0 0 0 0 0 0 0 0 0 0 0 0 0 0 0 1 0 0 0 0]	2026-08-16_00-57-40	[0 0 0 0 0 1 0 0 0 0 0 0 0 0 0 0 0 0 0 0 0 0 0 0 0 0 0 0 0 0 0 0 0 0 0 0 0 0 0 0 0 0 0 0 0 0 0 0 0 0 0 0 0 0 0 0 0 0 0 0 0 0 0 0 0 0 0 0 0 0 0 0 0]	2026-08-16_00-57-40	[2]	2026-08-16_00-57-40
5	2026-08-16_00-57-40	-0.8999999761581421	2026-08-16_00-57-40	11.202445983886719	2026-08-16_00-57-40	1.5828238725662231	2026-08-16_00-57-40	1.5519568920135498	2026-08-16_00-57-40	3.9738383293151855	2026-08-16_00-57-40	4.093826770782471	2026-08-16_00-57-40	True	2026-08-16_00-57-40	[0 0 0 0 0]	2026-08-16_00-57-40	[1 1 0 1 0]	2026-08-16_00-57-40	[0 0 0 0 0 0 0 0 0 0 0 0 0 0 0 0 0 0 0 0 0 0 0 0 0 0 0 0 0 0 0 0 0 0 0 0 0 0 0 0 0 0 0 0 0 1 0 0 0 0 0 0 0 0 0 0 0 0 0 0 0 0 0 0 0 0 0 0 1 0 0 0 0]	2026-08-16_00-57-40	[0 0 0 0 0 1 0 0 0 0 0 0 0 0 0 0 0 0 0 0 0 0 0 0 0 0 0 0 0 0 0 0 0 0 0 0 0 0 0 0 0 0 0 0 0 0 0 0 0 0 0 0 0 0 0 0 0 0 0 0 0 0 0 0 0 0 0 0 0 0 0 0 0]	2026-08-16_00-57-40	[2]	2026-08-16_00-57-40	[0 0 0 0 1]	2026-08-16_00-57-40	[0 1 0 1 0]	2026-08-16_00-57-40	[0 0 0 0 0 1 0 0 0 0 0 0 0 0 0 0 0 0 0 0 0 0 0 0 0 0 0 0 0 0 0 0 0 0 0 0 0 0 0 0 0 0 0 0 0 1 0 0 0 0 0 0 0 0 0 0 0 0 0 0 0 0 0 0 0 0 0 0 1 0 0 0 0]	2026-08-16_00-57-40	[0 0 0 0 0 1 0 0 0 0 0 0 0 0 0 0 0 0 0 0 0 0 0 0 0 0 0 0 0 0 0 0 0 0 0 0 0 0 0 0 0 0 0 0 0 0 0 0 0 0 0 0 0 0 0 0 0 0 0 0 1 0 0 0 0 0 0 0 0 0 0 0 0]	2026-08-16_00-57-40	[2]	2026-08-16_00-57-40
5	2026-08-16_00-57-40	-0.8999999761581421	2026-08-16_00-57-40	11.224002838134766	2026-08-16_00-57-40	1.596946358680725	2026-08-16_00-57-40	1.5701721906661987	2026-08-16_00-57-40	3.9815359115600586	2026-08-16_00-57-40	4.075348854064941	2026-08-16_00-57-40	True	2026-08-16_00-57-40	[0 0 0 0 1]	2026-08-16_00-57-40	[0 1 0 1 0]	2026-08-16_00-57-40	[0 0 0 0 0 1 0 0 0 0 0 0 0 0 0 0 0 0 0 0 0 0 0 0 0 0 0 0 0 0 0 0 0 0 0 0 0 0 0 0 0 0 0 0 0 1 0 0 0 0 0 0 0 0 0 0 0 0 0 0 0 0 0 0 0 0 0 0 1 0 0 0 0]	2026-08-16_00-57-40	[0 0 0 0 0 1 0 0 0 0 0 0 0 0 0 0 0 0 0 0 0 0 0 0 0 0 0 0 0 0 0 0 0 0 0 0 0 0 0 0 0 0 0 0 0 0 0 0 0 0 0 0 0 0 0 0 0 0 0 0 1 0 0 0 0 0 0 0 0 0 0 0 0]	2026-08-16_00-57-40	[2]	2026-08-16_00-57-40	[0 0 0 0 0]	2026-08-16_00-57-40	[1 1 0 1 0]	2026-08-16_00-57-40	[0 0 0 0 0 1 0 0 0 0 0 0 0 0 0 0 0 0 0 0 0 0 0 0 0 0 0 0 0 0 0 0 0 0 0 0 0 0 0 0 0 0 0 0 0 1 0 0 0 0 0 0 0 0 0 0 0 0 0 0 0 0 0 0 0 0 0 0 0 0 0 0 0]	2026-08-16_00-57-40	[0 0 0 0 0 1 0 0 0 0 0 0 0 0 0 0 0 0 0 0 0 0 0 0 0 1 0 0 0 0 0 0 0 0 0 0 0 0 0 0 0 0 0 0 0 0 0 0 0 0 0 0 0 0 0 0 0 0 0 0 1 0 0 0 0 0 0 0 0 0 0 0 0]	2026-08-16_00-57-40	[2]	2026-08-16_00-57-40
5	2026-08-16_00-57-40	-0.8999999761581421	2026-08-16_00-57-40	11.229890823364258	2026-08-16_00-57-40	1.5859389305114746	2026-08-16_00-57-40	1.5543076992034912	2026-08-16_00-57-40	3.9904019832611084	2026-08-16_00-57-40	4.099242210388184	2026-08-16_00-57-40	True	2026-08-16_00-57-40	[0 0 0 0 0]	2026-08-16_00-57-40	[1 1 0 1 0]	2026-08-16_00-57-40	[0 0 0 0 0 1 0 0 0 0 0 0 0 0 0 0 0 0 0 0 0 0 0 0 0 0 0 0 0 0 0 0 0 0 0 0 0 0 0 0 0 0 0 0 0 1 0 0 0 0 0 0 0 0 0 0 0 0 0 0 0 0 0 0 0 0 0 0 0 0 0 0 0]	2026-08-16_00-57-40	[0 0 0 0 0 1 0 0 0 0 0 0 0 0 0 0 0 0 0 0 0 0 0 0 0 1 0 0 0 0 0 0 0 0 0 0 0 0 0 0 0 0 0 0 0 0 0 0 0 0 0 0 0 0 0 0 0 0 0 0 1 0 0 0 0 0 0 0 0 0 0 0 0]	2026-08-16_00-57-40	[2]	2026-08-16_00-57-40	[0 0 0 0 1]	2026-08-16_00-57-40	[0 1 0 1 0]	2026-08-16_00-57-40	[0 0 0 0 0 0 0 0 0 0 0 0 0 0 0 0 0 0 0 0 0 0 0 0 0 0 0 0 0 0 0 0 0 0 0 0 0 0 0 0 0 0 0 0 0 1 0 0 0 0 0 0 0 0 0 0 0 0 0 0 0 0 0 0 0 0 0 0 0 0 0 0 0]	2026-08-16_00-57-40	[0 0 0 0 0 1 0 0 0 0 0 0 0 0 0 0 0 0 0 0 0 0 0 0 0 1 0 0 0 0 0 0 0 0 0 0 0 0 0 0 0 0 0 0 0 0 0 0 0 0 0 0 0 0 0 0 0 0 0 0 0 0 0 0 0 0 0 0 0 0 0 0 0]	2026-08-16_00-57-40	[2]	2026-08-16_00-57-40
5	2026-08-16_00-57-40	-0.8999999761581421	2026-08-16_00-57-40	11.213668823242188	2026-08-16_00-57-40	1.59994375705719	2026-08-16_00-57-40	1.570568561553955	2026-08-16_00-57-40	3.979961633682251	2026-08-16_00-57-40	4.063194751739502	2026-08-16_00-57-40	True	2026-08-16_00-57-40	[0 0 0 0 1]	2026-08-16_00-57-40	[0 1 0 1 0]	2026-08-16_00-57-40	[0 0 0 0 0 0 0 0 0 0 0 0 0 0 0 0 0 0 0 0 0 0 0 0 0 0 0 0 0 0 0 0 0 0 0 0 0 0 0 0 0 0 0 0 0 1 0 0 0 0 0 0 0 0 0 0 0 0 0 0 0 0 0 0 0 0 0 0 0 0 0 0 0]	2026-08-16_00-57-40	[0 0 0 0 0 1 0 0 0 0 0 0 0 0 0 0 0 0 0 0 0 0 0 0 0 1 0 0 0 0 0 0 0 0 0 0 0 0 0 0 0 0 0 0 0 0 0 0 0 0 0 0 0 0 0 0 0 0 0 0 0 0 0 0 0 0 0 0 0 0 0 0 0]	2026-08-16_00-57-40	[2]	2026-08-16_00-57-40	[0 0 0 0 0]	2026-08-16_00-57-40	[1 1 0 1 0]	2026-08-16_00-57-40	[0 0 0 0 0 0 0 0 0 0 0 0 0 0 0 0 0 0 0 0 0 0 0 0 0 0 0 0 0 0 0 0 0 0 0 0 0 0 0 0 0 0 0 0 0 1 0 0 0 0 0 0 0 0 0 0 0 0 0 0 0 0 0 0 0 0 0 0 1 0 0 0 0]	2026-08-16_00-57-40	[0 0 0 0 0 1 0 0 1 0 0 0 0 0 0 0 0 0 0 0 0 0 0 0 0 1 0 0 0 0 0 0 0 0 0 0 0 0 0 0 0 0 0 0 0 0 0 0 0 0 0 0 0 0 0 0 0 0 0 0 0 0 0 0 0 0 0 0 0 0 0 0 0]	2026-08-16_00-57-40	[2]	2026-08-16_00-57-40
5	2026-08-16_00-57-40	-0.8999999761581421	2026-08-16_00-57-40	11.200820922851562	2026-08-16_00-57-40	1.583315134048462	2026-08-16_00-57-40	1.5580182075500488	2026-08-16_00-57-40	3.971362590789795	2026-08-16_00-57-40	4.088125228881836	2026-08-16_00-57-40	True	2026-08-16_00-57-40	[0 0 0 0 0]	2026-08-16_00-57-40	[1 1 0 1 0]	2026-08-16_00-57-40	[0 0 0 0 0 0 0 0 0 0 0 0 0 0 0 0 0 0 0 0 0 0 0 0 0 0 0 0 0 0 0 0 0 0 0 0 0 0 0 0 0 0 0 0 0 1 0 0 0 0 0 0 0 0 0 0 0 0 0 0 0 0 0 0 0 0 0 0 1 0 0 0 0]	2026-08-16_00-57-40	[0 0 0 0 0 1 0 0 1 0 0 0 0 0 0 0 0 0 0 0 0 0 0 0 0 1 0 0 0 0 0 0 0 0 0 0 0 0 0 0 0 0 0 0 0 0 0 0 0 0 0 0 0 0 0 0 0 0 0 0 0 0 0 0 0 0 0 0 0 0 0 0 0]	2026-08-16_00-57-40	[2]	2026-08-16_00-57-40	[0 0 0 0 1]	2026-08-16_00-57-40	[0 1 0 1 0]	2026-08-16_00-57-40	[0 0 0 0 0 1 0 0 0 0 0 0 0 0 0 0 0 0 0 0 0 0 0 0 0 0 0 0 0 0 0 0 0 0 0 0 0 0 0 0 0 0 0 0 0 1 0 0 0 0 0 0 0 0 0 0 0 0 0 0 0 0 0 0 0 0 0 0 1 0 0 0 0]	2026-08-16_00-57-40	[0 0 0 0 0 0 0 0 1 0 0 0 0 0 0 0 0 0 0 0 0 0 0 0 0 1 0 0 0 0 0 0 0 0 0 0 0 0 0 0 0 0 0 0 0 0 0 0 0 0 0 0 0 0 0 0 0 0 0 0 0 0 0 0 0 0 0 0 0 0 0 0 0]	2026-08-16_00-57-40	[2]	2026-08-16_00-57-40
5	2026-08-16_00-57-40	-0.8999999761581421	2026-08-16_00-57-40	11.229646682739258	2026-08-16_00-57-40	1.5970457792282104	2026-08-16_00-57-40	1.573291540145874	2026-08-16_00-57-40	3.981736183166504	2026-08-16_00-57-40	4.077573776245117	2026-08-16_00-57-40	True	2026-08-16_00-57-40	[0 0 0 0 1]	2026-08-16_00-57-40	[0 1 0 1 0]	2026-08-16_00-57-40	[0 0 0 0 0 1 0 0 0 0 0 0 0 0 0 0 0 0 0 0 0 0 0 0 0 0 0 0 0 0 0 0 0 0 0 0 0 0 0 0 0 0 0 0 0 1 0 0 0 0 0 0 0 0 0 0 0 0 0 0 0 0 0 0 0 0 0 0 1 0 0 0 0]	2026-08-16_00-57-40	[0 0 0 0 0 0 0 0 1 0 0 0 0 0 0 0 0 0 0 0 0 0 0 0 0 1 0 0 0 0 0 0 0 0 0 0 0 0 0 0 0 0 0 0 0 0 0 0 0 0 0 0 0 0 0 0 0 0 0 0 0 0 0 0 0 0 0 0 0 0 0 0 0]	2026-08-16_00-57-40	[2]	2026-08-16_00-57-40	[0 0 0 0 0]	2026-08-16_00-57-40	[1 1 0 1 0]	2026-08-16_00-57-40	[0 0 0 0 0 1 0 0 0 0 0 0 0 0 0 0 0 0 0 0 0 0 0 0 0 0 0 0 0 0 0 0 0 0 0 0 0 0 0 0 0 0 0 0 0 1 0 0 0 0 0 0 0 0 0 0 0 0 0 0 0 0 0 0 0 0 0 0 0 0 0 0 0]	2026-08-16_00-57-40	[0 0 0 0 0 0 0 0 0 0 0 0 0 0 0 0 0 0 0 0 0 0 0 0 0 1 0 0 0 0 0 0 0 0 0 0 0 0 0 0 0 0 0 0 0 0 0 0 0 0 0 0 0 0 0 0 0 0 0 0 0 0 0 0 0 0 0 0 0 0 0 0 0]	2026-08-16_00-57-40	[2]	2026-08-16_00-57-40
5	2026-08-16_00-57-40	-0.8999999761581421	2026-08-16_00-57-40	11.202943801879883	2026-08-16_00-57-40	1.5818328857421875	2026-08-16_00-57-40	1.5630968809127808	2026-08-16_00-57-40	3.9710795879364014	2026-08-16_00-57-40	4.086934566497803	2026-08-16_00-57-40	True	2026-08-16_00-57-40	[0 0 0 0 0]	2026-08-16_00-57-40	[1 1 0 1 0]	2026-08-16_00-57-40	[0 0 0 0 0 1 0 0 0 0 0 0 0 0 0 0 0 0 0 0 0 0 0 0 0 0 0 0 0 0 0 0 0 0 0 0 0 0 0 0 0 0 0 0 0 1 0 0 0 0 0 0 0 0 0 0 0 0 0 0 0 0 0 0 0 0 0 0 0 0 0 0 0]	2026-08-16_00-57-40	[0 0 0 0 0 0 0 0 0 0 0 0 0 0 0 0 0 0 0 0 0 0 0 0 0 1 0 0 0 0 0 0 0 0 0 0 0 0 0 0 0 0 0 0 0 0 0 0 0 0 0 0 0 0 0 0 0 0 0 0 0 0 0 0 0 0 0 0 0 0 0 0 0]	2026-08-16_00-57-40	[2]	2026-08-16_00-57-40	[0 0 0 0 1]	2026-08-16_00-57-40	[0 1 0 1 0]	2026-08-16_00-57-40	[0 0 0 0 0 0 0 0 0 0 0 0 0 0 0 0 0 0 0 0 0 0 0 0 0 0 0 0 0 0 0 0 0 0 0 0 0 0 0 0 0 0 0 0 0 1 0 0 0 0 0 0 0 0 0 0 0 0 0 0 0 0 0 0 0 0 0 0 0 0 0 0 0]	2026-08-16_00-57-40	[0 0 0 0 0 1 0 0 0 0 0 0 0 0 0 0 0 0 0 0 0 0 0 0 0 1 0 0 0 0 0 0 0 0 0 0 0 0 0 0 0 0 0 0 0 0 0 0 0 0 0 0 0 0 0 0 0 0 0 0 0 0 0 0 0 0 0 0 0 0 0 0 0]	2026-08-16_00-57-40	[2]	2026-08-16_00-57-40
5	2026-08-16_00-57-40	-0.8999999761581421	2026-08-16_00-57-40	11.214348793029785	2026-08-16_00-57-40	1.6032359600067139	2026-08-16_00-57-40	1.5739351511001587	2026-08-16_00-57-40	3.97741961479187	2026-08-16_00-57-40	4.059758186340332	2026-08-16_00-57-40	True	2026-08-16_00-57-40	[0 0 0 0 1]	2026-08-16_00-57-40	[0 1 0 1 0]	2026-08-16_00-57-40	[0 0 0 0 0 0 0 0 0 0 0 0 0 0 0 0 0 0 0 0 0 0 0 0 0 0 0 0 0 0 0 0 0 0 0 0 0 0 0 0 0 0 0 0 0 1 0 0 0 0 0 0 0 0 0 0 0 0 0 0 0 0 0 0 0 0 0 0 0 0 0 0 0]	2026-08-16_00-57-40	[0 0 0 0 0 1 0 0 0 0 0 0 0 0 0 0 0 0 0 0 0 0 0 0 0 1 0 0 0 0 0 0 0 0 0 0 0 0 0 0 0 0 0 0 0 0 0 0 0 0 0 0 0 0 0 0 0 0 0 0 0 0 0 0 0 0 0 0 0 0 0 0 0]	2026-08-16_00-57-40	[2]	2026-08-16_00-57-40	[0 0 0 0 0]	2026-08-16_00-57-40	[1 1 0 1 0]	2026-08-16_00-57-40	[0 0 0 0 0 0 0 0 0 0 0 0 0 0 0 0 0 0 0 0 0 0 0 0 0 0 0 0 0 0 0 0 0 0 0 0 0 0 0 0 0 0 0 0 0 1 0 0 0 0 0 0 0 0 0 0 0 0 0 0 0 0 0 0 0 0 0 0 1 0 0 0 0]	2026-08-16_00-57-40	[0 0 0 0 0 1 0 0 1 0 0 0 0 0 0 0 0 0 0 0 0 0 0 0 0 1 0 0 0 0 0 0 0 0 0 0 0 0 0 0 0 0 0 0 0 0 0 0 0 0 0 0 0 0 0 0 0 0 0 0 0 0 0 0 0 0 0 0 0 0 0 0 0]	2026-08-16_00-57-40	[2]	2026-08-16_00-57-40
5	2026-08-16_00-57-40	-0.8999999761581421	2026-08-16_00-57-40	11.202985763549805	2026-08-16_00-57-40	1.5825121402740479	2026-08-16_00-57-40	1.5526515245437622	2026-08-16_00-57-40	3.9747743606567383	2026-08-16_00-57-40	4.093047142028809	2026-08-16_00-57-40	True	2026-08-16_00-57-40	[0 0 0 0 0]	2026-08-16_00-57-40	[1 1 0 1 0]	2026-08-16_00-57-40	[0 0 0 0 0 0 0 0 0 0 0 0 0 0 0 0 0 0 0 0 0 0 0 0 0 0 0 0 0 0 0 0 0 0 0 0 0 0 0 0 0 0 0 0 0 1 0 0 0 0 0 0 0 0 0 0 0 0 0 0 0 0 0 0 0 0 0 0 1 0 0 0 0]	2026-08-16_00-57-40	[0 0 0 0 0 1 0 0 1 0 0 0 0 0 0 0 0 0 0 0 0 0 0 0 0 1 0 0 0 0 0 0 0 0 0 0 0 0 0 0 0 0 0 0 0 0 0 0 0 0 0 0 0 0 0 0 0 0 0 0 0 0 0 0 0 0 0 0 0 0 0 0 0]	2026-08-16_00-57-40	[2]	2026-08-16_00-57-40	[0 0 0 0 1]	2026-08-16_00-57-40	[0 1 0 1 0]	2026-08-16_00-57-40	[0 0 0 0 0 1 0 0 0 0 0 0 0 0 0 0 0 0 0 0 0 0 0 0 0 0 0 0 0 0 0 0 0 0 0 0 0 0 0 0 0 0 0 0 0 1 0 0 0 0 0 0 0 0 0 0 0 0 0 0 0 0 0 0 0 0 0 0 1 0 0 0 0]	2026-08-16_00-57-40	[0 0 0 0 0 1 0 0 1 0 0 0 0 0 0 0 0 0 0 0 0 0 0 0 0 1 0 0 0 0 0 0 0 0 0 0 0 0 0 0 0 0 0 0 0 0 0 0 0 0 0 0 0 0 0 0 0 0 0 0 1 0 0 0 0 0 0 0 0 0 0 0 0]	2026-08-16_00-57-40	[2]	2026-08-16_00-57-40
5	2026-08-16_00-57-40	-0.8999999761581421	2026-08-16_00-57-40	11.256179809570312	2026-08-16_00-57-40	1.60331130027771	2026-08-16_00-57-40	1.570426344871521	2026-08-16_00-57-40	3.997459888458252	2026-08-16_00-57-40	4.084982395172119	2026-08-16_00-57-40	True	2026-08-16_00-57-40	[0 0 0 0 1]	2026-08-16_00-57-40	[0 1 0 1 0]	2026-08-16_00-57-40	[0 0 0 0 0 1 0 0 0 0 0 0 0 0 0 0 0 0 0 0 0 0 0 0 0 0 0 0 0 0 0 0 0 0 0 0 0 0 0 0 0 0 0 0 0 1 0 0 0 0 0 0 0 0 0 0 0 0 0 0 0 0 0 0 0 0 0 0 1 0 0 0 0]	2026-08-16_00-57-40	[0 0 0 0 0 1 0 0 1 0 0 0 0 0 0 0 0 0 0 0 0 0 0 0 0 1 0 0 0 0 0 0 0 0 0 0 0 0 0 0 0 0 0 0 0 0 0 0 0 0 0 0 0 0 0 0 0 0 0 0 1 0 0 0 0 0 0 0 0 0 0 0 0]	2026-08-16_00-57-40	[2]	2026-08-16_00-57-40	[0 0 0 0 0]	2026-08-16_00-57-40	[1 1 0 1 0]	2026-08-16_00-57-40	[0 0 0 0 0 1 0 0 0 0 0 0 0 0 0 0 0 0 0 0 0 0 0 0 0 0 0 0 0 0 0 0 0 0 0 0 0 0 0 0 0 0 0 0 0 1 0 0 0 0 0 0 0 0 0 0 0 0 0 0 0 0 0 0 0 0 0 0 0 0 0 0 0]	2026-08-16_00-57-40	[0 0 0 0 0 1 0 0 0 0 0 0 0 0 0 0 0 0 0 0 0 0 0 0 0 1 0 0 0 0 0 0 0 0 0 0 0 0 0 0 0 0 0 0 0 0 0 0 0 0 0 0 0 0 0 0 0 0 0 0 1 0 0 0 0 0 0 0 0 0 0 0 0]	2026-08-16_00-57-40	[2]	2026-08-16_00-57-40
5	2026-08-16_00-57-40	-0.8999999761581421	2026-08-16_00-57-40	11.211185455322266	2026-08-16_00-57-40	1.584336280822754	2026-08-16_00-57-40	1.5532991886138916	2026-08-16_00-57-40	3.9768967628479004	2026-08-16_00-57-40	4.096652507781982	2026-08-16_00-57-40	True	2026-08-16_00-57-40	[0 0 0 0 0]	2026-08-16_00-57-40	[1 1 0 1 0]	2026-08-16_00-57-40	[0 0 0 0 0 1 0 0 0 0 0 0 0 0 0 0 0 0 0 0 0 0 0 0 0 0 0 0 0 0 0 0 0 0 0 0 0 0 0 0 0 0 0 0 0 1 0 0 0 0 0 0 0 0 0 0 0 0 0 0 0 0 0 0 0 0 0 0 0 0 0 0 0]	2026-08-16_00-57-40	[0 0 0 0 0 1 0 0 0 0 0 0 0 0 0 0 0 0 0 0 0 0 0 0 0 1 0 0 0 0 0 0 0 0 0 0 0 0 0 0 0 0 0 0 0 0 0 0 0 0 0 0 0 0 0 0 0 0 0 0 1 0 0 0 0 0 0 0 0 0 0 0 0]	2026-08-16_00-57-40	[2]	2026-08-16_00-57-40	[0 0 0 0 1]	2026-08-16_00-57-40	[0 1 0 1 0]	2026-08-16_00-57-40	[0 0 0 0 0 0 0 0 0 0 0 0 0 0 0 0 0 0 0 0 0 0 0 0 0 0 0 0 0 0 0 0 0 0 0 0 0 0 0 0 0 0 0 0 0 1 0 0 0 0 0 0 0 0 0 0 0 0 0 0 0 0 0 0 0 0 0 0 0 0 0 0 0]	2026-08-16_00-57-40	[0 0 0 0 0 1 0 0 0 0 0 0 0 0 0 0 0 0 0 0 0 0 0 0 0 1 0 0 0 0 0 0 0 0 0 0 0 0 0 0 0 0 0 0 0 0 0 0 0 0 0 0 0 0 0 0 0 0 0 0 0 0 0 0 0 0 0 0 0 0 0 0 0]	2026-08-16_00-57-40	[2]	2026-08-16_00-57-40
5	2026-08-16_00-57-40	-0.8999999761581421	2026-08-16_00-57-40	11.184759140014648	2026-08-16_00-57-40	1.5937552452087402	2026-08-16_00-57-40	1.5801620483398438	2026-08-16_00-57-40	3.9567384719848633	2026-08-16_00-57-40	4.054102897644043	2026-08-16_00-57-40	True	2026-08-16_00-57-40	[0 0 0 0 1]	2026-08-16_00-57-40	[0 1 0 1 0]	2026-08-16_00-57-40	[0 0 0 0 0 0 0 0 0 0 0 0 0 0 0 0 0 0 0 0 0 0 0 0 0 0 0 0 0 0 0 0 0 0 0 0 0 0 0 0 0 0 0 0 0 1 0 0 0 0 0 0 0 0 0 0 0 0 0 0 0 0 0 0 0 0 0 0 0 0 0 0 0]	2026-08-16_00-57-40	[0 0 0 0 0 1 0 0 0 0 0 0 0 0 0 0 0 0 0 0 0 0 0 0 0 1 0 0 0 0 0 0 0 0 0 0 0 0 0 0 0 0 0 0 0 0 0 0 0 0 0 0 0 0 0 0 0 0 0 0 0 0 0 0 0 0 0 0 0 0 0 0 0]	2026-08-16_00-57-40	[2]	2026-08-16_00-57-40	[0 0 0 0 0]	2026-08-16_00-57-40	[1 1 0 1 0]	2026-08-16_00-57-40	[0 0 0 0 0 0 0 0 0 0 0 0 0 0 0 0 0 0 0 0 0 0 0 0 0 0 0 0 0 0 0 0 0 0 0 0 0 0 0 0 0 0 0 0 0 1 0 0 0 0 0 0 0 0 0 0 0 0 0 0 0 0 0 0 0 0 0 0 1 0 0 0 0]	2026-08-16_00-57-40	[0 0 0 0 0 1 0 0 0 0 0 0 0 0 0 0 0 0 0 0 0 0 0 0 0 0 0 0 0 0 0 0 0 0 0 0 0 0 0 0 0 0 0 0 0 0 0 0 0 0 0 0 0 0 0 0 0 0 0 0 0 0 0 0 0 0 0 0 0 0 0 0 0]	2026-08-16_00-57-40	[2]	2026-08-16_00-57-40
5	2026-08-16_00-57-40	-0.8999999761581421	2026-08-16_00-57-40	11.214466094970703	2026-08-16_00-57-40	1.586761236190796	2026-08-16_00-57-40	1.555281400680542	2026-08-16_00-57-40	3.979583501815796	2026-08-16_00-57-40	4.092840671539307	2026-08-16_00-57-40	True	2026-08-16_00-57-40	[0 0 0 0 0]	2026-08-16_00-57-40	[1 1 0 1 0]	2026-08-16_00-57-40	[0 0 0 0 0 0 0 0 0 0 0 0 0 0 0 0 0 0 0 0 0 0 0 0 0 0 0 0 0 0 0 0 0 0 0 0 0 0 0 0 0 0 0 0 0 1 0 0 0 0 0 0 0 0 0 0 0 0 0 0 0 0 0 0 0 0 0 0 1 0 0 0 0]	2026-08-16_00-57-40	[0 0 0 0 0 1 0 0 0 0 0 0 0 0 0 0 0 0 0 0 0 0 0 0 0 0 0 0 0 0 0 0 0 0 0 0 0 0 0 0 0 0 0 0 0 0 0 0 0 0 0 0 0 0 0 0 0 0 0 0 0 0 0 0 0 0 0 0 0 0 0 0 0]	2026-08-16_00-57-40	[2]	2026-08-16_00-57-40	[0 0 0 0 1]	2026-08-16_00-57-40	[0 1 0 1 0]	2026-08-16_00-57-40	[0 0 0 0 0 1 0 0 0 0 0 0 0 0 0 0 0 0 0 0 0 0 0 0 0 0 0 0 0 0 0 0 0 0 0 0 0 0 0 0 0 0 0 0 0 1 0 0 0 0 0 0 0 0 0 0 0 0 0 0 0 0 0 0 0 0 0 0 1 0 0 0 0]	2026-08-16_00-57-40	[0 0 0 0 0 1 0 0 0 0 0 0 0 0 0 0 0 0 0 0 0 0 0 0 0 0 0 0 0 0 0 0 0 0 0 0 0 0 0 0 0 0 0 0 0 0 0 0 0 0 0 0 0 0 0 0 0 0 0 0 1 0 0 0 0 0 0 0 0 0 0 0 0]	2026-08-16_00-57-40	[2]	2026-08-16_00-57-40
5	2026-08-16_00-57-40	-0.8999999761581421	2026-08-16_00-57-40	11.246800422668457	2026-08-16_00-57-40	1.5981413125991821	2026-08-16_00-57-40	1.5695780515670776	2026-08-16_00-57-40	3.996020793914795	2026-08-16_00-57-40	4.083060264587402	2026-08-16_00-57-40	True	2026-08-16_00-57-40	[0 0 0 0 1]	2026-08-16_00-57-40	[0 1 0 1 0]	2026-08-16_00-57-40	[0 0 0 0 0 1 0 0 0 0 0 0 0 0 0 0 0 0 0 0 0 0 0 0 0 0 0 0 0 0 0 0 0 0 0 0 0 0 0 0 0 0 0 0 0 1 0 0 0 0 0 0 0 0 0 0 0 0 0 0 0 0 0 0 0 0 0 0 1 0 0 0 0]	2026-08-16_00-57-40	[0 0 0 0 0 1 0 0 0 0 0 0 0 0 0 0 0 0 0 0 0 0 0 0 0 0 0 0 0 0 0 0 0 0 0 0 0 0 0 0 0 0 0 0 0 0 0 0 0 0 0 0 0 0 0 0 0 0 0 0 1 0 0 0 0 0 0 0 0 0 0 0 0]	2026-08-16_00-57-40	[2]	2026-08-16_00-57-40	[0 0 0 0 0]	2026-08-16_00-57-40	[1 1 0 1 0]	2026-08-16_00-57-40	[0 0 0 0 0 1 0 0 0 0 0 0 0 0 0 0 0 0 0 0 0 0 0 0 0 0 0 0 0 0 0 0 0 0 0 0 0 0 0 0 0 0 0 0 0 1 0 0 0 0 0 0 0 0 0 0 0 0 0 0 0 0 0 0 0 0 0 0 0 0 0 0 0]	2026-08-16_00-57-40	[0 0 0 0 0 1 0 0 1 0 0 0 0 0 0 0 0 0 0 0 0 0 0 0 0 0 0 0 0 0 0 0 0 0 0 0 0 0 0 0 0 0 0 0 0 0 0 0 0 0 0 0 0 0 0 0 0 0 0 0 1 0 0 0 0 0 0 0 0 0 0 0 0]	2026-08-16_00-57-40	[2]	2026-08-16_00-57-40
5	2026-08-16_00-57-40	-0.8999999761581421	2026-08-16_00-57-40	11.203500747680664	2026-08-16_00-57-40	1.5833131074905396	2026-08-16_00-57-40	1.5629277229309082	2026-08-16_00-57-40	3.970038890838623	2026-08-16_00-57-40	4.087221145629883	2026-08-16_00-57-40	True	2026-08-16_00-57-40	[0 0 0 0 0]	2026-08-16_00-57-40	[1 1 0 1 0]	2026-08-16_00-57-40	[0 0 0 0 0 1 0 0 0 0 0 0 0 0 0 0 0 0 0 0 0 0 0 0 0 0 0 0 0 0 0 0 0 0 0 0 0 0 0 0 0 0 0 0 0 1 0 0 0 0 0 0 0 0 0 0 0 0 0 0 0 0 0 0 0 0 0 0 0 0 0 0 0]	2026-08-16_00-57-40	[0 0 0 0 0 1 0 0 1 0 0 0 0 0 0 0 0 0 0 0 0 0 0 0 0 0 0 0 0 0 0 0 0 0 0 0 0 0 0 0 0 0 0 0 0 0 0 0 0 0 0 0 0 0 0 0 0 0 0 0 1 0 0 0 0 0 0 0 0 0 0 0 0]	2026-08-16_00-57-40	[2]	2026-08-16_00-57-40	[0 0 0 0 1]	2026-08-16_00-57-40	[0 1 0 1 0]	2026-08-16_00-57-40	[0 0 0 0 0 0 0 0 0 0 0 0 0 0 0 0 0 0 0 0 0 0 0 0 0 0 0 0 0 0 0 0 0 0 0 0 0 0 0 0 0 0 0 0 0 1 0 0 0 0 0 0 0 0 0 0 0 0 0 0 0 0 0 0 0 0 0 0 0 0 0 0 0]	2026-08-16_00-57-40	[0 0 0 0 0 1 0 0 1 0 0 0 0 0 0 0 0 0 0 0 0 0 0 0 0 0 0 0 0 0 0 0 0 0 0 0 0 0 0 0 0 0 0 0 0 0 0 0 0 0 0 0 0 0 0 0 0 0 0 0 0 0 0 0 0 0 0 0 0 0 0 0 0]	2026-08-16_00-57-40	[2]	2026-08-16_00-57-40
5	2026-08-16_00-57-40	-0.8999999761581421	2026-08-16_00-57-40	11.205902099609375	2026-08-16_00-57-40	1.5921945571899414	2026-08-16_00-57-40	1.5745394229888916	2026-08-16_00-57-40	3.9697346687316895	2026-08-16_00-57-40	4.069433212280273	2026-08-16_00-57-40	True	2026-08-16_00-57-40	[0 0 0 0 1]	2026-08-16_00-57-40	[0 1 0 1 0]	2026-08-16_00-57-40	[0 0 0 0 0 0 0 0 0 0 0 0 0 0 0 0 0 0 0 0 0 0 0 0 0 0 0 0 0 0 0 0 0 0 0 0 0 0 0 0 0 0 0 0 0 1 0 0 0 0 0 0 0 0 0 0 0 0 0 0 0 0 0 0 0 0 0 0 0 0 0 0 0]	2026-08-16_00-57-40	[0 0 0 0 0 1 0 0 1 0 0 0 0 0 0 0 0 0 0 0 0 0 0 0 0 0 0 0 0 0 0 0 0 0 0 0 0 0 0 0 0 0 0 0 0 0 0 0 0 0 0 0 0 0 0 0 0 0 0 0 0 0 0 0 0 0 0 0 0 0 0 0 0]	2026-08-16_00-57-40	[2]	2026-08-16_00-57-40	[0 0 0 0 0]	2026-08-16_00-57-40	[1 1 0 1 0]	2026-08-16_00-57-40	[0 0 0 0 0 0 0 0 0 0 0 0 0 0 0 0 0 0 0 0 0 0 0 0 0 0 0 0 0 0 0 0 0 0 0 0 0 0 0 0 0 0 0 0 0 1 0 0 0 0 0 0 0 0 0 0 0 0 0 0 0 0 0 0 0 0 0 0 1 0 0 0 0]	2026-08-16_00-57-40	[0 0 0 0 0 1 0 0 1 0 0 0 0 0 0 0 0 0 0 0 0 0 0 0 0 1 0 0 0 0 0 0 0 0 0 0 0 0 0 0 0 0 0 0 0 0 0 0 0 0 0 0 0 0 0 0 0 0 0 0 0 0 0 0 0 0 0 0 0 0 0 0 0]	2026-08-16_00-57-40	[2]	2026-08-16_00-57-40
5	2026-08-16_00-57-40	-0.8999999761581421	2026-08-16_00-57-40	11.201778411865234	2026-08-16_00-57-40	1.5798592567443848	2026-08-16_00-57-40	1.5577096939086914	2026-08-16_00-57-40	3.972257137298584	2026-08-16_00-57-40	4.091952323913574	2026-08-16_00-57-40	True	2026-08-16_00-57-40	[0 0 0 0 0]	2026-08-16_00-57-40	[1 1 0 1 0]	2026-08-16_00-57-40	[0 0 0 0 0 0 0 0 0 0 0 0 0 0 0 0 0 0 0 0 0 0 0 0 0 0 0 0 0 0 0 0 0 0 0 0 0 0 0 0 0 0 0 0 0 1 0 0 0 0 0 0 0 0 0 0 0 0 0 0 0 0 0 0 0 0 0 0 1 0 0 0 0]	2026-08-16_00-57-40	[0 0 0 0 0 1 0 0 1 0 0 0 0 0 0 0 0 0 0 0 0 0 0 0 0 1 0 0 0 0 0 0 0 0 0 0 0 0 0 0 0 0 0 0 0 0 0 0 0 0 0 0 0 0 0 0 0 0 0 0 0 0 0 0 0 0 0 0 0 0 0 0 0]	2026-08-16_00-57-40	[2]	2026-08-16_00-57-40	[0 0 0 0 1]	2026-08-16_00-57-40	[0 1 0 1 0]	2026-08-16_00-57-40	[0 0 0 0 0 1 0 0 0 0 0 0 0 0 0 0 0 0 0 0 0 0 0 0 0 0 0 0 0 0 0 0 0 0 0 0 0 0 0 0 0 0 0 0 0 1 0 0 0 0 0 0 0 0 0 0 0 0 0 0 0 0 0 0 0 0 0 0 1 0 0 0 0]	2026-08-16_00-57-40	[0 0 0 0 0 1 0 0 1 0 0 0 0 0 0 0 0 0 0 0 0 0 0 0 0 1 0 0 0 0 0 0 0 0 0 0 0 0 0 0 0 0 0 0 0 0 0 0 0 0 0 0 0 0 0 0 0 0 0 0 1 0 0 0 0 0 0 0 0 0 0 0 0]	2026-08-16_00-57-40	[2]	2026-08-16_00-57-40
5	2026-08-16_00-57-40	-0.8999999761581421	2026-08-16_00-57-40	11.226537704467773	2026-08-16_00-57-40	1.597981333732605	2026-08-16_00-57-40	1.5736658573150635	2026-08-16_00-57-40	3.9825286865234375	2026-08-16_00-57-40	4.072361469268799	2026-08-16_00-57-40	True	2026-08-16_00-57-40	[0 0 0 0 1]	2026-08-16_00-57-40	[0 1 0 1 0]	2026-08-16_00-57-40	[0 0 0 0 0 1 0 0 0 0 0 0 0 0 0 0 0 0 0 0 0 0 0 0 0 0 0 0 0 0 0 0 0 0 0 0 0 0 0 0 0 0 0 0 0 1 0 0 0 0 0 0 0 0 0 0 0 0 0 0 0 0 0 0 0 0 0 0 1 0 0 0 0]	2026-08-16_00-57-40	[0 0 0 0 0 1 0 0 1 0 0 0 0 0 0 0 0 0 0 0 0 0 0 0 0 1 0 0 0 0 0 0 0 0 0 0 0 0 0 0 0 0 0 0 0 0 0 0 0 0 0 0 0 0 0 0 0 0 0 0 1 0 0 0 0 0 0 0 0 0 0 0 0]	2026-08-16_00-57-40	[2]	2026-08-16_00-57-40	[0 0 0 0 0]	2026-08-16_00-57-40	[1 1 0 1 0]	2026-08-16_00-57-40	[0 0 0 0 0 1 0 0 0 0 0 0 0 0 0 0 0 0 0 0 0 0 0 0 0 0 0 0 0 0 0 0 0 0 0 0 0 0 0 0 0 0 0 0 0 1 0 0 0 0 0 0 0 0 0 0 0 0 0 0 0 0 1 0 0 0 0 0 1 0 0 0 0]	2026-08-16_00-57-40	[0 0 0 0 0 1 0 0 0 0 0 0 0 0 0 0 0 0 0 0 0 0 0 0 0 1 0 0 0 0 0 0 0 0 0 0 0 0 0 0 0 0 0 0 0 0 0 0 0 0 0 0 0 0 0 0 0 0 0 0 1 0 0 0 0 0 0 0 0 0 0 0 0]	2026-08-16_00-57-40	[2]	2026-08-16_00-57-40
5	2026-08-16_00-57-40	-0.8999999761581421	2026-08-16_00-57-40	11.219014167785645	2026-08-16_00-57-40	1.5866425037384033	2026-08-16_00-57-40	1.556583046913147	2026-08-16_00-57-40	3.9827802181243896	2026-08-16_00-57-40	4.093008041381836	2026-08-16_00-57-40	True	2026-08-16_00-57-40	[0 0 0 0 0]	2026-08-16_00-57-40	[1 1 0 1 0]	2026-08-16_00-57-40	[0 0 0 0 0 1 0 0 0 0 0 0 0 0 0 0 0 0 0 0 0 0 0 0 0 0 0 0 0 0 0 0 0 0 0 0 0 0 0 0 0 0 0 0 0 1 0 0 0 0 0 0 0 0 0 0 0 0 0 0 0 0 1 0 0 0 0 0 1 0 0 0 0]	2026-08-16_00-57-40	[0 0 0 0 0 1 0 0 0 0 0 0 0 0 0 0 0 0 0 0 0 0 0 0 0 1 0 0 0 0 0 0 0 0 0 0 0 0 0 0 0 0 0 0 0 0 0 0 0 0 0 0 0 0 0 0 0 0 0 0 1 0 0 0 0 0 0 0 0 0 0 0 0]	2026-08-16_00-57-40	[2]	2026-08-16_00-57-40	[0 0 0 0 1]	2026-08-16_00-57-40	[0 1 0 1 0]	2026-08-16_00-57-40	[0 0 0 0 0 0 0 0 0 0 0 0 0 0 0 0 0 0 0 0 0 0 0 0 0 0 0 0 0 0 0 0 0 0 0 0 0 0 0 0 0 0 0 0 0 1 0 0 0 0 0 0 0 0 0 0 0 0 0 0 0 0 1 0 0 0 0 0 1 0 0 0 0]	2026-08-16_00-57-40	[0 0 0 0 0 1 0 0 0 0 0 0 0 0 0 0 0 0 0 0 0 0 0 0 0 1 0 0 0 0 0 0 0 0 0 0 0 0 0 0 0 0 0 0 0 0 0 0 0 0 0 0 0 0 0 0 0 0 0 0 0 0 0 0 0 0 0 0 0 0 0 0 0]	2026-08-16_00-57-40	[2]	2026-08-16_00-57-40
5	2026-08-16_00-57-40	-0.8999999761581421	2026-08-16_00-57-40	11.232800483703613	2026-08-16_00-57-40	1.599799394607544	2026-08-16_00-57-40	1.5739880800247192	2026-08-16_00-57-40	3.987267017364502	2026-08-16_00-57-40	4.071745872497559	2026-08-16_00-57-40	True	2026-08-16_00-57-40	[0 0 0 0 1]	2026-08-16_00-57-40	[0 1 0 1 0]	2026-08-16_00-57-40	[0 0 0 0 0 0 0 0 0 0 0 0 0 0 0 0 0 0 0 0 0 0 0 0 0 0 0 0 0 0 0 0 0 0 0 0 0 0 0 0 0 0 0 0 0 1 0 0 0 0 0 0 0 0 0 0 0 0 0 0 0 0 1 0 0 0 0 0 1 0 0 0 0]	2026-08-16_00-57-40	[0 0 0 0 0 1 0 0 0 0 0 0 0 0 0 0 0 0 0 0 0 0 0 0 0 1 0 0 0 0 0 0 0 0 0 0 0 0 0 0 0 0 0 0 0 0 0 0 0 0 0 0 0 0 0 0 0 0 0 0 0 0 0 0 0 0 0 0 0 0 0 0 0]	2026-08-16_00-57-40	[2]	2026-08-16_00-57-40	[0 0 0 0 0]	2026-08-16_00-57-40	[1 1 0 1 0]	2026-08-16_00-57-40	[0 0 0 0 0 0 0 0 0 0 0 0 0 0 0 0 0 0 0 0 0 0 0 0 0 0 0 0 0 0 0 0 0 0 0 0 0 0 0 0 0 0 0 0 0 1 0 0 0 0 0 0 0 0 0 0 0 0 0 0 0 0 1 0 0 0 0 0 0 0 0 0 0]	2026-08-16_00-57-40	[0 0 0 0 0 1 0 0 0 0 0 0 0 0 0 0 0 0 0 0 0 0 0 0 0 0 0 0 0 0 0 0 0 0 0 0 0 0 0 0 0 0 0 0 0 0 0 0 0 0 0 0 0 0 0 0 0 0 0 0 0 0 0 0 0 0 0 0 0 0 0 0 0]	2026-08-16_00-57-40	[2]	2026-08-16_00-57-40
5	2026-08-16_00-57-40	-0.8999999761581421	2026-08-16_00-57-40	11.201774597167969	2026-08-16_00-57-40	1.5824443101882935	2026-08-16_00-57-40	1.5560302734375	2026-08-16_00-57-40	3.9714033603668213	2026-08-16_00-57-40	4.0918965339660645	2026-08-16_00-57-40	True	2026-08-16_00-57-40	[0 0 0 0 0]	2026-08-16_00-57-40	[1 1 0 1 0]	2026-08-16_00-57-40	[0 0 0 0 0 0 0 0 0 0 0 0 0 0 0 0 0 0 0 0 0 0 0 0 0 0 0 0 0 0 0 0 0 0 0 0 0 0 0 0 0 0 0 0 0 1 0 0 0 0 0 0 0 0 0 0 0 0 0 0 0 0 1 0 0 0 0 0 0 0 0 0 0]	2026-08-16_00-57-40	[0 0 0 0 0 1 0 0 0 0 0 0 0 0 0 0 0 0 0 0 0 0 0 0 0 0 0 0 0 0 0 0 0 0 0 0 0 0 0 0 0 0 0 0 0 0 0 0 0 0 0 0 0 0 0 0 0 0 0 0 0 0 0 0 0 0 0 0 0 0 0 0 0]	2026-08-16_00-57-40	[2]	2026-08-16_00-57-40	[0 0 0 0 1]	2026-08-16_00-57-40	[0 1 0 1 0]	2026-08-16_00-57-40	[0 0 0 0 0 1 0 0 0 0 0 0 0 0 0 0 0 0 0 0 0 0 0 0 0 0 0 0 0 0 0 0 0 0 0 0 0 0 0 0 0 0 0 0 0 1 0 0 0 0 0 0 0 0 0 0 0 0 0 0 0 0 1 0 0 0 0 0 0 0 0 0 0]	2026-08-16_00-57-40	[0 0 0 0 0 0 0 0 0 0 0 0 0 0 0 0 0 0 0 0 0 0 0 0 0 0 0 0 0 0 0 0 0 0 0 0 0 0 0 0 0 0 0 0 0 0 0 0 0 0 0 0 0 0 0 0 0 0 0 0 0 0 0 0 0 0 0 0 0 0 0 0 0]	2026-08-16_00-57-40	[2]	2026-08-16_00-57-40
5	2026-08-16_00-57-40	-0.8999999761581421	2026-08-16_00-57-40	11.25993824005127	2026-08-16_00-57-40	1.6051557064056396	2026-08-16_00-57-40	1.5507961511611938	2026-08-16_00-57-40	4.018195629119873	2026-08-16_00-57-40	4.085790634155273	2026-08-16_00-57-40	True	2026-08-16_00-57-40	[0 0 0 0 1]	2026-08-16_00-57-40	[0 1 0 1 0]	2026-08-16_00-57-40	[0 0 0 0 0 1 0 0 0 0 0 0 0 0 0 0 0 0 0 0 0 0 0 0 0 0 0 0 0 0 0 0 0 0 0 0 0 0 0 0 0 0 0 0 0 1 0 0 0 0 0 0 0 0 0 0 0 0 0 0 0 0 1 0 0 0 0 0 0 0 0 0 0]	2026-08-16_00-57-40	[0 0 0 0 0 0 0 0 0 0 0 0 0 0 0 0 0 0 0 0 0 0 0 0 0 0 0 0 0 0 0 0 0 0 0 0 0 0 0 0 0 0 0 0 0 0 0 0 0 0 0 0 0 0 0 0 0 0 0 0 0 0 0 0 0 0 0 0 0 0 0 0 0]	2026-08-16_00-57-40	[2]	2026-08-16_00-57-40	[0 0 0 0 0]	2026-08-16_00-57-40	[1 1 0 1 0]	2026-08-16_00-57-40	[0 0 0 0 0 1 0 0 0 0 0 0 0 0 0 0 0 0 0 0 0 0 0 0 0 0 0 0 0 0 0 0 0 0 0 0 0 0 0 0 0 0 0 0 0 1 0 0 0 0 0 0 0 0 0 0 0 0 0 0 0 0 1 0 0 0 0 0 1 0 0 0 0]	2026-08-16_00-57-40	[0 0 0 0 0 0 0 0 0 0 0 0 0 0 0 0 0 0 0 0 0 0 0 0 0 1 0 0 0 0 0 0 0 0 0 0 0 0 0 0 0 0 0 0 0 0 0 0 0 0 0 0 0 0 0 0 0 0 0 0 0 0 0 0 0 0 0 0 0 0 0 0 0]	2026-08-16_00-57-40	[2]	2026-08-16_00-57-40
5	2026-08-16_00-57-40	-0.8999999761581421	2026-08-16_00-57-40	11.236124038696289	2026-08-16_00-57-40	1.5860965251922607	2026-08-16_00-57-40	1.5544174909591675	2026-08-16_00-57-40	3.9969849586486816	2026-08-16_00-57-40	4.0986247062683105	2026-08-16_00-57-40	True	2026-08-16_00-57-40	[0 0 0 0 0]	2026-08-16_00-57-40	[1 1 0 1 0]	2026-08-16_00-57-40	[0 0 0 0 0 1 0 0 0 0 0 0 0 0 0 0 0 0 0 0 0 0 0 0 0 0 0 0 0 0 0 0 0 0 0 0 0 0 0 0 0 0 0 0 0 1 0 0 0 0 0 0 0 0 0 0 0 0 0 0 0 0 1 0 0 0 0 0 1 0 0 0 0]	2026-08-16_00-57-40	[0 0 0 0 0 0 0 0 0 0 0 0 0 0 0 0 0 0 0 0 0 0 0 0 0 1 0 0 0 0 0 0 0 0 0 0 0 0 0 0 0 0 0 0 0 0 0 0 0 0 0 0 0 0 0 0 0 0 0 0 0 0 0 0 0 0 0 0 0 0 0 0 0]	2026-08-16_00-57-40	[2]	2026-08-16_00-57-40	[0 0 0 0 1]	2026-08-16_00-57-40	[0 1 0 1 0]	2026-08-16_00-57-40	[0 0 0 0 0 0 0 0 0 0 0 0 0 0 0 0 0 0 0 0 0 0 0 0 0 0 0 0 0 0 0 0 0 0 0 0 0 0 0 0 0 0 0 0 0 1 0 0 0 0 0 0 0 0 0 0 0 0 0 0 0 0 1 0 0 0 0 0 1 0 0 0 0]	2026-08-16_00-57-40	[0 0 0 0 0 0 0 0 0 0 0 0 0 0 0 0 0 0 0 0 0 0 0 0 0 1 0 0 0 0 0 0 0 0 0 0 0 0 0 0 0 0 0 0 0 0 0 0 0 0 0 0 0 0 0 0 0 0 0 0 1 0 0 0 0 0 0 0 0 0 0 0 0]	2026-08-16_00-57-40	[2]	2026-08-16_00-57-40
5	2026-08-16_00-57-40	-0.8999999761581421	2026-08-16_00-57-40	11.209212303161621	2026-08-16_00-57-40	1.5960451364517212	2026-08-16_00-57-40	1.5712493658065796	2026-08-16_00-57-40	3.974593162536621	2026-08-16_00-57-40	4.067324638366699	2026-08-16_00-57-40	True	2026-08-16_00-57-40	[0 0 0 0 1]	2026-08-16_00-57-40	[0 1 0 1 0]	2026-08-16_00-57-40	[0 0 0 0 0 0 0 0 0 0 0 0 0 0 0 0 0 0 0 0 0 0 0 0 0 0 0 0 0 0 0 0 0 0 0 0 0 0 0 0 0 0 0 0 0 1 0 0 0 0 0 0 0 0 0 0 0 0 0 0 0 0 1 0 0 0 0 0 1 0 0 0 0]	2026-08-16_00-57-40	[0 0 0 0 0 0 0 0 0 0 0 0 0 0 0 0 0 0 0 0 0 0 0 0 0 1 0 0 0 0 0 0 0 0 0 0 0 0 0 0 0 0 0 0 0 0 0 0 0 0 0 0 0 0 0 0 0 0 0 0 1 0 0 0 0 0 0 0 0 0 0 0 0]	2026-08-16_00-57-40	[2]	2026-08-16_00-57-40	[0 0 0 0 0]	2026-08-16_00-57-40	[1 1 0 1 0]	2026-08-16_00-57-40	[0 0 0 0 0 0 0 0 0 0 0 0 0 0 0 0 0 0 0 0 0 0 0 0 0 0 0 0 0 0 0 0 0 0 0 0 0 0 0 0 0 0 0 0 0 1 0 0 0 0 0 0 0 0 0 0 0 0 0 0 0 0 1 0 0 0 0 0 0 0 0 0 0]	2026-08-16_00-57-40	[0 0 0 0 0 0 0 0 1 0 0 0 0 0 0 0 0 0 0 0 0 0 0 0 0 1 0 0 0 0 0 0 0 0 0 0 0 0 0 0 0 0 0 0 0 0 0 0 0 0 0 0 0 0 0 0 0 0 0 0 1 0 0 0 0 0 0 0 0 0 0 0 0]	2026-08-16_00-57-40	[2]	2026-08-16_00-57-40
5	2026-08-16_00-57-40	-0.8999999761581421	2026-08-16_00-57-40	11.203989028930664	2026-08-16_00-57-40	1.5834710597991943	2026-08-16_00-57-40	1.5602344274520874	2026-08-16_00-57-40	3.9712698459625244	2026-08-16_00-57-40	4.089014530181885	2026-08-16_00-57-40	True	2026-08-16_00-57-40	[0 0 0 0 0]	2026-08-16_00-57-40	[1 1 0 1 0]	2026-08-16_00-57-40	[0 0 0 0 0 0 0 0 0 0 0 0 0 0 0 0 0 0 0 0 0 0 0 0 0 0 0 0 0 0 0 0 0 0 0 0 0 0 0 0 0 0 0 0 0 1 0 0 0 0 0 0 0 0 0 0 0 0 0 0 0 0 1 0 0 0 0 0 0 0 0 0 0]	2026-08-16_00-57-40	[0 0 0 0 0 0 0 0 1 0 0 0 0 0 0 0 0 0 0 0 0 0 0 0 0 1 0 0 0 0 0 0 0 0 0 0 0 0 0 0 0 0 0 0 0 0 0 0 0 0 0 0 0 0 0 0 0 0 0 0 1 0 0 0 0 0 0 0 0 0 0 0 0]	2026-08-16_00-57-40	[2]	2026-08-16_00-57-40	[0 0 0 0 1]	2026-08-16_00-57-40	[0 1 0 1 0]	2026-08-16_00-57-40	[0 0 0 0 0 1 0 0 0 0 0 0 0 0 0 0 0 0 0 0 0 0 0 0 0 0 0 0 0 0 0 0 0 0 0 0 0 0 0 0 0 0 0 0 0 1 0 0 0 0 0 0 0 0 0 0 0 0 0 0 0 0 1 0 0 0 0 0 0 0 0 0 0]	2026-08-16_00-57-40	[0 0 0 0 0 0 0 0 1 0 0 0 0 0 0 0 0 0 0 0 0 0 0 0 0 1 0 0 0 0 0 0 0 0 0 0 0 0 0 0 0 0 0 0 0 0 0 0 0 0 0 0 0 0 0 0 0 0 0 0 0 0 0 0 0 0 0 0 0 0 0 0 0]	2026-08-16_00-57-40	[2]	2026-08-16_00-57-40
5	2026-08-16_00-57-40	-0.8999999761581421	2026-08-16_00-57-40	11.237109184265137	2026-08-16_00-57-40	1.5976709127426147	2026-08-16_00-57-40	1.5641196966171265	2026-08-16_00-57-40	3.9925169944763184	2026-08-16_00-57-40	4.082801818847656	2026-08-16_00-57-40	True	2026-08-16_00-57-40	[0 0 0 0 1]	2026-08-16_00-57-40	[0 1 0 1 0]	2026-08-16_00-57-40	[0 0 0 0 0 1 0 0 0 0 0 0 0 0 0 0 0 0 0 0 0 0 0 0 0 0 0 0 0 0 0 0 0 0 0 0 0 0 0 0 0 0 0 0 0 1 0 0 0 0 0 0 0 0 0 0 0 0 0 0 0 0 1 0 0 0 0 0 0 0 0 0 0]	2026-08-16_00-57-40	[0 0 0 0 0 0 0 0 1 0 0 0 0 0 0 0 0 0 0 0 0 0 0 0 0 1 0 0 0 0 0 0 0 0 0 0 0 0 0 0 0 0 0 0 0 0 0 0 0 0 0 0 0 0 0 0 0 0 0 0 0 0 0 0 0 0 0 0 0 0 0 0 0]	2026-08-16_00-57-40	[2]	2026-08-16_00-57-40	[0 0 0 0 0]	2026-08-16_00-57-40	[1 1 0 1 0]	2026-08-16_00-57-40	[0 0 0 0 0 1 0 0 0 0 0 0 0 0 0 0 0 0 0 0 0 0 0 0 0 0 0 0 0 0 0 0 0 0 0 0 0 0 0 0 0 0 0 0 0 1 0 0 0 0 0 0 0 0 0 0 0 0 0 0 0 0 1 0 0 0 0 0 1 0 0 0 0]	2026-08-16_00-57-40	[0 0 0 0 0 0 0 0 1 0 0 0 0 0 0 0 0 0 0 0 0 0 0 0 0 0 0 0 0 0 0 0 0 0 0 0 0 0 0 0 0 0 0 0 0 0 0 0 0 0 0 0 0 0 0 0 0 0 0 0 0 0 0 0 0 0 0 0 0 0 0 0 0]	2026-08-16_00-57-40	[2]	2026-08-16_00-57-40
5	2026-08-16_00-57-40	-0.8999999761581421	2026-08-16_00-57-40	11.186676979064941	2026-08-16_00-57-40	1.5784980058670044	2026-08-16_00-57-40	1.5656144618988037	2026-08-16_00-57-40	3.9587578773498535	2026-08-16_00-57-40	4.08380651473999	2026-08-16_00-57-40	True	2026-08-16_00-57-40	[0 0 0 0 0]	2026-08-16_00-57-40	[1 1 0 1 0]	2026-08-16_00-57-40	[0 0 0 0 0 1 0 0 0 0 0 0 0 0 0 0 0 0 0 0 0 0 0 0 0 0 0 0 0 0 0 0 0 0 0 0 0 0 0 0 0 0 0 0 0 1 0 0 0 0 0 0 0 0 0 0 0 0 0 0 0 0 1 0 0 0 0 0 1 0 0 0 0]	2026-08-16_00-57-40	[0 0 0 0 0 0 0 0 1 0 0 0 0 0 0 0 0 0 0 0 0 0 0 0 0 0 0 0 0 0 0 0 0 0 0 0 0 0 0 0 0 0 0 0 0 0 0 0 0 0 0 0 0 0 0 0 0 0 0 0 0 0 0 0 0 0 0 0 0 0 0 0 0]	2026-08-16_00-57-40	[2]	2026-08-16_00-57-40	[0 0 0 0 1]	2026-08-16_00-57-40	[0 1 0 1 0]	2026-08-16_00-57-40	[0 0 0 0 0 0 0 0 0 0 0 0 0 0 0 0 0 0 0 0 0 0 0 0 0 0 0 0 0 0 0 0 0 0 0 0 0 0 0 0 0 0 0 0 0 1 0 0 0 0 0 0 0 0 0 0 0 0 0 0 0 0 1 0 0 0 0 0 1 0 0 0 0]	2026-08-16_00-57-40	[0 0 0 0 0 0 0 0 1 0 0 0 0 0 0 0 0 0 0 0 0 0 0 0 0 0 0 0 0 0 0 0 0 0 0 0 0 0 0 0 0 0 0 0 0 0 0 0 0 0 0 0 0 0 0 0 0 0 0 0 1 0 0 0 0 0 0 0 0 0 0 0 0]	2026-08-16_00-57-40	[2]	2026-08-16_00-57-40
5	2026-08-16_00-57-40	-0.8999999761581421	2026-08-16_00-57-40	11.196632385253906	2026-08-16_00-57-40	1.5945613384246826	2026-08-16_00-57-40	1.576454520225525	2026-08-16_00-57-40	3.964386224746704	2026-08-16_00-57-40	4.061230659484863	2026-08-16_00-57-40	True	2026-08-16_00-57-40	[0 0 0 0 1]	2026-08-16_00-57-40	[0 1 0 1 0]	2026-08-16_00-57-40	[0 0 0 0 0 0 0 0 0 0 0 0 0 0 0 0 0 0 0 0 0 0 0 0 0 0 0 0 0 0 0 0 0 0 0 0 0 0 0 0 0 0 0 0 0 1 0 0 0 0 0 0 0 0 0 0 0 0 0 0 0 0 1 0 0 0 0 0 1 0 0 0 0]	2026-08-16_00-57-40	[0 0 0 0 0 0 0 0 1 0 0 0 0 0 0 0 0 0 0 0 0 0 0 0 0 0 0 0 0 0 0 0 0 0 0 0 0 0 0 0 0 0 0 0 0 0 0 0 0 0 0 0 0 0 0 0 0 0 0 0 1 0 0 0 0 0 0 0 0 0 0 0 0]	2026-08-16_00-57-40	[2]	2026-08-16_00-57-40	[0 0 0 0 0]	2026-08-16_00-57-40	[1 1 0 1 0]	2026-08-16_00-57-40	[0 0 0 0 0 0 0 0 0 0 0 0 0 0 0 0 0 0 0 0 0 0 0 0 0 0 0 0 0 0 0 0 0 0 0 0 0 0 0 0 0 0 0 0 0 1 0 0 0 0 0 0 0 0 0 0 0 0 0 0 0 0 0 0 0 0 0 0 1 0 0 0 0]	2026-08-16_00-57-40	[0 0 0 0 0 0 0 0 0 0 0 0 0 0 0 0 0 0 0 0 0 0 0 0 0 0 0 0 0 0 0 0 0 0 0 0 0 0 0 0 0 0 0 0 0 0 0 0 0 0 0 0 0 0 0 0 0 0 0 0 1 0 0 0 0 0 0 0 0 0 0 0 0]	2026-08-16_00-57-40	[2]	2026-08-16_00-57-40
5	2026-08-16_00-57-40	-0.8999999761581421	2026-08-16_00-57-40	11.219404220581055	2026-08-16_00-57-40	1.5869457721710205	2026-08-16_00-57-40	1.5508170127868652	2026-08-16_00-57-40	3.9847629070281982	2026-08-16_00-57-40	4.096879005432129	2026-08-16_00-57-40	True	2026-08-16_00-57-40	[0 0 0 0 0]	2026-08-16_00-57-40	[1 1 0 1 0]	2026-08-16_00-57-40	[0 0 0 0 0 0 0 0 0 0 0 0 0 0 0 0 0 0 0 0 0 0 0 0 0 0 0 0 0 0 0 0 0 0 0 0 0 0 0 0 0 0 0 0 0 1 0 0 0 0 0 0 0 0 0 0 0 0 0 0 0 0 0 0 0 0 0 0 1 0 0 0 0]	2026-08-16_00-57-40	[0 0 0 0 0 0 0 0 0 0 0 0 0 0 0 0 0 0 0 0 0 0 0 0 0 0 0 0 0 0 0 0 0 0 0 0 0 0 0 0 0 0 0 0 0 0 0 0 0 0 0 0 0 0 0 0 0 0 0 0 1 0 0 0 0 0 0 0 0 0 0 0 0]	2026-08-16_00-57-40	[2]	2026-08-16_00-57-40	[0 0 0 0 1]	2026-08-16_00-57-40	[0 1 0 1 0]	2026-08-16_00-57-40	[0 0 0 0 0 1 0 0 0 0 0 0 0 0 0 0 0 0 0 0 0 0 0 0 0 0 0 0 0 0 0 0 0 0 0 0 0 0 0 0 0 0 0 0 0 1 0 0 0 0 0 0 0 0 0 0 0 0 0 0 0 0 0 0 0 0 0 0 1 0 0 0 0]	2026-08-16_00-57-40	[0 0 0 0 0 0 0 0 0 0 0 0 0 0 0 0 0 0 0 0 0 0 0 0 0 0 0 0 0 0 0 0 0 0 0 0 0 0 0 0 0 0 0 0 0 0 0 0 0 0 0 0 0 0 0 0 0 0 0 0 0 0 0 0 0 0 0 0 0 0 0 0 0]	2026-08-16_00-57-40	[2]	2026-08-16_00-57-40
5	2026-08-16_00-57-40	-0.8999999761581421	2026-08-16_00-57-40	11.262463569641113	2026-08-16_00-57-40	1.6055560111999512	2026-08-16_00-57-40	1.5561467409133911	2026-08-16_00-57-40	4.014669895172119	2026-08-16_00-57-40	4.086091041564941	2026-08-16_00-57-40	True	2026-08-16_00-57-40	[0 0 0 0 1]	2026-08-16_00-57-40	[0 1 0 1 0]	2026-08-16_00-57-40	[0 0 0 0 0 1 0 0 0 0 0 0 0 0 0 0 0 0 0 0 0 0 0 0 0 0 0 0 0 0 0 0 0 0 0 0 0 0 0 0 0 0 0 0 0 1 0 0 0 0 0 0 0 0 0 0 0 0 0 0 0 0 0 0 0 0 0 0 1 0 0 0 0]	2026-08-16_00-57-40	[0 0 0 0 0 0 0 0 0 0 0 0 0 0 0 0 0 0 0 0 0 0 0 0 0 0 0 0 0 0 0 0 0 0 0 0 0 0 0 0 0 0 0 0 0 0 0 0 0 0 0 0 0 0 0 0 0 0 0 0 0 0 0 0 0 0 0 0 0 0 0 0 0]	2026-08-16_00-57-40	[2]	2026-08-16_00-57-40	[0 0 0 0 0]	2026-08-16_00-57-40	[1 1 0 1 0]	2026-08-16_00-57-40	[0 0 0 0 0 1 0 0 0 0 0 0 0 0 0 0 0 0 0 0 0 0 0 0 0 0 0 0 0 0 0 0 0 0 0 0 0 0 0 0 0 0 0 0 0 1 0 0 0 0 0 0 0 0 0 0 0 0 0 0 0 0 1 0 0 0 0 0 1 0 0 0 0]	2026-08-16_00-57-40	[0 0 0 0 0 0 0 0 0 0 0 0 0 0 0 0 0 0 0 1 0 0 0 0 0 0 0 0 0 0 0 0 0 0 0 0 0 0 0 0 0 0 0 0 0 0 0 0 0 0 0 0 0 0 0 0 0 0 0 0 0 0 0 0 0 0 0 0 0 0 0 0 0]	2026-08-16_00-57-40	[2]	2026-08-16_00-57-40
5	2026-08-16_00-57-40	-0.8999999761581421	2026-08-16_00-57-40	11.218849182128906	2026-08-16_00-57-40	1.5848886966705322	2026-08-16_00-57-40	1.5539785623550415	2026-08-16_00-57-40	3.9828219413757324	2026-08-16_00-57-40	4.097160339355469	2026-08-16_00-57-40	True	2026-08-16_00-57-40	[0 0 0 0 0]	2026-08-16_00-57-40	[1 1 0 1 0]	2026-08-16_00-57-40	[0 0 0 0 0 1 0 0 0 0 0 0 0 0 0 0 0 0 0 0 0 0 0 0 0 0 0 0 0 0 0 0 0 0 0 0 0 0 0 0 0 0 0 0 0 1 0 0 0 0 0 0 0 0 0 0 0 0 0 0 0 0 1 0 0 0 0 0 1 0 0 0 0]	2026-08-16_00-57-40	[0 0 0 0 0 0 0 0 0 0 0 0 0 0 0 0 0 0 0 1 0 0 0 0 0 0 0 0 0 0 0 0 0 0 0 0 0 0 0 0 0 0 0 0 0 0 0 0 0 0 0 0 0 0 0 0 0 0 0 0 0 0 0 0 0 0 0 0 0 0 0 0 0]	2026-08-16_00-57-40	[2]	2026-08-16_00-57-40	[0 0 0 0 1]	2026-08-16_00-57-40	[0 1 0 1 0]	2026-08-16_00-57-40	[0 0 0 0 0 0 0 0 0 0 0 0 0 0 0 0 0 0 0 0 0 0 0 0 0 0 0 0 0 0 0 0 0 0 0 0 0 0 0 0 0 0 0 0 0 1 0 0 0 0 0 0 0 0 0 0 0 0 0 0 0 0 1 0 0 0 0 0 1 0 0 0 0]	2026-08-16_00-57-40	[0 0 0 0 0 0 0 0 0 0 0 0 0 0 0 0 0 0 0 1 0 0 0 0 0 0 0 0 0 0 0 0 0 0 0 0 0 0 0 0 0 0 0 0 0 0 0 0 0 0 0 0 0 0 0 0 0 0 0 0 1 0 0 0 0 0 0 0 0 0 0 0 0]	2026-08-16_00-57-40	[2]	2026-08-16_00-57-40
5	2026-08-16_00-57-40	-0.8999999761581421	2026-08-16_00-57-40	11.219682693481445	2026-08-16_00-57-40	1.5976982116699219	2026-08-16_00-57-40	1.5758183002471924	2026-08-16_00-57-40	3.9765172004699707	2026-08-16_00-57-40	4.0696492195129395	2026-08-16_00-57-40	True	2026-08-16_00-57-40	[0 0 0 0 1]	2026-08-16_00-57-40	[0 1 0 1 0]	2026-08-16_00-57-40	[0 0 0 0 0 0 0 0 0 0 0 0 0 0 0 0 0 0 0 0 0 0 0 0 0 0 0 0 0 0 0 0 0 0 0 0 0 0 0 0 0 0 0 0 0 1 0 0 0 0 0 0 0 0 0 0 0 0 0 0 0 0 1 0 0 0 0 0 1 0 0 0 0]	2026-08-16_00-57-40	[0 0 0 0 0 0 0 0 0 0 0 0 0 0 0 0 0 0 0 1 0 0 0 0 0 0 0 0 0 0 0 0 0 0 0 0 0 0 0 0 0 0 0 0 0 0 0 0 0 0 0 0 0 0 0 0 0 0 0 0 1 0 0 0 0 0 0 0 0 0 0 0 0]	2026-08-16_00-57-40	[2]	2026-08-16_00-57-40	[0 0 0 0 0]	2026-08-16_00-57-40	[1 1 0 1 0]	2026-08-16_00-57-40	[0 0 0 0 0 0 0 0 0 0 0 0 0 0 0 0 0 0 0 0 0 0 0 0 0 0 0 0 0 0 0 0 0 0 0 0 0 0 0 0 0 0 0 0 0 1 0 0 0 0 0 0 0 0 0 0 0 0 0 0 0 0 0 0 0 0 0 0 1 0 0 0 0]	2026-08-16_00-57-40	[0 0 0 0 0 0 0 0 1 0 0 0 0 0 0 0 0 0 0 1 0 0 0 0 0 0 0 0 0 0 0 0 0 0 0 0 0 0 0 0 0 0 0 0 0 0 0 0 0 0 0 0 0 0 0 0 0 0 0 0 1 0 0 0 0 0 0 0 0 0 0 0 0]	2026-08-16_00-57-40	[2]	2026-08-16_00-57-40
5	2026-08-16_00-57-40	-0.8999999761581421	2026-08-16_00-57-40	11.200023651123047	2026-08-16_00-57-40	1.581992506980896	2026-08-16_00-57-40	1.5576567649841309	2026-08-16_00-57-40	3.967794895172119	2026-08-16_00-57-40	4.0925798416137695	2026-08-16_00-57-40	True	2026-08-16_00-57-40	[0 0 0 0 0]	2026-08-16_00-57-40	[1 1 0 1 0]	2026-08-16_00-57-40	[0 0 0 0 0 0 0 0 0 0 0 0 0 0 0 0 0 0 0 0 0 0 0 0 0 0 0 0 0 0 0 0 0 0 0 0 0 0 0 0 0 0 0 0 0 1 0 0 0 0 0 0 0 0 0 0 0 0 0 0 0 0 0 0 0 0 0 0 1 0 0 0 0]	2026-08-16_00-57-40	[0 0 0 0 0 0 0 0 1 0 0 0 0 0 0 0 0 0 0 1 0 0 0 0 0 0 0 0 0 0 0 0 0 0 0 0 0 0 0 0 0 0 0 0 0 0 0 0 0 0 0 0 0 0 0 0 0 0 0 0 1 0 0 0 0 0 0 0 0 0 0 0 0]	2026-08-16_00-57-40	[2]	2026-08-16_00-57-40	[0 0 0 0 1]	2026-08-16_00-57-40	[0 1 0 1 0]	2026-08-16_00-57-40	[0 0 0 0 0 1 0 0 0 0 0 0 0 0 0 0 0 0 0 0 0 0 0 0 0 0 0 0 0 0 0 0 0 0 0 0 0 0 0 0 0 0 0 0 0 1 0 0 0 0 0 0 0 0 0 0 0 0 0 0 0 0 0 0 0 0 0 0 1 0 0 0 0]	2026-08-16_00-57-40	[0 0 0 0 0 0 0 0 1 0 0 0 0 0 0 0 0 0 0 1 0 0 0 0 0 0 0 0 0 0 0 0 0 0 0 0 0 0 0 0 0 0 0 0 0 0 0 0 0 0 0 0 0 0 0 0 0 0 0 0 0 0 0 0 0 0 0 0 0 0 0 0 0]	2026-08-16_00-57-40	[2]	2026-08-16_00-57-40
5	2026-08-16_00-57-40	-0.8999999761581421	2026-08-16_00-57-40	11.225107192993164	2026-08-16_00-57-40	1.5962423086166382	2026-08-16_00-57-40	1.5745888948440552	2026-08-16_00-57-40	3.9793100357055664	2026-08-16_00-57-40	4.0749664306640625	2026-08-16_00-57-40	True	2026-08-16_00-57-40	[0 0 0 0 1]	2026-08-16_00-57-40	[0 1 0 1 0]	2026-08-16_00-57-40	[0 0 0 0 0 1 0 0 0 0 0 0 0 0 0 0 0 0 0 0 0 0 0 0 0 0 0 0 0 0 0 0 0 0 0 0 0 0 0 0 0 0 0 0 0 1 0 0 0 0 0 0 0 0 0 0 0 0 0 0 0 0 0 0 0 0 0 0 1 0 0 0 0]	2026-08-16_00-57-40	[0 0 0 0 0 0 0 0 1 0 0 0 0 0 0 0 0 0 0 1 0 0 0 0 0 0 0 0 0 0 0 0 0 0 0 0 0 0 0 0 0 0 0 0 0 0 0 0 0 0 0 0 0 0 0 0 0 0 0 0 0 0 0 0 0 0 0 0 0 0 0 0 0]	2026-08-16_00-57-40	[2]	2026-08-16_00-57-40	[0 0 0 0 0]	2026-08-16_00-57-40	[1 1 0 1 0]	2026-08-16_00-57-40	[0 0 0 0 0 1 0 0 0 0 0 0 0 0 0 0 0 0 0 0 0 0 0 0 0 0 0 0 0 0 0 0 0 0 0 0 0 0 0 0 0 0 0 0 0 1 0 0 0 0 0 0 0 0 0 0 0 0 0 0 0 0 0 0 0 0 0 0 0 0 0 0 0]	2026-08-16_00-57-40	[0 0 0 0 0 0 0 0 0 0 0 0 0 0 0 0 0 0 0 1 0 0 0 0 0 0 0 0 0 0 0 0 0 0 0 0 0 0 0 0 0 0 0 0 0 0 0 0 0 0 0 0 0 0 0 0 0 0 0 0 0 0 0 0 0 0 0 0 0 0 0 0 0]	2026-08-16_00-57-40	[2]	2026-08-16_00-57-40
5	2026-08-16_00-57-40	-0.8999999761581421	2026-08-16_00-57-40	11.204412460327148	2026-08-16_00-57-40	1.583418369293213	2026-08-16_00-57-40	1.556615948677063	2026-08-16_00-57-40	3.971592903137207	2026-08-16_00-57-40	4.092784881591797	2026-08-16_00-57-40	True	2026-08-16_00-57-40	[0 0 0 0 0]	2026-08-16_00-57-40	[1 1 0 1 0]	2026-08-16_00-57-40	[0 0 0 0 0 1 0 0 0 0 0 0 0 0 0 0 0 0 0 0 0 0 0 0 0 0 0 0 0 0 0 0 0 0 0 0 0 0 0 0 0 0 0 0 0 1 0 0 0 0 0 0 0 0 0 0 0 0 0 0 0 0 0 0 0 0 0 0 0 0 0 0 0]	2026-08-16_00-57-40	[0 0 0 0 0 0 0 0 0 0 0 0 0 0 0 0 0 0 0 1 0 0 0 0 0 0 0 0 0 0 0 0 0 0 0 0 0 0 0 0 0 0 0 0 0 0 0 0 0 0 0 0 0 0 0 0 0 0 0 0 0 0 0 0 0 0 0 0 0 0 0 0 0]	2026-08-16_00-57-40	[2]	2026-08-16_00-57-40	[0 0 0 0 1]	2026-08-16_00-57-40	[0 1 0 1 0]	2026-08-16_00-57-40	[0 0 0 0 0 0 0 0 0 0 0 0 0 0 0 0 0 0 0 0 0 0 0 0 0 0 0 0 0 0 0 0 0 0 0 0 0 0 0 0 0 0 0 0 0 1 0 0 0 0 0 0 0 0 0 0 0 0 0 0 0 0 0 0 0 0 0 0 0 0 0 0 0]	2026-08-16_00-57-40	[0 0 0 0 0 0 0 0 0 0 0 0 0 0 0 0 0 0 0 1 0 0 0 0 0 0 0 0 0 0 0 0 0 0 0 0 0 0 0 0 0 0 0 0 0 0 0 0 0 0 0 0 0 0 0 0 0 0 0 0 1 0 0 0 0 0 0 0 0 0 0 0 0]	2026-08-16_00-57-40	[2]	2026-08-16_00-57-40
5	2026-08-16_00-57-40	-0.8999999761581421	2026-08-16_00-57-40	11.202064514160156	2026-08-16_00-57-40	1.5981253385543823	2026-08-16_00-57-40	1.5767844915390015	2026-08-16_00-57-40	3.9670753479003906	2026-08-16_00-57-40	4.060079574584961	2026-08-16_00-57-40	True	2026-08-16_00-57-40	[0 0 0 0 1]	2026-08-16_00-57-40	[0 1 0 1 0]	2026-08-16_00-57-40	[0 0 0 0 0 0 0 0 0 0 0 0 0 0 0 0 0 0 0 0 0 0 0 0 0 0 0 0 0 0 0 0 0 0 0 0 0 0 0 0 0 0 0 0 0 1 0 0 0 0 0 0 0 0 0 0 0 0 0 0 0 0 0 0 0 0 0 0 0 0 0 0 0]	2026-08-16_00-57-40	[0 0 0 0 0 0 0 0 0 0 0 0 0 0 0 0 0 0 0 1 0 0 0 0 0 0 0 0 0 0 0 0 0 0 0 0 0 0 0 0 0 0 0 0 0 0 0 0 0 0 0 0 0 0 0 0 0 0 0 0 1 0 0 0 0 0 0 0 0 0 0 0 0]	2026-08-16_00-57-40	[2]	2026-08-16_00-57-40	[0 0 0 0 0]	2026-08-16_00-57-40	[1 1 0 1 0]	2026-08-16_00-57-40	[0 0 0 0 0 0 0 0 0 0 0 0 0 0 0 0 0 0 0 0 0 0 0 0 0 0 0 0 0 0 0 0 0 0 0 0 0 0 0 0 0 0 0 0 0 1 0 0 0 0 0 0 0 0 0 0 0 0 0 0 0 0 0 0 0 0 0 0 1 0 0 0 0]	2026-08-16_00-57-40	[0 0 0 0 0 0 0 0 1 0 0 0 0 0 0 0 0 0 0 1 0 0 0 0 0 0 0 0 0 0 0 0 0 0 0 0 0 0 0 0 0 0 0 0 0 0 0 0 0 0 0 0 0 0 0 0 0 0 0 0 1 0 0 0 0 0 0 0 0 0 0 0 0]	2026-08-16_00-57-40	[2]	2026-08-16_00-57-40
5	2026-08-16_00-57-40	-0.8999999761581421	2026-08-16_00-57-40	11.210593223571777	2026-08-16_00-57-40	1.5845940113067627	2026-08-16_00-57-40	1.556835412979126	2026-08-16_00-57-40	3.9770002365112305	2026-08-16_00-57-40	4.092163562774658	2026-08-16_00-57-40	True	2026-08-16_00-57-40	[0 0 0 0 0]	2026-08-16_00-57-40	[1 1 0 1 0]	2026-08-16_00-57-40	[0 0 0 0 0 0 0 0 0 0 0 0 0 0 0 0 0 0 0 0 0 0 0 0 0 0 0 0 0 0 0 0 0 0 0 0 0 0 0 0 0 0 0 0 0 1 0 0 0 0 0 0 0 0 0 0 0 0 0 0 0 0 0 0 0 0 0 0 1 0 0 0 0]	2026-08-16_00-57-40	[0 0 0 0 0 0 0 0 1 0 0 0 0 0 0 0 0 0 0 1 0 0 0 0 0 0 0 0 0 0 0 0 0 0 0 0 0 0 0 0 0 0 0 0 0 0 0 0 0 0 0 0 0 0 0 0 0 0 0 0 1 0 0 0 0 0 0 0 0 0 0 0 0]	2026-08-16_00-57-40	[2]	2026-08-16_00-57-40	[0 0 0 0 1]	2026-08-16_00-57-40	[0 1 0 1 0]	2026-08-16_00-57-40	[0 0 0 0 0 1 0 0 0 0 0 0 0 0 0 0 0 0 0 0 0 0 0 0 0 0 0 0 0 0 0 0 0 0 0 0 0 0 0 0 0 0 0 0 0 1 0 0 0 0 0 0 0 0 0 0 0 0 0 0 0 0 0 0 0 0 0 0 1 0 0 0 0]	2026-08-16_00-57-40	[0 0 0 0 0 0 0 0 1 0 0 0 0 0 0 0 0 0 0 1 0 0 0 0 0 0 0 0 0 0 0 0 0 0 0 0 0 0 0 0 0 0 0 0 0 0 0 0 0 0 0 0 0 0 0 0 0 0 0 0 0 0 0 0 0 0 0 0 0 0 0 0 0]	2026-08-16_00-57-40	[2]	2026-08-16_00-57-40
5	2026-08-16_00-57-40	-0.8999999761581421	2026-08-16_00-57-40	11.236750602722168	2026-08-16_00-57-40	1.5979076623916626	2026-08-16_00-57-40	1.573706030845642	2026-08-16_00-57-40	3.9864859580993652	2026-08-16_00-57-40	4.078650951385498	2026-08-16_00-57-40	True	2026-08-16_00-57-40	[0 0 0 0 1]	2026-08-16_00-57-40	[0 1 0 1 0]	2026-08-16_00-57-40	[0 0 0 0 0 1 0 0 0 0 0 0 0 0 0 0 0 0 0 0 0 0 0 0 0 0 0 0 0 0 0 0 0 0 0 0 0 0 0 0 0 0 0 0 0 1 0 0 0 0 0 0 0 0 0 0 0 0 0 0 0 0 0 0 0 0 0 0 1 0 0 0 0]	2026-08-16_00-57-40	[0 0 0 0 0 0 0 0 1 0 0 0 0 0 0 0 0 0 0 1 0 0 0 0 0 0 0 0 0 0 0 0 0 0 0 0 0 0 0 0 0 0 0 0 0 0 0 0 0 0 0 0 0 0 0 0 0 0 0 0 0 0 0 0 0 0 0 0 0 0 0 0 0]	2026-08-16_00-57-40	[2]	2026-08-16_00-57-40	[0 0 0 0 0]	2026-08-16_00-57-40	[1 1 0 1 0]	2026-08-16_00-57-40	[0 0 0 0 0 1 0 0 0 0 0 0 0 0 0 0 0 0 0 0 0 0 0 0 0 0 0 0 0 0 0 0 0 0 0 0 0 0 0 0 0 0 0 0 0 1 0 0 0 0 0 0 0 0 0 0 0 0 0 0 0 0 0 0 0 0 0 0 0 0 0 0 0]	2026-08-16_00-57-40	[0 0 0 0 0 0 0 0 1 0 0 0 0 0 0 0 0 0 0 1 0 0 0 0 0 1 0 0 0 0 0 0 0 0 0 0 0 0 0 0 0 0 0 0 0 0 0 0 0 0 0 0 0 0 0 0 0 0 0 0 0 0 0 0 0 0 0 0 0 0 0 0 0]	2026-08-16_00-57-40	[2]	2026-08-16_00-57-40
5	2026-08-16_00-57-40	-0.8999999761581421	2026-08-16_00-57-40	11.232198715209961	2026-08-16_00-57-40	1.5894442796707153	2026-08-16_00-57-40	1.55332612991333	2026-08-16_00-57-40	3.992187738418579	2026-08-16_00-57-40	4.097240447998047	2026-08-16_00-57-40	True	2026-08-16_00-57-40	[0 0 0 0 0]	2026-08-16_00-57-40	[1 1 0 1 0]	2026-08-16_00-57-40	[0 0 0 0 0 1 0 0 0 0 0 0 0 0 0 0 0 0 0 0 0 0 0 0 0 0 0 0 0 0 0 0 0 0 0 0 0 0 0 0 0 0 0 0 0 1 0 0 0 0 0 0 0 0 0 0 0 0 0 0 0 0 0 0 0 0 0 0 0 0 0 0 0]	2026-08-16_00-57-40	[0 0 0 0 0 0 0 0 1 0 0 0 0 0 0 0 0 0 0 1 0 0 0 0 0 1 0 0 0 0 0 0 0 0 0 0 0 0 0 0 0 0 0 0 0 0 0 0 0 0 0 0 0 0 0 0 0 0 0 0 0 0 0 0 0 0 0 0 0 0 0 0 0]	2026-08-16_00-57-40	[2]	2026-08-16_00-57-40	[0 0 0 0 1]	2026-08-16_00-57-40	[0 1 0 1 0]	2026-08-16_00-57-40	[0 0 0 0 0 0 0 0 0 0 0 0 0 0 0 0 0 0 0 0 0 0 0 0 0 0 0 0 0 0 0 0 0 0 0 0 0 0 0 0 0 0 0 0 0 1 0 0 0 0 0 0 0 0 0 0 0 0 0 0 0 0 0 0 0 0 0 0 0 0 0 0 0]	2026-08-16_00-57-40	[0 0 0 0 0 0 0 0 1 0 0 0 0 0 0 0 0 0 0 1 0 0 0 0 0 1 0 0 0 0 0 0 0 0 0 0 0 0 0 0 0 0 0 0 0 0 0 0 0 0 0 0 0 0 0 0 0 0 0 0 1 0 0 0 0 0 0 0 0 0 0 0 0]	2026-08-16_00-57-40	[2]	2026-08-16_00-57-40
5	2026-08-16_00-57-40	-0.8999999761581421	2026-08-16_00-57-40	11.22977066040039	2026-08-16_00-57-40	1.5989340543746948	2026-08-16_00-57-40	1.5744819641113281	2026-08-16_00-57-40	3.9814348220825195	2026-08-16_00-57-40	4.074919700622559	2026-08-16_00-57-40	True	2026-08-16_00-57-40	[0 0 0 0 1]	2026-08-16_00-57-40	[0 1 0 1 0]	2026-08-16_00-57-40	[0 0 0 0 0 0 0 0 0 0 0 0 0 0 0 0 0 0 0 0 0 0 0 0 0 0 0 0 0 0 0 0 0 0 0 0 0 0 0 0 0 0 0 0 0 1 0 0 0 0 0 0 0 0 0 0 0 0 0 0 0 0 0 0 0 0 0 0 0 0 0 0 0]	2026-08-16_00-57-40	[0 0 0 0 0 0 0 0 1 0 0 0 0 0 0 0 0 0 0 1 0 0 0 0 0 1 0 0 0 0 0 0 0 0 0 0 0 0 0 0 0 0 0 0 0 0 0 0 0 0 0 0 0 0 0 0 0 0 0 0 1 0 0 0 0 0 0 0 0 0 0 0 0]	2026-08-16_00-57-40	[2]	2026-08-16_00-57-40	[0 0 0 0 0]	2026-08-16_00-57-40	[1 1 0 1 0]	2026-08-16_00-57-40	[0 0 0 0 0 0 0 0 0 0 0 0 0 0 0 0 0 0 0 0 0 0 0 0 0 0 0 0 0 0 0 0 0 0 0 0 0 0 0 0 0 0 0 0 0 1 0 0 0 0 0 0 0 0 0 0 0 0 0 0 0 0 0 0 0 0 0 0 1 0 0 0 0]	2026-08-16_00-57-40	[0 0 0 0 0 0 0 0 1 0 0 0 0 0 0 0 0 0 0 1 0 0 0 0 0 0 0 0 0 0 0 0 0 0 0 0 0 0 0 0 0 0 0 0 0 0 0 0 0 0 0 0 0 0 0 0 0 0 0 0 1 0 0 0 0 0 0 0 0 0 0 0 0]	2026-08-16_00-57-40	[2]	2026-08-16_00-57-40
5	2026-08-16_00-57-40	-0.8999999761581421	2026-08-16_00-57-40	11.217897415161133	2026-08-16_00-57-40	1.5858862400054932	2026-08-16_00-57-40	1.5612823963165283	2026-08-16_00-57-40	3.9796133041381836	2026-08-16_00-57-40	4.0911149978637695	2026-08-16_00-57-40	True	2026-08-16_00-57-40	[0 0 0 0 0]	2026-08-16_00-57-40	[1 1 0 1 0]	2026-08-16_00-57-40	[0 0 0 0 0 0 0 0 0 0 0 0 0 0 0 0 0 0 0 0 0 0 0 0 0 0 0 0 0 0 0 0 0 0 0 0 0 0 0 0 0 0 0 0 0 1 0 0 0 0 0 0 0 0 0 0 0 0 0 0 0 0 0 0 0 0 0 0 1 0 0 0 0]	2026-08-16_00-57-40	[0 0 0 0 0 0 0 0 1 0 0 0 0 0 0 0 0 0 0 1 0 0 0 0 0 0 0 0 0 0 0 0 0 0 0 0 0 0 0 0 0 0 0 0 0 0 0 0 0 0 0 0 0 0 0 0 0 0 0 0 1 0 0 0 0 0 0 0 0 0 0 0 0]	2026-08-16_00-57-40	[2]	2026-08-16_00-57-40	[0 0 0 0 1]	2026-08-16_00-57-40	[0 1 0 1 0]	2026-08-16_00-57-40	[0 0 0 0 0 1 0 0 0 0 0 0 0 0 0 0 0 0 0 0 0 0 0 0 0 0 0 0 0 0 0 0 0 0 0 0 0 0 0 0 0 0 0 0 0 1 0 0 0 0 0 0 0 0 0 0 0 0 0 0 0 0 0 0 0 0 0 0 1 0 0 0 0]	2026-08-16_00-57-40	[0 0 0 0 0 0 0 0 1 0 0 0 0 0 0 0 0 0 0 1 0 0 0 0 0 0 0 0 0 0 0 0 0 0 0 0 0 0 0 0 0 0 0 0 0 0 0 0 0 0 0 0 0 0 0 0 0 0 0 0 0 0 0 0 0 0 0 0 0 0 0 0 0]	2026-08-16_00-57-40	[2]	2026-08-16_00-57-40
5	2026-08-16_00-57-40	-0.8999999761581421	2026-08-16_00-57-40	11.221895217895508	2026-08-16_00-57-40	1.5962947607040405	2026-08-16_00-57-40	1.5749907493591309	2026-08-16_00-57-40	3.9769599437713623	2026-08-16_00-57-40	4.073649883270264	2026-08-16_00-57-40	True	2026-08-16_00-57-40	[0 0 0 0 1]	2026-08-16_00-57-40	[0 1 0 1 0]	2026-08-16_00-57-40	[0 0 0 0 0 1 0 0 0 0 0 0 0 0 0 0 0 0 0 0 0 0 0 0 0 0 0 0 0 0 0 0 0 0 0 0 0 0 0 0 0 0 0 0 0 1 0 0 0 0 0 0 0 0 0 0 0 0 0 0 0 0 0 0 0 0 0 0 1 0 0 0 0]	2026-08-16_00-57-40	[0 0 0 0 0 0 0 0 1 0 0 0 0 0 0 0 0 0 0 1 0 0 0 0 0 0 0 0 0 0 0 0 0 0 0 0 0 0 0 0 0 0 0 0 0 0 0 0 0 0 0 0 0 0 0 0 0 0 0 0 0 0 0 0 0 0 0 0 0 0 0 0 0]	2026-08-16_00-57-40	[2]	2026-08-16_00-57-40	[0 0 0 0 0]	2026-08-16_00-57-40	[1 1 0 1 0]	2026-08-16_00-57-40	[0 0 0 0 0 1 0 0 0 0 0 0 0 0 0 0 0 0 0 0 0 0 0 0 0 0 0 0 0 0 0 0 0 0 0 0 0 0 0 0 0 0 0 0 0 1 0 0 0 0 0 0 0 0 0 0 0 0 0 0 0 0 0 0 0 0 0 0 0 0 0 0 0]	2026-08-16_00-57-40	[0 0 0 0 0 0 0 0 1 0 0 0 0 0 0 0 0 0 0 1 0 0 0 0 0 1 0 0 0 0 0 0 0 0 0 0 0 0 0 0 0 0 0 0 0 0 0 0 0 0 0 0 0 0 0 0 0 0 0 0 0 0 0 0 0 0 0 0 0 0 0 0 0]	2026-08-16_00-57-40	[2]	2026-08-16_00-57-40
5	2026-08-16_00-57-40	-0.8999999761581421	2026-08-16_00-57-40	11.232275009155273	2026-08-16_00-57-40	1.5876410007476807	2026-08-16_00-57-40	1.5556979179382324	2026-08-16_00-57-40	3.9898157119750977	2026-08-16_00-57-40	4.099119663238525	2026-08-16_00-57-40	True	2026-08-16_00-57-40	[0 0 0 0 0]	2026-08-16_00-57-40	[1 1 0 1 0]	2026-08-16_00-57-40	[0 0 0 0 0 1 0 0 0 0 0 0 0 0 0 0 0 0 0 0 0 0 0 0 0 0 0 0 0 0 0 0 0 0 0 0 0 0 0 0 0 0 0 0 0 1 0 0 0 0 0 0 0 0 0 0 0 0 0 0 0 0 0 0 0 0 0 0 0 0 0 0 0]	2026-08-16_00-57-40	[0 0 0 0 0 0 0 0 1 0 0 0 0 0 0 0 0 0 0 1 0 0 0 0 0 1 0 0 0 0 0 0 0 0 0 0 0 0 0 0 0 0 0 0 0 0 0 0 0 0 0 0 0 0 0 0 0 0 0 0 0 0 0 0 0 0 0 0 0 0 0 0 0]	2026-08-16_00-57-40	[2]	2026-08-16_00-57-40	[0 0 0 0 1]	2026-08-16_00-57-40	[0 1 0 1 0]	2026-08-16_00-57-40	[0 0 0 0 0 0 0 0 0 0 0 0 0 0 0 0 0 0 0 0 0 0 0 0 0 0 0 0 0 0 0 0 0 0 0 0 0 0 0 0 0 0 0 0 0 1 0 0 0 0 0 0 0 0 0 0 0 0 0 0 0 0 0 0 0 0 0 0 0 0 0 0 0]	2026-08-16_00-57-40	[0 0 0 0 0 0 0 0 1 0 0 0 0 0 0 0 0 0 0 1 0 0 0 0 0 1 0 0 0 0 0 0 0 0 0 0 0 0 0 0 0 0 0 0 0 0 0 0 0 0 0 0 0 0 0 0 0 0 0 0 1 0 0 0 0 0 0 0 0 0 0 0 0]	2026-08-16_00-57-40	[2]	2026-08-16_00-57-40
5	2026-08-16_00-57-40	-0.8999999761581421	2026-08-16_00-57-40	11.196287155151367	2026-08-16_00-57-40	1.5983023643493652	2026-08-16_00-57-40	1.5728729963302612	2026-08-16_00-57-40	3.967466354370117	2026-08-16_00-57-40	4.057644844055176	2026-08-16_00-57-40	True	2026-08-16_00-57-40	[0 0 0 0 1]	2026-08-16_00-57-40	[0 1 0 1 0]	2026-08-16_00-57-40	[0 0 0 0 0 0 0 0 0 0 0 0 0 0 0 0 0 0 0 0 0 0 0 0 0 0 0 0 0 0 0 0 0 0 0 0 0 0 0 0 0 0 0 0 0 1 0 0 0 0 0 0 0 0 0 0 0 0 0 0 0 0 0 0 0 0 0 0 0 0 0 0 0]	2026-08-16_00-57-40	[0 0 0 0 0 0 0 0 1 0 0 0 0 0 0 0 0 0 0 1 0 0 0 0 0 1 0 0 0 0 0 0 0 0 0 0 0 0 0 0 0 0 0 0 0 0 0 0 0 0 0 0 0 0 0 0 0 0 0 0 1 0 0 0 0 0 0 0 0 0 0 0 0]	2026-08-16_00-57-40	[2]	2026-08-16_00-57-40	[0 0 0 0 0]	2026-08-16_00-57-40	[1 1 0 1 0]	2026-08-16_00-57-40	[0 0 0 0 0 0 0 0 0 0 0 0 0 0 0 0 0 0 0 0 0 0 0 0 0 0 0 0 0 0 0 0 0 0 0 0 0 0 0 0 0 0 0 0 0 1 0 0 0 0 0 0 0 0 0 0 0 0 0 0 0 0 0 0 0 0 0 0 1 0 0 0 0]	2026-08-16_00-57-40	[0 0 0 0 0 0 0 0 1 0 0 0 0 0 0 0 0 0 0 1 0 0 0 0 0 0 0 0 0 0 0 0 0 0 0 0 0 0 0 0 0 0 0 0 0 0 0 0 0 0 0 0 0 0 0 0 0 0 0 0 1 0 0 0 0 0 0 0 0 0 0 0 0]	2026-08-16_00-57-40	[2]	2026-08-16_00-57-40
5	2026-08-16_00-57-40	-0.8999999761581421	2026-08-16_00-57-40	11.228912353515625	2026-08-16_00-57-40	1.5885734558105469	2026-08-16_00-57-40	1.5566538572311401	2026-08-16_00-57-40	3.9886584281921387	2026-08-16_00-57-40	4.095026969909668	2026-08-16_00-57-40	True	2026-08-16_00-57-40	[0 0 0 0 0]	2026-08-16_00-57-40	[1 1 0 1 0]	2026-08-16_00-57-40	[0 0 0 0 0 0 0 0 0 0 0 0 0 0 0 0 0 0 0 0 0 0 0 0 0 0 0 0 0 0 0 0 0 0 0 0 0 0 0 0 0 0 0 0 0 1 0 0 0 0 0 0 0 0 0 0 0 0 0 0 0 0 0 0 0 0 0 0 1 0 0 0 0]	2026-08-16_00-57-40	[0 0 0 0 0 0 0 0 1 0 0 0 0 0 0 0 0 0 0 1 0 0 0 0 0 0 0 0 0 0 0 0 0 0 0 0 0 0 0 0 0 0 0 0 0 0 0 0 0 0 0 0 0 0 0 0 0 0 0 0 1 0 0 0 0 0 0 0 0 0 0 0 0]	2026-08-16_00-57-40	[2]	2026-08-16_00-57-40	[0 0 0 0 1]	2026-08-16_00-57-40	[0 1 0 1 0]	2026-08-16_00-57-40	[0 0 0 0 0 1 0 0 0 0 0 0 0 0 0 0 0 0 0 0 0 0 0 0 0 0 0 0 0 0 0 0 0 0 0 0 0 0 0 0 0 0 0 0 0 1 0 0 0 0 0 0 0 0 0 0 0 0 0 0 0 0 0 0 0 0 0 0 1 0 0 0 0]	2026-08-16_00-57-40	[0 0 0 0 0 1 0 0 1 0 0 0 0 0 0 0 0 0 0 1 0 0 0 0 0 0 0 0 0 0 0 0 0 0 0 0 0 0 0 0 0 0 0 0 0 0 0 0 0 0 0 0 0 0 0 0 0 0 0 0 1 0 0 0 0 0 0 0 0 0 0 0 0]	2026-08-16_00-57-40	[2]	2026-08-16_00-57-40
5	2026-08-16_00-57-40	-0.8999999761581421	2026-08-16_00-57-40	11.240535736083984	2026-08-16_00-57-40	1.5956363677978516	2026-08-16_00-57-40	1.5652003288269043	2026-08-16_00-57-40	3.9927761554718018	2026-08-16_00-57-40	4.086922645568848	2026-08-16_00-57-40	True	2026-08-16_00-57-40	[0 0 0 0 1]	2026-08-16_00-57-40	[0 1 0 1 0]	2026-08-16_00-57-40	[0 0 0 0 0 1 0 0 0 0 0 0 0 0 0 0 0 0 0 0 0 0 0 0 0 0 0 0 0 0 0 0 0 0 0 0 0 0 0 0 0 0 0 0 0 1 0 0 0 0 0 0 0 0 0 0 0 0 0 0 0 0 0 0 0 0 0 0 1 0 0 0 0]	2026-08-16_00-57-40	[0 0 0 0 0 1 0 0 1 0 0 0 0 0 0 0 0 0 0 1 0 0 0 0 0 0 0 0 0 0 0 0 0 0 0 0 0 0 0 0 0 0 0 0 0 0 0 0 0 0 0 0 0 0 0 0 0 0 0 0 1 0 0 0 0 0 0 0 0 0 0 0 0]	2026-08-16_00-57-40	[2]	2026-08-16_00-57-40	[0 0 0 0 0]	2026-08-16_00-57-40	[1 1 0 1 0]	2026-08-16_00-57-40	[0 0 0 0 0 1 0 0 0 0 0 0 0 0 0 0 0 0 0 0 0 0 0 0 0 0 0 0 0 0 0 0 0 0 0 0 0 0 0 0 0 0 0 0 0 1 0 0 0 0 0 0 0 0 0 0 0 0 0 0 0 0 0 0 0 0 0 0 0 0 0 0 0]	2026-08-16_00-57-40	[0 0 0 0 0 1 0 0 0 0 0 0 0 0 0 0 0 0 0 1 0 0 0 0 0 0 0 0 0 0 0 0 0 0 0 0 0 0 0 0 0 0 0 0 0 0 0 0 0 0 0 0 0 0 0 0 0 0 0 0 1 0 0 0 0 0 0 0 0 0 0 0 0]	2026-08-16_00-57-40	[2]	2026-08-16_00-57-40
5	2026-08-16_00-57-40	-0.8999999761581421	2026-08-16_00-57-40	11.216306686401367	2026-08-16_00-57-40	1.5834238529205322	2026-08-16_00-57-40	1.5659089088439941	2026-08-16_00-57-40	3.977242946624756	2026-08-16_00-57-40	4.089730739593506	2026-08-16_00-57-40	True	2026-08-16_00-57-40	[0 0 0 0 0]	2026-08-16_00-57-40	[1 1 0 1 0]	2026-08-16_00-57-40	[0 0 0 0 0 1 0 0 0 0 0 0 0 0 0 0 0 0 0 0 0 0 0 0 0 0 0 0 0 0 0 0 0 0 0 0 0 0 0 0 0 0 0 0 0 1 0 0 0 0 0 0 0 0 0 0 0 0 0 0 0 0 0 0 0 0 0 0 0 0 0 0 0]	2026-08-16_00-57-40	[0 0 0 0 0 1 0 0 0 0 0 0 0 0 0 0 0 0 0 1 0 0 0 0 0 0 0 0 0 0 0 0 0 0 0 0 0 0 0 0 0 0 0 0 0 0 0 0 0 0 0 0 0 0 0 0 0 0 0 0 1 0 0 0 0 0 0 0 0 0 0 0 0]	2026-08-16_00-57-40	[2]	2026-08-16_00-57-40	[0 0 0 0 1]	2026-08-16_00-57-40	[0 1 0 1 0]	2026-08-16_00-57-40	[0 0 0 0 0 0 0 0 0 0 0 0 0 0 0 0 0 0 0 0 0 0 0 0 0 0 0 0 0 0 0 0 0 0 0 0 0 0 0 0 0 0 0 0 0 1 0 0 0 0 0 0 0 0 0 0 0 0 0 0 0 0 0 0 0 0 0 0 0 0 0 0 0]	2026-08-16_00-57-40	[0 0 0 0 0 1 0 0 0 0 0 0 0 0 0 0 0 0 0 1 0 0 0 0 0 0 0 0 0 0 0 0 0 0 0 0 0 0 0 0 0 0 0 0 0 0 0 0 0 0 0 0 0 0 0 0 0 0 0 0 0 0 0 0 0 0 0 0 0 0 0 0 0]	2026-08-16_00-57-40	[2]	2026-08-16_00-57-40
5	2026-08-16_00-57-40	-0.8999999761581421	2026-08-16_00-57-40	11.210659980773926	2026-08-16_00-57-40	1.5963314771652222	2026-08-16_00-57-40	1.5740108489990234	2026-08-16_00-57-40	3.9725217819213867	2026-08-16_00-57-40	4.067795753479004	2026-08-16_00-57-40	True	2026-08-16_00-57-40	[0 0 0 0 1]	2026-08-16_00-57-40	[0 1 0 1 0]	2026-08-16_00-57-40	[0 0 0 0 0 0 0 0 0 0 0 0 0 0 0 0 0 0 0 0 0 0 0 0 0 0 0 0 0 0 0 0 0 0 0 0 0 0 0 0 0 0 0 0 0 1 0 0 0 0 0 0 0 0 0 0 0 0 0 0 0 0 0 0 0 0 0 0 0 0 0 0 0]	2026-08-16_00-57-40	[0 0 0 0 0 1 0 0 0 0 0 0 0 0 0 0 0 0 0 1 0 0 0 0 0 0 0 0 0 0 0 0 0 0 0 0 0 0 0 0 0 0 0 0 0 0 0 0 0 0 0 0 0 0 0 0 0 0 0 0 0 0 0 0 0 0 0 0 0 0 0 0 0]	2026-08-16_00-57-40	[2]	2026-08-16_00-57-40	[0 0 0 0 0]	2026-08-16_00-57-40	[1 1 0 1 0]	2026-08-16_00-57-40	[0 0 0 0 0 0 0 0 0 0 0 0 0 0 0 0 0 0 0 0 0 0 0 0 0 0 0 0 0 0 0 0 0 0 0 0 0 0 0 0 0 0 0 0 0 1 0 0 0 0 0 0 0 0 0 0 0 0 0 0 0 0 0 0 0 0 0 0 1 0 0 0 0]	2026-08-16_00-57-40	[0 0 0 0 0 1 0 0 1 0 0 0 0 0 0 0 0 0 0 1 0 0 0 0 0 0 0 0 0 0 0 0 0 0 0 0 0 0 0 0 0 0 0 0 0 0 0 0 0 0 0 0 0 0 0 0 0 0 0 0 0 0 0 0 0 0 0 0 0 0 0 0 0]	2026-08-16_00-57-40	[2]	2026-08-16_00-57-40
5	2026-08-16_00-57-40	-0.8999999761581421	2026-08-16_00-57-40	11.217639923095703	2026-08-16_00-57-40	1.585906744003296	2026-08-16_00-57-40	1.558655858039856	2026-08-16_00-57-40	3.9806816577911377	2026-08-16_00-57-40	4.092395782470703	2026-08-16_00-57-40	True	2026-08-16_00-57-40	[0 0 0 0 0]	2026-08-16_00-57-40	[1 1 0 1 0]	2026-08-16_00-57-40	[0 0 0 0 0 0 0 0 0 0 0 0 0 0 0 0 0 0 0 0 0 0 0 0 0 0 0 0 0 0 0 0 0 0 0 0 0 0 0 0 0 0 0 0 0 1 0 0 0 0 0 0 0 0 0 0 0 0 0 0 0 0 0 0 0 0 0 0 1 0 0 0 0]	2026-08-16_00-57-40	[0 0 0 0 0 1 0 0 1 0 0 0 0 0 0 0 0 0 0 1 0 0 0 0 0 0 0 0 0 0 0 0 0 0 0 0 0 0 0 0 0 0 0 0 0 0 0 0 0 0 0 0 0 0 0 0 0 0 0 0 0 0 0 0 0 0 0 0 0 0 0 0 0]	2026-08-16_00-57-40	[2]	2026-08-16_00-57-40	[0 0 0 0 1]	2026-08-16_00-57-40	[0 1 0 1 0]	2026-08-16_00-57-40	[0 0 0 0 0 1 0 0 0 0 0 0 0 0 0 0 0 0 0 0 0 0 0 0 0 0 0 0 0 0 0 0 0 0 0 0 0 0 0 0 0 0 0 0 0 1 0 0 0 0 0 0 0 0 0 0 0 0 0 0 0 0 0 0 0 0 0 0 1 0 0 0 0]	2026-08-16_00-57-40	[0 0 0 0 0 1 0 0 1 0 0 0 0 0 0 0 0 0 0 1 0 0 0 0 0 0 0 0 0 0 0 0 0 0 0 0 0 0 0 0 0 0 0 0 0 0 0 0 0 0 0 0 0 0 0 0 0 0 0 0 1 0 0 0 0 0 0 0 0 0 0 0 0]	2026-08-16_00-57-40	[2]	2026-08-16_00-57-40
5	2026-08-16_00-57-40	-0.8999999761581421	2026-08-16_00-57-40	11.248905181884766	2026-08-16_00-57-40	1.5999610424041748	2026-08-16_00-57-40	1.5687154531478882	2026-08-16_00-57-40	3.995023488998413	2026-08-16_00-57-40	4.085205078125	2026-08-16_00-57-40	True	2026-08-16_00-57-40	[0 0 0 0 1]	2026-08-16_00-57-40	[0 1 0 1 0]	2026-08-16_00-57-40	[0 0 0 0 0 1 0 0 0 0 0 0 0 0 0 0 0 0 0 0 0 0 0 0 0 0 0 0 0 0 0 0 0 0 0 0 0 0 0 0 0 0 0 0 0 1 0 0 0 0 0 0 0 0 0 0 0 0 0 0 0 0 0 0 0 0 0 0 1 0 0 0 0]	2026-08-16_00-57-40	[0 0 0 0 0 1 0 0 1 0 0 0 0 0 0 0 0 0 0 1 0 0 0 0 0 0 0 0 0 0 0 0 0 0 0 0 0 0 0 0 0 0 0 0 0 0 0 0 0 0 0 0 0 0 0 0 0 0 0 0 1 0 0 0 0 0 0 0 0 0 0 0 0]	2026-08-16_00-57-40	[2]	2026-08-16_00-57-40	[0 0 0 0 0]	2026-08-16_00-57-40	[1 1 0 1 0]	2026-08-16_00-57-40	[0 0 0 0 0 1 0 0 0 0 0 0 0 0 0 0 0 0 0 0 0 0 0 0 0 0 0 0 0 0 0 0 0 0 0 0 0 0 0 0 0 0 0 0 0 1 0 0 0 0 0 0 0 0 0 0 0 0 0 0 0 0 0 0 0 0 0 0 0 0 0 0 0]	2026-08-16_00-57-40	[0 0 0 0 0 1 0 0 0 0 0 0 0 0 0 0 0 0 0 1 0 0 0 0 0 0 0 0 0 0 0 0 0 0 0 0 0 0 0 0 0 0 0 0 0 0 0 0 0 0 0 0 0 0 0 0 0 0 0 0 1 0 0 0 0 0 0 0 0 0 0 0 0]	2026-08-16_00-57-40	[2]	2026-08-16_00-57-40
5	2026-08-16_00-57-40	-0.8999999761581421	2026-08-16_00-57-40	11.214632987976074	2026-08-16_00-57-40	1.582701563835144	2026-08-16_00-57-40	1.5592167377471924	2026-08-16_00-57-40	3.9778993129730225	2026-08-16_00-57-40	4.094815254211426	2026-08-16_00-57-40	True	2026-08-16_00-57-40	[0 0 0 0 0]	2026-08-16_00-57-40	[1 1 0 1 0]	2026-08-16_00-57-40	[0 0 0 0 0 1 0 0 0 0 0 0 0 0 0 0 0 0 0 0 0 0 0 0 0 0 0 0 0 0 0 0 0 0 0 0 0 0 0 0 0 0 0 0 0 1 0 0 0 0 0 0 0 0 0 0 0 0 0 0 0 0 0 0 0 0 0 0 0 0 0 0 0]	2026-08-16_00-57-40	[0 0 0 0 0 1 0 0 0 0 0 0 0 0 0 0 0 0 0 1 0 0 0 0 0 0 0 0 0 0 0 0 0 0 0 0 0 0 0 0 0 0 0 0 0 0 0 0 0 0 0 0 0 0 0 0 0 0 0 0 1 0 0 0 0 0 0 0 0 0 0 0 0]	2026-08-16_00-57-40	[2]	2026-08-16_00-57-40	[0 0 0 0 1]	2026-08-16_00-57-40	[0 1 0 1 0]	2026-08-16_00-57-40	[0 0 0 0 0 0 0 0 0 0 0 0 0 0 0 0 0 0 0 0 0 0 0 0 0 0 0 0 0 0 0 0 0 0 0 0 0 0 0 0 0 0 0 0 0 1 0 0 0 0 0 0 0 0 0 0 0 0 0 0 0 0 0 0 0 0 0 0 0 0 0 0 0]	2026-08-16_00-57-40	[0 0 0 0 0 1 0 0 0 0 0 0 0 0 0 0 0 0 0 1 0 0 0 0 0 0 0 0 0 0 0 0 0 0 0 0 0 0 0 0 0 0 0 0 0 0 0 0 0 0 0 0 0 0 0 0 0 0 0 0 0 0 0 0 0 0 0 0 0 0 0 0 0]	2026-08-16_00-57-40	[2]	2026-08-16_00-57-40
5	2026-08-16_00-57-40	-0.8999999761581421	2026-08-16_00-57-40	11.213496208190918	2026-08-16_00-57-40	1.5950548648834229	2026-08-16_00-57-40	1.574608325958252	2026-08-16_00-57-40	3.972679615020752	2026-08-16_00-57-40	4.07115364074707	2026-08-16_00-57-40	True	2026-08-16_00-57-40	[0 0 0 0 1]	2026-08-16_00-57-40	[0 1 0 1 0]	2026-08-16_00-57-40	[0 0 0 0 0 0 0 0 0 0 0 0 0 0 0 0 0 0 0 0 0 0 0 0 0 0 0 0 0 0 0 0 0 0 0 0 0 0 0 0 0 0 0 0 0 1 0 0 0 0 0 0 0 0 0 0 0 0 0 0 0 0 0 0 0 0 0 0 0 0 0 0 0]	2026-08-16_00-57-40	[0 0 0 0 0 1 0 0 0 0 0 0 0 0 0 0 0 0 0 1 0 0 0 0 0 0 0 0 0 0 0 0 0 0 0 0 0 0 0 0 0 0 0 0 0 0 0 0 0 0 0 0 0 0 0 0 0 0 0 0 0 0 0 0 0 0 0 0 0 0 0 0 0]	2026-08-16_00-57-40	[2]	2026-08-16_00-57-40	[0 0 0 0 0]	2026-08-16_00-57-40	[1 1 0 1 0]	2026-08-16_00-57-40	[0 0 0 0 0 0 0 0 0 0 0 0 0 0 0 0 0 0 0 0 0 0 0 0 0 0 0 0 0 0 0 0 0 0 0 0 0 0 0 0 0 0 0 0 0 1 0 0 0 0 0 0 0 0 0 0 0 0 0 0 0 0 0 0 0 0 0 0 1 0 0 0 0]	2026-08-16_00-57-40	[0 0 0 0 0 1 0 0 0 0 0 0 0 0 0 0 0 0 0 1 0 0 0 0 0 1 0 0 0 0 0 0 0 0 0 0 0 0 0 0 0 0 0 0 0 0 0 0 0 0 0 0 0 0 0 0 0 0 0 0 0 0 0 0 0 0 0 0 0 0 0 0 0]	2026-08-16_00-57-40	[2]	2026-08-16_00-57-40
5	2026-08-16_00-57-40	-0.8999999761581421	2026-08-16_00-57-40	11.225252151489258	2026-08-16_00-57-40	1.5873115062713623	2026-08-16_00-57-40	1.55608332157135	2026-08-16_00-57-40	3.9855897426605225	2026-08-16_00-57-40	4.096267223358154	2026-08-16_00-57-40	True	2026-08-16_00-57-40	[0 0 0 0 0]	2026-08-16_00-57-40	[1 1 0 1 0]	2026-08-16_00-57-40	[0 0 0 0 0 0 0 0 0 0 0 0 0 0 0 0 0 0 0 0 0 0 0 0 0 0 0 0 0 0 0 0 0 0 0 0 0 0 0 0 0 0 0 0 0 1 0 0 0 0 0 0 0 0 0 0 0 0 0 0 0 0 0 0 0 0 0 0 1 0 0 0 0]	2026-08-16_00-57-40	[0 0 0 0 0 1 0 0 0 0 0 0 0 0 0 0 0 0 0 1 0 0 0 0 0 1 0 0 0 0 0 0 0 0 0 0 0 0 0 0 0 0 0 0 0 0 0 0 0 0 0 0 0 0 0 0 0 0 0 0 0 0 0 0 0 0 0 0 0 0 0 0 0]	2026-08-16_00-57-40	[2]	2026-08-16_00-57-40	[0 0 0 0 1]	2026-08-16_00-57-40	[0 1 0 1 0]	2026-08-16_00-57-40	[0 0 0 0 0 1 0 0 0 0 0 0 0 0 0 0 0 0 0 0 0 0 0 0 0 0 0 0 0 0 0 0 0 0 0 0 0 0 0 0 0 0 0 0 0 1 0 0 0 0 0 0 0 0 0 0 0 0 0 0 0 0 0 0 0 0 0 0 1 0 0 0 0]	2026-08-16_00-57-40	[0 0 0 0 0 1 0 0 0 0 0 0 0 0 0 0 0 0 0 1 0 0 0 0 0 1 0 0 0 0 0 0 0 0 0 0 0 0 0 0 0 0 0 0 0 0 0 0 0 0 0 0 0 0 0 0 0 0 0 0 1 0 0 0 0 0 0 0 0 0 0 0 0]	2026-08-16_00-57-40	[2]	2026-08-16_00-57-40
5	2026-08-16_00-57-40	-0.8999999761581421	2026-08-16_00-57-40	11.24833869934082	2026-08-16_00-57-40	1.5984352827072144	2026-08-16_00-57-40	1.57736074924469	2026-08-16_00-57-40	3.9899823665618896	2026-08-16_00-57-40	4.082560062408447	2026-08-16_00-57-40	True	2026-08-16_00-57-40	[0 0 0 0 1]	2026-08-16_00-57-40	[0 1 0 1 0]	2026-08-16_00-57-40	[0 0 0 0 0 1 0 0 0 0 0 0 0 0 0 0 0 0 0 0 0 0 0 0 0 0 0 0 0 0 0 0 0 0 0 0 0 0 0 0 0 0 0 0 0 1 0 0 0 0 0 0 0 0 0 0 0 0 0 0 0 0 0 0 0 0 0 0 1 0 0 0 0]	2026-08-16_00-57-40	[0 0 0 0 0 1 0 0 0 0 0 0 0 0 0 0 0 0 0 1 0 0 0 0 0 1 0 0 0 0 0 0 0 0 0 0 0 0 0 0 0 0 0 0 0 0 0 0 0 0 0 0 0 0 0 0 0 0 0 0 1 0 0 0 0 0 0 0 0 0 0 0 0]	2026-08-16_00-57-40	[2]	2026-08-16_00-57-40	[0 0 0 0 0]	2026-08-16_00-57-40	[1 1 0 1 0]	2026-08-16_00-57-40	[0 0 0 0 0 1 0 0 0 0 0 0 0 0 0 0 0 0 0 0 0 0 0 0 0 0 0 0 0 0 0 0 0 0 0 0 0 0 0 0 0 0 0 0 0 1 0 0 0 0 0 0 0 0 0 0 0 0 0 0 0 0 0 0 0 0 0 0 0 0 0 0 0]	2026-08-16_00-57-40	[0 0 0 0 0 1 0 0 1 0 0 0 0 0 0 0 0 0 0 1 0 0 0 0 0 1 0 0 0 0 0 0 0 0 0 0 0 0 0 0 0 0 0 0 0 0 0 0 0 0 0 0 0 0 0 0 0 0 0 0 1 0 0 0 0 0 0 0 0 0 0 0 0]	2026-08-16_00-57-40	[2]	2026-08-16_00-57-40
5	2026-08-16_00-57-40	-0.8999999761581421	2026-08-16_00-57-40	11.244829177856445	2026-08-16_00-57-40	1.5900944471359253	2026-08-16_00-57-40	1.5588297843933105	2026-08-16_00-57-40	3.996502637863159	2026-08-16_00-57-40	4.099401950836182	2026-08-16_00-57-40	True	2026-08-16_00-57-40	[0 0 0 0 0]	2026-08-16_00-57-40	[1 1 0 1 0]	2026-08-16_00-57-40	[0 0 0 0 0 1 0 0 0 0 0 0 0 0 0 0 0 0 0 0 0 0 0 0 0 0 0 0 0 0 0 0 0 0 0 0 0 0 0 0 0 0 0 0 0 1 0 0 0 0 0 0 0 0 0 0 0 0 0 0 0 0 0 0 0 0 0 0 0 0 0 0 0]	2026-08-16_00-57-40	[0 0 0 0 0 1 0 0 1 0 0 0 0 0 0 0 0 0 0 1 0 0 0 0 0 1 0 0 0 0 0 0 0 0 0 0 0 0 0 0 0 0 0 0 0 0 0 0 0 0 0 0 0 0 0 0 0 0 0 0 1 0 0 0 0 0 0 0 0 0 0 0 0]	2026-08-16_00-57-40	[2]	2026-08-16_00-57-40	[0 0 0 0 1]	2026-08-16_00-57-40	[0 1 0 1 0]	2026-08-16_00-57-40	[0 0 0 0 0 0 0 0 0 0 0 0 0 0 0 0 0 0 0 0 0 0 0 0 0 0 0 0 0 0 0 0 0 0 0 0 0 0 0 0 0 0 0 0 0 1 0 0 0 0 0 0 0 0 0 0 0 0 0 0 0 0 0 0 0 0 0 0 0 0 0 0 0]	2026-08-16_00-57-40	[0 0 0 0 0 1 0 0 1 0 0 0 0 0 0 0 0 0 0 1 0 0 0 0 0 1 0 0 0 0 0 0 0 0 0 0 0 0 0 0 0 0 0 0 0 0 0 0 0 0 0 0 0 0 0 0 0 0 0 0 0 0 0 0 0 0 0 0 0 0 0 0 0]	2026-08-16_00-57-40	[2]	2026-08-16_00-57-40
5	2026-08-16_00-57-40	-0.8999999761581421	2026-08-16_00-57-40	11.218687057495117	2026-08-16_00-57-40	1.6018447875976562	2026-08-16_00-57-40	1.5754199028015137	2026-08-16_00-57-40	3.9765548706054688	2026-08-16_00-57-40	4.06486701965332	2026-08-16_00-57-40	True	2026-08-16_00-57-40	[0 0 0 0 1]	2026-08-16_00-57-40	[0 1 0 1 0]	2026-08-16_00-57-40	[0 0 0 0 0 0 0 0 0 0 0 0 0 0 0 0 0 0 0 0 0 0 0 0 0 0 0 0 0 0 0 0 0 0 0 0 0 0 0 0 0 0 0 0 0 1 0 0 0 0 0 0 0 0 0 0 0 0 0 0 0 0 0 0 0 0 0 0 0 0 0 0 0]	2026-08-16_00-57-40	[0 0 0 0 0 1 0 0 1 0 0 0 0 0 0 0 0 0 0 1 0 0 0 0 0 1 0 0 0 0 0 0 0 0 0 0 0 0 0 0 0 0 0 0 0 0 0 0 0 0 0 0 0 0 0 0 0 0 0 0 0 0 0 0 0 0 0 0 0 0 0 0 0]	2026-08-16_00-57-40	[2]	2026-08-16_00-57-40	[0 0 0 0 0]	2026-08-16_00-57-40	[1 1 0 1 0]	2026-08-16_00-57-40	[0 0 0 0 0 0 0 0 0 0 0 0 0 0 0 0 0 0 0 0 0 0 0 0 0 0 0 0 0 0 0 0 0 0 0 0 0 0 0 0 0 0 0 0 0 1 0 0 0 0 0 0 0 0 0 0 0 0 0 0 0 0 0 0 0 0 0 0 1 0 0 0 0]	2026-08-16_00-57-40	[0 0 0 0 0 1 0 0 1 0 0 0 0 0 0 0 0 0 0 1 0 0 0 0 0 0 0 0 0 0 0 0 0 0 0 0 0 0 0 0 0 0 0 0 0 0 0 0 0 0 0 0 0 0 0 0 0 0 0 0 0 0 0 0 0 0 0 0 0 0 0 0 0]	2026-08-16_00-57-40	[2]	2026-08-16_00-57-40
5	2026-08-16_00-57-40	-0.8999999761581421	2026-08-16_00-57-40	11.204143524169922	2026-08-16_00-57-40	1.5821342468261719	2026-08-16_00-57-40	1.5555574893951416	2026-08-16_00-57-40	3.9740140438079834	2026-08-16_00-57-40	4.092437744140625	2026-08-16_00-57-40	True	2026-08-16_00-57-40	[0 0 0 0 0]	2026-08-16_00-57-40	[1 1 0 1 0]	2026-08-16_00-57-40	[0 0 0 0 0 0 0 0 0 0 0 0 0 0 0 0 0 0 0 0 0 0 0 0 0 0 0 0 0 0 0 0 0 0 0 0 0 0 0 0 0 0 0 0 0 1 0 0 0 0 0 0 0 0 0 0 0 0 0 0 0 0 0 0 0 0 0 0 1 0 0 0 0]	2026-08-16_00-57-40	[0 0 0 0 0 1 0 0 1 0 0 0 0 0 0 0 0 0 0 1 0 0 0 0 0 0 0 0 0 0 0 0 0 0 0 0 0 0 0 0 0 0 0 0 0 0 0 0 0 0 0 0 0 0 0 0 0 0 0 0 0 0 0 0 0 0 0 0 0 0 0 0 0]	2026-08-16_00-57-40	[2]	2026-08-16_00-57-40	[0 0 0 0 1]	2026-08-16_00-57-40	[0 1 0 1 0]	2026-08-16_00-57-40	[0 0 0 0 0 1 0 0 0 0 0 0 0 0 0 0 0 0 0 0 0 0 0 0 0 0 0 0 0 0 0 0 0 0 0 0 0 0 0 0 0 0 0 0 0 1 0 0 0 0 0 0 0 0 0 0 0 0 0 0 0 0 0 0 0 0 0 0 1 0 0 0 0]	2026-08-16_00-57-40	[0 0 0 0 0 1 0 0 1 0 0 0 0 0 0 0 0 0 0 1 0 0 0 0 0 0 0 0 0 0 0 0 0 0 0 0 0 0 0 0 0 0 0 0 0 0 0 0 0 0 0 0 0 0 0 0 0 0 0 0 1 0 0 0 0 0 0 0 0 0 0 0 0]	2026-08-16_00-57-40	[2]	2026-08-16_00-57-40
5	2026-08-16_00-57-40	-0.8999999761581421	2026-08-16_00-57-40	11.227685928344727	2026-08-16_00-57-40	1.5990445613861084	2026-08-16_00-57-40	1.572658658027649	2026-08-16_00-57-40	3.9823102951049805	2026-08-16_00-57-40	4.073672771453857	2026-08-16_00-57-40	True	2026-08-16_00-57-40	[0 0 0 0 1]	2026-08-16_00-57-40	[0 1 0 1 0]	2026-08-16_00-57-40	[0 0 0 0 0 1 0 0 0 0 0 0 0 0 0 0 0 0 0 0 0 0 0 0 0 0 0 0 0 0 0 0 0 0 0 0 0 0 0 0 0 0 0 0 0 1 0 0 0 0 0 0 0 0 0 0 0 0 0 0 0 0 0 0 0 0 0 0 1 0 0 0 0]	2026-08-16_00-57-40	[0 0 0 0 0 1 0 0 1 0 0 0 0 0 0 0 0 0 0 1 0 0 0 0 0 0 0 0 0 0 0 0 0 0 0 0 0 0 0 0 0 0 0 0 0 0 0 0 0 0 0 0 0 0 0 0 0 0 0 0 1 0 0 0 0 0 0 0 0 0 0 0 0]	2026-08-16_00-57-40	[2]	2026-08-16_00-57-40	[0 0 0 0 0]	2026-08-16_00-57-40	[1 1 0 1 0]	2026-08-16_00-57-40	[0 0 0 0 0 1 0 0 0 0 0 0 0 0 0 0 0 0 0 0 0 0 0 0 0 0 0 0 0 0 0 0 0 0 0 0 0 0 0 0 0 0 0 0 0 1 0 0 0 0 0 0 0 0 0 0 0 0 0 0 0 0 0 0 0 0 0 0 0 0 0 0 0]	2026-08-16_00-57-40	[0 0 0 0 0 1 0 0 0 0 0 0 0 0 0 0 0 0 0 1 0 0 0 0 0 0 0 0 0 0 0 0 0 0 0 0 0 0 0 0 0 0 0 0 0 0 0 0 0 0 0 0 0 0 0 0 0 0 0 0 1 0 0 0 0 0 0 0 0 0 0 0 0]	2026-08-16_00-57-40	[2]	2026-08-16_00-57-40
5	2026-08-16_00-57-40	-0.8999999761581421	2026-08-16_00-57-40	11.213558197021484	2026-08-16_00-57-40	1.5853691101074219	2026-08-16_00-57-40	1.5594617128372192	2026-08-16_00-57-40	3.97709321975708	2026-08-16_00-57-40	4.091634750366211	2026-08-16_00-57-40	True	2026-08-16_00-57-40	[0 0 0 0 0]	2026-08-16_00-57-40	[1 1 0 1 0]	2026-08-16_00-57-40	[0 0 0 0 0 1 0 0 0 0 0 0 0 0 0 0 0 0 0 0 0 0 0 0 0 0 0 0 0 0 0 0 0 0 0 0 0 0 0 0 0 0 0 0 0 1 0 0 0 0 0 0 0 0 0 0 0 0 0 0 0 0 0 0 0 0 0 0 0 0 0 0 0]	2026-08-16_00-57-40	[0 0 0 0 0 1 0 0 0 0 0 0 0 0 0 0 0 0 0 1 0 0 0 0 0 0 0 0 0 0 0 0 0 0 0 0 0 0 0 0 0 0 0 0 0 0 0 0 0 0 0 0 0 0 0 0 0 0 0 0 1 0 0 0 0 0 0 0 0 0 0 0 0]	2026-08-16_00-57-40	[2]	2026-08-16_00-57-40	[0 0 0 0 1]	2026-08-16_00-57-40	[0 1 0 1 0]	2026-08-16_00-57-40	[0 0 0 0 0 0 0 0 0 0 0 0 0 0 0 0 0 0 0 0 0 0 0 0 0 0 0 0 0 0 0 0 0 0 0 0 0 0 0 0 0 0 0 0 0 1 0 0 0 0 0 0 0 0 0 0 0 0 0 0 0 0 0 0 0 0 0 0 0 0 0 0 0]	2026-08-16_00-57-40	[0 0 0 0 0 1 0 0 0 0 0 0 0 0 0 0 0 0 0 1 0 0 0 0 0 0 0 0 0 0 0 0 0 0 0 0 0 0 0 0 0 0 0 0 0 0 0 0 0 0 0 0 0 0 0 0 0 0 0 0 0 0 0 0 0 0 0 0 0 0 0 0 0]	2026-08-16_00-57-40	[2]	2026-08-16_00-57-40
5	2026-08-16_00-57-40	-0.8999999761581421	2026-08-16_00-57-40	11.213525772094727	2026-08-16_00-57-40	1.5995583534240723	2026-08-16_00-57-40	1.5732585191726685	2026-08-16_00-57-40	3.9752206802368164	2026-08-16_00-57-40	4.065488338470459	2026-08-16_00-57-40	True	2026-08-16_00-57-40	[0 0 0 0 1]	2026-08-16_00-57-40	[0 1 0 1 0]	2026-08-16_00-57-40	[0 0 0 0 0 0 0 0 0 0 0 0 0 0 0 0 0 0 0 0 0 0 0 0 0 0 0 0 0 0 0 0 0 0 0 0 0 0 0 0 0 0 0 0 0 1 0 0 0 0 0 0 0 0 0 0 0 0 0 0 0 0 0 0 0 0 0 0 0 0 0 0 0]	2026-08-16_00-57-40	[0 0 0 0 0 1 0 0 0 0 0 0 0 0 0 0 0 0 0 1 0 0 0 0 0 0 0 0 0 0 0 0 0 0 0 0 0 0 0 0 0 0 0 0 0 0 0 0 0 0 0 0 0 0 0 0 0 0 0 0 0 0 0 0 0 0 0 0 0 0 0 0 0]	2026-08-16_00-57-40	[2]	2026-08-16_00-57-40	[0 0 0 0 0]	2026-08-16_00-57-40	[1 1 0 1 0]	2026-08-16_00-57-40	[0 0 0 0 0 0 0 0 0 0 0 0 0 0 0 0 0 0 0 0 0 0 0 0 0 0 0 0 0 0 0 0 0 0 0 0 0 0 0 0 0 0 0 0 0 1 0 0 0 0 0 0 0 0 0 0 0 0 0 0 0 0 0 0 0 0 0 0 1 0 0 0 0]	2026-08-16_00-57-40	[0 0 0 0 0 1 0 0 0 0 0 0 0 0 0 0 0 0 0 1 0 0 0 0 0 1 0 0 0 0 0 0 0 0 0 0 0 0 0 0 0 0 0 0 0 0 0 0 0 0 0 0 0 0 0 0 0 0 0 0 0 0 0 0 0 0 0 0 0 0 0 0 0]	2026-08-16_00-57-40	[2]	2026-08-16_00-57-40
5	2026-08-16_00-57-40	-0.8999999761581421	2026-08-16_00-57-40	11.22221851348877	2026-08-16_00-57-40	1.5852031707763672	2026-08-16_00-57-40	1.5584553480148315	2026-08-16_00-57-40	3.9823641777038574	2026-08-16_00-57-40	4.096195697784424	2026-08-16_00-57-40	True	2026-08-16_00-57-40	[0 0 0 0 0]	2026-08-16_00-57-40	[1 1 0 1 0]	2026-08-16_00-57-40	[0 0 0 0 0 0 0 0 0 0 0 0 0 0 0 0 0 0 0 0 0 0 0 0 0 0 0 0 0 0 0 0 0 0 0 0 0 0 0 0 0 0 0 0 0 1 0 0 0 0 0 0 0 0 0 0 0 0 0 0 0 0 0 0 0 0 0 0 1 0 0 0 0]	2026-08-16_00-57-40	[0 0 0 0 0 1 0 0 0 0 0 0 0 0 0 0 0 0 0 1 0 0 0 0 0 1 0 0 0 0 0 0 0 0 0 0 0 0 0 0 0 0 0 0 0 0 0 0 0 0 0 0 0 0 0 0 0 0 0 0 0 0 0 0 0 0 0 0 0 0 0 0 0]	2026-08-16_00-57-40	[2]	2026-08-16_00-57-40	[0 0 0 0 1]	2026-08-16_00-57-40	[0 1 0 1 0]	2026-08-16_00-57-40	[0 0 0 0 0 1 0 0 0 0 0 0 0 0 0 0 0 0 0 0 0 0 0 0 0 0 0 0 0 0 0 0 0 0 0 0 0 0 0 0 0 0 0 0 0 1 0 0 0 0 0 0 0 0 0 0 0 0 0 0 0 0 0 0 0 0 0 0 1 0 0 0 0]	2026-08-16_00-57-40	[0 0 0 0 0 1 0 0 0 0 0 0 0 0 0 0 0 0 0 1 0 0 0 0 0 1 0 0 0 0 0 0 0 0 0 0 0 0 0 0 0 0 0 0 0 0 0 0 0 0 0 0 0 0 0 0 0 0 0 0 1 0 0 0 0 0 0 0 0 0 0 0 0]	2026-08-16_00-57-40	[2]	2026-08-16_00-57-40
5	2026-08-16_00-57-40	-0.8999999761581421	2026-08-16_00-57-40	11.2478609085083	2026-08-16_00-57-40	1.602487325668335	2026-08-16_00-57-40	1.5736294984817505	2026-08-16_00-57-40	3.9916698932647705	2026-08-16_00-57-40	4.080074310302734	2026-08-16_00-57-40	True	2026-08-16_00-57-40	[0 0 0 0 1]	2026-08-16_00-57-40	[0 1 0 1 0]	2026-08-16_00-57-40	[0 0 0 0 0 1 0 0 0 0 0 0 0 0 0 0 0 0 0 0 0 0 0 0 0 0 0 0 0 0 0 0 0 0 0 0 0 0 0 0 0 0 0 0 0 1 0 0 0 0 0 0 0 0 0 0 0 0 0 0 0 0 0 0 0 0 0 0 1 0 0 0 0]	2026-08-16_00-57-40	[0 0 0 0 0 1 0 0 0 0 0 0 0 0 0 0 0 0 0 1 0 0 0 0 0 1 0 0 0 0 0 0 0 0 0 0 0 0 0 0 0 0 0 0 0 0 0 0 0 0 0 0 0 0 0 0 0 0 0 0 1 0 0 0 0 0 0 0 0 0 0 0 0]	2026-08-16_00-57-40	[2]	2026-08-16_00-57-40	[0 0 0 0 0]	2026-08-16_00-57-40	[1 1 0 1 0]	2026-08-16_00-57-40	[0 0 0 0 0 1 0 0 0 0 0 0 0 0 0 0 0 0 0 0 0 0 0 0 0 0 0 0 0 0 0 0 0 0 0 0 0 0 0 0 0 0 0 0 0 1 0 0 0 0 0 0 0 0 0 0 0 0 0 0 0 0 1 0 0 0 0 0 1 0 0 0 0]	2026-08-16_00-57-40	[0 0 0 0 0 1 0 0 1 0 0 0 0 0 0 0 0 0 0 1 0 0 0 0 0 1 0 0 0 0 0 0 0 0 0 0 0 0 0 0 0 0 0 0 0 0 0 0 0 0 0 0 0 0 0 0 0 0 0 0 1 0 0 0 0 0 0 0 0 0 0 0 0]	2026-08-16_00-57-40	[2]	2026-08-16_00-57-40
5	2026-08-16_00-57-40	-0.8999999761581421	2026-08-16_00-57-40	11.24703311920166	2026-08-16_00-57-40	1.5913612842559814	2026-08-16_00-57-40	1.5549983978271484	2026-08-16_00-57-40	4.000494003295898	2026-08-16_00-57-40	4.100179672241211	2026-08-16_00-57-40	True	2026-08-16_00-57-40	[0 0 0 0 0]	2026-08-16_00-57-40	[1 1 0 1 0]	2026-08-16_00-57-40	[0 0 0 0 0 1 0 0 0 0 0 0 0 0 0 0 0 0 0 0 0 0 0 0 0 0 0 0 0 0 0 0 0 0 0 0 0 0 0 0 0 0 0 0 0 1 0 0 0 0 0 0 0 0 0 0 0 0 0 0 0 0 1 0 0 0 0 0 1 0 0 0 0]	2026-08-16_00-57-40	[0 0 0 0 0 1 0 0 1 0 0 0 0 0 0 0 0 0 0 1 0 0 0 0 0 1 0 0 0 0 0 0 0 0 0 0 0 0 0 0 0 0 0 0 0 0 0 0 0 0 0 0 0 0 0 0 0 0 0 0 1 0 0 0 0 0 0 0 0 0 0 0 0]	2026-08-16_00-57-40	[2]	2026-08-16_00-57-40	[0 0 0 0 1]	2026-08-16_00-57-40	[0 1 0 1 0]	2026-08-16_00-57-40	[0 0 0 0 0 0 0 0 0 0 0 0 0 0 0 0 0 0 0 0 0 0 0 0 0 0 0 0 0 0 0 0 0 0 0 0 0 0 0 0 0 0 0 0 0 1 0 0 0 0 0 0 0 0 0 0 0 0 0 0 0 0 1 0 0 0 0 0 1 0 0 0 0]	2026-08-16_00-57-40	[0 0 0 0 0 1 0 0 1 0 0 0 0 0 0 0 0 0 0 1 0 0 0 0 0 1 0 0 0 0 0 0 0 0 0 0 0 0 0 0 0 0 0 0 0 0 0 0 0 0 0 0 0 0 0 0 0 0 0 0 0 0 0 0 0 0 0 0 0 0 0 0 0]	2026-08-16_00-57-40	[2]	2026-08-16_00-57-40
5	2026-08-16_00-57-40	-0.8999999761581421	2026-08-16_00-57-40	11.23220443725586	2026-08-16_00-57-40	1.5940818786621094	2026-08-16_00-57-40	1.5687265396118164	2026-08-16_00-57-40	3.9865217208862305	2026-08-16_00-57-40	4.082873821258545	2026-08-16_00-57-40	True	2026-08-16_00-57-40	[0 0 0 0 1]	2026-08-16_00-57-40	[0 1 0 1 0]	2026-08-16_00-57-40	[0 0 0 0 0 0 0 0 0 0 0 0 0 0 0 0 0 0 0 0 0 0 0 0 0 0 0 0 0 0 0 0 0 0 0 0 0 0 0 0 0 0 0 0 0 1 0 0 0 0 0 0 0 0 0 0 0 0 0 0 0 0 1 0 0 0 0 0 1 0 0 0 0]	2026-08-16_00-57-40	[0 0 0 0 0 1 0 0 1 0 0 0 0 0 0 0 0 0 0 1 0 0 0 0 0 1 0 0 0 0 0 0 0 0 0 0 0 0 0 0 0 0 0 0 0 0 0 0 0 0 0 0 0 0 0 0 0 0 0 0 0 0 0 0 0 0 0 0 0 0 0 0 0]	2026-08-16_00-57-40	[2]	2026-08-16_00-57-40	[0 0 0 0 0]	2026-08-16_00-57-40	[1 1 0 1 0]	2026-08-16_00-57-40	[0 0 0 0 0 0 0 0 0 0 0 0 0 0 0 0 0 0 0 0 0 0 0 0 0 0 0 0 0 0 0 0 0 0 0 0 0 0 0 0 0 0 0 0 0 1 0 0 0 0 0 0 0 0 0 0 0 0 0 0 0 0 0 0 0 0 0 0 1 0 0 0 0]	2026-08-16_00-57-40	[0 0 0 0 0 1 0 0 0 0 0 0 0 0 0 0 0 0 0 1 0 0 0 0 0 1 0 0 0 0 0 0 0 0 0 0 0 0 0 0 0 0 0 0 0 0 0 0 0 0 0 0 0 0 0 0 0 0 0 0 0 0 0 0 0 0 0 0 0 0 0 0 0]	2026-08-16_00-57-40	[2]	2026-08-16_00-57-40
5	2026-08-16_00-57-40	-0.8999999761581421	2026-08-16_00-57-40	11.227577209472656	2026-08-16_00-57-40	1.5833258628845215	2026-08-16_00-57-40	1.5622375011444092	2026-08-16_00-57-40	3.9833431243896484	2026-08-16_00-57-40	4.098670482635498	2026-08-16_00-57-40	True	2026-08-16_00-57-40	[0 0 0 0 0]	2026-08-16_00-57-40	[1 1 0 1 0]	2026-08-16_00-57-40	[0 0 0 0 0 0 0 0 0 0 0 0 0 0 0 0 0 0 0 0 0 0 0 0 0 0 0 0 0 0 0 0 0 0 0 0 0 0 0 0 0 0 0 0 0 1 0 0 0 0 0 0 0 0 0 0 0 0 0 0 0 0 0 0 0 0 0 0 1 0 0 0 0]	2026-08-16_00-57-40	[0 0 0 0 0 1 0 0 0 0 0 0 0 0 0 0 0 0 0 1 0 0 0 0 0 1 0 0 0 0 0 0 0 0 0 0 0 0 0 0 0 0 0 0 0 0 0 0 0 0 0 0 0 0 0 0 0 0 0 0 0 0 0 0 0 0 0 0 0 0 0 0 0]	2026-08-16_00-57-40	[2]	2026-08-16_00-57-40	[0 0 0 0 1]	2026-08-16_00-57-40	[0 1 0 1 0]	2026-08-16_00-57-40	[0 0 0 0 0 1 0 0 0 0 0 0 0 0 0 0 0 0 0 0 0 0 0 0 0 0 0 0 0 0 0 0 0 0 0 0 0 0 0 0 0 0 0 0 0 1 0 0 0 0 0 0 0 0 0 0 0 0 0 0 0 0 0 0 0 0 0 0 1 0 0 0 0]	2026-08-16_00-57-40	[0 0 0 0 0 1 0 0 0 0 0 0 0 0 0 0 0 0 0 1 0 0 0 0 0 1 0 0 0 0 0 0 0 0 0 0 0 0 0 0 0 0 0 0 0 0 0 0 0 0 0 0 0 0 0 0 0 0 0 0 1 0 0 0 0 0 0 0 0 0 0 0 0]	2026-08-16_00-57-40	[2]	2026-08-16_00-57-40
5	2026-08-16_00-57-40	-0.8999999761581421	2026-08-16_00-57-40	11.239885330200195	2026-08-16_00-57-40	1.5999863147735596	2026-08-16_00-57-40	1.5756239891052246	2026-08-16_00-57-40	3.986842155456543	2026-08-16_00-57-40	4.077432155609131	2026-08-16_00-57-40	True	2026-08-16_00-57-40	[0 0 0 0 1]	2026-08-16_00-57-40	[0 1 0 1 0]	2026-08-16_00-57-40	[0 0 0 0 0 1 0 0 0 0 0 0 0 0 0 0 0 0 0 0 0 0 0 0 0 0 0 0 0 0 0 0 0 0 0 0 0 0 0 0 0 0 0 0 0 1 0 0 0 0 0 0 0 0 0 0 0 0 0 0 0 0 0 0 0 0 0 0 1 0 0 0 0]	2026-08-16_00-57-40	[0 0 0 0 0 1 0 0 0 0 0 0 0 0 0 0 0 0 0 1 0 0 0 0 0 1 0 0 0 0 0 0 0 0 0 0 0 0 0 0 0 0 0 0 0 0 0 0 0 0 0 0 0 0 0 0 0 0 0 0 1 0 0 0 0 0 0 0 0 0 0 0 0]	2026-08-16_00-57-40	[2]	2026-08-16_00-57-40	[0 0 0 0 0]	2026-08-16_00-57-40	[1 1 0 1 0]	2026-08-16_00-57-40	[0 0 0 0 0 1 0 0 0 0 0 0 0 0 0 0 0 0 0 0 0 0 0 0 0 0 0 0 0 0 0 0 0 0 0 0 0 0 0 0 0 0 0 0 0 1 0 0 0 0 0 0 0 0 0 0 0 0 0 0 0 0 0 0 0 0 0 0 0 0 0 0 0]	2026-08-16_00-57-40	[0 0 0 0 0 1 0 0 1 0 0 0 0 0 0 0 0 0 0 1 0 0 0 0 0 1 0 0 0 0 0 0 0 0 0 0 0 0 0 0 0 0 0 0 0 0 0 0 0 0 0 0 0 0 0 0 0 0 0 0 1 0 0 0 0 0 0 0 0 0 0 0 0]	2026-08-16_00-57-40	[2]	2026-08-16_00-57-40
6	2026-08-16_02-53-21	-1.0	2026-08-16_02-53-21	11.103655815124512	2026-08-16_02-53-21	1.3352808952331543	2026-08-16_02-53-21	1.62553870677948	2026-08-16_02-53-21	4.023527145385742	2026-08-16_02-53-21	4.119308948516846	2026-08-16_02-53-21	True	2026-08-16_02-53-21	[0 1 0 0 1]	2026-08-16_02-53-21	[0 0 0 0 0]	2026-08-16_02-53-21	[0 0 0 0 0 0 0 0 0 0 0 0 0 0 0 0 0 0 0 0 0 0 0 1 0 0 0 0 0 0 0 0 0 0 0 0 0 0 0 0 0 0 0 0 0 0 0 0 0 0 0 1 0 0 0 0 0 0 0 0 0 0 0 0 0 0 0 0 0 0 0 0 0]	2026-08-16_02-53-21	[0 0 0 0 1 0 0 0 0 0 0 0 0 0 0 0 0 0 0 0 0 0 0 0 0 0 0 0 0 0 0 0 0 0 0 0 0 0 0 0 0 0 0 0 0 0 0 0 0 0 0 0 0 0 0 0 0 0 0 0 0 0 0 0 0 0 0 0 0 0 0 0 0]	2026-08-16_02-53-21	[0]	2026-08-16_02-53-21	[0 1 0 0 1]	2026-08-16_02-53-21	[0 0 0 0 0]	2026-08-16_02-53-21	[0 0 0 0 0 1 0 0 0 0 0 0 0 0 0 0 0 0 0 0 0 0 0 1 0 0 0 0 0 0 0 0 0 0 0 0 0 0 0 0 0 0 0 0 0 0 0 0 0 0 0 1 0 0 0 0 0 0 0 0 0 0 0 0 0 0 0 0 0 0 0 0 0]	2026-08-16_02-53-21	[0 0 0 0 1 0 0 0 0 0 0 0 0 0 0 0 0 0 0 0 0 0 0 0 0 0 0 0 0 0 0 0 0 0 0 0 0 0 0 0 0 0 0 0 0 0 0 0 0 0 0 0 0 0 0 0 0 0 0 0 0 0 1 0 0 0 0 0 0 0 0 0 0]	2026-08-16_02-53-21	[0]	2026-08-16_02-53-21
6	2026-08-16_02-53-21	-1.0	2026-08-16_02-53-21	10.156793594360352	2026-08-16_02-53-21	0.9982872009277344	2026-08-16_02-53-21	1.1750526428222656	2026-08-16_02-53-21	3.944650650024414	2026-08-16_02-53-21	4.038803577423096	2026-08-16_02-53-21	True	2026-08-16_02-53-21	[0 1 0 0 1]	2026-08-16_02-53-21	[0 0 0 0 0]	2026-08-16_02-53-21	[0 0 0 0 0 1 0 0 0 0 0 0 0 0 0 0 0 0 0 0 0 0 0 1 0 0 0 0 0 0 0 0 0 0 0 0 0 0 0 0 0 0 0 0 0 0 0 0 0 0 0 1 0 0 0 0 0 0 0 0 0 0 0 0 0 0 0 0 0 0 0 0 0]	2026-08-16_02-53-21	[0 0 0 0 1 0 0 0 0 0 0 0 0 0 0 0 0 0 0 0 0 0 0 0 0 0 0 0 0 0 0 0 0 0 0 0 0 0 0 0 0 0 0 0 0 0 0 0 0 0 0 0 0 0 0 0 0 0 0 0 0 0 1 0 0 0 0 0 0 0 0 0 0]	2026-08-16_02-53-21	[0]	2026-08-16_02-53-21	[0 1 0 0 1]	2026-08-16_02-53-21	[0 0 0 0 0]	2026-08-16_02-53-21	[0 0 0 0 0 0 0 0 0 0 0 0 0 0 0 0 0 0 0 0 0 0 0 1 0 0 0 0 0 0 0 0 0 0 0 0 0 0 0 0 0 0 0 0 0 0 0 0 0 0 0 1 0 0 0 0 0 0 0 0 0 0 0 0 0 0 0 0 0 0 0 0 0]	2026-08-16_02-53-21	[0 0 0 0 1 0 0 0 0 0 0 0 0 0 0 0 0 0 0 1 0 0 0 0 0 0 0 0 0 0 0 0 0 0 0 0 0 0 0 0 0 0 0 0 0 0 0 0 0 0 0 0 0 0 0 0 0 0 0 0 0 0 1 0 0 0 0 0 0 0 0 0 0]	2026-08-16_02-53-21	[0]	2026-08-16_02-53-21
6	2026-08-16_02-53-21	-1.0	2026-08-16_02-53-21	10.319589614868164	2026-08-16_02-53-21	1.0259630680084229	2026-08-16_02-53-21	1.249505639076233	2026-08-16_02-53-21	3.9739837646484375	2026-08-16_02-53-21	4.070136547088623	2026-08-16_02-53-21	True	2026-08-16_02-53-21	[0 1 0 0 1]	2026-08-16_02-53-21	[0 0 0 0 0]	2026-08-16_02-53-21	[0 0 0 0 0 0 0 0 0 0 0 0 0 0 0 0 0 0 0 0 0 0 0 1 0 0 0 0 0 0 0 0 0 0 0 0 0 0 0 0 0 0 0 0 0 0 0 0 0 0 0 1 0 0 0 0 0 0 0 0 0 0 0 0 0 0 0 0 0 0 0 0 0]	2026-08-16_02-53-21	[0 0 0 0 1 0 0 0 0 0 0 0 0 0 0 0 0 0 0 1 0 0 0 0 0 0 0 0 0 0 0 0 0 0 0 0 0 0 0 0 0 0 0 0 0 0 0 0 0 0 0 0 0 0 0 0 0 0 0 0 0 0 1 0 0 0 0 0 0 0 0 0 0]	2026-08-16_02-53-21	[0]	2026-08-16_02-53-21	[0 1 0 0 1]	2026-08-16_02-53-21	[0 0 0 0 0]	2026-08-16_02-53-21	[0 0 0 0 0 1 0 0 0 0 0 0 0 0 0 0 0 0 0 0 0 0 0 1 0 0 0 0 0 0 0 0 0 0 0 0 0 0 0 0 0 0 0 0 0 0 0 0 0 0 0 1 0 0 0 0 0 0 0 0 0 0 0 0 0 0 0 0 0 0 0 0 0]	2026-08-16_02-53-21	[0 0 0 0 1 0 0 0 0 0 0 0 0 0 0 0 0 0 0 0 0 0 0 0 0 0 0 0 0 0 0 0 0 0 0 0 0 0 0 0 0 0 0 0 0 0 0 0 0 0 0 0 0 0 0 0 0 0 0 0 0 0 1 0 0 0 0 0 0 0 0 0 0]	2026-08-16_02-53-21	[0]	2026-08-16_02-53-21
6	2026-08-16_02-53-21	-1.0	2026-08-16_02-53-21	10.135337829589844	2026-08-16_02-53-21	0.9858424663543701	2026-08-16_02-53-21	1.176127552986145	2026-08-16_02-53-21	3.9383649826049805	2026-08-16_02-53-21	4.035003185272217	2026-08-16_02-53-21	True	2026-08-16_02-53-21	[0 1 0 0 1]	2026-08-16_02-53-21	[0 0 0 0 0]	2026-08-16_02-53-21	[0 0 0 0 0 1 0 0 0 0 0 0 0 0 0 0 0 0 0 0 0 0 0 1 0 0 0 0 0 0 0 0 0 0 0 0 0 0 0 0 0 0 0 0 0 0 0 0 0 0 0 1 0 0 0 0 0 0 0 0 0 0 0 0 0 0 0 0 0 0 0 0 0]	2026-08-16_02-53-21	[0 0 0 0 1 0 0 0 0 0 0 0 0 0 0 0 0 0 0 0 0 0 0 0 0 0 0 0 0 0 0 0 0 0 0 0 0 0 0 0 0 0 0 0 0 0 0 0 0 0 0 0 0 0 0 0 0 0 0 0 0 0 1 0 0 0 0 0 0 0 0 0 0]	2026-08-16_02-53-21	[0]	2026-08-16_02-53-21	[0 1 0 0 1]	2026-08-16_02-53-21	[0 0 0 0 0]	2026-08-16_02-53-21	[0 0 0 0 0 0 0 0 0 0 0 0 0 0 0 0 0 0 0 0 0 0 0 1 0 0 0 0 0 0 0 0 0 0 0 0 0 0 0 0 0 0 0 0 0 0 0 0 0 0 0 1 0 0 0 0 0 0 0 0 0 0 0 0 0 0 0 0 0 0 0 0 0]	2026-08-16_02-53-21	[0 0 0 0 1 0 0 0 0 0 0 0 0 0 0 0 0 0 0 1 0 0 0 0 0 0 0 0 0 0 0 0 0 0 0 0 0 0 0 0 0 0 0 0 0 0 0 0 0 0 0 0 0 0 0 0 0 0 0 0 0 0 1 0 0 0 0 0 0 0 0 0 0]	2026-08-16_02-53-21	[0]	2026-08-16_02-53-21
6	2026-08-16_02-53-21	-1.0	2026-08-16_02-53-21	10.241954803466797	2026-08-16_02-53-21	1.0206319093704224	2026-08-16_02-53-21	1.207988977432251	2026-08-16_02-53-21	3.9647226333618164	2026-08-16_02-53-21	4.048610687255859	2026-08-16_02-53-21	True	2026-08-16_02-53-21	[0 1 0 0 1]	2026-08-16_02-53-21	[0 0 0 0 0]	2026-08-16_02-53-21	[0 0 0 0 0 0 0 0 0 0 0 0 0 0 0 0 0 0 0 0 0 0 0 1 0 0 0 0 0 0 0 0 0 0 0 0 0 0 0 0 0 0 0 0 0 0 0 0 0 0 0 1 0 0 0 0 0 0 0 0 0 0 0 0 0 0 0 0 0 0 0 0 0]	2026-08-16_02-53-21	[0 0 0 0 1 0 0 0 0 0 0 0 0 0 0 0 0 0 0 1 0 0 0 0 0 0 0 0 0 0 0 0 0 0 0 0 0 0 0 0 0 0 0 0 0 0 0 0 0 0 0 0 0 0 0 0 0 0 0 0 0 0 1 0 0 0 0 0 0 0 0 0 0]	2026-08-16_02-53-21	[0]	2026-08-16_02-53-21	[0 1 0 0 1]	2026-08-16_02-53-21	[0 0 0 0 0]	2026-08-16_02-53-21	[0 0 0 0 0 1 0 0 0 0 0 0 0 0 0 0 0 0 0 0 0 0 0 1 0 0 0 0 0 0 0 0 0 0 0 0 0 0 0 0 0 0 0 0 0 0 0 0 0 0 0 1 0 0 0 0 0 0 0 0 0 0 0 0 0 0 0 0 0 0 0 0 0]	2026-08-16_02-53-21	[0 0 0 0 1 0 0 0 0 0 0 0 0 0 0 0 0 0 0 0 0 0 0 0 0 0 0 0 0 0 0 0 0 0 0 0 0 0 0 0 0 0 0 0 0 0 0 0 0 0 0 0 0 0 0 0 0 0 0 0 0 0 1 0 0 0 0 0 0 0 0 0 0]	2026-08-16_02-53-21	[0]	2026-08-16_02-53-21
6	2026-08-16_02-53-21	-1.0	2026-08-16_02-53-21	10.076969146728516	2026-08-16_02-53-21	0.9913053512573242	2026-08-16_02-53-21	1.1069378852844238	2026-08-16_02-53-21	3.952854871749878	2026-08-16_02-53-21	4.025871276855469	2026-08-16_02-53-21	True	2026-08-16_02-53-21	[0 1 0 0 1]	2026-08-16_02-53-21	[0 0 0 0 0]	2026-08-16_02-53-21	[0 0 0 0 0 1 0 0 0 0 0 0 0 0 0 0 0 0 0 0 0 0 0 1 0 0 0 0 0 0 0 0 0 0 0 0 0 0 0 0 0 0 0 0 0 0 0 0 0 0 0 1 0 0 0 0 0 0 0 0 0 0 0 0 0 0 0 0 0 0 0 0 0]	2026-08-16_02-53-21	[0 0 0 0 1 0 0 0 0 0 0 0 0 0 0 0 0 0 0 0 0 0 0 0 0 0 0 0 0 0 0 0 0 0 0 0 0 0 0 0 0 0 0 0 0 0 0 0 0 0 0 0 0 0 0 0 0 0 0 0 0 0 1 0 0 0 0 0 0 0 0 0 0]	2026-08-16_02-53-21	[0]	2026-08-16_02-53-21	[0 1 0 0 1]	2026-08-16_02-53-21	[0 0 0 0 0]	2026-08-16_02-53-21	[0 0 0 0 0 0 0 0 0 0 0 0 0 0 0 0 0 0 0 0 0 0 0 1 0 0 0 0 0 0 0 0 0 0 0 0 0 0 0 0 0 0 0 0 0 0 0 0 0 0 0 1 0 0 0 0 0 0 0 0 0 0 0 0 0 0 0 0 0 0 0 0 0]	2026-08-16_02-53-21	[0 0 0 0 1 0 0 0 0 0 0 0 0 0 0 0 0 0 0 1 0 0 0 0 0 0 0 0 0 0 0 0 0 0 0 0 0 0 0 0 0 0 0 0 0 0 0 0 0 0 0 0 0 0 0 0 0 0 0 0 0 0 1 0 0 0 0 0 0 0 0 0 0]	2026-08-16_02-53-21	[0]	2026-08-16_02-53-21
6	2026-08-16_02-53-21	-1.0	2026-08-16_02-53-21	10.328901290893555	2026-08-16_02-53-21	1.0466678142547607	2026-08-16_02-53-21	1.2396162748336792	2026-08-16_02-53-21	3.973875045776367	2026-08-16_02-53-21	4.068742275238037	2026-08-16_02-53-21	True	2026-08-16_02-53-21	[0 1 0 0 1]	2026-08-16_02-53-21	[0 0 0 0 0]	2026-08-16_02-53-21	[0 0 0 0 0 0 0 0 0 0 0 0 0 0 0 0 0 0 0 0 0 0 0 1 0 0 0 0 0 0 0 0 0 0 0 0 0 0 0 0 0 0 0 0 0 0 0 0 0 0 0 1 0 0 0 0 0 0 0 0 0 0 0 0 0 0 0 0 0 0 0 0 0]	2026-08-16_02-53-21	[0 0 0 0 1 0 0 0 0 0 0 0 0 0 0 0 0 0 0 1 0 0 0 0 0 0 0 0 0 0 0 0 0 0 0 0 0 0 0 0 0 0 0 0 0 0 0 0 0 0 0 0 0 0 0 0 0 0 0 0 0 0 1 0 0 0 0 0 0 0 0 0 0]	2026-08-16_02-53-21	[0]	2026-08-16_02-53-21	[0 1 0 0 1]	2026-08-16_02-53-21	[0 0 0 0 0]	2026-08-16_02-53-21	[0 0 0 0 0 1 0 0 0 0 0 0 0 0 0 0 0 0 0 0 0 0 0 1 0 0 0 0 0 0 0 0 0 0 0 0 0 0 0 0 0 0 0 0 0 0 0 0 0 0 0 1 0 0 0 0 0 0 0 0 0 0 0 0 0 0 0 0 0 0 0 0 0]	2026-08-16_02-53-21	[0 0 0 0 1 0 0 0 0 0 0 0 0 0 0 0 0 0 0 0 0 0 0 0 0 0 0 0 0 0 0 0 0 0 0 0 0 0 0 0 0 0 0 0 0 0 0 0 0 0 0 0 0 0 0 0 0 0 0 0 0 0 1 0 0 0 0 0 0 0 0 0 0]	2026-08-16_02-53-21	[0]	2026-08-16_02-53-21
6	2026-08-16_02-53-21	-1.0	2026-08-16_02-53-21	10.437538146972656	2026-08-16_02-53-21	1.0994025468826294	2026-08-16_02-53-21	1.330291986465454	2026-08-16_02-53-21	3.930962085723877	2026-08-16_02-53-21	4.0768818855285645	2026-08-16_02-53-21	True	2026-08-16_02-53-21	[0 1 0 0 1]	2026-08-16_02-53-21	[0 0 0 0 0]	2026-08-16_02-53-21	[0 0 0 0 0 1 0 0 0 0 0 0 0 0 0 0 0 0 0 0 0 0 0 1 0 0 0 0 0 0 0 0 0 0 0 0 0 0 0 0 0 0 0 0 0 0 0 0 0 0 0 1 0 0 0 0 0 0 0 0 0 0 0 0 0 0 0 0 0 0 0 0 0]	2026-08-16_02-53-21	[0 0 0 0 1 0 0 0 0 0 0 0 0 0 0 0 0 0 0 0 0 0 0 0 0 0 0 0 0 0 0 0 0 0 0 0 0 0 0 0 0 0 0 0 0 0 0 0 0 0 0 0 0 0 0 0 0 0 0 0 0 0 1 0 0 0 0 0 0 0 0 0 0]	2026-08-16_02-53-21	[0]	2026-08-16_02-53-21	[0 1 0 0 1]	2026-08-16_02-53-21	[0 0 0 0 0]	2026-08-16_02-53-21	[0 0 0 0 0 0 0 0 0 0 0 0 0 0 0 0 0 0 0 0 0 0 0 1 0 0 0 0 0 0 0 0 0 0 0 0 0 0 0 0 0 0 0 0 0 0 0 0 0 0 0 1 0 0 0 0 0 0 0 0 0 0 0 0 0 0 0 0 0 0 0 0 0]	2026-08-16_02-53-21	[0 0 0 0 1 0 0 0 0 0 0 0 0 0 0 0 0 0 0 1 0 0 0 0 0 0 0 0 0 0 0 0 0 0 0 0 0 0 0 0 0 0 0 0 0 0 0 0 0 0 0 0 0 0 0 0 0 0 0 0 0 0 1 0 0 0 0 0 0 0 0 0 0]	2026-08-16_02-53-21	[0]	2026-08-16_02-53-21
6	2026-08-16_02-53-21	-1.0	2026-08-16_02-53-21	10.291950225830078	2026-08-16_02-53-21	1.0340183973312378	2026-08-16_02-53-21	1.2382946014404297	2026-08-16_02-53-21	3.960205554962158	2026-08-16_02-53-21	4.059431552886963	2026-08-16_02-53-21	True	2026-08-16_02-53-21	[0 1 0 0 1]	2026-08-16_02-53-21	[0 0 0 0 0]	2026-08-16_02-53-21	[0 0 0 0 0 0 0 0 0 0 0 0 0 0 0 0 0 0 0 0 0 0 0 1 0 0 0 0 0 0 0 0 0 0 0 0 0 0 0 0 0 0 0 0 0 0 0 0 0 0 0 1 0 0 0 0 0 0 0 0 0 0 0 0 0 0 0 0 0 0 0 0 0]	2026-08-16_02-53-21	[0 0 0 0 1 0 0 0 0 0 0 0 0 0 0 0 0 0 0 1 0 0 0 0 0 0 0 0 0 0 0 0 0 0 0 0 0 0 0 0 0 0 0 0 0 0 0 0 0 0 0 0 0 0 0 0 0 0 0 0 0 0 1 0 0 0 0 0 0 0 0 0 0]	2026-08-16_02-53-21	[0]	2026-08-16_02-53-21	[0 1 0 0 1]	2026-08-16_02-53-21	[0 0 0 0 0]	2026-08-16_02-53-21	[0 0 0 0 0 1 0 0 0 0 0 0 0 0 0 0 0 0 0 0 0 0 0 1 0 0 0 0 0 0 0 0 0 0 0 0 0 0 0 0 0 0 0 0 0 0 0 0 0 0 0 1 0 0 0 0 0 0 0 0 0 0 0 0 0 0 0 0 0 0 0 0 0]	2026-08-16_02-53-21	[0 0 0 0 1 0 0 0 0 0 0 0 0 0 0 0 0 0 0 0 0 0 0 0 0 0 0 0 0 0 0 0 0 0 0 0 0 0 0 0 0 0 0 0 0 0 0 0 0 0 0 0 0 0 0 0 0 0 0 0 0 0 1 0 0 0 0 0 0 0 0 0 0]	2026-08-16_02-53-21	[0]	2026-08-16_02-53-21
6	2026-08-16_02-53-21	-1.0	2026-08-16_02-53-21	10.12362289428711	2026-08-16_02-53-21	1.0029315948486328	2026-08-16_02-53-21	1.1543443202972412	2026-08-16_02-53-21	3.9391705989837646	2026-08-16_02-53-21	4.0271759033203125	2026-08-16_02-53-21	True	2026-08-16_02-53-21	[0 1 0 0 1]	2026-08-16_02-53-21	[0 0 0 0 0]	2026-08-16_02-53-21	[0 0 0 0 0 1 0 0 0 0 0 0 0 0 0 0 0 0 0 0 0 0 0 1 0 0 0 0 0 0 0 0 0 0 0 0 0 0 0 0 0 0 0 0 0 0 0 0 0 0 0 1 0 0 0 0 0 0 0 0 0 0 0 0 0 0 0 0 0 0 0 0 0]	2026-08-16_02-53-21	[0 0 0 0 1 0 0 0 0 0 0 0 0 0 0 0 0 0 0 0 0 0 0 0 0 0 0 0 0 0 0 0 0 0 0 0 0 0 0 0 0 0 0 0 0 0 0 0 0 0 0 0 0 0 0 0 0 0 0 0 0 0 1 0 0 0 0 0 0 0 0 0 0]	2026-08-16_02-53-21	[0]	2026-08-16_02-53-21	[0 1 0 0 1]	2026-08-16_02-53-21	[0 0 0 0 0]	2026-08-16_02-53-21	[0 0 0 0 0 0 0 0 0 0 0 0 0 0 0 0 0 0 0 0 0 0 0 1 0 0 0 0 0 0 0 0 0 0 0 0 0 0 0 0 0 0 0 0 0 0 0 0 0 0 0 1 0 0 0 0 0 0 0 0 0 0 0 0 0 0 0 0 0 0 0 0 0]	2026-08-16_02-53-21	[0 0 0 0 1 0 0 0 0 0 0 0 0 0 0 0 0 0 0 1 0 0 0 0 0 0 0 0 0 0 0 0 0 0 0 0 0 0 0 0 0 0 0 0 0 0 0 0 0 0 0 0 0 0 0 0 0 0 0 0 0 0 1 0 0 0 0 0 0 0 0 0 0]	2026-08-16_02-53-21	[0]	2026-08-16_02-53-21
6	2026-08-16_02-53-21	-1.0	2026-08-16_02-53-21	10.428542137145996	2026-08-16_02-53-21	1.066893458366394	2026-08-16_02-53-21	1.3045177459716797	2026-08-16_02-53-21	3.9794058799743652	2026-08-16_02-53-21	4.077724933624268	2026-08-16_02-53-21	True	2026-08-16_02-53-21	[0 1 0 0 1]	2026-08-16_02-53-21	[0 0 0 0 0]	2026-08-16_02-53-21	[0 0 0 0 0 0 0 0 0 0 0 0 0 0 0 0 0 0 0 0 0 0 0 1 0 0 0 0 0 0 0 0 0 0 0 0 0 0 0 0 0 0 0 0 0 0 0 0 0 0 0 1 0 0 0 0 0 0 0 0 0 0 0 0 0 0 0 0 0 0 0 0 0]	2026-08-16_02-53-21	[0 0 0 0 1 0 0 0 0 0 0 0 0 0 0 0 0 0 0 1 0 0 0 0 0 0 0 0 0 0 0 0 0 0 0 0 0 0 0 0 0 0 0 0 0 0 0 0 0 0 0 0 0 0 0 0 0 0 0 0 0 0 1 0 0 0 0 0 0 0 0 0 0]	2026-08-16_02-53-21	[0]	2026-08-16_02-53-21	[0 1 0 0 1]	2026-08-16_02-53-21	[0 0 0 0 0]	2026-08-16_02-53-21	[0 0 0 0 0 1 0 0 0 0 0 0 0 0 0 0 0 0 0 0 0 0 0 1 0 0 0 0 0 0 0 0 0 0 0 0 0 0 0 0 0 0 0 0 0 0 0 0 0 0 0 1 0 0 0 0 0 0 0 0 0 0 0 0 0 0 0 0 0 0 0 0 0]	2026-08-16_02-53-21	[0 0 0 0 1 0 0 0 0 0 0 0 0 0 0 0 0 0 0 0 0 0 0 0 0 0 0 0 0 0 0 0 0 0 0 0 0 0 0 0 0 0 0 0 0 0 0 0 0 0 0 0 0 0 0 0 0 0 0 0 0 0 1 0 0 0 0 0 0 0 0 0 0]	2026-08-16_02-53-21	[0]	2026-08-16_02-53-21
6	2026-08-16_02-53-21	-1.0	2026-08-16_02-53-21	10.333695411682129	2026-08-16_02-53-21	1.0583407878875732	2026-08-16_02-53-21	1.247643232345581	2026-08-16_02-53-21	3.9613022804260254	2026-08-16_02-53-21	4.066409111022949	2026-08-16_02-53-21	True	2026-08-16_02-53-21	[0 1 0 0 1]	2026-08-16_02-53-21	[0 0 0 0 0]	2026-08-16_02-53-21	[0 0 0 0 0 1 0 0 0 0 0 0 0 0 0 0 0 0 0 0 0 0 0 1 0 0 0 0 0 0 0 0 0 0 0 0 0 0 0 0 0 0 0 0 0 0 0 0 0 0 0 1 0 0 0 0 0 0 0 0 0 0 0 0 0 0 0 0 0 0 0 0 0]	2026-08-16_02-53-21	[0 0 0 0 1 0 0 0 0 0 0 0 0 0 0 0 0 0 0 0 0 0 0 0 0 0 0 0 0 0 0 0 0 0 0 0 0 0 0 0 0 0 0 0 0 0 0 0 0 0 0 0 0 0 0 0 0 0 0 0 0 0 1 0 0 0 0 0 0 0 0 0 0]	2026-08-16_02-53-21	[0]	2026-08-16_02-53-21	[0 1 0 0 1]	2026-08-16_02-53-21	[0 0 0 0 0]	2026-08-16_02-53-21	[0 0 0 0 0 0 0 0 0 0 0 0 0 0 0 0 0 0 0 0 0 0 0 1 0 0 0 0 0 0 0 0 0 0 0 0 0 0 0 0 0 0 0 0 0 0 0 0 0 0 0 1 0 0 0 0 0 0 0 0 0 0 0 0 0 0 0 0 0 0 0 0 0]	2026-08-16_02-53-21	[0 0 0 0 1 0 0 0 0 0 0 0 0 0 0 0 0 0 0 1 0 0 0 0 0 0 0 0 0 0 0 0 0 0 0 0 0 0 0 0 0 0 0 0 0 0 0 0 0 0 0 0 0 0 0 0 0 0 0 0 0 0 1 0 0 0 0 0 0 0 0 0 0]	2026-08-16_02-53-21	[0]	2026-08-16_02-53-21
6	2026-08-16_02-53-21	-1.0	2026-08-16_02-53-21	10.302207946777344	2026-08-16_02-53-21	1.0186102390289307	2026-08-16_02-53-21	1.2493401765823364	2026-08-16_02-53-21	3.9579854011535645	2026-08-16_02-53-21	4.076272487640381	2026-08-16_02-53-21	True	2026-08-16_02-53-21	[0 1 0 0 1]	2026-08-16_02-53-21	[0 0 0 0 0]	2026-08-16_02-53-21	[0 0 0 0 0 0 0 0 0 0 0 0 0 0 0 0 0 0 0 0 0 0 0 1 0 0 0 0 0 0 0 0 0 0 0 0 0 0 0 0 0 0 0 0 0 0 0 0 0 0 0 1 0 0 0 0 0 0 0 0 0 0 0 0 0 0 0 0 0 0 0 0 0]	2026-08-16_02-53-21	[0 0 0 0 1 0 0 0 0 0 0 0 0 0 0 0 0 0 0 1 0 0 0 0 0 0 0 0 0 0 0 0 0 0 0 0 0 0 0 0 0 0 0 0 0 0 0 0 0 0 0 0 0 0 0 0 0 0 0 0 0 0 1 0 0 0 0 0 0 0 0 0 0]	2026-08-16_02-53-21	[0]	2026-08-16_02-53-21	[0 1 0 0 1]	2026-08-16_02-53-21	[0 0 0 0 0]	2026-08-16_02-53-21	[0 0 0 0 0 1 0 0 0 0 0 0 0 0 0 0 0 0 0 0 0 0 0 1 0 0 0 0 0 0 0 0 0 0 0 0 0 0 0 0 0 0 0 0 0 0 0 0 0 0 0 1 0 0 0 0 0 0 0 0 0 0 0 0 0 0 0 0 0 0 0 0 0]	2026-08-16_02-53-21	[0 0 0 0 1 0 0 0 0 0 0 0 0 0 0 0 0 0 0 0 0 0 0 0 0 0 0 0 0 0 0 0 0 0 0 0 0 0 0 0 0 0 0 0 0 0 0 0 0 0 0 0 0 0 0 0 0 0 0 0 0 0 1 0 0 0 0 0 0 0 0 0 0]	2026-08-16_02-53-21	[0]	2026-08-16_02-53-21
6	2026-08-16_02-53-21	-1.0	2026-08-16_02-53-21	10.278985977172852	2026-08-16_02-53-21	1.047715425491333	2026-08-16_02-53-21	1.2271955013275146	2026-08-16_02-53-21	3.954238176345825	2026-08-16_02-53-21	4.049837112426758	2026-08-16_02-53-21	True	2026-08-16_02-53-21	[0 1 0 0 1]	2026-08-16_02-53-21	[0 0 0 0 0]	2026-08-16_02-53-21	[0 0 0 0 0 1 0 0 0 0 0 0 0 0 0 0 0 0 0 0 0 0 0 1 0 0 0 0 0 0 0 0 0 0 0 0 0 0 0 0 0 0 0 0 0 0 0 0 0 0 0 1 0 0 0 0 0 0 0 0 0 0 0 0 0 0 0 0 0 0 0 0 0]	2026-08-16_02-53-21	[0 0 0 0 1 0 0 0 0 0 0 0 0 0 0 0 0 0 0 0 0 0 0 0 0 0 0 0 0 0 0 0 0 0 0 0 0 0 0 0 0 0 0 0 0 0 0 0 0 0 0 0 0 0 0 0 0 0 0 0 0 0 1 0 0 0 0 0 0 0 0 0 0]	2026-08-16_02-53-21	[0]	2026-08-16_02-53-21	[0 1 0 0 1]	2026-08-16_02-53-21	[0 0 0 0 0]	2026-08-16_02-53-21	[0 0 0 0 0 0 0 0 0 0 0 0 0 0 0 0 0 0 0 0 0 0 0 1 0 0 0 0 0 0 0 0 0 0 0 0 0 0 0 0 0 0 0 0 0 0 0 0 0 0 0 1 0 0 0 0 0 0 0 0 0 0 0 0 0 0 0 0 0 0 0 0 0]	2026-08-16_02-53-21	[0 0 0 0 1 0 0 0 0 0 0 0 0 0 0 0 0 0 0 1 0 0 0 0 0 0 0 0 0 0 0 0 0 0 0 0 0 0 0 0 0 0 0 0 0 0 0 0 0 0 0 0 0 0 0 0 0 0 0 0 0 0 1 0 0 0 0 0 0 0 0 0 0]	2026-08-16_02-53-21	[0]	2026-08-16_02-53-21
6	2026-08-16_02-53-21	-1.0	2026-08-16_02-53-21	10.412858963012695	2026-08-16_02-53-21	1.0648860931396484	2026-08-16_02-53-21	1.2890307903289795	2026-08-16_02-53-21	3.9813077449798584	2026-08-16_02-53-21	4.077634811401367	2026-08-16_02-53-21	True	2026-08-16_02-53-21	[0 1 0 0 1]	2026-08-16_02-53-21	[0 0 0 0 0]	2026-08-16_02-53-21	[0 0 0 0 0 0 0 0 0 0 0 0 0 0 0 0 0 0 0 0 0 0 0 1 0 0 0 0 0 0 0 0 0 0 0 0 0 0 0 0 0 0 0 0 0 0 0 0 0 0 0 1 0 0 0 0 0 0 0 0 0 0 0 0 0 0 0 0 0 0 0 0 0]	2026-08-16_02-53-21	[0 0 0 0 1 0 0 0 0 0 0 0 0 0 0 0 0 0 0 1 0 0 0 0 0 0 0 0 0 0 0 0 0 0 0 0 0 0 0 0 0 0 0 0 0 0 0 0 0 0 0 0 0 0 0 0 0 0 0 0 0 0 1 0 0 0 0 0 0 0 0 0 0]	2026-08-16_02-53-21	[0]	2026-08-16_02-53-21	[0 1 0 0 1]	2026-08-16_02-53-21	[0 0 0 0 0]	2026-08-16_02-53-21	[0 0 0 0 0 1 0 0 0 0 0 0 0 0 0 0 0 0 0 0 0 0 0 1 0 0 0 0 0 0 0 0 0 0 0 0 0 0 0 0 0 0 0 0 0 0 0 0 0 0 0 1 0 0 0 0 0 0 0 0 0 0 0 0 0 0 0 0 0 0 0 0 0]	2026-08-16_02-53-21	[0 0 0 0 1 0 0 0 0 0 0 0 0 0 0 0 0 0 0 0 0 0 0 0 0 0 0 0 0 0 0 0 0 0 0 0 0 0 0 0 0 0 0 0 0 0 0 0 0 0 0 0 0 0 0 0 0 0 0 0 0 0 1 0 0 0 0 0 0 0 0 0 0]	2026-08-16_02-53-21	[0]	2026-08-16_02-53-21
6	2026-08-16_02-53-21	-1.0	2026-08-16_02-53-21	10.255594253540039	2026-08-16_02-53-21	1.012969970703125	2026-08-16_02-53-21	1.2192370891571045	2026-08-16_02-53-21	3.9621477127075195	2026-08-16_02-53-21	4.061238765716553	2026-08-16_02-53-21	True	2026-08-16_02-53-21	[0 1 0 0 1]	2026-08-16_02-53-21	[0 0 0 0 0]	2026-08-16_02-53-21	[0 0 0 0 0 1 0 0 0 0 0 0 0 0 0 0 0 0 0 0 0 0 0 1 0 0 0 0 0 0 0 0 0 0 0 0 0 0 0 0 0 0 0 0 0 0 0 0 0 0 0 1 0 0 0 0 0 0 0 0 0 0 0 0 0 0 0 0 0 0 0 0 0]	2026-08-16_02-53-21	[0 0 0 0 1 0 0 0 0 0 0 0 0 0 0 0 0 0 0 0 0 0 0 0 0 0 0 0 0 0 0 0 0 0 0 0 0 0 0 0 0 0 0 0 0 0 0 0 0 0 0 0 0 0 0 0 0 0 0 0 0 0 1 0 0 0 0 0 0 0 0 0 0]	2026-08-16_02-53-21	[0]	2026-08-16_02-53-21	[0 1 0 0 1]	2026-08-16_02-53-21	[0 0 0 0 0]	2026-08-16_02-53-21	[0 0 0 0 0 0 0 0 0 0 0 0 0 0 0 0 0 0 0 0 0 0 0 1 0 0 0 0 0 0 0 0 0 0 0 0 0 0 0 0 0 0 0 0 0 0 0 0 0 0 0 1 0 0 0 0 0 0 0 0 0 0 0 0 0 0 0 0 0 0 0 0 0]	2026-08-16_02-53-21	[0 0 0 0 1 0 0 0 0 0 0 0 0 0 0 0 0 0 1 0 0 0 0 0 0 0 0 0 0 0 0 0 0 0 0 0 0 0 0 0 0 0 0 0 0 0 0 0 0 0 0 0 0 0 0 0 0 0 0 0 0 0 1 0 0 0 0 0 0 0 0 0 0]	2026-08-16_02-53-21	[0]	2026-08-16_02-53-21
6	2026-08-16_02-53-21	-1.0	2026-08-16_02-53-21	10.36467170715332	2026-08-16_02-53-21	1.038945198059082	2026-08-16_02-53-21	1.2853327989578247	2026-08-16_02-53-21	3.969531297683716	2026-08-16_02-53-21	4.070863246917725	2026-08-16_02-53-21	True	2026-08-16_02-53-21	[0 1 0 0 1]	2026-08-16_02-53-21	[0 0 0 0 0]	2026-08-16_02-53-21	[0 0 0 0 0 0 0 0 0 0 0 0 0 0 0 0 0 0 0 0 0 0 0 1 0 0 0 0 0 0 0 0 0 0 0 0 0 0 0 0 0 0 0 0 0 0 0 0 0 0 0 1 0 0 0 0 0 0 0 0 0 0 0 0 0 0 0 0 0 0 0 0 0]	2026-08-16_02-53-21	[0 0 0 0 1 0 0 0 0 0 0 0 0 0 0 0 0 0 1 0 0 0 0 0 0 0 0 0 0 0 0 0 0 0 0 0 0 0 0 0 0 0 0 0 0 0 0 0 0 0 0 0 0 0 0 0 0 0 0 0 0 0 1 0 0 0 0 0 0 0 0 0 0]	2026-08-16_02-53-21	[0]	2026-08-16_02-53-21	[0 1 0 0 1]	2026-08-16_02-53-21	[0 0 0 0 0]	2026-08-16_02-53-21	[0 0 0 0 0 1 0 0 0 0 0 0 0 0 0 0 0 0 0 0 0 0 0 1 0 0 0 0 0 0 0 0 0 0 0 0 0 0 0 0 0 0 0 0 0 0 0 0 0 0 0 1 0 0 0 0 0 0 0 0 0 0 0 0 0 0 0 0 0 0 0 0 0]	2026-08-16_02-53-21	[0 0 0 0 1 0 0 0 0 0 0 0 0 0 0 0 0 0 1 1 0 0 0 0 0 0 0 0 0 0 0 0 0 0 0 0 0 0 0 0 0 0 0 0 0 0 0 0 0 0 0 0 0 0 0 0 0 0 0 0 0 0 1 0 0 0 0 0 0 0 0 0 0]	2026-08-16_02-53-21	[0]	2026-08-16_02-53-21
6	2026-08-16_02-53-21	-1.0	2026-08-16_02-53-21	10.481941223144531	2026-08-16_02-53-21	1.0931645631790161	2026-08-16_02-53-21	1.334049940109253	2026-08-16_02-53-21	3.970165729522705	2026-08-16_02-53-21	4.084560394287109	2026-08-16_02-53-21	True	2026-08-16_02-53-21	[0 1 0 0 1]	2026-08-16_02-53-21	[0 0 0 0 0]	2026-08-16_02-53-21	[0 0 0 0 0 1 0 0 0 0 0 0 0 0 0 0 0 0 0 0 0 0 0 1 0 0 0 0 0 0 0 0 0 0 0 0 0 0 0 0 0 0 0 0 0 0 0 0 0 0 0 1 0 0 0 0 0 0 0 0 0 0 0 0 0 0 0 0 0 0 0 0 0]	2026-08-16_02-53-21	[0 0 0 0 1 0 0 0 0 0 0 0 0 0 0 0 0 0 1 1 0 0 0 0 0 0 0 0 0 0 0 0 0 0 0 0 0 0 0 0 0 0 0 0 0 0 0 0 0 0 0 0 0 0 0 0 0 0 0 0 0 0 1 0 0 0 0 0 0 0 0 0 0]	2026-08-16_02-53-21	[0]	2026-08-16_02-53-21	[0 1 0 0 1]	2026-08-16_02-53-21	[0 0 0 0 0]	2026-08-16_02-53-21	[0 0 0 0 0 0 0 0 0 0 0 0 0 0 0 0 0 0 0 0 0 0 0 1 0 0 0 0 0 0 0 0 0 0 0 0 0 0 0 0 0 0 0 0 0 0 0 0 0 0 0 1 0 0 0 0 0 0 0 0 0 0 0 0 0 0 0 0 0 0 0 0 0]	2026-08-16_02-53-21	[0 0 0 0 1 0 0 0 0 0 0 0 0 0 0 0 0 0 1 0 0 0 0 0 0 0 0 0 0 0 0 0 0 0 0 0 0 0 0 0 0 0 0 0 0 0 0 0 0 0 0 0 0 0 0 0 0 0 0 0 0 0 1 0 0 0 0 0 0 0 0 0 0]	2026-08-16_02-53-21	[0]	2026-08-16_02-53-21
6	2026-08-16_02-53-21	-1.0	2026-08-16_02-53-21	10.279054641723633	2026-08-16_02-53-21	1.0205004215240479	2026-08-16_02-53-21	1.2254438400268555	2026-08-16_02-53-21	3.9644742012023926	2026-08-16_02-53-21	4.068636417388916	2026-08-16_02-53-21	True	2026-08-16_02-53-21	[0 1 0 0 1]	2026-08-16_02-53-21	[0 0 0 0 0]	2026-08-16_02-53-21	[0 0 0 0 0 0 0 0 0 0 0 0 0 0 0 0 0 0 0 0 0 0 0 1 0 0 0 0 0 0 0 0 0 0 0 0 0 0 0 0 0 0 0 0 0 0 0 0 0 0 0 1 0 0 0 0 0 0 0 0 0 0 0 0 0 0 0 0 0 0 0 0 0]	2026-08-16_02-53-21	[0 0 0 0 1 0 0 0 0 0 0 0 0 0 0 0 0 0 1 0 0 0 0 0 0 0 0 0 0 0 0 0 0 0 0 0 0 0 0 0 0 0 0 0 0 0 0 0 0 0 0 0 0 0 0 0 0 0 0 0 0 0 1 0 0 0 0 0 0 0 0 0 0]	2026-08-16_02-53-21	[0]	2026-08-16_02-53-21	[0 1 0 0 1]	2026-08-16_02-53-21	[0 0 0 0 0]	2026-08-16_02-53-21	[0 0 0 0 0 1 0 0 0 0 0 0 0 0 0 0 0 0 0 0 0 0 0 1 0 0 0 0 0 0 0 0 0 0 0 0 0 0 0 0 0 0 0 0 0 0 0 0 0 0 0 1 0 0 0 0 0 0 0 0 0 0 0 0 0 0 0 0 0 0 0 0 0]	2026-08-16_02-53-21	[0 0 0 0 1 0 0 0 0 0 0 0 0 0 0 0 0 0 1 1 0 0 0 0 0 0 0 0 0 0 0 0 0 0 0 0 0 0 0 0 0 0 0 0 0 0 0 0 0 0 0 0 0 0 0 0 0 0 0 0 0 0 1 0 0 0 0 0 0 0 0 0 0]	2026-08-16_02-53-21	[0]	2026-08-16_02-53-21
6	2026-08-16_02-53-21	-1.0	2026-08-16_02-53-21	10.352937698364258	2026-08-16_02-53-21	1.0410449504852295	2026-08-16_02-53-21	1.2681046724319458	2026-08-16_02-53-21	3.973555326461792	2026-08-16_02-53-21	4.070232391357422	2026-08-16_02-53-21	True	2026-08-16_02-53-21	[0 1 0 0 1]	2026-08-16_02-53-21	[0 0 0 0 0]	2026-08-16_02-53-21	[0 0 0 0 0 1 0 0 0 0 0 0 0 0 0 0 0 0 0 0 0 0 0 1 0 0 0 0 0 0 0 0 0 0 0 0 0 0 0 0 0 0 0 0 0 0 0 0 0 0 0 1 0 0 0 0 0 0 0 0 0 0 0 0 0 0 0 0 0 0 0 0 0]	2026-08-16_02-53-21	[0 0 0 0 1 0 0 0 0 0 0 0 0 0 0 0 0 0 1 1 0 0 0 0 0 0 0 0 0 0 0 0 0 0 0 0 0 0 0 0 0 0 0 0 0 0 0 0 0 0 0 0 0 0 0 0 0 0 0 0 0 0 1 0 0 0 0 0 0 0 0 0 0]	2026-08-16_02-53-21	[0]	2026-08-16_02-53-21	[0 1 0 0 1]	2026-08-16_02-53-21	[0 0 0 0 0]	2026-08-16_02-53-21	[0 0 0 0 0 0 0 0 0 0 0 0 0 0 0 0 0 0 0 0 0 0 0 1 0 0 0 0 0 0 0 0 0 0 0 0 0 0 0 0 0 0 0 0 0 0 0 0 0 0 0 1 0 0 0 0 0 0 0 0 0 0 0 0 0 0 0 0 0 0 0 0 0]	2026-08-16_02-53-21	[0 0 0 0 1 0 0 0 0 0 0 0 0 0 0 0 0 0 1 0 0 0 0 0 0 0 0 0 0 0 0 0 0 0 0 0 0 0 0 0 0 0 0 0 0 0 0 0 0 0 0 0 0 0 0 0 0 0 0 0 0 0 1 0 0 0 0 0 0 0 0 0 0]	2026-08-16_02-53-21	[0]	2026-08-16_02-53-21
6	2026-08-16_02-53-21	-1.0	2026-08-16_02-53-21	10.317180633544922	2026-08-16_02-53-21	1.031640887260437	2026-08-16_02-53-21	1.2417166233062744	2026-08-16_02-53-21	3.980327606201172	2026-08-16_02-53-21	4.06349515914917	2026-08-16_02-53-21	True	2026-08-16_02-53-21	[0 1 0 0 1]	2026-08-16_02-53-21	[0 0 0 0 0]	2026-08-16_02-53-21	[0 0 0 0 0 0 0 0 0 0 0 0 0 0 0 0 0 0 0 0 0 0 0 1 0 0 0 0 0 0 0 0 0 0 0 0 0 0 0 0 0 0 0 0 0 0 0 0 0 0 0 1 0 0 0 0 0 0 0 0 0 0 0 0 0 0 0 0 0 0 0 0 0]	2026-08-16_02-53-21	[0 0 0 0 1 0 0 0 0 0 0 0 0 0 0 0 0 0 1 0 0 0 0 0 0 0 0 0 0 0 0 0 0 0 0 0 0 0 0 0 0 0 0 0 0 0 0 0 0 0 0 0 0 0 0 0 0 0 0 0 0 0 1 0 0 0 0 0 0 0 0 0 0]	2026-08-16_02-53-21	[0]	2026-08-16_02-53-21	[0 1 0 0 1]	2026-08-16_02-53-21	[0 0 0 0 0]	2026-08-16_02-53-21	[0 0 0 0 0 1 0 0 0 0 0 0 0 0 0 0 0 0 0 0 0 0 0 1 0 0 0 0 0 0 0 0 0 0 0 0 0 0 0 0 0 0 0 0 0 0 0 0 0 0 0 1 0 0 0 0 0 0 0 0 0 0 0 0 0 0 0 0 0 0 0 0 0]	2026-08-16_02-53-21	[0 0 0 0 1 0 0 0 0 0 0 0 0 0 0 0 0 0 1 1 0 0 0 0 0 0 0 0 0 0 0 0 0 0 0 0 0 0 0 0 0 0 0 0 0 0 0 0 0 0 0 0 0 0 0 0 0 0 0 0 0 0 1 0 0 0 0 0 0 0 0 0 0]	2026-08-16_02-53-21	[0]	2026-08-16_02-53-21
6	2026-08-16_02-53-21	-1.0	2026-08-16_02-53-21	10.35120677947998	2026-08-16_02-53-21	1.044182300567627	2026-08-16_02-53-21	1.2430973052978516	2026-08-16_02-53-21	3.9918951988220215	2026-08-16_02-53-21	4.0720319747924805	2026-08-16_02-53-21	True	2026-08-16_02-53-21	[0 1 0 0 1]	2026-08-16_02-53-21	[0 0 0 0 0]	2026-08-16_02-53-21	[0 0 0 0 0 1 0 0 0 0 0 0 0 0 0 0 0 0 0 0 0 0 0 1 0 0 0 0 0 0 0 0 0 0 0 0 0 0 0 0 0 0 0 0 0 0 0 0 0 0 0 1 0 0 0 0 0 0 0 0 0 0 0 0 0 0 0 0 0 0 0 0 0]	2026-08-16_02-53-21	[0 0 0 0 1 0 0 0 0 0 0 0 0 0 0 0 0 0 1 1 0 0 0 0 0 0 0 0 0 0 0 0 0 0 0 0 0 0 0 0 0 0 0 0 0 0 0 0 0 0 0 0 0 0 0 0 0 0 0 0 0 0 1 0 0 0 0 0 0 0 0 0 0]	2026-08-16_02-53-21	[0]	2026-08-16_02-53-21	[0 1 0 0 1]	2026-08-16_02-53-21	[0 0 0 0 0]	2026-08-16_02-53-21	[0 0 0 0 0 0 0 0 0 0 0 0 0 0 0 0 0 0 0 0 0 0 0 1 0 0 0 0 0 0 0 0 0 0 0 0 0 0 0 0 0 0 0 0 0 0 0 0 0 0 0 1 0 0 0 0 0 0 0 0 0 0 0 0 0 0 0 0 0 0 0 0 0]	2026-08-16_02-53-21	[0 0 0 0 1 0 0 0 0 0 0 0 0 0 0 0 0 0 1 0 0 0 0 0 0 0 0 0 0 0 0 0 0 0 0 0 0 0 0 0 0 0 0 0 0 0 0 0 0 0 0 0 0 0 0 0 0 0 0 0 0 0 1 0 0 0 0 0 0 0 0 0 0]	2026-08-16_02-53-21	[0]	2026-08-16_02-53-21
6	2026-08-16_02-53-21	-1.0	2026-08-16_02-53-21	10.337316513061523	2026-08-16_02-53-21	1.0307496786117554	2026-08-16_02-53-21	1.2490313053131104	2026-08-16_02-53-21	3.98358154296875	2026-08-16_02-53-21	4.0739545822143555	2026-08-16_02-53-21	True	2026-08-16_02-53-21	[0 1 0 0 1]	2026-08-16_02-53-21	[0 0 0 0 0]	2026-08-16_02-53-21	[0 0 0 0 0 0 0 0 0 0 0 0 0 0 0 0 0 0 0 0 0 0 0 1 0 0 0 0 0 0 0 0 0 0 0 0 0 0 0 0 0 0 0 0 0 0 0 0 0 0 0 1 0 0 0 0 0 0 0 0 0 0 0 0 0 0 0 0 0 0 0 0 0]	2026-08-16_02-53-21	[0 0 0 0 1 0 0 0 0 0 0 0 0 0 0 0 0 0 1 0 0 0 0 0 0 0 0 0 0 0 0 0 0 0 0 0 0 0 0 0 0 0 0 0 0 0 0 0 0 0 0 0 0 0 0 0 0 0 0 0 0 0 1 0 0 0 0 0 0 0 0 0 0]	2026-08-16_02-53-21	[0]	2026-08-16_02-53-21	[0 1 0 0 1]	2026-08-16_02-53-21	[0 0 0 0 0]	2026-08-16_02-53-21	[0 0 0 0 0 1 0 0 0 0 0 0 0 0 0 0 0 0 0 0 0 0 0 1 0 0 0 0 0 0 0 0 0 0 0 0 0 0 0 0 0 0 0 0 0 0 0 0 0 0 0 1 0 0 0 0 0 0 0 0 0 0 0 0 0 0 0 0 0 0 0 0 0]	2026-08-16_02-53-21	[0 0 0 0 1 0 0 0 0 0 0 0 0 0 0 0 0 0 1 1 0 0 0 0 0 0 0 0 0 0 0 0 0 0 0 0 0 0 0 0 0 0 0 0 0 0 0 0 0 0 0 0 0 0 0 0 0 0 0 0 0 0 1 0 0 0 0 0 0 0 0 0 0]	2026-08-16_02-53-21	[0]	2026-08-16_02-53-21
6	2026-08-16_02-53-21	-1.0	2026-08-16_02-53-21	10.262598991394043	2026-08-16_02-53-21	1.004941463470459	2026-08-16_02-53-21	1.2272673845291138	2026-08-16_02-53-21	3.966106653213501	2026-08-16_02-53-21	4.06428337097168	2026-08-16_02-53-21	True	2026-08-16_02-53-21	[0 1 0 0 1]	2026-08-16_02-53-21	[0 0 0 0 0]	2026-08-16_02-53-21	[0 0 0 0 0 1 0 0 0 0 0 0 0 0 0 0 0 0 0 0 0 0 0 1 0 0 0 0 0 0 0 0 0 0 0 0 0 0 0 0 0 0 0 0 0 0 0 0 0 0 0 1 0 0 0 0 0 0 0 0 0 0 0 0 0 0 0 0 0 0 0 0 0]	2026-08-16_02-53-21	[0 0 0 0 1 0 0 0 0 0 0 0 0 0 0 0 0 0 1 1 0 0 0 0 0 0 0 0 0 0 0 0 0 0 0 0 0 0 0 0 0 0 0 0 0 0 0 0 0 0 0 0 0 0 0 0 0 0 0 0 0 0 1 0 0 0 0 0 0 0 0 0 0]	2026-08-16_02-53-21	[0]	2026-08-16_02-53-21	[0 1 0 0 1]	2026-08-16_02-53-21	[0 0 0 0 0]	2026-08-16_02-53-21	[0 0 0 0 0 0 0 0 0 0 0 0 0 0 0 0 0 0 0 0 0 0 0 1 0 0 0 0 0 0 0 0 0 0 0 0 0 0 0 0 0 0 0 0 0 0 0 0 0 0 0 1 0 0 0 0 0 0 0 0 0 0 0 0 0 0 0 0 0 0 0 0 0]	2026-08-16_02-53-21	[0 0 0 0 1 0 0 0 0 0 0 0 0 0 0 0 0 0 1 0 0 0 0 0 0 0 0 0 0 0 0 0 0 0 0 0 0 0 0 0 0 0 0 0 0 0 0 0 0 0 0 0 0 0 0 0 0 0 0 0 0 0 1 0 0 0 0 0 0 0 0 0 0]	2026-08-16_02-53-21	[0]	2026-08-16_02-53-21
6	2026-08-16_02-53-21	-1.0	2026-08-16_02-53-21	10.448766708374023	2026-08-16_02-53-21	1.065515160560608	2026-08-16_02-53-21	1.3186522722244263	2026-08-16_02-53-21	3.97725772857666	2026-08-16_02-53-21	4.08734130859375	2026-08-16_02-53-21	True	2026-08-16_02-53-21	[0 1 0 0 1]	2026-08-16_02-53-21	[0 0 0 0 0]	2026-08-16_02-53-21	[0 0 0 0 0 0 0 0 0 0 0 0 0 0 0 0 0 0 0 0 0 0 0 1 0 0 0 0 0 0 0 0 0 0 0 0 0 0 0 0 0 0 0 0 0 0 0 0 0 0 0 1 0 0 0 0 0 0 0 0 0 0 0 0 0 0 0 0 0 0 0 0 0]	2026-08-16_02-53-21	[0 0 0 0 1 0 0 0 0 0 0 0 0 0 0 0 0 0 1 0 0 0 0 0 0 0 0 0 0 0 0 0 0 0 0 0 0 0 0 0 0 0 0 0 0 0 0 0 0 0 0 0 0 0 0 0 0 0 0 0 0 0 1 0 0 0 0 0 0 0 0 0 0]	2026-08-16_02-53-21	[0]	2026-08-16_02-53-21	[0 1 0 0 1]	2026-08-16_02-53-21	[0 0 0 0 0]	2026-08-16_02-53-21	[0 0 0 0 0 1 0 0 0 0 0 0 0 0 0 0 0 0 0 0 0 0 0 1 0 0 0 0 0 0 0 0 0 0 0 0 0 0 0 0 0 0 0 0 0 0 0 0 0 0 0 1 0 0 0 0 0 0 0 0 0 0 0 0 0 0 0 0 0 0 0 0 0]	2026-08-16_02-53-21	[0 0 0 0 1 0 0 0 0 0 0 0 0 0 0 0 0 0 1 1 0 0 0 0 0 0 0 0 0 0 0 0 0 0 0 0 0 0 0 0 0 0 0 0 0 0 0 0 0 0 0 0 0 0 0 0 0 0 0 0 0 0 1 0 0 0 0 0 0 0 0 0 0]	2026-08-16_02-53-21	[0]	2026-08-16_02-53-21
6	2026-08-16_02-53-21	-1.0	2026-08-16_02-53-21	10.454931259155273	2026-08-16_02-53-21	1.0741933584213257	2026-08-16_02-53-21	1.3106127977371216	2026-08-16_02-53-21	3.98726749420166	2026-08-16_02-53-21	4.082857608795166	2026-08-16_02-53-21	True	2026-08-16_02-53-21	[0 1 0 0 1]	2026-08-16_02-53-21	[0 0 0 0 0]	2026-08-16_02-53-21	[0 0 0 0 0 1 0 0 0 0 0 0 0 0 0 0 0 0 0 0 0 0 0 1 0 0 0 0 0 0 0 0 0 0 0 0 0 0 0 0 0 0 0 0 0 0 0 0 0 0 0 1 0 0 0 0 0 0 0 0 0 0 0 0 0 0 0 0 0 0 0 0 0]	2026-08-16_02-53-21	[0 0 0 0 1 0 0 0 0 0 0 0 0 0 0 0 0 0 1 1 0 0 0 0 0 0 0 0 0 0 0 0 0 0 0 0 0 0 0 0 0 0 0 0 0 0 0 0 0 0 0 0 0 0 0 0 0 0 0 0 0 0 1 0 0 0 0 0 0 0 0 0 0]	2026-08-16_02-53-21	[0]	2026-08-16_02-53-21	[0 1 0 0 1]	2026-08-16_02-53-21	[0 0 0 0 0]	2026-08-16_02-53-21	[0 0 0 0 0 0 0 0 0 0 0 0 0 0 0 0 0 0 0 0 0 0 0 1 0 0 0 0 0 0 0 0 0 0 0 0 0 0 0 0 0 0 0 0 0 0 0 0 0 0 0 1 0 0 0 0 0 0 0 0 0 0 0 0 0 0 0 0 0 0 0 0 0]	2026-08-16_02-53-21	[0 0 0 0 1 0 0 0 0 0 0 0 0 0 0 0 0 0 0 1 0 0 0 0 0 0 0 0 0 0 0 0 0 0 0 0 0 0 0 0 0 0 0 0 0 0 0 0 0 0 0 0 0 0 0 0 0 0 0 0 0 0 1 0 0 0 0 0 0 0 0 0 0]	2026-08-16_02-53-21	[0]	2026-08-16_02-53-21
6	2026-08-16_02-53-21	-1.0	2026-08-16_02-53-21	10.300630569458008	2026-08-16_02-53-21	1.0023651123046875	2026-08-16_02-53-21	1.2344013452529907	2026-08-16_02-53-21	3.9877617359161377	2026-08-16_02-53-21	4.076101779937744	2026-08-16_02-53-21	True	2026-08-16_02-53-21	[0 1 0 0 1]	2026-08-16_02-53-21	[0 0 0 0 0]	2026-08-16_02-53-21	[0 0 0 0 0 0 0 0 0 0 0 0 0 0 0 0 0 0 0 0 0 0 0 1 0 0 0 0 0 0 0 0 0 0 0 0 0 0 0 0 0 0 0 0 0 0 0 0 0 0 0 1 0 0 0 0 0 0 0 0 0 0 0 0 0 0 0 0 0 0 0 0 0]	2026-08-16_02-53-21	[0 0 0 0 1 0 0 0 0 0 0 0 0 0 0 0 0 0 0 1 0 0 0 0 0 0 0 0 0 0 0 0 0 0 0 0 0 0 0 0 0 0 0 0 0 0 0 0 0 0 0 0 0 0 0 0 0 0 0 0 0 0 1 0 0 0 0 0 0 0 0 0 0]	2026-08-16_02-53-21	[0]	2026-08-16_02-53-21	[0 1 0 0 1]	2026-08-16_02-53-21	[0 0 0 0 0]	2026-08-16_02-53-21	[0 0 0 0 0 1 0 0 0 0 0 0 0 0 0 0 0 0 0 0 0 0 0 1 0 0 0 0 0 0 0 0 0 0 0 0 0 0 0 0 0 0 0 0 0 0 0 0 0 0 0 1 0 0 0 0 0 0 0 0 0 0 0 0 0 0 0 0 0 0 0 0 0]	2026-08-16_02-53-21	[0 0 0 0 1 0 0 0 0 0 0 0 0 0 0 0 0 0 0 0 0 0 0 0 0 0 0 0 0 0 0 0 0 0 0 0 0 0 0 0 0 0 0 0 0 0 0 0 0 0 0 0 0 0 0 0 0 0 0 0 0 0 1 0 0 0 0 0 0 0 0 0 0]	2026-08-16_02-53-21	[0]	2026-08-16_02-53-21
6	2026-08-16_02-53-21	-1.0	2026-08-16_02-53-21	10.239339828491211	2026-08-16_02-53-21	1.0289270877838135	2026-08-16_02-53-21	1.202022910118103	2026-08-16_02-53-21	3.9605774879455566	2026-08-16_02-53-21	4.0478129386901855	2026-08-16_02-53-21	True	2026-08-16_02-53-21	[0 1 0 0 1]	2026-08-16_02-53-21	[0 0 0 0 0]	2026-08-16_02-53-21	[0 0 0 0 0 1 0 0 0 0 0 0 0 0 0 0 0 0 0 0 0 0 0 1 0 0 0 0 0 0 0 0 0 0 0 0 0 0 0 0 0 0 0 0 0 0 0 0 0 0 0 1 0 0 0 0 0 0 0 0 0 0 0 0 0 0 0 0 0 0 0 0 0]	2026-08-16_02-53-21	[0 0 0 0 1 0 0 0 0 0 0 0 0 0 0 0 0 0 0 0 0 0 0 0 0 0 0 0 0 0 0 0 0 0 0 0 0 0 0 0 0 0 0 0 0 0 0 0 0 0 0 0 0 0 0 0 0 0 0 0 0 0 1 0 0 0 0 0 0 0 0 0 0]	2026-08-16_02-53-21	[0]	2026-08-16_02-53-21	[0 1 0 0 1]	2026-08-16_02-53-21	[0 0 0 0 0]	2026-08-16_02-53-21	[0 0 0 0 0 0 0 0 0 0 0 0 0 0 0 0 0 0 0 0 0 0 0 1 0 0 0 0 0 0 0 0 0 0 0 0 0 0 0 0 0 0 0 0 0 0 0 0 0 0 0 1 0 0 0 0 0 0 0 0 0 0 0 0 0 0 0 0 0 0 0 0 0]	2026-08-16_02-53-21	[0 0 0 0 1 0 0 0 0 0 0 0 0 0 0 0 0 0 0 1 0 0 0 0 0 0 0 0 0 0 0 0 0 0 0 0 0 0 0 0 0 0 0 0 0 0 0 0 0 0 0 0 0 0 0 0 0 0 0 0 0 0 1 0 0 0 0 0 0 0 0 0 0]	2026-08-16_02-53-21	[0]	2026-08-16_02-53-21
6	2026-08-16_02-53-21	-1.0	2026-08-16_02-53-21	10.255237579345703	2026-08-16_02-53-21	1.011688470840454	2026-08-16_02-53-21	1.2252717018127441	2026-08-16_02-53-21	3.958791971206665	2026-08-16_02-53-21	4.059484958648682	2026-08-16_02-53-21	True	2026-08-16_02-53-21	[0 1 0 0 1]	2026-08-16_02-53-21	[0 0 0 0 0]	2026-08-16_02-53-21	[0 0 0 0 0 0 0 0 0 0 0 0 0 0 0 0 0 0 0 0 0 0 0 1 0 0 0 0 0 0 0 0 0 0 0 0 0 0 0 0 0 0 0 0 0 0 0 0 0 0 0 1 0 0 0 0 0 0 0 0 0 0 0 0 0 0 0 0 0 0 0 0 0]	2026-08-16_02-53-21	[0 0 0 0 1 0 0 0 0 0 0 0 0 0 0 0 0 0 0 1 0 0 0 0 0 0 0 0 0 0 0 0 0 0 0 0 0 0 0 0 0 0 0 0 0 0 0 0 0 0 0 0 0 0 0 0 0 0 0 0 0 0 1 0 0 0 0 0 0 0 0 0 0]	2026-08-16_02-53-21	[0]	2026-08-16_02-53-21	[0 1 0 0 1]	2026-08-16_02-53-21	[0 0 0 0 0]	2026-08-16_02-53-21	[0 0 0 0 0 1 0 0 0 0 0 0 0 0 0 0 0 0 0 0 0 0 0 1 0 0 0 0 0 0 0 0 0 0 0 0 0 0 0 0 0 0 0 0 0 0 0 0 0 0 0 1 0 0 0 0 0 0 0 0 0 0 0 0 0 0 0 0 0 0 0 0 0]	2026-08-16_02-53-21	[0 0 0 0 1 0 0 0 0 0 0 0 0 0 0 0 0 0 0 0 0 0 0 0 0 0 0 0 0 0 0 0 0 0 0 0 0 0 0 0 0 0 0 0 0 0 0 0 0 0 0 0 0 0 0 0 0 0 0 0 0 0 1 0 0 0 0 0 0 0 0 0 0]	2026-08-16_02-53-21	[0]	2026-08-16_02-53-21
6	2026-08-16_02-53-21	-1.0	2026-08-16_02-53-21	10.312695503234863	2026-08-16_02-53-21	1.0301501750946045	2026-08-16_02-53-21	1.2494330406188965	2026-08-16_02-53-21	3.967015504837036	2026-08-16_02-53-21	4.066096782684326	2026-08-16_02-53-21	True	2026-08-16_02-53-21	[0 1 0 0 1]	2026-08-16_02-53-21	[0 0 0 0 0]	2026-08-16_02-53-21	[0 0 0 0 0 1 0 0 0 0 0 0 0 0 0 0 0 0 0 0 0 0 0 1 0 0 0 0 0 0 0 0 0 0 0 0 0 0 0 0 0 0 0 0 0 0 0 0 0 0 0 1 0 0 0 0 0 0 0 0 0 0 0 0 0 0 0 0 0 0 0 0 0]	2026-08-16_02-53-21	[0 0 0 0 1 0 0 0 0 0 0 0 0 0 0 0 0 0 0 0 0 0 0 0 0 0 0 0 0 0 0 0 0 0 0 0 0 0 0 0 0 0 0 0 0 0 0 0 0 0 0 0 0 0 0 0 0 0 0 0 0 0 1 0 0 0 0 0 0 0 0 0 0]	2026-08-16_02-53-21	[0]	2026-08-16_02-53-21	[0 1 0 0 1]	2026-08-16_02-53-21	[0 0 0 0 0]	2026-08-16_02-53-21	[0 0 0 0 0 0 0 0 0 0 0 0 0 0 0 0 0 0 0 0 0 0 0 1 0 0 0 0 0 0 0 0 0 0 0 0 0 0 0 0 0 0 0 0 0 0 0 0 0 0 0 1 0 0 0 0 0 0 0 0 0 0 0 0 0 0 0 0 0 0 0 0 0]	2026-08-16_02-53-21	[0 0 0 0 1 0 0 0 0 0 0 0 0 0 0 0 0 0 0 1 0 0 0 0 0 0 0 0 0 0 0 0 0 0 0 0 0 0 0 0 0 0 0 0 0 0 0 0 0 0 0 0 0 0 0 0 0 0 0 0 0 0 1 0 0 0 0 0 0 0 0 0 0]	2026-08-16_02-53-21	[0]	2026-08-16_02-53-21
6	2026-08-16_02-53-21	-1.0	2026-08-16_02-53-21	10.27265739440918	2026-08-16_02-53-21	1.0192792415618896	2026-08-16_02-53-21	1.208827257156372	2026-08-16_02-53-21	3.978780508041382	2026-08-16_02-53-21	4.065770626068115	2026-08-16_02-53-21	True	2026-08-16_02-53-21	[0 1 0 0 1]	2026-08-16_02-53-21	[0 0 0 0 0]	2026-08-16_02-53-21	[0 0 0 0 0 0 0 0 0 0 0 0 0 0 0 0 0 0 0 0 0 0 0 1 0 0 0 0 0 0 0 0 0 0 0 0 0 0 0 0 0 0 0 0 0 0 0 0 0 0 0 1 0 0 0 0 0 0 0 0 0 0 0 0 0 0 0 0 0 0 0 0 0]	2026-08-16_02-53-21	[0 0 0 0 1 0 0 0 0 0 0 0 0 0 0 0 0 0 0 1 0 0 0 0 0 0 0 0 0 0 0 0 0 0 0 0 0 0 0 0 0 0 0 0 0 0 0 0 0 0 0 0 0 0 0 0 0 0 0 0 0 0 1 0 0 0 0 0 0 0 0 0 0]	2026-08-16_02-53-21	[0]	2026-08-16_02-53-21	[0 1 0 0 1]	2026-08-16_02-53-21	[0 0 0 0 0]	2026-08-16_02-53-21	[0 0 0 0 0 1 0 0 0 0 0 0 0 0 0 0 0 0 0 0 0 0 0 1 0 0 0 0 0 0 0 0 0 0 0 0 0 0 0 0 0 0 0 0 0 0 0 0 0 0 0 1 0 0 0 0 0 0 0 0 0 0 0 0 0 0 0 0 0 0 0 0 0]	2026-08-16_02-53-21	[0 0 0 0 1 0 0 0 0 0 0 0 0 0 0 0 0 0 0 0 0 0 0 0 0 0 0 0 0 0 0 0 0 0 0 0 0 0 0 0 0 0 0 0 0 0 0 0 0 0 0 0 0 0 0 0 0 0 0 0 0 0 1 0 0 0 0 0 0 0 0 0 0]	2026-08-16_02-53-21	[0]	2026-08-16_02-53-21
6	2026-08-16_02-53-21	-1.0	2026-08-16_02-53-21	10.348939895629883	2026-08-16_02-53-21	1.0483185052871704	2026-08-16_02-53-21	1.2648428678512573	2026-08-16_02-53-21	3.9613418579101562	2026-08-16_02-53-21	4.074436664581299	2026-08-16_02-53-21	True	2026-08-16_02-53-21	[0 1 0 0 1]	2026-08-16_02-53-21	[0 0 0 0 0]	2026-08-16_02-53-21	[0 0 0 0 0 1 0 0 0 0 0 0 0 0 0 0 0 0 0 0 0 0 0 1 0 0 0 0 0 0 0 0 0 0 0 0 0 0 0 0 0 0 0 0 0 0 0 0 0 0 0 1 0 0 0 0 0 0 0 0 0 0 0 0 0 0 0 0 0 0 0 0 0]	2026-08-16_02-53-21	[0 0 0 0 1 0 0 0 0 0 0 0 0 0 0 0 0 0 0 0 0 0 0 0 0 0 0 0 0 0 0 0 0 0 0 0 0 0 0 0 0 0 0 0 0 0 0 0 0 0 0 0 0 0 0 0 0 0 0 0 0 0 1 0 0 0 0 0 0 0 0 0 0]	2026-08-16_02-53-21	[0]	2026-08-16_02-53-21	[0 1 0 0 1]	2026-08-16_02-53-21	[0 0 0 0 0]	2026-08-16_02-53-21	[0 0 0 0 0 0 0 0 0 0 0 0 0 0 0 0 0 0 0 0 0 0 0 1 0 0 0 0 0 0 0 0 0 0 0 0 0 0 0 0 0 0 0 0 0 0 0 0 0 0 0 1 0 0 0 0 0 0 0 0 0 0 0 0 0 0 0 0 0 0 0 0 0]	2026-08-16_02-53-21	[0 0 0 0 1 0 0 0 0 0 0 0 0 0 0 0 0 0 0 1 0 0 0 0 0 0 0 0 0 0 0 0 0 0 0 0 0 0 0 0 0 0 0 0 0 0 0 0 0 0 0 0 0 0 0 0 0 0 0 0 0 0 1 0 0 0 0 0 0 0 0 0 0]	2026-08-16_02-53-21	[0]	2026-08-16_02-53-21
6	2026-08-16_02-53-21	-1.0	2026-08-16_02-53-21	10.264507293701172	2026-08-16_02-53-21	1.01395583152771	2026-08-16_02-53-21	1.2260229587554932	2026-08-16_02-53-21	3.9728221893310547	2026-08-16_02-53-21	4.051706314086914	2026-08-16_02-53-21	True	2026-08-16_02-53-21	[0 1 0 0 1]	2026-08-16_02-53-21	[0 0 0 0 0]	2026-08-16_02-53-21	[0 0 0 0 0 0 0 0 0 0 0 0 0 0 0 0 0 0 0 0 0 0 0 1 0 0 0 0 0 0 0 0 0 0 0 0 0 0 0 0 0 0 0 0 0 0 0 0 0 0 0 1 0 0 0 0 0 0 0 0 0 0 0 0 0 0 0 0 0 0 0 0 0]	2026-08-16_02-53-21	[0 0 0 0 1 0 0 0 0 0 0 0 0 0 0 0 0 0 0 1 0 0 0 0 0 0 0 0 0 0 0 0 0 0 0 0 0 0 0 0 0 0 0 0 0 0 0 0 0 0 0 0 0 0 0 0 0 0 0 0 0 0 1 0 0 0 0 0 0 0 0 0 0]	2026-08-16_02-53-21	[0]	2026-08-16_02-53-21	[0 1 0 0 1]	2026-08-16_02-53-21	[0 0 0 0 0]	2026-08-16_02-53-21	[0 0 0 0 0 1 0 0 0 0 0 0 0 0 0 0 0 0 0 0 0 0 0 1 0 0 0 0 0 0 0 0 0 0 0 0 0 0 0 0 0 0 0 0 0 0 0 0 0 0 0 1 0 0 0 0 0 0 0 0 0 0 0 0 0 0 0 0 0 0 0 0 0]	2026-08-16_02-53-21	[0 0 0 0 1 0 0 0 0 0 0 0 0 0 0 0 0 0 0 0 0 0 0 0 0 0 0 0 0 0 0 0 0 0 0 0 0 0 0 0 0 0 0 0 0 0 0 0 0 0 0 0 0 0 0 0 0 0 0 0 0 0 1 0 0 0 0 0 0 0 0 0 0]	2026-08-16_02-53-21	[0]	2026-08-16_02-53-21
6	2026-08-16_02-53-21	-1.0	2026-08-16_02-53-21	10.211504936218262	2026-08-16_02-53-21	1.0247678756713867	2026-08-16_02-53-21	1.1952213048934937	2026-08-16_02-53-21	3.94765043258667	2026-08-16_02-53-21	4.043865203857422	2026-08-16_02-53-21	True	2026-08-16_02-53-21	[0 1 0 0 1]	2026-08-16_02-53-21	[0 0 0 0 0]	2026-08-16_02-53-21	[0 0 0 0 0 1 0 0 0 0 0 0 0 0 0 0 0 0 0 0 0 0 0 1 0 0 0 0 0 0 0 0 0 0 0 0 0 0 0 0 0 0 0 0 0 0 0 0 0 0 0 1 0 0 0 0 0 0 0 0 0 0 0 0 0 0 0 0 0 0 0 0 0]	2026-08-16_02-53-21	[0 0 0 0 1 0 0 0 0 0 0 0 0 0 0 0 0 0 0 0 0 0 0 0 0 0 0 0 0 0 0 0 0 0 0 0 0 0 0 0 0 0 0 0 0 0 0 0 0 0 0 0 0 0 0 0 0 0 0 0 0 0 1 0 0 0 0 0 0 0 0 0 0]	2026-08-16_02-53-21	[0]	2026-08-16_02-53-21	[0 1 0 0 1]	2026-08-16_02-53-21	[0 0 0 0 0]	2026-08-16_02-53-21	[0 0 0 0 0 0 0 0 0 0 0 0 0 0 0 0 0 0 0 0 0 0 0 1 0 0 0 0 0 0 0 0 0 0 0 0 0 0 0 0 0 0 0 0 0 0 0 0 0 0 0 1 0 0 0 0 0 0 0 0 0 0 0 0 0 0 0 0 0 0 0 0 0]	2026-08-16_02-53-21	[0 0 0 0 1 0 0 0 0 0 0 0 0 0 0 0 0 0 0 1 0 0 0 0 0 0 0 0 0 0 0 0 0 0 0 0 0 0 0 0 0 0 0 0 0 0 0 0 0 0 0 0 0 0 0 0 0 0 0 0 0 0 1 0 0 0 0 0 0 0 0 0 0]	2026-08-16_02-53-21	[0]	2026-08-16_02-53-21
6	2026-08-16_02-53-21	-1.0	2026-08-16_02-53-21	10.28525161743164	2026-08-16_02-53-21	1.0090762376785278	2026-08-16_02-53-21	1.232740879058838	2026-08-16_02-53-21	3.973717212677002	2026-08-16_02-53-21	4.069716930389404	2026-08-16_02-53-21	True	2026-08-16_02-53-21	[0 1 0 0 1]	2026-08-16_02-53-21	[0 0 0 0 0]	2026-08-16_02-53-21	[0 0 0 0 0 0 0 0 0 0 0 0 0 0 0 0 0 0 0 0 0 0 0 1 0 0 0 0 0 0 0 0 0 0 0 0 0 0 0 0 0 0 0 0 0 0 0 0 0 0 0 1 0 0 0 0 0 0 0 0 0 0 0 0 0 0 0 0 0 0 0 0 0]	2026-08-16_02-53-21	[0 0 0 0 1 0 0 0 0 0 0 0 0 0 0 0 0 0 0 1 0 0 0 0 0 0 0 0 0 0 0 0 0 0 0 0 0 0 0 0 0 0 0 0 0 0 0 0 0 0 0 0 0 0 0 0 0 0 0 0 0 0 1 0 0 0 0 0 0 0 0 0 0]	2026-08-16_02-53-21	[0]	2026-08-16_02-53-21	[0 1 0 0 1]	2026-08-16_02-53-21	[0 0 0 0 0]	2026-08-16_02-53-21	[0 0 0 0 0 1 0 0 0 0 0 0 0 0 0 0 0 0 0 0 0 0 0 1 0 0 0 0 0 0 0 0 0 0 0 0 0 0 0 0 0 0 0 0 0 0 0 0 0 0 0 1 0 0 0 0 0 0 0 0 0 0 0 0 0 0 0 0 0 0 0 0 0]	2026-08-16_02-53-21	[0 0 0 0 1 0 0 0 0 0 0 0 0 0 0 0 0 0 0 0 0 0 0 0 0 0 0 0 0 0 0 0 0 0 0 0 0 0 0 0 0 0 0 0 0 0 0 0 0 0 0 0 0 0 0 0 0 0 0 0 0 0 1 0 0 0 0 0 0 0 0 0 0]	2026-08-16_02-53-21	[0]	2026-08-16_02-53-21
6	2026-08-16_02-53-21	-1.0	2026-08-16_02-53-21	10.254890441894531	2026-08-16_02-53-21	1.0347297191619873	2026-08-16_02-53-21	1.2338937520980835	2026-08-16_02-53-21	3.9489288330078125	2026-08-16_02-53-21	4.0373382568359375	2026-08-16_02-53-21	True	2026-08-16_02-53-21	[0 1 0 0 1]	2026-08-16_02-53-21	[0 0 0 0 0]	2026-08-16_02-53-21	[0 0 0 0 0 1 0 0 0 0 0 0 0 0 0 0 0 0 0 0 0 0 0 1 0 0 0 0 0 0 0 0 0 0 0 0 0 0 0 0 0 0 0 0 0 0 0 0 0 0 0 1 0 0 0 0 0 0 0 0 0 0 0 0 0 0 0 0 0 0 0 0 0]	2026-08-16_02-53-21	[0 0 0 0 1 0 0 0 0 0 0 0 0 0 0 0 0 0 0 0 0 0 0 0 0 0 0 0 0 0 0 0 0 0 0 0 0 0 0 0 0 0 0 0 0 0 0 0 0 0 0 0 0 0 0 0 0 0 0 0 0 0 1 0 0 0 0 0 0 0 0 0 0]	2026-08-16_02-53-21	[0]	2026-08-16_02-53-21	[0 1 0 0 1]	2026-08-16_02-53-21	[0 0 0 0 0]	2026-08-16_02-53-21	[0 0 0 0 0 0 0 0 0 0 0 0 0 0 0 0 0 0 0 0 0 0 0 1 0 0 0 0 0 0 0 0 0 0 0 0 0 0 0 0 0 0 0 0 0 0 0 0 0 0 0 1 0 0 0 0 0 0 0 0 0 0 0 0 0 0 0 0 0 0 0 0 0]	2026-08-16_02-53-21	[0 0 0 0 1 0 0 0 0 0 0 0 0 0 0 0 0 0 0 1 0 0 0 0 0 0 0 0 0 0 0 0 0 0 0 0 0 0 0 0 0 0 0 0 0 0 0 0 0 0 0 0 0 0 0 0 0 0 0 0 0 0 1 0 0 0 0 0 0 0 0 0 0]	2026-08-16_02-53-21	[0]	2026-08-16_02-53-21
6	2026-08-16_02-53-21	-1.0	2026-08-16_02-53-21	10.253524780273438	2026-08-16_02-53-21	1.0224581956863403	2026-08-16_02-53-21	1.2166168689727783	2026-08-16_02-53-21	3.9596571922302246	2026-08-16_02-53-21	4.054792404174805	2026-08-16_02-53-21	True	2026-08-16_02-53-21	[0 1 0 0 1]	2026-08-16_02-53-21	[0 0 0 0 0]	2026-08-16_02-53-21	[0 0 0 0 0 0 0 0 0 0 0 0 0 0 0 0 0 0 0 0 0 0 0 1 0 0 0 0 0 0 0 0 0 0 0 0 0 0 0 0 0 0 0 0 0 0 0 0 0 0 0 1 0 0 0 0 0 0 0 0 0 0 0 0 0 0 0 0 0 0 0 0 0]	2026-08-16_02-53-21	[0 0 0 0 1 0 0 0 0 0 0 0 0 0 0 0 0 0 0 1 0 0 0 0 0 0 0 0 0 0 0 0 0 0 0 0 0 0 0 0 0 0 0 0 0 0 0 0 0 0 0 0 0 0 0 0 0 0 0 0 0 0 1 0 0 0 0 0 0 0 0 0 0]	2026-08-16_02-53-21	[0]	2026-08-16_02-53-21	[0 1 0 0 1]	2026-08-16_02-53-21	[0 0 0 0 0]	2026-08-16_02-53-21	[0 0 0 0 0 1 0 0 0 0 0 0 0 0 0 0 0 0 0 0 0 0 0 1 0 0 0 0 0 0 0 0 0 0 0 0 0 0 0 0 0 0 0 0 0 0 0 0 0 0 0 1 0 0 0 0 0 0 0 0 0 0 0 0 0 0 0 0 0 0 0 0 0]	2026-08-16_02-53-21	[0 0 0 0 1 0 0 0 0 0 0 0 0 0 0 0 0 0 0 0 0 0 0 0 0 0 0 0 0 0 0 0 0 0 0 0 0 0 0 0 0 0 0 0 0 0 0 0 0 0 0 0 0 0 0 0 0 0 0 0 0 0 1 0 0 0 0 0 0 0 0 0 0]	2026-08-16_02-53-21	[0]	2026-08-16_02-53-21
6	2026-08-16_02-53-21	-1.0	2026-08-16_02-53-21	10.173477172851562	2026-08-16_02-53-21	0.9982279539108276	2026-08-16_02-53-21	1.173278570175171	2026-08-16_02-53-21	3.9566872119903564	2026-08-16_02-53-21	4.045283317565918	2026-08-16_02-53-21	True	2026-08-16_02-53-21	[0 1 0 0 1]	2026-08-16_02-53-21	[0 0 0 0 0]	2026-08-16_02-53-21	[0 0 0 0 0 1 0 0 0 0 0 0 0 0 0 0 0 0 0 0 0 0 0 1 0 0 0 0 0 0 0 0 0 0 0 0 0 0 0 0 0 0 0 0 0 0 0 0 0 0 0 1 0 0 0 0 0 0 0 0 0 0 0 0 0 0 0 0 0 0 0 0 0]	2026-08-16_02-53-21	[0 0 0 0 1 0 0 0 0 0 0 0 0 0 0 0 0 0 0 0 0 0 0 0 0 0 0 0 0 0 0 0 0 0 0 0 0 0 0 0 0 0 0 0 0 0 0 0 0 0 0 0 0 0 0 0 0 0 0 0 0 0 1 0 0 0 0 0 0 0 0 0 0]	2026-08-16_02-53-21	[0]	2026-08-16_02-53-21	[0 1 0 0 1]	2026-08-16_02-53-21	[0 0 0 0 0]	2026-08-16_02-53-21	[0 0 0 0 0 0 0 0 0 0 0 0 0 0 0 0 0 0 0 0 0 0 0 1 0 0 0 0 0 0 0 0 0 0 0 0 0 0 0 0 0 0 0 0 0 0 0 0 0 0 0 1 0 0 0 0 0 0 0 0 0 0 0 0 0 0 0 0 0 0 0 0 0]	2026-08-16_02-53-21	[0 0 0 0 1 0 0 0 0 0 0 0 0 0 0 0 0 0 0 1 0 0 0 0 0 0 0 0 0 0 0 0 0 0 0 0 0 0 0 0 0 0 0 0 0 0 0 0 0 0 0 0 0 0 0 0 0 0 0 0 0 0 1 0 0 0 0 0 0 0 0 0 0]	2026-08-16_02-53-21	[0]	2026-08-16_02-53-21
6	2026-08-16_02-53-21	-1.0	2026-08-16_02-53-21	10.34813404083252	2026-08-16_02-53-21	1.0354125499725342	2026-08-16_02-53-21	1.250863790512085	2026-08-16_02-53-21	3.986382484436035	2026-08-16_02-53-21	4.075475215911865	2026-08-16_02-53-21	True	2026-08-16_02-53-21	[0 1 0 0 1]	2026-08-16_02-53-21	[0 0 0 0 0]	2026-08-16_02-53-21	[0 0 0 0 0 0 0 0 0 0 0 0 0 0 0 0 0 0 0 0 0 0 0 1 0 0 0 0 0 0 0 0 0 0 0 0 0 0 0 0 0 0 0 0 0 0 0 0 0 0 0 1 0 0 0 0 0 0 0 0 0 0 0 0 0 0 0 0 0 0 0 0 0]	2026-08-16_02-53-21	[0 0 0 0 1 0 0 0 0 0 0 0 0 0 0 0 0 0 0 1 0 0 0 0 0 0 0 0 0 0 0 0 0 0 0 0 0 0 0 0 0 0 0 0 0 0 0 0 0 0 0 0 0 0 0 0 0 0 0 0 0 0 1 0 0 0 0 0 0 0 0 0 0]	2026-08-16_02-53-21	[0]	2026-08-16_02-53-21	[0 1 0 0 1]	2026-08-16_02-53-21	[0 0 0 0 0]	2026-08-16_02-53-21	[0 0 0 0 0 1 0 0 0 0 0 0 0 0 0 0 0 0 0 0 0 0 0 1 0 0 0 0 0 0 0 0 0 0 0 0 0 0 0 0 0 0 0 0 0 0 0 0 0 0 0 1 0 0 0 0 0 0 0 0 0 0 0 0 0 0 0 0 0 0 0 0 0]	2026-08-16_02-53-21	[0 0 0 0 1 0 0 0 0 0 0 0 0 0 0 0 0 0 0 0 0 0 0 0 0 0 0 0 0 0 0 0 0 0 0 0 0 0 0 0 0 0 0 0 0 0 0 0 0 0 0 0 0 0 0 0 0 0 0 0 0 0 1 0 0 0 0 0 0 0 0 0 0]	2026-08-16_02-53-21	[0]	2026-08-16_02-53-21
6	2026-08-16_02-53-21	-1.0	2026-08-16_02-53-21	10.29842758178711	2026-08-16_02-53-21	1.0576171875	2026-08-16_02-53-21	1.2245935201644897	2026-08-16_02-53-21	3.96517014503479	2026-08-16_02-53-21	4.051045894622803	2026-08-16_02-53-21	True	2026-08-16_02-53-21	[0 1 0 0 1]	2026-08-16_02-53-21	[0 0 0 0 0]	2026-08-16_02-53-21	[0 0 0 0 0 1 0 0 0 0 0 0 0 0 0 0 0 0 0 0 0 0 0 1 0 0 0 0 0 0 0 0 0 0 0 0 0 0 0 0 0 0 0 0 0 0 0 0 0 0 0 1 0 0 0 0 0 0 0 0 0 0 0 0 0 0 0 0 0 0 0 0 0]	2026-08-16_02-53-21	[0 0 0 0 1 0 0 0 0 0 0 0 0 0 0 0 0 0 0 0 0 0 0 0 0 0 0 0 0 0 0 0 0 0 0 0 0 0 0 0 0 0 0 0 0 0 0 0 0 0 0 0 0 0 0 0 0 0 0 0 0 0 1 0 0 0 0 0 0 0 0 0 0]	2026-08-16_02-53-21	[0]	2026-08-16_02-53-21	[0 1 0 0 1]	2026-08-16_02-53-21	[0 0 0 0 0]	2026-08-16_02-53-21	[0 0 0 0 0 0 0 0 0 0 0 0 0 0 0 0 0 0 0 0 0 0 0 1 0 0 0 0 0 0 0 0 0 0 0 0 0 0 0 0 0 0 0 0 0 0 0 0 0 0 0 1 0 0 0 0 0 0 0 0 0 0 0 0 0 0 0 0 0 0 0 0 0]	2026-08-16_02-53-21	[0 0 0 0 1 0 0 0 0 0 0 0 0 0 0 0 0 0 0 1 0 0 0 0 0 0 0 0 0 0 0 0 0 0 0 0 0 0 0 0 0 0 0 0 0 0 0 0 0 0 0 0 0 0 0 0 0 0 0 0 0 0 1 0 0 0 0 0 0 0 0 0 0]	2026-08-16_02-53-21	[0]	2026-08-16_02-53-21
6	2026-08-16_02-53-21	-1.0	2026-08-16_02-53-21	10.26888370513916	2026-08-16_02-53-21	1.0247366428375244	2026-08-16_02-53-21	1.2213068008422852	2026-08-16_02-53-21	3.9598536491394043	2026-08-16_02-53-21	4.062986373901367	2026-08-16_02-53-21	True	2026-08-16_02-53-21	[0 1 0 0 1]	2026-08-16_02-53-21	[0 0 0 0 0]	2026-08-16_02-53-21	[0 0 0 0 0 0 0 0 0 0 0 0 0 0 0 0 0 0 0 0 0 0 0 1 0 0 0 0 0 0 0 0 0 0 0 0 0 0 0 0 0 0 0 0 0 0 0 0 0 0 0 1 0 0 0 0 0 0 0 0 0 0 0 0 0 0 0 0 0 0 0 0 0]	2026-08-16_02-53-21	[0 0 0 0 1 0 0 0 0 0 0 0 0 0 0 0 0 0 0 1 0 0 0 0 0 0 0 0 0 0 0 0 0 0 0 0 0 0 0 0 0 0 0 0 0 0 0 0 0 0 0 0 0 0 0 0 0 0 0 0 0 0 1 0 0 0 0 0 0 0 0 0 0]	2026-08-16_02-53-21	[0]	2026-08-16_02-53-21	[0 1 0 0 1]	2026-08-16_02-53-21	[0 0 0 0 0]	2026-08-16_02-53-21	[0 0 0 0 0 1 0 0 0 0 0 0 0 0 0 0 0 0 0 0 0 0 0 1 0 0 0 0 0 0 0 0 0 0 0 0 0 0 0 0 0 0 0 0 0 0 0 0 0 0 0 1 0 0 0 0 0 0 0 0 0 0 0 0 0 0 0 0 0 0 0 0 0]	2026-08-16_02-53-21	[0 0 0 0 1 0 0 0 0 0 0 0 0 0 0 0 0 0 0 0 0 0 0 0 0 0 0 0 0 0 0 0 0 0 0 0 0 0 0 0 0 0 0 0 0 0 0 0 0 0 0 0 0 0 0 0 0 0 0 0 0 0 1 0 0 0 0 0 0 0 0 0 0]	2026-08-16_02-53-21	[0]	2026-08-16_02-53-21
6	2026-08-16_02-53-21	-1.0	2026-08-16_02-53-21	10.113815307617188	2026-08-16_02-53-21	0.9868258237838745	2026-08-16_02-53-21	1.1391751766204834	2026-08-16_02-53-21	3.955441474914551	2026-08-16_02-53-21	4.03237247467041	2026-08-16_02-53-21	True	2026-08-16_02-53-21	[0 1 0 0 1]	2026-08-16_02-53-21	[0 0 0 0 0]	2026-08-16_02-53-21	[0 0 0 0 0 1 0 0 0 0 0 0 0 0 0 0 0 0 0 0 0 0 0 1 0 0 0 0 0 0 0 0 0 0 0 0 0 0 0 0 0 0 0 0 0 0 0 0 0 0 0 1 0 0 0 0 0 0 0 0 0 0 0 0 0 0 0 0 0 0 0 0 0]	2026-08-16_02-53-21	[0 0 0 0 1 0 0 0 0 0 0 0 0 0 0 0 0 0 0 0 0 0 0 0 0 0 0 0 0 0 0 0 0 0 0 0 0 0 0 0 0 0 0 0 0 0 0 0 0 0 0 0 0 0 0 0 0 0 0 0 0 0 1 0 0 0 0 0 0 0 0 0 0]	2026-08-16_02-53-21	[0]	2026-08-16_02-53-21	[0 1 0 0 1]	2026-08-16_02-53-21	[0 0 0 0 0]	2026-08-16_02-53-21	[0 0 0 0 0 0 0 0 0 0 0 0 0 0 0 0 0 0 0 0 0 0 0 1 0 0 0 0 0 0 0 0 0 0 0 0 0 0 0 0 0 0 0 0 0 0 0 0 0 0 0 1 0 0 0 0 0 0 0 0 0 0 0 0 0 0 0 0 0 0 0 0 0]	2026-08-16_02-53-21	[0 0 0 0 1 0 0 0 0 0 0 0 0 0 0 0 0 0 0 1 0 0 0 0 0 0 0 0 0 0 0 0 0 0 0 0 0 0 0 0 0 0 0 0 0 0 0 0 0 0 0 0 0 0 0 0 0 0 0 0 0 0 1 0 0 0 0 0 0 0 0 0 0]	2026-08-16_02-53-21	[0]	2026-08-16_02-53-21
6	2026-08-16_02-53-21	-1.0	2026-08-16_02-53-21	10.318379402160645	2026-08-16_02-53-21	1.0573256015777588	2026-08-16_02-53-21	1.2543343305587769	2026-08-16_02-53-21	3.9540889263153076	2026-08-16_02-53-21	4.052630424499512	2026-08-16_02-53-21	True	2026-08-16_02-53-21	[0 1 0 0 1]	2026-08-16_02-53-21	[0 0 0 0 0]	2026-08-16_02-53-21	[0 0 0 0 0 0 0 0 0 0 0 0 0 0 0 0 0 0 0 0 0 0 0 1 0 0 0 0 0 0 0 0 0 0 0 0 0 0 0 0 0 0 0 0 0 0 0 0 0 0 0 1 0 0 0 0 0 0 0 0 0 0 0 0 0 0 0 0 0 0 0 0 0]	2026-08-16_02-53-21	[0 0 0 0 1 0 0 0 0 0 0 0 0 0 0 0 0 0 0 1 0 0 0 0 0 0 0 0 0 0 0 0 0 0 0 0 0 0 0 0 0 0 0 0 0 0 0 0 0 0 0 0 0 0 0 0 0 0 0 0 0 0 1 0 0 0 0 0 0 0 0 0 0]	2026-08-16_02-53-21	[0]	2026-08-16_02-53-21	[0 1 0 0 1]	2026-08-16_02-53-21	[0 0 0 0 0]	2026-08-16_02-53-21	[0 0 0 0 0 1 0 0 0 0 0 0 0 0 0 0 0 0 0 0 0 0 0 1 0 0 0 0 0 0 0 0 0 0 0 0 0 0 0 0 0 0 0 0 0 0 0 0 0 0 0 1 0 0 0 0 0 0 0 0 0 0 0 0 0 0 0 0 0 0 0 0 0]	2026-08-16_02-53-21	[0 0 0 0 1 0 0 0 0 0 0 0 0 0 0 0 0 0 0 0 0 0 0 0 0 0 0 0 0 0 0 0 0 0 0 0 0 0 0 0 0 0 0 0 0 0 0 0 0 0 0 0 0 0 0 0 0 0 0 0 0 0 1 0 0 0 0 0 0 0 0 0 0]	2026-08-16_02-53-21	[0]	2026-08-16_02-53-21
6	2026-08-16_02-53-21	-1.0	2026-08-16_02-53-21	10.229951858520508	2026-08-16_02-53-21	1.0468674898147583	2026-08-16_02-53-21	1.2094230651855469	2026-08-16_02-53-21	3.930952787399292	2026-08-16_02-53-21	4.042707920074463	2026-08-16_02-53-21	True	2026-08-16_02-53-21	[0 1 0 0 1]	2026-08-16_02-53-21	[0 0 0 0 0]	2026-08-16_02-53-21	[0 0 0 0 0 1 0 0 0 0 0 0 0 0 0 0 0 0 0 0 0 0 0 1 0 0 0 0 0 0 0 0 0 0 0 0 0 0 0 0 0 0 0 0 0 0 0 0 0 0 0 1 0 0 0 0 0 0 0 0 0 0 0 0 0 0 0 0 0 0 0 0 0]	2026-08-16_02-53-21	[0 0 0 0 1 0 0 0 0 0 0 0 0 0 0 0 0 0 0 0 0 0 0 0 0 0 0 0 0 0 0 0 0 0 0 0 0 0 0 0 0 0 0 0 0 0 0 0 0 0 0 0 0 0 0 0 0 0 0 0 0 0 1 0 0 0 0 0 0 0 0 0 0]	2026-08-16_02-53-21	[0]	2026-08-16_02-53-21	[0 1 0 0 1]	2026-08-16_02-53-21	[0 0 0 0 0]	2026-08-16_02-53-21	[0 0 0 0 0 0 0 0 0 0 0 0 0 0 0 0 0 0 0 0 0 0 0 1 0 0 0 0 0 0 0 0 0 0 0 0 0 0 0 0 0 0 0 0 0 0 0 0 0 0 0 1 0 0 0 0 0 0 0 0 0 0 0 0 0 0 0 0 0 0 0 0 0]	2026-08-16_02-53-21	[0 0 0 0 1 0 0 0 0 0 0 0 0 0 0 0 0 0 0 1 0 0 0 0 0 0 0 0 0 0 0 0 0 0 0 0 0 0 0 0 0 0 0 0 0 0 0 0 0 0 0 0 0 0 0 0 0 0 0 0 0 0 1 0 0 0 0 0 0 0 0 0 0]	2026-08-16_02-53-21	[0]	2026-08-16_02-53-21
6	2026-08-16_02-53-21	-1.0	2026-08-16_02-53-21	10.336441040039062	2026-08-16_02-53-21	1.0473133325576782	2026-08-16_02-53-21	1.2555714845657349	2026-08-16_02-53-21	3.9686670303344727	2026-08-16_02-53-21	4.064888954162598	2026-08-16_02-53-21	True	2026-08-16_02-53-21	[0 1 0 0 1]	2026-08-16_02-53-21	[0 0 0 0 0]	2026-08-16_02-53-21	[0 0 0 0 0 0 0 0 0 0 0 0 0 0 0 0 0 0 0 0 0 0 0 1 0 0 0 0 0 0 0 0 0 0 0 0 0 0 0 0 0 0 0 0 0 0 0 0 0 0 0 1 0 0 0 0 0 0 0 0 0 0 0 0 0 0 0 0 0 0 0 0 0]	2026-08-16_02-53-21	[0 0 0 0 1 0 0 0 0 0 0 0 0 0 0 0 0 0 0 1 0 0 0 0 0 0 0 0 0 0 0 0 0 0 0 0 0 0 0 0 0 0 0 0 0 0 0 0 0 0 0 0 0 0 0 0 0 0 0 0 0 0 1 0 0 0 0 0 0 0 0 0 0]	2026-08-16_02-53-21	[0]	2026-08-16_02-53-21	[0 1 0 0 1]	2026-08-16_02-53-21	[0 0 0 0 0]	2026-08-16_02-53-21	[0 0 0 0 0 1 0 0 0 0 0 0 0 0 0 0 0 0 0 0 0 0 0 1 0 0 0 0 0 0 0 0 0 0 0 0 0 0 0 0 0 0 0 0 0 0 0 0 0 0 0 1 0 0 0 0 0 0 0 0 0 0 0 0 0 0 0 0 0 0 0 0 0]	2026-08-16_02-53-21	[0 0 0 0 1 0 0 0 0 0 0 0 0 0 0 0 0 0 0 0 0 0 0 0 0 0 0 0 0 0 0 0 0 0 0 0 0 0 0 0 0 0 0 0 0 0 0 0 0 0 0 0 0 0 0 0 0 0 0 0 0 0 1 0 0 0 0 0 0 0 0 0 0]	2026-08-16_02-53-21	[0]	2026-08-16_02-53-21
6	2026-08-16_02-53-21	-1.0	2026-08-16_02-53-21	10.313356399536133	2026-08-16_02-53-21	1.0452524423599243	2026-08-16_02-53-21	1.2634272575378418	2026-08-16_02-53-21	3.947202682495117	2026-08-16_02-53-21	4.057474136352539	2026-08-16_02-53-21	True	2026-08-16_02-53-21	[0 1 0 0 1]	2026-08-16_02-53-21	[0 0 0 0 0]	2026-08-16_02-53-21	[0 0 0 0 0 1 0 0 0 0 0 0 0 0 0 0 0 0 0 0 0 0 0 1 0 0 0 0 0 0 0 0 0 0 0 0 0 0 0 0 0 0 0 0 0 0 0 0 0 0 0 1 0 0 0 0 0 0 0 0 0 0 0 0 0 0 0 0 0 0 0 0 0]	2026-08-16_02-53-21	[0 0 0 0 1 0 0 0 0 0 0 0 0 0 0 0 0 0 0 0 0 0 0 0 0 0 0 0 0 0 0 0 0 0 0 0 0 0 0 0 0 0 0 0 0 0 0 0 0 0 0 0 0 0 0 0 0 0 0 0 0 0 1 0 0 0 0 0 0 0 0 0 0]	2026-08-16_02-53-21	[0]	2026-08-16_02-53-21	[0 1 0 0 1]	2026-08-16_02-53-21	[0 0 0 0 0]	2026-08-16_02-53-21	[0 0 0 0 0 0 0 0 0 0 0 0 0 0 0 0 0 0 0 0 0 0 0 1 0 0 0 0 0 0 0 0 0 0 0 0 0 0 0 0 0 0 0 0 0 0 0 0 0 0 0 1 0 0 0 0 0 0 0 0 0 0 0 0 0 0 0 0 0 0 0 0 0]	2026-08-16_02-53-21	[0 0 0 0 1 0 0 0 0 0 0 0 0 0 0 0 0 0 0 1 0 0 0 0 0 0 0 0 0 0 0 0 0 0 0 0 0 0 0 0 0 0 0 0 0 0 0 0 0 0 0 0 0 0 0 0 0 0 0 0 0 0 1 0 0 0 0 0 0 0 0 0 0]	2026-08-16_02-53-21	[0]	2026-08-16_02-53-21
6	2026-08-16_02-53-21	-1.0	2026-08-16_02-53-21	10.316718101501465	2026-08-16_02-53-21	1.0269640684127808	2026-08-16_02-53-21	1.2456928491592407	2026-08-16_02-53-21	3.973095417022705	2026-08-16_02-53-21	4.070965766906738	2026-08-16_02-53-21	True	2026-08-16_02-53-21	[0 1 0 0 1]	2026-08-16_02-53-21	[0 0 0 0 0]	2026-08-16_02-53-21	[0 0 0 0 0 0 0 0 0 0 0 0 0 0 0 0 0 0 0 0 0 0 0 1 0 0 0 0 0 0 0 0 0 0 0 0 0 0 0 0 0 0 0 0 0 0 0 0 0 0 0 1 0 0 0 0 0 0 0 0 0 0 0 0 0 0 0 0 0 0 0 0 0]	2026-08-16_02-53-21	[0 0 0 0 1 0 0 0 0 0 0 0 0 0 0 0 0 0 0 1 0 0 0 0 0 0 0 0 0 0 0 0 0 0 0 0 0 0 0 0 0 0 0 0 0 0 0 0 0 0 0 0 0 0 0 0 0 0 0 0 0 0 1 0 0 0 0 0 0 0 0 0 0]	2026-08-16_02-53-21	[0]	2026-08-16_02-53-21	[0 1 0 0 1]	2026-08-16_02-53-21	[0 0 0 0 0]	2026-08-16_02-53-21	[0 0 0 0 0 1 0 0 0 0 0 0 0 0 0 0 0 0 0 0 0 0 0 1 0 0 0 0 0 0 0 0 0 0 0 0 0 0 0 0 0 0 0 0 0 0 0 0 0 0 0 1 0 0 0 0 0 0 0 0 0 0 0 0 0 0 0 0 0 0 0 0 0]	2026-08-16_02-53-21	[0 0 0 0 1 0 0 0 0 0 0 0 0 0 0 0 0 0 0 0 0 0 0 0 0 0 0 0 0 0 0 0 0 0 0 0 0 0 0 0 0 0 0 0 0 0 0 0 0 0 0 0 0 0 0 0 0 0 0 0 0 0 1 0 0 0 0 0 0 0 0 0 0]	2026-08-16_02-53-21	[0]	2026-08-16_02-53-21
6	2026-08-16_02-53-21	-1.0	2026-08-16_02-53-21	10.266937255859375	2026-08-16_02-53-21	1.044985294342041	2026-08-16_02-53-21	1.223496913909912	2026-08-16_02-53-21	3.9440250396728516	2026-08-16_02-53-21	4.05443000793457	2026-08-16_02-53-21	True	2026-08-16_02-53-21	[0 1 0 0 1]	2026-08-16_02-53-21	[0 0 0 0 0]	2026-08-16_02-53-21	[0 0 0 0 0 1 0 0 0 0 0 0 0 0 0 0 0 0 0 0 0 0 0 1 0 0 0 0 0 0 0 0 0 0 0 0 0 0 0 0 0 0 0 0 0 0 0 0 0 0 0 1 0 0 0 0 0 0 0 0 0 0 0 0 0 0 0 0 0 0 0 0 0]	2026-08-16_02-53-21	[0 0 0 0 1 0 0 0 0 0 0 0 0 0 0 0 0 0 0 0 0 0 0 0 0 0 0 0 0 0 0 0 0 0 0 0 0 0 0 0 0 0 0 0 0 0 0 0 0 0 0 0 0 0 0 0 0 0 0 0 0 0 1 0 0 0 0 0 0 0 0 0 0]	2026-08-16_02-53-21	[0]	2026-08-16_02-53-21	[0 1 0 0 1]	2026-08-16_02-53-21	[0 0 0 0 0]	2026-08-16_02-53-21	[0 0 0 0 0 0 0 0 0 0 0 0 0 0 0 0 0 0 0 0 0 0 0 1 0 0 0 0 0 0 0 0 0 0 0 0 0 0 0 0 0 0 0 0 0 0 0 0 0 0 0 1 0 0 0 0 0 0 0 0 0 0 0 0 0 0 0 0 0 0 0 0 0]	2026-08-16_02-53-21	[0 0 0 0 1 0 0 0 0 0 0 0 0 0 0 0 0 0 0 1 0 0 0 0 0 0 0 0 0 0 0 0 0 0 0 0 0 0 0 0 0 0 0 0 0 0 0 0 0 0 0 0 0 0 0 0 0 0 0 0 0 0 1 0 0 0 0 0 0 0 0 0 0]	2026-08-16_02-53-21	[0]	2026-08-16_02-53-21
6	2026-08-16_02-53-21	-1.0	2026-08-16_02-53-21	10.387099266052246	2026-08-16_02-53-21	1.0681953430175781	2026-08-16_02-53-21	1.300331711769104	2026-08-16_02-53-21	3.952223539352417	2026-08-16_02-53-21	4.066349029541016	2026-08-16_02-53-21	True	2026-08-16_02-53-21	[0 1 0 0 1]	2026-08-16_02-53-21	[0 0 0 0 0]	2026-08-16_02-53-21	[0 0 0 0 0 0 0 0 0 0 0 0 0 0 0 0 0 0 0 0 0 0 0 1 0 0 0 0 0 0 0 0 0 0 0 0 0 0 0 0 0 0 0 0 0 0 0 0 0 0 0 1 0 0 0 0 0 0 0 0 0 0 0 0 0 0 0 0 0 0 0 0 0]	2026-08-16_02-53-21	[0 0 0 0 1 0 0 0 0 0 0 0 0 0 0 0 0 0 0 1 0 0 0 0 0 0 0 0 0 0 0 0 0 0 0 0 0 0 0 0 0 0 0 0 0 0 0 0 0 0 0 0 0 0 0 0 0 0 0 0 0 0 1 0 0 0 0 0 0 0 0 0 0]	2026-08-16_02-53-21	[0]	2026-08-16_02-53-21	[0 1 0 0 1]	2026-08-16_02-53-21	[0 0 0 0 0]	2026-08-16_02-53-21	[0 0 0 0 0 1 0 0 0 0 0 0 0 0 0 0 0 0 0 0 0 0 0 1 0 0 0 0 0 0 0 0 0 0 0 0 0 0 0 0 0 0 0 0 0 0 0 0 0 0 0 1 0 0 0 0 0 0 0 0 0 0 0 0 0 0 0 0 0 0 0 0 0]	2026-08-16_02-53-21	[0 0 0 0 1 0 0 0 0 0 0 0 0 0 0 0 0 0 0 0 0 0 0 0 0 0 0 0 0 0 0 0 0 0 0 0 0 0 0 0 0 0 0 0 0 0 0 0 0 0 0 0 0 0 0 0 0 0 0 0 0 0 1 0 0 0 0 0 0 0 0 0 0]	2026-08-16_02-53-21	[0]	2026-08-16_02-53-21
6	2026-08-16_02-53-21	-1.0	2026-08-16_02-53-21	10.22425651550293	2026-08-16_02-53-21	1.032934308052063	2026-08-16_02-53-21	1.1964702606201172	2026-08-16_02-53-21	3.9450266361236572	2026-08-16_02-53-21	4.049825668334961	2026-08-16_02-53-21	True	2026-08-16_02-53-21	[0 1 0 0 1]	2026-08-16_02-53-21	[0 0 0 0 0]	2026-08-16_02-53-21	[0 0 0 0 0 1 0 0 0 0 0 0 0 0 0 0 0 0 0 0 0 0 0 1 0 0 0 0 0 0 0 0 0 0 0 0 0 0 0 0 0 0 0 0 0 0 0 0 0 0 0 1 0 0 0 0 0 0 0 0 0 0 0 0 0 0 0 0 0 0 0 0 0]	2026-08-16_02-53-21	[0 0 0 0 1 0 0 0 0 0 0 0 0 0 0 0 0 0 0 0 0 0 0 0 0 0 0 0 0 0 0 0 0 0 0 0 0 0 0 0 0 0 0 0 0 0 0 0 0 0 0 0 0 0 0 0 0 0 0 0 0 0 1 0 0 0 0 0 0 0 0 0 0]	2026-08-16_02-53-21	[0]	2026-08-16_02-53-21	[0 1 0 0 1]	2026-08-16_02-53-21	[0 0 0 0 0]	2026-08-16_02-53-21	[0 0 0 0 0 0 0 0 0 0 0 0 0 0 0 0 0 0 0 0 0 0 0 1 0 0 0 0 0 0 0 0 0 0 0 0 0 0 0 0 0 0 0 0 0 0 0 0 0 0 0 1 0 0 0 0 0 0 0 0 0 0 0 0 0 0 0 0 0 0 0 0 0]	2026-08-16_02-53-21	[0 0 0 0 1 0 0 0 0 0 0 0 0 0 0 0 0 0 0 1 0 0 0 0 0 0 0 0 0 0 0 0 0 0 0 0 0 0 0 0 0 0 0 0 0 0 0 0 0 0 0 0 0 0 0 0 0 0 0 0 0 0 1 0 0 0 0 0 0 0 0 0 0]	2026-08-16_02-53-21	[0]	2026-08-16_02-53-21
6	2026-08-16_02-53-21	-1.0	2026-08-16_02-53-21	10.303017616271973	2026-08-16_02-53-21	1.0274804830551147	2026-08-16_02-53-21	1.2274130582809448	2026-08-16_02-53-21	3.986377716064453	2026-08-16_02-53-21	4.061746597290039	2026-08-16_02-53-21	True	2026-08-16_02-53-21	[0 1 0 0 1]	2026-08-16_02-53-21	[0 0 0 0 0]	2026-08-16_02-53-21	[0 0 0 0 0 0 0 0 0 0 0 0 0 0 0 0 0 0 0 0 0 0 0 1 0 0 0 0 0 0 0 0 0 0 0 0 0 0 0 0 0 0 0 0 0 0 0 0 0 0 0 1 0 0 0 0 0 0 0 0 0 0 0 0 0 0 0 0 0 0 0 0 0]	2026-08-16_02-53-21	[0 0 0 0 1 0 0 0 0 0 0 0 0 0 0 0 0 0 0 1 0 0 0 0 0 0 0 0 0 0 0 0 0 0 0 0 0 0 0 0 0 0 0 0 0 0 0 0 0 0 0 0 0 0 0 0 0 0 0 0 0 0 1 0 0 0 0 0 0 0 0 0 0]	2026-08-16_02-53-21	[0]	2026-08-16_02-53-21	[0 1 0 0 1]	2026-08-16_02-53-21	[0 0 0 0 0]	2026-08-16_02-53-21	[0 0 0 0 0 1 0 0 0 0 0 0 0 0 0 0 0 0 0 0 0 0 0 1 0 0 0 0 0 0 0 0 0 0 0 0 0 0 0 0 0 0 0 0 0 0 0 0 0 0 0 1 0 0 0 0 0 0 0 0 0 0 0 0 0 0 0 0 0 0 0 0 0]	2026-08-16_02-53-21	[0 0 0 0 1 0 0 0 0 0 0 0 0 0 0 0 0 0 0 0 0 0 0 0 0 0 0 0 0 0 0 0 0 0 0 0 0 0 0 0 0 0 0 0 0 0 0 0 0 0 0 0 0 0 0 0 0 0 0 0 0 0 1 0 0 0 0 0 0 0 0 0 0]	2026-08-16_02-53-21	[0]	2026-08-16_02-53-21
6	2026-08-16_02-53-21	-1.0	2026-08-16_02-53-21	10.158060073852539	2026-08-16_02-53-21	1.0018213987350464	2026-08-16_02-53-21	1.1665054559707642	2026-08-16_02-53-21	3.9449069499969482	2026-08-16_02-53-21	4.044826030731201	2026-08-16_02-53-21	True	2026-08-16_02-53-21	[0 1 0 0 1]	2026-08-16_02-53-21	[0 0 0 0 0]	2026-08-16_02-53-21	[0 0 0 0 0 1 0 0 0 0 0 0 0 0 0 0 0 0 0 0 0 0 0 1 0 0 0 0 0 0 0 0 0 0 0 0 0 0 0 0 0 0 0 0 0 0 0 0 0 0 0 1 0 0 0 0 0 0 0 0 0 0 0 0 0 0 0 0 0 0 0 0 0]	2026-08-16_02-53-21	[0 0 0 0 1 0 0 0 0 0 0 0 0 0 0 0 0 0 0 0 0 0 0 0 0 0 0 0 0 0 0 0 0 0 0 0 0 0 0 0 0 0 0 0 0 0 0 0 0 0 0 0 0 0 0 0 0 0 0 0 0 0 1 0 0 0 0 0 0 0 0 0 0]	2026-08-16_02-53-21	[0]	2026-08-16_02-53-21	[0 1 0 0 1]	2026-08-16_02-53-21	[0 0 0 0 0]	2026-08-16_02-53-21	[0 0 0 0 0 0 0 0 0 0 0 0 0 0 0 0 0 0 0 0 0 0 0 1 0 0 0 0 0 0 0 0 0 0 0 0 0 0 0 0 0 0 0 0 0 0 0 0 0 0 0 1 0 0 0 0 0 0 0 0 0 0 0 0 0 0 0 0 0 0 0 0 0]	2026-08-16_02-53-21	[0 0 0 0 1 0 0 0 0 0 0 0 0 0 0 0 0 0 0 1 0 0 0 0 0 0 0 0 0 0 0 0 0 0 0 0 0 0 0 0 0 0 0 0 0 0 0 0 0 0 0 0 0 0 0 0 0 0 0 0 0 0 1 0 0 0 0 0 0 0 0 0 0]	2026-08-16_02-53-21	[0]	2026-08-16_02-53-21
6	2026-08-16_02-53-21	-1.0	2026-08-16_02-53-21	10.421449661254883	2026-08-16_02-53-21	1.0597246885299683	2026-08-16_02-53-21	1.286142349243164	2026-08-16_02-53-21	3.9898104667663574	2026-08-16_02-53-21	4.085771560668945	2026-08-16_02-53-21	True	2026-08-16_02-53-21	[0 1 0 0 1]	2026-08-16_02-53-21	[0 0 0 0 0]	2026-08-16_02-53-21	[0 0 0 0 0 0 0 0 0 0 0 0 0 0 0 0 0 0 0 0 0 0 0 1 0 0 0 0 0 0 0 0 0 0 0 0 0 0 0 0 0 0 0 0 0 0 0 0 0 0 0 1 0 0 0 0 0 0 0 0 0 0 0 0 0 0 0 0 0 0 0 0 0]	2026-08-16_02-53-21	[0 0 0 0 1 0 0 0 0 0 0 0 0 0 0 0 0 0 0 1 0 0 0 0 0 0 0 0 0 0 0 0 0 0 0 0 0 0 0 0 0 0 0 0 0 0 0 0 0 0 0 0 0 0 0 0 0 0 0 0 0 0 1 0 0 0 0 0 0 0 0 0 0]	2026-08-16_02-53-21	[0]	2026-08-16_02-53-21	[0 1 0 0 1]	2026-08-16_02-53-21	[0 0 0 0 0]	2026-08-16_02-53-21	[0 0 0 0 0 1 0 0 0 0 0 0 0 0 0 0 0 0 0 0 0 0 0 1 0 0 0 0 0 0 0 0 0 0 0 0 0 0 0 0 0 0 0 0 0 0 0 0 0 0 0 1 0 0 0 0 0 0 0 0 0 0 0 0 0 0 0 0 0 0 0 0 0]	2026-08-16_02-53-21	[0 0 0 0 1 0 0 0 0 0 0 0 0 0 0 0 0 0 0 0 0 0 0 0 0 0 0 0 0 0 0 0 0 0 0 0 0 0 0 0 0 0 0 0 0 0 0 0 0 0 0 0 0 0 0 0 0 0 0 0 0 0 1 0 0 0 0 0 0 0 0 0 0]	2026-08-16_02-53-21	[0]	2026-08-16_02-53-21
6	2026-08-16_02-53-21	-1.0	2026-08-16_02-53-21	10.234046936035156	2026-08-16_02-53-21	1.033251404762268	2026-08-16_02-53-21	1.2143323421478271	2026-08-16_02-53-21	3.9405651092529297	2026-08-16_02-53-21	4.045897483825684	2026-08-16_02-53-21	True	2026-08-16_02-53-21	[0 1 0 0 1]	2026-08-16_02-53-21	[0 0 0 0 0]	2026-08-16_02-53-21	[0 0 0 0 0 1 0 0 0 0 0 0 0 0 0 0 0 0 0 0 0 0 0 1 0 0 0 0 0 0 0 0 0 0 0 0 0 0 0 0 0 0 0 0 0 0 0 0 0 0 0 1 0 0 0 0 0 0 0 0 0 0 0 0 0 0 0 0 0 0 0 0 0]	2026-08-16_02-53-21	[0 0 0 0 1 0 0 0 0 0 0 0 0 0 0 0 0 0 0 0 0 0 0 0 0 0 0 0 0 0 0 0 0 0 0 0 0 0 0 0 0 0 0 0 0 0 0 0 0 0 0 0 0 0 0 0 0 0 0 0 0 0 1 0 0 0 0 0 0 0 0 0 0]	2026-08-16_02-53-21	[0]	2026-08-16_02-53-21	[0 1 0 0 1]	2026-08-16_02-53-21	[0 0 0 0 0]	2026-08-16_02-53-21	[0 0 0 0 0 0 0 0 0 0 0 0 0 0 0 0 0 0 0 0 0 0 0 1 0 0 0 0 0 0 0 0 0 0 0 0 0 0 0 0 0 0 0 0 0 0 0 0 0 0 0 1 0 0 0 0 0 0 0 0 0 0 0 0 0 0 0 0 0 0 0 0 0]	2026-08-16_02-53-21	[0 0 0 0 1 0 0 0 0 0 0 0 0 0 0 0 0 0 0 1 0 0 0 0 0 0 0 0 0 0 0 0 0 0 0 0 0 0 0 0 0 0 0 0 0 0 0 0 0 0 0 0 0 0 0 0 0 0 0 0 0 0 1 0 0 0 0 0 0 0 0 0 0]	2026-08-16_02-53-21	[0]	2026-08-16_02-53-21
6	2026-08-16_02-53-21	-1.0	2026-08-16_02-53-21	10.405960083007812	2026-08-16_02-53-21	1.0519956350326538	2026-08-16_02-53-21	1.297468662261963	2026-08-16_02-53-21	3.9668798446655273	2026-08-16_02-53-21	4.089615345001221	2026-08-16_02-53-21	True	2026-08-16_02-53-21	[0 1 0 0 1]	2026-08-16_02-53-21	[0 0 0 0 0]	2026-08-16_02-53-21	[0 0 0 0 0 0 0 0 0 0 0 0 0 0 0 0 0 0 0 0 0 0 0 1 0 0 0 0 0 0 0 0 0 0 0 0 0 0 0 0 0 0 0 0 0 0 0 0 0 0 0 1 0 0 0 0 0 0 0 0 0 0 0 0 0 0 0 0 0 0 0 0 0]	2026-08-16_02-53-21	[0 0 0 0 1 0 0 0 0 0 0 0 0 0 0 0 0 0 0 1 0 0 0 0 0 0 0 0 0 0 0 0 0 0 0 0 0 0 0 0 0 0 0 0 0 0 0 0 0 0 0 0 0 0 0 0 0 0 0 0 0 0 1 0 0 0 0 0 0 0 0 0 0]	2026-08-16_02-53-21	[0]	2026-08-16_02-53-21	[0 1 0 0 1]	2026-08-16_02-53-21	[0 0 0 0 0]	2026-08-16_02-53-21	[0 0 0 0 0 1 0 0 0 0 0 0 0 0 0 0 0 0 0 0 0 0 0 1 0 0 0 0 0 0 0 0 0 0 0 0 0 0 0 0 0 0 0 0 0 0 0 0 0 0 0 1 0 0 0 0 0 0 0 0 0 0 0 0 0 0 0 0 0 0 0 0 0]	2026-08-16_02-53-21	[0 0 0 0 1 0 0 0 0 0 0 0 0 0 0 0 0 0 0 0 0 0 0 0 0 0 0 0 0 0 0 0 0 0 0 0 0 0 0 0 0 0 0 0 0 0 0 0 0 0 0 0 0 0 0 0 0 0 0 0 0 0 1 0 0 0 0 0 0 0 0 0 0]	2026-08-16_02-53-21	[0]	2026-08-16_02-53-21
6	2026-08-16_02-53-21	-1.0	2026-08-16_02-53-21	10.238912582397461	2026-08-16_02-53-21	1.0182807445526123	2026-08-16_02-53-21	1.2186387777328491	2026-08-16_02-53-21	3.9424450397491455	2026-08-16_02-53-21	4.059548854827881	2026-08-16_02-53-21	True	2026-08-16_02-53-21	[0 1 0 0 1]	2026-08-16_02-53-21	[0 0 0 0 0]	2026-08-16_02-53-21	[0 0 0 0 0 1 0 0 0 0 0 0 0 0 0 0 0 0 0 0 0 0 0 1 0 0 0 0 0 0 0 0 0 0 0 0 0 0 0 0 0 0 0 0 0 0 0 0 0 0 0 1 0 0 0 0 0 0 0 0 0 0 0 0 0 0 0 0 0 0 0 0 0]	2026-08-16_02-53-21	[0 0 0 0 1 0 0 0 0 0 0 0 0 0 0 0 0 0 0 0 0 0 0 0 0 0 0 0 0 0 0 0 0 0 0 0 0 0 0 0 0 0 0 0 0 0 0 0 0 0 0 0 0 0 0 0 0 0 0 0 0 0 1 0 0 0 0 0 0 0 0 0 0]	2026-08-16_02-53-21	[0]	2026-08-16_02-53-21	[0 1 0 0 1]	2026-08-16_02-53-21	[0 0 0 0 0]	2026-08-16_02-53-21	[0 0 0 0 0 0 0 0 0 0 0 0 0 0 0 0 0 0 0 0 0 0 0 1 0 0 0 0 0 0 0 0 0 0 0 0 0 0 0 0 0 0 0 0 0 0 0 0 0 0 0 1 0 0 0 0 0 0 0 0 0 0 0 0 0 0 0 0 0 0 0 0 0]	2026-08-16_02-53-21	[0 0 0 0 1 0 0 0 0 0 0 0 0 0 0 0 0 0 0 1 0 0 0 0 0 0 0 0 0 0 0 0 0 0 0 0 0 0 0 0 0 0 0 0 0 0 0 0 0 0 0 0 0 0 0 0 0 0 0 0 0 0 1 0 0 0 0 0 0 0 0 0 0]	2026-08-16_02-53-21	[0]	2026-08-16_02-53-21
6	2026-08-16_02-53-21	-1.0	2026-08-16_02-53-21	10.278066635131836	2026-08-16_02-53-21	1.0096491575241089	2026-08-16_02-53-21	1.2166998386383057	2026-08-16_02-53-21	3.9841954708099365	2026-08-16_02-53-21	4.0675225257873535	2026-08-16_02-53-21	True	2026-08-16_02-53-21	[0 1 0 0 1]	2026-08-16_02-53-21	[0 0 0 0 0]	2026-08-16_02-53-21	[0 0 0 0 0 0 0 0 0 0 0 0 0 0 0 0 0 0 0 0 0 0 0 1 0 0 0 0 0 0 0 0 0 0 0 0 0 0 0 0 0 0 0 0 0 0 0 0 0 0 0 1 0 0 0 0 0 0 0 0 0 0 0 0 0 0 0 0 0 0 0 0 0]	2026-08-16_02-53-21	[0 0 0 0 1 0 0 0 0 0 0 0 0 0 0 0 0 0 0 1 0 0 0 0 0 0 0 0 0 0 0 0 0 0 0 0 0 0 0 0 0 0 0 0 0 0 0 0 0 0 0 0 0 0 0 0 0 0 0 0 0 0 1 0 0 0 0 0 0 0 0 0 0]	2026-08-16_02-53-21	[0]	2026-08-16_02-53-21	[0 1 0 0 1]	2026-08-16_02-53-21	[0 0 0 0 0]	2026-08-16_02-53-21	[0 0 0 0 0 1 0 0 0 0 0 0 0 0 0 0 0 0 0 0 0 0 0 1 0 0 0 0 0 0 0 0 0 0 0 0 0 0 0 0 0 0 0 0 0 0 0 0 0 0 0 1 0 0 0 0 0 0 0 0 0 0 0 0 0 0 0 0 0 0 0 0 0]	2026-08-16_02-53-21	[0 0 0 0 1 0 0 0 0 0 0 0 0 0 0 0 0 0 0 0 0 0 0 0 0 0 0 0 0 0 0 0 0 0 0 0 0 0 0 0 0 0 0 0 0 0 0 0 0 0 0 0 0 0 0 0 0 0 0 0 0 0 1 0 0 0 0 0 0 0 0 0 0]	2026-08-16_02-53-21	[0]	2026-08-16_02-53-21
6	2026-08-16_02-53-21	-1.0	2026-08-16_02-53-21	10.422472953796387	2026-08-16_02-53-21	1.060611367225647	2026-08-16_02-53-21	1.2985867261886597	2026-08-16_02-53-21	3.983832359313965	2026-08-16_02-53-21	4.079442501068115	2026-08-16_02-53-21	True	2026-08-16_02-53-21	[0 1 0 0 1]	2026-08-16_02-53-21	[0 0 0 0 0]	2026-08-16_02-53-21	[0 0 0 0 0 1 0 0 0 0 0 0 0 0 0 0 0 0 0 0 0 0 0 1 0 0 0 0 0 0 0 0 0 0 0 0 0 0 0 0 0 0 0 0 0 0 0 0 0 0 0 1 0 0 0 0 0 0 0 0 0 0 0 0 0 0 0 0 0 0 0 0 0]	2026-08-16_02-53-21	[0 0 0 0 1 0 0 0 0 0 0 0 0 0 0 0 0 0 0 0 0 0 0 0 0 0 0 0 0 0 0 0 0 0 0 0 0 0 0 0 0 0 0 0 0 0 0 0 0 0 0 0 0 0 0 0 0 0 0 0 0 0 1 0 0 0 0 0 0 0 0 0 0]	2026-08-16_02-53-21	[0]	2026-08-16_02-53-21	[0 1 0 0 1]	2026-08-16_02-53-21	[0 0 0 0 0]	2026-08-16_02-53-21	[0 0 0 0 0 0 0 0 0 0 0 0 0 0 0 0 0 0 0 0 0 0 0 1 0 0 0 0 0 0 0 0 0 0 0 0 0 0 0 0 0 0 0 0 0 0 0 0 0 0 0 1 0 0 0 0 0 0 0 0 0 0 0 0 0 0 0 0 0 0 0 0 0]	2026-08-16_02-53-21	[0 0 0 0 1 0 0 0 0 0 0 0 0 0 0 0 0 0 0 1 0 0 0 0 0 0 0 0 0 0 0 0 0 0 0 0 0 0 0 0 0 0 0 0 0 0 0 0 0 0 0 0 0 0 0 0 0 0 0 0 0 0 1 0 0 0 0 0 0 0 0 0 0]	2026-08-16_02-53-21	[0]	2026-08-16_02-53-21
6	2026-08-16_02-53-21	-1.0	2026-08-16_02-53-21	10.285945892333984	2026-08-16_02-53-21	1.0283063650131226	2026-08-16_02-53-21	1.221539855003357	2026-08-16_02-53-21	3.972278594970703	2026-08-16_02-53-21	4.063821315765381	2026-08-16_02-53-21	True	2026-08-16_02-53-21	[0 1 0 0 1]	2026-08-16_02-53-21	[0 0 0 0 0]	2026-08-16_02-53-21	[0 0 0 0 0 0 0 0 0 0 0 0 0 0 0 0 0 0 0 0 0 0 0 1 0 0 0 0 0 0 0 0 0 0 0 0 0 0 0 0 0 0 0 0 0 0 0 0 0 0 0 1 0 0 0 0 0 0 0 0 0 0 0 0 0 0 0 0 0 0 0 0 0]	2026-08-16_02-53-21	[0 0 0 0 1 0 0 0 0 0 0 0 0 0 0 0 0 0 0 1 0 0 0 0 0 0 0 0 0 0 0 0 0 0 0 0 0 0 0 0 0 0 0 0 0 0 0 0 0 0 0 0 0 0 0 0 0 0 0 0 0 0 1 0 0 0 0 0 0 0 0 0 0]	2026-08-16_02-53-21	[0]	2026-08-16_02-53-21	[0 1 0 0 1]	2026-08-16_02-53-21	[0 0 0 0 0]	2026-08-16_02-53-21	[0 0 0 0 0 1 0 0 0 0 0 0 0 0 0 0 0 0 0 0 0 0 0 1 0 0 0 0 0 0 0 0 0 0 0 0 0 0 0 0 0 0 0 0 0 0 0 0 0 0 0 1 0 0 0 0 0 0 0 0 0 0 0 0 0 0 0 0 0 0 0 0 0]	2026-08-16_02-53-21	[0 0 0 0 1 0 0 0 0 0 0 0 0 0 0 0 0 0 0 0 0 0 0 0 0 0 0 0 0 0 0 0 0 0 0 0 0 0 0 0 0 0 0 0 0 0 0 0 0 0 0 0 0 0 0 0 0 0 0 0 0 0 1 0 0 0 0 0 0 0 0 0 0]	2026-08-16_02-53-21	[0]	2026-08-16_02-53-21
6	2026-08-16_02-53-21	-1.0	2026-08-16_02-53-21	10.324432373046875	2026-08-16_02-53-21	1.0422098636627197	2026-08-16_02-53-21	1.2653955221176147	2026-08-16_02-53-21	3.953713893890381	2026-08-16_02-53-21	4.063113212585449	2026-08-16_02-53-21	True	2026-08-16_02-53-21	[0 1 0 0 1]	2026-08-16_02-53-21	[0 0 0 0 0]	2026-08-16_02-53-21	[0 0 0 0 0 1 0 0 0 0 0 0 0 0 0 0 0 0 0 0 0 0 0 1 0 0 0 0 0 0 0 0 0 0 0 0 0 0 0 0 0 0 0 0 0 0 0 0 0 0 0 1 0 0 0 0 0 0 0 0 0 0 0 0 0 0 0 0 0 0 0 0 0]	2026-08-16_02-53-21	[0 0 0 0 1 0 0 0 0 0 0 0 0 0 0 0 0 0 0 0 0 0 0 0 0 0 0 0 0 0 0 0 0 0 0 0 0 0 0 0 0 0 0 0 0 0 0 0 0 0 0 0 0 0 0 0 0 0 0 0 0 0 1 0 0 0 0 0 0 0 0 0 0]	2026-08-16_02-53-21	[0]	2026-08-16_02-53-21	[0 1 0 0 1]	2026-08-16_02-53-21	[0 0 0 0 0]	2026-08-16_02-53-21	[0 0 0 0 0 0 0 0 0 0 0 0 0 0 0 0 0 0 0 0 0 0 0 1 0 0 0 0 0 0 0 0 0 0 0 0 0 0 0 0 0 0 0 0 0 0 0 0 0 0 0 1 0 0 0 0 0 0 0 0 0 0 0 0 0 0 0 0 0 0 0 0 0]	2026-08-16_02-53-21	[0 0 0 0 1 0 0 0 0 0 0 0 0 0 0 0 0 0 0 1 0 0 0 0 0 0 0 0 0 0 0 0 0 0 0 0 0 0 0 0 0 0 0 0 0 0 0 0 0 0 0 0 0 0 0 0 0 0 0 0 0 0 1 0 0 0 0 0 0 0 0 0 0]	2026-08-16_02-53-21	[0]	2026-08-16_02-53-21
6	2026-08-16_02-53-21	-1.0	2026-08-16_02-53-21	10.23869514465332	2026-08-16_02-53-21	0.9916641116142273	2026-08-16_02-53-21	1.205464243888855	2026-08-16_02-53-21	3.98441481590271	2026-08-16_02-53-21	4.057151794433594	2026-08-16_02-53-21	True	2026-08-16_02-53-21	[0 1 0 0 1]	2026-08-16_02-53-21	[0 0 0 0 0]	2026-08-16_02-53-21	[0 0 0 0 0 0 0 0 0 0 0 0 0 0 0 0 0 0 0 0 0 0 0 1 0 0 0 0 0 0 0 0 0 0 0 0 0 0 0 0 0 0 0 0 0 0 0 0 0 0 0 1 0 0 0 0 0 0 0 0 0 0 0 0 0 0 0 0 0 0 0 0 0]	2026-08-16_02-53-21	[0 0 0 0 1 0 0 0 0 0 0 0 0 0 0 0 0 0 0 1 0 0 0 0 0 0 0 0 0 0 0 0 0 0 0 0 0 0 0 0 0 0 0 0 0 0 0 0 0 0 0 0 0 0 0 0 0 0 0 0 0 0 1 0 0 0 0 0 0 0 0 0 0]	2026-08-16_02-53-21	[0]	2026-08-16_02-53-21	[0 1 0 0 1]	2026-08-16_02-53-21	[0 0 0 0 0]	2026-08-16_02-53-21	[0 0 0 0 0 1 0 0 0 0 0 0 0 0 0 0 0 0 0 0 0 0 0 1 0 0 0 0 0 0 0 0 0 0 0 0 0 0 0 0 0 0 0 0 0 0 0 0 0 0 0 1 0 0 0 0 0 0 0 0 0 0 0 0 0 0 0 0 0 0 0 0 0]	2026-08-16_02-53-21	[0 0 0 0 1 0 0 0 0 0 0 0 0 0 0 0 0 0 0 0 0 0 0 0 0 0 0 0 0 0 0 0 0 0 0 0 0 0 0 0 0 0 0 0 0 0 0 0 0 0 0 0 0 0 0 0 0 0 0 0 0 0 1 0 0 0 0 0 0 0 0 0 0]	2026-08-16_02-53-21	[0]	2026-08-16_02-53-21
6	2026-08-16_02-53-21	-1.0	2026-08-16_02-53-21	10.318403244018555	2026-08-16_02-53-21	1.0469298362731934	2026-08-16_02-53-21	1.2567472457885742	2026-08-16_02-53-21	3.950326919555664	2026-08-16_02-53-21	4.064398765563965	2026-08-16_02-53-21	True	2026-08-16_02-53-21	[0 1 0 0 1]	2026-08-16_02-53-21	[0 0 0 0 0]	2026-08-16_02-53-21	[0 0 0 0 0 1 0 0 0 0 0 0 0 0 0 0 0 0 0 0 0 0 0 1 0 0 0 0 0 0 0 0 0 0 0 0 0 0 0 0 0 0 0 0 0 0 0 0 0 0 0 1 0 0 0 0 0 0 0 0 0 0 0 0 0 0 0 0 0 0 0 0 0]	2026-08-16_02-53-21	[0 0 0 0 1 0 0 0 0 0 0 0 0 0 0 0 0 0 0 0 0 0 0 0 0 0 0 0 0 0 0 0 0 0 0 0 0 0 0 0 0 0 0 0 0 0 0 0 0 0 0 0 0 0 0 0 0 0 0 0 0 0 1 0 0 0 0 0 0 0 0 0 0]	2026-08-16_02-53-21	[0]	2026-08-16_02-53-21	[0 1 0 0 1]	2026-08-16_02-53-21	[0 0 0 0 0]	2026-08-16_02-53-21	[0 0 0 0 0 0 0 0 0 0 0 0 0 0 0 0 0 0 0 0 0 0 0 1 0 0 0 0 0 0 0 0 0 0 0 0 0 0 0 0 0 0 0 0 0 0 0 0 0 0 0 1 0 0 0 0 0 0 0 0 0 0 0 0 0 0 0 0 0 0 0 0 0]	2026-08-16_02-53-21	[0 0 0 0 1 0 0 0 0 0 0 0 0 0 0 0 0 0 0 1 0 0 0 0 0 0 0 0 0 0 0 0 0 0 0 0 0 0 0 0 0 0 0 0 0 0 0 0 0 0 0 0 0 0 0 0 0 0 0 0 0 0 1 0 0 0 0 0 0 0 0 0 0]	2026-08-16_02-53-21	[0]	2026-08-16_02-53-21
6	2026-08-16_02-53-21	-1.0	2026-08-16_02-53-21	10.387428283691406	2026-08-16_02-53-21	1.0516085624694824	2026-08-16_02-53-21	1.2839709520339966	2026-08-16_02-53-21	3.9779179096221924	2026-08-16_02-53-21	4.073930263519287	2026-08-16_02-53-21	True	2026-08-16_02-53-21	[0 1 0 0 1]	2026-08-16_02-53-21	[0 0 0 0 0]	2026-08-16_02-53-21	[0 0 0 0 0 0 0 0 0 0 0 0 0 0 0 0 0 0 0 0 0 0 0 1 0 0 0 0 0 0 0 0 0 0 0 0 0 0 0 0 0 0 0 0 0 0 0 0 0 0 0 1 0 0 0 0 0 0 0 0 0 0 0 0 0 0 0 0 0 0 0 0 0]	2026-08-16_02-53-21	[0 0 0 0 1 0 0 0 0 0 0 0 0 0 0 0 0 0 0 1 0 0 0 0 0 0 0 0 0 0 0 0 0 0 0 0 0 0 0 0 0 0 0 0 0 0 0 0 0 0 0 0 0 0 0 0 0 0 0 0 0 0 1 0 0 0 0 0 0 0 0 0 0]	2026-08-16_02-53-21	[0]	2026-08-16_02-53-21	[0 1 0 0 1]	2026-08-16_02-53-21	[0 0 0 0 0]	2026-08-16_02-53-21	[0 0 0 0 0 1 0 0 0 0 0 0 0 0 0 0 0 0 0 0 0 0 0 1 0 0 0 0 0 0 0 0 0 0 0 0 0 0 0 0 0 0 0 0 0 0 0 0 0 0 0 1 0 0 0 0 0 0 0 0 0 0 0 0 0 0 0 0 0 0 0 0 0]	2026-08-16_02-53-21	[0 0 0 0 1 0 0 0 0 0 0 0 0 0 0 0 0 0 0 0 0 0 0 0 0 0 0 0 0 0 0 0 0 0 0 0 0 0 0 0 0 0 0 0 0 0 0 0 0 0 0 0 0 0 0 0 0 0 0 0 0 0 1 0 0 0 0 0 0 0 0 0 0]	2026-08-16_02-53-21	[0]	2026-08-16_02-53-21
6	2026-08-16_02-53-21	-1.0	2026-08-16_02-53-21	10.267714500427246	2026-08-16_02-53-21	1.0380659103393555	2026-08-16_02-53-21	1.231062889099121	2026-08-16_02-53-21	3.9435739517211914	2026-08-16_02-53-21	4.055011749267578	2026-08-16_02-53-21	True	2026-08-16_02-53-21	[0 1 0 0 1]	2026-08-16_02-53-21	[0 0 0 0 0]	2026-08-16_02-53-21	[0 0 0 0 0 1 0 0 0 0 0 0 0 0 0 0 0 0 0 0 0 0 0 1 0 0 0 0 0 0 0 0 0 0 0 0 0 0 0 0 0 0 0 0 0 0 0 0 0 0 0 1 0 0 0 0 0 0 0 0 0 0 0 0 0 0 0 0 0 0 0 0 0]	2026-08-16_02-53-21	[0 0 0 0 1 0 0 0 0 0 0 0 0 0 0 0 0 0 0 0 0 0 0 0 0 0 0 0 0 0 0 0 0 0 0 0 0 0 0 0 0 0 0 0 0 0 0 0 0 0 0 0 0 0 0 0 0 0 0 0 0 0 1 0 0 0 0 0 0 0 0 0 0]	2026-08-16_02-53-21	[0]	2026-08-16_02-53-21	[0 1 0 0 1]	2026-08-16_02-53-21	[0 0 0 0 0]	2026-08-16_02-53-21	[0 0 0 0 0 0 0 0 0 0 0 0 0 0 0 0 0 0 0 0 0 0 0 1 0 0 0 0 0 0 0 0 0 0 0 0 0 0 0 0 0 0 0 0 0 0 0 0 0 0 0 1 0 0 0 0 0 0 0 0 0 0 0 0 0 0 0 0 0 0 0 0 0]	2026-08-16_02-53-21	[0 0 0 0 1 0 0 0 0 0 0 0 0 0 0 0 0 0 0 1 0 0 0 0 0 0 0 0 0 0 0 0 0 0 0 0 0 0 0 0 0 0 0 0 0 0 0 0 0 0 0 0 0 0 0 0 0 0 0 0 0 0 1 0 0 0 0 0 0 0 0 0 0]	2026-08-16_02-53-21	[0]	2026-08-16_02-53-21
6	2026-08-16_02-53-21	-1.0	2026-08-16_02-53-21	10.202951431274414	2026-08-16_02-53-21	0.9946538805961609	2026-08-16_02-53-21	1.180957317352295	2026-08-16_02-53-21	3.972632884979248	2026-08-16_02-53-21	4.054707050323486	2026-08-16_02-53-21	True	2026-08-16_02-53-21	[0 1 0 0 1]	2026-08-16_02-53-21	[0 0 0 0 0]	2026-08-16_02-53-21	[0 0 0 0 0 0 0 0 0 0 0 0 0 0 0 0 0 0 0 0 0 0 0 1 0 0 0 0 0 0 0 0 0 0 0 0 0 0 0 0 0 0 0 0 0 0 0 0 0 0 0 1 0 0 0 0 0 0 0 0 0 0 0 0 0 0 0 0 0 0 0 0 0]	2026-08-16_02-53-21	[0 0 0 0 1 0 0 0 0 0 0 0 0 0 0 0 0 0 0 1 0 0 0 0 0 0 0 0 0 0 0 0 0 0 0 0 0 0 0 0 0 0 0 0 0 0 0 0 0 0 0 0 0 0 0 0 0 0 0 0 0 0 1 0 0 0 0 0 0 0 0 0 0]	2026-08-16_02-53-21	[0]	2026-08-16_02-53-21	[0 1 0 0 1]	2026-08-16_02-53-21	[0 0 0 0 0]	2026-08-16_02-53-21	[0 0 0 0 0 1 0 0 0 0 0 0 0 0 0 0 0 0 0 0 0 0 0 1 0 0 0 0 0 0 0 0 0 0 0 0 0 0 0 0 0 0 0 0 0 0 0 0 0 0 0 1 0 0 0 0 0 0 0 0 0 0 0 0 0 0 0 0 0 0 0 0 0]	2026-08-16_02-53-21	[0 0 0 0 1 0 0 0 0 0 0 0 0 0 0 0 0 0 0 0 0 0 0 0 0 0 0 0 0 0 0 0 0 0 0 0 0 0 0 0 0 0 0 0 0 0 0 0 0 0 0 0 0 0 0 0 0 0 0 0 0 0 1 0 0 0 0 0 0 0 0 0 0]	2026-08-16_02-53-21	[0]	2026-08-16_02-53-21
6	2026-08-16_02-53-21	-1.0	2026-08-16_02-53-21	10.279609680175781	2026-08-16_02-53-21	1.0456242561340332	2026-08-16_02-53-21	1.2326655387878418	2026-08-16_02-53-21	3.945401191711426	2026-08-16_02-53-21	4.0559186935424805	2026-08-16_02-53-21	True	2026-08-16_02-53-21	[0 1 0 0 1]	2026-08-16_02-53-21	[0 0 0 0 0]	2026-08-16_02-53-21	[0 0 0 0 0 1 0 0 0 0 0 0 0 0 0 0 0 0 0 0 0 0 0 1 0 0 0 0 0 0 0 0 0 0 0 0 0 0 0 0 0 0 0 0 0 0 0 0 0 0 0 1 0 0 0 0 0 0 0 0 0 0 0 0 0 0 0 0 0 0 0 0 0]	2026-08-16_02-53-21	[0 0 0 0 1 0 0 0 0 0 0 0 0 0 0 0 0 0 0 0 0 0 0 0 0 0 0 0 0 0 0 0 0 0 0 0 0 0 0 0 0 0 0 0 0 0 0 0 0 0 0 0 0 0 0 0 0 0 0 0 0 0 1 0 0 0 0 0 0 0 0 0 0]	2026-08-16_02-53-21	[0]	2026-08-16_02-53-21	[0 1 0 0 1]	2026-08-16_02-53-21	[0 0 0 0 0]	2026-08-16_02-53-21	[0 0 0 0 0 0 0 0 0 0 0 0 0 0 0 0 0 0 0 0 0 0 0 1 0 0 0 0 0 0 0 0 0 0 0 0 0 0 0 0 0 0 0 0 0 0 0 0 0 0 0 1 0 0 0 0 0 0 0 0 0 0 0 0 0 0 0 0 0 0 0 0 0]	2026-08-16_02-53-21	[0 0 0 0 1 0 0 0 0 0 0 0 0 0 0 0 0 0 0 1 0 0 0 0 0 0 0 0 0 0 0 0 0 0 0 0 0 0 0 0 0 0 0 0 0 0 0 0 0 0 0 0 0 0 0 0 0 0 0 0 0 0 1 0 0 0 0 0 0 0 0 0 0]	2026-08-16_02-53-21	[0]	2026-08-16_02-53-21
6	2026-08-16_02-53-21	-1.0	2026-08-16_02-53-21	10.356904983520508	2026-08-16_02-53-21	1.0221823453903198	2026-08-16_02-53-21	1.2732101678848267	2026-08-16_02-53-21	3.982827663421631	2026-08-16_02-53-21	4.0786848068237305	2026-08-16_02-53-21	True	2026-08-16_02-53-21	[0 1 0 0 1]	2026-08-16_02-53-21	[0 0 0 0 0]	2026-08-16_02-53-21	[0 0 0 0 0 0 0 0 0 0 0 0 0 0 0 0 0 0 0 0 0 0 0 1 0 0 0 0 0 0 0 0 0 0 0 0 0 0 0 0 0 0 0 0 0 0 0 0 0 0 0 1 0 0 0 0 0 0 0 0 0 0 0 0 0 0 0 0 0 0 0 0 0]	2026-08-16_02-53-21	[0 0 0 0 1 0 0 0 0 0 0 0 0 0 0 0 0 0 0 1 0 0 0 0 0 0 0 0 0 0 0 0 0 0 0 0 0 0 0 0 0 0 0 0 0 0 0 0 0 0 0 0 0 0 0 0 0 0 0 0 0 0 1 0 0 0 0 0 0 0 0 0 0]	2026-08-16_02-53-21	[0]	2026-08-16_02-53-21	[0 1 0 0 1]	2026-08-16_02-53-21	[0 0 0 0 0]	2026-08-16_02-53-21	[0 0 0 0 0 1 0 0 0 0 0 0 0 0 0 0 0 0 0 0 0 0 0 1 0 0 0 0 0 0 0 0 0 0 0 0 0 0 0 0 0 0 0 0 0 0 0 0 0 0 0 1 0 0 0 0 0 0 0 0 0 0 0 0 0 0 0 0 0 0 0 0 0]	2026-08-16_02-53-21	[0 0 0 0 1 0 0 0 0 0 0 0 0 0 0 0 0 0 0 0 0 0 0 0 0 0 0 0 0 0 0 0 0 0 0 0 0 0 0 0 0 0 0 0 0 0 0 0 0 0 0 0 0 0 0 0 0 0 0 0 0 0 1 0 0 0 0 0 0 0 0 0 0]	2026-08-16_02-53-21	[0]	2026-08-16_02-53-21
6	2026-08-16_02-53-21	-1.0	2026-08-16_02-53-21	10.200263023376465	2026-08-16_02-53-21	1.0061447620391846	2026-08-16_02-53-21	1.189694881439209	2026-08-16_02-53-21	3.95621919631958	2026-08-16_02-53-21	4.04820442199707	2026-08-16_02-53-21	True	2026-08-16_02-53-21	[0 1 0 0 1]	2026-08-16_02-53-21	[0 0 0 0 0]	2026-08-16_02-53-21	[0 0 0 0 0 1 0 0 0 0 0 0 0 0 0 0 0 0 0 0 0 0 0 1 0 0 0 0 0 0 0 0 0 0 0 0 0 0 0 0 0 0 0 0 0 0 0 0 0 0 0 1 0 0 0 0 0 0 0 0 0 0 0 0 0 0 0 0 0 0 0 0 0]	2026-08-16_02-53-21	[0 0 0 0 1 0 0 0 0 0 0 0 0 0 0 0 0 0 0 0 0 0 0 0 0 0 0 0 0 0 0 0 0 0 0 0 0 0 0 0 0 0 0 0 0 0 0 0 0 0 0 0 0 0 0 0 0 0 0 0 0 0 1 0 0 0 0 0 0 0 0 0 0]	2026-08-16_02-53-21	[0]	2026-08-16_02-53-21	[0 1 0 0 1]	2026-08-16_02-53-21	[0 0 0 0 0]	2026-08-16_02-53-21	[0 0 0 0 0 0 0 0 0 0 0 0 0 0 0 0 0 0 0 0 0 0 0 1 0 0 0 0 0 0 0 0 0 0 0 0 0 0 0 0 0 0 0 0 0 0 0 0 0 0 0 1 0 0 0 0 0 0 0 0 0 0 0 0 0 0 0 0 0 0 0 0 0]	2026-08-16_02-53-21	[0 0 0 0 1 0 0 0 0 0 0 0 0 0 0 0 0 0 0 1 0 0 0 0 0 0 0 0 0 0 0 0 0 0 0 0 0 0 0 0 0 0 0 0 0 0 0 0 0 0 0 0 0 0 0 0 0 0 0 0 0 0 1 0 0 0 0 0 0 0 0 0 0]	2026-08-16_02-53-21	[0]	2026-08-16_02-53-21
6	2026-08-16_02-53-21	-1.0	2026-08-16_02-53-21	10.317195892333984	2026-08-16_02-53-21	1.0202723741531372	2026-08-16_02-53-21	1.2323925495147705	2026-08-16_02-53-21	3.989832878112793	2026-08-16_02-53-21	4.074697494506836	2026-08-16_02-53-21	True	2026-08-16_02-53-21	[0 1 0 0 1]	2026-08-16_02-53-21	[0 0 0 0 0]	2026-08-16_02-53-21	[0 0 0 0 0 0 0 0 0 0 0 0 0 0 0 0 0 0 0 0 0 0 0 1 0 0 0 0 0 0 0 0 0 0 0 0 0 0 0 0 0 0 0 0 0 0 0 0 0 0 0 1 0 0 0 0 0 0 0 0 0 0 0 0 0 0 0 0 0 0 0 0 0]	2026-08-16_02-53-21	[0 0 0 0 1 0 0 0 0 0 0 0 0 0 0 0 0 0 0 1 0 0 0 0 0 0 0 0 0 0 0 0 0 0 0 0 0 0 0 0 0 0 0 0 0 0 0 0 0 0 0 0 0 0 0 0 0 0 0 0 0 0 1 0 0 0 0 0 0 0 0 0 0]	2026-08-16_02-53-21	[0]	2026-08-16_02-53-21	[0 1 0 0 1]	2026-08-16_02-53-21	[0 0 0 0 0]	2026-08-16_02-53-21	[0 0 0 0 0 1 0 0 0 0 0 0 0 0 0 0 0 0 0 0 0 0 0 1 0 0 0 0 0 0 0 0 0 0 0 0 0 0 0 0 0 0 0 0 0 0 0 0 0 0 0 1 0 0 0 0 0 0 0 0 0 0 0 0 0 0 0 0 0 0 0 0 0]	2026-08-16_02-53-21	[0 0 0 0 1 0 0 0 0 0 0 0 0 0 0 0 0 0 0 0 0 0 0 0 0 0 0 0 0 0 0 0 0 0 0 0 0 0 0 0 0 0 0 0 0 0 0 0 0 0 0 0 0 0 0 0 0 0 0 0 0 0 1 0 0 0 0 0 0 0 0 0 0]	2026-08-16_02-53-21	[0]	2026-08-16_02-53-21
6	2026-08-16_02-53-21	-1.0	2026-08-16_02-53-21	10.205839157104492	2026-08-16_02-53-21	1.017094612121582	2026-08-16_02-53-21	1.1869254112243652	2026-08-16_02-53-21	3.9480772018432617	2026-08-16_02-53-21	4.053741455078125	2026-08-16_02-53-21	True	2026-08-16_02-53-21	[0 1 0 0 1]	2026-08-16_02-53-21	[0 0 0 0 0]	2026-08-16_02-53-21	[0 0 0 0 0 1 0 0 0 0 0 0 0 0 0 0 0 0 0 0 0 0 0 1 0 0 0 0 0 0 0 0 0 0 0 0 0 0 0 0 0 0 0 0 0 0 0 0 0 0 0 1 0 0 0 0 0 0 0 0 0 0 0 0 0 0 0 0 0 0 0 0 0]	2026-08-16_02-53-21	[0 0 0 0 1 0 0 0 0 0 0 0 0 0 0 0 0 0 0 0 0 0 0 0 0 0 0 0 0 0 0 0 0 0 0 0 0 0 0 0 0 0 0 0 0 0 0 0 0 0 0 0 0 0 0 0 0 0 0 0 0 0 1 0 0 0 0 0 0 0 0 0 0]	2026-08-16_02-53-21	[0]	2026-08-16_02-53-21	[0 1 0 0 1]	2026-08-16_02-53-21	[0 0 0 0 0]	2026-08-16_02-53-21	[0 0 0 0 0 0 0 0 0 0 0 0 0 0 0 0 0 0 0 0 0 0 0 1 0 0 0 0 0 0 0 0 0 0 0 0 0 0 0 0 0 0 0 0 0 0 0 0 0 0 0 1 0 0 0 0 0 0 0 0 0 0 0 0 0 0 0 0 0 0 0 0 0]	2026-08-16_02-53-21	[0 0 0 0 1 0 0 0 0 0 0 0 0 0 0 0 0 0 0 1 0 0 0 0 0 0 0 0 0 0 0 0 0 0 0 0 0 0 0 0 0 0 0 0 0 0 0 0 0 0 0 0 0 0 0 0 0 0 0 0 0 0 1 0 0 0 0 0 0 0 0 0 0]	2026-08-16_02-53-21	[0]	2026-08-16_02-53-21
6	2026-08-16_02-53-21	-1.0	2026-08-16_02-53-21	10.437166213989258	2026-08-16_02-53-21	1.0637664794921875	2026-08-16_02-53-21	1.3096787929534912	2026-08-16_02-53-21	3.9788784980773926	2026-08-16_02-53-21	4.084842205047607	2026-08-16_02-53-21	True	2026-08-16_02-53-21	[0 1 0 0 1]	2026-08-16_02-53-21	[0 0 0 0 0]	2026-08-16_02-53-21	[0 0 0 0 0 0 0 0 0 0 0 0 0 0 0 0 0 0 0 0 0 0 0 1 0 0 0 0 0 0 0 0 0 0 0 0 0 0 0 0 0 0 0 0 0 0 0 0 0 0 0 1 0 0 0 0 0 0 0 0 0 0 0 0 0 0 0 0 0 0 0 0 0]	2026-08-16_02-53-21	[0 0 0 0 1 0 0 0 0 0 0 0 0 0 0 0 0 0 0 1 0 0 0 0 0 0 0 0 0 0 0 0 0 0 0 0 0 0 0 0 0 0 0 0 0 0 0 0 0 0 0 0 0 0 0 0 0 0 0 0 0 0 1 0 0 0 0 0 0 0 0 0 0]	2026-08-16_02-53-21	[0]	2026-08-16_02-53-21	[0 1 0 0 1]	2026-08-16_02-53-21	[0 0 0 0 0]	2026-08-16_02-53-21	[0 0 0 0 0 1 0 0 0 0 0 0 0 0 0 0 0 0 0 0 0 0 0 1 0 0 0 0 0 0 0 0 0 0 0 0 0 0 0 0 0 0 0 0 0 0 0 0 0 0 0 1 0 0 0 0 0 0 0 0 0 0 0 0 0 0 0 0 0 0 0 0 0]	2026-08-16_02-53-21	[0 0 0 0 1 0 0 0 0 0 0 0 0 0 0 0 0 0 0 0 0 0 0 0 0 0 0 0 0 0 0 0 0 0 0 0 0 0 0 0 0 0 0 0 0 0 0 0 0 0 0 0 0 0 0 0 0 0 0 0 0 0 1 0 0 0 0 0 0 0 0 0 0]	2026-08-16_02-53-21	[0]	2026-08-16_02-53-21
6	2026-08-16_02-53-21	-1.0	2026-08-16_02-53-21	10.277746200561523	2026-08-16_02-53-21	1.018669843673706	2026-08-16_02-53-21	1.23599112033844	2026-08-16_02-53-21	3.959214210510254	2026-08-16_02-53-21	4.063871383666992	2026-08-16_02-53-21	True	2026-08-16_02-53-21	[0 1 0 0 1]	2026-08-16_02-53-21	[0 0 0 0 0]	2026-08-16_02-53-21	[0 0 0 0 0 1 0 0 0 0 0 0 0 0 0 0 0 0 0 0 0 0 0 1 0 0 0 0 0 0 0 0 0 0 0 0 0 0 0 0 0 0 0 0 0 0 0 0 0 0 0 1 0 0 0 0 0 0 0 0 0 0 0 0 0 0 0 0 0 0 0 0 0]	2026-08-16_02-53-21	[0 0 0 0 1 0 0 0 0 0 0 0 0 0 0 0 0 0 0 0 0 0 0 0 0 0 0 0 0 0 0 0 0 0 0 0 0 0 0 0 0 0 0 0 0 0 0 0 0 0 0 0 0 0 0 0 0 0 0 0 0 0 1 0 0 0 0 0 0 0 0 0 0]	2026-08-16_02-53-21	[0]	2026-08-16_02-53-21	[0 1 0 0 1]	2026-08-16_02-53-21	[0 0 0 0 0]	2026-08-16_02-53-21	[0 0 0 0 0 0 0 0 0 0 0 0 0 0 0 0 0 0 0 0 0 0 0 1 0 0 0 0 0 0 0 0 0 0 0 0 0 0 0 0 0 0 0 0 0 0 0 0 0 0 0 1 0 0 0 0 0 0 0 0 0 0 0 0 0 0 0 0 0 0 0 0 0]	2026-08-16_02-53-21	[0 0 0 0 1 0 0 0 0 0 0 0 0 0 0 0 0 0 0 1 0 0 0 0 0 0 0 0 0 0 0 0 0 0 0 0 0 0 0 0 0 0 0 0 0 0 0 0 0 0 0 0 0 0 0 0 0 0 0 0 0 0 1 0 0 0 0 0 0 0 0 0 0]	2026-08-16_02-53-21	[0]	2026-08-16_02-53-21
6	2026-08-16_02-53-21	-1.0	2026-08-16_02-53-21	10.464763641357422	2026-08-16_02-53-21	1.0632539987564087	2026-08-16_02-53-21	1.3310043811798096	2026-08-16_02-53-21	3.9816622734069824	2026-08-16_02-53-21	4.088842868804932	2026-08-16_02-53-21	True	2026-08-16_02-53-21	[0 1 0 0 1]	2026-08-16_02-53-21	[0 0 0 0 0]	2026-08-16_02-53-21	[0 0 0 0 0 0 0 0 0 0 0 0 0 0 0 0 0 0 0 0 0 0 0 1 0 0 0 0 0 0 0 0 0 0 0 0 0 0 0 0 0 0 0 0 0 0 0 0 0 0 0 1 0 0 0 0 0 0 0 0 0 0 0 0 0 0 0 0 0 0 0 0 0]	2026-08-16_02-53-21	[0 0 0 0 1 0 0 0 0 0 0 0 0 0 0 0 0 0 0 1 0 0 0 0 0 0 0 0 0 0 0 0 0 0 0 0 0 0 0 0 0 0 0 0 0 0 0 0 0 0 0 0 0 0 0 0 0 0 0 0 0 0 1 0 0 0 0 0 0 0 0 0 0]	2026-08-16_02-53-21	[0]	2026-08-16_02-53-21	[0 1 0 0 1]	2026-08-16_02-53-21	[0 0 0 0 0]	2026-08-16_02-53-21	[0 0 0 0 0 1 0 0 0 0 0 0 0 0 0 0 0 0 0 0 0 0 0 1 0 0 0 0 0 0 0 0 0 0 0 0 0 0 0 0 0 0 0 0 0 0 0 0 0 0 0 1 0 0 0 0 0 0 0 0 0 0 0 0 0 0 0 0 0 0 0 0 0]	2026-08-16_02-53-21	[0 0 0 0 1 0 0 0 0 0 0 0 0 0 0 0 0 0 0 0 0 0 0 0 0 0 0 0 0 0 0 0 0 0 0 0 0 0 0 0 0 0 0 0 0 0 0 0 0 0 0 0 0 0 0 0 0 0 0 0 0 0 1 0 0 0 0 0 0 0 0 0 0]	2026-08-16_02-53-21	[0]	2026-08-16_02-53-21
7	2026-08-16_04-46-46	-1.0	2026-08-16_04-46-46	11.580902099609375	2026-08-16_04-46-46	1.691925048828125	2026-08-16_04-46-46	1.7456258535385132	2026-08-16_04-46-46	4.131194591522217	2026-08-16_04-46-46	4.0121564865112305	2026-08-16_04-46-46	True	2026-08-16_04-46-46	[0 0 0 1 0]	2026-08-16_04-46-46	[1 0 0 0 0]	2026-08-16_04-46-46	[0 0 0 0 0 0 0 0 0 0 0 0 0 0 0 0 0 0 0 0 0 0 0 0 0 0 0 0 0 0 0 0 0 0 0 0 0 0 0 0 0 1 0 0 0 0 0 0 0 0 0 0 1 0 0 0 0 0 0 0 0 0 0 0 0 0 0 0 0 0 0 0 0]	2026-08-16_04-46-46	[0 0 0 0 0 0 0 0 0 0 0 0 0 0 0 0 0 0 0 0 0 0 0 0 0 0 0 0 0 0 0 0 0 0 0 0 0 0 0 0 0 0 0 0 0 0 0 0 0 0 0 0 0 0 0 0 0 0 0 0 0 0 0 0 0 0 0 0 0 0 0 0 0]	2026-08-16_04-46-46	[0]	2026-08-16_04-46-46	[0 0 0 1 0]	2026-08-16_04-46-46	[1 1 0 0 0]	2026-08-16_04-46-46	[0 0 0 0 0 1 0 0 0 0 0 0 0 0 0 0 0 0 0 0 0 0 0 0 0 0 0 0 0 0 0 0 0 0 0 0 0 0 0 0 0 1 0 0 0 0 0 0 0 0 0 0 1 0 0 0 0 0 0 0 0 0 0 0 0 0 0 0 0 0 0 0 0]	2026-08-16_04-46-46	[0 0 0 0 0 0 0 0 0 0 0 0 0 0 0 0 0 0 0 0 0 0 0 0 0 0 0 0 0 0 0 0 0 0 0 0 0 0 0 0 0 0 0 0 0 0 0 0 0 0 0 0 0 0 0 0 0 0 0 0 0 0 0 0 0 0 1 0 0 0 0 0 0]	2026-08-16_04-46-46	[0]	2026-08-16_04-46-46
7	2026-08-16_04-46-46	-1.0	2026-08-16_04-46-46	10.872623443603516	2026-08-16_04-46-46	1.4788841009140015	2026-08-16_04-46-46	1.437882900238037	2026-08-16_04-46-46	4.048289775848389	2026-08-16_04-46-46	3.907566547393799	2026-08-16_04-46-46	True	2026-08-16_04-46-46	[0 0 0 1 0]	2026-08-16_04-46-46	[1 1 0 0 0]	2026-08-16_04-46-46	[0 0 0 0 0 1 0 0 0 0 0 0 0 0 0 0 0 0 0 0 0 0 0 0 0 0 0 0 0 0 0 0 0 0 0 0 0 0 0 0 0 1 0 0 0 0 0 0 0 0 0 0 1 0 0 0 0 0 0 0 0 0 0 0 0 0 0 0 0 0 0 0 0]	2026-08-16_04-46-46	[0 0 0 0 0 0 0 0 0 0 0 0 0 0 0 0 0 0 0 0 0 0 0 0 0 0 0 0 0 0 0 0 0 0 0 0 0 0 0 0 0 0 0 0 0 0 0 0 0 0 0 0 0 0 0 0 0 0 0 0 0 0 0 0 0 0 1 0 0 0 0 0 0]	2026-08-16_04-46-46	[0]	2026-08-16_04-46-46	[0 0 0 1 0]	2026-08-16_04-46-46	[1 1 0 0 0]	2026-08-16_04-46-46	[0 0 0 0 0 1 0 0 0 0 0 0 0 0 0 0 0 0 0 0 0 0 0 0 0 0 0 0 0 0 0 0 0 0 0 0 0 0 0 0 0 1 0 0 0 0 0 0 0 0 0 1 1 0 0 0 0 0 0 0 0 0 0 0 0 0 0 0 0 0 0 0 0]	2026-08-16_04-46-46	[0 0 0 0 0 0 0 0 0 0 0 0 0 0 0 0 0 0 0 1 0 0 0 0 0 0 0 0 0 0 0 0 0 0 0 0 0 0 0 0 0 0 0 0 0 0 0 0 0 0 0 0 0 0 0 0 0 0 0 0 0 0 0 0 0 0 1 0 0 0 0 0 0]	2026-08-16_04-46-46	[0]	2026-08-16_04-46-46
7	2026-08-16_04-46-46	-1.0	2026-08-16_04-46-46	10.949369430541992	2026-08-16_04-46-46	1.5049591064453125	2026-08-16_04-46-46	1.4634857177734375	2026-08-16_04-46-46	4.05279541015625	2026-08-16_04-46-46	3.9281296730041504	2026-08-16_04-46-46	True	2026-08-16_04-46-46	[0 0 0 1 0]	2026-08-16_04-46-46	[1 1 0 0 0]	2026-08-16_04-46-46	[0 0 0 0 0 1 0 0 0 0 0 0 0 0 0 0 0 0 0 0 0 0 0 0 0 0 0 0 0 0 0 0 0 0 0 0 0 0 0 0 0 1 0 0 0 0 0 0 0 0 0 1 1 0 0 0 0 0 0 0 0 0 0 0 0 0 0 0 0 0 0 0 0]	2026-08-16_04-46-46	[0 0 0 0 0 0 0 0 0 0 0 0 0 0 0 0 0 0 0 1 0 0 0 0 0 0 0 0 0 0 0 0 0 0 0 0 0 0 0 0 0 0 0 0 0 0 0 0 0 0 0 0 0 0 0 0 0 0 0 0 0 0 0 0 0 0 1 0 0 0 0 0 0]	2026-08-16_04-46-46	[0]	2026-08-16_04-46-46	[0 0 0 1 0]	2026-08-16_04-46-46	[1 1 0 0 0]	2026-08-16_04-46-46	[0 0 0 0 0 1 0 0 0 0 0 0 0 0 0 0 0 0 0 0 0 0 0 0 0 0 0 0 0 0 0 0 0 0 0 0 0 0 0 0 0 1 0 0 0 0 0 0 0 0 0 0 1 0 0 0 0 0 0 0 0 0 0 0 0 0 0 0 0 0 0 0 0]	2026-08-16_04-46-46	[0 0 0 0 0 0 0 0 0 0 0 0 0 0 0 0 0 0 0 0 0 0 0 0 0 0 0 0 0 0 0 0 0 0 0 0 0 0 0 0 0 0 0 0 0 0 0 0 0 0 0 0 0 0 0 0 0 0 0 0 0 0 0 0 0 0 1 0 0 0 0 0 0]	2026-08-16_04-46-46	[0]	2026-08-16_04-46-46
7	2026-08-16_04-46-46	-1.0	2026-08-16_04-46-46	10.865187644958496	2026-08-16_04-46-46	1.4888030290603638	2026-08-16_04-46-46	1.4284223318099976	2026-08-16_04-46-46	4.041952133178711	2026-08-16_04-46-46	3.906010150909424	2026-08-16_04-46-46	True	2026-08-16_04-46-46	[0 0 0 1 0]	2026-08-16_04-46-46	[1 1 0 0 0]	2026-08-16_04-46-46	[0 0 0 0 0 1 0 0 0 0 0 0 0 0 0 0 0 0 0 0 0 0 0 0 0 0 0 0 0 0 0 0 0 0 0 0 0 0 0 0 0 1 0 0 0 0 0 0 0 0 0 0 1 0 0 0 0 0 0 0 0 0 0 0 0 0 0 0 0 0 0 0 0]	2026-08-16_04-46-46	[0 0 0 0 0 0 0 0 0 0 0 0 0 0 0 0 0 0 0 0 0 0 0 0 0 0 0 0 0 0 0 0 0 0 0 0 0 0 0 0 0 0 0 0 0 0 0 0 0 0 0 0 0 0 0 0 0 0 0 0 0 0 0 0 0 0 1 0 0 0 0 0 0]	2026-08-16_04-46-46	[0]	2026-08-16_04-46-46	[0 0 0 1 0]	2026-08-16_04-46-46	[1 1 0 0 0]	2026-08-16_04-46-46	[0 0 0 0 0 1 0 0 0 0 0 0 0 0 0 0 0 0 0 0 0 0 0 0 0 0 0 0 0 0 0 0 0 0 0 0 0 0 0 0 0 1 0 0 0 0 0 0 0 0 0 1 1 0 0 0 0 0 0 0 0 0 0 0 0 0 0 0 0 0 0 0 0]	2026-08-16_04-46-46	[0 0 0 0 0 0 0 0 0 0 0 0 0 0 0 0 0 0 0 1 0 0 0 0 0 0 0 0 0 0 0 0 0 0 0 0 0 0 0 0 0 0 0 0 0 0 0 0 0 0 0 0 0 0 0 0 0 0 0 0 0 0 0 0 0 0 1 0 0 0 0 0 0]	2026-08-16_04-46-46	[0]	2026-08-16_04-46-46
7	2026-08-16_04-46-46	-1.0	2026-08-16_04-46-46	11.043317794799805	2026-08-16_04-46-46	1.5129225254058838	2026-08-16_04-46-46	1.5001263618469238	2026-08-16_04-46-46	4.069633483886719	2026-08-16_04-46-46	3.9606354236602783	2026-08-16_04-46-46	True	2026-08-16_04-46-46	[0 0 0 1 0]	2026-08-16_04-46-46	[1 1 0 0 0]	2026-08-16_04-46-46	[0 0 0 0 0 1 0 0 0 0 0 0 0 0 0 0 0 0 0 0 0 0 0 0 0 0 0 0 0 0 0 0 0 0 0 0 0 0 0 0 0 1 0 0 0 0 0 0 0 0 0 1 1 0 0 0 0 0 0 0 0 0 0 0 0 0 0 0 0 0 0 0 0]	2026-08-16_04-46-46	[0 0 0 0 0 0 0 0 0 0 0 0 0 0 0 0 0 0 0 1 0 0 0 0 0 0 0 0 0 0 0 0 0 0 0 0 0 0 0 0 0 0 0 0 0 0 0 0 0 0 0 0 0 0 0 0 0 0 0 0 0 0 0 0 0 0 1 0 0 0 0 0 0]	2026-08-16_04-46-46	[0]	2026-08-16_04-46-46	[0 0 0 1 0]	2026-08-16_04-46-46	[1 1 0 0 0]	2026-08-16_04-46-46	[0 0 0 0 0 1 0 0 0 0 0 0 0 0 0 0 0 0 0 0 0 0 0 0 0 0 0 0 0 0 0 0 0 0 0 0 0 0 0 0 0 1 0 0 0 0 0 0 0 0 0 0 1 0 0 0 0 0 0 0 0 0 0 0 0 0 0 0 0 0 0 0 0]	2026-08-16_04-46-46	[0 0 0 0 0 0 0 0 0 0 0 0 0 0 0 0 0 0 0 0 0 0 0 0 0 0 0 0 0 0 0 0 0 0 0 0 0 0 0 0 0 0 0 0 0 0 0 0 0 0 0 0 0 0 0 0 0 0 0 0 0 0 0 0 0 0 1 0 0 0 0 0 0]	2026-08-16_04-46-46	[0]	2026-08-16_04-46-46
7	2026-08-16_04-46-46	-1.0	2026-08-16_04-46-46	10.977926254272461	2026-08-16_04-46-46	1.499652624130249	2026-08-16_04-46-46	1.478660225868225	2026-08-16_04-46-46	4.058574676513672	2026-08-16_04-46-46	3.9410390853881836	2026-08-16_04-46-46	True	2026-08-16_04-46-46	[0 0 0 1 0]	2026-08-16_04-46-46	[1 1 0 0 0]	2026-08-16_04-46-46	[0 0 0 0 0 1 0 0 0 0 0 0 0 0 0 0 0 0 0 0 0 0 0 0 0 0 0 0 0 0 0 0 0 0 0 0 0 0 0 0 0 1 0 0 0 0 0 0 0 0 0 0 1 0 0 0 0 0 0 0 0 0 0 0 0 0 0 0 0 0 0 0 0]	2026-08-16_04-46-46	[0 0 0 0 0 0 0 0 0 0 0 0 0 0 0 0 0 0 0 0 0 0 0 0 0 0 0 0 0 0 0 0 0 0 0 0 0 0 0 0 0 0 0 0 0 0 0 0 0 0 0 0 0 0 0 0 0 0 0 0 0 0 0 0 0 0 1 0 0 0 0 0 0]	2026-08-16_04-46-46	[0]	2026-08-16_04-46-46	[0 0 0 1 0]	2026-08-16_04-46-46	[1 1 0 0 0]	2026-08-16_04-46-46	[0 0 0 0 0 1 0 0 0 0 0 0 0 0 0 0 0 0 0 0 0 0 0 0 0 0 0 0 0 0 0 0 0 0 0 0 0 0 0 0 0 1 0 0 0 0 0 0 0 0 0 1 1 0 0 0 0 0 0 0 0 0 0 0 0 0 0 0 0 0 0 0 0]	2026-08-16_04-46-46	[0 0 0 0 0 0 0 0 0 0 0 0 0 0 0 0 0 0 0 1 0 0 0 0 0 0 0 0 0 0 0 0 0 0 0 0 0 0 0 0 0 0 0 0 0 0 0 0 0 0 0 0 0 0 0 0 0 0 0 0 0 0 0 0 0 0 1 0 0 0 0 0 0]	2026-08-16_04-46-46	[0]	2026-08-16_04-46-46
7	2026-08-16_04-46-46	-1.0	2026-08-16_04-46-46	10.941967964172363	2026-08-16_04-46-46	1.501197099685669	2026-08-16_04-46-46	1.4579274654388428	2026-08-16_04-46-46	4.053732395172119	2026-08-16_04-46-46	3.9291107654571533	2026-08-16_04-46-46	True	2026-08-16_04-46-46	[0 0 0 1 0]	2026-08-16_04-46-46	[1 1 0 0 0]	2026-08-16_04-46-46	[0 0 0 0 0 1 0 0 0 0 0 0 0 0 0 0 0 0 0 0 0 0 0 0 0 0 0 0 0 0 0 0 0 0 0 0 0 0 0 0 0 1 0 0 0 0 0 0 0 0 0 1 1 0 0 0 0 0 0 0 0 0 0 0 0 0 0 0 0 0 0 0 0]	2026-08-16_04-46-46	[0 0 0 0 0 0 0 0 0 0 0 0 0 0 0 0 0 0 0 1 0 0 0 0 0 0 0 0 0 0 0 0 0 0 0 0 0 0 0 0 0 0 0 0 0 0 0 0 0 0 0 0 0 0 0 0 0 0 0 0 0 0 0 0 0 0 1 0 0 0 0 0 0]	2026-08-16_04-46-46	[0]	2026-08-16_04-46-46	[0 0 0 1 0]	2026-08-16_04-46-46	[1 1 0 0 0]	2026-08-16_04-46-46	[0 0 0 0 0 1 0 0 0 0 0 0 0 0 0 0 0 0 0 0 0 0 0 0 0 0 0 0 0 0 0 0 0 0 0 0 0 0 0 0 0 1 0 0 0 0 0 0 0 0 0 0 1 0 0 0 0 0 0 0 0 0 0 0 0 0 0 0 0 0 0 0 0]	2026-08-16_04-46-46	[0 0 0 0 0 0 0 0 0 0 0 0 0 0 0 0 0 0 0 0 0 0 0 0 0 0 0 0 0 0 0 0 0 0 0 0 0 0 0 0 0 0 0 0 0 0 0 0 0 0 0 0 0 0 0 0 0 0 0 0 0 0 0 0 0 0 1 0 0 0 0 0 0]	2026-08-16_04-46-46	[0]	2026-08-16_04-46-46
7	2026-08-16_04-46-46	-1.0	2026-08-16_04-46-46	10.980587005615234	2026-08-16_04-46-46	1.4974335432052612	2026-08-16_04-46-46	1.4835164546966553	2026-08-16_04-46-46	4.059852600097656	2026-08-16_04-46-46	3.939784288406372	2026-08-16_04-46-46	True	2026-08-16_04-46-46	[0 0 0 1 0]	2026-08-16_04-46-46	[1 1 0 0 0]	2026-08-16_04-46-46	[0 0 0 0 0 1 0 0 0 0 0 0 0 0 0 0 0 0 0 0 0 0 0 0 0 0 0 0 0 0 0 0 0 0 0 0 0 0 0 0 0 1 0 0 0 0 0 0 0 0 0 0 1 0 0 0 0 0 0 0 0 0 0 0 0 0 0 0 0 0 0 0 0]	2026-08-16_04-46-46	[0 0 0 0 0 0 0 0 0 0 0 0 0 0 0 0 0 0 0 0 0 0 0 0 0 0 0 0 0 0 0 0 0 0 0 0 0 0 0 0 0 0 0 0 0 0 0 0 0 0 0 0 0 0 0 0 0 0 0 0 0 0 0 0 0 0 1 0 0 0 0 0 0]	2026-08-16_04-46-46	[0]	2026-08-16_04-46-46	[0 0 0 1 0]	2026-08-16_04-46-46	[1 1 0 0 0]	2026-08-16_04-46-46	[0 0 0 0 0 1 0 0 0 0 0 0 0 0 0 0 0 0 0 0 0 0 0 0 0 0 0 0 0 0 0 0 0 0 0 0 0 0 0 0 0 1 0 0 0 0 0 0 0 0 0 1 1 0 0 0 0 0 0 0 0 0 0 0 0 0 0 0 0 0 0 0 0]	2026-08-16_04-46-46	[0 0 0 0 0 0 0 0 0 0 0 0 0 0 0 0 0 0 0 1 0 0 0 0 0 0 0 0 0 0 0 0 0 0 0 0 0 0 0 0 0 0 0 0 0 0 0 0 0 0 0 0 0 0 0 0 0 0 0 0 0 0 0 0 0 0 1 0 0 0 0 0 0]	2026-08-16_04-46-46	[0]	2026-08-16_04-46-46
7	2026-08-16_04-46-46	-1.0	2026-08-16_04-46-46	10.94660472869873	2026-08-16_04-46-46	1.4891527891159058	2026-08-16_04-46-46	1.458457350730896	2026-08-16_04-46-46	4.061469554901123	2026-08-16_04-46-46	3.9375247955322266	2026-08-16_04-46-46	True	2026-08-16_04-46-46	[0 0 0 1 0]	2026-08-16_04-46-46	[1 1 0 0 0]	2026-08-16_04-46-46	[0 0 0 0 0 1 0 0 0 0 0 0 0 0 0 0 0 0 0 0 0 0 0 0 0 0 0 0 0 0 0 0 0 0 0 0 0 0 0 0 0 1 0 0 0 0 0 0 0 0 0 1 1 0 0 0 0 0 0 0 0 0 0 0 0 0 0 0 0 0 0 0 0]	2026-08-16_04-46-46	[0 0 0 0 0 0 0 0 0 0 0 0 0 0 0 0 0 0 0 1 0 0 0 0 0 0 0 0 0 0 0 0 0 0 0 0 0 0 0 0 0 0 0 0 0 0 0 0 0 0 0 0 0 0 0 0 0 0 0 0 0 0 0 0 0 0 1 0 0 0 0 0 0]	2026-08-16_04-46-46	[0]	2026-08-16_04-46-46	[0 0 0 1 0]	2026-08-16_04-46-46	[1 1 0 0 0]	2026-08-16_04-46-46	[0 0 0 0 0 1 0 0 0 0 0 0 0 0 0 0 0 0 0 0 0 0 0 0 0 0 0 0 0 0 0 0 0 0 0 0 0 0 0 0 0 1 0 0 0 0 0 0 0 0 0 0 1 0 0 0 0 0 0 0 0 0 0 0 0 0 0 0 0 0 0 0 0]	2026-08-16_04-46-46	[0 0 0 0 0 0 0 0 0 0 0 0 0 0 0 0 0 0 0 0 0 0 0 0 0 0 0 0 0 0 0 0 0 0 0 0 0 0 0 0 0 0 0 0 0 0 0 0 0 0 0 0 0 0 0 0 0 0 0 0 0 0 0 0 0 0 1 0 0 0 0 0 0]	2026-08-16_04-46-46	[0]	2026-08-16_04-46-46
7	2026-08-16_04-46-46	-1.0	2026-08-16_04-46-46	10.914079666137695	2026-08-16_04-46-46	1.495517373085022	2026-08-16_04-46-46	1.4474170207977295	2026-08-16_04-46-46	4.051074981689453	2026-08-16_04-46-46	3.920069932937622	2026-08-16_04-46-46	True	2026-08-16_04-46-46	[0 0 0 1 0]	2026-08-16_04-46-46	[1 1 0 0 0]	2026-08-16_04-46-46	[0 0 0 0 0 1 0 0 0 0 0 0 0 0 0 0 0 0 0 0 0 0 0 0 0 0 0 0 0 0 0 0 0 0 0 0 0 0 0 0 0 1 0 0 0 0 0 0 0 0 0 0 1 0 0 0 0 0 0 0 0 0 0 0 0 0 0 0 0 0 0 0 0]	2026-08-16_04-46-46	[0 0 0 0 0 0 0 0 0 0 0 0 0 0 0 0 0 0 0 0 0 0 0 0 0 0 0 0 0 0 0 0 0 0 0 0 0 0 0 0 0 0 0 0 0 0 0 0 0 0 0 0 0 0 0 0 0 0 0 0 0 0 0 0 0 0 1 0 0 0 0 0 0]	2026-08-16_04-46-46	[0]	2026-08-16_04-46-46	[0 0 0 1 0]	2026-08-16_04-46-46	[1 1 0 0 0]	2026-08-16_04-46-46	[0 0 0 0 0 1 0 0 0 0 0 0 0 0 0 0 0 0 0 0 0 0 0 0 0 0 0 0 0 0 0 0 0 0 0 0 0 0 0 0 0 1 0 0 0 0 0 0 0 0 0 1 1 0 0 0 0 0 0 0 0 0 0 0 0 0 0 0 0 0 0 0 0]	2026-08-16_04-46-46	[0 0 0 0 0 0 0 0 0 0 0 0 0 0 0 0 0 0 0 1 0 0 0 0 0 0 0 0 0 0 0 0 0 0 0 0 0 0 0 0 0 0 0 0 0 0 0 0 0 0 0 0 0 0 0 0 0 0 0 0 0 0 0 0 0 0 1 0 0 0 0 0 0]	2026-08-16_04-46-46	[0]	2026-08-16_04-46-46
7	2026-08-16_04-46-46	-1.0	2026-08-16_04-46-46	11.10202407836914	2026-08-16_04-46-46	1.539940357208252	2026-08-16_04-46-46	1.5280125141143799	2026-08-16_04-46-46	4.074728965759277	2026-08-16_04-46-46	3.9593420028686523	2026-08-16_04-46-46	True	2026-08-16_04-46-46	[0 0 0 1 0]	2026-08-16_04-46-46	[1 1 0 0 0]	2026-08-16_04-46-46	[0 0 0 0 0 1 0 0 0 0 0 0 0 0 0 0 0 0 0 0 0 0 0 0 0 0 0 0 0 0 0 0 0 0 0 0 0 0 0 0 0 1 0 0 0 0 0 0 0 0 0 1 1 0 0 0 0 0 0 0 0 0 0 0 0 0 0 0 0 0 0 0 0]	2026-08-16_04-46-46	[0 0 0 0 0 0 0 0 0 0 0 0 0 0 0 0 0 0 0 1 0 0 0 0 0 0 0 0 0 0 0 0 0 0 0 0 0 0 0 0 0 0 0 0 0 0 0 0 0 0 0 0 0 0 0 0 0 0 0 0 0 0 0 0 0 0 1 0 0 0 0 0 0]	2026-08-16_04-46-46	[0]	2026-08-16_04-46-46	[0 0 0 1 0]	2026-08-16_04-46-46	[1 1 0 0 0]	2026-08-16_04-46-46	[0 0 0 0 0 1 0 0 0 0 0 0 0 0 0 0 0 0 0 0 0 0 0 0 0 0 0 0 0 0 0 0 0 0 0 0 0 0 0 0 0 1 0 0 0 0 0 0 0 0 0 0 1 0 0 0 0 0 0 0 0 0 0 0 0 0 0 0 0 0 0 0 0]	2026-08-16_04-46-46	[0 0 0 0 0 0 0 0 0 0 0 0 0 0 0 0 0 0 0 0 0 0 0 0 0 0 0 0 0 0 0 0 0 0 0 0 0 0 0 0 0 0 0 0 0 0 0 0 0 0 0 0 0 0 0 0 0 0 0 0 0 0 0 0 0 0 1 0 0 0 0 0 0]	2026-08-16_04-46-46	[0]	2026-08-16_04-46-46
7	2026-08-16_04-46-46	-1.0	2026-08-16_04-46-46	10.897512435913086	2026-08-16_04-46-46	1.481801986694336	2026-08-16_04-46-46	1.4384829998016357	2026-08-16_04-46-46	4.052852630615234	2026-08-16_04-46-46	3.9243743419647217	2026-08-16_04-46-46	True	2026-08-16_04-46-46	[0 0 0 1 0]	2026-08-16_04-46-46	[1 1 0 0 0]	2026-08-16_04-46-46	[0 0 0 0 0 1 0 0 0 0 0 0 0 0 0 0 0 0 0 0 0 0 0 0 0 0 0 0 0 0 0 0 0 0 0 0 0 0 0 0 0 1 0 0 0 0 0 0 0 0 0 0 1 0 0 0 0 0 0 0 0 0 0 0 0 0 0 0 0 0 0 0 0]	2026-08-16_04-46-46	[0 0 0 0 0 0 0 0 0 0 0 0 0 0 0 0 0 0 0 0 0 0 0 0 0 0 0 0 0 0 0 0 0 0 0 0 0 0 0 0 0 0 0 0 0 0 0 0 0 0 0 0 0 0 0 0 0 0 0 0 0 0 0 0 0 0 1 0 0 0 0 0 0]	2026-08-16_04-46-46	[0]	2026-08-16_04-46-46	[0 0 0 1 0]	2026-08-16_04-46-46	[1 1 0 0 0]	2026-08-16_04-46-46	[0 0 0 0 0 1 0 0 0 0 0 0 0 0 0 0 0 0 0 0 0 0 0 0 0 0 0 0 0 0 0 0 0 0 0 0 0 0 0 0 0 1 0 0 0 0 0 0 0 0 0 1 1 0 0 0 0 0 0 0 0 0 0 0 0 0 0 0 0 0 0 0 0]	2026-08-16_04-46-46	[0 0 0 0 0 0 0 0 0 0 0 0 0 0 0 0 0 0 0 1 0 0 0 0 0 0 0 0 0 0 0 0 0 0 0 0 0 0 0 0 0 0 0 0 0 0 0 0 0 0 0 0 0 0 0 0 0 0 0 0 0 0 0 0 0 0 1 0 0 0 0 0 0]	2026-08-16_04-46-46	[0]	2026-08-16_04-46-46
7	2026-08-16_04-46-46	-1.0	2026-08-16_04-46-46	10.930522918701172	2026-08-16_04-46-46	1.4862513542175293	2026-08-16_04-46-46	1.4520577192306519	2026-08-16_04-46-46	4.05874490737915	2026-08-16_04-46-46	3.9334683418273926	2026-08-16_04-46-46	True	2026-08-16_04-46-46	[0 0 0 1 0]	2026-08-16_04-46-46	[1 1 0 0 0]	2026-08-16_04-46-46	[0 0 0 0 0 1 0 0 0 0 0 0 0 0 0 0 0 0 0 0 0 0 0 0 0 0 0 0 0 0 0 0 0 0 0 0 0 0 0 0 0 1 0 0 0 0 0 0 0 0 0 1 1 0 0 0 0 0 0 0 0 0 0 0 0 0 0 0 0 0 0 0 0]	2026-08-16_04-46-46	[0 0 0 0 0 0 0 0 0 0 0 0 0 0 0 0 0 0 0 1 0 0 0 0 0 0 0 0 0 0 0 0 0 0 0 0 0 0 0 0 0 0 0 0 0 0 0 0 0 0 0 0 0 0 0 0 0 0 0 0 0 0 0 0 0 0 1 0 0 0 0 0 0]	2026-08-16_04-46-46	[0]	2026-08-16_04-46-46	[0 0 0 1 0]	2026-08-16_04-46-46	[1 1 0 0 0]	2026-08-16_04-46-46	[0 0 0 0 0 1 0 0 0 0 0 0 0 0 0 0 0 0 0 0 0 0 0 0 0 0 0 0 0 0 0 0 0 0 0 0 0 0 0 0 0 1 0 0 0 0 0 0 0 0 0 0 1 0 0 0 0 0 0 0 0 0 0 0 0 0 0 0 0 0 0 0 0]	2026-08-16_04-46-46	[0 0 0 0 0 0 0 0 0 0 0 0 0 0 0 0 0 0 0 0 0 0 0 0 0 0 0 0 0 0 0 0 0 0 0 0 0 0 0 0 0 0 0 0 0 0 0 0 0 0 0 0 0 0 0 0 0 0 0 0 0 0 0 0 0 0 1 0 0 0 0 0 0]	2026-08-16_04-46-46	[0]	2026-08-16_04-46-46
7	2026-08-16_04-46-46	-1.0	2026-08-16_04-46-46	11.053677558898926	2026-08-16_04-46-46	1.5453877449035645	2026-08-16_04-46-46	1.5215237140655518	2026-08-16_04-46-46	4.061257362365723	2026-08-16_04-46-46	3.925508499145508	2026-08-16_04-46-46	True	2026-08-16_04-46-46	[0 0 0 1 0]	2026-08-16_04-46-46	[1 1 0 0 0]	2026-08-16_04-46-46	[0 0 0 0 0 1 0 0 0 0 0 0 0 0 0 0 0 0 0 0 0 0 0 0 0 0 0 0 0 0 0 0 0 0 0 0 0 0 0 0 0 1 0 0 0 0 0 0 0 0 0 0 1 0 0 0 0 0 0 0 0 0 0 0 0 0 0 0 0 0 0 0 0]	2026-08-16_04-46-46	[0 0 0 0 0 0 0 0 0 0 0 0 0 0 0 0 0 0 0 0 0 0 0 0 0 0 0 0 0 0 0 0 0 0 0 0 0 0 0 0 0 0 0 0 0 0 0 0 0 0 0 0 0 0 0 0 0 0 0 0 0 0 0 0 0 0 1 0 0 0 0 0 0]	2026-08-16_04-46-46	[0]	2026-08-16_04-46-46	[0 0 0 1 0]	2026-08-16_04-46-46	[1 1 0 0 0]	2026-08-16_04-46-46	[0 0 0 0 0 1 0 0 0 0 0 0 0 0 0 0 0 0 0 0 0 0 0 0 0 0 0 0 0 0 0 0 0 0 0 0 0 0 0 0 0 1 0 0 0 0 0 0 0 0 0 1 1 0 0 0 0 0 0 0 0 0 0 0 0 0 0 0 0 0 0 0 0]	2026-08-16_04-46-46	[0 0 0 0 0 0 0 0 0 0 0 0 0 0 0 0 0 0 0 1 0 0 0 0 0 0 0 0 0 0 0 0 0 0 0 0 0 0 0 0 0 0 0 0 0 0 0 0 0 0 0 0 0 0 0 0 0 0 0 0 0 0 0 0 0 0 1 0 0 0 0 0 0]	2026-08-16_04-46-46	[0]	2026-08-16_04-46-46
7	2026-08-16_04-46-46	-1.0	2026-08-16_04-46-46	10.942508697509766	2026-08-16_04-46-46	1.495299220085144	2026-08-16_04-46-46	1.4566819667816162	2026-08-16_04-46-46	4.0584516525268555	2026-08-16_04-46-46	3.9320759773254395	2026-08-16_04-46-46	True	2026-08-16_04-46-46	[0 0 0 1 0]	2026-08-16_04-46-46	[1 1 0 0 0]	2026-08-16_04-46-46	[0 0 0 0 0 1 0 0 0 0 0 0 0 0 0 0 0 0 0 0 0 0 0 0 0 0 0 0 0 0 0 0 0 0 0 0 0 0 0 0 0 1 0 0 0 0 0 0 0 0 0 1 1 0 0 0 0 0 0 0 0 0 0 0 0 0 0 0 0 0 0 0 0]	2026-08-16_04-46-46	[0 0 0 0 0 0 0 0 0 0 0 0 0 0 0 0 0 0 0 1 0 0 0 0 0 0 0 0 0 0 0 0 0 0 0 0 0 0 0 0 0 0 0 0 0 0 0 0 0 0 0 0 0 0 0 0 0 0 0 0 0 0 0 0 0 0 1 0 0 0 0 0 0]	2026-08-16_04-46-46	[0]	2026-08-16_04-46-46	[0 0 0 1 0]	2026-08-16_04-46-46	[1 1 0 0 0]	2026-08-16_04-46-46	[0 0 0 0 0 1 0 0 0 0 0 0 0 0 0 0 0 0 0 0 0 0 0 0 0 0 0 0 0 0 0 0 0 0 0 0 0 0 0 0 0 1 0 0 0 0 0 0 0 0 0 0 1 0 0 0 0 0 0 0 0 0 0 0 0 0 0 0 0 0 0 0 0]	2026-08-16_04-46-46	[0 0 0 0 0 0 0 0 0 0 0 0 0 0 0 0 0 0 0 0 0 0 0 0 0 0 0 0 0 0 0 0 0 0 0 0 0 0 0 0 0 0 0 0 0 0 0 0 0 0 0 0 0 0 0 0 0 0 0 0 0 0 0 0 0 0 1 0 0 0 0 0 0]	2026-08-16_04-46-46	[0]	2026-08-16_04-46-46
7	2026-08-16_04-46-46	-1.0	2026-08-16_04-46-46	10.9727144241333	2026-08-16_04-46-46	1.5028597116470337	2026-08-16_04-46-46	1.473685622215271	2026-08-16_04-46-46	4.060717582702637	2026-08-16_04-46-46	3.9354512691497803	2026-08-16_04-46-46	True	2026-08-16_04-46-46	[0 0 0 1 0]	2026-08-16_04-46-46	[1 1 0 0 0]	2026-08-16_04-46-46	[0 0 0 0 0 1 0 0 0 0 0 0 0 0 0 0 0 0 0 0 0 0 0 0 0 0 0 0 0 0 0 0 0 0 0 0 0 0 0 0 0 1 0 0 0 0 0 0 0 0 0 0 1 0 0 0 0 0 0 0 0 0 0 0 0 0 0 0 0 0 0 0 0]	2026-08-16_04-46-46	[0 0 0 0 0 0 0 0 0 0 0 0 0 0 0 0 0 0 0 0 0 0 0 0 0 0 0 0 0 0 0 0 0 0 0 0 0 0 0 0 0 0 0 0 0 0 0 0 0 0 0 0 0 0 0 0 0 0 0 0 0 0 0 0 0 0 1 0 0 0 0 0 0]	2026-08-16_04-46-46	[0]	2026-08-16_04-46-46	[0 0 0 1 0]	2026-08-16_04-46-46	[1 1 0 0 0]	2026-08-16_04-46-46	[0 0 0 0 0 1 0 0 0 0 0 0 0 0 0 0 0 0 0 0 0 0 0 0 0 0 0 0 0 0 0 0 0 0 0 0 0 0 0 0 0 1 0 0 0 0 0 0 0 0 0 1 1 0 0 0 0 0 0 0 0 0 0 0 0 0 0 0 0 0 0 0 0]	2026-08-16_04-46-46	[0 0 0 0 0 0 0 0 0 0 0 0 0 0 0 0 0 0 0 1 0 0 0 0 0 0 0 0 0 0 0 0 0 0 0 0 0 0 0 0 0 0 0 0 0 0 0 0 0 0 0 0 0 0 0 0 0 0 0 0 0 0 0 0 0 0 1 0 0 0 0 0 0]	2026-08-16_04-46-46	[0]	2026-08-16_04-46-46
7	2026-08-16_04-46-46	-1.0	2026-08-16_04-46-46	11.080801010131836	2026-08-16_04-46-46	1.5227570533752441	2026-08-16_04-46-46	1.5183018445968628	2026-08-16_04-46-46	4.072871685028076	2026-08-16_04-46-46	3.9668703079223633	2026-08-16_04-46-46	True	2026-08-16_04-46-46	[0 0 0 1 0]	2026-08-16_04-46-46	[1 1 0 0 0]	2026-08-16_04-46-46	[0 0 0 0 0 1 0 0 0 0 0 0 0 0 0 0 0 0 0 0 0 0 0 0 0 0 0 0 0 0 0 0 0 0 0 0 0 0 0 0 0 1 0 0 0 0 0 0 0 0 0 1 1 0 0 0 0 0 0 0 0 0 0 0 0 0 0 0 0 0 0 0 0]	2026-08-16_04-46-46	[0 0 0 0 0 0 0 0 0 0 0 0 0 0 0 0 0 0 0 1 0 0 0 0 0 0 0 0 0 0 0 0 0 0 0 0 0 0 0 0 0 0 0 0 0 0 0 0 0 0 0 0 0 0 0 0 0 0 0 0 0 0 0 0 0 0 1 0 0 0 0 0 0]	2026-08-16_04-46-46	[0]	2026-08-16_04-46-46	[0 0 0 1 0]	2026-08-16_04-46-46	[1 1 0 0 0]	2026-08-16_04-46-46	[0 0 0 0 0 1 0 0 0 0 0 0 0 0 0 0 0 0 0 0 0 0 0 0 0 0 0 0 0 0 0 0 0 0 0 0 0 0 0 0 0 1 0 0 0 0 0 0 0 0 0 0 1 0 0 0 0 0 0 0 0 0 0 0 0 0 0 0 0 0 0 0 0]	2026-08-16_04-46-46	[0 0 0 0 0 0 0 0 0 0 0 0 0 0 0 0 0 0 0 0 0 0 0 0 0 0 0 0 0 0 0 0 0 0 0 0 0 0 0 0 0 0 0 0 0 0 0 0 0 0 0 0 0 0 0 0 0 0 0 0 0 0 0 0 0 0 1 0 0 0 0 0 0]	2026-08-16_04-46-46	[0]	2026-08-16_04-46-46
7	2026-08-16_04-46-46	-1.0	2026-08-16_04-46-46	10.944923400878906	2026-08-16_04-46-46	1.4971598386764526	2026-08-16_04-46-46	1.4764997959136963	2026-08-16_04-46-46	4.053236484527588	2026-08-16_04-46-46	3.918027639389038	2026-08-16_04-46-46	True	2026-08-16_04-46-46	[0 0 0 1 0]	2026-08-16_04-46-46	[1 1 0 0 0]	2026-08-16_04-46-46	[0 0 0 0 0 1 0 0 0 0 0 0 0 0 0 0 0 0 0 0 0 0 0 0 0 0 0 0 0 0 0 0 0 0 0 0 0 0 0 0 0 1 0 0 0 0 0 0 0 0 0 0 1 0 0 0 0 0 0 0 0 0 0 0 0 0 0 0 0 0 0 0 0]	2026-08-16_04-46-46	[0 0 0 0 0 0 0 0 0 0 0 0 0 0 0 0 0 0 0 0 0 0 0 0 0 0 0 0 0 0 0 0 0 0 0 0 0 0 0 0 0 0 0 0 0 0 0 0 0 0 0 0 0 0 0 0 0 0 0 0 0 0 0 0 0 0 1 0 0 0 0 0 0]	2026-08-16_04-46-46	[0]	2026-08-16_04-46-46	[0 0 0 1 0]	2026-08-16_04-46-46	[1 1 0 0 0]	2026-08-16_04-46-46	[0 0 0 0 0 1 0 0 0 0 0 0 0 0 0 0 0 0 0 0 0 0 0 0 0 0 0 0 0 0 0 0 0 0 0 0 0 0 0 0 0 1 0 0 0 0 0 0 0 0 0 1 1 0 0 0 0 0 0 0 0 0 0 0 0 0 0 0 0 0 0 0 0]	2026-08-16_04-46-46	[0 0 0 0 0 0 0 0 0 0 0 0 0 0 0 0 0 0 0 1 0 0 0 0 0 0 0 0 0 0 0 0 0 0 0 0 0 0 0 0 0 0 0 0 0 0 0 0 0 0 0 0 0 0 0 0 0 0 0 0 0 0 0 0 0 0 1 0 0 0 0 0 0]	2026-08-16_04-46-46	[0]	2026-08-16_04-46-46
7	2026-08-16_04-46-46	-1.0	2026-08-16_04-46-46	11.037162780761719	2026-08-16_04-46-46	1.5159398317337036	2026-08-16_04-46-46	1.5106767416000366	2026-08-16_04-46-46	4.063660621643066	2026-08-16_04-46-46	3.9468860626220703	2026-08-16_04-46-46	True	2026-08-16_04-46-46	[0 0 0 1 0]	2026-08-16_04-46-46	[1 1 0 0 0]	2026-08-16_04-46-46	[0 0 0 0 0 1 0 0 0 0 0 0 0 0 0 0 0 0 0 0 0 0 0 0 0 0 0 0 0 0 0 0 0 0 0 0 0 0 0 0 0 1 0 0 0 0 0 0 0 0 0 1 1 0 0 0 0 0 0 0 0 0 0 0 0 0 0 0 0 0 0 0 0]	2026-08-16_04-46-46	[0 0 0 0 0 0 0 0 0 0 0 0 0 0 0 0 0 0 0 1 0 0 0 0 0 0 0 0 0 0 0 0 0 0 0 0 0 0 0 0 0 0 0 0 0 0 0 0 0 0 0 0 0 0 0 0 0 0 0 0 0 0 0 0 0 0 1 0 0 0 0 0 0]	2026-08-16_04-46-46	[0]	2026-08-16_04-46-46	[0 0 0 1 0]	2026-08-16_04-46-46	[1 1 0 0 0]	2026-08-16_04-46-46	[0 0 0 0 0 1 0 0 0 0 0 0 0 0 0 0 0 0 0 0 0 0 0 0 0 0 0 0 0 0 0 0 0 0 0 0 0 0 0 0 0 1 0 0 0 0 0 0 0 0 0 0 1 0 0 0 0 0 0 0 0 0 0 0 0 0 0 0 0 0 0 0 0]	2026-08-16_04-46-46	[0 0 0 0 0 0 0 0 0 0 0 0 0 0 0 0 0 0 0 0 0 0 0 0 0 0 0 0 0 0 0 0 0 0 0 0 0 0 0 0 0 0 0 0 0 0 0 0 0 0 0 0 0 0 0 0 0 0 0 0 0 0 0 0 0 0 1 0 0 0 0 0 0]	2026-08-16_04-46-46	[0]	2026-08-16_04-46-46
7	2026-08-16_04-46-46	-1.0	2026-08-16_04-46-46	10.855116844177246	2026-08-16_04-46-46	1.480531930923462	2026-08-16_04-46-46	1.4232197999954224	2026-08-16_04-46-46	4.048053741455078	2026-08-16_04-46-46	3.903311014175415	2026-08-16_04-46-46	True	2026-08-16_04-46-46	[0 0 0 1 0]	2026-08-16_04-46-46	[1 1 0 0 0]	2026-08-16_04-46-46	[0 0 0 0 0 1 0 0 0 0 0 0 0 0 0 0 0 0 0 0 0 0 0 0 0 0 0 0 0 0 0 0 0 0 0 0 0 0 0 0 0 1 0 0 0 0 0 0 0 0 0 0 1 0 0 0 0 0 0 0 0 0 0 0 0 0 0 0 0 0 0 0 0]	2026-08-16_04-46-46	[0 0 0 0 0 0 0 0 0 0 0 0 0 0 0 0 0 0 0 0 0 0 0 0 0 0 0 0 0 0 0 0 0 0 0 0 0 0 0 0 0 0 0 0 0 0 0 0 0 0 0 0 0 0 0 0 0 0 0 0 0 0 0 0 0 0 1 0 0 0 0 0 0]	2026-08-16_04-46-46	[0]	2026-08-16_04-46-46	[0 0 0 1 0]	2026-08-16_04-46-46	[1 1 0 0 0]	2026-08-16_04-46-46	[0 0 0 0 0 1 0 0 0 0 0 0 0 0 0 0 0 0 0 0 0 0 0 0 0 0 0 0 0 0 0 0 0 0 0 0 0 0 0 0 0 1 0 0 0 0 0 0 0 0 0 1 1 0 0 0 0 0 0 0 0 0 0 0 0 0 0 0 0 0 0 0 0]	2026-08-16_04-46-46	[0 0 0 0 0 0 0 0 0 0 0 0 0 0 0 0 0 0 0 1 0 0 0 0 0 0 0 0 0 0 0 0 0 0 0 0 0 0 0 0 0 0 0 0 0 0 0 0 0 0 0 0 0 0 0 0 0 0 0 0 0 0 0 0 0 0 1 0 0 0 0 0 0]	2026-08-16_04-46-46	[0]	2026-08-16_04-46-46
7	2026-08-16_04-46-46	-1.0	2026-08-16_04-46-46	11.015316009521484	2026-08-16_04-46-46	1.5151870250701904	2026-08-16_04-46-46	1.4938395023345947	2026-08-16_04-46-46	4.064509391784668	2026-08-16_04-46-46	3.9417803287506104	2026-08-16_04-46-46	True	2026-08-16_04-46-46	[0 0 0 1 0]	2026-08-16_04-46-46	[1 1 0 0 0]	2026-08-16_04-46-46	[0 0 0 0 0 1 0 0 0 0 0 0 0 0 0 0 0 0 0 0 0 0 0 0 0 0 0 0 0 0 0 0 0 0 0 0 0 0 0 0 0 1 0 0 0 0 0 0 0 0 0 1 1 0 0 0 0 0 0 0 0 0 0 0 0 0 0 0 0 0 0 0 0]	2026-08-16_04-46-46	[0 0 0 0 0 0 0 0 0 0 0 0 0 0 0 0 0 0 0 1 0 0 0 0 0 0 0 0 0 0 0 0 0 0 0 0 0 0 0 0 0 0 0 0 0 0 0 0 0 0 0 0 0 0 0 0 0 0 0 0 0 0 0 0 0 0 1 0 0 0 0 0 0]	2026-08-16_04-46-46	[0]	2026-08-16_04-46-46	[0 0 0 1 0]	2026-08-16_04-46-46	[1 1 0 0 0]	2026-08-16_04-46-46	[0 0 0 0 0 1 0 0 0 0 0 0 0 0 0 0 0 0 0 0 0 0 0 0 0 0 0 0 0 0 0 0 0 0 0 0 0 0 0 0 0 1 0 0 0 0 0 0 0 0 0 0 1 0 0 0 0 0 0 0 0 0 0 0 0 0 0 0 0 0 0 0 0]	2026-08-16_04-46-46	[0 0 0 0 0 0 0 0 0 0 0 0 0 0 0 0 0 0 0 0 0 0 0 0 0 0 0 0 0 0 0 0 0 0 0 0 0 0 0 0 0 0 0 0 0 0 0 0 0 0 0 0 0 0 0 0 0 0 0 0 0 0 0 0 0 0 1 0 0 0 0 0 0]	2026-08-16_04-46-46	[0]	2026-08-16_04-46-46
7	2026-08-16_04-46-46	-1.0	2026-08-16_04-46-46	10.880712509155273	2026-08-16_04-46-46	1.471495509147644	2026-08-16_04-46-46	1.437820553779602	2026-08-16_04-46-46	4.049734115600586	2026-08-16_04-46-46	3.9216628074645996	2026-08-16_04-46-46	True	2026-08-16_04-46-46	[0 0 0 1 0]	2026-08-16_04-46-46	[1 1 0 0 0]	2026-08-16_04-46-46	[0 0 0 0 0 1 0 0 0 0 0 0 0 0 0 0 0 0 0 0 0 0 0 0 0 0 0 0 0 0 0 0 0 0 0 0 0 0 0 0 0 1 0 0 0 0 0 0 0 0 0 0 1 0 0 0 0 0 0 0 0 0 0 0 0 0 0 0 0 0 0 0 0]	2026-08-16_04-46-46	[0 0 0 0 0 0 0 0 0 0 0 0 0 0 0 0 0 0 0 0 0 0 0 0 0 0 0 0 0 0 0 0 0 0 0 0 0 0 0 0 0 0 0 0 0 0 0 0 0 0 0 0 0 0 0 0 0 0 0 0 0 0 0 0 0 0 1 0 0 0 0 0 0]	2026-08-16_04-46-46	[0]	2026-08-16_04-46-46	[0 0 0 1 0]	2026-08-16_04-46-46	[1 1 0 0 0]	2026-08-16_04-46-46	[0 0 0 0 0 1 0 0 0 0 0 0 0 0 0 0 0 0 0 0 0 0 0 0 0 0 0 0 0 0 0 0 0 0 0 0 0 0 0 0 0 1 0 0 0 0 0 0 0 0 0 1 1 0 0 0 0 0 0 0 0 0 0 0 0 0 0 0 0 0 0 0 0]	2026-08-16_04-46-46	[0 0 0 0 0 0 0 0 0 0 0 0 0 0 0 0 0 0 0 1 0 0 0 0 0 0 0 0 0 0 0 0 0 0 0 0 0 0 0 0 0 0 0 0 0 0 0 0 0 0 0 0 0 0 0 0 0 0 0 0 0 0 0 0 0 0 1 0 0 0 0 0 0]	2026-08-16_04-46-46	[0]	2026-08-16_04-46-46
7	2026-08-16_04-46-46	-1.0	2026-08-16_04-46-46	10.983855247497559	2026-08-16_04-46-46	1.489565134048462	2026-08-16_04-46-46	1.4822806119918823	2026-08-16_04-46-46	4.062190055847168	2026-08-16_04-46-46	3.949819326400757	2026-08-16_04-46-46	True	2026-08-16_04-46-46	[0 0 0 1 0]	2026-08-16_04-46-46	[1 1 0 0 0]	2026-08-16_04-46-46	[0 0 0 0 0 1 0 0 0 0 0 0 0 0 0 0 0 0 0 0 0 0 0 0 0 0 0 0 0 0 0 0 0 0 0 0 0 0 0 0 0 1 0 0 0 0 0 0 0 0 0 1 1 0 0 0 0 0 0 0 0 0 0 0 0 0 0 0 0 0 0 0 0]	2026-08-16_04-46-46	[0 0 0 0 0 0 0 0 0 0 0 0 0 0 0 0 0 0 0 1 0 0 0 0 0 0 0 0 0 0 0 0 0 0 0 0 0 0 0 0 0 0 0 0 0 0 0 0 0 0 0 0 0 0 0 0 0 0 0 0 0 0 0 0 0 0 1 0 0 0 0 0 0]	2026-08-16_04-46-46	[0]	2026-08-16_04-46-46	[0 0 0 1 0]	2026-08-16_04-46-46	[1 1 0 0 0]	2026-08-16_04-46-46	[0 0 0 0 0 1 0 0 0 0 0 0 0 0 0 0 0 0 0 0 0 0 0 0 0 0 0 0 0 0 0 0 0 0 0 0 0 0 0 0 0 1 0 0 0 0 0 0 0 0 0 0 1 0 0 0 0 0 0 0 0 0 0 0 0 0 0 0 0 0 0 0 0]	2026-08-16_04-46-46	[0 0 0 0 0 0 0 0 0 0 0 0 0 0 0 0 0 0 0 0 0 0 0 0 0 0 0 0 0 0 0 0 0 0 0 0 0 0 0 0 0 0 0 0 0 0 0 0 0 0 0 0 0 0 0 0 0 0 0 0 0 0 0 0 0 0 1 0 0 0 0 0 0]	2026-08-16_04-46-46	[0]	2026-08-16_04-46-46
7	2026-08-16_04-46-46	-1.0	2026-08-16_04-46-46	10.944310188293457	2026-08-16_04-46-46	1.4948052167892456	2026-08-16_04-46-46	1.4646855592727661	2026-08-16_04-46-46	4.054920196533203	2026-08-16_04-46-46	3.929899215698242	2026-08-16_04-46-46	True	2026-08-16_04-46-46	[0 0 0 1 0]	2026-08-16_04-46-46	[1 1 0 0 0]	2026-08-16_04-46-46	[0 0 0 0 0 1 0 0 0 0 0 0 0 0 0 0 0 0 0 0 0 0 0 0 0 0 0 0 0 0 0 0 0 0 0 0 0 0 0 0 0 1 0 0 0 0 0 0 0 0 0 0 1 0 0 0 0 0 0 0 0 0 0 0 0 0 0 0 0 0 0 0 0]	2026-08-16_04-46-46	[0 0 0 0 0 0 0 0 0 0 0 0 0 0 0 0 0 0 0 0 0 0 0 0 0 0 0 0 0 0 0 0 0 0 0 0 0 0 0 0 0 0 0 0 0 0 0 0 0 0 0 0 0 0 0 0 0 0 0 0 0 0 0 0 0 0 1 0 0 0 0 0 0]	2026-08-16_04-46-46	[0]	2026-08-16_04-46-46	[0 0 0 1 0]	2026-08-16_04-46-46	[1 1 0 0 0]	2026-08-16_04-46-46	[0 0 0 0 0 1 0 0 0 0 0 0 0 0 0 0 0 0 0 0 0 0 0 0 0 0 0 0 0 0 0 0 0 0 0 0 0 0 0 0 0 1 0 0 0 0 0 0 0 0 0 1 1 0 0 0 0 0 0 0 0 0 0 0 0 0 0 0 0 0 0 0 0]	2026-08-16_04-46-46	[0 0 0 0 0 0 0 0 0 0 0 0 0 0 0 0 0 0 0 1 0 0 0 0 0 0 0 0 0 0 0 0 0 0 0 0 0 0 0 0 0 0 0 0 0 0 0 0 0 0 0 0 0 0 0 0 0 0 0 0 0 0 0 0 0 0 1 0 0 0 0 0 0]	2026-08-16_04-46-46	[0]	2026-08-16_04-46-46
7	2026-08-16_04-46-46	-1.0	2026-08-16_04-46-46	11.013221740722656	2026-08-16_04-46-46	1.5121629238128662	2026-08-16_04-46-46	1.49995756149292	2026-08-16_04-46-46	4.059340000152588	2026-08-16_04-46-46	3.941761016845703	2026-08-16_04-46-46	True	2026-08-16_04-46-46	[0 0 0 1 0]	2026-08-16_04-46-46	[1 1 0 0 0]	2026-08-16_04-46-46	[0 0 0 0 0 1 0 0 0 0 0 0 0 0 0 0 0 0 0 0 0 0 0 0 0 0 0 0 0 0 0 0 0 0 0 0 0 0 0 0 0 1 0 0 0 0 0 0 0 0 0 1 1 0 0 0 0 0 0 0 0 0 0 0 0 0 0 0 0 0 0 0 0]	2026-08-16_04-46-46	[0 0 0 0 0 0 0 0 0 0 0 0 0 0 0 0 0 0 0 1 0 0 0 0 0 0 0 0 0 0 0 0 0 0 0 0 0 0 0 0 0 0 0 0 0 0 0 0 0 0 0 0 0 0 0 0 0 0 0 0 0 0 0 0 0 0 1 0 0 0 0 0 0]	2026-08-16_04-46-46	[0]	2026-08-16_04-46-46	[0 0 0 1 0]	2026-08-16_04-46-46	[1 1 0 0 0]	2026-08-16_04-46-46	[0 0 0 0 0 1 0 0 0 0 0 0 0 0 0 0 0 0 0 0 0 0 0 0 0 0 0 0 0 0 0 0 0 0 0 0 0 0 0 0 0 1 0 0 0 0 0 0 0 0 0 0 1 0 0 0 0 0 0 0 0 0 0 0 0 0 0 0 0 0 0 0 0]	2026-08-16_04-46-46	[0 0 0 0 0 0 0 0 0 0 0 0 0 0 0 0 0 0 0 0 0 0 0 0 0 0 0 0 0 0 0 0 0 0 0 0 0 0 0 0 0 0 0 0 0 0 0 0 0 0 0 0 0 0 0 0 0 0 0 0 0 0 0 0 0 0 1 0 0 0 0 0 0]	2026-08-16_04-46-46	[0]	2026-08-16_04-46-46
7	2026-08-16_04-46-46	-1.0	2026-08-16_04-46-46	10.889896392822266	2026-08-16_04-46-46	1.485466718673706	2026-08-16_04-46-46	1.442275881767273	2026-08-16_04-46-46	4.052669525146484	2026-08-16_04-46-46	3.909484386444092	2026-08-16_04-46-46	True	2026-08-16_04-46-46	[0 0 0 1 0]	2026-08-16_04-46-46	[1 1 0 0 0]	2026-08-16_04-46-46	[0 0 0 0 0 1 0 0 0 0 0 0 0 0 0 0 0 0 0 0 0 0 0 0 0 0 0 0 0 0 0 0 0 0 0 0 0 0 0 0 0 1 0 0 0 0 0 0 0 0 0 0 1 0 0 0 0 0 0 0 0 0 0 0 0 0 0 0 0 0 0 0 0]	2026-08-16_04-46-46	[0 0 0 0 0 0 0 0 0 0 0 0 0 0 0 0 0 0 0 0 0 0 0 0 0 0 0 0 0 0 0 0 0 0 0 0 0 0 0 0 0 0 0 0 0 0 0 0 0 0 0 0 0 0 0 0 0 0 0 0 0 0 0 0 0 0 1 0 0 0 0 0 0]	2026-08-16_04-46-46	[0]	2026-08-16_04-46-46	[0 0 0 1 0]	2026-08-16_04-46-46	[1 1 0 0 0]	2026-08-16_04-46-46	[0 0 0 0 0 1 0 0 0 0 0 0 0 0 0 0 0 0 0 0 0 0 0 0 0 0 0 0 0 0 0 0 0 0 0 0 0 0 0 0 0 1 0 0 0 0 0 0 0 0 0 1 1 0 0 0 0 0 0 0 0 0 0 0 0 0 0 0 0 0 0 0 0]	2026-08-16_04-46-46	[0 0 0 0 0 0 0 0 0 0 0 0 0 0 0 0 0 0 0 1 0 0 0 0 0 0 0 0 0 0 0 0 0 0 0 0 0 0 0 0 0 0 0 0 0 0 0 0 0 0 0 0 0 0 0 0 0 0 0 0 0 0 0 0 0 0 1 0 0 0 0 0 0]	2026-08-16_04-46-46	[0]	2026-08-16_04-46-46
7	2026-08-16_04-46-46	-1.0	2026-08-16_04-46-46	10.986272811889648	2026-08-16_04-46-46	1.5029957294464111	2026-08-16_04-46-46	1.4840312004089355	2026-08-16_04-46-46	4.062150001525879	2026-08-16_04-46-46	3.937095880508423	2026-08-16_04-46-46	True	2026-08-16_04-46-46	[0 0 0 1 0]	2026-08-16_04-46-46	[1 1 0 0 0]	2026-08-16_04-46-46	[0 0 0 0 0 1 0 0 0 0 0 0 0 0 0 0 0 0 0 0 0 0 0 0 0 0 0 0 0 0 0 0 0 0 0 0 0 0 0 0 0 1 0 0 0 0 0 0 0 0 0 1 1 0 0 0 0 0 0 0 0 0 0 0 0 0 0 0 0 0 0 0 0]	2026-08-16_04-46-46	[0 0 0 0 0 0 0 0 0 0 0 0 0 0 0 0 0 0 0 1 0 0 0 0 0 0 0 0 0 0 0 0 0 0 0 0 0 0 0 0 0 0 0 0 0 0 0 0 0 0 0 0 0 0 0 0 0 0 0 0 0 0 0 0 0 0 1 0 0 0 0 0 0]	2026-08-16_04-46-46	[0]	2026-08-16_04-46-46	[0 0 0 1 0]	2026-08-16_04-46-46	[1 1 0 0 0]	2026-08-16_04-46-46	[0 0 0 0 0 1 0 0 0 0 0 0 0 0 0 0 0 0 0 0 0 0 0 0 0 0 0 0 0 0 0 0 0 0 0 0 0 0 0 0 0 1 0 0 0 0 0 0 0 0 0 0 1 0 0 0 0 0 0 0 0 0 0 0 0 0 0 0 0 0 0 0 0]	2026-08-16_04-46-46	[0 0 0 0 0 0 0 0 0 0 0 0 0 0 0 0 0 0 0 0 0 0 0 0 0 0 0 0 0 0 0 0 0 0 0 0 0 0 0 0 0 0 0 0 0 0 0 0 0 0 0 0 0 0 0 0 0 0 0 0 0 0 0 0 0 0 1 0 0 0 0 0 0]	2026-08-16_04-46-46	[0]	2026-08-16_04-46-46
7	2026-08-16_04-46-46	-1.0	2026-08-16_04-46-46	10.932641983032227	2026-08-16_04-46-46	1.4928680658340454	2026-08-16_04-46-46	1.4581212997436523	2026-08-16_04-46-46	4.053226947784424	2026-08-16_04-46-46	3.9284257888793945	2026-08-16_04-46-46	True	2026-08-16_04-46-46	[0 0 0 1 0]	2026-08-16_04-46-46	[1 1 0 0 0]	2026-08-16_04-46-46	[0 0 0 0 0 1 0 0 0 0 0 0 0 0 0 0 0 0 0 0 0 0 0 0 0 0 0 0 0 0 0 0 0 0 0 0 0 0 0 0 0 1 0 0 0 0 0 0 0 0 0 0 1 0 0 0 0 0 0 0 0 0 0 0 0 0 0 0 0 0 0 0 0]	2026-08-16_04-46-46	[0 0 0 0 0 0 0 0 0 0 0 0 0 0 0 0 0 0 0 0 0 0 0 0 0 0 0 0 0 0 0 0 0 0 0 0 0 0 0 0 0 0 0 0 0 0 0 0 0 0 0 0 0 0 0 0 0 0 0 0 0 0 0 0 0 0 1 0 0 0 0 0 0]	2026-08-16_04-46-46	[0]	2026-08-16_04-46-46	[0 0 0 1 0]	2026-08-16_04-46-46	[1 1 0 0 0]	2026-08-16_04-46-46	[0 0 0 0 0 1 0 0 0 0 0 0 0 0 0 0 0 0 0 0 0 0 0 0 0 0 0 0 0 0 0 0 0 0 0 0 0 0 0 0 0 1 0 0 0 0 0 0 0 0 0 1 1 0 0 0 0 0 0 0 0 0 0 0 0 0 0 0 0 0 0 0 0]	2026-08-16_04-46-46	[0 0 0 0 0 0 0 0 0 0 0 0 0 0 0 0 0 0 0 1 0 0 0 0 0 0 0 0 0 0 0 0 0 0 0 0 0 0 0 0 0 0 0 0 0 0 0 0 0 0 0 0 0 0 0 0 0 0 0 0 0 0 0 0 0 0 1 0 0 0 0 0 0]	2026-08-16_04-46-46	[0]	2026-08-16_04-46-46
7	2026-08-16_04-46-46	-1.0	2026-08-16_04-46-46	10.910808563232422	2026-08-16_04-46-46	1.4779070615768433	2026-08-16_04-46-46	1.444329023361206	2026-08-16_04-46-46	4.051009654998779	2026-08-16_04-46-46	3.937563180923462	2026-08-16_04-46-46	True	2026-08-16_04-46-46	[0 0 0 1 0]	2026-08-16_04-46-46	[1 1 0 0 0]	2026-08-16_04-46-46	[0 0 0 0 0 1 0 0 0 0 0 0 0 0 0 0 0 0 0 0 0 0 0 0 0 0 0 0 0 0 0 0 0 0 0 0 0 0 0 0 0 1 0 0 0 0 0 0 0 0 0 1 1 0 0 0 0 0 0 0 0 0 0 0 0 0 0 0 0 0 0 0 0]	2026-08-16_04-46-46	[0 0 0 0 0 0 0 0 0 0 0 0 0 0 0 0 0 0 0 1 0 0 0 0 0 0 0 0 0 0 0 0 0 0 0 0 0 0 0 0 0 0 0 0 0 0 0 0 0 0 0 0 0 0 0 0 0 0 0 0 0 0 0 0 0 0 1 0 0 0 0 0 0]	2026-08-16_04-46-46	[0]	2026-08-16_04-46-46	[0 0 0 1 0]	2026-08-16_04-46-46	[1 1 0 0 0]	2026-08-16_04-46-46	[0 0 0 0 0 1 0 0 0 0 0 0 0 0 0 0 0 0 0 0 0 0 0 0 0 0 0 0 0 0 0 0 0 0 0 0 0 0 0 0 0 1 0 0 0 0 0 0 0 0 0 0 1 0 0 0 0 0 0 0 0 0 0 0 0 0 0 0 0 0 0 0 0]	2026-08-16_04-46-46	[0 0 0 0 0 0 0 0 0 0 0 0 0 0 0 0 0 0 0 0 0 0 0 0 0 0 0 0 0 0 0 0 0 0 0 0 0 0 0 0 0 0 0 0 0 0 0 0 0 0 0 0 0 0 0 0 0 0 0 0 0 0 0 0 0 0 1 0 0 0 0 0 0]	2026-08-16_04-46-46	[0]	2026-08-16_04-46-46
7	2026-08-16_04-46-46	-1.0	2026-08-16_04-46-46	10.85689926147461	2026-08-16_04-46-46	1.4667140245437622	2026-08-16_04-46-46	1.4172109365463257	2026-08-16_04-46-46	4.0482497215271	2026-08-16_04-46-46	3.924724817276001	2026-08-16_04-46-46	True	2026-08-16_04-46-46	[0 0 0 1 0]	2026-08-16_04-46-46	[1 1 0 0 0]	2026-08-16_04-46-46	[0 0 0 0 0 1 0 0 0 0 0 0 0 0 0 0 0 0 0 0 0 0 0 0 0 0 0 0 0 0 0 0 0 0 0 0 0 0 0 0 0 1 0 0 0 0 0 0 0 0 0 0 1 0 0 0 0 0 0 0 0 0 0 0 0 0 0 0 0 0 0 0 0]	2026-08-16_04-46-46	[0 0 0 0 0 0 0 0 0 0 0 0 0 0 0 0 0 0 0 0 0 0 0 0 0 0 0 0 0 0 0 0 0 0 0 0 0 0 0 0 0 0 0 0 0 0 0 0 0 0 0 0 0 0 0 0 0 0 0 0 0 0 0 0 0 0 1 0 0 0 0 0 0]	2026-08-16_04-46-46	[0]	2026-08-16_04-46-46	[0 0 0 1 0]	2026-08-16_04-46-46	[1 1 0 0 0]	2026-08-16_04-46-46	[0 0 0 0 0 1 0 0 0 0 0 0 0 0 0 0 0 0 0 0 0 0 0 0 0 0 0 0 0 0 0 0 0 0 0 0 0 0 0 0 0 1 0 0 0 0 0 0 0 0 0 1 1 0 0 0 0 0 0 0 0 0 0 0 0 0 0 0 0 0 0 0 0]	2026-08-16_04-46-46	[0 0 0 0 0 0 0 0 0 0 0 0 0 0 0 0 0 0 0 1 0 0 0 0 0 0 0 0 0 0 0 0 0 0 0 0 0 0 0 0 0 0 0 0 0 0 0 0 0 0 0 0 0 0 0 0 0 0 0 0 0 0 0 0 0 0 1 0 0 0 0 0 0]	2026-08-16_04-46-46	[0]	2026-08-16_04-46-46
7	2026-08-16_04-46-46	-1.0	2026-08-16_04-46-46	11.04765510559082	2026-08-16_04-46-46	1.5238332748413086	2026-08-16_04-46-46	1.5087429285049438	2026-08-16_04-46-46	4.0680952072143555	2026-08-16_04-46-46	3.94698429107666	2026-08-16_04-46-46	True	2026-08-16_04-46-46	[0 0 0 1 0]	2026-08-16_04-46-46	[1 1 0 0 0]	2026-08-16_04-46-46	[0 0 0 0 0 1 0 0 0 0 0 0 0 0 0 0 0 0 0 0 0 0 0 0 0 0 0 0 0 0 0 0 0 0 0 0 0 0 0 0 0 1 0 0 0 0 0 0 0 0 0 1 1 0 0 0 0 0 0 0 0 0 0 0 0 0 0 0 0 0 0 0 0]	2026-08-16_04-46-46	[0 0 0 0 0 0 0 0 0 0 0 0 0 0 0 0 0 0 0 1 0 0 0 0 0 0 0 0 0 0 0 0 0 0 0 0 0 0 0 0 0 0 0 0 0 0 0 0 0 0 0 0 0 0 0 0 0 0 0 0 0 0 0 0 0 0 1 0 0 0 0 0 0]	2026-08-16_04-46-46	[0]	2026-08-16_04-46-46	[0 0 0 1 0]	2026-08-16_04-46-46	[1 1 0 0 0]	2026-08-16_04-46-46	[0 0 0 0 0 1 0 0 0 0 0 0 0 0 0 0 0 0 0 0 0 0 0 0 0 0 0 0 0 0 0 0 0 0 0 0 0 0 0 0 0 1 0 0 0 0 0 0 0 0 0 0 1 0 0 0 0 0 0 0 0 0 0 0 0 0 0 0 0 0 0 0 0]	2026-08-16_04-46-46	[0 0 0 0 0 0 0 0 0 0 0 0 0 0 0 0 0 0 0 0 0 0 0 0 0 0 0 0 0 0 0 0 0 0 0 0 0 0 0 0 0 0 0 0 0 0 0 0 0 0 0 0 0 0 0 0 0 0 0 0 0 0 0 0 0 0 1 0 0 0 0 0 0]	2026-08-16_04-46-46	[0]	2026-08-16_04-46-46
7	2026-08-16_04-46-46	-1.0	2026-08-16_04-46-46	10.917329788208008	2026-08-16_04-46-46	1.4953317642211914	2026-08-16_04-46-46	1.4493324756622314	2026-08-16_04-46-46	4.049479961395264	2026-08-16_04-46-46	3.9231855869293213	2026-08-16_04-46-46	True	2026-08-16_04-46-46	[0 0 0 1 0]	2026-08-16_04-46-46	[1 1 0 0 0]	2026-08-16_04-46-46	[0 0 0 0 0 1 0 0 0 0 0 0 0 0 0 0 0 0 0 0 0 0 0 0 0 0 0 0 0 0 0 0 0 0 0 0 0 0 0 0 0 1 0 0 0 0 0 0 0 0 0 0 1 0 0 0 0 0 0 0 0 0 0 0 0 0 0 0 0 0 0 0 0]	2026-08-16_04-46-46	[0 0 0 0 0 0 0 0 0 0 0 0 0 0 0 0 0 0 0 0 0 0 0 0 0 0 0 0 0 0 0 0 0 0 0 0 0 0 0 0 0 0 0 0 0 0 0 0 0 0 0 0 0 0 0 0 0 0 0 0 0 0 0 0 0 0 1 0 0 0 0 0 0]	2026-08-16_04-46-46	[0]	2026-08-16_04-46-46	[0 0 0 1 0]	2026-08-16_04-46-46	[1 1 0 0 0]	2026-08-16_04-46-46	[0 0 0 0 0 1 0 0 0 0 0 0 0 0 0 0 0 0 0 0 0 0 0 0 0 0 0 0 0 0 0 0 0 0 0 0 0 0 0 0 0 1 0 0 0 0 0 0 0 0 0 1 1 0 0 0 0 0 0 0 0 0 0 0 0 0 0 0 0 0 0 0 0]	2026-08-16_04-46-46	[0 0 0 0 0 0 0 0 0 0 0 0 0 0 0 0 0 0 0 1 0 0 0 0 0 0 0 0 0 0 0 0 0 0 0 0 0 0 0 0 0 0 0 0 0 0 0 0 0 0 0 0 0 0 0 0 0 0 0 0 0 0 0 0 0 0 1 0 0 0 0 0 0]	2026-08-16_04-46-46	[0]	2026-08-16_04-46-46
7	2026-08-16_04-46-46	-1.0	2026-08-16_04-46-46	11.049545288085938	2026-08-16_04-46-46	1.5160151720046997	2026-08-16_04-46-46	1.5110175609588623	2026-08-16_04-46-46	4.072072982788086	2026-08-16_04-46-46	3.950439691543579	2026-08-16_04-46-46	True	2026-08-16_04-46-46	[0 0 0 1 0]	2026-08-16_04-46-46	[1 1 0 0 0]	2026-08-16_04-46-46	[0 0 0 0 0 1 0 0 0 0 0 0 0 0 0 0 0 0 0 0 0 0 0 0 0 0 0 0 0 0 0 0 0 0 0 0 0 0 0 0 0 1 0 0 0 0 0 0 0 0 0 1 1 0 0 0 0 0 0 0 0 0 0 0 0 0 0 0 0 0 0 0 0]	2026-08-16_04-46-46	[0 0 0 0 0 0 0 0 0 0 0 0 0 0 0 0 0 0 0 1 0 0 0 0 0 0 0 0 0 0 0 0 0 0 0 0 0 0 0 0 0 0 0 0 0 0 0 0 0 0 0 0 0 0 0 0 0 0 0 0 0 0 0 0 0 0 1 0 0 0 0 0 0]	2026-08-16_04-46-46	[0]	2026-08-16_04-46-46	[0 0 0 1 0]	2026-08-16_04-46-46	[1 1 0 0 0]	2026-08-16_04-46-46	[0 0 0 0 0 1 0 0 0 0 0 0 0 0 0 0 0 0 0 0 0 0 0 0 0 0 0 0 0 0 0 0 0 0 0 0 0 0 0 0 0 1 0 0 0 0 0 0 0 0 0 0 1 0 0 0 0 0 0 0 0 0 0 0 0 0 0 0 0 0 0 0 0]	2026-08-16_04-46-46	[0 0 0 0 0 0 0 0 0 0 0 0 0 0 0 0 0 0 0 0 0 0 0 0 0 0 0 0 0 0 0 0 0 0 0 0 0 0 0 0 0 0 0 0 0 0 0 0 0 0 0 0 0 0 0 0 0 0 0 0 0 0 0 0 0 0 1 0 0 0 0 0 0]	2026-08-16_04-46-46	[0]	2026-08-16_04-46-46
7	2026-08-16_04-46-46	-1.0	2026-08-16_04-46-46	10.846920013427734	2026-08-16_04-46-46	1.4682003259658813	2026-08-16_04-46-46	1.420654296875	2026-08-16_04-46-46	4.045098304748535	2026-08-16_04-46-46	3.9129676818847656	2026-08-16_04-46-46	True	2026-08-16_04-46-46	[0 0 0 1 0]	2026-08-16_04-46-46	[1 1 0 0 0]	2026-08-16_04-46-46	[0 0 0 0 0 1 0 0 0 0 0 0 0 0 0 0 0 0 0 0 0 0 0 0 0 0 0 0 0 0 0 0 0 0 0 0 0 0 0 0 0 1 0 0 0 0 0 0 0 0 0 0 1 0 0 0 0 0 0 0 0 0 0 0 0 0 0 0 0 0 0 0 0]	2026-08-16_04-46-46	[0 0 0 0 0 0 0 0 0 0 0 0 0 0 0 0 0 0 0 0 0 0 0 0 0 0 0 0 0 0 0 0 0 0 0 0 0 0 0 0 0 0 0 0 0 0 0 0 0 0 0 0 0 0 0 0 0 0 0 0 0 0 0 0 0 0 1 0 0 0 0 0 0]	2026-08-16_04-46-46	[0]	2026-08-16_04-46-46	[0 0 0 1 0]	2026-08-16_04-46-46	[1 1 0 0 0]	2026-08-16_04-46-46	[0 0 0 0 0 1 0 0 0 0 0 0 0 0 0 0 0 0 0 0 0 0 0 0 0 0 0 0 0 0 0 0 0 0 0 0 0 0 0 0 0 1 0 0 0 0 0 0 0 0 0 1 1 0 0 0 0 0 0 0 0 0 0 0 0 0 0 0 0 0 0 0 0]	2026-08-16_04-46-46	[0 0 0 0 0 0 0 0 0 0 0 0 0 0 0 0 0 0 0 1 0 0 0 0 0 0 0 0 0 0 0 0 0 0 0 0 0 0 0 0 0 0 0 0 0 0 0 0 0 0 0 0 0 0 0 0 0 0 0 0 0 0 0 0 0 0 1 0 0 0 0 0 0]	2026-08-16_04-46-46	[0]	2026-08-16_04-46-46
7	2026-08-16_04-46-46	-1.0	2026-08-16_04-46-46	11.100038528442383	2026-08-16_04-46-46	1.5240259170532227	2026-08-16_04-46-46	1.529849648475647	2026-08-16_04-46-46	4.0775532722473145	2026-08-16_04-46-46	3.9686098098754883	2026-08-16_04-46-46	True	2026-08-16_04-46-46	[0 0 0 1 0]	2026-08-16_04-46-46	[1 1 0 0 0]	2026-08-16_04-46-46	[0 0 0 0 0 1 0 0 0 0 0 0 0 0 0 0 0 0 0 0 0 0 0 0 0 0 0 0 0 0 0 0 0 0 0 0 0 0 0 0 0 1 0 0 0 0 0 0 0 0 0 1 1 0 0 0 0 0 0 0 0 0 0 0 0 0 0 0 0 0 0 0 0]	2026-08-16_04-46-46	[0 0 0 0 0 0 0 0 0 0 0 0 0 0 0 0 0 0 0 1 0 0 0 0 0 0 0 0 0 0 0 0 0 0 0 0 0 0 0 0 0 0 0 0 0 0 0 0 0 0 0 0 0 0 0 0 0 0 0 0 0 0 0 0 0 0 1 0 0 0 0 0 0]	2026-08-16_04-46-46	[0]	2026-08-16_04-46-46	[0 0 0 1 0]	2026-08-16_04-46-46	[1 1 0 0 0]	2026-08-16_04-46-46	[0 0 0 0 0 1 0 0 0 0 0 0 0 0 0 0 0 0 0 0 0 0 0 0 0 0 0 0 0 0 0 0 0 0 0 0 0 0 0 0 0 1 0 0 0 0 0 0 0 0 0 0 1 0 0 0 0 0 0 0 0 0 0 0 0 0 0 0 0 0 0 0 0]	2026-08-16_04-46-46	[0 0 0 0 0 0 0 0 0 0 0 0 0 0 0 0 0 0 0 0 0 0 0 0 0 0 0 0 0 0 0 0 0 0 0 0 0 0 0 0 0 0 0 0 0 0 0 0 0 0 0 0 0 0 0 0 0 0 0 0 0 0 0 0 0 0 1 0 0 0 0 0 0]	2026-08-16_04-46-46	[0]	2026-08-16_04-46-46
7	2026-08-16_04-46-46	-1.0	2026-08-16_04-46-46	11.011545181274414	2026-08-16_04-46-46	1.5172505378723145	2026-08-16_04-46-46	1.5015791654586792	2026-08-16_04-46-46	4.060504913330078	2026-08-16_04-46-46	3.9322104454040527	2026-08-16_04-46-46	True	2026-08-16_04-46-46	[0 0 0 1 0]	2026-08-16_04-46-46	[1 1 0 0 0]	2026-08-16_04-46-46	[0 0 0 0 0 1 0 0 0 0 0 0 0 0 0 0 0 0 0 0 0 0 0 0 0 0 0 0 0 0 0 0 0 0 0 0 0 0 0 0 0 1 0 0 0 0 0 0 0 0 0 0 1 0 0 0 0 0 0 0 0 0 0 0 0 0 0 0 0 0 0 0 0]	2026-08-16_04-46-46	[0 0 0 0 0 0 0 0 0 0 0 0 0 0 0 0 0 0 0 0 0 0 0 0 0 0 0 0 0 0 0 0 0 0 0 0 0 0 0 0 0 0 0 0 0 0 0 0 0 0 0 0 0 0 0 0 0 0 0 0 0 0 0 0 0 0 1 0 0 0 0 0 0]	2026-08-16_04-46-46	[0]	2026-08-16_04-46-46	[0 0 0 1 0]	2026-08-16_04-46-46	[1 1 0 0 0]	2026-08-16_04-46-46	[0 0 0 0 0 1 0 0 0 0 0 0 0 0 0 0 0 0 0 0 0 0 0 0 0 0 0 0 0 0 0 0 0 0 0 0 0 0 0 0 0 1 0 0 0 0 0 0 0 0 0 1 1 0 0 0 0 0 0 0 0 0 0 0 0 0 0 0 0 0 0 0 0]	2026-08-16_04-46-46	[0 0 0 0 0 0 0 0 0 0 0 0 0 0 0 0 0 0 0 1 0 0 0 0 0 0 0 0 0 0 0 0 0 0 0 0 0 0 0 0 0 0 0 0 0 0 0 0 0 0 0 0 0 0 0 0 0 0 0 0 0 0 0 0 0 0 1 0 0 0 0 0 0]	2026-08-16_04-46-46	[0]	2026-08-16_04-46-46
7	2026-08-16_04-46-46	-1.0	2026-08-16_04-46-46	10.951043128967285	2026-08-16_04-46-46	1.5012749433517456	2026-08-16_04-46-46	1.4571874141693115	2026-08-16_04-46-46	4.056726455688477	2026-08-16_04-46-46	3.935854434967041	2026-08-16_04-46-46	True	2026-08-16_04-46-46	[0 0 0 1 0]	2026-08-16_04-46-46	[1 1 0 0 0]	2026-08-16_04-46-46	[0 0 0 0 0 1 0 0 0 0 0 0 0 0 0 0 0 0 0 0 0 0 0 0 0 0 0 0 0 0 0 0 0 0 0 0 0 0 0 0 0 1 0 0 0 0 0 0 0 0 0 1 1 0 0 0 0 0 0 0 0 0 0 0 0 0 0 0 0 0 0 0 0]	2026-08-16_04-46-46	[0 0 0 0 0 0 0 0 0 0 0 0 0 0 0 0 0 0 0 1 0 0 0 0 0 0 0 0 0 0 0 0 0 0 0 0 0 0 0 0 0 0 0 0 0 0 0 0 0 0 0 0 0 0 0 0 0 0 0 0 0 0 0 0 0 0 1 0 0 0 0 0 0]	2026-08-16_04-46-46	[0]	2026-08-16_04-46-46	[0 0 0 1 0]	2026-08-16_04-46-46	[1 1 0 0 0]	2026-08-16_04-46-46	[0 0 0 0 0 1 0 0 0 0 0 0 0 0 0 0 0 0 0 0 0 0 0 0 0 0 0 0 0 0 0 0 0 0 0 0 0 0 0 0 0 1 0 0 0 0 0 0 0 0 0 0 1 0 0 0 0 0 0 0 0 0 0 0 0 0 0 0 0 0 0 0 0]	2026-08-16_04-46-46	[0 0 0 0 0 0 0 0 0 0 0 0 0 0 0 0 0 0 0 0 0 0 0 0 0 0 0 0 0 0 0 0 0 0 0 0 0 0 0 0 0 0 0 0 0 0 0 0 0 0 0 0 0 0 0 0 0 0 0 0 0 0 0 0 0 0 1 0 0 0 0 0 0]	2026-08-16_04-46-46	[0]	2026-08-16_04-46-46
7	2026-08-16_04-46-46	-1.0	2026-08-16_04-46-46	10.883016586303711	2026-08-16_04-46-46	1.4820760488510132	2026-08-16_04-46-46	1.4388878345489502	2026-08-16_04-46-46	4.0487446784973145	2026-08-16_04-46-46	3.9133079051971436	2026-08-16_04-46-46	True	2026-08-16_04-46-46	[0 0 0 1 0]	2026-08-16_04-46-46	[1 1 0 0 0]	2026-08-16_04-46-46	[0 0 0 0 0 1 0 0 0 0 0 0 0 0 0 0 0 0 0 0 0 0 0 0 0 0 0 0 0 0 0 0 0 0 0 0 0 0 0 0 0 1 0 0 0 0 0 0 0 0 0 0 1 0 0 0 0 0 0 0 0 0 0 0 0 0 0 0 0 0 0 0 0]	2026-08-16_04-46-46	[0 0 0 0 0 0 0 0 0 0 0 0 0 0 0 0 0 0 0 0 0 0 0 0 0 0 0 0 0 0 0 0 0 0 0 0 0 0 0 0 0 0 0 0 0 0 0 0 0 0 0 0 0 0 0 0 0 0 0 0 0 0 0 0 0 0 1 0 0 0 0 0 0]	2026-08-16_04-46-46	[0]	2026-08-16_04-46-46	[0 0 0 1 0]	2026-08-16_04-46-46	[1 1 0 0 0]	2026-08-16_04-46-46	[0 0 0 0 0 1 0 0 0 0 0 0 0 0 0 0 0 0 0 0 0 0 0 0 0 0 0 0 0 0 0 0 0 0 0 0 0 0 0 0 0 1 0 0 0 0 0 0 0 0 0 1 1 0 0 0 0 0 0 0 0 0 0 0 0 0 0 0 0 0 0 0 0]	2026-08-16_04-46-46	[0 0 0 0 0 0 0 0 0 0 0 0 0 0 0 0 0 0 0 1 0 0 0 0 0 0 0 0 0 0 0 0 0 0 0 0 0 0 0 0 0 0 0 0 0 0 0 0 0 0 0 0 0 0 0 0 0 0 0 0 0 0 0 0 0 0 1 0 0 0 0 0 0]	2026-08-16_04-46-46	[0]	2026-08-16_04-46-46
7	2026-08-16_04-46-46	-1.0	2026-08-16_04-46-46	10.953104019165039	2026-08-16_04-46-46	1.506826639175415	2026-08-16_04-46-46	1.4620890617370605	2026-08-16_04-46-46	4.053768157958984	2026-08-16_04-46-46	3.930420160293579	2026-08-16_04-46-46	True	2026-08-16_04-46-46	[0 0 0 1 0]	2026-08-16_04-46-46	[1 1 0 0 0]	2026-08-16_04-46-46	[0 0 0 0 0 1 0 0 0 0 0 0 0 0 0 0 0 0 0 0 0 0 0 0 0 0 0 0 0 0 0 0 0 0 0 0 0 0 0 0 0 1 0 0 0 0 0 0 0 0 0 1 1 0 0 0 0 0 0 0 0 0 0 0 0 0 0 0 0 0 0 0 0]	2026-08-16_04-46-46	[0 0 0 0 0 0 0 0 0 0 0 0 0 0 0 0 0 0 0 1 0 0 0 0 0 0 0 0 0 0 0 0 0 0 0 0 0 0 0 0 0 0 0 0 0 0 0 0 0 0 0 0 0 0 0 0 0 0 0 0 0 0 0 0 0 0 1 0 0 0 0 0 0]	2026-08-16_04-46-46	[0]	2026-08-16_04-46-46	[0 0 0 1 0]	2026-08-16_04-46-46	[1 1 0 0 0]	2026-08-16_04-46-46	[0 0 0 0 0 1 0 0 0 0 0 0 0 0 0 0 0 0 0 0 0 0 0 0 0 0 0 0 0 0 0 0 0 0 0 0 0 0 0 0 0 1 0 0 0 0 0 0 0 0 0 0 1 0 0 0 0 0 0 0 0 0 0 0 0 0 0 0 0 0 0 0 0]	2026-08-16_04-46-46	[0 0 0 0 0 0 0 0 0 0 0 0 0 0 0 0 0 0 0 0 0 0 0 0 0 0 0 0 0 0 0 0 0 0 0 0 0 0 0 0 0 0 0 0 0 0 0 0 0 0 0 0 0 0 0 0 0 0 0 0 0 0 0 0 0 0 1 0 0 0 0 0 0]	2026-08-16_04-46-46	[0]	2026-08-16_04-46-46
7	2026-08-16_04-46-46	-1.0	2026-08-16_04-46-46	11.01491928100586	2026-08-16_04-46-46	1.5000677108764648	2026-08-16_04-46-46	1.5075339078903198	2026-08-16_04-46-46	4.06434965133667	2026-08-16_04-46-46	3.9429678916931152	2026-08-16_04-46-46	True	2026-08-16_04-46-46	[0 0 0 1 0]	2026-08-16_04-46-46	[1 1 0 0 0]	2026-08-16_04-46-46	[0 0 0 0 0 1 0 0 0 0 0 0 0 0 0 0 0 0 0 0 0 0 0 0 0 0 0 0 0 0 0 0 0 0 0 0 0 0 0 0 0 1 0 0 0 0 0 0 0 0 0 0 1 0 0 0 0 0 0 0 0 0 0 0 0 0 0 0 0 0 0 0 0]	2026-08-16_04-46-46	[0 0 0 0 0 0 0 0 0 0 0 0 0 0 0 0 0 0 0 0 0 0 0 0 0 0 0 0 0 0 0 0 0 0 0 0 0 0 0 0 0 0 0 0 0 0 0 0 0 0 0 0 0 0 0 0 0 0 0 0 0 0 0 0 0 0 1 0 0 0 0 0 0]	2026-08-16_04-46-46	[0]	2026-08-16_04-46-46	[0 0 0 1 0]	2026-08-16_04-46-46	[1 1 0 0 0]	2026-08-16_04-46-46	[0 0 0 0 0 1 0 0 0 0 0 0 0 0 0 0 0 0 0 0 0 0 0 0 0 0 0 0 0 0 0 0 0 0 0 0 0 0 0 0 0 1 0 0 0 0 0 0 0 0 0 1 1 0 0 0 0 0 0 0 0 0 0 0 0 0 0 0 0 0 0 0 0]	2026-08-16_04-46-46	[0 0 0 0 0 0 0 0 0 0 0 0 0 0 0 0 0 0 0 1 0 0 0 0 0 0 0 0 0 0 0 0 0 0 0 0 0 0 0 0 0 0 0 0 0 0 0 0 0 0 0 0 0 0 0 0 0 0 0 0 0 0 0 0 0 0 1 0 0 0 0 0 0]	2026-08-16_04-46-46	[0]	2026-08-16_04-46-46
7	2026-08-16_04-46-46	-1.0	2026-08-16_04-46-46	11.002097129821777	2026-08-16_04-46-46	1.5060861110687256	2026-08-16_04-46-46	1.4892714023590088	2026-08-16_04-46-46	4.061713695526123	2026-08-16_04-46-46	3.945026159286499	2026-08-16_04-46-46	True	2026-08-16_04-46-46	[0 0 0 1 0]	2026-08-16_04-46-46	[1 1 0 0 0]	2026-08-16_04-46-46	[0 0 0 0 0 1 0 0 0 0 0 0 0 0 0 0 0 0 0 0 0 0 0 0 0 0 0 0 0 0 0 0 0 0 0 0 0 0 0 0 0 1 0 0 0 0 0 0 0 0 0 1 1 0 0 0 0 0 0 0 0 0 0 0 0 0 0 0 0 0 0 0 0]	2026-08-16_04-46-46	[0 0 0 0 0 0 0 0 0 0 0 0 0 0 0 0 0 0 0 1 0 0 0 0 0 0 0 0 0 0 0 0 0 0 0 0 0 0 0 0 0 0 0 0 0 0 0 0 0 0 0 0 0 0 0 0 0 0 0 0 0 0 0 0 0 0 1 0 0 0 0 0 0]	2026-08-16_04-46-46	[0]	2026-08-16_04-46-46	[0 0 0 1 0]	2026-08-16_04-46-46	[1 1 0 0 0]	2026-08-16_04-46-46	[0 0 0 0 0 1 0 0 0 0 0 0 0 0 0 0 0 0 0 0 0 0 0 0 0 0 0 0 0 0 0 0 0 0 0 0 0 0 0 0 0 1 0 0 0 0 0 0 0 0 0 0 1 0 0 0 0 0 0 0 0 0 0 0 0 0 0 0 0 0 0 0 0]	2026-08-16_04-46-46	[0 0 0 0 0 0 0 0 0 0 0 0 0 0 0 0 0 0 0 0 0 0 0 0 0 0 0 0 0 0 0 0 0 0 0 0 0 0 0 0 0 0 0 0 0 0 0 0 0 0 0 0 0 0 0 0 0 0 0 0 0 0 0 0 0 0 1 0 0 0 0 0 0]	2026-08-16_04-46-46	[0]	2026-08-16_04-46-46
7	2026-08-16_04-46-46	-1.0	2026-08-16_04-46-46	11.000070571899414	2026-08-16_04-46-46	1.5141055583953857	2026-08-16_04-46-46	1.4919672012329102	2026-08-16_04-46-46	4.058495998382568	2026-08-16_04-46-46	3.93550181388855	2026-08-16_04-46-46	True	2026-08-16_04-46-46	[0 0 0 1 0]	2026-08-16_04-46-46	[1 1 0 0 0]	2026-08-16_04-46-46	[0 0 0 0 0 1 0 0 0 0 0 0 0 0 0 0 0 0 0 0 0 0 0 0 0 0 0 0 0 0 0 0 0 0 0 0 0 0 0 0 0 1 0 0 0 0 0 0 0 0 0 0 1 0 0 0 0 0 0 0 0 0 0 0 0 0 0 0 0 0 0 0 0]	2026-08-16_04-46-46	[0 0 0 0 0 0 0 0 0 0 0 0 0 0 0 0 0 0 0 0 0 0 0 0 0 0 0 0 0 0 0 0 0 0 0 0 0 0 0 0 0 0 0 0 0 0 0 0 0 0 0 0 0 0 0 0 0 0 0 0 0 0 0 0 0 0 1 0 0 0 0 0 0]	2026-08-16_04-46-46	[0]	2026-08-16_04-46-46	[0 0 0 1 0]	2026-08-16_04-46-46	[1 1 0 0 0]	2026-08-16_04-46-46	[0 0 0 0 0 1 0 0 0 0 0 0 0 0 0 0 0 0 0 0 0 0 0 0 0 0 0 0 0 0 0 0 0 0 0 0 0 0 0 0 0 1 0 0 0 0 0 0 0 0 0 1 1 0 0 0 0 0 0 0 0 0 0 0 0 0 0 0 0 0 0 0 0]	2026-08-16_04-46-46	[0 0 0 0 0 0 0 0 0 0 0 0 0 0 0 0 0 0 0 1 0 0 0 0 0 0 0 0 0 0 0 0 0 0 0 0 0 0 0 0 0 0 0 0 0 0 0 0 0 0 0 0 0 0 0 0 0 0 0 0 0 0 0 0 0 0 1 0 0 0 0 0 0]	2026-08-16_04-46-46	[0]	2026-08-16_04-46-46
7	2026-08-16_04-46-46	-1.0	2026-08-16_04-46-46	10.972465515136719	2026-08-16_04-46-46	1.5001813173294067	2026-08-16_04-46-46	1.4704418182373047	2026-08-16_04-46-46	4.061092376708984	2026-08-16_04-46-46	3.9407496452331543	2026-08-16_04-46-46	True	2026-08-16_04-46-46	[0 0 0 1 0]	2026-08-16_04-46-46	[1 1 0 0 0]	2026-08-16_04-46-46	[0 0 0 0 0 1 0 0 0 0 0 0 0 0 0 0 0 0 0 0 0 0 0 0 0 0 0 0 0 0 0 0 0 0 0 0 0 0 0 0 0 1 0 0 0 0 0 0 0 0 0 1 1 0 0 0 0 0 0 0 0 0 0 0 0 0 0 0 0 0 0 0 0]	2026-08-16_04-46-46	[0 0 0 0 0 0 0 0 0 0 0 0 0 0 0 0 0 0 0 1 0 0 0 0 0 0 0 0 0 0 0 0 0 0 0 0 0 0 0 0 0 0 0 0 0 0 0 0 0 0 0 0 0 0 0 0 0 0 0 0 0 0 0 0 0 0 1 0 0 0 0 0 0]	2026-08-16_04-46-46	[0]	2026-08-16_04-46-46	[0 0 0 1 0]	2026-08-16_04-46-46	[1 1 0 0 0]	2026-08-16_04-46-46	[0 0 0 0 0 1 0 0 0 0 0 0 0 0 0 0 0 0 0 0 0 0 0 0 0 0 0 0 0 0 0 0 0 0 0 0 0 0 0 0 0 1 0 0 0 0 0 0 0 0 0 0 1 0 0 0 0 0 0 0 0 0 0 0 0 0 0 0 0 0 0 0 0]	2026-08-16_04-46-46	[0 0 0 0 0 0 0 0 0 0 0 0 0 0 0 0 0 0 0 0 0 0 0 0 0 0 0 0 0 0 0 0 0 0 0 0 0 0 0 0 0 0 0 0 0 0 0 0 0 0 0 0 0 0 0 0 0 0 0 0 0 0 0 0 0 0 1 0 0 0 0 0 0]	2026-08-16_04-46-46	[0]	2026-08-16_04-46-46
7	2026-08-16_04-46-46	-1.0	2026-08-16_04-46-46	10.895503997802734	2026-08-16_04-46-46	1.4884142875671387	2026-08-16_04-46-46	1.442107081413269	2026-08-16_04-46-46	4.050858020782471	2026-08-16_04-46-46	3.9141249656677246	2026-08-16_04-46-46	True	2026-08-16_04-46-46	[0 0 0 1 0]	2026-08-16_04-46-46	[1 1 0 0 0]	2026-08-16_04-46-46	[0 0 0 0 0 1 0 0 0 0 0 0 0 0 0 0 0 0 0 0 0 0 0 0 0 0 0 0 0 0 0 0 0 0 0 0 0 0 0 0 0 1 0 0 0 0 0 0 0 0 0 0 1 0 0 0 0 0 0 0 0 0 0 0 0 0 0 0 0 0 0 0 0]	2026-08-16_04-46-46	[0 0 0 0 0 0 0 0 0 0 0 0 0 0 0 0 0 0 0 0 0 0 0 0 0 0 0 0 0 0 0 0 0 0 0 0 0 0 0 0 0 0 0 0 0 0 0 0 0 0 0 0 0 0 0 0 0 0 0 0 0 0 0 0 0 0 1 0 0 0 0 0 0]	2026-08-16_04-46-46	[0]	2026-08-16_04-46-46	[0 0 0 1 0]	2026-08-16_04-46-46	[1 1 0 0 0]	2026-08-16_04-46-46	[0 0 0 0 0 1 0 0 0 0 0 0 0 0 0 0 0 0 0 0 0 0 0 0 0 0 0 0 0 0 0 0 0 0 0 0 0 0 0 0 0 1 0 0 0 0 0 0 0 0 0 1 1 0 0 0 0 0 0 0 0 0 0 0 0 0 0 0 0 0 0 0 0]	2026-08-16_04-46-46	[0 0 0 0 0 0 0 0 0 0 0 0 0 0 0 0 0 0 0 1 0 0 0 0 0 0 0 0 0 0 0 0 0 0 0 0 0 0 0 0 0 0 0 0 0 0 0 0 0 0 0 0 0 0 0 0 0 0 0 0 0 0 0 0 0 0 1 0 0 0 0 0 0]	2026-08-16_04-46-46	[0]	2026-08-16_04-46-46
7	2026-08-16_04-46-46	-1.0	2026-08-16_04-46-46	11.041775703430176	2026-08-16_04-46-46	1.5179110765457153	2026-08-16_04-46-46	1.50409996509552	2026-08-16_04-46-46	4.064765930175781	2026-08-16_04-46-46	3.954998731613159	2026-08-16_04-46-46	True	2026-08-16_04-46-46	[0 0 0 1 0]	2026-08-16_04-46-46	[1 1 0 0 0]	2026-08-16_04-46-46	[0 0 0 0 0 1 0 0 0 0 0 0 0 0 0 0 0 0 0 0 0 0 0 0 0 0 0 0 0 0 0 0 0 0 0 0 0 0 0 0 0 1 0 0 0 0 0 0 0 0 0 1 1 0 0 0 0 0 0 0 0 0 0 0 0 0 0 0 0 0 0 0 0]	2026-08-16_04-46-46	[0 0 0 0 0 0 0 0 0 0 0 0 0 0 0 0 0 0 0 1 0 0 0 0 0 0 0 0 0 0 0 0 0 0 0 0 0 0 0 0 0 0 0 0 0 0 0 0 0 0 0 0 0 0 0 0 0 0 0 0 0 0 0 0 0 0 1 0 0 0 0 0 0]	2026-08-16_04-46-46	[0]	2026-08-16_04-46-46	[0 0 0 1 0]	2026-08-16_04-46-46	[1 1 0 0 0]	2026-08-16_04-46-46	[0 0 0 0 0 1 0 0 0 0 0 0 0 0 0 0 0 0 0 0 0 0 0 0 0 0 0 0 0 0 0 0 0 0 0 0 0 0 0 0 0 1 0 0 0 0 0 0 0 0 0 0 1 0 0 0 0 0 0 0 0 0 0 0 0 0 0 0 0 0 0 0 0]	2026-08-16_04-46-46	[0 0 0 0 0 0 0 0 0 0 0 0 0 0 0 0 0 0 0 0 0 0 0 0 0 0 0 0 0 0 0 0 0 0 0 0 0 0 0 0 0 0 0 0 0 0 0 0 0 0 0 0 0 0 0 0 0 0 0 0 0 0 0 0 0 0 1 0 0 0 0 0 0]	2026-08-16_04-46-46	[0]	2026-08-16_04-46-46
7	2026-08-16_04-46-46	-1.0	2026-08-16_04-46-46	10.98457145690918	2026-08-16_04-46-46	1.514470100402832	2026-08-16_04-46-46	1.4883288145065308	2026-08-16_04-46-46	4.058446884155273	2026-08-16_04-46-46	3.923325300216675	2026-08-16_04-46-46	True	2026-08-16_04-46-46	[0 0 0 1 0]	2026-08-16_04-46-46	[1 1 0 0 0]	2026-08-16_04-46-46	[0 0 0 0 0 1 0 0 0 0 0 0 0 0 0 0 0 0 0 0 0 0 0 0 0 0 0 0 0 0 0 0 0 0 0 0 0 0 0 0 0 1 0 0 0 0 0 0 0 0 0 0 1 0 0 0 0 0 0 0 0 0 0 0 0 0 0 0 0 0 0 0 0]	2026-08-16_04-46-46	[0 0 0 0 0 0 0 0 0 0 0 0 0 0 0 0 0 0 0 0 0 0 0 0 0 0 0 0 0 0 0 0 0 0 0 0 0 0 0 0 0 0 0 0 0 0 0 0 0 0 0 0 0 0 0 0 0 0 0 0 0 0 0 0 0 0 1 0 0 0 0 0 0]	2026-08-16_04-46-46	[0]	2026-08-16_04-46-46	[0 0 0 1 0]	2026-08-16_04-46-46	[1 1 0 0 0]	2026-08-16_04-46-46	[0 0 0 0 0 1 0 0 0 0 0 0 0 0 0 0 0 0 0 0 0 0 0 0 0 0 0 0 0 0 0 0 0 0 0 0 0 0 0 0 0 1 0 0 0 0 0 0 0 0 0 1 1 0 0 0 0 0 0 0 0 0 0 0 0 0 0 0 0 0 0 0 0]	2026-08-16_04-46-46	[0 0 0 0 0 0 0 0 0 0 0 0 0 0 0 0 0 0 0 1 0 0 0 0 0 0 0 0 0 0 0 0 0 0 0 0 0 0 0 0 0 0 0 0 0 0 0 0 0 0 0 0 0 0 0 0 0 0 0 0 0 0 0 0 0 0 1 0 0 0 0 0 0]	2026-08-16_04-46-46	[0]	2026-08-16_04-46-46
7	2026-08-16_04-46-46	-1.0	2026-08-16_04-46-46	10.943643569946289	2026-08-16_04-46-46	1.4924050569534302	2026-08-16_04-46-46	1.4570856094360352	2026-08-16_04-46-46	4.058387279510498	2026-08-16_04-46-46	3.9357662200927734	2026-08-16_04-46-46	True	2026-08-16_04-46-46	[0 0 0 1 0]	2026-08-16_04-46-46	[1 1 0 0 0]	2026-08-16_04-46-46	[0 0 0 0 0 1 0 0 0 0 0 0 0 0 0 0 0 0 0 0 0 0 0 0 0 0 0 0 0 0 0 0 0 0 0 0 0 0 0 0 0 1 0 0 0 0 0 0 0 0 0 1 1 0 0 0 0 0 0 0 0 0 0 0 0 0 0 0 0 0 0 0 0]	2026-08-16_04-46-46	[0 0 0 0 0 0 0 0 0 0 0 0 0 0 0 0 0 0 0 1 0 0 0 0 0 0 0 0 0 0 0 0 0 0 0 0 0 0 0 0 0 0 0 0 0 0 0 0 0 0 0 0 0 0 0 0 0 0 0 0 0 0 0 0 0 0 1 0 0 0 0 0 0]	2026-08-16_04-46-46	[0]	2026-08-16_04-46-46	[0 0 0 1 0]	2026-08-16_04-46-46	[1 1 0 0 0]	2026-08-16_04-46-46	[0 0 0 0 0 1 0 0 0 0 0 0 0 0 0 0 0 0 0 0 0 0 0 0 0 0 0 0 0 0 0 0 0 0 0 0 0 0 0 0 0 1 0 0 0 0 0 0 0 0 0 0 1 0 0 0 0 0 0 0 0 0 0 0 0 0 0 0 0 0 0 0 0]	2026-08-16_04-46-46	[0 0 0 0 0 0 0 0 0 0 0 0 0 0 0 0 0 0 0 0 0 0 0 0 0 0 0 0 0 0 0 0 0 0 0 0 0 0 0 0 0 0 0 0 0 0 0 0 0 0 0 0 0 0 0 0 0 0 0 0 0 0 0 0 0 0 1 0 0 0 0 0 0]	2026-08-16_04-46-46	[0]	2026-08-16_04-46-46
7	2026-08-16_04-46-46	-1.0	2026-08-16_04-46-46	11.026987075805664	2026-08-16_04-46-46	1.5277125835418701	2026-08-16_04-46-46	1.5030102729797363	2026-08-16_04-46-46	4.060189723968506	2026-08-16_04-46-46	3.9360742568969727	2026-08-16_04-46-46	True	2026-08-16_04-46-46	[0 0 0 1 0]	2026-08-16_04-46-46	[1 1 0 0 0]	2026-08-16_04-46-46	[0 0 0 0 0 1 0 0 0 0 0 0 0 0 0 0 0 0 0 0 0 0 0 0 0 0 0 0 0 0 0 0 0 0 0 0 0 0 0 0 0 1 0 0 0 0 0 0 0 0 0 0 1 0 0 0 0 0 0 0 0 0 0 0 0 0 0 0 0 0 0 0 0]	2026-08-16_04-46-46	[0 0 0 0 0 0 0 0 0 0 0 0 0 0 0 0 0 0 0 0 0 0 0 0 0 0 0 0 0 0 0 0 0 0 0 0 0 0 0 0 0 0 0 0 0 0 0 0 0 0 0 0 0 0 0 0 0 0 0 0 0 0 0 0 0 0 1 0 0 0 0 0 0]	2026-08-16_04-46-46	[0]	2026-08-16_04-46-46	[0 0 0 1 0]	2026-08-16_04-46-46	[1 1 0 0 0]	2026-08-16_04-46-46	[0 0 0 0 0 1 0 0 0 0 0 0 0 0 0 0 0 0 0 0 0 0 0 0 0 0 0 0 0 0 0 0 0 0 0 0 0 0 0 0 0 1 0 0 0 0 0 0 0 0 0 1 1 0 0 0 0 0 0 0 0 0 0 0 0 0 0 0 0 0 0 0 0]	2026-08-16_04-46-46	[0 0 0 0 0 0 0 0 0 0 0 0 0 0 0 0 0 0 0 1 0 0 0 0 0 0 0 0 0 0 0 0 0 0 0 0 0 0 0 0 0 0 0 0 0 0 0 0 0 0 0 0 0 0 0 0 0 0 0 0 0 0 0 0 0 0 1 0 0 0 0 0 0]	2026-08-16_04-46-46	[0]	2026-08-16_04-46-46
7	2026-08-16_04-46-46	-1.0	2026-08-16_04-46-46	11.017413139343262	2026-08-16_04-46-46	1.5158377885818481	2026-08-16_04-46-46	1.4930226802825928	2026-08-16_04-46-46	4.064538478851318	2026-08-16_04-46-46	3.944014310836792	2026-08-16_04-46-46	True	2026-08-16_04-46-46	[0 0 0 1 0]	2026-08-16_04-46-46	[1 1 0 0 0]	2026-08-16_04-46-46	[0 0 0 0 0 1 0 0 0 0 0 0 0 0 0 0 0 0 0 0 0 0 0 0 0 0 0 0 0 0 0 0 0 0 0 0 0 0 0 0 0 1 0 0 0 0 0 0 0 0 0 1 1 0 0 0 0 0 0 0 0 0 0 0 0 0 0 0 0 0 0 0 0]	2026-08-16_04-46-46	[0 0 0 0 0 0 0 0 0 0 0 0 0 0 0 0 0 0 0 1 0 0 0 0 0 0 0 0 0 0 0 0 0 0 0 0 0 0 0 0 0 0 0 0 0 0 0 0 0 0 0 0 0 0 0 0 0 0 0 0 0 0 0 0 0 0 1 0 0 0 0 0 0]	2026-08-16_04-46-46	[0]	2026-08-16_04-46-46	[0 0 0 1 0]	2026-08-16_04-46-46	[1 1 0 0 0]	2026-08-16_04-46-46	[0 0 0 0 0 1 0 0 0 0 0 0 0 0 0 0 0 0 0 0 0 0 0 0 0 0 0 0 0 0 0 0 0 0 0 0 0 0 0 0 0 1 0 0 0 0 0 0 0 0 0 0 1 0 0 0 0 0 0 0 0 0 0 0 0 0 0 0 0 0 0 0 0]	2026-08-16_04-46-46	[0 0 0 0 0 0 0 0 0 0 0 0 0 0 0 0 0 0 0 0 0 0 0 0 0 0 0 0 0 0 0 0 0 0 0 0 0 0 0 0 0 0 0 0 0 0 0 0 0 0 0 0 0 0 0 0 0 0 0 0 0 0 0 0 0 0 1 0 0 0 0 0 0]	2026-08-16_04-46-46	[0]	2026-08-16_04-46-46
7	2026-08-16_04-46-46	-1.0	2026-08-16_04-46-46	10.841922760009766	2026-08-16_04-46-46	1.467115879058838	2026-08-16_04-46-46	1.420032024383545	2026-08-16_04-46-46	4.042091369628906	2026-08-16_04-46-46	3.9126834869384766	2026-08-16_04-46-46	True	2026-08-16_04-46-46	[0 0 0 1 0]	2026-08-16_04-46-46	[1 1 0 0 0]	2026-08-16_04-46-46	[0 0 0 0 0 1 0 0 0 0 0 0 0 0 0 0 0 0 0 0 0 0 0 0 0 0 0 0 0 0 0 0 0 0 0 0 0 0 0 0 0 1 0 0 0 0 0 0 0 0 0 0 1 0 0 0 0 0 0 0 0 0 0 0 0 0 0 0 0 0 0 0 0]	2026-08-16_04-46-46	[0 0 0 0 0 0 0 0 0 0 0 0 0 0 0 0 0 0 0 0 0 0 0 0 0 0 0 0 0 0 0 0 0 0 0 0 0 0 0 0 0 0 0 0 0 0 0 0 0 0 0 0 0 0 0 0 0 0 0 0 0 0 0 0 0 0 1 0 0 0 0 0 0]	2026-08-16_04-46-46	[0]	2026-08-16_04-46-46	[0 0 0 1 0]	2026-08-16_04-46-46	[1 1 0 0 0]	2026-08-16_04-46-46	[0 0 0 0 0 1 0 0 0 0 0 0 0 0 0 0 0 0 0 0 0 0 0 0 0 0 0 0 0 0 0 0 0 0 0 0 0 0 0 0 0 1 0 0 0 0 0 0 0 0 0 1 1 0 0 0 0 0 0 0 0 0 0 0 0 0 0 0 0 0 0 0 0]	2026-08-16_04-46-46	[0 0 0 0 0 0 0 0 0 0 0 0 0 0 0 0 0 0 0 1 0 0 0 0 0 0 0 0 0 0 0 0 0 0 0 0 0 0 0 0 0 0 0 0 0 0 0 0 0 0 0 0 0 0 0 0 0 0 0 0 0 0 0 0 0 0 1 0 0 0 0 0 0]	2026-08-16_04-46-46	[0]	2026-08-16_04-46-46
7	2026-08-16_04-46-46	-1.0	2026-08-16_04-46-46	11.017767906188965	2026-08-16_04-46-46	1.5238133668899536	2026-08-16_04-46-46	1.499189853668213	2026-08-16_04-46-46	4.061305046081543	2026-08-16_04-46-46	3.933459758758545	2026-08-16_04-46-46	True	2026-08-16_04-46-46	[0 0 0 1 0]	2026-08-16_04-46-46	[1 1 0 0 0]	2026-08-16_04-46-46	[0 0 0 0 0 1 0 0 0 0 0 0 0 0 0 0 0 0 0 0 0 0 0 0 0 0 0 0 0 0 0 0 0 0 0 0 0 0 0 0 0 1 0 0 0 0 0 0 0 0 0 1 1 0 0 0 0 0 0 0 0 0 0 0 0 0 0 0 0 0 0 0 0]	2026-08-16_04-46-46	[0 0 0 0 0 0 0 0 0 0 0 0 0 0 0 0 0 0 0 1 0 0 0 0 0 0 0 0 0 0 0 0 0 0 0 0 0 0 0 0 0 0 0 0 0 0 0 0 0 0 0 0 0 0 0 0 0 0 0 0 0 0 0 0 0 0 1 0 0 0 0 0 0]	2026-08-16_04-46-46	[0]	2026-08-16_04-46-46	[0 0 0 1 0]	2026-08-16_04-46-46	[1 1 0 0 0]	2026-08-16_04-46-46	[0 0 0 0 0 1 0 0 0 0 0 0 0 0 0 0 0 0 0 0 0 0 0 0 0 0 0 0 0 0 0 0 0 0 0 0 0 0 0 0 0 1 0 0 0 0 0 0 0 0 0 0 1 0 0 0 0 0 0 0 0 0 0 0 0 0 0 0 0 0 0 0 0]	2026-08-16_04-46-46	[0 0 0 0 0 0 0 0 0 0 0 0 0 0 0 0 0 0 0 0 0 0 0 0 0 0 0 0 0 0 0 0 0 0 0 0 0 0 0 0 0 0 0 0 0 0 0 0 0 0 0 0 0 0 0 0 0 0 0 0 0 0 0 0 0 0 1 0 0 0 0 0 0]	2026-08-16_04-46-46	[0]	2026-08-16_04-46-46
7	2026-08-16_04-46-46	-1.0	2026-08-16_04-46-46	10.921882629394531	2026-08-16_04-46-46	1.4928594827651978	2026-08-16_04-46-46	1.456713080406189	2026-08-16_04-46-46	4.050967216491699	2026-08-16_04-46-46	3.921342372894287	2026-08-16_04-46-46	True	2026-08-16_04-46-46	[0 0 0 1 0]	2026-08-16_04-46-46	[1 1 0 0 0]	2026-08-16_04-46-46	[0 0 0 0 0 1 0 0 0 0 0 0 0 0 0 0 0 0 0 0 0 0 0 0 0 0 0 0 0 0 0 0 0 0 0 0 0 0 0 0 0 1 0 0 0 0 0 0 0 0 0 0 1 0 0 0 0 0 0 0 0 0 0 0 0 0 0 0 0 0 0 0 0]	2026-08-16_04-46-46	[0 0 0 0 0 0 0 0 0 0 0 0 0 0 0 0 0 0 0 0 0 0 0 0 0 0 0 0 0 0 0 0 0 0 0 0 0 0 0 0 0 0 0 0 0 0 0 0 0 0 0 0 0 0 0 0 0 0 0 0 0 0 0 0 0 0 1 0 0 0 0 0 0]	2026-08-16_04-46-46	[0]	2026-08-16_04-46-46	[0 0 0 1 0]	2026-08-16_04-46-46	[1 1 0 0 0]	2026-08-16_04-46-46	[0 0 0 0 0 1 0 0 0 0 0 0 0 0 0 0 0 0 0 0 0 0 0 0 0 0 0 0 0 0 0 0 0 0 0 0 0 0 0 0 0 1 0 0 0 0 0 0 0 0 0 1 1 0 0 0 0 0 0 0 0 0 0 0 0 0 0 0 0 0 0 0 0]	2026-08-16_04-46-46	[0 0 0 0 0 0 0 0 0 0 0 0 0 0 0 0 0 0 0 1 0 0 0 0 0 0 0 0 0 0 0 0 0 0 0 0 0 0 0 0 0 0 0 0 0 0 0 0 0 0 0 0 0 0 0 0 0 0 0 0 0 0 0 0 0 0 1 0 0 0 0 0 0]	2026-08-16_04-46-46	[0]	2026-08-16_04-46-46
7	2026-08-16_04-46-46	-1.0	2026-08-16_04-46-46	10.992303848266602	2026-08-16_04-46-46	1.5140080451965332	2026-08-16_04-46-46	1.4841020107269287	2026-08-16_04-46-46	4.0622968673706055	2026-08-16_04-46-46	3.9318974018096924	2026-08-16_04-46-46	True	2026-08-16_04-46-46	[0 0 0 1 0]	2026-08-16_04-46-46	[1 1 0 0 0]	2026-08-16_04-46-46	[0 0 0 0 0 1 0 0 0 0 0 0 0 0 0 0 0 0 0 0 0 0 0 0 0 0 0 0 0 0 0 0 0 0 0 0 0 0 0 0 0 1 0 0 0 0 0 0 0 0 0 1 1 0 0 0 0 0 0 0 0 0 0 0 0 0 0 0 0 0 0 0 0]	2026-08-16_04-46-46	[0 0 0 0 0 0 0 0 0 0 0 0 0 0 0 0 0 0 0 1 0 0 0 0 0 0 0 0 0 0 0 0 0 0 0 0 0 0 0 0 0 0 0 0 0 0 0 0 0 0 0 0 0 0 0 0 0 0 0 0 0 0 0 0 0 0 1 0 0 0 0 0 0]	2026-08-16_04-46-46	[0]	2026-08-16_04-46-46	[0 0 0 1 0]	2026-08-16_04-46-46	[1 1 0 0 0]	2026-08-16_04-46-46	[0 0 0 0 0 1 0 0 0 0 0 0 0 0 0 0 0 0 0 0 0 0 0 0 0 0 0 0 0 0 0 0 0 0 0 0 0 0 0 0 0 1 0 0 0 0 0 0 0 0 0 0 1 0 0 0 0 0 0 0 0 0 0 0 0 0 0 0 0 0 0 0 0]	2026-08-16_04-46-46	[0 0 0 0 0 0 0 0 0 0 0 0 0 0 0 0 0 0 0 0 0 0 0 0 0 0 0 0 0 0 0 0 0 0 0 0 0 0 0 0 0 0 0 0 0 0 0 0 0 0 0 0 0 0 0 0 0 0 0 0 0 0 0 0 0 0 1 0 0 0 0 0 0]	2026-08-16_04-46-46	[0]	2026-08-16_04-46-46
7	2026-08-16_04-46-46	-1.0	2026-08-16_04-46-46	10.938782691955566	2026-08-16_04-46-46	1.495398759841919	2026-08-16_04-46-46	1.457947850227356	2026-08-16_04-46-46	4.053610801696777	2026-08-16_04-46-46	3.9318251609802246	2026-08-16_04-46-46	True	2026-08-16_04-46-46	[0 0 0 1 0]	2026-08-16_04-46-46	[1 1 0 0 0]	2026-08-16_04-46-46	[0 0 0 0 0 1 0 0 0 0 0 0 0 0 0 0 0 0 0 0 0 0 0 0 0 0 0 0 0 0 0 0 0 0 0 0 0 0 0 0 0 1 0 0 0 0 0 0 0 0 0 0 1 0 0 0 0 0 0 0 0 0 0 0 0 0 0 0 0 0 0 0 0]	2026-08-16_04-46-46	[0 0 0 0 0 0 0 0 0 0 0 0 0 0 0 0 0 0 0 0 0 0 0 0 0 0 0 0 0 0 0 0 0 0 0 0 0 0 0 0 0 0 0 0 0 0 0 0 0 0 0 0 0 0 0 0 0 0 0 0 0 0 0 0 0 0 1 0 0 0 0 0 0]	2026-08-16_04-46-46	[0]	2026-08-16_04-46-46	[0 0 0 1 0]	2026-08-16_04-46-46	[1 1 0 0 0]	2026-08-16_04-46-46	[0 0 0 0 0 1 0 0 0 0 0 0 0 0 0 0 0 0 0 0 0 0 0 0 0 0 0 0 0 0 0 0 0 0 0 0 0 0 0 0 0 1 0 0 0 0 0 0 0 0 0 1 1 0 0 0 0 0 0 0 0 0 0 0 0 0 0 0 0 0 0 0 0]	2026-08-16_04-46-46	[0 0 0 0 0 0 0 0 0 0 0 0 0 0 0 0 0 0 0 1 0 0 0 0 0 0 0 0 0 0 0 0 0 0 0 0 0 0 0 0 0 0 0 0 0 0 0 0 0 0 0 0 0 0 0 0 0 0 0 0 0 0 0 0 0 0 1 0 0 0 0 0 0]	2026-08-16_04-46-46	[0]	2026-08-16_04-46-46
7	2026-08-16_04-46-46	-1.0	2026-08-16_04-46-46	11.042606353759766	2026-08-16_04-46-46	1.514442801475525	2026-08-16_04-46-46	1.505985975265503	2026-08-16_04-46-46	4.069169998168945	2026-08-16_04-46-46	3.953007698059082	2026-08-16_04-46-46	True	2026-08-16_04-46-46	[0 0 0 1 0]	2026-08-16_04-46-46	[1 1 0 0 0]	2026-08-16_04-46-46	[0 0 0 0 0 1 0 0 0 0 0 0 0 0 0 0 0 0 0 0 0 0 0 0 0 0 0 0 0 0 0 0 0 0 0 0 0 0 0 0 0 1 0 0 0 0 0 0 0 0 0 1 1 0 0 0 0 0 0 0 0 0 0 0 0 0 0 0 0 0 0 0 0]	2026-08-16_04-46-46	[0 0 0 0 0 0 0 0 0 0 0 0 0 0 0 0 0 0 0 1 0 0 0 0 0 0 0 0 0 0 0 0 0 0 0 0 0 0 0 0 0 0 0 0 0 0 0 0 0 0 0 0 0 0 0 0 0 0 0 0 0 0 0 0 0 0 1 0 0 0 0 0 0]	2026-08-16_04-46-46	[0]	2026-08-16_04-46-46	[0 0 0 1 0]	2026-08-16_04-46-46	[1 1 0 0 0]	2026-08-16_04-46-46	[0 0 0 0 0 1 0 0 0 0 0 0 0 0 0 0 0 0 0 0 0 0 0 0 0 0 0 0 0 0 0 0 0 0 0 0 0 0 0 0 0 1 0 0 0 0 0 0 0 0 0 0 1 0 0 0 0 0 0 0 0 0 0 0 0 0 0 0 0 0 0 0 0]	2026-08-16_04-46-46	[0 0 0 0 0 0 0 0 0 0 0 0 0 0 0 0 0 0 0 0 0 0 0 0 0 0 0 0 0 0 0 0 0 0 0 0 0 0 0 0 0 0 0 0 0 0 0 0 0 0 0 0 0 0 0 0 0 0 0 0 0 0 0 0 0 0 1 0 0 0 0 0 0]	2026-08-16_04-46-46	[0]	2026-08-16_04-46-46
7	2026-08-16_04-46-46	-1.0	2026-08-16_04-46-46	10.981647491455078	2026-08-16_04-46-46	1.5115338563919067	2026-08-16_04-46-46	1.4839956760406494	2026-08-16_04-46-46	4.050758361816406	2026-08-16_04-46-46	3.9353599548339844	2026-08-16_04-46-46	True	2026-08-16_04-46-46	[0 0 0 1 0]	2026-08-16_04-46-46	[1 1 0 0 0]	2026-08-16_04-46-46	[0 0 0 0 0 1 0 0 0 0 0 0 0 0 0 0 0 0 0 0 0 0 0 0 0 0 0 0 0 0 0 0 0 0 0 0 0 0 0 0 0 1 0 0 0 0 0 0 0 0 0 0 1 0 0 0 0 0 0 0 0 0 0 0 0 0 0 0 0 0 0 0 0]	2026-08-16_04-46-46	[0 0 0 0 0 0 0 0 0 0 0 0 0 0 0 0 0 0 0 0 0 0 0 0 0 0 0 0 0 0 0 0 0 0 0 0 0 0 0 0 0 0 0 0 0 0 0 0 0 0 0 0 0 0 0 0 0 0 0 0 0 0 0 0 0 0 1 0 0 0 0 0 0]	2026-08-16_04-46-46	[0]	2026-08-16_04-46-46	[0 0 0 1 0]	2026-08-16_04-46-46	[1 1 0 0 0]	2026-08-16_04-46-46	[0 0 0 0 0 1 0 0 0 0 0 0 0 0 0 0 0 0 0 0 0 0 0 0 0 0 0 0 0 0 0 0 0 0 0 0 0 0 0 0 0 1 0 0 0 0 0 0 0 0 0 1 1 0 0 0 0 0 0 0 0 0 0 0 0 0 0 0 0 0 0 0 0]	2026-08-16_04-46-46	[0 0 0 0 0 0 0 0 0 0 0 0 0 0 0 0 0 0 0 1 0 0 0 0 0 0 0 0 0 0 0 0 0 0 0 0 0 0 0 0 0 0 0 0 0 0 0 0 0 0 0 0 0 0 0 0 0 0 0 0 0 0 0 0 0 0 1 0 0 0 0 0 0]	2026-08-16_04-46-46	[0]	2026-08-16_04-46-46
7	2026-08-16_04-46-46	-1.0	2026-08-16_04-46-46	11.117146492004395	2026-08-16_04-46-46	1.5402623414993286	2026-08-16_04-46-46	1.546094536781311	2026-08-16_04-46-46	4.074481010437012	2026-08-16_04-46-46	3.956308603286743	2026-08-16_04-46-46	True	2026-08-16_04-46-46	[0 0 0 1 0]	2026-08-16_04-46-46	[1 1 0 0 0]	2026-08-16_04-46-46	[0 0 0 0 0 1 0 0 0 0 0 0 0 0 0 0 0 0 0 0 0 0 0 0 0 0 0 0 0 0 0 0 0 0 0 0 0 0 0 0 0 1 0 0 0 0 0 0 0 0 0 1 1 0 0 0 0 0 0 0 0 0 0 0 0 0 0 0 0 0 0 0 0]	2026-08-16_04-46-46	[0 0 0 0 0 0 0 0 0 0 0 0 0 0 0 0 0 0 0 1 0 0 0 0 0 0 0 0 0 0 0 0 0 0 0 0 0 0 0 0 0 0 0 0 0 0 0 0 0 0 0 0 0 0 0 0 0 0 0 0 0 0 0 0 0 0 1 0 0 0 0 0 0]	2026-08-16_04-46-46	[0]	2026-08-16_04-46-46	[0 0 0 1 0]	2026-08-16_04-46-46	[1 1 0 0 0]	2026-08-16_04-46-46	[0 0 0 0 0 1 0 0 0 0 0 0 0 0 0 0 0 0 0 0 0 0 0 0 0 0 0 0 0 0 0 0 0 0 0 0 0 0 0 0 0 1 0 0 0 0 0 0 0 0 0 0 1 0 0 0 0 0 0 0 0 0 0 0 0 0 0 0 0 0 0 0 0]	2026-08-16_04-46-46	[0 0 0 0 0 0 0 0 0 0 0 0 0 0 0 0 0 0 0 0 0 0 0 0 0 0 0 0 0 0 0 0 0 0 0 0 0 0 0 0 0 0 0 0 0 0 0 0 0 0 0 0 0 0 0 0 0 0 0 0 0 0 0 0 0 0 1 0 0 0 0 0 0]	2026-08-16_04-46-46	[0]	2026-08-16_04-46-46
7	2026-08-16_04-46-46	-1.0	2026-08-16_04-46-46	10.926481246948242	2026-08-16_04-46-46	1.4990533590316772	2026-08-16_04-46-46	1.4521114826202393	2026-08-16_04-46-46	4.052363395690918	2026-08-16_04-46-46	3.9229536056518555	2026-08-16_04-46-46	True	2026-08-16_04-46-46	[0 0 0 1 0]	2026-08-16_04-46-46	[1 1 0 0 0]	2026-08-16_04-46-46	[0 0 0 0 0 1 0 0 0 0 0 0 0 0 0 0 0 0 0 0 0 0 0 0 0 0 0 0 0 0 0 0 0 0 0 0 0 0 0 0 0 1 0 0 0 0 0 0 0 0 0 0 1 0 0 0 0 0 0 0 0 0 0 0 0 0 0 0 0 0 0 0 0]	2026-08-16_04-46-46	[0 0 0 0 0 0 0 0 0 0 0 0 0 0 0 0 0 0 0 0 0 0 0 0 0 0 0 0 0 0 0 0 0 0 0 0 0 0 0 0 0 0 0 0 0 0 0 0 0 0 0 0 0 0 0 0 0 0 0 0 0 0 0 0 0 0 1 0 0 0 0 0 0]	2026-08-16_04-46-46	[0]	2026-08-16_04-46-46	[0 0 0 1 0]	2026-08-16_04-46-46	[1 1 0 0 0]	2026-08-16_04-46-46	[0 0 0 0 0 1 0 0 0 0 0 0 0 0 0 0 0 0 0 0 0 0 0 0 0 0 0 0 0 0 0 0 0 0 0 0 0 0 0 0 0 1 0 0 0 0 0 0 0 0 0 1 1 0 0 0 0 0 0 0 0 0 0 0 0 0 0 0 0 0 0 0 0]	2026-08-16_04-46-46	[0 0 0 0 0 0 0 0 0 0 0 0 0 0 0 0 0 0 0 1 0 0 0 0 0 0 0 0 0 0 0 0 0 0 0 0 0 0 0 0 0 0 0 0 0 0 0 0 0 0 0 0 0 0 0 0 0 0 0 0 0 0 0 0 0 0 1 0 0 0 0 0 0]	2026-08-16_04-46-46	[0]	2026-08-16_04-46-46
7	2026-08-16_04-46-46	-1.0	2026-08-16_04-46-46	10.972537994384766	2026-08-16_04-46-46	1.4914826154708862	2026-08-16_04-46-46	1.4672980308532715	2026-08-16_04-46-46	4.061228275299072	2026-08-16_04-46-46	3.952529191970825	2026-08-16_04-46-46	True	2026-08-16_04-46-46	[0 0 0 1 0]	2026-08-16_04-46-46	[1 1 0 0 0]	2026-08-16_04-46-46	[0 0 0 0 0 1 0 0 0 0 0 0 0 0 0 0 0 0 0 0 0 0 0 0 0 0 0 0 0 0 0 0 0 0 0 0 0 0 0 0 0 1 0 0 0 0 0 0 0 0 0 1 1 0 0 0 0 0 0 0 0 0 0 0 0 0 0 0 0 0 0 0 0]	2026-08-16_04-46-46	[0 0 0 0 0 0 0 0 0 0 0 0 0 0 0 0 0 0 0 1 0 0 0 0 0 0 0 0 0 0 0 0 0 0 0 0 0 0 0 0 0 0 0 0 0 0 0 0 0 0 0 0 0 0 0 0 0 0 0 0 0 0 0 0 0 0 1 0 0 0 0 0 0]	2026-08-16_04-46-46	[0]	2026-08-16_04-46-46	[0 0 0 1 0]	2026-08-16_04-46-46	[1 1 0 0 0]	2026-08-16_04-46-46	[0 0 0 0 0 1 0 0 0 0 0 0 0 0 0 0 0 0 0 0 0 0 0 0 0 0 0 0 0 0 0 0 0 0 0 0 0 0 0 0 0 1 0 0 0 0 0 0 0 0 0 0 1 0 0 0 0 0 0 0 0 0 0 0 0 0 0 0 0 0 0 0 0]	2026-08-16_04-46-46	[0 0 0 0 0 0 0 0 0 0 0 0 0 0 0 0 0 0 0 0 0 0 0 0 0 0 0 0 0 0 0 0 0 0 0 0 0 0 0 0 0 0 0 0 0 0 0 0 0 0 0 0 0 0 0 0 0 0 0 0 0 0 0 0 0 0 1 0 0 0 0 0 0]	2026-08-16_04-46-46	[0]	2026-08-16_04-46-46
7	2026-08-16_04-46-46	-1.0	2026-08-16_04-46-46	10.858916282653809	2026-08-16_04-46-46	1.4664143323898315	2026-08-16_04-46-46	1.4297157526016235	2026-08-16_04-46-46	4.04390287399292	2026-08-16_04-46-46	3.9188833236694336	2026-08-16_04-46-46	True	2026-08-16_04-46-46	[0 0 0 1 0]	2026-08-16_04-46-46	[1 1 0 0 0]	2026-08-16_04-46-46	[0 0 0 0 0 1 0 0 0 0 0 0 0 0 0 0 0 0 0 0 0 0 0 0 0 0 0 0 0 0 0 0 0 0 0 0 0 0 0 0 0 1 0 0 0 0 0 0 0 0 0 0 1 0 0 0 0 0 0 0 0 0 0 0 0 0 0 0 0 0 0 0 0]	2026-08-16_04-46-46	[0 0 0 0 0 0 0 0 0 0 0 0 0 0 0 0 0 0 0 0 0 0 0 0 0 0 0 0 0 0 0 0 0 0 0 0 0 0 0 0 0 0 0 0 0 0 0 0 0 0 0 0 0 0 0 0 0 0 0 0 0 0 0 0 0 0 1 0 0 0 0 0 0]	2026-08-16_04-46-46	[0]	2026-08-16_04-46-46	[0 0 0 1 0]	2026-08-16_04-46-46	[1 1 0 0 0]	2026-08-16_04-46-46	[0 0 0 0 0 1 0 0 0 0 0 0 0 0 0 0 0 0 0 0 0 0 0 0 0 0 0 0 0 0 0 0 0 0 0 0 0 0 0 0 0 1 0 0 0 0 0 0 0 0 0 1 1 0 0 0 0 0 0 0 0 0 0 0 0 0 0 0 0 0 0 0 0]	2026-08-16_04-46-46	[0 0 0 0 0 0 0 0 0 0 0 0 0 0 0 0 0 0 0 1 0 0 0 0 0 0 0 0 0 0 0 0 0 0 0 0 0 0 0 0 0 0 0 0 0 0 0 0 0 0 0 0 0 0 0 0 0 0 0 0 0 0 0 0 0 0 1 0 0 0 0 0 0]	2026-08-16_04-46-46	[0]	2026-08-16_04-46-46
7	2026-08-16_04-46-46	-1.0	2026-08-16_04-46-46	11.002744674682617	2026-08-16_04-46-46	1.507261872291565	2026-08-16_04-46-46	1.489195466041565	2026-08-16_04-46-46	4.062165260314941	2026-08-16_04-46-46	3.944122791290283	2026-08-16_04-46-46	True	2026-08-16_04-46-46	[0 0 0 1 0]	2026-08-16_04-46-46	[1 1 0 0 0]	2026-08-16_04-46-46	[0 0 0 0 0 1 0 0 0 0 0 0 0 0 0 0 0 0 0 0 0 0 0 0 0 0 0 0 0 0 0 0 0 0 0 0 0 0 0 0 0 1 0 0 0 0 0 0 0 0 0 1 1 0 0 0 0 0 0 0 0 0 0 0 0 0 0 0 0 0 0 0 0]	2026-08-16_04-46-46	[0 0 0 0 0 0 0 0 0 0 0 0 0 0 0 0 0 0 0 1 0 0 0 0 0 0 0 0 0 0 0 0 0 0 0 0 0 0 0 0 0 0 0 0 0 0 0 0 0 0 0 0 0 0 0 0 0 0 0 0 0 0 0 0 0 0 1 0 0 0 0 0 0]	2026-08-16_04-46-46	[0]	2026-08-16_04-46-46	[0 0 0 1 0]	2026-08-16_04-46-46	[1 1 0 0 0]	2026-08-16_04-46-46	[0 0 0 0 0 1 0 0 0 0 0 0 0 0 0 0 0 0 0 0 0 0 0 0 0 0 0 0 0 0 0 0 0 0 0 0 0 0 0 0 0 1 0 0 0 0 0 0 0 0 0 0 1 0 0 0 0 0 0 0 0 0 0 0 0 0 0 0 0 0 0 0 0]	2026-08-16_04-46-46	[0 0 0 0 0 0 0 0 0 0 0 0 0 0 0 0 0 0 0 0 0 0 0 0 0 0 0 0 0 0 0 0 0 0 0 0 0 0 0 0 0 0 0 0 0 0 0 0 0 0 0 0 0 0 0 0 0 0 0 0 0 0 0 0 0 0 1 0 0 0 0 0 0]	2026-08-16_04-46-46	[0]	2026-08-16_04-46-46
7	2026-08-16_04-46-46	-1.0	2026-08-16_04-46-46	10.964753150939941	2026-08-16_04-46-46	1.5034801959991455	2026-08-16_04-46-46	1.479325771331787	2026-08-16_04-46-46	4.056099891662598	2026-08-16_04-46-46	3.925846815109253	2026-08-16_04-46-46	True	2026-08-16_04-46-46	[0 0 0 1 0]	2026-08-16_04-46-46	[1 1 0 0 0]	2026-08-16_04-46-46	[0 0 0 0 0 1 0 0 0 0 0 0 0 0 0 0 0 0 0 0 0 0 0 0 0 0 0 0 0 0 0 0 0 0 0 0 0 0 0 0 0 1 0 0 0 0 0 0 0 0 0 0 1 0 0 0 0 0 0 0 0 0 0 0 0 0 0 0 0 0 0 0 0]	2026-08-16_04-46-46	[0 0 0 0 0 0 0 0 0 0 0 0 0 0 0 0 0 0 0 0 0 0 0 0 0 0 0 0 0 0 0 0 0 0 0 0 0 0 0 0 0 0 0 0 0 0 0 0 0 0 0 0 0 0 0 0 0 0 0 0 0 0 0 0 0 0 1 0 0 0 0 0 0]	2026-08-16_04-46-46	[0]	2026-08-16_04-46-46	[0 0 0 1 0]	2026-08-16_04-46-46	[1 1 0 0 0]	2026-08-16_04-46-46	[0 0 0 0 0 1 0 0 0 0 0 0 0 0 0 0 0 0 0 0 0 0 0 0 0 0 0 0 0 0 0 0 0 0 0 0 0 0 0 0 0 1 0 0 0 0 0 0 0 0 0 1 1 0 0 0 0 0 0 0 0 0 0 0 0 0 0 0 0 0 0 0 0]	2026-08-16_04-46-46	[0 0 0 0 0 0 0 0 0 0 0 0 0 0 0 0 0 0 0 1 0 0 0 0 0 0 0 0 0 0 0 0 0 0 0 0 0 0 0 0 0 0 0 0 0 0 0 0 0 0 0 0 0 0 0 0 0 0 0 0 0 0 0 0 0 0 1 0 0 0 0 0 0]	2026-08-16_04-46-46	[0]	2026-08-16_04-46-46
7	2026-08-16_04-46-46	-1.0	2026-08-16_04-46-46	11.036794662475586	2026-08-16_04-46-46	1.5256959199905396	2026-08-16_04-46-46	1.504581093788147	2026-08-16_04-46-46	4.064235687255859	2026-08-16_04-46-46	3.9422812461853027	2026-08-16_04-46-46	True	2026-08-16_04-46-46	[0 0 0 1 0]	2026-08-16_04-46-46	[1 1 0 0 0]	2026-08-16_04-46-46	[0 0 0 0 0 1 0 0 0 0 0 0 0 0 0 0 0 0 0 0 0 0 0 0 0 0 0 0 0 0 0 0 0 0 0 0 0 0 0 0 0 1 0 0 0 0 0 0 0 0 0 1 1 0 0 0 0 0 0 0 0 0 0 0 0 0 0 0 0 0 0 0 0]	2026-08-16_04-46-46	[0 0 0 0 0 0 0 0 0 0 0 0 0 0 0 0 0 0 0 1 0 0 0 0 0 0 0 0 0 0 0 0 0 0 0 0 0 0 0 0 0 0 0 0 0 0 0 0 0 0 0 0 0 0 0 0 0 0 0 0 0 0 0 0 0 0 1 0 0 0 0 0 0]	2026-08-16_04-46-46	[0]	2026-08-16_04-46-46	[0 0 0 1 0]	2026-08-16_04-46-46	[1 1 0 0 0]	2026-08-16_04-46-46	[0 0 0 0 0 1 0 0 0 0 0 0 0 0 0 0 0 0 0 0 0 0 0 0 0 0 0 0 0 0 0 0 0 0 0 0 0 0 0 0 0 1 0 0 0 0 0 0 0 0 0 0 1 0 0 0 0 0 0 0 0 0 0 0 0 0 0 0 0 0 0 0 0]	2026-08-16_04-46-46	[0 0 0 0 0 0 0 0 0 0 0 0 0 0 0 0 0 0 0 0 0 0 0 0 0 0 0 0 0 0 0 0 0 0 0 0 0 0 0 0 0 0 0 0 0 0 0 0 0 0 0 0 0 0 0 0 0 0 0 0 0 0 0 0 0 0 1 0 0 0 0 0 0]	2026-08-16_04-46-46	[0]	2026-08-16_04-46-46
7	2026-08-16_04-46-46	-1.0	2026-08-16_04-46-46	10.955066680908203	2026-08-16_04-46-46	1.5059822797775269	2026-08-16_04-46-46	1.471543312072754	2026-08-16_04-46-46	4.050928592681885	2026-08-16_04-46-46	3.92661190032959	2026-08-16_04-46-46	True	2026-08-16_04-46-46	[0 0 0 1 0]	2026-08-16_04-46-46	[1 1 0 0 0]	2026-08-16_04-46-46	[0 0 0 0 0 1 0 0 0 0 0 0 0 0 0 0 0 0 0 0 0 0 0 0 0 0 0 0 0 0 0 0 0 0 0 0 0 0 0 0 0 1 0 0 0 0 0 0 0 0 0 0 1 0 0 0 0 0 0 0 0 0 0 0 0 0 0 0 0 0 0 0 0]	2026-08-16_04-46-46	[0 0 0 0 0 0 0 0 0 0 0 0 0 0 0 0 0 0 0 0 0 0 0 0 0 0 0 0 0 0 0 0 0 0 0 0 0 0 0 0 0 0 0 0 0 0 0 0 0 0 0 0 0 0 0 0 0 0 0 0 0 0 0 0 0 0 1 0 0 0 0 0 0]	2026-08-16_04-46-46	[0]	2026-08-16_04-46-46	[0 0 0 1 0]	2026-08-16_04-46-46	[1 1 0 0 0]	2026-08-16_04-46-46	[0 0 0 0 0 1 0 0 0 0 0 0 0 0 0 0 0 0 0 0 0 0 0 0 0 0 0 0 0 0 0 0 0 0 0 0 0 0 0 0 0 1 0 0 0 0 0 0 0 0 0 1 1 0 0 0 0 0 0 0 0 0 0 0 0 0 0 0 0 0 0 0 0]	2026-08-16_04-46-46	[0 0 0 0 0 0 0 0 0 0 0 0 0 0 0 0 0 0 0 1 0 0 0 0 0 0 0 0 0 0 0 0 0 0 0 0 0 0 0 0 0 0 0 0 0 0 0 0 0 0 0 0 0 0 0 0 0 0 0 0 0 0 0 0 0 0 1 0 0 0 0 0 0]	2026-08-16_04-46-46	[0]	2026-08-16_04-46-46
7	2026-08-16_04-46-46	-1.0	2026-08-16_04-46-46	11.068286895751953	2026-08-16_04-46-46	1.5319551229476929	2026-08-16_04-46-46	1.5170588493347168	2026-08-16_04-46-46	4.074405670166016	2026-08-16_04-46-46	3.9448676109313965	2026-08-16_04-46-46	True	2026-08-16_04-46-46	[0 0 0 1 0]	2026-08-16_04-46-46	[1 1 0 0 0]	2026-08-16_04-46-46	[0 0 0 0 0 1 0 0 0 0 0 0 0 0 0 0 0 0 0 0 0 0 0 0 0 0 0 0 0 0 0 0 0 0 0 0 0 0 0 0 0 1 0 0 0 0 0 0 0 0 0 1 1 0 0 0 0 0 0 0 0 0 0 0 0 0 0 0 0 0 0 0 0]	2026-08-16_04-46-46	[0 0 0 0 0 0 0 0 0 0 0 0 0 0 0 0 0 0 0 1 0 0 0 0 0 0 0 0 0 0 0 0 0 0 0 0 0 0 0 0 0 0 0 0 0 0 0 0 0 0 0 0 0 0 0 0 0 0 0 0 0 0 0 0 0 0 1 0 0 0 0 0 0]	2026-08-16_04-46-46	[0]	2026-08-16_04-46-46	[0 0 0 1 0]	2026-08-16_04-46-46	[1 1 0 0 0]	2026-08-16_04-46-46	[0 0 0 0 0 1 0 0 0 0 0 0 0 0 0 0 0 0 0 0 0 0 0 0 0 0 0 0 0 0 0 0 0 0 0 0 0 0 0 0 0 1 0 0 0 0 0 0 0 0 0 0 1 0 0 0 0 0 0 0 0 0 0 0 0 0 0 0 0 0 0 0 0]	2026-08-16_04-46-46	[0 0 0 0 0 0 0 0 0 0 0 0 0 0 0 0 0 0 0 0 0 0 0 0 0 0 0 0 0 0 0 0 0 0 0 0 0 0 0 0 0 0 0 0 0 0 0 0 0 0 0 0 0 0 0 0 0 0 0 0 0 0 0 0 0 0 1 0 0 0 0 0 0]	2026-08-16_04-46-46	[0]	2026-08-16_04-46-46
7	2026-08-16_04-46-46	-1.0	2026-08-16_04-46-46	11.037139892578125	2026-08-16_04-46-46	1.5144829750061035	2026-08-16_04-46-46	1.5055729150772095	2026-08-16_04-46-46	4.067442417144775	2026-08-16_04-46-46	3.949641227722168	2026-08-16_04-46-46	True	2026-08-16_04-46-46	[0 0 0 1 0]	2026-08-16_04-46-46	[1 1 0 0 0]	2026-08-16_04-46-46	[0 0 0 0 0 1 0 0 0 0 0 0 0 0 0 0 0 0 0 0 0 0 0 0 0 0 0 0 0 0 0 0 0 0 0 0 0 0 0 0 0 1 0 0 0 0 0 0 0 0 0 0 1 0 0 0 0 0 0 0 0 0 0 0 0 0 0 0 0 0 0 0 0]	2026-08-16_04-46-46	[0 0 0 0 0 0 0 0 0 0 0 0 0 0 0 0 0 0 0 0 0 0 0 0 0 0 0 0 0 0 0 0 0 0 0 0 0 0 0 0 0 0 0 0 0 0 0 0 0 0 0 0 0 0 0 0 0 0 0 0 0 0 0 0 0 0 1 0 0 0 0 0 0]	2026-08-16_04-46-46	[0]	2026-08-16_04-46-46	[0 0 0 1 0]	2026-08-16_04-46-46	[1 1 0 0 0]	2026-08-16_04-46-46	[0 0 0 0 0 1 0 0 0 0 0 0 0 0 0 0 0 0 0 0 0 0 0 0 0 0 0 0 0 0 0 0 0 0 0 0 0 0 0 0 0 1 0 0 0 0 0 0 0 0 0 1 1 0 0 0 0 0 0 0 0 0 0 0 0 0 0 0 0 0 0 0 0]	2026-08-16_04-46-46	[0 0 0 0 0 0 0 0 0 0 0 0 0 0 0 0 0 0 0 1 0 0 0 0 0 0 0 0 0 0 0 0 0 0 0 0 0 0 0 0 0 0 0 0 0 0 0 0 0 0 0 0 0 0 0 0 0 0 0 0 0 0 0 0 0 0 1 0 0 0 0 0 0]	2026-08-16_04-46-46	[0]	2026-08-16_04-46-46
7	2026-08-16_04-46-46	-1.0	2026-08-16_04-46-46	11.03175163269043	2026-08-16_04-46-46	1.5203959941864014	2026-08-16_04-46-46	1.509892463684082	2026-08-16_04-46-46	4.0608673095703125	2026-08-16_04-46-46	3.9405951499938965	2026-08-16_04-46-46	True	2026-08-16_04-46-46	[0 0 0 1 0]	2026-08-16_04-46-46	[1 1 0 0 0]	2026-08-16_04-46-46	[0 0 0 0 0 1 0 0 0 0 0 0 0 0 0 0 0 0 0 0 0 0 0 0 0 0 0 0 0 0 0 0 0 0 0 0 0 0 0 0 0 1 0 0 0 0 0 0 0 0 0 1 1 0 0 0 0 0 0 0 0 0 0 0 0 0 0 0 0 0 0 0 0]	2026-08-16_04-46-46	[0 0 0 0 0 0 0 0 0 0 0 0 0 0 0 0 0 0 0 1 0 0 0 0 0 0 0 0 0 0 0 0 0 0 0 0 0 0 0 0 0 0 0 0 0 0 0 0 0 0 0 0 0 0 0 0 0 0 0 0 0 0 0 0 0 0 1 0 0 0 0 0 0]	2026-08-16_04-46-46	[0]	2026-08-16_04-46-46	[0 0 0 1 0]	2026-08-16_04-46-46	[1 1 0 0 0]	2026-08-16_04-46-46	[0 0 0 0 0 1 0 0 0 0 0 0 0 0 0 0 0 0 0 0 0 0 0 0 0 0 0 0 0 0 0 0 0 0 0 0 0 0 0 0 0 1 0 0 0 0 0 0 0 0 0 0 1 0 0 0 0 0 0 0 0 0 0 0 0 0 0 0 0 0 0 0 0]	2026-08-16_04-46-46	[0 0 0 0 0 0 0 0 0 0 0 0 0 0 0 0 0 0 0 0 0 0 0 0 0 0 0 0 0 0 0 0 0 0 0 0 0 0 0 0 0 0 0 0 0 0 0 0 0 0 0 0 0 0 0 0 0 0 0 0 0 0 0 0 0 0 1 0 0 0 0 0 0]	2026-08-16_04-46-46	[0]	2026-08-16_04-46-46
7	2026-08-16_04-46-46	-1.0	2026-08-16_04-46-46	10.988771438598633	2026-08-16_04-46-46	1.5120601654052734	2026-08-16_04-46-46	1.4850378036499023	2026-08-16_04-46-46	4.059669494628906	2026-08-16_04-46-46	3.9320037364959717	2026-08-16_04-46-46	True	2026-08-16_04-46-46	[0 0 0 1 0]	2026-08-16_04-46-46	[1 1 0 0 0]	2026-08-16_04-46-46	[0 0 0 0 0 1 0 0 0 0 0 0 0 0 0 0 0 0 0 0 0 0 0 0 0 0 0 0 0 0 0 0 0 0 0 0 0 0 0 0 0 1 0 0 0 0 0 0 0 0 0 0 1 0 0 0 0 0 0 0 0 0 0 0 0 0 0 0 0 0 0 0 0]	2026-08-16_04-46-46	[0 0 0 0 0 0 0 0 0 0 0 0 0 0 0 0 0 0 0 0 0 0 0 0 0 0 0 0 0 0 0 0 0 0 0 0 0 0 0 0 0 0 0 0 0 0 0 0 0 0 0 0 0 0 0 0 0 0 0 0 0 0 0 0 0 0 1 0 0 0 0 0 0]	2026-08-16_04-46-46	[0]	2026-08-16_04-46-46	[0 0 0 1 0]	2026-08-16_04-46-46	[1 1 0 0 0]	2026-08-16_04-46-46	[0 0 0 0 0 1 0 0 0 0 0 0 0 0 0 0 0 0 0 0 0 0 0 0 0 0 0 0 0 0 0 0 0 0 0 0 0 0 0 0 0 1 0 0 0 0 0 0 0 0 0 1 1 0 0 0 0 0 0 0 0 0 0 0 0 0 0 0 0 0 0 0 0]	2026-08-16_04-46-46	[0 0 0 0 0 0 0 0 0 0 0 0 0 0 0 0 0 0 0 1 0 0 0 0 0 0 0 0 0 0 0 0 0 0 0 0 0 0 0 0 0 0 0 0 0 0 0 0 0 0 0 0 0 0 0 0 0 0 0 0 0 0 0 0 0 0 1 0 0 0 0 0 0]	2026-08-16_04-46-46	[0]	2026-08-16_04-46-46
7	2026-08-16_04-46-46	-1.0	2026-08-16_04-46-46	10.990281105041504	2026-08-16_04-46-46	1.5043256282806396	2026-08-16_04-46-46	1.485845685005188	2026-08-16_04-46-46	4.05748176574707	2026-08-16_04-46-46	3.9426276683807373	2026-08-16_04-46-46	True	2026-08-16_04-46-46	[0 0 0 1 0]	2026-08-16_04-46-46	[1 1 0 0 0]	2026-08-16_04-46-46	[0 0 0 0 0 1 0 0 0 0 0 0 0 0 0 0 0 0 0 0 0 0 0 0 0 0 0 0 0 0 0 0 0 0 0 0 0 0 0 0 0 1 0 0 0 0 0 0 0 0 0 1 1 0 0 0 0 0 0 0 0 0 0 0 0 0 0 0 0 0 0 0 0]	2026-08-16_04-46-46	[0 0 0 0 0 0 0 0 0 0 0 0 0 0 0 0 0 0 0 1 0 0 0 0 0 0 0 0 0 0 0 0 0 0 0 0 0 0 0 0 0 0 0 0 0 0 0 0 0 0 0 0 0 0 0 0 0 0 0 0 0 0 0 0 0 0 1 0 0 0 0 0 0]	2026-08-16_04-46-46	[0]	2026-08-16_04-46-46	[0 0 0 1 0]	2026-08-16_04-46-46	[1 1 0 0 0]	2026-08-16_04-46-46	[0 0 0 0 0 1 0 0 0 0 0 0 0 0 0 0 0 0 0 0 0 0 0 0 0 0 0 0 0 0 0 0 0 0 0 0 0 0 0 0 0 1 0 0 0 0 0 0 0 0 0 0 1 0 0 0 0 0 0 0 0 0 0 0 0 0 0 0 0 0 0 0 0]	2026-08-16_04-46-46	[0 0 0 0 0 0 0 0 0 0 0 0 0 0 0 0 0 0 0 0 0 0 0 0 0 0 0 0 0 0 0 0 0 0 0 0 0 0 0 0 0 0 0 0 0 0 0 0 0 0 0 0 0 0 0 0 0 0 0 0 0 0 0 0 0 0 1 0 0 0 0 0 0]	2026-08-16_04-46-46	[0]	2026-08-16_04-46-46
7	2026-08-16_04-46-46	-1.0	2026-08-16_04-46-46	10.826460838317871	2026-08-16_04-46-46	1.4672271013259888	2026-08-16_04-46-46	1.4107284545898438	2026-08-16_04-46-46	4.041074752807617	2026-08-16_04-46-46	3.90743088722229	2026-08-16_04-46-46	True	2026-08-16_04-46-46	[0 0 0 1 0]	2026-08-16_04-46-46	[1 1 0 0 0]	2026-08-16_04-46-46	[0 0 0 0 0 1 0 0 0 0 0 0 0 0 0 0 0 0 0 0 0 0 0 0 0 0 0 0 0 0 0 0 0 0 0 0 0 0 0 0 0 1 0 0 0 0 0 0 0 0 0 0 1 0 0 0 0 0 0 0 0 0 0 0 0 0 0 0 0 0 0 0 0]	2026-08-16_04-46-46	[0 0 0 0 0 0 0 0 0 0 0 0 0 0 0 0 0 0 0 0 0 0 0 0 0 0 0 0 0 0 0 0 0 0 0 0 0 0 0 0 0 0 0 0 0 0 0 0 0 0 0 0 0 0 0 0 0 0 0 0 0 0 0 0 0 0 1 0 0 0 0 0 0]	2026-08-16_04-46-46	[0]	2026-08-16_04-46-46	[0 0 0 1 0]	2026-08-16_04-46-46	[1 1 0 0 0]	2026-08-16_04-46-46	[0 0 0 0 0 1 0 0 0 0 0 0 0 0 0 0 0 0 0 0 0 0 0 0 0 0 0 0 0 0 0 0 0 0 0 0 0 0 0 0 0 1 0 0 0 0 0 0 0 0 0 1 1 0 0 0 0 0 0 0 0 0 0 0 0 0 0 0 0 0 0 0 0]	2026-08-16_04-46-46	[0 0 0 0 0 0 0 0 0 0 0 0 0 0 0 0 0 0 0 1 0 0 0 0 0 0 0 0 0 0 0 0 0 0 0 0 0 0 0 0 0 0 0 0 0 0 0 0 0 0 0 0 0 0 0 0 0 0 0 0 0 0 0 0 0 0 1 0 0 0 0 0 0]	2026-08-16_04-46-46	[0]	2026-08-16_04-46-46
7	2026-08-16_04-46-46	-1.0	2026-08-16_04-46-46	11.075357437133789	2026-08-16_04-46-46	1.5270403623580933	2026-08-16_04-46-46	1.528384804725647	2026-08-16_04-46-46	4.0668816566467285	2026-08-16_04-46-46	3.953050374984741	2026-08-16_04-46-46	True	2026-08-16_04-46-46	[0 0 0 1 0]	2026-08-16_04-46-46	[1 1 0 0 0]	2026-08-16_04-46-46	[0 0 0 0 0 1 0 0 0 0 0 0 0 0 0 0 0 0 0 0 0 0 0 0 0 0 0 0 0 0 0 0 0 0 0 0 0 0 0 0 0 1 0 0 0 0 0 0 0 0 0 1 1 0 0 0 0 0 0 0 0 0 0 0 0 0 0 0 0 0 0 0 0]	2026-08-16_04-46-46	[0 0 0 0 0 0 0 0 0 0 0 0 0 0 0 0 0 0 0 1 0 0 0 0 0 0 0 0 0 0 0 0 0 0 0 0 0 0 0 0 0 0 0 0 0 0 0 0 0 0 0 0 0 0 0 0 0 0 0 0 0 0 0 0 0 0 1 0 0 0 0 0 0]	2026-08-16_04-46-46	[0]	2026-08-16_04-46-46	[0 0 0 1 0]	2026-08-16_04-46-46	[1 1 0 0 0]	2026-08-16_04-46-46	[0 0 0 0 0 1 0 0 0 0 0 0 0 0 0 0 0 0 0 0 0 0 0 0 0 0 0 0 0 0 0 0 0 0 0 0 0 0 0 0 0 1 0 0 0 0 0 0 0 0 0 0 1 0 0 0 0 0 0 0 0 0 0 0 0 0 0 0 0 0 0 0 0]	2026-08-16_04-46-46	[0 0 0 0 0 0 0 0 0 0 0 0 0 0 0 0 0 0 0 0 0 0 0 0 0 0 0 0 0 0 0 0 0 0 0 0 0 0 0 0 0 0 0 0 0 0 0 0 0 0 0 0 0 0 0 0 0 0 0 0 0 0 0 0 0 0 1 0 0 0 0 0 0]	2026-08-16_04-46-46	[0]	2026-08-16_04-46-46
7	2026-08-16_04-46-46	-1.0	2026-08-16_04-46-46	10.962145805358887	2026-08-16_04-46-46	1.4933679103851318	2026-08-16_04-46-46	1.4753386974334717	2026-08-16_04-46-46	4.058812141418457	2026-08-16_04-46-46	3.9346272945404053	2026-08-16_04-46-46	True	2026-08-16_04-46-46	[0 0 0 1 0]	2026-08-16_04-46-46	[1 1 0 0 0]	2026-08-16_04-46-46	[0 0 0 0 0 1 0 0 0 0 0 0 0 0 0 0 0 0 0 0 0 0 0 0 0 0 0 0 0 0 0 0 0 0 0 0 0 0 0 0 0 1 0 0 0 0 0 0 0 0 0 0 1 0 0 0 0 0 0 0 0 0 0 0 0 0 0 0 0 0 0 0 0]	2026-08-16_04-46-46	[0 0 0 0 0 0 0 0 0 0 0 0 0 0 0 0 0 0 0 0 0 0 0 0 0 0 0 0 0 0 0 0 0 0 0 0 0 0 0 0 0 0 0 0 0 0 0 0 0 0 0 0 0 0 0 0 0 0 0 0 0 0 0 0 0 0 1 0 0 0 0 0 0]	2026-08-16_04-46-46	[0]	2026-08-16_04-46-46	[0 0 0 1 0]	2026-08-16_04-46-46	[1 1 0 0 0]	2026-08-16_04-46-46	[0 0 0 0 0 1 0 0 0 0 0 0 0 0 0 0 0 0 0 0 0 0 0 0 0 0 0 0 0 0 0 0 0 0 0 0 0 0 0 0 0 1 0 0 0 0 0 0 0 0 0 1 1 0 0 0 0 0 0 0 0 0 0 0 0 0 0 0 0 0 0 0 0]	2026-08-16_04-46-46	[0 0 0 0 0 0 0 0 0 0 0 0 0 0 0 0 0 0 0 1 0 0 0 0 0 0 0 0 0 0 0 0 0 0 0 0 0 0 0 0 0 0 0 0 0 0 0 0 0 0 0 0 0 0 0 0 0 0 0 0 0 0 0 0 0 0 1 0 0 0 0 0 0]	2026-08-16_04-46-46	[0]	2026-08-16_04-46-46
7	2026-08-16_04-46-46	-1.0	2026-08-16_04-46-46	11.059192657470703	2026-08-16_04-46-46	1.5295021533966064	2026-08-16_04-46-46	1.5240083932876587	2026-08-16_04-46-46	4.064120769500732	2026-08-16_04-46-46	3.941561460494995	2026-08-16_04-46-46	True	2026-08-16_04-46-46	[0 0 0 1 0]	2026-08-16_04-46-46	[1 1 0 0 0]	2026-08-16_04-46-46	[0 0 0 0 0 1 0 0 0 0 0 0 0 0 0 0 0 0 0 0 0 0 0 0 0 0 0 0 0 0 0 0 0 0 0 0 0 0 0 0 0 1 0 0 0 0 0 0 0 0 0 1 1 0 0 0 0 0 0 0 0 0 0 0 0 0 0 0 0 0 0 0 0]	2026-08-16_04-46-46	[0 0 0 0 0 0 0 0 0 0 0 0 0 0 0 0 0 0 0 1 0 0 0 0 0 0 0 0 0 0 0 0 0 0 0 0 0 0 0 0 0 0 0 0 0 0 0 0 0 0 0 0 0 0 0 0 0 0 0 0 0 0 0 0 0 0 1 0 0 0 0 0 0]	2026-08-16_04-46-46	[0]	2026-08-16_04-46-46	[0 0 0 1 0]	2026-08-16_04-46-46	[1 1 0 0 0]	2026-08-16_04-46-46	[0 0 0 0 0 1 0 0 0 0 0 0 0 0 0 0 0 0 0 0 0 0 0 0 0 0 0 0 0 0 0 0 0 0 0 0 0 0 0 0 0 1 0 0 0 0 0 0 0 0 0 0 1 0 0 0 0 0 0 0 0 0 0 0 0 0 0 0 0 0 0 0 0]	2026-08-16_04-46-46	[0 0 0 0 0 0 0 0 0 0 0 0 0 0 0 0 0 0 0 0 0 0 0 0 0 0 0 0 0 0 0 0 0 0 0 0 0 0 0 0 0 0 0 0 0 0 0 0 0 0 0 0 0 0 0 0 0 0 0 0 0 0 0 0 0 0 1 0 0 0 0 0 0]	2026-08-16_04-46-46	[0]	2026-08-16_04-46-46
8	2026-08-16_06-41-37	-1.0	2026-08-16_06-41-37	11.283645629882812	2026-08-16_06-41-37	1.5778038501739502	2026-08-16_06-41-37	1.688770055770874	2026-08-16_06-41-37	4.013937473297119	2026-08-16_06-41-37	4.003134727478027	2026-08-16_06-41-37	True	2026-08-16_06-41-37	[0 0 0 0 0]	2026-08-16_06-41-37	[0 0 0 0 0]	2026-08-16_06-41-37	[0 0 0 0 0 0 0 0 0 1 0 0 0 0 0 0 0 0 0 0 0 0 0 0 0 0 0 0 0 0 0 0 0 0 0 0 0 0 0 0 0 0 0 0 0 0 0 0 0 0 0 0 0 0 0 0 0 0 0 0 0 0 0 0 0 0 0 0 0 0 0 0 0]	2026-08-16_06-41-37	[0 0 0 0 0 0 0 0 0 0 0 0 0 0 0 0 0 0 0 0 0 0 0 1 0 0 0 0 0 0 0 0 0 0 0 0 0 0 0 0 0 0 0 0 0 0 0 0 0 0 0 0 0 0 0 0 0 0 0 0 0 1 0 0 0 0 0 0 0 0 0 0 0]	2026-08-16_06-41-37	[0]	2026-08-16_06-41-37	[0 0 0 0 0]	2026-08-16_06-41-37	[0 0 0 0 0]	2026-08-16_06-41-37	[0 0 0 0 0 1 0 0 0 1 0 0 0 0 0 0 0 0 0 0 0 0 0 0 0 0 0 0 0 0 0 0 0 0 0 0 0 0 0 0 0 0 0 0 0 0 0 0 0 0 0 0 0 0 0 0 0 0 0 0 0 0 0 0 0 0 0 0 0 0 0 0 0]	2026-08-16_06-41-37	[0 0 0 0 0 0 0 0 0 0 0 0 0 0 0 0 0 0 0 0 0 0 0 1 0 0 0 0 0 0 0 0 0 0 0 0 0 0 0 0 0 0 0 0 0 0 0 0 0 0 0 0 0 0 0 0 0 0 0 0 0 1 0 0 0 0 1 0 0 0 0 0 0]	2026-08-16_06-41-37	[0]	2026-08-16_06-41-37
8	2026-08-16_06-41-37	-1.0	2026-08-16_06-41-37	11.17955207824707	2026-08-16_06-41-37	1.52855384349823	2026-08-16_06-41-37	1.6241633892059326	2026-08-16_06-41-37	4.019469738006592	2026-08-16_06-41-37	4.0073652267456055	2026-08-16_06-41-37	True	2026-08-16_06-41-37	[0 0 0 0 0]	2026-08-16_06-41-37	[0 0 0 0 0]	2026-08-16_06-41-37	[0 0 0 0 0 1 0 0 0 1 0 0 0 0 0 0 0 0 0 0 0 0 0 0 0 0 0 0 0 0 0 0 0 0 0 0 0 0 0 0 0 0 0 0 0 0 0 0 0 0 0 0 0 0 0 0 0 0 0 0 0 0 0 0 0 0 0 0 0 0 0 0 0]	2026-08-16_06-41-37	[0 0 0 0 0 0 0 0 0 0 0 0 0 0 0 0 0 0 0 0 0 0 0 1 0 0 0 0 0 0 0 0 0 0 0 0 0 0 0 0 0 0 0 0 0 0 0 0 0 0 0 0 0 0 0 0 0 0 0 0 0 1 0 0 0 0 1 0 0 0 0 0 0]	2026-08-16_06-41-37	[0]	2026-08-16_06-41-37	[0 0 0 0 0]	2026-08-16_06-41-37	[0 0 0 0 0]	2026-08-16_06-41-37	[0 0 0 0 0 0 0 0 0 1 0 0 0 0 0 0 0 0 0 0 0 0 0 0 0 0 0 0 0 0 0 0 0 0 0 0 0 0 0 0 0 0 0 0 0 0 0 0 0 0 0 0 0 0 0 0 0 0 0 0 0 0 0 0 0 0 0 0 0 0 0 0 0]	2026-08-16_06-41-37	[0 0 0 0 0 0 0 0 0 0 0 0 0 0 0 0 0 0 0 0 0 0 0 1 0 0 0 0 0 0 0 0 0 0 0 0 0 0 0 0 0 0 0 0 0 0 0 0 0 0 0 0 0 0 0 0 0 0 0 0 0 1 0 0 0 0 0 0 0 0 0 0 0]	2026-08-16_06-41-37	[0]	2026-08-16_06-41-37
8	2026-08-16_06-41-37	-1.0	2026-08-16_06-41-37	11.271265029907227	2026-08-16_06-41-37	1.5718398094177246	2026-08-16_06-41-37	1.700914740562439	2026-08-16_06-41-37	4.006332874298096	2026-08-16_06-41-37	3.9921770095825195	2026-08-16_06-41-37	True	2026-08-16_06-41-37	[0 0 0 0 0]	2026-08-16_06-41-37	[0 0 0 0 0]	2026-08-16_06-41-37	[0 0 0 0 0 0 0 0 0 1 0 0 0 0 0 0 0 0 0 0 0 0 0 0 0 0 0 0 0 0 0 0 0 0 0 0 0 0 0 0 0 0 0 0 0 0 0 0 0 0 0 0 0 0 0 0 0 0 0 0 0 0 0 0 0 0 0 0 0 0 0 0 0]	2026-08-16_06-41-37	[0 0 0 0 0 0 0 0 0 0 0 0 0 0 0 0 0 0 0 0 0 0 0 1 0 0 0 0 0 0 0 0 0 0 0 0 0 0 0 0 0 0 0 0 0 0 0 0 0 0 0 0 0 0 0 0 0 0 0 0 0 1 0 0 0 0 0 0 0 0 0 0 0]	2026-08-16_06-41-37	[0]	2026-08-16_06-41-37	[0 0 0 0 0]	2026-08-16_06-41-37	[0 0 0 0 0]	2026-08-16_06-41-37	[0 0 0 0 0 1 0 0 0 1 0 0 0 0 0 0 0 0 0 0 0 0 0 0 0 0 0 0 0 0 0 0 0 0 0 0 0 0 0 0 0 0 0 0 0 0 0 0 0 0 0 0 0 0 0 0 0 0 0 0 0 0 0 0 0 0 0 0 0 0 0 0 0]	2026-08-16_06-41-37	[0 0 0 0 0 0 0 0 0 0 0 0 0 0 0 0 0 0 0 0 0 0 0 1 0 0 0 0 0 0 0 0 0 0 0 0 0 0 0 0 0 0 0 0 0 0 0 0 0 0 0 0 0 0 0 0 0 0 0 0 0 1 0 0 0 0 1 0 0 0 0 0 0]	2026-08-16_06-41-37	[0]	2026-08-16_06-41-37
8	2026-08-16_06-41-37	-1.0	2026-08-16_06-41-37	11.181713104248047	2026-08-16_06-41-37	1.5148788690567017	2026-08-16_06-41-37	1.6342905759811401	2026-08-16_06-41-37	4.026120185852051	2026-08-16_06-41-37	4.006422996520996	2026-08-16_06-41-37	True	2026-08-16_06-41-37	[0 0 0 0 0]	2026-08-16_06-41-37	[0 0 0 0 0]	2026-08-16_06-41-37	[0 0 0 0 0 1 0 0 0 1 0 0 0 0 0 0 0 0 0 0 0 0 0 0 0 0 0 0 0 0 0 0 0 0 0 0 0 0 0 0 0 0 0 0 0 0 0 0 0 0 0 0 0 0 0 0 0 0 0 0 0 0 0 0 0 0 0 0 0 0 0 0 0]	2026-08-16_06-41-37	[0 0 0 0 0 0 0 0 0 0 0 0 0 0 0 0 0 0 0 0 0 0 0 1 0 0 0 0 0 0 0 0 0 0 0 0 0 0 0 0 0 0 0 0 0 0 0 0 0 0 0 0 0 0 0 0 0 0 0 0 0 1 0 0 0 0 1 0 0 0 0 0 0]	2026-08-16_06-41-37	[0]	2026-08-16_06-41-37	[0 0 0 0 0]	2026-08-16_06-41-37	[0 0 0 0 0]	2026-08-16_06-41-37	[0 0 0 0 0 0 0 0 0 1 0 0 0 0 0 0 0 0 0 0 0 0 0 0 0 0 0 0 0 0 0 0 0 0 0 0 0 0 0 0 0 0 0 0 0 0 0 0 0 0 0 0 0 0 0 0 0 0 0 0 0 0 0 0 0 0 0 0 0 0 0 0 0]	2026-08-16_06-41-37	[0 0 0 0 0 0 0 0 0 0 0 0 0 0 0 0 0 0 0 0 0 0 0 1 0 0 0 0 0 0 0 0 0 0 0 0 0 0 0 0 0 0 0 0 0 0 0 0 0 0 0 0 0 0 0 0 0 0 0 0 0 1 0 0 0 0 0 0 0 0 0 0 0]	2026-08-16_06-41-37	[0]	2026-08-16_06-41-37
8	2026-08-16_06-41-37	-1.0	2026-08-16_06-41-37	11.169610023498535	2026-08-16_06-41-37	1.5269721746444702	2026-08-16_06-41-37	1.662954330444336	2026-08-16_06-41-37	3.9974238872528076	2026-08-16_06-41-37	3.982259750366211	2026-08-16_06-41-37	True	2026-08-16_06-41-37	[0 0 0 0 0]	2026-08-16_06-41-37	[0 0 0 0 0]	2026-08-16_06-41-37	[0 0 0 0 0 0 0 0 0 1 0 0 0 0 0 0 0 0 0 0 0 0 0 0 0 0 0 0 0 0 0 0 0 0 0 0 0 0 0 0 0 0 0 0 0 0 0 0 0 0 0 0 0 0 0 0 0 0 0 0 0 0 0 0 0 0 0 0 0 0 0 0 0]	2026-08-16_06-41-37	[0 0 0 0 0 0 0 0 0 0 0 0 0 0 0 0 0 0 0 0 0 0 0 1 0 0 0 0 0 0 0 0 0 0 0 0 0 0 0 0 0 0 0 0 0 0 0 0 0 0 0 0 0 0 0 0 0 0 0 0 0 1 0 0 0 0 0 0 0 0 0 0 0]	2026-08-16_06-41-37	[0]	2026-08-16_06-41-37	[0 0 0 0 0]	2026-08-16_06-41-37	[0 0 0 0 0]	2026-08-16_06-41-37	[0 0 0 0 0 1 0 0 0 1 0 0 0 0 0 0 0 0 0 0 0 0 0 0 0 0 0 0 0 0 0 0 0 0 0 0 0 0 0 0 0 0 0 0 0 0 0 0 0 0 0 0 0 0 0 0 0 0 0 0 0 0 0 0 0 0 0 0 0 0 0 0 0]	2026-08-16_06-41-37	[0 0 0 0 0 0 0 0 0 0 0 0 0 0 0 0 0 0 0 0 0 0 0 1 0 0 0 0 0 0 0 0 0 0 0 0 0 0 0 0 0 0 0 0 0 0 0 0 0 0 0 0 0 0 0 0 0 0 0 0 0 1 0 0 0 0 1 0 0 0 0 0 0]	2026-08-16_06-41-37	[0]	2026-08-16_06-41-37
8	2026-08-16_06-41-37	-1.0	2026-08-16_06-41-37	11.168424606323242	2026-08-16_06-41-37	1.5177409648895264	2026-08-16_06-41-37	1.6320013999938965	2026-08-16_06-41-37	4.015669345855713	2026-08-16_06-41-37	4.003012180328369	2026-08-16_06-41-37	True	2026-08-16_06-41-37	[0 0 0 0 0]	2026-08-16_06-41-37	[0 0 0 0 0]	2026-08-16_06-41-37	[0 0 0 0 0 1 0 0 0 1 0 0 0 0 0 0 0 0 0 0 0 0 0 0 0 0 0 0 0 0 0 0 0 0 0 0 0 0 0 0 0 0 0 0 0 0 0 0 0 0 0 0 0 0 0 0 0 0 0 0 0 0 0 0 0 0 0 0 0 0 0 0 0]	2026-08-16_06-41-37	[0 0 0 0 0 0 0 0 0 0 0 0 0 0 0 0 0 0 0 0 0 0 0 1 0 0 0 0 0 0 0 0 0 0 0 0 0 0 0 0 0 0 0 0 0 0 0 0 0 0 0 0 0 0 0 0 0 0 0 0 0 1 0 0 0 0 1 0 0 0 0 0 0]	2026-08-16_06-41-37	[0]	2026-08-16_06-41-37	[0 0 0 0 0]	2026-08-16_06-41-37	[0 0 0 0 0]	2026-08-16_06-41-37	[0 0 0 0 0 0 0 0 0 1 0 0 0 0 0 0 0 0 0 0 0 0 0 0 0 0 0 0 0 0 0 0 0 0 0 0 0 0 0 0 0 0 0 0 0 0 0 0 0 0 0 0 0 0 0 0 0 0 0 0 0 0 0 0 0 0 0 0 0 0 0 0 0]	2026-08-16_06-41-37	[0 0 0 0 0 0 0 0 0 0 0 0 0 0 0 0 0 0 0 0 0 0 0 1 0 0 0 0 0 0 0 0 0 0 0 0 0 0 0 0 0 0 0 0 0 0 0 0 0 0 0 0 0 0 0 0 0 0 0 0 0 1 0 0 0 0 0 0 0 0 0 0 0]	2026-08-16_06-41-37	[0]	2026-08-16_06-41-37
8	2026-08-16_06-41-37	-1.0	2026-08-16_06-41-37	11.214094161987305	2026-08-16_06-41-37	1.5448501110076904	2026-08-16_06-41-37	1.640770435333252	2026-08-16_06-41-37	4.021408557891846	2026-08-16_06-41-37	4.007065296173096	2026-08-16_06-41-37	True	2026-08-16_06-41-37	[0 0 0 0 0]	2026-08-16_06-41-37	[0 0 0 0 0]	2026-08-16_06-41-37	[0 0 0 0 0 0 0 0 0 1 0 0 0 0 0 0 0 0 0 0 0 0 0 0 0 0 0 0 0 0 0 0 0 0 0 0 0 0 0 0 0 0 0 0 0 0 0 0 0 0 0 0 0 0 0 0 0 0 0 0 0 0 0 0 0 0 0 0 0 0 0 0 0]	2026-08-16_06-41-37	[0 0 0 0 0 0 0 0 0 0 0 0 0 0 0 0 0 0 0 0 0 0 0 1 0 0 0 0 0 0 0 0 0 0 0 0 0 0 0 0 0 0 0 0 0 0 0 0 0 0 0 0 0 0 0 0 0 0 0 0 0 1 0 0 0 0 0 0 0 0 0 0 0]	2026-08-16_06-41-37	[0]	2026-08-16_06-41-37	[0 0 0 0 0]	2026-08-16_06-41-37	[0 0 0 0 0]	2026-08-16_06-41-37	[0 0 0 0 0 1 0 0 0 1 0 0 0 0 0 0 0 0 0 0 0 0 0 0 0 0 0 0 0 0 0 0 0 0 0 0 0 0 0 0 0 0 0 0 0 0 0 0 0 0 0 0 0 0 0 0 0 0 0 0 0 0 0 0 0 0 0 0 0 0 0 0 0]	2026-08-16_06-41-37	[0 0 0 0 0 0 0 0 0 0 0 0 0 0 0 0 0 0 0 0 0 0 0 1 0 0 0 0 0 0 0 0 0 0 0 0 0 0 0 0 0 0 0 0 0 0 0 0 0 0 0 0 0 0 0 0 0 0 0 0 0 1 0 0 0 0 1 0 0 0 0 0 0]	2026-08-16_06-41-37	[0]	2026-08-16_06-41-37
8	2026-08-16_06-41-37	-1.0	2026-08-16_06-41-37	11.190406799316406	2026-08-16_06-41-37	1.5211130380630493	2026-08-16_06-41-37	1.6341328620910645	2026-08-16_06-41-37	4.023364067077637	2026-08-16_06-41-37	4.011796951293945	2026-08-16_06-41-37	True	2026-08-16_06-41-37	[0 0 0 0 0]	2026-08-16_06-41-37	[0 0 0 0 0]	2026-08-16_06-41-37	[0 0 0 0 0 1 0 0 0 1 0 0 0 0 0 0 0 0 0 0 0 0 0 0 0 0 0 0 0 0 0 0 0 0 0 0 0 0 0 0 0 0 0 0 0 0 0 0 0 0 0 0 0 0 0 0 0 0 0 0 0 0 0 0 0 0 0 0 0 0 0 0 0]	2026-08-16_06-41-37	[0 0 0 0 0 0 0 0 0 0 0 0 0 0 0 0 0 0 0 0 0 0 0 1 0 0 0 0 0 0 0 0 0 0 0 0 0 0 0 0 0 0 0 0 0 0 0 0 0 0 0 0 0 0 0 0 0 0 0 0 0 1 0 0 0 0 1 0 0 0 0 0 0]	2026-08-16_06-41-37	[0]	2026-08-16_06-41-37	[0 0 0 0 0]	2026-08-16_06-41-37	[0 0 0 0 0]	2026-08-16_06-41-37	[0 0 0 0 0 0 0 0 0 1 0 0 0 0 0 0 0 0 0 0 0 0 0 0 0 0 0 0 0 0 0 0 0 0 0 0 0 0 0 0 0 0 0 0 0 0 0 0 0 0 0 0 0 0 0 0 0 0 0 0 0 0 0 0 0 0 0 0 0 0 0 0 0]	2026-08-16_06-41-37	[0 0 0 0 0 0 0 0 0 0 0 0 0 0 0 0 0 0 0 0 0 0 0 1 0 0 0 0 0 0 0 0 0 0 0 0 0 0 0 0 0 0 0 0 0 0 0 0 0 0 0 0 0 0 0 0 0 0 0 0 0 1 0 0 0 0 0 0 0 0 0 0 0]	2026-08-16_06-41-37	[0]	2026-08-16_06-41-37
8	2026-08-16_06-41-37	-1.0	2026-08-16_06-41-37	11.281839370727539	2026-08-16_06-41-37	1.5820330381393433	2026-08-16_06-41-37	1.704056739807129	2026-08-16_06-41-37	4.008321762084961	2026-08-16_06-41-37	3.9874281883239746	2026-08-16_06-41-37	True	2026-08-16_06-41-37	[0 0 0 0 0]	2026-08-16_06-41-37	[0 0 0 0 0]	2026-08-16_06-41-37	[0 0 0 0 0 0 0 0 0 1 0 0 0 0 0 0 0 0 0 0 0 0 0 0 0 0 0 0 0 0 0 0 0 0 0 0 0 0 0 0 0 0 0 0 0 0 0 0 0 0 0 0 0 0 0 0 0 0 0 0 0 0 0 0 0 0 0 0 0 0 0 0 0]	2026-08-16_06-41-37	[0 0 0 0 0 0 0 0 0 0 0 0 0 0 0 0 0 0 0 0 0 0 0 1 0 0 0 0 0 0 0 0 0 0 0 0 0 0 0 0 0 0 0 0 0 0 0 0 0 0 0 0 0 0 0 0 0 0 0 0 0 1 0 0 0 0 0 0 0 0 0 0 0]	2026-08-16_06-41-37	[0]	2026-08-16_06-41-37	[0 0 0 0 0]	2026-08-16_06-41-37	[0 0 0 0 0]	2026-08-16_06-41-37	[0 0 0 0 0 1 0 0 0 1 0 0 0 0 0 0 0 0 0 0 0 0 0 0 0 0 0 0 0 0 0 0 0 0 0 0 0 0 0 0 0 0 0 0 0 0 0 0 0 0 0 0 0 0 0 0 0 0 0 0 0 0 0 0 0 0 0 0 0 0 0 0 0]	2026-08-16_06-41-37	[0 0 0 0 0 0 0 0 0 0 0 0 0 0 0 0 0 0 0 0 0 0 0 1 0 0 0 0 0 0 0 0 0 0 0 0 0 0 0 0 0 0 0 0 0 0 0 0 0 0 0 0 0 0 0 0 0 0 0 0 0 1 0 0 0 0 1 0 0 0 0 0 0]	2026-08-16_06-41-37	[0]	2026-08-16_06-41-37
8	2026-08-16_06-41-37	-1.0	2026-08-16_06-41-37	11.183228492736816	2026-08-16_06-41-37	1.5184259414672852	2026-08-16_06-41-37	1.6372554302215576	2026-08-16_06-41-37	4.021319389343262	2026-08-16_06-41-37	4.006227493286133	2026-08-16_06-41-37	True	2026-08-16_06-41-37	[0 0 0 0 0]	2026-08-16_06-41-37	[0 0 0 0 0]	2026-08-16_06-41-37	[0 0 0 0 0 1 0 0 0 1 0 0 0 0 0 0 0 0 0 0 0 0 0 0 0 0 0 0 0 0 0 0 0 0 0 0 0 0 0 0 0 0 0 0 0 0 0 0 0 0 0 0 0 0 0 0 0 0 0 0 0 0 0 0 0 0 0 0 0 0 0 0 0]	2026-08-16_06-41-37	[0 0 0 0 0 0 0 0 0 0 0 0 0 0 0 0 0 0 0 0 0 0 0 1 0 0 0 0 0 0 0 0 0 0 0 0 0 0 0 0 0 0 0 0 0 0 0 0 0 0 0 0 0 0 0 0 0 0 0 0 0 1 0 0 0 0 1 0 0 0 0 0 0]	2026-08-16_06-41-37	[0]	2026-08-16_06-41-37	[0 0 0 0 0]	2026-08-16_06-41-37	[0 0 0 0 0]	2026-08-16_06-41-37	[0 0 0 0 0 0 0 0 0 1 0 0 0 0 0 0 0 0 0 0 0 0 0 0 0 0 0 0 0 0 0 0 0 0 0 0 0 0 0 0 0 0 0 0 0 0 0 0 0 0 0 0 0 0 0 0 0 0 0 0 0 0 0 0 0 0 0 0 0 0 0 0 0]	2026-08-16_06-41-37	[0 0 0 0 0 0 0 0 0 0 0 0 0 0 0 0 0 0 0 0 0 0 0 1 0 0 0 0 0 0 0 0 0 0 0 0 0 0 0 0 0 0 0 0 0 0 0 0 0 0 0 0 0 0 0 0 0 0 0 0 0 1 0 0 0 0 0 0 0 0 0 0 0]	2026-08-16_06-41-37	[0]	2026-08-16_06-41-37
8	2026-08-16_06-41-37	-1.0	2026-08-16_06-41-37	11.159016609191895	2026-08-16_06-41-37	1.5277687311172485	2026-08-16_06-41-37	1.6359455585479736	2026-08-16_06-41-37	4.001143932342529	2026-08-16_06-41-37	3.9941580295562744	2026-08-16_06-41-37	True	2026-08-16_06-41-37	[0 0 0 0 0]	2026-08-16_06-41-37	[0 0 0 0 0]	2026-08-16_06-41-37	[0 0 0 0 0 0 0 0 0 1 0 0 0 0 0 0 0 0 0 0 0 0 0 0 0 0 0 0 0 0 0 0 0 0 0 0 0 0 0 0 0 0 0 0 0 0 0 0 0 0 0 0 0 0 0 0 0 0 0 0 0 0 0 0 0 0 0 0 0 0 0 0 0]	2026-08-16_06-41-37	[0 0 0 0 0 0 0 0 0 0 0 0 0 0 0 0 0 0 0 0 0 0 0 1 0 0 0 0 0 0 0 0 0 0 0 0 0 0 0 0 0 0 0 0 0 0 0 0 0 0 0 0 0 0 0 0 0 0 0 0 0 1 0 0 0 0 0 0 0 0 0 0 0]	2026-08-16_06-41-37	[0]	2026-08-16_06-41-37	[0 0 0 0 0]	2026-08-16_06-41-37	[0 0 0 0 0]	2026-08-16_06-41-37	[0 0 0 0 0 1 0 0 0 1 0 0 0 0 0 0 0 0 0 0 0 0 0 0 0 0 0 0 0 0 0 0 0 0 0 0 0 0 0 0 0 0 0 0 0 0 0 0 0 0 0 0 0 0 0 0 0 0 0 0 0 0 0 0 0 0 0 0 0 0 0 0 0]	2026-08-16_06-41-37	[0 0 0 0 0 0 0 0 0 0 0 0 0 0 0 0 0 0 0 0 0 0 0 1 0 0 0 0 0 0 0 0 0 0 0 0 0 0 0 0 0 0 0 0 0 0 0 0 0 0 0 0 0 0 0 0 0 0 0 0 0 1 0 0 0 0 1 0 0 0 0 0 0]	2026-08-16_06-41-37	[0]	2026-08-16_06-41-37
8	2026-08-16_06-41-37	-1.0	2026-08-16_06-41-37	11.195279121398926	2026-08-16_06-41-37	1.532503604888916	2026-08-16_06-41-37	1.6399643421173096	2026-08-16_06-41-37	4.017359733581543	2026-08-16_06-41-37	4.005451202392578	2026-08-16_06-41-37	True	2026-08-16_06-41-37	[0 0 0 0 0]	2026-08-16_06-41-37	[0 0 0 0 0]	2026-08-16_06-41-37	[0 0 0 0 0 1 0 0 0 1 0 0 0 0 0 0 0 0 0 0 0 0 0 0 0 0 0 0 0 0 0 0 0 0 0 0 0 0 0 0 0 0 0 0 0 0 0 0 0 0 0 0 0 0 0 0 0 0 0 0 0 0 0 0 0 0 0 0 0 0 0 0 0]	2026-08-16_06-41-37	[0 0 0 0 0 0 0 0 0 0 0 0 0 0 0 0 0 0 0 0 0 0 0 1 0 0 0 0 0 0 0 0 0 0 0 0 0 0 0 0 0 0 0 0 0 0 0 0 0 0 0 0 0 0 0 0 0 0 0 0 0 1 0 0 0 0 1 0 0 0 0 0 0]	2026-08-16_06-41-37	[0]	2026-08-16_06-41-37	[0 0 0 0 0]	2026-08-16_06-41-37	[0 0 0 0 0]	2026-08-16_06-41-37	[0 0 0 0 0 0 0 0 0 1 0 0 0 0 0 0 0 0 0 0 0 0 0 0 0 0 0 0 0 0 0 0 0 0 0 0 0 0 0 0 0 0 0 0 0 0 0 0 0 0 0 0 0 0 0 0 0 0 0 0 0 0 0 0 0 0 0 0 0 0 0 0 0]	2026-08-16_06-41-37	[0 0 0 0 0 0 0 0 0 0 0 0 0 0 0 0 0 0 0 0 0 0 0 1 0 0 0 0 0 0 0 0 0 0 0 0 0 0 0 0 0 0 0 0 0 0 0 0 0 0 0 0 0 0 0 0 0 0 0 0 0 1 0 0 0 0 0 0 0 0 0 0 0]	2026-08-16_06-41-37	[0]	2026-08-16_06-41-37
8	2026-08-16_06-41-37	-1.0	2026-08-16_06-41-37	11.196619987487793	2026-08-16_06-41-37	1.54080331325531	2026-08-16_06-41-37	1.6669580936431885	2026-08-16_06-41-37	4.000886917114258	2026-08-16_06-41-37	3.987971544265747	2026-08-16_06-41-37	True	2026-08-16_06-41-37	[0 0 0 0 0]	2026-08-16_06-41-37	[0 0 0 0 0]	2026-08-16_06-41-37	[0 0 0 0 0 0 0 0 0 1 0 0 0 0 0 0 0 0 0 0 0 0 0 0 0 0 0 0 0 0 0 0 0 0 0 0 0 0 0 0 0 0 0 0 0 0 0 0 0 0 0 0 0 0 0 0 0 0 0 0 0 0 0 0 0 0 0 0 0 0 0 0 0]	2026-08-16_06-41-37	[0 0 0 0 0 0 0 0 0 0 0 0 0 0 0 0 0 0 0 0 0 0 0 1 0 0 0 0 0 0 0 0 0 0 0 0 0 0 0 0 0 0 0 0 0 0 0 0 0 0 0 0 0 0 0 0 0 0 0 0 0 1 0 0 0 0 0 0 0 0 0 0 0]	2026-08-16_06-41-37	[0]	2026-08-16_06-41-37	[0 0 0 0 0]	2026-08-16_06-41-37	[0 0 0 0 0]	2026-08-16_06-41-37	[0 0 0 0 0 1 0 0 0 1 0 0 0 0 0 0 0 0 0 0 0 0 0 0 0 0 0 0 0 0 0 0 0 0 0 0 0 0 0 0 0 0 0 0 0 0 0 0 0 0 0 0 0 0 0 0 0 0 0 0 0 0 0 0 0 0 0 0 0 0 0 0 0]	2026-08-16_06-41-37	[0 0 0 0 0 0 0 0 0 0 0 0 0 0 0 0 0 0 0 0 0 0 0 1 0 0 0 0 0 0 0 0 0 0 0 0 0 0 0 0 0 0 0 0 0 0 0 0 0 0 0 0 0 0 0 0 0 0 0 0 0 1 0 0 0 0 1 0 0 0 0 0 0]	2026-08-16_06-41-37	[0]	2026-08-16_06-41-37
8	2026-08-16_06-41-37	-1.0	2026-08-16_06-41-37	11.158649444580078	2026-08-16_06-41-37	1.5124567747116089	2026-08-16_06-41-37	1.624903678894043	2026-08-16_06-41-37	4.016252517700195	2026-08-16_06-41-37	4.005036354064941	2026-08-16_06-41-37	True	2026-08-16_06-41-37	[0 0 0 0 0]	2026-08-16_06-41-37	[0 0 0 0 0]	2026-08-16_06-41-37	[0 0 0 0 0 1 0 0 0 1 0 0 0 0 0 0 0 0 0 0 0 0 0 0 0 0 0 0 0 0 0 0 0 0 0 0 0 0 0 0 0 0 0 0 0 0 0 0 0 0 0 0 0 0 0 0 0 0 0 0 0 0 0 0 0 0 0 0 0 0 0 0 0]	2026-08-16_06-41-37	[0 0 0 0 0 0 0 0 0 0 0 0 0 0 0 0 0 0 0 0 0 0 0 1 0 0 0 0 0 0 0 0 0 0 0 0 0 0 0 0 0 0 0 0 0 0 0 0 0 0 0 0 0 0 0 0 0 0 0 0 0 1 0 0 0 0 1 0 0 0 0 0 0]	2026-08-16_06-41-37	[0]	2026-08-16_06-41-37	[0 0 0 0 0]	2026-08-16_06-41-37	[0 0 0 0 0]	2026-08-16_06-41-37	[0 0 0 0 0 0 0 0 0 1 0 0 0 0 0 0 0 0 0 0 0 0 0 0 0 0 0 0 0 0 0 0 0 0 0 0 0 0 0 0 0 0 0 0 0 0 0 0 0 0 0 0 0 0 0 0 0 0 0 0 0 0 0 0 0 0 0 0 0 0 0 0 0]	2026-08-16_06-41-37	[0 0 0 0 0 0 0 0 0 0 0 0 0 0 0 0 0 0 0 0 0 0 0 1 0 0 0 0 0 0 0 0 0 0 0 0 0 0 0 0 0 0 0 0 0 0 0 0 0 0 0 0 0 0 0 0 0 0 0 0 0 1 0 0 0 0 0 0 0 0 0 0 0]	2026-08-16_06-41-37	[0]	2026-08-16_06-41-37
8	2026-08-16_06-41-37	-1.0	2026-08-16_06-41-37	11.205415725708008	2026-08-16_06-41-37	1.546302318572998	2026-08-16_06-41-37	1.6352344751358032	2026-08-16_06-41-37	4.018808364868164	2026-08-16_06-41-37	4.00507116317749	2026-08-16_06-41-37	True	2026-08-16_06-41-37	[0 0 0 0 0]	2026-08-16_06-41-37	[0 0 0 0 0]	2026-08-16_06-41-37	[0 0 0 0 0 0 0 0 0 1 0 0 0 0 0 0 0 0 0 0 0 0 0 0 0 0 0 0 0 0 0 0 0 0 0 0 0 0 0 0 0 0 0 0 0 0 0 0 0 0 0 0 0 0 0 0 0 0 0 0 0 0 0 0 0 0 0 0 0 0 0 0 0]	2026-08-16_06-41-37	[0 0 0 0 0 0 0 0 0 0 0 0 0 0 0 0 0 0 0 0 0 0 0 1 0 0 0 0 0 0 0 0 0 0 0 0 0 0 0 0 0 0 0 0 0 0 0 0 0 0 0 0 0 0 0 0 0 0 0 0 0 1 0 0 0 0 0 0 0 0 0 0 0]	2026-08-16_06-41-37	[0]	2026-08-16_06-41-37	[0 0 0 0 0]	2026-08-16_06-41-37	[0 0 0 0 0]	2026-08-16_06-41-37	[0 0 0 0 0 1 0 0 0 1 0 0 0 0 0 0 0 0 0 0 0 0 0 0 0 0 0 0 0 0 0 0 0 0 0 0 0 0 0 0 0 0 0 0 0 0 0 0 0 0 0 0 0 0 0 0 0 0 0 0 0 0 0 0 0 0 0 0 0 0 0 0 0]	2026-08-16_06-41-37	[0 0 0 0 0 0 0 0 0 0 0 0 0 0 0 0 0 0 0 0 0 0 0 1 0 0 0 0 0 0 0 0 0 0 0 0 0 0 0 0 0 0 0 0 0 0 0 0 0 0 0 0 0 0 0 0 0 0 0 0 0 1 0 0 0 0 1 0 0 0 0 0 0]	2026-08-16_06-41-37	[0]	2026-08-16_06-41-37
8	2026-08-16_06-41-37	-1.0	2026-08-16_06-41-37	11.242330551147461	2026-08-16_06-41-37	1.5544841289520264	2026-08-16_06-41-37	1.6480002403259277	2026-08-16_06-41-37	4.02865743637085	2026-08-16_06-41-37	4.01118803024292	2026-08-16_06-41-37	True	2026-08-16_06-41-37	[0 0 0 0 0]	2026-08-16_06-41-37	[0 0 0 0 0]	2026-08-16_06-41-37	[0 0 0 0 0 1 0 0 0 1 0 0 0 0 0 0 0 0 0 0 0 0 0 0 0 0 0 0 0 0 0 0 0 0 0 0 0 0 0 0 0 0 0 0 0 0 0 0 0 0 0 0 0 0 0 0 0 0 0 0 0 0 0 0 0 0 0 0 0 0 0 0 0]	2026-08-16_06-41-37	[0 0 0 0 0 0 0 0 0 0 0 0 0 0 0 0 0 0 0 0 0 0 0 1 0 0 0 0 0 0 0 0 0 0 0 0 0 0 0 0 0 0 0 0 0 0 0 0 0 0 0 0 0 0 0 0 0 0 0 0 0 1 0 0 0 0 1 0 0 0 0 0 0]	2026-08-16_06-41-37	[0]	2026-08-16_06-41-37	[0 0 0 0 0]	2026-08-16_06-41-37	[0 0 0 0 0]	2026-08-16_06-41-37	[0 0 0 0 0 0 0 0 0 1 0 0 0 0 0 0 0 0 0 0 0 0 0 0 0 0 0 0 0 0 0 0 0 0 0 0 0 0 0 0 0 0 0 0 0 0 0 0 0 0 0 0 0 0 0 0 0 0 0 0 0 0 0 0 0 0 0 0 0 0 0 0 0]	2026-08-16_06-41-37	[0 0 0 0 0 0 0 0 0 0 0 0 0 0 0 0 0 0 0 0 0 0 0 1 0 0 0 0 0 0 0 0 0 0 0 0 0 0 0 0 0 0 0 0 0 0 0 0 0 0 0 0 0 0 0 0 0 0 0 0 0 1 0 0 0 0 0 0 0 0 0 0 0]	2026-08-16_06-41-37	[0]	2026-08-16_06-41-37
8	2026-08-16_06-41-37	-1.0	2026-08-16_06-41-37	11.177958488464355	2026-08-16_06-41-37	1.5297675132751465	2026-08-16_06-41-37	1.6436766386032104	2026-08-16_06-41-37	4.006917476654053	2026-08-16_06-41-37	3.9975967407226562	2026-08-16_06-41-37	True	2026-08-16_06-41-37	[0 0 0 0 0]	2026-08-16_06-41-37	[0 0 0 0 0]	2026-08-16_06-41-37	[0 0 0 0 0 0 0 0 0 1 0 0 0 0 0 0 0 0 0 0 0 0 0 0 0 0 0 0 0 0 0 0 0 0 0 0 0 0 0 0 0 0 0 0 0 0 0 0 0 0 0 0 0 0 0 0 0 0 0 0 0 0 0 0 0 0 0 0 0 0 0 0 0]	2026-08-16_06-41-37	[0 0 0 0 0 0 0 0 0 0 0 0 0 0 0 0 0 0 0 0 0 0 0 1 0 0 0 0 0 0 0 0 0 0 0 0 0 0 0 0 0 0 0 0 0 0 0 0 0 0 0 0 0 0 0 0 0 0 0 0 0 1 0 0 0 0 0 0 0 0 0 0 0]	2026-08-16_06-41-37	[0]	2026-08-16_06-41-37	[0 0 0 0 0]	2026-08-16_06-41-37	[0 0 0 0 0]	2026-08-16_06-41-37	[0 0 0 0 0 1 0 0 0 1 0 0 0 0 0 0 0 0 0 0 0 0 0 0 0 0 0 0 0 0 0 0 0 0 0 0 0 0 0 0 0 0 0 0 0 0 0 0 0 0 0 0 0 0 0 0 0 0 0 0 0 0 0 0 0 0 0 0 0 0 0 0 0]	2026-08-16_06-41-37	[0 0 0 0 0 0 0 0 0 0 0 0 0 0 0 0 0 0 0 0 0 0 0 1 0 0 0 0 0 0 0 0 0 0 0 0 0 0 0 0 0 0 0 0 0 0 0 0 0 0 0 0 0 0 0 0 0 0 0 0 0 1 0 0 0 0 1 0 0 0 0 0 0]	2026-08-16_06-41-37	[0]	2026-08-16_06-41-37
8	2026-08-16_06-41-37	-1.0	2026-08-16_06-41-37	11.144627571105957	2026-08-16_06-41-37	1.5107461214065552	2026-08-16_06-41-37	1.6194729804992676	2026-08-16_06-41-37	4.011732578277588	2026-08-16_06-41-37	4.002676010131836	2026-08-16_06-41-37	True	2026-08-16_06-41-37	[0 0 0 0 0]	2026-08-16_06-41-37	[0 0 0 0 0]	2026-08-16_06-41-37	[0 0 0 0 0 1 0 0 0 1 0 0 0 0 0 0 0 0 0 0 0 0 0 0 0 0 0 0 0 0 0 0 0 0 0 0 0 0 0 0 0 0 0 0 0 0 0 0 0 0 0 0 0 0 0 0 0 0 0 0 0 0 0 0 0 0 0 0 0 0 0 0 0]	2026-08-16_06-41-37	[0 0 0 0 0 0 0 0 0 0 0 0 0 0 0 0 0 0 0 0 0 0 0 1 0 0 0 0 0 0 0 0 0 0 0 0 0 0 0 0 0 0 0 0 0 0 0 0 0 0 0 0 0 0 0 0 0 0 0 0 0 1 0 0 0 0 1 0 0 0 0 0 0]	2026-08-16_06-41-37	[0]	2026-08-16_06-41-37	[0 0 0 0 0]	2026-08-16_06-41-37	[0 0 0 0 0]	2026-08-16_06-41-37	[0 0 0 0 0 0 0 0 0 1 0 0 0 0 0 0 0 0 0 0 0 0 0 0 0 0 0 0 0 0 0 0 0 0 0 0 0 0 0 0 0 0 0 0 0 0 0 0 0 0 0 0 0 0 0 0 0 0 0 0 0 0 0 0 0 0 0 0 0 0 0 0 0]	2026-08-16_06-41-37	[0 0 0 0 0 0 0 0 0 0 0 0 0 0 0 0 0 0 0 0 0 0 0 1 0 0 0 0 0 0 0 0 0 0 0 0 0 0 0 0 0 0 0 0 0 0 0 0 0 0 0 0 0 0 0 0 0 0 0 0 0 1 0 0 0 0 0 0 0 0 0 0 0]	2026-08-16_06-41-37	[0]	2026-08-16_06-41-37
8	2026-08-16_06-41-37	-1.0	2026-08-16_06-41-37	11.19310188293457	2026-08-16_06-41-37	1.5341465473175049	2026-08-16_06-41-37	1.6505135297775269	2026-08-16_06-41-37	4.011706829071045	2026-08-16_06-41-37	3.996734619140625	2026-08-16_06-41-37	True	2026-08-16_06-41-37	[0 0 0 0 0]	2026-08-16_06-41-37	[0 0 0 0 0]	2026-08-16_06-41-37	[0 0 0 0 0 0 0 0 0 1 0 0 0 0 0 0 0 0 0 0 0 0 0 0 0 0 0 0 0 0 0 0 0 0 0 0 0 0 0 0 0 0 0 0 0 0 0 0 0 0 0 0 0 0 0 0 0 0 0 0 0 0 0 0 0 0 0 0 0 0 0 0 0]	2026-08-16_06-41-37	[0 0 0 0 0 0 0 0 0 0 0 0 0 0 0 0 0 0 0 0 0 0 0 1 0 0 0 0 0 0 0 0 0 0 0 0 0 0 0 0 0 0 0 0 0 0 0 0 0 0 0 0 0 0 0 0 0 0 0 0 0 1 0 0 0 0 0 0 0 0 0 0 0]	2026-08-16_06-41-37	[0]	2026-08-16_06-41-37	[0 0 0 0 0]	2026-08-16_06-41-37	[0 0 0 0 0]	2026-08-16_06-41-37	[0 0 0 0 0 1 0 0 0 1 0 0 0 0 0 0 0 0 0 0 0 0 0 0 0 0 0 0 0 0 0 0 0 0 0 0 0 0 0 0 0 0 0 0 0 0 0 0 0 0 0 0 0 0 0 0 0 0 0 0 0 0 0 0 0 0 0 0 0 0 0 0 0]	2026-08-16_06-41-37	[0 0 0 0 0 0 0 0 0 0 0 0 0 0 0 0 0 0 0 0 0 0 0 1 0 0 0 0 0 0 0 0 0 0 0 0 0 0 0 0 0 0 0 0 0 0 0 0 0 0 0 0 0 0 0 0 0 0 0 0 0 1 0 0 0 0 1 0 0 0 0 0 0]	2026-08-16_06-41-37	[0]	2026-08-16_06-41-37
8	2026-08-16_06-41-37	-1.0	2026-08-16_06-41-37	11.146183967590332	2026-08-16_06-41-37	1.5217114686965942	2026-08-16_06-41-37	1.591629147529602	2026-08-16_06-41-37	4.022352695465088	2026-08-16_06-41-37	4.010490417480469	2026-08-16_06-41-37	True	2026-08-16_06-41-37	[0 0 0 0 0]	2026-08-16_06-41-37	[0 0 0 0 0]	2026-08-16_06-41-37	[0 0 0 0 0 1 0 0 0 1 0 0 0 0 0 0 0 0 0 0 0 0 0 0 0 0 0 0 0 0 0 0 0 0 0 0 0 0 0 0 0 0 0 0 0 0 0 0 0 0 0 0 0 0 0 0 0 0 0 0 0 0 0 0 0 0 0 0 0 0 0 0 0]	2026-08-16_06-41-37	[0 0 0 0 0 0 0 0 0 0 0 0 0 0 0 0 0 0 0 0 0 0 0 1 0 0 0 0 0 0 0 0 0 0 0 0 0 0 0 0 0 0 0 0 0 0 0 0 0 0 0 0 0 0 0 0 0 0 0 0 0 1 0 0 0 0 1 0 0 0 0 0 0]	2026-08-16_06-41-37	[0]	2026-08-16_06-41-37	[0 0 0 0 0]	2026-08-16_06-41-37	[0 0 0 0 0]	2026-08-16_06-41-37	[0 0 0 0 0 0 0 0 0 1 0 0 0 0 0 0 0 0 0 0 0 0 0 0 0 0 0 0 0 0 0 0 0 0 0 0 0 0 0 0 0 0 0 0 0 0 0 0 0 0 0 0 0 0 0 0 0 0 0 0 0 0 0 0 0 0 0 0 0 0 0 0 0]	2026-08-16_06-41-37	[0 0 0 0 0 0 0 0 0 0 0 0 0 0 0 0 0 0 0 0 0 0 0 1 0 0 0 0 0 0 0 0 0 0 0 0 0 0 0 0 0 0 0 0 0 0 0 0 0 0 0 0 0 0 0 0 0 0 0 0 0 1 0 0 0 0 0 0 0 0 0 0 0]	2026-08-16_06-41-37	[0]	2026-08-16_06-41-37
8	2026-08-16_06-41-37	-1.0	2026-08-16_06-41-37	11.288423538208008	2026-08-16_06-41-37	1.5803508758544922	2026-08-16_06-41-37	1.6766741275787354	2026-08-16_06-41-37	4.022670745849609	2026-08-16_06-41-37	4.008727550506592	2026-08-16_06-41-37	True	2026-08-16_06-41-37	[0 0 0 0 0]	2026-08-16_06-41-37	[0 0 0 0 0]	2026-08-16_06-41-37	[0 0 0 0 0 0 0 0 0 1 0 0 0 0 0 0 0 0 0 0 0 0 0 0 0 0 0 0 0 0 0 0 0 0 0 0 0 0 0 0 0 0 0 0 0 0 0 0 0 0 0 0 0 0 0 0 0 0 0 0 0 0 0 0 0 0 0 0 0 0 0 0 0]	2026-08-16_06-41-37	[0 0 0 0 0 0 0 0 0 0 0 0 0 0 0 0 0 0 0 0 0 0 0 1 0 0 0 0 0 0 0 0 0 0 0 0 0 0 0 0 0 0 0 0 0 0 0 0 0 0 0 0 0 0 0 0 0 0 0 0 0 1 0 0 0 0 0 0 0 0 0 0 0]	2026-08-16_06-41-37	[0]	2026-08-16_06-41-37	[0 0 0 0 0]	2026-08-16_06-41-37	[0 0 0 0 0]	2026-08-16_06-41-37	[0 0 0 0 0 1 0 0 0 1 0 0 0 0 0 0 0 0 0 0 0 0 0 0 0 0 0 0 0 0 0 0 0 0 0 0 0 0 0 0 0 0 0 0 0 0 0 0 0 0 0 0 0 0 0 0 0 0 0 0 0 0 0 0 0 0 0 0 0 0 0 0 0]	2026-08-16_06-41-37	[0 0 0 0 0 0 0 0 0 0 0 0 0 0 0 0 0 0 0 0 0 0 0 1 0 0 0 0 0 0 0 0 0 0 0 0 0 0 0 0 0 0 0 0 0 0 0 0 0 0 0 0 0 0 0 0 0 0 0 0 0 1 0 0 0 0 1 0 0 0 0 0 0]	2026-08-16_06-41-37	[0]	2026-08-16_06-41-37
8	2026-08-16_06-41-37	-1.0	2026-08-16_06-41-37	11.206633567810059	2026-08-16_06-41-37	1.5398414134979248	2026-08-16_06-41-37	1.6349045038223267	2026-08-16_06-41-37	4.022002220153809	2026-08-16_06-41-37	4.009885311126709	2026-08-16_06-41-37	True	2026-08-16_06-41-37	[0 0 0 0 0]	2026-08-16_06-41-37	[0 0 0 0 0]	2026-08-16_06-41-37	[0 0 0 0 0 1 0 0 0 1 0 0 0 0 0 0 0 0 0 0 0 0 0 0 0 0 0 0 0 0 0 0 0 0 0 0 0 0 0 0 0 0 0 0 0 0 0 0 0 0 0 0 0 0 0 0 0 0 0 0 0 0 0 0 0 0 0 0 0 0 0 0 0]	2026-08-16_06-41-37	[0 0 0 0 0 0 0 0 0 0 0 0 0 0 0 0 0 0 0 0 0 0 0 1 0 0 0 0 0 0 0 0 0 0 0 0 0 0 0 0 0 0 0 0 0 0 0 0 0 0 0 0 0 0 0 0 0 0 0 0 0 1 0 0 0 0 1 0 0 0 0 0 0]	2026-08-16_06-41-37	[0]	2026-08-16_06-41-37	[0 0 0 0 0]	2026-08-16_06-41-37	[0 0 0 0 0]	2026-08-16_06-41-37	[0 0 0 0 0 0 0 0 0 1 0 0 0 0 0 0 0 0 0 0 0 0 0 0 0 0 0 0 0 0 0 0 0 0 0 0 0 0 0 0 0 0 0 0 0 0 0 0 0 0 0 0 0 0 0 0 0 0 0 0 0 0 0 0 0 0 0 0 0 0 0 0 0]	2026-08-16_06-41-37	[0 0 0 0 0 0 0 0 0 0 0 0 0 0 0 0 0 0 0 0 0 0 0 1 0 0 0 0 0 0 0 0 0 0 0 0 0 0 0 0 0 0 0 0 0 0 0 0 0 0 0 0 0 0 0 0 0 0 0 0 0 1 0 0 0 0 0 0 0 0 0 0 0]	2026-08-16_06-41-37	[0]	2026-08-16_06-41-37
8	2026-08-16_06-41-37	-1.0	2026-08-16_06-41-37	11.215453147888184	2026-08-16_06-41-37	1.543546438217163	2026-08-16_06-41-37	1.667762279510498	2026-08-16_06-41-37	4.008942127227783	2026-08-16_06-41-37	3.99520206451416	2026-08-16_06-41-37	True	2026-08-16_06-41-37	[0 0 0 0 0]	2026-08-16_06-41-37	[0 0 0 0 0]	2026-08-16_06-41-37	[0 0 0 0 0 0 0 0 0 1 0 0 0 0 0 0 0 0 0 0 0 0 0 0 0 0 0 0 0 0 0 0 0 0 0 0 0 0 0 0 0 0 0 0 0 0 0 0 0 0 0 0 0 0 0 0 0 0 0 0 0 0 0 0 0 0 0 0 0 0 0 0 0]	2026-08-16_06-41-37	[0 0 0 0 0 0 0 0 0 0 0 0 0 0 0 0 0 0 0 0 0 0 0 1 0 0 0 0 0 0 0 0 0 0 0 0 0 0 0 0 0 0 0 0 0 0 0 0 0 0 0 0 0 0 0 0 0 0 0 0 0 1 0 0 0 0 0 0 0 0 0 0 0]	2026-08-16_06-41-37	[0]	2026-08-16_06-41-37	[0 0 0 0 0]	2026-08-16_06-41-37	[0 0 0 0 0]	2026-08-16_06-41-37	[0 0 0 0 0 1 0 0 0 1 0 0 0 0 0 0 0 0 0 0 0 0 0 0 0 0 0 0 0 0 0 0 0 0 0 0 0 0 0 0 0 0 0 0 0 0 0 0 0 0 0 0 0 0 0 0 0 0 0 0 0 0 0 0 0 0 0 0 0 0 0 0 0]	2026-08-16_06-41-37	[0 0 0 0 0 0 0 0 0 0 0 0 0 0 0 0 0 0 0 0 0 0 0 1 0 0 0 0 0 0 0 0 0 0 0 0 0 0 0 0 0 0 0 0 0 0 0 0 0 0 0 0 0 0 0 0 0 0 0 0 0 1 0 0 0 0 1 0 0 0 0 0 0]	2026-08-16_06-41-37	[0]	2026-08-16_06-41-37
8	2026-08-16_06-41-37	-1.0	2026-08-16_06-41-37	11.30756950378418	2026-08-16_06-41-37	1.5859736204147339	2026-08-16_06-41-37	1.690521240234375	2026-08-16_06-41-37	4.022800445556641	2026-08-16_06-41-37	4.008274555206299	2026-08-16_06-41-37	True	2026-08-16_06-41-37	[0 0 0 0 0]	2026-08-16_06-41-37	[0 0 0 0 0]	2026-08-16_06-41-37	[0 0 0 0 0 1 0 0 0 1 0 0 0 0 0 0 0 0 0 0 0 0 0 0 0 0 0 0 0 0 0 0 0 0 0 0 0 0 0 0 0 0 0 0 0 0 0 0 0 0 0 0 0 0 0 0 0 0 0 0 0 0 0 0 0 0 0 0 0 0 0 0 0]	2026-08-16_06-41-37	[0 0 0 0 0 0 0 0 0 0 0 0 0 0 0 0 0 0 0 0 0 0 0 1 0 0 0 0 0 0 0 0 0 0 0 0 0 0 0 0 0 0 0 0 0 0 0 0 0 0 0 0 0 0 0 0 0 0 0 0 0 1 0 0 0 0 1 0 0 0 0 0 0]	2026-08-16_06-41-37	[0]	2026-08-16_06-41-37	[0 0 0 0 0]	2026-08-16_06-41-37	[0 0 0 0 0]	2026-08-16_06-41-37	[0 0 0 0 0 0 0 0 0 1 0 0 0 0 0 0 0 0 0 0 0 0 0 0 0 0 0 0 0 0 0 0 0 0 0 0 0 0 0 0 0 0 0 0 0 0 0 0 0 0 0 0 0 0 0 0 0 0 0 0 0 0 0 0 0 0 0 0 0 0 0 0 0]	2026-08-16_06-41-37	[0 0 0 0 0 0 0 0 0 0 0 0 0 0 0 0 0 0 0 0 0 0 0 1 0 0 0 0 0 0 0 0 0 0 0 0 0 0 0 0 0 0 0 0 0 0 0 0 0 0 0 0 0 0 0 0 0 0 0 0 0 1 0 0 0 0 0 0 0 0 0 0 0]	2026-08-16_06-41-37	[0]	2026-08-16_06-41-37
8	2026-08-16_06-41-37	-1.0	2026-08-16_06-41-37	11.293289184570312	2026-08-16_06-41-37	1.5952204465866089	2026-08-16_06-41-37	1.70645272731781	2026-08-16_06-41-37	4.006436347961426	2026-08-16_06-41-37	3.9851796627044678	2026-08-16_06-41-37	True	2026-08-16_06-41-37	[0 0 0 0 0]	2026-08-16_06-41-37	[0 0 0 0 0]	2026-08-16_06-41-37	[0 0 0 0 0 0 0 0 0 1 0 0 0 0 0 0 0 0 0 0 0 0 0 0 0 0 0 0 0 0 0 0 0 0 0 0 0 0 0 0 0 0 0 0 0 0 0 0 0 0 0 0 0 0 0 0 0 0 0 0 0 0 0 0 0 0 0 0 0 0 0 0 0]	2026-08-16_06-41-37	[0 0 0 0 0 0 0 0 0 0 0 0 0 0 0 0 0 0 0 0 0 0 0 1 0 0 0 0 0 0 0 0 0 0 0 0 0 0 0 0 0 0 0 0 0 0 0 0 0 0 0 0 0 0 0 0 0 0 0 0 0 1 0 0 0 0 0 0 0 0 0 0 0]	2026-08-16_06-41-37	[0]	2026-08-16_06-41-37	[0 0 0 0 0]	2026-08-16_06-41-37	[0 0 0 0 0]	2026-08-16_06-41-37	[0 0 0 0 0 1 0 0 0 1 0 0 0 0 0 0 0 0 0 0 0 0 0 0 0 0 0 0 0 0 0 0 0 0 0 0 0 0 0 0 0 0 0 0 0 0 0 0 0 0 0 0 0 0 0 0 0 0 0 0 0 0 0 0 0 0 0 0 0 0 0 0 0]	2026-08-16_06-41-37	[0 0 0 0 0 0 0 0 0 0 0 0 0 0 0 0 0 0 0 0 0 0 0 1 0 0 0 0 0 0 0 0 0 0 0 0 0 0 0 0 0 0 0 0 0 0 0 0 0 0 0 0 0 0 0 0 0 0 0 0 0 1 0 0 0 0 1 0 0 0 0 0 0]	2026-08-16_06-41-37	[0]	2026-08-16_06-41-37
8	2026-08-16_06-41-37	-1.0	2026-08-16_06-41-37	11.213774681091309	2026-08-16_06-41-37	1.542952299118042	2026-08-16_06-41-37	1.6384468078613281	2026-08-16_06-41-37	4.025325775146484	2026-08-16_06-41-37	4.007049560546875	2026-08-16_06-41-37	True	2026-08-16_06-41-37	[0 0 0 0 0]	2026-08-16_06-41-37	[0 0 0 0 0]	2026-08-16_06-41-37	[0 0 0 0 0 1 0 0 0 1 0 0 0 0 0 0 0 0 0 0 0 0 0 0 0 0 0 0 0 0 0 0 0 0 0 0 0 0 0 0 0 0 0 0 0 0 0 0 0 0 0 0 0 0 0 0 0 0 0 0 0 0 0 0 0 0 0 0 0 0 0 0 0]	2026-08-16_06-41-37	[0 0 0 0 0 0 0 0 0 0 0 0 0 0 0 0 0 0 0 0 0 0 0 1 0 0 0 0 0 0 0 0 0 0 0 0 0 0 0 0 0 0 0 0 0 0 0 0 0 0 0 0 0 0 0 0 0 0 0 0 0 1 0 0 0 0 1 0 0 0 0 0 0]	2026-08-16_06-41-37	[0]	2026-08-16_06-41-37	[0 0 0 0 0]	2026-08-16_06-41-37	[0 0 0 0 0]	2026-08-16_06-41-37	[0 0 0 0 0 0 0 0 0 1 0 0 0 0 0 0 0 0 0 0 0 0 0 0 0 0 0 0 0 0 0 0 0 0 0 0 0 0 0 0 0 0 0 0 0 0 0 0 0 0 0 0 0 0 0 0 0 0 0 0 0 0 0 0 0 0 0 0 0 0 0 0 0]	2026-08-16_06-41-37	[0 0 0 0 0 0 0 0 0 0 0 0 0 0 0 0 0 0 0 0 0 0 0 1 0 0 0 0 0 0 0 0 0 0 0 0 0 0 0 0 0 0 0 0 0 0 0 0 0 0 0 0 0 0 0 0 0 0 0 0 0 1 0 0 0 0 0 0 0 0 0 0 0]	2026-08-16_06-41-37	[0]	2026-08-16_06-41-37
8	2026-08-16_06-41-37	-1.0	2026-08-16_06-41-37	11.157196044921875	2026-08-16_06-41-37	1.529989242553711	2026-08-16_06-41-37	1.6458791494369507	2026-08-16_06-41-37	3.9948394298553467	2026-08-16_06-41-37	3.986487865447998	2026-08-16_06-41-37	True	2026-08-16_06-41-37	[0 0 0 0 0]	2026-08-16_06-41-37	[0 0 0 0 0]	2026-08-16_06-41-37	[0 0 0 0 0 0 0 0 0 1 0 0 0 0 0 0 0 0 0 0 0 0 0 0 0 0 0 0 0 0 0 0 0 0 0 0 0 0 0 0 0 0 0 0 0 0 0 0 0 0 0 0 0 0 0 0 0 0 0 0 0 0 0 0 0 0 0 0 0 0 0 0 0]	2026-08-16_06-41-37	[0 0 0 0 0 0 0 0 0 0 0 0 0 0 0 0 0 0 0 0 0 0 0 1 0 0 0 0 0 0 0 0 0 0 0 0 0 0 0 0 0 0 0 0 0 0 0 0 0 0 0 0 0 0 0 0 0 0 0 0 0 1 0 0 0 0 0 0 0 0 0 0 0]	2026-08-16_06-41-37	[0]	2026-08-16_06-41-37	[0 0 0 0 0]	2026-08-16_06-41-37	[0 0 0 0 0]	2026-08-16_06-41-37	[0 0 0 0 0 1 0 0 0 1 0 0 0 0 0 0 0 0 0 0 0 0 0 0 0 0 0 0 0 0 0 0 0 0 0 0 0 0 0 0 0 0 0 0 0 0 0 0 0 0 0 0 0 0 0 0 0 0 0 0 0 0 0 0 0 0 0 0 0 0 0 0 0]	2026-08-16_06-41-37	[0 0 0 0 0 0 0 0 0 0 0 0 0 0 0 0 0 0 0 0 0 0 0 1 0 0 0 0 0 0 0 0 0 0 0 0 0 0 0 0 0 0 0 0 0 0 0 0 0 0 0 0 0 0 0 0 0 0 0 0 0 1 0 0 0 0 1 0 0 0 0 0 0]	2026-08-16_06-41-37	[0]	2026-08-16_06-41-37
8	2026-08-16_06-41-37	-1.0	2026-08-16_06-41-37	11.178382873535156	2026-08-16_06-41-37	1.5240297317504883	2026-08-16_06-41-37	1.621805191040039	2026-08-16_06-41-37	4.023548603057861	2026-08-16_06-41-37	4.008998870849609	2026-08-16_06-41-37	True	2026-08-16_06-41-37	[0 0 0 0 0]	2026-08-16_06-41-37	[0 0 0 0 0]	2026-08-16_06-41-37	[0 0 0 0 0 1 0 0 0 1 0 0 0 0 0 0 0 0 0 0 0 0 0 0 0 0 0 0 0 0 0 0 0 0 0 0 0 0 0 0 0 0 0 0 0 0 0 0 0 0 0 0 0 0 0 0 0 0 0 0 0 0 0 0 0 0 0 0 0 0 0 0 0]	2026-08-16_06-41-37	[0 0 0 0 0 0 0 0 0 0 0 0 0 0 0 0 0 0 0 0 0 0 0 1 0 0 0 0 0 0 0 0 0 0 0 0 0 0 0 0 0 0 0 0 0 0 0 0 0 0 0 0 0 0 0 0 0 0 0 0 0 1 0 0 0 0 1 0 0 0 0 0 0]	2026-08-16_06-41-37	[0]	2026-08-16_06-41-37	[0 0 0 0 0]	2026-08-16_06-41-37	[0 0 0 0 0]	2026-08-16_06-41-37	[0 0 0 0 0 0 0 0 0 1 0 0 0 0 0 0 0 0 0 0 0 0 0 0 0 0 0 0 0 0 0 0 0 0 0 0 0 0 0 0 0 0 0 0 0 0 0 0 0 0 0 0 0 0 0 0 0 0 0 0 0 0 0 0 0 0 0 0 0 0 0 0 0]	2026-08-16_06-41-37	[0 0 0 0 0 0 0 0 0 0 0 0 0 0 0 0 0 0 0 0 0 0 0 1 0 0 0 0 0 0 0 0 0 0 0 0 0 0 0 0 0 0 0 0 0 0 0 0 0 0 0 0 0 0 0 0 0 0 0 0 0 1 0 0 0 0 0 0 0 0 0 0 0]	2026-08-16_06-41-37	[0]	2026-08-16_06-41-37
8	2026-08-16_06-41-37	-1.0	2026-08-16_06-41-37	11.18297290802002	2026-08-16_06-41-37	1.534430742263794	2026-08-16_06-41-37	1.6650409698486328	2026-08-16_06-41-37	3.997471809387207	2026-08-16_06-41-37	3.986029863357544	2026-08-16_06-41-37	True	2026-08-16_06-41-37	[0 0 0 0 0]	2026-08-16_06-41-37	[0 0 0 0 0]	2026-08-16_06-41-37	[0 0 0 0 0 0 0 0 0 1 0 0 0 0 0 0 0 0 0 0 0 0 0 0 0 0 0 0 0 0 0 0 0 0 0 0 0 0 0 0 0 0 0 0 0 0 0 0 0 0 0 0 0 0 0 0 0 0 0 0 0 0 0 0 0 0 0 0 0 0 0 0 0]	2026-08-16_06-41-37	[0 0 0 0 0 0 0 0 0 0 0 0 0 0 0 0 0 0 0 0 0 0 0 1 0 0 0 0 0 0 0 0 0 0 0 0 0 0 0 0 0 0 0 0 0 0 0 0 0 0 0 0 0 0 0 0 0 0 0 0 0 1 0 0 0 0 0 0 0 0 0 0 0]	2026-08-16_06-41-37	[0]	2026-08-16_06-41-37	[0 0 0 0 0]	2026-08-16_06-41-37	[0 0 0 0 0]	2026-08-16_06-41-37	[0 0 0 0 0 1 0 0 0 1 0 0 0 0 0 0 0 0 0 0 0 0 0 0 0 0 0 0 0 0 0 0 0 0 0 0 0 0 0 0 0 0 0 0 0 0 0 0 0 0 0 0 0 0 0 0 0 0 0 0 0 0 0 0 0 0 0 0 0 0 0 0 0]	2026-08-16_06-41-37	[0 0 0 0 0 0 0 0 0 0 0 0 0 0 0 0 0 0 0 0 0 0 0 1 0 0 0 0 0 0 0 0 0 0 0 0 0 0 0 0 0 0 0 0 0 0 0 0 0 0 0 0 0 0 0 0 0 0 0 0 0 1 0 0 0 0 1 0 0 0 0 0 0]	2026-08-16_06-41-37	[0]	2026-08-16_06-41-37
8	2026-08-16_06-41-37	-1.0	2026-08-16_06-41-37	11.144371032714844	2026-08-16_06-41-37	1.52505362033844	2026-08-16_06-41-37	1.5880019664764404	2026-08-16_06-41-37	4.021787166595459	2026-08-16_06-41-37	4.009527683258057	2026-08-16_06-41-37	True	2026-08-16_06-41-37	[0 0 0 0 0]	2026-08-16_06-41-37	[0 0 0 0 0]	2026-08-16_06-41-37	[0 0 0 0 0 1 0 0 0 1 0 0 0 0 0 0 0 0 0 0 0 0 0 0 0 0 0 0 0 0 0 0 0 0 0 0 0 0 0 0 0 0 0 0 0 0 0 0 0 0 0 0 0 0 0 0 0 0 0 0 0 0 0 0 0 0 0 0 0 0 0 0 0]	2026-08-16_06-41-37	[0 0 0 0 0 0 0 0 0 0 0 0 0 0 0 0 0 0 0 0 0 0 0 1 0 0 0 0 0 0 0 0 0 0 0 0 0 0 0 0 0 0 0 0 0 0 0 0 0 0 0 0 0 0 0 0 0 0 0 0 0 1 0 0 0 0 1 0 0 0 0 0 0]	2026-08-16_06-41-37	[0]	2026-08-16_06-41-37	[0 0 0 0 0]	2026-08-16_06-41-37	[0 0 0 0 0]	2026-08-16_06-41-37	[0 0 0 0 0 0 0 0 0 1 0 0 0 0 0 0 0 0 0 0 0 0 0 0 0 0 0 0 0 0 0 0 0 0 0 0 0 0 0 0 0 0 0 0 0 0 0 0 0 0 0 0 0 0 0 0 0 0 0 0 0 0 0 0 0 0 0 0 0 0 0 0 0]	2026-08-16_06-41-37	[0 0 0 0 0 0 0 0 0 0 0 0 0 0 0 0 0 0 0 0 0 0 0 1 0 0 0 0 0 0 0 0 0 0 0 0 0 0 0 0 0 0 0 0 0 0 0 0 0 0 0 0 0 0 0 0 0 0 0 0 0 1 0 0 0 0 0 0 0 0 0 0 0]	2026-08-16_06-41-37	[0]	2026-08-16_06-41-37
8	2026-08-16_06-41-37	-1.0	2026-08-16_06-41-37	11.289112091064453	2026-08-16_06-41-37	1.5721569061279297	2026-08-16_06-41-37	1.7071952819824219	2026-08-16_06-41-37	4.014283180236816	2026-08-16_06-41-37	3.995476245880127	2026-08-16_06-41-37	True	2026-08-16_06-41-37	[0 0 0 0 0]	2026-08-16_06-41-37	[0 0 0 0 0]	2026-08-16_06-41-37	[0 0 0 0 0 0 0 0 0 1 0 0 0 0 0 0 0 0 0 0 0 0 0 0 0 0 0 0 0 0 0 0 0 0 0 0 0 0 0 0 0 0 0 0 0 0 0 0 0 0 0 0 0 0 0 0 0 0 0 0 0 0 0 0 0 0 0 0 0 0 0 0 0]	2026-08-16_06-41-37	[0 0 0 0 0 0 0 0 0 0 0 0 0 0 0 0 0 0 0 0 0 0 0 1 0 0 0 0 0 0 0 0 0 0 0 0 0 0 0 0 0 0 0 0 0 0 0 0 0 0 0 0 0 0 0 0 0 0 0 0 0 1 0 0 0 0 0 0 0 0 0 0 0]	2026-08-16_06-41-37	[0]	2026-08-16_06-41-37	[0 0 0 0 0]	2026-08-16_06-41-37	[0 0 0 0 0]	2026-08-16_06-41-37	[0 0 0 0 0 1 0 0 0 1 0 0 0 0 0 0 0 0 0 0 0 0 0 0 0 0 0 0 0 0 0 0 0 0 0 0 0 0 0 0 0 0 0 0 0 0 0 0 0 0 0 0 0 0 0 0 0 0 0 0 0 0 0 0 0 0 0 0 0 0 0 0 0]	2026-08-16_06-41-37	[0 0 0 0 0 0 0 0 0 0 0 0 0 0 0 0 0 0 0 0 0 0 0 1 0 0 0 0 0 0 0 0 0 0 0 0 0 0 0 0 0 0 0 0 0 0 0 0 0 0 0 0 0 0 0 0 0 0 0 0 0 1 0 0 0 0 1 0 0 0 0 0 0]	2026-08-16_06-41-37	[0]	2026-08-16_06-41-37
8	2026-08-16_06-41-37	-1.0	2026-08-16_06-41-37	11.270792007446289	2026-08-16_06-41-37	1.5609538555145264	2026-08-16_06-41-37	1.6761099100112915	2026-08-16_06-41-37	4.0238752365112305	2026-08-16_06-41-37	4.009852409362793	2026-08-16_06-41-37	True	2026-08-16_06-41-37	[0 0 0 0 0]	2026-08-16_06-41-37	[0 0 0 0 0]	2026-08-16_06-41-37	[0 0 0 0 0 1 0 0 0 1 0 0 0 0 0 0 0 0 0 0 0 0 0 0 0 0 0 0 0 0 0 0 0 0 0 0 0 0 0 0 0 0 0 0 0 0 0 0 0 0 0 0 0 0 0 0 0 0 0 0 0 0 0 0 0 0 0 0 0 0 0 0 0]	2026-08-16_06-41-37	[0 0 0 0 0 0 0 0 0 0 0 0 0 0 0 0 0 0 0 0 0 0 0 1 0 0 0 0 0 0 0 0 0 0 0 0 0 0 0 0 0 0 0 0 0 0 0 0 0 0 0 0 0 0 0 0 0 0 0 0 0 1 0 0 0 0 1 0 0 0 0 0 0]	2026-08-16_06-41-37	[0]	2026-08-16_06-41-37	[0 0 0 0 0]	2026-08-16_06-41-37	[0 0 0 0 0]	2026-08-16_06-41-37	[0 0 0 0 0 0 0 0 0 1 0 0 0 0 0 0 0 0 0 0 0 0 0 0 0 0 0 0 0 0 0 0 0 0 0 0 0 0 0 0 0 0 0 0 0 0 0 0 0 0 0 0 0 0 0 0 0 0 0 0 0 0 0 0 0 0 0 0 0 0 0 0 0]	2026-08-16_06-41-37	[0 0 0 0 0 0 0 0 0 0 0 0 0 0 0 0 0 0 0 0 0 0 0 1 0 0 0 0 0 0 0 0 0 0 0 0 0 0 0 0 0 0 0 0 0 0 0 0 0 0 0 0 0 0 0 0 0 0 0 0 0 1 0 0 0 0 0 0 0 0 0 0 0]	2026-08-16_06-41-37	[0]	2026-08-16_06-41-37
8	2026-08-16_06-41-37	-1.0	2026-08-16_06-41-37	11.229645729064941	2026-08-16_06-41-37	1.5596301555633545	2026-08-16_06-41-37	1.6677602529525757	2026-08-16_06-41-37	4.006967544555664	2026-08-16_06-41-37	3.9952876567840576	2026-08-16_06-41-37	True	2026-08-16_06-41-37	[0 0 0 0 0]	2026-08-16_06-41-37	[0 0 0 0 0]	2026-08-16_06-41-37	[0 0 0 0 0 0 0 0 0 1 0 0 0 0 0 0 0 0 0 0 0 0 0 0 0 0 0 0 0 0 0 0 0 0 0 0 0 0 0 0 0 0 0 0 0 0 0 0 0 0 0 0 0 0 0 0 0 0 0 0 0 0 0 0 0 0 0 0 0 0 0 0 0]	2026-08-16_06-41-37	[0 0 0 0 0 0 0 0 0 0 0 0 0 0 0 0 0 0 0 0 0 0 0 1 0 0 0 0 0 0 0 0 0 0 0 0 0 0 0 0 0 0 0 0 0 0 0 0 0 0 0 0 0 0 0 0 0 0 0 0 0 1 0 0 0 0 0 0 0 0 0 0 0]	2026-08-16_06-41-37	[0]	2026-08-16_06-41-37	[0 0 0 0 0]	2026-08-16_06-41-37	[0 0 0 0 0]	2026-08-16_06-41-37	[0 0 0 0 0 1 0 0 0 1 0 0 0 0 0 0 0 0 0 0 0 0 0 0 0 0 0 0 0 0 0 0 0 0 0 0 0 0 0 0 0 0 0 0 0 0 0 0 0 0 0 0 0 0 0 0 0 0 0 0 0 0 0 0 0 0 0 0 0 0 0 0 0]	2026-08-16_06-41-37	[0 0 0 0 0 0 0 0 0 0 0 0 0 0 0 0 0 0 0 0 0 0 0 1 0 0 0 0 0 0 0 0 0 0 0 0 0 0 0 0 0 0 0 0 0 0 0 0 0 0 0 0 0 0 0 0 0 0 0 0 0 1 0 0 0 0 1 0 0 0 0 0 0]	2026-08-16_06-41-37	[0]	2026-08-16_06-41-37
8	2026-08-16_06-41-37	-1.0	2026-08-16_06-41-37	11.192683219909668	2026-08-16_06-41-37	1.5360238552093506	2026-08-16_06-41-37	1.6329225301742554	2026-08-16_06-41-37	4.017786026000977	2026-08-16_06-41-37	4.005950927734375	2026-08-16_06-41-37	True	2026-08-16_06-41-37	[0 0 0 0 0]	2026-08-16_06-41-37	[0 0 0 0 0]	2026-08-16_06-41-37	[0 0 0 0 0 1 0 0 0 1 0 0 0 0 0 0 0 0 0 0 0 0 0 0 0 0 0 0 0 0 0 0 0 0 0 0 0 0 0 0 0 0 0 0 0 0 0 0 0 0 0 0 0 0 0 0 0 0 0 0 0 0 0 0 0 0 0 0 0 0 0 0 0]	2026-08-16_06-41-37	[0 0 0 0 0 0 0 0 0 0 0 0 0 0 0 0 0 0 0 0 0 0 0 1 0 0 0 0 0 0 0 0 0 0 0 0 0 0 0 0 0 0 0 0 0 0 0 0 0 0 0 0 0 0 0 0 0 0 0 0 0 1 0 0 0 0 1 0 0 0 0 0 0]	2026-08-16_06-41-37	[0]	2026-08-16_06-41-37	[0 0 0 0 0]	2026-08-16_06-41-37	[0 0 0 0 0]	2026-08-16_06-41-37	[0 0 0 0 0 0 0 0 0 1 0 0 0 0 0 0 0 0 0 0 0 0 0 0 0 0 0 0 0 0 0 0 0 0 0 0 0 0 0 0 0 0 0 0 0 0 0 0 0 0 0 0 0 0 0 0 0 0 0 0 0 0 0 0 0 0 0 0 0 0 0 0 0]	2026-08-16_06-41-37	[0 0 0 0 0 0 0 0 0 0 0 0 0 0 0 0 0 0 0 0 0 0 0 1 0 0 0 0 0 0 0 0 0 0 0 0 0 0 0 0 0 0 0 0 0 0 0 0 0 0 0 0 0 0 0 0 0 0 0 0 0 1 0 0 0 0 0 0 0 0 0 0 0]	2026-08-16_06-41-37	[0]	2026-08-16_06-41-37
8	2026-08-16_06-41-37	-1.0	2026-08-16_06-41-37	11.309986114501953	2026-08-16_06-41-37	1.5970014333724976	2026-08-16_06-41-37	1.7017656564712524	2026-08-16_06-41-37	4.013552665710449	2026-08-16_06-41-37	3.9976658821105957	2026-08-16_06-41-37	True	2026-08-16_06-41-37	[0 0 0 0 0]	2026-08-16_06-41-37	[0 0 0 0 0]	2026-08-16_06-41-37	[0 0 0 0 0 0 0 0 0 1 0 0 0 0 0 0 0 0 0 0 0 0 0 0 0 0 0 0 0 0 0 0 0 0 0 0 0 0 0 0 0 0 0 0 0 0 0 0 0 0 0 0 0 0 0 0 0 0 0 0 0 0 0 0 0 0 0 0 0 0 0 0 0]	2026-08-16_06-41-37	[0 0 0 0 0 0 0 0 0 0 0 0 0 0 0 0 0 0 0 0 0 0 0 1 0 0 0 0 0 0 0 0 0 0 0 0 0 0 0 0 0 0 0 0 0 0 0 0 0 0 0 0 0 0 0 0 0 0 0 0 0 1 0 0 0 0 0 0 0 0 0 0 0]	2026-08-16_06-41-37	[0]	2026-08-16_06-41-37	[0 0 0 0 0]	2026-08-16_06-41-37	[0 0 0 0 0]	2026-08-16_06-41-37	[0 0 0 0 0 1 0 0 0 1 0 0 0 0 0 0 0 0 0 0 0 0 0 0 0 0 0 0 0 0 0 0 0 0 0 0 0 0 0 0 0 0 0 0 0 0 0 0 0 0 0 0 0 0 0 0 0 0 0 0 0 0 0 0 0 0 0 0 0 0 0 0 0]	2026-08-16_06-41-37	[0 0 0 0 0 0 0 0 0 0 0 0 0 0 0 0 0 0 0 0 0 0 0 1 0 0 0 0 0 0 0 0 0 0 0 0 0 0 0 0 0 0 0 0 0 0 0 0 0 0 0 0 0 0 0 0 0 0 0 0 0 1 0 0 0 0 1 0 0 0 0 0 0]	2026-08-16_06-41-37	[0]	2026-08-16_06-41-37
8	2026-08-16_06-41-37	-1.0	2026-08-16_06-41-37	11.260639190673828	2026-08-16_06-41-37	1.557606816291809	2026-08-16_06-41-37	1.6789438724517822	2026-08-16_06-41-37	4.019826889038086	2026-08-16_06-41-37	4.004261016845703	2026-08-16_06-41-37	True	2026-08-16_06-41-37	[0 0 0 0 0]	2026-08-16_06-41-37	[0 0 0 0 0]	2026-08-16_06-41-37	[0 0 0 0 0 1 0 0 0 1 0 0 0 0 0 0 0 0 0 0 0 0 0 0 0 0 0 0 0 0 0 0 0 0 0 0 0 0 0 0 0 0 0 0 0 0 0 0 0 0 0 0 0 0 0 0 0 0 0 0 0 0 0 0 0 0 0 0 0 0 0 0 0]	2026-08-16_06-41-37	[0 0 0 0 0 0 0 0 0 0 0 0 0 0 0 0 0 0 0 0 0 0 0 1 0 0 0 0 0 0 0 0 0 0 0 0 0 0 0 0 0 0 0 0 0 0 0 0 0 0 0 0 0 0 0 0 0 0 0 0 0 1 0 0 0 0 1 0 0 0 0 0 0]	2026-08-16_06-41-37	[0]	2026-08-16_06-41-37	[0 0 0 0 0]	2026-08-16_06-41-37	[0 0 0 0 0]	2026-08-16_06-41-37	[0 0 0 0 0 0 0 0 0 1 0 0 0 0 0 0 0 0 0 0 0 0 0 0 0 0 0 0 0 0 0 0 0 0 0 0 0 0 0 0 0 0 0 0 0 0 0 0 0 0 0 0 0 0 0 0 0 0 0 0 0 0 0 0 0 0 0 0 0 0 0 0 0]	2026-08-16_06-41-37	[0 0 0 0 0 0 0 0 0 0 0 0 0 0 0 0 0 0 0 0 0 0 0 1 0 0 0 0 0 0 0 0 0 0 0 0 0 0 0 0 0 0 0 0 0 0 0 0 0 0 0 0 0 0 0 0 0 0 0 0 0 1 0 0 0 0 0 0 0 0 0 0 0]	2026-08-16_06-41-37	[0]	2026-08-16_06-41-37
8	2026-08-16_06-41-37	-1.0	2026-08-16_06-41-37	11.1474027633667	2026-08-16_06-41-37	1.5126335620880127	2026-08-16_06-41-37	1.6400463581085205	2026-08-16_06-41-37	4.001452445983887	2026-08-16_06-41-37	3.9932703971862793	2026-08-16_06-41-37	True	2026-08-16_06-41-37	[0 0 0 0 0]	2026-08-16_06-41-37	[0 0 0 0 0]	2026-08-16_06-41-37	[0 0 0 0 0 0 0 0 0 1 0 0 0 0 0 0 0 0 0 0 0 0 0 0 0 0 0 0 0 0 0 0 0 0 0 0 0 0 0 0 0 0 0 0 0 0 0 0 0 0 0 0 0 0 0 0 0 0 0 0 0 0 0 0 0 0 0 0 0 0 0 0 0]	2026-08-16_06-41-37	[0 0 0 0 0 0 0 0 0 0 0 0 0 0 0 0 0 0 0 0 0 0 0 1 0 0 0 0 0 0 0 0 0 0 0 0 0 0 0 0 0 0 0 0 0 0 0 0 0 0 0 0 0 0 0 0 0 0 0 0 0 1 0 0 0 0 0 0 0 0 0 0 0]	2026-08-16_06-41-37	[0]	2026-08-16_06-41-37	[0 0 0 0 0]	2026-08-16_06-41-37	[0 0 0 0 0]	2026-08-16_06-41-37	[0 0 0 0 0 1 0 0 0 1 0 0 0 0 0 0 0 0 0 0 0 0 0 0 0 0 0 0 0 0 0 0 0 0 0 0 0 0 0 0 0 0 0 0 0 0 0 0 0 0 0 0 0 0 0 0 0 0 0 0 0 0 0 0 0 0 0 0 0 0 0 0 0]	2026-08-16_06-41-37	[0 0 0 0 0 0 0 0 0 0 0 0 0 0 0 0 0 0 0 0 0 0 0 1 0 0 0 0 0 0 0 0 0 0 0 0 0 0 0 0 0 0 0 0 0 0 0 0 0 0 0 0 0 0 0 0 0 0 0 0 0 1 0 0 0 0 1 0 0 0 0 0 0]	2026-08-16_06-41-37	[0]	2026-08-16_06-41-37
8	2026-08-16_06-41-37	-1.0	2026-08-16_06-41-37	11.171547889709473	2026-08-16_06-41-37	1.5190706253051758	2026-08-16_06-41-37	1.6063650846481323	2026-08-16_06-41-37	4.031383514404297	2026-08-16_06-41-37	4.014728546142578	2026-08-16_06-41-37	True	2026-08-16_06-41-37	[0 0 0 0 0]	2026-08-16_06-41-37	[0 0 0 0 0]	2026-08-16_06-41-37	[0 0 0 0 0 1 0 0 0 1 0 0 0 0 0 0 0 0 0 0 0 0 0 0 0 0 0 0 0 0 0 0 0 0 0 0 0 0 0 0 0 0 0 0 0 0 0 0 0 0 0 0 0 0 0 0 0 0 0 0 0 0 0 0 0 0 0 0 0 0 0 0 0]	2026-08-16_06-41-37	[0 0 0 0 0 0 0 0 0 0 0 0 0 0 0 0 0 0 0 0 0 0 0 1 0 0 0 0 0 0 0 0 0 0 0 0 0 0 0 0 0 0 0 0 0 0 0 0 0 0 0 0 0 0 0 0 0 0 0 0 0 1 0 0 0 0 1 0 0 0 0 0 0]	2026-08-16_06-41-37	[0]	2026-08-16_06-41-37	[0 0 0 0 0]	2026-08-16_06-41-37	[0 0 0 0 0]	2026-08-16_06-41-37	[0 0 0 0 0 0 0 0 0 1 0 0 0 0 0 0 0 0 0 0 0 0 0 0 0 0 0 0 0 0 0 0 0 0 0 0 0 0 0 0 0 0 0 0 0 0 0 0 0 0 0 0 0 0 0 0 0 0 0 0 0 0 0 0 0 0 0 0 0 0 0 0 0]	2026-08-16_06-41-37	[0 0 0 0 0 0 0 0 0 0 0 0 0 0 0 0 0 0 0 0 0 0 0 1 0 0 0 0 0 0 0 0 0 0 0 0 0 0 0 0 0 0 0 0 0 0 0 0 0 0 0 0 0 0 0 0 0 0 0 0 0 1 0 0 0 0 0 0 0 0 0 0 0]	2026-08-16_06-41-37	[0]	2026-08-16_06-41-37
8	2026-08-16_06-41-37	-1.0	2026-08-16_06-41-37	11.276071548461914	2026-08-16_06-41-37	1.5770928859710693	2026-08-16_06-41-37	1.687323808670044	2026-08-16_06-41-37	4.013054370880127	2026-08-16_06-41-37	3.998600959777832	2026-08-16_06-41-37	True	2026-08-16_06-41-37	[0 0 0 0 0]	2026-08-16_06-41-37	[0 0 0 0 0]	2026-08-16_06-41-37	[0 0 0 0 0 0 0 0 0 1 0 0 0 0 0 0 0 0 0 0 0 0 0 0 0 0 0 0 0 0 0 0 0 0 0 0 0 0 0 0 0 0 0 0 0 0 0 0 0 0 0 0 0 0 0 0 0 0 0 0 0 0 0 0 0 0 0 0 0 0 0 0 0]	2026-08-16_06-41-37	[0 0 0 0 0 0 0 0 0 0 0 0 0 0 0 0 0 0 0 0 0 0 0 1 0 0 0 0 0 0 0 0 0 0 0 0 0 0 0 0 0 0 0 0 0 0 0 0 0 0 0 0 0 0 0 0 0 0 0 0 0 1 0 0 0 0 0 0 0 0 0 0 0]	2026-08-16_06-41-37	[0]	2026-08-16_06-41-37	[0 0 0 0 0]	2026-08-16_06-41-37	[0 0 0 0 0]	2026-08-16_06-41-37	[0 0 0 0 0 1 0 0 0 1 0 0 0 0 0 0 0 0 0 0 0 0 0 0 0 0 0 0 0 0 0 0 0 0 0 0 0 0 0 0 0 0 0 0 0 0 0 0 0 0 0 0 0 0 0 0 0 0 0 0 0 0 0 0 0 0 0 0 0 0 0 0 0]	2026-08-16_06-41-37	[0 0 0 0 0 0 0 0 0 0 0 0 0 0 0 0 0 0 0 0 0 0 0 1 0 0 0 0 0 0 0 0 0 0 0 0 0 0 0 0 0 0 0 0 0 0 0 0 0 0 0 0 0 0 0 0 0 0 0 0 0 1 0 0 0 0 1 0 0 0 0 0 0]	2026-08-16_06-41-37	[0]	2026-08-16_06-41-37
8	2026-08-16_06-41-37	-1.0	2026-08-16_06-41-37	11.213863372802734	2026-08-16_06-41-37	1.536759614944458	2026-08-16_06-41-37	1.6606981754302979	2026-08-16_06-41-37	4.014876365661621	2026-08-16_06-41-37	4.001529693603516	2026-08-16_06-41-37	True	2026-08-16_06-41-37	[0 0 0 0 0]	2026-08-16_06-41-37	[0 0 0 0 0]	2026-08-16_06-41-37	[0 0 0 0 0 1 0 0 0 1 0 0 0 0 0 0 0 0 0 0 0 0 0 0 0 0 0 0 0 0 0 0 0 0 0 0 0 0 0 0 0 0 0 0 0 0 0 0 0 0 0 0 0 0 0 0 0 0 0 0 0 0 0 0 0 0 0 0 0 0 0 0 0]	2026-08-16_06-41-37	[0 0 0 0 0 0 0 0 0 0 0 0 0 0 0 0 0 0 0 0 0 0 0 1 0 0 0 0 0 0 0 0 0 0 0 0 0 0 0 0 0 0 0 0 0 0 0 0 0 0 0 0 0 0 0 0 0 0 0 0 0 1 0 0 0 0 1 0 0 0 0 0 0]	2026-08-16_06-41-37	[0]	2026-08-16_06-41-37	[0 0 0 0 0]	2026-08-16_06-41-37	[0 0 0 0 0]	2026-08-16_06-41-37	[0 0 0 0 0 0 0 0 0 1 0 0 0 0 0 0 0 0 0 0 0 0 0 0 0 0 0 0 0 0 0 0 0 0 0 0 0 0 0 0 0 0 0 0 0 0 0 0 0 0 0 0 0 0 0 0 0 0 0 0 0 0 0 0 0 0 0 0 0 0 0 0 0]	2026-08-16_06-41-37	[0 0 0 0 0 0 0 0 0 0 0 0 0 0 0 0 0 0 0 0 0 0 0 1 0 0 0 0 0 0 0 0 0 0 0 0 0 0 0 0 0 0 0 0 0 0 0 0 0 0 0 0 0 0 0 0 0 0 0 0 0 1 0 0 0 0 0 0 0 0 0 0 0]	2026-08-16_06-41-37	[0]	2026-08-16_06-41-37
8	2026-08-16_06-41-37	-1.0	2026-08-16_06-41-37	11.24785041809082	2026-08-16_06-41-37	1.5632988214492798	2026-08-16_06-41-37	1.6866790056228638	2026-08-16_06-41-37	4.007414817810059	2026-08-16_06-41-37	3.990457057952881	2026-08-16_06-41-37	True	2026-08-16_06-41-37	[0 0 0 0 0]	2026-08-16_06-41-37	[0 0 0 0 0]	2026-08-16_06-41-37	[0 0 0 0 0 0 0 0 0 1 0 0 0 0 0 0 0 0 0 0 0 0 0 0 0 0 0 0 0 0 0 0 0 0 0 0 0 0 0 0 0 0 0 0 0 0 0 0 0 0 0 0 0 0 0 0 0 0 0 0 0 0 0 0 0 0 0 0 0 0 0 0 0]	2026-08-16_06-41-37	[0 0 0 0 0 0 0 0 0 0 0 0 0 0 0 0 0 0 0 0 0 0 0 1 0 0 0 0 0 0 0 0 0 0 0 0 0 0 0 0 0 0 0 0 0 0 0 0 0 0 0 0 0 0 0 0 0 0 0 0 0 1 0 0 0 0 0 0 0 0 0 0 0]	2026-08-16_06-41-37	[0]	2026-08-16_06-41-37	[0 0 0 0 0]	2026-08-16_06-41-37	[0 0 0 0 0]	2026-08-16_06-41-37	[0 0 0 0 0 1 0 0 0 1 0 0 0 0 0 0 0 0 0 0 0 0 0 0 0 0 0 0 0 0 0 0 0 0 0 0 0 0 0 0 0 0 0 0 0 0 0 0 0 0 0 0 0 0 0 0 0 0 0 0 0 0 0 0 0 0 0 0 0 0 0 0 0]	2026-08-16_06-41-37	[0 0 0 0 0 0 0 0 0 0 0 0 0 0 0 0 0 0 0 0 0 0 0 1 0 0 0 0 0 0 0 0 0 0 0 0 0 0 0 0 0 0 0 0 0 0 0 0 0 0 0 0 0 0 0 0 0 0 0 0 0 1 0 0 0 0 1 0 0 0 0 0 0]	2026-08-16_06-41-37	[0]	2026-08-16_06-41-37
8	2026-08-16_06-41-37	-1.0	2026-08-16_06-41-37	11.150967597961426	2026-08-16_06-41-37	1.509110689163208	2026-08-16_06-41-37	1.6170284748077393	2026-08-16_06-41-37	4.018704891204834	2026-08-16_06-41-37	4.0061235427856445	2026-08-16_06-41-37	True	2026-08-16_06-41-37	[0 0 0 0 0]	2026-08-16_06-41-37	[0 0 0 0 0]	2026-08-16_06-41-37	[0 0 0 0 0 1 0 0 0 1 0 0 0 0 0 0 0 0 0 0 0 0 0 0 0 0 0 0 0 0 0 0 0 0 0 0 0 0 0 0 0 0 0 0 0 0 0 0 0 0 0 0 0 0 0 0 0 0 0 0 0 0 0 0 0 0 0 0 0 0 0 0 0]	2026-08-16_06-41-37	[0 0 0 0 0 0 0 0 0 0 0 0 0 0 0 0 0 0 0 0 0 0 0 1 0 0 0 0 0 0 0 0 0 0 0 0 0 0 0 0 0 0 0 0 0 0 0 0 0 0 0 0 0 0 0 0 0 0 0 0 0 1 0 0 0 0 1 0 0 0 0 0 0]	2026-08-16_06-41-37	[0]	2026-08-16_06-41-37	[0 0 0 0 0]	2026-08-16_06-41-37	[0 0 0 0 0]	2026-08-16_06-41-37	[0 0 0 0 0 0 0 0 0 1 0 0 0 0 0 0 0 0 0 0 0 0 0 0 0 0 0 0 0 0 0 0 0 0 0 0 0 0 0 0 0 0 0 0 0 0 0 0 0 0 0 0 0 0 0 0 0 0 0 0 0 0 0 0 0 0 0 0 0 0 0 0 0]	2026-08-16_06-41-37	[0 0 0 0 0 0 0 0 0 0 0 0 0 0 0 0 0 0 0 0 0 0 0 1 0 0 0 0 0 0 0 0 0 0 0 0 0 0 0 0 0 0 0 0 0 0 0 0 0 0 0 0 0 0 0 0 0 0 0 0 0 1 0 0 0 0 0 0 0 0 0 0 0]	2026-08-16_06-41-37	[0]	2026-08-16_06-41-37
8	2026-08-16_06-41-37	-1.0	2026-08-16_06-41-37	11.2168607711792	2026-08-16_06-41-37	1.5555708408355713	2026-08-16_06-41-37	1.6604788303375244	2026-08-16_06-41-37	4.007439613342285	2026-08-16_06-41-37	3.9933717250823975	2026-08-16_06-41-37	True	2026-08-16_06-41-37	[0 0 0 0 0]	2026-08-16_06-41-37	[0 0 0 0 0]	2026-08-16_06-41-37	[0 0 0 0 0 0 0 0 0 1 0 0 0 0 0 0 0 0 0 0 0 0 0 0 0 0 0 0 0 0 0 0 0 0 0 0 0 0 0 0 0 0 0 0 0 0 0 0 0 0 0 0 0 0 0 0 0 0 0 0 0 0 0 0 0 0 0 0 0 0 0 0 0]	2026-08-16_06-41-37	[0 0 0 0 0 0 0 0 0 0 0 0 0 0 0 0 0 0 0 0 0 0 0 1 0 0 0 0 0 0 0 0 0 0 0 0 0 0 0 0 0 0 0 0 0 0 0 0 0 0 0 0 0 0 0 0 0 0 0 0 0 1 0 0 0 0 0 0 0 0 0 0 0]	2026-08-16_06-41-37	[0]	2026-08-16_06-41-37	[0 0 0 0 0]	2026-08-16_06-41-37	[0 0 0 0 0]	2026-08-16_06-41-37	[0 0 0 0 0 1 0 0 0 1 0 0 0 0 0 0 0 0 0 0 0 0 0 0 0 0 0 0 0 0 0 0 0 0 0 0 0 0 0 0 0 0 0 0 0 0 0 0 0 0 0 0 0 0 0 0 0 0 0 0 0 0 0 0 0 0 0 0 0 0 0 0 0]	2026-08-16_06-41-37	[0 0 0 0 0 0 0 0 0 0 0 0 0 0 0 0 0 0 0 0 0 0 0 1 0 0 0 0 0 0 0 0 0 0 0 0 0 0 0 0 0 0 0 0 0 0 0 0 0 0 0 0 0 0 0 0 0 0 0 0 0 1 0 0 0 0 1 0 0 0 0 0 0]	2026-08-16_06-41-37	[0]	2026-08-16_06-41-37
8	2026-08-16_06-41-37	-1.0	2026-08-16_06-41-37	11.093572616577148	2026-08-16_06-41-37	1.4941680431365967	2026-08-16_06-41-37	1.5738942623138428	2026-08-16_06-41-37	4.019228935241699	2026-08-16_06-41-37	4.00628137588501	2026-08-16_06-41-37	True	2026-08-16_06-41-37	[0 0 0 0 0]	2026-08-16_06-41-37	[0 0 0 0 0]	2026-08-16_06-41-37	[0 0 0 0 0 1 0 0 0 1 0 0 0 0 0 0 0 0 0 0 0 0 0 0 0 0 0 0 0 0 0 0 0 0 0 0 0 0 0 0 0 0 0 0 0 0 0 0 0 0 0 0 0 0 0 0 0 0 0 0 0 0 0 0 0 0 0 0 0 0 0 0 0]	2026-08-16_06-41-37	[0 0 0 0 0 0 0 0 0 0 0 0 0 0 0 0 0 0 0 0 0 0 0 1 0 0 0 0 0 0 0 0 0 0 0 0 0 0 0 0 0 0 0 0 0 0 0 0 0 0 0 0 0 0 0 0 0 0 0 0 0 1 0 0 0 0 1 0 0 0 0 0 0]	2026-08-16_06-41-37	[0]	2026-08-16_06-41-37	[0 0 0 0 0]	2026-08-16_06-41-37	[0 0 0 0 0]	2026-08-16_06-41-37	[0 0 0 0 0 0 0 0 0 1 0 0 0 0 0 0 0 0 0 0 0 0 0 0 0 0 0 0 0 0 0 0 0 0 0 0 0 0 0 0 0 0 0 0 0 0 0 0 0 0 0 0 0 0 0 0 0 0 0 0 0 0 0 0 0 0 0 0 0 0 0 0 0]	2026-08-16_06-41-37	[0 0 0 0 0 0 0 0 0 0 0 0 0 0 0 0 0 0 0 0 0 0 0 1 0 0 0 0 0 0 0 0 0 0 0 0 0 0 0 0 0 0 0 0 0 0 0 0 0 0 0 0 0 0 0 0 0 0 0 0 0 1 0 0 0 0 0 0 0 0 0 0 0]	2026-08-16_06-41-37	[0]	2026-08-16_06-41-37
8	2026-08-16_06-41-37	-1.0	2026-08-16_06-41-37	11.261943817138672	2026-08-16_06-41-37	1.5727818012237549	2026-08-16_06-41-37	1.6837018728256226	2026-08-16_06-41-37	4.008898735046387	2026-08-16_06-41-37	3.9965617656707764	2026-08-16_06-41-37	True	2026-08-16_06-41-37	[0 0 0 0 0]	2026-08-16_06-41-37	[0 0 0 0 0]	2026-08-16_06-41-37	[0 0 0 0 0 0 0 0 0 1 0 0 0 0 0 0 0 0 0 0 0 0 0 0 0 0 0 0 0 0 0 0 0 0 0 0 0 0 0 0 0 0 0 0 0 0 0 0 0 0 0 0 0 0 0 0 0 0 0 0 0 0 0 0 0 0 0 0 0 0 0 0 0]	2026-08-16_06-41-37	[0 0 0 0 0 0 0 0 0 0 0 0 0 0 0 0 0 0 0 0 0 0 0 1 0 0 0 0 0 0 0 0 0 0 0 0 0 0 0 0 0 0 0 0 0 0 0 0 0 0 0 0 0 0 0 0 0 0 0 0 0 1 0 0 0 0 0 0 0 0 0 0 0]	2026-08-16_06-41-37	[0]	2026-08-16_06-41-37	[0 0 0 0 0]	2026-08-16_06-41-37	[0 0 0 0 0]	2026-08-16_06-41-37	[0 0 0 0 0 1 0 0 0 1 0 0 0 0 0 0 0 0 0 0 0 0 0 0 0 0 0 0 0 0 0 0 0 0 0 0 0 0 0 0 0 0 0 0 0 0 0 0 0 0 0 0 0 0 0 0 0 0 0 0 0 0 0 0 0 0 0 0 0 0 0 0 0]	2026-08-16_06-41-37	[0 0 0 0 0 0 0 0 0 0 0 0 0 0 0 0 0 0 0 0 0 0 0 1 0 0 0 0 0 0 0 0 0 0 0 0 0 0 0 0 0 0 0 0 0 0 0 0 0 0 0 0 0 0 0 0 0 0 0 0 0 1 0 0 0 0 1 0 0 0 0 0 0]	2026-08-16_06-41-37	[0]	2026-08-16_06-41-37
8	2026-08-16_06-41-37	-1.0	2026-08-16_06-41-37	11.192850112915039	2026-08-16_06-41-37	1.538755178451538	2026-08-16_06-41-37	1.6282260417938232	2026-08-16_06-41-37	4.0212202072143555	2026-08-16_06-41-37	4.004648208618164	2026-08-16_06-41-37	True	2026-08-16_06-41-37	[0 0 0 0 0]	2026-08-16_06-41-37	[0 0 0 0 0]	2026-08-16_06-41-37	[0 0 0 0 0 1 0 0 0 1 0 0 0 0 0 0 0 0 0 0 0 0 0 0 0 0 0 0 0 0 0 0 0 0 0 0 0 0 0 0 0 0 0 0 0 0 0 0 0 0 0 0 0 0 0 0 0 0 0 0 0 0 0 0 0 0 0 0 0 0 0 0 0]	2026-08-16_06-41-37	[0 0 0 0 0 0 0 0 0 0 0 0 0 0 0 0 0 0 0 0 0 0 0 1 0 0 0 0 0 0 0 0 0 0 0 0 0 0 0 0 0 0 0 0 0 0 0 0 0 0 0 0 0 0 0 0 0 0 0 0 0 1 0 0 0 0 1 0 0 0 0 0 0]	2026-08-16_06-41-37	[0]	2026-08-16_06-41-37	[0 0 0 0 0]	2026-08-16_06-41-37	[0 0 0 0 0]	2026-08-16_06-41-37	[0 0 0 0 0 0 0 0 0 1 0 0 0 0 0 0 0 0 0 0 0 0 0 0 0 0 0 0 0 0 0 0 0 0 0 0 0 0 0 0 0 0 0 0 0 0 0 0 0 0 0 0 0 0 0 0 0 0 0 0 0 0 0 0 0 0 0 0 0 0 0 0 0]	2026-08-16_06-41-37	[0 0 0 0 0 0 0 0 0 0 0 0 0 0 0 0 0 0 0 0 0 0 0 1 0 0 0 0 0 0 0 0 0 0 0 0 0 0 0 0 0 0 0 0 0 0 0 0 0 0 0 0 0 0 0 0 0 0 0 0 0 1 0 0 0 0 0 0 0 0 0 0 0]	2026-08-16_06-41-37	[0]	2026-08-16_06-41-37
8	2026-08-16_06-41-37	-1.0	2026-08-16_06-41-37	11.211996078491211	2026-08-16_06-41-37	1.5522459745407104	2026-08-16_06-41-37	1.6747593879699707	2026-08-16_06-41-37	3.9974939823150635	2026-08-16_06-41-37	3.987496852874756	2026-08-16_06-41-37	True	2026-08-16_06-41-37	[0 0 0 0 0]	2026-08-16_06-41-37	[0 0 0 0 0]	2026-08-16_06-41-37	[0 0 0 0 0 0 0 0 0 1 0 0 0 0 0 0 0 0 0 0 0 0 0 0 0 0 0 0 0 0 0 0 0 0 0 0 0 0 0 0 0 0 0 0 0 0 0 0 0 0 0 0 0 0 0 0 0 0 0 0 0 0 0 0 0 0 0 0 0 0 0 0 0]	2026-08-16_06-41-37	[0 0 0 0 0 0 0 0 0 0 0 0 0 0 0 0 0 0 0 0 0 0 0 1 0 0 0 0 0 0 0 0 0 0 0 0 0 0 0 0 0 0 0 0 0 0 0 0 0 0 0 0 0 0 0 0 0 0 0 0 0 1 0 0 0 0 0 0 0 0 0 0 0]	2026-08-16_06-41-37	[0]	2026-08-16_06-41-37	[0 0 0 0 0]	2026-08-16_06-41-37	[0 0 0 0 0]	2026-08-16_06-41-37	[0 0 0 0 0 1 0 0 0 1 0 0 0 0 0 0 0 0 0 0 0 0 0 0 0 0 0 0 0 0 0 0 0 0 0 0 0 0 0 0 0 0 0 0 0 0 0 0 0 0 0 0 0 0 0 0 0 0 0 0 0 0 0 0 0 0 0 0 0 0 0 0 0]	2026-08-16_06-41-37	[0 0 0 0 0 0 0 0 0 0 0 0 0 0 0 0 0 0 0 0 0 0 0 1 0 0 0 0 0 0 0 0 0 0 0 0 0 0 0 0 0 0 0 0 0 0 0 0 0 0 0 0 0 0 0 0 0 0 0 0 0 1 0 0 0 0 1 0 0 0 0 0 0]	2026-08-16_06-41-37	[0]	2026-08-16_06-41-37
8	2026-08-16_06-41-37	-1.0	2026-08-16_06-41-37	11.124516487121582	2026-08-16_06-41-37	1.5027743577957153	2026-08-16_06-41-37	1.5906906127929688	2026-08-16_06-41-37	4.023726940155029	2026-08-16_06-41-37	4.007324695587158	2026-08-16_06-41-37	True	2026-08-16_06-41-37	[0 0 0 0 0]	2026-08-16_06-41-37	[0 0 0 0 0]	2026-08-16_06-41-37	[0 0 0 0 0 1 0 0 0 1 0 0 0 0 0 0 0 0 0 0 0 0 0 0 0 0 0 0 0 0 0 0 0 0 0 0 0 0 0 0 0 0 0 0 0 0 0 0 0 0 0 0 0 0 0 0 0 0 0 0 0 0 0 0 0 0 0 0 0 0 0 0 0]	2026-08-16_06-41-37	[0 0 0 0 0 0 0 0 0 0 0 0 0 0 0 0 0 0 0 0 0 0 0 1 0 0 0 0 0 0 0 0 0 0 0 0 0 0 0 0 0 0 0 0 0 0 0 0 0 0 0 0 0 0 0 0 0 0 0 0 0 1 0 0 0 0 1 0 0 0 0 0 0]	2026-08-16_06-41-37	[0]	2026-08-16_06-41-37	[0 0 0 0 0]	2026-08-16_06-41-37	[0 0 0 0 0]	2026-08-16_06-41-37	[0 0 0 0 0 0 0 0 0 1 0 0 0 0 0 0 0 0 0 0 0 0 0 0 0 0 0 0 0 0 0 0 0 0 0 0 0 0 0 0 0 0 0 0 0 0 0 0 0 0 0 0 0 0 0 0 0 0 0 0 0 0 0 0 0 0 0 0 0 0 0 0 0]	2026-08-16_06-41-37	[0 0 0 0 0 0 0 0 0 0 0 0 0 0 0 0 0 0 0 0 0 0 0 1 0 0 0 0 0 0 0 0 0 0 0 0 0 0 0 0 0 0 0 0 0 0 0 0 0 0 0 0 0 0 0 0 0 0 0 0 0 1 0 0 0 0 0 0 0 0 0 0 0]	2026-08-16_06-41-37	[0]	2026-08-16_06-41-37
8	2026-08-16_06-41-37	-1.0	2026-08-16_06-41-37	11.17171859741211	2026-08-16_06-41-37	1.5435250997543335	2026-08-16_06-41-37	1.6299962997436523	2026-08-16_06-41-37	4.0025153160095215	2026-08-16_06-41-37	3.9956817626953125	2026-08-16_06-41-37	True	2026-08-16_06-41-37	[0 0 0 0 0]	2026-08-16_06-41-37	[0 0 0 0 0]	2026-08-16_06-41-37	[0 0 0 0 0 0 0 0 0 1 0 0 0 0 0 0 0 0 0 0 0 0 0 0 0 0 0 0 0 0 0 0 0 0 0 0 0 0 0 0 0 0 0 0 0 0 0 0 0 0 0 0 0 0 0 0 0 0 0 0 0 0 0 0 0 0 0 0 0 0 0 0 0]	2026-08-16_06-41-37	[0 0 0 0 0 0 0 0 0 0 0 0 0 0 0 0 0 0 0 0 0 0 0 1 0 0 0 0 0 0 0 0 0 0 0 0 0 0 0 0 0 0 0 0 0 0 0 0 0 0 0 0 0 0 0 0 0 0 0 0 0 1 0 0 0 0 0 0 0 0 0 0 0]	2026-08-16_06-41-37	[0]	2026-08-16_06-41-37	[0 0 0 0 0]	2026-08-16_06-41-37	[0 0 0 0 0]	2026-08-16_06-41-37	[0 0 0 0 0 1 0 0 0 1 0 0 0 0 0 0 0 0 0 0 0 0 0 0 0 0 0 0 0 0 0 0 0 0 0 0 0 0 0 0 0 0 0 0 0 0 0 0 0 0 0 0 0 0 0 0 0 0 0 0 0 0 0 0 0 0 0 0 0 0 0 0 0]	2026-08-16_06-41-37	[0 0 0 0 0 0 0 0 0 0 0 0 0 0 0 0 0 0 0 0 0 0 0 1 0 0 0 0 0 0 0 0 0 0 0 0 0 0 0 0 0 0 0 0 0 0 0 0 0 0 0 0 0 0 0 0 0 0 0 0 0 1 0 0 0 0 1 0 0 0 0 0 0]	2026-08-16_06-41-37	[0]	2026-08-16_06-41-37
8	2026-08-16_06-41-37	-1.0	2026-08-16_06-41-37	11.157482147216797	2026-08-16_06-41-37	1.5121601819992065	2026-08-16_06-41-37	1.620044469833374	2026-08-16_06-41-37	4.018423080444336	2026-08-16_06-41-37	4.006855010986328	2026-08-16_06-41-37	True	2026-08-16_06-41-37	[0 0 0 0 0]	2026-08-16_06-41-37	[0 0 0 0 0]	2026-08-16_06-41-37	[0 0 0 0 0 1 0 0 0 1 0 0 0 0 0 0 0 0 0 0 0 0 0 0 0 0 0 0 0 0 0 0 0 0 0 0 0 0 0 0 0 0 0 0 0 0 0 0 0 0 0 0 0 0 0 0 0 0 0 0 0 0 0 0 0 0 0 0 0 0 0 0 0]	2026-08-16_06-41-37	[0 0 0 0 0 0 0 0 0 0 0 0 0 0 0 0 0 0 0 0 0 0 0 1 0 0 0 0 0 0 0 0 0 0 0 0 0 0 0 0 0 0 0 0 0 0 0 0 0 0 0 0 0 0 0 0 0 0 0 0 0 1 0 0 0 0 1 0 0 0 0 0 0]	2026-08-16_06-41-37	[0]	2026-08-16_06-41-37	[0 0 0 0 0]	2026-08-16_06-41-37	[0 0 0 0 0]	2026-08-16_06-41-37	[0 0 0 0 0 0 0 0 0 1 0 0 0 0 0 0 0 0 0 0 0 0 0 0 0 0 0 0 0 0 0 0 0 0 0 0 0 0 0 0 0 0 0 0 0 0 0 0 0 0 0 0 0 0 0 0 0 0 0 0 0 0 0 0 0 0 0 0 0 0 0 0 0]	2026-08-16_06-41-37	[0 0 0 0 0 0 0 0 0 0 0 0 0 0 0 0 0 0 0 0 0 0 0 1 0 0 0 0 0 0 0 0 0 0 0 0 0 0 0 0 0 0 0 0 0 0 0 0 0 0 0 0 0 0 0 0 0 0 0 0 0 1 0 0 0 0 0 0 0 0 0 0 0]	2026-08-16_06-41-37	[0]	2026-08-16_06-41-37
8	2026-08-16_06-41-37	-1.0	2026-08-16_06-41-37	11.269453048706055	2026-08-16_06-41-37	1.5680768489837646	2026-08-16_06-41-37	1.696975827217102	2026-08-16_06-41-37	4.009812831878662	2026-08-16_06-41-37	3.994586944580078	2026-08-16_06-41-37	True	2026-08-16_06-41-37	[0 0 0 0 0]	2026-08-16_06-41-37	[0 0 0 0 0]	2026-08-16_06-41-37	[0 0 0 0 0 0 0 0 0 1 0 0 0 0 0 0 0 0 0 0 0 0 0 0 0 0 0 0 0 0 0 0 0 0 0 0 0 0 0 0 0 0 0 0 0 0 0 0 0 0 0 0 0 0 0 0 0 0 0 0 0 0 0 0 0 0 0 0 0 0 0 0 0]	2026-08-16_06-41-37	[0 0 0 0 0 0 0 0 0 0 0 0 0 0 0 0 0 0 0 0 0 0 0 1 0 0 0 0 0 0 0 0 0 0 0 0 0 0 0 0 0 0 0 0 0 0 0 0 0 0 0 0 0 0 0 0 0 0 0 0 0 1 0 0 0 0 0 0 0 0 0 0 0]	2026-08-16_06-41-37	[0]	2026-08-16_06-41-37	[0 0 0 0 0]	2026-08-16_06-41-37	[0 0 0 0 0]	2026-08-16_06-41-37	[0 0 0 0 0 1 0 0 0 1 0 0 0 0 0 0 0 0 0 0 0 0 0 0 0 0 0 0 0 0 0 0 0 0 0 0 0 0 0 0 0 0 0 0 0 0 0 0 0 0 0 0 0 0 0 0 0 0 0 0 0 0 0 0 0 0 0 0 0 0 0 0 0]	2026-08-16_06-41-37	[0 0 0 0 0 0 0 0 0 0 0 0 0 0 0 0 0 0 0 0 0 0 0 1 0 0 0 0 0 0 0 0 0 0 0 0 0 0 0 0 0 0 0 0 0 0 0 0 0 0 0 0 0 0 0 0 0 0 0 0 0 1 0 0 0 0 1 0 0 0 0 0 0]	2026-08-16_06-41-37	[0]	2026-08-16_06-41-37
8	2026-08-16_06-41-37	-1.0	2026-08-16_06-41-37	11.168639183044434	2026-08-16_06-41-37	1.519547700881958	2026-08-16_06-41-37	1.6142024993896484	2026-08-16_06-41-37	4.023111343383789	2026-08-16_06-41-37	4.011777877807617	2026-08-16_06-41-37	True	2026-08-16_06-41-37	[0 0 0 0 0]	2026-08-16_06-41-37	[0 0 0 0 0]	2026-08-16_06-41-37	[0 0 0 0 0 1 0 0 0 1 0 0 0 0 0 0 0 0 0 0 0 0 0 0 0 0 0 0 0 0 0 0 0 0 0 0 0 0 0 0 0 0 0 0 0 0 0 0 0 0 0 0 0 0 0 0 0 0 0 0 0 0 0 0 0 0 0 0 0 0 0 0 0]	2026-08-16_06-41-37	[0 0 0 0 0 0 0 0 0 0 0 0 0 0 0 0 0 0 0 0 0 0 0 1 0 0 0 0 0 0 0 0 0 0 0 0 0 0 0 0 0 0 0 0 0 0 0 0 0 0 0 0 0 0 0 0 0 0 0 0 0 1 0 0 0 0 1 0 0 0 0 0 0]	2026-08-16_06-41-37	[0]	2026-08-16_06-41-37	[0 0 0 0 0]	2026-08-16_06-41-37	[0 0 0 0 0]	2026-08-16_06-41-37	[0 0 0 0 0 0 0 0 0 1 0 0 0 0 0 0 0 0 0 0 0 0 0 0 0 0 0 0 0 0 0 0 0 0 0 0 0 0 0 0 0 0 0 0 0 0 0 0 0 0 0 0 0 0 0 0 0 0 0 0 0 0 0 0 0 0 0 0 0 0 0 0 0]	2026-08-16_06-41-37	[0 0 0 0 0 0 0 0 0 0 0 0 0 0 0 0 0 0 0 0 0 0 0 1 0 0 0 0 0 0 0 0 0 0 0 0 0 0 0 0 0 0 0 0 0 0 0 0 0 0 0 0 0 0 0 0 0 0 0 0 0 1 0 0 0 0 0 0 0 0 0 0 0]	2026-08-16_06-41-37	[0]	2026-08-16_06-41-37
8	2026-08-16_06-41-37	-1.0	2026-08-16_06-41-37	11.236870765686035	2026-08-16_06-41-37	1.5604345798492432	2026-08-16_06-41-37	1.667846918106079	2026-08-16_06-41-37	4.011876583099365	2026-08-16_06-41-37	3.9967129230499268	2026-08-16_06-41-37	True	2026-08-16_06-41-37	[0 0 0 0 0]	2026-08-16_06-41-37	[0 0 0 0 0]	2026-08-16_06-41-37	[0 0 0 0 0 0 0 0 0 1 0 0 0 0 0 0 0 0 0 0 0 0 0 0 0 0 0 0 0 0 0 0 0 0 0 0 0 0 0 0 0 0 0 0 0 0 0 0 0 0 0 0 0 0 0 0 0 0 0 0 0 0 0 0 0 0 0 0 0 0 0 0 0]	2026-08-16_06-41-37	[0 0 0 0 0 0 0 0 0 0 0 0 0 0 0 0 0 0 0 0 0 0 0 1 0 0 0 0 0 0 0 0 0 0 0 0 0 0 0 0 0 0 0 0 0 0 0 0 0 0 0 0 0 0 0 0 0 0 0 0 0 1 0 0 0 0 0 0 0 0 0 0 0]	2026-08-16_06-41-37	[0]	2026-08-16_06-41-37	[0 0 0 0 0]	2026-08-16_06-41-37	[0 0 0 0 0]	2026-08-16_06-41-37	[0 0 0 0 0 1 0 0 0 1 0 0 0 0 0 0 0 0 0 0 0 0 0 0 0 0 0 0 0 0 0 0 0 0 0 0 0 0 0 0 0 0 0 0 0 0 0 0 0 0 0 0 0 0 0 0 0 0 0 0 0 0 0 0 0 0 0 0 0 0 0 0 0]	2026-08-16_06-41-37	[0 0 0 0 0 0 0 0 0 0 0 0 0 0 0 0 0 0 0 0 0 0 0 1 0 0 0 0 0 0 0 0 0 0 0 0 0 0 0 0 0 0 0 0 0 0 0 0 0 0 0 0 0 0 0 0 0 0 0 0 0 1 0 0 0 0 1 0 0 0 0 0 0]	2026-08-16_06-41-37	[0]	2026-08-16_06-41-37
8	2026-08-16_06-41-37	-1.0	2026-08-16_06-41-37	11.154756546020508	2026-08-16_06-41-37	1.5149803161621094	2026-08-16_06-41-37	1.6147222518920898	2026-08-16_06-41-37	4.019970893859863	2026-08-16_06-41-37	4.005083084106445	2026-08-16_06-41-37	True	2026-08-16_06-41-37	[0 0 0 0 0]	2026-08-16_06-41-37	[0 0 0 0 0]	2026-08-16_06-41-37	[0 0 0 0 0 1 0 0 0 1 0 0 0 0 0 0 0 0 0 0 0 0 0 0 0 0 0 0 0 0 0 0 0 0 0 0 0 0 0 0 0 0 0 0 0 0 0 0 0 0 0 0 0 0 0 0 0 0 0 0 0 0 0 0 0 0 0 0 0 0 0 0 0]	2026-08-16_06-41-37	[0 0 0 0 0 0 0 0 0 0 0 0 0 0 0 0 0 0 0 0 0 0 0 1 0 0 0 0 0 0 0 0 0 0 0 0 0 0 0 0 0 0 0 0 0 0 0 0 0 0 0 0 0 0 0 0 0 0 0 0 0 1 0 0 0 0 1 0 0 0 0 0 0]	2026-08-16_06-41-37	[0]	2026-08-16_06-41-37	[0 0 0 0 0]	2026-08-16_06-41-37	[0 0 0 0 0]	2026-08-16_06-41-37	[0 0 0 0 0 0 0 0 0 1 0 0 0 0 0 0 0 0 0 0 0 0 0 0 0 0 0 0 0 0 0 0 0 0 0 0 0 0 0 0 0 0 0 0 0 0 0 0 0 0 0 0 0 0 0 0 0 0 0 0 0 0 0 0 0 0 0 0 0 0 0 0 0]	2026-08-16_06-41-37	[0 0 0 0 0 0 0 0 0 0 0 0 0 0 0 0 0 0 0 0 0 0 0 1 0 0 0 0 0 0 0 0 0 0 0 0 0 0 0 0 0 0 0 0 0 0 0 0 0 0 0 0 0 0 0 0 0 0 0 0 0 1 0 0 0 0 0 0 0 0 0 0 0]	2026-08-16_06-41-37	[0]	2026-08-16_06-41-37
8	2026-08-16_06-41-37	-1.0	2026-08-16_06-41-37	11.244617462158203	2026-08-16_06-41-37	1.5622543096542358	2026-08-16_06-41-37	1.6915546655654907	2026-08-16_06-41-37	4.0038676261901855	2026-08-16_06-41-37	3.986941337585449	2026-08-16_06-41-37	True	2026-08-16_06-41-37	[0 0 0 0 0]	2026-08-16_06-41-37	[0 0 0 0 0]	2026-08-16_06-41-37	[0 0 0 0 0 0 0 0 0 1 0 0 0 0 0 0 0 0 0 0 0 0 0 0 0 0 0 0 0 0 0 0 0 0 0 0 0 0 0 0 0 0 0 0 0 0 0 0 0 0 0 0 0 0 0 0 0 0 0 0 0 0 0 0 0 0 0 0 0 0 0 0 0]	2026-08-16_06-41-37	[0 0 0 0 0 0 0 0 0 0 0 0 0 0 0 0 0 0 0 0 0 0 0 1 0 0 0 0 0 0 0 0 0 0 0 0 0 0 0 0 0 0 0 0 0 0 0 0 0 0 0 0 0 0 0 0 0 0 0 0 0 1 0 0 0 0 0 0 0 0 0 0 0]	2026-08-16_06-41-37	[0]	2026-08-16_06-41-37	[0 0 0 0 0]	2026-08-16_06-41-37	[0 0 0 0 0]	2026-08-16_06-41-37	[0 0 0 0 0 1 0 0 0 1 0 0 0 0 0 0 0 0 0 0 0 0 0 0 0 0 0 0 0 0 0 0 0 0 0 0 0 0 0 0 0 0 0 0 0 0 0 0 0 0 0 0 0 0 0 0 0 0 0 0 0 0 0 0 0 0 0 0 0 0 0 0 0]	2026-08-16_06-41-37	[0 0 0 0 0 0 0 0 0 0 0 0 0 0 0 0 0 0 0 0 0 0 0 1 0 0 0 0 0 0 0 0 0 0 0 0 0 0 0 0 0 0 0 0 0 0 0 0 0 0 0 0 0 0 0 0 0 0 0 0 0 1 0 0 0 0 1 0 0 0 0 0 0]	2026-08-16_06-41-37	[0]	2026-08-16_06-41-37
8	2026-08-16_06-41-37	-1.0	2026-08-16_06-41-37	11.140586853027344	2026-08-16_06-41-37	1.508005142211914	2026-08-16_06-41-37	1.6108123064041138	2026-08-16_06-41-37	4.016058444976807	2026-08-16_06-41-37	4.005711555480957	2026-08-16_06-41-37	True	2026-08-16_06-41-37	[0 0 0 0 0]	2026-08-16_06-41-37	[0 0 0 0 0]	2026-08-16_06-41-37	[0 0 0 0 0 1 0 0 0 1 0 0 0 0 0 0 0 0 0 0 0 0 0 0 0 0 0 0 0 0 0 0 0 0 0 0 0 0 0 0 0 0 0 0 0 0 0 0 0 0 0 0 0 0 0 0 0 0 0 0 0 0 0 0 0 0 0 0 0 0 0 0 0]	2026-08-16_06-41-37	[0 0 0 0 0 0 0 0 0 0 0 0 0 0 0 0 0 0 0 0 0 0 0 1 0 0 0 0 0 0 0 0 0 0 0 0 0 0 0 0 0 0 0 0 0 0 0 0 0 0 0 0 0 0 0 0 0 0 0 0 0 1 0 0 0 0 1 0 0 0 0 0 0]	2026-08-16_06-41-37	[0]	2026-08-16_06-41-37	[0 0 0 0 0]	2026-08-16_06-41-37	[0 0 0 0 0]	2026-08-16_06-41-37	[0 0 0 0 0 0 0 0 0 1 0 0 0 0 0 0 0 0 0 0 0 0 0 0 0 0 0 0 0 0 0 0 0 0 0 0 0 0 0 0 0 0 0 0 0 0 0 0 0 0 0 0 0 0 0 0 0 0 0 0 0 0 0 0 0 0 0 0 0 0 0 0 0]	2026-08-16_06-41-37	[0 0 0 0 0 0 0 0 0 0 0 0 0 0 0 0 0 0 0 0 0 0 0 1 0 0 0 0 0 0 0 0 0 0 0 0 0 0 0 0 0 0 0 0 0 0 0 0 0 0 0 0 0 0 0 0 0 0 0 0 0 1 0 0 0 0 0 0 0 0 0 0 0]	2026-08-16_06-41-37	[0]	2026-08-16_06-41-37
8	2026-08-16_06-41-37	-1.0	2026-08-16_06-41-37	11.173288345336914	2026-08-16_06-41-37	1.530333161354065	2026-08-16_06-41-37	1.651612639427185	2026-08-16_06-41-37	4.000021457672119	2026-08-16_06-41-37	3.991320848464966	2026-08-16_06-41-37	True	2026-08-16_06-41-37	[0 0 0 0 0]	2026-08-16_06-41-37	[0 0 0 0 0]	2026-08-16_06-41-37	[0 0 0 0 0 0 0 0 0 1 0 0 0 0 0 0 0 0 0 0 0 0 0 0 0 0 0 0 0 0 0 0 0 0 0 0 0 0 0 0 0 0 0 0 0 0 0 0 0 0 0 0 0 0 0 0 0 0 0 0 0 0 0 0 0 0 0 0 0 0 0 0 0]	2026-08-16_06-41-37	[0 0 0 0 0 0 0 0 0 0 0 0 0 0 0 0 0 0 0 0 0 0 0 1 0 0 0 0 0 0 0 0 0 0 0 0 0 0 0 0 0 0 0 0 0 0 0 0 0 0 0 0 0 0 0 0 0 0 0 0 0 1 0 0 0 0 0 0 0 0 0 0 0]	2026-08-16_06-41-37	[0]	2026-08-16_06-41-37	[0 0 0 0 0]	2026-08-16_06-41-37	[0 0 0 0 0]	2026-08-16_06-41-37	[0 0 0 0 0 1 0 0 0 1 0 0 0 0 0 0 0 0 0 0 0 0 0 0 0 0 0 0 0 0 0 0 0 0 0 0 0 0 0 0 0 0 0 0 0 0 0 0 0 0 0 0 0 0 0 0 0 0 0 0 0 0 0 0 0 0 0 0 0 0 0 0 0]	2026-08-16_06-41-37	[0 0 0 0 0 0 0 0 0 0 0 0 0 0 0 0 0 0 0 0 0 0 0 1 0 0 0 0 0 0 0 0 0 0 0 0 0 0 0 0 0 0 0 0 0 0 0 0 0 0 0 0 0 0 0 0 0 0 0 0 0 1 0 0 0 0 1 0 0 0 0 0 0]	2026-08-16_06-41-37	[0]	2026-08-16_06-41-37
8	2026-08-16_06-41-37	-1.0	2026-08-16_06-41-37	11.170706748962402	2026-08-16_06-41-37	1.5041720867156982	2026-08-16_06-41-37	1.6181857585906982	2026-08-16_06-41-37	4.032158374786377	2026-08-16_06-41-37	4.016190528869629	2026-08-16_06-41-37	True	2026-08-16_06-41-37	[0 0 0 0 0]	2026-08-16_06-41-37	[0 0 0 0 0]	2026-08-16_06-41-37	[0 0 0 0 0 1 0 0 0 1 0 0 0 0 0 0 0 0 0 0 0 0 0 0 0 0 0 0 0 0 0 0 0 0 0 0 0 0 0 0 0 0 0 0 0 0 0 0 0 0 0 0 0 0 0 0 0 0 0 0 0 0 0 0 0 0 0 0 0 0 0 0 0]	2026-08-16_06-41-37	[0 0 0 0 0 0 0 0 0 0 0 0 0 0 0 0 0 0 0 0 0 0 0 1 0 0 0 0 0 0 0 0 0 0 0 0 0 0 0 0 0 0 0 0 0 0 0 0 0 0 0 0 0 0 0 0 0 0 0 0 0 1 0 0 0 0 1 0 0 0 0 0 0]	2026-08-16_06-41-37	[0]	2026-08-16_06-41-37	[0 0 0 0 0]	2026-08-16_06-41-37	[0 0 0 0 0]	2026-08-16_06-41-37	[0 0 0 0 0 0 0 0 0 1 0 0 0 0 0 0 0 0 0 0 0 0 0 0 0 0 0 0 0 0 0 0 0 0 0 0 0 0 0 0 0 0 0 0 0 0 0 0 0 0 0 0 0 0 0 0 0 0 0 0 0 0 0 0 0 0 0 0 0 0 0 0 0]	2026-08-16_06-41-37	[0 0 0 0 0 0 0 0 0 0 0 0 0 0 0 0 0 0 0 0 0 0 0 1 0 0 0 0 0 0 0 0 0 0 0 0 0 0 0 0 0 0 0 0 0 0 0 0 0 0 0 0 0 0 0 0 0 0 0 0 0 1 0 0 0 0 0 0 0 0 0 0 0]	2026-08-16_06-41-37	[0]	2026-08-16_06-41-37
8	2026-08-16_06-41-37	-1.0	2026-08-16_06-41-37	11.257060050964355	2026-08-16_06-41-37	1.5657745599746704	2026-08-16_06-41-37	1.6832177639007568	2026-08-16_06-41-37	4.012425422668457	2026-08-16_06-41-37	3.9956419467926025	2026-08-16_06-41-37	True	2026-08-16_06-41-37	[0 0 0 0 0]	2026-08-16_06-41-37	[0 0 0 0 0]	2026-08-16_06-41-37	[0 0 0 0 0 0 0 0 0 1 0 0 0 0 0 0 0 0 0 0 0 0 0 0 0 0 0 0 0 0 0 0 0 0 0 0 0 0 0 0 0 0 0 0 0 0 0 0 0 0 0 0 0 0 0 0 0 0 0 0 0 0 0 0 0 0 0 0 0 0 0 0 0]	2026-08-16_06-41-37	[0 0 0 0 0 0 0 0 0 0 0 0 0 0 0 0 0 0 0 0 0 0 0 1 0 0 0 0 0 0 0 0 0 0 0 0 0 0 0 0 0 0 0 0 0 0 0 0 0 0 0 0 0 0 0 0 0 0 0 0 0 1 0 0 0 0 0 0 0 0 0 0 0]	2026-08-16_06-41-37	[0]	2026-08-16_06-41-37	[0 0 0 0 0]	2026-08-16_06-41-37	[0 0 0 0 0]	2026-08-16_06-41-37	[0 0 0 0 0 1 0 0 0 1 0 0 0 0 0 0 0 0 0 0 0 0 0 0 0 0 0 0 0 0 0 0 0 0 0 0 0 0 0 0 0 0 0 0 0 0 0 0 0 0 0 0 0 0 0 0 0 0 0 0 0 0 0 0 0 0 0 0 0 0 0 0 0]	2026-08-16_06-41-37	[0 0 0 0 0 0 0 0 0 0 0 0 0 0 0 0 0 0 0 0 0 0 0 1 0 0 0 0 0 0 0 0 0 0 0 0 0 0 0 0 0 0 0 0 0 0 0 0 0 0 0 0 0 0 0 0 0 0 0 0 0 1 0 0 0 0 1 0 0 0 0 0 0]	2026-08-16_06-41-37	[0]	2026-08-16_06-41-37
8	2026-08-16_06-41-37	-1.0	2026-08-16_06-41-37	11.208830833435059	2026-08-16_06-41-37	1.5321629047393799	2026-08-16_06-41-37	1.6500253677368164	2026-08-16_06-41-37	4.0207648277282715	2026-08-16_06-41-37	4.005877494812012	2026-08-16_06-41-37	True	2026-08-16_06-41-37	[0 0 0 0 0]	2026-08-16_06-41-37	[0 0 0 0 0]	2026-08-16_06-41-37	[0 0 0 0 0 1 0 0 0 1 0 0 0 0 0 0 0 0 0 0 0 0 0 0 0 0 0 0 0 0 0 0 0 0 0 0 0 0 0 0 0 0 0 0 0 0 0 0 0 0 0 0 0 0 0 0 0 0 0 0 0 0 0 0 0 0 0 0 0 0 0 0 0]	2026-08-16_06-41-37	[0 0 0 0 0 0 0 0 0 0 0 0 0 0 0 0 0 0 0 0 0 0 0 1 0 0 0 0 0 0 0 0 0 0 0 0 0 0 0 0 0 0 0 0 0 0 0 0 0 0 0 0 0 0 0 0 0 0 0 0 0 1 0 0 0 0 1 0 0 0 0 0 0]	2026-08-16_06-41-37	[0]	2026-08-16_06-41-37	[0 0 0 0 0]	2026-08-16_06-41-37	[0 0 0 0 0]	2026-08-16_06-41-37	[0 0 0 0 0 0 0 0 0 1 0 0 0 0 0 0 0 0 0 0 0 0 0 0 0 0 0 0 0 0 0 0 0 0 0 0 0 0 0 0 0 0 0 0 0 0 0 0 0 0 0 0 0 0 0 0 0 0 0 0 0 0 0 0 0 0 0 0 0 0 0 0 0]	2026-08-16_06-41-37	[0 0 0 0 0 0 0 0 0 0 0 0 0 0 0 0 0 0 0 0 0 0 0 1 0 0 0 0 0 0 0 0 0 0 0 0 0 0 0 0 0 0 0 0 0 0 0 0 0 0 0 0 0 0 0 0 0 0 0 0 0 1 0 0 0 0 0 0 0 0 0 0 0]	2026-08-16_06-41-37	[0]	2026-08-16_06-41-37
8	2026-08-16_06-41-37	-1.0	2026-08-16_06-41-37	11.1515531539917	2026-08-16_06-41-37	1.5298588275909424	2026-08-16_06-41-37	1.631342887878418	2026-08-16_06-41-37	3.997480630874634	2026-08-16_06-41-37	3.992870807647705	2026-08-16_06-41-37	True	2026-08-16_06-41-37	[0 0 0 0 0]	2026-08-16_06-41-37	[0 0 0 0 0]	2026-08-16_06-41-37	[0 0 0 0 0 0 0 0 0 1 0 0 0 0 0 0 0 0 0 0 0 0 0 0 0 0 0 0 0 0 0 0 0 0 0 0 0 0 0 0 0 0 0 0 0 0 0 0 0 0 0 0 0 0 0 0 0 0 0 0 0 0 0 0 0 0 0 0 0 0 0 0 0]	2026-08-16_06-41-37	[0 0 0 0 0 0 0 0 0 0 0 0 0 0 0 0 0 0 0 0 0 0 0 1 0 0 0 0 0 0 0 0 0 0 0 0 0 0 0 0 0 0 0 0 0 0 0 0 0 0 0 0 0 0 0 0 0 0 0 0 0 1 0 0 0 0 0 0 0 0 0 0 0]	2026-08-16_06-41-37	[0]	2026-08-16_06-41-37	[0 0 0 0 0]	2026-08-16_06-41-37	[0 0 0 0 0]	2026-08-16_06-41-37	[0 0 0 0 0 1 0 0 0 1 0 0 0 0 0 0 0 0 0 0 0 0 0 0 0 0 0 0 0 0 0 0 0 0 0 0 0 0 0 0 0 0 0 0 0 0 0 0 0 0 0 0 0 0 0 0 0 0 0 0 0 0 0 0 0 0 0 0 0 0 0 0 0]	2026-08-16_06-41-37	[0 0 0 0 0 0 0 0 0 0 0 0 0 0 0 0 0 0 0 0 0 0 0 1 0 0 0 0 0 0 0 0 0 0 0 0 0 0 0 0 0 0 0 0 0 0 0 0 0 0 0 0 0 0 0 0 0 0 0 0 0 1 0 0 0 0 1 0 0 0 0 0 0]	2026-08-16_06-41-37	[0]	2026-08-16_06-41-37
8	2026-08-16_06-41-37	-1.0	2026-08-16_06-41-37	11.172859191894531	2026-08-16_06-41-37	1.520995020866394	2026-08-16_06-41-37	1.634464144706726	2026-08-16_06-41-37	4.013485908508301	2026-08-16_06-41-37	4.003913879394531	2026-08-16_06-41-37	True	2026-08-16_06-41-37	[0 0 0 0 0]	2026-08-16_06-41-37	[0 0 0 0 0]	2026-08-16_06-41-37	[0 0 0 0 0 1 0 0 0 1 0 0 0 0 0 0 0 0 0 0 0 0 0 0 0 0 0 0 0 0 0 0 0 0 0 0 0 0 0 0 0 0 0 0 0 0 0 0 0 0 0 0 0 0 0 0 0 0 0 0 0 0 0 0 0 0 0 0 0 0 0 0 0]	2026-08-16_06-41-37	[0 0 0 0 0 0 0 0 0 0 0 0 0 0 0 0 0 0 0 0 0 0 0 1 0 0 0 0 0 0 0 0 0 0 0 0 0 0 0 0 0 0 0 0 0 0 0 0 0 0 0 0 0 0 0 0 0 0 0 0 0 1 0 0 0 0 1 0 0 0 0 0 0]	2026-08-16_06-41-37	[0]	2026-08-16_06-41-37	[0 0 0 0 0]	2026-08-16_06-41-37	[0 0 0 0 0]	2026-08-16_06-41-37	[0 0 0 0 0 0 0 0 0 1 0 0 0 0 0 0 0 0 0 0 0 0 0 0 0 0 0 0 0 0 0 0 0 0 0 0 0 0 0 0 0 0 0 0 0 0 0 0 0 0 0 0 0 0 0 0 0 0 0 0 0 0 0 0 0 0 0 0 0 0 0 0 0]	2026-08-16_06-41-37	[0 0 0 0 0 0 0 0 0 0 0 0 0 0 0 0 0 0 0 0 0 0 0 1 0 0 0 0 0 0 0 0 0 0 0 0 0 0 0 0 0 0 0 0 0 0 0 0 0 0 0 0 0 0 0 0 0 0 0 0 0 1 0 0 0 0 0 0 0 0 0 0 0]	2026-08-16_06-41-37	[0]	2026-08-16_06-41-37
8	2026-08-16_06-41-37	-1.0	2026-08-16_06-41-37	11.279891967773438	2026-08-16_06-41-37	1.5761430263519287	2026-08-16_06-41-37	1.6839599609375	2026-08-16_06-41-37	4.018645286560059	2026-08-16_06-41-37	4.001143455505371	2026-08-16_06-41-37	True	2026-08-16_06-41-37	[0 0 0 0 0]	2026-08-16_06-41-37	[0 0 0 0 0]	2026-08-16_06-41-37	[0 0 0 0 0 0 0 0 0 1 0 0 0 0 0 0 0 0 0 0 0 0 0 0 0 0 0 0 0 0 0 0 0 0 0 0 0 0 0 0 0 0 0 0 0 0 0 0 0 0 0 0 0 0 0 0 0 0 0 0 0 0 0 0 0 0 0 0 0 0 0 0 0]	2026-08-16_06-41-37	[0 0 0 0 0 0 0 0 0 0 0 0 0 0 0 0 0 0 0 0 0 0 0 1 0 0 0 0 0 0 0 0 0 0 0 0 0 0 0 0 0 0 0 0 0 0 0 0 0 0 0 0 0 0 0 0 0 0 0 0 0 1 0 0 0 0 0 0 0 0 0 0 0]	2026-08-16_06-41-37	[0]	2026-08-16_06-41-37	[0 0 0 0 0]	2026-08-16_06-41-37	[0 0 0 0 0]	2026-08-16_06-41-37	[0 0 0 0 0 1 0 0 0 1 0 0 0 0 0 0 0 0 0 0 0 0 0 0 0 0 0 0 0 0 0 0 0 0 0 0 0 0 0 0 0 0 0 0 0 0 0 0 0 0 0 0 0 0 0 0 0 0 0 0 0 0 0 0 0 0 0 0 0 0 0 0 0]	2026-08-16_06-41-37	[0 0 0 0 0 0 0 0 0 0 0 0 0 0 0 0 0 0 0 0 0 0 0 1 0 0 0 0 0 0 0 0 0 0 0 0 0 0 0 0 0 0 0 0 0 0 0 0 0 0 0 0 0 0 0 0 0 0 0 0 0 1 0 0 0 0 1 0 0 0 0 0 0]	2026-08-16_06-41-37	[0]	2026-08-16_06-41-37
8	2026-08-16_06-41-37	-1.0	2026-08-16_06-41-37	11.258853912353516	2026-08-16_06-41-37	1.5609151124954224	2026-08-16_06-41-37	1.6540226936340332	2026-08-16_06-41-37	4.031497955322266	2026-08-16_06-41-37	4.012418746948242	2026-08-16_06-41-37	True	2026-08-16_06-41-37	[0 0 0 0 0]	2026-08-16_06-41-37	[0 0 0 0 0]	2026-08-16_06-41-37	[0 0 0 0 0 1 0 0 0 1 0 0 0 0 0 0 0 0 0 0 0 0 0 0 0 0 0 0 0 0 0 0 0 0 0 0 0 0 0 0 0 0 0 0 0 0 0 0 0 0 0 0 0 0 0 0 0 0 0 0 0 0 0 0 0 0 0 0 0 0 0 0 0]	2026-08-16_06-41-37	[0 0 0 0 0 0 0 0 0 0 0 0 0 0 0 0 0 0 0 0 0 0 0 1 0 0 0 0 0 0 0 0 0 0 0 0 0 0 0 0 0 0 0 0 0 0 0 0 0 0 0 0 0 0 0 0 0 0 0 0 0 1 0 0 0 0 1 0 0 0 0 0 0]	2026-08-16_06-41-37	[0]	2026-08-16_06-41-37	[0 0 0 0 0]	2026-08-16_06-41-37	[0 0 0 0 0]	2026-08-16_06-41-37	[0 0 0 0 0 0 0 0 0 1 0 0 0 0 0 0 0 0 0 0 0 0 0 0 0 0 0 0 0 0 0 0 0 0 0 0 0 0 0 0 0 0 0 0 0 0 0 0 0 0 0 0 0 0 0 0 0 0 0 0 0 0 0 0 0 0 0 0 0 0 0 0 0]	2026-08-16_06-41-37	[0 0 0 0 0 0 0 0 0 0 0 0 0 0 0 0 0 0 0 0 0 0 0 1 0 0 0 0 0 0 0 0 0 0 0 0 0 0 0 0 0 0 0 0 0 0 0 0 0 0 0 0 0 0 0 0 0 0 0 0 0 1 0 0 0 0 0 0 0 0 0 0 0]	2026-08-16_06-41-37	[0]	2026-08-16_06-41-37
8	2026-08-16_06-41-37	-1.0	2026-08-16_06-41-37	11.245420455932617	2026-08-16_06-41-37	1.5644168853759766	2026-08-16_06-41-37	1.6866168975830078	2026-08-16_06-41-37	4.003501892089844	2026-08-16_06-41-37	3.99088454246521	2026-08-16_06-41-37	True	2026-08-16_06-41-37	[0 0 0 0 0]	2026-08-16_06-41-37	[0 0 0 0 0]	2026-08-16_06-41-37	[0 0 0 0 0 0 0 0 0 1 0 0 0 0 0 0 0 0 0 0 0 0 0 0 0 0 0 0 0 0 0 0 0 0 0 0 0 0 0 0 0 0 0 0 0 0 0 0 0 0 0 0 0 0 0 0 0 0 0 0 0 0 0 0 0 0 0 0 0 0 0 0 0]	2026-08-16_06-41-37	[0 0 0 0 0 0 0 0 0 0 0 0 0 0 0 0 0 0 0 0 0 0 0 1 0 0 0 0 0 0 0 0 0 0 0 0 0 0 0 0 0 0 0 0 0 0 0 0 0 0 0 0 0 0 0 0 0 0 0 0 0 1 0 0 0 0 0 0 0 0 0 0 0]	2026-08-16_06-41-37	[0]	2026-08-16_06-41-37	[0 0 0 0 0]	2026-08-16_06-41-37	[0 0 0 0 0]	2026-08-16_06-41-37	[0 0 0 0 0 1 0 0 0 1 0 0 0 0 0 0 0 0 0 0 0 0 0 0 0 0 0 0 0 0 0 0 0 0 0 0 0 0 0 0 0 0 0 0 0 0 0 0 0 0 0 0 0 0 0 0 0 0 0 0 0 0 0 0 0 0 0 0 0 0 0 0 0]	2026-08-16_06-41-37	[0 0 0 0 0 0 0 0 0 0 0 0 0 0 0 0 0 0 0 0 0 0 0 1 0 0 0 0 0 0 0 0 0 0 0 0 0 0 0 0 0 0 0 0 0 0 0 0 0 0 0 0 0 0 0 0 0 0 0 0 0 1 0 0 0 0 1 0 0 0 0 0 0]	2026-08-16_06-41-37	[0]	2026-08-16_06-41-37
8	2026-08-16_06-41-37	-1.0	2026-08-16_06-41-37	11.127870559692383	2026-08-16_06-41-37	1.5085002183914185	2026-08-16_06-41-37	1.5883041620254517	2026-08-16_06-41-37	4.023075103759766	2026-08-16_06-41-37	4.007991313934326	2026-08-16_06-41-37	True	2026-08-16_06-41-37	[0 0 0 0 0]	2026-08-16_06-41-37	[0 0 0 0 0]	2026-08-16_06-41-37	[0 0 0 0 0 1 0 0 0 1 0 0 0 0 0 0 0 0 0 0 0 0 0 0 0 0 0 0 0 0 0 0 0 0 0 0 0 0 0 0 0 0 0 0 0 0 0 0 0 0 0 0 0 0 0 0 0 0 0 0 0 0 0 0 0 0 0 0 0 0 0 0 0]	2026-08-16_06-41-37	[0 0 0 0 0 0 0 0 0 0 0 0 0 0 0 0 0 0 0 0 0 0 0 1 0 0 0 0 0 0 0 0 0 0 0 0 0 0 0 0 0 0 0 0 0 0 0 0 0 0 0 0 0 0 0 0 0 0 0 0 0 1 0 0 0 0 1 0 0 0 0 0 0]	2026-08-16_06-41-37	[0]	2026-08-16_06-41-37	[0 0 0 0 0]	2026-08-16_06-41-37	[0 0 0 0 0]	2026-08-16_06-41-37	[0 0 0 0 0 0 0 0 0 1 0 0 0 0 0 0 0 0 0 0 0 0 0 0 0 0 0 0 0 0 0 0 0 0 0 0 0 0 0 0 0 0 0 0 0 0 0 0 0 0 0 0 0 0 0 0 0 0 0 0 0 0 0 0 0 0 0 0 0 0 0 0 0]	2026-08-16_06-41-37	[0 0 0 0 0 0 0 0 0 0 0 0 0 0 0 0 0 0 0 0 0 0 0 1 0 0 0 0 0 0 0 0 0 0 0 0 0 0 0 0 0 0 0 0 0 0 0 0 0 0 0 0 0 0 0 0 0 0 0 0 0 1 0 0 0 0 0 0 0 0 0 0 0]	2026-08-16_06-41-37	[0]	2026-08-16_06-41-37
8	2026-08-16_06-41-37	-1.0	2026-08-16_06-41-37	11.148791313171387	2026-08-16_06-41-37	1.5213196277618408	2026-08-16_06-41-37	1.645963430404663	2026-08-16_06-41-37	3.994931697845459	2026-08-16_06-41-37	3.986576795578003	2026-08-16_06-41-37	True	2026-08-16_06-41-37	[0 0 0 0 0]	2026-08-16_06-41-37	[0 0 0 0 0]	2026-08-16_06-41-37	[0 0 0 0 0 0 0 0 0 1 0 0 0 0 0 0 0 0 0 0 0 0 0 0 0 0 0 0 0 0 0 0 0 0 0 0 0 0 0 0 0 0 0 0 0 0 0 0 0 0 0 0 0 0 0 0 0 0 0 0 0 0 0 0 0 0 0 0 0 0 0 0 0]	2026-08-16_06-41-37	[0 0 0 0 0 0 0 0 0 0 0 0 0 0 0 0 0 0 0 0 0 0 0 1 0 0 0 0 0 0 0 0 0 0 0 0 0 0 0 0 0 0 0 0 0 0 0 0 0 0 0 0 0 0 0 0 0 0 0 0 0 1 0 0 0 0 0 0 0 0 0 0 0]	2026-08-16_06-41-37	[0]	2026-08-16_06-41-37	[0 0 0 0 0]	2026-08-16_06-41-37	[0 0 0 0 0]	2026-08-16_06-41-37	[0 0 0 0 0 1 0 0 0 1 0 0 0 0 0 0 0 0 0 0 0 0 0 0 0 0 0 0 0 0 0 0 0 0 0 0 0 0 0 0 0 0 0 0 0 0 0 0 0 0 0 0 0 0 0 0 0 0 0 0 0 0 0 0 0 0 0 0 0 0 0 0 0]	2026-08-16_06-41-37	[0 0 0 0 0 0 0 0 0 0 0 0 0 0 0 0 0 0 0 0 0 0 0 1 0 0 0 0 0 0 0 0 0 0 0 0 0 0 0 0 0 0 0 0 0 0 0 0 0 0 0 0 0 0 0 0 0 0 0 0 0 1 0 0 0 0 1 0 0 0 0 0 0]	2026-08-16_06-41-37	[0]	2026-08-16_06-41-37
8	2026-08-16_06-41-37	-1.0	2026-08-16_06-41-37	11.245738983154297	2026-08-16_06-41-37	1.5504558086395264	2026-08-16_06-41-37	1.6534428596496582	2026-08-16_06-41-37	4.028069496154785	2026-08-16_06-41-37	4.0137715339660645	2026-08-16_06-41-37	True	2026-08-16_06-41-37	[0 0 0 0 0]	2026-08-16_06-41-37	[0 0 0 0 0]	2026-08-16_06-41-37	[0 0 0 0 0 1 0 0 0 1 0 0 0 0 0 0 0 0 0 0 0 0 0 0 0 0 0 0 0 0 0 0 0 0 0 0 0 0 0 0 0 0 0 0 0 0 0 0 0 0 0 0 0 0 0 0 0 0 0 0 0 0 0 0 0 0 0 0 0 0 0 0 0]	2026-08-16_06-41-37	[0 0 0 0 0 0 0 0 0 0 0 0 0 0 0 0 0 0 0 0 0 0 0 1 0 0 0 0 0 0 0 0 0 0 0 0 0 0 0 0 0 0 0 0 0 0 0 0 0 0 0 0 0 0 0 0 0 0 0 0 0 1 0 0 0 0 1 0 0 0 0 0 0]	2026-08-16_06-41-37	[0]	2026-08-16_06-41-37	[0 0 0 0 0]	2026-08-16_06-41-37	[0 0 0 0 0]	2026-08-16_06-41-37	[0 0 0 0 0 0 0 0 0 1 0 0 0 0 0 0 0 0 0 0 0 0 0 0 0 0 0 0 0 0 0 0 0 0 0 0 0 0 0 0 0 0 0 0 0 0 0 0 0 0 0 0 0 0 0 0 0 0 0 0 0 0 0 0 0 0 0 0 0 0 0 0 0]	2026-08-16_06-41-37	[0 0 0 0 0 0 0 0 0 0 0 0 0 0 0 0 0 0 0 0 0 0 0 1 0 0 0 0 0 0 0 0 0 0 0 0 0 0 0 0 0 0 0 0 0 0 0 0 0 0 0 0 0 0 0 0 0 0 0 0 0 1 0 0 0 0 0 0 0 0 0 0 0]	2026-08-16_06-41-37	[0]	2026-08-16_06-41-37
8	2026-08-16_06-41-37	-1.0	2026-08-16_06-41-37	11.245028495788574	2026-08-16_06-41-37	1.5668983459472656	2026-08-16_06-41-37	1.6823372840881348	2026-08-16_06-41-37	4.0034499168396	2026-08-16_06-41-37	3.992342710494995	2026-08-16_06-41-37	True	2026-08-16_06-41-37	[0 0 0 0 0]	2026-08-16_06-41-37	[0 0 0 0 0]	2026-08-16_06-41-37	[0 0 0 0 0 0 0 0 0 1 0 0 0 0 0 0 0 0 0 0 0 0 0 0 0 0 0 0 0 0 0 0 0 0 0 0 0 0 0 0 0 0 0 0 0 0 0 0 0 0 0 0 0 0 0 0 0 0 0 0 0 0 0 0 0 0 0 0 0 0 0 0 0]	2026-08-16_06-41-37	[0 0 0 0 0 0 0 0 0 0 0 0 0 0 0 0 0 0 0 0 0 0 0 1 0 0 0 0 0 0 0 0 0 0 0 0 0 0 0 0 0 0 0 0 0 0 0 0 0 0 0 0 0 0 0 0 0 0 0 0 0 1 0 0 0 0 0 0 0 0 0 0 0]	2026-08-16_06-41-37	[0]	2026-08-16_06-41-37	[0 0 0 0 0]	2026-08-16_06-41-37	[0 0 0 0 0]	2026-08-16_06-41-37	[0 0 0 0 0 1 0 0 0 1 0 0 0 0 0 0 0 0 0 0 0 0 0 0 0 0 0 0 0 0 0 0 0 0 0 0 0 0 0 0 0 0 0 0 0 0 0 0 0 0 0 0 0 0 0 0 0 0 0 0 0 0 0 0 0 0 0 0 0 0 0 0 0]	2026-08-16_06-41-37	[0 0 0 0 0 0 0 0 0 0 0 0 0 0 0 0 0 0 0 0 0 0 0 1 0 0 0 0 0 0 0 0 0 0 0 0 0 0 0 0 0 0 0 0 0 0 0 0 0 0 0 0 0 0 0 0 0 0 0 0 0 1 0 0 0 0 1 0 0 0 0 0 0]	2026-08-16_06-41-37	[0]	2026-08-16_06-41-37
8	2026-08-16_06-41-37	-1.0	2026-08-16_06-41-37	11.26380729675293	2026-08-16_06-41-37	1.5659074783325195	2026-08-16_06-41-37	1.6578656435012817	2026-08-16_06-41-37	4.027282238006592	2026-08-16_06-41-37	4.012752532958984	2026-08-16_06-41-37	True	2026-08-16_06-41-37	[0 0 0 0 0]	2026-08-16_06-41-37	[0 0 0 0 0]	2026-08-16_06-41-37	[0 0 0 0 0 1 0 0 0 1 0 0 0 0 0 0 0 0 0 0 0 0 0 0 0 0 0 0 0 0 0 0 0 0 0 0 0 0 0 0 0 0 0 0 0 0 0 0 0 0 0 0 0 0 0 0 0 0 0 0 0 0 0 0 0 0 0 0 0 0 0 0 0]	2026-08-16_06-41-37	[0 0 0 0 0 0 0 0 0 0 0 0 0 0 0 0 0 0 0 0 0 0 0 1 0 0 0 0 0 0 0 0 0 0 0 0 0 0 0 0 0 0 0 0 0 0 0 0 0 0 0 0 0 0 0 0 0 0 0 0 0 1 0 0 0 0 1 0 0 0 0 0 0]	2026-08-16_06-41-37	[0]	2026-08-16_06-41-37	[0 0 0 0 0]	2026-08-16_06-41-37	[0 0 0 0 0]	2026-08-16_06-41-37	[0 0 0 0 0 0 0 0 0 1 0 0 0 0 0 0 0 0 0 0 0 0 0 0 0 0 0 0 0 0 0 0 0 0 0 0 0 0 0 0 0 0 0 0 0 0 0 0 0 0 0 0 0 0 0 0 0 0 0 0 0 0 0 0 0 0 0 0 0 0 0 0 0]	2026-08-16_06-41-37	[0 0 0 0 0 0 0 0 0 0 0 0 0 0 0 0 0 0 0 0 0 0 0 1 0 0 0 0 0 0 0 0 0 0 0 0 0 0 0 0 0 0 0 0 0 0 0 0 0 0 0 0 0 0 0 0 0 0 0 0 0 1 0 0 0 0 0 0 0 0 0 0 0]	2026-08-16_06-41-37	[0]	2026-08-16_06-41-37
8	2026-08-16_06-41-37	-1.0	2026-08-16_06-41-37	11.274547576904297	2026-08-16_06-41-37	1.57513427734375	2026-08-16_06-41-37	1.7031517028808594	2026-08-16_06-41-37	4.009058475494385	2026-08-16_06-41-37	3.987203598022461	2026-08-16_06-41-37	True	2026-08-16_06-41-37	[0 0 0 0 0]	2026-08-16_06-41-37	[0 0 0 0 0]	2026-08-16_06-41-37	[0 0 0 0 0 0 0 0 0 1 0 0 0 0 0 0 0 0 0 0 0 0 0 0 0 0 0 0 0 0 0 0 0 0 0 0 0 0 0 0 0 0 0 0 0 0 0 0 0 0 0 0 0 0 0 0 0 0 0 0 0 0 0 0 0 0 0 0 0 0 0 0 0]	2026-08-16_06-41-37	[0 0 0 0 0 0 0 0 0 0 0 0 0 0 0 0 0 0 0 0 0 0 0 1 0 0 0 0 0 0 0 0 0 0 0 0 0 0 0 0 0 0 0 0 0 0 0 0 0 0 0 0 0 0 0 0 0 0 0 0 0 1 0 0 0 0 0 0 0 0 0 0 0]	2026-08-16_06-41-37	[0]	2026-08-16_06-41-37	[0 0 0 0 0]	2026-08-16_06-41-37	[0 0 0 0 0]	2026-08-16_06-41-37	[0 0 0 0 0 1 0 0 0 1 0 0 0 0 0 0 0 0 0 0 0 0 0 0 0 0 0 0 0 0 0 0 0 0 0 0 0 0 0 0 0 0 0 0 0 0 0 0 0 0 0 0 0 0 0 0 0 0 0 0 0 0 0 0 0 0 0 0 0 0 0 0 0]	2026-08-16_06-41-37	[0 0 0 0 0 0 0 0 0 0 0 0 0 0 0 0 0 0 0 0 0 0 0 1 0 0 0 0 0 0 0 0 0 0 0 0 0 0 0 0 0 0 0 0 0 0 0 0 0 0 0 0 0 0 0 0 0 0 0 0 0 1 0 0 0 0 1 0 0 0 0 0 0]	2026-08-16_06-41-37	[0]	2026-08-16_06-41-37
8	2026-08-16_06-41-37	-1.0	2026-08-16_06-41-37	11.204093933105469	2026-08-16_06-41-37	1.5333847999572754	2026-08-16_06-41-37	1.6263072490692139	2026-08-16_06-41-37	4.029032230377197	2026-08-16_06-41-37	4.015368938446045	2026-08-16_06-41-37	True	2026-08-16_06-41-37	[0 0 0 0 0]	2026-08-16_06-41-37	[0 0 0 0 0]	2026-08-16_06-41-37	[0 0 0 0 0 1 0 0 0 1 0 0 0 0 0 0 0 0 0 0 0 0 0 0 0 0 0 0 0 0 0 0 0 0 0 0 0 0 0 0 0 0 0 0 0 0 0 0 0 0 0 0 0 0 0 0 0 0 0 0 0 0 0 0 0 0 0 0 0 0 0 0 0]	2026-08-16_06-41-37	[0 0 0 0 0 0 0 0 0 0 0 0 0 0 0 0 0 0 0 0 0 0 0 1 0 0 0 0 0 0 0 0 0 0 0 0 0 0 0 0 0 0 0 0 0 0 0 0 0 0 0 0 0 0 0 0 0 0 0 0 0 1 0 0 0 0 1 0 0 0 0 0 0]	2026-08-16_06-41-37	[0]	2026-08-16_06-41-37	[0 0 0 0 0]	2026-08-16_06-41-37	[0 0 0 0 0]	2026-08-16_06-41-37	[0 0 0 0 0 0 0 0 0 1 0 0 0 0 0 0 0 0 0 0 0 0 0 0 0 0 0 0 0 0 0 0 0 0 0 0 0 0 0 0 0 0 0 0 0 0 0 0 0 0 0 0 0 0 0 0 0 0 0 0 0 0 0 0 0 0 0 0 0 0 0 0 0]	2026-08-16_06-41-37	[0 0 0 0 0 0 0 0 0 0 0 0 0 0 0 0 0 0 0 0 0 0 0 1 0 0 0 0 0 0 0 0 0 0 0 0 0 0 0 0 0 0 0 0 0 0 0 0 0 0 0 0 0 0 0 0 0 0 0 0 0 1 0 0 0 0 0 0 0 0 0 0 0]	2026-08-16_06-41-37	[0]	2026-08-16_06-41-37
8	2026-08-16_06-41-37	-1.0	2026-08-16_06-41-37	11.227967262268066	2026-08-16_06-41-37	1.5606637001037598	2026-08-16_06-41-37	1.69441556930542	2026-08-16_06-41-37	3.9949791431427	2026-08-16_06-41-37	3.9779088497161865	2026-08-16_06-41-37	True	2026-08-16_06-41-37	[0 0 0 0 0]	2026-08-16_06-41-37	[0 0 0 0 0]	2026-08-16_06-41-37	[0 0 0 0 0 0 0 0 0 1 0 0 0 0 0 0 0 0 0 0 0 0 0 0 0 0 0 0 0 0 0 0 0 0 0 0 0 0 0 0 0 0 0 0 0 0 0 0 0 0 0 0 0 0 0 0 0 0 0 0 0 0 0 0 0 0 0 0 0 0 0 0 0]	2026-08-16_06-41-37	[0 0 0 0 0 0 0 0 0 0 0 0 0 0 0 0 0 0 0 0 0 0 0 1 0 0 0 0 0 0 0 0 0 0 0 0 0 0 0 0 0 0 0 0 0 0 0 0 0 0 0 0 0 0 0 0 0 0 0 0 0 1 0 0 0 0 0 0 0 0 0 0 0]	2026-08-16_06-41-37	[0]	2026-08-16_06-41-37	[0 0 0 0 0]	2026-08-16_06-41-37	[0 0 0 0 0]	2026-08-16_06-41-37	[0 0 0 0 0 1 0 0 0 1 0 0 0 0 0 0 0 0 0 0 0 0 0 0 0 0 0 0 0 0 0 0 0 0 0 0 0 0 0 0 0 0 0 0 0 0 0 0 0 0 0 0 0 0 0 0 0 0 0 0 0 0 0 0 0 0 0 0 0 0 0 0 0]	2026-08-16_06-41-37	[0 0 0 0 0 0 0 0 0 0 0 0 0 0 0 0 0 0 0 0 0 0 0 1 0 0 0 0 0 0 0 0 0 0 0 0 0 0 0 0 0 0 0 0 0 0 0 0 0 0 0 0 0 0 0 0 0 0 0 0 0 1 0 0 0 0 1 0 0 0 0 0 0]	2026-08-16_06-41-37	[0]	2026-08-16_06-41-37
9	2026-08-16_08-37-11	-0.8999999761581421	2026-08-16_08-37-11	11.42484188079834	2026-08-16_08-37-11	1.608370065689087	2026-08-16_08-37-11	1.5926541090011597	2026-08-16_08-37-11	4.141339302062988	2026-08-16_08-37-11	4.0824785232543945	2026-08-16_08-37-11	True	2026-08-16_08-37-11	[1 1 1 0 0]	2026-08-16_08-37-11	[0 0 0 0 0]	2026-08-16_08-37-11	[0 0 0 0 0 0 0 0 0 0 0 0 0 0 0 0 0 0 0 0 0 0 0 0 0 0 0 0 0 0 0 0 0 0 0 0 0 0 0 0 0 0 0 0 0 0 0 0 0 0 0 0 0 0 0 0 0 0 0 0 0 0 0 0 0 0 1 0 0 0 0 0 0]	2026-08-16_08-37-11	[0 0 0 0 0 0 0 0 0 0 0 0 0 0 0 0 0 0 0 0 0 0 0 0 0 0 0 0 0 0 0 0 0 0 0 0 0 0 0 0 0 0 0 0 0 0 0 0 0 0 0 0 0 0 0 0 0 0 0 0 0 0 0 0 0 0 0 0 0 0 0 0 0]	2026-08-16_08-37-11	[2]	2026-08-16_08-37-11	[0 1 1 0 0]	2026-08-16_08-37-11	[1 0 0 0 0]	2026-08-16_08-37-11	[0 0 0 0 0 0 0 0 0 0 0 0 0 0 0 0 0 0 0 0 0 0 0 0 0 0 0 0 0 1 0 0 0 0 0 0 0 0 0 0 0 0 0 0 0 0 0 0 0 0 0 0 0 0 0 0 0 0 0 0 0 0 0 0 0 0 1 0 0 0 0 0 0]	2026-08-16_08-37-11	[0 0 0 0 0 0 0 0 0 0 0 0 0 0 0 0 0 0 0 1 0 0 0 0 0 0 0 0 0 0 0 0 0 0 0 0 0 0 0 0 0 0 0 0 0 0 0 0 0 0 0 0 0 0 0 0 0 0 0 0 0 0 0 0 0 0 0 0 0 0 0 0 0]	2026-08-16_08-37-11	[2]	2026-08-16_08-37-11
9	2026-08-16_08-37-33	-0.8999999761581421	2026-08-16_08-37-33	11.401926040649414	2026-08-16_08-37-33	1.604721188545227	2026-08-16_08-37-33	1.6084163188934326	2026-08-16_08-37-33	4.116505146026611	2026-08-16_08-37-33	4.072282791137695	2026-08-16_08-37-33	True	2026-08-16_08-37-33	[0 1 1 0 0]	2026-08-16_08-37-33	[1 0 0 0 0]	2026-08-16_08-37-33	[0 0 0 0 0 0 0 0 0 0 0 0 0 0 0 0 0 0 0 0 0 0 0 0 0 0 0 0 0 1 0 0 0 0 0 0 0 0 0 0 0 0 0 0 0 0 0 0 0 0 0 0 0 0 0 0 0 0 0 0 0 0 0 0 0 0 1 0 0 0 0 0 0]	2026-08-16_08-37-33	[0 0 0 0 0 0 0 0 0 0 0 0 0 0 0 0 0 0 0 1 0 0 0 0 0 0 0 0 0 0 0 0 0 0 0 0 0 0 0 0 0 0 0 0 0 0 0 0 0 0 0 0 0 0 0 0 0 0 0 0 0 0 0 0 0 0 0 0 0 0 0 0 0]	2026-08-16_08-37-33	[2]	2026-08-16_08-37-33	[1 1 1 0 0]	2026-08-16_08-37-33	[1 0 0 1 0]	2026-08-16_08-37-33	[0 0 0 0 0 0 0 0 0 0 0 0 0 0 0 0 0 0 0 0 0 0 0 0 0 0 0 0 0 1 0 0 0 0 0 0 0 0 0 0 0 0 0 0 0 1 0 0 0 0 0 0 0 0 0 0 0 0 0 0 0 0 0 0 0 0 1 0 0 0 0 0 0]	2026-08-16_08-37-33	[0 0 0 0 0 0 0 0 0 0 0 0 0 0 0 0 0 0 0 0 0 0 0 0 0 0 0 0 0 0 0 0 0 0 0 0 0 0 0 0 0 0 0 0 0 0 0 0 0 0 0 0 0 0 0 0 0 0 0 0 0 0 0 0 0 0 0 0 0 0 0 0 0]	2026-08-16_08-37-33	[2]	2026-08-16_08-37-33
9	2026-08-16_08-37-33	-0.8999999761581421	2026-08-16_08-37-33	11.387773513793945	2026-08-16_08-37-33	1.6102957725524902	2026-08-16_08-37-33	1.6070021390914917	2026-08-16_08-37-33	4.110479354858398	2026-08-16_08-37-33	4.059996128082275	2026-08-16_08-37-33	True	2026-08-16_08-37-33	[1 1 1 0 0]	2026-08-16_08-37-33	[1 0 0 1 0]	2026-08-16_08-37-33	[0 0 0 0 0 0 0 0 0 0 0 0 0 0 0 0 0 0 0 0 0 0 0 0 0 0 0 0 0 1 0 0 0 0 0 0 0 0 0 0 0 0 0 0 0 1 0 0 0 0 0 0 0 0 0 0 0 0 0 0 0 0 0 0 0 0 1 0 0 0 0 0 0]	2026-08-16_08-37-33	[0 0 0 0 0 0 0 0 0 0 0 0 0 0 0 0 0 0 0 0 0 0 0 0 0 0 0 0 0 0 0 0 0 0 0 0 0 0 0 0 0 0 0 0 0 0 0 0 0 0 0 0 0 0 0 0 0 0 0 0 0 0 0 0 0 0 0 0 0 0 0 0 0]	2026-08-16_08-37-33	[2]	2026-08-16_08-37-33	[0 1 1 0 0]	2026-08-16_08-37-33	[1 0 0 0 0]	2026-08-16_08-37-33	[0 0 0 0 0 0 0 0 0 0 0 0 0 0 0 0 0 0 0 0 0 0 0 0 0 0 0 0 0 1 0 0 0 0 0 0 0 0 0 0 0 0 0 0 0 0 0 0 0 0 0 0 0 0 0 0 0 0 0 0 0 0 0 0 0 0 1 0 0 0 0 0 0]	2026-08-16_08-37-33	[0 0 0 0 0 0 0 0 0 0 0 0 0 0 0 0 0 0 0 1 0 0 0 0 0 0 0 0 0 0 0 0 0 0 0 0 0 0 0 0 0 0 0 0 0 0 0 0 0 0 0 0 0 0 0 0 0 0 0 0 0 0 0 0 0 0 0 0 0 0 0 0 0]	2026-08-16_08-37-33	[2]	2026-08-16_08-37-33
9	2026-08-16_08-37-34	-0.8999999761581421	2026-08-16_08-37-34	11.373008728027344	2026-08-16_08-37-34	1.6016356945037842	2026-08-16_08-37-34	1.6142994165420532	2026-08-16_08-37-34	4.097659111022949	2026-08-16_08-37-34	4.059413909912109	2026-08-16_08-37-34	True	2026-08-16_08-37-34	[0 1 1 0 0]	2026-08-16_08-37-34	[1 0 0 0 0]	2026-08-16_08-37-34	[0 0 0 0 0 0 0 0 0 0 0 0 0 0 0 0 0 0 0 0 0 0 0 0 0 0 0 0 0 1 0 0 0 0 0 0 0 0 0 0 0 0 0 0 0 0 0 0 0 0 0 0 0 0 0 0 0 0 0 0 0 0 0 0 0 0 1 0 0 0 0 0 0]	2026-08-16_08-37-34	[0 0 0 0 0 0 0 0 0 0 0 0 0 0 0 0 0 0 0 1 0 0 0 0 0 0 0 0 0 0 0 0 0 0 0 0 0 0 0 0 0 0 0 0 0 0 0 0 0 0 0 0 0 0 0 0 0 0 0 0 0 0 0 0 0 0 0 0 0 0 0 0 0]	2026-08-16_08-37-34	[2]	2026-08-16_08-37-34	[1 1 1 0 0]	2026-08-16_08-37-34	[1 0 0 1 0]	2026-08-16_08-37-34	[0 0 0 0 0 0 0 0 0 0 0 0 0 0 0 0 0 0 0 0 0 0 0 0 0 0 0 0 0 1 0 0 0 0 0 0 0 0 0 0 0 0 0 0 0 1 0 0 0 0 0 0 0 0 0 0 0 0 0 0 0 0 0 0 0 0 1 0 0 0 0 0 0]	2026-08-16_08-37-34	[0 0 0 0 0 0 0 0 0 0 0 0 0 0 0 0 0 0 0 0 0 0 0 0 0 0 0 0 0 0 0 0 0 0 0 0 0 0 0 0 0 0 0 0 0 0 0 0 0 0 0 0 0 0 0 0 0 0 0 0 0 0 0 0 0 0 0 0 0 0 0 0 0]	2026-08-16_08-37-34	[2]	2026-08-16_08-37-34
9	2026-08-16_08-37-34	-0.8999999761581421	2026-08-16_08-37-34	11.396146774291992	2026-08-16_08-37-34	1.6079442501068115	2026-08-16_08-37-34	1.6082899570465088	2026-08-16_08-37-34	4.1140971183776855	2026-08-16_08-37-34	4.0658159255981445	2026-08-16_08-37-34	True	2026-08-16_08-37-34	[1 1 1 0 0]	2026-08-16_08-37-34	[1 0 0 1 0]	2026-08-16_08-37-34	[0 0 0 0 0 0 0 0 0 0 0 0 0 0 0 0 0 0 0 0 0 0 0 0 0 0 0 0 0 1 0 0 0 0 0 0 0 0 0 0 0 0 0 0 0 1 0 0 0 0 0 0 0 0 0 0 0 0 0 0 0 0 0 0 0 0 1 0 0 0 0 0 0]	2026-08-16_08-37-34	[0 0 0 0 0 0 0 0 0 0 0 0 0 0 0 0 0 0 0 0 0 0 0 0 0 0 0 0 0 0 0 0 0 0 0 0 0 0 0 0 0 0 0 0 0 0 0 0 0 0 0 0 0 0 0 0 0 0 0 0 0 0 0 0 0 0 0 0 0 0 0 0 0]	2026-08-16_08-37-34	[2]	2026-08-16_08-37-34	[0 1 1 0 0]	2026-08-16_08-37-34	[1 0 0 0 0]	2026-08-16_08-37-34	[0 0 0 0 0 0 0 0 0 0 0 0 0 0 0 0 0 0 0 0 0 0 0 0 0 0 0 0 0 1 0 0 0 0 0 0 0 0 0 0 0 0 0 0 0 0 0 0 0 0 0 0 0 0 0 0 0 0 0 0 0 0 0 0 0 0 1 0 0 0 0 0 0]	2026-08-16_08-37-34	[0 0 0 0 0 0 0 0 0 0 0 0 0 0 0 0 0 0 0 1 0 0 0 0 0 0 0 0 0 0 0 0 0 0 0 0 0 0 0 0 0 0 0 0 0 0 0 0 0 0 0 0 0 0 0 0 0 0 0 0 0 0 0 0 0 0 0 0 0 0 0 0 0]	2026-08-16_08-37-34	[2]	2026-08-16_08-37-34
9	2026-08-16_08-37-34	-0.8999999761581421	2026-08-16_08-37-34	11.376068115234375	2026-08-16_08-37-34	1.6008557081222534	2026-08-16_08-37-34	1.6135563850402832	2026-08-16_08-37-34	4.100098133087158	2026-08-16_08-37-34	4.061557769775391	2026-08-16_08-37-34	True	2026-08-16_08-37-34	[0 1 1 0 0]	2026-08-16_08-37-34	[1 0 0 0 0]	2026-08-16_08-37-34	[0 0 0 0 0 0 0 0 0 0 0 0 0 0 0 0 0 0 0 0 0 0 0 0 0 0 0 0 0 1 0 0 0 0 0 0 0 0 0 0 0 0 0 0 0 0 0 0 0 0 0 0 0 0 0 0 0 0 0 0 0 0 0 0 0 0 1 0 0 0 0 0 0]	2026-08-16_08-37-34	[0 0 0 0 0 0 0 0 0 0 0 0 0 0 0 0 0 0 0 1 0 0 0 0 0 0 0 0 0 0 0 0 0 0 0 0 0 0 0 0 0 0 0 0 0 0 0 0 0 0 0 0 0 0 0 0 0 0 0 0 0 0 0 0 0 0 0 0 0 0 0 0 0]	2026-08-16_08-37-34	[2]	2026-08-16_08-37-34	[1 1 1 0 0]	2026-08-16_08-37-34	[1 0 0 1 0]	2026-08-16_08-37-34	[0 0 0 0 0 0 0 0 0 0 0 0 0 0 0 0 0 0 0 0 0 0 0 0 0 0 0 0 0 1 0 0 0 0 0 0 0 0 0 0 0 0 0 0 0 1 0 0 0 0 0 0 0 0 0 0 0 0 0 0 0 0 0 0 0 0 1 0 0 0 0 0 0]	2026-08-16_08-37-34	[0 0 0 0 0 0 0 0 0 0 0 0 0 0 0 0 0 0 0 0 0 0 0 0 0 0 0 0 0 0 0 0 0 0 0 0 0 0 0 0 0 0 0 0 0 0 0 0 0 0 0 0 0 0 0 0 0 0 0 0 0 0 0 0 0 0 0 0 0 0 0 0 0]	2026-08-16_08-37-34	[2]	2026-08-16_08-37-34
9	2026-08-16_08-37-34	-0.8999999761581421	2026-08-16_08-37-34	11.349149703979492	2026-08-16_08-37-34	1.6055018901824951	2026-08-16_08-37-34	1.6116019487380981	2026-08-16_08-37-34	4.0860114097595215	2026-08-16_08-37-34	4.046034812927246	2026-08-16_08-37-34	True	2026-08-16_08-37-34	[1 1 1 0 0]	2026-08-16_08-37-34	[1 0 0 1 0]	2026-08-16_08-37-34	[0 0 0 0 0 0 0 0 0 0 0 0 0 0 0 0 0 0 0 0 0 0 0 0 0 0 0 0 0 1 0 0 0 0 0 0 0 0 0 0 0 0 0 0 0 1 0 0 0 0 0 0 0 0 0 0 0 0 0 0 0 0 0 0 0 0 1 0 0 0 0 0 0]	2026-08-16_08-37-34	[0 0 0 0 0 0 0 0 0 0 0 0 0 0 0 0 0 0 0 0 0 0 0 0 0 0 0 0 0 0 0 0 0 0 0 0 0 0 0 0 0 0 0 0 0 0 0 0 0 0 0 0 0 0 0 0 0 0 0 0 0 0 0 0 0 0 0 0 0 0 0 0 0]	2026-08-16_08-37-34	[2]	2026-08-16_08-37-34	[0 1 1 0 0]	2026-08-16_08-37-34	[1 0 0 0 0]	2026-08-16_08-37-34	[0 0 0 0 0 0 0 0 0 0 0 0 0 0 0 0 0 0 0 0 0 0 0 0 0 0 0 0 0 1 0 0 0 0 0 0 0 0 0 0 0 0 0 0 0 0 0 0 0 0 0 0 0 0 0 0 0 0 0 0 0 0 0 0 0 0 1 0 0 0 0 0 0]	2026-08-16_08-37-34	[0 0 0 0 0 0 0 0 0 0 0 0 0 0 0 0 0 0 0 1 0 0 0 0 0 0 0 0 0 0 0 0 0 0 0 0 0 0 0 0 0 0 0 0 0 0 0 0 0 0 0 0 0 0 0 0 0 0 0 0 0 0 0 0 0 0 0 0 0 0 0 0 0]	2026-08-16_08-37-34	[2]	2026-08-16_08-37-34
9	2026-08-16_08-37-34	-0.8999999761581421	2026-08-16_08-37-34	11.323423385620117	2026-08-16_08-37-34	1.6032545566558838	2026-08-16_08-37-34	1.6136926412582397	2026-08-16_08-37-34	4.0695366859436035	2026-08-16_08-37-34	4.03693962097168	2026-08-16_08-37-34	True	2026-08-16_08-37-34	[0 1 1 0 0]	2026-08-16_08-37-34	[1 0 0 0 0]	2026-08-16_08-37-34	[0 0 0 0 0 0 0 0 0 0 0 0 0 0 0 0 0 0 0 0 0 0 0 0 0 0 0 0 0 1 0 0 0 0 0 0 0 0 0 0 0 0 0 0 0 0 0 0 0 0 0 0 0 0 0 0 0 0 0 0 0 0 0 0 0 0 1 0 0 0 0 0 0]	2026-08-16_08-37-34	[0 0 0 0 0 0 0 0 0 0 0 0 0 0 0 0 0 0 0 1 0 0 0 0 0 0 0 0 0 0 0 0 0 0 0 0 0 0 0 0 0 0 0 0 0 0 0 0 0 0 0 0 0 0 0 0 0 0 0 0 0 0 0 0 0 0 0 0 0 0 0 0 0]	2026-08-16_08-37-34	[2]	2026-08-16_08-37-34	[1 1 1 0 0]	2026-08-16_08-37-34	[1 0 0 1 0]	2026-08-16_08-37-34	[0 0 0 0 0 0 0 0 0 0 0 0 0 0 0 0 0 0 0 0 0 0 0 0 0 0 0 0 0 1 0 0 0 0 0 0 0 0 0 0 0 0 0 0 0 1 0 0 0 0 0 0 0 0 0 0 0 0 0 0 0 0 0 0 0 0 1 0 0 0 0 0 0]	2026-08-16_08-37-34	[0 0 0 0 0 0 0 0 0 0 0 0 0 0 0 0 0 0 0 1 0 0 0 1 0 0 0 0 0 0 0 0 0 0 0 0 0 0 0 0 0 0 0 0 0 0 0 0 0 0 0 0 0 0 0 0 0 0 0 0 0 0 0 0 0 0 0 0 0 0 0 0 0]	2026-08-16_08-37-34	[2]	2026-08-16_08-37-34
9	2026-08-16_08-37-35	-0.8999999761581421	2026-08-16_08-37-35	11.383230209350586	2026-08-16_08-37-35	1.6047848463058472	2026-08-16_08-37-35	1.6118006706237793	2026-08-16_08-37-35	4.103072643280029	2026-08-16_08-37-35	4.063571929931641	2026-08-16_08-37-35	True	2026-08-16_08-37-35	[1 1 1 0 0]	2026-08-16_08-37-35	[1 0 0 1 0]	2026-08-16_08-37-35	[0 0 0 0 0 0 0 0 0 0 0 0 0 0 0 0 0 0 0 0 0 0 0 0 0 0 0 0 0 1 0 0 0 0 0 0 0 0 0 0 0 0 0 0 0 1 0 0 0 0 0 0 0 0 0 0 0 0 0 0 0 0 0 0 0 0 1 0 0 0 0 0 0]	2026-08-16_08-37-35	[0 0 0 0 0 0 0 0 0 0 0 0 0 0 0 0 0 0 0 1 0 0 0 1 0 0 0 0 0 0 0 0 0 0 0 0 0 0 0 0 0 0 0 0 0 0 0 0 0 0 0 0 0 0 0 0 0 0 0 0 0 0 0 0 0 0 0 0 0 0 0 0 0]	2026-08-16_08-37-35	[2]	2026-08-16_08-37-35	[0 1 1 0 0]	2026-08-16_08-37-35	[1 0 0 0 0]	2026-08-16_08-37-35	[0 0 0 0 0 0 0 0 0 0 0 0 0 0 0 0 0 0 0 0 0 0 0 0 0 0 0 0 0 1 0 0 0 0 0 0 0 0 0 0 0 0 0 0 0 0 0 0 0 0 0 0 0 0 0 0 0 0 0 0 0 0 0 0 0 0 1 0 0 0 0 0 0]	2026-08-16_08-37-35	[0 0 0 0 0 0 0 0 0 0 0 0 0 0 0 0 0 0 0 0 0 0 0 1 0 0 0 0 0 0 0 0 0 0 0 0 0 0 0 0 0 0 0 0 0 0 0 0 0 0 0 0 0 0 0 0 0 0 0 0 0 0 0 0 0 0 0 0 0 0 0 0 0]	2026-08-16_08-37-35	[2]	2026-08-16_08-37-35
9	2026-08-16_08-37-35	-0.8999999761581421	2026-08-16_08-37-35	11.411504745483398	2026-08-16_08-37-35	1.6048719882965088	2026-08-16_08-37-35	1.603018045425415	2026-08-16_08-37-35	4.127836227416992	2026-08-16_08-37-35	4.075778961181641	2026-08-16_08-37-35	True	2026-08-16_08-37-35	[0 1 1 0 0]	2026-08-16_08-37-35	[1 0 0 0 0]	2026-08-16_08-37-35	[0 0 0 0 0 0 0 0 0 0 0 0 0 0 0 0 0 0 0 0 0 0 0 0 0 0 0 0 0 1 0 0 0 0 0 0 0 0 0 0 0 0 0 0 0 0 0 0 0 0 0 0 0 0 0 0 0 0 0 0 0 0 0 0 0 0 1 0 0 0 0 0 0]	2026-08-16_08-37-35	[0 0 0 0 0 0 0 0 0 0 0 0 0 0 0 0 0 0 0 0 0 0 0 1 0 0 0 0 0 0 0 0 0 0 0 0 0 0 0 0 0 0 0 0 0 0 0 0 0 0 0 0 0 0 0 0 0 0 0 0 0 0 0 0 0 0 0 0 0 0 0 0 0]	2026-08-16_08-37-35	[2]	2026-08-16_08-37-35	[1 1 1 0 0]	2026-08-16_08-37-35	[0 0 0 0 0]	2026-08-16_08-37-35	[0 0 0 0 0 0 0 0 0 0 0 0 0 0 0 0 0 0 0 0 0 0 0 0 0 0 0 0 0 0 0 0 0 0 0 0 0 0 0 0 0 0 0 0 0 0 0 0 0 0 0 0 0 0 0 0 0 0 0 0 0 0 0 0 0 0 1 0 0 0 0 0 0]	2026-08-16_08-37-35	[0 0 0 0 0 0 0 0 0 0 0 0 0 0 0 0 0 0 0 0 0 0 0 0 0 0 0 0 0 0 0 0 0 0 0 0 0 0 0 0 0 0 0 0 0 0 0 0 0 0 0 0 0 0 0 0 0 0 0 0 0 0 0 0 0 0 0 0 0 0 0 0 0]	2026-08-16_08-37-35	[2]	2026-08-16_08-37-35
9	2026-08-16_08-37-35	-0.8999999761581421	2026-08-16_08-37-35	11.426733016967773	2026-08-16_08-37-35	1.6102325916290283	2026-08-16_08-37-35	1.5863536596298218	2026-08-16_08-37-35	4.143749237060547	2026-08-16_08-37-35	4.086397647857666	2026-08-16_08-37-35	True	2026-08-16_08-37-35	[1 1 1 0 0]	2026-08-16_08-37-35	[0 0 0 0 0]	2026-08-16_08-37-35	[0 0 0 0 0 0 0 0 0 0 0 0 0 0 0 0 0 0 0 0 0 0 0 0 0 0 0 0 0 0 0 0 0 0 0 0 0 0 0 0 0 0 0 0 0 0 0 0 0 0 0 0 0 0 0 0 0 0 0 0 0 0 0 0 0 0 1 0 0 0 0 0 0]	2026-08-16_08-37-35	[0 0 0 0 0 0 0 0 0 0 0 0 0 0 0 0 0 0 0 0 0 0 0 0 0 0 0 0 0 0 0 0 0 0 0 0 0 0 0 0 0 0 0 0 0 0 0 0 0 0 0 0 0 0 0 0 0 0 0 0 0 0 0 0 0 0 0 0 0 0 0 0 0]	2026-08-16_08-37-35	[2]	2026-08-16_08-37-35	[0 1 1 0 0]	2026-08-16_08-37-35	[1 0 0 0 0]	2026-08-16_08-37-35	[0 0 0 0 0 0 0 0 0 0 0 0 0 0 0 0 0 0 0 0 0 0 0 0 0 0 0 0 0 1 0 0 0 0 0 0 0 0 0 0 0 0 0 0 0 0 0 0 0 0 0 0 0 0 0 0 0 0 0 0 0 0 0 0 0 0 1 0 0 0 0 0 0]	2026-08-16_08-37-35	[0 0 0 0 0 0 0 0 0 0 0 0 0 0 0 0 0 0 0 1 0 0 0 0 0 0 0 0 0 0 0 0 0 0 0 0 0 0 0 0 0 0 0 0 0 0 0 0 0 0 0 0 0 0 0 0 0 0 0 0 0 0 0 0 0 0 0 0 0 0 0 0 0]	2026-08-16_08-37-35	[2]	2026-08-16_08-37-35
9	2026-08-16_08-37-35	-0.8999999761581421	2026-08-16_08-37-35	11.370750427246094	2026-08-16_08-37-35	1.6023755073547363	2026-08-16_08-37-35	1.6127064228057861	2026-08-16_08-37-35	4.0971598625183105	2026-08-16_08-37-35	4.058509349822998	2026-08-16_08-37-35	True	2026-08-16_08-37-35	[0 1 1 0 0]	2026-08-16_08-37-35	[1 0 0 0 0]	2026-08-16_08-37-35	[0 0 0 0 0 0 0 0 0 0 0 0 0 0 0 0 0 0 0 0 0 0 0 0 0 0 0 0 0 1 0 0 0 0 0 0 0 0 0 0 0 0 0 0 0 0 0 0 0 0 0 0 0 0 0 0 0 0 0 0 0 0 0 0 0 0 1 0 0 0 0 0 0]	2026-08-16_08-37-35	[0 0 0 0 0 0 0 0 0 0 0 0 0 0 0 0 0 0 0 1 0 0 0 0 0 0 0 0 0 0 0 0 0 0 0 0 0 0 0 0 0 0 0 0 0 0 0 0 0 0 0 0 0 0 0 0 0 0 0 0 0 0 0 0 0 0 0 0 0 0 0 0 0]	2026-08-16_08-37-35	[2]	2026-08-16_08-37-35	[1 1 1 0 0]	2026-08-16_08-37-35	[1 0 0 1 0]	2026-08-16_08-37-35	[0 0 0 0 0 0 0 0 0 0 0 0 0 0 0 0 0 0 0 0 0 0 0 0 0 0 0 0 0 1 0 0 0 0 0 0 0 0 0 0 0 0 0 0 0 1 0 0 0 0 0 0 0 0 0 0 0 0 0 0 0 0 0 0 0 0 1 0 0 0 0 0 0]	2026-08-16_08-37-35	[0 0 0 0 0 0 0 0 0 0 0 0 0 0 0 0 0 0 0 1 0 0 0 1 0 0 0 0 0 0 0 0 0 0 0 0 0 0 0 0 0 0 0 0 0 0 0 0 0 0 0 0 0 0 0 0 0 0 0 0 0 0 0 0 0 0 0 0 0 0 0 0 0]	2026-08-16_08-37-35	[2]	2026-08-16_08-37-35
9	2026-08-16_08-37-35	-0.8999999761581421	2026-08-16_08-37-35	11.376484870910645	2026-08-16_08-37-35	1.6051881313323975	2026-08-16_08-37-35	1.6067723035812378	2026-08-16_08-37-35	4.1017842292785645	2026-08-16_08-37-35	4.062740325927734	2026-08-16_08-37-35	True	2026-08-16_08-37-35	[1 1 1 0 0]	2026-08-16_08-37-35	[1 0 0 1 0]	2026-08-16_08-37-35	[0 0 0 0 0 0 0 0 0 0 0 0 0 0 0 0 0 0 0 0 0 0 0 0 0 0 0 0 0 1 0 0 0 0 0 0 0 0 0 0 0 0 0 0 0 1 0 0 0 0 0 0 0 0 0 0 0 0 0 0 0 0 0 0 0 0 1 0 0 0 0 0 0]	2026-08-16_08-37-35	[0 0 0 0 0 0 0 0 0 0 0 0 0 0 0 0 0 0 0 1 0 0 0 1 0 0 0 0 0 0 0 0 0 0 0 0 0 0 0 0 0 0 0 0 0 0 0 0 0 0 0 0 0 0 0 0 0 0 0 0 0 0 0 0 0 0 0 0 0 0 0 0 0]	2026-08-16_08-37-35	[2]	2026-08-16_08-37-35	[0 1 1 0 0]	2026-08-16_08-37-35	[1 0 0 0 0]	2026-08-16_08-37-35	[0 0 0 0 0 0 0 0 0 0 0 0 0 0 0 0 0 0 0 0 0 0 0 0 0 0 0 0 0 1 0 0 0 0 0 0 0 0 0 0 0 0 0 0 0 0 0 0 0 0 0 0 0 0 0 0 0 0 0 0 0 0 0 0 0 0 1 0 0 0 0 0 0]	2026-08-16_08-37-35	[0 0 0 0 0 0 0 0 0 0 0 0 0 0 0 0 0 0 0 0 0 0 0 1 0 0 0 0 0 0 0 0 0 0 0 0 0 0 0 0 0 0 0 0 0 0 0 0 0 0 0 0 0 0 0 0 0 0 0 0 0 0 0 0 0 0 0 0 0 0 0 0 0]	2026-08-16_08-37-35	[2]	2026-08-16_08-37-35
9	2026-08-16_08-37-36	-0.8999999761581421	2026-08-16_08-37-36	11.416691780090332	2026-08-16_08-37-36	1.60630202293396	2026-08-16_08-37-36	1.6026039123535156	2026-08-16_08-37-36	4.131739616394043	2026-08-16_08-37-36	4.076045989990234	2026-08-16_08-37-36	True	2026-08-16_08-37-36	[0 1 1 0 0]	2026-08-16_08-37-36	[1 0 0 0 0]	2026-08-16_08-37-36	[0 0 0 0 0 0 0 0 0 0 0 0 0 0 0 0 0 0 0 0 0 0 0 0 0 0 0 0 0 1 0 0 0 0 0 0 0 0 0 0 0 0 0 0 0 0 0 0 0 0 0 0 0 0 0 0 0 0 0 0 0 0 0 0 0 0 1 0 0 0 0 0 0]	2026-08-16_08-37-36	[0 0 0 0 0 0 0 0 0 0 0 0 0 0 0 0 0 0 0 0 0 0 0 1 0 0 0 0 0 0 0 0 0 0 0 0 0 0 0 0 0 0 0 0 0 0 0 0 0 0 0 0 0 0 0 0 0 0 0 0 0 0 0 0 0 0 0 0 0 0 0 0 0]	2026-08-16_08-37-36	[2]	2026-08-16_08-37-36	[1 1 1 0 0]	2026-08-16_08-37-36	[0 0 0 0 0]	2026-08-16_08-37-36	[0 0 0 0 0 0 0 0 0 0 0 0 0 0 0 0 0 0 0 0 0 0 0 0 0 0 0 0 0 1 0 0 0 0 0 0 0 0 0 0 0 0 0 0 0 1 0 0 0 0 0 0 0 0 0 0 0 0 0 0 0 0 0 0 0 0 1 0 0 0 0 0 0]	2026-08-16_08-37-36	[0 0 0 0 0 0 0 0 0 0 0 0 0 0 0 0 0 0 0 1 0 0 0 1 0 0 0 0 0 0 0 0 0 0 0 0 0 0 0 0 0 0 0 0 0 0 0 0 0 0 0 0 0 0 0 0 0 0 0 0 0 0 0 0 0 0 0 0 0 0 0 0 0]	2026-08-16_08-37-36	[2]	2026-08-16_08-37-36
9	2026-08-16_08-37-36	-0.8999999761581421	2026-08-16_08-37-36	11.372306823730469	2026-08-16_08-37-36	1.6033031940460205	2026-08-16_08-37-36	1.6138845682144165	2026-08-16_08-37-36	4.096701145172119	2026-08-16_08-37-36	4.058417320251465	2026-08-16_08-37-36	True	2026-08-16_08-37-36	[1 1 1 0 0]	2026-08-16_08-37-36	[0 0 0 0 0]	2026-08-16_08-37-36	[0 0 0 0 0 0 0 0 0 0 0 0 0 0 0 0 0 0 0 0 0 0 0 0 0 0 0 0 0 1 0 0 0 0 0 0 0 0 0 0 0 0 0 0 0 1 0 0 0 0 0 0 0 0 0 0 0 0 0 0 0 0 0 0 0 0 1 0 0 0 0 0 0]	2026-08-16_08-37-36	[0 0 0 0 0 0 0 0 0 0 0 0 0 0 0 0 0 0 0 1 0 0 0 1 0 0 0 0 0 0 0 0 0 0 0 0 0 0 0 0 0 0 0 0 0 0 0 0 0 0 0 0 0 0 0 0 0 0 0 0 0 0 0 0 0 0 0 0 0 0 0 0 0]	2026-08-16_08-37-36	[2]	2026-08-16_08-37-36	[0 1 1 0 0]	2026-08-16_08-37-36	[0 0 0 1 0]	2026-08-16_08-37-36	[0 0 0 0 0 0 0 0 0 0 0 0 0 0 0 0 0 0 0 0 0 0 0 0 0 0 0 0 0 1 0 0 0 0 0 0 0 0 0 0 0 0 0 0 0 0 0 0 0 0 0 0 0 0 0 0 0 0 0 0 0 0 0 0 0 0 1 0 0 0 0 0 0]	2026-08-16_08-37-36	[0 0 0 0 0 0 0 0 0 0 0 0 0 0 0 0 0 0 0 0 0 0 0 1 0 0 0 0 0 0 0 0 0 0 0 0 0 0 0 0 0 0 0 0 0 0 0 0 0 0 0 0 0 0 0 0 0 0 0 0 0 0 0 0 0 0 0 0 0 0 0 0 0]	2026-08-16_08-37-36	[2]	2026-08-16_08-37-36
9	2026-08-16_08-37-36	-0.8999999761581421	2026-08-16_08-37-36	11.385076522827148	2026-08-16_08-37-36	1.6053669452667236	2026-08-16_08-37-36	1.6097078323364258	2026-08-16_08-37-36	4.108191013336182	2026-08-16_08-37-36	4.061810493469238	2026-08-16_08-37-36	True	2026-08-16_08-37-36	[0 1 1 0 0]	2026-08-16_08-37-36	[0 0 0 1 0]	2026-08-16_08-37-36	[0 0 0 0 0 0 0 0 0 0 0 0 0 0 0 0 0 0 0 0 0 0 0 0 0 0 0 0 0 1 0 0 0 0 0 0 0 0 0 0 0 0 0 0 0 0 0 0 0 0 0 0 0 0 0 0 0 0 0 0 0 0 0 0 0 0 1 0 0 0 0 0 0]	2026-08-16_08-37-36	[0 0 0 0 0 0 0 0 0 0 0 0 0 0 0 0 0 0 0 0 0 0 0 1 0 0 0 0 0 0 0 0 0 0 0 0 0 0 0 0 0 0 0 0 0 0 0 0 0 0 0 0 0 0 0 0 0 0 0 0 0 0 0 0 0 0 0 0 0 0 0 0 0]	2026-08-16_08-37-36	[2]	2026-08-16_08-37-36	[1 1 1 0 0]	2026-08-16_08-37-36	[0 0 0 0 0]	2026-08-16_08-37-36	[0 0 0 0 0 0 0 0 0 0 0 0 0 0 0 0 0 0 0 0 0 0 0 0 0 0 0 0 0 1 0 0 0 0 0 0 0 0 0 0 0 0 0 0 0 1 0 0 0 0 0 0 0 0 0 0 0 0 0 0 0 0 0 0 0 0 1 0 0 0 0 0 0]	2026-08-16_08-37-36	[0 0 0 0 0 0 0 0 0 0 0 0 0 0 0 0 0 0 0 1 0 0 0 1 0 0 0 0 0 0 0 0 0 0 0 0 0 0 0 0 0 0 0 0 0 0 0 0 0 0 0 0 0 0 0 0 0 0 0 0 0 0 0 0 0 0 0 0 0 0 0 0 0]	2026-08-16_08-37-36	[2]	2026-08-16_08-37-36
9	2026-08-16_08-37-36	-0.8999999761581421	2026-08-16_08-37-36	11.369455337524414	2026-08-16_08-37-36	1.6032142639160156	2026-08-16_08-37-36	1.6143356561660767	2026-08-16_08-37-36	4.0954365730285645	2026-08-16_08-37-36	4.056469440460205	2026-08-16_08-37-36	True	2026-08-16_08-37-36	[1 1 1 0 0]	2026-08-16_08-37-36	[0 0 0 0 0]	2026-08-16_08-37-36	[0 0 0 0 0 0 0 0 0 0 0 0 0 0 0 0 0 0 0 0 0 0 0 0 0 0 0 0 0 1 0 0 0 0 0 0 0 0 0 0 0 0 0 0 0 1 0 0 0 0 0 0 0 0 0 0 0 0 0 0 0 0 0 0 0 0 1 0 0 0 0 0 0]	2026-08-16_08-37-36	[0 0 0 0 0 0 0 0 0 0 0 0 0 0 0 0 0 0 0 1 0 0 0 1 0 0 0 0 0 0 0 0 0 0 0 0 0 0 0 0 0 0 0 0 0 0 0 0 0 0 0 0 0 0 0 0 0 0 0 0 0 0 0 0 0 0 0 0 0 0 0 0 0]	2026-08-16_08-37-36	[2]	2026-08-16_08-37-36	[0 1 1 0 0]	2026-08-16_08-37-36	[0 0 0 1 0]	2026-08-16_08-37-36	[0 0 0 0 0 0 0 0 0 0 0 0 0 0 0 0 0 0 0 0 0 0 0 0 0 0 0 0 0 1 0 0 0 0 0 0 0 0 0 0 0 0 0 0 0 0 0 0 0 0 0 0 0 0 0 0 0 0 0 0 0 0 0 0 0 0 1 0 0 0 0 0 0]	2026-08-16_08-37-36	[0 0 0 0 0 0 0 0 0 0 0 0 0 0 0 0 0 0 0 1 0 0 0 0 0 0 0 0 0 0 0 0 0 0 0 0 0 0 0 0 0 0 0 0 0 0 0 0 0 0 0 0 0 0 0 0 0 0 0 0 0 0 0 0 0 0 0 0 0 0 0 0 0]	2026-08-16_08-37-36	[2]	2026-08-16_08-37-36
9	2026-08-16_08-37-36	-0.8999999761581421	2026-08-16_08-37-36	11.361929893493652	2026-08-16_08-37-36	1.6043223142623901	2026-08-16_08-37-36	1.6126972436904907	2026-08-16_08-37-36	4.091581344604492	2026-08-16_08-37-36	4.053328990936279	2026-08-16_08-37-36	True	2026-08-16_08-37-36	[0 1 1 0 0]	2026-08-16_08-37-36	[0 0 0 1 0]	2026-08-16_08-37-36	[0 0 0 0 0 0 0 0 0 0 0 0 0 0 0 0 0 0 0 0 0 0 0 0 0 0 0 0 0 1 0 0 0 0 0 0 0 0 0 0 0 0 0 0 0 0 0 0 0 0 0 0 0 0 0 0 0 0 0 0 0 0 0 0 0 0 1 0 0 0 0 0 0]	2026-08-16_08-37-36	[0 0 0 0 0 0 0 0 0 0 0 0 0 0 0 0 0 0 0 1 0 0 0 0 0 0 0 0 0 0 0 0 0 0 0 0 0 0 0 0 0 0 0 0 0 0 0 0 0 0 0 0 0 0 0 0 0 0 0 0 0 0 0 0 0 0 0 0 0 0 0 0 0]	2026-08-16_08-37-36	[2]	2026-08-16_08-37-36	[1 1 1 0 0]	2026-08-16_08-37-36	[0 0 0 0 0]	2026-08-16_08-37-36	[0 0 0 0 0 0 0 0 0 0 0 0 0 0 0 0 0 0 0 0 0 0 0 0 0 0 0 0 0 1 0 0 0 0 0 0 0 0 0 0 0 0 0 0 0 1 0 0 0 0 0 0 0 0 0 0 0 0 0 0 0 0 0 0 0 0 1 0 0 0 0 0 0]	2026-08-16_08-37-36	[0 0 0 0 0 0 0 0 0 0 0 0 0 0 0 0 0 0 0 0 0 0 0 0 0 0 0 0 0 0 0 0 0 0 0 0 0 0 0 0 0 0 0 0 0 0 0 0 0 0 0 0 0 0 0 0 0 0 0 0 0 0 0 0 0 0 0 0 0 0 0 0 0]	2026-08-16_08-37-36	[2]	2026-08-16_08-37-36
9	2026-08-16_08-37-37	-0.8999999761581421	2026-08-16_08-37-37	11.401176452636719	2026-08-16_08-37-37	1.607492446899414	2026-08-16_08-37-37	1.6065855026245117	2026-08-16_08-37-37	4.11708927154541	2026-08-16_08-37-37	4.070008754730225	2026-08-16_08-37-37	True	2026-08-16_08-37-37	[1 1 1 0 0]	2026-08-16_08-37-37	[0 0 0 0 0]	2026-08-16_08-37-37	[0 0 0 0 0 0 0 0 0 0 0 0 0 0 0 0 0 0 0 0 0 0 0 0 0 0 0 0 0 1 0 0 0 0 0 0 0 0 0 0 0 0 0 0 0 1 0 0 0 0 0 0 0 0 0 0 0 0 0 0 0 0 0 0 0 0 1 0 0 0 0 0 0]	2026-08-16_08-37-37	[0 0 0 0 0 0 0 0 0 0 0 0 0 0 0 0 0 0 0 0 0 0 0 0 0 0 0 0 0 0 0 0 0 0 0 0 0 0 0 0 0 0 0 0 0 0 0 0 0 0 0 0 0 0 0 0 0 0 0 0 0 0 0 0 0 0 0 0 0 0 0 0 0]	2026-08-16_08-37-37	[2]	2026-08-16_08-37-37	[0 1 1 0 0]	2026-08-16_08-37-37	[1 0 0 0 0]	2026-08-16_08-37-37	[0 0 0 0 0 0 0 0 0 0 0 0 0 0 0 0 0 0 0 0 0 0 0 0 0 0 0 0 0 1 0 0 0 0 0 0 0 0 0 0 0 0 0 0 0 0 0 0 0 0 0 0 0 0 0 0 0 0 0 0 0 0 0 0 0 0 1 0 0 0 0 0 0]	2026-08-16_08-37-37	[0 0 0 0 0 0 0 0 0 0 0 0 0 0 0 0 0 0 0 1 0 0 0 0 0 0 0 0 0 0 0 0 0 0 0 0 0 0 0 0 0 0 0 0 0 0 0 0 0 0 0 0 0 0 0 0 0 0 0 0 0 0 0 0 0 0 0 0 0 0 0 0 0]	2026-08-16_08-37-37	[2]	2026-08-16_08-37-37
9	2026-08-16_08-37-37	-0.8999999761581421	2026-08-16_08-37-37	11.340734481811523	2026-08-16_08-37-37	1.6009466648101807	2026-08-16_08-37-37	1.61150062084198	2026-08-16_08-37-37	4.078948020935059	2026-08-16_08-37-37	4.0493388175964355	2026-08-16_08-37-37	True	2026-08-16_08-37-37	[0 1 1 0 0]	2026-08-16_08-37-37	[1 0 0 0 0]	2026-08-16_08-37-37	[0 0 0 0 0 0 0 0 0 0 0 0 0 0 0 0 0 0 0 0 0 0 0 0 0 0 0 0 0 1 0 0 0 0 0 0 0 0 0 0 0 0 0 0 0 0 0 0 0 0 0 0 0 0 0 0 0 0 0 0 0 0 0 0 0 0 1 0 0 0 0 0 0]	2026-08-16_08-37-37	[0 0 0 0 0 0 0 0 0 0 0 0 0 0 0 0 0 0 0 1 0 0 0 0 0 0 0 0 0 0 0 0 0 0 0 0 0 0 0 0 0 0 0 0 0 0 0 0 0 0 0 0 0 0 0 0 0 0 0 0 0 0 0 0 0 0 0 0 0 0 0 0 0]	2026-08-16_08-37-37	[2]	2026-08-16_08-37-37	[1 1 1 0 0]	2026-08-16_08-37-37	[1 0 0 1 0]	2026-08-16_08-37-37	[0 0 0 0 0 0 0 0 0 0 0 0 0 0 0 0 0 0 0 0 0 0 0 0 0 0 0 0 0 1 0 0 0 0 0 0 0 0 0 0 0 0 0 0 0 1 0 0 0 0 0 0 0 0 0 0 0 0 0 0 0 0 0 0 0 0 1 0 0 0 0 0 0]	2026-08-16_08-37-37	[0 0 0 0 0 0 0 0 0 0 0 0 0 0 0 0 0 0 0 0 0 0 0 0 0 0 0 0 0 0 0 0 0 0 0 0 0 0 0 0 0 0 0 0 0 0 0 0 0 0 0 0 0 0 0 0 0 0 0 0 0 0 0 0 0 0 0 0 0 0 0 0 0]	2026-08-16_08-37-37	[2]	2026-08-16_08-37-37
9	2026-08-16_08-37-37	-0.8999999761581421	2026-08-16_08-37-37	11.40355110168457	2026-08-16_08-37-37	1.6079548597335815	2026-08-16_08-37-37	1.6069324016571045	2026-08-16_08-37-37	4.119629859924316	2026-08-16_08-37-37	4.069033622741699	2026-08-16_08-37-37	True	2026-08-16_08-37-37	[1 1 1 0 0]	2026-08-16_08-37-37	[1 0 0 1 0]	2026-08-16_08-37-37	[0 0 0 0 0 0 0 0 0 0 0 0 0 0 0 0 0 0 0 0 0 0 0 0 0 0 0 0 0 1 0 0 0 0 0 0 0 0 0 0 0 0 0 0 0 1 0 0 0 0 0 0 0 0 0 0 0 0 0 0 0 0 0 0 0 0 1 0 0 0 0 0 0]	2026-08-16_08-37-37	[0 0 0 0 0 0 0 0 0 0 0 0 0 0 0 0 0 0 0 0 0 0 0 0 0 0 0 0 0 0 0 0 0 0 0 0 0 0 0 0 0 0 0 0 0 0 0 0 0 0 0 0 0 0 0 0 0 0 0 0 0 0 0 0 0 0 0 0 0 0 0 0 0]	2026-08-16_08-37-37	[2]	2026-08-16_08-37-37	[0 1 1 0 0]	2026-08-16_08-37-37	[1 0 0 0 0]	2026-08-16_08-37-37	[0 0 0 0 0 0 0 0 0 0 0 0 0 0 0 0 0 0 0 0 0 0 0 0 0 0 0 0 0 1 0 0 0 0 0 0 0 0 0 0 0 0 0 0 0 0 0 0 0 0 0 0 0 0 0 0 0 0 0 0 0 0 0 0 0 0 1 0 0 0 0 0 0]	2026-08-16_08-37-37	[0 0 0 0 0 0 0 0 0 0 0 0 0 0 0 0 0 0 0 1 0 0 0 0 0 0 0 0 0 0 0 0 0 0 0 0 0 0 0 0 0 0 0 0 0 0 0 0 0 0 0 0 0 0 0 0 0 0 0 0 0 0 0 0 0 0 0 0 0 0 0 0 0]	2026-08-16_08-37-37	[2]	2026-08-16_08-37-37
9	2026-08-16_08-37-37	-0.8999999761581421	2026-08-16_08-37-37	11.354084014892578	2026-08-16_08-37-37	1.603115200996399	2026-08-16_08-37-37	1.6128554344177246	2026-08-16_08-37-37	4.086277484893799	2026-08-16_08-37-37	4.051835536956787	2026-08-16_08-37-37	True	2026-08-16_08-37-37	[0 1 1 0 0]	2026-08-16_08-37-37	[1 0 0 0 0]	2026-08-16_08-37-37	[0 0 0 0 0 0 0 0 0 0 0 0 0 0 0 0 0 0 0 0 0 0 0 0 0 0 0 0 0 1 0 0 0 0 0 0 0 0 0 0 0 0 0 0 0 0 0 0 0 0 0 0 0 0 0 0 0 0 0 0 0 0 0 0 0 0 1 0 0 0 0 0 0]	2026-08-16_08-37-37	[0 0 0 0 0 0 0 0 0 0 0 0 0 0 0 0 0 0 0 1 0 0 0 0 0 0 0 0 0 0 0 0 0 0 0 0 0 0 0 0 0 0 0 0 0 0 0 0 0 0 0 0 0 0 0 0 0 0 0 0 0 0 0 0 0 0 0 0 0 0 0 0 0]	2026-08-16_08-37-37	[2]	2026-08-16_08-37-37	[1 1 1 0 0]	2026-08-16_08-37-37	[1 0 0 1 0]	2026-08-16_08-37-37	[0 0 0 0 0 0 0 0 0 0 0 0 0 0 0 0 0 0 0 0 0 0 0 0 0 0 0 0 0 1 0 0 0 0 0 0 0 0 0 0 0 0 0 0 0 1 0 0 0 0 0 0 0 0 0 0 0 0 0 0 0 0 0 0 0 0 1 0 0 0 0 0 0]	2026-08-16_08-37-37	[0 0 0 0 0 0 0 0 0 0 0 0 0 0 0 0 0 0 0 0 0 0 0 0 0 0 0 0 0 0 0 0 0 0 0 0 0 0 0 0 0 0 0 0 0 0 0 0 0 0 0 0 0 0 0 0 0 0 0 0 0 0 0 0 0 0 0 0 0 0 0 0 0]	2026-08-16_08-37-37	[2]	2026-08-16_08-37-37
9	2026-08-16_08-37-37	-0.8999999761581421	2026-08-16_08-37-37	11.37851333618164	2026-08-16_08-37-37	1.6096255779266357	2026-08-16_08-37-37	1.6046535968780518	2026-08-16_08-37-37	4.104830741882324	2026-08-16_08-37-37	4.059402942657471	2026-08-16_08-37-37	True	2026-08-16_08-37-37	[1 1 1 0 0]	2026-08-16_08-37-37	[1 0 0 1 0]	2026-08-16_08-37-37	[0 0 0 0 0 0 0 0 0 0 0 0 0 0 0 0 0 0 0 0 0 0 0 0 0 0 0 0 0 1 0 0 0 0 0 0 0 0 0 0 0 0 0 0 0 1 0 0 0 0 0 0 0 0 0 0 0 0 0 0 0 0 0 0 0 0 1 0 0 0 0 0 0]	2026-08-16_08-37-37	[0 0 0 0 0 0 0 0 0 0 0 0 0 0 0 0 0 0 0 0 0 0 0 0 0 0 0 0 0 0 0 0 0 0 0 0 0 0 0 0 0 0 0 0 0 0 0 0 0 0 0 0 0 0 0 0 0 0 0 0 0 0 0 0 0 0 0 0 0 0 0 0 0]	2026-08-16_08-37-37	[2]	2026-08-16_08-37-37	[0 1 1 0 0]	2026-08-16_08-37-37	[1 0 0 0 0]	2026-08-16_08-37-37	[0 0 0 0 0 0 0 0 0 0 0 0 0 0 0 0 0 0 0 0 0 0 0 0 0 0 0 0 0 1 0 0 0 0 0 0 0 0 0 0 0 0 0 0 0 0 0 0 0 0 0 0 0 0 0 0 0 0 0 0 0 0 0 0 0 0 1 0 0 0 0 0 0]	2026-08-16_08-37-37	[0 0 0 0 0 0 0 0 0 0 0 0 0 0 0 0 0 0 0 1 0 0 0 0 0 0 0 0 0 0 0 0 0 0 0 0 0 0 0 0 0 0 0 0 0 0 0 0 0 0 0 0 0 0 0 0 0 0 0 0 0 0 0 0 0 0 0 0 0 0 0 0 0]	2026-08-16_08-37-37	[2]	2026-08-16_08-37-37
9	2026-08-16_08-37-37	-0.8999999761581421	2026-08-16_08-37-37	11.356704711914062	2026-08-16_08-37-37	1.605713129043579	2026-08-16_08-37-37	1.6124591827392578	2026-08-16_08-37-37	4.086752414703369	2026-08-16_08-37-37	4.051779270172119	2026-08-16_08-37-37	True	2026-08-16_08-37-37	[0 1 1 0 0]	2026-08-16_08-37-37	[1 0 0 0 0]	2026-08-16_08-37-37	[0 0 0 0 0 0 0 0 0 0 0 0 0 0 0 0 0 0 0 0 0 0 0 0 0 0 0 0 0 1 0 0 0 0 0 0 0 0 0 0 0 0 0 0 0 0 0 0 0 0 0 0 0 0 0 0 0 0 0 0 0 0 0 0 0 0 1 0 0 0 0 0 0]	2026-08-16_08-37-37	[0 0 0 0 0 0 0 0 0 0 0 0 0 0 0 0 0 0 0 1 0 0 0 0 0 0 0 0 0 0 0 0 0 0 0 0 0 0 0 0 0 0 0 0 0 0 0 0 0 0 0 0 0 0 0 0 0 0 0 0 0 0 0 0 0 0 0 0 0 0 0 0 0]	2026-08-16_08-37-37	[2]	2026-08-16_08-37-37	[1 1 1 0 0]	2026-08-16_08-37-37	[1 0 0 1 0]	2026-08-16_08-37-37	[0 0 0 0 0 0 0 0 0 0 0 0 0 0 0 0 0 0 0 0 0 0 0 0 0 0 0 0 0 1 0 0 0 0 0 0 0 0 0 0 0 0 0 0 0 1 0 0 0 0 0 0 0 0 0 0 0 0 0 0 0 0 0 0 0 0 1 0 0 0 0 0 0]	2026-08-16_08-37-37	[0 0 0 0 0 0 0 0 0 0 0 0 0 0 0 0 0 0 0 0 0 0 0 0 0 0 0 0 0 0 0 0 0 0 0 0 0 0 0 0 0 0 0 0 0 0 0 0 0 0 0 0 0 0 0 0 0 0 0 0 0 0 0 0 0 0 0 0 0 0 0 0 0]	2026-08-16_08-37-37	[2]	2026-08-16_08-37-37
9	2026-08-16_08-37-38	-0.8999999761581421	2026-08-16_08-37-38	11.399236679077148	2026-08-16_08-37-38	1.6063299179077148	2026-08-16_08-37-38	1.6081194877624512	2026-08-16_08-37-38	4.115402698516846	2026-08-16_08-37-38	4.069385051727295	2026-08-16_08-37-38	True	2026-08-16_08-37-38	[1 1 1 0 0]	2026-08-16_08-37-38	[1 0 0 1 0]	2026-08-16_08-37-38	[0 0 0 0 0 0 0 0 0 0 0 0 0 0 0 0 0 0 0 0 0 0 0 0 0 0 0 0 0 1 0 0 0 0 0 0 0 0 0 0 0 0 0 0 0 1 0 0 0 0 0 0 0 0 0 0 0 0 0 0 0 0 0 0 0 0 1 0 0 0 0 0 0]	2026-08-16_08-37-38	[0 0 0 0 0 0 0 0 0 0 0 0 0 0 0 0 0 0 0 0 0 0 0 0 0 0 0 0 0 0 0 0 0 0 0 0 0 0 0 0 0 0 0 0 0 0 0 0 0 0 0 0 0 0 0 0 0 0 0 0 0 0 0 0 0 0 0 0 0 0 0 0 0]	2026-08-16_08-37-38	[2]	2026-08-16_08-37-38	[0 1 1 0 0]	2026-08-16_08-37-38	[1 0 0 0 0]	2026-08-16_08-37-38	[0 0 0 0 0 0 0 0 0 0 0 0 0 0 0 0 0 0 0 0 0 0 0 0 0 0 0 0 0 1 0 0 0 0 0 0 0 0 0 0 0 0 0 0 0 0 0 0 0 0 0 0 0 0 0 0 0 0 0 0 0 0 0 0 0 0 1 0 0 0 0 0 0]	2026-08-16_08-37-38	[0 0 0 0 0 0 0 0 0 0 0 0 0 0 0 0 0 0 0 1 0 0 0 0 0 0 0 0 0 0 0 0 0 0 0 0 0 0 0 0 0 0 0 0 0 0 0 0 0 0 0 0 0 0 0 0 0 0 0 0 0 0 0 0 0 0 0 0 0 0 0 0 0]	2026-08-16_08-37-38	[2]	2026-08-16_08-37-38
9	2026-08-16_08-37-38	-0.8999999761581421	2026-08-16_08-37-38	11.349756240844727	2026-08-16_08-37-38	1.6019630432128906	2026-08-16_08-37-38	1.613277792930603	2026-08-16_08-37-38	4.084546089172363	2026-08-16_08-37-38	4.04996919631958	2026-08-16_08-37-38	True	2026-08-16_08-37-38	[0 1 1 0 0]	2026-08-16_08-37-38	[1 0 0 0 0]	2026-08-16_08-37-38	[0 0 0 0 0 0 0 0 0 0 0 0 0 0 0 0 0 0 0 0 0 0 0 0 0 0 0 0 0 1 0 0 0 0 0 0 0 0 0 0 0 0 0 0 0 0 0 0 0 0 0 0 0 0 0 0 0 0 0 0 0 0 0 0 0 0 1 0 0 0 0 0 0]	2026-08-16_08-37-38	[0 0 0 0 0 0 0 0 0 0 0 0 0 0 0 0 0 0 0 1 0 0 0 0 0 0 0 0 0 0 0 0 0 0 0 0 0 0 0 0 0 0 0 0 0 0 0 0 0 0 0 0 0 0 0 0 0 0 0 0 0 0 0 0 0 0 0 0 0 0 0 0 0]	2026-08-16_08-37-38	[2]	2026-08-16_08-37-38	[1 1 1 0 0]	2026-08-16_08-37-38	[1 0 0 1 0]	2026-08-16_08-37-38	[0 0 0 0 0 0 0 0 0 0 0 0 0 0 0 0 0 0 0 0 0 0 0 0 0 0 0 0 0 1 0 0 0 0 0 0 0 0 0 0 0 0 0 0 0 1 0 0 0 0 0 0 0 0 0 0 0 0 0 0 0 0 0 0 0 0 1 0 0 0 0 0 0]	2026-08-16_08-37-38	[0 0 0 0 0 0 0 0 0 0 0 0 0 0 0 0 0 0 0 0 0 0 0 0 0 0 0 0 0 0 0 0 0 0 0 0 0 0 0 0 0 0 0 0 0 0 0 0 0 0 0 0 0 0 0 0 0 0 0 0 0 0 0 0 0 0 0 0 0 0 0 0 0]	2026-08-16_08-37-38	[2]	2026-08-16_08-37-38
9	2026-08-16_08-37-38	-0.8999999761581421	2026-08-16_08-37-38	11.405952453613281	2026-08-16_08-37-38	1.606980562210083	2026-08-16_08-37-38	1.6081464290618896	2026-08-16_08-37-38	4.118957042694092	2026-08-16_08-37-38	4.071868419647217	2026-08-16_08-37-38	True	2026-08-16_08-37-38	[1 1 1 0 0]	2026-08-16_08-37-38	[1 0 0 1 0]	2026-08-16_08-37-38	[0 0 0 0 0 0 0 0 0 0 0 0 0 0 0 0 0 0 0 0 0 0 0 0 0 0 0 0 0 1 0 0 0 0 0 0 0 0 0 0 0 0 0 0 0 1 0 0 0 0 0 0 0 0 0 0 0 0 0 0 0 0 0 0 0 0 1 0 0 0 0 0 0]	2026-08-16_08-37-38	[0 0 0 0 0 0 0 0 0 0 0 0 0 0 0 0 0 0 0 0 0 0 0 0 0 0 0 0 0 0 0 0 0 0 0 0 0 0 0 0 0 0 0 0 0 0 0 0 0 0 0 0 0 0 0 0 0 0 0 0 0 0 0 0 0 0 0 0 0 0 0 0 0]	2026-08-16_08-37-38	[2]	2026-08-16_08-37-38	[0 1 1 0 0]	2026-08-16_08-37-38	[1 0 0 0 0]	2026-08-16_08-37-38	[0 0 0 0 0 0 0 0 0 0 0 0 0 0 0 0 0 0 0 0 0 0 0 0 0 0 0 0 0 1 0 0 0 0 0 0 0 0 0 0 0 0 0 0 0 0 0 0 0 0 0 0 0 0 0 0 0 0 0 0 0 0 0 0 0 0 1 0 0 0 0 0 0]	2026-08-16_08-37-38	[0 0 0 0 0 0 0 0 0 0 0 0 0 0 0 0 0 0 0 1 0 0 0 0 0 0 0 0 0 0 0 0 0 0 0 0 0 0 0 0 0 0 0 0 0 0 0 0 0 0 0 0 0 0 0 0 0 0 0 0 0 0 0 0 0 0 0 0 0 0 0 0 0]	2026-08-16_08-37-38	[2]	2026-08-16_08-37-38
9	2026-08-16_08-37-38	-0.8999999761581421	2026-08-16_08-37-38	11.366476058959961	2026-08-16_08-37-38	1.599914789199829	2026-08-16_08-37-38	1.6170296669006348	2026-08-16_08-37-38	4.093180179595947	2026-08-16_08-37-38	4.056351184844971	2026-08-16_08-37-38	True	2026-08-16_08-37-38	[0 1 1 0 0]	2026-08-16_08-37-38	[1 0 0 0 0]	2026-08-16_08-37-38	[0 0 0 0 0 0 0 0 0 0 0 0 0 0 0 0 0 0 0 0 0 0 0 0 0 0 0 0 0 1 0 0 0 0 0 0 0 0 0 0 0 0 0 0 0 0 0 0 0 0 0 0 0 0 0 0 0 0 0 0 0 0 0 0 0 0 1 0 0 0 0 0 0]	2026-08-16_08-37-38	[0 0 0 0 0 0 0 0 0 0 0 0 0 0 0 0 0 0 0 1 0 0 0 0 0 0 0 0 0 0 0 0 0 0 0 0 0 0 0 0 0 0 0 0 0 0 0 0 0 0 0 0 0 0 0 0 0 0 0 0 0 0 0 0 0 0 0 0 0 0 0 0 0]	2026-08-16_08-37-38	[2]	2026-08-16_08-37-38	[1 1 1 0 0]	2026-08-16_08-37-38	[1 0 0 1 0]	2026-08-16_08-37-38	[0 0 0 0 0 0 0 0 0 0 0 0 0 0 0 0 0 0 0 0 0 0 0 0 0 0 0 0 0 1 0 0 0 0 0 0 0 0 0 0 0 0 0 0 0 1 0 0 0 0 0 0 0 0 0 0 0 0 0 0 0 0 0 0 0 0 1 0 0 0 0 0 0]	2026-08-16_08-37-38	[0 0 0 0 0 0 0 0 0 0 0 0 0 0 0 0 0 0 0 0 0 0 0 0 0 0 0 0 0 0 0 0 0 0 0 0 0 0 0 0 0 0 0 0 0 0 0 0 0 0 0 0 0 0 0 0 0 0 0 0 0 0 0 0 0 0 0 0 0 0 0 0 0]	2026-08-16_08-37-38	[2]	2026-08-16_08-37-38
9	2026-08-16_08-37-38	-0.8999999761581421	2026-08-16_08-37-38	11.393545150756836	2026-08-16_08-37-38	1.6085247993469238	2026-08-16_08-37-38	1.6049069166183472	2026-08-16_08-37-38	4.112580299377441	2026-08-16_08-37-38	4.067533493041992	2026-08-16_08-37-38	True	2026-08-16_08-37-38	[1 1 1 0 0]	2026-08-16_08-37-38	[1 0 0 1 0]	2026-08-16_08-37-38	[0 0 0 0 0 0 0 0 0 0 0 0 0 0 0 0 0 0 0 0 0 0 0 0 0 0 0 0 0 1 0 0 0 0 0 0 0 0 0 0 0 0 0 0 0 1 0 0 0 0 0 0 0 0 0 0 0 0 0 0 0 0 0 0 0 0 1 0 0 0 0 0 0]	2026-08-16_08-37-38	[0 0 0 0 0 0 0 0 0 0 0 0 0 0 0 0 0 0 0 0 0 0 0 0 0 0 0 0 0 0 0 0 0 0 0 0 0 0 0 0 0 0 0 0 0 0 0 0 0 0 0 0 0 0 0 0 0 0 0 0 0 0 0 0 0 0 0 0 0 0 0 0 0]	2026-08-16_08-37-38	[2]	2026-08-16_08-37-38	[0 1 1 0 0]	2026-08-16_08-37-38	[1 0 0 0 0]	2026-08-16_08-37-38	[0 0 0 0 0 0 0 0 0 0 0 0 0 0 0 0 0 0 0 0 0 0 0 0 0 0 0 0 0 1 0 0 0 0 0 0 0 0 0 0 0 0 0 0 0 0 0 0 0 0 0 0 0 0 0 0 0 0 0 0 0 0 0 0 0 0 1 0 0 0 0 0 0]	2026-08-16_08-37-38	[0 0 0 0 0 0 0 0 0 0 0 0 0 0 0 0 0 0 0 1 0 0 0 0 0 0 0 0 0 0 0 0 0 0 0 0 0 0 0 0 0 0 0 0 0 0 0 0 0 0 0 0 0 0 0 0 0 0 0 0 0 0 0 0 0 0 0 0 0 0 0 0 0]	2026-08-16_08-37-38	[2]	2026-08-16_08-37-38
9	2026-08-16_08-37-38	-0.8999999761581421	2026-08-16_08-37-38	11.357254028320312	2026-08-16_08-37-38	1.6035667657852173	2026-08-16_08-37-38	1.613291621208191	2026-08-16_08-37-38	4.087249755859375	2026-08-16_08-37-38	4.0531463623046875	2026-08-16_08-37-38	True	2026-08-16_08-37-38	[0 1 1 0 0]	2026-08-16_08-37-38	[1 0 0 0 0]	2026-08-16_08-37-38	[0 0 0 0 0 0 0 0 0 0 0 0 0 0 0 0 0 0 0 0 0 0 0 0 0 0 0 0 0 1 0 0 0 0 0 0 0 0 0 0 0 0 0 0 0 0 0 0 0 0 0 0 0 0 0 0 0 0 0 0 0 0 0 0 0 0 1 0 0 0 0 0 0]	2026-08-16_08-37-38	[0 0 0 0 0 0 0 0 0 0 0 0 0 0 0 0 0 0 0 1 0 0 0 0 0 0 0 0 0 0 0 0 0 0 0 0 0 0 0 0 0 0 0 0 0 0 0 0 0 0 0 0 0 0 0 0 0 0 0 0 0 0 0 0 0 0 0 0 0 0 0 0 0]	2026-08-16_08-37-38	[2]	2026-08-16_08-37-38	[1 1 1 0 0]	2026-08-16_08-37-38	[1 0 0 1 0]	2026-08-16_08-37-38	[0 0 0 0 0 0 0 0 0 0 0 0 0 0 0 0 0 0 0 0 0 0 0 0 0 0 0 0 0 1 0 0 0 0 0 0 0 0 0 0 0 0 0 0 0 1 0 0 0 0 0 0 0 0 0 0 0 0 0 0 0 0 0 0 0 0 1 0 0 0 0 0 0]	2026-08-16_08-37-38	[0 0 0 0 0 0 0 0 0 0 0 0 0 0 0 0 0 0 0 1 0 0 0 1 0 0 0 0 0 0 0 0 0 0 0 0 0 0 0 0 0 0 0 0 0 0 0 0 0 0 0 0 0 0 0 0 0 0 0 0 0 0 0 0 0 0 0 0 0 0 0 0 0]	2026-08-16_08-37-38	[2]	2026-08-16_08-37-38
9	2026-08-16_08-37-38	-0.8999999761581421	2026-08-16_08-37-38	11.367107391357422	2026-08-16_08-37-38	1.607846736907959	2026-08-16_08-37-38	1.6084355115890503	2026-08-16_08-37-38	4.092618465423584	2026-08-16_08-37-38	4.058206081390381	2026-08-16_08-37-38	True	2026-08-16_08-37-38	[1 1 1 0 0]	2026-08-16_08-37-38	[1 0 0 1 0]	2026-08-16_08-37-38	[0 0 0 0 0 0 0 0 0 0 0 0 0 0 0 0 0 0 0 0 0 0 0 0 0 0 0 0 0 1 0 0 0 0 0 0 0 0 0 0 0 0 0 0 0 1 0 0 0 0 0 0 0 0 0 0 0 0 0 0 0 0 0 0 0 0 1 0 0 0 0 0 0]	2026-08-16_08-37-38	[0 0 0 0 0 0 0 0 0 0 0 0 0 0 0 0 0 0 0 1 0 0 0 1 0 0 0 0 0 0 0 0 0 0 0 0 0 0 0 0 0 0 0 0 0 0 0 0 0 0 0 0 0 0 0 0 0 0 0 0 0 0 0 0 0 0 0 0 0 0 0 0 0]	2026-08-16_08-37-38	[2]	2026-08-16_08-37-38	[0 1 1 0 0]	2026-08-16_08-37-38	[1 0 0 0 0]	2026-08-16_08-37-38	[0 0 0 0 0 0 0 0 0 0 0 0 0 0 0 0 0 0 0 0 0 0 0 0 0 0 0 0 0 1 0 0 0 0 0 0 0 0 0 0 0 0 0 0 0 0 0 0 0 0 0 0 0 0 0 0 0 0 0 0 0 0 0 0 0 0 1 0 0 0 0 0 0]	2026-08-16_08-37-38	[0 0 0 0 0 0 0 0 0 0 0 0 0 0 0 0 0 0 0 1 0 0 0 0 0 0 0 0 0 0 0 0 0 0 0 0 0 0 0 0 0 0 0 0 0 0 0 0 0 0 0 0 0 0 0 0 0 0 0 0 0 0 0 0 0 0 0 0 0 0 0 0 0]	2026-08-16_08-37-38	[2]	2026-08-16_08-37-38
9	2026-08-16_08-37-38	-0.8999999761581421	2026-08-16_08-37-38	11.381207466125488	2026-08-16_08-37-38	1.6023123264312744	2026-08-16_08-37-38	1.6119009256362915	2026-08-16_08-37-38	4.102738857269287	2026-08-16_08-37-38	4.064255237579346	2026-08-16_08-37-38	True	2026-08-16_08-37-38	[0 1 1 0 0]	2026-08-16_08-37-38	[1 0 0 0 0]	2026-08-16_08-37-38	[0 0 0 0 0 0 0 0 0 0 0 0 0 0 0 0 0 0 0 0 0 0 0 0 0 0 0 0 0 1 0 0 0 0 0 0 0 0 0 0 0 0 0 0 0 0 0 0 0 0 0 0 0 0 0 0 0 0 0 0 0 0 0 0 0 0 1 0 0 0 0 0 0]	2026-08-16_08-37-38	[0 0 0 0 0 0 0 0 0 0 0 0 0 0 0 0 0 0 0 1 0 0 0 0 0 0 0 0 0 0 0 0 0 0 0 0 0 0 0 0 0 0 0 0 0 0 0 0 0 0 0 0 0 0 0 0 0 0 0 0 0 0 0 0 0 0 0 0 0 0 0 0 0]	2026-08-16_08-37-38	[2]	2026-08-16_08-37-38	[0 1 1 0 1]	2026-08-16_08-37-38	[1 0 0 1 0]	2026-08-16_08-37-38	[0 0 0 0 0 0 0 0 0 0 0 0 0 0 0 0 0 0 0 0 0 0 0 0 0 0 0 0 0 1 0 0 0 0 0 0 0 0 0 0 0 0 0 0 0 1 0 0 0 0 0 0 0 0 0 0 0 0 0 0 0 0 0 0 0 0 1 0 0 0 0 0 0]	2026-08-16_08-37-38	[0 0 0 0 0 0 0 0 0 0 0 0 0 0 0 0 0 0 0 0 0 0 0 0 0 0 0 0 0 0 0 0 0 0 0 0 0 0 0 0 0 0 0 0 0 0 0 0 0 0 0 0 0 0 0 0 0 0 0 0 0 0 0 0 0 0 0 0 0 0 0 0 0]	2026-08-16_08-37-38	[2]	2026-08-16_08-37-38
9	2026-08-16_08-37-38	-0.8999999761581421	2026-08-16_08-37-38	11.390926361083984	2026-08-16_08-37-38	1.6072965860366821	2026-08-16_08-37-38	1.608849048614502	2026-08-16_08-37-38	4.109912395477295	2026-08-16_08-37-38	4.064867973327637	2026-08-16_08-37-38	True	2026-08-16_08-37-38	[0 1 1 0 1]	2026-08-16_08-37-38	[1 0 0 1 0]	2026-08-16_08-37-38	[0 0 0 0 0 0 0 0 0 0 0 0 0 0 0 0 0 0 0 0 0 0 0 0 0 0 0 0 0 1 0 0 0 0 0 0 0 0 0 0 0 0 0 0 0 1 0 0 0 0 0 0 0 0 0 0 0 0 0 0 0 0 0 0 0 0 1 0 0 0 0 0 0]	2026-08-16_08-37-38	[0 0 0 0 0 0 0 0 0 0 0 0 0 0 0 0 0 0 0 0 0 0 0 0 0 0 0 0 0 0 0 0 0 0 0 0 0 0 0 0 0 0 0 0 0 0 0 0 0 0 0 0 0 0 0 0 0 0 0 0 0 0 0 0 0 0 0 0 0 0 0 0 0]	2026-08-16_08-37-38	[2]	2026-08-16_08-37-38	[1 1 1 0 1]	2026-08-16_08-37-38	[1 0 0 0 0]	2026-08-16_08-37-38	[0 0 0 0 0 0 0 0 0 0 0 0 0 0 0 0 0 0 0 0 0 0 0 0 0 0 0 0 0 1 0 0 0 0 0 0 0 0 0 0 0 0 0 0 0 0 0 0 0 0 0 0 0 0 0 0 0 0 0 0 0 0 0 0 0 0 1 0 0 0 0 0 0]	2026-08-16_08-37-38	[0 0 0 0 0 0 0 0 0 0 0 0 0 0 0 0 0 0 0 1 0 0 0 0 0 0 0 0 0 0 0 0 0 0 0 0 0 0 0 0 0 0 0 0 0 0 0 0 0 0 0 0 0 0 0 0 0 0 0 0 0 0 0 0 0 0 0 0 0 0 0 0 0]	2026-08-16_08-37-38	[2]	2026-08-16_08-37-38
9	2026-08-16_08-37-38	-0.8999999761581421	2026-08-16_08-37-38	11.371604919433594	2026-08-16_08-37-38	1.6035902500152588	2026-08-16_08-37-38	1.613156795501709	2026-08-16_08-37-38	4.097067356109619	2026-08-16_08-37-38	4.057790279388428	2026-08-16_08-37-38	True	2026-08-16_08-37-38	[1 1 1 0 1]	2026-08-16_08-37-38	[1 0 0 0 0]	2026-08-16_08-37-38	[0 0 0 0 0 0 0 0 0 0 0 0 0 0 0 0 0 0 0 0 0 0 0 0 0 0 0 0 0 1 0 0 0 0 0 0 0 0 0 0 0 0 0 0 0 0 0 0 0 0 0 0 0 0 0 0 0 0 0 0 0 0 0 0 0 0 1 0 0 0 0 0 0]	2026-08-16_08-37-38	[0 0 0 0 0 0 0 0 0 0 0 0 0 0 0 0 0 0 0 1 0 0 0 0 0 0 0 0 0 0 0 0 0 0 0 0 0 0 0 0 0 0 0 0 0 0 0 0 0 0 0 0 0 0 0 0 0 0 0 0 0 0 0 0 0 0 0 0 0 0 0 0 0]	2026-08-16_08-37-38	[2]	2026-08-16_08-37-38	[0 1 1 0 1]	2026-08-16_08-37-38	[1 0 0 1 0]	2026-08-16_08-37-38	[0 0 0 0 0 0 0 0 0 0 0 0 0 0 0 0 0 0 0 0 0 0 0 0 0 0 0 0 0 1 0 0 0 0 0 0 0 0 0 0 0 0 0 0 0 1 0 0 0 0 0 0 0 0 0 0 0 0 0 0 0 0 0 0 0 0 1 0 0 0 0 0 0]	2026-08-16_08-37-38	[0 0 0 0 0 0 0 0 0 0 0 0 0 0 0 0 0 0 0 1 0 0 0 1 0 0 0 0 0 0 0 0 0 0 0 0 0 0 0 0 0 0 0 0 0 0 0 0 0 0 0 0 0 0 0 0 0 0 0 0 0 0 0 0 0 0 0 0 0 0 0 0 0]	2026-08-16_08-37-38	[2]	2026-08-16_08-37-38
9	2026-08-16_08-37-38	-0.8999999761581421	2026-08-16_08-37-38	11.366905212402344	2026-08-16_08-37-38	1.6055644750595093	2026-08-16_08-37-38	1.6076912879943848	2026-08-16_08-37-38	4.096086502075195	2026-08-16_08-37-38	4.057562828063965	2026-08-16_08-37-38	True	2026-08-16_08-37-38	[0 1 1 0 1]	2026-08-16_08-37-38	[1 0 0 1 0]	2026-08-16_08-37-38	[0 0 0 0 0 0 0 0 0 0 0 0 0 0 0 0 0 0 0 0 0 0 0 0 0 0 0 0 0 1 0 0 0 0 0 0 0 0 0 0 0 0 0 0 0 1 0 0 0 0 0 0 0 0 0 0 0 0 0 0 0 0 0 0 0 0 1 0 0 0 0 0 0]	2026-08-16_08-37-38	[0 0 0 0 0 0 0 0 0 0 0 0 0 0 0 0 0 0 0 1 0 0 0 1 0 0 0 0 0 0 0 0 0 0 0 0 0 0 0 0 0 0 0 0 0 0 0 0 0 0 0 0 0 0 0 0 0 0 0 0 0 0 0 0 0 0 0 0 0 0 0 0 0]	2026-08-16_08-37-38	[2]	2026-08-16_08-37-38	[1 1 1 0 1]	2026-08-16_08-37-38	[1 0 0 0 0]	2026-08-16_08-37-38	[0 0 0 0 0 0 0 0 0 0 0 0 0 0 0 0 0 0 0 0 0 0 0 0 0 0 0 0 0 1 0 0 0 0 0 0 0 0 0 0 0 0 0 0 0 0 0 0 0 0 0 0 0 0 0 0 0 0 0 0 0 0 0 0 0 0 1 0 0 0 0 0 0]	2026-08-16_08-37-38	[0 0 0 0 0 0 0 0 0 0 0 0 0 0 0 0 0 0 0 1 0 0 0 0 0 0 0 0 0 0 0 0 0 0 0 0 0 0 0 0 0 0 0 0 0 0 0 0 0 0 0 0 0 0 0 0 0 0 0 0 0 0 0 0 0 0 0 0 0 0 0 0 0]	2026-08-16_08-37-38	[2]	2026-08-16_08-37-38
9	2026-08-16_08-37-38	-0.8999999761581421	2026-08-16_08-37-38	11.351722717285156	2026-08-16_08-37-38	1.60269296169281	2026-08-16_08-37-38	1.612553596496582	2026-08-16_08-37-38	4.085079193115234	2026-08-16_08-37-38	4.051396369934082	2026-08-16_08-37-38	True	2026-08-16_08-37-38	[1 1 1 0 1]	2026-08-16_08-37-38	[1 0 0 0 0]	2026-08-16_08-37-38	[0 0 0 0 0 0 0 0 0 0 0 0 0 0 0 0 0 0 0 0 0 0 0 0 0 0 0 0 0 1 0 0 0 0 0 0 0 0 0 0 0 0 0 0 0 0 0 0 0 0 0 0 0 0 0 0 0 0 0 0 0 0 0 0 0 0 1 0 0 0 0 0 0]	2026-08-16_08-37-38	[0 0 0 0 0 0 0 0 0 0 0 0 0 0 0 0 0 0 0 1 0 0 0 0 0 0 0 0 0 0 0 0 0 0 0 0 0 0 0 0 0 0 0 0 0 0 0 0 0 0 0 0 0 0 0 0 0 0 0 0 0 0 0 0 0 0 0 0 0 0 0 0 0]	2026-08-16_08-37-38	[2]	2026-08-16_08-37-38	[0 1 1 0 1]	2026-08-16_08-37-38	[1 0 0 1 0]	2026-08-16_08-37-38	[0 0 0 0 0 0 0 0 0 0 0 0 0 0 0 0 0 0 0 0 0 0 0 0 0 0 0 0 0 1 0 0 0 0 0 0 0 0 0 0 0 0 0 0 0 1 0 0 0 0 0 0 0 0 0 0 0 0 0 0 0 0 0 0 0 0 1 0 0 0 0 0 0]	2026-08-16_08-37-38	[0 0 0 0 0 0 0 0 0 0 0 0 0 0 0 0 0 0 0 0 0 0 0 0 0 0 0 0 0 0 0 0 0 0 0 0 0 0 0 0 0 0 0 0 0 0 0 0 0 0 0 0 0 0 0 0 0 0 0 0 0 0 0 0 0 0 0 0 0 0 0 0 0]	2026-08-16_08-37-38	[2]	2026-08-16_08-37-38
9	2026-08-16_08-37-38	-0.8999999761581421	2026-08-16_08-37-38	11.408926010131836	2026-08-16_08-37-38	1.6083487272262573	2026-08-16_08-37-38	1.6056561470031738	2026-08-16_08-37-38	4.121481418609619	2026-08-16_08-37-38	4.073439598083496	2026-08-16_08-37-38	True	2026-08-16_08-37-38	[0 1 1 0 1]	2026-08-16_08-37-38	[1 0 0 1 0]	2026-08-16_08-37-38	[0 0 0 0 0 0 0 0 0 0 0 0 0 0 0 0 0 0 0 0 0 0 0 0 0 0 0 0 0 1 0 0 0 0 0 0 0 0 0 0 0 0 0 0 0 1 0 0 0 0 0 0 0 0 0 0 0 0 0 0 0 0 0 0 0 0 1 0 0 0 0 0 0]	2026-08-16_08-37-38	[0 0 0 0 0 0 0 0 0 0 0 0 0 0 0 0 0 0 0 0 0 0 0 0 0 0 0 0 0 0 0 0 0 0 0 0 0 0 0 0 0 0 0 0 0 0 0 0 0 0 0 0 0 0 0 0 0 0 0 0 0 0 0 0 0 0 0 0 0 0 0 0 0]	2026-08-16_08-37-38	[2]	2026-08-16_08-37-38	[1 1 1 0 1]	2026-08-16_08-37-38	[1 0 0 0 0]	2026-08-16_08-37-38	[0 0 0 0 0 0 0 0 0 0 0 0 0 0 0 0 0 0 0 0 0 0 0 0 0 0 0 0 0 1 0 0 0 0 0 0 0 0 0 0 0 0 0 0 0 0 0 0 0 0 0 0 0 0 0 0 0 0 0 0 0 0 0 0 0 0 1 0 0 0 0 0 0]	2026-08-16_08-37-38	[0 0 0 0 0 0 0 0 0 0 0 0 0 0 0 0 0 0 0 1 0 0 0 0 0 0 0 0 0 0 0 0 0 0 0 0 0 0 0 0 0 0 0 0 0 0 0 0 0 0 0 0 0 0 0 0 0 0 0 0 0 0 0 0 0 0 0 0 0 0 0 0 0]	2026-08-16_08-37-38	[2]	2026-08-16_08-37-38
9	2026-08-16_08-37-38	-0.8999999761581421	2026-08-16_08-37-38	11.369916915893555	2026-08-16_08-37-38	1.6006510257720947	2026-08-16_08-37-38	1.6114537715911865	2026-08-16_08-37-38	4.098114967346191	2026-08-16_08-37-38	4.05969762802124	2026-08-16_08-37-38	True	2026-08-16_08-37-38	[1 1 1 0 1]	2026-08-16_08-37-38	[1 0 0 0 0]	2026-08-16_08-37-38	[0 0 0 0 0 0 0 0 0 0 0 0 0 0 0 0 0 0 0 0 0 0 0 0 0 0 0 0 0 1 0 0 0 0 0 0 0 0 0 0 0 0 0 0 0 0 0 0 0 0 0 0 0 0 0 0 0 0 0 0 0 0 0 0 0 0 1 0 0 0 0 0 0]	2026-08-16_08-37-38	[0 0 0 0 0 0 0 0 0 0 0 0 0 0 0 0 0 0 0 1 0 0 0 0 0 0 0 0 0 0 0 0 0 0 0 0 0 0 0 0 0 0 0 0 0 0 0 0 0 0 0 0 0 0 0 0 0 0 0 0 0 0 0 0 0 0 0 0 0 0 0 0 0]	2026-08-16_08-37-38	[2]	2026-08-16_08-37-38	[0 1 1 0 1]	2026-08-16_08-37-38	[1 0 0 1 0]	2026-08-16_08-37-38	[0 0 0 0 0 0 0 0 0 0 0 0 0 0 0 0 0 0 0 0 0 0 0 0 0 0 0 0 0 1 0 0 0 0 0 0 0 0 0 0 0 0 0 0 0 1 0 0 0 0 0 0 0 0 0 0 0 0 0 0 0 0 0 0 0 0 1 0 0 0 0 0 0]	2026-08-16_08-37-38	[0 0 0 0 0 0 0 0 0 0 0 0 0 0 0 0 0 0 0 0 0 0 0 0 0 0 0 0 0 0 0 0 0 0 0 0 0 0 0 0 0 0 0 0 0 0 0 0 0 0 0 0 0 0 0 0 0 0 0 0 0 0 0 0 0 0 0 0 0 0 0 0 0]	2026-08-16_08-37-38	[2]	2026-08-16_08-37-38
9	2026-08-16_08-37-38	-0.8999999761581421	2026-08-16_08-37-38	11.38443374633789	2026-08-16_08-37-38	1.6054744720458984	2026-08-16_08-37-38	1.6109559535980225	2026-08-16_08-37-38	4.107812881469727	2026-08-16_08-37-38	4.060189723968506	2026-08-16_08-37-38	True	2026-08-16_08-37-38	[0 1 1 0 1]	2026-08-16_08-37-38	[1 0 0 1 0]	2026-08-16_08-37-38	[0 0 0 0 0 0 0 0 0 0 0 0 0 0 0 0 0 0 0 0 0 0 0 0 0 0 0 0 0 1 0 0 0 0 0 0 0 0 0 0 0 0 0 0 0 1 0 0 0 0 0 0 0 0 0 0 0 0 0 0 0 0 0 0 0 0 1 0 0 0 0 0 0]	2026-08-16_08-37-38	[0 0 0 0 0 0 0 0 0 0 0 0 0 0 0 0 0 0 0 0 0 0 0 0 0 0 0 0 0 0 0 0 0 0 0 0 0 0 0 0 0 0 0 0 0 0 0 0 0 0 0 0 0 0 0 0 0 0 0 0 0 0 0 0 0 0 0 0 0 0 0 0 0]	2026-08-16_08-37-38	[2]	2026-08-16_08-37-38	[1 1 1 0 1]	2026-08-16_08-37-38	[1 0 0 0 0]	2026-08-16_08-37-38	[0 0 0 0 0 0 0 0 0 0 0 0 0 0 0 0 0 0 0 0 0 0 0 0 0 0 0 0 0 1 0 0 0 0 0 0 0 0 0 0 0 0 0 0 0 0 0 0 0 0 0 0 0 0 0 0 0 0 0 0 0 0 0 0 0 0 1 0 0 0 0 0 0]	2026-08-16_08-37-38	[0 0 0 0 0 0 0 0 0 0 0 0 0 0 0 0 0 0 0 1 0 0 0 0 0 0 0 0 0 0 0 0 0 0 0 0 0 0 0 0 0 0 0 0 0 0 0 0 0 0 0 0 0 0 0 0 0 0 0 0 0 0 0 0 0 0 0 0 0 0 0 0 0]	2026-08-16_08-37-38	[2]	2026-08-16_08-37-38
9	2026-08-16_08-37-38	-0.8999999761581421	2026-08-16_08-37-38	11.384042739868164	2026-08-16_08-37-38	1.6046905517578125	2026-08-16_08-37-38	1.6109578609466553	2026-08-16_08-37-38	4.10552978515625	2026-08-16_08-37-38	4.062864780426025	2026-08-16_08-37-38	True	2026-08-16_08-37-38	[1 1 1 0 1]	2026-08-16_08-37-38	[1 0 0 0 0]	2026-08-16_08-37-38	[0 0 0 0 0 0 0 0 0 0 0 0 0 0 0 0 0 0 0 0 0 0 0 0 0 0 0 0 0 1 0 0 0 0 0 0 0 0 0 0 0 0 0 0 0 0 0 0 0 0 0 0 0 0 0 0 0 0 0 0 0 0 0 0 0 0 1 0 0 0 0 0 0]	2026-08-16_08-37-38	[0 0 0 0 0 0 0 0 0 0 0 0 0 0 0 0 0 0 0 1 0 0 0 0 0 0 0 0 0 0 0 0 0 0 0 0 0 0 0 0 0 0 0 0 0 0 0 0 0 0 0 0 0 0 0 0 0 0 0 0 0 0 0 0 0 0 0 0 0 0 0 0 0]	2026-08-16_08-37-38	[2]	2026-08-16_08-37-38	[0 1 1 0 1]	2026-08-16_08-37-38	[1 0 0 1 0]	2026-08-16_08-37-38	[0 0 0 0 0 0 0 0 0 0 0 0 0 0 0 0 0 0 0 0 0 0 0 0 0 0 0 0 0 1 0 0 0 0 0 0 0 0 0 0 0 0 0 0 0 1 0 0 0 0 0 0 0 0 0 0 0 0 0 0 0 0 0 0 0 0 1 0 0 0 0 0 0]	2026-08-16_08-37-38	[0 0 0 0 0 0 0 0 0 0 0 0 0 0 0 0 0 0 0 1 0 0 0 1 0 0 0 0 0 0 0 0 0 0 0 0 0 0 0 0 0 0 0 0 0 0 0 0 0 0 0 0 0 0 0 0 0 0 0 0 0 0 0 0 0 0 0 0 0 0 0 0 0]	2026-08-16_08-37-38	[2]	2026-08-16_08-37-38
9	2026-08-16_08-37-38	-0.8999999761581421	2026-08-16_08-37-38	11.368778228759766	2026-08-16_08-37-38	1.6058757305145264	2026-08-16_08-37-38	1.6105437278747559	2026-08-16_08-37-38	4.096027374267578	2026-08-16_08-37-38	4.056331634521484	2026-08-16_08-37-38	True	2026-08-16_08-37-38	[0 1 1 0 1]	2026-08-16_08-37-38	[1 0 0 1 0]	2026-08-16_08-37-38	[0 0 0 0 0 0 0 0 0 0 0 0 0 0 0 0 0 0 0 0 0 0 0 0 0 0 0 0 0 1 0 0 0 0 0 0 0 0 0 0 0 0 0 0 0 1 0 0 0 0 0 0 0 0 0 0 0 0 0 0 0 0 0 0 0 0 1 0 0 0 0 0 0]	2026-08-16_08-37-38	[0 0 0 0 0 0 0 0 0 0 0 0 0 0 0 0 0 0 0 1 0 0 0 1 0 0 0 0 0 0 0 0 0 0 0 0 0 0 0 0 0 0 0 0 0 0 0 0 0 0 0 0 0 0 0 0 0 0 0 0 0 0 0 0 0 0 0 0 0 0 0 0 0]	2026-08-16_08-37-38	[2]	2026-08-16_08-37-38	[1 1 1 0 1]	2026-08-16_08-37-38	[1 0 0 0 0]	2026-08-16_08-37-38	[0 0 0 0 0 0 0 0 0 0 0 0 0 0 0 0 0 0 0 0 0 0 0 0 0 0 0 0 0 1 0 0 0 0 0 0 0 0 0 0 0 0 0 0 0 0 0 0 0 0 0 0 0 0 0 0 0 0 0 0 0 0 0 0 0 0 1 0 0 0 0 0 0]	2026-08-16_08-37-38	[0 0 0 0 0 0 0 0 0 0 0 0 0 0 0 0 0 0 0 0 0 0 0 1 0 0 0 0 0 0 0 0 0 0 0 0 0 0 0 0 0 0 0 0 0 0 0 0 0 0 0 0 0 0 0 0 0 0 0 0 0 0 0 0 0 0 0 0 0 0 0 0 0]	2026-08-16_08-37-38	[2]	2026-08-16_08-37-38
9	2026-08-16_08-37-38	-0.8999999761581421	2026-08-16_08-37-38	11.41739273071289	2026-08-16_08-37-38	1.608048439025879	2026-08-16_08-37-38	1.5999772548675537	2026-08-16_08-37-38	4.130904197692871	2026-08-16_08-37-38	4.078463077545166	2026-08-16_08-37-38	True	2026-08-16_08-37-38	[1 1 1 0 1]	2026-08-16_08-37-38	[1 0 0 0 0]	2026-08-16_08-37-38	[0 0 0 0 0 0 0 0 0 0 0 0 0 0 0 0 0 0 0 0 0 0 0 0 0 0 0 0 0 1 0 0 0 0 0 0 0 0 0 0 0 0 0 0 0 0 0 0 0 0 0 0 0 0 0 0 0 0 0 0 0 0 0 0 0 0 1 0 0 0 0 0 0]	2026-08-16_08-37-38	[0 0 0 0 0 0 0 0 0 0 0 0 0 0 0 0 0 0 0 0 0 0 0 1 0 0 0 0 0 0 0 0 0 0 0 0 0 0 0 0 0 0 0 0 0 0 0 0 0 0 0 0 0 0 0 0 0 0 0 0 0 0 0 0 0 0 0 0 0 0 0 0 0]	2026-08-16_08-37-38	[2]	2026-08-16_08-37-38	[0 1 1 0 1]	2026-08-16_08-37-38	[0 0 0 0 0]	2026-08-16_08-37-38	[0 0 0 0 0 0 0 0 0 0 0 0 0 0 0 0 0 0 0 0 0 0 0 0 0 0 0 0 0 1 0 0 0 0 0 0 0 0 0 0 0 0 0 0 0 1 0 0 0 0 0 0 0 0 0 0 0 0 0 0 0 0 0 0 0 0 1 0 0 0 0 0 0]	2026-08-16_08-37-38	[0 0 0 0 0 0 0 0 0 0 0 0 0 0 0 0 0 0 0 0 0 0 0 0 0 0 0 0 0 0 0 0 0 0 0 0 0 0 0 0 0 0 0 0 0 0 0 0 0 0 0 0 0 0 0 0 0 0 0 0 0 0 0 0 0 0 0 0 0 0 0 0 0]	2026-08-16_08-37-38	[2]	2026-08-16_08-37-38
9	2026-08-16_08-37-38	-0.8999999761581421	2026-08-16_08-37-38	11.401697158813477	2026-08-16_08-37-38	1.6074010133743286	2026-08-16_08-37-38	1.6061136722564697	2026-08-16_08-37-38	4.118154048919678	2026-08-16_08-37-38	4.070027828216553	2026-08-16_08-37-38	True	2026-08-16_08-37-38	[0 1 1 0 1]	2026-08-16_08-37-38	[0 0 0 0 0]	2026-08-16_08-37-38	[0 0 0 0 0 0 0 0 0 0 0 0 0 0 0 0 0 0 0 0 0 0 0 0 0 0 0 0 0 1 0 0 0 0 0 0 0 0 0 0 0 0 0 0 0 1 0 0 0 0 0 0 0 0 0 0 0 0 0 0 0 0 0 0 0 0 1 0 0 0 0 0 0]	2026-08-16_08-37-38	[0 0 0 0 0 0 0 0 0 0 0 0 0 0 0 0 0 0 0 0 0 0 0 0 0 0 0 0 0 0 0 0 0 0 0 0 0 0 0 0 0 0 0 0 0 0 0 0 0 0 0 0 0 0 0 0 0 0 0 0 0 0 0 0 0 0 0 0 0 0 0 0 0]	2026-08-16_08-37-38	[2]	2026-08-16_08-37-38	[1 1 1 0 1]	2026-08-16_08-37-38	[1 0 0 0 0]	2026-08-16_08-37-38	[0 0 0 0 0 0 0 0 0 0 0 0 0 0 0 0 0 0 0 0 0 0 0 0 0 0 0 0 0 1 0 0 0 0 0 0 0 0 0 0 0 0 0 0 0 0 0 0 0 0 0 0 0 0 0 0 0 0 0 0 0 0 0 0 0 0 1 0 0 0 0 0 0]	2026-08-16_08-37-38	[0 0 0 0 0 0 0 0 0 0 0 0 0 0 0 0 0 0 0 0 0 0 0 1 0 0 0 0 0 0 0 0 0 0 0 0 0 0 0 0 0 0 0 0 0 0 0 0 0 0 0 0 0 0 0 0 0 0 0 0 0 0 0 0 0 0 0 0 0 0 0 0 0]	2026-08-16_08-37-38	[2]	2026-08-16_08-37-38
9	2026-08-16_08-37-38	-0.8999999761581421	2026-08-16_08-37-38	11.414924621582031	2026-08-16_08-37-38	1.605026364326477	2026-08-16_08-37-38	1.6007651090621948	2026-08-16_08-37-38	4.132781505584717	2026-08-16_08-37-38	4.076351642608643	2026-08-16_08-37-38	True	2026-08-16_08-37-38	[1 1 1 0 1]	2026-08-16_08-37-38	[1 0 0 0 0]	2026-08-16_08-37-38	[0 0 0 0 0 0 0 0 0 0 0 0 0 0 0 0 0 0 0 0 0 0 0 0 0 0 0 0 0 1 0 0 0 0 0 0 0 0 0 0 0 0 0 0 0 0 0 0 0 0 0 0 0 0 0 0 0 0 0 0 0 0 0 0 0 0 1 0 0 0 0 0 0]	2026-08-16_08-37-38	[0 0 0 0 0 0 0 0 0 0 0 0 0 0 0 0 0 0 0 0 0 0 0 1 0 0 0 0 0 0 0 0 0 0 0 0 0 0 0 0 0 0 0 0 0 0 0 0 0 0 0 0 0 0 0 0 0 0 0 0 0 0 0 0 0 0 0 0 0 0 0 0 0]	2026-08-16_08-37-38	[2]	2026-08-16_08-37-38	[0 1 1 0 1]	2026-08-16_08-37-38	[0 0 0 0 0]	2026-08-16_08-37-38	[0 0 0 0 0 0 0 0 0 0 0 0 0 0 0 0 0 0 0 0 0 0 0 0 0 0 0 0 0 1 0 0 0 0 0 0 0 0 0 0 0 0 0 0 0 1 0 0 0 0 0 0 0 0 0 0 0 0 0 0 0 0 0 0 0 0 1 0 0 0 0 0 0]	2026-08-16_08-37-38	[0 0 0 0 0 0 0 0 0 0 0 0 0 0 0 0 0 0 0 0 0 0 0 0 0 0 0 0 0 0 0 0 0 0 0 0 0 0 0 0 0 0 0 0 0 0 0 0 0 0 0 0 0 0 0 0 0 0 0 0 0 0 0 0 0 0 0 0 0 0 0 0 0]	2026-08-16_08-37-38	[2]	2026-08-16_08-37-38
9	2026-08-16_08-37-38	-0.8999999761581421	2026-08-16_08-37-38	11.406835556030273	2026-08-16_08-37-38	1.603456974029541	2026-08-16_08-37-38	1.6036877632141113	2026-08-16_08-37-38	4.127910614013672	2026-08-16_08-37-38	4.071779727935791	2026-08-16_08-37-38	True	2026-08-16_08-37-38	[0 1 1 0 1]	2026-08-16_08-37-38	[0 0 0 0 0]	2026-08-16_08-37-38	[0 0 0 0 0 0 0 0 0 0 0 0 0 0 0 0 0 0 0 0 0 0 0 0 0 0 0 0 0 1 0 0 0 0 0 0 0 0 0 0 0 0 0 0 0 1 0 0 0 0 0 0 0 0 0 0 0 0 0 0 0 0 0 0 0 0 1 0 0 0 0 0 0]	2026-08-16_08-37-38	[0 0 0 0 0 0 0 0 0 0 0 0 0 0 0 0 0 0 0 0 0 0 0 0 0 0 0 0 0 0 0 0 0 0 0 0 0 0 0 0 0 0 0 0 0 0 0 0 0 0 0 0 0 0 0 0 0 0 0 0 0 0 0 0 0 0 0 0 0 0 0 0 0]	2026-08-16_08-37-38	[2]	2026-08-16_08-37-38	[1 1 1 0 1]	2026-08-16_08-37-38	[1 0 0 0 0]	2026-08-16_08-37-38	[0 0 0 0 0 0 0 0 0 0 0 0 0 0 0 0 0 0 0 0 0 0 0 0 0 0 0 0 0 1 0 0 0 0 0 0 0 0 0 0 0 0 0 0 0 0 0 0 0 0 0 0 0 0 0 0 0 0 0 0 0 0 0 0 0 0 1 0 0 0 0 0 0]	2026-08-16_08-37-38	[0 0 0 0 0 0 0 0 0 0 0 0 0 0 0 0 0 0 0 0 0 0 0 1 0 0 0 0 0 0 0 0 0 0 0 0 0 0 0 0 0 0 0 0 0 0 0 0 0 0 0 0 0 0 0 0 0 0 0 0 0 0 0 0 0 0 0 0 0 0 0 0 0]	2026-08-16_08-37-38	[2]	2026-08-16_08-37-38
9	2026-08-16_08-37-38	-0.8999999761581421	2026-08-16_08-37-38	11.41050910949707	2026-08-16_08-37-38	1.6080677509307861	2026-08-16_08-37-38	1.6002264022827148	2026-08-16_08-37-38	4.127783298492432	2026-08-16_08-37-38	4.074431896209717	2026-08-16_08-37-38	True	2026-08-16_08-37-38	[1 1 1 0 1]	2026-08-16_08-37-38	[1 0 0 0 0]	2026-08-16_08-37-38	[0 0 0 0 0 0 0 0 0 0 0 0 0 0 0 0 0 0 0 0 0 0 0 0 0 0 0 0 0 1 0 0 0 0 0 0 0 0 0 0 0 0 0 0 0 0 0 0 0 0 0 0 0 0 0 0 0 0 0 0 0 0 0 0 0 0 1 0 0 0 0 0 0]	2026-08-16_08-37-38	[0 0 0 0 0 0 0 0 0 0 0 0 0 0 0 0 0 0 0 0 0 0 0 1 0 0 0 0 0 0 0 0 0 0 0 0 0 0 0 0 0 0 0 0 0 0 0 0 0 0 0 0 0 0 0 0 0 0 0 0 0 0 0 0 0 0 0 0 0 0 0 0 0]	2026-08-16_08-37-38	[2]	2026-08-16_08-37-38	[0 1 1 0 1]	2026-08-16_08-37-38	[0 0 0 0 0]	2026-08-16_08-37-38	[0 0 0 0 0 0 0 0 0 0 0 0 0 0 0 0 0 0 0 0 0 0 0 0 0 0 0 0 0 1 0 0 0 0 0 0 0 0 0 0 0 0 0 0 0 1 0 0 0 0 0 0 0 0 0 0 0 0 0 0 0 0 0 0 0 0 1 0 0 0 0 0 0]	2026-08-16_08-37-38	[0 0 0 0 0 0 0 0 0 0 0 0 0 0 0 0 0 0 0 1 0 0 0 1 0 0 0 0 0 0 0 0 0 0 0 0 0 0 0 0 0 0 0 0 0 0 0 0 0 0 0 0 0 0 0 0 0 0 0 0 0 0 0 0 0 0 0 0 0 0 0 0 0]	2026-08-16_08-37-38	[2]	2026-08-16_08-37-38
9	2026-08-16_08-37-38	-0.8999999761581421	2026-08-16_08-37-38	11.372262954711914	2026-08-16_08-37-38	1.6060903072357178	2026-08-16_08-37-38	1.6087641716003418	2026-08-16_08-37-38	4.09683895111084	2026-08-16_08-37-38	4.0605692863464355	2026-08-16_08-37-38	True	2026-08-16_08-37-38	[0 1 1 0 1]	2026-08-16_08-37-38	[0 0 0 0 0]	2026-08-16_08-37-38	[0 0 0 0 0 0 0 0 0 0 0 0 0 0 0 0 0 0 0 0 0 0 0 0 0 0 0 0 0 1 0 0 0 0 0 0 0 0 0 0 0 0 0 0 0 1 0 0 0 0 0 0 0 0 0 0 0 0 0 0 0 0 0 0 0 0 1 0 0 0 0 0 0]	2026-08-16_08-37-38	[0 0 0 0 0 0 0 0 0 0 0 0 0 0 0 0 0 0 0 1 0 0 0 1 0 0 0 0 0 0 0 0 0 0 0 0 0 0 0 0 0 0 0 0 0 0 0 0 0 0 0 0 0 0 0 0 0 0 0 0 0 0 0 0 0 0 0 0 0 0 0 0 0]	2026-08-16_08-37-38	[2]	2026-08-16_08-37-38	[1 1 1 0 1]	2026-08-16_08-37-38	[0 0 0 1 0]	2026-08-16_08-37-38	[0 0 0 0 0 0 0 0 0 0 0 0 0 0 0 0 0 0 0 0 0 0 0 0 0 0 0 0 0 1 0 0 0 0 0 0 0 0 0 0 0 0 0 0 0 0 0 0 0 0 0 0 0 0 0 0 0 0 0 0 0 0 0 0 0 0 1 0 0 0 0 0 0]	2026-08-16_08-37-38	[0 0 0 0 0 0 0 0 0 0 0 0 0 0 0 0 0 0 0 0 0 0 0 1 0 0 0 0 0 0 0 0 0 0 0 0 0 0 0 0 0 0 0 0 0 0 0 0 0 0 0 0 0 0 0 0 0 0 0 0 0 0 0 0 0 0 0 0 0 0 0 0 0]	2026-08-16_08-37-38	[2]	2026-08-16_08-37-38
9	2026-08-16_08-37-38	-0.8999999761581421	2026-08-16_08-37-38	11.393156051635742	2026-08-16_08-37-38	1.6082100868225098	2026-08-16_08-37-38	1.6072709560394287	2026-08-16_08-37-38	4.111536026000977	2026-08-16_08-37-38	4.066138744354248	2026-08-16_08-37-38	True	2026-08-16_08-37-38	[1 1 1 0 1]	2026-08-16_08-37-38	[0 0 0 1 0]	2026-08-16_08-37-38	[0 0 0 0 0 0 0 0 0 0 0 0 0 0 0 0 0 0 0 0 0 0 0 0 0 0 0 0 0 1 0 0 0 0 0 0 0 0 0 0 0 0 0 0 0 0 0 0 0 0 0 0 0 0 0 0 0 0 0 0 0 0 0 0 0 0 1 0 0 0 0 0 0]	2026-08-16_08-37-38	[0 0 0 0 0 0 0 0 0 0 0 0 0 0 0 0 0 0 0 0 0 0 0 1 0 0 0 0 0 0 0 0 0 0 0 0 0 0 0 0 0 0 0 0 0 0 0 0 0 0 0 0 0 0 0 0 0 0 0 0 0 0 0 0 0 0 0 0 0 0 0 0 0]	2026-08-16_08-37-38	[2]	2026-08-16_08-37-38	[0 1 1 0 1]	2026-08-16_08-37-38	[0 0 0 0 0]	2026-08-16_08-37-38	[0 0 0 0 0 0 0 0 0 0 0 0 0 0 0 0 0 0 0 0 0 0 0 0 0 0 0 0 0 1 0 0 0 0 0 0 0 0 0 0 0 0 0 0 0 1 0 0 0 0 0 0 0 0 0 0 0 0 0 0 0 0 0 0 0 0 1 0 0 0 0 0 0]	2026-08-16_08-37-38	[0 0 0 0 0 0 0 0 0 0 0 0 0 0 0 0 0 0 0 1 0 0 0 1 0 0 0 0 0 0 0 0 0 0 0 0 0 0 0 0 0 0 0 0 0 0 0 0 0 0 0 0 0 0 0 0 0 0 0 0 0 0 0 0 0 0 0 0 0 0 0 0 0]	2026-08-16_08-37-38	[2]	2026-08-16_08-37-38
9	2026-08-16_08-37-38	-0.8999999761581421	2026-08-16_08-37-38	11.396261215209961	2026-08-16_08-37-38	1.60409677028656	2026-08-16_08-37-38	1.6107250452041626	2026-08-16_08-37-38	4.111698150634766	2026-08-16_08-37-38	4.069741249084473	2026-08-16_08-37-38	True	2026-08-16_08-37-38	[0 1 1 0 1]	2026-08-16_08-37-38	[0 0 0 0 0]	2026-08-16_08-37-38	[0 0 0 0 0 0 0 0 0 0 0 0 0 0 0 0 0 0 0 0 0 0 0 0 0 0 0 0 0 1 0 0 0 0 0 0 0 0 0 0 0 0 0 0 0 1 0 0 0 0 0 0 0 0 0 0 0 0 0 0 0 0 0 0 0 0 1 0 0 0 0 0 0]	2026-08-16_08-37-38	[0 0 0 0 0 0 0 0 0 0 0 0 0 0 0 0 0 0 0 1 0 0 0 1 0 0 0 0 0 0 0 0 0 0 0 0 0 0 0 0 0 0 0 0 0 0 0 0 0 0 0 0 0 0 0 0 0 0 0 0 0 0 0 0 0 0 0 0 0 0 0 0 0]	2026-08-16_08-37-38	[2]	2026-08-16_08-37-38	[1 1 1 0 1]	2026-08-16_08-37-38	[0 0 0 1 0]	2026-08-16_08-37-38	[0 0 0 0 0 0 0 0 0 0 0 0 0 0 0 0 0 0 0 0 0 0 0 0 0 0 0 0 0 1 0 0 0 0 0 0 0 0 0 0 0 0 0 0 0 0 0 0 0 0 0 0 0 0 0 0 0 0 0 0 0 0 0 0 0 0 1 0 0 0 0 0 0]	2026-08-16_08-37-38	[0 0 0 0 0 0 0 0 0 0 0 0 0 0 0 0 0 0 0 0 0 0 0 1 0 0 0 0 0 0 0 0 0 0 0 0 0 0 0 0 0 0 0 0 0 0 0 0 0 0 0 0 0 0 0 0 0 0 0 0 0 0 0 0 0 0 0 0 0 0 0 0 0]	2026-08-16_08-37-38	[2]	2026-08-16_08-37-38
9	2026-08-16_08-37-38	-0.8999999761581421	2026-08-16_08-37-38	11.382688522338867	2026-08-16_08-37-38	1.609189510345459	2026-08-16_08-37-38	1.6062698364257812	2026-08-16_08-37-38	4.105399131774902	2026-08-16_08-37-38	4.061830043792725	2026-08-16_08-37-38	True	2026-08-16_08-37-38	[1 1 1 0 1]	2026-08-16_08-37-38	[0 0 0 1 0]	2026-08-16_08-37-38	[0 0 0 0 0 0 0 0 0 0 0 0 0 0 0 0 0 0 0 0 0 0 0 0 0 0 0 0 0 1 0 0 0 0 0 0 0 0 0 0 0 0 0 0 0 0 0 0 0 0 0 0 0 0 0 0 0 0 0 0 0 0 0 0 0 0 1 0 0 0 0 0 0]	2026-08-16_08-37-38	[0 0 0 0 0 0 0 0 0 0 0 0 0 0 0 0 0 0 0 0 0 0 0 1 0 0 0 0 0 0 0 0 0 0 0 0 0 0 0 0 0 0 0 0 0 0 0 0 0 0 0 0 0 0 0 0 0 0 0 0 0 0 0 0 0 0 0 0 0 0 0 0 0]	2026-08-16_08-37-38	[2]	2026-08-16_08-37-38	[0 1 1 0 1]	2026-08-16_08-37-38	[0 0 0 0 0]	2026-08-16_08-37-38	[0 0 0 0 0 0 0 0 0 0 0 0 0 0 0 0 0 0 0 0 0 0 0 0 0 0 0 0 0 1 0 0 0 0 0 0 0 0 0 0 0 0 0 0 0 1 0 0 0 0 0 0 0 0 0 0 0 0 0 0 0 0 0 0 0 0 1 0 0 0 0 0 0]	2026-08-16_08-37-38	[0 0 0 0 0 0 0 0 0 0 0 0 0 0 0 0 0 0 0 1 0 0 0 1 0 0 0 0 0 0 0 0 0 0 0 0 0 0 0 0 0 0 0 0 0 0 0 0 0 0 0 0 0 0 0 0 0 0 0 0 0 0 0 0 0 0 0 0 0 0 0 0 0]	2026-08-16_08-37-38	[2]	2026-08-16_08-37-38
9	2026-08-16_08-37-38	-0.8999999761581421	2026-08-16_08-37-38	11.390790939331055	2026-08-16_08-37-38	1.6067591905593872	2026-08-16_08-37-38	1.607053518295288	2026-08-16_08-37-38	4.108798980712891	2026-08-16_08-37-38	4.068179607391357	2026-08-16_08-37-38	True	2026-08-16_08-37-38	[0 1 1 0 1]	2026-08-16_08-37-38	[0 0 0 0 0]	2026-08-16_08-37-38	[0 0 0 0 0 0 0 0 0 0 0 0 0 0 0 0 0 0 0 0 0 0 0 0 0 0 0 0 0 1 0 0 0 0 0 0 0 0 0 0 0 0 0 0 0 1 0 0 0 0 0 0 0 0 0 0 0 0 0 0 0 0 0 0 0 0 1 0 0 0 0 0 0]	2026-08-16_08-37-38	[0 0 0 0 0 0 0 0 0 0 0 0 0 0 0 0 0 0 0 1 0 0 0 1 0 0 0 0 0 0 0 0 0 0 0 0 0 0 0 0 0 0 0 0 0 0 0 0 0 0 0 0 0 0 0 0 0 0 0 0 0 0 0 0 0 0 0 0 0 0 0 0 0]	2026-08-16_08-37-38	[2]	2026-08-16_08-37-38	[1 1 1 0 1]	2026-08-16_08-37-38	[0 0 0 1 0]	2026-08-16_08-37-38	[0 0 0 0 0 0 0 0 0 0 0 0 0 0 0 0 0 0 0 0 0 0 0 0 0 0 0 0 0 1 0 0 0 0 0 0 0 0 0 0 0 0 0 0 0 0 0 0 0 0 0 0 0 0 0 0 0 0 0 0 0 0 0 0 0 0 1 0 0 0 0 0 0]	2026-08-16_08-37-38	[0 0 0 0 0 0 0 0 0 0 0 0 0 0 0 0 0 0 0 0 0 0 0 1 0 0 0 0 0 0 0 0 0 0 0 0 0 0 0 0 0 0 0 0 0 0 0 0 0 0 0 0 0 0 0 0 0 0 0 0 0 0 0 0 0 0 0 0 0 0 0 0 0]	2026-08-16_08-37-38	[2]	2026-08-16_08-37-38
9	2026-08-16_08-37-38	-0.8999999761581421	2026-08-16_08-37-38	11.407209396362305	2026-08-16_08-37-38	1.607702374458313	2026-08-16_08-37-38	1.6058902740478516	2026-08-16_08-37-38	4.120396614074707	2026-08-16_08-37-38	4.073220729827881	2026-08-16_08-37-38	True	2026-08-16_08-37-38	[1 1 1 0 1]	2026-08-16_08-37-38	[0 0 0 1 0]	2026-08-16_08-37-38	[0 0 0 0 0 0 0 0 0 0 0 0 0 0 0 0 0 0 0 0 0 0 0 0 0 0 0 0 0 1 0 0 0 0 0 0 0 0 0 0 0 0 0 0 0 0 0 0 0 0 0 0 0 0 0 0 0 0 0 0 0 0 0 0 0 0 1 0 0 0 0 0 0]	2026-08-16_08-37-38	[0 0 0 0 0 0 0 0 0 0 0 0 0 0 0 0 0 0 0 0 0 0 0 1 0 0 0 0 0 0 0 0 0 0 0 0 0 0 0 0 0 0 0 0 0 0 0 0 0 0 0 0 0 0 0 0 0 0 0 0 0 0 0 0 0 0 0 0 0 0 0 0 0]	2026-08-16_08-37-38	[2]	2026-08-16_08-37-38	[0 1 1 0 1]	2026-08-16_08-37-38	[0 0 0 0 0]	2026-08-16_08-37-38	[0 0 0 0 0 0 0 0 0 0 0 0 0 0 0 0 0 0 0 0 0 0 0 0 0 0 0 0 0 1 0 0 0 0 0 0 0 0 0 0 0 0 0 0 0 1 0 0 0 0 0 0 0 0 0 0 0 0 0 0 0 0 0 0 0 0 1 0 0 0 0 0 0]	2026-08-16_08-37-38	[0 0 0 0 0 0 0 0 0 0 0 0 0 0 0 0 0 0 0 1 0 0 0 1 0 0 0 0 0 0 0 0 0 0 0 0 0 0 0 0 0 0 0 0 0 0 0 0 0 0 0 0 0 0 0 0 0 0 0 0 0 0 0 0 0 0 0 0 0 0 0 0 0]	2026-08-16_08-37-38	[2]	2026-08-16_08-37-38
9	2026-08-16_08-37-38	-0.8999999761581421	2026-08-16_08-37-38	11.392770767211914	2026-08-16_08-37-38	1.6039588451385498	2026-08-16_08-37-38	1.610369086265564	2026-08-16_08-37-38	4.110882759094238	2026-08-16_08-37-38	4.067560195922852	2026-08-16_08-37-38	True	2026-08-16_08-37-38	[0 1 1 0 1]	2026-08-16_08-37-38	[0 0 0 0 0]	2026-08-16_08-37-38	[0 0 0 0 0 0 0 0 0 0 0 0 0 0 0 0 0 0 0 0 0 0 0 0 0 0 0 0 0 1 0 0 0 0 0 0 0 0 0 0 0 0 0 0 0 1 0 0 0 0 0 0 0 0 0 0 0 0 0 0 0 0 0 0 0 0 1 0 0 0 0 0 0]	2026-08-16_08-37-38	[0 0 0 0 0 0 0 0 0 0 0 0 0 0 0 0 0 0 0 1 0 0 0 1 0 0 0 0 0 0 0 0 0 0 0 0 0 0 0 0 0 0 0 0 0 0 0 0 0 0 0 0 0 0 0 0 0 0 0 0 0 0 0 0 0 0 0 0 0 0 0 0 0]	2026-08-16_08-37-38	[2]	2026-08-16_08-37-38	[1 1 1 0 1]	2026-08-16_08-37-38	[0 0 0 1 0]	2026-08-16_08-37-38	[0 0 0 0 0 0 0 0 0 0 0 0 0 0 0 0 0 0 0 0 0 0 0 0 0 0 0 0 0 1 0 0 0 0 0 0 0 0 0 0 0 0 0 0 0 0 0 0 0 0 0 0 0 0 0 0 0 0 0 0 0 0 0 0 0 0 1 0 0 0 0 0 0]	2026-08-16_08-37-38	[0 0 0 0 0 0 0 0 0 0 0 0 0 0 0 0 0 0 0 1 0 0 0 0 0 0 0 0 0 0 0 0 0 0 0 0 0 0 0 0 0 0 0 0 0 0 0 0 0 0 0 0 0 0 0 0 0 0 0 0 0 0 0 0 0 0 0 0 0 0 0 0 0]	2026-08-16_08-37-38	[2]	2026-08-16_08-37-38
9	2026-08-16_08-37-38	-0.8999999761581421	2026-08-16_08-37-38	11.372421264648438	2026-08-16_08-37-38	1.6036275625228882	2026-08-16_08-37-38	1.6100648641586304	2026-08-16_08-37-38	4.098533630371094	2026-08-16_08-37-38	4.060194492340088	2026-08-16_08-37-38	True	2026-08-16_08-37-38	[1 1 1 0 1]	2026-08-16_08-37-38	[0 0 0 1 0]	2026-08-16_08-37-38	[0 0 0 0 0 0 0 0 0 0 0 0 0 0 0 0 0 0 0 0 0 0 0 0 0 0 0 0 0 1 0 0 0 0 0 0 0 0 0 0 0 0 0 0 0 0 0 0 0 0 0 0 0 0 0 0 0 0 0 0 0 0 0 0 0 0 1 0 0 0 0 0 0]	2026-08-16_08-37-38	[0 0 0 0 0 0 0 0 0 0 0 0 0 0 0 0 0 0 0 1 0 0 0 0 0 0 0 0 0 0 0 0 0 0 0 0 0 0 0 0 0 0 0 0 0 0 0 0 0 0 0 0 0 0 0 0 0 0 0 0 0 0 0 0 0 0 0 0 0 0 0 0 0]	2026-08-16_08-37-38	[2]	2026-08-16_08-37-38	[0 1 1 0 1]	2026-08-16_08-37-38	[0 0 0 0 0]	2026-08-16_08-37-38	[0 0 0 0 0 0 0 0 0 0 0 0 0 0 0 0 0 0 0 0 0 0 0 0 0 0 0 0 0 1 0 0 0 0 0 0 0 0 0 0 0 0 0 0 0 1 0 0 0 0 0 0 0 0 0 0 0 0 0 0 0 0 0 0 0 0 1 0 0 0 0 0 0]	2026-08-16_08-37-38	[0 0 0 0 0 0 0 0 0 0 0 0 0 0 0 0 0 0 0 0 0 0 0 0 0 0 0 0 0 0 0 0 0 0 0 0 0 0 0 0 0 0 0 0 0 0 0 0 0 0 0 0 0 0 0 0 0 0 0 0 0 0 0 0 0 0 0 0 0 0 0 0 0]	2026-08-16_08-37-38	[2]	2026-08-16_08-37-38
9	2026-08-16_08-37-38	-0.8999999761581421	2026-08-16_08-37-38	11.413867950439453	2026-08-16_08-37-38	1.6074349880218506	2026-08-16_08-37-38	1.5993348360061646	2026-08-16_08-37-38	4.13137149810791	2026-08-16_08-37-38	4.07572603225708	2026-08-16_08-37-38	True	2026-08-16_08-37-38	[0 1 1 0 1]	2026-08-16_08-37-38	[0 0 0 0 0]	2026-08-16_08-37-38	[0 0 0 0 0 0 0 0 0 0 0 0 0 0 0 0 0 0 0 0 0 0 0 0 0 0 0 0 0 1 0 0 0 0 0 0 0 0 0 0 0 0 0 0 0 1 0 0 0 0 0 0 0 0 0 0 0 0 0 0 0 0 0 0 0 0 1 0 0 0 0 0 0]	2026-08-16_08-37-38	[0 0 0 0 0 0 0 0 0 0 0 0 0 0 0 0 0 0 0 0 0 0 0 0 0 0 0 0 0 0 0 0 0 0 0 0 0 0 0 0 0 0 0 0 0 0 0 0 0 0 0 0 0 0 0 0 0 0 0 0 0 0 0 0 0 0 0 0 0 0 0 0 0]	2026-08-16_08-37-38	[2]	2026-08-16_08-37-38	[1 1 1 0 1]	2026-08-16_08-37-38	[1 0 0 0 0]	2026-08-16_08-37-38	[0 0 0 0 0 0 0 0 0 0 0 0 0 0 0 0 0 0 0 0 0 0 0 0 0 0 0 0 0 1 0 0 0 0 0 0 0 0 0 0 0 0 0 0 0 0 0 0 0 0 0 0 0 0 0 0 0 0 0 0 0 0 0 0 0 0 1 0 0 0 0 0 0]	2026-08-16_08-37-38	[0 0 0 0 0 0 0 0 0 0 0 0 0 0 0 0 0 0 0 0 0 0 0 1 0 0 0 0 0 0 0 0 0 0 0 0 0 0 0 0 0 0 0 0 0 0 0 0 0 0 0 0 0 0 0 0 0 0 0 0 0 0 0 0 0 0 0 0 0 0 0 0 0]	2026-08-16_08-37-38	[2]	2026-08-16_08-37-38
9	2026-08-16_08-37-39	-0.8999999761581421	2026-08-16_08-37-39	11.418619155883789	2026-08-16_08-37-39	1.607063889503479	2026-08-16_08-37-39	1.5988233089447021	2026-08-16_08-37-39	4.1338067054748535	2026-08-16_08-37-39	4.078925132751465	2026-08-16_08-37-39	True	2026-08-16_08-37-39	[1 1 1 0 1]	2026-08-16_08-37-39	[1 0 0 0 0]	2026-08-16_08-37-39	[0 0 0 0 0 0 0 0 0 0 0 0 0 0 0 0 0 0 0 0 0 0 0 0 0 0 0 0 0 1 0 0 0 0 0 0 0 0 0 0 0 0 0 0 0 0 0 0 0 0 0 0 0 0 0 0 0 0 0 0 0 0 0 0 0 0 1 0 0 0 0 0 0]	2026-08-16_08-37-39	[0 0 0 0 0 0 0 0 0 0 0 0 0 0 0 0 0 0 0 0 0 0 0 1 0 0 0 0 0 0 0 0 0 0 0 0 0 0 0 0 0 0 0 0 0 0 0 0 0 0 0 0 0 0 0 0 0 0 0 0 0 0 0 0 0 0 0 0 0 0 0 0 0]	2026-08-16_08-37-39	[2]	2026-08-16_08-37-39	[0 1 1 0 1]	2026-08-16_08-37-39	[0 0 0 0 0]	2026-08-16_08-37-39	[0 0 0 0 0 0 0 0 0 0 0 0 0 0 0 0 0 0 0 0 0 0 0 0 0 0 0 0 0 1 0 0 0 0 0 0 0 0 0 0 0 0 0 0 0 1 0 0 0 0 0 0 0 0 0 0 0 0 0 0 0 0 0 0 0 0 1 0 0 0 0 0 0]	2026-08-16_08-37-39	[0 0 0 0 0 0 0 0 0 0 0 0 0 0 0 0 0 0 0 1 0 0 0 1 0 0 0 0 0 0 0 0 0 0 0 0 0 0 0 0 0 0 0 0 0 0 0 0 0 0 0 0 0 0 0 0 0 0 0 0 0 0 0 0 0 0 0 0 0 0 0 0 0]	2026-08-16_08-37-39	[2]	2026-08-16_08-37-39
9	2026-08-16_08-37-39	-0.8999999761581421	2026-08-16_08-37-39	11.375242233276367	2026-08-16_08-37-39	1.602997899055481	2026-08-16_08-37-39	1.6111407279968262	2026-08-16_08-37-39	4.098614692687988	2026-08-16_08-37-39	4.0624895095825195	2026-08-16_08-37-39	True	2026-08-16_08-37-39	[0 1 1 0 1]	2026-08-16_08-37-39	[0 0 0 0 0]	2026-08-16_08-37-39	[0 0 0 0 0 0 0 0 0 0 0 0 0 0 0 0 0 0 0 0 0 0 0 0 0 0 0 0 0 1 0 0 0 0 0 0 0 0 0 0 0 0 0 0 0 1 0 0 0 0 0 0 0 0 0 0 0 0 0 0 0 0 0 0 0 0 1 0 0 0 0 0 0]	2026-08-16_08-37-39	[0 0 0 0 0 0 0 0 0 0 0 0 0 0 0 0 0 0 0 1 0 0 0 1 0 0 0 0 0 0 0 0 0 0 0 0 0 0 0 0 0 0 0 0 0 0 0 0 0 0 0 0 0 0 0 0 0 0 0 0 0 0 0 0 0 0 0 0 0 0 0 0 0]	2026-08-16_08-37-39	[2]	2026-08-16_08-37-39	[1 1 1 0 1]	2026-08-16_08-37-39	[0 0 0 1 0]	2026-08-16_08-37-39	[0 0 0 0 0 0 0 0 0 0 0 0 0 0 0 0 0 0 0 0 0 0 0 0 0 0 0 0 0 1 0 0 0 0 0 0 0 0 0 0 0 0 0 0 0 0 0 0 0 0 0 0 0 0 0 0 0 0 0 0 0 0 0 0 0 0 1 0 0 0 0 0 0]	2026-08-16_08-37-39	[0 0 0 0 0 0 0 0 0 0 0 0 0 0 0 0 0 0 0 1 0 0 0 0 0 0 0 0 0 0 0 0 0 0 0 0 0 0 0 0 0 0 0 0 0 0 0 0 0 0 0 0 0 0 0 0 0 0 0 0 0 0 0 0 0 0 0 0 0 0 0 0 0]	2026-08-16_08-37-39	[2]	2026-08-16_08-37-39
9	2026-08-16_08-37-39	-0.8999999761581421	2026-08-16_08-37-39	11.371506690979004	2026-08-16_08-37-39	1.6069107055664062	2026-08-16_08-37-39	1.6086368560791016	2026-08-16_08-37-39	4.097166061401367	2026-08-16_08-37-39	4.058793067932129	2026-08-16_08-37-39	True	2026-08-16_08-37-39	[1 1 1 0 1]	2026-08-16_08-37-39	[0 0 0 1 0]	2026-08-16_08-37-39	[0 0 0 0 0 0 0 0 0 0 0 0 0 0 0 0 0 0 0 0 0 0 0 0 0 0 0 0 0 1 0 0 0 0 0 0 0 0 0 0 0 0 0 0 0 0 0 0 0 0 0 0 0 0 0 0 0 0 0 0 0 0 0 0 0 0 1 0 0 0 0 0 0]	2026-08-16_08-37-39	[0 0 0 0 0 0 0 0 0 0 0 0 0 0 0 0 0 0 0 1 0 0 0 0 0 0 0 0 0 0 0 0 0 0 0 0 0 0 0 0 0 0 0 0 0 0 0 0 0 0 0 0 0 0 0 0 0 0 0 0 0 0 0 0 0 0 0 0 0 0 0 0 0]	2026-08-16_08-37-39	[2]	2026-08-16_08-37-39	[0 1 1 0 1]	2026-08-16_08-37-39	[0 0 0 0 0]	2026-08-16_08-37-39	[0 0 0 0 0 0 0 0 0 0 0 0 0 0 0 0 0 0 0 0 0 0 0 0 0 0 0 0 0 1 0 0 0 0 0 0 0 0 0 0 0 0 0 0 0 1 0 0 0 0 0 0 0 0 0 0 0 0 0 0 0 0 0 0 0 0 1 0 0 0 0 0 0]	2026-08-16_08-37-39	[0 0 0 0 0 0 0 0 0 0 0 0 0 0 0 0 0 0 0 0 0 0 0 0 0 0 0 0 0 0 0 0 0 0 0 0 0 0 0 0 0 0 0 0 0 0 0 0 0 0 0 0 0 0 0 0 0 0 0 0 0 0 0 0 0 0 0 0 0 0 0 0 0]	2026-08-16_08-37-39	[2]	2026-08-16_08-37-39
9	2026-08-16_08-37-39	-0.8999999761581421	2026-08-16_08-37-39	11.424213409423828	2026-08-16_08-37-39	1.6074438095092773	2026-08-16_08-37-39	1.6018656492233276	2026-08-16_08-37-39	4.1359782218933105	2026-08-16_08-37-39	4.078926086425781	2026-08-16_08-37-39	True	2026-08-16_08-37-39	[0 1 1 0 1]	2026-08-16_08-37-39	[0 0 0 0 0]	2026-08-16_08-37-39	[0 0 0 0 0 0 0 0 0 0 0 0 0 0 0 0 0 0 0 0 0 0 0 0 0 0 0 0 0 1 0 0 0 0 0 0 0 0 0 0 0 0 0 0 0 1 0 0 0 0 0 0 0 0 0 0 0 0 0 0 0 0 0 0 0 0 1 0 0 0 0 0 0]	2026-08-16_08-37-39	[0 0 0 0 0 0 0 0 0 0 0 0 0 0 0 0 0 0 0 0 0 0 0 0 0 0 0 0 0 0 0 0 0 0 0 0 0 0 0 0 0 0 0 0 0 0 0 0 0 0 0 0 0 0 0 0 0 0 0 0 0 0 0 0 0 0 0 0 0 0 0 0 0]	2026-08-16_08-37-39	[2]	2026-08-16_08-37-39	[1 1 1 0 1]	2026-08-16_08-37-39	[1 0 0 0 0]	2026-08-16_08-37-39	[0 0 0 0 0 0 0 0 0 0 0 0 0 0 0 0 0 0 0 0 0 0 0 0 0 0 0 0 0 1 0 0 0 0 0 0 0 0 0 0 0 0 0 0 0 0 0 0 0 0 0 0 0 0 0 0 0 0 0 0 0 0 0 0 0 0 1 0 0 0 0 0 0]	2026-08-16_08-37-39	[0 0 0 0 0 0 0 0 0 0 0 0 0 0 0 0 0 0 0 1 0 0 0 0 0 0 0 0 0 0 0 0 0 0 0 0 0 0 0 0 0 0 0 0 0 0 0 0 0 0 0 0 0 0 0 0 0 0 0 0 0 0 0 0 0 0 0 0 0 0 0 0 0]	2026-08-16_08-37-39	[2]	2026-08-16_08-37-39
9	2026-08-16_08-37-39	-0.8999999761581421	2026-08-16_08-37-39	11.356878280639648	2026-08-16_08-37-39	1.6027963161468506	2026-08-16_08-37-39	1.6106326580047607	2026-08-16_08-37-39	4.089274883270264	2026-08-16_08-37-39	4.054173946380615	2026-08-16_08-37-39	True	2026-08-16_08-37-39	[1 1 1 0 1]	2026-08-16_08-37-39	[1 0 0 0 0]	2026-08-16_08-37-39	[0 0 0 0 0 0 0 0 0 0 0 0 0 0 0 0 0 0 0 0 0 0 0 0 0 0 0 0 0 1 0 0 0 0 0 0 0 0 0 0 0 0 0 0 0 0 0 0 0 0 0 0 0 0 0 0 0 0 0 0 0 0 0 0 0 0 1 0 0 0 0 0 0]	2026-08-16_08-37-39	[0 0 0 0 0 0 0 0 0 0 0 0 0 0 0 0 0 0 0 1 0 0 0 0 0 0 0 0 0 0 0 0 0 0 0 0 0 0 0 0 0 0 0 0 0 0 0 0 0 0 0 0 0 0 0 0 0 0 0 0 0 0 0 0 0 0 0 0 0 0 0 0 0]	2026-08-16_08-37-39	[2]	2026-08-16_08-37-39	[1 1 1 0 0]	2026-08-16_08-37-39	[1 0 0 1 0]	2026-08-16_08-37-39	[0 0 0 0 0 0 0 0 0 0 0 0 0 0 0 0 0 0 0 0 0 0 0 0 0 0 0 0 0 1 0 0 0 0 0 0 0 0 0 0 0 0 0 0 0 1 0 0 0 0 0 0 0 0 0 0 0 0 0 0 0 0 0 0 0 0 1 0 0 0 0 0 0]	2026-08-16_08-37-39	[0 0 0 0 0 0 0 0 0 0 0 0 0 0 0 0 0 0 0 1 0 0 0 1 0 0 0 0 0 0 0 0 0 0 0 0 0 0 0 0 0 0 0 0 0 0 0 0 0 0 0 0 0 0 0 0 0 0 0 0 0 0 0 0 0 0 0 0 0 0 0 0 0]	2026-08-16_08-37-39	[2]	2026-08-16_08-37-39
9	2026-08-16_08-37-39	-0.8999999761581421	2026-08-16_08-37-39	11.362688064575195	2026-08-16_08-37-39	1.606252908706665	2026-08-16_08-37-39	1.6099574565887451	2026-08-16_08-37-39	4.091794967651367	2026-08-16_08-37-39	4.054682731628418	2026-08-16_08-37-39	True	2026-08-16_08-37-39	[1 1 1 0 0]	2026-08-16_08-37-39	[1 0 0 1 0]	2026-08-16_08-37-39	[0 0 0 0 0 0 0 0 0 0 0 0 0 0 0 0 0 0 0 0 0 0 0 0 0 0 0 0 0 1 0 0 0 0 0 0 0 0 0 0 0 0 0 0 0 1 0 0 0 0 0 0 0 0 0 0 0 0 0 0 0 0 0 0 0 0 1 0 0 0 0 0 0]	2026-08-16_08-37-39	[0 0 0 0 0 0 0 0 0 0 0 0 0 0 0 0 0 0 0 1 0 0 0 1 0 0 0 0 0 0 0 0 0 0 0 0 0 0 0 0 0 0 0 0 0 0 0 0 0 0 0 0 0 0 0 0 0 0 0 0 0 0 0 0 0 0 0 0 0 0 0 0 0]	2026-08-16_08-37-39	[2]	2026-08-16_08-37-39	[0 1 1 0 0]	2026-08-16_08-37-39	[1 0 0 0 0]	2026-08-16_08-37-39	[0 0 0 0 0 0 0 0 0 0 0 0 0 0 0 0 0 0 0 0 0 0 0 0 0 0 0 0 0 1 0 0 0 0 0 0 0 0 0 0 0 0 0 0 0 0 0 0 0 0 0 0 0 0 0 0 0 0 0 0 0 0 0 0 0 0 1 0 0 0 0 0 0]	2026-08-16_08-37-39	[0 0 0 0 0 0 0 0 0 0 0 0 0 0 0 0 0 0 0 0 0 0 0 1 0 0 0 0 0 0 0 0 0 0 0 0 0 0 0 0 0 0 0 0 0 0 0 0 0 0 0 0 0 0 0 0 0 0 0 0 0 0 0 0 0 0 0 0 0 0 0 0 0]	2026-08-16_08-37-39	[2]	2026-08-16_08-37-39
9	2026-08-16_08-37-39	-0.8999999761581421	2026-08-16_08-37-39	11.428606033325195	2026-08-16_08-37-39	1.607337474822998	2026-08-16_08-37-39	1.6022696495056152	2026-08-16_08-37-39	4.137193202972412	2026-08-16_08-37-39	4.081805229187012	2026-08-16_08-37-39	True	2026-08-16_08-37-39	[0 1 1 0 0]	2026-08-16_08-37-39	[1 0 0 0 0]	2026-08-16_08-37-39	[0 0 0 0 0 0 0 0 0 0 0 0 0 0 0 0 0 0 0 0 0 0 0 0 0 0 0 0 0 1 0 0 0 0 0 0 0 0 0 0 0 0 0 0 0 0 0 0 0 0 0 0 0 0 0 0 0 0 0 0 0 0 0 0 0 0 1 0 0 0 0 0 0]	2026-08-16_08-37-39	[0 0 0 0 0 0 0 0 0 0 0 0 0 0 0 0 0 0 0 0 0 0 0 1 0 0 0 0 0 0 0 0 0 0 0 0 0 0 0 0 0 0 0 0 0 0 0 0 0 0 0 0 0 0 0 0 0 0 0 0 0 0 0 0 0 0 0 0 0 0 0 0 0]	2026-08-16_08-37-39	[2]	2026-08-16_08-37-39	[1 1 1 0 0]	2026-08-16_08-37-39	[0 0 0 0 0]	2026-08-16_08-37-39	[0 0 0 0 0 0 0 0 0 0 0 0 0 0 0 0 0 0 0 0 0 0 0 0 0 0 0 0 0 1 0 0 0 0 0 0 0 0 0 0 0 0 0 0 0 1 0 0 0 0 0 0 0 0 0 0 0 0 0 0 0 0 0 0 0 0 1 0 0 0 0 0 0]	2026-08-16_08-37-39	[0 0 0 0 0 0 0 0 0 0 0 0 0 0 0 0 0 0 0 0 0 0 0 0 0 0 0 0 0 0 0 0 0 0 0 0 0 0 0 0 0 0 0 0 0 0 0 0 0 0 0 0 0 0 0 0 0 0 0 0 0 0 0 0 0 0 0 0 0 0 0 0 0]	2026-08-16_08-37-39	[2]	2026-08-16_08-37-39
9	2026-08-16_08-37-39	-0.8999999761581421	2026-08-16_08-37-39	11.422321319580078	2026-08-16_08-37-39	1.6079754829406738	2026-08-16_08-37-39	1.6020159721374512	2026-08-16_08-37-39	4.1326799392700195	2026-08-16_08-37-39	4.079649925231934	2026-08-16_08-37-39	True	2026-08-16_08-37-39	[1 1 1 0 0]	2026-08-16_08-37-39	[0 0 0 0 0]	2026-08-16_08-37-39	[0 0 0 0 0 0 0 0 0 0 0 0 0 0 0 0 0 0 0 0 0 0 0 0 0 0 0 0 0 1 0 0 0 0 0 0 0 0 0 0 0 0 0 0 0 1 0 0 0 0 0 0 0 0 0 0 0 0 0 0 0 0 0 0 0 0 1 0 0 0 0 0 0]	2026-08-16_08-37-39	[0 0 0 0 0 0 0 0 0 0 0 0 0 0 0 0 0 0 0 0 0 0 0 0 0 0 0 0 0 0 0 0 0 0 0 0 0 0 0 0 0 0 0 0 0 0 0 0 0 0 0 0 0 0 0 0 0 0 0 0 0 0 0 0 0 0 0 0 0 0 0 0 0]	2026-08-16_08-37-39	[2]	2026-08-16_08-37-39	[0 1 1 0 0]	2026-08-16_08-37-39	[1 0 0 0 0]	2026-08-16_08-37-39	[0 0 0 0 0 0 0 0 0 0 0 0 0 0 0 0 0 0 0 0 0 0 0 0 0 0 0 0 0 1 0 0 0 0 0 0 0 0 0 0 0 0 0 0 0 0 0 0 0 0 0 0 0 0 0 0 0 0 0 0 0 0 0 0 0 0 1 0 0 0 0 0 0]	2026-08-16_08-37-39	[0 0 0 0 0 0 0 0 0 0 0 0 0 0 0 0 0 0 0 1 0 0 0 0 0 0 0 0 0 0 0 0 0 0 0 0 0 0 0 0 0 0 0 0 0 0 0 0 0 0 0 0 0 0 0 0 0 0 0 0 0 0 0 0 0 0 0 0 0 0 0 0 0]	2026-08-16_08-37-39	[2]	2026-08-16_08-37-39
9	2026-08-16_08-37-39	-0.8999999761581421	2026-08-16_08-37-39	11.370427131652832	2026-08-16_08-37-39	1.6016103029251099	2026-08-16_08-37-39	1.6126692295074463	2026-08-16_08-37-39	4.096277713775635	2026-08-16_08-37-39	4.059869766235352	2026-08-16_08-37-39	True	2026-08-16_08-37-39	[0 1 1 0 0]	2026-08-16_08-37-39	[1 0 0 0 0]	2026-08-16_08-37-39	[0 0 0 0 0 0 0 0 0 0 0 0 0 0 0 0 0 0 0 0 0 0 0 0 0 0 0 0 0 1 0 0 0 0 0 0 0 0 0 0 0 0 0 0 0 0 0 0 0 0 0 0 0 0 0 0 0 0 0 0 0 0 0 0 0 0 1 0 0 0 0 0 0]	2026-08-16_08-37-39	[0 0 0 0 0 0 0 0 0 0 0 0 0 0 0 0 0 0 0 1 0 0 0 0 0 0 0 0 0 0 0 0 0 0 0 0 0 0 0 0 0 0 0 0 0 0 0 0 0 0 0 0 0 0 0 0 0 0 0 0 0 0 0 0 0 0 0 0 0 0 0 0 0]	2026-08-16_08-37-39	[2]	2026-08-16_08-37-39	[1 1 1 0 0]	2026-08-16_08-37-39	[1 0 0 1 0]	2026-08-16_08-37-39	[0 0 0 0 0 0 0 0 0 0 0 0 0 0 0 0 0 0 0 0 0 0 0 0 0 0 0 0 0 1 0 0 0 0 0 0 0 0 0 0 0 0 0 0 0 1 0 0 0 0 0 0 0 0 0 0 0 0 0 0 0 0 0 0 0 0 1 0 0 0 0 0 0]	2026-08-16_08-37-39	[0 0 0 0 0 0 0 0 0 0 0 0 0 0 0 0 0 0 0 1 0 0 0 1 0 0 0 0 0 0 0 0 0 0 0 0 0 0 0 0 0 0 0 0 0 0 0 0 0 0 0 0 0 0 0 0 0 0 0 0 0 0 0 0 0 0 0 0 0 0 0 0 0]	2026-08-16_08-37-39	[2]	2026-08-16_08-37-39
9	2026-08-16_08-37-39	-0.8999999761581421	2026-08-16_08-37-39	11.362736701965332	2026-08-16_08-37-39	1.6063179969787598	2026-08-16_08-37-39	1.6072685718536377	2026-08-16_08-37-39	4.092346668243408	2026-08-16_08-37-39	4.0568037033081055	2026-08-16_08-37-39	True	2026-08-16_08-37-39	[1 1 1 0 0]	2026-08-16_08-37-39	[1 0 0 1 0]	2026-08-16_08-37-39	[0 0 0 0 0 0 0 0 0 0 0 0 0 0 0 0 0 0 0 0 0 0 0 0 0 0 0 0 0 1 0 0 0 0 0 0 0 0 0 0 0 0 0 0 0 1 0 0 0 0 0 0 0 0 0 0 0 0 0 0 0 0 0 0 0 0 1 0 0 0 0 0 0]	2026-08-16_08-37-39	[0 0 0 0 0 0 0 0 0 0 0 0 0 0 0 0 0 0 0 1 0 0 0 1 0 0 0 0 0 0 0 0 0 0 0 0 0 0 0 0 0 0 0 0 0 0 0 0 0 0 0 0 0 0 0 0 0 0 0 0 0 0 0 0 0 0 0 0 0 0 0 0 0]	2026-08-16_08-37-39	[2]	2026-08-16_08-37-39	[0 1 1 0 0]	2026-08-16_08-37-39	[1 0 0 0 0]	2026-08-16_08-37-39	[0 0 0 0 0 0 0 0 0 0 0 0 0 0 0 0 0 0 0 0 0 0 0 0 0 0 0 0 0 1 0 0 0 0 0 0 0 0 0 0 0 0 0 0 0 0 0 0 0 0 0 0 0 0 0 0 0 0 0 0 0 0 0 0 0 0 1 0 0 0 0 0 0]	2026-08-16_08-37-39	[0 0 0 0 0 0 0 0 0 0 0 0 0 0 0 0 0 0 0 0 0 0 0 1 0 0 0 0 0 0 0 0 0 0 0 0 0 0 0 0 0 0 0 0 0 0 0 0 0 0 0 0 0 0 0 0 0 0 0 0 0 0 0 0 0 0 0 0 0 0 0 0 0]	2026-08-16_08-37-39	[2]	2026-08-16_08-37-39
9	2026-08-16_08-37-39	-0.8999999761581421	2026-08-16_08-37-39	11.401354789733887	2026-08-16_08-37-39	1.6033002138137817	2026-08-16_08-37-39	1.6042065620422363	2026-08-16_08-37-39	4.124411106109619	2026-08-16_08-37-39	4.069437026977539	2026-08-16_08-37-39	True	2026-08-16_08-37-39	[0 1 1 0 0]	2026-08-16_08-37-39	[1 0 0 0 0]	2026-08-16_08-37-39	[0 0 0 0 0 0 0 0 0 0 0 0 0 0 0 0 0 0 0 0 0 0 0 0 0 0 0 0 0 1 0 0 0 0 0 0 0 0 0 0 0 0 0 0 0 0 0 0 0 0 0 0 0 0 0 0 0 0 0 0 0 0 0 0 0 0 1 0 0 0 0 0 0]	2026-08-16_08-37-39	[0 0 0 0 0 0 0 0 0 0 0 0 0 0 0 0 0 0 0 0 0 0 0 1 0 0 0 0 0 0 0 0 0 0 0 0 0 0 0 0 0 0 0 0 0 0 0 0 0 0 0 0 0 0 0 0 0 0 0 0 0 0 0 0 0 0 0 0 0 0 0 0 0]	2026-08-16_08-37-39	[2]	2026-08-16_08-37-39	[0 1 1 0 1]	2026-08-16_08-37-39	[0 0 0 0 0]	2026-08-16_08-37-39	[0 0 0 0 0 0 0 0 0 0 0 0 0 0 0 0 0 0 0 0 0 0 0 0 0 0 0 0 0 1 0 0 0 0 0 0 0 0 0 0 0 0 0 0 0 1 0 0 0 0 0 0 0 0 0 0 0 0 0 0 0 0 0 0 0 0 1 0 0 0 0 0 0]	2026-08-16_08-37-39	[0 0 0 0 0 0 0 0 0 0 0 0 0 0 0 0 0 0 0 0 0 0 0 0 0 0 0 0 0 0 0 0 0 0 0 0 0 0 0 0 0 0 0 0 0 0 0 0 0 0 0 0 0 0 0 0 0 0 0 0 0 0 0 0 0 0 0 0 0 0 0 0 0]	2026-08-16_08-37-39	[2]	2026-08-16_08-37-39
9	2026-08-16_08-37-39	-0.8999999761581421	2026-08-16_08-37-39	11.399669647216797	2026-08-16_08-37-39	1.6034678220748901	2026-08-16_08-37-39	1.6062679290771484	2026-08-16_08-37-39	4.120848655700684	2026-08-16_08-37-39	4.069085597991943	2026-08-16_08-37-39	True	2026-08-16_08-37-39	[0 1 1 0 1]	2026-08-16_08-37-39	[0 0 0 0 0]	2026-08-16_08-37-39	[0 0 0 0 0 0 0 0 0 0 0 0 0 0 0 0 0 0 0 0 0 0 0 0 0 0 0 0 0 1 0 0 0 0 0 0 0 0 0 0 0 0 0 0 0 1 0 0 0 0 0 0 0 0 0 0 0 0 0 0 0 0 0 0 0 0 1 0 0 0 0 0 0]	2026-08-16_08-37-39	[0 0 0 0 0 0 0 0 0 0 0 0 0 0 0 0 0 0 0 0 0 0 0 0 0 0 0 0 0 0 0 0 0 0 0 0 0 0 0 0 0 0 0 0 0 0 0 0 0 0 0 0 0 0 0 0 0 0 0 0 0 0 0 0 0 0 0 0 0 0 0 0 0]	2026-08-16_08-37-39	[2]	2026-08-16_08-37-39	[1 1 1 0 1]	2026-08-16_08-37-39	[1 0 0 0 0]	2026-08-16_08-37-39	[0 0 0 0 0 0 0 0 0 0 0 0 0 0 0 0 0 0 0 0 0 0 0 0 0 0 0 0 0 1 0 0 0 0 0 0 0 0 0 0 0 0 0 0 0 0 0 0 0 0 0 0 0 0 0 0 0 0 0 0 0 0 0 0 0 0 1 0 0 0 0 0 0]	2026-08-16_08-37-39	[0 0 0 0 0 0 0 0 0 0 0 0 0 0 0 0 0 0 0 1 0 0 0 0 0 0 0 0 0 0 0 0 0 0 0 0 0 0 0 0 0 0 0 0 0 0 0 0 0 0 0 0 0 0 0 0 0 0 0 0 0 0 0 0 0 0 0 0 0 0 0 0 0]	2026-08-16_08-37-39	[2]	2026-08-16_08-37-39
9	2026-08-16_08-37-39	-0.8999999761581421	2026-08-16_08-37-39	11.385032653808594	2026-08-16_08-37-39	1.6033331155776978	2026-08-16_08-37-39	1.612675666809082	2026-08-16_08-37-39	4.103957176208496	2026-08-16_08-37-39	4.065066337585449	2026-08-16_08-37-39	True	2026-08-16_08-37-39	[1 1 1 0 1]	2026-08-16_08-37-39	[1 0 0 0 0]	2026-08-16_08-37-39	[0 0 0 0 0 0 0 0 0 0 0 0 0 0 0 0 0 0 0 0 0 0 0 0 0 0 0 0 0 1 0 0 0 0 0 0 0 0 0 0 0 0 0 0 0 0 0 0 0 0 0 0 0 0 0 0 0 0 0 0 0 0 0 0 0 0 1 0 0 0 0 0 0]	2026-08-16_08-37-39	[0 0 0 0 0 0 0 0 0 0 0 0 0 0 0 0 0 0 0 1 0 0 0 0 0 0 0 0 0 0 0 0 0 0 0 0 0 0 0 0 0 0 0 0 0 0 0 0 0 0 0 0 0 0 0 0 0 0 0 0 0 0 0 0 0 0 0 0 0 0 0 0 0]	2026-08-16_08-37-39	[2]	2026-08-16_08-37-39	[0 1 1 0 1]	2026-08-16_08-37-39	[1 0 0 1 0]	2026-08-16_08-37-39	[0 0 0 0 0 0 0 0 0 0 0 0 0 0 0 0 0 0 0 0 0 0 0 0 0 0 0 0 0 1 0 0 0 0 0 0 0 0 0 0 0 0 0 0 0 1 0 0 0 0 0 0 0 0 0 0 0 0 0 0 0 0 0 0 0 0 1 0 0 0 0 0 0]	2026-08-16_08-37-39	[0 0 0 0 0 0 0 0 0 0 0 0 0 0 0 0 0 0 0 1 0 0 0 1 0 0 0 0 0 0 0 0 0 0 0 0 0 0 0 0 0 0 0 0 0 0 0 0 0 0 0 0 0 0 0 0 0 0 0 0 0 0 0 0 0 0 0 0 0 0 0 0 0]	2026-08-16_08-37-39	[2]	2026-08-16_08-37-39
9	2026-08-16_08-37-39	-0.8999999761581421	2026-08-16_08-37-39	11.332691192626953	2026-08-16_08-37-39	1.6050186157226562	2026-08-16_08-37-39	1.6091744899749756	2026-08-16_08-37-39	4.074365615844727	2026-08-16_08-37-39	4.044131755828857	2026-08-16_08-37-39	True	2026-08-16_08-37-39	[0 1 1 0 1]	2026-08-16_08-37-39	[1 0 0 1 0]	2026-08-16_08-37-39	[0 0 0 0 0 0 0 0 0 0 0 0 0 0 0 0 0 0 0 0 0 0 0 0 0 0 0 0 0 1 0 0 0 0 0 0 0 0 0 0 0 0 0 0 0 1 0 0 0 0 0 0 0 0 0 0 0 0 0 0 0 0 0 0 0 0 1 0 0 0 0 0 0]	2026-08-16_08-37-39	[0 0 0 0 0 0 0 0 0 0 0 0 0 0 0 0 0 0 0 1 0 0 0 1 0 0 0 0 0 0 0 0 0 0 0 0 0 0 0 0 0 0 0 0 0 0 0 0 0 0 0 0 0 0 0 0 0 0 0 0 0 0 0 0 0 0 0 0 0 0 0 0 0]	2026-08-16_08-37-39	[2]	2026-08-16_08-37-39	[1 1 1 0 1]	2026-08-16_08-37-39	[1 0 0 0 0]	2026-08-16_08-37-39	[0 0 0 0 0 0 0 0 0 0 0 0 0 0 0 0 0 0 0 0 0 0 0 0 0 0 0 0 0 1 0 0 0 0 0 0 0 0 0 0 0 0 0 0 0 0 0 0 0 0 0 0 0 0 0 0 0 0 0 0 0 0 0 0 0 0 1 0 0 0 0 0 0]	2026-08-16_08-37-39	[0 0 0 0 0 0 0 0 0 0 0 0 0 0 0 0 0 0 0 0 0 0 0 1 0 0 0 0 0 0 0 0 0 0 0 0 0 0 0 0 0 0 0 0 0 0 0 0 0 0 0 0 0 0 0 0 0 0 0 0 0 0 0 0 0 0 0 0 0 0 0 0 0]	2026-08-16_08-37-39	[2]	2026-08-16_08-37-39
9	2026-08-16_08-37-39	-0.8999999761581421	2026-08-16_08-37-39	11.410625457763672	2026-08-16_08-37-39	1.6039005517959595	2026-08-16_08-37-39	1.603102445602417	2026-08-16_08-37-39	4.12990140914917	2026-08-16_08-37-39	4.073720455169678	2026-08-16_08-37-39	True	2026-08-16_08-37-39	[1 1 1 0 1]	2026-08-16_08-37-39	[1 0 0 0 0]	2026-08-16_08-37-39	[0 0 0 0 0 0 0 0 0 0 0 0 0 0 0 0 0 0 0 0 0 0 0 0 0 0 0 0 0 1 0 0 0 0 0 0 0 0 0 0 0 0 0 0 0 0 0 0 0 0 0 0 0 0 0 0 0 0 0 0 0 0 0 0 0 0 1 0 0 0 0 0 0]	2026-08-16_08-37-39	[0 0 0 0 0 0 0 0 0 0 0 0 0 0 0 0 0 0 0 0 0 0 0 1 0 0 0 0 0 0 0 0 0 0 0 0 0 0 0 0 0 0 0 0 0 0 0 0 0 0 0 0 0 0 0 0 0 0 0 0 0 0 0 0 0 0 0 0 0 0 0 0 0]	2026-08-16_08-37-39	[2]	2026-08-16_08-37-39	[0 1 1 0 1]	2026-08-16_08-37-39	[0 0 0 0 0]	2026-08-16_08-37-39	[0 0 0 0 0 0 0 0 0 0 0 0 0 0 0 0 0 0 0 0 0 0 0 0 0 0 0 0 0 1 0 0 0 0 0 0 0 0 0 0 0 0 0 0 0 1 0 0 0 0 0 0 0 0 0 0 0 0 0 0 0 0 0 0 0 0 1 0 0 0 0 0 0]	2026-08-16_08-37-39	[0 0 0 0 0 0 0 0 0 0 0 0 0 0 0 0 0 0 0 1 0 0 0 1 0 0 0 0 0 0 0 0 0 0 0 0 0 0 0 0 0 0 0 0 0 0 0 0 0 0 0 0 0 0 0 0 0 0 0 0 0 0 0 0 0 0 0 0 0 0 0 0 0]	2026-08-16_08-37-39	[2]	2026-08-16_08-37-39
9	2026-08-16_08-37-39	-0.8999999761581421	2026-08-16_08-37-39	11.370174407958984	2026-08-16_08-37-39	1.603084921836853	2026-08-16_08-37-39	1.6111265420913696	2026-08-16_08-37-39	4.097903251647949	2026-08-16_08-37-39	4.0580596923828125	2026-08-16_08-37-39	True	2026-08-16_08-37-39	[0 1 1 0 1]	2026-08-16_08-37-39	[0 0 0 0 0]	2026-08-16_08-37-39	[0 0 0 0 0 0 0 0 0 0 0 0 0 0 0 0 0 0 0 0 0 0 0 0 0 0 0 0 0 1 0 0 0 0 0 0 0 0 0 0 0 0 0 0 0 1 0 0 0 0 0 0 0 0 0 0 0 0 0 0 0 0 0 0 0 0 1 0 0 0 0 0 0]	2026-08-16_08-37-39	[0 0 0 0 0 0 0 0 0 0 0 0 0 0 0 0 0 0 0 1 0 0 0 1 0 0 0 0 0 0 0 0 0 0 0 0 0 0 0 0 0 0 0 0 0 0 0 0 0 0 0 0 0 0 0 0 0 0 0 0 0 0 0 0 0 0 0 0 0 0 0 0 0]	2026-08-16_08-37-39	[2]	2026-08-16_08-37-39	[1 1 1 0 1]	2026-08-16_08-37-39	[0 0 0 1 0]	2026-08-16_08-37-39	[0 0 0 0 0 0 0 0 0 0 0 0 0 0 0 0 0 0 0 0 0 0 0 0 0 0 0 0 0 1 0 0 0 0 0 0 0 0 0 0 0 0 0 0 0 0 0 0 0 0 0 0 0 0 0 0 0 0 0 0 0 0 0 0 0 0 1 0 0 0 0 0 0]	2026-08-16_08-37-39	[0 0 0 0 0 0 0 0 0 0 0 0 0 0 0 0 0 0 0 0 0 0 0 1 0 0 0 0 0 0 0 0 0 0 0 0 0 0 0 0 0 0 0 0 0 0 0 0 0 0 0 0 0 0 0 0 0 0 0 0 0 0 0 0 0 0 0 0 0 0 0 0 0]	2026-08-16_08-37-39	[2]	2026-08-16_08-37-39
9	2026-08-16_08-37-39	-0.8999999761581421	2026-08-16_08-37-39	11.383586883544922	2026-08-16_08-37-39	1.605380892753601	2026-08-16_08-37-39	1.611072063446045	2026-08-16_08-37-39	4.106764793395996	2026-08-16_08-37-39	4.06036901473999	2026-08-16_08-37-39	True	2026-08-16_08-37-39	[1 1 1 0 1]	2026-08-16_08-37-39	[0 0 0 1 0]	2026-08-16_08-37-39	[0 0 0 0 0 0 0 0 0 0 0 0 0 0 0 0 0 0 0 0 0 0 0 0 0 0 0 0 0 1 0 0 0 0 0 0 0 0 0 0 0 0 0 0 0 0 0 0 0 0 0 0 0 0 0 0 0 0 0 0 0 0 0 0 0 0 1 0 0 0 0 0 0]	2026-08-16_08-37-39	[0 0 0 0 0 0 0 0 0 0 0 0 0 0 0 0 0 0 0 0 0 0 0 1 0 0 0 0 0 0 0 0 0 0 0 0 0 0 0 0 0 0 0 0 0 0 0 0 0 0 0 0 0 0 0 0 0 0 0 0 0 0 0 0 0 0 0 0 0 0 0 0 0]	2026-08-16_08-37-39	[2]	2026-08-16_08-37-39	[0 1 1 0 1]	2026-08-16_08-37-39	[0 0 0 0 0]	2026-08-16_08-37-39	[0 0 0 0 0 0 0 0 0 0 0 0 0 0 0 0 0 0 0 0 0 0 0 0 0 0 0 0 0 1 0 0 0 0 0 0 0 0 0 0 0 0 0 0 0 1 0 0 0 0 0 0 0 0 0 0 0 0 0 0 0 0 0 0 0 0 1 0 0 0 0 0 0]	2026-08-16_08-37-39	[0 0 0 0 0 0 0 0 0 0 0 0 0 0 0 0 0 0 0 1 0 0 0 1 0 0 0 0 0 0 0 0 0 0 0 0 0 0 0 0 0 0 0 0 0 0 0 0 0 0 0 0 0 0 0 0 0 0 0 0 0 0 0 0 0 0 0 0 0 0 0 0 0]	2026-08-16_08-37-39	[2]	2026-08-16_08-37-39
9	2026-08-16_08-37-39	-0.8999999761581421	2026-08-16_08-37-39	11.385347366333008	2026-08-16_08-37-39	1.603500247001648	2026-08-16_08-37-39	1.6121197938919067	2026-08-16_08-37-39	4.106056213378906	2026-08-16_08-37-39	4.063670635223389	2026-08-16_08-37-39	True	2026-08-16_08-37-39	[0 1 1 0 1]	2026-08-16_08-37-39	[0 0 0 0 0]	2026-08-16_08-37-39	[0 0 0 0 0 0 0 0 0 0 0 0 0 0 0 0 0 0 0 0 0 0 0 0 0 0 0 0 0 1 0 0 0 0 0 0 0 0 0 0 0 0 0 0 0 1 0 0 0 0 0 0 0 0 0 0 0 0 0 0 0 0 0 0 0 0 1 0 0 0 0 0 0]	2026-08-16_08-37-39	[0 0 0 0 0 0 0 0 0 0 0 0 0 0 0 0 0 0 0 1 0 0 0 1 0 0 0 0 0 0 0 0 0 0 0 0 0 0 0 0 0 0 0 0 0 0 0 0 0 0 0 0 0 0 0 0 0 0 0 0 0 0 0 0 0 0 0 0 0 0 0 0 0]	2026-08-16_08-37-39	[2]	2026-08-16_08-37-39	[1 1 1 0 1]	2026-08-16_08-37-39	[0 0 0 1 0]	2026-08-16_08-37-39	[0 0 0 0 0 0 0 0 0 0 0 0 0 0 0 0 0 0 0 0 0 0 0 0 0 0 0 0 0 1 0 0 0 0 0 0 0 0 0 0 0 0 0 0 0 0 0 0 0 0 0 0 0 0 0 0 0 0 0 0 0 0 0 0 0 0 1 0 0 0 0 0 0]	2026-08-16_08-37-39	[0 0 0 0 0 0 0 0 0 0 0 0 0 0 0 0 0 0 0 1 0 0 0 0 0 0 0 0 0 0 0 0 0 0 0 0 0 0 0 0 0 0 0 0 0 0 0 0 0 0 0 0 0 0 0 0 0 0 0 0 0 0 0 0 0 0 0 0 0 0 0 0 0]	2026-08-16_08-37-39	[2]	2026-08-16_08-37-39
