# num_workers = 32
# num_cells = 256
# seed_for_environment = 2002
# lr = 0.0003
# max_grad_norm = 1.0
# eval_rollout_length = 30
# scaling_factor = 1000
# frames_per_batch = 500
# sub_batch_size = 64
# num_epochs = 15
# clip_epsilon = 0.2
# gamma = 0.99
# lmbda = 0.95
# entropy_eps = 0.003
# env_reward_engineering = True
# env_minimum_number_of_qubits = 12
# log_name = None
# env_version = qecc/bbcode-ldpc-v0
# env_bit_flipping = True
# env_l = 6
# env_m = 6
# env_use_dict_observation = True
# env_number_of_decoder_iterations = 50
# env_number_of_samples = 50
# env_code_logging = False
# model_architecture = hybrid
# model_surrogate_model_path = /vol/bitbucket/osella/rl-qecc-data/supervisedLearning/2026-07-12_21-15-58/surrogate_6x6.pth
# model_use_pretrained_encoder = True
# index_to_unfreeze_encoder_updates = 10
# encoder_lr_factor = 0.1
# training_device = cpu
# Resolved arguments:
# Resolved_env_reward_engineering = True
# Resolved_env_bit_flipping = True
# Resolved_env_useDictObservation = True
# Resolved_env_code_logging = False
# Resolved_model_use_pretrained_encoder = True
# Resolved_trainingDevice = cpu
# Resolved_model_architecture = hybrid
# Just for information, not used in actual run: SLURM CPUS queried from os environment: 32
# Number of workers: 32
# Does torch identify cuda: False
evaluation number	reward	policy entropy	policy entropy aX	policy entropy bX	policy entropy aY	policy entropy bY	Encoder freeze	postAction_aX	postAction_bX	postAction_aY	postAction_bY
0	-1.0	7.482993125915527	1.916285514831543	1.8897693157196045	1.801840901374817	1.8750975131988525	True	[0 1 0 0 0 0]	[0 0 0 0 1 0]	[0 0 0 0 0 0]	[0 0 0 0 0 1]
0	-0.6666666865348816	7.701963901519775	1.9402638673782349	1.9322280883789062	1.9112669229507446	1.9182052612304688	True	[0 1 1 0 0 0]	[0 0 0 0 0 0]	[0 0 1 0 0 0]	[1 0 0 0 0 1]
0	-1.0	7.7352094650268555	1.9431055784225464	1.9386787414550781	1.93345308303833	1.9199717044830322	True	[0 1 0 0 0 0]	[0 0 0 0 0 1]	[0 0 0 0 0 0]	[0 0 0 0 0 1]
0	-1.0	7.653744697570801	1.931020975112915	1.915257215499878	1.8845312595367432	1.9229352474212646	True	[0 1 1 0 0 0]	[0 0 0 0 1 1]	[0 0 1 0 0 0]	[1 0 0 0 0 1]
0	-0.6666666865348816	7.750168800354004	1.9420454502105713	1.9404264688491821	1.9356926679611206	1.9320037364959717	True	[0 1 1 1 0 0]	[0 0 0 0 1 0]	[0 0 0 0 0 0]	[0 0 0 0 0 1]
0	-0.6666666865348816	7.717256546020508	1.942570447921753	1.9325101375579834	1.9195842742919922	1.9225919246673584	True	[0 1 1 0 0 0]	[0 0 0 0 0 0]	[0 0 1 0 0 0]	[1 0 0 0 0 1]
0	-1.0	7.735567092895508	1.9440008401870728	1.940400242805481	1.9324939250946045	1.9186718463897705	True	[0 1 0 0 0 0]	[0 0 0 0 0 1]	[0 0 0 0 0 0]	[0 0 0 0 0 1]
0	-1.0	7.647175312042236	1.930769920349121	1.9135451316833496	1.8780484199523926	1.9248119592666626	True	[0 1 1 0 0 0]	[0 0 0 0 1 1]	[0 0 1 0 0 0]	[1 0 0 0 0 1]
0	-0.6666666865348816	7.749795913696289	1.9418500661849976	1.9377082586288452	1.9356313943862915	1.9346058368682861	True	[0 1 1 1 0 0]	[0 0 0 0 1 0]	[0 0 0 0 0 0]	[0 0 0 0 0 1]
0	-0.6666666865348816	7.720617294311523	1.9423075914382935	1.9357643127441406	1.9186365604400635	1.923909306526184	True	[0 1 1 0 0 0]	[0 0 0 0 0 0]	[0 0 1 0 0 0]	[1 0 0 0 0 1]
0	-1.0	7.73441219329834	1.9441955089569092	1.9401952028274536	1.9329519271850586	1.9170695543289185	True	[0 1 0 0 0 0]	[0 0 0 0 0 0]	[0 0 0 0 0 0]	[0 0 0 0 0 1]
0	-1.0	7.678802967071533	1.935643196105957	1.9251866340637207	1.8997447490692139	1.9182286262512207	True	[0 1 1 0 0 0]	[0 0 0 0 1 0]	[0 0 1 0 0 0]	[1 0 0 0 0 1]
0	-0.6666666865348816	7.745115280151367	1.9404325485229492	1.9372395277023315	1.940962314605713	1.9264808893203735	True	[0 1 1 1 0 0]	[0 0 0 0 1 1]	[1 0 1 0 0 0]	[0 0 0 0 0 1]
0	-1.0	7.718029022216797	1.942873239517212	1.9282200336456299	1.917724847793579	1.9292104244232178	True	[0 0 1 1 0 0]	[0 0 0 0 0 1]	[1 0 0 0 0 0]	[0 0 0 1 0 1]
0	-0.3333333432674408	7.651325225830078	1.9367612600326538	1.888922929763794	1.895477294921875	1.9301639795303345	True	[0 1 1 1 0 0]	[0 0 0 0 1 1]	[1 0 1 0 0 0]	[1 0 0 1 0 1]
0	-0.6666666865348816	7.722615718841553	1.941465139389038	1.9348574876785278	1.9215524196624756	1.924740195274353	True	[0 1 1 0 0 0]	[0 0 0 0 0 1]	[1 0 0 0 0 0]	[1 0 0 0 0 1]
0	-1.0	7.7065253257751465	1.9404586553573608	1.933668613433838	1.9073262214660645	1.9250717163085938	True	[0 0 1 0 0 0]	[0 0 0 0 1 1]	[1 0 1 0 0 0]	[0 0 0 0 0 1]
0	-0.6666666865348816	7.712055206298828	1.9393967390060425	1.9222825765609741	1.9198963642120361	1.9304797649383545	True	[0 1 1 0 0 0]	[0 0 0 0 0 1]	[1 0 0 0 0 0]	[0 0 0 1 0 1]
0	-1.0	7.652446746826172	1.9358171224594116	1.9032137393951416	1.8846241235733032	1.9287919998168945	True	[0 0 1 0 0 0]	[0 0 0 0 1 1]	[1 0 1 0 0 0]	[1 0 0 1 0 1]
0	-1.0	7.720044136047363	1.9373416900634766	1.9307986497879028	1.9255154132843018	1.9263886213302612	True	[0 0 1 1 0 0]	[0 0 0 0 0 1]	[1 0 0 0 0 0]	[1 0 0 0 0 1]
0	-0.6666666865348816	7.6908979415893555	1.9402246475219727	1.9200544357299805	1.913572072982788	1.9170466661453247	True	[0 1 1 1 0 0]	[0 0 0 0 1 1]	[1 0 1 0 0 0]	[0 0 0 0 0 1]
0	-1.0	7.716235160827637	1.9424970149993896	1.9267301559448242	1.917954444885254	1.9290534257888794	True	[0 0 1 1 0 0]	[0 0 0 0 0 1]	[1 0 0 0 0 0]	[0 0 0 1 0 1]
0	-0.3333333432674408	7.644256591796875	1.9355133771896362	1.886337161064148	1.8925368785858154	1.9298691749572754	True	[0 1 1 1 0 0]	[0 0 0 0 1 1]	[1 0 1 0 0 0]	[1 0 0 1 0 1]
0	-0.6666666865348816	7.720804214477539	1.9409863948822021	1.9326722621917725	1.923569917678833	1.9235754013061523	True	[0 1 1 0 0 0]	[0 0 0 0 0 1]	[1 0 0 0 0 0]	[1 0 0 0 0 1]
0	-1.0	7.705310821533203	1.9393908977508545	1.9350311756134033	1.9072632789611816	1.9236252307891846	True	[0 1 0 0 0 0]	[0 0 0 0 1 1]	[1 0 1 0 0 0]	[0 0 0 0 0 1]
0	-1.0	7.707962989807129	1.9384955167770386	1.9279303550720215	1.908994197845459	1.9325425624847412	True	[0 0 0 0 0 0]	[0 0 0 0 0 1]	[1 0 0 0 0 0]	[0 0 0 0 0 1]
0	0.14249999821186066	7.5400896072387695	1.9104527235031128	1.8725483417510986	1.8744614124298096	1.8826277256011963	True	[0 1 0 0 0 0]	[0 0 0 0 1 1]	[1 0 0 0 0 0]	[0 0 0 0 0 0]
0	-0.6666666865348816	7.629995822906494	1.930508017539978	1.9223084449768066	1.8580663204193115	1.9191126823425293	True	[0 1 0 1 0 0]	[0 0 0 0 0 1]	[1 0 1 0 0 0]	[1 0 0 0 0 0]
0	-0.5	7.692586421966553	1.935833215713501	1.936460018157959	1.898404598236084	1.921888828277588	True	[0 0 0 1 0 0]	[0 0 0 0 1 1]	[1 0 0 0 0 0]	[1 0 0 1 0 0]
0	-1.0	7.571892261505127	1.929118275642395	1.890001654624939	1.8690265417099	1.8837456703186035	True	[0 1 0 1 0 0]	[0 0 0 0 0 1]	[1 0 0 0 0 0]	[0 0 0 1 0 0]
1	-0.6666666865348816	6.025777339935303	1.5416476726531982	1.8433489799499512	1.6866121292114258	0.9541686773300171	False	[0 0 1 0 0 0]	[0 1 0 0 0 0]	[0 0 1 0 0 0]	[0 0 0 1 0 0]
1	-1.0	6.947773456573486	1.7861461639404297	1.6941676139831543	1.6286025047302246	1.8388571739196777	False	[0 0 1 0 0 0]	[0 1 0 0 0 0]	[0 0 0 0 0 0]	[0 0 0 1 1 0]
1	-0.3333333432674408	6.884991645812988	1.7733596563339233	1.7610664367675781	1.500733733177185	1.8498315811157227	False	[0 0 1 0 0 0]	[0 1 0 0 0 1]	[0 0 1 0 0 0]	[0 0 0 1 0 0]
1	-1.0	6.915276527404785	1.756830096244812	1.762406826019287	1.5427418947219849	1.853297472000122	False	[0 0 1 0 0 0]	[0 1 0 0 0 0]	[0 0 0 0 0 0]	[0 0 0 1 1 0]
1	-0.3333333432674408	6.882105827331543	1.7567501068115234	1.7538453340530396	1.5175104141235352	1.8539998531341553	False	[0 0 1 0 0 0]	[0 1 0 0 0 1]	[0 0 1 0 0 0]	[0 0 0 1 0 0]
1	-1.0	6.895895004272461	1.7563260793685913	1.7632290124893188	1.5220041275024414	1.8543357849121094	False	[0 0 1 0 0 0]	[0 1 0 0 0 0]	[0 0 0 0 0 0]	[0 0 0 1 1 0]
1	-0.3333333432674408	6.8315348625183105	1.728959083557129	1.766073226928711	1.496254801750183	1.8402475118637085	False	[0 0 1 0 0 0]	[0 1 0 0 0 1]	[0 0 1 0 0 0]	[0 0 0 1 0 0]
1	-1.0	6.954240322113037	1.753432035446167	1.777813196182251	1.5619454383850098	1.8610496520996094	False	[0 0 1 0 0 0]	[0 1 0 0 0 0]	[0 0 0 0 0 0]	[0 0 0 1 1 0]
1	-0.3333333432674408	6.878786087036133	1.7386378049850464	1.7671668529510498	1.51478111743927	1.8582006692886353	False	[0 0 1 0 0 0]	[0 1 0 0 0 1]	[0 0 1 0 0 0]	[0 0 0 1 0 0]
1	-1.0	6.968216896057129	1.754481315612793	1.776503324508667	1.5690251588821411	1.8682069778442383	False	[0 0 1 0 0 0]	[0 1 0 0 0 0]	[0 0 0 0 0 0]	[0 0 0 1 1 0]
1	-0.3333333432674408	6.887716293334961	1.7665550708770752	1.760648250579834	1.5188746452331543	1.8416388034820557	False	[0 0 1 0 0 0]	[0 1 0 0 0 1]	[0 0 1 0 0 0]	[0 0 0 1 0 0]
1	-1.0	6.949699878692627	1.7523608207702637	1.7717318534851074	1.5609955787658691	1.8646115064620972	False	[0 0 1 0 0 0]	[0 1 0 0 0 0]	[0 0 0 0 0 0]	[0 0 0 1 1 0]
1	-0.3333333432674408	6.884517192840576	1.7832567691802979	1.765105962753296	1.485987901687622	1.85016667842865	False	[0 0 1 0 0 0]	[0 1 0 0 0 1]	[0 0 1 0 0 0]	[0 0 0 1 0 0]
1	-1.0	6.956077575683594	1.7567161321640015	1.7736101150512695	1.5692062377929688	1.8565449714660645	False	[0 0 1 0 0 0]	[0 1 0 0 0 0]	[0 0 0 0 0 0]	[0 0 0 1 1 0]
1	-0.3333333432674408	6.822467803955078	1.7723846435546875	1.7535672187805176	1.458478569984436	1.8380376100540161	False	[0 0 1 0 0 0]	[0 1 0 0 0 1]	[0 0 1 0 0 0]	[0 0 0 1 0 0]
1	-1.0	6.92249059677124	1.7566179037094116	1.7668225765228271	1.541994333267212	1.8570560216903687	False	[0 0 1 0 0 0]	[0 1 0 0 0 0]	[0 0 0 0 0 0]	[0 0 0 1 1 0]
1	-0.3333333432674408	6.819475173950195	1.7434126138687134	1.765844464302063	1.475818157196045	1.8344002962112427	False	[0 0 1 0 0 0]	[0 1 0 0 0 1]	[0 0 1 0 0 0]	[0 0 0 1 0 0]
1	-1.0	6.935332775115967	1.7791048288345337	1.7650372982025146	1.5281357765197754	1.863054871559143	False	[0 0 1 0 0 0]	[0 1 0 0 0 0]	[0 0 0 0 0 0]	[0 0 0 1 1 0]
1	-0.3333333432674408	6.857101917266846	1.7625243663787842	1.765900731086731	1.4834649562835693	1.8452115058898926	False	[0 0 1 0 0 0]	[0 1 0 0 0 1]	[0 0 1 0 0 0]	[0 0 0 1 0 0]
1	-1.0	6.943190574645996	1.7622623443603516	1.7668901681900024	1.558484673500061	1.8555537462234497	False	[0 0 1 0 0 0]	[0 1 0 0 0 0]	[0 0 0 0 0 0]	[0 0 0 1 1 0]
1	-0.3333333432674408	6.861254692077637	1.7725872993469238	1.762044906616211	1.4844963550567627	1.8421257734298706	False	[0 0 1 0 0 0]	[0 1 0 0 0 1]	[0 0 1 0 0 0]	[0 0 0 1 0 0]
1	-1.0	6.937199592590332	1.7424845695495605	1.7675840854644775	1.5587706565856934	1.8683605194091797	False	[0 0 1 0 0 0]	[0 1 0 0 0 0]	[0 0 0 0 0 0]	[0 0 0 1 1 0]
1	-0.3333333432674408	6.8184685707092285	1.7275347709655762	1.7769160270690918	1.4811445474624634	1.8328732252120972	False	[0 0 1 0 0 0]	[0 1 0 0 0 1]	[0 0 1 0 0 0]	[0 0 0 1 0 0]
1	-1.0	6.942905426025391	1.7501533031463623	1.7690455913543701	1.5539612770080566	1.8697450160980225	False	[0 0 1 0 0 0]	[0 1 0 0 0 0]	[0 0 0 0 0 0]	[0 0 0 1 1 0]
1	-0.3333333432674408	6.832417011260986	1.765884280204773	1.7653272151947021	1.4571709632873535	1.8440347909927368	False	[0 0 1 0 0 0]	[0 1 0 0 0 1]	[0 0 1 0 0 0]	[0 0 0 1 0 0]
1	-1.0	6.942234992980957	1.7469894886016846	1.7707128524780273	1.5625699758529663	1.8619630336761475	False	[0 0 1 0 0 0]	[0 1 0 0 0 0]	[0 0 0 0 0 0]	[0 0 0 1 1 0]
1	-0.3333333432674408	6.876543998718262	1.7901911735534668	1.7630444765090942	1.4732667207717896	1.8500421047210693	False	[0 0 1 0 0 0]	[0 1 0 0 0 1]	[0 0 1 0 0 0]	[0 0 0 1 0 0]
1	-1.0	6.9145002365112305	1.7612589597702026	1.7592763900756836	1.5351053476333618	1.8588593006134033	False	[0 0 1 0 0 0]	[0 1 0 0 0 0]	[0 0 0 0 0 0]	[0 0 0 1 1 0]
1	-0.3333333432674408	6.827884197235107	1.7666348218917847	1.7563655376434326	1.4681870937347412	1.8366971015930176	False	[0 0 1 0 0 0]	[0 1 0 0 0 1]	[0 0 1 0 0 0]	[0 0 0 1 0 0]
1	-1.0	6.933683395385742	1.7670475244522095	1.772542953491211	1.5403064489364624	1.853786587715149	False	[0 0 1 0 0 0]	[0 1 0 0 0 0]	[0 0 0 0 0 0]	[0 0 0 1 1 0]
2	-1.0	5.993012428283691	1.6237154006958008	1.7151856422424316	1.4687966108322144	1.1853147745132446	False	[1 0 0 0 0 0]	[0 0 0 0 0 0]	[1 0 0 0 0 0]	[0 0 0 1 0 0]
2	0.125	5.8427934646606445	1.5850228071212769	1.447599172592163	1.742323398590088	1.0678483247756958	False	[0 0 0 0 0 0]	[0 0 0 0 0 0]	[0 0 0 0 0 0]	[0 0 0 0 0 0]
2	-1.0	5.991695404052734	1.6237492561340332	1.7240376472473145	1.4654673337936401	1.1784411668777466	False	[1 0 0 0 0 0]	[0 0 0 0 0 0]	[1 0 0 0 0 0]	[0 0 0 1 0 0]
2	0.12999999523162842	5.883119106292725	1.5787429809570312	1.4594833850860596	1.7322279214859009	1.1126645803451538	False	[1 1 0 0 0 0]	[0 0 0 0 0 0]	[0 0 0 0 0 0]	[0 0 0 0 0 0]
2	-1.0	5.91627311706543	1.4340373277664185	1.5421531200408936	1.321556568145752	1.618525743484497	False	[0 1 0 0 0 0]	[0 0 0 0 0 0]	[0 0 0 0 1 0]	[0 0 0 0 0 1]
2	-0.6666666865348816	6.189332008361816	1.692498803138733	1.3075497150421143	1.749726414680481	1.4395571947097778	False	[1 1 0 0 0 0]	[0 0 0 0 0 0]	[0 0 0 0 0 0]	[0 1 0 0 0 1]
2	-0.6666666865348816	5.952702045440674	1.647009015083313	1.6046864986419678	1.2680107355117798	1.4329956769943237	False	[1 1 0 1 0 0]	[0 0 0 1 0 0]	[0 0 0 0 1 0]	[0 1 1 0 0 1]
2	-1.0	6.182009220123291	1.6665061712265015	1.6126952171325684	1.39862060546875	1.5041871070861816	False	[1 1 0 1 0 1]	[0 0 0 1 0 0]	[0 0 0 0 0 0]	[0 0 1 0 0 1]
2	-0.6666666865348816	5.964543342590332	1.4978716373443604	1.5468050241470337	1.3973619937896729	1.5225048065185547	False	[0 1 0 1 0 1]	[0 0 0 1 0 0]	[0 0 0 0 1 0]	[0 1 1 0 0 1]
2	-1.0	6.257779121398926	1.5278655290603638	1.6687901020050049	1.6705080270767212	1.390615463256836	False	[1 1 0 1 0 1]	[0 0 0 1 0 0]	[0 0 0 0 0 0]	[0 0 1 0 0 1]
2	-0.6666666865348816	5.900479316711426	1.5157599449157715	1.478245735168457	1.3946311473846436	1.5118428468704224	False	[0 1 0 1 0 1]	[0 0 0 1 0 0]	[0 0 0 0 1 0]	[0 1 1 0 0 1]
2	-1.0	6.1272172927856445	1.5007046461105347	1.6537058353424072	1.604288101196289	1.3685187101364136	False	[1 1 0 1 0 1]	[0 0 0 1 0 0]	[0 0 0 0 0 0]	[0 0 1 0 0 1]
2	-0.6666666865348816	5.994850158691406	1.525335669517517	1.5313408374786377	1.427323579788208	1.510849952697754	False	[0 1 0 1 0 1]	[0 0 0 1 0 0]	[0 0 0 0 1 0]	[0 1 1 0 0 1]
2	-1.0	6.130266189575195	1.4744495153427124	1.612823247909546	1.6506601572036743	1.3923335075378418	False	[1 1 0 1 0 1]	[0 0 0 1 0 0]	[0 0 0 0 0 0]	[0 0 1 0 0 1]
2	-0.6666666865348816	5.8555145263671875	1.4560405015945435	1.4162890911102295	1.4292455911636353	1.5539392232894897	False	[0 1 0 1 0 1]	[0 0 0 1 0 0]	[0 0 0 0 1 0]	[0 1 1 0 0 1]
2	-1.0	6.1763129234313965	1.5124856233596802	1.6958897113800049	1.6189563274383545	1.348981261253357	False	[1 1 0 1 0 1]	[0 0 0 1 0 0]	[0 0 0 0 0 0]	[0 0 1 0 0 1]
2	-0.6666666865348816	5.718407154083252	1.4263718128204346	1.2912887334823608	1.4213032722473145	1.579443335533142	False	[0 1 0 1 0 1]	[0 0 0 1 0 0]	[0 0 0 0 1 0]	[0 1 1 0 0 1]
2	-1.0	6.249630928039551	1.5316649675369263	1.6859625577926636	1.6641465425491333	1.3678572177886963	False	[1 1 0 1 0 1]	[0 0 0 1 0 0]	[0 0 0 0 0 0]	[0 0 1 0 0 1]
2	-0.6666666865348816	5.880960941314697	1.4798903465270996	1.4595215320587158	1.4227007627487183	1.5188485383987427	False	[0 1 0 1 0 1]	[0 0 0 1 0 0]	[0 0 0 0 1 0]	[0 1 1 0 0 1]
2	-1.0	6.2066450119018555	1.5276477336883545	1.6941795349121094	1.6501611471176147	1.3346564769744873	False	[1 1 0 1 0 1]	[0 0 0 1 0 0]	[0 0 0 0 0 0]	[0 0 1 0 0 1]
2	-0.6666666865348816	5.920024871826172	1.480922818183899	1.4926159381866455	1.416365623474121	1.530120611190796	False	[0 1 0 1 0 1]	[0 0 0 1 0 0]	[0 0 0 0 1 0]	[0 1 1 0 0 1]
2	-1.0	6.155427932739258	1.5165290832519531	1.6875556707382202	1.6199485063552856	1.3313944339752197	False	[1 1 0 1 0 1]	[0 0 0 1 0 0]	[0 0 0 0 0 0]	[0 0 1 0 0 1]
2	-0.6666666865348816	5.902876853942871	1.5045294761657715	1.5055122375488281	1.3887052536010742	1.5041296482086182	False	[0 1 0 1 0 1]	[0 0 0 1 0 0]	[0 0 0 0 1 0]	[0 1 1 0 0 1]
2	-1.0	6.257420539855957	1.5215206146240234	1.6697840690612793	1.6831921339035034	1.3829238414764404	False	[1 1 0 1 0 1]	[0 0 0 1 0 0]	[0 0 0 0 0 0]	[0 0 1 0 0 1]
2	-0.6666666865348816	5.954331398010254	1.521247148513794	1.5167349576950073	1.3959598541259766	1.5203893184661865	False	[0 1 0 1 0 1]	[0 0 0 1 0 0]	[0 0 0 0 1 0]	[0 1 1 0 0 1]
2	-1.0	6.159801483154297	1.5210217237472534	1.675489068031311	1.63407301902771	1.3292181491851807	False	[1 1 0 1 0 1]	[0 0 0 1 0 0]	[0 0 0 0 0 0]	[0 0 1 0 0 1]
2	-0.6666666865348816	5.997471809387207	1.5257372856140137	1.5648260116577148	1.4118640422821045	1.495044469833374	False	[0 1 0 1 0 1]	[0 0 0 1 0 0]	[0 0 0 0 1 0]	[0 1 1 0 0 1]
2	-1.0	6.126354217529297	1.5152992010116577	1.6490190029144287	1.6334006786346436	1.3286352157592773	False	[1 1 0 1 0 1]	[0 0 0 1 0 0]	[0 0 0 0 0 0]	[0 0 1 0 0 1]
2	-0.6666666865348816	5.928956985473633	1.5026028156280518	1.5041582584381104	1.3950530290603638	1.527142882347107	False	[0 1 0 1 0 1]	[0 0 0 1 0 0]	[0 0 0 0 1 0]	[0 1 1 0 0 1]
2	-1.0	6.258084297180176	1.5297482013702393	1.6646740436553955	1.6883180141448975	1.3753440380096436	False	[1 1 0 1 0 1]	[0 0 0 1 0 0]	[0 0 0 0 0 0]	[0 0 1 0 0 1]
3	0.18250000476837158	5.415416717529297	0.7890409827232361	1.6214375495910645	1.4668792486190796	1.5380585193634033	False	[1 0 0 0 0 0]	[1 0 0 0 0 0]	[1 0 0 0 0 0]	[0 0 0 0 0 1]
3	0.2750000059604645	5.7568254470825195	1.331027865409851	1.4259032011032104	1.6417633295059204	1.358130693435669	False	[0 0 0 0 0 0]	[1 0 0 1 0 0]	[1 0 0 0 1 0]	[0 0 1 0 0 1]
3	0.1599999964237213	6.207179546356201	1.5461361408233643	1.446652889251709	1.8618571758270264	1.3525333404541016	False	[1 0 0 0 0 0]	[1 0 0 0 0 0]	[1 1 0 0 1 0]	[0 0 1 0 0 0]
3	-1.0	5.001479148864746	0.806215226650238	1.4518375396728516	1.8536009788513184	0.8898255825042725	False	[0 0 0 0 0 0]	[0 0 0 0 0 0]	[1 1 0 0 1 0]	[0 0 1 0 0 1]
3	-1.0	5.456132888793945	1.168431282043457	1.4764431715011597	1.4574694633483887	1.3537887334823608	False	[1 0 0 0 0 0]	[1 0 0 0 0 0]	[1 1 0 0 0 0]	[0 0 1 0 0 0]
3	-1.0	5.500850200653076	0.9032407402992249	1.6045901775360107	1.819565773010254	1.1734538078308105	False	[0 0 0 0 0 0]	[0 0 0 0 0 0]	[1 1 0 0 1 0]	[0 0 1 0 0 1]
3	-1.0	5.434231758117676	1.1117733716964722	1.459572672843933	1.501746654510498	1.3611395359039307	False	[1 0 0 0 0 0]	[1 0 0 0 0 0]	[1 1 0 0 0 0]	[0 0 1 0 0 0]
3	-1.0	5.439289569854736	0.8901783227920532	1.6159981489181519	1.8176394701004028	1.115473747253418	False	[0 0 0 0 0 0]	[0 0 0 0 0 0]	[1 1 0 0 1 0]	[0 0 1 0 0 1]
3	-1.0	5.43671989440918	1.126522183418274	1.4691827297210693	1.4586310386657715	1.3823838233947754	False	[1 0 0 0 0 0]	[1 0 0 0 0 0]	[1 1 0 0 0 0]	[0 0 1 0 0 0]
3	-1.0	5.455202579498291	0.8832675814628601	1.5954861640930176	1.8286590576171875	1.1477895975112915	False	[0 0 0 0 0 0]	[0 0 0 0 0 0]	[1 1 0 0 1 0]	[0 0 1 0 0 1]
3	-1.0	5.478704929351807	1.1581636667251587	1.4821159839630127	1.4747227430343628	1.3637022972106934	False	[1 0 0 0 0 0]	[1 0 0 0 0 0]	[1 1 0 0 0 0]	[0 0 1 0 0 0]
3	-1.0	5.473138809204102	0.8734202980995178	1.5890330076217651	1.8431414365768433	1.167543649673462	False	[0 0 0 0 0 0]	[0 0 0 0 0 0]	[1 1 0 0 1 0]	[0 0 1 0 0 1]
3	-1.0	5.443480968475342	1.1579021215438843	1.4681270122528076	1.4421861171722412	1.3752655982971191	False	[1 0 0 0 0 0]	[1 0 0 0 0 0]	[1 1 0 0 0 0]	[0 0 1 0 0 0]
3	-1.0	5.445697784423828	0.8729584813117981	1.609129786491394	1.8363099098205566	1.127299189567566	False	[0 0 0 0 0 0]	[0 0 0 0 0 0]	[1 1 0 0 1 0]	[0 0 1 0 0 1]
3	-1.0	5.454859733581543	1.161899447441101	1.4828698635101318	1.4633605480194092	1.3467299938201904	False	[1 0 0 0 0 0]	[1 0 0 0 0 0]	[1 1 0 0 0 0]	[0 0 1 0 0 0]
3	-1.0	5.475527763366699	0.8893483877182007	1.6025198698043823	1.8321586847305298	1.1515007019042969	False	[0 0 0 0 0 0]	[0 0 0 0 0 0]	[1 1 0 0 1 0]	[0 0 1 0 0 1]
3	-1.0	5.446568489074707	1.1099828481674194	1.4575450420379639	1.493387222290039	1.3856536149978638	False	[1 0 0 0 0 0]	[1 0 0 0 0 0]	[1 1 0 0 0 0]	[0 0 1 0 0 0]
3	-1.0	5.478583812713623	0.8793869018554688	1.594557523727417	1.845921277999878	1.158718228340149	False	[0 0 0 0 0 0]	[0 0 0 0 0 0]	[1 1 0 0 1 0]	[0 0 1 0 0 1]
3	-1.0	5.450985908508301	1.1518950462341309	1.4720239639282227	1.458701252937317	1.3683655261993408	False	[1 0 0 0 0 0]	[1 0 0 0 0 0]	[1 1 0 0 0 0]	[0 0 1 0 0 0]
3	-1.0	5.547135353088379	0.9219048619270325	1.6200337409973145	1.8434734344482422	1.1617231369018555	False	[0 0 0 0 0 0]	[0 0 0 0 0 0]	[1 1 0 0 1 0]	[0 0 1 0 0 1]
3	-1.0	5.482468605041504	1.1560962200164795	1.4784038066864014	1.4903628826141357	1.3576058149337769	False	[1 0 0 0 0 0]	[1 0 0 0 0 0]	[1 1 0 0 0 0]	[0 0 1 0 0 0]
3	-1.0	5.4755353927612305	0.8737083673477173	1.5953598022460938	1.8293581008911133	1.1771091222763062	False	[0 0 0 0 0 0]	[0 0 0 0 0 0]	[1 1 0 0 1 0]	[0 0 1 0 0 1]
3	-1.0	5.457314491271973	1.1385544538497925	1.4713101387023926	1.4637813568115234	1.3836684226989746	False	[1 0 0 0 0 0]	[1 0 0 0 0 0]	[1 1 0 0 0 0]	[0 0 1 0 0 0]
3	-1.0	5.470957279205322	0.8917316198348999	1.6018577814102173	1.8160099983215332	1.1613578796386719	False	[0 0 0 0 0 0]	[0 0 0 0 0 0]	[1 1 0 0 1 0]	[0 0 1 0 0 1]
3	-1.0	5.499696731567383	1.1766245365142822	1.4854846000671387	1.4815034866333008	1.356083869934082	False	[1 0 0 0 0 0]	[1 0 0 0 0 0]	[1 1 0 0 0 0]	[0 0 1 0 0 0]
3	-1.0	5.530697345733643	0.9238356947898865	1.6170177459716797	1.8298308849334717	1.1600128412246704	False	[0 0 0 0 0 0]	[0 0 0 0 0 0]	[1 1 0 0 1 0]	[0 0 1 0 0 1]
3	-1.0	5.490361213684082	1.1532484292984009	1.476006031036377	1.4891185760498047	1.3719881772994995	False	[1 0 0 0 0 0]	[1 0 0 0 0 0]	[1 1 0 0 0 0]	[0 0 1 0 0 0]
3	-1.0	5.499523162841797	0.9010151624679565	1.616894245147705	1.8389360904693604	1.1426770687103271	False	[0 0 0 0 0 0]	[0 0 0 0 0 0]	[1 1 0 0 1 0]	[0 0 1 0 0 1]
3	-1.0	5.501523494720459	1.1507642269134521	1.4899870157241821	1.491994023323059	1.3687782287597656	False	[1 0 0 0 0 0]	[1 0 0 0 0 0]	[1 1 0 0 0 0]	[0 0 1 0 0 0]
3	-1.0	5.469151496887207	0.8998842239379883	1.6085536479949951	1.8355580568313599	1.1251552104949951	False	[0 0 0 0 0 0]	[0 0 0 0 0 0]	[1 1 0 0 1 0]	[0 0 1 0 0 1]
4	-0.6666666865348816	5.7748637199401855	1.2785329818725586	1.6556499004364014	1.2774672508239746	1.5632139444351196	False	[0 0 0 0 1 0]	[1 0 0 0 0 0]	[1 0 0 0 0 0]	[0 0 0 0 0 1]
4	-0.6666666865348816	5.657848358154297	1.6487663984298706	1.5177518129348755	1.2866522073745728	1.2046778202056885	False	[0 0 0 0 1 1]	[1 0 0 1 0 0]	[1 1 0 0 0 0]	[0 0 0 0 1 1]
4	-0.3333333432674408	5.301310062408447	1.6184145212173462	1.258864402770996	0.793483555316925	1.6305476427078247	False	[0 0 0 0 1 0]	[1 0 0 1 0 1]	[1 0 0 0 0 0]	[0 0 0 1 1 1]
4	-0.6666666865348816	5.699270248413086	1.4967902898788452	1.1926852464675903	1.6356685161590576	1.3741265535354614	False	[0 0 0 1 1 0]	[1 0 0 0 0 1]	[1 0 0 0 0 1]	[0 1 0 1 1 1]
4	-0.3333333432674408	5.43525505065918	1.6227542161941528	1.0414001941680908	1.2424325942993164	1.528667688369751	False	[0 0 0 0 1 0]	[1 0 0 1 0 1]	[1 1 0 0 0 1]	[0 0 0 1 1 1]
4	-0.3333333432674408	5.530683517456055	1.7370524406433105	1.354485034942627	1.6041476726531982	0.834998369216919	False	[0 0 0 1 1 0]	[1 0 0 0 0 1]	[1 1 0 0 0 0]	[0 1 0 1 1 1]
4	-0.3333333432674408	5.194233417510986	1.6382482051849365	1.1241663694381714	1.225891351699829	1.2059276103973389	False	[0 0 0 0 1 0]	[1 0 0 1 0 1]	[1 1 0 0 0 1]	[0 0 0 1 1 1]
4	-0.3333333432674408	5.569216728210449	1.745445966720581	1.3856496810913086	1.6067715883255005	0.8313495516777039	False	[0 0 0 1 1 0]	[1 0 0 0 0 1]	[1 1 0 0 0 0]	[0 1 0 1 1 1]
4	-0.3333333432674408	5.181474685668945	1.6525145769119263	1.1356277465820312	1.2161755561828613	1.177156686782837	False	[0 0 0 0 1 0]	[1 0 0 1 0 1]	[1 1 0 0 0 1]	[0 0 0 1 1 1]
4	-0.3333333432674408	5.535826683044434	1.7348421812057495	1.3758554458618164	1.6007516384124756	0.824377179145813	False	[0 0 0 1 1 0]	[1 0 0 0 0 1]	[1 1 0 0 0 0]	[0 1 0 1 1 1]
4	-0.3333333432674408	5.181972026824951	1.6471434831619263	1.1332978010177612	1.1905434131622314	1.2109872102737427	False	[0 0 0 0 1 0]	[1 0 0 1 0 1]	[1 1 0 0 0 1]	[0 0 0 1 1 1]
4	-0.3333333432674408	5.537154674530029	1.7364546060562134	1.3601306676864624	1.6074298620224	0.8331393599510193	False	[0 0 0 1 1 0]	[1 0 0 0 0 1]	[1 1 0 0 0 0]	[0 1 0 1 1 1]
4	-0.3333333432674408	5.239062309265137	1.6417862176895142	1.1438684463500977	1.2241430282592773	1.229264736175537	False	[0 0 0 0 1 0]	[1 0 0 1 0 1]	[1 1 0 0 0 1]	[0 0 0 1 1 1]
4	-0.3333333432674408	5.517610549926758	1.7431018352508545	1.335841178894043	1.6085683107376099	0.8300991058349609	False	[0 0 0 1 1 0]	[1 0 0 0 0 1]	[1 1 0 0 0 0]	[0 1 0 1 1 1]
4	-0.3333333432674408	5.189602851867676	1.6355502605438232	1.1296141147613525	1.2039650678634644	1.220473289489746	False	[0 0 0 0 1 0]	[1 0 0 1 0 1]	[1 1 0 0 0 1]	[0 0 0 1 1 1]
4	-0.3333333432674408	5.514249324798584	1.7465076446533203	1.3328871726989746	1.6047687530517578	0.8300857543945312	False	[0 0 0 1 1 0]	[1 0 0 0 0 1]	[1 1 0 0 0 0]	[0 1 0 1 1 1]
4	-0.3333333432674408	5.220726490020752	1.6323429346084595	1.1335058212280273	1.2259788513183594	1.2288988828659058	False	[0 0 0 0 1 0]	[1 0 0 1 0 1]	[1 1 0 0 0 1]	[0 0 0 1 1 1]
4	-0.3333333432674408	5.5687103271484375	1.7421435117721558	1.3943867683410645	1.5942132472991943	0.8379669785499573	False	[0 0 0 1 1 0]	[1 0 0 0 0 1]	[1 1 0 0 0 0]	[0 1 0 1 1 1]
4	-0.3333333432674408	5.182145118713379	1.625741958618164	1.1133816242218018	1.2549073696136475	1.1881139278411865	False	[0 0 0 0 1 0]	[1 0 0 1 0 1]	[1 1 0 0 0 1]	[0 0 0 1 1 1]
4	-0.3333333432674408	5.530981063842773	1.7478764057159424	1.3542696237564087	1.586808204650879	0.8420268893241882	False	[0 0 0 1 1 0]	[1 0 0 0 0 1]	[1 1 0 0 0 0]	[0 1 0 1 1 1]
4	-0.3333333432674408	5.174666404724121	1.6414042711257935	1.140565276145935	1.1790257692337036	1.2136712074279785	False	[0 0 0 0 1 0]	[1 0 0 1 0 1]	[1 1 0 0 0 1]	[0 0 0 1 1 1]
4	-0.3333333432674408	5.518509864807129	1.742570161819458	1.3380935192108154	1.6129060983657837	0.8249402046203613	False	[0 0 0 1 1 0]	[1 0 0 0 0 1]	[1 1 0 0 0 0]	[0 1 0 1 1 1]
4	-0.3333333432674408	5.21613073348999	1.6383047103881836	1.1537933349609375	1.2489697933197021	1.1750625371932983	False	[0 0 0 0 1 0]	[1 0 0 1 0 1]	[1 1 0 0 0 1]	[0 0 0 1 1 1]
4	-0.3333333432674408	5.5610785484313965	1.7389038801193237	1.3671058416366577	1.6216280460357666	0.8334408402442932	False	[0 0 0 1 1 0]	[1 0 0 0 0 1]	[1 1 0 0 0 0]	[0 1 0 1 1 1]
4	-0.3333333432674408	5.234641075134277	1.6391057968139648	1.120012640953064	1.2567801475524902	1.2187421321868896	False	[0 0 0 0 1 0]	[1 0 0 1 0 1]	[1 1 0 0 0 1]	[0 0 0 1 1 1]
4	-0.3333333432674408	5.537641525268555	1.7414051294326782	1.354074478149414	1.5992438793182373	0.8429182767868042	False	[0 0 0 1 1 0]	[1 0 0 0 0 1]	[1 1 0 0 0 0]	[0 1 0 1 1 1]
4	-0.3333333432674408	5.185503005981445	1.638349175453186	1.1183383464813232	1.2128958702087402	1.2159194946289062	False	[0 0 0 0 1 0]	[1 0 0 1 0 1]	[1 1 0 0 0 1]	[0 0 0 1 1 1]
4	-0.3333333432674408	5.521646499633789	1.7363574504852295	1.355283260345459	1.595710039138794	0.834295928478241	False	[0 0 0 1 1 0]	[1 0 0 0 0 1]	[1 1 0 0 0 0]	[0 1 0 1 1 1]
4	-0.3333333432674408	5.199734687805176	1.6645385026931763	1.1217067241668701	1.1937534809112549	1.2197359800338745	False	[0 0 0 0 1 0]	[1 0 0 1 0 1]	[1 1 0 0 0 1]	[0 0 0 1 1 1]
4	-0.3333333432674408	5.553045749664307	1.7217262983322144	1.388063907623291	1.6497390270233154	0.7935165762901306	False	[0 0 0 1 1 0]	[1 0 0 0 0 1]	[1 1 0 0 0 0]	[0 1 0 1 1 1]
5	-0.6666666865348816	5.379334926605225	1.0229082107543945	1.4522982835769653	1.4890263080596924	1.4151023626327515	False	[0 0 0 0 1 0]	[1 0 0 0 0 0]	[0 0 0 0 1 0]	[0 0 0 0 0 1]
5	-0.8333333134651184	4.663445472717285	1.2700079679489136	1.2127965688705444	0.7749794125556946	1.4056618213653564	False	[0 0 0 0 1 1]	[1 0 0 0 0 1]	[0 1 0 0 1 0]	[0 1 0 0 0 1]
5	-0.8333333134651184	5.114038467407227	1.5204181671142578	1.4361120462417603	1.0122944116592407	1.1452138423919678	False	[0 0 0 0 0 1]	[1 0 0 0 0 0]	[0 0 0 0 1 0]	[0 0 0 0 0 1]
5	-0.5	4.665579795837402	1.3048523664474487	1.3791006803512573	0.9305338859558105	1.0510926246643066	False	[0 0 0 0 1 1]	[1 0 0 0 0 1]	[0 1 0 0 1 0]	[0 0 0 0 0 0]
5	-0.5	4.233040809631348	1.3558933734893799	0.896686315536499	1.1482195854187012	0.8322415351867676	False	[0 0 0 0 0 1]	[1 0 0 0 0 0]	[0 0 0 0 1 0]	[0 0 0 1 0 0]
5	-0.6666666865348816	5.1543731689453125	0.9151849150657654	1.6188284158706665	1.6634079217910767	0.9569523334503174	False	[0 0 0 0 1 1]	[1 0 0 0 0 1]	[1 0 0 0 1 0]	[0 0 0 1 0 1]
5	-0.8333333134651184	5.017364025115967	1.2522516250610352	1.4850046634674072	1.10426664352417	1.175840973854065	False	[0 0 0 0 0 1]	[1 0 0 0 0 0]	[1 1 0 0 1 0]	[0 1 0 1 0 1]
5	-0.8333333134651184	5.601896286010742	1.249476671218872	1.3819843530654907	1.420851469039917	1.5495831966400146	False	[0 0 0 0 1 1]	[1 0 1 0 0 0]	[1 1 0 0 1 1]	[1 1 0 1 0 1]
5	-0.6666666865348816	5.370749473571777	1.558680534362793	1.417222499847412	1.1477965116500854	1.2470496892929077	False	[0 1 0 0 1 1]	[1 0 0 0 0 0]	[1 0 0 0 1 1]	[1 0 0 1 0 1]
5	-0.6666666865348816	5.198666572570801	0.7102396488189697	1.5693719387054443	1.4863786697387695	1.432676076889038	False	[0 1 0 0 0 1]	[1 0 0 0 0 1]	[1 1 0 0 1 1]	[1 0 0 1 0 0]
5	-0.3333333432674408	5.192713737487793	0.8571161031723022	1.6487689018249512	1.6064555644989014	1.080372929573059	False	[0 1 0 0 1 1]	[1 0 0 0 0 0]	[0 1 0 0 1 1]	[1 0 0 1 0 1]
5	-0.6666666865348816	5.028064250946045	0.7187855243682861	1.558000087738037	1.4840970039367676	1.2671817541122437	False	[0 1 0 0 0 1]	[1 0 0 0 0 1]	[1 1 0 0 1 1]	[1 0 0 1 0 0]
5	-0.6666666865348816	5.273380756378174	0.8532183170318604	1.6835980415344238	1.6187705993652344	1.1177934408187866	False	[0 1 0 0 1 1]	[1 0 0 0 0 0]	[1 1 0 0 1 0]	[1 0 0 1 0 1]
5	-0.6666666865348816	5.399699687957764	0.7387046217918396	1.5694478750228882	1.5601446628570557	1.531402587890625	False	[0 1 0 0 0 1]	[1 0 1 0 0 0]	[0 1 0 0 1 0]	[1 1 0 1 0 1]
5	-0.6666666865348816	5.603036880493164	1.0521676540374756	1.4094374179840088	1.6269879341125488	1.51444411277771	False	[0 1 0 0 1 1]	[1 0 0 0 0 0]	[0 1 0 0 0 0]	[0 1 0 1 0 1]
5	-0.6666666865348816	5.470684051513672	1.3004515171051025	1.5009114742279053	1.6439896821975708	1.025331735610962	False	[0 1 0 0 0 1]	[1 0 1 0 0 0]	[1 1 0 0 0 0]	[0 0 0 1 0 1]
5	-0.6666666865348816	6.1188483238220215	1.3762848377227783	1.5898516178131104	1.6595356464385986	1.493175983428955	False	[0 1 0 0 1 1]	[1 0 1 1 0 0]	[1 0 0 0 0 0]	[0 0 0 0 0 1]
5	-0.1666666716337204	4.709049224853516	1.5439214706420898	1.2127522230148315	0.513805627822876	1.4385696649551392	False	[0 1 0 0 1 0]	[1 0 1 1 0 1]	[1 1 0 0 0 0]	[0 0 0 0 1 1]
5	-0.6666666865348816	4.837195873260498	1.4585962295532227	1.2016793489456177	0.903386652469635	1.2735339403152466	False	[0 1 0 0 1 1]	[1 0 1 1 0 0]	[1 0 0 0 0 0]	[0 1 0 0 1 1]
5	-0.6666666865348816	4.795707702636719	1.551537275314331	1.2346116304397583	0.8651772737503052	1.1443812847137451	False	[0 1 0 0 0 1]	[1 0 1 1 0 1]	[1 1 0 0 0 0]	[0 0 0 0 1 1]
5	-0.6666666865348816	6.711237907409668	1.625410795211792	1.7242021560668945	1.7419023513793945	1.6197221279144287	False	[0 1 0 0 1 1]	[1 0 1 0 0 1]	[1 0 0 0 0 0]	[0 0 0 0 1 0]
5	-0.6666666865348816	4.8823676109313965	1.4796178340911865	1.1318397521972656	0.8851003050804138	1.3858096599578857	False	[0 1 1 0 1 1]	[1 0 1 0 0 0]	[1 1 0 0 0 0]	[0 0 0 1 1 0]
5	-0.6666666865348816	3.732776641845703	1.2660526037216187	1.0316356420516968	0.6030662059783936	0.8320220708847046	False	[0 1 1 0 0 1]	[1 0 1 0 0 1]	[1 0 0 0 0 0]	[0 0 0 0 1 0]
5	-0.6666666865348816	4.531591415405273	1.5473860502243042	1.4085958003997803	0.6892411708831787	0.8863687515258789	False	[0 1 1 0 1 1]	[1 0 1 0 0 0]	[1 1 0 0 0 0]	[0 0 0 1 1 0]
5	-0.6666666865348816	3.6700382232666016	1.2614760398864746	1.0235823392868042	0.578815221786499	0.806164562702179	False	[0 1 1 0 0 1]	[1 0 1 0 0 1]	[1 0 0 0 0 0]	[0 0 0 0 1 0]
5	-0.8333333134651184	4.514093399047852	1.5258128643035889	1.39981210231781	0.7186840176582336	0.8697847127914429	False	[0 0 1 0 0 1]	[1 0 1 0 0 0]	[1 1 0 0 0 0]	[0 0 0 1 1 0]
5	-0.6666666865348816	4.202106475830078	1.3205163478851318	1.1707805395126343	0.8833053112030029	0.827504575252533	False	[0 0 1 0 1 1]	[1 0 0 0 0 0]	[1 0 0 0 0 0]	[0 0 0 0 1 0]
5	-0.8333333134651184	3.9122204780578613	1.4982526302337646	0.9411078691482544	0.6916698217391968	0.7811898589134216	False	[0 1 1 0 1 1]	[1 0 0 0 0 1]	[1 1 0 0 0 0]	[0 0 0 1 1 0]
5	-0.3333333432674408	3.905637741088867	1.3868465423583984	0.8130247592926025	0.7032762169837952	1.0024904012680054	False	[0 1 1 0 0 1]	[1 0 0 0 0 0]	[1 0 0 0 0 0]	[0 0 0 0 1 0]
5	-0.8333333134651184	3.8804454803466797	1.1819275617599487	1.0269074440002441	1.414404034614563	0.2572065591812134	False	[0 1 1 0 1 1]	[1 0 0 0 0 1]	[1 1 0 0 0 0]	[0 0 0 1 1 0]
6	-0.6666666865348816	5.554520130157471	1.4246679544448853	1.4886205196380615	1.6160380840301514	1.025193691253662	False	[0 0 0 0 1 0]	[1 0 0 0 0 0]	[0 0 0 0 1 0]	[0 0 0 0 0 1]
6	-0.8333333134651184	4.974391937255859	1.4115475416183472	1.4297043085098267	0.7484787106513977	1.3846614360809326	False	[0 0 0 0 1 1]	[1 0 0 0 0 1]	[0 1 0 0 1 0]	[0 1 0 0 0 1]
6	-0.8333333134651184	4.911749362945557	0.9310094714164734	1.2761263847351074	1.2913398742675781	1.4132736921310425	False	[0 0 0 0 0 1]	[1 0 1 0 0 1]	[0 0 0 0 1 0]	[0 1 0 0 0 0]
6	-0.8333333134651184	5.206888198852539	1.5435070991516113	1.6441184282302856	0.7294577360153198	1.2898051738739014	False	[0 0 0 0 1 1]	[1 0 0 0 0 1]	[0 1 0 0 1 0]	[0 1 0 0 0 1]
6	-0.8333333134651184	4.98005485534668	0.9755998849868774	1.2822576761245728	1.2783839702606201	1.4438132047653198	False	[0 0 0 0 0 1]	[1 0 1 0 0 1]	[0 0 0 0 1 0]	[0 1 0 0 0 0]
6	-1.0	5.245895862579346	1.5427230596542358	1.651837706565857	0.7064213752746582	1.3449137210845947	False	[0 0 0 0 0 1]	[1 0 0 0 0 1]	[0 1 0 0 1 0]	[0 1 0 0 0 1]
6	-0.8333333134651184	4.770458698272705	1.2140339612960815	1.2038275003433228	1.052689552307129	1.2999076843261719	False	[0 0 0 0 0 1]	[1 0 1 0 0 1]	[0 0 0 0 1 0]	[0 1 0 0 0 0]
6	-0.8333333134651184	5.1860551834106445	1.541628122329712	1.633685827255249	0.7256797552108765	1.2850613594055176	False	[0 0 0 0 1 1]	[1 0 0 0 0 1]	[0 1 0 0 1 0]	[0 1 0 0 0 1]
6	-0.8333333134651184	4.933959007263184	0.9004011750221252	1.2996783256530762	1.2943589687347412	1.4395204782485962	False	[0 0 0 0 0 1]	[1 0 1 0 0 1]	[0 0 0 0 1 0]	[0 1 0 0 0 0]
6	-0.8333333134651184	5.222172737121582	1.5455936193466187	1.634284496307373	0.7279857397079468	1.314308762550354	False	[0 0 0 0 1 1]	[1 0 0 0 0 1]	[0 1 0 0 1 0]	[0 1 0 0 0 1]
6	-0.8333333134651184	4.898012161254883	0.9214500188827515	1.278671383857727	1.2873364686965942	1.4105544090270996	False	[0 0 0 0 0 1]	[1 0 1 0 0 1]	[0 0 0 0 1 0]	[0 1 0 0 0 0]
6	-1.0	5.206595420837402	1.5494362115859985	1.6467593908309937	0.6990283727645874	1.3113713264465332	False	[0 0 0 0 0 1]	[1 0 0 0 0 1]	[0 1 0 0 1 0]	[0 1 0 0 0 1]
6	-0.8333333134651184	4.791116237640381	1.2031493186950684	1.2010048627853394	1.0611811876296997	1.325780987739563	False	[0 0 0 0 0 1]	[1 0 1 0 0 1]	[0 0 0 0 1 0]	[0 1 0 0 0 0]
6	-0.8333333134651184	5.2084527015686035	1.5459579229354858	1.645504355430603	0.7098767757415771	1.3071136474609375	False	[0 0 0 0 1 1]	[1 0 0 0 0 1]	[0 1 0 0 1 0]	[0 1 0 0 0 1]
6	-0.8333333134651184	4.914494037628174	0.923870861530304	1.2813249826431274	1.2849035263061523	1.4243947267532349	False	[0 0 0 0 0 1]	[1 0 1 0 0 1]	[0 0 0 0 1 0]	[0 1 0 0 0 0]
6	-1.0	5.197790145874023	1.5427300930023193	1.6283234357833862	0.7432833909988403	1.2834534645080566	False	[0 0 0 0 0 1]	[1 0 0 0 0 1]	[0 1 0 0 1 0]	[0 1 0 0 0 1]
6	-0.8333333134651184	4.748590469360352	1.1731237173080444	1.1983990669250488	1.0312283039093018	1.345839500427246	False	[0 0 0 0 0 1]	[1 0 1 0 0 1]	[0 0 0 0 1 0]	[0 1 0 0 0 0]
6	-1.0	5.237515449523926	1.5311309099197388	1.6507911682128906	0.7155838012695312	1.3400099277496338	False	[0 0 0 0 0 1]	[1 0 0 0 0 1]	[0 1 0 0 1 0]	[0 1 0 0 0 1]
6	-0.8333333134651184	4.806795120239258	1.236380696296692	1.2158039808273315	1.0382651090621948	1.31634521484375	False	[0 0 0 0 0 1]	[1 0 1 0 0 1]	[0 0 0 0 1 0]	[0 1 0 0 0 0]
6	-1.0	5.210404396057129	1.5420012474060059	1.6313186883926392	0.7390606999397278	1.2980237007141113	False	[0 0 0 0 0 1]	[1 0 0 0 0 1]	[0 1 0 0 1 0]	[0 1 0 0 0 1]
6	-0.8333333134651184	4.816841125488281	1.210277795791626	1.2059056758880615	1.03960382938385	1.3610541820526123	False	[0 0 0 0 0 1]	[1 0 1 0 0 1]	[0 0 0 0 1 0]	[0 1 0 0 0 0]
6	-0.8333333134651184	5.204287528991699	1.547695517539978	1.6350657939910889	0.7320920825004578	1.2894340753555298	False	[0 0 0 0 1 1]	[1 0 0 0 0 1]	[0 1 0 0 1 0]	[0 1 0 0 0 1]
6	-0.8333333134651184	4.900887489318848	0.884064257144928	1.290683627128601	1.2674421072006226	1.4586970806121826	False	[0 0 0 0 0 1]	[1 0 1 0 0 1]	[0 0 0 0 1 0]	[0 1 0 0 0 0]
6	-1.0	5.2281494140625	1.5258245468139648	1.6283907890319824	0.7659302353858948	1.3080041408538818	False	[0 0 0 0 0 1]	[1 0 0 0 0 1]	[0 1 0 0 1 0]	[0 1 0 0 0 1]
6	-0.8333333134651184	4.827558517456055	1.1985844373703003	1.2124756574630737	1.073549747467041	1.3429486751556396	False	[0 0 0 0 0 1]	[1 0 1 0 0 1]	[0 0 0 0 1 0]	[0 1 0 0 0 0]
6	-0.8333333134651184	5.214175224304199	1.5466673374176025	1.6478687524795532	0.7166955471038818	1.3029433488845825	False	[0 0 0 0 1 1]	[1 0 0 0 0 1]	[0 1 0 0 1 0]	[0 1 0 0 0 1]
6	-0.8333333134651184	4.949913501739502	0.9136132001876831	1.295841932296753	1.3000353574752808	1.4404228925704956	False	[0 0 0 0 0 1]	[1 0 1 0 0 1]	[0 0 0 0 1 0]	[0 1 0 0 0 0]
6	-1.0	5.2275238037109375	1.541645884513855	1.645071268081665	0.6994239091873169	1.3413827419281006	False	[0 0 0 0 0 1]	[1 0 0 0 0 1]	[0 1 0 0 1 0]	[0 1 0 0 0 1]
6	-0.8333333134651184	4.839292526245117	1.2250148057937622	1.2231359481811523	1.0200386047363281	1.371103286743164	False	[0 0 0 0 0 1]	[1 0 1 0 0 1]	[0 0 0 0 1 0]	[0 1 0 0 0 0]
6	-0.8333333134651184	5.236871719360352	1.5461459159851074	1.642755389213562	0.7281773090362549	1.3197929859161377	False	[0 0 0 0 1 1]	[1 0 0 0 0 1]	[0 1 0 0 1 0]	[0 1 0 0 0 1]
7	0.14249999821186066	5.640982151031494	1.36431086063385	1.4153021574020386	1.5998802185058594	1.2614890336990356	False	[1 0 0 0 0 0]	[0 0 1 0 0 0]	[1 0 0 0 0 0]	[0 0 0 0 0 1]
7	-0.8333333134651184	5.659658908843994	1.4961371421813965	1.0305163860321045	1.5153099298477173	1.6176953315734863	False	[1 0 0 0 0 1]	[0 0 0 0 0 0]	[1 1 0 0 0 0]	[0 0 0 0 1 1]
7	-0.6666666865348816	4.6094512939453125	1.1965956687927246	1.1510465145111084	0.74775630235672	1.5140531063079834	False	[0 0 0 0 0 1]	[0 0 1 0 0 0]	[1 0 0 0 0 0]	[0 0 0 1 1 1]
7	-0.8333333134651184	4.809136390686035	1.5679043531417847	0.7586657404899597	1.0881444215774536	1.394422173500061	False	[1 0 0 0 0 1]	[0 0 0 0 0 0]	[1 1 0 0 0 0]	[0 0 0 1 1 0]
7	-0.6666666865348816	4.230418682098389	1.119832158088684	0.9188401103019714	1.161733627319336	1.030012845993042	False	[0 0 0 0 0 1]	[0 0 1 0 0 0]	[1 0 0 0 0 0]	[0 0 0 0 1 0]
7	0.15000000596046448	4.871575355529785	1.6278953552246094	0.620018482208252	1.1360243558883667	1.487636923789978	False	[0 0 0 0 0 0]	[0 0 0 0 0 0]	[1 1 0 0 0 0]	[0 0 0 1 1 0]
7	-0.3333333432674408	4.724790573120117	1.4130315780639648	1.019272804260254	1.540806770324707	0.751679539680481	False	[0 0 0 0 1 0]	[0 0 1 0 0 0]	[1 1 0 1 0 0]	[0 0 0 1 1 1]
7	-0.8333333134651184	4.9297685623168945	1.153010606765747	1.5043120384216309	1.4093888998031616	0.8630571961402893	False	[0 0 0 1 1 0]	[0 0 0 0 0 0]	[1 1 0 1 0 1]	[0 1 0 1 1 1]
7	-0.3333333432674408	4.37984037399292	1.1363139152526855	1.573313593864441	1.0470560789108276	0.6231566071510315	False	[0 0 0 0 1 0]	[0 0 1 0 0 0]	[1 1 0 1 0 0]	[0 0 0 1 1 1]
7	-0.8333333134651184	4.957382678985596	1.1738014221191406	1.5208897590637207	1.412282943725586	0.8504084348678589	False	[0 0 0 1 1 0]	[0 0 0 0 0 0]	[1 1 0 1 0 1]	[0 1 0 1 1 1]
7	-0.3333333432674408	4.567503452301025	1.1044467687606812	1.6104626655578613	1.2323055267333984	0.6202885508537292	False	[0 0 0 0 1 0]	[0 0 1 0 0 0]	[1 1 0 1 0 0]	[0 0 0 1 1 1]
7	-0.8333333134651184	4.978362560272217	1.1728267669677734	1.520224690437317	1.4235129356384277	0.8617984652519226	False	[0 0 0 1 1 0]	[0 0 0 0 0 0]	[1 1 0 1 0 1]	[0 1 0 1 1 1]
7	-0.3333333432674408	4.461870193481445	1.1592950820922852	1.5933406352996826	1.0998746156692505	0.6093595027923584	False	[0 0 0 0 1 0]	[1 0 0 0 0 0]	[1 1 0 1 0 0]	[0 0 0 1 1 1]
7	-0.8333333134651184	4.81945276260376	1.3086869716644287	1.4975485801696777	1.318838119506836	0.6943793296813965	False	[0 0 0 1 1 0]	[0 0 0 0 0 0]	[1 1 0 1 0 1]	[0 1 0 1 1 1]
7	-0.3333333432674408	4.443850994110107	1.16330087184906	1.588104486465454	1.0787687301635742	0.6136769652366638	False	[0 0 0 0 1 0]	[0 0 1 0 0 0]	[1 1 0 1 0 0]	[0 0 0 1 1 1]
7	-0.8333333134651184	4.904834270477295	1.1556330919265747	1.489149808883667	1.399186134338379	0.8608651757240295	False	[0 0 0 1 1 0]	[0 0 0 0 0 0]	[1 1 0 1 0 1]	[0 1 0 1 1 1]
7	-0.3333333432674408	4.475103855133057	1.1409662961959839	1.5900070667266846	1.1279141902923584	0.6162165999412537	False	[0 0 0 0 1 0]	[0 0 1 0 0 0]	[1 1 0 1 0 0]	[0 0 0 1 1 1]
7	-0.8333333134651184	4.9154534339904785	1.1699684858322144	1.4938430786132812	1.4004743099212646	0.8511672616004944	False	[0 0 0 1 1 0]	[0 0 0 0 0 0]	[1 1 0 1 0 1]	[0 1 0 1 1 1]
7	-0.3333333432674408	4.44340181350708	1.165471076965332	1.5765104293823242	1.0811004638671875	0.6203198432922363	False	[0 0 0 0 1 0]	[0 0 1 0 0 0]	[1 1 0 1 0 0]	[0 0 0 1 1 1]
7	-0.8333333134651184	4.9538679122924805	1.182968258857727	1.5147331953048706	1.3900604248046875	0.8661057949066162	False	[0 0 0 1 1 0]	[0 0 0 0 0 0]	[1 1 0 1 0 1]	[0 1 0 1 1 1]
7	-0.3333333432674408	4.431193828582764	1.1663545370101929	1.5793704986572266	1.0699570178985596	0.6155117750167847	False	[0 0 0 0 1 0]	[0 0 1 0 0 0]	[1 1 0 1 0 0]	[0 0 0 1 1 1]
7	-0.8333333134651184	4.951451301574707	1.157279133796692	1.5112712383270264	1.4293484687805176	0.8535523414611816	False	[0 0 0 1 1 0]	[0 0 0 0 0 0]	[1 1 0 1 0 1]	[0 1 0 1 1 1]
7	-0.3333333432674408	4.49976110458374	1.1066834926605225	1.6056129932403564	1.1444909572601318	0.6429735422134399	False	[0 0 0 0 1 0]	[1 0 0 0 0 0]	[1 1 0 1 0 0]	[0 0 0 1 1 1]
7	-0.8333333134651184	4.793167591094971	1.3124929666519165	1.5167008638381958	1.2688757181167603	0.6950978636741638	False	[0 0 0 1 1 0]	[0 0 0 0 0 0]	[1 1 0 1 0 1]	[0 1 0 1 1 1]
7	-0.3333333432674408	4.431697845458984	1.1705825328826904	1.5845203399658203	1.0693645477294922	0.6072306036949158	False	[0 0 0 0 1 0]	[1 0 0 0 0 0]	[1 1 0 1 0 0]	[0 0 0 1 1 1]
7	-0.8333333134651184	4.874598503112793	1.3097565174102783	1.5287810564041138	1.3419228792190552	0.69413822889328	False	[0 0 0 1 1 0]	[0 0 0 0 0 0]	[1 1 0 1 0 1]	[0 1 0 1 1 1]
7	-0.3333333432674408	4.496708869934082	1.1616370677947998	1.5963090658187866	1.1171586513519287	0.6216043829917908	False	[0 0 0 0 1 0]	[0 0 1 0 0 0]	[1 1 0 1 0 0]	[0 0 0 1 1 1]
7	-0.8333333134651184	4.950039863586426	1.1796860694885254	1.5126806497573853	1.3810200691223145	0.8766531348228455	False	[0 0 0 1 1 0]	[0 0 0 0 0 0]	[1 1 0 1 0 1]	[0 1 0 1 1 1]
7	-0.3333333432674408	4.412663459777832	1.1441705226898193	1.5826910734176636	1.0734633207321167	0.6123384833335876	False	[0 0 0 0 1 0]	[0 0 1 0 0 0]	[1 1 0 1 0 0]	[0 0 0 1 1 1]
7	-0.8333333134651184	4.838499069213867	1.1744682788848877	1.485587477684021	1.3180348873138428	0.8604087829589844	False	[0 0 0 1 1 0]	[0 0 0 0 0 0]	[1 1 0 1 0 1]	[0 1 0 1 1 1]
8	-0.6666666865348816	4.864700794219971	1.3960825204849243	0.9982470273971558	1.2988529205322266	1.1715184450149536	False	[1 0 0 0 0 0]	[0 0 1 0 0 0]	[0 0 0 0 1 0]	[0 0 0 1 0 0]
8	-0.6666666865348816	5.4531402587890625	1.6058675050735474	0.6383540034294128	1.597428321838379	1.611490249633789	False	[1 0 0 0 1 0]	[0 0 0 0 0 0]	[0 0 0 0 1 1]	[0 0 0 0 0 0]
8	-0.8333333134651184	4.363465309143066	1.3947980403900146	0.5242409706115723	0.8659180402755737	1.5785081386566162	False	[1 1 0 0 1 0]	[0 0 1 0 0 0]	[0 0 0 0 1 0]	[0 0 0 1 0 0]
8	-0.6666666865348816	3.540069580078125	0.9190168976783752	0.18865622580051422	0.8697190880775452	1.5626773834228516	False	[1 1 0 0 0 0]	[0 0 0 0 0 0]	[0 1 0 0 1 0]	[0 1 0 1 0 0]
8	-0.8333333134651184	3.628262519836426	0.3488125503063202	0.4816381335258484	1.421663761138916	1.3761482238769531	False	[1 1 0 0 1 0]	[0 0 1 0 0 0]	[0 1 0 0 1 1]	[0 1 0 0 0 0]
8	-0.6666666865348816	3.9465041160583496	0.8340048789978027	0.3065955638885498	1.1717947721481323	1.6341090202331543	False	[1 1 0 0 0 0]	[0 0 0 0 0 0]	[0 1 0 0 1 0]	[0 1 0 1 0 0]
8	-0.8333333134651184	3.630969524383545	0.3616775870323181	0.47082895040512085	1.4241992235183716	1.3742636442184448	False	[1 1 0 0 1 0]	[0 0 1 0 0 0]	[0 1 0 0 1 1]	[0 1 0 0 0 0]
8	-0.6666666865348816	3.9269328117370605	0.8257433772087097	0.2966432273387909	1.1715960502624512	1.6329504251480103	False	[1 1 0 0 0 0]	[0 0 0 0 0 0]	[0 1 0 0 1 0]	[0 1 0 1 0 0]
8	-0.8333333134651184	3.595845937728882	0.35789692401885986	0.4792872667312622	1.3983392715454102	1.3603224754333496	False	[1 1 0 0 1 0]	[0 0 1 0 0 0]	[0 1 0 0 1 1]	[0 1 0 0 0 0]
8	-0.6666666865348816	3.9306087493896484	0.7952551245689392	0.294712096452713	1.1989272832870483	1.6417139768600464	False	[1 1 0 0 0 0]	[0 0 0 0 0 0]	[0 1 0 0 1 0]	[0 1 0 1 0 0]
8	-0.8333333134651184	3.6190290451049805	0.3365698456764221	0.48795855045318604	1.4245017766952515	1.3699990510940552	False	[1 1 0 0 1 0]	[0 0 1 0 0 0]	[0 1 0 0 1 1]	[0 1 0 0 0 0]
8	-0.6666666865348816	3.9527459144592285	0.8229408264160156	0.29175010323524475	1.191101312637329	1.6469535827636719	False	[1 1 0 0 0 0]	[0 0 0 0 0 0]	[0 1 0 0 1 0]	[0 1 0 1 0 0]
8	-0.8333333134651184	3.6175150871276855	0.3714866042137146	0.47136205434799194	1.4096816778182983	1.3649847507476807	False	[1 1 0 0 1 0]	[0 0 1 0 0 0]	[0 1 0 0 1 1]	[0 1 0 0 0 0]
8	-0.6666666865348816	3.9546101093292236	0.8024526834487915	0.29409492015838623	1.2068567276000977	1.6512057781219482	False	[1 1 0 0 0 0]	[0 0 0 0 0 0]	[0 1 0 0 1 0]	[0 1 0 1 0 0]
8	-0.8333333134651184	3.607300043106079	0.3816007971763611	0.5024364590644836	1.3756906986236572	1.3475720882415771	False	[1 1 0 0 1 0]	[0 0 1 0 0 0]	[0 1 0 0 1 1]	[0 1 0 0 0 0]
8	-0.6666666865348816	4.019002914428711	0.8610817193984985	0.2907922565937042	1.210323452949524	1.6568055152893066	False	[1 1 0 0 0 0]	[0 0 0 0 0 0]	[0 1 0 0 1 0]	[0 1 0 1 0 0]
8	-0.8333333134651184	3.55618953704834	0.3567078113555908	0.4903750419616699	1.3730285167694092	1.33607816696167	False	[1 1 0 0 1 0]	[0 0 1 0 0 0]	[0 1 0 0 1 1]	[0 1 0 0 0 0]
8	-0.6666666865348816	3.9365432262420654	0.8171941041946411	0.30051112174987793	1.184192180633545	1.634645700454712	False	[1 1 0 0 0 0]	[0 0 0 0 0 0]	[0 1 0 0 1 0]	[0 1 0 1 0 0]
8	-0.8333333134651184	3.680699348449707	0.37359651923179626	0.48315638303756714	1.4377474784851074	1.3861989974975586	False	[1 1 0 0 1 0]	[0 0 1 0 0 0]	[0 1 0 0 1 1]	[0 1 0 0 0 0]
8	-0.6666666865348816	3.9871439933776855	0.8529096245765686	0.2908068001270294	1.1992182731628418	1.644209384918213	False	[1 1 0 0 0 0]	[0 0 0 0 0 0]	[0 1 0 0 1 0]	[0 1 0 1 0 0]
8	-0.8333333134651184	3.635462760925293	0.3327152729034424	0.4616761803627014	1.4460861682891846	1.3949850797653198	False	[1 1 0 0 1 0]	[0 0 1 0 0 0]	[0 1 0 0 1 1]	[0 1 0 0 0 0]
8	-0.6666666865348816	3.955264091491699	0.8131634593009949	0.3031472861766815	1.1944608688354492	1.6444926261901855	False	[1 1 0 0 0 0]	[0 0 0 0 0 0]	[0 1 0 0 1 0]	[0 1 0 1 0 0]
8	-0.8333333134651184	3.6811509132385254	0.3942420780658722	0.4478667974472046	1.4297912120819092	1.4092508554458618	False	[1 1 0 0 1 0]	[0 0 1 0 0 0]	[0 1 0 0 1 1]	[0 1 0 0 0 0]
8	-0.6666666865348816	4.006203651428223	0.8486817479133606	0.29632091522216797	1.211609125137329	1.6495921611785889	False	[1 1 0 0 0 0]	[0 0 0 0 0 0]	[0 1 0 0 1 0]	[0 1 0 1 0 0]
8	-0.8333333134651184	3.575984239578247	0.33665966987609863	0.46709543466567993	1.4160875082015991	1.3561415672302246	False	[1 1 0 0 1 0]	[0 0 1 0 0 0]	[0 1 0 0 1 1]	[0 1 0 0 0 0]
8	-0.6666666865348816	3.9572701454162598	0.828964352607727	0.3002762198448181	1.1822491884231567	1.6457806825637817	False	[1 1 0 0 0 0]	[0 0 0 0 0 0]	[0 1 0 0 1 0]	[0 1 0 1 0 0]
8	-0.8333333134651184	3.635225772857666	0.3501567840576172	0.475213885307312	1.4195226430892944	1.390332579612732	False	[1 1 0 0 1 0]	[0 0 1 0 0 0]	[0 1 0 0 1 1]	[0 1 0 0 0 0]
8	-0.6666666865348816	3.948620319366455	0.8257436156272888	0.3028436601161957	1.1895583868026733	1.63047456741333	False	[1 1 0 0 0 0]	[0 0 0 0 0 0]	[0 1 0 0 1 0]	[0 1 0 1 0 0]
8	-0.8333333134651184	3.64121150970459	0.35272347927093506	0.48059529066085815	1.425822377204895	1.3820703029632568	False	[1 1 0 0 1 0]	[0 0 1 0 0 0]	[0 1 0 0 1 1]	[0 1 0 0 0 0]
8	-0.6666666865348816	3.9970035552978516	0.862629234790802	0.2986661195755005	1.194293737411499	1.6414144039154053	False	[1 1 0 0 0 0]	[0 0 0 0 0 0]	[0 1 0 0 1 0]	[0 1 0 1 0 0]
9	-0.5	4.310948371887207	0.8947887420654297	1.4964252710342407	0.7875170707702637	1.1322171688079834	False	[0 1 0 0 0 0]	[1 0 0 0 0 0]	[0 0 0 0 1 0]	[0 0 0 1 0 0]
9	0.3700000047683716	3.615203857421875	0.7423223853111267	0.41294270753860474	1.6227604150772095	0.8371782898902893	False	[1 1 0 0 0 0]	[1 0 1 0 0 0]	[0 1 0 0 1 0]	[0 0 0 0 0 0]
9	-0.5	1.7791814804077148	0.32673752307891846	0.33855074644088745	0.7366378307342529	0.37725549936294556	False	[1 1 0 0 1 0]	[1 0 0 0 0 0]	[0 1 0 0 1 1]	[0 0 0 1 0 0]
9	-0.6666666865348816	4.6070098876953125	1.218970537185669	1.1898972988128662	0.7346376180648804	1.4635040760040283	False	[1 1 0 0 1 1]	[1 0 1 0 0 0]	[0 1 0 0 1 0]	[0 0 0 1 0 1]
9	-0.6666666865348816	3.0236339569091797	0.2190278023481369	0.09839612245559692	1.1189942359924316	1.5872156620025635	False	[1 1 0 0 0 1]	[1 0 0 0 0 0]	[0 1 0 0 1 1]	[0 1 0 1 0 1]
9	-0.6666666865348816	3.010227680206299	0.33697235584259033	0.17380979657173157	1.2827017307281494	1.21674382686615	False	[1 1 0 0 1 1]	[1 0 1 0 0 0]	[0 1 0 1 1 1]	[0 1 0 1 0 0]
9	-0.6666666865348816	2.209895610809326	0.09935852885246277	0.14693978428840637	0.57844078540802	1.3851566314697266	False	[1 1 0 0 0 1]	[1 0 0 0 0 0]	[0 1 0 1 1 0]	[0 1 0 0 0 0]
9	-0.6666666865348816	2.8519701957702637	0.4545641243457794	0.8180443048477173	1.2253212928771973	0.35404059290885925	False	[1 1 0 0 1 1]	[1 0 1 0 0 0]	[0 1 0 1 1 1]	[0 1 0 1 0 0]
9	0.1599999964237213	2.1989946365356445	0.09501248598098755	0.1472218930721283	0.5668776631355286	1.3898826837539673	False	[1 1 0 0 0 1]	[1 0 0 0 0 0]	[0 1 0 1 1 0]	[0 0 0 1 0 0]
9	-0.6666666865348816	2.5384466648101807	0.6847324967384338	0.9228748083114624	0.7528838515281677	0.1779554933309555	False	[1 1 0 0 1 1]	[1 0 1 0 0 0]	[0 1 0 1 1 1]	[0 0 0 0 0 0]
9	-0.6666666865348816	2.1753571033477783	0.10554571449756622	0.12652930617332458	0.6632565259933472	1.2800254821777344	False	[1 1 0 0 0 1]	[1 0 0 0 0 0]	[0 1 0 1 1 0]	[0 1 0 0 0 0]
9	-0.6666666865348816	2.816763162612915	0.41113942861557007	0.8253163695335388	1.225520133972168	0.35478702187538147	False	[1 1 0 0 1 1]	[1 0 1 0 0 0]	[0 1 0 1 1 1]	[0 1 0 1 0 0]
9	0.16249999403953552	2.265033721923828	0.10701527446508408	0.1381092518568039	0.5916337966918945	1.428275465965271	False	[1 1 0 0 0 1]	[1 0 0 0 0 0]	[0 1 0 1 1 0]	[0 0 0 1 0 0]
9	-0.6666666865348816	2.3807952404022217	0.5847505331039429	0.8991625308990479	0.7207157015800476	0.17616650462150574	False	[1 1 0 0 1 1]	[1 0 1 0 0 0]	[0 1 0 1 1 1]	[0 0 0 0 0 0]
9	-0.6666666865348816	2.1632351875305176	0.08271948248147964	0.13387228548526764	0.681147038936615	1.2654964923858643	False	[1 1 0 0 0 1]	[1 0 0 0 0 0]	[0 1 0 1 1 0]	[0 1 0 0 0 0]
9	-0.6666666865348816	2.8954625129699707	0.48710179328918457	0.8200564980506897	1.2434591054916382	0.34484532475471497	False	[1 1 0 0 1 1]	[1 0 1 0 0 0]	[0 1 0 1 1 1]	[0 1 0 1 0 0]
9	0.17000000178813934	2.234870433807373	0.09185422956943512	0.1472129374742508	0.5865721702575684	1.409231185913086	False	[1 1 0 0 0 1]	[1 0 0 0 0 0]	[0 1 0 1 1 0]	[0 0 0 1 0 0]
9	-0.6666666865348816	2.3892831802368164	0.5691874623298645	0.905832052230835	0.74306720495224	0.17119640111923218	False	[1 1 0 0 1 1]	[1 0 1 0 0 0]	[0 1 0 1 1 1]	[0 0 0 0 0 0]
9	-0.6666666865348816	2.0999395847320557	0.08104050159454346	0.13923156261444092	0.6332656145095825	1.2464019060134888	False	[1 1 0 0 0 1]	[1 0 0 0 0 0]	[0 1 0 1 1 0]	[0 1 0 0 0 0]
9	-0.6666666865348816	2.866988182067871	0.4427841603755951	0.8283517956733704	1.2389817237854004	0.3568705916404724	False	[1 1 0 0 1 1]	[1 0 1 0 0 0]	[0 1 0 1 1 1]	[0 1 0 1 0 0]
9	0.1550000011920929	2.25459361076355	0.10886108130216599	0.14040450751781464	0.5904046297073364	1.4149234294891357	False	[1 1 0 0 0 1]	[1 0 0 0 0 0]	[0 1 0 1 1 0]	[0 0 0 1 0 0]
9	-0.6666666865348816	2.3854212760925293	0.5623382925987244	0.9030207395553589	0.736913800239563	0.18314838409423828	False	[1 1 0 0 1 1]	[1 0 1 0 0 0]	[0 1 0 1 1 1]	[0 0 0 0 0 0]
9	-0.6666666865348816	2.1363987922668457	0.08716050535440445	0.1358904242515564	0.6569882035255432	1.2563596963882446	False	[1 1 0 0 0 1]	[1 0 0 0 0 0]	[0 1 0 1 1 0]	[0 1 0 0 0 0]
9	-0.6666666865348816	2.817476511001587	0.4118819534778595	0.8133968114852905	1.2327572107315063	0.35944056510925293	False	[1 1 0 0 1 1]	[1 0 1 0 0 0]	[0 1 0 1 1 1]	[0 1 0 1 0 0]
9	0.16249999403953552	2.2225465774536133	0.08249323070049286	0.1381409615278244	0.6020302772521973	1.3998820781707764	False	[1 1 0 0 0 1]	[1 0 0 0 0 0]	[0 1 0 1 1 0]	[0 0 0 1 0 0]
9	-0.6666666865348816	2.4704742431640625	0.6253679990768433	0.914081871509552	0.748576819896698	0.18244731426239014	False	[1 1 0 0 1 1]	[1 0 1 0 0 0]	[0 1 0 1 1 1]	[0 0 0 0 0 0]
9	-0.6666666865348816	2.138077735900879	0.08906872570514679	0.13116499781608582	0.6591860055923462	1.2586579322814941	False	[1 1 0 0 0 1]	[1 0 0 0 0 0]	[0 1 0 1 1 0]	[0 1 0 0 0 0]
9	-0.6666666865348816	2.8641533851623535	0.4812396466732025	0.8181269764900208	1.2190618515014648	0.3457251787185669	False	[1 1 0 0 1 1]	[1 0 1 0 0 0]	[0 1 0 1 1 1]	[0 1 0 1 0 0]
9	0.18250000476837158	2.2431297302246094	0.09005273878574371	0.14065290987491608	0.6015401482582092	1.410883903503418	False	[1 1 0 0 0 1]	[1 0 0 0 0 0]	[0 1 0 1 1 0]	[0 0 0 1 0 0]
9	-0.6666666865348816	2.4279870986938477	0.6076531410217285	0.9118282198905945	0.717090904712677	0.19141489267349243	False	[1 1 0 0 1 1]	[1 0 1 0 0 0]	[0 1 0 1 1 1]	[0 0 0 0 0 0]
10	-0.5	3.9944891929626465	0.733797013759613	1.305139183998108	1.0025161504745483	0.9530367255210876	False	[0 1 0 0 0 0]	[0 0 0 1 0 0]	[0 0 0 0 1 0]	[0 0 0 1 0 0]
10	-0.8333333134651184	4.307855606079102	0.9965227842330933	0.9902821779251099	1.447270154953003	0.8737802505493164	False	[0 1 0 0 1 0]	[0 0 1 1 0 0]	[0 0 0 0 1 1]	[0 0 0 1 0 1]
10	-0.8333333134651184	4.586194038391113	0.9112189412117004	1.155191421508789	1.18247652053833	1.3373069763183594	False	[0 1 0 0 0 0]	[0 0 1 0 0 0]	[0 0 0 1 1 1]	[0 1 0 1 0 1]
10	0.3449999988079071	2.5149683952331543	0.1922055035829544	0.3004932701587677	1.0877478122711182	0.9345217347145081	False	[0 1 0 0 1 0]	[0 0 0 0 0 0]	[0 0 0 0 1 1]	[0 1 0 1 0 0]
10	-0.8333333134651184	2.1392312049865723	0.06592729687690735	0.260073184967041	0.8785903453826904	0.9346402883529663	False	[0 1 0 0 0 0]	[0 0 1 0 0 0]	[0 0 0 0 1 0]	[0 1 0 0 0 0]
10	0.27000001072883606	3.502455234527588	0.9707621335983276	0.4701576828956604	0.9447246193885803	1.1168107986450195	False	[0 1 0 0 1 0]	[0 0 0 0 0 0]	[0 1 0 0 1 0]	[0 1 0 1 0 0]
10	-0.5	4.723142623901367	0.9600754976272583	1.187203049659729	1.5566991567611694	1.019165277481079	False	[0 1 0 0 0 0]	[0 0 1 0 0 0]	[0 1 0 0 1 1]	[0 1 0 0 0 0]
10	0.3199999928474426	2.167254686355591	0.1073293462395668	0.4307108223438263	0.9344490766525269	0.6947654485702515	False	[0 1 0 0 1 0]	[0 0 0 0 0 0]	[0 1 0 0 1 0]	[0 1 0 1 0 0]
10	-0.5	4.554115295410156	0.8590078949928284	1.0940099954605103	1.5852283239364624	1.0158692598342896	False	[0 1 0 0 0 0]	[0 0 1 0 0 0]	[0 1 0 0 1 1]	[0 1 0 0 0 0]
10	0.30000001192092896	2.1862893104553223	0.10734160989522934	0.41426271200180054	0.9476578235626221	0.7170270681381226	False	[0 1 0 0 1 0]	[0 0 0 0 0 0]	[0 1 0 0 1 0]	[0 1 0 1 0 0]
10	-0.5	4.7032976150512695	0.9641749262809753	1.183789849281311	1.5351817607879639	1.0201513767242432	False	[0 1 0 0 0 0]	[0 0 1 0 0 0]	[0 1 0 0 1 1]	[0 1 0 0 0 0]
10	0.30000001192092896	2.252458095550537	0.11161310970783234	0.4118449091911316	0.9927563071250916	0.7362438440322876	False	[0 1 0 0 1 0]	[0 0 0 0 0 0]	[0 1 0 0 1 0]	[0 1 0 1 0 0]
10	-0.5	4.6920366287231445	0.9148184061050415	1.1728260517120361	1.5846613645553589	1.0197304487228394	False	[0 1 0 0 0 0]	[0 0 1 0 0 0]	[0 1 0 0 1 1]	[0 1 0 0 0 0]
10	0.3400000035762787	2.2112784385681152	0.10265514999628067	0.43050575256347656	0.9555270671844482	0.7225903868675232	False	[0 1 0 0 1 0]	[0 0 0 0 0 0]	[0 1 0 0 1 0]	[0 1 0 1 0 0]
10	-0.5	4.624319553375244	0.9045554399490356	1.137357234954834	1.571113109588623	1.0112937688827515	False	[0 1 0 0 0 0]	[0 0 1 0 0 0]	[0 1 0 0 1 1]	[0 1 0 0 0 0]
10	0.3100000023841858	2.184014320373535	0.10440930724143982	0.4577489197254181	0.9290920495986938	0.6927639842033386	False	[0 1 0 0 1 0]	[0 0 0 0 0 0]	[0 1 0 0 1 0]	[0 1 0 1 0 0]
10	-0.5	4.727949142456055	0.9858622550964355	1.1903467178344727	1.5363669395446777	1.0153732299804688	False	[0 1 0 0 0 0]	[0 0 1 0 0 0]	[0 1 0 0 1 1]	[0 1 0 0 0 0]
10	0.2750000059604645	2.191164493560791	0.10792272537946701	0.4492656886577606	0.9235402345657349	0.7104359865188599	False	[0 1 0 0 1 0]	[0 0 0 0 0 0]	[0 1 0 0 1 0]	[0 1 0 1 0 0]
10	-0.5	4.677888870239258	0.9342304468154907	1.165749430656433	1.5525805950164795	1.025328516960144	False	[0 1 0 0 0 0]	[0 0 1 0 0 0]	[0 1 0 0 1 1]	[0 1 0 0 0 0]
10	0.33000001311302185	2.2465105056762695	0.1086975559592247	0.4241863489151001	0.9527044296264648	0.7609221935272217	False	[0 1 0 0 1 0]	[0 0 0 0 0 0]	[0 1 0 0 1 0]	[0 1 0 1 0 0]
10	-0.5	4.540979862213135	0.8721782565116882	1.1259170770645142	1.5407392978668213	1.0021451711654663	False	[0 1 0 0 0 0]	[0 0 1 0 0 0]	[0 1 0 0 1 1]	[0 1 0 0 0 0]
10	0.2849999964237213	2.2265548706054688	0.11352970451116562	0.4285503029823303	0.9472317099571228	0.7372430562973022	False	[0 1 0 0 1 0]	[0 0 0 0 0 0]	[0 1 0 0 1 0]	[0 1 0 1 0 0]
10	-0.5	4.536306858062744	0.8729612231254578	1.115040898323059	1.5511655807495117	0.9971390962600708	False	[0 1 0 0 0 0]	[0 0 1 0 0 0]	[0 1 0 0 1 1]	[0 1 0 0 0 0]
10	0.2750000059604645	2.2024242877960205	0.1046636626124382	0.43040359020233154	0.9539686441421509	0.7133884429931641	False	[0 1 0 0 1 0]	[0 0 0 0 0 0]	[0 1 0 0 1 0]	[0 1 0 1 0 0]
10	-0.5	4.803067207336426	1.0003730058670044	1.189771056175232	1.5757087469100952	1.0372140407562256	False	[0 1 0 0 0 0]	[0 0 1 0 0 0]	[0 1 0 0 1 1]	[0 1 0 0 0 0]
10	0.27000001072883606	2.1871724128723145	0.10671446472406387	0.426620215177536	0.9436577558517456	0.7101800441741943	False	[0 1 0 0 1 0]	[0 0 0 0 0 0]	[0 1 0 0 1 0]	[0 1 0 1 0 0]
10	-0.5	4.561953067779541	0.8815322518348694	1.1396698951721191	1.540202021598816	1.0005487203598022	False	[0 1 0 0 0 0]	[0 0 1 0 0 0]	[0 1 0 0 1 1]	[0 1 0 0 0 0]
10	0.2849999964237213	2.1887331008911133	0.10603547841310501	0.4178379476070404	0.9525927305221558	0.7122670412063599	False	[0 1 0 0 1 0]	[0 0 0 0 0 0]	[0 1 0 0 1 0]	[0 1 0 1 0 0]
10	-0.5	4.541547775268555	0.845039963722229	1.1000889539718628	1.5904157161712646	1.0060031414031982	False	[0 1 0 0 0 0]	[0 0 1 0 0 0]	[0 1 0 0 1 1]	[0 1 0 0 0 0]
10	0.30000001192092896	2.2256669998168945	0.10162371397018433	0.3845924735069275	0.9902421236038208	0.7492086291313171	False	[0 1 0 0 1 0]	[0 0 0 0 0 0]	[0 1 0 0 1 0]	[0 1 0 1 0 0]
11	-0.5	4.019829273223877	0.6869468092918396	1.2144988775253296	1.253724455833435	0.8646594285964966	False	[0 1 0 0 0 0]	[0 0 1 0 0 0]	[1 0 0 0 0 0]	[0 0 0 1 0 0]
11	0.23999999463558197	4.585638046264648	1.1276955604553223	0.6903914213180542	1.6689718961715698	1.0985794067382812	False	[0 1 0 0 1 0]	[0 0 0 0 0 0]	[1 0 0 1 0 0]	[0 0 0 1 0 1]
11	-0.5	4.907444953918457	1.3702887296676636	1.2004179954528809	1.0172553062438965	1.3194828033447266	False	[0 1 0 0 0 0]	[0 0 1 0 0 0]	[0 0 0 1 0 0]	[0 0 0 1 0 0]
11	0.25999999046325684	3.8394298553466797	0.8855849504470825	0.49712780117988586	1.4858185052871704	0.9708987474441528	False	[0 1 0 0 1 0]	[0 0 0 0 0 0]	[1 0 0 1 0 0]	[0 0 0 1 0 1]
11	-0.5	4.904496192932129	1.3634963035583496	1.16764497756958	1.0623703002929688	1.3109843730926514	False	[0 1 0 0 0 0]	[0 0 1 0 0 0]	[0 0 0 1 0 0]	[0 0 0 1 0 0]
11	0.29249998927116394	3.968636989593506	0.9126992225646973	0.48059308528900146	1.5849931240081787	0.9903515577316284	False	[0 1 0 0 1 0]	[0 0 0 0 0 0]	[1 0 0 1 0 0]	[0 0 0 1 0 1]
11	-0.5	4.868608474731445	1.3246057033538818	1.1795825958251953	1.0834951400756836	1.2809251546859741	False	[0 1 0 0 0 0]	[0 0 1 0 0 0]	[0 0 0 1 0 0]	[0 0 0 1 0 0]
11	0.2800000011920929	4.004807949066162	0.9515164494514465	0.4957263469696045	1.5665431022644043	0.9910221695899963	False	[0 1 0 0 1 0]	[0 0 0 0 0 0]	[1 0 0 1 0 0]	[0 0 0 1 0 1]
11	-0.5	4.902065753936768	1.3498053550720215	1.1908460855484009	1.0987826585769653	1.2626320123672485	False	[0 1 0 0 0 0]	[0 0 1 0 0 0]	[0 0 0 1 0 0]	[0 0 0 1 0 0]
11	0.3050000071525574	3.9646966457366943	0.9091875553131104	0.5195140242576599	1.5670636892318726	0.9689313769340515	False	[0 1 0 0 1 0]	[0 0 0 0 0 0]	[1 0 0 1 0 0]	[0 0 0 1 0 1]
11	-0.5	4.920011520385742	1.3866755962371826	1.236190915107727	0.972419261932373	1.3247255086898804	False	[0 1 0 0 0 0]	[0 0 1 0 0 0]	[0 0 0 1 0 0]	[0 0 0 1 0 0]
11	0.23999999463558197	3.9823451042175293	0.948490560054779	0.489526629447937	1.5494027137756348	0.9949252605438232	False	[0 1 0 0 1 0]	[0 0 0 0 0 0]	[1 0 0 1 0 0]	[0 0 0 1 0 1]
11	-0.5	4.908132553100586	1.3731389045715332	1.1834295988082886	1.0344501733779907	1.3171138763427734	False	[0 1 0 0 0 0]	[0 0 1 0 0 0]	[0 0 0 1 0 0]	[0 0 0 1 0 0]
11	0.2849999964237213	3.9550395011901855	0.9171812534332275	0.4985673129558563	1.5599148273468018	0.979375958442688	False	[0 1 0 0 1 0]	[0 0 0 0 0 0]	[1 0 0 1 0 0]	[0 0 0 1 0 1]
11	-0.5	4.896478652954102	1.3820313215255737	1.1907789707183838	1.0078346729278564	1.3158340454101562	False	[0 1 0 0 0 0]	[0 0 1 0 0 0]	[0 0 0 1 0 0]	[0 0 0 1 0 0]
11	0.3050000071525574	3.8392739295959473	0.8825467824935913	0.5061903595924377	1.4830131530761719	0.967523455619812	False	[0 1 0 0 1 0]	[0 0 0 0 0 0]	[1 0 0 1 0 0]	[0 0 0 1 0 1]
11	-0.5	4.900726795196533	1.3636821508407593	1.2251485586166382	1.0069591999053955	1.3049370050430298	False	[0 1 0 0 0 0]	[0 0 1 0 0 0]	[0 0 0 1 0 0]	[0 0 0 1 0 0]
11	0.25999999046325684	3.993018865585327	0.9366129636764526	0.4718315601348877	1.5926322937011719	0.9919421672821045	False	[0 1 0 0 1 0]	[0 0 0 0 0 0]	[1 0 0 1 0 0]	[0 0 0 1 0 1]
11	-0.5	4.929836750030518	1.3772958517074585	1.2024734020233154	1.0633124113082886	1.286755084991455	False	[0 1 0 0 0 0]	[0 0 1 0 0 0]	[0 0 0 1 0 0]	[0 0 0 1 0 0]
11	0.27000001072883606	3.995420455932617	0.9281087517738342	0.5077060461044312	1.572704792022705	0.9869006872177124	False	[0 1 0 0 1 0]	[0 0 0 0 0 0]	[1 0 0 1 0 0]	[0 0 0 1 0 1]
11	-0.5	4.907793998718262	1.3720781803131104	1.2137426137924194	1.0474660396575928	1.2745074033737183	False	[0 1 0 0 0 0]	[0 0 1 0 0 0]	[0 0 0 1 0 0]	[0 0 0 1 0 0]
11	0.2849999964237213	3.96601939201355	0.9058368802070618	0.5129426717758179	1.5735265016555786	0.9737131595611572	False	[0 1 0 0 1 0]	[0 0 0 0 0 0]	[1 0 0 1 0 0]	[0 0 0 1 0 1]
11	-0.5	4.898479461669922	1.37318754196167	1.2049834728240967	1.018212914466858	1.3020954132080078	False	[0 1 0 0 0 0]	[0 0 1 0 0 0]	[0 0 0 1 0 0]	[0 0 0 1 0 0]
11	0.29499998688697815	4.000833034515381	0.9320955872535706	0.514650285243988	1.5748848915100098	0.979202151298523	False	[0 1 0 0 1 0]	[0 0 0 0 0 0]	[1 0 0 1 0 0]	[0 0 0 1 0 1]
11	-0.5	4.906070709228516	1.3813436031341553	1.1920156478881836	0.9960066676139832	1.3367046117782593	False	[0 1 0 0 0 0]	[0 0 1 0 0 0]	[0 0 0 1 0 0]	[0 0 0 1 0 0]
11	0.3050000071525574	3.9713234901428223	0.9278010129928589	0.5047577619552612	1.5589488744735718	0.9798160791397095	False	[0 1 0 0 1 0]	[0 0 0 0 0 0]	[1 0 0 1 0 0]	[0 0 0 1 0 1]
11	-0.5	4.920783042907715	1.3723907470703125	1.2002382278442383	1.0838614702224731	1.26429283618927	False	[0 1 0 0 0 0]	[0 0 1 0 0 0]	[0 0 0 1 0 0]	[0 0 0 1 0 0]
11	0.3100000023841858	3.942812442779541	0.9046653509140015	0.5071752667427063	1.565558910369873	0.9654127955436707	False	[0 1 0 0 1 0]	[0 0 0 0 0 0]	[1 0 0 1 0 0]	[0 0 0 1 0 1]
11	-0.5	4.925939083099365	1.4101043939590454	1.2152655124664307	1.0044629573822021	1.296106219291687	False	[0 1 0 0 0 0]	[0 0 1 0 0 0]	[0 0 0 1 0 0]	[0 0 0 1 0 0]
11	0.28999999165534973	4.001509189605713	0.9323365092277527	0.4967633783817291	1.5837798118591309	0.9886294603347778	False	[0 1 0 0 1 0]	[0 0 0 0 0 0]	[1 0 0 1 0 0]	[0 0 0 1 0 1]
12	-0.6666666865348816	3.9347267150878906	1.0662106275558472	0.9434499740600586	1.315657615661621	0.6094084978103638	False	[0 0 0 0 1 0]	[0 0 1 0 0 0]	[0 0 0 0 1 0]	[0 0 0 1 0 0]
12	0.14499999582767487	4.359377861022949	0.9701454043388367	0.9621173143386841	1.4007362127304077	1.026379108428955	False	[0 0 0 0 0 0]	[0 0 0 0 0 0]	[0 0 1 0 1 0]	[0 0 0 0 0 0]
12	-0.6666666865348816	3.9239234924316406	0.9421504139900208	0.8002471327781677	1.4593466520309448	0.7221794128417969	False	[0 0 0 0 1 0]	[0 0 1 0 0 0]	[0 0 1 0 0 0]	[0 0 0 1 0 0]
12	-0.6666666865348816	4.4554619789123535	1.1231135129928589	0.8874924182891846	1.3805351257324219	1.0643209218978882	False	[0 1 0 0 1 0]	[1 0 1 0 0 0]	[0 0 1 0 1 0]	[0 0 0 0 0 0]
12	0.13249999284744263	4.977617263793945	1.4927613735198975	0.8018960356712341	1.1730462312698364	1.5099135637283325	False	[0 0 0 0 1 0]	[1 0 0 0 0 0]	[0 1 1 0 1 0]	[1 0 0 0 0 0]
12	0.12250000238418579	3.8280928134918213	0.8477185368537903	1.0823438167572021	1.3803162574768066	0.517714262008667	False	[0 0 0 0 0 0]	[0 0 0 0 0 0]	[0 1 0 0 1 0]	[1 0 0 1 0 0]
12	-0.5	3.089348554611206	0.9816097021102905	0.927728533744812	0.9426191449165344	0.2373911440372467	False	[0 0 0 0 1 0]	[0 0 0 0 0 1]	[1 1 0 0 1 0]	[1 0 0 0 0 0]
12	-0.5	3.1559629440307617	0.7503857016563416	0.7010551691055298	1.231890320777893	0.47263193130493164	False	[0 1 0 0 1 0]	[0 0 0 0 0 0]	[1 1 0 0 1 1]	[1 0 0 1 0 0]
12	-0.6666666865348816	2.430593967437744	0.3049863576889038	0.3053938150405884	1.3224046230316162	0.4978092312812805	False	[0 1 0 0 0 0]	[0 0 1 0 0 0]	[0 1 0 0 1 1]	[1 0 0 0 0 0]
12	0.13750000298023224	1.8505373001098633	0.20482303202152252	0.43657946586608887	0.5999231338500977	0.6092117428779602	False	[0 1 0 0 1 0]	[0 0 0 0 0 0]	[0 1 0 0 1 0]	[1 0 0 1 0 0]
12	0.3050000071525574	2.427456855773926	0.5959116816520691	0.7648423314094543	0.7069452404975891	0.35975775122642517	False	[0 1 0 0 0 0]	[0 0 1 0 0 0]	[1 1 0 0 1 0]	[1 0 0 0 0 0]
12	-0.5	4.1760573387146	0.8247467279434204	1.0126171112060547	1.67348313331604	0.6652102470397949	False	[0 1 0 0 1 0]	[0 0 0 0 0 0]	[1 0 0 0 1 0]	[1 0 0 1 0 0]
12	0.25999999046325684	4.069214344024658	0.544475257396698	1.1227504014968872	1.5983195304870605	0.8036690950393677	False	[0 1 0 0 0 0]	[0 0 1 0 0 0]	[1 0 0 0 0 0]	[1 0 0 0 0 0]
12	-0.5	4.109160423278809	1.0153292417526245	0.8322412967681885	1.4693430662155151	0.7922469973564148	False	[0 1 0 0 1 0]	[0 0 0 0 0 0]	[1 0 0 0 1 0]	[1 0 0 1 0 0]
12	0.23499999940395355	4.032158851623535	0.5348759889602661	1.1171963214874268	1.591498851776123	0.7885873317718506	False	[0 1 0 0 0 0]	[0 0 1 0 0 0]	[1 0 0 0 0 0]	[1 0 0 0 0 0]
12	-0.5	4.088977336883545	1.0066299438476562	0.8467159867286682	1.4450191259384155	0.7906123399734497	False	[0 1 0 0 1 0]	[0 0 0 0 0 0]	[1 0 0 0 1 0]	[1 0 0 1 0 0]
12	0.28999999165534973	4.141829490661621	0.6160773038864136	1.1276119947433472	1.5720010995864868	0.8261388540267944	False	[0 1 0 0 0 0]	[0 0 1 0 0 0]	[1 0 0 0 0 0]	[1 0 0 0 0 0]
12	-0.5	4.094693660736084	0.9963333010673523	0.8528241515159607	1.4462448358535767	0.7992914319038391	False	[0 1 0 0 1 0]	[0 0 0 0 0 0]	[1 0 0 0 1 0]	[1 0 0 1 0 0]
12	0.2549999952316284	4.121841907501221	0.5920551419258118	1.1298305988311768	1.5864847898483276	0.8134713172912598	False	[0 1 0 0 0 0]	[0 0 1 0 0 0]	[1 0 0 0 0 0]	[1 0 0 0 0 0]
12	-0.5	4.153887748718262	1.0295977592468262	0.8272307515144348	1.4769543409347534	0.820105254650116	False	[0 1 0 0 1 0]	[0 0 0 0 0 0]	[1 0 0 0 1 0]	[1 0 0 1 0 0]
12	0.24500000476837158	4.076768398284912	0.5919225811958313	1.1137529611587524	1.5819652080535889	0.7891274690628052	False	[0 1 0 0 0 0]	[0 0 1 0 0 0]	[1 0 0 0 0 0]	[1 0 0 0 0 0]
12	-0.5	4.10504674911499	0.996753990650177	0.8476872444152832	1.4639722108840942	0.796633243560791	False	[0 1 0 0 1 0]	[0 0 0 0 0 0]	[1 0 0 0 1 0]	[1 0 0 1 0 0]
12	0.2849999964237213	4.043307304382324	0.5584527850151062	1.110181450843811	1.5911295413970947	0.7835435271263123	False	[0 1 0 0 0 0]	[0 0 1 0 0 0]	[1 0 0 0 0 0]	[1 0 0 0 0 0]
12	-0.5	4.117497444152832	1.0209561586380005	0.8411154747009277	1.4554526805877686	0.7999731302261353	False	[0 1 0 0 1 0]	[0 0 0 0 0 0]	[1 0 0 0 1 0]	[1 0 0 1 0 0]
12	0.2199999988079071	4.059201240539551	0.5584542155265808	1.1143888235092163	1.5894153118133545	0.796943187713623	False	[0 1 0 0 0 0]	[0 0 1 0 0 0]	[1 0 0 0 0 0]	[1 0 0 0 0 0]
12	-0.5	4.141684055328369	1.0225510597229004	0.8446889519691467	1.460947871208191	0.8134962916374207	False	[0 1 0 0 1 0]	[0 0 0 0 0 0]	[1 0 0 0 1 0]	[1 0 0 1 0 0]
12	0.23000000417232513	4.005728721618652	0.5717238783836365	1.092687964439392	1.5704684257507324	0.7708487510681152	False	[0 1 0 0 0 0]	[0 0 1 0 0 0]	[1 0 0 0 0 0]	[1 0 0 0 0 0]
12	-0.5	4.1424360275268555	1.010697364807129	0.847008228302002	1.4799295663833618	0.8048011064529419	False	[0 1 0 0 1 0]	[0 0 0 0 0 0]	[1 0 0 0 1 0]	[1 0 0 1 0 0]
12	0.24500000476837158	4.042353630065918	0.5587076544761658	1.1039440631866455	1.5836492776870728	0.7960525155067444	False	[0 1 0 0 0 0]	[0 0 1 0 0 0]	[1 0 0 0 0 0]	[1 0 0 0 0 0]
12	-0.5	4.108964443206787	1.0129363536834717	0.8401657342910767	1.454078197479248	0.8017839193344116	False	[0 1 0 0 1 0]	[0 0 0 0 0 0]	[1 0 0 0 1 0]	[1 0 0 1 0 0]
13	0.2150000035762787	3.1779661178588867	0.6430426836013794	0.9454523921012878	1.3989441394805908	0.1905270665884018	False	[0 0 0 0 1 0]	[0 0 1 0 0 0]	[1 0 0 0 0 0]	[0 0 0 1 0 0]
13	0.16249999403953552	3.6464743614196777	0.9652233719825745	0.9184558987617493	1.528644323348999	0.23415085673332214	False	[0 0 0 0 0 0]	[0 0 0 0 0 0]	[1 1 0 0 0 0]	[0 0 0 0 0 0]
13	-0.6666666865348816	3.2925000190734863	0.7004469633102417	0.8454696536064148	1.5581889152526855	0.1883944869041443	False	[0 0 0 0 1 0]	[0 0 1 0 0 0]	[0 1 0 0 0 0]	[0 0 0 1 0 0]
13	0.18000000715255737	3.922360897064209	0.9822704195976257	1.0727436542510986	1.5885884761810303	0.27875816822052	False	[0 0 0 0 0 0]	[0 0 0 0 0 0]	[1 1 0 0 0 0]	[0 0 0 0 0 0]
13	0.2750000059604645	3.320284605026245	0.7240734696388245	0.8305172920227051	1.5526156425476074	0.21307824552059174	False	[0 0 0 0 1 0]	[0 0 1 0 0 0]	[1 1 0 0 1 0]	[0 0 0 1 0 0]
13	0.1550000011920929	3.1332664489746094	0.6697981357574463	0.8715149760246277	1.4077247381210327	0.18422850966453552	False	[0 0 0 0 0 0]	[0 0 0 0 0 0]	[1 0 0 0 1 0]	[0 0 0 0 0 0]
13	0.27000001072883606	2.870837688446045	0.6442539691925049	0.6488069295883179	1.430056095123291	0.14772076904773712	False	[0 0 0 0 1 0]	[0 0 1 0 0 0]	[1 1 0 0 1 0]	[0 0 0 1 0 0]
13	0.14499999582767487	3.2406601905822754	0.729270875453949	0.8831078410148621	1.4276134967803955	0.20066773891448975	False	[0 0 0 0 0 0]	[0 0 0 0 0 0]	[1 0 0 0 1 0]	[0 0 0 0 0 0]
13	0.2849999964237213	2.87027645111084	0.6569585204124451	0.6498602628707886	1.4055184125900269	0.15793941915035248	False	[0 0 0 0 1 0]	[0 0 1 0 0 0]	[1 1 0 0 1 0]	[0 0 0 1 0 0]
13	0.15000000596046448	3.1731932163238525	0.7016153335571289	0.8612635731697083	1.4154088497161865	0.19490543007850647	False	[0 0 0 0 0 0]	[0 0 0 0 0 0]	[1 0 0 0 1 0]	[0 0 0 0 0 0]
13	0.3100000023841858	2.9069414138793945	0.6550780534744263	0.6693878173828125	1.4341068267822266	0.14836889505386353	False	[0 0 0 0 1 0]	[0 0 1 0 0 0]	[1 1 0 0 1 0]	[0 0 0 1 0 0]
13	0.14499999582767487	3.300567865371704	0.7574880719184875	0.896780788898468	1.4303926229476929	0.21590645611286163	False	[0 0 0 0 0 0]	[0 0 0 0 0 0]	[1 0 0 0 1 0]	[0 0 0 0 0 0]
13	0.2800000011920929	2.945363998413086	0.6965332627296448	0.6834908723831177	1.4072976112365723	0.1580422818660736	False	[0 0 0 0 1 0]	[0 0 1 0 0 0]	[1 1 0 0 1 0]	[0 0 0 1 0 0]
13	0.1574999988079071	3.2723727226257324	0.7345994710922241	0.899001955986023	1.4230930805206299	0.21567824482917786	False	[0 0 0 0 0 0]	[0 0 0 0 0 0]	[1 0 0 0 1 0]	[0 0 0 0 0 0]
13	0.3050000071525574	2.897597551345825	0.6683497428894043	0.6628878116607666	1.41270112991333	0.1536588966846466	False	[0 0 0 0 1 0]	[0 0 1 0 0 0]	[1 1 0 0 1 0]	[0 0 0 1 0 0]
13	0.14499999582767487	3.267404079437256	0.7339015007019043	0.9121435880661011	1.417141318321228	0.20421777665615082	False	[0 0 0 0 0 0]	[0 0 0 0 0 0]	[1 0 0 0 1 0]	[0 0 0 0 0 0]
13	0.2800000011920929	2.9168388843536377	0.6805866360664368	0.6612421274185181	1.4157540798187256	0.1592559963464737	False	[0 0 0 0 1 0]	[0 0 1 0 0 0]	[1 1 0 0 1 0]	[0 0 0 1 0 0]
13	0.15000000596046448	3.3064513206481934	0.7708550691604614	0.8885769844055176	1.4389344453811646	0.20808473229408264	False	[0 0 0 0 0 0]	[0 0 0 0 0 0]	[1 0 0 0 1 0]	[0 0 0 0 0 0]
13	0.33000001311302185	2.9198830127716064	0.7148057222366333	0.6347007155418396	1.41045081615448	0.15992575883865356	False	[0 0 0 0 1 0]	[0 0 1 0 0 0]	[1 1 0 0 1 0]	[0 0 0 1 0 0]
13	0.1599999964237213	3.0950708389282227	0.6545072197914124	0.8624382019042969	1.3965389728546143	0.18158647418022156	False	[0 0 0 0 0 0]	[0 0 0 0 0 0]	[1 0 0 0 1 0]	[0 0 0 0 0 0]
13	0.29499998688697815	2.9307701587677	0.673482358455658	0.6719056367874146	1.4273285865783691	0.15805372595787048	False	[0 0 0 0 1 0]	[0 0 1 0 0 0]	[1 1 0 0 1 0]	[0 0 0 1 0 0]
13	0.1550000011920929	3.1487715244293213	0.6749762296676636	0.8675568699836731	1.4120814800262451	0.1941569596529007	False	[0 0 0 0 0 0]	[0 0 0 0 0 0]	[1 0 0 0 1 0]	[0 0 0 0 0 0]
13	0.26499998569488525	2.875882387161255	0.659051239490509	0.6535921692848206	1.4134291410446167	0.14980973303318024	False	[0 0 0 0 1 0]	[0 0 1 0 0 0]	[1 1 0 0 1 0]	[0 0 0 1 0 0]
13	0.13500000536441803	3.237626552581787	0.7228944897651672	0.9131346344947815	1.405053734779358	0.19654376804828644	False	[0 0 0 0 0 0]	[0 0 0 0 0 0]	[1 0 0 0 1 0]	[0 0 0 0 0 0]
13	0.2800000011920929	2.9336185455322266	0.6803407669067383	0.6647372841835022	1.4323186874389648	0.15622186660766602	False	[0 0 0 0 1 0]	[0 0 1 0 0 0]	[1 1 0 0 1 0]	[0 0 0 1 0 0]
13	0.17000000178813934	3.3616316318511963	0.7896814346313477	0.9132778644561768	1.436909794807434	0.22176232933998108	False	[0 0 0 0 0 0]	[0 0 0 0 0 0]	[1 0 0 0 1 0]	[0 0 0 0 0 0]
13	0.3050000071525574	2.808368682861328	0.6609675884246826	0.618955671787262	1.3738927841186523	0.15455280244350433	False	[0 0 0 0 1 0]	[0 0 1 0 0 0]	[1 1 0 0 1 0]	[0 0 0 1 0 0]
13	0.14499999582767487	3.2290780544281006	0.7333861589431763	0.8689401149749756	1.424432635307312	0.20231908559799194	False	[0 0 0 0 0 0]	[0 0 0 0 0 0]	[1 0 0 0 1 0]	[0 0 0 0 0 0]
13	0.35499998927116394	2.8675732612609863	0.6770769953727722	0.6312981247901917	1.399552345275879	0.15964575111865997	False	[0 0 0 0 1 0]	[0 0 1 0 0 0]	[1 1 0 0 1 0]	[0 0 0 1 0 0]
13	0.13249999284744263	3.239774465560913	0.7375819087028503	0.8751335740089417	1.4251174926757812	0.20194147527217865	False	[0 0 0 0 0 0]	[0 0 0 0 0 0]	[1 0 0 0 1 0]	[0 0 0 0 0 0]
14	0.25	3.24300217628479	0.8964409232139587	0.9978182911872864	1.1292400360107422	0.21950289607048035	False	[0 0 0 0 1 0]	[0 0 1 0 0 0]	[1 0 0 0 0 0]	[0 0 0 1 0 0]
14	0.16750000417232513	3.551022529602051	0.9214476346969604	0.9751338958740234	1.3861063718795776	0.2683345675468445	False	[0 1 0 0 1 0]	[0 0 0 0 0 0]	[1 0 1 0 0 0]	[0 0 0 0 0 0]
14	0.20499999821186066	4.191149711608887	1.028649091720581	1.1601465940475464	1.495692253112793	0.5066617727279663	False	[0 0 0 0 1 0]	[0 0 1 0 0 0]	[1 0 0 0 0 0]	[0 0 0 1 0 0]
14	0.1550000011920929	3.6119866371154785	0.9379578828811646	0.981406569480896	1.4425458908081055	0.2500763535499573	False	[0 1 0 0 1 0]	[0 0 0 0 0 0]	[1 0 1 0 0 0]	[0 0 0 0 0 0]
14	0.23499999940395355	4.193504810333252	1.029416799545288	1.1652098894119263	1.5108076333999634	0.48807066679000854	False	[0 0 0 0 1 0]	[0 0 1 0 0 0]	[1 0 0 0 0 0]	[0 0 0 1 0 0]
14	0.13249999284744263	3.5515148639678955	0.9381330609321594	0.9571465253829956	1.4039393663406372	0.2522957921028137	False	[0 1 0 0 1 0]	[0 0 0 0 0 0]	[1 0 1 0 0 0]	[0 0 0 0 0 0]
14	0.23999999463558197	4.1902666091918945	1.0345344543457031	1.1647789478302002	1.5100563764572144	0.4808969497680664	False	[0 0 0 0 1 0]	[0 0 1 0 0 0]	[1 0 0 0 0 0]	[0 0 0 1 0 0]
14	0.1525000035762787	3.562066078186035	0.9208736419677734	0.9687273502349854	1.399427056312561	0.27303797006607056	False	[0 1 0 0 1 0]	[0 0 0 0 0 0]	[1 0 1 0 0 0]	[0 0 0 0 0 0]
14	0.25	4.216532230377197	1.030884861946106	1.169862985610962	1.5049901008605957	0.5107942819595337	False	[0 0 0 0 1 0]	[0 0 0 0 0 1]	[1 0 0 0 0 0]	[0 0 0 1 0 0]
14	0.15000000596046448	3.2668890953063965	0.46385666728019714	0.6591473817825317	1.0691181421279907	1.0747668743133545	False	[0 1 0 0 1 0]	[0 0 0 0 0 0]	[1 0 0 0 0 1]	[0 0 0 0 0 0]
14	-0.8333333134651184	3.1843388080596924	0.7661120295524597	0.8556562662124634	0.8173316121101379	0.7452389597892761	False	[0 1 0 0 0 0]	[0 0 1 0 0 0]	[0 0 0 0 0 1]	[0 0 0 1 0 0]
14	-0.6666666865348816	3.7401063442230225	1.1113831996917725	0.9888393878936768	0.9066943526268005	0.7331894040107727	False	[0 1 0 0 1 0]	[1 0 1 0 0 0]	[1 0 0 0 0 1]	[0 0 0 0 0 0]
14	-0.5	4.791066646575928	1.5209887027740479	0.5765960216522217	1.3460694551467896	1.3474127054214478	False	[0 0 0 0 1 0]	[1 0 1 0 0 1]	[0 0 0 0 0 1]	[1 0 0 0 0 0]
14	0.15000000596046448	3.1814231872558594	0.8125114440917969	0.4690002202987671	0.8722683787345886	1.0276433229446411	False	[0 1 0 0 1 0]	[1 0 1 0 0 0]	[0 0 0 0 0 0]	[0 0 0 0 0 0]
14	-0.5	4.622781753540039	1.650342583656311	0.9466338753700256	1.2195894718170166	0.8062155246734619	False	[0 0 0 0 1 0]	[1 0 1 0 0 1]	[0 1 0 0 0 0]	[1 0 0 0 0 0]
14	-0.8333333134651184	3.3820319175720215	0.7440823912620544	0.9767454862594604	1.285933017730713	0.37527111172676086	False	[0 1 0 0 1 0]	[1 0 0 0 0 1]	[0 1 0 0 0 1]	[1 0 0 1 0 0]
14	0.15000000596046448	4.0081071853637695	1.3634775876998901	1.358507513999939	0.4043755531311035	0.8817464113235474	False	[1 1 0 0 1 0]	[1 0 0 0 0 0]	[1 1 0 0 0 1]	[1 0 0 0 0 0]
14	-0.8333333134651184	3.424468517303467	1.1146048307418823	1.0174449682235718	0.6028586626052856	0.6895599365234375	False	[1 1 0 0 0 0]	[1 0 1 0 0 0]	[0 1 0 0 0 1]	[1 0 0 1 0 0]
14	0.18000000715255737	3.761303424835205	1.0518436431884766	1.0658884048461914	1.1234744787216187	0.5200968980789185	False	[1 1 0 0 1 0]	[1 0 0 0 0 0]	[1 1 0 0 0 1]	[1 0 0 0 0 0]
14	-0.8333333134651184	3.373244285583496	1.096693515777588	1.014566421508789	0.5833187103271484	0.6786657571792603	False	[1 1 0 0 0 0]	[1 0 1 0 0 0]	[0 1 0 0 0 1]	[1 0 0 1 0 0]
14	0.1599999964237213	4.040016174316406	1.134041666984558	1.0732219219207764	1.1739134788513184	0.6588392853736877	False	[1 1 0 0 1 0]	[1 0 0 0 0 0]	[1 1 0 0 0 1]	[1 0 0 0 0 0]
14	-0.8333333134651184	3.424008369445801	1.1233760118484497	1.0200670957565308	0.5830616354942322	0.6975034475326538	False	[1 1 0 0 0 0]	[1 0 1 0 0 0]	[0 1 0 0 0 1]	[1 0 0 1 0 0]
14	0.1899999976158142	3.9192466735839844	1.0924497842788696	1.0836759805679321	1.1518594026565552	0.5912615060806274	False	[1 1 0 0 1 0]	[1 0 0 0 0 0]	[1 1 0 0 0 1]	[1 0 0 0 0 0]
14	-0.8333333134651184	3.4154324531555176	1.1067527532577515	0.9959237575531006	0.60811847448349	0.7046375274658203	False	[1 1 0 0 0 0]	[1 0 1 0 0 0]	[0 1 0 0 0 1]	[1 0 0 1 0 0]
14	0.1574999988079071	4.0196428298950195	1.118674635887146	1.083172082901001	1.1612982749938965	0.6564977169036865	False	[1 1 0 0 1 0]	[1 0 0 0 0 0]	[1 1 0 0 0 1]	[1 0 0 0 0 0]
14	-0.8333333134651184	3.4328033924102783	1.112030029296875	1.022754192352295	0.5917354822158813	0.7062838077545166	False	[1 1 0 0 0 0]	[1 0 1 0 0 0]	[0 1 0 0 0 1]	[1 0 0 1 0 0]
14	0.1599999964237213	4.014238357543945	1.1076995134353638	1.1118282079696655	1.1495503187179565	0.6451602578163147	False	[1 1 0 0 1 0]	[1 0 0 0 0 0]	[1 1 0 0 0 1]	[1 0 0 0 0 0]
14	-0.8333333134651184	3.408174514770508	1.1066439151763916	1.0308153629302979	0.5860711932182312	0.6846439242362976	False	[1 1 0 0 0 0]	[1 0 1 0 0 0]	[0 1 0 0 0 1]	[1 0 0 1 0 0]
14	0.17000000178813934	3.9946470260620117	1.1025084257125854	1.1032483577728271	1.1513721942901611	0.637518048286438	False	[1 1 0 0 1 0]	[1 0 0 0 0 0]	[1 1 0 0 0 1]	[1 0 0 0 0 0]
14	-0.8333333134651184	3.416654109954834	1.1143686771392822	1.0335944890975952	0.5766661763191223	0.6920249462127686	False	[1 1 0 0 0 0]	[1 0 1 0 0 0]	[0 1 0 0 0 1]	[1 0 0 1 0 0]
15	0.1899999976158142	3.8552563190460205	1.2199618816375732	1.0290372371673584	1.266555905342102	0.33970147371292114	False	[0 0 0 0 1 0]	[1 0 0 0 0 0]	[1 0 0 0 0 0]	[0 0 0 1 0 0]
15	-0.6666666865348816	4.4166059494018555	0.5510044693946838	1.2055436372756958	1.634305477142334	1.0257521867752075	False	[0 1 0 0 1 0]	[1 0 1 0 0 0]	[1 0 0 0 1 0]	[0 0 0 0 0 0]
15	-0.6666666865348816	3.0861966609954834	1.0217995643615723	0.13508036732673645	0.9412682056427002	0.9880485534667969	False	[0 1 0 0 0 0]	[1 0 0 0 0 0]	[1 0 0 0 1 1]	[1 0 0 0 0 0]
15	-0.8333333134651184	4.211612701416016	1.0133064985275269	0.8845282793045044	1.562173843383789	0.7516039609909058	False	[0 1 0 0 1 0]	[1 0 1 0 0 0]	[1 1 0 0 1 1]	[1 0 0 1 0 0]
15	0.1274999976158142	4.439736366271973	1.3423244953155518	1.0759636163711548	1.5444867610931396	0.4769613742828369	False	[0 1 0 0 0 0]	[1 0 0 0 0 0]	[1 1 1 0 1 1]	[1 0 0 0 0 0]
15	-0.5	3.965503692626953	1.0805445909500122	1.002183437347412	1.5373064279556274	0.3454694151878357	False	[0 1 0 0 1 0]	[1 0 1 0 0 0]	[0 1 1 0 1 1]	[1 0 0 1 0 0]
15	0.13249999284744263	3.9767050743103027	1.1298874616622925	0.978614330291748	1.4851970672607422	0.38300615549087524	False	[0 1 0 0 0 0]	[1 0 0 0 0 0]	[1 1 1 0 1 1]	[1 0 0 0 0 0]
15	-0.5	3.9902966022491455	1.0891529321670532	1.015890121459961	1.5321447849273682	0.35310888290405273	False	[0 1 0 0 1 0]	[1 0 1 0 0 0]	[0 1 1 0 1 1]	[1 0 0 1 0 0]
15	0.13500000536441803	4.019067287445068	1.1510828733444214	0.9870505928993225	1.4822012186050415	0.3987324833869934	False	[0 1 0 0 0 0]	[1 0 0 0 0 0]	[1 1 1 0 1 1]	[1 0 0 0 0 0]
15	-0.5	3.9478495121002197	1.0510109663009644	1.0132007598876953	1.5442750453948975	0.3393626809120178	False	[0 1 0 0 1 0]	[1 0 1 0 0 0]	[0 1 1 0 1 1]	[1 0 0 1 0 0]
15	0.125	3.976968765258789	1.1046772003173828	1.0034853219985962	1.4731838703155518	0.39562249183654785	False	[0 1 0 0 0 0]	[1 0 0 0 0 0]	[1 1 1 0 1 1]	[1 0 0 0 0 0]
15	-0.5	3.9863288402557373	1.0851954221725464	1.013424038887024	1.5390616655349731	0.34864774346351624	False	[0 1 0 0 1 0]	[1 0 1 0 0 0]	[0 1 1 0 1 1]	[1 0 0 1 0 0]
15	0.12250000238418579	4.007598400115967	1.1326637268066406	0.996476948261261	1.4632682800292969	0.41518932580947876	False	[0 1 0 0 0 0]	[1 0 0 0 0 0]	[1 1 1 0 1 1]	[1 0 0 0 0 0]
15	-0.5	3.9755325317382812	1.0697225332260132	1.0197522640228271	1.5321671962738037	0.3538907468318939	False	[0 1 0 0 1 0]	[1 0 1 0 0 0]	[0 1 1 0 1 1]	[1 0 0 1 0 0]
15	0.14499999582767487	4.078741550445557	1.181044578552246	1.0013681650161743	1.467621922492981	0.42870691418647766	False	[0 1 0 0 0 0]	[1 0 0 0 0 0]	[1 1 1 0 1 1]	[1 0 0 0 0 0]
15	-0.5	3.9982750415802	1.0843489170074463	1.0210577249526978	1.54250967502594	0.3503587245941162	False	[0 1 0 0 1 0]	[1 0 1 0 0 0]	[0 1 1 0 1 1]	[1 0 0 1 0 0]
15	0.13750000298023224	3.971957206726074	1.116491675376892	0.9961305260658264	1.4521468877792358	0.4071880578994751	False	[0 1 0 0 0 0]	[1 0 0 0 0 0]	[1 1 1 0 1 1]	[1 0 0 0 0 0]
15	-0.5	3.9777348041534424	1.080435037612915	1.007643222808838	1.5371434688568115	0.3525131344795227	False	[0 1 0 0 1 0]	[1 0 1 0 0 0]	[0 1 1 0 1 1]	[1 0 0 1 0 0]
15	0.13249999284744263	3.956393003463745	1.1161000728607178	0.9815232157707214	1.4868439435958862	0.3719256520271301	False	[0 1 0 0 0 0]	[1 0 0 0 0 0]	[1 1 1 0 1 1]	[1 0 0 0 0 0]
15	-0.5	4.0076799392700195	1.1156350374221802	0.997445821762085	1.5387418270111084	0.35585713386535645	False	[0 1 0 0 1 0]	[1 0 1 0 0 0]	[0 1 1 0 1 1]	[1 0 0 1 0 0]
15	0.125	4.008327007293701	1.1377053260803223	1.0046730041503906	1.4501608610153198	0.4157877564430237	False	[0 1 0 0 0 0]	[1 0 0 0 0 0]	[1 1 1 0 1 1]	[1 0 0 0 0 0]
15	-0.5	4.00653600692749	1.1014331579208374	1.0152828693389893	1.5375590324401855	0.3522609770298004	False	[0 1 0 0 1 0]	[1 0 1 0 0 0]	[0 1 1 0 1 1]	[1 0 0 1 0 0]
15	0.12250000238418579	3.975257396697998	1.1084096431732178	1.0045276880264282	1.459306240081787	0.40301379561424255	False	[0 1 0 0 0 0]	[1 0 0 0 0 0]	[1 1 1 0 1 1]	[1 0 0 0 0 0]
15	-0.5	3.974639892578125	1.0752986669540405	1.0048872232437134	1.5415641069412231	0.3528899550437927	False	[0 1 0 0 1 0]	[1 0 1 0 0 0]	[0 1 1 0 1 1]	[1 0 0 1 0 0]
15	0.12999999523162842	3.99202036857605	1.115782380104065	0.9997143745422363	1.480670690536499	0.39585310220718384	False	[0 1 0 0 0 0]	[1 0 0 0 0 0]	[1 1 1 0 1 1]	[1 0 0 0 0 0]
15	-0.5	3.9688518047332764	1.0856001377105713	0.9976910948753357	1.529350996017456	0.35620954632759094	False	[0 1 0 0 1 0]	[1 0 1 0 0 0]	[0 1 1 0 1 1]	[1 0 0 1 0 0]
15	0.13750000298023224	4.019585609436035	1.146066665649414	0.9992583394050598	1.4698889255523682	0.40437182784080505	False	[0 1 0 0 0 0]	[1 0 0 0 0 0]	[1 1 1 0 1 1]	[1 0 0 0 0 0]
15	-0.5	3.9465510845184326	1.0501092672348022	1.0139999389648438	1.5368719100952148	0.345569908618927	False	[0 1 0 0 1 0]	[1 0 1 0 0 0]	[0 1 1 0 1 1]	[1 0 0 1 0 0]
15	0.14000000059604645	4.034273147583008	1.1464312076568604	1.0076847076416016	1.4651329517364502	0.415024071931839	False	[0 1 0 0 0 0]	[1 0 0 0 0 0]	[1 1 1 0 1 1]	[1 0 0 0 0 0]
15	-0.5	3.976915121078491	1.0794678926467896	1.017703652381897	1.532492756843567	0.34725069999694824	False	[0 1 0 0 1 0]	[1 0 1 0 0 0]	[0 1 1 0 1 1]	[1 0 0 1 0 0]
16	0.23999999463558197	3.480093479156494	1.0120654106140137	0.796600878238678	1.3586475849151611	0.31277957558631897	False	[0 0 0 0 1 0]	[0 0 1 0 0 0]	[1 0 0 0 0 0]	[0 0 0 1 0 0]
16	0.16500000655651093	2.6650943756103516	0.9004350900650024	0.3904161751270294	0.9627976417541504	0.41144564747810364	False	[0 0 0 0 0 0]	[0 0 0 0 0 0]	[1 1 0 0 0 0]	[0 0 0 0 0 0]
16	-0.8333333134651184	2.933100938796997	0.8579497337341309	0.8033532500267029	1.105797529220581	0.16600030660629272	False	[0 1 0 0 0 0]	[0 0 1 0 0 0]	[1 1 0 0 0 1]	[0 0 0 1 0 0]
16	0.16500000655651093	4.296372890472412	1.0034902095794678	1.0544804334640503	1.5063297748565674	0.732072651386261	False	[0 1 0 0 1 0]	[0 0 0 0 0 0]	[1 1 0 0 0 0]	[0 0 0 0 0 0]
16	-0.8333333134651184	2.7862489223480225	0.8558741807937622	0.7937498688697815	0.9530341625213623	0.18359054625034332	False	[0 1 0 0 0 0]	[0 0 1 0 0 0]	[1 1 0 0 0 1]	[0 0 0 1 0 0]
16	0.1599999964237213	4.294131278991699	0.9868588447570801	1.1102133989334106	1.4615246057510376	0.73553466796875	False	[0 1 0 0 1 0]	[0 0 0 0 0 0]	[0 1 0 0 0 1]	[0 0 0 0 0 0]
16	-0.8333333134651184	4.083127498626709	1.1155766248703003	0.8158659338951111	1.540944218635559	0.6107406616210938	False	[0 1 0 0 0 0]	[1 0 0 0 0 0]	[1 1 0 0 0 1]	[0 0 0 1 0 0]
16	0.13750000298023224	4.364349842071533	1.1539322137832642	0.861105740070343	1.5242692232131958	0.8250426650047302	False	[1 1 0 0 0 0]	[0 0 0 0 0 0]	[1 0 0 0 0 1]	[0 0 0 0 0 0]
16	-0.8333333134651184	3.587420701980591	0.9408802390098572	0.867864727973938	1.4521934986114502	0.32648229598999023	False	[1 1 0 0 1 0]	[0 0 1 0 0 0]	[0 0 0 0 0 1]	[0 0 0 1 0 0]
16	-0.3333333432674408	3.830235004425049	1.095683217048645	0.7905586957931519	1.2094836235046387	0.7345093488693237	False	[1 0 0 0 1 0]	[0 0 0 0 0 0]	[0 1 0 0 0 1]	[0 0 0 0 0 0]
16	-0.6666666865348816	3.3471033573150635	1.0301893949508667	0.7397350668907166	1.2271630764007568	0.35001593828201294	False	[1 0 0 0 0 0]	[0 0 1 0 0 0]	[0 1 0 0 0 0]	[0 0 0 1 0 0]
16	0.125	4.009284496307373	0.8654903173446655	1.0623105764389038	1.5001810789108276	0.5813025236129761	False	[1 1 0 0 0 0]	[0 0 0 0 0 0]	[0 0 0 0 0 0]	[0 0 0 0 0 0]
16	-0.5	3.876967668533325	1.1153452396392822	0.7945478558540344	1.5389875173568726	0.42808693647384644	False	[1 1 0 0 1 0]	[0 0 1 0 0 0]	[1 0 0 0 0 0]	[0 0 0 1 0 0]
16	0.14000000059604645	3.3706881999969482	0.9683361053466797	0.7366942763328552	1.3369431495666504	0.32871463894844055	False	[1 1 0 0 0 0]	[0 0 0 0 0 0]	[1 1 0 0 0 0]	[0 0 0 0 0 0]
16	-0.8333333134651184	3.652947187423706	1.0724518299102783	0.976842999458313	1.261775255203247	0.3418769836425781	False	[1 1 0 0 1 0]	[0 0 1 0 0 0]	[0 1 0 0 0 0]	[0 0 0 1 0 0]
16	-0.3333333432674408	4.109213352203369	0.9336454272270203	1.12006676197052	1.414107084274292	0.6413939595222473	False	[1 0 0 0 1 0]	[0 0 0 0 0 0]	[0 1 0 0 0 1]	[0 0 0 0 0 0]
16	-0.6666666865348816	3.297797203063965	1.020155906677246	0.7489299178123474	1.2020269632339478	0.32668447494506836	False	[1 0 0 0 0 0]	[0 0 1 0 0 0]	[0 1 0 0 0 0]	[0 0 0 1 0 0]
16	0.15000000596046448	3.9156365394592285	0.920415997505188	1.0197221040725708	1.4697747230529785	0.5057238340377808	False	[1 1 0 0 0 0]	[0 0 0 0 0 0]	[0 0 0 0 0 0]	[0 0 0 0 0 0]
16	-0.5	3.8589515686035156	1.100466012954712	0.7968947291374207	1.5336062908172607	0.42798441648483276	False	[1 1 0 0 1 0]	[0 0 1 0 0 0]	[1 0 0 0 0 0]	[0 0 0 1 0 0]
16	0.125	3.3385860919952393	0.9751923084259033	0.7373874187469482	1.3140289783477783	0.3119773268699646	False	[1 1 0 0 0 0]	[0 0 0 0 0 0]	[1 1 0 0 0 0]	[0 0 0 0 0 0]
16	-0.8333333134651184	3.6125807762145996	1.0755958557128906	0.9402459859848022	1.2614624500274658	0.3352763056755066	False	[1 1 0 0 1 0]	[0 0 1 0 0 0]	[0 1 0 0 0 0]	[0 0 0 1 0 0]
16	-0.3333333432674408	3.535045623779297	0.9837104082107544	0.9375234842300415	1.1820616722106934	0.4317501187324524	False	[1 0 0 0 1 0]	[0 0 0 0 0 0]	[0 1 0 0 0 1]	[0 0 0 0 0 0]
16	-0.6666666865348816	3.289879083633423	1.013293743133545	0.7431339025497437	1.2030879259109497	0.33036351203918457	False	[1 0 0 0 0 0]	[0 0 1 0 0 0]	[0 1 0 0 0 0]	[0 0 0 1 0 0]
16	0.15000000596046448	3.9008424282073975	0.9137266278266907	1.0059696435928345	1.4775675535202026	0.5035784840583801	False	[1 1 0 0 0 0]	[0 0 0 0 0 0]	[1 1 0 0 0 0]	[0 0 0 0 0 0]
16	-0.8333333134651184	3.679633855819702	1.0787696838378906	0.9914152026176453	1.2644672393798828	0.34498172998428345	False	[1 1 0 0 1 0]	[0 0 1 0 0 0]	[0 1 0 0 0 0]	[0 0 0 1 0 0]
16	-0.3333333432674408	3.9836983680725098	0.9398504495620728	1.0760548114776611	1.380722999572754	0.5870699286460876	False	[1 0 0 0 1 0]	[0 0 0 0 0 0]	[0 1 0 0 0 1]	[0 0 0 0 0 0]
16	-0.6666666865348816	3.2920475006103516	1.0092802047729492	0.7623021006584167	1.1870107650756836	0.3334543704986572	False	[1 0 0 0 0 0]	[0 0 1 0 0 0]	[0 1 0 0 0 0]	[0 0 0 1 0 0]
16	0.12999999523162842	3.9320693016052246	0.8911990523338318	1.0391567945480347	1.4715723991394043	0.5301409959793091	False	[1 1 0 0 0 0]	[0 0 0 0 0 0]	[0 0 0 0 0 0]	[0 0 0 0 0 0]
16	-0.5	3.8895037174224854	1.109405755996704	0.7996116876602173	1.5424656867980957	0.4380204677581787	False	[1 1 0 0 1 0]	[0 0 1 0 0 0]	[1 0 0 0 0 0]	[0 0 0 1 0 0]
16	0.13249999284744263	3.344357490539551	0.9885038733482361	0.7503029704093933	1.304045557975769	0.3015052080154419	False	[1 1 0 0 0 0]	[0 0 0 0 0 0]	[1 1 0 0 0 0]	[0 0 0 0 0 0]
17	-0.6666666865348816	3.6502034664154053	1.0883097648620605	0.8981133699417114	1.2591869831085205	0.40459325909614563	False	[0 0 0 0 1 0]	[0 0 1 0 0 0]	[0 0 0 0 0 1]	[0 0 0 1 0 0]
17	-0.3333333432674408	4.124433517456055	1.1313447952270508	1.1515302658081055	1.364790916442871	0.47676751017570496	False	[1 0 0 0 1 0]	[0 0 0 0 0 0]	[0 1 0 0 0 1]	[0 0 0 0 0 0]
17	-0.8333333134651184	2.8972573280334473	1.0235416889190674	0.7346832752227783	0.7080975770950317	0.4309349060058594	False	[1 1 0 0 1 0]	[0 0 1 0 0 0]	[0 1 0 0 0 0]	[0 0 0 1 0 0]
17	-0.3333333432674408	3.9039037227630615	1.1174969673156738	0.7051489353179932	1.3025789260864258	0.778678834438324	False	[1 0 0 0 1 0]	[0 0 0 0 0 0]	[0 1 0 0 0 1]	[0 0 0 0 0 0]
17	-0.8333333134651184	2.8480942249298096	1.0219964981079102	0.6940019130706787	0.7031074166297913	0.42898839712142944	False	[1 1 0 0 1 0]	[0 0 1 0 0 0]	[0 1 0 0 0 0]	[0 0 0 1 0 0]
17	-0.6666666865348816	4.0547895431518555	1.0860170125961304	0.7058353424072266	1.389512062072754	0.873424768447876	False	[1 1 0 0 0 0]	[0 0 0 0 0 0]	[0 1 0 0 0 1]	[0 0 0 0 0 0]
17	-0.8333333134651184	3.9675283432006836	1.1129693984985352	0.9456669092178345	1.258284091949463	0.6506080627441406	False	[1 1 0 0 1 0]	[0 0 1 0 0 0]	[0 1 0 0 0 0]	[0 0 0 1 0 0]
17	-0.6666666865348816	3.6000733375549316	1.0797663927078247	0.6541519165039062	1.181979775428772	0.6841753125190735	False	[1 1 0 0 0 0]	[0 0 0 0 0 0]	[0 1 0 0 0 1]	[0 0 0 0 0 0]
17	-0.8333333134651184	3.9748990535736084	1.1127326488494873	0.9489573240280151	1.2617803812026978	0.6514288783073425	False	[1 1 0 0 1 0]	[0 0 1 0 0 0]	[0 1 0 0 0 0]	[0 0 0 1 0 0]
17	-0.6666666865348816	4.215268135070801	1.0567041635513306	0.7450791597366333	1.45248544216156	0.9609993696212769	False	[1 1 0 0 0 0]	[0 0 0 0 0 0]	[0 1 0 0 0 1]	[0 0 0 0 0 0]
17	-0.8333333134651184	4.005474090576172	1.1274372339248657	0.9538252353668213	1.258976697921753	0.6652348041534424	False	[1 1 0 0 1 0]	[0 0 1 0 0 0]	[0 1 0 0 0 0]	[0 0 0 1 0 0]
17	-0.3333333432674408	3.566073417663574	1.0676038265228271	0.6612939238548279	1.1600804328918457	0.6770950555801392	False	[1 0 0 0 1 0]	[0 0 0 0 0 0]	[0 1 0 0 0 1]	[0 0 0 0 0 0]
17	-0.8333333134651184	2.861798048019409	1.0160207748413086	0.6888158917427063	0.7071244716644287	0.4498370289802551	False	[1 1 0 0 1 0]	[0 0 1 0 0 0]	[0 1 0 0 0 0]	[0 0 0 1 0 0]
17	-0.3333333432674408	3.824092388153076	1.0958439111709595	0.6956884860992432	1.2671102285385132	0.7654496431350708	False	[1 0 0 0 1 0]	[0 0 0 0 0 0]	[0 1 0 0 0 1]	[0 0 0 0 0 0]
17	-0.8333333134651184	2.87675142288208	1.0231834650039673	0.7022059559822083	0.7161242961883545	0.4352375864982605	False	[1 1 0 0 1 0]	[0 0 1 0 0 0]	[0 1 0 0 0 0]	[0 0 0 1 0 0]
17	-0.6666666865348816	3.8196640014648438	1.1009718179702759	0.6779869198799133	1.282021403312683	0.7586835622787476	False	[1 1 0 0 0 0]	[0 0 0 0 0 0]	[0 1 0 0 0 1]	[0 0 0 0 0 0]
17	-0.8333333134651184	4.051890850067139	1.1510636806488037	0.9578267335891724	1.2544704675674438	0.6885298490524292	False	[1 1 0 0 1 0]	[0 0 1 0 0 0]	[0 1 0 0 0 0]	[0 0 0 1 0 0]
17	-0.6666666865348816	3.613584518432617	1.0841665267944336	0.6479650139808655	1.1855223178863525	0.6959306001663208	False	[1 1 0 0 0 0]	[0 0 0 0 0 0]	[0 1 0 0 0 1]	[0 0 0 0 0 0]
17	-0.8333333134651184	4.000824928283691	1.134918212890625	0.9585400819778442	1.2525728940963745	0.6547938585281372	False	[1 1 0 0 1 0]	[0 0 1 0 0 0]	[0 1 0 0 0 0]	[0 0 0 1 0 0]
17	-0.3333333432674408	4.068658828735352	1.1060171127319336	0.6730241775512695	1.4025293588638306	0.8870885372161865	False	[1 0 0 0 1 0]	[0 0 0 0 0 0]	[0 1 0 0 0 1]	[0 0 0 0 0 0]
17	-0.8333333134651184	2.8190085887908936	1.0212085247039795	0.684405505657196	0.6886410713195801	0.42475345730781555	False	[1 1 0 0 1 0]	[0 0 1 0 0 0]	[0 1 0 0 0 0]	[0 0 0 1 0 0]
17	-0.6666666865348816	3.869567394256592	1.1190967559814453	0.666441023349762	1.301865577697754	0.7821642160415649	False	[1 1 0 0 0 0]	[0 0 0 0 0 0]	[0 1 0 0 0 1]	[0 0 0 0 0 0]
17	-0.8333333134651184	3.918203353881836	1.0989795923233032	0.9343094229698181	1.2386716604232788	0.6462424993515015	False	[1 1 0 0 1 0]	[0 0 1 0 0 0]	[0 1 0 0 0 0]	[0 0 0 1 0 0]
17	-0.3333333432674408	4.060364246368408	1.0901556015014648	0.7200440764427185	1.377507209777832	0.8726573586463928	False	[1 0 0 0 1 0]	[0 0 0 0 0 0]	[0 1 0 0 0 1]	[0 0 0 0 0 0]
17	-0.8333333134651184	2.8428308963775635	1.0140810012817383	0.7019408345222473	0.6963277459144592	0.43048152327537537	False	[1 1 0 0 1 0]	[0 0 1 0 0 0]	[0 1 0 0 0 0]	[0 0 0 1 0 0]
17	-0.3333333432674408	3.9195446968078613	1.0879641771316528	0.6892609596252441	1.3383376598358154	0.8039817214012146	False	[1 0 0 0 1 0]	[0 0 0 0 0 0]	[0 1 0 0 0 1]	[0 0 0 0 0 0]
17	-0.8333333134651184	2.8148140907287598	1.0174826383590698	0.6898147463798523	0.6791058778762817	0.428411066532135	False	[1 1 0 0 1 0]	[0 0 1 0 0 0]	[0 1 0 0 0 0]	[0 0 0 1 0 0]
17	-0.6666666865348816	3.732203483581543	1.0985610485076904	0.6713151335716248	1.241864800453186	0.720462441444397	False	[1 1 0 0 0 0]	[0 0 0 0 0 0]	[0 1 0 0 0 1]	[0 0 0 0 0 0]
17	-0.8333333134651184	3.9670357704162598	1.1120672225952148	0.9649429321289062	1.2429111003875732	0.6471145749092102	False	[1 1 0 0 1 0]	[0 0 1 0 0 0]	[0 1 0 0 0 0]	[0 0 0 1 0 0]
17	-0.3333333432674408	3.756110191345215	1.106884479522705	0.6769673228263855	1.2339651584625244	0.7382931113243103	False	[1 0 0 0 1 0]	[0 0 0 0 0 0]	[0 1 0 0 0 1]	[0 0 0 0 0 0]
18	0.17499999701976776	3.0269551277160645	0.7678136229515076	0.8145895004272461	0.9938304424285889	0.4507215917110443	False	[0 0 0 0 1 0]	[1 0 0 0 0 0]	[0 0 0 0 0 1]	[0 0 0 1 0 0]
18	0.12999999523162842	3.381347417831421	1.0071395635604858	0.4017030894756317	1.4304523468017578	0.5420524477958679	False	[1 0 0 0 1 0]	[0 0 0 0 0 0]	[0 0 0 1 0 1]	[0 0 0 0 0 0]
18	-0.6666666865348816	4.497208595275879	1.3429774045944214	0.8981508612632751	1.2294831275939941	1.026597261428833	False	[0 0 0 0 1 0]	[0 0 1 0 0 0]	[0 0 0 0 0 1]	[1 0 0 0 0 0]
18	-0.6666666865348816	3.9393115043640137	1.3104220628738403	1.1285090446472168	0.4403494894504547	1.0600310564041138	False	[1 0 0 0 1 0]	[0 0 1 0 0 1]	[0 0 0 1 0 1]	[1 0 0 0 0 1]
18	-0.6666666865348816	2.909097909927368	1.0250496864318848	0.6292880773544312	0.8116005659103394	0.4431596100330353	False	[1 0 0 0 1 1]	[0 0 1 0 0 0]	[0 0 0 0 0 1]	[1 0 0 0 0 0]
18	-0.6666666865348816	4.048778057098389	1.2333059310913086	1.033363938331604	0.7133293151855469	1.0687791109085083	False	[1 1 0 0 1 1]	[0 0 0 0 0 0]	[0 0 0 1 0 1]	[1 0 0 0 0 1]
18	0.1574999988079071	4.276816368103027	1.05964195728302	1.0638014078140259	1.1009869575500488	1.0523862838745117	False	[1 1 1 0 1 1]	[1 0 0 0 0 0]	[0 0 0 0 0 1]	[1 0 0 0 0 0]
18	0.23000000417232513	2.9785404205322266	0.7538154125213623	0.45138072967529297	1.0185840129852295	0.754760205745697	False	[1 1 1 0 0 1]	[1 0 1 0 0 0]	[0 0 0 0 0 0]	[1 0 0 1 0 0]
18	0.12250000238418579	2.448697090148926	0.4770660698413849	0.2690378427505493	0.9548900127410889	0.7477030754089355	False	[1 1 1 0 1 1]	[1 0 0 0 0 0]	[0 0 0 0 0 1]	[1 0 0 0 0 0]
18	0.23000000417232513	3.012030601501465	0.7554161548614502	0.49722105264663696	1.007430911064148	0.7519627809524536	False	[1 1 1 0 0 1]	[1 0 1 0 0 0]	[0 0 0 0 0 0]	[1 0 0 1 0 0]
18	0.1274999976158142	2.523606300354004	0.5023758411407471	0.3218221962451935	0.9479818344116211	0.7514263391494751	False	[1 1 1 0 1 1]	[1 0 0 0 0 0]	[0 0 0 0 0 1]	[1 0 0 0 0 0]
18	0.2549999952316284	3.0174782276153564	0.7614405155181885	0.4675384759902954	1.0227704048156738	0.7657287120819092	False	[1 1 1 0 0 1]	[1 0 1 0 0 0]	[0 0 0 0 0 0]	[1 0 0 1 0 0]
18	0.14499999582767487	2.4611799716949463	0.47534820437431335	0.28846475481987	0.9459310173988342	0.7514359354972839	False	[1 1 1 0 1 1]	[1 0 0 0 0 0]	[0 0 0 0 0 1]	[1 0 0 0 0 0]
18	0.2549999952316284	3.006031036376953	0.7545512914657593	0.4616624414920807	1.021185040473938	0.7686325311660767	False	[1 1 1 0 0 1]	[1 0 1 0 0 0]	[0 0 0 0 0 0]	[1 0 0 1 0 0]
18	0.14749999344348907	2.5036604404449463	0.4984591603279114	0.27902770042419434	0.9701757431030273	0.755997896194458	False	[1 1 1 0 1 1]	[1 0 0 0 0 0]	[0 0 0 0 0 1]	[1 0 0 0 0 0]
18	0.23499999940395355	3.0185587406158447	0.7578898072242737	0.48866090178489685	1.0094603300094604	0.7625477313995361	False	[1 1 1 0 0 1]	[1 0 1 0 0 0]	[0 0 0 0 0 0]	[1 0 0 1 0 0]
18	0.13500000536441803	2.5054080486297607	0.5117582678794861	0.31760352849960327	0.9333997368812561	0.7426463961601257	False	[1 1 1 0 1 1]	[1 0 0 0 0 0]	[0 0 0 0 0 1]	[1 0 0 0 0 0]
18	0.2199999988079071	3.0005784034729004	0.7487009763717651	0.47844475507736206	1.020259141921997	0.7531735897064209	False	[1 1 1 0 0 1]	[1 0 1 0 0 0]	[0 0 0 0 0 0]	[1 0 0 1 0 0]
18	0.11999999731779099	2.511725902557373	0.5079978108406067	0.2809496521949768	0.9609739780426025	0.761804461479187	False	[1 1 1 0 1 1]	[1 0 0 0 0 0]	[0 0 0 0 0 1]	[1 0 0 0 0 0]
18	0.23000000417232513	3.0182061195373535	0.7572614550590515	0.4771328866481781	1.0184218883514404	0.7653898000717163	False	[1 1 1 0 0 1]	[1 0 1 0 0 0]	[0 0 0 0 0 0]	[1 0 0 1 0 0]
18	0.14000000059604645	2.4768524169921875	0.48749077320098877	0.2832447290420532	0.9606635570526123	0.7454534769058228	False	[1 1 1 0 1 1]	[1 0 0 0 0 0]	[0 0 0 0 0 1]	[1 0 0 0 0 0]
18	0.2150000035762787	3.035335063934326	0.7664182186126709	0.4676377475261688	1.0303966999053955	0.770882248878479	False	[1 1 1 0 0 1]	[1 0 1 0 0 0]	[0 0 0 0 0 0]	[1 0 0 1 0 0]
18	0.1550000011920929	2.4992122650146484	0.5007410645484924	0.2828901708126068	0.966505765914917	0.7490754127502441	False	[1 1 1 0 1 1]	[1 0 0 0 0 0]	[0 0 0 0 0 1]	[1 0 0 0 0 0]
18	0.23000000417232513	3.0625736713409424	0.7617781162261963	0.501522421836853	1.03366219997406	0.7656109929084778	False	[1 1 1 0 0 1]	[1 0 1 0 0 0]	[0 0 0 0 0 0]	[1 0 0 1 0 0]
18	0.14499999582767487	2.4527621269226074	0.4779970943927765	0.2954059839248657	0.9411978125572205	0.7381612062454224	False	[1 1 1 0 1 1]	[1 0 0 0 0 0]	[0 0 0 0 0 1]	[1 0 0 0 0 0]
18	0.20999999344348907	3.0031166076660156	0.7515959143638611	0.4874105751514435	1.01031494140625	0.7537950277328491	False	[1 1 1 0 0 1]	[1 0 1 0 0 0]	[0 0 0 0 0 0]	[1 0 0 1 0 0]
18	0.14000000059604645	2.491589307785034	0.48463067412376404	0.2973693609237671	0.9544558525085449	0.7551333904266357	False	[1 1 1 0 1 1]	[1 0 0 0 0 0]	[0 0 0 0 0 1]	[1 0 0 0 0 0]
18	0.25999999046325684	2.9485838413238525	0.7458315491676331	0.4733314514160156	0.995635449886322	0.7337854504585266	False	[1 1 1 0 0 1]	[1 0 1 0 0 0]	[0 0 0 0 0 0]	[1 0 0 1 0 0]
18	0.13500000536441803	2.529924154281616	0.5120438933372498	0.272946298122406	0.9752907752990723	0.769643247127533	False	[1 1 1 0 1 1]	[1 0 0 0 0 0]	[0 0 0 0 0 1]	[1 0 0 0 0 0]
18	0.24500000476837158	3.038606882095337	0.7611555457115173	0.49605005979537964	1.0233523845672607	0.7580487728118896	False	[1 1 1 0 0 1]	[1 0 1 0 0 0]	[0 0 0 0 0 0]	[1 0 0 1 0 0]
19	0.16500000655651093	2.7706260681152344	0.8048037886619568	0.2740199565887451	1.3064563274383545	0.38534581661224365	False	[0 0 0 0 1 0]	[1 0 0 0 0 0]	[0 0 0 0 0 1]	[0 0 0 1 0 0]
19	0.14000000059604645	3.8555550575256348	1.2150694131851196	0.4721614420413971	1.4403529167175293	0.7279711961746216	False	[1 0 0 0 1 0]	[0 0 0 0 0 0]	[0 0 0 1 0 1]	[0 0 0 0 0 0]
19	0.23999999463558197	4.195591449737549	1.023009181022644	0.8678999543190002	1.416956901550293	0.887725293636322	False	[1 1 0 0 1 0]	[0 0 1 0 0 0]	[0 0 0 1 0 0]	[1 0 0 0 0 0]
19	-0.5	4.459649085998535	1.1465353965759277	0.9718848466873169	1.1447832584381104	1.1964454650878906	False	[0 1 0 0 1 0]	[1 0 1 0 0 0]	[0 0 0 0 0 0]	[1 0 0 0 0 1]
19	0.23999999463558197	3.9543368816375732	0.9390712976455688	0.9582092761993408	1.0024248361587524	1.0546314716339111	False	[1 1 0 0 1 0]	[0 0 1 0 0 0]	[0 0 0 1 0 0]	[1 0 0 0 0 0]
19	-0.5	4.303950309753418	1.1895209550857544	1.037277102470398	0.9520862102508545	1.125065803527832	False	[0 1 0 0 1 0]	[1 0 1 0 0 0]	[0 0 0 0 0 0]	[1 0 0 0 0 1]
19	0.27000001072883606	3.919954538345337	0.9614414572715759	0.968522310256958	0.9511697888374329	1.0388209819793701	False	[1 1 0 0 1 0]	[0 0 1 0 0 0]	[0 0 0 1 0 0]	[1 0 0 0 0 0]
19	-0.5	4.480659484863281	1.1980712413787842	0.996471643447876	1.0830010175704956	1.2031155824661255	False	[0 1 0 0 1 0]	[1 0 1 0 0 0]	[0 0 0 0 0 0]	[1 0 0 0 0 1]
19	0.23499999940395355	3.9271202087402344	0.9341923594474792	0.9381722807884216	0.9926632642745972	1.0620923042297363	False	[1 1 0 0 1 0]	[0 0 1 0 0 0]	[0 0 0 1 0 0]	[1 0 0 0 0 0]
19	-0.5	4.450640678405762	1.1587448120117188	0.9909332990646362	1.1188567876815796	1.182105302810669	False	[0 1 0 0 1 0]	[1 0 1 0 0 0]	[0 0 0 0 0 0]	[1 0 0 0 0 1]
19	0.26499998569488525	3.9245333671569824	0.9026363492012024	0.8805009722709656	1.0558826923370361	1.0855133533477783	False	[1 1 0 0 1 0]	[0 0 1 0 0 0]	[0 0 0 1 0 0]	[1 0 0 0 0 0]
19	-0.5	4.312846660614014	1.1997525691986084	1.0182971954345703	0.9636649489402771	1.131131887435913	False	[0 1 0 0 1 0]	[1 0 1 0 0 0]	[0 0 0 0 0 0]	[1 0 0 0 0 1]
19	0.23999999463558197	4.003959655761719	0.9499014616012573	0.9691202640533447	1.023411750793457	1.0615260601043701	False	[1 1 0 0 1 0]	[0 0 1 0 0 0]	[0 0 0 1 0 0]	[1 0 0 0 0 0]
19	-0.5	4.401095390319824	1.1961183547973633	0.9341995716094971	1.0716264247894287	1.1991511583328247	False	[0 1 0 0 1 0]	[1 0 1 0 0 0]	[0 0 0 0 0 0]	[1 0 0 0 0 1]
19	0.27000001072883606	3.9531054496765137	0.9643458127975464	0.9696909189224243	0.9759886264801025	1.0430799722671509	False	[1 1 0 0 1 0]	[0 0 1 0 0 0]	[0 0 0 1 0 0]	[1 0 0 0 0 0]
19	-0.5	4.414533615112305	1.167475700378418	1.0162303447723389	1.0713337659835815	1.1594938039779663	False	[0 1 0 0 1 0]	[1 0 1 0 0 0]	[0 0 0 0 0 0]	[1 0 0 0 0 1]
19	0.24500000476837158	3.990417003631592	1.0583274364471436	1.080855131149292	0.8898303508758545	0.9614039659500122	False	[1 1 0 0 1 0]	[0 0 1 0 0 0]	[0 0 0 1 0 0]	[1 0 0 0 0 0]
19	-0.5	4.458186149597168	1.148884654045105	0.9428716897964478	1.159827470779419	1.2066022157669067	False	[0 1 0 0 1 0]	[1 0 1 0 0 0]	[0 0 0 0 0 0]	[1 0 0 0 0 1]
19	0.25999999046325684	3.9041991233825684	0.9367349743843079	0.9075595736503601	1.0042517185211182	1.0556529760360718	False	[1 1 0 0 1 0]	[0 0 1 0 0 0]	[0 0 0 1 0 0]	[1 0 0 0 0 0]
19	-0.5	4.347209453582764	1.194454550743103	0.9354861974716187	1.02370285987854	1.193565845489502	False	[0 1 0 0 1 0]	[1 0 1 0 0 0]	[0 0 0 0 0 0]	[1 0 0 0 0 1]
19	0.25	3.9514636993408203	1.0157984495162964	1.0528978109359741	0.8971183896064758	0.9856491088867188	False	[1 1 0 0 1 0]	[0 0 1 0 0 0]	[0 0 0 1 0 0]	[1 0 0 0 0 0]
19	-0.5	4.341360569000244	1.162758469581604	0.9732112288475037	1.0355949401855469	1.1697959899902344	False	[0 1 0 0 1 0]	[1 0 1 0 0 0]	[0 0 0 0 0 0]	[1 0 0 0 0 1]
19	0.24500000476837158	3.931083917617798	0.9883951544761658	0.9659115076065063	0.9308497905731201	1.0459275245666504	False	[1 1 0 0 1 0]	[0 0 1 0 0 0]	[0 0 0 1 0 0]	[1 0 0 0 0 0]
19	-0.5	4.416477203369141	1.171115756034851	0.9784517288208008	1.087439775466919	1.1794700622558594	False	[0 1 0 0 1 0]	[1 0 1 0 0 0]	[0 0 0 0 0 0]	[1 0 0 0 0 1]
19	0.23499999940395355	3.9194765090942383	0.9315347075462341	0.9217445850372314	1.0089151859283447	1.0572819709777832	False	[1 1 0 0 1 0]	[0 0 1 0 0 0]	[0 0 0 1 0 0]	[1 0 0 0 0 0]
19	-0.5	4.402532577514648	1.1651184558868408	0.9469406008720398	1.0977232456207275	1.1927499771118164	False	[0 1 0 0 1 0]	[1 0 1 0 0 0]	[0 0 0 0 0 0]	[1 0 0 0 0 1]
19	0.3050000071525574	3.9544336795806885	1.060160756111145	1.0825409889221191	0.8667719960212708	0.9449601769447327	False	[1 1 0 0 1 0]	[0 0 1 0 0 0]	[0 0 0 1 0 0]	[1 0 0 0 0 0]
19	-0.5	4.344621181488037	1.180506944656372	0.9780378937721252	1.0208245515823364	1.1652517318725586	False	[0 1 0 0 1 0]	[1 0 1 0 0 0]	[0 0 0 0 0 0]	[1 0 0 0 0 1]
19	-0.3333333432674408	3.939906120300293	0.9948049187660217	1.0136505365371704	0.9216889142990112	1.0097618103027344	False	[1 1 0 0 1 0]	[0 0 1 0 0 0]	[0 0 0 1 0 0]	[1 0 0 1 0 1]
19	-0.8333333134651184	3.292091131210327	0.8053417205810547	0.3368505835533142	1.1856147050857544	0.9642841815948486	False	[0 1 0 0 1 0]	[1 0 1 0 0 0]	[0 1 0 1 0 0]	[1 0 0 0 0 1]
20	0.16750000417232513	2.3516955375671387	0.8768225312232971	0.11824193596839905	1.1524039506912231	0.2042270302772522	False	[0 0 0 0 1 0]	[1 0 0 0 0 0]	[0 0 0 0 0 1]	[0 0 0 1 0 0]
20	0.125	3.235523223876953	1.47080659866333	0.1597926914691925	1.4267381429672241	0.1781858205795288	False	[0 0 0 0 0 0]	[0 0 0 0 0 0]	[0 0 0 0 0 0]	[0 0 0 0 0 0]
20	0.14499999582767487	2.357701301574707	0.876080334186554	0.11648166924715042	1.1576924324035645	0.2074468582868576	False	[0 0 0 0 1 0]	[1 0 0 0 0 0]	[0 0 0 0 0 1]	[0 0 0 1 0 0]
20	0.11749999970197678	3.21159291267395	1.462660312652588	0.14991962909698486	1.4239187240600586	0.17509430646896362	False	[0 0 0 0 0 0]	[0 0 0 0 0 0]	[0 0 0 0 0 0]	[0 0 0 0 0 0]
20	0.16249999403953552	2.3638861179351807	0.8695764541625977	0.11396698653697968	1.1668540239334106	0.21348848938941956	False	[0 0 0 0 1 0]	[1 0 0 0 0 0]	[0 0 0 0 0 1]	[0 0 0 1 0 0]
20	0.125	3.2466745376586914	1.4728236198425293	0.1640869379043579	1.4326972961425781	0.17706681787967682	False	[0 0 0 0 0 0]	[0 0 0 0 0 0]	[0 0 0 0 0 0]	[0 0 0 0 0 0]
20	0.16750000417232513	2.360830783843994	0.8778149485588074	0.12496741861104965	1.1532909870147705	0.204757422208786	False	[0 0 0 0 1 0]	[1 0 0 0 0 0]	[0 0 0 0 0 1]	[0 0 0 1 0 0]
20	0.125	3.2348580360412598	1.4783079624176025	0.1688591092824936	1.4110559225082397	0.1766350418329239	False	[0 0 0 0 0 0]	[0 0 0 0 0 0]	[0 0 0 0 0 0]	[0 0 0 0 0 0]
20	0.1550000011920929	2.3662045001983643	0.8725026845932007	0.1176488921046257	1.1679434776306152	0.20810936391353607	False	[0 0 0 0 1 0]	[1 0 0 0 0 0]	[0 0 0 0 0 1]	[0 0 0 1 0 0]
20	0.12250000238418579	3.1399829387664795	1.4468398094177246	0.11963357776403427	1.4184892177581787	0.1550205647945404	False	[0 0 0 0 0 0]	[0 0 0 0 0 0]	[0 0 0 0 0 0]	[0 0 0 0 0 0]
20	0.15000000596046448	2.3430566787719727	0.8686098456382751	0.1225091964006424	1.1474699974060059	0.2044678032398224	False	[0 0 0 0 1 0]	[1 0 0 0 0 0]	[0 0 0 0 0 1]	[0 0 0 1 0 0]
20	0.12250000238418579	3.1486656665802	1.4488157033920288	0.1354687362909317	1.406856894493103	0.15752434730529785	False	[0 0 0 0 0 0]	[0 0 0 0 0 0]	[0 0 0 0 0 0]	[0 0 0 0 0 0]
20	0.14499999582767487	2.364635467529297	0.8753226399421692	0.1194126307964325	1.15963876247406	0.21026131510734558	False	[0 0 0 0 1 0]	[1 0 0 0 0 0]	[0 0 0 0 0 1]	[0 0 0 1 0 0]
20	0.12250000238418579	3.266021490097046	1.4838743209838867	0.1580819934606552	1.4361562728881836	0.18790894746780396	False	[0 0 0 0 0 0]	[0 0 0 0 0 0]	[0 0 0 0 0 0]	[0 0 0 0 0 0]
20	0.14000000059604645	2.348529100418091	0.8668258786201477	0.11583222448825836	1.1598490476608276	0.20602191984653473	False	[0 0 0 0 1 0]	[1 0 0 0 0 0]	[0 0 0 0 0 1]	[0 0 0 1 0 0]
20	0.12250000238418579	3.2798945903778076	1.4856936931610107	0.16887807846069336	1.4358547925949097	0.1894681751728058	False	[0 0 0 0 0 0]	[0 0 0 0 0 0]	[0 0 0 0 0 0]	[0 0 0 0 0 0]
20	0.17000000178813934	2.332571268081665	0.8646242022514343	0.12199772149324417	1.141930341720581	0.20401905477046967	False	[0 0 0 0 1 0]	[1 0 0 0 0 0]	[0 0 0 0 0 1]	[0 0 0 1 0 0]
20	0.12250000238418579	3.2289578914642334	1.4749678373336792	0.14846786856651306	1.4296553134918213	0.17586690187454224	False	[0 0 0 0 0 0]	[0 0 0 0 0 0]	[0 0 0 0 0 0]	[0 0 0 0 0 0]
20	0.1525000035762787	2.338867425918579	0.8628502488136292	0.11856606602668762	1.1497722864151	0.20767872035503387	False	[0 0 0 0 1 0]	[1 0 0 0 0 0]	[0 0 0 0 0 1]	[0 0 0 1 0 0]
20	0.12250000238418579	3.305168628692627	1.4879497289657593	0.1882912963628769	1.4339451789855957	0.19498246908187866	False	[0 0 0 0 0 0]	[0 0 0 0 0 0]	[0 0 0 0 0 0]	[0 0 0 0 0 0]
20	0.1550000011920929	2.343275547027588	0.8650187849998474	0.11654168367385864	1.153578758239746	0.20813637971878052	False	[0 0 0 0 1 0]	[1 0 0 0 0 0]	[0 0 0 0 0 1]	[0 0 0 1 0 0]
20	0.125	3.2056808471679688	1.4612705707550049	0.13603122532367706	1.4281491041183472	0.1802300214767456	False	[0 0 0 0 0 0]	[0 0 0 0 0 0]	[0 0 0 0 0 0]	[0 0 0 0 0 0]
20	0.1599999964237213	2.3617823123931885	0.8737534284591675	0.11857521533966064	1.1622165441513062	0.2072370946407318	False	[0 0 0 0 1 0]	[1 0 0 0 0 0]	[0 0 0 0 0 1]	[0 0 0 1 0 0]
20	0.11999999731779099	3.247912645339966	1.4724147319793701	0.1753426492214203	1.4220813512802124	0.17807389795780182	False	[0 0 0 0 0 0]	[0 0 0 0 0 0]	[0 0 0 0 0 0]	[0 0 0 0 0 0]
20	0.17000000178813934	2.3540940284729004	0.8702583909034729	0.11367788165807724	1.1625535488128662	0.20760419964790344	False	[0 0 0 0 1 0]	[1 0 0 0 0 0]	[0 0 0 0 0 1]	[0 0 0 1 0 0]
20	0.1274999976158142	3.1197588443756104	1.436637282371521	0.11779479682445526	1.415907382965088	0.14941947162151337	False	[0 0 0 0 0 0]	[0 0 0 0 0 0]	[0 0 0 0 0 0]	[0 0 0 0 0 0]
20	0.1599999964237213	2.3337905406951904	0.865321934223175	0.12000099569559097	1.1435848474502563	0.20488280057907104	False	[0 0 0 0 1 0]	[1 0 0 0 0 0]	[0 0 0 0 0 1]	[0 0 0 1 0 0]
20	0.125	3.2280099391937256	1.4778320789337158	0.14267414808273315	1.4326465129852295	0.1748572289943695	False	[0 0 0 0 0 0]	[0 0 0 0 0 0]	[0 0 0 0 0 0]	[0 0 0 0 0 0]
20	0.16500000655651093	2.343416929244995	0.8722702264785767	0.11855673789978027	1.1485068798065186	0.2040831446647644	False	[0 0 0 0 1 0]	[1 0 0 0 0 0]	[0 0 0 0 0 1]	[0 0 0 1 0 0]
20	0.12250000238418579	3.2749805450439453	1.4861890077590942	0.15729393064975739	1.4400968551635742	0.19140088558197021	False	[0 0 0 0 0 0]	[0 0 0 0 0 0]	[0 0 0 0 0 0]	[0 0 0 0 0 0]
21	0.13500000536441803	3.088695526123047	1.2799540758132935	0.04277467727661133	1.272377848625183	0.4935888350009918	False	[1 0 0 0 0 0]	[1 0 0 0 0 0]	[0 0 0 0 0 1]	[0 0 0 1 0 0]
21	0.13500000536441803	3.046401023864746	1.2519199848175049	0.20348285138607025	1.0866049528121948	0.5043929815292358	False	[0 0 0 0 0 0]	[0 0 0 0 0 0]	[0 0 0 0 0 0]	[0 0 0 0 0 0]
21	0.1550000011920929	3.0762972831726074	1.274234652519226	0.04271959513425827	1.2729465961456299	0.4863961935043335	False	[1 0 0 0 0 0]	[1 0 0 0 0 0]	[0 0 0 0 0 1]	[0 0 0 1 0 0]
21	0.125	3.0544211864471436	1.2613478899002075	0.23740097880363464	1.045817494392395	0.5098547339439392	False	[0 0 0 0 0 0]	[0 0 0 0 0 0]	[0 0 0 0 0 0]	[0 0 0 0 0 0]
21	0.14000000059604645	3.080904006958008	1.27528715133667	0.042039837688207626	1.2746326923370361	0.48894432187080383	False	[1 0 0 0 0 0]	[1 0 0 0 0 0]	[0 0 0 0 0 1]	[0 0 0 1 0 0]
21	0.11999999731779099	3.014403820037842	1.2526580095291138	0.2237715721130371	1.0512657165527344	0.48670852184295654	False	[0 0 0 0 0 0]	[0 0 0 0 0 0]	[0 0 0 0 0 0]	[0 0 0 0 0 0]
21	0.1574999988079071	3.1104743480682373	1.285330057144165	0.04492802917957306	1.2831913232803345	0.4970247149467468	False	[1 0 0 0 0 0]	[1 0 0 0 0 0]	[0 0 0 0 0 1]	[0 0 0 1 0 0]
21	0.11999999731779099	3.025677442550659	1.2478541135787964	0.20522737503051758	1.0734022855758667	0.4991936683654785	False	[0 0 0 0 0 0]	[0 0 0 0 0 0]	[0 0 0 0 0 0]	[0 0 0 0 0 0]
21	0.1550000011920929	3.0641918182373047	1.2680338621139526	0.040601540356874466	1.2733532190322876	0.48220330476760864	False	[1 0 0 0 0 0]	[1 0 0 0 0 0]	[0 0 0 0 0 1]	[0 0 0 1 0 0]
21	0.125	3.0091285705566406	1.2568459510803223	0.21962013840675354	1.0409897565841675	0.4916728138923645	False	[0 0 0 0 0 0]	[0 0 0 0 0 0]	[0 0 0 0 0 0]	[0 0 0 0 0 0]
21	0.18000000715255737	3.0753369331359863	1.27252995967865	0.040715403854846954	1.2749526500701904	0.4871387779712677	False	[1 0 0 0 0 0]	[1 0 0 0 0 0]	[0 0 0 0 0 1]	[0 0 0 1 0 0]
21	0.125	3.022181510925293	1.252264142036438	0.21746346354484558	1.0674113035202026	0.4850424528121948	False	[0 0 0 0 0 0]	[0 0 0 0 0 0]	[0 0 0 0 0 0]	[0 0 0 0 0 0]
21	0.15000000596046448	3.1011898517608643	1.2848442792892456	0.04276673495769501	1.2833696603775024	0.4902093708515167	False	[1 0 0 0 0 0]	[1 0 0 0 0 0]	[0 0 0 0 0 1]	[0 0 0 1 0 0]
21	0.12250000238418579	3.044064521789551	1.2569447755813599	0.24107320606708527	1.0475378036499023	0.49850863218307495	False	[0 0 0 0 0 0]	[0 0 0 0 0 0]	[0 0 0 0 0 0]	[0 0 0 0 0 0]
21	0.16249999403953552	3.088999032974243	1.2800291776657104	0.0424637570977211	1.2774733304977417	0.4890327453613281	False	[1 0 0 0 0 0]	[1 0 0 0 0 0]	[0 0 0 0 0 1]	[0 0 0 1 0 0]
21	0.125	3.0575993061065674	1.2617825269699097	0.22237612307071686	1.0692100524902344	0.504230797290802	False	[0 0 0 0 0 0]	[0 0 0 0 0 0]	[0 0 0 0 0 0]	[0 0 0 0 0 0]
21	0.16500000655651093	3.0327038764953613	1.277462124824524	0.04402772709727287	1.2339739799499512	0.47724002599716187	False	[1 0 0 0 0 0]	[1 0 0 0 0 0]	[0 0 0 0 0 1]	[0 0 0 1 0 0]
21	0.12250000238418579	3.0117528438568115	1.2454285621643066	0.2197631299495697	1.0515695810317993	0.4949915111064911	False	[0 0 0 0 0 0]	[0 0 0 0 0 0]	[0 0 0 0 0 0]	[0 0 0 0 0 0]
21	0.16500000655651093	3.083401679992676	1.2808598279953003	0.042522870004177094	1.2713147401809692	0.4887041449546814	False	[1 0 0 0 0 0]	[1 0 0 0 0 0]	[0 0 0 0 0 1]	[0 0 0 1 0 0]
21	0.125	2.9853134155273438	1.238523006439209	0.21709677577018738	1.041880488395691	0.48781293630599976	False	[0 0 0 0 0 0]	[0 0 0 0 0 0]	[0 0 0 0 0 0]	[0 0 0 0 0 0]
21	0.16500000655651093	3.128052234649658	1.2897131443023682	0.04284118115901947	1.2879637479782104	0.5075339674949646	False	[1 0 0 0 0 0]	[1 0 0 0 0 0]	[0 0 0 0 0 1]	[0 0 0 1 0 0]
21	0.12250000238418579	3.0409932136535645	1.2597172260284424	0.2089821696281433	1.0678094625473022	0.5044841766357422	False	[0 0 0 0 0 0]	[0 0 0 0 0 0]	[0 0 0 0 0 0]	[0 0 0 0 0 0]
21	0.1550000011920929	3.076831340789795	1.2827397584915161	0.04197721555829048	1.2657088041305542	0.48640555143356323	False	[1 0 0 0 0 0]	[1 0 0 0 0 0]	[0 0 0 0 0 1]	[0 0 0 1 0 0]
21	0.14000000059604645	3.0262796878814697	1.2513521909713745	0.20117151737213135	1.0805327892303467	0.4932231307029724	False	[1 0 0 0 1 0]	[0 0 0 0 0 0]	[0 0 0 0 0 0]	[0 0 0 0 0 0]
21	-0.5	3.495039463043213	1.2605372667312622	0.09145280718803406	1.4304258823394775	0.712623655796051	False	[1 1 0 0 1 0]	[1 0 0 0 0 0]	[0 0 0 0 0 1]	[0 0 0 1 0 0]
21	0.11999999731779099	2.2764813899993896	1.1283496618270874	0.03135558217763901	1.0044467449188232	0.11232925951480865	False	[1 1 0 0 0 0]	[0 0 0 0 0 0]	[0 0 0 0 0 0]	[0 0 0 0 0 0]
21	-0.5	3.314387798309326	1.2945163249969482	0.11259983479976654	1.2786396741867065	0.6286320686340332	False	[0 1 0 0 0 0]	[1 0 0 0 0 0]	[0 0 0 0 0 1]	[0 0 0 1 0 0]
21	0.12999999523162842	1.711567759513855	0.7631145119667053	0.02790091186761856	0.8739539980888367	0.046598345041275024	False	[0 1 0 0 1 0]	[0 0 0 0 0 0]	[0 0 0 0 0 0]	[0 0 0 0 0 0]
21	-0.5	2.749767780303955	1.198312520980835	0.018739236518740654	1.2518985271453857	0.2808173894882202	False	[1 1 0 0 1 0]	[1 0 0 0 0 0]	[0 0 0 0 0 1]	[0 0 0 1 0 0]
21	0.14499999582767487	2.295909881591797	1.1321462392807007	0.03606652840971947	1.0136629343032837	0.11403421312570572	False	[1 1 0 0 0 0]	[0 0 0 0 0 0]	[0 0 0 0 0 0]	[0 0 0 0 0 0]
22	0.1574999988079071	2.734384536743164	1.0672132968902588	0.004316934384405613	1.0417944192886353	0.6210600137710571	False	[0 0 0 0 1 0]	[1 0 0 0 0 0]	[0 0 0 0 0 1]	[0 0 0 1 0 0]
22	0.11749999970197678	2.579710006713867	1.0282394886016846	0.0035333437845110893	1.0006985664367676	0.5472387075424194	False	[0 0 0 0 0 0]	[0 0 0 0 0 0]	[0 0 0 0 0 0]	[0 0 0 0 0 0]
22	0.1599999964237213	2.738635301589966	1.0718410015106201	0.004149399232119322	1.0435631275177002	0.6190817356109619	False	[0 0 0 0 1 0]	[1 0 0 0 0 0]	[0 0 0 0 0 1]	[0 0 0 1 0 0]
22	0.1274999976158142	2.56184983253479	1.0269999504089355	0.003001650795340538	1.0195552110671997	0.5122930407524109	False	[0 0 0 0 0 0]	[0 0 0 0 0 0]	[0 0 0 0 0 0]	[0 0 0 0 0 0]
22	0.16500000655651093	2.687488079071045	1.0481421947479248	0.004480968229472637	1.0189790725708008	0.6158857345581055	False	[0 0 0 0 1 0]	[1 0 0 0 0 0]	[0 0 0 0 0 1]	[0 0 0 1 0 0]
22	0.11749999970197678	2.5955862998962402	1.0308895111083984	0.0036049436312168837	1.006873607635498	0.5542181730270386	False	[0 0 0 0 0 0]	[0 0 0 0 0 0]	[0 0 0 0 0 0]	[0 0 0 0 0 0]
22	0.15000000596046448	2.747526168823242	1.0713649988174438	0.004237158689647913	1.0545157194137573	0.6174081563949585	False	[0 0 0 0 1 0]	[1 0 0 0 0 0]	[0 0 0 0 0 1]	[0 0 0 1 0 0]
22	0.125	2.5910520553588867	1.0483660697937012	0.0031216791830956936	1.0192371606826782	0.5203270316123962	False	[0 0 0 0 0 0]	[0 0 0 0 0 0]	[0 0 0 0 0 0]	[0 0 0 0 0 0]
22	0.15000000596046448	2.734434127807617	1.0657888650894165	0.004289211239665747	1.0426146984100342	0.6217414140701294	False	[0 0 0 0 1 0]	[1 0 0 0 0 0]	[0 0 0 0 0 1]	[0 0 0 1 0 0]
22	0.125	2.574573040008545	1.0367636680603027	0.0034544705413281918	0.9990949630737305	0.5352600812911987	False	[0 0 0 0 0 0]	[0 0 0 0 0 0]	[0 0 0 0 0 0]	[0 0 0 0 0 0]
22	0.1599999964237213	2.695843458175659	1.0495223999023438	0.004348172806203365	1.0220319032669067	0.6199410557746887	False	[0 0 0 0 1 0]	[1 0 0 0 0 0]	[0 0 0 0 0 1]	[0 0 0 1 0 0]
22	0.125	2.5878701210021973	1.0314823389053345	0.003551868023350835	1.0021241903305054	0.5507116913795471	False	[0 0 0 0 0 0]	[0 0 0 0 0 0]	[0 0 0 0 0 0]	[0 0 0 0 0 0]
22	0.15000000596046448	2.729288101196289	1.0661638975143433	0.004122850485146046	1.0437815189361572	0.61521977186203	False	[0 0 0 0 1 0]	[1 0 0 0 0 0]	[0 0 0 0 0 1]	[0 0 0 1 0 0]
22	0.12250000238418579	2.5667848587036133	1.030375599861145	0.0040221125818789005	0.9870587587356567	0.5453282594680786	False	[0 0 0 0 0 0]	[0 0 0 0 0 0]	[0 0 0 0 0 0]	[0 0 0 0 0 0]
22	0.12999999523162842	2.727600574493408	1.066724419593811	0.004465464502573013	1.0323760509490967	0.6240347027778625	False	[0 0 0 0 1 0]	[1 0 0 0 0 0]	[0 0 0 0 0 1]	[0 0 0 1 0 0]
22	0.12250000238418579	2.6026172637939453	1.0452834367752075	0.0035408076364547014	1.000991940498352	0.5528010725975037	False	[0 0 0 0 0 0]	[0 0 0 0 0 0]	[0 0 0 0 0 0]	[0 0 0 0 0 0]
22	0.1574999988079071	2.7105355262756348	1.0556714534759521	0.00421047443524003	1.0383051633834839	0.6123485565185547	False	[0 0 0 0 1 0]	[1 0 0 0 0 0]	[0 0 0 0 0 1]	[0 0 0 1 0 0]
22	0.11999999731779099	2.6235713958740234	1.0467396974563599	0.0032729997765272856	1.0243695974349976	0.5491891503334045	False	[0 0 0 0 0 0]	[0 0 0 0 0 0]	[0 0 0 0 0 0]	[0 0 0 0 0 0]
22	0.17000000178813934	2.7396295070648193	1.0649490356445312	0.004253332503139973	1.0481921434402466	0.6222350597381592	False	[0 0 0 0 1 0]	[1 0 0 0 0 0]	[0 0 0 0 0 1]	[0 0 0 1 0 0]
22	0.12250000238418579	2.5903162956237793	1.0371997356414795	0.003801023354753852	1.0008400678634644	0.5484753847122192	False	[0 0 0 0 0 0]	[0 0 0 0 0 0]	[0 0 0 0 0 0]	[0 0 0 0 0 0]
22	0.1550000011920929	2.715200424194336	1.0568822622299194	0.004793775267899036	1.0233407020568848	0.6301838159561157	False	[0 0 0 0 1 0]	[1 0 0 0 0 0]	[0 0 0 0 0 1]	[0 0 0 1 0 0]
22	0.12250000238418579	2.6052300930023193	1.046465516090393	0.0032301268074661493	1.0224707126617432	0.5330635905265808	False	[0 0 0 0 0 0]	[0 0 0 0 0 0]	[0 0 0 0 0 0]	[0 0 0 0 0 0]
22	0.17249999940395355	2.719755172729492	1.059854507446289	0.004311831202358007	1.0365228652954102	0.6190661191940308	False	[0 0 0 0 1 0]	[1 0 0 0 0 0]	[0 0 0 0 0 1]	[0 0 0 1 0 0]
22	0.12250000238418579	2.632111072540283	1.0570461750030518	0.0035934471525251865	1.0238696336746216	0.5476016998291016	False	[0 0 0 0 0 0]	[0 0 0 0 0 0]	[0 0 0 0 0 0]	[0 0 0 0 0 0]
22	0.1550000011920929	2.7074902057647705	1.0602328777313232	0.004111322108656168	1.0323011875152588	0.6108447909355164	False	[0 0 0 0 1 0]	[1 0 0 0 0 0]	[0 0 0 0 0 1]	[0 0 0 1 0 0]
22	0.12250000238418579	2.6642959117889404	1.0627374649047852	0.0038855494931340218	1.0144414901733398	0.5832313895225525	False	[0 0 0 0 0 0]	[0 0 0 0 0 0]	[0 0 0 0 0 0]	[0 0 0 0 0 0]
22	0.1550000011920929	2.696455717086792	1.0502058267593384	0.004558907356113195	1.0177278518676758	0.6239631772041321	False	[0 0 0 0 1 0]	[1 0 0 0 0 0]	[0 0 0 0 0 1]	[0 0 0 1 0 0]
22	0.11999999731779099	2.618744134902954	1.0504302978515625	0.0034606694243848324	1.026279091835022	0.5385739803314209	False	[0 0 0 0 0 0]	[0 0 0 0 0 0]	[0 0 0 0 0 0]	[0 0 0 0 0 0]
22	0.16750000417232513	2.7268354892730713	1.0621986389160156	0.004375474061816931	1.039244532585144	0.6210166811943054	False	[0 0 0 0 1 0]	[1 0 0 0 0 0]	[0 0 0 0 0 1]	[0 0 0 1 0 0]
22	0.125	2.6203010082244873	1.061508297920227	0.003074612934142351	1.0342168807983398	0.5215013027191162	False	[0 0 0 0 0 0]	[0 0 0 0 0 0]	[0 0 0 0 0 0]	[0 0 0 0 0 0]
23	0.17249999940395355	2.3533778190612793	0.6941251754760742	0.005832652561366558	1.173009991645813	0.48041003942489624	False	[0 0 0 0 1 0]	[1 0 0 0 0 0]	[0 0 0 0 0 1]	[0 0 0 1 0 0]
23	0.12250000238418579	1.9799468517303467	0.9633027911186218	0.05269443988800049	0.6592845320701599	0.30466508865356445	False	[0 0 0 0 0 0]	[0 0 0 0 0 0]	[0 0 0 0 0 0]	[0 0 0 0 0 0]
23	0.1550000011920929	2.3819472789764404	0.712716281414032	0.0058361259289085865	1.187721848487854	0.47567296028137207	False	[0 0 0 0 1 0]	[1 0 0 0 0 0]	[0 0 0 0 0 1]	[0 0 0 1 0 0]
23	0.12250000238418579	1.965141773223877	0.9670603275299072	0.049464598298072815	0.6570462584495544	0.29157063364982605	False	[0 0 0 0 0 0]	[0 0 0 0 0 0]	[0 0 0 0 0 0]	[0 0 0 0 0 0]
23	0.1850000023841858	2.3494014739990234	0.700484573841095	0.006079311016947031	1.1748192310333252	0.4680182933807373	False	[0 0 0 0 1 0]	[1 0 0 0 0 0]	[0 0 0 0 0 1]	[0 0 0 1 0 0]
23	0.125	1.9219062328338623	0.9521019458770752	0.0433402918279171	0.6497839093208313	0.276680052280426	False	[0 0 0 0 0 0]	[0 0 0 0 0 0]	[0 0 0 0 0 0]	[0 0 0 0 0 0]
23	0.16249999403953552	2.347687244415283	0.6908038258552551	0.005801393650472164	1.1817893981933594	0.46929267048835754	False	[0 0 0 0 1 0]	[1 0 0 0 0 0]	[0 0 0 0 0 1]	[0 0 0 1 0 0]
23	0.12250000238418579	1.940115213394165	0.9637782573699951	0.04318063333630562	0.6457651257514954	0.2873912453651428	False	[0 0 0 0 0 0]	[0 0 0 0 0 0]	[0 0 0 0 0 0]	[0 0 0 0 0 0]
23	0.16500000655651093	2.3963561058044434	0.7172479629516602	0.005980923771858215	1.1885888576507568	0.4845382571220398	False	[0 0 0 0 1 0]	[1 0 0 0 0 0]	[0 0 0 0 0 1]	[0 0 0 1 0 0]
23	0.12250000238418579	1.9610545635223389	0.967310905456543	0.04603439196944237	0.663001537322998	0.2847077548503876	False	[0 0 0 0 0 0]	[0 0 0 0 0 0]	[0 0 0 0 0 0]	[0 0 0 0 0 0]
23	0.15000000596046448	2.361933708190918	0.7008733153343201	0.005780906416475773	1.1800802946090698	0.4751991629600525	False	[0 0 0 0 1 0]	[1 0 0 0 0 0]	[0 0 0 0 0 1]	[0 0 0 1 0 0]
23	0.1274999976158142	1.9650025367736816	0.9669305086135864	0.045858535915613174	0.6732128262519836	0.27900081872940063	False	[0 0 0 0 0 0]	[0 0 0 0 0 0]	[0 0 0 0 0 0]	[0 0 0 0 0 0]
23	0.1550000011920929	2.3483633995056152	0.6879435777664185	0.005651500076055527	1.1807150840759277	0.47405335307121277	False	[0 0 0 0 1 0]	[1 0 0 0 0 0]	[0 0 0 0 0 1]	[0 0 0 1 0 0]
23	0.12999999523162842	1.9324474334716797	0.956136167049408	0.04208534210920334	0.6570350527763367	0.2771909832954407	False	[0 0 0 0 0 0]	[0 0 0 0 0 0]	[0 0 0 0 0 0]	[0 0 0 0 0 0]
23	0.16750000417232513	2.361237049102783	0.6974748373031616	0.006031140685081482	1.1826443672180176	0.47508668899536133	False	[0 0 0 0 1 0]	[1 0 0 0 0 0]	[0 0 0 0 0 1]	[0 0 0 1 0 0]
23	0.11999999731779099	1.9434363842010498	0.9541997313499451	0.04252387955784798	0.6687489151954651	0.2779638469219208	False	[0 0 0 0 0 0]	[0 0 0 0 0 0]	[0 0 0 0 0 0]	[0 0 0 0 0 0]
23	0.14000000059604645	2.3401026725769043	0.6881476640701294	0.00583295151591301	1.1762139797210693	0.46990805864334106	False	[0 0 0 0 1 0]	[1 0 0 0 0 0]	[0 0 0 0 0 1]	[0 0 0 1 0 0]
23	0.125	1.9676941633224487	0.9609658718109131	0.04559365659952164	0.6765827536582947	0.2845519781112671	False	[0 0 0 0 0 0]	[0 0 0 0 0 0]	[0 0 0 0 0 0]	[0 0 0 0 0 0]
23	0.1550000011920929	2.354332447052002	0.6972746253013611	0.005916309542953968	1.1750520467758179	0.4760894179344177	False	[0 0 0 0 1 0]	[1 0 0 0 0 0]	[0 0 0 0 0 1]	[0 0 0 1 0 0]
23	0.125	1.9366658926010132	0.9580481648445129	0.042204536497592926	0.6540033221244812	0.28240975737571716	False	[0 0 0 0 0 0]	[0 0 0 0 0 0]	[0 0 0 0 0 0]	[0 0 0 0 0 0]
23	0.1599999964237213	2.3638627529144287	0.703849196434021	0.005955633241683245	1.1832640171051025	0.4707939326763153	False	[0 0 0 0 1 0]	[1 0 0 0 0 0]	[0 0 0 0 0 1]	[0 0 0 1 0 0]
23	0.11749999970197678	1.957198143005371	0.9538658261299133	0.040898218750953674	0.6746212244033813	0.2878129184246063	False	[0 0 0 0 0 0]	[0 0 0 0 0 0]	[0 0 0 0 0 0]	[0 0 0 0 0 0]
23	0.1599999964237213	2.3532185554504395	0.6971436738967896	0.005937595386058092	1.1769859790802002	0.4731513261795044	False	[0 0 0 0 1 0]	[1 0 0 0 0 0]	[0 0 0 0 0 1]	[0 0 0 1 0 0]
23	0.125	1.919257402420044	0.9515672326087952	0.04593298211693764	0.6436327695846558	0.2781243622303009	False	[0 0 0 0 0 0]	[0 0 0 0 0 0]	[0 0 0 0 0 0]	[0 0 0 0 0 0]
23	0.14249999821186066	2.3422067165374756	0.689742386341095	0.005897913593798876	1.177911400794983	0.46865493059158325	False	[0 0 0 0 1 0]	[1 0 0 0 0 0]	[0 0 0 0 0 1]	[0 0 0 1 0 0]
23	0.125	1.9929537773132324	0.9682406187057495	0.04733569920063019	0.6870973110198975	0.29028013348579407	False	[0 0 0 0 0 0]	[0 0 0 0 0 0]	[0 0 0 0 0 0]	[0 0 0 0 0 0]
23	0.16500000655651093	2.3462820053100586	0.6929327249526978	0.005769885610789061	1.178585171699524	0.4689940810203552	False	[0 0 0 0 1 0]	[1 0 0 0 0 0]	[0 0 0 0 0 1]	[0 0 0 1 0 0]
23	0.125	1.9827362298965454	0.9712790250778198	0.052816037088632584	0.664139449596405	0.2945016622543335	False	[0 0 0 0 0 0]	[0 0 0 0 0 0]	[0 0 0 0 0 0]	[0 0 0 0 0 0]
23	0.14749999344348907	2.32236385345459	0.6828434467315674	0.005773750599473715	1.1679980754852295	0.46574866771698	False	[0 0 0 0 1 0]	[1 0 0 0 0 0]	[0 0 0 0 0 1]	[0 0 0 1 0 0]
23	0.11999999731779099	2.002110004425049	0.9751569032669067	0.05698050931096077	0.6618010401725769	0.3081716299057007	False	[0 0 0 0 0 0]	[0 0 0 0 0 0]	[0 0 0 0 0 0]	[0 0 0 0 0 0]
24	0.15000000596046448	2.0778403282165527	0.6530041694641113	0.006241936236619949	0.9920295476913452	0.4265647232532501	False	[0 0 0 0 1 0]	[1 0 0 0 0 0]	[0 0 0 0 0 1]	[0 0 0 1 0 0]
24	0.11749999970197678	1.667218804359436	0.5019910335540771	0.010712673887610435	0.8740262389183044	0.2804888188838959	False	[0 0 0 0 0 0]	[0 0 0 0 0 0]	[0 0 0 0 0 0]	[0 0 0 0 0 0]
24	0.1599999964237213	2.0698790550231934	0.6466283202171326	0.006253450643271208	0.9847780466079712	0.4322192668914795	False	[0 0 0 0 1 0]	[1 0 0 0 0 0]	[0 0 0 0 0 1]	[0 0 0 1 0 0]
24	0.11999999731779099	1.6478930711746216	0.4897659420967102	0.009812748990952969	0.8835320472717285	0.2647823095321655	False	[0 0 0 0 0 0]	[0 0 0 0 0 0]	[0 0 0 0 0 0]	[0 0 0 0 0 0]
24	0.15000000596046448	2.082125186920166	0.6479029059410095	0.006436356343328953	0.992953360080719	0.43483269214630127	False	[0 0 0 0 1 0]	[1 0 0 0 0 0]	[0 0 0 0 0 1]	[0 0 0 1 0 0]
24	0.11999999731779099	1.63555908203125	0.4889364242553711	0.010463649407029152	0.8671841621398926	0.26897478103637695	False	[0 0 0 0 0 0]	[0 0 0 0 0 0]	[0 0 0 0 0 0]	[0 0 0 0 0 0]
24	0.15000000596046448	2.0896544456481934	0.6490121483802795	0.006574676837772131	0.9924253821372986	0.441642165184021	False	[0 0 0 0 1 0]	[1 0 0 0 0 0]	[0 0 0 0 0 1]	[0 0 0 1 0 0]
24	0.12999999523162842	1.6506404876708984	0.49500614404678345	0.01016685739159584	0.8702136278152466	0.2752538323402405	False	[0 0 0 0 0 0]	[0 0 0 0 0 0]	[0 0 0 0 0 0]	[0 0 0 0 0 0]
24	0.1599999964237213	2.0662200450897217	0.6411306262016296	0.00656286021694541	0.9801202416419983	0.43840616941452026	False	[0 0 0 0 1 0]	[1 0 0 0 0 0]	[0 0 0 0 0 1]	[0 0 0 1 0 0]
24	0.11999999731779099	1.6625837087631226	0.5051141977310181	0.011742005124688148	0.8711918592453003	0.2745356261730194	False	[0 0 0 0 0 0]	[0 0 0 0 0 0]	[0 0 0 0 0 0]	[0 0 0 0 0 0]
24	0.1550000011920929	2.1367030143737793	0.6598967909812927	0.006407603621482849	1.0167020559310913	0.4536965489387512	False	[0 0 0 0 1 0]	[1 0 0 0 0 0]	[0 0 0 0 0 1]	[0 0 0 1 0 0]
24	0.12250000238418579	1.6521692276000977	0.48965728282928467	0.009940830990672112	0.8743569850921631	0.2782140374183655	False	[0 0 0 0 0 0]	[0 0 0 0 0 0]	[0 0 0 0 0 0]	[0 0 0 0 0 0]
24	0.1599999964237213	2.0732100009918213	0.6489526033401489	0.006254939828068018	0.9853320121765137	0.43267038464546204	False	[0 0 0 0 1 0]	[1 0 0 0 0 0]	[0 0 0 0 0 1]	[0 0 0 1 0 0]
24	0.12250000238418579	1.6407970190048218	0.4894634783267975	0.009510746225714684	0.8730624318122864	0.2687603235244751	False	[0 0 0 0 0 0]	[0 0 0 0 0 0]	[0 0 0 0 0 0]	[0 0 0 0 0 0]
24	0.15000000596046448	2.12039852142334	0.6588209867477417	0.006223937030881643	1.014420986175537	0.44093257188796997	False	[0 0 0 0 1 0]	[1 0 0 0 0 0]	[0 0 0 0 0 1]	[0 0 0 1 0 0]
24	0.12250000238418579	1.6295722723007202	0.4795052707195282	0.01053495891392231	0.8636165857315063	0.2759154736995697	False	[0 0 0 0 0 0]	[0 0 0 0 0 0]	[0 0 0 0 0 0]	[0 0 0 0 0 0]
24	0.15000000596046448	2.089123487472534	0.6543440818786621	0.006203967612236738	0.9883357286453247	0.44023966789245605	False	[0 0 0 0 1 0]	[1 0 0 0 0 0]	[0 0 0 0 0 1]	[0 0 0 1 0 0]
24	0.125	1.654200553894043	0.49961334466934204	0.010483352467417717	0.8674384355545044	0.27666544914245605	False	[0 0 0 0 0 0]	[0 0 0 0 0 0]	[0 0 0 0 0 0]	[0 0 0 0 0 0]
24	0.1599999964237213	2.0524513721466064	0.6431865692138672	0.00656136404722929	0.9692056179046631	0.433497816324234	False	[0 0 0 0 1 0]	[1 0 0 0 0 0]	[0 0 0 0 0 1]	[0 0 0 1 0 0]
24	0.11999999731779099	1.650272011756897	0.49205726385116577	0.011305481195449829	0.8642830848693848	0.2826261818408966	False	[0 0 0 0 0 0]	[0 0 0 0 0 0]	[0 0 0 0 0 0]	[0 0 0 0 0 0]
24	0.1550000011920929	2.1103591918945312	0.6531612873077393	0.0060875508934259415	1.0076041221618652	0.44350630044937134	False	[0 0 0 0 1 0]	[1 0 0 0 0 0]	[0 0 0 0 0 1]	[0 0 0 1 0 0]
24	0.12999999523162842	1.6764795780181885	0.5043797492980957	0.011833401396870613	0.8728381991386414	0.2874281704425812	False	[0 0 0 0 0 0]	[0 0 0 0 0 0]	[0 0 0 0 0 0]	[0 0 0 0 0 0]
24	0.16249999403953552	2.131608724594116	0.6626719236373901	0.006185646168887615	1.013258695602417	0.4494923949241638	False	[0 0 0 0 1 0]	[1 0 0 0 0 0]	[0 0 0 0 0 1]	[0 0 0 1 0 0]
24	0.11999999731779099	1.638244390487671	0.4863695800304413	0.010138132609426975	0.8690003156661987	0.2727362811565399	False	[0 0 0 0 0 0]	[0 0 0 0 0 0]	[0 0 0 0 0 0]	[0 0 0 0 0 0]
24	0.14000000059604645	2.1041905879974365	0.6536353230476379	0.006274751387536526	1.0064953565597534	0.43778514862060547	False	[0 0 0 0 1 0]	[1 0 0 0 0 0]	[0 0 0 0 0 1]	[0 0 0 1 0 0]
24	0.12250000238418579	1.6395260095596313	0.48437440395355225	0.009799422696232796	0.8701140880584717	0.27523812651634216	False	[0 0 0 0 0 0]	[0 0 0 0 0 0]	[0 0 0 0 0 0]	[0 0 0 0 0 0]
24	0.19499999284744263	2.085862159729004	0.6510929465293884	0.00623626634478569	0.9938840866088867	0.43464890122413635	False	[0 0 0 0 1 0]	[1 0 0 0 0 0]	[0 0 0 0 0 1]	[0 0 0 1 0 0]
24	0.11999999731779099	1.6575758457183838	0.4910687208175659	0.01177120115607977	0.8671285510063171	0.28760743141174316	False	[0 0 0 0 0 0]	[0 0 0 0 0 0]	[0 0 0 0 0 0]	[0 0 0 0 0 0]
24	0.17000000178813934	2.0894997119903564	0.6515165567398071	0.006280683446675539	0.9897218942642212	0.44198060035705566	False	[0 0 0 0 1 0]	[1 0 0 0 0 0]	[0 0 0 0 0 1]	[0 0 0 1 0 0]
24	0.12250000238418579	1.6813212633132935	0.5111756920814514	0.012910116463899612	0.8723745346069336	0.2848609387874603	False	[0 0 0 0 0 0]	[0 0 0 0 0 0]	[0 0 0 0 0 0]	[0 0 0 0 0 0]
25	0.1525000035762787	1.6862248182296753	0.6464133262634277	0.00828467309474945	0.9021377563476562	0.12938901782035828	False	[0 0 0 0 1 0]	[1 0 0 0 0 0]	[0 0 0 0 0 1]	[0 0 0 1 0 0]
25	0.12250000238418579	1.8765331506729126	0.6545532941818237	0.014311715960502625	1.0633739233016968	0.1442941129207611	False	[0 0 0 0 0 0]	[0 0 0 0 0 0]	[0 0 0 0 0 0]	[0 0 0 0 0 0]
25	0.1599999964237213	1.6697814464569092	0.6443235874176025	0.008805007673799992	0.8905777931213379	0.12607498466968536	False	[0 0 0 0 1 0]	[1 0 0 0 0 0]	[0 0 0 0 0 1]	[0 0 0 1 0 0]
25	0.11749999970197678	1.8618696928024292	0.6443507075309753	0.016265708953142166	1.0534653663635254	0.14778797328472137	False	[0 0 0 0 0 0]	[0 0 0 0 0 0]	[0 0 0 0 0 0]	[0 0 0 0 0 0]
25	0.1574999988079071	1.6832629442214966	0.6443730592727661	0.007880222983658314	0.9019837379455566	0.12902593612670898	False	[0 0 0 0 1 0]	[1 0 0 0 0 0]	[0 0 0 0 0 1]	[0 0 0 1 0 0]
25	0.12999999523162842	1.8895677328109741	0.6858148574829102	0.021675437688827515	1.038184642791748	0.1438927948474884	False	[0 0 0 0 0 0]	[0 0 0 0 0 0]	[0 0 0 0 0 0]	[0 0 0 0 0 0]
25	0.14000000059604645	1.6962249279022217	0.6483632922172546	0.007670337799936533	0.9103893041610718	0.12980198860168457	False	[0 0 0 0 1 0]	[1 0 0 0 0 0]	[0 0 0 0 0 1]	[0 0 0 1 0 0]
25	0.11999999731779099	1.8788564205169678	0.6736344695091248	0.020071910694241524	1.046208143234253	0.1389419287443161	False	[0 0 0 0 0 0]	[0 0 0 0 0 0]	[0 0 0 0 0 0]	[0 0 0 0 0 0]
25	0.14000000059604645	1.6855385303497314	0.6438931822776794	0.007872975431382656	0.9034245014190674	0.13034789264202118	False	[0 0 0 0 1 0]	[1 0 0 0 0 0]	[0 0 0 0 0 1]	[0 0 0 1 0 0]
25	0.12250000238418579	1.8969892263412476	0.6718296408653259	0.01519964262843132	1.0657740831375122	0.14418594539165497	False	[0 0 0 0 0 0]	[0 0 0 0 0 0]	[0 0 0 0 0 0]	[0 0 0 0 0 0]
25	0.1525000035762787	1.6753594875335693	0.644835889339447	0.008349104784429073	0.893669605255127	0.12850481271743774	False	[0 0 0 0 1 0]	[1 0 0 0 0 0]	[0 0 0 0 0 1]	[0 0 0 1 0 0]
25	0.12250000238418579	1.8859672546386719	0.6689232587814331	0.01679292879998684	1.0546015501022339	0.14564941823482513	False	[0 0 0 0 0 0]	[0 0 0 0 0 0]	[0 0 0 0 0 0]	[0 0 0 0 0 0]
25	0.14499999582767487	1.6824027299880981	0.6477832198143005	0.008449398912489414	0.8990087509155273	0.12716133892536163	False	[0 0 0 0 1 0]	[1 0 0 0 0 0]	[0 0 0 0 0 1]	[0 0 0 1 0 0]
25	0.1274999976158142	1.8974136114120483	0.6832802891731262	0.024653878062963486	1.0424845218658447	0.14699499309062958	False	[0 0 0 0 0 0]	[0 0 0 0 0 0]	[0 0 0 0 0 0]	[0 0 0 0 0 0]
25	0.15000000596046448	1.6827280521392822	0.6414034962654114	0.007718303240835667	0.9019154906272888	0.13169068098068237	False	[0 0 0 0 1 0]	[1 0 0 0 0 0]	[0 0 0 0 0 1]	[0 0 0 1 0 0]
25	0.12250000238418579	1.8988430500030518	0.6698891520500183	0.01863914541900158	1.0585018396377563	0.15181291103363037	False	[0 0 0 0 0 0]	[0 0 0 0 0 0]	[0 0 0 0 0 0]	[0 0 0 0 0 0]
25	0.1574999988079071	1.6797927618026733	0.6457943320274353	0.008182001300156116	0.895622968673706	0.13019345700740814	False	[0 0 0 0 1 0]	[1 0 0 0 0 0]	[0 0 0 0 0 1]	[0 0 0 1 0 0]
25	0.11749999970197678	1.8775876760482788	0.665713906288147	0.01635664328932762	1.0530741214752197	0.14244303107261658	False	[0 0 0 0 0 0]	[0 0 0 0 0 0]	[0 0 0 0 0 0]	[0 0 0 0 0 0]
25	0.16500000655651093	1.6742509603500366	0.6450337171554565	0.008225105702877045	0.8939223289489746	0.1270698755979538	False	[0 0 0 0 1 0]	[1 0 0 0 0 0]	[0 0 0 0 0 1]	[0 0 0 1 0 0]
25	0.12250000238418579	1.875819444656372	0.6632587313652039	0.014647488482296467	1.0585026741027832	0.13941046595573425	False	[0 0 0 0 0 0]	[0 0 0 0 0 0]	[0 0 0 0 0 0]	[0 0 0 0 0 0]
25	0.1599999964237213	1.716788649559021	0.6566279530525208	0.007871278561651707	0.9218442440032959	0.13044516742229462	False	[0 0 0 0 1 0]	[1 0 0 0 0 0]	[0 0 0 0 0 1]	[0 0 0 1 0 0]
25	0.11999999731779099	1.873421311378479	0.6601168513298035	0.016642006114125252	1.0564677715301514	0.14019466936588287	False	[0 0 0 0 0 0]	[0 0 0 0 0 0]	[0 0 0 0 0 0]	[0 0 0 0 0 0]
25	0.1599999964237213	1.6841042041778564	0.6485896110534668	0.008238389156758785	0.8979402780532837	0.1293359398841858	False	[0 0 0 0 1 0]	[1 0 0 0 0 0]	[0 0 0 0 0 1]	[0 0 0 1 0 0]
25	0.12250000238418579	1.8880314826965332	0.6670945882797241	0.018873902037739754	1.054913878440857	0.14714911580085754	False	[0 0 0 0 0 0]	[0 0 0 0 0 0]	[0 0 0 0 0 0]	[0 0 0 0 0 0]
25	0.1550000011920929	1.6771502494812012	0.6429104208946228	0.0083854328840971	0.8975955843925476	0.1282588541507721	False	[0 0 0 0 1 0]	[1 0 0 0 0 0]	[0 0 0 0 0 1]	[0 0 0 1 0 0]
25	0.12250000238418579	1.862567663192749	0.6573523283004761	0.016624171286821365	1.0462144613265991	0.1423766314983368	False	[0 0 0 0 0 0]	[0 0 0 0 0 0]	[0 0 0 0 0 0]	[0 0 0 0 0 0]
25	0.15000000596046448	1.6895869970321655	0.647032618522644	0.007741274777799845	0.9046193957328796	0.13019369542598724	False	[0 0 0 0 1 0]	[1 0 0 0 0 0]	[0 0 0 0 0 1]	[0 0 0 1 0 0]
25	0.12250000238418579	1.9025235176086426	0.6832599639892578	0.01916949264705181	1.0586564540863037	0.14143751561641693	False	[0 0 0 0 0 0]	[0 0 0 0 0 0]	[0 0 0 0 0 0]	[0 0 0 0 0 0]
25	0.1574999988079071	1.6933274269104004	0.6487447023391724	0.00805244967341423	0.9072535037994385	0.12927672266960144	False	[0 0 0 0 1 0]	[1 0 0 0 0 0]	[0 0 0 0 0 1]	[0 0 0 1 0 0]
25	0.125	1.8834160566329956	0.6729992032051086	0.019875364378094673	1.0472126007080078	0.14332890510559082	False	[0 0 0 0 0 0]	[0 0 0 0 0 0]	[0 0 0 0 0 0]	[0 0 0 0 0 0]
26	0.1599999964237213	1.7064948081970215	0.5802605748176575	0.0475933738052845	0.9142001867294312	0.16444069147109985	False	[0 0 0 0 1 0]	[1 0 0 0 0 0]	[0 0 0 0 0 1]	[0 0 0 1 0 0]
26	0.12250000238418579	2.1314148902893066	0.7271800637245178	0.2714740037918091	0.9768335223197937	0.15592728555202484	False	[0 0 0 0 0 0]	[0 0 0 0 0 0]	[0 0 0 0 0 0]	[0 0 0 0 0 0]
26	0.14000000059604645	1.720592975616455	0.593246340751648	0.049134526401758194	0.9165034294128418	0.16170865297317505	False	[0 0 0 0 1 0]	[1 0 0 0 0 0]	[0 0 0 0 0 1]	[0 0 0 1 0 0]
26	0.125	2.0746514797210693	0.7081060409545898	0.24960613250732422	0.9614386558532715	0.1555006057024002	False	[0 0 0 0 0 0]	[0 0 0 0 0 0]	[0 0 0 0 0 0]	[0 0 0 0 0 0]
26	0.15000000596046448	1.7086626291275024	0.5876070857048035	0.052250221371650696	0.9096479415893555	0.15915736556053162	False	[0 0 0 0 1 0]	[1 0 0 0 0 0]	[0 0 0 0 0 1]	[0 0 0 1 0 0]
26	0.12250000238418579	2.1501612663269043	0.7290050387382507	0.29630938172340393	0.9723673462867737	0.1524793654680252	False	[0 0 0 0 0 0]	[0 0 0 0 0 0]	[0 0 0 0 0 0]	[0 0 0 0 0 0]
26	0.1525000035762787	1.7049381732940674	0.5797708034515381	0.05061366781592369	0.9133499264717102	0.16120387613773346	False	[0 0 0 0 1 0]	[1 0 0 0 0 0]	[0 0 0 0 0 1]	[0 0 0 1 0 0]
26	0.11749999970197678	2.0911216735839844	0.7029989957809448	0.2652313709259033	0.9691071510314941	0.15378418564796448	False	[0 0 0 0 0 0]	[0 0 0 0 0 0]	[0 0 0 0 0 0]	[0 0 0 0 0 0]
26	0.16500000655651093	1.7032725811004639	0.5797141194343567	0.04765651002526283	0.9127731919288635	0.16312868893146515	False	[0 0 0 0 1 0]	[1 0 0 0 0 0]	[0 0 0 0 0 1]	[0 0 0 1 0 0]
26	0.125	2.186307907104492	0.7316920161247253	0.3130536675453186	0.9872819781303406	0.1542801558971405	False	[0 0 0 0 0 0]	[0 0 0 0 0 0]	[0 0 0 0 0 0]	[0 0 0 0 0 0]
26	0.1599999964237213	1.7178187370300293	0.591826319694519	0.05087028816342354	0.9141836166381836	0.160938560962677	False	[0 0 0 0 1 0]	[1 0 0 0 0 0]	[0 0 0 0 0 1]	[0 0 0 1 0 0]
26	0.12250000238418579	2.12394380569458	0.7246297001838684	0.26707565784454346	0.9786261916160583	0.15361230075359344	False	[0 0 0 0 0 0]	[0 0 0 0 0 0]	[0 0 0 0 0 0]	[0 0 0 0 0 0]
26	0.1599999964237213	1.6926641464233398	0.5811265707015991	0.05186734348535538	0.9002701044082642	0.1594001054763794	False	[0 0 0 0 1 0]	[1 0 0 0 0 0]	[0 0 0 0 0 1]	[0 0 0 1 0 0]
26	0.125	2.1648671627044678	0.7360439300537109	0.30583110451698303	0.9714559316635132	0.15153633058071136	False	[0 0 0 0 0 0]	[0 0 0 0 0 0]	[0 0 0 0 0 0]	[0 0 0 0 0 0]
26	0.1525000035762787	1.7384957075119019	0.5995905995368958	0.053177766501903534	0.9206521511077881	0.1650751829147339	False	[0 0 0 0 1 0]	[1 0 0 0 0 0]	[0 0 0 0 0 1]	[0 0 0 1 0 0]
26	0.125	2.2342309951782227	0.7417516708374023	0.3502412438392639	0.9871769547462463	0.15506133437156677	False	[0 0 0 0 0 0]	[0 0 0 0 0 0]	[0 0 0 0 0 0]	[0 0 0 0 0 0]
26	0.16500000655651093	1.7047173976898193	0.57806795835495	0.05447322875261307	0.9095571041107178	0.16261914372444153	False	[0 0 0 0 1 0]	[1 0 0 0 0 0]	[0 0 0 0 0 1]	[0 0 0 1 0 0]
26	0.11999999731779099	2.1322097778320312	0.7242766618728638	0.2872021794319153	0.9681965112686157	0.15253445506095886	False	[0 0 0 0 0 0]	[0 0 0 0 0 0]	[0 0 0 0 0 0]	[0 0 0 0 0 0]
26	0.18000000715255737	1.7228320837020874	0.5906959176063538	0.053426239639520645	0.9152366518974304	0.1634732037782669	False	[0 0 0 0 1 0]	[1 0 0 0 0 0]	[0 0 0 0 0 1]	[0 0 0 1 0 0]
26	0.12250000238418579	2.1043388843536377	0.7090106010437012	0.27222928404808044	0.9649971723556519	0.15810175240039825	False	[0 0 0 0 0 0]	[0 0 0 0 0 0]	[0 0 0 0 0 0]	[0 0 0 0 0 0]
26	0.1550000011920929	1.7382450103759766	0.5947803854942322	0.05459822714328766	0.9268743991851807	0.16199210286140442	False	[0 0 0 0 1 0]	[1 0 0 0 0 0]	[0 0 0 0 0 1]	[0 0 0 1 0 0]
26	0.12999999523162842	2.1986215114593506	0.7404595017433167	0.3237720727920532	0.9826025366783142	0.15178735554218292	False	[0 0 0 0 0 0]	[0 0 0 0 0 0]	[0 0 0 0 0 0]	[0 0 0 0 0 0]
26	0.16750000417232513	1.7196851968765259	0.586741030216217	0.05116641893982887	0.9180570840835571	0.1637207716703415	False	[0 0 0 0 1 0]	[1 0 0 0 0 0]	[0 0 0 0 0 1]	[0 0 0 1 0 0]
26	0.12250000238418579	2.2455759048461914	0.7577307820320129	0.35191962122917175	0.9839763641357422	0.15194904804229736	False	[0 0 0 0 0 0]	[0 0 0 0 0 0]	[0 0 0 0 0 0]	[0 0 0 0 0 0]
26	0.14249999821186066	1.7079308032989502	0.5757544040679932	0.05407659709453583	0.9151634573936462	0.16293632984161377	False	[0 0 0 0 1 0]	[1 0 0 0 0 0]	[0 0 0 0 0 1]	[0 0 0 1 0 0]
26	0.12250000238418579	2.2151994705200195	0.7446070909500122	0.3389306366443634	0.9804243445396423	0.1512375771999359	False	[0 0 0 0 0 0]	[0 0 0 0 0 0]	[0 0 0 0 0 0]	[0 0 0 0 0 0]
26	0.1574999988079071	1.702054500579834	0.5811325311660767	0.05167429894208908	0.9073986411094666	0.1618489772081375	False	[0 0 0 0 1 0]	[1 0 0 0 0 0]	[0 0 0 0 0 1]	[0 0 0 1 0 0]
26	0.11999999731779099	2.1668243408203125	0.7307556867599487	0.3093300759792328	0.9745851755142212	0.1521533876657486	False	[0 0 0 0 0 0]	[0 0 0 0 0 0]	[0 0 0 0 0 0]	[0 0 0 0 0 0]
26	0.16500000655651093	1.7208170890808105	0.5911175608634949	0.04961834102869034	0.916060209274292	0.16402101516723633	False	[0 0 0 0 1 0]	[1 0 0 0 0 0]	[0 0 0 0 0 1]	[0 0 0 1 0 0]
26	0.125	2.1104164123535156	0.7180571556091309	0.2703525125980377	0.9678711295127869	0.15413567423820496	False	[0 0 0 0 0 0]	[0 0 0 0 0 0]	[0 0 0 0 0 0]	[0 0 0 0 0 0]
27	0.1525000035762787	1.6986321210861206	0.559091329574585	0.005890066269785166	0.6432940363883972	0.4903566837310791	False	[0 0 0 0 1 0]	[1 0 0 0 0 0]	[0 0 0 0 0 1]	[0 0 0 1 0 0]
27	0.125	2.1165788173675537	0.42006024718284607	0.01653893105685711	1.0681710243225098	0.6118086576461792	False	[0 0 0 0 0 0]	[0 0 0 0 0 0]	[0 0 0 0 0 0]	[0 0 0 0 0 0]
27	0.1574999988079071	1.6855361461639404	0.5506607294082642	0.005995892453938723	0.642677366733551	0.4862021803855896	False	[0 0 0 0 1 0]	[1 0 0 0 0 0]	[0 0 0 0 0 1]	[0 0 0 1 0 0]
27	0.1274999976158142	2.1262993812561035	0.4238637089729309	0.01449055876582861	1.066320776939392	0.621624231338501	False	[0 0 0 0 0 0]	[0 0 0 0 0 0]	[0 0 0 0 0 0]	[0 0 0 0 0 0]
27	0.17499999701976776	1.69086754322052	0.5523275136947632	0.00583704374730587	0.6444709300994873	0.4882320165634155	False	[0 0 0 0 1 0]	[1 0 0 0 0 0]	[0 0 0 0 0 1]	[0 0 0 1 0 0]
27	0.12250000238418579	2.1081511974334717	0.41098296642303467	0.017456959933042526	1.0619006156921387	0.6178107261657715	False	[0 0 0 0 0 0]	[0 0 0 0 0 0]	[0 0 0 0 0 0]	[0 0 0 0 0 0]
27	0.15000000596046448	1.6925846338272095	0.5525704622268677	0.005593786481767893	0.6465834975242615	0.48783692717552185	False	[0 0 0 0 1 0]	[1 0 0 0 0 0]	[0 0 0 0 0 1]	[0 0 0 1 0 0]
27	0.12250000238418579	2.1154747009277344	0.40928947925567627	0.02090594545006752	1.0671107769012451	0.6181685328483582	False	[0 0 0 0 0 0]	[0 0 0 0 0 0]	[0 0 0 0 0 0]	[0 0 0 0 0 0]
27	0.16500000655651093	1.6923644542694092	0.5578328371047974	0.005586077459156513	0.6410467624664307	0.48789888620376587	False	[0 0 0 0 1 0]	[1 0 0 0 0 0]	[0 0 0 0 0 1]	[0 0 0 1 0 0]
27	0.12999999523162842	2.106858730316162	0.41219738125801086	0.013797644525766373	1.0629136562347412	0.6179499626159668	False	[0 0 0 0 0 0]	[0 0 0 0 0 0]	[0 0 0 0 0 0]	[0 0 0 0 0 0]
27	0.16249999403953552	1.6870836019515991	0.5591744780540466	0.0058753229677677155	0.6447521448135376	0.47728168964385986	False	[0 0 0 0 1 0]	[1 0 0 0 0 0]	[0 0 0 0 0 1]	[0 0 0 1 0 0]
27	0.125	2.110049247741699	0.415377676486969	0.012756174430251122	1.062185287475586	0.6197299957275391	False	[0 0 0 0 0 0]	[0 0 0 0 0 0]	[0 0 0 0 0 0]	[0 0 0 0 0 0]
27	0.17000000178813934	1.6811254024505615	0.5483076572418213	0.00582116236910224	0.6408045887947083	0.4861920475959778	False	[0 0 0 0 1 0]	[1 0 0 0 0 0]	[0 0 0 0 0 1]	[0 0 0 1 0 0]
27	0.11999999731779099	2.104785919189453	0.4089042842388153	0.015759026631712914	1.061294674873352	0.6188279986381531	False	[0 0 0 0 0 0]	[0 0 0 0 0 0]	[0 0 0 0 0 0]	[0 0 0 0 0 0]
27	0.14499999582767487	1.694736123085022	0.5576587319374084	0.005874921102076769	0.6470474004745483	0.4841550290584564	False	[0 0 0 0 1 0]	[1 0 0 0 0 0]	[0 0 0 0 0 1]	[0 0 0 1 0 0]
27	0.11999999731779099	2.1260156631469727	0.42541536688804626	0.0173391904681921	1.0692646503448486	0.6139966249465942	False	[0 0 0 0 0 0]	[0 0 0 0 0 0]	[0 0 0 0 0 0]	[0 0 0 0 0 0]
27	0.14499999582767487	1.690709114074707	0.5560802817344666	0.005867278669029474	0.6393007636070251	0.48946064710617065	False	[0 0 0 0 1 0]	[1 0 0 0 0 0]	[0 0 0 0 0 1]	[0 0 0 1 0 0]
27	0.12250000238418579	2.1194229125976562	0.4149283170700073	0.015678061172366142	1.0684263706207275	0.6203900575637817	False	[0 0 0 0 0 0]	[0 0 0 0 0 0]	[0 0 0 0 0 0]	[0 0 0 0 0 0]
27	0.13249999284744263	1.6910674571990967	0.5534471273422241	0.005742767360061407	0.643021821975708	0.4888557195663452	False	[0 0 0 0 1 0]	[1 0 0 0 0 0]	[0 0 0 0 0 1]	[0 0 0 1 0 0]
27	0.12250000238418579	2.138733386993408	0.42972612380981445	0.02188458852469921	1.072263479232788	0.6148592829704285	False	[0 0 0 0 0 0]	[0 0 0 0 0 0]	[0 0 0 0 0 0]	[0 0 0 0 0 0]
27	0.1550000011920929	1.6940757036209106	0.5579462647438049	0.0059221647679805756	0.6463065147399902	0.4839008152484894	False	[0 0 0 0 1 0]	[1 0 0 0 0 0]	[0 0 0 0 0 1]	[0 0 0 1 0 0]
27	0.11999999731779099	2.134437084197998	0.4284934103488922	0.022072648629546165	1.070706844329834	0.6131643056869507	False	[0 0 0 0 0 0]	[0 0 0 0 0 0]	[0 0 0 0 0 0]	[0 0 0 0 0 0]
27	0.1599999964237213	1.6833463907241821	0.5483858585357666	0.005640048999339342	0.6475006937980652	0.481819748878479	False	[0 0 0 0 1 0]	[1 0 0 0 0 0]	[0 0 0 0 0 1]	[0 0 0 1 0 0]
27	0.125	2.117365837097168	0.4161517322063446	0.016933200880885124	1.063657283782959	0.6206234693527222	False	[0 0 0 0 0 0]	[0 0 0 0 0 0]	[0 0 0 0 0 0]	[0 0 0 0 0 0]
27	0.1574999988079071	1.6865770816802979	0.5490642189979553	0.005758690182119608	0.6475582718849182	0.48419588804244995	False	[0 0 0 0 1 0]	[1 0 0 0 0 0]	[0 0 0 0 0 1]	[0 0 0 1 0 0]
27	0.12250000238418579	2.1127259731292725	0.4134059548377991	0.016298051923513412	1.0634747743606567	0.6195471286773682	False	[0 0 0 0 0 0]	[0 0 0 0 0 0]	[0 0 0 0 0 0]	[0 0 0 0 0 0]
27	0.15000000596046448	1.6893309354782104	0.5529199242591858	0.005856992676854134	0.6472896337509155	0.48326432704925537	False	[0 0 0 0 1 0]	[1 0 0 0 0 0]	[0 0 0 0 0 1]	[0 0 0 1 0 0]
27	0.125	2.1283321380615234	0.42367663979530334	0.023138975724577904	1.072204828262329	0.6093118190765381	False	[0 0 0 0 0 0]	[0 0 0 0 0 0]	[0 0 0 0 0 0]	[0 0 0 0 0 0]
27	0.17249999940395355	1.6801667213439941	0.5489421486854553	0.005499883554875851	0.6408355832099915	0.4848890006542206	False	[0 0 0 0 1 0]	[1 0 0 0 0 0]	[0 0 0 0 0 1]	[0 0 0 1 0 0]
27	0.11749999970197678	2.1085076332092285	0.4135313332080841	0.01706099882721901	1.0684733390808105	0.6094420552253723	False	[0 0 0 0 0 0]	[0 0 0 0 0 0]	[0 0 0 0 0 0]	[0 0 0 0 0 0]
28	0.1525000035762787	2.2200098037719727	0.43925654888153076	0.003468806389719248	1.308194875717163	0.46908944845199585	False	[0 0 0 0 1 0]	[1 0 0 0 0 0]	[0 0 0 0 0 1]	[0 0 0 1 0 0]
28	0.16500000655651093	0.5440082550048828	0.05404825881123543	0.0028861642349511385	0.35871636867523193	0.12835747003555298	False	[0 0 0 0 0 0]	[0 0 0 0 0 0]	[0 1 0 0 0 1]	[0 0 0 0 0 0]
28	0.16500000655651093	2.0431690216064453	0.3378574252128601	0.003368100617080927	1.2306700944900513	0.47127336263656616	False	[0 0 0 0 1 0]	[1 0 0 0 0 0]	[0 1 0 0 0 0]	[0 0 0 1 0 0]
28	0.15000000596046448	2.258774995803833	0.4597241282463074	0.01594848930835724	1.2350869178771973	0.5480154752731323	False	[0 0 0 0 0 0]	[0 0 0 0 0 0]	[0 1 0 0 0 1]	[0 0 0 0 0 0]
28	0.16500000655651093	2.057161331176758	0.3461500406265259	0.0028931410051882267	1.234486699104309	0.47363150119781494	False	[0 0 0 0 1 0]	[1 0 0 0 0 0]	[0 1 0 0 0 0]	[0 0 0 1 0 0]
28	0.15000000596046448	2.25620698928833	0.4620283842086792	0.0188027061522007	1.229835033416748	0.5455407500267029	False	[0 0 0 0 0 0]	[0 0 0 0 0 0]	[0 1 0 0 0 1]	[0 0 0 0 0 0]
28	0.1550000011920929	2.05643892288208	0.34269747138023376	0.0028874482959508896	1.237837314605713	0.47301679849624634	False	[0 0 0 0 1 0]	[1 0 0 0 0 0]	[0 1 0 0 0 0]	[0 0 0 1 0 0]
28	0.15000000596046448	2.251410722732544	0.4576152265071869	0.018303854390978813	1.233413577079773	0.5420779585838318	False	[0 0 0 0 0 0]	[0 0 0 0 0 0]	[0 1 0 0 0 1]	[0 0 0 0 0 0]
28	0.15000000596046448	2.059614658355713	0.3467416763305664	0.003442859509959817	1.2353345155715942	0.47409552335739136	False	[0 0 0 0 1 0]	[1 0 0 0 0 0]	[0 1 0 0 0 0]	[0 0 0 1 0 0]
28	0.1599999964237213	2.2553741931915283	0.4588066339492798	0.015434958972036839	1.2328838109970093	0.548248827457428	False	[0 0 0 0 0 0]	[0 0 0 0 0 0]	[0 1 0 0 0 1]	[0 0 0 0 0 0]
28	0.17000000178813934	2.054442882537842	0.3452931344509125	0.002906985115259886	1.23382568359375	0.4724171459674835	False	[0 0 0 0 1 0]	[1 0 0 0 0 0]	[0 1 0 0 0 0]	[0 0 0 1 0 0]
28	0.14000000059604645	2.254063844680786	0.46145355701446533	0.017843497917056084	1.2339452505111694	0.5408215522766113	False	[0 0 0 0 0 0]	[0 0 0 0 0 0]	[0 1 0 0 0 1]	[0 0 0 0 0 0]
28	0.1550000011920929	2.042238235473633	0.33887380361557007	0.002882868517190218	1.2322158813476562	0.4682655334472656	False	[0 0 0 0 1 0]	[1 0 0 0 0 0]	[0 1 0 0 0 0]	[0 0 0 1 0 0]
28	0.1599999964237213	2.249401092529297	0.45569470524787903	0.020366620272397995	1.2243046760559082	0.5490351915359497	False	[0 0 0 0 0 0]	[0 0 0 0 0 0]	[0 1 0 0 0 1]	[0 0 0 0 0 0]
28	0.17749999463558197	2.0529866218566895	0.34082144498825073	0.003543631872162223	1.239019513130188	0.4696020185947418	False	[0 0 0 0 1 0]	[1 0 0 0 0 0]	[0 1 0 0 0 0]	[0 0 0 1 0 0]
28	0.14749999344348907	2.252636194229126	0.45888152718544006	0.01678394339978695	1.2307528257369995	0.5462179780006409	False	[0 0 0 0 0 0]	[0 0 0 0 0 0]	[0 1 0 0 0 1]	[0 0 0 0 0 0]
28	0.1550000011920929	2.060546398162842	0.3471636474132538	0.002965669147670269	1.2358523607254028	0.47456467151641846	False	[0 0 0 0 1 0]	[1 0 0 0 0 0]	[0 1 0 0 0 0]	[0 0 0 1 0 0]
28	0.15000000596046448	2.274568557739258	0.4657214879989624	0.017348872497677803	1.2511473894119263	0.5403507947921753	False	[0 0 0 0 0 0]	[0 0 0 0 0 0]	[0 1 0 0 0 1]	[0 0 0 0 0 0]
28	0.15000000596046448	2.0492241382598877	0.34128373861312866	0.0036627284716814756	1.2321875095367432	0.4720900356769562	False	[0 0 0 0 1 0]	[1 0 0 0 0 0]	[0 1 0 0 0 0]	[0 0 0 1 0 0]
28	0.1599999964237213	2.2538018226623535	0.46196457743644714	0.021729446947574615	1.2278865575790405	0.5422212481498718	False	[0 0 0 0 0 0]	[0 0 0 0 0 0]	[0 1 0 0 0 1]	[0 0 0 0 0 0]
28	0.15000000596046448	2.0631282329559326	0.34855473041534424	0.0028129415586590767	1.244314432144165	0.46744608879089355	False	[0 0 0 0 1 0]	[1 0 0 0 0 0]	[0 1 0 0 0 0]	[0 0 0 1 0 0]
28	0.14499999582767487	2.2570409774780273	0.46076270937919617	0.01867150329053402	1.2288488149642944	0.548757791519165	False	[0 0 0 0 0 0]	[0 0 0 0 0 0]	[0 1 0 0 0 1]	[0 0 0 0 0 0]
28	0.14499999582767487	2.055814504623413	0.34284695982933044	0.0031277367379516363	1.2383170127868652	0.47152286767959595	False	[0 0 0 0 1 0]	[1 0 0 0 0 0]	[0 1 0 0 0 0]	[0 0 0 1 0 0]
28	0.1525000035762787	2.255836248397827	0.45713093876838684	0.018070850521326065	1.229154109954834	0.5514802932739258	False	[0 0 0 0 0 0]	[0 0 0 0 0 0]	[0 1 0 0 0 1]	[0 0 0 0 0 0]
28	0.1550000011920929	2.0436177253723145	0.3407585620880127	0.0030725954566150904	1.2267769575119019	0.47300946712493896	False	[0 0 0 0 1 0]	[1 0 0 0 0 0]	[0 1 0 0 0 0]	[0 0 0 1 0 0]
28	0.1574999988079071	2.248244047164917	0.45606034994125366	0.019160596653819084	1.2250624895095825	0.5479606986045837	False	[0 0 0 0 0 0]	[0 0 0 0 0 0]	[0 1 0 0 0 1]	[0 0 0 0 0 0]
28	0.17000000178813934	2.048309326171875	0.34189656376838684	0.002768717473372817	1.2329566478729248	0.4706874489784241	False	[0 0 0 0 1 0]	[1 0 0 0 0 0]	[0 1 0 0 0 0]	[0 0 0 1 0 0]
28	0.12999999523162842	2.2630650997161865	0.46118879318237305	0.015886537730693817	1.2400833368301392	0.5459063649177551	False	[0 0 0 0 0 0]	[0 0 0 0 0 0]	[0 1 0 0 0 1]	[0 0 0 0 0 0]
28	0.1525000035762787	2.045501470565796	0.3413280248641968	0.003674508538097143	1.2337727546691895	0.46672624349594116	False	[0 0 0 0 1 0]	[1 0 0 0 0 0]	[0 1 0 0 0 0]	[0 0 0 1 0 0]
28	0.13249999284744263	2.252236843109131	0.4547252953052521	0.014548497274518013	1.2349162101745605	0.5480468273162842	False	[0 0 0 0 0 0]	[0 0 0 0 0 0]	[0 1 0 0 0 1]	[0 0 0 0 0 0]
29	0.16500000655651093	2.7277262210845947	0.5975860953330994	0.002119485754519701	1.4478925466537476	0.6801280975341797	False	[0 0 0 0 1 0]	[1 0 0 0 0 0]	[0 1 0 0 0 0]	[0 0 0 1 0 0]
29	0.12250000238418579	2.7621450424194336	0.6055263876914978	0.0049657514318823814	1.447120189666748	0.7045327425003052	False	[0 0 0 0 0 0]	[0 0 0 0 0 0]	[0 0 0 0 0 0]	[0 0 0 0 0 0]
29	0.1599999964237213	2.7402448654174805	0.5988088846206665	0.002051649847999215	1.455633282661438	0.683751106262207	False	[0 0 0 0 1 0]	[1 0 0 0 0 0]	[0 1 0 0 0 0]	[0 0 0 1 0 0]
29	0.12250000238418579	2.7531967163085938	0.6017532348632812	0.005600900389254093	1.4420127868652344	0.7038297653198242	False	[0 0 0 0 0 0]	[0 0 0 0 0 0]	[0 0 0 0 0 0]	[0 0 0 0 0 0]
29	0.14499999582767487	2.7269680500030518	0.5983303189277649	0.0020987908355891705	1.446578025817871	0.6799609661102295	False	[0 0 0 0 1 0]	[1 0 0 0 0 0]	[0 1 0 0 0 0]	[0 0 0 1 0 0]
29	0.125	2.7774393558502197	0.610124409198761	0.005776158533990383	1.455957055091858	0.7055816650390625	False	[0 0 0 0 0 0]	[0 0 0 0 0 0]	[0 0 0 0 0 0]	[0 0 0 0 0 0]
29	0.1525000035762787	2.7417514324188232	0.5991331338882446	0.002044656779617071	1.4578735828399658	0.6826999187469482	False	[0 0 0 0 1 0]	[1 0 0 0 0 0]	[0 1 0 0 0 0]	[0 0 0 1 0 0]
29	0.11749999970197678	2.7671563625335693	0.606831967830658	0.004796185530722141	1.4508271217346191	0.7047011256217957	False	[0 0 0 0 0 0]	[0 0 0 0 0 0]	[0 0 0 0 0 0]	[0 0 0 0 0 0]
29	0.14499999582767487	2.7267582416534424	0.592328667640686	0.002191707957535982	1.4523484706878662	0.679889440536499	False	[0 0 0 0 1 0]	[1 0 0 0 0 0]	[0 1 0 0 0 0]	[0 0 0 1 0 0]
29	0.11999999731779099	2.7461535930633545	0.598016619682312	0.0065737827681005	1.438305377960205	0.7032577991485596	False	[0 0 0 0 0 0]	[0 0 0 0 0 0]	[0 0 0 0 0 0]	[0 0 0 0 0 0]
29	0.16750000417232513	2.7241711616516113	0.5951377153396606	0.00213417480699718	1.4480780363082886	0.6788212060928345	False	[0 0 0 0 1 0]	[1 0 0 0 0 0]	[0 1 0 0 0 0]	[0 0 0 1 0 0]
29	0.12250000238418579	2.739142894744873	0.5970140695571899	0.006053108721971512	1.433058261871338	0.7030173540115356	False	[0 0 0 0 0 0]	[0 0 0 0 0 0]	[0 0 0 0 0 0]	[0 0 0 0 0 0]
29	0.15000000596046448	2.7346274852752686	0.5964014530181885	0.0019568747375160456	1.4561793804168701	0.6800896525382996	False	[0 0 0 0 1 0]	[1 0 0 0 0 0]	[0 1 0 0 0 0]	[0 0 0 1 0 0]
29	0.12999999523162842	2.749985694885254	0.600461483001709	0.004976513795554638	1.4410876035690308	0.7034603357315063	False	[0 0 0 0 0 0]	[0 0 0 0 0 0]	[0 0 0 0 0 0]	[0 0 0 0 0 0]
29	0.1599999964237213	2.726752996444702	0.594110369682312	0.001968242460861802	1.4537837505340576	0.6768906116485596	False	[0 0 0 0 1 0]	[1 0 0 0 0 0]	[0 1 0 0 0 0]	[0 0 0 1 0 0]
29	0.125	2.7605843544006348	0.6032344102859497	0.005653975997120142	1.4476890563964844	0.7040069699287415	False	[0 0 0 0 0 0]	[0 0 0 0 0 0]	[0 0 0 0 0 0]	[0 0 0 0 0 0]
29	0.17249999940395355	2.725515365600586	0.5967161655426025	0.002076366450637579	1.4521949291229248	0.6745278835296631	False	[0 0 0 0 1 0]	[1 0 0 0 0 0]	[0 1 0 0 0 0]	[0 0 0 1 0 0]
29	0.1274999976158142	2.7463788986206055	0.6003444790840149	0.0055844965390861034	1.4363112449645996	0.7041388750076294	False	[0 0 0 0 0 0]	[0 0 0 0 0 0]	[0 0 0 0 0 0]	[0 0 0 0 0 0]
29	0.1574999988079071	2.7271568775177	0.5940157175064087	0.0021057005506008863	1.4534107446670532	0.6776246428489685	False	[0 0 0 0 1 0]	[1 0 0 0 0 0]	[0 1 0 0 0 0]	[0 0 0 1 0 0]
29	0.125	2.743401050567627	0.5963172912597656	0.006035567726939917	1.4376544952392578	0.7033935785293579	False	[0 0 0 0 0 0]	[0 0 0 0 0 0]	[0 0 0 0 0 0]	[0 0 0 0 0 0]
29	0.17000000178813934	2.73317289352417	0.59356290102005	0.0020099340472370386	1.4605152606964111	0.6770849227905273	False	[0 0 0 0 1 0]	[1 0 0 0 0 0]	[0 1 0 0 0 0]	[0 0 0 1 0 0]
29	0.12250000238418579	2.738628387451172	0.5967551469802856	0.006614187732338905	1.4316701889038086	0.7035888433456421	False	[0 0 0 0 0 0]	[0 0 0 0 0 0]	[0 0 0 0 0 0]	[0 0 0 0 0 0]
29	0.14499999582767487	2.7240076065063477	0.5937492251396179	0.0020219122525304556	1.4515955448150635	0.6766408681869507	False	[0 0 0 0 1 0]	[1 0 0 0 0 0]	[0 1 0 0 0 0]	[0 0 0 1 0 0]
29	0.12250000238418579	2.7527992725372314	0.6024054288864136	0.005455604288727045	1.440759539604187	0.7041785717010498	False	[0 0 0 0 0 0]	[0 0 0 0 0 0]	[0 0 0 0 0 0]	[0 0 0 0 0 0]
29	0.1525000035762787	2.7347373962402344	0.5971056818962097	0.002155150519683957	1.4532512426376343	0.6822253465652466	False	[0 0 0 0 1 0]	[1 0 0 0 0 0]	[0 1 0 0 0 0]	[0 0 0 1 0 0]
29	0.12250000238418579	2.744182586669922	0.5986449122428894	0.006925609428435564	1.4352883100509644	0.7033238410949707	False	[0 0 0 0 0 0]	[0 0 0 0 0 0]	[0 0 0 0 0 0]	[0 0 0 0 0 0]
29	0.1525000035762787	2.736936569213867	0.5923841595649719	0.0020547439344227314	1.4654842615127563	0.6770133972167969	False	[0 0 0 0 1 0]	[1 0 0 0 0 0]	[0 1 0 0 0 0]	[0 0 0 1 0 0]
29	0.12250000238418579	2.7537407875061035	0.6036309599876404	0.004831177182495594	1.4407819509506226	0.7044967412948608	False	[0 0 0 0 0 0]	[0 0 0 0 0 0]	[0 0 0 0 0 0]	[0 0 0 0 0 0]
29	0.13500000536441803	2.7289040088653564	0.5951874256134033	0.0021737460047006607	1.4504871368408203	0.6810557842254639	False	[0 0 0 0 1 0]	[1 0 0 0 0 0]	[0 1 0 0 0 0]	[0 0 0 1 0 0]
29	0.11749999970197678	2.735896587371826	0.5944875478744507	0.0068150470033288	1.4316790103912354	0.702914834022522	False	[0 0 0 0 0 0]	[0 0 0 0 0 0]	[0 0 0 0 0 0]	[0 0 0 0 0 0]
30	0.15000000596046448	2.1094322204589844	0.4172998368740082	0.005954713094979525	1.3397773504257202	0.3464002013206482	False	[0 0 0 0 1 0]	[1 0 0 0 0 0]	[0 0 0 0 0 1]	[0 0 0 1 0 0]
30	0.13750000298023224	1.4959489107131958	0.08774101734161377	0.00033762765815481544	1.2497235536575317	0.15814675390720367	False	[0 0 0 0 0 0]	[0 0 0 0 0 0]	[0 1 0 0 0 1]	[0 0 0 0 0 0]
30	0.1599999964237213	2.1240837574005127	0.38234513998031616	0.0023764311335980892	1.4545326232910156	0.28482967615127563	False	[0 0 0 0 1 0]	[1 0 0 0 0 0]	[0 1 0 0 0 0]	[0 0 0 1 0 0]
30	0.13249999284744263	2.3801279067993164	0.5615293383598328	0.019836027175188065	1.3704235553741455	0.428338885307312	False	[0 0 0 0 0 0]	[0 0 0 0 0 0]	[0 1 0 0 0 1]	[0 0 0 0 0 0]
30	0.17499999701976776	2.125257968902588	0.3841158151626587	0.0021084274630993605	1.4513254165649414	0.2877083718776703	False	[0 0 0 0 1 0]	[1 0 0 0 0 0]	[0 1 0 0 0 0]	[0 0 0 1 0 0]
30	0.1599999964237213	2.4080920219421387	0.5728261470794678	0.023150835186243057	1.3731189966201782	0.43899619579315186	False	[0 0 0 0 0 0]	[0 0 0 0 0 0]	[0 1 0 0 0 1]	[0 0 0 0 0 0]
30	0.14749999344348907	2.129276752471924	0.3871099650859833	0.002277802210301161	1.451512098312378	0.28837692737579346	False	[0 0 0 0 1 0]	[1 0 0 0 0 0]	[0 1 0 0 0 0]	[0 0 0 1 0 0]
30	0.16500000655651093	2.399972438812256	0.5729646682739258	0.02231869474053383	1.371135950088501	0.43355315923690796	False	[0 0 0 0 0 0]	[0 0 0 0 0 0]	[0 1 0 0 0 1]	[0 0 0 0 0 0]
30	0.14249999821186066	2.1136035919189453	0.37577760219573975	0.002423658035695553	1.4519028663635254	0.2834993600845337	False	[0 0 0 0 1 0]	[1 0 0 0 0 0]	[0 1 0 0 0 0]	[0 0 0 1 0 0]
30	0.12999999523162842	2.4071202278137207	0.574743926525116	0.022813236340880394	1.3716715574264526	0.43789148330688477	False	[0 0 0 0 0 0]	[0 0 0 0 0 0]	[0 1 0 0 0 1]	[0 0 0 0 0 0]
30	0.1574999988079071	2.1160335540771484	0.37706443667411804	0.0020748372189700603	1.4523448944091797	0.2845492362976074	False	[0 0 0 0 1 0]	[1 0 0 0 0 0]	[0 1 0 0 0 0]	[0 0 0 1 0 0]
30	0.1525000035762787	2.4055449962615967	0.5744200944900513	0.02183089591562748	1.3716936111450195	0.43760037422180176	False	[0 0 0 0 0 0]	[0 0 0 0 0 0]	[0 1 0 0 0 1]	[0 0 0 0 0 0]
30	0.1599999964237213	2.1207668781280518	0.38256901502609253	0.0023196537513285875	1.4500458240509033	0.28583231568336487	False	[0 0 0 0 1 0]	[1 0 0 0 0 0]	[0 1 0 0 0 0]	[0 0 0 1 0 0]
30	0.1525000035762787	2.415520668029785	0.5752755999565125	0.025177622213959694	1.3673256635665894	0.44774186611175537	False	[0 0 0 0 0 0]	[0 0 0 0 0 0]	[0 1 0 0 0 1]	[0 0 0 0 0 0]
30	0.15000000596046448	2.1277976036071777	0.3835676908493042	0.002067085588350892	1.4554349184036255	0.2867278456687927	False	[0 0 0 0 1 0]	[1 0 0 0 0 0]	[0 1 0 0 0 0]	[0 0 0 1 0 0]
30	0.15000000596046448	2.3961195945739746	0.5692019462585449	0.023137228563427925	1.3698844909667969	0.4338958263397217	False	[0 0 0 0 0 0]	[0 0 0 0 0 0]	[0 1 0 0 0 1]	[0 0 0 0 0 0]
30	0.1525000035762787	2.122905731201172	0.382774293422699	0.00221072044223547	1.4486958980560303	0.2892249822616577	False	[0 0 0 0 1 0]	[1 0 0 0 0 0]	[0 1 0 0 0 0]	[0 0 0 1 0 0]
30	0.14000000059604645	2.4059953689575195	0.576664388179779	0.021234411746263504	1.3738207817077637	0.43427592515945435	False	[0 0 0 0 0 0]	[0 0 0 0 0 0]	[0 1 0 0 0 1]	[0 0 0 0 0 0]
30	0.14499999582767487	2.1191415786743164	0.380611777305603	0.0022867033258080482	1.4502288103103638	0.2860143780708313	False	[0 0 0 0 1 0]	[1 0 0 0 0 0]	[0 1 0 0 0 0]	[0 0 0 1 0 0]
30	0.14749999344348907	2.397747278213501	0.5746831893920898	0.02294163964688778	1.3660545349121094	0.43406787514686584	False	[0 0 0 0 0 0]	[0 0 0 0 0 0]	[0 1 0 0 0 1]	[0 0 0 0 0 0]
30	0.17000000178813934	2.124664783477783	0.385564386844635	0.002288196934387088	1.4513248205184937	0.2854873836040497	False	[0 0 0 0 1 0]	[1 0 0 0 0 0]	[0 1 0 0 0 0]	[0 0 0 1 0 0]
30	0.15000000596046448	2.379504919052124	0.5639919638633728	0.019848071038722992	1.3700741529464722	0.42559075355529785	False	[0 0 0 0 0 0]	[0 0 0 0 0 0]	[0 1 0 0 0 1]	[0 0 0 0 0 0]
30	0.15000000596046448	2.1176304817199707	0.37934520840644836	0.002433768706396222	1.4526692628860474	0.283182293176651	False	[0 0 0 0 1 0]	[1 0 0 0 0 0]	[0 1 0 0 0 0]	[0 0 0 1 0 0]
30	0.14499999582767487	2.3979179859161377	0.5712919235229492	0.020881690084934235	1.3723211288452148	0.4334232807159424	False	[0 0 0 0 0 0]	[0 0 0 0 0 0]	[0 1 0 0 0 1]	[0 0 0 0 0 0]
30	0.1599999964237213	2.113374710083008	0.37654978036880493	0.002501083305105567	1.4487409591674805	0.28558290004730225	False	[0 0 0 0 1 0]	[1 0 0 0 0 0]	[0 1 0 0 0 0]	[0 0 0 1 0 0]
30	0.14749999344348907	2.4172444343566895	0.5788329243659973	0.023916995152831078	1.3686915636062622	0.44580283761024475	False	[0 0 0 0 0 0]	[0 0 0 0 0 0]	[0 1 0 0 0 1]	[0 0 0 0 0 0]
30	0.15000000596046448	2.1055667400360107	0.3726312518119812	0.0026508986484259367	1.4469093084335327	0.28337523341178894	False	[0 0 0 0 1 0]	[1 0 0 0 0 0]	[0 1 0 0 0 0]	[0 0 0 1 0 0]
30	0.14000000059604645	2.3885011672973633	0.5669137239456177	0.018421247601509094	1.3764166831970215	0.4267495274543762	False	[0 0 0 0 0 0]	[0 0 0 0 0 0]	[0 1 0 0 0 1]	[0 0 0 0 0 0]
30	0.16500000655651093	2.1063544750213623	0.37166205048561096	0.0023341490887105465	1.4493591785430908	0.28299903869628906	False	[0 0 0 0 1 0]	[1 0 0 0 0 0]	[0 1 0 0 0 0]	[0 0 0 1 0 0]
30	0.14499999582767487	2.3899435997009277	0.5640609860420227	0.021183371543884277	1.3709101676940918	0.43378907442092896	False	[0 0 0 0 0 0]	[0 0 0 0 0 0]	[0 1 0 0 0 1]	[0 0 0 0 0 0]
31	0.15000000596046448	1.8432468175888062	0.2175346165895462	0.0038342843763530254	1.4236692190170288	0.19820867478847504	False	[0 0 0 0 1 0]	[1 0 0 0 0 0]	[0 1 0 0 0 0]	[0 0 0 1 0 0]
31	0.12250000238418579	2.25836181640625	0.48175951838493347	0.022297397255897522	1.3826134204864502	0.37169134616851807	False	[0 0 0 0 0 0]	[0 0 0 0 0 0]	[0 0 0 0 0 0]	[0 0 0 0 0 0]
31	0.16249999403953552	1.8410604000091553	0.21612969040870667	0.0038304878398776054	1.420921802520752	0.20017841458320618	False	[0 0 0 0 1 0]	[1 0 0 0 0 0]	[0 1 0 0 0 0]	[0 0 0 1 0 0]
31	0.12250000238418579	2.2698659896850586	0.4922282099723816	0.020012259483337402	1.3854138851165771	0.37221160531044006	False	[0 0 0 0 0 0]	[0 0 0 0 0 0]	[0 0 0 0 0 0]	[0 0 0 0 0 0]
31	0.17000000178813934	1.8373515605926514	0.21310532093048096	0.004158653784543276	1.423565149307251	0.19652245938777924	False	[0 0 0 0 1 0]	[1 0 0 0 0 0]	[0 1 0 0 0 0]	[0 0 0 1 0 0]
31	0.12250000238418579	2.2771241664886475	0.4925908148288727	0.021146003156900406	1.3807966709136963	0.38259071111679077	False	[0 0 0 0 0 0]	[0 0 0 0 0 0]	[0 0 0 0 0 0]	[0 0 0 0 0 0]
31	0.14499999582767487	1.8378679752349854	0.21487830579280853	0.003765958361327648	1.4190680980682373	0.2001556158065796	False	[0 0 0 0 1 0]	[1 0 0 0 0 0]	[0 1 0 0 0 0]	[0 0 0 1 0 0]
31	0.125	2.271930694580078	0.478667676448822	0.018009399995207787	1.4057729244232178	0.36948078870773315	False	[0 0 0 0 0 0]	[0 0 0 0 0 0]	[0 0 0 0 0 0]	[0 0 0 0 0 0]
31	0.15000000596046448	1.838514804840088	0.21538253128528595	0.0038373570423573256	1.4188727140426636	0.20042212307453156	False	[0 0 0 0 1 0]	[1 0 0 0 0 0]	[0 1 0 0 0 0]	[0 0 0 1 0 0]
31	0.125	2.2761714458465576	0.48671290278434753	0.022094232961535454	1.3952075242996216	0.37215694785118103	False	[0 0 0 0 0 0]	[0 0 0 0 0 0]	[0 0 0 0 0 0]	[0 0 0 0 0 0]
31	0.14000000059604645	1.836601972579956	0.2144715040922165	0.003700356697663665	1.4159351587295532	0.2024950087070465	False	[0 0 0 0 1 0]	[1 0 0 0 0 0]	[0 1 0 0 0 0]	[0 0 0 1 0 0]
31	0.125	2.270967721939087	0.49737438559532166	0.02317260392010212	1.3668739795684814	0.3835468292236328	False	[0 0 0 0 0 0]	[0 0 0 0 0 0]	[0 0 0 0 0 0]	[0 0 0 0 0 0]
31	0.15000000596046448	1.8388231992721558	0.2151465117931366	0.004070749506354332	1.4155912399291992	0.20401465892791748	False	[0 0 0 0 1 0]	[1 0 0 0 0 0]	[0 1 0 0 0 0]	[0 0 0 1 0 0]
31	0.11749999970197678	2.2710764408111572	0.48442474007606506	0.02052871696650982	1.3972828388214111	0.36884021759033203	False	[0 0 0 0 0 0]	[0 0 0 0 0 0]	[0 0 0 0 0 0]	[0 0 0 0 0 0]
31	0.1599999964237213	1.8296259641647339	0.20984068512916565	0.0036996726412326097	1.415160894393921	0.20092475414276123	False	[0 0 0 0 1 0]	[1 0 0 0 0 0]	[0 1 0 0 0 0]	[0 0 0 1 0 0]
31	0.12250000238418579	2.2858309745788574	0.5008920431137085	0.025121117010712624	1.3835577964782715	0.376259982585907	False	[0 0 0 0 0 0]	[0 0 0 0 0 0]	[0 0 0 0 0 0]	[0 0 0 0 0 0]
31	0.1599999964237213	1.8281481266021729	0.20713010430335999	0.0038640764541924	1.417729139328003	0.19942480325698853	False	[0 0 0 0 1 0]	[1 0 0 0 0 0]	[0 1 0 0 0 0]	[0 0 0 1 0 0]
31	0.11749999970197678	2.255605697631836	0.47217151522636414	0.01891779527068138	1.3968796730041504	0.36763662099838257	False	[0 0 0 0 0 0]	[0 0 0 0 0 0]	[0 0 0 0 0 0]	[0 0 0 0 0 0]
31	0.15000000596046448	1.8368381261825562	0.21521739661693573	0.0036566134076565504	1.4143881797790527	0.2035760134458542	False	[0 0 0 0 1 0]	[1 0 0 0 0 0]	[0 1 0 0 0 0]	[0 0 0 1 0 0]
31	0.12250000238418579	2.257939577102661	0.47528427839279175	0.01894696243107319	1.3896900415420532	0.37401825189590454	False	[0 0 0 0 0 0]	[0 0 0 0 0 0]	[0 0 0 0 0 0]	[0 0 0 0 0 0]
31	0.14749999344348907	1.828237771987915	0.208206444978714	0.003825858701020479	1.4181995391845703	0.19800597429275513	False	[0 0 0 0 1 0]	[1 0 0 0 0 0]	[0 1 0 0 0 0]	[0 0 0 1 0 0]
31	0.11999999731779099	2.2734317779541016	0.478843629360199	0.0187968909740448	1.4088239669799805	0.3669672906398773	False	[0 0 0 0 0 0]	[0 0 0 0 0 0]	[0 0 0 0 0 0]	[0 0 0 0 0 0]
31	0.15000000596046448	1.8409384489059448	0.21465714275836945	0.004095098469406366	1.4201881885528564	0.20199796557426453	False	[0 0 0 0 1 0]	[1 0 0 0 0 0]	[0 1 0 0 0 0]	[0 0 0 1 0 0]
31	0.12250000238418579	2.2594432830810547	0.4824991524219513	0.019208133220672607	1.3872976303100586	0.37043824791908264	False	[0 0 0 0 0 0]	[0 0 0 0 0 0]	[0 0 0 0 0 0]	[0 0 0 0 0 0]
31	0.17499999701976776	1.8248759508132935	0.20876002311706543	0.003604724071919918	1.410905122756958	0.20160602033138275	False	[0 0 0 0 1 0]	[1 0 0 0 0 0]	[0 1 0 0 0 0]	[0 0 0 1 0 0]
31	0.125	2.275204658508301	0.4889100193977356	0.01994558423757553	1.3889611959457397	0.3773879408836365	False	[0 0 0 0 0 0]	[0 0 0 0 0 0]	[0 0 0 0 0 0]	[0 0 0 0 0 0]
31	0.1550000011920929	1.8310332298278809	0.21210195124149323	0.003914000000804663	1.4157012701034546	0.19931598007678986	False	[0 0 0 0 1 0]	[1 0 0 0 0 0]	[0 1 0 0 0 0]	[0 0 0 1 0 0]
31	0.125	2.269360303878784	0.48792386054992676	0.019019896164536476	1.3864896297454834	0.3759269416332245	False	[0 0 0 0 0 0]	[0 0 0 0 0 0]	[0 0 0 0 0 0]	[0 0 0 0 0 0]
31	0.15000000596046448	1.8344215154647827	0.21203118562698364	0.003871661378070712	1.4197570085525513	0.1987617015838623	False	[0 0 0 0 1 0]	[1 0 0 0 0 0]	[0 1 0 0 0 0]	[0 0 0 1 0 0]
31	0.12250000238418579	2.2633814811706543	0.47848695516586304	0.018590256571769714	1.3992568254470825	0.36704739928245544	False	[0 0 0 0 0 0]	[0 0 0 0 0 0]	[0 0 0 0 0 0]	[0 0 0 0 0 0]
32	0.17000000178813934	2.3641622066497803	0.5114544630050659	0.0009616115712560713	1.3459633588790894	0.5057828426361084	False	[0 0 0 0 1 0]	[1 0 0 0 0 0]	[0 1 0 0 0 0]	[0 0 0 1 0 0]
32	0.11999999731779099	2.3709161281585693	0.5672862529754639	0.0024381603579968214	1.2664729356765747	0.5347188115119934	False	[0 0 0 0 0 0]	[0 0 0 0 0 0]	[0 0 0 0 0 0]	[0 0 0 0 0 0]
32	0.17499999701976776	2.3617358207702637	0.5047078132629395	0.0009467746131122112	1.3525294065475464	0.503551721572876	False	[0 0 0 0 1 0]	[1 0 0 0 0 0]	[0 1 0 0 0 0]	[0 0 0 1 0 0]
32	0.11999999731779099	2.363436698913574	0.5638724565505981	0.0027478812262415886	1.2571730613708496	0.5396431684494019	False	[0 0 0 0 0 0]	[0 0 0 0 0 0]	[0 0 0 0 0 0]	[0 0 0 0 0 0]
32	0.20000000298023224	2.3654937744140625	0.5085378885269165	0.0009210051503032446	1.3487743139266968	0.5072604417800903	False	[0 0 0 0 1 0]	[1 0 0 0 0 0]	[0 1 0 0 0 0]	[0 0 0 1 0 0]
32	0.11999999731779099	2.3690059185028076	0.5808451175689697	0.0024269637651741505	1.2491296529769897	0.536604106426239	False	[0 0 0 0 0 0]	[0 0 0 0 0 0]	[0 0 0 0 0 0]	[0 0 0 0 0 0]
32	0.16500000655651093	2.3665173053741455	0.5107302069664001	0.000944512605201453	1.3487058877944946	0.5061366558074951	False	[0 0 0 0 1 0]	[1 0 0 0 0 0]	[0 1 0 0 0 0]	[0 0 0 1 0 0]
32	0.11999999731779099	2.4031989574432373	0.5788900256156921	0.0023387433029711246	1.2835426330566406	0.5384275913238525	False	[0 0 0 0 0 0]	[0 0 0 0 0 0]	[0 0 0 0 0 0]	[0 0 0 0 0 0]
32	0.15000000596046448	2.362443447113037	0.5107789635658264	0.000928817200474441	1.345154047012329	0.5055814981460571	False	[0 0 0 0 1 0]	[1 0 0 0 0 0]	[0 1 0 0 0 0]	[0 0 0 1 0 0]
32	0.12999999523162842	2.3852219581604004	0.5827306509017944	0.0025766645558178425	1.2558727264404297	0.5440418720245361	False	[0 0 0 0 0 0]	[0 0 0 0 0 0]	[0 0 0 0 0 0]	[0 0 0 0 0 0]
32	0.1550000011920929	2.368934154510498	0.517041802406311	0.0009241675725206733	1.3433480262756348	0.5076202154159546	False	[0 0 0 0 1 0]	[1 0 0 0 0 0]	[0 1 0 0 0 0]	[0 0 0 1 0 0]
32	0.1274999976158142	2.3748817443847656	0.5777710676193237	0.0025288539472967386	1.254715085029602	0.5398668050765991	False	[0 0 0 0 0 0]	[0 0 0 0 0 0]	[0 0 0 0 0 0]	[0 0 0 0 0 0]
32	0.15000000596046448	2.35922908782959	0.5155627727508545	0.0009392405045218766	1.33648681640625	0.5062401294708252	False	[0 0 0 0 1 0]	[1 0 0 0 0 0]	[0 1 0 0 0 0]	[0 0 0 1 0 0]
32	0.125	2.421466588973999	0.5874814987182617	0.0022255433723330498	1.2978143692016602	0.5339452028274536	False	[0 0 0 0 0 0]	[0 0 0 0 0 0]	[0 0 0 0 0 0]	[0 0 0 0 0 0]
32	0.14499999582767487	2.3528623580932617	0.514402449131012	0.0009527083020657301	1.3333905935287476	0.5041166543960571	False	[0 0 0 0 1 0]	[1 0 0 0 0 0]	[0 1 0 0 0 0]	[0 0 0 1 0 0]
32	0.11999999731779099	2.3830220699310303	0.5766290426254272	0.0026479389052838087	1.2580691576004028	0.5456759333610535	False	[0 0 0 0 0 0]	[0 0 0 0 0 0]	[0 0 0 0 0 0]	[0 0 0 0 0 0]
32	0.17000000178813934	2.361464262008667	0.5097734928131104	0.0009250624570995569	1.3444702625274658	0.5062955021858215	False	[0 0 0 0 1 0]	[1 0 0 0 0 0]	[0 1 0 0 0 0]	[0 0 0 1 0 0]
32	0.12999999523162842	2.381347417831421	0.5754750370979309	0.0025087313260883093	1.2626222372055054	0.540741503238678	False	[0 0 0 0 0 0]	[0 0 0 0 0 0]	[0 0 0 0 0 0]	[0 0 0 0 0 0]
32	0.17000000178813934	2.3591384887695312	0.5138098001480103	0.0009306977153755724	1.337411880493164	0.5069862008094788	False	[0 0 0 0 1 0]	[1 0 0 0 0 0]	[0 1 0 0 0 0]	[0 0 0 1 0 0]
32	0.11999999731779099	2.410651445388794	0.579003095626831	0.0022720436099916697	1.2925755977630615	0.5368005633354187	False	[0 0 0 0 0 0]	[0 0 0 0 0 0]	[0 0 0 0 0 0]	[0 0 0 0 0 0]
32	0.14499999582767487	2.3565971851348877	0.5147212147712708	0.0009453523089177907	1.3334943056106567	0.5074362754821777	False	[0 0 0 0 1 0]	[1 0 0 0 0 0]	[0 1 0 0 0 0]	[0 0 0 1 0 0]
32	0.125	2.3984827995300293	0.5812178254127502	0.0022375760599970818	1.2796683311462402	0.5353592038154602	False	[0 0 0 0 0 0]	[0 0 0 0 0 0]	[0 0 0 0 0 0]	[0 0 0 0 0 0]
32	0.14000000059604645	2.361271619796753	0.5174536108970642	0.0009783487766981125	1.3365132808685303	0.5063264966011047	False	[0 0 0 0 1 0]	[1 0 0 0 0 0]	[0 1 0 0 0 0]	[0 0 0 1 0 0]
32	0.125	2.3844361305236816	0.5839439630508423	0.0024586727377027273	1.2598719596862793	0.5381613969802856	False	[0 0 0 0 0 0]	[0 0 0 0 0 0]	[0 0 0 0 0 0]	[0 0 0 0 0 0]
32	0.15000000596046448	2.3605797290802	0.5084598064422607	0.0009454126702621579	1.3460026979446411	0.5051717758178711	False	[0 0 0 0 1 0]	[1 0 0 0 0 0]	[0 1 0 0 0 0]	[0 0 0 1 0 0]
32	0.12250000238418579	2.3571078777313232	0.568391740322113	0.002554799895733595	1.245856761932373	0.5403046011924744	False	[0 0 0 0 0 0]	[0 0 0 0 0 0]	[0 0 0 0 0 0]	[0 0 0 0 0 0]
32	0.14749999344348907	2.3628287315368652	0.5079146027565002	0.0009512241231277585	1.3500282764434814	0.5039346814155579	False	[0 0 0 0 1 0]	[1 0 0 0 0 0]	[0 1 0 0 0 0]	[0 0 0 1 0 0]
32	0.13249999284744263	2.4052977561950684	0.5894351601600647	0.0022477712482213974	1.2736932039260864	0.539921760559082	False	[0 0 0 0 0 0]	[0 0 0 0 0 0]	[0 0 0 0 0 0]	[0 0 0 0 0 0]
32	0.15000000596046448	2.361891984939575	0.5179505944252014	0.0009566109511069953	1.3359572887420654	0.5070274472236633	False	[0 0 0 0 1 0]	[1 0 0 0 0 0]	[0 1 0 0 0 0]	[0 0 0 1 0 0]
32	0.125	2.372610092163086	0.5779947638511658	0.002649894915521145	1.2488532066345215	0.5431121587753296	False	[0 0 0 0 0 0]	[0 0 0 0 0 0]	[0 0 0 0 0 0]	[0 0 0 0 0 0]
33	0.14249999821186066	1.5994129180908203	0.21738801896572113	0.00022847145737614483	0.9493292570114136	0.43246716260910034	False	[0 0 0 0 1 0]	[1 0 0 0 0 0]	[0 1 0 0 0 0]	[0 0 0 1 0 0]
33	0.12250000238418579	1.6046351194381714	0.2404315322637558	0.0005362533265724778	0.9115298986434937	0.45213747024536133	False	[0 0 0 0 0 0]	[0 0 0 0 0 0]	[0 0 0 0 0 0]	[0 0 0 0 0 0]
33	0.16500000655651093	1.559051513671875	0.21227891743183136	0.00022283285215962678	0.9215286374092102	0.425021231174469	False	[0 0 0 0 1 0]	[1 0 0 0 0 0]	[0 1 0 0 0 0]	[0 0 0 1 0 0]
33	0.125	1.5620551109313965	0.24147909879684448	0.0005268816603347659	0.8733367919921875	0.4467124044895172	False	[0 0 0 0 0 0]	[0 0 0 0 0 0]	[0 0 0 0 0 0]	[0 0 0 0 0 0]
33	0.1599999964237213	1.5882866382598877	0.21399539709091187	0.00022686622105538845	0.9442547559738159	0.4298095405101776	False	[0 0 0 0 1 0]	[1 0 0 0 0 0]	[0 1 0 0 0 0]	[0 0 0 1 0 0]
33	0.12250000238418579	1.5631780624389648	0.23483888804912567	0.0005848584114573896	0.8831563591957092	0.4445980191230774	False	[0 0 0 0 0 0]	[0 0 0 0 0 0]	[0 0 0 0 0 0]	[0 0 0 0 0 0]
33	0.18000000715255737	1.6096031665802002	0.21368882060050964	0.00023786345263943076	0.9631699323654175	0.4325065016746521	False	[0 0 0 0 1 0]	[1 0 0 0 0 0]	[0 1 0 0 0 0]	[0 0 0 1 0 0]
33	0.125	1.5942107439041138	0.24473069608211517	0.0005664302152581513	0.8936750888824463	0.45523855090141296	False	[0 0 0 0 0 0]	[0 0 0 0 0 0]	[0 0 0 0 0 0]	[0 0 0 0 0 0]
33	0.16500000655651093	1.5993297100067139	0.2140854299068451	0.0002243244380224496	0.9556559920310974	0.4293639659881592	False	[0 0 0 0 1 0]	[1 0 0 0 0 0]	[0 1 0 0 0 0]	[0 0 0 1 0 0]
33	0.12250000238418579	1.5561542510986328	0.24033242464065552	0.0004940667422488332	0.8686333298683167	0.44669443368911743	False	[0 0 0 0 0 0]	[0 0 0 0 0 0]	[0 0 0 0 0 0]	[0 0 0 0 0 0]
33	0.17000000178813934	1.5816558599472046	0.21460558474063873	0.0002271949197165668	0.9381487369537354	0.4286743700504303	False	[0 0 0 0 1 0]	[1 0 0 0 0 0]	[0 1 0 0 0 0]	[0 0 0 1 0 0]
33	0.12250000238418579	1.6055017709732056	0.23916062712669373	0.0005592340603470802	0.9109097123146057	0.4548722803592682	False	[0 0 0 0 0 0]	[0 0 0 0 0 0]	[0 0 0 0 0 0]	[0 0 0 0 0 0]
33	0.1599999964237213	1.5982078313827515	0.21215730905532837	0.00023692092509008944	0.9562340974807739	0.429579496383667	False	[0 0 0 0 1 0]	[1 0 0 0 0 0]	[0 1 0 0 0 0]	[0 0 0 1 0 0]
33	0.11999999731779099	1.6138544082641602	0.24220383167266846	0.00048246028018184006	0.9170076251029968	0.4541603922843933	False	[0 0 0 0 0 0]	[0 0 0 0 0 0]	[0 0 0 0 0 0]	[0 0 0 0 0 0]
33	0.14499999582767487	1.5897910594940186	0.2144061028957367	0.0002323426742805168	0.9458408355712891	0.42931169271469116	False	[0 0 0 0 1 0]	[1 0 0 0 0 0]	[0 1 0 0 0 0]	[0 0 0 1 0 0]
33	0.12250000238418579	1.627700686454773	0.24263043701648712	0.0005387025303207338	0.927821934223175	0.4567096531391144	False	[0 0 0 0 0 0]	[0 0 0 0 0 0]	[0 0 0 0 0 0]	[0 0 0 0 0 0]
33	0.14499999582767487	1.5765626430511475	0.21399854123592377	0.00024366413708776236	0.9314364790916443	0.4308840334415436	False	[0 0 0 0 1 0]	[1 0 0 0 0 0]	[0 1 0 0 0 0]	[0 0 0 1 0 0]
33	0.125	1.5799667835235596	0.23725399374961853	0.0005410339799709618	0.8947205543518066	0.4474511742591858	False	[0 0 0 0 0 0]	[0 0 0 0 0 0]	[0 0 0 0 0 0]	[0 0 0 0 0 0]
33	0.1574999988079071	1.621891736984253	0.21447508037090302	0.00023325407528318465	0.9743061065673828	0.4328772723674774	False	[0 0 0 0 1 0]	[1 0 0 0 0 0]	[0 1 0 0 0 0]	[0 0 0 1 0 0]
33	0.11249999701976776	1.5643236637115479	0.23692519962787628	0.0005773758166469634	0.880885124206543	0.445935994386673	False	[0 0 0 0 0 0]	[0 0 0 0 0 0]	[0 0 0 0 0 0]	[0 0 0 0 0 0]
33	0.14000000059604645	1.6325809955596924	0.21241171658039093	0.00023402018996421248	0.9865912795066833	0.4333440661430359	False	[0 0 0 0 1 0]	[1 0 0 0 0 0]	[0 1 0 0 0 0]	[0 0 0 1 0 0]
33	0.125	1.5982402563095093	0.24697545170783997	0.0004995198105461895	0.8951120972633362	0.45565322041511536	False	[0 0 0 0 0 0]	[0 0 0 0 0 0]	[0 0 0 0 0 0]	[0 0 0 0 0 0]
33	0.16500000655651093	1.581457495689392	0.21497999131679535	0.0002276236191391945	0.9363881349563599	0.42986175417900085	False	[0 0 0 0 1 0]	[1 0 0 0 0 0]	[0 1 0 0 0 0]	[0 0 0 1 0 0]
33	0.125	1.598050832748413	0.240439772605896	0.0006024070899002254	0.9037551879882812	0.4532535672187805	False	[0 0 0 0 0 0]	[0 0 0 0 0 0]	[0 0 0 0 0 0]	[0 0 0 0 0 0]
33	0.1599999964237213	1.56465482711792	0.21375666558742523	0.00023170883650891483	0.9230482578277588	0.42761820554733276	False	[0 0 0 0 1 0]	[1 0 0 0 0 0]	[0 1 0 0 0 0]	[0 0 0 1 0 0]
33	0.12250000238418579	1.6032252311706543	0.24096736311912537	0.0004925980465486646	0.9093682169914246	0.45239710807800293	False	[0 0 0 0 0 0]	[0 0 0 0 0 0]	[0 0 0 0 0 0]	[0 0 0 0 0 0]
33	0.1599999964237213	1.5791699886322021	0.2138032615184784	0.00022762938169762492	0.9355716705322266	0.4295674264431	False	[0 0 0 0 1 0]	[1 0 0 0 0 0]	[0 1 0 0 0 0]	[0 0 0 1 0 0]
33	0.125	1.615508794784546	0.24657335877418518	0.0004932331503368914	0.9143170118331909	0.4541251063346863	False	[0 0 0 0 0 0]	[0 0 0 0 0 0]	[0 0 0 0 0 0]	[0 0 0 0 0 0]
33	0.1599999964237213	1.608781099319458	0.21427424252033234	0.00022685069416183978	0.963259220123291	0.43102067708969116	False	[0 0 0 0 1 0]	[1 0 0 0 0 0]	[0 1 0 0 0 0]	[0 0 0 1 0 0]
33	0.125	1.5862404108047485	0.24534069001674652	0.0005035855574533343	0.8890916705131531	0.45130446553230286	False	[0 0 0 0 0 0]	[0 0 0 0 0 0]	[0 0 0 0 0 0]	[0 0 0 0 0 0]
34	0.1599999964237213	1.8816261291503906	0.15067802369594574	0.00016779746511019766	1.192598819732666	0.538181483745575	False	[0 0 0 0 1 0]	[1 0 0 0 0 0]	[0 1 0 0 0 0]	[0 0 0 1 0 0]
34	0.125	1.954708456993103	0.15272672474384308	0.0003884238249156624	1.2776024341583252	0.5239908695220947	False	[0 0 0 0 0 0]	[0 0 0 0 0 0]	[0 0 0 0 0 0]	[0 0 0 0 0 0]
34	0.15000000596046448	1.9307432174682617	0.15057846903800964	0.00017707687220536172	1.2367078065872192	0.5432799458503723	False	[0 0 0 0 1 0]	[1 0 0 0 0 0]	[0 1 0 0 0 0]	[0 0 0 1 0 0]
34	0.12250000238418579	1.9579076766967773	0.15672573447227478	0.00034344708546996117	1.280137062072754	0.5207014083862305	False	[0 0 0 0 0 0]	[0 0 0 0 0 0]	[0 0 0 0 0 0]	[0 0 0 0 0 0]
34	0.1550000011920929	1.8809363842010498	0.15190312266349792	0.00016464578220620751	1.1897940635681152	0.5390745401382446	False	[0 0 0 0 1 0]	[1 0 0 0 0 0]	[0 1 0 0 0 0]	[0 0 0 1 0 0]
34	0.12250000238418579	1.987883448600769	0.16027246415615082	0.00031996439793147147	1.3012388944625854	0.5260521173477173	False	[0 0 0 0 0 0]	[0 0 0 0 0 0]	[0 0 0 0 0 0]	[0 0 0 0 0 0]
34	0.1550000011920929	1.880715012550354	0.14948953688144684	0.00017583339649718255	1.198134183883667	0.532915472984314	False	[0 0 0 0 1 0]	[1 0 0 0 0 0]	[0 1 0 0 0 0]	[0 0 0 1 0 0]
34	0.11749999970197678	1.977094054222107	0.16145406663417816	0.00029945571441203356	1.2965021133422852	0.5188384056091309	False	[0 0 0 0 0 0]	[0 0 0 0 0 0]	[0 0 0 0 0 0]	[0 0 0 0 0 0]
34	0.1574999988079071	1.8793580532073975	0.1532568484544754	0.00015992172120604664	1.1913094520568848	0.5346319079399109	False	[0 0 0 0 1 0]	[1 0 0 0 0 0]	[0 1 0 0 0 0]	[0 0 0 1 0 0]
34	0.11749999970197678	1.9341418743133545	0.1533404141664505	0.0004049269191455096	1.263146162033081	0.5172503590583801	False	[0 0 0 0 0 0]	[0 0 0 0 0 0]	[0 0 0 0 0 0]	[0 0 0 0 0 0]
34	0.15000000596046448	1.8650050163269043	0.14766888320446014	0.00017714331625029445	1.1863856315612793	0.530773401260376	False	[0 0 0 0 1 0]	[1 0 0 0 0 0]	[0 1 0 0 0 0]	[0 0 0 1 0 0]
34	0.11500000208616257	1.9537088871002197	0.14916689693927765	0.0004084387037437409	1.2795368432998657	0.5245966911315918	False	[0 0 0 0 0 0]	[0 0 0 0 0 0]	[0 0 0 0 0 0]	[0 0 0 0 0 0]
34	0.16750000417232513	1.8964972496032715	0.15108469128608704	0.00017108244355767965	1.2060515880584717	0.539189875125885	False	[0 0 0 0 1 0]	[1 0 0 0 0 0]	[0 1 0 0 0 0]	[0 0 0 1 0 0]
34	0.11999999731779099	2.033451557159424	0.16353367269039154	0.0003355605877004564	1.3424713611602783	0.5271109342575073	False	[0 0 0 0 0 0]	[0 0 0 0 0 0]	[0 0 0 0 0 0]	[0 0 0 0 0 0]
34	0.15000000596046448	1.868367075920105	0.1513342559337616	0.000169316801475361	1.1856346130371094	0.5312288999557495	False	[0 0 0 0 1 0]	[1 0 0 0 0 0]	[0 1 0 0 0 0]	[0 0 0 1 0 0]
34	0.125	1.9699028730392456	0.15628965198993683	0.00032964569982141256	1.2908446788787842	0.5224388837814331	False	[0 0 0 0 0 0]	[0 0 0 0 0 0]	[0 0 0 0 0 0]	[0 0 0 0 0 0]
34	0.17000000178813934	1.8907551765441895	0.15319117903709412	0.00015971346874721348	1.1986786127090454	0.5387256145477295	False	[0 0 0 0 1 0]	[1 0 0 0 0 0]	[0 1 0 0 0 0]	[0 0 0 1 0 0]
34	0.11999999731779099	1.971150517463684	0.1618981510400772	0.0003354647196829319	1.2894816398620605	0.5194352865219116	False	[0 0 0 0 0 0]	[0 0 0 0 0 0]	[0 0 0 0 0 0]	[0 0 0 0 0 0]
34	0.16500000655651093	1.8546878099441528	0.14991359412670135	0.00015753970365040004	1.1690980195999146	0.5355186462402344	False	[0 0 0 0 1 0]	[1 0 0 0 0 0]	[0 1 0 0 0 0]	[0 0 0 1 0 0]
34	0.1274999976158142	1.940412998199463	0.15111692249774933	0.00044142527622170746	1.2697323560714722	0.5191222429275513	False	[0 0 0 0 0 0]	[0 0 0 0 0 0]	[0 0 0 0 0 0]	[0 0 0 0 0 0]
34	0.14499999582767487	1.8722048997879028	0.1475602239370346	0.00016752661031205207	1.1892592906951904	0.5352178812026978	False	[0 0 0 0 1 0]	[1 0 0 0 0 0]	[0 1 0 0 0 0]	[0 0 0 1 0 0]
34	0.12250000238418579	2.0074715614318848	0.1634746938943863	0.00029756181174889207	1.3184994459152222	0.5251999497413635	False	[0 0 0 0 0 0]	[0 0 0 0 0 0]	[0 0 0 0 0 0]	[0 0 0 0 0 0]
34	0.16500000655651093	1.9136534929275513	0.1526166945695877	0.00017744787328410894	1.2206746339797974	0.540184736251831	False	[0 0 0 0 1 0]	[1 0 0 0 0 0]	[0 1 0 0 0 0]	[0 0 0 1 0 0]
34	0.11999999731779099	2.0061569213867188	0.15895552933216095	0.0003473854740150273	1.3173577785491943	0.5294961929321289	False	[0 0 0 0 0 0]	[0 0 0 0 0 0]	[0 0 0 0 0 0]	[0 0 0 0 0 0]
34	0.17000000178813934	1.9041260480880737	0.15076476335525513	0.00018205838568974286	1.2161349058151245	0.5370442867279053	False	[0 0 0 0 1 0]	[1 0 0 0 0 0]	[0 1 0 0 0 0]	[0 0 0 1 0 0]
34	0.11999999731779099	1.936326503753662	0.14800144731998444	0.0004490767896641046	1.2637239694595337	0.5241520404815674	False	[0 0 0 0 0 0]	[0 0 0 0 0 0]	[0 0 0 0 0 0]	[0 0 0 0 0 0]
34	0.1550000011920929	1.9064111709594727	0.15094195306301117	0.00017757987370714545	1.216357946395874	0.5389336943626404	False	[0 0 0 0 1 0]	[1 0 0 0 0 0]	[0 1 0 0 0 0]	[0 0 0 1 0 0]
34	0.11999999731779099	1.9747527837753296	0.1547832489013672	0.0003775724326260388	1.2966735363006592	0.5229184627532959	False	[0 0 0 0 0 0]	[0 0 0 0 0 0]	[0 0 0 0 0 0]	[0 0 0 0 0 0]
34	0.15000000596046448	1.8820784091949463	0.15052710473537445	0.00016919094196055084	1.194854974746704	0.5365270972251892	False	[0 0 0 0 1 0]	[1 0 0 0 0 0]	[0 1 0 0 0 0]	[0 0 0 1 0 0]
34	0.12999999523162842	1.9460448026657104	0.1556147038936615	0.00036375143099576235	1.2713514566421509	0.5187149047851562	False	[0 0 0 0 0 0]	[0 0 0 0 0 0]	[0 0 0 0 0 0]	[0 0 0 0 0 0]
35	0.13249999284744263	1.8894884586334229	0.11909065395593643	0.00026867506676353514	1.1923714876174927	0.5777575373649597	False	[0 0 0 0 1 0]	[1 0 0 0 0 0]	[0 1 0 0 0 0]	[0 0 0 1 0 0]
35	0.11999999731779099	1.9069899320602417	0.13701729476451874	0.0005988234770484269	1.201796054840088	0.5675777196884155	False	[0 0 0 0 0 0]	[0 0 0 0 0 0]	[0 0 0 0 0 0]	[0 0 0 0 0 0]
35	0.1599999964237213	1.9488146305084229	0.12163922935724258	0.0003317774389870465	1.2414644956588745	0.5853791236877441	False	[0 0 0 0 1 0]	[1 0 0 0 0 0]	[0 1 0 0 0 0]	[0 0 0 1 0 0]
35	0.11999999731779099	1.889268398284912	0.1368838995695114	0.0005466716247610748	1.1959879398345947	0.5558499097824097	False	[0 0 0 0 0 0]	[0 0 0 0 0 0]	[0 0 0 0 0 0]	[0 0 0 0 0 0]
35	0.17499999701976776	1.9178733825683594	0.12271980941295624	0.00028965642559342086	1.209332823753357	0.5855311155319214	False	[0 0 0 0 1 0]	[1 0 0 0 0 0]	[0 1 0 0 0 0]	[0 0 0 1 0 0]
35	0.11999999731779099	1.8928766250610352	0.137306809425354	0.0006409381749108434	1.1971229314804077	0.5578058958053589	False	[0 0 0 0 0 0]	[0 0 0 0 0 0]	[0 0 0 0 0 0]	[0 0 0 0 0 0]
35	0.17499999701976776	1.9610788822174072	0.12197421491146088	0.0003061011084355414	1.2491981983184814	0.5896003246307373	False	[0 0 0 0 1 0]	[1 0 0 0 0 0]	[0 1 0 0 0 0]	[0 0 0 1 0 0]
35	0.125	1.917545199394226	0.1377132534980774	0.0006691064336337149	1.2177389860153198	0.5614238977432251	False	[0 0 0 0 0 0]	[0 0 0 0 0 0]	[0 0 0 0 0 0]	[0 0 0 0 0 0]
35	0.17000000178813934	1.920831561088562	0.12077676504850388	0.0002827623684424907	1.2158479690551758	0.5839240550994873	False	[0 0 0 0 1 0]	[1 0 0 0 0 0]	[0 1 0 0 0 0]	[0 0 0 1 0 0]
35	0.12250000238418579	1.9206668138504028	0.13674922287464142	0.0006037604762241244	1.2237297296524048	0.5595841407775879	False	[0 0 0 0 0 0]	[0 0 0 0 0 0]	[0 0 0 0 0 0]	[0 0 0 0 0 0]
35	0.1850000023841858	1.932121753692627	0.12083403766155243	0.0002979596029035747	1.2254174947738647	0.5855723023414612	False	[0 0 0 0 1 0]	[1 0 0 0 0 0]	[0 1 0 0 0 0]	[0 0 0 1 0 0]
35	0.12250000238418579	1.9053758382797241	0.13800276815891266	0.000515460385940969	1.2070167064666748	0.5598409175872803	False	[0 0 0 0 0 0]	[0 0 0 0 0 0]	[0 0 0 0 0 0]	[0 0 0 0 0 0]
35	0.15000000596046448	1.9481234550476074	0.1211446225643158	0.0003095867286901921	1.2391860485076904	0.5874832272529602	False	[0 0 0 0 1 0]	[1 0 0 0 0 0]	[0 1 0 0 0 0]	[0 0 0 1 0 0]
35	0.125	1.9035587310791016	0.13805297017097473	0.000546307535842061	1.2006235122680664	0.5643359422683716	False	[0 0 0 0 0 0]	[0 0 0 0 0 0]	[0 0 0 0 0 0]	[0 0 0 0 0 0]
35	0.16249999403953552	1.9437414407730103	0.12057697027921677	0.0003126811934635043	1.2396149635314941	0.583236813545227	False	[0 0 0 0 1 0]	[1 0 0 0 0 0]	[0 1 0 0 0 0]	[0 0 0 1 0 0]
35	0.11999999731779099	1.9370319843292236	0.1366003155708313	0.0006797377136535943	1.2374285459518433	0.5623233318328857	False	[0 0 0 0 0 0]	[0 0 0 0 0 0]	[0 0 0 0 0 0]	[0 0 0 0 0 0]
35	0.17499999701976776	2.0035250186920166	0.12256371229887009	0.00033274965244345367	1.287341594696045	0.5932869911193848	False	[0 0 0 0 1 0]	[1 0 0 0 0 0]	[0 1 0 0 0 0]	[0 0 0 1 0 0]
35	0.1274999976158142	1.951493263244629	0.13760066032409668	0.0007165156421251595	1.243411660194397	0.5697643756866455	False	[0 0 0 0 0 0]	[0 0 0 0 0 0]	[0 0 0 0 0 0]	[0 0 0 0 0 0]
35	0.18000000715255737	1.9675538539886475	0.12259071320295334	0.0003191838623024523	1.2527424097061157	0.5919014811515808	False	[0 0 0 0 1 0]	[1 0 0 0 0 0]	[0 1 0 0 0 0]	[0 0 0 1 0 0]
35	0.12250000238418579	1.9008746147155762	0.13637974858283997	0.0005970913334749639	1.2118604183197021	0.5520374178886414	False	[0 0 0 0 0 0]	[0 0 0 0 0 0]	[0 0 0 0 0 0]	[0 0 0 0 0 0]
35	0.15000000596046448	1.9048008918762207	0.11813841760158539	0.0002914356591645628	1.2073299884796143	0.5790410041809082	False	[0 0 0 0 1 0]	[1 0 0 0 0 0]	[0 1 0 0 0 0]	[0 0 0 1 0 0]
35	0.11999999731779099	1.9345836639404297	0.13890047371387482	0.0005818709614686668	1.2298510074615479	0.5652503371238708	False	[0 0 0 0 0 0]	[0 0 0 0 0 0]	[0 0 0 0 0 0]	[0 0 0 0 0 0]
35	0.13750000298023224	1.9892665147781372	0.1219492182135582	0.00033351892489008605	1.275631308555603	0.5913524627685547	False	[0 0 0 0 1 0]	[1 0 0 0 0 0]	[0 1 0 0 0 0]	[0 0 0 1 0 0]
35	0.125	1.889090895652771	0.13937823474407196	0.0005373985623009503	1.1918885707855225	0.5572867393493652	False	[0 0 0 0 0 0]	[0 0 0 0 0 0]	[0 0 0 0 0 0]	[0 0 0 0 0 0]
35	0.15000000596046448	1.9924226999282837	0.1227695494890213	0.0003415653482079506	1.2795944213867188	0.5897171497344971	False	[0 0 0 0 1 0]	[1 0 0 0 0 0]	[0 1 0 0 0 0]	[0 0 0 1 0 0]
35	0.12250000238418579	1.9182226657867432	0.13989350199699402	0.0005732269492000341	1.214416742324829	0.5633392333984375	False	[0 0 0 0 0 0]	[0 0 0 0 0 0]	[0 0 0 0 0 0]	[0 0 0 0 0 0]
35	0.1550000011920929	1.913131594657898	0.11900897324085236	0.0002732918655965477	1.2102891206741333	0.5835602283477783	False	[0 0 0 0 1 0]	[1 0 0 0 0 0]	[0 1 0 0 0 0]	[0 0 0 1 0 0]
35	0.12999999523162842	1.9281437397003174	0.13773539662361145	0.000654283445328474	1.21968674659729	0.5700673460960388	False	[0 0 0 0 0 0]	[0 0 0 0 0 0]	[0 0 0 0 0 0]	[0 0 0 0 0 0]
35	0.1574999988079071	1.9175621271133423	0.12062975019216537	0.0003037659334950149	1.2134770154953003	0.5831515789031982	False	[0 0 0 0 1 0]	[1 0 0 0 0 0]	[0 1 0 0 0 0]	[0 0 0 1 0 0]
35	0.12250000238418579	1.8807644844055176	0.13671748340129852	0.0005657831788994372	1.1742172241210938	0.5692639350891113	False	[0 0 0 0 0 0]	[0 0 0 0 0 0]	[0 0 0 0 0 0]	[0 0 0 0 0 0]
36	0.1550000011920929	1.18365478515625	0.1068202555179596	5.5608830734854564e-05	0.4121379852294922	0.6646409630775452	False	[0 0 0 0 1 0]	[1 0 0 0 0 0]	[0 1 0 0 0 0]	[0 0 0 1 0 0]
36	0.12250000238418579	1.2554329633712769	0.13642561435699463	0.00013442325871437788	0.49135667085647583	0.6275162696838379	False	[0 0 0 0 0 0]	[0 0 0 0 0 0]	[0 0 0 0 0 0]	[0 0 0 0 0 0]
36	0.14499999582767487	1.2071548700332642	0.10649485141038895	5.8200083003612235e-05	0.43524864315986633	0.6653531789779663	False	[0 0 0 0 1 0]	[1 0 0 0 0 0]	[0 1 0 0 0 0]	[0 0 0 1 0 0]
36	0.12250000238418579	1.2384908199310303	0.132981076836586	0.00011722520866896957	0.4811127781867981	0.6242797374725342	False	[0 0 0 0 0 0]	[0 0 0 0 0 0]	[0 0 0 0 0 0]	[0 0 0 0 0 0]
36	0.15000000596046448	1.163453459739685	0.10259249061346054	5.4543648730032146e-05	0.4035074710845947	0.6572989225387573	False	[0 0 0 0 1 0]	[1 0 0 0 0 0]	[0 1 0 0 0 0]	[0 0 0 1 0 0]
36	0.12250000238418579	1.2543613910675049	0.13185085356235504	0.0001250901259481907	0.49504947662353516	0.6273359060287476	False	[0 0 0 0 0 0]	[0 0 0 0 0 0]	[0 0 0 0 0 0]	[0 0 0 0 0 0]
36	0.1574999988079071	1.1649649143218994	0.10515064001083374	5.147025512997061e-05	0.39993783831596375	0.6598249673843384	False	[0 0 0 0 1 0]	[1 0 0 0 0 0]	[0 1 0 0 0 0]	[0 0 0 1 0 0]
36	0.125	1.203364372253418	0.12694251537322998	0.00011246666690567508	0.4614814817905426	0.6148278713226318	False	[0 0 0 0 0 0]	[0 0 0 0 0 0]	[0 0 0 0 0 0]	[0 0 0 0 0 0]
36	0.13750000298023224	1.179038643836975	0.10586537420749664	5.147432239027694e-05	0.41152381896972656	0.6615979671478271	False	[0 0 0 0 1 0]	[1 0 0 0 0 0]	[0 1 0 0 0 0]	[0 0 0 1 0 0]
36	0.12250000238418579	1.2333474159240723	0.13380594551563263	0.00011495512444525957	0.4771710932254791	0.6222553849220276	False	[0 0 0 0 0 0]	[0 0 0 0 0 0]	[0 0 0 0 0 0]	[0 0 0 0 0 0]
36	0.14000000059604645	1.2055957317352295	0.11205803602933884	5.139237327966839e-05	0.4273739457130432	0.6661123037338257	False	[0 0 0 0 1 0]	[1 0 0 0 0 0]	[0 1 0 0 0 0]	[0 0 0 1 0 0]
36	0.11999999731779099	1.1986820697784424	0.12848198413848877	0.00012763100676238537	0.4584343731403351	0.611638069152832	False	[0 0 0 0 0 0]	[0 0 0 0 0 0]	[0 0 0 0 0 0]	[0 0 0 0 0 0]
36	0.14499999582767487	1.2126972675323486	0.11352097243070602	5.7729961554287e-05	0.43174198269844055	0.6673766374588013	False	[0 0 0 0 1 0]	[1 0 0 0 0 0]	[0 1 0 0 0 0]	[0 0 0 1 0 0]
36	0.125	1.2294374704360962	0.1328621804714203	0.000128170897369273	0.4722425043582916	0.6242046356201172	False	[0 0 0 0 0 0]	[0 0 0 0 0 0]	[0 0 0 0 0 0]	[0 0 0 0 0 0]
36	0.17000000178813934	1.2029576301574707	0.11087505519390106	5.694992796634324e-05	0.42500224709510803	0.6670233607292175	False	[0 0 0 0 1 0]	[1 0 0 0 0 0]	[0 1 0 0 0 0]	[0 0 0 1 0 0]
36	0.12250000238418579	1.2191187143325806	0.1329428106546402	0.00013822686742059886	0.4684475362300873	0.6175901293754578	False	[0 0 0 0 0 0]	[0 0 0 0 0 0]	[0 0 0 0 0 0]	[0 0 0 0 0 0]
36	0.12999999523162842	1.2046122550964355	0.11001431196928024	5.628407234326005e-05	0.4281447231769562	0.666396975517273	False	[0 0 0 0 1 0]	[1 0 0 0 0 0]	[0 1 0 0 0 0]	[0 0 0 1 0 0]
36	0.125	1.2213218212127686	0.1310710608959198	0.00012147880624979734	0.4736679494380951	0.6164612770080566	False	[0 0 0 0 0 0]	[0 0 0 0 0 0]	[0 0 0 0 0 0]	[0 0 0 0 0 0]
36	0.18000000715255737	1.187379240989685	0.1114274337887764	5.343186785466969e-05	0.4108514189720154	0.6650469303131104	False	[0 0 0 0 1 0]	[1 0 0 0 0 0]	[0 1 0 0 0 0]	[0 0 0 1 0 0]
36	0.11749999970197678	1.1990914344787598	0.127146914601326	0.00013522749941330403	0.4574871063232422	0.6143221855163574	False	[0 0 0 0 0 0]	[0 0 0 0 0 0]	[0 0 0 0 0 0]	[0 0 0 0 0 0]
36	0.16249999403953552	1.1899141073226929	0.10919396579265594	5.462643821374513e-05	0.41459429264068604	0.6660712361335754	False	[0 0 0 0 1 0]	[1 0 0 0 0 0]	[0 1 0 0 0 0]	[0 0 0 1 0 0]
36	0.12250000238418579	1.2033138275146484	0.13059072196483612	0.00013718691479880363	0.45225635170936584	0.6203296184539795	False	[0 0 0 0 0 0]	[0 0 0 0 0 0]	[0 0 0 0 0 0]	[0 0 0 0 0 0]
36	0.14499999582767487	1.175708293914795	0.10846085101366043	5.127042459207587e-05	0.40673962235450745	0.6604564785957336	False	[0 0 0 0 1 0]	[1 0 0 0 0 0]	[0 1 0 0 0 0]	[0 0 0 1 0 0]
36	0.11999999731779099	1.2317028045654297	0.13597601652145386	0.0001309057988692075	0.47546643018722534	0.6201294660568237	False	[0 0 0 0 0 0]	[0 0 0 0 0 0]	[0 0 0 0 0 0]	[0 0 0 0 0 0]
36	0.1550000011920929	1.207343578338623	0.11151676625013351	5.6641049013705924e-05	0.4295862317085266	0.6661839485168457	False	[0 0 0 0 1 0]	[1 0 0 0 0 0]	[0 1 0 0 0 0]	[0 0 0 1 0 0]
36	0.125	1.2533878087997437	0.135849267244339	0.00011819099745480344	0.4897127151489258	0.6277076005935669	False	[0 0 0 0 0 0]	[0 0 0 0 0 0]	[0 0 0 0 0 0]	[0 0 0 0 0 0]
36	0.14499999582767487	1.1760592460632324	0.10845780372619629	5.1890263421228155e-05	0.40332797169685364	0.6642216444015503	False	[0 0 0 0 1 0]	[1 0 0 0 0 0]	[0 1 0 0 0 0]	[0 0 0 1 0 0]
36	0.125	1.243321418762207	0.13527262210845947	0.00013460621994454414	0.4854011833667755	0.622512936592102	False	[0 0 0 0 0 0]	[0 0 0 0 0 0]	[0 0 0 0 0 0]	[0 0 0 0 0 0]
36	0.1550000011920929	1.1816370487213135	0.10799937695264816	5.454789788927883e-05	0.41096222400665283	0.6626209020614624	False	[0 0 0 0 1 0]	[1 0 0 0 0 0]	[0 1 0 0 0 0]	[0 0 0 1 0 0]
36	0.11999999731779099	1.221294641494751	0.13060733675956726	0.00014071470650378615	0.4761551022529602	0.6143914461135864	False	[0 0 0 0 0 0]	[0 0 0 0 0 0]	[0 0 0 0 0 0]	[0 0 0 0 0 0]
37	0.1599999964237213	1.2037503719329834	0.11469969153404236	1.1123737749585416e-05	0.4281966984272003	0.6608428359031677	False	[0 0 0 0 1 0]	[1 0 0 0 0 0]	[0 1 0 0 0 0]	[0 0 0 1 0 0]
37	0.11749999970197678	1.1866426467895508	0.14179189503192902	2.2201462343218736e-05	0.47876861691474915	0.5660598874092102	False	[0 0 0 0 0 0]	[0 0 0 0 0 0]	[0 0 0 0 0 0]	[0 0 0 0 0 0]
37	0.14000000059604645	1.209999918937683	0.11740070581436157	1.006396360025974e-05	0.4310706555843353	0.6615185141563416	False	[0 0 0 0 1 0]	[1 0 0 0 0 0]	[0 1 0 0 0 0]	[0 0 0 1 0 0]
37	0.12250000238418579	1.2139570713043213	0.147335022687912	2.4651155399624258e-05	0.49101686477661133	0.5755805373191833	False	[0 0 0 0 0 0]	[0 0 0 0 0 0]	[0 0 0 0 0 0]	[0 0 0 0 0 0]
37	0.13750000298023224	1.2108678817749023	0.11919113248586655	1.1277140401944052e-05	0.42795896530151367	0.6637064218521118	False	[0 0 0 0 1 0]	[1 0 0 0 0 0]	[0 1 0 0 0 0]	[0 0 0 1 0 0]
37	0.125	1.2390869855880737	0.1394195705652237	2.1384181309258565e-05	0.49759605526924133	0.6020499467849731	False	[0 0 0 0 0 0]	[0 0 0 0 0 0]	[0 0 0 0 0 0]	[0 0 0 0 0 0]
37	0.1574999988079071	1.1749553680419922	0.11401214450597763	9.224934728990775e-06	0.4119868576526642	0.6489471197128296	False	[0 0 0 0 1 0]	[1 0 0 0 0 0]	[0 1 0 0 0 0]	[0 0 0 1 0 0]
37	0.125	1.2216233015060425	0.15030330419540405	3.0443452487816103e-05	0.4914611876010895	0.5798283815383911	False	[0 0 0 0 0 0]	[0 0 0 0 0 0]	[0 0 0 0 0 0]	[0 0 0 0 0 0]
37	0.14749999344348907	1.1935771703720093	0.11371159553527832	9.775587386684492e-06	0.42459237575531006	0.6552634239196777	False	[0 0 0 0 1 0]	[1 0 0 0 0 0]	[0 1 0 0 0 0]	[0 0 0 1 0 0]
37	0.12250000238418579	1.2162771224975586	0.14637207984924316	2.5214161723852158e-05	0.48571068048477173	0.5841692090034485	False	[0 0 0 0 0 0]	[0 0 0 0 0 0]	[0 0 0 0 0 0]	[0 0 0 0 0 0]
37	0.16249999403953552	1.2089526653289795	0.11539065837860107	9.838672667683568e-06	0.4298378825187683	0.6637142896652222	False	[0 0 0 0 1 0]	[1 0 0 0 0 0]	[0 1 0 0 0 0]	[0 0 0 1 0 0]
37	0.12250000238418579	1.182621717453003	0.1343989223241806	1.986267488973681e-05	0.4782761335372925	0.5699268579483032	False	[0 0 0 0 0 0]	[0 0 0 0 0 0]	[0 0 0 0 0 0]	[0 0 0 0 0 0]
37	0.1574999988079071	1.1886885166168213	0.11393868923187256	9.386007150169462e-06	0.41946542263031006	0.6552749872207642	False	[0 0 0 0 1 0]	[1 0 0 0 0 0]	[0 1 0 0 0 0]	[0 0 0 1 0 0]
37	0.1274999976158142	1.1849708557128906	0.1434192657470703	2.569343450886663e-05	0.4803447425365448	0.5611811280250549	False	[0 0 0 0 0 0]	[0 0 0 0 0 0]	[0 0 0 0 0 0]	[0 0 0 0 0 0]
37	0.14749999344348907	1.2101974487304688	0.11774065345525742	1.1712833838828374e-05	0.43134579062461853	0.6610993146896362	False	[0 0 0 0 1 0]	[1 0 0 0 0 0]	[0 1 0 0 0 0]	[0 0 0 1 0 0]
37	0.125	1.1722359657287598	0.13925078511238098	2.23282549995929e-05	0.47204890847206116	0.5609139800071716	False	[0 0 0 0 0 0]	[0 0 0 0 0 0]	[0 0 0 0 0 0]	[0 0 0 0 0 0]
37	0.17249999940395355	1.2032642364501953	0.11623573303222656	1.1228577932342887e-05	0.42714428901672363	0.6598730087280273	False	[0 0 0 0 1 0]	[1 0 0 0 0 0]	[0 1 0 0 0 0]	[0 0 0 1 0 0]
37	0.11999999731779099	1.2235617637634277	0.14122767746448517	2.0864374164375477e-05	0.4861822724342346	0.596130907535553	False	[0 0 0 0 0 0]	[0 0 0 0 0 0]	[0 0 0 0 0 0]	[0 0 0 0 0 0]
37	0.1550000011920929	1.2271538972854614	0.12105025351047516	1.1725187505362555e-05	0.43878036737442017	0.6673115491867065	False	[0 0 0 0 1 0]	[1 0 0 0 0 0]	[0 1 0 0 0 0]	[0 0 0 1 0 0]
37	0.12250000238418579	1.2159627676010132	0.13933463394641876	2.1976075004204176e-05	0.49155330657958984	0.5850528478622437	False	[0 0 0 0 0 0]	[0 0 0 0 0 0]	[0 0 0 0 0 0]	[0 0 0 0 0 0]
37	0.1550000011920929	1.2371344566345215	0.12113822251558304	1.2134632015659008e-05	0.44541120529174805	0.6705728769302368	False	[0 0 0 0 1 0]	[1 0 0 0 0 0]	[0 1 0 0 0 0]	[0 0 0 1 0 0]
37	0.12250000238418579	1.1853556632995605	0.14213137328624725	2.216595567006152e-05	0.4832146167755127	0.5599874258041382	False	[0 0 0 0 0 0]	[0 0 0 0 0 0]	[0 0 0 0 0 0]	[0 0 0 0 0 0]
37	0.15000000596046448	1.2354681491851807	0.12069571763277054	1.2010032151010819e-05	0.45004308223724365	0.6647173166275024	False	[0 0 0 0 1 0]	[1 0 0 0 0 0]	[0 1 0 0 0 0]	[0 0 0 1 0 0]
37	0.12250000238418579	1.1576683521270752	0.14049509167671204	2.5537990950397216e-05	0.46370169520378113	0.5534460544586182	False	[0 0 0 0 0 0]	[0 0 0 0 0 0]	[0 0 0 0 0 0]	[0 0 0 0 0 0]
37	0.14000000059604645	1.186517357826233	0.11312287300825119	9.57174415816553e-06	0.4201403856277466	0.6532444953918457	False	[0 0 0 0 1 0]	[1 0 0 0 0 0]	[0 1 0 0 0 0]	[0 0 0 1 0 0]
37	0.11749999970197678	1.2277405261993408	0.1430971920490265	2.0964833311154507e-05	0.48961859941482544	0.5950037240982056	False	[0 0 0 0 0 0]	[0 0 0 0 0 0]	[0 0 0 0 0 0]	[0 0 0 0 0 0]
37	0.13750000298023224	1.1665583848953247	0.11130745708942413	9.293265975429676e-06	0.4105793535709381	0.6446622610092163	False	[0 0 0 0 1 0]	[1 0 0 0 0 0]	[0 1 0 0 0 0]	[0 0 0 1 0 0]
37	0.12999999523162842	1.2522650957107544	0.14122231304645538	2.0608489649021067e-05	0.5116182565689087	0.5994039177894592	False	[0 0 0 0 0 0]	[0 0 0 0 0 0]	[0 0 0 0 0 0]	[0 0 0 0 0 0]
37	0.1599999964237213	1.2231587171554565	0.12033260613679886	1.1172122867719736e-05	0.43532437086105347	0.6674906015396118	False	[0 0 0 0 1 0]	[1 0 0 0 0 0]	[0 1 0 0 0 0]	[0 0 0 1 0 0]
37	0.12250000238418579	1.2177830934524536	0.14317993819713593	2.2713569705956616e-05	0.4916013479232788	0.5829790830612183	False	[0 0 0 0 0 0]	[0 0 0 0 0 0]	[0 0 0 0 0 0]	[0 0 0 0 0 0]
38	0.1599999964237213	1.034073829650879	0.07747897505760193	3.5061995731666684e-05	0.27500492334365845	0.6815547943115234	False	[0 0 0 0 1 0]	[1 0 0 0 0 0]	[0 1 0 0 0 0]	[1 0 0 0 0 0]
38	0.12250000238418579	1.2047239542007446	0.16036467254161835	0.00010781532182591036	0.35753029584884644	0.6867212057113647	False	[0 0 0 0 0 0]	[0 0 0 0 0 0]	[0 0 0 0 0 0]	[0 0 0 0 0 0]
38	0.13500000536441803	1.022825002670288	0.07216055691242218	3.051014573429711e-05	0.2604385018348694	0.6901954412460327	False	[0 0 0 0 1 0]	[1 0 0 0 0 0]	[0 1 0 0 0 0]	[1 0 0 0 0 0]
38	0.12250000238418579	1.248003363609314	0.18490873277187347	0.00011584894673433155	0.39658215641975403	0.6663966178894043	False	[0 0 0 0 0 0]	[0 0 0 0 0 0]	[0 0 0 0 0 0]	[0 0 0 0 0 0]
38	0.1550000011920929	1.021647334098816	0.0725674107670784	3.104058123426512e-05	0.2594057619571686	0.689643144607544	False	[0 0 0 0 1 0]	[1 0 0 0 0 0]	[0 1 0 0 0 0]	[1 0 0 0 0 0]
38	0.12250000238418579	1.3154058456420898	0.2092166393995285	0.00011052197078242898	0.48014843463897705	0.6259303092956543	False	[0 0 0 0 0 0]	[0 0 0 0 0 0]	[0 0 0 0 0 0]	[0 0 0 0 0 0]
38	0.14499999582767487	1.0202020406723022	0.07098192721605301	3.0708935810253024e-05	0.2562701404094696	0.6929192543029785	False	[0 0 0 0 1 0]	[1 0 0 0 0 0]	[0 1 0 0 0 0]	[1 0 0 0 0 0]
38	0.12250000238418579	1.2029756307601929	0.15679749846458435	8.188262290786952e-05	0.3633649945259094	0.6827312707901001	False	[0 0 0 0 0 0]	[0 0 0 0 0 0]	[0 0 0 0 0 0]	[0 0 0 0 0 0]
38	0.1599999964237213	1.0357939004898071	0.07607470452785492	3.5950361052528024e-05	0.2782980501651764	0.6813851594924927	False	[0 0 0 0 1 0]	[1 0 0 0 0 0]	[0 1 0 0 0 0]	[1 0 0 0 0 0]
38	0.125	1.2973778247833252	0.20360305905342102	8.438168879365548e-05	0.49778687953948975	0.5959034562110901	False	[0 0 0 0 0 0]	[0 0 0 0 0 0]	[0 0 0 0 0 0]	[0 0 0 0 0 0]
38	0.14749999344348907	1.0350987911224365	0.07853249460458755	3.552249472704716e-05	0.28076794743537903	0.6757628321647644	False	[0 0 0 0 1 0]	[1 0 0 0 0 0]	[0 1 0 0 0 0]	[1 0 0 0 0 0]
38	0.11999999731779099	1.2341630458831787	0.16218169033527374	8.309760596603155e-05	0.3868933618068695	0.6850049495697021	False	[0 0 0 0 0 0]	[0 0 0 0 0 0]	[0 0 0 0 0 0]	[0 0 0 0 0 0]
38	0.1550000011920929	1.0207080841064453	0.07412072271108627	2.9705321139772423e-05	0.2620472311973572	0.6845104694366455	False	[0 0 0 0 1 0]	[1 0 0 0 0 0]	[0 1 0 0 0 0]	[1 0 0 0 0 0]
38	0.125	1.3088459968566895	0.22102037072181702	0.0001297360722674057	0.47551968693733215	0.6121761202812195	False	[0 0 0 0 0 0]	[0 0 0 0 0 0]	[0 0 0 0 0 0]	[0 0 0 0 0 0]
38	0.14000000059604645	1.0404152870178223	0.07460251450538635	3.5450400901027024e-05	0.28011879324913025	0.6856585741043091	False	[0 0 0 0 1 0]	[1 0 0 0 0 0]	[0 1 0 0 0 0]	[1 0 0 0 0 0]
38	0.11999999731779099	1.2197107076644897	0.17589566111564636	9.708986908663064e-05	0.3919439911842346	0.6517739295959473	False	[0 0 0 0 0 0]	[0 0 0 0 0 0]	[0 0 0 0 0 0]	[0 0 0 0 0 0]
38	0.13750000298023224	1.0126323699951172	0.07046525925397873	2.952516842924524e-05	0.2506561577320099	0.6914814114570618	False	[0 0 0 0 1 0]	[1 0 0 0 0 0]	[0 1 0 0 0 0]	[1 0 0 0 0 0]
38	0.11749999970197678	1.2411085367202759	0.15996137261390686	9.512548422208056e-05	0.4063222408294678	0.6747298240661621	False	[0 0 0 0 0 0]	[0 0 0 0 0 0]	[0 0 0 0 0 0]	[0 0 0 0 0 0]
38	0.14499999582767487	1.040191888809204	0.08252173662185669	3.427279443712905e-05	0.29264235496520996	0.6649935245513916	False	[0 0 0 0 1 0]	[1 0 0 0 0 0]	[0 1 0 0 0 0]	[1 0 0 0 0 0]
38	0.12250000238418579	1.274789810180664	0.17843152582645416	8.579735003877431e-05	0.4638461470603943	0.6324262619018555	False	[0 0 0 0 0 0]	[0 0 0 0 0 0]	[0 0 0 0 0 0]	[0 0 0 0 0 0]
38	0.17000000178813934	1.0011043548583984	0.06544254720211029	2.600143852760084e-05	0.2393895983695984	0.6962461471557617	False	[0 0 0 0 1 0]	[1 0 0 0 0 0]	[0 1 0 0 0 0]	[1 0 0 0 0 0]
38	0.125	1.2109904289245605	0.15670432150363922	9.322528057964519e-05	0.36153095960617065	0.6926620006561279	False	[0 0 0 0 0 0]	[0 0 0 0 0 0]	[0 0 0 0 0 0]	[0 0 0 0 0 0]
38	0.1599999964237213	1.033127784729004	0.0778580829501152	3.805565575021319e-05	0.2830762267112732	0.6721554398536682	False	[0 0 0 0 1 0]	[1 0 0 0 0 0]	[0 1 0 0 0 0]	[1 0 0 0 0 0]
38	0.125	1.2617268562316895	0.1979212909936905	0.00011694412387441844	0.4353412985801697	0.6283472776412964	False	[0 0 0 0 0 0]	[0 0 0 0 0 0]	[0 0 0 0 0 0]	[0 0 0 0 0 0]
38	0.17000000178813934	1.0253340005874634	0.07600142061710358	3.118902168353088e-05	0.2656266987323761	0.683674693107605	False	[0 0 0 0 1 0]	[1 0 0 0 0 0]	[0 1 0 0 0 0]	[0 0 0 1 0 0]
38	0.125	1.089651107788086	0.11420465260744095	8.398790669161826e-05	0.2783779799938202	0.6969845294952393	False	[0 0 0 0 0 0]	[0 0 0 0 0 0]	[0 0 0 0 0 0]	[0 0 0 0 0 0]
38	0.15000000596046448	1.0098448991775513	0.0683051273226738	2.762579060799908e-05	0.24672062695026398	0.6947915554046631	False	[0 0 0 0 1 0]	[1 0 0 0 0 0]	[0 1 0 0 0 0]	[1 0 0 0 0 0]
38	0.12250000238418579	1.2505487203598022	0.17464092373847961	8.70416552061215e-05	0.41450098156929016	0.6613197922706604	False	[0 0 0 0 0 0]	[0 0 0 0 0 0]	[0 0 0 0 0 0]	[0 0 0 0 0 0]
38	0.16249999403953552	1.010526418685913	0.07061763852834702	2.985324135806877e-05	0.24851560592651367	0.6913632750511169	False	[0 0 0 0 1 0]	[1 0 0 0 0 0]	[0 1 0 0 0 0]	[1 0 0 0 0 0]
38	0.12999999523162842	1.2647168636322021	0.1930883377790451	0.00012658846389967948	0.3988226056098938	0.6726792454719543	False	[0 0 0 0 0 0]	[0 0 0 0 0 0]	[0 0 0 0 0 0]	[0 0 0 0 0 0]
39	0.1525000035762787	1.237476110458374	0.34492889046669006	1.756322853907477e-05	0.19695314764976501	0.6955764889717102	False	[0 0 0 0 1 0]	[1 0 0 0 0 0]	[0 1 0 0 0 0]	[1 0 0 0 0 0]
39	0.12250000238418579	1.7719502449035645	0.6587125658988953	8.636013080831617e-05	0.4405480921268463	0.672603189945221	False	[0 0 0 0 0 0]	[0 0 0 0 0 0]	[0 0 0 0 0 0]	[0 0 0 0 0 0]
39	0.14000000059604645	1.2523720264434814	0.3549548089504242	2.114456037816126e-05	0.2049378603696823	0.6924581527709961	False	[0 0 0 0 1 0]	[1 0 0 0 0 0]	[0 1 0 0 0 0]	[1 0 0 0 0 0]
39	0.11999999731779099	1.8285826444625854	0.7043243646621704	0.00010528774146223441	0.4956432282924652	0.6285097599029541	False	[0 0 0 0 0 0]	[0 0 0 0 0 0]	[0 0 0 0 0 0]	[0 0 0 0 0 0]
39	0.1599999964237213	1.255183219909668	0.35393226146698	1.665942727413494e-05	0.20644168555736542	0.694792628288269	False	[0 0 0 0 1 0]	[1 0 0 0 0 0]	[0 1 0 0 0 0]	[0 0 0 1 0 0]
39	0.125	1.1120896339416504	0.36780616641044617	9.912232781061903e-05	0.23065827786922455	0.5135260820388794	False	[0 0 0 0 0 0]	[0 0 0 0 0 0]	[0 0 0 0 0 0]	[0 0 0 0 0 0]
39	0.1599999964237213	1.2409400939941406	0.3434416651725769	1.876746682683006e-05	0.20179694890975952	0.6956826448440552	False	[0 0 0 0 1 0]	[1 0 0 0 0 0]	[0 1 0 0 0 0]	[1 0 0 0 0 0]
39	0.12250000238418579	1.9243154525756836	0.7032800912857056	7.382430339930579e-05	0.5516977906227112	0.6692637205123901	False	[0 0 0 0 0 0]	[0 0 0 0 0 0]	[0 0 0 0 0 0]	[0 0 0 0 0 0]
39	0.15000000596046448	1.2232344150543213	0.33414319157600403	1.610494109627325e-05	0.19378533959388733	0.6952898502349854	False	[0 0 0 0 1 0]	[1 0 0 0 0 0]	[0 1 0 0 0 0]	[1 0 0 0 0 0]
39	0.12250000238418579	1.831533670425415	0.6862134337425232	7.846827793400735e-05	0.5126237869262695	0.6326179504394531	False	[0 0 0 0 0 0]	[0 0 0 0 0 0]	[0 0 0 0 0 0]	[0 0 0 0 0 0]
39	0.14499999582767487	1.2442872524261475	0.3482624292373657	1.63793647516286e-05	0.20098070800304413	0.695027768611908	False	[0 0 0 0 1 0]	[1 0 0 0 0 0]	[0 1 0 0 0 0]	[1 0 0 0 0 0]
39	0.125	1.7906094789505005	0.6763315796852112	0.00010808222577907145	0.4454280436038971	0.6687418222427368	False	[0 0 0 0 0 0]	[0 0 0 0 0 0]	[0 0 0 0 0 0]	[0 0 0 0 0 0]
39	0.1550000011920929	1.229891300201416	0.3415992558002472	1.97363715415122e-05	0.19850307703018188	0.6897692680358887	False	[0 0 0 0 1 0]	[1 0 0 0 0 0]	[0 1 0 0 0 0]	[1 0 0 0 0 0]
39	0.12250000238418579	1.8489428758621216	0.6809561252593994	7.078085764078423e-05	0.5226441025733948	0.645271897315979	False	[0 0 0 0 0 0]	[0 0 0 0 0 0]	[0 0 0 0 0 0]	[0 0 0 0 0 0]
39	0.14000000059604645	1.2307542562484741	0.3425315320491791	2.1327732611098327e-05	0.19813328981399536	0.6900681257247925	False	[0 0 0 0 1 0]	[1 0 0 0 0 0]	[0 1 0 0 0 0]	[1 0 0 0 0 0]
39	0.11999999731779099	1.812669277191162	0.6761314272880554	0.0001077058695955202	0.481947124004364	0.6544830203056335	False	[0 0 0 0 0 0]	[0 0 0 0 0 0]	[0 0 0 0 0 0]	[0 0 0 0 0 0]
39	0.13500000536441803	1.244077205657959	0.3486025333404541	1.7906919310917147e-05	0.2003481686115265	0.6951085329055786	False	[0 0 0 0 1 0]	[1 0 0 0 0 0]	[0 1 0 0 0 0]	[1 0 0 0 0 0]
39	0.12250000238418579	1.9331090450286865	0.712544858455658	7.572270988021046e-05	0.5811682343482971	0.6393202543258667	False	[0 0 0 0 0 0]	[0 0 0 0 0 0]	[0 0 0 0 0 0]	[0 0 0 0 0 0]
39	0.17000000178813934	1.245574712753296	0.3548593819141388	1.9777076886384748e-05	0.20411251485347748	0.6865831017494202	False	[0 0 0 0 1 0]	[1 0 0 0 0 0]	[0 1 0 0 0 0]	[0 0 0 1 0 0]
39	0.125	1.176622748374939	0.3842114806175232	8.931523188948631e-05	0.24969051778316498	0.5426314473152161	False	[0 0 0 0 0 0]	[0 0 0 0 0 0]	[0 0 0 0 0 0]	[0 0 0 0 0 0]
39	0.17499999701976776	1.2761547565460205	0.370850533246994	1.92658571904758e-05	0.21752260625362396	0.6877623796463013	False	[0 0 0 0 1 0]	[1 0 0 0 0 0]	[0 1 0 0 0 0]	[1 0 0 0 0 0]
39	0.12250000238418579	1.7650136947631836	0.6905872821807861	0.00015730058657936752	0.4120720326900482	0.6621971130371094	False	[0 0 0 0 0 0]	[0 0 0 0 0 0]	[0 0 0 0 0 0]	[0 0 0 0 0 0]
39	0.16249999403953552	1.2345863580703735	0.35158923268318176	2.2354737666319124e-05	0.20111611485481262	0.6818586587905884	False	[0 0 0 0 1 0]	[1 0 0 0 0 0]	[0 1 0 0 0 0]	[1 0 0 0 0 0]
39	0.11749999970197678	1.8062372207641602	0.6620281934738159	7.065290992613882e-05	0.48574355244636536	0.6583948135375977	False	[0 0 0 0 0 0]	[0 0 0 0 0 0]	[0 0 0 0 0 0]	[0 0 0 0 0 0]
39	0.14000000059604645	1.2510693073272705	0.3531472980976105	1.7205926269525662e-05	0.20258715748786926	0.6953176856040955	False	[0 0 0 0 1 0]	[1 0 0 0 0 0]	[0 1 0 0 0 0]	[1 0 0 0 0 0]
39	0.125	1.8621047735214233	0.6750128865242004	6.34024036116898e-05	0.5156936645507812	0.6713348627090454	False	[0 0 0 0 0 0]	[0 0 0 0 0 0]	[0 0 0 0 0 0]	[0 0 0 0 0 0]
39	0.1525000035762787	1.2409093379974365	0.3479522168636322	1.9591347154346295e-05	0.2001444399356842	0.6927931308746338	False	[0 0 0 0 1 0]	[1 0 0 0 0 0]	[0 1 0 0 0 0]	[1 0 0 0 0 0]
39	0.11999999731779099	1.8919504880905151	0.7223818898200989	9.337172377854586e-05	0.5511770844459534	0.6182981729507446	False	[0 0 0 0 0 0]	[0 0 0 0 0 0]	[0 0 0 0 0 0]	[0 0 0 0 0 0]
39	0.15000000596046448	1.229760766029358	0.3497063219547272	2.589197174529545e-05	0.19709526002407074	0.6829332709312439	False	[0 0 0 0 1 0]	[1 0 0 0 0 0]	[0 1 0 0 0 0]	[1 0 0 0 0 0]
39	0.125	1.8712949752807617	0.701749324798584	8.168820204446092e-05	0.5348466038703918	0.6346173882484436	False	[0 0 0 0 0 0]	[0 0 0 0 0 0]	[0 0 0 0 0 0]	[0 0 0 0 0 0]
40	0.16500000655651093	1.2648760080337524	0.26148736476898193	6.237879279069602e-05	0.307645320892334	0.6956809759140015	False	[0 0 0 0 1 0]	[1 0 0 0 0 0]	[0 1 0 0 0 0]	[0 0 0 1 0 0]
40	0.1274999976158142	1.4674794673919678	0.45014050602912903	0.0001425703230779618	0.361786812543869	0.6554096341133118	False	[0 0 0 0 0 0]	[0 0 0 0 0 0]	[0 0 0 0 0 0]	[0 0 0 0 0 0]
40	0.14249999821186066	1.2766826152801514	0.268273264169693	6.705346459057182e-05	0.31401851773262024	0.6943238377571106	False	[0 0 0 0 1 0]	[1 0 0 0 0 0]	[0 1 0 0 0 0]	[1 0 0 0 0 0]
40	0.12250000238418579	1.7407941818237305	0.5475126504898071	0.00023818273621145636	0.5297837257385254	0.6632596254348755	False	[0 0 0 0 0 0]	[0 0 0 0 0 0]	[0 0 0 0 0 0]	[0 0 0 0 0 0]
40	0.1574999988079071	1.2432029247283936	0.2592293322086334	5.7922759879147634e-05	0.29236146807670593	0.6915541291236877	False	[0 0 0 0 1 0]	[1 0 0 0 0 0]	[0 1 0 0 0 0]	[0 0 0 1 0 0]
40	0.125	1.4216549396514893	0.43602484464645386	0.00013577415666077286	0.3462494909763336	0.639244794845581	False	[0 0 0 0 0 0]	[0 0 0 0 0 0]	[0 0 0 0 0 0]	[0 0 0 0 0 0]
40	0.14499999582767487	1.2950764894485474	0.2634069621562958	7.264651503646746e-05	0.3418479561805725	0.6897488832473755	False	[0 0 0 0 1 0]	[1 0 0 0 0 0]	[0 1 0 0 0 0]	[1 0 0 0 0 0]
40	0.11999999731779099	1.7831166982650757	0.5487846732139587	0.00025143526727333665	0.5949403643608093	0.639140248298645	False	[0 0 0 0 0 0]	[0 0 0 0 0 0]	[0 0 0 0 0 0]	[0 0 0 0 0 0]
40	0.1550000011920929	1.234970211982727	0.2516433894634247	5.717053863918409e-05	0.2913256585597992	0.6919440031051636	False	[0 0 0 0 1 0]	[1 0 0 0 0 0]	[0 1 0 0 0 0]	[0 0 0 1 0 0]
40	0.11999999731779099	1.3941532373428345	0.4383213222026825	0.0001451002899557352	0.3412383794784546	0.6144484281539917	False	[0 0 0 0 0 0]	[0 0 0 0 0 0]	[0 0 0 0 0 0]	[0 0 0 0 0 0]
40	0.13750000298023224	1.2624757289886475	0.2614339292049408	6.069054870749824e-05	0.30560433864593506	0.6953767538070679	False	[0 0 0 0 1 0]	[1 0 0 0 0 0]	[0 1 0 0 0 0]	[1 0 0 0 0 0]
40	0.125	1.7414090633392334	0.5455456972122192	0.00023251443053595722	0.5191755294799805	0.6764552593231201	False	[0 0 0 0 0 0]	[0 0 0 0 0 0]	[0 0 0 0 0 0]	[0 0 0 0 0 0]
40	0.1550000011920929	1.2620131969451904	0.2613549530506134	6.273476174101233e-05	0.3047255277633667	0.6958699226379395	False	[0 0 0 0 1 0]	[1 0 0 0 0 0]	[0 1 0 0 0 0]	[1 0 0 0 0 0]
40	0.125	1.7384893894195557	0.5435516238212585	0.00024355742789339274	0.5431472063064575	0.6515468955039978	False	[0 0 0 0 0 0]	[0 0 0 0 0 0]	[0 0 0 0 0 0]	[0 0 0 0 0 0]
40	0.16500000655651093	1.274608850479126	0.26264488697052	6.380298873409629e-05	0.31675103306770325	0.6951490640640259	False	[0 0 0 0 1 0]	[1 0 0 0 0 0]	[0 1 0 0 0 0]	[0 0 0 1 0 0]
40	0.125	1.3932669162750244	0.43449920415878296	0.00013264354493003339	0.3426727056503296	0.6159623861312866	False	[0 0 0 0 0 0]	[0 0 0 0 0 0]	[0 0 0 0 0 0]	[0 0 0 0 0 0]
40	0.1574999988079071	1.2704951763153076	0.2626933753490448	6.640076753683388e-05	0.3117336630821228	0.6960018277168274	False	[0 0 0 0 1 0]	[1 0 0 0 0 0]	[0 1 0 0 0 0]	[0 0 0 1 0 0]
40	0.125	1.4183337688446045	0.44010117650032043	0.0001333998516201973	0.34985101222991943	0.6282481551170349	False	[0 0 0 0 0 0]	[0 0 0 0 0 0]	[0 0 0 0 0 0]	[0 0 0 0 0 0]
40	0.14000000059604645	1.252604365348816	0.25520557165145874	6.222740194061771e-05	0.30161377787590027	0.6957228183746338	False	[0 0 0 0 1 0]	[1 0 0 0 0 0]	[0 1 0 0 0 0]	[0 0 0 1 0 0]
40	0.11999999731779099	1.4461941719055176	0.4616926610469818	0.00015528469521086663	0.3468071222305298	0.6375391483306885	False	[0 0 0 0 0 0]	[0 0 0 0 0 0]	[0 0 0 0 0 0]	[0 0 0 0 0 0]
40	0.14499999582767487	1.2421646118164062	0.25902968645095825	5.972703002044e-05	0.2899814546108246	0.6930938363075256	False	[0 0 0 0 1 0]	[1 0 0 0 0 0]	[0 1 0 0 0 0]	[1 0 0 0 0 0]
40	0.12250000238418579	1.700078010559082	0.5371931791305542	0.0002507635799702257	0.49465858936309814	0.6679754257202148	False	[0 0 0 0 0 0]	[0 0 0 0 0 0]	[0 0 0 0 0 0]	[0 0 0 0 0 0]
40	0.16500000655651093	1.2511188983917236	0.2613492012023926	6.248353747650981e-05	0.29543444514274597	0.6942727565765381	False	[0 0 0 0 1 0]	[1 0 0 0 0 0]	[0 1 0 0 0 0]	[0 0 0 1 0 0]
40	0.11999999731779099	1.4078748226165771	0.4417722821235657	0.00013769636279903352	0.3485558032989502	0.6174089908599854	False	[0 0 0 0 0 0]	[0 0 0 0 0 0]	[0 0 0 0 0 0]	[0 0 0 0 0 0]
40	0.17000000178813934	1.278691053390503	0.26679307222366333	7.085382094373927e-05	0.31894451379776	0.6928827166557312	False	[0 0 0 0 1 0]	[1 0 0 0 0 0]	[0 1 0 0 0 0]	[1 0 0 0 0 0]
40	0.125	1.7001283168792725	0.5258861780166626	0.0002239710884168744	0.5091462731361389	0.6648719310760498	False	[0 0 0 0 0 0]	[0 0 0 0 0 0]	[0 0 0 0 0 0]	[0 0 0 0 0 0]
40	0.1599999964237213	1.2801271677017212	0.2647668421268463	6.842624861747026e-05	0.320064902305603	0.6952270269393921	False	[0 0 0 0 1 0]	[1 0 0 0 0 0]	[0 1 0 0 0 0]	[1 0 0 0 0 0]
40	0.125	1.7657921314239502	0.5522916316986084	0.00022695452207699418	0.5544584393501282	0.6588151454925537	False	[0 0 0 0 0 0]	[0 0 0 0 0 0]	[0 0 0 0 0 0]	[0 0 0 0 0 0]
40	0.15000000596046448	1.2582106590270996	0.2597867250442505	6.151344132376835e-05	0.30271559953689575	0.6956467628479004	False	[0 0 0 0 1 0]	[1 0 0 0 0 0]	[0 1 0 0 0 0]	[1 0 0 0 0 0]
40	0.125	1.708243489265442	0.5224862098693848	0.00020976767700631171	0.5254334807395935	0.660114049911499	False	[0 0 0 0 0 0]	[0 0 0 0 0 0]	[0 0 0 0 0 0]	[0 0 0 0 0 0]
41	0.1599999964237213	0.679029643535614	0.06485187262296677	3.0874041840434074e-05	0.08613599091768265	0.528010904788971	False	[0 0 0 0 1 0]	[1 0 0 0 0 0]	[0 1 0 0 0 0]	[0 0 0 1 0 0]
41	0.11999999731779099	0.8124629855155945	0.185386061668396	0.00024115350970532745	0.20306020975112915	0.4237755537033081	False	[0 0 0 0 0 0]	[0 0 0 0 0 0]	[0 0 0 0 0 0]	[0 0 0 0 0 0]
41	0.16500000655651093	0.7160900235176086	0.07017894089221954	3.243152241338976e-05	0.0889115110039711	0.5569671392440796	False	[0 0 0 0 1 0]	[1 0 0 0 0 0]	[0 1 0 0 0 0]	[0 0 0 1 0 0]
41	0.125	0.8326674699783325	0.170158252120018	0.00019669441098812968	0.20147964358329773	0.4608329236507416	False	[0 0 0 0 0 0]	[0 0 0 0 0 0]	[0 0 0 0 0 0]	[0 0 0 0 0 0]
41	0.1550000011920929	0.7915114164352417	0.07414130121469498	3.912658939952962e-05	0.104002445936203	0.6133285164833069	False	[0 0 0 0 1 0]	[1 0 0 0 0 0]	[0 1 0 0 0 0]	[0 0 0 1 0 0]
41	0.11999999731779099	0.8189059495925903	0.18286430835723877	0.0002585182955954224	0.20609092712402344	0.42969220876693726	False	[0 0 0 0 0 0]	[0 0 0 0 0 0]	[0 0 0 0 0 0]	[0 0 0 0 0 0]
41	0.16500000655651093	0.6907972097396851	0.06840051710605621	3.179333725711331e-05	0.08606436103582382	0.536300539970398	False	[0 0 0 0 1 0]	[1 0 0 0 0 0]	[0 1 0 0 0 0]	[0 0 0 1 0 0]
41	0.125	0.8093841075897217	0.17411725223064423	0.00020893348846584558	0.20083366334438324	0.4342242479324341	False	[0 0 0 0 0 0]	[0 0 0 0 0 0]	[0 0 0 0 0 0]	[0 0 0 0 0 0]
41	0.1525000035762787	0.7382476329803467	0.07071792334318161	3.54593648808077e-05	0.09542854130268097	0.5720657110214233	False	[0 0 0 0 1 0]	[1 0 0 0 0 0]	[0 1 0 0 0 0]	[0 0 0 1 0 0]
41	0.12250000238418579	0.8715242743492126	0.17244654893875122	0.0002004063717322424	0.21452225744724274	0.48435506224632263	False	[0 0 0 0 0 0]	[0 0 0 0 0 0]	[0 0 0 0 0 0]	[0 0 0 0 0 0]
41	0.1550000011920929	0.7274103164672852	0.06823475658893585	3.308513623778708e-05	0.09266573190689087	0.5664767622947693	False	[0 0 0 0 1 0]	[1 0 0 0 0 0]	[0 1 0 0 0 0]	[0 0 0 1 0 0]
41	0.12250000238418579	0.850448489189148	0.18933582305908203	0.0002586468472145498	0.21925847232341766	0.44159555435180664	False	[0 0 0 0 0 0]	[0 0 0 0 0 0]	[0 0 0 0 0 0]	[0 0 0 0 0 0]
41	0.15000000596046448	0.772207498550415	0.07208520919084549	3.621291762101464e-05	0.09957107901573181	0.6005150079727173	False	[0 0 0 0 1 0]	[1 0 0 0 0 0]	[0 1 0 0 0 0]	[0 0 0 1 0 0]
41	0.12250000238418579	0.7538918852806091	0.1566346138715744	0.000189229438547045	0.19003745913505554	0.4070305824279785	False	[0 0 0 0 0 0]	[0 0 0 0 0 0]	[0 0 0 0 0 0]	[0 0 0 0 0 0]
41	0.14499999582767487	0.6931926012039185	0.06676966696977615	3.089229721808806e-05	0.08709152042865753	0.5393005013465881	False	[0 0 0 0 1 0]	[1 0 0 0 0 0]	[0 1 0 0 0 0]	[0 0 0 1 0 0]
41	0.12250000238418579	0.8996585607528687	0.1936347633600235	0.0002794490137603134	0.22757874429225922	0.47816556692123413	False	[0 0 0 0 0 0]	[0 0 0 0 0 0]	[0 0 0 0 0 0]	[0 0 0 0 0 0]
41	0.1574999988079071	0.7326520085334778	0.07082683593034744	3.3730233553797007e-05	0.093177430331707	0.5686140060424805	False	[0 0 0 0 1 0]	[1 0 0 0 0 0]	[0 1 0 0 0 0]	[0 0 0 1 0 0]
41	0.11999999731779099	0.7882309556007385	0.19111287593841553	0.00026348052779212594	0.20082981884479523	0.39602476358413696	False	[0 0 0 0 0 0]	[0 0 0 0 0 0]	[0 0 0 0 0 0]	[0 0 0 0 0 0]
41	0.16249999403953552	0.7631734609603882	0.07206866145133972	3.613519947975874e-05	0.09803485870361328	0.5930337905883789	False	[0 0 0 0 1 0]	[1 0 0 0 0 0]	[0 1 0 0 0 0]	[0 0 0 1 0 0]
41	0.125	0.8321838974952698	0.18506461381912231	0.00024690772988833487	0.21237125992774963	0.43450111150741577	False	[0 0 0 0 0 0]	[0 0 0 0 0 0]	[0 0 0 0 0 0]	[0 0 0 0 0 0]
41	0.14249999821186066	0.6778444051742554	0.06695428490638733	3.0331560992635787e-05	0.08454872667789459	0.5263110995292664	False	[0 0 0 0 1 0]	[1 0 0 0 0 0]	[0 1 0 0 0 0]	[0 0 0 1 0 0]
41	0.125	0.867706835269928	0.18083202838897705	0.00023315844009630382	0.21988771855831146	0.46675392985343933	False	[0 0 0 0 0 0]	[0 0 0 0 0 0]	[0 0 0 0 0 0]	[0 0 0 0 0 0]
41	0.16500000655651093	0.6789445281028748	0.06603354960680008	2.9377306418609805e-05	0.08285833895206451	0.5300232768058777	False	[0 0 0 0 1 0]	[1 0 0 0 0 0]	[0 1 0 0 0 0]	[0 0 0 1 0 0]
41	0.12250000238418579	0.8792445063591003	0.18947367370128632	0.00026632018852978945	0.21981234848499298	0.4696921706199646	False	[0 0 0 0 0 0]	[0 0 0 0 0 0]	[0 0 0 0 0 0]	[0 0 0 0 0 0]
41	0.1525000035762787	0.704351544380188	0.06830489635467529	3.1282248528441414e-05	0.08767173439264297	0.5483436584472656	False	[0 0 0 0 1 0]	[1 0 0 0 0 0]	[0 1 0 0 0 0]	[0 0 0 1 0 0]
41	0.13500000536441803	0.7944923639297485	0.18435721099376678	0.00026651506777852774	0.19981271028518677	0.41005590558052063	False	[0 0 0 0 0 0]	[0 0 0 0 0 0]	[0 0 0 0 0 0]	[0 0 0 0 0 0]
41	0.17000000178813934	0.7687023878097534	0.073469378054142	3.8526275602634996e-05	0.10150960087776184	0.5936849117279053	False	[0 0 0 0 1 0]	[1 0 0 0 0 0]	[0 1 0 0 0 0]	[0 0 0 1 0 0]
41	0.11999999731779099	0.8056382536888123	0.16834206879138947	0.00019247899763286114	0.19806437194347382	0.43903934955596924	False	[0 0 0 0 0 0]	[0 0 0 0 0 0]	[0 0 0 0 0 0]	[0 0 0 0 0 0]
41	0.16500000655651093	0.7238601446151733	0.06764979660511017	3.4522643545642495e-05	0.09308100491762161	0.5630948543548584	False	[0 0 0 0 1 0]	[1 0 0 0 0 0]	[0 1 0 0 0 0]	[0 0 0 1 0 0]
41	0.12250000238418579	0.8226185441017151	0.1786782443523407	0.00022977152548264712	0.20730313658714294	0.4364073872566223	False	[0 0 0 0 0 0]	[0 0 0 0 0 0]	[0 0 0 0 0 0]	[0 0 0 0 0 0]
42	0.16750000417232513	0.741955041885376	0.0370805561542511	1.666594653215725e-05	0.1247425377368927	0.5801153182983398	False	[0 0 0 0 1 0]	[1 0 0 0 0 0]	[0 1 0 0 0 0]	[0 0 0 1 0 0]
42	0.11999999731779099	0.988092303276062	0.08295349031686783	7.617499795742333e-05	0.45052963495254517	0.4545329809188843	False	[0 0 0 0 0 0]	[0 0 0 0 0 0]	[0 0 0 0 0 0]	[0 0 0 0 0 0]
42	0.14000000059604645	0.7290896773338318	0.03576747328042984	1.708845047687646e-05	0.12089268118143082	0.5724124312400818	False	[0 0 0 0 1 0]	[1 0 0 0 0 0]	[0 1 0 0 0 0]	[0 0 0 1 0 0]
42	0.12250000238418579	0.980465292930603	0.08700630813837051	7.640152762178332e-05	0.45220375061035156	0.4411788582801819	False	[0 0 0 0 0 0]	[0 0 0 0 0 0]	[0 0 0 0 0 0]	[0 0 0 0 0 0]
42	0.14499999582767487	0.7787448763847351	0.03927118331193924	1.8504317267797887e-05	0.13432537019252777	0.6051298379898071	False	[0 0 0 0 1 0]	[1 0 0 0 0 0]	[0 1 0 0 0 0]	[0 0 0 1 0 0]
42	0.12999999523162842	0.9117225408554077	0.07823416590690613	6.799948459956795e-05	0.4177173972129822	0.4157029986381531	False	[0 0 0 0 0 0]	[0 0 0 0 0 0]	[0 0 0 0 0 0]	[0 0 0 0 0 0]
42	0.1550000011920929	0.7584478855133057	0.03838600218296051	1.7680720702628605e-05	0.12812726199626923	0.5919169187545776	False	[0 0 0 0 1 0]	[1 0 0 0 0 0]	[0 1 0 0 0 0]	[0 0 0 1 0 0]
42	0.125	0.8487831950187683	0.0688062384724617	5.851763489772566e-05	0.3769594728946686	0.4029589593410492	False	[0 0 0 0 0 0]	[0 0 0 0 0 0]	[0 0 0 0 0 0]	[0 0 0 0 0 0]
42	0.1550000011920929	0.7224397659301758	0.03527330607175827	1.595806133991573e-05	0.11754480004310608	0.5696057081222534	False	[0 0 0 0 1 0]	[1 0 0 0 0 0]	[0 1 0 0 0 0]	[0 0 0 1 0 0]
42	0.12250000238418579	0.8996256589889526	0.07503615319728851	6.818804831709713e-05	0.4137168824672699	0.4108044505119324	False	[0 0 0 0 0 0]	[0 0 0 0 0 0]	[0 0 0 0 0 0]	[0 0 0 0 0 0]
42	0.15000000596046448	0.7304006814956665	0.035871297121047974	1.665700983721763e-05	0.12259045988321304	0.5719223022460938	False	[0 0 0 0 1 0]	[1 0 0 0 0 0]	[0 1 0 0 0 0]	[0 0 0 1 0 0]
42	0.12250000238418579	0.9014568328857422	0.07548236846923828	6.89839362166822e-05	0.4152151048183441	0.4106903374195099	False	[0 0 0 0 0 0]	[0 0 0 0 0 0]	[0 0 0 0 0 0]	[0 0 0 0 0 0]
42	0.1599999964237213	0.717462420463562	0.035346802324056625	1.6126365153468214e-05	0.11638551950454712	0.5657140016555786	False	[0 0 0 0 1 0]	[1 0 0 0 0 0]	[0 1 0 0 0 0]	[0 0 0 1 0 0]
42	0.11999999731779099	0.8171780705451965	0.06943626701831818	6.063444016035646e-05	0.3805164396762848	0.3671647310256958	False	[0 0 0 0 0 0]	[0 0 0 0 0 0]	[0 0 0 0 0 0]	[0 0 0 0 0 0]
42	0.16249999403953552	0.7493919730186462	0.037856925278902054	1.7359230696456507e-05	0.1257878541946411	0.5857298374176025	False	[0 0 0 0 1 0]	[1 0 0 0 0 0]	[0 1 0 0 0 0]	[0 0 0 1 0 0]
42	0.12250000238418579	0.9127752780914307	0.07338627427816391	6.780251715099439e-05	0.4126615524291992	0.42665961384773254	False	[0 0 0 0 0 0]	[0 0 0 0 0 0]	[0 0 0 0 0 0]	[0 0 0 0 0 0]
42	0.1525000035762787	0.7364259958267212	0.036163635551929474	1.725844049360603e-05	0.12476283311843872	0.5754822492599487	False	[0 0 0 0 1 0]	[1 0 0 0 0 0]	[0 1 0 0 0 0]	[0 0 0 1 0 0]
42	0.12250000238418579	0.8504724502563477	0.06763885915279388	5.7821111113298684e-05	0.38403424620628357	0.3987414836883545	False	[0 0 0 0 0 0]	[0 0 0 0 0 0]	[0 0 0 0 0 0]	[0 0 0 0 0 0]
42	0.13249999284744263	0.7824034690856934	0.0393391028046608	1.909059028548654e-05	0.1366550475358963	0.6063902378082275	False	[0 0 0 0 1 0]	[1 0 0 0 0 0]	[0 1 0 0 0 0]	[0 0 0 1 0 0]
42	0.125	0.875981330871582	0.06956419348716736	6.322158151306212e-05	0.3944529592990875	0.41190093755722046	False	[0 0 0 0 0 0]	[0 0 0 0 0 0]	[0 0 0 0 0 0]	[0 0 0 0 0 0]
42	0.16750000417232513	0.7663021087646484	0.03769717365503311	1.876023452496156e-05	0.1319873183965683	0.5965988636016846	False	[0 0 0 0 1 0]	[1 0 0 0 0 0]	[0 1 0 0 0 0]	[0 0 0 1 0 0]
42	0.11999999731779099	1.1009832620620728	0.10179658979177475	9.62526974035427e-05	0.5170477032661438	0.48204272985458374	False	[0 0 0 0 0 0]	[0 0 0 0 0 0]	[0 0 0 0 0 0]	[0 0 0 0 0 0]
42	0.1550000011920929	0.7361907958984375	0.036758482456207275	1.709526259219274e-05	0.1245366781949997	0.5748785138130188	False	[0 0 0 0 1 0]	[1 0 0 0 0 0]	[0 1 0 0 0 0]	[0 0 0 1 0 0]
42	0.12250000238418579	0.8588165044784546	0.06994709372520447	6.867698539281264e-05	0.3964162766933441	0.39238449931144714	False	[0 0 0 0 0 0]	[0 0 0 0 0 0]	[0 0 0 0 0 0]	[0 0 0 0 0 0]
42	0.17000000178813934	0.7532291412353516	0.038332752883434296	1.7453579857829027e-05	0.1266648769378662	0.5882140398025513	False	[0 0 0 0 1 0]	[1 0 0 0 0 0]	[0 1 0 0 0 0]	[0 0 0 1 0 0]
42	0.11999999731779099	0.9621326923370361	0.08380291610956192	7.859503966756165e-05	0.4516669809818268	0.4265841841697693	False	[0 0 0 0 0 0]	[0 0 0 0 0 0]	[0 0 0 0 0 0]	[0 0 0 0 0 0]
42	0.1599999964237213	0.6955722570419312	0.033721696585416794	1.529583641968202e-05	0.11310314387083054	0.5487321019172668	False	[0 0 0 0 1 0]	[1 0 0 0 0 0]	[0 1 0 0 0 0]	[0 0 0 1 0 0]
42	0.12250000238418579	0.9820821285247803	0.08341281861066818	7.479190389858559e-05	0.4494739770889282	0.44912049174308777	False	[0 0 0 0 0 0]	[0 0 0 0 0 0]	[0 0 0 0 0 0]	[0 0 0 0 0 0]
42	0.17000000178813934	0.7495605945587158	0.03730316460132599	1.741067535476759e-05	0.12519727647304535	0.5870427489280701	False	[0 0 0 0 1 0]	[1 0 0 0 0 0]	[0 1 0 0 0 0]	[0 0 0 1 0 0]
42	0.12999999523162842	0.9401673078536987	0.07872679829597473	6.652261799899861e-05	0.426730215549469	0.4346437454223633	False	[0 0 0 0 0 0]	[0 0 0 0 0 0]	[0 0 0 0 0 0]	[0 0 0 0 0 0]
43	0.14499999582767487	0.8156893849372864	0.014069097116589546	2.8029289751430042e-05	0.12892678380012512	0.6726654767990112	False	[0 0 0 0 1 0]	[1 0 0 0 0 0]	[0 1 0 0 0 0]	[0 0 0 1 0 0]
43	0.125	0.6471842527389526	0.03176669776439667	0.0001290488726226613	0.20402950048446655	0.4112590253353119	False	[0 0 0 0 0 0]	[0 0 0 0 0 0]	[0 0 0 0 0 0]	[0 0 0 0 0 0]
43	0.15000000596046448	0.8352862596511841	0.014579030685126781	2.9497434297809377e-05	0.13866019248962402	0.6820175647735596	False	[0 0 0 0 1 0]	[1 0 0 0 0 0]	[0 1 0 0 0 0]	[0 0 0 1 0 0]
43	0.11749999970197678	0.5520424842834473	0.030194226652383804	0.00013150126324035227	0.19501595199108124	0.3267008364200592	False	[0 0 0 0 0 0]	[0 0 0 0 0 0]	[0 0 0 0 0 0]	[0 0 0 0 0 0]
43	0.14499999582767487	0.8160154819488525	0.014387441799044609	2.8483980713644996e-05	0.13147981464862823	0.6701197624206543	False	[0 0 0 0 1 0]	[1 0 0 0 0 0]	[0 1 0 0 0 0]	[0 0 0 1 0 0]
43	0.125	0.6411346197128296	0.03606829047203064	0.00013543297245632857	0.2178388386964798	0.38709208369255066	False	[0 0 0 0 0 0]	[0 0 0 0 0 0]	[0 0 0 0 0 0]	[0 0 0 0 0 0]
43	0.14749999344348907	0.8347557783126831	0.014476164244115353	2.9207361876615323e-05	0.1351795643568039	0.6850708723068237	False	[0 0 0 0 1 0]	[1 0 0 0 0 0]	[0 1 0 0 0 0]	[0 0 0 1 0 0]
43	0.11999999731779099	0.5661231279373169	0.03315134346485138	0.00012893255916424096	0.20275750756263733	0.3300853669643402	False	[0 0 0 0 0 0]	[0 0 0 0 0 0]	[0 0 0 0 0 0]	[0 0 0 0 0 0]
43	0.14499999582767487	0.8393543362617493	0.014658385887742043	3.0395887733902782e-05	0.14096620678901672	0.683699369430542	False	[0 0 0 0 1 0]	[1 0 0 0 0 0]	[0 1 0 0 0 0]	[0 0 0 1 0 0]
43	0.125	0.5639000535011292	0.033102117478847504	0.00013098455383442342	0.20178334414958954	0.3288835883140564	False	[0 0 0 0 0 0]	[0 0 0 0 0 0]	[0 0 0 0 0 0]	[0 0 0 0 0 0]
43	0.16500000655651093	0.8574700355529785	0.015299510210752487	3.3340667869197205e-05	0.1500532329082489	0.6920839548110962	False	[0 0 0 0 1 0]	[1 0 0 0 0 0]	[0 1 0 0 0 0]	[0 0 0 1 0 0]
43	0.11999999731779099	0.5355842709541321	0.02956891432404518	0.0001318007562076673	0.19886928796768188	0.30701425671577454	False	[0 0 0 0 0 0]	[0 0 0 0 0 0]	[0 0 0 0 0 0]	[0 0 0 0 0 0]
43	0.16500000655651093	0.8392199277877808	0.01495403703302145	3.137197199976072e-05	0.14167305827140808	0.682561457157135	False	[0 0 0 0 1 0]	[1 0 0 0 0 0]	[0 1 0 0 0 0]	[0 0 0 1 0 0]
43	0.12250000238418579	0.5392704606056213	0.031021887436509132	0.00012422936561051756	0.19394896924495697	0.3141753673553467	False	[0 0 0 0 0 0]	[0 0 0 0 0 0]	[0 0 0 0 0 0]	[0 0 0 0 0 0]
43	0.1550000011920929	0.8156832456588745	0.014104667119681835	2.766340912785381e-05	0.13297325372695923	0.6685776710510254	False	[0 0 0 0 1 0]	[1 0 0 0 0 0]	[0 1 0 0 0 0]	[0 0 0 1 0 0]
43	0.125	0.6347762942314148	0.03455395996570587	0.00013743122690357268	0.20276270806789398	0.3973222076892853	False	[0 0 0 0 0 0]	[0 0 0 0 0 0]	[0 0 0 0 0 0]	[0 0 0 0 0 0]
43	0.16500000655651093	0.8315856456756592	0.014492694288492203	2.965153726108838e-05	0.1368149220943451	0.6802483797073364	False	[0 0 0 0 1 0]	[1 0 0 0 0 0]	[0 1 0 0 0 0]	[0 0 0 1 0 0]
43	0.11999999731779099	0.6084110736846924	0.03266434744000435	0.000131762441014871	0.20955997705459595	0.3660549819469452	False	[0 0 0 0 0 0]	[0 0 0 0 0 0]	[0 0 0 0 0 0]	[0 0 0 0 0 0]
43	0.16500000655651093	0.8307119011878967	0.014443882741034031	2.9989991162437946e-05	0.1351916790008545	0.6810463666915894	False	[0 0 0 0 1 0]	[1 0 0 0 0 0]	[0 1 0 0 0 0]	[0 0 0 1 0 0]
43	0.125	0.5645079016685486	0.03145137429237366	0.00012644675734918565	0.2041374146938324	0.32879266142845154	False	[0 0 0 0 0 0]	[0 0 0 0 0 0]	[0 0 0 0 0 0]	[0 0 0 0 0 0]
43	0.1574999988079071	0.8124954700469971	0.014272984117269516	2.8020376703352667e-05	0.1287839710712433	0.6694104671478271	False	[0 0 0 0 1 0]	[1 0 0 0 0 0]	[0 1 0 0 0 0]	[0 0 0 1 0 0]
43	0.12999999523162842	0.5499780178070068	0.03346172347664833	0.0001247898326255381	0.19230324029922485	0.32408827543258667	False	[0 0 0 0 0 0]	[0 0 0 0 0 0]	[0 0 0 0 0 0]	[0 0 0 0 0 0]
43	0.1599999964237213	0.8273963332176208	0.014409269206225872	2.865693750209175e-05	0.1367720663547516	0.6761863231658936	False	[0 0 0 0 1 0]	[1 0 0 0 0 0]	[0 1 0 0 0 0]	[0 0 0 1 0 0]
43	0.12250000238418579	0.5979436635971069	0.0326390340924263	0.00013137736823409796	0.20412063598632812	0.36105263233184814	False	[0 0 0 0 0 0]	[0 0 0 0 0 0]	[0 0 0 0 0 0]	[0 0 0 0 0 0]
43	0.15000000596046448	0.8196753263473511	0.014376369304955006	2.8409402148099616e-05	0.13132236897945404	0.6739481687545776	False	[0 0 0 0 1 0]	[1 0 0 0 0 0]	[0 1 0 0 0 0]	[0 0 0 1 0 0]
43	0.11749999970197678	0.5290665626525879	0.02946440316736698	0.00011608954810071737	0.1804383397102356	0.319047749042511	False	[0 0 0 0 0 0]	[0 0 0 0 0 0]	[0 0 0 0 0 0]	[0 0 0 0 0 0]
43	0.17499999701976776	0.8139669895172119	0.01387202087789774	2.776077417365741e-05	0.1285700649023056	0.671497106552124	False	[0 0 0 0 1 0]	[1 0 0 0 0 0]	[0 1 0 0 0 0]	[0 0 0 1 0 0]
43	0.12250000238418579	0.49993398785591125	0.027861949056386948	0.00012649381824303418	0.1861906498670578	0.28575488924980164	False	[0 0 0 0 0 0]	[0 0 0 0 0 0]	[0 0 0 0 0 0]	[0 0 0 0 0 0]
43	0.16500000655651093	0.8475520610809326	0.014891678467392921	3.173436562065035e-05	0.14407236874103546	0.6885563135147095	False	[0 0 0 0 1 0]	[1 0 0 0 0 0]	[0 1 0 0 0 0]	[0 0 0 1 0 0]
43	0.125	0.5040274858474731	0.027734102681279182	0.0001206781089422293	0.18401284515857697	0.29215988516807556	False	[0 0 0 0 0 0]	[0 0 0 0 0 0]	[0 0 0 0 0 0]	[0 0 0 0 0 0]
44	0.1599999964237213	1.0901014804840088	0.02252868004143238	6.22331426711753e-05	0.5067224502563477	0.5607881546020508	False	[0 0 0 0 1 0]	[1 0 0 0 0 0]	[0 1 0 0 0 0]	[0 0 0 1 0 0]
44	0.125	1.2231379747390747	0.04519371688365936	0.00030162298935465515	0.7482319474220276	0.4294106960296631	False	[0 0 0 0 0 0]	[0 0 0 0 0 0]	[0 0 0 0 0 0]	[0 0 0 0 0 0]
44	0.1550000011920929	1.0879147052764893	0.022225607186555862	6.353924982249737e-05	0.5060732364654541	0.5595523715019226	False	[0 0 0 0 1 0]	[1 0 0 0 0 0]	[0 1 0 0 0 0]	[0 0 0 1 0 0]
44	0.12250000238418579	1.2573989629745483	0.04441611096262932	0.00027250320999883115	0.7452491521835327	0.4674611985683441	False	[0 0 0 0 0 0]	[0 0 0 0 0 0]	[0 0 0 0 0 0]	[0 0 0 0 0 0]
44	0.1599999964237213	1.097538948059082	0.022814007475972176	6.639541970798746e-05	0.5151048302650452	0.5595536828041077	False	[0 0 0 0 1 0]	[1 0 0 0 0 0]	[0 1 0 0 0 0]	[0 0 0 1 0 0]
44	0.11999999731779099	1.2525684833526611	0.04583701863884926	0.0002759953204076737	0.7486670017242432	0.45778849720954895	False	[0 0 0 0 0 0]	[0 0 0 0 0 0]	[0 0 0 0 0 0]	[0 0 0 0 0 0]
44	0.14499999582767487	1.098865032196045	0.023067859932780266	6.668792048003525e-05	0.5018711686134338	0.5738593935966492	False	[0 0 0 0 1 0]	[1 0 0 0 0 0]	[0 1 0 0 0 0]	[0 0 0 1 0 0]
44	0.12250000238418579	1.2875943183898926	0.049547649919986725	0.0002979551500175148	0.7580119371414185	0.4797367751598358	False	[0 0 0 0 0 0]	[0 0 0 0 0 0]	[0 0 0 0 0 0]	[0 0 0 0 0 0]
44	0.1850000023841858	1.0794799327850342	0.022284863516688347	6.240865332074463e-05	0.5089996457099915	0.5481330156326294	False	[0 0 0 0 1 0]	[1 0 0 0 0 0]	[0 1 0 0 0 0]	[0 0 0 1 0 0]
44	0.11999999731779099	1.274825096130371	0.04563487693667412	0.00022185439593158662	0.7535247206687927	0.47544366121292114	False	[0 0 0 0 0 0]	[0 0 0 0 0 0]	[0 0 0 0 0 0]	[0 0 0 0 0 0]
44	0.16500000655651093	1.0867244005203247	0.022270167246460915	6.219357601366937e-05	0.5104670524597168	0.5539249777793884	False	[0 0 0 0 1 0]	[1 0 0 0 0 0]	[0 1 0 0 0 0]	[0 0 0 1 0 0]
44	0.125	1.2863726615905762	0.05306018143892288	0.00032418090268038213	0.7633081078529358	0.46968021988868713	False	[0 0 0 0 0 0]	[0 0 0 0 0 0]	[0 0 0 0 0 0]	[0 0 0 0 0 0]
44	0.16249999403953552	1.097676157951355	0.022493714466691017	6.729018787154928e-05	0.5018401741981506	0.5732749700546265	False	[0 0 0 0 1 0]	[1 0 0 0 0 0]	[0 1 0 0 0 0]	[0 0 0 1 0 0]
44	0.125	1.2138171195983887	0.043304428458213806	0.0002514545922167599	0.746037483215332	0.4242238402366638	False	[0 0 0 0 0 0]	[0 0 0 0 0 0]	[0 0 0 0 0 0]	[0 0 0 0 0 0]
44	0.16500000655651093	1.060226321220398	0.021303445100784302	5.891307955607772e-05	0.5087319612503052	0.530131995677948	False	[0 0 0 0 1 0]	[1 0 0 0 0 0]	[0 1 0 0 0 0]	[0 0 0 1 0 0]
44	0.125	1.2459492683410645	0.045865435153245926	0.00022660997638013214	0.7521520853042603	0.44770509004592896	False	[0 0 0 0 0 0]	[0 0 0 0 0 0]	[0 0 0 0 0 0]	[0 0 0 0 0 0]
44	0.17000000178813934	1.0964515209197998	0.02232249639928341	7.062363874865696e-05	0.501171886920929	0.5728865265846252	False	[0 0 0 0 1 0]	[1 0 0 0 0 0]	[0 1 0 0 0 0]	[0 0 0 1 0 0]
44	0.125	1.2823717594146729	0.046438101679086685	0.0003186413086950779	0.7483809590339661	0.48723405599594116	False	[0 0 0 0 0 0]	[0 0 0 0 0 0]	[0 0 0 0 0 0]	[0 0 0 0 0 0]
44	0.1525000035762787	1.0829927921295166	0.021958669647574425	6.817032408434898e-05	0.49822646379470825	0.5627395510673523	False	[0 0 0 0 1 0]	[1 0 0 0 0 0]	[0 1 0 0 0 0]	[0 0 0 1 0 0]
44	0.125	1.2074377536773682	0.04301026090979576	0.00021791552717331797	0.7490575313568115	0.41515210270881653	False	[0 0 0 0 0 0]	[0 0 0 0 0 0]	[0 0 0 0 0 0]	[0 0 0 0 0 0]
44	0.1550000011920929	1.0903480052947998	0.02286580018699169	6.159665645100176e-05	0.5110872983932495	0.5563333630561829	False	[0 0 0 0 1 0]	[1 0 0 0 0 0]	[0 1 0 0 0 0]	[0 0 0 1 0 0]
44	0.125	1.2560255527496338	0.04808153957128525	0.00024071578809525818	0.7575818300247192	0.4501214027404785	False	[0 0 0 0 0 0]	[0 0 0 0 0 0]	[0 0 0 0 0 0]	[0 0 0 0 0 0]
44	0.16500000655651093	1.102627158164978	0.02282862924039364	7.1049238613341e-05	0.5057342648506165	0.5739932060241699	False	[0 0 0 0 1 0]	[1 0 0 0 0 0]	[0 1 0 0 0 0]	[0 0 0 1 0 0]
44	0.13500000536441803	1.2640061378479004	0.04414103552699089	0.00026705421623773873	0.7435764074325562	0.47602158784866333	False	[0 0 0 0 0 0]	[0 0 0 0 0 0]	[0 0 0 0 0 0]	[0 0 0 0 0 0]
44	0.17000000178813934	1.0854291915893555	0.02218586392700672	6.967848457861692e-05	0.5046166777610779	0.5585569143295288	False	[0 0 0 0 1 0]	[1 0 0 0 0 0]	[0 1 0 0 0 0]	[0 0 0 1 0 0]
44	0.125	1.2637990713119507	0.04922641068696976	0.0003221827500965446	0.7570748329162598	0.4571756422519684	False	[0 0 0 0 0 0]	[0 0 0 0 0 0]	[0 0 0 0 0 0]	[0 0 0 0 0 0]
44	0.1550000011920929	1.0792064666748047	0.02200019545853138	6.277148349909112e-05	0.5075685381889343	0.5495749711990356	False	[0 0 0 0 1 0]	[1 0 0 0 0 0]	[0 1 0 0 0 0]	[0 0 0 1 0 0]
44	0.12250000238418579	1.2545827627182007	0.044408660382032394	0.00023514953500125557	0.7496486902236938	0.46029022336006165	False	[0 0 0 0 0 0]	[0 0 0 0 0 0]	[0 0 0 0 0 0]	[0 0 0 0 0 0]
44	0.14499999582767487	1.0999699831008911	0.022842952981591225	6.675886834273115e-05	0.5081606507301331	0.5688996315002441	False	[0 0 0 0 1 0]	[1 0 0 0 0 0]	[0 1 0 0 0 0]	[0 0 0 1 0 0]
44	0.12250000238418579	1.264622688293457	0.04605284705758095	0.00025561131769791245	0.7517293095588684	0.46658486127853394	False	[0 0 0 0 0 0]	[0 0 0 0 0 0]	[0 0 0 0 0 0]	[0 0 0 0 0 0]
45	0.16500000655651093	0.9599470496177673	0.019634278491139412	8.51490258355625e-05	0.5042984485626221	0.43592917919158936	False	[0 0 0 0 1 0]	[1 0 0 0 0 0]	[0 1 0 0 0 0]	[0 0 0 1 0 0]
45	0.11749999970197678	1.2180776596069336	0.02497328445315361	0.0002710054977796972	0.8020594716072083	0.3907739222049713	False	[0 0 0 0 0 0]	[0 0 0 0 0 0]	[0 0 0 0 0 0]	[0 0 0 0 0 0]
45	0.16500000655651093	0.9379503726959229	0.019463011994957924	7.309045031433925e-05	0.4803064167499542	0.43810784816741943	False	[0 0 0 0 1 0]	[1 0 0 0 0 0]	[0 1 0 0 0 0]	[0 0 0 1 0 0]
45	0.125	1.0995618104934692	0.02250528708100319	0.0003640936629381031	0.7379586100578308	0.3387337923049927	False	[0 0 0 0 0 0]	[0 0 0 0 0 0]	[0 0 0 0 0 0]	[0 0 0 0 0 0]
45	0.1550000011920929	0.9921760559082031	0.020843487232923508	8.603589230915532e-05	0.5051090121269226	0.46613752841949463	False	[0 0 0 0 1 0]	[1 0 0 0 0 0]	[0 1 0 0 0 0]	[0 0 0 1 0 0]
45	0.12999999523162842	1.1949591636657715	0.024726329371333122	0.00026976055232807994	0.7855785489082336	0.3843844532966614	False	[0 0 0 0 0 0]	[0 0 0 0 0 0]	[0 0 0 0 0 0]	[0 0 0 0 0 0]
45	0.16500000655651093	1.003448486328125	0.021207094192504883	9.233029413735494e-05	0.5079749226570129	0.4741740822792053	False	[0 0 0 0 1 0]	[1 0 0 0 0 0]	[0 1 0 0 0 0]	[0 0 0 1 0 0]
45	0.11999999731779099	1.1350690126419067	0.02354568801820278	0.00034010468516498804	0.7597393989562988	0.3514438271522522	False	[0 0 0 0 0 0]	[0 0 0 0 0 0]	[0 0 0 0 0 0]	[0 0 0 0 0 0]
45	0.1574999988079071	0.9733287692070007	0.020157745108008385	8.573846571380273e-05	0.5007951259613037	0.4522901773452759	False	[0 0 0 0 1 0]	[1 0 0 0 0 0]	[0 1 0 0 0 0]	[0 0 0 1 0 0]
45	0.1274999976158142	1.2439340353012085	0.026981784030795097	0.0004380687896627933	0.8125261664390564	0.40398797392845154	False	[0 0 0 0 0 0]	[0 0 0 0 0 0]	[0 0 0 0 0 0]	[0 0 0 0 0 0]
45	0.1550000011920929	0.9810347557067871	0.020491670817136765	8.239213639171794e-05	0.49807295203208923	0.46238774061203003	False	[0 0 0 0 1 0]	[1 0 0 0 0 0]	[0 1 0 0 0 0]	[0 0 0 1 0 0]
45	0.125	1.199840784072876	0.026142068207263947	0.00031215694616548717	0.8106454014778137	0.36274123191833496	False	[0 0 0 0 0 0]	[0 0 0 0 0 0]	[0 0 0 0 0 0]	[0 0 0 0 0 0]
45	0.16500000655651093	0.9944494962692261	0.021010519936680794	8.505637379130349e-05	0.502310574054718	0.4710433781147003	False	[0 0 0 0 1 0]	[1 0 0 0 0 0]	[0 1 0 0 0 0]	[0 0 0 1 0 0]
45	0.13249999284744263	1.1534676551818848	0.024434562772512436	0.0003961393085774034	0.7765883207321167	0.3520486354827881	False	[0 0 0 0 0 0]	[0 0 0 0 0 0]	[0 0 0 0 0 0]	[0 0 0 0 0 0]
45	0.1525000035762787	0.9633269309997559	0.020143434405326843	8.818236528895795e-05	0.4901343286037445	0.4529609680175781	False	[0 0 0 0 1 0]	[1 0 0 0 0 0]	[0 1 0 0 0 0]	[0 0 0 1 0 0]
45	0.125	1.2249586582183838	0.027591193094849586	0.0003177265461999923	0.8267658948898315	0.3702838122844696	False	[0 0 0 0 0 0]	[0 0 0 0 0 0]	[0 0 0 0 0 0]	[0 0 0 0 0 0]
45	0.17000000178813934	0.9993090033531189	0.021192200481891632	8.63922614371404e-05	0.5091379880905151	0.4688923954963684	False	[0 0 0 0 1 0]	[1 0 0 0 0 0]	[0 1 0 0 0 0]	[0 0 0 1 0 0]
45	0.1274999976158142	1.116377830505371	0.02281814254820347	0.0002839137159753591	0.7527669072151184	0.3405088484287262	False	[0 0 0 0 0 0]	[0 0 0 0 0 0]	[0 0 0 0 0 0]	[0 0 0 0 0 0]
45	0.17499999701976776	0.9917728900909424	0.02087181806564331	8.877669461071491e-05	0.513806164264679	0.45700615644454956	False	[0 0 0 0 1 0]	[1 0 0 0 0 0]	[0 1 0 0 0 0]	[0 0 0 1 0 0]
45	0.125	1.2001621723175049	0.025580890476703644	0.0003666855627670884	0.7949186563491821	0.37929588556289673	False	[0 0 0 0 0 0]	[0 0 0 0 0 0]	[0 0 0 0 0 0]	[0 0 0 0 0 0]
45	0.1574999988079071	0.9944666624069214	0.021169118583202362	8.451454050373286e-05	0.5126533508300781	0.4605596661567688	False	[0 0 0 0 1 0]	[1 0 0 0 0 0]	[0 1 0 0 0 0]	[0 0 0 1 0 0]
45	0.12250000238418579	1.193433403968811	0.024902930483222008	0.0003119541797786951	0.7955014109611511	0.37271708250045776	False	[0 0 0 0 0 0]	[0 0 0 0 0 0]	[0 0 0 0 0 0]	[0 0 0 0 0 0]
45	0.1550000011920929	0.9820599555969238	0.02052365057170391	8.161741425283253e-05	0.5051689147949219	0.4562857449054718	False	[0 0 0 0 1 0]	[1 0 0 0 0 0]	[0 1 0 0 0 0]	[0 0 0 1 0 0]
45	0.11749999970197678	1.141524076461792	0.023809175938367844	0.0003185719542670995	0.7677024006843567	0.3496938943862915	False	[0 0 0 0 0 0]	[0 0 0 0 0 0]	[0 0 0 0 0 0]	[0 0 0 0 0 0]
45	0.14499999582767487	0.9900123476982117	0.020636949688196182	8.661164611112326e-05	0.5113880038261414	0.4579007625579834	False	[0 0 0 0 1 0]	[1 0 0 0 0 0]	[0 1 0 0 0 0]	[0 0 0 1 0 0]
45	0.12250000238418579	1.1678105592727661	0.024268660694360733	0.00028775466489605606	0.7831741571426392	0.3600800335407257	False	[0 0 0 0 0 0]	[0 0 0 0 0 0]	[0 0 0 0 0 0]	[0 0 0 0 0 0]
45	0.16249999403953552	0.9815406799316406	0.02056879922747612	8.483303099637851e-05	0.4974100589752197	0.4634770452976227	False	[0 0 0 0 1 0]	[1 0 0 0 0 0]	[0 1 0 0 0 0]	[0 0 0 1 0 0]
45	0.125	1.1373324394226074	0.022857798263430595	0.00032732076942920685	0.7564568519592285	0.3576904535293579	False	[0 0 0 0 0 0]	[0 0 0 0 0 0]	[0 0 0 0 0 0]	[0 0 0 0 0 0]
45	0.18000000715255737	1.0257152318954468	0.021005824208259583	0.00010961418593069538	0.5232850313186646	0.4813147485256195	False	[0 0 0 0 1 0]	[1 0 0 0 0 0]	[0 1 0 0 0 0]	[0 0 0 1 0 0]
45	0.12250000238418579	1.223288655281067	0.025972912088036537	0.000311613199301064	0.8024430871009827	0.3945610523223877	False	[0 0 0 0 0 0]	[0 0 0 0 0 0]	[0 0 0 0 0 0]	[0 0 0 0 0 0]
46	0.1599999964237213	0.9022982716560364	0.037903793156147	5.807726483908482e-05	0.4791979193687439	0.38513845205307007	False	[0 0 0 0 1 0]	[1 0 0 0 0 0]	[0 1 0 0 0 0]	[0 0 0 1 0 0]
46	0.125	1.0217422246932983	0.04576067253947258	0.00016371677338611335	0.7451404333114624	0.23067738115787506	False	[0 0 0 0 0 0]	[0 0 0 0 0 0]	[0 0 0 0 0 0]	[0 0 0 0 0 0]
46	0.1599999964237213	0.8935353755950928	0.03794938698410988	5.9386424254626036e-05	0.4702119827270508	0.3853146433830261	False	[0 0 0 0 1 0]	[1 0 0 0 0 0]	[0 1 0 0 0 0]	[0 0 0 1 0 0]
46	0.12250000238418579	0.9146697521209717	0.03685041144490242	0.00016491905262228101	0.6651362180709839	0.21251820027828217	False	[0 0 0 0 0 0]	[0 0 0 0 0 0]	[0 0 0 0 0 0]	[0 0 0 0 0 0]
46	0.14499999582767487	1.0145397186279297	0.041973646730184555	6.896523700561374e-05	0.5319526791572571	0.44054439663887024	False	[0 0 0 0 1 0]	[1 0 0 0 0 0]	[0 1 0 0 0 0]	[0 0 0 1 0 0]
46	0.12250000238418579	0.9844521284103394	0.04215553030371666	0.00014226393250282854	0.6975194811820984	0.24463485181331635	False	[0 0 0 0 0 0]	[0 0 0 0 0 0]	[0 0 0 0 0 0]	[0 0 0 0 0 0]
46	0.17000000178813934	0.9876654148101807	0.042585574090480804	6.26340406597592e-05	0.519544780254364	0.4254724085330963	False	[0 0 0 0 1 0]	[1 0 0 0 0 0]	[0 1 0 0 0 0]	[0 0 0 1 0 0]
46	0.12250000238418579	0.9224916696548462	0.039057012647390366	0.00016560991934966296	0.675508439540863	0.20776060223579407	False	[0 0 0 0 0 0]	[0 0 0 0 0 0]	[0 0 0 0 0 0]	[0 0 0 0 0 0]
46	0.17249999940395355	0.8967819809913635	0.03814219310879707	5.63369867450092e-05	0.4661779999732971	0.3924054503440857	False	[0 0 0 0 1 0]	[1 0 0 0 0 0]	[0 1 0 0 0 0]	[0 0 0 1 0 0]
46	0.12250000238418579	0.9918340444564819	0.04235558956861496	0.00015391544729936868	0.7058563232421875	0.24346822500228882	False	[0 0 0 0 0 0]	[0 0 0 0 0 0]	[0 0 0 0 0 0]	[0 0 0 0 0 0]
46	0.1599999964237213	0.9506612420082092	0.04177940636873245	6.07738402322866e-05	0.49647223949432373	0.41234880685806274	False	[0 0 0 0 1 0]	[1 0 0 0 0 0]	[0 1 0 0 0 0]	[0 0 0 1 0 0]
46	0.11999999731779099	0.9812872409820557	0.043988876044750214	0.00013818124716635793	0.7063284516334534	0.23083174228668213	False	[0 0 0 0 0 0]	[0 0 0 0 0 0]	[0 0 0 0 0 0]	[0 0 0 0 0 0]
46	0.1574999988079071	1.0147286653518677	0.042247116565704346	7.310730870813131e-05	0.5420994758605957	0.43030890822410583	False	[0 0 0 0 1 0]	[1 0 0 0 0 0]	[0 1 0 0 0 0]	[0 0 0 1 0 0]
46	0.125	1.0454823970794678	0.04644448682665825	0.00017393307643942535	0.7583172917366028	0.24054664373397827	False	[0 0 0 0 0 0]	[0 0 0 0 0 0]	[0 0 0 0 0 0]	[0 0 0 0 0 0]
46	0.16500000655651093	0.950430154800415	0.040105678141117096	6.583775393664837e-05	0.5038918256759644	0.40636682510375977	False	[0 0 0 0 1 0]	[1 0 0 0 0 0]	[0 1 0 0 0 0]	[0 0 0 1 0 0]
46	0.11999999731779099	1.0427216291427612	0.04721337556838989	0.00014245256897993386	0.7168488502502441	0.278516948223114	False	[0 0 0 0 0 0]	[0 0 0 0 0 0]	[0 0 0 0 0 0]	[0 0 0 0 0 0]
46	0.16249999403953552	0.9770891070365906	0.04074859991669655	6.561951158801094e-05	0.5109989643096924	0.42527592182159424	False	[0 0 0 0 1 0]	[1 0 0 0 0 0]	[0 1 0 0 0 0]	[0 0 0 1 0 0]
46	0.125	0.950905442237854	0.04225994274020195	0.0001313482061959803	0.6849421262741089	0.2235720455646515	False	[0 0 0 0 0 0]	[0 0 0 0 0 0]	[0 0 0 0 0 0]	[0 0 0 0 0 0]
46	0.17499999701976776	0.8853527307510376	0.037523310631513596	5.6886576203396544e-05	0.4641316831111908	0.3836407959461212	False	[0 0 0 0 1 0]	[1 0 0 0 0 0]	[0 1 0 0 0 0]	[0 0 0 1 0 0]
46	0.12999999523162842	1.0055153369903564	0.04556373134255409	0.00013402089825831354	0.704672634601593	0.25514501333236694	False	[0 0 0 0 0 0]	[0 0 0 0 0 0]	[0 0 0 0 0 0]	[0 0 0 0 0 0]
46	0.14499999582767487	0.963424801826477	0.04126531258225441	6.42269296804443e-05	0.5090370774269104	0.41305816173553467	False	[0 0 0 0 1 0]	[1 0 0 0 0 0]	[0 1 0 0 0 0]	[0 0 0 1 0 0]
46	0.12999999523162842	1.0817668437957764	0.049510642886161804	0.00018987810472026467	0.7855075001716614	0.24655884504318237	False	[0 0 0 0 0 0]	[0 0 0 0 0 0]	[0 0 0 0 0 0]	[0 0 0 0 0 0]
46	0.16500000655651093	0.9774393439292908	0.04147662594914436	6.263890099944547e-05	0.5136097073554993	0.4222903847694397	False	[0 0 0 0 1 0]	[1 0 0 0 0 0]	[0 1 0 0 0 0]	[0 0 0 1 0 0]
46	0.125	0.967406153678894	0.042789995670318604	0.00015056475240271538	0.7080925107002258	0.21637311577796936	False	[0 0 0 0 0 0]	[0 0 0 0 0 0]	[0 0 0 0 0 0]	[0 0 0 0 0 0]
46	0.1550000011920929	0.9295879602432251	0.039991118013858795	6.008003401802853e-05	0.48135143518447876	0.40818527340888977	False	[0 0 0 0 1 0]	[1 0 0 0 0 0]	[0 1 0 0 0 0]	[0 0 0 1 0 0]
46	0.12250000238418579	1.0158311128616333	0.043844547122716904	0.00015227971016429365	0.7109324336051941	0.2609018385410309	False	[0 0 0 0 0 0]	[0 0 0 0 0 0]	[0 0 0 0 0 0]	[0 0 0 0 0 0]
46	0.16500000655651093	0.9435933828353882	0.0395580418407917	6.134134309832007e-05	0.4937635362148285	0.4102104902267456	False	[0 0 0 0 1 0]	[1 0 0 0 0 0]	[0 1 0 0 0 0]	[0 0 0 1 0 0]
46	0.125	1.065017580986023	0.05100473761558533	0.00015872147923801094	0.7679858207702637	0.24586835503578186	False	[0 0 0 0 0 0]	[0 0 0 0 0 0]	[0 0 0 0 0 0]	[0 0 0 0 0 0]
46	0.1899999976158142	0.9575217366218567	0.04069564864039421	6.107751687522978e-05	0.5007683038711548	0.4159967303276062	False	[0 0 0 0 1 0]	[1 0 0 0 0 0]	[0 1 0 0 0 0]	[0 0 0 1 0 0]
46	0.11999999731779099	0.96066814661026	0.041056059300899506	0.00014818317140452564	0.6881920099258423	0.2312719225883484	False	[0 0 0 0 0 0]	[0 0 0 0 0 0]	[0 0 0 0 0 0]	[0 0 0 0 0 0]
47	0.16750000417232513	0.4893088936805725	0.07086734473705292	0.00016309096827171743	0.27462321519851685	0.14365524053573608	False	[0 0 0 0 1 0]	[1 0 0 0 0 0]	[0 1 0 0 0 0]	[0 0 0 1 0 0]
47	0.12250000238418579	0.5284888744354248	0.07817183434963226	0.00048283766955137253	0.33200567960739136	0.11782851815223694	False	[0 0 0 0 0 0]	[0 0 0 0 0 0]	[0 0 0 0 0 0]	[0 0 0 0 0 0]
47	0.16249999403953552	0.5579723119735718	0.07712183892726898	0.00019463426724541932	0.3252721130847931	0.15538373589515686	False	[0 0 0 0 1 0]	[1 0 0 0 0 0]	[0 1 0 0 0 0]	[0 0 0 1 0 0]
47	0.125	0.47719407081604004	0.06939877569675446	0.0004903987282887101	0.3083186745643616	0.0989861935377121	False	[0 0 0 0 0 0]	[0 0 0 0 0 0]	[0 0 0 0 0 0]	[0 0 0 0 0 0]
47	0.1550000011920929	0.6110226511955261	0.08455579727888107	0.00021919886057730764	0.3559330701828003	0.17031458020210266	False	[0 0 0 0 1 0]	[1 0 0 0 0 0]	[0 1 0 0 0 0]	[0 0 0 1 0 0]
47	0.125	0.4661969542503357	0.07670184969902039	0.0003868704370688647	0.29266121983528137	0.09644703567028046	False	[0 0 0 0 0 0]	[0 0 0 0 0 0]	[0 0 0 0 0 0]	[0 0 0 0 0 0]
47	0.15000000596046448	0.5224645137786865	0.07333165407180786	0.0001692577061476186	0.29609349370002747	0.1528700888156891	False	[0 0 0 0 1 0]	[1 0 0 0 0 0]	[0 1 0 0 0 0]	[0 0 0 1 0 0]
47	0.12250000238418579	0.4617488980293274	0.06810189038515091	0.0004033054574392736	0.29245030879974365	0.10079338401556015	False	[0 0 0 0 0 0]	[0 0 0 0 0 0]	[0 0 0 0 0 0]	[0 0 0 0 0 0]
47	0.1574999988079071	0.5104506015777588	0.07255151122808456	0.00016080988280009478	0.288221538066864	0.1495167315006256	False	[0 0 0 0 1 0]	[1 0 0 0 0 0]	[0 1 0 0 0 0]	[0 0 0 1 0 0]
47	0.125	0.42797914147377014	0.06919313967227936	0.0003642481460701674	0.27091655135154724	0.08750518411397934	False	[0 0 0 0 0 0]	[0 0 0 0 0 0]	[0 0 0 0 0 0]	[0 0 0 0 0 0]
47	0.14000000059604645	0.4561508297920227	0.06319840252399445	0.00015223688387777656	0.257770299911499	0.1350298672914505	False	[0 0 0 0 1 0]	[1 0 0 0 0 0]	[0 1 0 0 0 0]	[0 0 0 1 0 0]
47	0.11999999731779099	0.45053866505622864	0.0746840313076973	0.0003478197322692722	0.277140349149704	0.09836646914482117	False	[0 0 0 0 0 0]	[0 0 0 0 0 0]	[0 0 0 0 0 0]	[0 0 0 0 0 0]
47	0.15000000596046448	0.46452170610427856	0.06612157076597214	0.00015485890617128462	0.26219442486763	0.13605083525180817	False	[0 0 0 0 1 0]	[1 0 0 0 0 0]	[0 1 0 0 0 0]	[0 0 0 1 0 0]
47	0.11999999731779099	0.45262524485588074	0.07057476788759232	0.00040069210808724165	0.2884197235107422	0.09323006868362427	False	[0 0 0 0 0 0]	[0 0 0 0 0 0]	[0 0 0 0 0 0]	[0 0 0 0 0 0]
47	0.16249999403953552	0.5031017065048218	0.07249624282121658	0.0001598607050254941	0.28383588790893555	0.14660970866680145	False	[0 0 0 0 1 0]	[1 0 0 0 0 0]	[0 1 0 0 0 0]	[0 0 0 1 0 0]
47	0.12250000238418579	0.4290276765823364	0.05662093311548233	0.0005012472975067794	0.2871473431587219	0.08475816994905472	False	[0 0 0 0 0 0]	[0 0 0 0 0 0]	[0 0 0 0 0 0]	[0 0 0 0 0 0]
47	0.1550000011920929	0.5759227871894836	0.07943649590015411	0.00018294030451215804	0.33190837502479553	0.16439495980739594	False	[0 0 0 0 1 0]	[1 0 0 0 0 0]	[0 1 0 0 0 0]	[0 0 0 1 0 0]
47	0.11999999731779099	0.4513865113258362	0.06669386476278305	0.00046152668073773384	0.29489371180534363	0.08933740854263306	False	[0 0 0 0 0 0]	[0 0 0 0 0 0]	[0 0 0 0 0 0]	[0 0 0 0 0 0]
47	0.1550000011920929	0.5222984552383423	0.07116910070180893	0.0001823264465201646	0.30167263746261597	0.14927442371845245	False	[0 0 0 0 1 0]	[1 0 0 0 0 0]	[0 1 0 0 0 0]	[0 0 0 1 0 0]
47	0.11999999731779099	0.4625444710254669	0.0714254304766655	0.00043151003774255514	0.2960917353630066	0.09459578990936279	False	[0 0 0 0 0 0]	[0 0 0 0 0 0]	[0 0 0 0 0 0]	[0 0 0 0 0 0]
47	0.14499999582767487	0.5448361039161682	0.07523683458566666	0.00018468951748218387	0.31375664472579956	0.15565793216228485	False	[0 0 0 0 1 0]	[1 0 0 0 0 0]	[0 1 0 0 0 0]	[0 0 0 1 0 0]
47	0.125	0.540867805480957	0.09134848415851593	0.00042903359280899167	0.3338565528392792	0.11523372679948807	False	[0 0 0 0 0 0]	[0 0 0 0 0 0]	[0 0 0 0 0 0]	[0 0 0 0 0 0]
47	0.1550000011920929	0.49740710854530334	0.07139705121517181	0.00016991542361211032	0.2829313576221466	0.14290878176689148	False	[0 0 0 0 1 0]	[1 0 0 0 0 0]	[0 1 0 0 0 0]	[0 0 0 1 0 0]
47	0.125	0.4628613591194153	0.07284440845251083	0.0004062538791913539	0.2951752245426178	0.09443549811840057	False	[0 0 0 0 0 0]	[0 0 0 0 0 0]	[0 0 0 0 0 0]	[0 0 0 0 0 0]
47	0.14499999582767487	0.5353348255157471	0.07305540144443512	0.00018456899852026254	0.31092265248298645	0.15117225050926208	False	[0 0 0 0 1 0]	[1 0 0 0 0 0]	[0 1 0 0 0 0]	[0 0 0 1 0 0]
47	0.12250000238418579	0.4804091155529022	0.06525172293186188	0.0005518229445442557	0.31391388177871704	0.10069169849157333	False	[0 0 0 0 0 0]	[0 0 0 0 0 0]	[0 0 0 0 0 0]	[0 0 0 0 0 0]
47	0.14499999582767487	0.5545678734779358	0.07401925325393677	0.0002008311275858432	0.325664758682251	0.15468303859233856	False	[0 0 0 0 1 0]	[1 0 0 0 0 0]	[0 1 0 0 0 0]	[0 0 0 1 0 0]
47	0.12250000238418579	0.43791627883911133	0.06976276636123657	0.00037214788608253	0.2757474184036255	0.09203393757343292	False	[0 0 0 0 0 0]	[0 0 0 0 0 0]	[0 0 0 0 0 0]	[0 0 0 0 0 0]
47	0.17000000178813934	0.4916180670261383	0.06988223642110825	0.00016096967738121748	0.27828219532966614	0.14329266548156738	False	[0 0 0 0 1 0]	[1 0 0 0 0 0]	[0 1 0 0 0 0]	[0 0 0 1 0 0]
47	0.12250000238418579	0.44287458062171936	0.06480380147695541	0.000502762442920357	0.2909229099750519	0.08664509654045105	False	[0 0 0 0 0 0]	[0 0 0 0 0 0]	[0 0 0 0 0 0]	[0 0 0 0 0 0]
48	0.12999999523162842	0.4020443558692932	0.06505364179611206	0.00013803817273583263	0.24096347391605377	0.09588921815156937	False	[0 0 0 0 1 0]	[1 0 0 0 0 0]	[0 1 0 0 0 0]	[0 0 0 1 0 0]
48	0.12250000238418579	0.4788259267807007	0.08289855718612671	0.0002451865002512932	0.32343947887420654	0.07224269956350327	False	[0 0 0 0 0 0]	[0 0 0 0 0 0]	[0 0 0 0 0 0]	[0 0 0 0 0 0]
48	0.15000000596046448	0.3760441541671753	0.05986170470714569	0.00012178115139249712	0.2266906052827835	0.08937005698680878	False	[0 0 0 0 1 0]	[1 0 0 0 0 0]	[0 1 0 0 0 0]	[0 0 0 1 0 0]
48	0.125	0.45596858859062195	0.07573574036359787	0.00021273238235153258	0.3127134144306183	0.06730670481920242	False	[0 0 0 0 0 0]	[0 0 0 0 0 0]	[0 0 0 0 0 0]	[0 0 0 0 0 0]
48	0.13500000536441803	0.40244990587234497	0.06591441482305527	0.00013963383389636874	0.24002380669116974	0.0963720828294754	False	[0 0 0 0 1 0]	[1 0 0 0 0 0]	[0 1 0 0 0 0]	[0 0 0 1 0 0]
48	0.11999999731779099	0.40083062648773193	0.0649501159787178	0.0002162134478567168	0.27285173535346985	0.06281258165836334	False	[0 0 0 0 0 0]	[0 0 0 0 0 0]	[0 0 0 0 0 0]	[0 0 0 0 0 0]
48	0.14499999582767487	0.3725247085094452	0.05961472541093826	0.00012321799295023084	0.225985586643219	0.08680117130279541	False	[0 0 0 0 1 0]	[1 0 0 0 0 0]	[0 1 0 0 0 0]	[0 0 0 1 0 0]
48	0.125	0.4300376772880554	0.07056310772895813	0.0002139229909516871	0.2940223217010498	0.0652383342385292	False	[0 0 0 0 0 0]	[0 0 0 0 0 0]	[0 0 0 0 0 0]	[0 0 0 0 0 0]
48	0.18000000715255737	0.4257200360298157	0.06854653358459473	0.00016576924826949835	0.25331681966781616	0.10369090735912323	False	[0 0 0 0 1 0]	[1 0 0 0 0 0]	[0 1 0 0 0 0]	[0 0 0 1 0 0]
48	0.12250000238418579	0.5048278570175171	0.08897361904382706	0.00026615834212861955	0.3395316004753113	0.07605648040771484	False	[0 0 0 0 0 0]	[0 0 0 0 0 0]	[0 0 0 0 0 0]	[0 0 0 0 0 0]
48	0.17499999701976776	0.4250279664993286	0.06912364065647125	0.00015158716996666044	0.25201722979545593	0.10373552143573761	False	[0 0 0 0 1 0]	[1 0 0 0 0 0]	[0 1 0 0 0 0]	[0 0 0 1 0 0]
48	0.125	0.42308568954467773	0.0682702362537384	0.00021894238307140768	0.29315483570098877	0.06144164502620697	False	[0 0 0 0 0 0]	[0 0 0 0 0 0]	[0 0 0 0 0 0]	[0 0 0 0 0 0]
48	0.14499999582767487	0.36877524852752686	0.05852644890546799	0.00012007751502096653	0.22344690561294556	0.0866817981004715	False	[0 0 0 0 1 0]	[1 0 0 0 0 0]	[0 1 0 0 0 0]	[0 0 0 1 0 0]
48	0.125	0.4133449196815491	0.06688734143972397	0.000218704721191898	0.2836439311504364	0.062594935297966	False	[0 0 0 0 0 0]	[0 0 0 0 0 0]	[0 0 0 0 0 0]	[0 0 0 0 0 0]
48	0.17000000178813934	0.3867335617542267	0.06269071251153946	0.00013444872456602752	0.23203225433826447	0.09187614917755127	False	[0 0 0 0 1 0]	[1 0 0 0 0 0]	[0 1 0 0 0 0]	[0 0 0 1 0 0]
48	0.1274999976158142	0.4660968780517578	0.07780355960130692	0.00019606715068221092	0.322532594203949	0.06556466966867447	False	[0 0 0 0 0 0]	[0 0 0 0 0 0]	[0 0 0 0 0 0]	[0 0 0 0 0 0]
48	0.14499999582767487	0.38422608375549316	0.06218280270695686	0.00013760017463937402	0.2296191304922104	0.09228656440973282	False	[0 0 0 0 1 0]	[1 0 0 0 0 0]	[0 1 0 0 0 0]	[0 0 0 1 0 0]
48	0.12250000238418579	0.45779353380203247	0.07493491470813751	0.00023743083875160664	0.3115202784538269	0.07110092043876648	False	[0 0 0 0 0 0]	[0 0 0 0 0 0]	[0 0 0 0 0 0]	[0 0 0 0 0 0]
48	0.1550000011920929	0.3695175349712372	0.059403661638498306	0.00013044674415141344	0.22227779030799866	0.08770564198493958	False	[0 0 0 0 1 0]	[1 0 0 0 0 0]	[0 1 0 0 0 0]	[0 0 0 1 0 0]
48	0.12250000238418579	0.4877493977546692	0.08349539339542389	0.00021205308439675719	0.3363155126571655	0.06772644072771072	False	[0 0 0 0 0 0]	[0 0 0 0 0 0]	[0 0 0 0 0 0]	[0 0 0 0 0 0]
48	0.1550000011920929	0.36891162395477295	0.058786503970623016	0.00011779149645008147	0.22418084740638733	0.08582650125026703	False	[0 0 0 0 1 0]	[1 0 0 0 0 0]	[0 1 0 0 0 0]	[0 0 0 1 0 0]
48	0.11999999731779099	0.5191373825073242	0.09051746875047684	0.00020443458925001323	0.355074018239975	0.0733414888381958	False	[0 0 0 0 0 0]	[0 0 0 0 0 0]	[0 0 0 0 0 0]	[0 0 0 0 0 0]
48	0.15000000596046448	0.3844711184501648	0.061927445232868195	0.0001350036618532613	0.23043657839298248	0.09197209030389786	False	[0 0 0 0 1 0]	[1 0 0 0 0 0]	[0 1 0 0 0 0]	[0 0 0 1 0 0]
48	0.125	0.5024561882019043	0.08803009986877441	0.00022202113177627325	0.3407365083694458	0.07346757501363754	False	[0 0 0 0 0 0]	[0 0 0 0 0 0]	[0 0 0 0 0 0]	[0 0 0 0 0 0]
48	0.1550000011920929	0.35566240549087524	0.05580925568938255	0.00012404708832036704	0.2159009575843811	0.0838281437754631	False	[0 0 0 0 1 0]	[1 0 0 0 0 0]	[0 1 0 0 0 0]	[0 0 0 1 0 0]
48	0.12250000238418579	0.441342294216156	0.07216034829616547	0.0002098781696986407	0.3065720200538635	0.062400028109550476	False	[0 0 0 0 0 0]	[0 0 0 0 0 0]	[0 0 0 0 0 0]	[0 0 0 0 0 0]
48	0.13750000298023224	0.3758629858493805	0.060252830386161804	0.00013225787552073598	0.2265511453151703	0.0889267697930336	False	[0 0 0 0 1 0]	[1 0 0 0 0 0]	[0 1 0 0 0 0]	[0 0 0 1 0 0]
48	0.125	0.4467706084251404	0.0738440752029419	0.00022642567637376487	0.3070826828479767	0.06561745703220367	False	[0 0 0 0 0 0]	[0 0 0 0 0 0]	[0 0 0 0 0 0]	[0 0 0 0 0 0]
48	0.1550000011920929	0.3927922248840332	0.0632023885846138	0.00013658333045896143	0.23539277911186218	0.09406048059463501	False	[0 0 0 0 1 0]	[1 0 0 0 0 0]	[0 1 0 0 0 0]	[0 0 0 1 0 0]
48	0.12250000238418579	0.45362722873687744	0.07523967325687408	0.0002235929132439196	0.3138587176799774	0.06430525332689285	False	[0 0 0 0 0 0]	[0 0 0 0 0 0]	[0 0 0 0 0 0]	[0 0 0 0 0 0]
49	0.14749999344348907	0.34883207082748413	0.03607041388750076	0.00022585500846616924	0.28543820977211	0.02709757164120674	False	[0 0 0 0 1 0]	[1 0 0 0 0 0]	[0 1 0 0 0 0]	[0 0 0 1 0 0]
49	0.125	0.2597304582595825	0.03799993917346001	0.0004446089151315391	0.2087521255016327	0.012533771805465221	False	[0 0 0 0 0 0]	[0 0 0 0 0 0]	[0 0 0 0 0 0]	[0 0 0 0 0 0]
49	0.1599999964237213	0.3823232054710388	0.04061978682875633	0.00020537906675599515	0.3111529052257538	0.030345141887664795	False	[0 0 0 0 1 0]	[1 0 0 0 0 0]	[0 1 0 0 0 0]	[0 0 0 1 0 0]
49	0.12250000238418579	0.21656277775764465	0.028127435594797134	0.0005191918462514877	0.1770942509174347	0.010821887291967869	False	[0 0 0 0 0 0]	[0 0 0 0 0 0]	[0 0 0 0 0 0]	[0 0 0 0 0 0]
49	0.17249999940395355	0.41361039876937866	0.041910164058208466	0.00022063539654482156	0.33764031529426575	0.03383929654955864	False	[0 0 0 0 1 0]	[1 0 0 0 0 0]	[0 1 0 0 0 0]	[0 0 0 1 0 0]
49	0.11500000208616257	0.2525175213813782	0.03651796653866768	0.0004047000256832689	0.20390328764915466	0.011691574938595295	False	[0 0 0 0 0 0]	[0 0 0 0 0 0]	[0 0 0 0 0 0]	[0 0 0 0 0 0]
49	0.1599999964237213	0.34107545018196106	0.03566452115774155	0.0001999297965085134	0.2786334455013275	0.026577560231089592	False	[0 0 0 0 1 0]	[1 0 0 0 0 0]	[0 1 0 0 0 0]	[0 0 0 1 0 0]
49	0.125	0.23443388938903809	0.03152119368314743	0.0004290206416044384	0.19083262979984283	0.011651046574115753	False	[0 0 0 0 0 0]	[0 0 0 0 0 0]	[0 0 0 0 0 0]	[0 0 0 0 0 0]
49	0.1850000023841858	0.35722875595092773	0.037302106618881226	0.00021896589896641672	0.29182344675064087	0.027884237468242645	False	[0 0 0 0 1 0]	[1 0 0 0 0 0]	[0 1 0 0 0 0]	[0 0 0 1 0 0]
49	0.12250000238418579	0.2368856817483902	0.032585032284259796	0.000471043138531968	0.1918407678604126	0.01198883168399334	False	[0 0 0 0 0 0]	[0 0 0 0 0 0]	[0 0 0 0 0 0]	[0 0 0 0 0 0]
49	0.1550000011920929	0.3532430827617645	0.03657694160938263	0.0002114652597811073	0.28923213481903076	0.02722254768013954	False	[0 0 0 0 1 0]	[1 0 0 0 0 0]	[0 1 0 0 0 0]	[0 0 0 1 0 0]
49	0.1274999976158142	0.25207847356796265	0.03592155501246452	0.00042287103133276105	0.20357495546340942	0.012159100733697414	False	[0 0 0 0 0 0]	[0 0 0 0 0 0]	[0 0 0 0 0 0]	[0 0 0 0 0 0]
49	0.14499999582767487	0.37177544832229614	0.03861469775438309	0.00022365745098795742	0.3034498393535614	0.029487255960702896	False	[0 0 0 0 1 0]	[1 0 0 0 0 0]	[0 1 0 0 0 0]	[0 0 0 1 0 0]
49	0.12250000238418579	0.2553103268146515	0.03723888099193573	0.0004195742658339441	0.20559383928775787	0.012058037333190441	False	[0 0 0 0 0 0]	[0 0 0 0 0 0]	[0 0 0 0 0 0]	[0 0 0 0 0 0]
49	0.1525000035762787	0.4138019382953644	0.04282445088028908	0.00025947930407710373	0.3369004428386688	0.03381755203008652	False	[0 0 0 0 1 0]	[1 0 0 0 0 0]	[0 1 0 0 0 0]	[0 0 0 1 0 0]
49	0.11999999731779099	0.24160797894001007	0.0339212566614151	0.00042794420733116567	0.19597652554512024	0.011282255873084068	False	[0 0 0 0 0 0]	[0 0 0 0 0 0]	[0 0 0 0 0 0]	[0 0 0 0 0 0]
49	0.1550000011920929	0.38798463344573975	0.04150783270597458	0.00022214866476133466	0.3149310052394867	0.031323641538619995	False	[0 0 0 0 1 0]	[1 0 0 0 0 0]	[0 1 0 0 0 0]	[0 0 0 1 0 0]
49	0.125	0.23043665289878845	0.03128952160477638	0.0005521859275177121	0.18717296421527863	0.011421977542340755	False	[0 0 0 0 0 0]	[0 0 0 0 0 0]	[0 0 0 0 0 0]	[0 0 0 0 0 0]
49	0.14749999344348907	0.38241901993751526	0.04037705436348915	0.00022157678904477507	0.3109240233898163	0.030896367505192757	False	[0 0 0 0 1 0]	[1 0 0 0 0 0]	[0 1 0 0 0 0]	[0 0 0 1 0 0]
49	0.125	0.2527976930141449	0.036355555057525635	0.00044638480176217854	0.20351359248161316	0.01248217187821865	False	[0 0 0 0 0 0]	[0 0 0 0 0 0]	[0 0 0 0 0 0]	[0 0 0 0 0 0]
49	0.12999999523162842	0.3203624188899994	0.033644936978816986	0.000180071234353818	0.2624996602535248	0.024037744849920273	False	[0 0 0 0 1 0]	[1 0 0 0 0 0]	[0 1 0 0 0 0]	[0 0 0 1 0 0]
49	0.12250000238418579	0.22595705091953278	0.03167976066470146	0.0004896564641967416	0.18251605331897736	0.011271575465798378	False	[0 0 0 0 0 0]	[0 0 0 0 0 0]	[0 0 0 0 0 0]	[0 0 0 0 0 0]
49	0.14249999821186066	0.36511480808258057	0.037060998380184174	0.00022598145005758852	0.2987353205680847	0.02909252606332302	False	[0 0 0 0 1 0]	[1 0 0 0 0 0]	[0 1 0 0 0 0]	[0 0 0 1 0 0]
49	0.125	0.2720569372177124	0.039082787930965424	0.00046458467841148376	0.219304159283638	0.013205411843955517	False	[0 0 0 0 0 0]	[0 0 0 0 0 0]	[0 0 0 0 0 0]	[0 0 0 0 0 0]
49	0.14499999582767487	0.36816123127937317	0.0380992591381073	0.0002202442556153983	0.3005165755748749	0.029325159266591072	False	[0 0 0 0 1 0]	[1 0 0 0 0 0]	[0 1 0 0 0 0]	[0 0 0 1 0 0]
49	0.11500000208616257	0.2326340675354004	0.03240315988659859	0.0004348348593339324	0.18845008313655853	0.011345980688929558	False	[0 0 0 0 0 0]	[0 0 0 0 0 0]	[0 0 0 0 0 0]	[0 0 0 0 0 0]
49	0.17000000178813934	0.398710161447525	0.041979286819696426	0.0002312050200998783	0.3242478370666504	0.03225183114409447	False	[0 0 0 0 1 0]	[1 0 0 0 0 0]	[0 1 0 0 0 0]	[0 0 0 1 0 0]
49	0.11999999731779099	0.25428199768066406	0.03517813980579376	0.00041888648411259055	0.20555400848388672	0.013130970299243927	False	[0 0 0 0 0 0]	[0 0 0 0 0 0]	[0 0 0 0 0 0]	[0 0 0 0 0 0]
49	0.1599999964237213	0.4096042215824127	0.042497701942920685	0.00025123244267888367	0.33295750617980957	0.03389779105782509	False	[0 0 0 0 1 0]	[1 0 0 0 0 0]	[0 1 0 0 0 0]	[0 0 0 1 0 0]
49	0.13500000536441803	0.22038234770298004	0.029498102143406868	0.0005257970769889653	0.1798258274793625	0.0105326222255826	False	[0 0 0 0 0 0]	[0 0 0 0 0 0]	[0 0 0 0 0 0]	[0 0 0 0 0 0]
50	0.16750000417232513	0.3451653718948364	0.03840256482362747	0.000543445348739624	0.2630828320980072	0.043136537075042725	False	[0 0 0 0 1 0]	[1 0 0 0 0 0]	[0 1 0 0 0 0]	[0 0 0 1 0 0]
50	0.125	0.40031030774116516	0.047377679497003555	0.0013399311574175954	0.3254287540912628	0.026163948699831963	False	[0 0 0 0 0 0]	[0 0 0 0 0 0]	[0 0 0 0 0 0]	[0 0 0 0 0 0]
50	0.15000000596046448	0.26845985651016235	0.03373647481203079	0.0004003992071375251	0.19907736778259277	0.03524560108780861	False	[0 0 0 0 1 0]	[1 0 0 0 0 0]	[0 1 0 0 0 0]	[0 0 0 1 0 0]
50	0.11500000208616257	0.3636302351951599	0.03772377595305443	0.0015446486650034785	0.29956457018852234	0.024797223508358	False	[0 0 0 0 0 0]	[0 0 0 0 0 0]	[0 0 0 0 0 0]	[0 0 0 0 0 0]
50	0.17000000178813934	0.3154011368751526	0.036252211779356	0.0005136931431479752	0.23837147653102875	0.04026377201080322	False	[0 0 0 0 1 0]	[1 0 0 0 0 0]	[0 1 0 0 0 0]	[0 0 0 1 0 0]
50	0.11999999731779099	0.37598004937171936	0.043586988002061844	0.001301197218708694	0.3054753243923187	0.025616563856601715	False	[0 0 0 0 0 0]	[0 0 0 0 0 0]	[0 0 0 0 0 0]	[0 0 0 0 0 0]
50	0.16500000655651093	0.35365551710128784	0.04214045777916908	0.0005104535957798362	0.26610422134399414	0.04490038752555847	False	[0 0 0 0 1 0]	[1 0 0 0 0 0]	[0 1 0 0 0 0]	[0 0 0 1 0 0]
50	0.12250000238418579	0.37574344873428345	0.0409790463745594	0.0016773964744061232	0.30783388018608093	0.02525312826037407	False	[0 0 0 0 0 0]	[0 0 0 0 0 0]	[0 0 0 0 0 0]	[0 0 0 0 0 0]
50	0.13500000536441803	0.2898157238960266	0.03581201285123825	0.0004304522881284356	0.21561771631240845	0.037955544888973236	False	[0 0 0 0 1 0]	[1 0 0 0 0 0]	[0 1 0 0 0 0]	[0 0 0 1 0 0]
50	0.125	0.36944571137428284	0.0525393970310688	0.0010325561743229628	0.29081305861473083	0.02506069280207157	False	[0 0 0 0 0 0]	[0 0 0 0 0 0]	[0 0 0 0 0 0]	[0 0 0 0 0 0]
50	0.1550000011920929	0.2732309401035309	0.034497734159231186	0.0004119578516110778	0.2023482471704483	0.03597298637032509	False	[0 0 0 0 1 0]	[1 0 0 0 0 0]	[0 1 0 0 0 0]	[0 0 0 1 0 0]
50	0.12250000238418579	0.3903609812259674	0.034875910729169846	0.0017753150314092636	0.32640576362609863	0.02730400487780571	False	[0 0 0 0 0 0]	[0 0 0 0 0 0]	[0 0 0 0 0 0]	[0 0 0 0 0 0]
50	0.17000000178813934	0.29642045497894287	0.03470201417803764	0.00047993820044212043	0.2229999601840973	0.038238540291786194	False	[0 0 0 0 1 0]	[1 0 0 0 0 0]	[0 1 0 0 0 0]	[0 0 0 1 0 0]
50	0.11999999731779099	0.35635900497436523	0.04114146530628204	0.001303039025515318	0.2893126606941223	0.024601859971880913	False	[0 0 0 0 0 0]	[0 0 0 0 0 0]	[0 0 0 0 0 0]	[0 0 0 0 0 0]
50	0.17000000178813934	0.26521071791648865	0.03187154233455658	0.00045442074770107865	0.19912125170230865	0.03376350924372673	False	[0 0 0 0 1 0]	[1 0 0 0 0 0]	[0 1 0 0 0 0]	[0 0 0 1 0 0]
50	0.11999999731779099	0.39937037229537964	0.047029342502355576	0.0013775763800367713	0.3237769305706024	0.027186498045921326	False	[0 0 0 0 0 0]	[0 0 0 0 0 0]	[0 0 0 0 0 0]	[0 0 0 0 0 0]
50	0.17499999701976776	0.29822930693626404	0.035905178636312485	0.0004740446456708014	0.22342096269130707	0.03842910751700401	False	[0 0 0 0 1 0]	[1 0 0 0 0 0]	[0 1 0 0 0 0]	[0 0 0 1 0 0]
50	0.11999999731779099	0.31503036618232727	0.03159598633646965	0.0015797046944499016	0.26068010926246643	0.021174587309360504	False	[0 0 0 0 0 0]	[0 0 0 0 0 0]	[0 0 0 0 0 0]	[0 0 0 0 0 0]
50	0.1574999988079071	0.2887413203716278	0.03444227948784828	0.00044085062108933926	0.21721160411834717	0.036646585911512375	False	[0 0 0 0 1 0]	[1 0 0 0 0 0]	[0 1 0 0 0 0]	[0 0 0 1 0 0]
50	0.12250000238418579	0.36579328775405884	0.04282231628894806	0.001380030415020883	0.29798853397369385	0.023602386936545372	False	[0 0 0 0 0 0]	[0 0 0 0 0 0]	[0 0 0 0 0 0]	[0 0 0 0 0 0]
50	0.16500000655651093	0.3050260841846466	0.03563418239355087	0.0004836656735278666	0.2300342619419098	0.03887396678328514	False	[0 0 0 0 1 0]	[1 0 0 0 0 0]	[0 1 0 0 0 0]	[0 0 0 1 0 0]
50	0.11999999731779099	0.3549988269805908	0.03997443616390228	0.001281189383007586	0.28879669308662415	0.02494651824235916	False	[0 0 0 0 0 0]	[0 0 0 0 0 0]	[0 0 0 0 0 0]	[0 0 0 0 0 0]
50	0.14499999582767487	0.304946631193161	0.03534257784485817	0.0004742374876514077	0.23048341274261475	0.038646407425403595	False	[0 0 0 0 1 0]	[1 0 0 0 0 0]	[0 1 0 0 0 0]	[0 0 0 1 0 0]
50	0.11999999731779099	0.35338908433914185	0.04227012023329735	0.0012626552488654852	0.28587260842323303	0.023983724415302277	False	[0 0 0 0 0 0]	[0 0 0 0 0 0]	[0 0 0 0 0 0]	[0 0 0 0 0 0]
50	0.14749999344348907	0.32993459701538086	0.03843000531196594	0.0004843137867283076	0.24920015037059784	0.041820134967565536	False	[0 0 0 0 1 0]	[1 0 0 0 0 0]	[0 1 0 0 0 0]	[0 0 0 1 0 0]
50	0.12250000238418579	0.3252798616886139	0.02812490053474903	0.001749082817696035	0.27215492725372314	0.02325092814862728	False	[0 0 0 0 0 0]	[0 0 0 0 0 0]	[0 0 0 0 0 0]	[0 0 0 0 0 0]
50	0.1550000011920929	0.34967517852783203	0.037948429584503174	0.0005834414623677731	0.2674904763698578	0.043652839958667755	False	[0 0 0 0 1 0]	[1 0 0 0 0 0]	[0 1 0 0 0 0]	[0 0 0 1 0 0]
50	0.12999999523162842	0.3166470527648926	0.036323025822639465	0.0013611563481390476	0.2573758065700531	0.02158706821501255	False	[0 0 0 0 0 0]	[0 0 0 0 0 0]	[0 0 0 0 0 0]	[0 0 0 0 0 0]
50	0.1599999964237213	0.3024292588233948	0.03596670180559158	0.0004742442979477346	0.22719354927539825	0.038794759660959244	False	[0 0 0 0 1 0]	[1 0 0 0 0 0]	[0 1 0 0 0 0]	[0 0 0 1 0 0]
50	0.12250000238418579	0.3629303574562073	0.04449276998639107	0.0012028857599943876	0.2927188277244568	0.02451586164534092	False	[0 0 0 0 0 0]	[0 0 0 0 0 0]	[0 0 0 0 0 0]	[0 0 0 0 0 0]
51	0.17000000178813934	0.10874748229980469	0.046156760305166245	0.00012127288937335834	0.03569244593381882	0.0267769955098629	False	[0 0 0 0 1 0]	[1 0 0 0 0 0]	[0 1 0 0 0 0]	[0 0 0 1 0 0]
51	0.125	0.14566612243652344	0.05882611870765686	0.00011463102418929338	0.05932847782969475	0.02739689312875271	False	[0 0 0 0 0 0]	[0 0 0 0 0 0]	[0 0 0 0 0 0]	[0 0 0 0 0 0]
51	0.18000000715255737	0.12280582636594772	0.05054440721869469	0.0001325799385085702	0.040902771055698395	0.03122606687247753	False	[0 0 0 0 1 0]	[1 0 0 0 0 0]	[0 1 0 0 0 0]	[0 0 0 1 0 0]
51	0.125	0.19098776578903198	0.07644522935152054	0.00011130518396385014	0.07713716477155685	0.03729405254125595	False	[0 0 0 0 0 0]	[0 0 0 0 0 0]	[0 0 0 0 0 0]	[0 0 0 0 0 0]
51	0.1599999964237213	0.11660727858543396	0.050236232578754425	0.00011984540469711646	0.03774385154247284	0.028507355600595474	False	[0 0 0 0 1 0]	[1 0 0 0 0 0]	[0 1 0 0 0 0]	[0 0 0 1 0 0]
51	0.125	0.18965551257133484	0.07277759909629822	0.00011110900959465653	0.07739604264497757	0.039370764046907425	False	[0 0 0 0 0 0]	[0 0 0 0 0 0]	[0 0 0 0 0 0]	[0 0 0 0 0 0]
51	0.1550000011920929	0.11274363100528717	0.045449335128068924	0.00013001507613807917	0.0382513552904129	0.028912924230098724	False	[0 0 0 0 1 0]	[1 0 0 0 0 0]	[0 1 0 0 0 0]	[0 0 0 1 0 0]
51	0.11749999970197678	0.18384766578674316	0.07095454633235931	0.00013354377006180584	0.07571340352296829	0.0370461642742157	False	[0 0 0 0 0 0]	[0 0 0 0 0 0]	[0 0 0 0 0 0]	[0 0 0 0 0 0]
51	0.17000000178813934	0.12700626254081726	0.0509614534676075	0.00014029508747626096	0.0432945191860199	0.03260999172925949	False	[0 0 0 0 1 0]	[1 0 0 0 0 0]	[0 1 0 0 0 0]	[0 0 0 1 0 0]
51	0.11500000208616257	0.19600506126880646	0.08048927783966064	0.00011038148659281433	0.07848123461008072	0.03692416474223137	False	[0 0 0 0 0 0]	[0 0 0 0 0 0]	[0 0 0 0 0 0]	[0 0 0 0 0 0]
51	0.14499999582767487	0.11863099038600922	0.050909481942653656	0.00012116747529944405	0.0382779985666275	0.029322344809770584	False	[0 0 0 0 1 0]	[1 0 0 0 0 0]	[0 1 0 0 0 0]	[0 0 0 1 0 0]
51	0.12250000238418579	0.19442090392112732	0.08054561167955399	0.0001113089092541486	0.07732667028903961	0.03643730282783508	False	[0 0 0 0 0 0]	[0 0 0 0 0 0]	[0 0 0 0 0 0]	[0 0 0 0 0 0]
51	0.17499999701976776	0.11703848838806152	0.05043681710958481	0.00012003745359834284	0.037772972136735916	0.028708668425679207	False	[0 0 0 0 1 0]	[1 0 0 0 0 0]	[0 1 0 0 0 0]	[0 0 0 1 0 0]
51	0.125	0.15784603357315063	0.060756489634513855	0.00011556256504263729	0.0652572512626648	0.0317167267203331	False	[0 0 0 0 0 0]	[0 0 0 0 0 0]	[0 0 0 0 0 0]	[0 0 0 0 0 0]
51	0.15000000596046448	0.14124256372451782	0.05294770747423172	0.0001536565541755408	0.0507386140525341	0.03740259259939194	False	[0 0 0 0 1 0]	[1 0 0 0 0 0]	[0 1 0 0 0 0]	[0 0 0 1 0 0]
51	0.12250000238418579	0.14487867057323456	0.056119177490472794	0.00010426527296658605	0.059392403811216354	0.029262825846672058	False	[0 0 0 0 0 0]	[0 0 0 0 0 0]	[0 0 0 0 0 0]	[0 0 0 0 0 0]
51	0.1525000035762787	0.11584173142910004	0.05077921226620674	0.00011780952627304941	0.03651714697480202	0.02842756360769272	False	[0 0 0 0 1 0]	[1 0 0 0 0 0]	[0 1 0 0 0 0]	[0 0 0 1 0 0]
51	0.125	0.17910254001617432	0.07348565012216568	0.00011208542855456471	0.07226958125829697	0.03323521465063095	False	[0 0 0 0 0 0]	[0 0 0 0 0 0]	[0 0 0 0 0 0]	[0 0 0 0 0 0]
51	0.16249999403953552	0.12207800149917603	0.05057061091065407	0.00012570199032779783	0.04067331925034523	0.030708368867635727	False	[0 0 0 0 1 0]	[1 0 0 0 0 0]	[0 1 0 0 0 0]	[0 0 0 1 0 0]
51	0.12250000238418579	0.18974611163139343	0.07862205058336258	0.00011698070738930255	0.07672518491744995	0.034281887114048004	False	[0 0 0 0 0 0]	[0 0 0 0 0 0]	[0 0 0 0 0 0]	[0 0 0 0 0 0]
51	0.1599999964237213	0.1393410563468933	0.05553797632455826	0.00014239808660931885	0.047513697296381	0.03614697977900505	False	[0 0 0 0 1 0]	[1 0 0 0 0 0]	[0 1 0 0 0 0]	[0 0 0 1 0 0]
51	0.125	0.1492290198802948	0.06025044620037079	0.0001205968001158908	0.0617142990231514	0.027143675833940506	False	[0 0 0 0 0 0]	[0 0 0 0 0 0]	[0 0 0 0 0 0]	[0 0 0 0 0 0]
51	0.16500000655651093	0.12840430438518524	0.054571423679590225	0.00013337664131540805	0.04152531921863556	0.03217418119311333	False	[0 0 0 0 1 0]	[1 0 0 0 0 0]	[0 1 0 0 0 0]	[0 0 0 1 0 0]
51	0.12250000238418579	0.14770200848579407	0.05771055445075035	0.00011893078044522554	0.060671284794807434	0.029201237484812737	False	[0 0 0 0 0 0]	[0 0 0 0 0 0]	[0 0 0 0 0 0]	[0 0 0 0 0 0]
51	0.17000000178813934	0.12096337229013443	0.0494171567261219	0.00013487186515703797	0.04069749265909195	0.030713848769664764	False	[0 0 0 0 1 0]	[1 0 0 0 0 0]	[0 1 0 0 0 0]	[0 0 0 1 0 0]
51	0.12250000238418579	0.1792794018983841	0.07536917179822922	0.00012118678569095209	0.0719631016254425	0.031825948506593704	False	[0 0 0 0 0 0]	[0 0 0 0 0 0]	[0 0 0 0 0 0]	[0 0 0 0 0 0]
51	0.16500000655651093	0.13934527337551117	0.054212745279073715	0.0001520994701422751	0.04890869930386543	0.03607173264026642	False	[0 0 0 0 1 0]	[1 0 0 0 0 0]	[0 1 0 0 0 0]	[0 0 0 1 0 0]
51	0.11999999731779099	0.224153071641922	0.09784425795078278	0.00010972265590680763	0.08847369253635406	0.03772538900375366	False	[0 0 0 0 0 0]	[0 0 0 0 0 0]	[0 0 0 0 0 0]	[0 0 0 0 0 0]
51	0.14499999582767487	0.11556746065616608	0.05106862634420395	0.00011824608372990042	0.03624284267425537	0.02813774161040783	False	[0 0 0 0 1 0]	[1 0 0 0 0 0]	[0 1 0 0 0 0]	[0 0 0 1 0 0]
51	0.11999999731779099	0.15880753099918365	0.06340136379003525	0.00011129675840493292	0.06504561752080917	0.030249249190092087	False	[0 0 0 0 0 0]	[0 0 0 0 0 0]	[0 0 0 0 0 0]	[0 0 0 0 0 0]
52	0.1574999988079071	0.6795427799224854	0.016504570841789246	6.835596286691725e-05	0.09771236032247543	0.5652574896812439	False	[0 0 0 0 1 0]	[1 0 0 0 0 0]	[0 1 0 0 0 0]	[0 0 0 1 0 0]
52	0.125	0.559608519077301	0.01882067695260048	6.041164306225255e-05	0.10956238955259323	0.43116503953933716	False	[0 0 0 0 0 0]	[0 0 0 0 0 0]	[0 0 0 0 0 0]	[0 0 0 0 0 0]
52	0.14499999582767487	0.7173686027526855	0.016990123316645622	8.001129026524723e-05	0.10495249181985855	0.5953459739685059	False	[0 0 0 0 1 0]	[1 0 0 0 0 0]	[0 1 0 0 0 0]	[0 0 0 1 0 0]
52	0.125	0.6493669748306274	0.02034635655581951	6.022986781317741e-05	0.1255662590265274	0.5033941268920898	False	[0 0 0 0 0 0]	[0 0 0 0 0 0]	[0 0 0 0 0 0]	[0 0 0 0 0 0]
52	0.1550000011920929	0.7484050393104553	0.017083415761590004	8.9934968855232e-05	0.1121823862195015	0.6190493106842041	False	[0 0 0 0 1 0]	[1 0 0 0 0 0]	[0 1 0 0 0 0]	[0 0 0 1 0 0]
52	0.125	0.6121228337287903	0.01815512590110302	7.186058792285621e-05	0.11306141316890717	0.480834424495697	False	[0 0 0 0 0 0]	[0 0 0 0 0 0]	[0 0 0 0 0 0]	[0 0 0 0 0 0]
52	0.14249999821186066	0.7020221948623657	0.01739201508462429	7.157800428103656e-05	0.10343236476182938	0.5811262130737305	False	[0 0 0 0 1 0]	[1 0 0 0 0 0]	[0 1 0 0 0 0]	[0 0 0 1 0 0]
52	0.125	0.6151100397109985	0.02376214787364006	5.215869168750942e-05	0.12853436172008514	0.46276140213012695	False	[0 0 0 0 0 0]	[0 0 0 0 0 0]	[0 0 0 0 0 0]	[0 0 0 0 0 0]
52	0.1850000023841858	0.6788105368614197	0.017003003507852554	6.7871471401304e-05	0.09819190949201584	0.5635477304458618	False	[0 0 0 0 1 0]	[1 0 0 0 0 0]	[0 1 0 0 0 0]	[0 0 0 1 0 0]
52	0.12999999523162842	0.5353608131408691	0.016823479905724525	6.340841355267912e-05	0.10149206966161728	0.41698187589645386	False	[0 0 0 0 0 0]	[0 0 0 0 0 0]	[0 0 0 0 0 0]	[0 0 0 0 0 0]
52	0.1599999964237213	0.6976372003555298	0.01663598045706749	7.746485789539292e-05	0.10037192702293396	0.58055180311203	False	[0 0 0 0 1 0]	[1 0 0 0 0 0]	[0 1 0 0 0 0]	[0 0 0 1 0 0]
52	0.11999999731779099	0.6054337024688721	0.019958268851041794	6.223743548616767e-05	0.11613331735134125	0.4692798852920532	False	[0 0 0 0 0 0]	[0 0 0 0 0 0]	[0 0 0 0 0 0]	[0 0 0 0 0 0]
52	0.14749999344348907	0.6475370526313782	0.015857530757784843	6.13518277532421e-05	0.09309390187263489	0.5385242700576782	False	[0 0 0 0 1 0]	[1 0 0 0 0 0]	[0 1 0 0 0 0]	[0 0 0 1 0 0]
52	0.12250000238418579	0.5217770934104919	0.017356757074594498	5.432758553070016e-05	0.10141206532716751	0.40295395255088806	False	[0 0 0 0 0 0]	[0 0 0 0 0 0]	[0 0 0 0 0 0]	[0 0 0 0 0 0]
52	0.14000000059604645	0.6818305253982544	0.015933608636260033	7.479928171960637e-05	0.0969424769282341	0.5688796639442444	False	[0 0 0 0 1 0]	[1 0 0 0 0 0]	[0 1 0 0 0 0]	[0 0 0 1 0 0]
52	0.125	0.5895586013793945	0.018711522221565247	5.7920442486647516e-05	0.11311190575361252	0.45767727494239807	False	[0 0 0 0 0 0]	[0 0 0 0 0 0]	[0 0 0 0 0 0]	[0 0 0 0 0 0]
52	0.17000000178813934	0.7157517671585083	0.016644733026623726	8.183252066373825e-05	0.10439663380384445	0.5946285724639893	False	[0 0 0 0 1 0]	[1 0 0 0 0 0]	[0 1 0 0 0 0]	[0 0 0 1 0 0]
52	0.11999999731779099	0.5403044819831848	0.017609693109989166	6.22914667474106e-05	0.10534068197011948	0.4172918200492859	False	[0 0 0 0 0 0]	[0 0 0 0 0 0]	[0 0 0 0 0 0]	[0 0 0 0 0 0]
52	0.14000000059604645	0.7417216300964355	0.01693093776702881	8.629968215245754e-05	0.11189533770084381	0.6128090620040894	False	[0 0 0 0 1 0]	[1 0 0 0 0 0]	[0 1 0 0 0 0]	[0 0 0 1 0 0]
52	0.11999999731779099	0.6442753076553345	0.018206549808382988	7.224908040370792e-05	0.11847590655088425	0.5075206160545349	False	[0 0 0 0 0 0]	[0 0 0 0 0 0]	[0 0 0 0 0 0]	[0 0 0 0 0 0]
52	0.1574999988079071	0.6631503701210022	0.016916029155254364	6.53355018584989e-05	0.09469382464885712	0.5514751672744751	False	[0 0 0 0 1 0]	[1 0 0 0 0 0]	[0 1 0 0 0 0]	[0 0 0 1 0 0]
52	0.125	0.5463665723800659	0.015050563029944897	7.538011413998902e-05	0.09719397127628326	0.4340466856956482	False	[0 0 0 0 0 0]	[0 0 0 0 0 0]	[0 0 0 0 0 0]	[0 0 0 0 0 0]
52	0.18000000715255737	0.6695915460586548	0.01683475635945797	6.679978832835332e-05	0.09575367718935013	0.5569363236427307	False	[0 0 0 0 1 0]	[1 0 0 0 0 0]	[0 1 0 0 0 0]	[0 0 0 1 0 0]
52	0.12999999523162842	0.557753324508667	0.018030788749456406	5.887123552383855e-05	0.10850641131401062	0.43115726113319397	False	[0 0 0 0 0 0]	[0 0 0 0 0 0]	[0 0 0 0 0 0]	[0 0 0 0 0 0]
52	0.1550000011920929	0.7517906427383423	0.017195260152220726	9.252085874322802e-05	0.11409551650285721	0.6204073429107666	False	[0 0 0 0 1 0]	[1 0 0 0 0 0]	[0 1 0 0 0 0]	[0 0 0 1 0 0]
52	0.12250000238418579	0.5924004912376404	0.019432958215475082	6.273922190302983e-05	0.11520414054393768	0.4577006697654724	False	[0 0 0 0 0 0]	[0 0 0 0 0 0]	[0 0 0 0 0 0]	[0 0 0 0 0 0]
52	0.15000000596046448	0.6940534114837646	0.015877066180109978	7.801291940268129e-05	0.0998525470495224	0.5782458186149597	False	[0 0 0 0 1 0]	[1 0 0 0 0 0]	[0 1 0 0 0 0]	[0 0 0 1 0 0]
52	0.11749999970197678	0.5888417959213257	0.019485965371131897	5.940024129813537e-05	0.1150752380490303	0.4542211890220642	False	[0 0 0 0 0 0]	[0 0 0 0 0 0]	[0 0 0 0 0 0]	[0 0 0 0 0 0]
52	0.15000000596046448	0.7370133399963379	0.01647031307220459	8.172244997695088e-05	0.11053058505058289	0.6099307537078857	False	[0 0 0 0 1 0]	[1 0 0 0 0 0]	[0 1 0 0 0 0]	[0 0 0 1 0 0]
52	0.12999999523162842	0.5589690208435059	0.018210606649518013	5.58954052394256e-05	0.10641460865736008	0.4342879354953766	False	[0 0 0 0 0 0]	[0 0 0 0 0 0]	[0 0 0 0 0 0]	[0 0 0 0 0 0]
53	0.15000000596046448	0.5951665639877319	0.0100411307066679	9.203208901453763e-05	0.07002374529838562	0.5150096416473389	False	[0 0 0 0 1 0]	[1 0 0 0 0 0]	[0 1 0 0 0 0]	[0 0 0 1 0 0]
53	0.1274999976158142	0.3087611794471741	0.006927404552698135	7.890720007708296e-05	0.06794311851263046	0.23381173610687256	False	[0 0 0 0 0 0]	[0 0 0 0 0 0]	[0 0 0 0 0 0]	[0 0 0 0 0 0]
53	0.14499999582767487	0.629037618637085	0.010875174775719643	8.358874765690416e-05	0.07579599320888519	0.5422828793525696	False	[0 0 0 0 1 0]	[1 0 0 0 0 0]	[0 1 0 0 0 0]	[0 0 0 1 0 0]
53	0.12250000238418579	0.3156006932258606	0.007489620707929134	7.88733595982194e-05	0.07156946510076523	0.23646272718906403	False	[0 0 0 0 0 0]	[0 0 0 0 0 0]	[0 0 0 0 0 0]	[0 0 0 0 0 0]
53	0.16500000655651093	0.6217272281646729	0.01039538811892271	9.399860573466867e-05	0.07239601761102676	0.5388418436050415	False	[0 0 0 0 1 0]	[1 0 0 0 0 0]	[0 1 0 0 0 0]	[0 0 0 1 0 0]
53	0.11999999731779099	0.2914198637008667	0.007162099238485098	7.41552357794717e-05	0.06889098882675171	0.21529260277748108	False	[0 0 0 0 0 0]	[0 0 0 0 0 0]	[0 0 0 0 0 0]	[0 0 0 0 0 0]
53	0.15000000596046448	0.6694117784500122	0.011874781921505928	0.0001088928765966557	0.08085154742002487	0.5765765309333801	False	[0 0 0 0 1 0]	[1 0 0 0 0 0]	[0 1 0 0 0 0]	[0 0 0 1 0 0]
53	0.12999999523162842	0.3026679456233978	0.0067303418181836605	8.378876373171806e-05	0.06899671256542206	0.22685709595680237	False	[0 0 0 0 0 0]	[0 0 0 0 0 0]	[0 0 0 0 0 0]	[0 0 0 0 0 0]
53	0.17499999701976776	0.6648843884468079	0.011741645634174347	0.00010509582352824509	0.07964001595973969	0.5733976364135742	False	[0 0 0 0 1 0]	[1 0 0 0 0 0]	[0 1 0 0 0 0]	[0 0 0 1 0 0]
53	0.12250000238418579	0.3065911829471588	0.0074117593467235565	7.143443508539349e-05	0.07027840614318848	0.22882957756519318	False	[0 0 0 0 0 0]	[0 0 0 0 0 0]	[0 0 0 0 0 0]	[0 0 0 0 0 0]
53	0.1550000011920929	0.5824585556983948	0.009837844409048557	9.003774903248996e-05	0.067567378282547	0.5049632787704468	False	[0 0 0 0 1 0]	[1 0 0 0 0 0]	[0 1 0 0 0 0]	[0 0 0 1 0 0]
53	0.12250000238418579	0.3180578351020813	0.007600496523082256	7.932382868602872e-05	0.07231856137514114	0.23805944621562958	False	[0 0 0 0 0 0]	[0 0 0 0 0 0]	[0 0 0 0 0 0]	[0 0 0 0 0 0]
53	0.14499999582767487	0.6311053037643433	0.010917626321315765	9.80438562692143e-05	0.07434448599815369	0.5457451343536377	False	[0 0 0 0 1 0]	[1 0 0 0 0 0]	[0 1 0 0 0 0]	[0 0 0 1 0 0]
53	0.12250000238418579	0.30406543612480164	0.0073019457049667835	8.216951391659677e-05	0.07091844081878662	0.22576287388801575	False	[0 0 0 0 0 0]	[0 0 0 0 0 0]	[0 0 0 0 0 0]	[0 0 0 0 0 0]
53	0.1599999964237213	0.6811975240707397	0.012152870185673237	0.00010746758198365569	0.0811893567442894	0.5877478122711182	False	[0 0 0 0 1 0]	[1 0 0 0 0 0]	[0 1 0 0 0 0]	[0 0 0 1 0 0]
53	0.125	0.2910049557685852	0.0074584889225661755	8.042814442887902e-05	0.07219871133565903	0.21126732230186462	False	[0 0 0 0 0 0]	[0 0 0 0 0 0]	[0 0 0 0 0 0]	[0 0 0 0 0 0]
53	0.16500000655651093	0.6227392554283142	0.010666602291166782	8.771516877459362e-05	0.07353372126817703	0.5384511947631836	False	[0 0 0 0 1 0]	[1 0 0 0 0 0]	[0 1 0 0 0 0]	[0 0 0 1 0 0]
53	0.12250000238418579	0.30644842982292175	0.007118468638509512	7.32390908524394e-05	0.0693427249789238	0.22991399466991425	False	[0 0 0 0 0 0]	[0 0 0 0 0 0]	[0 0 0 0 0 0]	[0 0 0 0 0 0]
53	0.1550000011920929	0.6390178203582764	0.011050999164581299	9.619480988476425e-05	0.07486199587583542	0.5530086159706116	False	[0 0 0 0 1 0]	[1 0 0 0 0 0]	[0 1 0 0 0 0]	[0 0 0 1 0 0]
53	0.12250000238418579	0.30329492688179016	0.006688673514872789	9.290344314649701e-05	0.0663907453417778	0.2301226109266281	False	[0 0 0 0 0 0]	[0 0 0 0 0 0]	[0 0 0 0 0 0]	[0 0 0 0 0 0]
53	0.1599999964237213	0.6487208008766174	0.011089250445365906	9.79914766503498e-05	0.07685425132513046	0.5606793165206909	False	[0 0 0 0 1 0]	[1 0 0 0 0 0]	[0 1 0 0 0 0]	[0 0 0 1 0 0]
53	0.12250000238418579	0.2898785173892975	0.007347751874476671	7.224290311569348e-05	0.06698669493198395	0.21547183394432068	False	[0 0 0 0 0 0]	[0 0 0 0 0 0]	[0 0 0 0 0 0]	[0 0 0 0 0 0]
53	0.1574999988079071	0.645919680595398	0.011281530372798443	9.217081242240965e-05	0.07708331942558289	0.5574626326560974	False	[0 0 0 0 1 0]	[1 0 0 0 0 0]	[0 1 0 0 0 0]	[0 0 0 1 0 0]
53	0.1274999976158142	0.27611905336380005	0.006602718029171228	7.134291809052229e-05	0.06379631906747818	0.20564866065979004	False	[0 0 0 0 0 0]	[0 0 0 0 0 0]	[0 0 0 0 0 0]	[0 0 0 0 0 0]
53	0.1574999988079071	0.6274202466011047	0.010926343500614166	8.058469393290579e-05	0.07556609809398651	0.5408472418785095	False	[0 0 0 0 1 0]	[1 0 0 0 0 0]	[0 1 0 0 0 0]	[0 0 0 1 0 0]
53	0.12999999523162842	0.2701885402202606	0.0065736547112464905	7.900396303739399e-05	0.06323272734880447	0.20030315220355988	False	[0 0 0 0 0 0]	[0 0 0 0 0 0]	[0 0 0 0 0 0]	[0 0 0 0 0 0]
53	0.16500000655651093	0.6086564064025879	0.01014871895313263	9.31002723518759e-05	0.07001764327287674	0.5283969640731812	False	[0 0 0 0 1 0]	[1 0 0 0 0 0]	[0 1 0 0 0 0]	[0 0 0 1 0 0]
53	0.11999999731779099	0.2758464515209198	0.007070822641253471	7.245833694469184e-05	0.06650790572166443	0.20219525694847107	False	[0 0 0 0 0 0]	[0 0 0 0 0 0]	[0 0 0 0 0 0]	[0 0 0 0 0 0]
53	0.13750000298023224	0.5909688472747803	0.009955315850675106	9.571175905875862e-05	0.06802071630954742	0.5128970742225647	False	[0 0 0 0 1 0]	[1 0 0 0 0 0]	[0 1 0 0 0 0]	[0 0 0 1 0 0]
53	0.125	0.34370875358581543	0.008222423493862152	7.72737548686564e-05	0.07889293879270554	0.25651612877845764	False	[0 0 0 0 0 0]	[0 0 0 0 0 0]	[0 0 0 0 0 0]	[0 0 0 0 0 0]
54	0.1599999964237213	0.5458076000213623	0.03329081833362579	0.00033108110073953867	0.030885696411132812	0.48130002617836	False	[0 0 0 0 1 0]	[1 0 0 0 0 0]	[0 1 0 0 0 0]	[0 0 0 1 0 0]
54	0.11999999731779099	0.16427914798259735	0.019312076270580292	0.00015573087148368359	0.02243112586438656	0.12238021939992905	False	[0 0 0 0 0 0]	[0 0 0 0 0 0]	[0 0 0 0 0 0]	[0 0 0 0 0 0]
54	0.14499999582767487	0.4808875024318695	0.03219938650727272	0.00023658471764065325	0.02614687569439411	0.4223046600818634	False	[0 0 0 0 1 0]	[1 0 0 0 0 0]	[0 1 0 0 0 0]	[0 0 0 1 0 0]
54	0.12250000238418579	0.18109264969825745	0.0202757827937603	0.00017912936164066195	0.024988867342472076	0.13564887642860413	False	[0 0 0 0 0 0]	[0 0 0 0 0 0]	[0 0 0 0 0 0]	[0 0 0 0 0 0]
54	0.17499999701976776	0.526204526424408	0.03121456503868103	0.00031868944643065333	0.028830640017986298	0.4658406376838684	False	[0 0 0 0 1 0]	[1 0 0 0 0 0]	[0 1 0 0 0 0]	[0 0 0 1 0 0]
54	0.125	0.14631813764572144	0.017755933105945587	0.0001872873690444976	0.020099597051739693	0.10827531665563583	False	[0 0 0 0 0 0]	[0 0 0 0 0 0]	[0 0 0 0 0 0]	[0 0 0 0 0 0]
54	0.15000000596046448	0.5235636234283447	0.03192290663719177	0.00031992586445994675	0.02871941216289997	0.46260136365890503	False	[0 0 0 0 1 0]	[1 0 0 0 0 0]	[0 1 0 0 0 0]	[0 0 0 1 0 0]
54	0.125	0.1675458550453186	0.02061491645872593	0.00016037060413509607	0.022777417674660683	0.1239931583404541	False	[0 0 0 0 0 0]	[0 0 0 0 0 0]	[0 0 0 0 0 0]	[0 0 0 0 0 0]
54	0.17000000178813934	0.5270993113517761	0.031251903623342514	0.00035586717422120273	0.029024329036474228	0.4664672017097473	False	[0 0 0 0 1 0]	[1 0 0 0 0 0]	[0 1 0 0 0 0]	[0 0 0 1 0 0]
54	0.11999999731779099	0.13634443283081055	0.016355404630303383	0.00022177421487867832	0.019663533195853233	0.10010372847318649	False	[0 0 0 0 0 0]	[0 0 0 0 0 0]	[0 0 0 0 0 0]	[0 0 0 0 0 0]
54	0.16500000655651093	0.5069486498832703	0.03209424018859863	0.0002848705044016242	0.027030594646930695	0.44753897190093994	False	[0 0 0 0 1 0]	[1 0 0 0 0 0]	[0 1 0 0 0 0]	[0 0 0 1 0 0]
54	0.12250000238418579	0.15920895338058472	0.01829363778233528	0.00018740983796305954	0.02115861140191555	0.11956928670406342	False	[0 0 0 0 0 0]	[0 0 0 0 0 0]	[0 0 0 0 0 0]	[0 0 0 0 0 0]
54	0.15000000596046448	0.5132976770401001	0.030520513653755188	0.0003477619029581547	0.027252942323684692	0.4551764726638794	False	[0 0 0 0 1 0]	[1 0 0 0 0 0]	[0 1 0 0 0 0]	[0 0 0 1 0 0]
54	0.125	0.1697397530078888	0.019126705825328827	0.00017869885778054595	0.022543935105204582	0.12789040803909302	False	[0 0 0 0 0 0]	[0 0 0 0 0 0]	[0 0 0 0 0 0]	[0 0 0 0 0 0]
54	0.1599999964237213	0.5231372117996216	0.03369659557938576	0.00029857773915864527	0.028673214837908745	0.4604688286781311	False	[0 0 0 0 1 0]	[1 0 0 0 0 0]	[0 1 0 0 0 0]	[0 0 0 1 0 0]
54	0.12250000238418579	0.1679374724626541	0.017041634768247604	0.0001830105611588806	0.02159414440393448	0.1291186809539795	False	[0 0 0 0 0 0]	[0 0 0 0 0 0]	[0 0 0 0 0 0]	[0 0 0 0 0 0]
54	0.14000000059604645	0.5324280261993408	0.03170504420995712	0.0003331779735162854	0.029088210314512253	0.4713015854358673	False	[0 0 0 0 1 0]	[1 0 0 0 0 0]	[0 1 0 0 0 0]	[0 0 0 1 0 0]
54	0.11999999731779099	0.1568465232849121	0.01809108629822731	0.00018725662084762007	0.02148628421127796	0.1170819029211998	False	[0 0 0 0 0 0]	[0 0 0 0 0 0]	[0 0 0 0 0 0]	[0 0 0 0 0 0]
54	0.13750000298023224	0.47554811835289	0.02981463633477688	0.0003038541763089597	0.025469603016972542	0.41996002197265625	False	[0 0 0 0 1 0]	[1 0 0 0 0 0]	[0 1 0 0 0 0]	[0 0 0 1 0 0]
54	0.125	0.17132455110549927	0.018147815018892288	0.0002347812696825713	0.02221258543431759	0.13072937726974487	False	[0 0 0 0 0 0]	[0 0 0 0 0 0]	[0 0 0 0 0 0]	[0 0 0 0 0 0]
54	0.1550000011920929	0.49524229764938354	0.028957616537809372	0.0003395079984329641	0.027110563591122627	0.43883460760116577	False	[0 0 0 0 1 0]	[1 0 0 0 0 0]	[0 1 0 0 0 0]	[0 0 0 1 0 0]
54	0.11999999731779099	0.15189777314662933	0.017551802098751068	0.00017859444778878242	0.020733855664730072	0.11343351751565933	False	[0 0 0 0 0 0]	[0 0 0 0 0 0]	[0 0 0 0 0 0]	[0 0 0 0 0 0]
54	0.19499999284744263	0.4738919138908386	0.030634921044111252	0.00026706873904913664	0.02550056204199791	0.41748934984207153	False	[0 0 0 0 1 0]	[1 0 0 0 0 0]	[0 1 0 0 0 0]	[0 0 0 1 0 0]
54	0.13249999284744263	0.16788586974143982	0.020119531080126762	0.00018224907398689538	0.02232992649078369	0.12525415420532227	False	[0 0 0 0 0 0]	[0 0 0 0 0 0]	[0 0 0 0 0 0]	[0 0 0 0 0 0]
54	0.16750000417232513	0.5164389610290527	0.030864225700497627	0.0003285049751866609	0.028584755957126617	0.4566614627838135	False	[0 0 0 0 1 0]	[1 0 0 0 0 0]	[0 1 0 0 0 0]	[0 0 0 1 0 0]
54	0.12250000238418579	0.16254377365112305	0.016809921711683273	0.00018710980657488108	0.021848302334547043	0.12369844317436218	False	[0 0 0 0 0 0]	[0 0 0 0 0 0]	[0 0 0 0 0 0]	[0 0 0 0 0 0]
54	0.1550000011920929	0.539178192615509	0.03166148439049721	0.00030824370332993567	0.029381118714809418	0.47782737016677856	False	[0 0 0 0 1 0]	[1 0 0 0 0 0]	[0 1 0 0 0 0]	[0 0 0 1 0 0]
54	0.125	0.15679150819778442	0.0186077281832695	0.00017572377691976726	0.02137037180364132	0.11663767695426941	False	[0 0 0 0 0 0]	[0 0 0 0 0 0]	[0 0 0 0 0 0]	[0 0 0 0 0 0]
54	0.1550000011920929	0.5053675174713135	0.030199043452739716	0.00031433874391950667	0.02661677449941635	0.4482373595237732	False	[0 0 0 0 1 0]	[1 0 0 0 0 0]	[0 1 0 0 0 0]	[0 0 0 1 0 0]
54	0.11749999970197678	0.16049546003341675	0.017225252464413643	0.00020583705918397754	0.021357856690883636	0.1217065081000328	False	[0 0 0 0 0 0]	[0 0 0 0 0 0]	[0 0 0 0 0 0]	[0 0 0 0 0 0]
55	0.17499999701976776	0.29716774821281433	0.02308831736445427	0.0002235736756119877	0.09947826713323593	0.17437759041786194	False	[0 0 0 0 1 0]	[1 0 0 0 0 0]	[0 1 0 0 0 0]	[0 0 0 1 0 0]
55	0.125	0.12292515486478806	0.029127348214387894	0.000259601220022887	0.06811193376779556	0.02542627602815628	False	[0 0 0 0 0 0]	[0 0 0 0 0 0]	[0 0 0 0 0 0]	[0 0 0 0 0 0]
55	0.1899999976158142	0.26291123032569885	0.02392360009253025	0.0001715758116915822	0.0874699056148529	0.1513461470603943	False	[0 0 0 0 1 0]	[1 0 0 0 0 0]	[0 1 0 0 0 0]	[0 0 0 1 0 0]
55	0.12250000238418579	0.12387692928314209	0.030781103298068047	0.00023667269852012396	0.06902465969324112	0.023834500461816788	False	[0 0 0 0 0 0]	[0 0 0 0 0 0]	[0 0 0 0 0 0]	[0 0 0 0 0 0]
55	0.1599999964237213	0.25620168447494507	0.021921882405877113	0.00021597013983409852	0.08840082585811615	0.14566300809383392	False	[0 0 0 0 1 0]	[1 0 0 0 0 0]	[0 1 0 0 0 0]	[0 0 0 1 0 0]
55	0.11500000208616257	0.11712455749511719	0.02676684968173504	0.00022929404804017395	0.06669535487890244	0.023433055728673935	False	[0 0 0 0 0 0]	[0 0 0 0 0 0]	[0 0 0 0 0 0]	[0 0 0 0 0 0]
55	0.1550000011920929	0.33483827114105225	0.023381518200039864	0.0002734654408413917	0.10771199315786362	0.20347127318382263	False	[0 0 0 0 1 0]	[1 0 0 0 0 0]	[0 1 0 0 0 0]	[0 0 0 1 0 0]
55	0.12250000238418579	0.11978411674499512	0.030377205461263657	0.0002456202346365899	0.06801491975784302	0.021146375685930252	False	[0 0 0 0 0 0]	[0 0 0 0 0 0]	[0 0 0 0 0 0]	[0 0 0 0 0 0]
55	0.16750000417232513	0.2980085611343384	0.023844508454203606	0.00021822430426254869	0.09409651160240173	0.17984932661056519	False	[0 0 0 0 1 0]	[1 0 0 0 0 0]	[0 1 0 0 0 0]	[0 0 0 1 0 0]
55	0.125	0.13840921223163605	0.0328056626021862	0.00022939741029404104	0.07671520859003067	0.028658941388130188	False	[0 0 0 0 0 0]	[0 0 0 0 0 0]	[0 0 0 0 0 0]	[0 0 0 0 0 0]
55	0.1599999964237213	0.3109627664089203	0.02355203405022621	0.00023499791859649122	0.09919919073581696	0.18797653913497925	False	[0 0 0 0 1 0]	[1 0 0 0 0 0]	[0 1 0 0 0 0]	[0 0 0 1 0 0]
55	0.125	0.11801573634147644	0.028783397749066353	0.00022413302212953568	0.06574485450983047	0.0232633538544178	False	[0 0 0 0 0 0]	[0 0 0 0 0 0]	[0 0 0 0 0 0]	[0 0 0 0 0 0]
55	0.16500000655651093	0.30603650212287903	0.025487255305051804	0.00021540324087254703	0.09702067077159882	0.18331317603588104	False	[0 0 0 0 1 0]	[1 0 0 0 0 0]	[0 1 0 0 0 0]	[0 0 0 1 0 0]
55	0.12250000238418579	0.11452300101518631	0.02703873999416828	0.0002286005183123052	0.06380784511566162	0.02344782091677189	False	[0 0 0 0 0 0]	[0 0 0 0 0 0]	[0 0 0 0 0 0]	[0 0 0 0 0 0]
55	0.1599999964237213	0.2707138657569885	0.022738372907042503	0.00020997118554078043	0.0895879864692688	0.15817755460739136	False	[0 0 0 0 1 0]	[1 0 0 0 0 0]	[0 1 0 0 0 0]	[0 0 0 1 0 0]
55	0.11999999731779099	0.12326911091804504	0.029683062806725502	0.00022376880224328488	0.06972705572843552	0.023635227233171463	False	[0 0 0 0 0 0]	[0 0 0 0 0 0]	[0 0 0 0 0 0]	[0 0 0 0 0 0]
55	0.1550000011920929	0.255391001701355	0.02236376702785492	0.00019262870773673058	0.08617601543664932	0.14665859937667847	False	[0 0 0 0 1 0]	[1 0 0 0 0 0]	[0 1 0 0 0 0]	[0 0 0 1 0 0]
55	0.125	0.14599737524986267	0.0350644513964653	0.00021319313964340836	0.08128607273101807	0.029433658346533775	False	[0 0 0 0 0 0]	[0 0 0 0 0 0]	[0 0 0 0 0 0]	[0 0 0 0 0 0]
55	0.16500000655651093	0.2509578466415405	0.024627862498164177	0.0001759212464094162	0.0823417380452156	0.14381232857704163	False	[0 0 0 0 1 0]	[1 0 0 0 0 0]	[0 1 0 0 0 0]	[0 0 0 1 0 0]
55	0.125	0.1335110068321228	0.03211232274770737	0.00022694906510878354	0.074587881565094	0.026583842933177948	False	[0 0 0 0 0 0]	[0 0 0 0 0 0]	[0 0 0 0 0 0]	[0 0 0 0 0 0]
55	0.15000000596046448	0.31582748889923096	0.021871548146009445	0.000278122432064265	0.10399027168750763	0.18968753516674042	False	[0 0 0 0 1 0]	[1 0 0 0 0 0]	[0 1 0 0 0 0]	[0 0 0 1 0 0]
55	0.12999999523162842	0.12301542609930038	0.030905146151781082	0.00024980268790386617	0.07091319561004639	0.020947284996509552	False	[0 0 0 0 0 0]	[0 0 0 0 0 0]	[0 0 0 0 0 0]	[0 0 0 0 0 0]
55	0.16249999403953552	0.26752233505249023	0.02344806306064129	0.00022175157209858298	0.08905849605798721	0.15479403734207153	False	[0 0 0 0 1 0]	[1 0 0 0 0 0]	[0 1 0 0 0 0]	[0 0 0 1 0 0]
55	0.12250000238418579	0.1247139722108841	0.028832193464040756	0.0002575138641986996	0.07110845297574997	0.024515805765986443	False	[0 0 0 0 0 0]	[0 0 0 0 0 0]	[0 0 0 0 0 0]	[0 0 0 0 0 0]
55	0.15000000596046448	0.2982866168022156	0.0228593572974205	0.00021621963242068887	0.09836268424987793	0.17684835195541382	False	[0 0 0 0 1 0]	[1 0 0 0 0 0]	[0 1 0 0 0 0]	[0 0 0 1 0 0]
55	0.125	0.12094958871603012	0.027050798758864403	0.00025803811149671674	0.0689922496676445	0.024648504331707954	False	[0 0 0 0 0 0]	[0 0 0 0 0 0]	[0 0 0 0 0 0]	[0 0 0 0 0 0]
55	0.17000000178813934	0.3191121816635132	0.02342218905687332	0.00022380531299859285	0.09671763330698013	0.19874855875968933	False	[0 0 0 0 1 0]	[1 0 0 0 0 0]	[0 1 0 0 0 0]	[0 0 0 1 0 0]
55	0.12250000238418579	0.12237397581338882	0.031188448891043663	0.0002385895641054958	0.07001829892396927	0.020928645506501198	False	[0 0 0 0 0 0]	[0 0 0 0 0 0]	[0 0 0 0 0 0]	[0 0 0 0 0 0]
55	0.1899999976158142	0.30906277894973755	0.023457659408450127	0.00022282317513599992	0.09850185364484787	0.1868804544210434	False	[0 0 0 0 1 0]	[1 0 0 0 0 0]	[0 1 0 0 0 0]	[0 0 0 1 0 0]
55	0.12250000238418579	0.12091138958930969	0.028677843511104584	0.0002491435152478516	0.06808462738990784	0.023899778723716736	False	[0 0 0 0 0 0]	[0 0 0 0 0 0]	[0 0 0 0 0 0]	[0 0 0 0 0 0]
56	0.13249999284744263	0.35991665720939636	0.018246721476316452	9.451870573684573e-05	0.12535002827644348	0.21622538566589355	False	[0 0 0 0 1 0]	[1 0 0 0 0 0]	[0 1 0 0 0 0]	[0 0 0 1 0 0]
56	0.125	0.35454416275024414	0.04927210882306099	0.00010970055882353336	0.21299713850021362	0.09216518700122833	False	[0 0 0 0 0 0]	[0 0 0 0 0 0]	[0 0 0 0 0 0]	[0 0 0 0 0 0]
56	0.17000000178813934	0.3695683479309082	0.018766701221466064	8.079918916337192e-05	0.12407112121582031	0.22664973139762878	False	[0 0 0 0 1 0]	[1 0 0 0 0 0]	[0 1 0 0 0 0]	[0 0 0 1 0 0]
56	0.125	0.382355660200119	0.05224614590406418	0.00010897498577833176	0.2292967140674591	0.10070382803678513	False	[0 0 0 0 0 0]	[0 0 0 0 0 0]	[0 0 0 0 0 0]	[0 0 0 0 0 0]
56	0.1525000035762787	0.302174836397171	0.01749848760664463	7.056319736875594e-05	0.1093040481209755	0.17530173063278198	False	[0 0 0 0 1 0]	[1 0 0 0 0 0]	[0 1 0 0 0 0]	[0 0 0 1 0 0]
56	0.125	0.4169648289680481	0.058074016124010086	0.00010074229066958651	0.2446872442960739	0.11410285532474518	False	[0 0 0 0 0 0]	[0 0 0 0 0 0]	[0 0 0 0 0 0]	[0 0 0 0 0 0]
56	0.15000000596046448	0.3421362638473511	0.01724388636648655	8.664951019454747e-05	0.1138807088136673	0.21092499792575836	False	[0 0 0 0 1 0]	[1 0 0 0 0 0]	[0 1 0 0 0 0]	[0 0 0 1 0 0]
56	0.11999999731779099	0.3002234101295471	0.04220949485898018	0.00010818048031069338	0.18404307961463928	0.07386267185211182	False	[0 0 0 0 0 0]	[0 0 0 0 0 0]	[0 0 0 0 0 0]	[0 0 0 0 0 0]
56	0.14000000059604645	0.34697943925857544	0.016163231804966927	8.383949898416176e-05	0.1111028715968132	0.21962948143482208	False	[0 0 0 0 1 0]	[1 0 0 0 0 0]	[0 1 0 0 0 0]	[0 0 0 1 0 0]
56	0.125	0.359555184841156	0.04567771404981613	0.0001043682568706572	0.21558500826358795	0.09818810224533081	False	[0 0 0 0 0 0]	[0 0 0 0 0 0]	[0 0 0 0 0 0]	[0 0 0 0 0 0]
56	0.1550000011920929	0.35056596994400024	0.020176030695438385	7.6446813181974e-05	0.12112846970558167	0.20918500423431396	False	[0 0 0 0 1 0]	[1 0 0 0 0 0]	[0 1 0 0 0 0]	[0 0 0 1 0 0]
56	0.12250000238418579	0.3510534167289734	0.044633183628320694	0.00010665715672075748	0.209886372089386	0.09642721712589264	False	[0 0 0 0 0 0]	[0 0 0 0 0 0]	[0 0 0 0 0 0]	[0 0 0 0 0 0]
56	0.16500000655651093	0.39189454913139343	0.018644405528903008	8.651681127958e-05	0.1294720470905304	0.2436915785074234	False	[0 0 0 0 1 0]	[1 0 0 0 0 0]	[0 1 0 0 0 0]	[0 0 0 1 0 0]
56	0.12250000238418579	0.3844600021839142	0.051427457481622696	0.0001003111683530733	0.23224376142024994	0.10068849474191666	False	[0 0 0 0 0 0]	[0 0 0 0 0 0]	[0 0 0 0 0 0]	[0 0 0 0 0 0]
56	0.13249999284744263	0.35953283309936523	0.01655499078333378	8.941945270635188e-05	0.1218990832567215	0.22098933160305023	False	[0 0 0 0 1 0]	[1 0 0 0 0 0]	[0 1 0 0 0 0]	[0 0 0 1 0 0]
56	0.125	0.38329535722732544	0.05573983117938042	0.00010975752957165241	0.2301742136478424	0.09727156907320023	False	[0 0 0 0 0 0]	[0 0 0 0 0 0]	[0 0 0 0 0 0]	[0 0 0 0 0 0]
56	0.1574999988079071	0.3364436626434326	0.01707751862704754	9.030126966536045e-05	0.10929559171199799	0.20998024940490723	False	[0 0 0 0 1 0]	[1 0 0 0 0 0]	[0 1 0 0 0 0]	[0 0 0 1 0 0]
56	0.1274999976158142	0.31932544708251953	0.04179232567548752	0.00010890080011449754	0.19356438517570496	0.08385984599590302	False	[0 0 0 0 0 0]	[0 0 0 0 0 0]	[0 0 0 0 0 0]	[0 0 0 0 0 0]
56	0.15000000596046448	0.357134073972702	0.0188013706356287	8.698729652678594e-05	0.11746834218502045	0.22077737748622894	False	[0 0 0 0 1 0]	[1 0 0 0 0 0]	[0 1 0 0 0 0]	[0 0 0 1 0 0]
56	0.12250000238418579	0.34565094113349915	0.04813521355390549	0.00011333907605148852	0.2135535329580307	0.08384887129068375	False	[0 0 0 0 0 0]	[0 0 0 0 0 0]	[0 0 0 0 0 0]	[0 0 0 0 0 0]
56	0.14499999582767487	0.36591964960098267	0.01895693503320217	8.637621795060113e-05	0.12114942073822021	0.2257269024848938	False	[0 0 0 0 1 0]	[1 0 0 0 0 0]	[0 1 0 0 0 0]	[0 0 0 1 0 0]
56	0.125	0.3949563503265381	0.05410730838775635	0.00010337916319258511	0.23494088649749756	0.10580477118492126	False	[0 0 0 0 0 0]	[0 0 0 0 0 0]	[0 0 0 0 0 0]	[0 0 0 0 0 0]
56	0.17499999701976776	0.3442145884037018	0.018822791054844856	7.478832412743941e-05	0.11859426647424698	0.20672273635864258	False	[0 0 0 0 1 0]	[1 0 0 0 0 0]	[0 1 0 0 0 0]	[0 0 0 1 0 0]
56	0.12250000238418579	0.3615673780441284	0.04907295107841492	0.00010460222256369889	0.21646718680858612	0.09592264890670776	False	[0 0 0 0 0 0]	[0 0 0 0 0 0]	[0 0 0 0 0 0]	[0 0 0 0 0 0]
56	0.1599999964237213	0.37188124656677246	0.01675143837928772	0.0001123473048210144	0.12061510235071182	0.2344023585319519	False	[0 0 0 0 1 0]	[1 0 0 0 0 0]	[0 1 0 0 0 0]	[0 0 0 1 0 0]
56	0.125	0.3583430349826813	0.050143539905548096	0.00011291370901744813	0.21442848443984985	0.09365809708833694	False	[0 0 0 0 0 0]	[0 0 0 0 0 0]	[0 0 0 0 0 0]	[0 0 0 0 0 0]
56	0.1550000011920929	0.33998072147369385	0.018479427322745323	7.806724170222878e-05	0.11721893399953842	0.20420429110527039	False	[0 0 0 0 1 0]	[1 0 0 0 0 0]	[0 1 0 0 0 0]	[0 0 0 1 0 0]
56	0.12250000238418579	0.3654784560203552	0.0512867197394371	0.00011244888446526602	0.21819640696048737	0.09588288515806198	False	[0 0 0 0 0 0]	[0 0 0 0 0 0]	[0 0 0 0 0 0]	[0 0 0 0 0 0]
56	0.17499999701976776	0.34955525398254395	0.017150796949863434	8.466099097859114e-05	0.12014388293027878	0.2121758908033371	False	[0 0 0 0 1 0]	[1 0 0 0 0 0]	[0 1 0 0 0 0]	[0 0 0 1 0 0]
56	0.125	0.3202989995479584	0.042154762893915176	0.00011674291454255581	0.19385454058647156	0.08417294919490814	False	[0 0 0 0 0 0]	[0 0 0 0 0 0]	[0 0 0 0 0 0]	[0 0 0 0 0 0]
57	0.16500000655651093	0.20449328422546387	0.006050961557775736	4.306186019675806e-05	0.11788344383239746	0.08051580935716629	False	[0 0 0 0 1 0]	[1 0 0 0 0 0]	[0 1 0 0 0 0]	[0 0 0 1 0 0]
57	0.12999999523162842	0.07514332234859467	0.003345554694533348	4.457172326510772e-05	0.05970469489693642	0.012048499658703804	False	[0 0 0 0 0 0]	[0 0 0 0 0 0]	[0 0 0 0 0 0]	[0 0 0 0 0 0]
57	0.1550000011920929	0.17432835698127747	0.005509530194103718	3.1756651878822595e-05	0.1077757179737091	0.06101135164499283	False	[0 0 0 0 1 0]	[1 0 0 0 0 0]	[0 1 0 0 0 0]	[0 0 0 1 0 0]
57	0.11999999731779099	0.06719568371772766	0.003185519715771079	5.620643787551671e-05	0.05324622616171837	0.010707728564739227	False	[0 0 0 0 0 0]	[0 0 0 0 0 0]	[0 0 0 0 0 0]	[0 0 0 0 0 0]
57	0.16500000655651093	0.1675223708152771	0.005468515679240227	3.0807957955403253e-05	0.10353925079107285	0.058483801782131195	False	[0 0 0 0 1 0]	[1 0 0 0 0 0]	[0 1 0 0 0 0]	[0 0 0 1 0 0]
57	0.125	0.06557425856590271	0.003198519116267562	5.576119292527437e-05	0.05228038132190704	0.01003959495574236	False	[0 0 0 0 0 0]	[0 0 0 0 0 0]	[0 0 0 0 0 0]	[0 0 0 0 0 0]
57	0.16750000417232513	0.20753353834152222	0.006075982004404068	4.037962935399264e-05	0.12074927240610123	0.0806678980588913	False	[0 0 0 0 1 0]	[1 0 0 0 0 0]	[0 1 0 0 0 0]	[0 0 0 1 0 0]
57	0.11749999970197678	0.0703260600566864	0.0032123588025569916	4.9209207645617425e-05	0.056592077016830444	0.010472415946424007	False	[0 0 0 0 0 0]	[0 0 0 0 0 0]	[0 0 0 0 0 0]	[0 0 0 0 0 0]
57	0.14499999582767487	0.16335870325565338	0.005263456143438816	3.0613038688898087e-05	0.10240434855222702	0.05566028505563736	False	[0 0 0 0 1 0]	[1 0 0 0 0 0]	[0 1 0 0 0 0]	[0 0 0 1 0 0]
57	0.12250000238418579	0.06822080165147781	0.003008622908964753	6.547325756400824e-05	0.05424720048904419	0.010899508371949196	False	[0 0 0 0 0 0]	[0 0 0 0 0 0]	[0 0 0 0 0 0]	[0 0 0 0 0 0]
57	0.15000000596046448	0.21042218804359436	0.006042437627911568	4.437212191987783e-05	0.12381113320589066	0.0805242583155632	False	[0 0 0 0 1 0]	[1 0 0 0 0 0]	[0 1 0 0 0 0]	[0 0 0 1 0 0]
57	0.125	0.07019046694040298	0.0032715590205043554	4.702992009697482e-05	0.05546962842345238	0.011402247473597527	False	[0 0 0 0 0 0]	[0 0 0 0 0 0]	[0 0 0 0 0 0]	[0 0 0 0 0 0]
57	0.17249999940395355	0.18318551778793335	0.00551419984549284	3.6718851333716884e-05	0.11099164932966232	0.06664294749498367	False	[0 0 0 0 1 0]	[1 0 0 0 0 0]	[0 1 0 0 0 0]	[0 0 0 1 0 0]
57	0.12250000238418579	0.06663268059492111	0.0032292709220200777	5.61899141757749e-05	0.053437188267707825	0.009910031221807003	False	[0 0 0 0 0 0]	[0 0 0 0 0 0]	[0 0 0 0 0 0]	[0 0 0 0 0 0]
57	0.13750000298023224	0.2135140746831894	0.006055457983165979	4.420039476826787e-05	0.12892290949821472	0.07849150896072388	False	[0 0 0 0 1 0]	[1 0 0 0 0 0]	[0 1 0 0 0 0]	[0 0 0 1 0 0]
57	0.11749999970197678	0.0650802031159401	0.003031400963664055	5.487546877702698e-05	0.05122213065624237	0.010771794244647026	False	[0 0 0 0 0 0]	[0 0 0 0 0 0]	[0 0 0 0 0 0]	[0 0 0 0 0 0]
57	0.16500000655651093	0.18231919407844543	0.0056289443746209145	3.4096348827006295e-05	0.10908178985118866	0.06757436692714691	False	[0 0 0 0 1 0]	[1 0 0 0 0 0]	[0 1 0 0 0 0]	[0 0 0 1 0 0]
57	0.125	0.06648435443639755	0.003123926930129528	5.450570461107418e-05	0.052680715918540955	0.01062520407140255	False	[0 0 0 0 0 0]	[0 0 0 0 0 0]	[0 0 0 0 0 0]	[0 0 0 0 0 0]
57	0.1599999964237213	0.17910757660865784	0.005700577981770039	3.1961022614268586e-05	0.10913929343223572	0.06423575431108475	False	[0 0 0 0 1 0]	[1 0 0 0 0 0]	[0 1 0 0 0 0]	[0 0 0 1 0 0]
57	0.12250000238418579	0.072589211165905	0.003384760580956936	4.812842234969139e-05	0.05812801793217659	0.011028306558728218	False	[0 0 0 0 0 0]	[0 0 0 0 0 0]	[0 0 0 0 0 0]	[0 0 0 0 0 0]
57	0.15000000596046448	0.185503751039505	0.00561409629881382	3.569453110685572e-05	0.11342580616474152	0.06642816215753555	False	[0 0 0 0 1 0]	[1 0 0 0 0 0]	[0 1 0 0 0 0]	[0 0 0 1 0 0]
57	0.125	0.0693054273724556	0.003362767631188035	5.623078322969377e-05	0.055180203169584274	0.010706226341426373	False	[0 0 0 0 0 0]	[0 0 0 0 0 0]	[0 0 0 0 0 0]	[0 0 0 0 0 0]
57	0.16500000655651093	0.17967140674591064	0.0054333265870809555	3.674209438031539e-05	0.11024836450815201	0.0639529675245285	False	[0 0 0 0 1 0]	[1 0 0 0 0 0]	[0 1 0 0 0 0]	[0 0 0 1 0 0]
57	0.11999999731779099	0.07041104882955551	0.003394157625734806	4.6063654735917225e-05	0.056049808859825134	0.01092101912945509	False	[0 0 0 0 0 0]	[0 0 0 0 0 0]	[0 0 0 0 0 0]	[0 0 0 0 0 0]
57	0.14749999344348907	0.20201486349105835	0.005909398198127747	4.01784127461724e-05	0.1199389174580574	0.07612637430429459	False	[0 0 0 0 1 0]	[1 0 0 0 0 0]	[0 1 0 0 0 0]	[0 0 0 1 0 0]
57	0.125	0.06767526268959045	0.00330288871191442	5.677326407749206e-05	0.05421125143766403	0.01010434702038765	False	[0 0 0 0 0 0]	[0 0 0 0 0 0]	[0 0 0 0 0 0]	[0 0 0 0 0 0]
57	0.18000000715255737	0.1857885718345642	0.005509333219379187	3.650367580121383e-05	0.11335046589374542	0.06689226627349854	False	[0 0 0 0 1 0]	[1 0 0 0 0 0]	[0 1 0 0 0 0]	[0 0 0 1 0 0]
57	0.12250000238418579	0.06947600096464157	0.003279248019680381	4.904335582978092e-05	0.05519983544945717	0.010947875678539276	False	[0 0 0 0 0 0]	[0 0 0 0 0 0]	[0 0 0 0 0 0]	[0 0 0 0 0 0]
57	0.13249999284744263	0.18706953525543213	0.0056557003408670425	3.742620174307376e-05	0.11554257571697235	0.06583384424448013	False	[0 0 0 0 1 0]	[1 0 0 0 0 0]	[0 1 0 0 0 0]	[0 0 0 1 0 0]
57	0.12250000238418579	0.07336802035570145	0.003383026458323002	4.256760803400539e-05	0.057356901466846466	0.01258552260696888	False	[0 0 0 0 0 0]	[0 0 0 0 0 0]	[0 0 0 0 0 0]	[0 0 0 0 0 0]
58	0.16500000655651093	0.21906936168670654	0.003942909650504589	3.990162076661363e-05	0.16689062118530273	0.048195935785770416	False	[0 0 0 0 1 0]	[1 0 0 0 0 0]	[0 1 0 0 0 0]	[0 0 0 1 0 0]
58	0.12250000238418579	0.09298726171255112	0.0033111078664660454	5.438689549919218e-05	0.08051653951406479	0.009105226024985313	False	[0 0 0 0 0 0]	[0 0 0 0 0 0]	[0 0 0 0 0 0]	[0 0 0 0 0 0]
58	0.14499999582767487	0.1964893490076065	0.0037974801380187273	3.206408291589469e-05	0.14932452142238617	0.043335288763046265	False	[0 0 0 0 1 0]	[1 0 0 0 0 0]	[0 1 0 0 0 0]	[0 0 0 1 0 0]
58	0.11999999731779099	0.09119650721549988	0.0030820979736745358	5.1182705647079274e-05	0.0795024037361145	0.008560821413993835	False	[0 0 0 0 0 0]	[0 0 0 0 0 0]	[0 0 0 0 0 0]	[0 0 0 0 0 0]
58	0.17499999701976776	0.26349252462387085	0.004618000239133835	5.032280751038343e-05	0.19697387516498566	0.06185031309723854	False	[0 0 0 0 1 0]	[1 0 0 0 0 0]	[0 1 0 0 0 0]	[0 0 0 1 0 0]
58	0.12250000238418579	0.09236511588096619	0.0032905375119298697	5.402797614806332e-05	0.08016974478960037	0.008850808255374432	False	[0 0 0 0 0 0]	[0 0 0 0 0 0]	[0 0 0 0 0 0]	[0 0 0 0 0 0]
58	0.16249999403953552	0.25612714886665344	0.004629378207027912	4.445437662070617e-05	0.19123511016368866	0.0602182000875473	False	[0 0 0 0 1 0]	[1 0 0 0 0 0]	[0 1 0 0 0 0]	[0 0 0 1 0 0]
58	0.12999999523162842	0.08846073597669601	0.003301938995718956	6.415168172679842e-05	0.0768393874168396	0.008255255408585072	False	[0 0 0 0 0 0]	[0 0 0 0 0 0]	[0 0 0 0 0 0]	[0 0 0 0 0 0]
58	0.1599999964237213	0.1887456327676773	0.003835296956822276	2.7887715987162665e-05	0.14297457039356232	0.04190787300467491	False	[0 0 0 0 1 0]	[1 0 0 0 0 0]	[0 1 0 0 0 0]	[0 0 0 1 0 0]
58	0.12250000238418579	0.09527640044689178	0.0033761546947062016	4.51383602921851e-05	0.0822049081325531	0.009650198742747307	False	[0 0 0 0 0 0]	[0 0 0 0 0 0]	[0 0 0 0 0 0]	[0 0 0 0 0 0]
58	0.16249999403953552	0.17610988020896912	0.003526316722854972	3.019106588908471e-05	0.13698790967464447	0.035565465688705444	False	[0 0 0 0 1 0]	[1 0 0 0 0 0]	[0 1 0 0 0 0]	[0 0 0 1 0 0]
58	0.12999999523162842	0.09665420651435852	0.003224744228646159	5.2593357395380735e-05	0.08400575071573257	0.009371118620038033	False	[0 0 0 0 0 0]	[0 0 0 0 0 0]	[0 0 0 0 0 0]	[0 0 0 0 0 0]
58	0.14499999582767487	0.22613593935966492	0.004091191571205854	4.391404218040407e-05	0.1727657914161682	0.04923505336046219	False	[0 0 0 0 1 0]	[1 0 0 0 0 0]	[0 1 0 0 0 0]	[0 0 0 1 0 0]
58	0.12250000238418579	0.09220321476459503	0.0031516251619905233	4.6236978960223496e-05	0.0803680345416069	0.008637314662337303	False	[0 0 0 0 0 0]	[0 0 0 0 0 0]	[0 0 0 0 0 0]	[0 0 0 0 0 0]
58	0.1599999964237213	0.2111700475215912	0.003906843718141317	3.0890878406353295e-05	0.161829873919487	0.04540242999792099	False	[0 0 0 0 1 0]	[1 0 0 0 0 0]	[0 1 0 0 0 0]	[0 0 0 1 0 0]
58	0.125	0.09863013029098511	0.003246529260650277	5.087818863103166e-05	0.08522221446037292	0.010110502131283283	False	[0 0 0 0 0 0]	[0 0 0 0 0 0]	[0 0 0 0 0 0]	[0 0 0 0 0 0]
58	0.1550000011920929	0.2446092665195465	0.004578759428113699	4.857960811932571e-05	0.18257594108581543	0.057406000792980194	False	[0 0 0 0 1 0]	[1 0 0 0 0 0]	[0 1 0 0 0 0]	[0 0 0 1 0 0]
58	0.125	0.10175473242998123	0.003297642804682255	5.058378883404657e-05	0.08837421238422394	0.010032295249402523	False	[0 0 0 0 0 0]	[0 0 0 0 0 0]	[0 0 0 0 0 0]	[0 0 0 0 0 0]
58	0.15000000596046448	0.17163002490997314	0.0034639823716133833	2.607864371384494e-05	0.13462817668914795	0.03351178020238876	False	[0 0 0 0 1 0]	[1 0 0 0 0 0]	[0 1 0 0 0 0]	[0 0 0 1 0 0]
58	0.11749999970197678	0.09753511846065521	0.0033158680889755487	4.9537859013071284e-05	0.08451170474290848	0.009658008813858032	False	[0 0 0 0 0 0]	[0 0 0 0 0 0]	[0 0 0 0 0 0]	[0 0 0 0 0 0]
58	0.1599999964237213	0.20293070375919342	0.00398813234642148	3.136378654744476e-05	0.15453216433525085	0.04437904432415962	False	[0 0 0 0 1 0]	[1 0 0 0 0 0]	[0 1 0 0 0 0]	[0 0 0 1 0 0]
58	0.12250000238418579	0.09040550887584686	0.0031038071028888226	5.123611481394619e-05	0.0787179097533226	0.008532552979886532	False	[0 0 0 0 0 0]	[0 0 0 0 0 0]	[0 0 0 0 0 0]	[0 0 0 0 0 0]
58	0.1599999964237213	0.2626839578151703	0.0045798160135746	5.222727850195952e-05	0.19716954231262207	0.06088237464427948	False	[0 0 0 0 1 0]	[1 0 0 0 0 0]	[0 1 0 0 0 0]	[0 0 0 1 0 0]
58	0.11999999731779099	0.09265308827161789	0.0030931278597563505	5.5165684898383915e-05	0.08026405423879623	0.009240737184882164	False	[0 0 0 0 0 0]	[0 0 0 0 0 0]	[0 0 0 0 0 0]	[0 0 0 0 0 0]
58	0.1550000011920929	0.22717639803886414	0.0041976324282586575	4.1249662899645045e-05	0.17034912109375	0.05258839204907417	False	[0 0 0 0 1 0]	[1 0 0 0 0 0]	[0 1 0 0 0 0]	[0 0 0 1 0 0]
58	0.125	0.08711343258619308	0.003145224414765835	5.530696944333613e-05	0.0752997100353241	0.008613189682364464	False	[0 0 0 0 0 0]	[0 0 0 0 0 0]	[0 0 0 0 0 0]	[0 0 0 0 0 0]
58	0.1550000011920929	0.1920531988143921	0.0037310393527150154	2.9556806111941114e-05	0.1471189558506012	0.04117365553975105	False	[0 0 0 0 1 0]	[1 0 0 0 0 0]	[0 1 0 0 0 0]	[0 0 0 1 0 0]
58	0.125	0.08889594674110413	0.0030705006793141365	7.218611426651478e-05	0.0762295126914978	0.009523745626211166	False	[0 0 0 0 0 0]	[0 0 0 0 0 0]	[0 0 0 0 0 0]	[0 0 0 0 0 0]
58	0.16500000655651093	0.20601968467235565	0.003964636009186506	2.9683627872145735e-05	0.15746282041072845	0.044562552124261856	False	[0 0 0 0 1 0]	[1 0 0 0 0 0]	[0 1 0 0 0 0]	[0 0 0 1 0 0]
58	0.11999999731779099	0.09618665277957916	0.003262108191847801	5.5684795370325446e-05	0.08337187021970749	0.009496983140707016	False	[0 0 0 0 0 0]	[0 0 0 0 0 0]	[0 0 0 0 0 0]	[0 0 0 0 0 0]
59	0.1599999964237213	0.3976772427558899	0.0043706754222512245	5.0956441555172205e-05	0.2387424111366272	0.15451321005821228	False	[0 0 0 0 1 0]	[1 0 0 0 0 0]	[0 1 0 0 0 0]	[0 0 0 1 0 0]
59	0.12250000238418579	0.7568541765213013	0.019069965928792953	0.00011990475468337536	0.5034458041191101	0.23421847820281982	False	[0 0 0 0 0 0]	[0 0 0 0 0 0]	[0 0 0 0 0 0]	[0 0 0 0 0 0]
59	0.17000000178813934	0.6253266334533691	0.004551656078547239	0.00010626468429109082	0.3330076038837433	0.2876611351966858	False	[0 0 0 0 1 0]	[1 0 0 0 0 0]	[0 1 0 0 0 0]	[0 0 0 1 0 0]
59	0.125	0.7373329997062683	0.01844986341893673	0.00011113267828477547	0.4959114193916321	0.22286055982112885	False	[0 0 0 0 0 0]	[0 0 0 0 0 0]	[0 0 0 0 0 0]	[0 0 0 0 0 0]
59	0.17000000178813934	0.4564889073371887	0.004253822844475508	7.046787504805252e-05	0.2637886703014374	0.18837596476078033	False	[0 0 0 0 1 0]	[1 0 0 0 0 0]	[0 1 0 0 0 0]	[0 0 0 1 0 0]
59	0.11999999731779099	0.748179018497467	0.020158743485808372	0.00011419420479796827	0.5001690983772278	0.22773699462413788	False	[0 0 0 0 0 0]	[0 0 0 0 0 0]	[0 0 0 0 0 0]	[0 0 0 0 0 0]
59	0.14499999582767487	0.5012183785438538	0.004418668802827597	7.613627531100065e-05	0.28133100271224976	0.2153925597667694	False	[0 0 0 0 1 0]	[1 0 0 0 0 0]	[0 1 0 0 0 0]	[0 0 0 1 0 0]
59	0.125	0.7215126752853394	0.017652831971645355	0.00011869397712871432	0.47657299041748047	0.22716817259788513	False	[0 0 0 0 0 0]	[0 0 0 0 0 0]	[0 0 0 0 0 0]	[0 0 0 0 0 0]
59	0.17000000178813934	0.48148220777511597	0.0046537998132407665	6.268228753469884e-05	0.27810487151145935	0.19866083562374115	False	[0 0 0 0 1 0]	[1 0 0 0 0 0]	[0 1 0 0 0 0]	[0 0 0 1 0 0]
59	0.1274999976158142	0.6890171766281128	0.016049737110733986	0.00012537359725683928	0.4586297571659088	0.2142123132944107	False	[0 0 0 0 0 0]	[0 0 0 0 0 0]	[0 0 0 0 0 0]	[0 0 0 0 0 0]
59	0.13500000536441803	0.5153375267982483	0.004266328178346157	7.796123099979013e-05	0.29133275151252747	0.21966047585010529	False	[0 0 0 0 1 0]	[1 0 0 0 0 0]	[0 1 0 0 0 0]	[0 0 0 1 0 0]
59	0.11999999731779099	0.7330257892608643	0.016540182754397392	0.00017248066433239728	0.4758940637111664	0.24041908979415894	False	[0 0 0 0 0 0]	[0 0 0 0 0 0]	[0 0 0 0 0 0]	[0 0 0 0 0 0]
59	0.13500000536441803	0.5191996097564697	0.00451776385307312	7.327980711124837e-05	0.29176047444343567	0.2228480875492096	False	[0 0 0 0 1 0]	[1 0 0 0 0 0]	[0 1 0 0 0 0]	[0 0 0 1 0 0]
59	0.125	0.7310397624969482	0.017810778692364693	0.00012721869279630482	0.48466184735298157	0.22843991219997406	False	[0 0 0 0 0 0]	[0 0 0 0 0 0]	[0 0 0 0 0 0]	[0 0 0 0 0 0]
59	0.17499999701976776	0.5140905380249023	0.004326408728957176	9.10489252419211e-05	0.2813224494457245	0.22835060954093933	False	[0 0 0 0 1 0]	[1 0 0 0 0 0]	[0 1 0 0 0 0]	[0 0 0 1 0 0]
59	0.125	0.6695631742477417	0.016124460846185684	0.00011640256707323715	0.44657397270202637	0.2067483365535736	False	[0 0 0 0 0 0]	[0 0 0 0 0 0]	[0 0 0 0 0 0]	[0 0 0 0 0 0]
59	0.17499999701976776	0.6113669276237488	0.004826499614864588	0.00011354295565979555	0.32184284925460815	0.28458404541015625	False	[0 0 0 0 1 0]	[1 0 0 0 0 0]	[0 1 0 0 0 0]	[0 0 0 1 0 0]
59	0.12250000238418579	0.7145367860794067	0.015780571848154068	0.0001588969025760889	0.4563438892364502	0.24225345253944397	False	[0 0 0 0 0 0]	[0 0 0 0 0 0]	[0 0 0 0 0 0]	[0 0 0 0 0 0]
59	0.14499999582767487	0.4382363259792328	0.004349695518612862	6.009309072396718e-05	0.25600990653038025	0.17781662940979004	False	[0 0 0 0 1 0]	[1 0 0 0 0 0]	[0 1 0 0 0 0]	[0 0 0 1 0 0]
59	0.1274999976158142	0.758533775806427	0.01994023099541664	9.86120940069668e-05	0.5218719244003296	0.21662300825119019	False	[0 0 0 0 0 0]	[0 0 0 0 0 0]	[0 0 0 0 0 0]	[0 0 0 0 0 0]
59	0.1550000011920929	0.5762978792190552	0.004467425402253866	9.45339270401746e-05	0.3189481496810913	0.2527877390384674	False	[0 0 0 0 1 0]	[1 0 0 0 0 0]	[0 1 0 0 0 0]	[0 0 0 1 0 0]
59	0.125	0.6907135248184204	0.019776226952672005	9.503735054749995e-05	0.4851028323173523	0.1857393980026245	False	[0 0 0 0 0 0]	[0 0 0 0 0 0]	[0 0 0 0 0 0]	[0 0 0 0 0 0]
59	0.16249999403953552	0.47588488459587097	0.004147208295762539	8.12280923128128e-05	0.26578694581985474	0.20586949586868286	False	[0 0 0 0 1 0]	[1 0 0 0 0 0]	[0 1 0 0 0 0]	[0 0 0 1 0 0]
59	0.12250000238418579	0.7023578882217407	0.016832375898957253	0.0001105199262383394	0.4641669690608978	0.221248060464859	False	[0 0 0 0 0 0]	[0 0 0 0 0 0]	[0 0 0 0 0 0]	[0 0 0 0 0 0]
59	0.13500000536441803	0.5964604020118713	0.004897843115031719	9.339420648757368e-05	0.32408225536346436	0.26738691329956055	False	[0 0 0 0 1 0]	[1 0 0 0 0 0]	[0 1 0 0 0 0]	[0 0 0 1 0 0]
59	0.12250000238418579	0.6799901723861694	0.01883273757994175	0.00015350068861152977	0.46769383549690247	0.19331008195877075	False	[0 0 0 0 0 0]	[0 0 0 0 0 0]	[0 0 0 0 0 0]	[0 0 0 0 0 0]
59	0.14749999344348907	0.48851603269577026	0.004642751533538103	7.464008376700804e-05	0.2697191834449768	0.21407948434352875	False	[0 0 0 0 1 0]	[1 0 0 0 0 0]	[0 1 0 0 0 0]	[0 0 0 1 0 0]
59	0.125	0.6828688383102417	0.017193272709846497	0.00013052564463578165	0.45600301027297974	0.20954203605651855	False	[0 0 0 0 0 0]	[0 0 0 0 0 0]	[0 0 0 0 0 0]	[0 0 0 0 0 0]
59	0.17000000178813934	0.4283227324485779	0.0040785581804811954	6.832175131421536e-05	0.24567565321922302	0.1785002052783966	False	[0 0 0 0 1 0]	[1 0 0 0 0 0]	[0 1 0 0 0 0]	[0 0 0 1 0 0]
59	0.125	0.7135883569717407	0.016970006749033928	0.00011118611291749403	0.4816301465034485	0.21487703919410706	False	[0 0 0 0 0 0]	[0 0 0 0 0 0]	[0 0 0 0 0 0]	[0 0 0 0 0 0]
60	0.14499999582767487	0.7725900411605835	0.011161267757415771	0.00018935700063593686	0.40645554661750793	0.354783833026886	False	[0 0 0 0 1 0]	[1 0 0 0 0 0]	[0 1 0 0 0 0]	[0 0 0 1 0 0]
60	0.11500000208616257	1.3005516529083252	0.05471855774521828	0.00038056407356634736	0.7981447577476501	0.4473077654838562	False	[0 0 0 0 0 0]	[0 0 0 0 0 0]	[0 0 0 0 0 0]	[0 0 0 0 0 0]
60	0.1599999964237213	0.7045212984085083	0.011146868579089642	0.0001402219058945775	0.38288721442222595	0.3103469908237457	False	[0 0 0 0 1 0]	[1 0 0 0 0 0]	[0 1 0 0 0 0]	[0 0 0 1 0 0]
60	0.11999999731779099	1.2963627576828003	0.0502714067697525	0.0003455225087236613	0.8048940300941467	0.4408518373966217	False	[0 0 0 0 0 0]	[0 0 0 0 0 0]	[0 0 0 0 0 0]	[0 0 0 0 0 0]
60	0.16500000655651093	0.8117843866348267	0.011589625850319862	0.00019391565001569688	0.4249582886695862	0.375042587518692	False	[0 0 0 0 1 0]	[1 0 0 0 0 0]	[0 1 0 0 0 0]	[0 0 0 1 0 0]
60	0.11999999731779099	1.3143125772476196	0.060285747051239014	0.00030520575819537044	0.8209030628204346	0.43281853199005127	False	[0 0 0 0 0 0]	[0 0 0 0 0 0]	[0 0 0 0 0 0]	[0 0 0 0 0 0]
60	0.14499999582767487	0.7353564500808716	0.011374721303582191	0.0001558164949528873	0.3978801369667053	0.32594576478004456	False	[0 0 0 0 1 0]	[1 0 0 0 0 0]	[0 1 0 0 0 0]	[0 0 0 1 0 0]
60	0.12250000238418579	1.3533923625946045	0.06143839657306671	0.00038196356035768986	0.8248436450958252	0.4667282998561859	False	[0 0 0 0 0 0]	[0 0 0 0 0 0]	[0 0 0 0 0 0]	[0 0 0 0 0 0]
60	0.15000000596046448	0.8080461621284485	0.011278998106718063	0.00021225601085461676	0.4192568361759186	0.3772980570793152	False	[0 0 0 0 1 0]	[1 0 0 0 0 0]	[0 1 0 0 0 0]	[0 0 0 1 0 0]
60	0.12250000238418579	1.3673465251922607	0.06049690395593643	0.0003447981725912541	0.829407811164856	0.4770969748497009	False	[0 0 0 0 0 0]	[0 0 0 0 0 0]	[0 0 0 0 0 0]	[0 0 0 0 0 0]
60	0.15000000596046448	0.7309098243713379	0.010319504886865616	0.00017825476243160665	0.3824481964111328	0.33796384930610657	False	[0 0 0 0 1 0]	[1 0 0 0 0 0]	[0 1 0 0 0 0]	[0 0 0 1 0 0]
60	0.12250000238418579	1.3053927421569824	0.056899189949035645	0.0003528246015775949	0.8061202168464661	0.44202059507369995	False	[0 0 0 0 0 0]	[0 0 0 0 0 0]	[0 0 0 0 0 0]	[0 0 0 0 0 0]
60	0.14499999582767487	0.7041163444519043	0.010345403105020523	0.0001579124218551442	0.3800937831401825	0.3135192394256592	False	[0 0 0 0 1 0]	[1 0 0 0 0 0]	[0 1 0 0 0 0]	[0 0 0 1 0 0]
60	0.11999999731779099	1.2402558326721191	0.05252924561500549	0.0003317427181173116	0.7749563455581665	0.4124385416507721	False	[0 0 0 0 0 0]	[0 0 0 0 0 0]	[0 0 0 0 0 0]	[0 0 0 0 0 0]
60	0.18000000715255737	0.7367489337921143	0.010777815245091915	0.00016265662270598114	0.3977591395378113	0.32804930210113525	False	[0 0 0 0 1 0]	[1 0 0 0 0 0]	[0 1 0 0 0 0]	[0 0 0 1 0 0]
60	0.125	1.3329716920852661	0.059060901403427124	0.00033099675783887506	0.8104367256164551	0.46314308047294617	False	[0 0 0 0 0 0]	[0 0 0 0 0 0]	[0 0 0 0 0 0]	[0 0 0 0 0 0]
60	0.1550000011920929	0.7511650323867798	0.011182589456439018	0.000171043022419326	0.3988482654094696	0.34096312522888184	False	[0 0 0 0 1 0]	[1 0 0 0 0 0]	[0 1 0 0 0 0]	[0 0 0 1 0 0]
60	0.1274999976158142	1.2511234283447266	0.04994029551744461	0.0004234884981997311	0.7684347033500671	0.43232494592666626	False	[0 0 0 0 0 0]	[0 0 0 0 0 0]	[0 0 0 0 0 0]	[0 0 0 0 0 0]
60	0.1599999964237213	0.7608491778373718	0.010888518765568733	0.00017931422917172313	0.4009447395801544	0.34883660078048706	False	[0 0 0 0 1 0]	[1 0 0 0 0 0]	[0 1 0 0 0 0]	[0 0 0 1 0 0]
60	0.1274999976158142	1.1733942031860352	0.05013185739517212	0.00038277090061455965	0.7363088726997375	0.38657066226005554	False	[0 0 0 0 0 0]	[0 0 0 0 0 0]	[0 0 0 0 0 0]	[0 0 0 0 0 0]
60	0.1550000011920929	0.7478257417678833	0.011082497425377369	0.00016458454774692655	0.40133705735206604	0.3352415859699249	False	[0 0 0 0 1 0]	[1 0 0 0 0 0]	[0 1 0 0 0 0]	[0 0 0 1 0 0]
60	0.12999999523162842	1.3567742109298706	0.06140677258372307	0.0002955560921691358	0.8360876441001892	0.45898428559303284	False	[0 0 0 0 0 0]	[0 0 0 0 0 0]	[0 0 0 0 0 0]	[0 0 0 0 0 0]
60	0.16500000655651093	0.8008230328559875	0.011414265260100365	0.00019253510981798172	0.42322418093681335	0.3659920394420624	False	[0 0 0 0 1 0]	[1 0 0 0 0 0]	[0 1 0 0 0 0]	[0 0 0 1 0 0]
60	0.12250000238418579	1.3609628677368164	0.054981451481580734	0.00031336909160017967	0.8305059671401978	0.4751620292663574	False	[0 0 0 0 0 0]	[0 0 0 0 0 0]	[0 0 0 0 0 0]	[0 0 0 0 0 0]
60	0.15000000596046448	0.7476192712783813	0.010491833090782166	0.00017378063057549298	0.39998942613601685	0.3369641900062561	False	[0 0 0 0 1 0]	[1 0 0 0 0 0]	[0 1 0 0 0 0]	[0 0 0 1 0 0]
60	0.12250000238418579	1.3055490255355835	0.05150524899363518	0.0004368049558252096	0.78729647397995	0.4663104712963104	False	[0 0 0 0 0 0]	[0 0 0 0 0 0]	[0 0 0 0 0 0]	[0 0 0 0 0 0]
60	0.17000000178813934	0.7782259583473206	0.011202159337699413	0.0001814326096791774	0.4107326567173004	0.35610970854759216	False	[0 0 0 0 1 0]	[1 0 0 0 0 0]	[0 1 0 0 0 0]	[0 0 0 1 0 0]
60	0.125	1.2823972702026367	0.04915843904018402	0.0004213048960082233	0.78249591588974	0.45032167434692383	False	[0 0 0 0 0 0]	[0 0 0 0 0 0]	[0 0 0 0 0 0]	[0 0 0 0 0 0]
60	0.1599999964237213	0.7673993110656738	0.011410894803702831	0.00017348272376693785	0.4106414020061493	0.34517350792884827	False	[0 0 0 0 1 0]	[1 0 0 0 0 0]	[0 1 0 0 0 0]	[0 0 0 1 0 0]
60	0.12250000238418579	1.3330904245376587	0.058203987777233124	0.00029592803912237287	0.8192416429519653	0.4553488790988922	False	[0 0 0 0 0 0]	[0 0 0 0 0 0]	[0 0 0 0 0 0]	[0 0 0 0 0 0]
61	0.15000000596046448	1.4331300258636475	0.03239530324935913	0.00020989138283766806	0.7058159112930298	0.6947089433670044	False	[0 0 0 0 1 0]	[1 0 0 0 0 0]	[0 1 0 0 0 0]	[0 0 0 1 0 0]
61	0.14499999582767487	1.689274787902832	0.1928427815437317	0.000458520749816671	0.8111303448677063	0.6848432421684265	False	[0 0 0 0 0 0]	[0 0 0 0 0 0]	[0 1 0 0 0 1]	[1 0 0 1 0 0]
61	0.1274999976158142	0.10074114054441452	0.05066261813044548	0.0003328117309138179	0.02995232120156288	0.019793393090367317	False	[0 0 0 0 1 0]	[1 0 0 0 0 0]	[0 0 0 0 0 1]	[1 0 0 0 0 0]
61	0.17499999701976776	0.7594153881072998	0.11740710586309433	0.0006521741161122918	0.33250322937965393	0.308852881193161	False	[0 0 0 0 0 0]	[0 0 0 0 0 0]	[0 1 0 0 0 1]	[1 0 0 1 0 0]
61	0.14499999582767487	0.09135156124830246	0.04702920839190483	0.0003651959414128214	0.027317345142364502	0.01663980446755886	False	[0 0 0 0 1 0]	[1 0 0 0 0 0]	[0 0 0 0 0 1]	[1 0 0 0 0 0]
61	0.17749999463558197	0.6380521059036255	0.09926789253950119	0.000555916631128639	0.2918260395526886	0.24640227854251862	False	[0 0 0 0 0 0]	[0 0 0 0 0 0]	[0 1 0 0 0 1]	[1 0 0 1 0 0]
61	0.14499999582767487	0.08842882513999939	0.04100866615772247	0.0004503237141761929	0.025514211505651474	0.02145562693476677	False	[0 0 0 0 1 0]	[1 0 0 0 0 0]	[0 0 0 0 0 1]	[1 0 0 0 0 0]
61	0.1550000011920929	0.7039557695388794	0.11572197079658508	0.000615558703429997	0.2947094142436981	0.29290881752967834	False	[0 0 0 0 0 0]	[0 0 0 0 0 0]	[0 1 0 0 0 1]	[1 0 0 1 0 0]
61	0.14499999582767487	0.096194788813591	0.04453069716691971	0.0004237739776726812	0.028709663078188896	0.022530650720000267	False	[0 0 0 0 1 0]	[1 0 0 0 0 0]	[0 0 0 0 0 1]	[1 0 0 0 0 0]
61	0.15000000596046448	0.7282328605651855	0.10166240483522415	0.0008390715811401606	0.308157354593277	0.31757399439811707	False	[0 0 0 0 0 0]	[0 0 0 0 0 0]	[0 1 0 0 0 1]	[1 0 0 1 0 0]
61	0.1599999964237213	0.09839846193790436	0.04859189689159393	0.00037876382702961564	0.02796795777976513	0.02145983651280403	False	[0 0 0 0 1 0]	[1 0 0 0 0 0]	[0 0 0 0 0 1]	[1 0 0 0 0 0]
61	0.16500000655651093	0.7793158888816833	0.11241401731967926	0.0007786217029206455	0.3390170931816101	0.32710614800453186	False	[0 0 0 0 0 0]	[0 0 0 0 0 0]	[0 1 0 0 0 1]	[1 0 0 1 0 0]
61	0.14499999582767487	0.11623236536979675	0.06063419207930565	0.00027589593082666397	0.03474775329232216	0.020574526861310005	False	[0 0 0 0 1 0]	[1 0 0 0 0 0]	[0 0 0 0 0 1]	[1 0 0 0 0 0]
61	0.14000000059604645	0.7636871933937073	0.11786505579948425	0.0007876547751948237	0.32163235545158386	0.32340213656425476	False	[0 0 0 0 0 0]	[0 0 0 0 0 0]	[0 1 0 0 0 1]	[1 0 0 1 0 0]
61	0.1850000023841858	0.09506300836801529	0.04230649024248123	0.0004634131910279393	0.028325196355581284	0.023967906832695007	False	[0 0 0 0 1 0]	[1 0 0 0 0 0]	[0 0 0 0 0 1]	[1 0 0 0 0 0]
61	0.16500000655651093	0.8147978782653809	0.12341690063476562	0.0008107200847007334	0.34586912393569946	0.3447011113166809	False	[0 0 0 0 0 0]	[0 0 0 0 0 0]	[0 1 0 0 0 1]	[1 0 0 1 0 0]
61	0.14499999582767487	0.0960882231593132	0.044474903494119644	0.0004330117953941226	0.028969181701540947	0.02221112698316574	False	[0 0 0 0 1 0]	[1 0 0 0 0 0]	[0 0 0 0 0 1]	[1 0 0 0 0 0]
61	0.14499999582767487	0.7130336761474609	0.11817234754562378	0.0005602426826953888	0.3303173780441284	0.26398375630378723	False	[0 0 0 0 0 0]	[0 0 0 0 0 0]	[0 1 0 0 0 1]	[1 0 0 1 0 0]
61	0.1599999964237213	0.08841696381568909	0.04149731248617172	0.0004204988363198936	0.025591276586055756	0.02090788073837757	False	[0 0 0 0 1 0]	[1 0 0 0 0 0]	[0 0 0 0 0 1]	[1 0 0 0 0 0]
61	0.15000000596046448	0.7589397430419922	0.11665356159210205	0.000682790414430201	0.31820499897003174	0.3233983516693115	False	[0 0 0 0 0 0]	[0 0 0 0 0 0]	[0 1 0 0 0 1]	[1 0 0 1 0 0]
61	0.15000000596046448	0.08883734047412872	0.04225751757621765	0.00042505384772084653	0.026468612253665924	0.019686158746480942	False	[0 0 0 0 1 0]	[1 0 0 0 0 0]	[0 0 0 0 0 1]	[1 0 0 0 0 0]
61	0.17000000178813934	0.9013185501098633	0.12341465055942535	0.0005928300088271499	0.40884286165237427	0.3684682250022888	False	[0 0 0 0 0 0]	[0 0 0 0 0 0]	[0 1 0 0 0 1]	[1 0 0 1 0 0]
61	0.15000000596046448	0.11211208254098892	0.054966188967227936	0.0003903909237124026	0.03277081996202469	0.023984679952263832	False	[0 0 0 0 1 0]	[1 0 0 0 0 0]	[0 0 0 0 0 1]	[1 0 0 0 0 0]
61	0.16750000417232513	0.6551283597946167	0.09579867869615555	0.0007936921902000904	0.27522581815719604	0.2833101451396942	False	[0 0 0 0 0 0]	[0 0 0 0 0 0]	[0 1 0 0 0 1]	[1 0 0 1 0 0]
61	0.16750000417232513	0.10221808403730392	0.052307263016700745	0.0003587155952118337	0.03148479387164116	0.01806730590760708	False	[0 0 0 0 1 0]	[1 0 0 0 0 0]	[0 0 0 0 0 1]	[1 0 0 0 0 0]
61	0.17000000178813934	0.6959136128425598	0.08590305596590042	0.001315019908361137	0.27686235308647156	0.3318331837654114	False	[0 0 0 0 0 0]	[0 0 0 0 0 0]	[0 1 0 0 0 1]	[1 0 0 1 0 0]
61	0.15000000596046448	0.07888098806142807	0.03891861438751221	0.0003810943744610995	0.023828448727726936	0.01575283147394657	False	[0 0 0 0 1 0]	[1 0 0 0 0 0]	[0 0 0 0 0 1]	[1 0 0 0 0 0]
61	0.13750000298023224	0.7018786072731018	0.11630861461162567	0.0007678557885810733	0.29568371176719666	0.2891184091567993	False	[0 0 0 0 0 0]	[0 0 0 0 0 0]	[0 1 0 0 0 1]	[1 0 0 1 0 0]
61	0.1599999964237213	0.11489301174879074	0.05518653243780136	0.00033736598561517894	0.035903461277484894	0.023465653881430626	False	[0 0 0 0 1 0]	[1 0 0 0 0 0]	[0 0 0 0 0 1]	[1 0 0 0 0 0]
61	0.1599999964237213	0.6946063041687012	0.10336222499608994	0.0009189099073410034	0.2908339202404022	0.299491286277771	False	[0 0 0 0 0 0]	[0 0 0 0 0 0]	[0 1 0 0 0 1]	[1 0 0 1 0 0]
62	0.17499999701976776	1.1746474504470825	0.028315406292676926	0.0004098225908819586	0.5460429191589355	0.5998793244361877	False	[0 0 0 0 1 0]	[1 0 0 0 0 0]	[0 1 0 0 0 0]	[0 0 0 1 0 0]
62	0.14000000059604645	2.114689826965332	0.2802233099937439	0.0019578272476792336	1.131008267402649	0.7015002965927124	False	[0 0 0 0 0 0]	[0 0 0 0 0 0]	[0 1 0 0 0 1]	[0 0 0 0 0 0]
62	0.1574999988079071	1.6038068532943726	0.12097124755382538	0.00881146639585495	1.1097716093063354	0.36425256729125977	False	[0 0 0 0 1 0]	[1 0 0 0 0 0]	[0 1 0 0 0 0]	[1 0 0 0 0 0]
62	0.14000000059604645	1.7365834712982178	0.22803758084774017	0.007735423743724823	1.0565425157546997	0.44426795840263367	False	[0 0 0 0 0 0]	[0 0 0 0 0 0]	[0 1 0 0 0 1]	[0 0 0 0 0 0]
62	0.1525000035762787	1.6334459781646729	0.12703663110733032	0.0060786111280322075	1.1081761121749878	0.39215463399887085	False	[0 0 0 0 1 0]	[1 0 0 0 0 0]	[0 1 0 0 0 0]	[1 0 0 0 0 0]
62	0.13249999284744263	1.7386404275894165	0.21154974400997162	0.0066803740337491035	1.0687569379806519	0.451653391122818	False	[0 0 0 0 0 0]	[0 0 0 0 0 0]	[0 1 0 0 0 1]	[0 0 0 0 0 0]
62	0.14000000059604645	1.6300908327102661	0.14231963455677032	0.006631195545196533	1.1070352792739868	0.374104768037796	False	[0 0 0 0 1 0]	[1 0 0 0 0 0]	[0 1 0 0 0 0]	[1 0 0 0 0 0]
62	0.1599999964237213	1.8199363946914673	0.24042072892189026	0.004210472106933594	1.0788252353668213	0.49647995829582214	False	[0 0 0 0 0 0]	[0 0 0 0 0 0]	[0 1 0 0 0 1]	[0 0 0 0 0 0]
62	0.125	1.6024816036224365	0.1255987584590912	0.008186226710677147	1.105762004852295	0.36293458938598633	False	[0 0 0 0 1 0]	[1 0 0 0 0 0]	[0 1 0 0 0 0]	[1 0 0 0 0 0]
62	0.14499999582767487	1.7530498504638672	0.2084345817565918	0.006375573575496674	1.0556793212890625	0.4825604557991028	False	[0 0 0 0 0 0]	[0 0 0 0 0 0]	[0 1 0 0 0 1]	[0 0 0 0 0 0]
62	0.1574999988079071	1.630188226699829	0.11708811670541763	0.006831343751400709	1.1100512742996216	0.396217405796051	False	[0 0 0 0 1 0]	[1 0 0 0 0 0]	[0 1 0 0 0 0]	[1 0 0 0 0 0]
62	0.15000000596046448	1.7681596279144287	0.17885500192642212	0.00578930601477623	1.0667648315429688	0.5167504549026489	False	[0 0 0 0 0 0]	[0 0 0 0 0 0]	[0 1 0 0 0 1]	[0 0 0 0 0 0]
62	0.14249999821186066	1.618355631828308	0.1469946652650833	0.007530592381954193	1.1213748455047607	0.34245550632476807	False	[0 0 0 0 1 0]	[1 0 0 0 0 0]	[0 1 0 0 0 0]	[1 0 0 0 0 0]
62	0.1599999964237213	1.7966431379318237	0.26602792739868164	0.0043176086619496346	1.0715265274047852	0.4547710120677948	False	[0 0 0 0 0 0]	[0 0 0 0 0 0]	[0 1 0 0 0 1]	[0 0 0 0 0 0]
62	0.1525000035762787	1.6552491188049316	0.14676055312156677	0.004960258491337299	1.1139109134674072	0.3896175026893616	False	[0 0 0 0 1 0]	[1 0 0 0 0 0]	[0 1 0 0 0 0]	[1 0 0 0 0 0]
62	0.15000000596046448	1.765486717224121	0.22450892627239227	0.004335051868110895	1.0788216590881348	0.4578210711479187	False	[0 0 0 0 0 0]	[0 0 0 0 0 0]	[0 1 0 0 0 1]	[0 0 0 0 0 0]
62	0.1525000035762787	1.6077594757080078	0.14704802632331848	0.007669517770409584	1.1067776679992676	0.3462643027305603	False	[0 0 0 0 1 0]	[1 0 0 0 0 0]	[0 1 0 0 0 0]	[1 0 0 0 0 0]
62	0.1599999964237213	1.7582900524139404	0.22315365076065063	0.005574390292167664	1.0646456480026245	0.4649164080619812	False	[0 0 0 0 0 0]	[0 0 0 0 0 0]	[0 1 0 0 0 1]	[0 0 0 0 0 0]
62	0.17000000178813934	1.6282145977020264	0.1320490688085556	0.0066836015321314335	1.110074758529663	0.3794071078300476	False	[0 0 0 0 1 0]	[1 0 0 0 0 0]	[0 1 0 0 0 0]	[1 0 0 0 0 0]
62	0.1574999988079071	1.7723757028579712	0.23419979214668274	0.005233671050518751	1.0557861328125	0.47715601325035095	False	[0 0 0 0 0 0]	[0 0 0 0 0 0]	[0 1 0 0 0 1]	[0 0 0 0 0 0]
62	0.14749999344348907	1.638098955154419	0.14465877413749695	0.006586858071386814	1.1024483442306519	0.3844049572944641	False	[0 0 0 0 1 0]	[1 0 0 0 0 0]	[0 1 0 0 0 0]	[1 0 0 0 0 0]
62	0.1274999976158142	1.8034355640411377	0.18570846319198608	0.004915493540465832	1.0778536796569824	0.5349578261375427	False	[0 0 0 0 0 0]	[0 0 0 0 0 0]	[0 1 0 0 0 1]	[0 0 0 0 0 0]
62	0.1574999988079071	1.6578314304351807	0.12991389632225037	0.005091676954180002	1.1116023063659668	0.41122356057167053	False	[0 0 0 0 1 0]	[1 0 0 0 0 0]	[0 1 0 0 0 0]	[1 0 0 0 0 0]
62	0.13750000298023224	1.7234563827514648	0.20514076948165894	0.005729213356971741	1.0597494840621948	0.45283687114715576	False	[0 0 0 0 0 0]	[0 0 0 0 0 0]	[0 1 0 0 0 1]	[0 0 0 0 0 0]
62	0.16500000655651093	1.6371350288391113	0.12522080540657043	0.005596106871962547	1.1136975288391113	0.39262062311172485	False	[0 0 0 0 1 0]	[1 0 0 0 0 0]	[0 1 0 0 0 0]	[1 0 0 0 0 0]
62	0.16500000655651093	1.7619826793670654	0.22724004089832306	0.007474703714251518	1.053189992904663	0.4740779399871826	False	[0 0 0 0 0 0]	[0 0 0 0 0 0]	[0 1 0 0 0 1]	[0 0 0 0 0 0]
62	0.1550000011920929	1.6485956907272339	0.1287159025669098	0.005647316575050354	1.1081656217575073	0.4060668647289276	False	[0 0 0 0 1 0]	[1 0 0 0 0 0]	[0 1 0 0 0 0]	[1 0 0 0 0 0]
62	0.16750000417232513	1.7354609966278076	0.19249027967453003	0.008107654750347137	1.0646051168441772	0.47025805711746216	False	[0 0 0 0 0 0]	[0 0 0 0 0 0]	[0 1 0 0 0 1]	[0 0 0 0 0 0]
62	0.1550000011920929	1.6462271213531494	0.15956516563892365	0.0053039612248539925	1.103606939315796	0.37775105237960815	False	[0 0 0 0 1 0]	[1 0 0 0 0 0]	[0 1 0 0 0 0]	[1 0 0 0 0 0]
62	0.15000000596046448	1.7468794584274292	0.20556342601776123	0.005577851552516222	1.0683314800262451	0.4674067199230194	False	[0 0 0 0 0 0]	[0 0 0 0 0 0]	[0 1 0 0 0 1]	[0 0 0 0 0 0]
63	0.16500000655651093	0.33575814962387085	0.01807521842420101	0.00015091989189386368	0.09937038272619247	0.21816162765026093	False	[0 0 0 0 1 0]	[1 0 0 0 0 0]	[0 1 0 0 0 0]	[0 0 0 1 0 0]
63	0.14249999821186066	2.0795764923095703	0.31842947006225586	0.0009221040527336299	1.0802091360092163	0.6800159215927124	False	[0 0 0 0 0 0]	[0 0 0 0 0 0]	[0 1 0 0 0 1]	[0 0 0 0 0 0]
63	0.14499999582767487	1.6360299587249756	0.13990211486816406	0.001951828831806779	1.0983108282089233	0.395865261554718	False	[0 0 0 0 1 0]	[1 0 0 0 0 0]	[0 1 0 0 0 0]	[1 0 0 0 0 0]
63	0.14499999582767487	1.7665178775787354	0.20664188265800476	0.0019256501691415906	1.0542104244232178	0.5037399530410767	False	[0 0 0 0 0 0]	[0 0 0 0 0 0]	[0 1 0 0 0 1]	[0 0 0 0 0 0]
63	0.13750000298023224	1.5720988512039185	0.10818742960691452	0.0034318247344344854	1.0795706510543823	0.3809089958667755	False	[0 0 0 0 1 0]	[1 0 0 0 0 0]	[0 1 0 0 0 0]	[1 0 0 0 0 0]
63	0.14000000059604645	1.5875245332717896	0.20704427361488342	0.004244084004312754	1.0141487121582031	0.3620874583721161	False	[0 0 0 0 0 0]	[0 0 0 0 0 0]	[0 1 0 0 0 1]	[0 0 0 0 0 0]
63	0.1899999976158142	1.6044946908950806	0.14043016731739044	0.002680129837244749	1.0903772115707397	0.37100720405578613	False	[0 0 0 0 1 0]	[1 0 0 0 0 0]	[0 1 0 0 0 0]	[1 0 0 0 0 0]
63	0.15000000596046448	1.736802101135254	0.24312084913253784	0.0018627488752827048	1.0531201362609863	0.43869835138320923	False	[0 0 0 0 0 0]	[0 0 0 0 0 0]	[0 1 0 0 0 1]	[0 0 0 0 0 0]
63	0.1599999964237213	1.60371732711792	0.1318686306476593	0.0025472119450569153	1.0987064838409424	0.37059497833251953	False	[0 0 0 0 1 0]	[1 0 0 0 0 0]	[0 1 0 0 0 0]	[1 0 0 0 0 0]
63	0.14499999582767487	1.7138346433639526	0.23138439655303955	0.002653795760124922	1.036234974861145	0.44356146454811096	False	[0 0 0 0 0 0]	[0 0 0 0 0 0]	[0 1 0 0 0 1]	[0 0 0 0 0 0]
63	0.14000000059604645	1.6149295568466187	0.1276971846818924	0.0023343239445239305	1.0953075885772705	0.3895905315876007	False	[0 0 0 0 1 0]	[1 0 0 0 0 0]	[0 1 0 0 0 0]	[1 0 0 0 0 0]
63	0.15000000596046448	1.7521353960037231	0.1822594255208969	0.002722694305703044	1.025391697883606	0.5417615175247192	False	[0 0 0 0 0 0]	[0 0 0 0 0 0]	[0 1 0 0 0 1]	[0 0 0 0 0 0]
63	0.12250000238418579	1.5918750762939453	0.13887463510036469	0.0025700521655380726	1.096085548400879	0.35434478521347046	False	[0 0 0 0 1 0]	[1 0 0 0 0 0]	[0 1 0 0 0 0]	[1 0 0 0 0 0]
63	0.13750000298023224	1.7991256713867188	0.22887389361858368	0.0017901989631354809	1.0539023876190186	0.5145590901374817	False	[0 0 0 0 0 0]	[0 0 0 0 0 0]	[0 1 0 0 0 1]	[0 0 0 0 0 0]
63	0.14499999582767487	1.5607411861419678	0.14881610870361328	0.0033943364396691322	1.0839499235153198	0.3245808482170105	False	[0 0 0 0 1 0]	[1 0 0 0 0 0]	[0 1 0 0 0 0]	[1 0 0 0 0 0]
63	0.13249999284744263	1.775422215461731	0.25540971755981445	0.0018322323448956013	1.0508424043655396	0.46733781695365906	False	[0 0 0 0 0 0]	[0 0 0 0 0 0]	[0 1 0 0 0 1]	[0 0 0 0 0 0]
63	0.12999999523162842	1.6047136783599854	0.13719521462917328	0.0022807717323303223	1.0945014953613281	0.370736300945282	False	[0 0 0 0 1 0]	[1 0 0 0 0 0]	[0 1 0 0 0 0]	[1 0 0 0 0 0]
63	0.1525000035762787	1.7641184329986572	0.20951808989048004	0.001904560485854745	1.03525972366333	0.5174360275268555	False	[0 0 0 0 0 0]	[0 0 0 0 0 0]	[0 1 0 0 0 1]	[0 0 0 0 0 0]
63	0.14000000059604645	1.6143254041671753	0.13334324955940247	0.002392588881775737	1.092308521270752	0.38628101348876953	False	[0 0 0 0 1 0]	[1 0 0 0 0 0]	[0 1 0 0 0 0]	[1 0 0 0 0 0]
63	0.14000000059604645	1.75259268283844	0.2297879010438919	0.0020526195876300335	1.0487715005874634	0.4719806909561157	False	[0 0 0 0 0 0]	[0 0 0 0 0 0]	[0 1 0 0 0 1]	[0 0 0 0 0 0]
63	0.15000000596046448	1.6113111972808838	0.13121333718299866	0.002277377527207136	1.0984519720077515	0.37936854362487793	False	[0 0 0 0 1 0]	[1 0 0 0 0 0]	[0 1 0 0 0 0]	[1 0 0 0 0 0]
63	0.14249999821186066	1.8161264657974243	0.21765471994876862	0.0016586033161729574	1.0536997318267822	0.5431133508682251	False	[0 0 0 0 0 0]	[0 0 0 0 0 0]	[0 1 0 0 0 1]	[0 0 0 0 0 0]
63	0.1550000011920929	1.5919568538665771	0.13721130788326263	0.0029184562154114246	1.0881718397140503	0.363655149936676	False	[0 0 0 0 1 0]	[1 0 0 0 0 0]	[0 1 0 0 0 0]	[1 0 0 0 0 0]
63	0.13500000536441803	1.7406067848205566	0.23326720297336578	0.0025548022240400314	1.030665636062622	0.4741191864013672	False	[0 0 0 0 0 0]	[0 0 0 0 0 0]	[0 1 0 0 0 1]	[0 0 0 0 0 0]
63	0.13500000536441803	1.6109753847122192	0.13249245285987854	0.0022387506905943155	1.0896550416946411	0.3865891695022583	False	[0 0 0 0 1 0]	[1 0 0 0 0 0]	[0 1 0 0 0 0]	[1 0 0 0 0 0]
63	0.15000000596046448	1.6963140964508057	0.25509607791900635	0.0023268498480319977	1.0327900648117065	0.40610116720199585	False	[0 0 0 0 0 0]	[0 0 0 0 0 0]	[0 1 0 0 0 1]	[0 0 0 0 0 0]
63	0.14499999582767487	1.5101478099822998	0.13302798569202423	0.006947641260921955	1.0890581607818604	0.2811139225959778	False	[0 0 0 0 1 0]	[1 0 0 0 0 0]	[0 1 0 0 0 0]	[1 0 0 0 0 0]
63	0.14499999582767487	1.7594196796417236	0.2205614596605301	0.0016821471508592367	1.0568053722381592	0.48037073016166687	False	[0 0 0 0 0 0]	[0 0 0 0 0 0]	[0 1 0 0 0 1]	[0 0 0 0 0 0]
63	0.1550000011920929	1.598695993423462	0.15034498274326324	0.0024616268929094076	1.089341163635254	0.3565481901168823	False	[0 0 0 0 1 0]	[1 0 0 0 0 0]	[0 1 0 0 0 0]	[1 0 0 0 0 0]
63	0.13249999284744263	1.7127549648284912	0.22263742983341217	0.002832705620676279	1.0384933948516846	0.4487913250923157	False	[0 0 0 0 0 0]	[0 0 0 0 0 0]	[0 1 0 0 0 1]	[0 0 0 0 0 0]
64	0.1550000011920929	1.7315466403961182	0.08896593004465103	0.000384859973564744	1.101696252822876	0.5404995679855347	False	[0 0 0 0 1 0]	[1 0 0 0 0 0]	[0 1 0 0 0 0]	[1 0 0 0 0 0]
64	0.14499999582767487	1.907322645187378	0.4155499339103699	0.002075694967061281	1.0255335569381714	0.4641634225845337	False	[0 0 0 0 0 0]	[0 0 0 0 0 0]	[0 1 0 0 0 1]	[0 0 0 0 0 0]
64	0.15000000596046448	1.5641729831695557	0.13248836994171143	0.0007329141953960061	0.8468027710914612	0.5841490030288696	False	[0 0 0 0 1 0]	[1 0 0 0 0 0]	[0 0 0 0 0 1]	[1 0 0 0 0 0]
64	0.11999999731779099	1.7796627283096313	0.3120627701282501	0.003071857849135995	1.0193136930465698	0.4452143609523773	False	[0 0 0 0 0 0]	[0 0 0 0 0 0]	[0 0 0 0 0 0]	[0 0 0 0 0 0]
64	0.1550000011920929	1.779502272605896	0.08774828910827637	0.0002895973448175937	1.0876257419586182	0.6038386821746826	False	[0 0 0 0 1 0]	[1 0 0 0 0 0]	[0 1 0 0 0 0]	[1 0 0 0 0 0]
64	0.14749999344348907	1.8503235578536987	0.36908337473869324	0.002870251191779971	1.0028859376907349	0.4754840135574341	False	[0 0 0 0 0 0]	[0 0 0 0 0 0]	[0 1 0 0 0 1]	[0 0 0 0 0 0]
64	0.14749999344348907	1.6064471006393433	0.1407710462808609	0.0008976582903414965	0.9201886057853699	0.5445897579193115	False	[0 0 0 0 1 0]	[1 0 0 0 0 0]	[0 0 0 0 0 1]	[1 0 0 0 0 0]
64	0.12250000238418579	1.7844257354736328	0.36489054560661316	0.0032393313013017178	0.9955179691314697	0.4207778573036194	False	[0 0 0 0 0 0]	[0 0 0 0 0 0]	[0 0 0 0 0 0]	[0 0 0 0 0 0]
64	0.17249999940395355	1.8107953071594238	0.08735200017690659	0.00024522762396372855	1.0768111944198608	0.6463868618011475	False	[0 0 0 0 1 0]	[1 0 0 0 0 0]	[0 1 0 0 0 0]	[1 0 0 0 0 0]
64	0.14000000059604645	1.8863571882247925	0.3448941707611084	0.002006571739912033	1.0186883211135864	0.5207681655883789	False	[0 0 0 0 0 0]	[0 0 0 0 0 0]	[0 1 0 0 0 1]	[0 0 0 0 0 0]
64	0.1599999964237213	1.5223395824432373	0.11896747350692749	0.0009048003703355789	0.827044665813446	0.5754226446151733	False	[0 0 0 0 1 0]	[1 0 0 0 0 0]	[0 0 0 0 0 1]	[1 0 0 0 0 0]
64	0.125	1.7737675905227661	0.4004732668399811	0.0030241715721786022	1.0170193910598755	0.35325077176094055	False	[0 0 0 0 0 0]	[0 0 0 0 0 0]	[0 0 0 0 0 0]	[0 0 0 0 0 0]
64	0.1550000011920929	1.761544942855835	0.0870002880692482	0.00033313280437141657	1.0880603790283203	0.5861511826515198	False	[0 0 0 0 1 0]	[1 0 0 0 0 0]	[0 1 0 0 0 0]	[1 0 0 0 0 0]
64	0.1550000011920929	1.8977601528167725	0.41331836581230164	0.00267265597358346	1.0359302759170532	0.4458388686180115	False	[0 0 0 0 0 0]	[0 0 0 0 0 0]	[0 1 0 0 0 1]	[0 0 0 0 0 0]
64	0.15000000596046448	1.6089898347854614	0.15333540737628937	0.0008224023622460663	0.9374538064002991	0.5173782110214233	False	[0 0 0 0 1 0]	[1 0 0 0 0 0]	[0 0 0 0 0 1]	[1 0 0 0 0 0]
64	0.11999999731779099	1.8092727661132812	0.3397635519504547	0.0022848201915621758	1.0198396444320679	0.447384774684906	False	[0 0 0 0 0 0]	[0 0 0 0 0 0]	[0 0 0 0 0 0]	[0 0 0 0 0 0]
64	0.1550000011920929	1.7291768789291382	0.08727934211492538	0.000390603207051754	1.09625244140625	0.5452544689178467	False	[0 0 0 0 1 0]	[1 0 0 0 0 0]	[0 0 0 0 0 1]	[1 0 0 0 0 0]
64	0.12250000238418579	1.9854016304016113	0.4107244908809662	0.0014104172587394714	1.07186758518219	0.5013991594314575	False	[0 0 0 0 0 0]	[0 0 0 0 0 0]	[0 0 0 0 0 0]	[0 0 0 0 0 0]
64	0.14749999344348907	1.7997288703918457	0.08621052652597427	0.0002760989300440997	1.0790830850601196	0.6341592669487	False	[0 0 0 0 1 0]	[1 0 0 0 0 0]	[0 1 0 0 0 0]	[1 0 0 0 0 0]
64	0.1525000035762787	1.8284103870391846	0.4112621247768402	0.0028041061013936996	1.0118393898010254	0.40250474214553833	False	[0 0 0 0 0 0]	[0 0 0 0 0 0]	[0 1 0 0 0 1]	[0 0 0 0 0 0]
64	0.13750000298023224	1.5362534523010254	0.12462650239467621	0.0009558835299685597	0.862209677696228	0.5484614372253418	False	[0 0 0 0 1 0]	[1 0 0 0 0 0]	[0 0 0 0 0 1]	[1 0 0 0 0 0]
64	0.125	1.8497400283813477	0.35328230261802673	0.00208863103762269	1.0168880224227905	0.4774811267852783	False	[0 0 0 0 0 0]	[0 0 0 0 0 0]	[0 0 0 0 0 0]	[0 0 0 0 0 0]
64	0.14499999582767487	1.7470428943634033	0.08804655075073242	0.0003684174735099077	1.086941123008728	0.5716868042945862	False	[0 0 0 0 1 0]	[1 0 0 0 0 0]	[0 0 0 0 0 1]	[1 0 0 0 0 0]
64	0.125	1.9513354301452637	0.4341989755630493	0.0017748925602063537	1.0397883653640747	0.47557318210601807	False	[0 0 0 0 0 0]	[0 0 0 0 0 0]	[0 0 0 0 0 0]	[0 0 0 0 0 0]
64	0.16500000655651093	1.752321720123291	0.08713594824075699	0.00035143375862389803	1.090287685394287	0.574546754360199	False	[0 0 0 0 1 0]	[1 0 0 0 0 0]	[0 1 0 0 0 0]	[1 0 0 0 0 0]
64	0.16750000417232513	1.882611870765686	0.3918403387069702	0.0028823993634432554	1.0099869966506958	0.4779021441936493	False	[0 0 0 0 0 0]	[0 0 0 0 0 0]	[0 1 0 0 0 1]	[0 0 0 0 0 0]
64	0.14499999582767487	1.620244026184082	0.15736524760723114	0.000751734827645123	0.9097663164138794	0.5523607730865479	False	[0 0 0 0 1 0]	[1 0 0 0 0 0]	[0 0 0 0 0 1]	[1 0 0 0 0 0]
64	0.12250000238418579	1.895531415939331	0.3837259113788605	0.0017437112983316183	1.0345476865768433	0.47551411390304565	False	[0 0 0 0 0 0]	[0 0 0 0 0 0]	[0 0 0 0 0 0]	[0 0 0 0 0 0]
64	0.1599999964237213	1.7080488204956055	0.08465629816055298	0.0004461869830265641	1.084537386894226	0.5384089350700378	False	[0 0 0 0 1 0]	[1 0 0 0 0 0]	[0 0 0 0 0 1]	[1 0 0 0 0 0]
64	0.11999999731779099	1.7706559896469116	0.35352471470832825	0.0030105537734925747	1.0208137035369873	0.393307089805603	False	[0 0 0 0 0 0]	[0 0 0 0 0 0]	[0 0 0 0 0 0]	[0 0 0 0 0 0]
65	0.17000000178813934	1.3718721866607666	0.06380859017372131	0.0002293457800988108	0.7095497250556946	0.5982846021652222	False	[0 0 0 0 1 0]	[1 0 0 0 0 0]	[0 1 0 0 0 0]	[0 0 0 1 0 0]
65	0.12250000238418579	1.424917221069336	0.32447946071624756	0.0006802932475693524	0.681882381439209	0.41787511110305786	False	[0 0 0 0 0 0]	[0 0 0 0 0 0]	[0 0 0 0 0 0]	[0 0 0 0 0 0]
65	0.14749999344348907	1.4422941207885742	0.0715666338801384	0.00023852090816944838	0.7590926885604858	0.6113962531089783	False	[0 0 0 0 1 0]	[1 0 0 0 0 0]	[0 1 0 0 0 0]	[0 0 0 1 0 0]
65	0.12999999523162842	1.401998519897461	0.306294709444046	0.0007272575749084353	0.6653285026550293	0.42964810132980347	False	[0 0 0 0 0 0]	[0 0 0 0 0 0]	[0 0 0 0 0 0]	[0 0 0 0 0 0]
65	0.15000000596046448	1.4309043884277344	0.06911367923021317	0.00022662425180897117	0.7588617205619812	0.6027023792266846	False	[0 0 0 0 1 0]	[1 0 0 0 0 0]	[0 1 0 0 0 0]	[0 0 0 1 0 0]
65	0.125	1.4705719947814941	0.32653236389160156	0.0006104414351284504	0.7237638235092163	0.4196653366088867	False	[0 0 0 0 0 0]	[0 0 0 0 0 0]	[0 0 0 0 0 0]	[0 0 0 0 0 0]
65	0.1525000035762787	1.3399395942687988	0.06738600879907608	0.0001921706716530025	0.7043551802635193	0.568006157875061	False	[0 0 0 0 1 0]	[1 0 0 0 0 0]	[0 1 0 0 0 0]	[0 0 0 1 0 0]
65	0.11749999970197678	1.4708954095840454	0.3364541232585907	0.0008200223091989756	0.6919534206390381	0.44166791439056396	False	[0 0 0 0 0 0]	[0 0 0 0 0 0]	[0 0 0 0 0 0]	[0 0 0 0 0 0]
65	0.1599999964237213	1.4672305583953857	0.0675460547208786	0.0002633004041854292	0.7690449953079224	0.6303762197494507	False	[0 0 0 0 1 0]	[1 0 0 0 0 0]	[0 1 0 0 0 0]	[0 0 0 1 0 0]
65	0.12250000238418579	1.4072345495224	0.3045189678668976	0.0006472771055996418	0.6799914836883545	0.4220768213272095	False	[0 0 0 0 0 0]	[0 0 0 0 0 0]	[0 0 0 0 0 0]	[0 0 0 0 0 0]
65	0.16500000655651093	1.4469250440597534	0.06780929118394852	0.00024145474890246987	0.7616677284240723	0.6172065734863281	False	[0 0 0 0 1 0]	[1 0 0 0 0 0]	[0 1 0 0 0 0]	[0 0 0 1 0 0]
65	0.11500000208616257	1.442850947380066	0.31144624948501587	0.0006505230558104813	0.7023417949676514	0.4284123480319977	False	[0 0 0 0 0 0]	[0 0 0 0 0 0]	[0 0 0 0 0 0]	[0 0 0 0 0 0]
65	0.1550000011920929	1.331824541091919	0.0648307129740715	0.00020038028014823794	0.6978326439857483	0.5689607262611389	False	[0 0 0 0 1 0]	[1 0 0 0 0 0]	[0 1 0 0 0 0]	[0 0 0 1 0 0]
65	0.125	1.4071133136749268	0.3019348978996277	0.0006594340084120631	0.6791931986808777	0.4253256916999817	False	[0 0 0 0 0 0]	[0 0 0 0 0 0]	[0 0 0 0 0 0]	[0 0 0 0 0 0]
65	0.1850000023841858	1.4372167587280273	0.06923573464155197	0.00023895791673567146	0.7523645758628845	0.6153775453567505	False	[0 0 0 0 1 0]	[1 0 0 0 0 0]	[0 1 0 0 0 0]	[0 0 0 1 0 0]
65	0.12250000238418579	1.4084815979003906	0.3190438747406006	0.0007911832071840763	0.655375599861145	0.4332708716392517	False	[0 0 0 0 0 0]	[0 0 0 0 0 0]	[0 0 0 0 0 0]	[0 0 0 0 0 0]
65	0.13750000298023224	1.5101656913757324	0.0654211938381195	0.0002795304171741009	0.7964816093444824	0.6479833722114563	False	[0 0 0 0 1 0]	[1 0 0 0 0 0]	[0 1 0 0 0 0]	[0 0 0 1 0 0]
65	0.11999999731779099	1.516218662261963	0.3274438977241516	0.0007981426315382123	0.7054823040962219	0.4824943244457245	False	[0 0 0 0 0 0]	[0 0 0 0 0 0]	[0 0 0 0 0 0]	[0 0 0 0 0 0]
65	0.1599999964237213	1.3933539390563965	0.06188580393791199	0.00023730173415970057	0.719205915927887	0.6120249629020691	False	[0 0 0 0 1 0]	[1 0 0 0 0 0]	[0 1 0 0 0 0]	[0 0 0 1 0 0]
65	0.125	1.503343105316162	0.3115440607070923	0.0010447113309055567	0.7053412795066833	0.4854130148887634	False	[0 0 0 0 0 0]	[0 0 0 0 0 0]	[0 0 0 0 0 0]	[0 0 0 0 0 0]
65	0.14749999344348907	1.4715712070465088	0.0702848955988884	0.0002462887787260115	0.774577260017395	0.6264626979827881	False	[0 0 0 0 1 0]	[1 0 0 0 0 0]	[0 1 0 0 0 0]	[0 0 0 1 0 0]
65	0.11749999970197678	1.4026992321014404	0.30917736887931824	0.0007350909290835261	0.6730988025665283	0.4196879267692566	False	[0 0 0 0 0 0]	[0 0 0 0 0 0]	[0 0 0 0 0 0]	[0 0 0 0 0 0]
65	0.12999999523162842	1.3816730976104736	0.06354939192533493	0.00021522918541450053	0.7277159094810486	0.5901926159858704	False	[0 0 0 0 1 0]	[1 0 0 0 0 0]	[0 1 0 0 0 0]	[0 0 0 1 0 0]
65	0.11999999731779099	1.393689513206482	0.3000686764717102	0.0006570065161213279	0.6656728386878967	0.42729103565216064	False	[0 0 0 0 0 0]	[0 0 0 0 0 0]	[0 0 0 0 0 0]	[0 0 0 0 0 0]
65	0.1574999988079071	1.5094671249389648	0.06932349503040314	0.000253798789344728	0.8002095222473145	0.6396802663803101	False	[0 0 0 0 1 0]	[1 0 0 0 0 0]	[0 1 0 0 0 0]	[0 0 0 1 0 0]
65	0.12999999523162842	1.4695053100585938	0.2906976342201233	0.000862770713865757	0.6944183111190796	0.4835266172885895	False	[0 0 0 0 0 0]	[0 0 0 0 0 0]	[0 0 0 0 0 0]	[0 0 0 0 0 0]
65	0.1599999964237213	1.4717321395874023	0.0707646831870079	0.00024564130580984056	0.7726215720176697	0.6281002759933472	False	[0 0 0 0 1 0]	[1 0 0 0 0 0]	[0 1 0 0 0 0]	[0 0 0 1 0 0]
65	0.1274999976158142	1.4322738647460938	0.28980550169944763	0.0007149073644541204	0.6927583813667297	0.4489951729774475	False	[0 0 0 0 0 0]	[0 0 0 0 0 0]	[0 0 0 0 0 0]	[0 0 0 0 0 0]
65	0.1574999988079071	1.45556640625	0.07099144160747528	0.00024258853227365762	0.7692208290100098	0.6151115894317627	False	[0 0 0 0 1 0]	[1 0 0 0 0 0]	[0 1 0 0 0 0]	[0 0 0 1 0 0]
65	0.12250000238418579	1.486375093460083	0.31677255034446716	0.0006775666261091828	0.7027426362037659	0.46618232131004333	False	[0 0 0 0 0 0]	[0 0 0 0 0 0]	[0 0 0 0 0 0]	[0 0 0 0 0 0]
66	0.16500000655651093	1.4808881282806396	0.06112514063715935	0.00025711231864988804	0.8102825880050659	0.6092233061790466	False	[0 0 0 0 1 0]	[1 0 0 0 0 0]	[0 1 0 0 0 0]	[0 0 0 1 0 0]
66	0.125	0.7947143316268921	0.10373728722333908	0.00047574599739164114	0.3225367069244385	0.36796462535858154	False	[0 0 0 0 0 0]	[0 0 0 0 0 0]	[0 0 0 0 0 0]	[0 0 0 0 0 0]
66	0.16750000417232513	1.5100533962249756	0.0628284141421318	0.00025766482576727867	0.8343819379806519	0.6125854253768921	False	[0 0 0 0 1 0]	[1 0 0 0 0 0]	[0 1 0 0 0 0]	[0 0 0 1 0 0]
66	0.12250000238418579	0.9085536003112793	0.12114080041646957	0.0005299188196659088	0.36743223667144775	0.41945067048072815	False	[0 0 0 0 0 0]	[0 0 0 0 0 0]	[0 0 0 0 0 0]	[0 0 0 0 0 0]
66	0.1599999964237213	1.4275811910629272	0.06058204919099808	0.00021828246826771647	0.7825303077697754	0.5842505693435669	False	[0 0 0 0 1 0]	[1 0 0 0 0 0]	[0 1 0 0 0 0]	[0 0 0 1 0 0]
66	0.12250000238418579	0.8574185371398926	0.10552739351987839	0.0004649590700864792	0.34136801958084106	0.4100582003593445	False	[0 0 0 0 0 0]	[0 0 0 0 0 0]	[0 0 0 0 0 0]	[0 0 0 0 0 0]
66	0.1599999964237213	1.4691882133483887	0.060907281935214996	0.00023471115855500102	0.8104291558265686	0.5976170301437378	False	[0 0 0 0 1 0]	[1 0 0 0 0 0]	[0 1 0 0 0 0]	[0 0 0 1 0 0]
66	0.11999999731779099	0.9096851348876953	0.11375147849321365	0.0005106297903694212	0.35584303736686707	0.43957996368408203	False	[0 0 0 0 0 0]	[0 0 0 0 0 0]	[0 0 0 0 0 0]	[0 0 0 0 0 0]
66	0.13500000536441803	1.4441063404083252	0.05953734740614891	0.00023494561901316047	0.7887393832206726	0.5955947041511536	False	[0 0 0 0 1 0]	[1 0 0 0 0 0]	[0 1 0 0 0 0]	[0 0 0 1 0 0]
66	0.11999999731779099	0.8108574151992798	0.11809500306844711	0.00048808346036821604	0.3210568130016327	0.3712174892425537	False	[0 0 0 0 0 0]	[0 0 0 0 0 0]	[0 0 0 0 0 0]	[0 0 0 0 0 0]
66	0.18250000476837158	1.5663955211639404	0.051040228456258774	0.0003816568059846759	0.8592000603675842	0.6557735204696655	False	[0 0 0 0 1 0]	[1 0 0 0 0 0]	[0 1 0 0 0 0]	[0 0 0 1 0 0]
66	0.12250000238418579	0.8649544715881348	0.12372688204050064	0.00044330122182145715	0.3487611413002014	0.39202314615249634	False	[0 0 0 0 0 0]	[0 0 0 0 0 0]	[0 0 0 0 0 0]	[0 0 0 0 0 0]
66	0.1850000023841858	1.4904191493988037	0.061103321611881256	0.00024137680884450674	0.8194214701652527	0.6096529364585876	False	[0 0 0 0 1 0]	[1 0 0 0 0 0]	[0 1 0 0 0 0]	[0 0 0 1 0 0]
66	0.125	0.8471012115478516	0.10758724808692932	0.0005889067542739213	0.3319370448589325	0.4069879949092865	False	[0 0 0 0 0 0]	[0 0 0 0 0 0]	[0 0 0 0 0 0]	[0 0 0 0 0 0]
66	0.12999999523162842	1.5269057750701904	0.058876294642686844	0.0002770489372778684	0.8401530981063843	0.6275993585586548	False	[0 0 0 0 1 0]	[1 0 0 0 0 0]	[0 1 0 0 0 0]	[0 0 0 1 0 0]
66	0.12250000238418579	0.8652255535125732	0.10780537873506546	0.00044323503971099854	0.34749144315719604	0.40948545932769775	False	[0 0 0 0 0 0]	[0 0 0 0 0 0]	[0 0 0 0 0 0]	[0 0 0 0 0 0]
66	0.1599999964237213	1.407082200050354	0.05975889042019844	0.00021632068092003465	0.773882269859314	0.5732247233390808	False	[0 0 0 0 1 0]	[1 0 0 0 0 0]	[0 1 0 0 0 0]	[0 0 0 1 0 0]
66	0.12250000238418579	0.8560566902160645	0.11457180976867676	0.000463070347905159	0.34511616826057434	0.39590567350387573	False	[0 0 0 0 0 0]	[0 0 0 0 0 0]	[0 0 0 0 0 0]	[0 0 0 0 0 0]
66	0.14000000059604645	1.4605474472045898	0.0605105385184288	0.00023600673011969775	0.807974100112915	0.5918267965316772	False	[0 0 0 0 1 0]	[1 0 0 0 0 0]	[0 1 0 0 0 0]	[0 0 0 1 0 0]
66	0.11999999731779099	0.8573572635650635	0.1211882159113884	0.00043570122215896845	0.34611639380455017	0.3896169364452362	False	[0 0 0 0 0 0]	[0 0 0 0 0 0]	[0 0 0 0 0 0]	[0 0 0 0 0 0]
66	0.1599999964237213	1.5237691402435303	0.059456609189510345	0.00029278313741087914	0.8342159986495972	0.6298037767410278	False	[0 0 0 0 1 0]	[1 0 0 0 0 0]	[0 1 0 0 0 0]	[0 0 0 1 0 0]
66	0.11749999970197678	0.7855674028396606	0.09878642857074738	0.00044546695426106453	0.314162939786911	0.37217259407043457	False	[0 0 0 0 0 0]	[0 0 0 0 0 0]	[0 0 0 0 0 0]	[0 0 0 0 0 0]
66	0.1550000011920929	1.4993535280227661	0.0633486732840538	0.00025730818742886186	0.8213292360305786	0.6144183278083801	False	[0 0 0 0 1 0]	[1 0 0 0 0 0]	[0 1 0 0 0 0]	[0 0 0 1 0 0]
66	0.11999999731779099	0.8587372303009033	0.11312983185052872	0.0003993296413682401	0.34428831934928894	0.40091973543167114	False	[0 0 0 0 0 0]	[0 0 0 0 0 0]	[0 0 0 0 0 0]	[0 0 0 0 0 0]
66	0.16500000655651093	1.448987603187561	0.05805861949920654	0.00025476503651589155	0.7850390672683716	0.6056351661682129	False	[0 0 0 0 1 0]	[1 0 0 0 0 0]	[0 1 0 0 0 0]	[0 0 0 1 0 0]
66	0.11999999731779099	0.8205678462982178	0.11888233572244644	0.00047859505866654217	0.33310815691947937	0.36809876561164856	False	[0 0 0 0 0 0]	[0 0 0 0 0 0]	[0 0 0 0 0 0]	[0 0 0 0 0 0]
66	0.17000000178813934	1.5182693004608154	0.061955053359270096	0.00026678526774048805	0.8285253047943115	0.6275222301483154	False	[0 0 0 0 1 0]	[1 0 0 0 0 0]	[0 1 0 0 0 0]	[0 0 0 1 0 0]
66	0.125	0.767102837562561	0.086451455950737	0.0005417727516032755	0.3016263246536255	0.37848326563835144	False	[0 0 0 0 0 0]	[0 0 0 0 0 0]	[0 0 0 0 0 0]	[0 0 0 0 0 0]
66	0.1574999988079071	1.549041986465454	0.06353624165058136	0.0002650755050126463	0.8586247563362122	0.6266158819198608	False	[0 0 0 0 1 0]	[1 0 0 0 0 0]	[0 1 0 0 0 0]	[0 0 0 1 0 0]
66	0.12250000238418579	0.8381921052932739	0.11433340609073639	0.00041500458610244095	0.34228554368019104	0.38115817308425903	False	[0 0 0 0 0 0]	[0 0 0 0 0 0]	[0 0 0 0 0 0]	[0 0 0 0 0 0]
67	0.17499999701976776	1.0730836391448975	0.0370238721370697	0.00021641950297635049	0.7878098487854004	0.2480335235595703	False	[0 0 0 0 1 0]	[1 0 0 0 0 0]	[0 1 0 0 0 0]	[0 0 0 1 0 0]
67	0.12250000238418579	1.000962734222412	0.12811727821826935	0.0005762609653174877	0.7107194662094116	0.16154974699020386	False	[0 0 0 0 0 0]	[0 0 0 0 0 0]	[0 0 0 0 0 0]	[0 0 0 0 0 0]
67	0.12999999523162842	0.9369714260101318	0.03539920225739479	0.00015756304492242634	0.7076425552368164	0.1937720775604248	False	[0 0 0 0 1 0]	[1 0 0 0 0 0]	[0 1 0 0 0 0]	[0 0 0 1 0 0]
67	0.11999999731779099	0.8865273594856262	0.11733243614435196	0.00046401924919337034	0.6488797664642334	0.11985109746456146	False	[0 0 0 0 0 0]	[0 0 0 0 0 0]	[0 0 0 0 0 0]	[0 0 0 0 0 0]
67	0.16500000655651093	0.9916226863861084	0.036037687212228775	0.00018365243158768862	0.7412536144256592	0.21414771676063538	False	[0 0 0 0 1 0]	[1 0 0 0 0 0]	[0 1 0 0 0 0]	[0 0 0 1 0 0]
67	0.12250000238418579	0.8995177745819092	0.09950998425483704	0.0006433598464354873	0.6479782462120056	0.15138623118400574	False	[0 0 0 0 0 0]	[0 0 0 0 0 0]	[0 0 0 0 0 0]	[0 0 0 0 0 0]
67	0.1525000035762787	0.978313684463501	0.036633990705013275	0.0001672892685746774	0.7415544390678406	0.1999579668045044	False	[0 0 0 0 1 0]	[1 0 0 0 0 0]	[0 1 0 0 0 0]	[0 0 0 1 0 0]
67	0.125	0.9364162683486938	0.10868340730667114	0.0004429046530276537	0.6902058124542236	0.13708409667015076	False	[0 0 0 0 0 0]	[0 0 0 0 0 0]	[0 0 0 0 0 0]	[0 0 0 0 0 0]
67	0.16500000655651093	0.9614043831825256	0.03891807794570923	0.00014621258014813066	0.735591471195221	0.18674860894680023	False	[0 0 0 0 1 0]	[1 0 0 0 0 0]	[0 1 0 0 0 0]	[0 0 0 1 0 0]
67	0.125	0.9910756349563599	0.12795552611351013	0.00042785482946783304	0.7148880958557129	0.1478041112422943	False	[0 0 0 0 0 0]	[0 0 0 0 0 0]	[0 0 0 0 0 0]	[0 0 0 0 0 0]
67	0.1599999964237213	0.9524115324020386	0.03788957744836807	0.0001492203737143427	0.7272787094116211	0.18709403276443481	False	[0 0 0 0 1 0]	[1 0 0 0 0 0]	[0 1 0 0 0 0]	[0 0 0 1 0 0]
67	0.125	0.930084228515625	0.10974044352769852	0.0005576069816015661	0.6670064330101013	0.1527797281742096	False	[0 0 0 0 0 0]	[0 0 0 0 0 0]	[0 0 0 0 0 0]	[0 0 0 0 0 0]
67	0.17000000178813934	0.9742757081985474	0.037914250046014786	0.00016095304454211146	0.7352381944656372	0.20096227526664734	False	[0 0 0 0 1 0]	[1 0 0 0 0 0]	[0 1 0 0 0 0]	[0 0 0 1 0 0]
67	0.1274999976158142	0.9305988550186157	0.11761974543333054	0.0005047483718954027	0.6791987419128418	0.13327562808990479	False	[0 0 0 0 0 0]	[0 0 0 0 0 0]	[0 0 0 0 0 0]	[0 0 0 0 0 0]
67	0.14000000059604645	0.9366992712020874	0.03471950441598892	0.00015252460434567183	0.7170766592025757	0.18475057184696198	False	[0 0 0 0 1 0]	[1 0 0 0 0 0]	[0 1 0 0 0 0]	[0 0 0 1 0 0]
67	0.12250000238418579	0.8774712681770325	0.09547356516122818	0.0005567017942667007	0.6352794766426086	0.14616148173809052	False	[0 0 0 0 0 0]	[0 0 0 0 0 0]	[0 0 0 0 0 0]	[0 0 0 0 0 0]
67	0.17499999701976776	0.9883427619934082	0.03753645345568657	0.00017464396660216153	0.7386494874954224	0.21198220551013947	False	[0 0 0 0 1 0]	[1 0 0 0 0 0]	[0 1 0 0 0 0]	[0 0 0 1 0 0]
67	0.11999999731779099	0.8460415601730347	0.11094207316637039	0.0006594738224521279	0.600630521774292	0.13380952179431915	False	[0 0 0 0 0 0]	[0 0 0 0 0 0]	[0 0 0 0 0 0]	[0 0 0 0 0 0]
67	0.14749999344348907	1.1360785961151123	0.037724316120147705	0.00022983242524787784	0.8334579467773438	0.2646665573120117	False	[0 0 0 0 1 0]	[1 0 0 0 0 0]	[0 1 0 0 0 0]	[0 0 0 1 0 0]
67	0.11999999731779099	0.9663756489753723	0.11941247433423996	0.0004931555595248938	0.6898033022880554	0.15666668117046356	False	[0 0 0 0 0 0]	[0 0 0 0 0 0]	[0 0 0 0 0 0]	[0 0 0 0 0 0]
67	0.16249999403953552	1.0089441537857056	0.037853460758924484	0.00016195003991015255	0.7610846757888794	0.20984406769275665	False	[0 0 0 0 1 0]	[1 0 0 0 0 0]	[0 1 0 0 0 0]	[0 0 0 1 0 0]
67	0.125	0.9231382608413696	0.1018090471625328	0.0006933266995474696	0.6283718347549438	0.19226408004760742	False	[0 0 0 0 0 0]	[0 0 0 0 0 0]	[0 0 0 0 0 0]	[0 0 0 0 0 0]
67	0.1525000035762787	0.9919217824935913	0.03764091804623604	0.0001619109680177644	0.7426030039787292	0.21151596307754517	False	[0 0 0 0 1 0]	[1 0 0 0 0 0]	[0 1 0 0 0 0]	[0 0 0 1 0 0]
67	0.12250000238418579	0.9414101839065552	0.11650928109884262	0.0005515709053725004	0.6702536940574646	0.15409566462039948	False	[0 0 0 0 0 0]	[0 0 0 0 0 0]	[0 0 0 0 0 0]	[0 0 0 0 0 0]
67	0.16500000655651093	0.9507372975349426	0.035755377262830734	0.00016080914065241814	0.7174140810966492	0.19740702211856842	False	[0 0 0 0 1 0]	[1 0 0 0 0 0]	[0 1 0 0 0 0]	[0 0 0 1 0 0]
67	0.12250000238418579	0.9369240403175354	0.11152234673500061	0.00043071567779406905	0.6875627636909485	0.13740819692611694	False	[0 0 0 0 0 0]	[0 0 0 0 0 0]	[0 0 0 0 0 0]	[0 0 0 0 0 0]
67	0.14499999582767487	1.038589358329773	0.03668135032057762	0.00018865292076952755	0.778712809085846	0.22300656139850616	False	[0 0 0 0 1 0]	[1 0 0 0 0 0]	[0 1 0 0 0 0]	[0 0 0 1 0 0]
67	0.125	0.9516148567199707	0.1302829384803772	0.000566095404792577	0.6738090515136719	0.14695681631565094	False	[0 0 0 0 0 0]	[0 0 0 0 0 0]	[0 0 0 0 0 0]	[0 0 0 0 0 0]
67	0.1599999964237213	1.007573127746582	0.03804347664117813	0.00016568756836932153	0.7594177722930908	0.2099461704492569	False	[0 0 0 0 1 0]	[1 0 0 0 0 0]	[0 1 0 0 0 0]	[0 0 0 1 0 0]
67	0.12250000238418579	0.9317218065261841	0.11504485458135605	0.0004883403889834881	0.6785075664520264	0.13768106698989868	False	[0 0 0 0 0 0]	[0 0 0 0 0 0]	[0 0 0 0 0 0]	[0 0 0 0 0 0]
68	0.20999999344348907	1.4541226625442505	0.037558283656835556	0.00023210395011119545	1.1124086380004883	0.3039235770702362	False	[0 0 0 0 1 0]	[1 0 0 0 0 0]	[0 0 1 0 0 0]	[0 0 0 1 0 0]
68	0.1574999988079071	0.0038657840341329575	0.0004783289914485067	0.0001378738525090739	0.0018770925235003233	0.0013724886812269688	False	[0 0 0 0 0 0]	[0 0 0 0 0 0]	[0 1 1 0 0 0]	[0 0 0 0 0 0]
68	0.15000000596046448	2.3919477462768555	0.5461909770965576	0.011470102705061436	1.1054459810256958	0.7288408279418945	False	[0 0 0 0 1 0]	[1 0 0 0 0 0]	[0 1 0 0 0 0]	[1 0 0 0 0 0]
68	0.1550000011920929	2.0848605632781982	0.31787341833114624	0.006194090470671654	1.0971099138259888	0.6636831164360046	False	[0 0 0 0 0 0]	[0 0 0 0 0 0]	[0 1 1 0 0 0]	[1 0 0 1 0 0]
68	0.125	0.036024309694767	0.0013914249138906598	0.00011414542677812278	0.02701057307422161	0.007508165203034878	False	[0 0 0 0 1 0]	[1 0 0 0 0 0]	[0 0 1 0 0 0]	[1 0 0 0 0 0]
68	0.14249999821186066	1.7111635208129883	0.09599225223064423	0.001954091480001807	1.1448298692703247	0.4683874249458313	False	[0 0 0 0 0 0]	[0 0 0 0 0 0]	[0 0 0 0 0 0]	[1 0 0 1 0 0]
68	0.13249999284744263	0.15934690833091736	0.0017112285131588578	4.140975943300873e-05	0.13159948587417603	0.02599477395415306	False	[0 0 0 0 1 0]	[1 0 0 0 0 0]	[0 1 0 0 0 0]	[1 0 0 0 0 0]
68	0.13500000536441803	2.1048011779785156	0.3945680558681488	0.005149060860276222	1.0536621809005737	0.6514219045639038	False	[0 0 0 0 0 0]	[0 0 0 0 0 0]	[0 1 1 0 0 0]	[1 0 0 1 0 0]
68	0.13750000298023224	0.046565327793359756	0.0014395916368812323	0.00015815789811313152	0.031914081424474716	0.013053495436906815	False	[0 0 0 0 1 0]	[1 0 0 0 0 0]	[0 0 1 0 0 0]	[1 0 0 0 0 0]
68	0.13500000536441803	1.7845792770385742	0.09697463363409042	0.0024857711978256702	1.1646192073822021	0.5204997062683105	False	[0 0 0 0 0 0]	[0 0 0 0 0 0]	[0 0 0 0 0 0]	[1 0 0 1 0 0]
68	0.16249999403953552	0.1771681010723114	0.0017945769941434264	5.541289283428341e-05	0.14198662340641022	0.03333147615194321	False	[0 0 0 0 1 0]	[1 0 0 0 0 0]	[0 1 0 0 0 0]	[1 0 0 0 0 0]
68	0.1574999988079071	2.110679864883423	0.3452095687389374	0.00670296885073185	1.093618392944336	0.6651489734649658	False	[0 0 0 0 0 0]	[0 0 0 0 0 0]	[0 1 1 0 0 0]	[1 0 0 1 0 0]
68	0.12250000238418579	0.04445037618279457	0.0015246678376570344	0.00013973737077321857	0.03108142502605915	0.01170454453676939	False	[0 0 0 0 1 0]	[1 0 0 0 0 0]	[0 0 1 0 0 0]	[1 0 0 0 0 0]
68	0.13500000536441803	1.7285209894180298	0.08955324441194534	0.0020353340078145266	1.1585633754730225	0.4783690273761749	False	[0 0 0 0 0 0]	[0 0 0 0 0 0]	[0 0 0 0 0 0]	[1 0 0 1 0 0]
68	0.15000000596046448	0.16353288292884827	0.0017586022149771452	3.85542880394496e-05	0.13470086455345154	0.027034858241677284	False	[0 0 0 0 1 0]	[1 0 0 0 0 0]	[0 1 0 0 0 0]	[1 0 0 0 0 0]
68	0.14749999344348907	2.112952947616577	0.3036961257457733	0.006202909164130688	1.1075143814086914	0.6955394148826599	False	[0 0 0 0 0 0]	[0 0 0 0 0 0]	[0 1 1 0 0 0]	[1 0 0 1 0 0]
68	0.13500000536441803	0.03835495561361313	0.0013415321009233594	0.0001415182341588661	0.028347691521048546	0.00852421298623085	False	[0 0 0 0 1 0]	[1 0 0 0 0 0]	[0 0 1 0 0 0]	[1 0 0 0 0 0]
68	0.13500000536441803	1.8109287023544312	0.08120563626289368	0.0033682510256767273	1.1791020631790161	0.5472527742385864	False	[0 0 0 0 0 0]	[0 0 0 0 0 0]	[0 0 0 0 0 0]	[1 0 0 1 0 0]
68	0.1550000011920929	0.15744493901729584	0.0017016364727169275	4.1615709051257e-05	0.129990816116333	0.02571086958050728	False	[0 0 0 0 1 0]	[1 0 0 0 0 0]	[0 1 0 0 0 0]	[1 0 0 0 0 0]
68	0.16500000655651093	2.077653169631958	0.31582197546958923	0.006367137655615807	1.0950020551681519	0.6604620218276978	False	[0 0 0 0 0 0]	[0 0 0 0 0 0]	[0 1 1 0 0 0]	[1 0 0 1 0 0]
68	0.1274999976158142	0.03966278210282326	0.001379648339934647	0.00014790422574151307	0.028784845024347305	0.009350384585559368	False	[0 0 0 0 1 0]	[1 0 0 0 0 0]	[0 0 1 0 0 0]	[1 0 0 0 0 0]
68	0.13500000536441803	1.742093563079834	0.08825469762086868	0.0022635324858129025	1.160787582397461	0.49078771471977234	False	[0 0 0 0 0 0]	[0 0 0 0 0 0]	[0 0 0 0 0 0]	[1 0 0 1 0 0]
68	0.13500000536441803	0.1606898009777069	0.0016739142592996359	4.882325811195187e-05	0.12859952449798584	0.03036753460764885	False	[0 0 0 0 1 0]	[1 0 0 0 0 0]	[0 1 0 0 0 0]	[1 0 0 0 0 0]
68	0.16500000655651093	2.1313657760620117	0.37577325105667114	0.004969904664903879	1.0732375383377075	0.6773850321769714	False	[0 0 0 0 0 0]	[0 0 0 0 0 0]	[0 1 1 0 0 0]	[1 0 0 1 0 0]
68	0.12250000238418579	0.03730970248579979	0.001299698487855494	0.00013165624113753438	0.027402272447943687	0.008476074784994125	False	[0 0 0 0 1 0]	[1 0 0 0 0 0]	[0 0 1 0 0 0]	[1 0 0 0 0 0]
68	0.13500000536441803	1.7434495687484741	0.08146432787179947	0.002379029057919979	1.1664403676986694	0.49316585063934326	False	[0 0 0 0 0 0]	[0 0 0 0 0 0]	[0 0 0 0 0 0]	[1 0 0 1 0 0]
68	0.15000000596046448	0.13794994354248047	0.0015802012057974935	4.4839849579147995e-05	0.11092137545347214	0.025403521955013275	False	[0 0 0 0 1 0]	[1 0 0 0 0 0]	[0 1 0 0 0 0]	[1 0 0 0 0 0]
68	0.16500000655651093	2.290919542312622	0.49231967329978943	0.0055755143985152245	1.0806162357330322	0.7124080657958984	False	[0 0 0 0 0 0]	[0 0 0 0 0 0]	[0 1 1 0 0 0]	[1 0 0 1 0 0]
68	0.125	0.04149147868156433	0.0014404816320165992	0.0001461221690988168	0.02972717583179474	0.010177696123719215	False	[0 0 0 0 1 0]	[1 0 0 0 0 0]	[0 0 1 0 0 0]	[1 0 0 0 0 0]
68	0.12250000238418579	1.7216287851333618	0.07640107721090317	0.0020884808618575335	1.1646325588226318	0.4785066843032837	False	[0 0 0 0 0 0]	[0 0 0 0 0 0]	[0 0 0 0 0 0]	[1 0 0 1 0 0]
69	0.1599999964237213	1.1756843328475952	0.023598285391926765	0.00014192322851158679	0.9809956550598145	0.17094850540161133	False	[0 0 0 0 1 0]	[1 0 0 0 0 0]	[0 1 0 0 0 0]	[0 0 0 1 0 0]
69	0.11749999970197678	1.232320785522461	0.04837282747030258	0.00045815028715878725	1.017307162284851	0.16618260741233826	False	[0 0 0 0 0 0]	[0 0 0 0 0 0]	[0 0 0 0 0 0]	[0 0 0 0 0 0]
69	0.17249999940395355	1.2698075771331787	0.023603279143571854	0.00017996961832977831	1.0331302881240845	0.21289412677288055	False	[0 0 0 0 1 0]	[1 0 0 0 0 0]	[0 1 0 0 0 0]	[0 0 0 1 0 0]
69	0.11999999731779099	1.2354495525360107	0.05235975608229637	0.00036562004243023694	1.0316603183746338	0.1510639786720276	False	[0 0 0 0 0 0]	[0 0 0 0 0 0]	[0 0 0 0 0 0]	[0 0 0 0 0 0]
69	0.1599999964237213	1.247718334197998	0.023757804185152054	0.00017888379807118326	1.0257326364517212	0.19804906845092773	False	[0 0 0 0 1 0]	[1 0 0 0 0 0]	[0 1 0 0 0 0]	[0 0 0 1 0 0]
69	0.125	1.2857718467712402	0.06258274614810944	0.00032820983324199915	1.0557886362075806	0.16707223653793335	False	[0 0 0 0 0 0]	[0 0 0 0 0 0]	[0 0 0 0 0 0]	[0 0 0 0 0 0]
69	0.12999999523162842	1.3041876554489136	0.02218051627278328	0.0002186745114158839	1.0505456924438477	0.2312428057193756	False	[0 0 0 0 1 0]	[1 0 0 0 0 0]	[0 1 0 0 0 0]	[0 0 0 1 0 0]
69	0.11749999970197678	1.2239465713500977	0.04823596403002739	0.0003982439520768821	1.0266071557998657	0.14870521426200867	False	[0 0 0 0 0 0]	[0 0 0 0 0 0]	[0 0 0 0 0 0]	[0 0 0 0 0 0]
69	0.14000000059604645	1.260642409324646	0.025294942781329155	0.00017939109238795936	1.0239310264587402	0.21123704314231873	False	[0 0 0 0 1 0]	[1 0 0 0 0 0]	[0 1 0 0 0 0]	[0 0 0 1 0 0]
69	0.125	1.2581877708435059	0.05623256042599678	0.00046877175918780267	1.0320013761520386	0.16948510706424713	False	[0 0 0 0 0 0]	[0 0 0 0 0 0]	[0 0 0 0 0 0]	[0 0 0 0 0 0]
69	0.16500000655651093	1.2030452489852905	0.024004098027944565	0.0001489830610807985	1.0005542039871216	0.178337961435318	False	[0 0 0 0 1 0]	[1 0 0 0 0 0]	[0 1 0 0 0 0]	[0 0 0 1 0 0]
69	0.11500000208616257	1.2192318439483643	0.048164915293455124	0.0004035138408653438	1.0160154104232788	0.15464800596237183	False	[0 0 0 0 0 0]	[0 0 0 0 0 0]	[0 0 0 0 0 0]	[0 0 0 0 0 0]
69	0.14499999582767487	1.2258374691009521	0.024235451593995094	0.00016081382636912167	1.0124409198760986	0.18900024890899658	False	[0 0 0 0 1 0]	[1 0 0 0 0 0]	[0 1 0 0 0 0]	[0 0 0 1 0 0]
69	0.125	1.2053756713867188	0.04803898558020592	0.0004399232566356659	1.0070546865463257	0.1498420387506485	False	[0 0 0 0 0 0]	[0 0 0 0 0 0]	[0 0 0 0 0 0]	[0 0 0 0 0 0]
69	0.14749999344348907	1.2611474990844727	0.023939145728945732	0.00018184260989073664	1.030624270439148	0.20640215277671814	False	[0 0 0 0 1 0]	[1 0 0 0 0 0]	[0 1 0 0 0 0]	[0 0 0 1 0 0]
69	0.1274999976158142	1.222041368484497	0.04852328449487686	0.00047883205115795135	1.014466643333435	0.15857252478599548	False	[0 0 0 0 0 0]	[0 0 0 0 0 0]	[0 0 0 0 0 0]	[0 0 0 0 0 0]
69	0.17000000178813934	1.278557300567627	0.024365583434700966	0.00018903482123278081	1.0396260023117065	0.21437671780586243	False	[0 0 0 0 1 0]	[1 0 0 0 0 0]	[0 1 0 0 0 0]	[0 0 0 1 0 0]
69	0.11999999731779099	1.255319356918335	0.05813252925872803	0.00043737710802815855	1.042342185974121	0.15440720319747925	False	[0 0 0 0 0 0]	[0 0 0 0 0 0]	[0 0 0 0 0 0]	[0 0 0 0 0 0]
69	0.17499999701976776	1.2485108375549316	0.023952282965183258	0.0001719313149806112	1.0214040279388428	0.2029825896024704	False	[0 0 0 0 1 0]	[1 0 0 0 0 0]	[0 1 0 0 0 0]	[0 0 0 1 0 0]
69	0.12250000238418579	1.2091851234436035	0.05091284587979317	0.0005242766346782446	0.9990007281303406	0.1587473601102829	False	[0 0 0 0 0 0]	[0 0 0 0 0 0]	[0 0 0 0 0 0]	[0 0 0 0 0 0]
69	0.13750000298023224	1.22455632686615	0.02380121313035488	0.0001556161732878536	1.011008381843567	0.18959112465381622	False	[0 0 0 0 1 0]	[1 0 0 0 0 0]	[0 1 0 0 0 0]	[0 0 0 1 0 0]
69	0.125	1.22319495677948	0.05086670443415642	0.00045924013829790056	1.020254135131836	0.15161487460136414	False	[0 0 0 0 0 0]	[0 0 0 0 0 0]	[0 0 0 0 0 0]	[0 0 0 0 0 0]
69	0.14499999582767487	1.3138561248779297	0.022910401225090027	0.00021823743009008467	1.058097004890442	0.23263055086135864	False	[0 0 0 0 1 0]	[1 0 0 0 0 0]	[0 1 0 0 0 0]	[0 0 0 1 0 0]
69	0.11999999731779099	1.2216843366622925	0.047031134366989136	0.0004384403582662344	1.016425371170044	0.15778937935829163	False	[0 0 0 0 0 0]	[0 0 0 0 0 0]	[0 0 0 0 0 0]	[0 0 0 0 0 0]
69	0.16750000417232513	1.3197795152664185	0.022203901782631874	0.0002499203837942332	1.0554633140563965	0.24186238646507263	False	[0 0 0 0 1 0]	[1 0 0 0 0 0]	[0 1 0 0 0 0]	[0 0 0 1 0 0]
69	0.125	1.2183213233947754	0.04882799834012985	0.00041229993803426623	1.0136663913726807	0.15541459619998932	False	[0 0 0 0 0 0]	[0 0 0 0 0 0]	[0 0 0 0 0 0]	[0 0 0 0 0 0]
69	0.18000000715255737	1.311824917793274	0.02376146987080574	0.00022221880499273539	1.0553059577941895	0.2325352281332016	False	[0 0 0 0 1 0]	[1 0 0 0 0 0]	[0 1 0 0 0 0]	[0 0 0 1 0 0]
69	0.125	1.2372393608093262	0.051659803837537766	0.0004371260874904692	1.022181510925293	0.16296082735061646	False	[0 0 0 0 0 0]	[0 0 0 0 0 0]	[0 0 0 0 0 0]	[0 0 0 0 0 0]
69	0.14749999344348907	1.2571194171905518	0.024266980588436127	0.0001848302490543574	1.0285524129867554	0.2041151225566864	False	[0 0 0 0 1 0]	[1 0 0 0 0 0]	[0 1 0 0 0 0]	[0 0 0 1 0 0]
69	0.125	1.2242205142974854	0.04767585173249245	0.0004463351215235889	1.0179063081741333	0.15819208323955536	False	[0 0 0 0 0 0]	[0 0 0 0 0 0]	[0 0 0 0 0 0]	[0 0 0 0 0 0]
70	0.14249999821186066	0.2216445803642273	0.002353602321818471	7.806280336808413e-05	0.1865675449371338	0.03264537453651428	False	[0 0 0 0 1 0]	[1 0 0 0 0 0]	[0 1 0 0 0 0]	[0 0 0 1 0 0]
70	0.12250000238418579	0.22547578811645508	0.0057756537571549416	0.0001418938918504864	0.1790609210729599	0.040497325360774994	False	[0 0 0 0 0 0]	[0 0 0 0 0 0]	[0 0 0 0 0 0]	[0 0 0 0 0 0]
70	0.1550000011920929	0.24542564153671265	0.0025491388514637947	8.214388799387962e-05	0.20492491126060486	0.03786945343017578	False	[0 0 0 0 1 0]	[1 0 0 0 0 0]	[0 1 0 0 0 0]	[0 0 0 1 0 0]
70	0.125	0.234646737575531	0.005822222214192152	0.0001576249924255535	0.1895146518945694	0.03915223479270935	False	[0 0 0 0 0 0]	[0 0 0 0 0 0]	[0 0 0 0 0 0]	[0 0 0 0 0 0]
70	0.18000000715255737	0.20184767246246338	0.002286697505041957	7.007461681496352e-05	0.16989465057849884	0.029596246778964996	False	[0 0 0 0 1 0]	[1 0 0 0 0 0]	[0 1 0 0 0 0]	[0 0 0 1 0 0]
70	0.11999999731779099	0.1955082267522812	0.0049740769900381565	0.00015988023369573057	0.15067227184772491	0.039701998233795166	False	[0 0 0 0 0 0]	[0 0 0 0 0 0]	[0 0 0 0 0 0]	[0 0 0 0 0 0]
70	0.1574999988079071	0.21425682306289673	0.002267502248287201	7.690467464271933e-05	0.18224003911018372	0.029672376811504364	False	[0 0 0 0 1 0]	[1 0 0 0 0 0]	[0 1 0 0 0 0]	[0 0 0 1 0 0]
70	0.11749999970197678	0.22829844057559967	0.005512661766260862	0.00013982740347273648	0.1823471188545227	0.040298838168382645	False	[0 0 0 0 0 0]	[0 0 0 0 0 0]	[0 0 0 0 0 0]	[0 0 0 0 0 0]
70	0.1599999964237213	0.22734907269477844	0.0024010564666241407	8.474702190142125e-05	0.18940851092338562	0.03545475751161575	False	[0 0 0 0 1 0]	[1 0 0 0 0 0]	[0 1 0 0 0 0]	[0 0 0 1 0 0]
70	0.125	0.23477551341056824	0.005917109549045563	0.00010422214108984917	0.18803179264068604	0.040722381323575974	False	[0 0 0 0 0 0]	[0 0 0 0 0 0]	[0 0 0 0 0 0]	[0 0 0 0 0 0]
70	0.1525000035762787	0.2135656774044037	0.002312013879418373	7.62288473197259e-05	0.17901267111301422	0.03216477110981941	False	[0 0 0 0 1 0]	[1 0 0 0 0 0]	[0 1 0 0 0 0]	[0 0 0 1 0 0]
70	0.125	0.2299211472272873	0.005600991193205118	0.00015411135973408818	0.1806810349225998	0.04348501190543175	False	[0 0 0 0 0 0]	[0 0 0 0 0 0]	[0 0 0 0 0 0]	[0 0 0 0 0 0]
70	0.15000000596046448	0.20762932300567627	0.0024162987247109413	6.27178160357289e-05	0.17574933171272278	0.02940097637474537	False	[0 0 0 0 1 0]	[1 0 0 0 0 0]	[0 1 0 0 0 0]	[0 0 0 1 0 0]
70	0.125	0.2274426817893982	0.006152357906103134	0.00013337659765966237	0.18047791719436646	0.04067903757095337	False	[0 0 0 0 0 0]	[0 0 0 0 0 0]	[0 0 0 0 0 0]	[0 0 0 0 0 0]
70	0.1599999964237213	0.20965804159641266	0.002351779490709305	6.82539030094631e-05	0.1772339791059494	0.030004028230905533	False	[0 0 0 0 1 0]	[1 0 0 0 0 0]	[0 1 0 0 0 0]	[0 0 0 1 0 0]
70	0.12250000238418579	0.2404964566230774	0.006083650980144739	0.0001197989986394532	0.19158652424812317	0.04270649701356888	False	[0 0 0 0 0 0]	[0 0 0 0 0 0]	[0 0 0 0 0 0]	[0 0 0 0 0 0]
70	0.15000000596046448	0.20614609122276306	0.0022757849656045437	7.337499846471474e-05	0.1727822870016098	0.03101465292274952	False	[0 0 0 0 1 0]	[1 0 0 0 0 0]	[0 1 0 0 0 0]	[0 0 0 1 0 0]
70	0.1274999976158142	0.23182135820388794	0.005362488329410553	0.00013765886251349002	0.18384355306625366	0.04247765988111496	False	[0 0 0 0 0 0]	[0 0 0 0 0 0]	[0 0 0 0 0 0]	[0 0 0 0 0 0]
70	0.1574999988079071	0.22296454012393951	0.0023799347691237926	9.051332017406821e-05	0.18434962630271912	0.03614446893334389	False	[0 0 0 0 1 0]	[1 0 0 0 0 0]	[0 1 0 0 0 0]	[0 0 0 1 0 0]
70	0.12250000238418579	0.2105432152748108	0.005263124126940966	0.00015352063928730786	0.16344687342643738	0.04167970269918442	False	[0 0 0 0 0 0]	[0 0 0 0 0 0]	[0 0 0 0 0 0]	[0 0 0 0 0 0]
70	0.1550000011920929	0.23280170559883118	0.002530626952648163	7.663213182240725e-05	0.1941537708044052	0.03604067862033844	False	[0 0 0 0 1 0]	[1 0 0 0 0 0]	[0 1 0 0 0 0]	[0 0 0 1 0 0]
70	0.12250000238418579	0.21730349957942963	0.00584920309484005	0.00013386797218117863	0.17096246778964996	0.040357962250709534	False	[0 0 0 0 0 0]	[0 0 0 0 0 0]	[0 0 0 0 0 0]	[0 0 0 0 0 0]
70	0.18000000715255737	0.19740356504917145	0.002280531683936715	6.448332715081051e-05	0.1665162891149521	0.02854226902127266	False	[0 0 0 0 1 0]	[1 0 0 0 0 0]	[0 1 0 0 0 0]	[0 0 0 1 0 0]
70	0.125	0.21579386293888092	0.00517621822655201	0.00013336201664060354	0.17130227386951447	0.03918201103806496	False	[0 0 0 0 0 0]	[0 0 0 0 0 0]	[0 0 0 0 0 0]	[0 0 0 0 0 0]
70	0.1599999964237213	0.2303980588912964	0.0024149687960743904	7.87036115070805e-05	0.193722203373909	0.03418217599391937	False	[0 0 0 0 1 0]	[1 0 0 0 0 0]	[0 1 0 0 0 0]	[0 0 0 1 0 0]
70	0.11999999731779099	0.20832955837249756	0.005038605071604252	0.00016983132809400558	0.16203837096691132	0.04108275845646858	False	[0 0 0 0 0 0]	[0 0 0 0 0 0]	[0 0 0 0 0 0]	[0 0 0 0 0 0]
70	0.18000000715255737	0.22904078662395477	0.002368517220020294	8.570389036322013e-05	0.19081518054008484	0.035771384835243225	False	[0 0 0 0 1 0]	[1 0 0 0 0 0]	[0 1 0 0 0 0]	[0 0 0 1 0 0]
70	0.1274999976158142	0.222818523645401	0.005391979124397039	0.0001446457317797467	0.1750931441783905	0.042188748717308044	False	[0 0 0 0 0 0]	[0 0 0 0 0 0]	[0 0 0 0 0 0]	[0 0 0 0 0 0]
70	0.14499999582767487	0.21044428646564484	0.002235396998003125	8.193847315851599e-05	0.17687153816223145	0.03125540539622307	False	[0 0 0 0 1 0]	[1 0 0 0 0 0]	[0 1 0 0 0 0]	[0 0 0 1 0 0]
70	0.1274999976158142	0.22789350152015686	0.005760617088526487	0.00016518495976924896	0.18252384662628174	0.03944385424256325	False	[0 0 0 0 0 0]	[0 0 0 0 0 0]	[0 0 0 0 0 0]	[0 0 0 0 0 0]
71	0.1899999976158142	0.1653844714164734	0.001640712609514594	7.083856326062232e-05	0.1355152577161789	0.0281576719135046	False	[0 0 0 0 1 0]	[1 0 0 0 0 0]	[0 1 0 0 0 0]	[0 0 0 1 0 0]
71	0.12250000238418579	0.1468471884727478	0.0033976761624217033	0.00012313053593970835	0.11224924772977829	0.03107713907957077	False	[0 0 0 0 0 0]	[0 0 0 0 0 0]	[0 0 0 0 0 0]	[0 0 0 0 0 0]
71	0.15000000596046448	0.14947237074375153	0.0015985564095899463	6.548671808559448e-05	0.12168890982866287	0.02611941285431385	False	[0 0 0 0 1 0]	[1 0 0 0 0 0]	[0 1 0 0 0 0]	[0 0 0 1 0 0]
71	0.125	0.1727086305618286	0.003773644333705306	0.00010329131328035146	0.13661816716194153	0.032213520258665085	False	[0 0 0 0 0 0]	[0 0 0 0 0 0]	[0 0 0 0 0 0]	[0 0 0 0 0 0]
71	0.16500000655651093	0.11935065686702728	0.0013859027530997992	5.2946299547329545e-05	0.09871897846460342	0.019192831590771675	False	[0 0 0 0 1 0]	[1 0 0 0 0 0]	[0 1 0 0 0 0]	[0 0 0 1 0 0]
71	0.125	0.1529456228017807	0.0031622766982764006	0.00015195248124655336	0.11836980283260345	0.03126159682869911	False	[0 0 0 0 0 0]	[0 0 0 0 0 0]	[0 0 0 0 0 0]	[0 0 0 0 0 0]
71	0.1599999964237213	0.15614062547683716	0.0014427307760342956	0.00010550310253165662	0.12254097312688828	0.03205142170190811	False	[0 0 0 0 1 0]	[1 0 0 0 0 0]	[0 1 0 0 0 0]	[0 0 0 1 0 0]
71	0.1274999976158142	0.1540210247039795	0.003461676649749279	0.00012857448018621653	0.11805442720651627	0.03237634524703026	False	[0 0 0 0 0 0]	[0 0 0 0 0 0]	[0 0 0 0 0 0]	[0 0 0 0 0 0]
71	0.13750000298023224	0.13717405498027802	0.0015166999073699117	6.898036372149363e-05	0.10859915614128113	0.026989221572875977	False	[0 0 0 0 1 0]	[1 0 0 0 0 0]	[0 1 0 0 0 0]	[0 0 0 1 0 0]
71	0.11749999970197678	0.15700721740722656	0.003519593272358179	0.00014077799278311431	0.12028510123491287	0.033061739057302475	False	[0 0 0 0 0 0]	[0 0 0 0 0 0]	[0 0 0 0 0 0]	[0 0 0 0 0 0]
71	0.18000000715255737	0.17133057117462158	0.001626771641895175	7.832354458514601e-05	0.1403161734342575	0.02930930256843567	False	[0 0 0 0 1 0]	[1 0 0 0 0 0]	[0 1 0 0 0 0]	[0 0 0 1 0 0]
71	0.11999999731779099	0.1560811996459961	0.003558274358510971	0.00013654098438564688	0.11817354708909988	0.03421283885836601	False	[0 0 0 0 0 0]	[0 0 0 0 0 0]	[0 0 0 0 0 0]	[0 0 0 0 0 0]
71	0.15000000596046448	0.1591433435678482	0.0016261902637779713	8.508422615705058e-05	0.12525352835655212	0.03217853605747223	False	[0 0 0 0 1 0]	[1 0 0 0 0 0]	[0 1 0 0 0 0]	[0 0 0 1 0 0]
71	0.125	0.14798063039779663	0.0031747787725180387	0.00014361365174409002	0.11410612612962723	0.030556105077266693	False	[0 0 0 0 0 0]	[0 0 0 0 0 0]	[0 0 0 0 0 0]	[0 0 0 0 0 0]
71	0.12999999523162842	0.1368890106678009	0.001401050016283989	7.008856482570991e-05	0.11189617216587067	0.023521697148680687	False	[0 0 0 0 1 0]	[1 0 0 0 0 0]	[0 1 0 0 0 0]	[0 0 0 1 0 0]
71	0.12250000238418579	0.15957853198051453	0.0034623765386641026	0.000107253719761502	0.12420018762350082	0.03180871531367302	False	[0 0 0 0 0 0]	[0 0 0 0 0 0]	[0 0 0 0 0 0]	[0 0 0 0 0 0]
71	0.14499999582767487	0.1448357105255127	0.0016307826153934002	6.211880827322602e-05	0.11766982078552246	0.02547299675643444	False	[0 0 0 0 1 0]	[1 0 0 0 0 0]	[0 1 0 0 0 0]	[0 0 0 1 0 0]
71	0.125	0.16394421458244324	0.0035909214057028294	9.99446347123012e-05	0.12549103796482086	0.03476230055093765	False	[0 0 0 0 0 0]	[0 0 0 0 0 0]	[0 0 0 0 0 0]	[0 0 0 0 0 0]
71	0.16249999403953552	0.15168771147727966	0.001525354920886457	7.447787356795743e-05	0.1239849254488945	0.026102956384420395	False	[0 0 0 0 1 0]	[1 0 0 0 0 0]	[0 1 0 0 0 0]	[0 0 0 1 0 0]
71	0.125	0.15438827872276306	0.003339882707223296	0.00012657207844313234	0.1192493587732315	0.03167245537042618	False	[0 0 0 0 0 0]	[0 0 0 0 0 0]	[0 0 0 0 0 0]	[0 0 0 0 0 0]
71	0.1599999964237213	0.14067180454730988	0.0015963546466082335	6.042150198481977e-05	0.11448322236537933	0.024531802162528038	False	[0 0 0 0 1 0]	[1 0 0 0 0 0]	[0 1 0 0 0 0]	[0 0 0 1 0 0]
71	0.11999999731779099	0.15555763244628906	0.003485587192699313	0.00012489936489146203	0.12208352982997894	0.029863616451621056	False	[0 0 0 0 0 0]	[0 0 0 0 0 0]	[0 0 0 0 0 0]	[0 0 0 0 0 0]
71	0.14249999821186066	0.14999079704284668	0.0015641070203855634	8.168086787918583e-05	0.11943414062261581	0.028910860419273376	False	[0 0 0 0 1 0]	[1 0 0 0 0 0]	[0 1 0 0 0 0]	[0 0 0 1 0 0]
71	0.11749999970197678	0.15365150570869446	0.003373236395418644	0.0001316459383815527	0.11898171901702881	0.03116491064429283	False	[0 0 0 0 0 0]	[0 0 0 0 0 0]	[0 0 0 0 0 0]	[0 0 0 0 0 0]
71	0.1550000011920929	0.14070403575897217	0.0015369720058515668	6.428008782677352e-05	0.11480698734521866	0.02429579570889473	False	[0 0 0 0 1 0]	[1 0 0 0 0 0]	[0 1 0 0 0 0]	[0 0 0 1 0 0]
71	0.12250000238418579	0.1544967144727707	0.0033478233963251114	0.00012076130951754749	0.11980275064706802	0.031225375831127167	False	[0 0 0 0 0 0]	[0 0 0 0 0 0]	[0 0 0 0 0 0]	[0 0 0 0 0 0]
71	0.13750000298023224	0.1496637463569641	0.001616434776224196	6.258276698645204e-05	0.12210646271705627	0.025878269225358963	False	[0 0 0 0 1 0]	[1 0 0 0 0 0]	[0 1 0 0 0 0]	[0 0 0 1 0 0]
71	0.12999999523162842	0.15586023032665253	0.0035208354238420725	0.00010553716856520623	0.12117540091276169	0.03105846419930458	False	[0 0 0 0 0 0]	[0 0 0 0 0 0]	[0 0 0 0 0 0]	[0 0 0 0 0 0]
71	0.15000000596046448	0.14835572242736816	0.0015553394332528114	7.478101179003716e-05	0.12034519761800766	0.02638040855526924	False	[0 0 0 0 1 0]	[1 0 0 0 0 0]	[0 1 0 0 0 0]	[0 0 0 1 0 0]
71	0.12250000238418579	0.15857771039009094	0.003425717819482088	0.00011982930300291628	0.12334384769201279	0.031688325107097626	False	[0 0 0 0 0 0]	[0 0 0 0 0 0]	[0 0 0 0 0 0]	[0 0 0 0 0 0]
72	0.15000000596046448	0.007174212485551834	0.00040503800846636295	0.0002784568350762129	0.0037410396616905928	0.002749677747488022	False	[0 0 0 0 1 0]	[1 0 0 0 0 0]	[0 1 0 0 0 0]	[0 0 0 1 0 0]
72	0.1899999976158142	1.2997071743011475	0.1501488834619522	0.0015414858935400844	1.003883719444275	0.14413310587406158	False	[0 0 0 0 0 0]	[0 0 0 0 0 0]	[0 1 1 0 0 0]	[0 0 0 0 0 0]
72	0.16500000655651093	2.24562931060791	0.38980498909950256	0.01333591528236866	1.0927199125289917	0.7497684955596924	False	[0 0 0 0 1 0]	[1 0 0 0 0 0]	[0 1 0 0 0 0]	[0 0 0 1 0 0]
72	0.1850000023841858	1.3088018894195557	0.15651041269302368	0.0013806966599076986	0.9950422644615173	0.15586847066879272	False	[0 0 0 0 0 0]	[0 0 0 0 0 0]	[0 1 1 0 0 0]	[0 0 0 0 0 0]
72	0.1550000011920929	2.162062168121338	0.3915998935699463	0.00942912232130766	1.0581542253494263	0.7028790712356567	False	[0 0 0 0 1 0]	[1 0 0 0 0 0]	[0 1 0 0 0 0]	[0 0 0 1 0 0]
72	0.19249999523162842	1.3071621656417847	0.1497664898633957	0.0017073240596801043	1.0055816173553467	0.1501067876815796	False	[0 0 0 0 0 0]	[0 0 0 0 0 0]	[0 1 1 0 0 0]	[0 0 0 0 0 0]
72	0.14749999344348907	2.179354190826416	0.43482351303100586	0.007922003045678139	1.037348985671997	0.6992596387863159	False	[0 0 0 0 1 0]	[1 0 0 0 0 0]	[0 1 0 0 0 0]	[0 0 0 1 0 0]
72	0.1899999976158142	1.3212825059890747	0.16426588594913483	0.0014045905554667115	1.0029735565185547	0.15263846516609192	False	[0 0 0 0 0 0]	[0 0 0 0 0 0]	[0 1 1 0 0 0]	[0 0 0 0 0 0]
72	0.17000000178813934	2.1778602600097656	0.4239242374897003	0.009307842701673508	1.048148274421692	0.6964800357818604	False	[0 0 0 0 1 0]	[1 0 0 0 0 0]	[0 1 0 0 0 0]	[0 0 0 1 0 0]
72	0.20749999582767487	1.3159233331680298	0.16265590488910675	0.0014407564885914326	1.00002920627594	0.15179738402366638	False	[0 0 0 0 0 0]	[0 0 0 0 0 0]	[0 1 1 0 0 0]	[0 0 0 0 0 0]
72	0.1550000011920929	2.1446800231933594	0.3855390250682831	0.01008874736726284	1.0666139125823975	0.6824384927749634	False	[0 0 0 0 1 0]	[1 0 0 0 0 0]	[0 1 0 0 0 0]	[0 0 0 1 0 0]
72	0.19499999284744263	1.3184654712677002	0.16998854279518127	0.0013287567999213934	0.9961422681808472	0.1510058492422104	False	[0 0 0 0 0 0]	[0 0 0 0 0 0]	[0 1 1 0 0 0]	[0 0 0 0 0 0]
72	0.17499999701976776	2.0823702812194824	0.39746150374412537	0.006797925569117069	1.0193156003952026	0.6587952375411987	False	[0 0 0 0 1 0]	[1 0 0 0 0 0]	[0 1 0 0 0 0]	[0 0 0 1 0 0]
72	0.17499999701976776	1.3401374816894531	0.16922102868556976	0.0016957628540694714	1.00864839553833	0.16057227551937103	False	[0 0 0 0 0 0]	[0 0 0 0 0 0]	[0 1 1 0 0 0]	[0 0 0 0 0 0]
72	0.14499999582767487	2.1094820499420166	0.41551899909973145	0.006331572309136391	1.0236051082611084	0.6640263199806213	False	[0 0 0 0 1 0]	[1 0 0 0 0 0]	[0 1 0 0 0 0]	[0 0 0 1 0 0]
72	0.16750000417232513	1.2840192317962646	0.14745187759399414	0.0010752251837402582	0.9930250644683838	0.14246708154678345	False	[0 0 0 0 0 0]	[0 0 0 0 0 0]	[0 1 1 0 0 0]	[0 0 0 0 0 0]
72	0.1899999976158142	2.1185379028320312	0.3841886520385742	0.008339937776327133	1.0516566038131714	0.6743527054786682	False	[0 0 0 0 1 0]	[1 0 0 0 0 0]	[0 1 0 0 0 0]	[0 0 0 1 0 0]
72	0.1850000023841858	1.3238093852996826	0.16008256375789642	0.00177631969563663	1.0031025409698486	0.15884792804718018	False	[0 0 0 0 0 0]	[0 0 0 0 0 0]	[0 1 1 0 0 0]	[0 0 0 0 0 0]
72	0.1599999964237213	2.2122035026550293	0.3798283338546753	0.013967519626021385	1.0829722881317139	0.7354353070259094	False	[0 0 0 0 1 0]	[1 0 0 0 0 0]	[0 1 0 0 0 0]	[0 0 0 1 0 0]
72	0.18000000715255737	1.31087064743042	0.16935837268829346	0.0011824800167232752	0.994895875453949	0.1454339474439621	False	[0 0 0 0 0 0]	[0 0 0 0 0 0]	[0 1 1 0 0 0]	[0 0 0 0 0 0]
72	0.18000000715255737	2.0975310802459717	0.3487527668476105	0.009540928527712822	1.065134882926941	0.6741026043891907	False	[0 0 0 0 1 0]	[1 0 0 0 0 0]	[0 1 0 0 0 0]	[0 0 0 1 0 0]
72	0.16249999403953552	1.325803279876709	0.17586396634578705	0.0014091527555137873	0.9959850907325745	0.15254507958889008	False	[0 0 0 0 0 0]	[0 0 0 0 0 0]	[0 1 1 0 0 0]	[0 0 0 0 0 0]
72	0.1550000011920929	2.277728319168091	0.4058336615562439	0.012765567749738693	1.0844531059265137	0.7746759653091431	False	[0 0 0 0 1 0]	[1 0 0 0 0 0]	[0 1 0 0 0 0]	[0 0 0 1 0 0]
72	0.14749999344348907	1.3200247287750244	0.17170310020446777	0.001418519765138626	0.9970692992210388	0.1498337686061859	False	[0 0 0 0 0 0]	[0 0 0 0 0 0]	[0 1 1 0 0 0]	[0 0 0 0 0 0]
72	0.1550000011920929	1.9342725276947021	0.34664973616600037	0.00583260040730238	1.0067609548568726	0.575029194355011	False	[0 0 0 0 1 0]	[1 0 0 0 0 0]	[0 1 0 0 0 0]	[0 0 0 1 0 0]
72	0.1899999976158142	1.3277915716171265	0.17416629195213318	0.001390166929922998	0.9989843368530273	0.1532507836818695	False	[0 0 0 0 0 0]	[0 0 0 0 0 0]	[0 1 1 0 0 0]	[0 0 0 0 0 0]
72	0.16500000655651093	2.075857162475586	0.41240832209587097	0.007494931109249592	1.022014856338501	0.6339389681816101	False	[0 0 0 0 1 0]	[1 0 0 0 0 0]	[0 1 0 0 0 0]	[0 0 0 1 0 0]
72	0.16500000655651093	1.3111872673034668	0.15898680686950684	0.0015643470687791705	1.0039188861846924	0.14671722054481506	False	[0 0 0 0 0 0]	[0 0 0 0 0 0]	[0 1 1 0 0 0]	[0 0 0 0 0 0]
72	0.15000000596046448	2.163329601287842	0.4274599850177765	0.010266628116369247	1.0449469089508057	0.6806560754776001	False	[0 0 0 0 1 0]	[1 0 0 0 0 0]	[0 1 0 0 0 0]	[0 0 0 1 0 0]
72	0.16500000655651093	1.319371223449707	0.16604210436344147	0.0013819868909195065	1.000908374786377	0.1510387510061264	False	[0 0 0 0 0 0]	[0 0 0 0 0 0]	[0 1 1 0 0 0]	[0 0 0 0 0 0]
73	0.1550000011920929	0.009903745725750923	0.0005353671149350703	0.00023997477546799928	0.005865315906703472	0.003263087710365653	False	[0 0 0 0 1 0]	[1 0 0 0 0 0]	[0 1 0 0 0 0]	[0 0 0 1 0 0]
73	0.11999999731779099	0.3001619279384613	0.012769150547683239	0.0003654468455351889	0.2664085626602173	0.020618757233023643	False	[0 0 0 0 0 0]	[0 0 0 0 0 0]	[0 0 0 0 0 0]	[0 0 0 0 0 0]
73	0.1550000011920929	0.01052313856780529	0.0005247403751127422	0.00024407522869296372	0.006425348576158285	0.0033289738930761814	False	[0 0 0 0 1 0]	[1 0 0 0 0 0]	[0 1 0 0 0 0]	[0 0 0 1 0 0]
73	0.125	0.3133980333805084	0.013531433418393135	0.00033360725501552224	0.2786027491092682	0.020930225029587746	False	[0 0 0 0 0 0]	[0 0 0 0 0 0]	[0 0 0 0 0 0]	[0 0 0 0 0 0]
73	0.18000000715255737	0.010531112551689148	0.0005279825418256223	0.000249523320235312	0.0064645069651305676	0.003289099782705307	False	[0 0 0 0 1 0]	[1 0 0 0 0 0]	[0 1 0 0 0 0]	[0 0 0 1 0 0]
73	0.12250000238418579	0.382672518491745	0.01608271338045597	0.00026343826903030276	0.34539657831192017	0.020929794758558273	False	[0 0 0 0 0 0]	[0 0 0 0 0 0]	[0 0 0 0 0 0]	[0 0 0 0 0 0]
73	0.1525000035762787	0.011232292279601097	0.0005277115851640701	0.0002618557773530483	0.006903332658112049	0.0035393922589719296	False	[0 0 0 0 1 0]	[1 0 0 0 0 0]	[0 1 0 0 0 0]	[0 0 0 1 0 0]
73	0.125	0.32755404710769653	0.013253672048449516	0.00031512120040133595	0.2931225001811981	0.020862743258476257	False	[0 0 0 0 0 0]	[0 0 0 0 0 0]	[0 0 0 0 0 0]	[0 0 0 0 0 0]
73	0.1550000011920929	0.010221117176115513	0.0004841949848923832	0.0002784886455629021	0.006037873215973377	0.003420559922233224	False	[0 0 0 0 1 0]	[1 0 0 0 0 0]	[0 1 0 0 0 0]	[0 0 0 1 0 0]
73	0.125	0.33953332901000977	0.013775232248008251	0.0003164035442750901	0.3045499324798584	0.02089175209403038	False	[0 0 0 0 0 0]	[0 0 0 0 0 0]	[0 0 0 0 0 0]	[0 0 0 0 0 0]
73	0.17000000178813934	0.010635396465659142	0.0005374024040065706	0.00025157947675324976	0.006462544668465853	0.00338387000374496	False	[0 0 0 0 1 0]	[1 0 0 0 0 0]	[0 1 0 0 0 0]	[0 0 0 1 0 0]
73	0.12250000238418579	0.3520856201648712	0.013651705347001553	0.0002865073620341718	0.3176833987236023	0.02046399749815464	False	[0 0 0 0 0 0]	[0 0 0 0 0 0]	[0 0 0 0 0 0]	[0 0 0 0 0 0]
73	0.13750000298023224	0.010182546451687813	0.000530660676304251	0.000236758598475717	0.006182035896927118	0.003233091440051794	False	[0 0 0 0 1 0]	[1 0 0 0 0 0]	[0 1 0 0 0 0]	[0 0 0 1 0 0]
73	0.125	0.33235442638397217	0.01444887276738882	0.0002993129310198128	0.29579418897628784	0.021812045946717262	False	[0 0 0 0 0 0]	[0 0 0 0 0 0]	[0 0 0 0 0 0]	[0 0 0 0 0 0]
73	0.1599999964237213	0.011047592386603355	0.0005518527468666434	0.000270636985078454	0.0065410807728767395	0.0036840217653661966	False	[0 0 0 0 1 0]	[1 0 0 0 0 0]	[0 1 0 0 0 0]	[0 0 0 1 0 0]
73	0.12250000238418579	0.2902430295944214	0.013265975750982761	0.00031712267082184553	0.25688406825065613	0.0197758711874485	False	[0 0 0 0 0 0]	[0 0 0 0 0 0]	[0 0 0 0 0 0]	[0 0 0 0 0 0]
73	0.1550000011920929	0.00994257815182209	0.0005607057246379554	0.00020591975771822035	0.006040037143975496	0.0031359156128019094	False	[0 0 0 0 1 0]	[1 0 0 0 0 0]	[0 1 0 0 0 0]	[0 0 0 1 0 0]
73	0.125	0.3431151211261749	0.013349094428122044	0.00029786230879835784	0.30754736065864563	0.021920811384916306	False	[0 0 0 0 0 0]	[0 0 0 0 0 0]	[0 0 0 0 0 0]	[0 0 0 0 0 0]
73	0.1599999964237213	0.010651757940649986	0.0005161336157470942	0.0002686479710973799	0.0063421474769711494	0.00352482870221138	False	[0 0 0 0 1 0]	[1 0 0 0 0 0]	[0 1 0 0 0 0]	[0 0 0 1 0 0]
73	0.11999999731779099	0.3484070301055908	0.015723153948783875	0.00031243666308000684	0.30967095494270325	0.022700482979416847	False	[0 0 0 0 0 0]	[0 0 0 0 0 0]	[0 0 0 0 0 0]	[0 0 0 0 0 0]
73	0.17499999701976776	0.010356936603784561	0.0005064453580416739	0.00024217616009991616	0.006382187362760305	0.003226127475500107	False	[0 0 0 0 1 0]	[1 0 0 0 0 0]	[0 1 0 0 0 0]	[0 0 0 1 0 0]
73	0.125	0.31654083728790283	0.012047862634062767	0.000326654058881104	0.28373101353645325	0.02043529599905014	False	[0 0 0 0 0 0]	[0 0 0 0 0 0]	[0 0 0 0 0 0]	[0 0 0 0 0 0]
73	0.1599999964237213	0.012384530156850815	0.0005389469442889094	0.0002869987511076033	0.007547782268375158	0.004010802134871483	False	[0 0 0 0 1 0]	[1 0 0 0 0 0]	[0 1 0 0 0 0]	[0 0 0 1 0 0]
73	0.12250000238418579	0.3337016701698303	0.014184446074068546	0.00035079842200502753	0.295928418636322	0.02323799766600132	False	[0 0 0 0 0 0]	[0 0 0 0 0 0]	[0 0 0 0 0 0]	[0 0 0 0 0 0]
73	0.16500000655651093	0.009816805832087994	0.0005326796672306955	0.00021758904040325433	0.006052198354154825	0.0030143389012664557	False	[0 0 0 0 1 0]	[1 0 0 0 0 0]	[0 1 0 0 0 0]	[0 0 0 1 0 0]
73	0.125	0.2942964434623718	0.012522948905825615	0.00033814413473010063	0.26143044233322144	0.020004894584417343	False	[0 0 0 0 0 0]	[0 0 0 0 0 0]	[0 0 0 0 0 0]	[0 0 0 0 0 0]
73	0.1850000023841858	0.012820806354284286	0.0006011199438944459	0.0002958759432658553	0.007568472996354103	0.004355337470769882	False	[0 0 0 0 1 0]	[1 0 0 0 0 0]	[0 1 0 0 0 0]	[0 0 0 1 0 0]
73	0.12250000238418579	0.32611003518104553	0.01317887008190155	0.0003336368827149272	0.290489137172699	0.022108392789959908	False	[0 0 0 0 0 0]	[0 0 0 0 0 0]	[0 0 0 0 0 0]	[0 0 0 0 0 0]
73	0.13750000298023224	0.010388487949967384	0.0005418419605121017	0.00024979127920232713	0.00619345111772418	0.003403404261916876	False	[0 0 0 0 1 0]	[1 0 0 0 0 0]	[0 1 0 0 0 0]	[0 0 0 1 0 0]
73	0.125	0.34374740719795227	0.014384017325937748	0.0002975884126499295	0.3088013529777527	0.020264433696866035	False	[0 0 0 0 0 0]	[0 0 0 0 0 0]	[0 0 0 0 0 0]	[0 0 0 0 0 0]
74	0.14499999582767487	0.0022670633625239134	0.00020995675004087389	0.00015209776756819338	0.0009464911418035626	0.0009585176594555378	False	[0 0 0 0 1 0]	[1 0 0 0 0 0]	[0 1 0 0 0 0]	[0 0 0 1 0 0]
74	0.11749999970197678	0.03838692232966423	0.0024366877041757107	0.00012571878323797137	0.029568353667855263	0.00625616405159235	False	[0 0 0 0 0 0]	[0 0 0 0 0 0]	[0 0 0 0 0 0]	[0 0 0 0 0 0]
74	0.1525000035762787	0.002153287176042795	0.00021171162370592356	0.00015486011398024857	0.0008640458108857274	0.0009226697729900479	False	[0 0 0 0 1 0]	[1 0 0 0 0 0]	[0 1 0 0 0 0]	[0 0 0 1 0 0]
74	0.13249999284744263	0.035062968730926514	0.002413023728877306	0.0001318819122388959	0.026742689311504364	0.005775372963398695	False	[0 0 0 0 0 0]	[0 0 0 0 0 0]	[0 0 0 0 0 0]	[0 0 0 0 0 0]
74	0.17249999940395355	0.0021975580602884293	0.00020828197011724114	0.0001520789519418031	0.0009066325728781521	0.0009305644780397415	False	[0 0 0 0 1 0]	[1 0 0 0 0 0]	[0 1 0 0 0 0]	[0 0 0 1 0 0]
74	0.125	0.03700663149356842	0.002578878775238991	0.00013327717897482216	0.02835647389292717	0.005937999114394188	False	[0 0 0 0 0 0]	[0 0 0 0 0 0]	[0 0 0 0 0 0]	[0 0 0 0 0 0]
74	0.1550000011920929	0.0024561136960983276	0.00020624925673473626	0.00017058110097423196	0.0010781340533867478	0.0010011492995545268	False	[0 0 0 0 1 0]	[1 0 0 0 0 0]	[0 1 0 0 0 0]	[0 0 0 1 0 0]
74	0.11999999731779099	0.0342545323073864	0.0022639755625277758	0.0001585330901434645	0.02606114372611046	0.005770879331976175	False	[0 0 0 0 0 0]	[0 0 0 0 0 0]	[0 0 0 0 0 0]	[0 0 0 0 0 0]
74	0.18250000476837158	0.0024021535646170378	0.0002206806093454361	0.00015464521129615605	0.0009814794175326824	0.0010453483555465937	False	[0 0 0 0 1 0]	[1 0 0 0 0 0]	[0 1 0 0 0 0]	[0 0 0 1 0 0]
74	0.11999999731779099	0.030783483758568764	0.0022229005116969347	0.00018180224287789315	0.02295641228556633	0.005422369111329317	False	[0 0 0 0 0 0]	[0 0 0 0 0 0]	[0 0 0 0 0 0]	[0 0 0 0 0 0]
74	0.1574999988079071	0.0024247970432043076	0.00020525246509350836	0.00017223847680725157	0.0010503212688490748	0.0009969848906621337	False	[0 0 0 0 1 0]	[1 0 0 0 0 0]	[0 1 0 0 0 0]	[0 0 0 1 0 0]
74	0.12250000238418579	0.03314492851495743	0.0022685721050947905	0.00013461474736686796	0.025522954761981964	0.005218787118792534	False	[0 0 0 0 0 0]	[0 0 0 0 0 0]	[0 0 0 0 0 0]	[0 0 0 0 0 0]
74	0.1550000011920929	0.002297963947057724	0.00021012085198890418	0.00015456968685612082	0.0009662657976150513	0.0009670076542533934	False	[0 0 0 0 1 0]	[1 0 0 0 0 0]	[0 1 0 0 0 0]	[0 0 0 1 0 0]
74	0.12250000238418579	0.033936962485313416	0.0024876107927411795	0.0001473467273171991	0.025921963155269623	0.005380041431635618	False	[0 0 0 0 0 0]	[0 0 0 0 0 0]	[0 0 0 0 0 0]	[0 0 0 0 0 0]
74	0.1599999964237213	0.002205303404480219	0.00021011776698287576	0.00017023866530507803	0.0008867476717568934	0.0009381992276757956	False	[0 0 0 0 1 0]	[1 0 0 0 0 0]	[0 1 0 0 0 0]	[0 0 0 1 0 0]
74	0.11749999970197678	0.030788589268922806	0.002346556866541505	0.00016417159349657595	0.02353542484343052	0.0047424351796507835	False	[0 0 0 0 0 0]	[0 0 0 0 0 0]	[0 0 0 0 0 0]	[0 0 0 0 0 0]
74	0.18000000715255737	0.0024405401200056076	0.00020804302766919136	0.0001880954223452136	0.0010107377311214805	0.0010336640989407897	False	[0 0 0 0 1 0]	[1 0 0 0 0 0]	[0 1 0 0 0 0]	[0 0 0 1 0 0]
74	0.1274999976158142	0.03238969296216965	0.002307167975232005	0.00014530398766510189	0.024434510618448257	0.005502709187567234	False	[0 0 0 0 0 0]	[0 0 0 0 0 0]	[0 0 0 0 0 0]	[0 0 0 0 0 0]
74	0.17000000178813934	0.002332813572138548	0.00021491954976227134	0.0001700620341580361	0.0009501903550699353	0.0009976415894925594	False	[0 0 0 0 1 0]	[1 0 0 0 0 0]	[0 1 0 0 0 0]	[0 0 0 1 0 0]
74	0.12250000238418579	0.037234608083963394	0.0022404631599783897	0.00013322228915058076	0.02918410301208496	0.0056768194772303104	False	[0 0 0 0 0 0]	[0 0 0 0 0 0]	[0 0 0 0 0 0]	[0 0 0 0 0 0]
74	0.17000000178813934	0.0020719675812870264	0.00020297626906540245	0.00014806221588514745	0.0008708912646397948	0.0008500379626639187	False	[0 0 0 0 1 0]	[1 0 0 0 0 0]	[0 1 0 0 0 0]	[0 0 0 1 0 0]
74	0.12250000238418579	0.03539605811238289	0.0023561124689877033	0.00015151419211179018	0.027260255068540573	0.005628175567835569	False	[0 0 0 0 0 0]	[0 0 0 0 0 0]	[0 0 0 0 0 0]	[0 0 0 0 0 0]
74	0.1599999964237213	0.002421544399112463	0.00020661695452872664	0.00017790598212741315	0.0010379391023889184	0.0009990823455154896	False	[0 0 0 0 1 0]	[1 0 0 0 0 0]	[0 1 0 0 0 0]	[0 0 0 1 0 0]
74	0.12250000238418579	0.03685915097594261	0.002631921786814928	0.00012755273201037198	0.028587618842720985	0.005512057803571224	False	[0 0 0 0 0 0]	[0 0 0 0 0 0]	[0 0 0 0 0 0]	[0 0 0 0 0 0]
74	0.1599999964237213	0.0024387184530496597	0.0002078333345707506	0.00019653952040243894	0.0010140790836885571	0.001020266325213015	False	[0 0 0 0 1 0]	[1 0 0 0 0 0]	[0 1 0 0 0 0]	[0 0 0 1 0 0]
74	0.12250000238418579	0.03518380969762802	0.00227421335875988	0.00017057580407708883	0.02657797560095787	0.006161045283079147	False	[0 0 0 0 0 0]	[0 0 0 0 0 0]	[0 0 0 0 0 0]	[0 0 0 0 0 0]
74	0.14000000059604645	0.0022527643013745546	0.00021295450278557837	0.00015132235421333462	0.0009219352505169809	0.0009665521793067455	False	[0 0 0 0 1 0]	[1 0 0 0 0 0]	[0 1 0 0 0 0]	[0 0 0 1 0 0]
74	0.125	0.0366324856877327	0.002291312674060464	0.00014357674808707088	0.02784145623445511	0.006356139201670885	False	[0 0 0 0 0 0]	[0 0 0 0 0 0]	[0 0 0 0 0 0]	[0 0 0 0 0 0]
74	0.1550000011920929	0.002181151881814003	0.0002180178853450343	0.00014276991714723408	0.0008673611446283758	0.000953003007452935	False	[0 0 0 0 1 0]	[1 0 0 0 0 0]	[0 1 0 0 0 0]	[0 0 0 1 0 0]
74	0.1274999976158142	0.034471895545721054	0.0022636172361671925	0.000143719618790783	0.02684551477432251	0.005219045095145702	False	[0 0 0 0 0 0]	[0 0 0 0 0 0]	[0 0 0 0 0 0]	[0 0 0 0 0 0]
75	0.17000000178813934	0.0022556681651622057	0.00021078696590848267	0.00015413483197335154	0.0009304869454354048	0.0009602595237083733	False	[0 0 0 0 1 0]	[1 0 0 0 0 0]	[0 1 0 0 0 0]	[0 0 0 1 0 0]
75	0.11749999970197678	0.051929060369729996	0.003088876139372587	0.00013879484322387725	0.04136127978563309	0.007340111304074526	False	[0 0 0 0 0 0]	[0 0 0 0 0 0]	[0 0 0 0 0 0]	[0 0 0 0 0 0]
75	0.14000000059604645	0.0023036086931824684	0.000203920659259893	0.00016697109094820917	0.0009636885370127857	0.0009690282749943435	False	[0 0 0 0 1 0]	[1 0 0 0 0 0]	[0 1 0 0 0 0]	[0 0 0 1 0 0]
75	0.125	0.05303635075688362	0.003221472492441535	0.00014504008868243545	0.04198431223630905	0.007685528136789799	False	[0 0 0 0 0 0]	[0 0 0 0 0 0]	[0 0 0 0 0 0]	[0 0 0 0 0 0]
75	0.15000000596046448	0.0023374760057777166	0.0002093190123559907	0.00016123894602060318	0.000956313218921423	0.001010604901239276	False	[0 0 0 0 1 0]	[1 0 0 0 0 0]	[0 1 0 0 0 0]	[0 0 0 1 0 0]
75	0.11999999731779099	0.05164939910173416	0.00302594224922359	0.0001428545656381175	0.041404858231544495	0.007075745612382889	False	[0 0 0 0 0 0]	[0 0 0 0 0 0]	[0 0 0 0 0 0]	[0 0 0 0 0 0]
75	0.16249999403953552	0.0024626352824270725	0.00021515923435799778	0.00019388771033845842	0.0009854522068053484	0.0010681361891329288	False	[0 0 0 0 1 0]	[1 0 0 0 0 0]	[0 1 0 0 0 0]	[0 0 0 1 0 0]
75	0.125	0.04567534103989601	0.0027132767718285322	0.00018312796601094306	0.03566503897309303	0.007113896310329437	False	[0 0 0 0 0 0]	[0 0 0 0 0 0]	[0 0 0 0 0 0]	[0 0 0 0 0 0]
75	0.14000000059604645	0.002434138208627701	0.00021340299281291664	0.0001646501914365217	0.0010098367929458618	0.001046248129568994	False	[0 0 0 0 1 0]	[1 0 0 0 0 0]	[0 1 0 0 0 0]	[0 0 0 1 0 0]
75	0.11500000208616257	0.05323128402233124	0.0028370514046400785	0.00012061466259183362	0.04315546900033951	0.007118150591850281	False	[0 0 0 0 0 0]	[0 0 0 0 0 0]	[0 0 0 0 0 0]	[0 0 0 0 0 0]
75	0.1599999964237213	0.002208435907959938	0.00022311697830446064	0.00014045283023733646	0.0008676477591507137	0.000977218383923173	False	[0 0 0 0 1 0]	[1 0 0 0 0 0]	[0 1 0 0 0 0]	[0 0 0 1 0 0]
75	0.11999999731779099	0.0543430894613266	0.0029865156393498182	0.00014014529006090015	0.043577004224061966	0.007639424409717321	False	[0 0 0 0 0 0]	[0 0 0 0 0 0]	[0 0 0 0 0 0]	[0 0 0 0 0 0]
75	0.14499999582767487	0.002535602543503046	0.00020277773728594184	0.00018843301222659647	0.0010946383699774742	0.0010497532784938812	False	[0 0 0 0 1 0]	[1 0 0 0 0 0]	[0 1 0 0 0 0]	[0 0 0 1 0 0]
75	0.12250000238418579	0.05195646360516548	0.0028604508843272924	0.00015281974629033357	0.040913958102464676	0.008029233664274216	False	[0 0 0 0 0 0]	[0 0 0 0 0 0]	[0 0 0 0 0 0]	[0 0 0 0 0 0]
75	0.14249999821186066	0.0023669730871915817	0.00020280560420360416	0.00019304468878544867	0.0009820446139201522	0.00098907807841897	False	[0 0 0 0 1 0]	[1 0 0 0 0 0]	[0 1 0 0 0 0]	[0 0 0 1 0 0]
75	0.11749999970197678	0.05046849325299263	0.0027939544524997473	0.00016112446610350162	0.03960335627198219	0.00791005790233612	False	[0 0 0 0 0 0]	[0 0 0 0 0 0]	[0 0 0 0 0 0]	[0 0 0 0 0 0]
75	0.1550000011920929	0.0021848916076123714	0.00020991169731132686	0.0001522604434285313	0.0008846624987199903	0.0009380570845678449	False	[0 0 0 0 1 0]	[1 0 0 0 0 0]	[0 1 0 0 0 0]	[0 0 0 1 0 0]
75	0.12999999523162842	0.055129118263721466	0.002967187436297536	0.00011885377898579463	0.044395726174116135	0.007647349499166012	False	[0 0 0 0 0 0]	[0 0 0 0 0 0]	[0 0 0 0 0 0]	[0 0 0 0 0 0]
75	0.1550000011920929	0.0023876267950981855	0.00020750878320541233	0.00018903787713497877	0.000978778232820332	0.0010123018873855472	False	[0 0 0 0 1 0]	[1 0 0 0 0 0]	[0 1 0 0 0 0]	[0 0 0 1 0 0]
75	0.12250000238418579	0.04944133013486862	0.0028200531378388405	0.0001247160544153303	0.039267171174287796	0.007229391019791365	False	[0 0 0 0 0 0]	[0 0 0 0 0 0]	[0 0 0 0 0 0]	[0 0 0 0 0 0]
75	0.1599999964237213	0.0021756268106400967	0.00021017043036408722	0.00016843571211211383	0.0008536593522876501	0.0009433614322915673	False	[0 0 0 0 1 0]	[1 0 0 0 0 0]	[0 1 0 0 0 0]	[0 0 0 1 0 0]
75	0.125	0.05417298898100853	0.002865078393369913	0.000170315703144297	0.04241399094462395	0.008723604492843151	False	[0 0 0 0 0 0]	[0 0 0 0 0 0]	[0 0 0 0 0 0]	[0 0 0 0 0 0]
75	0.13500000536441803	0.0022224353160709143	0.000213664083275944	0.0001616098452359438	0.0008788429549895227	0.0009683183743618429	False	[0 0 0 0 1 0]	[1 0 0 0 0 0]	[0 1 0 0 0 0]	[0 0 0 1 0 0]
75	0.11749999970197678	0.050617218017578125	0.0030009769834578037	0.0001361588656436652	0.04035443067550659	0.007125655189156532	False	[0 0 0 0 0 0]	[0 0 0 0 0 0]	[0 0 0 0 0 0]	[0 0 0 0 0 0]
75	0.14249999821186066	0.002145485719665885	0.00021229343838058412	0.0001491969742346555	0.0008545722812414169	0.0009294230840168893	False	[0 0 0 0 1 0]	[1 0 0 0 0 0]	[0 1 0 0 0 0]	[0 0 0 1 0 0]
75	0.125	0.05433986708521843	0.0028431902173906565	0.0001424404326826334	0.04369863495230675	0.007655601017177105	False	[0 0 0 0 0 0]	[0 0 0 0 0 0]	[0 0 0 0 0 0]	[0 0 0 0 0 0]
75	0.18000000715255737	0.0022504590451717377	0.0002110763598466292	0.00017430188017897308	0.0008836332708597183	0.0009814476361498237	False	[0 0 0 0 1 0]	[1 0 0 0 0 0]	[0 1 0 0 0 0]	[0 0 0 1 0 0]
75	0.12250000238418579	0.05416218191385269	0.0031239669770002365	0.0001370856916764751	0.04337280988693237	0.007528319489210844	False	[0 0 0 0 0 0]	[0 0 0 0 0 0]	[0 0 0 0 0 0]	[0 0 0 0 0 0]
75	0.17499999701976776	0.00225708051584661	0.0002046306908596307	0.00016653760394547135	0.0009332105983048677	0.0009527015499770641	False	[0 0 0 0 1 0]	[1 0 0 0 0 0]	[0 1 0 0 0 0]	[0 0 0 1 0 0]
75	0.12250000238418579	0.05214088037610054	0.002892535412684083	0.0001447732502128929	0.04149431362748146	0.007609259802848101	False	[0 0 0 0 0 0]	[0 0 0 0 0 0]	[0 0 0 0 0 0]	[0 0 0 0 0 0]
76	0.1550000011920929	0.0010583982802927494	0.00019276444800198078	0.0001957963831955567	0.00029472055030055344	0.00037511688424274325	False	[0 0 0 0 1 0]	[1 0 0 0 0 0]	[0 1 0 0 0 0]	[0 0 0 1 0 0]
76	0.125	0.0016633323393762112	0.0005815270124003291	0.00029210661887191236	0.0003799137193709612	0.0004097849305253476	False	[0 0 0 0 0 0]	[0 0 0 0 0 0]	[0 0 0 0 0 0]	[0 0 0 0 0 0]
76	0.15000000596046448	0.0010100874351337552	0.00019525272364262491	0.00017051272152457386	0.0002722234057728201	0.00037209855508990586	False	[0 0 0 0 1 0]	[1 0 0 0 0 0]	[0 1 0 0 0 0]	[0 0 0 1 0 0]
76	0.11749999970197678	0.0016502919606864452	0.0005473199998959899	0.00034206421696580946	0.00038843872607685626	0.00037246907595545053	False	[0 0 0 0 0 0]	[0 0 0 0 0 0]	[0 0 0 0 0 0]	[0 0 0 0 0 0]
76	0.16750000417232513	0.0010316942352801561	0.00019004351634066552	0.00018998417363036424	0.0002856841019820422	0.00036598238511942327	False	[0 0 0 0 1 0]	[1 0 0 0 0 0]	[0 1 0 0 0 0]	[0 0 0 1 0 0]
76	0.125	0.0017318313475698233	0.0005949119222350419	0.0003656430053524673	0.00039461973938159645	0.0003766566514968872	False	[0 0 0 0 0 0]	[0 0 0 0 0 0]	[0 0 0 0 0 0]	[0 0 0 0 0 0]
76	0.14249999821186066	0.0010404434287920594	0.00019494493608362973	0.00018591272237244993	0.00028613783069886267	0.0003734478959813714	False	[0 0 0 0 1 0]	[1 0 0 0 0 0]	[0 1 0 0 0 0]	[0 0 0 1 0 0]
76	0.12250000238418579	0.0017088900785893202	0.0005876112845726311	0.00035090852179564536	0.0003784091386478394	0.0003919610462617129	False	[0 0 0 0 0 0]	[0 0 0 0 0 0]	[0 0 0 0 0 0]	[0 0 0 0 0 0]
76	0.1550000011920929	0.0010980665683746338	0.00019873588462360203	0.0002055151853710413	0.00029251398518681526	0.00040130160050466657	False	[0 0 0 0 1 0]	[1 0 0 0 0 0]	[0 1 0 0 0 0]	[0 0 0 1 0 0]
76	0.11999999731779099	0.0016980236396193504	0.0005810862057842314	0.00036194277345202863	0.0003728184965439141	0.00038217613473534584	False	[0 0 0 0 0 0]	[0 0 0 0 0 0]	[0 0 0 0 0 0]	[0 0 0 0 0 0]
76	0.1599999964237213	0.0010156824719160795	0.00019250658806413412	0.00017792853759601712	0.00027794972993433475	0.0003672976163215935	False	[0 0 0 0 1 0]	[1 0 0 0 0 0]	[0 1 0 0 0 0]	[0 0 0 1 0 0]
76	0.125	0.0017107008025050163	0.0005822446546517313	0.0003442630113568157	0.0003951258258894086	0.0003890673688147217	False	[0 0 0 0 0 0]	[0 0 0 0 0 0]	[0 0 0 0 0 0]	[0 0 0 0 0 0]
76	0.17499999701976776	0.0010856620501726866	0.00019390844681765884	0.00020375171152409166	0.0002995639806613326	0.0003884378238581121	False	[0 0 0 0 1 0]	[1 0 0 0 0 0]	[0 1 0 0 0 0]	[0 0 0 1 0 0]
76	0.11500000208616257	0.001763360807672143	0.0005964830052107573	0.0003934755513910204	0.00038861186476424336	0.0003847903572022915	False	[0 0 0 0 0 0]	[0 0 0 0 0 0]	[0 0 0 0 0 0]	[0 0 0 0 0 0]
76	0.14499999582767487	0.0011514557991176844	0.00019024492939934134	0.0002193692052969709	0.0003264967817813158	0.000415344926295802	False	[0 0 0 0 1 0]	[1 0 0 0 0 0]	[0 1 0 0 0 0]	[0 0 0 1 0 0]
76	0.125	0.0017175085376948118	0.0005840829689987004	0.0003698750806506723	0.0003873806563206017	0.00037616980262100697	False	[0 0 0 0 0 0]	[0 0 0 0 0 0]	[0 0 0 0 0 0]	[0 0 0 0 0 0]
76	0.1550000011920929	0.0010311417281627655	0.00018982223991770297	0.00018547388026490808	0.00028801345615647733	0.000367832079064101	False	[0 0 0 0 1 0]	[1 0 0 0 0 0]	[0 1 0 0 0 0]	[0 0 0 1 0 0]
76	0.125	0.0017426691483706236	0.0006286912248469889	0.00034755433443933725	0.00037619422073476017	0.0003902293392457068	False	[0 0 0 0 0 0]	[0 0 0 0 0 0]	[0 0 0 0 0 0]	[0 0 0 0 0 0]
76	0.1850000023841858	0.001208564848639071	0.00020025363483000547	0.00024608816602267325	0.0003138112952001393	0.00044841173803433776	False	[0 0 0 0 1 0]	[1 0 0 0 0 0]	[0 1 0 0 0 0]	[0 0 0 1 0 0]
76	0.12250000238418579	0.001754480297677219	0.0005815334734506905	0.0004142223042435944	0.0003882751625496894	0.00037044938653707504	False	[0 0 0 0 0 0]	[0 0 0 0 0 0]	[0 0 0 0 0 0]	[0 0 0 0 0 0]
76	0.14249999821186066	0.001035724999383092	0.00019374620751477778	0.00018631346756592393	0.00028219062369316816	0.00037347464240156114	False	[0 0 0 0 1 0]	[1 0 0 0 0 0]	[0 1 0 0 0 0]	[0 0 0 1 0 0]
76	0.11999999731779099	0.0016547075938433409	0.000564189744181931	0.00032211910001933575	0.00037328351754695177	0.0003951152029912919	False	[0 0 0 0 0 0]	[0 0 0 0 0 0]	[0 0 0 0 0 0]	[0 0 0 0 0 0]
76	0.1574999988079071	0.0010596970096230507	0.00019347955822013319	0.00019611718016676605	0.0002888046728912741	0.00038129559834487736	False	[0 0 0 0 1 0]	[1 0 0 0 0 0]	[0 1 0 0 0 0]	[0 0 0 1 0 0]
76	0.125	0.0016813374822959304	0.0005744661903008819	0.000333213567500934	0.000373805029084906	0.0003998526663053781	False	[0 0 0 0 0 0]	[0 0 0 0 0 0]	[0 0 0 0 0 0]	[0 0 0 0 0 0]
76	0.15000000596046448	0.0011536540696397424	0.00019538153719622642	0.00021048054622951895	0.00032519156229682267	0.0004226003948133439	False	[0 0 0 0 1 0]	[1 0 0 0 0 0]	[0 1 0 0 0 0]	[0 0 0 1 0 0]
76	0.11749999970197678	0.0016980424989014864	0.0005948410835117102	0.0003295685164630413	0.0003850775246974081	0.0003885552869178355	False	[0 0 0 0 0 0]	[0 0 0 0 0 0]	[0 0 0 0 0 0]	[0 0 0 0 0 0]
76	0.1550000011920929	0.0010379852028563619	0.00018620067567098886	0.00018321220704820007	0.00029936686041764915	0.00036920548882335424	False	[0 0 0 0 1 0]	[1 0 0 0 0 0]	[0 1 0 0 0 0]	[0 0 0 1 0 0]
76	0.125	0.0017119758995249867	0.0005812587914988399	0.0003719238447956741	0.0003737667284440249	0.0003850265929941088	False	[0 0 0 0 0 0]	[0 0 0 0 0 0]	[0 0 0 0 0 0]	[0 0 0 0 0 0]
76	0.15000000596046448	0.0011094032088294625	0.00019644349231384695	0.0002102312137139961	0.00029599983827210963	0.00040672867908142507	False	[0 0 0 0 1 0]	[1 0 0 0 0 0]	[0 1 0 0 0 0]	[0 0 0 1 0 0]
76	0.11999999731779099	0.0016947004478424788	0.0006032519158907235	0.0003271986497566104	0.0003689820587169379	0.00039526779437437654	False	[0 0 0 0 0 0]	[0 0 0 0 0 0]	[0 0 0 0 0 0]	[0 0 0 0 0 0]
77	0.14499999582767487	0.0010853642597794533	0.0001999452942982316	0.00018566743528936058	0.00029146013548597693	0.00040829138015396893	False	[0 0 0 0 1 0]	[1 0 0 0 0 0]	[0 1 0 0 0 0]	[0 0 0 1 0 0]
77	0.11749999970197678	0.0016692568315193057	0.0005680491449311376	0.00028093383298255503	0.00039491543429903686	0.0004253584484104067	False	[0 0 0 0 0 0]	[0 0 0 0 0 0]	[0 0 0 0 0 0]	[0 0 0 0 0 0]
77	0.1550000011920929	0.0010461333440616727	0.00020070454047527164	0.00017621250299271196	0.00027839941321872175	0.00039081688737496734	False	[0 0 0 0 1 0]	[1 0 0 0 0 0]	[0 1 0 0 0 0]	[0 0 0 1 0 0]
77	0.125	0.0016835457645356655	0.0005702793132513762	0.00032498783548362553	0.0003961241745855659	0.000392154383007437	False	[0 0 0 0 0 0]	[0 0 0 0 0 0]	[0 0 0 0 0 0]	[0 0 0 0 0 0]
77	0.17499999701976776	0.0010585756972432137	0.0002018915838561952	0.0001844276994233951	0.00027791206957772374	0.00039434427162632346	False	[0 0 0 0 1 0]	[1 0 0 0 0 0]	[0 1 0 0 0 0]	[0 0 0 1 0 0]
77	0.125	0.0017703340854495764	0.0006257049390114844	0.00036299420753493905	0.00038566094008274376	0.0003959739697165787	False	[0 0 0 0 0 0]	[0 0 0 0 0 0]	[0 0 0 0 0 0]	[0 0 0 0 0 0]
77	0.12999999523162842	0.0010570387821644545	0.000197586981812492	0.000180258575710468	0.0002905167930293828	0.0003886763588525355	False	[0 0 0 0 1 0]	[1 0 0 0 0 0]	[0 1 0 0 0 0]	[0 0 0 1 0 0]
77	0.125	0.0017348132096230984	0.0005713356076739728	0.0003695331106428057	0.0004070191935170442	0.00038692523958161473	False	[0 0 0 0 0 0]	[0 0 0 0 0 0]	[0 0 0 0 0 0]	[0 0 0 0 0 0]
77	0.1574999988079071	0.0010351279051974416	0.00019849349337164313	0.00017328326066490263	0.0002810194855555892	0.00038233163650147617	False	[0 0 0 0 1 0]	[1 0 0 0 0 0]	[0 1 0 0 0 0]	[0 0 0 1 0 0]
77	0.125	0.0018009295454248786	0.0006224855314940214	0.00036839497624896467	0.0004087453708052635	0.000401303666876629	False	[0 0 0 0 0 0]	[0 0 0 0 0 0]	[0 0 0 0 0 0]	[0 0 0 0 0 0]
77	0.1550000011920929	0.0010524927638471127	0.00019706632883753628	0.00018440000712871552	0.0002882099652197212	0.0003828163899015635	False	[0 0 0 0 1 0]	[1 0 0 0 0 0]	[0 1 0 0 0 0]	[0 0 0 1 0 0]
77	0.125	0.001784943277016282	0.0006181256612762809	0.0003947038494516164	0.00038916722405701876	0.0003829466295428574	False	[0 0 0 0 0 0]	[0 0 0 0 0 0]	[0 0 0 0 0 0]	[0 0 0 0 0 0]
77	0.1574999988079071	0.0010248052421957254	0.00019371560483705252	0.0001792249531717971	0.00028379473951645195	0.00036807003198191524	False	[0 0 0 0 1 0]	[1 0 0 0 0 0]	[0 1 0 0 0 0]	[0 0 0 1 0 0]
77	0.12250000238418579	0.0017088566673919559	0.0005740377819165587	0.00032372900750488043	0.00039528837078250945	0.0004158015362918377	False	[0 0 0 0 0 0]	[0 0 0 0 0 0]	[0 0 0 0 0 0]	[0 0 0 0 0 0]
77	0.15000000596046448	0.0011334239970892668	0.00019911478739231825	0.00020922483236063272	0.00030801966204307973	0.0004170647298451513	False	[0 0 0 0 1 0]	[1 0 0 0 0 0]	[0 1 0 0 0 0]	[0 0 0 1 0 0]
77	0.125	0.001841157441958785	0.0006624850211665034	0.0003988523967564106	0.00038700923323631287	0.00039281079079955816	False	[0 0 0 0 0 0]	[0 0 0 0 0 0]	[0 0 0 0 0 0]	[0 0 0 0 0 0]
77	0.13500000536441803	0.0011877426877617836	0.00020163269073236734	0.0002370771544519812	0.00031740328995510936	0.0004316294798627496	False	[0 0 0 0 1 0]	[1 0 0 0 0 0]	[0 1 0 0 0 0]	[0 0 0 1 0 0]
77	0.11999999731779099	0.001765666762366891	0.0006077265134081244	0.0003761212283279747	0.0003882566816173494	0.0003935621934942901	False	[0 0 0 0 0 0]	[0 0 0 0 0 0]	[0 0 0 0 0 0]	[0 0 0 0 0 0]
77	0.17000000178813934	0.001070888713002205	0.00019686091400217265	0.00019298636470921338	0.0002921853738371283	0.0003888560750056058	False	[0 0 0 0 1 0]	[1 0 0 0 0 0]	[0 1 0 0 0 0]	[0 0 0 1 0 0]
77	0.12250000238418579	0.0017658849246799946	0.000590501818805933	0.00036836793879047036	0.0004112319729756564	0.0003957832814194262	False	[0 0 0 0 0 0]	[0 0 0 0 0 0]	[0 0 0 0 0 0]	[0 0 0 0 0 0]
77	0.15000000596046448	0.0010195131180807948	0.00019704311853274703	0.00017197495617438108	0.000275742553640157	0.0003747525333892554	False	[0 0 0 0 1 0]	[1 0 0 0 0 0]	[0 1 0 0 0 0]	[0 0 0 1 0 0]
77	0.125	0.0017145727761089802	0.0005945462617091835	0.000323546672007069	0.0003918772272299975	0.0004046026442665607	False	[0 0 0 0 0 0]	[0 0 0 0 0 0]	[0 0 0 0 0 0]	[0 0 0 0 0 0]
77	0.14000000059604645	0.0010555508779361844	0.00019064907974097878	0.00019425158097874373	0.00030157173750922084	0.00036907847970724106	False	[0 0 0 0 1 0]	[1 0 0 0 0 0]	[0 1 0 0 0 0]	[0 0 0 1 0 0]
77	0.12250000238418579	0.0017030751332640648	0.0005713359569199383	0.00035159869003109634	0.00038446730468422174	0.00039567321073263884	False	[0 0 0 0 0 0]	[0 0 0 0 0 0]	[0 0 0 0 0 0]	[0 0 0 0 0 0]
77	0.13249999284744263	0.0011714743450284004	0.00020096292428206652	0.0002298619074281305	0.00031625342671759427	0.00042439610115252435	False	[0 0 0 0 1 0]	[1 0 0 0 0 0]	[0 1 0 0 0 0]	[0 0 0 1 0 0]
77	0.11999999731779099	0.0016127426642924547	0.0005271644331514835	0.00028396424022503197	0.0003943603951483965	0.0004072535957675427	False	[0 0 0 0 0 0]	[0 0 0 0 0 0]	[0 0 0 0 0 0]	[0 0 0 0 0 0]
77	0.15000000596046448	0.0010664628352969885	0.00019573129247874022	0.00018411879136692733	0.0002938442921731621	0.00039276841562241316	False	[0 0 0 0 1 0]	[1 0 0 0 0 0]	[0 1 0 0 0 0]	[0 0 0 1 0 0]
77	0.11249999701976776	0.0016781496815383434	0.0005682170740328729	0.0002938372199423611	0.0003978581225965172	0.00041823735227808356	False	[0 0 0 0 0 0]	[0 0 0 0 0 0]	[0 0 0 0 0 0]	[0 0 0 0 0 0]
77	0.13500000536441803	0.0011362561490386724	0.0002003698464250192	0.00021936086704954505	0.0003001931472681463	0.0004163323319517076	False	[0 0 0 0 1 0]	[1 0 0 0 0 0]	[0 1 0 0 0 0]	[0 0 0 1 0 0]
77	0.11999999731779099	0.0017064057756215334	0.0005761199281550944	0.00033492056536488235	0.0003963570052292198	0.00039900827687233686	False	[0 0 0 0 0 0]	[0 0 0 0 0 0]	[0 0 0 0 0 0]	[0 0 0 0 0 0]
78	0.1550000011920929	0.0011015315540134907	0.00020029357983730733	0.00018944755720440298	0.0003008529602084309	0.0004109375295229256	False	[0 0 0 0 1 0]	[1 0 0 0 0 0]	[0 1 0 0 0 0]	[0 0 0 1 0 0]
78	0.125	0.0017891291063278913	0.0005970845813862979	0.00027092843083664775	0.0004257028049323708	0.0004954133182764053	False	[0 0 0 0 0 0]	[0 0 0 0 0 0]	[0 0 0 0 0 0]	[0 0 0 0 0 0]
78	0.1599999964237213	0.0011145106982439756	0.00019900889310520142	0.00020129441691096872	0.0003115677391178906	0.00040263967821374536	False	[0 0 0 0 1 0]	[1 0 0 0 0 0]	[0 1 0 0 0 0]	[0 0 0 1 0 0]
78	0.12250000238418579	0.001817828742787242	0.0006159560289233923	0.0003141468623653054	0.00044550461461767554	0.0004422212950885296	False	[0 0 0 0 0 0]	[0 0 0 0 0 0]	[0 0 0 0 0 0]	[0 0 0 0 0 0]
78	0.16249999403953552	0.0011279778555035591	0.0002024536661338061	0.00020594334637280554	0.0003047861100640148	0.00041479471838101745	False	[0 0 0 0 1 0]	[1 0 0 0 0 0]	[0 1 0 0 0 0]	[0 0 0 1 0 0]
78	0.125	0.0019236835651099682	0.0006474650581367314	0.0003801673010457307	0.00045642847544513643	0.0004396227013785392	False	[0 0 0 0 0 0]	[0 0 0 0 0 0]	[0 0 0 0 0 0]	[0 0 0 0 0 0]
78	0.17000000178813934	0.001149829593487084	0.0002022314292844385	0.00021227019897196442	0.0003092143451794982	0.0004261136054992676	False	[0 0 0 0 1 0]	[1 0 0 0 0 0]	[0 1 0 0 0 0]	[0 0 0 1 0 0]
78	0.125	0.0018337181536480784	0.0006299709202721715	0.00026351033011451364	0.00045566726475954056	0.0004845696093980223	False	[0 0 0 0 0 0]	[0 0 0 0 0 0]	[0 0 0 0 0 0]	[0 0 0 0 0 0]
78	0.1525000035762787	0.0010674458462744951	0.00020469185255933553	0.00018364741117693484	0.00028044075588695705	0.0003986658120993525	False	[0 0 0 0 1 0]	[1 0 0 0 0 0]	[0 1 0 0 0 0]	[0 0 0 1 0 0]
78	0.12250000238418579	0.0019306610338389874	0.0006667972193099558	0.000369748508092016	0.0004550627199932933	0.0004390526155475527	False	[0 0 0 0 0 0]	[0 0 0 0 0 0]	[0 0 0 0 0 0]	[0 0 0 0 0 0]
78	0.18250000476837158	0.0010415373835712671	0.00020157256221864372	0.00017033773474395275	0.00028146328986622393	0.0003881637821905315	False	[0 0 0 0 1 0]	[1 0 0 0 0 0]	[0 1 0 0 0 0]	[0 0 0 1 0 0]
78	0.12250000238418579	0.0018248138949275017	0.0006220912910066545	0.0003341138653922826	0.00043189749703742564	0.00043671124149113894	False	[0 0 0 0 0 0]	[0 0 0 0 0 0]	[0 0 0 0 0 0]	[0 0 0 0 0 0]
78	0.16500000655651093	0.0010922966757789254	0.00019712188804987818	0.00018228332919534296	0.0003134839644189924	0.0003994074941147119	False	[0 0 0 0 1 0]	[1 0 0 0 0 0]	[0 1 0 0 0 0]	[0 0 0 1 0 0]
78	0.12250000238418579	0.0018548578955233097	0.0006201093783602118	0.0003462954191491008	0.0004401495971251279	0.0004483035299926996	False	[0 0 0 0 0 0]	[0 0 0 0 0 0]	[0 0 0 0 0 0]	[0 0 0 0 0 0]
78	0.1550000011920929	0.0010451693087816238	0.0001987884461414069	0.00016962294466793537	0.0002888160233851522	0.0003879418654832989	False	[0 0 0 0 1 0]	[1 0 0 0 0 0]	[0 1 0 0 0 0]	[0 0 0 1 0 0]
78	0.125	0.0018841829150915146	0.0006543774507008493	0.0003448630159255117	0.00044539914233610034	0.0004395432479213923	False	[0 0 0 0 0 0]	[0 0 0 0 0 0]	[0 0 0 0 0 0]	[0 0 0 0 0 0]
78	0.17000000178813934	0.0011601961450651288	0.00020122627029195428	0.0002145323669537902	0.00031901185866445303	0.00042542567825876176	False	[0 0 0 0 1 0]	[1 0 0 0 0 0]	[0 1 0 0 0 0]	[0 0 0 1 0 0]
78	0.125	0.001838030875660479	0.0006535692955367267	0.0003014171670656651	0.00042181421304121614	0.0004612302000168711	False	[0 0 0 0 0 0]	[0 0 0 0 0 0]	[0 0 0 0 0 0]	[0 0 0 0 0 0]
78	0.18000000715255737	0.0010904701193794608	0.00019585658446885645	0.00018011644715443254	0.00031239251256920397	0.00040210457518696785	False	[0 0 0 0 1 0]	[1 0 0 0 0 0]	[0 1 0 0 0 0]	[0 0 0 1 0 0]
78	0.11999999731779099	0.0018417907413095236	0.0006104659987613559	0.000285964400973171	0.0004452006542123854	0.0005001597455702722	False	[0 0 0 0 0 0]	[0 0 0 0 0 0]	[0 0 0 0 0 0]	[0 0 0 0 0 0]
78	0.17249999940395355	0.0010642355773597956	0.00019804952898994088	0.00017304929497186095	0.00029226543847471476	0.0004008713294751942	False	[0 0 0 0 1 0]	[1 0 0 0 0 0]	[0 1 0 0 0 0]	[0 0 0 1 0 0]
78	0.1274999976158142	0.00192612549290061	0.000652229180559516	0.00037396818515844643	0.000471229461254552	0.0004286987823434174	False	[0 0 0 0 0 0]	[0 0 0 0 0 0]	[0 0 0 0 0 0]	[0 0 0 0 0 0]
78	0.16500000655651093	0.0010806000791490078	0.00019499118207022548	0.0001766316418070346	0.0003122827911283821	0.0003966944641433656	False	[0 0 0 0 1 0]	[1 0 0 0 0 0]	[0 1 0 0 0 0]	[0 0 0 1 0 0]
78	0.12250000238418579	0.0018257074989378452	0.0006397351389750838	0.0002941237762570381	0.00040742213604971766	0.00048442650586366653	False	[0 0 0 0 0 0]	[0 0 0 0 0 0]	[0 0 0 0 0 0]	[0 0 0 0 0 0]
78	0.14499999582767487	0.0011609955690801144	0.00019905754015780985	0.00021094961266499013	0.00031689368188381195	0.00043409474892541766	False	[0 0 0 0 1 0]	[1 0 0 0 0 0]	[0 1 0 0 0 0]	[0 0 0 1 0 0]
78	0.125	0.0018647053511813283	0.0006413232767954469	0.0003383230359759182	0.0004299757129047066	0.00045508332550525665	False	[0 0 0 0 0 0]	[0 0 0 0 0 0]	[0 0 0 0 0 0]	[0 0 0 0 0 0]
78	0.1850000023841858	0.001157762366347015	0.000197757181013003	0.00019584313849918544	0.00032871903385967016	0.00043544304207898676	False	[0 0 0 0 1 0]	[1 0 0 0 0 0]	[0 1 0 0 0 0]	[0 0 0 1 0 0]
78	0.11749999970197678	0.0018102576723322272	0.0006134144496172667	0.0003149893309455365	0.0004233477811794728	0.0004585060814861208	False	[0 0 0 0 0 0]	[0 0 0 0 0 0]	[0 0 0 0 0 0]	[0 0 0 0 0 0]
78	0.15000000596046448	0.0011095665395259857	0.00020255550043657422	0.00018988532247021794	0.00030302631785161793	0.000414099486079067	False	[0 0 0 0 1 0]	[1 0 0 0 0 0]	[0 1 0 0 0 0]	[0 0 0 1 0 0]
78	0.125	0.0018764272099360824	0.0006595763261429965	0.00029508364968933165	0.00044724653707817197	0.0004745206388179213	False	[0 0 0 0 0 0]	[0 0 0 0 0 0]	[0 0 0 0 0 0]	[0 0 0 0 0 0]
79	0.17499999701976776	0.001181323081254959	0.00020869990112259984	0.00019593433535192162	0.00032876612385734916	0.00044792279368266463	False	[0 0 0 0 1 0]	[1 0 0 0 0 0]	[0 1 0 0 0 0]	[0 0 0 1 0 0]
79	0.11999999731779099	0.002054631942883134	0.0007003375794738531	0.0002949907793663442	0.0005091301281936467	0.0005501734558492899	False	[0 0 0 0 0 0]	[0 0 0 0 0 0]	[0 0 0 0 0 0]	[0 0 0 0 0 0]
79	0.16500000655651093	0.0011414268519729376	0.00020668796787504107	0.00018253354937769473	0.00031647123978473246	0.0004357340803835541	False	[0 0 0 0 1 0]	[1 0 0 0 0 0]	[0 1 0 0 0 0]	[0 0 0 1 0 0]
79	0.12250000238418579	0.0019561643712222576	0.000634380558039993	0.0002661836624611169	0.0004900543135590851	0.0005655458080582321	False	[0 0 0 0 0 0]	[0 0 0 0 0 0]	[0 0 0 0 0 0]	[0 0 0 0 0 0]
79	0.16249999403953552	0.001120436005294323	0.000198538982658647	0.00017537349776830524	0.00032589028705842793	0.00042063320870511234	False	[0 0 0 0 1 0]	[1 0 0 0 0 0]	[0 1 0 0 0 0]	[0 0 0 1 0 0]
79	0.11999999731779099	0.002009202027693391	0.0006586560048162937	0.00031256896909326315	0.0005026186699979007	0.0005353583837859333	False	[0 0 0 0 0 0]	[0 0 0 0 0 0]	[0 0 0 0 0 0]	[0 0 0 0 0 0]
79	0.15000000596046448	0.0011665241327136755	0.0001968438009498641	0.00018354941857978702	0.0003488063521217555	0.0004373244591988623	False	[0 0 0 0 1 0]	[1 0 0 0 0 0]	[0 1 0 0 0 0]	[0 0 0 1 0 0]
79	0.125	0.0020332392305135727	0.0006633413722738624	0.00031735090306028724	0.0005094067309983075	0.0005431403405964375	False	[0 0 0 0 0 0]	[0 0 0 0 0 0]	[0 0 0 0 0 0]	[0 0 0 0 0 0]
79	0.1599999964237213	0.0011805907124653459	0.0001998942461796105	0.00019039612379856408	0.0003445501206442714	0.00044575019273906946	False	[0 0 0 0 1 0]	[1 0 0 0 0 0]	[0 1 0 0 0 0]	[0 0 0 1 0 0]
79	0.125	0.0021024150773882866	0.0007500402280129492	0.0003083137853536755	0.0005130913923494518	0.0005309695843607187	False	[0 0 0 0 0 0]	[0 0 0 0 0 0]	[0 0 0 0 0 0]	[0 0 0 0 0 0]
79	0.17000000178813934	0.001137555344030261	0.00019479911134112626	0.00018561840988695621	0.0003394134691916406	0.0004177243681624532	False	[0 0 0 0 1 0]	[1 0 0 0 0 0]	[0 1 0 0 0 0]	[0 0 0 1 0 0]
79	0.125	0.00199723057448864	0.0006669234135188162	0.00028698856476694345	0.0005130975041538477	0.0005302209756337106	False	[0 0 0 0 0 0]	[0 0 0 0 0 0]	[0 0 0 0 0 0]	[0 0 0 0 0 0]
79	0.18000000715255737	0.0012638411717489362	0.00019963877275586128	0.0002222158364020288	0.00036931998329237103	0.0004726665501948446	False	[0 0 0 0 1 0]	[1 0 0 0 0 0]	[0 1 0 0 0 0]	[0 0 0 1 0 0]
79	0.125	0.002070142887532711	0.0006626226822845638	0.00033233530120924115	0.0005286671221256256	0.0005465176654979587	False	[0 0 0 0 0 0]	[0 0 0 0 0 0]	[0 0 0 0 0 0]	[0 0 0 0 0 0]
79	0.1525000035762787	0.0011395568726584315	0.00020499694801401347	0.00018346293654758483	0.0003177580365445465	0.00043333889334462583	False	[0 0 0 0 1 0]	[1 0 0 0 0 0]	[0 1 0 0 0 0]	[0 0 0 1 0 0]
79	0.12250000238418579	0.0019937241449952126	0.0006497817812487483	0.0002492650237400085	0.000538698339369148	0.0005559790297411382	False	[0 0 0 0 0 0]	[0 0 0 0 0 0]	[0 0 0 0 0 0]	[0 0 0 0 0 0]
79	0.14249999821186066	0.0012304028496146202	0.00019861373584717512	0.0002179815637646243	0.0003663575043901801	0.00044745003106072545	False	[0 0 0 0 1 0]	[1 0 0 0 0 0]	[0 1 0 0 0 0]	[0 0 0 1 0 0]
79	0.11999999731779099	0.0019882123451679945	0.0006458143470808864	0.00025829265359789133	0.0005182026070542634	0.0005659028538502753	False	[0 0 0 0 0 0]	[0 0 0 0 0 0]	[0 0 0 0 0 0]	[0 0 0 0 0 0]
79	0.16500000655651093	0.0011709944810718298	0.00020414195023477077	0.0001927908742800355	0.0003335580404382199	0.00044050358701497316	False	[0 0 0 0 1 0]	[1 0 0 0 0 0]	[0 1 0 0 0 0]	[0 0 0 1 0 0]
79	0.12250000238418579	0.002091921167448163	0.0007346873171627522	0.0003006181796081364	0.0005071437917649746	0.0005494719953276217	False	[0 0 0 0 0 0]	[0 0 0 0 0 0]	[0 0 0 0 0 0]	[0 0 0 0 0 0]
79	0.1599999964237213	0.0012231514556333423	0.00019976690236944705	0.00020761390624102205	0.00035686095361597836	0.0004589096934068948	False	[0 0 0 0 1 0]	[1 0 0 0 0 0]	[0 1 0 0 0 0]	[0 0 0 1 0 0]
79	0.1274999976158142	0.0020367088727653027	0.0006904780166223645	0.00026097072986885905	0.0005096922977827489	0.0005755678866989911	False	[0 0 0 0 0 0]	[0 0 0 0 0 0]	[0 0 0 0 0 0]	[0 0 0 0 0 0]
79	0.14749999344348907	0.0011675148271024227	0.00020251391106285155	0.00018731504678726196	0.0003298221854493022	0.00044786365469917655	False	[0 0 0 0 1 0]	[1 0 0 0 0 0]	[0 1 0 0 0 0]	[0 0 0 1 0 0]
79	0.11999999731779099	0.0020955803338438272	0.0007111555896699429	0.00035146059235557914	0.000527324213180691	0.0005056398804299533	False	[0 0 0 0 0 0]	[0 0 0 0 0 0]	[0 0 0 0 0 0]	[0 0 0 0 0 0]
79	0.16500000655651093	0.001223353436216712	0.00020044336270075291	0.00021038924751337618	0.00035163178108632565	0.0004608891031239182	False	[0 0 0 0 1 0]	[1 0 0 0 0 0]	[0 1 0 0 0 0]	[0 0 0 1 0 0]
79	0.125	0.0020330073311924934	0.0006820639246143401	0.0002486142620909959	0.000512247730512172	0.000590081384871155	False	[0 0 0 0 0 0]	[0 0 0 0 0 0]	[0 0 0 0 0 0]	[0 0 0 0 0 0]
79	0.13500000536441803	0.0011477319058030844	0.00020105773000977933	0.00018447978072799742	0.00033354185870848596	0.00042865253635682166	False	[0 0 0 0 1 0]	[1 0 0 0 0 0]	[0 1 0 0 0 0]	[0 0 0 1 0 0]
79	0.11999999731779099	0.0020461538806557655	0.0007057370385155082	0.0002919608086813241	0.0005024648853577673	0.0005459910025820136	False	[0 0 0 0 0 0]	[0 0 0 0 0 0]	[0 0 0 0 0 0]	[0 0 0 0 0 0]
79	0.17499999701976776	0.0012080299202352762	0.0001984294649446383	0.0001958214124897495	0.00035757897421717644	0.00045620015589520335	False	[0 0 0 0 1 0]	[1 0 0 0 0 0]	[0 1 0 0 0 0]	[0 0 0 1 0 0]
79	0.11999999731779099	0.002052601659670472	0.0006957626901566982	0.00031096828752197325	0.0005157726118341088	0.0005300980410538614	False	[0 0 0 0 0 0]	[0 0 0 0 0 0]	[0 0 0 0 0 0]	[0 0 0 0 0 0]
80	0.1550000011920929	0.0010339473374187946	0.00011985595483565703	0.00017774153093341738	0.0003324510180391371	0.0004038988845422864	False	[0 0 0 0 1 0]	[1 0 0 0 0 0]	[0 1 0 0 0 0]	[0 0 0 1 0 0]
80	0.125	0.0015784436836838722	0.0003324524441268295	0.00032089956221170723	0.0004679682897403836	0.00045712332939729095	False	[0 0 0 0 0 0]	[0 0 0 0 0 0]	[0 0 0 0 0 0]	[0 0 0 0 0 0]
80	0.12999999523162842	0.0010765640763565898	0.00011665470810839906	0.00018645287491381168	0.0003653895400930196	0.0004080669314134866	False	[0 0 0 0 1 0]	[1 0 0 0 0 0]	[0 1 0 0 0 0]	[0 0 0 1 0 0]
80	0.11999999731779099	0.0015630825655534863	0.00033049253397621214	0.00032713310793042183	0.00044879058259539306	0.00045666637015528977	False	[0 0 0 0 0 0]	[0 0 0 0 0 0]	[0 0 0 0 0 0]	[0 0 0 0 0 0]
80	0.1550000011920929	0.0010236137313768268	0.00011526027083164081	0.0001642047573113814	0.00034603450330905616	0.00039811423630453646	False	[0 0 0 0 1 0]	[1 0 0 0 0 0]	[0 1 0 0 0 0]	[0 0 0 1 0 0]
80	0.125	0.0014833033783361316	0.0003028924693353474	0.0002488707541488111	0.0004535199550446123	0.0004780201707035303	False	[0 0 0 0 0 0]	[0 0 0 0 0 0]	[0 0 0 0 0 0]	[0 0 0 0 0 0]
80	0.1574999988079071	0.0010619931854307652	0.00011880909005412832	0.00018410597112961113	0.0003522233455441892	0.00040685481508262455	False	[0 0 0 0 1 0]	[1 0 0 0 0 0]	[0 1 0 0 0 0]	[0 0 0 1 0 0]
80	0.125	0.0015002016443759203	0.00029568513855338097	0.0002757115289568901	0.00046147892135195434	0.0004673260555136949	False	[0 0 0 0 0 0]	[0 0 0 0 0 0]	[0 0 0 0 0 0]	[0 0 0 0 0 0]
80	0.14000000059604645	0.0011252688709646463	0.00011619669385254383	0.00019255897495895624	0.0003918958536814898	0.0004246173775754869	False	[0 0 0 0 1 0]	[1 0 0 0 0 0]	[0 1 0 0 0 0]	[0 0 0 1 0 0]
80	0.12250000238418579	0.0015164525248110294	0.00032716942951083183	0.0002620306331664324	0.00044959745719097555	0.0004776549176312983	False	[0 0 0 0 0 0]	[0 0 0 0 0 0]	[0 0 0 0 0 0]	[0 0 0 0 0 0]
80	0.13500000536441803	0.0010649319738149643	0.00012173467257525772	0.0001895150780910626	0.0003410296922083944	0.00041265253094024956	False	[0 0 0 0 1 0]	[1 0 0 0 0 0]	[0 1 0 0 0 0]	[0 0 0 1 0 0]
80	0.12250000238418579	0.0016011034604161978	0.0003151019336655736	0.0003471885866019875	0.000489693833515048	0.0004491191648412496	False	[0 0 0 0 0 0]	[0 0 0 0 0 0]	[0 0 0 0 0 0]	[0 0 0 0 0 0]
80	0.15000000596046448	0.0010559236397966743	0.00011453518527559936	0.00018205055675935	0.0003647469566203654	0.00039459095569327474	False	[0 0 0 0 1 0]	[1 0 0 0 0 0]	[0 1 0 0 0 0]	[0 0 0 1 0 0]
80	0.12250000238418579	0.0015209194971248507	0.0003185883106198162	0.0002771595900412649	0.00045405395212583244	0.0004711176734417677	False	[0 0 0 0 0 0]	[0 0 0 0 0 0]	[0 0 0 0 0 0]	[0 0 0 0 0 0]
80	0.16500000655651093	0.0010750287910923362	0.0001186723166028969	0.0001894119195640087	0.00035884001408703625	0.00040810450445860624	False	[0 0 0 0 1 0]	[1 0 0 0 0 0]	[0 1 0 0 0 0]	[0 0 0 1 0 0]
80	0.12250000238418579	0.0014875282067805529	0.00030408010934479535	0.0002633453987073153	0.0004600782704073936	0.00046002439921721816	False	[0 0 0 0 0 0]	[0 0 0 0 0 0]	[0 0 0 0 0 0]	[0 0 0 0 0 0]
80	0.19499999284744263	0.0010789837688207626	0.00011553463991731405	0.0001863952202256769	0.00036626163637265563	0.0004107923014089465	False	[0 0 0 0 1 0]	[1 0 0 0 0 0]	[0 1 0 0 0 0]	[0 0 0 1 0 0]
80	0.12999999523162842	0.0015057639684528112	0.000306186469970271	0.0002594351244624704	0.0004583324771374464	0.0004818099259864539	False	[0 0 0 0 0 0]	[0 0 0 0 0 0]	[0 0 0 0 0 0]	[0 0 0 0 0 0]
80	0.18000000715255737	0.0010097457561641932	0.00011600827565416694	0.00016888325626496226	0.00033898590481840074	0.000385868304874748	False	[0 0 0 0 1 0]	[1 0 0 0 0 0]	[0 1 0 0 0 0]	[0 0 0 1 0 0]
80	0.125	0.0015626887325197458	0.0003212967130821198	0.00031623183167539537	0.00047845227527432144	0.00044670794159173965	False	[0 0 0 0 0 0]	[0 0 0 0 0 0]	[0 0 0 0 0 0]	[0 0 0 0 0 0]
80	0.16500000655651093	0.000919665559194982	0.00011328364053042606	0.00014499535609502345	0.0003003141609951854	0.00036107239429838955	False	[0 0 0 0 1 0]	[1 0 0 0 0 0]	[0 1 0 0 0 0]	[0 0 0 1 0 0]
80	0.125	0.0015257815830409527	0.00032075814669951797	0.0002798537025228143	0.0004492758307605982	0.00047589390305802226	False	[0 0 0 0 0 0]	[0 0 0 0 0 0]	[0 0 0 0 0 0]	[0 0 0 0 0 0]
80	0.14000000059604645	0.0010992964962497354	0.00011715103028109297	0.00018497525888960809	0.0003697566862683743	0.00042741349898278713	False	[0 0 0 0 1 0]	[1 0 0 0 0 0]	[0 1 0 0 0 0]	[0 0 0 1 0 0]
80	0.125	0.0016354440012946725	0.00034532154677435756	0.0003660700749605894	0.00048389920266345143	0.0004401531768962741	False	[0 0 0 0 0 0]	[0 0 0 0 0 0]	[0 0 0 0 0 0]	[0 0 0 0 0 0]
80	0.13249999284744263	0.001035892404615879	0.00011552096111699939	0.00017176367691718042	0.0003516016586218029	0.00039700607885606587	False	[0 0 0 0 1 0]	[1 0 0 0 0 0]	[0 1 0 0 0 0]	[0 0 0 1 0 0]
80	0.12250000238418579	0.0015079585136845708	0.00031422244501300156	0.0002630791859701276	0.0004631106276065111	0.00046754631330259144	False	[0 0 0 0 0 0]	[0 0 0 0 0 0]	[0 0 0 0 0 0]	[0 0 0 0 0 0]
80	0.18000000715255737	0.0009769097669050097	0.00011303278733976185	0.00015483605966437608	0.0003318175149615854	0.0003772233903873712	False	[0 0 0 0 1 0]	[1 0 0 0 0 0]	[0 1 0 0 0 0]	[0 0 0 1 0 0]
80	0.12250000238418579	0.0015903377206996083	0.00034028090885840356	0.0003246011328883469	0.0004642903804779053	0.0004611653566826135	False	[0 0 0 0 0 0]	[0 0 0 0 0 0]	[0 0 0 0 0 0]	[0 0 0 0 0 0]
80	0.16500000655651093	0.0012194991577416658	0.00012530274398159236	0.00022973192972131073	0.0003860622236970812	0.0004784022457897663	False	[0 0 0 0 1 0]	[1 0 0 0 0 0]	[0 1 0 0 0 0]	[0 0 0 1 0 0]
80	0.125	0.0015082679456099868	0.0003051789535675198	0.0002788020356092602	0.00045540661085397005	0.0004688803164754063	False	[0 0 0 0 0 0]	[0 0 0 0 0 0]	[0 0 0 0 0 0]	[0 0 0 0 0 0]
81	0.13249999284744263	0.0012424798915162683	0.00011511723278090358	0.00017706837388686836	0.0005082856514491141	0.0004420085751917213	False	[0 0 0 0 1 0]	[1 0 0 0 0 0]	[0 1 0 0 0 0]	[0 0 0 1 0 0]
81	0.12250000238418579	0.0018068074714392424	0.0003095056163147092	0.0002956503885798156	0.0006587710813619196	0.0005428803851827979	False	[0 0 0 0 0 0]	[0 0 0 0 0 0]	[0 0 0 0 0 0]	[0 0 0 0 0 0]
81	0.17000000178813934	0.0011998534901067615	0.00011799305502790958	0.000167697508004494	0.00047201101551763713	0.0004421519406605512	False	[0 0 0 0 1 0]	[1 0 0 0 0 0]	[0 1 0 0 0 0]	[0 0 0 1 0 0]
81	0.11999999731779099	0.001800816971808672	0.00032340557663701475	0.00029036158230155706	0.0006370267947204411	0.0005500230472534895	False	[0 0 0 0 0 0]	[0 0 0 0 0 0]	[0 0 0 0 0 0]	[0 0 0 0 0 0]
81	0.1550000011920929	0.0011963198194280267	0.00011601228470681235	0.00016737115220166743	0.00047783213085494936	0.0004351042443886399	False	[0 0 0 0 1 0]	[1 0 0 0 0 0]	[0 1 0 0 0 0]	[0 0 0 1 0 0]
81	0.125	0.0018056947737932205	0.0003241770900785923	0.0003067467187065631	0.0006426654290407896	0.0005321056232787669	False	[0 0 0 0 0 0]	[0 0 0 0 0 0]	[0 0 0 0 0 0]	[0 0 0 0 0 0]
81	0.14749999344348907	0.00125571945682168	0.000115371381980367	0.00018137153529096395	0.0005128771299496293	0.00044609943870455027	False	[0 0 0 0 1 0]	[1 0 0 0 0 0]	[0 1 0 0 0 0]	[0 0 0 1 0 0]
81	0.11999999731779099	0.0019297593971714377	0.0003487945650704205	0.0003742425178643316	0.0006806881865486503	0.0005260341567918658	False	[0 0 0 0 0 0]	[0 0 0 0 0 0]	[0 0 0 0 0 0]	[0 0 0 0 0 0]
81	0.1550000011920929	0.0012889013160020113	0.00011460474343039095	0.0001890945713967085	0.0005318798939697444	0.0004533221072051674	False	[0 0 0 0 1 0]	[1 0 0 0 0 0]	[0 1 0 0 0 0]	[0 0 0 1 0 0]
81	0.1274999976158142	0.001801143866032362	0.00031029109959490597	0.00029970190371386707	0.0006631110445596278	0.0005280398763716221	False	[0 0 0 0 0 0]	[0 0 0 0 0 0]	[0 0 0 0 0 0]	[0 0 0 0 0 0]
81	0.14749999344348907	0.0012558597372844815	0.00011905650899279863	0.0001908935373649001	0.0004952445742674172	0.00045066510210745037	False	[0 0 0 0 1 0]	[1 0 0 0 0 0]	[0 1 0 0 0 0]	[0 0 0 1 0 0]
81	0.1274999976158142	0.0018251303117722273	0.0003355189401190728	0.00027995542041026056	0.0006367887835949659	0.000572867167647928	False	[0 0 0 0 0 0]	[0 0 0 0 0 0]	[0 0 0 0 0 0]	[0 0 0 0 0 0]
81	0.1574999988079071	0.0013638291275128722	0.00011871883179992437	0.0002085450105369091	0.0005462347762659192	0.0004903305089101195	False	[0 0 0 0 1 0]	[1 0 0 0 0 0]	[0 1 0 0 0 0]	[0 0 0 1 0 0]
81	0.125	0.0018576495349407196	0.00034136156318709254	0.0003379446570761502	0.00065502745565027	0.000523315800819546	False	[0 0 0 0 0 0]	[0 0 0 0 0 0]	[0 0 0 0 0 0]	[0 0 0 0 0 0]
81	0.1599999964237213	0.0012903292663395405	0.0001162853732239455	0.00019032227282878011	0.0005313189467415214	0.00045240274630486965	False	[0 0 0 0 1 0]	[1 0 0 0 0 0]	[0 1 0 0 0 0]	[0 0 0 1 0 0]
81	0.125	0.0017534219659864902	0.0002971863141283393	0.0002666518557816744	0.0006467530620284379	0.0005428306176327169	False	[0 0 0 0 0 0]	[0 0 0 0 0 0]	[0 0 0 0 0 0]	[0 0 0 0 0 0]
81	0.1550000011920929	0.0012564301723614335	0.00011795680620707572	0.00018823822028934956	0.0005024822894483805	0.0004477529146242887	False	[0 0 0 0 1 0]	[1 0 0 0 0 0]	[0 1 0 0 0 0]	[0 0 0 1 0 0]
81	0.125	0.001781719969585538	0.0003113391576334834	0.0002804017858579755	0.0006339259562082589	0.0005560531280934811	False	[0 0 0 0 0 0]	[0 0 0 0 0 0]	[0 0 0 0 0 0]	[0 0 0 0 0 0]
81	0.17249999940395355	0.0015312839532271028	0.00012146740482421592	0.00024700534413568676	0.0006036334671080112	0.000559177715331316	False	[0 0 0 0 1 0]	[1 0 0 0 0 0]	[0 1 0 0 0 0]	[0 0 0 1 0 0]
81	0.125	0.001830288558267057	0.0003346789162606001	0.00031752153881825507	0.0006359276012517512	0.0005421604728326201	False	[0 0 0 0 0 0]	[0 0 0 0 0 0]	[0 0 0 0 0 0]	[0 0 0 0 0 0]
81	0.14499999582767487	0.0013532640878111124	0.00011559158883756027	0.00021453692170325667	0.0005597161361947656	0.00046341950655914843	False	[0 0 0 0 1 0]	[1 0 0 0 0 0]	[0 1 0 0 0 0]	[0 0 0 1 0 0]
81	0.11999999731779099	0.0018970752134919167	0.000335172371705994	0.00036951384390704334	0.0006626828690059483	0.0005297060706652701	False	[0 0 0 0 0 0]	[0 0 0 0 0 0]	[0 0 0 0 0 0]	[0 0 0 0 0 0]
81	0.16500000655651093	0.001243501785211265	0.00011999125854345039	0.00018737096979748458	0.00048753636656329036	0.00044860318303108215	False	[0 0 0 0 1 0]	[1 0 0 0 0 0]	[0 1 0 0 0 0]	[0 0 0 1 0 0]
81	0.125	0.001833152724429965	0.0003293626068625599	0.000306089932564646	0.0006368090398609638	0.0005608911160379648	False	[0 0 0 0 0 0]	[0 0 0 0 0 0]	[0 0 0 0 0 0]	[0 0 0 0 0 0]
81	0.15000000596046448	0.0013705037999898195	0.00011678790906444192	0.00021539792942348868	0.0005622642929665744	0.00047605374129489064	False	[0 0 0 0 1 0]	[1 0 0 0 0 0]	[0 1 0 0 0 0]	[0 0 0 1 0 0]
81	0.125	0.001872426364570856	0.0003414168895687908	0.00035001939977519214	0.0006468715146183968	0.0005341186770237982	False	[0 0 0 0 0 0]	[0 0 0 0 0 0]	[0 0 0 0 0 0]	[0 0 0 0 0 0]
81	0.14749999344348907	0.0012671902077272534	0.00011778285261243582	0.00018632743740454316	0.0005127799813635647	0.00045029990724287927	False	[0 0 0 0 1 0]	[1 0 0 0 0 0]	[0 1 0 0 0 0]	[0 0 0 1 0 0]
81	0.12250000238418579	0.0018071476370096207	0.0003257956705056131	0.0002612346434034407	0.0006455297116190195	0.0005745876696892083	False	[0 0 0 0 0 0]	[0 0 0 0 0 0]	[0 0 0 0 0 0]	[0 0 0 0 0 0]
81	0.14499999582767487	0.0013477810425683856	0.00011603097664192319	0.00020547714666463435	0.0005639704177156091	0.000462302501546219	False	[0 0 0 0 1 0]	[1 0 0 0 0 0]	[0 1 0 0 0 0]	[0 0 0 1 0 0]
81	0.11999999731779099	0.0017635275144129992	0.00031148118432611227	0.00029200754943303764	0.0006153190042823553	0.0005447198054753244	False	[0 0 0 0 0 0]	[0 0 0 0 0 0]	[0 0 0 0 0 0]	[0 0 0 0 0 0]
82	0.1599999964237213	0.0037582777440547943	0.00015446390898432583	6.266572017921135e-05	0.0017277590231969953	0.0018133892444893718	False	[0 0 0 0 1 0]	[1 0 0 0 0 0]	[0 1 0 0 0 0]	[0 0 0 1 0 0]
82	0.12250000238418579	0.06411519646644592	0.0020748269744217396	7.686304161325097e-05	0.03742634877562523	0.024537160992622375	False	[0 0 0 0 0 0]	[0 0 0 0 0 0]	[0 0 0 0 0 0]	[0 0 0 0 0 0]
82	0.16750000417232513	0.0037666577845811844	0.00016005888755898923	6.2704632000532e-05	0.0016886387020349503	0.0018552556866779923	False	[0 0 0 0 1 0]	[1 0 0 0 0 0]	[0 1 0 0 0 0]	[0 0 0 1 0 0]
82	0.12250000238418579	0.06082307547330856	0.002033079043030739	8.531469211447984e-05	0.035854801535606384	0.022849878296256065	False	[0 0 0 0 0 0]	[0 0 0 0 0 0]	[0 0 0 0 0 0]	[0 0 0 0 0 0]
82	0.14499999582767487	0.003945577889680862	0.0001570032036397606	5.526746826944873e-05	0.0018250702414661646	0.0019082368817180395	False	[0 0 0 0 1 0]	[1 0 0 0 0 0]	[0 1 0 0 0 0]	[0 0 0 1 0 0]
82	0.12250000238418579	0.06769794225692749	0.0021374227944761515	7.305727922357619e-05	0.03930995240807533	0.02617751434445381	False	[0 0 0 0 0 0]	[0 0 0 0 0 0]	[0 0 0 0 0 0]	[0 0 0 0 0 0]
82	0.15000000596046448	0.004007096402347088	0.00016518232587259263	5.494913420989178e-05	0.001778316218405962	0.0020086485892534256	False	[0 0 0 0 1 0]	[1 0 0 0 0 0]	[0 1 0 0 0 0]	[0 0 0 1 0 0]
82	0.125	0.06419291347265244	0.0020607116166502237	9.243755630450323e-05	0.038558878004550934	0.023480884730815887	False	[0 0 0 0 0 0]	[0 0 0 0 0 0]	[0 0 0 0 0 0]	[0 0 0 0 0 0]
82	0.16750000417232513	0.0040629711002111435	0.00015954292030073702	5.946506280452013e-05	0.0018105494091287255	0.002033413387835026	False	[0 0 0 0 1 0]	[1 0 0 0 0 0]	[0 1 0 0 0 0]	[0 0 0 1 0 0]
82	0.11999999731779099	0.06549639999866486	0.002108951099216938	8.560108108213171e-05	0.037968024611473083	0.025333823636174202	False	[0 0 0 0 0 0]	[0 0 0 0 0 0]	[0 0 0 0 0 0]	[0 0 0 0 0 0]
82	0.17499999701976776	0.004016210325062275	0.00015808425087016076	5.9717694966821e-05	0.0018129154341295362	0.0019854928832501173	False	[0 0 0 0 1 0]	[1 0 0 0 0 0]	[0 1 0 0 0 0]	[0 0 0 1 0 0]
82	0.125	0.06496328860521317	0.002042199019342661	7.106616976670921e-05	0.037667933851480484	0.02518208883702755	False	[0 0 0 0 0 0]	[0 0 0 0 0 0]	[0 0 0 0 0 0]	[0 0 0 0 0 0]
82	0.16500000655651093	0.0036894986405968666	0.00016113101446535438	6.09285561949946e-05	0.001642011571675539	0.0018254275200888515	False	[0 0 0 0 1 0]	[1 0 0 0 0 0]	[0 1 0 0 0 0]	[0 0 0 1 0 0]
82	0.125	0.06172659248113632	0.0020300415344536304	7.613614434376359e-05	0.036600444465875626	0.02301996760070324	False	[0 0 0 0 0 0]	[0 0 0 0 0 0]	[0 0 0 0 0 0]	[0 0 0 0 0 0]
82	0.16249999403953552	0.004006211180239916	0.0001521899102954194	5.7108311011688784e-05	0.0018821022240445018	0.0019148109713569283	False	[0 0 0 0 1 0]	[1 0 0 0 0 0]	[0 1 0 0 0 0]	[0 0 0 1 0 0]
82	0.1274999976158142	0.06250344216823578	0.0021663072984665632	7.618877134518698e-05	0.036825355142354965	0.023435594514012337	False	[0 0 0 0 0 0]	[0 0 0 0 0 0]	[0 0 0 0 0 0]	[0 0 0 0 0 0]
82	0.1599999964237213	0.004019962158054113	0.00016122026136144996	6.150589615572244e-05	0.0017897509969770908	0.0020074849016964436	False	[0 0 0 0 1 0]	[1 0 0 0 0 0]	[0 1 0 0 0 0]	[0 0 0 1 0 0]
82	0.125	0.06714271008968353	0.002172985812649131	7.1059082983993e-05	0.040314920246601105	0.024583742022514343	False	[0 0 0 0 0 0]	[0 0 0 0 0 0]	[0 0 0 0 0 0]	[0 0 0 0 0 0]
82	0.14749999344348907	0.0037436657585203648	0.00016203125414904207	5.1507126045180485e-05	0.0017176640685647726	0.0018124633934348822	False	[0 0 0 0 1 0]	[1 0 0 0 0 0]	[0 1 0 0 0 0]	[0 0 0 1 0 0]
82	0.11500000208616257	0.06140163168311119	0.001969933742657304	8.353157318197191e-05	0.0351431742310524	0.02420499175786972	False	[0 0 0 0 0 0]	[0 0 0 0 0 0]	[0 0 0 0 0 0]	[0 0 0 0 0 0]
82	0.1574999988079071	0.003851195564493537	0.00016002269694581628	5.752336801378988e-05	0.0017381092766299844	0.0018955401610583067	False	[0 0 0 0 1 0]	[1 0 0 0 0 0]	[0 1 0 0 0 0]	[0 0 0 1 0 0]
82	0.125	0.06683433055877686	0.002003431785851717	6.89418229740113e-05	0.03839247301220894	0.026369482278823853	False	[0 0 0 0 0 0]	[0 0 0 0 0 0]	[0 0 0 0 0 0]	[0 0 0 0 0 0]
82	0.16500000655651093	0.003949257545173168	0.00015880970750004053	5.8639438066165894e-05	0.001800695201382041	0.0019311130745336413	False	[0 0 0 0 1 0]	[1 0 0 0 0 0]	[0 1 0 0 0 0]	[0 0 0 1 0 0]
82	0.11999999731779099	0.06387093663215637	0.002030913019552827	7.172297046054155e-05	0.03802650421857834	0.023741798475384712	False	[0 0 0 0 0 0]	[0 0 0 0 0 0]	[0 0 0 0 0 0]	[0 0 0 0 0 0]
82	0.14749999344348907	0.0035254359245300293	0.00015352391346823424	5.573817907134071e-05	0.0017325468361377716	0.0015836270758882165	False	[0 0 0 0 1 0]	[1 0 0 0 0 0]	[0 1 0 0 0 0]	[0 0 0 1 0 0]
82	0.125	0.06640863418579102	0.0020926480647176504	8.009829616639763e-05	0.039335910230875015	0.024899981915950775	False	[0 0 0 0 0 0]	[0 0 0 0 0 0]	[0 0 0 0 0 0]	[0 0 0 0 0 0]
82	0.1525000035762787	0.003969195298850536	0.00016049310215748847	5.5589716794202104e-05	0.0018114767735823989	0.0019416357390582561	False	[0 0 0 0 1 0]	[1 0 0 0 0 0]	[0 1 0 0 0 0]	[0 0 0 1 0 0]
82	0.1274999976158142	0.06681382656097412	0.0022063967771828175	7.623455167049542e-05	0.03963616117835045	0.024895036593079567	False	[0 0 0 0 0 0]	[0 0 0 0 0 0]	[0 0 0 0 0 0]	[0 0 0 0 0 0]
82	0.14000000059604645	0.004420963115990162	0.00016380584565922618	7.204557186923921e-05	0.0019061705097556114	0.0022789412178099155	False	[0 0 0 0 1 0]	[1 0 0 0 0 0]	[0 1 0 0 0 0]	[0 0 0 1 0 0]
82	0.11999999731779099	0.06529529392719269	0.002130697015672922	7.63370335334912e-05	0.03895843029022217	0.024129830300807953	False	[0 0 0 0 0 0]	[0 0 0 0 0 0]	[0 0 0 0 0 0]	[0 0 0 0 0 0]
83	0.17499999701976776	0.4234791398048401	0.0038886305410414934	4.0556202293373644e-05	0.37421953678131104	0.045330390334129333	False	[0 0 0 0 1 0]	[1 0 0 0 0 0]	[0 1 0 0 0 0]	[0 0 0 1 0 0]
83	0.125	0.80180424451828	0.018318379297852516	0.00010688957991078496	0.7399598956108093	0.04341907426714897	False	[0 0 0 0 0 0]	[0 0 0 0 0 0]	[0 0 0 0 0 0]	[0 0 0 0 0 0]
83	0.16500000655651093	0.3915504515171051	0.0033330568112432957	4.0352719224756584e-05	0.34769654273986816	0.04048050194978714	False	[0 0 0 0 1 0]	[1 0 0 0 0 0]	[0 1 0 0 0 0]	[0 0 0 1 0 0]
83	0.125	0.809440553188324	0.017225386574864388	9.663698438089341e-05	0.7485563158988953	0.043562211096286774	False	[0 0 0 0 0 0]	[0 0 0 0 0 0]	[0 0 0 0 0 0]	[0 0 0 0 0 0]
83	0.14000000059604645	0.4205804169178009	0.0038655682001262903	4.082441591890529e-05	0.37088075280189514	0.045793261379003525	False	[0 0 0 0 1 0]	[1 0 0 0 0 0]	[0 1 0 0 0 0]	[0 0 0 1 0 0]
83	0.125	0.8204279541969299	0.017796065658330917	0.00010494198795640841	0.7569175958633423	0.04560936987400055	False	[0 0 0 0 0 0]	[0 0 0 0 0 0]	[0 0 0 0 0 0]	[0 0 0 0 0 0]
83	0.17000000178813934	0.40041571855545044	0.0035582890268415213	4.079020072822459e-05	0.35413607954978943	0.042680561542510986	False	[0 0 0 0 1 0]	[1 0 0 0 0 0]	[0 1 0 0 0 0]	[0 0 0 1 0 0]
83	0.125	0.8441441059112549	0.01703486777842045	0.00010065744572784752	0.7757903337478638	0.051218241453170776	False	[0 0 0 0 0 0]	[0 0 0 0 0 0]	[0 0 0 0 0 0]	[0 0 0 0 0 0]
83	0.1550000011920929	0.3757644295692444	0.003609741572290659	3.493712574709207e-05	0.33188992738723755	0.04022982716560364	False	[0 0 0 0 1 0]	[1 0 0 0 0 0]	[0 1 0 0 0 0]	[0 0 0 1 0 0]
83	0.12250000238418579	0.8412231206893921	0.018327591940760612	0.00010644718713592738	0.774817943572998	0.047971151769161224	False	[0 0 0 0 0 0]	[0 0 0 0 0 0]	[0 0 0 0 0 0]	[0 0 0 0 0 0]
83	0.1550000011920929	0.4331318140029907	0.003815446048974991	5.275781586533412e-05	0.37820959091186523	0.051054030656814575	False	[0 0 0 0 1 0]	[1 0 0 0 0 0]	[0 1 0 0 0 0]	[0 0 0 1 0 0]
83	0.11999999731779099	0.8368934988975525	0.01923288032412529	9.768697782419622e-05	0.7711212038993835	0.04644174128770828	False	[0 0 0 0 0 0]	[0 0 0 0 0 0]	[0 0 0 0 0 0]	[0 0 0 0 0 0]
83	0.14749999344348907	0.42054933309555054	0.003851180663332343	4.4862914364784956e-05	0.36963653564453125	0.04701675474643707	False	[0 0 0 0 1 0]	[1 0 0 0 0 0]	[0 1 0 0 0 0]	[0 0 0 1 0 0]
83	0.125	0.7629848122596741	0.015896650031208992	0.00011820096551673487	0.7044408917427063	0.04252902790904045	False	[0 0 0 0 0 0]	[0 0 0 0 0 0]	[0 0 0 0 0 0]	[0 0 0 0 0 0]
83	0.18000000715255737	0.41900503635406494	0.003749204333871603	3.99691634811461e-05	0.37051981687545776	0.04469604417681694	False	[0 0 0 0 1 0]	[1 0 0 0 0 0]	[0 1 0 0 0 0]	[0 0 0 1 0 0]
83	0.11749999970197678	0.7795650959014893	0.015764394775032997	0.00011004872794728726	0.7197136282920837	0.043977051973342896	False	[0 0 0 0 0 0]	[0 0 0 0 0 0]	[0 0 0 0 0 0]	[0 0 0 0 0 0]
83	0.16249999403953552	0.4246179461479187	0.003725853282958269	4.595874997903593e-05	0.375722199678421	0.04512391984462738	False	[0 0 0 0 1 0]	[1 0 0 0 0 0]	[0 1 0 0 0 0]	[0 0 0 1 0 0]
83	0.125	0.8908106684684753	0.020541705191135406	9.734249033499509e-05	0.814386785030365	0.05578480660915375	False	[0 0 0 0 0 0]	[0 0 0 0 0 0]	[0 0 0 0 0 0]	[0 0 0 0 0 0]
83	0.14749999344348907	0.406960666179657	0.0036884306464344263	3.9082879084162414e-05	0.36038491129875183	0.042848214507102966	False	[0 0 0 0 1 0]	[1 0 0 0 0 0]	[0 1 0 0 0 0]	[0 0 0 1 0 0]
83	0.11749999970197678	0.8266531825065613	0.018504656851291656	0.00010642121924320236	0.7627360820770264	0.04530604928731918	False	[0 0 0 0 0 0]	[0 0 0 0 0 0]	[0 0 0 0 0 0]	[0 0 0 0 0 0]
83	0.15000000596046448	0.41899770498275757	0.0037107437383383512	4.357706711743958e-05	0.37077128887176514	0.0444721095263958	False	[0 0 0 0 1 0]	[1 0 0 0 0 0]	[0 1 0 0 0 0]	[0 0 0 1 0 0]
83	0.125	0.7975090742111206	0.016597850248217583	0.00011603470193222165	0.7339519262313843	0.046843308955430984	False	[0 0 0 0 0 0]	[0 0 0 0 0 0]	[0 0 0 0 0 0]	[0 0 0 0 0 0]
83	0.1550000011920929	0.42542845010757446	0.003754732199013233	4.3982770876027644e-05	0.37706834077835083	0.04456140100955963	False	[0 0 0 0 1 0]	[1 0 0 0 0 0]	[0 1 0 0 0 0]	[0 0 0 1 0 0]
83	0.125	0.8628506660461426	0.020715637132525444	0.00010252083302475512	0.7965030670166016	0.045529451221227646	False	[0 0 0 0 0 0]	[0 0 0 0 0 0]	[0 0 0 0 0 0]	[0 0 0 0 0 0]
83	0.1525000035762787	0.42667055130004883	0.003768285969272256	5.040402902523056e-05	0.3722406029701233	0.05061126872897148	False	[0 0 0 0 1 0]	[1 0 0 0 0 0]	[0 1 0 0 0 0]	[0 0 0 1 0 0]
83	0.12999999523162842	0.7772102355957031	0.015712514519691467	0.00012813182547688484	0.713534414768219	0.04783519729971886	False	[0 0 0 0 0 0]	[0 0 0 0 0 0]	[0 0 0 0 0 0]	[0 0 0 0 0 0]
83	0.1599999964237213	0.41164761781692505	0.003396704327315092	4.782679388881661e-05	0.36360281705856323	0.04460028186440468	False	[0 0 0 0 1 0]	[1 0 0 0 0 0]	[0 1 0 0 0 0]	[0 0 0 1 0 0]
83	0.12250000238418579	0.8512733578681946	0.01981472037732601	9.164156654151157e-05	0.7877888679504395	0.043578147888183594	False	[0 0 0 0 0 0]	[0 0 0 0 0 0]	[0 0 0 0 0 0]	[0 0 0 0 0 0]
83	0.14499999582767487	0.39546307921409607	0.0035400420892983675	4.365487984614447e-05	0.34922224283218384	0.04265713319182396	False	[0 0 0 0 1 0]	[1 0 0 0 0 0]	[0 1 0 0 0 0]	[0 0 0 1 0 0]
83	0.125	0.7518178820610046	0.016169020906090736	0.0001227908069267869	0.6936933994293213	0.041832663118839264	False	[0 0 0 0 0 0]	[0 0 0 0 0 0]	[0 0 0 0 0 0]	[0 0 0 0 0 0]
84	0.17249999940395355	1.3465611934661865	0.03593243286013603	5.612439781543799e-05	1.0381624698638916	0.27241015434265137	False	[0 0 0 0 1 0]	[1 0 0 0 0 0]	[0 1 0 0 0 0]	[0 0 0 1 0 0]
84	0.11999999731779099	1.7187350988388062	0.1570800095796585	0.00018437729158904403	1.3002119064331055	0.2612588703632355	False	[0 0 0 0 0 0]	[0 0 0 0 0 0]	[0 0 0 0 0 0]	[0 0 0 0 0 0]
84	0.16500000655651093	1.4821224212646484	0.03842029720544815	7.243626896524802e-05	1.1268025636672974	0.31682711839675903	False	[0 0 0 0 1 0]	[1 0 0 0 0 0]	[0 1 0 0 0 0]	[0 0 0 1 0 0]
84	0.11999999731779099	1.7355376482009888	0.16559667885303497	0.0001769793452695012	1.315792202949524	0.25397181510925293	False	[0 0 0 0 0 0]	[0 0 0 0 0 0]	[0 0 0 0 0 0]	[0 0 0 0 0 0]
84	0.17000000178813934	1.4509799480438232	0.03487436845898628	7.317407289519906e-05	1.1108824014663696	0.30515000224113464	False	[0 0 0 0 1 0]	[1 0 0 0 0 0]	[0 1 0 0 0 0]	[0 0 0 1 0 0]
84	0.11999999731779099	1.7342578172683716	0.17097580432891846	0.00015971227549016476	1.3187464475631714	0.2443757802248001	False	[0 0 0 0 0 0]	[0 0 0 0 0 0]	[0 0 0 0 0 0]	[0 0 0 0 0 0]
84	0.14499999582767487	1.4773287773132324	0.03694196045398712	7.985766569618136e-05	1.1108384132385254	0.3294684588909149	False	[0 0 0 0 1 0]	[1 0 0 0 0 0]	[0 1 0 0 0 0]	[0 0 0 1 0 0]
84	0.12250000238418579	1.752373456954956	0.1643047034740448	0.00018457029364071786	1.307790994644165	0.280093252658844	False	[0 0 0 0 0 0]	[0 0 0 0 0 0]	[0 0 0 0 0 0]	[0 0 0 0 0 0]
84	0.1550000011920929	1.45699143409729	0.03896203637123108	6.81867531966418e-05	1.096645712852478	0.3213154673576355	False	[0 0 0 0 1 0]	[1 0 0 0 0 0]	[0 1 0 0 0 0]	[0 0 0 1 0 0]
84	0.12250000238418579	1.780640959739685	0.1846596896648407	0.00016899370530154556	1.3334211111068726	0.26239120960235596	False	[0 0 0 0 0 0]	[0 0 0 0 0 0]	[0 0 0 0 0 0]	[0 0 0 0 0 0]
84	0.14499999582767487	1.4194988012313843	0.03827928379178047	6.129075336502865e-05	1.0856788158416748	0.2954794466495514	False	[0 0 0 0 1 0]	[1 0 0 0 0 0]	[0 1 0 0 0 0]	[0 0 0 1 0 0]
84	0.125	1.6878068447113037	0.14832723140716553	0.00018459095736034214	1.2845386266708374	0.25475648045539856	False	[0 0 0 0 0 0]	[0 0 0 0 0 0]	[0 0 0 0 0 0]	[0 0 0 0 0 0]
84	0.13500000536441803	1.3739948272705078	0.03706590458750725	5.753384903073311e-05	1.050749659538269	0.28612178564071655	False	[0 0 0 0 1 0]	[1 0 0 0 0 0]	[0 1 0 0 0 0]	[0 0 0 1 0 0]
84	0.11999999731779099	1.6894900798797607	0.14464488625526428	0.00017527755699120462	1.2942042350769043	0.25046566128730774	False	[0 0 0 0 0 0]	[0 0 0 0 0 0]	[0 0 0 0 0 0]	[0 0 0 0 0 0]
84	0.13750000298023224	1.399841070175171	0.03709171712398529	6.029155701980926e-05	1.0822269916534424	0.28046202659606934	False	[0 0 0 0 1 0]	[1 0 0 0 0 0]	[0 1 0 0 0 0]	[0 0 0 1 0 0]
84	0.125	1.717451572418213	0.15363752841949463	0.0001705851755104959	1.3061970472335815	0.2574463486671448	False	[0 0 0 0 0 0]	[0 0 0 0 0 0]	[0 0 0 0 0 0]	[0 0 0 0 0 0]
84	0.14499999582767487	1.454756498336792	0.037440937012434006	7.066236139507964e-05	1.1051150560379028	0.31212982535362244	False	[0 0 0 0 1 0]	[1 0 0 0 0 0]	[0 1 0 0 0 0]	[0 0 0 1 0 0]
84	0.12250000238418579	1.6758078336715698	0.13981689512729645	0.00019771067309193313	1.2767935991287231	0.2589995861053467	False	[0 0 0 0 0 0]	[0 0 0 0 0 0]	[0 0 0 0 0 0]	[0 0 0 0 0 0]
84	0.1599999964237213	1.4281439781188965	0.03957292065024376	5.961179704172537e-05	1.0961060523986816	0.2924054265022278	False	[0 0 0 0 1 0]	[1 0 0 0 0 0]	[0 1 0 0 0 0]	[0 0 0 1 0 0]
84	0.11999999731779099	1.7306151390075684	0.1620127409696579	0.0001886833633761853	1.309159278869629	0.2592543959617615	False	[0 0 0 0 0 0]	[0 0 0 0 0 0]	[0 0 0 0 0 0]	[0 0 0 0 0 0]
84	0.1599999964237213	1.4197070598602295	0.03758003190159798	6.611152639379725e-05	1.0819579362869263	0.30010300874710083	False	[0 0 0 0 1 0]	[1 0 0 0 0 0]	[0 1 0 0 0 0]	[0 0 0 1 0 0]
84	0.12999999523162842	1.7308454513549805	0.16762958467006683	0.00017459575610700995	1.318678379058838	0.24436280131340027	False	[0 0 0 0 0 0]	[0 0 0 0 0 0]	[0 0 0 0 0 0]	[0 0 0 0 0 0]
84	0.14249999821186066	1.3851211071014404	0.03595300391316414	5.987380791339092e-05	1.0755162239074707	0.2735920548439026	False	[0 0 0 0 1 0]	[1 0 0 0 0 0]	[0 1 0 0 0 0]	[0 0 0 1 0 0]
84	0.12250000238418579	1.7136715650558472	0.16267143189907074	0.0001724040339468047	1.302983045578003	0.2478446513414383	False	[0 0 0 0 0 0]	[0 0 0 0 0 0]	[0 0 0 0 0 0]	[0 0 0 0 0 0]
84	0.1550000011920929	1.425823450088501	0.038110535591840744	6.223467062227428e-05	1.0829983949661255	0.3046523630619049	False	[0 0 0 0 1 0]	[1 0 0 0 0 0]	[0 1 0 0 0 0]	[0 0 0 1 0 0]
84	0.12250000238418579	1.725687026977539	0.15354657173156738	0.00019865197828039527	1.2989557981491089	0.2729859948158264	False	[0 0 0 0 0 0]	[0 0 0 0 0 0]	[0 0 0 0 0 0]	[0 0 0 0 0 0]
84	0.14249999821186066	1.3939664363861084	0.03734907880425453	5.789249553345144e-05	1.0784093141555786	0.2781502306461334	False	[0 0 0 0 1 0]	[1 0 0 0 0 0]	[0 1 0 0 0 0]	[0 0 0 1 0 0]
84	0.12250000238418579	1.7330446243286133	0.15813204646110535	0.00016473449068143964	1.3114629983901978	0.2632848024368286	False	[0 0 0 0 0 0]	[0 0 0 0 0 0]	[0 0 0 0 0 0]	[0 0 0 0 0 0]
84	0.1599999964237213	1.4292758703231812	0.03784499317407608	6.023320383974351e-05	1.1049461364746094	0.2864244878292084	False	[0 0 0 0 1 0]	[1 0 0 0 0 0]	[0 1 0 0 0 0]	[0 0 0 1 0 0]
84	0.11999999731779099	1.7345895767211914	0.16705060005187988	0.00016288936603814363	1.316517949104309	0.25085824728012085	False	[0 0 0 0 0 0]	[0 0 0 0 0 0]	[0 0 0 0 0 0]	[0 0 0 0 0 0]
85	0.14499999582767487	1.0631682872772217	0.01551902387291193	3.5896020563086495e-05	0.866862952709198	0.18075048923492432	False	[0 0 0 0 1 0]	[1 0 0 0 0 0]	[0 1 0 0 0 0]	[0 0 0 1 0 0]
85	0.1550000011920929	1.6047288179397583	0.11493834108114243	0.00014413664757739753	1.2817178964614868	0.2079283893108368	False	[0 0 0 0 0 0]	[0 0 0 0 0 0]	[0 1 0 0 0 1]	[0 0 0 0 0 0]
85	0.1525000035762787	1.2973299026489258	0.020398210734128952	9.545340435579419e-05	0.8937638998031616	0.38307225704193115	False	[0 0 0 0 1 0]	[1 0 0 0 0 0]	[0 0 0 0 0 1]	[0 0 0 1 0 0]
85	0.13750000298023224	0.14241696894168854	0.005150956101715565	5.916556983720511e-05	0.12492671608924866	0.012280130758881569	False	[0 0 0 0 0 0]	[0 0 0 0 0 0]	[0 1 0 0 0 1]	[0 0 0 0 0 0]
85	0.17000000178813934	1.2107130289077759	0.02038896083831787	7.030634151306003e-05	0.862838089466095	0.32741567492485046	False	[0 0 0 0 1 0]	[1 0 0 0 0 0]	[0 0 0 0 0 1]	[0 0 0 1 0 0]
85	0.18250000476837158	0.16606071591377258	0.005886640399694443	4.82275863760151e-05	0.14693842828273773	0.013187422417104244	False	[0 0 0 0 0 0]	[0 0 0 0 0 0]	[0 1 0 0 0 1]	[0 0 0 0 0 0]
85	0.16750000417232513	1.2426999807357788	0.02034604549407959	9.919943840941414e-05	0.8599526882171631	0.3623020648956299	False	[0 0 0 0 1 0]	[1 0 0 0 0 0]	[0 0 0 0 0 1]	[0 0 0 1 0 0]
85	0.14000000059604645	0.17345426976680756	0.006149977445602417	3.977996311732568e-05	0.15340586006641388	0.013858647085726261	False	[0 0 0 0 0 0]	[0 0 0 0 0 0]	[0 1 0 0 0 1]	[0 0 0 0 0 0]
85	0.1550000011920929	1.2469907999038696	0.01964448392391205	0.00018577961600385606	0.8344202041625977	0.39274027943611145	False	[0 0 0 0 1 0]	[1 0 0 0 0 0]	[0 0 0 0 0 1]	[0 0 0 1 0 0]
85	0.14000000059604645	0.16880981624126434	0.005946479272097349	4.510884900810197e-05	0.14979781210422516	0.013020411133766174	False	[0 0 0 0 0 0]	[0 0 0 0 0 0]	[0 1 0 0 0 1]	[0 0 0 0 0 0]
85	0.17499999701976776	1.208228588104248	0.01874699257314205	9.696809865999967e-05	0.8488960862159729	0.34048861265182495	False	[0 0 0 0 1 0]	[1 0 0 0 0 0]	[0 0 0 0 0 1]	[0 0 0 1 0 0]
85	0.1599999964237213	0.150299072265625	0.00529484311118722	5.0711165386019275e-05	0.13277621567249298	0.012177303433418274	False	[0 0 0 0 0 0]	[0 0 0 0 0 0]	[0 1 0 0 0 1]	[0 0 0 0 0 0]
85	0.1574999988079071	1.1434698104858398	0.01778375916182995	8.558372064726427e-05	0.7993530631065369	0.3262474238872528	False	[0 0 0 0 1 0]	[1 0 0 0 0 0]	[0 0 0 0 0 1]	[0 0 0 1 0 0]
85	0.16249999403953552	0.16554148495197296	0.0060923839919269085	4.813278064830229e-05	0.14620374143123627	0.013197222724556923	False	[0 0 0 0 0 0]	[0 0 0 0 0 0]	[0 1 0 0 0 1]	[0 0 0 0 0 0]
85	0.14249999821186066	1.2103691101074219	0.019553575664758682	0.00011089551844634116	0.8357911705970764	0.3549134433269501	False	[0 0 0 0 1 0]	[1 0 0 0 0 0]	[0 0 0 0 0 1]	[0 0 0 1 0 0]
85	0.1599999964237213	0.18051987886428833	0.006485349498689175	4.772528336616233e-05	0.16071820259094238	0.013268601149320602	False	[0 0 0 0 0 0]	[0 0 0 0 0 0]	[0 1 0 0 0 1]	[0 0 0 0 0 0]
85	0.14249999821186066	1.319065809249878	0.02371220663189888	8.505404548486695e-05	0.9113029837608337	0.38396552205085754	False	[0 0 0 0 1 0]	[1 0 0 0 0 0]	[0 0 0 0 0 1]	[0 0 0 1 0 0]
85	0.14499999582767487	0.15175728499889374	0.005854881834238768	5.3378909797174856e-05	0.13362665474414825	0.01222236454486847	False	[0 0 0 0 0 0]	[0 0 0 0 0 0]	[0 1 0 0 0 1]	[0 0 0 0 0 0]
85	0.17499999701976776	1.2144159078598022	0.019587945193052292	0.00011232773249503225	0.836033046245575	0.3586825430393219	False	[0 0 0 0 1 0]	[1 0 0 0 0 0]	[0 0 0 0 0 1]	[0 0 0 1 0 0]
85	0.1525000035762787	0.17737653851509094	0.006239107809960842	4.322121822042391e-05	0.15756408870220184	0.013530117459595203	False	[0 0 0 0 0 0]	[0 0 0 0 0 0]	[0 1 0 0 0 1]	[0 0 0 0 0 0]
85	0.17000000178813934	1.3861281871795654	0.024973483756184578	9.953192056855187e-05	0.9474636912345886	0.41359156370162964	False	[0 0 0 0 1 0]	[1 0 0 0 0 0]	[0 0 0 0 0 1]	[0 0 0 1 0 0]
85	0.13500000536441803	0.16964511573314667	0.005915674846619368	4.735938273370266e-05	0.15007437765598297	0.013607708737254143	False	[0 0 0 0 0 0]	[0 0 0 0 0 0]	[0 1 0 0 0 1]	[0 0 0 0 0 0]
85	0.14749999344348907	1.2000058889389038	0.019751515239477158	7.806056237313896e-05	0.855324923992157	0.324851393699646	False	[0 0 0 0 1 0]	[1 0 0 0 0 0]	[0 0 0 0 0 1]	[0 0 0 1 0 0]
85	0.14499999582767487	0.17317607998847961	0.006354468874633312	4.69947190140374e-05	0.15341061353683472	0.013363994657993317	False	[0 0 0 0 0 0]	[0 0 0 0 0 0]	[0 1 0 0 0 1]	[0 0 0 0 0 0]
85	0.17499999701976776	1.2546623945236206	0.020702701061964035	0.00010220750846201554	0.8768126964569092	0.3570448160171509	False	[0 0 0 0 1 0]	[1 0 0 0 0 0]	[0 0 0 0 0 1]	[0 0 0 1 0 0]
85	0.14000000059604645	0.1712382435798645	0.0054529220797121525	4.624979555956088e-05	0.1529092639684677	0.012829816900193691	False	[0 0 0 0 0 0]	[0 0 0 0 0 0]	[0 1 0 0 0 1]	[0 0 0 0 0 0]
85	0.1599999964237213	1.2367489337921143	0.020928088575601578	8.291851554531604e-05	0.8732437491416931	0.3424941301345825	False	[0 0 0 0 1 0]	[1 0 0 0 0 0]	[0 0 0 0 0 1]	[0 0 0 1 0 0]
85	0.1550000011920929	0.1634160578250885	0.005884026177227497	4.991955938749015e-05	0.14484013617038727	0.012641987763345242	False	[0 0 0 0 0 0]	[0 0 0 0 0 0]	[0 1 0 0 0 1]	[0 0 0 0 0 0]
85	0.16500000655651093	1.233176589012146	0.019540389999747276	0.00011913912021555007	0.839427649974823	0.37408939003944397	False	[0 0 0 0 1 0]	[1 0 0 0 0 0]	[0 0 0 0 0 1]	[0 0 0 1 0 0]
85	0.14000000059604645	0.18571707606315613	0.0060965437442064285	4.406806328915991e-05	0.16472594439983368	0.014850534498691559	False	[0 0 0 0 0 0]	[0 0 0 0 0 0]	[0 1 0 0 0 1]	[0 0 0 0 0 0]
86	0.14749999344348907	1.0918210744857788	0.022785983979701996	4.6104945795377716e-05	0.9052385091781616	0.16375043988227844	False	[0 0 0 0 1 0]	[1 0 0 0 0 0]	[0 1 0 0 0 0]	[0 0 0 1 0 0]
86	0.14000000059604645	1.6223093271255493	0.16948989033699036	0.00014406541595235467	1.2838484048843384	0.16882692277431488	False	[0 0 0 0 0 0]	[0 0 0 0 0 0]	[0 1 0 0 0 1]	[0 0 0 0 0 0]
86	0.14749999344348907	1.2899212837219238	0.03800710663199425	0.00010413000563858077	0.937153160572052	0.31465691328048706	False	[0 0 0 0 1 0]	[1 0 0 0 0 0]	[0 0 0 0 0 1]	[0 0 0 1 0 0]
86	0.15000000596046448	0.12759041786193848	0.006228901445865631	4.148971493123099e-05	0.11296196281909943	0.00835806131362915	False	[0 0 0 0 0 0]	[0 0 0 0 0 0]	[0 1 0 0 0 1]	[0 0 0 0 0 0]
86	0.1574999988079071	1.2999804019927979	0.03951012343168259	8.619589789304882e-05	0.9351502656936646	0.3252338469028473	False	[0 0 0 0 1 0]	[1 0 0 0 0 0]	[0 0 0 0 0 1]	[0 0 0 1 0 0]
86	0.1599999964237213	0.11892929673194885	0.005979623179882765	3.988632670370862e-05	0.105361208319664	0.007548574358224869	False	[0 0 0 0 0 0]	[0 0 0 0 0 0]	[0 1 0 0 0 1]	[0 0 0 0 0 0]
86	0.17000000178813934	1.3283175230026245	0.039833035320043564	0.00010590562305878848	0.9573416709899902	0.33103692531585693	False	[0 0 0 0 1 0]	[1 0 0 0 0 0]	[0 0 0 0 0 1]	[0 0 0 1 0 0]
86	0.15000000596046448	0.11086509376764297	0.00532537791877985	5.011182292946614e-05	0.09776447713375092	0.007725130300968885	False	[0 0 0 0 0 0]	[0 0 0 0 0 0]	[0 1 0 0 0 1]	[0 0 0 0 0 0]
86	0.1599999964237213	1.2619434595108032	0.04136853292584419	8.275605796370655e-05	0.916124701499939	0.3043674826622009	False	[0 0 0 0 1 0]	[1 0 0 0 0 0]	[0 0 0 0 0 1]	[0 0 0 1 0 0]
86	0.1525000035762787	0.1163877472281456	0.005585613660514355	4.410057590575889e-05	0.10213972628116608	0.008618312887847424	False	[0 0 0 0 0 0]	[0 0 0 0 0 0]	[0 1 0 0 0 1]	[0 0 0 0 0 0]
86	0.16249999403953552	1.3003618717193604	0.0417860709130764	6.98331932653673e-05	0.9560268521308899	0.3024790287017822	False	[0 0 0 0 1 0]	[1 0 0 0 0 0]	[0 0 0 0 0 1]	[0 0 0 1 0 0]
86	0.1525000035762787	0.128663569688797	0.0063693709671497345	3.9647795347264037e-05	0.11377269774675369	0.008481860160827637	False	[0 0 0 0 0 0]	[0 0 0 0 0 0]	[0 1 0 0 0 1]	[0 0 0 0 0 0]
86	0.1525000035762787	1.4189891815185547	0.044328391551971436	0.0001118663203669712	1.0017240047454834	0.3728249669075012	False	[0 0 0 0 1 0]	[1 0 0 0 0 0]	[0 0 0 0 0 1]	[0 0 0 1 0 0]
86	0.14499999582767487	0.1240539401769638	0.006132422015070915	3.74320698028896e-05	0.10973533987998962	0.00814874842762947	False	[0 0 0 0 0 0]	[0 0 0 0 0 0]	[0 1 0 0 0 1]	[0 0 0 0 0 0]
86	0.15000000596046448	1.3794649839401245	0.045037344098091125	0.00010052054130937904	0.9919461011886597	0.34238100051879883	False	[0 0 0 0 1 0]	[1 0 0 0 0 0]	[0 0 0 0 0 1]	[0 0 0 1 0 0]
86	0.14499999582767487	0.11085929721593857	0.005380155518651009	4.553045073407702e-05	0.09883012622594833	0.006603483576327562	False	[0 0 0 0 0 0]	[0 0 0 0 0 0]	[0 1 0 0 0 1]	[0 0 0 0 0 0]
86	0.1550000011920929	1.2567553520202637	0.03591807186603546	0.0001016151873045601	0.9041393995285034	0.31659623980522156	False	[0 0 0 0 1 0]	[1 0 0 0 0 0]	[0 0 0 0 0 1]	[0 0 0 1 0 0]
86	0.18000000715255737	0.12225031852722168	0.006006540730595589	4.460017953533679e-05	0.10767810046672821	0.008521078154444695	False	[0 0 0 0 0 0]	[0 0 0 0 0 0]	[0 1 0 0 0 1]	[0 0 0 0 0 0]
86	0.14499999582767487	1.3489457368850708	0.04036952182650566	0.00010531109001021832	0.948069155216217	0.36040177941322327	False	[0 0 0 0 1 0]	[1 0 0 0 0 0]	[0 0 0 0 0 1]	[0 0 0 1 0 0]
86	0.13249999284744263	0.12780213356018066	0.006763797253370285	4.287866613594815e-05	0.11302977055311203	0.007965676486492157	False	[0 0 0 0 0 0]	[0 0 0 0 0 0]	[0 1 0 0 0 1]	[0 0 0 0 0 0]
86	0.1525000035762787	1.3464419841766357	0.04258774220943451	8.454936323687434e-05	0.9753022789955139	0.32846730947494507	False	[0 0 0 0 1 0]	[1 0 0 0 0 0]	[0 0 0 0 0 1]	[0 0 0 1 0 0]
86	0.1599999964237213	0.12108033895492554	0.006343285087496042	4.456224269233644e-05	0.10661730170249939	0.008075188845396042	False	[0 0 0 0 0 0]	[0 0 0 0 0 0]	[0 1 0 0 0 1]	[0 0 0 0 0 0]
86	0.1550000011920929	1.2868417501449585	0.036888424307107925	0.00011816632468253374	0.9195524454116821	0.33028268814086914	False	[0 0 0 0 1 0]	[1 0 0 0 0 0]	[0 0 0 0 0 1]	[0 0 0 1 0 0]
86	0.15000000596046448	0.11816808581352234	0.006492771673947573	4.516859553405084e-05	0.10339067876338959	0.008239462040364742	False	[0 0 0 0 0 0]	[0 0 0 0 0 0]	[0 1 0 0 0 1]	[0 0 0 0 0 0]
86	0.18250000476837158	1.3234689235687256	0.03917049989104271	9.969323582481593e-05	0.9429188966751099	0.34127989411354065	False	[0 0 0 0 1 0]	[1 0 0 0 0 0]	[0 0 0 0 0 1]	[0 0 0 1 0 0]
86	0.13750000298023224	0.12449704110622406	0.006051190663129091	4.377991717774421e-05	0.10987185686826706	0.008530210703611374	False	[0 0 0 0 0 0]	[0 0 0 0 0 0]	[0 1 0 0 0 1]	[0 0 0 0 0 0]
86	0.1574999988079071	1.2707993984222412	0.03863688185811043	8.542725117877126e-05	0.9357020854949951	0.29637500643730164	False	[0 0 0 0 1 0]	[1 0 0 0 0 0]	[0 0 0 0 0 1]	[0 0 0 1 0 0]
86	0.16500000655651093	0.12348609417676926	0.006047240924090147	3.843597005470656e-05	0.1099824458360672	0.0074179694056510925	False	[0 0 0 0 0 0]	[0 0 0 0 0 0]	[0 1 0 0 0 1]	[0 0 0 0 0 0]
86	0.1599999964237213	1.3879047632217407	0.04231443628668785	9.644594683777541e-05	0.9928790926933289	0.35261476039886475	False	[0 0 0 0 1 0]	[1 0 0 0 0 0]	[0 0 0 0 0 1]	[0 0 0 1 0 0]
86	0.12250000238418579	0.11642444878816605	0.006092459429055452	4.2384417611174285e-05	0.10252740979194641	0.0077621969394385815	False	[0 0 0 0 0 0]	[0 0 0 0 0 0]	[0 1 0 0 0 1]	[0 0 0 0 0 0]
87	0.17000000178813934	0.6989534497261047	0.0214522872120142	2.3492653781431727e-05	0.5269221663475037	0.15055550634860992	False	[0 0 0 0 1 0]	[1 0 0 0 0 0]	[0 1 0 0 0 0]	[0 0 0 1 0 0]
87	0.125	1.5005857944488525	0.1607486754655838	8.838293433655053e-05	1.1517653465270996	0.1879834234714508	False	[0 0 0 0 0 0]	[0 0 0 0 0 0]	[0 0 0 0 0 0]	[0 0 0 0 0 0]
87	0.15000000596046448	0.70438152551651	0.021832875907421112	2.2030413674656302e-05	0.5432265400886536	0.1393001228570938	False	[0 0 0 0 1 0]	[1 0 0 0 0 0]	[0 1 0 0 0 0]	[0 0 0 1 0 0]
87	0.11749999970197678	1.4239451885223389	0.13061422109603882	9.599510667612776e-05	1.1120458841323853	0.18118900060653687	False	[0 0 0 0 0 0]	[0 0 0 0 0 0]	[0 0 0 0 0 0]	[0 0 0 0 0 0]
87	0.14000000059604645	0.6906441450119019	0.02136082388460636	1.895628338388633e-05	0.5416767001152039	0.12758769094944	False	[0 0 0 0 1 0]	[1 0 0 0 0 0]	[0 1 0 0 0 0]	[0 0 0 1 0 0]
87	0.11999999731779099	1.5482382774353027	0.1666250377893448	7.448685937561095e-05	1.1869778633117676	0.19456085562705994	False	[0 0 0 0 0 0]	[0 0 0 0 0 0]	[0 0 0 0 0 0]	[0 0 0 0 0 0]
87	0.14000000059604645	0.658862292766571	0.020380785688757896	1.9657538359751925e-05	0.5092912912368774	0.12917055189609528	False	[0 0 0 0 1 0]	[1 0 0 0 0 0]	[0 1 0 0 0 0]	[0 0 0 1 0 0]
87	0.12999999523162842	1.459327220916748	0.13776347041130066	8.871890895534307e-05	1.12663733959198	0.19483773410320282	False	[0 0 0 0 0 0]	[0 0 0 0 0 0]	[0 0 0 0 0 0]	[0 0 0 0 0 0]
87	0.1550000011920929	0.6131863594055176	0.0200875885784626	1.7648064385866746e-05	0.47830355167388916	0.1147775948047638	False	[0 0 0 0 1 0]	[1 0 0 0 0 0]	[0 1 0 0 0 0]	[0 0 0 1 0 0]
87	0.125	1.496762990951538	0.153737410902977	8.713693387107924e-05	1.1525276899337769	0.19041074812412262	False	[0 0 0 0 0 0]	[0 0 0 0 0 0]	[0 0 0 0 0 0]	[0 0 0 0 0 0]
87	0.14499999582767487	0.6980886459350586	0.021920612081885338	2.1475476387422532e-05	0.5350064039230347	0.1411401331424713	False	[0 0 0 0 1 0]	[1 0 0 0 0 0]	[0 1 0 0 0 0]	[0 0 0 1 0 0]
87	0.11999999731779099	1.467475175857544	0.14185978472232819	8.823308598948643e-05	1.140366554260254	0.1851605772972107	False	[0 0 0 0 0 0]	[0 0 0 0 0 0]	[0 0 0 0 0 0]	[0 0 0 0 0 0]
87	0.14749999344348907	0.6542527675628662	0.020788634195923805	2.012784534599632e-05	0.5022657513618469	0.13117828965187073	False	[0 0 0 0 1 0]	[1 0 0 0 0 0]	[0 1 0 0 0 0]	[0 0 0 1 0 0]
87	0.125	1.513193130493164	0.16256093978881836	8.867180440574884e-05	1.15840482711792	0.19213873147964478	False	[0 0 0 0 0 0]	[0 0 0 0 0 0]	[0 0 0 0 0 0]	[0 0 0 0 0 0]
87	0.17499999701976776	0.720068097114563	0.023529110476374626	2.0470955860218965e-05	0.5582479238510132	0.13827058672904968	False	[0 0 0 0 1 0]	[1 0 0 0 0 0]	[0 1 0 0 0 0]	[0 0 0 1 0 0]
87	0.125	1.475174903869629	0.1454688012599945	9.364714060211554e-05	1.132455825805664	0.1971566081047058	False	[0 0 0 0 0 0]	[0 0 0 0 0 0]	[0 0 0 0 0 0]	[0 0 0 0 0 0]
87	0.1550000011920929	0.6909255981445312	0.021461114287376404	2.0477333237067796e-05	0.5386715531349182	0.13077248632907867	False	[0 0 0 0 1 0]	[1 0 0 0 0 0]	[0 1 0 0 0 0]	[0 0 0 1 0 0]
87	0.125	1.4526431560516357	0.14551767706871033	9.204124216921628e-05	1.1293697357177734	0.177663654088974	False	[0 0 0 0 0 0]	[0 0 0 0 0 0]	[0 0 0 0 0 0]	[0 0 0 0 0 0]
87	0.1550000011920929	0.6218783855438232	0.0188862644135952	1.994612830458209e-05	0.4785313606262207	0.12444078922271729	False	[0 0 0 0 1 0]	[1 0 0 0 0 0]	[0 1 0 0 0 0]	[0 0 0 1 0 0]
87	0.125	1.4631379842758179	0.14166508615016937	8.868415898177773e-05	1.1360113620758057	0.18537284433841705	False	[0 0 0 0 0 0]	[0 0 0 0 0 0]	[0 0 0 0 0 0]	[0 0 0 0 0 0]
87	0.14499999582767487	0.6587856411933899	0.02182023972272873	1.827015330491122e-05	0.5132657885551453	0.12368136644363403	False	[0 0 0 0 1 0]	[1 0 0 0 0 0]	[0 1 0 0 0 0]	[0 0 0 1 0 0]
87	0.125	1.5305659770965576	0.1680842489004135	8.105850429274142e-05	1.1656575202941895	0.19674308598041534	False	[0 0 0 0 0 0]	[0 0 0 0 0 0]	[0 0 0 0 0 0]	[0 0 0 0 0 0]
87	0.18000000715255737	0.7331061959266663	0.02230105549097061	2.2412945327232592e-05	0.5580651164054871	0.15271760523319244	False	[0 0 0 0 1 0]	[1 0 0 0 0 0]	[0 1 0 0 0 0]	[0 0 0 1 0 0]
87	0.12250000238418579	1.390388011932373	0.1251942217350006	8.548118057660758e-05	1.0977041721343994	0.1674041897058487	False	[0 0 0 0 0 0]	[0 0 0 0 0 0]	[0 0 0 0 0 0]	[0 0 0 0 0 0]
87	0.14249999821186066	0.7930365800857544	0.022885451093316078	2.8040936740580946e-05	0.5997622609138489	0.17036080360412598	False	[0 0 0 0 1 0]	[1 0 0 0 0 0]	[0 1 0 0 0 0]	[0 0 0 1 0 0]
87	0.125	1.444109559059143	0.137752965092659	0.00010038015170721337	1.1230806112289429	0.18317556381225586	False	[0 0 0 0 0 0]	[0 0 0 0 0 0]	[0 0 0 0 0 0]	[0 0 0 0 0 0]
87	0.1525000035762787	0.6731116771697998	0.0211106576025486	2.089966437779367e-05	0.5212608575820923	0.13071925938129425	False	[0 0 0 0 1 0]	[1 0 0 0 0 0]	[0 1 0 0 0 0]	[0 0 0 1 0 0]
87	0.11999999731779099	1.4872584342956543	0.14986692368984222	0.00010192692570853978	1.140905499458313	0.19638413190841675	False	[0 0 0 0 0 0]	[0 0 0 0 0 0]	[0 0 0 0 0 0]	[0 0 0 0 0 0]
87	0.12999999523162842	0.6926195621490479	0.020638499408960342	2.3206563128042035e-05	0.5270110368728638	0.14494678378105164	False	[0 0 0 0 1 0]	[1 0 0 0 0 0]	[0 1 0 0 0 0]	[0 0 0 1 0 0]
87	0.11749999970197678	1.48582923412323	0.15231797099113464	8.468747546430677e-05	1.1507922410964966	0.1826343536376953	False	[0 0 0 0 0 0]	[0 0 0 0 0 0]	[0 0 0 0 0 0]	[0 0 0 0 0 0]
88	0.1550000011920929	0.8508651256561279	0.02985250949859619	2.6267112843925133e-05	0.6303427815437317	0.1906435638666153	False	[0 0 0 0 1 0]	[1 0 0 0 0 0]	[0 1 0 0 0 0]	[0 0 0 1 0 0]
88	0.16500000655651093	2.0912861824035645	0.4949200451374054	0.00024470934295095503	1.2018285989761353	0.394292950630188	False	[0 0 0 0 0 0]	[0 0 0 0 0 0]	[0 1 1 0 0 0]	[0 0 0 0 0 0]
88	0.14000000059604645	3.086573839187622	1.1477564573287964	0.0038481145165860653	1.1248136758804321	0.8101556897163391	False	[0 0 0 0 1 0]	[1 0 0 0 0 0]	[0 1 0 0 0 0]	[1 0 0 0 0 0]
88	0.19499999284744263	3.1231517791748047	1.2457627058029175	0.004392390139400959	1.0815190076828003	0.7914776802062988	False	[0 0 0 0 0 0]	[0 0 0 0 0 0]	[0 1 1 0 0 0]	[0 0 0 0 0 0]
88	0.14499999582767487	3.0981075763702393	1.1391279697418213	0.003699253546074033	1.1194167137145996	0.8358635306358337	False	[0 0 0 0 1 0]	[1 0 0 0 0 0]	[0 1 0 0 0 0]	[1 0 0 0 0 0]
88	0.18250000476837158	3.142263412475586	1.2228337526321411	0.005283626262098551	1.1236478090286255	0.7904981374740601	False	[0 0 0 0 0 0]	[0 0 0 0 0 0]	[0 1 1 0 0 0]	[0 0 0 0 0 0]
88	0.13249999284744263	3.0976407527923584	1.1571195125579834	0.0038979514501988888	1.1131035089492798	0.8235199451446533	False	[0 0 0 0 1 0]	[1 0 0 0 0 0]	[0 1 0 0 0 0]	[1 0 0 0 0 0]
88	0.17000000178813934	3.1667721271514893	1.2508457899093628	0.005842301063239574	1.1261584758758545	0.7839255332946777	False	[0 0 0 0 0 0]	[0 0 0 0 0 0]	[0 1 1 0 0 0]	[0 0 0 0 0 0]
88	0.1550000011920929	3.1415398120880127	1.1525441408157349	0.0045946454629302025	1.1560908555984497	0.8283102512359619	False	[0 0 0 0 1 0]	[1 0 0 0 0 0]	[0 1 0 0 0 0]	[1 0 0 0 0 0]
88	0.17249999940395355	3.043034553527832	1.1563137769699097	0.003728641429916024	1.089248538017273	0.7937434911727905	False	[0 0 0 0 0 0]	[0 0 0 0 0 0]	[0 1 1 0 0 0]	[0 0 0 0 0 0]
88	0.1525000035762787	3.0620381832122803	1.1512870788574219	0.003229429479688406	1.097452998161316	0.8100687861442566	False	[0 0 0 0 1 0]	[1 0 0 0 0 0]	[0 1 0 0 0 0]	[1 0 0 0 0 0]
88	0.17749999463558197	3.074629306793213	1.1836615800857544	0.0041124215349555016	1.0925382375717163	0.7943172454833984	False	[0 0 0 0 0 0]	[0 0 0 0 0 0]	[0 1 1 0 0 0]	[0 0 0 0 0 0]
88	0.1550000011920929	3.1257829666137695	1.1633461713790894	0.0041970741003751755	1.136037826538086	0.8222016096115112	False	[0 0 0 0 1 0]	[1 0 0 0 0 0]	[0 1 0 0 0 0]	[1 0 0 0 0 0]
88	0.1574999988079071	3.0710361003875732	1.1879384517669678	0.004354037810117006	1.0895445346832275	0.7891991138458252	False	[0 0 0 0 0 0]	[0 0 0 0 0 0]	[0 1 1 0 0 0]	[0 0 0 0 0 0]
88	0.1599999964237213	3.09273624420166	1.126886248588562	0.004065786488354206	1.150680661201477	0.8111037015914917	False	[0 0 0 0 1 0]	[1 0 0 0 0 0]	[0 1 0 0 0 0]	[1 0 0 0 0 0]
88	0.16500000655651093	3.0503029823303223	1.1442596912384033	0.00403524050489068	1.1060844659805298	0.7959235906600952	False	[0 0 0 0 0 0]	[0 0 0 0 0 0]	[0 1 1 0 0 0]	[0 0 0 0 0 0]
88	0.13750000298023224	3.080869436264038	1.1184461116790771	0.004192214459180832	1.1360511779785156	0.8221800327301025	False	[0 0 0 0 1 0]	[1 0 0 0 0 0]	[0 1 0 0 0 0]	[1 0 0 0 0 0]
88	0.1899999976158142	3.0513358116149902	1.1833990812301636	0.003784364555031061	1.0711499452590942	0.7930024862289429	False	[0 0 0 0 0 0]	[0 0 0 0 0 0]	[0 1 1 0 0 0]	[0 0 0 0 0 0]
88	0.14749999344348907	3.1455447673797607	1.1737865209579468	0.004318759310990572	1.1427708864212036	0.8246687054634094	False	[0 0 0 0 1 0]	[1 0 0 0 0 0]	[0 1 0 0 0 0]	[1 0 0 0 0 0]
88	0.17499999701976776	3.1234962940216064	1.1978144645690918	0.005017715506255627	1.1305718421936035	0.7900922298431396	False	[0 0 0 0 0 0]	[0 0 0 0 0 0]	[0 1 1 0 0 0]	[0 0 0 0 0 0]
88	0.13750000298023224	3.122699022293091	1.1730092763900757	0.003932991996407509	1.1286511421203613	0.8171055912971497	False	[0 0 0 0 1 0]	[1 0 0 0 0 0]	[0 1 0 0 0 0]	[1 0 0 0 0 0]
88	0.16500000655651093	3.112222909927368	1.2206374406814575	0.004829282872378826	1.1068754196166992	0.7798807621002197	False	[0 0 0 0 0 0]	[0 0 0 0 0 0]	[0 1 1 0 0 0]	[0 0 0 0 0 0]
88	0.14000000059604645	3.107295036315918	1.1652157306671143	0.0035688516218215227	1.1228517293930054	0.815658688545227	False	[0 0 0 0 1 0]	[1 0 0 0 0 0]	[0 1 0 0 0 0]	[1 0 0 0 0 0]
88	0.1550000011920929	3.1399052143096924	1.2020933628082275	0.005296926014125347	1.1390299797058105	0.7934849262237549	False	[0 0 0 0 0 0]	[0 0 0 0 0 0]	[0 1 1 0 0 0]	[0 0 0 0 0 0]
88	0.14249999821186066	3.137681007385254	1.1732782125473022	0.004149385262280703	1.1328710317611694	0.8273822069168091	False	[0 0 0 0 1 0]	[1 0 0 0 0 0]	[0 1 0 0 0 0]	[1 0 0 0 0 0]
88	0.1599999964237213	3.1059412956237793	1.209416389465332	0.00443480908870697	1.0967434644699097	0.7953466773033142	False	[0 0 0 0 0 0]	[0 0 0 0 0 0]	[0 1 1 0 0 0]	[0 0 0 0 0 0]
88	0.15000000596046448	3.1158204078674316	1.1431435346603394	0.003991302568465471	1.1387395858764648	0.8299461603164673	False	[0 0 0 0 1 0]	[1 0 0 0 0 0]	[0 1 0 0 0 0]	[1 0 0 0 0 0]
88	0.18000000715255737	3.181718349456787	1.246277093887329	0.006013949401676655	1.12824285030365	0.8011844158172607	False	[0 0 0 0 0 0]	[0 0 0 0 0 0]	[0 1 1 0 0 0]	[0 0 0 0 0 0]
88	0.17499999701976776	3.1182265281677246	1.1301454305648804	0.004392979666590691	1.151556134223938	0.8321319222450256	False	[0 0 0 0 1 0]	[1 0 0 0 0 0]	[0 1 0 0 0 0]	[1 0 0 0 0 0]
88	0.1574999988079071	3.0935027599334717	1.2059556245803833	0.004386816173791885	1.0904853343963623	0.7926750183105469	False	[0 0 0 0 0 0]	[0 0 0 0 0 0]	[0 1 1 0 0 0]	[0 0 0 0 0 0]
89	0.1599999964237213	0.4124835133552551	0.009610410779714584	2.2244110368774273e-05	0.28342127799987793	0.11942960321903229	False	[0 0 0 0 1 0]	[1 0 0 0 0 0]	[0 1 0 0 0 0]	[0 0 0 1 0 0]
89	0.17000000178813934	2.033651113510132	0.31848496198654175	0.00023507207515649498	1.2193608283996582	0.4955701231956482	False	[0 0 0 0 0 0]	[0 0 0 0 0 0]	[0 1 1 0 0 0]	[0 0 0 0 0 0]
89	0.1550000011920929	2.91288423538208	1.0305078029632568	0.002856711857020855	1.1285946369171143	0.7509251832962036	False	[0 0 0 0 1 0]	[1 0 0 0 0 0]	[0 1 0 0 0 0]	[1 0 0 0 0 0]
89	0.1899999976158142	2.9096648693084717	1.080325722694397	0.004282942973077297	1.1144484281539917	0.7106077671051025	False	[0 0 0 0 0 0]	[0 0 0 0 0 0]	[0 1 1 0 0 0]	[0 0 0 0 0 0]
89	0.1599999964237213	2.933016300201416	0.9988892078399658	0.004473450593650341	1.1886934041976929	0.7409602403640747	False	[0 0 0 0 1 0]	[1 0 0 0 0 0]	[0 1 0 0 0 0]	[1 0 0 0 0 0]
89	0.19249999523162842	2.895416736602783	1.052750825881958	0.00388731830753386	1.0995136499404907	0.7392649054527283	False	[0 0 0 0 0 0]	[0 0 0 0 0 0]	[0 1 1 0 0 0]	[0 0 0 0 0 0]
89	0.13500000536441803	2.9941565990448	1.0535908937454224	0.004430452361702919	1.15699303150177	0.7791420817375183	False	[0 0 0 0 1 0]	[1 0 0 0 0 0]	[0 1 0 0 0 0]	[1 0 0 0 0 0]
89	0.17000000178813934	2.9244704246520996	1.0791943073272705	0.0036064335145056248	1.102731466293335	0.7389383316040039	False	[0 0 0 0 0 0]	[0 0 0 0 0 0]	[0 1 1 0 0 0]	[0 0 0 0 0 0]
89	0.16500000655651093	2.9551572799682617	1.0437616109848022	0.0038370592519640923	1.1472582817077637	0.7603001594543457	False	[0 0 0 0 1 0]	[1 0 0 0 0 0]	[0 1 0 0 0 0]	[1 0 0 0 0 0]
89	0.1599999964237213	2.968942165374756	1.1217480897903442	0.005064518190920353	1.1382638216018677	0.7038657665252686	False	[0 0 0 0 0 0]	[0 0 0 0 0 0]	[0 1 1 0 0 0]	[0 0 0 0 0 0]
89	0.1550000011920929	2.9257681369781494	1.0134265422821045	0.003375475760549307	1.158734679222107	0.7502315044403076	False	[0 0 0 0 1 0]	[1 0 0 0 0 0]	[0 1 0 0 0 0]	[1 0 0 0 0 0]
89	0.17499999701976776	2.9163365364074707	1.035377025604248	0.003501907456666231	1.1137709617614746	0.7636866569519043	False	[0 0 0 0 0 0]	[0 0 0 0 0 0]	[0 1 1 0 0 0]	[0 0 0 0 0 0]
89	0.1525000035762787	2.9293360710144043	1.002937912940979	0.003638067515566945	1.149742603302002	0.7730172872543335	False	[0 0 0 0 1 0]	[1 0 0 0 0 0]	[0 1 0 0 0 0]	[1 0 0 0 0 0]
89	0.17000000178813934	2.870523452758789	1.03634512424469	0.003592920722439885	1.1080334186553955	0.7225519418716431	False	[0 0 0 0 0 0]	[0 0 0 0 0 0]	[0 1 1 0 0 0]	[0 0 0 0 0 0]
89	0.14000000059604645	2.956137180328369	1.028148889541626	0.003630083752796054	1.157994031906128	0.7663641571998596	False	[0 0 0 0 1 0]	[1 0 0 0 0 0]	[0 1 0 0 0 0]	[1 0 0 0 0 0]
89	0.1550000011920929	2.877840995788574	1.036858320236206	0.0035295244306325912	1.106298804283142	0.7311545014381409	False	[0 0 0 0 0 0]	[0 0 0 0 0 0]	[0 1 1 0 0 0]	[0 0 0 0 0 0]
89	0.1525000035762787	3.0091748237609863	1.0558103322982788	0.0045426879078149796	1.177940011024475	0.7708817720413208	False	[0 0 0 0 1 0]	[1 0 0 0 0 0]	[0 1 0 0 0 0]	[1 0 0 0 0 0]
89	0.18250000476837158	2.920779228210449	1.1097376346588135	0.004150561522692442	1.1089775562286377	0.697913646697998	False	[0 0 0 0 0 0]	[0 0 0 0 0 0]	[0 1 1 0 0 0]	[0 0 0 0 0 0]
89	0.14000000059604645	2.922863721847534	1.0221949815750122	0.003243733663111925	1.1263291835784912	0.7710959911346436	False	[0 0 0 0 1 0]	[1 0 0 0 0 0]	[0 1 0 0 0 0]	[1 0 0 0 0 0]
89	0.18250000476837158	2.8667404651641846	1.0126789808273315	0.0032786838710308075	1.0994499921798706	0.7513327598571777	False	[0 0 0 0 0 0]	[0 0 0 0 0 0]	[0 1 1 0 0 0]	[0 0 0 0 0 0]
89	0.14499999582767487	2.9339096546173096	1.0307886600494385	0.0033355311024934053	1.1337432861328125	0.7660422921180725	False	[0 0 0 0 1 0]	[1 0 0 0 0 0]	[0 1 0 0 0 0]	[1 0 0 0 0 0]
89	0.1850000023841858	2.8632044792175293	1.0169509649276733	0.003469152608886361	1.1253390312194824	0.7174454927444458	False	[0 0 0 0 0 0]	[0 0 0 0 0 0]	[0 1 1 0 0 0]	[0 0 0 0 0 0]
89	0.14499999582767487	2.9657750129699707	1.026985764503479	0.003796377219259739	1.167130708694458	0.7678624391555786	False	[0 0 0 0 1 0]	[1 0 0 0 0 0]	[0 1 0 0 0 0]	[1 0 0 0 0 0]
89	0.16249999403953552	2.873652935028076	1.023549199104309	0.003430562326684594	1.1037845611572266	0.7428885102272034	False	[0 0 0 0 0 0]	[0 0 0 0 0 0]	[0 1 1 0 0 0]	[0 0 0 0 0 0]
89	0.14499999582767487	2.9419822692871094	1.0428518056869507	0.003209612565115094	1.1187095642089844	0.7772111296653748	False	[0 0 0 0 1 0]	[1 0 0 0 0 0]	[0 1 0 0 0 0]	[1 0 0 0 0 0]
89	0.19499999284744263	2.9556238651275635	1.115530014038086	0.003719821572303772	1.1005483865737915	0.735825777053833	False	[0 0 0 0 0 0]	[0 0 0 0 0 0]	[0 1 1 0 0 0]	[0 0 0 0 0 0]
89	0.13500000536441803	2.8996620178222656	0.9901185631752014	0.0033531906083226204	1.1464176177978516	0.7597726583480835	False	[0 0 0 0 1 0]	[1 0 0 0 0 0]	[0 1 0 0 0 0]	[1 0 0 0 0 0]
89	0.1599999964237213	2.969165802001953	1.1162534952163696	0.004905907902866602	1.138731598854065	0.7092748880386353	False	[0 0 0 0 0 0]	[0 0 0 0 0 0]	[0 1 1 0 0 0]	[0 0 0 0 0 0]
89	0.14000000059604645	2.9755544662475586	1.0656737089157104	0.0035428470000624657	1.1486753225326538	0.7576624751091003	False	[0 0 0 0 1 0]	[1 0 0 0 0 0]	[0 1 0 0 0 0]	[1 0 0 0 0 0]
89	0.1599999964237213	2.9778285026550293	1.1272121667861938	0.004530557431280613	1.1197357177734375	0.7263501882553101	False	[0 0 0 0 0 0]	[0 0 0 0 0 0]	[0 1 1 0 0 0]	[0 0 0 0 0 0]
90	0.19499999284744263	0.2271404266357422	0.007281297817826271	2.0356241293484345e-05	0.15098510682582855	0.06885365396738052	False	[0 0 0 0 1 0]	[1 0 0 0 0 0]	[0 1 0 0 0 0]	[0 0 0 1 0 0]
90	0.11999999731779099	1.799431562423706	0.2129151076078415	0.00011615755647653714	1.1912773847579956	0.3951229155063629	False	[0 0 0 0 0 0]	[0 0 0 0 0 0]	[0 0 0 0 0 0]	[0 0 0 0 0 0]
90	0.1550000011920929	0.20314975082874298	0.006429810542613268	1.9195935237803496e-05	0.13797715306282043	0.058723583817481995	False	[0 0 0 0 1 0]	[1 0 0 0 0 0]	[0 1 0 0 0 0]	[0 0 0 1 0 0]
90	0.12250000238418579	1.779708981513977	0.20385175943374634	0.00011417246423661709	1.1829646825790405	0.3927783966064453	False	[0 0 0 0 0 0]	[0 0 0 0 0 0]	[0 0 0 0 0 0]	[0 0 0 0 0 0]
90	0.1599999964237213	0.2501254677772522	0.007557486649602652	2.4673387088114396e-05	0.1587362140417099	0.08380711078643799	False	[0 0 0 0 1 0]	[1 0 0 0 0 0]	[0 1 0 0 0 0]	[0 0 0 1 0 0]
90	0.12250000238418579	1.8194494247436523	0.2159498929977417	0.00013335002586245537	1.1792210340499878	0.42414504289627075	False	[0 0 0 0 0 0]	[0 0 0 0 0 0]	[0 0 0 0 0 0]	[0 0 0 0 0 0]
90	0.15000000596046448	0.2275187075138092	0.006663742940872908	2.098691402352415e-05	0.15294109284877777	0.06789287179708481	False	[0 0 0 0 1 0]	[1 0 0 0 0 0]	[0 1 0 0 0 0]	[0 0 0 1 0 0]
90	0.12250000238418579	1.7937431335449219	0.212553009390831	0.00011960191477555782	1.1885100603103638	0.39256051182746887	False	[0 0 0 0 0 0]	[0 0 0 0 0 0]	[0 0 0 0 0 0]	[0 0 0 0 0 0]
90	0.1574999988079071	0.20382562279701233	0.006406818050891161	1.8638120309333317e-05	0.13911232352256775	0.0582878403365612	False	[0 0 0 0 1 0]	[1 0 0 0 0 0]	[0 1 0 0 0 0]	[0 0 0 1 0 0]
90	0.125	1.872846245765686	0.26362374424934387	0.00012262066593393683	1.2038682699203491	0.4052315950393677	False	[0 0 0 0 0 0]	[0 0 0 0 0 0]	[0 0 0 0 0 0]	[0 0 0 0 0 0]
90	0.16750000417232513	0.22967571020126343	0.006641309708356857	2.092186150548514e-05	0.15647639334201813	0.06653708964586258	False	[0 0 0 0 1 0]	[1 0 0 0 0 0]	[0 1 0 0 0 0]	[0 0 0 1 0 0]
90	0.125	1.891741394996643	0.25632837414741516	0.00010525099787628278	1.2123783826828003	0.4229293763637543	False	[0 0 0 0 0 0]	[0 0 0 0 0 0]	[0 0 0 0 0 0]	[0 0 0 0 0 0]
90	0.16500000655651093	0.2145921289920807	0.006647568196058273	1.777589386620093e-05	0.14939692616462708	0.05852986127138138	False	[0 0 0 0 1 0]	[1 0 0 0 0 0]	[0 1 0 0 0 0]	[0 0 0 1 0 0]
90	0.125	1.7740373611450195	0.20221112668514252	0.00011317968892399222	1.1768068075180054	0.39490625262260437	False	[0 0 0 0 0 0]	[0 0 0 0 0 0]	[0 0 0 0 0 0]	[0 0 0 0 0 0]
90	0.1550000011920929	0.21371115744113922	0.007067650556564331	1.839489777921699e-05	0.14507454633712769	0.061550576239824295	False	[0 0 0 0 1 0]	[1 0 0 0 0 0]	[0 1 0 0 0 0]	[0 0 0 1 0 0]
90	0.125	1.8144289255142212	0.2299993634223938	0.00012023233284708112	1.1883695125579834	0.39593982696533203	False	[0 0 0 0 0 0]	[0 0 0 0 0 0]	[0 0 0 0 0 0]	[0 0 0 0 0 0]
90	0.17749999463558197	0.22083206474781036	0.0068626804277300835	2.0344774384284392e-05	0.14731018245220184	0.06663885712623596	False	[0 0 0 0 1 0]	[1 0 0 0 0 0]	[0 1 0 0 0 0]	[0 0 0 1 0 0]
90	0.12250000238418579	1.802091360092163	0.19908377528190613	0.0001231646165251732	1.1802548170089722	0.4226296544075012	False	[0 0 0 0 0 0]	[0 0 0 0 0 0]	[0 0 0 0 0 0]	[0 0 0 0 0 0]
90	0.17000000178813934	0.2008441835641861	0.006628493778407574	1.3973171007819474e-05	0.14038093388080597	0.053820785135030746	False	[0 0 0 0 1 0]	[1 0 0 0 0 0]	[0 1 0 0 0 0]	[0 0 0 1 0 0]
90	0.12999999523162842	1.8393913507461548	0.22747525572776794	0.00013610371388494968	1.1911742687225342	0.42060577869415283	False	[0 0 0 0 0 0]	[0 0 0 0 0 0]	[0 0 0 0 0 0]	[0 0 0 0 0 0]
90	0.1550000011920929	0.20735011994838715	0.006957635749131441	1.4657268366136122e-05	0.14480064809322357	0.05557717755436897	False	[0 0 0 0 1 0]	[1 0 0 0 0 0]	[0 1 0 0 0 0]	[0 0 0 1 0 0]
90	0.12250000238418579	1.7973995208740234	0.2061048150062561	0.00013024972577113658	1.1829460859298706	0.4082184433937073	False	[0 0 0 0 0 0]	[0 0 0 0 0 0]	[0 0 0 0 0 0]	[0 0 0 0 0 0]
90	0.1550000011920929	0.21536102890968323	0.00682132039219141	1.872895700216759e-05	0.14645978808403015	0.062061186879873276	False	[0 0 0 0 1 0]	[1 0 0 0 0 0]	[0 1 0 0 0 0]	[0 0 0 1 0 0]
90	0.12250000238418579	1.7896363735198975	0.21361464262008667	0.00010864841897273436	1.1870126724243164	0.38890036940574646	False	[0 0 0 0 0 0]	[0 0 0 0 0 0]	[0 0 0 0 0 0]	[0 0 0 0 0 0]
90	0.16249999403953552	0.2185639888048172	0.00641442509368062	1.8940696463687345e-05	0.15147699415683746	0.060653623193502426	False	[0 0 0 0 1 0]	[1 0 0 0 0 0]	[0 1 0 0 0 0]	[0 0 0 1 0 0]
90	0.125	1.8235948085784912	0.2192436009645462	0.00013843477063346654	1.190510630607605	0.41370218992233276	False	[0 0 0 0 0 0]	[0 0 0 0 0 0]	[0 0 0 0 0 0]	[0 0 0 0 0 0]
90	0.16750000417232513	0.23077377676963806	0.006470831576734781	2.119901910191402e-05	0.1566809117794037	0.06760083138942719	False	[0 0 0 0 1 0]	[1 0 0 0 0 0]	[0 1 0 0 0 0]	[0 0 0 1 0 0]
90	0.12250000238418579	1.7691105604171753	0.2021295428276062	0.0001487384579377249	1.1661581993103027	0.40067410469055176	False	[0 0 0 0 0 0]	[0 0 0 0 0 0]	[0 0 0 0 0 0]	[0 0 0 0 0 0]
90	0.1525000035762787	0.252811998128891	0.006767632905393839	2.149192187061999e-05	0.17521847784519196	0.0708044022321701	False	[0 0 0 0 1 0]	[1 0 0 0 0 0]	[0 1 0 0 0 0]	[0 0 0 1 0 0]
90	0.125	1.835564374923706	0.2093307375907898	0.00013237183156888932	1.1939960718154907	0.43210524320602417	False	[0 0 0 0 0 0]	[0 0 0 0 0 0]	[0 0 0 0 0 0]	[0 0 0 0 0 0]
91	0.14499999582767487	0.12369392812252045	0.006966650951653719	1.9990555301774293e-05	0.08665085583925247	0.030056428164243698	False	[0 0 0 0 1 0]	[1 0 0 0 0 0]	[0 1 0 0 0 0]	[0 0 0 1 0 0]
91	0.1274999976158142	1.3590106964111328	0.15440160036087036	8.139564306475222e-05	0.9934464693069458	0.21108129620552063	False	[0 0 0 0 0 0]	[0 0 0 0 0 0]	[0 0 0 0 0 0]	[0 0 0 0 0 0]
91	0.16249999403953552	0.09938418865203857	0.006444358266890049	1.3011773262405768e-05	0.07293340563774109	0.019993413239717484	False	[0 0 0 0 1 0]	[1 0 0 0 0 0]	[0 1 0 0 0 0]	[0 0 0 1 0 0]
91	0.12250000238418579	1.3948003053665161	0.14970272779464722	7.681394345127046e-05	1.025689959526062	0.2193308025598526	False	[0 0 0 0 0 0]	[0 0 0 0 0 0]	[0 0 0 0 0 0]	[0 0 0 0 0 0]
91	0.14249999821186066	0.13510730862617493	0.00670763710513711	2.2633179469266906e-05	0.09298952668905258	0.03538750857114792	False	[0 0 0 0 1 0]	[1 0 0 0 0 0]	[0 1 0 0 0 0]	[0 0 0 1 0 0]
91	0.12250000238418579	1.4315730333328247	0.17083385586738586	7.411839033011347e-05	1.029824137687683	0.23084089159965515	False	[0 0 0 0 0 0]	[0 0 0 0 0 0]	[0 0 0 0 0 0]	[0 0 0 0 0 0]
91	0.17499999701976776	0.1313493400812149	0.007097792811691761	2.1575091523118317e-05	0.09043721109628677	0.03379276767373085	False	[0 0 0 0 1 0]	[1 0 0 0 0 0]	[0 1 0 0 0 0]	[0 0 0 1 0 0]
91	0.11999999731779099	1.4227688312530518	0.1745646744966507	7.311902299989015e-05	1.018410563468933	0.22972041368484497	False	[0 0 0 0 0 0]	[0 0 0 0 0 0]	[0 0 0 0 0 0]	[0 0 0 0 0 0]
91	0.18250000476837158	0.12169510126113892	0.006671606097370386	1.9152183085680008e-05	0.08656113594770432	0.02844320982694626	False	[0 0 0 0 1 0]	[1 0 0 0 0 0]	[0 1 0 0 0 0]	[0 0 0 1 0 0]
91	0.125	1.4282219409942627	0.17644110321998596	5.9853937273146585e-05	1.0307568311691284	0.22096413373947144	False	[0 0 0 0 0 0]	[0 0 0 0 0 0]	[0 0 0 0 0 0]	[0 0 0 0 0 0]
91	0.17000000178813934	0.1363435983657837	0.007105642464011908	2.1910100258537568e-05	0.09336887300014496	0.035847172141075134	False	[0 0 0 0 1 0]	[1 0 0 0 0 0]	[0 1 0 0 0 0]	[0 0 0 1 0 0]
91	0.125	1.4447060823440552	0.17246881127357483	6.780221883673221e-05	1.0275667905807495	0.24460271000862122	False	[0 0 0 0 0 0]	[0 0 0 0 0 0]	[0 0 0 0 0 0]	[0 0 0 0 0 0]
91	0.16500000655651093	0.12173646688461304	0.00704131880775094	1.532663736725226e-05	0.087444968521595	0.02723485417664051	False	[0 0 0 0 1 0]	[1 0 0 0 0 0]	[0 1 0 0 0 0]	[0 0 0 1 0 0]
91	0.12250000238418579	1.4729442596435547	0.18656180799007416	7.716500840615481e-05	1.0363266468048096	0.24997861683368683	False	[0 0 0 0 0 0]	[0 0 0 0 0 0]	[0 0 0 0 0 0]	[0 0 0 0 0 0]
91	0.14249999821186066	0.12502886354923248	0.007207202259451151	1.855182199506089e-05	0.08763991296291351	0.030163193121552467	False	[0 0 0 0 1 0]	[1 0 0 0 0 0]	[0 1 0 0 0 0]	[0 0 0 1 0 0]
91	0.125	1.3924927711486816	0.1592339724302292	7.875704613979906e-05	1.0156140327453613	0.21756598353385925	False	[0 0 0 0 0 0]	[0 0 0 0 0 0]	[0 0 0 0 0 0]	[0 0 0 0 0 0]
91	0.1599999964237213	0.14032965898513794	0.006942036561667919	2.303226756339427e-05	0.09550122916698456	0.0378633551299572	False	[0 0 0 0 1 0]	[1 0 0 0 0 0]	[0 1 0 0 0 0]	[0 0 0 1 0 0]
91	0.12250000238418579	1.5310254096984863	0.1967243105173111	8.02758295321837e-05	1.0661317110061646	0.26808908581733704	False	[0 0 0 0 0 0]	[0 0 0 0 0 0]	[0 0 0 0 0 0]	[0 0 0 0 0 0]
91	0.1599999964237213	0.11308256536722183	0.007069863379001617	1.4106781236478128e-05	0.08133092522621155	0.02466767095029354	False	[0 0 0 0 1 0]	[1 0 0 0 0 0]	[0 1 0 0 0 0]	[0 0 0 1 0 0]
91	0.12250000238418579	1.5431472063064575	0.20579788088798523	6.23120431555435e-05	1.075179100036621	0.2621079683303833	False	[0 0 0 0 0 0]	[0 0 0 0 0 0]	[0 0 0 0 0 0]	[0 0 0 0 0 0]
91	0.14499999582767487	0.11937873065471649	0.007216608617454767	1.5753286788822152e-05	0.08394172787666321	0.02820464037358761	False	[0 0 0 0 1 0]	[1 0 0 0 0 0]	[0 1 0 0 0 0]	[0 0 0 1 0 0]
91	0.11749999970197678	1.4374221563339233	0.16052992641925812	8.512649219483137e-05	1.0274137258529663	0.24939334392547607	False	[0 0 0 0 0 0]	[0 0 0 0 0 0]	[0 0 0 0 0 0]	[0 0 0 0 0 0]
91	0.18000000715255737	0.12886440753936768	0.007145608309656382	1.9729211999219842e-05	0.09056851267814636	0.031130559742450714	False	[0 0 0 0 1 0]	[1 0 0 0 0 0]	[0 1 0 0 0 0]	[0 0 0 1 0 0]
91	0.12250000238418579	1.4475730657577515	0.179118350148201	6.314772326732054e-05	1.0307615995407104	0.2376299947500229	False	[0 0 0 0 0 0]	[0 0 0 0 0 0]	[0 0 0 0 0 0]	[0 0 0 0 0 0]
91	0.14499999582767487	0.14164309203624725	0.007288109045475721	2.3693524781265296e-05	0.09560240060091019	0.03872889280319214	False	[0 0 0 0 1 0]	[1 0 0 0 0 0]	[0 1 0 0 0 0]	[0 0 0 1 0 0]
91	0.12999999523162842	1.4369159936904907	0.1749812811613083	6.905995542183518e-05	1.0308880805969238	0.23097757995128632	False	[0 0 0 0 0 0]	[0 0 0 0 0 0]	[0 0 0 0 0 0]	[0 0 0 0 0 0]
91	0.1550000011920929	0.13312643766403198	0.007135450839996338	2.0734494682983495e-05	0.0931055098772049	0.03286474943161011	False	[0 0 0 0 1 0]	[1 0 0 0 0 0]	[0 1 0 0 0 0]	[0 0 0 1 0 0]
91	0.12250000238418579	1.4049875736236572	0.16271477937698364	7.176348299253732e-05	1.0278215408325195	0.21437959372997284	False	[0 0 0 0 0 0]	[0 0 0 0 0 0]	[0 0 0 0 0 0]	[0 0 0 0 0 0]
91	0.1599999964237213	0.12372685968875885	0.00710207549855113	1.909680759126786e-05	0.08680155873298645	0.029804127290844917	False	[0 0 0 0 1 0]	[1 0 0 0 0 0]	[0 1 0 0 0 0]	[0 0 0 1 0 0]
91	0.12250000238418579	1.452040195465088	0.16401594877243042	6.83760445099324e-05	1.0480163097381592	0.2399396002292633	False	[0 0 0 0 0 0]	[0 0 0 0 0 0]	[0 0 0 0 0 0]	[0 0 0 0 0 0]
92	0.17499999701976776	0.12218985706567764	0.006030356511473656	2.035382749454584e-05	0.08777277171611786	0.028366371989250183	False	[0 0 0 0 1 0]	[1 0 0 0 0 0]	[0 1 0 0 0 0]	[0 0 0 1 0 0]
92	0.1274999976158142	1.8041691780090332	0.27585723996162415	0.0001117970678023994	1.1732057332992554	0.35499441623687744	False	[0 0 0 0 0 0]	[0 0 0 0 0 0]	[0 0 0 0 0 0]	[0 0 0 0 0 0]
92	0.16249999403953552	0.13741466403007507	0.006732146255671978	2.2042708224034868e-05	0.09599363803863525	0.03466682881116867	False	[0 0 0 0 1 0]	[1 0 0 0 0 0]	[0 1 0 0 0 0]	[0 0 0 1 0 0]
92	0.125	1.8451130390167236	0.28653228282928467	0.00012848194455727935	1.175388216972351	0.3830639719963074	False	[0 0 0 0 0 0]	[0 0 0 0 0 0]	[0 0 0 0 0 0]	[0 0 0 0 0 0]
92	0.17000000178813934	0.13236768543720245	0.006812648382037878	1.97022072825348e-05	0.0939142256975174	0.03162110969424248	False	[0 0 0 0 1 0]	[1 0 0 0 0 0]	[0 1 0 0 0 0]	[0 0 0 1 0 0]
92	0.125	1.773193359375	0.25560975074768066	0.00010871740232687443	1.1694940328598022	0.347980797290802	False	[0 0 0 0 0 0]	[0 0 0 0 0 0]	[0 0 0 0 0 0]	[0 0 0 0 0 0]
92	0.13249999284744263	0.12678387761116028	0.0058936914429068565	1.9450018953648396e-05	0.09132656455039978	0.029544172808527946	False	[0 0 0 0 1 0]	[1 0 0 0 0 0]	[0 1 0 0 0 0]	[0 0 0 1 0 0]
92	0.13500000536441803	1.7724556922912598	0.2698465883731842	0.00010019540059147403	1.165286898612976	0.3372219204902649	False	[0 0 0 0 0 0]	[0 0 0 0 0 0]	[0 0 0 0 0 0]	[0 0 0 0 0 0]
92	0.17000000178813934	0.1598246842622757	0.006699093617498875	2.6616520699462853e-05	0.10775499045848846	0.04534398391842842	False	[0 0 0 0 1 0]	[1 0 0 0 0 0]	[0 1 0 0 0 0]	[0 0 0 1 0 0]
92	0.12250000238418579	1.811793565750122	0.2553248107433319	0.00010999562800861895	1.1722567081451416	0.3841020464897156	False	[0 0 0 0 0 0]	[0 0 0 0 0 0]	[0 0 0 0 0 0]	[0 0 0 0 0 0]
92	0.15000000596046448	0.12016767263412476	0.006449598353356123	1.828360473155044e-05	0.0858258381485939	0.02787395380437374	False	[0 0 0 0 1 0]	[1 0 0 0 0 0]	[0 1 0 0 0 0]	[0 0 0 1 0 0]
92	0.125	1.7425897121429443	0.24112513661384583	0.00012402236461639404	1.1541544198989868	0.34718602895736694	False	[0 0 0 0 0 0]	[0 0 0 0 0 0]	[0 0 0 0 0 0]	[0 0 0 0 0 0]
92	0.1599999964237213	0.12050218880176544	0.0060393186286091805	1.7484599084127694e-05	0.08853484690189362	0.02591053768992424	False	[0 0 0 0 1 0]	[1 0 0 0 0 0]	[0 1 0 0 0 0]	[0 0 0 1 0 0]
92	0.125	1.7278943061828613	0.24302031099796295	0.00012027425691485405	1.1470437049865723	0.3377099931240082	False	[0 0 0 0 0 0]	[0 0 0 0 0 0]	[0 0 0 0 0 0]	[0 0 0 0 0 0]
92	0.15000000596046448	0.1467284858226776	0.006329155061393976	2.4728517018957064e-05	0.10166440904140472	0.03871019929647446	False	[0 0 0 0 1 0]	[1 0 0 0 0 0]	[0 1 0 0 0 0]	[0 0 0 1 0 0]
92	0.125	1.8610376119613647	0.2861623466014862	0.00010596958600217476	1.1855448484420776	0.38922441005706787	False	[0 0 0 0 0 0]	[0 0 0 0 0 0]	[0 0 0 0 0 0]	[0 0 0 0 0 0]
92	0.14499999582767487	0.13602998852729797	0.006637155544012785	2.1413350623333827e-05	0.09469880908727646	0.03467261791229248	False	[0 0 0 0 1 0]	[1 0 0 0 0 0]	[0 1 0 0 0 0]	[0 0 0 1 0 0]
92	0.125	1.7874226570129395	0.26504361629486084	0.00011103088763775304	1.1724225282669067	0.34984534978866577	False	[0 0 0 0 0 0]	[0 0 0 0 0 0]	[0 0 0 0 0 0]	[0 0 0 0 0 0]
92	0.16500000655651093	0.14174994826316833	0.00639490969479084	2.3503343982156366e-05	0.09681309759616852	0.03851843625307083	False	[0 0 0 0 1 0]	[1 0 0 0 0 0]	[0 1 0 0 0 0]	[0 0 0 1 0 0]
92	0.11999999731779099	1.8005534410476685	0.2648540735244751	0.00013182686234358698	1.1620177030563354	0.37354981899261475	False	[0 0 0 0 0 0]	[0 0 0 0 0 0]	[0 0 0 0 0 0]	[0 0 0 0 0 0]
92	0.1574999988079071	0.11457477509975433	0.006324561778455973	1.5621864804415964e-05	0.0821453183889389	0.026089269667863846	False	[0 0 0 0 1 0]	[1 0 0 0 0 0]	[0 1 0 0 0 0]	[0 0 0 1 0 0]
92	0.11999999731779099	1.751247525215149	0.2583005726337433	0.0001090225632651709	1.158748745918274	0.33408913016319275	False	[0 0 0 0 0 0]	[0 0 0 0 0 0]	[0 0 0 0 0 0]	[0 0 0 0 0 0]
92	0.1525000035762787	0.13459664583206177	0.006291336379945278	2.1919686332694255e-05	0.09296219050884247	0.0353211909532547	False	[0 0 0 0 1 0]	[1 0 0 0 0 0]	[0 1 0 0 0 0]	[0 0 0 1 0 0]
92	0.11999999731779099	1.8249883651733398	0.2886601984500885	9.731105819810182e-05	1.1847760677337646	0.3514547348022461	False	[0 0 0 0 0 0]	[0 0 0 0 0 0]	[0 0 0 0 0 0]	[0 0 0 0 0 0]
92	0.1550000011920929	0.13369004428386688	0.006566041614860296	2.0456011043279432e-05	0.09502948075532913	0.03207406401634216	False	[0 0 0 0 1 0]	[1 0 0 0 0 0]	[0 1 0 0 0 0]	[0 0 0 1 0 0]
92	0.1274999976158142	1.7571742534637451	0.25754448771476746	0.00010961740917991847	1.159550428390503	0.33996981382369995	False	[0 0 0 0 0 0]	[0 0 0 0 0 0]	[0 0 0 0 0 0]	[0 0 0 0 0 0]
92	0.16500000655651093	0.1393020749092102	0.0065000406466424465	2.2130852812551893e-05	0.09742984920740128	0.03535005450248718	False	[0 0 0 0 1 0]	[1 0 0 0 0 0]	[0 1 0 0 0 0]	[0 0 0 1 0 0]
92	0.11500000208616257	1.7170708179473877	0.24519577622413635	0.0001136317296186462	1.1428778171539307	0.32888370752334595	False	[0 0 0 0 0 0]	[0 0 0 0 0 0]	[0 0 0 0 0 0]	[0 0 0 0 0 0]
92	0.17000000178813934	0.14565147459506989	0.0063255345448851585	2.3532942577730864e-05	0.10224886238574982	0.03705354407429695	False	[0 0 0 0 1 0]	[1 0 0 0 0 0]	[0 1 0 0 0 0]	[0 0 0 1 0 0]
92	0.12250000238418579	1.7667343616485596	0.25079119205474854	0.00012615416198968887	1.1528446674346924	0.3629724085330963	False	[0 0 0 0 0 0]	[0 0 0 0 0 0]	[0 0 0 0 0 0]	[0 0 0 0 0 0]
93	0.16249999403953552	0.12427029013633728	0.006766078993678093	2.8702375857392326e-05	0.07925055176019669	0.038224957883358	False	[0 0 0 0 1 0]	[1 0 0 0 0 0]	[0 1 0 0 0 0]	[0 0 0 1 0 0]
93	0.125	1.7565736770629883	0.3209249675273895	0.00010756593837868422	1.1162781715393066	0.31926292181015015	False	[0 0 0 0 0 0]	[0 0 0 0 0 0]	[0 0 0 0 0 0]	[0 0 0 0 0 0]
93	0.1599999964237213	0.10232813656330109	0.006419985555112362	2.1248033590381965e-05	0.06899881362915039	0.026888085529208183	False	[0 0 0 0 1 0]	[1 0 0 0 0 0]	[0 1 0 0 0 0]	[0 0 0 1 0 0]
93	0.11500000208616257	1.7704975605010986	0.3241756558418274	0.0001334348926320672	1.091958999633789	0.3542293906211853	False	[0 0 0 0 0 0]	[0 0 0 0 0 0]	[0 0 0 0 0 0]	[0 0 0 0 0 0]
93	0.1599999964237213	0.10783489048480988	0.006695770658552647	2.3270524252438918e-05	0.07087073475122452	0.030245119705796242	False	[0 0 0 0 1 0]	[1 0 0 0 0 0]	[0 1 0 0 0 0]	[0 0 0 1 0 0]
93	0.12250000238418579	1.7813087701797485	0.30096203088760376	0.00011110257037216797	1.1225707530975342	0.35766494274139404	False	[0 0 0 0 0 0]	[0 0 0 0 0 0]	[0 0 0 0 0 0]	[0 0 0 0 0 0]
93	0.14499999582767487	0.11375070363283157	0.006644532550126314	2.490898077667225e-05	0.07446488738059998	0.032616376876831055	False	[0 0 0 0 1 0]	[1 0 0 0 0 0]	[0 1 0 0 0 0]	[0 0 0 1 0 0]
93	0.12999999523162842	1.7392656803131104	0.29322296380996704	0.00011372746666893363	1.1053693294525146	0.340559720993042	False	[0 0 0 0 0 0]	[0 0 0 0 0 0]	[0 0 0 0 0 0]	[0 0 0 0 0 0]
93	0.18000000715255737	0.1072259247303009	0.006509419996291399	2.2663574782200158e-05	0.07161186635494232	0.029081974178552628	False	[0 0 0 0 1 0]	[1 0 0 0 0 0]	[0 1 0 0 0 0]	[0 0 0 1 0 0]
93	0.12999999523162842	1.831986427307129	0.3453524112701416	0.00011056463699787855	1.135520577430725	0.35100293159484863	False	[0 0 0 0 0 0]	[0 0 0 0 0 0]	[0 0 0 0 0 0]	[0 0 0 0 0 0]
93	0.17000000178813934	0.11706919968128204	0.006816726177930832	2.376352858846076e-05	0.07829222083091736	0.031936485320329666	False	[0 0 0 0 1 0]	[1 0 0 0 0 0]	[0 1 0 0 0 0]	[0 0 0 1 0 0]
93	0.12250000238418579	1.7772846221923828	0.3100561499595642	0.00010601995018078014	1.109930396080017	0.35719209909439087	False	[0 0 0 0 0 0]	[0 0 0 0 0 0]	[0 0 0 0 0 0]	[0 0 0 0 0 0]
93	0.18000000715255737	0.0915500819683075	0.006030878983438015	1.6162701285793446e-05	0.06428562104701996	0.02121741883456707	False	[0 0 0 0 1 0]	[1 0 0 0 0 0]	[0 1 0 0 0 0]	[0 0 0 1 0 0]
93	0.12250000238418579	1.7777559757232666	0.319504976272583	9.65143772191368e-05	1.1169019937515259	0.3412526249885559	False	[0 0 0 0 0 0]	[0 0 0 0 0 0]	[0 0 0 0 0 0]	[0 0 0 0 0 0]
93	0.15000000596046448	0.09750203043222427	0.006752997171133757	1.8474001990398392e-05	0.06716363877058029	0.023566922172904015	False	[0 0 0 0 1 0]	[1 0 0 0 0 0]	[0 1 0 0 0 0]	[0 0 0 1 0 0]
93	0.125	1.758662462234497	0.3273833990097046	0.00010282042785547674	1.106201410293579	0.32497480511665344	False	[0 0 0 0 0 0]	[0 0 0 0 0 0]	[0 0 0 0 0 0]	[0 0 0 0 0 0]
93	0.19249999523162842	0.10255798697471619	0.006430267356336117	2.1323336113709956e-05	0.06952731311321259	0.026579082012176514	False	[0 0 0 0 1 0]	[1 0 0 0 0 0]	[0 1 0 0 0 0]	[0 0 0 1 0 0]
93	0.12250000238418579	1.711618185043335	0.3068918287754059	9.831607167143375e-05	1.0937492847442627	0.31087881326675415	False	[0 0 0 0 0 0]	[0 0 0 0 0 0]	[0 0 0 0 0 0]	[0 0 0 0 0 0]
93	0.1599999964237213	0.09359636157751083	0.00584034388884902	1.984191476367414e-05	0.06463123112916946	0.023104945197701454	False	[0 0 0 0 1 0]	[1 0 0 0 0 0]	[0 1 0 0 0 0]	[0 0 0 1 0 0]
93	0.125	1.81954026222229	0.32407012581825256	9.376610978506505e-05	1.1527420282363892	0.34263426065444946	False	[0 0 0 0 0 0]	[0 0 0 0 0 0]	[0 0 0 0 0 0]	[0 0 0 0 0 0]
93	0.17000000178813934	0.1019495278596878	0.006852645892649889	2.0429441065061837e-05	0.06807384639978409	0.0270026046782732	False	[0 0 0 0 1 0]	[1 0 0 0 0 0]	[0 1 0 0 0 0]	[0 0 0 1 0 0]
93	0.12250000238418579	1.765484094619751	0.31506556272506714	0.00010192771151196212	1.104313850402832	0.3460027575492859	False	[0 0 0 0 0 0]	[0 0 0 0 0 0]	[0 0 0 0 0 0]	[0 0 0 0 0 0]
93	0.16500000655651093	0.10013996064662933	0.006648596841841936	1.9561177396099083e-05	0.06887040287256241	0.024601399898529053	False	[0 0 0 0 1 0]	[1 0 0 0 0 0]	[0 1 0 0 0 0]	[0 0 0 1 0 0]
93	0.125	1.715693712234497	0.29652076959609985	0.0001092174497898668	1.101299524307251	0.3177642226219177	False	[0 0 0 0 0 0]	[0 0 0 0 0 0]	[0 0 0 0 0 0]	[0 0 0 0 0 0]
93	0.15000000596046448	0.09074771404266357	0.006405117455869913	1.4888644727761857e-05	0.06367328017950058	0.020654428750276566	False	[0 0 0 0 1 0]	[1 0 0 0 0 0]	[0 1 0 0 0 0]	[0 0 0 1 0 0]
93	0.125	1.7557518482208252	0.3104362189769745	0.00012847295147366822	1.0997542142868042	0.3454330563545227	False	[0 0 0 0 0 0]	[0 0 0 0 0 0]	[0 0 0 0 0 0]	[0 0 0 0 0 0]
93	0.17499999701976776	0.09815464168787003	0.00654594274237752	1.9329563656356186e-05	0.0666787251830101	0.024910643696784973	False	[0 0 0 0 1 0]	[1 0 0 0 0 0]	[0 1 0 0 0 0]	[0 0 0 1 0 0]
93	0.12250000238418579	1.8097050189971924	0.32422611117362976	0.00012030410289298743	1.1214919090270996	0.36386674642562866	False	[0 0 0 0 0 0]	[0 0 0 0 0 0]	[0 0 0 0 0 0]	[0 0 0 0 0 0]
93	0.14249999821186066	0.0973159596323967	0.006737381219863892	1.9585564587032422e-05	0.06546502560377121	0.025093965232372284	False	[0 0 0 0 1 0]	[1 0 0 0 0 0]	[0 1 0 0 0 0]	[0 0 0 1 0 0]
93	0.12250000238418579	1.8177694082260132	0.3488723039627075	0.0001218068427988328	1.1236028671264648	0.34517237544059753	False	[0 0 0 0 0 0]	[0 0 0 0 0 0]	[0 0 0 0 0 0]	[0 0 0 0 0 0]
94	0.17249999940395355	0.08147157728672028	0.005687427241355181	2.316018617420923e-05	0.055274996906518936	0.020485995337367058	False	[0 0 0 0 1 0]	[1 0 0 0 0 0]	[0 1 0 0 0 0]	[0 0 0 1 0 0]
94	0.12250000238418579	2.0433175563812256	0.4367227256298065	0.00013489925186149776	1.1917074918746948	0.41475242376327515	False	[0 0 0 0 0 0]	[0 0 0 0 0 0]	[0 0 0 0 0 0]	[0 0 0 0 0 0]
94	0.14249999821186066	0.09346989542245865	0.006000821013003588	2.7067209884990007e-05	0.06099068745970726	0.026451319456100464	False	[0 0 0 0 1 0]	[1 0 0 0 0 0]	[0 1 0 0 0 0]	[0 0 0 1 0 0]
94	0.12250000238418579	1.9327492713928223	0.3901385962963104	0.0001361453323625028	1.171775460243225	0.3706989884376526	False	[0 0 0 0 0 0]	[0 0 0 0 0 0]	[0 0 0 0 0 0]	[0 0 0 0 0 0]
94	0.1550000011920929	0.07449361681938171	0.005750622134655714	1.930170037667267e-05	0.05212998017668724	0.016593709588050842	False	[0 0 0 0 1 0]	[1 0 0 0 0 0]	[0 1 0 0 0 0]	[0 0 0 1 0 0]
94	0.11999999731779099	1.9456604719161987	0.409731924533844	0.00015181791968643665	1.1850124597549438	0.35076427459716797	False	[0 0 0 0 0 0]	[0 0 0 0 0 0]	[0 0 0 0 0 0]	[0 0 0 0 0 0]
94	0.1599999964237213	0.08221334218978882	0.006153019145131111	2.1188538084970787e-05	0.05609290301799774	0.019946234300732613	False	[0 0 0 0 1 0]	[1 0 0 0 0 0]	[0 1 0 0 0 0]	[0 0 0 1 0 0]
94	0.11999999731779099	1.991957426071167	0.4407270550727844	0.0001607498270459473	1.1853575706481934	0.3657119870185852	False	[0 0 0 0 0 0]	[0 0 0 0 0 0]	[0 0 0 0 0 0]	[0 0 0 0 0 0]
94	0.13500000536441803	0.08398313820362091	0.005831336602568626	2.259922621306032e-05	0.05710739642381668	0.021021805703639984	False	[0 0 0 0 1 0]	[1 0 0 0 0 0]	[0 1 0 0 0 0]	[0 0 0 1 0 0]
94	0.11999999731779099	1.9752533435821533	0.42119839787483215	0.00015092641115188599	1.180884838104248	0.37301915884017944	False	[0 0 0 0 0 0]	[0 0 0 0 0 0]	[0 0 0 0 0 0]	[0 0 0 0 0 0]
94	0.14000000059604645	0.08195964246988297	0.0055965883657336235	2.2480009647551924e-05	0.05631592124700546	0.020024651661515236	False	[0 0 0 0 1 0]	[1 0 0 0 0 0]	[0 1 0 0 0 0]	[0 0 0 1 0 0]
94	0.11999999731779099	1.9545568227767944	0.4124182462692261	0.00014464432024396956	1.1716099977493286	0.37038397789001465	False	[0 0 0 0 0 0]	[0 0 0 0 0 0]	[0 0 0 0 0 0]	[0 0 0 0 0 0]
94	0.14749999344348907	0.07925830036401749	0.005772207397967577	2.1423855287139304e-05	0.05440421774983406	0.01906045340001583	False	[0 0 0 0 1 0]	[1 0 0 0 0 0]	[0 1 0 0 0 0]	[0 0 0 1 0 0]
94	0.12250000238418579	1.9490716457366943	0.41239994764328003	0.00014596583787351847	1.162663221359253	0.37386253476142883	False	[0 0 0 0 0 0]	[0 0 0 0 0 0]	[0 0 0 0 0 0]	[0 0 0 0 0 0]
94	0.1599999964237213	0.09041304141283035	0.006116943433880806	2.509545265638735e-05	0.06081840768456459	0.023452594876289368	False	[0 0 0 0 1 0]	[1 0 0 0 0 0]	[0 1 0 0 0 0]	[0 0 0 1 0 0]
94	0.12250000238418579	1.9335119724273682	0.3956868052482605	0.00014852816821075976	1.169000506401062	0.3686761260032654	False	[0 0 0 0 0 0]	[0 0 0 0 0 0]	[0 0 0 0 0 0]	[0 0 0 0 0 0]
94	0.15000000596046448	0.07899649441242218	0.005710274912416935	2.0489254893618636e-05	0.05465110018849373	0.0186146292835474	False	[0 0 0 0 1 0]	[1 0 0 0 0 0]	[0 1 0 0 0 0]	[0 0 0 1 0 0]
94	0.125	1.9838979244232178	0.43410757184028625	0.00014767976244911551	1.1707556247711182	0.3788870871067047	False	[0 0 0 0 0 0]	[0 0 0 0 0 0]	[0 0 0 0 0 0]	[0 0 0 0 0 0]
94	0.16500000655651093	0.08270080387592316	0.00567969586700201	2.236954605905339e-05	0.05639525130391121	0.020603487268090248	False	[0 0 0 0 1 0]	[1 0 0 0 0 0]	[0 1 0 0 0 0]	[0 0 0 1 0 0]
94	0.1274999976158142	1.8999656438827515	0.40123406052589417	0.00013187048898544163	1.1715720891952515	0.32702764868736267	False	[0 0 0 0 0 0]	[0 0 0 0 0 0]	[0 0 0 0 0 0]	[0 0 0 0 0 0]
94	0.14000000059604645	0.08280090987682343	0.005685073789209127	2.244407733087428e-05	0.057020895183086395	0.02007250115275383	False	[0 0 0 0 1 0]	[1 0 0 0 0 0]	[0 1 0 0 0 0]	[0 0 0 1 0 0]
94	0.12250000238418579	2.010823965072632	0.4486924111843109	0.0001316027919529006	1.1945840120315552	0.3674158751964569	False	[0 0 0 0 0 0]	[0 0 0 0 0 0]	[0 0 0 0 0 0]	[0 0 0 0 0 0]
94	0.17000000178813934	0.08506300300359726	0.005788037553429604	2.3137847165344283e-05	0.05771743133664131	0.021534398198127747	False	[0 0 0 0 1 0]	[1 0 0 0 0 0]	[0 1 0 0 0 0]	[0 0 0 1 0 0]
94	0.12250000238418579	1.9998546838760376	0.43281906843185425	0.0001516415795776993	1.1766307353973389	0.3902532160282135	False	[0 0 0 0 0 0]	[0 0 0 0 0 0]	[0 0 0 0 0 0]	[0 0 0 0 0 0]
94	0.16750000417232513	0.07651812583208084	0.0055551412515342236	1.9273202269687317e-05	0.054188791662454605	0.016754919663071632	False	[0 0 0 0 1 0]	[1 0 0 0 0 0]	[0 1 0 0 0 0]	[0 0 0 1 0 0]
94	0.11999999731779099	2.0147159099578857	0.4508693516254425	0.00012568484817165881	1.1884291172027588	0.3752918243408203	False	[0 0 0 0 0 0]	[0 0 0 0 0 0]	[0 0 0 0 0 0]	[0 0 0 0 0 0]
94	0.14000000059604645	0.07617601007223129	0.005891189444810152	1.8404001821181737e-05	0.053034018725156784	0.01723240129649639	False	[0 0 0 0 1 0]	[1 0 0 0 0 0]	[0 1 0 0 0 0]	[0 0 0 1 0 0]
94	0.12999999523162842	1.8960723876953125	0.3696799576282501	0.0001375313731841743	1.1642941236495972	0.3619607090950012	False	[0 0 0 0 0 0]	[0 0 0 0 0 0]	[0 0 0 0 0 0]	[0 0 0 0 0 0]
94	0.1599999964237213	0.08036118745803833	0.005579416174441576	2.0834311726503074e-05	0.0561322420835495	0.018628695979714394	False	[0 0 0 0 1 0]	[1 0 0 0 0 0]	[0 1 0 0 0 0]	[0 0 0 1 0 0]
94	0.125	1.99418306350708	0.42176392674446106	0.00014164585445541888	1.1889052391052246	0.38337233662605286	False	[0 0 0 0 0 0]	[0 0 0 0 0 0]	[0 0 0 0 0 0]	[0 0 0 0 0 0]
95	0.14000000059604645	0.07320840656757355	0.0058045596815645695	1.996718128793873e-05	0.05073701962828636	0.016646862030029297	False	[0 0 0 0 1 0]	[1 0 0 0 0 0]	[0 1 0 0 0 0]	[0 0 0 1 0 0]
95	0.125	1.9992175102233887	0.45040538907051086	0.0001636022498132661	1.1637619733810425	0.38488656282424927	False	[0 0 0 0 0 0]	[0 0 0 0 0 0]	[0 0 0 0 0 0]	[0 0 0 0 0 0]
95	0.17000000178813934	0.07678598165512085	0.0061424910090863705	1.957509266503621e-05	0.05295595899224281	0.01766796037554741	False	[0 0 0 0 1 0]	[1 0 0 0 0 0]	[0 1 0 0 0 0]	[0 0 0 1 0 0]
95	0.12250000238418579	1.9497175216674805	0.40453240275382996	0.00015202912618406117	1.1647632122039795	0.3802698254585266	False	[0 0 0 0 0 0]	[0 0 0 0 0 0]	[0 0 0 0 0 0]	[0 0 0 0 0 0]
95	0.13750000298023224	0.08434224128723145	0.006519309710711241	2.4456852770526893e-05	0.05457146465778351	0.023227011784911156	False	[0 0 0 0 1 0]	[1 0 0 0 0 0]	[0 1 0 0 0 0]	[0 0 0 1 0 0]
95	0.12250000238418579	2.0431270599365234	0.4269449710845947	0.00014834816101938486	1.1985259056091309	0.41750794649124146	False	[0 0 0 0 0 0]	[0 0 0 0 0 0]	[0 0 0 0 0 0]	[0 0 0 0 0 0]
95	0.16500000655651093	0.08368176966905594	0.006314219441264868	2.2889724277774803e-05	0.055641718208789825	0.02170294150710106	False	[0 0 0 0 1 0]	[1 0 0 0 0 0]	[0 1 0 0 0 0]	[0 0 0 1 0 0]
95	0.11999999731779099	1.9706207513809204	0.42021945118904114	0.0001532985334051773	1.1747136116027832	0.37553438544273376	False	[0 0 0 0 0 0]	[0 0 0 0 0 0]	[0 0 0 0 0 0]	[0 0 0 0 0 0]
95	0.13249999284744263	0.08950673043727875	0.006526706740260124	2.5174864276777953e-05	0.057939305901527405	0.025015542283654213	False	[0 0 0 0 1 0]	[1 0 0 0 0 0]	[0 1 0 0 0 0]	[0 0 0 1 0 0]
95	0.12999999523162842	1.9842264652252197	0.4166460931301117	0.00016101593791972846	1.1692932844161987	0.3981260657310486	False	[0 0 0 0 0 0]	[0 0 0 0 0 0]	[0 0 0 0 0 0]	[0 0 0 0 0 0]
95	0.1550000011920929	0.07143402099609375	0.005903329700231552	1.9208917365176603e-05	0.048815201967954636	0.016696278005838394	False	[0 0 0 0 1 0]	[1 0 0 0 0 0]	[0 1 0 0 0 0]	[0 0 0 1 0 0]
95	0.125	2.0392425060272217	0.44003814458847046	0.00015274582256097347	1.1763439178466797	0.4227076768875122	False	[0 0 0 0 0 0]	[0 0 0 0 0 0]	[0 0 0 0 0 0]	[0 0 0 0 0 0]
95	0.17499999701976776	0.0919458270072937	0.006487672217190266	2.6620265998644754e-05	0.05886077508330345	0.02657075971364975	False	[0 0 0 0 1 0]	[1 0 0 0 0 0]	[0 1 0 0 0 0]	[0 0 0 1 0 0]
95	0.11749999970197678	1.9988923072814941	0.45390623807907104	0.0001487495901528746	1.1668875217437744	0.37794989347457886	False	[0 0 0 0 0 0]	[0 0 0 0 0 0]	[0 0 0 0 0 0]	[0 0 0 0 0 0]
95	0.17000000178813934	0.07394007593393326	0.006089141592383385	1.9438148228800856e-05	0.050877295434474945	0.016954202204942703	False	[0 0 0 0 1 0]	[1 0 0 0 0 0]	[0 1 0 0 0 0]	[0 0 0 1 0 0]
95	0.125	2.054698944091797	0.4671235680580139	0.00015492155216634274	1.1788996458053589	0.40852081775665283	False	[0 0 0 0 0 0]	[0 0 0 0 0 0]	[0 0 0 0 0 0]	[0 0 0 0 0 0]
95	0.18000000715255737	0.09728729724884033	0.0065945847891271114	2.7206733648199588e-05	0.06210210546851158	0.028563402593135834	False	[0 0 0 0 1 0]	[1 0 0 0 0 0]	[0 1 0 0 0 0]	[0 0 0 1 0 0]
95	0.125	2.0433638095855713	0.4530330300331116	0.00015641645586583763	1.1838810443878174	0.4062933027744293	False	[0 0 0 0 0 0]	[0 0 0 0 0 0]	[0 0 0 0 0 0]	[0 0 0 0 0 0]
95	0.18000000715255737	0.08185745030641556	0.006292335223406553	2.262070483993739e-05	0.05416183918714523	0.021380655467510223	False	[0 0 0 0 1 0]	[1 0 0 0 0 0]	[0 1 0 0 0 0]	[0 0 0 1 0 0]
95	0.11749999970197678	1.9765254259109497	0.444058895111084	0.000141580356284976	1.153855323791504	0.3784696161746979	False	[0 0 0 0 0 0]	[0 0 0 0 0 0]	[0 0 0 0 0 0]	[0 0 0 0 0 0]
95	0.1599999964237213	0.08124946802854538	0.0062431409023702145	2.3085598513716832e-05	0.053900692611932755	0.021082552149891853	False	[0 0 0 0 1 0]	[1 0 0 0 0 0]	[0 1 0 0 0 0]	[0 0 0 1 0 0]
95	0.125	2.0114660263061523	0.4382452070713043	0.0001458244223613292	1.1885885000228882	0.38448643684387207	False	[0 0 0 0 0 0]	[0 0 0 0 0 0]	[0 0 0 0 0 0]	[0 0 0 0 0 0]
95	0.14249999821186066	0.07875746488571167	0.006812685169279575	1.9783999960054643e-05	0.05252417176961899	0.01940082386136055	False	[0 0 0 0 1 0]	[1 0 0 0 0 0]	[0 1 0 0 0 0]	[0 0 0 1 0 0]
95	0.11999999731779099	2.015231132507324	0.42835333943367004	0.00016970527940429747	1.1723144054412842	0.41439366340637207	False	[0 0 0 0 0 0]	[0 0 0 0 0 0]	[0 0 0 0 0 0]	[0 0 0 0 0 0]
95	0.15000000596046448	0.08574676513671875	0.006703350692987442	2.302534630871378e-05	0.05617096275091171	0.022849423810839653	False	[0 0 0 0 1 0]	[1 0 0 0 0 0]	[0 1 0 0 0 0]	[0 0 0 1 0 0]
95	0.125	2.0333845615386963	0.44687512516975403	0.0001456538593629375	1.1790285110473633	0.4073353409767151	False	[0 0 0 0 0 0]	[0 0 0 0 0 0]	[0 0 0 0 0 0]	[0 0 0 0 0 0]
95	0.15000000596046448	0.07849550247192383	0.006369938608258963	2.0246829080861062e-05	0.05336576700210571	0.018739555031061172	False	[0 0 0 0 1 0]	[1 0 0 0 0 0]	[0 1 0 0 0 0]	[0 0 0 1 0 0]
95	0.125	1.9413790702819824	0.4063803255558014	0.00014701244072057307	1.1564598083496094	0.37839195132255554	False	[0 0 0 0 0 0]	[0 0 0 0 0 0]	[0 0 0 0 0 0]	[0 0 0 0 0 0]
95	0.17000000178813934	0.08697665482759476	0.006356234196573496	2.4752835088293068e-05	0.05639994516968727	0.024195723235607147	False	[0 0 0 0 1 0]	[1 0 0 0 0 0]	[0 1 0 0 0 0]	[0 0 0 1 0 0]
95	0.12250000238418579	2.047696590423584	0.4632347524166107	0.00015707919374108315	1.1886587142944336	0.39564597606658936	False	[0 0 0 0 0 0]	[0 0 0 0 0 0]	[0 0 0 0 0 0]	[0 0 0 0 0 0]
96	0.1599999964237213	0.057396918535232544	0.005198989063501358	2.1199572074692696e-05	0.03775285556912422	0.014423875138163567	False	[0 0 0 0 1 0]	[1 0 0 0 0 0]	[0 1 0 0 0 0]	[0 0 0 1 0 0]
96	0.11999999731779099	1.3769416809082031	0.24990709125995636	0.00011102238931925967	0.8692820072174072	0.25764161348342896	False	[0 0 0 0 0 0]	[0 0 0 0 0 0]	[0 0 0 0 0 0]	[0 0 0 0 0 0]
96	0.1574999988079071	0.062984898686409	0.005269304383546114	2.4318229407072067e-05	0.03982764482498169	0.01786363497376442	False	[0 0 0 0 1 0]	[1 0 0 0 0 0]	[0 1 0 0 0 0]	[0 0 0 1 0 0]
96	0.125	1.4522206783294678	0.286490797996521	7.464999362127855e-05	0.9289708137512207	0.23668445646762848	False	[0 0 0 0 0 0]	[0 0 0 0 0 0]	[0 0 0 0 0 0]	[0 0 0 0 0 0]
96	0.13750000298023224	0.058202482759952545	0.005397023167461157	2.019053317781072e-05	0.03780904784798622	0.01497622299939394	False	[0 0 0 0 1 0]	[1 0 0 0 0 0]	[0 1 0 0 0 0]	[0 0 0 1 0 0]
96	0.12250000238418579	1.350008249282837	0.2540462017059326	8.043551497394219e-05	0.8681179881095886	0.22776366770267487	False	[0 0 0 0 0 0]	[0 0 0 0 0 0]	[0 0 0 0 0 0]	[0 0 0 0 0 0]
96	0.13249999284744263	0.053613681346178055	0.004748055245727301	2.0941743059665896e-05	0.036000486463308334	0.012844197452068329	False	[0 0 0 0 1 0]	[1 0 0 0 0 0]	[0 1 0 0 0 0]	[0 0 0 1 0 0]
96	0.12250000238418579	1.3335168361663818	0.23679997026920319	9.455245162826031e-05	0.8551596999168396	0.2414625883102417	False	[0 0 0 0 0 0]	[0 0 0 0 0 0]	[0 0 0 0 0 0]	[0 0 0 0 0 0]
96	0.15000000596046448	0.07324203848838806	0.005755913443863392	2.965816020150669e-05	0.04382011294364929	0.0236363522708416	False	[0 0 0 0 1 0]	[1 0 0 0 0 0]	[0 1 0 0 0 0]	[0 0 0 1 0 0]
96	0.12250000238418579	1.4126805067062378	0.26147446036338806	8.834955224301666e-05	0.8950328826904297	0.2560847997665405	False	[0 0 0 0 0 0]	[0 0 0 0 0 0]	[0 0 0 0 0 0]	[0 0 0 0 0 0]
96	0.1550000011920929	0.062271930277347565	0.005441289395093918	2.240751746285241e-05	0.03978068754076958	0.017027543857693672	False	[0 0 0 0 1 0]	[1 0 0 0 0 0]	[0 1 0 0 0 0]	[0 0 0 1 0 0]
96	0.125	1.3596657514572144	0.2613203823566437	8.012179750949144e-05	0.8859544396400452	0.212310791015625	False	[0 0 0 0 0 0]	[0 0 0 0 0 0]	[0 0 0 0 0 0]	[0 0 0 0 0 0]
96	0.18000000715255737	0.06010112911462784	0.005279213190078735	2.177626265620347e-05	0.03883206099271774	0.01596807688474655	False	[0 0 0 0 1 0]	[1 0 0 0 0 0]	[0 1 0 0 0 0]	[0 0 0 1 0 0]
96	0.12250000238418579	1.4188168048858643	0.29261836409568787	7.07717117620632e-05	0.8924597501754761	0.23366783559322357	False	[0 0 0 0 0 0]	[0 0 0 0 0 0]	[0 0 0 0 0 0]	[0 0 0 0 0 0]
96	0.17000000178813934	0.0620732456445694	0.005522327963262796	2.1923651729593985e-05	0.0399135947227478	0.01661539636552334	False	[0 0 0 0 1 0]	[1 0 0 0 0 0]	[0 1 0 0 0 0]	[0 0 0 1 0 0]
96	0.125	1.367822289466858	0.2565250098705292	9.664661774877459e-05	0.8717641830444336	0.23943652212619781	False	[0 0 0 0 0 0]	[0 0 0 0 0 0]	[0 0 0 0 0 0]	[0 0 0 0 0 0]
96	0.1599999964237213	0.051971547305583954	0.005087932106107473	1.8640064809005708e-05	0.03456108272075653	0.012303893454372883	False	[0 0 0 0 1 0]	[1 0 0 0 0 0]	[0 1 0 0 0 0]	[0 0 0 1 0 0]
96	0.12999999523162842	1.3683289289474487	0.25569045543670654	9.024128667078912e-05	0.8767688274383545	0.23577937483787537	False	[0 0 0 0 0 0]	[0 0 0 0 0 0]	[0 0 0 0 0 0]	[0 0 0 0 0 0]
96	0.17000000178813934	0.05326186120510101	0.005250283516943455	1.8463179003447294e-05	0.03537400811910629	0.012619107961654663	False	[0 0 0 0 1 0]	[1 0 0 0 0 0]	[0 1 0 0 0 0]	[0 0 0 1 0 0]
96	0.125	1.4468135833740234	0.27995094656944275	9.021258301800117e-05	0.9098314046859741	0.2569410800933838	False	[0 0 0 0 0 0]	[0 0 0 0 0 0]	[0 0 0 0 0 0]	[0 0 0 0 0 0]
96	0.14749999344348907	0.05472540110349655	0.005026188679039478	2.1058300262666307e-05	0.035679012537002563	0.01399913989007473	False	[0 0 0 0 1 0]	[1 0 0 0 0 0]	[0 1 0 0 0 0]	[0 0 0 1 0 0]
96	0.12250000238418579	1.4319101572036743	0.2682051658630371	9.441222937311977e-05	0.8910184502601624	0.272592157125473	False	[0 0 0 0 0 0]	[0 0 0 0 0 0]	[0 0 0 0 0 0]	[0 0 0 0 0 0]
96	0.15000000596046448	0.0540798120200634	0.005247932858765125	1.890928251668811e-05	0.03592977672815323	0.012883194722235203	False	[0 0 0 0 1 0]	[1 0 0 0 0 0]	[0 1 0 0 0 0]	[0 0 0 1 0 0]
96	0.11749999970197678	1.491487741470337	0.2936602532863617	8.690790855325758e-05	0.9468668103218079	0.2508738338947296	False	[0 0 0 0 0 0]	[0 0 0 0 0 0]	[0 0 0 0 0 0]	[0 0 0 0 0 0]
96	0.1574999988079071	0.057143568992614746	0.0054617999121546745	2.0256135030649602e-05	0.03733209893107414	0.014329413883388042	False	[0 0 0 0 1 0]	[1 0 0 0 0 0]	[0 1 0 0 0 0]	[0 0 0 1 0 0]
96	0.12250000238418579	1.4266774654388428	0.2665671706199646	9.204565139953047e-05	0.916732668876648	0.24328556656837463	False	[0 0 0 0 0 0]	[0 0 0 0 0 0]	[0 0 0 0 0 0]	[0 0 0 0 0 0]
96	0.14499999582767487	0.056916505098342896	0.0049379561096429825	2.2081143470131792e-05	0.03743363171815872	0.014522836543619633	False	[0 0 0 0 1 0]	[1 0 0 0 0 0]	[0 1 0 0 0 0]	[0 0 0 1 0 0]
96	0.12999999523162842	1.457230806350708	0.27382946014404297	8.370474824914709e-05	0.9328462481498718	0.2504713535308838	False	[0 0 0 0 0 0]	[0 0 0 0 0 0]	[0 0 0 0 0 0]	[0 0 0 0 0 0]
96	0.15000000596046448	0.05249668285250664	0.005180838983505964	1.4975288650020957e-05	0.035453177988529205	0.01184768881648779	False	[0 0 0 0 1 0]	[1 0 0 0 0 0]	[0 1 0 0 0 0]	[0 0 0 1 0 0]
96	0.11999999731779099	1.3514717817306519	0.25002214312553406	9.542074985802174e-05	0.8670221567153931	0.23433205485343933	False	[0 0 0 0 0 0]	[0 0 0 0 0 0]	[0 0 0 0 0 0]	[0 0 0 0 0 0]
97	0.14000000059604645	0.05042184889316559	0.004704518709331751	1.942643939401023e-05	0.03372235968708992	0.01197554636746645	False	[0 0 0 0 1 0]	[1 0 0 0 0 0]	[0 1 0 0 0 0]	[0 0 0 1 0 0]
97	0.12250000238418579	1.080627202987671	0.18266929686069489	8.009809243958443e-05	0.7239251136779785	0.1739526391029358	False	[0 0 0 0 0 0]	[0 0 0 0 0 0]	[0 0 0 0 0 0]	[0 0 0 0 0 0]
97	0.14000000059604645	0.059986867010593414	0.0052777249366045	2.4411474441876635e-05	0.03799382969737053	0.016690904274582863	False	[0 0 0 0 1 0]	[1 0 0 0 0 0]	[0 1 0 0 0 0]	[0 0 0 1 0 0]
97	0.125	1.1985305547714233	0.22502513229846954	6.506668432848528e-05	0.7931085228919983	0.18033184111118317	False	[0 0 0 0 0 0]	[0 0 0 0 0 0]	[0 0 0 0 0 0]	[0 0 0 0 0 0]
97	0.1525000035762787	0.06036387383937836	0.0052757044322788715	2.4840897822286934e-05	0.03845483437180519	0.01660849340260029	False	[0 0 0 0 1 0]	[1 0 0 0 0 0]	[0 1 0 0 0 0]	[0 0 0 1 0 0]
97	0.12250000238418579	1.118754506111145	0.1922069489955902	8.451793109998107e-05	0.7538452744483948	0.1726178079843521	False	[0 0 0 0 0 0]	[0 0 0 0 0 0]	[0 0 0 0 0 0]	[0 0 0 0 0 0]
97	0.14499999582767487	0.05714360624551773	0.005342171993106604	2.1896590624237433e-05	0.03650161251425743	0.01527792401611805	False	[0 0 0 0 1 0]	[1 0 0 0 0 0]	[0 1 0 0 0 0]	[0 0 0 1 0 0]
97	0.125	1.0772383213043213	0.192605122923851	7.29424282326363e-05	0.7222213745117188	0.16233888268470764	False	[0 0 0 0 0 0]	[0 0 0 0 0 0]	[0 0 0 0 0 0]	[0 0 0 0 0 0]
97	0.16249999403953552	0.056821614503860474	0.0054350304417312145	2.1728106730733998e-05	0.03616894781589508	0.015195907093584538	False	[0 0 0 0 1 0]	[1 0 0 0 0 0]	[0 1 0 0 0 0]	[0 0 0 1 0 0]
97	0.12250000238418579	1.1483252048492432	0.2023390531539917	8.842926035868004e-05	0.7559175491333008	0.18998008966445923	False	[0 0 0 0 0 0]	[0 0 0 0 0 0]	[0 0 0 0 0 0]	[0 0 0 0 0 0]
97	0.17499999701976776	0.052262499928474426	0.004922495223581791	2.023705565079581e-05	0.034199438989162445	0.013120325282216072	False	[0 0 0 0 1 0]	[1 0 0 0 0 0]	[0 1 0 0 0 0]	[0 0 0 1 0 0]
97	0.1274999976158142	1.1926769018173218	0.21189293265342712	6.383514119079337e-05	0.8004586696624756	0.1802615225315094	False	[0 0 0 0 0 0]	[0 0 0 0 0 0]	[0 0 0 0 0 0]	[0 0 0 0 0 0]
97	0.1525000035762787	0.055823907256126404	0.005128705408424139	2.2593094399780966e-05	0.035370226949453354	0.015302380546927452	False	[0 0 0 0 1 0]	[1 0 0 0 0 0]	[0 1 0 0 0 0]	[0 0 0 1 0 0]
97	0.125	1.163743019104004	0.19743579626083374	7.22106487955898e-05	0.784293532371521	0.18194153904914856	False	[0 0 0 0 0 0]	[0 0 0 0 0 0]	[0 0 0 0 0 0]	[0 0 0 0 0 0]
97	0.16500000655651093	0.04745860770344734	0.004942116793245077	1.4046093383512925e-05	0.03282050043344498	0.00968194380402565	False	[0 0 0 0 1 0]	[1 0 0 0 0 0]	[0 1 0 0 0 0]	[0 0 0 1 0 0]
97	0.11999999731779099	1.0739057064056396	0.18181395530700684	7.463326619472355e-05	0.7289925813674927	0.16302458941936493	False	[0 0 0 0 0 0]	[0 0 0 0 0 0]	[0 0 0 0 0 0]	[0 0 0 0 0 0]
97	0.1550000011920929	0.057489871978759766	0.005473807454109192	2.0802952349185944e-05	0.03643246740102768	0.015562796965241432	False	[0 0 0 0 1 0]	[1 0 0 0 0 0]	[0 1 0 0 0 0]	[0 0 0 1 0 0]
97	0.12250000238418579	1.1365832090377808	0.21522559225559235	6.701068923575804e-05	0.7572625875473022	0.16402801871299744	False	[0 0 0 0 0 0]	[0 0 0 0 0 0]	[0 0 0 0 0 0]	[0 0 0 0 0 0]
97	0.1525000035762787	0.06075739115476608	0.005229326896369457	2.4029348423937336e-05	0.03865016996860504	0.01685386709868908	False	[0 0 0 0 1 0]	[1 0 0 0 0 0]	[0 1 0 0 0 0]	[0 0 0 1 0 0]
97	0.12250000238418579	1.1708271503448486	0.21553485095500946	7.629433821421117e-05	0.7828471660614014	0.17236876487731934	False	[0 0 0 0 0 0]	[0 0 0 0 0 0]	[0 0 0 0 0 0]	[0 0 0 0 0 0]
97	0.17749999463558197	0.05047909915447235	0.005165967624634504	1.4753473806194961e-05	0.03425278887152672	0.011045589111745358	False	[0 0 0 0 1 0]	[1 0 0 0 0 0]	[0 1 0 0 0 0]	[0 0 0 1 0 0]
97	0.11999999731779099	1.1253858804702759	0.21346305310726166	5.4442425607703626e-05	0.7405723929405212	0.17129598557949066	False	[0 0 0 0 0 0]	[0 0 0 0 0 0]	[0 0 0 0 0 0]	[0 0 0 0 0 0]
97	0.1599999964237213	0.056280456483364105	0.005286003462970257	2.02366409212118e-05	0.036931365728378296	0.014042850583791733	False	[0 0 0 0 1 0]	[1 0 0 0 0 0]	[0 1 0 0 0 0]	[0 0 0 1 0 0]
97	0.11999999731779099	1.1481409072875977	0.20940126478672028	6.875491089886054e-05	0.7599452137947083	0.1787257045507431	False	[0 0 0 0 0 0]	[0 0 0 0 0 0]	[0 0 0 0 0 0]	[0 0 0 0 0 0]
97	0.1550000011920929	0.06643691658973694	0.005528259556740522	2.9541784897446632e-05	0.04014260321855545	0.020736513659358025	False	[0 0 0 0 1 0]	[1 0 0 0 0 0]	[0 1 0 0 0 0]	[0 0 0 1 0 0]
97	0.11749999970197678	1.117377758026123	0.19955314695835114	8.225152123486623e-05	0.7460654377937317	0.17167699337005615	False	[0 0 0 0 0 0]	[0 0 0 0 0 0]	[0 0 0 0 0 0]	[0 0 0 0 0 0]
97	0.14000000059604645	0.05451345443725586	0.005144958384335041	2.148020030290354e-05	0.03477853164076805	0.01456848718225956	False	[0 0 0 0 1 0]	[1 0 0 0 0 0]	[0 1 0 0 0 0]	[0 0 0 1 0 0]
97	0.11999999731779099	1.0938479900360107	0.19029876589775085	7.86813980084844e-05	0.7300944924354553	0.17337611317634583	False	[0 0 0 0 0 0]	[0 0 0 0 0 0]	[0 0 0 0 0 0]	[0 0 0 0 0 0]
97	0.15000000596046448	0.05379544198513031	0.005021131131798029	1.9964105376857333e-05	0.035067036747932434	0.013687309809029102	False	[0 0 0 0 1 0]	[1 0 0 0 0 0]	[0 1 0 0 0 0]	[0 0 0 1 0 0]
97	0.125	1.1637910604476929	0.22503139078617096	8.096131205093116e-05	0.7712082266807556	0.16747041046619415	False	[0 0 0 0 0 0]	[0 0 0 0 0 0]	[0 0 0 0 0 0]	[0 0 0 0 0 0]
