labWorker ash36: started collect pid 721922 (l=3 m=27) Sun 26 Jul 13:36:43 BST 2026
collectWorker3 ash36: l=3 m=27 workers=2 seed=671572441 stage=1 Sun 26 Jul 13:36:43 BST 2026
usage: reinforcementLearning.py [-h] [--num-workers NUM_WORKERS]
                                [--num-cells NUM_CELLS]
                                [--seed-for-environment SEED_FOR_ENVIRONMENT]
                                [--lr LR] [--max-grad-norm MAX_GRAD_NORM]
                                [--eval-rollout-length EVAL_ROLLOUT_LENGTH]
                                [--scaling-factor SCALING_FACTOR]
                                [--frames-per-batch FRAMES_PER_BATCH]
                                [--sub-batch-size SUB_BATCH_SIZE]
                                [--num-epochs NUM_EPOCHS]
                                [--clip-epsilon CLIP_EPSILON] [--gamma GAMMA]
                                [--lmbda LMBDA] [--entropy-eps ENTROPY_EPS]
                                [--env-reward-engineering {True,False,true,false}]
                                [--env-minimum-number-of-qubits ENV_MINIMUM_NUMBER_OF_QUBITS]
                                [--log-name LOG_NAME]
                                [--env-error-range {linear5,geometric5,geometric7,geometric10,dataCollection}]
                                [--env-version {qecc/bbcode-v0,qecc/bbcode-ldpc-v0}]
                                [--env-bit-flipping {True,False,true,false}]
                                [--env-l {6,9,15,12,30,21}]
                                [--env-m {3,6,12,18}]
                                [--env-use-dict-observation {True,False,true,false}]
                                [--env-number-of-decoder-iterations ENV_NUMBER_OF_DECODER_ITERATIONS]
                                [--env-number-of-samples ENV_NUMBER_OF_SAMPLES]
                                [--env-code-logging {true,True,false,False}]
                                [--model-architecture {mlp,hybrid}]
                                [--model-surrogate-model-path MODEL_SURROGATE_MODEL_PATH]
                                [--model-use-pretrained-encoder {True,False,true,false}]
                                [--index-to-unfreeze-encoder-updates INDEX_TO_UNFREEZE_ENCODER_UPDATES]
                                [--encoder-lr-factor ENCODER_LR_FACTOR]
                                [--training-device {cpu,cuda,auto}]
reinforcementLearning.py: error: argument --env-l: invalid choice: 3 (choose from 6, 9, 15, 12, 30, 21)
collectWorker3 ash36: ended Sun 26 Jul 13:37:05 BST 2026
labWorker ash36: collect ended naturally Sun 26 Jul 13:41:43 BST 2026
labWorker ash36: started collect pid 952586 (l=3 m=27) Sun 26 Jul 18:22:28 BST 2026
collectWorker3 ash36: l=3 m=27 workers=2 seed=671572441 stage=1 Sun 26 Jul 18:22:28 BST 2026
Creating log dir /data/osella/collectStage/2026-07-26_18-23-30_952609...
Checking the directory was created: True
Training begins on:
2026-07-26 18:23:48 Sunday
  0%|          | 0/50000000 [00:00<?, ?it/s]Process SpawnProcess-2:
Traceback (most recent call last):
Process SpawnProcess-1:
  File "/vol/bitbucket/osella/pyenv/versions/qecc1/lib/python3.10/site-packages/torch/utils/_contextlib.py", line 124, in decorate_context
    return func(*args, **kwargs)
  File "/vol/bitbucket/osella/pyenv/versions/qecc1/lib/python3.10/site-packages/torchrl/envs/batched_envs.py", line 122, in decorated_fun
    return fun(self, *args, **kwargs)
  File "/vol/bitbucket/osella/pyenv/versions/qecc1/lib/python3.10/site-packages/torchrl/envs/batched_envs.py", line 2027, in step_and_maybe_reset
    self._wait_for_workers(workers_range)
  File "/vol/bitbucket/osella/pyenv/versions/qecc1/lib/python3.10/site-packages/torchrl/envs/batched_envs.py", line 2154, in _wait_for_workers
    if all_done:
KeyboardInterrupt

During handling of the above exception, another exception occurred:

Traceback (most recent call last):
  File "/vol/bitbucket/osella/qecc/src/qecc/reinforcementLearning.py", line 623, in <module>
Traceback (most recent call last):
  File "/vol/bitbucket/osella/pyenv/versions/3.10.16/lib/python3.10/multiprocessing/process.py", line 314, in _bootstrap
    self.run()
  File "/vol/bitbucket/osella/pyenv/versions/3.10.16/lib/python3.10/multiprocessing/process.py", line 108, in run
    self._target(*self._args, **self._kwargs)
    for i, tensordict_data in enumerate(collector):
  File "/vol/bitbucket/osella/pyenv/versions/qecc1/lib/python3.10/site-packages/torchrl/envs/batched_envs.py", line 2830, in _run_worker_pipe_shared_mem
    if child_pipe.poll(_timeout):
  File "/vol/bitbucket/osella/pyenv/versions/3.10.16/lib/python3.10/multiprocessing/connection.py", line 257, in poll
    return self._poll(timeout)
  File "/vol/bitbucket/osella/pyenv/versions/qecc1/lib/python3.10/site-packages/torchrl/collectors/_base.py", line 1277, in __iter__
  File "/vol/bitbucket/osella/pyenv/versions/3.10.16/lib/python3.10/multiprocessing/connection.py", line 424, in _poll
    r = wait([self], timeout)
  File "/vol/bitbucket/osella/pyenv/versions/3.10.16/lib/python3.10/multiprocessing/connection.py", line 931, in wait
    ready = selector.select(timeout)
  File "/vol/bitbucket/osella/pyenv/versions/3.10.16/lib/python3.10/selectors.py", line 416, in select
    fd_event_list = self._selector.poll(timeout)
KeyboardInterrupt
    yield from self.iterator()
  File "/vol/bitbucket/osella/pyenv/versions/qecc1/lib/python3.10/site-packages/torchrl/collectors/_single.py", line 1494, in iterator
    tensordict_out = self.rollout()
  File "/vol/bitbucket/osella/pyenv/versions/qecc1/lib/python3.10/site-packages/torchrl/_utils.py", line 652, in unpack_rref_and_invoke_function
    return func(self, *args, **kwargs)
  File "/vol/bitbucket/osella/pyenv/versions/qecc1/lib/python3.10/site-packages/torch/utils/_contextlib.py", line 124, in decorate_context
    return func(*args, **kwargs)
  File "/vol/bitbucket/osella/pyenv/versions/qecc1/lib/python3.10/site-packages/torchrl/collectors/_single.py", line 1807, in rollout
    env_output, env_next_output = self.env.step_and_maybe_reset(env_input)
  File "/vol/bitbucket/osella/pyenv/versions/qecc1/lib/python3.10/site-packages/torch/utils/_contextlib.py", line 123, in decorate_context
    with ctx_factory():
  File "/vol/bitbucket/osella/pyenv/versions/qecc1/lib/python3.10/site-packages/torch/autograd/grad_mode.py", line 85, in __exit__
    torch.set_grad_enabled(self.prev)
  File "/vol/bitbucket/osella/pyenv/versions/qecc1/lib/python3.10/site-packages/torch/autograd/grad_mode.py", line 185, in __init__
    self.prev = torch.is_grad_enabled()
KeyboardInterrupt
Traceback (most recent call last):
  File "/vol/bitbucket/osella/pyenv/versions/3.10.16/lib/python3.10/multiprocessing/process.py", line 314, in _bootstrap
    self.run()
  File "/vol/bitbucket/osella/pyenv/versions/3.10.16/lib/python3.10/multiprocessing/process.py", line 108, in run
    self._target(*self._args, **self._kwargs)
  File "/vol/bitbucket/osella/pyenv/versions/qecc1/lib/python3.10/site-packages/torchrl/envs/batched_envs.py", line 2975, in _run_worker_pipe_shared_mem
    td, root_next_td = env.step_and_maybe_reset(input)
  File "/vol/bitbucket/osella/pyenv/versions/qecc1/lib/python3.10/site-packages/torchrl/envs/common.py", line 4061, in step_and_maybe_reset
    return self._step_and_maybe_reset(tensordict)
  File "/vol/bitbucket/osella/pyenv/versions/qecc1/lib/python3.10/site-packages/torchrl/envs/common.py", line 4107, in _step_and_maybe_reset
    tensordict = self.step(tensordict)
  File "/vol/bitbucket/osella/pyenv/versions/qecc1/lib/python3.10/site-packages/torchrl/envs/common.py", line 2353, in step
    next_tensordict = self._step(tensordict)
  File "/vol/bitbucket/osella/pyenv/versions/qecc1/lib/python3.10/site-packages/torchrl/envs/transforms/_base.py", line 1349, in _step
    next_tensordict = self.base_env._step(tensordict_in)
  File "/vol/bitbucket/osella/pyenv/versions/qecc1/lib/python3.10/site-packages/torchrl/envs/gym_like.py", line 452, in _step
    step_result = self._env.step(action)
  File "/vol/bitbucket/osella/pyenv/versions/qecc1/lib/python3.10/site-packages/gymnasium/wrappers/common.py", line 393, in step
    return super().step(action)
  File "/vol/bitbucket/osella/pyenv/versions/qecc1/lib/python3.10/site-packages/gymnasium/core.py", line 327, in step
    return self.env.step(action)
  File "/vol/bitbucket/osella/qecc/src/qecc/bb_gym_v_0_1.py", line 205, in step
    logicalErrorRate = self.decoderEvaluation(self.seed)
  File "/vol/bitbucket/osella/qecc/src/qecc/bb_gym_v_0_1.py", line 251, in decoderEvaluation
    estimatedErrorX = bpDecoderHz.decode(self.Hz.dot(errorX)%2)
KeyboardInterrupt
/vol/bitbucket/osella/rl-qecc-data/supervisedLearning/collection/collectWorker3.sh: error reading input file: Stale file handle
labWorker ash36: collect ended naturally Sun 26 Jul 18:27:28 BST 2026
labWorker ash36: started collect pid 968445 (l=3 m=27) Sun 26 Jul 18:40:02 BST 2026
collectWorker3 ash36: l=3 m=27 workers=16 seed=671572441 stage=1 Sun 26 Jul 18:40:02 BST 2026
Creating log dir /data/osella/collectStage/2026-07-26_18-40-19_968460...
Checking the directory was created: True

Traceback (most recent call last):
  File "<string>", line 1, in <module>
Traceback (most recent call last):
  File "<string>", line 1, in <module>
Traceback (most recent call last):
Traceback (most recent call last):
  File "<string>", line 1, in <module>
  File "<string>", line 1, in <module>
Traceback (most recent call last):
  File "<string>", line 1, in <module>
Traceback (most recent call last):
  File "<string>", line 1, in <module>
Traceback (most recent call last):
  File "<string>", line 1, in <module>
Traceback (most recent call last):
  File "<string>", line 1, in <module>
Traceback (most recent call last):
  File "<string>", line 1, in <module>
Traceback (most recent call last):
  File "<string>", line 1, in <module>
Traceback (most recent call last):
  File "<string>", line 1, in <module>
Traceback (most recent call last):
  File "<string>", line 1, in <module>
Traceback (most recent call last):
  File "<string>", line 1, in <module>
Traceback (most recent call last):
  File "<string>", line 1, in <module>
Traceback (most recent call last):
  File "<string>", line 1, in <module>
Traceback (most recent call last):
  File "<string>", line 1, in <module>
  File "/vol/bitbucket/osella/pyenv/versions/3.10.16/lib/python3.10/multiprocessing/spawn.py", line 116, in spawn_main
  File "/vol/bitbucket/osella/pyenv/versions/3.10.16/lib/python3.10/multiprocessing/spawn.py", line 116, in spawn_main
  File "/vol/bitbucket/osella/pyenv/versions/3.10.16/lib/python3.10/multiprocessing/spawn.py", line 116, in spawn_main
  File "/vol/bitbucket/osella/pyenv/versions/3.10.16/lib/python3.10/multiprocessing/spawn.py", line 116, in spawn_main
  File "/vol/bitbucket/osella/pyenv/versions/3.10.16/lib/python3.10/multiprocessing/spawn.py", line 116, in spawn_main
  File "/vol/bitbucket/osella/pyenv/versions/3.10.16/lib/python3.10/multiprocessing/spawn.py", line 116, in spawn_main
  File "/vol/bitbucket/osella/pyenv/versions/3.10.16/lib/python3.10/multiprocessing/spawn.py", line 116, in spawn_main
  File "/vol/bitbucket/osella/pyenv/versions/3.10.16/lib/python3.10/multiprocessing/spawn.py", line 116, in spawn_main
  File "/vol/bitbucket/osella/pyenv/versions/3.10.16/lib/python3.10/multiprocessing/spawn.py", line 116, in spawn_main
  File "/vol/bitbucket/osella/pyenv/versions/3.10.16/lib/python3.10/multiprocessing/spawn.py", line 116, in spawn_main
  File "/vol/bitbucket/osella/pyenv/versions/3.10.16/lib/python3.10/multiprocessing/spawn.py", line 116, in spawn_main
  File "/vol/bitbucket/osella/pyenv/versions/3.10.16/lib/python3.10/multiprocessing/spawn.py", line 116, in spawn_main
  File "/vol/bitbucket/osella/pyenv/versions/3.10.16/lib/python3.10/multiprocessing/spawn.py", line 116, in spawn_main
  File "/vol/bitbucket/osella/pyenv/versions/3.10.16/lib/python3.10/multiprocessing/spawn.py", line 116, in spawn_main
  File "/vol/bitbucket/osella/pyenv/versions/3.10.16/lib/python3.10/multiprocessing/spawn.py", line 116, in spawn_main
  File "/vol/bitbucket/osella/pyenv/versions/3.10.16/lib/python3.10/multiprocessing/spawn.py", line 116, in spawn_main
    exitcode = _main(fd, parent_sentinel)
  File "/vol/bitbucket/osella/pyenv/versions/3.10.16/lib/python3.10/multiprocessing/spawn.py", line 125, in _main
    exitcode = _main(fd, parent_sentinel)
  File "/vol/bitbucket/osella/pyenv/versions/3.10.16/lib/python3.10/multiprocessing/spawn.py", line 125, in _main
    exitcode = _main(fd, parent_sentinel)
  File "/vol/bitbucket/osella/pyenv/versions/3.10.16/lib/python3.10/multiprocessing/spawn.py", line 125, in _main
    exitcode = _main(fd, parent_sentinel)
  File "/vol/bitbucket/osella/pyenv/versions/3.10.16/lib/python3.10/multiprocessing/spawn.py", line 125, in _main
    exitcode = _main(fd, parent_sentinel)
  File "/vol/bitbucket/osella/pyenv/versions/3.10.16/lib/python3.10/multiprocessing/spawn.py", line 125, in _main
    exitcode = _main(fd, parent_sentinel)
  File "/vol/bitbucket/osella/pyenv/versions/3.10.16/lib/python3.10/multiprocessing/spawn.py", line 125, in _main
    exitcode = _main(fd, parent_sentinel)
  File "/vol/bitbucket/osella/pyenv/versions/3.10.16/lib/python3.10/multiprocessing/spawn.py", line 125, in _main
    exitcode = _main(fd, parent_sentinel)
    exitcode = _main(fd, parent_sentinel)
  File "/vol/bitbucket/osella/pyenv/versions/3.10.16/lib/python3.10/multiprocessing/spawn.py", line 125, in _main
  File "/vol/bitbucket/osella/pyenv/versions/3.10.16/lib/python3.10/multiprocessing/spawn.py", line 125, in _main
    exitcode = _main(fd, parent_sentinel)
  File "/vol/bitbucket/osella/pyenv/versions/3.10.16/lib/python3.10/multiprocessing/spawn.py", line 125, in _main
    exitcode = _main(fd, parent_sentinel)
  File "/vol/bitbucket/osella/pyenv/versions/3.10.16/lib/python3.10/multiprocessing/spawn.py", line 125, in _main
    exitcode = _main(fd, parent_sentinel)
  File "/vol/bitbucket/osella/pyenv/versions/3.10.16/lib/python3.10/multiprocessing/spawn.py", line 125, in _main
    exitcode = _main(fd, parent_sentinel)
    exitcode = _main(fd, parent_sentinel)
    exitcode = _main(fd, parent_sentinel)
  File "/vol/bitbucket/osella/pyenv/versions/3.10.16/lib/python3.10/multiprocessing/spawn.py", line 125, in _main
  File "/vol/bitbucket/osella/pyenv/versions/3.10.16/lib/python3.10/multiprocessing/spawn.py", line 125, in _main
  File "/vol/bitbucket/osella/pyenv/versions/3.10.16/lib/python3.10/multiprocessing/spawn.py", line 125, in _main
    exitcode = _main(fd, parent_sentinel)
  File "/vol/bitbucket/osella/pyenv/versions/3.10.16/lib/python3.10/multiprocessing/spawn.py", line 125, in _main
    prepare(preparation_data)
  File "/vol/bitbucket/osella/pyenv/versions/3.10.16/lib/python3.10/multiprocessing/spawn.py", line 236, in prepare
    prepare(preparation_data)
  File "/vol/bitbucket/osella/pyenv/versions/3.10.16/lib/python3.10/multiprocessing/spawn.py", line 236, in prepare
    prepare(preparation_data)
    prepare(preparation_data)
  File "/vol/bitbucket/osella/pyenv/versions/3.10.16/lib/python3.10/multiprocessing/spawn.py", line 236, in prepare
  File "/vol/bitbucket/osella/pyenv/versions/3.10.16/lib/python3.10/multiprocessing/spawn.py", line 236, in prepare
    prepare(preparation_data)
  File "/vol/bitbucket/osella/pyenv/versions/3.10.16/lib/python3.10/multiprocessing/spawn.py", line 236, in prepare
    prepare(preparation_data)
  File "/vol/bitbucket/osella/pyenv/versions/3.10.16/lib/python3.10/multiprocessing/spawn.py", line 236, in prepare
    prepare(preparation_data)
  File "/vol/bitbucket/osella/pyenv/versions/3.10.16/lib/python3.10/multiprocessing/spawn.py", line 236, in prepare
    prepare(preparation_data)
  File "/vol/bitbucket/osella/pyenv/versions/3.10.16/lib/python3.10/multiprocessing/spawn.py", line 236, in prepare
    prepare(preparation_data)
    prepare(preparation_data)
  File "/vol/bitbucket/osella/pyenv/versions/3.10.16/lib/python3.10/multiprocessing/spawn.py", line 236, in prepare
  File "/vol/bitbucket/osella/pyenv/versions/3.10.16/lib/python3.10/multiprocessing/spawn.py", line 236, in prepare
    prepare(preparation_data)
  File "/vol/bitbucket/osella/pyenv/versions/3.10.16/lib/python3.10/multiprocessing/spawn.py", line 236, in prepare
    prepare(preparation_data)
    prepare(preparation_data)
  File "/vol/bitbucket/osella/pyenv/versions/3.10.16/lib/python3.10/multiprocessing/spawn.py", line 236, in prepare
  File "/vol/bitbucket/osella/pyenv/versions/3.10.16/lib/python3.10/multiprocessing/spawn.py", line 236, in prepare
    prepare(preparation_data)
    prepare(preparation_data)
  File "/vol/bitbucket/osella/pyenv/versions/3.10.16/lib/python3.10/multiprocessing/spawn.py", line 236, in prepare
  File "/vol/bitbucket/osella/pyenv/versions/3.10.16/lib/python3.10/multiprocessing/spawn.py", line 236, in prepare
    prepare(preparation_data)
  File "/vol/bitbucket/osella/pyenv/versions/3.10.16/lib/python3.10/multiprocessing/spawn.py", line 236, in prepare
    _fixup_main_from_path(data['init_main_from_path'])
  File "/vol/bitbucket/osella/pyenv/versions/3.10.16/lib/python3.10/multiprocessing/spawn.py", line 287, in _fixup_main_from_path
    _fixup_main_from_path(data['init_main_from_path'])
  File "/vol/bitbucket/osella/pyenv/versions/3.10.16/lib/python3.10/multiprocessing/spawn.py", line 287, in _fixup_main_from_path
    _fixup_main_from_path(data['init_main_from_path'])
  File "/vol/bitbucket/osella/pyenv/versions/3.10.16/lib/python3.10/multiprocessing/spawn.py", line 287, in _fixup_main_from_path
    _fixup_main_from_path(data['init_main_from_path'])
  File "/vol/bitbucket/osella/pyenv/versions/3.10.16/lib/python3.10/multiprocessing/spawn.py", line 287, in _fixup_main_from_path
    _fixup_main_from_path(data['init_main_from_path'])
  File "/vol/bitbucket/osella/pyenv/versions/3.10.16/lib/python3.10/multiprocessing/spawn.py", line 287, in _fixup_main_from_path
    _fixup_main_from_path(data['init_main_from_path'])
  File "/vol/bitbucket/osella/pyenv/versions/3.10.16/lib/python3.10/multiprocessing/spawn.py", line 287, in _fixup_main_from_path
    _fixup_main_from_path(data['init_main_from_path'])
  File "/vol/bitbucket/osella/pyenv/versions/3.10.16/lib/python3.10/multiprocessing/spawn.py", line 287, in _fixup_main_from_path
    _fixup_main_from_path(data['init_main_from_path'])
  File "/vol/bitbucket/osella/pyenv/versions/3.10.16/lib/python3.10/multiprocessing/spawn.py", line 287, in _fixup_main_from_path
    _fixup_main_from_path(data['init_main_from_path'])
  File "/vol/bitbucket/osella/pyenv/versions/3.10.16/lib/python3.10/multiprocessing/spawn.py", line 287, in _fixup_main_from_path
    _fixup_main_from_path(data['init_main_from_path'])
  File "/vol/bitbucket/osella/pyenv/versions/3.10.16/lib/python3.10/multiprocessing/spawn.py", line 287, in _fixup_main_from_path
    _fixup_main_from_path(data['init_main_from_path'])
  File "/vol/bitbucket/osella/pyenv/versions/3.10.16/lib/python3.10/multiprocessing/spawn.py", line 287, in _fixup_main_from_path
    _fixup_main_from_path(data['init_main_from_path'])
  File "/vol/bitbucket/osella/pyenv/versions/3.10.16/lib/python3.10/multiprocessing/spawn.py", line 287, in _fixup_main_from_path
    _fixup_main_from_path(data['init_main_from_path'])
    _fixup_main_from_path(data['init_main_from_path'])
  File "/vol/bitbucket/osella/pyenv/versions/3.10.16/lib/python3.10/multiprocessing/spawn.py", line 287, in _fixup_main_from_path
    main_content = runpy.run_path(main_path,
  File "/vol/bitbucket/osella/pyenv/versions/3.10.16/lib/python3.10/multiprocessing/spawn.py", line 287, in _fixup_main_from_path
    _fixup_main_from_path(data['init_main_from_path'])
  File "/vol/bitbucket/osella/pyenv/versions/3.10.16/lib/python3.10/runpy.py", line 289, in run_path
  File "/vol/bitbucket/osella/pyenv/versions/3.10.16/lib/python3.10/multiprocessing/spawn.py", line 287, in _fixup_main_from_path
    _fixup_main_from_path(data['init_main_from_path'])
  File "/vol/bitbucket/osella/pyenv/versions/3.10.16/lib/python3.10/multiprocessing/spawn.py", line 287, in _fixup_main_from_path
    main_content = runpy.run_path(main_path,
  File "/vol/bitbucket/osella/pyenv/versions/3.10.16/lib/python3.10/runpy.py", line 289, in run_path
    main_content = runpy.run_path(main_path,
  File "/vol/bitbucket/osella/pyenv/versions/3.10.16/lib/python3.10/runpy.py", line 289, in run_path
    main_content = runpy.run_path(main_path,
  File "/vol/bitbucket/osella/pyenv/versions/3.10.16/lib/python3.10/runpy.py", line 289, in run_path
    main_content = runpy.run_path(main_path,
  File "/vol/bitbucket/osella/pyenv/versions/3.10.16/lib/python3.10/runpy.py", line 289, in run_path
    main_content = runpy.run_path(main_path,
  File "/vol/bitbucket/osella/pyenv/versions/3.10.16/lib/python3.10/runpy.py", line 289, in run_path
    main_content = runpy.run_path(main_path,
  File "/vol/bitbucket/osella/pyenv/versions/3.10.16/lib/python3.10/runpy.py", line 289, in run_path
    return _run_module_code(code, init_globals, run_name,
  File "/vol/bitbucket/osella/pyenv/versions/3.10.16/lib/python3.10/runpy.py", line 96, in _run_module_code
    return _run_module_code(code, init_globals, run_name,
  File "/vol/bitbucket/osella/pyenv/versions/3.10.16/lib/python3.10/runpy.py", line 96, in _run_module_code
    main_content = runpy.run_path(main_path,
    main_content = runpy.run_path(main_path,
  File "/vol/bitbucket/osella/pyenv/versions/3.10.16/lib/python3.10/runpy.py", line 289, in run_path
  File "/vol/bitbucket/osella/pyenv/versions/3.10.16/lib/python3.10/runpy.py", line 289, in run_path
    main_content = runpy.run_path(main_path,
  File "/vol/bitbucket/osella/pyenv/versions/3.10.16/lib/python3.10/runpy.py", line 289, in run_path
    main_content = runpy.run_path(main_path,
  File "/vol/bitbucket/osella/pyenv/versions/3.10.16/lib/python3.10/runpy.py", line 289, in run_path
    main_content = runpy.run_path(main_path,
  File "/vol/bitbucket/osella/pyenv/versions/3.10.16/lib/python3.10/runpy.py", line 289, in run_path
    return _run_module_code(code, init_globals, run_name,
    main_content = runpy.run_path(main_path,
  File "/vol/bitbucket/osella/pyenv/versions/3.10.16/lib/python3.10/runpy.py", line 96, in _run_module_code
  File "/vol/bitbucket/osella/pyenv/versions/3.10.16/lib/python3.10/runpy.py", line 289, in run_path
    main_content = runpy.run_path(main_path,
  File "/vol/bitbucket/osella/pyenv/versions/3.10.16/lib/python3.10/runpy.py", line 289, in run_path
    main_content = runpy.run_path(main_path,
    return _run_module_code(code, init_globals, run_name,
  File "/vol/bitbucket/osella/pyenv/versions/3.10.16/lib/python3.10/runpy.py", line 289, in run_path
  File "/vol/bitbucket/osella/pyenv/versions/3.10.16/lib/python3.10/runpy.py", line 96, in _run_module_code
    main_content = runpy.run_path(main_path,
  File "/vol/bitbucket/osella/pyenv/versions/3.10.16/lib/python3.10/runpy.py", line 289, in run_path
    return _run_module_code(code, init_globals, run_name,
  File "/vol/bitbucket/osella/pyenv/versions/3.10.16/lib/python3.10/runpy.py", line 96, in _run_module_code
    return _run_module_code(code, init_globals, run_name,
  File "/vol/bitbucket/osella/pyenv/versions/3.10.16/lib/python3.10/runpy.py", line 96, in _run_module_code
    return _run_module_code(code, init_globals, run_name,
  File "/vol/bitbucket/osella/pyenv/versions/3.10.16/lib/python3.10/runpy.py", line 96, in _run_module_code
    return _run_module_code(code, init_globals, run_name,
  File "/vol/bitbucket/osella/pyenv/versions/3.10.16/lib/python3.10/runpy.py", line 96, in _run_module_code
    return _run_module_code(code, init_globals, run_name,
  File "/vol/bitbucket/osella/pyenv/versions/3.10.16/lib/python3.10/runpy.py", line 96, in _run_module_code
    return _run_module_code(code, init_globals, run_name,
  File "/vol/bitbucket/osella/pyenv/versions/3.10.16/lib/python3.10/runpy.py", line 96, in _run_module_code
    _run_code(code, mod_globals, init_globals,
  File "/vol/bitbucket/osella/pyenv/versions/3.10.16/lib/python3.10/runpy.py", line 86, in _run_code
    _run_code(code, mod_globals, init_globals,
  File "/vol/bitbucket/osella/pyenv/versions/3.10.16/lib/python3.10/runpy.py", line 86, in _run_code
    return _run_module_code(code, init_globals, run_name,
  File "/vol/bitbucket/osella/pyenv/versions/3.10.16/lib/python3.10/runpy.py", line 96, in _run_module_code
    return _run_module_code(code, init_globals, run_name,
  File "/vol/bitbucket/osella/pyenv/versions/3.10.16/lib/python3.10/runpy.py", line 96, in _run_module_code
    return _run_module_code(code, init_globals, run_name,
  File "/vol/bitbucket/osella/pyenv/versions/3.10.16/lib/python3.10/runpy.py", line 96, in _run_module_code
    return _run_module_code(code, init_globals, run_name,
  File "/vol/bitbucket/osella/pyenv/versions/3.10.16/lib/python3.10/runpy.py", line 96, in _run_module_code
    _run_code(code, mod_globals, init_globals,
  File "/vol/bitbucket/osella/pyenv/versions/3.10.16/lib/python3.10/runpy.py", line 86, in _run_code
    _run_code(code, mod_globals, init_globals,
  File "/vol/bitbucket/osella/pyenv/versions/3.10.16/lib/python3.10/runpy.py", line 86, in _run_code
    return _run_module_code(code, init_globals, run_name,
  File "/vol/bitbucket/osella/pyenv/versions/3.10.16/lib/python3.10/runpy.py", line 96, in _run_module_code
    return _run_module_code(code, init_globals, run_name,
  File "/vol/bitbucket/osella/pyenv/versions/3.10.16/lib/python3.10/runpy.py", line 96, in _run_module_code
    _run_code(code, mod_globals, init_globals,
  File "/vol/bitbucket/osella/pyenv/versions/3.10.16/lib/python3.10/runpy.py", line 86, in _run_code
    _run_code(code, mod_globals, init_globals,
  File "/vol/bitbucket/osella/pyenv/versions/3.10.16/lib/python3.10/runpy.py", line 86, in _run_code
    _run_code(code, mod_globals, init_globals,
  File "/vol/bitbucket/osella/pyenv/versions/3.10.16/lib/python3.10/runpy.py", line 86, in _run_code
    _run_code(code, mod_globals, init_globals,
  File "/vol/bitbucket/osella/pyenv/versions/3.10.16/lib/python3.10/runpy.py", line 86, in _run_code
    _run_code(code, mod_globals, init_globals,
  File "/vol/bitbucket/osella/pyenv/versions/3.10.16/lib/python3.10/runpy.py", line 86, in _run_code
    _run_code(code, mod_globals, init_globals,
  File "/vol/bitbucket/osella/pyenv/versions/3.10.16/lib/python3.10/runpy.py", line 86, in _run_code
    _run_code(code, mod_globals, init_globals,
  File "/vol/bitbucket/osella/pyenv/versions/3.10.16/lib/python3.10/runpy.py", line 86, in _run_code
    exec(code, run_globals)
  File "/vol/bitbucket/osella/qecc/src/qecc/reinforcementLearning.py", line 43, in <module>
    exec(code, run_globals)
  File "/vol/bitbucket/osella/qecc/src/qecc/reinforcementLearning.py", line 43, in <module>
    _run_code(code, mod_globals, init_globals,
  File "/vol/bitbucket/osella/pyenv/versions/3.10.16/lib/python3.10/runpy.py", line 86, in _run_code
    _run_code(code, mod_globals, init_globals,
  File "/vol/bitbucket/osella/pyenv/versions/3.10.16/lib/python3.10/runpy.py", line 86, in _run_code
    exec(code, run_globals)
  File "/vol/bitbucket/osella/qecc/src/qecc/reinforcementLearning.py", line 43, in <module>
    _run_code(code, mod_globals, init_globals,
  File "/vol/bitbucket/osella/pyenv/versions/3.10.16/lib/python3.10/runpy.py", line 86, in _run_code
    exec(code, run_globals)
  File "/vol/bitbucket/osella/qecc/src/qecc/reinforcementLearning.py", line 43, in <module>
    _run_code(code, mod_globals, init_globals,
  File "/vol/bitbucket/osella/pyenv/versions/3.10.16/lib/python3.10/runpy.py", line 86, in _run_code
    _run_code(code, mod_globals, init_globals,
  File "/vol/bitbucket/osella/pyenv/versions/3.10.16/lib/python3.10/runpy.py", line 86, in _run_code
    exec(code, run_globals)
  File "/vol/bitbucket/osella/qecc/src/qecc/reinforcementLearning.py", line 43, in <module>
    exec(code, run_globals)
  File "/vol/bitbucket/osella/qecc/src/qecc/reinforcementLearning.py", line 43, in <module>
    exec(code, run_globals)
  File "/vol/bitbucket/osella/qecc/src/qecc/reinforcementLearning.py", line 43, in <module>
    exec(code, run_globals)
  File "/vol/bitbucket/osella/qecc/src/qecc/reinforcementLearning.py", line 43, in <module>
    exec(code, run_globals)
  File "/vol/bitbucket/osella/qecc/src/qecc/reinforcementLearning.py", line 43, in <module>
    exec(code, run_globals)
  File "/vol/bitbucket/osella/qecc/src/qecc/reinforcementLearning.py", line 43, in <module>
    exec(code, run_globals)
  File "/vol/bitbucket/osella/qecc/src/qecc/reinforcementLearning.py", line 43, in <module>
    from tensordict.nn import TensorDictModule
  File "/vol/bitbucket/osella/pyenv/versions/qecc1/lib/python3.10/site-packages/tensordict/__init__.py", line 6, in <module>
    from tensordict.nn import TensorDictModule
  File "/vol/bitbucket/osella/pyenv/versions/qecc1/lib/python3.10/site-packages/tensordict/__init__.py", line 6, in <module>
    exec(code, run_globals)
    exec(code, run_globals)
  File "/vol/bitbucket/osella/qecc/src/qecc/reinforcementLearning.py", line 43, in <module>
  File "/vol/bitbucket/osella/qecc/src/qecc/reinforcementLearning.py", line 43, in <module>
    exec(code, run_globals)
  File "/vol/bitbucket/osella/qecc/src/qecc/reinforcementLearning.py", line 43, in <module>
    from tensordict.nn import TensorDictModule
  File "/vol/bitbucket/osella/pyenv/versions/qecc1/lib/python3.10/site-packages/tensordict/__init__.py", line 6, in <module>
    exec(code, run_globals)
  File "/vol/bitbucket/osella/qecc/src/qecc/reinforcementLearning.py", line 43, in <module>
    from tensordict.nn import TensorDictModule
    exec(code, run_globals)
  File "/vol/bitbucket/osella/pyenv/versions/qecc1/lib/python3.10/site-packages/tensordict/__init__.py", line 6, in <module>
  File "/vol/bitbucket/osella/qecc/src/qecc/reinforcementLearning.py", line 43, in <module>
    from tensordict.nn import TensorDictModule
  File "/vol/bitbucket/osella/pyenv/versions/qecc1/lib/python3.10/site-packages/tensordict/__init__.py", line 6, in <module>
    from tensordict.nn import TensorDictModule
  File "/vol/bitbucket/osella/pyenv/versions/qecc1/lib/python3.10/site-packages/tensordict/__init__.py", line 6, in <module>
    from tensordict.nn import TensorDictModule
  File "/vol/bitbucket/osella/pyenv/versions/qecc1/lib/python3.10/site-packages/tensordict/__init__.py", line 6, in <module>
    from tensordict.nn import TensorDictModule
  File "/vol/bitbucket/osella/pyenv/versions/qecc1/lib/python3.10/site-packages/tensordict/__init__.py", line 6, in <module>
    from tensordict.nn import TensorDictModule
  File "/vol/bitbucket/osella/pyenv/versions/qecc1/lib/python3.10/site-packages/tensordict/__init__.py", line 6, in <module>
    from tensordict.nn import TensorDictModule
  File "/vol/bitbucket/osella/pyenv/versions/qecc1/lib/python3.10/site-packages/tensordict/__init__.py", line 6, in <module>
    from tensordict.nn import TensorDictModule
  File "/vol/bitbucket/osella/pyenv/versions/qecc1/lib/python3.10/site-packages/tensordict/__init__.py", line 6, in <module>
    from tensordict.nn import TensorDictModule
  File "/vol/bitbucket/osella/pyenv/versions/qecc1/lib/python3.10/site-packages/tensordict/__init__.py", line 6, in <module>
    from tensordict.nn import TensorDictModule
  File "/vol/bitbucket/osella/pyenv/versions/qecc1/lib/python3.10/site-packages/tensordict/__init__.py", line 6, in <module>
    from tensordict.nn import TensorDictModule
  File "/vol/bitbucket/osella/pyenv/versions/qecc1/lib/python3.10/site-packages/tensordict/__init__.py", line 6, in <module>
    from tensordict.nn import TensorDictModule
  File "/vol/bitbucket/osella/pyenv/versions/qecc1/lib/python3.10/site-packages/tensordict/__init__.py", line 6, in <module>
    from tensordict.nn import TensorDictModule
  File "/vol/bitbucket/osella/pyenv/versions/qecc1/lib/python3.10/site-packages/tensordict/__init__.py", line 6, in <module>
    import tensordict._reductions
    import tensordict._reductions
    import tensordict._reductions
    import tensordict._reductions
    import tensordict._reductions
    import tensordict._reductions
    import tensordict._reductions
    import tensordict._reductions
    import tensordict._reductions
  File "/vol/bitbucket/osella/pyenv/versions/qecc1/lib/python3.10/site-packages/tensordict/_reductions.py", line 11, in <module>
    import tensordict._reductions
  File "/vol/bitbucket/osella/pyenv/versions/qecc1/lib/python3.10/site-packages/tensordict/_reductions.py", line 11, in <module>
    import tensordict._reductions
  File "/vol/bitbucket/osella/pyenv/versions/qecc1/lib/python3.10/site-packages/tensordict/_reductions.py", line 11, in <module>
    import tensordict._reductions
    import tensordict._reductions
  File "/vol/bitbucket/osella/pyenv/versions/qecc1/lib/python3.10/site-packages/tensordict/_reductions.py", line 11, in <module>
    import tensordict._reductions
  File "/vol/bitbucket/osella/pyenv/versions/qecc1/lib/python3.10/site-packages/tensordict/_reductions.py", line 11, in <module>
  File "/vol/bitbucket/osella/pyenv/versions/qecc1/lib/python3.10/site-packages/tensordict/_reductions.py", line 11, in <module>
  File "/vol/bitbucket/osella/pyenv/versions/qecc1/lib/python3.10/site-packages/tensordict/_reductions.py", line 11, in <module>
  File "/vol/bitbucket/osella/pyenv/versions/qecc1/lib/python3.10/site-packages/tensordict/_reductions.py", line 11, in <module>
  File "/vol/bitbucket/osella/pyenv/versions/qecc1/lib/python3.10/site-packages/tensordict/_reductions.py", line 11, in <module>
  File "/vol/bitbucket/osella/pyenv/versions/qecc1/lib/python3.10/site-packages/tensordict/_reductions.py", line 11, in <module>
  File "/vol/bitbucket/osella/pyenv/versions/qecc1/lib/python3.10/site-packages/tensordict/_reductions.py", line 11, in <module>
  File "/vol/bitbucket/osella/pyenv/versions/qecc1/lib/python3.10/site-packages/tensordict/_reductions.py", line 11, in <module>
  File "/vol/bitbucket/osella/pyenv/versions/qecc1/lib/python3.10/site-packages/tensordict/_reductions.py", line 11, in <module>
  File "/vol/bitbucket/osella/pyenv/versions/qecc1/lib/python3.10/site-packages/tensordict/_reductions.py", line 11, in <module>
    import tensordict._reductions
  File "/vol/bitbucket/osella/pyenv/versions/qecc1/lib/python3.10/site-packages/tensordict/_reductions.py", line 11, in <module>
    import tensordict._reductions
  File "/vol/bitbucket/osella/pyenv/versions/qecc1/lib/python3.10/site-packages/tensordict/_reductions.py", line 11, in <module>
    from tensordict._lazy import LazyStackedTensorDict
    from tensordict._lazy import LazyStackedTensorDict
    from tensordict._lazy import LazyStackedTensorDict
    from tensordict._lazy import LazyStackedTensorDict
    from tensordict._lazy import LazyStackedTensorDict
    from tensordict._lazy import LazyStackedTensorDict
    from tensordict._lazy import LazyStackedTensorDict
  File "/vol/bitbucket/osella/pyenv/versions/qecc1/lib/python3.10/site-packages/tensordict/_lazy.py", line 38, in <module>
  File "/vol/bitbucket/osella/pyenv/versions/qecc1/lib/python3.10/site-packages/tensordict/_lazy.py", line 38, in <module>
    from tensordict._lazy import LazyStackedTensorDict
  File "/vol/bitbucket/osella/pyenv/versions/qecc1/lib/python3.10/site-packages/tensordict/_lazy.py", line 38, in <module>
    from tensordict._lazy import LazyStackedTensorDict
    from tensordict._lazy import LazyStackedTensorDict
    from tensordict._lazy import LazyStackedTensorDict
    from tensordict._lazy import LazyStackedTensorDict
  File "/vol/bitbucket/osella/pyenv/versions/qecc1/lib/python3.10/site-packages/tensordict/_lazy.py", line 38, in <module>
    from tensordict._lazy import LazyStackedTensorDict
    from tensordict._lazy import LazyStackedTensorDict
  File "/vol/bitbucket/osella/pyenv/versions/qecc1/lib/python3.10/site-packages/tensordict/_lazy.py", line 38, in <module>
    from tensordict._lazy import LazyStackedTensorDict
  File "/vol/bitbucket/osella/pyenv/versions/qecc1/lib/python3.10/site-packages/tensordict/_lazy.py", line 38, in <module>
  File "/vol/bitbucket/osella/pyenv/versions/qecc1/lib/python3.10/site-packages/tensordict/_lazy.py", line 38, in <module>
  File "/vol/bitbucket/osella/pyenv/versions/qecc1/lib/python3.10/site-packages/tensordict/_lazy.py", line 38, in <module>
  File "/vol/bitbucket/osella/pyenv/versions/qecc1/lib/python3.10/site-packages/tensordict/_lazy.py", line 38, in <module>
  File "/vol/bitbucket/osella/pyenv/versions/qecc1/lib/python3.10/site-packages/tensordict/_lazy.py", line 38, in <module>
  File "/vol/bitbucket/osella/pyenv/versions/qecc1/lib/python3.10/site-packages/tensordict/_lazy.py", line 38, in <module>
  File "/vol/bitbucket/osella/pyenv/versions/qecc1/lib/python3.10/site-packages/tensordict/_lazy.py", line 38, in <module>
  File "/vol/bitbucket/osella/pyenv/versions/qecc1/lib/python3.10/site-packages/tensordict/_lazy.py", line 38, in <module>
  File "/vol/bitbucket/osella/pyenv/versions/qecc1/lib/python3.10/site-packages/tensordict/_lazy.py", line 38, in <module>
  File "/vol/bitbucket/osella/pyenv/versions/qecc1/lib/python3.10/site-packages/tensordict/_lazy.py", line 38, in <module>
    from tensordict._lazy import LazyStackedTensorDict
  File "/vol/bitbucket/osella/pyenv/versions/qecc1/lib/python3.10/site-packages/tensordict/_lazy.py", line 38, in <module>
    from tensordict._td import _SubTensorDict, _TensorDictKeysView, TensorDict
    from tensordict._td import _SubTensorDict, _TensorDictKeysView, TensorDict
    from tensordict._td import _SubTensorDict, _TensorDictKeysView, TensorDict
    from tensordict._td import _SubTensorDict, _TensorDictKeysView, TensorDict
    from tensordict._td import _SubTensorDict, _TensorDictKeysView, TensorDict
    from tensordict._td import _SubTensorDict, _TensorDictKeysView, TensorDict
    from tensordict._td import _SubTensorDict, _TensorDictKeysView, TensorDict
    from tensordict._td import _SubTensorDict, _TensorDictKeysView, TensorDict
    from tensordict._td import _SubTensorDict, _TensorDictKeysView, TensorDict
    from tensordict._td import _SubTensorDict, _TensorDictKeysView, TensorDict
    from tensordict._td import _SubTensorDict, _TensorDictKeysView, TensorDict
    from tensordict._td import _SubTensorDict, _TensorDictKeysView, TensorDict
  File "/vol/bitbucket/osella/pyenv/versions/qecc1/lib/python3.10/site-packages/tensordict/_td.py", line 37, in <module>
  File "/vol/bitbucket/osella/pyenv/versions/qecc1/lib/python3.10/site-packages/tensordict/_td.py", line 37, in <module>
  File "/vol/bitbucket/osella/pyenv/versions/qecc1/lib/python3.10/site-packages/tensordict/_td.py", line 37, in <module>
  File "/vol/bitbucket/osella/pyenv/versions/qecc1/lib/python3.10/site-packages/tensordict/_td.py", line 37, in <module>
  File "/vol/bitbucket/osella/pyenv/versions/qecc1/lib/python3.10/site-packages/tensordict/_td.py", line 37, in <module>
  File "/vol/bitbucket/osella/pyenv/versions/qecc1/lib/python3.10/site-packages/tensordict/_td.py", line 37, in <module>
    from tensordict._td import _SubTensorDict, _TensorDictKeysView, TensorDict
    from tensordict._td import _SubTensorDict, _TensorDictKeysView, TensorDict
  File "/vol/bitbucket/osella/pyenv/versions/qecc1/lib/python3.10/site-packages/tensordict/_td.py", line 37, in <module>
  File "/vol/bitbucket/osella/pyenv/versions/qecc1/lib/python3.10/site-packages/tensordict/_td.py", line 37, in <module>
  File "/vol/bitbucket/osella/pyenv/versions/qecc1/lib/python3.10/site-packages/tensordict/_td.py", line 37, in <module>
  File "/vol/bitbucket/osella/pyenv/versions/qecc1/lib/python3.10/site-packages/tensordict/_td.py", line 37, in <module>
  File "/vol/bitbucket/osella/pyenv/versions/qecc1/lib/python3.10/site-packages/tensordict/_td.py", line 37, in <module>
  File "/vol/bitbucket/osella/pyenv/versions/qecc1/lib/python3.10/site-packages/tensordict/_td.py", line 37, in <module>
    from tensordict._td import _SubTensorDict, _TensorDictKeysView, TensorDict
  File "/vol/bitbucket/osella/pyenv/versions/qecc1/lib/python3.10/site-packages/tensordict/_td.py", line 37, in <module>
  File "/vol/bitbucket/osella/pyenv/versions/qecc1/lib/python3.10/site-packages/tensordict/_td.py", line 37, in <module>
  File "/vol/bitbucket/osella/pyenv/versions/qecc1/lib/python3.10/site-packages/tensordict/_td.py", line 37, in <module>
    from tensordict._td import _SubTensorDict, _TensorDictKeysView, TensorDict
  File "/vol/bitbucket/osella/pyenv/versions/qecc1/lib/python3.10/site-packages/tensordict/_td.py", line 37, in <module>
    from tensordict.base import (
    from tensordict.base import (
    from tensordict.base import (
    from tensordict.base import (
    from tensordict.base import (
  File "/vol/bitbucket/osella/pyenv/versions/qecc1/lib/python3.10/site-packages/tensordict/base.py", line 55, in <module>
    from tensordict.base import (
    from tensordict.base import (
    from tensordict.base import (
    from tensordict.base import (
    from tensordict.base import (
    from tensordict.base import (
    from tensordict.base import (
  File "/vol/bitbucket/osella/pyenv/versions/qecc1/lib/python3.10/site-packages/tensordict/base.py", line 55, in <module>
    from tensordict.base import (
  File "/vol/bitbucket/osella/pyenv/versions/qecc1/lib/python3.10/site-packages/tensordict/base.py", line 55, in <module>
    from tensordict.base import (
    from tensordict.base import (
  File "/vol/bitbucket/osella/pyenv/versions/qecc1/lib/python3.10/site-packages/tensordict/base.py", line 55, in <module>
  File "/vol/bitbucket/osella/pyenv/versions/qecc1/lib/python3.10/site-packages/tensordict/base.py", line 55, in <module>
  File "/vol/bitbucket/osella/pyenv/versions/qecc1/lib/python3.10/site-packages/tensordict/base.py", line 55, in <module>
  File "/vol/bitbucket/osella/pyenv/versions/qecc1/lib/python3.10/site-packages/tensordict/base.py", line 55, in <module>
  File "/vol/bitbucket/osella/pyenv/versions/qecc1/lib/python3.10/site-packages/tensordict/base.py", line 55, in <module>
  File "/vol/bitbucket/osella/pyenv/versions/qecc1/lib/python3.10/site-packages/tensordict/base.py", line 55, in <module>
  File "/vol/bitbucket/osella/pyenv/versions/qecc1/lib/python3.10/site-packages/tensordict/base.py", line 55, in <module>
  File "/vol/bitbucket/osella/pyenv/versions/qecc1/lib/python3.10/site-packages/tensordict/base.py", line 55, in <module>
  File "/vol/bitbucket/osella/pyenv/versions/qecc1/lib/python3.10/site-packages/tensordict/base.py", line 55, in <module>
  File "/vol/bitbucket/osella/pyenv/versions/qecc1/lib/python3.10/site-packages/tensordict/base.py", line 55, in <module>
  File "/vol/bitbucket/osella/pyenv/versions/qecc1/lib/python3.10/site-packages/tensordict/base.py", line 55, in <module>
  File "/vol/bitbucket/osella/pyenv/versions/qecc1/lib/python3.10/site-packages/tensordict/base.py", line 55, in <module>
    from tensordict.base import (
  File "/vol/bitbucket/osella/pyenv/versions/qecc1/lib/python3.10/site-packages/tensordict/base.py", line 55, in <module>
    from tensordict._datasets import to_mds
    from tensordict._datasets import to_mds
    from tensordict._datasets import to_mds
    from tensordict._datasets import to_mds
    from tensordict._datasets import to_mds
    from tensordict._datasets import to_mds
    from tensordict._datasets import to_mds
    from tensordict._datasets import to_mds
    from tensordict._datasets import to_mds
    from tensordict._datasets import to_mds
    from tensordict._datasets import to_mds
    from tensordict._datasets import to_mds
  File "/vol/bitbucket/osella/pyenv/versions/qecc1/lib/python3.10/site-packages/tensordict/_datasets.py", line 12, in <module>
  File "/vol/bitbucket/osella/pyenv/versions/qecc1/lib/python3.10/site-packages/tensordict/_datasets.py", line 12, in <module>
    from tensordict._datasets import to_mds
    from tensordict._datasets import to_mds
    from tensordict._datasets import to_mds
  File "/vol/bitbucket/osella/pyenv/versions/qecc1/lib/python3.10/site-packages/tensordict/_datasets.py", line 12, in <module>
  File "/vol/bitbucket/osella/pyenv/versions/qecc1/lib/python3.10/site-packages/tensordict/_datasets.py", line 12, in <module>
  File "/vol/bitbucket/osella/pyenv/versions/qecc1/lib/python3.10/site-packages/tensordict/_datasets.py", line 12, in <module>
  File "/vol/bitbucket/osella/pyenv/versions/qecc1/lib/python3.10/site-packages/tensordict/_datasets.py", line 12, in <module>
  File "/vol/bitbucket/osella/pyenv/versions/qecc1/lib/python3.10/site-packages/tensordict/_datasets.py", line 12, in <module>
  File "/vol/bitbucket/osella/pyenv/versions/qecc1/lib/python3.10/site-packages/tensordict/_datasets.py", line 12, in <module>
  File "/vol/bitbucket/osella/pyenv/versions/qecc1/lib/python3.10/site-packages/tensordict/_datasets.py", line 12, in <module>
  File "/vol/bitbucket/osella/pyenv/versions/qecc1/lib/python3.10/site-packages/tensordict/_datasets.py", line 12, in <module>
  File "/vol/bitbucket/osella/pyenv/versions/qecc1/lib/python3.10/site-packages/tensordict/_datasets.py", line 12, in <module>
  File "/vol/bitbucket/osella/pyenv/versions/qecc1/lib/python3.10/site-packages/tensordict/_datasets.py", line 12, in <module>
  File "/vol/bitbucket/osella/pyenv/versions/qecc1/lib/python3.10/site-packages/tensordict/_datasets.py", line 12, in <module>
  File "/vol/bitbucket/osella/pyenv/versions/qecc1/lib/python3.10/site-packages/tensordict/_datasets.py", line 12, in <module>
    from tensordict._datasets import to_mds
  File "/vol/bitbucket/osella/pyenv/versions/qecc1/lib/python3.10/site-packages/tensordict/_datasets.py", line 12, in <module>
  File "/vol/bitbucket/osella/pyenv/versions/qecc1/lib/python3.10/site-packages/tensordict/_datasets.py", line 12, in <module>
    from tensordict.utils import is_non_tensor
    from tensordict.utils import is_non_tensor
    from tensordict.utils import is_non_tensor
  File "/vol/bitbucket/osella/pyenv/versions/qecc1/lib/python3.10/site-packages/tensordict/utils.py", line 183, in <module>
    from tensordict.utils import is_non_tensor
    from tensordict.utils import is_non_tensor
    from tensordict.utils import is_non_tensor
    from tensordict.utils import is_non_tensor
    from tensordict.utils import is_non_tensor
    from tensordict.utils import is_non_tensor
    from tensordict.utils import is_non_tensor
  File "/vol/bitbucket/osella/pyenv/versions/qecc1/lib/python3.10/site-packages/tensordict/utils.py", line 183, in <module>
    from tensordict.utils import is_non_tensor
    from tensordict.utils import is_non_tensor
  File "/vol/bitbucket/osella/pyenv/versions/qecc1/lib/python3.10/site-packages/tensordict/utils.py", line 183, in <module>
    from tensordict.utils import is_non_tensor
  File "/vol/bitbucket/osella/pyenv/versions/qecc1/lib/python3.10/site-packages/tensordict/utils.py", line 183, in <module>
  File "/vol/bitbucket/osella/pyenv/versions/qecc1/lib/python3.10/site-packages/tensordict/utils.py", line 183, in <module>
    from tensordict.utils import is_non_tensor
  File "/vol/bitbucket/osella/pyenv/versions/qecc1/lib/python3.10/site-packages/tensordict/utils.py", line 183, in <module>
  File "/vol/bitbucket/osella/pyenv/versions/qecc1/lib/python3.10/site-packages/tensordict/utils.py", line 183, in <module>
    from tensordict.utils import is_non_tensor
  File "/vol/bitbucket/osella/pyenv/versions/qecc1/lib/python3.10/site-packages/tensordict/utils.py", line 183, in <module>
  File "/vol/bitbucket/osella/pyenv/versions/qecc1/lib/python3.10/site-packages/tensordict/utils.py", line 183, in <module>
  File "/vol/bitbucket/osella/pyenv/versions/qecc1/lib/python3.10/site-packages/tensordict/utils.py", line 183, in <module>
  File "/vol/bitbucket/osella/pyenv/versions/qecc1/lib/python3.10/site-packages/tensordict/utils.py", line 183, in <module>
  File "/vol/bitbucket/osella/pyenv/versions/qecc1/lib/python3.10/site-packages/tensordict/utils.py", line 183, in <module>
  File "/vol/bitbucket/osella/pyenv/versions/qecc1/lib/python3.10/site-packages/tensordict/utils.py", line 183, in <module>
  File "/vol/bitbucket/osella/pyenv/versions/qecc1/lib/python3.10/site-packages/tensordict/utils.py", line 183, in <module>
  File "/vol/bitbucket/osella/pyenv/versions/qecc1/lib/python3.10/site-packages/tensordict/utils.py", line 183, in <module>
    from tensordict.utils import is_non_tensor
  File "/vol/bitbucket/osella/pyenv/versions/qecc1/lib/python3.10/site-packages/tensordict/utils.py", line 183, in <module>
    _add_batch_dim_c = _import_and_wrap_functorch("_add_batch_dim")
    _add_batch_dim_c = _import_and_wrap_functorch("_add_batch_dim")
    _add_batch_dim_c = _import_and_wrap_functorch("_add_batch_dim")
    _add_batch_dim_c = _import_and_wrap_functorch("_add_batch_dim")
    _add_batch_dim_c = _import_and_wrap_functorch("_add_batch_dim")
    _add_batch_dim_c = _import_and_wrap_functorch("_add_batch_dim")
    _add_batch_dim_c = _import_and_wrap_functorch("_add_batch_dim")
    _add_batch_dim_c = _import_and_wrap_functorch("_add_batch_dim")
    _add_batch_dim_c = _import_and_wrap_functorch("_add_batch_dim")
    _add_batch_dim_c = _import_and_wrap_functorch("_add_batch_dim")
    _add_batch_dim_c = _import_and_wrap_functorch("_add_batch_dim")
    _add_batch_dim_c = _import_and_wrap_functorch("_add_batch_dim")
    _add_batch_dim_c = _import_and_wrap_functorch("_add_batch_dim")
  File "/vol/bitbucket/osella/pyenv/versions/qecc1/lib/python3.10/site-packages/tensordict/utils.py", line 174, in _import_and_wrap_functorch
    _add_batch_dim_c = _import_and_wrap_functorch("_add_batch_dim")
    _add_batch_dim_c = _import_and_wrap_functorch("_add_batch_dim")
  File "/vol/bitbucket/osella/pyenv/versions/qecc1/lib/python3.10/site-packages/tensordict/utils.py", line 174, in _import_and_wrap_functorch
  File "/vol/bitbucket/osella/pyenv/versions/qecc1/lib/python3.10/site-packages/tensordict/utils.py", line 174, in _import_and_wrap_functorch
  File "/vol/bitbucket/osella/pyenv/versions/qecc1/lib/python3.10/site-packages/tensordict/utils.py", line 174, in _import_and_wrap_functorch
  File "/vol/bitbucket/osella/pyenv/versions/qecc1/lib/python3.10/site-packages/tensordict/utils.py", line 174, in _import_and_wrap_functorch
  File "/vol/bitbucket/osella/pyenv/versions/qecc1/lib/python3.10/site-packages/tensordict/utils.py", line 174, in _import_and_wrap_functorch
  File "/vol/bitbucket/osella/pyenv/versions/qecc1/lib/python3.10/site-packages/tensordict/utils.py", line 174, in _import_and_wrap_functorch
  File "/vol/bitbucket/osella/pyenv/versions/qecc1/lib/python3.10/site-packages/tensordict/utils.py", line 174, in _import_and_wrap_functorch
  File "/vol/bitbucket/osella/pyenv/versions/qecc1/lib/python3.10/site-packages/tensordict/utils.py", line 174, in _import_and_wrap_functorch
  File "/vol/bitbucket/osella/pyenv/versions/qecc1/lib/python3.10/site-packages/tensordict/utils.py", line 174, in _import_and_wrap_functorch
  File "/vol/bitbucket/osella/pyenv/versions/qecc1/lib/python3.10/site-packages/tensordict/utils.py", line 174, in _import_and_wrap_functorch
  File "/vol/bitbucket/osella/pyenv/versions/qecc1/lib/python3.10/site-packages/tensordict/utils.py", line 174, in _import_and_wrap_functorch
  File "/vol/bitbucket/osella/pyenv/versions/qecc1/lib/python3.10/site-packages/tensordict/utils.py", line 174, in _import_and_wrap_functorch
  File "/vol/bitbucket/osella/pyenv/versions/qecc1/lib/python3.10/site-packages/tensordict/utils.py", line 174, in _import_and_wrap_functorch
  File "/vol/bitbucket/osella/pyenv/versions/qecc1/lib/python3.10/site-packages/tensordict/utils.py", line 174, in _import_and_wrap_functorch
    _add_batch_dim_c = _import_and_wrap_functorch("_add_batch_dim")
  File "/vol/bitbucket/osella/pyenv/versions/qecc1/lib/python3.10/site-packages/tensordict/utils.py", line 174, in _import_and_wrap_functorch
    func = _wrap_functorch_function(func)
  File "/vol/bitbucket/osella/pyenv/versions/qecc1/lib/python3.10/site-packages/tensordict/utils.py", line 119, in _wrap_functorch_function
    func = _wrap_functorch_function(func)
    func = _wrap_functorch_function(func)
  File "/vol/bitbucket/osella/pyenv/versions/qecc1/lib/python3.10/site-packages/tensordict/utils.py", line 119, in _wrap_functorch_function
  File "/vol/bitbucket/osella/pyenv/versions/qecc1/lib/python3.10/site-packages/tensordict/utils.py", line 119, in _wrap_functorch_function
    func = _wrap_functorch_function(func)
  File "/vol/bitbucket/osella/pyenv/versions/qecc1/lib/python3.10/site-packages/tensordict/utils.py", line 119, in _wrap_functorch_function
    func = _wrap_functorch_function(func)
  File "/vol/bitbucket/osella/pyenv/versions/qecc1/lib/python3.10/site-packages/tensordict/utils.py", line 119, in _wrap_functorch_function
    func = _wrap_functorch_function(func)
  File "/vol/bitbucket/osella/pyenv/versions/qecc1/lib/python3.10/site-packages/tensordict/utils.py", line 119, in _wrap_functorch_function
    func = _wrap_functorch_function(func)
  File "/vol/bitbucket/osella/pyenv/versions/qecc1/lib/python3.10/site-packages/tensordict/utils.py", line 119, in _wrap_functorch_function
    func = _wrap_functorch_function(func)
  File "/vol/bitbucket/osella/pyenv/versions/qecc1/lib/python3.10/site-packages/tensordict/utils.py", line 119, in _wrap_functorch_function
    func = _wrap_functorch_function(func)
  File "/vol/bitbucket/osella/pyenv/versions/qecc1/lib/python3.10/site-packages/tensordict/utils.py", line 119, in _wrap_functorch_function
    func = _wrap_functorch_function(func)
    func = _wrap_functorch_function(func)
    func = _wrap_functorch_function(func)
  File "/vol/bitbucket/osella/pyenv/versions/qecc1/lib/python3.10/site-packages/tensordict/utils.py", line 119, in _wrap_functorch_function
  File "/vol/bitbucket/osella/pyenv/versions/qecc1/lib/python3.10/site-packages/tensordict/utils.py", line 119, in _wrap_functorch_function
  File "/vol/bitbucket/osella/pyenv/versions/qecc1/lib/python3.10/site-packages/tensordict/utils.py", line 119, in _wrap_functorch_function
    func = _wrap_functorch_function(func)
  File "/vol/bitbucket/osella/pyenv/versions/qecc1/lib/python3.10/site-packages/tensordict/utils.py", line 119, in _wrap_functorch_function
    func = _wrap_functorch_function(func)
  File "/vol/bitbucket/osella/pyenv/versions/qecc1/lib/python3.10/site-packages/tensordict/utils.py", line 119, in _wrap_functorch_function
    func = _wrap_functorch_function(func)
  File "/vol/bitbucket/osella/pyenv/versions/qecc1/lib/python3.10/site-packages/tensordict/utils.py", line 119, in _wrap_functorch_function
    func = _wrap_functorch_function(func)
  File "/vol/bitbucket/osella/pyenv/versions/qecc1/lib/python3.10/site-packages/tensordict/utils.py", line 119, in _wrap_functorch_function
    return allow_in_graph(func)
  File "/vol/bitbucket/osella/pyenv/versions/qecc1/lib/python3.10/site-packages/torch/compiler/__init__.py", line 147, in allow_in_graph
    return allow_in_graph(func)
  File "/vol/bitbucket/osella/pyenv/versions/qecc1/lib/python3.10/site-packages/torch/compiler/__init__.py", line 147, in allow_in_graph
    return allow_in_graph(func)
  File "/vol/bitbucket/osella/pyenv/versions/qecc1/lib/python3.10/site-packages/torch/compiler/__init__.py", line 147, in allow_in_graph
    return allow_in_graph(func)
  File "/vol/bitbucket/osella/pyenv/versions/qecc1/lib/python3.10/site-packages/torch/compiler/__init__.py", line 147, in allow_in_graph
    return allow_in_graph(func)
  File "/vol/bitbucket/osella/pyenv/versions/qecc1/lib/python3.10/site-packages/torch/compiler/__init__.py", line 147, in allow_in_graph
    return allow_in_graph(func)
  File "/vol/bitbucket/osella/pyenv/versions/qecc1/lib/python3.10/site-packages/torch/compiler/__init__.py", line 147, in allow_in_graph
    return allow_in_graph(func)
  File "/vol/bitbucket/osella/pyenv/versions/qecc1/lib/python3.10/site-packages/torch/compiler/__init__.py", line 147, in allow_in_graph
    return allow_in_graph(func)
  File "/vol/bitbucket/osella/pyenv/versions/qecc1/lib/python3.10/site-packages/torch/compiler/__init__.py", line 147, in allow_in_graph
    return allow_in_graph(func)
  File "/vol/bitbucket/osella/pyenv/versions/qecc1/lib/python3.10/site-packages/torch/compiler/__init__.py", line 147, in allow_in_graph
    return allow_in_graph(func)
  File "/vol/bitbucket/osella/pyenv/versions/qecc1/lib/python3.10/site-packages/torch/compiler/__init__.py", line 147, in allow_in_graph
    return allow_in_graph(func)
    return allow_in_graph(func)
  File "/vol/bitbucket/osella/pyenv/versions/qecc1/lib/python3.10/site-packages/torch/compiler/__init__.py", line 147, in allow_in_graph
  File "/vol/bitbucket/osella/pyenv/versions/qecc1/lib/python3.10/site-packages/torch/compiler/__init__.py", line 147, in allow_in_graph
    return allow_in_graph(func)
  File "/vol/bitbucket/osella/pyenv/versions/qecc1/lib/python3.10/site-packages/torch/compiler/__init__.py", line 147, in allow_in_graph
    return allow_in_graph(func)
  File "/vol/bitbucket/osella/pyenv/versions/qecc1/lib/python3.10/site-packages/torch/compiler/__init__.py", line 147, in allow_in_graph
    return allow_in_graph(func)
    return allow_in_graph(func)
  File "/vol/bitbucket/osella/pyenv/versions/qecc1/lib/python3.10/site-packages/torch/compiler/__init__.py", line 147, in allow_in_graph
  File "/vol/bitbucket/osella/pyenv/versions/qecc1/lib/python3.10/site-packages/torch/compiler/__init__.py", line 147, in allow_in_graph
    import torch._dynamo
    import torch._dynamo
    import torch._dynamo
    import torch._dynamo
    import torch._dynamo
    import torch._dynamo
    import torch._dynamo
  File "/vol/bitbucket/osella/pyenv/versions/qecc1/lib/python3.10/site-packages/torch/_dynamo/__init__.py", line 13, in <module>
    import torch._dynamo
    import torch._dynamo
    import torch._dynamo
  File "/vol/bitbucket/osella/pyenv/versions/qecc1/lib/python3.10/site-packages/torch/_dynamo/__init__.py", line 13, in <module>
  File "/vol/bitbucket/osella/pyenv/versions/qecc1/lib/python3.10/site-packages/torch/_dynamo/__init__.py", line 13, in <module>
    import torch._dynamo
    import torch._dynamo
    import torch._dynamo
    import torch._dynamo
  File "/vol/bitbucket/osella/pyenv/versions/qecc1/lib/python3.10/site-packages/torch/_dynamo/__init__.py", line 13, in <module>
    import torch._dynamo
  File "/vol/bitbucket/osella/pyenv/versions/qecc1/lib/python3.10/site-packages/torch/_dynamo/__init__.py", line 13, in <module>
  File "/vol/bitbucket/osella/pyenv/versions/qecc1/lib/python3.10/site-packages/torch/_dynamo/__init__.py", line 13, in <module>
  File "/vol/bitbucket/osella/pyenv/versions/qecc1/lib/python3.10/site-packages/torch/_dynamo/__init__.py", line 13, in <module>
  File "/vol/bitbucket/osella/pyenv/versions/qecc1/lib/python3.10/site-packages/torch/_dynamo/__init__.py", line 13, in <module>
  File "/vol/bitbucket/osella/pyenv/versions/qecc1/lib/python3.10/site-packages/torch/_dynamo/__init__.py", line 13, in <module>
  File "/vol/bitbucket/osella/pyenv/versions/qecc1/lib/python3.10/site-packages/torch/_dynamo/__init__.py", line 13, in <module>
  File "/vol/bitbucket/osella/pyenv/versions/qecc1/lib/python3.10/site-packages/torch/_dynamo/__init__.py", line 13, in <module>
  File "/vol/bitbucket/osella/pyenv/versions/qecc1/lib/python3.10/site-packages/torch/_dynamo/__init__.py", line 13, in <module>
  File "/vol/bitbucket/osella/pyenv/versions/qecc1/lib/python3.10/site-packages/torch/_dynamo/__init__.py", line 13, in <module>
  File "/vol/bitbucket/osella/pyenv/versions/qecc1/lib/python3.10/site-packages/torch/_dynamo/__init__.py", line 13, in <module>
  File "/vol/bitbucket/osella/pyenv/versions/qecc1/lib/python3.10/site-packages/torch/_dynamo/__init__.py", line 13, in <module>
    import torch._dynamo
  File "/vol/bitbucket/osella/pyenv/versions/qecc1/lib/python3.10/site-packages/torch/_dynamo/__init__.py", line 13, in <module>
    from . import (
    from . import (
    from . import (
    from . import (
    from . import (
    from . import (
    from . import (
    from . import (
    from . import (
    from . import (
    from . import (
  File "/vol/bitbucket/osella/pyenv/versions/qecc1/lib/python3.10/site-packages/torch/_dynamo/aot_compile.py", line 14, in <module>
  File "/vol/bitbucket/osella/pyenv/versions/qecc1/lib/python3.10/site-packages/torch/_dynamo/aot_compile.py", line 14, in <module>
    from . import (
    from . import (
    from . import (
  File "/vol/bitbucket/osella/pyenv/versions/qecc1/lib/python3.10/site-packages/torch/_dynamo/aot_compile.py", line 14, in <module>
  File "/vol/bitbucket/osella/pyenv/versions/qecc1/lib/python3.10/site-packages/torch/_dynamo/aot_compile.py", line 14, in <module>
    from . import (
  File "/vol/bitbucket/osella/pyenv/versions/qecc1/lib/python3.10/site-packages/torch/_dynamo/aot_compile.py", line 14, in <module>
  File "/vol/bitbucket/osella/pyenv/versions/qecc1/lib/python3.10/site-packages/torch/_dynamo/aot_compile.py", line 14, in <module>
  File "/vol/bitbucket/osella/pyenv/versions/qecc1/lib/python3.10/site-packages/torch/_dynamo/aot_compile.py", line 14, in <module>
  File "/vol/bitbucket/osella/pyenv/versions/qecc1/lib/python3.10/site-packages/torch/_dynamo/aot_compile.py", line 14, in <module>
  File "/vol/bitbucket/osella/pyenv/versions/qecc1/lib/python3.10/site-packages/torch/_dynamo/aot_compile.py", line 14, in <module>
  File "/vol/bitbucket/osella/pyenv/versions/qecc1/lib/python3.10/site-packages/torch/_dynamo/aot_compile.py", line 14, in <module>
  File "/vol/bitbucket/osella/pyenv/versions/qecc1/lib/python3.10/site-packages/torch/_dynamo/aot_compile.py", line 14, in <module>
  File "/vol/bitbucket/osella/pyenv/versions/qecc1/lib/python3.10/site-packages/torch/_dynamo/aot_compile.py", line 14, in <module>
  File "/vol/bitbucket/osella/pyenv/versions/qecc1/lib/python3.10/site-packages/torch/_dynamo/aot_compile.py", line 14, in <module>
  File "/vol/bitbucket/osella/pyenv/versions/qecc1/lib/python3.10/site-packages/torch/_dynamo/aot_compile.py", line 14, in <module>
  File "/vol/bitbucket/osella/pyenv/versions/qecc1/lib/python3.10/site-packages/torch/_dynamo/aot_compile.py", line 14, in <module>
    from . import (
  File "/vol/bitbucket/osella/pyenv/versions/qecc1/lib/python3.10/site-packages/torch/_dynamo/aot_compile.py", line 14, in <module>
    from torch._dynamo.convert_frame import GraphRuntimeEnv
    from torch._dynamo.convert_frame import GraphRuntimeEnv
    from torch._dynamo.convert_frame import GraphRuntimeEnv
    from torch._dynamo.convert_frame import GraphRuntimeEnv
    from torch._dynamo.convert_frame import GraphRuntimeEnv
    from torch._dynamo.convert_frame import GraphRuntimeEnv
    from torch._dynamo.convert_frame import GraphRuntimeEnv
    from torch._dynamo.convert_frame import GraphRuntimeEnv
  File "/vol/bitbucket/osella/pyenv/versions/qecc1/lib/python3.10/site-packages/torch/_dynamo/convert_frame.py", line 60, in <module>
    from torch._dynamo.convert_frame import GraphRuntimeEnv
    from torch._dynamo.convert_frame import GraphRuntimeEnv
    from torch._dynamo.convert_frame import GraphRuntimeEnv
    from torch._dynamo.convert_frame import GraphRuntimeEnv
    from torch._dynamo.convert_frame import GraphRuntimeEnv
  File "/vol/bitbucket/osella/pyenv/versions/qecc1/lib/python3.10/site-packages/torch/_dynamo/convert_frame.py", line 60, in <module>
  File "/vol/bitbucket/osella/pyenv/versions/qecc1/lib/python3.10/site-packages/torch/_dynamo/convert_frame.py", line 60, in <module>
  File "/vol/bitbucket/osella/pyenv/versions/qecc1/lib/python3.10/site-packages/torch/_dynamo/convert_frame.py", line 60, in <module>
  File "/vol/bitbucket/osella/pyenv/versions/qecc1/lib/python3.10/site-packages/torch/_dynamo/convert_frame.py", line 60, in <module>
    from torch._dynamo.convert_frame import GraphRuntimeEnv
    from torch._dynamo.convert_frame import GraphRuntimeEnv
  File "/vol/bitbucket/osella/pyenv/versions/qecc1/lib/python3.10/site-packages/torch/_dynamo/convert_frame.py", line 60, in <module>
  File "/vol/bitbucket/osella/pyenv/versions/qecc1/lib/python3.10/site-packages/torch/_dynamo/convert_frame.py", line 60, in <module>
  File "/vol/bitbucket/osella/pyenv/versions/qecc1/lib/python3.10/site-packages/torch/_dynamo/convert_frame.py", line 60, in <module>
  File "/vol/bitbucket/osella/pyenv/versions/qecc1/lib/python3.10/site-packages/torch/_dynamo/convert_frame.py", line 60, in <module>
  File "/vol/bitbucket/osella/pyenv/versions/qecc1/lib/python3.10/site-packages/torch/_dynamo/convert_frame.py", line 60, in <module>
  File "/vol/bitbucket/osella/pyenv/versions/qecc1/lib/python3.10/site-packages/torch/_dynamo/convert_frame.py", line 60, in <module>
  File "/vol/bitbucket/osella/pyenv/versions/qecc1/lib/python3.10/site-packages/torch/_dynamo/convert_frame.py", line 60, in <module>
  File "/vol/bitbucket/osella/pyenv/versions/qecc1/lib/python3.10/site-packages/torch/_dynamo/convert_frame.py", line 60, in <module>
  File "/vol/bitbucket/osella/pyenv/versions/qecc1/lib/python3.10/site-packages/torch/_dynamo/convert_frame.py", line 60, in <module>
  File "/vol/bitbucket/osella/pyenv/versions/qecc1/lib/python3.10/site-packages/torch/_dynamo/convert_frame.py", line 60, in <module>
    from torch._dynamo.convert_frame import GraphRuntimeEnv
  File "/vol/bitbucket/osella/pyenv/versions/qecc1/lib/python3.10/site-packages/torch/_dynamo/convert_frame.py", line 60, in <module>
    from torch._dynamo.symbolic_convert import TensorifyState
    from torch._dynamo.symbolic_convert import TensorifyState
    from torch._dynamo.symbolic_convert import TensorifyState
    from torch._dynamo.symbolic_convert import TensorifyState
    from torch._dynamo.symbolic_convert import TensorifyState
    from torch._dynamo.symbolic_convert import TensorifyState
    from torch._dynamo.symbolic_convert import TensorifyState
    from torch._dynamo.symbolic_convert import TensorifyState
    from torch._dynamo.symbolic_convert import TensorifyState
    from torch._dynamo.symbolic_convert import TensorifyState
    from torch._dynamo.symbolic_convert import TensorifyState
    from torch._dynamo.symbolic_convert import TensorifyState
    from torch._dynamo.symbolic_convert import TensorifyState
  File "/vol/bitbucket/osella/pyenv/versions/qecc1/lib/python3.10/site-packages/torch/_dynamo/symbolic_convert.py", line 53, in <module>
    from torch._dynamo.symbolic_convert import TensorifyState
  File "/vol/bitbucket/osella/pyenv/versions/qecc1/lib/python3.10/site-packages/torch/_dynamo/symbolic_convert.py", line 53, in <module>
  File "/vol/bitbucket/osella/pyenv/versions/qecc1/lib/python3.10/site-packages/torch/_dynamo/symbolic_convert.py", line 53, in <module>
    from torch._dynamo.symbolic_convert import TensorifyState
  File "/vol/bitbucket/osella/pyenv/versions/qecc1/lib/python3.10/site-packages/torch/_dynamo/symbolic_convert.py", line 53, in <module>
  File "/vol/bitbucket/osella/pyenv/versions/qecc1/lib/python3.10/site-packages/torch/_dynamo/symbolic_convert.py", line 53, in <module>
  File "/vol/bitbucket/osella/pyenv/versions/qecc1/lib/python3.10/site-packages/torch/_dynamo/symbolic_convert.py", line 53, in <module>
  File "/vol/bitbucket/osella/pyenv/versions/qecc1/lib/python3.10/site-packages/torch/_dynamo/symbolic_convert.py", line 53, in <module>
  File "/vol/bitbucket/osella/pyenv/versions/qecc1/lib/python3.10/site-packages/torch/_dynamo/symbolic_convert.py", line 53, in <module>
  File "/vol/bitbucket/osella/pyenv/versions/qecc1/lib/python3.10/site-packages/torch/_dynamo/symbolic_convert.py", line 53, in <module>
  File "/vol/bitbucket/osella/pyenv/versions/qecc1/lib/python3.10/site-packages/torch/_dynamo/symbolic_convert.py", line 53, in <module>
  File "/vol/bitbucket/osella/pyenv/versions/qecc1/lib/python3.10/site-packages/torch/_dynamo/symbolic_convert.py", line 53, in <module>
  File "/vol/bitbucket/osella/pyenv/versions/qecc1/lib/python3.10/site-packages/torch/_dynamo/symbolic_convert.py", line 53, in <module>
  File "/vol/bitbucket/osella/pyenv/versions/qecc1/lib/python3.10/site-packages/torch/_dynamo/symbolic_convert.py", line 53, in <module>
  File "/vol/bitbucket/osella/pyenv/versions/qecc1/lib/python3.10/site-packages/torch/_dynamo/symbolic_convert.py", line 53, in <module>
  File "/vol/bitbucket/osella/pyenv/versions/qecc1/lib/python3.10/site-packages/torch/_dynamo/symbolic_convert.py", line 53, in <module>
    from torch._dynamo.symbolic_convert import TensorifyState
  File "/vol/bitbucket/osella/pyenv/versions/qecc1/lib/python3.10/site-packages/torch/_dynamo/symbolic_convert.py", line 53, in <module>
    from torch._dynamo.exc import ObservedException, TensorifyScalarRestartAnalysis
    from torch._dynamo.exc import ObservedException, TensorifyScalarRestartAnalysis
    from torch._dynamo.exc import ObservedException, TensorifyScalarRestartAnalysis
    from torch._dynamo.exc import ObservedException, TensorifyScalarRestartAnalysis
  File "/vol/bitbucket/osella/pyenv/versions/qecc1/lib/python3.10/site-packages/torch/_dynamo/exc.py", line 44, in <module>
  File "/vol/bitbucket/osella/pyenv/versions/qecc1/lib/python3.10/site-packages/torch/_dynamo/exc.py", line 44, in <module>
    from torch._dynamo.exc import ObservedException, TensorifyScalarRestartAnalysis
    from torch._dynamo.exc import ObservedException, TensorifyScalarRestartAnalysis
    from torch._dynamo.exc import ObservedException, TensorifyScalarRestartAnalysis
  File "/vol/bitbucket/osella/pyenv/versions/qecc1/lib/python3.10/site-packages/torch/_dynamo/exc.py", line 44, in <module>
    from torch._dynamo.exc import ObservedException, TensorifyScalarRestartAnalysis
  File "/vol/bitbucket/osella/pyenv/versions/qecc1/lib/python3.10/site-packages/torch/_dynamo/exc.py", line 44, in <module>
    from torch._dynamo.exc import ObservedException, TensorifyScalarRestartAnalysis
    from torch._dynamo.exc import ObservedException, TensorifyScalarRestartAnalysis
    from torch._dynamo.exc import ObservedException, TensorifyScalarRestartAnalysis
  File "/vol/bitbucket/osella/pyenv/versions/qecc1/lib/python3.10/site-packages/torch/_dynamo/exc.py", line 44, in <module>
    from torch._dynamo.exc import ObservedException, TensorifyScalarRestartAnalysis
    from torch._dynamo.exc import ObservedException, TensorifyScalarRestartAnalysis
    from torch._dynamo.exc import ObservedException, TensorifyScalarRestartAnalysis
  File "/vol/bitbucket/osella/pyenv/versions/qecc1/lib/python3.10/site-packages/torch/_dynamo/exc.py", line 44, in <module>
    from torch._dynamo.exc import ObservedException, TensorifyScalarRestartAnalysis
  File "/vol/bitbucket/osella/pyenv/versions/qecc1/lib/python3.10/site-packages/torch/_dynamo/exc.py", line 44, in <module>
  File "/vol/bitbucket/osella/pyenv/versions/qecc1/lib/python3.10/site-packages/torch/_dynamo/exc.py", line 44, in <module>
  File "/vol/bitbucket/osella/pyenv/versions/qecc1/lib/python3.10/site-packages/torch/_dynamo/exc.py", line 44, in <module>
  File "/vol/bitbucket/osella/pyenv/versions/qecc1/lib/python3.10/site-packages/torch/_dynamo/exc.py", line 44, in <module>
  File "/vol/bitbucket/osella/pyenv/versions/qecc1/lib/python3.10/site-packages/torch/_dynamo/exc.py", line 44, in <module>
  File "/vol/bitbucket/osella/pyenv/versions/qecc1/lib/python3.10/site-packages/torch/_dynamo/exc.py", line 44, in <module>
  File "/vol/bitbucket/osella/pyenv/versions/qecc1/lib/python3.10/site-packages/torch/_dynamo/exc.py", line 44, in <module>
  File "/vol/bitbucket/osella/pyenv/versions/qecc1/lib/python3.10/site-packages/torch/_dynamo/exc.py", line 44, in <module>
  File "/vol/bitbucket/osella/pyenv/versions/qecc1/lib/python3.10/site-packages/torch/_dynamo/exc.py", line 44, in <module>
    from torch._dynamo.exc import ObservedException, TensorifyScalarRestartAnalysis
  File "/vol/bitbucket/osella/pyenv/versions/qecc1/lib/python3.10/site-packages/torch/_dynamo/exc.py", line 44, in <module>
    from .utils import counters
    from .utils import counters
    from .utils import counters
    from .utils import counters
    from .utils import counters
    from .utils import counters
    from .utils import counters
    from .utils import counters
    from .utils import counters
    from .utils import counters
    from .utils import counters
    from .utils import counters
    from .utils import counters
    from .utils import counters
    from .utils import counters
  File "/vol/bitbucket/osella/pyenv/versions/qecc1/lib/python3.10/site-packages/torch/_dynamo/utils.py", line 130, in <module>
  File "/vol/bitbucket/osella/pyenv/versions/qecc1/lib/python3.10/site-packages/torch/_dynamo/utils.py", line 130, in <module>
  File "/vol/bitbucket/osella/pyenv/versions/qecc1/lib/python3.10/site-packages/torch/_dynamo/utils.py", line 130, in <module>
  File "/vol/bitbucket/osella/pyenv/versions/qecc1/lib/python3.10/site-packages/torch/_dynamo/utils.py", line 96, in <module>
  File "/vol/bitbucket/osella/pyenv/versions/qecc1/lib/python3.10/site-packages/torch/_dynamo/utils.py", line 130, in <module>
  File "/vol/bitbucket/osella/pyenv/versions/qecc1/lib/python3.10/site-packages/torch/_dynamo/utils.py", line 130, in <module>
  File "/vol/bitbucket/osella/pyenv/versions/qecc1/lib/python3.10/site-packages/torch/_dynamo/utils.py", line 93, in <module>
  File "/vol/bitbucket/osella/pyenv/versions/qecc1/lib/python3.10/site-packages/torch/_dynamo/utils.py", line 130, in <module>
  File "/vol/bitbucket/osella/pyenv/versions/qecc1/lib/python3.10/site-packages/torch/_dynamo/utils.py", line 130, in <module>
  File "/vol/bitbucket/osella/pyenv/versions/qecc1/lib/python3.10/site-packages/torch/_dynamo/utils.py", line 69, in <module>
  File "/vol/bitbucket/osella/pyenv/versions/qecc1/lib/python3.10/site-packages/torch/_dynamo/utils.py", line 130, in <module>
  File "/vol/bitbucket/osella/pyenv/versions/qecc1/lib/python3.10/site-packages/torch/_dynamo/utils.py", line 130, in <module>
  File "/vol/bitbucket/osella/pyenv/versions/qecc1/lib/python3.10/site-packages/torch/_dynamo/utils.py", line 130, in <module>
  File "/vol/bitbucket/osella/pyenv/versions/qecc1/lib/python3.10/site-packages/torch/_dynamo/utils.py", line 69, in <module>
  File "/vol/bitbucket/osella/pyenv/versions/qecc1/lib/python3.10/site-packages/torch/_dynamo/utils.py", line 69, in <module>
    from .utils import counters
  File "/vol/bitbucket/osella/pyenv/versions/qecc1/lib/python3.10/site-packages/torch/_dynamo/utils.py", line 130, in <module>
    import torch.fx.experimental.symbolic_shapes
    import torch._numpy as tnp
  File "/vol/bitbucket/osella/pyenv/versions/qecc1/lib/python3.10/site-packages/torch/fx/experimental/symbolic_shapes.py", line 2888, in <module>
    import torch._numpy as tnp
    from torch.utils._triton import has_triton, has_triton_package
  File "/vol/bitbucket/osella/pyenv/versions/qecc1/lib/python3.10/site-packages/torch/_numpy/__init__.py", line 5, in <module>
    import torch._numpy as tnp
    import torch.fx.experimental.symbolic_shapes
    import torch._numpy as tnp
    import torch._numpy as tnp
  File "/vol/bitbucket/osella/pyenv/versions/qecc1/lib/python3.10/site-packages/torch/_numpy/__init__.py", line 7, in <module>
    import torch._numpy as tnp
  File "/vol/bitbucket/osella/pyenv/versions/qecc1/lib/python3.10/site-packages/torch/_numpy/__init__.py", line 3, in <module>
  File "<frozen importlib._bootstrap>", line 1027, in _find_and_load
    from .graph_utils import _get_flat_args
    import torch._numpy as tnp
    import torch._numpy as tnp
    import torch._numpy as tnp
    import torch._numpy as tnp
    import torch._numpy as tnp
  File "/vol/bitbucket/osella/pyenv/versions/qecc1/lib/python3.10/site-packages/torch/_numpy/__init__.py", line 3, in <module>
  File "/vol/bitbucket/osella/pyenv/versions/qecc1/lib/python3.10/site-packages/torch/fx/experimental/symbolic_shapes.py", line 1903, in <module>
  File "/vol/bitbucket/osella/pyenv/versions/qecc1/lib/python3.10/site-packages/torch/_numpy/__init__.py", line 7, in <module>
  File "/vol/bitbucket/osella/pyenv/versions/qecc1/lib/python3.10/site-packages/torch/_numpy/__init__.py", line 3, in <module>
  File "<frozen importlib._bootstrap>", line 1027, in _find_and_load
  File "/vol/bitbucket/osella/pyenv/versions/qecc1/lib/python3.10/site-packages/torch/_numpy/__init__.py", line 7, in <module>
  File "/vol/bitbucket/osella/pyenv/versions/qecc1/lib/python3.10/site-packages/torch/_numpy/__init__.py", line 3, in <module>
  File "/vol/bitbucket/osella/pyenv/versions/qecc1/lib/python3.10/site-packages/torch/_numpy/__init__.py", line 3, in <module>
  File "/vol/bitbucket/osella/pyenv/versions/qecc1/lib/python3.10/site-packages/torch/_numpy/__init__.py", line 5, in <module>
  File "/vol/bitbucket/osella/pyenv/versions/qecc1/lib/python3.10/site-packages/torch/_numpy/__init__.py", line 7, in <module>
    import torch.fx.experimental.symbolic_shapes
  File "/vol/bitbucket/osella/pyenv/versions/qecc1/lib/python3.10/site-packages/torch/fx/experimental/symbolic_shapes.py", line 2644, in <module>
  File "<frozen importlib._bootstrap>", line 1006, in _find_and_load_unlocked
  File "<frozen importlib._bootstrap>", line 1006, in _find_and_load_unlocked
  File "<frozen importlib._bootstrap>", line 688, in _load_unlocked
  File "<frozen importlib._bootstrap>", line 688, in _load_unlocked
  File "<frozen importlib._bootstrap_external>", line 879, in exec_module
  File "<frozen importlib._bootstrap_external>", line 879, in exec_module
    class StrictMinMaxConstraint(Constraint):
  File "/vol/bitbucket/osella/pyenv/versions/3.10.16/lib/python3.10/dataclasses.py", line 1175, in wrap
    class RuntimeAssert:
  File "/vol/bitbucket/osella/pyenv/versions/3.10.16/lib/python3.10/dataclasses.py", line 1175, in wrap
    class DimConstraints:
KeyboardInterrupt
  File "<frozen importlib._bootstrap_external>", line 975, in get_code
  File "<frozen importlib._bootstrap_external>", line 975, in get_code
  File "<frozen importlib._bootstrap_external>", line 1074, in get_data
  File "<frozen importlib._bootstrap_external>", line 1074, in get_data
KeyboardInterrupt
KeyboardInterrupt
    return _process_class(cls, init, repr, eq, order, unsafe_hash,
  File "/vol/bitbucket/osella/pyenv/versions/3.10.16/lib/python3.10/dataclasses.py", line 1075, in _process_class
    return _process_class(cls, init, repr, eq, order, unsafe_hash,
  File "/vol/bitbucket/osella/pyenv/versions/3.10.16/lib/python3.10/dataclasses.py", line 1044, in _process_class
    _set_new_attribute(cls, '__repr__', _repr_fn(flds, globals))
  File "/vol/bitbucket/osella/pyenv/versions/3.10.16/lib/python3.10/dataclasses.py", line 588, in _repr_fn
    for fn in _frozen_get_del_attr(cls, field_list, globals):
  File "/vol/bitbucket/osella/pyenv/versions/3.10.16/lib/python3.10/dataclasses.py", line 613, in _frozen_get_del_attr
    fn = _create_fn('__repr__',
  File "/vol/bitbucket/osella/pyenv/versions/3.10.16/lib/python3.10/dataclasses.py", line 432, in _create_fn
    _create_fn('__delattr__',
  File "/vol/bitbucket/osella/pyenv/versions/3.10.16/lib/python3.10/dataclasses.py", line 432, in _create_fn
    exec(txt, globals, ns)
  File "<string>", line 1, in <module>
KeyboardInterrupt
    exec(txt, globals, ns)
  File "<string>", line 1, in <module>
KeyboardInterrupt
    from ._ndarray import (
    from ._ndarray import (
    from ._ndarray import (
    from ._ndarray import (
  File "/vol/bitbucket/osella/pyenv/versions/qecc1/lib/python3.10/site-packages/torch/_numpy/_ndarray.py", line 12, in <module>
    from ._funcs import *  # noqa: F403
    from . import fft, linalg, random
    from ._funcs import *  # noqa: F403
    from . import fft, linalg, random
    from . import fft, linalg, random
    from . import fft, linalg, random
    from . import fft, linalg, random
  File "/vol/bitbucket/osella/pyenv/versions/qecc1/lib/python3.10/site-packages/torch/_numpy/fft.py", line 9, in <module>
  File "/vol/bitbucket/osella/pyenv/versions/qecc1/lib/python3.10/site-packages/torch/_numpy/_ndarray.py", line 12, in <module>
  File "/vol/bitbucket/osella/pyenv/versions/qecc1/lib/python3.10/site-packages/torch/_numpy/_ndarray.py", line 12, in <module>
  File "/vol/bitbucket/osella/pyenv/versions/qecc1/lib/python3.10/site-packages/torch/_numpy/_ndarray.py", line 12, in <module>
  File "/vol/bitbucket/osella/pyenv/versions/qecc1/lib/python3.10/site-packages/torch/_numpy/_funcs.py", line 41, in <module>
  File "<frozen importlib._bootstrap>", line 1027, in _find_and_load
  File "/vol/bitbucket/osella/pyenv/versions/qecc1/lib/python3.10/site-packages/torch/_numpy/_funcs.py", line 41, in <module>
  File "<frozen importlib._bootstrap>", line 1027, in _find_and_load
  File "/vol/bitbucket/osella/pyenv/versions/qecc1/lib/python3.10/site-packages/torch/_numpy/fft.py", line 10, in <module>
  File "/vol/bitbucket/osella/pyenv/versions/qecc1/lib/python3.10/site-packages/torch/_numpy/fft.py", line 9, in <module>
  File "<frozen importlib._bootstrap>", line 1006, in _find_and_load_unlocked
  File "<frozen importlib._bootstrap>", line 1006, in _find_and_load_unlocked
  File "<frozen importlib._bootstrap>", line 688, in _load_unlocked
  File "<frozen importlib._bootstrap>", line 688, in _load_unlocked
  File "<frozen importlib._bootstrap_external>", line 879, in exec_module
  File "<frozen importlib._bootstrap_external>", line 879, in exec_module
  File "<frozen importlib._bootstrap_external>", line 975, in get_code
  File "<frozen importlib._bootstrap_external>", line 1074, in get_data
  File "<frozen importlib._bootstrap_external>", line 975, in get_code
KeyboardInterrupt
  File "<frozen importlib._bootstrap_external>", line 1074, in get_data
KeyboardInterrupt
    from . import _dtypes_impl, _util
    from . import _dtypes_impl, _util
    from ._normalizations import ArrayLike, normalizer
  File "/vol/bitbucket/osella/pyenv/versions/qecc1/lib/python3.10/site-packages/torch/_numpy/_dtypes_impl.py", line 53, in <module>
  File "<frozen importlib._bootstrap>", line 1027, in _find_and_load
  File "<frozen importlib._bootstrap>", line 1027, in _find_and_load
  File "<frozen importlib._bootstrap>", line 1006, in _find_and_load_unlocked
  File "<frozen importlib._bootstrap>", line 1006, in _find_and_load_unlocked
  File "<frozen importlib._bootstrap>", line 688, in _load_unlocked
  File "<frozen importlib._bootstrap>", line 688, in _load_unlocked
  File "<frozen importlib._bootstrap_external>", line 879, in exec_module
  File "<frozen importlib._bootstrap_external>", line 879, in exec_module
  File "<frozen importlib._bootstrap_external>", line 975, in get_code
  File "<frozen importlib._bootstrap_external>", line 975, in get_code
  File "<frozen importlib._bootstrap_external>", line 1074, in get_data
  File "<frozen importlib._bootstrap_external>", line 1074, in get_data
KeyboardInterrupt
KeyboardInterrupt
    from . import _dtypes, _dtypes_impl, _funcs, _ufuncs, _util
    from . import _dtypes, _dtypes_impl, _funcs, _ufuncs, _util
    from . import _dtypes, _dtypes_impl, _funcs, _ufuncs, _util
    from . import _dtypes, _dtypes_impl, _funcs, _ufuncs, _util
  File "<frozen importlib._bootstrap>", line 1027, in _find_and_load
  File "<frozen importlib._bootstrap>", line 1027, in _find_and_load
  File "<frozen importlib._bootstrap>", line 1027, in _find_and_load
  File "<frozen importlib._bootstrap>", line 1027, in _find_and_load
  File "<frozen importlib._bootstrap>", line 1006, in _find_and_load_unlocked
  File "<frozen importlib._bootstrap>", line 1006, in _find_and_load_unlocked
  File "<frozen importlib._bootstrap>", line 1006, in _find_and_load_unlocked
  File "<frozen importlib._bootstrap>", line 1006, in _find_and_load_unlocked
  File "<frozen importlib._bootstrap>", line 688, in _load_unlocked
  File "<frozen importlib._bootstrap>", line 688, in _load_unlocked
  File "<frozen importlib._bootstrap>", line 688, in _load_unlocked
  File "<frozen importlib._bootstrap>", line 688, in _load_unlocked
  File "<frozen importlib._bootstrap_external>", line 879, in exec_module
  File "<frozen importlib._bootstrap_external>", line 879, in exec_module
  File "<frozen importlib._bootstrap_external>", line 879, in exec_module
  File "<frozen importlib._bootstrap_external>", line 879, in exec_module
  File "<frozen importlib._bootstrap_external>", line 975, in get_code
  File "<frozen importlib._bootstrap_external>", line 975, in get_code
  File "<frozen importlib._bootstrap_external>", line 975, in get_code
  File "<frozen importlib._bootstrap_external>", line 975, in get_code
  File "<frozen importlib._bootstrap_external>", line 1074, in get_data
  File "<frozen importlib._bootstrap_external>", line 1074, in get_data
  File "<frozen importlib._bootstrap_external>", line 1074, in get_data
  File "<frozen importlib._bootstrap_external>", line 1074, in get_data
KeyboardInterrupt
KeyboardInterrupt
KeyboardInterrupt
KeyboardInterrupt
    from . import _casting_dicts as _cd
  File "<frozen importlib._bootstrap>", line 1027, in _find_and_load
  File "<frozen importlib._bootstrap>", line 1006, in _find_and_load_unlocked
  File "<frozen importlib._bootstrap>", line 688, in _load_unlocked
  File "<frozen importlib._bootstrap_external>", line 879, in exec_module
  File "<frozen importlib._bootstrap_external>", line 975, in get_code
  File "<frozen importlib._bootstrap_external>", line 1074, in get_data
KeyboardInterrupt
    decorated = normalizer(func)
    decorated = normalizer(func)
  File "/vol/bitbucket/osella/pyenv/versions/qecc1/lib/python3.10/site-packages/torch/_numpy/_normalizations.py", line 258, in normalizer
  File "/vol/bitbucket/osella/pyenv/versions/qecc1/lib/python3.10/site-packages/torch/_numpy/_normalizations.py", line 261, in normalizer
    if _func is None:
    return normalizer_inner(_func)
KeyboardInterrupt
  File "/vol/bitbucket/osella/pyenv/versions/qecc1/lib/python3.10/site-packages/torch/_numpy/_normalizations.py", line 208, in normalizer_inner
    def wrapped(*args, **kwds):
  File "/vol/bitbucket/osella/pyenv/versions/3.10.16/lib/python3.10/functools.py", line 35, in update_wrapper
    def update_wrapper(wrapper,
KeyboardInterrupt
collectWorker3 ash36: ended Sun 26 Jul 18:40:31 BST 2026
labWorker ash36: collect ended naturally Sun 26 Jul 18:45:02 BST 2026
labWorker ash36: started collect pid 979880 (l=3 m=27) Sun 26 Jul 18:55:18 BST 2026
collectWorker3 ash36: l=3 m=27 workers=16 seed=671572441 stage=1 Sun 26 Jul 18:55:18 BST 2026
Creating log dir /data/osella/collectStage/2026-07-26_18-55-37_979895...
Checking the directory was created: True
Training begins on:
2026-07-26 18:55:58 Sunday
  0%|          | 0/50000000 [00:00<?, ?it/s][92m2026-07-26 18:57:53,704 [torchrl][INFO][0m    Initialized LazyTensorStorage with torch.Size([500]) shape[92m [END][0m
  0%|          | 512/50000000 [02:23<3881:36:12,  3.58it/s]  0%|          | 1024/50000000 [05:47<4857:30:40,  2.86it/s]  0%|          | 1536/50000000 [09:05<5090:59:04,  2.73it/s]  0%|          | 2048/50000000 [12:24<5215:04:37,  2.66it/s]  0%|          | 2560/50000000 [15:38<5229:49:57,  2.66it/s]  0%|          | 3072/50000000 [19:00<5313:30:47,  2.61it/s]  0%|          | 3584/50000000 [22:11<5272:43:03,  2.63it/s]  0%|          | 4096/50000000 [25:30<5312:44:27,  2.61it/s]  0%|          | 4608/50000000 [28:53<5375:38:34,  2.58it/s]  0%|          | 5120/50000000 [32:07<5334:40:51,  2.60it/s]  0%|          | 5632/50000000 [35:31<5400:56:53,  2.57it/s]  0%|          | 6144/50000000 [39:22<5664:59:18,  2.45it/s]  0%|          | 6656/50000000 [42:44<5604:55:18,  2.48it/s]  0%|          | 7168/50000000 [46:04<5548:57:13,  2.50it/s]  0%|          | 7680/50000000 [49:28<5544:11:13,  2.50it/s]  0%|          | 8192/50000000 [52:51<5536:23:20,  2.51it/s]  0%|          | 8704/50000000 [56:10<5492:07:56,  2.53it/s]  0%|          | 9216/50000000 [59:34<5502:04:54,  2.52it/s]  0%|          | 9728/50000000 [1:03:00<5527:19:17,  2.51it/s]  0%|          | 10240/50000000 [1:06:15<5459:39:53,  2.54it/s]  0%|          | 10752/50000000 [1:09:34<5439:05:28,  2.55it/s]  0%|          | 11264/50000000 [1:13:33<5753:52:28,  2.41it/s]  0%|          | 11776/50000000 [1:16:58<5697:58:22,  2.44it/s]  0%|          | 12288/50000000 [1:20:13<5569:25:12,  2.49it/s]  0%|          | 12800/50000000 [1:23:32<5515:18:00,  2.52it/s]  0%|          | 13312/50000000 [1:26:52<5488:34:42,  2.53it/s]  0%|          | 13824/50000000 [1:30:10<5455:14:19,  2.55it/s]  0%|          | 14336/50000000 [1:33:34<5477:28:36,  2.53it/s]  0%|          | 14848/50000000 [1:36:47<5407:24:31,  2.57it/s]  0%|          | 15360/50000000 [1:40:22<5531:44:07,  2.51it/s]  0%|          | 15872/50000000 [1:43:52<5580:00:49,  2.49it/s]  0%|          | 16384/50000000 [1:47:42<5781:13:13,  2.40it/s]  0%|          | 16896/50000000 [1:51:09<5724:38:43,  2.43it/s]  0%|          | 17408/50000000 [1:54:26<5615:13:49,  2.47it/s]  0%|          | 17920/50000000 [1:57:47<5563:58:44,  2.50it/s]  0%|          | 18432/50000000 [2:01:15<5583:37:22,  2.49it/s]  0%|          | 18944/50000000 [2:04:31<5507:25:39,  2.52it/s]  0%|          | 19456/50000000 [2:07:58<5539:44:22,  2.51it/s]  0%|          | 19968/50000000 [2:11:17<5492:15:55,  2.53it/s]  0%|          | 20480/50000000 [2:14:31<5423:13:35,  2.56it/s]  0%|          | 20992/50000000 [2:17:55<5458:26:42,  2.54it/s]  0%|          | 21504/50000000 [2:21:42<5663:38:46,  2.45it/s]  0%|          | 22016/50000000 [2:24:59<5568:43:43,  2.49it/s]  0%|          | 22528/50000000 [2:28:18<5519:25:54,  2.52it/s]  0%|          | 23040/50000000 [2:31:47<5565:56:24,  2.49it/s]  0%|          | 23552/50000000 [2:35:18<5608:28:39,  2.48it/s]  0%|          | 24064/50000000 [2:38:39<5563:00:13,  2.50it/s]  0%|          | 24576/50000000 [2:41:49<5437:03:34,  2.55it/s]  0%|          | 25088/50000000 [2:45:01<5370:31:49,  2.58it/s]  0%|          | 25600/50000000 [2:48:31<5465:33:23,  2.54it/s]  0%|          | 26112/50000000 [2:52:08<5592:26:09,  2.48it/s]  0%|          | 26624/50000000 [2:55:46<5683:33:02,  2.44it/s]  0%|          | 27136/50000000 [2:59:15<5676:51:47,  2.45it/s]  0%|          | 27648/50000000 [3:02:27<5537:21:53,  2.51it/s]  0%|          | 28160/50000000 [3:05:59<5598:38:40,  2.48it/s]  0%|          | 28672/50000000 [3:09:22<5576:42:18,  2.49it/s]  0%|          | 29184/50000000 [3:12:56<5644:59:01,  2.46it/s]  0%|          | 29696/50000000 [3:16:32<5708:24:18,  2.43it/s]  0%|          | 30208/50000000 [3:19:56<5655:01:33,  2.45it/s]  0%|          | 30720/50000000 [3:23:19<5601:33:11,  2.48it/s]  0%|          | 31232/50000000 [3:26:42<5573:52:05,  2.49it/s]  0%|          | 31744/50000000 [3:30:11<5603:55:47,  2.48it/s]  0%|          | 32256/50000000 [3:33:54<5738:08:53,  2.42it/s]  0%|          | 32768/50000000 [3:37:20<5691:42:44,  2.44it/s]  0%|          | 33280/50000000 [3:40:51<5695:56:55,  2.44it/s]  0%|          | 33792/50000000 [3:44:17<5667:07:40,  2.45it/s]  0%|          | 34304/50000000 [3:47:44<5650:15:00,  2.46it/s]  0%|          | 34816/50000000 [3:51:07<5605:38:22,  2.48it/s]  0%|          | 35328/50000000 [3:54:21<5497:12:47,  2.52it/s]  0%|          | 35840/50000000 [3:58:02<5646:16:27,  2.46it/s]  0%|          | 36352/50000000 [4:01:33<5665:54:42,  2.45it/s]  0%|          | 36864/50000000 [4:05:11<5744:29:27,  2.42it/s]  0%|          | 37376/50000000 [4:08:46<5764:04:03,  2.41it/s]  0%|          | 37888/50000000 [4:12:18<5759:44:46,  2.41it/s]  0%|          | 38400/50000000 [4:15:29<5590:40:54,  2.48it/s]  0%|          | 38912/50000000 [4:18:59<5614:34:57,  2.47it/s]  0%|          | 39424/50000000 [4:22:23<5596:16:50,  2.48it/s]  0%|          | 39936/50000000 [4:25:52<5612:01:36,  2.47it/s]  0%|          | 40448/50000000 [4:29:21<5624:41:56,  2.47it/s]  0%|          | 40960/50000000 [4:32:51<5651:22:00,  2.46it/s]  0%|          | 41472/50000000 [4:36:22<5668:57:07,  2.45it/s]  0%|          | 41984/50000000 [4:40:21<5908:04:41,  2.35it/s]  0%|          | 42496/50000000 [4:44:00<5921:14:34,  2.34it/s]  0%|          | 43008/50000000 [4:47:42<5947:39:26,  2.33it/s]  0%|          | 43520/50000000 [4:51:12<5872:40:23,  2.36it/s]  0%|          | 44032/50000000 [4:54:43<5823:18:41,  2.38it/s]  0%|          | 44544/50000000 [4:58:14<5798:04:57,  2.39it/s]  0%|          | 45056/50000000 [5:01:45<5769:46:32,  2.41it/s]  0%|          | 45568/50000000 [5:05:03<5651:06:52,  2.46it/s]  0%|          | 46080/50000000 [5:08:24<5590:52:08,  2.48it/s]  0%|          | 46592/50000000 [5:12:01<5678:39:20,  2.44it/s]  0%|          | 47104/50000000 [5:15:40<5751:12:23,  2.41it/s]  0%|          | 47616/50000000 [5:19:07<5713:22:27,  2.43it/s]  0%|          | 48128/50000000 [5:22:38<5714:20:59,  2.43it/s]  0%|          | 48640/50000000 [5:26:04<5674:35:45,  2.45it/s]  0%|          | 49152/50000000 [5:29:21<5573:59:41,  2.49it/s]  0%|          | 49664/50000000 [5:32:43<5541:09:42,  2.50it/s]  0%|          | 50176/50000000 [5:36:00<5477:45:03,  2.53it/s]  0%|          | 50688/50000000 [5:39:26<5508:21:33,  2.52it/s]  0%|          | 51200/50000000 [5:43:08<5663:04:22,  2.45it/s]  0%|          | 51712/50000000 [5:46:35<5645:31:54,  2.46it/s]  0%|          | 52224/50000000 [5:50:00<5622:18:16,  2.47it/s]  0%|          | 52736/50000000 [5:53:31<5649:15:10,  2.46it/s]  0%|          | 53248/50000000 [5:57:05<5690:20:17,  2.44it/s]  0%|          | 53760/50000000 [6:00:33<5674:34:31,  2.44it/s]  0%|          | 54272/50000000 [6:04:08<5720:46:01,  2.43it/s]  0%|          | 54784/50000000 [6:07:39<5720:07:26,  2.43it/s]  0%|          | 55296/50000000 [6:10:52<5575:23:37,  2.49it/s]  0%|          | 55808/50000000 [6:14:10<5510:40:39,  2.52it/s]  0%|          | 56320/50000000 [6:17:38<5545:57:21,  2.50it/s]  0%|          | 56832/50000000 [6:20:57<5499:05:56,  2.52it/s]  0%|          | 57344/50000000 [6:24:19<5491:11:15,  2.53it/s]  0%|          | 57856/50000000 [6:27:43<5506:31:56,  2.52it/s]  0%|          | 58368/50000000 [6:31:01<5466:53:58,  2.54it/s]  0%|          | 58880/50000000 [6:34:26<5491:11:24,  2.53it/s]  0%|          | 59392/50000000 [6:37:54<5531:23:11,  2.51it/s]  0%|          | 59904/50000000 [6:41:26<5595:22:52,  2.48it/s]  0%|          | 60416/50000000 [6:44:55<5616:48:12,  2.47it/s]  0%|          | 60928/50000000 [6:48:15<5554:00:11,  2.50it/s]  0%|          | 61440/50000000 [6:51:47<5616:45:21,  2.47it/s]  0%|          | 61952/50000000 [6:55:22<5672:35:33,  2.45it/s]  0%|          | 62464/50000000 [6:58:41<5594:08:56,  2.48it/s]  0%|          | 62976/50000000 [7:02:07<5590:35:14,  2.48it/s]  0%|          | 63488/50000000 [7:05:24<5513:46:33,  2.52it/s]  0%|          | 64000/50000000 [7:09:09<5685:15:00,  2.44it/s]  0%|          | 64512/50000000 [7:12:50<5776:16:15,  2.40it/s]  0%|          | 65024/50000000 [7:16:20<5749:07:28,  2.41it/s]  0%|          | 65536/50000000 [7:19:38<5636:10:09,  2.46it/s]  0%|          | 66048/50000000 [7:23:01<5597:35:54,  2.48it/s]  0%|          | 66560/50000000 [7:26:20<5530:15:09,  2.51it/s]  0%|          | 67072/50000000 [7:29:45<5537:34:58,  2.50it/s]  0%|          | 67584/50000000 [7:33:46<5834:26:23,  2.38it/s]  0%|          | 68096/50000000 [7:37:10<5746:51:41,  2.41it/s]  0%|          | 68608/50000000 [7:40:28<5628:54:13,  2.46it/s]  0%|          | 69120/50000000 [7:43:47<5556:01:39,  2.50it/s]  0%|          | 69632/50000000 [7:47:25<5664:14:25,  2.45it/s]  0%|          | 70144/50000000 [7:50:44<5577:49:42,  2.49it/s]  0%|          | 70656/50000000 [7:54:02<5514:44:19,  2.51it/s]  0%|          | 71168/50000000 [7:57:21<5478:13:06,  2.53it/s]  0%|          | 71680/50000000 [8:00:38<5433:07:38,  2.55it/s]  0%|          | 72192/50000000 [8:04:06<5496:44:00,  2.52it/s]  0%|          | 72704/50000000 [8:07:33<5529:07:28,  2.51it/s]  0%|          | 73216/50000000 [8:10:59<5546:28:40,  2.50it/s]  0%|          | 73728/50000000 [8:14:30<5597:03:04,  2.48it/s]  0%|          | 74240/50000000 [8:17:50<5543:47:02,  2.50it/s]  0%|          | 74752/50000000 [8:21:05<5461:49:42,  2.54it/s]  0%|          | 75264/50000000 [8:24:28<5470:13:08,  2.54it/s]  0%|          | 75776/50000000 [8:27:56<5520:19:23,  2.51it/s]  0%|          | 76288/50000000 [8:31:30<5607:38:11,  2.47it/s]  0%|          | 76800/50000000 [8:34:51<5555:06:33,  2.50it/s]  0%|          | 77312/50000000 [8:38:19<5575:52:30,  2.49it/s]  0%|          | 77824/50000000 [8:41:53<5645:43:18,  2.46it/s]  0%|          | 78336/50000000 [8:45:20<5636:34:35,  2.46it/s]  0%|          | 78848/50000000 [8:48:45<5606:09:41,  2.47it/s]  0%|          | 79360/50000000 [8:52:14<5628:26:51,  2.46it/s]  0%|          | 79872/50000000 [8:55:34<5559:11:12,  2.49it/s]  0%|          | 80384/50000000 [8:58:48<5466:36:19,  2.54it/s]  0%|          | 80896/50000000 [9:02:10<5474:05:03,  2.53it/s]  0%|          | 81408/50000000 [9:05:33<5475:23:26,  2.53it/s]  0%|          | 81920/50000000 [9:09:04<5549:39:54,  2.50it/s]  0%|          | 82432/50000000 [9:12:30<5555:29:17,  2.50it/s]  0%|          | 82944/50000000 [9:15:40<5432:40:35,  2.55it/s]  0%|          | 83456/50000000 [9:19:00<5427:11:45,  2.55it/s]  0%|          | 83968/50000000 [9:22:27<5484:23:48,  2.53it/s]  0%|          | 84480/50000000 [9:25:47<5460:36:10,  2.54it/s]  0%|          | 84992/50000000 [9:29:14<5505:21:40,  2.52it/s]  0%|          | 85504/50000000 [9:32:44<5559:09:35,  2.49it/s]  0%|          | 86016/50000000 [9:36:13<5594:16:21,  2.48it/s]  0%|          | 86528/50000000 [9:39:34<5549:58:44,  2.50it/s]  0%|          | 87040/50000000 [9:43:02<5567:41:43,  2.49it/s]  0%|          | 87552/50000000 [9:46:32<5603:59:38,  2.47it/s]  0%|          | 88064/50000000 [9:50:14<5724:32:10,  2.42it/s]  0%|          | 88576/50000000 [9:53:34<5632:52:32,  2.46it/s]  0%|          | 89088/50000000 [9:56:58<5600:02:17,  2.48it/s]  0%|          | 89600/50000000 [10:00:39<5719:21:47,  2.42it/s]  0%|          | 90112/50000000 [10:04:09<5710:18:45,  2.43it/s]  0%|          | 90624/50000000 [10:07:21<5555:43:23,  2.50it/s]  0%|          | 91136/50000000 [10:10:54<5615:00:28,  2.47it/s]  0%|          | 91648/50000000 [10:14:28<5668:45:48,  2.45it/s]  0%|          | 92160/50000000 [10:17:44<5560:12:11,  2.49it/s]  0%|          | 92672/50000000 [10:20:59<5475:51:49,  2.53it/s]  0%|          | 93184/50000000 [10:24:37<5610:35:45,  2.47it/s]  0%|          | 93696/50000000 [10:27:55<5536:12:27,  2.50it/s]  0%|          | 94208/50000000 [10:31:13<5479:25:13,  2.53it/s]  0%|          | 94720/50000000 [10:34:37<5495:20:07,  2.52it/s]  0%|          | 95232/50000000 [10:38:06<5540:54:00,  2.50it/s]  0%|          | 95744/50000000 [10:41:36<5585:31:36,  2.48it/s]  0%|          | 96256/50000000 [10:45:04<5598:42:24,  2.48it/s]  0%|          | 96768/50000000 [10:48:27<5572:30:45,  2.49it/s]  0%|          | 97280/50000000 [10:51:49<5538:15:28,  2.50it/s]  0%|          | 97792/50000000 [10:55:15<5548:23:35,  2.50it/s]  0%|          | 98304/50000000 [10:59:02<5726:47:49,  2.42it/s]  0%|          | 98816/50000000 [11:02:21<5627:19:28,  2.46it/s]  0%|          | 99328/50000000 [11:05:40<5556:49:35,  2.49it/s]  0%|          | 99840/50000000 [11:09:07<5567:10:10,  2.49it/s]  0%|          | 100352/50000000 [11:12:35<5588:33:45,  2.48it/s]  0%|          | 100864/50000000 [11:15:58<5562:54:07,  2.49it/s]  0%|          | 101376/50000000 [11:19:16<5498:58:48,  2.52it/s]  0%|          | 101888/50000000 [11:22:46<5555:52:44,  2.49it/s]  0%|          | 102400/50000000 [11:26:16<5589:49:43,  2.48it/s]  0%|          | 102912/50000000 [11:29:37<5551:41:58,  2.50it/s]  0%|          | 103424/50000000 [11:33:12<5631:23:14,  2.46it/s]  0%|          | 103936/50000000 [11:36:39<5621:17:09,  2.47it/s]  0%|          | 104448/50000000 [11:40:11<5655:31:39,  2.45it/s]  0%|          | 104960/50000000 [11:43:36<5625:48:19,  2.46it/s]  0%|          | 105472/50000000 [11:46:55<5553:33:58,  2.50it/s]  0%|          | 105984/50000000 [11:50:21<5561:41:23,  2.49it/s]  0%|          | 106496/50000000 [11:53:56<5633:40:53,  2.46it/s]  0%|          | 107008/50000000 [11:57:17<5574:40:58,  2.49it/s]  0%|          | 107520/50000000 [12:00:41<5561:39:00,  2.49it/s]  0%|          | 108032/50000000 [12:04:04<5546:09:08,  2.50it/s]  0%|          | 108544/50000000 [12:07:50<5716:09:37,  2.42it/s]  0%|          | 109056/50000000 [12:11:26<5756:16:35,  2.41it/s]  0%|          | 109568/50000000 [12:14:50<5679:59:13,  2.44it/s]  0%|          | 110080/50000000 [12:18:31<5773:14:13,  2.40it/s]  0%|          | 110592/50000000 [12:22:06<5786:49:08,  2.39it/s]  0%|          | 111104/50000000 [12:25:49<5858:49:58,  2.37it/s]  0%|          | 111616/50000000 [12:29:12<5752:15:59,  2.41it/s]  0%|          | 112128/50000000 [12:32:43<5736:26:13,  2.42it/s]  0%|          | 112640/50000000 [12:36:10<5698:58:28,  2.43it/s]  0%|          | 113152/50000000 [12:39:41<5705:29:50,  2.43it/s]  0%|          | 113664/50000000 [12:43:22<5788:07:39,  2.39it/s]  0%|          | 114176/50000000 [12:46:51<5744:31:30,  2.41it/s]  0%|          | 114688/50000000 [12:50:15<5675:35:58,  2.44it/s]  0%|          | 115200/50000000 [12:53:35<5600:35:15,  2.47it/s]  0%|          | 115712/50000000 [12:57:08<5647:58:10,  2.45it/s]  0%|          | 116224/50000000 [13:00:34<5627:56:06,  2.46it/s]  0%|          | 116736/50000000 [13:04:04<5647:36:54,  2.45it/s]  0%|          | 117248/50000000 [13:07:31<5633:09:35,  2.46it/s]  0%|          | 117760/50000000 [13:10:55<5597:32:48,  2.48it/s]  0%|          | 118272/50000000 [13:14:17<5559:09:38,  2.49it/s]  0%|          | 118784/50000000 [13:17:53<5640:17:33,  2.46it/s]  0%|          | 119296/50000000 [13:21:33<5738:56:53,  2.41it/s]  0%|          | 119808/50000000 [13:25:03<5721:37:16,  2.42it/s]  0%|          | 120320/50000000 [13:28:18<5587:20:23,  2.48it/s]  0%|          | 120832/50000000 [13:31:50<5633:47:47,  2.46it/s]  0%|          | 121344/50000000 [13:35:13<5592:44:53,  2.48it/s]  0%|          | 121856/50000000 [13:38:34<5546:07:15,  2.50it/s]  0%|          | 122368/50000000 [13:42:01<5556:28:17,  2.49it/s]  0%|          | 122880/50000000 [13:45:27<5568:35:33,  2.49it/s]  0%|          | 123392/50000000 [13:48:46<5508:13:01,  2.52it/s]  0%|          | 123904/50000000 [13:52:07<5491:31:56,  2.52it/s]  0%|          | 124416/50000000 [13:55:36<5541:15:18,  2.50it/s]  0%|          | 124928/50000000 [13:59:00<5531:16:49,  2.50it/s]  0%|          | 125440/50000000 [14:02:09<5403:40:44,  2.56it/s]  0%|          | 125952/50000000 [14:05:35<5454:13:25,  2.54it/s]  0%|          | 126464/50000000 [14:09:02<5501:05:28,  2.52it/s]  0%|          | 126976/50000000 [14:12:33<5563:13:31,  2.49it/s]  0%|          | 127488/50000000 [14:16:04<5605:00:10,  2.47it/s]  0%|          | 128000/50000000 [14:19:28<5579:58:43,  2.48it/s]  0%|          | 128512/50000000 [14:23:02<5649:08:40,  2.45it/s]  0%|          | 129024/50000000 [14:26:45<5756:58:00,  2.41it/s]  0%|          | 129536/50000000 [14:30:08<5679:54:58,  2.44it/s]  0%|          | 130048/50000000 [14:33:30<5620:27:15,  2.46it/s]  0%|          | 130560/50000000 [14:37:05<5677:52:29,  2.44it/s]  0%|          | 131072/50000000 [14:40:33<5661:32:48,  2.45it/s]  0%|          | 131584/50000000 [14:44:04<5675:13:30,  2.44it/s]  0%|          | 132096/50000000 [14:47:31<5650:24:38,  2.45it/s]  0%|          | 132608/50000000 [14:50:57<5630:54:49,  2.46it/s]  0%|          | 133120/50000000 [14:54:24<5616:16:42,  2.47it/s]  0%|          | 133632/50000000 [14:57:49<5596:40:51,  2.47it/s]  0%|          | 134144/50000000 [15:01:50<5879:44:22,  2.36it/s]  0%|          | 134656/50000000 [15:05:14<5766:05:00,  2.40it/s]  0%|          | 135168/50000000 [15:08:52<5803:35:37,  2.39it/s]  0%|          | 135680/50000000 [15:12:24<5789:47:25,  2.39it/s]  0%|          | 136192/50000000 [15:15:40<5640:48:50,  2.46it/s]  0%|          | 136704/50000000 [15:18:54<5520:43:35,  2.51it/s]  0%|          | 137216/50000000 [15:22:19<5527:23:58,  2.51it/s]  0%|          | 137728/50000000 [15:25:40<5500:36:51,  2.52it/s]  0%|          | 138240/50000000 [15:29:14<5589:47:56,  2.48it/s]  0%|          | 138752/50000000 [15:32:44<5618:05:29,  2.47it/s]  0%|          | 139264/50000000 [15:36:33<5788:46:04,  2.39it/s]  0%|          | 139776/50000000 [15:39:51<5657:24:07,  2.45it/s]  0%|          | 140288/50000000 [15:43:11<5585:41:53,  2.48it/s]  0%|          | 140800/50000000 [15:46:40<5607:37:29,  2.47it/s]  0%|          | 141312/50000000 [15:50:13<5653:20:05,  2.45it/s]  0%|          | 141824/50000000 [15:53:39<5625:07:14,  2.46it/s]  0%|          | 142336/50000000 [15:57:08<5637:29:25,  2.46it/s]  0%|          | 142848/50000000 [16:00:41<5670:00:20,  2.44it/s]  0%|          | 143360/50000000 [16:04:05<5624:30:34,  2.46it/s]  0%|          | 143872/50000000 [16:07:27<5581:50:03,  2.48it/s]  0%|          | 144384/50000000 [16:10:57<5610:47:41,  2.47it/s]  0%|          | 144896/50000000 [16:14:19<5561:04:43,  2.49it/s]  0%|          | 145408/50000000 [16:17:45<5568:58:31,  2.49it/s]  0%|          | 145920/50000000 [16:21:10<5557:19:55,  2.49it/s]  0%|          | 146432/50000000 [16:24:32<5534:39:00,  2.50it/s]  0%|          | 146944/50000000 [16:28:10<5639:11:49,  2.46it/s]  0%|          | 147456/50000000 [16:31:40<5653:49:23,  2.45it/s]  0%|          | 147968/50000000 [16:35:15<5697:18:44,  2.43it/s]  0%|          | 148480/50000000 [16:38:49<5727:27:38,  2.42it/s]  0%|          | 148992/50000000 [16:42:22<5738:02:56,  2.41it/s]  0%|          | 149504/50000000 [16:45:52<5719:48:09,  2.42it/s]  0%|          | 150016/50000000 [16:49:17<5665:21:12,  2.44it/s]  0%|          | 150528/50000000 [16:52:44<5649:40:05,  2.45it/s]  0%|          | 151040/50000000 [16:56:09<5619:41:40,  2.46it/s]  0%|          | 151552/50000000 [16:59:41<5652:14:36,  2.45it/s]  0%|          | 152064/50000000 [17:03:10<5652:34:19,  2.45it/s]Process SpawnProcess-15:
Process SpawnProcess-16:
Process SpawnProcess-10:
Process SpawnProcess-13:
Process SpawnProcess-12:
Process SpawnProcess-6:
Process SpawnProcess-8:
Process SpawnProcess-9:
Process SpawnProcess-7:
Process SpawnProcess-14:
Process SpawnProcess-11:
Process SpawnProcess-5:
Process SpawnProcess-4:
Traceback (most recent call last):
  File "/vol/bitbucket/osella/pyenv/versions/qecc1/lib/python3.10/site-packages/torch/utils/_contextlib.py", line 124, in decorate_context
Process SpawnProcess-2:
Process SpawnProcess-3:
Process SpawnProcess-1:
    return func(*args, **kwargs)
  File "/vol/bitbucket/osella/pyenv/versions/qecc1/lib/python3.10/site-packages/torchrl/envs/batched_envs.py", line 122, in decorated_fun
    return fun(self, *args, **kwargs)
  File "/vol/bitbucket/osella/pyenv/versions/qecc1/lib/python3.10/site-packages/torchrl/envs/batched_envs.py", line 2027, in step_and_maybe_reset
    self._wait_for_workers(workers_range)
  File "/vol/bitbucket/osella/pyenv/versions/qecc1/lib/python3.10/site-packages/torchrl/envs/batched_envs.py", line 2162, in _wait_for_workers
    if (n_spins & 0xFFFF) == 0:  # every 65536 spins (~1ms on modern CPUs)
KeyboardInterrupt

During handling of the above exception, another exception occurred:

Traceback (most recent call last):
  File "/vol/bitbucket/osella/pyenv/versions/qecc1/lib/python3.10/site-packages/torchrl/collectors/_single.py", line 1494, in iterator
Traceback (most recent call last):
  File "/vol/bitbucket/osella/pyenv/versions/3.10.16/lib/python3.10/multiprocessing/process.py", line 314, in _bootstrap
    self.run()
  File "/vol/bitbucket/osella/pyenv/versions/3.10.16/lib/python3.10/multiprocessing/process.py", line 108, in run
    self._target(*self._args, **self._kwargs)
  File "/vol/bitbucket/osella/pyenv/versions/qecc1/lib/python3.10/site-packages/torchrl/envs/batched_envs.py", line 2830, in _run_worker_pipe_shared_mem
    if child_pipe.poll(_timeout):
  File "/vol/bitbucket/osella/pyenv/versions/3.10.16/lib/python3.10/multiprocessing/connection.py", line 257, in poll
    return self._poll(timeout)
  File "/vol/bitbucket/osella/pyenv/versions/3.10.16/lib/python3.10/multiprocessing/connection.py", line 424, in _poll
    r = wait([self], timeout)
  File "/vol/bitbucket/osella/pyenv/versions/3.10.16/lib/python3.10/multiprocessing/connection.py", line 931, in wait
    ready = selector.select(timeout)
  File "/vol/bitbucket/osella/pyenv/versions/3.10.16/lib/python3.10/selectors.py", line 416, in select
    fd_event_list = self._selector.poll(timeout)
KeyboardInterrupt
Traceback (most recent call last):
  File "/vol/bitbucket/osella/pyenv/versions/3.10.16/lib/python3.10/multiprocessing/process.py", line 314, in _bootstrap
    self.run()
  File "/vol/bitbucket/osella/pyenv/versions/3.10.16/lib/python3.10/multiprocessing/process.py", line 108, in run
    self._target(*self._args, **self._kwargs)
  File "/vol/bitbucket/osella/pyenv/versions/qecc1/lib/python3.10/site-packages/torchrl/envs/batched_envs.py", line 2830, in _run_worker_pipe_shared_mem
    if child_pipe.poll(_timeout):
  File "/vol/bitbucket/osella/pyenv/versions/3.10.16/lib/python3.10/multiprocessing/connection.py", line 257, in poll
    return self._poll(timeout)
  File "/vol/bitbucket/osella/pyenv/versions/3.10.16/lib/python3.10/multiprocessing/connection.py", line 424, in _poll
    r = wait([self], timeout)
  File "/vol/bitbucket/osella/pyenv/versions/3.10.16/lib/python3.10/multiprocessing/connection.py", line 931, in wait
    ready = selector.select(timeout)
  File "/vol/bitbucket/osella/pyenv/versions/3.10.16/lib/python3.10/selectors.py", line 416, in select
    fd_event_list = self._selector.poll(timeout)
KeyboardInterrupt
Traceback (most recent call last):
  File "/vol/bitbucket/osella/pyenv/versions/3.10.16/lib/python3.10/multiprocessing/process.py", line 314, in _bootstrap
    self.run()
  File "/vol/bitbucket/osella/pyenv/versions/3.10.16/lib/python3.10/multiprocessing/process.py", line 108, in run
    self._target(*self._args, **self._kwargs)
  File "/vol/bitbucket/osella/pyenv/versions/qecc1/lib/python3.10/site-packages/torchrl/envs/batched_envs.py", line 2830, in _run_worker_pipe_shared_mem
    if child_pipe.poll(_timeout):
  File "/vol/bitbucket/osella/pyenv/versions/3.10.16/lib/python3.10/multiprocessing/connection.py", line 257, in poll
    return self._poll(timeout)
  File "/vol/bitbucket/osella/pyenv/versions/3.10.16/lib/python3.10/multiprocessing/connection.py", line 424, in _poll
    r = wait([self], timeout)
  File "/vol/bitbucket/osella/pyenv/versions/3.10.16/lib/python3.10/multiprocessing/connection.py", line 931, in wait
    ready = selector.select(timeout)
  File "/vol/bitbucket/osella/pyenv/versions/3.10.16/lib/python3.10/selectors.py", line 416, in select
    fd_event_list = self._selector.poll(timeout)
KeyboardInterrupt
Traceback (most recent call last):
  File "/vol/bitbucket/osella/pyenv/versions/3.10.16/lib/python3.10/multiprocessing/process.py", line 314, in _bootstrap
    self.run()
  File "/vol/bitbucket/osella/pyenv/versions/3.10.16/lib/python3.10/multiprocessing/process.py", line 108, in run
    self._target(*self._args, **self._kwargs)
  File "/vol/bitbucket/osella/pyenv/versions/qecc1/lib/python3.10/site-packages/torchrl/envs/batched_envs.py", line 2830, in _run_worker_pipe_shared_mem
    if child_pipe.poll(_timeout):
  File "/vol/bitbucket/osella/pyenv/versions/3.10.16/lib/python3.10/multiprocessing/connection.py", line 257, in poll
    return self._poll(timeout)
  File "/vol/bitbucket/osella/pyenv/versions/3.10.16/lib/python3.10/multiprocessing/connection.py", line 424, in _poll
    r = wait([self], timeout)
  File "/vol/bitbucket/osella/pyenv/versions/3.10.16/lib/python3.10/multiprocessing/connection.py", line 931, in wait
    ready = selector.select(timeout)
  File "/vol/bitbucket/osella/pyenv/versions/3.10.16/lib/python3.10/selectors.py", line 416, in select
    fd_event_list = self._selector.poll(timeout)
KeyboardInterrupt
Traceback (most recent call last):
  File "/vol/bitbucket/osella/pyenv/versions/3.10.16/lib/python3.10/multiprocessing/process.py", line 314, in _bootstrap
    self.run()
  File "/vol/bitbucket/osella/pyenv/versions/3.10.16/lib/python3.10/multiprocessing/process.py", line 108, in run
    self._target(*self._args, **self._kwargs)
  File "/vol/bitbucket/osella/pyenv/versions/qecc1/lib/python3.10/site-packages/torchrl/envs/batched_envs.py", line 2830, in _run_worker_pipe_shared_mem
    if child_pipe.poll(_timeout):
  File "/vol/bitbucket/osella/pyenv/versions/3.10.16/lib/python3.10/multiprocessing/connection.py", line 257, in poll
    return self._poll(timeout)
  File "/vol/bitbucket/osella/pyenv/versions/3.10.16/lib/python3.10/multiprocessing/connection.py", line 424, in _poll
    r = wait([self], timeout)
  File "/vol/bitbucket/osella/pyenv/versions/3.10.16/lib/python3.10/multiprocessing/connection.py", line 931, in wait
    ready = selector.select(timeout)
  File "/vol/bitbucket/osella/pyenv/versions/3.10.16/lib/python3.10/selectors.py", line 416, in select
    fd_event_list = self._selector.poll(timeout)
KeyboardInterrupt
Traceback (most recent call last):
Traceback (most recent call last):
  File "/vol/bitbucket/osella/pyenv/versions/3.10.16/lib/python3.10/multiprocessing/process.py", line 314, in _bootstrap
    self.run()
  File "/vol/bitbucket/osella/pyenv/versions/3.10.16/lib/python3.10/multiprocessing/process.py", line 108, in run
    self._target(*self._args, **self._kwargs)
  File "/vol/bitbucket/osella/pyenv/versions/qecc1/lib/python3.10/site-packages/torchrl/envs/batched_envs.py", line 2830, in _run_worker_pipe_shared_mem
    if child_pipe.poll(_timeout):
  File "/vol/bitbucket/osella/pyenv/versions/3.10.16/lib/python3.10/multiprocessing/connection.py", line 257, in poll
    return self._poll(timeout)
Traceback (most recent call last):
  File "/vol/bitbucket/osella/pyenv/versions/3.10.16/lib/python3.10/multiprocessing/connection.py", line 424, in _poll
    r = wait([self], timeout)
  File "/vol/bitbucket/osella/pyenv/versions/3.10.16/lib/python3.10/multiprocessing/connection.py", line 931, in wait
    ready = selector.select(timeout)
  File "/vol/bitbucket/osella/pyenv/versions/3.10.16/lib/python3.10/selectors.py", line 416, in select
    fd_event_list = self._selector.poll(timeout)
  File "/vol/bitbucket/osella/pyenv/versions/3.10.16/lib/python3.10/multiprocessing/process.py", line 314, in _bootstrap
    self.run()
KeyboardInterrupt
  File "/vol/bitbucket/osella/pyenv/versions/3.10.16/lib/python3.10/multiprocessing/process.py", line 108, in run
    self._target(*self._args, **self._kwargs)
  File "/vol/bitbucket/osella/pyenv/versions/qecc1/lib/python3.10/site-packages/torchrl/envs/batched_envs.py", line 2830, in _run_worker_pipe_shared_mem
    if child_pipe.poll(_timeout):
  File "/vol/bitbucket/osella/pyenv/versions/3.10.16/lib/python3.10/multiprocessing/connection.py", line 257, in poll
    return self._poll(timeout)
  File "/vol/bitbucket/osella/pyenv/versions/3.10.16/lib/python3.10/multiprocessing/process.py", line 314, in _bootstrap
    self.run()
  File "/vol/bitbucket/osella/pyenv/versions/3.10.16/lib/python3.10/multiprocessing/connection.py", line 424, in _poll
    r = wait([self], timeout)
  File "/vol/bitbucket/osella/pyenv/versions/3.10.16/lib/python3.10/multiprocessing/process.py", line 108, in run
    self._target(*self._args, **self._kwargs)
  File "/vol/bitbucket/osella/pyenv/versions/3.10.16/lib/python3.10/multiprocessing/connection.py", line 931, in wait
    ready = selector.select(timeout)
  File "/vol/bitbucket/osella/pyenv/versions/qecc1/lib/python3.10/site-packages/torchrl/envs/batched_envs.py", line 2830, in _run_worker_pipe_shared_mem
    if child_pipe.poll(_timeout):
  File "/vol/bitbucket/osella/pyenv/versions/3.10.16/lib/python3.10/selectors.py", line 416, in select
    fd_event_list = self._selector.poll(timeout)
Traceback (most recent call last):
  File "/vol/bitbucket/osella/pyenv/versions/3.10.16/lib/python3.10/multiprocessing/connection.py", line 257, in poll
    return self._poll(timeout)
  File "/vol/bitbucket/osella/pyenv/versions/3.10.16/lib/python3.10/multiprocessing/connection.py", line 424, in _poll
    r = wait([self], timeout)
  File "/vol/bitbucket/osella/pyenv/versions/3.10.16/lib/python3.10/multiprocessing/connection.py", line 931, in wait
    ready = selector.select(timeout)
KeyboardInterrupt
  File "/vol/bitbucket/osella/pyenv/versions/3.10.16/lib/python3.10/selectors.py", line 416, in select
    fd_event_list = self._selector.poll(timeout)
KeyboardInterrupt
  File "/vol/bitbucket/osella/pyenv/versions/3.10.16/lib/python3.10/multiprocessing/process.py", line 314, in _bootstrap
    self.run()
  File "/vol/bitbucket/osella/pyenv/versions/3.10.16/lib/python3.10/multiprocessing/process.py", line 108, in run
    self._target(*self._args, **self._kwargs)
  File "/vol/bitbucket/osella/pyenv/versions/qecc1/lib/python3.10/site-packages/torchrl/envs/batched_envs.py", line 2830, in _run_worker_pipe_shared_mem
    if child_pipe.poll(_timeout):
  File "/vol/bitbucket/osella/pyenv/versions/3.10.16/lib/python3.10/multiprocessing/connection.py", line 257, in poll
    return self._poll(timeout)
Traceback (most recent call last):
  File "/vol/bitbucket/osella/pyenv/versions/3.10.16/lib/python3.10/multiprocessing/connection.py", line 424, in _poll
    r = wait([self], timeout)
  File "/vol/bitbucket/osella/pyenv/versions/3.10.16/lib/python3.10/multiprocessing/connection.py", line 931, in wait
    ready = selector.select(timeout)
  File "/vol/bitbucket/osella/pyenv/versions/3.10.16/lib/python3.10/selectors.py", line 416, in select
    fd_event_list = self._selector.poll(timeout)
KeyboardInterrupt
  File "/vol/bitbucket/osella/pyenv/versions/3.10.16/lib/python3.10/multiprocessing/process.py", line 314, in _bootstrap
    self.run()
  File "/vol/bitbucket/osella/pyenv/versions/3.10.16/lib/python3.10/multiprocessing/process.py", line 108, in run
    self._target(*self._args, **self._kwargs)
  File "/vol/bitbucket/osella/pyenv/versions/qecc1/lib/python3.10/site-packages/torchrl/envs/batched_envs.py", line 2830, in _run_worker_pipe_shared_mem
    if child_pipe.poll(_timeout):
  File "/vol/bitbucket/osella/pyenv/versions/3.10.16/lib/python3.10/multiprocessing/connection.py", line 257, in poll
    return self._poll(timeout)
  File "/vol/bitbucket/osella/pyenv/versions/3.10.16/lib/python3.10/multiprocessing/connection.py", line 424, in _poll
    r = wait([self], timeout)
  File "/vol/bitbucket/osella/pyenv/versions/3.10.16/lib/python3.10/multiprocessing/connection.py", line 931, in wait
    ready = selector.select(timeout)
  File "/vol/bitbucket/osella/pyenv/versions/3.10.16/lib/python3.10/selectors.py", line 416, in select
    fd_event_list = self._selector.poll(timeout)
KeyboardInterrupt
Traceback (most recent call last):
  File "/vol/bitbucket/osella/pyenv/versions/3.10.16/lib/python3.10/multiprocessing/process.py", line 314, in _bootstrap
    self.run()
  File "/vol/bitbucket/osella/pyenv/versions/3.10.16/lib/python3.10/multiprocessing/process.py", line 108, in run
    self._target(*self._args, **self._kwargs)
  File "/vol/bitbucket/osella/pyenv/versions/qecc1/lib/python3.10/site-packages/torchrl/envs/batched_envs.py", line 2830, in _run_worker_pipe_shared_mem
    if child_pipe.poll(_timeout):
  File "/vol/bitbucket/osella/pyenv/versions/3.10.16/lib/python3.10/multiprocessing/connection.py", line 257, in poll
    return self._poll(timeout)
  File "/vol/bitbucket/osella/pyenv/versions/3.10.16/lib/python3.10/multiprocessing/connection.py", line 424, in _poll
    r = wait([self], timeout)
  File "/vol/bitbucket/osella/pyenv/versions/3.10.16/lib/python3.10/multiprocessing/connection.py", line 931, in wait
    ready = selector.select(timeout)
  File "/vol/bitbucket/osella/pyenv/versions/3.10.16/lib/python3.10/selectors.py", line 416, in select
    fd_event_list = self._selector.poll(timeout)
KeyboardInterrupt
Traceback (most recent call last):
  File "/vol/bitbucket/osella/pyenv/versions/3.10.16/lib/python3.10/multiprocessing/process.py", line 314, in _bootstrap
    self.run()
  File "/vol/bitbucket/osella/pyenv/versions/3.10.16/lib/python3.10/multiprocessing/process.py", line 108, in run
    self._target(*self._args, **self._kwargs)
  File "/vol/bitbucket/osella/pyenv/versions/qecc1/lib/python3.10/site-packages/torchrl/envs/batched_envs.py", line 2830, in _run_worker_pipe_shared_mem
    if child_pipe.poll(_timeout):
  File "/vol/bitbucket/osella/pyenv/versions/3.10.16/lib/python3.10/multiprocessing/connection.py", line 257, in poll
    return self._poll(timeout)
  File "/vol/bitbucket/osella/pyenv/versions/3.10.16/lib/python3.10/multiprocessing/connection.py", line 424, in _poll
    r = wait([self], timeout)
Traceback (most recent call last):
  File "/vol/bitbucket/osella/pyenv/versions/3.10.16/lib/python3.10/multiprocessing/connection.py", line 931, in wait
    ready = selector.select(timeout)
  File "/vol/bitbucket/osella/pyenv/versions/3.10.16/lib/python3.10/selectors.py", line 416, in select
    fd_event_list = self._selector.poll(timeout)
KeyboardInterrupt
  File "/vol/bitbucket/osella/pyenv/versions/3.10.16/lib/python3.10/multiprocessing/process.py", line 314, in _bootstrap
    self.run()
  File "/vol/bitbucket/osella/pyenv/versions/3.10.16/lib/python3.10/multiprocessing/process.py", line 108, in run
    self._target(*self._args, **self._kwargs)
  File "/vol/bitbucket/osella/pyenv/versions/qecc1/lib/python3.10/site-packages/torchrl/envs/batched_envs.py", line 2830, in _run_worker_pipe_shared_mem
    if child_pipe.poll(_timeout):
  File "/vol/bitbucket/osella/pyenv/versions/3.10.16/lib/python3.10/multiprocessing/connection.py", line 257, in poll
    return self._poll(timeout)
  File "/vol/bitbucket/osella/pyenv/versions/3.10.16/lib/python3.10/multiprocessing/connection.py", line 424, in _poll
    r = wait([self], timeout)
  File "/vol/bitbucket/osella/pyenv/versions/3.10.16/lib/python3.10/multiprocessing/connection.py", line 931, in wait
    ready = selector.select(timeout)
  File "/vol/bitbucket/osella/pyenv/versions/3.10.16/lib/python3.10/selectors.py", line 416, in select
    fd_event_list = self._selector.poll(timeout)
KeyboardInterrupt
Traceback (most recent call last):
  File "/vol/bitbucket/osella/pyenv/versions/3.10.16/lib/python3.10/multiprocessing/process.py", line 314, in _bootstrap
    self.run()
  File "/vol/bitbucket/osella/pyenv/versions/3.10.16/lib/python3.10/multiprocessing/process.py", line 108, in run
    self._target(*self._args, **self._kwargs)
  File "/vol/bitbucket/osella/pyenv/versions/qecc1/lib/python3.10/site-packages/torchrl/envs/batched_envs.py", line 2830, in _run_worker_pipe_shared_mem
    if child_pipe.poll(_timeout):
  File "/vol/bitbucket/osella/pyenv/versions/3.10.16/lib/python3.10/multiprocessing/connection.py", line 257, in poll
    return self._poll(timeout)
  File "/vol/bitbucket/osella/pyenv/versions/3.10.16/lib/python3.10/multiprocessing/connection.py", line 424, in _poll
    r = wait([self], timeout)
  File "/vol/bitbucket/osella/pyenv/versions/3.10.16/lib/python3.10/multiprocessing/connection.py", line 931, in wait
    ready = selector.select(timeout)
Traceback (most recent call last):
  File "/vol/bitbucket/osella/pyenv/versions/3.10.16/lib/python3.10/selectors.py", line 416, in select
    fd_event_list = self._selector.poll(timeout)
KeyboardInterrupt
  File "/vol/bitbucket/osella/pyenv/versions/3.10.16/lib/python3.10/multiprocessing/process.py", line 314, in _bootstrap
    self.run()
  File "/vol/bitbucket/osella/pyenv/versions/3.10.16/lib/python3.10/multiprocessing/process.py", line 108, in run
    self._target(*self._args, **self._kwargs)
  File "/vol/bitbucket/osella/pyenv/versions/qecc1/lib/python3.10/site-packages/torchrl/envs/batched_envs.py", line 2830, in _run_worker_pipe_shared_mem
    if child_pipe.poll(_timeout):
  File "/vol/bitbucket/osella/pyenv/versions/3.10.16/lib/python3.10/multiprocessing/connection.py", line 257, in poll
    return self._poll(timeout)
  File "/vol/bitbucket/osella/pyenv/versions/3.10.16/lib/python3.10/multiprocessing/connection.py", line 424, in _poll
    r = wait([self], timeout)
  File "/vol/bitbucket/osella/pyenv/versions/3.10.16/lib/python3.10/multiprocessing/connection.py", line 931, in wait
    ready = selector.select(timeout)
  File "/vol/bitbucket/osella/pyenv/versions/3.10.16/lib/python3.10/selectors.py", line 416, in select
    fd_event_list = self._selector.poll(timeout)
KeyboardInterrupt
    tensordict_out = self.rollout()
  File "/vol/bitbucket/osella/pyenv/versions/qecc1/lib/python3.10/site-packages/torchrl/_utils.py", line 652, in unpack_rref_and_invoke_function
    return func(self, *args, **kwargs)
  File "/vol/bitbucket/osella/pyenv/versions/qecc1/lib/python3.10/site-packages/torch/utils/_contextlib.py", line 124, in decorate_context
    return func(*args, **kwargs)
  File "/vol/bitbucket/osella/pyenv/versions/qecc1/lib/python3.10/site-packages/torchrl/collectors/_single.py", line 1807, in rollout
    env_output, env_next_output = self.env.step_and_maybe_reset(env_input)
  File "/vol/bitbucket/osella/pyenv/versions/qecc1/lib/python3.10/site-packages/torch/utils/_contextlib.py", line 123, in decorate_context
    with ctx_factory():
  File "/vol/bitbucket/osella/pyenv/versions/qecc1/lib/python3.10/site-packages/torch/autograd/grad_mode.py", line 85, in __exit__
    torch.set_grad_enabled(self.prev)
  File "/vol/bitbucket/osella/pyenv/versions/qecc1/lib/python3.10/site-packages/torch/autograd/grad_mode.py", line 184, in __init__
    def __init__(self, mode: bool) -> None:
KeyboardInterrupt

During handling of the above exception, another exception occurred:

Traceback (most recent call last):
  File "/vol/bitbucket/osella/qecc/src/qecc/reinforcementLearning.py", line 623, in <module>
    for i, tensordict_data in enumerate(collector):
  File "/vol/bitbucket/osella/pyenv/versions/qecc1/lib/python3.10/site-packages/torchrl/collectors/_base.py", line 1277, in __iter__
Traceback (most recent call last):
  File "/vol/bitbucket/osella/pyenv/versions/3.10.16/lib/python3.10/multiprocessing/process.py", line 314, in _bootstrap
    self.run()
  File "/vol/bitbucket/osella/pyenv/versions/3.10.16/lib/python3.10/multiprocessing/process.py", line 108, in run
    self._target(*self._args, **self._kwargs)
  File "/vol/bitbucket/osella/pyenv/versions/qecc1/lib/python3.10/site-packages/torchrl/envs/batched_envs.py", line 2975, in _run_worker_pipe_shared_mem
    td, root_next_td = env.step_and_maybe_reset(input)
  File "/vol/bitbucket/osella/pyenv/versions/qecc1/lib/python3.10/site-packages/torchrl/envs/common.py", line 4061, in step_and_maybe_reset
    return self._step_and_maybe_reset(tensordict)
  File "/vol/bitbucket/osella/pyenv/versions/qecc1/lib/python3.10/site-packages/torchrl/envs/common.py", line 4107, in _step_and_maybe_reset
    tensordict = self.step(tensordict)
  File "/vol/bitbucket/osella/pyenv/versions/qecc1/lib/python3.10/site-packages/torchrl/envs/common.py", line 2353, in step
    next_tensordict = self._step(tensordict)
  File "/vol/bitbucket/osella/pyenv/versions/qecc1/lib/python3.10/site-packages/torchrl/envs/transforms/_base.py", line 1349, in _step
    next_tensordict = self.base_env._step(tensordict_in)
  File "/vol/bitbucket/osella/pyenv/versions/qecc1/lib/python3.10/site-packages/torchrl/envs/gym_like.py", line 452, in _step
    step_result = self._env.step(action)
  File "/vol/bitbucket/osella/pyenv/versions/qecc1/lib/python3.10/site-packages/gymnasium/wrappers/common.py", line 393, in step
    return super().step(action)
  File "/vol/bitbucket/osella/pyenv/versions/qecc1/lib/python3.10/site-packages/gymnasium/core.py", line 327, in step
    return self.env.step(action)
  File "/vol/bitbucket/osella/qecc/src/qecc/bb_gym_v_0_1.py", line 205, in step
    logicalErrorRate = self.decoderEvaluation(self.seed)
  File "/vol/bitbucket/osella/qecc/src/qecc/bb_gym_v_0_1.py", line 252, in decoderEvaluation
    estimatedErrorZ = bpDecoderHx.decode(self.Hx.dot(errorZ)%2)
KeyboardInterrupt
    yield from self.iterator()
  File "/vol/bitbucket/osella/pyenv/versions/qecc1/lib/python3.10/site-packages/torchrl/collectors/_single.py", line 1487, in iterator
    with contextlib.ExitStack() as stack:
  File "/vol/bitbucket/osella/pyenv/versions/3.10.16/lib/python3.10/contextlib.py", line 538, in __exit__
    frame_exc = sys.exc_info()[1]
KeyboardInterrupt
/vol/bitbucket/osella/rl-qecc-data/supervisedLearning/collection/collectWorker3.sh: error reading input file: Stale file handle
/vol/bitbucket/osella/rl-qecc-data/supervisedLearning/collection/labCollectWorker3.sh: error reading input file: Stale file handle
labWorker ash36: started collect pid 1796761 (l=3 m=27) Mon 27 Jul 12:13:30 BST 2026
collectWorker4 ash36: l=3 m=27 procs=4 x envs=3 cores=16 stage=1 Mon 27 Jul 12:13:30 BST 2026
collectWorker4 ash36: launched pids: 1796776 1796813 1796834 1796855
