labWorker ash23: started collect pid 1271498 (l=5 m=15) Sun 26 Jul 13:35:53 BST 2026
collectWorker3 ash23: l=5 m=15 workers=2 seed=415695194 stage=1 Sun 26 Jul 13:35:53 BST 2026
usage: reinforcementLearning.py [-h] [--num-workers NUM_WORKERS]
                                [--num-cells NUM_CELLS]
                                [--seed-for-environment SEED_FOR_ENVIRONMENT]
                                [--lr LR] [--max-grad-norm MAX_GRAD_NORM]
                                [--eval-rollout-length EVAL_ROLLOUT_LENGTH]
                                [--scaling-factor SCALING_FACTOR]
                                [--frames-per-batch FRAMES_PER_BATCH]
                                [--sub-batch-size SUB_BATCH_SIZE]
                                [--num-epochs NUM_EPOCHS]
                                [--clip-epsilon CLIP_EPSILON] [--gamma GAMMA]
                                [--lmbda LMBDA] [--entropy-eps ENTROPY_EPS]
                                [--env-reward-engineering {True,False,true,false}]
                                [--env-minimum-number-of-qubits ENV_MINIMUM_NUMBER_OF_QUBITS]
                                [--log-name LOG_NAME]
                                [--env-error-range {linear5,geometric5,geometric7,geometric10,dataCollection}]
                                [--env-version {qecc/bbcode-v0,qecc/bbcode-ldpc-v0}]
                                [--env-bit-flipping {True,False,true,false}]
                                [--env-l {6,9,15,12,30,21}]
                                [--env-m {3,6,12,18}]
                                [--env-use-dict-observation {True,False,true,false}]
                                [--env-number-of-decoder-iterations ENV_NUMBER_OF_DECODER_ITERATIONS]
                                [--env-number-of-samples ENV_NUMBER_OF_SAMPLES]
                                [--env-code-logging {true,True,false,False}]
                                [--model-architecture {mlp,hybrid}]
                                [--model-surrogate-model-path MODEL_SURROGATE_MODEL_PATH]
                                [--model-use-pretrained-encoder {True,False,true,false}]
                                [--index-to-unfreeze-encoder-updates INDEX_TO_UNFREEZE_ENCODER_UPDATES]
                                [--encoder-lr-factor ENCODER_LR_FACTOR]
                                [--training-device {cpu,cuda,auto}]
reinforcementLearning.py: error: argument --env-l: invalid choice: 5 (choose from 6, 9, 15, 12, 30, 21)
collectWorker3 ash23: ended Sun 26 Jul 13:37:29 BST 2026
labWorker ash23: collect ended naturally Sun 26 Jul 13:40:53 BST 2026
labWorker ash23: started collect pid 1502728 (l=5 m=15) Sun 26 Jul 18:21:37 BST 2026
collectWorker3 ash23: l=5 m=15 workers=2 seed=415695194 stage=1 Sun 26 Jul 18:21:37 BST 2026
Creating log dir /data/osella/collectStage/2026-07-26_18-23-38_1502743...
Checking the directory was created: True
Training begins on:
2026-07-26 18:24:10 Sunday
  0%|          | 0/50000000 [00:00<?, ?it/s]Process SpawnProcess-2:
Process SpawnProcess-1:
Traceback (most recent call last):
  File "/vol/bitbucket/osella/pyenv/versions/qecc1/lib/python3.10/site-packages/torchrl/collectors/_single.py", line 1807, in rollout
    env_output, env_next_output = self.env.step_and_maybe_reset(env_input)
  File "/vol/bitbucket/osella/pyenv/versions/qecc1/lib/python3.10/site-packages/torch/utils/_contextlib.py", line 124, in decorate_context
Traceback (most recent call last):
  File "/vol/bitbucket/osella/pyenv/versions/3.10.16/lib/python3.10/multiprocessing/process.py", line 314, in _bootstrap
    self.run()
  File "/vol/bitbucket/osella/pyenv/versions/3.10.16/lib/python3.10/multiprocessing/process.py", line 108, in run
    self._target(*self._args, **self._kwargs)
  File "/vol/bitbucket/osella/pyenv/versions/qecc1/lib/python3.10/site-packages/torchrl/envs/batched_envs.py", line 2830, in _run_worker_pipe_shared_mem
    if child_pipe.poll(_timeout):
  File "/vol/bitbucket/osella/pyenv/versions/3.10.16/lib/python3.10/multiprocessing/connection.py", line 257, in poll
    return self._poll(timeout)
  File "/vol/bitbucket/osella/pyenv/versions/3.10.16/lib/python3.10/multiprocessing/connection.py", line 424, in _poll
    r = wait([self], timeout)
  File "/vol/bitbucket/osella/pyenv/versions/3.10.16/lib/python3.10/multiprocessing/connection.py", line 931, in wait
    ready = selector.select(timeout)
  File "/vol/bitbucket/osella/pyenv/versions/3.10.16/lib/python3.10/selectors.py", line 416, in select
    fd_event_list = self._selector.poll(timeout)
KeyboardInterrupt
    return func(*args, **kwargs)
  File "/vol/bitbucket/osella/pyenv/versions/qecc1/lib/python3.10/site-packages/torchrl/envs/batched_envs.py", line 122, in decorated_fun
    return fun(self, *args, **kwargs)
  File "/vol/bitbucket/osella/pyenv/versions/qecc1/lib/python3.10/site-packages/torchrl/envs/batched_envs.py", line 2027, in step_and_maybe_reset
    self._wait_for_workers(workers_range)
  File "/vol/bitbucket/osella/pyenv/versions/qecc1/lib/python3.10/site-packages/torchrl/envs/batched_envs.py", line 2151, in _wait_for_workers
    if not done_flags[i]:
KeyboardInterrupt

During handling of the above exception, another exception occurred:

Traceback (most recent call last):
  File "/vol/bitbucket/osella/pyenv/versions/qecc1/lib/python3.10/site-packages/torch/utils/_contextlib.py", line 124, in decorate_context
    return func(*args, **kwargs)
  File "/vol/bitbucket/osella/pyenv/versions/qecc1/lib/python3.10/site-packages/torchrl/collectors/_single.py", line 1736, in rollout
    with set_exploration_type(self.exploration_type):
  File "/vol/bitbucket/osella/pyenv/versions/qecc1/lib/python3.10/site-packages/tensordict/nn/probabilistic.py", line 157, in __exit__
    _interaction_type.set_mode(self.prev)
  File "/vol/bitbucket/osella/pyenv/versions/qecc1/lib/python3.10/site-packages/tensordict/utils.py", line 2792, in set_mode
    with cm:
KeyboardInterrupt

During handling of the above exception, another exception occurred:

Traceback (most recent call last):
  File "/vol/bitbucket/osella/qecc/src/qecc/reinforcementLearning.py", line 623, in <module>
    for i, tensordict_data in enumerate(collector):
  File "/vol/bitbucket/osella/pyenv/versions/qecc1/lib/python3.10/site-packages/torchrl/collectors/_base.py", line 1277, in __iter__
    yield from self.iterator()
  File "/vol/bitbucket/osella/pyenv/versions/qecc1/lib/python3.10/site-packages/torchrl/collectors/_single.py", line 1494, in iterator
    tensordict_out = self.rollout()
  File "/vol/bitbucket/osella/pyenv/versions/qecc1/lib/python3.10/site-packages/torchrl/_utils.py", line 652, in unpack_rref_and_invoke_function
    return func(self, *args, **kwargs)
  File "/vol/bitbucket/osella/pyenv/versions/qecc1/lib/python3.10/site-packages/torch/utils/_contextlib.py", line 124, in decorate_context
    return func(*args, **kwargs)
KeyboardInterrupt
Traceback (most recent call last):
  File "/vol/bitbucket/osella/pyenv/versions/3.10.16/lib/python3.10/multiprocessing/process.py", line 314, in _bootstrap
    self.run()
  File "/vol/bitbucket/osella/pyenv/versions/3.10.16/lib/python3.10/multiprocessing/process.py", line 108, in run
    self._target(*self._args, **self._kwargs)
  File "/vol/bitbucket/osella/pyenv/versions/qecc1/lib/python3.10/site-packages/torchrl/envs/batched_envs.py", line 2975, in _run_worker_pipe_shared_mem
    td, root_next_td = env.step_and_maybe_reset(input)
  File "/vol/bitbucket/osella/pyenv/versions/qecc1/lib/python3.10/site-packages/torchrl/envs/common.py", line 4061, in step_and_maybe_reset
    return self._step_and_maybe_reset(tensordict)
  File "/vol/bitbucket/osella/pyenv/versions/qecc1/lib/python3.10/site-packages/torchrl/envs/common.py", line 4107, in _step_and_maybe_reset
    tensordict = self.step(tensordict)
  File "/vol/bitbucket/osella/pyenv/versions/qecc1/lib/python3.10/site-packages/torchrl/envs/common.py", line 2353, in step
    next_tensordict = self._step(tensordict)
  File "/vol/bitbucket/osella/pyenv/versions/qecc1/lib/python3.10/site-packages/torchrl/envs/transforms/_base.py", line 1349, in _step
    next_tensordict = self.base_env._step(tensordict_in)
  File "/vol/bitbucket/osella/pyenv/versions/qecc1/lib/python3.10/site-packages/torchrl/envs/gym_like.py", line 452, in _step
    step_result = self._env.step(action)
  File "/vol/bitbucket/osella/pyenv/versions/qecc1/lib/python3.10/site-packages/gymnasium/wrappers/common.py", line 393, in step
    return super().step(action)
  File "/vol/bitbucket/osella/pyenv/versions/qecc1/lib/python3.10/site-packages/gymnasium/core.py", line 327, in step
    return self.env.step(action)
  File "/vol/bitbucket/osella/qecc/src/qecc/bb_gym_v_0_1.py", line 205, in step
    logicalErrorRate = self.decoderEvaluation(self.seed)
  File "/vol/bitbucket/osella/qecc/src/qecc/bb_gym_v_0_1.py", line 219, in decoderEvaluation
    logicalX, logicalZ = computeLogicals(self.Hx, self.Hz)
  File "/vol/bitbucket/osella/qecc/src/qecc/logicals.py", line 44, in computeLogicals
    logicalOperatorsZ = funWithMatrices.solveHomogenicBinaryLinearSystem(stabilizerGeneratorsXReduced)
  File "/vol/bitbucket/osella/qecc/src/qecc/funWithMatrices.py", line 153, in solveHomogenicBinaryLinearSystem
    sumValue = ((reducedAugmentedMatrix[rowIndex, colIndex] * solution[colIndex]) + sumValue) %2
KeyboardInterrupt
/vol/bitbucket/osella/rl-qecc-data/supervisedLearning/collection/collectWorker3.sh: error reading input file: Stale file handle
labWorker ash23: collect ended naturally Sun 26 Jul 18:26:37 BST 2026
labWorker ash23: started collect pid 1516020 (l=5 m=15) Sun 26 Jul 18:39:16 BST 2026
collectWorker3 ash23: l=5 m=15 workers=16 seed=415695194 stage=1 Sun 26 Jul 18:39:16 BST 2026
Creating log dir /data/osella/collectStage/2026-07-26_18-39-33_1516043...
Checking the directory was created: True
Training begins on:
2026-07-26 18:39:51 Sunday
  0%|          | 0/50000000 [00:00<?, ?it/s]Process SpawnProcess-15:
Process SpawnProcess-13:
Process SpawnProcess-9:
Process SpawnProcess-7:
Process SpawnProcess-16:
Process SpawnProcess-3:
Process SpawnProcess-1:
Process SpawnProcess-14:
Process SpawnProcess-12:
Process SpawnProcess-8:
Process SpawnProcess-10:
Process SpawnProcess-11:
Process SpawnProcess-6:
Process SpawnProcess-5:
Traceback (most recent call last):
  File "/vol/bitbucket/osella/pyenv/versions/qecc1/lib/python3.10/site-packages/torch/utils/_contextlib.py", line 124, in decorate_context
Process SpawnProcess-4:
Process SpawnProcess-2:
    return func(*args, **kwargs)
  File "/vol/bitbucket/osella/pyenv/versions/qecc1/lib/python3.10/site-packages/torchrl/envs/batched_envs.py", line 122, in decorated_fun
    return fun(self, *args, **kwargs)
  File "/vol/bitbucket/osella/pyenv/versions/qecc1/lib/python3.10/site-packages/torchrl/envs/batched_envs.py", line 2027, in step_and_maybe_reset
    self._wait_for_workers(workers_range)
  File "/vol/bitbucket/osella/pyenv/versions/qecc1/lib/python3.10/site-packages/torchrl/envs/batched_envs.py", line 2154, in _wait_for_workers
    if all_done:
KeyboardInterrupt

During handling of the above exception, another exception occurred:

Traceback (most recent call last):
  File "/vol/bitbucket/osella/pyenv/versions/qecc1/lib/python3.10/site-packages/torch/utils/_contextlib.py", line 124, in decorate_context
Traceback (most recent call last):
  File "/vol/bitbucket/osella/pyenv/versions/3.10.16/lib/python3.10/multiprocessing/process.py", line 314, in _bootstrap
    self.run()
  File "/vol/bitbucket/osella/pyenv/versions/3.10.16/lib/python3.10/multiprocessing/process.py", line 108, in run
    self._target(*self._args, **self._kwargs)
  File "/vol/bitbucket/osella/pyenv/versions/qecc1/lib/python3.10/site-packages/torchrl/envs/batched_envs.py", line 2830, in _run_worker_pipe_shared_mem
    if child_pipe.poll(_timeout):
  File "/vol/bitbucket/osella/pyenv/versions/3.10.16/lib/python3.10/multiprocessing/connection.py", line 257, in poll
    return self._poll(timeout)
  File "/vol/bitbucket/osella/pyenv/versions/3.10.16/lib/python3.10/multiprocessing/connection.py", line 424, in _poll
    r = wait([self], timeout)
  File "/vol/bitbucket/osella/pyenv/versions/3.10.16/lib/python3.10/multiprocessing/connection.py", line 931, in wait
    ready = selector.select(timeout)
  File "/vol/bitbucket/osella/pyenv/versions/3.10.16/lib/python3.10/selectors.py", line 416, in select
    fd_event_list = self._selector.poll(timeout)
KeyboardInterrupt
    return func(*args, **kwargs)
  File "/vol/bitbucket/osella/pyenv/versions/qecc1/lib/python3.10/site-packages/torchrl/collectors/_single.py", line 1807, in rollout
Traceback (most recent call last):
Traceback (most recent call last):
  File "/vol/bitbucket/osella/pyenv/versions/3.10.16/lib/python3.10/multiprocessing/process.py", line 314, in _bootstrap
    self.run()
  File "/vol/bitbucket/osella/pyenv/versions/3.10.16/lib/python3.10/multiprocessing/process.py", line 108, in run
    self._target(*self._args, **self._kwargs)
  File "/vol/bitbucket/osella/pyenv/versions/qecc1/lib/python3.10/site-packages/torchrl/envs/batched_envs.py", line 2830, in _run_worker_pipe_shared_mem
    if child_pipe.poll(_timeout):
  File "/vol/bitbucket/osella/pyenv/versions/3.10.16/lib/python3.10/multiprocessing/connection.py", line 257, in poll
    return self._poll(timeout)
  File "/vol/bitbucket/osella/pyenv/versions/3.10.16/lib/python3.10/multiprocessing/connection.py", line 424, in _poll
    r = wait([self], timeout)
  File "/vol/bitbucket/osella/pyenv/versions/3.10.16/lib/python3.10/multiprocessing/connection.py", line 931, in wait
    ready = selector.select(timeout)
  File "/vol/bitbucket/osella/pyenv/versions/3.10.16/lib/python3.10/selectors.py", line 416, in select
    fd_event_list = self._selector.poll(timeout)
  File "/vol/bitbucket/osella/pyenv/versions/3.10.16/lib/python3.10/multiprocessing/process.py", line 314, in _bootstrap
    self.run()
KeyboardInterrupt
  File "/vol/bitbucket/osella/pyenv/versions/3.10.16/lib/python3.10/multiprocessing/process.py", line 108, in run
    self._target(*self._args, **self._kwargs)
  File "/vol/bitbucket/osella/pyenv/versions/qecc1/lib/python3.10/site-packages/torchrl/envs/batched_envs.py", line 2830, in _run_worker_pipe_shared_mem
    if child_pipe.poll(_timeout):
  File "/vol/bitbucket/osella/pyenv/versions/3.10.16/lib/python3.10/multiprocessing/connection.py", line 257, in poll
    return self._poll(timeout)
  File "/vol/bitbucket/osella/pyenv/versions/3.10.16/lib/python3.10/multiprocessing/connection.py", line 424, in _poll
    r = wait([self], timeout)
  File "/vol/bitbucket/osella/pyenv/versions/3.10.16/lib/python3.10/multiprocessing/connection.py", line 931, in wait
    ready = selector.select(timeout)
  File "/vol/bitbucket/osella/pyenv/versions/3.10.16/lib/python3.10/selectors.py", line 416, in select
    fd_event_list = self._selector.poll(timeout)
KeyboardInterrupt
Traceback (most recent call last):
  File "/vol/bitbucket/osella/pyenv/versions/3.10.16/lib/python3.10/multiprocessing/process.py", line 314, in _bootstrap
    self.run()
  File "/vol/bitbucket/osella/pyenv/versions/3.10.16/lib/python3.10/multiprocessing/process.py", line 108, in run
    self._target(*self._args, **self._kwargs)
  File "/vol/bitbucket/osella/pyenv/versions/qecc1/lib/python3.10/site-packages/torchrl/envs/batched_envs.py", line 2830, in _run_worker_pipe_shared_mem
    if child_pipe.poll(_timeout):
  File "/vol/bitbucket/osella/pyenv/versions/3.10.16/lib/python3.10/multiprocessing/connection.py", line 257, in poll
    return self._poll(timeout)
  File "/vol/bitbucket/osella/pyenv/versions/3.10.16/lib/python3.10/multiprocessing/connection.py", line 424, in _poll
    r = wait([self], timeout)
  File "/vol/bitbucket/osella/pyenv/versions/3.10.16/lib/python3.10/multiprocessing/connection.py", line 931, in wait
    ready = selector.select(timeout)
  File "/vol/bitbucket/osella/pyenv/versions/3.10.16/lib/python3.10/selectors.py", line 416, in select
    fd_event_list = self._selector.poll(timeout)
KeyboardInterrupt
Traceback (most recent call last):
  File "/vol/bitbucket/osella/pyenv/versions/3.10.16/lib/python3.10/multiprocessing/process.py", line 314, in _bootstrap
    self.run()
  File "/vol/bitbucket/osella/pyenv/versions/3.10.16/lib/python3.10/multiprocessing/process.py", line 108, in run
    self._target(*self._args, **self._kwargs)
  File "/vol/bitbucket/osella/pyenv/versions/qecc1/lib/python3.10/site-packages/torchrl/envs/batched_envs.py", line 2830, in _run_worker_pipe_shared_mem
    if child_pipe.poll(_timeout):
  File "/vol/bitbucket/osella/pyenv/versions/3.10.16/lib/python3.10/multiprocessing/connection.py", line 257, in poll
    return self._poll(timeout)
  File "/vol/bitbucket/osella/pyenv/versions/3.10.16/lib/python3.10/multiprocessing/connection.py", line 424, in _poll
    r = wait([self], timeout)
  File "/vol/bitbucket/osella/pyenv/versions/3.10.16/lib/python3.10/multiprocessing/connection.py", line 931, in wait
    ready = selector.select(timeout)
  File "/vol/bitbucket/osella/pyenv/versions/3.10.16/lib/python3.10/selectors.py", line 416, in select
    fd_event_list = self._selector.poll(timeout)
KeyboardInterrupt
Traceback (most recent call last):
  File "/vol/bitbucket/osella/pyenv/versions/3.10.16/lib/python3.10/multiprocessing/process.py", line 314, in _bootstrap
    self.run()
  File "/vol/bitbucket/osella/pyenv/versions/3.10.16/lib/python3.10/multiprocessing/process.py", line 108, in run
    self._target(*self._args, **self._kwargs)
Traceback (most recent call last):
  File "/vol/bitbucket/osella/pyenv/versions/qecc1/lib/python3.10/site-packages/torchrl/envs/batched_envs.py", line 2830, in _run_worker_pipe_shared_mem
    if child_pipe.poll(_timeout):
  File "/vol/bitbucket/osella/pyenv/versions/3.10.16/lib/python3.10/multiprocessing/connection.py", line 257, in poll
    return self._poll(timeout)
  File "/vol/bitbucket/osella/pyenv/versions/3.10.16/lib/python3.10/multiprocessing/connection.py", line 424, in _poll
    r = wait([self], timeout)
  File "/vol/bitbucket/osella/pyenv/versions/3.10.16/lib/python3.10/multiprocessing/connection.py", line 931, in wait
    ready = selector.select(timeout)
  File "/vol/bitbucket/osella/pyenv/versions/3.10.16/lib/python3.10/selectors.py", line 416, in select
    fd_event_list = self._selector.poll(timeout)
  File "/vol/bitbucket/osella/pyenv/versions/3.10.16/lib/python3.10/multiprocessing/process.py", line 314, in _bootstrap
    self.run()
  File "/vol/bitbucket/osella/pyenv/versions/3.10.16/lib/python3.10/multiprocessing/process.py", line 108, in run
    self._target(*self._args, **self._kwargs)
KeyboardInterrupt
  File "/vol/bitbucket/osella/pyenv/versions/qecc1/lib/python3.10/site-packages/torchrl/envs/batched_envs.py", line 2830, in _run_worker_pipe_shared_mem
    if child_pipe.poll(_timeout):
  File "/vol/bitbucket/osella/pyenv/versions/3.10.16/lib/python3.10/multiprocessing/connection.py", line 257, in poll
    return self._poll(timeout)
  File "/vol/bitbucket/osella/pyenv/versions/3.10.16/lib/python3.10/multiprocessing/connection.py", line 424, in _poll
    r = wait([self], timeout)
  File "/vol/bitbucket/osella/pyenv/versions/3.10.16/lib/python3.10/multiprocessing/connection.py", line 931, in wait
    ready = selector.select(timeout)
  File "/vol/bitbucket/osella/pyenv/versions/3.10.16/lib/python3.10/selectors.py", line 416, in select
    fd_event_list = self._selector.poll(timeout)
KeyboardInterrupt
Traceback (most recent call last):
  File "/vol/bitbucket/osella/pyenv/versions/3.10.16/lib/python3.10/multiprocessing/process.py", line 314, in _bootstrap
    self.run()
  File "/vol/bitbucket/osella/pyenv/versions/3.10.16/lib/python3.10/multiprocessing/process.py", line 108, in run
    self._target(*self._args, **self._kwargs)
  File "/vol/bitbucket/osella/pyenv/versions/qecc1/lib/python3.10/site-packages/torchrl/envs/batched_envs.py", line 2830, in _run_worker_pipe_shared_mem
    if child_pipe.poll(_timeout):
  File "/vol/bitbucket/osella/pyenv/versions/3.10.16/lib/python3.10/multiprocessing/connection.py", line 257, in poll
    return self._poll(timeout)
  File "/vol/bitbucket/osella/pyenv/versions/3.10.16/lib/python3.10/multiprocessing/connection.py", line 424, in _poll
    r = wait([self], timeout)
  File "/vol/bitbucket/osella/pyenv/versions/3.10.16/lib/python3.10/multiprocessing/connection.py", line 931, in wait
    ready = selector.select(timeout)
  File "/vol/bitbucket/osella/pyenv/versions/3.10.16/lib/python3.10/selectors.py", line 416, in select
    fd_event_list = self._selector.poll(timeout)
Traceback (most recent call last):
KeyboardInterrupt
  File "/vol/bitbucket/osella/pyenv/versions/3.10.16/lib/python3.10/multiprocessing/process.py", line 314, in _bootstrap
    self.run()
  File "/vol/bitbucket/osella/pyenv/versions/3.10.16/lib/python3.10/multiprocessing/process.py", line 108, in run
    self._target(*self._args, **self._kwargs)
  File "/vol/bitbucket/osella/pyenv/versions/qecc1/lib/python3.10/site-packages/torchrl/envs/batched_envs.py", line 2830, in _run_worker_pipe_shared_mem
    if child_pipe.poll(_timeout):
  File "/vol/bitbucket/osella/pyenv/versions/3.10.16/lib/python3.10/multiprocessing/connection.py", line 257, in poll
    return self._poll(timeout)
  File "/vol/bitbucket/osella/pyenv/versions/3.10.16/lib/python3.10/multiprocessing/connection.py", line 424, in _poll
    r = wait([self], timeout)
  File "/vol/bitbucket/osella/pyenv/versions/3.10.16/lib/python3.10/multiprocessing/connection.py", line 931, in wait
    ready = selector.select(timeout)
  File "/vol/bitbucket/osella/pyenv/versions/3.10.16/lib/python3.10/selectors.py", line 416, in select
    fd_event_list = self._selector.poll(timeout)
KeyboardInterrupt
Traceback (most recent call last):
  File "/vol/bitbucket/osella/pyenv/versions/3.10.16/lib/python3.10/multiprocessing/process.py", line 314, in _bootstrap
    self.run()
  File "/vol/bitbucket/osella/pyenv/versions/3.10.16/lib/python3.10/multiprocessing/process.py", line 108, in run
    self._target(*self._args, **self._kwargs)
  File "/vol/bitbucket/osella/pyenv/versions/qecc1/lib/python3.10/site-packages/torchrl/envs/batched_envs.py", line 2830, in _run_worker_pipe_shared_mem
    if child_pipe.poll(_timeout):
  File "/vol/bitbucket/osella/pyenv/versions/3.10.16/lib/python3.10/multiprocessing/connection.py", line 257, in poll
    return self._poll(timeout)
  File "/vol/bitbucket/osella/pyenv/versions/3.10.16/lib/python3.10/multiprocessing/connection.py", line 424, in _poll
    r = wait([self], timeout)
  File "/vol/bitbucket/osella/pyenv/versions/3.10.16/lib/python3.10/multiprocessing/connection.py", line 931, in wait
    ready = selector.select(timeout)
  File "/vol/bitbucket/osella/pyenv/versions/3.10.16/lib/python3.10/selectors.py", line 416, in select
    fd_event_list = self._selector.poll(timeout)
KeyboardInterrupt
    env_output, env_next_output = self.env.step_and_maybe_reset(env_input)
  File "/vol/bitbucket/osella/pyenv/versions/qecc1/lib/python3.10/site-packages/torch/utils/_contextlib.py", line 123, in decorate_context
    with ctx_factory():
  File "/vol/bitbucket/osella/pyenv/versions/qecc1/lib/python3.10/site-packages/torch/autograd/grad_mode.py", line 85, in __exit__
    torch.set_grad_enabled(self.prev)
  File "/vol/bitbucket/osella/pyenv/versions/qecc1/lib/python3.10/site-packages/torch/autograd/grad_mode.py", line 184, in __init__
    def __init__(self, mode: bool) -> None:
KeyboardInterrupt

During handling of the above exception, another exception occurred:

Traceback (most recent call last):
  File "/vol/bitbucket/osella/qecc/src/qecc/reinforcementLearning.py", line 623, in <module>
    for i, tensordict_data in enumerate(collector):
  File "/vol/bitbucket/osella/pyenv/versions/qecc1/lib/python3.10/site-packages/torchrl/collectors/_base.py", line 1277, in __iter__
    yield from self.iterator()
  File "/vol/bitbucket/osella/pyenv/versions/qecc1/lib/python3.10/site-packages/torchrl/collectors/_single.py", line 1494, in iterator
    tensordict_out = self.rollout()
  File "/vol/bitbucket/osella/pyenv/versions/qecc1/lib/python3.10/site-packages/torchrl/_utils.py", line 652, in unpack_rref_and_invoke_function
    return func(self, *args, **kwargs)
  File "/vol/bitbucket/osella/pyenv/versions/qecc1/lib/python3.10/site-packages/torch/utils/_contextlib.py", line 123, in decorate_context
    with ctx_factory():
  File "/vol/bitbucket/osella/pyenv/versions/qecc1/lib/python3.10/site-packages/torch/autograd/grad_mode.py", line 85, in __exit__
Traceback (most recent call last):
  File "/vol/bitbucket/osella/pyenv/versions/3.10.16/lib/python3.10/multiprocessing/process.py", line 314, in _bootstrap
    self.run()
  File "/vol/bitbucket/osella/pyenv/versions/3.10.16/lib/python3.10/multiprocessing/process.py", line 108, in run
    self._target(*self._args, **self._kwargs)
  File "/vol/bitbucket/osella/pyenv/versions/qecc1/lib/python3.10/site-packages/torchrl/envs/batched_envs.py", line 2975, in _run_worker_pipe_shared_mem
    td, root_next_td = env.step_and_maybe_reset(input)
  File "/vol/bitbucket/osella/pyenv/versions/qecc1/lib/python3.10/site-packages/torchrl/envs/common.py", line 4061, in step_and_maybe_reset
    return self._step_and_maybe_reset(tensordict)
  File "/vol/bitbucket/osella/pyenv/versions/qecc1/lib/python3.10/site-packages/torchrl/envs/common.py", line 4107, in _step_and_maybe_reset
    tensordict = self.step(tensordict)
  File "/vol/bitbucket/osella/pyenv/versions/qecc1/lib/python3.10/site-packages/torchrl/envs/common.py", line 2353, in step
    next_tensordict = self._step(tensordict)
  File "/vol/bitbucket/osella/pyenv/versions/qecc1/lib/python3.10/site-packages/torchrl/envs/transforms/_base.py", line 1349, in _step
    next_tensordict = self.base_env._step(tensordict_in)
  File "/vol/bitbucket/osella/pyenv/versions/qecc1/lib/python3.10/site-packages/torchrl/envs/gym_like.py", line 452, in _step
    step_result = self._env.step(action)
  File "/vol/bitbucket/osella/pyenv/versions/qecc1/lib/python3.10/site-packages/gymnasium/wrappers/common.py", line 393, in step
    return super().step(action)
  File "/vol/bitbucket/osella/pyenv/versions/qecc1/lib/python3.10/site-packages/gymnasium/core.py", line 327, in step
    return self.env.step(action)
  File "/vol/bitbucket/osella/qecc/src/qecc/bb_gym_v_0_1.py", line 205, in step
    logicalErrorRate = self.decoderEvaluation(self.seed)
  File "/vol/bitbucket/osella/qecc/src/qecc/bb_gym_v_0_1.py", line 219, in decoderEvaluation
    logicalX, logicalZ = computeLogicals(self.Hx, self.Hz)
  File "/vol/bitbucket/osella/qecc/src/qecc/logicals.py", line 44, in computeLogicals
    logicalOperatorsZ = funWithMatrices.solveHomogenicBinaryLinearSystem(stabilizerGeneratorsXReduced)
  File "/vol/bitbucket/osella/qecc/src/qecc/funWithMatrices.py", line 153, in solveHomogenicBinaryLinearSystem
    sumValue = ((reducedAugmentedMatrix[rowIndex, colIndex] * solution[colIndex]) + sumValue) %2
KeyboardInterrupt
Traceback (most recent call last):
  File "/vol/bitbucket/osella/pyenv/versions/3.10.16/lib/python3.10/multiprocessing/process.py", line 314, in _bootstrap
    self.run()
  File "/vol/bitbucket/osella/pyenv/versions/3.10.16/lib/python3.10/multiprocessing/process.py", line 108, in run
    self._target(*self._args, **self._kwargs)
  File "/vol/bitbucket/osella/pyenv/versions/qecc1/lib/python3.10/site-packages/torchrl/envs/batched_envs.py", line 2975, in _run_worker_pipe_shared_mem
    td, root_next_td = env.step_and_maybe_reset(input)
  File "/vol/bitbucket/osella/pyenv/versions/qecc1/lib/python3.10/site-packages/torchrl/envs/common.py", line 4061, in step_and_maybe_reset
    return self._step_and_maybe_reset(tensordict)
  File "/vol/bitbucket/osella/pyenv/versions/qecc1/lib/python3.10/site-packages/torchrl/envs/common.py", line 4107, in _step_and_maybe_reset
    tensordict = self.step(tensordict)
  File "/vol/bitbucket/osella/pyenv/versions/qecc1/lib/python3.10/site-packages/torchrl/envs/common.py", line 2353, in step
    next_tensordict = self._step(tensordict)
  File "/vol/bitbucket/osella/pyenv/versions/qecc1/lib/python3.10/site-packages/torchrl/envs/transforms/_base.py", line 1349, in _step
    next_tensordict = self.base_env._step(tensordict_in)
  File "/vol/bitbucket/osella/pyenv/versions/qecc1/lib/python3.10/site-packages/torchrl/envs/gym_like.py", line 452, in _step
    step_result = self._env.step(action)
  File "/vol/bitbucket/osella/pyenv/versions/qecc1/lib/python3.10/site-packages/gymnasium/wrappers/common.py", line 393, in step
    return super().step(action)
  File "/vol/bitbucket/osella/pyenv/versions/qecc1/lib/python3.10/site-packages/gymnasium/core.py", line 327, in step
    return self.env.step(action)
  File "/vol/bitbucket/osella/qecc/src/qecc/bb_gym_v_0_1.py", line 205, in step
    logicalErrorRate = self.decoderEvaluation(self.seed)
  File "/vol/bitbucket/osella/qecc/src/qecc/bb_gym_v_0_1.py", line 219, in decoderEvaluation
    logicalX, logicalZ = computeLogicals(self.Hx, self.Hz)
  File "/vol/bitbucket/osella/qecc/src/qecc/logicals.py", line 44, in computeLogicals
    logicalOperatorsZ = funWithMatrices.solveHomogenicBinaryLinearSystem(stabilizerGeneratorsXReduced)
  File "/vol/bitbucket/osella/qecc/src/qecc/funWithMatrices.py", line 146, in solveHomogenicBinaryLinearSystem
    if reducedAugmentedMatrix[rowIndex, colIndex] == 1:
KeyboardInterrupt
Traceback (most recent call last):
Traceback (most recent call last):
  File "/vol/bitbucket/osella/pyenv/versions/3.10.16/lib/python3.10/multiprocessing/process.py", line 314, in _bootstrap
    self.run()
  File "/vol/bitbucket/osella/pyenv/versions/3.10.16/lib/python3.10/multiprocessing/process.py", line 108, in run
    self._target(*self._args, **self._kwargs)
  File "/vol/bitbucket/osella/pyenv/versions/qecc1/lib/python3.10/site-packages/torchrl/envs/batched_envs.py", line 2975, in _run_worker_pipe_shared_mem
    td, root_next_td = env.step_and_maybe_reset(input)
  File "/vol/bitbucket/osella/pyenv/versions/qecc1/lib/python3.10/site-packages/torchrl/envs/common.py", line 4061, in step_and_maybe_reset
    return self._step_and_maybe_reset(tensordict)
  File "/vol/bitbucket/osella/pyenv/versions/qecc1/lib/python3.10/site-packages/torchrl/envs/common.py", line 4107, in _step_and_maybe_reset
    tensordict = self.step(tensordict)
  File "/vol/bitbucket/osella/pyenv/versions/qecc1/lib/python3.10/site-packages/torchrl/envs/common.py", line 2353, in step
    next_tensordict = self._step(tensordict)
  File "/vol/bitbucket/osella/pyenv/versions/qecc1/lib/python3.10/site-packages/torchrl/envs/transforms/_base.py", line 1349, in _step
    next_tensordict = self.base_env._step(tensordict_in)
  File "/vol/bitbucket/osella/pyenv/versions/qecc1/lib/python3.10/site-packages/torchrl/envs/gym_like.py", line 452, in _step
    step_result = self._env.step(action)
  File "/vol/bitbucket/osella/pyenv/versions/qecc1/lib/python3.10/site-packages/gymnasium/wrappers/common.py", line 393, in step
    return super().step(action)
  File "/vol/bitbucket/osella/pyenv/versions/qecc1/lib/python3.10/site-packages/gymnasium/core.py", line 327, in step
    return self.env.step(action)
  File "/vol/bitbucket/osella/qecc/src/qecc/bb_gym_v_0_1.py", line 205, in step
    logicalErrorRate = self.decoderEvaluation(self.seed)
  File "/vol/bitbucket/osella/qecc/src/qecc/bb_gym_v_0_1.py", line 219, in decoderEvaluation
    logicalX, logicalZ = computeLogicals(self.Hx, self.Hz)
  File "/vol/bitbucket/osella/pyenv/versions/3.10.16/lib/python3.10/multiprocessing/process.py", line 314, in _bootstrap
    self.run()
  File "/vol/bitbucket/osella/qecc/src/qecc/logicals.py", line 44, in computeLogicals
    logicalOperatorsZ = funWithMatrices.solveHomogenicBinaryLinearSystem(stabilizerGeneratorsXReduced)
  File "/vol/bitbucket/osella/pyenv/versions/3.10.16/lib/python3.10/multiprocessing/process.py", line 108, in run
    self._target(*self._args, **self._kwargs)
  File "/vol/bitbucket/osella/qecc/src/qecc/funWithMatrices.py", line 146, in solveHomogenicBinaryLinearSystem
    if reducedAugmentedMatrix[rowIndex, colIndex] == 1:
  File "/vol/bitbucket/osella/pyenv/versions/qecc1/lib/python3.10/site-packages/torchrl/envs/batched_envs.py", line 2975, in _run_worker_pipe_shared_mem
    td, root_next_td = env.step_and_maybe_reset(input)
  File "/vol/bitbucket/osella/pyenv/versions/qecc1/lib/python3.10/site-packages/torchrl/envs/common.py", line 4061, in step_and_maybe_reset
    return self._step_and_maybe_reset(tensordict)
  File "/vol/bitbucket/osella/pyenv/versions/qecc1/lib/python3.10/site-packages/torchrl/envs/common.py", line 4107, in _step_and_maybe_reset
    tensordict = self.step(tensordict)
  File "/vol/bitbucket/osella/pyenv/versions/qecc1/lib/python3.10/site-packages/torchrl/envs/common.py", line 2353, in step
    next_tensordict = self._step(tensordict)
KeyboardInterrupt
  File "/vol/bitbucket/osella/pyenv/versions/qecc1/lib/python3.10/site-packages/torchrl/envs/transforms/_base.py", line 1349, in _step
    next_tensordict = self.base_env._step(tensordict_in)
  File "/vol/bitbucket/osella/pyenv/versions/qecc1/lib/python3.10/site-packages/torchrl/envs/gym_like.py", line 452, in _step
    step_result = self._env.step(action)
  File "/vol/bitbucket/osella/pyenv/versions/qecc1/lib/python3.10/site-packages/gymnasium/wrappers/common.py", line 393, in step
    return super().step(action)
  File "/vol/bitbucket/osella/pyenv/versions/qecc1/lib/python3.10/site-packages/gymnasium/core.py", line 327, in step
    return self.env.step(action)
  File "/vol/bitbucket/osella/qecc/src/qecc/bb_gym_v_0_1.py", line 205, in step
    logicalErrorRate = self.decoderEvaluation(self.seed)
  File "/vol/bitbucket/osella/qecc/src/qecc/bb_gym_v_0_1.py", line 219, in decoderEvaluation
    logicalX, logicalZ = computeLogicals(self.Hx, self.Hz)
  File "/vol/bitbucket/osella/qecc/src/qecc/logicals.py", line 44, in computeLogicals
    logicalOperatorsZ = funWithMatrices.solveHomogenicBinaryLinearSystem(stabilizerGeneratorsXReduced)
  File "/vol/bitbucket/osella/qecc/src/qecc/funWithMatrices.py", line 153, in solveHomogenicBinaryLinearSystem
    sumValue = ((reducedAugmentedMatrix[rowIndex, colIndex] * solution[colIndex]) + sumValue) %2
KeyboardInterrupt
    torch.set_grad_enabled(self.prev)
  File "/vol/bitbucket/osella/pyenv/versions/qecc1/lib/python3.10/site-packages/torch/autograd/grad_mode.py", line 187, in __init__
Traceback (most recent call last):
  File "/vol/bitbucket/osella/pyenv/versions/3.10.16/lib/python3.10/multiprocessing/process.py", line 314, in _bootstrap
    self.run()
  File "/vol/bitbucket/osella/pyenv/versions/3.10.16/lib/python3.10/multiprocessing/process.py", line 108, in run
    self._target(*self._args, **self._kwargs)
  File "/vol/bitbucket/osella/pyenv/versions/qecc1/lib/python3.10/site-packages/torchrl/envs/batched_envs.py", line 2975, in _run_worker_pipe_shared_mem
    td, root_next_td = env.step_and_maybe_reset(input)
  File "/vol/bitbucket/osella/pyenv/versions/qecc1/lib/python3.10/site-packages/torchrl/envs/common.py", line 4061, in step_and_maybe_reset
    return self._step_and_maybe_reset(tensordict)
  File "/vol/bitbucket/osella/pyenv/versions/qecc1/lib/python3.10/site-packages/torchrl/envs/common.py", line 4107, in _step_and_maybe_reset
    tensordict = self.step(tensordict)
  File "/vol/bitbucket/osella/pyenv/versions/qecc1/lib/python3.10/site-packages/torchrl/envs/common.py", line 2353, in step
    next_tensordict = self._step(tensordict)
  File "/vol/bitbucket/osella/pyenv/versions/qecc1/lib/python3.10/site-packages/torchrl/envs/transforms/_base.py", line 1349, in _step
    next_tensordict = self.base_env._step(tensordict_in)
  File "/vol/bitbucket/osella/pyenv/versions/qecc1/lib/python3.10/site-packages/torchrl/envs/gym_like.py", line 452, in _step
    step_result = self._env.step(action)
  File "/vol/bitbucket/osella/pyenv/versions/qecc1/lib/python3.10/site-packages/gymnasium/wrappers/common.py", line 393, in step
    return super().step(action)
  File "/vol/bitbucket/osella/pyenv/versions/qecc1/lib/python3.10/site-packages/gymnasium/core.py", line 327, in step
    return self.env.step(action)
  File "/vol/bitbucket/osella/qecc/src/qecc/bb_gym_v_0_1.py", line 205, in step
    logicalErrorRate = self.decoderEvaluation(self.seed)
  File "/vol/bitbucket/osella/qecc/src/qecc/bb_gym_v_0_1.py", line 219, in decoderEvaluation
    logicalX, logicalZ = computeLogicals(self.Hx, self.Hz)
  File "/vol/bitbucket/osella/qecc/src/qecc/logicals.py", line 44, in computeLogicals
    logicalOperatorsZ = funWithMatrices.solveHomogenicBinaryLinearSystem(stabilizerGeneratorsXReduced)
  File "/vol/bitbucket/osella/qecc/src/qecc/funWithMatrices.py", line 153, in solveHomogenicBinaryLinearSystem
    sumValue = ((reducedAugmentedMatrix[rowIndex, colIndex] * solution[colIndex]) + sumValue) %2
KeyboardInterrupt
    torch._C._set_grad_enabled(mode)
KeyboardInterrupt
Traceback (most recent call last):
  File "/vol/bitbucket/osella/pyenv/versions/3.10.16/lib/python3.10/multiprocessing/process.py", line 314, in _bootstrap
    self.run()
  File "/vol/bitbucket/osella/pyenv/versions/3.10.16/lib/python3.10/multiprocessing/process.py", line 108, in run
    self._target(*self._args, **self._kwargs)
  File "/vol/bitbucket/osella/pyenv/versions/qecc1/lib/python3.10/site-packages/torchrl/envs/batched_envs.py", line 2975, in _run_worker_pipe_shared_mem
    td, root_next_td = env.step_and_maybe_reset(input)
  File "/vol/bitbucket/osella/pyenv/versions/qecc1/lib/python3.10/site-packages/torchrl/envs/common.py", line 4061, in step_and_maybe_reset
    return self._step_and_maybe_reset(tensordict)
  File "/vol/bitbucket/osella/pyenv/versions/qecc1/lib/python3.10/site-packages/torchrl/envs/common.py", line 4107, in _step_and_maybe_reset
    tensordict = self.step(tensordict)
  File "/vol/bitbucket/osella/pyenv/versions/qecc1/lib/python3.10/site-packages/torchrl/envs/common.py", line 2353, in step
    next_tensordict = self._step(tensordict)
  File "/vol/bitbucket/osella/pyenv/versions/qecc1/lib/python3.10/site-packages/torchrl/envs/transforms/_base.py", line 1349, in _step
    next_tensordict = self.base_env._step(tensordict_in)
  File "/vol/bitbucket/osella/pyenv/versions/qecc1/lib/python3.10/site-packages/torchrl/envs/gym_like.py", line 452, in _step
    step_result = self._env.step(action)
  File "/vol/bitbucket/osella/pyenv/versions/qecc1/lib/python3.10/site-packages/gymnasium/wrappers/common.py", line 393, in step
    return super().step(action)
  File "/vol/bitbucket/osella/pyenv/versions/qecc1/lib/python3.10/site-packages/gymnasium/core.py", line 327, in step
    return self.env.step(action)
  File "/vol/bitbucket/osella/qecc/src/qecc/bb_gym_v_0_1.py", line 205, in step
    logicalErrorRate = self.decoderEvaluation(self.seed)
  File "/vol/bitbucket/osella/qecc/src/qecc/bb_gym_v_0_1.py", line 219, in decoderEvaluation
    logicalX, logicalZ = computeLogicals(self.Hx, self.Hz)
  File "/vol/bitbucket/osella/qecc/src/qecc/logicals.py", line 44, in computeLogicals
    logicalOperatorsZ = funWithMatrices.solveHomogenicBinaryLinearSystem(stabilizerGeneratorsXReduced)
  File "/vol/bitbucket/osella/qecc/src/qecc/funWithMatrices.py", line 153, in solveHomogenicBinaryLinearSystem
    sumValue = ((reducedAugmentedMatrix[rowIndex, colIndex] * solution[colIndex]) + sumValue) %2
KeyboardInterrupt
collectWorker3 ash23: ended Sun 26 Jul 18:40:25 BST 2026
labWorker ash23: collect ended naturally Sun 26 Jul 18:44:16 BST 2026
labWorker ash23: started collect pid 1527329 (l=5 m=15) Sun 26 Jul 18:54:15 BST 2026
collectWorker3 ash23: l=5 m=15 workers=16 seed=415695194 stage=1 Sun 26 Jul 18:54:15 BST 2026
Creating log dir /data/osella/collectStage/2026-07-26_18-54-32_1527344...
Checking the directory was created: True
Training begins on:
2026-07-26 18:54:49 Sunday
  0%|          | 0/50000000 [00:00<?, ?it/s][92m2026-07-26 18:56:03,459 [torchrl][INFO][0m    Initialized LazyTensorStorage with torch.Size([500]) shape[92m [END][0m
  0%|          | 512/50000000 [01:31<2484:25:43,  5.59it/s]  0%|          | 1024/50000000 [03:38<3051:23:27,  4.55it/s]  0%|          | 1536/50000000 [05:19<2906:22:37,  4.78it/s]  0%|          | 2048/50000000 [07:08<2922:31:11,  4.75it/s]  0%|          | 2560/50000000 [08:57<2936:56:18,  4.73it/s]  0%|          | 3072/50000000 [10:53<3010:57:32,  4.61it/s]  0%|          | 3584/50000000 [12:40<2978:07:47,  4.66it/s]  0%|          | 4096/50000000 [14:27<2952:33:19,  4.70it/s]  0%|          | 4608/50000000 [16:19<2979:35:50,  4.66it/s]  0%|          | 5120/50000000 [18:07<2964:48:08,  4.68it/s]  0%|          | 5632/50000000 [20:04<3025:02:06,  4.59it/s]  0%|          | 6144/50000000 [22:14<3181:29:00,  4.37it/s]  0%|          | 6656/50000000 [24:22<3268:43:26,  4.25it/s]  0%|          | 7168/50000000 [26:17<3216:12:21,  4.32it/s]  0%|          | 7680/50000000 [28:15<3218:10:12,  4.32it/s]  0%|          | 8192/50000000 [30:10<3182:55:37,  4.36it/s]  0%|          | 8704/50000000 [32:02<3140:04:53,  4.42it/s]  0%|          | 9216/50000000 [33:53<3104:11:39,  4.47it/s]  0%|          | 9728/50000000 [35:50<3120:45:32,  4.45it/s]  0%|          | 10240/50000000 [37:46<3132:42:24,  4.43it/s]  0%|          | 10752/50000000 [39:41<3127:28:35,  4.44it/s]  0%|          | 11264/50000000 [41:47<3210:43:42,  4.32it/s]  0%|          | 11776/50000000 [43:41<3174:58:08,  4.37it/s]  0%|          | 12288/50000000 [45:35<3149:09:05,  4.41it/s]  0%|          | 12800/50000000 [47:32<3159:17:34,  4.40it/s]  0%|          | 13312/50000000 [49:32<3187:59:55,  4.36it/s]  0%|          | 13824/50000000 [51:23<3137:39:34,  4.43it/s]  0%|          | 14336/50000000 [53:17<3124:55:34,  4.44it/s]  0%|          | 14848/50000000 [55:06<3071:07:10,  4.52it/s]  0%|          | 15360/50000000 [57:04<3109:34:40,  4.47it/s]  0%|          | 15872/50000000 [58:57<3098:41:35,  4.48it/s]  0%|          | 16384/50000000 [1:01:19<3321:23:39,  4.18it/s]  0%|          | 16896/50000000 [1:03:21<3316:58:28,  4.19it/s]  0%|          | 17408/50000000 [1:05:24<3325:19:00,  4.18it/s]  0%|          | 17920/50000000 [1:07:20<3267:54:48,  4.25it/s]  0%|          | 18432/50000000 [1:09:18<3246:06:27,  4.28it/s]  0%|          | 18944/50000000 [1:11:17<3246:42:24,  4.28it/s]  0%|          | 19456/50000000 [1:13:14<3217:46:00,  4.31it/s]  0%|          | 19968/50000000 [1:15:05<3160:14:41,  4.39it/s]  0%|          | 20480/50000000 [1:17:06<3191:19:22,  4.35it/s]  0%|          | 20992/50000000 [1:19:05<3201:40:18,  4.34it/s]  0%|          | 21504/50000000 [1:21:27<3400:07:16,  4.08it/s]  0%|          | 22016/50000000 [1:23:24<3331:47:41,  4.17it/s]  0%|          | 22528/50000000 [1:25:24<3311:51:39,  4.19it/s]  0%|          | 23040/50000000 [1:27:26<3309:36:32,  4.19it/s]  0%|          | 23552/50000000 [1:29:26<3292:36:20,  4.22it/s]  0%|          | 24064/50000000 [1:31:15<3191:57:15,  4.35it/s]  0%|          | 24576/50000000 [1:33:03<3110:47:02,  4.46it/s]  0%|          | 25088/50000000 [1:35:00<3124:04:21,  4.44it/s]  0%|          | 25600/50000000 [1:36:53<3111:09:16,  4.46it/s]  0%|          | 26112/50000000 [1:38:45<3090:22:29,  4.49it/s]  0%|          | 26624/50000000 [1:40:58<3238:12:48,  4.29it/s]  0%|          | 27136/50000000 [1:42:58<3242:40:58,  4.28it/s]  0%|          | 27648/50000000 [1:44:59<3260:48:36,  4.26it/s]  0%|          | 28160/50000000 [1:47:03<3288:37:19,  4.22it/s]  0%|          | 28672/50000000 [1:49:05<3290:44:23,  4.22it/s]  0%|          | 29184/50000000 [1:51:03<3265:33:26,  4.25it/s]  0%|          | 29696/50000000 [1:52:58<3219:09:03,  4.31it/s]  0%|          | 30208/50000000 [1:54:59<3236:28:07,  4.29it/s]  0%|          | 30720/50000000 [1:56:54<3201:17:58,  4.34it/s]  0%|          | 31232/50000000 [1:58:51<3196:28:29,  4.34it/s]  0%|          | 31744/50000000 [2:01:11<3377:48:14,  4.11it/s]  0%|          | 32256/50000000 [2:03:08<3315:50:38,  4.19it/s]  0%|          | 32768/50000000 [2:05:17<3365:39:44,  4.12it/s]  0%|          | 33280/50000000 [2:07:23<3379:46:59,  4.11it/s]  0%|          | 33792/50000000 [2:09:17<3298:08:58,  4.21it/s]  0%|          | 34304/50000000 [2:11:13<3248:27:57,  4.27it/s]  0%|          | 34816/50000000 [2:13:10<3224:05:38,  4.30it/s]  0%|          | 35328/50000000 [2:15:10<3237:33:48,  4.29it/s]  0%|          | 35840/50000000 [2:17:12<3257:38:23,  4.26it/s]  0%|          | 36352/50000000 [2:19:09<3227:37:16,  4.30it/s]  0%|          | 36864/50000000 [2:21:23<3354:44:28,  4.14it/s]  0%|          | 37376/50000000 [2:23:17<3273:53:49,  4.24it/s]  0%|          | 37888/50000000 [2:25:20<3292:42:32,  4.21it/s]  0%|          | 38400/50000000 [2:27:17<3250:38:40,  4.27it/s]  0%|          | 38912/50000000 [2:29:16<3249:19:09,  4.27it/s]  0%|          | 39424/50000000 [2:31:08<3185:32:07,  4.36it/s]  0%|          | 39936/50000000 [2:33:10<3218:50:21,  4.31it/s]  0%|          | 40448/50000000 [2:35:17<3287:25:18,  4.22it/s]  0%|          | 40960/50000000 [2:37:13<3240:13:41,  4.28it/s]  0%|          | 41472/50000000 [2:39:07<3199:25:06,  4.34it/s]  0%|          | 41984/50000000 [2:41:18<3302:39:18,  4.20it/s]  0%|          | 42496/50000000 [2:43:14<3253:00:21,  4.27it/s]  0%|          | 43008/50000000 [2:45:20<3300:53:42,  4.20it/s]  0%|          | 43520/50000000 [2:47:26<3337:05:02,  4.16it/s]  0%|          | 44032/50000000 [2:49:21<3275:29:10,  4.24it/s]  0%|          | 44544/50000000 [2:51:15<3219:58:13,  4.31it/s]  0%|          | 45056/50000000 [2:53:15<3227:54:36,  4.30it/s]  0%|          | 45568/50000000 [2:55:11<3201:13:42,  4.33it/s]  0%|          | 46080/50000000 [2:57:08<3189:59:48,  4.35it/s]  0%|          | 46592/50000000 [2:59:08<3213:10:06,  4.32it/s]  0%|          | 47104/50000000 [3:01:07<3210:31:13,  4.32it/s]  0%|          | 47616/50000000 [3:03:04<3198:52:02,  4.34it/s]  0%|          | 48128/50000000 [3:04:59<3181:04:27,  4.36it/s]  0%|          | 48640/50000000 [3:06:58<3190:43:34,  4.35it/s]  0%|          | 49152/50000000 [3:08:51<3149:05:32,  4.41it/s]  0%|          | 49664/50000000 [3:10:47<3152:36:33,  4.40it/s]  0%|          | 50176/50000000 [3:12:43<3143:23:39,  4.41it/s]  0%|          | 50688/50000000 [3:14:43<3181:08:32,  4.36it/s]  0%|          | 51200/50000000 [3:16:41<3182:02:18,  4.36it/s]  0%|          | 51712/50000000 [3:18:43<3218:56:01,  4.31it/s]  0%|          | 52224/50000000 [3:20:36<3173:39:16,  4.37it/s]  0%|          | 52736/50000000 [3:22:38<3213:01:43,  4.32it/s]  0%|          | 53248/50000000 [3:24:38<3227:04:38,  4.30it/s]  0%|          | 53760/50000000 [3:26:45<3290:19:59,  4.22it/s]  0%|          | 54272/50000000 [3:28:45<3279:32:30,  4.23it/s]  0%|          | 54784/50000000 [3:30:42<3248:22:13,  4.27it/s]  0%|          | 55296/50000000 [3:32:46<3279:11:25,  4.23it/s]  0%|          | 55808/50000000 [3:34:43<3243:37:52,  4.28it/s]  0%|          | 56320/50000000 [3:36:37<3200:41:41,  4.33it/s]  0%|          | 56832/50000000 [3:38:38<3222:41:16,  4.30it/s]  0%|          | 57344/50000000 [3:40:35<3204:04:06,  4.33it/s]  0%|          | 57856/50000000 [3:42:46<3308:51:51,  4.19it/s]  0%|          | 58368/50000000 [3:44:44<3278:00:39,  4.23it/s]  0%|          | 58880/50000000 [3:46:42<3256:04:02,  4.26it/s]  0%|          | 59392/50000000 [3:48:36<3200:24:17,  4.33it/s]  0%|          | 59904/50000000 [3:50:25<3127:14:45,  4.44it/s]  0%|          | 60416/50000000 [3:52:18<3111:59:06,  4.46it/s]  0%|          | 60928/50000000 [3:54:11<3093:10:22,  4.48it/s]  0%|          | 61440/50000000 [3:56:14<3164:26:57,  4.38it/s]  0%|          | 61952/50000000 [3:57:59<3071:36:25,  4.52it/s]  0%|          | 62464/50000000 [4:00:13<3237:58:57,  4.28it/s]  0%|          | 62976/50000000 [4:02:05<3178:58:58,  4.36it/s]  0%|          | 63488/50000000 [4:04:06<3207:09:19,  4.33it/s]  0%|          | 64000/50000000 [4:06:03<3196:18:47,  4.34it/s]  0%|          | 64512/50000000 [4:07:58<3173:18:39,  4.37it/s]  0%|          | 65024/50000000 [4:09:57<3184:09:49,  4.36it/s]  0%|          | 65536/50000000 [4:11:46<3120:15:12,  4.45it/s]  0%|          | 66048/50000000 [4:13:39<3102:41:01,  4.47it/s]  0%|          | 66560/50000000 [4:15:41<3163:00:09,  4.39it/s]  0%|          | 67072/50000000 [4:17:32<3111:35:35,  4.46it/s]  0%|          | 67584/50000000 [4:19:31<3145:57:45,  4.41it/s]  0%|          | 68096/50000000 [4:21:29<3162:15:37,  4.39it/s]  0%|          | 68608/50000000 [4:23:22<3131:48:59,  4.43it/s]  0%|          | 69120/50000000 [4:25:15<3112:41:22,  4.46it/s]  0%|          | 69632/50000000 [4:27:05<3073:16:39,  4.51it/s]  0%|          | 70144/50000000 [4:28:52<3021:41:47,  4.59it/s]  0%|          | 70656/50000000 [4:30:52<3089:24:24,  4.49it/s]  0%|          | 71168/50000000 [4:33:04<3235:03:55,  4.29it/s]  0%|          | 71680/50000000 [4:34:59<3194:22:21,  4.34it/s]  0%|          | 72192/50000000 [4:36:57<3193:54:35,  4.34it/s]  0%|          | 72704/50000000 [4:39:11<3326:43:04,  4.17it/s]  0%|          | 73216/50000000 [4:41:11<3304:55:35,  4.20it/s]  0%|          | 73728/50000000 [4:43:08<3265:59:26,  4.25it/s]  0%|          | 74240/50000000 [4:45:14<3311:22:03,  4.19it/s]  0%|          | 74752/50000000 [4:47:12<3274:36:14,  4.24it/s]  0%|          | 75264/50000000 [4:49:03<3193:27:16,  4.34it/s]  0%|          | 75776/50000000 [4:50:53<3125:07:07,  4.44it/s]  0%|          | 76288/50000000 [4:52:53<3168:35:34,  4.38it/s]  0%|          | 76800/50000000 [4:54:51<3171:40:23,  4.37it/s]  0%|          | 77312/50000000 [4:56:44<3143:48:35,  4.41it/s]  0%|          | 77824/50000000 [4:58:57<3282:33:11,  4.22it/s]  0%|          | 78336/50000000 [5:00:55<3255:02:44,  4.26it/s]  0%|          | 78848/50000000 [5:02:43<3153:51:01,  4.40it/s]  0%|          | 79360/50000000 [5:04:34<3113:18:08,  4.45it/s]  0%|          | 79872/50000000 [5:06:37<3172:49:16,  4.37it/s]  0%|          | 80384/50000000 [5:08:45<3263:22:53,  4.25it/s]  0%|          | 80896/50000000 [5:10:45<3259:59:39,  4.25it/s]  0%|          | 81408/50000000 [5:12:40<3212:41:16,  4.32it/s]  0%|          | 81920/50000000 [5:14:48<3289:30:10,  4.22it/s]  0%|          | 82432/50000000 [5:16:56<3347:12:12,  4.14it/s]  0%|          | 82944/50000000 [5:19:05<3387:50:47,  4.09it/s]  0%|          | 83456/50000000 [5:21:00<3309:29:28,  4.19it/s]  0%|          | 83968/50000000 [5:23:04<3321:49:34,  4.17it/s]  0%|          | 84480/50000000 [5:25:12<3365:08:07,  4.12it/s]  0%|          | 84992/50000000 [5:27:07<3291:48:10,  4.21it/s]  0%|          | 85504/50000000 [5:29:00<3215:15:46,  4.31it/s]  0%|          | 86016/50000000 [5:31:02<3242:44:38,  4.28it/s]  0%|          | 86528/50000000 [5:33:08<3300:03:27,  4.20it/s]  0%|          | 87040/50000000 [5:35:04<3248:30:12,  4.27it/s]  0%|          | 87552/50000000 [5:36:58<3197:52:04,  4.34it/s]  0%|          | 88064/50000000 [5:39:01<3241:06:21,  4.28it/s]  0%|          | 88576/50000000 [5:41:02<3251:11:12,  4.26it/s]  0%|          | 89088/50000000 [5:42:55<3197:10:39,  4.34it/s]  0%|          | 89600/50000000 [5:44:51<3172:39:31,  4.37it/s]  0%|          | 90112/50000000 [5:46:50<3187:29:35,  4.35it/s]  0%|          | 90624/50000000 [5:48:47<3185:41:15,  4.35it/s]  0%|          | 91136/50000000 [5:50:33<3094:44:41,  4.48it/s]  0%|          | 91648/50000000 [5:52:41<3202:22:21,  4.33it/s]  0%|          | 92160/50000000 [5:54:39<3200:42:40,  4.33it/s]  0%|          | 92672/50000000 [5:56:31<3151:55:58,  4.40it/s]  0%|          | 93184/50000000 [5:58:30<3174:15:52,  4.37it/s]  0%|          | 93696/50000000 [6:00:27<3168:55:00,  4.37it/s]  0%|          | 94208/50000000 [6:02:25<3179:28:10,  4.36it/s]  0%|          | 94720/50000000 [6:04:17<3135:55:17,  4.42it/s]  0%|          | 95232/50000000 [6:06:08<3096:58:42,  4.48it/s]  0%|          | 95744/50000000 [6:08:04<3105:25:03,  4.46it/s]  0%|          | 96256/50000000 [6:09:52<3051:26:59,  4.54it/s]  0%|          | 96768/50000000 [6:11:54<3129:48:51,  4.43it/s]  0%|          | 97280/50000000 [6:13:44<3081:33:35,  4.50it/s]  0%|          | 97792/50000000 [6:15:43<3123:03:13,  4.44it/s]  0%|          | 98304/50000000 [6:17:47<3191:33:48,  4.34it/s]  0%|          | 98816/50000000 [6:19:49<3231:01:10,  4.29it/s]  0%|          | 99328/50000000 [6:21:47<3212:57:02,  4.31it/s]  0%|          | 99840/50000000 [6:23:41<3174:30:00,  4.37it/s]  0%|          | 100352/50000000 [6:25:38<3178:42:52,  4.36it/s]  0%|          | 100864/50000000 [6:27:46<3265:02:26,  4.25it/s]  0%|          | 101376/50000000 [6:29:36<3176:28:10,  4.36it/s]  0%|          | 101888/50000000 [6:31:31<3159:51:42,  4.39it/s]  0%|          | 102400/50000000 [6:33:29<3163:17:00,  4.38it/s]  0%|          | 102912/50000000 [6:35:22<3139:12:55,  4.42it/s]  0%|          | 103424/50000000 [6:37:17<3127:32:12,  4.43it/s]  0%|          | 103936/50000000 [6:39:14<3137:39:03,  4.42it/s]  0%|          | 104448/50000000 [6:41:13<3161:10:21,  4.38it/s]  0%|          | 104960/50000000 [6:43:14<3198:36:40,  4.33it/s]  0%|          | 105472/50000000 [6:45:11<3187:04:38,  4.35it/s]  0%|          | 105984/50000000 [6:47:05<3157:39:32,  4.39it/s]  0%|          | 106496/50000000 [6:49:09<3215:37:35,  4.31it/s]  0%|          | 107008/50000000 [6:51:11<3247:46:31,  4.27it/s]  0%|          | 107520/50000000 [6:53:12<3254:35:26,  4.26it/s]  0%|          | 108032/50000000 [6:55:14<3265:32:23,  4.24it/s]  0%|          | 108544/50000000 [6:57:03<3174:53:47,  4.37it/s]  0%|          | 109056/50000000 [6:58:57<3144:30:00,  4.41it/s]  0%|          | 109568/50000000 [7:00:46<3091:07:22,  4.48it/s]  0%|          | 110080/50000000 [7:02:48<3150:24:59,  4.40it/s]  0%|          | 110592/50000000 [7:04:36<3083:08:23,  4.49it/s]  0%|          | 111104/50000000 [7:06:28<3068:51:48,  4.52it/s]  0%|          | 111616/50000000 [7:08:37<3190:27:22,  4.34it/s]  0%|          | 112128/50000000 [7:10:23<3100:12:44,  4.47it/s]  0%|          | 112640/50000000 [7:12:20<3118:43:13,  4.44it/s]  0%|          | 113152/50000000 [7:14:20<3155:49:03,  4.39it/s]  0%|          | 113664/50000000 [7:16:33<3286:30:02,  4.22it/s]  0%|          | 114176/50000000 [7:18:33<3279:18:55,  4.23it/s]  0%|          | 114688/50000000 [7:20:32<3263:26:02,  4.25it/s]  0%|          | 115200/50000000 [7:22:28<3226:29:27,  4.29it/s]  0%|          | 115712/50000000 [7:24:27<3222:41:26,  4.30it/s]  0%|          | 116224/50000000 [7:26:23<3199:27:02,  4.33it/s]  0%|          | 116736/50000000 [7:28:21<3194:54:44,  4.34it/s]  0%|          | 117248/50000000 [7:30:19<3195:09:08,  4.34it/s]  0%|          | 117760/50000000 [7:32:16<3182:48:00,  4.35it/s]  0%|          | 118272/50000000 [7:34:19<3225:33:29,  4.30it/s]  0%|          | 118784/50000000 [7:36:41<3415:25:10,  4.06it/s]  0%|          | 119296/50000000 [7:38:40<3355:25:54,  4.13it/s]  0%|          | 119808/50000000 [7:40:39<3313:06:28,  4.18it/s]  0%|          | 120320/50000000 [7:42:45<3342:39:48,  4.15it/s]  0%|          | 120832/50000000 [7:44:36<3240:56:53,  4.28it/s]  0%|          | 121344/50000000 [7:46:29<3188:30:26,  4.35it/s]  0%|          | 121856/50000000 [7:48:19<3126:06:41,  4.43it/s]  0%|          | 122368/50000000 [7:50:11<3096:43:11,  4.47it/s]  0%|          | 122880/50000000 [7:52:06<3101:05:39,  4.47it/s]  0%|          | 123392/50000000 [7:54:07<3154:38:31,  4.39it/s]  0%|          | 123904/50000000 [7:56:03<3147:52:23,  4.40it/s]  0%|          | 124416/50000000 [7:57:55<3111:20:09,  4.45it/s]  0%|          | 124928/50000000 [7:59:45<3068:53:20,  4.51it/s]  0%|          | 125440/50000000 [8:01:37<3062:55:14,  4.52it/s]  0%|          | 125952/50000000 [8:03:38<3121:54:51,  4.44it/s]  0%|          | 126464/50000000 [8:05:29<3089:20:35,  4.48it/s]  0%|          | 126976/50000000 [8:07:17<3040:44:01,  4.56it/s]  0%|          | 127488/50000000 [8:09:10<3041:01:37,  4.56it/s]  0%|          | 128000/50000000 [8:11:12<3119:22:06,  4.44it/s]  0%|          | 128512/50000000 [8:13:12<3154:39:46,  4.39it/s]  0%|          | 129024/50000000 [8:15:30<3336:12:31,  4.15it/s]  0%|          | 129536/50000000 [8:17:30<3301:38:39,  4.20it/s]  0%|          | 130048/50000000 [8:19:26<3255:07:45,  4.26it/s]  0%|          | 130560/50000000 [8:21:25<3243:42:41,  4.27it/s]  0%|          | 131072/50000000 [8:23:28<3272:49:31,  4.23it/s]  0%|          | 131584/50000000 [8:25:28<3266:57:57,  4.24it/s]  0%|          | 132096/50000000 [8:27:43<3377:16:56,  4.10it/s]  0%|          | 132608/50000000 [8:29:37<3292:56:26,  4.21it/s]  0%|          | 133120/50000000 [8:31:41<3311:05:57,  4.18it/s]  0%|          | 133632/50000000 [8:33:40<3283:23:44,  4.22it/s]  0%|          | 134144/50000000 [8:35:41<3282:40:53,  4.22it/s]  0%|          | 134656/50000000 [8:37:38<3242:55:58,  4.27it/s]  0%|          | 135168/50000000 [8:39:37<3234:46:24,  4.28it/s]  0%|          | 135680/50000000 [8:41:36<3228:37:52,  4.29it/s]  0%|          | 136192/50000000 [8:43:30<3191:50:48,  4.34it/s]  0%|          | 136704/50000000 [8:45:25<3162:02:43,  4.38it/s]  0%|          | 137216/50000000 [8:47:25<3189:33:55,  4.34it/s]  0%|          | 137728/50000000 [8:49:21<3176:25:12,  4.36it/s]  0%|          | 138240/50000000 [8:51:12<3121:38:12,  4.44it/s]  0%|          | 138752/50000000 [8:53:10<3145:45:22,  4.40it/s]  0%|          | 139264/50000000 [8:55:06<3139:49:48,  4.41it/s]  0%|          | 139776/50000000 [8:56:58<3105:22:20,  4.46it/s]  0%|          | 140288/50000000 [8:59:07<3222:19:06,  4.30it/s]  0%|          | 140800/50000000 [9:01:01<3178:56:13,  4.36it/s]  0%|          | 141312/50000000 [9:02:51<3123:11:54,  4.43it/s]  0%|          | 141824/50000000 [9:04:56<3196:56:24,  4.33it/s]  0%|          | 142336/50000000 [9:06:57<3217:05:20,  4.30it/s]  0%|          | 142848/50000000 [9:08:50<3171:21:49,  4.37it/s]  0%|          | 143360/50000000 [9:10:53<3218:49:12,  4.30it/s]  0%|          | 143872/50000000 [9:12:45<3164:16:05,  4.38it/s]  0%|          | 144384/50000000 [9:14:47<3201:19:13,  4.33it/s]  0%|          | 144896/50000000 [9:16:43<3181:12:06,  4.35it/s]  0%|          | 145408/50000000 [9:18:42<3197:24:04,  4.33it/s]  0%|          | 145920/50000000 [9:20:40<3193:07:59,  4.34it/s]  0%|          | 146432/50000000 [9:22:32<3146:04:18,  4.40it/s]  0%|          | 146944/50000000 [9:24:28<3143:18:37,  4.41it/s]  0%|          | 147456/50000000 [9:26:12<3040:25:33,  4.55it/s]  0%|          | 147968/50000000 [9:28:04<3041:48:20,  4.55it/s]  0%|          | 148480/50000000 [9:30:00<3065:29:01,  4.52it/s]  0%|          | 148992/50000000 [9:32:03<3146:11:46,  4.40it/s]  0%|          | 149504/50000000 [9:33:58<3132:59:34,  4.42it/s]  0%|          | 150016/50000000 [9:35:51<3111:38:50,  4.45it/s]  0%|          | 150528/50000000 [9:37:56<3190:14:31,  4.34it/s]  0%|          | 151040/50000000 [9:39:50<3163:06:44,  4.38it/s]  0%|          | 151552/50000000 [9:41:42<3118:20:29,  4.44it/s]  0%|          | 152064/50000000 [9:43:41<3150:56:52,  4.39it/s]  0%|          | 152576/50000000 [9:45:42<3185:51:21,  4.35it/s]  0%|          | 153088/50000000 [9:47:45<3232:01:35,  4.28it/s]  0%|          | 153600/50000000 [9:49:42<3206:24:31,  4.32it/s]  0%|          | 154112/50000000 [9:51:38<3188:07:49,  4.34it/s]  0%|          | 154624/50000000 [9:53:41<3226:43:42,  4.29it/s]  0%|          | 155136/50000000 [9:55:27<3122:49:22,  4.43it/s]  0%|          | 155648/50000000 [9:57:14<3052:26:58,  4.54it/s]  0%|          | 156160/50000000 [9:59:14<3106:01:55,  4.46it/s]  0%|          | 156672/50000000 [10:01:06<3086:49:04,  4.49it/s]  0%|          | 157184/50000000 [10:03:10<3167:39:37,  4.37it/s]  0%|          | 157696/50000000 [10:05:06<3160:09:13,  4.38it/s]  0%|          | 158208/50000000 [10:07:04<3165:15:15,  4.37it/s]  0%|          | 158720/50000000 [10:08:52<3091:24:52,  4.48it/s]  0%|          | 159232/50000000 [10:10:57<3181:09:56,  4.35it/s]  0%|          | 159744/50000000 [10:13:08<3286:16:21,  4.21it/s]  0%|          | 160256/50000000 [10:14:53<3154:48:10,  4.39it/s]  0%|          | 160768/50000000 [10:16:47<3129:45:10,  4.42it/s]  0%|          | 161280/50000000 [10:18:41<3120:02:30,  4.44it/s]  0%|          | 161792/50000000 [10:20:34<3099:16:28,  4.47it/s]  0%|          | 162304/50000000 [10:22:28<3090:09:50,  4.48it/s]  0%|          | 162816/50000000 [10:24:23<3096:45:43,  4.47it/s]  0%|          | 163328/50000000 [10:26:17<3095:22:48,  4.47it/s]  0%|          | 163840/50000000 [10:28:12<3095:33:05,  4.47it/s]  0%|          | 164352/50000000 [10:30:10<3124:21:54,  4.43it/s]  0%|          | 164864/50000000 [10:32:19<3239:33:51,  4.27it/s]  0%|          | 165376/50000000 [10:34:20<3242:12:22,  4.27it/s]  0%|          | 165888/50000000 [10:36:13<3185:55:58,  4.34it/s]  0%|          | 166400/50000000 [10:38:09<3173:04:11,  4.36it/s]  0%|          | 166912/50000000 [10:40:08<3190:43:06,  4.34it/s]  0%|          | 167424/50000000 [10:42:07<3191:49:38,  4.34it/s]  0%|          | 167936/50000000 [10:43:57<3133:38:21,  4.42it/s]  0%|          | 168448/50000000 [10:45:56<3157:25:35,  4.38it/s]  0%|          | 168960/50000000 [10:47:41<3061:43:40,  4.52it/s]  0%|          | 169472/50000000 [10:49:44<3135:42:49,  4.41it/s]  0%|          | 169984/50000000 [10:51:45<3177:09:33,  4.36it/s]  0%|          | 170496/50000000 [10:53:39<3150:11:30,  4.39it/s]  0%|          | 171008/50000000 [10:55:31<3113:19:54,  4.45it/s]  0%|          | 171520/50000000 [10:57:22<3076:39:44,  4.50it/s]  0%|          | 172032/50000000 [10:59:20<3110:01:50,  4.45it/s]  0%|          | 172544/50000000 [11:01:22<3171:54:58,  4.36it/s]  0%|          | 173056/50000000 [11:03:14<3130:07:01,  4.42it/s]  0%|          | 173568/50000000 [11:05:23<3236:44:17,  4.28it/s]  0%|          | 174080/50000000 [11:07:22<3229:19:08,  4.29it/s]  0%|          | 174592/50000000 [11:09:26<3264:42:08,  4.24it/s]  0%|          | 175104/50000000 [11:11:32<3304:45:58,  4.19it/s]  0%|          | 175616/50000000 [11:13:41<3359:21:25,  4.12it/s]  0%|          | 176128/50000000 [11:15:45<3357:13:50,  4.12it/s]  0%|          | 176640/50000000 [11:17:43<3310:29:30,  4.18it/s]  0%|          | 177152/50000000 [11:19:49<3335:56:26,  4.15it/s]  0%|          | 177664/50000000 [11:22:00<3397:28:16,  4.07it/s]  0%|          | 178176/50000000 [11:23:59<3345:58:34,  4.14it/s]  0%|          | 178688/50000000 [11:26:01<3332:22:31,  4.15it/s]  0%|          | 179200/50000000 [11:28:04<3329:15:25,  4.16it/s]  0%|          | 179712/50000000 [11:30:00<3273:05:18,  4.23it/s]  0%|          | 180224/50000000 [11:31:56<3230:47:50,  4.28it/s]  0%|          | 180736/50000000 [11:33:47<3155:40:26,  4.39it/s]  0%|          | 181248/50000000 [11:35:43<3154:59:39,  4.39it/s]  0%|          | 181760/50000000 [11:37:35<3114:05:57,  4.44it/s]  0%|          | 182272/50000000 [11:39:26<3082:43:39,  4.49it/s]  0%|          | 182784/50000000 [11:41:19<3071:49:41,  4.50it/s]  0%|          | 183296/50000000 [11:43:21<3141:00:33,  4.41it/s]  0%|          | 183808/50000000 [11:45:23<3187:51:59,  4.34it/s]  0%|          | 184320/50000000 [11:47:31<3265:54:54,  4.24it/s]  0%|          | 184832/50000000 [11:49:35<3290:43:37,  4.21it/s]  0%|          | 185344/50000000 [11:51:24<3189:40:11,  4.34it/s]  0%|          | 185856/50000000 [11:53:21<3181:32:58,  4.35it/s]  0%|          | 186368/50000000 [11:55:21<3196:59:44,  4.33it/s]  0%|          | 186880/50000000 [11:57:21<3216:36:03,  4.30it/s]  0%|          | 187392/50000000 [11:59:17<3193:36:41,  4.33it/s]  0%|          | 187904/50000000 [12:01:14<3179:28:37,  4.35it/s]  0%|          | 188416/50000000 [12:03:10<3164:26:13,  4.37it/s]  0%|          | 188928/50000000 [12:04:56<3079:52:50,  4.49it/s]  0%|          | 189440/50000000 [12:06:45<3039:28:11,  4.55it/s]  0%|          | 189952/50000000 [12:08:39<3048:06:29,  4.54it/s]  0%|          | 190464/50000000 [12:10:43<3136:48:33,  4.41it/s]  0%|          | 190976/50000000 [12:12:33<3087:37:44,  4.48it/s]  0%|          | 191488/50000000 [12:14:28<3094:12:18,  4.47it/s]  0%|          | 192000/50000000 [12:16:24<3105:19:59,  4.46it/s]  0%|          | 192512/50000000 [12:18:12<3049:28:20,  4.54it/s]  0%|          | 193024/50000000 [12:20:02<3026:33:20,  4.57it/s]  0%|          | 193536/50000000 [12:21:56<3044:15:10,  4.54it/s]  0%|          | 194048/50000000 [12:23:48<3040:38:27,  4.55it/s]  0%|          | 194560/50000000 [12:25:42<3048:46:54,  4.54it/s]  0%|          | 195072/50000000 [12:27:38<3077:26:05,  4.50it/s]  0%|          | 195584/50000000 [12:29:35<3101:29:12,  4.46it/s]  0%|          | 196096/50000000 [12:31:30<3102:00:10,  4.46it/s]  0%|          | 196608/50000000 [12:33:36<3193:25:16,  4.33it/s]  0%|          | 197120/50000000 [12:35:35<3204:46:30,  4.32it/s]  0%|          | 197632/50000000 [12:37:42<3270:31:15,  4.23it/s]  0%|          | 198144/50000000 [12:39:34<3196:14:18,  4.33it/s]  0%|          | 198656/50000000 [12:41:34<3207:49:09,  4.31it/s]  0%|          | 199168/50000000 [12:43:35<3226:27:52,  4.29it/s]  0%|          | 199680/50000000 [12:45:38<3257:06:44,  4.25it/s]  0%|          | 200192/50000000 [12:47:41<3276:41:08,  4.22it/s]  0%|          | 200704/50000000 [12:49:38<3245:37:21,  4.26it/s]  0%|          | 201216/50000000 [12:51:37<3234:21:35,  4.28it/s]  0%|          | 201728/50000000 [12:53:37<3239:18:21,  4.27it/s]  0%|          | 202240/50000000 [12:55:42<3274:23:10,  4.22it/s]  0%|          | 202752/50000000 [12:57:40<3252:29:17,  4.25it/s]  0%|          | 203264/50000000 [12:59:37<3225:47:04,  4.29it/s]  0%|          | 203776/50000000 [13:01:42<3272:51:14,  4.23it/s]  0%|          | 204288/50000000 [13:03:36<3212:40:02,  4.31it/s]  0%|          | 204800/50000000 [13:05:31<3176:25:01,  4.35it/s]  0%|          | 205312/50000000 [13:07:15<3069:36:32,  4.51it/s]  0%|          | 205824/50000000 [13:09:17<3141:00:40,  4.40it/s]  0%|          | 206336/50000000 [13:11:16<3156:42:44,  4.38it/s]  0%|          | 206848/50000000 [13:13:16<3187:42:40,  4.34it/s]  0%|          | 207360/50000000 [13:15:16<3204:39:08,  4.32it/s]  0%|          | 207872/50000000 [13:17:11<3173:45:26,  4.36it/s]  0%|          | 208384/50000000 [13:19:10<3186:00:30,  4.34it/s]  0%|          | 208896/50000000 [13:21:01<3131:13:51,  4.42it/s]  0%|          | 209408/50000000 [13:22:55<3107:50:21,  4.45it/s]  0%|          | 209920/50000000 [13:24:46<3079:06:28,  4.49it/s]  0%|          | 210432/50000000 [13:26:51<3164:56:08,  4.37it/s]  0%|          | 210944/50000000 [13:28:58<3246:59:21,  4.26it/s]  0%|          | 211456/50000000 [13:30:51<3185:32:45,  4.34it/s]  0%|          | 211968/50000000 [13:32:49<3191:37:36,  4.33it/s]  0%|          | 212480/50000000 [13:34:45<3176:20:31,  4.35it/s]  0%|          | 212992/50000000 [13:36:40<3147:41:43,  4.39it/s]  0%|          | 213504/50000000 [13:38:36<3149:47:04,  4.39it/s]  0%|          | 214016/50000000 [13:40:38<3192:04:10,  4.33it/s]  0%|          | 214528/50000000 [13:42:37<3194:03:58,  4.33it/s]  0%|          | 215040/50000000 [13:44:35<3193:44:50,  4.33it/s]  0%|          | 215552/50000000 [13:46:35<3213:10:29,  4.30it/s]  0%|          | 216064/50000000 [13:48:33<3202:01:48,  4.32it/s]  0%|          | 216576/50000000 [13:50:25<3150:06:51,  4.39it/s]  0%|          | 217088/50000000 [13:52:33<3236:49:36,  4.27it/s]  0%|          | 217600/50000000 [13:54:35<3257:08:43,  4.25it/s]  0%|          | 218112/50000000 [13:56:31<3223:46:08,  4.29it/s]  0%|          | 218624/50000000 [13:58:32<3234:36:57,  4.28it/s]  0%|          | 219136/50000000 [14:00:23<3160:06:33,  4.38it/s]  0%|          | 219648/50000000 [14:02:12<3098:45:30,  4.46it/s]  0%|          | 220160/50000000 [14:03:58<3023:21:30,  4.57it/s]  0%|          | 220672/50000000 [14:05:55<3072:03:00,  4.50it/s]  0%|          | 221184/50000000 [14:07:52<3096:00:13,  4.47it/s]  0%|          | 221696/50000000 [14:09:49<3116:03:05,  4.44it/s]  0%|          | 222208/50000000 [14:11:53<3187:02:35,  4.34it/s]  0%|          | 222720/50000000 [14:13:54<3207:20:31,  4.31it/s]  0%|          | 223232/50000000 [14:15:49<3173:50:06,  4.36it/s]  0%|          | 223744/50000000 [14:17:44<3156:40:25,  4.38it/s]  0%|          | 224256/50000000 [14:19:43<3172:17:00,  4.36it/s]  0%|          | 224768/50000000 [14:21:43<3190:16:13,  4.33it/s]  0%|          | 225280/50000000 [14:23:42<3200:18:19,  4.32it/s]  0%|          | 225792/50000000 [14:25:39<3191:28:04,  4.33it/s]  0%|          | 226304/50000000 [14:27:43<3236:46:58,  4.27it/s]  0%|          | 226816/50000000 [14:29:36<3183:01:32,  4.34it/s]  0%|          | 227328/50000000 [14:31:35<3191:21:18,  4.33it/s]  0%|          | 227840/50000000 [14:33:28<3147:37:31,  4.39it/s]  0%|          | 228352/50000000 [14:35:28<3172:32:34,  4.36it/s]  0%|          | 228864/50000000 [14:37:24<3166:30:37,  4.37it/s]  0%|          | 229376/50000000 [14:39:24<3185:19:29,  4.34it/s]  0%|          | 229888/50000000 [14:41:24<3200:46:47,  4.32it/s]  0%|          | 230400/50000000 [14:43:16<3149:20:21,  4.39it/s]  0%|          | 230912/50000000 [14:45:05<3084:12:18,  4.48it/s]  0%|          | 231424/50000000 [14:47:06<3139:13:41,  4.40it/s]  0%|          | 231936/50000000 [14:49:00<3123:07:23,  4.43it/s]  0%|          | 232448/50000000 [14:51:00<3156:03:51,  4.38it/s]  0%|          | 232960/50000000 [14:53:02<3198:04:35,  4.32it/s]  0%|          | 233472/50000000 [14:54:45<3078:16:23,  4.49it/s]  0%|          | 233984/50000000 [14:56:44<3115:44:26,  4.44it/s]  0%|          | 234496/50000000 [14:58:37<3099:00:16,  4.46it/s]  0%|          | 235008/50000000 [15:00:46<3210:10:29,  4.31it/s]  0%|          | 235520/50000000 [15:02:47<3227:15:13,  4.28it/s]  0%|          | 236032/50000000 [15:04:49<3245:22:07,  4.26it/s]  0%|          | 236544/50000000 [15:06:44<3206:44:41,  4.31it/s]  0%|          | 237056/50000000 [15:08:47<3243:08:21,  4.26it/s]  0%|          | 237568/50000000 [15:11:01<3349:10:34,  4.13it/s]  0%|          | 238080/50000000 [15:12:56<3280:29:48,  4.21it/s]  0%|          | 238592/50000000 [15:15:00<3299:36:45,  4.19it/s]  0%|          | 239104/50000000 [15:16:52<3218:18:39,  4.29it/s]  0%|          | 239616/50000000 [15:18:59<3277:12:32,  4.22it/s]  0%|          | 240128/50000000 [15:20:55<3235:19:25,  4.27it/s]  0%|          | 240640/50000000 [15:22:58<3257:42:11,  4.24it/s]  0%|          | 241152/50000000 [15:24:54<3224:55:44,  4.29it/s]  0%|          | 241664/50000000 [15:26:53<3219:25:10,  4.29it/s]  0%|          | 242176/50000000 [15:28:47<3179:58:59,  4.35it/s]  0%|          | 242688/50000000 [15:30:45<3177:54:05,  4.35it/s]  0%|          | 243200/50000000 [15:32:37<3134:35:34,  4.41it/s]  0%|          | 243712/50000000 [15:34:35<3145:40:47,  4.39it/s]  0%|          | 244224/50000000 [15:36:24<3084:58:23,  4.48it/s]  0%|          | 244736/50000000 [15:38:17<3073:42:04,  4.50it/s]  0%|          | 245248/50000000 [15:40:18<3129:21:40,  4.42it/s]  0%|          | 245760/50000000 [15:42:16<3147:00:39,  4.39it/s]  0%|          | 246272/50000000 [15:44:16<3180:02:27,  4.35it/s]  0%|          | 246784/50000000 [15:46:08<3127:14:25,  4.42it/s]  0%|          | 247296/50000000 [15:48:13<3207:15:42,  4.31it/s]  0%|          | 247808/50000000 [15:50:06<3154:27:22,  4.38it/s]  0%|          | 248320/50000000 [15:52:10<3217:30:58,  4.30it/s]  0%|          | 248832/50000000 [15:54:06<3191:14:48,  4.33it/s]  0%|          | 249344/50000000 [15:56:13<3258:57:30,  4.24it/s]  0%|          | 249856/50000000 [15:58:17<3289:58:27,  4.20it/s]  1%|          | 250368/50000000 [16:00:17<3274:18:11,  4.22it/s]  1%|          | 250880/50000000 [16:02:12<3223:16:57,  4.29it/s]  1%|          | 251392/50000000 [16:04:18<3272:58:02,  4.22it/s]  1%|          | 251904/50000000 [16:06:18<3265:28:59,  4.23it/s]  1%|          | 252416/50000000 [16:08:12<3206:13:44,  4.31it/s]  1%|          | 252928/50000000 [16:10:10<3196:13:35,  4.32it/s]  1%|          | 253440/50000000 [16:12:10<3209:09:59,  4.31it/s]  1%|          | 253952/50000000 [16:14:13<3245:07:08,  4.26it/s]  1%|          | 254464/50000000 [16:16:14<3255:30:06,  4.24it/s]  1%|          | 254976/50000000 [16:18:11<3218:18:26,  4.29it/s]  1%|          | 255488/50000000 [16:20:07<3198:02:42,  4.32it/s]  1%|          | 256000/50000000 [16:22:00<3152:43:16,  4.38it/s]  1%|          | 256512/50000000 [16:23:51<3107:47:09,  4.45it/s]  1%|          | 257024/50000000 [16:25:40<3050:43:53,  4.53it/s]  1%|          | 257536/50000000 [16:27:42<3124:24:08,  4.42it/s]  1%|          | 258048/50000000 [16:29:36<3112:01:08,  4.44it/s]  1%|          | 258560/50000000 [16:31:36<3147:24:21,  4.39it/s]  1%|          | 259072/50000000 [16:33:35<3172:43:18,  4.35it/s]  1%|          | 259584/50000000 [16:35:32<3164:10:46,  4.37it/s]  1%|          | 260096/50000000 [16:37:30<3171:07:02,  4.36it/s]  1%|          | 260608/50000000 [16:39:30<3189:52:56,  4.33it/s]  1%|          | 261120/50000000 [16:41:25<3164:09:55,  4.37it/s]  1%|          | 261632/50000000 [16:43:19<3138:08:03,  4.40it/s]  1%|          | 262144/50000000 [16:45:17<3156:05:17,  4.38it/s]  1%|          | 262656/50000000 [16:47:09<3115:16:48,  4.43it/s]  1%|          | 263168/50000000 [16:49:07<3134:48:56,  4.41it/s]  1%|          | 263680/50000000 [16:51:03<3129:42:02,  4.41it/s]  1%|          | 264192/50000000 [16:53:04<3169:41:34,  4.36it/s]  1%|          | 264704/50000000 [16:54:48<3062:38:51,  4.51it/s]  1%|          | 265216/50000000 [16:56:50<3131:50:08,  4.41it/s]  1%|          | 265728/50000000 [16:58:46<3132:57:47,  4.41it/s]  1%|          | 266240/50000000 [17:00:36<3084:26:54,  4.48it/s]  1%|          | 266752/50000000 [17:02:24<3028:50:57,  4.56it/s]Process SpawnProcess-12:
Process SpawnProcess-16:
Process SpawnProcess-13:
Process SpawnProcess-15:
Process SpawnProcess-9:
Process SpawnProcess-8:
Process SpawnProcess-7:
Process SpawnProcess-10:
Process SpawnProcess-5:
Process SpawnProcess-11:
Process SpawnProcess-14:
Process SpawnProcess-4:
Process SpawnProcess-6:
Process SpawnProcess-1:
Process SpawnProcess-3:
Process SpawnProcess-2:
Traceback (most recent call last):
  File "/vol/bitbucket/osella/pyenv/versions/qecc1/lib/python3.10/site-packages/tensordict/nn/common.py", line 1174, in forward
    tensors_out = self._call_module(tensors, **kwargs)
  File "/vol/bitbucket/osella/pyenv/versions/qecc1/lib/python3.10/site-packages/tensordict/nn/common.py", line 1133, in _call_module
    out = self.module(*tensors, **kwargs)
  File "/vol/bitbucket/osella/pyenv/versions/qecc1/lib/python3.10/site-packages/torch/nn/modules/module.py", line 1776, in _wrapped_call_impl
Traceback (most recent call last):
Traceback (most recent call last):
Traceback (most recent call last):
Traceback (most recent call last):
Traceback (most recent call last):
Traceback (most recent call last):
Traceback (most recent call last):
Traceback (most recent call last):
Traceback (most recent call last):
Traceback (most recent call last):
Traceback (most recent call last):
Traceback (most recent call last):
Traceback (most recent call last):
Traceback (most recent call last):
  File "/vol/bitbucket/osella/pyenv/versions/3.10.16/lib/python3.10/multiprocessing/process.py", line 314, in _bootstrap
    self.run()
Traceback (most recent call last):
  File "/vol/bitbucket/osella/pyenv/versions/3.10.16/lib/python3.10/multiprocessing/process.py", line 314, in _bootstrap
    self.run()
  File "/vol/bitbucket/osella/pyenv/versions/3.10.16/lib/python3.10/multiprocessing/process.py", line 108, in run
    self._target(*self._args, **self._kwargs)
  File "/vol/bitbucket/osella/pyenv/versions/3.10.16/lib/python3.10/multiprocessing/process.py", line 314, in _bootstrap
    self.run()
  File "/vol/bitbucket/osella/pyenv/versions/3.10.16/lib/python3.10/multiprocessing/process.py", line 108, in run
    self._target(*self._args, **self._kwargs)
  File "/vol/bitbucket/osella/pyenv/versions/3.10.16/lib/python3.10/multiprocessing/process.py", line 314, in _bootstrap
    self.run()
  File "/vol/bitbucket/osella/pyenv/versions/qecc1/lib/python3.10/site-packages/torchrl/envs/batched_envs.py", line 2830, in _run_worker_pipe_shared_mem
    if child_pipe.poll(_timeout):
  File "/vol/bitbucket/osella/pyenv/versions/3.10.16/lib/python3.10/multiprocessing/process.py", line 108, in run
    self._target(*self._args, **self._kwargs)
  File "/vol/bitbucket/osella/pyenv/versions/3.10.16/lib/python3.10/multiprocessing/process.py", line 314, in _bootstrap
    self.run()
  File "/vol/bitbucket/osella/pyenv/versions/qecc1/lib/python3.10/site-packages/torchrl/envs/batched_envs.py", line 2830, in _run_worker_pipe_shared_mem
    if child_pipe.poll(_timeout):
Traceback (most recent call last):
  File "/vol/bitbucket/osella/pyenv/versions/3.10.16/lib/python3.10/multiprocessing/process.py", line 314, in _bootstrap
    self.run()
  File "/vol/bitbucket/osella/pyenv/versions/3.10.16/lib/python3.10/multiprocessing/process.py", line 108, in run
    self._target(*self._args, **self._kwargs)
  File "/vol/bitbucket/osella/pyenv/versions/3.10.16/lib/python3.10/multiprocessing/process.py", line 314, in _bootstrap
    self.run()
  File "/vol/bitbucket/osella/pyenv/versions/3.10.16/lib/python3.10/multiprocessing/process.py", line 314, in _bootstrap
    self.run()
  File "/vol/bitbucket/osella/pyenv/versions/3.10.16/lib/python3.10/multiprocessing/connection.py", line 257, in poll
    return self._poll(timeout)
  File "/vol/bitbucket/osella/pyenv/versions/qecc1/lib/python3.10/site-packages/torchrl/envs/batched_envs.py", line 2830, in _run_worker_pipe_shared_mem
    if child_pipe.poll(_timeout):
  File "/vol/bitbucket/osella/pyenv/versions/3.10.16/lib/python3.10/multiprocessing/process.py", line 108, in run
    self._target(*self._args, **self._kwargs)
  File "/vol/bitbucket/osella/pyenv/versions/3.10.16/lib/python3.10/multiprocessing/connection.py", line 257, in poll
    return self._poll(timeout)
  File "/vol/bitbucket/osella/pyenv/versions/3.10.16/lib/python3.10/multiprocessing/process.py", line 314, in _bootstrap
    self.run()
  File "/vol/bitbucket/osella/pyenv/versions/3.10.16/lib/python3.10/multiprocessing/process.py", line 314, in _bootstrap
    self.run()
  File "/vol/bitbucket/osella/pyenv/versions/3.10.16/lib/python3.10/multiprocessing/process.py", line 314, in _bootstrap
    self.run()
  File "/vol/bitbucket/osella/pyenv/versions/3.10.16/lib/python3.10/multiprocessing/process.py", line 108, in run
    self._target(*self._args, **self._kwargs)
  File "/vol/bitbucket/osella/pyenv/versions/3.10.16/lib/python3.10/multiprocessing/process.py", line 108, in run
    self._target(*self._args, **self._kwargs)
  File "/vol/bitbucket/osella/pyenv/versions/qecc1/lib/python3.10/site-packages/torchrl/envs/batched_envs.py", line 2830, in _run_worker_pipe_shared_mem
    if child_pipe.poll(_timeout):
  File "/vol/bitbucket/osella/pyenv/versions/3.10.16/lib/python3.10/multiprocessing/process.py", line 314, in _bootstrap
    self.run()
  File "/vol/bitbucket/osella/pyenv/versions/3.10.16/lib/python3.10/multiprocessing/process.py", line 108, in run
    self._target(*self._args, **self._kwargs)
  File "/vol/bitbucket/osella/pyenv/versions/3.10.16/lib/python3.10/multiprocessing/process.py", line 108, in run
    self._target(*self._args, **self._kwargs)
  File "/vol/bitbucket/osella/pyenv/versions/3.10.16/lib/python3.10/multiprocessing/connection.py", line 424, in _poll
    r = wait([self], timeout)
  File "/vol/bitbucket/osella/pyenv/versions/3.10.16/lib/python3.10/multiprocessing/process.py", line 314, in _bootstrap
    self.run()
  File "/vol/bitbucket/osella/pyenv/versions/3.10.16/lib/python3.10/multiprocessing/process.py", line 314, in _bootstrap
    self.run()
  File "/vol/bitbucket/osella/pyenv/versions/3.10.16/lib/python3.10/multiprocessing/connection.py", line 257, in poll
    return self._poll(timeout)
  File "/vol/bitbucket/osella/pyenv/versions/3.10.16/lib/python3.10/multiprocessing/process.py", line 314, in _bootstrap
    self.run()
  File "/vol/bitbucket/osella/pyenv/versions/qecc1/lib/python3.10/site-packages/torchrl/envs/batched_envs.py", line 2830, in _run_worker_pipe_shared_mem
    if child_pipe.poll(_timeout):
  File "/vol/bitbucket/osella/pyenv/versions/3.10.16/lib/python3.10/multiprocessing/connection.py", line 424, in _poll
    r = wait([self], timeout)
  File "/vol/bitbucket/osella/pyenv/versions/3.10.16/lib/python3.10/multiprocessing/process.py", line 108, in run
    self._target(*self._args, **self._kwargs)
  File "/vol/bitbucket/osella/pyenv/versions/3.10.16/lib/python3.10/multiprocessing/process.py", line 108, in run
    self._target(*self._args, **self._kwargs)
  File "/vol/bitbucket/osella/pyenv/versions/3.10.16/lib/python3.10/multiprocessing/process.py", line 108, in run
    self._target(*self._args, **self._kwargs)
  File "/vol/bitbucket/osella/pyenv/versions/qecc1/lib/python3.10/site-packages/torchrl/envs/batched_envs.py", line 2830, in _run_worker_pipe_shared_mem
    if child_pipe.poll(_timeout):
  File "/vol/bitbucket/osella/pyenv/versions/qecc1/lib/python3.10/site-packages/torchrl/envs/batched_envs.py", line 2830, in _run_worker_pipe_shared_mem
    if child_pipe.poll(_timeout):
  File "/vol/bitbucket/osella/pyenv/versions/qecc1/lib/python3.10/site-packages/torchrl/envs/batched_envs.py", line 2830, in _run_worker_pipe_shared_mem
    if child_pipe.poll(_timeout):
  File "/vol/bitbucket/osella/pyenv/versions/3.10.16/lib/python3.10/multiprocessing/connection.py", line 257, in poll
    return self._poll(timeout)
  File "/vol/bitbucket/osella/pyenv/versions/3.10.16/lib/python3.10/multiprocessing/process.py", line 314, in _bootstrap
    self.run()
  File "/vol/bitbucket/osella/pyenv/versions/3.10.16/lib/python3.10/multiprocessing/process.py", line 108, in run
    self._target(*self._args, **self._kwargs)
  File "/vol/bitbucket/osella/pyenv/versions/qecc1/lib/python3.10/site-packages/torchrl/envs/batched_envs.py", line 2830, in _run_worker_pipe_shared_mem
    if child_pipe.poll(_timeout):
  File "/vol/bitbucket/osella/pyenv/versions/qecc1/lib/python3.10/site-packages/torchrl/envs/batched_envs.py", line 2830, in _run_worker_pipe_shared_mem
    if child_pipe.poll(_timeout):
  File "/vol/bitbucket/osella/pyenv/versions/3.10.16/lib/python3.10/multiprocessing/connection.py", line 931, in wait
    ready = selector.select(timeout)
  File "/vol/bitbucket/osella/pyenv/versions/3.10.16/lib/python3.10/multiprocessing/process.py", line 108, in run
    self._target(*self._args, **self._kwargs)
  File "/vol/bitbucket/osella/pyenv/versions/3.10.16/lib/python3.10/multiprocessing/process.py", line 108, in run
    self._target(*self._args, **self._kwargs)
  File "/vol/bitbucket/osella/pyenv/versions/3.10.16/lib/python3.10/multiprocessing/connection.py", line 424, in _poll
    r = wait([self], timeout)
  File "/vol/bitbucket/osella/pyenv/versions/3.10.16/lib/python3.10/multiprocessing/connection.py", line 257, in poll
    return self._poll(timeout)
  File "/vol/bitbucket/osella/pyenv/versions/3.10.16/lib/python3.10/multiprocessing/connection.py", line 931, in wait
    ready = selector.select(timeout)
  File "/vol/bitbucket/osella/pyenv/versions/qecc1/lib/python3.10/site-packages/torchrl/envs/batched_envs.py", line 2830, in _run_worker_pipe_shared_mem
    if child_pipe.poll(_timeout):
  File "/vol/bitbucket/osella/pyenv/versions/qecc1/lib/python3.10/site-packages/torchrl/envs/batched_envs.py", line 2830, in _run_worker_pipe_shared_mem
    if child_pipe.poll(_timeout):
  File "/vol/bitbucket/osella/pyenv/versions/3.10.16/lib/python3.10/multiprocessing/connection.py", line 257, in poll
    return self._poll(timeout)
  File "/vol/bitbucket/osella/pyenv/versions/3.10.16/lib/python3.10/multiprocessing/connection.py", line 257, in poll
    return self._poll(timeout)
  File "/vol/bitbucket/osella/pyenv/versions/3.10.16/lib/python3.10/multiprocessing/connection.py", line 257, in poll
    return self._poll(timeout)
  File "/vol/bitbucket/osella/pyenv/versions/3.10.16/lib/python3.10/multiprocessing/connection.py", line 424, in _poll
    r = wait([self], timeout)
  File "/vol/bitbucket/osella/pyenv/versions/3.10.16/lib/python3.10/multiprocessing/process.py", line 108, in run
    self._target(*self._args, **self._kwargs)
  File "/vol/bitbucket/osella/pyenv/versions/qecc1/lib/python3.10/site-packages/torchrl/envs/batched_envs.py", line 2830, in _run_worker_pipe_shared_mem
    if child_pipe.poll(_timeout):
  File "/vol/bitbucket/osella/pyenv/versions/3.10.16/lib/python3.10/multiprocessing/connection.py", line 257, in poll
    return self._poll(timeout)
  File "/vol/bitbucket/osella/pyenv/versions/3.10.16/lib/python3.10/multiprocessing/connection.py", line 257, in poll
    return self._poll(timeout)
  File "/vol/bitbucket/osella/pyenv/versions/3.10.16/lib/python3.10/selectors.py", line 416, in select
    fd_event_list = self._selector.poll(timeout)
  File "/vol/bitbucket/osella/pyenv/versions/qecc1/lib/python3.10/site-packages/torchrl/envs/batched_envs.py", line 2830, in _run_worker_pipe_shared_mem
    if child_pipe.poll(_timeout):
  File "/vol/bitbucket/osella/pyenv/versions/qecc1/lib/python3.10/site-packages/torchrl/envs/batched_envs.py", line 2830, in _run_worker_pipe_shared_mem
    if child_pipe.poll(_timeout):
  File "/vol/bitbucket/osella/pyenv/versions/3.10.16/lib/python3.10/multiprocessing/connection.py", line 931, in wait
    ready = selector.select(timeout)
  File "/vol/bitbucket/osella/pyenv/versions/3.10.16/lib/python3.10/multiprocessing/connection.py", line 424, in _poll
    r = wait([self], timeout)
  File "/vol/bitbucket/osella/pyenv/versions/3.10.16/lib/python3.10/selectors.py", line 416, in select
    fd_event_list = self._selector.poll(timeout)
  File "/vol/bitbucket/osella/pyenv/versions/3.10.16/lib/python3.10/multiprocessing/connection.py", line 257, in poll
    return self._poll(timeout)
  File "/vol/bitbucket/osella/pyenv/versions/3.10.16/lib/python3.10/multiprocessing/connection.py", line 257, in poll
    return self._poll(timeout)
  File "/vol/bitbucket/osella/pyenv/versions/3.10.16/lib/python3.10/multiprocessing/connection.py", line 424, in _poll
    r = wait([self], timeout)
  File "/vol/bitbucket/osella/pyenv/versions/3.10.16/lib/python3.10/multiprocessing/connection.py", line 424, in _poll
    r = wait([self], timeout)
  File "/vol/bitbucket/osella/pyenv/versions/3.10.16/lib/python3.10/multiprocessing/connection.py", line 424, in _poll
    r = wait([self], timeout)
  File "/vol/bitbucket/osella/pyenv/versions/3.10.16/lib/python3.10/multiprocessing/connection.py", line 931, in wait
    ready = selector.select(timeout)
  File "/vol/bitbucket/osella/pyenv/versions/qecc1/lib/python3.10/site-packages/torchrl/envs/batched_envs.py", line 2830, in _run_worker_pipe_shared_mem
    if child_pipe.poll(_timeout):
  File "/vol/bitbucket/osella/pyenv/versions/3.10.16/lib/python3.10/multiprocessing/connection.py", line 257, in poll
    return self._poll(timeout)
  File "/vol/bitbucket/osella/pyenv/versions/3.10.16/lib/python3.10/multiprocessing/connection.py", line 424, in _poll
    r = wait([self], timeout)
  File "/vol/bitbucket/osella/pyenv/versions/3.10.16/lib/python3.10/multiprocessing/connection.py", line 424, in _poll
    r = wait([self], timeout)
  File "/vol/bitbucket/osella/pyenv/versions/3.10.16/lib/python3.10/multiprocessing/connection.py", line 257, in poll
    return self._poll(timeout)
  File "/vol/bitbucket/osella/pyenv/versions/3.10.16/lib/python3.10/multiprocessing/connection.py", line 257, in poll
    return self._poll(timeout)
  File "/vol/bitbucket/osella/pyenv/versions/3.10.16/lib/python3.10/selectors.py", line 416, in select
    fd_event_list = self._selector.poll(timeout)
  File "/vol/bitbucket/osella/pyenv/versions/3.10.16/lib/python3.10/multiprocessing/connection.py", line 931, in wait
    ready = selector.select(timeout)
KeyboardInterrupt
  File "/vol/bitbucket/osella/pyenv/versions/3.10.16/lib/python3.10/multiprocessing/connection.py", line 424, in _poll
    r = wait([self], timeout)
KeyboardInterrupt
  File "/vol/bitbucket/osella/pyenv/versions/3.10.16/lib/python3.10/multiprocessing/connection.py", line 424, in _poll
    r = wait([self], timeout)
  File "/vol/bitbucket/osella/pyenv/versions/3.10.16/lib/python3.10/multiprocessing/connection.py", line 931, in wait
    ready = selector.select(timeout)
  File "/vol/bitbucket/osella/pyenv/versions/3.10.16/lib/python3.10/multiprocessing/connection.py", line 931, in wait
    ready = selector.select(timeout)
  File "/vol/bitbucket/osella/pyenv/versions/3.10.16/lib/python3.10/multiprocessing/connection.py", line 931, in wait
    ready = selector.select(timeout)
  File "/vol/bitbucket/osella/pyenv/versions/3.10.16/lib/python3.10/selectors.py", line 416, in select
    fd_event_list = self._selector.poll(timeout)
  File "/vol/bitbucket/osella/pyenv/versions/3.10.16/lib/python3.10/multiprocessing/connection.py", line 257, in poll
    return self._poll(timeout)
  File "/vol/bitbucket/osella/pyenv/versions/3.10.16/lib/python3.10/multiprocessing/connection.py", line 424, in _poll
    r = wait([self], timeout)
  File "/vol/bitbucket/osella/pyenv/versions/3.10.16/lib/python3.10/multiprocessing/connection.py", line 931, in wait
    ready = selector.select(timeout)
  File "/vol/bitbucket/osella/pyenv/versions/3.10.16/lib/python3.10/multiprocessing/connection.py", line 931, in wait
    ready = selector.select(timeout)
  File "/vol/bitbucket/osella/pyenv/versions/3.10.16/lib/python3.10/multiprocessing/connection.py", line 424, in _poll
    r = wait([self], timeout)
  File "/vol/bitbucket/osella/pyenv/versions/3.10.16/lib/python3.10/multiprocessing/connection.py", line 424, in _poll
    r = wait([self], timeout)
  File "/vol/bitbucket/osella/pyenv/versions/3.10.16/lib/python3.10/selectors.py", line 416, in select
    fd_event_list = self._selector.poll(timeout)
  File "/vol/bitbucket/osella/pyenv/versions/3.10.16/lib/python3.10/multiprocessing/connection.py", line 931, in wait
    ready = selector.select(timeout)
KeyboardInterrupt
  File "/vol/bitbucket/osella/pyenv/versions/3.10.16/lib/python3.10/multiprocessing/connection.py", line 931, in wait
    ready = selector.select(timeout)
  File "/vol/bitbucket/osella/pyenv/versions/3.10.16/lib/python3.10/selectors.py", line 416, in select
    fd_event_list = self._selector.poll(timeout)
  File "/vol/bitbucket/osella/pyenv/versions/3.10.16/lib/python3.10/selectors.py", line 416, in select
    fd_event_list = self._selector.poll(timeout)
  File "/vol/bitbucket/osella/pyenv/versions/3.10.16/lib/python3.10/selectors.py", line 416, in select
    fd_event_list = self._selector.poll(timeout)
  File "/vol/bitbucket/osella/pyenv/versions/3.10.16/lib/python3.10/multiprocessing/connection.py", line 424, in _poll
    r = wait([self], timeout)
  File "/vol/bitbucket/osella/pyenv/versions/3.10.16/lib/python3.10/multiprocessing/connection.py", line 931, in wait
    ready = selector.select(timeout)
  File "/vol/bitbucket/osella/pyenv/versions/3.10.16/lib/python3.10/selectors.py", line 416, in select
    fd_event_list = self._selector.poll(timeout)
  File "/vol/bitbucket/osella/pyenv/versions/3.10.16/lib/python3.10/selectors.py", line 416, in select
    fd_event_list = self._selector.poll(timeout)
  File "/vol/bitbucket/osella/pyenv/versions/3.10.16/lib/python3.10/multiprocessing/connection.py", line 931, in wait
    ready = selector.select(timeout)
  File "/vol/bitbucket/osella/pyenv/versions/3.10.16/lib/python3.10/multiprocessing/connection.py", line 931, in wait
    ready = selector.select(timeout)
KeyboardInterrupt
  File "/vol/bitbucket/osella/pyenv/versions/3.10.16/lib/python3.10/selectors.py", line 416, in select
    fd_event_list = self._selector.poll(timeout)
  File "/vol/bitbucket/osella/pyenv/versions/3.10.16/lib/python3.10/selectors.py", line 416, in select
    fd_event_list = self._selector.poll(timeout)
KeyboardInterrupt
  File "/vol/bitbucket/osella/pyenv/versions/3.10.16/lib/python3.10/multiprocessing/connection.py", line 931, in wait
    ready = selector.select(timeout)
  File "/vol/bitbucket/osella/pyenv/versions/3.10.16/lib/python3.10/selectors.py", line 416, in select
    fd_event_list = self._selector.poll(timeout)
KeyboardInterrupt
  File "/vol/bitbucket/osella/pyenv/versions/3.10.16/lib/python3.10/selectors.py", line 416, in select
    fd_event_list = self._selector.poll(timeout)
KeyboardInterrupt
  File "/vol/bitbucket/osella/pyenv/versions/3.10.16/lib/python3.10/selectors.py", line 416, in select
    fd_event_list = self._selector.poll(timeout)
KeyboardInterrupt
KeyboardInterrupt
KeyboardInterrupt
  File "/vol/bitbucket/osella/pyenv/versions/3.10.16/lib/python3.10/selectors.py", line 416, in select
    fd_event_list = self._selector.poll(timeout)
KeyboardInterrupt
KeyboardInterrupt
KeyboardInterrupt
KeyboardInterrupt
KeyboardInterrupt
KeyboardInterrupt
    return self._call_impl(*args, **kwargs)
  File "/vol/bitbucket/osella/pyenv/versions/qecc1/lib/python3.10/site-packages/torch/nn/modules/module.py", line 1787, in _call_impl
    return forward_call(*args, **kwargs)
  File "/vol/bitbucket/osella/qecc/src/qecc/modelArchitectures.py", line 194, in forward
    encoded = self.pool(self.encoder(tokens))          # (B, dModel)
  File "/vol/bitbucket/osella/pyenv/versions/qecc1/lib/python3.10/site-packages/torch/nn/modules/module.py", line 1776, in _wrapped_call_impl
    return self._call_impl(*args, **kwargs)
  File "/vol/bitbucket/osella/pyenv/versions/qecc1/lib/python3.10/site-packages/torch/nn/modules/module.py", line 1787, in _call_impl
    return forward_call(*args, **kwargs)
  File "/vol/bitbucket/osella/qecc/src/qecc/attentionArchitectures.py", line 68, in forward
    return self.encoder(self.inputProjection(tokens))
  File "/vol/bitbucket/osella/pyenv/versions/qecc1/lib/python3.10/site-packages/torch/nn/modules/module.py", line 1776, in _wrapped_call_impl
    return self._call_impl(*args, **kwargs)
  File "/vol/bitbucket/osella/pyenv/versions/qecc1/lib/python3.10/site-packages/torch/nn/modules/module.py", line 1787, in _call_impl
    return forward_call(*args, **kwargs)
  File "/vol/bitbucket/osella/pyenv/versions/qecc1/lib/python3.10/site-packages/torch/nn/modules/transformer.py", line 540, in forward
    output = mod(
  File "/vol/bitbucket/osella/pyenv/versions/qecc1/lib/python3.10/site-packages/torch/nn/modules/module.py", line 1776, in _wrapped_call_impl
    return self._call_impl(*args, **kwargs)
  File "/vol/bitbucket/osella/pyenv/versions/qecc1/lib/python3.10/site-packages/torch/nn/modules/module.py", line 1787, in _call_impl
    return forward_call(*args, **kwargs)
  File "/vol/bitbucket/osella/pyenv/versions/qecc1/lib/python3.10/site-packages/torch/nn/modules/transformer.py", line 954, in forward
    + self._sa_block(x, src_mask, src_key_padding_mask, is_causal=is_causal)
  File "/vol/bitbucket/osella/pyenv/versions/qecc1/lib/python3.10/site-packages/torch/nn/modules/transformer.py", line 968, in _sa_block
    x = self.self_attn(
  File "/vol/bitbucket/osella/pyenv/versions/qecc1/lib/python3.10/site-packages/torch/nn/modules/module.py", line 1776, in _wrapped_call_impl
    return self._call_impl(*args, **kwargs)
  File "/vol/bitbucket/osella/pyenv/versions/qecc1/lib/python3.10/site-packages/torch/nn/modules/module.py", line 1787, in _call_impl
    return forward_call(*args, **kwargs)
  File "/vol/bitbucket/osella/pyenv/versions/qecc1/lib/python3.10/site-packages/torch/nn/modules/activation.py", line 1491, in forward
    attn_output, attn_output_weights = F.multi_head_attention_forward(
  File "/vol/bitbucket/osella/pyenv/versions/qecc1/lib/python3.10/site-packages/torch/nn/functional.py", line 6637, in multi_head_attention_forward
    attn_output = linear(attn_output, out_proj_weight, out_proj_bias)
KeyboardInterrupt

During handling of the above exception, another exception occurred:

Traceback (most recent call last):
  File "/vol/bitbucket/osella/pyenv/versions/qecc1/lib/python3.10/site-packages/torchrl/objectives/ppo.py", line 678, in _get_cur_log_prob
    dist = self.actor_network.get_dist(tensordict)
  File "/vol/bitbucket/osella/pyenv/versions/qecc1/lib/python3.10/site-packages/tensordict/nn/probabilistic.py", line 1360, in get_dist
    tensordict_out = self.get_dist_params(tensordict, tensordict_out, **kwargs)
  File "/vol/bitbucket/osella/pyenv/versions/qecc1/lib/python3.10/site-packages/tensordict/nn/probabilistic.py", line 1288, in get_dist_params
    return tds(tensordict, tensordict_out, **kwargs)
  File "/vol/bitbucket/osella/pyenv/versions/qecc1/lib/python3.10/site-packages/torch/nn/modules/module.py", line 1776, in _wrapped_call_impl
    return self._call_impl(*args, **kwargs)
  File "/vol/bitbucket/osella/pyenv/versions/qecc1/lib/python3.10/site-packages/torch/nn/modules/module.py", line 1787, in _call_impl
    return forward_call(*args, **kwargs)
  File "/vol/bitbucket/osella/pyenv/versions/qecc1/lib/python3.10/site-packages/tensordict/nn/common.py", line 328, in wrapper
    return func(_self, tensordict, *args, **kwargs)
  File "/vol/bitbucket/osella/pyenv/versions/qecc1/lib/python3.10/site-packages/tensordict/nn/utils.py", line 372, in wrapper
    result = func(_self, tensordict, *args, **kwargs)
  File "/vol/bitbucket/osella/pyenv/versions/qecc1/lib/python3.10/site-packages/tensordict/nn/sequence.py", line 642, in forward
    tensordict_exec = self._run_module(
  File "/vol/bitbucket/osella/pyenv/versions/qecc1/lib/python3.10/site-packages/tensordict/nn/sequence.py", line 588, in _run_module
    tensordict = module(tensordict, **kwargs)
  File "/vol/bitbucket/osella/pyenv/versions/qecc1/lib/python3.10/site-packages/torch/nn/modules/module.py", line 1776, in _wrapped_call_impl
    return self._call_impl(*args, **kwargs)
  File "/vol/bitbucket/osella/pyenv/versions/qecc1/lib/python3.10/site-packages/torch/nn/modules/module.py", line 1787, in _call_impl
    return forward_call(*args, **kwargs)
  File "/vol/bitbucket/osella/pyenv/versions/qecc1/lib/python3.10/site-packages/tensordict/nn/common.py", line 328, in wrapper
    return func(_self, tensordict, *args, **kwargs)
  File "/vol/bitbucket/osella/pyenv/versions/qecc1/lib/python3.10/site-packages/tensordict/nn/utils.py", line 372, in wrapper
    result = func(_self, tensordict, *args, **kwargs)
  File "/vol/bitbucket/osella/pyenv/versions/qecc1/lib/python3.10/site-packages/tensordict/nn/common.py", line 1174, in forward
    tensors_out = self._call_module(tensors, **kwargs)
KeyboardInterrupt

During handling of the above exception, another exception occurred:

Traceback (most recent call last):
  File "/vol/bitbucket/osella/qecc/src/qecc/reinforcementLearning.py", line 642, in <module>
    loss_vals = loss_module(subdata.to(trainingDevice)) # Note the move of data to training device
  File "/vol/bitbucket/osella/pyenv/versions/qecc1/lib/python3.10/site-packages/torch/nn/modules/module.py", line 1776, in _wrapped_call_impl
    return self._call_impl(*args, **kwargs)
  File "/vol/bitbucket/osella/pyenv/versions/qecc1/lib/python3.10/site-packages/torch/nn/modules/module.py", line 1882, in _call_impl
    return inner()
  File "/vol/bitbucket/osella/pyenv/versions/qecc1/lib/python3.10/site-packages/torch/nn/modules/module.py", line 1830, in inner
    result = forward_call(*args, **kwargs)
  File "/vol/bitbucket/osella/pyenv/versions/qecc1/lib/python3.10/site-packages/torchrl/objectives/common.py", line 54, in new_forward
    return func(self, *args, **kwargs)
  File "/vol/bitbucket/osella/pyenv/versions/qecc1/lib/python3.10/site-packages/tensordict/nn/common.py", line 328, in wrapper
    return func(_self, tensordict, *args, **kwargs)
  File "/vol/bitbucket/osella/pyenv/versions/qecc1/lib/python3.10/site-packages/torchrl/objectives/ppo.py", line 1285, in forward
    log_weight, dist, kl_approx = self._log_weight(
  File "/vol/bitbucket/osella/pyenv/versions/qecc1/lib/python3.10/site-packages/torchrl/objectives/ppo.py", line 730, in _log_weight
    log_prob, dist, is_composite = self._get_cur_log_prob(tensordict)
  File "/vol/bitbucket/osella/pyenv/versions/qecc1/lib/python3.10/site-packages/torchrl/objectives/ppo.py", line 671, in _get_cur_log_prob
    with (
  File "/vol/bitbucket/osella/pyenv/versions/qecc1/lib/python3.10/site-packages/tensordict/base.py", line 394, in __bool__
    raise RuntimeError("Converting a tensordict to boolean value is not permitted")
RuntimeError: Converting a tensordict to boolean value is not permitted
/vol/bitbucket/osella/rl-qecc-data/supervisedLearning/collection/collectWorker3.sh: error reading input file: Stale file handle
/vol/bitbucket/osella/rl-qecc-data/supervisedLearning/collection/labCollectWorker3.sh: error reading input file: Stale file handle
labWorker ash23: started collect pid 2346758 (l=5 m=15) Mon 27 Jul 12:12:44 BST 2026
collectWorker4 ash23: l=5 m=15 procs=4 x envs=3 cores=16 stage=1 Mon 27 Jul 12:12:44 BST 2026
collectWorker4 ash23: launched pids: 2346773 2346809 2346828 2346853
collectWorker4 ash23: all processes ended Mon 27 Jul 17:15:22 BST 2026
labWorker ash23: collect ended naturally Mon 27 Jul 17:17:44 BST 2026
