labWorker ash19: started collect pid 2298938 (l=5 m=15) Sun 26 Jul 13:35:38 BST 2026
collectWorker3 ash19: l=5 m=15 workers=2 seed=447003438 stage=1 Sun 26 Jul 13:35:38 BST 2026
usage: reinforcementLearning.py [-h] [--num-workers NUM_WORKERS]
                                [--num-cells NUM_CELLS]
                                [--seed-for-environment SEED_FOR_ENVIRONMENT]
                                [--lr LR] [--max-grad-norm MAX_GRAD_NORM]
                                [--eval-rollout-length EVAL_ROLLOUT_LENGTH]
                                [--scaling-factor SCALING_FACTOR]
                                [--frames-per-batch FRAMES_PER_BATCH]
                                [--sub-batch-size SUB_BATCH_SIZE]
                                [--num-epochs NUM_EPOCHS]
                                [--clip-epsilon CLIP_EPSILON] [--gamma GAMMA]
                                [--lmbda LMBDA] [--entropy-eps ENTROPY_EPS]
                                [--env-reward-engineering {True,False,true,false}]
                                [--env-minimum-number-of-qubits ENV_MINIMUM_NUMBER_OF_QUBITS]
                                [--log-name LOG_NAME]
                                [--env-error-range {linear5,geometric5,geometric7,geometric10,dataCollection}]
                                [--env-version {qecc/bbcode-v0,qecc/bbcode-ldpc-v0}]
                                [--env-bit-flipping {True,False,true,false}]
                                [--env-l {6,9,15,12,30,21}]
                                [--env-m {3,6,12,18}]
                                [--env-use-dict-observation {True,False,true,false}]
                                [--env-number-of-decoder-iterations ENV_NUMBER_OF_DECODER_ITERATIONS]
                                [--env-number-of-samples ENV_NUMBER_OF_SAMPLES]
                                [--env-code-logging {true,True,false,False}]
                                [--model-architecture {mlp,hybrid}]
                                [--model-surrogate-model-path MODEL_SURROGATE_MODEL_PATH]
                                [--model-use-pretrained-encoder {True,False,true,false}]
                                [--index-to-unfreeze-encoder-updates INDEX_TO_UNFREEZE_ENCODER_UPDATES]
                                [--encoder-lr-factor ENCODER_LR_FACTOR]
                                [--training-device {cpu,cuda,auto}]
reinforcementLearning.py: error: argument --env-l: invalid choice: 5 (choose from 6, 9, 15, 12, 30, 21)
collectWorker3 ash19: ended Sun 26 Jul 13:36:04 BST 2026
labWorker ash19: collect ended naturally Sun 26 Jul 13:40:38 BST 2026
labWorker ash19: started collect pid 2535866 (l=5 m=15) Sun 26 Jul 18:21:22 BST 2026
collectWorker3 ash19: l=5 m=15 workers=2 seed=447003438 stage=1 Sun 26 Jul 18:21:22 BST 2026
Creating log dir /data/osella/collectStage/2026-07-26_18-21-48_2535881...
Checking the directory was created: True
Training begins on:
2026-07-26 18:22:09 Sunday
  0%|          | 0/50000000 [00:00<?, ?it/s]Process SpawnProcess-1:
Process SpawnProcess-2:
Traceback (most recent call last):
  File "/vol/bitbucket/osella/pyenv/versions/qecc1/lib/python3.10/site-packages/torch/utils/_contextlib.py", line 124, in decorate_context
    return func(*args, **kwargs)
  File "/vol/bitbucket/osella/pyenv/versions/qecc1/lib/python3.10/site-packages/torchrl/envs/batched_envs.py", line 122, in decorated_fun
    return fun(self, *args, **kwargs)
  File "/vol/bitbucket/osella/pyenv/versions/qecc1/lib/python3.10/site-packages/torchrl/envs/batched_envs.py", line 2027, in step_and_maybe_reset
    self._wait_for_workers(workers_range)
  File "/vol/bitbucket/osella/pyenv/versions/qecc1/lib/python3.10/site-packages/torchrl/envs/batched_envs.py", line 2154, in _wait_for_workers
    if all_done:
KeyboardInterrupt

During handling of the above exception, another exception occurred:

Traceback (most recent call last):
  File "/vol/bitbucket/osella/qecc/src/qecc/reinforcementLearning.py", line 623, in <module>
    for i, tensordict_data in enumerate(collector):
  File "/vol/bitbucket/osella/pyenv/versions/qecc1/lib/python3.10/site-packages/torchrl/collectors/_base.py", line 1277, in __iter__
Traceback (most recent call last):
  File "/vol/bitbucket/osella/pyenv/versions/3.10.16/lib/python3.10/multiprocessing/process.py", line 314, in _bootstrap
    self.run()
  File "/vol/bitbucket/osella/pyenv/versions/3.10.16/lib/python3.10/multiprocessing/process.py", line 108, in run
    self._target(*self._args, **self._kwargs)
  File "/vol/bitbucket/osella/pyenv/versions/qecc1/lib/python3.10/site-packages/torchrl/envs/batched_envs.py", line 2830, in _run_worker_pipe_shared_mem
    if child_pipe.poll(_timeout):
  File "/vol/bitbucket/osella/pyenv/versions/3.10.16/lib/python3.10/multiprocessing/connection.py", line 257, in poll
    return self._poll(timeout)
  File "/vol/bitbucket/osella/pyenv/versions/3.10.16/lib/python3.10/multiprocessing/connection.py", line 424, in _poll
    r = wait([self], timeout)
  File "/vol/bitbucket/osella/pyenv/versions/3.10.16/lib/python3.10/multiprocessing/connection.py", line 931, in wait
    ready = selector.select(timeout)
  File "/vol/bitbucket/osella/pyenv/versions/3.10.16/lib/python3.10/selectors.py", line 416, in select
    fd_event_list = self._selector.poll(timeout)
KeyboardInterrupt
    yield from self.iterator()
  File "/vol/bitbucket/osella/pyenv/versions/qecc1/lib/python3.10/site-packages/torchrl/collectors/_single.py", line 1494, in iterator
    tensordict_out = self.rollout()
  File "/vol/bitbucket/osella/pyenv/versions/qecc1/lib/python3.10/site-packages/torchrl/_utils.py", line 652, in unpack_rref_and_invoke_function
    return func(self, *args, **kwargs)
  File "/vol/bitbucket/osella/pyenv/versions/qecc1/lib/python3.10/site-packages/torch/utils/_contextlib.py", line 124, in decorate_context
    return func(*args, **kwargs)
  File "/vol/bitbucket/osella/pyenv/versions/qecc1/lib/python3.10/site-packages/torchrl/collectors/_single.py", line 1807, in rollout
    env_output, env_next_output = self.env.step_and_maybe_reset(env_input)
  File "/vol/bitbucket/osella/pyenv/versions/qecc1/lib/python3.10/site-packages/torch/utils/_contextlib.py", line 123, in decorate_context
    with ctx_factory():
  File "/vol/bitbucket/osella/pyenv/versions/qecc1/lib/python3.10/site-packages/torch/autograd/grad_mode.py", line 85, in __exit__
    torch.set_grad_enabled(self.prev)
  File "/vol/bitbucket/osella/pyenv/versions/qecc1/lib/python3.10/site-packages/torch/autograd/grad_mode.py", line 185, in __init__
    self.prev = torch.is_grad_enabled()
KeyboardInterrupt
Traceback (most recent call last):
  File "/vol/bitbucket/osella/pyenv/versions/3.10.16/lib/python3.10/multiprocessing/process.py", line 314, in _bootstrap
    self.run()
  File "/vol/bitbucket/osella/pyenv/versions/3.10.16/lib/python3.10/multiprocessing/process.py", line 108, in run
    self._target(*self._args, **self._kwargs)
  File "/vol/bitbucket/osella/pyenv/versions/qecc1/lib/python3.10/site-packages/torchrl/envs/batched_envs.py", line 2975, in _run_worker_pipe_shared_mem
    td, root_next_td = env.step_and_maybe_reset(input)
  File "/vol/bitbucket/osella/pyenv/versions/qecc1/lib/python3.10/site-packages/torchrl/envs/common.py", line 4061, in step_and_maybe_reset
    return self._step_and_maybe_reset(tensordict)
  File "/vol/bitbucket/osella/pyenv/versions/qecc1/lib/python3.10/site-packages/torchrl/envs/common.py", line 4107, in _step_and_maybe_reset
    tensordict = self.step(tensordict)
  File "/vol/bitbucket/osella/pyenv/versions/qecc1/lib/python3.10/site-packages/torchrl/envs/common.py", line 2353, in step
    next_tensordict = self._step(tensordict)
  File "/vol/bitbucket/osella/pyenv/versions/qecc1/lib/python3.10/site-packages/torchrl/envs/transforms/_base.py", line 1349, in _step
    next_tensordict = self.base_env._step(tensordict_in)
  File "/vol/bitbucket/osella/pyenv/versions/qecc1/lib/python3.10/site-packages/torchrl/envs/gym_like.py", line 452, in _step
    step_result = self._env.step(action)
  File "/vol/bitbucket/osella/pyenv/versions/qecc1/lib/python3.10/site-packages/gymnasium/wrappers/common.py", line 393, in step
    return super().step(action)
  File "/vol/bitbucket/osella/pyenv/versions/qecc1/lib/python3.10/site-packages/gymnasium/core.py", line 327, in step
    return self.env.step(action)
  File "/vol/bitbucket/osella/qecc/src/qecc/bb_gym_v_0_1.py", line 205, in step
    logicalErrorRate = self.decoderEvaluation(self.seed)
  File "/vol/bitbucket/osella/qecc/src/qecc/bb_gym_v_0_1.py", line 219, in decoderEvaluation
    logicalX, logicalZ = computeLogicals(self.Hx, self.Hz)
  File "/vol/bitbucket/osella/qecc/src/qecc/logicals.py", line 50, in computeLogicals
    _, _, testRank = funWithMatrices.binaryGaussianEliminationOnRows(copy.copy(testMatrix))
  File "/vol/bitbucket/osella/qecc/src/qecc/funWithMatrices.py", line 97, in binaryGaussianEliminationOnRows
    if matrix[j, k] != 0:
KeyboardInterrupt
/vol/bitbucket/osella/rl-qecc-data/supervisedLearning/collection/collectWorker3.sh: error reading input file: Stale file handle
labWorker ash19: collect ended naturally Sun 26 Jul 18:26:22 BST 2026
labWorker ash19: started collect pid 2549379 (l=5 m=15) Sun 26 Jul 18:39:01 BST 2026
collectWorker3 ash19: l=5 m=15 workers=16 seed=447003438 stage=1 Sun 26 Jul 18:39:01 BST 2026
Creating log dir /data/osella/collectStage/2026-07-26_18-39-21_2549394...
Checking the directory was created: True
Training begins on:
2026-07-26 18:39:41 Sunday
  0%|          | 0/50000000 [00:00<?, ?it/s]Process SpawnProcess-12:
Process SpawnProcess-16:
Process SpawnProcess-15:
Process SpawnProcess-9:
Process SpawnProcess-13:
Process SpawnProcess-14:
Process SpawnProcess-10:
Process SpawnProcess-8:
Process SpawnProcess-11:
Process SpawnProcess-7:
Process SpawnProcess-1:
Process SpawnProcess-5:
Process SpawnProcess-2:
Process SpawnProcess-6:
Traceback (most recent call last):
  File "/vol/bitbucket/osella/pyenv/versions/qecc1/lib/python3.10/site-packages/torch/utils/_contextlib.py", line 124, in decorate_context
Process SpawnProcess-4:
Process SpawnProcess-3:
    return func(*args, **kwargs)
  File "/vol/bitbucket/osella/pyenv/versions/qecc1/lib/python3.10/site-packages/torchrl/envs/batched_envs.py", line 122, in decorated_fun
    return fun(self, *args, **kwargs)
  File "/vol/bitbucket/osella/pyenv/versions/qecc1/lib/python3.10/site-packages/torchrl/envs/batched_envs.py", line 2027, in step_and_maybe_reset
    self._wait_for_workers(workers_range)
  File "/vol/bitbucket/osella/pyenv/versions/qecc1/lib/python3.10/site-packages/torchrl/envs/batched_envs.py", line 2162, in _wait_for_workers
    if (n_spins & 0xFFFF) == 0:  # every 65536 spins (~1ms on modern CPUs)
KeyboardInterrupt

During handling of the above exception, another exception occurred:

Traceback (most recent call last):
  File "/vol/bitbucket/osella/pyenv/versions/qecc1/lib/python3.10/site-packages/torch/utils/_contextlib.py", line 124, in decorate_context
Traceback (most recent call last):
  File "/vol/bitbucket/osella/pyenv/versions/3.10.16/lib/python3.10/multiprocessing/process.py", line 314, in _bootstrap
    self.run()
  File "/vol/bitbucket/osella/pyenv/versions/3.10.16/lib/python3.10/multiprocessing/process.py", line 108, in run
    self._target(*self._args, **self._kwargs)
  File "/vol/bitbucket/osella/pyenv/versions/qecc1/lib/python3.10/site-packages/torchrl/envs/batched_envs.py", line 2830, in _run_worker_pipe_shared_mem
    if child_pipe.poll(_timeout):
  File "/vol/bitbucket/osella/pyenv/versions/3.10.16/lib/python3.10/multiprocessing/connection.py", line 257, in poll
    return self._poll(timeout)
  File "/vol/bitbucket/osella/pyenv/versions/3.10.16/lib/python3.10/multiprocessing/connection.py", line 424, in _poll
    r = wait([self], timeout)
  File "/vol/bitbucket/osella/pyenv/versions/3.10.16/lib/python3.10/multiprocessing/connection.py", line 931, in wait
    ready = selector.select(timeout)
  File "/vol/bitbucket/osella/pyenv/versions/3.10.16/lib/python3.10/selectors.py", line 416, in select
    fd_event_list = self._selector.poll(timeout)
KeyboardInterrupt
    return func(*args, **kwargs)
Traceback (most recent call last):
  File "/vol/bitbucket/osella/pyenv/versions/qecc1/lib/python3.10/site-packages/torchrl/collectors/_single.py", line 1807, in rollout
  File "/vol/bitbucket/osella/pyenv/versions/3.10.16/lib/python3.10/multiprocessing/process.py", line 314, in _bootstrap
    self.run()
  File "/vol/bitbucket/osella/pyenv/versions/3.10.16/lib/python3.10/multiprocessing/process.py", line 108, in run
    self._target(*self._args, **self._kwargs)
  File "/vol/bitbucket/osella/pyenv/versions/qecc1/lib/python3.10/site-packages/torchrl/envs/batched_envs.py", line 2830, in _run_worker_pipe_shared_mem
    if child_pipe.poll(_timeout):
  File "/vol/bitbucket/osella/pyenv/versions/3.10.16/lib/python3.10/multiprocessing/connection.py", line 257, in poll
    return self._poll(timeout)
  File "/vol/bitbucket/osella/pyenv/versions/3.10.16/lib/python3.10/multiprocessing/connection.py", line 424, in _poll
    r = wait([self], timeout)
  File "/vol/bitbucket/osella/pyenv/versions/3.10.16/lib/python3.10/multiprocessing/connection.py", line 931, in wait
    ready = selector.select(timeout)
  File "/vol/bitbucket/osella/pyenv/versions/3.10.16/lib/python3.10/selectors.py", line 416, in select
    fd_event_list = self._selector.poll(timeout)
KeyboardInterrupt
Traceback (most recent call last):
  File "/vol/bitbucket/osella/pyenv/versions/3.10.16/lib/python3.10/multiprocessing/process.py", line 314, in _bootstrap
    self.run()
  File "/vol/bitbucket/osella/pyenv/versions/3.10.16/lib/python3.10/multiprocessing/process.py", line 108, in run
    self._target(*self._args, **self._kwargs)
  File "/vol/bitbucket/osella/pyenv/versions/qecc1/lib/python3.10/site-packages/torchrl/envs/batched_envs.py", line 2830, in _run_worker_pipe_shared_mem
    if child_pipe.poll(_timeout):
  File "/vol/bitbucket/osella/pyenv/versions/3.10.16/lib/python3.10/multiprocessing/connection.py", line 257, in poll
    return self._poll(timeout)
  File "/vol/bitbucket/osella/pyenv/versions/3.10.16/lib/python3.10/multiprocessing/connection.py", line 424, in _poll
    r = wait([self], timeout)
  File "/vol/bitbucket/osella/pyenv/versions/3.10.16/lib/python3.10/multiprocessing/connection.py", line 931, in wait
    ready = selector.select(timeout)
  File "/vol/bitbucket/osella/pyenv/versions/3.10.16/lib/python3.10/selectors.py", line 416, in select
    fd_event_list = self._selector.poll(timeout)
Traceback (most recent call last):
KeyboardInterrupt
  File "/vol/bitbucket/osella/pyenv/versions/3.10.16/lib/python3.10/multiprocessing/process.py", line 314, in _bootstrap
    self.run()
  File "/vol/bitbucket/osella/pyenv/versions/3.10.16/lib/python3.10/multiprocessing/process.py", line 108, in run
    self._target(*self._args, **self._kwargs)
  File "/vol/bitbucket/osella/pyenv/versions/qecc1/lib/python3.10/site-packages/torchrl/envs/batched_envs.py", line 2830, in _run_worker_pipe_shared_mem
    if child_pipe.poll(_timeout):
  File "/vol/bitbucket/osella/pyenv/versions/3.10.16/lib/python3.10/multiprocessing/connection.py", line 257, in poll
    return self._poll(timeout)
  File "/vol/bitbucket/osella/pyenv/versions/3.10.16/lib/python3.10/multiprocessing/connection.py", line 424, in _poll
    r = wait([self], timeout)
  File "/vol/bitbucket/osella/pyenv/versions/3.10.16/lib/python3.10/multiprocessing/connection.py", line 931, in wait
    ready = selector.select(timeout)
  File "/vol/bitbucket/osella/pyenv/versions/3.10.16/lib/python3.10/selectors.py", line 416, in select
    fd_event_list = self._selector.poll(timeout)
KeyboardInterrupt
Traceback (most recent call last):
Traceback (most recent call last):
  File "/vol/bitbucket/osella/pyenv/versions/3.10.16/lib/python3.10/multiprocessing/process.py", line 314, in _bootstrap
    self.run()
  File "/vol/bitbucket/osella/pyenv/versions/3.10.16/lib/python3.10/multiprocessing/process.py", line 108, in run
    self._target(*self._args, **self._kwargs)
  File "/vol/bitbucket/osella/pyenv/versions/qecc1/lib/python3.10/site-packages/torchrl/envs/batched_envs.py", line 2830, in _run_worker_pipe_shared_mem
    if child_pipe.poll(_timeout):
  File "/vol/bitbucket/osella/pyenv/versions/3.10.16/lib/python3.10/multiprocessing/connection.py", line 257, in poll
    return self._poll(timeout)
  File "/vol/bitbucket/osella/pyenv/versions/3.10.16/lib/python3.10/multiprocessing/connection.py", line 424, in _poll
    r = wait([self], timeout)
  File "/vol/bitbucket/osella/pyenv/versions/3.10.16/lib/python3.10/multiprocessing/connection.py", line 931, in wait
    ready = selector.select(timeout)
  File "/vol/bitbucket/osella/pyenv/versions/3.10.16/lib/python3.10/selectors.py", line 416, in select
    fd_event_list = self._selector.poll(timeout)
KeyboardInterrupt
  File "/vol/bitbucket/osella/pyenv/versions/3.10.16/lib/python3.10/multiprocessing/process.py", line 314, in _bootstrap
    self.run()
  File "/vol/bitbucket/osella/pyenv/versions/3.10.16/lib/python3.10/multiprocessing/process.py", line 108, in run
    self._target(*self._args, **self._kwargs)
  File "/vol/bitbucket/osella/pyenv/versions/qecc1/lib/python3.10/site-packages/torchrl/envs/batched_envs.py", line 2830, in _run_worker_pipe_shared_mem
    if child_pipe.poll(_timeout):
  File "/vol/bitbucket/osella/pyenv/versions/3.10.16/lib/python3.10/multiprocessing/connection.py", line 257, in poll
    return self._poll(timeout)
  File "/vol/bitbucket/osella/pyenv/versions/3.10.16/lib/python3.10/multiprocessing/connection.py", line 424, in _poll
    r = wait([self], timeout)
  File "/vol/bitbucket/osella/pyenv/versions/3.10.16/lib/python3.10/multiprocessing/connection.py", line 931, in wait
    ready = selector.select(timeout)
  File "/vol/bitbucket/osella/pyenv/versions/3.10.16/lib/python3.10/selectors.py", line 416, in select
    fd_event_list = self._selector.poll(timeout)
KeyboardInterrupt
Traceback (most recent call last):
  File "/vol/bitbucket/osella/pyenv/versions/3.10.16/lib/python3.10/multiprocessing/process.py", line 314, in _bootstrap
    self.run()
  File "/vol/bitbucket/osella/pyenv/versions/3.10.16/lib/python3.10/multiprocessing/process.py", line 108, in run
    self._target(*self._args, **self._kwargs)
  File "/vol/bitbucket/osella/pyenv/versions/qecc1/lib/python3.10/site-packages/torchrl/envs/batched_envs.py", line 2830, in _run_worker_pipe_shared_mem
    if child_pipe.poll(_timeout):
  File "/vol/bitbucket/osella/pyenv/versions/3.10.16/lib/python3.10/multiprocessing/connection.py", line 257, in poll
    return self._poll(timeout)
  File "/vol/bitbucket/osella/pyenv/versions/3.10.16/lib/python3.10/multiprocessing/connection.py", line 424, in _poll
    r = wait([self], timeout)
  File "/vol/bitbucket/osella/pyenv/versions/3.10.16/lib/python3.10/multiprocessing/connection.py", line 931, in wait
    ready = selector.select(timeout)
  File "/vol/bitbucket/osella/pyenv/versions/3.10.16/lib/python3.10/selectors.py", line 416, in select
    fd_event_list = self._selector.poll(timeout)
KeyboardInterrupt
Traceback (most recent call last):
  File "/vol/bitbucket/osella/pyenv/versions/3.10.16/lib/python3.10/multiprocessing/process.py", line 314, in _bootstrap
    self.run()
  File "/vol/bitbucket/osella/pyenv/versions/3.10.16/lib/python3.10/multiprocessing/process.py", line 108, in run
    self._target(*self._args, **self._kwargs)
  File "/vol/bitbucket/osella/pyenv/versions/qecc1/lib/python3.10/site-packages/torchrl/envs/batched_envs.py", line 2830, in _run_worker_pipe_shared_mem
    if child_pipe.poll(_timeout):
  File "/vol/bitbucket/osella/pyenv/versions/3.10.16/lib/python3.10/multiprocessing/connection.py", line 257, in poll
    return self._poll(timeout)
  File "/vol/bitbucket/osella/pyenv/versions/3.10.16/lib/python3.10/multiprocessing/connection.py", line 424, in _poll
    r = wait([self], timeout)
  File "/vol/bitbucket/osella/pyenv/versions/3.10.16/lib/python3.10/multiprocessing/connection.py", line 931, in wait
    ready = selector.select(timeout)
  File "/vol/bitbucket/osella/pyenv/versions/3.10.16/lib/python3.10/selectors.py", line 416, in select
    fd_event_list = self._selector.poll(timeout)
KeyboardInterrupt
Traceback (most recent call last):
  File "/vol/bitbucket/osella/pyenv/versions/3.10.16/lib/python3.10/multiprocessing/process.py", line 314, in _bootstrap
    self.run()
  File "/vol/bitbucket/osella/pyenv/versions/3.10.16/lib/python3.10/multiprocessing/process.py", line 108, in run
    self._target(*self._args, **self._kwargs)
  File "/vol/bitbucket/osella/pyenv/versions/qecc1/lib/python3.10/site-packages/torchrl/envs/batched_envs.py", line 2830, in _run_worker_pipe_shared_mem
    if child_pipe.poll(_timeout):
  File "/vol/bitbucket/osella/pyenv/versions/3.10.16/lib/python3.10/multiprocessing/connection.py", line 257, in poll
    return self._poll(timeout)
  File "/vol/bitbucket/osella/pyenv/versions/3.10.16/lib/python3.10/multiprocessing/connection.py", line 424, in _poll
    r = wait([self], timeout)
  File "/vol/bitbucket/osella/pyenv/versions/3.10.16/lib/python3.10/multiprocessing/connection.py", line 931, in wait
    ready = selector.select(timeout)
  File "/vol/bitbucket/osella/pyenv/versions/3.10.16/lib/python3.10/selectors.py", line 416, in select
    fd_event_list = self._selector.poll(timeout)
KeyboardInterrupt
    env_output, env_next_output = self.env.step_and_maybe_reset(env_input)
  File "/vol/bitbucket/osella/pyenv/versions/qecc1/lib/python3.10/site-packages/torch/utils/_contextlib.py", line 123, in decorate_context
    with ctx_factory():
  File "/vol/bitbucket/osella/pyenv/versions/qecc1/lib/python3.10/site-packages/torch/autograd/grad_mode.py", line 85, in __exit__
    torch.set_grad_enabled(self.prev)
  File "/vol/bitbucket/osella/pyenv/versions/qecc1/lib/python3.10/site-packages/torch/autograd/grad_mode.py", line 184, in __init__
    def __init__(self, mode: bool) -> None:
KeyboardInterrupt

During handling of the above exception, another exception occurred:

Traceback (most recent call last):
  File "/vol/bitbucket/osella/qecc/src/qecc/reinforcementLearning.py", line 623, in <module>
    for i, tensordict_data in enumerate(collector):
  File "/vol/bitbucket/osella/pyenv/versions/qecc1/lib/python3.10/site-packages/torchrl/collectors/_base.py", line 1277, in __iter__
    yield from self.iterator()
  File "/vol/bitbucket/osella/pyenv/versions/qecc1/lib/python3.10/site-packages/torchrl/collectors/_single.py", line 1494, in iterator
    tensordict_out = self.rollout()
  File "/vol/bitbucket/osella/pyenv/versions/qecc1/lib/python3.10/site-packages/torchrl/_utils.py", line 652, in unpack_rref_and_invoke_function
    return func(self, *args, **kwargs)
  File "/vol/bitbucket/osella/pyenv/versions/qecc1/lib/python3.10/site-packages/torch/utils/_contextlib.py", line 123, in decorate_context
    with ctx_factory():
  File "/vol/bitbucket/osella/pyenv/versions/qecc1/lib/python3.10/site-packages/torch/autograd/grad_mode.py", line 85, in __exit__
    torch.set_grad_enabled(self.prev)
  File "/vol/bitbucket/osella/pyenv/versions/qecc1/lib/python3.10/site-packages/torch/autograd/grad_mode.py", line 187, in __init__
Traceback (most recent call last):
  File "/vol/bitbucket/osella/pyenv/versions/3.10.16/lib/python3.10/multiprocessing/process.py", line 314, in _bootstrap
    self.run()
  File "/vol/bitbucket/osella/pyenv/versions/3.10.16/lib/python3.10/multiprocessing/process.py", line 108, in run
    self._target(*self._args, **self._kwargs)
  File "/vol/bitbucket/osella/pyenv/versions/qecc1/lib/python3.10/site-packages/torchrl/envs/batched_envs.py", line 2975, in _run_worker_pipe_shared_mem
    td, root_next_td = env.step_and_maybe_reset(input)
  File "/vol/bitbucket/osella/pyenv/versions/qecc1/lib/python3.10/site-packages/torchrl/envs/common.py", line 4061, in step_and_maybe_reset
    return self._step_and_maybe_reset(tensordict)
  File "/vol/bitbucket/osella/pyenv/versions/qecc1/lib/python3.10/site-packages/torchrl/envs/common.py", line 4107, in _step_and_maybe_reset
    tensordict = self.step(tensordict)
  File "/vol/bitbucket/osella/pyenv/versions/qecc1/lib/python3.10/site-packages/torchrl/envs/common.py", line 2353, in step
    next_tensordict = self._step(tensordict)
  File "/vol/bitbucket/osella/pyenv/versions/qecc1/lib/python3.10/site-packages/torchrl/envs/transforms/_base.py", line 1349, in _step
    next_tensordict = self.base_env._step(tensordict_in)
  File "/vol/bitbucket/osella/pyenv/versions/qecc1/lib/python3.10/site-packages/torchrl/envs/gym_like.py", line 452, in _step
    step_result = self._env.step(action)
  File "/vol/bitbucket/osella/pyenv/versions/qecc1/lib/python3.10/site-packages/gymnasium/wrappers/common.py", line 393, in step
    return super().step(action)
  File "/vol/bitbucket/osella/pyenv/versions/qecc1/lib/python3.10/site-packages/gymnasium/core.py", line 327, in step
    return self.env.step(action)
  File "/vol/bitbucket/osella/qecc/src/qecc/bb_gym_v_0_1.py", line 205, in step
    logicalErrorRate = self.decoderEvaluation(self.seed)
  File "/vol/bitbucket/osella/qecc/src/qecc/bb_gym_v_0_1.py", line 219, in decoderEvaluation
    logicalX, logicalZ = computeLogicals(self.Hx, self.Hz)
  File "/vol/bitbucket/osella/qecc/src/qecc/logicals.py", line 40, in computeLogicals
    stabilizerGeneratorsZReduced, stabilizerGeneratorsZInverse, stabilizerGeneratorsZrank  = funWithMatrices.binaryGaussianEliminationOnRows(copy.copy(stabilizerGeneratorsZ))
  File "/vol/bitbucket/osella/qecc/src/qecc/funWithMatrices.py", line -1, in binaryGaussianEliminationOnRows
KeyboardInterrupt
Traceback (most recent call last):
  File "/vol/bitbucket/osella/pyenv/versions/3.10.16/lib/python3.10/multiprocessing/process.py", line 314, in _bootstrap
    self.run()
  File "/vol/bitbucket/osella/pyenv/versions/3.10.16/lib/python3.10/multiprocessing/process.py", line 108, in run
    self._target(*self._args, **self._kwargs)
  File "/vol/bitbucket/osella/pyenv/versions/qecc1/lib/python3.10/site-packages/torchrl/envs/batched_envs.py", line 2975, in _run_worker_pipe_shared_mem
    td, root_next_td = env.step_and_maybe_reset(input)
  File "/vol/bitbucket/osella/pyenv/versions/qecc1/lib/python3.10/site-packages/torchrl/envs/common.py", line 4061, in step_and_maybe_reset
    return self._step_and_maybe_reset(tensordict)
  File "/vol/bitbucket/osella/pyenv/versions/qecc1/lib/python3.10/site-packages/torchrl/envs/common.py", line 4107, in _step_and_maybe_reset
    tensordict = self.step(tensordict)
  File "/vol/bitbucket/osella/pyenv/versions/qecc1/lib/python3.10/site-packages/torchrl/envs/common.py", line 2353, in step
    next_tensordict = self._step(tensordict)
  File "/vol/bitbucket/osella/pyenv/versions/qecc1/lib/python3.10/site-packages/torchrl/envs/transforms/_base.py", line 1349, in _step
    next_tensordict = self.base_env._step(tensordict_in)
  File "/vol/bitbucket/osella/pyenv/versions/qecc1/lib/python3.10/site-packages/torchrl/envs/gym_like.py", line 452, in _step
    step_result = self._env.step(action)
  File "/vol/bitbucket/osella/pyenv/versions/qecc1/lib/python3.10/site-packages/gymnasium/wrappers/common.py", line 393, in step
    return super().step(action)
  File "/vol/bitbucket/osella/pyenv/versions/qecc1/lib/python3.10/site-packages/gymnasium/core.py", line 327, in step
    return self.env.step(action)
  File "/vol/bitbucket/osella/qecc/src/qecc/bb_gym_v_0_1.py", line 205, in step
    logicalErrorRate = self.decoderEvaluation(self.seed)
  File "/vol/bitbucket/osella/qecc/src/qecc/bb_gym_v_0_1.py", line 219, in decoderEvaluation
    logicalX, logicalZ = computeLogicals(self.Hx, self.Hz)
  File "/vol/bitbucket/osella/qecc/src/qecc/logicals.py", line 40, in computeLogicals
    stabilizerGeneratorsZReduced, stabilizerGeneratorsZInverse, stabilizerGeneratorsZrank  = funWithMatrices.binaryGaussianEliminationOnRows(copy.copy(stabilizerGeneratorsZ))
  File "/vol/bitbucket/osella/qecc/src/qecc/funWithMatrices.py", line -1, in binaryGaussianEliminationOnRows
KeyboardInterrupt
Traceback (most recent call last):
    torch._C._set_grad_enabled(mode)
KeyboardInterrupt
  File "/vol/bitbucket/osella/pyenv/versions/3.10.16/lib/python3.10/multiprocessing/process.py", line 314, in _bootstrap
    self.run()
  File "/vol/bitbucket/osella/pyenv/versions/3.10.16/lib/python3.10/multiprocessing/process.py", line 108, in run
    self._target(*self._args, **self._kwargs)
  File "/vol/bitbucket/osella/pyenv/versions/qecc1/lib/python3.10/site-packages/torchrl/envs/batched_envs.py", line 2975, in _run_worker_pipe_shared_mem
    td, root_next_td = env.step_and_maybe_reset(input)
  File "/vol/bitbucket/osella/pyenv/versions/qecc1/lib/python3.10/site-packages/torchrl/envs/common.py", line 4061, in step_and_maybe_reset
    return self._step_and_maybe_reset(tensordict)
  File "/vol/bitbucket/osella/pyenv/versions/qecc1/lib/python3.10/site-packages/torchrl/envs/common.py", line 4107, in _step_and_maybe_reset
    tensordict = self.step(tensordict)
  File "/vol/bitbucket/osella/pyenv/versions/qecc1/lib/python3.10/site-packages/torchrl/envs/common.py", line 2353, in step
    next_tensordict = self._step(tensordict)
Traceback (most recent call last):
  File "/vol/bitbucket/osella/pyenv/versions/qecc1/lib/python3.10/site-packages/torchrl/envs/transforms/_base.py", line 1349, in _step
    next_tensordict = self.base_env._step(tensordict_in)
  File "/vol/bitbucket/osella/pyenv/versions/qecc1/lib/python3.10/site-packages/torchrl/envs/gym_like.py", line 452, in _step
    step_result = self._env.step(action)
  File "/vol/bitbucket/osella/pyenv/versions/qecc1/lib/python3.10/site-packages/gymnasium/wrappers/common.py", line 393, in step
    return super().step(action)
  File "/vol/bitbucket/osella/pyenv/versions/qecc1/lib/python3.10/site-packages/gymnasium/core.py", line 327, in step
    return self.env.step(action)
  File "/vol/bitbucket/osella/qecc/src/qecc/bb_gym_v_0_1.py", line 205, in step
    logicalErrorRate = self.decoderEvaluation(self.seed)
  File "/vol/bitbucket/osella/qecc/src/qecc/bb_gym_v_0_1.py", line 219, in decoderEvaluation
    logicalX, logicalZ = computeLogicals(self.Hx, self.Hz)
  File "/vol/bitbucket/osella/qecc/src/qecc/logicals.py", line 43, in computeLogicals
    logicalOperatorsX = funWithMatrices.solveHomogenicBinaryLinearSystem(stabilizerGeneratorsZReduced)
  File "/vol/bitbucket/osella/qecc/src/qecc/funWithMatrices.py", line 153, in solveHomogenicBinaryLinearSystem
    sumValue = ((reducedAugmentedMatrix[rowIndex, colIndex] * solution[colIndex]) + sumValue) %2
KeyboardInterrupt
  File "/vol/bitbucket/osella/pyenv/versions/3.10.16/lib/python3.10/multiprocessing/process.py", line 314, in _bootstrap
    self.run()
  File "/vol/bitbucket/osella/pyenv/versions/3.10.16/lib/python3.10/multiprocessing/process.py", line 108, in run
    self._target(*self._args, **self._kwargs)
  File "/vol/bitbucket/osella/pyenv/versions/qecc1/lib/python3.10/site-packages/torchrl/envs/batched_envs.py", line 2975, in _run_worker_pipe_shared_mem
    td, root_next_td = env.step_and_maybe_reset(input)
  File "/vol/bitbucket/osella/pyenv/versions/qecc1/lib/python3.10/site-packages/torchrl/envs/common.py", line 4061, in step_and_maybe_reset
    return self._step_and_maybe_reset(tensordict)
  File "/vol/bitbucket/osella/pyenv/versions/qecc1/lib/python3.10/site-packages/torchrl/envs/common.py", line 4107, in _step_and_maybe_reset
    tensordict = self.step(tensordict)
  File "/vol/bitbucket/osella/pyenv/versions/qecc1/lib/python3.10/site-packages/torchrl/envs/common.py", line 2353, in step
    next_tensordict = self._step(tensordict)
  File "/vol/bitbucket/osella/pyenv/versions/qecc1/lib/python3.10/site-packages/torchrl/envs/transforms/_base.py", line 1349, in _step
    next_tensordict = self.base_env._step(tensordict_in)
  File "/vol/bitbucket/osella/pyenv/versions/qecc1/lib/python3.10/site-packages/torchrl/envs/gym_like.py", line 452, in _step
    step_result = self._env.step(action)
  File "/vol/bitbucket/osella/pyenv/versions/qecc1/lib/python3.10/site-packages/gymnasium/wrappers/common.py", line 393, in step
    return super().step(action)
  File "/vol/bitbucket/osella/pyenv/versions/qecc1/lib/python3.10/site-packages/gymnasium/core.py", line 327, in step
    return self.env.step(action)
  File "/vol/bitbucket/osella/qecc/src/qecc/bb_gym_v_0_1.py", line 205, in step
    logicalErrorRate = self.decoderEvaluation(self.seed)
  File "/vol/bitbucket/osella/qecc/src/qecc/bb_gym_v_0_1.py", line 219, in decoderEvaluation
    logicalX, logicalZ = computeLogicals(self.Hx, self.Hz)
  File "/vol/bitbucket/osella/qecc/src/qecc/logicals.py", line 40, in computeLogicals
    stabilizerGeneratorsZReduced, stabilizerGeneratorsZInverse, stabilizerGeneratorsZrank  = funWithMatrices.binaryGaussianEliminationOnRows(copy.copy(stabilizerGeneratorsZ))
  File "/vol/bitbucket/osella/qecc/src/qecc/funWithMatrices.py", line -1, in binaryGaussianEliminationOnRows
KeyboardInterrupt
Traceback (most recent call last):
  File "/vol/bitbucket/osella/pyenv/versions/3.10.16/lib/python3.10/multiprocessing/process.py", line 314, in _bootstrap
    self.run()
  File "/vol/bitbucket/osella/pyenv/versions/3.10.16/lib/python3.10/multiprocessing/process.py", line 108, in run
    self._target(*self._args, **self._kwargs)
  File "/vol/bitbucket/osella/pyenv/versions/qecc1/lib/python3.10/site-packages/torchrl/envs/batched_envs.py", line 2975, in _run_worker_pipe_shared_mem
    td, root_next_td = env.step_and_maybe_reset(input)
  File "/vol/bitbucket/osella/pyenv/versions/qecc1/lib/python3.10/site-packages/torchrl/envs/common.py", line 4061, in step_and_maybe_reset
    return self._step_and_maybe_reset(tensordict)
  File "/vol/bitbucket/osella/pyenv/versions/qecc1/lib/python3.10/site-packages/torchrl/envs/common.py", line 4107, in _step_and_maybe_reset
    tensordict = self.step(tensordict)
Traceback (most recent call last):
  File "/vol/bitbucket/osella/pyenv/versions/qecc1/lib/python3.10/site-packages/torchrl/envs/common.py", line 2353, in step
    next_tensordict = self._step(tensordict)
  File "/vol/bitbucket/osella/pyenv/versions/qecc1/lib/python3.10/site-packages/torchrl/envs/transforms/_base.py", line 1349, in _step
    next_tensordict = self.base_env._step(tensordict_in)
  File "/vol/bitbucket/osella/pyenv/versions/qecc1/lib/python3.10/site-packages/torchrl/envs/gym_like.py", line 452, in _step
    step_result = self._env.step(action)
  File "/vol/bitbucket/osella/pyenv/versions/qecc1/lib/python3.10/site-packages/gymnasium/wrappers/common.py", line 393, in step
    return super().step(action)
  File "/vol/bitbucket/osella/pyenv/versions/qecc1/lib/python3.10/site-packages/gymnasium/core.py", line 327, in step
    return self.env.step(action)
  File "/vol/bitbucket/osella/qecc/src/qecc/bb_gym_v_0_1.py", line 205, in step
    logicalErrorRate = self.decoderEvaluation(self.seed)
  File "/vol/bitbucket/osella/qecc/src/qecc/bb_gym_v_0_1.py", line 219, in decoderEvaluation
    logicalX, logicalZ = computeLogicals(self.Hx, self.Hz)
  File "/vol/bitbucket/osella/qecc/src/qecc/logicals.py", line 40, in computeLogicals
    stabilizerGeneratorsZReduced, stabilizerGeneratorsZInverse, stabilizerGeneratorsZrank  = funWithMatrices.binaryGaussianEliminationOnRows(copy.copy(stabilizerGeneratorsZ))
  File "/vol/bitbucket/osella/qecc/src/qecc/funWithMatrices.py", line -1, in binaryGaussianEliminationOnRows
KeyboardInterrupt
  File "/vol/bitbucket/osella/pyenv/versions/3.10.16/lib/python3.10/multiprocessing/process.py", line 314, in _bootstrap
    self.run()
  File "/vol/bitbucket/osella/pyenv/versions/3.10.16/lib/python3.10/multiprocessing/process.py", line 108, in run
    self._target(*self._args, **self._kwargs)
  File "/vol/bitbucket/osella/pyenv/versions/qecc1/lib/python3.10/site-packages/torchrl/envs/batched_envs.py", line 2975, in _run_worker_pipe_shared_mem
    td, root_next_td = env.step_and_maybe_reset(input)
  File "/vol/bitbucket/osella/pyenv/versions/qecc1/lib/python3.10/site-packages/torchrl/envs/common.py", line 4061, in step_and_maybe_reset
    return self._step_and_maybe_reset(tensordict)
  File "/vol/bitbucket/osella/pyenv/versions/qecc1/lib/python3.10/site-packages/torchrl/envs/common.py", line 4107, in _step_and_maybe_reset
    tensordict = self.step(tensordict)
  File "/vol/bitbucket/osella/pyenv/versions/qecc1/lib/python3.10/site-packages/torchrl/envs/common.py", line 2353, in step
    next_tensordict = self._step(tensordict)
  File "/vol/bitbucket/osella/pyenv/versions/qecc1/lib/python3.10/site-packages/torchrl/envs/transforms/_base.py", line 1349, in _step
    next_tensordict = self.base_env._step(tensordict_in)
  File "/vol/bitbucket/osella/pyenv/versions/qecc1/lib/python3.10/site-packages/torchrl/envs/gym_like.py", line 452, in _step
    step_result = self._env.step(action)
  File "/vol/bitbucket/osella/pyenv/versions/qecc1/lib/python3.10/site-packages/gymnasium/wrappers/common.py", line 393, in step
    return super().step(action)
  File "/vol/bitbucket/osella/pyenv/versions/qecc1/lib/python3.10/site-packages/gymnasium/core.py", line 327, in step
    return self.env.step(action)
  File "/vol/bitbucket/osella/qecc/src/qecc/bb_gym_v_0_1.py", line 205, in step
    logicalErrorRate = self.decoderEvaluation(self.seed)
  File "/vol/bitbucket/osella/qecc/src/qecc/bb_gym_v_0_1.py", line 219, in decoderEvaluation
    logicalX, logicalZ = computeLogicals(self.Hx, self.Hz)
  File "/vol/bitbucket/osella/qecc/src/qecc/logicals.py", line 40, in computeLogicals
    stabilizerGeneratorsZReduced, stabilizerGeneratorsZInverse, stabilizerGeneratorsZrank  = funWithMatrices.binaryGaussianEliminationOnRows(copy.copy(stabilizerGeneratorsZ))
  File "/vol/bitbucket/osella/qecc/src/qecc/funWithMatrices.py", line -1, in binaryGaussianEliminationOnRows
KeyboardInterrupt
Traceback (most recent call last):
  File "/vol/bitbucket/osella/pyenv/versions/3.10.16/lib/python3.10/multiprocessing/process.py", line 314, in _bootstrap
    self.run()
  File "/vol/bitbucket/osella/pyenv/versions/3.10.16/lib/python3.10/multiprocessing/process.py", line 108, in run
    self._target(*self._args, **self._kwargs)
  File "/vol/bitbucket/osella/pyenv/versions/qecc1/lib/python3.10/site-packages/torchrl/envs/batched_envs.py", line 2975, in _run_worker_pipe_shared_mem
    td, root_next_td = env.step_and_maybe_reset(input)
  File "/vol/bitbucket/osella/pyenv/versions/qecc1/lib/python3.10/site-packages/torchrl/envs/common.py", line 4061, in step_and_maybe_reset
    return self._step_and_maybe_reset(tensordict)
  File "/vol/bitbucket/osella/pyenv/versions/qecc1/lib/python3.10/site-packages/torchrl/envs/common.py", line 4107, in _step_and_maybe_reset
    tensordict = self.step(tensordict)
  File "/vol/bitbucket/osella/pyenv/versions/qecc1/lib/python3.10/site-packages/torchrl/envs/common.py", line 2353, in step
    next_tensordict = self._step(tensordict)
  File "/vol/bitbucket/osella/pyenv/versions/qecc1/lib/python3.10/site-packages/torchrl/envs/transforms/_base.py", line 1349, in _step
    next_tensordict = self.base_env._step(tensordict_in)
  File "/vol/bitbucket/osella/pyenv/versions/qecc1/lib/python3.10/site-packages/torchrl/envs/gym_like.py", line 452, in _step
    step_result = self._env.step(action)
  File "/vol/bitbucket/osella/pyenv/versions/qecc1/lib/python3.10/site-packages/gymnasium/wrappers/common.py", line 393, in step
    return super().step(action)
  File "/vol/bitbucket/osella/pyenv/versions/qecc1/lib/python3.10/site-packages/gymnasium/core.py", line 327, in step
    return self.env.step(action)
  File "/vol/bitbucket/osella/qecc/src/qecc/bb_gym_v_0_1.py", line 205, in step
    logicalErrorRate = self.decoderEvaluation(self.seed)
  File "/vol/bitbucket/osella/qecc/src/qecc/bb_gym_v_0_1.py", line 219, in decoderEvaluation
    logicalX, logicalZ = computeLogicals(self.Hx, self.Hz)
  File "/vol/bitbucket/osella/qecc/src/qecc/logicals.py", line 43, in computeLogicals
    logicalOperatorsX = funWithMatrices.solveHomogenicBinaryLinearSystem(stabilizerGeneratorsZReduced)
  File "/vol/bitbucket/osella/qecc/src/qecc/funWithMatrices.py", line 145, in solveHomogenicBinaryLinearSystem
    for colIndex in range(matrixA.shape[1]):
KeyboardInterrupt
collectWorker3 ash19: ended Sun 26 Jul 18:40:23 BST 2026
labWorker ash19: collect ended naturally Sun 26 Jul 18:44:01 BST 2026
labWorker ash19: started collect pid 2560987 (l=5 m=15) Sun 26 Jul 18:54:01 BST 2026
collectWorker3 ash19: l=5 m=15 workers=16 seed=447003438 stage=1 Sun 26 Jul 18:54:01 BST 2026
Creating log dir /data/osella/collectStage/2026-07-26_18-54-20_2561002...
Checking the directory was created: True
Training begins on:
2026-07-26 18:54:38 Sunday
  0%|          | 0/50000000 [00:00<?, ?it/s][92m2026-07-26 18:55:56,082 [torchrl][INFO][0m    Initialized LazyTensorStorage with torch.Size([500]) shape[92m [END][0m
  0%|          | 512/50000000 [01:34<2566:41:48,  5.41it/s]  0%|          | 1024/50000000 [03:41<3089:05:23,  4.50it/s]  0%|          | 1536/50000000 [05:28<2997:47:18,  4.63it/s]  0%|          | 2048/50000000 [07:09<2895:01:29,  4.80it/s]  0%|          | 2560/50000000 [08:57<2904:30:54,  4.78it/s]  0%|          | 3072/50000000 [10:52<2978:04:51,  4.66it/s]  0%|          | 3584/50000000 [12:31<2887:55:38,  4.81it/s]  0%|          | 4096/50000000 [14:15<2861:28:12,  4.85it/s]  0%|          | 4608/50000000 [16:02<2873:53:48,  4.83it/s]  0%|          | 5120/50000000 [17:52<2911:52:50,  4.77it/s]  0%|          | 5632/50000000 [19:41<2927:38:35,  4.74it/s]  0%|          | 6144/50000000 [21:50<3100:39:49,  4.48it/s]  0%|          | 6656/50000000 [23:44<3093:39:24,  4.49it/s]  0%|          | 7168/50000000 [25:43<3135:40:12,  4.43it/s]  0%|          | 7680/50000000 [27:38<3133:52:59,  4.43it/s]  0%|          | 8192/50000000 [29:35<3141:13:02,  4.42it/s]  0%|          | 8704/50000000 [31:21<3066:29:23,  4.53it/s]  0%|          | 9216/50000000 [33:13<3050:17:43,  4.55it/s]  0%|          | 9728/50000000 [35:06<3060:42:38,  4.54it/s]  0%|          | 10240/50000000 [37:01<3073:13:52,  4.52it/s]  0%|          | 10752/50000000 [38:58<3107:06:51,  4.47it/s]  0%|          | 11264/50000000 [41:12<3266:24:32,  4.25it/s]  0%|          | 11776/50000000 [43:13<3265:15:43,  4.25it/s]  0%|          | 12288/50000000 [45:07<3219:22:29,  4.31it/s]  0%|          | 12800/50000000 [47:00<3167:29:26,  4.38it/s]  0%|          | 13312/50000000 [48:56<3161:28:30,  4.39it/s]  0%|          | 13824/50000000 [50:48<3125:14:31,  4.44it/s]  0%|          | 14336/50000000 [52:47<3155:38:57,  4.40it/s]  0%|          | 14848/50000000 [54:38<3116:39:42,  4.46it/s]  0%|          | 15360/50000000 [56:36<3137:23:26,  4.43it/s]  0%|          | 15872/50000000 [58:35<3167:49:04,  4.38it/s]  0%|          | 16384/50000000 [1:00:55<3354:32:58,  4.14it/s]  0%|          | 16896/50000000 [1:02:54<3315:17:51,  4.19it/s]  0%|          | 17408/50000000 [1:04:55<3305:10:40,  4.20it/s]  0%|          | 17920/50000000 [1:07:00<3333:07:53,  4.17it/s]  0%|          | 18432/50000000 [1:08:54<3254:37:14,  4.27it/s]  0%|          | 18944/50000000 [1:10:50<3228:00:41,  4.30it/s]  0%|          | 19456/50000000 [1:12:39<3139:20:44,  4.42it/s]  0%|          | 19968/50000000 [1:14:28<3089:23:49,  4.49it/s]  0%|          | 20480/50000000 [1:16:19<3062:34:35,  4.53it/s]  0%|          | 20992/50000000 [1:18:15<3084:48:12,  4.50it/s]  0%|          | 21504/50000000 [1:20:33<3286:13:58,  4.22it/s]  0%|          | 22016/50000000 [1:22:26<3219:49:36,  4.31it/s]  0%|          | 22528/50000000 [1:24:14<3129:07:44,  4.44it/s]  0%|          | 23040/50000000 [1:26:09<3128:05:33,  4.44it/s]  0%|          | 23552/50000000 [1:27:58<3075:42:45,  4.51it/s]  0%|          | 24064/50000000 [1:30:00<3142:55:45,  4.42it/s]  0%|          | 24576/50000000 [1:31:56<3149:35:34,  4.41it/s]  0%|          | 25088/50000000 [1:33:55<3171:53:31,  4.38it/s]  0%|          | 25600/50000000 [1:35:50<3156:50:14,  4.40it/s]  0%|          | 26112/50000000 [1:37:46<3151:08:04,  4.41it/s]  0%|          | 26624/50000000 [1:40:04<3331:04:46,  4.17it/s]  0%|          | 27136/50000000 [1:41:58<3252:34:12,  4.27it/s]  0%|          | 27648/50000000 [1:43:56<3234:59:17,  4.29it/s]  0%|          | 28160/50000000 [1:45:54<3230:18:09,  4.30it/s]  0%|          | 28672/50000000 [1:47:49<3194:03:02,  4.35it/s]  0%|          | 29184/50000000 [1:49:48<3201:37:01,  4.34it/s]  0%|          | 29696/50000000 [1:51:38<3135:05:38,  4.43it/s]  0%|          | 30208/50000000 [1:53:29<3098:34:40,  4.48it/s]  0%|          | 30720/50000000 [1:55:30<3152:01:48,  4.40it/s]  0%|          | 31232/50000000 [1:57:27<3160:41:19,  4.39it/s]  0%|          | 31744/50000000 [1:59:42<3314:37:11,  4.19it/s]  0%|          | 32256/50000000 [2:01:33<3215:22:25,  4.32it/s]  0%|          | 32768/50000000 [2:03:26<3172:11:37,  4.38it/s]  0%|          | 33280/50000000 [2:05:24<3177:14:56,  4.37it/s]  0%|          | 33792/50000000 [2:07:24<3207:47:57,  4.33it/s]  0%|          | 34304/50000000 [2:09:18<3172:21:50,  4.38it/s]  0%|          | 34816/50000000 [2:11:12<3142:11:19,  4.42it/s]  0%|          | 35328/50000000 [2:13:11<3171:53:35,  4.38it/s]  0%|          | 35840/50000000 [2:15:10<3187:54:54,  4.35it/s]  0%|          | 36352/50000000 [2:17:16<3254:03:53,  4.27it/s]  0%|          | 36864/50000000 [2:19:32<3381:04:44,  4.10it/s]  0%|          | 37376/50000000 [2:21:33<3355:19:52,  4.14it/s]  0%|          | 37888/50000000 [2:23:32<3317:47:55,  4.18it/s]  0%|          | 38400/50000000 [2:25:35<3321:15:31,  4.18it/s]  0%|          | 38912/50000000 [2:27:31<3263:19:29,  4.25it/s]  0%|          | 39424/50000000 [2:29:19<3165:57:01,  4.38it/s]  0%|          | 39936/50000000 [2:31:26<3251:31:28,  4.27it/s]  0%|          | 40448/50000000 [2:33:26<3251:31:30,  4.27it/s]  0%|          | 40960/50000000 [2:35:26<3250:51:04,  4.27it/s]  0%|          | 41472/50000000 [2:37:19<3195:22:57,  4.34it/s]  0%|          | 41984/50000000 [2:39:14<3166:44:21,  4.38it/s]  0%|          | 42496/50000000 [2:41:07<3139:07:51,  4.42it/s]  0%|          | 43008/50000000 [2:43:06<3162:39:46,  4.39it/s]  0%|          | 43520/50000000 [2:45:01<3149:19:13,  4.41it/s]  0%|          | 44032/50000000 [2:47:02<3187:34:35,  4.35it/s]  0%|          | 44544/50000000 [2:48:58<3174:58:54,  4.37it/s]  0%|          | 45056/50000000 [2:50:57<3193:11:40,  4.35it/s]  0%|          | 45568/50000000 [2:52:48<3131:54:12,  4.43it/s]  0%|          | 46080/50000000 [2:54:40<3107:58:17,  4.46it/s]  0%|          | 46592/50000000 [2:56:45<3190:15:58,  4.35it/s]  0%|          | 47104/50000000 [2:58:56<3297:15:19,  4.21it/s]  0%|          | 47616/50000000 [3:00:51<3245:14:49,  4.28it/s]  0%|          | 48128/50000000 [3:02:41<3160:44:39,  4.39it/s]  0%|          | 48640/50000000 [3:04:36<3152:48:24,  4.40it/s]  0%|          | 49152/50000000 [3:06:43<3240:36:12,  4.28it/s]  0%|          | 49664/50000000 [3:08:39<3208:02:45,  4.33it/s]  0%|          | 50176/50000000 [3:10:35<3189:34:20,  4.35it/s]  0%|          | 50688/50000000 [3:12:39<3236:35:59,  4.29it/s]  0%|          | 51200/50000000 [3:14:28<3156:37:39,  4.40it/s]  0%|          | 51712/50000000 [3:16:33<3226:13:36,  4.30it/s]  0%|          | 52224/50000000 [3:18:33<3235:15:48,  4.29it/s]  0%|          | 52736/50000000 [3:20:35<3250:57:48,  4.27it/s]  0%|          | 53248/50000000 [3:22:35<3249:18:49,  4.27it/s]  0%|          | 53760/50000000 [3:24:29<3209:12:17,  4.32it/s]  0%|          | 54272/50000000 [3:26:17<3117:24:07,  4.45it/s]  0%|          | 54784/50000000 [3:28:12<3117:58:02,  4.45it/s]  0%|          | 55296/50000000 [3:30:09<3138:23:57,  4.42it/s]  0%|          | 55808/50000000 [3:32:05<3137:11:47,  4.42it/s]  0%|          | 56320/50000000 [3:34:01<3137:15:51,  4.42it/s]  0%|          | 56832/50000000 [3:35:44<3031:58:35,  4.58it/s]  0%|          | 57344/50000000 [3:38:05<3271:31:26,  4.24it/s]  0%|          | 57856/50000000 [3:40:01<3231:34:49,  4.29it/s]  0%|          | 58368/50000000 [3:41:58<3214:41:48,  4.32it/s]  0%|          | 58880/50000000 [3:43:54<3192:33:55,  4.35it/s]  0%|          | 59392/50000000 [3:45:46<3142:51:00,  4.41it/s]  0%|          | 59904/50000000 [3:47:44<3161:55:21,  4.39it/s]  0%|          | 60416/50000000 [3:49:35<3118:08:15,  4.45it/s]  0%|          | 60928/50000000 [3:51:26<3082:28:27,  4.50it/s]  0%|          | 61440/50000000 [3:53:26<3133:35:07,  4.43it/s]  0%|          | 61952/50000000 [3:55:30<3197:42:56,  4.34it/s]  0%|          | 62464/50000000 [3:57:24<3171:33:41,  4.37it/s]  0%|          | 62976/50000000 [3:59:19<3151:20:03,  4.40it/s]  0%|          | 63488/50000000 [4:01:11<3114:48:49,  4.45it/s]  0%|          | 64000/50000000 [4:03:19<3223:04:27,  4.30it/s]  0%|          | 64512/50000000 [4:05:15<3199:22:58,  4.34it/s]  0%|          | 65024/50000000 [4:07:05<3135:25:46,  4.42it/s]  0%|          | 65536/50000000 [4:08:58<3112:25:43,  4.46it/s]  0%|          | 66048/50000000 [4:10:48<3068:37:24,  4.52it/s]  0%|          | 66560/50000000 [4:12:49<3130:34:20,  4.43it/s]  0%|          | 67072/50000000 [4:14:42<3111:15:07,  4.46it/s]  0%|          | 67584/50000000 [4:16:41<3147:04:58,  4.41it/s]  0%|          | 68096/50000000 [4:18:38<3153:00:12,  4.40it/s]  0%|          | 68608/50000000 [4:20:39<3191:40:33,  4.35it/s]  0%|          | 69120/50000000 [4:22:32<3152:02:56,  4.40it/s]  0%|          | 69632/50000000 [4:24:27<3138:01:30,  4.42it/s]  0%|          | 70144/50000000 [4:26:28<3180:27:58,  4.36it/s]  0%|          | 70656/50000000 [4:28:19<3130:39:21,  4.43it/s]  0%|          | 71168/50000000 [4:30:16<3139:22:39,  4.42it/s]  0%|          | 71680/50000000 [4:32:06<3091:53:12,  4.49it/s]  0%|          | 72192/50000000 [4:34:00<3091:07:55,  4.49it/s]  0%|          | 72704/50000000 [4:36:12<3238:51:31,  4.28it/s]  0%|          | 73216/50000000 [4:38:09<3217:16:07,  4.31it/s]  0%|          | 73728/50000000 [4:40:03<3179:14:32,  4.36it/s]  0%|          | 74240/50000000 [4:42:03<3199:18:00,  4.33it/s]  0%|          | 74752/50000000 [4:43:54<3142:13:04,  4.41it/s]  0%|          | 75264/50000000 [4:45:40<3061:09:16,  4.53it/s]  0%|          | 75776/50000000 [4:47:40<3117:14:53,  4.45it/s]  0%|          | 76288/50000000 [4:49:44<3184:33:59,  4.35it/s]  0%|          | 76800/50000000 [4:51:36<3144:44:53,  4.41it/s]  0%|          | 77312/50000000 [4:53:34<3159:44:07,  4.39it/s]  0%|          | 77824/50000000 [4:55:58<3376:47:46,  4.11it/s]  0%|          | 78336/50000000 [4:57:51<3284:44:00,  4.22it/s]  0%|          | 78848/50000000 [4:59:48<3250:07:32,  4.27it/s]  0%|          | 79360/50000000 [5:01:45<3222:46:09,  4.30it/s]  0%|          | 79872/50000000 [5:03:43<3214:18:17,  4.31it/s]  0%|          | 80384/50000000 [5:05:37<3182:36:51,  4.36it/s]  0%|          | 80896/50000000 [5:07:40<3222:08:26,  4.30it/s]  0%|          | 81408/50000000 [5:09:30<3155:28:51,  4.39it/s]  0%|          | 81920/50000000 [5:11:26<3143:30:38,  4.41it/s]  0%|          | 82432/50000000 [5:13:17<3105:27:18,  4.47it/s]  0%|          | 82944/50000000 [5:15:18<3159:31:39,  4.39it/s]  0%|          | 83456/50000000 [5:17:14<3148:33:58,  4.40it/s]  0%|          | 83968/50000000 [5:19:04<3103:35:24,  4.47it/s]  0%|          | 84480/50000000 [5:21:08<3176:59:49,  4.36it/s]  0%|          | 84992/50000000 [5:23:01<3145:26:55,  4.41it/s]  0%|          | 85504/50000000 [5:24:55<3127:10:27,  4.43it/s]  0%|          | 86016/50000000 [5:26:49<3114:01:11,  4.45it/s]  0%|          | 86528/50000000 [5:28:43<3101:34:16,  4.47it/s]  0%|          | 87040/50000000 [5:30:34<3072:20:38,  4.51it/s]  0%|          | 87552/50000000 [5:32:33<3117:46:35,  4.45it/s]  0%|          | 88064/50000000 [5:34:39<3210:27:08,  4.32it/s]  0%|          | 88576/50000000 [5:36:31<3154:33:18,  4.40it/s]  0%|          | 89088/50000000 [5:38:28<3159:09:39,  4.39it/s]  0%|          | 89600/50000000 [5:40:26<3173:51:07,  4.37it/s]  0%|          | 90112/50000000 [5:42:08<3046:59:38,  4.55it/s]  0%|          | 90624/50000000 [5:44:04<3077:35:50,  4.50it/s]  0%|          | 91136/50000000 [5:45:53<3033:46:48,  4.57it/s]  0%|          | 91648/50000000 [5:47:47<3053:38:46,  4.54it/s]  0%|          | 92160/50000000 [5:49:40<3057:47:49,  4.53it/s]  0%|          | 92672/50000000 [5:51:32<3051:26:51,  4.54it/s]  0%|          | 93184/50000000 [5:53:29<3082:22:29,  4.50it/s]  0%|          | 93696/50000000 [5:55:24<3094:50:09,  4.48it/s]  0%|          | 94208/50000000 [5:57:20<3105:38:30,  4.46it/s]  0%|          | 94720/50000000 [5:59:20<3149:59:59,  4.40it/s]  0%|          | 95232/50000000 [6:01:18<3163:07:50,  4.38it/s]  0%|          | 95744/50000000 [6:03:26<3252:21:04,  4.26it/s]  0%|          | 96256/50000000 [6:05:13<3150:12:49,  4.40it/s]  0%|          | 96768/50000000 [6:07:09<3143:58:45,  4.41it/s]  0%|          | 97280/50000000 [6:09:19<3252:08:13,  4.26it/s]  0%|          | 97792/50000000 [6:11:18<3249:29:30,  4.27it/s]  0%|          | 98304/50000000 [6:13:40<3422:03:50,  4.05it/s]  0%|          | 98816/50000000 [6:15:40<3374:32:19,  4.11it/s]  0%|          | 99328/50000000 [6:17:36<3301:10:29,  4.20it/s]  0%|          | 99840/50000000 [6:19:24<3193:25:30,  4.34it/s]  0%|          | 100352/50000000 [6:21:15<3136:27:50,  4.42it/s]  0%|          | 100864/50000000 [6:23:06<3094:37:55,  4.48it/s]  0%|          | 101376/50000000 [6:25:05<3132:51:47,  4.42it/s]  0%|          | 101888/50000000 [6:26:56<3095:58:03,  4.48it/s]  0%|          | 102400/50000000 [6:28:53<3115:35:36,  4.45it/s]  0%|          | 102912/50000000 [6:30:44<3078:19:05,  4.50it/s]  0%|          | 103424/50000000 [6:32:57<3241:52:49,  4.28it/s]  0%|          | 103936/50000000 [6:34:50<3179:43:09,  4.36it/s]  0%|          | 104448/50000000 [6:36:51<3210:24:07,  4.32it/s]  0%|          | 104960/50000000 [6:38:48<3194:55:43,  4.34it/s]  0%|          | 105472/50000000 [6:40:49<3223:57:09,  4.30it/s]  0%|          | 105984/50000000 [6:42:44<3188:41:40,  4.35it/s]  0%|          | 106496/50000000 [6:44:47<3234:37:13,  4.28it/s]  0%|          | 107008/50000000 [6:46:35<3141:40:01,  4.41it/s]  0%|          | 107520/50000000 [6:48:29<3120:15:39,  4.44it/s]  0%|          | 108032/50000000 [6:50:23<3109:46:28,  4.46it/s]  0%|          | 108544/50000000 [6:52:20<3130:11:28,  4.43it/s]  0%|          | 109056/50000000 [6:54:17<3139:57:08,  4.41it/s]  0%|          | 109568/50000000 [6:56:14<3144:14:08,  4.41it/s]  0%|          | 110080/50000000 [6:58:12<3163:19:59,  4.38it/s]  0%|          | 110592/50000000 [7:00:06<3137:36:10,  4.42it/s]  0%|          | 111104/50000000 [7:02:12<3224:50:13,  4.30it/s]  0%|          | 111616/50000000 [7:04:07<3190:10:36,  4.34it/s]  0%|          | 112128/50000000 [7:06:05<3188:37:43,  4.35it/s]  0%|          | 112640/50000000 [7:08:03<3189:14:55,  4.35it/s]  0%|          | 113152/50000000 [7:09:54<3133:54:32,  4.42it/s]  0%|          | 113664/50000000 [7:11:59<3205:31:53,  4.32it/s]  0%|          | 114176/50000000 [7:13:52<3166:28:39,  4.38it/s]  0%|          | 114688/50000000 [7:15:58<3237:00:28,  4.28it/s]  0%|          | 115200/50000000 [7:17:58<3240:52:17,  4.28it/s]  0%|          | 115712/50000000 [7:19:57<3238:38:03,  4.28it/s]  0%|          | 116224/50000000 [7:21:46<3151:56:46,  4.40it/s]  0%|          | 116736/50000000 [7:23:50<3208:44:49,  4.32it/s]  0%|          | 117248/50000000 [7:25:43<3160:53:22,  4.38it/s]  0%|          | 117760/50000000 [7:27:50<3248:34:40,  4.27it/s]  0%|          | 118272/50000000 [7:29:55<3284:51:21,  4.22it/s]  0%|          | 118784/50000000 [7:32:03<3339:52:08,  4.15it/s]  0%|          | 119296/50000000 [7:33:56<3254:15:07,  4.26it/s]  0%|          | 119808/50000000 [7:35:47<3178:39:39,  4.36it/s]  0%|          | 120320/50000000 [7:37:45<3187:16:04,  4.35it/s]  0%|          | 120832/50000000 [7:39:41<3170:36:21,  4.37it/s]  0%|          | 121344/50000000 [7:41:35<3148:22:06,  4.40it/s]  0%|          | 121856/50000000 [7:43:25<3094:49:00,  4.48it/s]  0%|          | 122368/50000000 [7:45:15<3058:35:18,  4.53it/s]  0%|          | 122880/50000000 [7:47:08<3061:24:44,  4.53it/s]  0%|          | 123392/50000000 [7:49:02<3062:21:41,  4.52it/s]  0%|          | 123904/50000000 [7:51:10<3185:24:13,  4.35it/s]  0%|          | 124416/50000000 [7:53:13<3229:02:38,  4.29it/s]  0%|          | 124928/50000000 [7:55:05<3170:54:43,  4.37it/s]  0%|          | 125440/50000000 [7:56:55<3113:32:45,  4.45it/s]  0%|          | 125952/50000000 [7:58:54<3143:45:42,  4.41it/s]  0%|          | 126464/50000000 [8:00:50<3143:06:15,  4.41it/s]  0%|          | 126976/50000000 [8:02:55<3215:32:12,  4.31it/s]  0%|          | 127488/50000000 [8:04:55<3221:45:06,  4.30it/s]  0%|          | 128000/50000000 [8:06:42<3126:44:31,  4.43it/s]  0%|          | 128512/50000000 [8:08:33<3084:33:08,  4.49it/s]  0%|          | 129024/50000000 [8:10:55<3316:33:28,  4.18it/s]  0%|          | 129536/50000000 [8:12:42<3189:09:46,  4.34it/s]  0%|          | 130048/50000000 [8:14:26<3076:52:46,  4.50it/s]  0%|          | 130560/50000000 [8:16:15<3032:44:06,  4.57it/s]  0%|          | 131072/50000000 [8:18:07<3038:15:00,  4.56it/s]  0%|          | 131584/50000000 [8:20:03<3065:14:45,  4.52it/s]  0%|          | 132096/50000000 [8:21:51<3024:30:23,  4.58it/s]  0%|          | 132608/50000000 [8:23:51<3088:25:31,  4.49it/s]  0%|          | 133120/50000000 [8:25:49<3124:18:02,  4.43it/s]  0%|          | 133632/50000000 [8:27:46<3134:05:01,  4.42it/s]  0%|          | 134144/50000000 [8:30:04<3309:01:42,  4.19it/s]  0%|          | 134656/50000000 [8:31:56<3232:24:43,  4.29it/s]  0%|          | 135168/50000000 [8:33:44<3132:04:15,  4.42it/s]  0%|          | 135680/50000000 [8:35:45<3181:29:38,  4.35it/s]  0%|          | 136192/50000000 [8:37:43<3179:03:15,  4.36it/s]  0%|          | 136704/50000000 [8:39:45<3213:59:45,  4.31it/s]  0%|          | 137216/50000000 [8:41:38<3170:58:56,  4.37it/s]  0%|          | 137728/50000000 [8:43:33<3150:59:51,  4.40it/s]  0%|          | 138240/50000000 [8:45:29<3151:51:58,  4.39it/s]  0%|          | 138752/50000000 [8:47:27<3161:54:53,  4.38it/s]  0%|          | 139264/50000000 [8:49:32<3229:16:58,  4.29it/s]  0%|          | 139776/50000000 [8:51:22<3150:08:58,  4.40it/s]  0%|          | 140288/50000000 [8:53:17<3141:56:04,  4.41it/s]  0%|          | 140800/50000000 [8:55:17<3172:57:09,  4.36it/s]  0%|          | 141312/50000000 [8:57:11<3139:13:40,  4.41it/s]  0%|          | 141824/50000000 [8:59:04<3115:18:33,  4.45it/s]  0%|          | 142336/50000000 [9:00:58<3106:18:27,  4.46it/s]  0%|          | 142848/50000000 [9:02:57<3140:39:40,  4.41it/s]  0%|          | 143360/50000000 [9:04:57<3172:18:58,  4.37it/s]  0%|          | 143872/50000000 [9:06:46<3106:42:25,  4.46it/s]  0%|          | 144384/50000000 [9:08:43<3121:44:14,  4.44it/s]  0%|          | 144896/50000000 [9:10:37<3115:26:29,  4.45it/s]  0%|          | 145408/50000000 [9:12:23<3036:08:34,  4.56it/s]  0%|          | 145920/50000000 [9:14:14<3027:10:18,  4.57it/s]  0%|          | 146432/50000000 [9:16:03<3008:08:45,  4.60it/s]  0%|          | 146944/50000000 [9:17:58<3034:39:47,  4.56it/s]  0%|          | 147456/50000000 [9:19:51<3041:39:15,  4.55it/s]  0%|          | 147968/50000000 [9:21:46<3063:48:01,  4.52it/s]  0%|          | 148480/50000000 [9:23:35<3025:06:54,  4.58it/s]  0%|          | 148992/50000000 [9:25:30<3050:31:30,  4.54it/s]  0%|          | 149504/50000000 [9:27:32<3125:51:32,  4.43it/s]  0%|          | 150016/50000000 [9:29:26<3111:32:32,  4.45it/s]  0%|          | 150528/50000000 [9:31:21<3116:06:29,  4.44it/s]  0%|          | 151040/50000000 [9:33:16<3113:15:59,  4.45it/s]  0%|          | 151552/50000000 [9:35:08<3083:31:39,  4.49it/s]  0%|          | 152064/50000000 [9:37:05<3108:30:37,  4.45it/s]  0%|          | 152576/50000000 [9:38:58<3093:13:46,  4.48it/s]  0%|          | 153088/50000000 [9:40:46<3042:38:43,  4.55it/s]  0%|          | 153600/50000000 [9:42:43<3079:13:33,  4.50it/s]  0%|          | 154112/50000000 [9:44:40<3104:50:51,  4.46it/s]  0%|          | 154624/50000000 [9:46:50<3232:14:41,  4.28it/s]  0%|          | 155136/50000000 [9:48:43<3176:21:43,  4.36it/s]  0%|          | 155648/50000000 [9:50:36<3139:52:55,  4.41it/s]  0%|          | 156160/50000000 [9:52:32<3140:06:10,  4.41it/s]  0%|          | 156672/50000000 [9:54:34<3184:12:27,  4.35it/s]  0%|          | 157184/50000000 [9:56:27<3148:43:52,  4.40it/s]  0%|          | 157696/50000000 [9:58:28<3186:01:25,  4.35it/s]  0%|          | 158208/50000000 [10:00:22<3149:50:20,  4.40it/s]  0%|          | 158720/50000000 [10:02:16<3130:26:21,  4.42it/s]  0%|          | 159232/50000000 [10:04:08<3104:33:11,  4.46it/s]  0%|          | 159744/50000000 [10:06:22<3259:09:32,  4.25it/s]  0%|          | 160256/50000000 [10:08:11<3160:57:29,  4.38it/s]  0%|          | 160768/50000000 [10:10:08<3164:20:33,  4.38it/s]  0%|          | 161280/50000000 [10:12:09<3200:01:25,  4.33it/s]  0%|          | 161792/50000000 [10:14:12<3238:22:22,  4.27it/s]  0%|          | 162304/50000000 [10:16:09<3213:53:14,  4.31it/s]  0%|          | 162816/50000000 [10:18:05<3189:23:38,  4.34it/s]  0%|          | 163328/50000000 [10:20:08<3227:39:32,  4.29it/s]  0%|          | 163840/50000000 [10:22:20<3329:11:44,  4.16it/s]  0%|          | 164352/50000000 [10:24:16<3275:31:14,  4.23it/s]  0%|          | 164864/50000000 [10:26:06<3182:15:03,  4.35it/s]  0%|          | 165376/50000000 [10:28:02<3171:04:26,  4.37it/s]  0%|          | 165888/50000000 [10:30:04<3212:43:40,  4.31it/s]  0%|          | 166400/50000000 [10:31:58<3170:01:34,  4.37it/s]  0%|          | 166912/50000000 [10:33:53<3154:28:49,  4.39it/s]  0%|          | 167424/50000000 [10:35:44<3101:53:02,  4.46it/s]  0%|          | 167936/50000000 [10:37:44<3148:34:41,  4.40it/s]  0%|          | 168448/50000000 [10:39:34<3093:02:47,  4.48it/s]  0%|          | 168960/50000000 [10:41:28<3093:29:50,  4.47it/s]  0%|          | 169472/50000000 [10:43:19<3063:32:08,  4.52it/s]  0%|          | 169984/50000000 [10:45:09<3035:12:30,  4.56it/s]  0%|          | 170496/50000000 [10:47:00<3028:45:00,  4.57it/s]  0%|          | 171008/50000000 [10:48:48<2994:46:05,  4.62it/s]  0%|          | 171520/50000000 [10:50:48<3070:48:22,  4.51it/s]  0%|          | 172032/50000000 [10:52:44<3090:42:36,  4.48it/s]  0%|          | 172544/50000000 [10:54:33<3049:32:24,  4.54it/s]  0%|          | 173056/50000000 [10:56:25<3038:54:03,  4.55it/s]  0%|          | 173568/50000000 [10:58:28<3121:15:57,  4.43it/s]  0%|          | 174080/50000000 [11:00:21<3102:41:51,  4.46it/s]  0%|          | 174592/50000000 [11:02:22<3157:43:53,  4.38it/s]  0%|          | 175104/50000000 [11:04:26<3214:02:12,  4.31it/s]  0%|          | 175616/50000000 [11:06:26<3222:58:46,  4.29it/s]  0%|          | 176128/50000000 [11:08:24<3214:37:59,  4.31it/s]  0%|          | 176640/50000000 [11:10:27<3244:11:41,  4.27it/s]  0%|          | 177152/50000000 [11:12:20<3187:19:35,  4.34it/s]  0%|          | 177664/50000000 [11:14:09<3114:05:25,  4.44it/s]  0%|          | 178176/50000000 [11:16:10<3164:18:34,  4.37it/s]  0%|          | 178688/50000000 [11:18:11<3197:35:15,  4.33it/s]  0%|          | 179200/50000000 [11:20:21<3286:28:46,  4.21it/s]  0%|          | 179712/50000000 [11:22:17<3248:07:04,  4.26it/s]  0%|          | 180224/50000000 [11:24:19<3256:09:40,  4.25it/s]  0%|          | 180736/50000000 [11:26:15<3220:01:18,  4.30it/s]  0%|          | 181248/50000000 [11:28:04<3139:22:23,  4.41it/s]  0%|          | 181760/50000000 [11:30:03<3165:12:42,  4.37it/s]  0%|          | 182272/50000000 [11:31:58<3146:19:59,  4.40it/s]  0%|          | 182784/50000000 [11:33:47<3085:41:30,  4.48it/s]  0%|          | 183296/50000000 [11:35:54<3194:27:57,  4.33it/s]  0%|          | 183808/50000000 [11:38:01<3258:09:45,  4.25it/s]  0%|          | 184320/50000000 [11:39:57<3226:17:38,  4.29it/s]  0%|          | 184832/50000000 [11:41:49<3167:15:38,  4.37it/s]  0%|          | 185344/50000000 [11:43:50<3193:32:58,  4.33it/s]  0%|          | 185856/50000000 [11:45:41<3134:52:39,  4.41it/s]  0%|          | 186368/50000000 [11:47:37<3134:34:37,  4.41it/s]  0%|          | 186880/50000000 [11:49:36<3164:04:33,  4.37it/s]  0%|          | 187392/50000000 [11:51:29<3130:11:33,  4.42it/s]  0%|          | 187904/50000000 [11:53:30<3168:26:07,  4.37it/s]  0%|          | 188416/50000000 [11:55:21<3119:09:36,  4.44it/s]  0%|          | 188928/50000000 [11:57:13<3089:16:47,  4.48it/s]  0%|          | 189440/50000000 [11:59:05<3075:00:38,  4.50it/s]  0%|          | 189952/50000000 [12:00:54<3033:04:33,  4.56it/s]  0%|          | 190464/50000000 [12:03:07<3207:33:05,  4.31it/s]  0%|          | 190976/50000000 [12:05:08<3223:08:58,  4.29it/s]  0%|          | 191488/50000000 [12:07:05<3204:38:06,  4.32it/s]  0%|          | 192000/50000000 [12:09:04<3209:35:39,  4.31it/s]  0%|          | 192512/50000000 [12:11:00<3188:18:35,  4.34it/s]  0%|          | 193024/50000000 [12:12:52<3135:46:05,  4.41it/s]  0%|          | 193536/50000000 [12:14:53<3173:09:52,  4.36it/s]  0%|          | 194048/50000000 [12:16:50<3171:08:53,  4.36it/s]  0%|          | 194560/50000000 [12:18:42<3125:11:17,  4.43it/s]  0%|          | 195072/50000000 [12:20:32<3086:51:04,  4.48it/s]  0%|          | 195584/50000000 [12:22:30<3114:08:08,  4.44it/s]  0%|          | 196096/50000000 [12:24:18<3052:12:24,  4.53it/s]  0%|          | 196608/50000000 [12:26:09<3035:02:07,  4.56it/s]  0%|          | 197120/50000000 [12:28:01<3033:20:11,  4.56it/s]  0%|          | 197632/50000000 [12:29:55<3048:44:14,  4.54it/s]  0%|          | 198144/50000000 [12:31:53<3088:54:22,  4.48it/s]  0%|          | 198656/50000000 [12:33:47<3088:30:17,  4.48it/s]  0%|          | 199168/50000000 [12:35:35<3039:51:33,  4.55it/s]  0%|          | 199680/50000000 [12:37:39<3131:57:46,  4.42it/s]  0%|          | 200192/50000000 [12:39:27<3070:57:44,  4.50it/s]  0%|          | 200704/50000000 [12:41:28<3124:10:05,  4.43it/s]  0%|          | 201216/50000000 [12:43:21<3101:40:49,  4.46it/s]  0%|          | 201728/50000000 [12:45:10<3056:48:22,  4.53it/s]  0%|          | 202240/50000000 [12:47:01<3036:46:34,  4.56it/s]  0%|          | 202752/50000000 [12:48:49<3004:59:18,  4.60it/s]  0%|          | 203264/50000000 [12:50:52<3099:40:31,  4.46it/s]  0%|          | 203776/50000000 [12:52:51<3131:33:47,  4.42it/s]  0%|          | 204288/50000000 [12:54:43<3105:22:59,  4.45it/s]  0%|          | 204800/50000000 [12:56:39<3108:37:45,  4.45it/s]  0%|          | 205312/50000000 [12:58:30<3081:34:12,  4.49it/s]  0%|          | 205824/50000000 [13:00:25<3082:25:43,  4.49it/s]  0%|          | 206336/50000000 [13:02:22<3108:12:57,  4.45it/s]  0%|          | 206848/50000000 [13:04:20<3131:05:01,  4.42it/s]  0%|          | 207360/50000000 [13:06:15<3127:34:35,  4.42it/s]  0%|          | 207872/50000000 [13:08:08<3103:55:26,  4.46it/s]  0%|          | 208384/50000000 [13:10:07<3137:47:30,  4.41it/s]  0%|          | 208896/50000000 [13:11:59<3103:45:45,  4.46it/s]  0%|          | 209408/50000000 [13:13:55<3112:18:06,  4.44it/s]  0%|          | 209920/50000000 [13:15:53<3130:45:40,  4.42it/s]  0%|          | 210432/50000000 [13:17:48<3129:52:18,  4.42it/s]  0%|          | 210944/50000000 [13:19:59<3247:23:36,  4.26it/s]  0%|          | 211456/50000000 [13:21:52<3187:34:48,  4.34it/s]  0%|          | 211968/50000000 [13:23:45<3149:22:48,  4.39it/s]  0%|          | 212480/50000000 [13:25:35<3101:06:54,  4.46it/s]  0%|          | 212992/50000000 [13:27:26<3062:29:33,  4.52it/s]  0%|          | 213504/50000000 [13:29:17<3049:05:08,  4.54it/s]  0%|          | 214016/50000000 [13:31:16<3094:22:44,  4.47it/s]  0%|          | 214528/50000000 [13:33:08<3078:09:47,  4.49it/s]  0%|          | 215040/50000000 [13:35:03<3080:21:37,  4.49it/s]  0%|          | 215552/50000000 [13:36:54<3057:25:51,  4.52it/s]  0%|          | 216064/50000000 [13:38:55<3126:21:04,  4.42it/s]  0%|          | 216576/50000000 [13:40:49<3109:37:10,  4.45it/s]  0%|          | 217088/50000000 [13:42:51<3166:13:43,  4.37it/s]  0%|          | 217600/50000000 [13:44:45<3134:19:27,  4.41it/s]  0%|          | 218112/50000000 [13:46:39<3124:39:43,  4.43it/s]  0%|          | 218624/50000000 [13:48:26<3054:42:53,  4.53it/s]  0%|          | 219136/50000000 [13:50:27<3118:32:13,  4.43it/s]  0%|          | 219648/50000000 [13:52:27<3153:03:53,  4.39it/s]  0%|          | 220160/50000000 [13:54:22<3135:33:03,  4.41it/s]  0%|          | 220672/50000000 [13:56:12<3090:18:58,  4.47it/s]  0%|          | 221184/50000000 [13:58:03<3059:23:27,  4.52it/s]  0%|          | 221696/50000000 [13:59:59<3083:06:10,  4.48it/s]  0%|          | 222208/50000000 [14:01:52<3076:18:12,  4.49it/s]  0%|          | 222720/50000000 [14:03:48<3087:47:03,  4.48it/s]  0%|          | 223232/50000000 [14:05:46<3119:03:01,  4.43it/s]  0%|          | 223744/50000000 [14:07:45<3149:07:23,  4.39it/s]  0%|          | 224256/50000000 [14:09:35<3094:25:15,  4.47it/s]  0%|          | 224768/50000000 [14:11:28<3083:17:11,  4.48it/s]  0%|          | 225280/50000000 [14:13:26<3114:05:13,  4.44it/s]  0%|          | 225792/50000000 [14:15:22<3114:34:53,  4.44it/s]  0%|          | 226304/50000000 [14:17:41<3312:24:29,  4.17it/s]  0%|          | 226816/50000000 [14:19:44<3308:43:19,  4.18it/s]  0%|          | 227328/50000000 [14:21:40<3256:03:36,  4.25it/s]  0%|          | 227840/50000000 [14:23:31<3178:18:27,  4.35it/s]  0%|          | 228352/50000000 [14:25:31<3198:30:56,  4.32it/s]  0%|          | 228864/50000000 [14:27:27<3179:14:58,  4.35it/s]  0%|          | 229376/50000000 [14:29:15<3098:08:30,  4.46it/s]  0%|          | 229888/50000000 [14:31:14<3137:20:14,  4.41it/s]  0%|          | 230400/50000000 [14:33:15<3173:41:16,  4.36it/s]  0%|          | 230912/50000000 [14:35:06<3121:38:35,  4.43it/s]  0%|          | 231424/50000000 [14:37:21<3279:47:39,  4.22it/s]  0%|          | 231936/50000000 [14:39:21<3269:45:12,  4.23it/s]  0%|          | 232448/50000000 [14:41:22<3265:38:52,  4.23it/s]  0%|          | 232960/50000000 [14:43:19<3233:18:54,  4.28it/s]  0%|          | 233472/50000000 [14:45:12<3181:16:28,  4.35it/s]  0%|          | 233984/50000000 [14:47:09<3175:45:39,  4.35it/s]  0%|          | 234496/50000000 [14:49:08<3183:00:19,  4.34it/s]  0%|          | 235008/50000000 [14:51:11<3223:25:23,  4.29it/s]  0%|          | 235520/50000000 [14:53:08<3206:12:51,  4.31it/s]  0%|          | 236032/50000000 [14:55:00<3147:54:29,  4.39it/s]  0%|          | 236544/50000000 [14:56:56<3143:01:02,  4.40it/s]  0%|          | 237056/50000000 [14:58:50<3124:01:43,  4.42it/s]  0%|          | 237568/50000000 [15:00:49<3154:45:47,  4.38it/s]  0%|          | 238080/50000000 [15:02:51<3194:35:38,  4.33it/s]  0%|          | 238592/50000000 [15:04:47<3174:25:55,  4.35it/s]  0%|          | 239104/50000000 [15:06:33<3080:59:07,  4.49it/s]  0%|          | 239616/50000000 [15:08:32<3121:46:37,  4.43it/s]  0%|          | 240128/50000000 [15:10:30<3137:00:50,  4.41it/s]  0%|          | 240640/50000000 [15:12:15<3053:38:29,  4.53it/s]  0%|          | 241152/50000000 [15:14:19<3138:44:07,  4.40it/s]  0%|          | 241664/50000000 [15:16:38<3320:35:52,  4.16it/s]  0%|          | 242176/50000000 [15:18:40<3310:54:38,  4.17it/s]  0%|          | 242688/50000000 [15:20:38<3272:19:50,  4.22it/s]  0%|          | 243200/50000000 [15:22:32<3220:06:45,  4.29it/s]  0%|          | 243712/50000000 [15:24:28<3191:21:20,  4.33it/s]  0%|          | 244224/50000000 [15:26:24<3169:34:27,  4.36it/s]  0%|          | 244736/50000000 [15:28:17<3138:04:36,  4.40it/s]  0%|          | 245248/50000000 [15:30:15<3151:23:21,  4.39it/s]  0%|          | 245760/50000000 [15:32:04<3087:54:01,  4.48it/s]  0%|          | 246272/50000000 [15:33:45<2977:02:55,  4.64it/s]  0%|          | 246784/50000000 [15:35:35<2975:20:34,  4.64it/s]  0%|          | 247296/50000000 [15:37:33<3038:12:23,  4.55it/s]  0%|          | 247808/50000000 [15:39:28<3057:06:58,  4.52it/s]  0%|          | 248320/50000000 [15:41:22<3069:18:18,  4.50it/s]  0%|          | 248832/50000000 [15:43:13<3047:38:02,  4.53it/s]  0%|          | 249344/50000000 [15:45:00<2998:58:45,  4.61it/s]  0%|          | 249856/50000000 [15:46:54<3022:50:59,  4.57it/s]  1%|          | 250368/50000000 [15:48:48<3032:31:40,  4.56it/s]  1%|          | 250880/50000000 [15:50:47<3090:29:55,  4.47it/s]  1%|          | 251392/50000000 [15:52:40<3075:20:39,  4.49it/s]  1%|          | 251904/50000000 [15:54:45<3168:33:33,  4.36it/s]  1%|          | 252416/50000000 [15:56:35<3106:40:39,  4.45it/s]  1%|          | 252928/50000000 [15:58:28<3092:17:19,  4.47it/s]  1%|          | 253440/50000000 [16:00:32<3165:31:53,  4.37it/s]  1%|          | 253952/50000000 [16:02:28<3152:47:27,  4.38it/s]  1%|          | 254464/50000000 [16:04:25<3156:31:09,  4.38it/s]  1%|          | 254976/50000000 [16:06:30<3218:47:25,  4.29it/s]  1%|          | 255488/50000000 [16:08:28<3213:37:45,  4.30it/s]  1%|          | 256000/50000000 [16:10:32<3251:03:54,  4.25it/s]  1%|          | 256512/50000000 [16:12:24<3183:38:40,  4.34it/s]  1%|          | 257024/50000000 [16:14:25<3211:11:16,  4.30it/s]  1%|          | 257536/50000000 [16:16:17<3154:05:01,  4.38it/s]  1%|          | 258048/50000000 [16:18:12<3137:01:06,  4.40it/s]  1%|          | 258560/50000000 [16:20:00<3072:14:59,  4.50it/s]  1%|          | 259072/50000000 [16:21:53<3060:29:05,  4.51it/s]  1%|          | 259584/50000000 [16:23:45<3047:10:04,  4.53it/s]  1%|          | 260096/50000000 [16:25:45<3107:59:44,  4.45it/s]  1%|          | 260608/50000000 [16:27:48<3173:48:34,  4.35it/s]  1%|          | 261120/50000000 [16:29:50<3210:17:54,  4.30it/s]  1%|          | 261632/50000000 [16:31:45<3178:32:21,  4.35it/s]  1%|          | 262144/50000000 [16:34:04<3343:33:20,  4.13it/s]  1%|          | 262656/50000000 [16:36:04<3318:34:48,  4.16it/s]  1%|          | 263168/50000000 [16:37:54<3212:10:35,  4.30it/s]  1%|          | 263680/50000000 [16:39:46<3155:14:30,  4.38it/s]  1%|          | 264192/50000000 [16:41:38<3114:32:25,  4.44it/s]  1%|          | 264704/50000000 [16:43:41<3172:44:45,  4.35it/s]  1%|          | 265216/50000000 [16:45:43<3207:04:36,  4.31it/s]  1%|          | 265728/50000000 [16:47:34<3144:01:07,  4.39it/s]  1%|          | 266240/50000000 [16:49:19<3053:26:47,  4.52it/s]  1%|          | 266752/50000000 [16:51:14<3070:14:46,  4.50it/s]  1%|          | 267264/50000000 [16:53:11<3091:14:01,  4.47it/s]  1%|          | 267776/50000000 [16:55:04<3080:38:40,  4.48it/s]  1%|          | 268288/50000000 [16:57:11<3182:28:51,  4.34it/s]  1%|          | 268800/50000000 [16:59:05<3149:23:15,  4.39it/s]  1%|          | 269312/50000000 [17:00:56<3109:04:09,  4.44it/s]  1%|          | 269824/50000000 [17:02:56<3143:06:55,  4.39it/s]Process SpawnProcess-12:
Process SpawnProcess-10:
Process SpawnProcess-16:
Process SpawnProcess-14:
Process SpawnProcess-13:
Process SpawnProcess-11:
Process SpawnProcess-15:
Process SpawnProcess-7:
Process SpawnProcess-9:
Process SpawnProcess-4:
Process SpawnProcess-6:
Process SpawnProcess-5:
Process SpawnProcess-8:
Process SpawnProcess-2:
Process SpawnProcess-3:
Process SpawnProcess-1:
Traceback (most recent call last):
  File "/vol/bitbucket/osella/pyenv/versions/qecc1/lib/python3.10/site-packages/torchrl/objectives/ppo.py", line 678, in _get_cur_log_prob
    dist = self.actor_network.get_dist(tensordict)
  File "/vol/bitbucket/osella/pyenv/versions/qecc1/lib/python3.10/site-packages/tensordict/nn/probabilistic.py", line 1360, in get_dist
Traceback (most recent call last):
  File "/vol/bitbucket/osella/pyenv/versions/3.10.16/lib/python3.10/multiprocessing/process.py", line 314, in _bootstrap
    self.run()
  File "/vol/bitbucket/osella/pyenv/versions/3.10.16/lib/python3.10/multiprocessing/process.py", line 108, in run
    self._target(*self._args, **self._kwargs)
  File "/vol/bitbucket/osella/pyenv/versions/qecc1/lib/python3.10/site-packages/torchrl/envs/batched_envs.py", line 2830, in _run_worker_pipe_shared_mem
    if child_pipe.poll(_timeout):
  File "/vol/bitbucket/osella/pyenv/versions/3.10.16/lib/python3.10/multiprocessing/connection.py", line 257, in poll
    return self._poll(timeout)
  File "/vol/bitbucket/osella/pyenv/versions/3.10.16/lib/python3.10/multiprocessing/connection.py", line 424, in _poll
    r = wait([self], timeout)
  File "/vol/bitbucket/osella/pyenv/versions/3.10.16/lib/python3.10/multiprocessing/connection.py", line 931, in wait
    ready = selector.select(timeout)
  File "/vol/bitbucket/osella/pyenv/versions/3.10.16/lib/python3.10/selectors.py", line 416, in select
    fd_event_list = self._selector.poll(timeout)
KeyboardInterrupt
Traceback (most recent call last):
  File "/vol/bitbucket/osella/pyenv/versions/3.10.16/lib/python3.10/multiprocessing/process.py", line 314, in _bootstrap
    self.run()
Traceback (most recent call last):
  File "/vol/bitbucket/osella/pyenv/versions/3.10.16/lib/python3.10/multiprocessing/process.py", line 108, in run
    self._target(*self._args, **self._kwargs)
  File "/vol/bitbucket/osella/pyenv/versions/qecc1/lib/python3.10/site-packages/torchrl/envs/batched_envs.py", line 2830, in _run_worker_pipe_shared_mem
    if child_pipe.poll(_timeout):
  File "/vol/bitbucket/osella/pyenv/versions/3.10.16/lib/python3.10/multiprocessing/connection.py", line 257, in poll
    return self._poll(timeout)
  File "/vol/bitbucket/osella/pyenv/versions/3.10.16/lib/python3.10/multiprocessing/connection.py", line 424, in _poll
    r = wait([self], timeout)
  File "/vol/bitbucket/osella/pyenv/versions/3.10.16/lib/python3.10/multiprocessing/connection.py", line 931, in wait
    ready = selector.select(timeout)
  File "/vol/bitbucket/osella/pyenv/versions/3.10.16/lib/python3.10/selectors.py", line 416, in select
    fd_event_list = self._selector.poll(timeout)
  File "/vol/bitbucket/osella/pyenv/versions/3.10.16/lib/python3.10/multiprocessing/process.py", line 314, in _bootstrap
    self.run()
  File "/vol/bitbucket/osella/pyenv/versions/3.10.16/lib/python3.10/multiprocessing/process.py", line 108, in run
    self._target(*self._args, **self._kwargs)
KeyboardInterrupt
  File "/vol/bitbucket/osella/pyenv/versions/qecc1/lib/python3.10/site-packages/torchrl/envs/batched_envs.py", line 2830, in _run_worker_pipe_shared_mem
    if child_pipe.poll(_timeout):
  File "/vol/bitbucket/osella/pyenv/versions/3.10.16/lib/python3.10/multiprocessing/connection.py", line 257, in poll
    return self._poll(timeout)
  File "/vol/bitbucket/osella/pyenv/versions/3.10.16/lib/python3.10/multiprocessing/connection.py", line 424, in _poll
    r = wait([self], timeout)
  File "/vol/bitbucket/osella/pyenv/versions/3.10.16/lib/python3.10/multiprocessing/connection.py", line 931, in wait
    ready = selector.select(timeout)
  File "/vol/bitbucket/osella/pyenv/versions/3.10.16/lib/python3.10/selectors.py", line 416, in select
    fd_event_list = self._selector.poll(timeout)
KeyboardInterrupt
Traceback (most recent call last):
Traceback (most recent call last):
  File "/vol/bitbucket/osella/pyenv/versions/3.10.16/lib/python3.10/multiprocessing/process.py", line 314, in _bootstrap
    self.run()
  File "/vol/bitbucket/osella/pyenv/versions/3.10.16/lib/python3.10/multiprocessing/process.py", line 108, in run
    self._target(*self._args, **self._kwargs)
  File "/vol/bitbucket/osella/pyenv/versions/qecc1/lib/python3.10/site-packages/torchrl/envs/batched_envs.py", line 2830, in _run_worker_pipe_shared_mem
    if child_pipe.poll(_timeout):
  File "/vol/bitbucket/osella/pyenv/versions/3.10.16/lib/python3.10/multiprocessing/connection.py", line 257, in poll
    return self._poll(timeout)
  File "/vol/bitbucket/osella/pyenv/versions/3.10.16/lib/python3.10/multiprocessing/connection.py", line 424, in _poll
    r = wait([self], timeout)
  File "/vol/bitbucket/osella/pyenv/versions/3.10.16/lib/python3.10/multiprocessing/connection.py", line 931, in wait
    ready = selector.select(timeout)
  File "/vol/bitbucket/osella/pyenv/versions/3.10.16/lib/python3.10/selectors.py", line 416, in select
    fd_event_list = self._selector.poll(timeout)
  File "/vol/bitbucket/osella/pyenv/versions/3.10.16/lib/python3.10/multiprocessing/process.py", line 314, in _bootstrap
    self.run()
KeyboardInterrupt
  File "/vol/bitbucket/osella/pyenv/versions/3.10.16/lib/python3.10/multiprocessing/process.py", line 108, in run
    self._target(*self._args, **self._kwargs)
  File "/vol/bitbucket/osella/pyenv/versions/qecc1/lib/python3.10/site-packages/torchrl/envs/batched_envs.py", line 2830, in _run_worker_pipe_shared_mem
    if child_pipe.poll(_timeout):
  File "/vol/bitbucket/osella/pyenv/versions/3.10.16/lib/python3.10/multiprocessing/connection.py", line 257, in poll
    return self._poll(timeout)
  File "/vol/bitbucket/osella/pyenv/versions/3.10.16/lib/python3.10/multiprocessing/connection.py", line 424, in _poll
    r = wait([self], timeout)
  File "/vol/bitbucket/osella/pyenv/versions/3.10.16/lib/python3.10/multiprocessing/connection.py", line 931, in wait
    ready = selector.select(timeout)
  File "/vol/bitbucket/osella/pyenv/versions/3.10.16/lib/python3.10/selectors.py", line 416, in select
    fd_event_list = self._selector.poll(timeout)
KeyboardInterrupt
Traceback (most recent call last):
  File "/vol/bitbucket/osella/pyenv/versions/3.10.16/lib/python3.10/multiprocessing/process.py", line 314, in _bootstrap
    self.run()
  File "/vol/bitbucket/osella/pyenv/versions/3.10.16/lib/python3.10/multiprocessing/process.py", line 108, in run
    self._target(*self._args, **self._kwargs)
  File "/vol/bitbucket/osella/pyenv/versions/qecc1/lib/python3.10/site-packages/torchrl/envs/batched_envs.py", line 2830, in _run_worker_pipe_shared_mem
    if child_pipe.poll(_timeout):
  File "/vol/bitbucket/osella/pyenv/versions/3.10.16/lib/python3.10/multiprocessing/connection.py", line 257, in poll
    return self._poll(timeout)
  File "/vol/bitbucket/osella/pyenv/versions/3.10.16/lib/python3.10/multiprocessing/connection.py", line 424, in _poll
    r = wait([self], timeout)
  File "/vol/bitbucket/osella/pyenv/versions/3.10.16/lib/python3.10/multiprocessing/connection.py", line 931, in wait
    ready = selector.select(timeout)
  File "/vol/bitbucket/osella/pyenv/versions/3.10.16/lib/python3.10/selectors.py", line 416, in select
    fd_event_list = self._selector.poll(timeout)
KeyboardInterrupt
Traceback (most recent call last):
  File "/vol/bitbucket/osella/pyenv/versions/3.10.16/lib/python3.10/multiprocessing/process.py", line 314, in _bootstrap
    self.run()
  File "/vol/bitbucket/osella/pyenv/versions/3.10.16/lib/python3.10/multiprocessing/process.py", line 108, in run
    self._target(*self._args, **self._kwargs)
  File "/vol/bitbucket/osella/pyenv/versions/qecc1/lib/python3.10/site-packages/torchrl/envs/batched_envs.py", line 2830, in _run_worker_pipe_shared_mem
    if child_pipe.poll(_timeout):
  File "/vol/bitbucket/osella/pyenv/versions/3.10.16/lib/python3.10/multiprocessing/connection.py", line 257, in poll
    return self._poll(timeout)
  File "/vol/bitbucket/osella/pyenv/versions/3.10.16/lib/python3.10/multiprocessing/connection.py", line 424, in _poll
    r = wait([self], timeout)
  File "/vol/bitbucket/osella/pyenv/versions/3.10.16/lib/python3.10/multiprocessing/connection.py", line 931, in wait
    ready = selector.select(timeout)
  File "/vol/bitbucket/osella/pyenv/versions/3.10.16/lib/python3.10/selectors.py", line 416, in select
    fd_event_list = self._selector.poll(timeout)
KeyboardInterrupt
Traceback (most recent call last):
  File "/vol/bitbucket/osella/pyenv/versions/3.10.16/lib/python3.10/multiprocessing/process.py", line 314, in _bootstrap
    self.run()
  File "/vol/bitbucket/osella/pyenv/versions/3.10.16/lib/python3.10/multiprocessing/process.py", line 108, in run
    self._target(*self._args, **self._kwargs)
  File "/vol/bitbucket/osella/pyenv/versions/qecc1/lib/python3.10/site-packages/torchrl/envs/batched_envs.py", line 2830, in _run_worker_pipe_shared_mem
    if child_pipe.poll(_timeout):
  File "/vol/bitbucket/osella/pyenv/versions/3.10.16/lib/python3.10/multiprocessing/connection.py", line 257, in poll
    return self._poll(timeout)
  File "/vol/bitbucket/osella/pyenv/versions/3.10.16/lib/python3.10/multiprocessing/connection.py", line 424, in _poll
    r = wait([self], timeout)
  File "/vol/bitbucket/osella/pyenv/versions/3.10.16/lib/python3.10/multiprocessing/connection.py", line 931, in wait
    ready = selector.select(timeout)
  File "/vol/bitbucket/osella/pyenv/versions/3.10.16/lib/python3.10/selectors.py", line 416, in select
    fd_event_list = self._selector.poll(timeout)
KeyboardInterrupt
Traceback (most recent call last):
  File "/vol/bitbucket/osella/pyenv/versions/3.10.16/lib/python3.10/multiprocessing/process.py", line 314, in _bootstrap
    self.run()
  File "/vol/bitbucket/osella/pyenv/versions/3.10.16/lib/python3.10/multiprocessing/process.py", line 108, in run
    self._target(*self._args, **self._kwargs)
  File "/vol/bitbucket/osella/pyenv/versions/qecc1/lib/python3.10/site-packages/torchrl/envs/batched_envs.py", line 2830, in _run_worker_pipe_shared_mem
    if child_pipe.poll(_timeout):
  File "/vol/bitbucket/osella/pyenv/versions/3.10.16/lib/python3.10/multiprocessing/connection.py", line 257, in poll
    return self._poll(timeout)
  File "/vol/bitbucket/osella/pyenv/versions/3.10.16/lib/python3.10/multiprocessing/connection.py", line 424, in _poll
    r = wait([self], timeout)
  File "/vol/bitbucket/osella/pyenv/versions/3.10.16/lib/python3.10/multiprocessing/connection.py", line 931, in wait
    ready = selector.select(timeout)
  File "/vol/bitbucket/osella/pyenv/versions/3.10.16/lib/python3.10/selectors.py", line 416, in select
    fd_event_list = self._selector.poll(timeout)
KeyboardInterrupt
Traceback (most recent call last):
  File "/vol/bitbucket/osella/pyenv/versions/3.10.16/lib/python3.10/multiprocessing/process.py", line 314, in _bootstrap
    self.run()
  File "/vol/bitbucket/osella/pyenv/versions/3.10.16/lib/python3.10/multiprocessing/process.py", line 108, in run
    self._target(*self._args, **self._kwargs)
  File "/vol/bitbucket/osella/pyenv/versions/qecc1/lib/python3.10/site-packages/torchrl/envs/batched_envs.py", line 2830, in _run_worker_pipe_shared_mem
    if child_pipe.poll(_timeout):
  File "/vol/bitbucket/osella/pyenv/versions/3.10.16/lib/python3.10/multiprocessing/connection.py", line 257, in poll
    return self._poll(timeout)
  File "/vol/bitbucket/osella/pyenv/versions/3.10.16/lib/python3.10/multiprocessing/connection.py", line 424, in _poll
    r = wait([self], timeout)
  File "/vol/bitbucket/osella/pyenv/versions/3.10.16/lib/python3.10/multiprocessing/connection.py", line 931, in wait
    ready = selector.select(timeout)
  File "/vol/bitbucket/osella/pyenv/versions/3.10.16/lib/python3.10/selectors.py", line 416, in select
    fd_event_list = self._selector.poll(timeout)
KeyboardInterrupt
Traceback (most recent call last):
Traceback (most recent call last):
  File "/vol/bitbucket/osella/pyenv/versions/3.10.16/lib/python3.10/multiprocessing/process.py", line 314, in _bootstrap
    self.run()
Traceback (most recent call last):
  File "/vol/bitbucket/osella/pyenv/versions/3.10.16/lib/python3.10/multiprocessing/process.py", line 108, in run
    self._target(*self._args, **self._kwargs)
  File "/vol/bitbucket/osella/pyenv/versions/qecc1/lib/python3.10/site-packages/torchrl/envs/batched_envs.py", line 2830, in _run_worker_pipe_shared_mem
    if child_pipe.poll(_timeout):
  File "/vol/bitbucket/osella/pyenv/versions/3.10.16/lib/python3.10/multiprocessing/connection.py", line 257, in poll
    return self._poll(timeout)
  File "/vol/bitbucket/osella/pyenv/versions/3.10.16/lib/python3.10/multiprocessing/connection.py", line 424, in _poll
    r = wait([self], timeout)
  File "/vol/bitbucket/osella/pyenv/versions/3.10.16/lib/python3.10/multiprocessing/connection.py", line 931, in wait
    ready = selector.select(timeout)
Traceback (most recent call last):
  File "/vol/bitbucket/osella/pyenv/versions/3.10.16/lib/python3.10/selectors.py", line 416, in select
    fd_event_list = self._selector.poll(timeout)
  File "/vol/bitbucket/osella/pyenv/versions/3.10.16/lib/python3.10/multiprocessing/process.py", line 314, in _bootstrap
    self.run()
  File "/vol/bitbucket/osella/pyenv/versions/3.10.16/lib/python3.10/multiprocessing/process.py", line 108, in run
    self._target(*self._args, **self._kwargs)
KeyboardInterrupt
  File "/vol/bitbucket/osella/pyenv/versions/3.10.16/lib/python3.10/multiprocessing/process.py", line 314, in _bootstrap
    self.run()
  File "/vol/bitbucket/osella/pyenv/versions/qecc1/lib/python3.10/site-packages/torchrl/envs/batched_envs.py", line 2830, in _run_worker_pipe_shared_mem
    if child_pipe.poll(_timeout):
  File "/vol/bitbucket/osella/pyenv/versions/3.10.16/lib/python3.10/multiprocessing/process.py", line 108, in run
    self._target(*self._args, **self._kwargs)
  File "/vol/bitbucket/osella/pyenv/versions/3.10.16/lib/python3.10/multiprocessing/connection.py", line 257, in poll
    return self._poll(timeout)
  File "/vol/bitbucket/osella/pyenv/versions/qecc1/lib/python3.10/site-packages/torchrl/envs/batched_envs.py", line 2830, in _run_worker_pipe_shared_mem
    if child_pipe.poll(_timeout):
  File "/vol/bitbucket/osella/pyenv/versions/3.10.16/lib/python3.10/multiprocessing/connection.py", line 424, in _poll
    r = wait([self], timeout)
  File "/vol/bitbucket/osella/pyenv/versions/3.10.16/lib/python3.10/multiprocessing/connection.py", line 257, in poll
    return self._poll(timeout)
  File "/vol/bitbucket/osella/pyenv/versions/3.10.16/lib/python3.10/multiprocessing/connection.py", line 931, in wait
    ready = selector.select(timeout)
  File "/vol/bitbucket/osella/pyenv/versions/3.10.16/lib/python3.10/multiprocessing/connection.py", line 424, in _poll
    r = wait([self], timeout)
  File "/vol/bitbucket/osella/pyenv/versions/3.10.16/lib/python3.10/multiprocessing/process.py", line 314, in _bootstrap
    self.run()
  File "/vol/bitbucket/osella/pyenv/versions/3.10.16/lib/python3.10/selectors.py", line 416, in select
    fd_event_list = self._selector.poll(timeout)
  File "/vol/bitbucket/osella/pyenv/versions/3.10.16/lib/python3.10/multiprocessing/connection.py", line 931, in wait
    ready = selector.select(timeout)
  File "/vol/bitbucket/osella/pyenv/versions/3.10.16/lib/python3.10/multiprocessing/process.py", line 108, in run
    self._target(*self._args, **self._kwargs)
  File "/vol/bitbucket/osella/pyenv/versions/3.10.16/lib/python3.10/selectors.py", line 416, in select
    fd_event_list = self._selector.poll(timeout)
  File "/vol/bitbucket/osella/pyenv/versions/qecc1/lib/python3.10/site-packages/torchrl/envs/batched_envs.py", line 2830, in _run_worker_pipe_shared_mem
    if child_pipe.poll(_timeout):
  File "/vol/bitbucket/osella/pyenv/versions/3.10.16/lib/python3.10/multiprocessing/connection.py", line 257, in poll
    return self._poll(timeout)
Traceback (most recent call last):
  File "/vol/bitbucket/osella/pyenv/versions/3.10.16/lib/python3.10/multiprocessing/connection.py", line 424, in _poll
    r = wait([self], timeout)
KeyboardInterrupt
  File "/vol/bitbucket/osella/pyenv/versions/3.10.16/lib/python3.10/multiprocessing/connection.py", line 931, in wait
    ready = selector.select(timeout)
KeyboardInterrupt
  File "/vol/bitbucket/osella/pyenv/versions/3.10.16/lib/python3.10/selectors.py", line 416, in select
    fd_event_list = self._selector.poll(timeout)
KeyboardInterrupt
  File "/vol/bitbucket/osella/pyenv/versions/3.10.16/lib/python3.10/multiprocessing/process.py", line 314, in _bootstrap
    self.run()
  File "/vol/bitbucket/osella/pyenv/versions/3.10.16/lib/python3.10/multiprocessing/process.py", line 108, in run
    self._target(*self._args, **self._kwargs)
  File "/vol/bitbucket/osella/pyenv/versions/qecc1/lib/python3.10/site-packages/torchrl/envs/batched_envs.py", line 2830, in _run_worker_pipe_shared_mem
    if child_pipe.poll(_timeout):
  File "/vol/bitbucket/osella/pyenv/versions/3.10.16/lib/python3.10/multiprocessing/connection.py", line 257, in poll
    return self._poll(timeout)
  File "/vol/bitbucket/osella/pyenv/versions/3.10.16/lib/python3.10/multiprocessing/connection.py", line 424, in _poll
    r = wait([self], timeout)
  File "/vol/bitbucket/osella/pyenv/versions/3.10.16/lib/python3.10/multiprocessing/connection.py", line 931, in wait
    ready = selector.select(timeout)
  File "/vol/bitbucket/osella/pyenv/versions/3.10.16/lib/python3.10/selectors.py", line 416, in select
    fd_event_list = self._selector.poll(timeout)
KeyboardInterrupt
Traceback (most recent call last):
  File "/vol/bitbucket/osella/pyenv/versions/3.10.16/lib/python3.10/multiprocessing/process.py", line 314, in _bootstrap
    self.run()
  File "/vol/bitbucket/osella/pyenv/versions/3.10.16/lib/python3.10/multiprocessing/process.py", line 108, in run
    self._target(*self._args, **self._kwargs)
  File "/vol/bitbucket/osella/pyenv/versions/qecc1/lib/python3.10/site-packages/torchrl/envs/batched_envs.py", line 2830, in _run_worker_pipe_shared_mem
    if child_pipe.poll(_timeout):
  File "/vol/bitbucket/osella/pyenv/versions/3.10.16/lib/python3.10/multiprocessing/connection.py", line 257, in poll
    return self._poll(timeout)
  File "/vol/bitbucket/osella/pyenv/versions/3.10.16/lib/python3.10/multiprocessing/connection.py", line 424, in _poll
    r = wait([self], timeout)
  File "/vol/bitbucket/osella/pyenv/versions/3.10.16/lib/python3.10/multiprocessing/connection.py", line 931, in wait
    ready = selector.select(timeout)
  File "/vol/bitbucket/osella/pyenv/versions/3.10.16/lib/python3.10/selectors.py", line 416, in select
    fd_event_list = self._selector.poll(timeout)
KeyboardInterrupt
    tensordict_out = self.get_dist_params(tensordict, tensordict_out, **kwargs)
  File "/vol/bitbucket/osella/pyenv/versions/qecc1/lib/python3.10/site-packages/tensordict/nn/probabilistic.py", line 1288, in get_dist_params
    return tds(tensordict, tensordict_out, **kwargs)
  File "/vol/bitbucket/osella/pyenv/versions/qecc1/lib/python3.10/site-packages/torch/nn/modules/module.py", line 1776, in _wrapped_call_impl
    return self._call_impl(*args, **kwargs)
  File "/vol/bitbucket/osella/pyenv/versions/qecc1/lib/python3.10/site-packages/torch/nn/modules/module.py", line 1787, in _call_impl
    return forward_call(*args, **kwargs)
  File "/vol/bitbucket/osella/pyenv/versions/qecc1/lib/python3.10/site-packages/tensordict/nn/common.py", line 328, in wrapper
    return func(_self, tensordict, *args, **kwargs)
  File "/vol/bitbucket/osella/pyenv/versions/qecc1/lib/python3.10/site-packages/tensordict/nn/utils.py", line 372, in wrapper
    result = func(_self, tensordict, *args, **kwargs)
  File "/vol/bitbucket/osella/pyenv/versions/qecc1/lib/python3.10/site-packages/tensordict/nn/sequence.py", line 642, in forward
    tensordict_exec = self._run_module(
  File "/vol/bitbucket/osella/pyenv/versions/qecc1/lib/python3.10/site-packages/tensordict/nn/sequence.py", line 588, in _run_module
    tensordict = module(tensordict, **kwargs)
  File "/vol/bitbucket/osella/pyenv/versions/qecc1/lib/python3.10/site-packages/torch/nn/modules/module.py", line 1776, in _wrapped_call_impl
    return self._call_impl(*args, **kwargs)
  File "/vol/bitbucket/osella/pyenv/versions/qecc1/lib/python3.10/site-packages/torch/nn/modules/module.py", line 1787, in _call_impl
    return forward_call(*args, **kwargs)
  File "/vol/bitbucket/osella/pyenv/versions/qecc1/lib/python3.10/site-packages/tensordict/nn/common.py", line 328, in wrapper
    return func(_self, tensordict, *args, **kwargs)
  File "/vol/bitbucket/osella/pyenv/versions/qecc1/lib/python3.10/site-packages/tensordict/nn/utils.py", line 372, in wrapper
    result = func(_self, tensordict, *args, **kwargs)
  File "/vol/bitbucket/osella/pyenv/versions/qecc1/lib/python3.10/site-packages/tensordict/nn/common.py", line 1174, in forward
    tensors_out = self._call_module(tensors, **kwargs)
  File "/vol/bitbucket/osella/pyenv/versions/qecc1/lib/python3.10/site-packages/tensordict/nn/common.py", line 1133, in _call_module
    out = self.module(*tensors, **kwargs)
  File "/vol/bitbucket/osella/pyenv/versions/qecc1/lib/python3.10/site-packages/torch/nn/modules/module.py", line 1776, in _wrapped_call_impl
    return self._call_impl(*args, **kwargs)
  File "/vol/bitbucket/osella/pyenv/versions/qecc1/lib/python3.10/site-packages/torch/nn/modules/module.py", line 1787, in _call_impl
    return forward_call(*args, **kwargs)
  File "/vol/bitbucket/osella/qecc/src/qecc/modelArchitectures.py", line 195, in forward
    mlpOut = self.mlpBranch(abBlock)                   # (B, num_cells)
  File "/vol/bitbucket/osella/pyenv/versions/qecc1/lib/python3.10/site-packages/torch/nn/modules/module.py", line 1776, in _wrapped_call_impl
    return self._call_impl(*args, **kwargs)
  File "/vol/bitbucket/osella/pyenv/versions/qecc1/lib/python3.10/site-packages/torch/nn/modules/module.py", line 1787, in _call_impl
    return forward_call(*args, **kwargs)
  File "/vol/bitbucket/osella/pyenv/versions/qecc1/lib/python3.10/site-packages/torch/nn/modules/container.py", line 253, in forward
    input = module(input)
  File "/vol/bitbucket/osella/pyenv/versions/qecc1/lib/python3.10/site-packages/torch/nn/modules/module.py", line 1776, in _wrapped_call_impl
    return self._call_impl(*args, **kwargs)
  File "/vol/bitbucket/osella/pyenv/versions/qecc1/lib/python3.10/site-packages/torch/nn/modules/module.py", line 1787, in _call_impl
    return forward_call(*args, **kwargs)
  File "/vol/bitbucket/osella/pyenv/versions/qecc1/lib/python3.10/site-packages/torch/nn/modules/linear.py", line 134, in forward
    return F.linear(input, self.weight, self.bias)
KeyboardInterrupt

During handling of the above exception, another exception occurred:

Traceback (most recent call last):
  File "/vol/bitbucket/osella/qecc/src/qecc/reinforcementLearning.py", line 642, in <module>
    loss_vals = loss_module(subdata.to(trainingDevice)) # Note the move of data to training device
  File "/vol/bitbucket/osella/pyenv/versions/qecc1/lib/python3.10/site-packages/torch/nn/modules/module.py", line 1776, in _wrapped_call_impl
    return self._call_impl(*args, **kwargs)
  File "/vol/bitbucket/osella/pyenv/versions/qecc1/lib/python3.10/site-packages/torch/nn/modules/module.py", line 1882, in _call_impl
    return inner()
  File "/vol/bitbucket/osella/pyenv/versions/qecc1/lib/python3.10/site-packages/torch/nn/modules/module.py", line 1830, in inner
    result = forward_call(*args, **kwargs)
  File "/vol/bitbucket/osella/pyenv/versions/qecc1/lib/python3.10/site-packages/torchrl/objectives/common.py", line 54, in new_forward
    return func(self, *args, **kwargs)
  File "/vol/bitbucket/osella/pyenv/versions/qecc1/lib/python3.10/site-packages/tensordict/nn/common.py", line 328, in wrapper
    return func(_self, tensordict, *args, **kwargs)
  File "/vol/bitbucket/osella/pyenv/versions/qecc1/lib/python3.10/site-packages/torchrl/objectives/ppo.py", line 1285, in forward
    log_weight, dist, kl_approx = self._log_weight(
  File "/vol/bitbucket/osella/pyenv/versions/qecc1/lib/python3.10/site-packages/torchrl/objectives/ppo.py", line 730, in _log_weight
    log_prob, dist, is_composite = self._get_cur_log_prob(tensordict)
  File "/vol/bitbucket/osella/pyenv/versions/qecc1/lib/python3.10/site-packages/torchrl/objectives/ppo.py", line 671, in _get_cur_log_prob
    with (
  File "/vol/bitbucket/osella/pyenv/versions/qecc1/lib/python3.10/site-packages/tensordict/base.py", line 394, in __bool__
    raise RuntimeError("Converting a tensordict to boolean value is not permitted")
RuntimeError: Converting a tensordict to boolean value is not permitted
/vol/bitbucket/osella/rl-qecc-data/supervisedLearning/collection/collectWorker3.sh: error reading input file: Stale file handle
/vol/bitbucket/osella/rl-qecc-data/supervisedLearning/collection/labCollectWorker3.sh: error reading input file: Stale file handle
labWorker ash19: started collect pid 3387649 (l=5 m=15) Mon 27 Jul 12:12:29 BST 2026
collectWorker4 ash19: l=5 m=15 procs=4 x envs=3 cores=16 stage=1 Mon 27 Jul 12:12:30 BST 2026
collectWorker4 ash19: launched pids: 3387665 3387685 3387706 3387742
