labWorker ash35: started collect pid 2053835 (l=5 m=15) Sun 26 Jul 13:36:39 BST 2026
collectWorker3 ash35: l=5 m=15 workers=2 seed=392078107 stage=1 Sun 26 Jul 13:36:39 BST 2026
usage: reinforcementLearning.py [-h] [--num-workers NUM_WORKERS]
                                [--num-cells NUM_CELLS]
                                [--seed-for-environment SEED_FOR_ENVIRONMENT]
                                [--lr LR] [--max-grad-norm MAX_GRAD_NORM]
                                [--eval-rollout-length EVAL_ROLLOUT_LENGTH]
                                [--scaling-factor SCALING_FACTOR]
                                [--frames-per-batch FRAMES_PER_BATCH]
                                [--sub-batch-size SUB_BATCH_SIZE]
                                [--num-epochs NUM_EPOCHS]
                                [--clip-epsilon CLIP_EPSILON] [--gamma GAMMA]
                                [--lmbda LMBDA] [--entropy-eps ENTROPY_EPS]
                                [--env-reward-engineering {True,False,true,false}]
                                [--env-minimum-number-of-qubits ENV_MINIMUM_NUMBER_OF_QUBITS]
                                [--log-name LOG_NAME]
                                [--env-error-range {linear5,geometric5,geometric7,geometric10,dataCollection}]
                                [--env-version {qecc/bbcode-v0,qecc/bbcode-ldpc-v0}]
                                [--env-bit-flipping {True,False,true,false}]
                                [--env-l {6,9,15,12,30,21}]
                                [--env-m {3,6,12,18}]
                                [--env-use-dict-observation {True,False,true,false}]
                                [--env-number-of-decoder-iterations ENV_NUMBER_OF_DECODER_ITERATIONS]
                                [--env-number-of-samples ENV_NUMBER_OF_SAMPLES]
                                [--env-code-logging {true,True,false,False}]
                                [--model-architecture {mlp,hybrid}]
                                [--model-surrogate-model-path MODEL_SURROGATE_MODEL_PATH]
                                [--model-use-pretrained-encoder {True,False,true,false}]
                                [--index-to-unfreeze-encoder-updates INDEX_TO_UNFREEZE_ENCODER_UPDATES]
                                [--encoder-lr-factor ENCODER_LR_FACTOR]
                                [--training-device {cpu,cuda,auto}]
reinforcementLearning.py: error: argument --env-l: invalid choice: 5 (choose from 6, 9, 15, 12, 30, 21)
collectWorker3 ash35: ended Sun 26 Jul 13:37:02 BST 2026
labWorker ash35: collect ended naturally Sun 26 Jul 13:41:39 BST 2026
labWorker ash35: started collect pid 2283873 (l=5 m=15) Sun 26 Jul 18:22:23 BST 2026
collectWorker3 ash35: l=5 m=15 workers=2 seed=392078107 stage=1 Sun 26 Jul 18:22:23 BST 2026
Creating log dir /data/osella/collectStage/2026-07-26_18-23-29_2283888...
Checking the directory was created: True
Training begins on:
2026-07-26 18:23:48 Sunday
  0%|          | 0/50000000 [00:00<?, ?it/s]Process SpawnProcess-1:
Traceback (most recent call last):
Process SpawnProcess-2:
  File "/vol/bitbucket/osella/pyenv/versions/qecc1/lib/python3.10/site-packages/torch/utils/_contextlib.py", line 124, in decorate_context
    return func(*args, **kwargs)
  File "/vol/bitbucket/osella/pyenv/versions/qecc1/lib/python3.10/site-packages/torchrl/envs/batched_envs.py", line 122, in decorated_fun
    return fun(self, *args, **kwargs)
  File "/vol/bitbucket/osella/pyenv/versions/qecc1/lib/python3.10/site-packages/torchrl/envs/batched_envs.py", line 2027, in step_and_maybe_reset
    self._wait_for_workers(workers_range)
  File "/vol/bitbucket/osella/pyenv/versions/qecc1/lib/python3.10/site-packages/torchrl/envs/batched_envs.py", line 2154, in _wait_for_workers
    if all_done:
KeyboardInterrupt

During handling of the above exception, another exception occurred:

Traceback (most recent call last):
  File "/vol/bitbucket/osella/pyenv/versions/qecc1/lib/python3.10/site-packages/torchrl/collectors/_single.py", line 1807, in rollout
Traceback (most recent call last):
  File "/vol/bitbucket/osella/pyenv/versions/3.10.16/lib/python3.10/multiprocessing/process.py", line 314, in _bootstrap
    self.run()
  File "/vol/bitbucket/osella/pyenv/versions/3.10.16/lib/python3.10/multiprocessing/process.py", line 108, in run
    self._target(*self._args, **self._kwargs)
  File "/vol/bitbucket/osella/pyenv/versions/qecc1/lib/python3.10/site-packages/torchrl/envs/batched_envs.py", line 2830, in _run_worker_pipe_shared_mem
    if child_pipe.poll(_timeout):
  File "/vol/bitbucket/osella/pyenv/versions/3.10.16/lib/python3.10/multiprocessing/connection.py", line 257, in poll
    return self._poll(timeout)
  File "/vol/bitbucket/osella/pyenv/versions/3.10.16/lib/python3.10/multiprocessing/connection.py", line 424, in _poll
    r = wait([self], timeout)
  File "/vol/bitbucket/osella/pyenv/versions/3.10.16/lib/python3.10/multiprocessing/connection.py", line 931, in wait
    ready = selector.select(timeout)
  File "/vol/bitbucket/osella/pyenv/versions/3.10.16/lib/python3.10/selectors.py", line 416, in select
    fd_event_list = self._selector.poll(timeout)
KeyboardInterrupt
    env_output, env_next_output = self.env.step_and_maybe_reset(env_input)
  File "/vol/bitbucket/osella/pyenv/versions/qecc1/lib/python3.10/site-packages/torch/utils/_contextlib.py", line 123, in decorate_context
    with ctx_factory():
  File "/vol/bitbucket/osella/pyenv/versions/qecc1/lib/python3.10/site-packages/torch/autograd/grad_mode.py", line 85, in __exit__
    torch.set_grad_enabled(self.prev)
  File "/vol/bitbucket/osella/pyenv/versions/qecc1/lib/python3.10/site-packages/torch/autograd/grad_mode.py", line 184, in __init__
    def __init__(self, mode: bool) -> None:
KeyboardInterrupt

During handling of the above exception, another exception occurred:

Traceback (most recent call last):
  File "/vol/bitbucket/osella/qecc/src/qecc/reinforcementLearning.py", line 623, in <module>
    for i, tensordict_data in enumerate(collector):
  File "/vol/bitbucket/osella/pyenv/versions/qecc1/lib/python3.10/site-packages/torchrl/collectors/_base.py", line 1277, in __iter__
    yield from self.iterator()
  File "/vol/bitbucket/osella/pyenv/versions/qecc1/lib/python3.10/site-packages/torchrl/collectors/_single.py", line 1494, in iterator
    tensordict_out = self.rollout()
  File "/vol/bitbucket/osella/pyenv/versions/qecc1/lib/python3.10/site-packages/torchrl/_utils.py", line 652, in unpack_rref_and_invoke_function
Traceback (most recent call last):
  File "/vol/bitbucket/osella/pyenv/versions/3.10.16/lib/python3.10/multiprocessing/process.py", line 314, in _bootstrap
    self.run()
  File "/vol/bitbucket/osella/pyenv/versions/3.10.16/lib/python3.10/multiprocessing/process.py", line 108, in run
    self._target(*self._args, **self._kwargs)
  File "/vol/bitbucket/osella/pyenv/versions/qecc1/lib/python3.10/site-packages/torchrl/envs/batched_envs.py", line 2975, in _run_worker_pipe_shared_mem
    td, root_next_td = env.step_and_maybe_reset(input)
  File "/vol/bitbucket/osella/pyenv/versions/qecc1/lib/python3.10/site-packages/torchrl/envs/common.py", line 4061, in step_and_maybe_reset
    return self._step_and_maybe_reset(tensordict)
  File "/vol/bitbucket/osella/pyenv/versions/qecc1/lib/python3.10/site-packages/torchrl/envs/common.py", line 4107, in _step_and_maybe_reset
    tensordict = self.step(tensordict)
  File "/vol/bitbucket/osella/pyenv/versions/qecc1/lib/python3.10/site-packages/torchrl/envs/common.py", line 2353, in step
    next_tensordict = self._step(tensordict)
  File "/vol/bitbucket/osella/pyenv/versions/qecc1/lib/python3.10/site-packages/torchrl/envs/transforms/_base.py", line 1349, in _step
    next_tensordict = self.base_env._step(tensordict_in)
  File "/vol/bitbucket/osella/pyenv/versions/qecc1/lib/python3.10/site-packages/torchrl/envs/gym_like.py", line 452, in _step
    step_result = self._env.step(action)
  File "/vol/bitbucket/osella/pyenv/versions/qecc1/lib/python3.10/site-packages/gymnasium/wrappers/common.py", line 393, in step
    return super().step(action)
  File "/vol/bitbucket/osella/pyenv/versions/qecc1/lib/python3.10/site-packages/gymnasium/core.py", line 327, in step
    return self.env.step(action)
  File "/vol/bitbucket/osella/qecc/src/qecc/bb_gym_v_0_1.py", line 205, in step
    logicalErrorRate = self.decoderEvaluation(self.seed)
    return func(self, *args, **kwargs)
  File "/vol/bitbucket/osella/qecc/src/qecc/bb_gym_v_0_1.py", line 252, in decoderEvaluation
    estimatedErrorZ = bpDecoderHx.decode(self.Hx.dot(errorZ)%2)
  File "/vol/bitbucket/osella/pyenv/versions/qecc1/lib/python3.10/site-packages/torch/utils/_contextlib.py", line 124, in decorate_context
KeyboardInterrupt
    return func(*args, **kwargs)
  File "/vol/bitbucket/osella/pyenv/versions/qecc1/lib/python3.10/site-packages/torchrl/collectors/_single.py", line 1736, in rollout
    with set_exploration_type(self.exploration_type):
  File "/vol/bitbucket/osella/pyenv/versions/qecc1/lib/python3.10/site-packages/tensordict/nn/probabilistic.py", line 156, in __exit__
    def __exit__(self, exc_type: Any, exc_value: Any, traceback: Any) -> None:
KeyboardInterrupt
/vol/bitbucket/osella/rl-qecc-data/supervisedLearning/collection/collectWorker3.sh: error reading input file: Stale file handle
labWorker ash35: collect ended naturally Sun 26 Jul 18:27:23 BST 2026
labWorker ash35: started collect pid 2297158 (l=5 m=15) Sun 26 Jul 18:39:58 BST 2026
collectWorker3 ash35: l=5 m=15 workers=16 seed=392078107 stage=1 Sun 26 Jul 18:39:58 BST 2026
Creating log dir /data/osella/collectStage/2026-07-26_18-40-16_2297173...
Checking the directory was created: True

Traceback (most recent call last):
  File "<string>", line 1, in <module>
Traceback (most recent call last):
  File "<string>", line 1, in <module>
Traceback (most recent call last):
  File "<string>", line 1, in <module>
Traceback (most recent call last):
  File "<string>", line 1, in <module>
Traceback (most recent call last):
  File "<string>", line 1, in <module>
Traceback (most recent call last):
  File "<string>", line 1, in <module>
Traceback (most recent call last):
  File "<string>", line 1, in <module>
Traceback (most recent call last):
  File "<string>", line 1, in <module>
Traceback (most recent call last):
  File "<string>", line 1, in <module>
Traceback (most recent call last):
Traceback (most recent call last):
  File "<string>", line 1, in <module>
  File "<string>", line 1, in <module>
Traceback (most recent call last):
  File "<string>", line 1, in <module>
Traceback (most recent call last):
  File "<string>", line 1, in <module>
Traceback (most recent call last):
  File "<string>", line 1, in <module>
Traceback (most recent call last):
  File "<string>", line 1, in <module>
Traceback (most recent call last):
  File "<string>", line 1, in <module>
  File "/vol/bitbucket/osella/pyenv/versions/3.10.16/lib/python3.10/multiprocessing/spawn.py", line 116, in spawn_main
  File "/vol/bitbucket/osella/pyenv/versions/3.10.16/lib/python3.10/multiprocessing/spawn.py", line 116, in spawn_main
  File "/vol/bitbucket/osella/pyenv/versions/3.10.16/lib/python3.10/multiprocessing/spawn.py", line 116, in spawn_main
  File "/vol/bitbucket/osella/pyenv/versions/3.10.16/lib/python3.10/multiprocessing/spawn.py", line 116, in spawn_main
  File "/vol/bitbucket/osella/pyenv/versions/3.10.16/lib/python3.10/multiprocessing/spawn.py", line 116, in spawn_main
  File "/vol/bitbucket/osella/pyenv/versions/3.10.16/lib/python3.10/multiprocessing/spawn.py", line 116, in spawn_main
  File "/vol/bitbucket/osella/pyenv/versions/3.10.16/lib/python3.10/multiprocessing/spawn.py", line 116, in spawn_main
  File "/vol/bitbucket/osella/pyenv/versions/3.10.16/lib/python3.10/multiprocessing/spawn.py", line 116, in spawn_main
  File "/vol/bitbucket/osella/pyenv/versions/3.10.16/lib/python3.10/multiprocessing/spawn.py", line 116, in spawn_main
  File "/vol/bitbucket/osella/pyenv/versions/3.10.16/lib/python3.10/multiprocessing/spawn.py", line 116, in spawn_main
  File "/vol/bitbucket/osella/pyenv/versions/3.10.16/lib/python3.10/multiprocessing/spawn.py", line 116, in spawn_main
  File "/vol/bitbucket/osella/pyenv/versions/3.10.16/lib/python3.10/multiprocessing/spawn.py", line 116, in spawn_main
  File "/vol/bitbucket/osella/pyenv/versions/3.10.16/lib/python3.10/multiprocessing/spawn.py", line 116, in spawn_main
  File "/vol/bitbucket/osella/pyenv/versions/3.10.16/lib/python3.10/multiprocessing/spawn.py", line 116, in spawn_main
  File "/vol/bitbucket/osella/pyenv/versions/3.10.16/lib/python3.10/multiprocessing/spawn.py", line 116, in spawn_main
  File "/vol/bitbucket/osella/pyenv/versions/3.10.16/lib/python3.10/multiprocessing/spawn.py", line 116, in spawn_main
    exitcode = _main(fd, parent_sentinel)
  File "/vol/bitbucket/osella/pyenv/versions/3.10.16/lib/python3.10/multiprocessing/spawn.py", line 125, in _main
    exitcode = _main(fd, parent_sentinel)
    exitcode = _main(fd, parent_sentinel)
  File "/vol/bitbucket/osella/pyenv/versions/3.10.16/lib/python3.10/multiprocessing/spawn.py", line 125, in _main
  File "/vol/bitbucket/osella/pyenv/versions/3.10.16/lib/python3.10/multiprocessing/spawn.py", line 125, in _main
    exitcode = _main(fd, parent_sentinel)
  File "/vol/bitbucket/osella/pyenv/versions/3.10.16/lib/python3.10/multiprocessing/spawn.py", line 125, in _main
    exitcode = _main(fd, parent_sentinel)
  File "/vol/bitbucket/osella/pyenv/versions/3.10.16/lib/python3.10/multiprocessing/spawn.py", line 125, in _main
    exitcode = _main(fd, parent_sentinel)
  File "/vol/bitbucket/osella/pyenv/versions/3.10.16/lib/python3.10/multiprocessing/spawn.py", line 125, in _main
    exitcode = _main(fd, parent_sentinel)
    exitcode = _main(fd, parent_sentinel)
  File "/vol/bitbucket/osella/pyenv/versions/3.10.16/lib/python3.10/multiprocessing/spawn.py", line 125, in _main
  File "/vol/bitbucket/osella/pyenv/versions/3.10.16/lib/python3.10/multiprocessing/spawn.py", line 125, in _main
    exitcode = _main(fd, parent_sentinel)
    exitcode = _main(fd, parent_sentinel)
  File "/vol/bitbucket/osella/pyenv/versions/3.10.16/lib/python3.10/multiprocessing/spawn.py", line 125, in _main
  File "/vol/bitbucket/osella/pyenv/versions/3.10.16/lib/python3.10/multiprocessing/spawn.py", line 125, in _main
    exitcode = _main(fd, parent_sentinel)
  File "/vol/bitbucket/osella/pyenv/versions/3.10.16/lib/python3.10/multiprocessing/spawn.py", line 125, in _main
    exitcode = _main(fd, parent_sentinel)
  File "/vol/bitbucket/osella/pyenv/versions/3.10.16/lib/python3.10/multiprocessing/spawn.py", line 125, in _main
    exitcode = _main(fd, parent_sentinel)
  File "/vol/bitbucket/osella/pyenv/versions/3.10.16/lib/python3.10/multiprocessing/spawn.py", line 125, in _main
    exitcode = _main(fd, parent_sentinel)
  File "/vol/bitbucket/osella/pyenv/versions/3.10.16/lib/python3.10/multiprocessing/spawn.py", line 125, in _main
    exitcode = _main(fd, parent_sentinel)
  File "/vol/bitbucket/osella/pyenv/versions/3.10.16/lib/python3.10/multiprocessing/spawn.py", line 125, in _main
    exitcode = _main(fd, parent_sentinel)
  File "/vol/bitbucket/osella/pyenv/versions/3.10.16/lib/python3.10/multiprocessing/spawn.py", line 125, in _main
    prepare(preparation_data)
  File "/vol/bitbucket/osella/pyenv/versions/3.10.16/lib/python3.10/multiprocessing/spawn.py", line 236, in prepare
    prepare(preparation_data)
  File "/vol/bitbucket/osella/pyenv/versions/3.10.16/lib/python3.10/multiprocessing/spawn.py", line 236, in prepare
    prepare(preparation_data)
  File "/vol/bitbucket/osella/pyenv/versions/3.10.16/lib/python3.10/multiprocessing/spawn.py", line 236, in prepare
    prepare(preparation_data)
  File "/vol/bitbucket/osella/pyenv/versions/3.10.16/lib/python3.10/multiprocessing/spawn.py", line 236, in prepare
    prepare(preparation_data)
  File "/vol/bitbucket/osella/pyenv/versions/3.10.16/lib/python3.10/multiprocessing/spawn.py", line 236, in prepare
    prepare(preparation_data)
  File "/vol/bitbucket/osella/pyenv/versions/3.10.16/lib/python3.10/multiprocessing/spawn.py", line 236, in prepare
    prepare(preparation_data)
    prepare(preparation_data)
  File "/vol/bitbucket/osella/pyenv/versions/3.10.16/lib/python3.10/multiprocessing/spawn.py", line 236, in prepare
  File "/vol/bitbucket/osella/pyenv/versions/3.10.16/lib/python3.10/multiprocessing/spawn.py", line 236, in prepare
    prepare(preparation_data)
  File "/vol/bitbucket/osella/pyenv/versions/3.10.16/lib/python3.10/multiprocessing/spawn.py", line 236, in prepare
    prepare(preparation_data)
  File "/vol/bitbucket/osella/pyenv/versions/3.10.16/lib/python3.10/multiprocessing/spawn.py", line 236, in prepare
    prepare(preparation_data)
    prepare(preparation_data)
  File "/vol/bitbucket/osella/pyenv/versions/3.10.16/lib/python3.10/multiprocessing/spawn.py", line 236, in prepare
  File "/vol/bitbucket/osella/pyenv/versions/3.10.16/lib/python3.10/multiprocessing/spawn.py", line 236, in prepare
    _fixup_main_from_path(data['init_main_from_path'])
  File "/vol/bitbucket/osella/pyenv/versions/3.10.16/lib/python3.10/multiprocessing/spawn.py", line 287, in _fixup_main_from_path
    _fixup_main_from_path(data['init_main_from_path'])
  File "/vol/bitbucket/osella/pyenv/versions/3.10.16/lib/python3.10/multiprocessing/spawn.py", line 287, in _fixup_main_from_path
    prepare(preparation_data)
  File "/vol/bitbucket/osella/pyenv/versions/3.10.16/lib/python3.10/multiprocessing/spawn.py", line 236, in prepare
    _fixup_main_from_path(data['init_main_from_path'])
  File "/vol/bitbucket/osella/pyenv/versions/3.10.16/lib/python3.10/multiprocessing/spawn.py", line 287, in _fixup_main_from_path
    prepare(preparation_data)
  File "/vol/bitbucket/osella/pyenv/versions/3.10.16/lib/python3.10/multiprocessing/spawn.py", line 236, in prepare
    _fixup_main_from_path(data['init_main_from_path'])
    prepare(preparation_data)
  File "/vol/bitbucket/osella/pyenv/versions/3.10.16/lib/python3.10/multiprocessing/spawn.py", line 287, in _fixup_main_from_path
  File "/vol/bitbucket/osella/pyenv/versions/3.10.16/lib/python3.10/multiprocessing/spawn.py", line 236, in prepare
    prepare(preparation_data)
  File "/vol/bitbucket/osella/pyenv/versions/3.10.16/lib/python3.10/multiprocessing/spawn.py", line 236, in prepare
    _fixup_main_from_path(data['init_main_from_path'])
  File "/vol/bitbucket/osella/pyenv/versions/3.10.16/lib/python3.10/multiprocessing/spawn.py", line 287, in _fixup_main_from_path
    _fixup_main_from_path(data['init_main_from_path'])
  File "/vol/bitbucket/osella/pyenv/versions/3.10.16/lib/python3.10/multiprocessing/spawn.py", line 287, in _fixup_main_from_path
    _fixup_main_from_path(data['init_main_from_path'])
  File "/vol/bitbucket/osella/pyenv/versions/3.10.16/lib/python3.10/multiprocessing/spawn.py", line 287, in _fixup_main_from_path
    _fixup_main_from_path(data['init_main_from_path'])
  File "/vol/bitbucket/osella/pyenv/versions/3.10.16/lib/python3.10/multiprocessing/spawn.py", line 287, in _fixup_main_from_path
    _fixup_main_from_path(data['init_main_from_path'])
  File "/vol/bitbucket/osella/pyenv/versions/3.10.16/lib/python3.10/multiprocessing/spawn.py", line 287, in _fixup_main_from_path
    _fixup_main_from_path(data['init_main_from_path'])
  File "/vol/bitbucket/osella/pyenv/versions/3.10.16/lib/python3.10/multiprocessing/spawn.py", line 287, in _fixup_main_from_path
    main_content = runpy.run_path(main_path,
  File "/vol/bitbucket/osella/pyenv/versions/3.10.16/lib/python3.10/runpy.py", line 289, in run_path
    _fixup_main_from_path(data['init_main_from_path'])
    _fixup_main_from_path(data['init_main_from_path'])
  File "/vol/bitbucket/osella/pyenv/versions/3.10.16/lib/python3.10/multiprocessing/spawn.py", line 287, in _fixup_main_from_path
  File "/vol/bitbucket/osella/pyenv/versions/3.10.16/lib/python3.10/multiprocessing/spawn.py", line 287, in _fixup_main_from_path
    main_content = runpy.run_path(main_path,
  File "/vol/bitbucket/osella/pyenv/versions/3.10.16/lib/python3.10/runpy.py", line 289, in run_path
    main_content = runpy.run_path(main_path,
  File "/vol/bitbucket/osella/pyenv/versions/3.10.16/lib/python3.10/runpy.py", line 289, in run_path
    main_content = runpy.run_path(main_path,
  File "/vol/bitbucket/osella/pyenv/versions/3.10.16/lib/python3.10/runpy.py", line 289, in run_path
    _fixup_main_from_path(data['init_main_from_path'])
  File "/vol/bitbucket/osella/pyenv/versions/3.10.16/lib/python3.10/multiprocessing/spawn.py", line 287, in _fixup_main_from_path
    _fixup_main_from_path(data['init_main_from_path'])
  File "/vol/bitbucket/osella/pyenv/versions/3.10.16/lib/python3.10/multiprocessing/spawn.py", line 287, in _fixup_main_from_path
    _fixup_main_from_path(data['init_main_from_path'])
  File "/vol/bitbucket/osella/pyenv/versions/3.10.16/lib/python3.10/multiprocessing/spawn.py", line 287, in _fixup_main_from_path
    _fixup_main_from_path(data['init_main_from_path'])
  File "/vol/bitbucket/osella/pyenv/versions/3.10.16/lib/python3.10/multiprocessing/spawn.py", line 287, in _fixup_main_from_path
    return _run_module_code(code, init_globals, run_name,
  File "/vol/bitbucket/osella/pyenv/versions/3.10.16/lib/python3.10/runpy.py", line 96, in _run_module_code
    main_content = runpy.run_path(main_path,
  File "/vol/bitbucket/osella/pyenv/versions/3.10.16/lib/python3.10/runpy.py", line 289, in run_path
    main_content = runpy.run_path(main_path,
  File "/vol/bitbucket/osella/pyenv/versions/3.10.16/lib/python3.10/runpy.py", line 289, in run_path
    return _run_module_code(code, init_globals, run_name,
    main_content = runpy.run_path(main_path,
  File "/vol/bitbucket/osella/pyenv/versions/3.10.16/lib/python3.10/runpy.py", line 96, in _run_module_code
  File "/vol/bitbucket/osella/pyenv/versions/3.10.16/lib/python3.10/runpy.py", line 289, in run_path
    main_content = runpy.run_path(main_path,
  File "/vol/bitbucket/osella/pyenv/versions/3.10.16/lib/python3.10/runpy.py", line 289, in run_path
    return _run_module_code(code, init_globals, run_name,
  File "/vol/bitbucket/osella/pyenv/versions/3.10.16/lib/python3.10/runpy.py", line 96, in _run_module_code
    main_content = runpy.run_path(main_path,
  File "/vol/bitbucket/osella/pyenv/versions/3.10.16/lib/python3.10/runpy.py", line 289, in run_path
    main_content = runpy.run_path(main_path,
  File "/vol/bitbucket/osella/pyenv/versions/3.10.16/lib/python3.10/runpy.py", line 289, in run_path
    main_content = runpy.run_path(main_path,
  File "/vol/bitbucket/osella/pyenv/versions/3.10.16/lib/python3.10/runpy.py", line 289, in run_path
    main_content = runpy.run_path(main_path,
  File "/vol/bitbucket/osella/pyenv/versions/3.10.16/lib/python3.10/runpy.py", line 289, in run_path
    return _run_module_code(code, init_globals, run_name,
  File "/vol/bitbucket/osella/pyenv/versions/3.10.16/lib/python3.10/runpy.py", line 96, in _run_module_code
    main_content = runpy.run_path(main_path,
  File "/vol/bitbucket/osella/pyenv/versions/3.10.16/lib/python3.10/runpy.py", line 289, in run_path
    return _run_module_code(code, init_globals, run_name,
  File "/vol/bitbucket/osella/pyenv/versions/3.10.16/lib/python3.10/runpy.py", line 96, in _run_module_code
    return _run_module_code(code, init_globals, run_name,
  File "/vol/bitbucket/osella/pyenv/versions/3.10.16/lib/python3.10/runpy.py", line 96, in _run_module_code
    _run_code(code, mod_globals, init_globals,
  File "/vol/bitbucket/osella/pyenv/versions/3.10.16/lib/python3.10/runpy.py", line 86, in _run_code
    main_content = runpy.run_path(main_path,
  File "/vol/bitbucket/osella/pyenv/versions/3.10.16/lib/python3.10/runpy.py", line 289, in run_path
    return _run_module_code(code, init_globals, run_name,
  File "/vol/bitbucket/osella/pyenv/versions/3.10.16/lib/python3.10/runpy.py", line 96, in _run_module_code
    return _run_module_code(code, init_globals, run_name,
  File "/vol/bitbucket/osella/pyenv/versions/3.10.16/lib/python3.10/runpy.py", line 96, in _run_module_code
    _run_code(code, mod_globals, init_globals,
    return _run_module_code(code, init_globals, run_name,
  File "/vol/bitbucket/osella/pyenv/versions/3.10.16/lib/python3.10/runpy.py", line 86, in _run_code
    main_content = runpy.run_path(main_path,
  File "/vol/bitbucket/osella/pyenv/versions/3.10.16/lib/python3.10/runpy.py", line 96, in _run_module_code
  File "/vol/bitbucket/osella/pyenv/versions/3.10.16/lib/python3.10/runpy.py", line 289, in run_path
    main_content = runpy.run_path(main_path,
  File "/vol/bitbucket/osella/pyenv/versions/3.10.16/lib/python3.10/runpy.py", line 289, in run_path
    _run_code(code, mod_globals, init_globals,
  File "/vol/bitbucket/osella/pyenv/versions/3.10.16/lib/python3.10/runpy.py", line 86, in _run_code
    return _run_module_code(code, init_globals, run_name,
  File "/vol/bitbucket/osella/pyenv/versions/3.10.16/lib/python3.10/runpy.py", line 96, in _run_module_code
    return _run_module_code(code, init_globals, run_name,
  File "/vol/bitbucket/osella/pyenv/versions/3.10.16/lib/python3.10/runpy.py", line 96, in _run_module_code
    return _run_module_code(code, init_globals, run_name,
  File "/vol/bitbucket/osella/pyenv/versions/3.10.16/lib/python3.10/runpy.py", line 96, in _run_module_code
    return _run_module_code(code, init_globals, run_name,
  File "/vol/bitbucket/osella/pyenv/versions/3.10.16/lib/python3.10/runpy.py", line 96, in _run_module_code
    _run_code(code, mod_globals, init_globals,
  File "/vol/bitbucket/osella/pyenv/versions/3.10.16/lib/python3.10/runpy.py", line 86, in _run_code
    _run_code(code, mod_globals, init_globals,
  File "/vol/bitbucket/osella/pyenv/versions/3.10.16/lib/python3.10/runpy.py", line 86, in _run_code
    exec(code, run_globals)
  File "/vol/bitbucket/osella/qecc/src/qecc/reinforcementLearning.py", line 43, in <module>
    _run_code(code, mod_globals, init_globals,
  File "/vol/bitbucket/osella/pyenv/versions/3.10.16/lib/python3.10/runpy.py", line 86, in _run_code
    _run_code(code, mod_globals, init_globals,
  File "/vol/bitbucket/osella/pyenv/versions/3.10.16/lib/python3.10/runpy.py", line 86, in _run_code
    return _run_module_code(code, init_globals, run_name,
  File "/vol/bitbucket/osella/pyenv/versions/3.10.16/lib/python3.10/runpy.py", line 96, in _run_module_code
    _run_code(code, mod_globals, init_globals,
  File "/vol/bitbucket/osella/pyenv/versions/3.10.16/lib/python3.10/runpy.py", line 86, in _run_code
    exec(code, run_globals)
  File "/vol/bitbucket/osella/qecc/src/qecc/reinforcementLearning.py", line 43, in <module>
    _run_code(code, mod_globals, init_globals,
  File "/vol/bitbucket/osella/pyenv/versions/3.10.16/lib/python3.10/runpy.py", line 86, in _run_code
    exec(code, run_globals)
  File "/vol/bitbucket/osella/qecc/src/qecc/reinforcementLearning.py", line 43, in <module>
    _run_code(code, mod_globals, init_globals,
    _run_code(code, mod_globals, init_globals,
    return _run_module_code(code, init_globals, run_name,
  File "/vol/bitbucket/osella/pyenv/versions/3.10.16/lib/python3.10/runpy.py", line 86, in _run_code
  File "/vol/bitbucket/osella/pyenv/versions/3.10.16/lib/python3.10/runpy.py", line 86, in _run_code
  File "/vol/bitbucket/osella/pyenv/versions/3.10.16/lib/python3.10/runpy.py", line 96, in _run_module_code
    exec(code, run_globals)
  File "/vol/bitbucket/osella/qecc/src/qecc/reinforcementLearning.py", line 43, in <module>
    _run_code(code, mod_globals, init_globals,
  File "/vol/bitbucket/osella/pyenv/versions/3.10.16/lib/python3.10/runpy.py", line 86, in _run_code
    _run_code(code, mod_globals, init_globals,
  File "/vol/bitbucket/osella/pyenv/versions/3.10.16/lib/python3.10/runpy.py", line 86, in _run_code
    from tensordict.nn import TensorDictModule
  File "/vol/bitbucket/osella/pyenv/versions/qecc1/lib/python3.10/site-packages/tensordict/__init__.py", line 6, in <module>
    return _run_module_code(code, init_globals, run_name,
    exec(code, run_globals)
  File "/vol/bitbucket/osella/pyenv/versions/3.10.16/lib/python3.10/runpy.py", line 96, in _run_module_code
  File "/vol/bitbucket/osella/qecc/src/qecc/reinforcementLearning.py", line 43, in <module>
    _run_code(code, mod_globals, init_globals,
  File "/vol/bitbucket/osella/pyenv/versions/3.10.16/lib/python3.10/runpy.py", line 86, in _run_code
    exec(code, run_globals)
  File "/vol/bitbucket/osella/qecc/src/qecc/reinforcementLearning.py", line 43, in <module>
    exec(code, run_globals)
  File "/vol/bitbucket/osella/qecc/src/qecc/reinforcementLearning.py", line 43, in <module>
    exec(code, run_globals)
  File "/vol/bitbucket/osella/qecc/src/qecc/reinforcementLearning.py", line 43, in <module>
    exec(code, run_globals)
  File "/vol/bitbucket/osella/qecc/src/qecc/reinforcementLearning.py", line 43, in <module>
    from tensordict.nn import TensorDictModule
  File "/vol/bitbucket/osella/pyenv/versions/qecc1/lib/python3.10/site-packages/tensordict/__init__.py", line 6, in <module>
    exec(code, run_globals)
  File "/vol/bitbucket/osella/qecc/src/qecc/reinforcementLearning.py", line 43, in <module>
    from tensordict.nn import TensorDictModule
  File "/vol/bitbucket/osella/pyenv/versions/qecc1/lib/python3.10/site-packages/tensordict/__init__.py", line 6, in <module>
    exec(code, run_globals)
  File "/vol/bitbucket/osella/qecc/src/qecc/reinforcementLearning.py", line 43, in <module>
    from tensordict.nn import TensorDictModule
  File "/vol/bitbucket/osella/pyenv/versions/qecc1/lib/python3.10/site-packages/tensordict/__init__.py", line 6, in <module>
    exec(code, run_globals)
  File "/vol/bitbucket/osella/qecc/src/qecc/reinforcementLearning.py", line 43, in <module>
    from tensordict.nn import TensorDictModule
  File "/vol/bitbucket/osella/pyenv/versions/qecc1/lib/python3.10/site-packages/tensordict/__init__.py", line 6, in <module>
    exec(code, run_globals)
  File "/vol/bitbucket/osella/qecc/src/qecc/reinforcementLearning.py", line 43, in <module>
    exec(code, run_globals)
  File "/vol/bitbucket/osella/qecc/src/qecc/reinforcementLearning.py", line 43, in <module>
    _run_code(code, mod_globals, init_globals,
  File "/vol/bitbucket/osella/pyenv/versions/3.10.16/lib/python3.10/runpy.py", line 86, in _run_code
    _run_code(code, mod_globals, init_globals,
  File "/vol/bitbucket/osella/pyenv/versions/3.10.16/lib/python3.10/runpy.py", line 86, in _run_code
    from tensordict.nn import TensorDictModule
  File "/vol/bitbucket/osella/pyenv/versions/qecc1/lib/python3.10/site-packages/tensordict/__init__.py", line 6, in <module>
    from tensordict.nn import TensorDictModule
  File "/vol/bitbucket/osella/pyenv/versions/qecc1/lib/python3.10/site-packages/tensordict/__init__.py", line 6, in <module>
    from tensordict.nn import TensorDictModule
  File "/vol/bitbucket/osella/pyenv/versions/qecc1/lib/python3.10/site-packages/tensordict/__init__.py", line 6, in <module>
    from tensordict.nn import TensorDictModule
  File "/vol/bitbucket/osella/pyenv/versions/qecc1/lib/python3.10/site-packages/tensordict/__init__.py", line 6, in <module>
    from tensordict.nn import TensorDictModule
  File "/vol/bitbucket/osella/pyenv/versions/qecc1/lib/python3.10/site-packages/tensordict/__init__.py", line 6, in <module>
    from tensordict.nn import TensorDictModule
  File "/vol/bitbucket/osella/pyenv/versions/qecc1/lib/python3.10/site-packages/tensordict/__init__.py", line 6, in <module>
    from tensordict.nn import TensorDictModule
  File "/vol/bitbucket/osella/pyenv/versions/qecc1/lib/python3.10/site-packages/tensordict/__init__.py", line 6, in <module>
    from tensordict.nn import TensorDictModule
  File "/vol/bitbucket/osella/pyenv/versions/qecc1/lib/python3.10/site-packages/tensordict/__init__.py", line 6, in <module>
    exec(code, run_globals)
  File "/vol/bitbucket/osella/qecc/src/qecc/reinforcementLearning.py", line 43, in <module>
    from tensordict.nn import TensorDictModule
  File "/vol/bitbucket/osella/pyenv/versions/qecc1/lib/python3.10/site-packages/tensordict/__init__.py", line 6, in <module>
    exec(code, run_globals)
  File "/vol/bitbucket/osella/qecc/src/qecc/reinforcementLearning.py", line 43, in <module>
    from tensordict.nn import TensorDictModule
  File "/vol/bitbucket/osella/pyenv/versions/qecc1/lib/python3.10/site-packages/tensordict/__init__.py", line 6, in <module>
    from tensordict.nn import TensorDictModule
  File "/vol/bitbucket/osella/pyenv/versions/qecc1/lib/python3.10/site-packages/tensordict/__init__.py", line 6, in <module>
    import tensordict._reductions
  File "/vol/bitbucket/osella/pyenv/versions/qecc1/lib/python3.10/site-packages/tensordict/_reductions.py", line 11, in <module>
    import tensordict._reductions
    import tensordict._reductions
    import tensordict._reductions
    import tensordict._reductions
    import tensordict._reductions
    import tensordict._reductions
    import tensordict._reductions
    import tensordict._reductions
    import tensordict._reductions
    import tensordict._reductions
    import tensordict._reductions
    import tensordict._reductions
  File "/vol/bitbucket/osella/pyenv/versions/qecc1/lib/python3.10/site-packages/tensordict/_reductions.py", line 11, in <module>
    import tensordict._reductions
  File "/vol/bitbucket/osella/pyenv/versions/qecc1/lib/python3.10/site-packages/tensordict/_reductions.py", line 11, in <module>
  File "/vol/bitbucket/osella/pyenv/versions/qecc1/lib/python3.10/site-packages/tensordict/_reductions.py", line 11, in <module>
  File "/vol/bitbucket/osella/pyenv/versions/qecc1/lib/python3.10/site-packages/tensordict/_reductions.py", line 11, in <module>
  File "/vol/bitbucket/osella/pyenv/versions/qecc1/lib/python3.10/site-packages/tensordict/_reductions.py", line 11, in <module>
  File "/vol/bitbucket/osella/pyenv/versions/qecc1/lib/python3.10/site-packages/tensordict/_reductions.py", line 11, in <module>
  File "/vol/bitbucket/osella/pyenv/versions/qecc1/lib/python3.10/site-packages/tensordict/_reductions.py", line 11, in <module>
  File "/vol/bitbucket/osella/pyenv/versions/qecc1/lib/python3.10/site-packages/tensordict/_reductions.py", line 11, in <module>
  File "/vol/bitbucket/osella/pyenv/versions/qecc1/lib/python3.10/site-packages/tensordict/_reductions.py", line 11, in <module>
  File "/vol/bitbucket/osella/pyenv/versions/qecc1/lib/python3.10/site-packages/tensordict/_reductions.py", line 11, in <module>
  File "/vol/bitbucket/osella/pyenv/versions/qecc1/lib/python3.10/site-packages/tensordict/_reductions.py", line 11, in <module>
  File "/vol/bitbucket/osella/pyenv/versions/qecc1/lib/python3.10/site-packages/tensordict/_reductions.py", line 11, in <module>
  File "/vol/bitbucket/osella/pyenv/versions/qecc1/lib/python3.10/site-packages/tensordict/_reductions.py", line 11, in <module>
    import tensordict._reductions
  File "/vol/bitbucket/osella/pyenv/versions/qecc1/lib/python3.10/site-packages/tensordict/_reductions.py", line 11, in <module>
    import tensordict._reductions
  File "/vol/bitbucket/osella/pyenv/versions/qecc1/lib/python3.10/site-packages/tensordict/_reductions.py", line 11, in <module>
    from tensordict._lazy import LazyStackedTensorDict
  File "/vol/bitbucket/osella/pyenv/versions/qecc1/lib/python3.10/site-packages/tensordict/_lazy.py", line 38, in <module>
    from tensordict._lazy import LazyStackedTensorDict
    from tensordict._lazy import LazyStackedTensorDict
    from tensordict._lazy import LazyStackedTensorDict
    from tensordict._lazy import LazyStackedTensorDict
    from tensordict._lazy import LazyStackedTensorDict
    from tensordict._lazy import LazyStackedTensorDict
    from tensordict._lazy import LazyStackedTensorDict
    from tensordict._lazy import LazyStackedTensorDict
    from tensordict._lazy import LazyStackedTensorDict
  File "/vol/bitbucket/osella/pyenv/versions/qecc1/lib/python3.10/site-packages/tensordict/_lazy.py", line 38, in <module>
  File "/vol/bitbucket/osella/pyenv/versions/qecc1/lib/python3.10/site-packages/tensordict/_lazy.py", line 38, in <module>
  File "/vol/bitbucket/osella/pyenv/versions/qecc1/lib/python3.10/site-packages/tensordict/_lazy.py", line 38, in <module>
    from tensordict._lazy import LazyStackedTensorDict
  File "/vol/bitbucket/osella/pyenv/versions/qecc1/lib/python3.10/site-packages/tensordict/_lazy.py", line 38, in <module>
  File "/vol/bitbucket/osella/pyenv/versions/qecc1/lib/python3.10/site-packages/tensordict/_lazy.py", line 38, in <module>
  File "/vol/bitbucket/osella/pyenv/versions/qecc1/lib/python3.10/site-packages/tensordict/_lazy.py", line 38, in <module>
  File "/vol/bitbucket/osella/pyenv/versions/qecc1/lib/python3.10/site-packages/tensordict/_lazy.py", line 38, in <module>
  File "/vol/bitbucket/osella/pyenv/versions/qecc1/lib/python3.10/site-packages/tensordict/_lazy.py", line 38, in <module>
  File "/vol/bitbucket/osella/pyenv/versions/qecc1/lib/python3.10/site-packages/tensordict/_lazy.py", line 38, in <module>
  File "/vol/bitbucket/osella/pyenv/versions/qecc1/lib/python3.10/site-packages/tensordict/_lazy.py", line 38, in <module>
    from tensordict._lazy import LazyStackedTensorDict
  File "/vol/bitbucket/osella/pyenv/versions/qecc1/lib/python3.10/site-packages/tensordict/_lazy.py", line 38, in <module>
    from tensordict._lazy import LazyStackedTensorDict
  File "/vol/bitbucket/osella/pyenv/versions/qecc1/lib/python3.10/site-packages/tensordict/_lazy.py", line 38, in <module>
    from tensordict._lazy import LazyStackedTensorDict
  File "/vol/bitbucket/osella/pyenv/versions/qecc1/lib/python3.10/site-packages/tensordict/_lazy.py", line 38, in <module>
    from tensordict._lazy import LazyStackedTensorDict
  File "/vol/bitbucket/osella/pyenv/versions/qecc1/lib/python3.10/site-packages/tensordict/_lazy.py", line 38, in <module>
    from tensordict._lazy import LazyStackedTensorDict
  File "/vol/bitbucket/osella/pyenv/versions/qecc1/lib/python3.10/site-packages/tensordict/_lazy.py", line 38, in <module>
    from tensordict._td import _SubTensorDict, _TensorDictKeysView, TensorDict
    from tensordict._td import _SubTensorDict, _TensorDictKeysView, TensorDict
  File "/vol/bitbucket/osella/pyenv/versions/qecc1/lib/python3.10/site-packages/tensordict/_td.py", line 37, in <module>
  File "/vol/bitbucket/osella/pyenv/versions/qecc1/lib/python3.10/site-packages/tensordict/_td.py", line 37, in <module>
    from tensordict._td import _SubTensorDict, _TensorDictKeysView, TensorDict
    from tensordict._td import _SubTensorDict, _TensorDictKeysView, TensorDict
    from tensordict._td import _SubTensorDict, _TensorDictKeysView, TensorDict
    from tensordict._td import _SubTensorDict, _TensorDictKeysView, TensorDict
    from tensordict._td import _SubTensorDict, _TensorDictKeysView, TensorDict
    from tensordict._td import _SubTensorDict, _TensorDictKeysView, TensorDict
    from tensordict._td import _SubTensorDict, _TensorDictKeysView, TensorDict
    from tensordict._td import _SubTensorDict, _TensorDictKeysView, TensorDict
    from tensordict._td import _SubTensorDict, _TensorDictKeysView, TensorDict
    from tensordict._td import _SubTensorDict, _TensorDictKeysView, TensorDict
  File "/vol/bitbucket/osella/pyenv/versions/qecc1/lib/python3.10/site-packages/tensordict/_td.py", line 37, in <module>
  File "/vol/bitbucket/osella/pyenv/versions/qecc1/lib/python3.10/site-packages/tensordict/_td.py", line 37, in <module>
  File "/vol/bitbucket/osella/pyenv/versions/qecc1/lib/python3.10/site-packages/tensordict/_td.py", line 37, in <module>
  File "/vol/bitbucket/osella/pyenv/versions/qecc1/lib/python3.10/site-packages/tensordict/_td.py", line 37, in <module>
  File "/vol/bitbucket/osella/pyenv/versions/qecc1/lib/python3.10/site-packages/tensordict/_td.py", line 37, in <module>
  File "/vol/bitbucket/osella/pyenv/versions/qecc1/lib/python3.10/site-packages/tensordict/_td.py", line 37, in <module>
  File "/vol/bitbucket/osella/pyenv/versions/qecc1/lib/python3.10/site-packages/tensordict/_td.py", line 37, in <module>
  File "/vol/bitbucket/osella/pyenv/versions/qecc1/lib/python3.10/site-packages/tensordict/_td.py", line 37, in <module>
  File "/vol/bitbucket/osella/pyenv/versions/qecc1/lib/python3.10/site-packages/tensordict/_td.py", line 37, in <module>
  File "/vol/bitbucket/osella/pyenv/versions/qecc1/lib/python3.10/site-packages/tensordict/_td.py", line 37, in <module>
    from tensordict._td import _SubTensorDict, _TensorDictKeysView, TensorDict
  File "/vol/bitbucket/osella/pyenv/versions/qecc1/lib/python3.10/site-packages/tensordict/_td.py", line 37, in <module>
    from tensordict._td import _SubTensorDict, _TensorDictKeysView, TensorDict
  File "/vol/bitbucket/osella/pyenv/versions/qecc1/lib/python3.10/site-packages/tensordict/_td.py", line 37, in <module>
    from tensordict._td import _SubTensorDict, _TensorDictKeysView, TensorDict
  File "/vol/bitbucket/osella/pyenv/versions/qecc1/lib/python3.10/site-packages/tensordict/_td.py", line 37, in <module>
    from tensordict._td import _SubTensorDict, _TensorDictKeysView, TensorDict
  File "/vol/bitbucket/osella/pyenv/versions/qecc1/lib/python3.10/site-packages/tensordict/_td.py", line 37, in <module>
    from tensordict.base import (
    from tensordict.base import (
  File "/vol/bitbucket/osella/pyenv/versions/qecc1/lib/python3.10/site-packages/tensordict/base.py", line 55, in <module>
    from tensordict.base import (
  File "/vol/bitbucket/osella/pyenv/versions/qecc1/lib/python3.10/site-packages/tensordict/base.py", line 55, in <module>
    from tensordict.base import (
    from tensordict.base import (
    from tensordict.base import (
    from tensordict.base import (
    from tensordict.base import (
    from tensordict.base import (
    from tensordict.base import (
    from tensordict.base import (
  File "/vol/bitbucket/osella/pyenv/versions/qecc1/lib/python3.10/site-packages/tensordict/base.py", line 55, in <module>
    from tensordict.base import (
  File "/vol/bitbucket/osella/pyenv/versions/qecc1/lib/python3.10/site-packages/tensordict/base.py", line 55, in <module>
  File "/vol/bitbucket/osella/pyenv/versions/qecc1/lib/python3.10/site-packages/tensordict/base.py", line 55, in <module>
    from tensordict.base import (
  File "/vol/bitbucket/osella/pyenv/versions/qecc1/lib/python3.10/site-packages/tensordict/base.py", line 55, in <module>
  File "/vol/bitbucket/osella/pyenv/versions/qecc1/lib/python3.10/site-packages/tensordict/base.py", line 55, in <module>
  File "/vol/bitbucket/osella/pyenv/versions/qecc1/lib/python3.10/site-packages/tensordict/base.py", line 55, in <module>
  File "/vol/bitbucket/osella/pyenv/versions/qecc1/lib/python3.10/site-packages/tensordict/base.py", line 55, in <module>
  File "/vol/bitbucket/osella/pyenv/versions/qecc1/lib/python3.10/site-packages/tensordict/base.py", line 55, in <module>
  File "/vol/bitbucket/osella/pyenv/versions/qecc1/lib/python3.10/site-packages/tensordict/base.py", line 55, in <module>
  File "/vol/bitbucket/osella/pyenv/versions/qecc1/lib/python3.10/site-packages/tensordict/base.py", line 55, in <module>
  File "/vol/bitbucket/osella/pyenv/versions/qecc1/lib/python3.10/site-packages/tensordict/base.py", line 55, in <module>
    from tensordict.base import (
  File "/vol/bitbucket/osella/pyenv/versions/qecc1/lib/python3.10/site-packages/tensordict/base.py", line 55, in <module>
    from tensordict.base import (
  File "/vol/bitbucket/osella/pyenv/versions/qecc1/lib/python3.10/site-packages/tensordict/base.py", line 55, in <module>
    from tensordict.base import (
  File "/vol/bitbucket/osella/pyenv/versions/qecc1/lib/python3.10/site-packages/tensordict/base.py", line 55, in <module>
    from tensordict._datasets import to_mds
  File "/vol/bitbucket/osella/pyenv/versions/qecc1/lib/python3.10/site-packages/tensordict/_datasets.py", line 12, in <module>
    from tensordict._datasets import to_mds
    from tensordict._datasets import to_mds
    from tensordict._datasets import to_mds
    from tensordict._datasets import to_mds
    from tensordict._datasets import to_mds
    from tensordict._datasets import to_mds
    from tensordict._datasets import to_mds
    from tensordict._datasets import to_mds
    from tensordict._datasets import to_mds
    from tensordict._datasets import to_mds
  File "/vol/bitbucket/osella/pyenv/versions/qecc1/lib/python3.10/site-packages/tensordict/_datasets.py", line 12, in <module>
    from tensordict._datasets import to_mds
  File "/vol/bitbucket/osella/pyenv/versions/qecc1/lib/python3.10/site-packages/tensordict/_datasets.py", line 12, in <module>
    from tensordict._datasets import to_mds
    from tensordict._datasets import to_mds
  File "/vol/bitbucket/osella/pyenv/versions/qecc1/lib/python3.10/site-packages/tensordict/_datasets.py", line 12, in <module>
  File "/vol/bitbucket/osella/pyenv/versions/qecc1/lib/python3.10/site-packages/tensordict/_datasets.py", line 12, in <module>
  File "/vol/bitbucket/osella/pyenv/versions/qecc1/lib/python3.10/site-packages/tensordict/_datasets.py", line 12, in <module>
  File "/vol/bitbucket/osella/pyenv/versions/qecc1/lib/python3.10/site-packages/tensordict/_datasets.py", line 12, in <module>
  File "/vol/bitbucket/osella/pyenv/versions/qecc1/lib/python3.10/site-packages/tensordict/_datasets.py", line 12, in <module>
  File "/vol/bitbucket/osella/pyenv/versions/qecc1/lib/python3.10/site-packages/tensordict/_datasets.py", line 12, in <module>
  File "/vol/bitbucket/osella/pyenv/versions/qecc1/lib/python3.10/site-packages/tensordict/_datasets.py", line 12, in <module>
  File "/vol/bitbucket/osella/pyenv/versions/qecc1/lib/python3.10/site-packages/tensordict/_datasets.py", line 12, in <module>
  File "/vol/bitbucket/osella/pyenv/versions/qecc1/lib/python3.10/site-packages/tensordict/_datasets.py", line 12, in <module>
  File "/vol/bitbucket/osella/pyenv/versions/qecc1/lib/python3.10/site-packages/tensordict/_datasets.py", line 12, in <module>
  File "/vol/bitbucket/osella/pyenv/versions/qecc1/lib/python3.10/site-packages/tensordict/_datasets.py", line 12, in <module>
    from tensordict._datasets import to_mds
  File "/vol/bitbucket/osella/pyenv/versions/qecc1/lib/python3.10/site-packages/tensordict/_datasets.py", line 12, in <module>
    from tensordict._datasets import to_mds
  File "/vol/bitbucket/osella/pyenv/versions/qecc1/lib/python3.10/site-packages/tensordict/_datasets.py", line 12, in <module>
    from tensordict.utils import is_non_tensor
    from tensordict.utils import is_non_tensor
    from tensordict.utils import is_non_tensor
    from tensordict.utils import is_non_tensor
    from tensordict.utils import is_non_tensor
  File "/vol/bitbucket/osella/pyenv/versions/qecc1/lib/python3.10/site-packages/tensordict/utils.py", line 183, in <module>
    from tensordict.utils import is_non_tensor
    from tensordict.utils import is_non_tensor
    from tensordict.utils import is_non_tensor
  File "/vol/bitbucket/osella/pyenv/versions/qecc1/lib/python3.10/site-packages/tensordict/utils.py", line 183, in <module>
    from tensordict.utils import is_non_tensor
    from tensordict.utils import is_non_tensor
    from tensordict.utils import is_non_tensor
  File "/vol/bitbucket/osella/pyenv/versions/qecc1/lib/python3.10/site-packages/tensordict/utils.py", line 183, in <module>
    from tensordict.utils import is_non_tensor
  File "/vol/bitbucket/osella/pyenv/versions/qecc1/lib/python3.10/site-packages/tensordict/utils.py", line 183, in <module>
    from tensordict.utils import is_non_tensor
  File "/vol/bitbucket/osella/pyenv/versions/qecc1/lib/python3.10/site-packages/tensordict/utils.py", line 183, in <module>
  File "/vol/bitbucket/osella/pyenv/versions/qecc1/lib/python3.10/site-packages/tensordict/utils.py", line 183, in <module>
  File "/vol/bitbucket/osella/pyenv/versions/qecc1/lib/python3.10/site-packages/tensordict/utils.py", line 183, in <module>
  File "/vol/bitbucket/osella/pyenv/versions/qecc1/lib/python3.10/site-packages/tensordict/utils.py", line 183, in <module>
  File "/vol/bitbucket/osella/pyenv/versions/qecc1/lib/python3.10/site-packages/tensordict/utils.py", line 183, in <module>
  File "/vol/bitbucket/osella/pyenv/versions/qecc1/lib/python3.10/site-packages/tensordict/utils.py", line 183, in <module>
  File "/vol/bitbucket/osella/pyenv/versions/qecc1/lib/python3.10/site-packages/tensordict/utils.py", line 183, in <module>
  File "/vol/bitbucket/osella/pyenv/versions/qecc1/lib/python3.10/site-packages/tensordict/utils.py", line 183, in <module>
  File "/vol/bitbucket/osella/pyenv/versions/qecc1/lib/python3.10/site-packages/tensordict/utils.py", line 183, in <module>
    from tensordict.utils import is_non_tensor
  File "/vol/bitbucket/osella/pyenv/versions/qecc1/lib/python3.10/site-packages/tensordict/utils.py", line 183, in <module>
    from tensordict.utils import is_non_tensor
  File "/vol/bitbucket/osella/pyenv/versions/qecc1/lib/python3.10/site-packages/tensordict/utils.py", line 183, in <module>
    from tensordict.utils import is_non_tensor
  File "/vol/bitbucket/osella/pyenv/versions/qecc1/lib/python3.10/site-packages/tensordict/utils.py", line 183, in <module>
    _add_batch_dim_c = _import_and_wrap_functorch("_add_batch_dim")
    _add_batch_dim_c = _import_and_wrap_functorch("_add_batch_dim")
  File "/vol/bitbucket/osella/pyenv/versions/qecc1/lib/python3.10/site-packages/tensordict/utils.py", line 174, in _import_and_wrap_functorch
  File "/vol/bitbucket/osella/pyenv/versions/qecc1/lib/python3.10/site-packages/tensordict/utils.py", line 174, in _import_and_wrap_functorch
    _add_batch_dim_c = _import_and_wrap_functorch("_add_batch_dim")
    _add_batch_dim_c = _import_and_wrap_functorch("_add_batch_dim")
    _add_batch_dim_c = _import_and_wrap_functorch("_add_batch_dim")
    _add_batch_dim_c = _import_and_wrap_functorch("_add_batch_dim")
    _add_batch_dim_c = _import_and_wrap_functorch("_add_batch_dim")
    _add_batch_dim_c = _import_and_wrap_functorch("_add_batch_dim")
    _add_batch_dim_c = _import_and_wrap_functorch("_add_batch_dim")
    _add_batch_dim_c = _import_and_wrap_functorch("_add_batch_dim")
    _add_batch_dim_c = _import_and_wrap_functorch("_add_batch_dim")
    _add_batch_dim_c = _import_and_wrap_functorch("_add_batch_dim")
    _add_batch_dim_c = _import_and_wrap_functorch("_add_batch_dim")
    _add_batch_dim_c = _import_and_wrap_functorch("_add_batch_dim")
  File "/vol/bitbucket/osella/pyenv/versions/qecc1/lib/python3.10/site-packages/tensordict/utils.py", line 174, in _import_and_wrap_functorch
  File "/vol/bitbucket/osella/pyenv/versions/qecc1/lib/python3.10/site-packages/tensordict/utils.py", line 174, in _import_and_wrap_functorch
  File "/vol/bitbucket/osella/pyenv/versions/qecc1/lib/python3.10/site-packages/tensordict/utils.py", line 174, in _import_and_wrap_functorch
  File "/vol/bitbucket/osella/pyenv/versions/qecc1/lib/python3.10/site-packages/tensordict/utils.py", line 174, in _import_and_wrap_functorch
  File "/vol/bitbucket/osella/pyenv/versions/qecc1/lib/python3.10/site-packages/tensordict/utils.py", line 174, in _import_and_wrap_functorch
  File "/vol/bitbucket/osella/pyenv/versions/qecc1/lib/python3.10/site-packages/tensordict/utils.py", line 174, in _import_and_wrap_functorch
  File "/vol/bitbucket/osella/pyenv/versions/qecc1/lib/python3.10/site-packages/tensordict/utils.py", line 174, in _import_and_wrap_functorch
  File "/vol/bitbucket/osella/pyenv/versions/qecc1/lib/python3.10/site-packages/tensordict/utils.py", line 174, in _import_and_wrap_functorch
  File "/vol/bitbucket/osella/pyenv/versions/qecc1/lib/python3.10/site-packages/tensordict/utils.py", line 174, in _import_and_wrap_functorch
  File "/vol/bitbucket/osella/pyenv/versions/qecc1/lib/python3.10/site-packages/tensordict/utils.py", line 174, in _import_and_wrap_functorch
  File "/vol/bitbucket/osella/pyenv/versions/qecc1/lib/python3.10/site-packages/tensordict/utils.py", line 174, in _import_and_wrap_functorch
  File "/vol/bitbucket/osella/pyenv/versions/qecc1/lib/python3.10/site-packages/tensordict/utils.py", line 174, in _import_and_wrap_functorch
    _add_batch_dim_c = _import_and_wrap_functorch("_add_batch_dim")
  File "/vol/bitbucket/osella/pyenv/versions/qecc1/lib/python3.10/site-packages/tensordict/utils.py", line 174, in _import_and_wrap_functorch
    _add_batch_dim_c = _import_and_wrap_functorch("_add_batch_dim")
  File "/vol/bitbucket/osella/pyenv/versions/qecc1/lib/python3.10/site-packages/tensordict/utils.py", line 174, in _import_and_wrap_functorch
    func = _wrap_functorch_function(func)
  File "/vol/bitbucket/osella/pyenv/versions/qecc1/lib/python3.10/site-packages/tensordict/utils.py", line 119, in _wrap_functorch_function
    func = _wrap_functorch_function(func)
    func = _wrap_functorch_function(func)
  File "/vol/bitbucket/osella/pyenv/versions/qecc1/lib/python3.10/site-packages/tensordict/utils.py", line 119, in _wrap_functorch_function
  File "/vol/bitbucket/osella/pyenv/versions/qecc1/lib/python3.10/site-packages/tensordict/utils.py", line 119, in _wrap_functorch_function
    func = _wrap_functorch_function(func)
    func = _wrap_functorch_function(func)
  File "/vol/bitbucket/osella/pyenv/versions/qecc1/lib/python3.10/site-packages/tensordict/utils.py", line 119, in _wrap_functorch_function
  File "/vol/bitbucket/osella/pyenv/versions/qecc1/lib/python3.10/site-packages/tensordict/utils.py", line 119, in _wrap_functorch_function
    func = _wrap_functorch_function(func)
  File "/vol/bitbucket/osella/pyenv/versions/qecc1/lib/python3.10/site-packages/tensordict/utils.py", line 119, in _wrap_functorch_function
    func = _wrap_functorch_function(func)
  File "/vol/bitbucket/osella/pyenv/versions/qecc1/lib/python3.10/site-packages/tensordict/utils.py", line 119, in _wrap_functorch_function
    func = _wrap_functorch_function(func)
  File "/vol/bitbucket/osella/pyenv/versions/qecc1/lib/python3.10/site-packages/tensordict/utils.py", line 119, in _wrap_functorch_function
    func = _wrap_functorch_function(func)
  File "/vol/bitbucket/osella/pyenv/versions/qecc1/lib/python3.10/site-packages/tensordict/utils.py", line 119, in _wrap_functorch_function
    func = _wrap_functorch_function(func)
  File "/vol/bitbucket/osella/pyenv/versions/qecc1/lib/python3.10/site-packages/tensordict/utils.py", line 119, in _wrap_functorch_function
    func = _wrap_functorch_function(func)
  File "/vol/bitbucket/osella/pyenv/versions/qecc1/lib/python3.10/site-packages/tensordict/utils.py", line 119, in _wrap_functorch_function
    func = _wrap_functorch_function(func)
  File "/vol/bitbucket/osella/pyenv/versions/qecc1/lib/python3.10/site-packages/tensordict/utils.py", line 119, in _wrap_functorch_function
    func = _wrap_functorch_function(func)
  File "/vol/bitbucket/osella/pyenv/versions/qecc1/lib/python3.10/site-packages/tensordict/utils.py", line 119, in _wrap_functorch_function
    func = _wrap_functorch_function(func)
    func = _wrap_functorch_function(func)
  File "/vol/bitbucket/osella/pyenv/versions/qecc1/lib/python3.10/site-packages/tensordict/utils.py", line 119, in _wrap_functorch_function
  File "/vol/bitbucket/osella/pyenv/versions/qecc1/lib/python3.10/site-packages/tensordict/utils.py", line 119, in _wrap_functorch_function
    func = _wrap_functorch_function(func)
  File "/vol/bitbucket/osella/pyenv/versions/qecc1/lib/python3.10/site-packages/tensordict/utils.py", line 119, in _wrap_functorch_function
    return allow_in_graph(func)
  File "/vol/bitbucket/osella/pyenv/versions/qecc1/lib/python3.10/site-packages/torch/compiler/__init__.py", line 147, in allow_in_graph
    return allow_in_graph(func)
  File "/vol/bitbucket/osella/pyenv/versions/qecc1/lib/python3.10/site-packages/torch/compiler/__init__.py", line 147, in allow_in_graph
    return allow_in_graph(func)
  File "/vol/bitbucket/osella/pyenv/versions/qecc1/lib/python3.10/site-packages/torch/compiler/__init__.py", line 147, in allow_in_graph
    return allow_in_graph(func)
  File "/vol/bitbucket/osella/pyenv/versions/qecc1/lib/python3.10/site-packages/torch/compiler/__init__.py", line 147, in allow_in_graph
    return allow_in_graph(func)
  File "/vol/bitbucket/osella/pyenv/versions/qecc1/lib/python3.10/site-packages/torch/compiler/__init__.py", line 147, in allow_in_graph
    return allow_in_graph(func)
  File "/vol/bitbucket/osella/pyenv/versions/qecc1/lib/python3.10/site-packages/torch/compiler/__init__.py", line 147, in allow_in_graph
    return allow_in_graph(func)
  File "/vol/bitbucket/osella/pyenv/versions/qecc1/lib/python3.10/site-packages/torch/compiler/__init__.py", line 147, in allow_in_graph
    return allow_in_graph(func)
  File "/vol/bitbucket/osella/pyenv/versions/qecc1/lib/python3.10/site-packages/torch/compiler/__init__.py", line 147, in allow_in_graph
    return allow_in_graph(func)
  File "/vol/bitbucket/osella/pyenv/versions/qecc1/lib/python3.10/site-packages/torch/compiler/__init__.py", line 147, in allow_in_graph
    return allow_in_graph(func)
  File "/vol/bitbucket/osella/pyenv/versions/qecc1/lib/python3.10/site-packages/torch/compiler/__init__.py", line 147, in allow_in_graph
    return allow_in_graph(func)
  File "/vol/bitbucket/osella/pyenv/versions/qecc1/lib/python3.10/site-packages/torch/compiler/__init__.py", line 147, in allow_in_graph
    return allow_in_graph(func)
  File "/vol/bitbucket/osella/pyenv/versions/qecc1/lib/python3.10/site-packages/torch/compiler/__init__.py", line 147, in allow_in_graph
    return allow_in_graph(func)
  File "/vol/bitbucket/osella/pyenv/versions/qecc1/lib/python3.10/site-packages/torch/compiler/__init__.py", line 147, in allow_in_graph
    return allow_in_graph(func)
  File "/vol/bitbucket/osella/pyenv/versions/qecc1/lib/python3.10/site-packages/torch/compiler/__init__.py", line 147, in allow_in_graph
    return allow_in_graph(func)
  File "/vol/bitbucket/osella/pyenv/versions/qecc1/lib/python3.10/site-packages/torch/compiler/__init__.py", line 147, in allow_in_graph
    return allow_in_graph(func)
  File "/vol/bitbucket/osella/pyenv/versions/qecc1/lib/python3.10/site-packages/torch/compiler/__init__.py", line 147, in allow_in_graph
    import torch._dynamo
    import torch._dynamo
    import torch._dynamo
    import torch._dynamo
    import torch._dynamo
    import torch._dynamo
    import torch._dynamo
    import torch._dynamo
  File "/vol/bitbucket/osella/pyenv/versions/qecc1/lib/python3.10/site-packages/torch/_dynamo/__init__.py", line 13, in <module>
    import torch._dynamo
  File "/vol/bitbucket/osella/pyenv/versions/qecc1/lib/python3.10/site-packages/torch/_dynamo/__init__.py", line 13, in <module>
    import torch._dynamo
    import torch._dynamo
  File "/vol/bitbucket/osella/pyenv/versions/qecc1/lib/python3.10/site-packages/torch/_dynamo/__init__.py", line 13, in <module>
  File "/vol/bitbucket/osella/pyenv/versions/qecc1/lib/python3.10/site-packages/torch/_dynamo/__init__.py", line 13, in <module>
    import torch._dynamo
  File "/vol/bitbucket/osella/pyenv/versions/qecc1/lib/python3.10/site-packages/torch/_dynamo/__init__.py", line 13, in <module>
  File "/vol/bitbucket/osella/pyenv/versions/qecc1/lib/python3.10/site-packages/torch/_dynamo/__init__.py", line 13, in <module>
    import torch._dynamo
    import torch._dynamo
  File "/vol/bitbucket/osella/pyenv/versions/qecc1/lib/python3.10/site-packages/torch/_dynamo/__init__.py", line 13, in <module>
  File "/vol/bitbucket/osella/pyenv/versions/qecc1/lib/python3.10/site-packages/torch/_dynamo/__init__.py", line 13, in <module>
  File "/vol/bitbucket/osella/pyenv/versions/qecc1/lib/python3.10/site-packages/torch/_dynamo/__init__.py", line 13, in <module>
  File "/vol/bitbucket/osella/pyenv/versions/qecc1/lib/python3.10/site-packages/torch/_dynamo/__init__.py", line 13, in <module>
  File "/vol/bitbucket/osella/pyenv/versions/qecc1/lib/python3.10/site-packages/torch/_dynamo/__init__.py", line 13, in <module>
  File "/vol/bitbucket/osella/pyenv/versions/qecc1/lib/python3.10/site-packages/torch/_dynamo/__init__.py", line 13, in <module>
  File "/vol/bitbucket/osella/pyenv/versions/qecc1/lib/python3.10/site-packages/torch/_dynamo/__init__.py", line 13, in <module>
  File "/vol/bitbucket/osella/pyenv/versions/qecc1/lib/python3.10/site-packages/torch/_dynamo/__init__.py", line 13, in <module>
    import torch._dynamo
  File "/vol/bitbucket/osella/pyenv/versions/qecc1/lib/python3.10/site-packages/torch/_dynamo/__init__.py", line 13, in <module>
    import torch._dynamo
  File "/vol/bitbucket/osella/pyenv/versions/qecc1/lib/python3.10/site-packages/torch/_dynamo/__init__.py", line 13, in <module>
    from . import (
    from . import (
    from . import (
    from . import (
    from . import (
    from . import (
    from . import (
    from . import (
    from . import (
    from . import (
  File "/vol/bitbucket/osella/pyenv/versions/qecc1/lib/python3.10/site-packages/torch/_dynamo/aot_compile.py", line 14, in <module>
  File "/vol/bitbucket/osella/pyenv/versions/qecc1/lib/python3.10/site-packages/torch/_dynamo/aot_compile.py", line 14, in <module>
    from . import (
    from . import (
  File "/vol/bitbucket/osella/pyenv/versions/qecc1/lib/python3.10/site-packages/torch/_dynamo/aot_compile.py", line 14, in <module>
  File "/vol/bitbucket/osella/pyenv/versions/qecc1/lib/python3.10/site-packages/torch/_dynamo/aot_compile.py", line 14, in <module>
  File "/vol/bitbucket/osella/pyenv/versions/qecc1/lib/python3.10/site-packages/torch/_dynamo/aot_compile.py", line 14, in <module>
  File "/vol/bitbucket/osella/pyenv/versions/qecc1/lib/python3.10/site-packages/torch/_dynamo/aot_compile.py", line 14, in <module>
  File "/vol/bitbucket/osella/pyenv/versions/qecc1/lib/python3.10/site-packages/torch/_dynamo/aot_compile.py", line 14, in <module>
  File "/vol/bitbucket/osella/pyenv/versions/qecc1/lib/python3.10/site-packages/torch/_dynamo/aot_compile.py", line 14, in <module>
  File "/vol/bitbucket/osella/pyenv/versions/qecc1/lib/python3.10/site-packages/torch/_dynamo/aot_compile.py", line 14, in <module>
  File "/vol/bitbucket/osella/pyenv/versions/qecc1/lib/python3.10/site-packages/torch/_dynamo/aot_compile.py", line 14, in <module>
  File "/vol/bitbucket/osella/pyenv/versions/qecc1/lib/python3.10/site-packages/torch/_dynamo/aot_compile.py", line 14, in <module>
  File "/vol/bitbucket/osella/pyenv/versions/qecc1/lib/python3.10/site-packages/torch/_dynamo/aot_compile.py", line 14, in <module>
    from . import (
  File "/vol/bitbucket/osella/pyenv/versions/qecc1/lib/python3.10/site-packages/torch/_dynamo/aot_compile.py", line 14, in <module>
    from . import (
  File "/vol/bitbucket/osella/pyenv/versions/qecc1/lib/python3.10/site-packages/torch/_dynamo/aot_compile.py", line 14, in <module>
    from . import (
  File "/vol/bitbucket/osella/pyenv/versions/qecc1/lib/python3.10/site-packages/torch/_dynamo/aot_compile.py", line 14, in <module>
    from . import (
  File "/vol/bitbucket/osella/pyenv/versions/qecc1/lib/python3.10/site-packages/torch/_dynamo/aot_compile.py", line 14, in <module>
    from torch._dynamo.convert_frame import GraphRuntimeEnv
    from torch._dynamo.convert_frame import GraphRuntimeEnv
    from torch._dynamo.convert_frame import GraphRuntimeEnv
  File "/vol/bitbucket/osella/pyenv/versions/qecc1/lib/python3.10/site-packages/torch/_dynamo/convert_frame.py", line 60, in <module>
    from torch._dynamo.convert_frame import GraphRuntimeEnv
    from torch._dynamo.convert_frame import GraphRuntimeEnv
    from torch._dynamo.convert_frame import GraphRuntimeEnv
    from torch._dynamo.convert_frame import GraphRuntimeEnv
    from torch._dynamo.convert_frame import GraphRuntimeEnv
    from torch._dynamo.convert_frame import GraphRuntimeEnv
    from torch._dynamo.convert_frame import GraphRuntimeEnv
  File "/vol/bitbucket/osella/pyenv/versions/qecc1/lib/python3.10/site-packages/torch/_dynamo/convert_frame.py", line 60, in <module>
  File "/vol/bitbucket/osella/pyenv/versions/qecc1/lib/python3.10/site-packages/torch/_dynamo/convert_frame.py", line 60, in <module>
    from torch._dynamo.convert_frame import GraphRuntimeEnv
    from torch._dynamo.convert_frame import GraphRuntimeEnv
    from torch._dynamo.convert_frame import GraphRuntimeEnv
    from torch._dynamo.convert_frame import GraphRuntimeEnv
  File "/vol/bitbucket/osella/pyenv/versions/qecc1/lib/python3.10/site-packages/torch/_dynamo/convert_frame.py", line 60, in <module>
  File "/vol/bitbucket/osella/pyenv/versions/qecc1/lib/python3.10/site-packages/torch/_dynamo/convert_frame.py", line 60, in <module>
  File "/vol/bitbucket/osella/pyenv/versions/qecc1/lib/python3.10/site-packages/torch/_dynamo/convert_frame.py", line 60, in <module>
  File "/vol/bitbucket/osella/pyenv/versions/qecc1/lib/python3.10/site-packages/torch/_dynamo/convert_frame.py", line 60, in <module>
  File "/vol/bitbucket/osella/pyenv/versions/qecc1/lib/python3.10/site-packages/torch/_dynamo/convert_frame.py", line 60, in <module>
  File "/vol/bitbucket/osella/pyenv/versions/qecc1/lib/python3.10/site-packages/torch/_dynamo/convert_frame.py", line 60, in <module>
  File "/vol/bitbucket/osella/pyenv/versions/qecc1/lib/python3.10/site-packages/torch/_dynamo/convert_frame.py", line 60, in <module>
  File "/vol/bitbucket/osella/pyenv/versions/qecc1/lib/python3.10/site-packages/torch/_dynamo/convert_frame.py", line 60, in <module>
  File "/vol/bitbucket/osella/pyenv/versions/qecc1/lib/python3.10/site-packages/torch/_dynamo/convert_frame.py", line 60, in <module>
  File "/vol/bitbucket/osella/pyenv/versions/qecc1/lib/python3.10/site-packages/torch/_dynamo/convert_frame.py", line 60, in <module>
  File "/vol/bitbucket/osella/pyenv/versions/qecc1/lib/python3.10/site-packages/torch/_dynamo/convert_frame.py", line 60, in <module>
    from torch._dynamo.convert_frame import GraphRuntimeEnv
  File "/vol/bitbucket/osella/pyenv/versions/qecc1/lib/python3.10/site-packages/torch/_dynamo/convert_frame.py", line 60, in <module>
    from torch._dynamo.convert_frame import GraphRuntimeEnv
  File "/vol/bitbucket/osella/pyenv/versions/qecc1/lib/python3.10/site-packages/torch/_dynamo/convert_frame.py", line 60, in <module>
    from torch._dynamo.symbolic_convert import TensorifyState
    from torch._dynamo.symbolic_convert import TensorifyState
  File "/vol/bitbucket/osella/pyenv/versions/qecc1/lib/python3.10/site-packages/torch/_dynamo/symbolic_convert.py", line 59, in <module>
  File "/vol/bitbucket/osella/pyenv/versions/qecc1/lib/python3.10/site-packages/torch/_dynamo/symbolic_convert.py", line 59, in <module>
    from torch._dynamo.symbolic_convert import TensorifyState
    from torch._dynamo.symbolic_convert import TensorifyState
    from torch._dynamo.symbolic_convert import TensorifyState
    from torch._dynamo.symbolic_convert import TensorifyState
    from torch._dynamo.symbolic_convert import TensorifyState
    from torch._dynamo.symbolic_convert import TensorifyState
    from torch._dynamo.symbolic_convert import TensorifyState
    from torch._dynamo.symbolic_convert import TensorifyState
    from torch._dynamo.symbolic_convert import TensorifyState
  File "/vol/bitbucket/osella/pyenv/versions/qecc1/lib/python3.10/site-packages/torch/_dynamo/symbolic_convert.py", line 59, in <module>
  File "/vol/bitbucket/osella/pyenv/versions/qecc1/lib/python3.10/site-packages/torch/_dynamo/symbolic_convert.py", line 59, in <module>
    from torch._dynamo.symbolic_convert import TensorifyState
  File "/vol/bitbucket/osella/pyenv/versions/qecc1/lib/python3.10/site-packages/torch/_dynamo/symbolic_convert.py", line 59, in <module>
  File "/vol/bitbucket/osella/pyenv/versions/qecc1/lib/python3.10/site-packages/torch/_dynamo/symbolic_convert.py", line 59, in <module>
  File "/vol/bitbucket/osella/pyenv/versions/qecc1/lib/python3.10/site-packages/torch/_dynamo/symbolic_convert.py", line 59, in <module>
  File "/vol/bitbucket/osella/pyenv/versions/qecc1/lib/python3.10/site-packages/torch/_dynamo/symbolic_convert.py", line 59, in <module>
  File "/vol/bitbucket/osella/pyenv/versions/qecc1/lib/python3.10/site-packages/torch/_dynamo/symbolic_convert.py", line 59, in <module>
  File "/vol/bitbucket/osella/pyenv/versions/qecc1/lib/python3.10/site-packages/torch/_dynamo/symbolic_convert.py", line 59, in <module>
  File "/vol/bitbucket/osella/pyenv/versions/qecc1/lib/python3.10/site-packages/torch/_dynamo/symbolic_convert.py", line 59, in <module>
  File "/vol/bitbucket/osella/pyenv/versions/qecc1/lib/python3.10/site-packages/torch/_dynamo/symbolic_convert.py", line 59, in <module>
    from torch._dynamo.symbolic_convert import TensorifyState
  File "/vol/bitbucket/osella/pyenv/versions/qecc1/lib/python3.10/site-packages/torch/_dynamo/symbolic_convert.py", line 59, in <module>
    from torch._dynamo.symbolic_convert import TensorifyState
  File "/vol/bitbucket/osella/pyenv/versions/qecc1/lib/python3.10/site-packages/torch/_dynamo/symbolic_convert.py", line 59, in <module>
    from torch._dynamo.symbolic_convert import TensorifyState
  File "/vol/bitbucket/osella/pyenv/versions/qecc1/lib/python3.10/site-packages/torch/_dynamo/symbolic_convert.py", line 59, in <module>
    from torch._dynamo.symbolic_convert import TensorifyState
  File "/vol/bitbucket/osella/pyenv/versions/qecc1/lib/python3.10/site-packages/torch/_dynamo/symbolic_convert.py", line 59, in <module>
    from . import (
    from . import (
  File "/vol/bitbucket/osella/pyenv/versions/qecc1/lib/python3.10/site-packages/torch/_dynamo/trace_rules.py", line 59, in <module>
  File "/vol/bitbucket/osella/pyenv/versions/qecc1/lib/python3.10/site-packages/torch/_dynamo/trace_rules.py", line 59, in <module>
    from . import (
    from . import (
    from . import (
    from . import (
    from . import (
    from . import (
    from . import (
    from . import (
    from . import (
    from . import (
  File "/vol/bitbucket/osella/pyenv/versions/qecc1/lib/python3.10/site-packages/torch/_dynamo/trace_rules.py", line 59, in <module>
  File "/vol/bitbucket/osella/pyenv/versions/qecc1/lib/python3.10/site-packages/torch/_dynamo/trace_rules.py", line 59, in <module>
  File "/vol/bitbucket/osella/pyenv/versions/qecc1/lib/python3.10/site-packages/torch/_dynamo/trace_rules.py", line 59, in <module>
  File "/vol/bitbucket/osella/pyenv/versions/qecc1/lib/python3.10/site-packages/torch/_dynamo/trace_rules.py", line 59, in <module>
  File "/vol/bitbucket/osella/pyenv/versions/qecc1/lib/python3.10/site-packages/torch/_dynamo/trace_rules.py", line 59, in <module>
  File "/vol/bitbucket/osella/pyenv/versions/qecc1/lib/python3.10/site-packages/torch/_dynamo/trace_rules.py", line 59, in <module>
  File "/vol/bitbucket/osella/pyenv/versions/qecc1/lib/python3.10/site-packages/torch/_dynamo/trace_rules.py", line 59, in <module>
  File "/vol/bitbucket/osella/pyenv/versions/qecc1/lib/python3.10/site-packages/torch/_dynamo/trace_rules.py", line 59, in <module>
  File "/vol/bitbucket/osella/pyenv/versions/qecc1/lib/python3.10/site-packages/torch/_dynamo/trace_rules.py", line 59, in <module>
  File "/vol/bitbucket/osella/pyenv/versions/qecc1/lib/python3.10/site-packages/torch/_dynamo/trace_rules.py", line 59, in <module>
    from . import (
  File "/vol/bitbucket/osella/pyenv/versions/qecc1/lib/python3.10/site-packages/torch/_dynamo/trace_rules.py", line 59, in <module>
    from . import (
  File "/vol/bitbucket/osella/pyenv/versions/qecc1/lib/python3.10/site-packages/torch/_dynamo/trace_rules.py", line 59, in <module>
    from . import (
  File "/vol/bitbucket/osella/pyenv/versions/qecc1/lib/python3.10/site-packages/torch/_dynamo/trace_rules.py", line 59, in <module>
    from . import (
  File "/vol/bitbucket/osella/pyenv/versions/qecc1/lib/python3.10/site-packages/torch/_dynamo/trace_rules.py", line 59, in <module>
    from .variables import (
    from .variables import (
  File "/vol/bitbucket/osella/pyenv/versions/qecc1/lib/python3.10/site-packages/torch/_dynamo/variables/__init__.py", line 19, in <module>
    from .variables import (
    from .variables import (
  File "/vol/bitbucket/osella/pyenv/versions/qecc1/lib/python3.10/site-packages/torch/_dynamo/variables/__init__.py", line 19, in <module>
    from .variables import (
  File "/vol/bitbucket/osella/pyenv/versions/qecc1/lib/python3.10/site-packages/torch/_dynamo/variables/__init__.py", line 19, in <module>
    from .variables import (
    from .variables import (
    from .variables import (
    from .variables import (
  File "/vol/bitbucket/osella/pyenv/versions/qecc1/lib/python3.10/site-packages/torch/_dynamo/variables/__init__.py", line 19, in <module>
  File "/vol/bitbucket/osella/pyenv/versions/qecc1/lib/python3.10/site-packages/torch/_dynamo/variables/__init__.py", line 19, in <module>
  File "/vol/bitbucket/osella/pyenv/versions/qecc1/lib/python3.10/site-packages/torch/_dynamo/variables/__init__.py", line 19, in <module>
    from .variables import (
    from .variables import (
    from .variables import (
    from .variables import (
  File "/vol/bitbucket/osella/pyenv/versions/qecc1/lib/python3.10/site-packages/torch/_dynamo/variables/__init__.py", line 19, in <module>
  File "/vol/bitbucket/osella/pyenv/versions/qecc1/lib/python3.10/site-packages/torch/_dynamo/variables/__init__.py", line 19, in <module>
  File "/vol/bitbucket/osella/pyenv/versions/qecc1/lib/python3.10/site-packages/torch/_dynamo/variables/__init__.py", line 19, in <module>
  File "/vol/bitbucket/osella/pyenv/versions/qecc1/lib/python3.10/site-packages/torch/_dynamo/variables/__init__.py", line 19, in <module>
  File "/vol/bitbucket/osella/pyenv/versions/qecc1/lib/python3.10/site-packages/torch/_dynamo/variables/__init__.py", line 19, in <module>
  File "/vol/bitbucket/osella/pyenv/versions/qecc1/lib/python3.10/site-packages/torch/_dynamo/variables/__init__.py", line 19, in <module>
  File "/vol/bitbucket/osella/pyenv/versions/qecc1/lib/python3.10/site-packages/torch/_dynamo/variables/__init__.py", line 19, in <module>
    from .variables import (
  File "/vol/bitbucket/osella/pyenv/versions/qecc1/lib/python3.10/site-packages/torch/_dynamo/variables/__init__.py", line 19, in <module>
    from .variables import (
  File "/vol/bitbucket/osella/pyenv/versions/qecc1/lib/python3.10/site-packages/torch/_dynamo/variables/__init__.py", line 19, in <module>
    from .variables import (
  File "/vol/bitbucket/osella/pyenv/versions/qecc1/lib/python3.10/site-packages/torch/_dynamo/variables/__init__.py", line 19, in <module>
    from .base import VariableTracker
    from .base import VariableTracker
  File "/vol/bitbucket/osella/pyenv/versions/qecc1/lib/python3.10/site-packages/torch/_dynamo/variables/base.py", line 824, in <module>
  File "/vol/bitbucket/osella/pyenv/versions/qecc1/lib/python3.10/site-packages/torch/_dynamo/variables/base.py", line 824, in <module>
    from .base import VariableTracker
    from .base import VariableTracker
    from .base import VariableTracker
    from .base import VariableTracker
    from .base import VariableTracker
    from .base import VariableTracker
    from .base import VariableTracker
    from .base import VariableTracker
  File "/vol/bitbucket/osella/pyenv/versions/qecc1/lib/python3.10/site-packages/torch/_dynamo/variables/base.py", line 824, in <module>
    from .base import VariableTracker
    from .base import VariableTracker
  File "/vol/bitbucket/osella/pyenv/versions/qecc1/lib/python3.10/site-packages/torch/_dynamo/variables/base.py", line 824, in <module>
  File "/vol/bitbucket/osella/pyenv/versions/qecc1/lib/python3.10/site-packages/torch/_dynamo/variables/base.py", line 824, in <module>
    from .base import VariableTracker
  File "/vol/bitbucket/osella/pyenv/versions/qecc1/lib/python3.10/site-packages/torch/_dynamo/variables/base.py", line 824, in <module>
  File "/vol/bitbucket/osella/pyenv/versions/qecc1/lib/python3.10/site-packages/torch/_dynamo/variables/base.py", line 824, in <module>
  File "/vol/bitbucket/osella/pyenv/versions/qecc1/lib/python3.10/site-packages/torch/_dynamo/variables/base.py", line 824, in <module>
  File "/vol/bitbucket/osella/pyenv/versions/qecc1/lib/python3.10/site-packages/torch/_dynamo/variables/base.py", line 824, in <module>
  File "/vol/bitbucket/osella/pyenv/versions/qecc1/lib/python3.10/site-packages/torch/_dynamo/variables/base.py", line 824, in <module>
  File "/vol/bitbucket/osella/pyenv/versions/qecc1/lib/python3.10/site-packages/torch/_dynamo/variables/base.py", line 824, in <module>
  File "/vol/bitbucket/osella/pyenv/versions/qecc1/lib/python3.10/site-packages/torch/_dynamo/variables/base.py", line 824, in <module>
  File "/vol/bitbucket/osella/pyenv/versions/qecc1/lib/python3.10/site-packages/torch/_dynamo/variables/base.py", line 824, in <module>
    from .base import VariableTracker
  File "/vol/bitbucket/osella/pyenv/versions/qecc1/lib/python3.10/site-packages/torch/_dynamo/variables/base.py", line 824, in <module>
    from .base import VariableTracker
  File "/vol/bitbucket/osella/pyenv/versions/qecc1/lib/python3.10/site-packages/torch/_dynamo/variables/base.py", line 824, in <module>
    from .base import VariableTracker
  File "/vol/bitbucket/osella/pyenv/versions/qecc1/lib/python3.10/site-packages/torch/_dynamo/variables/base.py", line 824, in <module>
    from . import builder
    from . import builder
    from . import builder
    from . import builder
    from . import builder
    from . import builder
    from . import builder
  File "/vol/bitbucket/osella/pyenv/versions/qecc1/lib/python3.10/site-packages/torch/_dynamo/variables/builder.py", line 100, in <module>
    from . import builder
    from . import builder
  File "/vol/bitbucket/osella/pyenv/versions/qecc1/lib/python3.10/site-packages/torch/_dynamo/variables/builder.py", line 100, in <module>
    from . import builder
  File "/vol/bitbucket/osella/pyenv/versions/qecc1/lib/python3.10/site-packages/torch/_dynamo/variables/builder.py", line 100, in <module>
    from . import builder
  File "/vol/bitbucket/osella/pyenv/versions/qecc1/lib/python3.10/site-packages/torch/_dynamo/variables/builder.py", line 100, in <module>
  File "/vol/bitbucket/osella/pyenv/versions/qecc1/lib/python3.10/site-packages/torch/_dynamo/variables/builder.py", line 100, in <module>
    from . import builder
    from . import builder
    from . import builder
    from . import builder
  File "/vol/bitbucket/osella/pyenv/versions/qecc1/lib/python3.10/site-packages/torch/_dynamo/variables/builder.py", line 100, in <module>
  File "/vol/bitbucket/osella/pyenv/versions/qecc1/lib/python3.10/site-packages/torch/_dynamo/variables/builder.py", line 100, in <module>
  File "/vol/bitbucket/osella/pyenv/versions/qecc1/lib/python3.10/site-packages/torch/_dynamo/variables/builder.py", line 100, in <module>
  File "/vol/bitbucket/osella/pyenv/versions/qecc1/lib/python3.10/site-packages/torch/_dynamo/variables/builder.py", line 100, in <module>
  File "/vol/bitbucket/osella/pyenv/versions/qecc1/lib/python3.10/site-packages/torch/_dynamo/variables/builder.py", line 100, in <module>
  File "/vol/bitbucket/osella/pyenv/versions/qecc1/lib/python3.10/site-packages/torch/_dynamo/variables/builder.py", line 100, in <module>
  File "/vol/bitbucket/osella/pyenv/versions/qecc1/lib/python3.10/site-packages/torch/_dynamo/variables/builder.py", line 100, in <module>
  File "/vol/bitbucket/osella/pyenv/versions/qecc1/lib/python3.10/site-packages/torch/_dynamo/variables/builder.py", line 100, in <module>
  File "/vol/bitbucket/osella/pyenv/versions/qecc1/lib/python3.10/site-packages/torch/_dynamo/variables/builder.py", line 100, in <module>
  File "/vol/bitbucket/osella/pyenv/versions/qecc1/lib/python3.10/site-packages/torch/_dynamo/variables/builder.py", line 100, in <module>
    from . import builder
  File "/vol/bitbucket/osella/pyenv/versions/qecc1/lib/python3.10/site-packages/torch/_dynamo/variables/builder.py", line 100, in <module>
    from ..side_effects import SideEffects
  File "/vol/bitbucket/osella/pyenv/versions/qecc1/lib/python3.10/site-packages/torch/_dynamo/side_effects.py", line 34, in <module>
    from ..side_effects import SideEffects
    from ..side_effects import SideEffects
    from ..side_effects import SideEffects
    from ..side_effects import SideEffects
    from ..side_effects import SideEffects
    from ..side_effects import SideEffects
  File "/vol/bitbucket/osella/pyenv/versions/qecc1/lib/python3.10/site-packages/torch/_dynamo/side_effects.py", line 34, in <module>
  File "/vol/bitbucket/osella/pyenv/versions/qecc1/lib/python3.10/site-packages/torch/_dynamo/side_effects.py", line 34, in <module>
    from ..side_effects import SideEffects
    from ..side_effects import SideEffects
    from ..side_effects import SideEffects
    from ..side_effects import SideEffects
  File "/vol/bitbucket/osella/pyenv/versions/qecc1/lib/python3.10/site-packages/torch/_dynamo/side_effects.py", line 34, in <module>
  File "/vol/bitbucket/osella/pyenv/versions/qecc1/lib/python3.10/site-packages/torch/_dynamo/side_effects.py", line 34, in <module>
  File "/vol/bitbucket/osella/pyenv/versions/qecc1/lib/python3.10/site-packages/torch/_dynamo/side_effects.py", line 34, in <module>
    from ..side_effects import SideEffects
    from ..side_effects import SideEffects
    from ..side_effects import SideEffects
  File "/vol/bitbucket/osella/pyenv/versions/qecc1/lib/python3.10/site-packages/torch/_dynamo/side_effects.py", line 34, in <module>
  File "/vol/bitbucket/osella/pyenv/versions/qecc1/lib/python3.10/site-packages/torch/_dynamo/side_effects.py", line 34, in <module>
  File "/vol/bitbucket/osella/pyenv/versions/qecc1/lib/python3.10/site-packages/torch/_dynamo/side_effects.py", line 34, in <module>
  File "/vol/bitbucket/osella/pyenv/versions/qecc1/lib/python3.10/site-packages/torch/_dynamo/side_effects.py", line 34, in <module>
  File "/vol/bitbucket/osella/pyenv/versions/qecc1/lib/python3.10/site-packages/torch/_dynamo/side_effects.py", line 34, in <module>
  File "/vol/bitbucket/osella/pyenv/versions/qecc1/lib/python3.10/site-packages/torch/_dynamo/side_effects.py", line 34, in <module>
  File "/vol/bitbucket/osella/pyenv/versions/qecc1/lib/python3.10/site-packages/torch/_dynamo/side_effects.py", line 34, in <module>
  File "/vol/bitbucket/osella/pyenv/versions/qecc1/lib/python3.10/site-packages/torch/_dynamo/side_effects.py", line 34, in <module>
    from ..side_effects import SideEffects
  File "/vol/bitbucket/osella/pyenv/versions/qecc1/lib/python3.10/site-packages/torch/_dynamo/side_effects.py", line 34, in <module>
    from ..side_effects import SideEffects
  File "/vol/bitbucket/osella/pyenv/versions/qecc1/lib/python3.10/site-packages/torch/_dynamo/side_effects.py", line 34, in <module>
    from torch._dynamo.variables.misc import AutogradFunctionContextVariable
    from torch._dynamo.variables.misc import AutogradFunctionContextVariable
  File "/vol/bitbucket/osella/pyenv/versions/qecc1/lib/python3.10/site-packages/torch/_dynamo/variables/misc.py", line 71, in <module>
  File "/vol/bitbucket/osella/pyenv/versions/qecc1/lib/python3.10/site-packages/torch/_dynamo/variables/misc.py", line 71, in <module>
    from torch._dynamo.variables.misc import AutogradFunctionContextVariable
    from torch._dynamo.variables.misc import AutogradFunctionContextVariable
    from torch._dynamo.variables.misc import AutogradFunctionContextVariable
    from torch._dynamo.variables.misc import AutogradFunctionContextVariable
    from torch._dynamo.variables.misc import AutogradFunctionContextVariable
    from torch._dynamo.variables.misc import AutogradFunctionContextVariable
    from torch._dynamo.variables.misc import AutogradFunctionContextVariable
    from torch._dynamo.variables.misc import AutogradFunctionContextVariable
    from torch._dynamo.variables.misc import AutogradFunctionContextVariable
    from torch._dynamo.variables.misc import AutogradFunctionContextVariable
  File "/vol/bitbucket/osella/pyenv/versions/qecc1/lib/python3.10/site-packages/torch/_dynamo/variables/misc.py", line 71, in <module>
  File "/vol/bitbucket/osella/pyenv/versions/qecc1/lib/python3.10/site-packages/torch/_dynamo/variables/misc.py", line 71, in <module>
  File "/vol/bitbucket/osella/pyenv/versions/qecc1/lib/python3.10/site-packages/torch/_dynamo/variables/misc.py", line 71, in <module>
  File "/vol/bitbucket/osella/pyenv/versions/qecc1/lib/python3.10/site-packages/torch/_dynamo/variables/misc.py", line 71, in <module>
  File "/vol/bitbucket/osella/pyenv/versions/qecc1/lib/python3.10/site-packages/torch/_dynamo/variables/misc.py", line 71, in <module>
  File "/vol/bitbucket/osella/pyenv/versions/qecc1/lib/python3.10/site-packages/torch/_dynamo/variables/misc.py", line 71, in <module>
  File "/vol/bitbucket/osella/pyenv/versions/qecc1/lib/python3.10/site-packages/torch/_dynamo/variables/misc.py", line 71, in <module>
  File "/vol/bitbucket/osella/pyenv/versions/qecc1/lib/python3.10/site-packages/torch/_dynamo/variables/misc.py", line 71, in <module>
  File "/vol/bitbucket/osella/pyenv/versions/qecc1/lib/python3.10/site-packages/torch/_dynamo/variables/misc.py", line 71, in <module>
  File "/vol/bitbucket/osella/pyenv/versions/qecc1/lib/python3.10/site-packages/torch/_dynamo/variables/misc.py", line 71, in <module>
    from torch._dynamo.variables.misc import AutogradFunctionContextVariable
  File "/vol/bitbucket/osella/pyenv/versions/qecc1/lib/python3.10/site-packages/torch/_dynamo/variables/misc.py", line 71, in <module>
    from torch._dynamo.variables.misc import AutogradFunctionContextVariable
  File "/vol/bitbucket/osella/pyenv/versions/qecc1/lib/python3.10/site-packages/torch/_dynamo/variables/misc.py", line 71, in <module>
    from torch._dynamo.variables.misc import AutogradFunctionContextVariable
  File "/vol/bitbucket/osella/pyenv/versions/qecc1/lib/python3.10/site-packages/torch/_dynamo/variables/misc.py", line 71, in <module>
    from torch._dynamo.variables.misc import AutogradFunctionContextVariable
  File "/vol/bitbucket/osella/pyenv/versions/qecc1/lib/python3.10/site-packages/torch/_dynamo/variables/misc.py", line 71, in <module>
    from .functions import NestedUserFunctionVariable, UserFunctionVariable
    from .functions import NestedUserFunctionVariable, UserFunctionVariable
    from .functions import NestedUserFunctionVariable, UserFunctionVariable
    from .functions import NestedUserFunctionVariable, UserFunctionVariable
    from .functions import NestedUserFunctionVariable, UserFunctionVariable
    from .functions import NestedUserFunctionVariable, UserFunctionVariable
    from .functions import NestedUserFunctionVariable, UserFunctionVariable
  File "/vol/bitbucket/osella/pyenv/versions/qecc1/lib/python3.10/site-packages/torch/_dynamo/variables/functions.py", line 93, in <module>
    from .functions import NestedUserFunctionVariable, UserFunctionVariable
    from .functions import NestedUserFunctionVariable, UserFunctionVariable
    from .functions import NestedUserFunctionVariable, UserFunctionVariable
  File "/vol/bitbucket/osella/pyenv/versions/qecc1/lib/python3.10/site-packages/torch/_dynamo/variables/functions.py", line 93, in <module>
  File "/vol/bitbucket/osella/pyenv/versions/qecc1/lib/python3.10/site-packages/torch/_dynamo/variables/functions.py", line 93, in <module>
    from .functions import NestedUserFunctionVariable, UserFunctionVariable
    from .functions import NestedUserFunctionVariable, UserFunctionVariable
  File "/vol/bitbucket/osella/pyenv/versions/qecc1/lib/python3.10/site-packages/torch/_dynamo/variables/functions.py", line 93, in <module>
    from .functions import NestedUserFunctionVariable, UserFunctionVariable
    from .functions import NestedUserFunctionVariable, UserFunctionVariable
    from .functions import NestedUserFunctionVariable, UserFunctionVariable
  File "/vol/bitbucket/osella/pyenv/versions/qecc1/lib/python3.10/site-packages/torch/_dynamo/variables/functions.py", line 93, in <module>
  File "/vol/bitbucket/osella/pyenv/versions/qecc1/lib/python3.10/site-packages/torch/_dynamo/variables/functions.py", line 93, in <module>
  File "/vol/bitbucket/osella/pyenv/versions/qecc1/lib/python3.10/site-packages/torch/_dynamo/variables/functions.py", line 93, in <module>
  File "/vol/bitbucket/osella/pyenv/versions/qecc1/lib/python3.10/site-packages/torch/_dynamo/variables/functions.py", line 93, in <module>
  File "/vol/bitbucket/osella/pyenv/versions/qecc1/lib/python3.10/site-packages/torch/_dynamo/variables/functions.py", line 93, in <module>
  File "/vol/bitbucket/osella/pyenv/versions/qecc1/lib/python3.10/site-packages/torch/_dynamo/variables/functions.py", line 93, in <module>
  File "/vol/bitbucket/osella/pyenv/versions/qecc1/lib/python3.10/site-packages/torch/_dynamo/variables/functions.py", line 93, in <module>
  File "/vol/bitbucket/osella/pyenv/versions/qecc1/lib/python3.10/site-packages/torch/_dynamo/variables/functions.py", line 93, in <module>
  File "/vol/bitbucket/osella/pyenv/versions/qecc1/lib/python3.10/site-packages/torch/_dynamo/variables/functions.py", line 93, in <module>
  File "/vol/bitbucket/osella/pyenv/versions/qecc1/lib/python3.10/site-packages/torch/_dynamo/variables/functions.py", line 93, in <module>
  File "/vol/bitbucket/osella/pyenv/versions/qecc1/lib/python3.10/site-packages/torch/_dynamo/variables/functions.py", line 93, in <module>
    from .functions import NestedUserFunctionVariable, UserFunctionVariable
  File "/vol/bitbucket/osella/pyenv/versions/qecc1/lib/python3.10/site-packages/torch/_dynamo/variables/functions.py", line 93, in <module>
    from torch.distributed.fsdp._fully_shard import _fsdp_param_group
    from torch.distributed.fsdp._fully_shard import _fsdp_param_group
  File "/vol/bitbucket/osella/pyenv/versions/qecc1/lib/python3.10/site-packages/torch/distributed/fsdp/__init__.py", line 12, in <module>
    from torch.distributed.fsdp._fully_shard import _fsdp_param_group
    from torch.distributed.fsdp._fully_shard import _fsdp_param_group
    from torch.distributed.fsdp._fully_shard import _fsdp_param_group
    from torch.distributed.fsdp._fully_shard import _fsdp_param_group
    from torch.distributed.fsdp._fully_shard import _fsdp_param_group
    from torch.distributed.fsdp._fully_shard import _fsdp_param_group
    from torch.distributed.fsdp._fully_shard import _fsdp_param_group
    from torch.distributed.fsdp._fully_shard import _fsdp_param_group
    from torch.distributed.fsdp._fully_shard import _fsdp_param_group
  File "/vol/bitbucket/osella/pyenv/versions/qecc1/lib/python3.10/site-packages/torch/distributed/fsdp/__init__.py", line 12, in <module>
    from torch.distributed.fsdp._fully_shard import _fsdp_param_group
  File "/vol/bitbucket/osella/pyenv/versions/qecc1/lib/python3.10/site-packages/torch/distributed/fsdp/__init__.py", line 12, in <module>
    from torch.distributed.fsdp._fully_shard import _fsdp_param_group
  File "/vol/bitbucket/osella/pyenv/versions/qecc1/lib/python3.10/site-packages/torch/distributed/fsdp/__init__.py", line 12, in <module>
    from torch.distributed.fsdp._fully_shard import _fsdp_param_group
  File "/vol/bitbucket/osella/pyenv/versions/qecc1/lib/python3.10/site-packages/torch/distributed/fsdp/__init__.py", line 12, in <module>
  File "/vol/bitbucket/osella/pyenv/versions/qecc1/lib/python3.10/site-packages/torch/distributed/fsdp/__init__.py", line 12, in <module>
    from torch.distributed.fsdp._fully_shard import _fsdp_param_group
  File "/vol/bitbucket/osella/pyenv/versions/qecc1/lib/python3.10/site-packages/torch/distributed/fsdp/__init__.py", line 12, in <module>
  File "/vol/bitbucket/osella/pyenv/versions/qecc1/lib/python3.10/site-packages/torch/distributed/fsdp/__init__.py", line 12, in <module>
  File "/vol/bitbucket/osella/pyenv/versions/qecc1/lib/python3.10/site-packages/torch/distributed/fsdp/__init__.py", line 12, in <module>
  File "/vol/bitbucket/osella/pyenv/versions/qecc1/lib/python3.10/site-packages/torch/distributed/fsdp/__init__.py", line 12, in <module>
  File "/vol/bitbucket/osella/pyenv/versions/qecc1/lib/python3.10/site-packages/torch/distributed/fsdp/__init__.py", line 12, in <module>
  File "/vol/bitbucket/osella/pyenv/versions/qecc1/lib/python3.10/site-packages/torch/distributed/fsdp/__init__.py", line 12, in <module>
  File "/vol/bitbucket/osella/pyenv/versions/qecc1/lib/python3.10/site-packages/torch/distributed/fsdp/__init__.py", line 12, in <module>
  File "/vol/bitbucket/osella/pyenv/versions/qecc1/lib/python3.10/site-packages/torch/distributed/fsdp/__init__.py", line 12, in <module>
  File "/vol/bitbucket/osella/pyenv/versions/qecc1/lib/python3.10/site-packages/torch/distributed/fsdp/__init__.py", line 12, in <module>
    from torch.distributed.fsdp._fully_shard import _fsdp_param_group
  File "/vol/bitbucket/osella/pyenv/versions/qecc1/lib/python3.10/site-packages/torch/distributed/fsdp/__init__.py", line 12, in <module>
    from .fully_sharded_data_parallel import (
    from .fully_sharded_data_parallel import (
    from .fully_sharded_data_parallel import (
    from .fully_sharded_data_parallel import (
    from .fully_sharded_data_parallel import (
    from .fully_sharded_data_parallel import (
    from .fully_sharded_data_parallel import (
    from .fully_sharded_data_parallel import (
  File "/vol/bitbucket/osella/pyenv/versions/qecc1/lib/python3.10/site-packages/torch/distributed/fsdp/fully_sharded_data_parallel.py", line 32, in <module>
    from .fully_sharded_data_parallel import (
  File "/vol/bitbucket/osella/pyenv/versions/qecc1/lib/python3.10/site-packages/torch/distributed/fsdp/fully_sharded_data_parallel.py", line 32, in <module>
  File "/vol/bitbucket/osella/pyenv/versions/qecc1/lib/python3.10/site-packages/torch/distributed/fsdp/fully_sharded_data_parallel.py", line 32, in <module>
    from .fully_sharded_data_parallel import (
    from .fully_sharded_data_parallel import (
  File "/vol/bitbucket/osella/pyenv/versions/qecc1/lib/python3.10/site-packages/torch/distributed/fsdp/fully_sharded_data_parallel.py", line 32, in <module>
  File "/vol/bitbucket/osella/pyenv/versions/qecc1/lib/python3.10/site-packages/torch/distributed/fsdp/fully_sharded_data_parallel.py", line 32, in <module>
  File "/vol/bitbucket/osella/pyenv/versions/qecc1/lib/python3.10/site-packages/torch/distributed/fsdp/fully_sharded_data_parallel.py", line 32, in <module>
  File "/vol/bitbucket/osella/pyenv/versions/qecc1/lib/python3.10/site-packages/torch/distributed/fsdp/fully_sharded_data_parallel.py", line 32, in <module>
    from .fully_sharded_data_parallel import (
  File "/vol/bitbucket/osella/pyenv/versions/qecc1/lib/python3.10/site-packages/torch/distributed/fsdp/fully_sharded_data_parallel.py", line 32, in <module>
  File "/vol/bitbucket/osella/pyenv/versions/qecc1/lib/python3.10/site-packages/torch/distributed/fsdp/fully_sharded_data_parallel.py", line 32, in <module>
    from .fully_sharded_data_parallel import (
  File "/vol/bitbucket/osella/pyenv/versions/qecc1/lib/python3.10/site-packages/torch/distributed/fsdp/fully_sharded_data_parallel.py", line 32, in <module>
  File "/vol/bitbucket/osella/pyenv/versions/qecc1/lib/python3.10/site-packages/torch/distributed/fsdp/fully_sharded_data_parallel.py", line 32, in <module>
    from .fully_sharded_data_parallel import (
  File "/vol/bitbucket/osella/pyenv/versions/qecc1/lib/python3.10/site-packages/torch/distributed/fsdp/fully_sharded_data_parallel.py", line 32, in <module>
  File "/vol/bitbucket/osella/pyenv/versions/qecc1/lib/python3.10/site-packages/torch/distributed/fsdp/fully_sharded_data_parallel.py", line 32, in <module>
  File "/vol/bitbucket/osella/pyenv/versions/qecc1/lib/python3.10/site-packages/torch/distributed/fsdp/fully_sharded_data_parallel.py", line 32, in <module>
    from .fully_sharded_data_parallel import (
    from .fully_sharded_data_parallel import (
  File "/vol/bitbucket/osella/pyenv/versions/qecc1/lib/python3.10/site-packages/torch/distributed/fsdp/fully_sharded_data_parallel.py", line 32, in <module>
  File "/vol/bitbucket/osella/pyenv/versions/qecc1/lib/python3.10/site-packages/torch/distributed/fsdp/fully_sharded_data_parallel.py", line 32, in <module>
    from torch.distributed.fsdp._init_utils import (
    from torch.distributed.fsdp._init_utils import (
    from torch.distributed.fsdp._init_utils import (
    from torch.distributed.fsdp._init_utils import (
  File "/vol/bitbucket/osella/pyenv/versions/qecc1/lib/python3.10/site-packages/torch/distributed/fsdp/_init_utils.py", line 45, in <module>
    from torch.distributed.fsdp._init_utils import (
    from torch.distributed.fsdp._init_utils import (
    from torch.distributed.fsdp._init_utils import (
    from torch.distributed.fsdp._init_utils import (
    from torch.distributed.fsdp._init_utils import (
    from torch.distributed.fsdp._init_utils import (
    from torch.distributed.fsdp._init_utils import (
    from torch.distributed.fsdp._init_utils import (
    from torch.distributed.fsdp._init_utils import (
    from torch.distributed.fsdp._init_utils import (
    from torch.distributed.fsdp._init_utils import (
  File "/vol/bitbucket/osella/pyenv/versions/qecc1/lib/python3.10/site-packages/torch/distributed/fsdp/_init_utils.py", line 45, in <module>
  File "/vol/bitbucket/osella/pyenv/versions/qecc1/lib/python3.10/site-packages/torch/distributed/fsdp/_init_utils.py", line 45, in <module>
  File "/vol/bitbucket/osella/pyenv/versions/qecc1/lib/python3.10/site-packages/torch/distributed/fsdp/_init_utils.py", line 45, in <module>
  File "/vol/bitbucket/osella/pyenv/versions/qecc1/lib/python3.10/site-packages/torch/distributed/fsdp/_init_utils.py", line 45, in <module>
  File "/vol/bitbucket/osella/pyenv/versions/qecc1/lib/python3.10/site-packages/torch/distributed/fsdp/_init_utils.py", line 45, in <module>
  File "/vol/bitbucket/osella/pyenv/versions/qecc1/lib/python3.10/site-packages/torch/distributed/fsdp/_init_utils.py", line 45, in <module>
  File "/vol/bitbucket/osella/pyenv/versions/qecc1/lib/python3.10/site-packages/torch/distributed/fsdp/_init_utils.py", line 45, in <module>
  File "/vol/bitbucket/osella/pyenv/versions/qecc1/lib/python3.10/site-packages/torch/distributed/fsdp/_init_utils.py", line 45, in <module>
  File "/vol/bitbucket/osella/pyenv/versions/qecc1/lib/python3.10/site-packages/torch/distributed/fsdp/_init_utils.py", line 45, in <module>
  File "/vol/bitbucket/osella/pyenv/versions/qecc1/lib/python3.10/site-packages/torch/distributed/fsdp/_init_utils.py", line 45, in <module>
  File "/vol/bitbucket/osella/pyenv/versions/qecc1/lib/python3.10/site-packages/torch/distributed/fsdp/_init_utils.py", line 45, in <module>
  File "/vol/bitbucket/osella/pyenv/versions/qecc1/lib/python3.10/site-packages/torch/distributed/fsdp/_init_utils.py", line 45, in <module>
  File "/vol/bitbucket/osella/pyenv/versions/qecc1/lib/python3.10/site-packages/torch/distributed/fsdp/_init_utils.py", line 45, in <module>
  File "/vol/bitbucket/osella/pyenv/versions/qecc1/lib/python3.10/site-packages/torch/distributed/fsdp/_init_utils.py", line 45, in <module>
    from torch.distributed.fsdp._init_utils import (
  File "/vol/bitbucket/osella/pyenv/versions/qecc1/lib/python3.10/site-packages/torch/distributed/fsdp/_init_utils.py", line 45, in <module>
    from torch.distributed.tensor.parallel.fsdp import DTensorExtensions
    from torch.distributed.tensor.parallel.fsdp import DTensorExtensions
    from torch.distributed.tensor.parallel.fsdp import DTensorExtensions
    from torch.distributed.tensor.parallel.fsdp import DTensorExtensions
    from torch.distributed.tensor.parallel.fsdp import DTensorExtensions
    from torch.distributed.tensor.parallel.fsdp import DTensorExtensions
  File "<frozen importlib._bootstrap>", line 1027, in _find_and_load
  File "<frozen importlib._bootstrap>", line 1027, in _find_and_load
    from torch.distributed.tensor.parallel.fsdp import DTensorExtensions
    from torch.distributed.tensor.parallel.fsdp import DTensorExtensions
    from torch.distributed.tensor.parallel.fsdp import DTensorExtensions
    from torch.distributed.tensor.parallel.fsdp import DTensorExtensions
    from torch.distributed.tensor.parallel.fsdp import DTensorExtensions
  File "<frozen importlib._bootstrap>", line 1027, in _find_and_load
  File "<frozen importlib._bootstrap>", line 1027, in _find_and_load
    from torch.distributed.tensor.parallel.fsdp import DTensorExtensions
    from torch.distributed.tensor.parallel.fsdp import DTensorExtensions
    from torch.distributed.tensor.parallel.fsdp import DTensorExtensions
    from torch.distributed.tensor.parallel.fsdp import DTensorExtensions
  File "<frozen importlib._bootstrap>", line 1027, in _find_and_load
  File "<frozen importlib._bootstrap>", line 1027, in _find_and_load
  File "<frozen importlib._bootstrap>", line 1027, in _find_and_load
  File "<frozen importlib._bootstrap>", line 1027, in _find_and_load
  File "<frozen importlib._bootstrap>", line 1027, in _find_and_load
  File "<frozen importlib._bootstrap>", line 1027, in _find_and_load
  File "<frozen importlib._bootstrap>", line 1027, in _find_and_load
  File "<frozen importlib._bootstrap>", line 1027, in _find_and_load
  File "<frozen importlib._bootstrap>", line 1027, in _find_and_load
  File "<frozen importlib._bootstrap>", line 1027, in _find_and_load
  File "<frozen importlib._bootstrap>", line 1027, in _find_and_load
    from torch.distributed.tensor.parallel.fsdp import DTensorExtensions
  File "<frozen importlib._bootstrap>", line 1027, in _find_and_load
  File "<frozen importlib._bootstrap>", line 1002, in _find_and_load_unlocked
  File "<frozen importlib._bootstrap>", line 1006, in _find_and_load_unlocked
  File "<frozen importlib._bootstrap>", line 1002, in _find_and_load_unlocked
  File "<frozen importlib._bootstrap>", line 1002, in _find_and_load_unlocked
  File "<frozen importlib._bootstrap>", line 1002, in _find_and_load_unlocked
  File "<frozen importlib._bootstrap>", line 1002, in _find_and_load_unlocked
  File "<frozen importlib._bootstrap>", line 1006, in _find_and_load_unlocked
  File "<frozen importlib._bootstrap>", line 1002, in _find_and_load_unlocked
  File "<frozen importlib._bootstrap>", line 1006, in _find_and_load_unlocked
  File "<frozen importlib._bootstrap>", line 1006, in _find_and_load_unlocked
  File "<frozen importlib._bootstrap>", line 1006, in _find_and_load_unlocked
  File "<frozen importlib._bootstrap>", line 1006, in _find_and_load_unlocked
  File "<frozen importlib._bootstrap>", line 1002, in _find_and_load_unlocked
  File "<frozen importlib._bootstrap>", line 1006, in _find_and_load_unlocked
  File "<frozen importlib._bootstrap>", line 1002, in _find_and_load_unlocked
  File "<frozen importlib._bootstrap>", line 1006, in _find_and_load_unlocked
  File "<frozen importlib._bootstrap>", line 688, in _load_unlocked
  File "<frozen importlib._bootstrap>", line 945, in _find_spec
  File "<frozen importlib._bootstrap>", line 945, in _find_spec
  File "<frozen importlib._bootstrap>", line 945, in _find_spec
  File "<frozen importlib._bootstrap>", line 945, in _find_spec
  File "<frozen importlib._bootstrap>", line 945, in _find_spec
  File "<frozen importlib._bootstrap>", line 688, in _load_unlocked
  File "<frozen importlib._bootstrap>", line 688, in _load_unlocked
  File "<frozen importlib._bootstrap>", line 945, in _find_spec
  File "<frozen importlib._bootstrap>", line 688, in _load_unlocked
  File "<frozen importlib._bootstrap>", line 688, in _load_unlocked
  File "<frozen importlib._bootstrap>", line 688, in _load_unlocked
  File "<frozen importlib._bootstrap>", line 945, in _find_spec
  File "<frozen importlib._bootstrap>", line 945, in _find_spec
  File "<frozen importlib._bootstrap>", line 688, in _load_unlocked
  File "<frozen importlib._bootstrap>", line 688, in _load_unlocked
  File "<frozen importlib._bootstrap_external>", line 879, in exec_module
  File "<frozen importlib._bootstrap_external>", line 1439, in find_spec
  File "<frozen importlib._bootstrap_external>", line 1439, in find_spec
  File "<frozen importlib._bootstrap_external>", line 1439, in find_spec
  File "<frozen importlib._bootstrap_external>", line 1439, in find_spec
  File "<frozen importlib._bootstrap_external>", line 879, in exec_module
  File "<frozen importlib._bootstrap_external>", line 1439, in find_spec
  File "<frozen importlib._bootstrap_external>", line 879, in exec_module
  File "<frozen importlib._bootstrap_external>", line 1439, in find_spec
  File "<frozen importlib._bootstrap_external>", line 879, in exec_module
  File "<frozen importlib._bootstrap_external>", line 879, in exec_module
  File "<frozen importlib._bootstrap_external>", line 1439, in find_spec
  File "<frozen importlib._bootstrap_external>", line 879, in exec_module
  File "<frozen importlib._bootstrap_external>", line 1439, in find_spec
  File "<frozen importlib._bootstrap_external>", line 879, in exec_module
  File "<frozen importlib._bootstrap_external>", line 879, in exec_module
  File "<frozen importlib._bootstrap_external>", line 975, in get_code
  File "<frozen importlib._bootstrap_external>", line 975, in get_code
  File "<frozen importlib._bootstrap_external>", line 975, in get_code
  File "<frozen importlib._bootstrap_external>", line 975, in get_code
  File "<frozen importlib._bootstrap_external>", line 1411, in _get_spec
  File "<frozen importlib._bootstrap_external>", line 975, in get_code
  File "<frozen importlib._bootstrap_external>", line 1411, in _get_spec
  File "<frozen importlib._bootstrap_external>", line 1411, in _get_spec
  File "<frozen importlib._bootstrap_external>", line 975, in get_code
  File "<frozen importlib._bootstrap_external>", line 1411, in _get_spec
  File "<frozen importlib._bootstrap_external>", line 1411, in _get_spec
  File "<frozen importlib._bootstrap_external>", line 1411, in _get_spec
  File "<frozen importlib._bootstrap_external>", line 975, in get_code
  File "<frozen importlib._bootstrap_external>", line 975, in get_code
  File "<frozen importlib._bootstrap_external>", line 1411, in _get_spec
  File "<frozen importlib._bootstrap_external>", line 1411, in _get_spec
  File "<frozen importlib._bootstrap_external>", line 1074, in get_data
  File "<frozen importlib._bootstrap_external>", line 1074, in get_data
  File "<frozen importlib._bootstrap_external>", line 1074, in get_data
  File "<frozen importlib._bootstrap_external>", line 1074, in get_data
  File "<frozen importlib._bootstrap_external>", line 1577, in find_spec
  File "<frozen importlib._bootstrap_external>", line 1074, in get_data
  File "<frozen importlib._bootstrap_external>", line 1577, in find_spec
  File "<frozen importlib._bootstrap_external>", line 1577, in find_spec
  File "<frozen importlib._bootstrap_external>", line 1577, in find_spec
  File "<frozen importlib._bootstrap_external>", line 1074, in get_data
  File "<frozen importlib._bootstrap_external>", line 1577, in find_spec
  File "<frozen importlib._bootstrap_external>", line 1577, in find_spec
  File "<frozen importlib._bootstrap_external>", line 1074, in get_data
  File "<frozen importlib._bootstrap_external>", line 1577, in find_spec
  File "<frozen importlib._bootstrap_external>", line 1577, in find_spec
  File "<frozen importlib._bootstrap_external>", line 1074, in get_data
KeyboardInterrupt
KeyboardInterrupt
KeyboardInterrupt
KeyboardInterrupt
  File "<frozen importlib._bootstrap_external>", line 161, in _path_isfile
  File "<frozen importlib._bootstrap_external>", line 161, in _path_isfile
  File "<frozen importlib._bootstrap_external>", line 161, in _path_isfile
  File "<frozen importlib._bootstrap_external>", line 161, in _path_isfile
KeyboardInterrupt
  File "<frozen importlib._bootstrap_external>", line 161, in _path_isfile
  File "<frozen importlib._bootstrap_external>", line 161, in _path_isfile
KeyboardInterrupt
  File "<frozen importlib._bootstrap_external>", line 161, in _path_isfile
  File "<frozen importlib._bootstrap_external>", line 161, in _path_isfile
KeyboardInterrupt
KeyboardInterrupt
  File "<frozen importlib._bootstrap_external>", line 153, in _path_is_mode_type
  File "<frozen importlib._bootstrap_external>", line 153, in _path_is_mode_type
  File "<frozen importlib._bootstrap_external>", line 153, in _path_is_mode_type
  File "<frozen importlib._bootstrap_external>", line 153, in _path_is_mode_type
  File "<frozen importlib._bootstrap_external>", line 153, in _path_is_mode_type
  File "<frozen importlib._bootstrap_external>", line 153, in _path_is_mode_type
  File "<frozen importlib._bootstrap_external>", line 153, in _path_is_mode_type
  File "<frozen importlib._bootstrap_external>", line 153, in _path_is_mode_type
  File "<frozen importlib._bootstrap_external>", line 147, in _path_stat
  File "<frozen importlib._bootstrap_external>", line 147, in _path_stat
  File "<frozen importlib._bootstrap_external>", line 147, in _path_stat
  File "<frozen importlib._bootstrap_external>", line 147, in _path_stat
  File "<frozen importlib._bootstrap_external>", line 147, in _path_stat
  File "<frozen importlib._bootstrap_external>", line 147, in _path_stat
  File "<frozen importlib._bootstrap_external>", line 147, in _path_stat
  File "<frozen importlib._bootstrap_external>", line 147, in _path_stat
KeyboardInterrupt
KeyboardInterrupt
KeyboardInterrupt
KeyboardInterrupt
KeyboardInterrupt
KeyboardInterrupt
KeyboardInterrupt
KeyboardInterrupt
collectWorker3 ash35: ended Sun 26 Jul 18:40:32 BST 2026
labWorker ash35: collect ended naturally Sun 26 Jul 18:44:58 BST 2026
labWorker ash35: started collect pid 2310525 (l=5 m=15) Sun 26 Jul 18:55:14 BST 2026
collectWorker3 ash35: l=5 m=15 workers=16 seed=392078107 stage=1 Sun 26 Jul 18:55:14 BST 2026
Creating log dir /data/osella/collectStage/2026-07-26_18-55-35_2310548...
Checking the directory was created: True
Training begins on:
2026-07-26 18:55:59 Sunday
  0%|          | 0/50000000 [00:00<?, ?it/s][92m2026-07-26 18:57:14,402 [torchrl][INFO][0m    Initialized LazyTensorStorage with torch.Size([500]) shape[92m [END][0m
  0%|          | 512/50000000 [01:31<2488:49:38,  5.58it/s]  0%|          | 1024/50000000 [03:31<2937:07:16,  4.73it/s]  0%|          | 1536/50000000 [05:33<3105:12:20,  4.47it/s]  0%|          | 2048/50000000 [07:28<3108:30:42,  4.47it/s]  0%|          | 2560/50000000 [09:09<2981:50:17,  4.66it/s]  0%|          | 3072/50000000 [10:48<2874:44:53,  4.83it/s]  0%|          | 3584/50000000 [12:25<2796:36:49,  4.97it/s]  0%|          | 4096/50000000 [14:12<2829:51:41,  4.91it/s]  0%|          | 4608/50000000 [15:58<2843:04:24,  4.88it/s]  0%|          | 5120/50000000 [17:47<2878:45:21,  4.82it/s]  0%|          | 5632/50000000 [19:36<2904:10:05,  4.78it/s]  0%|          | 6144/50000000 [21:45<3081:49:52,  4.51it/s]  0%|          | 6656/50000000 [23:37<3073:54:42,  4.52it/s]  0%|          | 7168/50000000 [25:29<3057:29:42,  4.54it/s]  0%|          | 7680/50000000 [27:26<3094:43:52,  4.49it/s]  0%|          | 8192/50000000 [29:18<3075:02:55,  4.52it/s]  0%|          | 8704/50000000 [31:11<3075:26:23,  4.52it/s]  0%|          | 9216/50000000 [33:04<3071:56:03,  4.52it/s]  0%|          | 9728/50000000 [34:59<3086:38:08,  4.50it/s]  0%|          | 10240/50000000 [37:00<3146:44:02,  4.41it/s]  0%|          | 10752/50000000 [38:56<3147:25:11,  4.41it/s]  0%|          | 11264/50000000 [41:03<3236:31:54,  4.29it/s]  0%|          | 11776/50000000 [43:02<3232:03:15,  4.30it/s]  0%|          | 12288/50000000 [45:07<3278:44:14,  4.24it/s]  0%|          | 12800/50000000 [47:06<3263:48:15,  4.25it/s]  0%|          | 13312/50000000 [49:02<3227:18:50,  4.30it/s]  0%|          | 13824/50000000 [50:51<3149:55:26,  4.41it/s]  0%|          | 14336/50000000 [52:49<3164:34:10,  4.39it/s]  0%|          | 14848/50000000 [54:41<3125:09:21,  4.44it/s]  0%|          | 15360/50000000 [56:35<3113:05:47,  4.46it/s]  0%|          | 15872/50000000 [58:32<3128:49:07,  4.44it/s]  0%|          | 16384/50000000 [1:00:50<3311:12:02,  4.19it/s]  0%|          | 16896/50000000 [1:02:41<3226:00:31,  4.30it/s]  0%|          | 17408/50000000 [1:04:31<3150:31:58,  4.41it/s]  0%|          | 17920/50000000 [1:06:24<3122:31:03,  4.45it/s]  0%|          | 18432/50000000 [1:08:25<3174:20:25,  4.37it/s]  0%|          | 18944/50000000 [1:10:20<3159:26:06,  4.39it/s]  0%|          | 19456/50000000 [1:12:18<3171:58:00,  4.38it/s]  0%|          | 19968/50000000 [1:14:11<3137:25:14,  4.43it/s]  0%|          | 20480/50000000 [1:16:12<3174:44:46,  4.37it/s]  0%|          | 20992/50000000 [1:18:03<3130:18:11,  4.44it/s]  0%|          | 21504/50000000 [1:20:09<3215:44:22,  4.32it/s]  0%|          | 22016/50000000 [1:22:04<3188:23:04,  4.35it/s]  0%|          | 22528/50000000 [1:24:00<3169:12:39,  4.38it/s]  0%|          | 23040/50000000 [1:25:52<3134:05:25,  4.43it/s]  0%|          | 23552/50000000 [1:27:47<3130:45:47,  4.43it/s]  0%|          | 24064/50000000 [1:29:51<3198:51:39,  4.34it/s]  0%|          | 24576/50000000 [1:31:46<3173:27:32,  4.37it/s]  0%|          | 25088/50000000 [1:33:35<3109:50:43,  4.46it/s]  0%|          | 25600/50000000 [1:35:25<3072:12:43,  4.52it/s]  0%|          | 26112/50000000 [1:37:23<3104:49:32,  4.47it/s]  0%|          | 26624/50000000 [1:39:47<3349:53:53,  4.14it/s]  0%|          | 27136/50000000 [1:41:46<3306:34:10,  4.20it/s]  0%|          | 27648/50000000 [1:43:44<3278:05:08,  4.23it/s]  0%|          | 28160/50000000 [1:45:34<3188:59:30,  4.35it/s]  0%|          | 28672/50000000 [1:47:23<3120:46:11,  4.45it/s]  0%|          | 29184/50000000 [1:49:19<3124:00:03,  4.44it/s]  0%|          | 29696/50000000 [1:51:14<3126:24:07,  4.44it/s]  0%|          | 30208/50000000 [1:53:13<3156:29:21,  4.40it/s]  0%|          | 30720/50000000 [1:55:12<3175:46:32,  4.37it/s]  0%|          | 31232/50000000 [1:57:12<3197:29:55,  4.34it/s]  0%|          | 31744/50000000 [1:59:17<3252:39:36,  4.27it/s]  0%|          | 32256/50000000 [2:01:27<3337:35:15,  4.16it/s]  0%|          | 32768/50000000 [2:03:24<3287:53:55,  4.22it/s]  0%|          | 33280/50000000 [2:05:20<3241:03:28,  4.28it/s]  0%|          | 33792/50000000 [2:07:13<3193:40:41,  4.35it/s]  0%|          | 34304/50000000 [2:09:09<3174:01:57,  4.37it/s]  0%|          | 34816/50000000 [2:11:01<3134:18:24,  4.43it/s]  0%|          | 35328/50000000 [2:13:03<3190:50:16,  4.35it/s]  0%|          | 35840/50000000 [2:15:01<3189:32:05,  4.35it/s]  0%|          | 36352/50000000 [2:16:54<3151:49:49,  4.40it/s]  0%|          | 36864/50000000 [2:19:21<3397:42:54,  4.08it/s]  0%|          | 37376/50000000 [2:21:19<3344:50:31,  4.15it/s]  0%|          | 37888/50000000 [2:23:22<3336:02:09,  4.16it/s]  0%|          | 38400/50000000 [2:25:15<3258:50:34,  4.26it/s]  0%|          | 38912/50000000 [2:27:03<3156:04:39,  4.40it/s]  0%|          | 39424/50000000 [2:28:56<3128:33:21,  4.44it/s]  0%|          | 39936/50000000 [2:30:47<3091:41:51,  4.49it/s]  0%|          | 40448/50000000 [2:32:50<3166:15:28,  4.38it/s]  0%|          | 40960/50000000 [2:34:42<3129:56:10,  4.43it/s]  0%|          | 41472/50000000 [2:36:37<3118:40:49,  4.45it/s]  0%|          | 41984/50000000 [2:38:57<3322:54:43,  4.18it/s]  0%|          | 42496/50000000 [2:41:03<3349:56:25,  4.14it/s]  0%|          | 43008/50000000 [2:43:03<3321:31:25,  4.18it/s]  0%|          | 43520/50000000 [2:45:05<3315:08:53,  4.19it/s]  0%|          | 44032/50000000 [2:47:05<3298:09:44,  4.21it/s]  0%|          | 44544/50000000 [2:49:00<3245:41:07,  4.28it/s]  0%|          | 45056/50000000 [2:50:58<3231:35:13,  4.29it/s]  0%|          | 45568/50000000 [2:52:56<3223:03:06,  4.31it/s]  0%|          | 46080/50000000 [2:54:51<3187:16:00,  4.35it/s]  0%|          | 46592/50000000 [2:56:46<3170:43:41,  4.38it/s]  0%|          | 47104/50000000 [2:58:49<3219:47:09,  4.31it/s]  0%|          | 47616/50000000 [3:00:50<3237:06:07,  4.29it/s]  0%|          | 48128/50000000 [3:02:49<3232:18:30,  4.29it/s]  0%|          | 48640/50000000 [3:04:46<3211:54:03,  4.32it/s]  0%|          | 49152/50000000 [3:06:51<3268:04:55,  4.25it/s]  0%|          | 49664/50000000 [3:08:49<3240:39:46,  4.28it/s]  0%|          | 50176/50000000 [3:10:47<3227:48:15,  4.30it/s]  0%|          | 50688/50000000 [3:12:44<3213:22:12,  4.32it/s]  0%|          | 51200/50000000 [3:14:43<3213:10:06,  4.32it/s]  0%|          | 51712/50000000 [3:16:50<3287:43:46,  4.22it/s]  0%|          | 52224/50000000 [3:18:53<3301:53:54,  4.20it/s]  0%|          | 52736/50000000 [3:20:49<3253:15:05,  4.26it/s]  0%|          | 53248/50000000 [3:22:43<3201:44:36,  4.33it/s]  0%|          | 53760/50000000 [3:24:42<3212:21:29,  4.32it/s]  0%|          | 54272/50000000 [3:26:46<3257:24:01,  4.26it/s]  0%|          | 54784/50000000 [3:28:48<3268:22:34,  4.24it/s]  0%|          | 55296/50000000 [3:30:55<3321:56:20,  4.18it/s]  0%|          | 55808/50000000 [3:32:57<3312:36:05,  4.19it/s]  0%|          | 56320/50000000 [3:35:05<3364:22:10,  4.12it/s]  0%|          | 56832/50000000 [3:37:14<3400:27:02,  4.08it/s]  0%|          | 57344/50000000 [3:39:35<3529:20:14,  3.93it/s]  0%|          | 57856/50000000 [3:41:40<3480:44:55,  3.99it/s]  0%|          | 58368/50000000 [3:43:48<3481:34:47,  3.98it/s]  0%|          | 58880/50000000 [3:45:48<3411:16:23,  4.07it/s]  0%|          | 59392/50000000 [3:47:37<3274:36:41,  4.24it/s]  0%|          | 59904/50000000 [3:49:46<3337:44:35,  4.16it/s]  0%|          | 60416/50000000 [3:51:41<3271:52:57,  4.24it/s]  0%|          | 60928/50000000 [3:53:49<3335:43:00,  4.16it/s]  0%|          | 61440/50000000 [3:55:43<3258:56:23,  4.26it/s]  0%|          | 61952/50000000 [3:57:35<3193:48:20,  4.34it/s]  0%|          | 62464/50000000 [3:59:36<3214:25:36,  4.32it/s]  0%|          | 62976/50000000 [4:01:32<3191:13:00,  4.35it/s]  0%|          | 63488/50000000 [4:03:31<3202:12:04,  4.33it/s]  0%|          | 64000/50000000 [4:05:25<3167:19:56,  4.38it/s]  0%|          | 64512/50000000 [4:07:19<3150:09:33,  4.40it/s]  0%|          | 65024/50000000 [4:09:08<3087:54:34,  4.49it/s]  0%|          | 65536/50000000 [4:11:07<3131:33:20,  4.43it/s]  0%|          | 66048/50000000 [4:13:08<3169:18:51,  4.38it/s]  0%|          | 66560/50000000 [4:15:02<3148:48:10,  4.40it/s]  0%|          | 67072/50000000 [4:17:04<3193:46:44,  4.34it/s]  0%|          | 67584/50000000 [4:19:00<3178:32:28,  4.36it/s]  0%|          | 68096/50000000 [4:20:58<3181:19:14,  4.36it/s]  0%|          | 68608/50000000 [4:23:00<3223:08:50,  4.30it/s]  0%|          | 69120/50000000 [4:24:55<3193:01:04,  4.34it/s]  0%|          | 69632/50000000 [4:26:51<3169:58:56,  4.38it/s]  0%|          | 70144/50000000 [4:28:47<3166:29:13,  4.38it/s]  0%|          | 70656/50000000 [4:30:39<3125:05:19,  4.44it/s]  0%|          | 71168/50000000 [4:32:35<3128:08:16,  4.43it/s]  0%|          | 71680/50000000 [4:34:35<3169:36:04,  4.38it/s]  0%|          | 72192/50000000 [4:36:36<3196:51:47,  4.34it/s]  0%|          | 72704/50000000 [4:38:50<3333:03:00,  4.16it/s]  0%|          | 73216/50000000 [4:41:01<3392:32:21,  4.09it/s]  0%|          | 73728/50000000 [4:42:52<3278:37:46,  4.23it/s]  0%|          | 74240/50000000 [4:44:46<3223:36:22,  4.30it/s]  0%|          | 74752/50000000 [4:46:40<3181:52:01,  4.36it/s]  0%|          | 75264/50000000 [4:48:37<3180:32:13,  4.36it/s]  0%|          | 75776/50000000 [4:50:31<3151:59:00,  4.40it/s]  0%|          | 76288/50000000 [4:52:37<3230:00:55,  4.29it/s]  0%|          | 76800/50000000 [4:54:41<3268:43:59,  4.24it/s]  0%|          | 77312/50000000 [4:56:44<3280:50:07,  4.23it/s]  0%|          | 77824/50000000 [4:58:40<3246:31:54,  4.27it/s]  0%|          | 78336/50000000 [5:00:37<3216:06:15,  4.31it/s]  0%|          | 78848/50000000 [5:02:37<3232:35:23,  4.29it/s]  0%|          | 79360/50000000 [5:04:38<3244:57:26,  4.27it/s]  0%|          | 79872/50000000 [5:06:35<3219:23:16,  4.31it/s]  0%|          | 80384/50000000 [5:08:29<3183:49:00,  4.36it/s]  0%|          | 80896/50000000 [5:10:30<3211:04:28,  4.32it/s]  0%|          | 81408/50000000 [5:12:26<3189:45:39,  4.35it/s]  0%|          | 81920/50000000 [5:14:24<3189:10:17,  4.35it/s]  0%|          | 82432/50000000 [5:16:21<3184:58:54,  4.35it/s]  0%|          | 82944/50000000 [5:18:16<3162:01:17,  4.39it/s]  0%|          | 83456/50000000 [5:20:16<3186:24:19,  4.35it/s]  0%|          | 83968/50000000 [5:22:18<3219:43:57,  4.31it/s]  0%|          | 84480/50000000 [5:24:13<3195:01:52,  4.34it/s]  0%|          | 84992/50000000 [5:26:04<3132:44:57,  4.43it/s]  0%|          | 85504/50000000 [5:27:55<3093:02:56,  4.48it/s]  0%|          | 86016/50000000 [5:29:50<3103:27:49,  4.47it/s]  0%|          | 86528/50000000 [5:31:44<3098:00:37,  4.48it/s]  0%|          | 87040/50000000 [5:33:44<3141:39:24,  4.41it/s]  0%|          | 87552/50000000 [5:35:39<3133:45:29,  4.42it/s]  0%|          | 88064/50000000 [5:37:47<3237:43:58,  4.28it/s]  0%|          | 88576/50000000 [5:39:38<3162:54:09,  4.38it/s]  0%|          | 89088/50000000 [5:41:32<3141:50:14,  4.41it/s]  0%|          | 89600/50000000 [5:43:22<3093:30:38,  4.48it/s]  0%|          | 90112/50000000 [5:45:14<3078:28:53,  4.50it/s]  0%|          | 90624/50000000 [5:47:23<3196:13:32,  4.34it/s]  0%|          | 91136/50000000 [5:49:14<3140:58:09,  4.41it/s]  0%|          | 91648/50000000 [5:51:10<3140:23:05,  4.41it/s]  0%|          | 92160/50000000 [5:53:11<3182:00:00,  4.36it/s]  0%|          | 92672/50000000 [5:55:09<3188:43:36,  4.35it/s]  0%|          | 93184/50000000 [5:57:08<3200:33:43,  4.33it/s]  0%|          | 93696/50000000 [5:59:08<3209:58:56,  4.32it/s]  0%|          | 94208/50000000 [6:01:06<3208:28:28,  4.32it/s]  0%|          | 94720/50000000 [6:03:02<3187:53:31,  4.35it/s]  0%|          | 95232/50000000 [6:04:55<3149:43:18,  4.40it/s]  0%|          | 95744/50000000 [6:06:53<3158:59:55,  4.39it/s]  0%|          | 96256/50000000 [6:08:48<3144:45:59,  4.41it/s]  0%|          | 96768/50000000 [6:10:45<3151:24:01,  4.40it/s]  0%|          | 97280/50000000 [6:12:41<3152:31:12,  4.40it/s]  0%|          | 97792/50000000 [6:14:40<3174:14:42,  4.37it/s]  0%|          | 98304/50000000 [6:16:39<3185:04:44,  4.35it/s]  0%|          | 98816/50000000 [6:18:35<3177:02:01,  4.36it/s]  0%|          | 99328/50000000 [6:20:33<3175:33:43,  4.36it/s]  0%|          | 99840/50000000 [6:22:29<3166:59:54,  4.38it/s]  0%|          | 100352/50000000 [6:24:25<3161:57:37,  4.38it/s]  0%|          | 100864/50000000 [6:26:22<3161:42:39,  4.38it/s]  0%|          | 101376/50000000 [6:28:21<3177:44:38,  4.36it/s]  0%|          | 101888/50000000 [6:30:09<3103:16:20,  4.47it/s]  0%|          | 102400/50000000 [6:32:11<3164:39:20,  4.38it/s]  0%|          | 102912/50000000 [6:34:11<3188:16:05,  4.35it/s]  0%|          | 103424/50000000 [6:36:05<3155:21:09,  4.39it/s]  0%|          | 103936/50000000 [6:38:09<3214:27:29,  4.31it/s]  0%|          | 104448/50000000 [6:40:04<3183:50:56,  4.35it/s]  0%|          | 104960/50000000 [6:41:59<3167:31:22,  4.38it/s]  0%|          | 105472/50000000 [6:43:54<3153:09:11,  4.40it/s]  0%|          | 105984/50000000 [6:45:57<3200:22:21,  4.33it/s]  0%|          | 106496/50000000 [6:47:55<3198:10:13,  4.33it/s]  0%|          | 107008/50000000 [6:49:50<3171:15:44,  4.37it/s]  0%|          | 107520/50000000 [6:51:36<3082:35:32,  4.50it/s]  0%|          | 108032/50000000 [6:53:26<3053:31:49,  4.54it/s]  0%|          | 108544/50000000 [6:55:19<3052:07:04,  4.54it/s]  0%|          | 109056/50000000 [6:57:09<3034:27:46,  4.57it/s]  0%|          | 109568/50000000 [6:59:02<3038:22:46,  4.56it/s]  0%|          | 110080/50000000 [7:01:01<3092:05:58,  4.48it/s]  0%|          | 110592/50000000 [7:03:02<3146:24:07,  4.40it/s]  0%|          | 111104/50000000 [7:05:02<3182:27:13,  4.35it/s]  0%|          | 111616/50000000 [7:07:05<3220:52:31,  4.30it/s]  0%|          | 112128/50000000 [7:09:08<3251:45:01,  4.26it/s]  0%|          | 112640/50000000 [7:11:13<3298:50:20,  4.20it/s]  0%|          | 113152/50000000 [7:13:18<3317:05:45,  4.18it/s]  0%|          | 113664/50000000 [7:15:13<3259:05:48,  4.25it/s]  0%|          | 114176/50000000 [7:17:09<3224:27:15,  4.30it/s]  0%|          | 114688/50000000 [7:19:06<3204:52:42,  4.32it/s]  0%|          | 115200/50000000 [7:21:06<3216:38:13,  4.31it/s]  0%|          | 115712/50000000 [7:22:59<3168:01:29,  4.37it/s]  0%|          | 116224/50000000 [7:25:03<3225:06:28,  4.30it/s]  0%|          | 116736/50000000 [7:27:05<3246:19:53,  4.27it/s]  0%|          | 117248/50000000 [7:29:04<3243:34:59,  4.27it/s]  0%|          | 117760/50000000 [7:30:59<3201:16:57,  4.33it/s]  0%|          | 118272/50000000 [7:32:56<3195:48:13,  4.34it/s]  0%|          | 118784/50000000 [7:34:54<3189:35:49,  4.34it/s]  0%|          | 119296/50000000 [7:36:50<3175:48:51,  4.36it/s]  0%|          | 119808/50000000 [7:38:43<3144:46:23,  4.41it/s]  0%|          | 120320/50000000 [7:40:37<3126:03:05,  4.43it/s]  0%|          | 120832/50000000 [7:42:31<3110:32:36,  4.45it/s]  0%|          | 121344/50000000 [7:44:28<3126:54:54,  4.43it/s]  0%|          | 121856/50000000 [7:46:25<3141:21:36,  4.41it/s]  0%|          | 122368/50000000 [7:48:19<3119:03:42,  4.44it/s]  0%|          | 122880/50000000 [7:50:10<3084:52:16,  4.49it/s]  0%|          | 123392/50000000 [7:52:01<3063:25:36,  4.52it/s]  0%|          | 123904/50000000 [7:54:03<3138:40:42,  4.41it/s]  0%|          | 124416/50000000 [7:55:59<3132:11:25,  4.42it/s]  0%|          | 124928/50000000 [7:57:54<3128:29:28,  4.43it/s]  0%|          | 125440/50000000 [7:59:49<3122:11:16,  4.44it/s]  0%|          | 125952/50000000 [8:01:43<3116:17:41,  4.45it/s]  0%|          | 126464/50000000 [8:03:50<3209:36:43,  4.32it/s]  0%|          | 126976/50000000 [8:05:45<3175:38:25,  4.36it/s]  0%|          | 127488/50000000 [8:07:43<3181:57:05,  4.35it/s]  0%|          | 128000/50000000 [8:09:34<3132:40:28,  4.42it/s]  0%|          | 128512/50000000 [8:11:34<3167:54:54,  4.37it/s]  0%|          | 129024/50000000 [8:13:48<3305:31:59,  4.19it/s]  0%|          | 129536/50000000 [8:15:49<3290:28:07,  4.21it/s]  0%|          | 130048/50000000 [8:17:45<3249:03:30,  4.26it/s]  0%|          | 130560/50000000 [8:19:53<3309:58:34,  4.19it/s]  0%|          | 131072/50000000 [8:21:52<3283:01:26,  4.22it/s]  0%|          | 131584/50000000 [8:23:50<3258:17:30,  4.25it/s]  0%|          | 132096/50000000 [8:25:48<3239:44:29,  4.28it/s]  0%|          | 132608/50000000 [8:27:47<3232:34:07,  4.29it/s]  0%|          | 133120/50000000 [8:29:52<3271:45:14,  4.23it/s]  0%|          | 133632/50000000 [8:31:53<3279:48:51,  4.22it/s]  0%|          | 134144/50000000 [8:33:57<3299:22:45,  4.20it/s]  0%|          | 134656/50000000 [8:35:51<3230:26:12,  4.29it/s]  0%|          | 135168/50000000 [8:37:51<3242:02:24,  4.27it/s]  0%|          | 135680/50000000 [8:39:45<3194:13:00,  4.34it/s]  0%|          | 136192/50000000 [8:41:48<3233:22:48,  4.28it/s]  0%|          | 136704/50000000 [8:43:55<3288:17:50,  4.21it/s]  0%|          | 137216/50000000 [8:45:52<3257:26:20,  4.25it/s]  0%|          | 137728/50000000 [8:47:42<3173:45:11,  4.36it/s]  0%|          | 138240/50000000 [8:49:45<3220:26:19,  4.30it/s]  0%|          | 138752/50000000 [8:51:40<3181:53:07,  4.35it/s]  0%|          | 139264/50000000 [8:53:36<3166:56:07,  4.37it/s]  0%|          | 139776/50000000 [8:55:37<3203:11:17,  4.32it/s]  0%|          | 140288/50000000 [8:57:36<3207:51:09,  4.32it/s]  0%|          | 140800/50000000 [8:59:25<3131:04:14,  4.42it/s]  0%|          | 141312/50000000 [9:01:22<3136:24:47,  4.42it/s]  0%|          | 141824/50000000 [9:03:18<3136:24:57,  4.42it/s]  0%|          | 142336/50000000 [9:05:09<3096:30:41,  4.47it/s]  0%|          | 142848/50000000 [9:06:57<3049:45:28,  4.54it/s]  0%|          | 143360/50000000 [9:08:53<3073:50:40,  4.51it/s]  0%|          | 143872/50000000 [9:10:47<3074:38:48,  4.50it/s]  0%|          | 144384/50000000 [9:12:53<3173:01:02,  4.36it/s]  0%|          | 144896/50000000 [9:14:46<3142:38:20,  4.41it/s]  0%|          | 145408/50000000 [9:16:43<3146:43:22,  4.40it/s]  0%|          | 145920/50000000 [9:18:38<3135:08:02,  4.42it/s]  0%|          | 146432/50000000 [9:20:31<3109:59:57,  4.45it/s]  0%|          | 146944/50000000 [9:22:23<3086:35:34,  4.49it/s]  0%|          | 147456/50000000 [9:24:17<3085:25:33,  4.49it/s]  0%|          | 147968/50000000 [9:26:21<3168:16:24,  4.37it/s]  0%|          | 148480/50000000 [9:28:16<3153:18:10,  4.39it/s]  0%|          | 148992/50000000 [9:30:19<3206:49:41,  4.32it/s]  0%|          | 149504/50000000 [9:32:28<3289:44:28,  4.21it/s]  0%|          | 150016/50000000 [9:34:28<3275:13:46,  4.23it/s]  0%|          | 150528/50000000 [9:36:24<3235:49:28,  4.28it/s]  0%|          | 151040/50000000 [9:38:24<3232:45:43,  4.28it/s]  0%|          | 151552/50000000 [9:40:14<3160:03:19,  4.38it/s]  0%|          | 152064/50000000 [9:42:07<3125:23:09,  4.43it/s]  0%|          | 152576/50000000 [9:43:59<3094:54:16,  4.47it/s]  0%|          | 153088/50000000 [9:45:52<3086:53:17,  4.49it/s]  0%|          | 153600/50000000 [9:47:44<3066:41:26,  4.52it/s]  0%|          | 154112/50000000 [9:49:51<3178:05:00,  4.36it/s]  0%|          | 154624/50000000 [9:52:10<3356:26:47,  4.13it/s]  0%|          | 155136/50000000 [9:54:06<3287:32:11,  4.21it/s]  0%|          | 155648/50000000 [9:56:05<3267:12:16,  4.24it/s]  0%|          | 156160/50000000 [9:58:08<3284:54:44,  4.21it/s]  0%|          | 156672/50000000 [10:00:06<3254:29:45,  4.25it/s]  0%|          | 157184/50000000 [10:02:12<3303:43:14,  4.19it/s]  0%|          | 157696/50000000 [10:04:12<3283:25:38,  4.22it/s]  0%|          | 158208/50000000 [10:06:12<3272:30:24,  4.23it/s]  0%|          | 158720/50000000 [10:08:06<3218:25:36,  4.30it/s]  0%|          | 159232/50000000 [10:10:08<3237:37:39,  4.28it/s]  0%|          | 159744/50000000 [10:12:17<3318:40:34,  4.17it/s]  0%|          | 160256/50000000 [10:14:12<3249:02:46,  4.26it/s]  0%|          | 160768/50000000 [10:16:03<3175:54:00,  4.36it/s]  0%|          | 161280/50000000 [10:18:05<3212:58:03,  4.31it/s]  0%|          | 161792/50000000 [10:20:03<3210:24:45,  4.31it/s]  0%|          | 162304/50000000 [10:22:08<3260:11:01,  4.25it/s]  0%|          | 162816/50000000 [10:24:10<3268:05:53,  4.24it/s]  0%|          | 163328/50000000 [10:26:10<3259:31:12,  4.25it/s]  0%|          | 163840/50000000 [10:28:03<3200:12:35,  4.33it/s]  0%|          | 164352/50000000 [10:30:02<3209:11:34,  4.31it/s]  0%|          | 164864/50000000 [10:31:54<3152:46:32,  4.39it/s]  0%|          | 165376/50000000 [10:33:48<3135:26:06,  4.42it/s]  0%|          | 165888/50000000 [10:35:33<3041:14:04,  4.55it/s]  0%|          | 166400/50000000 [10:37:23<3019:48:52,  4.58it/s]  0%|          | 166912/50000000 [10:39:24<3098:28:38,  4.47it/s]  0%|          | 167424/50000000 [10:41:33<3216:51:47,  4.30it/s]  0%|          | 167936/50000000 [10:43:31<3208:38:30,  4.31it/s]  0%|          | 168448/50000000 [10:45:32<3228:06:30,  4.29it/s]  0%|          | 168960/50000000 [10:47:31<3225:16:37,  4.29it/s]  0%|          | 169472/50000000 [10:49:31<3229:56:05,  4.29it/s]  0%|          | 169984/50000000 [10:51:39<3298:57:59,  4.20it/s]  0%|          | 170496/50000000 [10:53:36<3259:59:49,  4.25it/s]  0%|          | 171008/50000000 [10:55:36<3247:51:34,  4.26it/s]  0%|          | 171520/50000000 [10:57:30<3198:16:08,  4.33it/s]  0%|          | 172032/50000000 [10:59:26<3185:09:49,  4.35it/s]  0%|          | 172544/50000000 [11:01:22<3168:03:44,  4.37it/s]  0%|          | 173056/50000000 [11:03:24<3206:12:11,  4.32it/s]  0%|          | 173568/50000000 [11:05:24<3218:25:25,  4.30it/s]  0%|          | 174080/50000000 [11:07:18<3174:44:48,  4.36it/s]  0%|          | 174592/50000000 [11:09:08<3120:04:11,  4.44it/s]  0%|          | 175104/50000000 [11:11:12<3183:40:10,  4.35it/s]  0%|          | 175616/50000000 [11:13:02<3126:11:21,  4.43it/s]  0%|          | 176128/50000000 [11:14:54<3091:52:23,  4.48it/s]  0%|          | 176640/50000000 [11:16:51<3113:54:38,  4.44it/s]  0%|          | 177152/50000000 [11:18:51<3151:49:19,  4.39it/s]  0%|          | 177664/50000000 [11:20:49<3168:42:18,  4.37it/s]  0%|          | 178176/50000000 [11:22:48<3182:22:10,  4.35it/s]  0%|          | 178688/50000000 [11:24:47<3188:36:30,  4.34it/s]  0%|          | 179200/50000000 [11:26:42<3163:59:48,  4.37it/s]  0%|          | 179712/50000000 [11:28:43<3195:25:19,  4.33it/s]  0%|          | 180224/50000000 [11:30:35<3144:02:28,  4.40it/s]  0%|          | 180736/50000000 [11:32:37<3193:30:17,  4.33it/s]  0%|          | 181248/50000000 [11:34:30<3154:33:04,  4.39it/s]  0%|          | 181760/50000000 [11:36:24<3131:13:38,  4.42it/s]  0%|          | 182272/50000000 [11:38:12<3067:51:49,  4.51it/s]  0%|          | 182784/50000000 [11:40:13<3126:43:49,  4.43it/s]  0%|          | 183296/50000000 [11:42:08<3122:44:40,  4.43it/s]  0%|          | 183808/50000000 [11:44:07<3148:17:18,  4.40it/s]  0%|          | 184320/50000000 [11:45:55<3076:23:13,  4.50it/s]  0%|          | 184832/50000000 [11:47:51<3095:58:59,  4.47it/s]  0%|          | 185344/50000000 [11:49:42<3066:10:21,  4.51it/s]  0%|          | 185856/50000000 [11:51:34<3054:08:04,  4.53it/s]  0%|          | 186368/50000000 [11:53:32<3097:55:17,  4.47it/s]  0%|          | 186880/50000000 [11:55:26<3091:40:08,  4.48it/s]  0%|          | 187392/50000000 [11:57:26<3133:28:33,  4.42it/s]  0%|          | 187904/50000000 [11:59:33<3224:52:22,  4.29it/s]  0%|          | 188416/50000000 [12:01:28<3188:22:04,  4.34it/s]  0%|          | 188928/50000000 [12:03:23<3164:08:37,  4.37it/s]  0%|          | 189440/50000000 [12:05:13<3110:48:52,  4.45it/s]  0%|          | 189952/50000000 [12:07:11<3136:21:20,  4.41it/s]  0%|          | 190464/50000000 [12:09:28<3302:24:03,  4.19it/s]  0%|          | 190976/50000000 [12:11:27<3280:42:20,  4.22it/s]  0%|          | 191488/50000000 [12:13:28<3270:51:37,  4.23it/s]  0%|          | 192000/50000000 [12:15:24<3233:42:18,  4.28it/s]  0%|          | 192512/50000000 [12:17:17<3179:15:07,  4.35it/s]  0%|          | 193024/50000000 [12:19:16<3193:09:03,  4.33it/s]  0%|          | 193536/50000000 [12:21:10<3154:50:57,  4.39it/s]  0%|          | 194048/50000000 [12:23:10<3184:19:09,  4.34it/s]  0%|          | 194560/50000000 [12:25:06<3168:36:21,  4.37it/s]  0%|          | 195072/50000000 [12:27:06<3191:52:03,  4.33it/s]  0%|          | 195584/50000000 [12:29:05<3194:44:18,  4.33it/s]  0%|          | 196096/50000000 [12:31:05<3214:04:33,  4.30it/s]  0%|          | 196608/50000000 [12:32:57<3152:53:20,  4.39it/s]  0%|          | 197120/50000000 [12:34:54<3159:42:24,  4.38it/s]  0%|          | 197632/50000000 [12:36:58<3210:11:09,  4.31it/s]  0%|          | 198144/50000000 [12:38:54<3191:02:16,  4.34it/s]  0%|          | 198656/50000000 [12:40:49<3163:46:45,  4.37it/s]  0%|          | 199168/50000000 [12:42:48<3183:26:57,  4.35it/s]  0%|          | 199680/50000000 [12:44:39<3125:13:49,  4.43it/s]  0%|          | 200192/50000000 [12:46:32<3105:51:41,  4.45it/s]  0%|          | 200704/50000000 [12:48:21<3058:11:45,  4.52it/s]  0%|          | 201216/50000000 [12:50:22<3117:29:18,  4.44it/s]  0%|          | 201728/50000000 [12:52:20<3142:13:54,  4.40it/s]  0%|          | 202240/50000000 [12:54:19<3162:14:52,  4.37it/s]  0%|          | 202752/50000000 [12:56:19<3184:51:18,  4.34it/s]  0%|          | 203264/50000000 [12:58:12<3148:08:42,  4.39it/s]  0%|          | 203776/50000000 [13:00:19<3233:56:18,  4.28it/s]  0%|          | 204288/50000000 [13:02:22<3258:35:59,  4.24it/s]  0%|          | 204800/50000000 [13:04:17<3210:42:01,  4.31it/s]  0%|          | 205312/50000000 [13:06:17<3224:15:53,  4.29it/s]  0%|          | 205824/50000000 [13:08:36<3377:05:25,  4.10it/s]  0%|          | 206336/50000000 [13:10:35<3335:58:59,  4.15it/s]  0%|          | 206848/50000000 [13:12:36<3315:46:39,  4.17it/s]  0%|          | 207360/50000000 [13:14:44<3355:15:53,  4.12it/s]  0%|          | 207872/50000000 [13:16:41<3294:15:39,  4.20it/s]  0%|          | 208384/50000000 [13:18:42<3287:47:16,  4.21it/s]  0%|          | 208896/50000000 [13:20:41<3268:50:14,  4.23it/s]  0%|          | 209408/50000000 [13:22:46<3299:15:14,  4.19it/s]  0%|          | 209920/50000000 [13:24:41<3239:06:03,  4.27it/s]  0%|          | 210432/50000000 [13:26:31<3159:19:17,  4.38it/s]  0%|          | 210944/50000000 [13:28:32<3193:20:09,  4.33it/s]  0%|          | 211456/50000000 [13:30:31<3198:07:29,  4.32it/s]  0%|          | 211968/50000000 [13:32:36<3254:27:25,  4.25it/s]  0%|          | 212480/50000000 [13:34:30<3199:34:23,  4.32it/s]  0%|          | 212992/50000000 [13:36:24<3164:22:46,  4.37it/s]  0%|          | 213504/50000000 [13:38:11<3080:49:34,  4.49it/s]  0%|          | 214016/50000000 [13:39:59<3033:44:15,  4.56it/s]  0%|          | 214528/50000000 [13:41:55<3060:12:50,  4.52it/s]  0%|          | 215040/50000000 [13:43:43<3016:02:31,  4.59it/s]  0%|          | 215552/50000000 [13:45:31<2989:28:57,  4.63it/s]  0%|          | 216064/50000000 [13:47:32<3077:47:21,  4.49it/s]  0%|          | 216576/50000000 [13:49:25<3066:50:58,  4.51it/s]  0%|          | 217088/50000000 [13:51:18<3062:39:57,  4.52it/s]  0%|          | 217600/50000000 [13:53:14<3085:31:59,  4.48it/s]  0%|          | 218112/50000000 [13:55:04<3052:00:39,  4.53it/s]  0%|          | 218624/50000000 [13:56:52<3010:09:36,  4.59it/s]  0%|          | 219136/50000000 [13:58:47<3033:31:30,  4.56it/s]  0%|          | 219648/50000000 [14:00:38<3028:47:35,  4.57it/s]  0%|          | 220160/50000000 [14:02:36<3072:59:50,  4.50it/s]  0%|          | 220672/50000000 [14:04:24<3026:33:23,  4.57it/s]  0%|          | 221184/50000000 [14:06:19<3053:40:31,  4.53it/s]  0%|          | 221696/50000000 [14:08:15<3071:48:17,  4.50it/s]  0%|          | 222208/50000000 [14:10:13<3107:10:48,  4.45it/s]  0%|          | 222720/50000000 [14:12:10<3126:50:23,  4.42it/s]  0%|          | 223232/50000000 [14:14:12<3173:46:22,  4.36it/s]  0%|          | 223744/50000000 [14:16:12<3191:11:26,  4.33it/s]  0%|          | 224256/50000000 [14:18:09<3186:28:35,  4.34it/s]  0%|          | 224768/50000000 [14:20:14<3245:11:43,  4.26it/s]  0%|          | 225280/50000000 [14:22:20<3287:13:45,  4.21it/s]  0%|          | 225792/50000000 [14:24:21<3285:01:42,  4.21it/s]  0%|          | 226304/50000000 [14:26:19<3252:00:52,  4.25it/s]  0%|          | 226816/50000000 [14:28:15<3213:59:02,  4.30it/s]  0%|          | 227328/50000000 [14:30:10<3184:00:07,  4.34it/s]  0%|          | 227840/50000000 [14:32:16<3246:24:58,  4.26it/s]  0%|          | 228352/50000000 [14:34:06<3170:38:48,  4.36it/s]  0%|          | 228864/50000000 [14:36:01<3147:57:57,  4.39it/s]  0%|          | 229376/50000000 [14:37:59<3163:09:37,  4.37it/s]  0%|          | 229888/50000000 [14:40:01<3195:41:41,  4.33it/s]  0%|          | 230400/50000000 [14:41:51<3131:56:44,  4.41it/s]  0%|          | 230912/50000000 [14:43:51<3163:39:14,  4.37it/s]  0%|          | 231424/50000000 [14:45:55<3217:05:39,  4.30it/s]  0%|          | 231936/50000000 [14:47:51<3192:15:31,  4.33it/s]  0%|          | 232448/50000000 [14:49:47<3171:08:41,  4.36it/s]  0%|          | 232960/50000000 [14:51:36<3102:35:50,  4.46it/s]  0%|          | 233472/50000000 [14:53:31<3106:22:14,  4.45it/s]  0%|          | 233984/50000000 [14:55:31<3150:29:56,  4.39it/s]  0%|          | 234496/50000000 [14:57:29<3161:47:59,  4.37it/s]  0%|          | 235008/50000000 [14:59:36<3235:50:56,  4.27it/s]  0%|          | 235520/50000000 [15:01:33<3215:05:14,  4.30it/s]  0%|          | 236032/50000000 [15:03:38<3265:50:13,  4.23it/s]  0%|          | 236544/50000000 [15:06:02<3446:32:35,  4.01it/s]  0%|          | 237056/50000000 [15:07:56<3342:03:44,  4.14it/s]  0%|          | 237568/50000000 [15:09:57<3312:38:34,  4.17it/s]  0%|          | 238080/50000000 [15:11:56<3286:39:21,  4.21it/s]  0%|          | 238592/50000000 [15:14:00<3302:32:31,  4.19it/s]  0%|          | 239104/50000000 [15:15:56<3249:30:44,  4.25it/s]  0%|          | 239616/50000000 [15:17:49<3193:23:41,  4.33it/s]  0%|          | 240128/50000000 [15:19:46<3185:46:54,  4.34it/s]  0%|          | 240640/50000000 [15:21:42<3164:14:13,  4.37it/s]  0%|          | 241152/50000000 [15:23:39<3162:22:49,  4.37it/s]  0%|          | 241664/50000000 [15:25:33<3139:11:15,  4.40it/s]  0%|          | 242176/50000000 [15:27:26<3111:40:41,  4.44it/s]  0%|          | 242688/50000000 [15:29:20<3101:42:40,  4.46it/s]  0%|          | 243200/50000000 [15:31:10<3064:21:16,  4.51it/s]  0%|          | 243712/50000000 [15:33:02<3052:45:34,  4.53it/s]  0%|          | 244224/50000000 [15:35:01<3097:51:10,  4.46it/s]  0%|          | 244736/50000000 [15:37:02<3149:50:30,  4.39it/s]  0%|          | 245248/50000000 [15:38:56<3124:36:12,  4.42it/s]  0%|          | 245760/50000000 [15:40:54<3147:18:12,  4.39it/s]  0%|          | 246272/50000000 [15:42:51<3150:52:06,  4.39it/s]  0%|          | 246784/50000000 [15:44:51<3177:36:05,  4.35it/s]  0%|          | 247296/50000000 [15:46:44<3134:05:05,  4.41it/s]  0%|          | 247808/50000000 [15:48:41<3141:49:59,  4.40it/s]  0%|          | 248320/50000000 [15:50:41<3173:43:33,  4.35it/s]  0%|          | 248832/50000000 [15:52:38<3170:54:15,  4.36it/s]  0%|          | 249344/50000000 [15:54:36<3168:48:22,  4.36it/s]  0%|          | 249856/50000000 [15:56:39<3215:41:39,  4.30it/s]  1%|          | 250368/50000000 [15:58:31<3158:17:53,  4.38it/s]  1%|          | 250880/50000000 [16:00:32<3189:51:16,  4.33it/s]  1%|          | 251392/50000000 [16:02:25<3150:47:21,  4.39it/s]  1%|          | 251904/50000000 [16:04:14<3085:38:06,  4.48it/s]  1%|          | 252416/50000000 [16:06:22<3201:59:39,  4.32it/s]  1%|          | 252928/50000000 [16:08:13<3135:02:51,  4.41it/s]  1%|          | 253440/50000000 [16:10:08<3129:47:35,  4.42it/s]  1%|          | 253952/50000000 [16:12:02<3109:19:09,  4.44it/s]  1%|          | 254464/50000000 [16:14:06<3178:09:28,  4.35it/s]  1%|          | 254976/50000000 [16:15:59<3143:51:18,  4.40it/s]  1%|          | 255488/50000000 [16:18:06<3225:02:11,  4.28it/s]  1%|          | 256000/50000000 [16:20:01<3194:24:35,  4.33it/s]  1%|          | 256512/50000000 [16:22:02<3213:06:11,  4.30it/s]  1%|          | 257024/50000000 [16:24:09<3276:49:13,  4.22it/s]  1%|          | 257536/50000000 [16:26:11<3283:35:59,  4.21it/s]  1%|          | 258048/50000000 [16:28:04<3210:39:51,  4.30it/s]  1%|          | 258560/50000000 [16:30:06<3233:39:05,  4.27it/s]  1%|          | 259072/50000000 [16:31:53<3128:50:52,  4.42it/s]  1%|          | 259584/50000000 [16:33:57<3195:06:09,  4.32it/s]  1%|          | 260096/50000000 [16:36:00<3234:48:06,  4.27it/s]  1%|          | 260608/50000000 [16:38:00<3233:45:02,  4.27it/s]  1%|          | 261120/50000000 [16:39:52<3171:44:00,  4.36it/s]  1%|          | 261632/50000000 [16:41:52<3194:16:40,  4.33it/s]  1%|          | 262144/50000000 [16:44:02<3284:50:57,  4.21it/s]  1%|          | 262656/50000000 [16:45:58<3242:27:51,  4.26it/s]  1%|          | 263168/50000000 [16:47:52<3189:29:51,  4.33it/s]  1%|          | 263680/50000000 [16:49:40<3110:47:51,  4.44it/s]  1%|          | 264192/50000000 [16:51:36<3111:01:21,  4.44it/s]  1%|          | 264704/50000000 [16:53:35<3139:45:00,  4.40it/s]  1%|          | 265216/50000000 [16:55:30<3132:56:29,  4.41it/s]  1%|          | 265728/50000000 [16:57:32<3178:58:34,  4.35it/s]  1%|          | 266240/50000000 [16:59:24<3132:46:45,  4.41it/s]  1%|          | 266752/50000000 [17:01:19<3121:58:23,  4.43it/s]  1%|          | 267264/50000000 [17:03:22<3180:08:23,  4.34it/s]Process SpawnProcess-13:
Process SpawnProcess-16:
Process SpawnProcess-10:
Process SpawnProcess-14:
Process SpawnProcess-11:
Process SpawnProcess-9:
Process SpawnProcess-5:
Process SpawnProcess-1:
Traceback (most recent call last):
Process SpawnProcess-8:
  File "/vol/bitbucket/osella/pyenv/versions/qecc1/lib/python3.10/site-packages/torch/utils/_contextlib.py", line 124, in decorate_context
Process SpawnProcess-2:
Process SpawnProcess-4:
Process SpawnProcess-3:
Process SpawnProcess-7:
Process SpawnProcess-12:
Process SpawnProcess-15:
Process SpawnProcess-6:
    return func(*args, **kwargs)
  File "/vol/bitbucket/osella/pyenv/versions/qecc1/lib/python3.10/site-packages/torchrl/envs/batched_envs.py", line 122, in decorated_fun
    return fun(self, *args, **kwargs)
  File "/vol/bitbucket/osella/pyenv/versions/qecc1/lib/python3.10/site-packages/torchrl/envs/batched_envs.py", line 2027, in step_and_maybe_reset
    self._wait_for_workers(workers_range)
  File "/vol/bitbucket/osella/pyenv/versions/qecc1/lib/python3.10/site-packages/torchrl/envs/batched_envs.py", line 2151, in _wait_for_workers
    if not done_flags[i]:
KeyboardInterrupt

During handling of the above exception, another exception occurred:

Traceback (most recent call last):
  File "/vol/bitbucket/osella/pyenv/versions/qecc1/lib/python3.10/site-packages/torchrl/collectors/_single.py", line 1494, in iterator
Traceback (most recent call last):
  File "/vol/bitbucket/osella/pyenv/versions/3.10.16/lib/python3.10/multiprocessing/process.py", line 314, in _bootstrap
    self.run()
  File "/vol/bitbucket/osella/pyenv/versions/3.10.16/lib/python3.10/multiprocessing/process.py", line 108, in run
    self._target(*self._args, **self._kwargs)
  File "/vol/bitbucket/osella/pyenv/versions/qecc1/lib/python3.10/site-packages/torchrl/envs/batched_envs.py", line 2830, in _run_worker_pipe_shared_mem
    if child_pipe.poll(_timeout):
Traceback (most recent call last):
  File "/vol/bitbucket/osella/pyenv/versions/3.10.16/lib/python3.10/multiprocessing/connection.py", line 257, in poll
    return self._poll(timeout)
  File "/vol/bitbucket/osella/pyenv/versions/3.10.16/lib/python3.10/multiprocessing/connection.py", line 424, in _poll
    r = wait([self], timeout)
  File "/vol/bitbucket/osella/pyenv/versions/3.10.16/lib/python3.10/multiprocessing/connection.py", line 931, in wait
    ready = selector.select(timeout)
  File "/vol/bitbucket/osella/pyenv/versions/3.10.16/lib/python3.10/selectors.py", line 416, in select
    fd_event_list = self._selector.poll(timeout)
KeyboardInterrupt
  File "/vol/bitbucket/osella/pyenv/versions/3.10.16/lib/python3.10/multiprocessing/process.py", line 314, in _bootstrap
    self.run()
  File "/vol/bitbucket/osella/pyenv/versions/3.10.16/lib/python3.10/multiprocessing/process.py", line 108, in run
    self._target(*self._args, **self._kwargs)
  File "/vol/bitbucket/osella/pyenv/versions/qecc1/lib/python3.10/site-packages/torchrl/envs/batched_envs.py", line 2830, in _run_worker_pipe_shared_mem
    if child_pipe.poll(_timeout):
  File "/vol/bitbucket/osella/pyenv/versions/3.10.16/lib/python3.10/multiprocessing/connection.py", line 257, in poll
    return self._poll(timeout)
Traceback (most recent call last):
  File "/vol/bitbucket/osella/pyenv/versions/3.10.16/lib/python3.10/multiprocessing/connection.py", line 424, in _poll
    r = wait([self], timeout)
Traceback (most recent call last):
  File "/vol/bitbucket/osella/pyenv/versions/3.10.16/lib/python3.10/multiprocessing/connection.py", line 931, in wait
    ready = selector.select(timeout)
Traceback (most recent call last):
  File "/vol/bitbucket/osella/pyenv/versions/3.10.16/lib/python3.10/selectors.py", line 416, in select
    fd_event_list = self._selector.poll(timeout)
  File "/vol/bitbucket/osella/pyenv/versions/3.10.16/lib/python3.10/multiprocessing/process.py", line 314, in _bootstrap
    self.run()
KeyboardInterrupt
  File "/vol/bitbucket/osella/pyenv/versions/3.10.16/lib/python3.10/multiprocessing/process.py", line 108, in run
    self._target(*self._args, **self._kwargs)
  File "/vol/bitbucket/osella/pyenv/versions/qecc1/lib/python3.10/site-packages/torchrl/envs/batched_envs.py", line 2830, in _run_worker_pipe_shared_mem
    if child_pipe.poll(_timeout):
  File "/vol/bitbucket/osella/pyenv/versions/3.10.16/lib/python3.10/multiprocessing/process.py", line 314, in _bootstrap
    self.run()
  File "/vol/bitbucket/osella/pyenv/versions/3.10.16/lib/python3.10/multiprocessing/connection.py", line 257, in poll
    return self._poll(timeout)
  File "/vol/bitbucket/osella/pyenv/versions/3.10.16/lib/python3.10/multiprocessing/process.py", line 108, in run
    self._target(*self._args, **self._kwargs)
  File "/vol/bitbucket/osella/pyenv/versions/3.10.16/lib/python3.10/multiprocessing/process.py", line 314, in _bootstrap
    self.run()
  File "/vol/bitbucket/osella/pyenv/versions/3.10.16/lib/python3.10/multiprocessing/connection.py", line 424, in _poll
    r = wait([self], timeout)
  File "/vol/bitbucket/osella/pyenv/versions/qecc1/lib/python3.10/site-packages/torchrl/envs/batched_envs.py", line 2830, in _run_worker_pipe_shared_mem
    if child_pipe.poll(_timeout):
  File "/vol/bitbucket/osella/pyenv/versions/3.10.16/lib/python3.10/multiprocessing/process.py", line 108, in run
    self._target(*self._args, **self._kwargs)
  File "/vol/bitbucket/osella/pyenv/versions/3.10.16/lib/python3.10/multiprocessing/connection.py", line 931, in wait
    ready = selector.select(timeout)
  File "/vol/bitbucket/osella/pyenv/versions/3.10.16/lib/python3.10/multiprocessing/connection.py", line 257, in poll
    return self._poll(timeout)
  File "/vol/bitbucket/osella/pyenv/versions/qecc1/lib/python3.10/site-packages/torchrl/envs/batched_envs.py", line 2830, in _run_worker_pipe_shared_mem
    if child_pipe.poll(_timeout):
  File "/vol/bitbucket/osella/pyenv/versions/3.10.16/lib/python3.10/selectors.py", line 416, in select
    fd_event_list = self._selector.poll(timeout)
  File "/vol/bitbucket/osella/pyenv/versions/3.10.16/lib/python3.10/multiprocessing/connection.py", line 424, in _poll
    r = wait([self], timeout)
  File "/vol/bitbucket/osella/pyenv/versions/3.10.16/lib/python3.10/multiprocessing/connection.py", line 257, in poll
    return self._poll(timeout)
  File "/vol/bitbucket/osella/pyenv/versions/3.10.16/lib/python3.10/multiprocessing/connection.py", line 931, in wait
    ready = selector.select(timeout)
  File "/vol/bitbucket/osella/pyenv/versions/3.10.16/lib/python3.10/multiprocessing/connection.py", line 424, in _poll
    r = wait([self], timeout)
  File "/vol/bitbucket/osella/pyenv/versions/3.10.16/lib/python3.10/selectors.py", line 416, in select
    fd_event_list = self._selector.poll(timeout)
  File "/vol/bitbucket/osella/pyenv/versions/3.10.16/lib/python3.10/multiprocessing/connection.py", line 931, in wait
    ready = selector.select(timeout)
  File "/vol/bitbucket/osella/pyenv/versions/3.10.16/lib/python3.10/selectors.py", line 416, in select
    fd_event_list = self._selector.poll(timeout)
KeyboardInterrupt
KeyboardInterrupt
KeyboardInterrupt
Traceback (most recent call last):
  File "/vol/bitbucket/osella/pyenv/versions/3.10.16/lib/python3.10/multiprocessing/process.py", line 314, in _bootstrap
    self.run()
  File "/vol/bitbucket/osella/pyenv/versions/3.10.16/lib/python3.10/multiprocessing/process.py", line 108, in run
    self._target(*self._args, **self._kwargs)
  File "/vol/bitbucket/osella/pyenv/versions/qecc1/lib/python3.10/site-packages/torchrl/envs/batched_envs.py", line 2830, in _run_worker_pipe_shared_mem
    if child_pipe.poll(_timeout):
  File "/vol/bitbucket/osella/pyenv/versions/3.10.16/lib/python3.10/multiprocessing/connection.py", line 257, in poll
    return self._poll(timeout)
  File "/vol/bitbucket/osella/pyenv/versions/3.10.16/lib/python3.10/multiprocessing/connection.py", line 424, in _poll
    r = wait([self], timeout)
  File "/vol/bitbucket/osella/pyenv/versions/3.10.16/lib/python3.10/multiprocessing/connection.py", line 931, in wait
    ready = selector.select(timeout)
  File "/vol/bitbucket/osella/pyenv/versions/3.10.16/lib/python3.10/selectors.py", line 416, in select
    fd_event_list = self._selector.poll(timeout)
KeyboardInterrupt
Traceback (most recent call last):
  File "/vol/bitbucket/osella/pyenv/versions/3.10.16/lib/python3.10/multiprocessing/process.py", line 314, in _bootstrap
    self.run()
  File "/vol/bitbucket/osella/pyenv/versions/3.10.16/lib/python3.10/multiprocessing/process.py", line 108, in run
    self._target(*self._args, **self._kwargs)
  File "/vol/bitbucket/osella/pyenv/versions/qecc1/lib/python3.10/site-packages/torchrl/envs/batched_envs.py", line 2830, in _run_worker_pipe_shared_mem
    if child_pipe.poll(_timeout):
  File "/vol/bitbucket/osella/pyenv/versions/3.10.16/lib/python3.10/multiprocessing/connection.py", line 257, in poll
    return self._poll(timeout)
  File "/vol/bitbucket/osella/pyenv/versions/3.10.16/lib/python3.10/multiprocessing/connection.py", line 424, in _poll
    r = wait([self], timeout)
  File "/vol/bitbucket/osella/pyenv/versions/3.10.16/lib/python3.10/multiprocessing/connection.py", line 931, in wait
    ready = selector.select(timeout)
  File "/vol/bitbucket/osella/pyenv/versions/3.10.16/lib/python3.10/selectors.py", line 416, in select
    fd_event_list = self._selector.poll(timeout)
KeyboardInterrupt
Traceback (most recent call last):
  File "/vol/bitbucket/osella/pyenv/versions/3.10.16/lib/python3.10/multiprocessing/process.py", line 314, in _bootstrap
    self.run()
Traceback (most recent call last):
  File "/vol/bitbucket/osella/pyenv/versions/3.10.16/lib/python3.10/multiprocessing/process.py", line 108, in run
    self._target(*self._args, **self._kwargs)
  File "/vol/bitbucket/osella/pyenv/versions/qecc1/lib/python3.10/site-packages/torchrl/envs/batched_envs.py", line 2830, in _run_worker_pipe_shared_mem
    if child_pipe.poll(_timeout):
  File "/vol/bitbucket/osella/pyenv/versions/3.10.16/lib/python3.10/multiprocessing/connection.py", line 257, in poll
    return self._poll(timeout)
  File "/vol/bitbucket/osella/pyenv/versions/3.10.16/lib/python3.10/multiprocessing/connection.py", line 424, in _poll
    r = wait([self], timeout)
  File "/vol/bitbucket/osella/pyenv/versions/3.10.16/lib/python3.10/multiprocessing/connection.py", line 931, in wait
    ready = selector.select(timeout)
  File "/vol/bitbucket/osella/pyenv/versions/3.10.16/lib/python3.10/selectors.py", line 416, in select
    fd_event_list = self._selector.poll(timeout)
KeyboardInterrupt
  File "/vol/bitbucket/osella/pyenv/versions/3.10.16/lib/python3.10/multiprocessing/process.py", line 314, in _bootstrap
    self.run()
  File "/vol/bitbucket/osella/pyenv/versions/3.10.16/lib/python3.10/multiprocessing/process.py", line 108, in run
    self._target(*self._args, **self._kwargs)
  File "/vol/bitbucket/osella/pyenv/versions/qecc1/lib/python3.10/site-packages/torchrl/envs/batched_envs.py", line 2830, in _run_worker_pipe_shared_mem
    if child_pipe.poll(_timeout):
  File "/vol/bitbucket/osella/pyenv/versions/3.10.16/lib/python3.10/multiprocessing/connection.py", line 257, in poll
    return self._poll(timeout)
  File "/vol/bitbucket/osella/pyenv/versions/3.10.16/lib/python3.10/multiprocessing/connection.py", line 424, in _poll
    r = wait([self], timeout)
  File "/vol/bitbucket/osella/pyenv/versions/3.10.16/lib/python3.10/multiprocessing/connection.py", line 931, in wait
    ready = selector.select(timeout)
  File "/vol/bitbucket/osella/pyenv/versions/3.10.16/lib/python3.10/selectors.py", line 416, in select
    fd_event_list = self._selector.poll(timeout)
KeyboardInterrupt
Traceback (most recent call last):
  File "/vol/bitbucket/osella/pyenv/versions/3.10.16/lib/python3.10/multiprocessing/process.py", line 314, in _bootstrap
    self.run()
  File "/vol/bitbucket/osella/pyenv/versions/3.10.16/lib/python3.10/multiprocessing/process.py", line 108, in run
    self._target(*self._args, **self._kwargs)
  File "/vol/bitbucket/osella/pyenv/versions/qecc1/lib/python3.10/site-packages/torchrl/envs/batched_envs.py", line 2830, in _run_worker_pipe_shared_mem
    if child_pipe.poll(_timeout):
  File "/vol/bitbucket/osella/pyenv/versions/3.10.16/lib/python3.10/multiprocessing/connection.py", line 257, in poll
    return self._poll(timeout)
  File "/vol/bitbucket/osella/pyenv/versions/3.10.16/lib/python3.10/multiprocessing/connection.py", line 424, in _poll
    r = wait([self], timeout)
  File "/vol/bitbucket/osella/pyenv/versions/3.10.16/lib/python3.10/multiprocessing/connection.py", line 931, in wait
    ready = selector.select(timeout)
  File "/vol/bitbucket/osella/pyenv/versions/3.10.16/lib/python3.10/selectors.py", line 416, in select
    fd_event_list = self._selector.poll(timeout)
KeyboardInterrupt
Traceback (most recent call last):
  File "/vol/bitbucket/osella/pyenv/versions/3.10.16/lib/python3.10/multiprocessing/process.py", line 314, in _bootstrap
    self.run()
  File "/vol/bitbucket/osella/pyenv/versions/3.10.16/lib/python3.10/multiprocessing/process.py", line 108, in run
    self._target(*self._args, **self._kwargs)
  File "/vol/bitbucket/osella/pyenv/versions/qecc1/lib/python3.10/site-packages/torchrl/envs/batched_envs.py", line 2830, in _run_worker_pipe_shared_mem
    if child_pipe.poll(_timeout):
  File "/vol/bitbucket/osella/pyenv/versions/3.10.16/lib/python3.10/multiprocessing/connection.py", line 257, in poll
    return self._poll(timeout)
  File "/vol/bitbucket/osella/pyenv/versions/3.10.16/lib/python3.10/multiprocessing/connection.py", line 424, in _poll
    r = wait([self], timeout)
  File "/vol/bitbucket/osella/pyenv/versions/3.10.16/lib/python3.10/multiprocessing/connection.py", line 931, in wait
    ready = selector.select(timeout)
  File "/vol/bitbucket/osella/pyenv/versions/3.10.16/lib/python3.10/selectors.py", line 416, in select
    fd_event_list = self._selector.poll(timeout)
KeyboardInterrupt
    tensordict_out = self.rollout()
  File "/vol/bitbucket/osella/pyenv/versions/qecc1/lib/python3.10/site-packages/torchrl/_utils.py", line 652, in unpack_rref_and_invoke_function
    return func(self, *args, **kwargs)
  File "/vol/bitbucket/osella/pyenv/versions/qecc1/lib/python3.10/site-packages/torch/utils/_contextlib.py", line 124, in decorate_context
    return func(*args, **kwargs)
  File "/vol/bitbucket/osella/pyenv/versions/qecc1/lib/python3.10/site-packages/torchrl/collectors/_single.py", line 1807, in rollout
    env_output, env_next_output = self.env.step_and_maybe_reset(env_input)
  File "/vol/bitbucket/osella/pyenv/versions/qecc1/lib/python3.10/site-packages/torch/utils/_contextlib.py", line 123, in decorate_context
    with ctx_factory():
  File "/vol/bitbucket/osella/pyenv/versions/qecc1/lib/python3.10/site-packages/torch/autograd/grad_mode.py", line 85, in __exit__
    torch.set_grad_enabled(self.prev)
  File "/vol/bitbucket/osella/pyenv/versions/qecc1/lib/python3.10/site-packages/torch/autograd/grad_mode.py", line 185, in __init__
    self.prev = torch.is_grad_enabled()
KeyboardInterrupt

During handling of the above exception, another exception occurred:

Traceback (most recent call last):
  File "/vol/bitbucket/osella/qecc/src/qecc/reinforcementLearning.py", line 623, in <module>
    for i, tensordict_data in enumerate(collector):
  File "/vol/bitbucket/osella/pyenv/versions/qecc1/lib/python3.10/site-packages/torchrl/collectors/_base.py", line 1277, in __iter__
Traceback (most recent call last):
Traceback (most recent call last):
  File "/vol/bitbucket/osella/pyenv/versions/3.10.16/lib/python3.10/multiprocessing/process.py", line 314, in _bootstrap
    self.run()
  File "/vol/bitbucket/osella/pyenv/versions/3.10.16/lib/python3.10/multiprocessing/process.py", line 314, in _bootstrap
    self.run()
  File "/vol/bitbucket/osella/pyenv/versions/3.10.16/lib/python3.10/multiprocessing/process.py", line 108, in run
    self._target(*self._args, **self._kwargs)
  File "/vol/bitbucket/osella/pyenv/versions/3.10.16/lib/python3.10/multiprocessing/process.py", line 108, in run
    self._target(*self._args, **self._kwargs)
  File "/vol/bitbucket/osella/pyenv/versions/qecc1/lib/python3.10/site-packages/torchrl/envs/batched_envs.py", line 2975, in _run_worker_pipe_shared_mem
    td, root_next_td = env.step_and_maybe_reset(input)
  File "/vol/bitbucket/osella/pyenv/versions/qecc1/lib/python3.10/site-packages/torchrl/envs/batched_envs.py", line 2975, in _run_worker_pipe_shared_mem
    td, root_next_td = env.step_and_maybe_reset(input)
  File "/vol/bitbucket/osella/pyenv/versions/qecc1/lib/python3.10/site-packages/torchrl/envs/common.py", line 4061, in step_and_maybe_reset
    return self._step_and_maybe_reset(tensordict)
  File "/vol/bitbucket/osella/pyenv/versions/qecc1/lib/python3.10/site-packages/torchrl/envs/common.py", line 4061, in step_and_maybe_reset
    return self._step_and_maybe_reset(tensordict)
  File "/vol/bitbucket/osella/pyenv/versions/qecc1/lib/python3.10/site-packages/torchrl/envs/common.py", line 4107, in _step_and_maybe_reset
    tensordict = self.step(tensordict)
  File "/vol/bitbucket/osella/pyenv/versions/qecc1/lib/python3.10/site-packages/torchrl/envs/common.py", line 4107, in _step_and_maybe_reset
    tensordict = self.step(tensordict)
  File "/vol/bitbucket/osella/pyenv/versions/qecc1/lib/python3.10/site-packages/torchrl/envs/common.py", line 2353, in step
    next_tensordict = self._step(tensordict)
  File "/vol/bitbucket/osella/pyenv/versions/qecc1/lib/python3.10/site-packages/torchrl/envs/common.py", line 2353, in step
    next_tensordict = self._step(tensordict)
  File "/vol/bitbucket/osella/pyenv/versions/qecc1/lib/python3.10/site-packages/torchrl/envs/transforms/_base.py", line 1349, in _step
    next_tensordict = self.base_env._step(tensordict_in)
  File "/vol/bitbucket/osella/pyenv/versions/qecc1/lib/python3.10/site-packages/torchrl/envs/transforms/_base.py", line 1349, in _step
    next_tensordict = self.base_env._step(tensordict_in)
  File "/vol/bitbucket/osella/pyenv/versions/qecc1/lib/python3.10/site-packages/torchrl/envs/gym_like.py", line 452, in _step
    step_result = self._env.step(action)
  File "/vol/bitbucket/osella/pyenv/versions/qecc1/lib/python3.10/site-packages/torchrl/envs/gym_like.py", line 452, in _step
    step_result = self._env.step(action)
  File "/vol/bitbucket/osella/pyenv/versions/qecc1/lib/python3.10/site-packages/gymnasium/wrappers/common.py", line 393, in step
    return super().step(action)
  File "/vol/bitbucket/osella/pyenv/versions/qecc1/lib/python3.10/site-packages/gymnasium/wrappers/common.py", line 393, in step
    return super().step(action)
  File "/vol/bitbucket/osella/pyenv/versions/qecc1/lib/python3.10/site-packages/gymnasium/core.py", line 327, in step
    return self.env.step(action)
  File "/vol/bitbucket/osella/pyenv/versions/qecc1/lib/python3.10/site-packages/gymnasium/core.py", line 327, in step
    return self.env.step(action)
  File "/vol/bitbucket/osella/qecc/src/qecc/bb_gym_v_0_1.py", line 205, in step
    logicalErrorRate = self.decoderEvaluation(self.seed)
  File "/vol/bitbucket/osella/qecc/src/qecc/bb_gym_v_0_1.py", line 205, in step
    logicalErrorRate = self.decoderEvaluation(self.seed)
  File "/vol/bitbucket/osella/qecc/src/qecc/bb_gym_v_0_1.py", line 251, in decoderEvaluation
    estimatedErrorX = bpDecoderHz.decode(self.Hz.dot(errorX)%2)
  File "/vol/bitbucket/osella/qecc/src/qecc/bb_gym_v_0_1.py", line 251, in decoderEvaluation
    estimatedErrorX = bpDecoderHz.decode(self.Hz.dot(errorX)%2)
KeyboardInterrupt
KeyboardInterrupt
Traceback (most recent call last):
  File "/vol/bitbucket/osella/pyenv/versions/3.10.16/lib/python3.10/multiprocessing/process.py", line 314, in _bootstrap
    self.run()
Traceback (most recent call last):
  File "/vol/bitbucket/osella/pyenv/versions/3.10.16/lib/python3.10/multiprocessing/process.py", line 108, in run
    self._target(*self._args, **self._kwargs)
  File "/vol/bitbucket/osella/pyenv/versions/qecc1/lib/python3.10/site-packages/torchrl/envs/batched_envs.py", line 2975, in _run_worker_pipe_shared_mem
    td, root_next_td = env.step_and_maybe_reset(input)
  File "/vol/bitbucket/osella/pyenv/versions/qecc1/lib/python3.10/site-packages/torchrl/envs/common.py", line 4061, in step_and_maybe_reset
    return self._step_and_maybe_reset(tensordict)
  File "/vol/bitbucket/osella/pyenv/versions/qecc1/lib/python3.10/site-packages/torchrl/envs/common.py", line 4107, in _step_and_maybe_reset
    tensordict = self.step(tensordict)
  File "/vol/bitbucket/osella/pyenv/versions/qecc1/lib/python3.10/site-packages/torchrl/envs/common.py", line 2353, in step
    next_tensordict = self._step(tensordict)
  File "/vol/bitbucket/osella/pyenv/versions/qecc1/lib/python3.10/site-packages/torchrl/envs/transforms/_base.py", line 1349, in _step
    next_tensordict = self.base_env._step(tensordict_in)
  File "/vol/bitbucket/osella/pyenv/versions/qecc1/lib/python3.10/site-packages/torchrl/envs/gym_like.py", line 452, in _step
    step_result = self._env.step(action)
  File "/vol/bitbucket/osella/pyenv/versions/qecc1/lib/python3.10/site-packages/gymnasium/wrappers/common.py", line 393, in step
    return super().step(action)
  File "/vol/bitbucket/osella/pyenv/versions/qecc1/lib/python3.10/site-packages/gymnasium/core.py", line 327, in step
    return self.env.step(action)
  File "/vol/bitbucket/osella/qecc/src/qecc/bb_gym_v_0_1.py", line 205, in step
    logicalErrorRate = self.decoderEvaluation(self.seed)
  File "/vol/bitbucket/osella/qecc/src/qecc/bb_gym_v_0_1.py", line 252, in decoderEvaluation
    estimatedErrorZ = bpDecoderHx.decode(self.Hx.dot(errorZ)%2)
  File "/vol/bitbucket/osella/pyenv/versions/3.10.16/lib/python3.10/multiprocessing/process.py", line 314, in _bootstrap
    self.run()
KeyboardInterrupt
  File "/vol/bitbucket/osella/pyenv/versions/3.10.16/lib/python3.10/multiprocessing/process.py", line 108, in run
    self._target(*self._args, **self._kwargs)
  File "/vol/bitbucket/osella/pyenv/versions/qecc1/lib/python3.10/site-packages/torchrl/envs/batched_envs.py", line 2975, in _run_worker_pipe_shared_mem
    td, root_next_td = env.step_and_maybe_reset(input)
  File "/vol/bitbucket/osella/pyenv/versions/qecc1/lib/python3.10/site-packages/torchrl/envs/common.py", line 4061, in step_and_maybe_reset
    return self._step_and_maybe_reset(tensordict)
  File "/vol/bitbucket/osella/pyenv/versions/qecc1/lib/python3.10/site-packages/torchrl/envs/common.py", line 4107, in _step_and_maybe_reset
    tensordict = self.step(tensordict)
  File "/vol/bitbucket/osella/pyenv/versions/qecc1/lib/python3.10/site-packages/torchrl/envs/common.py", line 2353, in step
    next_tensordict = self._step(tensordict)
  File "/vol/bitbucket/osella/pyenv/versions/qecc1/lib/python3.10/site-packages/torchrl/envs/transforms/_base.py", line 1349, in _step
    next_tensordict = self.base_env._step(tensordict_in)
  File "/vol/bitbucket/osella/pyenv/versions/qecc1/lib/python3.10/site-packages/torchrl/envs/gym_like.py", line 452, in _step
    step_result = self._env.step(action)
  File "/vol/bitbucket/osella/pyenv/versions/qecc1/lib/python3.10/site-packages/gymnasium/wrappers/common.py", line 393, in step
    return super().step(action)
  File "/vol/bitbucket/osella/pyenv/versions/qecc1/lib/python3.10/site-packages/gymnasium/core.py", line 327, in step
    return self.env.step(action)
  File "/vol/bitbucket/osella/qecc/src/qecc/bb_gym_v_0_1.py", line 205, in step
    logicalErrorRate = self.decoderEvaluation(self.seed)
  File "/vol/bitbucket/osella/qecc/src/qecc/bb_gym_v_0_1.py", line 252, in decoderEvaluation
    estimatedErrorZ = bpDecoderHx.decode(self.Hx.dot(errorZ)%2)
KeyboardInterrupt
Traceback (most recent call last):
  File "/vol/bitbucket/osella/pyenv/versions/3.10.16/lib/python3.10/multiprocessing/process.py", line 314, in _bootstrap
    self.run()
  File "/vol/bitbucket/osella/pyenv/versions/3.10.16/lib/python3.10/multiprocessing/process.py", line 108, in run
    self._target(*self._args, **self._kwargs)
  File "/vol/bitbucket/osella/pyenv/versions/qecc1/lib/python3.10/site-packages/torchrl/envs/batched_envs.py", line 2975, in _run_worker_pipe_shared_mem
    td, root_next_td = env.step_and_maybe_reset(input)
  File "/vol/bitbucket/osella/pyenv/versions/qecc1/lib/python3.10/site-packages/torchrl/envs/common.py", line 4061, in step_and_maybe_reset
    return self._step_and_maybe_reset(tensordict)
  File "/vol/bitbucket/osella/pyenv/versions/qecc1/lib/python3.10/site-packages/torchrl/envs/common.py", line 4107, in _step_and_maybe_reset
    tensordict = self.step(tensordict)
  File "/vol/bitbucket/osella/pyenv/versions/qecc1/lib/python3.10/site-packages/torchrl/envs/common.py", line 2353, in step
    next_tensordict = self._step(tensordict)
  File "/vol/bitbucket/osella/pyenv/versions/qecc1/lib/python3.10/site-packages/torchrl/envs/transforms/_base.py", line 1349, in _step
    next_tensordict = self.base_env._step(tensordict_in)
  File "/vol/bitbucket/osella/pyenv/versions/qecc1/lib/python3.10/site-packages/torchrl/envs/gym_like.py", line 452, in _step
    step_result = self._env.step(action)
  File "/vol/bitbucket/osella/pyenv/versions/qecc1/lib/python3.10/site-packages/gymnasium/wrappers/common.py", line 393, in step
    return super().step(action)
  File "/vol/bitbucket/osella/pyenv/versions/qecc1/lib/python3.10/site-packages/gymnasium/core.py", line 327, in step
    return self.env.step(action)
  File "/vol/bitbucket/osella/qecc/src/qecc/bb_gym_v_0_1.py", line 205, in step
    logicalErrorRate = self.decoderEvaluation(self.seed)
  File "/vol/bitbucket/osella/qecc/src/qecc/bb_gym_v_0_1.py", line 251, in decoderEvaluation
    estimatedErrorX = bpDecoderHz.decode(self.Hz.dot(errorX)%2)
KeyboardInterrupt
    yield from self.iterator()
  File "/vol/bitbucket/osella/pyenv/versions/qecc1/lib/python3.10/site-packages/torchrl/collectors/_single.py", line 1487, in iterator
    with contextlib.ExitStack() as stack:
  File "/vol/bitbucket/osella/pyenv/versions/3.10.16/lib/python3.10/contextlib.py", line 557, in __exit__
    while self._exit_callbacks:
KeyboardInterrupt
/vol/bitbucket/osella/rl-qecc-data/supervisedLearning/collection/collectWorker3.sh: error reading input file: Stale file handle
/vol/bitbucket/osella/rl-qecc-data/supervisedLearning/collection/labCollectWorker3.sh: error reading input file: Stale file handle
labWorker ash35: started collect pid 3128108 (l=5 m=15) Mon 27 Jul 12:13:27 BST 2026
collectWorker4 ash35: l=5 m=15 procs=4 x envs=3 cores=16 stage=1 Mon 27 Jul 12:13:27 BST 2026
collectWorker4 ash35: launched pids: 3128124 3128148 3128168 3128206
