# num_workers = 8
# num_cells = 256
# seed_for_environment = 6856924
# lr = 0.0003
# max_grad_norm = 1.0
# eval_rollout_length = 30
# scaling_factor = 1000
# frames_per_batch = 500
# sub_batch_size = 64
# num_epochs = 15
# clip_epsilon = 0.2
# gamma = 0.99
# lmbda = 0.95
# entropy_eps = 0.5
# env_reward_engineering = True
# env_minimum_number_of_qubits = 1
# log_name = None
# env_error_range = dataCollection
# env_version = qecc/bbcode-ldpc-v0
# env_bit_flipping = True
# env_l = 9
# env_m = 6
# env_use_dict_observation = True
# env_number_of_decoder_iterations = 50
# env_number_of_samples = 50
# env_code_logging = True
# model_architecture = hybrid
# model_surrogate_model_path = /rds/general/user/osella/home/rl-qecc-data//supervisedLearning/2026-07-12_20-18-32/surrogate_6x6.pth
# model_use_pretrained_encoder = False
# index_to_unfreeze_encoder_updates = 20
# encoder_lr_factor = 0.1
# training_device = cpu
# Resolved arguments:
# Resolved_env_reward_engineering = True
# Resolved_env_reward_integral = Between prob. of no error and curve.
# Resolved_env_bit_flipping = True
# Resolved_env_useDictObservation = True
# Resolved_env_code_logging = True
# Resolved_env_error_range = [np.float64(0.0001), np.float64(0.000215), np.float64(0.000464), np.float64(0.001), np.float64(0.002154), np.float64(0.003162), np.float64(0.004642), np.float64(0.01), np.float64(0.021544), np.float64(0.025075), np.float64(0.031623), np.float64(0.046416), np.float64(0.05005), np.float64(0.075025), np.float64(0.1)]
# Resolved_model_use_pretrained_encoder = False
# Resolved_trainingDevice = cpu
# Resolved_model_architecture = hybrid
# Number of workers: 8
# Does torch identify cuda: False
# encoder ***RANDOM WEIGHTS***
evaluation number	reward	policy entropy	policy entropy aX	policy entropy bX	policy entropy aY	policy entropy bY	Encoder freeze	postAction_aX	postAction_bX	postAction_aY	postAction_bY
0	0.24744464457035065	8.447135925292969	2.293637752532959	2.2741854190826416	1.9448294639587402	1.9344825744628906	True	[0 0 0 0 0 0 0 1 0]	[0 0 1 0 0 0 0 0 0]	[0 1 0 0 0 0]	[0 0 1 0 0 0]
0	0.4853975176811218	8.472037315368652	2.2962517738342285	2.2874844074249268	1.9450485706329346	1.9432529211044312	True	[0 0 0 1 0 0 0 1 0]	[0 0 1 0 0 0 1 0 0]	[0 1 1 0 0 0]	[0 0 0 0 0 0]
0	0.2752366364002228	8.47118854522705	2.297053098678589	2.2868735790252686	1.944448471069336	1.9428136348724365	True	[0 0 0 0 0 0 0 1 0]	[0 0 1 0 0 0 0 0 0]	[0 1 0 0 0 0]	[0 0 1 0 0 0]
0	0.4699173867702484	8.472200393676758	2.296058416366577	2.287463665008545	1.9451663494110107	1.9435118436813354	True	[0 0 0 1 0 0 0 1 0]	[0 0 1 0 0 0 1 0 0]	[0 1 1 0 0 0]	[0 0 0 0 0 0]
0	0.2685067355632782	8.471755027770996	2.296846866607666	2.2873568534851074	1.9445774555206299	1.942974328994751	True	[0 0 0 0 0 0 0 1 0]	[0 0 1 0 0 0 0 0 0]	[0 1 0 0 0 0]	[0 0 1 0 0 0]
0	0.5228279232978821	8.472158432006836	2.29605770111084	2.2875096797943115	1.9450258016586304	1.9435648918151855	True	[0 0 0 1 0 0 0 1 0]	[0 0 1 0 0 0 1 0 0]	[0 1 1 0 0 0]	[0 0 0 0 0 0]
0	0.27190130949020386	8.471549987792969	2.2969117164611816	2.287172794342041	1.9445569515228271	1.9429081678390503	True	[0 0 0 0 0 0 0 1 0]	[0 0 1 0 0 0 0 0 0]	[0 1 0 0 0 0]	[0 0 1 0 0 0]
0	0.49862438440322876	8.472074508666992	2.2960305213928223	2.2874252796173096	1.9451026916503906	1.9435155391693115	True	[0 0 0 1 0 0 0 1 0]	[0 0 1 0 0 0 1 0 0]	[0 1 1 0 0 0]	[0 0 0 0 0 0]
0	0.27461960911750793	8.471209526062012	2.297001361846924	2.2866950035095215	1.9445233345031738	1.9429899454116821	True	[0 0 0 0 0 0 0 1 0]	[0 0 1 0 0 0 0 0 0]	[0 1 0 0 0 0]	[0 0 1 0 0 0]
0	0.5011814832687378	8.472521781921387	2.2957894802093506	2.287954092025757	1.9452353715896606	1.9435429573059082	True	[0 0 0 1 0 0 0 1 0]	[0 0 1 0 0 0 1 0 0]	[0 1 1 0 0 0]	[0 0 0 0 0 0]
0	0.2694045901298523	8.471319198608398	2.297064781188965	2.2869184017181396	1.9446429014205933	1.9426929950714111	True	[0 0 0 0 0 0 0 1 0]	[0 0 1 0 0 0 0 0 0]	[0 1 0 0 0 0]	[0 0 1 0 0 0]
0	0.5185283422470093	8.472289085388184	2.2963409423828125	2.2874038219451904	1.9451807737350464	1.9433635473251343	True	[0 0 0 1 0 0 0 1 0]	[0 0 1 0 0 0 1 0 0]	[0 1 1 0 0 0]	[0 0 0 0 0 0]
0	0.2506841719150543	8.471198081970215	2.297018527984619	2.2868852615356445	1.9445770978927612	1.9427170753479004	True	[0 0 0 0 0 0 0 1 0]	[0 0 1 0 0 0 0 0 0]	[0 1 0 0 0 0]	[0 0 1 0 0 0]
0	0.50595623254776	8.471925735473633	2.2962892055511475	2.2874245643615723	1.9452236890792847	1.9429885149002075	True	[0 0 0 1 0 0 0 1 0]	[0 0 1 0 0 0 1 0 0]	[0 1 1 0 0 0]	[0 0 0 0 0 0]
0	0.24724221229553223	8.47201919555664	2.2972333431243896	2.287376642227173	1.9446308612823486	1.9427783489227295	True	[0 0 0 0 0 0 0 1 0]	[0 0 1 0 0 0 0 0 0]	[0 1 0 0 0 0]	[0 0 1 0 0 0]
0	0.4576162099838257	8.472270965576172	2.2959554195404053	2.287750244140625	1.9451477527618408	1.9434175491333008	True	[0 0 0 1 0 0 0 1 0]	[0 0 1 0 0 0 1 0 0]	[0 1 1 0 0 0]	[0 0 0 0 0 0]
0	0.2711363732814789	8.471879959106445	2.297029972076416	2.2874624729156494	1.944580078125	1.9428067207336426	True	[0 0 0 0 0 0 0 1 0]	[0 0 1 0 0 0 0 0 0]	[0 1 0 0 0 0]	[0 0 1 0 0 0]
0	0.48490670323371887	8.471540451049805	2.2961573600769043	2.286987781524658	1.9451444149017334	1.943251132965088	True	[0 0 0 1 0 0 0 1 0]	[0 0 1 0 0 0 1 0 0]	[0 1 1 0 0 0]	[0 0 0 0 0 0]
0	0.26272982358932495	8.471441268920898	2.2969517707824707	2.286975383758545	1.9446192979812622	1.942894697189331	True	[0 0 0 0 0 0 0 1 0]	[0 0 1 0 0 0 0 0 0]	[0 1 0 0 0 0]	[0 0 1 0 0 0]
0	0.4955442547798157	8.472134590148926	2.2961277961730957	2.287456512451172	1.945190668106079	1.943359613418579	True	[0 0 0 1 0 0 0 1 0]	[0 0 1 0 0 0 1 0 0]	[0 1 1 0 0 0]	[0 0 0 0 0 0]
0	0.2633165419101715	8.471454620361328	2.297030448913574	2.2871358394622803	1.9445018768310547	1.9427857398986816	True	[0 0 0 0 0 0 0 1 0]	[0 0 1 0 0 0 0 0 0]	[0 1 0 0 0 0]	[0 0 1 0 0 0]
0	0.47907382249832153	8.471606254577637	2.2958924770355225	2.2871856689453125	1.9450364112854004	1.9434916973114014	True	[0 0 0 1 0 0 0 1 0]	[0 0 1 0 0 0 1 0 0]	[0 1 1 0 0 0]	[0 0 0 0 0 0]
0	0.2838945984840393	8.471259117126465	2.2968060970306396	2.286895751953125	1.944594383239746	1.9429627656936646	True	[0 0 0 0 0 0 0 1 0]	[0 0 1 0 0 0 0 0 0]	[0 1 0 0 0 0]	[0 0 1 0 0 0]
0	0.48407095670700073	8.471680641174316	2.2961041927337646	2.287328004837036	1.945091724395752	1.9431564807891846	True	[0 0 0 1 0 0 0 1 0]	[0 0 1 0 0 0 1 0 0]	[0 1 1 0 0 0]	[0 0 0 0 0 0]
0	0.23794767260551453	8.471684455871582	2.2970762252807617	2.2870354652404785	1.9446601867675781	1.9429126977920532	True	[0 0 0 0 0 0 0 1 0]	[0 0 1 0 0 0 0 0 0]	[0 1 0 0 0 0]	[0 0 1 0 0 0]
0	0.4896978437900543	8.471945762634277	2.2961416244506836	2.2872180938720703	1.9450790882110596	1.9435070753097534	True	[0 0 0 1 0 0 0 1 0]	[0 0 1 0 0 0 1 0 0]	[0 1 1 0 0 0]	[0 0 0 0 0 0]
0	0.2668769657611847	8.471333503723145	2.2970430850982666	2.2868125438690186	1.9446024894714355	1.9428755044937134	True	[0 0 0 0 0 0 0 1 0]	[0 0 1 0 0 0 0 0 0]	[0 1 0 0 0 0]	[0 0 1 0 0 0]
0	0.5492172837257385	8.471784591674805	2.2961955070495605	2.2872567176818848	1.9450310468673706	1.9433016777038574	True	[0 0 0 1 0 0 0 1 0]	[0 0 1 0 0 0 1 0 0]	[0 1 1 0 0 0]	[0 0 0 0 0 0]
0	0.27560192346572876	8.471327781677246	2.296966791152954	2.286868095397949	1.944553256034851	1.9429395198822021	True	[0 0 0 0 0 0 0 1 0]	[0 0 1 0 0 0 0 0 0]	[0 1 0 0 0 0]	[0 0 1 0 0 0]
0	0.509598970413208	8.472557067871094	2.296170473098755	2.2877941131591797	1.9451203346252441	1.9434728622436523	True	[0 0 0 1 0 0 0 1 0]	[0 0 1 0 0 0 1 0 0]	[0 1 1 0 0 0]	[0 0 0 0 0 0]
1	-1.0	8.388465881347656	2.25584077835083	2.2896485328674316	1.9292281866073608	1.9137481451034546	True	[1 0 0 0 0 0 0 0 0]	[0 0 0 0 0 0 0 0 0]	[0 0 1 0 0 0]	[0 0 1 0 0 0]
1	-1.0	8.417492866516113	2.272836208343506	2.287113666534424	1.9356517791748047	1.921891450881958	True	[1 0 0 0 0 0 0 0 0]	[0 0 0 0 0 1 0 0 0]	[0 0 1 0 0 0]	[0 0 1 0 0 1]
1	-1.0	8.411827087402344	2.2705602645874023	2.287071466445923	1.9329293966293335	1.9212656021118164	True	[1 0 0 0 0 0 0 0 0]	[0 0 0 0 0 0 0 0 0]	[0 0 1 0 0 0]	[0 0 1 0 0 0]
1	-1.0	8.415382385253906	2.2718164920806885	2.2870020866394043	1.9354289770126343	1.9211349487304688	True	[1 0 0 0 0 0 0 0 0]	[0 0 0 0 0 1 0 0 0]	[0 0 1 0 0 0]	[0 0 1 0 0 1]
1	-1.0	8.4154634475708	2.2720441818237305	2.287471055984497	1.9334979057312012	1.922450304031372	True	[1 0 0 0 0 0 0 0 0]	[0 0 0 0 0 0 0 0 0]	[0 0 1 0 0 0]	[0 0 1 0 0 0]
1	-1.0	8.415375709533691	2.2719228267669678	2.286902666091919	1.9351744651794434	1.92137610912323	True	[1 0 0 0 0 0 0 0 0]	[0 0 0 0 0 1 0 0 0]	[0 0 1 0 0 0]	[0 0 1 0 0 1]
1	-1.0	8.414541244506836	2.2712302207946777	2.2874813079833984	1.933345913887024	1.9224838018417358	True	[1 0 0 0 0 0 0 0 0]	[0 0 0 0 0 0 0 0 0]	[0 0 1 0 0 0]	[0 0 1 0 0 0]
1	-1.0	8.416309356689453	2.2720158100128174	2.287205219268799	1.9350584745407104	1.9220293760299683	True	[1 0 0 0 0 0 0 0 0]	[0 0 0 0 0 1 0 0 0]	[0 0 1 0 0 0]	[0 0 1 0 0 1]
1	-1.0	8.414953231811523	2.2715766429901123	2.2870757579803467	1.9346680641174316	1.9216331243515015	True	[1 0 0 0 0 0 0 0 0]	[0 0 0 0 0 0 0 0 0]	[0 0 1 0 0 0]	[0 0 1 0 0 0]
1	-1.0	8.414952278137207	2.2714102268218994	2.286829948425293	1.9353599548339844	1.9213521480560303	True	[1 0 0 0 0 0 0 0 0]	[0 0 0 0 0 1 0 0 0]	[0 0 1 0 0 0]	[0 0 1 0 0 1]
1	-1.0	8.415264129638672	2.272095203399658	2.287322998046875	1.934127688407898	1.921717882156372	True	[1 0 0 0 0 0 0 0 0]	[0 0 0 0 0 0 0 0 0]	[0 0 1 0 0 0]	[0 0 1 0 0 0]
1	-1.0	8.415258407592773	2.271629810333252	2.287338972091675	1.9349277019500732	1.9213614463806152	True	[1 0 0 0 0 0 0 0 0]	[0 0 0 0 0 1 0 0 0]	[0 0 1 0 0 0]	[0 0 1 0 0 1]
1	-1.0	8.415940284729004	2.271904706954956	2.287428379058838	1.9340925216674805	1.9225149154663086	True	[1 0 0 0 0 0 0 0 0]	[0 0 0 0 0 0 0 0 0]	[0 0 1 0 0 0]	[0 0 1 0 0 0]
1	-1.0	8.416473388671875	2.272174596786499	2.2873644828796387	1.9351646900177002	1.9217703342437744	True	[1 0 0 0 0 0 0 0 0]	[0 0 0 0 0 1 0 0 0]	[0 0 1 0 0 0]	[0 0 1 0 0 1]
1	-1.0	8.415349960327148	2.2716643810272217	2.2873141765594482	1.9345837831497192	1.9217875003814697	True	[1 0 0 0 0 0 0 0 0]	[0 0 0 0 0 0 0 0 0]	[0 0 1 0 0 0]	[0 0 1 0 0 0]
1	-1.0	8.415885925292969	2.2719528675079346	2.286813974380493	1.9352750778198242	1.9218435287475586	True	[1 0 0 0 0 0 0 0 0]	[0 0 0 0 0 1 0 0 0]	[0 0 1 0 0 0]	[0 0 1 0 0 1]
1	-1.0	8.415884971618652	2.2717201709747314	2.287454843521118	1.9344700574874878	1.9222395420074463	True	[1 0 0 0 0 0 0 0 0]	[0 0 0 0 0 0 0 0 0]	[0 0 1 0 0 0]	[0 0 1 0 0 0]
1	-1.0	8.415587425231934	2.271926164627075	2.286879301071167	1.9354723691940308	1.9213093519210815	True	[1 0 0 0 0 0 0 0 0]	[0 0 0 0 0 1 0 0 0]	[0 0 1 0 0 0]	[0 0 1 0 0 1]
1	-1.0	8.414422988891602	2.2714595794677734	2.2871510982513428	1.9336134195327759	1.9221991300582886	True	[1 0 0 0 0 0 0 0 0]	[0 0 0 0 0 0 0 0 0]	[0 0 1 0 0 0]	[0 0 1 0 0 0]
1	-1.0	8.414623260498047	2.2714738845825195	2.2869091033935547	1.934786319732666	1.9214541912078857	True	[1 0 0 0 0 0 0 0 0]	[0 0 0 0 0 1 0 0 0]	[0 0 1 0 0 0]	[0 0 1 0 0 1]
1	-1.0	8.415510177612305	2.271855592727661	2.2871522903442383	1.9343678951263428	1.922134280204773	True	[1 0 0 0 0 0 0 0 0]	[0 0 0 0 0 0 0 0 0]	[0 0 1 0 0 0]	[0 0 1 0 0 0]
1	-1.0	8.415403366088867	2.2713265419006348	2.286818027496338	1.9365456104278564	1.9207139015197754	True	[1 0 0 0 0 0 0 0 0]	[0 0 0 0 0 1 0 0 0]	[0 0 1 0 0 0]	[0 0 1 0 0 1]
1	-1.0	8.414230346679688	2.271017074584961	2.287567138671875	1.9337687492370605	1.9218769073486328	True	[1 0 0 0 0 0 0 0 0]	[0 0 0 0 0 0 0 0 0]	[0 0 1 0 0 0]	[0 0 1 0 0 0]
1	-1.0	8.415640830993652	2.2717273235321045	2.2872314453125	1.935017704963684	1.9216643571853638	True	[1 0 0 0 0 0 0 0 0]	[0 0 0 0 0 1 0 0 0]	[0 0 1 0 0 0]	[0 0 1 0 0 1]
1	-1.0	8.413864135742188	2.2708756923675537	2.2871479988098145	1.9331622123718262	1.922677993774414	True	[1 0 0 0 0 0 0 0 0]	[0 0 0 0 0 0 0 0 0]	[0 0 1 0 0 0]	[0 0 1 0 0 0]
1	-1.0	8.414838790893555	2.271486520767212	2.2869608402252197	1.9349957704544067	1.9213961362838745	True	[1 0 0 0 0 0 0 0 0]	[0 0 0 0 0 1 0 0 0]	[0 0 1 0 0 0]	[0 0 1 0 0 1]
1	-1.0	8.415078163146973	2.2716362476348877	2.2871851921081543	1.9335311651229858	1.9227248430252075	True	[1 0 0 0 0 0 0 0 0]	[0 0 0 0 0 0 0 0 0]	[0 0 1 0 0 0]	[0 0 1 0 0 0]
1	-1.0	8.414552688598633	2.271284818649292	2.2871551513671875	1.9349565505981445	1.921155571937561	True	[1 0 0 0 0 0 0 0 0]	[0 0 0 0 0 1 0 0 0]	[0 0 1 0 0 0]	[0 0 1 0 0 1]
1	-1.0	8.416708946228027	2.2727112770080566	2.287202835083008	1.9345130920410156	1.9222813844680786	True	[1 0 0 0 0 0 0 0 0]	[0 0 0 0 0 0 0 0 0]	[0 0 1 0 0 0]	[0 0 1 0 0 0]
1	-1.0	8.416696548461914	2.2723827362060547	2.2869598865509033	1.9365218877792358	1.9208321571350098	True	[1 0 0 0 0 0 0 0 0]	[0 0 0 0 0 1 0 0 0]	[0 0 1 0 0 0]	[0 0 1 0 0 1]
2	0.22958506643772125	8.344497680664062	2.244727611541748	2.2730822563171387	1.9016519784927368	1.9250355958938599	False	[0 0 0 0 0 0 1 0 0]	[0 0 0 1 0 0 0 0 0]	[1 0 0 0 0 0]	[0 0 0 0 1 0]
2	-0.5	8.434852600097656	2.2860186100006104	2.2878308296203613	1.92915940284729	1.931843876838684	False	[1 0 0 0 0 0 1 0 0]	[0 0 0 0 0 0 0 0 0]	[1 1 0 0 0 0]	[0 0 0 0 0 0]
2	0.38785794377326965	8.417423248291016	2.2821874618530273	2.2857506275177	1.912771224975586	1.9367138147354126	False	[1 0 0 0 0 0 0 0 0]	[0 0 0 1 0 0 0 0 0]	[0 1 0 0 0 0]	[1 0 0 0 0 0]
2	0.285188764333725	8.419939041137695	2.2805817127227783	2.2840497493743896	1.9290223121643066	1.9262855052947998	False	[1 0 0 0 0 0 1 0 0]	[0 0 0 0 0 0 0 0 0]	[0 0 0 0 0 0]	[1 0 0 0 1 0]
2	0.28062888979911804	8.418177604675293	2.2815825939178467	2.28322172164917	1.9257694482803345	1.9276043176651	False	[1 0 0 0 0 1 1 0 0]	[0 0 0 1 0 0 0 0 0]	[0 1 0 0 0 0]	[1 0 0 0 0 0]
2	-0.5	8.445450782775879	2.2852697372436523	2.2920334339141846	1.9349358081817627	1.9332120418548584	False	[0 0 0 0 0 1 1 0 0]	[0 0 0 0 0 0 0 0 0]	[0 0 0 0 0 0]	[0 0 0 0 0 0]
2	0.37500709295272827	8.452669143676758	2.294236660003662	2.290884256362915	1.9244691133499146	1.9430793523788452	False	[0 0 0 0 0 1 0 0 0]	[0 0 0 1 0 0 0 0 0]	[1 0 0 0 0 0]	[0 0 1 0 0 0]
2	0.3854689300060272	8.452308654785156	2.2910149097442627	2.290240526199341	1.936644196510315	1.9344090223312378	False	[0 0 0 0 0 1 0 0 1]	[0 1 0 1 0 0 0 0 0]	[1 1 0 0 0 0]	[0 0 1 0 1 0]
2	0.23207595944404602	8.449373245239258	2.2879202365875244	2.291210889816284	1.9360207319259644	1.9342211484909058	False	[0 0 0 0 0 1 1 0 1]	[0 0 0 1 0 0 0 0 0]	[1 0 0 0 0 0]	[0 0 1 0 0 0]
2	0.38070058822631836	8.44316291809082	2.288106918334961	2.2887814044952393	1.9330828189849854	1.9331927299499512	False	[0 0 0 0 0 1 1 0 0]	[0 1 0 1 0 0 0 0 0]	[0 0 0 0 0 0]	[0 0 1 0 1 0]
2	0.32188984751701355	8.456368446350098	2.2910821437835693	2.2924442291259766	1.9368213415145874	1.9360206127166748	False	[0 0 0 0 0 1 1 0 1]	[0 0 0 1 0 0 0 0 0]	[0 0 0 0 0 1]	[0 0 1 0 0 0]
2	0.3453935980796814	8.465542793273926	2.2959277629852295	2.2914321422576904	1.9364674091339111	1.9417154788970947	False	[0 0 0 0 0 1 1 0 0]	[0 0 0 1 0 0 1 0 0]	[1 0 0 0 0 1]	[0 0 1 0 1 0]
2	0.3359624445438385	8.47348690032959	2.2972867488861084	2.2936692237854004	1.9398620128631592	1.9426685571670532	False	[0 0 0 0 0 1 1 0 1]	[0 0 0 1 0 0 0 0 0]	[0 0 0 0 0 1]	[0 0 0 0 1 0]
2	0.2385893613100052	8.456235885620117	2.2919068336486816	2.2917261123657227	1.9361472129821777	1.936455488204956	False	[0 0 0 0 0 1 1 0 0]	[0 1 0 1 0 0 0 0 0]	[0 0 0 0 0 0]	[0 0 0 0 0 0]
2	0.25523656606674194	8.4539213180542	2.2945687770843506	2.291309356689453	1.92525053024292	1.9427920579910278	False	[0 0 0 0 0 1 1 0 1]	[0 1 0 0 0 0 0 0 0]	[1 0 0 0 0 0]	[0 0 1 0 0 0]
2	0.3202681243419647	8.437395095825195	2.2829034328460693	2.2917487621307373	1.9255750179290771	1.937167763710022	False	[0 0 0 0 0 1 0 0 1]	[0 0 0 0 0 0 0 0 0]	[1 0 0 0 0 1]	[0 0 1 0 1 0]
2	0.37748098373413086	8.449546813964844	2.2895894050598145	2.290616273880005	1.9352809190750122	1.9340598583221436	False	[0 0 0 0 0 1 0 0 0]	[0 1 0 0 0 0 0 0 0]	[1 0 0 0 0 0]	[0 0 1 0 0 0]
2	0.361514151096344	8.438379287719727	2.2777695655822754	2.293519973754883	1.9272277355194092	1.9398622512817383	False	[0 0 0 0 0 1 1 0 0]	[0 1 0 1 0 0 0 0 0]	[0 0 0 0 0 0]	[0 0 1 0 1 0]
2	0.3123180866241455	8.456502914428711	2.2914814949035645	2.292085886001587	1.9370787143707275	1.935856580734253	False	[0 0 0 0 0 1 1 0 1]	[0 0 0 1 0 0 0 0 0]	[0 0 0 0 0 1]	[0 0 1 0 0 0]
2	0.3772604465484619	8.466054916381836	2.2963693141937256	2.291431427001953	1.936462163925171	1.9417911767959595	False	[0 0 0 0 0 1 1 0 0]	[0 0 0 1 0 0 1 0 0]	[1 0 0 0 0 1]	[0 0 1 0 1 0]
2	0.33150574564933777	8.474761009216309	2.2972514629364014	2.2941131591796875	1.9403797388076782	1.943016529083252	False	[0 0 0 0 0 1 1 0 1]	[0 0 0 1 0 0 0 0 0]	[0 0 0 0 0 1]	[0 0 0 0 1 0]
2	0.4895314574241638	8.455583572387695	2.291637420654297	2.2915191650390625	1.935998797416687	1.9364277124404907	False	[0 0 0 0 0 1 1 0 0]	[0 1 0 1 0 0 0 0 0]	[1 0 0 0 0 1]	[0 0 0 0 0 0]
2	0.21712909638881683	8.470124244689941	2.2952747344970703	2.2948110103607178	1.939499855041504	1.9405384063720703	False	[0 0 0 0 0 1 1 0 1]	[0 0 0 1 0 0 0 0 0]	[1 0 0 0 0 0]	[0 0 0 0 1 0]
2	0.46747466921806335	8.439779281616211	2.2871017456054688	2.287914514541626	1.9330966472625732	1.9316660165786743	False	[0 0 0 0 0 1 1 0 0]	[0 1 0 1 0 0 0 0 0]	[1 1 0 0 0 0]	[0 0 0 0 0 0]
2	0.5726205110549927	8.433686256408691	2.275097608566284	2.2895853519439697	1.9343533515930176	1.9346498250961304	False	[1 0 0 0 0 1 1 0 0]	[0 0 0 1 0 0 0 0 0]	[1 0 0 0 0 0]	[0 0 0 0 0 1]
2	0.5173527598381042	8.444594383239746	2.2808780670166016	2.2935571670532227	1.9364876747131348	1.933671236038208	False	[0 0 0 0 0 1 1 0 0]	[0 0 0 0 0 0 0 0 0]	[1 1 0 0 0 0]	[1 0 0 0 0 1]
2	0.04289448633790016	8.43063735961914	2.2743005752563477	2.2891416549682617	1.93389892578125	1.9332960844039917	False	[1 0 0 0 0 1 1 0 0]	[0 1 0 0 0 0 0 0 0]	[1 0 0 0 0 0]	[1 0 0 0 0 0]
2	0.387198269367218	8.448217391967773	2.2909774780273438	2.2908172607421875	1.9234797954559326	1.9429421424865723	False	[1 0 0 0 0 1 0 0 0]	[0 1 0 1 0 0 0 0 0]	[0 0 0 0 0 0]	[1 0 1 0 0 0]
2	0.3241886794567108	8.44810676574707	2.2865161895751953	2.2909886837005615	1.9344611167907715	1.936140775680542	False	[1 0 0 0 0 1 1 0 0]	[0 0 0 1 0 0 0 0 0]	[1 0 0 0 0 0]	[1 0 1 0 1 0]
2	0.17117488384246826	8.472699165344238	2.2979161739349365	2.2937238216400146	1.9388564825057983	1.9422023296356201	False	[1 0 0 0 0 1 1 0 1]	[0 0 0 1 0 0 1 0 0]	[0 0 0 0 0 0]	[1 0 1 0 0 0]
3	0.33042415976524353	8.40866470336914	2.277665376663208	2.2826805114746094	1.9120140075683594	1.9363048076629639	False	[1 0 0 0 0 0 0 0 0]	[0 0 0 1 0 0 0 0 0]	[0 1 0 0 0 0]	[0 0 0 0 1 0]
3	0.48676085472106934	8.44063663482666	2.2904443740844727	2.291795015335083	1.9233030080795288	1.9350943565368652	False	[0 0 0 0 0 0 0 0 0]	[0 0 0 1 0 1 0 0 0]	[1 1 0 0 0 0]	[0 0 1 0 1 0]
3	0.31308233737945557	8.453582763671875	2.292407751083374	2.285104751586914	1.935002326965332	1.9410676956176758	False	[0 1 0 0 0 0 0 0 0]	[0 0 0 1 0 0 0 0 0]	[1 0 0 0 0 0]	[1 0 1 0 1 0]
3	0.37444397807121277	8.45748233795166	2.294631004333496	2.2961816787719727	1.9295892715454102	1.9370806217193604	False	[0 1 0 0 0 0 0 0 1]	[0 0 0 1 1 0 0 0 0]	[0 0 0 0 0 0]	[1 0 0 0 1 0]
3	0.329585462808609	8.447729110717773	2.287256956100464	2.2995638847351074	1.9294743537902832	1.9314336776733398	False	[0 1 0 0 0 0 0 0 0]	[0 0 0 1 1 0 0 1 0]	[1 0 0 0 0 0]	[1 0 1 0 1 0]
3	0.38581582903862	8.456313133239746	2.2952680587768555	2.2949724197387695	1.9298086166381836	1.936264157295227	False	[0 1 0 0 0 0 0 0 1]	[0 0 0 1 0 0 0 1 0]	[0 0 0 0 0 0]	[1 0 0 0 1 0]
3	0.33985304832458496	8.455842971801758	2.294790506362915	2.295564889907837	1.929568886756897	1.9359185695648193	False	[0 1 0 0 0 0 0 0 0]	[0 0 0 1 1 0 0 1 0]	[1 0 0 0 0 0]	[1 0 1 0 1 0]
3	0.39583948254585266	8.455829620361328	2.295037031173706	2.295290946960449	1.9295649528503418	1.9359365701675415	False	[0 1 0 0 0 0 0 0 1]	[0 0 0 1 0 0 0 1 0]	[0 0 0 0 0 0]	[1 0 0 0 1 0]
3	0.3212718367576599	8.456148147583008	2.295048952102661	2.295353651046753	1.9297798871994019	1.9359650611877441	False	[0 1 0 0 0 0 0 0 0]	[0 0 0 1 1 0 0 1 0]	[1 0 0 0 0 0]	[1 0 1 0 1 0]
3	0.410860151052475	8.455683708190918	2.2949345111846924	2.2952144145965576	1.9295189380645752	1.9360157251358032	False	[0 1 0 0 0 0 0 0 1]	[0 0 0 1 0 0 0 1 0]	[0 0 0 0 0 0]	[1 0 0 0 1 0]
3	0.3149597644805908	8.455881118774414	2.2947640419006348	2.2958364486694336	1.929121971130371	1.9361590147018433	False	[0 1 0 0 0 0 0 0 0]	[0 0 0 1 1 0 0 1 0]	[1 0 0 0 0 0]	[1 0 1 0 1 0]
3	0.4187421500682831	8.454827308654785	2.2950363159179688	2.294694185256958	1.929484248161316	1.9356125593185425	False	[0 1 0 0 0 0 0 0 1]	[0 0 0 1 0 0 0 1 0]	[0 0 0 0 0 0]	[1 0 0 0 1 0]
3	0.3493305444717407	8.455739974975586	2.294773578643799	2.2955970764160156	1.9292080402374268	1.9361613988876343	False	[0 1 0 0 0 0 0 0 0]	[0 0 0 1 1 0 0 1 0]	[1 0 0 0 0 0]	[1 0 1 0 1 0]
3	0.39916643500328064	8.455377578735352	2.295464515686035	2.294771194458008	1.9296636581420898	1.9354777336120605	False	[0 1 0 0 0 0 0 0 1]	[0 0 0 1 0 0 0 1 0]	[0 0 0 0 0 0]	[1 0 0 0 1 0]
3	0.33533233404159546	8.457172393798828	2.295243740081787	2.295454978942871	1.92990243434906	1.9365711212158203	False	[0 1 0 0 0 0 0 0 0]	[0 0 0 1 1 0 0 1 0]	[1 0 0 0 0 0]	[1 0 1 0 1 0]
3	0.3905004858970642	8.455291748046875	2.295283317565918	2.2947137355804443	1.9294705390930176	1.9358235597610474	False	[0 1 0 0 0 0 0 0 1]	[0 0 0 1 0 0 0 1 0]	[0 0 0 0 0 0]	[1 0 0 0 1 0]
3	0.32430118322372437	8.455931663513184	2.2945096492767334	2.2956674098968506	1.929220199584961	1.9365346431732178	False	[0 1 0 0 0 0 0 0 0]	[0 0 0 1 1 0 0 1 0]	[1 0 0 0 0 0]	[1 0 1 0 1 0]
3	0.38740283250808716	8.455401420593262	2.295308828353882	2.2947537899017334	1.929616093635559	1.9357225894927979	False	[0 1 0 0 0 0 0 0 1]	[0 0 0 1 0 0 0 1 0]	[0 0 0 0 0 0]	[1 0 0 0 1 0]
3	0.33881720900535583	8.456573486328125	2.2951772212982178	2.2955613136291504	1.9294958114624023	1.9363393783569336	False	[0 1 0 0 0 0 0 0 0]	[0 0 0 1 1 0 0 1 0]	[1 0 0 0 0 0]	[1 0 1 0 1 0]
3	0.38340508937835693	8.455552101135254	2.295086622238159	2.2950966358184814	1.9295165538787842	1.93585205078125	False	[0 1 0 0 0 0 0 0 1]	[0 0 0 1 0 0 0 1 0]	[0 0 0 0 0 0]	[1 0 0 0 1 0]
3	0.3554764688014984	8.456260681152344	2.294771671295166	2.295624256134033	1.929642677307129	1.9362221956253052	False	[0 1 0 0 0 0 0 0 0]	[0 0 0 1 1 0 0 1 0]	[1 0 0 0 0 0]	[1 0 1 0 1 0]
3	0.39882779121398926	8.455753326416016	2.2951884269714355	2.295029640197754	1.9298181533813477	1.9357166290283203	False	[0 1 0 0 0 0 0 0 1]	[0 0 0 1 0 0 0 1 0]	[0 0 0 0 0 0]	[1 0 0 0 1 0]
3	0.31083256006240845	8.456049919128418	2.2951197624206543	2.2951667308807373	1.9298443794250488	1.9359192848205566	False	[0 1 0 0 0 0 0 0 0]	[0 0 0 1 1 0 0 1 0]	[1 0 0 0 0 0]	[1 0 1 0 1 0]
3	0.3796952962875366	8.454609870910645	2.295123338699341	2.2947030067443848	1.9292933940887451	1.9354897737503052	False	[0 1 0 0 0 0 0 0 1]	[0 0 0 1 0 0 0 1 0]	[0 0 0 0 0 0]	[1 0 0 0 1 0]
3	0.30201953649520874	8.456155776977539	2.2949635982513428	2.2953548431396484	1.9295203685760498	1.9363168478012085	False	[0 1 0 0 0 0 0 0 0]	[0 0 0 1 1 0 0 1 0]	[1 0 0 0 0 0]	[1 0 1 0 1 0]
3	0.40483948588371277	8.455391883850098	2.2953078746795654	2.294628143310547	1.9300726652145386	1.935382604598999	False	[0 1 0 0 0 0 0 0 1]	[0 0 0 1 0 0 0 1 0]	[0 0 0 0 0 0]	[1 0 0 0 1 0]
3	0.32697823643684387	8.455655097961426	2.2942099571228027	2.2958686351776123	1.9291841983795166	1.9363926649093628	False	[0 1 0 0 0 0 0 0 0]	[0 0 0 1 1 0 0 1 0]	[1 0 0 0 0 0]	[1 0 1 0 1 0]
3	0.39409124851226807	8.455216407775879	2.2954821586608887	2.294593334197998	1.9294369220733643	1.9357044696807861	False	[0 1 0 0 0 0 0 0 1]	[0 0 0 1 0 0 0 1 0]	[0 0 0 0 0 0]	[1 0 0 0 1 0]
3	0.3174804449081421	8.455520629882812	2.2945146560668945	2.2955832481384277	1.9291890859603882	1.9362330436706543	False	[0 1 0 0 0 0 0 0 0]	[0 0 0 1 1 0 0 1 0]	[1 0 0 0 0 0]	[1 0 1 0 1 0]
3	0.3936985731124878	8.455689430236816	2.295283317565918	2.2948384284973145	1.9296483993530273	1.9359196424484253	False	[0 1 0 0 0 0 0 0 1]	[0 0 0 1 0 0 0 1 0]	[0 0 0 0 0 0]	[1 0 0 0 1 0]
4	0.3116746246814728	8.397113800048828	2.275125741958618	2.2666916847229004	1.9264780282974243	1.928817868232727	False	[1 0 0 0 0 0 0 0 0]	[0 0 0 1 0 0 0 0 0]	[0 0 0 0 1 0]	[0 0 0 1 0 0]
4	-0.5	8.435005187988281	2.2814111709594727	2.27872896194458	1.9337801933288574	1.941084384918213	False	[0 0 0 0 0 0 0 0 0]	[0 0 0 1 0 0 0 1 0]	[0 0 0 0 0 0]	[0 0 0 0 0 0]
4	0.39703044295310974	8.409716606140137	2.2791595458984375	2.2757298946380615	1.931200385093689	1.9236266613006592	False	[0 0 0 1 0 0 0 0 0]	[1 0 0 1 0 0 0 1 0]	[0 0 0 0 1 0]	[0 0 0 1 0 0]
4	-0.5	8.443096160888672	2.288114547729492	2.287034273147583	1.9343959093093872	1.93355131149292	False	[0 0 0 0 0 0 0 0 0]	[0 0 0 1 0 0 0 1 0]	[0 0 0 0 0 0]	[0 0 0 0 0 0]
4	0.43350955843925476	8.409750938415527	2.2788164615631104	2.275777578353882	1.9314731359481812	1.9236834049224854	False	[0 0 0 1 0 0 0 0 0]	[1 0 0 1 0 0 0 1 0]	[0 0 0 0 1 0]	[0 0 0 1 0 0]
4	-0.5	8.443780899047852	2.288135290145874	2.287400960922241	1.9347976446151733	1.9334473609924316	False	[0 0 0 0 0 0 0 0 0]	[0 0 0 1 0 0 0 1 0]	[0 0 0 0 0 0]	[0 0 0 0 0 0]
4	0.29316967725753784	8.408685684204102	2.2787647247314453	2.275257110595703	1.930992603302002	1.9236714839935303	False	[0 0 0 1 0 0 0 0 0]	[1 0 0 1 0 0 0 1 0]	[1 0 0 0 0 0]	[0 0 0 1 0 0]
4	-0.5	8.425790786743164	2.2819766998291016	2.2819437980651855	1.9341881275177002	1.9276819229125977	False	[0 0 0 0 0 0 0 0 0]	[0 0 0 1 0 0 0 1 0]	[0 0 0 0 0 0]	[0 0 0 0 0 0]
4	0.3920588195323944	8.409919738769531	2.2791907787323	2.2753891944885254	1.931396245956421	1.9239436388015747	False	[0 0 0 1 0 0 0 0 0]	[1 0 0 1 0 0 0 1 0]	[0 0 0 0 1 0]	[0 0 0 1 0 0]
4	-0.5	8.443840026855469	2.288057804107666	2.2875375747680664	1.934525966644287	1.9337186813354492	False	[0 0 0 0 0 0 0 0 0]	[0 0 0 1 0 0 0 1 0]	[0 0 0 0 0 0]	[0 0 0 0 0 0]
4	0.3920046091079712	8.410209655761719	2.278776168823242	2.276423454284668	1.9311308860778809	1.9238791465759277	False	[0 0 0 1 0 0 0 0 0]	[1 0 0 1 0 0 0 1 0]	[0 0 0 0 1 0]	[0 0 0 1 0 0]
4	-0.5	8.443862915039062	2.2880685329437256	2.2874693870544434	1.934689998626709	1.9336355924606323	False	[0 0 0 0 0 0 0 0 0]	[0 0 0 1 0 0 0 1 0]	[0 0 0 0 0 0]	[0 0 0 0 0 0]
4	0.41550305485725403	8.408368110656738	2.278449535369873	2.2752559185028076	1.9310328960418701	1.9236294031143188	False	[0 0 0 1 0 0 0 0 0]	[1 0 0 1 0 0 0 1 0]	[0 0 0 0 1 0]	[0 0 0 1 0 0]
4	-0.5	8.443190574645996	2.287919282913208	2.287362575531006	1.9343945980072021	1.933513879776001	False	[0 0 0 0 0 0 0 0 0]	[0 0 0 1 0 0 0 1 0]	[0 0 0 0 0 0]	[0 0 0 0 0 0]
4	0.29162347316741943	8.40999984741211	2.2791645526885986	2.275820732116699	1.93125581741333	1.9237585067749023	False	[0 0 0 1 0 0 0 0 0]	[1 0 0 1 0 0 0 1 0]	[1 0 0 0 0 0]	[0 0 0 1 0 0]
4	-0.5	8.42702579498291	2.2819337844848633	2.2827231884002686	1.9345402717590332	1.9278285503387451	False	[0 0 0 0 0 0 0 0 0]	[0 0 0 1 0 0 0 1 0]	[0 0 0 0 0 0]	[0 0 0 0 0 0]
4	0.42943069338798523	8.409500122070312	2.278717517852783	2.27595591545105	1.9310064315795898	1.923820972442627	False	[0 0 0 1 0 0 0 0 0]	[1 0 0 1 0 0 0 1 0]	[0 0 0 0 1 0]	[0 0 0 1 0 0]
4	-0.5	8.443617820739746	2.2879087924957275	2.287501573562622	1.934506893157959	1.9337007999420166	False	[0 0 0 0 0 0 0 0 0]	[0 0 0 1 0 0 0 1 0]	[0 0 0 0 0 0]	[0 0 0 0 0 0]
4	0.25340571999549866	8.409607887268066	2.278832197189331	2.275914430618286	1.9309526681900024	1.9239087104797363	False	[0 0 0 1 0 0 0 0 0]	[1 0 0 1 0 0 0 1 0]	[1 0 0 0 0 0]	[0 0 0 1 0 0]
4	-0.5	8.425528526306152	2.2818374633789062	2.2816226482391357	1.9342055320739746	1.9278624057769775	False	[0 0 0 0 0 0 0 0 0]	[0 0 0 1 0 0 0 1 0]	[0 0 0 0 0 0]	[0 0 0 0 0 0]
4	0.43859732151031494	8.409464836120605	2.2791287899017334	2.2755205631256104	1.9311013221740723	1.9237139225006104	False	[0 0 0 1 0 0 0 0 0]	[1 0 0 1 0 0 0 1 0]	[0 0 0 0 1 0]	[0 0 0 1 0 0]
4	-0.5	8.443843841552734	2.2880337238311768	2.287428140640259	1.9346673488616943	1.9337143898010254	False	[0 0 0 0 0 0 0 0 0]	[0 0 0 1 0 0 0 1 0]	[0 0 0 0 0 0]	[0 0 0 0 0 0]
4	0.4148755669593811	8.412332534790039	2.2790536880493164	2.2768208980560303	1.9320212602615356	1.924436330795288	False	[0 0 0 1 0 0 0 0 0]	[1 0 0 1 0 0 0 1 0]	[0 0 0 0 1 0]	[0 0 0 1 0 0]
4	-0.5	8.44391918182373	2.2881600856781006	2.2877233028411865	1.9346202611923218	1.933415412902832	False	[0 0 0 0 0 0 0 0 0]	[0 0 0 1 0 0 0 1 0]	[0 0 0 0 0 0]	[0 0 0 0 0 0]
4	0.3967427611351013	8.408349990844727	2.27858304977417	2.2749149799346924	1.9309760332107544	1.9238762855529785	False	[0 0 0 1 0 0 0 0 0]	[1 0 0 1 0 0 0 1 0]	[0 0 0 0 1 0]	[0 0 0 1 0 0]
4	-0.5	8.443160057067871	2.287787437438965	2.287163496017456	1.9344253540039062	1.9337838888168335	False	[0 0 0 0 0 0 0 0 0]	[0 0 0 1 0 0 0 1 0]	[0 0 0 0 0 0]	[0 0 0 0 0 0]
4	0.4460454285144806	8.41055679321289	2.2789907455444336	2.2762362957000732	1.9315078258514404	1.923820972442627	False	[0 0 0 1 0 0 0 0 0]	[1 0 0 1 0 0 0 1 0]	[0 0 0 0 1 0]	[0 0 0 1 0 0]
4	-0.5	8.442487716674805	2.2878429889678955	2.2867071628570557	1.9343388080596924	1.9335981607437134	False	[0 0 0 0 0 0 0 0 0]	[0 0 0 1 0 0 0 1 0]	[0 0 0 0 0 0]	[0 0 0 0 0 0]
4	0.3969368040561676	8.409581184387207	2.278857707977295	2.275932550430298	1.9310234785079956	1.92376708984375	False	[0 0 0 1 0 0 0 0 0]	[1 0 0 1 0 0 0 1 0]	[0 0 0 0 1 0]	[0 0 0 1 0 0]
4	-0.5	8.44313907623291	2.2877893447875977	2.287128448486328	1.9346719980239868	1.933549165725708	False	[0 0 0 0 0 0 0 0 0]	[0 0 0 1 0 0 0 1 0]	[0 0 0 0 0 0]	[0 0 0 0 0 0]
5	0.333985835313797	8.366759300231934	2.23852276802063	2.291614055633545	1.9313768148422241	1.9052449464797974	False	[0 0 0 1 0 0 0 0 0]	[0 1 0 0 0 0 0 0 0]	[0 0 1 0 0 0]	[0 0 0 0 1 0]
5	0.2306080460548401	8.442237854003906	2.286888360977173	2.294304132461548	1.940507173538208	1.920538067817688	False	[0 0 0 1 0 0 0 0 1]	[0 1 0 0 0 0 0 0 1]	[0 0 0 0 0 0]	[0 0 0 0 0 0]
5	0.32960379123687744	8.437065124511719	2.284470796585083	2.2944068908691406	1.9400629997253418	1.9181241989135742	False	[0 0 0 1 0 0 0 0 0]	[0 1 0 0 0 0 0 1 1]	[0 0 1 0 0 0]	[0 0 0 0 1 0]
5	0.3458934426307678	8.450183868408203	2.293795585632324	2.2969064712524414	1.9244567155838013	1.935025691986084	False	[0 0 0 0 0 0 0 0 0]	[0 0 0 0 0 0 0 1 1]	[1 0 1 0 0 0]	[0 0 0 0 0 0]
5	0.2521979510784149	8.420581817626953	2.272954225540161	2.2869601249694824	1.9354618787765503	1.925205111503601	False	[0 0 0 1 0 0 0 0 0]	[0 1 0 0 0 0 0 1 1]	[1 0 0 0 0 0]	[0 0 0 0 1 0]
5	-0.5	8.45274829864502	2.291489601135254	2.2971644401550293	1.9351253509521484	1.9289686679840088	False	[0 0 0 0 0 0 0 0 0]	[0 0 0 0 0 0 0 1 1]	[0 0 0 0 0 0]	[0 0 0 0 0 0]
5	0.2533299922943115	8.4169921875	2.268221855163574	2.2900521755218506	1.9271409511566162	1.9315767288208008	False	[0 0 0 1 0 0 0 0 0]	[0 1 0 0 0 0 0 1 1]	[1 0 0 0 0 0]	[0 0 0 0 1 0]
5	-0.5	8.45268726348877	2.2915449142456055	2.2971904277801514	1.935038447380066	1.9289134740829468	False	[0 0 0 0 0 0 0 0 0]	[0 0 0 0 0 0 0 1 1]	[0 0 0 0 0 0]	[0 0 0 0 0 0]
5	0.25245413184165955	8.420123100280762	2.270023822784424	2.290252208709717	1.9275214672088623	1.9323256015777588	False	[0 0 0 1 0 0 0 0 0]	[0 1 0 0 0 0 0 1 1]	[1 0 0 0 0 0]	[0 0 0 0 1 0]
5	-0.5	8.454388618469238	2.292224884033203	2.2977371215820312	1.93532133102417	1.9291054010391235	False	[0 0 0 0 0 0 0 0 0]	[0 0 0 0 0 0 0 1 1]	[0 0 0 0 0 0]	[0 0 0 0 0 0]
5	0.2661350667476654	8.418802261352539	2.2687325477600098	2.290116548538208	1.9278557300567627	1.9320971965789795	False	[0 0 0 1 0 0 0 0 0]	[0 1 0 0 0 0 0 1 1]	[1 0 0 0 0 0]	[0 0 0 0 1 0]
5	-0.5	8.452409744262695	2.2913923263549805	2.297334671020508	1.9349766969680786	1.9287066459655762	False	[0 0 0 0 0 0 0 0 0]	[0 0 0 0 0 0 0 1 1]	[0 0 0 0 0 0]	[0 0 0 0 0 0]
5	0.25496232509613037	8.418510437011719	2.2690367698669434	2.2901644706726074	1.927313208580017	1.9319957494735718	False	[0 0 0 1 0 0 0 0 0]	[0 1 0 0 0 0 0 1 1]	[1 0 0 0 0 0]	[0 0 0 0 1 0]
5	-0.5	8.4535551071167	2.2918758392333984	2.297450065612793	1.9350426197052002	1.9291869401931763	False	[0 0 0 0 0 0 0 0 0]	[0 0 0 0 0 0 0 1 1]	[0 0 0 0 0 0]	[0 0 0 0 0 0]
5	0.27205440402030945	8.417734146118164	2.2684295177459717	2.2901291847229004	1.927203893661499	1.931971788406372	False	[0 0 0 1 0 0 0 0 0]	[0 1 0 0 0 0 0 1 1]	[1 0 0 0 0 0]	[0 0 0 0 1 0]
5	-0.5	8.454222679138184	2.2922205924987793	2.297776222229004	1.9350017309188843	1.9292240142822266	False	[0 0 0 0 0 0 0 0 0]	[0 0 0 0 0 0 0 1 1]	[0 0 0 0 0 0]	[0 0 0 0 0 0]
5	0.2597595751285553	8.418403625488281	2.2687525749206543	2.2902255058288574	1.9271624088287354	1.932262897491455	False	[0 0 0 1 0 0 0 0 0]	[0 1 0 0 0 0 0 1 1]	[1 0 0 0 0 0]	[0 0 0 0 1 0]
5	-0.5	8.452919006347656	2.291727304458618	2.297496795654297	1.9350810050964355	1.928614616394043	False	[0 0 0 0 0 0 0 0 0]	[0 0 0 0 0 0 0 1 1]	[0 0 0 0 0 0]	[0 0 0 0 0 0]
5	0.27964770793914795	8.41867733001709	2.268801689147949	2.2902393341064453	1.9275639057159424	1.9320729970932007	False	[0 0 0 1 0 0 0 0 0]	[0 1 0 0 0 0 0 1 1]	[1 0 0 0 0 0]	[0 0 0 0 1 0]
5	-0.5	8.453904151916504	2.2920122146606445	2.2976131439208984	1.9351577758789062	1.929120659828186	False	[0 0 0 0 0 0 0 0 0]	[0 0 0 0 0 0 0 1 1]	[0 0 0 0 0 0]	[0 0 0 0 0 0]
5	0.22771187126636505	8.420202255249023	2.2699899673461914	2.290259838104248	1.9274505376815796	1.932502269744873	False	[0 0 0 1 0 0 0 0 0]	[0 1 0 0 0 0 0 1 1]	[1 0 0 0 0 0]	[0 0 0 0 1 0]
5	-0.5	8.452665328979492	2.2914371490478516	2.297278642654419	1.9351162910461426	1.9288337230682373	False	[0 0 0 0 0 0 0 0 0]	[0 0 0 0 0 0 0 1 1]	[0 0 0 0 0 0]	[0 0 0 0 0 0]
5	0.27204957604408264	8.41788101196289	2.268577814102173	2.289985179901123	1.927263617515564	1.932053804397583	False	[0 0 0 1 0 0 0 0 0]	[0 1 0 0 0 0 0 1 1]	[1 0 0 0 0 0]	[0 0 0 0 1 0]
5	-0.5	8.45319938659668	2.2915420532226562	2.2974295616149902	1.9350578784942627	1.9291692972183228	False	[0 0 0 0 0 0 0 0 0]	[0 0 0 0 0 0 0 1 1]	[0 0 0 0 0 0]	[0 0 0 0 0 0]
5	0.25527510046958923	8.41810131072998	2.2687840461730957	2.2902982234954834	1.9271087646484375	1.9319102764129639	False	[0 0 0 1 0 0 0 0 0]	[0 1 0 0 0 0 0 1 1]	[1 0 0 0 0 0]	[0 0 0 0 1 0]
5	-0.5	8.453289985656738	2.2916221618652344	2.297440767288208	1.9352293014526367	1.9289981126785278	False	[0 0 0 0 0 0 0 0 0]	[0 0 0 0 0 0 0 1 1]	[0 0 0 0 0 0]	[0 0 0 0 0 0]
5	0.2392519861459732	8.417815208435059	2.268312692642212	2.290144443511963	1.927535057067871	1.9318228960037231	False	[0 0 0 1 0 0 0 0 0]	[0 1 0 0 0 0 0 1 1]	[1 0 0 0 0 0]	[0 0 0 0 1 0]
5	-0.5	8.453394889831543	2.2920022010803223	2.2974014282226562	1.9349963665008545	1.92899489402771	False	[0 0 0 0 0 0 0 0 0]	[0 0 0 0 0 0 0 1 1]	[0 0 0 0 0 0]	[0 0 0 0 0 0]
5	0.24728642404079437	8.419638633728027	2.2693769931793213	2.290358543395996	1.9277245998382568	1.9321787357330322	False	[0 0 0 1 0 0 0 0 0]	[0 1 0 0 0 0 0 1 1]	[1 0 0 0 0 0]	[0 0 0 0 1 0]
5	-0.5	8.453310012817383	2.2918317317962646	2.297487497329712	1.935086727142334	1.9289036989212036	False	[0 0 0 0 0 0 0 0 0]	[0 0 0 0 0 0 0 1 1]	[0 0 0 0 0 0]	[0 0 0 0 0 0]
6	0.22579869627952576	8.398600578308105	2.2654318809509277	2.2913222312927246	1.9178211688995361	1.9240258932113647	False	[0 0 0 1 0 0 0 0 0]	[0 0 0 1 0 0 0 0 0]	[0 0 1 0 0 0]	[0 0 0 0 1 0]
6	0.4824734628200531	8.430971145629883	2.2856104373931885	2.2923903465270996	1.9316742420196533	1.9212963581085205	False	[0 0 0 0 0 0 0 0 0]	[0 0 0 1 0 0 0 1 0]	[0 0 1 1 0 0]	[0 0 0 1 1 0]
6	0.39707621932029724	8.410812377929688	2.2762300968170166	2.2853691577911377	1.9236836433410645	1.925529956817627	False	[0 0 0 1 0 0 0 0 0]	[0 0 0 1 0 0 0 1 1]	[0 0 1 0 0 0]	[0 0 0 1 0 0]
6	0.42005136609077454	8.445699691772461	2.2899062633514404	2.2885096073150635	1.9354761838912964	1.9318078756332397	False	[0 0 0 1 1 0 0 0 0]	[0 0 0 0 0 0 0 1 1]	[0 0 1 1 0 0]	[0 0 0 1 1 0]
6	0.45027077198028564	8.451510429382324	2.2921323776245117	2.2940711975097656	1.9351179599761963	1.9301894903182983	False	[0 0 0 0 1 0 0 0 0]	[0 0 0 1 0 0 0 1 1]	[0 0 1 0 0 0]	[0 0 0 1 0 0]
6	0.45602330565452576	8.42029094696045	2.2826056480407715	2.272026777267456	1.9326914548873901	1.9329673051834106	False	[0 0 0 0 0 0 0 0 0]	[0 0 0 0 0 0 0 1 1]	[0 0 1 1 0 0]	[0 0 0 1 1 0]
6	0.40859031677246094	8.452361106872559	2.2917275428771973	2.2928483486175537	1.936842918395996	1.9309426546096802	False	[0 0 0 1 0 0 0 0 0]	[0 0 0 1 0 0 0 1 1]	[0 0 1 0 0 0]	[0 0 0 1 0 0]
6	0.41834551095962524	8.446550369262695	2.2902607917785645	2.2885327339172363	1.9356880187988281	1.9320687055587769	False	[0 0 0 1 1 0 0 0 0]	[0 0 0 0 0 0 0 1 1]	[0 0 1 1 0 0]	[0 0 0 1 1 0]
6	0.3360522389411926	8.451470375061035	2.292022228240967	2.2940549850463867	1.9351165294647217	1.9302772283554077	False	[0 0 0 0 1 0 0 0 0]	[0 0 0 1 0 0 0 1 1]	[0 0 1 0 0 0]	[0 0 0 1 1 1]
6	0.3405866324901581	8.421846389770508	2.2742977142333984	2.2955918312072754	1.9305448532104492	1.9214119911193848	False	[0 0 0 1 1 0 0 0 0]	[0 0 0 1 0 0 0 1 0]	[0 0 1 1 0 0]	[0 0 0 1 0 1]
6	0.325361043214798	8.423705101013184	2.2809700965881348	2.2850918769836426	1.9332338571548462	1.92440927028656	False	[0 0 0 1 0 0 0 0 0]	[0 0 0 0 0 0 0 1 0]	[0 0 1 0 0 0]	[0 0 0 1 1 1]
6	0.4081106185913086	8.441218376159668	2.282102108001709	2.2955453395843506	1.9363014698028564	1.9272699356079102	False	[0 0 0 1 0 0 0 1 0]	[0 0 0 0 0 0 0 1 1]	[0 0 1 1 0 0]	[0 0 0 1 0 1]
6	0.507208526134491	8.451430320739746	2.292026996612549	2.294524669647217	1.9347329139709473	1.930145502090454	False	[0 0 0 0 0 0 0 1 0]	[0 0 0 1 0 0 0 1 1]	[0 0 1 0 0 0]	[0 0 0 1 0 0]
6	0.4070550203323364	8.425236701965332	2.2837133407592773	2.2754735946655273	1.9332032203674316	1.9328469038009644	False	[0 0 0 0 1 0 0 1 0]	[0 0 0 0 0 0 0 1 1]	[0 0 1 1 0 0]	[0 0 0 1 1 0]
6	0.42736631631851196	8.451910018920898	2.292224168777466	2.294184684753418	1.935318946838379	1.9301823377609253	False	[0 0 0 1 1 0 0 1 0]	[0 0 0 1 0 0 0 1 1]	[0 0 1 0 0 0]	[0 0 0 1 0 0]
6	0.4278992712497711	8.426071166992188	2.288059949874878	2.2921407222747803	1.9279757738113403	1.9178948402404785	False	[0 0 0 1 0 0 0 1 0]	[0 0 0 1 0 0 0 0 1]	[0 0 1 1 0 0]	[0 0 0 1 0 1]
6	0.2988584637641907	8.407522201538086	2.2773478031158447	2.285735607147217	1.9196338653564453	1.924804449081421	False	[0 0 1 1 0 0 0 1 0]	[0 0 0 1 0 0 0 1 1]	[0 0 1 0 0 0]	[0 0 0 1 1 1]
6	0.4256892204284668	8.425850868225098	2.27755069732666	2.294787883758545	1.9294121265411377	1.9241002798080444	False	[0 0 1 0 0 0 0 1 0]	[0 0 0 1 0 0 0 1 0]	[0 0 1 1 0 0]	[0 0 0 1 0 1]
6	0.39695504307746887	8.428049087524414	2.2806150913238525	2.281055450439453	1.9338922500610352	1.9324861764907837	False	[0 0 1 0 0 0 0 0 0]	[0 0 0 0 0 0 0 1 0]	[0 0 1 0 0 0]	[0 0 0 1 1 1]
6	0.411105751991272	8.442953109741211	2.2826590538024902	2.293299674987793	1.936933994293213	1.9300603866577148	False	[0 0 1 0 0 0 0 1 0]	[0 0 0 1 0 0 0 1 0]	[0 0 1 1 0 0]	[0 0 0 1 0 1]
6	0.39611145853996277	8.430217742919922	2.2810654640197754	2.2819817066192627	1.9343464374542236	1.9328243732452393	False	[0 0 1 0 0 0 0 0 0]	[0 0 0 0 0 0 0 1 0]	[0 0 1 0 0 0]	[0 0 0 1 1 1]
6	0.4260622262954712	8.444018363952637	2.283149242401123	2.2936508655548096	1.936570644378662	1.9306472539901733	False	[0 0 1 0 0 0 0 1 0]	[0 0 0 1 0 0 0 1 0]	[0 0 1 1 0 0]	[0 0 0 1 0 1]
6	0.3701251149177551	8.43000602722168	2.2810287475585938	2.281865358352661	1.9342479705810547	1.9328645467758179	False	[0 0 1 0 1 0 0 1 0]	[0 0 0 0 0 0 0 1 0]	[0 0 1 0 0 0]	[0 0 0 1 1 1]
6	0.3862553536891937	8.429021835327148	2.277245283126831	2.2958338260650635	1.9316825866699219	1.9242606163024902	False	[0 0 1 0 1 0 0 0 0]	[0 0 0 0 0 0 0 1 1]	[0 0 1 1 0 0]	[0 0 0 1 0 1]
6	0.28904813528060913	8.430020332336426	2.2763712406158447	2.286569118499756	1.9327558279037476	1.9343235492706299	False	[0 0 1 0 1 0 0 1 0]	[0 0 0 1 0 0 0 1 1]	[0 0 1 0 0 0]	[0 0 0 1 1 1]
6	0.35639628767967224	8.399497032165527	2.2725491523742676	2.2874960899353027	1.9199738502502441	1.9194777011871338	False	[0 0 1 1 1 0 0 1 0]	[0 0 0 1 0 0 0 1 0]	[0 0 1 1 0 0]	[0 0 0 0 1 1]
6	0.36401060223579407	8.424004554748535	2.2850725650787354	2.2892656326293945	1.927877426147461	1.9217894077301025	False	[0 0 1 1 0 0 0 1 0]	[0 0 0 1 0 0 0 0 0]	[0 0 1 0 0 0]	[0 0 0 1 1 1]
6	0.3633836507797241	8.42241096496582	2.284924268722534	2.289978265762329	1.9285552501678467	1.9189528226852417	False	[0 0 1 1 1 0 0 1 0]	[0 0 0 1 0 0 0 1 0]	[0 0 1 1 0 0]	[0 0 0 0 1 1]
6	0.3542412221431732	8.423538208007812	2.285098075866699	2.289111614227295	1.9276692867279053	1.921659231185913	False	[0 0 1 1 0 0 0 1 0]	[0 0 0 1 0 0 0 0 0]	[0 0 1 0 0 0]	[0 0 0 1 1 1]
6	0.36837875843048096	8.421849250793457	2.2847678661346436	2.289388656616211	1.9290533065795898	1.9186394214630127	False	[0 0 1 1 1 0 0 1 0]	[0 0 0 1 0 0 0 1 0]	[0 0 1 1 0 0]	[0 0 0 1 0 1]
7	0.2983366549015045	8.399032592773438	2.288731813430786	2.2830910682678223	1.8973023891448975	1.929907202720642	False	[0 0 0 1 0 0 0 0 0]	[0 0 0 0 0 0 1 0 0]	[0 0 1 0 0 0]	[0 0 0 1 0 0]
7	-0.5	8.442133903503418	2.294877767562866	2.291874885559082	1.9234697818756104	1.9319112300872803	False	[0 0 0 0 0 0 0 0 0]	[0 0 0 0 0 1 1 0 0]	[0 0 0 0 0 0]	[0 0 0 0 0 0]
7	0.32169005274772644	8.433505058288574	2.2930843830108643	2.2889516353607178	1.9221923351287842	1.929276466369629	False	[0 0 0 1 0 0 0 0 0]	[0 0 0 0 0 0 1 0 0]	[0 0 1 0 0 0]	[0 0 0 1 0 0]
7	-0.5	8.442590713500977	2.2949042320251465	2.291762113571167	1.9239171743392944	1.9320077896118164	False	[0 0 0 0 0 0 0 0 0]	[0 0 0 0 0 1 1 0 0]	[0 0 0 0 0 0]	[0 0 0 0 0 0]
7	0.34589332342147827	8.43285846710205	2.292996883392334	2.288862943649292	1.9218933582305908	1.9291056394577026	False	[0 0 0 1 0 0 0 0 0]	[0 0 0 0 0 0 1 0 0]	[0 0 1 0 0 0]	[0 0 0 1 0 0]
7	-0.5	8.441909790039062	2.2949025630950928	2.291715383529663	1.9235925674438477	1.931699514389038	False	[0 0 0 0 0 0 0 0 0]	[0 0 0 0 0 1 1 0 0]	[0 0 0 0 0 0]	[0 0 0 0 0 0]
7	0.29969310760498047	8.43348217010498	2.2931768894195557	2.2888424396514893	1.9224681854248047	1.9289946556091309	False	[0 0 0 1 0 0 0 0 0]	[0 0 0 0 0 0 1 0 0]	[0 0 1 0 0 0]	[0 0 0 1 0 0]
7	-0.5	8.442556381225586	2.294825315475464	2.2918920516967773	1.9236929416656494	1.9321458339691162	False	[0 0 0 0 0 0 0 0 0]	[0 0 0 0 0 1 1 0 0]	[0 0 0 0 0 0]	[0 0 0 0 0 0]
7	0.33378204703330994	8.433609008789062	2.2931087017059326	2.288879632949829	1.9222981929779053	1.929322361946106	False	[0 0 0 1 0 0 0 0 0]	[0 0 0 0 0 0 1 0 0]	[0 0 1 0 0 0]	[0 0 0 1 0 0]
7	-0.5	8.442707061767578	2.2948360443115234	2.2918930053710938	1.9240142107009888	1.93196439743042	False	[0 0 0 0 0 0 0 0 0]	[0 0 0 0 0 1 1 0 0]	[0 0 0 0 0 0]	[0 0 0 0 0 0]
7	0.3047807812690735	8.433891296386719	2.2931244373321533	2.2890000343322754	1.9225080013275146	1.9292582273483276	False	[0 0 0 1 0 0 0 0 0]	[0 0 0 0 0 0 1 0 0]	[0 0 1 0 0 0]	[0 0 0 1 0 0]
7	-0.5	8.442237854003906	2.294794797897339	2.291905403137207	1.9234753847122192	1.9320619106292725	False	[0 0 0 0 0 0 0 0 0]	[0 0 0 0 0 1 1 0 0]	[0 0 0 0 0 0]	[0 0 0 0 0 0]
7	0.3174530565738678	8.43532943725586	2.2934508323669434	2.289191722869873	1.923190712928772	1.9294960498809814	False	[0 0 0 1 0 0 0 0 0]	[0 0 0 0 0 0 1 0 0]	[0 0 1 0 0 0]	[0 0 0 1 0 0]
7	-0.5	8.443477630615234	2.2951505184173584	2.2919082641601562	1.924521565437317	1.9318971633911133	False	[0 0 0 0 0 0 0 0 0]	[0 0 0 0 0 1 1 0 0]	[0 0 0 0 0 0]	[0 0 0 0 0 0]
7	0.32200151681900024	8.436015129089355	2.293330192565918	2.289199113845825	1.924027442932129	1.9294589757919312	False	[0 0 0 1 0 0 0 0 0]	[0 0 0 0 0 0 1 0 0]	[0 0 1 0 0 0]	[0 0 0 1 0 0]
7	-0.5	8.443711280822754	2.295076847076416	2.2919111251831055	1.9243967533111572	1.932326316833496	False	[0 0 0 0 0 0 0 0 0]	[0 0 0 0 0 1 1 0 0]	[0 0 0 0 0 0]	[0 0 0 0 0 0]
7	0.3070928752422333	8.434488296508789	2.293351173400879	2.2891011238098145	1.922533631324768	1.9295027256011963	False	[0 0 0 1 0 0 0 0 0]	[0 0 0 0 0 0 1 0 0]	[0 0 1 0 0 0]	[0 0 0 1 0 0]
7	-0.5	8.442465782165527	2.2946934700012207	2.2918694019317627	1.9236135482788086	1.9322888851165771	False	[0 0 0 0 0 0 0 0 0]	[0 0 0 0 0 1 1 0 0]	[0 0 0 0 0 0]	[0 0 0 0 0 0]
7	0.31709837913513184	8.433219909667969	2.292994260787964	2.289022922515869	1.9222230911254883	1.9289803504943848	False	[0 0 0 1 0 0 0 0 0]	[0 0 0 0 0 0 1 0 0]	[0 0 1 0 0 0]	[0 0 0 1 0 0]
7	-0.5	8.443517684936523	2.2949509620666504	2.2918965816497803	1.9246082305908203	1.9320622682571411	False	[0 0 0 0 0 0 0 0 0]	[0 0 0 0 0 1 1 0 0]	[0 0 0 0 0 0]	[0 0 0 0 0 0]
7	0.2981939911842346	8.434162139892578	2.2932658195495605	2.289046049118042	1.922696590423584	1.9291540384292603	False	[0 0 0 1 0 0 0 0 0]	[0 0 0 0 0 0 1 0 0]	[0 0 1 0 0 0]	[0 0 0 1 0 0]
7	-0.5	8.442817687988281	2.2948641777038574	2.2917466163635254	1.9239407777786255	1.9322662353515625	False	[0 0 0 0 0 0 0 0 0]	[0 0 0 0 0 1 1 0 0]	[0 0 0 0 0 0]	[0 0 0 0 0 0]
7	0.33047616481781006	8.43424129486084	2.2931466102600098	2.2886977195739746	1.9231762886047363	1.9292207956314087	False	[0 0 0 1 0 0 0 0 0]	[0 0 0 0 0 0 1 0 0]	[0 0 1 0 0 0]	[0 0 0 1 0 0]
7	-0.5	8.441446304321289	2.2946624755859375	2.291696310043335	1.9233113527297974	1.931776523590088	False	[0 0 0 0 0 0 0 0 0]	[0 0 0 0 0 1 1 0 0]	[0 0 0 0 0 0]	[0 0 0 0 0 0]
7	0.3157646954059601	8.434542655944824	2.293322801589966	2.2889513969421387	1.923173189163208	1.9290955066680908	False	[0 0 0 1 0 0 0 0 0]	[0 0 0 0 0 0 1 0 0]	[0 0 1 0 0 0]	[0 0 0 1 0 0]
7	-0.5	8.442117691040039	2.2947211265563965	2.2916553020477295	1.9237035512924194	1.9320378303527832	False	[0 0 0 0 0 0 0 0 0]	[0 0 0 0 0 1 1 0 0]	[0 0 0 0 0 0]	[0 0 0 0 0 0]
7	0.3031943738460541	8.4363431930542	2.293501615524292	2.2891390323638916	1.9241198301315308	1.9295824766159058	False	[0 0 0 1 0 0 0 0 0]	[0 0 0 0 0 0 1 0 0]	[0 0 1 0 0 0]	[0 0 0 1 0 0]
7	-0.5	8.44321346282959	2.2949461936950684	2.2916793823242188	1.9245532751083374	1.9320346117019653	False	[0 0 0 0 0 0 0 0 0]	[0 0 0 0 0 1 1 0 0]	[0 0 0 0 0 0]	[0 0 0 0 0 0]
7	0.30165913701057434	8.432901382446289	2.293013572692871	2.288893461227417	1.9219332933425903	1.9290605783462524	False	[0 0 0 1 0 0 0 0 0]	[0 0 0 0 0 0 1 0 0]	[0 0 1 0 0 0]	[0 0 0 1 0 0]
7	-0.5	8.443042755126953	2.2951207160949707	2.291841983795166	1.924065351486206	1.9320142269134521	False	[0 0 0 0 0 0 0 0 0]	[0 0 0 0 0 1 1 0 0]	[0 0 0 0 0 0]	[0 0 0 0 0 0]
8	-1.0	8.421934127807617	2.2890830039978027	2.264594554901123	1.92927885055542	1.9389777183532715	False	[0 0 0 0 0 1 0 0 0]	[0 0 0 0 0 0 0 0 0]	[0 1 0 0 0 0]	[0 0 0 0 1 0]
8	-1.0	8.446138381958008	2.2917394638061523	2.2884600162506104	1.9292891025543213	1.9366501569747925	False	[0 0 0 0 0 1 0 0 0]	[0 0 0 0 0 0 0 0 0]	[0 1 0 0 0 1]	[0 0 0 0 1 0]
8	-1.0	8.43359375	2.277754783630371	2.2922420501708984	1.9230002164840698	1.9405970573425293	False	[0 0 0 0 0 1 0 0 0]	[0 0 0 0 0 0 0 0 0]	[0 1 0 0 0 0]	[0 0 0 0 1 0]
8	-1.0	8.448404312133789	2.292149066925049	2.289231538772583	1.9301092624664307	1.936914086341858	False	[0 0 0 0 0 1 0 0 0]	[0 0 0 0 0 0 0 0 0]	[0 1 0 0 0 1]	[0 0 0 0 1 0]
8	0.5256988406181335	8.436012268066406	2.2785816192626953	2.2930259704589844	1.9236810207366943	1.9407238960266113	False	[0 0 0 0 0 1 0 0 0]	[0 0 0 0 0 0 0 0 0]	[0 1 0 0 0 0]	[0 0 0 0 1 1]
8	0.4442680776119232	8.456247329711914	2.2938506603240967	2.29549503326416	1.9281446933746338	1.9387574195861816	False	[0 0 0 0 0 0 0 0 0]	[0 0 0 0 0 1 0 0 0]	[0 1 0 0 0 1]	[0 0 0 0 0 1]
8	-0.5	8.438730239868164	2.287121057510376	2.2970998287200928	1.9257540702819824	1.928755521774292	False	[0 0 0 0 0 0 1 0 0]	[0 0 0 0 0 0 0 0 0]	[0 1 0 0 0 0]	[0 0 0 0 0 0]
8	0.4036809206008911	8.450692176818848	2.2930891513824463	2.2863781452178955	1.930251121520996	1.9409737586975098	False	[0 0 0 0 0 1 1 0 0]	[0 0 0 0 0 1 0 0 0]	[0 0 0 0 0 0]	[0 0 0 0 1 0]
8	-0.5	8.456808090209961	2.2941551208496094	2.294428825378418	1.9286253452301025	1.9395991563796997	False	[0 0 0 0 0 0 1 0 0]	[0 0 0 0 0 0 0 0 0]	[0 0 0 0 0 1]	[0 0 0 0 0 0]
8	-1.0	8.437289237976074	2.271641254425049	2.290483236312866	1.934514045715332	1.9406507015228271	False	[0 1 0 0 0 0 1 0 0]	[0 0 0 0 0 0 0 0 0]	[0 1 0 0 0 1]	[0 0 0 0 0 1]
8	-1.0	8.442707061767578	2.29634690284729	2.2894811630249023	1.9166908264160156	1.9401880502700806	False	[0 1 0 0 0 0 1 0 0]	[0 0 0 0 0 0 0 1 0]	[0 1 0 0 0 1]	[0 0 0 0 0 0]
8	0.4169950485229492	8.440608978271484	2.2827320098876953	2.293410062789917	1.9237968921661377	1.9406695365905762	False	[0 1 0 0 0 0 1 0 0]	[0 0 0 0 0 0 0 1 0]	[0 1 0 0 0 0]	[0 0 0 0 0 1]
8	-0.5	8.408279418945312	2.2832717895507812	2.286461353302002	1.9137065410614014	1.9248400926589966	False	[0 1 0 0 0 1 1 0 0]	[0 0 0 0 0 0 0 0 0]	[0 1 0 0 0 1]	[0 0 0 0 0 0]
8	-1.0	8.456622123718262	2.293215274810791	2.2949187755584717	1.9313645362854004	1.9371236562728882	False	[0 1 0 0 0 0 1 0 0]	[0 0 0 0 0 1 0 0 0]	[0 0 0 0 0 1]	[0 0 0 0 1 0]
8	0.4252990186214447	8.436541557312012	2.279564380645752	2.293243169784546	1.923041582107544	1.9406929016113281	False	[0 1 0 0 0 0 1 0 0]	[0 0 0 0 0 1 0 0 0]	[0 0 0 0 0 0]	[0 0 0 0 1 1]
8	-1.0	8.442684173583984	2.28757381439209	2.2973968982696533	1.9273569583892822	1.9303570985794067	False	[0 1 0 0 0 0 0 0 0]	[0 0 0 0 0 0 0 0 0]	[0 0 0 0 0 1]	[0 0 0 0 0 1]
8	-0.5	8.431349754333496	2.2959282398223877	2.2854368686676025	1.9104552268981934	1.9395290613174438	False	[0 0 0 0 0 0 0 0 0]	[0 0 0 0 0 0 0 0 0]	[0 0 0 0 0 1]	[0 0 0 0 0 0]
8	-1.0	8.427492141723633	2.2954113483428955	2.2833480834960938	1.9092957973480225	1.9394373893737793	False	[0 1 0 0 0 0 0 0 0]	[0 0 0 0 0 0 0 0 0]	[0 0 0 0 0 1]	[0 0 0 0 0 1]
8	-0.5	8.43150520324707	2.295997142791748	2.285717487335205	1.910674810409546	1.9391158819198608	False	[0 0 0 0 0 0 0 0 0]	[0 0 0 0 0 0 0 0 0]	[0 0 0 0 0 1]	[0 0 0 0 0 0]
8	-1.0	8.429526329040527	2.2953829765319824	2.283870220184326	1.9107500314712524	1.939523458480835	False	[0 1 0 0 0 0 0 0 0]	[0 0 0 0 0 0 0 0 0]	[0 0 0 0 0 1]	[0 0 0 0 0 1]
8	-0.5	8.430920600891113	2.295867919921875	2.2852745056152344	1.910570740699768	1.9392077922821045	False	[0 0 0 0 0 0 0 0 0]	[0 0 0 0 0 0 0 0 0]	[0 0 0 0 0 1]	[0 0 0 0 0 0]
8	-1.0	8.426833152770996	2.295275926589966	2.28303861618042	1.909123182296753	1.9393949508666992	False	[0 1 0 0 0 0 0 0 0]	[0 0 0 0 0 0 0 0 0]	[0 0 0 0 0 1]	[0 0 0 0 0 1]
8	-0.5	8.430418014526367	2.295650005340576	2.2846627235412598	1.9108268022537231	1.9392789602279663	False	[0 0 0 0 0 0 0 0 0]	[0 0 0 0 0 0 0 0 0]	[0 0 0 0 0 1]	[0 0 0 0 0 0]
8	-1.0	8.427290916442871	2.2950096130371094	2.2826998233795166	1.9098615646362305	1.9397201538085938	False	[0 1 0 0 0 0 0 0 0]	[0 0 0 0 0 0 0 0 0]	[0 0 0 0 0 1]	[0 0 0 0 0 1]
8	-0.5	8.430745124816895	2.2956504821777344	2.284864902496338	1.910916805267334	1.9393131732940674	False	[0 0 0 0 0 0 0 0 0]	[0 0 0 0 0 0 0 0 0]	[0 0 0 0 0 1]	[0 0 0 0 0 0]
8	-1.0	8.428200721740723	2.29536771774292	2.2835469245910645	1.9097931385040283	1.93949294090271	False	[0 1 0 0 0 0 0 0 0]	[0 0 0 0 0 0 0 0 0]	[0 0 0 0 0 1]	[0 0 0 0 0 1]
8	-0.5	8.431562423706055	2.2958364486694336	2.285698652267456	1.9107764959335327	1.9392499923706055	False	[0 0 0 0 0 0 0 0 0]	[0 0 0 0 0 0 0 0 0]	[0 0 0 0 0 1]	[0 0 0 0 0 0]
8	-1.0	8.428054809570312	2.2952890396118164	2.283097267150879	1.9099127054214478	1.9397556781768799	False	[0 1 0 0 0 0 0 0 0]	[0 0 0 0 0 0 0 0 0]	[0 0 0 0 0 1]	[0 0 0 0 0 1]
8	-0.5	8.432022094726562	2.2960426807403564	2.2857816219329834	1.9111204147338867	1.9390778541564941	False	[0 0 0 0 0 0 0 0 0]	[0 0 0 0 0 0 0 0 0]	[0 0 0 0 0 1]	[0 0 0 0 0 0]
8	-1.0	8.430285453796387	2.295435905456543	2.284175395965576	1.9111154079437256	1.9395592212677002	False	[0 1 0 0 0 0 0 0 0]	[0 0 0 0 0 0 0 0 0]	[0 0 0 0 0 1]	[0 0 0 0 0 1]
9	-1.0	8.43252944946289	2.2919921875	2.281096935272217	1.9363912343978882	1.9230490922927856	False	[0 1 0 0 0 0 0 0 0]	[0 0 0 0 0 0 0 0 0]	[0 0 0 0 1 0]	[0 0 0 0 0 1]
9	-0.5	8.40698528289795	2.285153865814209	2.274214506149292	1.9257078170776367	1.9219090938568115	False	[0 1 0 0 0 0 1 0 0]	[0 0 0 0 0 0 0 0 0]	[0 0 0 0 1 0]	[0 0 0 0 0 0]
9	-1.0	8.456092834472656	2.2869505882263184	2.298550605773926	1.9415706396102905	1.9290207624435425	False	[0 0 0 0 0 0 1 0 0]	[0 0 0 0 0 0 1 0 0]	[0 0 1 0 1 0]	[0 0 0 0 0 1]
9	-1.0	8.427152633666992	2.288403034210205	2.2772037982940674	1.9450901746749878	1.9164552688598633	False	[0 1 0 0 0 0 1 0 0]	[0 0 0 0 0 0 1 0 0]	[0 0 0 0 1 0]	[0 0 0 0 0 0]
9	-1.0	8.4237699508667	2.2883176803588867	2.2757341861724854	1.9451260566711426	1.9145920276641846	False	[0 0 0 0 0 0 1 0 0]	[0 0 0 0 0 0 1 0 0]	[0 0 1 0 1 0]	[0 0 0 0 0 1]
9	-1.0	8.42762565612793	2.288574695587158	2.2769064903259277	1.945127010345459	1.9170178174972534	False	[0 1 0 0 0 0 1 0 0]	[0 0 0 0 0 0 1 0 0]	[0 0 0 0 1 0]	[0 0 0 0 0 0]
9	-1.0	8.423748970031738	2.288278579711914	2.276095390319824	1.94515061378479	1.9142248630523682	False	[0 0 0 0 0 0 1 0 0]	[0 0 0 0 0 0 1 0 0]	[0 0 1 0 1 0]	[0 0 0 0 0 1]
9	-1.0	8.425891876220703	2.2884299755096436	2.2767441272735596	1.945029854774475	1.9156882762908936	False	[0 1 0 0 0 0 1 0 0]	[0 0 0 0 0 0 1 0 0]	[0 0 0 0 1 0]	[0 0 0 0 0 0]
9	-1.0	8.42460823059082	2.288299560546875	2.276350498199463	1.9452117681503296	1.9147467613220215	False	[0 0 0 0 0 0 1 0 0]	[0 0 0 0 0 0 1 0 0]	[0 0 1 0 1 0]	[0 0 0 0 0 1]
9	-1.0	8.424285888671875	2.2882800102233887	2.276536464691162	1.9451555013656616	1.9143141508102417	False	[0 1 0 0 0 0 1 0 0]	[0 0 0 0 0 0 1 0 0]	[0 0 0 0 1 0]	[0 0 0 0 0 0]
9	-1.0	8.422513961791992	2.2878119945526123	2.276089668273926	1.9451831579208374	1.9134284257888794	False	[0 1 0 0 0 0 1 1 0]	[0 0 0 0 0 0 1 0 0]	[0 0 1 0 1 0]	[0 0 0 0 0 1]
9	-1.0	8.428489685058594	2.288663148880005	2.2779881954193115	1.94462251663208	1.9172159433364868	False	[0 0 0 0 0 0 1 1 0]	[0 0 0 0 0 0 1 0 0]	[0 0 0 0 1 0]	[0 0 0 0 0 0]
9	-1.0	8.423267364501953	2.2878875732421875	2.2759342193603516	1.945199728012085	1.9142457246780396	False	[0 1 0 0 0 0 1 1 0]	[0 0 0 0 0 0 1 0 0]	[0 0 1 0 1 0]	[0 0 0 0 0 1]
9	-1.0	8.430360794067383	2.2889556884765625	2.2785000801086426	1.9446989297866821	1.9182058572769165	False	[0 0 0 0 0 0 1 1 0]	[0 0 0 0 0 0 1 0 0]	[0 0 0 0 1 0]	[0 0 0 0 0 0]
9	-1.0	8.423773765563965	2.2882752418518066	2.275974988937378	1.945141077041626	1.9143826961517334	False	[0 1 0 0 0 0 1 1 0]	[0 0 0 0 0 0 1 0 0]	[0 0 1 0 1 0]	[0 0 0 0 0 1]
9	-1.0	8.42951774597168	2.2888848781585693	2.2780532836914062	1.9447667598724365	1.917812705039978	False	[0 0 0 0 0 0 1 1 0]	[0 0 0 0 0 0 1 0 0]	[0 0 0 0 1 0]	[0 0 0 0 0 0]
9	-1.0	8.425034523010254	2.288416862487793	2.276294469833374	1.9450111389160156	1.9153114557266235	False	[0 0 0 0 0 0 1 0 0]	[0 0 0 0 0 0 1 0 0]	[0 0 1 0 1 0]	[0 0 0 0 0 1]
9	-1.0	8.425980567932129	2.2884349822998047	2.277251958847046	1.9450956583023071	1.9151978492736816	False	[0 1 0 0 0 0 1 0 0]	[0 0 0 0 0 0 1 0 0]	[0 0 0 0 1 0]	[0 0 0 0 0 0]
9	-1.0	8.424029350280762	2.288088083267212	2.2762980461120605	1.9451555013656616	1.9144871234893799	False	[0 0 0 0 0 0 1 0 0]	[0 0 0 0 0 0 1 0 0]	[0 0 1 0 1 0]	[0 0 0 0 0 1]
9	-1.0	8.4260835647583	2.2884044647216797	2.2768568992614746	1.9449853897094727	1.9158364534378052	False	[0 1 0 0 0 0 1 0 0]	[0 0 0 0 0 0 1 0 0]	[0 0 0 0 1 0]	[0 0 0 0 0 0]
9	-1.0	8.424230575561523	2.288224220275879	2.2765300273895264	1.945167064666748	1.9143091440200806	False	[0 0 0 0 0 0 1 0 0]	[0 0 0 0 0 0 1 0 0]	[0 0 1 0 1 0]	[0 0 0 0 0 1]
9	-1.0	8.425416946411133	2.2882578372955322	2.2769787311553955	1.9451371431350708	1.9150429964065552	False	[0 1 0 0 0 0 1 0 0]	[0 0 0 0 0 0 1 0 0]	[0 0 0 0 1 0]	[0 0 0 0 0 0]
9	-1.0	8.42337417602539	2.288386106491089	2.276477336883545	1.9451109170913696	1.9133999347686768	False	[0 1 0 0 0 0 1 1 0]	[0 0 0 0 0 0 1 0 0]	[0 0 1 0 1 0]	[0 0 0 0 0 1]
9	-1.0	8.42860221862793	2.2887864112854004	2.277568817138672	1.9446570873260498	1.9175901412963867	False	[0 0 0 0 0 0 1 1 0]	[0 0 0 0 0 0 1 0 0]	[0 0 0 0 1 0]	[0 0 0 0 0 0]
9	-1.0	8.422431945800781	2.2878637313842773	2.275967836380005	1.945176601409912	1.9134235382080078	False	[0 0 0 0 0 0 1 0 0]	[0 0 0 0 0 0 1 0 0]	[0 0 1 0 1 0]	[0 0 0 0 0 1]
9	-1.0	8.425895690917969	2.28851580619812	2.2766366004943848	1.9451189041137695	1.915624976158142	False	[0 1 0 0 0 0 1 0 0]	[0 0 0 0 0 0 1 0 0]	[0 0 0 0 1 0]	[0 0 0 0 0 0]
9	-1.0	8.424168586730957	2.2886438369750977	2.2763278484344482	1.9451171159744263	1.914080023765564	False	[0 0 0 0 0 0 1 0 0]	[0 0 0 0 0 0 1 0 0]	[0 0 1 0 1 0]	[0 0 0 0 0 1]
9	-1.0	8.42667007446289	2.288646697998047	2.2769618034362793	1.945027232170105	1.9160338640213013	False	[0 1 0 0 0 0 1 0 0]	[0 0 0 0 0 0 1 0 0]	[0 0 0 0 1 0]	[0 0 0 0 0 0]
9	-1.0	8.423116683959961	2.2879598140716553	2.275912046432495	1.9451904296875	1.9140539169311523	False	[0 1 0 0 0 0 1 1 0]	[0 0 0 0 0 0 1 0 0]	[0 0 1 0 1 0]	[0 0 0 0 0 1]
9	-1.0	8.430963516235352	2.2890515327453613	2.278108596801758	1.9446709156036377	1.9191324710845947	False	[0 0 0 0 0 0 1 1 0]	[0 0 0 0 0 0 1 0 0]	[0 0 0 0 1 0]	[0 0 0 0 0 0]
10	-1.0	8.424857139587402	2.276467800140381	2.281613826751709	1.9318251609802246	1.9349501132965088	False	[0 0 0 0 0 0 1 0 0]	[0 0 0 0 0 0 0 0 0]	[0 0 1 0 0 0]	[0 0 0 1 0 0]
10	-0.5	8.439606666564941	2.284726142883301	2.282993793487549	1.9339004755020142	1.9379867315292358	False	[0 0 0 1 0 0 1 0 0]	[0 0 0 0 0 0 0 0 0]	[0 0 1 0 0 0]	[0 0 0 0 0 0]
10	-1.0	8.457254409790039	2.2887918949127197	2.297003984451294	1.9330565929412842	1.9384024143218994	False	[0 0 0 0 0 0 1 0 0]	[1 0 0 0 0 0 0 0 0]	[0 0 0 0 0 0]	[0 0 0 1 0 0]
10	0.08485067635774612	8.436604499816895	2.2813479900360107	2.278353452682495	1.9386003017425537	1.9383026361465454	False	[0 0 0 0 0 0 1 1 0]	[1 0 0 0 0 0 0 0 0]	[0 0 0 0 0 0]	[0 0 0 1 0 0]
10	0.3223244845867157	8.43504810333252	2.279294967651367	2.2942779064178467	1.9313089847564697	1.930166482925415	False	[0 0 0 1 0 0 1 1 0]	[1 0 0 0 0 0 0 1 0]	[0 0 1 0 0 0]	[0 0 0 1 0 1]
10	0.48800820112228394	8.460354804992676	2.289424180984497	2.2964344024658203	1.9350783824920654	1.9394176006317139	False	[0 0 0 0 0 0 1 1 0]	[0 0 0 0 0 0 0 1 0]	[0 0 1 0 1 0]	[0 0 0 0 0 1]
10	0.33973848819732666	8.455999374389648	2.2912423610687256	2.297611951828003	1.932050347328186	1.9350945949554443	False	[0 1 0 0 0 0 1 1 0]	[1 0 0 0 0 0 0 1 0]	[0 0 0 0 1 0]	[0 0 0 1 0 1]
10	0.07289192825555801	8.462011337280273	2.290480136871338	2.295910596847534	1.9348922967910767	1.9407284259796143	False	[0 1 0 1 0 0 1 1 0]	[1 0 0 0 0 0 0 0 0]	[0 0 0 0 0 0]	[0 0 0 1 0 0]
10	0.3991401791572571	8.443901062011719	2.281923532485962	2.2943973541259766	1.933741569519043	1.9338390827178955	False	[0 1 0 0 0 0 1 1 0]	[1 0 0 0 0 1 0 0 0]	[0 0 0 0 1 0]	[0 0 0 0 0 0]
10	0.06511800736188889	8.442831039428711	2.285468101501465	2.2918953895568848	1.9313974380493164	1.9340699911117554	False	[0 1 0 1 0 0 1 1 0]	[1 0 0 0 0 0 0 0 0]	[0 0 0 0 0 0]	[0 0 0 1 0 0]
10	0.40248799324035645	8.444311141967773	2.2823526859283447	2.2944939136505127	1.9337146282196045	1.9337503910064697	False	[0 1 0 0 0 0 1 1 0]	[1 0 0 0 0 1 0 0 0]	[0 0 0 0 1 0]	[0 0 0 0 0 0]
10	0.06553445011377335	8.441612243652344	2.285146474838257	2.2915260791778564	1.9311025142669678	1.9338374137878418	False	[0 1 0 1 0 0 1 1 0]	[1 0 0 0 0 0 0 0 0]	[0 0 0 0 0 0]	[0 0 0 1 0 0]
10	0.39119911193847656	8.444334030151367	2.281733989715576	2.2947592735290527	1.9339362382888794	1.9339042901992798	False	[0 1 0 0 0 0 1 1 0]	[1 0 0 0 0 1 0 0 0]	[0 0 0 0 1 0]	[0 0 0 0 0 0]
10	0.06556808203458786	8.444305419921875	2.286583423614502	2.291632890701294	1.9318206310272217	1.9342682361602783	False	[0 1 0 1 0 0 1 1 0]	[1 0 0 0 0 0 0 0 0]	[0 0 0 0 0 0]	[0 0 0 1 0 0]
10	0.41002070903778076	8.443700790405273	2.2818357944488525	2.2946393489837646	1.9336822032928467	1.9335436820983887	False	[0 1 0 0 0 0 1 1 0]	[1 0 0 0 0 1 0 0 0]	[0 0 0 0 1 0]	[0 0 0 0 0 0]
10	0.07508424669504166	8.441372871398926	2.2849414348602295	2.2919533252716064	1.9305328130722046	1.9339449405670166	False	[0 1 0 1 0 0 1 1 0]	[1 0 0 0 0 0 0 0 0]	[0 0 0 0 0 0]	[0 0 0 1 0 0]
10	0.3905249536037445	8.443312644958496	2.2817156314849854	2.2943716049194336	1.9336953163146973	1.9335306882858276	False	[0 1 0 0 0 0 1 1 0]	[1 0 0 0 0 1 0 0 0]	[0 0 0 0 1 0]	[0 0 0 0 0 0]
10	0.07316842675209045	8.441377639770508	2.285330295562744	2.2913949489593506	1.9308531284332275	1.9337998628616333	False	[0 1 0 1 0 0 1 1 0]	[1 0 0 0 0 0 0 0 0]	[0 0 0 0 0 0]	[0 0 0 1 0 0]
10	0.4004521369934082	8.443138122558594	2.2811777591705322	2.2946877479553223	1.9334427118301392	1.9338295459747314	False	[0 1 0 0 0 0 1 1 0]	[1 0 0 0 0 1 0 0 0]	[0 0 0 0 1 0]	[0 0 0 0 0 0]
10	0.06368447840213776	8.441004753112793	2.284703016281128	2.291626214981079	1.9304994344711304	1.9341762065887451	False	[0 1 0 1 0 0 1 1 0]	[1 0 0 0 0 0 0 0 0]	[0 0 0 0 0 0]	[0 0 0 1 0 0]
10	0.39011046290397644	8.443323135375977	2.281641721725464	2.2943248748779297	1.9337482452392578	1.933607578277588	False	[0 1 0 0 0 0 1 1 0]	[1 0 0 0 0 1 0 0 0]	[0 0 0 0 1 0]	[0 0 0 0 0 0]
10	0.07537638396024704	8.444357872009277	2.2864506244659424	2.291795253753662	1.9318974018096924	1.93421471118927	False	[0 1 0 1 0 0 1 1 0]	[1 0 0 0 0 0 0 0 0]	[0 0 0 0 0 0]	[0 0 0 1 0 0]
10	0.35564273595809937	8.443341255187988	2.281691789627075	2.29461669921875	1.9333921670913696	1.9336410760879517	False	[0 1 0 0 0 0 1 1 0]	[1 0 0 0 0 1 0 0 0]	[0 0 0 0 1 0]	[0 0 0 0 0 0]
10	0.06159821152687073	8.442790031433105	2.2857422828674316	2.291727066040039	1.9309563636779785	1.9343640804290771	False	[0 1 0 1 0 0 1 1 0]	[1 0 0 0 0 0 0 0 0]	[0 0 0 0 0 0]	[0 0 0 1 0 0]
10	0.37585586309432983	8.444356918334961	2.2821483612060547	2.294522285461426	1.9337491989135742	1.9339373111724854	False	[0 1 0 0 0 0 1 1 0]	[1 0 0 0 0 1 0 0 0]	[0 0 0 0 1 0]	[0 0 0 0 0 0]
10	0.08525227755308151	8.441864013671875	2.2853968143463135	2.291717290878296	1.9307695627212524	1.9339802265167236	False	[0 1 0 1 0 0 1 1 0]	[1 0 0 0 0 0 0 0 0]	[0 0 0 0 0 0]	[0 0 0 1 0 0]
10	0.3955005705356598	8.444906234741211	2.2824816703796387	2.2944602966308594	1.9342354536056519	1.9337283372879028	False	[0 1 0 0 0 0 1 1 0]	[1 0 0 0 0 1 0 0 0]	[0 0 0 0 1 0]	[0 0 0 0 0 0]
10	0.07813221216201782	8.443140983581543	2.286085844039917	2.2915687561035156	1.9313321113586426	1.9341537952423096	False	[0 1 0 1 0 0 1 1 0]	[1 0 0 0 0 0 0 0 0]	[0 0 0 0 0 0]	[0 0 0 1 0 0]
10	0.37640777230262756	8.443062782287598	2.280876636505127	2.294671058654785	1.9335346221923828	1.9339803457260132	False	[0 1 0 0 0 0 1 1 0]	[1 0 0 0 0 1 0 0 0]	[0 0 0 0 1 0]	[0 0 0 0 0 0]
10	0.057933248579502106	8.441136360168457	2.2849156856536865	2.2913718223571777	1.9310781955718994	1.933771014213562	False	[0 1 0 1 0 0 1 1 0]	[1 0 0 0 0 0 0 0 0]	[0 0 0 0 0 0]	[0 0 0 1 0 0]
11	0.2098223716020584	8.445944786071777	2.287097930908203	2.287773609161377	1.9400609731674194	1.9310121536254883	False	[0 0 0 1 0 0 0 0 0]	[0 0 1 0 0 0 0 0 0]	[1 0 0 0 0 0]	[1 0 0 0 0 0]
11	-0.5	8.442354202270508	2.281813383102417	2.29496169090271	1.9299219846725464	1.9356575012207031	False	[1 0 0 1 0 0 0 0 0]	[0 0 0 0 0 0 0 0 0]	[0 0 0 0 0 0]	[0 0 0 0 0 0]
11	-0.5	8.44015884399414	2.284256935119629	2.2889907360076904	1.9324735403060913	1.9344373941421509	False	[1 0 0 0 0 0 0 0 0]	[0 0 1 0 0 0 0 0 0]	[1 0 0 0 0 0]	[0 0 1 0 0 0]
11	0.2872280478477478	8.45372200012207	2.288975954055786	2.2931690216064453	1.9374802112579346	1.9340968132019043	False	[1 0 0 0 0 0 1 0 0]	[0 0 0 0 0 0 0 0 0]	[0 0 0 0 0 0]	[1 0 1 0 0 0]
11	-0.5	8.43323802947998	2.2788748741149902	2.286843776702881	1.9336371421813965	1.933882474899292	False	[1 0 0 0 0 0 0 0 0]	[0 0 1 0 0 0 0 0 0]	[1 0 0 0 0 0]	[0 0 1 0 0 0]
11	0.2994028329849243	8.453157424926758	2.2891476154327393	2.2928950786590576	1.9372755289077759	1.933838963508606	False	[1 0 0 0 0 0 1 0 0]	[0 0 0 0 0 0 0 0 0]	[0 0 0 0 0 0]	[1 0 1 0 0 0]
11	-0.5	8.433603286743164	2.278937578201294	2.2874674797058105	1.9334814548492432	1.933717131614685	False	[1 0 0 0 0 0 0 0 0]	[0 0 1 0 0 0 0 0 0]	[1 0 0 0 0 0]	[0 0 1 0 0 0]
11	0.28213798999786377	8.453518867492676	2.288846969604492	2.2933104038238525	1.9373722076416016	1.9339897632598877	False	[1 0 0 0 0 0 1 0 0]	[0 0 0 0 0 0 0 0 0]	[0 0 0 0 0 0]	[1 0 1 0 0 0]
11	-0.5	8.434191703796387	2.279355525970459	2.2871286869049072	1.9334064722061157	1.9343006610870361	False	[1 0 0 0 0 0 0 0 0]	[0 0 1 0 0 0 0 0 0]	[1 0 0 0 0 0]	[0 0 1 0 0 0]
11	0.2826836407184601	8.450973510742188	2.2882163524627686	2.2930877208709717	1.9366674423217773	1.9330024719238281	False	[1 0 0 0 0 0 1 0 0]	[0 0 0 0 0 0 0 0 0]	[0 0 0 0 0 0]	[1 0 1 0 0 0]
11	-0.5	8.432247161865234	2.278470039367676	2.2867867946624756	1.9331765174865723	1.9338138103485107	False	[1 0 0 0 0 0 0 0 0]	[0 0 1 0 0 0 0 0 0]	[1 0 0 0 0 0]	[0 0 1 0 0 0]
11	0.2735185921192169	8.452849388122559	2.288970470428467	2.2931227684020996	1.937042474746704	1.9337137937545776	False	[1 0 0 0 0 0 1 0 0]	[0 0 0 0 0 0 0 0 0]	[0 0 0 0 0 0]	[1 0 1 0 0 0]
11	-0.5	8.433486938476562	2.279005289077759	2.286947250366211	1.9334027767181396	1.934131145477295	False	[1 0 0 0 0 0 0 0 0]	[0 0 1 0 0 0 0 0 0]	[1 0 0 0 0 0]	[0 0 1 0 0 0]
11	0.2762245535850525	8.452474594116211	2.2888193130493164	2.2930235862731934	1.93706476688385	1.9335668087005615	False	[1 0 0 0 0 0 1 0 0]	[0 0 0 0 0 0 0 0 0]	[0 0 0 0 0 0]	[1 0 1 0 0 0]
11	-0.5	8.435408592224121	2.2797439098358154	2.2868850231170654	1.9336813688278198	1.9350979328155518	False	[1 0 0 0 0 0 0 0 0]	[0 0 1 0 0 0 0 0 0]	[1 0 0 0 0 0]	[0 0 1 0 0 0]
11	0.28935545682907104	8.452518463134766	2.288975238800049	2.292877197265625	1.937095046043396	1.9335711002349854	False	[1 0 0 0 0 0 1 0 0]	[0 0 0 0 0 0 0 0 0]	[0 0 0 0 0 0]	[1 0 1 0 0 0]
11	-0.5	8.434673309326172	2.279250144958496	2.287140369415283	1.9335222244262695	1.9347606897354126	False	[1 0 0 0 0 0 0 0 0]	[0 0 1 0 0 0 0 0 0]	[1 0 0 0 0 0]	[0 0 1 0 0 0]
11	0.27811938524246216	8.454912185668945	2.2891550064086914	2.2930288314819336	1.9379832744598389	1.9347448348999023	False	[1 0 0 0 0 0 1 0 0]	[0 0 0 0 0 0 0 0 0]	[0 0 0 0 0 0]	[1 0 1 0 0 0]
11	-0.5	8.43224048614502	2.278593063354492	2.287062406539917	1.9329853057861328	1.933599591255188	False	[1 0 0 0 0 0 0 0 0]	[0 0 1 0 0 0 0 0 0]	[1 0 0 0 0 0]	[0 0 1 0 0 0]
11	0.2871820032596588	8.45221996307373	2.2886757850646973	2.2929584980010986	1.9368398189544678	1.9337457418441772	False	[1 0 0 0 0 0 1 0 0]	[0 0 0 0 0 0 0 0 0]	[0 0 0 0 0 0]	[1 0 1 0 0 0]
11	-0.5	8.4337797164917	2.279200792312622	2.2871251106262207	1.9333879947662354	1.9340660572052002	False	[1 0 0 0 0 0 0 0 0]	[0 0 1 0 0 0 0 0 0]	[1 0 0 0 0 0]	[0 0 1 0 0 0]
11	0.29473400115966797	8.453774452209473	2.2891616821289062	2.2930212020874023	1.9375672340393066	1.9340243339538574	False	[1 0 0 0 0 0 1 0 0]	[0 0 0 0 0 0 0 0 0]	[0 0 0 0 0 0]	[1 0 1 0 0 0]
11	-0.5	8.433525085449219	2.2791922092437744	2.287144660949707	1.9333148002624512	1.9338741302490234	False	[1 0 0 0 0 0 0 0 0]	[0 0 1 0 0 0 0 0 0]	[1 0 0 0 0 0]	[0 0 1 0 0 0]
11	0.29055702686309814	8.45338249206543	2.288987159729004	2.2931747436523438	1.9372162818908691	1.9340038299560547	False	[1 0 0 0 0 0 1 0 0]	[0 0 0 0 0 0 0 0 0]	[0 0 0 0 0 0]	[1 0 1 0 0 0]
11	-0.5	8.43360424041748	2.2789363861083984	2.2871243953704834	1.933558702468872	1.9339851140975952	False	[1 0 0 0 0 0 0 0 0]	[0 0 1 0 0 0 0 0 0]	[1 0 0 0 0 0]	[0 0 1 0 0 0]
11	0.2762664258480072	8.453618049621582	2.288964033126831	2.2932701110839844	1.9374809265136719	1.9339027404785156	False	[1 0 0 0 0 0 1 0 0]	[0 0 0 0 0 0 0 0 0]	[0 0 0 0 0 0]	[1 0 1 0 0 0]
11	-0.5	8.434691429138184	2.2795066833496094	2.287019968032837	1.933616042137146	1.9345487356185913	False	[1 0 0 0 0 0 0 0 0]	[0 0 1 0 0 0 0 0 0]	[1 0 0 0 0 0]	[0 0 1 0 0 0]
11	0.28374966979026794	8.453472137451172	2.289030075073242	2.293083667755127	1.9374157190322876	1.9339427947998047	False	[1 0 0 0 0 0 1 0 0]	[0 0 0 0 0 0 0 0 0]	[0 0 0 0 0 0]	[1 0 1 0 0 0]
11	-0.5	8.433489799499512	2.279128074645996	2.2870378494262695	1.9331532716751099	1.9341704845428467	False	[1 0 0 0 0 0 0 0 0]	[0 0 1 0 0 0 0 0 0]	[1 0 0 0 0 0]	[0 0 1 0 0 0]
11	0.2739017605781555	8.453874588012695	2.2890868186950684	2.2932510375976562	1.9374874830245972	1.9340488910675049	False	[1 0 0 0 0 0 1 0 0]	[0 0 0 0 0 0 0 0 0]	[0 0 0 0 0 0]	[1 0 1 0 0 0]
12	0.5290370583534241	8.42049503326416	2.2817399501800537	2.289306640625	1.9321017265319824	1.9173463582992554	False	[0 0 0 0 0 0 0 1 0]	[0 0 0 0 0 0 0 0 1]	[0 0 0 0 1 0]	[0 0 0 1 0 0]
12	-0.5	8.396920204162598	2.277175188064575	2.2845945358276367	1.921817421913147	1.9133331775665283	False	[0 0 0 0 0 0 0 0 0]	[0 0 0 0 0 0 0 0 0]	[0 0 0 0 0 0]	[0 0 0 1 0 1]
12	0.25919264554977417	8.420680046081543	2.2840487957000732	2.287168502807617	1.9317764043807983	1.917685627937317	False	[0 0 0 0 0 0 0 1 0]	[0 0 0 0 0 0 0 0 1]	[0 0 0 0 1 0]	[0 0 0 0 0 1]
12	-1.0	8.396844863891602	2.278216600418091	2.2835049629211426	1.9225578308105469	1.9125657081604004	False	[0 0 0 0 0 0 0 0 0]	[0 0 0 0 0 0 0 0 0]	[0 0 0 0 0 0]	[0 0 0 0 0 0]
12	0.5742919445037842	8.421364784240723	2.282182455062866	2.2894318103790283	1.9324432611465454	1.9173070192337036	False	[0 0 0 0 0 0 0 1 0]	[0 0 0 0 0 0 0 0 1]	[0 0 0 0 1 0]	[0 0 0 1 0 0]
12	-0.5	8.394867897033691	2.2765896320343018	2.2843480110168457	1.9213613271713257	1.9125683307647705	False	[0 0 0 0 0 0 0 0 0]	[0 0 0 0 0 0 0 0 0]	[0 0 0 0 0 0]	[0 0 0 1 0 1]
12	0.24246424436569214	8.42081069946289	2.2843496799468994	2.2871031761169434	1.931916356086731	1.9174418449401855	False	[0 0 0 0 0 0 0 1 0]	[0 0 0 0 0 0 0 0 1]	[0 0 0 0 1 0]	[0 0 0 0 0 1]
12	-1.0	8.397347450256348	2.2777280807495117	2.283325672149658	1.9227606058120728	1.9135334491729736	False	[0 0 0 0 0 0 0 0 0]	[0 0 0 0 0 0 0 0 0]	[0 0 0 0 0 0]	[0 0 0 0 0 0]
12	0.5531542301177979	8.421672821044922	2.2821807861328125	2.289365291595459	1.9324644804000854	1.9176616668701172	False	[0 0 0 0 0 0 0 1 0]	[0 0 0 0 0 0 0 0 1]	[0 0 0 0 1 0]	[0 0 0 1 0 0]
12	-0.5	8.397875785827637	2.277634620666504	2.2846734523773193	1.9223287105560303	1.913238763809204	False	[0 0 0 0 0 0 0 0 0]	[0 0 0 0 0 0 0 0 0]	[0 0 0 0 0 0]	[0 0 0 1 0 1]
12	0.279306560754776	8.41965103149414	2.2838993072509766	2.2868735790252686	1.9315364360809326	1.9173411130905151	False	[0 0 0 0 0 0 0 1 0]	[0 0 0 0 0 0 0 0 1]	[0 0 0 0 1 0]	[0 0 0 0 0 1]
12	-1.0	8.394927978515625	2.277254104614258	2.2830188274383545	1.9223012924194336	1.9123538732528687	False	[0 0 0 0 0 0 0 0 0]	[0 0 0 0 0 0 0 0 0]	[0 0 0 0 0 0]	[0 0 0 0 0 0]
12	0.5558866262435913	8.419612884521484	2.2813832759857178	2.2890419960021973	1.932088017463684	1.9170994758605957	False	[0 0 0 0 0 0 0 1 0]	[0 0 0 0 0 0 0 0 1]	[0 0 0 0 1 0]	[0 0 0 1 0 0]
12	-0.5	8.396461486816406	2.2771987915039062	2.284574031829834	1.921586036682129	1.913102149963379	False	[0 0 0 0 0 0 0 0 0]	[0 0 0 0 0 0 0 0 0]	[0 0 0 0 0 0]	[0 0 0 1 0 1]
12	0.26169490814208984	8.420974731445312	2.284294366836548	2.287050724029541	1.9317748546600342	1.9178544282913208	False	[0 0 0 0 0 0 0 1 0]	[0 0 0 0 0 0 0 0 1]	[0 0 0 0 1 0]	[0 0 0 0 0 1]
12	-1.0	8.393274307250977	2.277041435241699	2.2831010818481445	1.9216784238815308	1.9114537239074707	False	[0 0 0 0 0 0 0 0 0]	[0 0 0 0 0 0 0 0 0]	[0 0 0 0 0 0]	[0 0 0 0 0 0]
12	0.5408884286880493	8.41940689086914	2.281451463699341	2.288862466812134	1.9319438934326172	1.9171489477157593	False	[0 0 0 0 0 0 0 1 0]	[0 0 0 0 0 0 0 0 1]	[0 0 0 0 1 0]	[0 0 0 1 0 0]
12	-0.5	8.395898818969727	2.277329921722412	2.2841665744781494	1.9214298725128174	1.9129719734191895	False	[0 0 0 0 0 0 0 0 0]	[0 0 0 0 0 0 0 0 0]	[0 0 0 0 0 0]	[0 0 0 1 0 1]
12	0.24366524815559387	8.419220924377441	2.283888101577759	2.2869277000427246	1.9313788414001465	1.9170262813568115	False	[0 0 0 0 0 0 0 1 0]	[0 0 0 0 0 0 0 0 1]	[0 0 0 0 1 0]	[0 0 0 0 0 1]
12	-1.0	8.396539688110352	2.2779510021209717	2.2833492755889893	1.9224903583526611	1.9127494096755981	False	[0 0 0 0 0 0 0 0 0]	[0 0 0 0 0 0 0 0 0]	[0 0 0 0 0 0]	[0 0 0 0 0 0]
12	0.5382912755012512	8.419953346252441	2.2817306518554688	2.2889273166656494	1.9321118593215942	1.9171842336654663	False	[0 0 0 0 0 0 0 1 0]	[0 0 0 0 0 0 0 0 1]	[0 0 0 0 1 0]	[0 0 0 1 0 0]
12	-0.5	8.398186683654785	2.2774386405944824	2.284782648086548	1.922268033027649	1.9136974811553955	False	[0 0 0 0 0 0 0 0 0]	[0 0 0 0 0 0 0 0 0]	[0 0 0 0 0 0]	[0 0 0 1 0 1]
12	0.2619354724884033	8.420011520385742	2.284527540206909	2.2868995666503906	1.9315921068191528	1.9169923067092896	False	[0 0 0 0 0 0 0 1 0]	[0 0 0 0 0 0 0 0 1]	[0 0 0 0 1 0]	[0 0 0 0 0 1]
12	-1.0	8.394325256347656	2.2772088050842285	2.2827985286712646	1.9220448732376099	1.9122731685638428	False	[0 0 0 0 0 0 0 0 0]	[0 0 0 0 0 0 0 0 0]	[0 0 0 0 0 0]	[0 0 0 0 0 0]
12	0.5248859524726868	8.419657707214355	2.281381845474243	2.289222240447998	1.9322872161865234	1.9167660474777222	False	[0 0 0 0 0 0 0 1 0]	[0 0 0 0 0 0 0 0 1]	[0 0 0 0 1 0]	[0 0 0 1 0 0]
12	-0.5	8.397262573242188	2.277291774749756	2.2846710681915283	1.9215984344482422	1.9137012958526611	False	[0 0 0 0 0 0 0 0 0]	[0 0 0 0 0 0 0 0 0]	[0 0 0 0 0 0]	[0 0 0 1 0 1]
12	0.2723655700683594	8.419447898864746	2.2838761806488037	2.286745071411133	1.931576132774353	1.917250394821167	False	[0 0 0 0 0 0 0 1 0]	[0 0 0 0 0 0 0 0 1]	[0 0 0 0 1 0]	[0 0 0 0 0 1]
12	-1.0	8.39646053314209	2.277932643890381	2.283547878265381	1.9223883152008057	1.9125922918319702	False	[0 0 0 0 0 0 0 0 0]	[0 0 0 0 0 0 0 0 0]	[0 0 0 0 0 0]	[0 0 0 0 0 0]
12	0.5673367381095886	8.419759750366211	2.281769275665283	2.289266347885132	1.9318397045135498	1.9168847799301147	False	[0 0 0 0 0 0 0 1 0]	[0 0 0 0 0 0 0 0 1]	[0 0 0 0 1 0]	[0 0 0 1 0 0]
12	-0.5	8.39874267578125	2.27785062789917	2.2850170135498047	1.9222407341003418	1.9136345386505127	False	[0 0 0 0 0 0 0 0 0]	[0 0 0 0 0 0 0 0 0]	[0 0 0 0 0 0]	[0 0 0 1 0 1]
13	0.5374009609222412	8.372815132141113	2.267063617706299	2.2751035690307617	1.911330223083496	1.919317364692688	False	[0 0 0 0 0 0 0 1 0]	[0 1 0 0 0 0 0 0 0]	[0 0 0 0 1 0]	[0 0 0 1 0 0]
13	-0.5	8.401748657226562	2.284904956817627	2.2841637134552	1.931607723236084	1.9010717868804932	False	[0 0 0 0 0 0 0 0 0]	[0 0 0 0 0 0 0 0 0]	[0 0 0 0 0 0]	[1 0 0 1 0 0]
13	0.40393203496932983	8.408288955688477	2.2787632942199707	2.285061836242676	1.9197255373001099	1.9247386455535889	False	[0 0 0 0 0 0 0 1 0]	[0 1 0 0 0 0 0 0 0]	[0 0 0 0 1 0]	[1 0 0 0 0 0]
13	0.358833909034729	8.432550430297852	2.2916550636291504	2.2884163856506348	1.9300726652145386	1.92240571975708	False	[0 1 0 0 0 0 0 1 0]	[0 0 0 0 0 0 0 0 0]	[0 0 0 0 0 0]	[1 0 0 0 0 1]
13	0.5098345875740051	8.428098678588867	2.287506580352783	2.291799545288086	1.9364328384399414	1.9123601913452148	False	[0 1 0 0 0 0 0 0 0]	[0 1 0 0 0 0 0 0 0]	[0 0 0 0 1 0]	[0 0 0 0 0 1]
13	0.21087868511676788	8.414665222167969	2.2874724864959717	2.2783515453338623	1.9373500347137451	1.9114911556243896	False	[0 1 0 0 0 0 0 0 1]	[0 1 0 0 0 0 1 0 0]	[0 0 0 0 0 0]	[0 0 0 0 0 0]
13	0.2303316295146942	8.420449256896973	2.282085418701172	2.278881549835205	1.9375317096710205	1.921950101852417	False	[0 0 0 0 0 0 0 0 1]	[0 1 0 0 0 0 0 0 0]	[0 0 0 0 1 0]	[0 0 0 0 0 1]
13	-0.5	8.43612289428711	2.2911620140075684	2.2817325592041016	1.9410934448242188	1.9221343994140625	False	[0 0 0 0 0 0 0 0 0]	[0 1 0 0 0 0 1 0 0]	[0 0 0 0 0 0]	[0 0 0 0 0 0]
13	0.5757320523262024	8.406015396118164	2.278813600540161	2.274624824523926	1.9361299276351929	1.916447401046753	False	[0 0 0 0 0 0 0 1 0]	[0 1 0 0 0 0 0 0 0]	[0 0 0 0 1 0]	[0 0 0 0 0 1]
13	0.2374715507030487	8.419146537780762	2.2881712913513184	2.279590606689453	1.9378628730773926	1.9135221242904663	False	[0 0 0 0 0 0 0 1 1]	[0 1 0 0 0 0 1 0 0]	[0 0 0 0 0 0]	[0 0 0 0 0 0]
13	0.5032152533531189	8.439993858337402	2.2899885177612305	2.291195869445801	1.9307231903076172	1.928086280822754	False	[0 0 0 0 0 0 0 0 1]	[0 0 0 0 0 0 1 0 0]	[0 0 0 0 1 0]	[0 0 0 0 0 1]
13	0.21069017052650452	8.429780960083008	2.2945916652679443	2.281161308288574	1.9279826879501343	1.9260445833206177	False	[0 0 0 0 0 1 0 0 1]	[0 1 0 0 0 0 1 0 0]	[0 0 0 0 0 0]	[0 0 0 0 0 0]
13	0.492832213640213	8.421748161315918	2.282536029815674	2.279121160507202	1.9377026557922363	1.9223884344100952	False	[0 0 0 0 0 1 0 1 1]	[0 1 0 0 0 0 0 0 0]	[0 0 0 0 1 0]	[0 0 0 0 0 1]
13	0.4838257133960724	8.429473876953125	2.2883119583129883	2.283959150314331	1.9396077394485474	1.9175946712493896	False	[0 0 0 0 0 1 0 1 0]	[0 1 0 0 0 0 1 0 0]	[0 0 0 0 0 0]	[0 0 0 0 1 1]
13	0.43713247776031494	8.413961410522461	2.2833940982818604	2.2810046672821045	1.9359029531478882	1.913659691810608	False	[0 1 0 0 0 1 0 1 0]	[0 1 0 0 0 0 1 1 0]	[0 0 0 1 0 0]	[0 0 0 0 1 0]
13	0.4041590094566345	8.429790496826172	2.2842655181884766	2.2854840755462646	1.938848614692688	1.9211918115615845	False	[0 0 0 0 0 1 0 1 0]	[0 1 0 0 0 0 0 1 0]	[0 0 0 1 1 0]	[0 0 0 0 1 1]
13	0.38909977674484253	8.435832023620605	2.2878336906433105	2.2867679595947266	1.940183162689209	1.9210469722747803	False	[0 0 0 0 0 1 0 1 1]	[0 1 0 0 0 0 1 1 0]	[0 0 0 1 0 0]	[0 0 0 0 0 1]
13	0.281540185213089	8.445289611816406	2.287645101547241	2.2892422676086426	1.9412181377410889	1.9271838665008545	False	[0 1 0 0 0 1 0 1 1]	[0 1 0 0 0 0 0 1 0]	[0 0 0 1 1 0]	[0 0 0 0 0 0]
13	0.497040718793869	8.441340446472168	2.2941911220550537	2.287275552749634	1.9354053735733032	1.924468755722046	False	[0 1 0 0 0 1 0 0 1]	[0 0 0 0 0 0 0 1 0]	[0 0 0 1 0 0]	[0 0 0 0 0 1]
13	0.4124791622161865	8.427821159362793	2.2884652614593506	2.283036231994629	1.9392650127410889	1.9170540571212769	False	[0 1 0 0 0 1 0 0 0]	[0 0 0 0 0 0 1 1 0]	[0 0 0 1 1 0]	[0 0 0 0 1 1]
13	0.4905364215373993	8.436281204223633	2.2873127460479736	2.287095308303833	1.9406929016113281	1.921180248260498	False	[0 1 0 0 0 1 0 0 1]	[0 0 0 0 0 0 0 1 0]	[0 0 0 1 0 0]	[0 0 0 0 0 1]
13	0.3980456590652466	8.424383163452148	2.2872564792633057	2.2822887897491455	1.9390414953231812	1.9157962799072266	False	[0 1 0 0 0 1 0 0 0]	[0 0 0 0 0 0 1 1 0]	[0 0 0 1 1 0]	[0 0 0 0 1 1]
13	0.4577791690826416	8.432085990905762	2.2863316535949707	2.2860279083251953	1.9400876760482788	1.919638752937317	False	[0 1 0 0 0 1 0 0 1]	[0 0 0 0 0 0 0 1 0]	[0 0 0 1 0 0]	[0 0 0 0 0 1]
13	0.4157373309135437	8.427846908569336	2.2881879806518555	2.283071279525757	1.9394197463989258	1.9171676635742188	False	[0 1 0 0 0 1 0 0 0]	[0 0 0 0 0 0 1 1 0]	[0 0 0 1 1 0]	[0 0 0 0 1 1]
13	0.4803065061569214	8.435458183288574	2.286898136138916	2.287311553955078	1.940420150756836	1.920828104019165	False	[0 1 0 0 0 1 0 0 1]	[0 0 0 0 0 0 0 1 0]	[0 0 0 1 0 0]	[0 0 0 0 0 1]
13	0.40224918723106384	8.429600715637207	2.2877769470214844	2.2844924926757812	1.9394469261169434	1.917884111404419	False	[0 1 0 0 0 1 0 0 0]	[0 0 0 0 0 0 1 1 0]	[0 0 0 1 1 0]	[0 0 0 0 1 1]
13	0.5033148527145386	8.434521675109863	2.2874112129211426	2.2862842082977295	1.9404380321502686	1.9203882217407227	False	[0 1 0 0 0 1 0 0 1]	[0 0 0 0 0 0 0 1 0]	[0 0 0 1 0 0]	[0 0 0 0 0 1]
13	0.3864859640598297	8.427221298217773	2.2879693508148193	2.2831785678863525	1.939401626586914	1.9166712760925293	False	[0 1 0 0 0 1 0 0 0]	[0 0 0 0 0 0 1 1 0]	[0 0 0 1 1 0]	[0 0 0 0 1 1]
13	0.5016580820083618	8.43636417388916	2.2872390747070312	2.2871084213256836	1.9407085180282593	1.9213082790374756	False	[0 1 0 0 0 1 0 0 1]	[0 0 0 0 0 0 0 1 0]	[0 0 0 1 0 0]	[0 0 0 0 0 1]
13	0.4228364825248718	8.427889823913574	2.287783145904541	2.28350567817688	1.9395582675933838	1.9170423746109009	False	[0 1 0 0 0 1 0 0 0]	[0 0 0 0 0 0 1 1 0]	[0 0 0 1 1 0]	[0 0 0 0 1 1]
14	-1.0	8.273140907287598	2.2019424438476562	2.258115530014038	1.9206647872924805	1.8924180269241333	False	[0 0 0 0 0 0 0 0 0]	[0 0 0 0 0 0 0 0 0]	[0 1 0 0 0 0]	[0 0 0 1 0 0]
14	-1.0	8.397114753723145	2.259394645690918	2.2757766246795654	1.9383747577667236	1.923568606376648	False	[0 0 0 0 0 0 0 0 0]	[0 0 0 0 0 0 0 0 0]	[0 1 0 0 0 0]	[0 0 0 1 0 0]
14	-1.0	8.410599708557129	2.265810966491699	2.278002977371216	1.939759373664856	1.9270265102386475	False	[0 0 0 0 0 0 0 0 0]	[0 0 0 0 0 0 0 0 0]	[0 1 0 0 0 0]	[0 0 0 1 0 0]
14	-1.0	8.404838562011719	2.262923240661621	2.2768802642822266	1.9391471147537231	1.9258875846862793	False	[0 0 0 0 0 0 0 0 0]	[0 0 0 0 0 0 0 0 0]	[0 1 0 0 0 0]	[0 0 0 1 0 0]
14	-1.0	8.409756660461426	2.2655930519104004	2.2776927947998047	1.9397337436676025	1.9267364740371704	False	[0 0 0 0 0 0 0 0 0]	[0 0 0 0 0 0 0 0 0]	[0 1 0 0 0 0]	[0 0 0 1 0 0]
14	-1.0	8.410100936889648	2.265828847885132	2.277888059616089	1.9395904541015625	1.9267938137054443	False	[0 0 0 0 0 0 0 0 0]	[0 0 0 0 0 0 0 0 0]	[0 1 0 0 0 0]	[0 0 0 1 0 0]
14	-1.0	8.404699325561523	2.263172149658203	2.2771079540252686	1.9388190507888794	1.9256000518798828	False	[0 0 0 0 0 0 0 0 0]	[0 0 0 0 0 0 0 0 0]	[0 1 0 0 0 0]	[0 0 0 1 0 0]
14	-1.0	8.405794143676758	2.264315366744995	2.276409387588501	1.9391319751739502	1.9259381294250488	False	[0 0 0 0 0 0 0 0 0]	[0 0 0 0 0 0 0 0 0]	[0 1 0 0 0 0]	[0 0 0 1 0 0]
14	-1.0	8.405426979064941	2.2632105350494385	2.2777657508850098	1.9392811059951782	1.9251691102981567	False	[0 0 0 0 0 0 0 0 0]	[0 0 0 0 0 0 0 0 0]	[0 1 0 0 0 0]	[0 0 0 1 0 0]
14	-1.0	8.40495491027832	2.2629942893981934	2.277125120162964	1.93916654586792	1.9256696701049805	False	[0 0 0 0 0 0 0 0 0]	[0 0 0 0 0 0 0 0 0]	[0 1 0 0 0 0]	[0 0 0 1 0 0]
14	-1.0	8.407910346984863	2.2641420364379883	2.278120994567871	1.939617395401001	1.9260302782058716	False	[0 0 0 0 0 0 0 0 0]	[0 0 0 0 0 0 0 0 0]	[0 1 0 0 0 0]	[0 0 0 1 0 0]
14	-1.0	8.412790298461914	2.267016649246216	2.2780263423919678	1.93991219997406	1.9278353452682495	False	[0 0 0 0 0 0 0 0 0]	[0 0 0 0 0 0 0 0 0]	[0 1 0 0 0 0]	[0 0 0 1 0 0]
14	-1.0	8.408476829528809	2.2649030685424805	2.2780187129974365	1.9395110607147217	1.9260433912277222	False	[0 0 0 0 0 0 0 0 0]	[0 0 0 0 0 0 0 0 0]	[0 1 0 0 0 0]	[0 0 0 1 0 0]
14	-1.0	8.403080940246582	2.2622785568237305	2.2769877910614014	1.938843011856079	1.9249712228775024	False	[0 0 0 0 0 0 0 0 0]	[0 0 0 0 0 0 0 0 0]	[0 1 0 0 0 0]	[0 0 0 1 0 0]
14	-1.0	8.404108047485352	2.262544631958008	2.276578187942505	1.938847541809082	1.9261376857757568	False	[0 0 0 0 0 0 0 0 0]	[0 0 0 0 0 0 0 0 0]	[0 1 0 0 0 0]	[0 0 0 1 0 0]
14	-1.0	8.40795612335205	2.2645645141601562	2.277646541595459	1.9395118951797485	1.9262330532073975	False	[0 0 0 0 0 0 0 0 0]	[0 0 0 0 0 0 0 0 0]	[0 1 0 0 0 0]	[0 0 0 1 0 0]
14	-1.0	8.409061431884766	2.265131711959839	2.2776193618774414	1.9396660327911377	1.9266443252563477	False	[0 0 0 0 0 0 0 0 0]	[0 0 0 0 0 0 0 0 0]	[0 1 0 0 0 0]	[0 0 0 1 0 0]
14	-1.0	8.411317825317383	2.266357421875	2.277984619140625	1.939929485321045	1.927046298980713	False	[0 0 0 0 0 0 0 0 0]	[0 0 0 0 0 0 0 0 0]	[0 1 0 0 0 0]	[0 0 0 1 0 0]
14	-1.0	8.404129028320312	2.2626421451568604	2.2769227027893066	1.9390106201171875	1.925553321838379	False	[0 0 0 0 0 0 0 0 0]	[0 0 0 0 0 0 0 0 0]	[0 1 0 0 0 0]	[0 0 0 1 0 0]
14	-1.0	8.40837287902832	2.264967679977417	2.2776362895965576	1.9394793510437012	1.9262895584106445	False	[0 0 0 0 0 0 0 0 0]	[0 0 0 0 0 0 0 0 0]	[0 1 0 0 0 0]	[0 0 0 1 0 0]
14	-1.0	8.393245697021484	2.257657527923584	2.274890899658203	1.9376778602600098	1.9230198860168457	False	[0 0 0 0 0 0 0 0 0]	[0 0 0 0 0 0 0 0 0]	[0 1 0 0 0 0]	[0 0 0 1 0 0]
14	-1.0	8.404341697692871	2.262960195541382	2.2765488624572754	1.9391651153564453	1.9256677627563477	False	[0 0 0 0 0 0 0 0 0]	[0 0 0 0 0 0 0 0 0]	[0 1 0 0 0 0]	[0 0 0 1 0 0]
14	-1.0	8.40303897857666	2.262246608734131	2.2765719890594482	1.938718318939209	1.9255025386810303	False	[0 0 0 0 0 0 0 0 0]	[0 0 0 0 0 0 0 0 0]	[0 1 0 0 0 0]	[0 0 0 1 0 0]
14	-1.0	8.401907920837402	2.261650800704956	2.276400566101074	1.9386820793151855	1.9251742362976074	False	[0 0 0 0 0 0 0 0 0]	[0 0 0 0 0 0 0 0 0]	[0 1 0 0 0 0]	[0 0 0 1 0 0]
14	-1.0	8.407288551330566	2.2647221088409424	2.2770636081695557	1.939155101776123	1.9263473749160767	False	[0 0 0 0 0 0 0 0 0]	[0 0 0 0 0 0 0 0 0]	[0 1 0 0 0 0]	[0 0 0 1 0 0]
14	-1.0	8.409387588500977	2.2655816078186035	2.277092456817627	1.9396746158599854	1.9270386695861816	False	[0 0 0 0 0 0 0 0 0]	[0 0 0 0 0 0 0 0 0]	[0 1 0 0 0 0]	[0 0 0 1 0 0]
14	-1.0	8.41292953491211	2.267589807510376	2.2780351638793945	1.93990159034729	1.9274038076400757	False	[0 0 0 0 0 0 0 0 0]	[0 0 0 0 0 0 0 0 0]	[0 1 0 0 0 0]	[0 0 0 1 0 0]
14	-1.0	8.405230522155762	2.2633299827575684	2.2766504287719727	1.939033031463623	1.926216959953308	False	[0 0 0 0 0 0 0 0 0]	[0 0 0 0 0 0 0 0 0]	[0 1 0 0 0 0]	[0 0 0 1 0 0]
14	-1.0	8.398780822753906	2.260563611984253	2.2760446071624756	1.9382871389389038	1.9238848686218262	False	[0 0 0 0 0 0 0 0 0]	[0 0 0 0 0 0 0 0 0]	[0 1 0 0 0 0]	[0 0 0 1 0 0]
14	-1.0	8.401092529296875	2.2614407539367676	2.27605938911438	1.9386060237884521	1.9249858856201172	False	[0 0 0 0 0 0 0 0 0]	[0 0 0 0 0 0 0 0 0]	[0 1 0 0 0 0]	[0 0 0 1 0 0]
15	-1.0	8.344741821289062	2.2498626708984375	2.2567203044891357	1.927363634109497	1.9107955694198608	False	[0 0 0 0 0 0 0 0 0]	[0 0 0 0 0 0 1 0 0]	[0 0 0 1 0 0]	[0 0 0 1 0 0]
15	-0.5	8.406357765197754	2.28727650642395	2.267873764038086	1.9171364307403564	1.9340715408325195	False	[1 0 0 0 0 0 0 0 0]	[0 0 0 0 0 0 0 0 0]	[0 0 0 0 0 0]	[0 0 0 0 0 0]
15	-1.0	8.41649341583252	2.2865591049194336	2.2703561782836914	1.9271314144134521	1.9324467182159424	False	[1 0 0 0 1 0 0 0 0]	[0 0 0 0 0 0 1 0 0]	[0 0 0 1 0 0]	[0 0 0 1 0 0]
15	-0.5	8.418560981750488	2.2906534671783447	2.2735068798065186	1.9197465181350708	1.9346542358398438	False	[0 0 0 0 1 0 0 0 0]	[0 0 0 0 0 0 0 0 0]	[0 0 0 0 0 0]	[0 0 0 0 0 0]
15	-1.0	8.415647506713867	2.2865443229675293	2.2698190212249756	1.925828456878662	1.9334559440612793	False	[0 0 0 0 0 0 0 0 0]	[0 0 0 0 0 0 1 0 0]	[0 0 0 1 0 0]	[0 0 0 1 0 0]
15	-0.5	8.402276039123535	2.2858705520629883	2.2664992809295654	1.916019082069397	1.933887243270874	False	[1 0 0 0 0 0 0 0 0]	[0 0 0 0 0 0 0 0 0]	[0 0 0 0 0 0]	[0 0 0 0 0 0]
15	-1.0	8.420845031738281	2.2869718074798584	2.2725818157196045	1.928330659866333	1.9329603910446167	False	[1 0 0 0 1 0 0 0 0]	[0 0 0 0 0 0 1 0 0]	[0 0 0 1 0 0]	[0 0 0 1 0 0]
15	-0.5	8.414002418518066	2.2895498275756836	2.271876335144043	1.9180811643600464	1.934495210647583	False	[0 0 0 0 1 0 0 0 0]	[0 0 0 0 0 0 0 0 0]	[0 0 0 0 0 0]	[0 0 0 0 0 0]
15	-1.0	8.416635513305664	2.287050247192383	2.269791841506958	1.9262115955352783	1.9335825443267822	False	[0 0 0 0 0 0 0 0 0]	[0 0 0 0 0 0 1 0 0]	[0 0 0 1 0 0]	[0 0 0 1 0 0]
15	-0.5	8.403614044189453	2.286957025527954	2.267117977142334	1.9161640405654907	1.9333748817443848	False	[1 0 0 0 0 0 0 0 0]	[0 0 0 0 0 0 0 0 0]	[0 0 0 0 0 0]	[0 0 0 0 0 0]
15	-1.0	8.421454429626465	2.2874755859375	2.272172451019287	1.9285855293273926	1.9332208633422852	False	[1 0 0 0 1 0 0 0 0]	[0 0 0 0 0 0 1 0 0]	[0 0 0 1 0 0]	[0 0 0 1 0 0]
15	-0.5	8.413673400878906	2.289327383041382	2.2720232009887695	1.9179329872131348	1.934389591217041	False	[0 0 0 0 1 0 0 0 0]	[0 0 0 0 0 0 0 0 0]	[0 0 0 0 0 0]	[0 0 0 0 0 0]
15	-1.0	8.414385795593262	2.286268711090088	2.268808603286743	1.925612211227417	1.9336961507797241	False	[0 0 0 0 0 0 0 0 0]	[0 0 0 0 0 0 1 0 0]	[0 0 0 1 0 0]	[0 0 0 1 0 0]
15	-0.5	8.402254104614258	2.2864787578582764	2.266232490539551	1.9160388708114624	1.9335037469863892	False	[1 0 0 0 0 0 0 0 0]	[0 0 0 0 0 0 0 0 0]	[0 0 0 0 0 0]	[0 0 0 0 0 0]
15	-1.0	8.418098449707031	2.2867770195007324	2.2709908485412598	1.9278956651687622	1.9324350357055664	False	[1 0 0 0 1 0 0 0 0]	[0 0 0 0 0 0 1 0 0]	[0 0 0 1 0 0]	[0 0 0 1 0 0]
15	-0.5	8.414984703063965	2.289517879486084	2.2726259231567383	1.9183642864227295	1.934476613998413	False	[0 0 0 0 1 0 0 0 0]	[0 0 0 0 0 0 0 0 0]	[0 0 0 0 0 0]	[0 0 0 0 0 0]
15	-1.0	8.411835670471191	2.285973310470581	2.2680110931396484	1.9249296188354492	1.9329211711883545	False	[0 0 0 0 0 0 0 0 0]	[0 0 0 0 0 0 1 0 0]	[0 0 0 1 0 0]	[0 0 0 1 0 0]
15	-0.5	8.406986236572266	2.2871108055114746	2.2680022716522217	1.9172600507736206	1.9346129894256592	False	[1 0 0 0 0 0 0 0 0]	[0 0 0 0 0 0 0 0 0]	[0 0 0 0 0 0]	[0 0 0 0 0 0]
15	-1.0	8.419556617736816	2.2868459224700928	2.271826982498169	1.9280424118041992	1.9328415393829346	False	[1 0 0 0 1 0 0 0 0]	[0 0 0 0 0 0 1 0 0]	[0 0 0 1 0 0]	[0 0 0 1 0 0]
15	-0.5	8.415827751159668	2.2894012928009033	2.2727701663970947	1.9188499450683594	1.934805989265442	False	[0 0 0 0 1 0 0 0 0]	[0 0 0 0 0 0 0 0 0]	[0 0 0 0 0 0]	[0 0 0 0 0 0]
15	-1.0	8.408186912536621	2.285231828689575	2.2663190364837646	1.923804759979248	1.9328315258026123	False	[0 0 0 0 0 0 0 0 0]	[0 0 0 0 0 0 1 0 0]	[0 0 0 1 0 0]	[0 0 0 1 0 0]
15	-0.5	8.407011985778809	2.287139415740967	2.268278121948242	1.9173307418823242	1.9342635869979858	False	[1 0 0 0 0 0 0 0 0]	[0 0 0 0 0 0 0 0 0]	[0 0 0 0 0 0]	[0 0 0 0 0 0]
15	-1.0	8.422446250915527	2.287893772125244	2.272477865219116	1.9287906885147095	1.9332844018936157	False	[1 0 0 0 1 0 0 0 0]	[0 0 0 0 0 0 1 0 0]	[0 0 0 1 0 0]	[0 0 0 1 0 0]
15	-0.5	8.413837432861328	2.28922700881958	2.2719497680664062	1.918415904045105	1.9342446327209473	False	[0 0 0 0 1 0 0 0 0]	[0 0 0 0 0 0 0 0 0]	[0 0 0 0 0 0]	[0 0 0 0 0 0]
15	-1.0	8.410977363586426	2.2858104705810547	2.267059087753296	1.9248179197311401	1.9332895278930664	False	[0 0 0 0 0 0 0 0 0]	[0 0 0 0 0 0 1 0 0]	[0 0 0 1 0 0]	[0 0 0 1 0 0]
15	-0.5	8.403736114501953	2.286750555038452	2.2661163806915283	1.9167109727859497	1.9341580867767334	False	[1 0 0 0 0 0 0 0 0]	[0 0 0 0 0 0 0 0 0]	[0 0 0 0 0 0]	[0 0 0 0 0 0]
15	-1.0	8.416964530944824	2.2864015102386475	2.2707483768463135	1.9276278018951416	1.9321873188018799	False	[1 0 0 0 1 0 0 0 0]	[0 0 0 0 0 0 1 0 0]	[0 0 0 1 0 0]	[0 0 0 1 0 0]
15	-0.5	8.417019844055176	2.2896060943603516	2.273380756378174	1.9189531803131104	1.935079574584961	False	[0 0 0 0 1 0 0 0 0]	[0 0 0 0 0 0 0 0 0]	[0 0 0 0 0 0]	[0 0 0 0 0 0]
15	-1.0	8.412150382995605	2.2858996391296387	2.2682883739471436	1.925088882446289	1.9328739643096924	False	[0 0 0 0 0 0 0 0 0]	[0 0 0 0 0 0 1 0 0]	[0 0 0 1 0 0]	[0 0 0 1 0 0]
15	-0.5	8.404082298278809	2.2867255210876465	2.267047643661499	1.916603684425354	1.9337055683135986	False	[1 0 0 0 0 0 0 0 0]	[0 0 0 0 0 0 0 0 0]	[0 0 0 0 0 0]	[0 0 0 0 0 0]
16	-0.5	8.277840614318848	2.1787781715393066	2.2650370597839355	1.9304312467575073	1.90359365940094	False	[0 0 0 0 0 0 0 0 0]	[0 0 0 0 0 0 0 0 0]	[1 0 0 0 0 0]	[0 0 0 0 0 0]
16	-0.5	8.39230728149414	2.266059398651123	2.2850823402404785	1.933774709701538	1.9073902368545532	False	[0 0 0 0 0 0 0 0 0]	[0 0 0 0 0 0 0 0 0]	[1 0 0 0 1 0]	[0 0 0 0 0 0]
16	-1.0	8.380938529968262	2.2530930042266846	2.275347948074341	1.9276275634765625	1.9248701333999634	False	[0 0 0 0 0 0 0 0 0]	[0 0 1 0 0 0 0 0 0]	[1 1 0 0 1 0]	[0 0 0 0 0 0]
16	-0.5	8.3847017288208	2.261409282684326	2.27905011177063	1.9355640411376953	1.9086781740188599	False	[0 0 0 0 0 0 0 0 0]	[0 0 0 0 0 0 0 0 0]	[1 1 0 0 1 1]	[0 0 0 0 0 0]
16	-1.0	8.362055778503418	2.2389628887176514	2.2758429050445557	1.9324438571929932	1.9148061275482178	False	[0 0 0 0 0 0 0 0 0]	[0 0 1 0 0 0 0 0 0]	[0 1 0 0 1 1]	[0 0 0 0 0 0]
16	-0.5	8.428714752197266	2.284451484680176	2.285740852355957	1.9351691007614136	1.9233529567718506	False	[0 0 0 0 0 0 0 0 0]	[0 0 0 0 0 0 0 0 0]	[0 1 0 0 0 1]	[0 0 0 0 0 0]
16	-0.5	8.38211727142334	2.2493374347686768	2.2854015827178955	1.932261347770691	1.9151170253753662	False	[0 0 0 0 0 0 0 0 0]	[0 0 0 0 0 0 0 0 0]	[1 1 0 0 0 1]	[0 0 0 0 0 0]
16	-0.5	8.358549118041992	2.231374979019165	2.2808194160461426	1.9346020221710205	1.9117525815963745	False	[0 0 0 0 0 0 0 0 0]	[0 0 0 0 0 0 0 0 0]	[0 1 0 0 0 1]	[0 0 0 0 0 0]
16	-0.5	8.39332389831543	2.2551352977752686	2.2862801551818848	1.9332802295684814	1.9186283349990845	False	[0 0 0 0 0 0 0 0 0]	[0 0 0 0 0 0 0 0 0]	[1 1 0 0 0 1]	[0 0 0 0 0 0]
16	-0.5	8.359491348266602	2.2315056324005127	2.2802553176879883	1.9355127811431885	1.9122183322906494	False	[0 0 0 0 0 0 0 0 0]	[0 0 0 0 0 0 0 0 0]	[0 1 0 0 0 1]	[0 0 0 0 0 0]
16	-0.5	8.384503364562988	2.2508597373962402	2.2853875160217285	1.932409405708313	1.9158470630645752	False	[0 0 0 0 0 0 0 0 0]	[0 0 0 0 0 0 0 0 0]	[1 1 0 0 0 1]	[0 0 0 0 0 0]
16	-0.5	8.363126754760742	2.234318256378174	2.2805919647216797	1.9350929260253906	1.9131231307983398	False	[0 0 0 0 0 0 0 0 0]	[0 0 0 0 0 0 0 0 0]	[0 1 0 0 0 1]	[0 0 0 0 0 0]
16	-0.5	8.390966415405273	2.253948211669922	2.2857983112335205	1.9330488443374634	1.918171763420105	False	[0 0 0 0 0 0 0 0 0]	[0 0 0 0 0 0 0 0 0]	[1 1 0 0 0 1]	[0 0 0 0 0 0]
16	-0.5	8.36805248260498	2.2370388507843018	2.2812604904174805	1.9352085590362549	1.914544939994812	False	[0 0 0 0 0 0 0 0 0]	[0 0 0 0 0 0 0 0 0]	[0 1 0 0 0 1]	[0 0 0 0 0 0]
16	-0.5	8.38547134399414	2.251862049102783	2.28523850440979	1.9323530197143555	1.916017770767212	False	[0 0 0 0 0 0 0 0 0]	[0 0 0 0 0 0 0 0 0]	[1 1 0 0 0 1]	[0 0 0 0 0 0]
16	-0.5	8.359508514404297	2.233264684677124	2.280592203140259	1.9343563318252563	1.9112951755523682	False	[0 0 0 0 0 0 0 0 0]	[0 0 0 0 0 0 0 0 0]	[0 1 0 0 0 1]	[0 0 0 0 0 0]
16	-0.5	8.385544776916504	2.251408576965332	2.28474497795105	1.9332420825958252	1.916149377822876	False	[0 0 0 0 0 0 0 0 0]	[0 0 0 0 0 0 0 0 0]	[1 1 0 0 0 1]	[0 0 0 0 0 0]
16	-0.5	8.366172790527344	2.2359447479248047	2.280851125717163	1.9351140260696411	1.9142625331878662	False	[0 0 0 0 0 0 0 0 0]	[0 0 0 0 0 0 0 0 0]	[0 1 0 0 0 1]	[0 0 0 0 0 0]
16	-0.5	8.38770866394043	2.2525925636291504	2.2854714393615723	1.9326742887496948	1.916970133781433	False	[0 0 0 0 0 0 0 0 0]	[0 0 0 0 0 0 0 0 0]	[1 1 0 0 0 1]	[0 0 0 0 0 0]
16	-0.5	8.357500076293945	2.230508804321289	2.280667781829834	1.9350008964538574	1.911323070526123	False	[0 0 0 0 0 0 0 0 0]	[0 0 0 0 0 0 0 0 0]	[0 1 0 0 0 1]	[0 0 0 0 0 0]
16	-0.5	8.38134765625	2.2491393089294434	2.2845611572265625	1.9330360889434814	1.914610743522644	False	[0 0 0 0 0 0 0 0 0]	[0 0 0 0 0 0 0 0 0]	[1 1 0 0 0 1]	[0 0 0 0 0 0]
16	-0.5	8.363668441772461	2.234683036804199	2.2808661460876465	1.9351032972335815	1.913015365600586	False	[0 0 0 0 0 0 0 0 0]	[0 0 0 0 0 0 0 0 0]	[0 1 0 0 0 1]	[0 0 0 0 0 0]
16	-0.5	8.380533218383789	2.2490737438201904	2.284834623336792	1.9321551322937012	1.9144701957702637	False	[0 0 0 0 0 0 0 0 0]	[0 0 0 0 0 0 0 0 0]	[1 1 0 0 0 1]	[0 0 0 0 0 0]
16	-0.5	8.353202819824219	2.2288856506347656	2.279881477355957	1.9344654083251953	1.9099701642990112	False	[0 0 0 0 0 0 0 0 0]	[0 0 0 0 0 0 0 0 0]	[0 1 0 0 0 1]	[0 0 0 0 0 0]
16	-0.5	8.394112586975098	2.255234479904175	2.2860536575317383	1.9338074922561646	1.9190164804458618	False	[0 0 0 0 0 0 0 0 0]	[0 0 0 0 0 0 0 0 0]	[1 1 0 0 0 1]	[0 0 0 0 0 0]
16	-0.5	8.363877296447754	2.2351291179656982	2.2807912826538086	1.9346414804458618	1.9133152961730957	False	[0 0 0 0 0 0 0 0 0]	[0 0 0 0 0 0 0 0 0]	[0 1 0 0 0 1]	[0 0 0 0 0 0]
16	-0.5	8.387040138244629	2.2524075508117676	2.2851951122283936	1.9326467514038086	1.9167907238006592	False	[0 0 0 0 0 0 0 0 0]	[0 0 0 0 0 0 0 0 0]	[1 1 0 0 0 1]	[0 0 0 0 0 0]
16	-0.5	8.363240242004395	2.234023094177246	2.2808210849761963	1.9352174997329712	1.913178563117981	False	[0 0 0 0 0 0 0 0 0]	[0 0 0 0 0 0 0 0 0]	[0 1 0 0 0 1]	[0 0 0 0 0 0]
16	-0.5	8.38658618927002	2.2519867420196533	2.2852447032928467	1.933297038078308	1.9160577058792114	False	[0 0 0 0 0 0 0 0 0]	[0 0 0 0 0 0 0 0 0]	[1 1 0 0 0 1]	[0 0 0 0 0 0]
16	-0.5	8.364521026611328	2.234772205352783	2.2804529666900635	1.9354859590530396	1.913810133934021	False	[0 0 0 0 0 0 0 0 0]	[0 0 0 0 0 0 0 0 0]	[0 1 0 0 0 1]	[0 0 0 0 0 0]
17	-1.0	8.171832084655762	2.178708791732788	2.1583821773529053	1.928066372871399	1.9066747426986694	False	[0 0 0 0 0 0 0 0 0]	[0 0 0 0 0 0 0 0 0]	[0 0 0 0 0 0]	[0 0 0 0 0 0]
17	-1.0	8.181760787963867	2.1817216873168945	2.162471294403076	1.9288384914398193	1.908729076385498	False	[0 0 0 0 0 0 0 0 0]	[0 0 0 0 0 0 0 0 0]	[0 0 0 0 0 0]	[0 0 0 0 0 0]
17	-1.0	8.18352222442627	2.182891845703125	2.1647188663482666	1.9280469417572021	1.9078648090362549	False	[0 0 0 0 0 0 0 0 0]	[0 0 0 0 0 0 0 0 0]	[0 0 0 0 0 0]	[0 0 0 0 0 0]
17	-1.0	8.174284934997559	2.179227590560913	2.1609153747558594	1.9273157119750977	1.9068260192871094	False	[0 0 0 0 0 0 0 0 0]	[0 0 0 0 0 0 0 0 0]	[0 0 0 0 0 0]	[0 0 0 0 0 0]
17	-1.0	8.184734344482422	2.182678699493408	2.1648199558258057	1.9283478260040283	1.9088882207870483	False	[0 0 0 0 0 0 0 0 0]	[0 0 0 0 0 0 0 0 0]	[0 0 0 0 0 0]	[0 0 0 0 0 0]
17	-1.0	8.18686294555664	2.180551767349243	2.1680285930633545	1.9284942150115967	1.9097881317138672	False	[0 0 0 0 0 0 0 0 0]	[0 0 0 0 0 0 0 0 0]	[0 0 0 0 0 0]	[0 0 0 0 0 0]
17	-1.0	8.174270629882812	2.1799614429473877	2.1595003604888916	1.9280598163604736	1.9067487716674805	False	[0 0 0 0 0 0 0 0 0]	[0 0 0 0 0 0 0 0 0]	[0 0 0 0 0 0]	[0 0 0 0 0 0]
17	-1.0	8.173365592956543	2.178710460662842	2.1608879566192627	1.9276354312896729	1.9061317443847656	False	[0 0 0 0 0 0 0 0 0]	[0 0 0 0 0 0 0 0 0]	[0 0 0 0 0 0]	[0 0 0 0 0 0]
17	-1.0	8.181296348571777	2.1808230876922607	2.163607120513916	1.9283440113067627	1.9085228443145752	False	[0 0 0 0 0 0 0 0 0]	[0 0 0 0 0 0 0 0 0]	[0 0 0 0 0 0]	[0 0 0 0 0 0]
17	-1.0	8.176935195922852	2.179574489593506	2.1615781784057617	1.9279608726501465	1.9078216552734375	False	[0 0 0 0 0 0 0 0 0]	[0 0 0 0 0 0 0 0 0]	[0 0 0 0 0 0]	[0 0 0 0 0 0]
17	-1.0	8.180816650390625	2.1804397106170654	2.165179491043091	1.9277441501617432	1.9074532985687256	False	[0 0 0 0 0 0 0 0 0]	[0 0 0 0 0 0 0 0 0]	[0 0 0 0 0 0]	[0 0 0 0 0 0]
17	-1.0	8.179048538208008	2.181048631668091	2.160794734954834	1.9289215803146362	1.908282995223999	False	[0 0 0 0 0 0 0 0 0]	[0 0 0 0 0 0 0 0 0]	[0 0 0 0 0 0]	[0 0 0 0 0 0]
17	-1.0	8.177117347717285	2.180306911468506	2.161151885986328	1.9285283088684082	1.9071300029754639	False	[0 0 0 0 0 0 0 0 0]	[0 0 0 0 0 0 0 0 0]	[0 0 0 0 0 0]	[0 0 0 0 0 0]
17	-1.0	8.181000709533691	2.181699275970459	2.1634104251861572	1.927893877029419	1.9079972505569458	False	[0 0 0 0 0 0 0 0 0]	[0 0 0 0 0 0 0 0 0]	[0 0 0 0 0 0]	[0 0 0 0 0 0]
17	-1.0	8.186185836791992	2.1846306324005127	2.166673421859741	1.9276092052459717	1.9072725772857666	False	[0 0 0 0 0 0 0 0 0]	[0 0 0 0 0 0 0 0 0]	[0 0 0 0 0 0]	[0 0 0 0 0 0]
17	-1.0	8.183412551879883	2.1814382076263428	2.165457248687744	1.9285728931427002	1.907945156097412	False	[0 0 0 0 0 0 0 0 0]	[0 0 0 0 0 0 0 0 0]	[0 0 0 0 0 0]	[0 0 0 0 0 0]
17	-1.0	8.174699783325195	2.1790359020233154	2.1608545780181885	1.9279879331588745	1.9068217277526855	False	[0 0 0 0 0 0 0 0 0]	[0 0 0 0 0 0 0 0 0]	[0 0 0 0 0 0]	[0 0 0 0 0 0]
17	-1.0	8.177002906799316	2.179065227508545	2.1621413230895996	1.9281319379806519	1.9076642990112305	False	[0 0 0 0 0 0 0 0 0]	[0 0 0 0 0 0 0 0 0]	[0 0 0 0 0 0]	[0 0 0 0 0 0]
17	-1.0	8.175627708435059	2.180372714996338	2.160344362258911	1.9283653497695923	1.9065452814102173	False	[0 0 0 0 0 0 0 0 0]	[0 0 0 0 0 0 0 0 0]	[0 0 0 0 0 0]	[0 0 0 0 0 0]
17	-1.0	8.175021171569824	2.177952766418457	2.161351203918457	1.9280126094818115	1.9077045917510986	False	[0 0 0 0 0 0 0 0 0]	[0 0 0 0 0 0 0 0 0]	[0 0 0 0 0 0]	[0 0 0 0 0 0]
17	-1.0	8.176817893981934	2.1791391372680664	2.1614863872528076	1.9283921718597412	1.9077999591827393	False	[0 0 0 0 0 0 0 0 0]	[0 0 0 0 0 0 0 0 0]	[0 0 0 0 0 0]	[0 0 0 0 0 0]
17	-1.0	8.172552108764648	2.179940938949585	2.1572370529174805	1.9284781217575073	1.9068951606750488	False	[0 0 0 0 0 0 0 0 0]	[0 0 0 0 0 0 0 0 0]	[0 0 0 0 0 0]	[0 0 0 0 0 0]
17	-1.0	8.182497024536133	2.1804115772247314	2.164339542388916	1.9285900592803955	1.9091556072235107	False	[0 0 0 0 0 0 0 0 0]	[0 0 0 0 0 0 0 0 0]	[0 0 0 0 0 0]	[0 0 0 0 0 0]
17	-1.0	8.176963806152344	2.1785008907318115	2.163315773010254	1.9279016256332397	1.9072446823120117	False	[0 0 0 0 0 0 0 0 0]	[0 0 0 0 0 0 0 0 0]	[0 0 0 0 0 0]	[0 0 0 0 0 0]
17	-1.0	8.178647994995117	2.1804447174072266	2.1616809368133545	1.9284019470214844	1.908119797706604	False	[0 0 0 0 0 0 0 0 0]	[0 0 0 0 0 0 0 0 0]	[0 0 0 0 0 0]	[0 0 0 0 0 0]
17	-1.0	8.174038887023926	2.1803107261657715	2.1595993041992188	1.9279365539550781	1.9061919450759888	False	[0 0 0 0 0 0 0 0 0]	[0 0 0 0 0 0 0 0 0]	[0 0 0 0 0 0]	[0 0 0 0 0 0]
17	-1.0	8.180490493774414	2.1804192066192627	2.16334867477417	1.9283301830291748	1.9083917140960693	False	[0 0 0 0 0 0 0 0 0]	[0 0 0 0 0 0 0 0 0]	[0 0 0 0 0 0]	[0 0 0 0 0 0]
17	-1.0	8.169509887695312	2.1776604652404785	2.1569035053253174	1.9283463954925537	1.9065991640090942	False	[0 0 0 0 0 0 0 0 0]	[0 0 0 0 0 0 0 0 0]	[0 0 0 0 0 0]	[0 0 0 0 0 0]
17	-1.0	8.190366744995117	2.182748794555664	2.1680757999420166	1.9288060665130615	1.910736083984375	False	[0 0 0 0 0 0 0 0 0]	[0 0 0 0 0 0 0 0 0]	[0 0 0 0 0 0]	[0 0 0 0 0 0]
17	-1.0	8.18017578125	2.181217908859253	2.163269519805908	1.928093671798706	1.9075946807861328	False	[0 0 0 0 0 0 0 0 0]	[0 0 0 0 0 0 0 0 0]	[0 0 0 0 0 0]	[0 0 0 0 0 0]
18	-0.5	8.339975357055664	2.2560906410217285	2.241015911102295	1.9154335260391235	1.9274357557296753	False	[0 0 0 0 0 0 0 0 0]	[0 0 0 0 0 0 0 0 0]	[0 1 0 0 0 0]	[0 0 0 0 0 0]
18	-1.0	8.435335159301758	2.2873013019561768	2.2676258087158203	1.9360010623931885	1.9444078207015991	False	[0 0 0 0 0 0 0 0 0]	[0 0 0 0 0 0 0 0 0]	[0 0 0 0 0 0]	[0 0 0 0 0 0]
18	-1.0	8.340117454528809	2.257200241088867	2.23891544342041	1.9162236452102661	1.9277781248092651	False	[0 0 0 0 0 0 0 0 0]	[0 0 0 0 0 0 0 0 0]	[0 1 0 0 0 0]	[0 0 1 0 0 0]
18	-0.5	8.438569068908691	2.2872605323791504	2.271395683288574	1.935634732246399	1.9442778825759888	False	[0 0 0 0 0 0 0 0 0]	[0 0 0 0 0 0 0 0 0]	[0 0 0 0 0 0]	[0 0 1 0 0 0]
18	-1.0	8.431910514831543	2.285945177078247	2.2676267623901367	1.9342254400253296	1.9441128969192505	False	[0 0 0 0 0 0 0 0 0]	[0 0 0 0 0 0 0 0 0]	[0 1 0 0 0 0]	[0 0 1 0 0 0]
18	-0.5	8.436347961425781	2.2864887714385986	2.2706568241119385	1.9348959922790527	1.9443061351776123	False	[0 0 0 0 0 0 0 0 0]	[0 0 0 0 0 0 0 0 0]	[0 0 0 0 0 0]	[0 0 1 0 0 0]
18	-1.0	8.435552597045898	2.2864081859588623	2.270089626312256	1.9350244998931885	1.9440306425094604	False	[0 0 0 0 0 0 0 0 0]	[0 0 0 0 0 0 0 0 0]	[0 1 0 0 0 0]	[0 0 1 0 0 0]
18	-0.5	8.437895774841309	2.2871925830841064	2.271627426147461	1.934544324874878	1.944531798362732	False	[0 0 0 0 0 0 0 0 0]	[0 0 0 0 0 0 0 0 0]	[0 0 0 0 0 0]	[0 0 1 0 0 0]
18	-1.0	8.436023712158203	2.286710262298584	2.269902229309082	1.935221791267395	1.9441899061203003	False	[0 0 0 0 0 0 0 0 0]	[0 0 0 0 0 0 0 0 0]	[0 1 0 0 0 0]	[0 0 1 0 0 0]
18	-0.5	8.43722152709961	2.2873177528381348	2.2707653045654297	1.9345463514328003	1.9445924758911133	False	[0 0 0 0 0 0 0 0 0]	[0 0 0 0 0 0 0 0 0]	[0 0 0 0 0 0]	[0 0 1 0 0 0]
18	-1.0	8.433557510375977	2.285933494567871	2.2687735557556152	1.934705138206482	1.9441447257995605	False	[0 0 0 0 0 0 0 0 0]	[0 0 0 0 0 0 0 0 0]	[0 1 0 0 0 0]	[0 0 1 0 0 0]
18	-0.5	8.43600082397461	2.2865030765533447	2.2706875801086426	1.934522271156311	1.9442877769470215	False	[0 0 0 0 0 0 0 0 0]	[0 0 0 0 0 0 0 0 0]	[0 0 0 0 0 0]	[0 0 1 0 0 0]
18	-1.0	8.435527801513672	2.2868263721466064	2.269508123397827	1.9349664449691772	1.9442272186279297	False	[0 0 0 0 0 0 0 0 0]	[0 0 0 0 0 0 0 0 0]	[0 1 0 0 0 0]	[0 0 1 0 0 0]
18	-0.5	8.434242248535156	2.2860889434814453	2.2695364952087402	1.934424638748169	1.9441922903060913	False	[0 0 0 0 0 0 0 0 0]	[0 0 0 0 0 0 0 0 0]	[0 0 0 0 0 0]	[0 0 1 0 0 0]
18	-1.0	8.434355735778809	2.2861928939819336	2.269035577774048	1.9349374771118164	1.9441901445388794	False	[0 0 0 0 0 0 0 0 0]	[0 0 0 0 0 0 0 0 0]	[0 1 0 0 0 0]	[0 0 1 0 0 0]
18	-0.5	8.438616752624512	2.287008762359619	2.2717318534851074	1.9355158805847168	1.9443598985671997	False	[0 0 0 0 0 0 0 0 0]	[0 0 0 0 0 0 0 0 0]	[0 0 0 0 0 0]	[0 0 1 0 0 0]
18	-1.0	8.432989120483398	2.286283016204834	2.268118381500244	1.9342451095581055	1.9443423748016357	False	[0 0 0 0 0 0 0 0 0]	[0 0 0 0 0 0 0 0 0]	[0 1 0 0 0 0]	[0 0 1 0 0 0]
18	-0.5	8.437664985656738	2.2874062061309814	2.2707550525665283	1.935036540031433	1.9444671869277954	False	[0 0 0 0 0 0 0 0 0]	[0 0 0 0 0 0 0 0 0]	[0 0 0 0 0 0]	[0 0 1 0 0 0]
18	-1.0	8.434398651123047	2.2864456176757812	2.2690389156341553	1.934556484222412	1.9443578720092773	False	[0 0 0 0 0 0 0 0 0]	[0 0 0 0 0 0 0 0 0]	[0 1 0 0 0 0]	[0 0 1 0 0 0]
18	-0.5	8.436492919921875	2.2869303226470947	2.2701151371002197	1.9354033470153809	1.9440436363220215	False	[0 0 0 0 0 0 0 0 0]	[0 0 0 0 0 0 0 0 0]	[0 0 0 0 0 0]	[0 0 1 0 0 0]
18	-1.0	8.431516647338867	2.2856152057647705	2.2678942680358887	1.9338338375091553	1.9441733360290527	False	[0 0 0 0 0 0 0 0 0]	[0 0 0 0 0 0 0 0 0]	[0 1 0 0 0 0]	[0 0 1 0 0 0]
18	-0.5	8.434732437133789	2.2867050170898438	2.2689478397369385	1.9346864223480225	1.9443930387496948	False	[0 0 0 0 0 0 0 0 0]	[0 0 0 0 0 0 0 0 0]	[0 0 0 0 0 0]	[0 0 1 0 0 0]
18	-1.0	8.434347152709961	2.2864418029785156	2.2695794105529785	1.9339256286621094	1.9444001913070679	False	[0 0 0 0 0 0 0 0 0]	[0 0 0 0 0 0 0 0 0]	[0 1 0 0 0 0]	[0 0 1 0 0 0]
18	-0.5	8.437139511108398	2.2866268157958984	2.271247148513794	1.93505859375	1.944206714630127	False	[0 0 0 0 0 0 0 0 0]	[0 0 0 0 0 0 0 0 0]	[0 0 0 0 0 0]	[0 0 1 0 0 0]
18	-1.0	8.432183265686035	2.2855825424194336	2.268045663833618	1.9345526695251465	1.9440029859542847	False	[0 0 0 0 0 0 0 0 0]	[0 0 0 0 0 0 0 0 0]	[0 1 0 0 0 0]	[0 0 1 0 0 0]
18	-0.5	8.435661315917969	2.2868847846984863	2.2692604064941406	1.9351763725280762	1.9443399906158447	False	[0 0 0 0 0 0 0 0 0]	[0 0 0 0 0 0 0 0 0]	[0 0 0 0 0 0]	[0 0 1 0 0 0]
18	-1.0	8.434064865112305	2.286236047744751	2.2691051959991455	1.9346282482147217	1.9440960884094238	False	[0 0 0 0 0 0 0 0 0]	[0 0 0 0 0 0 0 0 0]	[0 1 0 0 0 0]	[0 0 1 0 0 0]
18	-0.5	8.434743881225586	2.2867519855499268	2.2684683799743652	1.9352662563323975	1.9442565441131592	False	[0 0 0 0 0 0 0 0 0]	[0 0 0 0 0 0 0 0 0]	[0 0 0 0 0 0]	[0 0 1 0 0 0]
18	-1.0	8.430964469909668	2.285876512527466	2.2667899131774902	1.9340384006500244	1.944259762763977	False	[0 0 0 0 0 0 0 0 0]	[0 0 0 0 0 0 0 0 0]	[0 1 0 0 0 0]	[0 0 1 0 0 0]
18	-0.5	8.438005447387695	2.2875068187713623	2.2705483436584473	1.9353556632995605	1.9445945024490356	False	[0 0 0 0 0 0 0 0 0]	[0 0 0 0 0 0 0 0 0]	[0 0 0 0 0 0]	[0 0 1 0 0 0]
19	-0.5	8.28184986114502	2.2091803550720215	2.2475576400756836	1.89662766456604	1.9284842014312744	False	[0 0 0 0 0 0 0 0 0]	[0 0 0 0 0 1 0 0 0]	[0 0 0 0 0 0]	[0 0 0 1 0 0]
19	-0.5	8.362689971923828	2.2858762741088867	2.2538022994995117	1.9161063432693481	1.9069052934646606	False	[0 0 0 0 1 0 0 0 0]	[0 0 0 0 0 0 0 0 0]	[0 0 0 0 0 1]	[0 0 0 0 0 0]
19	-0.5	8.415233612060547	2.29355788230896	2.2771475315093994	1.9271832704544067	1.9173449277877808	False	[0 0 0 0 0 0 0 0 0]	[0 0 0 0 0 1 0 0 0]	[0 0 0 0 0 0]	[0 0 0 1 0 0]
19	-0.5	8.368274688720703	2.2870352268218994	2.254755973815918	1.916951298713684	1.9095327854156494	False	[0 0 0 0 1 0 0 0 0]	[0 0 0 0 0 0 0 0 0]	[0 0 0 0 0 1]	[0 0 0 0 0 0]
19	-0.5	8.416341781616211	2.2935800552368164	2.276926040649414	1.9274053573608398	1.9184308052062988	False	[0 0 0 0 0 0 0 0 0]	[0 0 0 0 0 1 0 0 0]	[0 0 0 0 0 0]	[0 0 0 1 0 0]
19	-0.5	8.365592956542969	2.2869200706481934	2.254347801208496	1.9163074493408203	1.9080181121826172	False	[0 0 0 0 1 0 0 0 0]	[0 0 0 0 0 0 0 0 0]	[0 0 0 0 0 1]	[0 0 0 0 0 0]
19	-0.5	8.420272827148438	2.294020891189575	2.278639793395996	1.928456425666809	1.9191558361053467	False	[0 0 0 0 0 0 0 0 0]	[0 0 0 0 0 1 0 0 0]	[0 0 0 0 0 0]	[0 0 0 1 0 0]
19	-0.5	8.362548828125	2.2850167751312256	2.2526614665985107	1.9172463417053223	1.9076240062713623	False	[0 0 0 0 1 0 0 0 0]	[0 0 0 0 0 0 0 0 0]	[0 0 0 0 0 1]	[0 0 0 0 0 0]
19	-0.5	8.413339614868164	2.293158531188965	2.2762503623962402	1.927147626876831	1.9167828559875488	False	[0 0 0 0 0 0 0 0 0]	[0 0 0 0 0 1 0 0 0]	[0 0 0 0 0 0]	[0 0 0 1 0 0]
19	-0.5	8.36256217956543	2.285999059677124	2.2532958984375	1.9161590337753296	1.9071080684661865	False	[0 0 0 0 1 0 0 0 0]	[0 0 0 0 0 0 0 0 0]	[0 0 0 0 0 1]	[0 0 0 0 0 0]
19	-0.5	8.414912223815918	2.293264389038086	2.277143716812134	1.9268381595611572	1.9176663160324097	False	[0 0 0 0 0 0 0 0 0]	[0 0 0 0 0 1 0 0 0]	[0 0 0 0 0 0]	[0 0 0 1 0 0]
19	-0.5	8.361019134521484	2.2862091064453125	2.2529137134552	1.9156360626220703	1.9062604904174805	False	[0 0 0 0 1 0 0 0 0]	[0 0 0 0 0 0 0 0 0]	[0 0 0 0 0 1]	[0 0 0 0 0 0]
19	-0.5	8.418888092041016	2.2930428981781006	2.278053045272827	1.9282771348953247	1.9195153713226318	False	[0 0 0 0 0 0 0 0 0]	[0 0 0 0 0 1 0 0 0]	[0 0 0 0 0 0]	[0 0 0 1 0 0]
19	-0.5	8.363982200622559	2.2866387367248535	2.2538628578186035	1.9165024757385254	1.9069782495498657	False	[0 0 0 0 1 0 0 0 0]	[0 0 0 0 0 0 0 0 0]	[0 0 0 0 0 1]	[0 0 0 0 0 0]
19	-0.5	8.414151191711426	2.2933907508850098	2.2768118381500244	1.9266928434371948	1.9172550439834595	False	[0 0 0 0 0 0 0 0 0]	[0 0 0 0 0 1 0 0 0]	[0 0 0 0 0 0]	[0 0 0 1 0 0]
19	-0.5	8.36595630645752	2.2869620323181152	2.2542858123779297	1.9167948961257935	1.9079134464263916	False	[0 0 0 0 1 0 0 0 0]	[0 0 0 0 0 0 0 0 0]	[0 0 0 0 0 1]	[0 0 0 0 0 0]
19	-0.5	8.417720794677734	2.293726682662964	2.2780051231384277	1.9275175333023071	1.918472170829773	False	[0 0 0 0 0 0 0 0 0]	[0 0 0 0 0 1 0 0 0]	[0 0 0 0 0 0]	[0 0 0 1 0 0]
19	-0.5	8.364228248596191	2.286174774169922	2.2536497116088867	1.9168912172317505	1.9075127840042114	False	[0 0 0 0 1 0 0 0 0]	[0 0 0 0 0 0 0 0 0]	[0 0 0 0 0 1]	[0 0 0 0 0 0]
19	-0.5	8.414752960205078	2.292095184326172	2.2766356468200684	1.9274656772613525	1.9185560941696167	False	[0 0 0 0 0 0 0 0 0]	[0 0 0 0 0 1 0 0 0]	[0 0 0 0 0 0]	[0 0 0 1 0 0]
19	-0.5	8.360780715942383	2.2860336303710938	2.252150058746338	1.9155601263046265	1.9070364236831665	False	[0 0 0 0 1 0 0 0 0]	[0 0 0 0 0 0 0 0 0]	[0 0 0 0 0 1]	[0 0 0 0 0 0]
19	-0.5	8.417925834655762	2.2941954135894775	2.2773597240448	1.9274297952651978	1.9189410209655762	False	[0 0 0 0 0 0 0 0 0]	[0 0 0 0 0 1 0 0 0]	[0 0 0 0 0 0]	[0 0 0 1 0 0]
19	-0.5	8.364843368530273	2.2867655754089355	2.254240036010742	1.9159955978393555	1.9078421592712402	False	[0 0 0 0 1 0 0 0 0]	[0 0 0 0 0 0 0 0 0]	[0 0 0 0 0 1]	[0 0 0 0 0 0]
19	-0.5	8.41769790649414	2.294257879257202	2.277475595474243	1.9276350736618042	1.918329119682312	False	[0 0 0 0 0 0 0 0 0]	[0 0 0 0 0 1 0 0 0]	[0 0 0 0 0 0]	[0 0 0 1 0 0]
19	-0.5	8.361310958862305	2.285895586013794	2.252669334411621	1.9156835079193115	1.9070621728897095	False	[0 0 0 0 1 0 0 0 0]	[0 0 0 0 0 0 0 0 0]	[0 0 0 0 0 1]	[0 0 0 0 0 0]
19	-0.5	8.416930198669434	2.2937185764312744	2.2774062156677246	1.9275444746017456	1.9182605743408203	False	[0 0 0 0 0 0 0 0 0]	[0 0 0 0 0 1 0 0 0]	[0 0 0 0 0 0]	[0 0 0 1 0 0]
19	-0.5	8.360940933227539	2.2860093116760254	2.2527260780334473	1.9154027700424194	1.9068025350570679	False	[0 0 0 0 1 0 0 0 0]	[0 0 0 0 0 0 0 0 0]	[0 0 0 0 0 1]	[0 0 0 0 0 0]
19	-0.5	8.417943954467773	2.293862819671631	2.278268814086914	1.9277232885360718	1.9180891513824463	False	[0 0 0 0 0 0 0 0 0]	[0 0 0 0 0 1 0 0 0]	[0 0 0 0 0 0]	[0 0 0 1 0 0]
19	-0.5	8.360746383666992	2.2854926586151123	2.2531321048736572	1.9158201217651367	1.9063019752502441	False	[0 0 0 0 1 0 0 0 0]	[0 0 0 0 0 0 0 0 0]	[0 0 0 0 0 1]	[0 0 0 0 0 0]
19	-0.5	8.413734436035156	2.2926604747772217	2.276634931564331	1.9271330833435059	1.9173057079315186	False	[0 0 0 0 0 0 0 0 0]	[0 0 0 0 0 1 0 0 0]	[0 0 0 0 0 0]	[0 0 0 1 0 0]
19	-0.5	8.365534782409668	2.2867298126220703	2.254176616668701	1.916131854057312	1.9084967374801636	False	[0 0 0 0 1 0 0 0 0]	[0 0 0 0 0 0 0 0 0]	[0 0 0 0 0 1]	[0 0 0 0 0 0]
20	-0.5	8.296013832092285	2.2503716945648193	2.2432796955108643	1.8958849906921387	1.9064772129058838	False	[0 0 0 0 1 0 0 0 0]	[0 0 0 0 0 0 0 0 0]	[0 0 0 0 0 0]	[0 0 0 0 0 0]
20	-1.0	8.382781028747559	2.2848641872406006	2.268359899520874	1.9025075435638428	1.9270498752593994	False	[0 0 1 0 1 0 0 0 0]	[0 0 0 0 0 0 0 0 0]	[0 0 0 0 0 0]	[0 1 0 0 0 0]
20	-0.5	8.359783172607422	2.2786026000976562	2.2675511837005615	1.8799570798873901	1.9336720705032349	False	[0 0 0 0 1 0 0 0 0]	[0 0 0 0 0 0 0 0 0]	[0 0 0 0 0 0]	[0 0 0 0 0 0]
20	-1.0	8.383681297302246	2.284457206726074	2.2691850662231445	1.9015731811523438	1.928465485572815	False	[0 0 1 0 1 0 0 0 0]	[0 0 0 0 0 0 0 0 0]	[0 0 0 0 0 0]	[0 1 0 0 0 0]
20	-0.5	8.365510940551758	2.278167247772217	2.269313335418701	1.8844428062438965	1.9335873126983643	False	[0 0 0 0 1 0 0 0 0]	[0 0 0 0 0 0 0 0 0]	[0 0 0 0 0 0]	[0 0 0 0 0 0]
20	-1.0	8.385208129882812	2.285391092300415	2.2685165405273438	1.902836799621582	1.9284641742706299	False	[0 0 1 0 1 0 0 0 0]	[0 0 0 0 0 0 0 0 0]	[0 0 0 0 0 0]	[0 1 0 0 0 0]
20	-0.5	8.357359886169434	2.2780747413635254	2.266533374786377	1.879723072052002	1.9330285787582397	False	[0 0 0 0 1 0 0 0 0]	[0 0 0 0 0 0 0 0 0]	[0 0 0 0 0 0]	[0 0 0 0 0 0]
20	-1.0	8.389176368713379	2.2864205837249756	2.2690441608428955	1.9047985076904297	1.9289133548736572	False	[0 0 1 0 1 0 0 0 0]	[0 0 0 0 0 0 0 0 0]	[0 0 0 0 0 0]	[0 1 0 0 0 0]
20	-0.5	8.359092712402344	2.276590347290039	2.2682595252990723	1.8805400133132935	1.9337029457092285	False	[0 0 0 0 1 0 0 0 0]	[0 0 0 0 0 0 0 0 0]	[0 0 0 0 0 0]	[0 0 0 0 0 0]
20	-1.0	8.389638900756836	2.2859854698181152	2.2701001167297363	1.9045686721801758	1.9289846420288086	False	[0 0 1 0 1 0 0 0 0]	[0 0 0 0 0 0 0 0 0]	[0 0 0 0 0 0]	[0 1 0 0 0 0]
20	-0.5	8.366133689880371	2.2788033485412598	2.2688894271850586	1.884897232055664	1.9335438013076782	False	[0 0 0 0 1 0 0 0 0]	[0 0 0 0 0 0 0 0 0]	[0 0 0 0 0 0]	[0 0 0 0 0 0]
20	-1.0	8.38520336151123	2.2850849628448486	2.268660068511963	1.9028379917144775	1.9286199808120728	False	[0 0 1 0 1 0 0 0 0]	[0 0 0 0 0 0 0 0 0]	[0 0 0 0 0 0]	[0 1 0 0 0 0]
20	-0.5	8.364840507507324	2.278578996658325	2.26850962638855	1.8838660717010498	1.9338858127593994	False	[0 0 0 0 1 0 0 0 0]	[0 0 0 0 0 0 0 0 0]	[0 0 0 0 0 0]	[0 0 0 0 0 0]
20	-1.0	8.386857032775879	2.2852392196655273	2.2692079544067383	1.9040573835372925	1.9283524751663208	False	[0 0 1 0 1 0 0 0 0]	[0 0 0 0 0 0 0 0 0]	[0 0 0 0 0 0]	[0 1 0 0 0 0]
20	-0.5	8.35812759399414	2.2774856090545654	2.2675223350524902	1.8796541690826416	1.9334664344787598	False	[0 0 0 0 1 0 0 0 0]	[0 0 0 0 0 0 0 0 0]	[0 0 0 0 0 0]	[0 0 0 0 0 0]
20	-1.0	8.392049789428711	2.286161422729492	2.270397424697876	1.9059244394302368	1.9295668601989746	False	[0 0 1 0 1 0 0 0 0]	[0 0 0 0 0 0 0 0 0]	[0 0 0 0 0 0]	[0 1 0 0 0 0]
20	-0.5	8.35992431640625	2.2794687747955322	2.2669129371643066	1.8809001445770264	1.932641863822937	False	[0 0 0 0 1 0 0 0 0]	[0 0 0 0 0 0 0 0 0]	[0 0 0 0 0 0]	[0 0 0 0 0 0]
20	-1.0	8.38660717010498	2.285403251647949	2.2694895267486572	1.9033679962158203	1.9283467531204224	False	[0 0 1 0 1 0 0 0 0]	[0 0 0 0 0 0 0 0 0]	[0 0 0 0 0 0]	[0 1 0 0 0 0]
20	-0.5	8.35413932800293	2.2779452800750732	2.2655303478240967	1.8787109851837158	1.9319521188735962	False	[0 0 0 0 1 0 0 0 0]	[0 0 0 0 0 0 0 0 0]	[0 0 0 0 0 0]	[0 0 0 0 0 0]
20	-1.0	8.387327194213867	2.2852602005004883	2.269193172454834	1.904730200767517	1.9281432628631592	False	[0 0 1 0 1 0 0 0 0]	[0 0 0 0 0 0 0 0 0]	[0 0 0 0 0 0]	[0 1 0 0 0 0]
20	-0.5	8.361817359924316	2.277312755584717	2.2682745456695557	1.8818422555923462	1.9343879222869873	False	[0 0 0 0 1 0 0 0 0]	[0 0 0 0 0 0 0 0 0]	[0 0 0 0 0 0]	[0 0 0 0 0 0]
20	-1.0	8.392486572265625	2.2866134643554688	2.2711188793182373	1.9055752754211426	1.9291784763336182	False	[0 0 1 0 1 0 0 0 0]	[0 0 0 0 0 0 0 0 0]	[0 0 0 0 0 0]	[0 1 0 0 0 0]
20	-0.5	8.366896629333496	2.279651641845703	2.268998146057129	1.884340524673462	1.9339066743850708	False	[0 0 0 0 1 0 0 0 0]	[0 0 0 0 0 0 0 0 0]	[0 0 0 0 0 0]	[0 0 0 0 0 0]
20	-1.0	8.383744239807129	2.28489089012146	2.2684714794158936	1.9023988246917725	1.927983283996582	False	[0 0 1 0 1 0 0 0 0]	[0 0 0 0 0 0 0 0 0]	[0 0 0 0 0 0]	[0 1 0 0 0 0]
20	-0.5	8.354496955871582	2.2769367694854736	2.2665581703186035	1.8790227174758911	1.9319792985916138	False	[0 0 0 0 1 0 0 0 0]	[0 0 0 0 0 0 0 0 0]	[0 0 0 0 0 0]	[0 0 0 0 0 0]
20	-1.0	8.38283920288086	2.284525156021118	2.268247365951538	1.9024345874786377	1.927632451057434	False	[0 0 1 0 1 0 0 0 0]	[0 0 0 0 0 0 0 0 0]	[0 0 0 0 0 0]	[0 1 0 0 0 0]
20	-0.5	8.357232093811035	2.2784500122070312	2.266209840774536	1.879764199256897	1.93280827999115	False	[0 0 0 0 1 0 0 0 0]	[0 0 0 0 0 0 0 0 0]	[0 0 0 0 0 0]	[0 0 0 0 0 0]
20	-1.0	8.390605926513672	2.286099910736084	2.2707200050354004	1.9044032096862793	1.9293829202651978	False	[0 0 1 0 1 0 0 0 0]	[0 0 0 0 0 0 0 0 0]	[0 0 0 0 0 0]	[0 1 0 0 0 0]
20	-0.5	8.36509895324707	2.280339002609253	2.2686028480529785	1.8819377422332764	1.9342193603515625	False	[0 0 0 0 1 0 0 0 0]	[0 0 0 0 0 0 0 0 0]	[0 0 0 0 0 0]	[0 0 0 0 0 0]
20	-1.0	8.388483047485352	2.2856552600860596	2.2694144248962402	1.905398964881897	1.9280140399932861	False	[0 0 1 0 1 0 0 0 0]	[0 0 0 0 0 0 0 0 0]	[0 0 0 0 0 0]	[0 1 0 0 0 0]
21	-0.5	8.15548324584961	2.2150371074676514	2.2064952850341797	1.8493274450302124	1.8846226930618286	False	[0 0 0 0 1 0 0 0 0]	[0 0 0 0 0 0 0 0 0]	[0 0 0 0 0 0]	[0 0 0 0 0 0]
21	-1.0	8.311737060546875	2.2705137729644775	2.269073009490967	1.8621939420700073	1.9099560976028442	False	[0 0 0 0 0 0 0 0 0]	[0 0 0 0 0 0 0 0 0]	[0 0 0 0 0 0]	[0 0 0 0 0 0]
21	-0.5	8.153879165649414	2.2136828899383545	2.206275224685669	1.8507553339004517	1.8831655979156494	False	[0 0 0 0 1 0 0 0 0]	[0 0 0 0 0 0 0 0 0]	[0 0 0 0 0 0]	[0 0 0 0 0 0]
21	-1.0	8.304173469543457	2.2699155807495117	2.267705202102661	1.8577581644058228	1.9087949991226196	False	[0 0 0 0 0 0 0 0 0]	[0 0 0 0 0 0 0 0 0]	[0 0 0 0 0 0]	[0 0 0 0 0 0]
21	-0.5	8.160165786743164	2.2148585319519043	2.2081408500671387	1.851487159729004	1.8856792449951172	False	[0 0 0 0 1 0 0 0 0]	[0 0 0 0 0 0 0 0 0]	[0 0 0 0 0 0]	[0 0 0 0 0 0]
21	-1.0	8.292577743530273	2.267409086227417	2.2659783363342285	1.8521467447280884	1.9070442914962769	False	[0 0 0 0 0 0 0 0 0]	[0 0 0 0 0 0 0 0 0]	[0 0 0 0 0 0]	[0 0 0 0 0 0]
21	-0.5	8.157804489135742	2.215240955352783	2.205500602722168	1.8519887924194336	1.885074257850647	False	[0 0 0 0 1 0 0 0 0]	[0 0 0 0 0 0 0 0 0]	[0 0 0 0 0 0]	[0 0 0 0 0 0]
21	-1.0	8.313725471496582	2.2713146209716797	2.2699713706970215	1.8630751371383667	1.9093642234802246	False	[0 0 0 0 0 0 0 0 0]	[0 0 0 0 0 0 0 0 0]	[0 0 0 0 0 0]	[0 0 0 0 0 0]
21	-0.5	8.180110931396484	2.218824625015259	2.212822675704956	1.8602185249328613	1.8882455825805664	False	[0 0 0 0 1 0 0 0 0]	[0 0 0 0 0 0 0 0 0]	[0 0 0 0 0 0]	[0 0 0 0 0 0]
21	-1.0	8.302072525024414	2.2690088748931885	2.2674520015716553	1.856600284576416	1.909010887145996	False	[0 0 0 0 0 0 0 0 0]	[0 0 0 0 0 0 0 0 0]	[0 0 0 0 0 0]	[0 0 0 0 0 0]
21	-0.5	8.153284072875977	2.2135722637176514	2.206421375274658	1.8465867042541504	1.8867037296295166	False	[0 0 0 0 1 0 0 0 0]	[0 0 0 0 0 0 0 0 0]	[0 0 0 0 0 0]	[0 0 0 0 0 0]
21	-1.0	8.297182083129883	2.268354654312134	2.2660300731658936	1.855200171470642	1.9075968265533447	False	[0 0 0 0 0 0 0 0 0]	[0 0 0 0 0 0 0 0 0]	[0 0 0 0 0 0]	[0 0 0 0 0 0]
21	-0.5	8.16651725769043	2.2161741256713867	2.209399700164795	1.8539502620697021	1.8869938850402832	False	[0 0 0 0 1 0 0 0 0]	[0 0 0 0 0 0 0 0 0]	[0 0 0 0 0 0]	[0 0 0 0 0 0]
21	-1.0	8.301224708557129	2.268794059753418	2.2673146724700928	1.8570606708526611	1.9080551862716675	False	[0 0 0 0 0 0 0 0 0]	[0 0 0 0 0 0 0 0 0]	[0 0 0 0 0 0]	[0 0 0 0 0 0]
21	-0.5	8.154706001281738	2.21529221534729	2.2057273387908936	1.8489758968353271	1.8847105503082275	False	[0 0 0 0 1 0 0 0 0]	[0 0 0 0 0 0 0 0 0]	[0 0 0 0 0 0]	[0 0 0 0 0 0]
21	-1.0	8.301826477050781	2.269796371459961	2.267789363861084	1.8557149171829224	1.9085263013839722	False	[0 0 0 0 0 0 0 0 0]	[0 0 0 0 0 0 0 0 0]	[0 0 0 0 0 0]	[0 0 0 0 0 0]
21	-0.5	8.150739669799805	2.2141153812408447	2.2046048641204834	1.8482927083969116	1.8837265968322754	False	[0 0 0 0 1 0 0 0 0]	[0 0 0 0 0 0 0 0 0]	[0 0 0 0 0 0]	[0 0 0 0 0 0]
21	-1.0	8.292189598083496	2.2673470973968506	2.265038013458252	1.8528778553009033	1.9069269895553589	False	[0 0 0 0 0 0 0 0 0]	[0 0 0 0 0 0 0 0 0]	[0 0 0 0 0 0]	[0 0 0 0 0 0]
21	-0.5	8.181682586669922	2.2185816764831543	2.2135138511657715	1.8606901168823242	1.888897180557251	False	[0 0 0 0 1 0 0 0 0]	[0 0 0 0 0 0 0 0 0]	[0 0 0 0 0 0]	[0 0 0 0 0 0]
21	-1.0	8.300024032592773	2.2698793411254883	2.266561508178711	1.8550612926483154	1.9085218906402588	False	[0 0 0 0 0 0 0 0 0]	[0 0 0 0 0 0 0 0 0]	[0 0 0 0 0 0]	[0 0 0 0 0 0]
21	-0.5	8.163268089294434	2.215653657913208	2.2068166732788086	1.8542513847351074	1.8865466117858887	False	[0 0 0 0 1 0 0 0 0]	[0 0 0 0 0 0 0 0 0]	[0 0 0 0 0 0]	[0 0 0 0 0 0]
21	-1.0	8.296605110168457	2.268477439880371	2.2659835815429688	1.8548636436462402	1.9072808027267456	False	[0 0 0 0 0 0 0 0 0]	[0 0 0 0 0 0 0 0 0]	[0 0 0 0 0 0]	[0 0 0 0 0 0]
21	-0.5	8.160774230957031	2.21431303024292	2.208143711090088	1.8517258167266846	1.8865914344787598	False	[0 0 0 0 1 0 0 0 0]	[0 0 0 0 0 0 0 0 0]	[0 0 0 0 0 0]	[0 0 0 0 0 0]
21	-1.0	8.301536560058594	2.269613265991211	2.2680749893188477	1.8561471700668335	1.907700777053833	False	[0 0 0 0 0 0 0 0 0]	[0 0 0 0 0 0 0 0 0]	[0 0 0 0 0 0]	[0 0 0 0 0 0]
21	-0.5	8.172588348388672	2.2178289890289307	2.2105703353881836	1.8554359674453735	1.8887535333633423	False	[0 0 0 0 1 0 0 0 0]	[0 0 0 0 0 0 0 0 0]	[0 0 0 0 0 0]	[0 0 0 0 0 0]
21	-1.0	8.299026489257812	2.2688074111938477	2.2666311264038086	1.8558647632598877	1.9077231884002686	False	[0 0 0 0 0 0 0 0 0]	[0 0 0 0 0 0 0 0 0]	[0 0 0 0 0 0]	[0 0 0 0 0 0]
21	-0.5	8.17551040649414	2.2195301055908203	2.211930990219116	1.856968879699707	1.8870799541473389	False	[0 0 0 0 1 0 0 0 0]	[0 0 0 0 0 0 0 0 0]	[0 0 0 0 0 0]	[0 0 0 0 0 0]
21	-1.0	8.295104026794434	2.2688074111938477	2.265186071395874	1.8529996871948242	1.908110499382019	False	[0 0 0 0 0 0 0 0 0]	[0 0 0 0 0 0 0 0 0]	[0 0 0 0 0 0]	[0 0 0 0 0 0]
21	-0.5	8.142477035522461	2.212859630584717	2.203737497329712	1.843780755996704	1.8820990324020386	False	[0 0 0 0 1 0 0 0 0]	[0 0 0 0 0 0 0 0 0]	[0 0 0 0 0 0]	[0 0 0 0 0 0]
21	-1.0	8.304816246032715	2.2694108486175537	2.2682909965515137	1.8583325147628784	1.9087822437286377	False	[0 0 0 0 0 0 0 0 0]	[0 0 0 0 0 0 0 0 0]	[0 0 0 0 0 0]	[0 0 0 0 0 0]
22	-0.5	8.153397560119629	2.2620468139648438	2.254955768585205	1.8851230144500732	1.7512723207473755	False	[0 0 0 0 1 0 0 0 0]	[0 0 0 0 0 0 0 0 0]	[0 0 0 0 0 0]	[0 0 0 0 0 0]
22	-0.5	8.252582550048828	2.2758750915527344	2.2866454124450684	1.8924124240875244	1.7976495027542114	False	[0 0 0 0 1 0 0 0 0]	[0 0 0 0 0 0 0 0 0]	[0 0 0 0 0 0]	[0 0 0 0 0 0]
22	-0.5	8.251161575317383	2.27604603767395	2.285890579223633	1.891456961631775	1.7977677583694458	False	[0 0 0 0 1 0 0 0 0]	[0 0 0 0 0 0 0 0 0]	[0 0 0 0 0 0]	[0 0 0 0 0 0]
22	-1.0	8.273697853088379	2.2794864177703857	2.2873380184173584	1.8962363004684448	1.81063711643219	False	[0 0 0 0 0 0 0 0 0]	[0 0 0 0 0 0 0 0 0]	[0 0 0 0 0 0]	[0 0 0 0 0 0]
22	-0.5	8.152135848999023	2.2617101669311523	2.2543587684631348	1.8848775625228882	1.7511892318725586	False	[0 0 0 0 1 0 0 0 0]	[0 0 0 0 0 0 0 0 0]	[0 0 0 0 0 0]	[0 0 0 0 0 0]
22	-0.5	8.273561477661133	2.2786264419555664	2.2877206802368164	1.8955802917480469	1.811633825302124	False	[0 0 0 0 1 0 0 0 0]	[0 0 0 0 0 0 0 0 0]	[0 0 0 0 0 0]	[0 0 0 0 0 0]
22	-1.0	8.270933151245117	2.2791104316711426	2.2872161865234375	1.8962644338607788	1.8083420991897583	False	[0 0 0 0 0 0 0 0 0]	[0 0 0 0 0 0 0 0 0]	[0 0 0 0 0 0]	[0 0 0 0 0 0]
22	-0.5	8.138912200927734	2.2603347301483154	2.2527897357940674	1.8825526237487793	1.7432348728179932	False	[0 0 0 0 1 0 0 0 0]	[0 0 0 0 0 0 0 0 0]	[0 0 0 0 0 0]	[0 0 0 0 0 0]
22	-0.5	8.26640510559082	2.278164863586426	2.287229537963867	1.8956353664398193	1.805375576019287	False	[0 0 0 0 1 0 0 0 0]	[0 0 0 0 0 0 0 0 0]	[0 0 0 0 0 0]	[0 0 0 0 0 0]
22	-0.5	8.266702651977539	2.2771425247192383	2.287257194519043	1.8949259519577026	1.8073772192001343	False	[0 0 0 0 1 0 0 0 0]	[0 0 0 0 0 0 0 0 0]	[0 0 0 0 0 0]	[0 0 0 0 0 0]
22	-0.5	8.263187408447266	2.276787519454956	2.2867329120635986	1.8951232433319092	1.804543375968933	False	[0 0 0 0 1 0 0 0 0]	[0 0 0 0 0 0 0 0 0]	[0 0 0 0 0 0]	[0 0 0 0 0 0]
22	-0.5	8.257874488830566	2.277228355407715	2.2867026329040527	1.89299738407135	1.8009462356567383	False	[0 0 0 0 1 0 0 0 0]	[0 0 0 0 0 0 0 0 0]	[0 0 0 0 0 0]	[0 0 0 0 0 0]
22	-1.0	8.262588500976562	2.2783405780792236	2.2866384983062744	1.8947811126708984	1.8028279542922974	False	[0 0 0 0 0 0 0 0 0]	[0 0 0 0 0 0 0 0 0]	[0 0 0 0 0 0]	[0 0 0 0 0 0]
22	-0.5	8.159882545471191	2.262725353240967	2.254932165145874	1.8855305910110474	1.7566944360733032	False	[0 0 0 0 1 0 0 0 0]	[0 0 0 0 0 0 0 0 0]	[0 0 0 0 0 0]	[0 0 0 0 0 0]
22	-0.5	8.261558532714844	2.2769923210144043	2.2865428924560547	1.8936048746109009	1.8044182062149048	False	[0 0 0 0 1 0 0 0 0]	[0 0 0 0 0 0 0 0 0]	[0 0 0 0 0 0]	[0 0 0 0 0 0]
22	-0.5	8.255311965942383	2.276494264602661	2.28645396232605	1.8918873071670532	1.8004765510559082	False	[0 0 0 0 1 0 0 0 0]	[0 0 0 0 0 0 0 0 0]	[0 0 0 0 0 0]	[0 0 0 0 0 0]
22	-1.0	8.270134925842285	2.2789177894592285	2.2869787216186523	1.8951133489608765	1.8091250658035278	False	[0 0 0 0 0 0 0 0 0]	[0 0 0 0 0 0 0 0 0]	[0 0 0 0 0 0]	[0 0 0 0 0 0]
22	-0.5	8.158195495605469	2.263277053833008	2.2552030086517334	1.8849122524261475	1.75480318069458	False	[0 0 0 0 1 0 0 0 0]	[0 0 0 0 0 0 0 0 0]	[0 0 0 0 0 0]	[0 0 0 0 0 0]
22	-0.5	8.265796661376953	2.2777113914489746	2.287747621536255	1.894613265991211	1.8057239055633545	False	[0 0 0 0 1 0 0 0 0]	[0 0 0 0 0 0 0 0 0]	[0 0 0 0 0 0]	[0 0 0 0 0 0]
22	-1.0	8.279346466064453	2.2791733741760254	2.287285327911377	1.8970037698745728	1.8158841133117676	False	[0 0 0 0 0 0 0 0 0]	[0 0 0 0 0 0 0 0 0]	[0 0 0 0 0 0]	[0 0 0 0 0 0]
22	-0.5	8.14720344543457	2.260986566543579	2.2546613216400146	1.8843328952789307	1.7472227811813354	False	[0 0 0 0 1 0 0 0 0]	[0 0 0 0 0 0 0 0 0]	[0 0 0 0 0 0]	[0 0 0 0 0 0]
22	-0.5	8.275527000427246	2.278343439102173	2.288062810897827	1.8965448141098022	1.8125754594802856	False	[0 0 0 0 1 0 0 0 0]	[0 0 0 0 0 0 0 0 0]	[0 0 0 0 0 0]	[0 0 0 0 0 0]
22	-1.0	8.258697509765625	2.275907039642334	2.2867496013641357	1.8932101726531982	1.8028311729431152	False	[0 0 0 0 0 0 0 0 0]	[0 0 0 0 0 0 0 0 0]	[0 0 0 0 0 0]	[0 0 0 0 0 0]
22	-0.5	8.151432991027832	2.2621302604675293	2.2540578842163086	1.884260892868042	1.7509838342666626	False	[0 0 0 0 1 0 0 0 0]	[0 0 0 0 0 0 0 0 0]	[0 0 0 0 0 0]	[0 0 0 0 0 0]
22	-0.5	8.259383201599121	2.2771079540252686	2.2869834899902344	1.8933279514312744	1.8019639253616333	False	[0 0 0 0 1 0 0 0 0]	[0 0 0 0 0 0 0 0 0]	[0 0 0 0 0 0]	[0 0 0 0 0 0]
22	-1.0	8.257665634155273	2.276334762573242	2.2868683338165283	1.8928802013397217	1.8015820980072021	False	[0 0 0 0 0 0 0 0 0]	[0 0 0 0 0 0 0 0 0]	[0 0 0 0 0 0]	[0 0 0 0 0 0]
22	-0.5	8.153820037841797	2.260396957397461	2.2554636001586914	1.8852993249893188	1.7526599168777466	False	[0 0 0 0 1 0 0 0 0]	[0 0 0 0 0 0 0 0 0]	[0 0 0 0 0 0]	[0 0 0 0 0 0]
22	-0.5	8.264338493347168	2.2784061431884766	2.286994457244873	1.893534541130066	1.8054028749465942	False	[0 0 0 0 1 0 0 0 0]	[0 0 0 0 0 0 0 0 0]	[0 0 0 0 0 0]	[0 0 0 0 0 0]
22	-1.0	8.266968727111816	2.278244972229004	2.2872884273529053	1.8955004215240479	1.8059345483779907	False	[0 0 0 0 0 0 0 0 0]	[0 0 0 0 0 0 0 0 0]	[0 0 0 0 0 0]	[0 0 0 0 0 0]
22	-0.5	8.161995887756348	2.2634243965148926	2.2554891109466553	1.88608980178833	1.7569925785064697	False	[0 0 0 0 1 0 0 0 0]	[0 0 0 0 0 0 0 0 0]	[0 0 0 0 0 0]	[0 0 0 0 0 0]
23	-0.5	8.30341911315918	2.2538223266601562	2.266083240509033	1.8853789567947388	1.8981351852416992	False	[0 0 0 0 1 0 0 0 0]	[0 0 0 0 0 0 0 0 0]	[0 0 0 0 0 0]	[0 0 0 0 0 0]
23	-1.0	8.397560119628906	2.2743611335754395	2.291759490966797	1.9105174541473389	1.9209222793579102	False	[0 1 0 0 1 0 0 0 0]	[1 0 0 0 0 0 0 0 0]	[0 0 0 0 0 0]	[0 0 0 0 0 0]
23	0.4786311089992523	8.41805362701416	2.281710624694824	2.2868828773498535	1.9240214824676514	1.9254387617111206	False	[1 1 0 0 1 0 0 0 0]	[1 1 0 0 0 0 0 0 0]	[0 0 0 0 0 1]	[0 0 0 0 0 0]
23	0.3154788017272949	8.43598747253418	2.2843964099884033	2.279198169708252	1.93145751953125	1.9409351348876953	False	[1 1 0 0 1 0 1 0 0]	[1 1 0 0 0 1 0 0 0]	[0 0 0 0 0 0]	[0 0 0 0 0 1]
23	0.2175987809896469	8.420219421386719	2.285388708114624	2.2743654251098633	1.9288876056671143	1.9315776824951172	False	[1 1 0 0 1 0 0 0 0]	[0 1 0 0 0 1 0 0 0]	[1 0 0 0 0 0]	[0 0 0 0 0 0]
23	0.4441055953502655	8.42573070526123	2.2709405422210693	2.2871181964874268	1.9353163242340088	1.9323557615280151	False	[0 1 0 0 1 0 0 0 0]	[1 1 0 0 0 1 0 0 0]	[1 0 0 0 0 1]	[0 0 0 0 0 1]
23	0.4938350021839142	8.416095733642578	2.280670166015625	2.2723312377929688	1.9283572435379028	1.9347376823425293	False	[0 1 0 0 1 0 1 0 0]	[1 1 0 0 0 0 0 0 0]	[0 0 0 0 0 1]	[0 0 0 0 0 0]
23	0.3974802792072296	8.433711051940918	2.2822699546813965	2.281033992767334	1.930383563041687	1.9400235414505005	False	[0 1 0 0 1 0 0 0 0]	[1 1 0 0 0 1 0 0 0]	[0 0 0 0 0 0]	[0 0 0 0 0 1]
23	0.48956498503685	8.432863235473633	2.2831692695617676	2.2792131900787354	1.930366039276123	1.9401146173477173	False	[0 1 0 0 1 0 1 0 0]	[1 1 0 0 0 0 0 0 0]	[0 0 0 0 0 1]	[0 0 0 0 0 0]
23	0.39039158821105957	8.435453414916992	2.2834267616271973	2.280332088470459	1.9312303066253662	1.9404644966125488	False	[0 1 0 0 1 0 0 0 0]	[1 1 0 0 0 1 0 0 0]	[0 0 0 0 0 0]	[0 0 0 0 0 1]
23	0.46773186326026917	8.433449745178223	2.2823495864868164	2.280128002166748	1.9310427904129028	1.9399292469024658	False	[0 1 0 0 1 0 1 0 0]	[1 1 0 0 0 0 0 0 0]	[0 0 0 0 0 1]	[0 0 0 0 0 0]
23	0.4244898557662964	8.436944961547852	2.283169746398926	2.2826364040374756	1.9313498735427856	1.9397889375686646	False	[0 1 0 0 1 0 0 0 0]	[1 1 0 0 0 1 0 0 0]	[0 0 0 0 0 0]	[0 0 0 0 0 1]
23	0.4642183780670166	8.43519401550293	2.2835378646850586	2.280435085296631	1.9313539266586304	1.9398669004440308	False	[0 1 0 0 1 0 1 0 0]	[1 1 0 0 0 0 0 0 0]	[0 0 0 0 0 1]	[0 0 0 0 0 0]
23	0.36583271622657776	8.432390213012695	2.282301187515259	2.2797117233276367	1.9304907321929932	1.9398868083953857	False	[0 1 0 0 1 0 0 0 0]	[1 1 0 0 0 1 0 0 0]	[0 0 0 0 0 0]	[0 0 0 0 0 1]
23	0.49826517701148987	8.435028076171875	2.283261299133301	2.2804296016693115	1.9312065839767456	1.9401297569274902	False	[0 1 0 0 1 0 1 0 0]	[1 1 0 0 0 0 0 0 0]	[0 0 0 0 0 1]	[0 0 0 0 0 0]
23	0.3852117359638214	8.433401107788086	2.2828991413116455	2.279841184616089	1.9307000637054443	1.9399604797363281	False	[0 1 0 0 1 0 0 0 0]	[1 1 0 0 0 1 0 0 0]	[0 0 0 0 0 0]	[0 0 0 0 0 1]
23	0.4603971838951111	8.435084342956543	2.283135414123535	2.280947685241699	1.9311680793762207	1.9398329257965088	False	[0 1 0 0 1 0 1 0 0]	[1 1 0 0 0 0 0 0 0]	[0 0 0 0 0 1]	[0 0 0 0 0 0]
23	0.4095635414123535	8.43685245513916	2.2835099697113037	2.282036066055298	1.9315625429153442	1.9397436380386353	False	[0 1 0 0 1 0 0 0 0]	[1 1 0 0 0 1 0 0 0]	[0 0 0 0 0 0]	[0 0 0 0 0 1]
23	0.496987909078598	8.433938980102539	2.2821574211120605	2.2823050022125244	1.9302210807800293	1.9392554759979248	False	[0 1 0 0 1 0 1 0 0]	[1 1 0 0 0 0 0 0 0]	[0 0 0 0 0 1]	[0 0 0 0 0 0]
23	0.4094776511192322	8.434980392456055	2.2827324867248535	2.2816545963287354	1.9309232234954834	1.939669132232666	False	[0 1 0 0 1 0 0 0 0]	[1 1 0 0 0 1 0 0 0]	[0 0 0 0 0 0]	[0 0 0 0 0 1]
23	0.484239786863327	8.43360424041748	2.2829573154449463	2.2812414169311523	1.9303127527236938	1.9390928745269775	False	[0 1 0 0 1 0 1 0 0]	[1 1 0 0 0 0 0 0 0]	[0 0 0 0 0 1]	[0 0 0 0 0 0]
23	0.4046689569950104	8.436577796936035	2.2831130027770996	2.2817296981811523	1.93143892288208	1.9402962923049927	False	[0 1 0 0 1 0 0 0 0]	[1 1 0 0 0 1 0 0 0]	[0 0 0 0 0 0]	[0 0 0 0 0 1]
23	0.4633537530899048	8.432056427001953	2.2828991413116455	2.2797374725341797	1.9301257133483887	1.9392938613891602	False	[0 1 0 0 1 0 1 0 0]	[1 1 0 0 0 0 0 0 0]	[0 0 0 0 0 1]	[0 0 0 0 0 0]
23	0.41036713123321533	8.435190200805664	2.282733201980591	2.281585216522217	1.9311368465423584	1.9397343397140503	False	[0 1 0 0 1 0 0 0 0]	[1 1 0 0 0 1 0 0 0]	[0 0 0 0 0 0]	[0 0 0 0 0 1]
23	0.4901602864265442	8.431795120239258	2.2821009159088135	2.279388427734375	1.9302290678024292	1.9400765895843506	False	[0 1 0 0 1 0 1 0 0]	[1 1 0 0 0 0 0 0 0]	[0 0 0 0 0 1]	[0 0 0 0 0 0]
23	0.403618723154068	8.436166763305664	2.283447504043579	2.28121280670166	1.9311772584915161	1.940329909324646	False	[0 1 0 0 1 0 0 0 0]	[1 1 0 0 0 1 0 0 0]	[0 0 0 0 0 0]	[0 0 0 0 0 1]
23	0.47970888018608093	8.430706024169922	2.281599998474121	2.2792720794677734	1.929892659187317	1.93994140625	False	[0 1 0 0 1 0 1 0 0]	[1 1 0 0 0 0 0 0 0]	[0 0 0 0 0 1]	[0 0 0 0 0 0]
23	0.3904591202735901	8.434698104858398	2.2831687927246094	2.282210350036621	1.9303981065750122	1.9389207363128662	False	[0 1 0 0 1 0 0 0 0]	[1 1 0 0 0 1 0 0 0]	[0 0 0 0 0 0]	[0 0 0 0 0 1]
23	0.47559669613838196	8.432297706604004	2.282930612564087	2.279724359512329	1.9301793575286865	1.939463496208191	False	[0 1 0 0 1 0 1 0 0]	[1 1 0 0 0 0 0 0 0]	[0 0 0 0 0 1]	[0 0 0 0 0 0]
23	0.3793916404247284	8.435563087463379	2.2838943004608154	2.281034469604492	1.9310277700424194	1.9396063089370728	False	[0 1 0 0 1 0 0 0 0]	[1 1 0 0 0 1 0 0 0]	[0 0 0 0 0 0]	[0 0 0 0 0 1]
24	-1.0	8.361106872558594	2.261781692504883	2.267353057861328	1.8967055082321167	1.9352664947509766	False	[0 0 0 0 1 0 0 0 0]	[0 0 0 0 0 1 0 0 0]	[0 0 0 0 0 0]	[1 0 0 0 0 0]
24	0.22430957853794098	8.442193984985352	2.2894065380096436	2.2940726280212402	1.9223699569702148	1.9363455772399902	False	[0 0 0 0 1 1 0 0 0]	[0 0 0 0 0 1 0 0 0]	[0 0 0 0 0 0]	[1 0 0 0 0 0]
24	0.47660237550735474	8.46688461303711	2.2903640270233154	2.295642614364624	1.9443581104278564	1.9365198612213135	False	[0 0 0 0 1 0 0 0 0]	[0 0 0 0 0 1 0 1 0]	[0 0 0 0 0 1]	[1 1 0 0 0 0]
24	0.4090096652507782	8.43291187286377	2.2873411178588867	2.2852072715759277	1.9341588020324707	1.9262045621871948	False	[1 0 0 0 1 0 0 0 0]	[0 0 1 0 0 1 0 1 0]	[1 0 0 0 0 1]	[1 0 0 0 0 0]
24	0.4389049708843231	8.374626159667969	2.270049810409546	2.2760329246520996	1.9196839332580566	1.908860206604004	False	[1 0 0 0 0 0 0 0 0]	[1 0 1 0 0 1 0 1 0]	[0 0 0 0 0 1]	[0 0 0 0 0 0]
24	0.5523063540458679	8.364032745361328	2.268441677093506	2.270695447921753	1.9180400371551514	1.906855583190918	False	[1 0 0 0 1 0 0 0 0]	[1 0 0 0 0 1 0 1 0]	[1 0 0 0 0 1]	[1 0 0 0 0 0]
24	0.534779965877533	8.400272369384766	2.279742479324341	2.280506134033203	1.9232475757598877	1.9167762994766235	False	[1 0 0 0 0 0 0 0 0]	[0 0 0 0 0 1 0 1 0]	[0 0 0 0 0 1]	[0 0 0 0 0 0]
24	0.4283504784107208	8.349185943603516	2.2649688720703125	2.2624404430389404	1.9175987243652344	1.9041777849197388	False	[1 0 0 0 1 0 0 0 0]	[0 0 1 0 0 1 0 1 0]	[1 0 0 0 0 1]	[1 0 0 0 0 0]
24	0.4019550383090973	8.366965293884277	2.268075704574585	2.274887800216675	1.9170078039169312	1.9069939851760864	False	[1 0 0 0 0 0 0 0 0]	[1 0 1 0 0 1 0 1 0]	[0 0 0 0 0 1]	[0 0 0 0 0 0]
24	0.5796735882759094	8.364508628845215	2.2680368423461914	2.271198034286499	1.91853928565979	1.906734585762024	False	[1 0 0 0 1 0 0 0 0]	[1 0 0 0 0 1 0 1 0]	[1 0 0 0 0 1]	[1 0 0 0 0 0]
24	0.5037378668785095	8.402433395385742	2.281116008758545	2.2796974182128906	1.9238414764404297	1.917778491973877	False	[1 0 0 0 0 0 0 0 0]	[0 0 0 0 0 1 0 1 0]	[0 0 0 0 0 1]	[0 0 0 0 0 0]
24	0.16685058176517487	8.351555824279785	2.2648122310638428	2.2648708820343018	1.9173849821090698	1.9044873714447021	False	[1 0 0 0 1 0 0 0 0]	[0 0 1 0 0 1 0 1 0]	[0 0 0 0 0 0]	[1 0 0 0 0 0]
24	-0.5	8.413176536560059	2.2726666927337646	2.282715082168579	1.934504508972168	1.9232906103134155	False	[1 0 0 0 0 0 0 0 0]	[1 0 1 0 0 1 0 1 0]	[1 0 0 0 0 0]	[0 0 0 0 0 0]
24	0.1655133217573166	8.407611846923828	2.271226406097412	2.2832579612731934	1.9324402809143066	1.9206874370574951	False	[1 0 0 0 1 0 0 0 0]	[0 0 1 0 0 1 0 1 0]	[0 0 0 0 0 0]	[1 0 0 0 0 0]
24	-0.5	8.408156394958496	2.270467519760132	2.2821383476257324	1.9334876537322998	1.922062873840332	False	[1 0 0 0 0 0 0 0 0]	[1 0 1 0 0 1 0 1 0]	[1 0 0 0 0 0]	[0 0 0 0 0 0]
24	0.1576254665851593	8.407654762268066	2.2714288234710693	2.2826952934265137	1.9324090480804443	1.9211217164993286	False	[1 0 0 0 1 0 0 0 0]	[0 0 1 0 0 1 0 1 0]	[0 0 0 0 0 0]	[1 0 0 0 0 0]
24	-0.5	8.414731979370117	2.2725958824157715	2.2835841178894043	1.9353652000427246	1.9231867790222168	False	[1 0 0 0 0 0 0 0 0]	[1 0 1 0 0 1 0 1 0]	[1 0 0 0 0 0]	[0 0 0 0 0 0]
24	0.1700754314661026	8.405352592468262	2.2705695629119873	2.2830288410186768	1.931377649307251	1.9203770160675049	False	[1 0 0 0 1 0 0 0 0]	[0 0 1 0 0 1 0 1 0]	[0 0 0 0 0 0]	[1 0 0 0 0 0]
24	-0.5	8.414984703063965	2.272657871246338	2.284180164337158	1.9353725910186768	1.9227746725082397	False	[1 0 0 0 0 0 0 0 0]	[1 0 1 0 0 1 0 1 0]	[1 0 0 0 0 0]	[0 0 0 0 0 0]
24	0.1633424013853073	8.408099174499512	2.2715117931365967	2.2829062938690186	1.9326982498168945	1.9209831953048706	False	[1 0 0 0 1 0 0 0 0]	[0 0 1 0 0 1 0 1 0]	[0 0 0 0 0 0]	[1 0 0 0 0 0]
24	-0.5	8.413653373718262	2.2722651958465576	2.2840676307678223	1.934385061264038	1.9229353666305542	False	[1 0 0 0 0 0 0 0 0]	[1 0 1 0 0 1 0 1 0]	[1 0 0 0 0 0]	[0 0 0 0 0 0]
24	0.17826128005981445	8.408729553222656	2.271829128265381	2.2828330993652344	1.932915449142456	1.921151876449585	False	[1 0 0 0 1 0 0 0 0]	[0 0 1 0 0 1 0 1 0]	[0 0 0 0 0 0]	[1 0 0 0 0 0]
24	-0.5	8.413190841674805	2.272411823272705	2.2839603424072266	1.9339865446090698	1.9228320121765137	False	[1 0 0 0 0 0 0 0 0]	[1 0 1 0 0 1 0 1 0]	[1 0 0 0 0 0]	[0 0 0 0 0 0]
24	0.177000492811203	8.410367012023926	2.2723917961120605	2.28308367729187	1.9330408573150635	1.9218512773513794	False	[1 0 0 0 1 0 0 0 0]	[0 0 1 0 0 1 0 1 0]	[0 0 0 0 0 0]	[1 0 0 0 0 0]
24	-0.5	8.408710479736328	2.271332025527954	2.282792329788208	1.9333211183547974	1.9212646484375	False	[1 0 0 0 0 0 0 0 0]	[1 0 1 0 0 1 0 1 0]	[1 0 0 0 0 0]	[0 0 0 0 0 0]
24	0.16148319840431213	8.413991928100586	2.2727162837982178	2.28353214263916	1.9348418712615967	1.9229007959365845	False	[1 0 0 0 1 0 0 0 0]	[0 0 1 0 0 1 0 1 0]	[0 0 0 0 0 0]	[1 0 0 0 0 0]
24	-0.5	8.412834167480469	2.272632598876953	2.2833261489868164	1.9345604181289673	1.9223148822784424	False	[1 0 0 0 0 0 0 0 0]	[1 0 1 0 0 1 0 1 0]	[1 0 0 0 0 0]	[0 0 0 0 0 0]
24	0.1823681741952896	8.407790184020996	2.271815776824951	2.282951831817627	1.931829810142517	1.9211922883987427	False	[1 0 0 0 1 0 0 0 0]	[0 0 1 0 0 1 0 1 0]	[0 0 0 0 0 0]	[1 0 0 0 0 0]
24	-0.5	8.412564277648926	2.271538019180298	2.2834904193878174	1.9344761371612549	1.9230595827102661	False	[1 0 0 0 0 0 0 0 0]	[1 0 1 0 0 1 0 1 0]	[1 0 0 0 0 0]	[0 0 0 0 0 0]
24	0.15109992027282715	8.410725593566895	2.272467851638794	2.2833380699157715	1.9333990812301636	1.9215205907821655	False	[1 0 0 0 1 0 0 0 0]	[0 0 1 0 0 1 0 1 0]	[0 0 0 0 0 0]	[1 0 0 0 0 0]
25	-1.0	8.330087661743164	2.276712417602539	2.246476411819458	1.8980300426483154	1.9088690280914307	False	[0 0 0 0 0 0 1 0 0]	[0 0 0 0 0 0 0 0 1]	[0 0 0 0 0 0]	[0 0 0 0 1 0]
25	-1.0	8.432878494262695	2.286792039871216	2.2856686115264893	1.9333860874176025	1.9270310401916504	False	[0 1 0 0 0 0 1 0 0]	[0 0 0 0 0 0 0 0 1]	[0 0 0 1 0 0]	[0 0 0 0 0 0]
25	-1.0	8.439184188842773	2.288540840148926	2.2875332832336426	1.936645269393921	1.9264646768569946	False	[0 0 0 0 0 0 1 0 0]	[0 0 0 0 0 0 0 0 1]	[0 0 0 0 0 0]	[0 0 0 0 0 0]
25	-0.5	8.439408302307129	2.2908756732940674	2.2878599166870117	1.936091661453247	1.9245816469192505	False	[0 1 0 0 0 0 1 0 0]	[0 0 0 0 0 0 0 0 0]	[0 0 0 1 0 0]	[0 0 0 0 0 0]
25	-1.0	8.449433326721191	2.287156105041504	2.29193377494812	1.9379069805145264	1.9324356317520142	False	[0 0 0 0 0 0 1 0 0]	[0 0 0 0 0 0 0 1 0]	[0 0 0 0 0 0]	[0 0 0 0 0 0]
25	0.027157042175531387	8.456902503967285	2.2948524951934814	2.2954812049865723	1.933295726776123	1.9332730770111084	False	[1 0 0 0 0 0 1 0 0]	[0 0 0 0 1 0 0 1 0]	[0 0 0 0 0 0]	[0 0 0 0 0 0]
25	0.43476203083992004	8.420351028442383	2.2742178440093994	2.292487621307373	1.9224530458450317	1.931192398071289	False	[0 0 0 0 0 0 1 0 0]	[0 1 0 0 1 0 0 1 0]	[0 1 0 0 0 0]	[0 0 0 0 1 0]
25	0.337785929441452	8.368501663208008	2.2652902603149414	2.271436929702759	1.9040441513061523	1.9277307987213135	False	[0 0 1 0 0 0 1 0 0]	[0 1 0 0 1 1 0 1 0]	[0 1 0 1 0 0]	[0 0 0 0 0 0]
25	0.41591373085975647	8.425151824951172	2.2791366577148438	2.2835330963134766	1.9232172966003418	1.9392647743225098	False	[1 0 1 0 0 0 1 0 0]	[0 0 0 0 1 1 0 1 0]	[0 0 0 1 0 0]	[0 0 0 0 1 0]
25	0.28502190113067627	8.415943145751953	2.2771389484405518	2.278393030166626	1.9246948957443237	1.9357162714004517	False	[0 0 1 0 0 0 1 0 0]	[0 1 0 0 1 1 0 1 0]	[0 0 1 1 0 0]	[0 0 0 0 1 1]
25	0.2914859354496002	8.43635368347168	2.274677038192749	2.294360637664795	1.927549123764038	1.9397671222686768	False	[0 0 1 0 1 0 1 0 0]	[0 0 0 0 1 1 0 1 0]	[0 0 1 1 1 0]	[0 0 0 0 0 1]
25	0.28939568996429443	8.429598808288574	2.278073787689209	2.2880136966705322	1.9257384538650513	1.9377727508544922	False	[0 0 1 0 0 0 1 0 0]	[0 1 0 0 1 1 0 1 0]	[0 0 0 1 1 0]	[0 0 0 0 1 1]
25	0.3807840943336487	8.42582893371582	2.2794926166534424	2.2822978496551514	1.9221137762069702	1.9419246912002563	False	[0 0 1 1 0 0 1 0 0]	[0 1 1 0 1 1 0 1 0]	[0 0 0 1 0 0]	[0 0 0 0 1 0]
25	0.261461466550827	8.418269157409668	2.289072275161743	2.2892792224884033	1.9127272367477417	1.9271899461746216	False	[0 0 0 1 0 0 1 0 0]	[0 0 1 0 1 1 0 1 0]	[0 0 0 0 0 0]	[0 0 0 1 1 0]
25	0.38448643684387207	8.43183422088623	2.2915658950805664	2.291891098022461	1.918410062789917	1.9299670457839966	False	[0 0 0 1 1 0 1 0 0]	[0 1 1 0 1 1 0 1 0]	[0 0 0 1 0 0]	[0 0 0 0 1 0]
25	0.4048624038696289	8.406375885009766	2.2873263359069824	2.2879421710968018	1.906914234161377	1.9241925477981567	False	[0 0 1 1 1 0 1 0 0]	[0 0 1 0 1 1 0 1 0]	[0 0 0 0 0 0]	[0 0 0 1 1 0]
25	0.35913676023483276	8.426666259765625	2.2903072834014893	2.2796154022216797	1.920344591140747	1.9363991022109985	False	[0 0 1 1 0 0 1 0 0]	[0 1 1 0 1 1 0 1 0]	[0 0 1 0 0 0]	[0 0 0 1 0 0]
25	0.23638007044792175	8.419516563415527	2.289752960205078	2.290501594543457	1.9112309217453003	1.928031325340271	False	[0 0 0 1 0 0 1 0 0]	[0 0 1 0 1 1 0 1 0]	[0 0 1 1 0 0]	[0 0 0 0 0 0]
25	0.29742854833602905	8.446314811706543	2.279317855834961	2.2934160232543945	1.93320894241333	1.9403722286224365	False	[1 0 0 1 0 0 1 0 0]	[0 0 0 0 1 1 0 1 0]	[0 1 1 1 0 0]	[0 0 0 0 1 0]
25	0.22775357961654663	8.437347412109375	2.27754807472229	2.288252830505371	1.931329369544983	1.9402172565460205	False	[0 0 0 1 0 0 1 0 0]	[0 0 1 0 1 1 0 1 0]	[0 0 1 1 0 0]	[0 0 0 0 0 0]
25	0.30346915125846863	8.44659423828125	2.2789413928985596	2.293848752975464	1.9335103034973145	1.9402936697006226	False	[1 0 0 1 0 0 1 0 0]	[0 0 0 0 1 1 0 1 0]	[0 1 1 1 0 0]	[0 0 0 0 1 0]
25	0.2707650661468506	8.438199996948242	2.2776265144348145	2.2893664836883545	1.9310994148254395	1.9401075839996338	False	[0 0 0 1 0 0 1 0 0]	[0 0 1 0 1 1 0 1 0]	[0 0 1 1 0 0]	[0 0 0 0 0 0]
25	0.2776935398578644	8.44617748260498	2.2784736156463623	2.293781280517578	1.9337670803070068	1.940154790878296	False	[1 0 0 1 0 0 1 0 0]	[0 0 0 0 1 1 0 1 0]	[0 1 1 1 0 0]	[0 0 0 0 1 0]
25	0.25301408767700195	8.436262130737305	2.2785327434539795	2.2875349521636963	1.929858684539795	1.940335750579834	False	[0 0 0 1 0 0 1 0 0]	[0 0 1 0 1 1 0 1 0]	[0 0 1 1 0 0]	[0 0 0 0 0 0]
25	0.29947978258132935	8.44874382019043	2.2802577018737793	2.294306516647339	1.9336154460906982	1.9405642747879028	False	[1 0 0 1 0 0 1 0 0]	[0 0 0 0 1 1 0 1 0]	[0 1 1 1 0 0]	[0 0 0 0 1 0]
25	0.24619096517562866	8.434723854064941	2.2774810791015625	2.2877919673919678	1.9291350841522217	1.9403150081634521	False	[0 0 0 1 0 0 1 0 0]	[0 0 1 0 1 1 0 1 0]	[0 0 1 1 0 0]	[0 0 0 0 0 0]
25	0.2716606557369232	8.44713020324707	2.279776096343994	2.2934646606445312	1.9332765340805054	1.94061279296875	False	[1 0 0 1 0 0 1 0 0]	[0 0 0 0 1 1 0 1 0]	[0 1 1 1 0 0]	[0 0 0 0 1 0]
25	0.24947072565555573	8.438860893249512	2.2793869972229004	2.288625717163086	1.9301809072494507	1.9406673908233643	False	[0 0 0 1 0 0 1 0 0]	[0 0 1 0 1 1 0 1 0]	[0 0 1 1 0 0]	[0 0 0 0 0 0]
25	0.295794814825058	8.444729804992676	2.278782844543457	2.293583631515503	1.9322246313095093	1.940138339996338	False	[1 0 0 1 0 0 1 0 0]	[0 0 0 0 1 1 0 1 0]	[0 1 1 1 0 0]	[0 0 0 0 1 0]
25	0.2256442904472351	8.4310884475708	2.2764570713043213	2.2872726917266846	1.9271413087844849	1.9402172565460205	False	[0 0 0 1 0 0 1 0 0]	[0 0 1 0 1 1 0 1 0]	[0 0 1 1 0 0]	[0 0 0 0 0 0]
