# num_workers = 32
# num_cells = 256
# seed_for_environment = 6006
# lr = 0.0003
# max_grad_norm = 1.0
# eval_rollout_length = 30
# scaling_factor = 1000
# frames_per_batch = 500
# sub_batch_size = 64
# num_epochs = 15
# clip_epsilon = 0.2
# gamma = 0.99
# lmbda = 0.95
# entropy_eps = 0.003
# env_reward_engineering = True
# env_minimum_number_of_qubits = 12
# log_name = None
# env_version = qecc/bbcode-ldpc-v0
# env_bit_flipping = True
# env_l = 6
# env_m = 6
# env_use_dict_observation = True
# env_number_of_decoder_iterations = 50
# env_number_of_samples = 50
# env_code_logging = False
# model_architecture = hybrid
# model_surrogate_model_path = /vol/bitbucket/osella/rl-qecc-data/supervisedLearning/2026-07-12_21-15-58/surrogate_6x6.pth
# model_use_pretrained_encoder = True
# index_to_unfreeze_encoder_updates = 0
# encoder_lr_factor = 0.1
# training_device = cpu
# Resolved arguments:
# Resolved_env_reward_engineering = True
# Resolved_env_bit_flipping = True
# Resolved_env_useDictObservation = True
# Resolved_env_code_logging = False
# Resolved_model_use_pretrained_encoder = True
# Resolved_trainingDevice = cpu
# Resolved_model_architecture = hybrid
# Just for information, not used in actual run: SLURM CPUS queried from os environment: 32
# Number of workers: 32
# Does torch identify cuda: False
evaluation number	reward	policy entropy	policy entropy aX	policy entropy bX	policy entropy aY	policy entropy bY	Encoder freeze	postAction_aX	postAction_bX	postAction_aY	postAction_bY
0	-0.6666666865348816	7.507606506347656	1.9077237844467163	1.8938273191452026	1.8115296363830566	1.8945252895355225	False	[0 0 0 0 1 0]	[0 0 0 0 0 1]	[0 0 1 0 0 0]	[0 0 1 0 0 0]
0	-0.3333333432674408	7.747257709503174	1.9379111528396606	1.9417600631713867	1.9356777667999268	1.9319090843200684	False	[0 0 1 0 1 0]	[0 1 0 0 0 1]	[0 0 0 0 0 0]	[0 0 1 0 1 0]
0	-0.6666666865348816	7.689774036407471	1.927007794380188	1.9343180656433105	1.9110314846038818	1.917417049407959	False	[0 0 0 0 1 0]	[0 1 1 0 0 1]	[0 0 1 0 0 0]	[0 0 1 0 1 1]
0	-0.8333333134651184	7.725019454956055	1.9288676977157593	1.9385861158370972	1.9244041442871094	1.9331618547439575	False	[0 0 1 0 1 0]	[0 0 1 0 0 1]	[0 0 1 1 0 0]	[1 0 1 0 1 1]
0	-0.5	7.721344947814941	1.935951590538025	1.936119794845581	1.9370979070663452	1.9121758937835693	False	[0 0 0 0 1 0]	[0 0 0 0 0 1]	[1 0 1 1 0 0]	[0 0 1 0 1 1]
0	-0.6666666865348816	7.735795974731445	1.933136224746704	1.9417659044265747	1.9367411136627197	1.9241524934768677	False	[0 0 1 0 1 0]	[0 1 0 0 0 1]	[0 0 1 1 0 0]	[0 1 1 0 1 1]
0	-0.8333333134651184	7.747163772583008	1.940577507019043	1.9385135173797607	1.939765214920044	1.9283075332641602	False	[0 0 0 0 1 0]	[0 0 0 0 0 1]	[1 0 1 1 0 0]	[1 1 1 0 1 1]
0	-1.0	7.735387802124023	1.9413564205169678	1.9382950067520142	1.9387884140014648	1.916947603225708	False	[0 0 1 0 1 0]	[0 1 0 0 0 1]	[0 0 1 1 0 0]	[1 1 1 0 1 1]
0	-1.0	7.748218536376953	1.9401401281356812	1.9386404752731323	1.9419324398040771	1.9275057315826416	False	[0 0 0 0 1 0]	[0 1 1 0 0 1]	[1 0 1 1 0 0]	[0 1 1 0 1 1]
0	-1.0	7.7392048835754395	1.9357380867004395	1.93771231174469	1.937180757522583	1.9285740852355957	False	[0 0 1 0 1 0]	[0 0 1 0 0 1]	[1 0 1 0 0 0]	[1 1 1 0 1 1]
0	-1.0	7.721867084503174	1.9375989437103271	1.9295580387115479	1.9283809661865234	1.9263291358947754	False	[0 0 0 0 1 0]	[1 0 1 0 0 1]	[0 0 1 0 0 0]	[0 1 1 0 1 1]
0	-1.0	7.727552890777588	1.9382216930389404	1.9310206174850464	1.929478645324707	1.9288320541381836	False	[0 0 1 0 1 0]	[0 0 1 0 0 1]	[0 0 1 1 0 0]	[0 0 1 0 1 1]
0	-1.0	7.721594333648682	1.9321835041046143	1.9374871253967285	1.9379255771636963	1.9139982461929321	False	[0 0 0 0 1 0]	[0 0 0 0 0 1]	[1 0 1 1 0 0]	[1 0 1 0 1 1]
0	-0.8333333134651184	7.732538223266602	1.9346106052398682	1.940280795097351	1.9390723705291748	1.9185744524002075	False	[0 0 1 0 1 0]	[0 0 0 0 1 1]	[0 0 1 1 0 0]	[1 0 1 0 1 1]
0	-0.8333333134651184	7.728965759277344	1.9431182146072388	1.937459111213684	1.936428427696228	1.911960244178772	False	[0 0 0 0 1 0]	[0 0 1 0 1 1]	[1 0 1 1 0 0]	[1 1 1 0 1 1]
0	-0.6666666865348816	7.7182416915893555	1.94187331199646	1.9328367710113525	1.9365990161895752	1.9069327116012573	False	[0 0 1 0 1 0]	[0 1 1 0 1 1]	[0 0 1 1 0 0]	[1 0 1 0 1 1]
0	-0.6666666865348816	7.727332592010498	1.9403239488601685	1.9386420249938965	1.9377175569534302	1.9106494188308716	False	[0 0 0 0 1 0]	[1 1 1 0 1 1]	[1 0 1 1 0 0]	[0 0 1 0 1 1]
0	-0.8333333134651184	7.72428035736084	1.9376815557479858	1.9370629787445068	1.9342021942138672	1.91533362865448	False	[0 0 1 0 1 0]	[1 0 1 0 1 1]	[0 0 1 1 0 0]	[1 0 1 0 1 1]
0	-0.6666666865348816	7.725879669189453	1.9361224174499512	1.939130425453186	1.9360524415969849	1.914574384689331	False	[0 0 0 0 1 0]	[1 1 1 0 1 1]	[1 0 1 1 0 0]	[0 0 1 0 1 1]
0	-0.8333333134651184	7.723154544830322	1.9372309446334839	1.937053918838501	1.9355642795562744	1.9133057594299316	False	[0 0 1 0 1 0]	[1 0 1 0 1 1]	[0 0 1 1 0 0]	[0 1 1 0 1 1]
0	-0.3333333432674408	7.724528789520264	1.941648006439209	1.9348329305648804	1.9384791851043701	1.909568190574646	False	[0 1 1 0 1 0]	[1 1 1 0 1 1]	[1 0 1 1 0 0]	[1 1 1 0 1 1]
0	-0.6666666865348816	7.737163543701172	1.9397560358047485	1.9415708780288696	1.9354872703552246	1.920349359512329	False	[0 1 0 0 1 0]	[1 0 1 0 1 1]	[1 0 1 0 0 0]	[0 1 1 0 1 1]
0	-0.3333333432674408	7.722699165344238	1.936289668083191	1.9362947940826416	1.9301259517669678	1.919988751411438	False	[0 1 1 0 1 0]	[1 1 1 0 1 1]	[1 0 1 1 0 0]	[1 1 1 0 1 1]
0	-0.6666666865348816	7.7296552658081055	1.938497543334961	1.9408414363861084	1.9320615530014038	1.9182548522949219	False	[0 1 0 0 1 0]	[1 0 1 0 1 1]	[1 0 1 0 0 0]	[0 1 1 0 1 1]
0	-0.3333333432674408	7.724731922149658	1.9370465278625488	1.9352167844772339	1.9337987899780273	1.9186697006225586	False	[0 1 1 0 1 0]	[1 1 1 0 1 1]	[1 0 1 1 0 0]	[1 1 1 0 1 1]
0	-0.6666666865348816	7.73624324798584	1.938544511795044	1.941176176071167	1.9354349374771118	1.921087622642517	False	[1 1 1 0 1 0]	[1 0 1 0 1 1]	[1 0 1 0 0 0]	[0 1 1 0 1 1]
0	-0.6666666865348816	7.723087310791016	1.9352939128875732	1.9374735355377197	1.934688687324524	1.9156312942504883	False	[1 0 1 0 1 0]	[1 1 1 0 1 1]	[1 0 1 1 0 0]	[1 1 1 0 1 1]
0	-0.8333333134651184	7.735453128814697	1.9384433031082153	1.9385885000228882	1.9368083477020264	1.9216132164001465	False	[0 0 1 0 1 0]	[1 0 1 0 1 1]	[0 0 1 1 0 0]	[0 1 1 0 1 1]
0	-0.3333333432674408	7.728384971618652	1.9411321878433228	1.936863899230957	1.9401922225952148	1.9101966619491577	False	[0 1 1 0 1 0]	[1 1 1 0 1 1]	[1 0 1 1 0 0]	[1 1 1 0 1 1]
0	-0.6666666865348816	7.732395172119141	1.9403953552246094	1.9412405490875244	1.9323478937149048	1.9184114933013916	False	[0 1 0 0 1 0]	[1 0 1 0 1 1]	[1 0 1 0 0 0]	[0 1 1 0 1 1]
1	-0.8333333134651184	6.688903331756592	1.455854058265686	1.698589563369751	1.7534981966018677	1.780961513519287	False	[0 0 0 0 0 1]	[0 0 1 0 0 0]	[0 0 1 0 0 0]	[0 0 0 1 0 0]
1	0.12250000238418579	7.0079545974731445	1.6349382400512695	1.8093960285186768	1.7946540117263794	1.7689663171768188	False	[0 0 0 0 0 0]	[1 0 1 0 0 0]	[0 0 0 0 0 0]	[0 0 0 0 0 0]
1	-0.5	6.87462854385376	1.606597661972046	1.791595697402954	1.6967556476593018	1.7796798944473267	False	[0 0 0 0 0 1]	[1 0 1 0 0 1]	[0 0 1 0 0 0]	[0 0 0 1 0 0]
1	0.17499999701976776	7.070653915405273	1.6859158277511597	1.835994839668274	1.818162202835083	1.730581283569336	False	[0 0 0 0 0 0]	[1 1 1 0 0 1]	[0 0 0 0 0 0]	[1 0 0 1 0 0]
1	-0.8333333134651184	6.840404510498047	1.4586163759231567	1.8040881156921387	1.8026612997055054	1.7750389575958252	False	[0 0 0 0 0 1]	[1 1 1 0 0 0]	[0 0 1 0 0 0]	[1 0 1 1 0 0]
1	-0.6666666865348816	7.048386573791504	1.6707942485809326	1.864210605621338	1.739604115486145	1.7737774848937988	False	[0 0 0 0 0 0]	[0 1 1 0 0 0]	[0 0 0 0 0 0]	[0 0 1 1 0 0]
1	-0.6666666865348816	6.81033992767334	1.3637391328811646	1.862730860710144	1.8219341039657593	1.7619357109069824	False	[0 0 0 0 0 1]	[0 1 0 0 0 0]	[0 0 1 0 0 0]	[0 0 1 0 0 0]
1	-0.6666666865348816	6.900186061859131	1.6746207475662231	1.7315726280212402	1.723616361618042	1.7703768014907837	False	[0 0 0 0 0 0]	[0 1 1 0 0 0]	[0 0 0 0 0 0]	[0 0 1 1 0 0]
1	-0.6666666865348816	6.77951192855835	1.3494987487792969	1.8672187328338623	1.8110051155090332	1.7517896890640259	False	[0 0 0 0 0 1]	[0 1 0 0 0 0]	[0 0 1 0 0 0]	[0 0 1 0 0 0]
1	-0.6666666865348816	6.823832035064697	1.6728644371032715	1.717747449874878	1.7106671333312988	1.72255277633667	False	[0 0 0 0 0 0]	[0 1 1 0 0 0]	[0 0 0 0 0 0]	[0 0 1 1 0 0]
1	-0.6666666865348816	6.846185684204102	1.3985587358474731	1.8569644689559937	1.822492241859436	1.7681703567504883	False	[0 0 0 0 0 1]	[0 1 0 0 0 0]	[0 0 1 0 0 0]	[0 0 1 0 0 0]
1	-0.6666666865348816	6.824242115020752	1.605817437171936	1.7187104225158691	1.7629718780517578	1.736742377281189	False	[0 0 0 0 0 0]	[0 1 1 0 0 0]	[0 0 0 0 0 0]	[0 0 1 1 0 0]
1	-0.6666666865348816	6.733838081359863	1.306448221206665	1.855913519859314	1.8183653354644775	1.7531110048294067	False	[0 0 0 0 0 1]	[0 1 0 0 0 0]	[0 0 1 0 0 0]	[0 0 1 0 0 0]
1	-0.6666666865348816	6.941075325012207	1.6608898639678955	1.732820987701416	1.7549203634262085	1.7924444675445557	False	[0 0 0 0 0 0]	[0 1 1 0 0 0]	[0 0 0 0 0 0]	[0 0 1 1 0 0]
1	-0.6666666865348816	6.7791290283203125	1.3506492376327515	1.8508983850479126	1.824957013130188	1.75262451171875	False	[0 0 0 0 0 1]	[0 1 0 0 0 0]	[0 0 1 0 0 0]	[0 0 1 0 0 0]
1	-0.6666666865348816	6.8160600662231445	1.6285041570663452	1.7179795503616333	1.7314845323562622	1.7380919456481934	False	[0 0 0 0 0 0]	[0 1 1 0 0 0]	[0 0 0 0 0 0]	[0 0 1 1 0 0]
1	-0.6666666865348816	6.807906150817871	1.362160325050354	1.869803786277771	1.8185967206954956	1.7573453187942505	False	[0 0 0 0 0 1]	[0 1 0 0 0 0]	[0 0 1 0 0 0]	[0 0 1 0 0 0]
1	-0.6666666865348816	6.747007369995117	1.6128690242767334	1.7066787481307983	1.7088841199874878	1.7185757160186768	False	[0 0 0 0 0 0]	[0 1 1 0 0 0]	[0 0 0 0 0 0]	[0 0 1 1 0 0]
1	-0.6666666865348816	6.772823333740234	1.3449896574020386	1.8530439138412476	1.823398470878601	1.7513912916183472	False	[0 0 0 0 0 1]	[0 1 0 0 0 0]	[0 0 1 0 0 0]	[0 0 1 0 0 0]
1	-0.6666666865348816	6.904294967651367	1.6853958368301392	1.7376447916030884	1.7162744998931885	1.7649798393249512	False	[0 0 0 0 0 0]	[0 1 1 0 0 0]	[0 0 0 0 0 0]	[0 0 1 1 0 0]
1	-0.6666666865348816	6.801841735839844	1.369882583618164	1.864783763885498	1.81824791431427	1.7489275932312012	False	[0 0 0 0 0 1]	[0 1 0 0 0 0]	[0 0 1 0 0 0]	[0 0 1 0 0 0]
1	-0.6666666865348816	6.89832067489624	1.6633559465408325	1.7353683710098267	1.7299152612686157	1.7696809768676758	False	[0 0 0 0 0 0]	[0 1 1 0 0 0]	[0 0 0 0 0 0]	[0 0 1 1 0 0]
1	-0.6666666865348816	6.786321640014648	1.3330869674682617	1.8554081916809082	1.8314118385314941	1.7664144039154053	False	[0 0 0 0 0 1]	[0 1 0 0 0 0]	[0 0 1 0 0 0]	[0 0 1 0 0 0]
1	-0.6666666865348816	6.847435474395752	1.6372311115264893	1.722300410270691	1.742292046546936	1.7456120252609253	False	[0 0 0 0 0 0]	[0 1 1 0 0 0]	[0 0 0 0 0 0]	[0 0 1 1 0 0]
1	-0.6666666865348816	6.762148380279541	1.3321571350097656	1.8620035648345947	1.8164880275726318	1.7514996528625488	False	[0 0 0 0 0 1]	[0 1 0 0 0 0]	[0 0 1 0 0 0]	[0 0 1 0 0 0]
1	-0.6666666865348816	6.94173002243042	1.6819756031036377	1.7443138360977173	1.7331618070602417	1.7822786569595337	False	[0 0 0 0 0 0]	[0 1 1 0 0 0]	[0 0 0 0 0 0]	[0 0 1 1 0 0]
1	-0.6666666865348816	6.72962760925293	1.3109345436096191	1.8465940952301025	1.8211694955825806	1.750929594039917	False	[0 0 0 0 0 1]	[0 1 0 0 0 0]	[0 0 1 0 0 0]	[0 0 1 0 0 0]
1	-0.6666666865348816	6.9270148277282715	1.6629968881607056	1.7463709115982056	1.7451202869415283	1.7725266218185425	False	[0 0 0 0 0 0]	[0 1 1 0 0 0]	[0 0 0 0 0 0]	[0 0 1 1 0 0]
1	-0.6666666865348816	6.766281604766846	1.3293919563293457	1.8597337007522583	1.8215047121047974	1.755651593208313	False	[0 0 0 0 0 1]	[0 1 0 0 0 0]	[0 0 1 0 0 0]	[0 0 1 0 0 0]
1	-0.6666666865348816	6.791933059692383	1.6453105211257935	1.721274733543396	1.7013376951217651	1.7240098714828491	False	[0 0 0 0 0 0]	[0 1 1 0 0 0]	[0 0 0 0 0 0]	[0 0 1 1 0 0]
2	0.23000000417232513	6.7679443359375	1.7105263471603394	1.4741638898849487	1.808511734008789	1.7747418880462646	False	[0 0 0 0 0 1]	[0 0 1 0 0 0]	[1 0 0 0 0 0]	[1 0 0 0 0 0]
2	0.2150000035762787	5.9901580810546875	1.57856023311615	1.3211206197738647	1.713706374168396	1.3767707347869873	False	[0 0 0 0 0 0]	[0 0 1 0 0 1]	[1 0 1 0 0 0]	[0 0 0 0 0 0]
2	0.24500000476837158	6.07796573638916	1.43073570728302	1.4008135795593262	1.797658920288086	1.4487574100494385	False	[0 0 0 0 0 1]	[0 0 1 0 0 0]	[1 0 0 0 0 0]	[1 0 0 0 0 0]
2	0.24500000476837158	6.007383346557617	1.6018444299697876	1.3153289556503296	1.6977980136871338	1.3924119472503662	False	[0 0 0 0 0 0]	[0 0 1 0 0 1]	[1 0 1 0 0 0]	[0 0 0 0 0 0]
2	-0.6666666865348816	6.0668768882751465	1.3771065473556519	1.3951109647750854	1.7882153987884521	1.5064440965652466	False	[0 0 0 0 0 1]	[0 0 1 0 0 0]	[0 0 1 0 0 0]	[1 0 0 0 0 0]
2	0.13500000536441803	6.021899223327637	1.4156112670898438	1.3938955068588257	1.7807964086532593	1.431596040725708	False	[0 0 0 0 0 0]	[1 0 1 0 0 0]	[0 0 0 0 0 0]	[0 0 0 0 0 0]
2	0.1599999964237213	6.120755195617676	1.577302098274231	1.2846673727035522	1.7209750413894653	1.5378105640411377	False	[0 0 0 0 0 1]	[1 0 1 0 0 1]	[1 0 0 0 0 0]	[1 0 0 0 0 0]
2	0.13249999284744263	6.095972061157227	1.5843702554702759	1.2747315168380737	1.751152515411377	1.485718011856079	False	[0 0 0 0 0 0]	[1 0 1 0 0 0]	[0 0 0 0 0 0]	[0 0 0 0 0 0]
2	0.1574999988079071	6.120090007781982	1.587772011756897	1.3005592823028564	1.7095996141433716	1.5221589803695679	False	[0 0 0 0 0 1]	[1 0 1 0 0 1]	[1 0 0 0 0 0]	[1 0 0 0 0 0]
2	0.12250000238418579	6.108664035797119	1.5538384914398193	1.3028157949447632	1.7591832876205444	1.4928265810012817	False	[0 0 0 0 0 0]	[1 0 1 0 0 0]	[0 0 0 0 0 0]	[0 0 0 0 0 0]
2	0.1599999964237213	6.112064361572266	1.5522750616073608	1.3011608123779297	1.7127630710601807	1.5458648204803467	False	[0 0 0 0 0 1]	[1 0 1 0 0 1]	[1 0 0 0 0 0]	[1 0 0 0 0 0]
2	0.125	6.048468589782715	1.5566797256469727	1.286982774734497	1.7581455707550049	1.4466603994369507	False	[0 0 0 0 0 0]	[1 0 1 0 0 0]	[0 0 0 0 0 0]	[0 0 0 0 0 0]
2	0.15000000596046448	6.124548435211182	1.5644499063491821	1.3178343772888184	1.7124505043029785	1.5298136472702026	False	[0 0 0 0 0 1]	[1 0 1 0 0 1]	[1 0 0 0 0 0]	[1 0 0 0 0 0]
2	0.125	6.1034440994262695	1.5691758394241333	1.2962861061096191	1.7482326030731201	1.489749789237976	False	[0 0 0 0 0 0]	[1 0 1 0 0 0]	[0 0 0 0 0 0]	[0 0 0 0 0 0]
2	0.16500000655651093	6.171726703643799	1.5649155378341675	1.28864586353302	1.744520902633667	1.5736441612243652	False	[0 0 0 0 0 1]	[1 0 1 0 0 1]	[1 0 0 0 0 0]	[1 0 0 0 0 0]
2	0.125	6.107621192932129	1.5318711996078491	1.3161767721176147	1.7537736892700195	1.505799412727356	False	[0 0 0 0 0 0]	[1 0 1 0 0 0]	[0 0 0 0 0 0]	[0 0 0 0 0 0]
2	0.15000000596046448	6.132965087890625	1.559493899345398	1.2860627174377441	1.7255668640136719	1.5618414878845215	False	[0 0 0 0 0 1]	[1 0 1 0 0 1]	[1 0 0 0 0 0]	[1 0 0 0 0 0]
2	0.12999999523162842	6.073611259460449	1.5285447835922241	1.2859677076339722	1.7548620700836182	1.5042364597320557	False	[0 0 0 0 0 0]	[1 0 1 0 0 0]	[0 0 0 0 0 0]	[0 0 0 0 0 0]
2	0.1599999964237213	6.098802089691162	1.550135850906372	1.3034566640853882	1.7076935768127441	1.5375159978866577	False	[0 0 0 0 0 1]	[1 0 1 0 0 1]	[1 0 0 0 0 0]	[1 0 0 0 0 0]
2	0.125	6.085692882537842	1.5829776525497437	1.2595504522323608	1.7531628608703613	1.490002155303955	False	[0 0 0 0 0 0]	[1 0 1 0 0 0]	[0 0 0 0 0 0]	[0 0 0 0 0 0]
2	0.16500000655651093	6.112349033355713	1.5733132362365723	1.2929991483688354	1.7064310312271118	1.5396056175231934	False	[0 0 0 0 0 1]	[1 0 1 0 0 1]	[1 0 0 0 0 0]	[1 0 0 0 0 0]
2	0.13500000536441803	6.06447696685791	1.5721948146820068	1.2547922134399414	1.7594449520111084	1.4780447483062744	False	[0 0 0 0 0 0]	[1 0 1 0 0 0]	[0 0 0 0 0 0]	[0 0 0 0 0 0]
2	0.1550000011920929	6.125823020935059	1.554432988166809	1.302857518196106	1.7205371856689453	1.547995686531067	False	[0 0 0 0 0 1]	[1 0 1 0 0 1]	[1 0 0 0 0 0]	[1 0 0 0 0 0]
2	0.13500000536441803	6.101445198059082	1.6039605140686035	1.2412025928497314	1.7545973062515259	1.5016844272613525	False	[0 0 0 0 0 0]	[1 0 1 0 0 0]	[0 0 0 0 0 0]	[0 0 0 0 0 0]
2	0.18000000715255737	6.122629165649414	1.561751365661621	1.2916423082351685	1.7178382873535156	1.5513972043991089	False	[0 0 0 0 0 1]	[1 0 1 0 0 1]	[1 0 0 0 0 0]	[1 0 0 0 0 0]
2	0.12999999523162842	6.092423915863037	1.5806516408920288	1.2679094076156616	1.7460057735443115	1.4978569746017456	False	[0 0 0 0 0 0]	[1 0 1 0 0 0]	[0 0 0 0 0 0]	[0 0 0 0 0 0]
2	0.14499999582767487	6.145763874053955	1.5836377143859863	1.294402837753296	1.721814513206482	1.5459089279174805	False	[0 0 0 0 0 1]	[1 0 1 0 0 1]	[1 0 0 0 0 0]	[1 0 0 0 0 0]
2	0.125	6.088268756866455	1.5920761823654175	1.2641466856002808	1.7552549839019775	1.4767909049987793	False	[0 0 0 0 0 0]	[1 0 1 0 0 0]	[0 0 0 0 0 0]	[0 0 0 0 0 0]
2	0.1899999976158142	6.147646427154541	1.5585583448410034	1.2957508563995361	1.7282273769378662	1.5651098489761353	False	[0 0 0 0 0 1]	[1 0 1 0 0 1]	[1 0 0 0 0 0]	[1 0 0 0 0 0]
2	0.125	6.093399524688721	1.574156403541565	1.2759536504745483	1.764865517616272	1.478424072265625	False	[0 0 0 0 0 0]	[1 0 1 0 0 0]	[0 0 0 0 0 0]	[0 0 0 0 0 0]
3	-0.5	5.839885711669922	1.3486710786819458	1.2136585712432861	1.7284464836120605	1.5491093397140503	False	[0 0 0 0 0 1]	[0 0 1 0 0 0]	[0 0 1 0 0 0]	[0 0 0 0 0 1]
3	-0.6666666865348816	6.133919715881348	0.8200589418411255	1.7247886657714844	1.8534021377563477	1.7356698513031006	False	[0 1 0 0 0 1]	[0 1 1 0 0 0]	[0 0 0 0 0 0]	[0 0 0 1 0 1]
3	-0.5	6.521039009094238	1.6392285823822021	1.6309250593185425	1.6980640888214111	1.552821159362793	False	[0 1 0 0 0 0]	[0 1 0 0 0 0]	[0 0 0 1 0 0]	[0 0 1 1 0 1]
3	0.3149999976158142	6.000277519226074	0.9859081506729126	1.69132661819458	1.7339566946029663	1.5890858173370361	False	[0 1 0 0 0 1]	[1 1 0 0 0 0]	[0 0 0 0 0 0]	[0 0 1 0 0 1]
3	-0.3333333432674408	6.171830177307129	1.3805540800094604	1.5894200801849365	1.6402709484100342	1.5615854263305664	False	[0 1 0 0 0 0]	[1 1 0 0 0 1]	[0 0 0 1 0 0]	[0 0 1 1 0 1]
3	0.32499998807907104	4.862445831298828	1.089159369468689	1.0710844993591309	1.495301365852356	1.206900715827942	False	[0 1 0 0 0 1]	[1 1 0 0 0 0]	[0 0 0 0 0 0]	[0 0 1 0 0 1]
3	-0.3333333432674408	6.145136833190918	1.3969929218292236	1.5963828563690186	1.6069799661636353	1.544780969619751	False	[0 1 0 0 0 0]	[1 1 0 0 0 1]	[0 0 0 1 0 0]	[0 0 1 1 0 1]
3	0.3400000035762787	4.854207515716553	1.1584947109222412	1.056931972503662	1.4365851879119873	1.2021955251693726	False	[0 1 0 0 0 1]	[1 1 0 0 0 0]	[0 0 0 0 0 0]	[0 0 1 0 0 1]
3	-0.3333333432674408	6.1554718017578125	1.3450270891189575	1.6055952310562134	1.6383477449417114	1.5665018558502197	False	[0 1 0 0 0 0]	[1 1 0 0 0 1]	[0 0 0 1 0 0]	[0 0 1 1 0 1]
3	0.3149999976158142	4.85122013092041	1.1194390058517456	1.1015362739562988	1.436745285987854	1.1934995651245117	False	[0 1 0 0 0 1]	[1 1 0 0 0 0]	[0 0 0 0 0 0]	[0 0 1 0 0 1]
3	-0.3333333432674408	6.16226863861084	1.3517951965332031	1.5954689979553223	1.648334264755249	1.5666704177856445	False	[0 1 0 0 0 0]	[1 1 0 0 0 1]	[0 0 0 1 0 0]	[0 0 1 1 0 1]
3	0.36000001430511475	4.9056901931762695	1.1496583223342896	1.074295997619629	1.471982717514038	1.2097532749176025	False	[0 1 0 0 0 1]	[1 1 0 0 0 0]	[0 0 0 0 0 0]	[0 0 1 0 0 1]
3	-0.3333333432674408	6.150970935821533	1.3613020181655884	1.6087995767593384	1.6254023313522339	1.5554670095443726	False	[0 0 0 0 0 1]	[1 1 0 0 0 1]	[0 0 0 1 0 0]	[0 0 1 1 0 1]
3	0.12250000238418579	4.818479061126709	0.9986785650253296	1.0716674327850342	1.4650112390518188	1.283122181892395	False	[0 0 0 0 0 0]	[1 1 0 0 0 0]	[0 0 0 0 0 0]	[0 0 1 0 0 1]
3	-0.6666666865348816	5.695051193237305	0.7110687494277954	1.461920976638794	1.7859176397323608	1.7361434698104858	False	[0 0 0 0 0 1]	[0 1 0 0 0 0]	[0 1 0 0 0 0]	[0 0 1 0 1 1]
3	-0.8333333134651184	6.328669548034668	1.1013842821121216	1.6068854331970215	1.814022421836853	1.806377649307251	False	[0 1 0 0 0 1]	[0 1 1 0 0 0]	[0 1 1 0 0 0]	[0 0 1 1 1 1]
3	-0.6666666865348816	5.916464328765869	1.719661831855774	1.198182463645935	1.6936256885528564	1.3049942255020142	False	[0 1 0 0 0 0]	[0 0 1 0 0 0]	[0 1 1 1 0 0]	[0 0 0 1 1 1]
3	0.33500000834465027	6.160252571105957	1.400943636894226	1.3516796827316284	1.844501256942749	1.563127875328064	False	[0 1 0 0 0 1]	[0 1 1 0 0 0]	[0 1 1 0 0 0]	[0 0 0 0 1 1]
3	-0.3333333432674408	6.429314136505127	1.610754132270813	1.5360108613967896	1.7077701091766357	1.5747789144515991	False	[1 1 0 0 0 1]	[0 0 1 0 0 0]	[0 1 1 1 0 0]	[0 0 1 0 1 1]
3	-0.6666666865348816	5.851446151733398	1.2119348049163818	1.2391912937164307	1.8055803775787354	1.5947399139404297	False	[1 0 0 0 0 1]	[0 1 1 0 0 0]	[0 1 1 0 0 0]	[0 0 0 0 1 1]
3	-0.3333333432674408	6.479170799255371	1.6441231966018677	1.4641677141189575	1.7900924682617188	1.5807878971099854	False	[1 1 0 0 0 1]	[0 0 1 0 0 0]	[0 1 1 1 0 0]	[0 0 1 0 1 1]
3	-0.6666666865348816	5.864064693450928	1.2300519943237305	1.255097508430481	1.785614252090454	1.5933012962341309	False	[1 0 0 0 0 1]	[0 1 1 0 0 0]	[0 1 1 0 0 0]	[0 0 0 0 1 1]
3	-0.3333333432674408	6.461345672607422	1.6324751377105713	1.4294618368148804	1.8185653686523438	1.5808435678482056	False	[1 1 0 0 0 1]	[0 0 1 0 0 0]	[0 1 1 1 0 0]	[0 0 1 0 1 1]
3	-0.6666666865348816	5.859563827514648	1.2231138944625854	1.2852506637573242	1.7823271751403809	1.5688722133636475	False	[1 0 0 0 0 1]	[0 1 1 0 0 0]	[0 1 1 0 0 0]	[0 0 0 0 1 1]
3	-0.3333333432674408	6.435696601867676	1.6207813024520874	1.4481276273727417	1.8194549083709717	1.547333002090454	False	[1 1 0 0 0 1]	[0 0 1 0 0 0]	[0 1 1 1 0 0]	[0 0 1 0 1 1]
3	-0.6666666865348816	5.902636528015137	1.2406835556030273	1.2786402702331543	1.7831112146377563	1.6002014875411987	False	[1 0 0 0 0 1]	[0 1 1 0 0 0]	[0 1 1 0 0 0]	[0 0 0 0 1 1]
3	-0.3333333432674408	6.479025840759277	1.6341643333435059	1.442232608795166	1.8173973560333252	1.5852315425872803	False	[1 1 0 0 0 1]	[0 0 1 0 0 0]	[0 1 1 1 0 0]	[0 0 1 0 1 1]
3	-0.6666666865348816	5.866551399230957	1.2214127779006958	1.2609320878982544	1.790046215057373	1.5941598415374756	False	[1 0 0 0 0 1]	[0 1 1 0 0 0]	[0 1 1 0 0 0]	[0 0 0 0 1 1]
3	-0.3333333432674408	6.470261573791504	1.6532154083251953	1.460105538368225	1.8163961172103882	1.5405442714691162	False	[1 1 0 0 0 1]	[0 0 1 0 0 0]	[0 1 1 1 0 0]	[0 0 1 0 1 1]
3	-0.6666666865348816	5.8708343505859375	1.2363154888153076	1.2700213193893433	1.7862460613250732	1.5782517194747925	False	[1 0 0 0 0 1]	[0 1 1 0 0 0]	[0 1 1 0 0 0]	[0 0 0 0 1 1]
4	0.125	6.121893405914307	1.673301100730896	1.4912086725234985	1.6302540302276611	1.3271299600601196	False	[0 0 0 0 1 0]	[0 0 1 0 0 0]	[0 1 0 0 0 0]	[0 0 0 0 0 1]
4	-0.8333333134651184	5.97306489944458	1.662289023399353	1.5256054401397705	1.7703722715377808	1.0147982835769653	False	[0 0 0 0 0 0]	[0 0 1 1 0 0]	[0 1 1 0 0 0]	[0 0 0 0 0 0]
4	-0.8333333134651184	6.720253944396973	1.7560747861862183	1.3436782360076904	1.837769865989685	1.7827311754226685	False	[0 1 0 0 0 0]	[0 0 0 1 0 0]	[0 0 1 0 0 0]	[0 0 0 0 0 1]
4	0.21250000596046448	5.454330921173096	1.0462957620620728	1.6123220920562744	1.7957663536071777	0.999946653842926	False	[0 0 0 0 0 0]	[1 0 0 1 0 0]	[0 0 1 0 1 0]	[0 0 0 0 0 0]
4	-0.8333333134651184	6.172112941741943	1.5830848217010498	1.3864911794662476	1.745624303817749	1.4569125175476074	False	[0 0 0 0 1 0]	[0 0 0 1 0 0]	[0 1 1 0 1 0]	[0 0 0 0 0 1]
4	0.1274999976158142	5.518899440765381	1.614438533782959	1.226292610168457	1.6771401166915894	1.0010281801223755	False	[0 0 0 0 1 1]	[0 0 0 0 0 0]	[0 1 1 0 0 0]	[0 0 0 0 0 0]
4	0.12999999523162842	5.285871505737305	1.4979674816131592	1.428139567375183	1.1369754076004028	1.2227890491485596	False	[0 0 0 0 1 0]	[0 0 1 0 0 0]	[0 0 1 0 0 0]	[0 0 0 0 1 0]
4	-0.8333333134651184	6.112392425537109	1.4918384552001953	1.5590004920959473	1.4134520292282104	1.6481014490127563	False	[0 1 0 0 1 0]	[0 1 1 0 0 0]	[0 1 1 0 0 0]	[0 0 1 0 1 0]
4	0.33000001311302185	5.683732986450195	1.6678799390792847	1.3415541648864746	1.7901780605316162	0.8841209411621094	False	[0 1 1 0 1 0]	[0 0 1 0 0 0]	[0 1 1 0 0 1]	[0 0 0 0 1 0]
4	-0.6666666865348816	5.806458473205566	1.4635250568389893	1.4584293365478516	1.7524771690368652	1.1320266723632812	False	[0 1 0 0 1 0]	[0 1 1 0 0 0]	[0 1 0 0 0 1]	[0 0 1 0 1 0]
4	-0.6666666865348816	5.491917610168457	1.4012340307235718	1.4763531684875488	1.6449583768844604	0.9693716764450073	False	[0 1 1 0 1 0]	[0 1 1 0 0 1]	[0 1 0 0 0 0]	[0 0 0 0 1 0]
4	0.3149999976158142	4.98925256729126	1.3204275369644165	1.277909755706787	1.7236266136169434	0.6672887206077576	False	[0 1 0 0 1 0]	[0 0 1 0 0 1]	[0 1 0 0 0 1]	[0 0 1 0 1 0]
4	-0.6666666865348816	5.320854187011719	1.5087007284164429	1.364525318145752	1.4009778499603271	1.0466499328613281	False	[0 1 1 0 1 0]	[0 0 1 0 0 0]	[0 1 0 1 0 1]	[0 0 0 0 1 0]
4	-0.8333333134651184	6.417253017425537	1.6381502151489258	1.6106427907943726	1.7846121788024902	1.3838478326797485	False	[0 1 1 0 0 0]	[0 0 1 0 0 1]	[1 1 0 1 0 1]	[0 0 1 0 1 0]
4	-0.8333333134651184	6.221776008605957	1.4835691452026367	1.6968588829040527	1.5866703987121582	1.4546775817871094	False	[0 1 0 0 0 0]	[0 0 1 0 0 0]	[1 1 1 1 0 1]	[0 0 1 1 1 0]
4	0.2150000035762787	6.718550205230713	1.787865400314331	1.661516785621643	1.6800341606140137	1.5891337394714355	False	[0 0 0 0 0 0]	[0 0 0 0 0 0]	[1 1 0 1 0 1]	[0 0 0 1 1 0]
4	-0.6666666865348816	6.467504978179932	1.6619606018066406	1.7739437818527222	1.4162013530731201	1.61539888381958	False	[1 0 0 0 0 0]	[0 0 1 0 0 0]	[0 1 0 1 0 1]	[0 0 1 1 1 0]
4	-0.6666666865348816	6.229616165161133	1.5281652212142944	1.7431466579437256	1.3880559206008911	1.5702488422393799	False	[0 0 0 0 0 0]	[0 0 1 0 1 0]	[1 1 0 1 0 1]	[0 0 0 1 1 0]
4	-0.6666666865348816	6.339541435241699	1.6397610902786255	1.6956827640533447	1.360936164855957	1.6431615352630615	False	[1 0 0 0 0 0]	[0 0 0 0 1 0]	[0 1 0 1 0 1]	[0 0 1 1 1 0]
4	-0.8333333134651184	6.486850261688232	1.6076772212982178	1.7020759582519531	1.4914770126342773	1.685619831085205	False	[0 0 0 0 0 0]	[0 0 0 1 1 0]	[1 1 0 1 0 1]	[0 0 1 1 1 1]
4	-0.6666666865348816	6.5240092277526855	1.8657459020614624	1.7590711116790771	1.2520439624786377	1.647148609161377	False	[0 1 0 0 0 0]	[0 0 0 1 0 0]	[0 1 0 1 0 1]	[0 0 1 0 1 1]
4	0.14000000059604645	6.19630241394043	1.4049251079559326	1.594982385635376	1.822892427444458	1.3735029697418213	False	[0 0 0 0 0 0]	[0 0 0 0 0 0]	[0 1 0 0 0 1]	[0 0 1 0 1 0]
4	-0.8333333134651184	6.234866619110107	1.5319575071334839	1.6801390647888184	1.459063172340393	1.5637069940567017	False	[1 0 0 0 0 0]	[0 0 0 0 0 1]	[0 1 0 1 0 1]	[0 0 1 1 1 0]
4	-0.5	6.288623809814453	1.8814256191253662	1.7191439867019653	1.2959409952163696	1.392113447189331	False	[0 0 0 0 0 0]	[0 0 1 0 0 1]	[1 1 0 1 0 1]	[0 0 1 0 1 0]
4	-0.8333333134651184	5.657289505004883	1.4655309915542603	1.6999415159225464	1.2179110050201416	1.2739059925079346	False	[1 0 0 0 0 0]	[0 0 1 0 1 1]	[0 1 0 1 0 1]	[0 0 0 0 1 0]
4	-0.5	5.882332801818848	1.6424139738082886	1.737154245376587	1.1509406566619873	1.3518240451812744	False	[0 0 0 0 0 0]	[0 0 1 0 0 1]	[1 1 0 1 0 1]	[0 0 0 1 1 0]
4	-0.8333333134651184	6.052659511566162	1.7218801975250244	1.6682785749435425	1.267189383506775	1.3953114748001099	False	[1 0 0 0 0 0]	[0 0 0 0 0 1]	[0 1 0 1 0 1]	[0 0 1 1 1 0]
4	-0.5	6.28802490234375	1.8558177947998047	1.74821138381958	1.2766519784927368	1.4073436260223389	False	[0 0 0 0 0 0]	[0 0 1 0 0 1]	[1 1 0 1 0 1]	[0 0 1 0 1 0]
4	-0.8333333134651184	5.6088433265686035	1.501685380935669	1.6855673789978027	1.1924917697906494	1.2290987968444824	False	[1 0 0 0 0 0]	[0 0 1 0 1 1]	[0 1 0 1 0 1]	[0 0 0 0 1 0]
4	-0.5	5.8931756019592285	1.6719279289245605	1.7157070636749268	1.1599295139312744	1.3456110954284668	False	[0 0 0 0 0 0]	[0 0 1 0 0 1]	[1 1 0 1 0 1]	[0 0 0 1 1 0]
5	0.24500000476837158	5.178776264190674	1.2218550443649292	0.911919116973877	1.5161182880401611	1.528883695602417	False	[1 0 0 0 0 0]	[1 0 0 0 0 0]	[0 0 1 0 0 0]	[0 0 0 0 0 1]
5	0.1899999976158142	4.72917366027832	1.3444536924362183	0.8449386954307556	1.0785051584243774	1.4612762928009033	False	[0 0 0 0 0 0]	[0 0 0 0 0 0]	[0 0 0 0 0 0]	[0 0 0 0 1 1]
5	0.25999999046325684	5.220827102661133	1.3469033241271973	0.8783172965049744	1.4770431518554688	1.5185635089874268	False	[1 0 0 0 0 0]	[1 0 0 0 0 0]	[0 0 1 0 0 0]	[0 0 0 0 0 1]
5	0.17749999463558197	4.736621379852295	1.3509825468063354	0.8823002576828003	1.044227123260498	1.4591114521026611	False	[0 0 0 0 0 0]	[0 0 0 0 0 0]	[0 0 0 0 0 0]	[0 0 0 0 1 1]
5	0.2199999988079071	5.229601860046387	1.3456194400787354	0.8420614004135132	1.5156536102294922	1.5262675285339355	False	[1 0 0 0 0 0]	[1 0 0 0 0 0]	[0 0 1 0 0 0]	[0 0 0 0 0 1]
5	0.17249999940395355	4.779666423797607	1.3617571592330933	0.8778582215309143	1.0768656730651855	1.46318519115448	False	[0 0 0 0 0 0]	[0 0 0 0 0 0]	[0 0 0 0 0 0]	[0 0 0 0 1 1]
5	0.25999999046325684	5.233946800231934	1.3649429082870483	0.8666775226593018	1.500009298324585	1.5023170709609985	False	[1 0 0 0 0 0]	[1 0 0 0 0 0]	[0 0 1 0 0 0]	[0 0 0 0 0 1]
5	0.17000000178813934	4.678464889526367	1.3204759359359741	0.8705720901489258	1.0164586305618286	1.4709584712982178	False	[0 0 0 0 0 0]	[0 0 0 0 0 0]	[0 0 0 0 0 0]	[0 0 0 0 1 1]
5	0.2150000035762787	5.248584747314453	1.3476444482803345	0.8563175797462463	1.5112911462783813	1.5333311557769775	False	[1 0 0 0 0 0]	[1 0 0 0 0 0]	[0 0 1 0 0 0]	[0 0 0 0 0 1]
5	0.17249999940395355	4.77068567276001	1.3605120182037354	0.8809586763381958	1.0633612871170044	1.4658538103103638	False	[0 0 0 0 0 0]	[0 0 0 0 0 0]	[0 0 0 0 0 0]	[0 0 0 0 1 1]
5	0.23999999463558197	5.2610392570495605	1.3298273086547852	0.8571075797080994	1.5299474000930786	1.5441571474075317	False	[1 0 0 0 0 0]	[1 0 0 0 0 0]	[0 0 1 0 0 0]	[0 0 0 0 0 1]
5	0.16249999403953552	4.740324020385742	1.3315147161483765	0.8950016498565674	1.021604299545288	1.4922032356262207	False	[0 0 0 0 0 0]	[0 0 0 0 0 0]	[0 0 0 0 0 0]	[0 0 0 0 1 1]
5	0.27000001072883606	5.284778118133545	1.3568483591079712	0.8599450588226318	1.5241488218307495	1.5438356399536133	False	[1 0 0 0 0 0]	[1 0 0 0 0 0]	[0 0 1 0 0 0]	[0 0 0 0 0 1]
5	0.17749999463558197	4.816065788269043	1.3901407718658447	0.8788488507270813	1.053227424621582	1.4938490390777588	False	[0 0 0 0 0 0]	[0 0 0 0 0 0]	[0 0 0 0 0 0]	[0 0 0 0 1 1]
5	0.23499999940395355	5.273972034454346	1.3746778964996338	0.8607382774353027	1.5038890838623047	1.534666657447815	False	[1 0 0 0 0 0]	[1 0 0 0 0 0]	[0 0 1 0 0 0]	[0 0 0 0 0 1]
5	0.18250000476837158	4.720781326293945	1.2861016988754272	0.9020090103149414	1.102583408355713	1.4300870895385742	False	[0 0 0 0 0 0]	[0 0 0 0 0 0]	[0 0 0 0 0 0]	[0 0 0 0 1 1]
5	0.2549999952316284	5.2777791023254395	1.3686773777008057	0.8599153757095337	1.5296013355255127	1.5195848941802979	False	[1 0 0 0 0 0]	[1 0 0 0 0 0]	[0 0 1 0 0 0]	[0 0 0 0 0 1]
5	0.1550000011920929	4.724862098693848	1.3385770320892334	0.8692344427108765	1.0328372716903687	1.4842133522033691	False	[0 0 0 0 0 0]	[0 0 0 0 0 0]	[0 0 0 0 0 0]	[0 0 0 0 1 1]
5	0.2549999952316284	5.257668972015381	1.359297752380371	0.8738290667533875	1.4962193965911865	1.5283228158950806	False	[1 0 0 0 0 0]	[1 0 0 0 0 0]	[0 0 1 0 0 0]	[0 0 0 0 0 1]
5	0.17249999940395355	4.726731300354004	1.3567748069763184	0.8665285706520081	1.0165889263153076	1.486838936805725	False	[0 0 0 0 0 0]	[0 0 0 0 0 0]	[0 0 0 0 0 0]	[0 0 0 0 1 1]
5	0.23000000417232513	5.277170181274414	1.3847216367721558	0.8746708035469055	1.4992117881774902	1.5185661315917969	False	[1 0 0 0 0 0]	[1 0 0 0 0 0]	[0 0 1 0 0 0]	[0 0 0 0 0 1]
5	0.20250000059604645	4.742780685424805	1.3510855436325073	0.8862016201019287	1.046144723892212	1.4593491554260254	False	[0 0 0 0 0 0]	[0 0 0 0 0 0]	[0 0 0 0 0 0]	[0 0 0 0 1 1]
5	0.20999999344348907	5.246548652648926	1.3822640180587769	0.8644649982452393	1.5052517652511597	1.494568109512329	False	[1 0 0 0 0 0]	[1 0 0 0 0 0]	[0 0 1 0 0 0]	[0 0 0 0 0 1]
5	0.1599999964237213	4.797794342041016	1.357972264289856	0.89687180519104	1.098529577255249	1.4444206953048706	False	[0 0 0 0 0 0]	[0 0 0 0 0 0]	[0 0 0 0 0 0]	[0 0 0 0 1 1]
5	0.2549999952316284	5.2429938316345215	1.3695951700210571	0.8548206090927124	1.4890055656433105	1.529572606086731	False	[1 0 0 0 0 0]	[1 0 0 0 0 0]	[0 0 1 0 0 0]	[0 0 0 0 0 1]
5	0.19499999284744263	4.732571125030518	1.3486344814300537	0.8845876455307007	1.0089747905731201	1.4903743267059326	False	[0 0 0 0 0 0]	[0 0 0 0 0 0]	[0 0 0 0 0 0]	[0 0 0 0 1 1]
5	0.25999999046325684	5.2005720138549805	1.3535640239715576	0.8705242872238159	1.461106538772583	1.5153772830963135	False	[1 0 0 0 0 0]	[1 0 0 0 0 0]	[0 0 1 0 0 0]	[0 0 0 0 0 1]
5	0.17499999701976776	4.72025728225708	1.3131428956985474	0.9067808985710144	1.0345282554626465	1.465805172920227	False	[0 0 0 0 0 0]	[0 0 0 0 0 0]	[0 0 0 0 0 0]	[0 0 0 0 1 1]
5	0.23499999940395355	5.270962238311768	1.3822420835494995	0.8765490055084229	1.4985237121582031	1.5136475563049316	False	[1 0 0 0 0 0]	[1 0 0 0 0 0]	[0 0 1 0 0 0]	[0 0 0 0 0 1]
5	0.19249999523162842	4.766005992889404	1.3573354482650757	0.8721722364425659	1.0660041570663452	1.4704943895339966	False	[0 0 0 0 0 0]	[0 0 0 0 0 0]	[0 0 0 0 0 0]	[0 0 0 0 1 1]
6	0.14499999582767487	4.030765533447266	0.4375579059123993	0.7458643913269043	1.3549753427505493	1.4923675060272217	False	[1 0 0 0 0 0]	[0 0 0 1 0 0]	[0 0 0 1 0 0]	[0 0 0 1 0 0]
6	0.12999999523162842	3.159310817718506	0.278447687625885	0.49167412519454956	1.1197118759155273	1.269477128982544	False	[0 0 0 0 0 0]	[0 0 0 0 0 0]	[0 0 0 0 0 0]	[0 0 0 0 0 0]
6	0.13500000536441803	4.022674560546875	0.4406653642654419	0.7377339005470276	1.3586299419403076	1.4856452941894531	False	[1 0 0 0 0 0]	[0 0 0 1 0 0]	[0 0 0 1 0 0]	[0 0 0 1 0 0]
6	0.125	3.1826729774475098	0.27904820442199707	0.4986889362335205	1.1325867176055908	1.2723489999771118	False	[0 0 0 0 0 0]	[0 0 0 0 0 0]	[0 0 0 0 0 0]	[0 0 0 0 0 0]
6	0.13750000298023224	3.98289155960083	0.4147171676158905	0.7382851839065552	1.3457798957824707	1.4841095209121704	False	[1 0 0 0 0 0]	[0 0 0 1 0 0]	[0 0 0 1 0 0]	[0 0 0 1 0 0]
6	0.11999999731779099	3.190776824951172	0.3036922812461853	0.49864867329597473	1.098456621170044	1.2899792194366455	False	[0 0 0 0 0 0]	[0 0 0 0 0 0]	[0 0 0 0 0 0]	[0 0 0 0 0 0]
6	0.16500000655651093	4.044206619262695	0.4653066396713257	0.7376542091369629	1.3478691577911377	1.4933767318725586	False	[1 0 0 0 0 0]	[0 0 0 1 0 0]	[0 0 1 0 0 0]	[0 0 0 1 0 0]
6	0.125	4.560225486755371	0.9146827459335327	0.9441701173782349	1.194427251815796	1.5069451332092285	False	[0 0 0 0 0 0]	[0 0 0 0 0 0]	[0 0 0 0 0 0]	[0 0 0 0 0 0]
6	0.13500000536441803	4.013271331787109	0.45438191294670105	0.7316568493843079	1.329127550125122	1.4981052875518799	False	[1 0 0 0 0 0]	[0 0 0 1 0 0]	[0 0 0 1 0 0]	[0 0 0 1 0 0]
6	0.125	3.2098388671875	0.30506694316864014	0.4983510971069336	1.1101863384246826	1.296234369277954	False	[0 0 0 0 0 0]	[0 0 0 0 0 0]	[0 0 0 0 0 0]	[0 0 0 0 0 0]
6	0.12999999523162842	3.9926843643188477	0.4181249737739563	0.7406407594680786	1.341837763786316	1.492080569267273	False	[1 0 0 0 0 0]	[0 0 0 1 0 0]	[0 0 0 1 0 0]	[0 0 0 1 0 0]
6	0.12999999523162842	3.1660268306732178	0.29179710149765015	0.502700686454773	1.0962705612182617	1.2752585411071777	False	[0 0 0 0 0 0]	[0 0 0 0 0 0]	[0 0 0 0 0 0]	[0 0 0 0 0 0]
6	0.14000000059604645	4.061063289642334	0.4547696113586426	0.7508744597434998	1.3435118198394775	1.5119074583053589	False	[1 0 0 0 0 0]	[0 0 0 1 0 0]	[0 0 0 1 0 0]	[0 0 0 1 0 0]
6	0.11999999731779099	3.1908791065216064	0.3044774532318115	0.48879751563072205	1.1253081560134888	1.2722959518432617	False	[0 0 0 0 0 0]	[0 0 0 0 0 0]	[0 0 0 0 0 0]	[0 0 0 0 0 0]
6	0.1850000023841858	4.054774761199951	0.4466456174850464	0.7514739036560059	1.3587260246276855	1.4979292154312134	False	[1 0 0 0 0 0]	[0 0 0 1 0 0]	[0 0 1 0 0 0]	[0 0 0 1 0 0]
6	0.125	4.465559005737305	0.9284112453460693	0.9378905296325684	1.0953454971313477	1.5039118528366089	False	[0 0 0 0 0 0]	[0 0 0 0 0 0]	[0 0 0 0 0 0]	[0 0 0 0 0 0]
6	0.1899999976158142	4.040214538574219	0.4392699599266052	0.7472479939460754	1.3425567150115967	1.511139988899231	False	[1 0 0 0 0 0]	[0 0 0 1 0 0]	[0 0 1 0 0 0]	[0 0 0 1 0 0]
6	0.1274999976158142	4.5369415283203125	0.8214425444602966	0.9266278743743896	1.2907626628875732	1.498108148574829	False	[0 0 0 0 0 0]	[0 0 0 0 0 0]	[0 0 0 0 0 0]	[0 0 0 0 0 0]
6	0.12999999523162842	4.02770471572876	0.4432103931903839	0.7388454079627991	1.345619797706604	1.5000289678573608	False	[1 0 0 0 0 0]	[0 0 0 1 0 0]	[0 0 0 1 0 0]	[0 0 0 1 0 0]
6	0.125	3.195939779281616	0.317654013633728	0.48363474011421204	1.1094478368759155	1.285203218460083	False	[0 0 0 0 0 0]	[0 0 0 0 0 0]	[0 0 0 0 0 0]	[0 0 0 0 0 0]
6	0.13750000298023224	4.023748397827148	0.44697925448417664	0.7492705583572388	1.3299787044525146	1.4975197315216064	False	[1 0 0 0 0 0]	[0 0 0 1 0 0]	[0 0 0 1 0 0]	[0 0 0 1 0 0]
6	0.11999999731779099	3.1813440322875977	0.3020282983779907	0.4939863979816437	1.1107025146484375	1.2746269702911377	False	[0 0 0 0 0 0]	[0 0 0 0 0 0]	[0 0 0 0 0 0]	[0 0 0 0 0 0]
6	0.15000000596046448	4.0201191902160645	0.44798779487609863	0.7313851118087769	1.3408091068267822	1.4999370574951172	False	[1 0 0 0 0 0]	[0 0 0 1 0 0]	[0 0 0 1 0 0]	[0 0 0 1 0 0]
6	0.12250000238418579	3.159376621246338	0.28852519392967224	0.49570590257644653	1.0867688655853271	1.2883765697479248	False	[0 0 0 0 0 0]	[0 0 0 0 0 0]	[0 0 0 0 0 0]	[0 0 0 0 0 0]
6	0.14499999582767487	3.984759569168091	0.4214530885219574	0.7413756847381592	1.3259563446044922	1.4959743022918701	False	[1 0 0 0 0 0]	[0 0 0 1 0 0]	[0 0 0 1 0 0]	[0 0 0 1 0 0]
6	0.12250000238418579	3.1806559562683105	0.30702438950538635	0.4821895956993103	1.1069762706756592	1.2844655513763428	False	[0 0 0 0 0 0]	[0 0 0 0 0 0]	[0 0 0 0 0 0]	[0 0 0 0 0 0]
6	0.19499999284744263	4.020758628845215	0.44664105772972107	0.736472487449646	1.345123052597046	1.4925222396850586	False	[1 0 0 0 0 0]	[0 0 0 1 0 0]	[0 0 1 0 0 0]	[0 0 0 1 0 0]
6	0.125	4.55822229385376	0.9379114508628845	0.9536803960800171	1.1579642295837402	1.5086663961410522	False	[0 0 0 0 0 0]	[0 0 0 0 0 0]	[0 0 0 0 0 0]	[0 0 0 0 0 0]
6	0.15000000596046448	4.015439033508301	0.4393845796585083	0.730218231678009	1.3530431985855103	1.492793083190918	False	[1 0 0 0 0 0]	[0 0 0 1 0 0]	[0 0 0 1 0 0]	[0 0 0 1 0 0]
6	0.12250000238418579	3.1974916458129883	0.28632068634033203	0.49944794178009033	1.1230261325836182	1.2886967658996582	False	[0 0 0 0 0 0]	[0 0 0 0 0 0]	[0 0 0 0 0 0]	[0 0 0 0 0 0]
7	0.125	2.5956411361694336	0.08284785598516464	0.2881320118904114	0.8631901741027832	1.3614709377288818	False	[1 0 0 0 0 0]	[0 0 0 1 0 0]	[0 0 0 1 0 0]	[0 0 0 1 0 0]
7	0.1274999976158142	2.529024124145508	0.15752656757831573	0.2671276926994324	0.8740818500518799	1.2302879095077515	False	[0 0 0 0 0 0]	[0 0 0 0 0 0]	[0 0 0 0 0 0]	[0 0 0 0 0 0]
7	0.12999999523162842	2.6168792247772217	0.09008151292800903	0.29658347368240356	0.8777901530265808	1.352424144744873	False	[1 0 0 0 0 0]	[0 0 0 1 0 0]	[0 0 0 1 0 0]	[0 0 0 1 0 0]
7	0.12250000238418579	2.5037121772766113	0.16921496391296387	0.26042115688323975	0.862027645111084	1.2120484113693237	False	[0 0 0 0 0 0]	[0 0 0 0 0 0]	[0 0 0 0 0 0]	[0 0 0 0 0 0]
7	0.14249999821186066	2.6429266929626465	0.0913514792919159	0.30010083317756653	0.88818359375	1.3632909059524536	False	[1 0 0 0 0 0]	[0 0 0 1 0 0]	[0 0 0 1 0 0]	[0 0 0 1 0 0]
7	0.12250000238418579	2.5087790489196777	0.15913037955760956	0.26280486583709717	0.8531743884086609	1.2336692810058594	False	[0 0 0 0 0 0]	[0 0 0 0 0 0]	[0 0 0 0 0 0]	[0 0 0 0 0 0]
7	0.125	2.597306251525879	0.08214180916547775	0.2981148958206177	0.863586962223053	1.3534624576568604	False	[1 0 0 0 0 0]	[0 0 0 1 0 0]	[0 0 0 1 0 0]	[0 0 0 1 0 0]
7	0.11749999970197678	2.523003101348877	0.1536112278699875	0.2723526656627655	0.8581064343452454	1.2389328479766846	False	[0 0 0 0 0 0]	[0 0 0 0 0 0]	[0 0 0 0 0 0]	[0 0 0 0 0 0]
7	0.13249999284744263	2.582185745239258	0.08702670782804489	0.29129326343536377	0.8471406698226929	1.3567252159118652	False	[1 0 0 0 0 0]	[0 0 0 1 0 0]	[0 0 0 1 0 0]	[0 0 0 1 0 0]
7	0.12999999523162842	2.5648794174194336	0.154386967420578	0.27669012546539307	0.8815448880195618	1.2522575855255127	False	[0 0 0 0 0 0]	[0 0 0 0 0 0]	[0 0 0 0 0 0]	[0 0 0 0 0 0]
7	0.14000000059604645	2.6115169525146484	0.08777584135532379	0.29747921228408813	0.8698276281356812	1.3564343452453613	False	[1 0 0 0 0 0]	[0 0 0 1 0 0]	[0 0 0 1 0 0]	[0 0 0 1 0 0]
7	0.11999999731779099	2.5220232009887695	0.1576187163591385	0.2689710855484009	0.8584689497947693	1.236964464187622	False	[0 0 0 0 0 0]	[0 0 0 0 0 0]	[0 0 0 0 0 0]	[0 0 0 0 0 0]
7	0.13500000536441803	2.561372756958008	0.08564551174640656	0.2845754027366638	0.8337185382843018	1.3574333190917969	False	[1 0 0 0 0 0]	[0 0 0 1 0 0]	[0 0 0 1 0 0]	[0 0 0 1 0 0]
7	0.12250000238418579	2.544827938079834	0.15694120526313782	0.2716253697872162	0.8825915455818176	1.2336698770523071	False	[0 0 0 0 0 0]	[0 0 0 0 0 0]	[0 0 0 0 0 0]	[0 0 0 0 0 0]
7	0.13500000536441803	2.6087827682495117	0.09282340109348297	0.29614773392677307	0.8728652000427246	1.3469465970993042	False	[1 0 0 0 0 0]	[0 0 0 1 0 0]	[0 0 0 1 0 0]	[0 0 0 1 0 0]
7	0.125	2.531644821166992	0.15057168900966644	0.2756131887435913	0.8603746891021729	1.24508535861969	False	[0 0 0 0 0 0]	[0 0 0 0 0 0]	[0 0 0 0 0 0]	[0 0 0 0 0 0]
7	0.13500000536441803	2.601173162460327	0.0867079347372055	0.29131823778152466	0.8645784258842468	1.358568549156189	False	[1 0 0 0 0 0]	[0 0 0 1 0 0]	[0 0 0 1 0 0]	[0 0 0 1 0 0]
7	0.12250000238418579	2.5486035346984863	0.1567920744419098	0.2688590884208679	0.8879594802856445	1.2349927425384521	False	[0 0 0 0 0 0]	[0 0 0 0 0 0]	[0 0 0 0 0 0]	[0 0 0 0 0 0]
7	0.14749999344348907	2.5883564949035645	0.0859728753566742	0.2923586368560791	0.8591270446777344	1.350898027420044	False	[1 0 0 0 0 0]	[0 0 0 1 0 0]	[0 0 0 1 0 0]	[0 0 0 1 0 0]
7	0.12250000238418579	2.5171656608581543	0.14704252779483795	0.27494657039642334	0.8570078015327454	1.238168716430664	False	[0 0 0 0 0 0]	[0 0 0 0 0 0]	[0 0 0 0 0 0]	[0 0 0 0 0 0]
7	0.12999999523162842	2.6017661094665527	0.08407042920589447	0.29955825209617615	0.8634594678878784	1.3546777963638306	False	[1 0 0 0 0 0]	[0 0 0 1 0 0]	[0 0 0 1 0 0]	[0 0 0 1 0 0]
7	0.125	2.4996519088745117	0.1472923755645752	0.27490127086639404	0.8345946669578552	1.2428637742996216	False	[0 0 0 0 0 0]	[0 0 0 0 0 0]	[0 0 0 0 0 0]	[0 0 0 0 0 0]
7	0.13500000536441803	2.593595266342163	0.09439592808485031	0.3008917272090912	0.8450912237167358	1.3532164096832275	False	[1 0 0 0 0 0]	[0 0 0 1 0 0]	[0 0 0 1 0 0]	[0 0 0 1 0 0]
7	0.125	2.4914042949676514	0.16002647578716278	0.26105526089668274	0.8465260863304138	1.2237964868545532	False	[0 0 0 0 0 0]	[0 0 0 0 0 0]	[0 0 0 0 0 0]	[0 0 0 0 0 0]
7	0.14000000059604645	2.6025075912475586	0.08774999529123306	0.2873312532901764	0.8608063459396362	1.3666200637817383	False	[1 0 0 0 0 0]	[0 0 0 1 0 0]	[0 0 0 1 0 0]	[0 0 0 1 0 0]
7	0.11749999970197678	2.6197547912597656	0.14440549910068512	0.2824697196483612	0.8893734812736511	1.3035062551498413	False	[0 0 0 0 0 0]	[0 0 0 0 0 0]	[0 0 0 0 0 0]	[0 0 0 0 0 0]
7	0.14749999344348907	2.6031486988067627	0.09104810655117035	0.2933250069618225	0.8676144480705261	1.3511611223220825	False	[1 0 0 0 0 0]	[0 0 0 1 0 0]	[0 0 0 1 0 0]	[0 0 0 1 0 0]
7	0.11999999731779099	2.5483860969543457	0.1455477625131607	0.2774474322795868	0.8649064302444458	1.2604844570159912	False	[0 0 0 0 0 0]	[0 0 0 0 0 0]	[0 0 0 0 0 0]	[0 0 0 0 0 0]
7	0.125	2.6122684478759766	0.08855752646923065	0.30421188473701477	0.8624805212020874	1.3570184707641602	False	[1 0 0 0 0 0]	[0 0 0 1 0 0]	[0 0 0 1 0 0]	[0 0 0 1 0 0]
7	0.125	2.58103084564209	0.1505381315946579	0.2791029214859009	0.9007874131202698	1.2506022453308105	False	[0 0 0 0 0 0]	[0 0 0 0 0 0]	[0 0 0 0 0 0]	[0 0 0 0 0 0]
8	0.13750000298023224	1.401046633720398	0.03738505393266678	0.13191257417201996	0.2894850969314575	0.9422639012336731	False	[1 0 0 0 0 0]	[0 0 0 1 0 0]	[0 0 0 1 0 0]	[0 0 0 1 0 0]
8	0.11999999731779099	1.275806188583374	0.03039122372865677	0.17627379298210144	0.26256632804870605	0.8065748810768127	False	[0 0 0 0 0 0]	[0 0 0 0 0 0]	[0 0 0 0 0 0]	[0 0 0 0 0 0]
8	0.14499999582767487	1.3797893524169922	0.04002236947417259	0.12993936240673065	0.2879819869995117	0.9218456149101257	False	[1 0 0 0 0 0]	[0 0 0 1 0 0]	[0 0 0 1 0 0]	[0 0 0 1 0 0]
8	0.12250000238418579	1.3007121086120605	0.029187006875872612	0.1795441210269928	0.2820846438407898	0.8098963499069214	False	[0 0 0 0 0 0]	[0 0 0 0 0 0]	[0 0 0 0 0 0]	[0 0 0 0 0 0]
8	0.13249999284744263	1.4079768657684326	0.040185194462537766	0.13102667033672333	0.2927977740764618	0.9439671635627747	False	[1 0 0 0 0 0]	[0 0 0 1 0 0]	[0 0 0 1 0 0]	[0 0 0 1 0 0]
8	0.11999999731779099	1.3417637348175049	0.03071926347911358	0.178877592086792	0.3102065324783325	0.8219603896141052	False	[0 0 0 0 0 0]	[0 0 0 0 0 0]	[0 0 0 0 0 0]	[0 0 0 0 0 0]
8	0.14000000059604645	1.3773634433746338	0.03939098119735718	0.12818503379821777	0.2836051881313324	0.9261822700500488	False	[1 0 0 0 0 0]	[0 0 0 1 0 0]	[0 0 0 1 0 0]	[0 0 0 1 0 0]
8	0.12250000238418579	1.2559144496917725	0.031166287139058113	0.1722138226032257	0.2567813992500305	0.7957528829574585	False	[0 0 0 0 0 0]	[0 0 0 0 0 0]	[0 0 0 0 0 0]	[0 0 0 0 0 0]
8	0.14000000059604645	1.395082712173462	0.038656193763017654	0.12977586686611176	0.28897225856781006	0.937678337097168	False	[1 0 0 0 0 0]	[0 0 0 1 0 0]	[0 0 0 1 0 0]	[0 0 0 1 0 0]
8	0.12999999523162842	1.2711186408996582	0.029531842097640038	0.17723925411701202	0.2685141861438751	0.7958333492279053	False	[0 0 0 0 0 0]	[0 0 0 0 0 0]	[0 0 0 0 0 0]	[0 0 0 0 0 0]
8	0.125	1.3721593618392944	0.03931479901075363	0.12896347045898438	0.27558889985084534	0.9282921552658081	False	[1 0 0 0 0 0]	[0 0 0 1 0 0]	[0 0 0 1 0 0]	[0 0 0 1 0 0]
8	0.11999999731779099	1.2719087600708008	0.03185128793120384	0.17267906665802002	0.27084144949913025	0.796536922454834	False	[0 0 0 0 0 0]	[0 0 0 0 0 0]	[0 0 0 0 0 0]	[0 0 0 0 0 0]
8	0.13249999284744263	1.4050873517990112	0.040830209851264954	0.12728141248226166	0.298368364572525	0.9386073350906372	False	[1 0 0 0 0 0]	[0 0 0 1 0 0]	[0 0 0 1 0 0]	[0 0 0 1 0 0]
8	0.11749999970197678	1.2404634952545166	0.032794203609228134	0.1698887050151825	0.25513985753059387	0.7826407551765442	False	[0 0 0 0 0 0]	[0 0 0 0 0 0]	[0 0 0 0 0 0]	[0 0 0 0 0 0]
8	0.13500000536441803	1.3932727575302124	0.03942253813147545	0.12962877750396729	0.28993889689445496	0.9342825412750244	False	[1 0 0 0 0 0]	[0 0 0 1 0 0]	[0 0 0 1 0 0]	[0 0 0 1 0 0]
8	0.12250000238418579	1.295285940170288	0.030439721420407295	0.17538776993751526	0.27403801679611206	0.815420389175415	False	[0 0 0 0 0 0]	[0 0 0 0 0 0]	[0 0 0 0 0 0]	[0 0 0 0 0 0]
8	0.1274999976158142	1.3659813404083252	0.03944495692849159	0.12602737545967102	0.27649977803230286	0.9240092039108276	False	[1 0 0 0 0 0]	[0 0 0 1 0 0]	[0 0 0 1 0 0]	[0 0 0 1 0 0]
8	0.125	1.285662293434143	0.029614223167300224	0.17952431738376617	0.2701016068458557	0.8064221143722534	False	[0 0 0 0 0 0]	[0 0 0 0 0 0]	[0 0 0 0 0 0]	[0 0 0 0 0 0]
8	0.14249999821186066	1.3745516538619995	0.039957139641046524	0.12626765668392181	0.2776850759983063	0.930641770362854	False	[1 0 0 0 0 0]	[0 0 0 1 0 0]	[0 0 0 1 0 0]	[0 0 0 1 0 0]
8	0.12250000238418579	1.2630223035812378	0.03052864596247673	0.17574024200439453	0.2615555226802826	0.7951979041099548	False	[0 0 0 0 0 0]	[0 0 0 0 0 0]	[0 0 0 0 0 0]	[0 0 0 0 0 0]
8	0.13249999284744263	1.393444299697876	0.03949454054236412	0.1289014220237732	0.28000470995903015	0.945043683052063	False	[1 0 0 0 0 0]	[0 0 0 1 0 0]	[0 0 0 1 0 0]	[0 0 0 1 0 0]
8	0.12250000238418579	1.2561655044555664	0.03079291805624962	0.17553743720054626	0.25442808866500854	0.7954069972038269	False	[0 0 0 0 0 0]	[0 0 0 0 0 0]	[0 0 0 0 0 0]	[0 0 0 0 0 0]
8	0.1525000035762787	1.384368658065796	0.039989273995161057	0.12958431243896484	0.28404003381729126	0.9307550191879272	False	[1 0 0 0 0 0]	[0 0 0 1 0 0]	[0 0 0 1 0 0]	[0 0 0 1 0 0]
8	0.11749999970197678	1.2486414909362793	0.031575288623571396	0.17107224464416504	0.2602054178714752	0.7857884764671326	False	[0 0 0 0 0 0]	[0 0 0 0 0 0]	[0 0 0 0 0 0]	[0 0 0 0 0 0]
8	0.13750000298023224	1.4114073514938354	0.039592012763023376	0.1315537542104721	0.29623132944107056	0.944030225276947	False	[1 0 0 0 0 0]	[0 0 0 1 0 0]	[0 0 0 1 0 0]	[0 0 0 1 0 0]
8	0.125	1.285345196723938	0.029227545484900475	0.1802707016468048	0.26921775937080383	0.8066291809082031	False	[0 0 0 0 0 0]	[0 0 0 0 0 0]	[0 0 0 0 0 0]	[0 0 0 0 0 0]
8	0.14000000059604645	1.4034502506256104	0.03904389962553978	0.13009807467460632	0.29546213150024414	0.9388461112976074	False	[1 0 0 0 0 0]	[0 0 0 1 0 0]	[0 0 0 1 0 0]	[0 0 0 1 0 0]
8	0.11999999731779099	1.2590330839157104	0.03342971205711365	0.16941606998443604	0.2635495662689209	0.7926377058029175	False	[0 0 0 0 0 0]	[0 0 0 0 0 0]	[0 0 0 0 0 0]	[0 0 0 0 0 0]
8	0.13249999284744263	1.399510383605957	0.041689854115247726	0.1301169991493225	0.29273414611816406	0.934969425201416	False	[1 0 0 0 0 0]	[0 0 0 1 0 0]	[0 0 0 1 0 0]	[0 0 0 1 0 0]
8	0.125	1.2641575336456299	0.033534128218889236	0.17408093810081482	0.2620409429073334	0.7945016026496887	False	[0 0 0 0 0 0]	[0 0 0 0 0 0]	[0 0 0 0 0 0]	[0 0 0 0 0 0]
9	0.13500000536441803	0.6181994676589966	0.012012192979454994	0.039589330554008484	0.1356024146080017	0.43099555373191833	False	[1 0 0 0 0 0]	[0 0 0 1 0 0]	[0 0 0 1 0 0]	[0 0 0 1 0 0]
9	0.11999999731779099	0.623386025428772	0.012935565784573555	0.06370217353105545	0.11746630072593689	0.429282009601593	False	[0 0 0 0 0 0]	[0 0 0 0 0 0]	[0 0 0 0 0 0]	[0 0 0 0 0 0]
9	0.13750000298023224	0.6288301944732666	0.01163253653794527	0.040813032537698746	0.1410840004682541	0.43530064821243286	False	[1 0 0 0 0 0]	[0 0 0 1 0 0]	[0 0 0 1 0 0]	[0 0 0 1 0 0]
9	0.12250000238418579	0.6374146938323975	0.01256601046770811	0.06522732973098755	0.12366194278001785	0.4359593987464905	False	[0 0 0 0 0 0]	[0 0 0 0 0 0]	[0 0 0 0 0 0]	[0 0 0 0 0 0]
9	0.14000000059604645	0.6240025162696838	0.011556319892406464	0.040682755410671234	0.14002028107643127	0.43174317479133606	False	[1 0 0 0 0 0]	[0 0 0 1 0 0]	[0 0 0 1 0 0]	[0 0 0 1 0 0]
9	0.1274999976158142	0.6157522201538086	0.012533810921013355	0.0635119080543518	0.11480645090341568	0.4249000549316406	False	[0 0 0 0 0 0]	[0 0 0 0 0 0]	[0 0 0 0 0 0]	[0 0 0 0 0 0]
9	0.1274999976158142	0.6296831369400024	0.01155416201800108	0.039522185921669006	0.13777220249176025	0.44083458185195923	False	[1 0 0 0 0 0]	[0 0 0 1 0 0]	[0 0 0 1 0 0]	[0 0 0 1 0 0]
9	0.12250000238418579	0.6269917488098145	0.011945883743464947	0.06506439298391342	0.12024559825658798	0.42973586916923523	False	[0 0 0 0 0 0]	[0 0 0 0 0 0]	[0 0 0 0 0 0]	[0 0 0 0 0 0]
9	0.13500000536441803	0.6351332664489746	0.011641955003142357	0.040490809828042984	0.14326255023479462	0.4397379755973816	False	[1 0 0 0 0 0]	[0 0 0 1 0 0]	[0 0 0 1 0 0]	[0 0 0 1 0 0]
9	0.1274999976158142	0.6374058723449707	0.012650287710130215	0.06407410651445389	0.12232306599617004	0.4383584260940552	False	[0 0 0 0 0 0]	[0 0 0 0 0 0]	[0 0 0 0 0 0]	[0 0 0 0 0 0]
9	0.13249999284744263	0.6231906414031982	0.01156581100076437	0.040326815098524094	0.13627207279205322	0.4350259304046631	False	[1 0 0 0 0 0]	[0 0 0 1 0 0]	[0 0 0 1 0 0]	[0 0 0 1 0 0]
9	0.11999999731779099	0.6256306171417236	0.012371109798550606	0.06334098428487778	0.11658576875925064	0.43333274126052856	False	[0 0 0 0 0 0]	[0 0 0 0 0 0]	[0 0 0 0 0 0]	[0 0 0 0 0 0]
9	0.15000000596046448	0.6255772113800049	0.011730503290891647	0.039232369512319565	0.13769984245300293	0.43691450357437134	False	[1 0 0 0 0 0]	[0 0 0 1 0 0]	[0 0 0 1 0 0]	[0 0 0 1 0 0]
9	0.12250000238418579	0.6189796924591064	0.012851792387664318	0.06408865749835968	0.11605976521968842	0.42597946524620056	False	[0 0 0 0 0 0]	[0 0 0 0 0 0]	[0 0 0 0 0 0]	[0 0 0 0 0 0]
9	0.14749999344348907	0.626434862613678	0.011411551386117935	0.04036615043878555	0.13704487681388855	0.43761229515075684	False	[1 0 0 0 0 0]	[0 0 0 1 0 0]	[0 0 0 1 0 0]	[0 0 0 1 0 0]
9	0.11999999731779099	0.6230867505073547	0.012630444020032883	0.06338345259428024	0.11803343147039413	0.4290394186973572	False	[0 0 0 0 0 0]	[0 0 0 0 0 0]	[0 0 0 0 0 0]	[0 0 0 0 0 0]
9	0.13249999284744263	0.6223289966583252	0.012330681085586548	0.03888164833188057	0.13743680715560913	0.43367987871170044	False	[1 0 0 0 0 0]	[0 0 0 1 0 0]	[0 0 0 1 0 0]	[0 0 0 1 0 0]
9	0.12250000238418579	0.6234736442565918	0.012704553082585335	0.06371518969535828	0.11760208010673523	0.4294517934322357	False	[0 0 0 0 0 0]	[0 0 0 0 0 0]	[0 0 0 0 0 0]	[0 0 0 0 0 0]
9	0.14000000059604645	0.6298530101776123	0.012025589123368263	0.03925124183297157	0.14045241475105286	0.43812379240989685	False	[1 0 0 0 0 0]	[0 0 0 1 0 0]	[0 0 0 1 0 0]	[0 0 0 1 0 0]
9	0.125	0.6247061491012573	0.013190951198339462	0.0657423734664917	0.11678775399923325	0.428985059261322	False	[0 0 0 0 0 0]	[0 0 0 0 0 0]	[0 0 0 0 0 0]	[0 0 0 0 0 0]
9	0.13500000536441803	0.6290679574012756	0.011599991470575333	0.040822938084602356	0.14274245500564575	0.4339025616645813	False	[1 0 0 0 0 0]	[0 0 0 1 0 0]	[0 0 0 1 0 0]	[0 0 0 1 0 0]
9	0.12250000238418579	0.6188569068908691	0.013247116468846798	0.06407483667135239	0.11434317380189896	0.42719176411628723	False	[0 0 0 0 0 0]	[0 0 0 0 0 0]	[0 0 0 0 0 0]	[0 0 0 0 0 0]
9	0.13750000298023224	0.6214693188667297	0.01151325274258852	0.039387594908475876	0.13542905449867249	0.43513941764831543	False	[1 0 0 0 0 0]	[0 0 0 1 0 0]	[0 0 0 1 0 0]	[0 0 0 1 0 0]
9	0.125	0.6200137138366699	0.012595579959452152	0.06484398990869522	0.11722643673419952	0.4253477454185486	False	[0 0 0 0 0 0]	[0 0 0 0 0 0]	[0 0 0 0 0 0]	[0 0 0 0 0 0]
9	0.13500000536441803	0.6269370317459106	0.011813405901193619	0.03864265978336334	0.13724873960018158	0.4392322301864624	False	[1 0 0 0 0 0]	[0 0 0 1 0 0]	[0 0 0 1 0 0]	[0 0 0 1 0 0]
9	0.11749999970197678	0.6357680559158325	0.012193378061056137	0.06563203781843185	0.12215405702590942	0.4357886016368866	False	[0 0 0 0 0 0]	[0 0 0 0 0 0]	[0 0 0 0 0 0]	[0 0 0 0 0 0]
9	0.13750000298023224	0.6319085955619812	0.012021435424685478	0.03893575444817543	0.14141371846199036	0.4395377039909363	False	[1 0 0 0 0 0]	[0 0 0 1 0 0]	[0 0 0 1 0 0]	[0 0 0 1 0 0]
9	0.11749999970197678	0.6240822076797485	0.01312536932528019	0.06323906779289246	0.11954685300588608	0.4281708896160126	False	[0 0 0 0 0 0]	[0 0 0 0 0 0]	[0 0 0 0 0 0]	[0 0 0 0 0 0]
9	0.13500000536441803	0.6296444535255432	0.011967468075454235	0.04081306606531143	0.14137743413448334	0.43548649549484253	False	[1 0 0 0 0 0]	[0 0 0 1 0 0]	[0 0 0 1 0 0]	[0 0 0 1 0 0]
9	0.12250000238418579	0.6277527809143066	0.012243284843862057	0.06355157494544983	0.11984719336032867	0.4321107268333435	False	[0 0 0 0 0 0]	[0 0 0 0 0 0]	[0 0 0 0 0 0]	[0 0 0 0 0 0]
10	0.15000000596046448	0.5309454202651978	0.009571446105837822	0.025924090296030045	0.2921580374240875	0.20329180359840393	False	[1 0 0 0 0 0]	[0 0 0 1 0 0]	[0 0 0 1 0 0]	[0 0 0 1 0 0]
10	0.11999999731779099	0.5830735564231873	0.01441829651594162	0.03389226645231247	0.28185147047042847	0.2529115080833435	False	[0 0 0 0 0 0]	[0 0 0 0 0 0]	[0 0 0 0 0 0]	[0 0 0 0 0 0]
10	0.15000000596046448	0.5271170139312744	0.009470995515584946	0.025664834305644035	0.2886119484901428	0.20336924493312836	False	[1 0 0 0 0 0]	[0 0 0 1 0 0]	[0 0 0 1 0 0]	[0 0 0 1 0 0]
10	0.12250000238418579	0.5528944730758667	0.01470434945076704	0.03349843621253967	0.25812339782714844	0.24656832218170166	False	[0 0 0 0 0 0]	[0 0 0 0 0 0]	[0 0 0 0 0 0]	[0 0 0 0 0 0]
10	0.14000000059604645	0.5096417665481567	0.009626561775803566	0.024647362530231476	0.2723669409751892	0.20300087332725525	False	[1 0 0 0 0 0]	[0 0 0 1 0 0]	[0 0 0 1 0 0]	[0 0 0 1 0 0]
10	0.11749999970197678	0.5639636516571045	0.0138100516051054	0.03375773876905441	0.2633560597896576	0.25303977727890015	False	[0 0 0 0 0 0]	[0 0 0 0 0 0]	[0 0 0 0 0 0]	[0 0 0 0 0 0]
10	0.14499999582767487	0.5333211421966553	0.009653895162045956	0.025315526872873306	0.29230645298957825	0.2060452401638031	False	[1 0 0 0 0 0]	[0 0 0 1 0 0]	[0 0 0 1 0 0]	[0 0 0 1 0 0]
10	0.1274999976158142	0.5923635959625244	0.013506141491234303	0.03404057025909424	0.28507566452026367	0.2597411870956421	False	[0 0 0 0 0 0]	[0 0 0 0 0 0]	[0 0 0 0 0 0]	[0 0 0 0 0 0]
10	0.13500000536441803	0.519948422908783	0.00988085474818945	0.025122037157416344	0.2821129560470581	0.20283256471157074	False	[1 0 0 0 0 0]	[0 0 0 1 0 0]	[0 0 0 1 0 0]	[0 0 0 1 0 0]
10	0.125	0.561988353729248	0.014367446303367615	0.033028051257133484	0.2599954903125763	0.25459733605384827	False	[0 0 0 0 0 0]	[0 0 0 0 0 0]	[0 0 0 0 0 0]	[0 0 0 0 0 0]
10	0.12999999523162842	0.5327919125556946	0.009642744436860085	0.02599724568426609	0.2912721037864685	0.205879807472229	False	[1 0 0 0 0 0]	[0 0 0 1 0 0]	[0 0 0 1 0 0]	[0 0 0 1 0 0]
10	0.12250000238418579	0.5542758107185364	0.014515276066958904	0.03329116478562355	0.2585795521736145	0.24788983166217804	False	[0 0 0 0 0 0]	[0 0 0 0 0 0]	[0 0 0 0 0 0]	[0 0 0 0 0 0]
10	0.13500000536441803	0.5404291749000549	0.009415159933269024	0.025757329538464546	0.2970019280910492	0.20825475454330444	False	[1 0 0 0 0 0]	[0 0 0 1 0 0]	[0 0 0 1 0 0]	[0 0 0 1 0 0]
10	0.12250000238418579	0.571397602558136	0.013693361543118954	0.03355502337217331	0.2720639705657959	0.25208523869514465	False	[0 0 0 0 0 0]	[0 0 0 0 0 0]	[0 0 0 0 0 0]	[0 0 0 0 0 0]
10	0.13249999284744263	0.5253407955169678	0.00929710827767849	0.025672530755400658	0.28512102365493774	0.2052501142024994	False	[1 0 0 0 0 0]	[0 0 0 1 0 0]	[0 0 0 1 0 0]	[0 0 0 1 0 0]
10	0.125	0.5781413316726685	0.01357993483543396	0.03389479219913483	0.2792139947414398	0.25145262479782104	False	[0 0 0 0 0 0]	[0 0 0 0 0 0]	[0 0 0 0 0 0]	[0 0 0 0 0 0]
10	0.14499999582767487	0.5119422674179077	0.009753415361046791	0.02500057779252529	0.27464810013771057	0.20254017412662506	False	[1 0 0 0 0 0]	[0 0 0 1 0 0]	[0 0 0 1 0 0]	[0 0 0 1 0 0]
10	0.125	0.5624152421951294	0.014589903876185417	0.03351442888379097	0.26564323902130127	0.2486676424741745	False	[0 0 0 0 0 0]	[0 0 0 0 0 0]	[0 0 0 0 0 0]	[0 0 0 0 0 0]
10	0.13750000298023224	0.5177550315856934	0.009673894383013248	0.025091804563999176	0.27815482020378113	0.20483452081680298	False	[1 0 0 0 0 0]	[0 0 0 1 0 0]	[0 0 0 1 0 0]	[0 0 0 1 0 0]
10	0.125	0.5839880704879761	0.012997835874557495	0.03430597111582756	0.2803589403629303	0.25632530450820923	False	[0 0 0 0 0 0]	[0 0 0 0 0 0]	[0 0 0 0 0 0]	[0 0 0 0 0 0]
10	0.13500000536441803	0.5188830494880676	0.00954253040254116	0.025590436533093452	0.27862322330474854	0.20512686669826508	False	[1 0 0 0 0 0]	[0 0 0 1 0 0]	[0 0 0 1 0 0]	[0 0 0 1 0 0]
10	0.11999999731779099	0.5688992738723755	0.014159893617033958	0.03340143710374832	0.2702001929283142	0.25113770365715027	False	[0 0 0 0 0 0]	[0 0 0 0 0 0]	[0 0 0 0 0 0]	[0 0 0 0 0 0]
10	0.13500000536441803	0.5171760320663452	0.009440628811717033	0.025222646072506905	0.2801441550254822	0.2023686170578003	False	[1 0 0 0 0 0]	[0 0 0 1 0 0]	[0 0 0 1 0 0]	[0 0 0 1 0 0]
10	0.125	0.5616083145141602	0.014742279425263405	0.032808996737003326	0.2642897069454193	0.24976736307144165	False	[0 0 0 0 0 0]	[0 0 0 0 0 0]	[0 0 0 0 0 0]	[0 0 0 0 0 0]
10	0.11999999731779099	0.5307679176330566	0.00938127189874649	0.025711681693792343	0.2894805371761322	0.20619440078735352	False	[1 0 0 0 0 0]	[0 0 0 1 0 0]	[0 0 0 1 0 0]	[0 0 0 1 0 0]
10	0.11999999731779099	0.5568329691886902	0.014145413413643837	0.032918013632297516	0.2605924606323242	0.24917708337306976	False	[0 0 0 0 0 0]	[0 0 0 0 0 0]	[0 0 0 0 0 0]	[0 0 0 0 0 0]
10	0.14000000059604645	0.5281721353530884	0.009463511407375336	0.025713138282299042	0.28880956768989563	0.2041858732700348	False	[1 0 0 0 0 0]	[0 0 0 1 0 0]	[0 0 0 1 0 0]	[0 0 0 1 0 0]
10	0.12250000238418579	0.5564688444137573	0.014791258610785007	0.032443925738334656	0.2619871199131012	0.24724650382995605	False	[0 0 0 0 0 0]	[0 0 0 0 0 0]	[0 0 0 0 0 0]	[0 0 0 0 0 0]
10	0.13750000298023224	0.5301512479782104	0.009067447856068611	0.025839349254965782	0.2861989736557007	0.20904549956321716	False	[1 0 0 0 0 0]	[0 0 0 1 0 0]	[0 0 0 1 0 0]	[0 0 0 1 0 0]
10	0.12250000238418579	0.5644850134849548	0.014381378889083862	0.03357413411140442	0.2670901417732239	0.24943934381008148	False	[0 0 0 0 0 0]	[0 0 0 0 0 0]	[0 0 0 0 0 0]	[0 0 0 0 0 0]
11	0.14249999821186066	0.565287709236145	0.025674806907773018	0.00573216937482357	0.34163203835487366	0.19224868714809418	False	[1 0 0 0 0 0]	[0 0 0 1 0 0]	[0 0 0 1 0 0]	[0 0 0 1 0 0]
11	0.12250000238418579	0.5116206407546997	0.057791247963905334	0.014035664498806	0.3385138511657715	0.10127987712621689	False	[0 0 0 0 0 0]	[0 0 0 0 0 0]	[0 0 0 0 0 0]	[0 0 0 0 0 0]
11	0.1274999976158142	0.5672692060470581	0.025233233347535133	0.005606993567198515	0.3381733298301697	0.19825568795204163	False	[1 0 0 0 0 0]	[0 0 0 1 0 0]	[0 0 0 1 0 0]	[0 0 0 1 0 0]
11	0.1274999976158142	0.5158206820487976	0.06122921407222748	0.014197937212884426	0.34002888202667236	0.10036464780569077	False	[0 0 0 0 0 0]	[0 0 0 0 0 0]	[0 0 0 0 0 0]	[0 0 0 0 0 0]
11	0.13500000536441803	0.5472912192344666	0.02549486793577671	0.005577613599598408	0.3265613317489624	0.18965739011764526	False	[1 0 0 0 0 0]	[0 0 0 1 0 0]	[0 0 0 1 0 0]	[0 0 0 1 0 0]
11	0.11999999731779099	0.515292763710022	0.05799450725317001	0.014526215381920338	0.34088045358657837	0.10189154744148254	False	[0 0 0 0 0 0]	[0 0 0 0 0 0]	[0 0 0 0 0 0]	[0 0 0 0 0 0]
11	0.14000000059604645	0.5309224128723145	0.025834864005446434	0.005488386377692223	0.31269359588623047	0.18690553307533264	False	[1 0 0 0 0 0]	[0 0 0 1 0 0]	[0 0 0 1 0 0]	[0 0 0 1 0 0]
11	0.125	0.5079538226127625	0.057866089046001434	0.014551626518368721	0.3340691924095154	0.10146693885326385	False	[0 0 0 0 0 0]	[0 0 0 0 0 0]	[0 0 0 0 0 0]	[0 0 0 0 0 0]
11	0.14249999821186066	0.5725740194320679	0.0237756185233593	0.005428102798759937	0.34001708030700684	0.20335322618484497	False	[1 0 0 0 0 0]	[0 0 0 1 0 0]	[0 0 0 1 0 0]	[0 0 0 1 0 0]
11	0.12250000238418579	0.5036133527755737	0.05639107525348663	0.013555802404880524	0.3275521993637085	0.10611426085233688	False	[0 0 0 0 0 0]	[0 0 0 0 0 0]	[0 0 0 0 0 0]	[0 0 0 0 0 0]
11	0.13750000298023224	0.559079110622406	0.02658938802778721	0.005637806840240955	0.33252260088920593	0.19432930648326874	False	[1 0 0 0 0 0]	[0 0 0 1 0 0]	[0 0 0 1 0 0]	[0 0 0 1 0 0]
11	0.1274999976158142	0.5143930912017822	0.056618109345436096	0.013664481230080128	0.34105056524276733	0.10305995494127274	False	[0 0 0 0 0 0]	[0 0 0 0 0 0]	[0 0 0 0 0 0]	[0 0 0 0 0 0]
11	0.12999999523162842	0.5756579637527466	0.024354837834835052	0.00556409964337945	0.3532125651836395	0.19252648949623108	False	[1 0 0 0 0 0]	[0 0 0 1 0 0]	[0 0 0 1 0 0]	[0 0 0 1 0 0]
11	0.11999999731779099	0.5288626551628113	0.0576581247150898	0.01443853136152029	0.3493334650993347	0.1074325293302536	False	[0 0 0 0 0 0]	[0 0 0 0 0 0]	[0 0 0 0 0 0]	[0 0 0 0 0 0]
11	0.14000000059604645	0.5763797163963318	0.025709306821227074	0.005533809773623943	0.34672921895980835	0.198407381772995	False	[1 0 0 0 0 0]	[0 0 0 1 0 0]	[0 0 0 1 0 0]	[0 0 0 1 0 0]
11	0.12999999523162842	0.5048741698265076	0.05760271102190018	0.014101100154221058	0.3317409157752991	0.10142943263053894	False	[0 0 0 0 0 0]	[0 0 0 0 0 0]	[0 0 0 0 0 0]	[0 0 0 0 0 0]
11	0.12999999523162842	0.5653584003448486	0.025110289454460144	0.005700632464140654	0.3397650122642517	0.19478243589401245	False	[1 0 0 0 0 0]	[0 0 0 1 0 0]	[0 0 0 1 0 0]	[0 0 0 1 0 0]
11	0.12250000238418579	0.5038076639175415	0.05792330577969551	0.013959688134491444	0.3300422728061676	0.10188240557909012	False	[0 0 0 0 0 0]	[0 0 0 0 0 0]	[0 0 0 0 0 0]	[0 0 0 0 0 0]
11	0.13750000298023224	0.5526838302612305	0.025528380647301674	0.005581905134022236	0.32886549830436707	0.19270804524421692	False	[1 0 0 0 0 0]	[0 0 0 1 0 0]	[0 0 0 1 0 0]	[0 0 0 1 0 0]
11	0.125	0.5186180472373962	0.05688802897930145	0.014028514735400677	0.3438853919506073	0.10381612926721573	False	[0 0 0 0 0 0]	[0 0 0 0 0 0]	[0 0 0 0 0 0]	[0 0 0 0 0 0]
11	0.13750000298023224	0.5458739995956421	0.025516726076602936	0.0053558251820504665	0.3231281042098999	0.19187332689762115	False	[1 0 0 0 0 0]	[0 0 0 1 0 0]	[0 0 0 1 0 0]	[0 0 0 1 0 0]
11	0.125	0.4986833930015564	0.05803205072879791	0.013868777081370354	0.32856181263923645	0.09822077304124832	False	[0 0 0 0 0 0]	[0 0 0 0 0 0]	[0 0 0 0 0 0]	[0 0 0 0 0 0]
11	0.14749999344348907	0.5848360061645508	0.02487613633275032	0.0057742055505514145	0.3537779450416565	0.2004077285528183	False	[1 0 0 0 0 0]	[0 0 0 1 0 0]	[0 0 0 1 0 0]	[0 0 0 1 0 0]
11	0.125	0.4905504584312439	0.05996818095445633	0.01399587094783783	0.3143124580383301	0.10227392613887787	False	[0 0 0 0 0 0]	[0 0 0 0 0 0]	[0 0 0 0 0 0]	[0 0 0 0 0 0]
11	0.12999999523162842	0.5439214706420898	0.02601275034248829	0.005508847534656525	0.32515501976013184	0.18724483251571655	False	[1 0 0 0 0 0]	[0 0 0 1 0 0]	[0 0 0 1 0 0]	[0 0 0 1 0 0]
11	0.1274999976158142	0.5152742266654968	0.05839014798402786	0.015093437395989895	0.3404920697212219	0.10129857808351517	False	[0 0 0 0 0 0]	[0 0 0 0 0 0]	[0 0 0 0 0 0]	[0 0 0 0 0 0]
11	0.1550000011920929	0.5707305073738098	0.025903284549713135	0.005517234094440937	0.33847013115882874	0.2008398473262787	False	[1 0 0 0 0 0]	[0 0 0 1 0 0]	[0 0 0 1 0 0]	[0 0 0 1 0 0]
11	0.11999999731779099	0.5172586441040039	0.060628313571214676	0.014095465652644634	0.33974626660346985	0.10278856754302979	False	[0 0 0 0 0 0]	[0 0 0 0 0 0]	[0 0 0 0 0 0]	[0 0 0 0 0 0]
11	0.14000000059604645	0.5423461198806763	0.02790851891040802	0.005623572506010532	0.3200951814651489	0.18871888518333435	False	[1 0 0 0 0 0]	[0 0 0 1 0 0]	[0 0 0 1 0 0]	[0 0 0 1 0 0]
11	0.12250000238418579	0.5057488679885864	0.05537761375308037	0.013868231326341629	0.3329715132713318	0.10353149473667145	False	[0 0 0 0 0 0]	[0 0 0 0 0 0]	[0 0 0 0 0 0]	[0 0 0 0 0 0]
12	0.13500000536441803	1.1406340599060059	0.04590440168976784	0.004685176536440849	0.36212867498397827	0.7279158234596252	False	[1 0 0 0 0 0]	[0 0 0 1 0 0]	[0 0 0 1 0 0]	[0 0 0 1 0 0]
12	0.12250000238418579	1.0471673011779785	0.08707527816295624	0.007330229971557856	0.23125781118869781	0.7215039730072021	False	[0 0 0 0 0 0]	[0 0 0 0 0 0]	[0 0 0 0 0 0]	[0 0 0 0 0 0]
12	0.13249999284744263	1.1967692375183105	0.04283205047249794	0.004795391112565994	0.3890320956707001	0.7601096630096436	False	[1 0 0 0 0 0]	[0 0 0 1 0 0]	[0 0 0 1 0 0]	[0 0 0 1 0 0]
12	0.12250000238418579	1.003612995147705	0.08121787011623383	0.0072145117446780205	0.2222566455602646	0.6929239630699158	False	[0 0 0 0 0 0]	[0 0 0 0 0 0]	[0 0 0 0 0 0]	[0 0 0 0 0 0]
12	0.13750000298023224	1.1837459802627563	0.04680679738521576	0.004783551208674908	0.37782299518585205	0.7543326616287231	False	[1 0 0 0 0 0]	[0 0 0 1 0 0]	[0 0 0 1 0 0]	[0 0 0 1 0 0]
12	0.11749999970197678	1.0158292055130005	0.08084467053413391	0.007095313165336847	0.22256021201610565	0.7053290009498596	False	[0 0 0 0 0 0]	[0 0 0 0 0 0]	[0 0 0 0 0 0]	[0 0 0 0 0 0]
12	0.125	1.1783816814422607	0.045261308550834656	0.004750644788146019	0.3786619305610657	0.749707818031311	False	[1 0 0 0 0 0]	[0 0 0 1 0 0]	[0 0 0 1 0 0]	[0 0 0 1 0 0]
12	0.125	1.0316215753555298	0.07864904403686523	0.0069861095398664474	0.23021715879440308	0.7157692909240723	False	[0 0 0 0 0 0]	[0 0 0 0 0 0]	[0 0 0 0 0 0]	[0 0 0 0 0 0]
12	0.14249999821186066	1.1579176187515259	0.04403814300894737	0.004660922102630138	0.36313560605049133	0.7460829615592957	False	[1 0 0 0 0 0]	[0 0 0 1 0 0]	[0 0 0 1 0 0]	[0 0 0 1 0 0]
12	0.125	1.0143681764602661	0.08406709879636765	0.007149325218051672	0.22080901265144348	0.7023427486419678	False	[0 0 0 0 0 0]	[0 0 0 0 0 0]	[0 0 0 0 0 0]	[0 0 0 0 0 0]
12	0.1274999976158142	1.149405598640442	0.04447342827916145	0.004631776362657547	0.3637406826019287	0.7365596890449524	False	[1 0 0 0 0 0]	[0 0 0 1 0 0]	[0 0 0 1 0 0]	[0 0 0 1 0 0]
12	0.12250000238418579	1.0723035335540771	0.07289330661296844	0.007407743483781815	0.2549985945224762	0.7370038628578186	False	[0 0 0 0 0 0]	[0 0 0 0 0 0]	[0 0 0 0 0 0]	[0 0 0 0 0 0]
12	0.12999999523162842	1.1746398210525513	0.04553196579217911	0.004719654098153114	0.376590758562088	0.747797429561615	False	[1 0 0 0 0 0]	[0 0 0 1 0 0]	[0 0 0 1 0 0]	[0 0 0 1 0 0]
12	0.12250000238418579	1.058834433555603	0.07517970353364944	0.007165972143411636	0.24553696811199188	0.7309517860412598	False	[0 0 0 0 0 0]	[0 0 0 0 0 0]	[0 0 0 0 0 0]	[0 0 0 0 0 0]
12	0.13500000536441803	1.1302404403686523	0.04607154428958893	0.004651521798223257	0.3537331819534302	0.7257841229438782	False	[1 0 0 0 0 0]	[0 0 0 1 0 0]	[0 0 0 1 0 0]	[0 0 0 1 0 0]
12	0.125	1.0045058727264404	0.0847160667181015	0.007172658108174801	0.21700359880924225	0.6956136226654053	False	[0 0 0 0 0 0]	[0 0 0 0 0 0]	[0 0 0 0 0 0]	[0 0 0 0 0 0]
12	0.14000000059604645	1.1716574430465698	0.04279258847236633	0.004780707880854607	0.3784826695919037	0.7456014752388	False	[1 0 0 0 0 0]	[0 0 0 1 0 0]	[0 0 0 1 0 0]	[0 0 0 1 0 0]
12	0.11999999731779099	1.0148305892944336	0.08306383341550827	0.007233602460473776	0.22338248789310455	0.7011507153511047	False	[0 0 0 0 0 0]	[0 0 0 0 0 0]	[0 0 0 0 0 0]	[0 0 0 0 0 0]
12	0.13500000536441803	1.1415659189224243	0.04551638662815094	0.004624759778380394	0.35920098423957825	0.7322238087654114	False	[1 0 0 0 0 0]	[0 0 0 1 0 0]	[0 0 0 1 0 0]	[0 0 0 1 0 0]
12	0.11999999731779099	1.0155909061431885	0.08147916942834854	0.007110218051820993	0.22619658708572388	0.7008048892021179	False	[0 0 0 0 0 0]	[0 0 0 0 0 0]	[0 0 0 0 0 0]	[0 0 0 0 0 0]
12	0.13249999284744263	1.1033852100372314	0.04822186380624771	0.004537040367722511	0.3375447690486908	0.7130815982818604	False	[1 0 0 0 0 0]	[0 0 0 1 0 0]	[0 0 0 1 0 0]	[0 0 0 1 0 0]
12	0.11749999970197678	1.0746114253997803	0.07203103601932526	0.007413932587951422	0.2522730529308319	0.742893397808075	False	[0 0 0 0 0 0]	[0 0 0 0 0 0]	[0 0 0 0 0 0]	[0 0 0 0 0 0]
12	0.13500000536441803	1.1711822748184204	0.04183148592710495	0.004676027689129114	0.37911319732666016	0.7455615401268005	False	[1 0 0 0 0 0]	[0 0 0 1 0 0]	[0 0 0 1 0 0]	[0 0 0 1 0 0]
12	0.125	1.027745246887207	0.08307836204767227	0.007268333807587624	0.22846855223178864	0.7089300155639648	False	[0 0 0 0 0 0]	[0 0 0 0 0 0]	[0 0 0 0 0 0]	[0 0 0 0 0 0]
12	0.14749999344348907	1.144527792930603	0.04379342496395111	0.004622683860361576	0.3605942726135254	0.7355173826217651	False	[1 0 0 0 0 0]	[0 0 0 1 0 0]	[0 0 0 1 0 0]	[0 0 0 1 0 0]
12	0.125	1.0028221607208252	0.07992424070835114	0.007035593036562204	0.22238397598266602	0.6934783458709717	False	[0 0 0 0 0 0]	[0 0 0 0 0 0]	[0 0 0 0 0 0]	[0 0 0 0 0 0]
12	0.13500000536441803	1.1703917980194092	0.04260344058275223	0.004716070834547281	0.3748233914375305	0.7482489347457886	False	[1 0 0 0 0 0]	[0 0 0 1 0 0]	[0 0 0 1 0 0]	[0 0 0 1 0 0]
12	0.125	0.986967921257019	0.0818646177649498	0.0069333529099822044	0.21528200805187225	0.6828879117965698	False	[0 0 0 0 0 0]	[0 0 0 0 0 0]	[0 0 0 0 0 0]	[0 0 0 0 0 0]
12	0.13249999284744263	1.1539090871810913	0.043688297271728516	0.004678503144532442	0.36600181460380554	0.7395404577255249	False	[1 0 0 0 0 0]	[0 0 0 1 0 0]	[0 0 0 1 0 0]	[0 0 0 1 0 0]
12	0.12250000238418579	1.030957579612732	0.08497503399848938	0.00723022548481822	0.22921019792556763	0.7095420956611633	False	[0 0 0 0 0 0]	[0 0 0 0 0 0]	[0 0 0 0 0 0]	[0 0 0 0 0 0]
13	0.14499999582767487	0.2433335930109024	0.0074219610542058945	0.009756078012287617	0.07411789894104004	0.15203765034675598	False	[1 0 0 0 0 0]	[0 0 0 1 0 0]	[0 0 0 1 0 0]	[0 0 0 1 0 0]
13	0.12250000238418579	0.2872987985610962	0.009592778980731964	0.013618114404380322	0.061923667788505554	0.20216424763202667	False	[0 0 0 0 0 0]	[0 0 0 0 0 0]	[0 0 0 0 0 0]	[0 0 0 0 0 0]
13	0.13249999284744263	0.24616965651512146	0.006921506021171808	0.009888938628137112	0.07545993477106094	0.15389926731586456	False	[1 0 0 0 0 0]	[0 0 0 1 0 0]	[0 0 0 1 0 0]	[0 0 0 1 0 0]
13	0.12250000238418579	0.2688586115837097	0.009688088670372963	0.013180981390178204	0.055914998054504395	0.19007456302642822	False	[0 0 0 0 0 0]	[0 0 0 0 0 0]	[0 0 0 0 0 0]	[0 0 0 0 0 0]
13	0.15000000596046448	0.2443496584892273	0.0074035716243088245	0.00984128937125206	0.07466252893209457	0.15244227647781372	False	[1 0 0 0 0 0]	[0 0 0 1 0 0]	[0 0 0 1 0 0]	[0 0 0 1 0 0]
13	0.11999999731779099	0.2758261263370514	0.009848972782492638	0.013503948226571083	0.05869399011135101	0.19377921521663666	False	[0 0 0 0 0 0]	[0 0 0 0 0 0]	[0 0 0 0 0 0]	[0 0 0 0 0 0]
13	0.14000000059604645	0.2482907921075821	0.0072991494089365005	0.010145183652639389	0.07671821862459183	0.15412823855876923	False	[1 0 0 0 0 0]	[0 0 0 1 0 0]	[0 0 0 1 0 0]	[0 0 0 1 0 0]
13	0.11999999731779099	0.2674708366394043	0.009902927093207836	0.013036657124757767	0.055798567831516266	0.18873268365859985	False	[0 0 0 0 0 0]	[0 0 0 0 0 0]	[0 0 0 0 0 0]	[0 0 0 0 0 0]
13	0.14499999582767487	0.2543911039829254	0.007151546888053417	0.0100263562053442	0.0798565149307251	0.15735669434070587	False	[1 0 0 0 0 0]	[0 0 0 1 0 0]	[0 0 0 1 0 0]	[0 0 0 1 0 0]
13	0.125	0.2733520269393921	0.010388659313321114	0.013415890745818615	0.057282619178295135	0.1922648400068283	False	[0 0 0 0 0 0]	[0 0 0 0 0 0]	[0 0 0 0 0 0]	[0 0 0 0 0 0]
13	0.13500000536441803	0.26791051030158997	0.007260194513946772	0.010131887160241604	0.08813603222370148	0.16238239407539368	False	[1 0 0 0 0 0]	[0 0 0 1 0 0]	[0 0 0 1 0 0]	[0 0 0 1 0 0]
13	0.11999999731779099	0.27822577953338623	0.00994815956801176	0.013197822496294975	0.0598723441362381	0.19520746171474457	False	[0 0 0 0 0 0]	[0 0 0 0 0 0]	[0 0 0 0 0 0]	[0 0 0 0 0 0]
13	0.12999999523162842	0.2514338195323944	0.007155776489526033	0.00992555171251297	0.07903529703617096	0.15531720221042633	False	[1 0 0 0 0 0]	[0 0 0 1 0 0]	[0 0 0 1 0 0]	[0 0 0 1 0 0]
13	0.125	0.28042489290237427	0.010353115387260914	0.013223201036453247	0.06038236245512962	0.19646620750427246	False	[0 0 0 0 0 0]	[0 0 0 0 0 0]	[0 0 0 0 0 0]	[0 0 0 0 0 0]
13	0.13249999284744263	0.2541879117488861	0.007248878479003906	0.009970047511160374	0.07985780388116837	0.15711118280887604	False	[1 0 0 0 0 0]	[0 0 0 1 0 0]	[0 0 0 1 0 0]	[0 0 0 1 0 0]
13	0.11749999970197678	0.2841488718986511	0.010145970620214939	0.01310979388654232	0.06218793988227844	0.19870515167713165	False	[0 0 0 0 0 0]	[0 0 0 0 0 0]	[0 0 0 0 0 0]	[0 0 0 0 0 0]
13	0.12999999523162842	0.24364987015724182	0.0073279426433146	0.009908491745591164	0.07449427992105484	0.1519191563129425	False	[1 0 0 0 0 0]	[0 0 0 1 0 0]	[0 0 0 1 0 0]	[0 0 0 1 0 0]
13	0.12250000238418579	0.2755569815635681	0.009875318966805935	0.013798943720757961	0.05700386315584183	0.19487886130809784	False	[0 0 0 0 0 0]	[0 0 0 0 0 0]	[0 0 0 0 0 0]	[0 0 0 0 0 0]
13	0.12250000238418579	0.24892118573188782	0.007559972815215588	0.009989934042096138	0.07684403657913208	0.15452724695205688	False	[1 0 0 0 0 0]	[0 0 0 1 0 0]	[0 0 0 1 0 0]	[0 0 0 1 0 0]
13	0.12250000238418579	0.2730238437652588	0.00985019002109766	0.013336039148271084	0.05706619471311569	0.19277140498161316	False	[0 0 0 0 0 0]	[0 0 0 0 0 0]	[0 0 0 0 0 0]	[0 0 0 0 0 0]
13	0.125	0.24392640590667725	0.00734658632427454	0.010035654529929161	0.07456911355257034	0.15197505056858063	False	[1 0 0 0 0 0]	[0 0 0 1 0 0]	[0 0 0 1 0 0]	[0 0 0 1 0 0]
13	0.125	0.2755240797996521	0.009769904427230358	0.012869598343968391	0.0590502955019474	0.19383427500724792	False	[0 0 0 0 0 0]	[0 0 0 0 0 0]	[0 0 0 0 0 0]	[0 0 0 0 0 0]
13	0.12999999523162842	0.24931369721889496	0.007309597451239824	0.009778364561498165	0.07787498831748962	0.15435074269771576	False	[1 0 0 0 0 0]	[0 0 0 1 0 0]	[0 0 0 1 0 0]	[0 0 0 1 0 0]
13	0.125	0.28963503241539	0.009725064039230347	0.013190106488764286	0.06406435370445251	0.20265550911426544	False	[0 0 0 0 0 0]	[0 0 0 0 0 0]	[0 0 0 0 0 0]	[0 0 0 0 0 0]
13	0.12999999523162842	0.25733405351638794	0.007039444521069527	0.00970375258475542	0.08289629966020584	0.15769456326961517	False	[1 0 0 0 0 0]	[0 0 0 1 0 0]	[0 0 0 1 0 0]	[0 0 0 1 0 0]
13	0.125	0.2820470333099365	0.010112647898495197	0.013079656288027763	0.0614115335047245	0.1974431872367859	False	[0 0 0 0 0 0]	[0 0 0 0 0 0]	[0 0 0 0 0 0]	[0 0 0 0 0 0]
13	0.14000000059604645	0.25251638889312744	0.006949233822524548	0.01018056645989418	0.07918485254049301	0.15620172023773193	False	[1 0 0 0 0 0]	[0 0 0 1 0 0]	[0 0 0 1 0 0]	[0 0 0 1 0 0]
13	0.125	0.2767391800880432	0.00994072575122118	0.013698485679924488	0.05858005955815315	0.19451990723609924	False	[0 0 0 0 0 0]	[0 0 0 0 0 0]	[0 0 0 0 0 0]	[0 0 0 0 0 0]
13	0.13500000536441803	0.23953144252300262	0.0071647679433226585	0.009905196726322174	0.07195460796356201	0.1505068689584732	False	[1 0 0 0 0 0]	[0 0 0 1 0 0]	[0 0 0 1 0 0]	[0 0 0 1 0 0]
13	0.12250000238418579	0.2865191102027893	0.010440206155180931	0.013061856850981712	0.06304341554641724	0.19997364282608032	False	[0 0 0 0 0 0]	[0 0 0 0 0 0]	[0 0 0 0 0 0]	[0 0 0 0 0 0]
14	0.14000000059604645	0.12567898631095886	0.01226870995014906	0.0024094709660857916	0.04281623661518097	0.06818456202745438	False	[1 0 0 0 0 0]	[0 0 0 1 0 0]	[0 0 0 1 0 0]	[0 0 0 1 0 0]
14	0.12250000238418579	0.3698672354221344	0.08752840012311935	0.003513323375955224	0.10607248544692993	0.17275303602218628	False	[0 0 0 0 0 0]	[0 0 0 0 0 0]	[0 0 0 0 0 0]	[0 0 0 0 0 0]
14	0.13500000536441803	0.11631463468074799	0.011502441018819809	0.0022454673890024424	0.039041917771101	0.06352480500936508	False	[1 0 0 0 0 0]	[0 0 0 1 0 0]	[0 0 0 1 0 0]	[0 0 0 1 0 0]
14	0.12250000238418579	0.36987632513046265	0.08640466630458832	0.003466622671112418	0.10530311614274979	0.17470191419124603	False	[0 0 0 0 0 0]	[0 0 0 0 0 0]	[0 0 0 0 0 0]	[0 0 0 0 0 0]
14	0.125	0.12495243549346924	0.01134495809674263	0.0023323625791817904	0.0425841398537159	0.06869097054004669	False	[1 0 0 0 0 0]	[0 0 0 1 0 0]	[0 0 0 1 0 0]	[0 0 0 1 0 0]
14	0.12250000238418579	0.3835884630680084	0.09340862184762955	0.0036375061608850956	0.10952365398406982	0.1770186722278595	False	[0 0 0 0 0 0]	[0 0 0 0 0 0]	[0 0 0 0 0 0]	[0 0 0 0 0 0]
14	0.1274999976158142	0.11645947396755219	0.01107222680002451	0.0022230481263250113	0.03949276730418205	0.06367143243551254	False	[1 0 0 0 0 0]	[0 0 0 1 0 0]	[0 0 0 1 0 0]	[0 0 0 1 0 0]
14	0.11999999731779099	0.3580108880996704	0.08580262959003448	0.0034315697848796844	0.10145387798547745	0.1673228144645691	False	[0 0 0 0 0 0]	[0 0 0 0 0 0]	[0 0 0 0 0 0]	[0 0 0 0 0 0]
14	0.14749999344348907	0.11255669593811035	0.011259838938713074	0.002213616156950593	0.037337690591812134	0.061745546758174896	False	[1 0 0 0 0 0]	[0 0 0 1 0 0]	[0 0 0 1 0 0]	[0 0 0 1 0 0]
14	0.125	0.3501160740852356	0.08518684655427933	0.003395367180928588	0.09882460534572601	0.16270925104618073	False	[0 0 0 0 0 0]	[0 0 0 0 0 0]	[0 0 0 0 0 0]	[0 0 0 0 0 0]
14	0.14000000059604645	0.12333909422159195	0.011619167402386665	0.0023117957171052694	0.04155750572681427	0.06785062700510025	False	[1 0 0 0 0 0]	[0 0 0 1 0 0]	[0 0 0 1 0 0]	[0 0 0 1 0 0]
14	0.12250000238418579	0.3319096565246582	0.08372322469949722	0.0032953901682049036	0.0905870795249939	0.15430395305156708	False	[0 0 0 0 0 0]	[0 0 0 0 0 0]	[0 0 0 0 0 0]	[0 0 0 0 0 0]
14	0.13750000298023224	0.12541884183883667	0.0116311339661479	0.0023179028648883104	0.0425821915268898	0.0688876211643219	False	[1 0 0 0 0 0]	[0 0 0 1 0 0]	[0 0 0 1 0 0]	[0 0 0 1 0 0]
14	0.12250000238418579	0.38404029607772827	0.09104353934526443	0.003539437660947442	0.10990647971630096	0.17955082654953003	False	[0 0 0 0 0 0]	[0 0 0 0 0 0]	[0 0 0 0 0 0]	[0 0 0 0 0 0]
14	0.1525000035762787	0.12643611431121826	0.012659856118261814	0.002392892027273774	0.04333925247192383	0.06804411113262177	False	[1 0 0 0 0 0]	[0 0 0 1 0 0]	[0 0 0 1 0 0]	[0 0 0 1 0 0]
14	0.11749999970197678	0.3477224111557007	0.08449871838092804	0.0034019690938293934	0.09762081503868103	0.1622008979320526	False	[0 0 0 0 0 0]	[0 0 0 0 0 0]	[0 0 0 0 0 0]	[0 0 0 0 0 0]
14	0.14249999821186066	0.11490816622972488	0.010822293348610401	0.002251842524856329	0.038023270666599274	0.06381075829267502	False	[1 0 0 0 0 0]	[0 0 0 1 0 0]	[0 0 0 1 0 0]	[0 0 0 1 0 0]
14	0.12250000238418579	0.3482891023159027	0.08313655108213425	0.003458247520029545	0.09853900969028473	0.16315528750419617	False	[0 0 0 0 0 0]	[0 0 0 0 0 0]	[0 0 0 0 0 0]	[0 0 0 0 0 0]
14	0.1274999976158142	0.11929894983768463	0.011558852158486843	0.002295116661116481	0.040096018463373184	0.06534896045923233	False	[1 0 0 0 0 0]	[0 0 0 1 0 0]	[0 0 0 1 0 0]	[0 0 0 1 0 0]
14	0.1274999976158142	0.34189552068710327	0.08164109289646149	0.0034009055234491825	0.09612207114696503	0.1607314497232437	False	[0 0 0 0 0 0]	[0 0 0 0 0 0]	[0 0 0 0 0 0]	[0 0 0 0 0 0]
14	0.13500000536441803	0.12339287251234055	0.011792987585067749	0.0023512805346399546	0.04217250272631645	0.06707610189914703	False	[1 0 0 0 0 0]	[0 0 0 1 0 0]	[0 0 0 1 0 0]	[0 0 0 1 0 0]
14	0.125	0.34574753046035767	0.08613309264183044	0.0034208972938358784	0.09649701416492462	0.15969650447368622	False	[0 0 0 0 0 0]	[0 0 0 0 0 0]	[0 0 0 0 0 0]	[0 0 0 0 0 0]
14	0.15000000596046448	0.12176255881786346	0.010322043672204018	0.0022498234175145626	0.041126832365989685	0.06806385517120361	False	[1 0 0 0 0 0]	[0 0 0 1 0 0]	[0 0 0 1 0 0]	[0 0 0 1 0 0]
14	0.12250000238418579	0.3654797375202179	0.08540535718202591	0.003489641472697258	0.10291187465190887	0.1736728549003601	False	[0 0 0 0 0 0]	[0 0 0 0 0 0]	[0 0 0 0 0 0]	[0 0 0 0 0 0]
14	0.14000000059604645	0.11637206375598907	0.011452555656433105	0.0022572840098291636	0.03885864466428757	0.06380357593297958	False	[1 0 0 0 0 0]	[0 0 0 1 0 0]	[0 0 0 1 0 0]	[0 0 0 1 0 0]
14	0.11500000208616257	0.3645685315132141	0.08082590252161026	0.0034194011241197586	0.10497694462537766	0.17534630000591278	False	[0 0 0 0 0 0]	[0 0 0 0 0 0]	[0 0 0 0 0 0]	[0 0 0 0 0 0]
14	0.13500000536441803	0.12550228834152222	0.012005533091723919	0.0023381260689347982	0.04272577166557312	0.06843286007642746	False	[1 0 0 0 0 0]	[0 0 0 1 0 0]	[0 0 0 1 0 0]	[0 0 0 1 0 0]
14	0.125	0.3489411175251007	0.0837731808423996	0.0033509801141917706	0.09669668972492218	0.16512027382850647	False	[0 0 0 0 0 0]	[0 0 0 0 0 0]	[0 0 0 0 0 0]	[0 0 0 0 0 0]
14	0.14499999582767487	0.1130564883351326	0.010990268550813198	0.002220264170318842	0.03778160363435745	0.06206434965133667	False	[1 0 0 0 0 0]	[0 0 0 1 0 0]	[0 0 0 1 0 0]	[0 0 0 1 0 0]
14	0.12250000238418579	0.3602615296840668	0.0843115970492363	0.003515971591696143	0.1033281609416008	0.16910579800605774	False	[0 0 0 0 0 0]	[0 0 0 0 0 0]	[0 0 0 0 0 0]	[0 0 0 0 0 0]
15	0.12999999523162842	0.23438063263893127	0.00836638268083334	0.001181523664854467	0.14720666408538818	0.0776260569691658	False	[1 0 0 0 0 0]	[0 0 0 1 0 0]	[0 0 0 1 0 0]	[0 0 0 1 0 0]
15	0.12250000238418579	0.20430681109428406	0.018973957747220993	0.0017156825633719563	0.11685899645090103	0.0667581707239151	False	[0 0 0 0 0 0]	[0 0 0 0 0 0]	[0 0 0 0 0 0]	[0 0 0 0 0 0]
15	0.13249999284744263	0.19263339042663574	0.0077418675646185875	0.0010980106890201569	0.11846110969781876	0.06533239781856537	False	[1 0 0 0 0 0]	[0 0 0 1 0 0]	[0 0 0 1 0 0]	[0 0 0 1 0 0]
15	0.125	0.198800191283226	0.01956009492278099	0.0017106740269809961	0.11227094382047653	0.06525847315788269	False	[0 0 0 0 0 0]	[0 0 0 0 0 0]	[0 0 0 0 0 0]	[0 0 0 0 0 0]
15	0.14499999582767487	0.22392576932907104	0.008563082665205002	0.0011838183272629976	0.13897088170051575	0.07520800083875656	False	[1 0 0 0 0 0]	[0 0 0 1 0 0]	[0 0 0 1 0 0]	[0 0 0 1 0 0]
15	0.125	0.2098109871149063	0.021859193220734596	0.001776901539415121	0.11886812746524811	0.0673067718744278	False	[0 0 0 0 0 0]	[0 0 0 0 0 0]	[0 0 0 0 0 0]	[0 0 0 0 0 0]
15	0.12999999523162842	0.23593690991401672	0.008870868943631649	0.001200117520056665	0.14861372113227844	0.07725220173597336	False	[1 0 0 0 0 0]	[0 0 0 1 0 0]	[0 0 0 1 0 0]	[0 0 0 1 0 0]
15	0.11999999731779099	0.22249120473861694	0.022437337785959244	0.0017935204086825252	0.12806524336338043	0.07019510120153427	False	[0 0 0 0 0 0]	[0 0 0 0 0 0]	[0 0 0 0 0 0]	[0 0 0 0 0 0]
15	0.12999999523162842	0.2261628657579422	0.008327464573085308	0.0011707365047186613	0.14151990413665771	0.07514475286006927	False	[1 0 0 0 0 0]	[0 0 0 1 0 0]	[0 0 0 1 0 0]	[0 0 0 1 0 0]
15	0.12250000238418579	0.19813817739486694	0.017959585413336754	0.0016835021087899804	0.11289775371551514	0.06559733301401138	False	[0 0 0 0 0 0]	[0 0 0 0 0 0]	[0 0 0 0 0 0]	[0 0 0 0 0 0]
15	0.14000000059604645	0.22139300405979156	0.008173646405339241	0.0011840745573863387	0.1380637288093567	0.07397155463695526	False	[1 0 0 0 0 0]	[0 0 0 1 0 0]	[0 0 0 1 0 0]	[0 0 0 1 0 0]
15	0.125	0.21177443861961365	0.021089758723974228	0.0017557044047862291	0.12086955457925797	0.06805941462516785	False	[0 0 0 0 0 0]	[0 0 0 0 0 0]	[0 0 0 0 0 0]	[0 0 0 0 0 0]
15	0.14000000059604645	0.20528709888458252	0.007874206639826298	0.001140846055932343	0.12675458192825317	0.06951747089624405	False	[1 0 0 0 0 0]	[0 0 0 1 0 0]	[0 0 0 1 0 0]	[0 0 0 1 0 0]
15	0.125	0.21740226447582245	0.022611843422055244	0.0017756238812580705	0.1240188255906105	0.06899596750736237	False	[0 0 0 0 0 0]	[0 0 0 0 0 0]	[0 0 0 0 0 0]	[0 0 0 0 0 0]
15	0.13500000536441803	0.21766933798789978	0.008100038394331932	0.0011882481630891562	0.13491614162921906	0.07346492260694504	False	[1 0 0 0 0 0]	[0 0 0 1 0 0]	[0 0 0 1 0 0]	[0 0 0 1 0 0]
15	0.12250000238418579	0.21599672734737396	0.023680448532104492	0.0018470903160050511	0.12216315418481827	0.06830602884292603	False	[0 0 0 0 0 0]	[0 0 0 0 0 0]	[0 0 0 0 0 0]	[0 0 0 0 0 0]
15	0.125	0.2175561934709549	0.00802851002663374	0.0011882125400006771	0.1351318210363388	0.07320764660835266	False	[1 0 0 0 0 0]	[0 0 0 1 0 0]	[0 0 0 1 0 0]	[0 0 0 1 0 0]
15	0.1274999976158142	0.23200640082359314	0.023470425978302956	0.001794197247363627	0.1337732970714569	0.072968490421772	False	[0 0 0 0 0 0]	[0 0 0 0 0 0]	[0 0 0 0 0 0]	[0 0 0 0 0 0]
15	0.125	0.25052040815353394	0.008220123127102852	0.0011952989734709263	0.15870356559753418	0.08240142464637756	False	[1 0 0 0 0 0]	[0 0 0 1 0 0]	[0 0 0 1 0 0]	[0 0 0 1 0 0]
15	0.125	0.20143046975135803	0.020899051800370216	0.0017492108745500445	0.1135518029332161	0.06523039937019348	False	[0 0 0 0 0 0]	[0 0 0 0 0 0]	[0 0 0 0 0 0]	[0 0 0 0 0 0]
15	0.1274999976158142	0.25320860743522644	0.00873195193707943	0.0011854370823130012	0.16181093454360962	0.08148028701543808	False	[1 0 0 0 0 0]	[0 0 0 1 0 0]	[0 0 0 1 0 0]	[0 0 0 1 0 0]
15	0.125	0.19693559408187866	0.019460534676909447	0.001725168782286346	0.11089576780796051	0.06485411524772644	False	[0 0 0 0 0 0]	[0 0 0 0 0 0]	[0 0 0 0 0 0]	[0 0 0 0 0 0]
15	0.1574999988079071	0.2211093306541443	0.007909493520855904	0.0011515634832903743	0.13819125294685364	0.07385703176259995	False	[1 0 0 0 0 0]	[0 0 0 1 0 0]	[0 0 0 1 0 0]	[0 0 0 1 0 0]
15	0.12250000238418579	0.1992780864238739	0.020825201645493507	0.0017217816784977913	0.11182413250207901	0.06490697711706161	False	[0 0 0 0 0 0]	[0 0 0 0 0 0]	[0 0 0 0 0 0]	[0 0 0 0 0 0]
15	0.14000000059604645	0.21031612157821655	0.007992569357156754	0.0011196256382390857	0.13044312596321106	0.07076079398393631	False	[1 0 0 0 0 0]	[0 0 0 1 0 0]	[0 0 0 1 0 0]	[0 0 0 1 0 0]
15	0.125	0.20176000893115997	0.018891707062721252	0.0017074164934456348	0.11450698971748352	0.06665389239788055	False	[0 0 0 0 0 0]	[0 0 0 0 0 0]	[0 0 0 0 0 0]	[0 0 0 0 0 0]
15	0.14000000059604645	0.19304540753364563	0.007670680992305279	0.001126168412156403	0.11861914396286011	0.06562940031290054	False	[1 0 0 0 0 0]	[0 0 0 1 0 0]	[0 0 0 1 0 0]	[0 0 0 1 0 0]
15	0.11749999970197678	0.21393679082393646	0.020220255479216576	0.0017489965539425611	0.12354487180709839	0.06842266023159027	False	[0 0 0 0 0 0]	[0 0 0 0 0 0]	[0 0 0 0 0 0]	[0 0 0 0 0 0]
15	0.12999999523162842	0.2447628378868103	0.008693093433976173	0.0012048387434333563	0.15470576286315918	0.08015915006399155	False	[1 0 0 0 0 0]	[0 0 0 1 0 0]	[0 0 0 1 0 0]	[0 0 0 1 0 0]
15	0.11749999970197678	0.20503313839435577	0.021932445466518402	0.001742579392157495	0.11596450209617615	0.0653936117887497	False	[0 0 0 0 0 0]	[0 0 0 0 0 0]	[0 0 0 0 0 0]	[0 0 0 0 0 0]
16	0.12999999523162842	0.07279796153306961	0.003082061419263482	0.0002767112455330789	0.04270254075527191	0.026736648753285408	False	[1 0 0 0 0 0]	[0 0 0 1 0 0]	[0 0 0 1 0 0]	[0 0 0 1 0 0]
16	0.125	0.043967656791210175	0.006668655201792717	0.0003626927500590682	0.020329754799604416	0.01660655438899994	False	[0 0 0 0 0 0]	[0 0 0 0 0 0]	[0 0 0 0 0 0]	[0 0 0 0 0 0]
16	0.14000000059604645	0.06926388293504715	0.0030534013640135527	0.00027172776754014194	0.04053625464439392	0.025402497500181198	False	[1 0 0 0 0 0]	[0 0 0 1 0 0]	[0 0 0 1 0 0]	[0 0 0 1 0 0]
16	0.1274999976158142	0.04265251010656357	0.006846563890576363	0.0003676225896924734	0.019434206187725067	0.01600411906838417	False	[0 0 0 0 0 0]	[0 0 0 0 0 0]	[0 0 0 0 0 0]	[0 0 0 0 0 0]
16	0.1274999976158142	0.07794008404016495	0.003086057025939226	0.0002731434942688793	0.04597524553537369	0.028605639934539795	False	[1 0 0 0 0 0]	[0 0 0 1 0 0]	[0 0 0 1 0 0]	[0 0 0 1 0 0]
16	0.12999999523162842	0.04633955657482147	0.006861425936222076	0.00037200041697360575	0.021576371043920517	0.01752975769340992	False	[0 0 0 0 0 0]	[0 0 0 0 0 0]	[0 0 0 0 0 0]	[0 0 0 0 0 0]
16	0.13500000536441803	0.0720749944448471	0.003059249371290207	0.0002731280983425677	0.042494356632232666	0.026248261332511902	False	[1 0 0 0 0 0]	[0 0 0 1 0 0]	[0 0 0 1 0 0]	[0 0 0 1 0 0]
16	0.125	0.04480144754052162	0.006628477014601231	0.00036606419598683715	0.020750869065523148	0.017056036740541458	False	[0 0 0 0 0 0]	[0 0 0 0 0 0]	[0 0 0 0 0 0]	[0 0 0 0 0 0]
16	0.12999999523162842	0.0760321244597435	0.0030402939300984144	0.00027626066002994776	0.04474920034408569	0.027966368943452835	False	[1 0 0 0 0 0]	[0 0 0 1 0 0]	[0 0 0 1 0 0]	[0 0 0 1 0 0]
16	0.12250000238418579	0.04421752318739891	0.00624243076890707	0.0003550754045136273	0.02056283690035343	0.017057180404663086	False	[0 0 0 0 0 0]	[0 0 0 0 0 0]	[0 0 0 0 0 0]	[0 0 0 0 0 0]
16	0.15000000596046448	0.07560059428215027	0.0032082367688417435	0.00027694914024323225	0.04461410269141197	0.027501311153173447	False	[1 0 0 0 0 0]	[0 0 0 1 0 0]	[0 0 0 1 0 0]	[0 0 0 1 0 0]
16	0.125	0.044397223740816116	0.007062772288918495	0.00037661055102944374	0.020332511514425278	0.016625329852104187	False	[0 0 0 0 0 0]	[0 0 0 0 0 0]	[0 0 0 0 0 0]	[0 0 0 0 0 0]
16	0.14000000059604645	0.08041660487651825	0.0030289420392364264	0.0002676716831047088	0.04746299982070923	0.029656987637281418	False	[1 0 0 0 0 0]	[0 0 0 1 0 0]	[0 0 0 1 0 0]	[0 0 0 1 0 0]
16	0.1274999976158142	0.0469798780977726	0.006935425102710724	0.0003705740673467517	0.021987034007906914	0.017686843872070312	False	[0 0 0 0 0 0]	[0 0 0 0 0 0]	[0 0 0 0 0 0]	[0 0 0 0 0 0]
16	0.13249999284744263	0.07705618441104889	0.002995650749653578	0.00027324119582772255	0.045481111854314804	0.028306178748607635	False	[1 0 0 0 0 0]	[0 0 0 1 0 0]	[0 0 0 1 0 0]	[0 0 0 1 0 0]
16	0.11999999731779099	0.043594229966402054	0.007013548165559769	0.0003627686819527298	0.01995968073606491	0.016258232295513153	False	[0 0 0 0 0 0]	[0 0 0 0 0 0]	[0 0 0 0 0 0]	[0 0 0 0 0 0]
16	0.13750000298023224	0.07503131777048111	0.0029324276838451624	0.0002738905022852123	0.04399346187710762	0.027831539511680603	False	[1 0 0 0 0 0]	[0 0 0 1 0 0]	[0 0 0 1 0 0]	[0 0 0 1 0 0]
16	0.11999999731779099	0.04177238792181015	0.007001785561442375	0.00036799648660235107	0.01888561248779297	0.015516990795731544	False	[0 0 0 0 0 0]	[0 0 0 0 0 0]	[0 0 0 0 0 0]	[0 0 0 0 0 0]
16	0.14499999582767487	0.07762836664915085	0.0030228141695261	0.00028298303368501365	0.04579707980155945	0.028525490313768387	False	[1 0 0 0 0 0]	[0 0 0 1 0 0]	[0 0 0 1 0 0]	[0 0 0 1 0 0]
16	0.11999999731779099	0.047690339386463165	0.0070111555978655815	0.0003713058540597558	0.022394144907593727	0.017913730815052986	False	[0 0 0 0 0 0]	[0 0 0 0 0 0]	[0 0 0 0 0 0]	[0 0 0 0 0 0]
16	0.14499999582767487	0.08316783607006073	0.00319409416988492	0.00027976924320682883	0.04952622950077057	0.03016774170100689	False	[1 0 0 0 0 0]	[0 0 0 1 0 0]	[0 0 0 1 0 0]	[0 0 0 1 0 0]
16	0.12250000238418579	0.04246874153614044	0.0067955078557133675	0.0003668770659714937	0.019263282418251038	0.016043074429035187	False	[0 0 0 0 0 0]	[0 0 0 0 0 0]	[0 0 0 0 0 0]	[0 0 0 0 0 0]
16	0.13249999284744263	0.08434278517961502	0.003091903170570731	0.00027612753910943866	0.049942389130592346	0.031032364815473557	False	[1 0 0 0 0 0]	[0 0 0 1 0 0]	[0 0 0 1 0 0]	[0 0 0 1 0 0]
16	0.125	0.043848708271980286	0.006951234303414822	0.00036775178159587085	0.020062079653143883	0.016467643901705742	False	[0 0 0 0 0 0]	[0 0 0 0 0 0]	[0 0 0 0 0 0]	[0 0 0 0 0 0]
16	0.13500000536441803	0.0731821358203888	0.003301465418189764	0.0002722956705838442	0.04325799271464348	0.02635038271546364	False	[1 0 0 0 0 0]	[0 0 0 1 0 0]	[0 0 0 1 0 0]	[0 0 0 1 0 0]
16	0.12250000238418579	0.04375987499952316	0.006802835501730442	0.00036234038998372853	0.020162655040621758	0.01643204130232334	False	[0 0 0 0 0 0]	[0 0 0 0 0 0]	[0 0 0 0 0 0]	[0 0 0 0 0 0]
16	0.14000000059604645	0.08444516360759735	0.0031398634891957045	0.0002776494948193431	0.050253771245479584	0.03077387437224388	False	[1 0 0 0 0 0]	[0 0 0 1 0 0]	[0 0 0 1 0 0]	[0 0 0 1 0 0]
16	0.11999999731779099	0.0451994463801384	0.007033120840787888	0.0003657424822449684	0.020816924050450325	0.01698365807533264	False	[0 0 0 0 0 0]	[0 0 0 0 0 0]	[0 0 0 0 0 0]	[0 0 0 0 0 0]
16	0.12999999523162842	0.07387453317642212	0.0030132841784507036	0.00027331881574355066	0.04335911571979523	0.027228809893131256	False	[1 0 0 0 0 0]	[0 0 0 1 0 0]	[0 0 0 1 0 0]	[0 0 0 1 0 0]
16	0.125	0.041841235011816025	0.006873440928757191	0.0003650511207524687	0.018893659114837646	0.015709083527326584	False	[0 0 0 0 0 0]	[0 0 0 0 0 0]	[0 0 0 0 0 0]	[0 0 0 0 0 0]
17	0.14000000059604645	0.038192301988601685	0.0008203254546970129	0.00025279485271312296	0.010521365329623222	0.02659781649708748	False	[1 0 0 0 0 0]	[0 0 0 1 0 0]	[0 0 0 1 0 0]	[0 0 0 1 0 0]
17	0.12250000238418579	0.03744623064994812	0.0017867579590529203	0.0003040854644495994	0.008037605322897434	0.027317781001329422	False	[0 0 0 0 0 0]	[0 0 0 0 0 0]	[0 0 0 0 0 0]	[0 0 0 0 0 0]
17	0.12999999523162842	0.03519732505083084	0.0008386191911995411	0.00025130753056146204	0.009637758135795593	0.024469641968607903	False	[1 0 0 0 0 0]	[0 0 0 1 0 0]	[0 0 0 1 0 0]	[0 0 0 1 0 0]
17	0.12250000238418579	0.03796480968594551	0.001871625892817974	0.00031083053909242153	0.008091487921774387	0.027690865099430084	False	[0 0 0 0 0 0]	[0 0 0 0 0 0]	[0 0 0 0 0 0]	[0 0 0 0 0 0]
17	0.1274999976158142	0.03568466752767563	0.0008362310472875834	0.00025073211872950196	0.009853199124336243	0.024744506925344467	False	[1 0 0 0 0 0]	[0 0 0 1 0 0]	[0 0 0 1 0 0]	[0 0 0 1 0 0]
17	0.12250000238418579	0.038312479853630066	0.0018365888390690088	0.0003108012315351516	0.00824027881026268	0.027924809604883194	False	[0 0 0 0 0 0]	[0 0 0 0 0 0]	[0 0 0 0 0 0]	[0 0 0 0 0 0]
17	0.13750000298023224	0.0406549870967865	0.0008174588438123465	0.0002540762070566416	0.011389540508389473	0.02819390967488289	False	[1 0 0 0 0 0]	[0 0 0 1 0 0]	[0 0 0 1 0 0]	[0 0 0 1 0 0]
17	0.12250000238418579	0.037560828030109406	0.0017865179106593132	0.0003018044517375529	0.008067541755735874	0.027404963970184326	False	[0 0 0 0 0 0]	[0 0 0 0 0 0]	[0 0 0 0 0 0]	[0 0 0 0 0 0]
17	0.12999999523162842	0.03883546590805054	0.0008480436517857015	0.00026053673354908824	0.01071090530604124	0.02701597847044468	False	[1 0 0 0 0 0]	[0 0 0 1 0 0]	[0 0 0 1 0 0]	[0 0 0 1 0 0]
17	0.13249999284744263	0.040503837168216705	0.0018108366057276726	0.0003105096984654665	0.0086197005584836	0.029762789607048035	False	[0 0 0 0 0 0]	[0 0 0 0 0 0]	[0 0 0 0 0 0]	[0 0 0 0 0 0]
17	0.12999999523162842	0.03943541646003723	0.0007983086979947984	0.0002531899372115731	0.010847888886928558	0.02753603085875511	False	[1 0 0 0 0 0]	[0 0 0 1 0 0]	[0 0 0 1 0 0]	[0 0 0 1 0 0]
17	0.125	0.03822900354862213	0.0017088537570089102	0.0003049108199775219	0.00818722601979971	0.028028015047311783	False	[0 0 0 0 0 0]	[0 0 0 0 0 0]	[0 0 0 0 0 0]	[0 0 0 0 0 0]
17	0.13500000536441803	0.03791014105081558	0.0008619435247965157	0.0002616450365167111	0.010382115840911865	0.02640443854033947	False	[1 0 0 0 0 0]	[0 0 0 1 0 0]	[0 0 0 1 0 0]	[0 0 0 1 0 0]
17	0.125	0.040047675371170044	0.0017204827163368464	0.0003054319822695106	0.008593478240072727	0.029428284615278244	False	[0 0 0 0 0 0]	[0 0 0 0 0 0]	[0 0 0 0 0 0]	[0 0 0 0 0 0]
17	0.14249999821186066	0.03818358853459358	0.0007810514071024954	0.00024729344295337796	0.010511654429137707	0.02664358913898468	False	[1 0 0 0 0 0]	[0 0 0 1 0 0]	[0 0 0 1 0 0]	[0 0 0 1 0 0]
17	0.11999999731779099	0.03721513971686363	0.0018302707467228174	0.00030648711253888905	0.007991267368197441	0.02708711475133896	False	[0 0 0 0 0 0]	[0 0 0 0 0 0]	[0 0 0 0 0 0]	[0 0 0 0 0 0]
17	0.12250000238418579	0.03876296803355217	0.0008055812795646489	0.00024745624978095293	0.010727052576839924	0.026982877403497696	False	[1 0 0 0 0 0]	[0 0 0 1 0 0]	[0 0 0 1 0 0]	[0 0 0 1 0 0]
17	0.11749999970197678	0.03941561281681061	0.001794643234461546	0.00030721037182956934	0.008470159955322742	0.028843598440289497	False	[0 0 0 0 0 0]	[0 0 0 0 0 0]	[0 0 0 0 0 0]	[0 0 0 0 0 0]
17	0.13500000536441803	0.037664201110601425	0.00082920934073627	0.0002492582716513425	0.01046078372746706	0.026124950498342514	False	[1 0 0 0 0 0]	[0 0 0 1 0 0]	[0 0 0 1 0 0]	[0 0 0 1 0 0]
17	0.11999999731779099	0.03857888653874397	0.0018290039151906967	0.00031195435440167785	0.008265741169452667	0.028172187507152557	False	[0 0 0 0 0 0]	[0 0 0 0 0 0]	[0 0 0 0 0 0]	[0 0 0 0 0 0]
17	0.13500000536441803	0.03898322582244873	0.0008600790752097964	0.00025825444026850164	0.010734518989920616	0.0271303728222847	False	[1 0 0 0 0 0]	[0 0 0 1 0 0]	[0 0 0 1 0 0]	[0 0 0 1 0 0]
17	0.12250000238418579	0.03733067587018013	0.0017990231281146407	0.00030212223646230996	0.007987341843545437	0.027242187410593033	False	[0 0 0 0 0 0]	[0 0 0 0 0 0]	[0 0 0 0 0 0]	[0 0 0 0 0 0]
17	0.12999999523162842	0.040804747492074966	0.0008129513589665294	0.00025599298533052206	0.011255803517997265	0.02847999893128872	False	[1 0 0 0 0 0]	[0 0 0 1 0 0]	[0 0 0 1 0 0]	[0 0 0 1 0 0]
17	0.12250000238418579	0.03876910358667374	0.0017718165181577206	0.00030438826070167124	0.008376414887607098	0.02831648290157318	False	[0 0 0 0 0 0]	[0 0 0 0 0 0]	[0 0 0 0 0 0]	[0 0 0 0 0 0]
17	0.14000000059604645	0.03785320743918419	0.000796376436483115	0.0002484300348442048	0.010490995831787586	0.026317404583096504	False	[1 0 0 0 0 0]	[0 0 0 1 0 0]	[0 0 0 1 0 0]	[0 0 0 1 0 0]
17	0.11999999731779099	0.036832548677921295	0.0017883339896798134	0.00030717888148501515	0.00793705228716135	0.02679998241364956	False	[0 0 0 0 0 0]	[0 0 0 0 0 0]	[0 0 0 0 0 0]	[0 0 0 0 0 0]
17	0.14000000059604645	0.03867781534790993	0.0008303470676764846	0.0002481549163348973	0.010616821236908436	0.026982491835951805	False	[1 0 0 0 0 0]	[0 0 0 1 0 0]	[0 0 0 1 0 0]	[0 0 0 1 0 0]
17	0.125	0.03776057809591293	0.0016942525980994105	0.0003062252944801003	0.008091608993709087	0.027668491005897522	False	[0 0 0 0 0 0]	[0 0 0 0 0 0]	[0 0 0 0 0 0]	[0 0 0 0 0 0]
17	0.12999999523162842	0.03679073601961136	0.0007987200515344739	0.00025212427135556936	0.010135720483958721	0.02560417167842388	False	[1 0 0 0 0 0]	[0 0 0 1 0 0]	[0 0 0 1 0 0]	[0 0 0 1 0 0]
17	0.11749999970197678	0.040259696543216705	0.001733658486045897	0.0003082514740526676	0.008710788562893867	0.029506996273994446	False	[0 0 0 0 0 0]	[0 0 0 0 0 0]	[0 0 0 0 0 0]	[0 0 0 0 0 0]
18	0.14499999582767487	0.056185491383075714	0.0003636392648331821	0.00032719498267397285	0.02525310032069683	0.030241558328270912	False	[1 0 0 0 0 0]	[0 0 0 1 0 0]	[0 0 0 1 0 0]	[0 0 0 1 0 0]
18	0.12250000238418579	0.04310756176710129	0.0006703396793454885	0.0003473576216492802	0.018705399706959724	0.023384463042020798	False	[0 0 0 0 0 0]	[0 0 0 0 0 0]	[0 0 0 0 0 0]	[0 0 0 0 0 0]
18	0.14000000059604645	0.05318189039826393	0.00037319603143259883	0.0003391260397620499	0.023896070197224617	0.028573498129844666	False	[1 0 0 0 0 0]	[0 0 0 1 0 0]	[0 0 0 1 0 0]	[0 0 0 1 0 0]
18	0.125	0.03857007622718811	0.0006636841571889818	0.00035788555396720767	0.016461648046970367	0.021086860448122025	False	[0 0 0 0 0 0]	[0 0 0 0 0 0]	[0 0 0 0 0 0]	[0 0 0 0 0 0]
18	0.13750000298023224	0.05619506165385246	0.00036323670065030456	0.00035051166196353734	0.02540699578821659	0.030074317008256912	False	[1 0 0 0 0 0]	[0 0 0 1 0 0]	[0 0 0 1 0 0]	[0 0 0 1 0 0]
18	0.125	0.03906213492155075	0.0006537927547469735	0.0003532833943609148	0.016711995005607605	0.021343063563108444	False	[0 0 0 0 0 0]	[0 0 0 0 0 0]	[0 0 0 0 0 0]	[0 0 0 0 0 0]
18	0.14000000059604645	0.07665883749723434	0.00036109896609559655	0.000370464869774878	0.03549430891871452	0.04043296352028847	False	[1 0 0 0 0 0]	[0 0 0 1 0 0]	[0 0 0 1 0 0]	[0 0 0 1 0 0]
18	0.12250000238418579	0.03940826654434204	0.0007042346987873316	0.00035922235110774636	0.01696726307272911	0.021377544850111008	False	[0 0 0 0 0 0]	[0 0 0 0 0 0]	[0 0 0 0 0 0]	[0 0 0 0 0 0]
18	0.1599999964237213	0.052217982709407806	0.0003826906904578209	0.0003352096537128091	0.02336743101477623	0.02813265100121498	False	[1 0 0 0 0 0]	[0 0 0 1 0 0]	[0 0 0 1 0 0]	[0 0 0 1 0 0]
18	0.11999999731779099	0.044182099401950836	0.0006494187982752919	0.00035377961467020214	0.01909368485212326	0.024085214361548424	False	[0 0 0 0 0 0]	[0 0 0 0 0 0]	[0 0 0 0 0 0]	[0 0 0 0 0 0]
18	0.13750000298023224	0.04871336370706558	0.00038064963882789016	0.00032435235334560275	0.02168545313179493	0.026322906836867332	False	[1 0 0 0 0 0]	[0 0 0 1 0 0]	[0 0 0 1 0 0]	[0 0 0 1 0 0]
18	0.11999999731779099	0.03973271697759628	0.0006832569488324225	0.0003581808414310217	0.01712990365922451	0.021561376750469208	False	[0 0 0 0 0 0]	[0 0 0 0 0 0]	[0 0 0 0 0 0]	[0 0 0 0 0 0]
18	0.13750000298023224	0.05240633338689804	0.0003906372585333884	0.0003310225729364902	0.023523369804024696	0.0281613040715456	False	[1 0 0 0 0 0]	[0 0 0 1 0 0]	[0 0 0 1 0 0]	[0 0 0 1 0 0]
18	0.11999999731779099	0.03936436399817467	0.0006745849386788905	0.00036789834848605096	0.016851479187607765	0.02147040143609047	False	[0 0 0 0 0 0]	[0 0 0 0 0 0]	[0 0 0 0 0 0]	[0 0 0 0 0 0]
18	0.14249999821186066	0.04810018464922905	0.00039296585600823164	0.0003327644953969866	0.021421708166599274	0.025952745229005814	False	[1 0 0 0 0 0]	[0 0 0 1 0 0]	[0 0 0 1 0 0]	[0 0 0 1 0 0]
18	0.1274999976158142	0.038415130227804184	0.0006676956545561552	0.0003505230415612459	0.016434837132692337	0.020962074398994446	False	[0 0 0 0 0 0]	[0 0 0 0 0 0]	[0 0 0 0 0 0]	[0 0 0 0 0 0]
18	0.13500000536441803	0.05116929113864899	0.00038113610935397446	0.00032588187605142593	0.022775132209062576	0.02768714353442192	False	[1 0 0 0 0 0]	[0 0 0 1 0 0]	[0 0 0 1 0 0]	[0 0 0 1 0 0]
18	0.12250000238418579	0.039467953145504	0.0006998408352956176	0.00036981856101192534	0.01684011146426201	0.021558182314038277	False	[0 0 0 0 0 0]	[0 0 0 0 0 0]	[0 0 0 0 0 0]	[0 0 0 0 0 0]
18	0.14249999821186066	0.05326313525438309	0.0003903828328475356	0.00033226123196072876	0.023820621892809868	0.028719868510961533	False	[1 0 0 0 0 0]	[0 0 0 1 0 0]	[0 0 0 1 0 0]	[0 0 0 1 0 0]
18	0.125	0.04091484472155571	0.0006502679898403585	0.00036213829298503697	0.017666615545749664	0.022235821932554245	False	[0 0 0 0 0 0]	[0 0 0 0 0 0]	[0 0 0 0 0 0]	[0 0 0 0 0 0]
18	0.125	0.04767277091741562	0.0003821828286163509	0.00032168891630135477	0.02129572257399559	0.02567317523062229	False	[1 0 0 0 0 0]	[0 0 0 1 0 0]	[0 0 0 1 0 0]	[0 0 0 1 0 0]
18	0.11999999731779099	0.03791681304574013	0.0006850407226011157	0.0003657701308839023	0.01619180291891098	0.020674198865890503	False	[0 0 0 0 0 0]	[0 0 0 0 0 0]	[0 0 0 0 0 0]	[0 0 0 0 0 0]
18	0.14000000059604645	0.05663364380598068	0.0003818112891167402	0.0003513712726999074	0.02575930766761303	0.030141152441501617	False	[1 0 0 0 0 0]	[0 0 0 1 0 0]	[0 0 0 1 0 0]	[0 0 0 1 0 0]
18	0.1274999976158142	0.03860952705144882	0.0006429812638089061	0.0003518382436595857	0.016483880579471588	0.021130826324224472	False	[0 0 0 0 0 0]	[0 0 0 0 0 0]	[0 0 0 0 0 0]	[0 0 0 0 0 0]
18	0.13500000536441803	0.049515895545482635	0.00039705951348878443	0.00033932377118617296	0.02218688651919365	0.026592625305056572	False	[1 0 0 0 0 0]	[0 0 0 1 0 0]	[0 0 0 1 0 0]	[0 0 0 1 0 0]
18	0.11999999731779099	0.03979147970676422	0.0006529656238853931	0.0003478791331872344	0.017148606479167938	0.021642029285430908	False	[0 0 0 0 0 0]	[0 0 0 0 0 0]	[0 0 0 0 0 0]	[0 0 0 0 0 0]
18	0.12999999523162842	0.05300331860780716	0.0003859445278067142	0.00034187460551038384	0.02379993349313736	0.02847556583583355	False	[1 0 0 0 0 0]	[0 0 0 1 0 0]	[0 0 0 1 0 0]	[0 0 0 1 0 0]
18	0.125	0.0408329963684082	0.0006583661306649446	0.0003667728160507977	0.017530065029859543	0.022277794778347015	False	[0 0 0 0 0 0]	[0 0 0 0 0 0]	[0 0 0 0 0 0]	[0 0 0 0 0 0]
18	0.1274999976158142	0.04887015372514725	0.00038294674595817924	0.0003214481403119862	0.021795177832245827	0.0263705812394619	False	[1 0 0 0 0 0]	[0 0 0 1 0 0]	[0 0 0 1 0 0]	[0 0 0 1 0 0]
18	0.125	0.039414942264556885	0.0007104087853804231	0.0003693471080623567	0.016889533028006554	0.021445654332637787	False	[0 0 0 0 0 0]	[0 0 0 0 0 0]	[0 0 0 0 0 0]	[0 0 0 0 0 0]
19	0.14000000059604645	0.03802378475666046	0.0007830510148778558	0.0013448630925267935	0.012692868709564209	0.023203004151582718	False	[1 0 0 0 0 0]	[0 0 0 1 0 0]	[0 0 0 1 0 0]	[0 0 0 1 0 0]
19	0.11749999970197678	0.03343777731060982	0.0014206292107701302	0.001388753647916019	0.012027695775032043	0.018600698560476303	False	[0 0 0 0 0 0]	[0 0 0 0 0 0]	[0 0 0 0 0 0]	[0 0 0 0 0 0]
19	0.14000000059604645	0.03562575951218605	0.0007935401517897844	0.0012877329718321562	0.011741514317691326	0.02180297300219536	False	[1 0 0 0 0 0]	[0 0 0 1 0 0]	[0 0 0 1 0 0]	[0 0 0 1 0 0]
19	0.12250000238418579	0.033934034407138824	0.0014647806528955698	0.001391607103869319	0.012320050038397312	0.018757598474621773	False	[0 0 0 0 0 0]	[0 0 0 0 0 0]	[0 0 0 0 0 0]	[0 0 0 0 0 0]
19	0.14499999582767487	0.04824912175536156	0.0008052259217947721	0.001352831837721169	0.016190340742468834	0.029900722205638885	False	[1 0 0 0 0 0]	[0 0 0 1 0 0]	[0 0 0 1 0 0]	[0 0 0 1 0 0]
19	0.1274999976158142	0.032562144100666046	0.0014355202438309789	0.001370942685753107	0.011660916730761528	0.01809476688504219	False	[0 0 0 0 0 0]	[0 0 0 0 0 0]	[0 0 0 0 0 0]	[0 0 0 0 0 0]
19	0.13750000298023224	0.03688565641641617	0.0007616133661940694	0.0013403487391769886	0.012165346182882786	0.022618349641561508	False	[1 0 0 0 0 0]	[0 0 0 1 0 0]	[0 0 0 1 0 0]	[0 0 0 1 0 0]
19	0.125	0.03454184532165527	0.0014303624629974365	0.001401338609866798	0.012630781158804893	0.019079364836215973	False	[0 0 0 0 0 0]	[0 0 0 0 0 0]	[0 0 0 0 0 0]	[0 0 0 0 0 0]
19	0.13750000298023224	0.03423609584569931	0.0007884908700361848	0.001344895688816905	0.011290499940514565	0.02081221155822277	False	[1 0 0 0 0 0]	[0 0 0 1 0 0]	[0 0 0 1 0 0]	[0 0 0 1 0 0]
19	0.12250000238418579	0.03137870132923126	0.001423581619746983	0.0013808927033096552	0.011252407915890217	0.017321819439530373	False	[0 0 0 0 0 0]	[0 0 0 0 0 0]	[0 0 0 0 0 0]	[0 0 0 0 0 0]
19	0.14749999344348907	0.0360817089676857	0.0007892773719504476	0.0013294124510139227	0.012019269168376923	0.021943747997283936	False	[1 0 0 0 0 0]	[0 0 0 1 0 0]	[0 0 0 1 0 0]	[0 0 0 1 0 0]
19	0.12999999523162842	0.03288746625185013	0.0014660600572824478	0.0014220969751477242	0.011893208138644695	0.01810610294342041	False	[0 0 0 0 0 0]	[0 0 0 0 0 0]	[0 0 0 0 0 0]	[0 0 0 0 0 0]
19	0.1274999976158142	0.0381343737244606	0.0008023961563594639	0.0013310556532815099	0.012586734257638454	0.023414187133312225	False	[1 0 0 0 0 0]	[0 0 0 1 0 0]	[0 0 0 1 0 0]	[0 0 0 1 0 0]
19	0.11999999731779099	0.03155261278152466	0.0014272879343479872	0.00137965043541044	0.011247805319726467	0.017497871071100235	False	[0 0 0 0 0 0]	[0 0 0 0 0 0]	[0 0 0 0 0 0]	[0 0 0 0 0 0]
19	0.13500000536441803	0.03912091255187988	0.0007687461329624057	0.0013263823930174112	0.01297270879149437	0.024053076282143593	False	[1 0 0 0 0 0]	[0 0 0 1 0 0]	[0 0 0 1 0 0]	[0 0 0 1 0 0]
19	0.125	0.03272424265742302	0.0014473391929641366	0.0014054442290216684	0.011703322641551495	0.018168136477470398	False	[0 0 0 0 0 0]	[0 0 0 0 0 0]	[0 0 0 0 0 0]	[0 0 0 0 0 0]
19	0.13249999284744263	0.04023769125342369	0.0007762772729620337	0.0013192471815273166	0.013320324011147022	0.024821843951940536	False	[1 0 0 0 0 0]	[0 0 0 1 0 0]	[0 0 0 1 0 0]	[0 0 0 1 0 0]
19	0.12250000238418579	0.0305451862514019	0.0014356857864186168	0.0014044842682778835	0.010847979225218296	0.01685703732073307	False	[0 0 0 0 0 0]	[0 0 0 0 0 0]	[0 0 0 0 0 0]	[0 0 0 0 0 0]
19	0.125	0.04072952643036842	0.0007978782523423433	0.0013395899441093206	0.013578251004219055	0.02501380816102028	False	[1 0 0 0 0 0]	[0 0 0 1 0 0]	[0 0 0 1 0 0]	[0 0 0 1 0 0]
19	0.125	0.032067351043224335	0.0013656010851264	0.0013839841121807694	0.011480666697025299	0.017837099730968475	False	[0 0 0 0 0 0]	[0 0 0 0 0 0]	[0 0 0 0 0 0]	[0 0 0 0 0 0]
19	0.13500000536441803	0.03848826140165329	0.0008070904295891523	0.0013457932509481907	0.012791723944246769	0.023543652147054672	False	[1 0 0 0 0 0]	[0 0 0 1 0 0]	[0 0 0 1 0 0]	[0 0 0 1 0 0]
19	0.12250000238418579	0.030843209475278854	0.0013589791487902403	0.0014051838079467416	0.010913055390119553	0.01716599054634571	False	[0 0 0 0 0 0]	[0 0 0 0 0 0]	[0 0 0 0 0 0]	[0 0 0 0 0 0]
19	0.13249999284744263	0.04072952643036842	0.0007988781435415149	0.001335575827397406	0.01353570818901062	0.02505936473608017	False	[1 0 0 0 0 0]	[0 0 0 1 0 0]	[0 0 0 1 0 0]	[0 0 0 1 0 0]
19	0.11999999731779099	0.03417849913239479	0.0014633194077759981	0.0014004941331222653	0.012369257397949696	0.018945427611470222	False	[0 0 0 0 0 0]	[0 0 0 0 0 0]	[0 0 0 0 0 0]	[0 0 0 0 0 0]
19	0.12999999523162842	0.038387563079595566	0.0007547745481133461	0.0013058364856988192	0.01259994599968195	0.02372700721025467	False	[1 0 0 0 0 0]	[0 0 0 1 0 0]	[0 0 0 1 0 0]	[0 0 0 1 0 0]
19	0.11749999970197678	0.03792235255241394	0.0015065994812175632	0.001425245893187821	0.013833364471793175	0.021157143637537956	False	[0 0 0 0 0 0]	[0 0 0 0 0 0]	[0 0 0 0 0 0]	[0 0 0 0 0 0]
19	0.12999999523162842	0.03757169842720032	0.0007836728473193944	0.001334702712483704	0.012435147538781166	0.02301817387342453	False	[1 0 0 0 0 0]	[0 0 0 1 0 0]	[0 0 0 1 0 0]	[0 0 0 1 0 0]
19	0.12250000238418579	0.033718258142471313	0.0014379852218553424	0.0014029508456587791	0.01223518792539835	0.018642134964466095	False	[0 0 0 0 0 0]	[0 0 0 0 0 0]	[0 0 0 0 0 0]	[0 0 0 0 0 0]
19	0.1550000011920929	0.03842958062887192	0.0008065300062298775	0.0013482607901096344	0.012804604135453701	0.023470185697078705	False	[1 0 0 0 0 0]	[0 0 0 1 0 0]	[0 0 0 1 0 0]	[0 0 0 1 0 0]
19	0.1274999976158142	0.034589193761348724	0.0015301608946174383	0.0014381584478542209	0.012579121626913548	0.019041750580072403	False	[0 0 0 0 0 0]	[0 0 0 0 0 0]	[0 0 0 0 0 0]	[0 0 0 0 0 0]
20	0.13750000298023224	0.03587963432073593	0.0003474610857665539	0.00031088630203157663	0.014574402011930943	0.02064688690006733	False	[1 0 0 0 0 0]	[0 0 0 1 0 0]	[0 0 0 1 0 0]	[0 0 0 1 0 0]
20	0.12250000238418579	0.025408999994397163	0.0006297776708379388	0.0003462097083684057	0.011192526668310165	0.01324048638343811	False	[0 0 0 0 0 0]	[0 0 0 0 0 0]	[0 0 0 0 0 0]	[0 0 0 0 0 0]
20	0.13500000536441803	0.03848333656787872	0.00034834735561162233	0.00032708249636925757	0.015513650141656399	0.022294258698821068	False	[1 0 0 0 0 0]	[0 0 0 1 0 0]	[0 0 0 1 0 0]	[0 0 0 1 0 0]
20	0.12250000238418579	0.02726064622402191	0.0005898620001971722	0.00033933771192096174	0.011974766850471497	0.014356679283082485	False	[0 0 0 0 0 0]	[0 0 0 0 0 0]	[0 0 0 0 0 0]	[0 0 0 0 0 0]
20	0.14249999821186066	0.037859078496694565	0.00036700512282550335	0.0003051993844565004	0.01550635602325201	0.021680517122149467	False	[1 0 0 0 0 0]	[0 0 0 1 0 0]	[0 0 0 1 0 0]	[0 0 0 1 0 0]
20	0.12250000238418579	0.025258999317884445	0.0006122885970398784	0.0003377074026502669	0.011067342013120651	0.0132416607812047	False	[0 0 0 0 0 0]	[0 0 0 0 0 0]	[0 0 0 0 0 0]	[0 0 0 0 0 0]
20	0.13500000536441803	0.032979466021060944	0.0003735265345312655	0.000306845671730116	0.01356659084558487	0.018732504919171333	False	[1 0 0 0 0 0]	[0 0 0 1 0 0]	[0 0 0 1 0 0]	[0 0 0 1 0 0]
20	0.12250000238418579	0.027698639780282974	0.0006187360268086195	0.00032439763890579343	0.012195250019431114	0.014560255222022533	False	[0 0 0 0 0 0]	[0 0 0 0 0 0]	[0 0 0 0 0 0]	[0 0 0 0 0 0]
20	0.13249999284744263	0.04582557454705238	0.00034529680851846933	0.000322513107676059	0.018364788964390755	0.026792975142598152	False	[1 0 0 0 0 0]	[0 0 0 1 0 0]	[0 0 0 1 0 0]	[0 0 0 1 0 0]
20	0.1274999976158142	0.02582726441323757	0.0006115583819337189	0.00035264488542452455	0.011359360069036484	0.01350370142608881	False	[0 0 0 0 0 0]	[0 0 0 0 0 0]	[0 0 0 0 0 0]	[0 0 0 0 0 0]
20	0.14499999582767487	0.03113722987473011	0.00036581873428076506	0.0003144278598483652	0.012796665541827679	0.017660317942500114	False	[1 0 0 0 0 0]	[0 0 0 1 0 0]	[0 0 0 1 0 0]	[0 0 0 1 0 0]
20	0.12250000238418579	0.02552538365125656	0.0006073155673220754	0.0003424036258365959	0.011262411251664162	0.013313252478837967	False	[0 0 0 0 0 0]	[0 0 0 0 0 0]	[0 0 0 0 0 0]	[0 0 0 0 0 0]
20	0.13500000536441803	0.03382168337702751	0.0003579527838155627	0.0003114291757810861	0.013818668201565742	0.01933363266289234	False	[1 0 0 0 0 0]	[0 0 0 1 0 0]	[0 0 0 1 0 0]	[0 0 0 1 0 0]
20	0.12250000238418579	0.02732592262327671	0.0005915473448112607	0.0003393479564692825	0.012012792751193047	0.014382234774529934	False	[0 0 0 0 0 0]	[0 0 0 0 0 0]	[0 0 0 0 0 0]	[0 0 0 0 0 0]
20	0.125	0.03709140419960022	0.00036543645546771586	0.0003280563105363399	0.015115385875105858	0.02128252573311329	False	[1 0 0 0 0 0]	[0 0 0 1 0 0]	[0 0 0 1 0 0]	[0 0 0 1 0 0]
20	0.125	0.025510264560580254	0.0006160466582514346	0.0003355973749421537	0.011290213093161583	0.013268407434225082	False	[0 0 0 0 0 0]	[0 0 0 0 0 0]	[0 0 0 0 0 0]	[0 0 0 0 0 0]
20	0.12999999523162842	0.03720271587371826	0.00035386369563639164	0.00031049034441821277	0.015136798843741417	0.02140156552195549	False	[1 0 0 0 0 0]	[0 0 0 1 0 0]	[0 0 0 1 0 0]	[0 0 0 1 0 0]
20	0.11999999731779099	0.02535107545554638	0.0006208917475305498	0.0003492421528790146	0.01115516759455204	0.01322577428072691	False	[0 0 0 0 0 0]	[0 0 0 0 0 0]	[0 0 0 0 0 0]	[0 0 0 0 0 0]
20	0.1550000011920929	0.039044082164764404	0.00036392948823049664	0.00033935080864466727	0.015873827040195465	0.022466974332928658	False	[1 0 0 0 0 0]	[0 0 0 1 0 0]	[0 0 0 1 0 0]	[0 0 0 1 0 0]
20	0.11999999731779099	0.025090567767620087	0.0005913670174777508	0.0003329593746457249	0.010968602262437344	0.013197639025747776	False	[0 0 0 0 0 0]	[0 0 0 0 0 0]	[0 0 0 0 0 0]	[0 0 0 0 0 0]
20	0.14000000059604645	0.0419870987534523	0.0003519657766446471	0.00032209636992774904	0.01691482402384281	0.024398215115070343	False	[1 0 0 0 0 0]	[0 0 0 1 0 0]	[0 0 0 1 0 0]	[0 0 0 1 0 0]
20	0.12250000238418579	0.027065936475992203	0.0006003448506817222	0.00032635926618240774	0.011921379715204239	0.014217853546142578	False	[0 0 0 0 0 0]	[0 0 0 0 0 0]	[0 0 0 0 0 0]	[0 0 0 0 0 0]
20	0.13500000536441803	0.034982696175575256	0.00035440578358247876	0.000323974818456918	0.014226959086954594	0.020077355206012726	False	[1 0 0 0 0 0]	[0 0 0 1 0 0]	[0 0 0 1 0 0]	[0 0 0 1 0 0]
20	0.12250000238418579	0.025421300902962685	0.0006094866548664868	0.0003445018082857132	0.011211701668798923	0.013255611062049866	False	[0 0 0 0 0 0]	[0 0 0 0 0 0]	[0 0 0 0 0 0]	[0 0 0 0 0 0]
20	0.13750000298023224	0.03406289592385292	0.00036597135476768017	0.00032327399821951985	0.013938214629888535	0.01943543553352356	False	[1 0 0 0 0 0]	[0 0 0 1 0 0]	[0 0 0 1 0 0]	[0 0 0 1 0 0]
20	0.12250000238418579	0.02608507312834263	0.0006040945881977677	0.00032564104185439646	0.011566059663891792	0.013589277863502502	False	[0 0 0 0 0 0]	[0 0 0 0 0 0]	[0 0 0 0 0 0]	[0 0 0 0 0 0]
20	0.13500000536441803	0.03370976075530052	0.0003618584596551955	0.0003105750947725028	0.01378581952303648	0.01925150863826275	False	[1 0 0 0 0 0]	[0 0 0 1 0 0]	[0 0 0 1 0 0]	[0 0 0 1 0 0]
20	0.12250000238418579	0.025402426719665527	0.0006268452270887792	0.00035193003714084625	0.011155259795486927	0.013268392533063889	False	[0 0 0 0 0 0]	[0 0 0 0 0 0]	[0 0 0 0 0 0]	[0 0 0 0 0 0]
20	0.125	0.036950670182704926	0.00035262087476439774	0.0003075268177781254	0.014974243938922882	0.021316276863217354	False	[1 0 0 0 0 0]	[0 0 0 1 0 0]	[0 0 0 1 0 0]	[0 0 0 1 0 0]
20	0.125	0.026577241718769073	0.0006216608453541994	0.00033370417077094316	0.011735883541405201	0.01388599444180727	False	[0 0 0 0 0 0]	[0 0 0 0 0 0]	[0 0 0 0 0 0]	[0 0 0 0 0 0]
21	0.14499999582767487	0.06775142252445221	0.0004097914497833699	0.0002680784382391721	0.04436200112104416	0.022711552679538727	False	[1 0 0 0 0 0]	[0 0 0 1 0 0]	[0 0 0 1 0 0]	[0 0 0 1 0 0]
21	0.11500000208616257	0.044805482029914856	0.0007117878994904459	0.0002822074748110026	0.029904212802648544	0.013907274231314659	False	[0 0 0 0 0 0]	[0 0 0 0 0 0]	[0 0 0 0 0 0]	[0 0 0 0 0 0]
21	0.13500000536441803	0.07184344530105591	0.0003719819360412657	0.00026206066831946373	0.04616226628422737	0.02504713647067547	False	[1 0 0 0 0 0]	[0 0 0 1 0 0]	[0 0 0 1 0 0]	[0 0 0 1 0 0]
21	0.12250000238418579	0.04770773649215698	0.0007202985580079257	0.0002729773987084627	0.032033659517765045	0.014680801890790462	False	[0 0 0 0 0 0]	[0 0 0 0 0 0]	[0 0 0 0 0 0]	[0 0 0 0 0 0]
21	0.14499999582767487	0.0651974231004715	0.0004057079495396465	0.00024328197469003499	0.04273506626486778	0.021813364699482918	False	[1 0 0 0 0 0]	[0 0 0 1 0 0]	[0 0 0 1 0 0]	[0 0 0 1 0 0]
21	0.12250000238418579	0.04837911203503609	0.0006910554366186261	0.0002721737837418914	0.03226068615913391	0.015155195258557796	False	[0 0 0 0 0 0]	[0 0 0 0 0 0]	[0 0 0 0 0 0]	[0 0 0 0 0 0]
21	0.13500000536441803	0.06567593663930893	0.0004076607874594629	0.000268263160251081	0.04285842925310135	0.022141585126519203	False	[1 0 0 0 0 0]	[0 0 0 1 0 0]	[0 0 0 1 0 0]	[0 0 0 1 0 0]
21	0.12250000238418579	0.04987910017371178	0.0006985728978179395	0.00027943027089349926	0.03321649134159088	0.01568460464477539	False	[0 0 0 0 0 0]	[0 0 0 0 0 0]	[0 0 0 0 0 0]	[0 0 0 0 0 0]
21	0.14000000059604645	0.07106533646583557	0.0003899365838151425	0.0002693068818189204	0.04605349525809288	0.024352598935365677	False	[1 0 0 0 0 0]	[0 0 0 1 0 0]	[0 0 0 1 0 0]	[0 0 0 1 0 0]
21	0.12250000238418579	0.048299357295036316	0.000647033448331058	0.00025650011957623065	0.03229574114084244	0.0151000851765275	False	[0 0 0 0 0 0]	[0 0 0 0 0 0]	[0 0 0 0 0 0]	[0 0 0 0 0 0]
21	0.14249999821186066	0.07388803362846375	0.00038976818905211985	0.0002715185401029885	0.047768913209438324	0.025457831099629402	False	[1 0 0 0 0 0]	[0 0 0 1 0 0]	[0 0 0 1 0 0]	[0 0 0 1 0 0]
21	0.125	0.04945208504796028	0.0007079625502228737	0.00027440208941698074	0.03304066136479378	0.015429061837494373	False	[0 0 0 0 0 0]	[0 0 0 0 0 0]	[0 0 0 0 0 0]	[0 0 0 0 0 0]
21	0.13500000536441803	0.07589298486709595	0.0003798515535891056	0.00027021486312150955	0.04875846207141876	0.02648445963859558	False	[1 0 0 0 0 0]	[0 0 0 1 0 0]	[0 0 0 1 0 0]	[0 0 0 1 0 0]
21	0.11999999731779099	0.04611934348940849	0.0007017751922830939	0.0002719452022574842	0.03088506869971752	0.014260553754866123	False	[0 0 0 0 0 0]	[0 0 0 0 0 0]	[0 0 0 0 0 0]	[0 0 0 0 0 0]
21	0.14000000059604645	0.06828658282756805	0.00039873839705251157	0.0002565085014794022	0.04435344785451889	0.023277882486581802	False	[1 0 0 0 0 0]	[0 0 0 1 0 0]	[0 0 0 1 0 0]	[0 0 0 1 0 0]
21	0.11749999970197678	0.0460653081536293	0.000692221219651401	0.0002772161387838423	0.030660267919301987	0.014435604214668274	False	[0 0 0 0 0 0]	[0 0 0 0 0 0]	[0 0 0 0 0 0]	[0 0 0 0 0 0]
21	0.13750000298023224	0.07581784576177597	0.0003783431020565331	0.0002627435023896396	0.048794642090797424	0.026382118463516235	False	[1 0 0 0 0 0]	[0 0 0 1 0 0]	[0 0 0 1 0 0]	[0 0 0 1 0 0]
21	0.12250000238418579	0.048043183982372284	0.0007387902005575597	0.00027876318199560046	0.032113417983055115	0.014912215061485767	False	[0 0 0 0 0 0]	[0 0 0 0 0 0]	[0 0 0 0 0 0]	[0 0 0 0 0 0]
21	0.12999999523162842	0.06952471286058426	0.0003892951353918761	0.00026606733445078135	0.04502350091934204	0.023845845833420753	False	[1 0 0 0 0 0]	[0 0 0 1 0 0]	[0 0 0 1 0 0]	[0 0 0 1 0 0]
21	0.12250000238418579	0.04691857099533081	0.0007110275328159332	0.00029613313381560147	0.03130308538675308	0.014608324505388737	False	[0 0 0 0 0 0]	[0 0 0 0 0 0]	[0 0 0 0 0 0]	[0 0 0 0 0 0]
21	0.1274999976158142	0.07266335189342499	0.0004112044698558748	0.0002745607343968004	0.047173596918582916	0.02480398491024971	False	[1 0 0 0 0 0]	[0 0 0 1 0 0]	[0 0 0 1 0 0]	[0 0 0 1 0 0]
21	0.12250000238418579	0.04455134645104408	0.0007332362583838403	0.00028391621890477836	0.029603928327560425	0.013930264860391617	False	[0 0 0 0 0 0]	[0 0 0 0 0 0]	[0 0 0 0 0 0]	[0 0 0 0 0 0]
21	0.12999999523162842	0.07679875940084457	0.0003867414779961109	0.0002820464433170855	0.0493299700319767	0.02680000476539135	False	[1 0 0 0 0 0]	[0 0 0 1 0 0]	[0 0 0 1 0 0]	[0 0 0 1 0 0]
21	0.11999999731779099	0.05026803910732269	0.0007076594047248363	0.0002737401518970728	0.03364012762904167	0.015646513551473618	False	[0 0 0 0 0 0]	[0 0 0 0 0 0]	[0 0 0 0 0 0]	[0 0 0 0 0 0]
21	0.14000000059604645	0.07542619109153748	0.00038391814450733364	0.0002631485112942755	0.04861002415418625	0.026169098913669586	False	[1 0 0 0 0 0]	[0 0 0 1 0 0]	[0 0 0 1 0 0]	[0 0 0 1 0 0]
21	0.1274999976158142	0.047376569360494614	0.0006987430970184505	0.00027251525898464024	0.03177989646792412	0.014625415205955505	False	[0 0 0 0 0 0]	[0 0 0 0 0 0]	[0 0 0 0 0 0]	[0 0 0 0 0 0]
21	0.13500000536441803	0.07872370630502701	0.0003749700845219195	0.0002791292208712548	0.05065074935555458	0.02741886116564274	False	[1 0 0 0 0 0]	[0 0 0 1 0 0]	[0 0 0 1 0 0]	[0 0 0 1 0 0]
21	0.11999999731779099	0.04433072358369827	0.0007292733644135296	0.0002727595856413245	0.029631225392222404	0.013697467744350433	False	[0 0 0 0 0 0]	[0 0 0 0 0 0]	[0 0 0 0 0 0]	[0 0 0 0 0 0]
21	0.14000000059604645	0.06675741076469421	0.00038716307608410716	0.00026255485136061907	0.043423064053058624	0.022684630006551743	False	[1 0 0 0 0 0]	[0 0 0 1 0 0]	[0 0 0 1 0 0]	[0 0 0 1 0 0]
21	0.125	0.04679243266582489	0.0007195748039521277	0.0002776716719381511	0.03128066658973694	0.014514521695673466	False	[0 0 0 0 0 0]	[0 0 0 0 0 0]	[0 0 0 0 0 0]	[0 0 0 0 0 0]
22	0.14000000059604645	0.052709370851516724	0.0005302961217239499	0.000605236564297229	0.027821753174066544	0.023752087727189064	False	[1 0 0 0 0 0]	[0 0 0 1 0 0]	[0 0 0 1 0 0]	[0 0 0 1 0 0]
22	0.125	0.04609040170907974	0.0011619196739047766	0.0005971657810732722	0.02367372438311577	0.02065759152173996	False	[0 0 0 0 0 0]	[0 0 0 0 0 0]	[0 0 0 0 0 0]	[0 0 0 0 0 0]
22	0.125	0.051673777401447296	0.0005333032459020615	0.0006198550690896809	0.027352649718523026	0.023167971521615982	False	[1 0 0 0 0 0]	[0 0 0 1 0 0]	[0 0 0 1 0 0]	[0 0 0 1 0 0]
22	0.12250000238418579	0.047783151268959045	0.0012455948162823915	0.0005910768522880971	0.024761155247688293	0.02118532359600067	False	[0 0 0 0 0 0]	[0 0 0 0 0 0]	[0 0 0 0 0 0]	[0 0 0 0 0 0]
22	0.13500000536441803	0.05024750530719757	0.000530518009327352	0.0005987599724903703	0.02648293599486351	0.022635292261838913	False	[1 0 0 0 0 0]	[0 0 0 1 0 0]	[0 0 0 1 0 0]	[0 0 0 1 0 0]
22	0.11999999731779099	0.04488300532102585	0.0011753737926483154	0.0006027483614161611	0.022980226203799248	0.020124658942222595	False	[0 0 0 0 0 0]	[0 0 0 0 0 0]	[0 0 0 0 0 0]	[0 0 0 0 0 0]
22	0.14000000059604645	0.046954408288002014	0.0005635374109260738	0.0005632888060063124	0.02467258647084236	0.021154997870326042	False	[1 0 0 0 0 0]	[0 0 0 1 0 0]	[0 0 0 1 0 0]	[0 0 0 1 0 0]
22	0.125	0.043551355600357056	0.0012050924124196172	0.0005926596350036561	0.022283488884568214	0.01947011612355709	False	[0 0 0 0 0 0]	[0 0 0 0 0 0]	[0 0 0 0 0 0]	[0 0 0 0 0 0]
22	0.16500000655651093	0.05289303511381149	0.0005602930323220789	0.0006186541868373752	0.028059285134077072	0.02365480549633503	False	[1 0 0 0 0 0]	[0 0 0 1 0 0]	[0 0 0 1 0 0]	[0 0 0 1 0 0]
22	0.125	0.04454401880502701	0.0011967793107032776	0.0005882933037355542	0.022801196202635765	0.01995774731040001	False	[0 0 0 0 0 0]	[0 0 0 0 0 0]	[0 0 0 0 0 0]	[0 0 0 0 0 0]
22	0.125	0.053910061717033386	0.0005178352002985775	0.0006353543722070754	0.028536459431052208	0.024220410734415054	False	[1 0 0 0 0 0]	[0 0 0 1 0 0]	[0 0 0 1 0 0]	[0 0 0 1 0 0]
22	0.125	0.046794019639492035	0.0011174019891768694	0.0005777329788543284	0.024209346622228622	0.020889537408947945	False	[0 0 0 0 0 0]	[0 0 0 0 0 0]	[0 0 0 0 0 0]	[0 0 0 0 0 0]
22	0.1274999976158142	0.05053249001502991	0.0005240507889539003	0.0005949029000476003	0.026481878012418747	0.0229316558688879	False	[1 0 0 0 0 0]	[0 0 0 1 0 0]	[0 0 0 1 0 0]	[0 0 0 1 0 0]
22	0.12250000238418579	0.045899659395217896	0.0011779111810028553	0.0006014234968461096	0.023657197132706642	0.0204631295055151	False	[0 0 0 0 0 0]	[0 0 0 0 0 0]	[0 0 0 0 0 0]	[0 0 0 0 0 0]
22	0.14499999582767487	0.050741977989673615	0.0005191119271330535	0.0006001943838782609	0.026612315326929092	0.023010358214378357	False	[1 0 0 0 0 0]	[0 0 0 1 0 0]	[0 0 0 1 0 0]	[0 0 0 1 0 0]
22	0.12250000238418579	0.04294408857822418	0.0011899042874574661	0.0005990680656395853	0.02189668081700802	0.01925843581557274	False	[0 0 0 0 0 0]	[0 0 0 0 0 0]	[0 0 0 0 0 0]	[0 0 0 0 0 0]
22	0.13750000298023224	0.05297877639532089	0.0005324330413714051	0.0006190512795001268	0.028077829629182816	0.023749463260173798	False	[1 0 0 0 0 0]	[0 0 0 1 0 0]	[0 0 0 1 0 0]	[0 0 0 1 0 0]
22	0.12250000238418579	0.04289308190345764	0.0011930126929655671	0.0006107061635702848	0.021893050521612167	0.019196312874555588	False	[0 0 0 0 0 0]	[0 0 0 0 0 0]	[0 0 0 0 0 0]	[0 0 0 0 0 0]
22	0.13500000536441803	0.048269279301166534	0.0005335034220479429	0.0006107939407229424	0.0253733042627573	0.021751679480075836	False	[1 0 0 0 0 0]	[0 0 0 1 0 0]	[0 0 0 1 0 0]	[0 0 0 1 0 0]
22	0.12250000238418579	0.045152708888053894	0.0012054597027599812	0.0005997461848892272	0.023237787187099457	0.020109714940190315	False	[0 0 0 0 0 0]	[0 0 0 0 0 0]	[0 0 0 0 0 0]	[0 0 0 0 0 0]
22	0.13750000298023224	0.053429339081048965	0.0005308263935148716	0.0006122869090177119	0.028300156816840172	0.02398606948554516	False	[1 0 0 0 0 0]	[0 0 0 1 0 0]	[0 0 0 1 0 0]	[0 0 0 1 0 0]
22	0.125	0.041858091950416565	0.0012135026045143604	0.0005948269390501082	0.021262910217046738	0.018786849454045296	False	[0 0 0 0 0 0]	[0 0 0 0 0 0]	[0 0 0 0 0 0]	[0 0 0 0 0 0]
22	0.14000000059604645	0.046090029180049896	0.0005602535093203187	0.0006146891391836107	0.02397727221250534	0.02093781717121601	False	[1 0 0 0 0 0]	[0 0 0 1 0 0]	[0 0 0 1 0 0]	[0 0 0 1 0 0]
22	0.12250000238418579	0.044228024780750275	0.0011751367710530758	0.0005828727735206485	0.022598451003432274	0.019871562719345093	False	[0 0 0 0 0 0]	[0 0 0 0 0 0]	[0 0 0 0 0 0]	[0 0 0 0 0 0]
22	0.14499999582767487	0.051332294940948486	0.0005178190767765045	0.0006243451498448849	0.027086425572633743	0.023103706538677216	False	[1 0 0 0 0 0]	[0 0 0 1 0 0]	[0 0 0 1 0 0]	[0 0 0 1 0 0]
22	0.11999999731779099	0.045803189277648926	0.0012307828292250633	0.0005985540337860584	0.023645926266908646	0.02032792754471302	False	[0 0 0 0 0 0]	[0 0 0 0 0 0]	[0 0 0 0 0 0]	[0 0 0 0 0 0]
22	0.14749999344348907	0.049450378865003586	0.0005424608243629336	0.0006153915310278535	0.025998348370194435	0.02229417860507965	False	[1 0 0 0 0 0]	[0 0 0 1 0 0]	[0 0 0 1 0 0]	[0 0 0 1 0 0]
22	0.12250000238418579	0.04491141065955162	0.001139049418270588	0.000563150504603982	0.023233121261000633	0.019976088777184486	False	[0 0 0 0 0 0]	[0 0 0 0 0 0]	[0 0 0 0 0 0]	[0 0 0 0 0 0]
22	0.1274999976158142	0.04839640110731125	0.0005519638070836663	0.0005859634838998318	0.025413870811462402	0.02184460312128067	False	[1 0 0 0 0 0]	[0 0 0 1 0 0]	[0 0 0 1 0 0]	[0 0 0 1 0 0]
22	0.11999999731779099	0.044869083911180496	0.0011732514249160886	0.0005965249729342759	0.0230599045753479	0.020039401948451996	False	[0 0 0 0 0 0]	[0 0 0 0 0 0]	[0 0 0 0 0 0]	[0 0 0 0 0 0]
23	0.12250000238418579	0.09731131792068481	0.02201838046312332	0.00015758656081743538	0.014717473648488522	0.06041787564754486	False	[1 0 0 0 0 0]	[0 0 0 1 0 0]	[0 0 0 1 0 0]	[0 0 0 1 0 0]
23	0.12250000238418579	0.07484880089759827	0.02667352929711342	0.00015253214223776013	0.009343216195702553	0.03867952525615692	False	[0 0 0 0 0 0]	[0 0 0 0 0 0]	[0 0 0 0 0 0]	[0 0 0 0 0 0]
23	0.12999999523162842	0.09100839495658875	0.021476496011018753	0.00015285398694686592	0.013479161076247692	0.05589988827705383	False	[1 0 0 0 0 0]	[0 0 0 1 0 0]	[0 0 0 1 0 0]	[0 0 0 1 0 0]
23	0.12250000238418579	0.07862913608551025	0.027143724262714386	0.000155809975694865	0.009969795122742653	0.0413598008453846	False	[0 0 0 0 0 0]	[0 0 0 0 0 0]	[0 0 0 0 0 0]	[0 0 0 0 0 0]
23	0.12999999523162842	0.09498189389705658	0.022848524153232574	0.00015551054093521088	0.014173699542880058	0.0578041635453701	False	[1 0 0 0 0 0]	[0 0 0 1 0 0]	[0 0 0 1 0 0]	[0 0 0 1 0 0]
23	0.12250000238418579	0.07922085374593735	0.027157120406627655	0.00015625040396116674	0.01001847255975008	0.0418890118598938	False	[0 0 0 0 0 0]	[0 0 0 0 0 0]	[0 0 0 0 0 0]	[0 0 0 0 0 0]
23	0.125	0.09138862788677216	0.022358985617756844	0.00015650854038540274	0.013389768078923225	0.05548335984349251	False	[1 0 0 0 0 0]	[0 0 0 1 0 0]	[0 0 0 1 0 0]	[0 0 0 1 0 0]
23	0.12250000238418579	0.0774015337228775	0.02673116698861122	0.00015379712567664683	0.009755104780197144	0.040761467069387436	False	[0 0 0 0 0 0]	[0 0 0 0 0 0]	[0 0 0 0 0 0]	[0 0 0 0 0 0]
23	0.1274999976158142	0.09599072486162186	0.022265566512942314	0.00015817279927432537	0.014321909286081791	0.05924507603049278	False	[1 0 0 0 0 0]	[0 0 0 1 0 0]	[0 0 0 1 0 0]	[0 0 0 1 0 0]
23	0.12250000238418579	0.07601862400770187	0.026987671852111816	0.00015322960098274052	0.009500488638877869	0.03937723487615585	False	[0 0 0 0 0 0]	[0 0 0 0 0 0]	[0 0 0 0 0 0]	[0 0 0 0 0 0]
23	0.13249999284744263	0.09044139832258224	0.021733373403549194	0.00015544843336101621	0.013267802074551582	0.0552847757935524	False	[1 0 0 0 0 0]	[0 0 0 1 0 0]	[0 0 0 1 0 0]	[0 0 0 1 0 0]
23	0.12999999523162842	0.07740701735019684	0.027396103367209435	0.0001536118652438745	0.00969219021499157	0.04016511142253876	False	[0 0 0 0 0 0]	[0 0 0 0 0 0]	[0 0 0 0 0 0]	[0 0 0 0 0 0]
23	0.14499999582767487	0.09258784353733063	0.022279780358076096	0.0001564842532388866	0.013690652325749397	0.056460924446582794	False	[1 0 0 0 0 0]	[0 0 0 1 0 0]	[0 0 0 1 0 0]	[0 0 0 1 0 0]
23	0.12250000238418579	0.07676376402378082	0.02699960395693779	0.0001518530771136284	0.009656775742769241	0.03995553031563759	False	[0 0 0 0 0 0]	[0 0 0 0 0 0]	[0 0 0 0 0 0]	[0 0 0 0 0 0]
23	0.12999999523162842	0.09359528124332428	0.02143368497490883	0.00016045122174546123	0.01380736194550991	0.05819378048181534	False	[1 0 0 0 0 0]	[0 0 0 1 0 0]	[0 0 0 1 0 0]	[0 0 0 1 0 0]
23	0.12250000238418579	0.07900327444076538	0.0276336632668972	0.00015718798385933042	0.009871701709926128	0.041340719908475876	False	[0 0 0 0 0 0]	[0 0 0 0 0 0]	[0 0 0 0 0 0]	[0 0 0 0 0 0]
23	0.13249999284744263	0.09084147214889526	0.022299710661172867	0.0001542841928312555	0.01337497029453516	0.05501250550150871	False	[1 0 0 0 0 0]	[0 0 0 1 0 0]	[0 0 0 1 0 0]	[0 0 0 1 0 0]
23	0.125	0.07955651730298996	0.027373362332582474	0.0001567155122756958	0.010040362365543842	0.04198607802391052	False	[0 0 0 0 0 0]	[0 0 0 0 0 0]	[0 0 0 0 0 0]	[0 0 0 0 0 0]
23	0.13500000536441803	0.08650188148021698	0.02127605676651001	0.00015216864994727075	0.012629332020878792	0.052444327622652054	False	[1 0 0 0 0 0]	[0 0 0 1 0 0]	[0 0 0 1 0 0]	[0 0 0 1 0 0]
23	0.125	0.0812574103474617	0.02771981619298458	0.0001574403722770512	0.010238947346806526	0.043141208589076996	False	[0 0 0 0 0 0]	[0 0 0 0 0 0]	[0 0 0 0 0 0]	[0 0 0 0 0 0]
23	0.16249999403953552	0.08760631084442139	0.02175852470099926	0.00015186391829047352	0.012809313833713531	0.05288660526275635	False	[1 0 0 0 0 0]	[0 0 0 1 0 0]	[0 0 0 1 0 0]	[0 0 0 1 0 0]
23	0.11999999731779099	0.07745784521102905	0.02706463262438774	0.000155133762746118	0.009740344248712063	0.040497731417417526	False	[0 0 0 0 0 0]	[0 0 0 0 0 0]	[0 0 0 0 0 0]	[0 0 0 0 0 0]
23	0.14499999582767487	0.08978835493326187	0.021914374083280563	0.00015757200890220702	0.013114404864609241	0.0546020045876503	False	[1 0 0 0 0 0]	[0 0 0 1 0 0]	[0 0 0 1 0 0]	[0 0 0 1 0 0]
23	0.125	0.07863549888134003	0.027293482795357704	0.0001537805364932865	0.00993581023067236	0.04125242680311203	False	[0 0 0 0 0 0]	[0 0 0 0 0 0]	[0 0 0 0 0 0]	[0 0 0 0 0 0]
23	0.12999999523162842	0.0857509970664978	0.020909367129206657	0.0001478565245633945	0.0126272551715374	0.05206651985645294	False	[1 0 0 0 0 0]	[0 0 0 1 0 0]	[0 0 0 1 0 0]	[0 0 0 1 0 0]
23	0.11999999731779099	0.07637624442577362	0.026982486248016357	0.0001544661063235253	0.009468119591474533	0.039771176874637604	False	[0 0 0 0 0 0]	[0 0 0 0 0 0]	[0 0 0 0 0 0]	[0 0 0 0 0 0]
23	0.14749999344348907	0.08866608887910843	0.02093978226184845	0.00015508812793996185	0.013000166043639183	0.05457105487585068	False	[1 0 0 0 0 0]	[0 0 0 1 0 0]	[0 0 0 1 0 0]	[0 0 0 1 0 0]
23	0.12250000238418579	0.0788252204656601	0.027418028563261032	0.00015360626275651157	0.010026760399341583	0.0412268303334713	False	[0 0 0 0 0 0]	[0 0 0 0 0 0]	[0 0 0 0 0 0]	[0 0 0 0 0 0]
23	0.14249999821186066	0.09060676395893097	0.021645959466695786	0.00015761803661007434	0.013231489807367325	0.055571701377630234	False	[1 0 0 0 0 0]	[0 0 0 1 0 0]	[0 0 0 1 0 0]	[0 0 0 1 0 0]
23	0.12250000238418579	0.07702562212944031	0.027069689705967903	0.00015582340711262077	0.009613670408725739	0.04018643498420715	False	[0 0 0 0 0 0]	[0 0 0 0 0 0]	[0 0 0 0 0 0]	[0 0 0 0 0 0]
24	0.14749999344348907	0.17174676060676575	0.06812066584825516	0.00010123218089574948	0.008114487864077091	0.09541037678718567	False	[1 0 0 0 0 0]	[0 0 0 1 0 0]	[0 0 0 1 0 0]	[0 0 0 1 0 0]
24	0.12250000238418579	0.17760559916496277	0.08611252903938293	0.00010706951434258372	0.00691236462444067	0.0844736397266388	False	[0 0 0 0 0 0]	[0 0 0 0 0 0]	[0 0 0 0 0 0]	[0 0 0 0 0 0]
24	0.13750000298023224	0.1708514243364334	0.06871058791875839	9.897009294945747e-05	0.007977267727255821	0.09406459331512451	False	[1 0 0 0 0 0]	[0 0 0 1 0 0]	[0 0 0 1 0 0]	[0 0 0 1 0 0]
24	0.12250000238418579	0.18154090642929077	0.0873870775103569	0.00010833801206899807	0.007127732038497925	0.08691775798797607	False	[0 0 0 0 0 0]	[0 0 0 0 0 0]	[0 0 0 0 0 0]	[0 0 0 0 0 0]
24	0.125	0.17285442352294922	0.07059059292078018	9.963074990082532e-05	0.00803937204182148	0.09412483870983124	False	[1 0 0 0 0 0]	[0 0 0 1 0 0]	[0 0 0 1 0 0]	[0 0 0 1 0 0]
24	0.125	0.1782761514186859	0.08741948008537292	0.00010783485777210444	0.0068511501885950565	0.0838976800441742	False	[0 0 0 0 0 0]	[0 0 0 0 0 0]	[0 0 0 0 0 0]	[0 0 0 0 0 0]
24	0.1274999976158142	0.17672061920166016	0.07112342119216919	0.00010109186405315995	0.008418025448918343	0.09707808494567871	False	[1 0 0 0 0 0]	[0 0 0 1 0 0]	[0 0 0 1 0 0]	[0 0 0 1 0 0]
24	0.11999999731779099	0.18065086007118225	0.08764377236366272	0.00010804319754242897	0.007018488831818104	0.08588056266307831	False	[0 0 0 0 0 0]	[0 0 0 0 0 0]	[0 0 0 0 0 0]	[0 0 0 0 0 0]
24	0.1274999976158142	0.17296582460403442	0.06873714178800583	0.00010044242662843317	0.008183793164789677	0.09594445675611496	False	[1 0 0 0 0 0]	[0 0 0 1 0 0]	[0 0 0 1 0 0]	[0 0 0 1 0 0]
24	0.125	0.17846007645130157	0.08734750747680664	0.00010733844828791916	0.006875521037727594	0.0841297060251236	False	[0 0 0 0 0 0]	[0 0 0 0 0 0]	[0 0 0 0 0 0]	[0 0 0 0 0 0]
24	0.12999999523162842	0.17611192166805267	0.07011541724205017	0.00010289272177033126	0.008377062156796455	0.09751655161380768	False	[1 0 0 0 0 0]	[0 0 0 1 0 0]	[0 0 0 1 0 0]	[0 0 0 1 0 0]
24	0.11999999731779099	0.17836451530456543	0.08646019548177719	0.00010678562830435112	0.006963192019611597	0.08483433723449707	False	[0 0 0 0 0 0]	[0 0 0 0 0 0]	[0 0 0 0 0 0]	[0 0 0 0 0 0]
24	0.14499999582767487	0.17798951268196106	0.0717710480093956	0.00010321557056158781	0.008479481562972069	0.09763577580451965	False	[1 0 0 0 0 0]	[0 0 0 1 0 0]	[0 0 0 1 0 0]	[0 0 0 1 0 0]
24	0.125	0.18170000612735748	0.08786328136920929	0.00010790849773911759	0.007143013644963503	0.08658580482006073	False	[0 0 0 0 0 0]	[0 0 0 0 0 0]	[0 0 0 0 0 0]	[0 0 0 0 0 0]
24	0.13500000536441803	0.17393022775650024	0.06945394724607468	0.00010096563346451148	0.008223900571465492	0.09615141153335571	False	[1 0 0 0 0 0]	[0 0 0 1 0 0]	[0 0 0 1 0 0]	[0 0 0 1 0 0]
24	0.11999999731779099	0.1813960075378418	0.08929676562547684	0.00010715977987274528	0.007044857367873192	0.08494722843170166	False	[0 0 0 0 0 0]	[0 0 0 0 0 0]	[0 0 0 0 0 0]	[0 0 0 0 0 0]
24	0.13249999284744263	0.17426908016204834	0.07055549323558807	0.00010108072456205264	0.008177838288247585	0.09543466567993164	False	[1 0 0 0 0 0]	[0 0 0 1 0 0]	[0 0 0 1 0 0]	[0 0 0 1 0 0]
24	0.125	0.1812388300895691	0.08864092826843262	0.00010842709161806852	0.007025866769254208	0.08546359837055206	False	[0 0 0 0 0 0]	[0 0 0 0 0 0]	[0 0 0 0 0 0]	[0 0 0 0 0 0]
24	0.14499999582767487	0.18039727210998535	0.07257696986198425	0.00010347802890464664	0.008739514276385307	0.09897730499505997	False	[1 0 0 0 0 0]	[0 0 0 1 0 0]	[0 0 0 1 0 0]	[0 0 0 1 0 0]
24	0.125	0.18069308996200562	0.08691263198852539	0.00010720305726863444	0.007105065975338221	0.0865681916475296	False	[0 0 0 0 0 0]	[0 0 0 0 0 0]	[0 0 0 0 0 0]	[0 0 0 0 0 0]
24	0.13500000536441803	0.17430932819843292	0.07064691185951233	0.00010128607391379774	0.008169380947947502	0.09539175033569336	False	[1 0 0 0 0 0]	[0 0 0 1 0 0]	[0 0 0 1 0 0]	[0 0 0 1 0 0]
24	0.11999999731779099	0.17665529251098633	0.08627893030643463	0.00010680266859708354	0.006843562237918377	0.08342599123716354	False	[0 0 0 0 0 0]	[0 0 0 0 0 0]	[0 0 0 0 0 0]	[0 0 0 0 0 0]
24	0.1274999976158142	0.17293491959571838	0.07025989145040512	9.910475637298077e-05	0.008104643784463406	0.0944712832570076	False	[1 0 0 0 0 0]	[0 0 0 1 0 0]	[0 0 0 1 0 0]	[0 0 0 1 0 0]
24	0.12250000238418579	0.17741769552230835	0.08616794645786285	0.00010713421943364665	0.006852896884083748	0.08428972959518433	False	[0 0 0 0 0 0]	[0 0 0 0 0 0]	[0 0 0 0 0 0]	[0 0 0 0 0 0]
24	0.12999999523162842	0.178941011428833	0.07119618356227875	0.00010369874507887289	0.008598501794040203	0.0990426316857338	False	[1 0 0 0 0 0]	[0 0 0 1 0 0]	[0 0 0 1 0 0]	[0 0 0 1 0 0]
24	0.125	0.17972031235694885	0.08682064712047577	0.00010784665209939703	0.006997007876634598	0.08579480648040771	False	[0 0 0 0 0 0]	[0 0 0 0 0 0]	[0 0 0 0 0 0]	[0 0 0 0 0 0]
24	0.13249999284744263	0.1736685335636139	0.06981192529201508	0.00010110324365086854	0.008161759003996849	0.09559373557567596	False	[1 0 0 0 0 0]	[0 0 0 1 0 0]	[0 0 0 1 0 0]	[0 0 0 1 0 0]
24	0.12250000238418579	0.17991508543491364	0.08738395571708679	0.00010781952005345374	0.006993986200541258	0.08542932569980621	False	[0 0 0 0 0 0]	[0 0 0 0 0 0]	[0 0 0 0 0 0]	[0 0 0 0 0 0]
24	0.13750000298023224	0.176588773727417	0.07135558873414993	0.00010229212057311088	0.008358543738722801	0.09677235037088394	False	[1 0 0 0 0 0]	[0 0 0 1 0 0]	[0 0 0 1 0 0]	[0 0 0 1 0 0]
24	0.125	0.17800259590148926	0.08630501478910446	0.00010708549234550446	0.006918639410287142	0.08467184752225876	False	[0 0 0 0 0 0]	[0 0 0 0 0 0]	[0 0 0 0 0 0]	[0 0 0 0 0 0]
25	0.125	0.3246604800224304	0.2181750237941742	0.0003882623859681189	0.06072887405753136	0.045368317514657974	False	[1 0 0 0 0 0]	[0 0 0 1 0 0]	[0 0 0 1 0 0]	[0 0 0 1 0 0]
25	0.125	0.5391563177108765	0.4542713761329651	0.0011724738869816065	0.04663065820932388	0.037081778049468994	False	[0 0 0 0 0 0]	[0 0 0 0 0 0]	[0 0 0 0 0 0]	[0 0 0 0 0 0]
25	0.13249999284744263	0.32883089780807495	0.21622848510742188	0.0003741881519090384	0.0649494007229805	0.047278836369514465	False	[1 0 0 0 0 0]	[0 0 0 1 0 0]	[0 0 0 1 0 0]	[0 0 0 1 0 0]
25	0.11999999731779099	0.5522943735122681	0.47003304958343506	0.0013694071676582098	0.04495813697576523	0.03593377396464348	False	[0 0 0 0 0 0]	[0 0 0 0 0 0]	[0 0 0 0 0 0]	[0 0 0 0 0 0]
25	0.14000000059604645	0.3217824697494507	0.2153821587562561	0.0003780692059081048	0.06086110323667526	0.045161135494709015	False	[1 0 0 0 0 0]	[0 0 0 1 0 0]	[0 0 0 1 0 0]	[0 0 0 1 0 0]
25	0.11500000208616257	0.535459041595459	0.4496709704399109	0.0011890160385519266	0.04750601947307587	0.03709302470088005	False	[0 0 0 0 0 0]	[0 0 0 0 0 0]	[0 0 0 0 0 0]	[0 0 0 0 0 0]
25	0.13750000298023224	0.32088586688041687	0.21593128144741058	0.0003764374414458871	0.05954352393746376	0.045034609735012054	False	[1 0 0 0 0 0]	[0 0 0 1 0 0]	[0 0 0 1 0 0]	[0 0 0 1 0 0]
25	0.12250000238418579	0.5581732988357544	0.47543689608573914	0.0013873259304091334	0.0454532615840435	0.03589579463005066	False	[0 0 0 0 0 0]	[0 0 0 0 0 0]	[0 0 0 0 0 0]	[0 0 0 0 0 0]
25	0.12250000238418579	0.3403884172439575	0.22171564400196075	0.0003877559211105108	0.06917698681354523	0.04910802096128464	False	[1 0 0 0 0 0]	[0 0 0 1 0 0]	[0 0 0 1 0 0]	[0 0 0 1 0 0]
25	0.11999999731779099	0.5621246099472046	0.4769362807273865	0.001326099969446659	0.04712703824043274	0.03673515468835831	False	[0 0 0 0 0 0]	[0 0 0 0 0 0]	[0 0 0 0 0 0]	[0 0 0 0 0 0]
25	0.14000000059604645	0.33236926794052124	0.22894805669784546	0.0003924040065612644	0.05978640168905258	0.04324239864945412	False	[1 0 0 0 0 0]	[0 0 0 1 0 0]	[0 0 0 1 0 0]	[0 0 0 1 0 0]
25	0.12999999523162842	0.5420426726341248	0.45511552691459656	0.0011796723119914532	0.04781315475702286	0.03793428838253021	False	[0 0 0 0 0 0]	[0 0 0 0 0 0]	[0 0 0 0 0 0]	[0 0 0 0 0 0]
25	0.13500000536441803	0.32300060987472534	0.22155308723449707	0.00038959208177402616	0.05734815448522568	0.04370979592204094	False	[1 0 0 0 0 0]	[0 0 0 1 0 0]	[0 0 0 1 0 0]	[0 0 0 1 0 0]
25	0.12250000238418579	0.5372470617294312	0.45899373292922974	0.0013911179266870022	0.04182127118110657	0.0350409634411335	False	[0 0 0 0 0 0]	[0 0 0 0 0 0]	[0 0 0 0 0 0]	[0 0 0 0 0 0]
25	0.13500000536441803	0.3329302966594696	0.22196808457374573	0.0003727111907210201	0.06426375359296799	0.04632575064897537	False	[1 0 0 0 0 0]	[0 0 0 1 0 0]	[0 0 0 1 0 0]	[0 0 0 1 0 0]
25	0.12999999523162842	0.5453482866287231	0.46716850996017456	0.0012795369839295745	0.04238815978169441	0.03451208025217056	False	[0 0 0 0 0 0]	[0 0 0 0 0 0]	[0 0 0 0 0 0]	[0 0 0 0 0 0]
25	0.15000000596046448	0.31892111897468567	0.20944449305534363	0.0003784397558774799	0.0625426396727562	0.04655555263161659	False	[1 0 0 0 0 0]	[0 0 0 1 0 0]	[0 0 0 1 0 0]	[0 0 0 1 0 0]
25	0.12250000238418579	0.5430671572685242	0.46109241247177124	0.0013326251646503806	0.04506430774927139	0.035577818751335144	False	[0 0 0 0 0 0]	[0 0 0 0 0 0]	[0 0 0 0 0 0]	[0 0 0 0 0 0]
25	0.13750000298023224	0.30480822920799255	0.19159048795700073	0.00035988137824460864	0.0644994005560875	0.04835847392678261	False	[1 0 0 0 0 0]	[0 0 0 1 0 0]	[0 0 0 1 0 0]	[0 0 0 1 0 0]
25	0.11999999731779099	0.5377531051635742	0.45700645446777344	0.001359558547846973	0.04393302649259567	0.035454072058200836	False	[0 0 0 0 0 0]	[0 0 0 0 0 0]	[0 0 0 0 0 0]	[0 0 0 0 0 0]
25	0.13500000536441803	0.3245731592178345	0.21459248661994934	0.0003764089778997004	0.06311368942260742	0.04649057984352112	False	[1 0 0 0 0 0]	[0 0 0 1 0 0]	[0 0 0 1 0 0]	[0 0 0 1 0 0]
25	0.12250000238418579	0.533282995223999	0.4495169222354889	0.0013066576793789864	0.04583330079913139	0.03662610054016113	False	[0 0 0 0 0 0]	[0 0 0 0 0 0]	[0 0 0 0 0 0]	[0 0 0 0 0 0]
25	0.13500000536441803	0.32152411341667175	0.2232457846403122	0.0003886293852701783	0.05553528666496277	0.04235442355275154	False	[1 0 0 0 0 0]	[0 0 0 1 0 0]	[0 0 0 1 0 0]	[0 0 0 1 0 0]
25	0.11999999731779099	0.5569108128547668	0.4700872600078583	0.0012569914106279612	0.04832892864942551	0.037237636744976044	False	[0 0 0 0 0 0]	[0 0 0 0 0 0]	[0 0 0 0 0 0]	[0 0 0 0 0 0]
25	0.1274999976158142	0.3232050836086273	0.20942413806915283	0.00036248506512492895	0.06511148065328598	0.04830697178840637	False	[1 0 0 0 0 0]	[0 0 0 1 0 0]	[0 0 0 1 0 0]	[0 0 0 1 0 0]
25	0.12999999523162842	0.5492478609085083	0.4600004553794861	0.0012335210340097547	0.04966670647263527	0.03834720700979233	False	[0 0 0 0 0 0]	[0 0 0 0 0 0]	[0 0 0 0 0 0]	[0 0 0 0 0 0]
25	0.14749999344348907	0.30237117409706116	0.21031057834625244	0.00037449647788889706	0.05116044729948044	0.0405256524682045	False	[1 0 0 0 0 0]	[0 0 0 1 0 0]	[0 0 0 1 0 0]	[0 0 0 1 0 0]
25	0.12250000238418579	0.5329616069793701	0.45047295093536377	0.001266655744984746	0.04485965147614479	0.036362357437610626	False	[0 0 0 0 0 0]	[0 0 0 0 0 0]	[0 0 0 0 0 0]	[0 0 0 0 0 0]
25	0.14000000059604645	0.3345365822315216	0.21672601997852325	0.00038165782461874187	0.06823652982711792	0.049192361533641815	False	[1 0 0 0 0 0]	[0 0 0 1 0 0]	[0 0 0 1 0 0]	[0 0 0 1 0 0]
25	0.12250000238418579	0.5391590595245361	0.45929819345474243	0.001328713377006352	0.04293597489595413	0.035596203058958054	False	[0 0 0 0 0 0]	[0 0 0 0 0 0]	[0 0 0 0 0 0]	[0 0 0 0 0 0]
26	0.14000000059604645	0.7906328439712524	0.6501373052597046	0.008968311361968517	0.043619200587272644	0.08790800720453262	False	[1 0 0 0 0 0]	[0 0 0 1 0 0]	[0 0 0 1 0 0]	[0 0 0 1 0 0]
26	0.125	0.8249959349632263	0.692346453666687	0.017997387796640396	0.033720072358846664	0.08093200623989105	False	[0 0 0 0 0 0]	[0 0 0 0 0 0]	[0 0 0 0 0 0]	[0 0 0 0 0 0]
26	0.13249999284744263	0.7986522316932678	0.66057288646698	0.009694261476397514	0.041531044989824295	0.08685404062271118	False	[1 0 0 0 0 0]	[0 0 0 1 0 0]	[0 0 0 1 0 0]	[0 0 0 1 0 0]
26	0.125	0.8248794674873352	0.6887332201004028	0.01749662682414055	0.03587086871266365	0.08277873694896698	False	[0 0 0 0 0 0]	[0 0 0 0 0 0]	[0 0 0 0 0 0]	[0 0 0 0 0 0]
26	0.12999999523162842	0.7909340858459473	0.6482876539230347	0.009062173776328564	0.045131076127290726	0.08845318108797073	False	[1 0 0 0 0 0]	[0 0 0 1 0 0]	[0 0 0 1 0 0]	[0 0 0 1 0 0]
26	0.11999999731779099	0.8293349146842957	0.6937239170074463	0.01712656579911709	0.03554679453372955	0.08293764293193817	False	[0 0 0 0 0 0]	[0 0 0 0 0 0]	[0 0 0 0 0 0]	[0 0 0 0 0 0]
26	0.1550000011920929	0.7903695702552795	0.6493003368377686	0.00905466079711914	0.04437880218029022	0.08763574808835983	False	[1 0 0 0 0 0]	[0 0 0 1 0 0]	[0 0 0 1 0 0]	[0 0 0 1 0 0]
26	0.1274999976158142	0.8270519971847534	0.6935067176818848	0.017833847552537918	0.03414033353328705	0.08157109469175339	False	[0 0 0 0 0 0]	[0 0 0 0 0 0]	[0 0 0 0 0 0]	[0 0 0 0 0 0]
26	0.12999999523162842	0.7899217009544373	0.6502417325973511	0.008678429760038853	0.04378241300582886	0.08721911162137985	False	[1 0 0 0 0 0]	[0 0 0 1 0 0]	[0 0 0 1 0 0]	[0 0 0 1 0 0]
26	0.125	0.8276331424713135	0.6932187676429749	0.018410975113511086	0.034448154270648956	0.08155525475740433	False	[0 0 0 0 0 0]	[0 0 0 0 0 0]	[0 0 0 0 0 0]	[0 0 0 0 0 0]
26	0.14000000059604645	0.7958096265792847	0.6584296226501465	0.009573387913405895	0.0412602573633194	0.08654633164405823	False	[1 0 0 0 0 0]	[0 0 0 1 0 0]	[0 0 0 1 0 0]	[0 0 0 1 0 0]
26	0.11999999731779099	0.8243708610534668	0.6892451047897339	0.017686326056718826	0.035233914852142334	0.08220554143190384	False	[0 0 0 0 0 0]	[0 0 0 0 0 0]	[0 0 0 0 0 0]	[0 0 0 0 0 0]
26	0.13500000536441803	0.7756211161613464	0.6347073316574097	0.008616885170340538	0.04432649537920952	0.08797045052051544	False	[1 0 0 0 0 0]	[0 0 0 1 0 0]	[0 0 0 1 0 0]	[0 0 0 1 0 0]
26	0.12999999523162842	0.8261893391609192	0.6877437233924866	0.016768965870141983	0.037955187261104584	0.08372145891189575	False	[0 0 0 0 0 0]	[0 0 0 0 0 0]	[0 0 0 0 0 0]	[0 0 0 0 0 0]
26	0.13500000536441803	0.7709738612174988	0.6228899359703064	0.008046814240515232	0.049675196409225464	0.09036190062761307	False	[1 0 0 0 0 0]	[0 0 0 1 0 0]	[0 0 0 1 0 0]	[0 0 0 1 0 0]
26	0.125	0.828363835811615	0.6921195983886719	0.018066473305225372	0.03552383929491043	0.0826539620757103	False	[0 0 0 0 0 0]	[0 0 0 0 0 0]	[0 0 0 0 0 0]	[0 0 0 0 0 0]
26	0.13249999284744263	0.7902628183364868	0.6501715779304504	0.00915390346199274	0.04337882250547409	0.08755853772163391	False	[1 0 0 0 0 0]	[0 0 0 1 0 0]	[0 0 0 1 0 0]	[0 0 0 1 0 0]
26	0.1274999976158142	0.827165961265564	0.691537082195282	0.01791573315858841	0.03538660332560539	0.0823265090584755	False	[0 0 0 0 0 0]	[0 0 0 0 0 0]	[0 0 0 0 0 0]	[0 0 0 0 0 0]
26	0.13500000536441803	0.7929590940475464	0.6524456143379211	0.0088356863707304	0.04386420175433159	0.08781363815069199	False	[1 0 0 0 0 0]	[0 0 0 1 0 0]	[0 0 0 1 0 0]	[0 0 0 1 0 0]
26	0.12999999523162842	0.8251178860664368	0.6898476481437683	0.017546720802783966	0.035509828478097916	0.08221369236707687	False	[0 0 0 0 0 0]	[0 0 0 0 0 0]	[0 0 0 0 0 0]	[0 0 0 0 0 0]
26	0.13500000536441803	0.7907545566558838	0.6499519944190979	0.00911708828061819	0.043869029730558395	0.0878165066242218	False	[1 0 0 0 0 0]	[0 0 0 1 0 0]	[0 0 0 1 0 0]	[0 0 0 1 0 0]
26	0.11749999970197678	0.8253833055496216	0.6862555742263794	0.018091412261128426	0.037519246339797974	0.08351710438728333	False	[0 0 0 0 0 0]	[0 0 0 0 0 0]	[0 0 0 0 0 0]	[0 0 0 0 0 0]
26	0.1574999988079071	0.78470778465271	0.6462678909301758	0.008979449048638344	0.04269908368587494	0.08676132559776306	False	[1 0 0 0 0 0]	[0 0 0 1 0 0]	[0 0 0 1 0 0]	[0 0 0 1 0 0]
26	0.11749999970197678	0.8268020749092102	0.6914287805557251	0.017422987148165703	0.03537178412079811	0.08257852494716644	False	[0 0 0 0 0 0]	[0 0 0 0 0 0]	[0 0 0 0 0 0]	[0 0 0 0 0 0]
26	0.14249999821186066	0.7880139350891113	0.6490755677223206	0.008664002642035484	0.04308697208762169	0.08718742430210114	False	[1 0 0 0 0 0]	[0 0 0 1 0 0]	[0 0 0 1 0 0]	[0 0 0 1 0 0]
26	0.12250000238418579	0.8252869844436646	0.6891295909881592	0.01760764792561531	0.03596058487892151	0.08258914947509766	False	[0 0 0 0 0 0]	[0 0 0 0 0 0]	[0 0 0 0 0 0]	[0 0 0 0 0 0]
26	0.1274999976158142	0.7929284572601318	0.656793475151062	0.009475968778133392	0.04053596034646034	0.08612306416034698	False	[1 0 0 0 0 0]	[0 0 0 1 0 0]	[0 0 0 1 0 0]	[0 0 0 1 0 0]
26	0.1274999976158142	0.8261006474494934	0.6911386251449585	0.018021034076809883	0.03488844260573387	0.08205251395702362	False	[0 0 0 0 0 0]	[0 0 0 0 0 0]	[0 0 0 0 0 0]	[0 0 0 0 0 0]
26	0.15000000596046448	0.7938433885574341	0.6536341905593872	0.009367773309350014	0.043187737464904785	0.08765367418527603	False	[1 0 0 0 0 0]	[0 0 0 1 0 0]	[0 0 0 1 0 0]	[0 0 0 1 0 0]
26	0.12250000238418579	0.8275452852249146	0.6863563060760498	0.016837680712342262	0.03949463367462158	0.08485669642686844	False	[0 0 0 0 0 0]	[0 0 0 0 0 0]	[0 0 0 0 0 0]	[0 0 0 0 0 0]
27	0.13249999284744263	0.7873974442481995	0.66773521900177	0.005648692604154348	0.039660483598709106	0.07435303181409836	False	[1 0 0 0 0 0]	[0 0 0 1 0 0]	[0 0 0 1 0 0]	[0 0 0 1 0 0]
27	0.11749999970197678	0.806866466999054	0.6980759501457214	0.007173971273005009	0.03428804129362106	0.06732853502035141	False	[0 0 0 0 0 0]	[0 0 0 0 0 0]	[0 0 0 0 0 0]	[0 0 0 0 0 0]
27	0.14499999582767487	0.7780135869979858	0.6587991714477539	0.005754384212195873	0.039469797164201736	0.07399024814367294	False	[1 0 0 0 0 0]	[0 0 0 1 0 0]	[0 0 0 1 0 0]	[0 0 0 1 0 0]
27	0.12250000238418579	0.8094455003738403	0.6989168524742126	0.007283980026841164	0.035358332097530365	0.06788638234138489	False	[0 0 0 0 0 0]	[0 0 0 0 0 0]	[0 0 0 0 0 0]	[0 0 0 0 0 0]
27	0.13750000298023224	0.7841830849647522	0.6686305999755859	0.005812333896756172	0.03759398311376572	0.07214615494012833	False	[1 0 0 0 0 0]	[0 0 0 1 0 0]	[0 0 0 1 0 0]	[0 0 0 1 0 0]
27	0.11749999970197678	0.8110982179641724	0.7013928890228271	0.007332789711654186	0.03458913788199425	0.06778339296579361	False	[0 0 0 0 0 0]	[0 0 0 0 0 0]	[0 0 0 0 0 0]	[0 0 0 0 0 0]
27	0.13750000298023224	0.7860367298126221	0.664081335067749	0.005655150394886732	0.04091114550828934	0.07538910955190659	False	[1 0 0 0 0 0]	[0 0 0 1 0 0]	[0 0 0 1 0 0]	[0 0 0 1 0 0]
27	0.12999999523162842	0.8112531900405884	0.7003949880599976	0.007049315143376589	0.03525549918413162	0.06855335831642151	False	[0 0 0 0 0 0]	[0 0 0 0 0 0]	[0 0 0 0 0 0]	[0 0 0 0 0 0]
27	0.1274999976158142	0.780210554599762	0.6633238792419434	0.005820881109684706	0.038532231003046036	0.07253357023000717	False	[1 0 0 0 0 0]	[0 0 0 1 0 0]	[0 0 0 1 0 0]	[0 0 0 1 0 0]
27	0.11500000208616257	0.8071155548095703	0.6995657682418823	0.007371178828179836	0.033661872148513794	0.06651672720909119	False	[0 0 0 0 0 0]	[0 0 0 0 0 0]	[0 0 0 0 0 0]	[0 0 0 0 0 0]
27	0.13500000536441803	0.7833900451660156	0.6660555005073547	0.005893424153327942	0.03878472000360489	0.07265636324882507	False	[1 0 0 0 0 0]	[0 0 0 1 0 0]	[0 0 0 1 0 0]	[0 0 0 1 0 0]
27	0.12999999523162842	0.8083369135856628	0.7001374959945679	0.007229481358081102	0.03355724364519119	0.06741268932819366	False	[0 0 0 0 0 0]	[0 0 0 0 0 0]	[0 0 0 0 0 0]	[0 0 0 0 0 0]
27	0.14499999582767487	0.7894386649131775	0.67221999168396	0.0056985048577189445	0.03869537636637688	0.07282476872205734	False	[1 0 0 0 0 0]	[0 0 0 1 0 0]	[0 0 0 1 0 0]	[0 0 0 1 0 0]
27	0.12250000238418579	0.8104577660560608	0.7008421421051025	0.007365972734987736	0.03462615981698036	0.06762342900037766	False	[0 0 0 0 0 0]	[0 0 0 0 0 0]	[0 0 0 0 0 0]	[0 0 0 0 0 0]
27	0.125	0.7857204675674438	0.6668107509613037	0.005823527462780476	0.039479345083236694	0.07360686361789703	False	[1 0 0 0 0 0]	[0 0 0 1 0 0]	[0 0 0 1 0 0]	[0 0 0 1 0 0]
27	0.11999999731779099	0.8086669445037842	0.6999281644821167	0.007062393240630627	0.034160614013671875	0.06751580536365509	False	[0 0 0 0 0 0]	[0 0 0 0 0 0]	[0 0 0 0 0 0]	[0 0 0 0 0 0]
27	0.12250000238418579	0.7802806496620178	0.6612488031387329	0.005871238652616739	0.03974338248372078	0.07341723144054413	False	[1 0 0 0 0 0]	[0 0 0 1 0 0]	[0 0 0 1 0 0]	[0 0 0 1 0 0]
27	0.12250000238418579	0.810343325138092	0.6997620463371277	0.0073625994846224785	0.03505145013332367	0.06816720217466354	False	[0 0 0 0 0 0]	[0 0 0 0 0 0]	[0 0 0 0 0 0]	[0 0 0 0 0 0]
27	0.125	0.7838163375854492	0.6643826961517334	0.005731097422540188	0.03970573842525482	0.07399679720401764	False	[1 0 0 0 0 0]	[0 0 0 1 0 0]	[0 0 0 1 0 0]	[0 0 0 1 0 0]
27	0.125	0.8089964985847473	0.700034499168396	0.007469030562788248	0.03432224318385124	0.06717069447040558	False	[0 0 0 0 0 0]	[0 0 0 0 0 0]	[0 0 0 0 0 0]	[0 0 0 0 0 0]
27	0.1274999976158142	0.7848812937736511	0.6659202575683594	0.0057533481158316135	0.039135247468948364	0.07407239824533463	False	[1 0 0 0 0 0]	[0 0 0 1 0 0]	[0 0 0 1 0 0]	[0 0 0 1 0 0]
27	0.12250000238418579	0.8087400197982788	0.7006744742393494	0.007308270316570997	0.03386351093649864	0.06689382344484329	False	[0 0 0 0 0 0]	[0 0 0 0 0 0]	[0 0 0 0 0 0]	[0 0 0 0 0 0]
27	0.14000000059604645	0.7874979972839355	0.6621352434158325	0.0057960087433457375	0.042289309203624725	0.07727739959955215	False	[1 0 0 0 0 0]	[0 0 0 1 0 0]	[0 0 0 1 0 0]	[0 0 0 1 0 0]
27	0.125	0.8049574494361877	0.697258472442627	0.00748160295188427	0.03387255221605301	0.06634487211704254	False	[0 0 0 0 0 0]	[0 0 0 0 0 0]	[0 0 0 0 0 0]	[0 0 0 0 0 0]
27	0.12999999523162842	0.7890443801879883	0.6677323579788208	0.005716165527701378	0.04053710028529167	0.07505878806114197	False	[1 0 0 0 0 0]	[0 0 0 1 0 0]	[0 0 0 1 0 0]	[0 0 0 1 0 0]
27	0.12999999523162842	0.8094040751457214	0.7021881341934204	0.007084576413035393	0.033072296530008316	0.06705908477306366	False	[0 0 0 0 0 0]	[0 0 0 0 0 0]	[0 0 0 0 0 0]	[0 0 0 0 0 0]
27	0.13500000536441803	0.7871319055557251	0.6717692613601685	0.005713672377169132	0.03738389164209366	0.07226502895355225	False	[1 0 0 0 0 0]	[0 0 0 1 0 0]	[0 0 0 1 0 0]	[0 0 0 1 0 0]
27	0.125	0.8090048432350159	0.7010003924369812	0.006988829933106899	0.03379329666495323	0.06722234189510345	False	[0 0 0 0 0 0]	[0 0 0 0 0 0]	[0 0 0 0 0 0]	[0 0 0 0 0 0]
27	0.13249999284744263	0.7818289995193481	0.6638106107711792	0.005826178006827831	0.03860605135560036	0.07358618825674057	False	[1 0 0 0 0 0]	[0 0 0 1 0 0]	[0 0 0 1 0 0]	[0 0 0 1 0 0]
27	0.1274999976158142	0.807593822479248	0.7004779577255249	0.007198601961135864	0.03333408385515213	0.06658318638801575	False	[0 0 0 0 0 0]	[0 0 0 0 0 0]	[0 0 0 0 0 0]	[0 0 0 0 0 0]
28	0.14000000059604645	0.8154339790344238	0.7153031826019287	0.0022313750814646482	0.009782607667148113	0.08811681717634201	False	[1 0 0 0 0 0]	[0 0 0 1 0 0]	[0 0 0 1 0 0]	[0 0 0 1 0 0]
28	0.12250000238418579	0.8372851610183716	0.7350404858589172	0.0027766204439103603	0.009740898385643959	0.08972717821598053	False	[1 0 0 1 0 0]	[0 0 0 0 0 0]	[0 0 0 0 0 0]	[0 0 0 0 0 0]
28	0.14000000059604645	0.8249654173851013	0.725885272026062	0.00246268673799932	0.009352429769933224	0.0872650295495987	False	[1 0 0 0 0 0]	[0 0 0 1 0 0]	[0 0 0 1 0 0]	[0 0 0 1 0 0]
28	0.12250000238418579	0.8396884202957153	0.7370228171348572	0.0028595798648893833	0.009891962632536888	0.08991401642560959	False	[1 0 0 1 0 0]	[0 0 0 0 0 0]	[0 0 0 0 0 0]	[0 0 0 0 0 0]
28	0.13500000536441803	0.8248054385185242	0.7240651249885559	0.0024264208041131496	0.009573503397405148	0.08874033391475677	False	[1 0 0 0 0 0]	[0 0 0 1 0 0]	[0 0 0 1 0 0]	[0 0 0 1 0 0]
28	0.11999999731779099	0.8400554656982422	0.7372150421142578	0.0028599645011126995	0.009860492311418056	0.09011992812156677	False	[1 0 0 1 0 0]	[0 0 0 0 0 0]	[0 0 0 0 0 0]	[0 0 0 0 0 0]
28	0.1550000011920929	0.825441300868988	0.7229650020599365	0.0024162055924534798	0.009756430983543396	0.09030365198850632	False	[1 0 0 0 0 0]	[0 0 0 1 0 0]	[0 0 0 1 0 0]	[0 0 0 1 0 0]
28	0.12250000238418579	0.8388152122497559	0.7359734773635864	0.0028250026516616344	0.00988017302006483	0.0901365578174591	False	[1 0 0 1 0 0]	[0 0 0 0 0 0]	[0 0 0 0 0 0]	[0 0 0 0 0 0]
28	0.12250000238418579	0.8242635726928711	0.7237772345542908	0.002410677494481206	0.009470729157328606	0.08860496431589127	False	[1 0 0 0 0 0]	[0 0 0 1 0 0]	[0 0 0 1 0 0]	[0 0 0 1 0 0]
28	0.1274999976158142	0.8399131894111633	0.7368088960647583	0.002819250337779522	0.009881696663796902	0.09040338546037674	False	[1 0 0 1 0 0]	[0 0 0 0 0 0]	[0 0 0 0 0 0]	[0 0 0 0 0 0]
28	0.14499999582767487	0.8250338435173035	0.7251901626586914	0.0024455965030938387	0.009399788454174995	0.08799833059310913	False	[1 0 0 0 0 0]	[0 0 0 1 0 0]	[0 0 0 1 0 0]	[0 0 0 1 0 0]
28	0.12250000238418579	0.8397251963615417	0.7362201809883118	0.002841546665877104	0.010000552982091904	0.09066297858953476	False	[1 0 0 1 0 0]	[0 0 0 0 0 0]	[0 0 0 0 0 0]	[0 0 0 0 0 0]
28	0.12999999523162842	0.8246279358863831	0.7250452637672424	0.0024359780363738537	0.009392894804477692	0.08775375783443451	False	[1 0 0 0 0 0]	[0 0 0 1 0 0]	[0 0 0 1 0 0]	[0 0 0 1 0 0]
28	0.125	0.8396016359329224	0.7375028133392334	0.002845446113497019	0.009873262606561184	0.08938010036945343	False	[1 0 0 1 0 0]	[0 0 0 0 0 0]	[0 0 0 0 0 0]	[0 0 0 0 0 0]
28	0.1550000011920929	0.824965238571167	0.7242724299430847	0.002461331430822611	0.00963028147816658	0.08860123157501221	False	[1 0 0 0 0 0]	[0 0 0 1 0 0]	[0 0 0 1 0 0]	[0 0 0 1 0 0]
28	0.12999999523162842	0.8392864465713501	0.7355860471725464	0.002824031747877598	0.010007098317146301	0.09086933732032776	False	[1 0 0 1 0 0]	[0 0 0 0 0 0]	[0 0 0 0 0 0]	[0 0 0 0 0 0]
28	0.1274999976158142	0.824873685836792	0.7243704199790955	0.0024419953115284443	0.009486423805356026	0.08857481181621552	False	[1 0 0 0 0 0]	[0 0 0 1 0 0]	[0 0 0 1 0 0]	[0 0 0 1 0 0]
28	0.125	0.8396021127700806	0.7373249530792236	0.0028466901276260614	0.009762349538505077	0.08966806530952454	False	[1 0 0 1 0 0]	[0 0 0 0 0 0]	[0 0 0 0 0 0]	[0 0 0 0 0 0]
28	0.14000000059604645	0.823652982711792	0.7229349613189697	0.002386381383985281	0.009568100795149803	0.08876355737447739	False	[1 0 0 0 0 0]	[0 0 0 1 0 0]	[0 0 0 1 0 0]	[0 0 0 1 0 0]
28	0.12250000238418579	0.8405959606170654	0.7390446066856384	0.00290562747977674	0.009880250319838524	0.0887654721736908	False	[1 0 0 1 0 0]	[0 0 0 0 0 0]	[0 0 0 0 0 0]	[0 0 0 0 0 0]
28	0.14000000059604645	0.8248091340065002	0.7243384122848511	0.0024426779709756374	0.009516403079032898	0.08851166814565659	False	[1 0 0 0 0 0]	[0 0 0 1 0 0]	[0 0 0 1 0 0]	[0 0 0 1 0 0]
28	0.125	0.8382665514945984	0.737398087978363	0.002866138704121113	0.009784303605556488	0.08821803331375122	False	[1 0 0 1 0 0]	[0 0 0 0 0 0]	[0 0 0 0 0 0]	[0 0 0 0 0 0]
28	0.14000000059604645	0.8240550756454468	0.7248640060424805	0.0024573185946792364	0.009477748535573483	0.0872560441493988	False	[1 0 0 0 0 0]	[0 0 0 1 0 0]	[0 0 0 1 0 0]	[0 0 0 1 0 0]
28	0.12999999523162842	0.8388838171958923	0.7367290258407593	0.0028297731187194586	0.009814156219363213	0.08951085060834885	False	[1 0 0 1 0 0]	[0 0 0 0 0 0]	[0 0 0 0 0 0]	[0 0 0 0 0 0]
28	0.14000000059604645	0.8250753879547119	0.7250431776046753	0.0024530389346182346	0.009503156878054142	0.08807601034641266	False	[1 0 0 0 0 0]	[0 0 0 1 0 0]	[0 0 0 1 0 0]	[0 0 0 1 0 0]
28	0.12999999523162842	0.8386144042015076	0.7363664507865906	0.002823100658133626	0.009835273958742619	0.08958954364061356	False	[1 0 0 1 0 0]	[0 0 0 0 0 0]	[0 0 0 0 0 0]	[0 0 0 0 0 0]
28	0.14000000059604645	0.8246767520904541	0.7249528169631958	0.0024384642019867897	0.009430722333490849	0.087854765355587	False	[1 0 0 0 0 0]	[0 0 0 1 0 0]	[0 0 0 1 0 0]	[0 0 0 1 0 0]
28	0.12999999523162842	0.8385981321334839	0.7363113760948181	0.0028314488008618355	0.00979030691087246	0.08966496586799622	False	[1 0 0 1 0 0]	[0 0 0 0 0 0]	[0 0 0 0 0 0]	[0 0 0 0 0 0]
28	0.15000000596046448	0.8252127766609192	0.7249062061309814	0.0024627489037811756	0.009639017283916473	0.08820479363203049	False	[1 0 0 0 0 0]	[0 0 0 1 0 0]	[0 0 0 1 0 0]	[0 0 0 1 0 0]
28	0.1274999976158142	0.8390709161758423	0.7360144853591919	0.0028220233507454395	0.00985437911003828	0.09038002789020538	False	[1 0 0 1 0 0]	[0 0 0 0 0 0]	[0 0 0 0 0 0]	[0 0 0 0 0 0]
29	0.14499999582767487	0.8042390942573547	0.6955615282058716	0.0036317643243819475	0.03923165798187256	0.06581415235996246	False	[1 0 0 0 0 0]	[0 0 0 1 0 0]	[0 0 0 1 0 0]	[0 0 0 1 0 0]
29	0.1274999976158142	0.7996023893356323	0.7003452777862549	0.004780665040016174	0.0286592748016119	0.06581715494394302	False	[1 0 0 1 0 0]	[0 0 0 0 0 0]	[0 0 0 0 0 0]	[0 0 0 0 0 0]
29	0.13249999284744263	0.8008745312690735	0.698177695274353	0.003870999673381448	0.032133061438798904	0.0666927844285965	False	[1 0 0 0 0 0]	[0 0 0 1 0 0]	[0 0 0 1 0 0]	[0 0 0 1 0 0]
29	0.1274999976158142	0.8010514974594116	0.6992899179458618	0.004948520567268133	0.029576707631349564	0.06723637133836746	False	[1 0 0 1 0 0]	[0 0 0 0 0 0]	[0 0 0 0 0 0]	[0 0 0 0 0 0]
29	0.12999999523162842	0.8000572919845581	0.6990633010864258	0.003881721291691065	0.03127680718898773	0.06583549082279205	False	[1 0 0 0 0 0]	[0 0 0 1 0 0]	[0 0 0 1 0 0]	[0 0 0 1 0 0]
29	0.125	0.8002134561538696	0.6985532641410828	0.004792220424860716	0.029687833040952682	0.06718013435602188	False	[1 0 0 1 0 0]	[0 0 0 0 0 0]	[0 0 0 0 0 0]	[0 0 0 0 0 0]
29	0.125	0.7978425621986389	0.6987530589103699	0.003883349010720849	0.029581334441900253	0.06562481820583344	False	[1 0 0 0 0 0]	[0 0 0 1 0 0]	[0 0 0 1 0 0]	[0 0 0 1 0 0]
29	0.125	0.8008567690849304	0.6991493701934814	0.004820689093321562	0.02972642332315445	0.06716024875640869	False	[1 0 0 1 0 0]	[0 0 0 0 0 0]	[0 0 0 0 0 0]	[0 0 0 0 0 0]
29	0.13750000298023224	0.7967854738235474	0.6987511515617371	0.003859735792502761	0.029034342616796494	0.06514021754264832	False	[1 0 0 0 0 0]	[0 0 0 1 0 0]	[0 0 0 1 0 0]	[0 0 0 1 0 0]
29	0.125	0.8007619976997375	0.6999340057373047	0.004821704234927893	0.029333114624023438	0.066673144698143	False	[1 0 0 1 0 0]	[0 0 0 0 0 0]	[0 0 0 0 0 0]	[0 0 0 0 0 0]
29	0.12999999523162842	0.7960402965545654	0.6992824077606201	0.0038528097793459892	0.028527263551950455	0.06437782198190689	False	[1 0 0 0 0 0]	[0 0 0 1 0 0]	[0 0 0 1 0 0]	[0 0 0 1 0 0]
29	0.12250000238418579	0.79860919713974	0.6978853940963745	0.004726026207208633	0.02910553477704525	0.06689222157001495	False	[1 0 0 1 0 0]	[0 0 0 0 0 0]	[0 0 0 0 0 0]	[0 0 0 0 0 0]
29	0.14000000059604645	0.7974244952201843	0.6985375881195068	0.003906226484104991	0.029304182156920433	0.06567643582820892	False	[1 0 0 0 0 0]	[0 0 0 1 0 0]	[0 0 0 1 0 0]	[0 0 0 1 0 0]
29	0.12250000238418579	0.801008403301239	0.7006567716598511	0.004764295648783445	0.029452994465827942	0.06613434106111526	False	[1 0 0 1 0 0]	[0 0 0 0 0 0]	[0 0 0 0 0 0]	[0 0 0 0 0 0]
29	0.11749999970197678	0.7960730791091919	0.6993227005004883	0.0038694103714078665	0.02868611179292202	0.06419486552476883	False	[1 0 0 0 0 0]	[0 0 0 1 0 0]	[0 0 0 1 0 0]	[0 0 0 1 0 0]
29	0.12999999523162842	0.8016772270202637	0.7007695436477661	0.00488663837313652	0.029458021745085716	0.06656304001808167	False	[1 0 0 1 0 0]	[0 0 0 0 0 0]	[0 0 0 0 0 0]	[0 0 0 0 0 0]
29	0.13500000536441803	0.7979856729507446	0.6983058452606201	0.0039478689432144165	0.029642954468727112	0.06608905643224716	False	[1 0 0 0 0 0]	[0 0 0 1 0 0]	[0 0 0 1 0 0]	[0 0 0 1 0 0]
29	0.12250000238418579	0.8018661141395569	0.6999104022979736	0.0047580464743077755	0.03046848252415657	0.06672921031713486	False	[1 0 0 1 0 0]	[0 0 0 0 0 0]	[0 0 0 0 0 0]	[0 0 0 0 0 0]
29	0.14249999821186066	0.797261655330658	0.6986241340637207	0.0037955869920551777	0.02948065847158432	0.06536134332418442	False	[1 0 0 0 0 0]	[0 0 0 1 0 0]	[0 0 0 1 0 0]	[0 0 0 1 0 0]
29	0.13500000536441803	0.8002074360847473	0.6995952129364014	0.004580710548907518	0.029722293838858604	0.06630923599004745	False	[1 0 0 1 0 0]	[0 0 0 0 0 0]	[0 0 0 0 0 0]	[0 0 0 0 0 0]
29	0.14000000059604645	0.7966200113296509	0.6994386911392212	0.0039214882999658585	0.028665093705058098	0.06459477543830872	False	[1 0 0 0 0 0]	[0 0 0 1 0 0]	[0 0 0 1 0 0]	[0 0 0 1 0 0]
29	0.125	0.8027917742729187	0.6989316940307617	0.004998367745429277	0.030777020379900932	0.06808467954397202	False	[1 0 0 1 0 0]	[0 0 0 0 0 0]	[0 0 0 0 0 0]	[0 0 0 0 0 0]
29	0.13500000536441803	0.7975685000419617	0.6989896297454834	0.0038559306412935257	0.029531147330999374	0.06519179791212082	False	[1 0 0 0 0 0]	[0 0 0 1 0 0]	[0 0 0 1 0 0]	[0 0 0 1 0 0]
29	0.12250000238418579	0.8003570437431335	0.6992651224136353	0.004950779490172863	0.029362736269831657	0.06677842140197754	False	[1 0 0 1 0 0]	[0 0 0 0 0 0]	[0 0 0 0 0 0]	[0 0 0 0 0 0]
29	0.14000000059604645	0.7977358102798462	0.69921875	0.0038710399530828	0.029487701132893562	0.06515833735466003	False	[1 0 0 0 0 0]	[0 0 0 1 0 0]	[0 0 0 1 0 0]	[0 0 0 1 0 0]
29	0.11999999731779099	0.8009074926376343	0.700419545173645	0.004907452501356602	0.0294437687844038	0.06613679975271225	False	[1 0 0 1 0 0]	[0 0 0 0 0 0]	[0 0 0 0 0 0]	[0 0 0 0 0 0]
29	0.14000000059604645	0.7988653182983398	0.6989058256149292	0.0038669081404805183	0.030340107157826424	0.06575246900320053	False	[1 0 0 0 0 0]	[0 0 0 1 0 0]	[0 0 0 1 0 0]	[0 0 0 1 0 0]
29	0.1274999976158142	0.7995420098304749	0.6976124048233032	0.004610973875969648	0.03008228726685047	0.06723636388778687	False	[1 0 0 1 0 0]	[0 0 0 0 0 0]	[0 0 0 0 0 0]	[0 0 0 0 0 0]
29	0.13249999284744263	0.7984498739242554	0.6993519067764282	0.003971152473241091	0.029937926679849625	0.06518888473510742	False	[1 0 0 0 0 0]	[0 0 0 1 0 0]	[0 0 0 1 0 0]	[0 0 0 1 0 0]
29	0.125	0.800266683101654	0.6995674967765808	0.00484781339764595	0.02920074760913849	0.0666506439447403	False	[1 0 0 1 0 0]	[0 0 0 0 0 0]	[0 0 0 0 0 0]	[0 0 0 0 0 0]
30	0.13249999284744263	0.760974645614624	0.6906096935272217	0.0015605227090418339	0.015099293552339077	0.05370514839887619	False	[1 0 0 0 0 0]	[0 0 0 1 0 0]	[0 0 0 1 0 0]	[0 0 0 1 0 0]
30	0.125	0.7899577617645264	0.7240557670593262	0.00198660627938807	0.011769023723900318	0.052146390080451965	False	[0 0 0 0 0 0]	[0 0 0 0 0 0]	[0 0 0 0 0 0]	[0 0 0 0 0 0]
30	0.15000000596046448	0.7721993923187256	0.6969672441482544	0.001636215951293707	0.017018679529428482	0.05657728761434555	False	[1 0 0 0 0 0]	[0 0 0 1 0 0]	[0 0 0 1 0 0]	[0 0 0 1 0 0]
30	0.12250000238418579	0.791621208190918	0.7248128056526184	0.0019961779471486807	0.012134713120758533	0.05267750844359398	False	[0 0 0 0 0 0]	[0 0 0 0 0 0]	[0 0 0 0 0 0]	[0 0 0 0 0 0]
30	0.1599999964237213	0.7675163745880127	0.694610595703125	0.0015485649928450584	0.015860317274928093	0.05549685284495354	False	[1 0 0 0 0 0]	[0 0 0 1 0 0]	[0 0 0 1 0 0]	[0 0 0 1 0 0]
30	0.1274999976158142	0.7986421585083008	0.7298229932785034	0.00200331280939281	0.012544890865683556	0.05427100136876106	False	[0 0 0 0 0 0]	[0 0 0 0 0 0]	[0 0 0 0 0 0]	[0 0 0 0 0 0]
30	0.13500000536441803	0.7677186131477356	0.6949816942214966	0.0015917487908154726	0.015919147059321404	0.05522601306438446	False	[1 0 0 0 0 0]	[0 0 0 1 0 0]	[0 0 0 1 0 0]	[0 0 0 1 0 0]
30	0.11999999731779099	0.7983301877975464	0.729840099811554	0.0019920566119253635	0.012469214387238026	0.05402881279587746	False	[0 0 0 0 0 0]	[0 0 0 0 0 0]	[0 0 0 0 0 0]	[0 0 0 0 0 0]
30	0.13750000298023224	0.7646377682685852	0.6941413879394531	0.0015359614044427872	0.014965729787945747	0.053994737565517426	False	[1 0 0 0 0 0]	[0 0 0 1 0 0]	[0 0 0 1 0 0]	[0 0 0 1 0 0]
30	0.125	0.7888910174369812	0.7233655452728271	0.0020952564664185047	0.011862891726195812	0.05156732350587845	False	[0 0 0 0 0 0]	[0 0 0 0 0 0]	[0 0 0 0 0 0]	[0 0 0 0 0 0]
30	0.15000000596046448	0.7651479840278625	0.6935939788818359	0.001547661959193647	0.01553945429623127	0.05446689575910568	False	[1 0 0 0 0 0]	[0 0 0 1 0 0]	[0 0 0 1 0 0]	[0 0 0 1 0 0]
30	0.11749999970197678	0.7930189371109009	0.7262978553771973	0.001989169744774699	0.011946138925850391	0.05278575420379639	False	[0 0 0 0 0 0]	[0 0 0 0 0 0]	[0 0 0 0 0 0]	[0 0 0 0 0 0]
30	0.1274999976158142	0.7664498090744019	0.693211555480957	0.001591430976986885	0.01622980460524559	0.055417031049728394	False	[1 0 0 0 0 0]	[0 0 0 1 0 0]	[0 0 0 1 0 0]	[0 0 0 1 0 0]
30	0.12250000238418579	0.7946046590805054	0.7276115417480469	0.0020774242002516985	0.012118502520024776	0.052797216922044754	False	[0 0 0 0 0 0]	[0 0 0 0 0 0]	[0 0 0 0 0 0]	[0 0 0 0 0 0]
30	0.13500000536441803	0.7721939086914062	0.6969855427742004	0.001615632208995521	0.016979947686195374	0.056612804532051086	False	[1 0 0 0 0 0]	[0 0 0 1 0 0]	[0 0 0 1 0 0]	[0 0 0 1 0 0]
30	0.1274999976158142	0.7912948727607727	0.7237739562988281	0.0020211690571159124	0.012374754063785076	0.053124960511922836	False	[0 0 0 0 0 0]	[0 0 0 0 0 0]	[0 0 0 0 0 0]	[0 0 0 0 0 0]
30	0.14000000059604645	0.7715677618980408	0.6978188753128052	0.0015532829565927386	0.0162071380764246	0.05598845332860947	False	[1 0 0 0 0 0]	[0 0 0 1 0 0]	[0 0 0 1 0 0]	[0 0 0 1 0 0]
30	0.125	0.7940399646759033	0.7270900011062622	0.002006489085033536	0.012069560587406158	0.05287390202283859	False	[0 0 0 0 0 0]	[0 0 0 0 0 0]	[0 0 0 0 0 0]	[0 0 0 0 0 0]
30	0.13500000536441803	0.781354546546936	0.7015393376350403	0.0016495859017595649	0.018882818520069122	0.05928286910057068	False	[1 0 0 0 0 0]	[0 0 0 1 0 0]	[0 0 0 1 0 0]	[0 0 0 1 0 0]
30	0.11999999731779099	0.7917422652244568	0.7249428033828735	0.002072442090138793	0.012152294628322124	0.05257471650838852	False	[0 0 0 0 0 0]	[0 0 0 0 0 0]	[0 0 0 0 0 0]	[0 0 0 0 0 0]
30	0.1550000011920929	0.7613294124603271	0.6911700963973999	0.0015829559415578842	0.014914821833372116	0.0536615289747715	False	[1 0 0 0 0 0]	[0 0 0 1 0 0]	[0 0 0 1 0 0]	[0 0 0 1 0 0]
30	0.11749999970197678	0.7841200232505798	0.7195101976394653	0.002089734887704253	0.011720655485987663	0.0507994070649147	False	[0 0 0 0 0 0]	[0 0 0 0 0 0]	[0 0 0 0 0 0]	[0 0 0 0 0 0]
30	0.12999999523162842	0.7760871052742004	0.6978535056114197	0.0016584621043875813	0.018345024436712265	0.058230165392160416	False	[1 0 0 0 0 0]	[0 0 0 1 0 0]	[0 0 0 1 0 0]	[0 0 0 1 0 0]
30	0.12250000238418579	0.7880828380584717	0.7221949100494385	0.0020596038084477186	0.012001238763332367	0.05182715505361557	False	[0 0 0 0 0 0]	[0 0 0 0 0 0]	[0 0 0 0 0 0]	[0 0 0 0 0 0]
30	0.13500000536441803	0.7672550082206726	0.6938462257385254	0.0015458406414836645	0.01604628935456276	0.055816639214754105	False	[1 0 0 0 0 0]	[0 0 0 1 0 0]	[0 0 0 1 0 0]	[0 0 0 1 0 0]
30	0.12250000238418579	0.7913591265678406	0.7247417569160461	0.002070619259029627	0.012149091809988022	0.05239768698811531	False	[0 0 0 0 0 0]	[0 0 0 0 0 0]	[0 0 0 0 0 0]	[0 0 0 0 0 0]
30	0.13249999284744263	0.7792463302612305	0.700319766998291	0.0017114353831857443	0.018696963787078857	0.05851820111274719	False	[1 0 0 0 0 0]	[0 0 0 1 0 0]	[0 0 0 1 0 0]	[0 0 0 1 0 0]
30	0.12250000238418579	0.7818429470062256	0.7167434692382812	0.002000929554924369	0.011843599379062653	0.051254939287900925	False	[0 0 0 0 0 0]	[0 0 0 0 0 0]	[0 0 0 0 0 0]	[0 0 0 0 0 0]
30	0.1274999976158142	0.7761783003807068	0.699080765247345	0.0016689092153683305	0.01794322021305561	0.05748540908098221	False	[1 0 0 0 0 0]	[0 0 0 1 0 0]	[0 0 0 1 0 0]	[0 0 0 1 0 0]
30	0.125	0.7912363409996033	0.7252744436264038	0.0020543113350868225	0.011917190626263618	0.05199040472507477	False	[0 0 0 0 0 0]	[0 0 0 0 0 0]	[0 0 0 0 0 0]	[0 0 0 0 0 0]
31	0.14499999582767487	0.7588759064674377	0.7024807929992676	0.0009364593424834311	0.01822543889284134	0.03723321482539177	False	[1 0 0 0 0 0]	[0 0 0 1 0 0]	[0 0 0 1 0 0]	[0 0 0 1 0 0]
31	0.12999999523162842	0.7735623121261597	0.7182151079177856	0.0010851100087165833	0.014590959995985031	0.0396711528301239	False	[1 0 0 1 0 0]	[0 0 0 0 0 0]	[0 0 0 0 0 0]	[0 0 0 0 0 0]
31	0.13750000298023224	0.763435423374176	0.7091431021690369	0.0009309841552749276	0.015251637436449528	0.03810970485210419	False	[1 0 0 0 0 0]	[0 0 0 1 0 0]	[0 0 0 1 0 0]	[0 0 0 1 0 0]
31	0.12250000238418579	0.7731963396072388	0.7175712585449219	0.0010797791182994843	0.01450507901608944	0.04004019498825073	False	[1 0 0 1 0 0]	[0 0 0 0 0 0]	[0 0 0 0 0 0]	[0 0 0 0 0 0]
31	0.14499999582767487	0.7628880739212036	0.7089937925338745	0.0009228097042068839	0.014857864007353783	0.03811362385749817	False	[1 0 0 0 0 0]	[0 0 0 1 0 0]	[0 0 0 1 0 0]	[0 0 0 1 0 0]
31	0.11749999970197678	0.7736700177192688	0.7183429002761841	0.0011041939724236727	0.01432427391409874	0.03989870846271515	False	[1 0 0 1 0 0]	[0 0 0 0 0 0]	[0 0 0 0 0 0]	[0 0 0 0 0 0]
31	0.14499999582767487	0.762499213218689	0.7094182968139648	0.0009404494194313884	0.014508873224258423	0.037631601095199585	False	[1 0 0 0 0 0]	[0 0 0 1 0 0]	[0 0 0 1 0 0]	[0 0 0 1 0 0]
31	0.125	0.7731920480728149	0.7177228927612305	0.0010725990869104862	0.01462480891495943	0.039771731942892075	False	[1 0 0 1 0 0]	[0 0 0 0 0 0]	[0 0 0 0 0 0]	[0 0 0 0 0 0]
31	0.14499999582767487	0.7633678317070007	0.7087796330451965	0.0009236656478606164	0.015276003628969193	0.038388483226299286	False	[1 0 0 0 0 0]	[0 0 0 1 0 0]	[0 0 0 1 0 0]	[0 0 0 1 0 0]
31	0.12250000238418579	0.7747595310211182	0.7181662321090698	0.001098009874112904	0.0152169493958354	0.040278345346450806	False	[1 0 0 1 0 0]	[0 0 0 0 0 0]	[0 0 0 0 0 0]	[0 0 0 0 0 0]
31	0.12999999523162842	0.7635369896888733	0.7091717720031738	0.0009426980395801365	0.0150084737688303	0.038414087146520615	False	[1 0 0 0 0 0]	[0 0 0 1 0 0]	[0 0 0 1 0 0]	[0 0 0 1 0 0]
31	0.125	0.7761136293411255	0.7200844287872314	0.0011099728289991617	0.014753010123968124	0.040166232734918594	False	[1 0 0 1 0 0]	[0 0 0 0 0 0]	[0 0 0 0 0 0]	[0 0 0 0 0 0]
31	0.13750000298023224	0.7640050053596497	0.7095694541931152	0.0009534818236716092	0.014998805709183216	0.03848324716091156	False	[1 0 0 0 0 0]	[0 0 0 1 0 0]	[0 0 0 1 0 0]	[0 0 0 1 0 0]
31	0.12999999523162842	0.7736058831214905	0.7178604006767273	0.001080698799341917	0.014730323106050491	0.03993446007370949	False	[1 0 0 1 0 0]	[0 0 0 0 0 0]	[0 0 0 0 0 0]	[0 0 0 0 0 0]
31	0.15000000596046448	0.7640895843505859	0.7091904282569885	0.0009390478953719139	0.01547890342772007	0.038481149822473526	False	[1 0 0 0 0 0]	[0 0 0 1 0 0]	[0 0 0 1 0 0]	[0 0 0 1 0 0]
31	0.125	0.7729336619377136	0.7170987129211426	0.0010690370108932257	0.014744077809154987	0.04002181813120842	False	[1 0 0 1 0 0]	[0 0 0 0 0 0]	[0 0 0 0 0 0]	[0 0 0 0 0 0]
31	0.12999999523162842	0.7626489400863647	0.7088930606842041	0.0009255914483219385	0.014680774882435799	0.03814949095249176	False	[1 0 0 0 0 0]	[0 0 0 1 0 0]	[0 0 0 1 0 0]	[0 0 0 1 0 0]
31	0.11999999731779099	0.7756723165512085	0.7200485467910767	0.00112490716855973	0.014591379091143608	0.039907485246658325	False	[1 0 0 1 0 0]	[0 0 0 0 0 0]	[0 0 0 0 0 0]	[0 0 0 0 0 0]
31	0.14000000059604645	0.7642534971237183	0.7098743915557861	0.0009457562118768692	0.015070877969264984	0.03836248815059662	False	[1 0 0 0 0 0]	[0 0 0 1 0 0]	[0 0 0 1 0 0]	[0 0 0 1 0 0]
31	0.12250000238418579	0.7721157073974609	0.7164133191108704	0.0010677448008209467	0.014760549180209637	0.03987409174442291	False	[1 0 0 1 0 0]	[0 0 0 0 0 0]	[0 0 0 0 0 0]	[0 0 0 0 0 0]
31	0.125	0.7635341882705688	0.7089431881904602	0.0009340791730210185	0.014983505941927433	0.03867341950535774	False	[1 0 0 0 0 0]	[0 0 0 1 0 0]	[0 0 0 1 0 0]	[0 0 0 1 0 0]
31	0.125	0.7736616730690002	0.7176210284233093	0.0010917065665125847	0.014630984514951706	0.04031795635819435	False	[1 0 0 1 0 0]	[0 0 0 0 0 0]	[0 0 0 0 0 0]	[0 0 0 0 0 0]
31	0.125	0.7643778920173645	0.7097581624984741	0.0009512922842986882	0.015239153988659382	0.03842926397919655	False	[1 0 0 0 0 0]	[0 0 0 1 0 0]	[0 0 0 1 0 0]	[0 0 0 1 0 0]
31	0.12250000238418579	0.7732476592063904	0.7180763483047485	0.001076378975994885	0.01458487007766962	0.039510007947683334	False	[1 0 0 1 0 0]	[0 0 0 0 0 0]	[0 0 0 0 0 0]	[0 0 0 0 0 0]
31	0.13249999284744263	0.7631611824035645	0.7089792490005493	0.0009346191072836518	0.014884085394442081	0.03836324065923691	False	[1 0 0 0 0 0]	[0 0 0 1 0 0]	[0 0 0 1 0 0]	[0 0 0 1 0 0]
31	0.13249999284744263	0.7728148698806763	0.7168071269989014	0.0010648244060575962	0.014847056940197945	0.04009585455060005	False	[1 0 0 1 0 0]	[0 0 0 0 0 0]	[0 0 0 0 0 0]	[0 0 0 0 0 0]
31	0.14000000059604645	0.7640873193740845	0.7093044519424438	0.00095985340885818	0.015240946784615517	0.03858203813433647	False	[1 0 0 0 0 0]	[0 0 0 1 0 0]	[0 0 0 1 0 0]	[0 0 0 1 0 0]
31	0.11999999731779099	0.7741763591766357	0.7187276482582092	0.0010982773965224624	0.014824832789599895	0.03952561691403389	False	[1 0 0 1 0 0]	[0 0 0 0 0 0]	[0 0 0 0 0 0]	[0 0 0 0 0 0]
31	0.12999999523162842	0.7646090984344482	0.7102031707763672	0.0009555111173540354	0.014913415536284447	0.03853694349527359	False	[1 0 0 0 0 0]	[0 0 0 1 0 0]	[0 0 0 1 0 0]	[0 0 0 1 0 0]
31	0.12250000238418579	0.7746073007583618	0.7190043926239014	0.0011012129252776504	0.014444412663578987	0.04005731642246246	False	[1 0 0 1 0 0]	[0 0 0 0 0 0]	[0 0 0 0 0 0]	[0 0 0 0 0 0]
32	0.125	0.7554742097854614	0.6965553760528564	0.000442889635451138	0.02882901206612587	0.02964693307876587	False	[1 0 0 0 0 0]	[0 0 0 1 0 0]	[0 0 0 1 0 0]	[0 0 0 1 0 0]
32	0.12999999523162842	0.7606688737869263	0.705651581287384	0.0005509219481609762	0.024052688851952553	0.030413677915930748	False	[1 0 0 1 0 0]	[0 0 0 0 0 0]	[0 0 0 0 0 0]	[0 0 0 0 0 0]
32	0.13500000536441803	0.7560028433799744	0.7016350030899048	0.0004655607044696808	0.0245460644364357	0.029356207698583603	False	[1 0 0 0 0 0]	[0 0 0 1 0 0]	[0 0 0 1 0 0]	[0 0 0 1 0 0]
32	0.12250000238418579	0.7597616314888	0.705369234085083	0.000539379077963531	0.023679440841078758	0.030173609033226967	False	[1 0 0 1 0 0]	[0 0 0 0 0 0]	[0 0 0 0 0 0]	[0 0 0 0 0 0]
32	0.14000000059604645	0.756294310092926	0.7017087340354919	0.0004660140839405358	0.02466638572514057	0.02945319563150406	False	[1 0 0 0 0 0]	[0 0 0 1 0 0]	[0 0 0 1 0 0]	[0 0 0 1 0 0]
32	0.1274999976158142	0.7597134709358215	0.7049137949943542	0.0005338956834748387	0.02406112663447857	0.0302046500146389	False	[1 0 0 1 0 0]	[0 0 0 0 0 0]	[0 0 0 0 0 0]	[0 0 0 0 0 0]
32	0.12999999523162842	0.7563614845275879	0.7016458511352539	0.0004614386707544327	0.024924224242568016	0.029329974204301834	False	[1 0 0 0 0 0]	[0 0 0 1 0 0]	[0 0 0 1 0 0]	[0 0 0 1 0 0]
32	0.125	0.7610309720039368	0.7045867443084717	0.0005291934357956052	0.025061272084712982	0.03085383214056492	False	[1 0 0 1 0 0]	[0 0 0 0 0 0]	[0 0 0 0 0 0]	[0 0 0 0 0 0]
32	0.14249999821186066	0.7560917735099792	0.7015879154205322	0.00046255788765847683	0.024747882038354874	0.02929343283176422	False	[1 0 0 0 0 0]	[0 0 0 1 0 0]	[0 0 0 1 0 0]	[0 0 0 1 0 0]
32	0.125	0.7588657140731812	0.7049168944358826	0.0005404044641181827	0.02349979430437088	0.0299086794257164	False	[1 0 0 1 0 0]	[0 0 0 0 0 0]	[0 0 0 0 0 0]	[0 0 0 0 0 0]
32	0.14499999582767487	0.7566075325012207	0.7017108201980591	0.0004625003784894943	0.024912698194384575	0.029521504417061806	False	[1 0 0 0 0 0]	[0 0 0 1 0 0]	[0 0 0 1 0 0]	[0 0 0 1 0 0]
32	0.125	0.7602521181106567	0.7050610780715942	0.0005404530093073845	0.024261200800538063	0.030389409512281418	False	[1 0 0 1 0 0]	[0 0 0 0 0 0]	[0 0 0 0 0 0]	[0 0 0 0 0 0]
32	0.13249999284744263	0.7575343251228333	0.7017979621887207	0.0004655522061511874	0.02551223523914814	0.029758552089333534	False	[1 0 0 0 0 0]	[0 0 0 1 0 0]	[0 0 0 1 0 0]	[0 0 0 1 0 0]
32	0.12250000238418579	0.759466826915741	0.7050455808639526	0.0005458490923047066	0.02371884323656559	0.030156558379530907	False	[1 0 0 1 0 0]	[0 0 0 0 0 0]	[0 0 0 0 0 0]	[0 0 0 0 0 0]
32	0.14000000059604645	0.7558108568191528	0.7013649940490723	0.0004588486335705966	0.024668019264936447	0.029318995773792267	False	[1 0 0 0 0 0]	[0 0 0 1 0 0]	[0 0 0 1 0 0]	[0 0 0 1 0 0]
32	0.12999999523162842	0.7609494924545288	0.7049458026885986	0.0005373758031055331	0.024699674919247627	0.030766576528549194	False	[1 0 0 1 0 0]	[0 0 0 0 0 0]	[0 0 0 0 0 0]	[0 0 0 0 0 0]
32	0.125	0.7565432190895081	0.7016801834106445	0.00045894464710727334	0.02485932968556881	0.029544789344072342	False	[1 0 0 0 0 0]	[0 0 0 1 0 0]	[0 0 0 1 0 0]	[0 0 0 1 0 0]
32	0.12999999523162842	0.7598211169242859	0.7049344778060913	0.0005338346818462014	0.02401796542108059	0.030334848910570145	False	[1 0 0 1 0 0]	[0 0 0 0 0 0]	[0 0 0 0 0 0]	[0 0 0 0 0 0]
32	0.1274999976158142	0.7555999755859375	0.7013805508613586	0.00045364582911133766	0.024550504982471466	0.029215257614850998	False	[1 0 0 0 0 0]	[0 0 0 1 0 0]	[0 0 0 1 0 0]	[0 0 0 1 0 0]
32	0.11999999731779099	0.7616164088249207	0.7053571343421936	0.000549682998098433	0.024916600435972214	0.030793016776442528	False	[1 0 0 1 0 0]	[0 0 0 0 0 0]	[0 0 0 0 0 0]	[0 0 0 0 0 0]
32	0.125	0.7557283043861389	0.7014833688735962	0.000463152420707047	0.024569274857640266	0.029212526977062225	False	[1 0 0 0 0 0]	[0 0 0 1 0 0]	[0 0 0 1 0 0]	[0 0 0 1 0 0]
32	0.13249999284744263	0.7588856816291809	0.7040563821792603	0.0005212781252339482	0.02416359633207321	0.030144376680254936	False	[1 0 0 1 0 0]	[0 0 0 0 0 0]	[0 0 0 0 0 0]	[0 0 0 0 0 0]
32	0.14000000059604645	0.7553393840789795	0.7014235258102417	0.00045656488509848714	0.024269914254546165	0.029189333319664	False	[1 0 0 0 0 0]	[0 0 0 1 0 0]	[0 0 0 1 0 0]	[0 0 0 1 0 0]
32	0.13500000536441803	0.760116696357727	0.7048957347869873	0.0005413059261627495	0.024232393130660057	0.030447226017713547	False	[1 0 0 1 0 0]	[0 0 0 0 0 0]	[0 0 0 0 0 0]	[0 0 0 0 0 0]
32	0.12999999523162842	0.7571067810058594	0.7015959024429321	0.00046368775656446815	0.02534707635641098	0.029700158163905144	False	[1 0 0 0 0 0]	[0 0 0 1 0 0]	[0 0 0 1 0 0]	[0 0 0 1 0 0]
32	0.12250000238418579	0.7594361901283264	0.7048203945159912	0.0005363880190998316	0.023994212970137596	0.030085179954767227	False	[1 0 0 1 0 0]	[0 0 0 0 0 0]	[0 0 0 0 0 0]	[0 0 0 0 0 0]
32	0.15000000596046448	0.7558985352516174	0.7015129923820496	0.00046100065810605884	0.0245803389698267	0.029344189912080765	False	[1 0 0 0 0 0]	[0 0 0 1 0 0]	[0 0 0 1 0 0]	[0 0 0 1 0 0]
32	0.12999999523162842	0.7600634098052979	0.7048341035842896	0.0005367189296521246	0.024100609123706818	0.030591968446969986	False	[1 0 0 1 0 0]	[0 0 0 0 0 0]	[0 0 0 0 0 0]	[0 0 0 0 0 0]
32	0.1274999976158142	0.7573660016059875	0.701614260673523	0.0004571065364871174	0.025554709136486053	0.029739905148744583	False	[1 0 0 0 0 0]	[0 0 0 1 0 0]	[0 0 0 1 0 0]	[0 0 0 1 0 0]
32	0.12999999523162842	0.7605006694793701	0.7049237489700317	0.0005325687816366553	0.024553939700126648	0.030490394681692123	False	[1 0 0 1 0 0]	[0 0 0 0 0 0]	[0 0 0 0 0 0]	[0 0 0 0 0 0]
33	0.13500000536441803	0.5971606373786926	0.5526444911956787	0.0004212506755720824	0.022195497527718544	0.021899430081248283	False	[1 0 0 0 0 0]	[0 0 0 1 0 0]	[0 0 0 1 0 0]	[0 0 0 1 0 0]
33	0.1274999976158142	0.643324077129364	0.602931022644043	0.0005221135215833783	0.018075043335556984	0.02179587073624134	False	[0 0 0 0 0 0]	[0 0 0 0 0 0]	[0 0 0 0 0 0]	[0 0 0 0 0 0]
33	0.1274999976158142	0.594093382358551	0.5489176511764526	0.0004208333557471633	0.02262016199529171	0.022134805098176003	False	[1 0 0 0 0 0]	[0 0 0 1 0 0]	[0 0 0 1 0 0]	[0 0 0 1 0 0]
33	0.125	0.6477183699607849	0.6078534126281738	0.0005304613150656223	0.017672818154096603	0.021661613136529922	False	[0 0 0 0 0 0]	[0 0 0 0 0 0]	[0 0 0 0 0 0]	[0 0 0 0 0 0]
33	0.14249999821186066	0.5934826731681824	0.5484292507171631	0.00041988393059000373	0.022573433816432953	0.02206013910472393	False	[1 0 0 0 0 0]	[0 0 0 1 0 0]	[0 0 0 1 0 0]	[0 0 0 1 0 0]
33	0.125	0.6463481783866882	0.6070404052734375	0.0005365143297240138	0.01721099205315113	0.021560270339250565	False	[0 0 0 0 0 0]	[0 0 0 0 0 0]	[0 0 0 0 0 0]	[0 0 0 0 0 0]
33	0.13500000536441803	0.601915717124939	0.5586605668067932	0.0004148004809394479	0.021108349785208702	0.021732043474912643	False	[1 0 0 0 0 0]	[0 0 0 1 0 0]	[0 0 0 1 0 0]	[0 0 0 1 0 0]
33	0.125	0.646541178226471	0.6070554256439209	0.0005247936933301389	0.0173744335770607	0.021586483344435692	False	[0 0 0 0 0 0]	[0 0 0 0 0 0]	[0 0 0 0 0 0]	[0 0 0 0 0 0]
33	0.15000000596046448	0.5986381769180298	0.5542405843734741	0.0004132254980504513	0.021998202428221703	0.02198611944913864	False	[1 0 0 0 0 0]	[0 0 0 1 0 0]	[0 0 0 1 0 0]	[0 0 0 1 0 0]
33	0.12999999523162842	0.6439889669418335	0.6031737923622131	0.000515975640155375	0.01835213042795658	0.021947026252746582	False	[0 0 0 0 0 0]	[0 0 0 0 0 0]	[0 0 0 0 0 0]	[0 0 0 0 0 0]
33	0.13500000536441803	0.59609454870224	0.5515641570091248	0.00041236612014472485	0.022243641316890717	0.021874405443668365	False	[1 0 0 0 0 0]	[0 0 0 1 0 0]	[0 0 0 1 0 0]	[0 0 0 1 0 0]
33	0.11999999731779099	0.6476399898529053	0.6082885265350342	0.0005439909873530269	0.017241867259144783	0.021565556526184082	False	[0 0 0 0 0 0]	[0 0 0 0 0 0]	[0 0 0 0 0 0]	[0 0 0 0 0 0]
33	0.13750000298023224	0.6075471639633179	0.5645822882652283	0.00040874897968024015	0.02071784995496273	0.021838244050741196	False	[1 0 0 0 0 0]	[0 0 0 1 0 0]	[0 0 0 1 0 0]	[0 0 0 1 0 0]
33	0.125	0.6448584794998169	0.6050836443901062	0.0005132582155056298	0.01765311136841774	0.021608492359519005	False	[0 0 0 0 0 0]	[0 0 0 0 0 0]	[0 0 0 0 0 0]	[0 0 0 0 0 0]
33	0.13249999284744263	0.5988650321960449	0.5550042390823364	0.0004137088544666767	0.02159765549004078	0.021849406883120537	False	[1 0 0 0 0 0]	[0 0 0 1 0 0]	[0 0 0 1 0 0]	[0 0 0 1 0 0]
33	0.12250000238418579	0.6442062854766846	0.6040734052658081	0.0005240811151452363	0.017849816009402275	0.021758953109383583	False	[0 0 0 0 0 0]	[0 0 0 0 0 0]	[0 0 0 0 0 0]	[0 0 0 0 0 0]
33	0.1274999976158142	0.6060338020324707	0.5626160502433777	0.00042069534538313746	0.021176207810640335	0.021820833906531334	False	[1 0 0 0 0 0]	[0 0 0 1 0 0]	[0 0 0 1 0 0]	[0 0 0 1 0 0]
33	0.12250000238418579	0.6418455839157104	0.6022062301635742	0.0005299053736962378	0.01754923164844513	0.02156025730073452	False	[0 0 0 0 0 0]	[0 0 0 0 0 0]	[0 0 0 0 0 0]	[0 0 0 0 0 0]
33	0.13750000298023224	0.5977703928947449	0.5528573393821716	0.0004122157988604158	0.022303465753793716	0.022197389975190163	False	[1 0 0 0 0 0]	[0 0 0 1 0 0]	[0 0 0 1 0 0]	[0 0 0 1 0 0]
33	0.125	0.6420901417732239	0.601184606552124	0.0005249499808996916	0.018459467217326164	0.02192114293575287	False	[0 0 0 0 0 0]	[0 0 0 0 0 0]	[0 0 0 0 0 0]	[0 0 0 0 0 0]
33	0.14000000059604645	0.5945682525634766	0.5486819744110107	0.0004172097542323172	0.023126011714339256	0.02234303578734398	False	[1 0 0 0 0 0]	[0 0 0 1 0 0]	[0 0 0 1 0 0]	[0 0 0 1 0 0]
33	0.12250000238418579	0.6420177817344666	0.6017781496047974	0.0005179030122235417	0.017982037737965584	0.0217396579682827	False	[0 0 0 0 0 0]	[0 0 0 0 0 0]	[0 0 0 0 0 0]	[0 0 0 0 0 0]
33	0.14000000059604645	0.5989693403244019	0.5542184114456177	0.0004127635038457811	0.0221958477050066	0.02214226685464382	False	[1 0 0 0 0 0]	[0 0 0 1 0 0]	[0 0 0 1 0 0]	[0 0 0 1 0 0]
33	0.12250000238418579	0.6453045606613159	0.604922890663147	0.0005148627678863704	0.01803816854953766	0.021828671917319298	False	[0 0 0 0 0 0]	[0 0 0 0 0 0]	[0 0 0 0 0 0]	[0 0 0 0 0 0]
33	0.13500000536441803	0.6005403399467468	0.5571279525756836	0.0004216225352138281	0.021306607872247696	0.021684110164642334	False	[1 0 0 0 0 0]	[0 0 0 1 0 0]	[0 0 0 1 0 0]	[0 0 0 1 0 0]
33	0.12250000238418579	0.6420922875404358	0.6017488241195679	0.0005205769557505846	0.018043361604213715	0.02177954465150833	False	[0 0 0 0 0 0]	[0 0 0 0 0 0]	[0 0 0 0 0 0]	[0 0 0 0 0 0]
33	0.17499999701976776	0.600435197353363	0.5568374991416931	0.000412317574955523	0.02129625529050827	0.02188909985125065	False	[1 0 0 0 0 0]	[0 0 0 1 0 0]	[0 0 0 1 0 0]	[0 0 0 1 0 0]
33	0.11999999731779099	0.6436476111412048	0.6034791469573975	0.0005224675987847149	0.017924021929502487	0.02172194980084896	False	[0 0 0 0 0 0]	[0 0 0 0 0 0]	[0 0 0 0 0 0]	[0 0 0 0 0 0]
33	0.14000000059604645	0.6014406085014343	0.5573702454566956	0.0004116572381462902	0.021668214350938797	0.021990524604916573	False	[1 0 0 0 0 0]	[0 0 0 1 0 0]	[0 0 0 1 0 0]	[0 0 0 1 0 0]
33	0.12250000238418579	0.6470507979393005	0.6076563596725464	0.0005373454187065363	0.01726294308900833	0.02159416303038597	False	[0 0 0 0 0 0]	[0 0 0 0 0 0]	[0 0 0 0 0 0]	[0 0 0 0 0 0]
34	0.13500000536441803	0.6522654294967651	0.5668225288391113	0.0005281524499878287	0.022901127114892006	0.062013644725084305	False	[1 0 0 0 0 0]	[0 0 0 1 0 0]	[0 0 0 1 0 0]	[0 0 0 1 0 0]
34	0.125	0.7042757868766785	0.6208983659744263	0.0007539113285019994	0.021348631009459496	0.06127484142780304	False	[0 0 0 0 0 0]	[0 0 0 0 0 0]	[0 0 0 0 0 0]	[0 0 0 0 0 0]
34	0.13500000536441803	0.6629952192306519	0.5802417397499084	0.0005352192674763501	0.02187986485660076	0.060338445007801056	False	[1 0 0 0 0 0]	[0 0 0 1 0 0]	[0 0 0 1 0 0]	[0 0 0 1 0 0]
34	0.11749999970197678	0.7003591060638428	0.6191975474357605	0.0007597484509460628	0.020877568051218987	0.059524282813072205	False	[0 0 0 0 0 0]	[0 0 0 0 0 0]	[0 0 0 0 0 0]	[0 0 0 0 0 0]
34	0.14000000059604645	0.6588730216026306	0.5751862525939941	0.0005387892015278339	0.02227223664522171	0.06087575852870941	False	[1 0 0 0 0 0]	[0 0 0 1 0 0]	[0 0 0 1 0 0]	[0 0 0 1 0 0]
34	0.11999999731779099	0.7034706473350525	0.6209285259246826	0.0007746118935756385	0.02109106257557869	0.06067643687129021	False	[0 0 0 0 0 0]	[0 0 0 0 0 0]	[0 0 0 0 0 0]	[0 0 0 0 0 0]
34	0.1274999976158142	0.6605551838874817	0.5768819451332092	0.0005363364471122622	0.022282667458057404	0.0608542300760746	False	[1 0 0 0 0 0]	[0 0 0 1 0 0]	[0 0 0 1 0 0]	[0 0 0 1 0 0]
34	0.125	0.7062855362892151	0.6212704181671143	0.0007557705976068974	0.02190045639872551	0.06235886737704277	False	[0 0 0 0 0 0]	[0 0 0 0 0 0]	[0 0 0 0 0 0]	[0 0 0 0 0 0]
34	0.14000000059604645	0.6547322273254395	0.5711097121238708	0.0005279680481180549	0.022263439372181892	0.060831040143966675	False	[1 0 0 0 0 0]	[0 0 0 1 0 0]	[0 0 0 1 0 0]	[0 0 0 1 0 0]
34	0.12250000238418579	0.7014027833938599	0.6190650463104248	0.0007721111760474741	0.021169127896428108	0.060396503657102585	False	[0 0 0 0 0 0]	[0 0 0 0 0 0]	[0 0 0 0 0 0]	[0 0 0 0 0 0]
34	0.13500000536441803	0.6555344462394714	0.5693010687828064	0.0005230557871982455	0.023066384717822075	0.06264394521713257	False	[1 0 0 0 0 0]	[0 0 0 1 0 0]	[0 0 0 1 0 0]	[0 0 0 1 0 0]
34	0.11500000208616257	0.7018663883209229	0.620013952255249	0.0007566839340142906	0.02104717120528221	0.06004858762025833	False	[0 0 0 0 0 0]	[0 0 0 0 0 0]	[0 0 0 0 0 0]	[0 0 0 0 0 0]
34	0.12250000238418579	0.6587076187133789	0.5717095732688904	0.0005147489719092846	0.023206233978271484	0.06327707320451736	False	[1 0 0 0 0 0]	[0 0 0 1 0 0]	[0 0 0 1 0 0]	[0 0 0 1 0 0]
34	0.1274999976158142	0.7001456022262573	0.6195361614227295	0.0007842564955353737	0.020597441121935844	0.05922772362828255	False	[0 0 0 0 0 0]	[0 0 0 0 0 0]	[0 0 0 0 0 0]	[0 0 0 0 0 0]
34	0.12250000238418579	0.6581211686134338	0.5749260783195496	0.0005342562799341977	0.02223445475101471	0.06042642518877983	False	[1 0 0 0 0 0]	[0 0 0 1 0 0]	[0 0 0 1 0 0]	[0 0 0 1 0 0]
34	0.125	0.7014340758323669	0.6200554370880127	0.0007645689183846116	0.020878424867987633	0.05973563343286514	False	[0 0 0 0 0 0]	[0 0 0 0 0 0]	[0 0 0 0 0 0]	[0 0 0 0 0 0]
34	0.14000000059604645	0.6548553109169006	0.5714536309242249	0.00053943827515468	0.02235780470073223	0.060504429042339325	False	[1 0 0 0 0 0]	[0 0 0 1 0 0]	[0 0 0 1 0 0]	[0 0 0 1 0 0]
34	0.125	0.6983726620674133	0.6174072027206421	0.0007544223335571587	0.02086624875664711	0.05934476852416992	False	[0 0 0 0 0 0]	[0 0 0 0 0 0]	[0 0 0 0 0 0]	[0 0 0 0 0 0]
34	0.13500000536441803	0.6569689512252808	0.574816107749939	0.0005378136411309242	0.021729744970798492	0.05988524109125137	False	[1 0 0 0 0 0]	[0 0 0 1 0 0]	[0 0 0 1 0 0]	[0 0 0 1 0 0]
34	0.11999999731779099	0.7011634111404419	0.6194691061973572	0.0007690856582485139	0.02096743695437908	0.059957779943943024	False	[0 0 0 0 0 0]	[0 0 0 0 0 0]	[0 0 0 0 0 0]	[0 0 0 0 0 0]
34	0.14000000059604645	0.6551511883735657	0.5700371861457825	0.0005235497374087572	0.022602628916502	0.061987824738025665	False	[1 0 0 0 0 0]	[0 0 0 1 0 0]	[0 0 0 1 0 0]	[0 0 0 1 0 0]
34	0.11749999970197678	0.7030454874038696	0.6204153299331665	0.0007765090558677912	0.021196387708187103	0.060657232999801636	False	[0 0 0 0 0 0]	[0 0 0 0 0 0]	[0 0 0 0 0 0]	[0 0 0 0 0 0]
34	0.125	0.6564058661460876	0.5732543468475342	0.0005326300160959363	0.022081632167100906	0.060537274926900864	False	[1 0 0 0 0 0]	[0 0 0 1 0 0]	[0 0 0 1 0 0]	[0 0 0 1 0 0]
34	0.125	0.7010217905044556	0.6198000907897949	0.0007756276754662395	0.020875882357358932	0.059570204466581345	False	[0 0 0 0 0 0]	[0 0 0 0 0 0]	[0 0 0 0 0 0]	[0 0 0 0 0 0]
34	0.12999999523162842	0.6555224657058716	0.5693458318710327	0.0005253501003608108	0.02295689471065998	0.06269438564777374	False	[1 0 0 0 0 0]	[0 0 0 1 0 0]	[0 0 0 1 0 0]	[0 0 0 1 0 0]
34	0.125	0.7051626443862915	0.6228456497192383	0.0007583439582958817	0.02111034467816353	0.060448285192251205	False	[0 0 0 0 0 0]	[0 0 0 0 0 0]	[0 0 0 0 0 0]	[0 0 0 0 0 0]
34	0.1274999976158142	0.651453971862793	0.5650756359100342	0.0005271615809760988	0.023066088557243347	0.06278511881828308	False	[1 0 0 0 0 0]	[0 0 0 1 0 0]	[0 0 0 1 0 0]	[0 0 0 1 0 0]
34	0.11999999731779099	0.7033581137657166	0.620450496673584	0.0007596569485031068	0.02112463116645813	0.0610232949256897	False	[0 0 0 0 0 0]	[0 0 0 0 0 0]	[0 0 0 0 0 0]	[0 0 0 0 0 0]
34	0.14000000059604645	0.6494107246398926	0.5611182451248169	0.0005260463804006577	0.02353292889893055	0.06423351168632507	False	[1 0 0 0 0 0]	[0 0 0 1 0 0]	[0 0 0 1 0 0]	[0 0 0 1 0 0]
34	0.1274999976158142	0.7007583379745483	0.6184715032577515	0.0007965730619616807	0.021172139793634415	0.06031809374690056	False	[0 0 0 0 0 0]	[0 0 0 0 0 0]	[0 0 0 0 0 0]	[0 0 0 0 0 0]
35	0.13249999284744263	0.5734041333198547	0.462407648563385	0.0013598004588857293	0.01925016939640045	0.0903865173459053	False	[1 0 0 0 0 0]	[0 0 0 1 0 0]	[0 0 0 1 0 0]	[0 0 0 1 0 0]
35	0.125	0.6858516931533813	0.570564866065979	0.0021274557802826166	0.011187911033630371	0.10197144001722336	False	[0 0 0 0 0 0]	[0 0 0 0 0 0]	[0 0 0 0 0 0]	[0 0 0 0 0 0]
35	0.13249999284744263	0.5694847702980042	0.46127474308013916	0.001357348170131445	0.019500739872455597	0.0873519629240036	False	[1 0 0 0 0 0]	[0 0 0 1 0 0]	[0 0 0 1 0 0]	[0 0 0 1 0 0]
35	0.11999999731779099	0.6929934024810791	0.5709168910980225	0.002206571400165558	0.012301669456064701	0.10756824165582657	False	[0 0 0 0 0 0]	[0 0 0 0 0 0]	[0 0 0 0 0 0]	[0 0 0 0 0 0]
35	0.12999999523162842	0.5813161730766296	0.4733310043811798	0.0013464244548231363	0.016988076269626617	0.08965068310499191	False	[1 0 0 0 0 0]	[0 0 0 1 0 0]	[0 0 0 1 0 0]	[0 0 0 1 0 0]
35	0.125	0.6791288256645203	0.5615106821060181	0.0021534780971705914	0.012495389208197594	0.10296928137540817	False	[0 0 0 0 0 0]	[0 0 0 0 0 0]	[0 0 0 0 0 0]	[0 0 0 0 0 0]
35	0.12999999523162842	0.5702192783355713	0.45883840322494507	0.0013683338183909655	0.01973690092563629	0.09027566015720367	False	[1 0 0 0 0 0]	[0 0 0 1 0 0]	[0 0 0 1 0 0]	[0 0 0 1 0 0]
35	0.12999999523162842	0.6882517337799072	0.5711013078689575	0.0021585384383797646	0.011332440190017223	0.10365942865610123	False	[0 0 0 0 0 0]	[0 0 0 0 0 0]	[0 0 0 0 0 0]	[0 0 0 0 0 0]
35	0.12250000238418579	0.5739321708679199	0.46374785900115967	0.0013506687246263027	0.018857453018426895	0.08997616916894913	False	[1 0 0 0 0 0]	[0 0 0 1 0 0]	[0 0 0 1 0 0]	[0 0 0 1 0 0]
35	0.12250000238418579	0.693327009677887	0.5751551389694214	0.0021629389375448227	0.011089034378528595	0.1049199253320694	False	[0 0 0 0 0 0]	[0 0 0 0 0 0]	[0 0 0 0 0 0]	[0 0 0 0 0 0]
35	0.13500000536441803	0.582245945930481	0.4737292528152466	0.001337036257609725	0.017268545925617218	0.08991111814975739	False	[1 0 0 0 0 0]	[0 0 0 1 0 0]	[0 0 0 1 0 0]	[0 0 0 1 0 0]
35	0.125	0.6916549205780029	0.5740430951118469	0.002174328314140439	0.010917996987700462	0.10451945662498474	False	[0 0 0 0 0 0]	[0 0 0 0 0 0]	[0 0 0 0 0 0]	[0 0 0 0 0 0]
35	0.13500000536441803	0.5676558017730713	0.4564446806907654	0.0013729578349739313	0.020012294873595238	0.08982588350772858	False	[1 0 0 0 0 0]	[0 0 0 1 0 0]	[0 0 0 1 0 0]	[0 0 0 1 0 0]
35	0.125	0.6941606998443604	0.575376570224762	0.0021496699191629887	0.011241216212511063	0.10539329797029495	False	[0 0 0 0 0 0]	[0 0 0 0 0 0]	[0 0 0 0 0 0]	[0 0 0 0 0 0]
35	0.1274999976158142	0.5771469473838806	0.46729618310928345	0.001359208719804883	0.018438542261719704	0.0900529995560646	False	[1 0 0 0 0 0]	[0 0 0 1 0 0]	[0 0 0 1 0 0]	[0 0 0 1 0 0]
35	0.125	0.695675253868103	0.5759157538414001	0.0022530287969857454	0.011188194155693054	0.10631822049617767	False	[0 0 0 0 0 0]	[0 0 0 0 0 0]	[0 0 0 0 0 0]	[0 0 0 0 0 0]
35	0.12999999523162842	0.5739973783493042	0.4666045904159546	0.0013476150343194604	0.017940854653716087	0.08810435235500336	False	[1 0 0 0 0 0]	[0 0 0 1 0 0]	[0 0 0 1 0 0]	[0 0 0 1 0 0]
35	0.13249999284744263	0.6859283447265625	0.5695768594741821	0.002171201864257455	0.011331874877214432	0.10284838080406189	False	[0 0 0 0 0 0]	[0 0 0 0 0 0]	[0 0 0 0 0 0]	[0 0 0 0 0 0]
35	0.14000000059604645	0.5500340461730957	0.43636080622673035	0.001390152843669057	0.023218203336000443	0.08906488120555878	False	[1 0 0 0 0 0]	[0 0 0 1 0 0]	[0 0 0 1 0 0]	[0 0 0 1 0 0]
35	0.125	0.6851378679275513	0.5698661804199219	0.002129999687895179	0.011150313541293144	0.10199139267206192	False	[0 0 0 0 0 0]	[0 0 0 0 0 0]	[0 0 0 0 0 0]	[0 0 0 0 0 0]
35	0.13750000298023224	0.5749806761741638	0.46426457166671753	0.0013709880877286196	0.018900994211435318	0.09044413268566132	False	[1 0 0 0 0 0]	[0 0 0 1 0 0]	[0 0 0 1 0 0]	[0 0 0 1 0 0]
35	0.12250000238418579	0.689253568649292	0.5717366337776184	0.0021497735287994146	0.011296441778540611	0.10407069325447083	False	[0 0 0 0 0 0]	[0 0 0 0 0 0]	[0 0 0 0 0 0]	[0 0 0 0 0 0]
35	0.1525000035762787	0.573911726474762	0.464998722076416	0.0013607442378997803	0.018275177106261253	0.08927710354328156	False	[1 0 0 0 0 0]	[0 0 0 1 0 0]	[0 0 0 1 0 0]	[0 0 0 1 0 0]
35	0.125	0.6878609657287598	0.5702475309371948	0.0021413229405879974	0.011435730382800102	0.10403640568256378	False	[0 0 0 0 0 0]	[0 0 0 0 0 0]	[0 0 0 0 0 0]	[0 0 0 0 0 0]
35	0.12999999523162842	0.5779886245727539	0.4683716893196106	0.0013504052767530084	0.017689650878310204	0.09057685732841492	False	[1 0 0 0 0 0]	[0 0 0 1 0 0]	[0 0 0 1 0 0]	[0 0 0 1 0 0]
35	0.125	0.6943517923355103	0.575161337852478	0.0022221470717340708	0.01120475772768259	0.10576353967189789	False	[0 0 0 0 0 0]	[0 0 0 0 0 0]	[0 0 0 0 0 0]	[0 0 0 0 0 0]
35	0.14000000059604645	0.5772507786750793	0.4671376943588257	0.0013612523907795548	0.01798301935195923	0.09076879173517227	False	[1 0 0 0 0 0]	[0 0 0 1 0 0]	[0 0 0 1 0 0]	[0 0 0 1 0 0]
35	0.125	0.6921535730361938	0.5746762752532959	0.0021366311702877283	0.011101112700998783	0.10423953831195831	False	[0 0 0 0 0 0]	[0 0 0 0 0 0]	[0 0 0 0 0 0]	[0 0 0 0 0 0]
35	0.14000000059604645	0.5811648368835449	0.4732345938682556	0.0013634487986564636	0.01714416779577732	0.08942262828350067	False	[1 0 0 0 0 0]	[0 0 0 1 0 0]	[0 0 0 1 0 0]	[0 0 0 1 0 0]
35	0.11999999731779099	0.6930604577064514	0.574118971824646	0.002220833208411932	0.011254617013037205	0.10546605288982391	False	[0 0 0 0 0 0]	[0 0 0 0 0 0]	[0 0 0 0 0 0]	[0 0 0 0 0 0]
36	0.13249999284744263	0.9047622680664062	0.6243095397949219	0.001090825884602964	0.003953552804887295	0.2754082977771759	False	[1 0 0 0 0 0]	[0 0 0 1 0 0]	[0 0 0 1 0 0]	[0 0 0 1 0 0]
36	0.12250000238418579	0.9534469842910767	0.6562952399253845	0.0013954280875623226	0.0035693703684955835	0.292186975479126	False	[0 0 0 0 0 0]	[0 0 0 0 0 0]	[0 0 0 0 0 0]	[0 0 0 0 0 0]
36	0.1274999976158142	0.8984512686729431	0.619155764579773	0.0011110017076134682	0.0040475791320204735	0.27413690090179443	False	[1 0 0 0 0 0]	[0 0 0 1 0 0]	[0 0 0 1 0 0]	[0 0 0 1 0 0]
36	0.11500000208616257	0.9590717554092407	0.6597709655761719	0.0013455664739012718	0.003537769429385662	0.29441744089126587	False	[0 0 0 0 0 0]	[0 0 0 0 0 0]	[0 0 0 0 0 0]	[0 0 0 0 0 0]
36	0.13500000536441803	0.9019967913627625	0.6242455840110779	0.0010730618378147483	0.003905734047293663	0.2727724313735962	False	[1 0 0 0 0 0]	[0 0 0 1 0 0]	[0 0 0 1 0 0]	[0 0 0 1 0 0]
36	0.12250000238418579	0.9556577205657959	0.6570708751678467	0.0014012909960001707	0.003586393315345049	0.29359912872314453	False	[0 0 0 0 0 0]	[0 0 0 0 0 0]	[0 0 0 0 0 0]	[0 0 0 0 0 0]
36	0.14000000059604645	0.9022576808929443	0.6245844960212708	0.0010978943901136518	0.0038666485343128443	0.27270856499671936	False	[1 0 0 0 0 0]	[0 0 0 1 0 0]	[0 0 0 1 0 0]	[0 0 0 1 0 0]
36	0.1274999976158142	0.9565531015396118	0.657813549041748	0.0013942180667072535	0.0035368797834962606	0.2938084602355957	False	[0 0 0 0 0 0]	[0 0 0 0 0 0]	[0 0 0 0 0 0]	[0 0 0 0 0 0]
36	0.13500000536441803	0.9047877788543701	0.6239084005355835	0.0010883521754294634	0.003982140216976404	0.27580884099006653	False	[1 0 0 0 0 0]	[0 0 0 1 0 0]	[0 0 0 1 0 0]	[0 0 0 1 0 0]
36	0.12250000238418579	0.9591485261917114	0.6595553159713745	0.0013664342695847154	0.0035134844947606325	0.2947132885456085	False	[0 0 0 0 0 0]	[0 0 0 0 0 0]	[0 0 0 0 0 0]	[0 0 0 0 0 0]
36	0.125	0.9148544073104858	0.6331955790519714	0.001088927616365254	0.0037391555961221457	0.2768307328224182	False	[1 0 0 0 0 0]	[0 0 0 1 0 0]	[0 0 0 1 0 0]	[0 0 0 1 0 0]
36	0.11749999970197678	0.9568554162979126	0.6574472188949585	0.001398265128955245	0.0036068283952772617	0.2944031059741974	False	[0 0 0 0 0 0]	[0 0 0 0 0 0]	[0 0 0 0 0 0]	[0 0 0 0 0 0]
36	0.13249999284744263	0.9055386781692505	0.6248930096626282	0.0010893781436607242	0.0039483243599534035	0.2756079435348511	False	[1 0 0 0 0 0]	[0 0 0 1 0 0]	[0 0 0 1 0 0]	[0 0 0 1 0 0]
36	0.12250000238418579	0.9575234651565552	0.6589070558547974	0.0013734481763094664	0.003504724008962512	0.29373815655708313	False	[0 0 0 0 0 0]	[0 0 0 0 0 0]	[0 0 0 0 0 0]	[0 0 0 0 0 0]
36	0.14499999582767487	0.9072510004043579	0.6264192461967468	0.001090709469281137	0.003890322521328926	0.27585074305534363	False	[1 0 0 0 0 0]	[0 0 0 1 0 0]	[0 0 0 1 0 0]	[0 0 0 1 0 0]
36	0.125	0.9565841555595398	0.6576096415519714	0.0013790713855996728	0.0035708609502762556	0.29402458667755127	False	[0 0 0 0 0 0]	[0 0 0 0 0 0]	[0 0 0 0 0 0]	[0 0 0 0 0 0]
36	0.13750000298023224	0.9008833169937134	0.6229181289672852	0.0010890359990298748	0.003919690381735563	0.2729564607143402	False	[1 0 0 0 0 0]	[0 0 0 1 0 0]	[0 0 0 1 0 0]	[0 0 0 1 0 0]
36	0.125	0.9585481882095337	0.659332275390625	0.0013531021540984511	0.003516093362122774	0.29434674978256226	False	[0 0 0 0 0 0]	[0 0 0 0 0 0]	[0 0 0 0 0 0]	[0 0 0 0 0 0]
36	0.13249999284744263	0.8974547386169434	0.6175068616867065	0.00109003612305969	0.004116893280297518	0.27474093437194824	False	[1 0 0 0 0 0]	[0 0 0 1 0 0]	[0 0 0 1 0 0]	[0 0 0 1 0 0]
36	0.11749999970197678	0.9567663073539734	0.6579704284667969	0.0014242941979318857	0.003524834755808115	0.2938467264175415	False	[0 0 0 0 0 0]	[0 0 0 0 0 0]	[0 0 0 0 0 0]	[0 0 0 0 0 0]
36	0.1525000035762787	0.9022419452667236	0.6230287551879883	0.0010739031713455915	0.003955292049795389	0.274183988571167	False	[1 0 0 0 0 0]	[0 0 0 1 0 0]	[0 0 0 1 0 0]	[0 0 0 1 0 0]
36	0.12250000238418579	0.9586984515190125	0.6586633920669556	0.0013404912315309048	0.003562079044058919	0.29513245820999146	False	[0 0 0 0 0 0]	[0 0 0 0 0 0]	[0 0 0 0 0 0]	[0 0 0 0 0 0]
36	0.13249999284744263	0.878902792930603	0.6037535667419434	0.0010951310396194458	0.004357659723609686	0.269696444272995	False	[1 0 0 0 0 0]	[0 0 0 1 0 0]	[0 0 0 1 0 0]	[0 0 0 1 0 0]
36	0.1274999976158142	0.9578442573547363	0.6593189239501953	0.0013449437683448195	0.003502488601952791	0.2936779260635376	False	[0 0 0 0 0 0]	[0 0 0 0 0 0]	[0 0 0 0 0 0]	[0 0 0 0 0 0]
36	0.15000000596046448	0.9008020758628845	0.6220158338546753	0.0010817769216373563	0.003939703572541475	0.27376478910446167	False	[1 0 0 0 0 0]	[0 0 0 1 0 0]	[0 0 0 1 0 0]	[0 0 0 1 0 0]
36	0.12250000238418579	0.9552623629570007	0.6568143963813782	0.001380872679874301	0.0035850442945957184	0.29348206520080566	False	[0 0 0 0 0 0]	[0 0 0 0 0 0]	[0 0 0 0 0 0]	[0 0 0 0 0 0]
36	0.125	0.9092985391616821	0.6275850534439087	0.001105619128793478	0.003883522003889084	0.27672430872917175	False	[1 0 0 0 0 0]	[0 0 0 1 0 0]	[0 0 0 1 0 0]	[0 0 0 1 0 0]
36	0.12250000238418579	0.955512285232544	0.6573686599731445	0.0014080503024160862	0.003539733588695526	0.29319584369659424	False	[0 0 0 0 0 0]	[0 0 0 0 0 0]	[0 0 0 0 0 0]	[0 0 0 0 0 0]
36	0.12999999523162842	0.9054222106933594	0.6252889633178711	0.0010952067095786333	0.003905716584995389	0.27513226866722107	False	[1 0 0 0 0 0]	[0 0 0 1 0 0]	[0 0 0 1 0 0]	[0 0 0 1 0 0]
36	0.11999999731779099	0.9566023349761963	0.6581629514694214	0.0014046806609258056	0.0035157394595444202	0.29351896047592163	False	[0 0 0 0 0 0]	[0 0 0 0 0 0]	[0 0 0 0 0 0]	[0 0 0 0 0 0]
37	0.12250000238418579	1.1058529615402222	0.6239415407180786	0.0007544722175225616	0.0030869340989738703	0.4780700206756592	False	[1 0 0 0 0 0]	[0 0 0 1 0 0]	[0 0 0 1 0 0]	[0 0 0 1 0 0]
37	0.12250000238418579	1.166405200958252	0.6654635667800903	0.001075449399650097	0.003088165307417512	0.4967779517173767	False	[0 0 0 0 0 0]	[0 0 0 0 0 0]	[0 0 0 0 0 0]	[0 0 0 0 0 0]
37	0.13750000298023224	1.092263102531433	0.6102994084358215	0.0007475001038983464	0.003305951366201043	0.47791022062301636	False	[1 0 0 0 0 0]	[0 0 0 1 0 0]	[0 0 0 1 0 0]	[0 0 0 1 0 0]
37	0.11999999731779099	1.1688973903656006	0.6647129058837891	0.0010468924883753061	0.0030842949636280537	0.5000532269477844	False	[0 0 0 0 0 0]	[0 0 0 0 0 0]	[0 0 0 0 0 0]	[0 0 0 0 0 0]
37	0.14499999582767487	1.081713318824768	0.5961893796920776	0.0007257164688780904	0.0033523021265864372	0.48144587874412537	False	[1 0 0 0 0 0]	[0 0 0 1 0 0]	[0 0 0 1 0 0]	[0 0 0 1 0 0]
37	0.12250000238418579	1.1695383787155151	0.6669955253601074	0.0010502863442525268	0.003058425849303603	0.4984341263771057	False	[0 0 0 0 0 0]	[0 0 0 0 0 0]	[0 0 0 0 0 0]	[0 0 0 0 0 0]
37	0.13500000536441803	1.0966815948486328	0.6116189956665039	0.0007521750521846116	0.003314991481602192	0.48099544644355774	False	[1 0 0 0 0 0]	[0 0 0 1 0 0]	[0 0 0 1 0 0]	[0 0 0 1 0 0]
37	0.11999999731779099	1.1658434867858887	0.6669654250144958	0.0010614594211801887	0.0030716366600245237	0.49474501609802246	False	[0 0 0 0 0 0]	[0 0 0 0 0 0]	[0 0 0 0 0 0]	[0 0 0 0 0 0]
37	0.13249999284744263	1.1218688488006592	0.6348485946655273	0.0007762244204059243	0.003028139704838395	0.4832158088684082	False	[1 0 0 0 0 0]	[0 0 0 1 0 0]	[0 0 0 1 0 0]	[0 0 0 1 0 0]
37	0.12250000238418579	1.1628013849258423	0.6619482040405273	0.0010461603524163365	0.0030847429297864437	0.4967223107814789	False	[0 0 0 0 0 0]	[0 0 0 0 0 0]	[0 0 0 0 0 0]	[0 0 0 0 0 0]
37	0.12250000238418579	1.1078758239746094	0.6282816529273987	0.0007691957289353013	0.0030665050726383924	0.47575855255126953	False	[1 0 0 0 0 0]	[0 0 0 1 0 0]	[0 0 0 1 0 0]	[0 0 0 1 0 0]
37	0.125	1.1628100872039795	0.6645545959472656	0.0010570742888376117	0.0030718576163053513	0.49412649869918823	False	[0 0 0 0 0 0]	[0 0 0 0 0 0]	[0 0 0 0 0 0]	[0 0 0 0 0 0]
37	0.13750000298023224	1.101955771446228	0.6140475273132324	0.0007389262318611145	0.003137506078928709	0.4840317964553833	False	[1 0 0 0 0 0]	[0 0 0 1 0 0]	[0 0 0 1 0 0]	[0 0 0 1 0 0]
37	0.12250000238418579	1.1637558937072754	0.6584268808364868	0.0010428910609334707	0.0031329840421676636	0.5011531114578247	False	[0 0 0 0 0 0]	[0 0 0 0 0 0]	[0 0 0 0 0 0]	[0 0 0 0 0 0]
37	0.13750000298023224	1.1019220352172852	0.6199295520782471	0.0007564207771793008	0.003209384623914957	0.4780266582965851	False	[1 0 0 0 0 0]	[0 0 0 1 0 0]	[0 0 0 1 0 0]	[0 0 0 1 0 0]
37	0.125	1.1625559329986572	0.6600402593612671	0.001022416283376515	0.0030921809375286102	0.4984011650085449	False	[0 0 0 0 0 0]	[0 0 0 0 0 0]	[0 0 0 0 0 0]	[0 0 0 0 0 0]
37	0.14000000059604645	1.0884720087051392	0.6026433706283569	0.00074082484934479	0.0032979773823171854	0.48178982734680176	False	[1 0 0 0 0 0]	[0 0 0 1 0 0]	[0 0 0 1 0 0]	[0 0 0 1 0 0]
37	0.1274999976158142	1.1645565032958984	0.6686018705368042	0.0010630992474034429	0.003076082095503807	0.491815447807312	False	[0 0 0 0 0 0]	[0 0 0 0 0 0]	[0 0 0 0 0 0]	[0 0 0 0 0 0]
37	0.13249999284744263	1.1051747798919678	0.6213412284851074	0.0007612297777086496	0.003262888640165329	0.47980940341949463	False	[1 0 0 0 0 0]	[0 0 0 1 0 0]	[0 0 0 1 0 0]	[0 0 0 1 0 0]
37	0.12999999523162842	1.1630887985229492	0.6620339155197144	0.0010407641530036926	0.003115603234618902	0.4968985319137573	False	[0 0 0 0 0 0]	[0 0 0 0 0 0]	[0 0 0 0 0 0]	[0 0 0 0 0 0]
37	0.12250000238418579	1.1158032417297363	0.6294386982917786	0.0007625617436133325	0.003025622805580497	0.48257625102996826	False	[1 0 0 0 0 0]	[0 0 0 1 0 0]	[0 0 0 1 0 0]	[0 0 0 1 0 0]
37	0.125	1.163617491722107	0.6659274101257324	0.0010776695562526584	0.003093551844358444	0.4935188591480255	False	[0 0 0 0 0 0]	[0 0 0 0 0 0]	[0 0 0 0 0 0]	[0 0 0 0 0 0]
37	0.14000000059604645	1.0866879224777222	0.6099625825881958	0.000750844192225486	0.003363124094903469	0.47261136770248413	False	[1 0 0 0 0 0]	[0 0 0 1 0 0]	[0 0 0 1 0 0]	[0 0 0 1 0 0]
37	0.11999999731779099	1.169569969177246	0.6656347513198853	0.0010340039152652025	0.0030634975992143154	0.499837726354599	False	[0 0 0 0 0 0]	[0 0 0 0 0 0]	[0 0 0 0 0 0]	[0 0 0 0 0 0]
37	0.12999999523162842	1.0943834781646729	0.6148850917816162	0.0007458993350155652	0.00322909327223897	0.4755234122276306	False	[1 0 0 0 0 0]	[0 0 0 1 0 0]	[0 0 0 1 0 0]	[0 0 0 1 0 0]
37	0.125	1.1617141962051392	0.6543172597885132	0.001017470844089985	0.0031700346153229475	0.5032094717025757	False	[0 0 0 0 0 0]	[0 0 0 0 0 0]	[0 0 0 0 0 0]	[0 0 0 0 0 0]
37	0.14000000059604645	1.1057701110839844	0.624828577041626	0.0007538581849075854	0.003110035788267851	0.47707754373550415	False	[1 0 0 0 0 0]	[0 0 0 1 0 0]	[0 0 0 1 0 0]	[0 0 0 1 0 0]
37	0.12250000238418579	1.165459156036377	0.6672012805938721	0.0010746336774900556	0.0030905401799827814	0.4940927028656006	False	[0 0 0 0 0 0]	[0 0 0 0 0 0]	[0 0 0 0 0 0]	[0 0 0 0 0 0]
37	0.13249999284744263	1.0957986116409302	0.612525999546051	0.0007294834940694273	0.003098485991358757	0.47944462299346924	False	[1 0 0 0 0 0]	[0 0 0 1 0 0]	[0 0 0 1 0 0]	[0 0 0 1 0 0]
37	0.125	1.1676175594329834	0.6661295890808105	0.0010611852630972862	0.0030997134745121002	0.49732697010040283	False	[0 0 0 0 0 0]	[0 0 0 0 0 0]	[0 0 0 0 0 0]	[0 0 0 0 0 0]
38	0.125	1.1181058883666992	0.5871210098266602	0.00041852492722682655	0.0037860318552702665	0.526780366897583	False	[1 0 0 0 0 0]	[0 0 0 1 0 0]	[0 0 0 1 0 0]	[0 0 0 1 0 0]
38	0.1274999976158142	1.1570005416870117	0.6173121929168701	0.00047990246093831956	0.0033576516434550285	0.5358508825302124	False	[0 0 0 0 0 0]	[0 0 0 0 0 0]	[0 0 0 0 0 0]	[0 0 0 0 0 0]
38	0.12250000238418579	1.1083719730377197	0.5769895911216736	0.00041440516361035407	0.003933005966246128	0.5270349383354187	False	[1 0 0 0 0 0]	[0 0 0 1 0 0]	[0 0 0 1 0 0]	[0 0 0 1 0 0]
38	0.12250000238418579	1.1627216339111328	0.6213924884796143	0.0004886154783889651	0.003295981092378497	0.5375444889068604	False	[0 0 0 0 0 0]	[0 0 0 0 0 0]	[0 0 0 0 0 0]	[0 0 0 0 0 0]
38	0.12999999523162842	1.1197359561920166	0.5893155336380005	0.00042190655949525535	0.0037810909561812878	0.5262174606323242	False	[1 0 0 0 0 0]	[0 0 0 1 0 0]	[0 0 0 1 0 0]	[0 0 0 1 0 0]
38	0.12250000238418579	1.1602420806884766	0.6208620071411133	0.0004865113878622651	0.003306931583210826	0.5355866551399231	False	[0 0 0 0 0 0]	[0 0 0 0 0 0]	[0 0 0 0 0 0]	[0 0 0 0 0 0]
38	0.1274999976158142	1.12473726272583	0.5936144590377808	0.00041790923569351435	0.0037128785625100136	0.5269919633865356	False	[1 0 0 0 0 0]	[0 0 0 1 0 0]	[0 0 0 1 0 0]	[0 0 0 1 0 0]
38	0.12250000238418579	1.158925175666809	0.6197331547737122	0.0004855984589084983	0.003305654041469097	0.5354007482528687	False	[0 0 0 0 0 0]	[0 0 0 0 0 0]	[0 0 0 0 0 0]	[0 0 0 0 0 0]
38	0.12999999523162842	1.111878752708435	0.5828472375869751	0.0004232360515743494	0.003939943388104439	0.5246683359146118	False	[1 0 0 0 0 0]	[0 0 0 1 0 0]	[0 0 0 1 0 0]	[0 0 0 1 0 0]
38	0.125	1.161308765411377	0.6199468374252319	0.000486542732687667	0.003298241412267089	0.5375771522521973	False	[0 0 0 0 0 0]	[0 0 0 0 0 0]	[0 0 0 0 0 0]	[0 0 0 0 0 0]
38	0.11749999970197678	1.1278719902038574	0.5964767932891846	0.000424585014116019	0.003784467000514269	0.5271861553192139	False	[1 0 0 0 0 0]	[0 0 0 1 0 0]	[0 0 0 1 0 0]	[0 0 0 1 0 0]
38	0.11999999731779099	1.1596839427947998	0.6194360256195068	0.0004929446731694043	0.0033039201516658068	0.5364511013031006	False	[0 0 0 0 0 0]	[0 0 0 0 0 0]	[0 0 0 0 0 0]	[0 0 0 0 0 0]
38	0.12999999523162842	1.1245484352111816	0.5947965979576111	0.0004235748783685267	0.00377680454403162	0.5255515575408936	False	[1 0 0 0 0 0]	[0 0 0 1 0 0]	[0 0 0 1 0 0]	[0 0 0 1 0 0]
38	0.125	1.1555826663970947	0.6179308891296387	0.00048018526285886765	0.0033422738779336214	0.5338293313980103	False	[0 0 0 0 0 0]	[0 0 0 0 0 0]	[0 0 0 0 0 0]	[0 0 0 0 0 0]
38	0.14000000059604645	1.1081287860870361	0.5801724195480347	0.00041888508712872863	0.004028311464935541	0.52350914478302	False	[1 0 0 0 0 0]	[0 0 0 1 0 0]	[0 0 0 1 0 0]	[0 0 0 1 0 0]
38	0.11999999731779099	1.157515287399292	0.6175328493118286	0.00047634015209041536	0.0033199924509972334	0.5361860394477844	False	[0 0 0 0 0 0]	[0 0 0 0 0 0]	[0 0 0 0 0 0]	[0 0 0 0 0 0]
38	0.13249999284744263	1.122521162033081	0.593586802482605	0.0004184483550488949	0.0036877815145999193	0.5248281955718994	False	[1 0 0 0 0 0]	[0 0 0 1 0 0]	[0 0 0 1 0 0]	[0 0 0 1 0 0]
38	0.11999999731779099	1.163057804107666	0.6234927177429199	0.0004928777343593538	0.003267036285251379	0.5358051657676697	False	[0 0 0 0 0 0]	[0 0 0 0 0 0]	[0 0 0 0 0 0]	[0 0 0 0 0 0]
38	0.14249999821186066	1.1248986721038818	0.5929446220397949	0.0004161969118285924	0.003629842773079872	0.5279079675674438	False	[1 0 0 0 0 0]	[0 0 0 1 0 0]	[0 0 0 1 0 0]	[0 0 0 1 0 0]
38	0.12999999523162842	1.161325454711914	0.6211551427841187	0.00048629840603098273	0.0033107115887105465	0.5363733172416687	False	[0 0 0 0 0 0]	[0 0 0 0 0 0]	[0 0 0 0 0 0]	[0 0 0 0 0 0]
38	0.12999999523162842	1.1188732385635376	0.5889240503311157	0.00041290518129244447	0.0037208166904747486	0.525815486907959	False	[1 0 0 0 0 0]	[0 0 0 1 0 0]	[0 0 0 1 0 0]	[0 0 0 1 0 0]
38	0.11999999731779099	1.156183123588562	0.6182752847671509	0.00048623018665239215	0.0033499421551823616	0.5340716242790222	False	[0 0 0 0 0 0]	[0 0 0 0 0 0]	[0 0 0 0 0 0]	[0 0 0 0 0 0]
38	0.13500000536441803	1.1151888370513916	0.5896803140640259	0.00041637668618932366	0.003802098101004958	0.5212900042533875	False	[1 0 0 0 0 0]	[0 0 0 1 0 0]	[0 0 0 1 0 0]	[0 0 0 1 0 0]
38	0.12250000238418579	1.1608158349990845	0.6201081275939941	0.0004890065756626427	0.003309704130515456	0.5369089841842651	False	[0 0 0 0 0 0]	[0 0 0 0 0 0]	[0 0 0 0 0 0]	[0 0 0 0 0 0]
38	0.13500000536441803	1.1188814640045166	0.5896835923194885	0.0004186544974800199	0.0037785531021654606	0.5250005722045898	False	[1 0 0 0 0 0]	[0 0 0 1 0 0]	[0 0 0 1 0 0]	[0 0 0 1 0 0]
38	0.12250000238418579	1.1612600088119507	0.6193763017654419	0.0004886494716629386	0.0033016393426805735	0.5380934476852417	False	[0 0 0 0 0 0]	[0 0 0 0 0 0]	[0 0 0 0 0 0]	[0 0 0 0 0 0]
38	0.14499999582767487	1.1090366840362549	0.5812712907791138	0.0004084496758878231	0.003815695643424988	0.5235412120819092	False	[1 0 0 0 0 0]	[0 0 0 1 0 0]	[0 0 0 1 0 0]	[0 0 0 1 0 0]
38	0.11999999731779099	1.1591581106185913	0.616222620010376	0.00048152482486329973	0.0033386247232556343	0.539115309715271	False	[0 0 0 0 0 0]	[0 0 0 0 0 0]	[0 0 0 0 0 0]	[0 0 0 0 0 0]
38	0.1599999964237213	1.1240694522857666	0.5935221910476685	0.0004174685454927385	0.0036766245029866695	0.5264531373977661	False	[1 0 0 0 0 0]	[0 0 0 1 0 0]	[0 0 0 1 0 0]	[0 0 0 1 0 0]
38	0.11749999970197678	1.161489486694336	0.6219255924224854	0.0004915889585390687	0.003288344480097294	0.5357839465141296	False	[0 0 0 0 0 0]	[0 0 0 0 0 0]	[0 0 0 0 0 0]	[0 0 0 0 0 0]
39	0.125	0.9552487134933472	0.4777776598930359	0.00029028180870227516	0.0021466801408678293	0.47503408789634705	False	[1 0 0 0 0 0]	[0 0 0 1 0 0]	[0 0 0 1 0 0]	[0 0 0 1 0 0]
39	0.125	1.0222522020339966	0.5252381563186646	0.00040196068584918976	0.002118232659995556	0.49449387192726135	False	[0 0 0 0 0 0]	[0 0 0 0 0 0]	[0 0 0 0 0 0]	[0 0 0 0 0 0]
39	0.13500000536441803	0.9517336487770081	0.4735059142112732	0.0002893113123718649	0.002181820571422577	0.47575658559799194	False	[1 0 0 0 0 0]	[0 0 0 1 0 0]	[0 0 0 1 0 0]	[0 0 0 1 0 0]
39	0.11999999731779099	1.0182619094848633	0.5175866484642029	0.0003951782127842307	0.0021240634378045797	0.49815595149993896	False	[0 0 0 0 0 0]	[0 0 0 0 0 0]	[0 0 0 0 0 0]	[0 0 0 0 0 0]
39	0.14499999582767487	0.9508146047592163	0.4725934863090515	0.00029390346026048064	0.0021516766864806414	0.4757755696773529	False	[1 0 0 0 0 0]	[0 0 0 1 0 0]	[0 0 0 1 0 0]	[0 0 0 1 0 0]
39	0.125	1.0275682210922241	0.5274689197540283	0.00040777045069262385	0.002113885246217251	0.4975776672363281	False	[0 0 0 0 0 0]	[0 0 0 0 0 0]	[0 0 0 0 0 0]	[0 0 0 0 0 0]
39	0.13249999284744263	0.9414860010147095	0.46256762742996216	0.0002832304162438959	0.002237869892269373	0.4763972759246826	False	[1 0 0 0 0 0]	[0 0 0 1 0 0]	[0 0 0 1 0 0]	[0 0 0 1 0 0]
39	0.11999999731779099	1.0185537338256836	0.5188304781913757	0.0003961183538194746	0.002115253359079361	0.49721187353134155	False	[0 0 0 0 0 0]	[0 0 0 0 0 0]	[0 0 0 0 0 0]	[0 0 0 0 0 0]
39	0.12999999523162842	0.9567477703094482	0.47816795110702515	0.0002914056822191924	0.0021413855720311403	0.47614699602127075	False	[1 0 0 0 0 0]	[0 0 0 1 0 0]	[0 0 0 1 0 0]	[0 0 0 1 0 0]
39	0.12250000238418579	1.0107415914535522	0.515591025352478	0.00038600608240813017	0.0021154037676751614	0.4926491379737854	False	[0 0 0 0 0 0]	[0 0 0 0 0 0]	[0 0 0 0 0 0]	[0 0 0 0 0 0]
39	0.13750000298023224	0.9553369283676147	0.4777020215988159	0.0002942520077340305	0.0021416707895696163	0.47519898414611816	False	[1 0 0 0 0 0]	[0 0 0 1 0 0]	[0 0 0 1 0 0]	[0 0 0 1 0 0]
39	0.125	1.029473066329956	0.5307609438896179	0.0004152683832217008	0.0021092260722070932	0.49618759751319885	False	[0 0 0 0 0 0]	[0 0 0 0 0 0]	[0 0 0 0 0 0]	[0 0 0 0 0 0]
39	0.13500000536441803	0.9627398252487183	0.4841917157173157	0.00029528074082918465	0.0021364321000874043	0.476116418838501	False	[1 0 0 0 0 0]	[0 0 0 1 0 0]	[0 0 0 1 0 0]	[0 0 0 1 0 0]
39	0.125	1.0166524648666382	0.5164847373962402	0.0003903599572367966	0.0021171453408896923	0.49766021966934204	False	[0 0 0 0 0 0]	[0 0 0 0 0 0]	[0 0 0 0 0 0]	[0 0 0 0 0 0]
39	0.16500000655651093	0.9519990682601929	0.47662466764450073	0.0002894905337598175	0.002173983259126544	0.47291088104248047	False	[1 0 0 0 0 0]	[0 0 0 1 0 0]	[0 0 0 1 0 0]	[0 0 0 1 0 0]
39	0.125	1.0192439556121826	0.5183237791061401	0.0003911885432898998	0.002119900891557336	0.49840909242630005	False	[0 0 0 0 0 0]	[0 0 0 0 0 0]	[0 0 0 0 0 0]	[0 0 0 0 0 0]
39	0.13500000536441803	0.9622055292129517	0.48430150747299194	0.0002926996676251292	0.0021365568973124027	0.4754747748374939	False	[1 0 0 0 0 0]	[0 0 0 1 0 0]	[0 0 0 1 0 0]	[0 0 0 1 0 0]
39	0.11999999731779099	1.0257478952407837	0.5230381488800049	0.0003991720441263169	0.0021248129196465015	0.5001857876777649	False	[0 0 0 0 0 0]	[0 0 0 0 0 0]	[0 0 0 0 0 0]	[0 0 0 0 0 0]
39	0.15000000596046448	0.9546794295310974	0.47475194931030273	0.0002910197072196752	0.0021417485550045967	0.4774947166442871	False	[1 0 0 0 0 0]	[0 0 0 1 0 0]	[0 0 0 1 0 0]	[0 0 0 1 0 0]
39	0.125	1.011739730834961	0.5122922658920288	0.00038839096669107676	0.0021171176340430975	0.4969419240951538	False	[0 0 0 0 0 0]	[0 0 0 0 0 0]	[0 0 0 0 0 0]	[0 0 0 0 0 0]
39	0.11999999731779099	0.9483505487442017	0.4698120355606079	0.0002910415059886873	0.002161195734515786	0.47608625888824463	False	[1 0 0 0 0 0]	[0 0 0 1 0 0]	[0 0 0 1 0 0]	[0 0 0 1 0 0]
39	0.11999999731779099	1.0223032236099243	0.5227305889129639	0.00039743570960126817	0.002116165589541197	0.49705904722213745	False	[0 0 0 0 0 0]	[0 0 0 0 0 0]	[0 0 0 0 0 0]	[0 0 0 0 0 0]
39	0.13500000536441803	0.9400341510772705	0.4629855751991272	0.00028509198455139995	0.0022492699790745974	0.4745142161846161	False	[1 0 0 0 0 0]	[0 0 0 1 0 0]	[0 0 0 1 0 0]	[0 0 0 1 0 0]
39	0.125	1.0167686939239502	0.5144230723381042	0.00039106846088543534	0.0021264217793941498	0.49982815980911255	False	[0 0 0 0 0 0]	[0 0 0 0 0 0]	[0 0 0 0 0 0]	[0 0 0 0 0 0]
39	0.13500000536441803	0.9526760578155518	0.4769710302352905	0.0002916511439252645	0.0021642271894961596	0.4732491672039032	False	[1 0 0 0 0 0]	[0 0 0 1 0 0]	[0 0 0 1 0 0]	[0 0 0 1 0 0]
39	0.12250000238418579	1.0199722051620483	0.5196406245231628	0.0003965164069086313	0.0021259081549942493	0.49780920147895813	False	[0 0 0 0 0 0]	[0 0 0 0 0 0]	[0 0 0 0 0 0]	[0 0 0 0 0 0]
39	0.14000000059604645	0.9514050483703613	0.4768807291984558	0.00029009851277805865	0.002178841270506382	0.4720553755760193	False	[1 0 0 0 0 0]	[0 0 0 1 0 0]	[0 0 0 1 0 0]	[0 0 0 1 0 0]
39	0.12250000238418579	1.0327264070510864	0.5348000526428223	0.00041279790457338095	0.002115486189723015	0.49539804458618164	False	[0 0 0 0 0 0]	[0 0 0 0 0 0]	[0 0 0 0 0 0]	[0 0 0 0 0 0]
39	0.12999999523162842	0.9502620697021484	0.47514212131500244	0.0002870588796213269	0.002194809028878808	0.4726380705833435	False	[1 0 0 0 0 0]	[0 0 0 1 0 0]	[0 0 0 1 0 0]	[0 0 0 1 0 0]
39	0.125	1.0222270488739014	0.5227319002151489	0.0004014573059976101	0.0021115802228450775	0.4969820976257324	False	[0 0 0 0 0 0]	[0 0 0 0 0 0]	[0 0 0 0 0 0]	[0 0 0 0 0 0]
40	0.13500000536441803	1.0253783464431763	0.6593654155731201	0.00038947773282416165	0.0037241154350340366	0.36189940571784973	False	[1 0 0 0 0 0]	[0 0 0 1 0 0]	[0 0 0 1 0 0]	[0 0 0 1 0 0]
40	0.12250000238418579	1.0468670129776	0.6680335998535156	0.0004329491057433188	0.003455711528658867	0.3749447166919708	False	[0 0 0 0 0 0]	[0 0 0 0 0 0]	[0 0 0 0 0 0]	[0 0 0 0 0 0]
40	0.13249999284744263	1.0242446660995483	0.6561216711997986	0.00038018979830667377	0.003772287629544735	0.3639705181121826	False	[1 0 0 0 0 0]	[0 0 0 1 0 0]	[0 0 0 1 0 0]	[0 0 0 1 0 0]
40	0.11999999731779099	1.0463427305221558	0.667898416519165	0.00043149315752089024	0.0034718159586191177	0.3745410144329071	False	[0 0 0 0 0 0]	[0 0 0 0 0 0]	[0 0 0 0 0 0]	[0 0 0 0 0 0]
40	0.1550000011920929	1.0260164737701416	0.6569989919662476	0.00038035487523302436	0.0037418550346046686	0.3648952841758728	False	[1 0 0 0 0 0]	[0 0 0 1 0 0]	[0 0 0 1 0 0]	[0 0 0 1 0 0]
40	0.12999999523162842	1.0473659038543701	0.6692943572998047	0.0004444338264875114	0.003458832623437047	0.374168336391449	False	[0 0 0 0 0 0]	[0 0 0 0 0 0]	[0 0 0 0 0 0]	[0 0 0 0 0 0]
40	0.13750000298023224	1.024888277053833	0.6568982601165771	0.00038540211971849203	0.00383125152438879	0.3637733459472656	False	[1 0 0 0 0 0]	[0 0 0 1 0 0]	[0 0 0 1 0 0]	[0 0 0 1 0 0]
40	0.12999999523162842	1.0462915897369385	0.6691571474075317	0.00044540248927660286	0.0034598649945110083	0.37322908639907837	False	[0 0 0 0 0 0]	[0 0 0 0 0 0]	[0 0 0 0 0 0]	[0 0 0 0 0 0]
40	0.13249999284744263	1.0258793830871582	0.6575008034706116	0.0003835719544440508	0.003782827639952302	0.36421215534210205	False	[1 0 0 0 0 0]	[0 0 0 1 0 0]	[0 0 0 1 0 0]	[0 0 0 1 0 0]
40	0.11749999970197678	1.0459954738616943	0.6688070893287659	0.0004427156818564981	0.0034603052772581577	0.3732853829860687	False	[0 0 0 0 0 0]	[0 0 0 0 0 0]	[0 0 0 0 0 0]	[0 0 0 0 0 0]
40	0.14499999582767487	1.0249265432357788	0.6567904353141785	0.0003855229588225484	0.0038626850582659245	0.3638879358768463	False	[1 0 0 0 0 0]	[0 0 0 1 0 0]	[0 0 0 1 0 0]	[0 0 0 1 0 0]
40	0.125	1.045642614364624	0.6687099933624268	0.0004447259125299752	0.0034898663870990276	0.3729979991912842	False	[0 0 0 0 0 0]	[0 0 0 0 0 0]	[0 0 0 0 0 0]	[0 0 0 0 0 0]
40	0.14000000059604645	1.0259593725204468	0.6586365699768066	0.0003896259004250169	0.0037969157565385103	0.3631362020969391	False	[1 0 0 0 0 0]	[0 0 0 1 0 0]	[0 0 0 1 0 0]	[0 0 0 1 0 0]
40	0.11999999731779099	1.0471925735473633	0.669498085975647	0.0004431850975379348	0.003460844047367573	0.37379056215286255	False	[0 0 0 0 0 0]	[0 0 0 0 0 0]	[0 0 0 0 0 0]	[0 0 0 0 0 0]
40	0.14499999582767487	1.0280293226242065	0.6586244106292725	0.000384964921977371	0.0037234527990221977	0.36529648303985596	False	[1 0 0 0 0 0]	[0 0 0 1 0 0]	[0 0 0 1 0 0]	[0 0 0 1 0 0]
40	0.12250000238418579	1.0469427108764648	0.6706122756004333	0.0004539410874713212	0.003462577937170863	0.37241390347480774	False	[0 0 0 0 0 0]	[0 0 0 0 0 0]	[0 0 0 0 0 0]	[0 0 0 0 0 0]
40	0.13500000536441803	1.026911735534668	0.6589177250862122	0.00038759427843615413	0.0037245266139507294	0.3638818562030792	False	[1 0 0 0 0 0]	[0 0 0 1 0 0]	[0 0 0 1 0 0]	[0 0 0 1 0 0]
40	0.125	1.0474822521209717	0.6692051887512207	0.0004403746861498803	0.0034597699996083975	0.37437698245048523	False	[0 0 0 0 0 0]	[0 0 0 0 0 0]	[0 0 0 0 0 0]	[0 0 0 0 0 0]
40	0.15000000596046448	1.0219190120697021	0.655607283115387	0.0003818022087216377	0.0037569866981357336	0.36217284202575684	False	[1 0 0 0 0 0]	[0 0 0 1 0 0]	[0 0 0 1 0 0]	[0 0 0 1 0 0]
40	0.125	1.0464228391647339	0.6689999103546143	0.00044280552538111806	0.003470290917903185	0.37350982427597046	False	[0 0 0 0 0 0]	[0 0 0 0 0 0]	[0 0 0 0 0 0]	[0 0 0 0 0 0]
40	0.12999999523162842	1.0257043838500977	0.6590535640716553	0.00038989880704320967	0.003733681980520487	0.36252719163894653	False	[1 0 0 0 0 0]	[0 0 0 1 0 0]	[0 0 0 1 0 0]	[0 0 0 1 0 0]
40	0.12250000238418579	1.0478206872940063	0.6692622900009155	0.00043600177741609514	0.0034744313452392817	0.37464794516563416	False	[0 0 0 0 0 0]	[0 0 0 0 0 0]	[0 0 0 0 0 0]	[0 0 0 0 0 0]
40	0.12999999523162842	1.0198256969451904	0.6565461158752441	0.0003878512652590871	0.0037421374581754208	0.3591495156288147	False	[1 0 0 0 0 0]	[0 0 0 1 0 0]	[0 0 0 1 0 0]	[0 0 0 1 0 0]
40	0.12250000238418579	1.0498924255371094	0.6708022356033325	0.00044670593342743814	0.0034993409644812346	0.37514424324035645	False	[0 0 0 0 0 0]	[0 0 0 0 0 0]	[0 0 0 0 0 0]	[0 0 0 0 0 0]
40	0.15000000596046448	1.0247435569763184	0.6572698354721069	0.00038839189801365137	0.003864930011332035	0.3632204532623291	False	[1 0 0 0 0 0]	[0 0 0 1 0 0]	[0 0 0 1 0 0]	[0 0 0 1 0 0]
40	0.12250000238418579	1.0455808639526367	0.6673601865768433	0.0004323080647736788	0.003461151383817196	0.3743272125720978	False	[0 0 0 0 0 0]	[0 0 0 0 0 0]	[0 0 0 0 0 0]	[0 0 0 0 0 0]
40	0.12999999523162842	1.0221556425094604	0.6561645269393921	0.0003865664766635746	0.0038268575444817543	0.361777663230896	False	[1 0 0 0 0 0]	[0 0 0 1 0 0]	[0 0 0 1 0 0]	[0 0 0 1 0 0]
40	0.11999999731779099	1.0439908504486084	0.6679098010063171	0.0004406008229125291	0.0034714057110249996	0.37216904759407043	False	[0 0 0 0 0 0]	[0 0 0 0 0 0]	[0 0 0 0 0 0]	[0 0 0 0 0 0]
40	0.14000000059604645	1.024742603302002	0.6575812101364136	0.0003856405382975936	0.0037529526744037867	0.3630228340625763	False	[1 0 0 0 0 0]	[0 0 0 1 0 0]	[0 0 0 1 0 0]	[0 0 0 1 0 0]
40	0.125	1.044704794883728	0.6679816246032715	0.0004394411516841501	0.0034829103387892246	0.3728007674217224	False	[0 0 0 0 0 0]	[0 0 0 0 0 0]	[0 0 0 0 0 0]	[0 0 0 0 0 0]
41	0.125	1.149754285812378	0.6960034370422363	0.0002225406642537564	0.04986661300063133	0.4036616384983063	False	[0 0 0 1 0 0]	[0 0 0 1 0 0]	[0 0 0 1 0 0]	[0 0 0 1 0 0]
41	0.12250000238418579	1.148019790649414	0.6966961622238159	0.0002287366078235209	0.04126027226448059	0.4098345935344696	False	[0 0 0 0 0 0]	[0 0 0 0 0 0]	[0 0 0 0 0 0]	[0 0 0 0 0 0]
41	0.1274999976158142	1.150883674621582	0.6958174705505371	0.000225794457946904	0.05207967013120651	0.4027608036994934	False	[0 0 0 1 0 0]	[0 0 0 1 0 0]	[0 0 0 1 0 0]	[0 0 0 1 0 0]
41	0.1274999976158142	1.147545576095581	0.6966612339019775	0.00022650393657386303	0.04131773114204407	0.40934014320373535	False	[0 0 0 0 0 0]	[0 0 0 0 0 0]	[0 0 0 0 0 0]	[0 0 0 0 0 0]
41	0.11999999731779099	1.1477917432785034	0.6962534189224243	0.00022329582134261727	0.047415222972631454	0.40389981865882874	False	[0 0 0 1 0 0]	[0 0 0 1 0 0]	[0 0 0 1 0 0]	[0 0 0 1 0 0]
41	0.11999999731779099	1.146612286567688	0.6967650651931763	0.00023046178102958947	0.04121771454811096	0.40839898586273193	False	[0 0 0 0 0 0]	[0 0 0 0 0 0]	[0 0 0 0 0 0]	[0 0 0 0 0 0]
41	0.11500000208616257	1.1499474048614502	0.6960362195968628	0.0002262148045701906	0.050030846148729324	0.40365415811538696	False	[0 0 0 1 0 0]	[0 0 0 1 0 0]	[0 0 0 1 0 0]	[0 0 0 1 0 0]
41	0.125	1.1484851837158203	0.6966480016708374	0.00022537249606102705	0.04168236628174782	0.40992939472198486	False	[0 0 0 0 0 0]	[0 0 0 0 0 0]	[0 0 0 0 0 0]	[0 0 0 0 0 0]
41	0.13249999284744263	1.1511211395263672	0.6958357095718384	0.00022347038611769676	0.050496380776166916	0.40456563234329224	False	[0 0 0 1 0 0]	[0 0 0 1 0 0]	[0 0 0 1 0 0]	[0 0 0 1 0 0]
41	0.12250000238418579	1.148193120956421	0.6967235803604126	0.00022926287783775479	0.041397515684366226	0.40984275937080383	False	[0 0 0 0 0 0]	[0 0 0 0 0 0]	[0 0 0 0 0 0]	[0 0 0 0 0 0]
41	0.12999999523162842	1.150622844696045	0.6953586935997009	0.0002197970898123458	0.05354047566652298	0.4015038013458252	False	[0 0 0 1 0 0]	[0 0 0 1 0 0]	[0 0 0 1 0 0]	[0 0 0 1 0 0]
41	0.12999999523162842	1.148527979850769	0.6966769695281982	0.00022793974494561553	0.04118768498301506	0.41043540835380554	False	[0 0 0 0 0 0]	[0 0 0 0 0 0]	[0 0 0 0 0 0]	[0 0 0 0 0 0]
41	0.12999999523162842	1.1483209133148193	0.696102499961853	0.00022275008086580783	0.04876452684402466	0.403231143951416	False	[0 0 0 1 0 0]	[0 0 0 1 0 0]	[0 0 0 1 0 0]	[0 0 0 1 0 0]
41	0.11999999731779099	1.1480317115783691	0.6967366337776184	0.00022843234182801098	0.04155664145946503	0.4095100164413452	False	[0 0 0 0 0 0]	[0 0 0 0 0 0]	[0 0 0 0 0 0]	[0 0 0 0 0 0]
41	0.12250000238418579	1.1488183736801147	0.6960645914077759	0.00022531264403369278	0.04925675317645073	0.40327170491218567	False	[0 0 0 1 0 0]	[0 0 0 1 0 0]	[0 0 0 1 0 0]	[0 0 0 1 0 0]
41	0.125	1.148715615272522	0.6966415643692017	0.00022573336900677532	0.041721560060977936	0.4101267158985138	False	[1 0 0 1 0 0]	[0 0 0 0 0 0]	[0 0 0 0 0 0]	[0 0 0 0 0 0]
41	0.125	1.1497561931610107	0.696666955947876	0.00023396666802000254	0.04338672384619713	0.4094686508178711	False	[1 0 0 0 0 0]	[0 0 0 1 0 0]	[0 0 0 1 0 0]	[0 0 0 1 0 0]
41	0.12250000238418579	1.1459765434265137	0.696892261505127	0.0002642225008457899	0.042052388191223145	0.40676772594451904	False	[1 0 0 1 0 0]	[0 0 0 0 0 0]	[0 0 0 0 0 0]	[0 0 0 0 0 0]
41	0.14249999821186066	1.1484150886535645	0.6966114044189453	0.00023328258248511702	0.044464241713285446	0.4071061909198761	False	[1 0 0 0 0 0]	[0 0 0 1 0 0]	[0 0 0 1 0 0]	[0 0 0 1 0 0]
41	0.125	1.1447960138320923	0.6969177722930908	0.00027034294907934964	0.041619639843702316	0.4059882164001465	False	[1 0 0 1 0 0]	[0 0 0 0 0 0]	[0 0 0 0 0 0]	[0 0 0 0 0 0]
41	0.13500000536441803	1.147397518157959	0.6966935396194458	0.00023608203628100455	0.043976541608572006	0.4064912796020508	False	[1 0 0 0 0 0]	[0 0 0 1 0 0]	[0 0 0 1 0 0]	[0 0 0 1 0 0]
41	0.12250000238418579	1.1444449424743652	0.6969083547592163	0.00026711923419497907	0.04265982657670975	0.4046095609664917	False	[1 0 0 1 0 0]	[0 0 0 0 0 0]	[0 0 0 0 0 0]	[0 0 0 0 0 0]
41	0.13500000536441803	1.1480507850646973	0.6966790556907654	0.00023358809994533658	0.04273427277803421	0.40840381383895874	False	[1 0 0 0 0 0]	[0 0 0 1 0 0]	[0 0 0 1 0 0]	[0 0 0 1 0 0]
41	0.125	1.145603895187378	0.6968106627464294	0.00026850917492993176	0.04146508872509003	0.40705955028533936	False	[1 0 0 1 0 0]	[0 0 0 0 0 0]	[0 0 0 0 0 0]	[0 0 0 0 0 0]
41	0.12999999523162842	1.1480977535247803	0.6966198682785034	0.00023252845858223736	0.04282248020172119	0.4084228277206421	False	[1 0 0 0 0 0]	[0 0 0 1 0 0]	[0 0 0 1 0 0]	[0 0 0 1 0 0]
41	0.12250000238418579	1.147355556488037	0.6967993974685669	0.00025668268790468574	0.04195834696292877	0.40834110975265503	False	[1 0 0 1 0 0]	[0 0 0 0 0 0]	[0 0 0 0 0 0]	[0 0 0 0 0 0]
41	0.14000000059604645	1.1485621929168701	0.6966778039932251	0.0002335016761207953	0.04326983541250229	0.4083811044692993	False	[1 0 0 0 0 0]	[0 0 0 1 0 0]	[0 0 0 1 0 0]	[0 0 0 1 0 0]
41	0.125	1.1452422142028809	0.696882426738739	0.000268560484983027	0.041474226862192154	0.4066169261932373	False	[1 0 0 1 0 0]	[0 0 0 0 0 0]	[0 0 0 0 0 0]	[0 0 0 0 0 0]
41	0.13750000298023224	1.1481071710586548	0.6966432332992554	0.0002327985712327063	0.04381266236305237	0.40741845965385437	False	[1 0 0 0 0 0]	[0 0 0 1 0 0]	[0 0 0 1 0 0]	[0 0 0 1 0 0]
41	0.13500000536441803	1.1449278593063354	0.6968053579330444	0.0002629073860589415	0.041780054569244385	0.4060795307159424	False	[1 0 0 1 0 0]	[0 0 0 0 0 0]	[0 0 0 0 0 0]	[0 0 0 0 0 0]
42	0.12999999523162842	1.116126537322998	0.690335750579834	0.00018758865189738572	0.051682647317647934	0.3739205002784729	False	[0 0 0 1 0 0]	[0 0 0 1 0 0]	[0 0 0 1 0 0]	[0 0 0 1 0 0]
42	0.12250000238418579	1.1097984313964844	0.6952666640281677	0.0001861337077571079	0.04453352838754654	0.36981210112571716	False	[0 0 0 0 0 0]	[0 0 0 0 0 0]	[0 0 0 0 0 0]	[0 0 0 0 0 0]
42	0.12250000238418579	1.1162081956863403	0.6912992000579834	0.00018759434169624	0.051873501390218735	0.37284791469573975	False	[0 0 0 1 0 0]	[0 0 0 1 0 0]	[0 0 0 1 0 0]	[0 0 0 1 0 0]
42	0.12999999523162842	1.109756350517273	0.6950148344039917	0.00018677856132853776	0.044502779841423035	0.37005192041397095	False	[0 0 0 0 0 0]	[0 0 0 0 0 0]	[0 0 0 0 0 0]	[0 0 0 0 0 0]
42	0.12250000238418579	1.113451600074768	0.6909393072128296	0.00018763048865366727	0.04955124855041504	0.3727734088897705	False	[0 0 0 1 0 0]	[0 0 0 1 0 0]	[0 0 0 1 0 0]	[0 0 0 1 0 0]
42	0.125	1.1091513633728027	0.6961901187896729	0.00018126459326595068	0.043736230581998825	0.3690437078475952	False	[0 0 0 0 0 0]	[0 0 0 0 0 0]	[0 0 0 0 0 0]	[0 0 0 0 0 0]
42	0.12250000238418579	1.1157989501953125	0.6921862959861755	0.00018224075029138476	0.05020861327648163	0.37322184443473816	False	[0 0 0 1 0 0]	[0 0 0 1 0 0]	[0 0 0 1 0 0]	[0 0 0 1 0 0]
42	0.125	1.109809160232544	0.6959233283996582	0.00018152999109588563	0.04410809278488159	0.36959612369537354	False	[0 0 0 0 0 0]	[0 0 0 0 0 0]	[0 0 0 0 0 0]	[0 0 0 0 0 0]
42	0.14000000059604645	1.114438533782959	0.6915518045425415	0.00018586390069685876	0.049991805106401443	0.3727090656757355	False	[0 0 0 1 0 0]	[0 0 0 1 0 0]	[0 0 0 1 0 0]	[0 0 0 1 0 0]
42	0.12250000238418579	1.1099815368652344	0.6966426372528076	0.0001774578558979556	0.043501172214746475	0.36966028809547424	False	[0 0 0 0 0 0]	[0 0 0 0 0 0]	[0 0 0 0 0 0]	[0 0 0 0 0 0]
42	0.125	1.1156446933746338	0.6916675567626953	0.00018501750309951603	0.050304897129535675	0.3734871745109558	False	[0 0 0 1 0 0]	[0 0 0 1 0 0]	[0 0 0 1 0 0]	[0 0 0 1 0 0]
42	0.11749999970197678	1.1096246242523193	0.6954905986785889	0.00018643244402483106	0.044303636997938156	0.3696439564228058	False	[0 0 0 0 0 0]	[0 0 0 0 0 0]	[0 0 0 0 0 0]	[0 0 0 0 0 0]
42	0.125	1.1160691976547241	0.690947413444519	0.00018718821229413152	0.05121080204844475	0.3737237751483917	False	[0 0 0 1 0 0]	[0 0 0 1 0 0]	[0 0 0 1 0 0]	[0 0 0 1 0 0]
42	0.11749999970197678	1.1091104745864868	0.6956086158752441	0.00018569236272014678	0.044104788452386856	0.369211345911026	False	[0 0 0 0 0 0]	[0 0 0 0 0 0]	[0 0 0 0 0 0]	[0 0 0 0 0 0]
42	0.13249999284744263	1.115337610244751	0.6917593479156494	0.00018412171630188823	0.05022419989109039	0.3731699585914612	False	[0 0 0 1 0 0]	[0 0 0 1 0 0]	[0 0 0 1 0 0]	[0 0 0 1 0 0]
42	0.11749999970197678	1.109534502029419	0.6947762370109558	0.00018885009922087193	0.04452934116125107	0.37004005908966064	False	[0 0 0 0 0 0]	[0 0 0 0 0 0]	[0 0 0 0 0 0]	[0 0 0 0 0 0]
42	0.125	1.1167781352996826	0.6915993690490723	0.00018389051547273993	0.05131729319691658	0.37367767095565796	False	[0 0 0 1 0 0]	[0 0 0 1 0 0]	[0 0 0 1 0 0]	[0 0 0 1 0 0]
42	0.12250000238418579	1.1088590621948242	0.6958303451538086	0.00018438995175529271	0.04377085343003273	0.36907345056533813	False	[0 0 0 0 0 0]	[0 0 0 0 0 0]	[0 0 0 0 0 0]	[0 0 0 0 0 0]
42	0.1274999976158142	1.1150094270706177	0.6920030117034912	0.00018416449893265963	0.05018836259841919	0.3726338744163513	False	[0 0 0 1 0 0]	[0 0 0 1 0 0]	[0 0 0 1 0 0]	[0 0 0 1 0 0]
42	0.12250000238418579	1.1098501682281494	0.6958996057510376	0.00018147859373129904	0.044226665049791336	0.36954236030578613	False	[0 0 0 0 0 0]	[0 0 0 0 0 0]	[0 0 0 0 0 0]	[0 0 0 0 0 0]
42	0.12250000238418579	1.114092230796814	0.6912139058113098	0.0001870858104666695	0.049741268157958984	0.3729499876499176	False	[0 0 0 1 0 0]	[0 0 0 1 0 0]	[0 0 0 1 0 0]	[0 0 0 1 0 0]
42	0.11749999970197678	1.1100361347198486	0.6954372525215149	0.00018467835616320372	0.044564466923475266	0.3698497414588928	False	[0 0 0 0 0 0]	[0 0 0 0 0 0]	[0 0 0 0 0 0]	[0 0 0 0 0 0]
42	0.13249999284744263	1.1162995100021362	0.6920119524002075	0.0001835513539845124	0.05117097496986389	0.3729330599308014	False	[0 0 0 1 0 0]	[0 0 0 1 0 0]	[0 0 0 1 0 0]	[0 0 0 1 0 0]
42	0.11999999731779099	1.1092243194580078	0.696021556854248	0.0001804952771635726	0.04384789615869522	0.3691743314266205	False	[0 0 0 0 0 0]	[0 0 0 0 0 0]	[0 0 0 0 0 0]	[0 0 0 0 0 0]
42	0.13500000536441803	1.1142380237579346	0.691052258014679	0.00018660117348190397	0.04993130639195442	0.37306779623031616	False	[0 0 0 1 0 0]	[0 0 0 1 0 0]	[0 0 0 1 0 0]	[0 0 0 1 0 0]
42	0.11749999970197678	1.1091983318328857	0.6955196857452393	0.00018407672178000212	0.04397866129875183	0.36951592564582825	False	[0 0 0 0 0 0]	[0 0 0 0 0 0]	[0 0 0 0 0 0]	[0 0 0 0 0 0]
42	0.14249999821186066	1.1150487661361694	0.6911253929138184	0.00018605071818456054	0.05068768188357353	0.37304967641830444	False	[0 0 0 1 0 0]	[0 0 0 1 0 0]	[0 0 0 1 0 0]	[0 0 0 1 0 0]
42	0.125	1.109588623046875	0.6966009140014648	0.000182636285899207	0.0440002903342247	0.3688047528266907	False	[0 0 0 0 0 0]	[0 0 0 0 0 0]	[0 0 0 0 0 0]	[0 0 0 0 0 0]
42	0.12250000238418579	1.1151485443115234	0.6898790001869202	0.00019155525660607964	0.05093548819422722	0.37414252758026123	False	[0 0 0 1 0 0]	[0 0 0 1 0 0]	[0 0 0 1 0 0]	[0 0 0 1 0 0]
42	0.11999999731779099	1.1094863414764404	0.6958456039428711	0.00018268279382027686	0.04416356235742569	0.36929449439048767	False	[0 0 0 0 0 0]	[0 0 0 0 0 0]	[0 0 0 0 0 0]	[0 0 0 0 0 0]
43	0.125	1.1672407388687134	0.6366856694221497	0.00018093048129230738	0.03248231112957001	0.49789178371429443	False	[0 0 0 1 0 0]	[0 0 0 1 0 0]	[0 0 0 1 0 0]	[0 0 0 1 0 0]
43	0.125	1.1641993522644043	0.6439191699028015	0.00018095463747158647	0.0295657180249691	0.4905334711074829	False	[0 0 0 0 0 0]	[0 0 0 0 0 0]	[0 0 0 0 0 0]	[0 0 0 0 0 0]
43	0.125	1.1670153141021729	0.6366792917251587	0.0001816529402276501	0.032294392585754395	0.4978598952293396	False	[0 0 0 1 0 0]	[0 0 0 1 0 0]	[0 0 0 1 0 0]	[0 0 0 1 0 0]
43	0.125	1.1655540466308594	0.6474300026893616	0.00017270800890401006	0.028881454840302467	0.4890698194503784	False	[0 0 0 0 0 0]	[0 0 0 0 0 0]	[0 0 0 0 0 0]	[0 0 0 0 0 0]
43	0.13249999284744263	1.168262243270874	0.6380844116210938	0.00018451007781550288	0.032681725919246674	0.4973115622997284	False	[0 0 0 1 0 0]	[0 0 0 1 0 0]	[0 0 0 1 0 0]	[0 0 0 1 0 0]
43	0.125	1.1653276681900024	0.6473289728164673	0.00017313876014668494	0.028887687250971794	0.4889378547668457	False	[0 0 0 0 0 0]	[0 0 0 0 0 0]	[0 0 0 0 0 0]	[0 0 0 0 0 0]
43	0.12250000238418579	1.1674120426177979	0.6385554671287537	0.00017779244808480144	0.03237469866871834	0.49630409479141235	False	[0 0 0 1 0 0]	[0 0 0 1 0 0]	[0 0 0 1 0 0]	[0 0 0 1 0 0]
43	0.12250000238418579	1.1658761501312256	0.6478644013404846	0.00017310050316154957	0.028894511982798576	0.48894423246383667	False	[0 0 0 0 0 0]	[0 0 0 0 0 0]	[0 0 0 0 0 0]	[0 0 0 0 0 0]
43	0.125	1.1668837070465088	0.6371819376945496	0.00017962521815206856	0.03229770064353943	0.49722450971603394	False	[0 0 0 1 0 0]	[0 0 0 1 0 0]	[0 0 0 1 0 0]	[0 0 0 1 0 0]
43	0.12999999523162842	1.1651127338409424	0.6455353498458862	0.00017733991262502968	0.029261814430356026	0.4901381731033325	False	[0 0 0 0 0 0]	[0 0 0 0 0 0]	[0 0 0 0 0 0]	[0 0 0 0 0 0]
43	0.125	1.1671645641326904	0.6381043195724487	0.00018082484893966466	0.032293181866407394	0.4965861439704895	False	[0 0 0 1 0 0]	[0 0 0 1 0 0]	[0 0 0 1 0 0]	[0 0 0 1 0 0]
43	0.125	1.1654670238494873	0.6469467878341675	0.00017519277753308415	0.02901412546634674	0.4893310070037842	False	[0 0 0 0 0 0]	[0 0 0 0 0 0]	[0 0 0 0 0 0]	[0 0 0 0 0 0]
43	0.12250000238418579	1.1668623685836792	0.6372979879379272	0.0001812413102015853	0.03233703225851059	0.4970461130142212	False	[0 0 0 1 0 0]	[0 0 0 1 0 0]	[0 0 0 1 0 0]	[0 0 0 1 0 0]
43	0.125	1.1661665439605713	0.6452531814575195	0.0001787107903510332	0.029520422220230103	0.4912142753601074	False	[0 0 0 0 0 0]	[0 0 0 0 0 0]	[0 0 0 0 0 0]	[0 0 0 0 0 0]
43	0.125	1.166500210762024	0.6381832957267761	0.00017926005239132792	0.03232104331254959	0.4958166480064392	False	[0 0 0 1 0 0]	[0 0 0 1 0 0]	[0 0 0 1 0 0]	[0 0 0 1 0 0]
43	0.11999999731779099	1.1637003421783447	0.6433641910552979	0.0001823344937292859	0.029450729489326477	0.49070310592651367	False	[0 0 0 0 0 0]	[0 0 0 0 0 0]	[0 0 0 0 0 0]	[0 0 0 0 0 0]
43	0.12999999523162842	1.1677782535552979	0.6380491256713867	0.00018148263916373253	0.032321371138095856	0.49722617864608765	False	[0 0 0 1 0 0]	[0 0 0 1 0 0]	[0 0 0 1 0 0]	[0 0 0 1 0 0]
43	0.11749999970197678	1.1648023128509521	0.6459926962852478	0.00017750481492839754	0.029114767909049988	0.4895173907279968	False	[0 0 0 0 0 0]	[0 0 0 0 0 0]	[0 0 0 0 0 0]	[0 0 0 0 0 0]
43	0.11999999731779099	1.1681337356567383	0.6382985711097717	0.00018081044254358858	0.032446034252643585	0.49720829725265503	False	[0 0 0 1 0 0]	[0 0 0 1 0 0]	[0 0 0 1 0 0]	[0 0 0 1 0 0]
43	0.125	1.1654117107391357	0.6465896368026733	0.00017400036449544132	0.029092207551002502	0.48955589532852173	False	[0 0 0 0 0 0]	[0 0 0 0 0 0]	[0 0 0 0 0 0]	[0 0 0 0 0 0]
43	0.125	1.167484998703003	0.6372532844543457	0.0001836294832173735	0.032441042363643646	0.4976070523262024	False	[0 0 0 1 0 0]	[0 0 0 1 0 0]	[0 0 0 1 0 0]	[0 0 0 1 0 0]
43	0.11749999970197678	1.1658433675765991	0.6454106569290161	0.00017882464453577995	0.029459848999977112	0.4907940924167633	False	[0 0 0 0 0 0]	[0 0 0 0 0 0]	[0 0 0 0 0 0]	[0 0 0 0 0 0]
43	0.125	1.1679930686950684	0.6380499601364136	0.00018233811715617776	0.03235817700624466	0.497402548789978	False	[0 0 0 1 0 0]	[0 0 0 1 0 0]	[0 0 0 1 0 0]	[0 0 0 1 0 0]
43	0.125	1.1651501655578613	0.6448365449905396	0.00017969384498428553	0.029452688992023468	0.49068117141723633	False	[0 0 0 0 0 0]	[0 0 0 0 0 0]	[0 0 0 0 0 0]	[0 0 0 0 0 0]
43	0.125	1.1672921180725098	0.639045238494873	0.00018202673527412117	0.03254501894116402	0.495519757270813	False	[0 0 0 1 0 0]	[0 0 0 1 0 0]	[0 0 0 1 0 0]	[0 0 0 1 0 0]
43	0.1274999976158142	1.1659948825836182	0.6470603942871094	0.0001736300328047946	0.029146920889616013	0.48961400985717773	False	[0 0 0 0 0 0]	[0 0 0 0 0 0]	[0 0 0 0 0 0]	[0 0 0 0 0 0]
43	0.125	1.1669124364852905	0.637964129447937	0.00018262496450915933	0.032422225922346115	0.4963434338569641	False	[0 0 0 1 0 0]	[0 0 0 1 0 0]	[0 0 0 1 0 0]	[0 0 0 1 0 0]
43	0.125	1.1662147045135498	0.6453602313995361	0.0001793403789633885	0.02939925342798233	0.4912757873535156	False	[0 0 0 0 0 0]	[0 0 0 0 0 0]	[0 0 0 0 0 0]	[0 0 0 0 0 0]
43	0.125	1.1671257019042969	0.6370906829833984	0.0001804197090677917	0.03241991996765137	0.49743467569351196	False	[0 0 0 1 0 0]	[0 0 0 1 0 0]	[0 0 0 1 0 0]	[0 0 0 1 0 0]
43	0.11749999970197678	1.165034532546997	0.6434885263442993	0.0001843860954977572	0.02952895313501358	0.4918326437473297	False	[0 0 0 0 0 0]	[0 0 0 0 0 0]	[0 0 0 0 0 0]	[0 0 0 0 0 0]
44	0.13249999284744263	1.205705165863037	0.6955509781837463	0.0001456026075175032	0.050674937665462494	0.4593336582183838	False	[1 0 0 0 0 0]	[0 0 0 1 0 0]	[0 0 0 1 0 0]	[0 0 0 1 0 0]
44	0.12999999523162842	1.2203519344329834	0.6980929374694824	0.00017944289720617235	0.042533643543720245	0.4795459508895874	False	[0 0 0 0 0 0]	[0 0 0 0 0 0]	[0 0 0 0 0 0]	[0 0 0 0 0 0]
44	0.13750000298023224	1.1957604885101318	0.6947181820869446	0.00014171164366416633	0.0509350523352623	0.44996559619903564	False	[1 0 0 0 0 0]	[0 0 0 1 0 0]	[0 0 0 1 0 0]	[0 0 0 1 0 0]
44	0.125	1.222148060798645	0.6980545520782471	0.00017982594727072865	0.043060652911663055	0.48085305094718933	False	[0 0 0 0 0 0]	[0 0 0 0 0 0]	[0 0 0 0 0 0]	[0 0 0 0 0 0]
44	0.12999999523162842	1.1991678476333618	0.6947898864746094	0.0001382327900500968	0.049663666635751724	0.4545760750770569	False	[1 0 0 0 0 0]	[0 0 0 1 0 0]	[0 0 0 1 0 0]	[0 0 0 1 0 0]
44	0.11500000208616257	1.2180356979370117	0.6976742744445801	0.00017279315216001123	0.042124614119529724	0.4780639410018921	False	[0 0 0 0 0 0]	[0 0 0 0 0 0]	[0 0 0 0 0 0]	[0 0 0 0 0 0]
44	0.13500000536441803	1.2007722854614258	0.6951988339424133	0.0001415037113474682	0.05005991458892822	0.4553719758987427	False	[1 0 0 0 0 0]	[0 0 0 1 0 0]	[0 0 0 1 0 0]	[0 0 0 1 0 0]
44	0.125	1.2197006940841675	0.6977354288101196	0.00017325399676337838	0.042111266404390335	0.47968071699142456	False	[0 0 0 0 0 0]	[0 0 0 0 0 0]	[0 0 0 0 0 0]	[0 0 0 0 0 0]
44	0.14000000059604645	1.2021639347076416	0.6948754787445068	0.00013827980728819966	0.04875420778989792	0.45839595794677734	False	[1 0 0 0 0 0]	[0 0 0 1 0 0]	[0 0 0 1 0 0]	[0 0 0 1 0 0]
44	0.125	1.2219312191009521	0.6982157826423645	0.00018251893925480545	0.04277851805090904	0.48075437545776367	False	[0 0 0 0 0 0]	[0 0 0 0 0 0]	[0 0 0 0 0 0]	[0 0 0 0 0 0]
44	0.13500000536441803	1.197025179862976	0.6946886777877808	0.0001406215742463246	0.049811553210020065	0.452384352684021	False	[1 0 0 0 0 0]	[0 0 0 1 0 0]	[0 0 0 1 0 0]	[0 0 0 1 0 0]
44	0.12250000238418579	1.2157021760940552	0.6973222494125366	0.00017211695376317948	0.041758693754673004	0.4764491021633148	False	[0 0 0 0 0 0]	[0 0 0 0 0 0]	[0 0 0 0 0 0]	[0 0 0 0 0 0]
44	0.1274999976158142	1.2008450031280518	0.6948696374893188	0.0001383825292577967	0.04902828857302666	0.4568086862564087	False	[1 0 0 0 0 0]	[0 0 0 1 0 0]	[0 0 0 1 0 0]	[0 0 0 1 0 0]
44	0.11999999731779099	1.223472237586975	0.6983141899108887	0.00017850362928584218	0.04285437986254692	0.4821251928806305	False	[0 0 0 0 0 0]	[0 0 0 0 0 0]	[0 0 0 0 0 0]	[0 0 0 0 0 0]
44	0.1274999976158142	1.199317455291748	0.6949758529663086	0.00014269622624851763	0.0500803142786026	0.45411860942840576	False	[1 0 0 0 0 0]	[0 0 0 1 0 0]	[0 0 0 1 0 0]	[0 0 0 1 0 0]
44	0.125	1.217913031578064	0.6977458000183105	0.00017395350732840598	0.0421304851770401	0.4778628647327423	False	[0 0 0 0 0 0]	[0 0 0 0 0 0]	[0 0 0 0 0 0]	[0 0 0 0 0 0]
44	0.14000000059604645	1.1985057592391968	0.6947386264801025	0.0001377100998070091	0.049638234078884125	0.45399120450019836	False	[1 0 0 0 0 0]	[0 0 0 1 0 0]	[0 0 0 1 0 0]	[0 0 0 1 0 0]
44	0.12250000238418579	1.2217625379562378	0.6981642246246338	0.00018094302504323423	0.04257311299443245	0.48084425926208496	False	[0 0 0 0 0 0]	[0 0 0 0 0 0]	[0 0 0 0 0 0]	[0 0 0 0 0 0]
44	0.14000000059604645	1.197707176208496	0.6943920850753784	0.00013330437650438398	0.04781711846590042	0.45536476373672485	False	[1 0 0 0 0 0]	[0 0 0 1 0 0]	[0 0 0 1 0 0]	[0 0 0 1 0 0]
44	0.125	1.2163147926330566	0.6972798109054565	0.00016859233437571675	0.042255841195583344	0.47661060094833374	False	[0 0 0 0 0 0]	[0 0 0 0 0 0]	[0 0 0 0 0 0]	[0 0 0 0 0 0]
44	0.13500000536441803	1.194570541381836	0.6948676109313965	0.00014222381287254393	0.05185415595769882	0.44770652055740356	False	[1 0 0 0 0 0]	[0 0 0 1 0 0]	[0 0 0 1 0 0]	[0 0 0 1 0 0]
44	0.1274999976158142	1.2175920009613037	0.6974992752075195	0.0001731389493215829	0.04203485697507858	0.4778847098350525	False	[0 0 0 0 0 0]	[0 0 0 0 0 0]	[0 0 0 0 0 0]	[0 0 0 0 0 0]
44	0.1274999976158142	1.2030328512191772	0.6954164505004883	0.0001434680016245693	0.05062820017337799	0.4568447172641754	False	[1 0 0 0 0 0]	[0 0 0 1 0 0]	[0 0 0 1 0 0]	[0 0 0 1 0 0]
44	0.125	1.2191530466079712	0.6975780725479126	0.000172216838109307	0.04247254505753517	0.47893026471138	False	[0 0 0 0 0 0]	[0 0 0 0 0 0]	[0 0 0 0 0 0]	[0 0 0 0 0 0]
44	0.14000000059604645	1.20084810256958	0.6955973505973816	0.00014412272139452398	0.0517403781414032	0.453366219997406	False	[1 0 0 0 0 0]	[0 0 0 1 0 0]	[0 0 0 1 0 0]	[0 0 0 1 0 0]
44	0.11999999731779099	1.220790982246399	0.6979784965515137	0.00017680332530289888	0.04251156747341156	0.4801241159439087	False	[0 0 0 0 0 0]	[0 0 0 0 0 0]	[0 0 0 0 0 0]	[0 0 0 0 0 0]
44	0.12999999523162842	1.1933467388153076	0.6943208575248718	0.00013996455527376384	0.04972175508737564	0.44916418194770813	False	[1 0 0 0 0 0]	[0 0 0 1 0 0]	[0 0 0 1 0 0]	[0 0 0 1 0 0]
44	0.12999999523162842	1.219191074371338	0.69777512550354	0.00017585433670319617	0.04267243668437004	0.4785676598548889	False	[0 0 0 0 0 0]	[0 0 0 0 0 0]	[0 0 0 0 0 0]	[0 0 0 0 0 0]
44	0.14000000059604645	1.2008254528045654	0.6951379776000977	0.00014001734962221235	0.04993583261966705	0.45561161637306213	False	[1 0 0 0 0 0]	[0 0 0 1 0 0]	[0 0 0 1 0 0]	[0 0 0 1 0 0]
44	0.12250000238418579	1.22023344039917	0.6976779699325562	0.00017798012413550168	0.0425337553024292	0.47984370589256287	False	[0 0 0 0 0 0]	[0 0 0 0 0 0]	[0 0 0 0 0 0]	[0 0 0 0 0 0]
45	0.13500000536441803	1.0509707927703857	0.6392388343811035	0.00026360544143244624	0.019580677151679993	0.3918876051902771	False	[1 0 0 0 0 0]	[0 0 0 1 0 0]	[0 0 0 1 0 0]	[0 0 0 1 0 0]
45	0.12250000238418579	1.0481295585632324	0.6342126131057739	0.0003583614598028362	0.015138830058276653	0.3984198570251465	False	[0 0 0 0 0 0]	[0 0 0 0 0 0]	[0 0 0 0 0 0]	[0 0 0 0 0 0]
45	0.14000000059604645	1.0502793788909912	0.6392771005630493	0.0002580927684903145	0.019582195207476616	0.3911619782447815	False	[1 0 0 0 0 0]	[0 0 0 1 0 0]	[0 0 0 1 0 0]	[0 0 0 1 0 0]
45	0.12250000238418579	1.047381043434143	0.633612871170044	0.0003657026682049036	0.014978756196796894	0.3984237015247345	False	[0 0 0 0 0 0]	[0 0 0 0 0 0]	[0 0 0 0 0 0]	[0 0 0 0 0 0]
45	0.13750000298023224	1.0487897396087646	0.6385698318481445	0.0002579165156930685	0.019590523093938828	0.39037150144577026	False	[1 0 0 0 0 0]	[0 0 0 1 0 0]	[0 0 0 1 0 0]	[0 0 0 1 0 0]
45	0.11999999731779099	1.046602725982666	0.6336460709571838	0.0003608659317251295	0.014889276586472988	0.3977065682411194	False	[0 0 0 0 0 0]	[0 0 0 0 0 0]	[0 0 0 0 0 0]	[0 0 0 0 0 0]
45	0.12999999523162842	1.05202317237854	0.6400258541107178	0.00025906210066750646	0.01930508017539978	0.39243313670158386	False	[1 0 0 0 0 0]	[0 0 0 1 0 0]	[0 0 0 1 0 0]	[0 0 0 1 0 0]
45	0.12250000238418579	1.0488741397857666	0.6341311931610107	0.00034456068533472717	0.015574001707136631	0.3988243341445923	False	[0 0 0 0 0 0]	[0 0 0 0 0 0]	[0 0 0 0 0 0]	[0 0 0 0 0 0]
45	0.125	1.0521299839019775	0.6402539014816284	0.000257473235251382	0.018757589161396027	0.3928609788417816	False	[1 0 0 0 0 0]	[0 0 0 1 0 0]	[0 0 0 1 0 0]	[0 0 0 1 0 0]
45	0.12250000238418579	1.0485923290252686	0.6350797414779663	0.0003620358766056597	0.014935383573174477	0.398215115070343	False	[0 0 0 0 0 0]	[0 0 0 0 0 0]	[0 0 0 0 0 0]	[0 0 0 0 0 0]
45	0.14000000059604645	1.0534729957580566	0.6411581039428711	0.0002554514794610441	0.01920514553785324	0.392854243516922	False	[1 0 0 0 0 0]	[0 0 0 1 0 0]	[0 0 0 1 0 0]	[0 0 0 1 0 0]
45	0.125	1.0482349395751953	0.6352068185806274	0.0003588003455661237	0.014977860264480114	0.3976914882659912	False	[0 0 0 0 0 0]	[0 0 0 0 0 0]	[0 0 0 0 0 0]	[0 0 0 0 0 0]
45	0.14499999582767487	1.052701473236084	0.6403986215591431	0.00025911006378009915	0.019425494596362114	0.3926182687282562	False	[1 0 0 0 0 0]	[0 0 0 1 0 0]	[0 0 0 1 0 0]	[0 0 0 1 0 0]
45	0.125	1.0467848777770996	0.6332664489746094	0.0003602809156291187	0.01502150297164917	0.3981366753578186	False	[0 0 0 0 0 0]	[0 0 0 0 0 0]	[0 0 0 0 0 0]	[0 0 0 0 0 0]
45	0.14749999344348907	1.0484542846679688	0.6382906436920166	0.00025364640168845654	0.0196498055011034	0.39026015996932983	False	[1 0 0 0 0 0]	[0 0 0 1 0 0]	[0 0 0 1 0 0]	[0 0 0 1 0 0]
45	0.12250000238418579	1.0484232902526855	0.6341047286987305	0.0003508546797093004	0.015294334851205349	0.39867347478866577	False	[0 0 0 0 0 0]	[0 0 0 0 0 0]	[0 0 0 0 0 0]	[0 0 0 0 0 0]
45	0.12999999523162842	1.0520045757293701	0.639203667640686	0.00026148202596232295	0.018984142690896988	0.39355525374412537	False	[1 0 0 0 0 0]	[0 0 0 1 0 0]	[0 0 0 1 0 0]	[0 0 0 1 0 0]
45	0.125	1.0485159158706665	0.6346698999404907	0.0003596161841414869	0.015081649646162987	0.3984047770500183	False	[0 0 0 0 0 0]	[0 0 0 0 0 0]	[0 0 0 0 0 0]	[0 0 0 0 0 0]
45	0.15000000596046448	1.0515691041946411	0.6382564306259155	0.0002615675039123744	0.01849406026303768	0.39455708861351013	False	[1 0 0 0 0 0]	[0 0 0 1 0 0]	[0 0 0 1 0 0]	[0 0 0 1 0 0]
45	0.12999999523162842	1.0458557605743408	0.6330867409706116	0.0003701457753777504	0.014785410836338997	0.39761340618133545	False	[0 0 0 0 0 0]	[0 0 0 0 0 0]	[0 0 0 0 0 0]	[0 0 0 0 0 0]
45	0.12999999523162842	1.0509240627288818	0.6388280987739563	0.00026138967950828373	0.019167976453900337	0.39266666769981384	False	[1 0 0 0 0 0]	[0 0 0 1 0 0]	[0 0 0 1 0 0]	[0 0 0 1 0 0]
45	0.125	1.0472017526626587	0.6347143650054932	0.00035839361953549087	0.014809937216341496	0.3973189890384674	False	[0 0 0 0 0 0]	[0 0 0 0 0 0]	[0 0 0 0 0 0]	[0 0 0 0 0 0]
45	0.15000000596046448	1.0520758628845215	0.639752984046936	0.0002635786368045956	0.019374094903469086	0.3926852345466614	False	[1 0 0 0 0 0]	[0 0 0 1 0 0]	[0 0 0 1 0 0]	[0 0 0 1 0 0]
45	0.12250000238418579	1.048130750656128	0.6350139379501343	0.00036313102464191616	0.014990979805588722	0.3977627754211426	False	[0 0 0 0 0 0]	[0 0 0 0 0 0]	[0 0 0 0 0 0]	[0 0 0 0 0 0]
45	0.14749999344348907	1.0546751022338867	0.6414236426353455	0.0002642342005856335	0.019378745928406715	0.3936085104942322	False	[1 0 0 0 0 0]	[0 0 0 1 0 0]	[0 0 0 1 0 0]	[0 0 0 1 0 0]
45	0.12250000238418579	1.047440528869629	0.6334013342857361	0.0003682023088913411	0.014973746612668037	0.39869722723960876	False	[0 0 0 0 0 0]	[0 0 0 0 0 0]	[0 0 0 0 0 0]	[0 0 0 0 0 0]
45	0.14249999821186066	1.0521860122680664	0.6386721134185791	0.00026991908089257777	0.01870683766901493	0.39453721046447754	False	[1 0 0 0 0 0]	[0 0 0 1 0 0]	[0 0 0 1 0 0]	[0 0 0 1 0 0]
45	0.12250000238418579	1.0480237007141113	0.6348422169685364	0.0003604272205848247	0.015049027279019356	0.39777207374572754	False	[0 0 0 0 0 0]	[0 0 0 0 0 0]	[0 0 0 0 0 0]	[0 0 0 0 0 0]
45	0.14000000059604645	1.0502071380615234	0.638604998588562	0.00026144893490709364	0.01950157806277275	0.3918391466140747	False	[1 0 0 0 0 0]	[0 0 0 1 0 0]	[0 0 0 1 0 0]	[0 0 0 1 0 0]
45	0.125	1.0474882125854492	0.6335830688476562	0.0003593959554564208	0.01510866079479456	0.3984370231628418	False	[0 0 0 0 0 0]	[0 0 0 0 0 0]	[0 0 0 0 0 0]	[0 0 0 0 0 0]
46	0.1274999976158142	1.2108612060546875	0.5869410634040833	0.0011000725207850337	0.029475316405296326	0.5933446884155273	False	[1 0 0 0 0 0]	[0 0 0 1 0 0]	[0 0 0 1 0 0]	[0 0 0 1 0 0]
46	0.11999999731779099	1.2621946334838867	0.6208846569061279	0.0019811352249234915	0.021714752539992332	0.6176141500473022	False	[0 0 0 0 0 0]	[0 0 0 0 0 0]	[0 0 0 0 0 0]	[0 0 0 0 0 0]
46	0.13249999284744263	1.194908618927002	0.5798697471618652	0.0009686166304163635	0.030340462923049927	0.5837297439575195	False	[1 0 0 0 0 0]	[0 0 0 1 0 0]	[0 0 0 1 0 0]	[0 0 0 1 0 0]
46	0.125	1.2611217498779297	0.6193610429763794	0.0019116973271593451	0.022039594128727913	0.6178094148635864	False	[0 0 0 0 0 0]	[0 0 0 0 0 0]	[0 0 0 0 0 0]	[0 0 0 0 0 0]
46	0.15000000596046448	1.2092468738555908	0.585684061050415	0.001099538174457848	0.029465358704328537	0.5929979085922241	False	[1 0 0 0 0 0]	[0 0 0 1 0 0]	[0 0 0 1 0 0]	[0 0 0 1 0 0]
46	0.125	1.2594945430755615	0.6204832792282104	0.001955757848918438	0.02180401422083378	0.6152515411376953	False	[0 0 0 0 0 0]	[0 0 0 0 0 0]	[0 0 0 0 0 0]	[0 0 0 0 0 0]
46	0.12999999523162842	1.2082867622375488	0.5859414935112	0.0010807181242853403	0.02952641434967518	0.591738224029541	False	[1 0 0 0 0 0]	[0 0 0 1 0 0]	[0 0 0 1 0 0]	[0 0 0 1 0 0]
46	0.12250000238418579	1.2658517360687256	0.6226553916931152	0.00203127833083272	0.021486571058630943	0.6196785569190979	False	[0 0 0 0 0 0]	[0 0 0 0 0 0]	[0 0 0 0 0 0]	[0 0 0 0 0 0]
46	0.14000000059604645	1.211653709411621	0.5888570547103882	0.001102767651900649	0.029411962255835533	0.5922819375991821	False	[1 0 0 0 0 0]	[0 0 0 1 0 0]	[0 0 0 1 0 0]	[0 0 0 1 0 0]
46	0.11500000208616257	1.2641576528549194	0.6213645935058594	0.0019905692897737026	0.02157975174486637	0.6192227602005005	False	[0 0 0 0 0 0]	[0 0 0 0 0 0]	[0 0 0 0 0 0]	[0 0 0 0 0 0]
46	0.13500000536441803	1.2078707218170166	0.5875256061553955	0.0010953891323879361	0.029389139264822006	0.5898605585098267	False	[1 0 0 0 0 0]	[0 0 0 1 0 0]	[0 0 0 1 0 0]	[0 0 0 1 0 0]
46	0.12250000238418579	1.2641165256500244	0.6221669912338257	0.0019435315625742078	0.021928861737251282	0.6180771589279175	False	[0 0 0 0 0 0]	[0 0 0 0 0 0]	[0 0 0 0 0 0]	[0 0 0 0 0 0]
46	0.14249999821186066	1.2175848484039307	0.5918401479721069	0.001146191731095314	0.02891010418534279	0.5956884622573853	False	[1 0 0 0 0 0]	[0 0 0 1 0 0]	[0 0 0 1 0 0]	[0 0 0 1 0 0]
46	0.1274999976158142	1.2643828392028809	0.6206638813018799	0.0020092749036848545	0.021542513743042946	0.6201671361923218	False	[0 0 0 0 0 0]	[0 0 0 0 0 0]	[0 0 0 0 0 0]	[0 0 0 0 0 0]
46	0.13249999284744263	1.2083818912506104	0.5868927240371704	0.0010711840586736798	0.02976246550679207	0.5906555652618408	False	[1 0 0 0 0 0]	[0 0 0 1 0 0]	[0 0 0 1 0 0]	[0 0 0 1 0 0]
46	0.11999999731779099	1.2625906467437744	0.6205915212631226	0.0019809554796665907	0.021753905341029167	0.6182641983032227	False	[0 0 0 0 0 0]	[0 0 0 0 0 0]	[0 0 0 0 0 0]	[0 0 0 0 0 0]
46	0.14249999821186066	1.2050678730010986	0.5838130712509155	0.0010603831615298986	0.0299613568931818	0.5902331471443176	False	[1 0 0 0 0 0]	[0 0 0 1 0 0]	[0 0 0 1 0 0]	[0 0 0 1 0 0]
46	0.11500000208616257	1.264359712600708	0.6230005025863647	0.0020150733180344105	0.021454056724905968	0.6178901791572571	False	[0 0 0 0 0 0]	[0 0 0 0 0 0]	[0 0 0 0 0 0]	[0 0 0 0 0 0]
46	0.13750000298023224	1.210392713546753	0.5887620449066162	0.0010993615724146366	0.029243620112538338	0.5912876725196838	False	[1 0 0 0 0 0]	[0 0 0 1 0 0]	[0 0 0 1 0 0]	[0 0 0 1 0 0]
46	0.125	1.2632324695587158	0.6210322380065918	0.0019962829537689686	0.021766692399978638	0.6184372305870056	False	[0 0 0 0 0 0]	[0 0 0 0 0 0]	[0 0 0 0 0 0]	[0 0 0 0 0 0]
46	0.13249999284744263	1.2031073570251465	0.5871962904930115	0.001063892850652337	0.029477274045348167	0.5853698253631592	False	[1 0 0 0 0 0]	[0 0 0 1 0 0]	[0 0 0 1 0 0]	[0 0 0 1 0 0]
46	0.11999999731779099	1.2649480104446411	0.6209410429000854	0.0020272163674235344	0.021567149087786674	0.6204125881195068	False	[0 0 0 0 0 0]	[0 0 0 0 0 0]	[0 0 0 0 0 0]	[0 0 0 0 0 0]
46	0.1274999976158142	1.2079720497131348	0.5856990814208984	0.0010634100763127208	0.030069543048739433	0.5911399722099304	False	[1 0 0 0 0 0]	[0 0 0 1 0 0]	[0 0 0 1 0 0]	[0 0 0 1 0 0]
46	0.12250000238418579	1.2617889642715454	0.6198818683624268	0.0020278342999517918	0.021511785686016083	0.6183674931526184	False	[0 0 0 0 0 0]	[0 0 0 0 0 0]	[0 0 0 0 0 0]	[0 0 0 0 0 0]
46	0.13249999284744263	1.2117300033569336	0.5874811410903931	0.0011126379249617457	0.02919105999171734	0.5939451456069946	False	[1 0 0 0 0 0]	[0 0 0 1 0 0]	[0 0 0 1 0 0]	[0 0 0 1 0 0]
46	0.125	1.264197587966919	0.6220254898071289	0.001968800788745284	0.021959125995635986	0.6182442307472229	False	[0 0 0 0 0 0]	[0 0 0 0 0 0]	[0 0 0 0 0 0]	[0 0 0 0 0 0]
46	0.1599999964237213	1.2059906721115112	0.5851042866706848	0.0010654032230377197	0.029876012355089188	0.5899449586868286	False	[1 0 0 0 0 0]	[0 0 0 1 0 0]	[0 0 0 1 0 0]	[0 0 0 1 0 0]
46	0.12250000238418579	1.2606585025787354	0.6205674409866333	0.0019794004037976265	0.02148648351430893	0.6166252493858337	False	[0 0 0 0 0 0]	[0 0 0 0 0 0]	[0 0 0 0 0 0]	[0 0 0 0 0 0]
46	0.14249999821186066	1.2100427150726318	0.5873916149139404	0.0010901045752689242	0.02963128872215748	0.5919296741485596	False	[1 0 0 0 0 0]	[0 0 0 1 0 0]	[0 0 0 1 0 0]	[0 0 0 1 0 0]
46	0.125	1.2625927925109863	0.6204826831817627	0.002022100379690528	0.021388864144682884	0.6186991930007935	False	[0 0 0 0 0 0]	[0 0 0 0 0 0]	[0 0 0 0 0 0]	[0 0 0 0 0 0]
47	0.14499999582767487	1.0469107627868652	0.565763533115387	0.0002531547797843814	0.008430560119450092	0.47246354818344116	False	[1 0 0 0 0 0]	[0 0 0 1 0 0]	[0 0 0 1 0 0]	[0 0 0 1 0 0]
47	0.12250000238418579	1.1494650840759277	0.6104562282562256	0.00037207899731583893	0.008585409261286259	0.5300514101982117	False	[0 0 0 0 0 0]	[0 0 0 0 0 0]	[0 0 0 0 0 0]	[0 0 0 0 0 0]
47	0.13249999284744263	1.053222417831421	0.5691384673118591	0.00025308720069006085	0.008468893356621265	0.4753619432449341	False	[1 0 0 0 0 0]	[0 0 0 1 0 0]	[0 0 0 1 0 0]	[0 0 0 1 0 0]
47	0.11999999731779099	1.1405465602874756	0.600622296333313	0.00037331448402255774	0.008583327755331993	0.5309675931930542	False	[0 0 0 0 0 0]	[0 0 0 0 0 0]	[0 0 0 0 0 0]	[0 0 0 0 0 0]
47	0.14000000059604645	1.051244854927063	0.5699920654296875	0.00024166789080481976	0.008691243827342987	0.4723198115825653	False	[1 0 0 0 0 0]	[0 0 0 1 0 0]	[0 0 0 1 0 0]	[0 0 0 1 0 0]
47	0.12250000238418579	1.1585566997528076	0.6187738180160522	0.000385089690098539	0.008444057777523994	0.5309537053108215	False	[0 0 0 0 0 0]	[0 0 0 0 0 0]	[0 0 0 0 0 0]	[0 0 0 0 0 0]
47	0.13249999284744263	1.0567944049835205	0.5710949301719666	0.0002541708527132869	0.008384373970329762	0.4770609736442566	False	[1 0 0 0 0 0]	[0 0 0 1 0 0]	[0 0 0 1 0 0]	[0 0 0 1 0 0]
47	0.12250000238418579	1.1528534889221191	0.6138207912445068	0.00037871586391702294	0.00849806796759367	0.5301559567451477	False	[0 0 0 0 0 0]	[0 0 0 0 0 0]	[0 0 0 0 0 0]	[0 0 0 0 0 0]
47	0.14249999821186066	1.050215482711792	0.5669230222702026	0.0002553347439970821	0.008488789200782776	0.47454833984375	False	[1 0 0 0 0 0]	[0 0 0 1 0 0]	[0 0 0 1 0 0]	[0 0 0 1 0 0]
47	0.125	1.1407318115234375	0.603216826915741	0.00036993424873799086	0.008513565175235271	0.5286314487457275	False	[0 0 0 0 0 0]	[0 0 0 0 0 0]	[0 0 0 0 0 0]	[0 0 0 0 0 0]
47	0.12999999523162842	1.0494065284729004	0.5678229331970215	0.00024889991618692875	0.008677316829562187	0.47265738248825073	False	[1 0 0 0 0 0]	[0 0 0 1 0 0]	[0 0 0 1 0 0]	[0 0 0 1 0 0]
47	0.11999999731779099	1.1449006795883179	0.6075353026390076	0.0003712332108989358	0.008453739807009697	0.5285404324531555	False	[0 0 0 0 0 0]	[0 0 0 0 0 0]	[0 0 0 0 0 0]	[0 0 0 0 0 0]
47	0.13249999284744263	1.0461719036102295	0.5674098134040833	0.00024617466260679066	0.008479326963424683	0.47003668546676636	False	[1 0 0 0 0 0]	[0 0 0 1 0 0]	[0 0 0 1 0 0]	[0 0 0 1 0 0]
47	0.125	1.1603477001190186	0.6207457184791565	0.00037517657619901	0.008425936102867126	0.5308008790016174	False	[0 0 0 0 0 0]	[0 0 0 0 0 0]	[0 0 0 0 0 0]	[0 0 0 0 0 0]
47	0.12999999523162842	1.053114652633667	0.5699200630187988	0.0002502721326891333	0.008389601483941078	0.47455471754074097	False	[1 0 0 0 0 0]	[0 0 0 1 0 0]	[0 0 0 1 0 0]	[0 0 0 1 0 0]
47	0.12250000238418579	1.1585181951522827	0.6180372834205627	0.00038620296982116997	0.008459256030619144	0.5316354632377625	False	[0 0 0 0 0 0]	[0 0 0 0 0 0]	[0 0 0 0 0 0]	[0 0 0 0 0 0]
47	0.13750000298023224	1.0537335872650146	0.5715709924697876	0.00024915364338085055	0.008362782187759876	0.4735507369041443	False	[1 0 0 0 0 0]	[0 0 0 1 0 0]	[0 0 0 1 0 0]	[0 0 0 1 0 0]
47	0.125	1.1453204154968262	0.6072717308998108	0.000385195977287367	0.008462056517601013	0.529201328754425	False	[0 0 0 0 0 0]	[0 0 0 0 0 0]	[0 0 0 0 0 0]	[0 0 0 0 0 0]
47	0.1550000011920929	1.0511746406555176	0.5693919062614441	0.0002523286093492061	0.008526443503797054	0.47300395369529724	False	[1 0 0 0 0 0]	[0 0 0 1 0 0]	[0 0 0 1 0 0]	[0 0 0 1 0 0]
47	0.12250000238418579	1.1540535688400269	0.6153892278671265	0.00037499418249353766	0.008445425890386105	0.5298439264297485	False	[0 0 0 0 0 0]	[0 0 0 0 0 0]	[0 0 0 0 0 0]	[0 0 0 0 0 0]
47	0.12999999523162842	1.0510272979736328	0.5690959095954895	0.0002532114740461111	0.00849488377571106	0.47318321466445923	False	[1 0 0 0 0 0]	[0 0 0 1 0 0]	[0 0 0 1 0 0]	[0 0 0 1 0 0]
47	0.125	1.1500203609466553	0.6123376488685608	0.00037608371349051595	0.00842342246323824	0.5288830995559692	False	[0 0 0 0 0 0]	[0 0 0 0 0 0]	[0 0 0 0 0 0]	[0 0 0 0 0 0]
47	0.14499999582767487	1.0518438816070557	0.5701106786727905	0.0002464228018652648	0.00849812664091587	0.47298872470855713	False	[1 0 0 0 0 0]	[0 0 0 1 0 0]	[0 0 0 1 0 0]	[0 0 0 1 0 0]
47	0.11999999731779099	1.1541948318481445	0.6178235411643982	0.00037733197677880526	0.008417174220085144	0.527576744556427	False	[0 0 0 0 0 0]	[0 0 0 0 0 0]	[0 0 0 0 0 0]	[0 0 0 0 0 0]
47	0.14499999582767487	1.0570144653320312	0.5713214874267578	0.0002553301746957004	0.008497144095599651	0.47694045305252075	False	[1 0 0 0 0 0]	[0 0 0 1 0 0]	[0 0 0 1 0 0]	[0 0 0 1 0 0]
47	0.12250000238418579	1.1524426937103271	0.6153234839439392	0.0003753822238650173	0.008385618217289448	0.5283581614494324	False	[0 0 0 0 0 0]	[0 0 0 0 0 0]	[0 0 0 0 0 0]	[0 0 0 0 0 0]
47	0.13500000536441803	1.054848551750183	0.5704900622367859	0.00024943871540017426	0.008510459214448929	0.47559860348701477	False	[1 0 0 0 0 0]	[0 0 0 1 0 0]	[0 0 0 1 0 0]	[0 0 0 1 0 0]
47	0.11999999731779099	1.1495392322540283	0.6120110750198364	0.0003812833165284246	0.008398153819143772	0.5287487506866455	False	[0 0 0 0 0 0]	[0 0 0 0 0 0]	[0 0 0 0 0 0]	[0 0 0 0 0 0]
47	0.13750000298023224	1.0540404319763184	0.5699620246887207	0.00025137458578683436	0.008605736307799816	0.4752213954925537	False	[1 0 0 0 0 0]	[0 0 0 1 0 0]	[0 0 0 1 0 0]	[0 0 0 1 0 0]
47	0.12250000238418579	1.1552376747131348	0.6155037879943848	0.0003812364302575588	0.008521188981831074	0.530831515789032	False	[0 0 0 0 0 0]	[0 0 0 0 0 0]	[0 0 0 0 0 0]	[0 0 0 0 0 0]
48	0.12999999523162842	1.0198050737380981	0.46923619508743286	0.0001381322945235297	0.004512838553637266	0.5459179282188416	False	[1 0 0 0 0 0]	[0 0 0 1 0 0]	[0 0 0 1 0 0]	[0 0 0 1 0 0]
48	0.11749999970197678	1.116729974746704	0.6026270389556885	0.00023005476396065205	0.0037752599455416203	0.5100975632667542	False	[0 0 0 0 0 0]	[0 0 0 0 0 0]	[0 0 0 0 0 0]	[0 0 0 0 0 0]
48	0.14499999582767487	1.026277780532837	0.48488789796829224	0.00014319484762381762	0.004386486019939184	0.5368602275848389	False	[1 0 0 0 0 0]	[0 0 0 1 0 0]	[0 0 0 1 0 0]	[0 0 0 1 0 0]
48	0.11999999731779099	1.1170542240142822	0.6052695512771606	0.00023267281358130276	0.003731883829459548	0.5078200101852417	False	[0 0 0 0 0 0]	[0 0 0 0 0 0]	[0 0 0 0 0 0]	[0 0 0 0 0 0]
48	0.12999999523162842	1.0237892866134644	0.47014135122299194	0.00012721664097625762	0.004571416415274143	0.5489493012428284	False	[1 0 0 0 0 0]	[0 0 0 1 0 0]	[0 0 0 1 0 0]	[0 0 0 1 0 0]
48	0.12250000238418579	1.113873839378357	0.5947545170783997	0.00022724962036591023	0.003844196442514658	0.5150478482246399	False	[0 0 0 0 0 0]	[0 0 0 0 0 0]	[0 0 0 0 0 0]	[0 0 0 0 0 0]
48	0.13750000298023224	1.0155667066574097	0.459125280380249	0.00012966245412826538	0.004686846397817135	0.5516249537467957	False	[1 0 0 0 0 0]	[0 0 0 1 0 0]	[0 0 0 1 0 0]	[0 0 0 1 0 0]
48	0.12250000238418579	1.1110906600952148	0.596979558467865	0.00022615109628532082	0.0037021329626441	0.510182797908783	False	[0 0 0 0 0 0]	[0 0 0 0 0 0]	[0 0 0 0 0 0]	[0 0 0 0 0 0]
48	0.12999999523162842	1.0168241262435913	0.4681420922279358	0.0001385082141496241	0.004511562176048756	0.5440319180488586	False	[1 0 0 0 0 0]	[0 0 0 1 0 0]	[0 0 0 1 0 0]	[0 0 0 1 0 0]
48	0.12250000238418579	1.1187340021133423	0.6073840856552124	0.00022850590175949037	0.0036703129298985004	0.507451057434082	False	[0 0 0 0 0 0]	[0 0 0 0 0 0]	[0 0 0 0 0 0]	[0 0 0 0 0 0]
48	0.1274999976158142	1.0174670219421387	0.46910199522972107	0.00013925798702985048	0.004585855640470982	0.5436398983001709	False	[1 0 0 0 0 0]	[0 0 0 1 0 0]	[0 0 0 1 0 0]	[0 0 0 1 0 0]
48	0.1274999976158142	1.1104265451431274	0.5975406765937805	0.00022872327826917171	0.0037199249491095543	0.5089372396469116	False	[0 0 0 0 0 0]	[0 0 0 0 0 0]	[0 0 0 0 0 0]	[0 0 0 0 0 0]
48	0.13750000298023224	1.018397569656372	0.4632757902145386	0.0001308935898123309	0.004605598747730255	0.5503852963447571	False	[1 0 0 0 0 0]	[0 0 0 1 0 0]	[0 0 0 1 0 0]	[0 0 0 1 0 0]
48	0.12250000238418579	1.1131107807159424	0.59911048412323	0.00022296537645161152	0.0037334798835217953	0.5100438594818115	False	[0 0 0 0 0 0]	[0 0 0 0 0 0]	[0 0 0 0 0 0]	[0 0 0 0 0 0]
48	0.14749999344348907	1.0182104110717773	0.4681282341480255	0.00013389783271122724	0.004441894590854645	0.5455064177513123	False	[1 0 0 0 0 0]	[0 0 0 1 0 0]	[0 0 0 1 0 0]	[0 0 0 1 0 0]
48	0.11999999731779099	1.1150537729263306	0.6031866073608398	0.00022649559832643718	0.003692123806104064	0.5079485177993774	False	[0 0 0 0 0 0]	[0 0 0 0 0 0]	[0 0 0 0 0 0]	[0 0 0 0 0 0]
48	0.13249999284744263	1.0195854902267456	0.4736022353172302	0.00013615540228784084	0.004486969206482172	0.5413601398468018	False	[1 0 0 0 0 0]	[0 0 0 1 0 0]	[0 0 0 1 0 0]	[0 0 0 1 0 0]
48	0.125	1.113832712173462	0.6056629419326782	0.00024187967937905341	0.0036732179578393698	0.5042546987533569	False	[0 0 0 0 0 0]	[0 0 0 0 0 0]	[0 0 0 0 0 0]	[0 0 0 0 0 0]
48	0.13500000536441803	1.0220738649368286	0.4718058109283447	0.00013576875790022314	0.004477557726204395	0.5456547141075134	False	[1 0 0 0 0 0]	[0 0 0 1 0 0]	[0 0 0 1 0 0]	[0 0 0 1 0 0]
48	0.125	1.114485263824463	0.60292649269104	0.00024056455004028976	0.0037169104907661676	0.507601261138916	False	[0 0 0 0 0 0]	[0 0 0 0 0 0]	[0 0 0 0 0 0]	[0 0 0 0 0 0]
48	0.15000000596046448	1.017511248588562	0.4717938303947449	0.0001358801091555506	0.004423859063535929	0.5411576628684998	False	[1 0 0 0 0 0]	[0 0 0 1 0 0]	[0 0 0 1 0 0]	[0 0 0 1 0 0]
48	0.125	1.116483449935913	0.6005100011825562	0.00022887118393555284	0.0037128364201635122	0.5120316743850708	False	[0 0 0 0 0 0]	[0 0 0 0 0 0]	[0 0 0 0 0 0]	[0 0 0 0 0 0]
48	0.14000000059604645	1.0245859622955322	0.47052276134490967	0.00012872280785813928	0.004570392891764641	0.5493640899658203	False	[1 0 0 0 0 0]	[0 0 0 1 0 0]	[0 0 0 1 0 0]	[0 0 0 1 0 0]
48	0.11999999731779099	1.116287112236023	0.5991793274879456	0.00022711769270244986	0.003795426804572344	0.5130852460861206	False	[0 0 0 0 0 0]	[0 0 0 0 0 0]	[0 0 0 0 0 0]	[0 0 0 0 0 0]
48	0.14000000059604645	1.0210317373275757	0.4740068316459656	0.0001344267511740327	0.004466739948838949	0.5424237251281738	False	[1 0 0 0 0 0]	[0 0 0 1 0 0]	[0 0 0 1 0 0]	[0 0 0 1 0 0]
48	0.11999999731779099	1.1094003915786743	0.5894632339477539	0.0002273339341627434	0.0038420259952545166	0.5158678293228149	False	[0 0 0 0 0 0]	[0 0 0 0 0 0]	[0 0 0 0 0 0]	[0 0 0 0 0 0]
48	0.12999999523162842	1.0164868831634521	0.4631681740283966	0.00013574851618614048	0.004591326229274273	0.5485916137695312	False	[1 0 0 0 0 0]	[0 0 0 1 0 0]	[0 0 0 1 0 0]	[0 0 0 1 0 0]
48	0.12250000238418579	1.1141893863677979	0.5969345569610596	0.00023015249462332577	0.003819061676040292	0.5132056474685669	False	[0 0 0 0 0 0]	[0 0 0 0 0 0]	[0 0 0 0 0 0]	[0 0 0 0 0 0]
48	0.13249999284744263	1.0143312215805054	0.46291887760162354	0.00013405240315478295	0.00463815126568079	0.546640157699585	False	[1 0 0 0 0 0]	[0 0 0 1 0 0]	[0 0 0 1 0 0]	[0 0 0 1 0 0]
48	0.12250000238418579	1.11665940284729	0.5998921394348145	0.00022112589795142412	0.0037664424162358046	0.512779712677002	False	[0 0 0 0 0 0]	[0 0 0 0 0 0]	[0 0 0 0 0 0]	[0 0 0 0 0 0]
49	0.13500000536441803	0.6749629974365234	0.3198898136615753	0.0001158484083134681	0.005531510338187218	0.3494257926940918	False	[1 0 0 0 0 0]	[0 0 0 1 0 0]	[0 0 0 1 0 0]	[0 0 0 1 0 0]
49	0.11999999731779099	0.7629462480545044	0.3957148790359497	0.0002168639184674248	0.004218153189867735	0.3627963662147522	False	[0 0 0 0 0 0]	[0 0 0 0 0 0]	[0 0 0 0 0 0]	[0 0 0 0 0 0]
49	0.13249999284744263	0.6718379855155945	0.31686389446258545	0.00011556014942470938	0.005828273016959429	0.3490302562713623	False	[1 0 0 0 0 0]	[0 0 0 1 0 0]	[0 0 0 1 0 0]	[0 0 0 1 0 0]
49	0.125	0.7628135681152344	0.39464372396469116	0.00022321556753013283	0.004169951658695936	0.36377668380737305	False	[0 0 0 0 0 0]	[0 0 0 0 0 0]	[0 0 0 0 0 0]	[0 0 0 0 0 0]
49	0.13500000536441803	0.6697328686714172	0.31327325105667114	0.00011438427463872358	0.005590707063674927	0.3507545292377472	False	[1 0 0 0 0 0]	[0 0 0 1 0 0]	[0 0 0 1 0 0]	[0 0 0 1 0 0]
49	0.11500000208616257	0.7592744827270508	0.3939526081085205	0.0002164354082196951	0.004172559827566147	0.360932856798172	False	[0 0 0 0 0 0]	[0 0 0 0 0 0]	[0 0 0 0 0 0]	[0 0 0 0 0 0]
49	0.1550000011920929	0.6930945515632629	0.3339519500732422	0.0001179558239527978	0.005429401062428951	0.3535952568054199	False	[1 0 0 0 0 0]	[0 0 0 1 0 0]	[0 0 0 1 0 0]	[0 0 0 1 0 0]
49	0.11749999970197678	0.7604405283927917	0.39567795395851135	0.0002149781066691503	0.0041643171571195126	0.3603833019733429	False	[0 0 0 0 0 0]	[0 0 0 0 0 0]	[0 0 0 0 0 0]	[0 0 0 0 0 0]
49	0.125	0.6961232423782349	0.33457234501838684	0.00011618788994383067	0.005366472527384758	0.3560682237148285	False	[1 0 0 0 0 0]	[0 0 0 1 0 0]	[0 0 0 1 0 0]	[0 0 0 1 0 0]
49	0.125	0.764495849609375	0.3964540660381317	0.00022184416593518108	0.0041836402378976345	0.363636314868927	False	[0 0 0 0 0 0]	[0 0 0 0 0 0]	[0 0 0 0 0 0]	[0 0 0 0 0 0]
49	0.14749999344348907	0.6947265863418579	0.339445024728775	0.00012052404053974897	0.005218579433858395	0.34994250535964966	False	[1 0 0 0 0 0]	[0 0 0 1 0 0]	[0 0 0 1 0 0]	[0 0 0 1 0 0]
49	0.12250000238418579	0.7595033645629883	0.39447981119155884	0.0002138131094397977	0.004132641013711691	0.3606771230697632	False	[0 0 0 0 0 0]	[0 0 0 0 0 0]	[0 0 0 0 0 0]	[0 0 0 0 0 0]
49	0.15000000596046448	0.6576420068740845	0.2979681193828583	0.00010638502863002941	0.005805558525025845	0.3537619113922119	False	[1 0 0 0 0 0]	[0 0 0 1 0 0]	[0 0 0 1 0 0]	[0 0 0 1 0 0]
49	0.125	0.7615916728973389	0.3952852189540863	0.0002191524108638987	0.004225656855851412	0.36186158657073975	False	[0 0 0 0 0 0]	[0 0 0 0 0 0]	[0 0 0 0 0 0]	[0 0 0 0 0 0]
49	0.1550000011920929	0.6851198077201843	0.3275272846221924	0.00011752146383514628	0.0054787443950772285	0.3519962728023529	False	[1 0 0 0 0 0]	[0 0 0 1 0 0]	[0 0 0 1 0 0]	[0 0 0 1 0 0]
49	0.12999999523162842	0.7656568288803101	0.3992880582809448	0.00022178972722031176	0.004160420503467321	0.36198657751083374	False	[0 0 0 0 0 0]	[0 0 0 0 0 0]	[0 0 0 0 0 0]	[0 0 0 0 0 0]
49	0.1525000035762787	0.6782025098800659	0.32526206970214844	0.0001199587932205759	0.0055442387238144875	0.3472762405872345	False	[1 0 0 0 0 0]	[0 0 0 1 0 0]	[0 0 0 1 0 0]	[0 0 0 1 0 0]
49	0.12250000238418579	0.7678942680358887	0.4005449414253235	0.00022514566080644727	0.004151895642280579	0.3629722595214844	False	[0 0 0 0 0 0]	[0 0 0 0 0 0]	[0 0 0 0 0 0]	[0 0 0 0 0 0]
49	0.12999999523162842	0.6826454401016235	0.32186922430992126	0.00011456471838755533	0.005476654507219791	0.35518503189086914	False	[1 0 0 0 0 0]	[0 0 0 1 0 0]	[0 0 0 1 0 0]	[0 0 0 1 0 0]
49	0.125	0.7558332085609436	0.3911360204219818	0.0002143317979061976	0.004149889573454857	0.3603329658508301	False	[0 0 0 0 0 0]	[0 0 0 0 0 0]	[0 0 0 0 0 0]	[0 0 0 0 0 0]
49	0.14499999582767487	0.6844333410263062	0.33252620697021484	0.0001208464236697182	0.005257192067801952	0.346529096364975	False	[1 0 0 0 0 0]	[0 0 0 1 0 0]	[0 0 0 1 0 0]	[0 0 0 1 0 0]
49	0.125	0.7580184936523438	0.3923056125640869	0.0002117605326930061	0.004245661664754152	0.361255407333374	False	[0 0 0 0 0 0]	[0 0 0 0 0 0]	[0 0 0 0 0 0]	[0 0 0 0 0 0]
49	0.12999999523162842	0.6854591369628906	0.327440470457077	0.00011854508920805529	0.005365804769098759	0.35253432393074036	False	[1 0 0 0 0 0]	[0 0 0 1 0 0]	[0 0 0 1 0 0]	[0 0 0 1 0 0]
49	0.125	0.7736052870750427	0.4057037830352783	0.0002257004234706983	0.0041826036758720875	0.3634932041168213	False	[0 0 0 0 0 0]	[0 0 0 0 0 0]	[0 0 0 0 0 0]	[0 0 0 0 0 0]
49	0.13249999284744263	0.6765217781066895	0.3214870095252991	0.00011671415995806456	0.0055859265848994255	0.34933212399482727	False	[1 0 0 0 0 0]	[0 0 0 1 0 0]	[0 0 0 1 0 0]	[0 0 0 1 0 0]
49	0.12250000238418579	0.7627636194229126	0.3962053060531616	0.00022582929523196071	0.004162171855568886	0.3621702790260315	False	[0 0 0 0 0 0]	[0 0 0 0 0 0]	[0 0 0 0 0 0]	[0 0 0 0 0 0]
49	0.125	0.6703224778175354	0.3105921447277069	0.0001123572001233697	0.005738397594541311	0.35387957096099854	False	[1 0 0 0 0 0]	[0 0 0 1 0 0]	[0 0 0 1 0 0]	[0 0 0 1 0 0]
49	0.125	0.7533004283905029	0.38732874393463135	0.00021972197282593697	0.004115319345146418	0.3616366386413574	False	[0 0 0 0 0 0]	[0 0 0 0 0 0]	[0 0 0 0 0 0]	[0 0 0 0 0 0]
49	0.12999999523162842	0.6880441904067993	0.32736584544181824	0.00011367605475243181	0.005562743172049522	0.35500189661979675	False	[1 0 0 0 0 0]	[0 0 0 1 0 0]	[0 0 0 1 0 0]	[0 0 0 1 0 0]
49	0.125	0.7663649916648865	0.3985404372215271	0.00022377356071956456	0.004227166064083576	0.36337360739707947	False	[0 0 0 0 0 0]	[0 0 0 0 0 0]	[0 0 0 0 0 0]	[0 0 0 0 0 0]
50	0.1599999964237213	0.9164206981658936	0.4924626648426056	0.0001435606536688283	0.008440370671451092	0.41537410020828247	False	[1 0 0 0 0 0]	[0 0 0 1 0 0]	[0 0 0 1 0 0]	[0 0 0 1 0 0]
50	0.125	0.8370637893676758	0.4139912724494934	0.0003118746681138873	0.007692977786064148	0.4150676727294922	False	[0 0 0 0 0 0]	[0 0 0 0 0 0]	[0 0 0 0 0 0]	[0 0 0 0 0 0]
50	0.13750000298023224	0.9118606448173523	0.48655933141708374	0.00014480385289061815	0.008214392699301243	0.41694211959838867	False	[1 0 0 0 0 0]	[0 0 0 1 0 0]	[0 0 0 1 0 0]	[0 0 0 1 0 0]
50	0.125	0.8452141880989075	0.42385512590408325	0.0003159637562930584	0.00743999844416976	0.4136030972003937	False	[0 0 0 0 0 0]	[0 0 0 0 0 0]	[0 0 0 0 0 0]	[0 0 0 0 0 0]
50	0.1274999976158142	0.9156715869903564	0.48960649967193604	0.00013611846952699125	0.008857262320816517	0.41707170009613037	False	[1 0 0 0 0 0]	[0 0 0 1 0 0]	[0 0 0 1 0 0]	[0 0 0 1 0 0]
50	0.1274999976158142	0.8492459654808044	0.4237934350967407	0.000323527492582798	0.007659269496798515	0.41746973991394043	False	[0 0 0 0 0 0]	[0 0 0 0 0 0]	[0 0 0 0 0 0]	[0 0 0 0 0 0]
50	0.1550000011920929	0.9138045310974121	0.4893936514854431	0.00013997885980643332	0.008617274463176727	0.4156535863876343	False	[1 0 0 0 0 0]	[0 0 0 1 0 0]	[0 0 0 1 0 0]	[0 0 0 1 0 0]
50	0.125	0.8461410999298096	0.42276519536972046	0.000326222856529057	0.007582027930766344	0.41546761989593506	False	[0 0 0 0 0 0]	[0 0 0 0 0 0]	[0 0 0 0 0 0]	[0 0 0 0 0 0]
50	0.13500000536441803	0.9238198399543762	0.4978872537612915	0.00014371611177921295	0.008702686987817287	0.4170861840248108	False	[1 0 0 0 0 0]	[0 0 0 1 0 0]	[0 0 0 1 0 0]	[0 0 0 1 0 0]
50	0.12250000238418579	0.8394283056259155	0.41626274585723877	0.00031072163255885243	0.007742185611277819	0.41511261463165283	False	[0 0 0 0 0 0]	[0 0 0 0 0 0]	[0 0 0 0 0 0]	[0 0 0 0 0 0]
50	0.14499999582767487	0.9104360938072205	0.4822806119918823	0.0001273189263883978	0.00944154430180788	0.4185866117477417	False	[1 0 0 0 0 0]	[0 0 0 1 0 0]	[0 0 0 1 0 0]	[0 0 0 1 0 0]
50	0.125	0.8339844346046448	0.41286197304725647	0.00031451875111088157	0.007708248682320118	0.4130997061729431	False	[0 0 0 0 0 0]	[0 0 0 0 0 0]	[0 0 0 0 0 0]	[0 0 0 0 0 0]
50	0.12999999523162842	0.921636700630188	0.4968777000904083	0.00014050462050363421	0.008758417330682278	0.41586005687713623	False	[1 0 0 0 0 0]	[0 0 0 1 0 0]	[0 0 0 1 0 0]	[0 0 0 1 0 0]
50	0.11999999731779099	0.8471804857254028	0.4213038384914398	0.0003114449791610241	0.007913712412118912	0.4176514744758606	False	[0 0 0 0 0 0]	[0 0 0 0 0 0]	[0 0 0 0 0 0]	[0 0 0 0 0 0]
50	0.14000000059604645	0.9160385727882385	0.4818446636199951	0.000121229313663207	0.009393149055540562	0.4246795177459717	False	[1 0 0 0 0 0]	[0 0 0 1 0 0]	[0 0 0 1 0 0]	[0 0 0 1 0 0]
50	0.12250000238418579	0.8359658718109131	0.40896540880203247	0.00030723822419531643	0.007894745096564293	0.41879844665527344	False	[0 0 0 0 0 0]	[0 0 0 0 0 0]	[0 0 0 0 0 0]	[0 0 0 0 0 0]
50	0.13500000536441803	0.910926342010498	0.48230409622192383	0.00012942097964696586	0.008811608888208866	0.41968122124671936	False	[1 0 0 0 0 0]	[0 0 0 1 0 0]	[0 0 0 1 0 0]	[0 0 0 1 0 0]
50	0.1274999976158142	0.8391010761260986	0.413369357585907	0.000313356431433931	0.007852811366319656	0.4175655245780945	False	[0 0 0 0 0 0]	[0 0 0 0 0 0]	[0 0 0 0 0 0]	[0 0 0 0 0 0]
50	0.15000000596046448	0.9175573587417603	0.4875792860984802	0.00013821935863234103	0.008972222916781902	0.4208676218986511	False	[1 0 0 0 0 0]	[0 0 0 1 0 0]	[0 0 0 1 0 0]	[0 0 0 1 0 0]
50	0.12999999523162842	0.8438639640808105	0.42040470242500305	0.0003172115539200604	0.00765574537217617	0.41548630595207214	False	[0 0 0 0 0 0]	[0 0 0 0 0 0]	[0 0 0 0 0 0]	[0 0 0 0 0 0]
50	0.13500000536441803	0.9197440147399902	0.4959387183189392	0.0001434095174772665	0.008629527874290943	0.41503238677978516	False	[1 0 0 0 0 0]	[0 0 0 1 0 0]	[0 0 0 1 0 0]	[0 0 0 1 0 0]
50	0.12250000238418579	0.8463930487632751	0.4207528829574585	0.0003125295334029943	0.00788205023854971	0.417445570230484	False	[0 0 0 0 0 0]	[0 0 0 0 0 0]	[0 0 0 0 0 0]	[0 0 0 0 0 0]
50	0.14749999344348907	0.9123314023017883	0.4884822368621826	0.00014323648065328598	0.008645969443023205	0.4150599539279938	False	[1 0 0 0 0 0]	[0 0 0 1 0 0]	[0 0 0 1 0 0]	[0 0 0 1 0 0]
50	0.11749999970197678	0.8444650173187256	0.4196379780769348	0.00030888093169778585	0.007749774493277073	0.4167683720588684	False	[0 0 0 0 0 0]	[0 0 0 0 0 0]	[0 0 0 0 0 0]	[0 0 0 0 0 0]
50	0.14499999582767487	0.9223599433898926	0.4945037364959717	0.00013745710020884871	0.00889471173286438	0.41882404685020447	False	[1 0 0 0 0 0]	[0 0 0 1 0 0]	[0 0 0 1 0 0]	[0 0 0 1 0 0]
50	0.125	0.8317065834999084	0.4134644567966461	0.0003113526036031544	0.007587104570120573	0.4103436768054962	False	[0 0 0 0 0 0]	[0 0 0 0 0 0]	[0 0 0 0 0 0]	[0 0 0 0 0 0]
50	0.13249999284744263	0.9147381782531738	0.48710760474205017	0.00013603373372461647	0.008831009268760681	0.41866350173950195	False	[1 0 0 0 0 0]	[0 0 0 1 0 0]	[0 0 0 1 0 0]	[0 0 0 1 0 0]
50	0.11999999731779099	0.8449469804763794	0.4212118089199066	0.0003232218441553414	0.007630276959389448	0.4157816469669342	False	[0 0 0 0 0 0]	[0 0 0 0 0 0]	[0 0 0 0 0 0]	[0 0 0 0 0 0]
50	0.15000000596046448	0.9143657088279724	0.4870055615901947	0.00013125310942996293	0.008862695656716824	0.4183661937713623	False	[1 0 0 0 0 0]	[0 0 0 1 0 0]	[0 0 0 1 0 0]	[0 0 0 1 0 0]
50	0.11999999731779099	0.8364779949188232	0.4134620130062103	0.00031211611349135637	0.007661539129912853	0.41504228115081787	False	[0 0 0 0 0 0]	[0 0 0 0 0 0]	[0 0 0 0 0 0]	[0 0 0 0 0 0]
51	0.12999999523162842	0.6687428951263428	0.40561574697494507	5.1922575948992744e-05	0.0019092888105660677	0.261165976524353	False	[1 0 0 0 0 0]	[0 0 0 1 0 0]	[0 0 0 1 0 0]	[0 0 0 1 0 0]
51	0.125	0.6653825044631958	0.3784519135951996	0.00010207766172243282	0.0016235937364399433	0.2852048873901367	False	[0 0 0 0 0 0]	[0 0 0 0 0 0]	[0 0 0 0 0 0]	[0 0 0 0 0 0]
51	0.13500000536441803	0.6876523494720459	0.42549437284469604	5.464389323606156e-05	0.0017917563673108816	0.2603115737438202	False	[1 0 0 0 0 0]	[0 0 0 1 0 0]	[0 0 0 1 0 0]	[0 0 0 1 0 0]
51	0.125	0.6668124198913574	0.3794301450252533	0.0001024239172693342	0.0016307885525748134	0.28564906120300293	False	[0 0 0 0 0 0]	[0 0 0 0 0 0]	[0 0 0 0 0 0]	[0 0 0 0 0 0]
51	0.13249999284744263	0.6736288070678711	0.40880751609802246	5.4627358622383326e-05	0.0018630782142281532	0.2629035413265228	False	[1 0 0 0 0 0]	[0 0 0 1 0 0]	[0 0 0 1 0 0]	[0 0 0 1 0 0]
51	0.11999999731779099	0.6623817682266235	0.3764864206314087	0.00010003858915297315	0.0016190247843042016	0.2841763198375702	False	[0 0 0 0 0 0]	[0 0 0 0 0 0]	[0 0 0 0 0 0]	[0 0 0 0 0 0]
51	0.12999999523162842	0.6661843061447144	0.40398967266082764	5.344317833078094e-05	0.001896875211969018	0.2602442800998688	False	[1 0 0 0 0 0]	[0 0 0 1 0 0]	[0 0 0 1 0 0]	[0 0 0 1 0 0]
51	0.11999999731779099	0.6715097427368164	0.38422495126724243	0.00010236612433800474	0.0016298008849844337	0.28555262088775635	False	[0 0 0 0 0 0]	[0 0 0 0 0 0]	[0 0 0 0 0 0]	[0 0 0 0 0 0]
51	0.14000000059604645	0.6753381490707397	0.40856030583381653	5.355777466320433e-05	0.0018644756637513638	0.2648598253726959	False	[1 0 0 0 0 0]	[0 0 0 1 0 0]	[0 0 0 1 0 0]	[0 0 0 1 0 0]
51	0.13500000536441803	0.6741125583648682	0.38702723383903503	0.00010058820043923333	0.0016176080098375678	0.28536713123321533	False	[0 0 0 0 0 0]	[0 0 0 0 0 0]	[0 0 0 0 0 0]	[0 0 0 0 0 0]
51	0.13249999284744263	0.6794912815093994	0.41667962074279785	5.5033113312674686e-05	0.0018595202127471566	0.26089712977409363	False	[1 0 0 0 0 0]	[0 0 0 1 0 0]	[0 0 0 1 0 0]	[0 0 0 1 0 0]
51	0.12250000238418579	0.678204357624054	0.3859499394893646	0.00010195879440288991	0.00164103414863348	0.29051142930984497	False	[0 0 0 0 0 0]	[0 0 0 0 0 0]	[0 0 0 0 0 0]	[0 0 0 0 0 0]
51	0.13249999284744263	0.6664078235626221	0.4027130603790283	5.492114360095002e-05	0.0018725716508924961	0.26176729798316956	False	[1 0 0 0 0 0]	[0 0 0 1 0 0]	[0 0 0 1 0 0]	[0 0 0 1 0 0]
51	0.11999999731779099	0.6518847942352295	0.3674132227897644	9.967819642042741e-05	0.0015939235454425216	0.28277793526649475	False	[0 0 0 0 0 0]	[0 0 0 0 0 0]	[0 0 0 0 0 0]	[0 0 0 0 0 0]
51	0.14499999582767487	0.6777065396308899	0.41318339109420776	5.3481886425288394e-05	0.0018775900825858116	0.262592077255249	False	[1 0 0 0 0 0]	[0 0 0 1 0 0]	[0 0 0 1 0 0]	[0 0 0 1 0 0]
51	0.11999999731779099	0.6680257320404053	0.3814910054206848	0.00010178596858168021	0.0016467829700559378	0.2847861349582672	False	[0 0 0 0 0 0]	[0 0 0 0 0 0]	[0 0 0 0 0 0]	[0 0 0 0 0 0]
51	0.12250000238418579	0.6803538799285889	0.41465961933135986	5.342326039681211e-05	0.0018993017729371786	0.26374155282974243	False	[1 0 0 0 0 0]	[0 0 0 1 0 0]	[0 0 0 1 0 0]	[0 0 0 1 0 0]
51	0.12999999523162842	0.6677257418632507	0.3809202313423157	0.0001010145278996788	0.0015997259179130197	0.28510478138923645	False	[0 0 0 0 0 0]	[0 0 0 0 0 0]	[0 0 0 0 0 0]	[0 0 0 0 0 0]
51	0.13500000536441803	0.6821142435073853	0.42039912939071655	5.511118797585368e-05	0.00175150902941823	0.2599084973335266	False	[1 0 0 0 0 0]	[0 0 0 1 0 0]	[0 0 0 1 0 0]	[0 0 0 1 0 0]
51	0.12250000238418579	0.6690676212310791	0.3815374970436096	0.00010148894943995401	0.0016253248322755098	0.28580334782600403	False	[0 0 0 0 0 0]	[0 0 0 0 0 0]	[0 0 0 0 0 0]	[0 0 0 0 0 0]
51	0.13750000298023224	0.6773166656494141	0.41399455070495605	5.6233402574434876e-05	0.0018045719480141997	0.2614613175392151	False	[1 0 0 0 0 0]	[0 0 0 1 0 0]	[0 0 0 1 0 0]	[0 0 0 1 0 0]
51	0.12250000238418579	0.672305703163147	0.3850373327732086	0.00010182058031205088	0.0016144249821081758	0.28555208444595337	False	[0 0 0 0 0 0]	[0 0 0 0 0 0]	[0 0 0 0 0 0]	[0 0 0 0 0 0]
51	0.12999999523162842	0.671016275882721	0.4051709771156311	5.2680894441436976e-05	0.0019088578410446644	0.2638837397098541	False	[1 0 0 0 0 0]	[0 0 0 1 0 0]	[0 0 0 1 0 0]	[0 0 0 1 0 0]
51	0.1274999976158142	0.6620277166366577	0.3743128776550293	9.980614413507283e-05	0.0016243403078988194	0.2859906554222107	False	[0 0 0 0 0 0]	[0 0 0 0 0 0]	[0 0 0 0 0 0]	[0 0 0 0 0 0]
51	0.14000000059604645	0.6723294258117676	0.4075748324394226	5.570521898334846e-05	0.0018485415494069457	0.2628503143787384	False	[1 0 0 0 0 0]	[0 0 0 1 0 0]	[0 0 0 1 0 0]	[0 0 0 1 0 0]
51	0.125	0.6561452746391296	0.3705798387527466	0.00010069261043099687	0.0015800759429112077	0.2838846445083618	False	[0 0 0 0 0 0]	[0 0 0 0 0 0]	[0 0 0 0 0 0]	[0 0 0 0 0 0]
51	0.13750000298023224	0.6780033111572266	0.4187139868736267	5.621083255391568e-05	0.0017858219798654318	0.25744733214378357	False	[1 0 0 0 0 0]	[0 0 0 1 0 0]	[0 0 0 1 0 0]	[0 0 0 1 0 0]
51	0.12250000238418579	0.6566954851150513	0.37537437677383423	0.00010130038572242483	0.0015864742454141378	0.27963337302207947	False	[0 0 0 0 0 0]	[0 0 0 0 0 0]	[0 0 0 0 0 0]	[0 0 0 0 0 0]
51	0.15000000596046448	0.675620973110199	0.4155702590942383	5.426798088592477e-05	0.001813589595258236	0.2581828534603119	False	[1 0 0 0 0 0]	[0 0 0 1 0 0]	[0 0 0 1 0 0]	[0 0 0 1 0 0]
51	0.125	0.6651915907859802	0.3765607178211212	0.00010029071563621983	0.0016352254897356033	0.28689536452293396	False	[0 0 0 0 0 0]	[0 0 0 0 0 0]	[0 0 0 0 0 0]	[0 0 0 0 0 0]
52	0.13500000536441803	0.31685125827789307	0.16842719912528992	3.101873880950734e-05	0.0009156891610473394	0.14747735857963562	False	[1 0 0 0 0 0]	[0 0 0 1 0 0]	[0 0 0 1 0 0]	[0 0 0 1 0 0]
52	0.11999999731779099	0.5066284537315369	0.3228404223918915	0.00010568569996394217	0.000876462203450501	0.18280591070652008	False	[0 0 0 0 0 0]	[0 0 0 0 0 0]	[0 0 0 0 0 0]	[0 0 0 0 0 0]
52	0.12999999523162842	0.330666184425354	0.18290436267852783	3.2710864616092294e-05	0.0008935964433476329	0.1468355357646942	False	[1 0 0 0 0 0]	[0 0 0 1 0 0]	[0 0 0 1 0 0]	[0 0 0 1 0 0]
52	0.125	0.49883586168289185	0.31759923696517944	0.00010463960643392056	0.0008799841161817312	0.18025201559066772	False	[0 0 0 0 0 0]	[0 0 0 0 0 0]	[0 0 0 0 0 0]	[0 0 0 0 0 0]
52	0.15000000596046448	0.31354451179504395	0.16335786879062653	3.0110544685157947e-05	0.0009252471500076354	0.14923129975795746	False	[1 0 0 0 0 0]	[0 0 0 1 0 0]	[0 0 0 1 0 0]	[0 0 0 1 0 0]
52	0.11999999731779099	0.48822519183158875	0.3083956837654114	0.00010430939437355846	0.000875136989634484	0.17885005474090576	False	[0 0 0 0 0 0]	[0 0 0 0 0 0]	[0 0 0 0 0 0]	[0 0 0 0 0 0]
52	0.13750000298023224	0.3251744508743286	0.17675179243087769	3.2291300158249214e-05	0.000894649070687592	0.14749571681022644	False	[1 0 0 0 0 0]	[0 0 0 1 0 0]	[0 0 0 1 0 0]	[0 0 0 1 0 0]
52	0.11999999731779099	0.5058252811431885	0.3239337205886841	0.00010634111822582781	0.0008482804987579584	0.18093696236610413	False	[0 0 0 0 0 0]	[0 0 0 0 0 0]	[0 0 0 0 0 0]	[0 0 0 0 0 0]
52	0.14499999582767487	0.3273751139640808	0.17967310547828674	3.246899723308161e-05	0.0008978255791589618	0.14677169919013977	False	[1 0 0 0 0 0]	[0 0 0 1 0 0]	[0 0 0 1 0 0]	[0 0 0 1 0 0]
52	0.12999999523162842	0.5005171298980713	0.31881287693977356	0.00010786615166580305	0.0008882129332050681	0.18070821464061737	False	[0 0 0 0 0 0]	[0 0 0 0 0 0]	[0 0 0 0 0 0]	[0 0 0 0 0 0]
52	0.12999999523162842	0.3174360394477844	0.1665089726448059	3.0182742193574086e-05	0.0009282414685003459	0.14996865391731262	False	[1 0 0 0 0 0]	[0 0 0 1 0 0]	[0 0 0 1 0 0]	[0 0 0 1 0 0]
52	0.1274999976158142	0.5339783430099487	0.342656672000885	0.00010754539107438177	0.0009135166765190661	0.1903006136417389	False	[0 0 0 0 0 0]	[0 0 0 0 0 0]	[0 0 0 0 0 0]	[0 0 0 0 0 0]
52	0.12250000238418579	0.32223257422447205	0.17320752143859863	3.143853246001527e-05	0.0009139770409092307	0.14807963371276855	False	[1 0 0 0 0 0]	[0 0 0 1 0 0]	[0 0 0 1 0 0]	[0 0 0 1 0 0]
52	0.125	0.4801727533340454	0.30338752269744873	0.00010200041288044304	0.0008830979932099581	0.17580009996891022	False	[0 0 0 0 0 0]	[0 0 0 0 0 0]	[0 0 0 0 0 0]	[0 0 0 0 0 0]
52	0.14249999821186066	0.3334302306175232	0.18786939978599548	3.3374668419128284e-05	0.0009066088823601604	0.1446208655834198	False	[1 0 0 0 0 0]	[0 0 0 1 0 0]	[0 0 0 1 0 0]	[0 0 0 1 0 0]
52	0.125	0.5016788244247437	0.3216497600078583	0.00010549949365667999	0.0008759381016716361	0.179047629237175	False	[0 0 0 0 0 0]	[0 0 0 0 0 0]	[0 0 0 0 0 0]	[0 0 0 0 0 0]
52	0.14499999582767487	0.33053338527679443	0.18243181705474854	3.3222771889995784e-05	0.0008892104960978031	0.14717911183834076	False	[1 0 0 0 0 0]	[0 0 0 1 0 0]	[0 0 0 1 0 0]	[0 0 0 1 0 0]
52	0.1274999976158142	0.488386332988739	0.31143683195114136	0.0001047262194333598	0.0008367345435544848	0.17600803077220917	False	[0 0 0 0 0 0]	[0 0 0 0 0 0]	[0 0 0 0 0 0]	[0 0 0 0 0 0]
52	0.12999999523162842	0.3292107582092285	0.1794862598180771	3.2143729185918346e-05	0.000891953706741333	0.14880041778087616	False	[1 0 0 0 0 0]	[0 0 0 1 0 0]	[0 0 0 1 0 0]	[0 0 0 1 0 0]
52	0.12250000238418579	0.5073692798614502	0.3235306143760681	0.00010590054444037378	0.0009035528637468815	0.18282923102378845	False	[0 0 0 0 0 0]	[0 0 0 0 0 0]	[0 0 0 0 0 0]	[0 0 0 0 0 0]
52	0.125	0.3217371106147766	0.1734372079372406	3.221835504518822e-05	0.0008931204793043435	0.14737457036972046	False	[1 0 0 0 0 0]	[0 0 0 1 0 0]	[0 0 0 1 0 0]	[0 0 0 1 0 0]
52	0.12250000238418579	0.4983058571815491	0.3180154263973236	0.00010679694969439879	0.0008658544393256307	0.17931775748729706	False	[0 0 0 0 0 0]	[0 0 0 0 0 0]	[0 0 0 0 0 0]	[0 0 0 0 0 0]
52	0.14000000059604645	0.3223269283771515	0.175196573138237	3.172058495692909e-05	0.0009080829913727939	0.1461905539035797	False	[1 0 0 0 0 0]	[0 0 0 1 0 0]	[0 0 0 1 0 0]	[0 0 0 1 0 0]
52	0.11999999731779099	0.510866641998291	0.3281319737434387	0.00010846913937712088	0.000854978512506932	0.1817711889743805	False	[0 0 0 0 0 0]	[0 0 0 0 0 0]	[0 0 0 0 0 0]	[0 0 0 0 0 0]
52	0.125	0.3188641667366028	0.16840970516204834	3.071168248425238e-05	0.0009243505774065852	0.14949941635131836	False	[1 0 0 0 0 0]	[0 0 0 1 0 0]	[0 0 0 1 0 0]	[0 0 0 1 0 0]
52	0.1274999976158142	0.5036198496818542	0.32149583101272583	0.000106416417111177	0.0008615886908955872	0.1811560094356537	False	[0 0 0 0 0 0]	[0 0 0 0 0 0]	[0 0 0 0 0 0]	[0 0 0 0 0 0]
52	0.13249999284744263	0.318789541721344	0.17124967277050018	3.1322062568506226e-05	0.0009115919237956405	0.14659695327281952	False	[1 0 0 0 0 0]	[0 0 0 1 0 0]	[0 0 0 1 0 0]	[0 0 0 1 0 0]
52	0.125	0.5020765066146851	0.32101866602897644	0.00010713880328694358	0.0008740065968595445	0.1800766885280609	False	[0 0 0 0 0 0]	[0 0 0 0 0 0]	[0 0 0 0 0 0]	[0 0 0 0 0 0]
52	0.1599999964237213	0.3214215636253357	0.17233234643936157	3.109572207904421e-05	0.000906798173673451	0.14815133810043335	False	[1 0 0 0 0 0]	[0 0 0 1 0 0]	[0 0 0 1 0 0]	[0 0 0 1 0 0]
52	0.11999999731779099	0.5279162526130676	0.34058326482772827	0.0001103645990951918	0.0008568852790631354	0.1863657534122467	False	[0 0 0 0 0 0]	[0 0 0 0 0 0]	[0 0 0 0 0 0]	[0 0 0 0 0 0]
53	0.14000000059604645	0.15892955660820007	0.10680614411830902	3.3938809792743996e-05	0.0005576853291131556	0.051531799137592316	False	[1 0 0 0 0 0]	[0 0 0 1 0 0]	[0 0 0 1 0 0]	[0 0 0 1 0 0]
53	0.12250000238418579	0.26433831453323364	0.1874462515115738	8.004937262739986e-05	0.00045507587492465973	0.07635693997144699	False	[0 0 0 0 0 0]	[0 0 0 0 0 0]	[0 0 0 0 0 0]	[0 0 0 0 0 0]
53	0.13249999284744263	0.16782036423683167	0.11409631371498108	3.5464909160509706e-05	0.0005146522889845073	0.053173936903476715	False	[1 0 0 0 0 0]	[0 0 0 1 0 0]	[0 0 0 1 0 0]	[0 0 0 1 0 0]
53	0.125	0.25977304577827454	0.18304957449436188	7.852062117308378e-05	0.0004613786586560309	0.07618357241153717	False	[0 0 0 0 0 0]	[0 0 0 0 0 0]	[0 0 0 0 0 0]	[0 0 0 0 0 0]
53	0.14000000059604645	0.16649053990840912	0.11324524879455566	3.505204222165048e-05	0.0005223865737207234	0.05268784612417221	False	[1 0 0 0 0 0]	[0 0 0 1 0 0]	[0 0 0 1 0 0]	[0 0 0 1 0 0]
53	0.12250000238418579	0.2644948363304138	0.18664561212062836	7.948306301841512e-05	0.0004672258219216019	0.07730250805616379	False	[0 0 0 0 0 0]	[0 0 0 0 0 0]	[0 0 0 0 0 0]	[0 0 0 0 0 0]
53	0.14000000059604645	0.1570914387702942	0.10457341372966766	3.328210368636064e-05	0.000554941245354712	0.05192980915307999	False	[1 0 0 0 0 0]	[0 0 0 1 0 0]	[0 0 0 1 0 0]	[0 0 0 1 0 0]
53	0.125	0.2670343518257141	0.18942497670650482	7.979027577675879e-05	0.000463157135527581	0.07706642150878906	False	[0 0 0 0 0 0]	[0 0 0 0 0 0]	[0 0 0 0 0 0]	[0 0 0 0 0 0]
53	0.14749999344348907	0.16401894390583038	0.11037386953830719	3.379646659595892e-05	0.0005454033380374312	0.05306587368249893	False	[1 0 0 0 0 0]	[0 0 0 1 0 0]	[0 0 0 1 0 0]	[0 0 0 1 0 0]
53	0.12250000238418579	0.26210904121398926	0.1854826956987381	7.984623516676947e-05	0.0004537930653896183	0.07609269767999649	False	[0 0 0 0 0 0]	[0 0 0 0 0 0]	[0 0 0 0 0 0]	[0 0 0 0 0 0]
53	0.1550000011920929	0.16443529725074768	0.11162116378545761	3.470617230050266e-05	0.0005198366707190871	0.05225959047675133	False	[1 0 0 0 0 0]	[0 0 0 1 0 0]	[0 0 0 1 0 0]	[0 0 0 1 0 0]
53	0.12250000238418579	0.271370530128479	0.193013995885849	8.152884402079508e-05	0.00045317673357203603	0.07782185077667236	False	[0 0 0 0 0 0]	[0 0 0 0 0 0]	[0 0 0 0 0 0]	[0 0 0 0 0 0]
53	0.12999999523162842	0.16192083060741425	0.10879688709974289	3.42077219102066e-05	0.0005316149909049273	0.05255812034010887	False	[1 0 0 0 0 0]	[0 0 0 1 0 0]	[0 0 0 1 0 0]	[0 0 0 1 0 0]
53	0.125	0.26209789514541626	0.18512830138206482	7.859625475248322e-05	0.0004569447482936084	0.07643404603004456	False	[0 0 0 0 0 0]	[0 0 0 0 0 0]	[0 0 0 0 0 0]	[0 0 0 0 0 0]
53	0.12999999523162842	0.15911494195461273	0.10629700124263763	3.339380782563239e-05	0.0005525483284145594	0.05223199352622032	False	[1 0 0 0 0 0]	[0 0 0 1 0 0]	[0 0 0 1 0 0]	[0 0 0 1 0 0]
53	0.125	0.27112430334091187	0.1905379593372345	7.862762140575796e-05	0.00048390869051218033	0.08002380281686783	False	[0 0 0 0 0 0]	[0 0 0 0 0 0]	[0 0 0 0 0 0]	[0 0 0 0 0 0]
53	0.14499999582767487	0.15654298663139343	0.10378630459308624	3.2764066418167204e-05	0.0005777195910923183	0.05214620381593704	False	[1 0 0 0 0 0]	[0 0 0 1 0 0]	[0 0 0 1 0 0]	[0 0 0 1 0 0]
53	0.125	0.26282039284706116	0.18544843792915344	7.888222171459347e-05	0.00046273466432467103	0.07683033496141434	False	[0 0 0 0 0 0]	[0 0 0 0 0 0]	[0 0 0 0 0 0]	[0 0 0 0 0 0]
53	0.12999999523162842	0.1688348948955536	0.11540763080120087	3.5462293453747407e-05	0.0005180418957024813	0.05287376791238785	False	[1 0 0 0 0 0]	[0 0 0 1 0 0]	[0 0 0 1 0 0]	[0 0 0 1 0 0]
53	0.1274999976158142	0.2552611231803894	0.17948052287101746	7.749773794785142e-05	0.0004516228218562901	0.07525146752595901	False	[0 0 0 0 0 0]	[0 0 0 0 0 0]	[0 0 0 0 0 0]	[0 0 0 0 0 0]
53	0.1274999976158142	0.15882961452007294	0.10604836046695709	3.3598214940866455e-05	0.0005548660410568118	0.05219279229640961	False	[1 0 0 0 0 0]	[0 0 0 1 0 0]	[0 0 0 1 0 0]	[0 0 0 1 0 0]
53	0.12250000238418579	0.2673521637916565	0.19056078791618347	7.983382238307968e-05	0.0004493595624808222	0.07626216113567352	False	[0 0 0 0 0 0]	[0 0 0 0 0 0]	[0 0 0 0 0 0]	[0 0 0 0 0 0]
53	0.13750000298023224	0.1656043529510498	0.11388127505779266	3.5092842153972015e-05	0.0005250240792520344	0.0511629581451416	False	[1 0 0 0 0 0]	[0 0 0 1 0 0]	[0 0 0 1 0 0]	[0 0 0 1 0 0]
53	0.12250000238418579	0.2653488516807556	0.1872483789920807	7.868952525313944e-05	0.00047256244579330087	0.07754923403263092	False	[0 0 0 0 0 0]	[0 0 0 0 0 0]	[0 0 0 0 0 0]	[0 0 0 0 0 0]
53	0.1550000011920929	0.1628386676311493	0.11089695245027542	3.539809040375985e-05	0.0005328746046870947	0.051373451948165894	False	[1 0 0 0 0 0]	[0 0 0 1 0 0]	[0 0 0 1 0 0]	[0 0 0 1 0 0]
53	0.12250000238418579	0.26315778493881226	0.18527783453464508	7.807001384207979e-05	0.0004686847096309066	0.07733321189880371	False	[0 0 0 0 0 0]	[0 0 0 0 0 0]	[0 0 0 0 0 0]	[0 0 0 0 0 0]
53	0.13500000536441803	0.15645384788513184	0.1041688397526741	3.328877573949285e-05	0.0005616434500552714	0.051690079271793365	False	[1 0 0 0 0 0]	[0 0 0 1 0 0]	[0 0 0 1 0 0]	[0 0 0 1 0 0]
53	0.12250000238418579	0.2600526809692383	0.1827573925256729	7.820393511792645e-05	0.000462130643427372	0.07675495743751526	False	[0 0 0 0 0 0]	[0 0 0 0 0 0]	[0 0 0 0 0 0]	[0 0 0 0 0 0]
53	0.14499999582767487	0.16666673123836517	0.11349523067474365	3.5165317967766896e-05	0.000520400470122695	0.0526159331202507	False	[1 0 0 0 0 0]	[0 0 0 1 0 0]	[0 0 0 1 0 0]	[0 0 0 1 0 0]
53	0.12999999523162842	0.26949021220207214	0.1887415051460266	7.781114254612476e-05	0.0004950242582708597	0.08017586916685104	False	[0 0 0 0 0 0]	[0 0 0 0 0 0]	[0 0 0 0 0 0]	[0 0 0 0 0 0]
54	0.12999999523162842	0.10294739902019501	0.08926297724246979	3.754920544452034e-05	0.0010993990581482649	0.012547469697892666	False	[1 0 0 0 0 0]	[0 0 0 1 0 0]	[0 0 0 1 0 0]	[0 0 0 1 0 0]
54	0.12250000238418579	0.2927101254463196	0.26205113530158997	0.00011735594307538122	0.001663485076278448	0.02887815609574318	False	[0 0 0 0 0 0]	[0 0 0 0 0 0]	[0 0 0 0 0 0]	[0 0 0 0 0 0]
54	0.1599999964237213	0.10041859745979309	0.08619774878025055	3.667303462862037e-05	0.0011258907616138458	0.013058288022875786	False	[1 0 0 0 0 0]	[0 0 0 1 0 0]	[0 0 0 1 0 0]	[0 0 0 1 0 0]
54	0.125	0.27640217542648315	0.2473209947347641	0.00011363421072019264	0.001506495289504528	0.027461061254143715	False	[0 0 0 0 0 0]	[0 0 0 0 0 0]	[0 0 0 0 0 0]	[0 0 0 0 0 0]
54	0.12999999523162842	0.10121976584196091	0.08756236732006073	3.747077062143944e-05	0.0010949794668704271	0.012524944730103016	False	[1 0 0 0 0 0]	[0 0 0 1 0 0]	[0 0 0 1 0 0]	[0 0 0 1 0 0]
54	0.12250000238418579	0.28112509846687317	0.25231683254241943	0.00011564127635210752	0.0014996010577306151	0.02719305269420147	False	[0 0 0 0 0 0]	[0 0 0 0 0 0]	[0 0 0 0 0 0]	[0 0 0 0 0 0]
54	0.12999999523162842	0.10152328759431839	0.08795688301324844	3.750516407308169e-05	0.0010917943436652422	0.012437102384865284	False	[1 0 0 0 0 0]	[0 0 0 1 0 0]	[0 0 0 1 0 0]	[0 0 0 1 0 0]
54	0.125	0.2885622978210449	0.2585453987121582	0.00011568189802346751	0.0015788186574354768	0.028322413563728333	False	[0 0 0 0 0 0]	[0 0 0 0 0 0]	[0 0 0 0 0 0]	[0 0 0 0 0 0]
54	0.12999999523162842	0.09783226251602173	0.08385628461837769	3.626718171290122e-05	0.0011290645925328135	0.012810645624995232	False	[1 0 0 0 0 0]	[0 0 0 1 0 0]	[0 0 0 1 0 0]	[0 0 0 1 0 0]
54	0.12250000238418579	0.2759963572025299	0.24736128747463226	0.00011383527453290299	0.0014951697085052729	0.02702607586979866	False	[0 0 0 0 0 0]	[0 0 0 0 0 0]	[0 0 0 0 0 0]	[0 0 0 0 0 0]
54	0.14000000059604645	0.10163091123104095	0.08787382394075394	3.7156529288040474e-05	0.0010919413762167096	0.012627989985048771	False	[1 0 0 0 0 0]	[0 0 0 1 0 0]	[0 0 0 1 0 0]	[0 0 0 1 0 0]
54	0.125	0.28217124938964844	0.2532042860984802	0.00011504518624860793	0.0014932329067960382	0.02735866978764534	False	[0 0 0 0 0 0]	[0 0 0 0 0 0]	[0 0 0 0 0 0]	[0 0 0 0 0 0]
54	0.12999999523162842	0.09799978137016296	0.08379504084587097	3.701544119394384e-05	0.0011237902799621224	0.013043936342000961	False	[1 0 0 0 0 0]	[0 0 0 1 0 0]	[0 0 0 1 0 0]	[0 0 0 1 0 0]
54	0.12999999523162842	0.29106226563453674	0.2608739137649536	0.0001168730013887398	0.0015972276451066136	0.028474243357777596	False	[0 0 0 0 0 0]	[0 0 0 0 0 0]	[0 0 0 0 0 0]	[0 0 0 0 0 0]
54	0.12999999523162842	0.10122651606798172	0.08747806400060654	3.777287565753795e-05	0.0010954728350043297	0.012615205720067024	False	[1 0 0 0 0 0]	[0 0 0 1 0 0]	[0 0 0 1 0 0]	[0 0 0 1 0 0]
54	0.12250000238418579	0.2858619689941406	0.25639742612838745	0.00011629665095824748	0.0015627542743459344	0.027785521000623703	False	[0 0 0 0 0 0]	[0 0 0 0 0 0]	[0 0 0 0 0 0]	[0 0 0 0 0 0]
54	0.125	0.10103194415569305	0.0868581235408783	3.682757596834563e-05	0.0011149257188662887	0.01302206888794899	False	[1 0 0 0 0 0]	[0 0 0 1 0 0]	[0 0 0 1 0 0]	[0 0 0 1 0 0]
54	0.11749999970197678	0.280884325504303	0.2518801689147949	0.00011110449850093573	0.0015360629186034203	0.027356969192624092	False	[0 0 0 0 0 0]	[0 0 0 0 0 0]	[0 0 0 0 0 0]	[0 0 0 0 0 0]
54	0.12999999523162842	0.10382675379514694	0.08990497142076492	3.801155980909243e-05	0.0010897908359766006	0.012793977744877338	False	[1 0 0 0 0 0]	[0 0 0 1 0 0]	[0 0 0 1 0 0]	[0 0 0 1 0 0]
54	0.125	0.28166458010673523	0.2518995404243469	0.0001152644690591842	0.0015881534200161695	0.028061600401997566	False	[0 0 0 0 0 0]	[0 0 0 0 0 0]	[0 0 0 0 0 0]	[0 0 0 0 0 0]
54	0.12999999523162842	0.10245558619499207	0.08879543840885162	3.7734458601335064e-05	0.0011035250499844551	0.012518885545432568	False	[1 0 0 0 0 0]	[0 0 0 1 0 0]	[0 0 0 1 0 0]	[0 0 0 1 0 0]
54	0.12250000238418579	0.27862831950187683	0.24984437227249146	0.00011662874749163166	0.0014794375747442245	0.027187881991267204	False	[0 0 0 0 0 0]	[0 0 0 0 0 0]	[0 0 0 0 0 0]	[0 0 0 0 0 0]
54	0.14499999582767487	0.10642699152231216	0.09263786673545837	3.7965084629831836e-05	0.001036771689541638	0.0127143869176507	False	[1 0 0 0 0 0]	[0 0 0 1 0 0]	[0 0 0 1 0 0]	[0 0 0 1 0 0]
54	0.11999999731779099	0.27857711911201477	0.2490772306919098	0.00010992251918651164	0.0015966057544574142	0.027793342247605324	False	[0 0 0 0 0 0]	[0 0 0 0 0 0]	[0 0 0 0 0 0]	[0 0 0 0 0 0]
54	0.14000000059604645	0.10291151702404022	0.08948811143636703	3.753925921046175e-05	0.0010660358238965273	0.012319834902882576	False	[1 0 0 0 0 0]	[0 0 0 1 0 0]	[0 0 0 1 0 0]	[0 0 0 1 0 0]
54	0.125	0.27927425503730774	0.24969366192817688	0.00011039459786843508	0.0015489845536649227	0.027921222150325775	False	[0 0 0 0 0 0]	[0 0 0 0 0 0]	[0 0 0 0 0 0]	[0 0 0 0 0 0]
54	0.125	0.09955623000860214	0.08514028042554855	3.668914723675698e-05	0.0011265012435615063	0.013252765871584415	False	[1 0 0 0 0 0]	[0 0 0 1 0 0]	[0 0 0 1 0 0]	[0 0 0 1 0 0]
54	0.125	0.2743089199066162	0.2460119128227234	0.00011396072659408674	0.0014498592354357243	0.02673320099711418	False	[0 0 0 0 0 0]	[0 0 0 0 0 0]	[0 0 0 0 0 0]	[0 0 0 0 0 0]
54	0.13750000298023224	0.09862583875656128	0.08491800725460052	3.723117333720438e-05	0.0010954580502584577	0.012575139291584492	False	[1 0 0 0 0 0]	[0 0 0 1 0 0]	[0 0 0 1 0 0]	[0 0 0 1 0 0]
54	0.125	0.2920912504196167	0.2610458731651306	0.00011651670502033085	0.0017014865297824144	0.02922736667096615	False	[0 0 0 0 0 0]	[0 0 0 0 0 0]	[0 0 0 0 0 0]	[0 0 0 0 0 0]
55	0.13750000298023224	0.1668495237827301	0.14873243868350983	5.167660492588766e-05	0.0016329841455444694	0.016432421281933784	False	[1 0 0 0 0 0]	[0 0 0 1 0 0]	[0 0 0 1 0 0]	[0 0 0 1 0 0]
55	0.1274999976158142	0.23178134858608246	0.20564986765384674	7.920261123217642e-05	0.0018622159259393811	0.02419007010757923	False	[0 0 0 0 0 0]	[0 0 0 0 0 0]	[0 0 0 0 0 0]	[0 0 0 0 0 0]
55	0.14499999582767487	0.17664481699466705	0.15849700570106506	5.371053339331411e-05	0.0016207268927246332	0.01647338643670082	False	[1 0 0 0 0 0]	[0 0 0 1 0 0]	[0 0 0 1 0 0]	[0 0 0 1 0 0]
55	0.11999999731779099	0.22382524609565735	0.1970357745885849	7.529367576353252e-05	0.0019645998254418373	0.024749580770730972	False	[0 0 0 0 0 0]	[0 0 0 0 0 0]	[0 0 0 0 0 0]	[0 0 0 0 0 0]
55	0.1274999976158142	0.16297927498817444	0.14510369300842285	5.1368388085393235e-05	0.001606116769835353	0.016218097880482674	False	[1 0 0 0 0 0]	[0 0 0 1 0 0]	[0 0 0 1 0 0]	[0 0 0 1 0 0]
55	0.11749999970197678	0.22230997681617737	0.19563037157058716	7.528725836891681e-05	0.0018934953259304166	0.02471083402633667	False	[0 0 0 0 0 0]	[0 0 0 0 0 0]	[0 0 0 0 0 0]	[0 0 0 0 0 0]
55	0.13249999284744263	0.16495242714881897	0.1469200849533081	5.206698551774025e-05	0.001640484668314457	0.016339793801307678	False	[1 0 0 0 0 0]	[0 0 0 1 0 0]	[0 0 0 1 0 0]	[0 0 0 1 0 0]
55	0.12250000238418579	0.2310350239276886	0.20496007800102234	7.911083230283111e-05	0.0018722184468060732	0.024123623967170715	False	[0 0 0 0 0 0]	[0 0 0 0 0 0]	[0 0 0 0 0 0]	[0 0 0 0 0 0]
55	0.14000000059604645	0.16572685539722443	0.14740626513957977	5.2015566325280815e-05	0.0016349045326933265	0.016633665189146996	False	[1 0 0 0 0 0]	[0 0 0 1 0 0]	[0 0 0 1 0 0]	[0 0 0 1 0 0]
55	0.12999999523162842	0.23046904802322388	0.2047019898891449	7.875700248405337e-05	0.0018638211768120527	0.023824477568268776	False	[0 0 0 0 0 0]	[0 0 0 0 0 0]	[0 0 0 0 0 0]	[0 0 0 0 0 0]
55	0.14749999344348907	0.156272292137146	0.13863413035869598	5.095942469779402e-05	0.001602664589881897	0.015984533354640007	False	[1 0 0 0 0 0]	[0 0 0 1 0 0]	[0 0 0 1 0 0]	[0 0 0 1 0 0]
55	0.12250000238418579	0.22140096127986908	0.19534382224082947	7.620973337907344e-05	0.0018627035897225142	0.02411823533475399	False	[0 0 0 0 0 0]	[0 0 0 0 0 0]	[0 0 0 0 0 0]	[0 0 0 0 0 0]
55	0.14499999582767487	0.1618403196334839	0.14381419122219086	5.140725988894701e-05	0.001612379914149642	0.01636233739554882	False	[1 0 0 0 0 0]	[0 0 0 1 0 0]	[0 0 0 1 0 0]	[0 0 0 1 0 0]
55	0.12250000238418579	0.2190888524055481	0.1934657245874405	7.668994658160955e-05	0.0018817285308614373	0.023664694279432297	False	[0 0 0 0 0 0]	[0 0 0 0 0 0]	[0 0 0 0 0 0]	[0 0 0 0 0 0]
55	0.14000000059604645	0.16987735033035278	0.15169867873191833	5.235026037553325e-05	0.0016044510994106531	0.016521871089935303	False	[1 0 0 0 0 0]	[0 0 0 1 0 0]	[0 0 0 1 0 0]	[0 0 0 1 0 0]
55	0.12250000238418579	0.21895073354244232	0.19250379502773285	7.610815373482183e-05	0.0019212481565773487	0.02444956824183464	False	[0 0 0 0 0 0]	[0 0 0 0 0 0]	[0 0 0 0 0 0]	[0 0 0 0 0 0]
55	0.14249999821186066	0.16450820863246918	0.146291121840477	5.199937004363164e-05	0.0016147427959367633	0.016550326719880104	False	[1 0 0 0 0 0]	[0 0 0 1 0 0]	[0 0 0 1 0 0]	[0 0 0 1 0 0]
55	0.12250000238418579	0.2173176258802414	0.19126388430595398	7.518377242377028e-05	0.001948826713487506	0.024029728025197983	False	[0 0 0 0 0 0]	[0 0 0 0 0 0]	[0 0 0 0 0 0]	[0 0 0 0 0 0]
55	0.14749999344348907	0.16187149286270142	0.1443408727645874	5.2775878430111334e-05	0.001586930244229734	0.01589091122150421	False	[1 0 0 0 0 0]	[0 0 0 1 0 0]	[0 0 0 1 0 0]	[0 0 0 1 0 0]
55	0.11999999731779099	0.22713425755500793	0.20055478811264038	7.749689393676817e-05	0.001903959666378796	0.024598006159067154	False	[0 0 0 0 0 0]	[0 0 0 0 0 0]	[0 0 0 0 0 0]	[0 0 0 0 0 0]
55	0.14000000059604645	0.15019620954990387	0.13173234462738037	4.9856895202538e-05	0.001666962867602706	0.016747046262025833	False	[1 0 0 0 0 0]	[0 0 0 1 0 0]	[0 0 0 1 0 0]	[0 0 0 1 0 0]
55	0.11999999731779099	0.22613564133644104	0.19935545325279236	7.787661161273718e-05	0.0019307142356410623	0.024771595373749733	False	[0 0 0 0 0 0]	[0 0 0 0 0 0]	[0 0 0 0 0 0]	[0 0 0 0 0 0]
55	0.12999999523162842	0.15833629667758942	0.13967840373516083	5.059140676166862e-05	0.0016841799952089787	0.01692313328385353	False	[1 0 0 0 0 0]	[0 0 0 1 0 0]	[0 0 0 1 0 0]	[0 0 0 1 0 0]
55	0.12999999523162842	0.2178381383419037	0.19174841046333313	7.610391185153276e-05	0.0019118640339002013	0.02410176396369934	False	[0 0 0 0 0 0]	[0 0 0 0 0 0]	[0 0 0 0 0 0]	[0 0 0 0 0 0]
55	0.13249999284744263	0.1614854633808136	0.14341652393341064	5.2724066335940734e-05	0.0016462745843455195	0.016369931399822235	False	[1 0 0 0 0 0]	[0 0 0 1 0 0]	[0 0 0 1 0 0]	[0 0 0 1 0 0]
55	0.12250000238418579	0.2256365418434143	0.19968031346797943	7.70802580518648e-05	0.001888528000563383	0.023990608751773834	False	[0 0 0 0 0 0]	[0 0 0 0 0 0]	[0 0 0 0 0 0]	[0 0 0 0 0 0]
55	0.1274999976158142	0.15997619926929474	0.14209969341754913	5.127676922711544e-05	0.0016077392501756549	0.016217481344938278	False	[1 0 0 0 0 0]	[0 0 0 1 0 0]	[0 0 0 1 0 0]	[0 0 0 1 0 0]
55	0.12250000238418579	0.22964264452457428	0.20349104702472687	7.858014578232542e-05	0.0018667454132810235	0.02420627512037754	False	[0 0 0 0 0 0]	[0 0 0 0 0 0]	[0 0 0 0 0 0]	[0 0 0 0 0 0]
55	0.13249999284744263	0.15556348860263824	0.13722334802150726	4.9699847295414656e-05	0.0016405574278905988	0.016649888828396797	False	[1 0 0 0 0 0]	[0 0 0 1 0 0]	[0 0 0 1 0 0]	[0 0 0 1 0 0]
55	0.125	0.22405391931533813	0.19790944457054138	7.720642315689474e-05	0.0019234324572607875	0.024143841117620468	False	[0 0 0 0 0 0]	[0 0 0 0 0 0]	[0 0 0 0 0 0]	[0 0 0 0 0 0]
56	0.1274999976158142	0.069557324051857	0.05818818882107735	3.9249796827789396e-05	0.002884617308154702	0.008445262908935547	False	[1 0 0 0 0 0]	[0 0 0 1 0 0]	[0 0 0 1 0 0]	[0 0 0 1 0 0]
56	0.12250000238418579	0.19389741122722626	0.16458791494369507	0.00016814740956760943	0.003368289675563574	0.02577306516468525	False	[0 0 0 0 0 0]	[0 0 0 0 0 0]	[0 0 0 0 0 0]	[0 0 0 0 0 0]
56	0.12250000238418579	0.06613575667142868	0.05465218052268028	3.7379326386144385e-05	0.002909328555688262	0.00853686686605215	False	[1 0 0 0 0 0]	[0 0 0 1 0 0]	[0 0 0 1 0 0]	[0 0 0 1 0 0]
56	0.12250000238418579	0.1784006953239441	0.14853325486183167	0.00015147232625167817	0.003719542408362031	0.025996431708335876	False	[0 0 0 0 0 0]	[0 0 0 0 0 0]	[0 0 0 0 0 0]	[0 0 0 0 0 0]
56	0.13249999284744263	0.06634866446256638	0.05497375503182411	3.7748603062937036e-05	0.0029327699448913336	0.008404392749071121	False	[1 0 0 0 0 0]	[0 0 0 1 0 0]	[0 0 0 1 0 0]	[0 0 0 1 0 0]
56	0.11999999731779099	0.18890716135501862	0.15942832827568054	0.00015970281674526632	0.0033935150131583214	0.025925615802407265	False	[0 0 0 0 0 0]	[0 0 0 0 0 0]	[0 0 0 0 0 0]	[0 0 0 0 0 0]
56	0.13249999284744263	0.06704562902450562	0.05536926910281181	3.717793879332021e-05	0.0030875534284859896	0.008551623672246933	False	[1 0 0 0 0 0]	[0 0 0 1 0 0]	[0 0 0 1 0 0]	[0 0 0 1 0 0]
56	0.12250000238418579	0.19036543369293213	0.1613597720861435	0.0001649832265684381	0.0032436929177492857	0.025596970692276955	False	[0 0 0 0 0 0]	[0 0 0 0 0 0]	[0 0 0 0 0 0]	[0 0 0 0 0 0]
56	0.12999999523162842	0.0693691074848175	0.058026023209095	3.8924201362533495e-05	0.002856189850717783	0.008447965607047081	False	[1 0 0 0 0 0]	[0 0 0 1 0 0]	[0 0 0 1 0 0]	[0 0 0 1 0 0]
56	0.11999999731779099	0.1865260899066925	0.1568666696548462	0.00016039393085520715	0.0036816515494138002	0.025817377492785454	False	[0 0 0 0 0 0]	[0 0 0 0 0 0]	[0 0 0 0 0 0]	[0 0 0 0 0 0]
56	0.13500000536441803	0.06558182835578918	0.054094113409519196	3.772219497477636e-05	0.0029389914125204086	0.008510996587574482	False	[1 0 0 0 0 0]	[0 0 0 1 0 0]	[0 0 0 1 0 0]	[0 0 0 1 0 0]
56	0.125	0.18911029398441315	0.15935537219047546	0.00016200594836845994	0.003585659898817539	0.02600725181400776	False	[0 0 0 0 0 0]	[0 0 0 0 0 0]	[0 0 0 0 0 0]	[0 0 0 0 0 0]
56	0.15000000596046448	0.06400313973426819	0.052252236753702164	3.6219829780748114e-05	0.003172904020175338	0.008541779592633247	False	[1 0 0 0 0 0]	[0 0 0 1 0 0]	[0 0 0 1 0 0]	[0 0 0 1 0 0]
56	0.11749999970197678	0.18277406692504883	0.15382340550422668	0.00015371850167866796	0.003563615260645747	0.025233326479792595	False	[0 0 0 0 0 0]	[0 0 0 0 0 0]	[0 0 0 0 0 0]	[0 0 0 0 0 0]
56	0.14499999582767487	0.06397876888513565	0.05229749530553818	3.635197572293691e-05	0.0031392956152558327	0.008505626581609249	False	[1 0 0 0 0 0]	[0 0 0 1 0 0]	[0 0 0 1 0 0]	[0 0 0 1 0 0]
56	0.11999999731779099	0.18657004833221436	0.1568347066640854	0.00016159478400368243	0.003562524914741516	0.02601122483611107	False	[0 0 0 0 0 0]	[0 0 0 0 0 0]	[0 0 0 0 0 0]	[0 0 0 0 0 0]
56	0.13249999284744263	0.07003901898860931	0.05899220332503319	3.9777980418875813e-05	0.002724118297919631	0.008282921276986599	False	[1 0 0 0 0 0]	[0 0 0 1 0 0]	[0 0 0 1 0 0]	[0 0 0 1 0 0]
56	0.11749999970197678	0.19143380224704742	0.16157762706279755	0.00016276539827231318	0.0035816654562950134	0.026111740618944168	False	[0 0 0 0 0 0]	[0 0 0 0 0 0]	[0 0 0 0 0 0]	[0 0 0 0 0 0]
56	0.12250000238418579	0.06745690107345581	0.05625755339860916	3.9811951864976436e-05	0.002809369470924139	0.008350171148777008	False	[1 0 0 0 0 0]	[0 0 0 1 0 0]	[0 0 0 1 0 0]	[0 0 0 1 0 0]
56	0.12250000238418579	0.1859862059354782	0.15608841180801392	0.00015795744548086077	0.0037232269532978535	0.026016607880592346	False	[0 0 0 0 0 0]	[0 0 0 0 0 0]	[0 0 0 0 0 0]	[0 0 0 0 0 0]
56	0.14000000059604645	0.06523621082305908	0.05370261147618294	3.7122492358321324e-05	0.0030628652311861515	0.008433612063527107	False	[1 0 0 0 0 0]	[0 0 0 1 0 0]	[0 0 0 1 0 0]	[0 0 0 1 0 0]
56	0.12250000238418579	0.18218596279621124	0.15333285927772522	0.0001572036708239466	0.0035683177411556244	0.02512756921350956	False	[0 0 0 0 0 0]	[0 0 0 0 0 0]	[0 0 0 0 0 0]	[0 0 0 0 0 0]
56	0.13500000536441803	0.06620121002197266	0.05482387915253639	3.7892146792728454e-05	0.0029169993940740824	0.00842244178056717	False	[1 0 0 0 0 0]	[0 0 0 1 0 0]	[0 0 0 1 0 0]	[0 0 0 1 0 0]
56	0.1274999976158142	0.1845494955778122	0.15441806614398956	0.00015869614435359836	0.003819701261818409	0.02615302801132202	False	[0 0 0 0 0 0]	[0 0 0 0 0 0]	[0 0 0 0 0 0]	[0 0 0 0 0 0]
56	0.13750000298023224	0.0710059255361557	0.05983034148812294	4.202412674203515e-05	0.0027658920735120773	0.008367667905986309	False	[1 0 0 0 0 0]	[0 0 0 1 0 0]	[0 0 0 1 0 0]	[0 0 0 1 0 0]
56	0.12250000238418579	0.18735581636428833	0.15729549527168274	0.00016128052084241062	0.0035716979764401913	0.026327338069677353	False	[0 0 0 0 0 0]	[0 0 0 0 0 0]	[0 0 0 0 0 0]	[0 0 0 0 0 0]
56	0.125	0.06735946238040924	0.05600648745894432	3.873149034916423e-05	0.002985392464324832	0.008328849449753761	False	[1 0 0 0 0 0]	[0 0 0 1 0 0]	[0 0 0 1 0 0]	[0 0 0 1 0 0]
56	0.125	0.18906766176223755	0.15849637985229492	0.00015950568194966763	0.0037684296257793903	0.02664335072040558	False	[0 0 0 0 0 0]	[0 0 0 0 0 0]	[0 0 0 0 0 0]	[0 0 0 0 0 0]
56	0.13750000298023224	0.07156969606876373	0.06040618196129799	4.244828596711159e-05	0.0027389279566705227	0.00838213786482811	False	[1 0 0 0 0 0]	[0 0 0 1 0 0]	[0 0 0 1 0 0]	[0 0 0 1 0 0]
56	0.125	0.18847507238388062	0.1587458997964859	0.00016214359493460506	0.003640551585704088	0.025926493108272552	False	[0 0 0 0 0 0]	[0 0 0 0 0 0]	[0 0 0 0 0 0]	[0 0 0 0 0 0]
57	0.13500000536441803	0.05176911875605583	0.04313560575246811	0.00023853658058214933	0.0016543688252568245	0.006740606389939785	False	[1 0 0 0 0 0]	[0 0 0 1 0 0]	[0 0 0 1 0 0]	[0 0 0 1 0 0]
57	0.12999999523162842	0.17086008191108704	0.14155088365077972	0.0010630859760567546	0.0023785573430359364	0.02586757019162178	False	[0 0 0 0 0 0]	[0 0 0 0 0 0]	[0 0 0 0 0 0]	[0 0 0 0 0 0]
57	0.13500000536441803	0.056117236614227295	0.04759814590215683	0.00025545500102452934	0.001461267122067511	0.00680236890912056	False	[1 0 0 0 0 0]	[0 0 0 1 0 0]	[0 0 0 1 0 0]	[0 0 0 1 0 0]
57	0.125	0.1647430658340454	0.13780204951763153	0.0010343303438276052	0.002145124599337578	0.023761555552482605	False	[0 0 0 0 0 0]	[0 0 0 0 0 0]	[0 0 0 0 0 0]	[0 0 0 0 0 0]
57	0.12999999523162842	0.05669000372290611	0.04819849878549576	0.00026664184406399727	0.001392819918692112	0.00683204410597682	False	[1 0 0 0 0 0]	[0 0 0 1 0 0]	[0 0 0 1 0 0]	[0 0 0 1 0 0]
57	0.11999999731779099	0.16578587889671326	0.13737797737121582	0.001030611339956522	0.0023651965893805027	0.025012092664837837	False	[0 0 0 0 0 0]	[0 0 0 0 0 0]	[0 0 0 0 0 0]	[0 0 0 0 0 0]
57	0.13500000536441803	0.05578628554940224	0.047087639570236206	0.0002522988652344793	0.0015267122071236372	0.0069196345284581184	False	[1 0 0 0 0 0]	[0 0 0 1 0 0]	[0 0 0 1 0 0]	[0 0 0 1 0 0]
57	0.125	0.16510573029518127	0.1382325142621994	0.001039092312566936	0.0021466990001499653	0.023687420412898064	False	[0 0 0 0 0 0]	[0 0 0 0 0 0]	[0 0 0 0 0 0]	[0 0 0 0 0 0]
57	0.14000000059604645	0.05396360903978348	0.04542345553636551	0.00024772188044153154	0.0015260449144989252	0.006766386795789003	False	[1 0 0 0 0 0]	[0 0 0 1 0 0]	[0 0 0 1 0 0]	[0 0 0 1 0 0]
57	0.11999999731779099	0.16380000114440918	0.13741742074489594	0.0010598736116662621	0.002112284768372774	0.023210415616631508	False	[0 0 0 0 0 0]	[0 0 0 0 0 0]	[0 0 0 0 0 0]	[0 0 0 0 0 0]
57	0.14000000059604645	0.05527399107813835	0.04668724164366722	0.0002572859521023929	0.0014580461429432034	0.006871418561786413	False	[1 0 0 0 0 0]	[0 0 0 1 0 0]	[0 0 0 1 0 0]	[0 0 0 1 0 0]
57	0.125	0.17382727563381195	0.1461080014705658	0.001072501065209508	0.0021712379530072212	0.024475550279021263	False	[0 0 0 0 0 0]	[0 0 0 0 0 0]	[0 0 0 0 0 0]	[0 0 0 0 0 0]
57	0.13750000298023224	0.05323318392038345	0.04464620351791382	0.00024535198463127017	0.0015637859469279647	0.006777840666472912	False	[1 0 0 0 0 0]	[0 0 0 1 0 0]	[0 0 0 1 0 0]	[0 0 0 1 0 0]
57	0.11749999970197678	0.16460512578487396	0.13758543133735657	0.0010690900962799788	0.0021561344619840384	0.023794474080204964	False	[0 0 0 0 0 0]	[0 0 0 0 0 0]	[0 0 0 0 0 0]	[0 0 0 0 0 0]
57	0.12250000238418579	0.056523244827985764	0.04790680110454559	0.00026675936533138156	0.0014092425117269158	0.006940439809113741	False	[1 0 0 0 0 0]	[0 0 0 1 0 0]	[0 0 0 1 0 0]	[0 0 0 1 0 0]
57	0.11999999731779099	0.15297937393188477	0.12646940350532532	0.0009955187560990453	0.002234566258266568	0.023279882967472076	False	[0 0 0 0 0 0]	[0 0 0 0 0 0]	[0 0 0 0 0 0]	[0 0 0 0 0 0]
57	0.1550000011920929	0.05421038344502449	0.04557309299707413	0.00025997369084507227	0.0014701889595016837	0.0069071282632648945	False	[1 0 0 0 0 0]	[0 0 0 1 0 0]	[0 0 0 1 0 0]	[0 0 0 1 0 0]
57	0.12250000238418579	0.16629663109779358	0.13910134136676788	0.001055699773132801	0.00215991772711277	0.023979658260941505	False	[0 0 0 0 0 0]	[0 0 0 0 0 0]	[0 0 0 0 0 0]	[0 0 0 0 0 0]
57	0.13500000536441803	0.05401405692100525	0.04533849284052849	0.0002544685557950288	0.001530044712126255	0.006891055032610893	False	[1 0 0 0 0 0]	[0 0 0 1 0 0]	[0 0 0 1 0 0]	[0 0 0 1 0 0]
57	0.12250000238418579	0.1690056025981903	0.1409159153699875	0.0010583041002973914	0.00226269057020545	0.024768685922026634	False	[0 0 0 0 0 0]	[0 0 0 0 0 0]	[0 0 0 0 0 0]	[0 0 0 0 0 0]
57	0.14249999821186066	0.05540640279650688	0.04672573506832123	0.000257062551099807	0.0014939641114324331	0.0069296401925385	False	[1 0 0 0 0 0]	[0 0 0 1 0 0]	[0 0 0 1 0 0]	[0 0 0 1 0 0]
57	0.125	0.18002310395240784	0.15053501725196838	0.001081892754882574	0.002336499746888876	0.02606968954205513	False	[0 0 0 0 0 0]	[0 0 0 0 0 0]	[0 0 0 0 0 0]	[0 0 0 0 0 0]
57	0.12999999523162842	0.055366355925798416	0.0469684861600399	0.00026122116832993925	0.0014219597214832902	0.006714690010994673	False	[1 0 0 0 0 0]	[0 0 0 1 0 0]	[0 0 0 1 0 0]	[0 0 0 1 0 0]
57	0.12250000238418579	0.1703319102525711	0.1420576125383377	0.0010394590208306909	0.002271994249895215	0.024962838739156723	False	[0 0 0 0 0 0]	[0 0 0 0 0 0]	[0 0 0 0 0 0]	[0 0 0 0 0 0]
57	0.1274999976158142	0.05706196650862694	0.04870407283306122	0.0002591661468613893	0.001389922690577805	0.006708803586661816	False	[1 0 0 0 0 0]	[0 0 0 1 0 0]	[0 0 0 1 0 0]	[0 0 0 1 0 0]
57	0.12250000238418579	0.16740946471691132	0.13942331075668335	0.0010667701717466116	0.002227506134659052	0.024691874161362648	False	[0 0 0 0 0 0]	[0 0 0 0 0 0]	[0 0 0 0 0 0]	[0 0 0 0 0 0]
57	0.13249999284744263	0.05535842478275299	0.04664798453450203	0.00025362218730151653	0.001527167041786015	0.006929652765393257	False	[1 0 0 0 0 0]	[0 0 0 1 0 0]	[0 0 0 1 0 0]	[0 0 0 1 0 0]
57	0.125	0.16604235768318176	0.138376384973526	0.0010471518617123365	0.002224436029791832	0.024394389241933823	False	[0 0 0 0 0 0]	[0 0 0 0 0 0]	[0 0 0 0 0 0]	[0 0 0 0 0 0]
57	0.13249999284744263	0.0579896904528141	0.04952407255768776	0.0002671309048309922	0.0013329650973901153	0.006865524221211672	False	[1 0 0 0 0 0]	[0 0 0 1 0 0]	[0 0 0 1 0 0]	[0 0 0 1 0 0]
57	0.125	0.16742123663425446	0.13900236785411835	0.0010351319797337055	0.0023325521033257246	0.0250511784106493	False	[0 0 0 0 0 0]	[0 0 0 0 0 0]	[0 0 0 0 0 0]	[0 0 0 0 0 0]
58	0.14749999344348907	0.032577887177467346	0.024217277765274048	0.0005836689379066229	0.0022120592184364796	0.005564880557358265	False	[1 0 0 0 0 0]	[0 0 0 1 0 0]	[0 0 0 1 0 0]	[0 0 0 1 0 0]
58	0.12250000238418579	0.09254461526870728	0.07188169658184052	0.002099568024277687	0.0015741698443889618	0.01698918268084526	False	[0 0 0 0 0 0]	[0 0 0 0 0 0]	[0 0 0 0 0 0]	[0 0 0 0 0 0]
58	0.1274999976158142	0.03228955343365669	0.023021940141916275	0.0006015241960994899	0.00252244109287858	0.0061436486430466175	False	[1 0 0 0 0 0]	[0 0 0 1 0 0]	[0 0 0 1 0 0]	[0 0 0 1 0 0]
58	0.125	0.0876539945602417	0.06786681711673737	0.002066601300612092	0.0015998613089323044	0.016120709478855133	False	[0 0 0 0 0 0]	[0 0 0 0 0 0]	[0 0 0 0 0 0]	[0 0 0 0 0 0]
58	0.12999999523162842	0.03127385675907135	0.02270626090466976	0.0005845371633768082	0.002285307738929987	0.005697751417756081	False	[1 0 0 0 0 0]	[0 0 0 1 0 0]	[0 0 0 1 0 0]	[0 0 0 1 0 0]
58	0.125	0.0926419049501419	0.07164441049098969	0.002130756387487054	0.0016680515836924314	0.017198685556650162	False	[0 0 0 0 0 0]	[0 0 0 0 0 0]	[0 0 0 0 0 0]	[0 0 0 0 0 0]
58	0.14499999582767487	0.03124171867966652	0.02299833483994007	0.0005801491788588464	0.002211891347542405	0.005451344419270754	False	[1 0 0 0 0 0]	[0 0 0 1 0 0]	[0 0 0 1 0 0]	[0 0 0 1 0 0]
58	0.12250000238418579	0.08927509188652039	0.06804892420768738	0.0020470409654080868	0.0016364294569939375	0.017542701214551926	False	[0 0 0 0 0 0]	[0 0 0 0 0 0]	[0 0 0 0 0 0]	[0 0 0 0 0 0]
58	0.13500000536441803	0.03290605917572975	0.02463931031525135	0.0005798361380584538	0.0021146133076399565	0.005572299472987652	False	[1 0 0 0 0 0]	[0 0 0 1 0 0]	[0 0 0 1 0 0]	[0 0 0 1 0 0]
58	0.1274999976158142	0.08746659755706787	0.06714607030153275	0.002035869285464287	0.0016831854591146111	0.016601473093032837	False	[0 0 0 0 0 0]	[0 0 0 0 0 0]	[0 0 0 0 0 0]	[0 0 0 0 0 0]
58	0.14499999582767487	0.03196518123149872	0.02349080704152584	0.0005827164859510958	0.0022447528317570686	0.005646903067827225	False	[1 0 0 0 0 0]	[0 0 0 1 0 0]	[0 0 0 1 0 0]	[0 0 0 1 0 0]
58	0.11999999731779099	0.09412544965744019	0.07224773615598679	0.002099954755976796	0.0017147762700915337	0.018062986433506012	False	[0 0 0 0 0 0]	[0 0 0 0 0 0]	[0 0 0 0 0 0]	[0 0 0 0 0 0]
58	0.14499999582767487	0.03223981708288193	0.02377188205718994	0.0005770938587374985	0.0021979722660034895	0.005692869890481234	False	[1 0 0 0 0 0]	[0 0 0 1 0 0]	[0 0 0 1 0 0]	[0 0 0 1 0 0]
58	0.11999999731779099	0.08663227409124374	0.06697604805231094	0.00201243394985795	0.001610608072951436	0.01603318564593792	False	[0 0 0 0 0 0]	[0 0 0 0 0 0]	[0 0 0 0 0 0]	[0 0 0 0 0 0]
58	0.13249999284744263	0.0324772372841835	0.02349073439836502	0.0005952490610070527	0.0024287656415253878	0.005962487775832415	False	[1 0 0 0 0 0]	[0 0 0 1 0 0]	[0 0 0 1 0 0]	[0 0 0 1 0 0]
58	0.11999999731779099	0.09084616601467133	0.07003824412822723	0.0020788228139281273	0.0016263946890830994	0.017102699726819992	False	[0 0 0 0 0 0]	[0 0 0 0 0 0]	[0 0 0 0 0 0]	[0 0 0 0 0 0]
58	0.12999999523162842	0.03227910399436951	0.02356482483446598	0.0005825117696076632	0.002305311383679509	0.005826456472277641	False	[1 0 0 0 0 0]	[0 0 0 1 0 0]	[0 0 0 1 0 0]	[0 0 0 1 0 0]
58	0.125	0.09124670922756195	0.06982357800006866	0.002109532244503498	0.0016788910143077374	0.01763470284640789	False	[0 0 0 0 0 0]	[0 0 0 0 0 0]	[0 0 0 0 0 0]	[0 0 0 0 0 0]
58	0.125	0.03202653303742409	0.023760652169585228	0.0005775934550911188	0.002193731488659978	0.0054945554584264755	False	[1 0 0 0 0 0]	[0 0 0 1 0 0]	[0 0 0 1 0 0]	[0 0 0 1 0 0]
58	0.12250000238418579	0.09791238605976105	0.0757785439491272	0.0021336653735488653	0.0017013580072671175	0.018298817798495293	False	[0 0 0 0 0 0]	[0 0 0 0 0 0]	[0 0 0 0 0 0]	[0 0 0 0 0 0]
58	0.13750000298023224	0.03191743046045303	0.023554014042019844	0.0005761546781286597	0.002234330167993903	0.005552931688725948	False	[1 0 0 0 0 0]	[0 0 0 1 0 0]	[0 0 0 1 0 0]	[0 0 0 1 0 0]
58	0.11999999731779099	0.09104049205780029	0.06893150508403778	0.002066525164991617	0.001711315126158297	0.018331151455640793	False	[0 0 0 0 0 0]	[0 0 0 0 0 0]	[0 0 0 0 0 0]	[0 0 0 0 0 0]
58	0.12999999523162842	0.030938686802983284	0.022417807951569557	0.0005828580469824374	0.0023450779262930155	0.005592941772192717	False	[1 0 0 0 0 0]	[0 0 0 1 0 0]	[0 0 0 1 0 0]	[0 0 0 1 0 0]
58	0.125	0.09368521720170975	0.07211626321077347	0.0021052747033536434	0.0016910657286643982	0.01777261309325695	False	[0 0 0 0 0 0]	[0 0 0 0 0 0]	[0 0 0 0 0 0]	[0 0 0 0 0 0]
58	0.12999999523162842	0.03211575746536255	0.02302451804280281	0.0005921865813434124	0.002439625095576048	0.006059424951672554	False	[1 0 0 0 0 0]	[0 0 0 1 0 0]	[0 0 0 1 0 0]	[0 0 0 1 0 0]
58	0.12999999523162842	0.08971396088600159	0.06850831210613251	0.002082445193082094	0.0016899665351957083	0.01743323914706707	False	[0 0 0 0 0 0]	[0 0 0 0 0 0]	[0 0 0 0 0 0]	[0 0 0 0 0 0]
58	0.13500000536441803	0.031179536134004593	0.022526824846863747	0.000579575658775866	0.0023319271858781576	0.005741209257394075	False	[1 0 0 0 0 0]	[0 0 0 1 0 0]	[0 0 0 1 0 0]	[0 0 0 1 0 0]
58	0.11999999731779099	0.0893862172961235	0.0690145343542099	0.002087357919663191	0.001655522850342095	0.016628799960017204	False	[0 0 0 0 0 0]	[0 0 0 0 0 0]	[0 0 0 0 0 0]	[0 0 0 0 0 0]
58	0.13500000536441803	0.032212622463703156	0.023144712671637535	0.0005928213358856738	0.0024270324502140284	0.006048054900020361	False	[1 0 0 0 0 0]	[0 0 0 1 0 0]	[0 0 0 1 0 0]	[0 0 0 1 0 0]
58	0.1274999976158142	0.08851451426744461	0.06712949275970459	0.0020409924909472466	0.0016966464463621378	0.017647387459874153	False	[0 0 0 0 0 0]	[0 0 0 0 0 0]	[0 0 0 0 0 0]	[0 0 0 0 0 0]
59	0.12999999523162842	0.046964459121227264	0.0234974455088377	0.000967028085142374	0.00031986995600163937	0.022180113941431046	False	[1 0 0 0 0 0]	[0 0 0 1 0 0]	[0 0 0 1 0 0]	[0 0 0 1 0 0]
59	0.12250000238418579	0.17479312419891357	0.12901079654693604	0.004377703182399273	0.0002359751088079065	0.04116864874958992	False	[0 0 0 0 0 0]	[0 0 0 0 0 0]	[0 0 0 0 0 0]	[0 0 0 0 0 0]
59	0.13500000536441803	0.04458282142877579	0.021038563922047615	0.0009851559298112988	0.00033364034607075155	0.022225461900234222	False	[1 0 0 0 0 0]	[0 0 0 1 0 0]	[0 0 0 1 0 0]	[0 0 0 1 0 0]
59	0.12250000238418579	0.18481315672397614	0.13679449260234833	0.004427296109497547	0.0002384454564889893	0.043352916836738586	False	[0 0 0 0 0 0]	[0 0 0 0 0 0]	[0 0 0 0 0 0]	[0 0 0 0 0 0]
59	0.1274999976158142	0.04851995408535004	0.025121161714196205	0.0010393973207101226	0.00029239707509987056	0.022066999226808548	False	[1 0 0 0 0 0]	[0 0 0 1 0 0]	[0 0 0 1 0 0]	[0 0 0 1 0 0]
59	0.1274999976158142	0.1802080124616623	0.13324891030788422	0.004580335225909948	0.00023307919036597013	0.042145684361457825	False	[0 0 0 0 0 0]	[0 0 0 0 0 0]	[0 0 0 0 0 0]	[0 0 0 0 0 0]
59	0.13750000298023224	0.0469433069229126	0.023651128634810448	0.0010075675090774894	0.00030901277204975486	0.021975595504045486	False	[1 0 0 0 0 0]	[0 0 0 1 0 0]	[0 0 0 1 0 0]	[0 0 0 1 0 0]
59	0.12250000238418579	0.18327176570892334	0.13666458427906036	0.004467247053980827	0.00023206918558571488	0.04190785810351372	False	[0 0 0 0 0 0]	[0 0 0 0 0 0]	[0 0 0 0 0 0]	[0 0 0 0 0 0]
59	0.14749999344348907	0.04758111387491226	0.02405516989529133	0.0010175785282626748	0.0003151475393678993	0.022193215787410736	False	[1 0 0 0 0 0]	[0 0 0 1 0 0]	[0 0 0 1 0 0]	[0 0 0 1 0 0]
59	0.12250000238418579	0.17788413166999817	0.13022610545158386	0.004357281606644392	0.00023982353741303086	0.04306092485785484	False	[0 0 0 0 0 0]	[0 0 0 0 0 0]	[0 0 0 0 0 0]	[0 0 0 0 0 0]
59	0.12999999523162842	0.04754194617271423	0.024532506242394447	0.0010288533521816134	0.0002932971983682364	0.021687287837266922	False	[1 0 0 0 0 0]	[0 0 0 1 0 0]	[0 0 0 1 0 0]	[0 0 0 1 0 0]
59	0.12250000238418579	0.1822863072156906	0.13403922319412231	0.004452086985111237	0.00023838618653826416	0.043556611984968185	False	[0 0 0 0 0 0]	[0 0 0 0 0 0]	[0 0 0 0 0 0]	[0 0 0 0 0 0]
59	0.15000000596046448	0.047832269221544266	0.024119898676872253	0.0010282046860083938	0.0003094108251389116	0.022374754771590233	False	[1 0 0 0 0 0]	[0 0 0 1 0 0]	[0 0 0 1 0 0]	[0 0 0 1 0 0]
59	0.125	0.18131166696548462	0.13381391763687134	0.004423705395311117	0.00023765784862916917	0.04283638671040535	False	[0 0 0 0 0 0]	[0 0 0 0 0 0]	[0 0 0 0 0 0]	[0 0 0 0 0 0]
59	0.14249999821186066	0.047087375074625015	0.023348944261670113	0.0009934292174875736	0.0003261305973865092	0.022418871521949768	False	[1 0 0 0 0 0]	[0 0 0 1 0 0]	[0 0 0 1 0 0]	[0 0 0 1 0 0]
59	0.12250000238418579	0.1777326762676239	0.13155370950698853	0.004206947050988674	0.00023421035439241678	0.041737817227840424	False	[0 0 0 0 0 0]	[0 0 0 0 0 0]	[0 0 0 0 0 0]	[0 0 0 0 0 0]
59	0.14499999582767487	0.04901644587516785	0.025744603946805	0.0010458072647452354	0.0002838901709765196	0.021942144259810448	False	[1 0 0 0 0 0]	[0 0 0 1 0 0]	[0 0 0 1 0 0]	[0 0 0 1 0 0]
59	0.11249999701976776	0.17765964567661285	0.1304696798324585	0.004352121613919735	0.0002377639029873535	0.042600084096193314	False	[0 0 0 0 0 0]	[0 0 0 0 0 0]	[0 0 0 0 0 0]	[0 0 0 0 0 0]
59	0.1274999976158142	0.04814651608467102	0.02500377967953682	0.0010704072192311287	0.0002869975578505546	0.02178533375263214	False	[1 0 0 0 0 0]	[0 0 0 1 0 0]	[0 0 0 1 0 0]	[0 0 0 1 0 0]
59	0.12250000238418579	0.18871989846229553	0.13940691947937012	0.004387625027447939	0.00023623797460459173	0.0446891114115715	False	[0 0 0 0 0 0]	[0 0 0 0 0 0]	[0 0 0 0 0 0]	[0 0 0 0 0 0]
59	0.13750000298023224	0.04992052912712097	0.026200100779533386	0.001060514128766954	0.0002893565106205642	0.022370558232069016	False	[1 0 0 0 0 0]	[0 0 0 1 0 0]	[0 0 0 1 0 0]	[0 0 0 1 0 0]
59	0.125	0.17364485561847687	0.12822969257831573	0.004339845851063728	0.00023383655934594572	0.0408414751291275	False	[0 0 0 0 0 0]	[0 0 0 0 0 0]	[0 0 0 0 0 0]	[0 0 0 0 0 0]
59	0.15000000596046448	0.047729600220918655	0.024334151297807693	0.0010028374381363392	0.0003065205819439143	0.022086091339588165	False	[1 0 0 0 0 0]	[0 0 0 1 0 0]	[0 0 0 1 0 0]	[0 0 0 1 0 0]
59	0.11500000208616257	0.18219207227230072	0.13370487093925476	0.004364031367003918	0.0002413551846984774	0.04388181492686272	False	[0 0 0 0 0 0]	[0 0 0 0 0 0]	[0 0 0 0 0 0]	[0 0 0 0 0 0]
59	0.14000000059604645	0.04671299457550049	0.022733107209205627	0.0009915124392136931	0.0003386952157597989	0.022649679332971573	False	[1 0 0 0 0 0]	[0 0 0 1 0 0]	[0 0 0 1 0 0]	[0 0 0 1 0 0]
59	0.11749999970197678	0.1827380359172821	0.134388267993927	0.004375071730464697	0.00023818289628252387	0.04373650997877121	False	[0 0 0 0 0 0]	[0 0 0 0 0 0]	[0 0 0 0 0 0]	[0 0 0 0 0 0]
59	0.13249999284744263	0.0491797998547554	0.025605853646993637	0.0010381656466051936	0.00029345793882384896	0.022242320701479912	False	[1 0 0 0 0 0]	[0 0 0 1 0 0]	[0 0 0 1 0 0]	[0 0 0 1 0 0]
59	0.125	0.19045929610729218	0.14205783605575562	0.004539995454251766	0.00023600664280820638	0.04362545907497406	False	[0 0 0 0 0 0]	[0 0 0 0 0 0]	[0 0 0 0 0 0]	[0 0 0 0 0 0]
59	0.14249999821186066	0.04720618575811386	0.0238997470587492	0.0010074084857478738	0.0003087204822804779	0.021990308538079262	False	[1 0 0 0 0 0]	[0 0 0 1 0 0]	[0 0 0 1 0 0]	[0 0 0 1 0 0]
59	0.12250000238418579	0.18128050863742828	0.132330060005188	0.004398962017148733	0.00024302370729856193	0.04430846497416496	False	[0 0 0 0 0 0]	[0 0 0 0 0 0]	[0 0 0 0 0 0]	[0 0 0 0 0 0]
60	0.14000000059604645	0.10314477980136871	0.08241481333971024	0.0010256055975332856	0.00047646244638599455	0.019227903336286545	False	[1 0 0 0 0 0]	[0 0 0 1 0 0]	[0 0 0 1 0 0]	[0 0 0 1 0 0]
60	0.12250000238418579	0.16713479161262512	0.15138322114944458	0.0025148168206214905	0.00022711178462486714	0.013009658083319664	False	[0 0 0 0 0 0]	[0 0 0 0 0 0]	[0 0 0 0 0 0]	[0 0 0 0 0 0]
60	0.13249999284744263	0.09802420437335968	0.07651061564683914	0.0010175032075494528	0.0005101136630401015	0.019985970109701157	False	[1 0 0 0 0 0]	[0 0 0 1 0 0]	[0 0 0 1 0 0]	[0 0 0 1 0 0]
60	0.11999999731779099	0.1670965552330017	0.15110591053962708	0.0025702095590531826	0.0002292920253239572	0.013191133737564087	False	[0 0 0 0 0 0]	[0 0 0 0 0 0]	[0 0 0 0 0 0]	[0 0 0 0 0 0]
60	0.15000000596046448	0.10773897171020508	0.08676853775978088	0.0010440389160066843	0.00046520153409801424	0.019461192190647125	False	[1 0 0 0 0 0]	[0 0 0 1 0 0]	[0 0 0 1 0 0]	[0 0 0 1 0 0]
60	0.125	0.1683402955532074	0.1523711383342743	0.0025649811141192913	0.0002286995149916038	0.013175467029213905	False	[0 0 0 0 0 0]	[0 0 0 0 0 0]	[0 0 0 0 0 0]	[0 0 0 0 0 0]
60	0.125	0.10097106546163559	0.08012105524539948	0.0010096662444993854	0.00047213988727889955	0.01936820149421692	False	[1 0 0 0 0 0]	[0 0 0 1 0 0]	[0 0 0 1 0 0]	[0 0 0 1 0 0]
60	0.12999999523162842	0.16465052962303162	0.14879611134529114	0.0025488422252237797	0.0002292166609549895	0.013076357543468475	False	[0 0 0 0 0 0]	[0 0 0 0 0 0]	[0 0 0 0 0 0]	[0 0 0 0 0 0]
60	0.12999999523162842	0.09465804696083069	0.07280024886131287	0.0010249440092593431	0.0005176441045477986	0.020315207540988922	False	[1 0 0 0 0 0]	[0 0 0 1 0 0]	[0 0 0 1 0 0]	[0 0 0 1 0 0]
60	0.125	0.1637403815984726	0.148179292678833	0.002517102286219597	0.0002261095360154286	0.012817876413464546	False	[0 0 0 0 0 0]	[0 0 0 0 0 0]	[0 0 0 0 0 0]	[0 0 0 0 0 0]
60	0.11999999731779099	0.10189372301101685	0.08128021657466888	0.001025885809212923	0.00046554251457564533	0.019122082740068436	False	[1 0 0 0 0 0]	[0 0 0 1 0 0]	[0 0 0 1 0 0]	[0 0 0 1 0 0]
60	0.1274999976158142	0.15695905685424805	0.14168788492679596	0.002535516396164894	0.0002247742668259889	0.01251088734716177	False	[0 0 0 0 0 0]	[0 0 0 0 0 0]	[0 0 0 0 0 0]	[0 0 0 0 0 0]
60	0.125	0.10225117206573486	0.08136456459760666	0.0010241776471957564	0.00048462083213962615	0.019377809017896652	False	[1 0 0 0 0 0]	[0 0 0 1 0 0]	[0 0 0 1 0 0]	[0 0 0 1 0 0]
60	0.12250000238418579	0.17257475852966309	0.156532883644104	0.002577376551926136	0.0002289930998813361	0.013235505670309067	False	[0 0 0 0 0 0]	[0 0 0 0 0 0]	[0 0 0 0 0 0]	[0 0 0 0 0 0]
60	0.12999999523162842	0.10228140652179718	0.08159525692462921	0.0010359854204580188	0.0004735355614684522	0.019176624715328217	False	[1 0 0 0 0 0]	[0 0 0 1 0 0]	[0 0 0 1 0 0]	[0 0 0 1 0 0]
60	0.125	0.16759952902793884	0.15178629755973816	0.002581359352916479	0.00022703698778059334	0.01300483476370573	False	[0 0 0 0 0 0]	[0 0 0 0 0 0]	[0 0 0 0 0 0]	[0 0 0 0 0 0]
60	0.14249999821186066	0.09760259836912155	0.0762881338596344	0.0010272938525304198	0.0005052702617831528	0.01978190243244171	False	[1 0 0 0 0 0]	[0 0 0 1 0 0]	[0 0 0 1 0 0]	[0 0 0 1 0 0]
60	0.12250000238418579	0.1638251692056656	0.14787155389785767	0.002481441479176283	0.00023082521511241794	0.01324134599417448	False	[0 0 0 0 0 0]	[0 0 0 0 0 0]	[0 0 0 0 0 0]	[0 0 0 0 0 0]
60	0.13750000298023224	0.09928713738918304	0.07970010489225388	0.0010205258149653673	0.00042448448948562145	0.01814201846718788	False	[1 0 0 0 0 0]	[0 0 0 1 0 0]	[0 0 0 1 0 0]	[0 0 0 1 0 0]
60	0.11999999731779099	0.16284744441509247	0.1470527946949005	0.0025788419879972935	0.0002295722661074251	0.012986244633793831	False	[0 0 0 0 0 0]	[0 0 0 0 0 0]	[0 0 0 0 0 0]	[0 0 0 0 0 0]
60	0.13750000298023224	0.1027345135807991	0.08315787464380264	0.0010389365488663316	0.00042652414413169026	0.018111176788806915	False	[1 0 0 0 0 0]	[0 0 0 1 0 0]	[0 0 0 1 0 0]	[0 0 0 1 0 0]
60	0.12250000238418579	0.16354858875274658	0.1482025384902954	0.0025097448378801346	0.00022414732666220516	0.012612169608473778	False	[0 0 0 0 0 0]	[0 0 0 0 0 0]	[0 0 0 0 0 0]	[0 0 0 0 0 0]
60	0.12999999523162842	0.10515790432691574	0.08471404761075974	0.001043588505126536	0.00045214203419163823	0.018948132172226906	False	[1 0 0 0 0 0]	[0 0 0 1 0 0]	[0 0 0 1 0 0]	[0 0 0 1 0 0]
60	0.12250000238418579	0.16585306823253632	0.14995214343070984	0.002527718897908926	0.00022843212354928255	0.013144774362444878	False	[0 0 0 0 0 0]	[0 0 0 0 0 0]	[0 0 0 0 0 0]	[0 0 0 0 0 0]
60	0.14499999582767487	0.10416856408119202	0.08446085453033447	0.0010158912045881152	0.00042962346924468875	0.018262188881635666	False	[1 0 0 0 0 0]	[0 0 0 1 0 0]	[0 0 0 1 0 0]	[0 0 0 1 0 0]
60	0.125	0.16116471588611603	0.1457848697900772	0.0025164661929011345	0.00022287838510237634	0.01264051254838705	False	[0 0 0 0 0 0]	[0 0 0 0 0 0]	[0 0 0 0 0 0]	[0 0 0 0 0 0]
60	0.14000000059604645	0.09656831622123718	0.07540055364370346	0.001007505808956921	0.00048738904297351837	0.019672872498631477	False	[1 0 0 0 0 0]	[0 0 0 1 0 0]	[0 0 0 1 0 0]	[0 0 0 1 0 0]
60	0.1274999976158142	0.16909565031528473	0.1529201865196228	0.0025777483824640512	0.0002313938457518816	0.013366305269300938	False	[0 0 0 0 0 0]	[0 0 0 0 0 0]	[0 0 0 0 0 0]	[0 0 0 0 0 0]
60	0.12999999523162842	0.09598108381032944	0.07529488205909729	0.000992380315437913	0.000463698263047263	0.01923012174665928	False	[1 0 0 0 0 0]	[0 0 0 1 0 0]	[0 0 0 1 0 0]	[0 0 0 1 0 0]
60	0.12250000238418579	0.16098415851593018	0.14536885917186737	0.0025261626578867435	0.0002272565325256437	0.012861870229244232	False	[0 0 0 0 0 0]	[0 0 0 0 0 0]	[0 0 0 0 0 0]	[0 0 0 0 0 0]
61	0.13249999284744263	0.07805696129798889	0.061612971127033234	0.0023011513985693455	0.00027007731841877103	0.013872761279344559	False	[1 0 0 0 0 0]	[0 0 0 1 0 0]	[0 0 0 1 0 0]	[0 0 0 1 0 0]
61	0.11999999731779099	0.1835206300020218	0.16076117753982544	0.003991323057562113	0.000204075884539634	0.01856405660510063	False	[0 0 0 0 0 0]	[0 0 0 0 0 0]	[0 0 0 0 0 0]	[0 0 0 0 0 0]
61	0.13500000536441803	0.08487231284379959	0.06867004930973053	0.002280669752508402	0.0002584311587270349	0.013663167133927345	False	[1 0 0 0 0 0]	[0 0 0 1 0 0]	[0 0 0 1 0 0]	[0 0 0 1 0 0]
61	0.12999999523162842	0.163114532828331	0.14135527610778809	0.003847775747999549	0.00019867165246978402	0.017712805420160294	False	[0 0 0 0 0 0]	[0 0 0 0 0 0]	[0 0 0 0 0 0]	[0 0 0 0 0 0]
61	0.13750000298023224	0.07653044909238815	0.05939112603664398	0.0024306890554726124	0.0002856446662917733	0.014422991313040257	False	[1 0 0 0 0 0]	[0 0 0 1 0 0]	[0 0 0 1 0 0]	[0 0 0 1 0 0]
61	0.12999999523162842	0.17034658789634705	0.14806759357452393	0.003943047020584345	0.0001993713667616248	0.01813657395541668	False	[0 0 0 0 0 0]	[0 0 0 0 0 0]	[0 0 0 0 0 0]	[0 0 0 0 0 0]
61	0.13500000536441803	0.07122201472520828	0.05471865087747574	0.0023553576320409775	0.0002885859285015613	0.013859417289495468	False	[1 0 0 0 0 0]	[0 0 0 1 0 0]	[0 0 0 1 0 0]	[0 0 0 1 0 0]
61	0.12250000238418579	0.1547473669052124	0.13343724608421326	0.0038763813208788633	0.00019440466712694615	0.017239335924386978	False	[0 0 0 0 0 0]	[0 0 0 0 0 0]	[0 0 0 0 0 0]	[0 0 0 0 0 0]
61	0.1274999976158142	0.0838688537478447	0.0675288587808609	0.0022364789620041847	0.0002574069076217711	0.013846106827259064	False	[1 0 0 0 0 0]	[0 0 0 1 0 0]	[0 0 0 1 0 0]	[0 0 0 1 0 0]
61	0.125	0.16436909139156342	0.1424892693758011	0.0039100926369428635	0.0001962079550139606	0.017773522064089775	False	[0 0 0 0 0 0]	[0 0 0 0 0 0]	[0 0 0 0 0 0]	[0 0 0 0 0 0]
61	0.13500000536441803	0.07837580889463425	0.06217131391167641	0.002292016753926873	0.00026157472166232765	0.01365089975297451	False	[1 0 0 0 0 0]	[0 0 0 1 0 0]	[0 0 0 1 0 0]	[0 0 0 1 0 0]
61	0.125	0.17577089369297028	0.15353161096572876	0.003900716081261635	0.00019885069923475385	0.018139705061912537	False	[0 0 0 0 0 0]	[0 0 0 0 0 0]	[0 0 0 0 0 0]	[0 0 0 0 0 0]
61	0.13500000536441803	0.07963808625936508	0.06310412287712097	0.002271123696118593	0.0002792949671857059	0.013983549550175667	False	[1 0 0 0 0 0]	[0 0 0 1 0 0]	[0 0 0 1 0 0]	[0 0 0 1 0 0]
61	0.12250000238418579	0.1718522161245346	0.15054289996623993	0.0037835773546248674	0.0001915493921842426	0.01733417622745037	False	[0 0 0 0 0 0]	[0 0 0 0 0 0]	[0 0 0 0 0 0]	[0 0 0 0 0 0]
61	0.13500000536441803	0.07303207367658615	0.05620807409286499	0.0023488004226237535	0.0002971964713651687	0.014178005047142506	False	[1 0 0 0 0 0]	[0 0 0 1 0 0]	[0 0 0 1 0 0]	[0 0 0 1 0 0]
61	0.125	0.17158912122249603	0.14893431961536407	0.003952405881136656	0.00020436425984371454	0.018498027697205544	False	[0 0 0 0 0 0]	[0 0 0 0 0 0]	[0 0 0 0 0 0]	[0 0 0 0 0 0]
61	0.13500000536441803	0.08091682195663452	0.0647500529885292	0.0023046296555548906	0.00026832608273252845	0.013593812473118305	False	[1 0 0 0 0 0]	[0 0 0 1 0 0]	[0 0 0 1 0 0]	[0 0 0 1 0 0]
61	0.12999999523162842	0.1845189481973648	0.1608288437128067	0.004106153268367052	0.00020768992544617504	0.01937626488506794	False	[0 0 0 0 0 0]	[0 0 0 0 0 0]	[0 0 0 0 0 0]	[0 0 0 0 0 0]
61	0.14000000059604645	0.0876869261264801	0.07132451236248016	0.002242510672658682	0.00025630867457948625	0.013863597065210342	False	[1 0 0 0 0 0]	[0 0 0 1 0 0]	[0 0 0 1 0 0]	[0 0 0 1 0 0]
61	0.11999999731779099	0.182836651802063	0.1594165712594986	0.004104121122509241	0.00020509095338638872	0.019110869616270065	False	[0 0 0 0 0 0]	[0 0 0 0 0 0]	[0 0 0 0 0 0]	[0 0 0 0 0 0]
61	0.14499999582767487	0.07952812314033508	0.06312809884548187	0.0022461593616753817	0.0002763472148217261	0.01387751568108797	False	[1 0 0 0 0 0]	[0 0 0 1 0 0]	[0 0 0 1 0 0]	[0 0 0 1 0 0]
61	0.12250000238418579	0.17655466496944427	0.155070960521698	0.0038175564259290695	0.00019108239212073386	0.017475074157118797	False	[0 0 0 0 0 0]	[0 0 0 0 0 0]	[0 0 0 0 0 0]	[0 0 0 0 0 0]
61	0.1274999976158142	0.08052831888198853	0.06445910036563873	0.0022774524986743927	0.00025995264877565205	0.013531815260648727	False	[1 0 0 0 0 0]	[0 0 0 1 0 0]	[0 0 0 1 0 0]	[0 0 0 1 0 0]
61	0.11749999970197678	0.1830633282661438	0.1594456136226654	0.003979488275945187	0.00020857906201854348	0.019429637119174004	False	[0 0 0 0 0 0]	[0 0 0 0 0 0]	[0 0 0 0 0 0]	[0 0 0 0 0 0]
61	0.13500000536441803	0.08133234083652496	0.06497828662395477	0.002280562650412321	0.00026686760247685015	0.013806627131998539	False	[1 0 0 0 0 0]	[0 0 0 1 0 0]	[0 0 0 1 0 0]	[0 0 0 1 0 0]
61	0.125	0.16517940163612366	0.14413100481033325	0.0037976927123963833	0.00018958035798277706	0.01706112176179886	False	[0 0 0 0 0 0]	[0 0 0 0 0 0]	[0 0 0 0 0 0]	[0 0 0 0 0 0]
61	0.12250000238418579	0.0790305808186531	0.06242850050330162	0.002266849856823683	0.00028290870250202715	0.014052321203052998	False	[1 0 0 0 0 0]	[0 0 0 1 0 0]	[0 0 0 1 0 0]	[0 0 0 1 0 0]
61	0.12250000238418579	0.1749442219734192	0.15306800603866577	0.003885214449837804	0.0001955927727976814	0.017795415595173836	False	[0 0 0 0 0 0]	[0 0 0 0 0 0]	[0 0 0 0 0 0]	[0 0 0 0 0 0]
61	0.13500000536441803	0.07298184931278229	0.05629787594079971	0.0023701780010014772	0.00029504732810892165	0.014018751680850983	False	[1 0 0 0 0 0]	[0 0 0 1 0 0]	[0 0 0 1 0 0]	[0 0 0 1 0 0]
61	0.12250000238418579	0.17606483399868011	0.15314817428588867	0.0039808317087590694	0.00020363008661661297	0.018732208758592606	False	[0 0 0 0 0 0]	[0 0 0 0 0 0]	[0 0 0 0 0 0]	[0 0 0 0 0 0]
62	0.1550000011920929	0.12890540063381195	0.09691774845123291	0.0016872305423021317	0.0005279608303681016	0.029772458598017693	False	[1 0 0 0 0 0]	[0 0 0 1 0 0]	[0 0 0 1 0 0]	[0 0 0 1 0 0]
62	0.12250000238418579	0.22488145530223846	0.16887761652469635	0.004613400902599096	0.0002955957315862179	0.05109484866261482	False	[0 0 0 0 0 0]	[0 0 0 0 0 0]	[0 0 0 0 0 0]	[0 0 0 0 0 0]
62	0.14249999821186066	0.12584945559501648	0.09277002513408661	0.0017105507431551814	0.0005184115143492818	0.03085046261548996	False	[1 0 0 0 0 0]	[0 0 0 1 0 0]	[0 0 0 1 0 0]	[0 0 0 1 0 0]
62	0.12250000238418579	0.23351812362670898	0.17922496795654297	0.0046728746965527534	0.00027512889937497675	0.04934515804052353	False	[0 0 0 0 0 0]	[0 0 0 0 0 0]	[0 0 0 0 0 0]	[0 0 0 0 0 0]
62	0.14749999344348907	0.14261192083358765	0.11043880879878998	0.0017683813348412514	0.0004692734801210463	0.029935449361801147	False	[1 0 0 0 0 0]	[0 0 0 1 0 0]	[0 0 0 1 0 0]	[0 0 0 1 0 0]
62	0.12250000238418579	0.25094693899154663	0.19710594415664673	0.0043193926103413105	0.0002697424788493663	0.04925186187028885	False	[0 0 0 0 0 0]	[0 0 0 0 0 0]	[0 0 0 0 0 0]	[0 0 0 0 0 0]
62	0.13500000536441803	0.14151355624198914	0.10874314606189728	0.0017522108973935246	0.0004941594088450074	0.030524030327796936	False	[1 0 0 0 0 0]	[0 0 0 1 0 0]	[0 0 0 1 0 0]	[0 0 0 1 0 0]
62	0.11249999701976776	0.22515226900577545	0.17259865999221802	0.004431301262229681	0.0002693517308216542	0.04785294830799103	False	[0 0 0 0 0 0]	[0 0 0 0 0 0]	[0 0 0 0 0 0]	[0 0 0 0 0 0]
62	0.14000000059604645	0.1297086775302887	0.09607743471860886	0.0017726919613778591	0.0005428116419352591	0.03131573647260666	False	[1 0 0 0 0 0]	[0 0 0 1 0 0]	[0 0 0 1 0 0]	[0 0 0 1 0 0]
62	0.125	0.23410382866859436	0.1796857714653015	0.004452925641089678	0.0002805221301969141	0.04968459904193878	False	[0 0 0 0 0 0]	[0 0 0 0 0 0]	[0 0 0 0 0 0]	[0 0 0 0 0 0]
62	0.12999999523162842	0.1368623673915863	0.10392915457487106	0.001725543406791985	0.0004881933855358511	0.030719473958015442	False	[1 0 0 0 0 0]	[0 0 0 1 0 0]	[0 0 0 1 0 0]	[0 0 0 1 0 0]
62	0.125	0.24094939231872559	0.18818512558937073	0.004422507714480162	0.00026109180180355906	0.04808066040277481	False	[0 0 0 0 0 0]	[0 0 0 0 0 0]	[0 0 0 0 0 0]	[0 0 0 0 0 0]
62	0.12999999523162842	0.1412678211927414	0.10873880982398987	0.001707718474790454	0.00048164185136556625	0.03033965267241001	False	[1 0 0 0 0 0]	[0 0 0 1 0 0]	[0 0 0 1 0 0]	[0 0 0 1 0 0]
62	0.12999999523162842	0.23879972100257874	0.1858995407819748	0.004325195215642452	0.0002646188368089497	0.048310376703739166	False	[0 0 0 0 0 0]	[0 0 0 0 0 0]	[0 0 0 0 0 0]	[0 0 0 0 0 0]
62	0.15000000596046448	0.14239457249641418	0.11091962456703186	0.0017483916599303484	0.0004669744230341166	0.0292595773935318	False	[1 0 0 0 0 0]	[0 0 0 1 0 0]	[0 0 0 1 0 0]	[0 0 0 1 0 0]
62	0.11749999970197678	0.23692204058170319	0.1839696168899536	0.00438362592831254	0.00026381603674963117	0.04830498993396759	False	[0 0 0 0 0 0]	[0 0 0 0 0 0]	[0 0 0 0 0 0]	[0 0 0 0 0 0]
62	0.1274999976158142	0.1358986347913742	0.10241340100765228	0.0018018529517576098	0.0005518353427760303	0.031131543219089508	False	[1 0 0 0 0 0]	[0 0 0 1 0 0]	[0 0 0 1 0 0]	[0 0 0 1 0 0]
62	0.12250000238418579	0.24186210334300995	0.18669839203357697	0.0045303599908947945	0.00027513978420756757	0.05035821720957756	False	[0 0 0 0 0 0]	[0 0 0 0 0 0]	[0 0 0 0 0 0]	[0 0 0 0 0 0]
62	0.14499999582767487	0.1342301219701767	0.10283920168876648	0.001701027387753129	0.00048743269871920347	0.029202455654740334	False	[1 0 0 0 0 0]	[0 0 0 1 0 0]	[0 0 0 1 0 0]	[0 0 0 1 0 0]
62	0.125	0.2221941500902176	0.16748051345348358	0.00459636002779007	0.00029177512624301016	0.04982548579573631	False	[0 0 0 0 0 0]	[0 0 0 0 0 0]	[0 0 0 0 0 0]	[0 0 0 0 0 0]
62	0.14249999821186066	0.14357765018939972	0.11213433742523193	0.0016450067050755024	0.00045975277316756546	0.029338553547859192	False	[1 0 0 0 0 0]	[0 0 0 1 0 0]	[0 0 0 1 0 0]	[0 0 0 1 0 0]
62	0.125	0.23213528096675873	0.17838183045387268	0.004398711957037449	0.0002782151859719306	0.049076516181230545	False	[0 0 0 0 0 0]	[0 0 0 0 0 0]	[0 0 0 0 0 0]	[0 0 0 0 0 0]
62	0.12999999523162842	0.14151319861412048	0.11005062609910965	0.0017000355292111635	0.00046552231651730835	0.02929701842367649	False	[1 0 0 0 0 0]	[0 0 0 1 0 0]	[0 0 0 1 0 0]	[0 0 0 1 0 0]
62	0.12250000238418579	0.23810715973377228	0.18439549207687378	0.004505878314375877	0.00026969664031639695	0.04893609881401062	False	[0 0 0 0 0 0]	[0 0 0 0 0 0]	[0 0 0 0 0 0]	[0 0 0 0 0 0]
62	0.12999999523162842	0.12127313017845154	0.08715081959962845	0.0017265971982851624	0.0005881929537281394	0.031807515770196915	False	[1 0 0 0 0 0]	[0 0 0 1 0 0]	[0 0 0 1 0 0]	[0 0 0 1 0 0]
62	0.1274999976158142	0.2347446084022522	0.18116900324821472	0.004559439606964588	0.0002666395448613912	0.04874951392412186	False	[0 0 0 0 0 0]	[0 0 0 0 0 0]	[0 0 0 0 0 0]	[0 0 0 0 0 0]
62	0.14499999582767487	0.1188267171382904	0.08466538786888123	0.0017429906874895096	0.0005652401014231145	0.03185310587286949	False	[1 0 0 0 0 0]	[0 0 0 1 0 0]	[0 0 0 1 0 0]	[0 0 0 1 0 0]
62	0.12250000238418579	0.2386206090450287	0.18517820537090302	0.00440168147906661	0.0002688106906134635	0.048771895468235016	False	[0 0 0 0 0 0]	[0 0 0 0 0 0]	[0 0 0 0 0 0]	[0 0 0 0 0 0]
62	0.14000000059604645	0.1227094829082489	0.08830848336219788	0.0017931275069713593	0.0005785314715467393	0.03202933445572853	False	[1 0 0 0 0 0]	[0 0 0 1 0 0]	[0 0 0 1 0 0]	[0 0 0 1 0 0]
62	0.11999999731779099	0.23756155371665955	0.18491344153881073	0.004505885764956474	0.00025939240003935993	0.04788283258676529	False	[0 0 0 0 0 0]	[0 0 0 0 0 0]	[0 0 0 0 0 0]	[0 0 0 0 0 0]
63	0.15000000596046448	0.19079792499542236	0.16756115853786469	0.0006028313655406237	0.0003496373537927866	0.02228430099785328	False	[1 0 0 0 0 0]	[0 0 0 1 0 0]	[0 0 0 1 0 0]	[0 0 0 1 0 0]
63	0.11999999731779099	0.3364018201828003	0.2993905544281006	0.0010764299659058452	0.0002526878088247031	0.03568213805556297	False	[0 0 0 0 0 0]	[0 0 0 0 0 0]	[0 0 0 0 0 0]	[0 0 0 0 0 0]
63	0.14249999821186066	0.16917292773723602	0.14466513693332672	0.0005845085834152997	0.00040342207648791373	0.02351985312998295	False	[1 0 0 0 0 0]	[0 0 0 1 0 0]	[0 0 0 1 0 0]	[0 0 0 1 0 0]
63	0.11500000208616257	0.34480729699134827	0.3070217967033386	0.0010786886559799314	0.0002602892927825451	0.036446500569581985	False	[0 0 0 0 0 0]	[0 0 0 0 0 0]	[0 0 0 0 0 0]	[0 0 0 0 0 0]
63	0.14749999344348907	0.15719009935855865	0.13205215334892273	0.0006013570236973464	0.0004251493373885751	0.024111444130539894	False	[1 0 0 0 0 0]	[0 0 0 1 0 0]	[0 0 0 1 0 0]	[0 0 0 1 0 0]
63	0.125	0.3234138488769531	0.2865726947784424	0.0010393783450126648	0.00026343492208980024	0.035538360476493835	False	[0 0 0 0 0 0]	[0 0 0 0 0 0]	[0 0 0 0 0 0]	[0 0 0 0 0 0]
63	0.12999999523162842	0.1632872223854065	0.13838383555412292	0.0005893112393096089	0.000412115768995136	0.023901954293251038	False	[1 0 0 0 0 0]	[0 0 0 1 0 0]	[0 0 0 1 0 0]	[0 0 0 1 0 0]
63	0.11999999731779099	0.34699028730392456	0.30964821577072144	0.0010489766718819737	0.00026415378670208156	0.0360289067029953	False	[0 0 0 0 0 0]	[0 0 0 0 0 0]	[0 0 0 0 0 0]	[0 0 0 0 0 0]
63	0.13500000536441803	0.148578941822052	0.12318776547908783	0.0005675106076523662	0.00046633684542030096	0.024357333779335022	False	[1 0 0 0 0 0]	[0 0 0 1 0 0]	[0 0 0 1 0 0]	[0 0 0 1 0 0]
63	0.11999999731779099	0.33198052644729614	0.2943434715270996	0.0010637270752340555	0.00025994254974648356	0.03631338104605675	False	[0 0 0 0 0 0]	[0 0 0 0 0 0]	[0 0 0 0 0 0]	[0 0 0 0 0 0]
63	0.1274999976158142	0.14608287811279297	0.12045026570558548	0.000540271052159369	0.0005552645889110863	0.024537084624171257	False	[1 0 0 0 0 0]	[0 0 0 1 0 0]	[0 0 0 1 0 0]	[0 0 0 1 0 0]
63	0.11999999731779099	0.3421582877635956	0.3048088252544403	0.001069723512046039	0.0002694547001738101	0.03601030632853508	False	[0 0 0 0 0 0]	[0 0 0 0 0 0]	[0 0 0 0 0 0]	[0 0 0 0 0 0]
63	0.1599999964237213	0.17369718849658966	0.14952081441879272	0.0005797629710286856	0.00038746054633520544	0.023209160193800926	False	[1 0 0 0 0 0]	[0 0 0 1 0 0]	[0 0 0 1 0 0]	[0 0 0 1 0 0]
63	0.12250000238418579	0.33852559328079224	0.30098360776901245	0.0010692538926377892	0.0002616959100123495	0.0362110510468483	False	[0 0 0 0 0 0]	[0 0 0 0 0 0]	[0 0 0 0 0 0]	[0 0 0 0 0 0]
63	0.15000000596046448	0.17398224771022797	0.15081718564033508	0.0005619825096800923	0.00040010432712733746	0.022202974185347557	False	[1 0 0 0 0 0]	[0 0 0 1 0 0]	[0 0 0 1 0 0]	[0 0 0 1 0 0]
63	0.125	0.33290109038352966	0.295499324798584	0.0010948082199320197	0.0002605522458907217	0.03604637831449509	False	[0 0 0 0 0 0]	[0 0 0 0 0 0]	[0 0 0 0 0 0]	[0 0 0 0 0 0]
63	0.1274999976158142	0.16949515044689178	0.14515399932861328	0.00057273602578789	0.0003990840050391853	0.0233693215996027	False	[1 0 0 0 0 0]	[0 0 0 1 0 0]	[0 0 0 1 0 0]	[0 0 0 1 0 0]
63	0.125	0.3310684561729431	0.2946915626525879	0.0010507036931812763	0.00025534286396577954	0.03507082909345627	False	[0 0 0 0 0 0]	[0 0 0 0 0 0]	[0 0 0 0 0 0]	[0 0 0 0 0 0]
63	0.14499999582767487	0.18659262359142303	0.16319851577281952	0.0005813769530504942	0.0003905337362084538	0.022422196343541145	False	[1 0 0 0 0 0]	[0 0 0 1 0 0]	[0 0 0 1 0 0]	[0 0 0 1 0 0]
63	0.12250000238418579	0.3436926603317261	0.3054167330265045	0.0010983551619574428	0.00025584339164197445	0.036921724677085876	False	[0 0 0 0 0 0]	[0 0 0 0 0 0]	[0 0 0 0 0 0]	[0 0 0 0 0 0]
63	0.12999999523162842	0.17170286178588867	0.14770440757274628	0.0005882341647520661	0.0003864131576847285	0.02302379347383976	False	[1 0 0 0 0 0]	[0 0 0 1 0 0]	[0 0 0 1 0 0]	[0 0 0 1 0 0]
63	0.12250000238418579	0.33037641644477844	0.2920660376548767	0.0010695334058254957	0.00025481925695203245	0.03698602318763733	False	[0 0 0 0 0 0]	[0 0 0 0 0 0]	[0 0 0 0 0 0]	[0 0 0 0 0 0]
63	0.13249999284744263	0.16005383431911469	0.13460952043533325	0.0005491949268616736	0.0005465439171530306	0.02434856817126274	False	[1 0 0 0 0 0]	[0 0 0 1 0 0]	[0 0 0 1 0 0]	[0 0 0 1 0 0]
63	0.125	0.3376586437225342	0.3003620505332947	0.0011007343418896198	0.00025237418594770133	0.035943467170000076	False	[0 0 0 0 0 0]	[0 0 0 0 0 0]	[0 0 0 0 0 0]	[0 0 0 0 0 0]
63	0.13500000536441803	0.17964807152748108	0.1556108295917511	0.0005971416248939931	0.0003548735985532403	0.023085229098796844	False	[1 0 0 0 0 0]	[0 0 0 1 0 0]	[0 0 0 1 0 0]	[0 0 0 1 0 0]
63	0.12250000238418579	0.34441837668418884	0.307109534740448	0.0010847223456948996	0.0002589509531389922	0.035965174436569214	False	[0 0 0 0 0 0]	[0 0 0 0 0 0]	[0 0 0 0 0 0]	[0 0 0 0 0 0]
63	0.13500000536441803	0.1576966494321823	0.13278217613697052	0.0005598411662504077	0.00046674173790961504	0.023887882009148598	False	[1 0 0 0 0 0]	[0 0 0 1 0 0]	[0 0 0 1 0 0]	[0 0 0 1 0 0]
63	0.125	0.3487171530723572	0.3108292818069458	0.001102310256101191	0.00025996012846007943	0.03652559593319893	False	[0 0 0 0 0 0]	[0 0 0 0 0 0]	[0 0 0 0 0 0]	[0 0 0 0 0 0]
63	0.14749999344348907	0.16029591858386993	0.13436314463615417	0.0006098346202634275	0.0004220879345666617	0.024900855496525764	False	[1 0 0 0 0 0]	[0 0 0 1 0 0]	[0 0 0 1 0 0]	[0 0 0 1 0 0]
63	0.125	0.3414950668811798	0.30414992570877075	0.0010674881050363183	0.00025798246497288346	0.03601967543363571	False	[0 0 0 0 0 0]	[0 0 0 0 0 0]	[0 0 0 0 0 0]	[0 0 0 0 0 0]
64	0.1550000011920929	0.08264768868684769	0.0687483474612236	0.00034089136170223355	0.0004665730521082878	0.013091877102851868	False	[1 0 0 0 0 0]	[0 0 0 1 0 0]	[0 0 0 1 0 0]	[0 0 0 1 0 0]
64	0.125	0.14950284361839294	0.13139480352401733	0.0005929450271651149	0.0002959368284791708	0.017219163477420807	False	[0 0 0 0 0 0]	[0 0 0 0 0 0]	[0 0 0 0 0 0]	[0 0 0 0 0 0]
64	0.14249999821186066	0.0799216628074646	0.06615421921014786	0.0003421872097533196	0.0004492198640946299	0.012976033613085747	False	[1 0 0 0 0 0]	[0 0 0 1 0 0]	[0 0 0 1 0 0]	[0 0 0 1 0 0]
64	0.125	0.14552859961986542	0.12732669711112976	0.0005894562345929444	0.0002955656673293561	0.017316874116659164	False	[0 0 0 0 0 0]	[0 0 0 0 0 0]	[0 0 0 0 0 0]	[0 0 0 0 0 0]
64	0.15000000596046448	0.07849250733852386	0.06476444005966187	0.0003395936219021678	0.00044459456694312394	0.012943889945745468	False	[1 0 0 0 0 0]	[0 0 0 1 0 0]	[0 0 0 1 0 0]	[0 0 0 1 0 0]
64	0.12250000238418579	0.15203775465488434	0.13391730189323425	0.0005735590821132064	0.0003015402180608362	0.017245357856154442	False	[0 0 0 0 0 0]	[0 0 0 0 0 0]	[0 0 0 0 0 0]	[0 0 0 0 0 0]
64	0.1550000011920929	0.08046979457139969	0.06677616387605667	0.00035942497197538614	0.00041156026418320835	0.012922646477818489	False	[1 0 0 0 0 0]	[0 0 0 1 0 0]	[0 0 0 1 0 0]	[0 0 0 1 0 0]
64	0.125	0.1521223932504654	0.1340881586074829	0.000592753873206675	0.00029010989237576723	0.01715136505663395	False	[0 0 0 0 0 0]	[0 0 0 0 0 0]	[0 0 0 0 0 0]	[0 0 0 0 0 0]
64	0.13750000298023224	0.07883156090974808	0.06487923860549927	0.00036031054332852364	0.00044626096496358514	0.01314575131982565	False	[1 0 0 0 0 0]	[0 0 0 1 0 0]	[0 0 0 1 0 0]	[0 0 0 1 0 0]
64	0.12250000238418579	0.1507253795862198	0.13238787651062012	0.0005849084118381143	0.00030053468071855605	0.017452042549848557	False	[0 0 0 0 0 0]	[0 0 0 0 0 0]	[0 0 0 0 0 0]	[0 0 0 0 0 0]
64	0.13500000536441803	0.074089415371418	0.060067273676395416	0.0003284442063886672	0.000494430772960186	0.013199265114963055	False	[1 0 0 0 0 0]	[0 0 0 1 0 0]	[0 0 0 1 0 0]	[0 0 0 1 0 0]
64	0.11999999731779099	0.15352657437324524	0.1353815495967865	0.000601243635173887	0.00029353913851082325	0.01725023426115513	False	[0 0 0 0 0 0]	[0 0 0 0 0 0]	[0 0 0 0 0 0]	[0 0 0 0 0 0]
64	0.13750000298023224	0.08022759109735489	0.06658138334751129	0.00033010789775289595	0.00044527233694680035	0.012870832346379757	False	[1 0 0 0 0 0]	[0 0 0 1 0 0]	[0 0 0 1 0 0]	[0 0 0 1 0 0]
64	0.11749999970197678	0.14701415598392487	0.12884826958179474	0.0005815775948576629	0.0003116612497251481	0.017272649332880974	False	[0 0 0 0 0 0]	[0 0 0 0 0 0]	[0 0 0 0 0 0]	[0 0 0 0 0 0]
64	0.125	0.07511218637228012	0.06081319972872734	0.00032635164097882807	0.0005184056353755295	0.013454231433570385	False	[1 0 0 0 0 0]	[0 0 0 1 0 0]	[0 0 0 1 0 0]	[0 0 0 1 0 0]
64	0.11749999970197678	0.155040442943573	0.13670793175697327	0.0006001580622978508	0.0002870999160222709	0.01744525320827961	False	[0 0 0 0 0 0]	[0 0 0 0 0 0]	[0 0 0 0 0 0]	[0 0 0 0 0 0]
64	0.12250000238418579	0.08208898454904556	0.06855636835098267	0.00035713176475837827	0.000404283928219229	0.012771205976605415	False	[1 0 0 0 0 0]	[0 0 0 1 0 0]	[0 0 0 1 0 0]	[0 0 0 1 0 0]
64	0.12250000238418579	0.15169325470924377	0.13338084518909454	0.0005714684375561774	0.0003168442053720355	0.017424091696739197	False	[0 0 0 0 0 0]	[0 0 0 0 0 0]	[0 0 0 0 0 0]	[0 0 0 0 0 0]
64	0.13500000536441803	0.07961957156658173	0.0658898577094078	0.00034319626865908504	0.0004199759860057384	0.012966540642082691	False	[1 0 0 0 0 0]	[0 0 0 1 0 0]	[0 0 0 1 0 0]	[0 0 0 1 0 0]
64	0.1274999976158142	0.14954841136932373	0.13144712150096893	0.0005804133834317327	0.0003037953283637762	0.017217081040143967	False	[0 0 0 0 0 0]	[0 0 0 0 0 0]	[0 0 0 0 0 0]	[0 0 0 0 0 0]
64	0.14249999821186066	0.07909245043992996	0.06543146073818207	0.0003489461960271001	0.0004713726812042296	0.012840667739510536	False	[1 0 0 0 0 0]	[0 0 0 1 0 0]	[0 0 0 1 0 0]	[0 0 0 1 0 0]
64	0.12250000238418579	0.15149129927158356	0.13316334784030914	0.0005876446375623345	0.00030138238798826933	0.01743893325328827	False	[0 0 0 0 0 0]	[0 0 0 0 0 0]	[0 0 0 0 0 0]	[0 0 0 0 0 0]
64	0.125	0.07789488136768341	0.064141184091568	0.00036540301516652107	0.00042781804222613573	0.012960473075509071	False	[1 0 0 0 0 0]	[0 0 0 1 0 0]	[0 0 0 1 0 0]	[0 0 0 1 0 0]
64	0.125	0.15097804367542267	0.13285937905311584	0.0005845098639838398	0.00029717895085923374	0.017236972227692604	False	[0 0 0 0 0 0]	[0 0 0 0 0 0]	[0 0 0 0 0 0]	[0 0 0 0 0 0]
64	0.14749999344348907	0.07717976719141006	0.0626947358250618	0.0003337823727633804	0.0005278647295199335	0.013623380102217197	False	[1 0 0 0 0 0]	[0 0 0 1 0 0]	[0 0 0 1 0 0]	[0 0 0 1 0 0]
64	0.12250000238418579	0.14764940738677979	0.12939102947711945	0.0005784041713923216	0.00030013362993486226	0.017379842698574066	False	[0 0 0 0 0 0]	[0 0 0 0 0 0]	[0 0 0 0 0 0]	[0 0 0 0 0 0]
64	0.15000000596046448	0.07477035373449326	0.060873471200466156	0.0003360663540661335	0.00046374869998544455	0.013097064569592476	False	[1 0 0 0 0 0]	[0 0 0 1 0 0]	[0 0 0 1 0 0]	[0 0 0 1 0 0]
64	0.125	0.15393176674842834	0.13566167652606964	0.0005847852444276214	0.0002949828340206295	0.017390325665473938	False	[0 0 0 0 0 0]	[0 0 0 0 0 0]	[0 0 0 0 0 0]	[0 0 0 0 0 0]
64	0.1274999976158142	0.07628520578145981	0.06265121698379517	0.0003525620559230447	0.00046476413263008	0.012816660106182098	False	[1 0 0 0 0 0]	[0 0 0 1 0 0]	[0 0 0 1 0 0]	[0 0 0 1 0 0]
64	0.125	0.15467996895313263	0.13661770522594452	0.0005848333239555359	0.000301792926620692	0.017175646498799324	False	[0 0 0 0 0 0]	[0 0 0 0 0 0]	[0 0 0 0 0 0]	[0 0 0 0 0 0]
65	0.1274999976158142	0.040238432586193085	0.032082006335258484	0.00024212033895310014	0.0009665156248956919	0.006947789806872606	False	[1 0 0 0 0 0]	[0 0 0 1 0 0]	[0 0 0 1 0 0]	[0 0 0 1 0 0]
65	0.12250000238418579	0.07029800117015839	0.06028559058904648	0.00039317752816714346	0.0007612356566824019	0.008857992477715015	False	[0 0 0 0 0 0]	[0 0 0 0 0 0]	[0 0 0 0 0 0]	[0 0 0 0 0 0]
65	0.1274999976158142	0.0358252115547657	0.02702014148235321	0.00023157555551733822	0.0011082570999860764	0.0074652377516031265	False	[1 0 0 0 0 0]	[0 0 0 1 0 0]	[0 0 0 1 0 0]	[0 0 0 1 0 0]
65	0.125	0.06931992620229721	0.05929851904511452	0.0004037952166981995	0.0007614586502313614	0.00885615311563015	False	[0 0 0 0 0 0]	[0 0 0 0 0 0]	[0 0 0 0 0 0]	[0 0 0 0 0 0]
65	0.12999999523162842	0.038670994341373444	0.03043069876730442	0.00024204041983466595	0.0009778843959793448	0.007020371966063976	False	[1 0 0 0 0 0]	[0 0 0 1 0 0]	[0 0 0 1 0 0]	[0 0 0 1 0 0]
65	0.125	0.06885907799005508	0.05886898934841156	0.0003937730216421187	0.0007609511958435178	0.008835363201797009	False	[0 0 0 0 0 0]	[0 0 0 0 0 0]	[0 0 0 0 0 0]	[0 0 0 0 0 0]
65	0.13750000298023224	0.03633134067058563	0.027608809992671013	0.00022461889602709562	0.0010914491722360253	0.007406465243548155	False	[1 0 0 0 0 0]	[0 0 0 1 0 0]	[0 0 0 1 0 0]	[0 0 0 1 0 0]
65	0.12250000238418579	0.06958708167076111	0.0594819039106369	0.0003945344069506973	0.0007511835428886116	0.008959457278251648	False	[0 0 0 0 0 0]	[0 0 0 0 0 0]	[0 0 0 0 0 0]	[0 0 0 0 0 0]
65	0.14499999582767487	0.03881033509969711	0.030544590204954147	0.0002339209313504398	0.0009750044555403292	0.0070568230003118515	False	[1 0 0 0 0 0]	[0 0 0 1 0 0]	[0 0 0 1 0 0]	[0 0 0 1 0 0]
65	0.12250000238418579	0.06976092606782913	0.05975047126412392	0.0003997207386419177	0.0007480613421648741	0.008862676098942757	False	[0 0 0 0 0 0]	[0 0 0 0 0 0]	[0 0 0 0 0 0]	[0 0 0 0 0 0]
65	0.14000000059604645	0.037867363542318344	0.02924542874097824	0.00023143454745877534	0.0010435524163767695	0.00734694954007864	False	[1 0 0 0 0 0]	[0 0 0 1 0 0]	[0 0 0 1 0 0]	[0 0 0 1 0 0]
65	0.125	0.06952974200248718	0.05953563004732132	0.0003962492337450385	0.0007662347634322941	0.008831629529595375	False	[0 0 0 0 0 0]	[0 0 0 0 0 0]	[0 0 0 0 0 0]	[0 0 0 0 0 0]
65	0.1274999976158142	0.038583770394325256	0.02996642142534256	0.00024065590696409345	0.0010459967888891697	0.007330695167183876	False	[1 0 0 0 0 0]	[0 0 0 1 0 0]	[0 0 0 1 0 0]	[0 0 0 1 0 0]
65	0.11999999731779099	0.06813914328813553	0.0581221729516983	0.0003880212316289544	0.0007302779704332352	0.008898667991161346	False	[0 0 0 0 0 0]	[0 0 0 0 0 0]	[0 0 0 0 0 0]	[0 0 0 0 0 0]
65	0.14000000059604645	0.0369342565536499	0.0282259713858366	0.0002112324582412839	0.0011043093400076032	0.007392739877104759	False	[1 0 0 0 0 0]	[0 0 0 1 0 0]	[0 0 0 1 0 0]	[0 0 0 1 0 0]
65	0.11999999731779099	0.07095680385828018	0.060774147510528564	0.0004025126399938017	0.0007383721531368792	0.009041772224009037	False	[0 0 0 0 0 0]	[0 0 0 0 0 0]	[0 0 0 0 0 0]	[0 0 0 0 0 0]
65	0.13500000536441803	0.03789928928017616	0.029072396457195282	0.0002269303658977151	0.0011719615431502461	0.007428003009408712	False	[1 0 0 0 0 0]	[0 0 0 1 0 0]	[0 0 0 1 0 0]	[0 0 0 1 0 0]
65	0.125	0.0701507180929184	0.06031285226345062	0.00039435672806575894	0.0007468409021385014	0.008696670643985271	False	[0 0 0 0 0 0]	[0 0 0 0 0 0]	[0 0 0 0 0 0]	[0 0 0 0 0 0]
65	0.14249999821186066	0.038586679846048355	0.030136048793792725	0.00023511915060225874	0.0009877332486212254	0.007227778900414705	False	[1 0 0 0 0 0]	[0 0 0 1 0 0]	[0 0 0 1 0 0]	[0 0 0 1 0 0]
65	0.12250000238418579	0.06713397055864334	0.05713484808802605	0.0003719016385730356	0.0007838268647901714	0.008843392133712769	False	[0 0 0 0 0 0]	[0 0 0 0 0 0]	[0 0 0 0 0 0]	[0 0 0 0 0 0]
65	0.14000000059604645	0.03938589245080948	0.03127607703208923	0.00024055632820818573	0.0009578923345543444	0.0069113667123019695	False	[1 0 0 0 0 0]	[0 0 0 1 0 0]	[0 0 0 1 0 0]	[0 0 0 1 0 0]
65	0.11999999731779099	0.07135757803916931	0.061251457780599594	0.00039498982368968427	0.0007472010911442339	0.008963928557932377	False	[0 0 0 0 0 0]	[0 0 0 0 0 0]	[0 0 0 0 0 0]	[0 0 0 0 0 0]
65	0.1525000035762787	0.03641059622168541	0.027621043846011162	0.0002295640151714906	0.0011049751192331314	0.007455013692378998	False	[1 0 0 0 0 0]	[0 0 0 1 0 0]	[0 0 0 1 0 0]	[0 0 0 1 0 0]
65	0.11999999731779099	0.07030392438173294	0.060298383235931396	0.0003946608048863709	0.0007628645398654044	0.008848017081618309	False	[0 0 0 0 0 0]	[0 0 0 0 0 0]	[0 0 0 0 0 0]	[0 0 0 0 0 0]
65	0.13500000536441803	0.03719504922628403	0.028725510463118553	0.00022986506519373506	0.0010223910212516785	0.0072172838263213634	False	[1 0 0 0 0 0]	[0 0 0 1 0 0]	[0 0 0 1 0 0]	[0 0 0 1 0 0]
65	0.11749999970197678	0.06765445321798325	0.057650357484817505	0.00038717564893886447	0.0007484654197469354	0.008868452161550522	False	[0 0 0 0 0 0]	[0 0 0 0 0 0]	[0 0 0 0 0 0]	[0 0 0 0 0 0]
65	0.14000000059604645	0.03757505491375923	0.029290365055203438	0.00024453626247122884	0.000957186333835125	0.007082968484610319	False	[1 0 0 0 0 0]	[0 0 0 1 0 0]	[0 0 0 1 0 0]	[0 0 0 1 0 0]
65	0.12250000238418579	0.06995552778244019	0.05996556580066681	0.0003759779501706362	0.0007828742964193225	0.008831106126308441	False	[0 0 0 0 0 0]	[0 0 0 0 0 0]	[0 0 0 0 0 0]	[0 0 0 0 0 0]
65	0.1274999976158142	0.038576241582632065	0.030062410980463028	0.0002318013139301911	0.0010551997693255544	0.007226827088743448	False	[1 0 0 0 0 0]	[0 0 0 1 0 0]	[0 0 0 1 0 0]	[0 0 0 1 0 0]
65	0.125	0.07104343920946121	0.060922201722860336	0.00040646744309924543	0.0007594064809381962	0.008955364115536213	False	[0 0 0 0 0 0]	[0 0 0 0 0 0]	[0 0 0 0 0 0]	[0 0 0 0 0 0]
66	0.13500000536441803	0.04193318262696266	0.02933846041560173	0.000258485582889989	0.0019575287587940693	0.010378707200288773	False	[1 0 0 0 0 0]	[0 0 0 1 0 0]	[0 0 0 1 0 0]	[0 0 0 1 0 0]
66	0.125	0.07156244665384293	0.05676724761724472	0.000499089655932039	0.0012693693861365318	0.013026740401983261	False	[0 0 0 0 0 0]	[0 0 0 0 0 0]	[0 0 0 0 0 0]	[0 0 0 0 0 0]
66	0.12999999523162842	0.04106469079852104	0.028923997655510902	0.0002665009815245867	0.0018207394750788808	0.010053451173007488	False	[1 0 0 0 0 0]	[0 0 0 1 0 0]	[0 0 0 1 0 0]	[0 0 0 1 0 0]
66	0.12999999523162842	0.0727662593126297	0.058069389313459396	0.000501875823829323	0.0013256154488772154	0.012869377620518208	False	[0 0 0 0 0 0]	[0 0 0 0 0 0]	[0 0 0 0 0 0]	[0 0 0 0 0 0]
66	0.13249999284744263	0.04105207324028015	0.02769196406006813	0.00024601013865321875	0.00231025367975235	0.010803844779729843	False	[1 0 0 0 0 0]	[0 0 0 1 0 0]	[0 0 0 1 0 0]	[0 0 0 1 0 0]
66	0.125	0.07108362764120102	0.056326478719711304	0.0005040240939706564	0.0013049833942204714	0.012948138639330864	False	[0 0 0 0 0 0]	[0 0 0 0 0 0]	[0 0 0 0 0 0]	[0 0 0 0 0 0]
66	0.1550000011920929	0.04161647707223892	0.028840040788054466	0.0002728644176386297	0.0019416630966588855	0.010561911389231682	False	[1 0 0 0 0 0]	[0 0 0 1 0 0]	[0 0 0 1 0 0]	[0 0 0 1 0 0]
66	0.12999999523162842	0.07488598674535751	0.0599210187792778	0.0005137811531312764	0.0013069328851997852	0.013144253753125668	False	[0 0 0 0 0 0]	[0 0 0 0 0 0]	[0 0 0 0 0 0]	[0 0 0 0 0 0]
66	0.13500000536441803	0.04136703163385391	0.028895776718854904	0.00027206397498957813	0.0018825529841706157	0.010316640138626099	False	[1 0 0 0 0 0]	[0 0 0 1 0 0]	[0 0 0 1 0 0]	[0 0 0 1 0 0]
66	0.125	0.0719492956995964	0.05706178396940231	0.000487860816065222	0.0013420588802546263	0.013057591393589973	False	[0 0 0 0 0 0]	[0 0 0 0 0 0]	[0 0 0 0 0 0]	[0 0 0 0 0 0]
66	0.13249999284744263	0.04096066579222679	0.028767555952072144	0.00026954300119541585	0.0017806594260036945	0.010142907500267029	False	[1 0 0 0 0 0]	[0 0 0 1 0 0]	[0 0 0 1 0 0]	[0 0 0 1 0 0]
66	0.125	0.07523155212402344	0.060180895030498505	0.0004977103671990335	0.0013411234831437469	0.013211820274591446	False	[0 0 0 0 0 0]	[0 0 0 0 0 0]	[0 0 0 0 0 0]	[0 0 0 0 0 0]
66	0.13249999284744263	0.04162269085645676	0.029078951105475426	0.0002605501504149288	0.0019275534432381392	0.010355635546147823	False	[1 0 0 0 0 0]	[0 0 0 1 0 0]	[0 0 0 1 0 0]	[0 0 0 1 0 0]
66	0.12250000238418579	0.0724932849407196	0.05735825374722481	0.0004760519368574023	0.0013337767450138927	0.013325199484825134	False	[0 0 0 0 0 0]	[0 0 0 0 0 0]	[0 0 0 0 0 0]	[0 0 0 0 0 0]
66	0.14000000059604645	0.042215168476104736	0.029424412176012993	0.00025776377879083157	0.0019657607190310955	0.01056723389774561	False	[1 0 0 0 0 0]	[0 0 0 1 0 0]	[0 0 0 1 0 0]	[0 0 0 1 0 0]
66	0.125	0.07331619411706924	0.058284349739551544	0.0005004572449252009	0.0013145168777555227	0.013216872699558735	False	[0 0 0 0 0 0]	[0 0 0 0 0 0]	[0 0 0 0 0 0]	[0 0 0 0 0 0]
66	0.12999999523162842	0.04240712895989418	0.0294384453445673	0.0002513998479116708	0.00214189849793911	0.010575388558208942	False	[1 0 0 0 0 0]	[0 0 0 1 0 0]	[0 0 0 1 0 0]	[0 0 0 1 0 0]
66	0.125	0.07227211445569992	0.05744031071662903	0.0004864770744461566	0.0012992583215236664	0.013046066276729107	False	[0 0 0 0 0 0]	[0 0 0 0 0 0]	[0 0 0 0 0 0]	[0 0 0 0 0 0]
66	0.13500000536441803	0.041254617273807526	0.028466111049056053	0.0002621701860334724	0.001969197066500783	0.010557138361036777	False	[1 0 0 0 0 0]	[0 0 0 1 0 0]	[0 0 0 1 0 0]	[0 0 0 1 0 0]
66	0.12250000238418579	0.07527320086956024	0.06005600467324257	0.0004935959004797041	0.0013681717682629824	0.013355429284274578	False	[0 0 0 0 0 0]	[0 0 0 0 0 0]	[0 0 0 0 0 0]	[0 0 0 0 0 0]
66	0.13249999284744263	0.042563341557979584	0.03040582314133644	0.0002730608102865517	0.0018019381677731872	0.01008252240717411	False	[1 0 0 0 0 0]	[0 0 0 1 0 0]	[0 0 0 1 0 0]	[0 0 0 1 0 0]
66	0.125	0.07286494970321655	0.05799710005521774	0.0005007287254557014	0.0012965102214366198	0.013070613145828247	False	[0 0 0 0 0 0]	[0 0 0 0 0 0]	[0 0 0 0 0 0]	[0 0 0 0 0 0]
66	0.13500000536441803	0.042528752237558365	0.030323516577482224	0.0002739588962867856	0.0016952432924881577	0.01023603230714798	False	[1 0 0 0 0 0]	[0 0 0 1 0 0]	[0 0 0 1 0 0]	[0 0 0 1 0 0]
66	0.11749999970197678	0.07240873575210571	0.05756615847349167	0.0004981895326636732	0.0012881940929219127	0.013056192547082901	False	[0 0 0 0 0 0]	[0 0 0 0 0 0]	[0 0 0 0 0 0]	[0 0 0 0 0 0]
66	0.13750000298023224	0.042470790445804596	0.03043590486049652	0.00027779187075793743	0.001759225269779563	0.009997868910431862	False	[1 0 0 0 0 0]	[0 0 0 1 0 0]	[0 0 0 1 0 0]	[0 0 0 1 0 0]
66	0.125	0.07024379074573517	0.0555635429918766	0.0005016793147660792	0.0012742811813950539	0.012904283590614796	False	[0 0 0 0 0 0]	[0 0 0 0 0 0]	[0 0 0 0 0 0]	[0 0 0 0 0 0]
66	0.14000000059604645	0.04309319704771042	0.03082459047436714	0.000269741693045944	0.0018245760584250093	0.010174291208386421	False	[1 0 0 0 0 0]	[0 0 0 1 0 0]	[0 0 0 1 0 0]	[0 0 0 1 0 0]
66	0.12250000238418579	0.0721510574221611	0.05704335868358612	0.00047970228479243815	0.0012825886951759458	0.013345406390726566	False	[0 0 0 0 0 0]	[0 0 0 0 0 0]	[0 0 0 0 0 0]	[0 0 0 0 0 0]
66	0.13500000536441803	0.04190737009048462	0.029404085129499435	0.00025861820904538035	0.0018726553535088897	0.010372010059654713	False	[1 0 0 0 0 0]	[0 0 0 1 0 0]	[0 0 0 1 0 0]	[0 0 0 1 0 0]
66	0.12999999523162842	0.07465484738349915	0.059559453278779984	0.0004980686935596168	0.0013621948892250657	0.01323513500392437	False	[0 0 0 0 0 0]	[0 0 0 0 0 0]	[0 0 0 0 0 0]	[0 0 0 0 0 0]
67	0.14499999582767487	0.040360283106565475	0.023646125569939613	0.0005556797841563821	0.0033351625315845013	0.0128233153373003	False	[1 0 0 0 0 0]	[0 0 0 1 0 0]	[0 0 0 1 0 0]	[0 0 0 1 0 0]
67	0.11999999731779099	0.07589887082576752	0.05397924408316612	0.0012232294538989663	0.002027300652116537	0.018669094890356064	False	[0 0 0 0 0 0]	[0 0 0 0 0 0]	[0 0 0 0 0 0]	[0 0 0 0 0 0]
67	0.14499999582767487	0.042787812650203705	0.026351323351264	0.0005795228644274175	0.003144858404994011	0.012712106108665466	False	[1 0 0 0 0 0]	[0 0 0 1 0 0]	[0 0 0 1 0 0]	[0 0 0 1 0 0]
67	0.11999999731779099	0.07231546193361282	0.05080568417906761	0.001221726299263537	0.001958462642505765	0.018329588696360588	False	[0 0 0 0 0 0]	[0 0 0 0 0 0]	[0 0 0 0 0 0]	[0 0 0 0 0 0]
67	0.1550000011920929	0.04378809779882431	0.027184205129742622	0.0005690642283298075	0.0033724552486091852	0.012662373483181	False	[1 0 0 0 0 0]	[0 0 0 1 0 0]	[0 0 0 1 0 0]	[0 0 0 1 0 0]
67	0.11749999970197678	0.07246897369623184	0.05083291977643967	0.0012616170570254326	0.001937640830874443	0.018436798825860023	False	[0 0 0 0 0 0]	[0 0 0 0 0 0]	[0 0 0 0 0 0]	[0 0 0 0 0 0]
67	0.13249999284744263	0.04303499311208725	0.027459463104605675	0.0006078237784095109	0.00277442904189229	0.012193276546895504	False	[1 0 0 0 0 0]	[0 0 0 1 0 0]	[0 0 0 1 0 0]	[0 0 0 1 0 0]
67	0.11999999731779099	0.07261816412210464	0.051280248910188675	0.0012261532247066498	0.0019211454782634974	0.018190616741776466	False	[0 0 0 0 0 0]	[0 0 0 0 0 0]	[0 0 0 0 0 0]	[0 0 0 0 0 0]
67	0.12250000238418579	0.04292088747024536	0.02655624784529209	0.0005683649214915931	0.0031255288049578667	0.012670746073126793	False	[1 0 0 0 0 0]	[0 0 0 1 0 0]	[0 0 0 1 0 0]	[0 0 0 1 0 0]
67	0.125	0.07295669615268707	0.05145854875445366	0.0012274821056053042	0.0019213533960282803	0.018349315971136093	False	[0 0 0 0 0 0]	[0 0 0 0 0 0]	[0 0 0 0 0 0]	[0 0 0 0 0 0]
67	0.14499999582767487	0.04166996479034424	0.026269901543855667	0.0006260161753743887	0.0026459689252078533	0.012128078378736973	False	[1 0 0 0 0 0]	[0 0 0 1 0 0]	[0 0 0 1 0 0]	[0 0 0 1 0 0]
67	0.125	0.0721527710556984	0.050494808703660965	0.0012423819862306118	0.0019674140494316816	0.01844816468656063	False	[0 0 0 0 0 0]	[0 0 0 0 0 0]	[0 0 0 0 0 0]	[0 0 0 0 0 0]
67	0.14000000059604645	0.04366619139909744	0.02762296050786972	0.0005436274223029613	0.003060614224523306	0.012438989244401455	False	[1 0 0 0 0 0]	[0 0 0 1 0 0]	[0 0 0 1 0 0]	[0 0 0 1 0 0]
67	0.11500000208616257	0.07236184179782867	0.051167603582143784	0.0012105639325454831	0.001956317573785782	0.01802736148238182	False	[0 0 0 0 0 0]	[0 0 0 0 0 0]	[0 0 0 0 0 0]	[0 0 0 0 0 0]
67	0.14000000059604645	0.04412804916501045	0.028171392157673836	0.0005884385318495333	0.0029611585196107626	0.012407061643898487	False	[1 0 0 0 0 0]	[0 0 0 1 0 0]	[0 0 0 1 0 0]	[0 0 0 1 0 0]
67	0.125	0.07057059556245804	0.04949772357940674	0.0012386792805045843	0.0019053322030231357	0.01792885921895504	False	[0 0 0 0 0 0]	[0 0 0 0 0 0]	[0 0 0 0 0 0]	[0 0 0 0 0 0]
67	0.14000000059604645	0.04305536299943924	0.02673683688044548	0.0005853817565366626	0.003067248035222292	0.012665899470448494	False	[1 0 0 0 0 0]	[0 0 0 1 0 0]	[0 0 0 1 0 0]	[0 0 0 1 0 0]
67	0.12250000238418579	0.07312282919883728	0.05149642378091812	0.001228042645379901	0.001934811589308083	0.018463555723428726	False	[0 0 0 0 0 0]	[0 0 0 0 0 0]	[0 0 0 0 0 0]	[0 0 0 0 0 0]
67	0.12999999523162842	0.043095678091049194	0.026791226118803024	0.0005707723903469741	0.0031001684255898	0.012633513659238815	False	[1 0 0 0 0 0]	[0 0 0 1 0 0]	[0 0 0 1 0 0]	[0 0 0 1 0 0]
67	0.12250000238418579	0.07183057069778442	0.05064599588513374	0.0012125518405809999	0.0019450719701126218	0.01802695542573929	False	[0 0 0 0 0 0]	[0 0 0 0 0 0]	[0 0 0 0 0 0]	[0 0 0 0 0 0]
67	0.125	0.04119787737727165	0.0242328941822052	0.0005366510013118386	0.0035537737421691418	0.012874558568000793	False	[1 0 0 0 0 0]	[0 0 0 1 0 0]	[0 0 0 1 0 0]	[0 0 0 1 0 0]
67	0.125	0.07290025800466537	0.051202476024627686	0.0012003227602690458	0.0019517432665452361	0.018545717000961304	False	[0 0 0 0 0 0]	[0 0 0 0 0 0]	[0 0 0 0 0 0]	[0 0 0 0 0 0]
67	0.14499999582767487	0.04380897060036659	0.027090638875961304	0.0005304979276843369	0.0034875916317105293	0.012700241059064865	False	[1 0 0 0 0 0]	[0 0 0 1 0 0]	[0 0 0 1 0 0]	[0 0 0 1 0 0]
67	0.12250000238418579	0.07055354863405228	0.04925287514925003	0.0011743356008082628	0.0019690438639372587	0.018157294020056725	False	[0 0 0 0 0 0]	[0 0 0 0 0 0]	[0 0 0 0 0 0]	[0 0 0 0 0 0]
67	0.14249999821186066	0.04202629253268242	0.024838197976350784	0.0005488836904987693	0.0035219944547861814	0.013117216527462006	False	[1 0 0 0 0 0]	[0 0 0 1 0 0]	[0 0 0 1 0 0]	[0 0 0 1 0 0]
67	0.125	0.07213974744081497	0.05045619606971741	0.0012177544413134456	0.002014597412198782	0.018451200798153877	False	[0 0 0 0 0 0]	[0 0 0 0 0 0]	[0 0 0 0 0 0]	[0 0 0 0 0 0]
67	0.125	0.04280274361371994	0.026532266288995743	0.000567136041354388	0.0031377021223306656	0.012565640732645988	False	[1 0 0 0 0 0]	[0 0 0 1 0 0]	[0 0 0 1 0 0]	[0 0 0 1 0 0]
67	0.1274999976158142	0.07129184901714325	0.0504612997174263	0.0012091704411432147	0.0019301829161122441	0.017691193148493767	False	[0 0 0 0 0 0]	[0 0 0 0 0 0]	[0 0 0 0 0 0]	[0 0 0 0 0 0]
67	0.14000000059604645	0.04244835302233696	0.026923390105366707	0.0006082759355194867	0.002789591671898961	0.012127093970775604	False	[1 0 0 0 0 0]	[0 0 0 1 0 0]	[0 0 0 1 0 0]	[0 0 0 1 0 0]
67	0.12250000238418579	0.0715685486793518	0.05031343549489975	0.0012346343137323856	0.0018909827340394258	0.018129494041204453	False	[0 0 0 0 0 0]	[0 0 0 0 0 0]	[0 0 0 0 0 0]	[0 0 0 0 0 0]
68	0.14000000059604645	0.07295143604278564	0.05804925784468651	0.0006747861625626683	0.003908322658389807	0.010319072753190994	False	[1 0 0 0 0 0]	[0 0 0 1 0 0]	[0 0 0 1 0 0]	[0 0 0 1 0 0]
68	0.11999999731779099	0.13739970326423645	0.11909721046686172	0.0011212645331397653	0.00247766962274909	0.014703554101288319	False	[0 0 0 0 0 0]	[0 0 0 0 0 0]	[0 0 0 0 0 0]	[0 0 0 0 0 0]
68	0.12999999523162842	0.07800942659378052	0.06361406296491623	0.0006788992322981358	0.003444669069722295	0.010271791368722916	False	[1 0 0 0 0 0]	[0 0 0 1 0 0]	[0 0 0 1 0 0]	[0 0 0 1 0 0]
68	0.1274999976158142	0.14132902026176453	0.12312061339616776	0.001096526742912829	0.0025119998026639223	0.01459988672286272	False	[0 0 0 0 0 0]	[0 0 0 0 0 0]	[0 0 0 0 0 0]	[0 0 0 0 0 0]
68	0.12250000238418579	0.0792231559753418	0.06419007480144501	0.0006769884494133294	0.003979700617492199	0.010376396588981152	False	[1 0 0 0 0 0]	[0 0 0 1 0 0]	[0 0 0 1 0 0]	[0 0 0 1 0 0]
68	0.1274999976158142	0.1399102509021759	0.122017502784729	0.0011142314178869128	0.0025133956223726273	0.014265123754739761	False	[0 0 0 0 0 0]	[0 0 0 0 0 0]	[0 0 0 0 0 0]	[0 0 0 0 0 0]
68	0.14499999582767487	0.07405681908130646	0.05959498509764671	0.0006828456535004079	0.003566524013876915	0.01021246425807476	False	[1 0 0 0 0 0]	[0 0 0 1 0 0]	[0 0 0 1 0 0]	[0 0 0 1 0 0]
68	0.11999999731779099	0.13142162561416626	0.11352571099996567	0.001106499694287777	0.002474880078807473	0.014314531348645687	False	[0 0 0 0 0 0]	[0 0 0 0 0 0]	[0 0 0 0 0 0]	[0 0 0 0 0 0]
68	0.14499999582767487	0.08048577606678009	0.06572376191616058	0.00068246218143031	0.003616476431488991	0.01046307198703289	False	[1 0 0 0 0 0]	[0 0 0 1 0 0]	[0 0 0 1 0 0]	[0 0 0 1 0 0]
68	0.125	0.1595762073993683	0.14031395316123962	0.0011104908771812916	0.0026962226256728172	0.015455547720193863	False	[0 0 0 0 0 0]	[0 0 0 0 0 0]	[0 0 0 0 0 0]	[0 0 0 0 0 0]
68	0.1550000011920929	0.07587245851755142	0.0606403686106205	0.0006496499991044402	0.004170049913227558	0.010412388481199741	False	[1 0 0 0 0 0]	[0 0 0 1 0 0]	[0 0 0 1 0 0]	[0 0 0 1 0 0]
68	0.125	0.14021001756191254	0.12164699286222458	0.0010880447225645185	0.0025631068274378777	0.014911881648004055	False	[0 0 0 0 0 0]	[0 0 0 0 0 0]	[0 0 0 0 0 0]	[0 0 0 0 0 0]
68	0.13249999284744263	0.07844540476799011	0.06348588317632675	0.0006447810446843505	0.004006235394626856	0.010308501310646534	False	[1 0 0 0 0 0]	[0 0 0 1 0 0]	[0 0 0 1 0 0]	[0 0 0 1 0 0]
68	0.12250000238418579	0.1438475102186203	0.12514057755470276	0.0011504805879667401	0.0025793735403567553	0.014977077022194862	False	[0 0 0 0 0 0]	[0 0 0 0 0 0]	[0 0 0 0 0 0]	[0 0 0 0 0 0]
68	0.14000000059604645	0.07805030792951584	0.06339717656373978	0.0006553411949425936	0.00373860914260149	0.010259178467094898	False	[1 0 0 0 0 0]	[0 0 0 1 0 0]	[0 0 0 1 0 0]	[0 0 0 1 0 0]
68	0.12250000238418579	0.13621316850185394	0.11750327795743942	0.0010569923324510455	0.002575153950601816	0.015077748335897923	False	[0 0 0 0 0 0]	[0 0 0 0 0 0]	[0 0 0 0 0 0]	[0 0 0 0 0 0]
68	0.14499999582767487	0.07494211196899414	0.0599968321621418	0.0006438525742851198	0.004071047063916922	0.010230373591184616	False	[1 0 0 0 0 0]	[0 0 0 1 0 0]	[0 0 0 1 0 0]	[0 0 0 1 0 0]
68	0.11999999731779099	0.1335216611623764	0.11562158912420273	0.001077484805136919	0.0024565632920712233	0.0143660269677639	False	[0 0 0 0 0 0]	[0 0 0 0 0 0]	[0 0 0 0 0 0]	[0 0 0 0 0 0]
68	0.13750000298023224	0.0789869874715805	0.06377079337835312	0.0006569696706719697	0.004070992115885019	0.01048823818564415	False	[1 0 0 0 0 0]	[0 0 0 1 0 0]	[0 0 0 1 0 0]	[0 0 0 1 0 0]
68	0.125	0.13703836500644684	0.11902013421058655	0.0011216448619961739	0.0024796943180263042	0.014416893944144249	False	[0 0 0 0 0 0]	[0 0 0 0 0 0]	[0 0 0 0 0 0]	[0 0 0 0 0 0]
68	0.13249999284744263	0.0800584927201271	0.06556518375873566	0.000659015669953078	0.0036588350776582956	0.010175454430282116	False	[1 0 0 0 0 0]	[0 0 0 1 0 0]	[0 0 0 1 0 0]	[0 0 0 1 0 0]
68	0.12999999523162842	0.13583065569400787	0.11763539910316467	0.0011151937069371343	0.002491905353963375	0.014588161371648312	False	[0 0 0 0 0 0]	[0 0 0 0 0 0]	[0 0 0 0 0 0]	[0 0 0 0 0 0]
68	0.1550000011920929	0.07605195045471191	0.06063193827867508	0.0006606837850995362	0.004274748731404543	0.010484575293958187	False	[1 0 0 0 0 0]	[0 0 0 1 0 0]	[0 0 0 1 0 0]	[0 0 0 1 0 0]
68	0.11500000208616257	0.14169073104858398	0.12306901067495346	0.001125219976529479	0.0025610458105802536	0.01493547111749649	False	[0 0 0 0 0 0]	[0 0 0 0 0 0]	[0 0 0 0 0 0]	[0 0 0 0 0 0]
68	0.12999999523162842	0.07671675086021423	0.06254583597183228	0.000668103399220854	0.003467796603217721	0.0100350147113204	False	[1 0 0 0 0 0]	[0 0 0 1 0 0]	[0 0 0 1 0 0]	[0 0 0 1 0 0]
68	0.125	0.13676917552947998	0.11852708458900452	0.0011045910650864244	0.002524872310459614	0.014612625353038311	False	[0 0 0 0 0 0]	[0 0 0 0 0 0]	[0 0 0 0 0 0]	[0 0 0 0 0 0]
68	0.14249999821186066	0.07244455069303513	0.05669669806957245	0.0006636363104917109	0.004406701773405075	0.010677511803805828	False	[1 0 0 0 0 0]	[0 0 0 1 0 0]	[0 0 0 1 0 0]	[0 0 0 1 0 0]
68	0.12250000238418579	0.12743152678012848	0.10953076183795929	0.0010804652702063322	0.002477189525961876	0.014343111775815487	False	[0 0 0 0 0 0]	[0 0 0 0 0 0]	[0 0 0 0 0 0]	[0 0 0 0 0 0]
68	0.14499999582767487	0.07588745653629303	0.06091500073671341	0.0006855799001641572	0.0038227555342018604	0.010464118793606758	False	[1 0 0 0 0 0]	[0 0 0 1 0 0]	[0 0 0 1 0 0]	[0 0 0 1 0 0]
68	0.1274999976158142	0.1495831310749054	0.1310466080904007	0.0011009511072188616	0.00254369480535388	0.014891879633069038	False	[0 0 0 0 0 0]	[0 0 0 0 0 0]	[0 0 0 0 0 0]	[0 0 0 0 0 0]
69	0.13500000536441803	0.17049849033355713	0.16072270274162292	0.0003466858179308474	0.003069555154070258	0.006359545048326254	False	[1 0 0 0 0 0]	[0 0 0 1 0 0]	[0 0 0 1 0 0]	[0 0 0 1 0 0]
69	0.12250000238418579	0.24739089608192444	0.23361989855766296	0.0006999382167123258	0.0027221720665693283	0.010348884388804436	False	[0 0 0 0 0 0]	[0 0 0 0 0 0]	[0 0 0 0 0 0]	[0 0 0 0 0 0]
69	0.13500000536441803	0.18236872553825378	0.1726822704076767	0.00035523512633517385	0.0030229571275413036	0.006308265030384064	False	[1 0 0 0 0 0]	[0 0 0 1 0 0]	[0 0 0 1 0 0]	[0 0 0 1 0 0]
69	0.125	0.2464366853237152	0.2326100766658783	0.0006945098866708577	0.0027198016177862883	0.010412285104393959	False	[0 0 0 0 0 0]	[0 0 0 0 0 0]	[0 0 0 0 0 0]	[0 0 0 0 0 0]
69	0.13500000536441803	0.17244744300842285	0.16271448135375977	0.00034574215533211827	0.003195863449946046	0.006191357038915157	False	[1 0 0 0 0 0]	[0 0 0 1 0 0]	[0 0 0 1 0 0]	[0 0 0 1 0 0]
69	0.12250000238418579	0.23646944761276245	0.22304558753967285	0.0006748862797394395	0.0026168515905737877	0.010132123716175556	False	[0 0 0 0 0 0]	[0 0 0 0 0 0]	[0 0 0 0 0 0]	[0 0 0 0 0 0]
69	0.12999999523162842	0.16828782856464386	0.15865910053253174	0.00033941655419766903	0.003105261130258441	0.006184042431414127	False	[1 0 0 0 0 0]	[0 0 0 1 0 0]	[0 0 0 1 0 0]	[0 0 0 1 0 0]
69	0.125	0.252168208360672	0.23854239284992218	0.0007024036021903157	0.002649368019774556	0.010274047031998634	False	[0 0 0 0 0 0]	[0 0 0 0 0 0]	[0 0 0 0 0 0]	[0 0 0 0 0 0]
69	0.1274999976158142	0.16930294036865234	0.15898014605045319	0.00033984440960921347	0.003420448862016201	0.006562494672834873	False	[1 0 0 0 0 0]	[0 0 0 1 0 0]	[0 0 0 1 0 0]	[0 0 0 1 0 0]
69	0.125	0.23562079668045044	0.22228609025478363	0.0006874913233332336	0.0025971457362174988	0.010050064884126186	False	[0 0 0 0 0 0]	[0 0 0 0 0 0]	[0 0 0 0 0 0]	[0 0 0 0 0 0]
69	0.14499999582767487	0.17283380031585693	0.16299833357334137	0.0003437834093347192	0.0031619651708751917	0.006329715251922607	False	[1 0 0 0 0 0]	[0 0 0 1 0 0]	[0 0 0 1 0 0]	[0 0 0 1 0 0]
69	0.11999999731779099	0.24250179529190063	0.2289695292711258	0.0007063269149512053	0.002622444648295641	0.010203493759036064	False	[0 0 0 0 0 0]	[0 0 0 0 0 0]	[0 0 0 0 0 0]	[0 0 0 0 0 0]
69	0.13500000536441803	0.18200980126857758	0.17225545644760132	0.00034565970418043435	0.003171408548951149	0.006237267982214689	False	[1 0 0 0 0 0]	[0 0 0 1 0 0]	[0 0 0 1 0 0]	[0 0 0 1 0 0]
69	0.125	0.25233107805252075	0.23865649104118347	0.000703202560544014	0.002645190106704831	0.010326199233531952	False	[0 0 0 0 0 0]	[0 0 0 0 0 0]	[0 0 0 0 0 0]	[0 0 0 0 0 0]
69	0.16249999403953552	0.16849929094314575	0.15847453474998474	0.00032300493330694735	0.0035034166648983955	0.0061983466148376465	False	[1 0 0 0 0 0]	[0 0 0 1 0 0]	[0 0 0 1 0 0]	[0 0 0 1 0 0]
69	0.125	0.2458239197731018	0.23214417695999146	0.000709079613443464	0.00261226505972445	0.010358389467000961	False	[0 0 0 0 0 0]	[0 0 0 0 0 0]	[0 0 0 0 0 0]	[0 0 0 0 0 0]
69	0.14249999821186066	0.1779494732618332	0.16794300079345703	0.0003459567960817367	0.0033063937444239855	0.006354128941893578	False	[1 0 0 0 0 0]	[0 0 0 1 0 0]	[0 0 0 1 0 0]	[0 0 0 1 0 0]
69	0.12250000238418579	0.23788543045520782	0.22439204156398773	0.0006910791853442788	0.002629451919347048	0.010172848589718342	False	[0 0 0 0 0 0]	[0 0 0 0 0 0]	[0 0 0 0 0 0]	[0 0 0 0 0 0]
69	0.13500000536441803	0.17458750307559967	0.1648429036140442	0.0003380037669558078	0.0032782875932753086	0.0061283111572265625	False	[1 0 0 0 0 0]	[0 0 0 1 0 0]	[0 0 0 1 0 0]	[0 0 0 1 0 0]
69	0.11999999731779099	0.2442949116230011	0.23072297871112823	0.0007103151292540133	0.002635984681546688	0.010225643403828144	False	[0 0 0 0 0 0]	[0 0 0 0 0 0]	[0 0 0 0 0 0]	[0 0 0 0 0 0]
69	0.12999999523162842	0.1709553301334381	0.16077592968940735	0.0003328916209284216	0.0034619062207639217	0.006384600419551134	False	[1 0 0 0 0 0]	[0 0 0 1 0 0]	[0 0 0 1 0 0]	[0 0 0 1 0 0]
69	0.1274999976158142	0.23651058971881866	0.2231614589691162	0.0006972833652980626	0.0025826727505773306	0.010069180279970169	False	[0 0 0 0 0 0]	[0 0 0 0 0 0]	[0 0 0 0 0 0]	[0 0 0 0 0 0]
69	0.14749999344348907	0.17111563682556152	0.16157884895801544	0.0003462571476120502	0.003055170178413391	0.006135361734777689	False	[1 0 0 0 0 0]	[0 0 0 1 0 0]	[0 0 0 1 0 0]	[0 0 0 1 0 0]
69	0.12250000238418579	0.2404118776321411	0.22712740302085876	0.000687520659994334	0.0025905552320182323	0.010006390511989594	False	[0 0 0 0 0 0]	[0 0 0 0 0 0]	[0 0 0 0 0 0]	[0 0 0 0 0 0]
69	0.13500000536441803	0.16769066452980042	0.15824884176254272	0.00034586311085149646	0.0029510546009987593	0.0061449091881513596	False	[1 0 0 0 0 0]	[0 0 0 1 0 0]	[0 0 0 1 0 0]	[0 0 0 1 0 0]
69	0.125	0.24064753949642181	0.22707818448543549	0.0006938594742678106	0.002642766572535038	0.010232730768620968	False	[0 0 0 0 0 0]	[0 0 0 0 0 0]	[0 0 0 0 0 0]	[0 0 0 0 0 0]
69	0.13500000536441803	0.16287502646446228	0.1528874635696411	0.00034022514591924846	0.003274405375123024	0.006372926756739616	False	[1 0 0 0 0 0]	[0 0 0 1 0 0]	[0 0 0 1 0 0]	[0 0 0 1 0 0]
69	0.125	0.24309377372264862	0.2295515090227127	0.0007011707639321685	0.002681207377463579	0.010159874334931374	False	[0 0 0 0 0 0]	[0 0 0 0 0 0]	[0 0 0 0 0 0]	[0 0 0 0 0 0]
69	0.13500000536441803	0.18317101895809174	0.17324672639369965	0.0003482508473098278	0.0032694200053811073	0.006306624040007591	False	[1 0 0 0 0 0]	[0 0 0 1 0 0]	[0 0 0 1 0 0]	[0 0 0 1 0 0]
69	0.11749999970197678	0.2375871241092682	0.22420185804367065	0.0006943023763597012	0.00260863546282053	0.010082326829433441	False	[0 0 0 0 0 0]	[0 0 0 0 0 0]	[0 0 0 0 0 0]	[0 0 0 0 0 0]
70	0.125	0.2562493681907654	0.23960521817207336	0.00012731735478155315	0.005656349007040262	0.01086050271987915	False	[1 0 0 0 0 0]	[0 0 0 1 0 0]	[0 0 0 1 0 0]	[0 0 0 1 0 0]
70	0.11999999731779099	0.5287268161773682	0.472587525844574	0.0005751751596108079	0.0033096028491854668	0.05225449055433273	False	[0 0 0 0 0 0]	[0 0 0 0 0 0]	[0 0 0 0 0 0]	[0 0 0 0 0 0]
70	0.1274999976158142	0.25247472524642944	0.23538607358932495	0.00013130025763530284	0.005870138294994831	0.011087235994637012	False	[1 0 0 0 0 0]	[0 0 0 1 0 0]	[0 0 0 1 0 0]	[0 0 0 1 0 0]
70	0.1274999976158142	0.5505297183990479	0.49790868163108826	0.000586526351980865	0.0035243085585534573	0.04851018637418747	False	[0 0 0 0 0 0]	[0 0 0 0 0 0]	[0 0 0 0 0 0]	[0 0 0 0 0 0]
70	0.14000000059604645	0.2548559904098511	0.23854541778564453	0.000130151238408871	0.005480567459017038	0.010699855163693428	False	[1 0 0 0 0 0]	[0 0 0 1 0 0]	[0 0 0 1 0 0]	[0 0 0 1 0 0]
70	0.12250000238418579	0.54381263256073	0.4920095205307007	0.0005736288730986416	0.003506228793412447	0.047723203897476196	False	[0 0 0 0 0 0]	[0 0 0 0 0 0]	[0 0 0 0 0 0]	[0 0 0 0 0 0]
70	0.14000000059604645	0.25907108187675476	0.24270927906036377	0.00012759212404489517	0.005613485351204872	0.01062071043998003	False	[1 0 0 0 0 0]	[0 0 0 1 0 0]	[0 0 0 1 0 0]	[0 0 0 1 0 0]
70	0.12999999523162842	0.5435539484024048	0.4915856122970581	0.0005670887767337263	0.0034193885512650013	0.047981876879930496	False	[0 0 0 0 0 0]	[0 0 0 0 0 0]	[0 0 0 0 0 0]	[0 0 0 0 0 0]
70	0.125	0.2523525655269623	0.2363184243440628	0.00013100201613269746	0.005439475178718567	0.010463670827448368	False	[1 0 0 0 0 0]	[0 0 0 1 0 0]	[0 0 0 1 0 0]	[0 0 0 1 0 0]
70	0.11999999731779099	0.5521515011787415	0.5022603273391724	0.0005658823647536337	0.003428476396948099	0.04589683935046196	False	[0 0 0 0 0 0]	[0 0 0 0 0 0]	[0 0 0 0 0 0]	[0 0 0 0 0 0]
70	0.13500000536441803	0.2624562680721283	0.2463478446006775	0.00012638673069886863	0.005816412623971701	0.010165642946958542	False	[1 0 0 0 0 0]	[0 0 0 1 0 0]	[0 0 0 1 0 0]	[0 0 0 1 0 0]
70	0.1274999976158142	0.552349328994751	0.5009444355964661	0.0005924085853621364	0.003471618751063943	0.047340843826532364	False	[0 0 0 0 0 0]	[0 0 0 0 0 0]	[0 0 0 0 0 0]	[0 0 0 0 0 0]
70	0.14000000059604645	0.2596260905265808	0.2433832287788391	0.00012794285430572927	0.005551388952881098	0.010563530959188938	False	[1 0 0 0 0 0]	[0 0 0 1 0 0]	[0 0 0 1 0 0]	[0 0 0 1 0 0]
70	0.12999999523162842	0.5454272031784058	0.4950798749923706	0.0005870774621143937	0.003350714920088649	0.04640953615307808	False	[0 0 0 0 0 0]	[0 0 0 0 0 0]	[0 0 0 0 0 0]	[0 0 0 0 0 0]
70	0.13249999284744263	0.2563040554523468	0.238970547914505	0.00012848460755776614	0.006170216016471386	0.011034821160137653	False	[1 0 0 0 0 0]	[0 0 0 1 0 0]	[0 0 0 1 0 0]	[0 0 0 1 0 0]
70	0.11999999731779099	0.5416969060897827	0.4909698963165283	0.0005909158498980105	0.003305546473711729	0.046830520033836365	False	[0 0 0 0 0 0]	[0 0 0 0 0 0]	[0 0 0 0 0 0]	[0 0 0 0 0 0]
70	0.125	0.24960777163505554	0.23324178159236908	0.00013632637273985893	0.0051298802718520164	0.011099781841039658	False	[1 0 0 0 0 0]	[0 0 0 1 0 0]	[0 0 0 1 0 0]	[0 0 0 1 0 0]
70	0.125	0.5591474771499634	0.5083520412445068	0.000587135087698698	0.0034109202679246664	0.04679739475250244	False	[0 0 0 0 0 0]	[0 0 0 0 0 0]	[0 0 0 0 0 0]	[0 0 0 0 0 0]
70	0.12250000238418579	0.25517943501472473	0.2379954308271408	0.0001298002025578171	0.0060818614438176155	0.010972332209348679	False	[1 0 0 0 0 0]	[0 0 0 1 0 0]	[0 0 0 1 0 0]	[0 0 0 1 0 0]
70	0.125	0.5371137857437134	0.48534613847732544	0.0005832231836393476	0.00335927726700902	0.04782513529062271	False	[0 0 0 0 0 0]	[0 0 0 0 0 0]	[0 0 0 0 0 0]	[0 0 0 0 0 0]
70	0.13249999284744263	0.2595939040184021	0.2435908019542694	0.00013023616338614374	0.0054419441148638725	0.010430923663079739	False	[1 0 0 0 0 0]	[0 0 0 1 0 0]	[0 0 0 1 0 0]	[0 0 0 1 0 0]
70	0.11999999731779099	0.5366928577423096	0.48271918296813965	0.0005777786718681455	0.0034532705321907997	0.04994259029626846	False	[0 0 0 0 0 0]	[0 0 0 0 0 0]	[0 0 0 0 0 0]	[0 0 0 0 0 0]
70	0.14000000059604645	0.2449813038110733	0.227370023727417	0.00013963092351332307	0.005854491610080004	0.011617172509431839	False	[1 0 0 0 0 0]	[0 0 0 1 0 0]	[0 0 0 1 0 0]	[0 0 0 1 0 0]
70	0.12250000238418579	0.550411581993103	0.497079074382782	0.0005905494326725602	0.0034560970962047577	0.04928582161664963	False	[0 0 0 0 0 0]	[0 0 0 0 0 0]	[0 0 0 0 0 0]	[0 0 0 0 0 0]
70	0.13750000298023224	0.26027053594589233	0.2433788776397705	0.00012455422256607562	0.006006961222738028	0.010760141536593437	False	[1 0 0 0 0 0]	[0 0 0 1 0 0]	[0 0 0 1 0 0]	[0 0 0 1 0 0]
70	0.125	0.5415117740631104	0.48905283212661743	0.0005881937686353922	0.003401928348466754	0.04846877604722977	False	[0 0 0 0 0 0]	[0 0 0 0 0 0]	[0 0 0 0 0 0]	[0 0 0 0 0 0]
70	0.14000000059604645	0.2525879144668579	0.23563607037067413	0.00013294594828039408	0.005386101547628641	0.01143279206007719	False	[1 0 0 0 0 0]	[0 0 0 1 0 0]	[0 0 0 1 0 0]	[0 0 0 1 0 0]
70	0.125	0.538731575012207	0.4885919690132141	0.0005627645878121257	0.0033229910768568516	0.046253882348537445	False	[0 0 0 0 0 0]	[0 0 0 0 0 0]	[0 0 0 0 0 0]	[0 0 0 0 0 0]
70	0.1550000011920929	0.25046780705451965	0.23381438851356506	0.00013195352221373469	0.005754648242145777	0.010766815394163132	False	[1 0 0 0 0 0]	[0 0 0 1 0 0]	[0 0 0 1 0 0]	[0 0 0 1 0 0]
70	0.125	0.569220244884491	0.5180471539497375	0.0005815232871100307	0.0034487233497202396	0.047142837196588516	False	[0 0 0 0 0 0]	[0 0 0 0 0 0]	[0 0 0 0 0 0]	[0 0 0 0 0 0]
71	0.14000000059604645	0.26971498131752014	0.2520899772644043	7.446952804457396e-05	0.0048150839284062386	0.012735462747514248	False	[1 0 0 0 0 0]	[0 0 0 1 0 0]	[0 0 0 1 0 0]	[0 0 0 1 0 0]
71	0.12250000238418579	0.4030430316925049	0.3736768364906311	0.00014228964573703706	0.0031687363516539335	0.02605518512427807	False	[0 0 0 0 0 0]	[0 0 0 0 0 0]	[0 0 0 0 0 0]	[0 0 0 0 0 0]
71	0.14499999582767487	0.2726609408855438	0.2537781000137329	7.040023774607107e-05	0.005798885598778725	0.013013564050197601	False	[1 0 0 0 0 0]	[0 0 0 1 0 0]	[0 0 0 1 0 0]	[0 0 0 1 0 0]
71	0.12250000238418579	0.4078435003757477	0.37875300645828247	0.00014373673184309155	0.0032346767839044333	0.025712085887789726	False	[0 0 0 0 0 0]	[0 0 0 0 0 0]	[0 0 0 0 0 0]	[0 0 0 0 0 0]
71	0.125	0.276566743850708	0.257956862449646	6.975204451009631e-05	0.0056718261912465096	0.012868313118815422	False	[1 0 0 0 0 0]	[0 0 0 1 0 0]	[0 0 0 1 0 0]	[0 0 0 1 0 0]
71	0.125	0.40450671315193176	0.3761305809020996	0.00013406162906903774	0.003365033073350787	0.024877050891518593	False	[0 0 0 0 0 0]	[0 0 0 0 0 0]	[0 0 0 0 0 0]	[0 0 0 0 0 0]
71	0.14249999821186066	0.2671431601047516	0.24894988536834717	7.553286559414119e-05	0.0049164630472660065	0.013201267458498478	False	[1 0 0 0 0 0]	[0 0 0 1 0 0]	[0 0 0 1 0 0]	[0 0 0 1 0 0]
71	0.125	0.40979087352752686	0.3807861804962158	0.00013980307267047465	0.003266699379310012	0.025598209351301193	False	[0 0 0 0 0 0]	[0 0 0 0 0 0]	[0 0 0 0 0 0]	[0 0 0 0 0 0]
71	0.1550000011920929	0.2774307131767273	0.2589733302593231	7.060711504891515e-05	0.005479816347360611	0.012906976975500584	False	[1 0 0 0 0 0]	[0 0 0 1 0 0]	[0 0 0 1 0 0]	[0 0 0 1 0 0]
71	0.125	0.41628000140190125	0.38687199354171753	0.00014211723464541137	0.0031091501004993916	0.026156730949878693	False	[0 0 0 0 0 0]	[0 0 0 0 0 0]	[0 0 0 0 0 0]	[0 0 0 0 0 0]
71	0.12250000238418579	0.27893781661987305	0.2608060836791992	7.017287134658545e-05	0.005296856630593538	0.012764684855937958	False	[1 0 0 0 0 0]	[0 0 0 1 0 0]	[0 0 0 1 0 0]	[0 0 0 1 0 0]
71	0.11999999731779099	0.4009091854095459	0.3715067505836487	0.0001408566313330084	0.0032696248963475227	0.02599197067320347	False	[0 0 0 0 0 0]	[0 0 0 0 0 0]	[0 0 0 0 0 0]	[0 0 0 0 0 0]
71	0.1550000011920929	0.2737363278865814	0.2558276057243347	6.9725516368635e-05	0.0052802423015236855	0.012558737769722939	False	[1 0 0 0 0 0]	[0 0 0 1 0 0]	[0 0 0 1 0 0]	[0 0 0 1 0 0]
71	0.12250000238418579	0.40114086866378784	0.3722435235977173	0.0001390841498505324	0.0032278301659971476	0.02553042396903038	False	[0 0 0 0 0 0]	[0 0 0 0 0 0]	[0 0 0 0 0 0]	[0 0 0 0 0 0]
71	0.1274999976158142	0.2730363607406616	0.2540818154811859	7.125247066142038e-05	0.005737202242016792	0.01314607821404934	False	[1 0 0 0 0 0]	[0 0 0 1 0 0]	[0 0 0 1 0 0]	[0 0 0 1 0 0]
71	0.125	0.4068504571914673	0.3778476119041443	0.0001410295517416671	0.003276616567745805	0.02558521367609501	False	[0 0 0 0 0 0]	[0 0 0 0 0 0]	[0 0 0 0 0 0]	[0 0 0 0 0 0]
71	0.14000000059604645	0.2722974121570587	0.2535244822502136	7.144559640437365e-05	0.005481436382979155	0.013220060616731644	False	[1 0 0 0 0 0]	[0 0 0 1 0 0]	[0 0 0 1 0 0]	[0 0 0 1 0 0]
71	0.12250000238418579	0.40912291407585144	0.3803141713142395	0.0001444931112928316	0.0031913607381284237	0.025472916662693024	False	[0 0 0 0 0 0]	[0 0 0 0 0 0]	[0 0 0 0 0 0]	[0 0 0 0 0 0]
71	0.1550000011920929	0.2685815095901489	0.24972400069236755	7.273317896761e-05	0.005703581031411886	0.013081180863082409	False	[1 0 0 0 0 0]	[0 0 0 1 0 0]	[0 0 0 1 0 0]	[0 0 0 1 0 0]
71	0.125	0.40840795636177063	0.37942731380462646	0.00014275065041147172	0.003206898458302021	0.025630969554185867	False	[0 0 0 0 0 0]	[0 0 0 0 0 0]	[0 0 0 0 0 0]	[0 0 0 0 0 0]
71	0.13249999284744263	0.27593380212783813	0.25713714957237244	6.970421236474067e-05	0.0057582007721066475	0.012968756258487701	False	[1 0 0 0 0 0]	[0 0 0 1 0 0]	[0 0 0 1 0 0]	[0 0 0 1 0 0]
71	0.125	0.40298324823379517	0.37445682287216187	0.00013534048048313707	0.0033964889589697123	0.024994615465402603	False	[0 0 0 0 0 0]	[0 0 0 0 0 0]	[0 0 0 0 0 0]	[0 0 0 0 0 0]
71	0.13249999284744263	0.2791849970817566	0.26115354895591736	7.083242235239595e-05	0.005240962840616703	0.012719638645648956	False	[1 0 0 0 0 0]	[0 0 0 1 0 0]	[0 0 0 1 0 0]	[0 0 0 1 0 0]
71	0.12250000238418579	0.39629432559013367	0.36693745851516724	0.00014067563461139798	0.003208350855857134	0.026007873937487602	False	[0 0 0 0 0 0]	[0 0 0 0 0 0]	[0 0 0 0 0 0]	[0 0 0 0 0 0]
71	0.15000000596046448	0.27171680331230164	0.2541777491569519	7.312695379368961e-05	0.0048615471459925175	0.012604390271008015	False	[1 0 0 0 0 0]	[0 0 0 1 0 0]	[0 0 0 1 0 0]	[0 0 0 1 0 0]
71	0.11999999731779099	0.4062504470348358	0.3776516318321228	0.00013925114762969315	0.0032870613504201174	0.0251725185662508	False	[0 0 0 0 0 0]	[0 0 0 0 0 0]	[0 0 0 0 0 0]	[0 0 0 0 0 0]
71	0.13249999284744263	0.2806512117385864	0.2627657949924469	7.07928411429748e-05	0.004944919142872095	0.012869720347225666	False	[1 0 0 0 0 0]	[0 0 0 1 0 0]	[0 0 0 1 0 0]	[0 0 0 1 0 0]
71	0.12250000238418579	0.40854501724243164	0.3789117932319641	0.00014465763524640352	0.0031669132877141237	0.0263216532766819	False	[0 0 0 0 0 0]	[0 0 0 0 0 0]	[0 0 0 0 0 0]	[0 0 0 0 0 0]
71	0.14000000059604645	0.2757541835308075	0.2575461268424988	7.175817881943658e-05	0.005205551162362099	0.012930742464959621	False	[1 0 0 0 0 0]	[0 0 0 1 0 0]	[0 0 0 1 0 0]	[0 0 0 1 0 0]
71	0.125	0.40988317131996155	0.38110095262527466	0.00013904950174037367	0.0032138177193701267	0.025429347530007362	False	[0 0 0 0 0 0]	[0 0 0 0 0 0]	[0 0 0 0 0 0]	[0 0 0 0 0 0]
72	0.1525000035762787	0.16784143447875977	0.14700525999069214	6.530826794914901e-05	0.0058680265210568905	0.01490282267332077	False	[1 0 0 0 0 0]	[0 0 0 1 0 0]	[0 0 0 1 0 0]	[0 0 0 1 0 0]
72	0.125	0.5234270095825195	0.470864862203598	0.00021073380776215345	0.0038613593205809593	0.04849002882838249	False	[0 0 0 0 0 0]	[0 0 0 0 0 0]	[0 0 0 0 0 0]	[0 0 0 0 0 0]
72	0.13500000536441803	0.17104756832122803	0.15126685798168182	6.513341213576496e-05	0.005393157713115215	0.014322414994239807	False	[1 0 0 0 0 0]	[0 0 0 1 0 0]	[0 0 0 1 0 0]	[0 0 0 1 0 0]
72	0.12999999523162842	0.5253337025642395	0.47255000472068787	0.00021235794702079147	0.0037055048160254955	0.048865824937820435	False	[0 0 0 0 0 0]	[0 0 0 0 0 0]	[0 0 0 0 0 0]	[0 0 0 0 0 0]
72	0.13500000536441803	0.171009823679924	0.15116579830646515	6.44059109617956e-05	0.005482619162648916	0.014297005720436573	False	[1 0 0 0 0 0]	[0 0 0 1 0 0]	[0 0 0 1 0 0]	[0 0 0 1 0 0]
72	0.125	0.5133049488067627	0.461180716753006	0.00020352264982648194	0.003709441749379039	0.04821129888296127	False	[0 0 0 0 0 0]	[0 0 0 0 0 0]	[0 0 0 0 0 0]	[0 0 0 0 0 0]
72	0.12999999523162842	0.1680258959531784	0.14779776334762573	6.54351752018556e-05	0.005731008946895599	0.014431700110435486	False	[1 0 0 0 0 0]	[0 0 0 1 0 0]	[0 0 0 1 0 0]	[0 0 0 1 0 0]
72	0.125	0.5276735424995422	0.475497305393219	0.00020767691603396088	0.003771392395719886	0.048197172582149506	False	[0 0 0 0 0 0]	[0 0 0 0 0 0]	[0 0 0 0 0 0]	[0 0 0 0 0 0]
72	0.12999999523162842	0.1644161492586136	0.14341387152671814	6.95277558406815e-05	0.005895338486880064	0.0150374136865139	False	[1 0 0 0 0 0]	[0 0 0 1 0 0]	[0 0 0 1 0 0]	[0 0 0 1 0 0]
72	0.125	0.5274013876914978	0.4753459095954895	0.00021061832376290113	0.0036151516251266003	0.04822973161935806	False	[0 0 0 0 0 0]	[0 0 0 0 0 0]	[0 0 0 0 0 0]	[0 0 0 0 0 0]
72	0.14249999821186066	0.16425463557243347	0.14359723031520844	7.104866381268948e-05	0.0054802182130515575	0.015106134116649628	False	[1 0 0 0 0 0]	[0 0 0 1 0 0]	[0 0 0 1 0 0]	[0 0 0 1 0 0]
72	0.12250000238418579	0.5265307426452637	0.47394272685050964	0.00020905581186525524	0.003829154884442687	0.04854981601238251	False	[0 0 0 0 0 0]	[0 0 0 0 0 0]	[0 0 0 0 0 0]	[0 0 0 0 0 0]
72	0.14499999582767487	0.17307299375534058	0.15333616733551025	6.978352757869288e-05	0.005114655010402203	0.014552379958331585	False	[1 0 0 0 0 0]	[0 0 0 1 0 0]	[0 0 0 1 0 0]	[0 0 0 1 0 0]
72	0.12250000238418579	0.5239855647087097	0.4720713198184967	0.0002025119320023805	0.0037753472570329905	0.04793635755777359	False	[0 0 0 0 0 0]	[0 0 0 0 0 0]	[0 0 0 0 0 0]	[0 0 0 0 0 0]
72	0.14000000059604645	0.16756592690944672	0.14680559933185577	6.541208131238818e-05	0.005668139085173607	0.015026772394776344	False	[1 0 0 0 0 0]	[0 0 0 1 0 0]	[0 0 0 1 0 0]	[0 0 0 1 0 0]
72	0.11999999731779099	0.5299683809280396	0.4767323136329651	0.00020611252693925053	0.0037444480694830418	0.04928551986813545	False	[0 0 0 0 0 0]	[0 0 0 0 0 0]	[0 0 0 0 0 0]	[0 0 0 0 0 0]
72	0.13500000536441803	0.17027190327644348	0.15039774775505066	6.90500091877766e-05	0.00532387662678957	0.014481229707598686	False	[1 0 0 0 0 0]	[0 0 0 1 0 0]	[0 0 0 1 0 0]	[0 0 0 1 0 0]
72	0.11999999731779099	0.5212283134460449	0.46778038144111633	0.00021585726062767208	0.0037641669623553753	0.04946794733405113	False	[0 0 0 0 0 0]	[0 0 0 0 0 0]	[0 0 0 0 0 0]	[0 0 0 0 0 0]
72	0.12999999523162842	0.15547369420528412	0.1337375044822693	6.94524496793747e-05	0.006669063586741686	0.014997676946222782	False	[1 0 0 0 0 0]	[0 0 0 1 0 0]	[0 0 0 1 0 0]	[0 0 0 1 0 0]
72	0.12250000238418579	0.5335632562637329	0.4800755977630615	0.0002163464087061584	0.003721274435520172	0.049550026655197144	False	[0 0 0 0 0 0]	[0 0 0 0 0 0]	[0 0 0 0 0 0]	[0 0 0 0 0 0]
72	0.12250000238418579	0.16308850049972534	0.14245885610580444	6.923030741745606e-05	0.005789324175566435	0.014771084301173687	False	[1 0 0 0 0 0]	[0 0 0 1 0 0]	[0 0 0 1 0 0]	[0 0 0 1 0 0]
72	0.12999999523162842	0.5183029770851135	0.4658028781414032	0.00020765716908499599	0.003786845365539193	0.04850558936595917	False	[0 0 0 0 0 0]	[0 0 0 0 0 0]	[0 0 0 0 0 0]	[0 0 0 0 0 0]
72	0.14499999582767487	0.16560375690460205	0.1449984610080719	6.936810677871108e-05	0.0055898153223097324	0.01494611520320177	False	[1 0 0 0 0 0]	[0 0 0 1 0 0]	[0 0 0 1 0 0]	[0 0 0 1 0 0]
72	0.11999999731779099	0.5240499973297119	0.4709007740020752	0.00021069191279821098	0.003756162943318486	0.04918234422802925	False	[0 0 0 0 0 0]	[0 0 0 0 0 0]	[0 0 0 0 0 0]	[0 0 0 0 0 0]
72	0.12999999523162842	0.1648256480693817	0.14366360008716583	6.829822814324871e-05	0.0059122201055288315	0.015181534923613071	False	[1 0 0 0 0 0]	[0 0 0 1 0 0]	[0 0 0 1 0 0]	[0 0 0 1 0 0]
72	0.12999999523162842	0.5307945609092712	0.4780171513557434	0.00020843383390456438	0.0038697575218975544	0.048699215054512024	False	[0 0 0 0 0 0]	[0 0 0 0 0 0]	[0 0 0 0 0 0]	[0 0 0 0 0 0]
72	0.13500000536441803	0.1647154837846756	0.1438685655593872	6.529889651574194e-05	0.006023013032972813	0.014758598990738392	False	[1 0 0 0 0 0]	[0 0 0 1 0 0]	[0 0 0 1 0 0]	[0 0 0 1 0 0]
72	0.125	0.5264518857002258	0.4734998047351837	0.00021223990188445896	0.0037930230610072613	0.048946790397167206	False	[0 0 0 0 0 0]	[0 0 0 0 0 0]	[0 0 0 0 0 0]	[0 0 0 0 0 0]
72	0.15000000596046448	0.1674385964870453	0.14723679423332214	6.99465163052082e-05	0.005510910414159298	0.0146209467202425	False	[1 0 0 0 0 0]	[0 0 0 1 0 0]	[0 0 0 1 0 0]	[0 0 0 1 0 0]
72	0.12250000238418579	0.5188969969749451	0.46709051728248596	0.00020696847059298307	0.00382975279353559	0.04776977375149727	False	[0 0 0 0 0 0]	[0 0 0 0 0 0]	[0 0 0 0 0 0]	[0 0 0 0 0 0]
73	0.14749999344348907	0.1698474884033203	0.1492716521024704	3.740839019883424e-05	0.007877962663769722	0.012660473585128784	False	[1 0 0 0 0 0]	[0 0 0 1 0 0]	[0 0 0 1 0 0]	[0 0 0 1 0 0]
73	0.12250000238418579	0.5053504109382629	0.4543529748916626	0.00010875018779188395	0.00534437270835042	0.0455443449318409	False	[0 0 0 0 0 0]	[0 0 0 0 0 0]	[0 0 0 0 0 0]	[0 0 0 0 0 0]
73	0.14000000059604645	0.17068614065647125	0.1514509916305542	3.82707075914368e-05	0.0069402121007442474	0.012256666086614132	False	[1 0 0 0 0 0]	[0 0 0 1 0 0]	[0 0 0 1 0 0]	[0 0 0 1 0 0]
73	0.125	0.5094815492630005	0.4595129191875458	0.0001077080742106773	0.005083679221570492	0.04477725923061371	False	[0 0 0 0 0 0]	[0 0 0 0 0 0]	[0 0 0 0 0 0]	[0 0 0 0 0 0]
73	0.12999999523162842	0.1728622019290924	0.1533675491809845	3.806276436080225e-05	0.0070253172889351845	0.012431284412741661	False	[1 0 0 0 0 0]	[0 0 0 1 0 0]	[0 0 0 1 0 0]	[0 0 0 1 0 0]
73	0.12250000238418579	0.5066512227058411	0.45598721504211426	0.00011185502808075398	0.0051559447310864925	0.045396219938993454	False	[0 0 0 0 0 0]	[0 0 0 0 0 0]	[0 0 0 0 0 0]	[0 0 0 0 0 0]
73	0.125	0.15207746624946594	0.13015258312225342	3.981505142292008e-05	0.008620723150670528	0.013264345936477184	False	[1 0 0 0 0 0]	[0 0 0 1 0 0]	[0 0 0 1 0 0]	[0 0 0 1 0 0]
73	0.125	0.4797598719596863	0.430635005235672	0.00010307826596545056	0.005188228562474251	0.043833546340465546	False	[0 0 0 0 0 0]	[0 0 0 0 0 0]	[0 0 0 0 0 0]	[0 0 0 0 0 0]
73	0.13750000298023224	0.17084099352359772	0.1510835438966751	3.775322329602204e-05	0.007255540695041418	0.012464146129786968	False	[1 0 0 0 0 0]	[0 0 0 1 0 0]	[0 0 0 1 0 0]	[0 0 0 1 0 0]
73	0.11999999731779099	0.512840986251831	0.4619789719581604	0.00011215428821742535	0.005136481020599604	0.045613400638103485	False	[0 0 0 0 0 0]	[0 0 0 0 0 0]	[0 0 0 0 0 0]	[0 0 0 0 0 0]
73	0.13500000536441803	0.1674397736787796	0.1480655074119568	3.895770714734681e-05	0.006781860254704952	0.012553450651466846	False	[1 0 0 0 0 0]	[0 0 0 1 0 0]	[0 0 0 1 0 0]	[0 0 0 1 0 0]
73	0.12250000238418579	0.5101447701454163	0.4579339921474457	0.00011352074943715706	0.005069762002676725	0.047027476131916046	False	[0 0 0 0 0 0]	[0 0 0 0 0 0]	[0 0 0 0 0 0]	[0 0 0 0 0 0]
73	0.13500000536441803	0.16932663321495056	0.14972493052482605	3.80233432224486e-05	0.006938522215932608	0.012625163421034813	False	[1 0 0 0 0 0]	[0 0 0 1 0 0]	[0 0 0 1 0 0]	[0 0 0 1 0 0]
73	0.11999999731779099	0.5040940642356873	0.45344749093055725	0.000109801534563303	0.00510078389197588	0.04543597251176834	False	[0 0 0 0 0 0]	[0 0 0 0 0 0]	[0 0 0 0 0 0]	[0 0 0 0 0 0]
73	0.125	0.17560669779777527	0.15589512884616852	3.703632683027536e-05	0.0072278608568012714	0.01244666799902916	False	[1 0 0 0 0 0]	[0 0 0 1 0 0]	[0 0 0 1 0 0]	[0 0 0 1 0 0]
73	0.12250000238418579	0.5067020058631897	0.45635896921157837	0.00010975786426570266	0.005131034180521965	0.045102257281541824	False	[0 0 0 0 0 0]	[0 0 0 0 0 0]	[0 0 0 0 0 0]	[0 0 0 0 0 0]
73	0.1525000035762787	0.1678382307291031	0.148043692111969	3.8373866118490696e-05	0.007226257119327784	0.012529912404716015	False	[1 0 0 0 0 0]	[0 0 0 1 0 0]	[0 0 0 1 0 0]	[0 0 0 1 0 0]
73	0.11500000208616257	0.5033921003341675	0.4530935287475586	0.00010983661923091859	0.005008528474718332	0.04518020153045654	False	[0 0 0 0 0 0]	[0 0 0 0 0 0]	[0 0 0 0 0 0]	[0 0 0 0 0 0]
73	0.15000000596046448	0.16902068257331848	0.1490534245967865	3.8574573409277946e-05	0.007254625204950571	0.01267404668033123	False	[1 0 0 0 0 0]	[0 0 0 1 0 0]	[0 0 0 1 0 0]	[0 0 0 1 0 0]
73	0.125	0.5091407299041748	0.4572952091693878	0.0001085433759726584	0.005348534788936377	0.04638843238353729	False	[0 0 0 0 0 0]	[0 0 0 0 0 0]	[0 0 0 0 0 0]	[0 0 0 0 0 0]
73	0.13750000298023224	0.17139899730682373	0.15123744308948517	3.714310878422111e-05	0.007625737693160772	0.01249866932630539	False	[1 0 0 0 0 0]	[0 0 0 1 0 0]	[0 0 0 1 0 0]	[0 0 0 1 0 0]
73	0.125	0.5122087597846985	0.46082809567451477	0.00011248277587583289	0.005062257871031761	0.04620595648884773	False	[0 0 0 0 0 0]	[0 0 0 0 0 0]	[0 0 0 0 0 0]	[0 0 0 0 0 0]
73	0.13249999284744263	0.17005428671836853	0.1502564400434494	3.81951431336347e-05	0.007249507587403059	0.012510149739682674	False	[1 0 0 0 0 0]	[0 0 0 1 0 0]	[0 0 0 1 0 0]	[0 0 0 1 0 0]
73	0.125	0.511942982673645	0.4602365493774414	0.00011312981223454699	0.005007192026823759	0.046586137264966965	False	[0 0 0 0 0 0]	[0 0 0 0 0 0]	[0 0 0 0 0 0]	[0 0 0 0 0 0]
73	0.12250000238418579	0.1750653237104416	0.15614768862724304	3.786796150961891e-05	0.006933711469173431	0.011946067214012146	False	[1 0 0 0 0 0]	[0 0 0 1 0 0]	[0 0 0 1 0 0]	[0 0 0 1 0 0]
73	0.12250000238418579	0.5064476728439331	0.45538294315338135	0.00010968470451189205	0.005159107502549887	0.04579596593976021	False	[0 0 0 0 0 0]	[0 0 0 0 0 0]	[0 0 0 0 0 0]	[0 0 0 0 0 0]
73	0.13500000536441803	0.16685812175273895	0.14610789716243744	3.805634696618654e-05	0.007670953869819641	0.013041213154792786	False	[1 0 0 0 0 0]	[0 0 0 1 0 0]	[0 0 0 1 0 0]	[0 0 0 1 0 0]
73	0.1274999976158142	0.5025904178619385	0.4522504210472107	0.00010740034485934302	0.005021341145038605	0.04521127790212631	False	[0 0 0 0 0 0]	[0 0 0 0 0 0]	[0 0 0 0 0 0]	[0 0 0 0 0 0]
73	0.125	0.16466937959194183	0.14344781637191772	3.798216494033113e-05	0.008526645600795746	0.012656942941248417	False	[1 0 0 0 0 0]	[0 0 0 1 0 0]	[0 0 0 1 0 0]	[0 0 0 1 0 0]
73	0.1274999976158142	0.4931410551071167	0.44412916898727417	0.00010678923717932776	0.005128113552927971	0.0437769740819931	False	[0 0 0 0 0 0]	[0 0 0 0 0 0]	[0 0 0 0 0 0]	[0 0 0 0 0 0]
74	0.14499999582767487	0.11991769820451736	0.10491134226322174	3.226806438760832e-05	0.005563343409448862	0.00941074825823307	False	[1 0 0 0 0 0]	[0 0 0 1 0 0]	[0 0 0 1 0 0]	[0 0 0 1 0 0]
74	0.12999999523162842	0.3968922197818756	0.3656967580318451	8.159286517184228e-05	0.003940013237297535	0.027173858135938644	False	[0 0 0 0 0 0]	[0 0 0 0 0 0]	[0 0 0 0 0 0]	[0 0 0 0 0 0]
74	0.14499999582767487	0.11969190835952759	0.1047949269413948	3.206709152436815e-05	0.0055533526465296745	0.009311562404036522	False	[1 0 0 0 0 0]	[0 0 0 1 0 0]	[0 0 0 1 0 0]	[0 0 0 1 0 0]
74	0.11999999731779099	0.39022043347358704	0.35934385657310486	8.040334068937227e-05	0.003912312909960747	0.026883861050009727	False	[0 0 0 0 0 0]	[0 0 0 0 0 0]	[0 0 0 0 0 0]	[0 0 0 0 0 0]
74	0.13249999284744263	0.11882208287715912	0.10380777716636658	3.2783227652544156e-05	0.00527419475838542	0.009707335382699966	False	[1 0 0 0 0 0]	[0 0 0 1 0 0]	[0 0 0 1 0 0]	[0 0 0 1 0 0]
74	0.11999999731779099	0.4008345603942871	0.3693234324455261	8.241237082984298e-05	0.0037835591938346624	0.027645159512758255	False	[0 0 0 0 0 0]	[0 0 0 0 0 0]	[0 0 0 0 0 0]	[0 0 0 0 0 0]
74	0.14749999344348907	0.11760048568248749	0.10262558609247208	3.338764872751199e-05	0.005508020985871553	0.009433490224182606	False	[1 0 0 0 0 0]	[0 0 0 1 0 0]	[0 0 0 1 0 0]	[0 0 0 1 0 0]
74	0.125	0.3874356746673584	0.3563116788864136	8.225743658840656e-05	0.00383388577029109	0.027207838371396065	False	[0 0 0 0 0 0]	[0 0 0 0 0 0]	[0 0 0 0 0 0]	[0 0 0 0 0 0]
74	0.14499999582767487	0.12284670770168304	0.10877512395381927	3.22917039738968e-05	0.0049395933747291565	0.009099701419472694	False	[1 0 0 0 0 0]	[0 0 0 1 0 0]	[0 0 0 1 0 0]	[0 0 0 1 0 0]
74	0.125	0.38819682598114014	0.35681188106536865	8.245435310527682e-05	0.0038562247063964605	0.02744627185165882	False	[0 0 0 0 0 0]	[0 0 0 0 0 0]	[0 0 0 0 0 0]	[0 0 0 0 0 0]
74	0.13249999284744263	0.11412820965051651	0.09865858405828476	3.3188782254001126e-05	0.005810867995023727	0.009625558741390705	False	[1 0 0 0 0 0]	[0 0 0 1 0 0]	[0 0 0 1 0 0]	[0 0 0 1 0 0]
74	0.125	0.39603903889656067	0.3646048605442047	8.267091470770538e-05	0.0038900079671293497	0.02746150642633438	False	[0 0 0 0 0 0]	[0 0 0 0 0 0]	[0 0 0 0 0 0]	[0 0 0 0 0 0]
74	0.12250000238418579	0.11869706213474274	0.10368228703737259	3.321064650663175e-05	0.005531275179237127	0.009450294077396393	False	[1 0 0 0 0 0]	[0 0 0 1 0 0]	[0 0 0 1 0 0]	[0 0 0 1 0 0]
74	0.125	0.40529194474220276	0.3734041452407837	8.267107477877289e-05	0.00396827282384038	0.027836864814162254	False	[0 0 0 0 0 0]	[0 0 0 0 0 0]	[0 0 0 0 0 0]	[0 0 0 0 0 0]
74	0.12999999523162842	0.11881355941295624	0.1037166491150856	3.2967560400720686e-05	0.005612250883132219	0.009451685473322868	False	[1 0 0 0 0 0]	[0 0 0 1 0 0]	[0 0 0 1 0 0]	[0 0 0 1 0 0]
74	0.12250000238418579	0.3979608714580536	0.3670889437198639	8.068810711847618e-05	0.0038232081569731236	0.02696804329752922	False	[0 0 0 0 0 0]	[0 0 0 0 0 0]	[0 0 0 0 0 0]	[0 0 0 0 0 0]
74	0.13500000536441803	0.11696653813123703	0.10178472846746445	3.244457911932841e-05	0.005686510819941759	0.00946284644305706	False	[1 0 0 0 0 0]	[0 0 0 1 0 0]	[0 0 0 1 0 0]	[0 0 0 1 0 0]
74	0.12250000238418579	0.39394909143447876	0.36263903975486755	8.266916847787797e-05	0.003846667241305113	0.027380716055631638	False	[0 0 0 0 0 0]	[0 0 0 0 0 0]	[0 0 0 0 0 0]	[0 0 0 0 0 0]
74	0.1274999976158142	0.12174811214208603	0.10752972215414047	3.2613144867355004e-05	0.004955614916980267	0.009230166673660278	False	[1 0 0 0 0 0]	[0 0 0 1 0 0]	[0 0 0 1 0 0]	[0 0 0 1 0 0]
74	0.12250000238418579	0.39297884702682495	0.36140841245651245	8.393920870730653e-05	0.003844786901026964	0.027641672641038895	False	[0 0 0 0 0 0]	[0 0 0 0 0 0]	[0 0 0 0 0 0]	[0 0 0 0 0 0]
74	0.14249999821186066	0.1198662519454956	0.1052367314696312	3.228531568311155e-05	0.005208710674196482	0.009388525038957596	False	[1 0 0 0 0 0]	[0 0 0 1 0 0]	[0 0 0 1 0 0]	[0 0 0 1 0 0]
74	0.12250000238418579	0.3968676030635834	0.3652122914791107	8.492591587128118e-05	0.0037868223153054714	0.02778353914618492	False	[0 0 0 0 0 0]	[0 0 0 0 0 0]	[0 0 0 0 0 0]	[0 0 0 0 0 0]
74	0.125	0.11933483183383942	0.10454623401165009	3.22114210575819e-05	0.005558582488447428	0.009197811596095562	False	[1 0 0 0 0 0]	[0 0 0 1 0 0]	[0 0 0 1 0 0]	[0 0 0 1 0 0]
74	0.12250000238418579	0.3922172486782074	0.3606090247631073	8.106139284791425e-05	0.003846721723675728	0.027680419385433197	False	[0 0 0 0 0 0]	[0 0 0 0 0 0]	[0 0 0 0 0 0]	[0 0 0 0 0 0]
74	0.125	0.12068012356758118	0.10597807914018631	3.228058631066233e-05	0.005409750156104565	0.009260013699531555	False	[1 0 0 0 0 0]	[0 0 0 1 0 0]	[0 0 0 1 0 0]	[0 0 0 1 0 0]
74	0.12250000238418579	0.39663657546043396	0.36495959758758545	8.435468043899164e-05	0.0038345742505043745	0.02775806561112404	False	[0 0 0 0 0 0]	[0 0 0 0 0 0]	[0 0 0 0 0 0]	[0 0 0 0 0 0]
74	0.125	0.12057224661111832	0.1056411862373352	3.246578125981614e-05	0.005509462207555771	0.009389139711856842	False	[1 0 0 0 0 0]	[0 0 0 1 0 0]	[0 0 0 1 0 0]	[0 0 0 1 0 0]
74	0.12250000238418579	0.39302921295166016	0.3618474006652832	8.220171730499715e-05	0.003859903197735548	0.02723972126841545	False	[0 0 0 0 0 0]	[0 0 0 0 0 0]	[0 0 0 0 0 0]	[0 0 0 0 0 0]
74	0.1550000011920929	0.11756996810436249	0.10183630883693695	3.280603777966462e-05	0.006080012768507004	0.009620844386518002	False	[1 0 0 0 0 0]	[0 0 0 1 0 0]	[0 0 0 1 0 0]	[0 0 0 1 0 0]
74	0.11500000208616257	0.3881205916404724	0.35677433013916016	8.398875797865912e-05	0.003771900897845626	0.027490384876728058	False	[0 0 0 0 0 0]	[0 0 0 0 0 0]	[0 0 0 0 0 0]	[0 0 0 0 0 0]
75	0.12250000238418579	0.167721688747406	0.15266753733158112	4.663479558075778e-05	0.0032381906639784575	0.011769331991672516	False	[1 0 0 0 0 0]	[0 0 0 1 0 0]	[0 0 0 1 0 0]	[0 0 0 1 0 0]
75	0.12999999523162842	0.5785737633705139	0.5380573272705078	0.000130517510115169	0.0029865375254303217	0.03739934042096138	False	[0 0 0 0 0 0]	[0 0 0 0 0 0]	[0 0 0 0 0 0]	[0 0 0 0 0 0]
75	0.15000000596046448	0.15864135324954987	0.14341717958450317	4.446477032615803e-05	0.0034914095886051655	0.011688298545777798	False	[1 0 0 0 0 0]	[0 0 0 1 0 0]	[0 0 0 1 0 0]	[0 0 0 1 0 0]
75	0.12250000238418579	0.5811488032341003	0.5403455495834351	0.00013087049592286348	0.0030367947183549404	0.037635546177625656	False	[0 0 0 0 0 0]	[0 0 0 0 0 0]	[0 0 0 0 0 0]	[0 0 0 0 0 0]
75	0.14000000059604645	0.17322677373886108	0.15825743973255157	4.800492024514824e-05	0.0030456495005637407	0.011875673197209835	False	[1 0 0 0 0 0]	[0 0 0 1 0 0]	[0 0 0 1 0 0]	[0 0 0 1 0 0]
75	0.125	0.5817347764968872	0.5403700470924377	0.00013266880705486983	0.003041614545509219	0.03819040209054947	False	[0 0 0 0 0 0]	[0 0 0 0 0 0]	[0 0 0 0 0 0]	[0 0 0 0 0 0]
75	0.13750000298023224	0.16737321019172668	0.1521148979663849	4.666815584641881e-05	0.003296100301668048	0.011915530078113079	False	[1 0 0 0 0 0]	[0 0 0 1 0 0]	[0 0 0 1 0 0]	[0 0 0 1 0 0]
75	0.12999999523162842	0.5716866850852966	0.5316581130027771	0.00012806158338207752	0.003094466868788004	0.03680598735809326	False	[0 0 0 0 0 0]	[0 0 0 0 0 0]	[0 0 0 0 0 0]	[0 0 0 0 0 0]
75	0.13500000536441803	0.17317664623260498	0.15800537168979645	4.788240767084062e-05	0.003079349873587489	0.012044047005474567	False	[1 0 0 0 0 0]	[0 0 0 1 0 0]	[0 0 0 1 0 0]	[0 0 0 1 0 0]
75	0.125	0.5796436667442322	0.538702130317688	0.0001332563697360456	0.003035872709006071	0.03777243569493294	False	[0 0 0 0 0 0]	[0 0 0 0 0 0]	[0 0 0 0 0 0]	[0 0 0 0 0 0]
75	0.13500000536441803	0.16822898387908936	0.15313172340393066	4.666614404413849e-05	0.0031340699642896652	0.011916513554751873	False	[1 0 0 0 0 0]	[0 0 0 1 0 0]	[0 0 0 1 0 0]	[0 0 0 1 0 0]
75	0.1274999976158142	0.5774566531181335	0.5367386341094971	0.00013221928384155035	0.003052834887057543	0.0375329926609993	False	[0 0 0 0 0 0]	[0 0 0 0 0 0]	[0 0 0 0 0 0]	[0 0 0 0 0 0]
75	0.14499999582767487	0.1637037992477417	0.14886876940727234	4.538534994935617e-05	0.0032147164456546307	0.011574922129511833	False	[1 0 0 0 0 0]	[0 0 0 1 0 0]	[0 0 0 1 0 0]	[0 0 0 1 0 0]
75	0.11999999731779099	0.5831615924835205	0.5415754318237305	0.00013060157652944326	0.003080715425312519	0.03837484121322632	False	[0 0 0 0 0 0]	[0 0 0 0 0 0]	[0 0 0 0 0 0]	[0 0 0 0 0 0]
75	0.15000000596046448	0.17180076241493225	0.1565474271774292	4.7518627980025485e-05	0.003189177718013525	0.012016640976071358	False	[1 0 0 0 0 0]	[0 0 0 1 0 0]	[0 0 0 1 0 0]	[0 0 0 1 0 0]
75	0.12250000238418579	0.5806941986083984	0.5398697853088379	0.0001321372837992385	0.0030541308224201202	0.03763812035322189	False	[0 0 0 0 0 0]	[0 0 0 0 0 0]	[0 0 0 0 0 0]	[0 0 0 0 0 0]
75	0.14000000059604645	0.16536803543567657	0.15042626857757568	4.5881661208113655e-05	0.003215114353224635	0.011680767871439457	False	[1 0 0 0 0 0]	[0 0 0 1 0 0]	[0 0 0 1 0 0]	[0 0 0 1 0 0]
75	0.11999999731779099	0.5799367427825928	0.5388757586479187	0.00013335025869309902	0.003052500542253256	0.037875160574913025	False	[0 0 0 0 0 0]	[0 0 0 0 0 0]	[0 0 0 0 0 0]	[0 0 0 0 0 0]
75	0.13750000298023224	0.16788797080516815	0.1527184247970581	4.607315349858254e-05	0.003289785934612155	0.011833679862320423	False	[1 0 0 0 0 0]	[0 0 0 1 0 0]	[0 0 0 1 0 0]	[0 0 0 1 0 0]
75	0.125	0.5824189186096191	0.5411813259124756	0.00013416586443781853	0.003033724147826433	0.038069743663072586	False	[0 0 0 0 0 0]	[0 0 0 0 0 0]	[0 0 0 0 0 0]	[0 0 0 0 0 0]
75	0.12999999523162842	0.16656868159770966	0.15120753645896912	4.691521462518722e-05	0.0033486054744571447	0.01196562871336937	False	[1 0 0 0 0 0]	[0 0 0 1 0 0]	[0 0 0 1 0 0]	[0 0 0 1 0 0]
75	0.11999999731779099	0.5807691812515259	0.5400415658950806	0.0001313705142820254	0.0030023916624486446	0.03759381175041199	False	[0 0 0 0 0 0]	[0 0 0 0 0 0]	[0 0 0 0 0 0]	[0 0 0 0 0 0]
75	0.13249999284744263	0.16580404341220856	0.15034905076026917	4.7798203013371676e-05	0.0033066433388739824	0.012100545689463615	False	[1 0 0 0 0 0]	[0 0 0 1 0 0]	[0 0 0 1 0 0]	[0 0 0 1 0 0]
75	0.12999999523162842	0.5760394930839539	0.5349345207214355	0.0001336986169917509	0.003142409026622772	0.03782886266708374	False	[0 0 0 0 0 0]	[0 0 0 0 0 0]	[0 0 0 0 0 0]	[0 0 0 0 0 0]
75	0.15000000596046448	0.16756555438041687	0.15266260504722595	4.7509285650448874e-05	0.0030868984758853912	0.011768549680709839	False	[1 0 0 0 0 0]	[0 0 0 1 0 0]	[0 0 0 1 0 0]	[0 0 0 1 0 0]
75	0.12250000238418579	0.5743491649627686	0.533974289894104	0.00013387922081165016	0.003003003541380167	0.03723800927400589	False	[0 0 0 0 0 0]	[0 0 0 0 0 0]	[0 0 0 0 0 0]	[0 0 0 0 0 0]
75	0.13750000298023224	0.1639149785041809	0.14860041439533234	4.630628973245621e-05	0.0034053006675094366	0.01186294388025999	False	[1 0 0 0 0 0]	[0 0 0 1 0 0]	[0 0 0 1 0 0]	[0 0 0 1 0 0]
75	0.11749999970197678	0.579120397567749	0.5381258130073547	0.00013134042092133313	0.0030453847721219063	0.03781786188483238	False	[0 0 0 0 0 0]	[0 0 0 0 0 0]	[0 0 0 0 0 0]	[0 0 0 0 0 0]
75	0.13750000298023224	0.16851843893527985	0.15343502163887024	4.606298898579553e-05	0.00327064236626029	0.011766716837882996	False	[1 0 0 0 0 0]	[0 0 0 1 0 0]	[0 0 0 1 0 0]	[0 0 0 1 0 0]
75	0.11749999970197678	0.5811717510223389	0.5400662422180176	0.00013150874292477965	0.0030347760766744614	0.037939220666885376	False	[0 0 0 0 0 0]	[0 0 0 0 0 0]	[0 0 0 0 0 0]	[0 0 0 0 0 0]
76	0.15000000596046448	0.1386057585477829	0.11622798442840576	3.336259032948874e-05	0.0027808218728750944	0.01956358551979065	False	[1 0 0 0 0 0]	[0 0 0 1 0 0]	[0 0 0 1 0 0]	[0 0 0 1 0 0]
76	0.12250000238418579	0.6036514639854431	0.5464046001434326	9.957966540241614e-05	0.0028267977759242058	0.05432046204805374	False	[0 0 0 0 0 0]	[0 0 0 0 0 0]	[0 0 0 0 0 0]	[0 0 0 0 0 0]
76	0.12999999523162842	0.1304221898317337	0.10677341371774673	3.378441761014983e-05	0.003149597905576229	0.020465398207306862	False	[1 0 0 0 0 0]	[0 0 0 1 0 0]	[0 0 0 1 0 0]	[0 0 0 1 0 0]
76	0.12250000238418579	0.5958701372146606	0.5386345386505127	0.00010293540981365368	0.0027681367937475443	0.05436449125409126	False	[0 0 0 0 0 0]	[0 0 0 0 0 0]	[0 0 0 0 0 0]	[0 0 0 0 0 0]
76	0.13750000298023224	0.14182662963867188	0.11981992423534393	3.4079661418218166e-05	0.0025391802191734314	0.01943344809114933	False	[1 0 0 0 0 0]	[0 0 0 1 0 0]	[0 0 0 1 0 0]	[0 0 0 1 0 0]
76	0.125	0.5970833897590637	0.5404335260391235	9.999051690101624e-05	0.0027370473835617304	0.05381277948617935	False	[0 0 0 0 0 0]	[0 0 0 0 0 0]	[0 0 0 0 0 0]	[0 0 0 0 0 0]
76	0.1274999976158142	0.13609839975833893	0.11357484012842178	3.34838914568536e-05	0.002874055178835988	0.019616028293967247	False	[1 0 0 0 0 0]	[0 0 0 1 0 0]	[0 0 0 1 0 0]	[0 0 0 1 0 0]
76	0.11749999970197678	0.6004866361618042	0.5432913899421692	0.00010013933933805674	0.0027681682258844376	0.05432695522904396	False	[0 0 0 0 0 0]	[0 0 0 0 0 0]	[0 0 0 0 0 0]	[0 0 0 0 0 0]
76	0.12999999523162842	0.13523155450820923	0.11277835816144943	3.339635077281855e-05	0.00297117349691689	0.01944863796234131	False	[1 0 0 0 0 0]	[0 0 0 1 0 0]	[0 0 0 1 0 0]	[0 0 0 1 0 0]
76	0.125	0.6078383922576904	0.5496928691864014	0.00010248567559756339	0.002723081037402153	0.05531998723745346	False	[0 0 0 0 0 0]	[0 0 0 0 0 0]	[0 0 0 0 0 0]	[0 0 0 0 0 0]
76	0.14499999582767487	0.13350406289100647	0.11016198992729187	3.435325197642669e-05	0.0029537624213844538	0.020353950560092926	False	[1 0 0 0 0 0]	[0 0 0 1 0 0]	[0 0 0 1 0 0]	[0 0 0 1 0 0]
76	0.11999999731779099	0.6004654169082642	0.5434431433677673	0.00010044938244391233	0.0027555092237889767	0.05416632816195488	False	[0 0 0 0 0 0]	[0 0 0 0 0 0]	[0 0 0 0 0 0]	[0 0 0 0 0 0]
76	0.14000000059604645	0.13865147531032562	0.11653508991003036	3.4117714676540345e-05	0.0026427973061800003	0.019439468160271645	False	[1 0 0 0 0 0]	[0 0 0 1 0 0]	[0 0 0 1 0 0]	[0 0 0 1 0 0]
76	0.11999999731779099	0.5944271087646484	0.537612795829773	9.956631402019411e-05	0.002770005026832223	0.053944796323776245	False	[0 0 0 0 0 0]	[0 0 0 0 0 0]	[0 0 0 0 0 0]	[0 0 0 0 0 0]
76	0.13750000298023224	0.14465458691120148	0.12280740588903427	3.312098124297336e-05	0.002611186821013689	0.01920287311077118	False	[1 0 0 0 0 0]	[0 0 0 1 0 0]	[0 0 0 1 0 0]	[0 0 0 1 0 0]
76	0.125	0.6008955240249634	0.5443177223205566	9.980897448258474e-05	0.002748694270849228	0.053729284554719925	False	[0 0 0 0 0 0]	[0 0 0 0 0 0]	[0 0 0 0 0 0]	[0 0 0 0 0 0]
76	0.14000000059604645	0.13770359754562378	0.11472991853952408	3.1769086490385234e-05	0.0030318796634674072	0.019910037517547607	False	[1 0 0 0 0 0]	[0 0 0 1 0 0]	[0 0 0 1 0 0]	[0 0 0 1 0 0]
76	0.12250000238418579	0.597737729549408	0.5405724048614502	9.959824819816276e-05	0.0027798751834779978	0.05428580939769745	False	[0 0 0 0 0 0]	[0 0 0 0 0 0]	[0 0 0 0 0 0]	[0 0 0 0 0 0]
76	0.12999999523162842	0.13756486773490906	0.11480071395635605	3.356403612997383e-05	0.0028467837255448103	0.019883805885910988	False	[1 0 0 0 0 0]	[0 0 0 1 0 0]	[0 0 0 1 0 0]	[0 0 0 1 0 0]
76	0.12250000238418579	0.5960588455200195	0.5391186475753784	9.696464985609055e-05	0.0027531913947314024	0.054090000689029694	False	[0 0 0 0 0 0]	[0 0 0 0 0 0]	[0 0 0 0 0 0]	[0 0 0 0 0 0]
76	0.1274999976158142	0.1389186978340149	0.1165856420993805	3.2985150028252974e-05	0.002821447793394327	0.019478626549243927	False	[1 0 0 0 0 0]	[0 0 0 1 0 0]	[0 0 0 1 0 0]	[0 0 0 1 0 0]
76	0.125	0.6073885560035706	0.5494643449783325	0.00010025695519289002	0.002761328825727105	0.0550626665353775	False	[0 0 0 0 0 0]	[0 0 0 0 0 0]	[0 0 0 0 0 0]	[0 0 0 0 0 0]
76	0.14000000059604645	0.13849900662899017	0.11581763625144958	3.380559792276472e-05	0.0026887631975114346	0.019958799704909325	False	[1 0 0 0 0 0]	[0 0 0 1 0 0]	[0 0 0 1 0 0]	[0 0 0 1 0 0]
76	0.12250000238418579	0.6000909209251404	0.5430866479873657	9.981977927964181e-05	0.0027015667874366045	0.054202862083911896	False	[0 0 0 0 0 0]	[0 0 0 0 0 0]	[0 0 0 0 0 0]	[0 0 0 0 0 0]
76	0.1525000035762787	0.14041990041732788	0.11821246147155762	3.228302739444189e-05	0.0029295149724930525	0.019245639443397522	False	[1 0 0 0 0 0]	[0 0 0 1 0 0]	[0 0 0 1 0 0]	[0 0 0 1 0 0]
76	0.125	0.6069353222846985	0.5496602058410645	9.943086479324847e-05	0.002727542072534561	0.054448146373033524	False	[0 0 0 0 0 0]	[0 0 0 0 0 0]	[0 0 0 0 0 0]	[0 0 0 0 0 0]
76	0.12250000238418579	0.13298645615577698	0.1103588193655014	3.428262789384462e-05	0.0028162235394120216	0.019777141511440277	False	[1 0 0 0 0 0]	[0 0 0 1 0 0]	[0 0 0 1 0 0]	[0 0 0 1 0 0]
76	0.11999999731779099	0.6071732044219971	0.5497841835021973	9.801397391129285e-05	0.0028484086506068707	0.054442621767520905	False	[0 0 0 0 0 0]	[0 0 0 0 0 0]	[0 0 0 0 0 0]	[0 0 0 0 0 0]
76	0.13750000298023224	0.13727939128875732	0.11466991901397705	3.36682096531149e-05	0.0028006748761981726	0.01977512426674366	False	[1 0 0 0 0 0]	[0 0 0 1 0 0]	[0 0 0 1 0 0]	[0 0 0 1 0 0]
76	0.12250000238418579	0.6039870977401733	0.5468529462814331	9.860035061137751e-05	0.0028112181462347507	0.05422439053654671	False	[0 0 0 0 0 0]	[0 0 0 0 0 0]	[0 0 0 0 0 0]	[0 0 0 0 0 0]
77	0.15000000596046448	0.1362362504005432	0.12235571444034576	3.2228777854470536e-05	0.0027754022739827633	0.01107290294021368	False	[1 0 0 0 0 0]	[0 0 0 1 0 0]	[0 0 0 1 0 0]	[0 0 0 1 0 0]
77	0.1274999976158142	0.6680727005004883	0.6307247877120972	0.00011744404764613137	0.0031120111234486103	0.03411848098039627	False	[0 0 0 0 0 0]	[0 0 0 0 0 0]	[0 0 0 0 0 0]	[0 0 0 0 0 0]
77	0.13500000536441803	0.1304205358028412	0.1156897246837616	3.453421231824905e-05	0.0030227007810026407	0.011673571541905403	False	[1 0 0 0 0 0]	[0 0 0 1 0 0]	[0 0 0 1 0 0]	[0 0 0 1 0 0]
77	0.125	0.6732931137084961	0.6351991295814514	0.00011900026584044099	0.0031765433959662914	0.03479847311973572	False	[0 0 0 0 0 0]	[0 0 0 0 0 0]	[0 0 0 0 0 0]	[0 0 0 0 0 0]
77	0.14499999582767487	0.1345478594303131	0.1204182580113411	3.2891231967369094e-05	0.002872987650334835	0.01122372131794691	False	[1 0 0 0 0 0]	[0 0 0 1 0 0]	[0 0 0 1 0 0]	[0 0 0 1 0 0]
77	0.12250000238418579	0.6654840707778931	0.6280456781387329	0.00011966739839408547	0.0031392399687319994	0.03417946770787239	False	[0 0 0 0 0 0]	[0 0 0 0 0 0]	[0 0 0 0 0 0]	[0 0 0 0 0 0]
77	0.13500000536441803	0.13074633479118347	0.11580373346805573	3.355456647113897e-05	0.0031169757712632418	0.011792071163654327	False	[1 0 0 0 0 0]	[0 0 0 1 0 0]	[0 0 0 1 0 0]	[0 0 0 1 0 0]
77	0.11999999731779099	0.6681662201881409	0.63054358959198	0.00011977230315096676	0.0031317707616835833	0.034371115267276764	False	[0 0 0 0 0 0]	[0 0 0 0 0 0]	[0 0 0 0 0 0]	[0 0 0 0 0 0]
77	0.1274999976158142	0.13369137048721313	0.11911168694496155	3.248090433771722e-05	0.003065194934606552	0.011482001282274723	False	[1 0 0 0 0 0]	[0 0 0 1 0 0]	[0 0 0 1 0 0]	[0 0 0 1 0 0]
77	0.125	0.6750181913375854	0.6368706822395325	0.0001193073476315476	0.0031744542066007853	0.034853674471378326	False	[0 0 0 0 0 0]	[0 0 0 0 0 0]	[0 0 0 0 0 0]	[0 0 0 0 0 0]
77	0.13249999284744263	0.12778520584106445	0.11267298460006714	3.37574711011257e-05	0.0033243761863559484	0.011754089966416359	False	[1 0 0 0 0 0]	[0 0 0 1 0 0]	[0 0 0 1 0 0]	[0 0 0 1 0 0]
77	0.125	0.6677615642547607	0.6308318972587585	0.00011834609904326499	0.003100926987826824	0.03371036425232887	False	[0 0 0 0 0 0]	[0 0 0 0 0 0]	[0 0 0 0 0 0]	[0 0 0 0 0 0]
77	0.15000000596046448	0.13197435438632965	0.11705636233091354	3.336491499794647e-05	0.0030826223082840443	0.011802004650235176	False	[1 0 0 0 0 0]	[0 0 0 1 0 0]	[0 0 0 1 0 0]	[0 0 0 1 0 0]
77	0.125	0.674243688583374	0.6364459991455078	0.00011999077105429024	0.003126931842416525	0.03455077484250069	False	[0 0 0 0 0 0]	[0 0 0 0 0 0]	[0 0 0 0 0 0]	[0 0 0 0 0 0]
77	0.13750000298023224	0.13166941702365875	0.11700499802827835	3.436428960412741e-05	0.002933219773694873	0.011696835048496723	False	[1 0 0 0 0 0]	[0 0 0 1 0 0]	[0 0 0 1 0 0]	[0 0 0 1 0 0]
77	0.1274999976158142	0.6685864329338074	0.630983829498291	0.00011653426918201149	0.0031946406234055758	0.03429147228598595	False	[0 0 0 0 0 0]	[0 0 0 0 0 0]	[0 0 0 0 0 0]	[0 0 0 0 0 0]
77	0.14749999344348907	0.1307036429643631	0.11557920277118683	3.422795271035284e-05	0.003181575331836939	0.011908638291060925	False	[1 0 0 0 0 0]	[0 0 0 1 0 0]	[0 0 0 1 0 0]	[0 0 0 1 0 0]
77	0.125	0.6677815318107605	0.6303464770317078	0.00011849137081298977	0.0031270552426576614	0.03418950363993645	False	[0 0 0 0 0 0]	[0 0 0 0 0 0]	[0 0 0 0 0 0]	[0 0 0 0 0 0]
77	0.13249999284744263	0.13289448618888855	0.11869153380393982	3.347977690282278e-05	0.002888257149606943	0.011281218379735947	False	[1 0 0 0 0 0]	[0 0 0 1 0 0]	[0 0 0 1 0 0]	[0 0 0 1 0 0]
77	0.125	0.6662306189537048	0.6292614340782166	0.00011870916932821274	0.0030936351977288723	0.0337567999958992	False	[0 0 0 0 0 0]	[0 0 0 0 0 0]	[0 0 0 0 0 0]	[0 0 0 0 0 0]
77	0.14249999821186066	0.12823602557182312	0.11342199146747589	3.4343916922807693e-05	0.0031330937054008245	0.011646593920886517	False	[1 0 0 0 0 0]	[0 0 0 1 0 0]	[0 0 0 1 0 0]	[0 0 0 1 0 0]
77	0.11999999731779099	0.6700908541679382	0.63228440284729	0.00012305454583838582	0.003141306107863784	0.034542106091976166	False	[0 0 0 0 0 0]	[0 0 0 0 0 0]	[0 0 0 0 0 0]	[0 0 0 0 0 0]
77	0.13500000536441803	0.13341550529003143	0.11913084983825684	3.296810609754175e-05	0.0029244008474051952	0.011327290907502174	False	[1 0 0 0 0 0]	[0 0 0 1 0 0]	[0 0 0 1 0 0]	[0 0 0 1 0 0]
77	0.12250000238418579	0.664958655834198	0.6281344890594482	0.00011871717288158834	0.00309431878849864	0.033611100167036057	False	[0 0 0 0 0 0]	[0 0 0 0 0 0]	[0 0 0 0 0 0]	[0 0 0 0 0 0]
77	0.13249999284744263	0.1329459697008133	0.11883854866027832	3.2125168218044564e-05	0.0029539521783590317	0.011121341027319431	False	[1 0 0 0 0 0]	[0 0 0 1 0 0]	[0 0 0 1 0 0]	[0 0 0 1 0 0]
77	0.125	0.6674706935882568	0.6301488876342773	0.00011774264567065984	0.0031027430668473244	0.03410135209560394	False	[0 0 0 0 0 0]	[0 0 0 0 0 0]	[0 0 0 0 0 0]	[0 0 0 0 0 0]
77	0.14000000059604645	0.1321401298046112	0.11760970950126648	3.381187343620695e-05	0.002984327729791403	0.011512272991240025	False	[1 0 0 0 0 0]	[0 0 0 1 0 0]	[0 0 0 1 0 0]	[0 0 0 1 0 0]
77	0.11999999731779099	0.6628773212432861	0.625818133354187	0.00011849075963255018	0.0031119785271584988	0.03382875770330429	False	[0 0 0 0 0 0]	[0 0 0 0 0 0]	[0 0 0 0 0 0]	[0 0 0 0 0 0]
77	0.14499999582767487	0.1287248581647873	0.1133568286895752	3.424015812925063e-05	0.003276681760326028	0.012057103216648102	False	[1 0 0 0 0 0]	[0 0 0 1 0 0]	[0 0 0 1 0 0]	[0 0 0 1 0 0]
77	0.12999999523162842	0.6660078167915344	0.6291061639785767	0.00012013193190796301	0.0031337253749370575	0.033647824078798294	False	[0 0 0 0 0 0]	[0 0 0 0 0 0]	[0 0 0 0 0 0]	[0 0 0 0 0 0]
78	0.13500000536441803	0.1256871521472931	0.10045941919088364	3.890279185725376e-05	0.0033894162625074387	0.02179941162467003	False	[1 0 0 0 0 0]	[0 0 0 1 0 0]	[0 0 0 1 0 0]	[0 0 0 1 0 0]
78	0.12250000238418579	0.5331158638000488	0.4767812490463257	0.00010894059960264713	0.003445984795689583	0.0527796745300293	False	[0 0 0 0 0 0]	[0 0 0 0 0 0]	[0 0 0 0 0 0]	[0 0 0 0 0 0]
78	0.13249999284744263	0.11822600662708282	0.09115104377269745	4.010319389635697e-05	0.0037638037465512753	0.02327105775475502	False	[1 0 0 0 0 0]	[0 0 0 1 0 0]	[0 0 0 1 0 0]	[0 0 0 1 0 0]
78	0.1274999976158142	0.5309562683105469	0.4750451147556305	0.00010737426782725379	0.003477539634332061	0.05232624337077141	False	[0 0 0 0 0 0]	[0 0 0 0 0 0]	[0 0 0 0 0 0]	[0 0 0 0 0 0]
78	0.13750000298023224	0.12427396327257156	0.09853386878967285	3.822158760158345e-05	0.0035195141099393368	0.022182360291481018	False	[1 0 0 0 0 0]	[0 0 0 1 0 0]	[0 0 0 1 0 0]	[0 0 0 1 0 0]
78	0.125	0.524544358253479	0.46925967931747437	0.00010504056263016537	0.0034481424372643232	0.051731519401073456	False	[0 0 0 0 0 0]	[0 0 0 0 0 0]	[0 0 0 0 0 0]	[0 0 0 0 0 0]
78	0.13249999284744263	0.1256103813648224	0.10004707425832748	3.778145037358627e-05	0.0034675556235015392	0.022057972848415375	False	[1 0 0 0 0 0]	[0 0 0 1 0 0]	[0 0 0 1 0 0]	[0 0 0 1 0 0]
78	0.13249999284744263	0.5296490788459778	0.47411951422691345	0.00010564205149421468	0.003405533032491803	0.052018385380506516	False	[0 0 0 0 0 0]	[0 0 0 0 0 0]	[0 0 0 0 0 0]	[0 0 0 0 0 0]
78	0.1550000011920929	0.1200399249792099	0.09379610419273376	4.339608130976558e-05	0.0033436850644648075	0.022856736555695534	False	[1 0 0 0 0 0]	[0 0 0 1 0 0]	[0 0 0 1 0 0]	[0 0 0 1 0 0]
78	0.11999999731779099	0.5305785536766052	0.4742484390735626	0.00010973072494380176	0.003407760290428996	0.05281262472271919	False	[0 0 0 0 0 0]	[0 0 0 0 0 0]	[0 0 0 0 0 0]	[0 0 0 0 0 0]
78	0.15000000596046448	0.12142742425203323	0.09490934014320374	4.046719550387934e-05	0.003589489497244358	0.02288813143968582	False	[1 0 0 0 0 0]	[0 0 0 1 0 0]	[0 0 0 1 0 0]	[0 0 0 1 0 0]
78	0.125	0.5183804035186768	0.46303102374076843	0.00010784284677356482	0.003374086692929268	0.051867399364709854	False	[0 0 0 0 0 0]	[0 0 0 0 0 0]	[0 0 0 0 0 0]	[0 0 0 0 0 0]
78	0.13500000536441803	0.12012294679880142	0.09354903548955917	3.979693792643957e-05	0.003579118987545371	0.022955000400543213	False	[1 0 0 0 0 0]	[0 0 0 1 0 0]	[0 0 0 1 0 0]	[0 0 0 1 0 0]
78	0.125	0.5352884531021118	0.47951099276542664	0.00010458505130372941	0.0034862649627029896	0.05218660086393356	False	[0 0 0 0 0 0]	[0 0 0 0 0 0]	[0 0 0 0 0 0]	[0 0 0 0 0 0]
78	0.14000000059604645	0.11911274492740631	0.09161753207445145	3.9511760405730456e-05	0.003947299439460039	0.023508403450250626	False	[1 0 0 0 0 0]	[0 0 0 1 0 0]	[0 0 0 1 0 0]	[0 0 0 1 0 0]
78	0.11999999731779099	0.5257546305656433	0.46999040246009827	0.00010652127821231261	0.0034542600624263287	0.0522034727036953	False	[0 0 0 0 0 0]	[0 0 0 0 0 0]	[0 0 0 0 0 0]	[0 0 0 0 0 0]
78	0.14499999582767487	0.12239551544189453	0.0955285131931305	3.818353434326127e-05	0.003901133080944419	0.02292768284678459	False	[1 0 0 0 0 0]	[0 0 0 1 0 0]	[0 0 0 1 0 0]	[0 0 0 1 0 0]
78	0.12250000238418579	0.5330451726913452	0.47742152214050293	0.00010468372056493536	0.003415488637983799	0.0521034300327301	False	[0 0 0 0 0 0]	[0 0 0 0 0 0]	[0 0 0 0 0 0]	[0 0 0 0 0 0]
78	0.14249999821186066	0.1138651967048645	0.08448812365531921	4.0288097807206213e-05	0.004491415340453386	0.024845367297530174	False	[1 0 0 0 0 0]	[0 0 0 1 0 0]	[0 0 0 1 0 0]	[0 0 0 1 0 0]
78	0.11749999970197678	0.5182425379753113	0.46263808012008667	0.00010834190470632166	0.003458825871348381	0.05203729495406151	False	[0 0 0 0 0 0]	[0 0 0 0 0 0]	[0 0 0 0 0 0]	[0 0 0 0 0 0]
78	0.14499999582767487	0.12091837078332901	0.0949605256319046	4.038389306515455e-05	0.003394702449440956	0.022522764280438423	False	[1 0 0 0 0 0]	[0 0 0 1 0 0]	[0 0 0 1 0 0]	[0 0 0 1 0 0]
78	0.11500000208616257	0.5232989192008972	0.4678742289543152	0.00010703774751164019	0.0034389563370496035	0.05187871307134628	False	[0 0 0 0 0 0]	[0 0 0 0 0 0]	[0 0 0 0 0 0]	[0 0 0 0 0 0]
78	0.14249999821186066	0.1138494610786438	0.08537358045578003	4.011973942397162e-05	0.004188051447272301	0.024247705936431885	False	[1 0 0 0 0 0]	[0 0 0 1 0 0]	[0 0 0 1 0 0]	[0 0 0 1 0 0]
78	0.125	0.5279514193534851	0.47265809774398804	0.00010464133811183274	0.0034195242915302515	0.051769185811281204	False	[0 0 0 0 0 0]	[0 0 0 0 0 0]	[0 0 0 0 0 0]	[0 0 0 0 0 0]
78	0.1550000011920929	0.1238638162612915	0.09757450968027115	3.8372178096324205e-05	0.0036472496576607227	0.022603683173656464	False	[1 0 0 0 0 0]	[0 0 0 1 0 0]	[0 0 0 1 0 0]	[0 0 0 1 0 0]
78	0.12250000238418579	0.5131895542144775	0.45829737186431885	0.00010559400834608823	0.0033909238409250975	0.05139562487602234	False	[0 0 0 0 0 0]	[0 0 0 0 0 0]	[0 0 0 0 0 0]	[0 0 0 0 0 0]
78	0.13249999284744263	0.11619007587432861	0.08869068324565887	4.09406129620038e-05	0.003808996407315135	0.02364945039153099	False	[1 0 0 0 0 0]	[0 0 0 1 0 0]	[0 0 0 1 0 0]	[0 0 0 1 0 0]
78	0.12250000238418579	0.5354394912719727	0.4800602197647095	0.00010433647548779845	0.0034089803230017424	0.05186598747968674	False	[0 0 0 0 0 0]	[0 0 0 0 0 0]	[0 0 0 0 0 0]	[0 0 0 0 0 0]
78	0.13500000536441803	0.1235763356089592	0.09765752404928207	4.0346676541958004e-05	0.003425188595429063	0.02245328016579151	False	[1 0 0 0 0 0]	[0 0 0 1 0 0]	[0 0 0 1 0 0]	[0 0 0 1 0 0]
78	0.125	0.534327507019043	0.4781643748283386	0.00010802711767610162	0.0034629248548299074	0.05259215831756592	False	[0 0 0 0 0 0]	[0 0 0 0 0 0]	[0 0 0 0 0 0]	[0 0 0 0 0 0]
79	0.125	0.10623783618211746	0.07578237354755402	4.4744607293978333e-05	0.004502865020185709	0.02590785175561905	False	[1 0 0 0 0 0]	[0 0 0 1 0 0]	[0 0 0 1 0 0]	[0 0 0 1 0 0]
79	0.125	0.6211230754852295	0.5588797330856323	0.0001258341217180714	0.004779940936714411	0.05733758956193924	False	[0 0 0 0 0 0]	[0 0 0 0 0 0]	[0 0 0 0 0 0]	[0 0 0 0 0 0]
79	0.14749999344348907	0.10544496774673462	0.07489123195409775	4.5063523430144414e-05	0.004478884860873222	0.026029789820313454	False	[1 0 0 0 0 0]	[0 0 0 1 0 0]	[0 0 0 1 0 0]	[0 0 0 1 0 0]
79	0.125	0.6220284104347229	0.5586993098258972	0.0001287550840061158	0.004886767826974392	0.05831363424658775	False	[0 0 0 0 0 0]	[0 0 0 0 0 0]	[0 0 0 0 0 0]	[0 0 0 0 0 0]
79	0.14000000059604645	0.11073220521211624	0.0815550833940506	4.4862215872853994e-05	0.0041565317660570145	0.0249757319688797	False	[1 0 0 0 0 0]	[0 0 0 1 0 0]	[0 0 0 1 0 0]	[0 0 0 1 0 0]
79	0.125	0.6167560815811157	0.5543591380119324	0.00013593594485428184	0.004798285663127899	0.05746271461248398	False	[0 0 0 0 0 0]	[0 0 0 0 0 0]	[0 0 0 0 0 0]	[0 0 0 0 0 0]
79	0.14499999582767487	0.10680106282234192	0.07694292813539505	4.400434045237489e-05	0.0044016712345182896	0.025412458926439285	False	[1 0 0 0 0 0]	[0 0 0 1 0 0]	[0 0 0 1 0 0]	[0 0 0 1 0 0]
79	0.12999999523162842	0.6193860769271851	0.5570865869522095	0.0001305633777519688	0.0047981347888708115	0.05737081170082092	False	[0 0 0 0 0 0]	[0 0 0 0 0 0]	[0 0 0 0 0 0]	[0 0 0 0 0 0]
79	0.13500000536441803	0.1106170192360878	0.08187893778085709	4.468043698580004e-05	0.003916920628398657	0.024776482954621315	False	[1 0 0 0 0 0]	[0 0 0 1 0 0]	[0 0 0 1 0 0]	[0 0 0 1 0 0]
79	0.12250000238418579	0.6189544796943665	0.5565510392189026	0.00012632322614081204	0.004890182055532932	0.05738694220781326	False	[0 0 0 0 0 0]	[0 0 0 0 0 0]	[0 0 0 0 0 0]	[0 0 0 0 0 0]
79	0.13750000298023224	0.10660186409950256	0.07696408033370972	4.713611997431144e-05	0.004124119877815247	0.025466520339250565	False	[1 0 0 0 0 0]	[0 0 0 1 0 0]	[0 0 0 1 0 0]	[0 0 0 1 0 0]
79	0.1274999976158142	0.6191692352294922	0.5569475889205933	0.0001273412344744429	0.004835640545934439	0.057258691638708115	False	[0 0 0 0 0 0]	[0 0 0 0 0 0]	[0 0 0 0 0 0]	[0 0 0 0 0 0]
79	0.12999999523162842	0.10345645248889923	0.0725950375199318	4.5163618779042736e-05	0.004778173752129078	0.026038071140646935	False	[1 0 0 0 0 0]	[0 0 0 1 0 0]	[0 0 0 1 0 0]	[0 0 0 1 0 0]
79	0.125	0.6172263622283936	0.5552728176116943	0.00012915694969706237	0.00479603186249733	0.057028379291296005	False	[0 0 0 0 0 0]	[0 0 0 0 0 0]	[0 0 0 0 0 0]	[0 0 0 0 0 0]
79	0.14249999821186066	0.104739710688591	0.07435780763626099	4.654224176192656e-05	0.004373307805508375	0.02596205100417137	False	[1 0 0 0 0 0]	[0 0 0 1 0 0]	[0 0 0 1 0 0]	[0 0 0 1 0 0]
79	0.125	0.6176483035087585	0.5561407804489136	0.0001262939622392878	0.0048746513202786446	0.056506551802158356	False	[0 0 0 0 0 0]	[0 0 0 0 0 0]	[0 0 0 0 0 0]	[0 0 0 0 0 0]
79	0.11999999731779099	0.1048034131526947	0.07412386685609818	4.457820614334196e-05	0.004633196163922548	0.026001770049333572	False	[1 0 0 0 0 0]	[0 0 0 1 0 0]	[0 0 0 1 0 0]	[0 0 0 1 0 0]
79	0.12999999523162842	0.6152072548866272	0.5529798865318298	0.00012951914686709642	0.0048426128923892975	0.057255227118730545	False	[0 0 0 0 0 0]	[0 0 0 0 0 0]	[0 0 0 0 0 0]	[0 0 0 0 0 0]
79	0.12250000238418579	0.10660737007856369	0.07668650895357132	4.561414971249178e-05	0.004284133203327656	0.025591114535927773	False	[1 0 0 0 0 0]	[0 0 0 1 0 0]	[0 0 0 1 0 0]	[0 0 0 1 0 0]
79	0.11999999731779099	0.612870454788208	0.5510876178741455	0.00012792005145456642	0.004812374711036682	0.05684256926178932	False	[0 0 0 0 0 0]	[0 0 0 0 0 0]	[0 0 0 0 0 0]	[0 0 0 0 0 0]
79	0.13500000536441803	0.10826383531093597	0.07864902168512344	4.448667459655553e-05	0.004247077740728855	0.025323249399662018	False	[1 0 0 0 0 0]	[0 0 0 1 0 0]	[0 0 0 1 0 0]	[0 0 0 1 0 0]
79	0.11749999970197678	0.6244297623634338	0.5618284344673157	0.00012523136683739722	0.004830028396099806	0.05764608830213547	False	[0 0 0 0 0 0]	[0 0 0 0 0 0]	[0 0 0 0 0 0]	[0 0 0 0 0 0]
79	0.13750000298023224	0.11078029125928879	0.08271835744380951	4.048252594657242e-05	0.003906730096787214	0.02411472611129284	False	[1 0 0 0 0 0]	[0 0 0 1 0 0]	[0 0 0 1 0 0]	[0 0 0 1 0 0]
79	0.11999999731779099	0.6175082325935364	0.5554965138435364	0.00012779726239386946	0.004833494313061237	0.05705041065812111	False	[0 0 0 0 0 0]	[0 0 0 0 0 0]	[0 0 0 0 0 0]	[0 0 0 0 0 0]
79	0.13500000536441803	0.10483088344335556	0.07377516478300095	4.649014590540901e-05	0.0045736804604530334	0.026435544714331627	False	[1 0 0 0 0 0]	[0 0 0 1 0 0]	[0 0 0 1 0 0]	[0 0 0 1 0 0]
79	0.12250000238418579	0.6193820834159851	0.5570694208145142	0.0001274074602406472	0.004846598953008652	0.0573386624455452	False	[0 0 0 0 0 0]	[0 0 0 0 0 0]	[0 0 0 0 0 0]	[0 0 0 0 0 0]
79	0.14000000059604645	0.10758668929338455	0.07787463814020157	4.435390655999072e-05	0.004295398481190205	0.025372296571731567	False	[1 0 0 0 0 0]	[0 0 0 1 0 0]	[0 0 0 1 0 0]	[0 0 0 1 0 0]
79	0.11999999731779099	0.6213191747665405	0.5601041913032532	0.00012320824316702783	0.004781494382768869	0.05631028860807419	False	[0 0 0 0 0 0]	[0 0 0 0 0 0]	[0 0 0 0 0 0]	[0 0 0 0 0 0]
79	0.13750000298023224	0.10681133717298508	0.0771445482969284	4.4932075979886577e-05	0.004336027894169092	0.02528582699596882	False	[1 0 0 0 0 0]	[0 0 0 1 0 0]	[0 0 0 1 0 0]	[0 0 0 1 0 0]
79	0.12250000238418579	0.610929548740387	0.549983024597168	0.00012581609189510345	0.00480220653116703	0.05601848289370537	False	[0 0 0 0 0 0]	[0 0 0 0 0 0]	[0 0 0 0 0 0]	[0 0 0 0 0 0]
80	0.14499999582767487	0.15335126221179962	0.12639422714710236	5.3045594540890306e-05	0.00807204283773899	0.01883193850517273	False	[1 0 0 0 0 0]	[0 0 0 1 0 0]	[0 0 0 1 0 0]	[0 0 0 1 0 0]
80	0.12250000238418579	0.6286856532096863	0.575140118598938	0.0001469043199904263	0.007436277810484171	0.04596232995390892	False	[0 0 0 0 0 0]	[0 0 0 0 0 0]	[0 0 0 0 0 0]	[0 0 0 0 0 0]
80	0.12999999523162842	0.15498992800712585	0.12807157635688782	5.323217192199081e-05	0.008118219673633575	0.018746918067336082	False	[1 0 0 0 0 0]	[0 0 0 1 0 0]	[0 0 0 1 0 0]	[0 0 0 1 0 0]
80	0.11999999731779099	0.6285507678985596	0.5752320289611816	0.00014939100947231054	0.007491603028029203	0.0456777848303318	False	[0 0 0 0 0 0]	[0 0 0 0 0 0]	[0 0 0 0 0 0]	[0 0 0 0 0 0]
80	0.14499999582767487	0.1458585113286972	0.11867748200893402	5.122742004459724e-05	0.008517884649336338	0.018611906096339226	False	[1 0 0 0 0 0]	[0 0 0 1 0 0]	[0 0 0 1 0 0]	[0 0 0 1 0 0]
80	0.12250000238418579	0.6248800754547119	0.5719265341758728	0.00014674817794002593	0.007373815402388573	0.04543299600481987	False	[0 0 0 0 0 0]	[0 0 0 0 0 0]	[0 0 0 0 0 0]	[0 0 0 0 0 0]
80	0.14000000059604645	0.15550625324249268	0.1283932328224182	5.637852518702857e-05	0.007976326160132885	0.019080329686403275	False	[1 0 0 0 0 0]	[0 0 0 1 0 0]	[0 0 0 1 0 0]	[0 0 0 1 0 0]
80	0.11999999731779099	0.625036358833313	0.5720342397689819	0.00014857802307233214	0.007441704627126455	0.04541181027889252	False	[0 0 0 0 0 0]	[0 0 0 0 0 0]	[0 0 0 0 0 0]	[0 0 0 0 0 0]
80	0.13249999284744263	0.15077008306980133	0.1235300749540329	5.355100074666552e-05	0.008280067704617977	0.01890639401972294	False	[1 0 0 0 0 0]	[0 0 0 1 0 0]	[0 0 0 1 0 0]	[0 0 0 1 0 0]
80	0.12250000238418579	0.6307547688484192	0.5769835710525513	0.00014523173740599304	0.007449514698237181	0.04617642983794212	False	[0 0 0 0 0 0]	[0 0 0 0 0 0]	[0 0 0 0 0 0]	[0 0 0 0 0 0]
80	0.12999999523162842	0.15332914888858795	0.1261458545923233	5.318268449627794e-05	0.008287663571536541	0.018842441961169243	False	[1 0 0 0 0 0]	[0 0 0 1 0 0]	[0 0 0 1 0 0]	[0 0 0 1 0 0]
80	0.125	0.6269823908805847	0.5740590691566467	0.00014825549442321062	0.007341847755014896	0.045433200895786285	False	[0 0 0 0 0 0]	[0 0 0 0 0 0]	[0 0 0 0 0 0]	[0 0 0 0 0 0]
80	0.1274999976158142	0.1531139314174652	0.12539984285831451	5.051273183198646e-05	0.008844401687383652	0.01881917007267475	False	[1 0 0 0 0 0]	[0 0 0 1 0 0]	[0 0 0 1 0 0]	[0 0 0 1 0 0]
80	0.12250000238418579	0.6266363859176636	0.5733131170272827	0.00014970834308769554	0.007453176658600569	0.045720331370830536	False	[0 0 0 0 0 0]	[0 0 0 0 0 0]	[0 0 0 0 0 0]	[0 0 0 0 0 0]
80	0.12250000238418579	0.15680742263793945	0.1297055333852768	5.3776646382175386e-05	0.008088001981377602	0.018960105255246162	False	[1 0 0 0 0 0]	[0 0 0 1 0 0]	[0 0 0 1 0 0]	[0 0 0 1 0 0]
80	0.12250000238418579	0.6204574108123779	0.5680816769599915	0.0001428665709681809	0.00726729491725564	0.04496559128165245	False	[0 0 0 0 0 0]	[0 0 0 0 0 0]	[0 0 0 0 0 0]	[0 0 0 0 0 0]
80	0.13500000536441803	0.13537858426570892	0.10675212740898132	5.142933514434844e-05	0.009475632570683956	0.019099395722150803	False	[1 0 0 0 0 0]	[0 0 0 1 0 0]	[0 0 0 1 0 0]	[0 0 0 1 0 0]
80	0.125	0.6245609521865845	0.5712077021598816	0.00014859490329399705	0.007432450540363789	0.045772213488817215	False	[0 0 0 0 0 0]	[0 0 0 0 0 0]	[0 0 0 0 0 0]	[0 0 0 0 0 0]
80	0.14000000059604645	0.1604864001274109	0.13414143025875092	5.343158045434393e-05	0.007640419062227011	0.01865110918879509	False	[1 0 0 0 0 0]	[0 0 0 1 0 0]	[0 0 0 1 0 0]	[0 0 0 1 0 0]
80	0.125	0.6283609867095947	0.5748500823974609	0.00014873761392664164	0.007482853252440691	0.045879390090703964	False	[0 0 0 0 0 0]	[0 0 0 0 0 0]	[0 0 0 0 0 0]	[0 0 0 0 0 0]
80	0.12999999523162842	0.15780824422836304	0.13086944818496704	5.6218381359940395e-05	0.00783846527338028	0.019044099375605583	False	[1 0 0 0 0 0]	[0 0 0 1 0 0]	[0 0 0 1 0 0]	[0 0 0 1 0 0]
80	0.12250000238418579	0.6248835921287537	0.571765124797821	0.00014815271424595267	0.007436666637659073	0.04553361237049103	False	[0 0 0 0 0 0]	[0 0 0 0 0 0]	[0 0 0 0 0 0]	[0 0 0 0 0 0]
80	0.14499999582767487	0.1536688357591629	0.126464381814003	5.202245301916264e-05	0.008343188092112541	0.018809247761964798	False	[1 0 0 0 0 0]	[0 0 0 1 0 0]	[0 0 0 1 0 0]	[0 0 0 1 0 0]
80	0.11999999731779099	0.6256347894668579	0.5722784996032715	0.00015212807920761406	0.007469062693417072	0.04573511332273483	False	[0 0 0 0 0 0]	[0 0 0 0 0 0]	[0 0 0 0 0 0]	[0 0 0 0 0 0]
80	0.15000000596046448	0.15214647352695465	0.12443791329860687	5.1851198804797605e-05	0.008727479726076126	0.01892922632396221	False	[1 0 0 0 0 0]	[0 0 0 1 0 0]	[0 0 0 1 0 0]	[0 0 0 1 0 0]
80	0.12250000238418579	0.6282928586006165	0.5748807787895203	0.000148916631587781	0.007381024304777384	0.04588216170668602	False	[0 0 0 0 0 0]	[0 0 0 0 0 0]	[0 0 0 0 0 0]	[0 0 0 0 0 0]
80	0.13750000298023224	0.14247193932533264	0.11440378427505493	4.9971469707088545e-05	0.00923890434205532	0.01877927966415882	False	[1 0 0 0 0 0]	[0 0 0 1 0 0]	[0 0 0 1 0 0]	[0 0 0 1 0 0]
80	0.12250000238418579	0.6258300542831421	0.5726012587547302	0.0001465516834286973	0.007395428605377674	0.045686762779951096	False	[0 0 0 0 0 0]	[0 0 0 0 0 0]	[0 0 0 0 0 0]	[0 0 0 0 0 0]
80	0.15000000596046448	0.15705838799476624	0.13008958101272583	5.427254654932767e-05	0.008047160692512989	0.01886736787855625	False	[1 0 0 0 0 0]	[0 0 0 1 0 0]	[0 0 0 1 0 0]	[0 0 0 1 0 0]
80	0.12250000238418579	0.6255427598953247	0.572037398815155	0.00014762760838493705	0.007500809151679277	0.045856863260269165	False	[0 0 0 0 0 0]	[0 0 0 0 0 0]	[0 0 0 0 0 0]	[0 0 0 0 0 0]
81	0.12999999523162842	0.17878884077072144	0.15306444466114044	5.256916119833477e-05	0.00626629451289773	0.01940552517771721	False	[1 0 0 0 0 0]	[0 0 0 1 0 0]	[0 0 0 1 0 0]	[0 0 0 1 0 0]
81	0.11999999731779099	0.4056928753852844	0.3649236559867859	9.435313404537737e-05	0.004601065535098314	0.03607378900051117	False	[0 0 0 0 0 0]	[0 0 0 0 0 0]	[0 0 0 0 0 0]	[0 0 0 0 0 0]
81	0.15000000596046448	0.16458943486213684	0.13907375931739807	5.0571503379615024e-05	0.006364854983985424	0.01910025253891945	False	[1 0 0 0 0 0]	[0 0 0 1 0 0]	[0 0 0 1 0 0]	[0 0 0 1 0 0]
81	0.125	0.40601614117622375	0.36571165919303894	9.54449933487922e-05	0.004550587385892868	0.035658445209264755	False	[0 0 0 0 0 0]	[0 0 0 0 0 0]	[0 0 0 0 0 0]	[0 0 0 0 0 0]
81	0.14499999582767487	0.16684302687644958	0.14110800623893738	5.4421700042439625e-05	0.006114145740866661	0.019566461443901062	False	[1 0 0 0 0 0]	[0 0 0 1 0 0]	[0 0 0 1 0 0]	[0 0 0 1 0 0]
81	0.12250000238418579	0.4072954058647156	0.3669533431529999	9.66929947026074e-05	0.004547498654574156	0.03569786250591278	False	[0 0 0 0 0 0]	[0 0 0 0 0 0]	[0 0 0 0 0 0]	[0 0 0 0 0 0]
81	0.13750000298023224	0.1696818321943283	0.1438753753900528	5.2481391321634874e-05	0.0064250510185956955	0.019328922033309937	False	[1 0 0 0 0 0]	[0 0 0 1 0 0]	[0 0 0 1 0 0]	[0 0 0 1 0 0]
81	0.11999999731779099	0.4077856242656708	0.3670496642589569	9.738601511344314e-05	0.004527954384684563	0.03611062094569206	False	[0 0 0 0 0 0]	[0 0 0 0 0 0]	[0 0 0 0 0 0]	[0 0 0 0 0 0]
81	0.13500000536441803	0.16623450815677643	0.13986991345882416	5.135713945492171e-05	0.0067688170820474625	0.019544411450624466	False	[1 0 0 0 0 0]	[0 0 0 1 0 0]	[0 0 0 1 0 0]	[0 0 0 1 0 0]
81	0.11999999731779099	0.4060806632041931	0.36571192741394043	9.509923256700858e-05	0.004554183222353458	0.03571944683790207	False	[0 0 0 0 0 0]	[0 0 0 0 0 0]	[0 0 0 0 0 0]	[0 0 0 0 0 0]
81	0.1525000035762787	0.1647094488143921	0.13876968622207642	5.214408156462014e-05	0.006502993870526552	0.019384626299142838	False	[1 0 0 0 0 0]	[0 0 0 1 0 0]	[0 0 0 1 0 0]	[0 0 0 1 0 0]
81	0.12250000238418579	0.4053282141685486	0.3646247684955597	9.489991498412564e-05	0.004564961418509483	0.036043595522642136	False	[0 0 0 0 0 0]	[0 0 0 0 0 0]	[0 0 0 0 0 0]	[0 0 0 0 0 0]
81	0.12999999523162842	0.1574871689081192	0.1314888447523117	5.400874579208903e-05	0.006456861272454262	0.01948745921254158	False	[1 0 0 0 0 0]	[0 0 0 1 0 0]	[0 0 0 1 0 0]	[0 0 0 1 0 0]
81	0.125	0.41075676679611206	0.3699655830860138	9.87808161880821e-05	0.004548016935586929	0.03614436835050583	False	[0 0 0 0 0 0]	[0 0 0 0 0 0]	[0 0 0 0 0 0]	[0 0 0 0 0 0]
81	0.125	0.1712607443332672	0.14569197595119476	5.369316568248905e-05	0.006171731278300285	0.019343340769410133	False	[1 0 0 0 0 0]	[0 0 0 1 0 0]	[0 0 0 1 0 0]	[0 0 0 1 0 0]
81	0.1274999976158142	0.4031514525413513	0.36241140961647034	9.930833039106801e-05	0.0045775072649121284	0.03606323152780533	False	[0 0 0 0 0 0]	[0 0 0 0 0 0]	[0 0 0 0 0 0]	[0 0 0 0 0 0]
81	0.14499999582767487	0.17053084075450897	0.14485540986061096	5.369769496610388e-05	0.006129604764282703	0.019492115825414658	False	[1 0 0 0 0 0]	[0 0 0 1 0 0]	[0 0 0 1 0 0]	[0 0 0 1 0 0]
81	0.12250000238418579	0.40790116786956787	0.3667256236076355	9.937233699019998e-05	0.004613768775016069	0.03646241873502731	False	[0 0 0 0 0 0]	[0 0 0 0 0 0]	[0 0 0 0 0 0]	[0 0 0 0 0 0]
81	0.12250000238418579	0.16524259746074677	0.1394592970609665	5.152192898094654e-05	0.006511360872536898	0.019220415502786636	False	[1 0 0 0 0 0]	[0 0 0 1 0 0]	[0 0 0 1 0 0]	[0 0 0 1 0 0]
81	0.12999999523162842	0.40569964051246643	0.36434876918792725	0.00010086157271871343	0.004640219733119011	0.036609798669815063	False	[0 0 0 0 0 0]	[0 0 0 0 0 0]	[0 0 0 0 0 0]	[0 0 0 0 0 0]
81	0.12999999523162842	0.1557832509279251	0.12978948652744293	5.115778185427189e-05	0.006752073764801025	0.019190529361367226	False	[1 0 0 0 0 0]	[0 0 0 1 0 0]	[0 0 0 1 0 0]	[0 0 0 1 0 0]
81	0.11749999970197678	0.3911990523338318	0.351077139377594	9.387185127707198e-05	0.00459355628117919	0.035434477031230927	False	[0 0 0 0 0 0]	[0 0 0 0 0 0]	[0 0 0 0 0 0]	[0 0 0 0 0 0]
81	0.125	0.16416171193122864	0.13797596096992493	5.0227867177454755e-05	0.006784043740481138	0.019351480528712273	False	[1 0 0 0 0 0]	[0 0 0 1 0 0]	[0 0 0 1 0 0]	[0 0 0 1 0 0]
81	0.125	0.4009389877319336	0.36074206233024597	9.679851063992828e-05	0.004523922689259052	0.03557620197534561	False	[0 0 0 0 0 0]	[0 0 0 0 0 0]	[0 0 0 0 0 0]	[0 0 0 0 0 0]
81	0.125	0.1700676530599594	0.1437796950340271	5.215240889810957e-05	0.006602123379707336	0.019633682444691658	False	[1 0 0 0 0 0]	[0 0 0 1 0 0]	[0 0 0 1 0 0]	[0 0 0 1 0 0]
81	0.11999999731779099	0.400161474943161	0.3595471680164337	9.798893734114245e-05	0.0044911629520356655	0.03602515533566475	False	[0 0 0 0 0 0]	[0 0 0 0 0 0]	[0 0 0 0 0 0]	[0 0 0 0 0 0]
81	0.12999999523162842	0.17270955443382263	0.14710094034671783	5.471097756526433e-05	0.006058138329535723	0.019495747983455658	False	[1 0 0 0 0 0]	[0 0 0 1 0 0]	[0 0 0 1 0 0]	[0 0 0 1 0 0]
81	0.11999999731779099	0.4053252041339874	0.36456114053726196	9.694666368886828e-05	0.004451449029147625	0.036215655505657196	False	[0 0 0 0 0 0]	[0 0 0 0 0 0]	[0 0 0 0 0 0]	[0 0 0 0 0 0]
81	0.12999999523162842	0.15052926540374756	0.1242501363158226	5.188494469621219e-05	0.006693150382488966	0.019534094259142876	False	[1 0 0 0 0 0]	[0 0 0 1 0 0]	[0 0 0 1 0 0]	[0 0 0 1 0 0]
81	0.12999999523162842	0.4057999849319458	0.36521321535110474	9.641867654863745e-05	0.004485812969505787	0.03600453585386276	False	[0 0 0 0 0 0]	[0 0 0 0 0 0]	[0 0 0 0 0 0]	[0 0 0 0 0 0]
82	0.13249999284744263	0.2609778344631195	0.22797733545303345	7.334726979024708e-05	0.006716987583786249	0.026210162788629532	False	[1 0 0 0 0 0]	[0 0 0 1 0 0]	[0 0 0 1 0 0]	[0 0 0 1 0 0]
82	0.12999999523162842	0.3600340783596039	0.3189205825328827	8.724599319975823e-05	0.004011167678982019	0.03701511770486832	False	[0 0 0 0 0 0]	[0 0 0 0 0 0]	[0 0 0 0 0 0]	[0 0 0 0 0 0]
82	0.15000000596046448	0.2527846693992615	0.2192019373178482	7.358203583862633e-05	0.006869015749543905	0.026640137657523155	False	[1 0 0 0 0 0]	[0 0 0 1 0 0]	[0 0 0 1 0 0]	[0 0 0 1 0 0]
82	0.12250000238418579	0.3579689860343933	0.3167639374732971	8.969441114459187e-05	0.004064952488988638	0.03705040365457535	False	[0 0 0 0 0 0]	[0 0 0 0 0 0]	[0 0 0 0 0 0]	[0 0 0 0 0 0]
82	0.14000000059604645	0.2646927535533905	0.23132382333278656	7.527045818278566e-05	0.006731020286679268	0.026562659069895744	False	[1 0 0 0 0 0]	[0 0 0 1 0 0]	[0 0 0 1 0 0]	[0 0 0 1 0 0]
82	0.12250000238418579	0.35906708240509033	0.3181430697441101	8.500838885083795e-05	0.004003939684480429	0.03683506324887276	False	[0 0 0 0 0 0]	[0 0 0 0 0 0]	[0 0 0 0 0 0]	[0 0 0 0 0 0]
82	0.13500000536441803	0.27593883872032166	0.24264033138751984	7.5803320214618e-05	0.006401914171874523	0.026820797473192215	False	[1 0 0 0 0 0]	[0 0 0 1 0 0]	[0 0 0 1 0 0]	[0 0 0 1 0 0]
82	0.12250000238418579	0.3565714955329895	0.3161167502403259	8.638752478873357e-05	0.003965538926422596	0.036402810364961624	False	[0 0 0 0 0 0]	[0 0 0 0 0 0]	[0 0 0 0 0 0]	[0 0 0 0 0 0]
82	0.14000000059604645	0.2517419457435608	0.2179865837097168	7.041165372356772e-05	0.0072598811239004135	0.026425067335367203	False	[1 0 0 0 0 0]	[0 0 0 1 0 0]	[0 0 0 1 0 0]	[0 0 0 1 0 0]
82	0.11749999970197678	0.3584515452384949	0.31744512915611267	8.893055928638205e-05	0.003966267220675945	0.0369512178003788	False	[0 0 0 0 0 0]	[0 0 0 0 0 0]	[0 0 0 0 0 0]	[0 0 0 0 0 0]
82	0.125	0.26526007056236267	0.23217268288135529	7.220063707791269e-05	0.006701525300741196	0.02631365694105625	False	[1 0 0 0 0 0]	[0 0 0 1 0 0]	[0 0 0 1 0 0]	[0 0 0 1 0 0]
82	0.12250000238418579	0.3551805913448334	0.3138766586780548	8.858090586727485e-05	0.0040960959158837795	0.037119269371032715	False	[0 0 0 0 0 0]	[0 0 0 0 0 0]	[0 0 0 0 0 0]	[0 0 0 0 0 0]
82	0.13750000298023224	0.26820290088653564	0.23456035554409027	7.147933501983061e-05	0.00692414864897728	0.026646913960576057	False	[1 0 0 0 0 0]	[0 0 0 1 0 0]	[0 0 0 1 0 0]	[0 0 0 1 0 0]
82	0.125	0.3617502450942993	0.3211548328399658	8.636467828182504e-05	0.0039772046729922295	0.036531832069158554	False	[0 0 0 0 0 0]	[0 0 0 0 0 0]	[0 0 0 0 0 0]	[0 0 0 0 0 0]
82	0.13750000298023224	0.24935774505138397	0.21586696803569794	7.179714884841815e-05	0.007084562908858061	0.026334425434470177	False	[1 0 0 0 0 0]	[0 0 0 1 0 0]	[0 0 0 1 0 0]	[0 0 0 1 0 0]
82	0.125	0.35572582483291626	0.3148568868637085	8.847996650729328e-05	0.003968041855841875	0.0368124321103096	False	[0 0 0 0 0 0]	[0 0 0 0 0 0]	[0 0 0 0 0 0]	[0 0 0 0 0 0]
82	0.13500000536441803	0.24122002720832825	0.20791155099868774	6.939444574527442e-05	0.0072176335379481316	0.026021458208560944	False	[1 0 0 0 0 0]	[0 0 0 1 0 0]	[0 0 0 1 0 0]	[0 0 0 1 0 0]
82	0.125	0.3611032962799072	0.31989219784736633	9.282621613238007e-05	0.00408975500613451	0.03702850639820099	False	[0 0 0 0 0 0]	[0 0 0 0 0 0]	[0 0 0 0 0 0]	[0 0 0 0 0 0]
82	0.1274999976158142	0.26637765765190125	0.23298248648643494	7.462424400728196e-05	0.006582198664546013	0.026738356798887253	False	[1 0 0 0 0 0]	[0 0 0 1 0 0]	[0 0 0 1 0 0]	[0 0 0 1 0 0]
82	0.125	0.35964566469192505	0.3185092806816101	8.792733569862321e-05	0.004094949923455715	0.03695349767804146	False	[0 0 0 0 0 0]	[0 0 0 0 0 0]	[0 0 0 0 0 0]	[0 0 0 0 0 0]
82	0.12999999523162842	0.2587324380874634	0.22534458339214325	7.15153364581056e-05	0.006780484225600958	0.02653585560619831	False	[1 0 0 0 0 0]	[0 0 0 1 0 0]	[0 0 0 1 0 0]	[0 0 0 1 0 0]
82	0.12250000238418579	0.3607441186904907	0.319284051656723	8.830712613416836e-05	0.003985349088907242	0.03738640621304512	False	[0 0 0 0 0 0]	[0 0 0 0 0 0]	[0 0 0 0 0 0]	[0 0 0 0 0 0]
82	0.12999999523162842	0.272807776927948	0.23927189409732819	7.173748599598184e-05	0.006615510210394859	0.02684863656759262	False	[1 0 0 0 0 0]	[0 0 0 1 0 0]	[0 0 0 1 0 0]	[0 0 0 1 0 0]
82	0.12250000238418579	0.3542557656764984	0.313387930393219	8.949741459218785e-05	0.0041015115566551685	0.036676812916994095	False	[0 0 0 0 0 0]	[0 0 0 0 0 0]	[0 0 0 0 0 0]	[0 0 0 0 0 0]
82	0.14000000059604645	0.2590997517108917	0.22619479894638062	7.587481377413496e-05	0.006502089090645313	0.026326984167099	False	[1 0 0 0 0 0]	[0 0 0 1 0 0]	[0 0 0 1 0 0]	[0 0 0 1 0 0]
82	0.11749999970197678	0.3648466467857361	0.32306864857673645	9.527902875561267e-05	0.004102854989469051	0.03757987171411514	False	[0 0 0 0 0 0]	[0 0 0 0 0 0]	[0 0 0 0 0 0]	[0 0 0 0 0 0]
82	0.12999999523162842	0.26935967803001404	0.23634254932403564	7.580516103189439e-05	0.006350384559482336	0.02659093216061592	False	[1 0 0 0 0 0]	[0 0 0 1 0 0]	[0 0 0 1 0 0]	[0 0 0 1 0 0]
82	0.125	0.35765552520751953	0.3174086809158325	8.763559890212491e-05	0.0040092142298817635	0.03614998608827591	False	[0 0 0 0 0 0]	[0 0 0 0 0 0]	[0 0 0 0 0 0]	[0 0 0 0 0 0]
82	0.14499999582767487	0.27391567826271057	0.24100026488304138	7.858125900384039e-05	0.00618236418813467	0.026654472574591637	False	[1 0 0 0 0 0]	[0 0 0 1 0 0]	[0 0 0 1 0 0]	[0 0 0 1 0 0]
82	0.125	0.35546669363975525	0.31467047333717346	8.727570093469694e-05	0.004057689569890499	0.03665127232670784	False	[0 0 0 0 0 0]	[0 0 0 0 0 0]	[0 0 0 0 0 0]	[0 0 0 0 0 0]
83	0.125	0.4703381657600403	0.4116671085357666	0.00022259521938394755	0.006334344856441021	0.05211411416530609	False	[1 0 0 0 0 0]	[0 0 0 1 0 0]	[0 0 0 1 0 0]	[0 0 0 1 0 0]
83	0.125	0.43990465998649597	0.3764384984970093	0.00018417942919768393	0.0034010133240371943	0.059880971908569336	False	[0 0 0 0 0 0]	[0 0 0 0 0 0]	[0 0 0 0 0 0]	[0 0 0 0 0 0]
83	0.14000000059604645	0.4249741733074188	0.36701586842536926	0.00020845311519224197	0.007208334282040596	0.05054148659110069	False	[1 0 0 0 0 0]	[0 0 0 1 0 0]	[0 0 0 1 0 0]	[0 0 0 1 0 0]
83	0.12250000238418579	0.43960094451904297	0.3762410283088684	0.00018122611800208688	0.0033805163111537695	0.05979818478226662	False	[0 0 0 0 0 0]	[0 0 0 0 0 0]	[0 0 0 0 0 0]	[0 0 0 0 0 0]
83	0.13500000536441803	0.47093072533607483	0.413496196269989	0.00022276153322309256	0.0062687280587852	0.05094301700592041	False	[1 0 0 0 0 0]	[0 0 0 1 0 0]	[0 0 0 1 0 0]	[0 0 0 1 0 0]
83	0.125	0.444235622882843	0.38004401326179504	0.0001847456587711349	0.0033761716913431883	0.0606306716799736	False	[0 0 0 0 0 0]	[0 0 0 0 0 0]	[0 0 0 0 0 0]	[0 0 0 0 0 0]
83	0.13249999284744263	0.47911331057548523	0.42076560854911804	0.0002377980126766488	0.006049064453691244	0.05206083133816719	False	[1 0 0 0 0 0]	[0 0 0 1 0 0]	[0 0 0 1 0 0]	[0 0 0 1 0 0]
83	0.12999999523162842	0.4423750340938568	0.3790077567100525	0.00018360422109253705	0.003350571496412158	0.059833087027072906	False	[0 0 0 0 0 0]	[0 0 0 0 0 0]	[0 0 0 0 0 0]	[0 0 0 0 0 0]
83	0.14499999582767487	0.467131644487381	0.40895044803619385	0.0002263010392198339	0.006330784410238266	0.0516241192817688	False	[1 0 0 0 0 0]	[0 0 0 1 0 0]	[0 0 0 1 0 0]	[0 0 0 1 0 0]
83	0.11999999731779099	0.452997624874115	0.38761818408966064	0.00020041473908349872	0.0034251948818564415	0.061753831803798676	False	[0 0 0 0 0 0]	[0 0 0 0 0 0]	[0 0 0 0 0 0]	[0 0 0 0 0 0]
83	0.13500000536441803	0.46924903988838196	0.41195785999298096	0.0002467998128850013	0.006066849455237389	0.05097753554582596	False	[1 0 0 0 0 0]	[0 0 0 1 0 0]	[0 0 0 1 0 0]	[0 0 0 1 0 0]
83	0.125	0.4324086010456085	0.36971116065979004	0.0001725460315356031	0.0033125041518360376	0.05921239033341408	False	[0 0 0 0 0 0]	[0 0 0 0 0 0]	[0 0 0 0 0 0]	[0 0 0 0 0 0]
83	0.15000000596046448	0.47208330035209656	0.41505688428878784	0.00022618942603003234	0.006026227958500385	0.0507739819586277	False	[1 0 0 0 0 0]	[0 0 0 1 0 0]	[0 0 0 1 0 0]	[0 0 0 1 0 0]
83	0.1274999976158142	0.4493112564086914	0.384278267621994	0.00018919588183052838	0.0035183310974389315	0.06132546067237854	False	[0 0 0 0 0 0]	[0 0 0 0 0 0]	[0 0 0 0 0 0]	[0 0 0 0 0 0]
83	0.12999999523162842	0.45672500133514404	0.3983405530452728	0.0002401007222943008	0.006706352345645428	0.05143798887729645	False	[1 0 0 0 0 0]	[0 0 0 1 0 0]	[0 0 0 1 0 0]	[0 0 0 1 0 0]
83	0.11749999970197678	0.44830742478370667	0.38313454389572144	0.00018401487614028156	0.003489869646728039	0.0614989697933197	False	[0 0 0 0 0 0]	[0 0 0 0 0 0]	[0 0 0 0 0 0]	[0 0 0 0 0 0]
83	0.14749999344348907	0.48841533064842224	0.4313577711582184	0.00023613788653165102	0.005676073953509331	0.05114538222551346	False	[1 0 0 0 0 0]	[0 0 0 1 0 0]	[0 0 0 1 0 0]	[0 0 0 1 0 0]
83	0.1274999976158142	0.44587913155555725	0.38137489557266235	0.0001849379186751321	0.0034314068034291267	0.0608879029750824	False	[0 0 0 0 0 0]	[0 0 0 0 0 0]	[0 0 0 0 0 0]	[0 0 0 0 0 0]
83	0.14000000059604645	0.46239233016967773	0.40435314178466797	0.00022089840786065906	0.006317004561424255	0.051501281559467316	False	[1 0 0 0 0 0]	[0 0 0 1 0 0]	[0 0 0 1 0 0]	[0 0 0 1 0 0]
83	0.12250000238418579	0.43685925006866455	0.3738711178302765	0.00018021083087660372	0.0033889811020344496	0.059418946504592896	False	[0 0 0 0 0 0]	[0 0 0 0 0 0]	[0 0 0 0 0 0]	[0 0 0 0 0 0]
83	0.13249999284744263	0.45765846967697144	0.4000094532966614	0.00022257510863710195	0.0064148977398872375	0.051011573523283005	False	[1 0 0 0 0 0]	[0 0 0 1 0 0]	[0 0 0 1 0 0]	[0 0 0 1 0 0]
83	0.12250000238418579	0.44640517234802246	0.38244765996932983	0.0001918196794576943	0.0034198646899312735	0.06034582480788231	False	[0 0 0 0 0 0]	[0 0 0 0 0 0]	[0 0 0 0 0 0]	[0 0 0 0 0 0]
83	0.12250000238418579	0.46440285444259644	0.4062756299972534	0.00022136294865049422	0.006300092674791813	0.05160577595233917	False	[1 0 0 0 0 0]	[0 0 0 1 0 0]	[0 0 0 1 0 0]	[0 0 0 1 0 0]
83	0.125	0.4432782530784607	0.378567099571228	0.0001850037951953709	0.003427475458011031	0.061098676174879074	False	[0 0 0 0 0 0]	[0 0 0 0 0 0]	[0 0 0 0 0 0]	[0 0 0 0 0 0]
83	0.13249999284744263	0.4599517285823822	0.4019986093044281	0.00023743847850710154	0.006527766585350037	0.0511879026889801	False	[1 0 0 0 0 0]	[0 0 0 1 0 0]	[0 0 0 1 0 0]	[0 0 0 1 0 0]
83	0.1274999976158142	0.44535982608795166	0.3799896538257599	0.0001955759507836774	0.0035048932768404484	0.061669692397117615	False	[0 0 0 0 0 0]	[0 0 0 0 0 0]	[0 0 0 0 0 0]	[0 0 0 0 0 0]
83	0.13249999284744263	0.46818315982818604	0.410439670085907	0.0002443912089802325	0.006302302703261375	0.05119679868221283	False	[1 0 0 0 0 0]	[0 0 0 1 0 0]	[0 0 0 1 0 0]	[0 0 0 1 0 0]
83	0.125	0.43717798590660095	0.37343376874923706	0.00017729909450281411	0.0034201338421553373	0.060146767646074295	False	[0 0 0 0 0 0]	[0 0 0 0 0 0]	[0 0 0 0 0 0]	[0 0 0 0 0 0]
83	0.14499999582767487	0.47374892234802246	0.4156638979911804	0.00022657167573925108	0.006207279860973358	0.05165116488933563	False	[1 0 0 0 0 0]	[0 0 0 1 0 0]	[0 0 0 1 0 0]	[0 0 0 1 0 0]
83	0.1274999976158142	0.447430819272995	0.38290631771087646	0.00018762151012197137	0.003401836846023798	0.060935020446777344	False	[0 0 0 0 0 0]	[0 0 0 0 0 0]	[0 0 0 0 0 0]	[0 0 0 0 0 0]
84	0.14000000059604645	0.41812095046043396	0.3759080171585083	0.000243987247813493	0.007519233040511608	0.03444969281554222	False	[1 0 0 0 0 0]	[0 0 0 1 0 0]	[0 0 0 1 0 0]	[0 0 0 1 0 0]
84	0.11999999731779099	0.3389102816581726	0.29751020669937134	0.00016389288066420704	0.003948686644434929	0.03728749603033066	False	[0 0 0 0 0 0]	[0 0 0 0 0 0]	[0 0 0 0 0 0]	[0 0 0 0 0 0]
84	0.14499999582767487	0.406165212392807	0.3627234995365143	0.00023460917873308063	0.008202764205634594	0.03500434756278992	False	[1 0 0 0 0 0]	[0 0 0 1 0 0]	[0 0 0 1 0 0]	[0 0 0 1 0 0]
84	0.11500000208616257	0.3424018621444702	0.3009713292121887	0.00016773944662418216	0.003856770461425185	0.037406016141176224	False	[0 0 0 0 0 0]	[0 0 0 0 0 0]	[0 0 0 0 0 0]	[0 0 0 0 0 0]
84	0.1274999976158142	0.4168074131011963	0.3748159110546112	0.00024428157485090196	0.007375012151896954	0.03437221050262451	False	[1 0 0 0 0 0]	[0 0 0 1 0 0]	[0 0 0 1 0 0]	[0 0 0 1 0 0]
84	0.12250000238418579	0.34834957122802734	0.3061920404434204	0.00016935693565756083	0.0037438254803419113	0.0382443331182003	False	[0 0 0 0 0 0]	[0 0 0 0 0 0]	[0 0 0 0 0 0]	[0 0 0 0 0 0]
84	0.14499999582767487	0.387431800365448	0.345065176486969	0.00022285945306066424	0.008150016888976097	0.033993739634752274	False	[1 0 0 0 0 0]	[0 0 0 1 0 0]	[0 0 0 1 0 0]	[0 0 0 1 0 0]
84	0.12250000238418579	0.34983792901039124	0.3078593313694	0.00017772869614418596	0.0039053629152476788	0.03789549320936203	False	[0 0 0 0 0 0]	[0 0 0 0 0 0]	[0 0 0 0 0 0]	[0 0 0 0 0 0]
84	0.14249999821186066	0.39876461029052734	0.35588139295578003	0.0002255981817143038	0.007970834150910378	0.03468677029013634	False	[1 0 0 0 0 0]	[0 0 0 1 0 0]	[0 0 0 1 0 0]	[0 0 0 1 0 0]
84	0.11999999731779099	0.34225624799728394	0.30108642578125	0.00016562175005674362	0.0038923348765820265	0.03711186721920967	False	[0 0 0 0 0 0]	[0 0 0 0 0 0]	[0 0 0 0 0 0]	[0 0 0 0 0 0]
84	0.13500000536441803	0.3803616762161255	0.3380471169948578	0.0002442091645207256	0.00822425726801157	0.03384612500667572	False	[1 0 0 0 0 0]	[0 0 0 1 0 0]	[0 0 0 1 0 0]	[0 0 0 1 0 0]
84	0.12250000238418579	0.34966984391212463	0.3072448968887329	0.0001802853075787425	0.0039055957458913326	0.038339078426361084	False	[0 0 0 0 0 0]	[0 0 0 0 0 0]	[0 0 0 0 0 0]	[0 0 0 0 0 0]
84	0.13750000298023224	0.41149482131004333	0.3685857355594635	0.00023164480808191001	0.007835504598915577	0.034841928631067276	False	[1 0 0 0 0 0]	[0 0 0 1 0 0]	[0 0 0 1 0 0]	[0 0 0 1 0 0]
84	0.11999999731779099	0.34018874168395996	0.2991810441017151	0.00016360191511921585	0.0038119792006909847	0.0370321087539196	False	[0 0 0 0 0 0]	[0 0 0 0 0 0]	[0 0 0 0 0 0]	[0 0 0 0 0 0]
84	0.13249999284744263	0.3948873281478882	0.35203710198402405	0.00023646140471100807	0.008259085938334465	0.03435470163822174	False	[1 0 0 0 0 0]	[0 0 0 1 0 0]	[0 0 0 1 0 0]	[0 0 0 1 0 0]
84	0.12250000238418579	0.35001206398010254	0.3077505826950073	0.00017197678971569985	0.0036806289572268724	0.038408875465393066	False	[0 0 0 0 0 0]	[0 0 0 0 0 0]	[0 0 0 0 0 0]	[0 0 0 0 0 0]
84	0.12999999523162842	0.41994044184684753	0.3772069215774536	0.0002397262869635597	0.007514356169849634	0.034979429095983505	False	[1 0 0 0 0 0]	[0 0 0 1 0 0]	[0 0 0 1 0 0]	[0 0 0 1 0 0]
84	0.125	0.33902230858802795	0.2975667417049408	0.00017334063886664808	0.003923027776181698	0.03735920414328575	False	[0 0 0 0 0 0]	[0 0 0 0 0 0]	[0 0 0 0 0 0]	[0 0 0 0 0 0]
84	0.12999999523162842	0.41492319107055664	0.3732248544692993	0.00024156826839316636	0.007395811378955841	0.03406095877289772	False	[1 0 0 0 0 0]	[0 0 0 1 0 0]	[0 0 0 1 0 0]	[0 0 0 1 0 0]
84	0.11999999731779099	0.34866833686828613	0.3070017099380493	0.00017354778537992388	0.0037969916593283415	0.03769608959555626	False	[0 0 0 0 0 0]	[0 0 0 0 0 0]	[0 0 0 0 0 0]	[0 0 0 0 0 0]
84	0.14499999582767487	0.41365188360214233	0.37167155742645264	0.00024080619914457202	0.007405086420476437	0.034334447234869	False	[1 0 0 0 0 0]	[0 0 0 1 0 0]	[0 0 0 1 0 0]	[0 0 0 1 0 0]
84	0.125	0.348409503698349	0.30643928050994873	0.00017746737285051495	0.003702370682731271	0.03809037804603577	False	[0 0 0 0 0 0]	[0 0 0 0 0 0]	[0 0 0 0 0 0]	[0 0 0 0 0 0]
84	0.13500000536441803	0.37890321016311646	0.3354542851448059	0.00023053890618029982	0.008637888357043266	0.03458048403263092	False	[1 0 0 0 0 0]	[0 0 0 1 0 0]	[0 0 0 1 0 0]	[0 0 0 1 0 0]
84	0.11999999731779099	0.3388329744338989	0.29742318391799927	0.00016706546011846513	0.0037644347175955772	0.03747829422354698	False	[0 0 0 0 0 0]	[0 0 0 0 0 0]	[0 0 0 0 0 0]	[0 0 0 0 0 0]
84	0.14000000059604645	0.404122531414032	0.3609068691730499	0.00023901506210677326	0.008258506655693054	0.034718140959739685	False	[1 0 0 0 0 0]	[0 0 0 1 0 0]	[0 0 0 1 0 0]	[0 0 0 1 0 0]
84	0.12250000238418579	0.3550669848918915	0.3128851354122162	0.00017258345906157047	0.0037533158902078867	0.0382559709250927	False	[0 0 0 0 0 0]	[0 0 0 0 0 0]	[0 0 0 0 0 0]	[0 0 0 0 0 0]
84	0.13249999284744263	0.4166899621486664	0.37384435534477234	0.00024306593695655465	0.007563808932900429	0.03503873571753502	False	[1 0 0 0 0 0]	[0 0 0 1 0 0]	[0 0 0 1 0 0]	[0 0 0 1 0 0]
84	0.1274999976158142	0.34739890694618225	0.30569684505462646	0.0001692924415692687	0.003883771365508437	0.03764898702502251	False	[0 0 0 0 0 0]	[0 0 0 0 0 0]	[0 0 0 0 0 0]	[0 0 0 0 0 0]
84	0.13249999284744263	0.38632187247276306	0.3425152599811554	0.00023139557742979378	0.008827727288007736	0.03474749997258186	False	[1 0 0 0 0 0]	[0 0 0 1 0 0]	[0 0 0 1 0 0]	[0 0 0 1 0 0]
84	0.11999999731779099	0.341363787651062	0.2997584044933319	0.00016693351790308952	0.003809734946116805	0.03762872889637947	False	[0 0 0 0 0 0]	[0 0 0 0 0 0]	[0 0 0 0 0 0]	[0 0 0 0 0 0]
85	0.14499999582767487	0.5735394954681396	0.5226742029190063	0.00042067337199114263	0.008614582009613514	0.04183002561330795	False	[1 0 0 0 0 0]	[0 0 0 1 0 0]	[0 0 0 1 0 0]	[0 0 0 1 0 0]
85	0.12250000238418579	0.43310099840164185	0.3807678520679474	0.0002501722483430058	0.0037747598253190517	0.04830820858478546	False	[0 0 0 0 0 0]	[0 0 0 0 0 0]	[0 0 0 0 0 0]	[0 0 0 0 0 0]
85	0.12999999523162842	0.5600242018699646	0.5076855421066284	0.00041295032133348286	0.009417276829481125	0.04250844940543175	False	[1 0 0 0 0 0]	[0 0 0 1 0 0]	[0 0 0 1 0 0]	[0 0 0 1 0 0]
85	0.125	0.44590047001838684	0.3912495970726013	0.0002608985232654959	0.003809102578088641	0.05058088153600693	False	[0 0 0 0 0 0]	[0 0 0 0 0 0]	[0 0 0 0 0 0]	[0 0 0 0 0 0]
85	0.14000000059604645	0.557022213935852	0.506380558013916	0.00042063722503371537	0.009058520197868347	0.04116247594356537	False	[1 0 0 0 0 0]	[0 0 0 1 0 0]	[0 0 0 1 0 0]	[0 0 0 1 0 0]
85	0.125	0.4349755048751831	0.38139957189559937	0.000248369004111737	0.003871388267725706	0.0494561642408371	False	[0 0 0 0 0 0]	[0 0 0 0 0 0]	[0 0 0 0 0 0]	[0 0 0 0 0 0]
85	0.14000000059604645	0.5505425333976746	0.4990665316581726	0.00040010811062529683	0.00941624864935875	0.04165967181324959	False	[1 0 0 0 0 0]	[0 0 0 1 0 0]	[0 0 0 1 0 0]	[0 0 0 1 0 0]
85	0.11999999731779099	0.4418788552284241	0.388851523399353	0.00024549008230678737	0.003633263520896435	0.04914858564734459	False	[0 0 0 0 0 0]	[0 0 0 0 0 0]	[0 0 0 0 0 0]	[0 0 0 0 0 0]
85	0.12999999523162842	0.560901939868927	0.5097824931144714	0.00043168626143597066	0.00921864528208971	0.04146917909383774	False	[1 0 0 0 0 0]	[0 0 0 1 0 0]	[0 0 0 1 0 0]	[0 0 0 1 0 0]
85	0.12250000238418579	0.43863627314567566	0.38553860783576965	0.00024132744874805212	0.003779073478654027	0.049077242612838745	False	[0 0 0 0 0 0]	[0 0 0 0 0 0]	[0 0 0 0 0 0]	[0 0 0 0 0 0]
85	0.12999999523162842	0.5742021799087524	0.5233624577522278	0.00044495915062725544	0.008706587366759777	0.04168817400932312	False	[1 0 0 0 0 0]	[0 0 0 1 0 0]	[0 0 0 1 0 0]	[0 0 0 1 0 0]
85	0.125	0.44451144337654114	0.3914393484592438	0.00026203994639217854	0.003840197343379259	0.048969823867082596	False	[0 0 0 0 0 0]	[0 0 0 0 0 0]	[0 0 0 0 0 0]	[0 0 0 0 0 0]
85	0.1274999976158142	0.555982232093811	0.5046923756599426	0.0004098918871022761	0.009185323491692543	0.04169464856386185	False	[1 0 0 0 0 0]	[0 0 0 1 0 0]	[0 0 0 1 0 0]	[0 0 0 1 0 0]
85	0.12250000238418579	0.43593987822532654	0.3836176097393036	0.0002579883439466357	0.003825538791716099	0.04823873192071915	False	[0 0 0 0 0 0]	[0 0 0 0 0 0]	[0 0 0 0 0 0]	[0 0 0 0 0 0]
85	0.14499999582767487	0.5028613805770874	0.45174160599708557	0.0003824460436590016	0.010815850459039211	0.03992144763469696	False	[1 0 0 0 0 0]	[0 0 0 1 0 0]	[0 0 0 1 0 0]	[0 0 0 1 0 0]
85	0.12250000238418579	0.44193384051322937	0.38819658756256104	0.00025657349033281207	0.003880367847159505	0.04960029944777489	False	[0 0 0 0 0 0]	[0 0 0 0 0 0]	[0 0 0 0 0 0]	[0 0 0 0 0 0]
85	0.14499999582767487	0.5515968203544617	0.5015757083892822	0.0003872495435643941	0.008666204288601875	0.040967658162117004	False	[1 0 0 0 0 0]	[0 0 0 1 0 0]	[0 0 0 1 0 0]	[0 0 0 1 0 0]
85	0.12250000238418579	0.44507700204849243	0.3909279406070709	0.0002547137555666268	0.003850294277071953	0.05004406347870827	False	[0 0 0 0 0 0]	[0 0 0 0 0 0]	[0 0 0 0 0 0]	[0 0 0 0 0 0]
85	0.14499999582767487	0.5652945041656494	0.5142720341682434	0.000407510029617697	0.008695090189576149	0.041919905692338943	False	[1 0 0 0 0 0]	[0 0 0 1 0 0]	[0 0 0 1 0 0]	[0 0 0 1 0 0]
85	0.12250000238418579	0.43970704078674316	0.3862758278846741	0.00025471553090028465	0.0038488067220896482	0.04932768642902374	False	[0 0 0 0 0 0]	[0 0 0 0 0 0]	[0 0 0 0 0 0]	[0 0 0 0 0 0]
85	0.12999999523162842	0.5583171248435974	0.5082230567932129	0.000435964873759076	0.008821255527436733	0.0408368855714798	False	[1 0 0 0 0 0]	[0 0 0 1 0 0]	[0 0 0 1 0 0]	[0 0 0 1 0 0]
85	0.12250000238418579	0.4393346905708313	0.386209100484848	0.00025974365416914225	0.0038838277105242014	0.048982009291648865	False	[0 0 0 0 0 0]	[0 0 0 0 0 0]	[0 0 0 0 0 0]	[0 0 0 0 0 0]
85	0.12250000238418579	0.5543583631515503	0.5035256147384644	0.0004222222196403891	0.009045069105923176	0.04136546328663826	False	[1 0 0 0 0 0]	[0 0 0 1 0 0]	[0 0 0 1 0 0]	[0 0 0 1 0 0]
85	0.125	0.449361115694046	0.39534756541252136	0.00026972912019118667	0.0038021078798919916	0.04994168505072594	False	[0 0 0 0 0 0]	[0 0 0 0 0 0]	[0 0 0 0 0 0]	[0 0 0 0 0 0]
85	0.12999999523162842	0.581271231174469	0.5306451320648193	0.0004160681855864823	0.008314743638038635	0.041895315051078796	False	[1 0 0 0 0 0]	[0 0 0 1 0 0]	[0 0 0 1 0 0]	[0 0 0 1 0 0]
85	0.125	0.44527536630630493	0.39153796434402466	0.00025184001424349844	0.003764981869608164	0.04972057417035103	False	[0 0 0 0 0 0]	[0 0 0 0 0 0]	[0 0 0 0 0 0]	[0 0 0 0 0 0]
85	0.14749999344348907	0.570902407169342	0.5203404426574707	0.00043250704766251147	0.00856265053153038	0.04156685248017311	False	[1 0 0 0 0 0]	[0 0 0 1 0 0]	[0 0 0 1 0 0]	[0 0 0 1 0 0]
85	0.12250000238418579	0.44815632700920105	0.3940020501613617	0.00026160571724176407	0.003874278161674738	0.05001840367913246	False	[0 0 0 0 0 0]	[0 0 0 0 0 0]	[0 0 0 0 0 0]	[0 0 0 0 0 0]
85	0.12250000238418579	0.5710586309432983	0.5201405882835388	0.00041509445873089135	0.008676759898662567	0.04182620346546173	False	[1 0 0 0 0 0]	[0 0 0 1 0 0]	[0 0 0 1 0 0]	[0 0 0 1 0 0]
85	0.11500000208616257	0.43426257371902466	0.3814258277416229	0.00023130251793190837	0.003872903296723962	0.04873254895210266	False	[0 0 0 0 0 0]	[0 0 0 0 0 0]	[0 0 0 0 0 0]	[0 0 0 0 0 0]
86	0.1274999976158142	0.4791623651981354	0.4224468469619751	0.00047493824968114495	0.00964855495840311	0.04659203439950943	False	[1 0 0 0 0 0]	[0 0 0 1 0 0]	[0 0 0 1 0 0]	[0 0 0 1 0 0]
86	0.13500000536441803	0.3583311438560486	0.29736167192459106	0.0003017015114892274	0.0034485061187297106	0.05721927434206009	False	[0 0 0 0 0 0]	[0 0 0 0 0 0]	[0 0 0 0 0 0]	[0 0 0 0 0 0]
86	0.13249999284744263	0.5081769824028015	0.4503095746040344	0.0004845827352255583	0.009176577441394329	0.04820626601576805	False	[1 0 0 0 0 0]	[0 0 0 1 0 0]	[0 0 0 1 0 0]	[0 0 0 1 0 0]
86	0.11999999731779099	0.360323429107666	0.29854241013526917	0.00029258750146254897	0.003512077499181032	0.05797635018825531	False	[0 0 0 0 0 0]	[0 0 0 0 0 0]	[0 0 0 0 0 0]	[0 0 0 0 0 0]
86	0.12999999523162842	0.5079988837242126	0.4500592350959778	0.0004813690611626953	0.008977915160357952	0.04848038777709007	False	[1 0 0 0 0 0]	[0 0 0 1 0 0]	[0 0 0 1 0 0]	[0 0 0 1 0 0]
86	0.125	0.3689170479774475	0.306103378534317	0.00028252939227968454	0.003605551552027464	0.05892558395862579	False	[0 0 0 0 0 0]	[0 0 0 0 0 0]	[0 0 0 0 0 0]	[0 0 0 0 0 0]
86	0.13750000298023224	0.5052380561828613	0.4468500018119812	0.0004821979673579335	0.009446387179195881	0.04845947027206421	False	[1 0 0 0 0 0]	[0 0 0 1 0 0]	[0 0 0 1 0 0]	[0 0 0 1 0 0]
86	0.11999999731779099	0.35886141657829285	0.2969229221343994	0.00029693508986383677	0.0034852211829274893	0.05815635249018669	False	[0 0 0 0 0 0]	[0 0 0 0 0 0]	[0 0 0 0 0 0]	[0 0 0 0 0 0]
86	0.14499999582767487	0.48408886790275574	0.42459776997566223	0.0004628351016435772	0.010070119053125381	0.04895814508199692	False	[1 0 0 0 0 0]	[0 0 0 1 0 0]	[0 0 0 1 0 0]	[0 0 0 1 0 0]
86	0.125	0.36500832438468933	0.30313587188720703	0.0002955946256406605	0.0033913981169462204	0.05818544700741768	False	[0 0 0 0 0 0]	[0 0 0 0 0 0]	[0 0 0 0 0 0]	[0 0 0 0 0 0]
86	0.125	0.5185741782188416	0.46067002415657043	0.0004772785468958318	0.008731012232601643	0.048695869743824005	False	[1 0 0 0 0 0]	[0 0 0 1 0 0]	[0 0 0 1 0 0]	[0 0 0 1 0 0]
86	0.12999999523162842	0.37006816267967224	0.3077157139778137	0.0002948430774267763	0.003433037316426635	0.05862456187605858	False	[0 0 0 0 0 0]	[0 0 0 0 0 0]	[0 0 0 0 0 0]	[0 0 0 0 0 0]
86	0.15000000596046448	0.5101231932640076	0.45144525170326233	0.000479137001093477	0.009083684533834457	0.049115102738142014	False	[1 0 0 0 0 0]	[0 0 0 1 0 0]	[0 0 0 1 0 0]	[0 0 0 1 0 0]
86	0.125	0.3634488880634308	0.3018750548362732	0.0002923564170487225	0.0034421496093273163	0.05783933773636818	False	[0 0 0 0 0 0]	[0 0 0 0 0 0]	[0 0 0 0 0 0]	[0 0 0 0 0 0]
86	0.13500000536441803	0.49931854009628296	0.4411264955997467	0.0004792060353793204	0.009373352862894535	0.048339471220970154	False	[1 0 0 0 0 0]	[0 0 0 1 0 0]	[0 0 0 1 0 0]	[0 0 0 1 0 0]
86	0.1274999976158142	0.36490753293037415	0.3034895062446594	0.00030314092873595655	0.0034874051343649626	0.057627469301223755	False	[0 0 0 0 0 0]	[0 0 0 0 0 0]	[0 0 0 0 0 0]	[0 0 0 0 0 0]
86	0.14499999582767487	0.513449490070343	0.45556944608688354	0.000495416228659451	0.009076877497136593	0.048307791352272034	False	[1 0 0 0 0 0]	[0 0 0 1 0 0]	[0 0 0 1 0 0]	[0 0 0 1 0 0]
86	0.125	0.35813871026039124	0.2973524332046509	0.00027353293262422085	0.0034952345304191113	0.05701751634478569	False	[0 0 0 0 0 0]	[0 0 0 0 0 0]	[0 0 0 0 0 0]	[0 0 0 0 0 0]
86	0.12999999523162842	0.5002344250679016	0.44184958934783936	0.0004761641030199826	0.009526660665869713	0.048381999135017395	False	[1 0 0 0 0 0]	[0 0 0 1 0 0]	[0 0 0 1 0 0]	[0 0 0 1 0 0]
86	0.12250000238418579	0.37105077505111694	0.3085034489631653	0.00029980388353578746	0.0033524404279887676	0.05889506638050079	False	[0 0 0 0 0 0]	[0 0 0 0 0 0]	[0 0 0 0 0 0]	[0 0 0 0 0 0]
86	0.1274999976158142	0.523009717464447	0.4664541482925415	0.0004892615252174437	0.008452861569821835	0.047613438218832016	False	[1 0 0 0 0 0]	[0 0 0 1 0 0]	[0 0 0 1 0 0]	[0 0 0 1 0 0]
86	0.125	0.3627873957157135	0.30158933997154236	0.0002806313568726182	0.0034050378017127514	0.05751240625977516	False	[0 0 0 0 0 0]	[0 0 0 0 0 0]	[0 0 0 0 0 0]	[0 0 0 0 0 0]
86	0.13500000536441803	0.49023860692977905	0.4315440058708191	0.0004568971926346421	0.00975608080625534	0.04848160967230797	False	[1 0 0 0 0 0]	[0 0 0 1 0 0]	[0 0 0 1 0 0]	[0 0 0 1 0 0]
86	0.125	0.35653042793273926	0.2958996593952179	0.0002767480327747762	0.0034571741707623005	0.05689682066440582	False	[0 0 0 0 0 0]	[0 0 0 0 0 0]	[0 0 0 0 0 0]	[0 0 0 0 0 0]
86	0.12999999523162842	0.4969581961631775	0.43898138403892517	0.000477688416140154	0.009347539395093918	0.04815157130360603	False	[1 0 0 0 0 0]	[0 0 0 1 0 0]	[0 0 0 1 0 0]	[0 0 0 1 0 0]
86	0.125	0.36588549613952637	0.30420517921447754	0.0002770735009107739	0.0033801149111241102	0.05802313983440399	False	[0 0 0 0 0 0]	[0 0 0 0 0 0]	[0 0 0 0 0 0]	[0 0 0 0 0 0]
86	0.125	0.49165961146354675	0.4329809248447418	0.00046246696729213	0.00957541074603796	0.04864082485437393	False	[1 0 0 0 0 0]	[0 0 0 1 0 0]	[0 0 0 1 0 0]	[0 0 0 1 0 0]
86	0.12250000238418579	0.3655686676502228	0.30413275957107544	0.00029139776597730815	0.0034560631029307842	0.05768843740224838	False	[0 0 0 0 0 0]	[0 0 0 0 0 0]	[0 0 0 0 0 0]	[0 0 0 0 0 0]
86	0.13750000298023224	0.4964431822299957	0.43789148330688477	0.0004906448302790523	0.00954633578658104	0.048514723777770996	False	[1 0 0 0 0 0]	[0 0 0 1 0 0]	[0 0 0 1 0 0]	[0 0 0 1 0 0]
86	0.12250000238418579	0.36240309476852417	0.30047526955604553	0.00029075026395730674	0.003499625250697136	0.05813745781779289	False	[0 0 0 0 0 0]	[0 0 0 0 0 0]	[0 0 0 0 0 0]	[0 0 0 0 0 0]
87	0.14249999821186066	0.3568471670150757	0.3052404522895813	0.0003901568416040391	0.008549476973712444	0.042667075991630554	False	[1 0 0 0 0 0]	[0 0 0 1 0 0]	[0 0 0 1 0 0]	[0 0 0 1 0 0]
87	0.1274999976158142	0.271944522857666	0.21477730572223663	0.00028576559270732105	0.0030586961656808853	0.05382276326417923	False	[0 0 0 0 0 0]	[0 0 0 0 0 0]	[0 0 0 0 0 0]	[0 0 0 0 0 0]
87	0.12999999523162842	0.37258726358413696	0.32056981325149536	0.00041271463851444423	0.008114516735076904	0.043490223586559296	False	[1 0 0 0 0 0]	[0 0 0 1 0 0]	[0 0 0 1 0 0]	[0 0 0 1 0 0]
87	0.11999999731779099	0.2761610448360443	0.2165207415819168	0.00033291446743533015	0.003072019899263978	0.056235358119010925	False	[0 0 0 0 0 0]	[0 0 0 0 0 0]	[0 0 0 0 0 0]	[0 0 0 0 0 0]
87	0.1525000035762787	0.36394011974334717	0.3116469383239746	0.00039456516969949007	0.008507328107953072	0.04339129477739334	False	[1 0 0 0 0 0]	[0 0 0 1 0 0]	[0 0 0 1 0 0]	[0 0 0 1 0 0]
87	0.12250000238418579	0.2755199670791626	0.21671685576438904	0.0002966943720821291	0.0030220032203942537	0.05548439919948578	False	[0 0 0 0 0 0]	[0 0 0 0 0 0]	[0 0 0 0 0 0]	[0 0 0 0 0 0]
87	0.13249999284744263	0.3535166382789612	0.30053216218948364	0.0003727214061655104	0.008834172040224075	0.043777599930763245	False	[1 0 0 0 0 0]	[0 0 0 1 0 0]	[0 0 0 1 0 0]	[0 0 0 1 0 0]
87	0.12250000238418579	0.2788315415382385	0.21931926906108856	0.0002983124868478626	0.00311107886955142	0.05610288679599762	False	[0 0 0 0 0 0]	[0 0 0 0 0 0]	[0 0 0 0 0 0]	[0 0 0 0 0 0]
87	0.1274999976158142	0.35450509190559387	0.3013603687286377	0.0004137087380513549	0.00884599145501852	0.043885014951229095	False	[1 0 0 0 0 0]	[0 0 0 1 0 0]	[0 0 0 1 0 0]	[0 0 0 1 0 0]
87	0.125	0.27353110909461975	0.21412768959999084	0.0003183437220286578	0.0031816517002880573	0.05590342357754707	False	[0 0 0 0 0 0]	[0 0 0 0 0 0]	[0 0 0 0 0 0]	[0 0 0 0 0 0]
87	0.1274999976158142	0.3535924553871155	0.3014100193977356	0.0004028778930660337	0.008607232011854649	0.04317232966423035	False	[1 0 0 0 0 0]	[0 0 0 1 0 0]	[0 0 0 1 0 0]	[0 0 0 1 0 0]
87	0.125	0.27280229330062866	0.2150178700685501	0.0002947901375591755	0.003172884462401271	0.05431675165891647	False	[0 0 0 0 0 0]	[0 0 0 0 0 0]	[0 0 0 0 0 0]	[0 0 0 0 0 0]
87	0.13750000298023224	0.35123375058174133	0.2972283959388733	0.00038349945680238307	0.009058855473995209	0.044562987983226776	False	[1 0 0 0 0 0]	[0 0 0 1 0 0]	[0 0 0 1 0 0]	[0 0 0 1 0 0]
87	0.1274999976158142	0.27907443046569824	0.22037668526172638	0.00031717776437290013	0.003025136422365904	0.05535545572638512	False	[0 0 0 0 0 0]	[0 0 0 0 0 0]	[0 0 0 0 0 0]	[0 0 0 0 0 0]
87	0.1274999976158142	0.34897151589393616	0.29564255475997925	0.00038376645534299314	0.008935279212892056	0.04400992766022682	False	[1 0 0 0 0 0]	[0 0 0 1 0 0]	[0 0 0 1 0 0]	[0 0 0 1 0 0]
87	0.125	0.275714635848999	0.21756380796432495	0.00029293299303390086	0.003030886873602867	0.0548270046710968	False	[0 0 0 0 0 0]	[0 0 0 0 0 0]	[0 0 0 0 0 0]	[0 0 0 0 0 0]
87	0.1274999976158142	0.37325337529182434	0.32024094462394714	0.00041004474041983485	0.008228735066950321	0.04437362402677536	False	[1 0 0 0 0 0]	[0 0 0 1 0 0]	[0 0 0 1 0 0]	[0 0 0 1 0 0]
87	0.11749999970197678	0.2740675210952759	0.21599972248077393	0.0003052715037483722	0.003099182853475213	0.05466334521770477	False	[0 0 0 0 0 0]	[0 0 0 0 0 0]	[0 0 0 0 0 0]	[0 0 0 0 0 0]
87	0.13500000536441803	0.3910876214504242	0.33859193325042725	0.00042187218787148595	0.00780259445309639	0.04427119344472885	False	[1 0 0 0 0 0]	[0 0 0 1 0 0]	[0 0 0 1 0 0]	[0 0 0 1 0 0]
87	0.12999999523162842	0.2832663059234619	0.22382549941539764	0.00030776040512137115	0.0030008291359990835	0.05613221973180771	False	[0 0 0 0 0 0]	[0 0 0 0 0 0]	[0 0 0 0 0 0]	[0 0 0 0 0 0]
87	0.11999999731779099	0.3468363285064697	0.2938152253627777	0.00038626196328550577	0.008803281933069229	0.04383155703544617	False	[1 0 0 0 0 0]	[0 0 0 1 0 0]	[0 0 0 1 0 0]	[0 0 0 1 0 0]
87	0.125	0.2753137946128845	0.2169376015663147	0.0002880366228055209	0.003061057534068823	0.05502709746360779	False	[0 0 0 0 0 0]	[0 0 0 0 0 0]	[0 0 0 0 0 0]	[0 0 0 0 0 0]
87	0.13500000536441803	0.34157344698905945	0.28748565912246704	0.0003857836127281189	0.00947463046759367	0.044227372854948044	False	[1 0 0 0 0 0]	[0 0 0 1 0 0]	[0 0 0 1 0 0]	[0 0 0 1 0 0]
87	0.12250000238418579	0.27810418605804443	0.21874257922172546	0.0003011465014424175	0.003045170335099101	0.05601528659462929	False	[0 0 0 0 0 0]	[0 0 0 0 0 0]	[0 0 0 0 0 0]	[0 0 0 0 0 0]
87	0.12250000238418579	0.3494386374950409	0.2950369715690613	0.0003787135938182473	0.009225543588399887	0.044797383248806	False	[1 0 0 0 0 0]	[0 0 0 1 0 0]	[0 0 0 1 0 0]	[0 0 0 1 0 0]
87	0.125	0.27701419591903687	0.21862196922302246	0.0002978042757604271	0.003068609395995736	0.055025823414325714	False	[0 0 0 0 0 0]	[0 0 0 0 0 0]	[0 0 0 0 0 0]	[0 0 0 0 0 0]
87	0.14000000059604645	0.3698579668998718	0.3177698850631714	0.00039046554593369365	0.008152750320732594	0.043544866144657135	False	[1 0 0 0 0 0]	[0 0 0 1 0 0]	[0 0 0 1 0 0]	[0 0 0 1 0 0]
87	0.125	0.27349966764450073	0.21590639650821686	0.00029596465174108744	0.002948150737211108	0.05434916913509369	False	[0 0 0 0 0 0]	[0 0 0 0 0 0]	[0 0 0 0 0 0]	[0 0 0 0 0 0]
87	0.13750000298023224	0.35906165838241577	0.30517807602882385	0.00039208351518027484	0.009060975164175034	0.044430509209632874	False	[1 0 0 0 0 0]	[0 0 0 1 0 0]	[0 0 0 1 0 0]	[0 0 0 1 0 0]
87	0.12250000238418579	0.2796480357646942	0.2218862622976303	0.0002943879517260939	0.003041662974283099	0.05442570894956589	False	[0 0 0 0 0 0]	[0 0 0 0 0 0]	[0 0 0 0 0 0]	[0 0 0 0 0 0]
88	0.14000000059604645	0.1562284380197525	0.1096307560801506	0.0002604869077913463	0.007241215091198683	0.039095986634492874	False	[1 0 0 0 0 0]	[0 0 0 1 0 0]	[0 0 0 1 0 0]	[0 0 0 1 0 0]
88	0.11999999731779099	0.35267043113708496	0.2843175232410431	0.0005333205335773528	0.004780453164130449	0.0630391463637352	False	[0 0 0 0 0 0]	[0 0 0 0 0 0]	[0 0 0 0 0 0]	[0 0 0 0 0 0]
88	0.14000000059604645	0.14628475904464722	0.1000482589006424	0.0002436654467601329	0.00774669274687767	0.03824614733457565	False	[1 0 0 0 0 0]	[0 0 0 1 0 0]	[0 0 0 1 0 0]	[0 0 0 1 0 0]
88	0.11999999731779099	0.34064212441444397	0.27306970953941345	0.0004975289921276271	0.004918183200061321	0.06215670332312584	False	[0 0 0 0 0 0]	[0 0 0 0 0 0]	[0 0 0 0 0 0]	[0 0 0 0 0 0]
88	0.125	0.14569590985774994	0.09862787276506424	0.00023853752645663917	0.008044051937758923	0.03878545016050339	False	[1 0 0 0 0 0]	[0 0 0 1 0 0]	[0 0 0 1 0 0]	[0 0 0 1 0 0]
88	0.12250000238418579	0.35193392634391785	0.28342851996421814	0.0005152531084604561	0.004771016538143158	0.06321913003921509	False	[0 0 0 0 0 0]	[0 0 0 0 0 0]	[0 0 0 0 0 0]	[0 0 0 0 0 0]
88	0.12999999523162842	0.15655571222305298	0.10938581824302673	0.00025534204905852675	0.0076754894107580185	0.0392390638589859	False	[1 0 0 0 0 0]	[0 0 0 1 0 0]	[0 0 0 1 0 0]	[0 0 0 1 0 0]
88	0.12999999523162842	0.3489951193332672	0.2811635136604309	0.0005059231189079583	0.004668012261390686	0.06265769153833389	False	[0 0 0 0 0 0]	[0 0 0 0 0 0]	[0 0 0 0 0 0]	[0 0 0 0 0 0]
88	0.12999999523162842	0.15147680044174194	0.10517335683107376	0.0002533678780309856	0.007503308355808258	0.038546763360500336	False	[1 0 0 0 0 0]	[0 0 0 1 0 0]	[0 0 0 1 0 0]	[0 0 0 1 0 0]
88	0.12250000238418579	0.34668079018592834	0.2787255048751831	0.0005092152860015631	0.004640846513211727	0.06280522793531418	False	[0 0 0 0 0 0]	[0 0 0 0 0 0]	[0 0 0 0 0 0]	[0 0 0 0 0 0]
88	0.14499999582767487	0.15407511591911316	0.10717923194169998	0.0002608590293675661	0.007582534570246935	0.039052482694387436	False	[1 0 0 0 0 0]	[0 0 0 1 0 0]	[0 0 0 1 0 0]	[0 0 0 1 0 0]
88	0.12250000238418579	0.34748825430870056	0.2799558639526367	0.0005133426166139543	0.004666309803724289	0.06235275790095329	False	[0 0 0 0 0 0]	[0 0 0 0 0 0]	[0 0 0 0 0 0]	[0 0 0 0 0 0]
88	0.12999999523162842	0.14888565242290497	0.10154880583286285	0.000244192429818213	0.008108277805149555	0.038984376937150955	False	[1 0 0 0 0 0]	[0 0 0 1 0 0]	[0 0 0 1 0 0]	[0 0 0 1 0 0]
88	0.12250000238418579	0.35097891092300415	0.28250831365585327	0.0005068311002105474	0.004717270378023386	0.06324652582406998	False	[0 0 0 0 0 0]	[0 0 0 0 0 0]	[0 0 0 0 0 0]	[0 0 0 0 0 0]
88	0.14249999821186066	0.14809465408325195	0.10166145861148834	0.0002566282346379012	0.007604113779962063	0.03857245296239853	False	[1 0 0 0 0 0]	[0 0 0 1 0 0]	[0 0 0 1 0 0]	[0 0 0 1 0 0]
88	0.11999999731779099	0.35115325450897217	0.2823641002178192	0.0005152746452949941	0.004837638698518276	0.06343625485897064	False	[0 0 0 0 0 0]	[0 0 0 0 0 0]	[0 0 0 0 0 0]	[0 0 0 0 0 0]
88	0.12250000238418579	0.15518611669540405	0.10921274870634079	0.0002618720172904432	0.007150275632739067	0.03856121748685837	False	[1 0 0 0 0 0]	[0 0 0 1 0 0]	[0 0 0 1 0 0]	[0 0 0 1 0 0]
88	0.11999999731779099	0.3511684536933899	0.28274884819984436	0.0005146161420270801	0.004739741329103708	0.06316523253917694	False	[0 0 0 0 0 0]	[0 0 0 0 0 0]	[0 0 0 0 0 0]	[0 0 0 0 0 0]
88	0.1274999976158142	0.15253013372421265	0.10608254373073578	0.0002569819043856114	0.007428962737321854	0.038761649280786514	False	[1 0 0 0 0 0]	[0 0 0 1 0 0]	[0 0 0 1 0 0]	[0 0 0 1 0 0]
88	0.12250000238418579	0.3512820899486542	0.28327029943466187	0.0005379799986258149	0.0048145935870707035	0.06265920400619507	False	[0 0 0 0 0 0]	[0 0 0 0 0 0]	[0 0 0 0 0 0]	[0 0 0 0 0 0]
88	0.13500000536441803	0.14855976402759552	0.10196523368358612	0.00025916064623743296	0.00773144094273448	0.03860393539071083	False	[1 0 0 0 0 0]	[0 0 0 1 0 0]	[0 0 0 1 0 0]	[0 0 0 1 0 0]
88	0.125	0.35412535071372986	0.28625819087028503	0.0005473724449984729	0.004666096530854702	0.06265368312597275	False	[0 0 0 0 0 0]	[0 0 0 0 0 0]	[0 0 0 0 0 0]	[0 0 0 0 0 0]
88	0.13500000536441803	0.15284201502799988	0.10689320415258408	0.000254441169090569	0.007332326844334602	0.0383620485663414	False	[1 0 0 0 0 0]	[0 0 0 1 0 0]	[0 0 0 1 0 0]	[0 0 0 1 0 0]
88	0.125	0.353936105966568	0.2849149703979492	0.0005072179483249784	0.004725283943116665	0.06378865987062454	False	[0 0 0 0 0 0]	[0 0 0 0 0 0]	[0 0 0 0 0 0]	[0 0 0 0 0 0]
88	0.14749999344348907	0.1586153656244278	0.11265233904123306	0.0002606137713883072	0.007294584531337023	0.0384078286588192	False	[1 0 0 0 0 0]	[0 0 0 1 0 0]	[0 0 0 1 0 0]	[0 0 0 1 0 0]
88	0.11999999731779099	0.3556324243545532	0.28625693917274475	0.0005333308945409954	0.004794093314558268	0.06404805928468704	False	[0 0 0 0 0 0]	[0 0 0 0 0 0]	[0 0 0 0 0 0]	[0 0 0 0 0 0]
88	0.13500000536441803	0.1465521603822708	0.10076764225959778	0.00025099897175095975	0.007655013352632523	0.03787849470973015	False	[1 0 0 0 0 0]	[0 0 0 1 0 0]	[0 0 0 1 0 0]	[0 0 0 1 0 0]
88	0.11999999731779099	0.34676486253738403	0.2787570059299469	0.0005386626580730081	0.004880974069237709	0.06258822232484818	False	[0 0 0 0 0 0]	[0 0 0 0 0 0]	[0 0 0 0 0 0]	[0 0 0 0 0 0]
88	0.14499999582767487	0.15261787176132202	0.10578718781471252	0.00024023593869060278	0.007751435041427612	0.03883901238441467	False	[1 0 0 0 0 0]	[0 0 0 1 0 0]	[0 0 0 1 0 0]	[0 0 0 1 0 0]
88	0.125	0.35455578565597534	0.28593286871910095	0.000505956937558949	0.004863896872848272	0.06325307488441467	False	[0 0 0 0 0 0]	[0 0 0 0 0 0]	[0 0 0 0 0 0]	[0 0 0 0 0 0]
89	0.13500000536441803	0.1403694599866867	0.10805749893188477	0.00017147477774415165	0.007859541103243828	0.02428094483911991	False	[1 0 0 0 0 0]	[0 0 0 1 0 0]	[0 0 0 1 0 0]	[0 0 0 1 0 0]
89	0.125	0.26787179708480835	0.22254841029644012	0.00032824883237481117	0.004274694249033928	0.04072045162320137	False	[0 0 0 0 0 0]	[0 0 0 0 0 0]	[0 0 0 0 0 0]	[0 0 0 0 0 0]
89	0.14000000059604645	0.1473371535539627	0.11548762023448944	0.00017821963410824537	0.007355005480349064	0.02431631088256836	False	[1 0 0 0 0 0]	[0 0 0 1 0 0]	[0 0 0 1 0 0]	[0 0 0 1 0 0]
89	0.12250000238418579	0.2667977809906006	0.2215261459350586	0.0003221778606530279	0.004319675266742706	0.040629785507917404	False	[0 0 0 0 0 0]	[0 0 0 0 0 0]	[0 0 0 0 0 0]	[0 0 0 0 0 0]
89	0.14499999582767487	0.13416774570941925	0.10228641331195831	0.00017658586148172617	0.007953912951052189	0.02375083789229393	False	[1 0 0 0 0 0]	[0 0 0 1 0 0]	[0 0 0 1 0 0]	[0 0 0 1 0 0]
89	0.12250000238418579	0.26159238815307617	0.21645519137382507	0.0003158553736284375	0.004349732305854559	0.04047161340713501	False	[0 0 0 0 0 0]	[0 0 0 0 0 0]	[0 0 0 0 0 0]	[0 0 0 0 0 0]
89	0.1274999976158142	0.140463724732399	0.1082463264465332	0.000172742351423949	0.007768194656819105	0.02427646890282631	False	[1 0 0 0 0 0]	[0 0 0 1 0 0]	[0 0 0 1 0 0]	[0 0 0 1 0 0]
89	0.12999999523162842	0.2613293528556824	0.21595817804336548	0.0003202635271009058	0.004356503486633301	0.04069441184401512	False	[0 0 0 0 0 0]	[0 0 0 0 0 0]	[0 0 0 0 0 0]	[0 0 0 0 0 0]
89	0.13249999284744263	0.14619110524654388	0.11438534408807755	0.00017418566858395934	0.007237364072352648	0.024394208565354347	False	[1 0 0 0 0 0]	[0 0 0 1 0 0]	[0 0 0 1 0 0]	[0 0 0 1 0 0]
89	0.11749999970197678	0.258272647857666	0.21371804177761078	0.0003319216484669596	0.004282516892999411	0.03994015231728554	False	[0 0 0 0 0 0]	[0 0 0 0 0 0]	[0 0 0 0 0 0]	[0 0 0 0 0 0]
89	0.1274999976158142	0.14119666814804077	0.10884932428598404	0.00017566894530318677	0.007696990389376879	0.02447468414902687	False	[1 0 0 0 0 0]	[0 0 0 1 0 0]	[0 0 0 1 0 0]	[0 0 0 1 0 0]
89	0.125	0.26469743251800537	0.21975639462471008	0.0003195490571670234	0.004199744667857885	0.040421728044748306	False	[0 0 0 0 0 0]	[0 0 0 0 0 0]	[0 0 0 0 0 0]	[0 0 0 0 0 0]
89	0.12999999523162842	0.1425713747739792	0.11060114949941635	0.0001718805724522099	0.007353296969085932	0.024445045739412308	False	[1 0 0 0 0 0]	[0 0 0 1 0 0]	[0 0 0 1 0 0]	[0 0 0 1 0 0]
89	0.11749999970197678	0.26082658767700195	0.2164320945739746	0.0003213825111743063	0.004252500832080841	0.03982062637805939	False	[0 0 0 0 0 0]	[0 0 0 0 0 0]	[0 0 0 0 0 0]	[0 0 0 0 0 0]
89	0.13249999284744263	0.14619824290275574	0.11487123370170593	0.00017736453446559608	0.007182625122368336	0.023967018350958824	False	[1 0 0 0 0 0]	[0 0 0 1 0 0]	[0 0 0 1 0 0]	[0 0 0 1 0 0]
89	0.12250000238418579	0.26450425386428833	0.21938562393188477	0.0003361048293299973	0.004288181662559509	0.040494345128536224	False	[0 0 0 0 0 0]	[0 0 0 0 0 0]	[0 0 0 0 0 0]	[0 0 0 0 0 0]
89	0.13500000536441803	0.13072648644447327	0.09728103876113892	0.0001619951508473605	0.008919226005673409	0.02436421997845173	False	[1 0 0 0 0 0]	[0 0 0 1 0 0]	[0 0 0 1 0 0]	[0 0 0 1 0 0]
89	0.11999999731779099	0.2663702070713043	0.2205016016960144	0.00033863220596686006	0.004388516768813133	0.04114147648215294	False	[0 0 0 0 0 0]	[0 0 0 0 0 0]	[0 0 0 0 0 0]	[0 0 0 0 0 0]
89	0.14249999821186066	0.1397581547498703	0.10694056749343872	0.00016975906328298151	0.00831701047718525	0.02433081716299057	False	[1 0 0 0 0 0]	[0 0 0 1 0 0]	[0 0 0 1 0 0]	[0 0 0 1 0 0]
89	0.11749999970197678	0.26646700501441956	0.22104057669639587	0.00032803326030261815	0.004147987347096205	0.04095040261745453	False	[0 0 0 0 0 0]	[0 0 0 0 0 0]	[0 0 0 0 0 0]	[0 0 0 0 0 0]
89	0.13750000298023224	0.13838408887386322	0.10656291991472244	0.0001759646984282881	0.007589994464069605	0.024055199697613716	False	[1 0 0 0 0 0]	[0 0 0 1 0 0]	[0 0 0 1 0 0]	[0 0 0 1 0 0]
89	0.11999999731779099	0.2646189033985138	0.21950413286685944	0.0003145522787235677	0.004266662057489157	0.04053354635834694	False	[0 0 0 0 0 0]	[0 0 0 0 0 0]	[0 0 0 0 0 0]	[0 0 0 0 0 0]
89	0.13750000298023224	0.13306322693824768	0.09972694516181946	0.00015760540554765612	0.008907187730073929	0.024271491914987564	False	[1 0 0 0 0 0]	[0 0 0 1 0 0]	[0 0 0 1 0 0]	[0 0 0 1 0 0]
89	0.11999999731779099	0.26148322224617004	0.21639350056648254	0.00031925825169309974	0.004293662961572409	0.04047678783535957	False	[0 0 0 0 0 0]	[0 0 0 0 0 0]	[0 0 0 0 0 0]	[0 0 0 0 0 0]
89	0.13500000536441803	0.1365479826927185	0.1038491278886795	0.00017205881886184216	0.008165900595486164	0.024360891431570053	False	[1 0 0 0 0 0]	[0 0 0 1 0 0]	[0 0 0 1 0 0]	[0 0 0 1 0 0]
89	0.11999999731779099	0.2638165354728699	0.2191498577594757	0.00032019673381000757	0.00423172302544117	0.04011477157473564	False	[0 0 0 0 0 0]	[0 0 0 0 0 0]	[0 0 0 0 0 0]	[0 0 0 0 0 0]
89	0.13500000536441803	0.1419571191072464	0.11036563664674759	0.00017448083963245153	0.007313791662454605	0.024103213101625443	False	[1 0 0 0 0 0]	[0 0 0 1 0 0]	[0 0 0 1 0 0]	[0 0 0 1 0 0]
89	0.125	0.2661338448524475	0.2204493135213852	0.000322229228913784	0.004357858095318079	0.04100444167852402	False	[0 0 0 0 0 0]	[0 0 0 0 0 0]	[0 0 0 0 0 0]	[0 0 0 0 0 0]
89	0.14499999582767487	0.14035595953464508	0.10746435075998306	0.00017430385923944414	0.008254433050751686	0.024462873116135597	False	[1 0 0 0 0 0]	[0 0 0 1 0 0]	[0 0 0 1 0 0]	[0 0 0 1 0 0]
89	0.125	0.2595250606536865	0.21489082276821136	0.0003169208357576281	0.004331033676862717	0.039986297488212585	False	[0 0 0 0 0 0]	[0 0 0 0 0 0]	[0 0 0 0 0 0]	[0 0 0 0 0 0]
90	0.14000000059604645	0.10794094204902649	0.07747600972652435	0.00015118259761948138	0.006763836368918419	0.023549914360046387	False	[1 0 0 0 0 0]	[0 0 0 1 0 0]	[0 0 0 1 0 0]	[0 0 0 1 0 0]
90	0.125	0.3233396112918854	0.27204811573028564	0.00035933684557676315	0.004998227581381798	0.045933932065963745	False	[0 0 0 0 0 0]	[0 0 0 0 0 0]	[0 0 0 0 0 0]	[0 0 0 0 0 0]
90	0.14249999821186066	0.10879568010568619	0.07756290584802628	0.00014802278019487858	0.007090228144079447	0.023994527757167816	False	[1 0 0 0 0 0]	[0 0 0 1 0 0]	[0 0 0 1 0 0]	[0 0 0 1 0 0]
90	0.12250000238418579	0.3238936960697174	0.2725697457790375	0.00035650708014145494	0.005068021360784769	0.04589942470192909	False	[0 0 0 0 0 0]	[0 0 0 0 0 0]	[0 0 0 0 0 0]	[0 0 0 0 0 0]
90	0.12999999523162842	0.10926724225282669	0.07838131487369537	0.00015275232726708055	0.006932918913662434	0.023800252005457878	False	[1 0 0 0 0 0]	[0 0 0 1 0 0]	[0 0 0 1 0 0]	[0 0 0 1 0 0]
90	0.125	0.3216438889503479	0.27069970965385437	0.00035079490044154227	0.004984173458069563	0.04560920596122742	False	[0 0 0 0 0 0]	[0 0 0 0 0 0]	[0 0 0 0 0 0]	[0 0 0 0 0 0]
90	0.1274999976158142	0.11173246055841446	0.0805375948548317	0.00014739616017322987	0.006929894909262657	0.024117574095726013	False	[1 0 0 0 0 0]	[0 0 0 1 0 0]	[0 0 0 1 0 0]	[0 0 0 1 0 0]
90	0.11999999731779099	0.31832069158554077	0.2673693895339966	0.0003262562968302518	0.00509626604616642	0.04552881419658661	False	[0 0 0 0 0 0]	[0 0 0 0 0 0]	[0 0 0 0 0 0]	[0 0 0 0 0 0]
90	0.13500000536441803	0.11118311434984207	0.08074228465557098	0.00015899274148978293	0.006486647296696901	0.02379518747329712	False	[1 0 0 0 0 0]	[0 0 0 1 0 0]	[0 0 0 1 0 0]	[0 0 0 1 0 0]
90	0.125	0.3243955373764038	0.2730654180049896	0.0003538543824106455	0.005056828260421753	0.045919448137283325	False	[0 0 0 0 0 0]	[0 0 0 0 0 0]	[0 0 0 0 0 0]	[0 0 0 0 0 0]
90	0.14000000059604645	0.10621187090873718	0.075131855905056	0.000151559041114524	0.007145019713789225	0.02378343977034092	False	[1 0 0 0 0 0]	[0 0 0 1 0 0]	[0 0 0 1 0 0]	[0 0 0 1 0 0]
90	0.12250000238418579	0.31911689043045044	0.26795947551727295	0.0003528670349624008	0.005163612775504589	0.04564093425869942	False	[0 0 0 0 0 0]	[0 0 0 0 0 0]	[0 0 0 0 0 0]	[0 0 0 0 0 0]
90	0.13500000536441803	0.1039227843284607	0.07175988703966141	0.00014594895765185356	0.007962577044963837	0.024054374545812607	False	[1 0 0 0 0 0]	[0 0 0 1 0 0]	[0 0 0 1 0 0]	[0 0 0 1 0 0]
90	0.12250000238418579	0.31885358691215515	0.2683471441268921	0.00032799344626255333	0.004941246472299099	0.04523717612028122	False	[0 0 0 0 0 0]	[0 0 0 0 0 0]	[0 0 0 0 0 0]	[0 0 0 0 0 0]
90	0.14000000059604645	0.10594038665294647	0.07473871111869812	0.00014190853107720613	0.0075157112441957	0.02354404889047146	False	[1 0 0 0 0 0]	[0 0 0 1 0 0]	[0 0 0 1 0 0]	[0 0 0 1 0 0]
90	0.12250000238418579	0.32593774795532227	0.27440279722213745	0.0003622577933128923	0.005186745896935463	0.045985981822013855	False	[0 0 0 0 0 0]	[0 0 0 0 0 0]	[0 0 0 0 0 0]	[0 0 0 0 0 0]
90	0.1599999964237213	0.10861203819513321	0.07782593369483948	0.0001495462202001363	0.0068270741030573845	0.023809487000107765	False	[1 0 0 0 0 0]	[0 0 0 1 0 0]	[0 0 0 1 0 0]	[0 0 0 1 0 0]
90	0.125	0.31824901700019836	0.26758116483688354	0.00035344238858669996	0.00492564681917429	0.04538876563310623	False	[0 0 0 0 0 0]	[0 0 0 0 0 0]	[0 0 0 0 0 0]	[0 0 0 0 0 0]
90	0.14000000059604645	0.10870692878961563	0.07722972333431244	0.00014517961244564503	0.00744179543107748	0.02389022894203663	False	[1 0 0 0 0 0]	[0 0 0 1 0 0]	[0 0 0 1 0 0]	[0 0 0 1 0 0]
90	0.12250000238418579	0.32298848032951355	0.27144765853881836	0.0003744915302377194	0.005040096119046211	0.046126216650009155	False	[0 0 0 0 0 0]	[0 0 0 0 0 0]	[0 0 0 0 0 0]	[0 0 0 0 0 0]
90	0.14749999344348907	0.1047615185379982	0.07330678403377533	0.0001446361857233569	0.0075370450504124165	0.02377304993569851	False	[1 0 0 0 0 0]	[0 0 0 1 0 0]	[0 0 0 1 0 0]	[0 0 0 1 0 0]
90	0.11749999970197678	0.32523831725120544	0.2738058865070343	0.00036062777508050203	0.005061644595116377	0.04601014405488968	False	[0 0 0 0 0 0]	[0 0 0 0 0 0]	[0 0 0 0 0 0]	[0 0 0 0 0 0]
90	0.14000000059604645	0.10561028867959976	0.07365521043539047	0.00014134572120383382	0.007919932715594769	0.023893801495432854	False	[1 0 0 0 0 0]	[0 0 0 1 0 0]	[0 0 0 1 0 0]	[0 0 0 1 0 0]
90	0.12250000238418579	0.32326453924179077	0.2719604969024658	0.0003680362715385854	0.005141644738614559	0.04579436406493187	False	[0 0 0 0 0 0]	[0 0 0 0 0 0]	[0 0 0 0 0 0]	[0 0 0 0 0 0]
90	0.12999999523162842	0.10911674797534943	0.07804307341575623	0.00014965806622058153	0.006968871224671602	0.023955143988132477	False	[1 0 0 0 0 0]	[0 0 0 1 0 0]	[0 0 0 1 0 0]	[0 0 0 1 0 0]
90	0.125	0.32008886337280273	0.2692725956439972	0.0003603267250582576	0.005058271810412407	0.04539768397808075	False	[0 0 0 0 0 0]	[0 0 0 0 0 0]	[0 0 0 0 0 0]	[0 0 0 0 0 0]
90	0.13500000536441803	0.10619238018989563	0.07449067384004593	0.00015231476572807878	0.007305555045604706	0.024243835359811783	False	[1 0 0 0 0 0]	[0 0 0 1 0 0]	[0 0 0 1 0 0]	[0 0 0 1 0 0]
90	0.11749999970197678	0.3310924172401428	0.27870991826057434	0.00037471854011528194	0.005120326764881611	0.04688745364546776	False	[0 0 0 0 0 0]	[0 0 0 0 0 0]	[0 0 0 0 0 0]	[0 0 0 0 0 0]
90	0.13500000536441803	0.11154840886592865	0.08092708140611649	0.0001518226636108011	0.00663555646315217	0.023833952844142914	False	[1 0 0 0 0 0]	[0 0 0 1 0 0]	[0 0 0 1 0 0]	[0 0 0 1 0 0]
90	0.125	0.3236323595046997	0.2722877264022827	0.0003774133510887623	0.005016254726797342	0.04595096409320831	False	[0 0 0 0 0 0]	[0 0 0 0 0 0]	[0 0 0 0 0 0]	[0 0 0 0 0 0]
91	0.13500000536441803	0.1826784908771515	0.13931390643119812	0.0002665546489879489	0.010546067729592323	0.03255195915699005	False	[1 0 0 0 0 0]	[0 0 0 1 0 0]	[0 0 0 1 0 0]	[0 0 0 1 0 0]
91	0.12999999523162842	0.28834354877471924	0.2290625274181366	0.0004113700124435127	0.005409086123108864	0.05346055328845978	False	[0 0 0 0 0 0]	[0 0 0 0 0 0]	[0 0 0 0 0 0]	[0 0 0 0 0 0]
91	0.13500000536441803	0.18227332830429077	0.14042875170707703	0.00027960946317762136	0.009479597210884094	0.0320853665471077	False	[1 0 0 0 0 0]	[0 0 0 1 0 0]	[0 0 0 1 0 0]	[0 0 0 1 0 0]
91	0.11749999970197678	0.2811002731323242	0.22297923266887665	0.00040585166425444186	0.005417289212346077	0.05229790881276131	False	[0 0 0 0 0 0]	[0 0 0 0 0 0]	[0 0 0 0 0 0]	[0 0 0 0 0 0]
91	0.15000000596046448	0.16853928565979004	0.12490908056497574	0.0002602452877908945	0.011041290126740932	0.03232868015766144	False	[1 0 0 0 0 0]	[0 0 0 1 0 0]	[0 0 0 1 0 0]	[0 0 0 1 0 0]
91	0.125	0.28208687901496887	0.22381454706192017	0.00040590757271274924	0.005422734655439854	0.05244367942214012	False	[0 0 0 0 0 0]	[0 0 0 0 0 0]	[0 0 0 0 0 0]	[0 0 0 0 0 0]
91	0.14000000059604645	0.15682581067085266	0.11365984380245209	0.00024387081793975085	0.011324997060000896	0.03159709647297859	False	[1 0 0 0 0 0]	[0 0 0 1 0 0]	[0 0 0 1 0 0]	[0 0 0 1 0 0]
91	0.14000000059604645	0.28231024742126465	0.2234196960926056	0.0004006547969765961	0.0054852161556482315	0.0530046746134758	False	[0 0 0 0 0 0]	[0 0 0 0 0 0]	[0 0 0 0 0 0]	[0 0 0 0 0 0]
91	0.16750000417232513	0.1811026632785797	0.13885119557380676	0.00027664456865750253	0.00978253036737442	0.03219229727983475	False	[1 0 0 0 0 0]	[0 0 0 1 0 0]	[0 0 0 1 0 0]	[0 0 0 1 0 0]
91	0.125	0.27963364124298096	0.22021791338920593	0.0004101046943105757	0.0056958370842039585	0.05330977216362953	False	[0 0 0 0 0 0]	[0 0 0 0 0 0]	[0 0 0 0 0 0]	[0 0 0 0 0 0]
91	0.13750000298023224	0.17553341388702393	0.13293249905109406	0.00026084852288477123	0.010340425185859203	0.03199964761734009	False	[1 0 0 0 0 0]	[0 0 0 1 0 0]	[0 0 0 1 0 0]	[0 0 0 1 0 0]
91	0.125	0.2900221049785614	0.2305993288755417	0.00042355305049568415	0.00541980704292655	0.053579408675432205	False	[0 0 0 0 0 0]	[0 0 0 0 0 0]	[0 0 0 0 0 0]	[0 0 0 0 0 0]
91	0.1525000035762787	0.17427095770835876	0.13059328496456146	0.0002737180911935866	0.010962646454572678	0.03244129568338394	False	[1 0 0 0 0 0]	[0 0 0 1 0 0]	[0 0 0 1 0 0]	[0 0 0 1 0 0]
91	0.12250000238418579	0.2805381417274475	0.22230815887451172	0.0004006289236713201	0.005484301596879959	0.05234505608677864	False	[0 0 0 0 0 0]	[0 0 0 0 0 0]	[0 0 0 0 0 0]	[0 0 0 0 0 0]
91	0.12999999523162842	0.16614262759685516	0.12377971410751343	0.0002567414485383779	0.010728003457188606	0.031378161162137985	False	[1 0 0 0 0 0]	[0 0 0 1 0 0]	[0 0 0 1 0 0]	[0 0 0 1 0 0]
91	0.12250000238418579	0.2790345847606659	0.2212950736284256	0.0004058443009853363	0.0054343221709132195	0.051899343729019165	False	[0 0 0 0 0 0]	[0 0 0 0 0 0]	[0 0 0 0 0 0]	[0 0 0 0 0 0]
91	0.14499999582767487	0.17161692678928375	0.12913748621940613	0.00027728828717954457	0.010406949557363987	0.0317951925098896	False	[1 0 0 0 0 0]	[0 0 0 1 0 0]	[0 0 0 1 0 0]	[0 0 0 1 0 0]
91	0.12250000238418579	0.2844167649745941	0.22537918388843536	0.00041046319529414177	0.005635042674839497	0.0529920719563961	False	[0 0 0 0 0 0]	[0 0 0 0 0 0]	[0 0 0 0 0 0]	[0 0 0 0 0 0]
91	0.13500000536441803	0.1740037351846695	0.1306687742471695	0.00027659686747938395	0.010736336000263691	0.03232203796505928	False	[1 0 0 0 0 0]	[0 0 0 1 0 0]	[0 0 0 1 0 0]	[0 0 0 1 0 0]
91	0.13249999284744263	0.28269341588020325	0.22410863637924194	0.00041135557694360614	0.005577688571065664	0.05259573832154274	False	[0 0 0 0 0 0]	[0 0 0 0 0 0]	[0 0 0 0 0 0]	[0 0 0 0 0 0]
91	0.15000000596046448	0.16847637295722961	0.12334823608398438	0.0002454615314491093	0.012143908068537712	0.032738782465457916	False	[1 0 0 0 0 0]	[0 0 0 1 0 0]	[0 0 0 1 0 0]	[0 0 0 1 0 0]
91	0.12250000238418579	0.2764154374599457	0.21840743720531464	0.0003894496476277709	0.00556864682585001	0.05204989016056061	False	[0 0 0 0 0 0]	[0 0 0 0 0 0]	[0 0 0 0 0 0]	[0 0 0 0 0 0]
91	0.14000000059604645	0.17623017728328705	0.13422991335391998	0.0002939614641945809	0.009806541725993156	0.031899768859148026	False	[1 0 0 0 0 0]	[0 0 0 1 0 0]	[0 0 0 1 0 0]	[0 0 0 1 0 0]
91	0.125	0.2845558226108551	0.22590291500091553	0.00041466503171250224	0.005611402448266745	0.0526268444955349	False	[0 0 0 0 0 0]	[0 0 0 0 0 0]	[0 0 0 0 0 0]	[0 0 0 0 0 0]
91	0.13500000536441803	0.1853552758693695	0.14263181388378143	0.00028148808632977307	0.009769340045750141	0.032672639936208725	False	[1 0 0 0 0 0]	[0 0 0 1 0 0]	[0 0 0 1 0 0]	[0 0 0 1 0 0]
91	0.11749999970197678	0.2811746597290039	0.22190159559249878	0.000408139982027933	0.005564148537814617	0.05330077186226845	False	[0 0 0 0 0 0]	[0 0 0 0 0 0]	[0 0 0 0 0 0]	[0 0 0 0 0 0]
91	0.14749999344348907	0.17142605781555176	0.1270989626646042	0.00025319011183455586	0.011509111151099205	0.03256480023264885	False	[1 0 0 0 0 0]	[0 0 0 1 0 0]	[0 0 0 1 0 0]	[0 0 0 1 0 0]
91	0.11999999731779099	0.2840691804885864	0.22545266151428223	0.0004088778223376721	0.005514767020940781	0.05269289016723633	False	[0 0 0 0 0 0]	[0 0 0 0 0 0]	[0 0 0 0 0 0]	[0 0 0 0 0 0]
91	0.13500000536441803	0.18149030208587646	0.13841751217842102	0.00027902546571567655	0.01029015053063631	0.03250362351536751	False	[1 0 0 0 0 0]	[0 0 0 1 0 0]	[0 0 0 1 0 0]	[0 0 0 1 0 0]
91	0.125	0.28501760959625244	0.225775808095932	0.0004278073611203581	0.005576558876782656	0.0532374270260334	False	[0 0 0 0 0 0]	[0 0 0 0 0 0]	[0 0 0 0 0 0]	[0 0 0 0 0 0]
92	0.13500000536441803	0.2577328085899353	0.21273162961006165	0.0004020406922791153	0.010969744063913822	0.0336293950676918	False	[1 0 0 0 0 0]	[0 0 0 1 0 0]	[0 0 0 1 0 0]	[0 0 0 1 0 0]
92	0.1274999976158142	0.27825790643692017	0.22237569093704224	0.0004190336330793798	0.005551665555685759	0.04991151764988899	False	[0 0 0 0 0 0]	[0 0 0 0 0 0]	[0 0 0 0 0 0]	[0 0 0 0 0 0]
92	0.125	0.23417846858501434	0.1871315836906433	0.0003486130735836923	0.012865402735769749	0.033832862973213196	False	[1 0 0 0 0 0]	[0 0 0 1 0 0]	[0 0 0 1 0 0]	[0 0 0 1 0 0]
92	0.12250000238418579	0.2836284339427948	0.2284899652004242	0.000432725646533072	0.00534764863550663	0.049358073621988297	False	[0 0 0 0 0 0]	[0 0 0 0 0 0]	[0 0 0 0 0 0]	[0 0 0 0 0 0]
92	0.14000000059604645	0.22762879729270935	0.18047478795051575	0.0003281061362940818	0.013287324458360672	0.033538587391376495	False	[1 0 0 0 0 0]	[0 0 0 1 0 0]	[0 0 0 1 0 0]	[0 0 0 1 0 0]
92	0.12250000238418579	0.28220024704933167	0.22607038915157318	0.0004425187944434583	0.005537077784538269	0.05015025660395622	False	[0 0 0 0 0 0]	[0 0 0 0 0 0]	[0 0 0 0 0 0]	[0 0 0 0 0 0]
92	0.13249999284744263	0.2149530053138733	0.16710808873176575	0.00034051769762299955	0.013930643908679485	0.03357373923063278	False	[1 0 0 0 0 0]	[0 0 0 1 0 0]	[0 0 0 1 0 0]	[0 0 0 1 0 0]
92	0.12250000238418579	0.2874000370502472	0.23084674775600433	0.0004414092400111258	0.0054361578077077866	0.05067572742700577	False	[0 0 0 0 0 0]	[0 0 0 0 0 0]	[0 0 0 0 0 0]	[0 0 0 0 0 0]
92	0.13500000536441803	0.2484855055809021	0.20173585414886475	0.0003537638403940946	0.012302394025027752	0.034093476831912994	False	[1 0 0 0 0 0]	[0 0 0 1 0 0]	[0 0 0 1 0 0]	[0 0 0 1 0 0]
92	0.125	0.2833784520626068	0.22705692052841187	0.0004303092136979103	0.0055603571236133575	0.050330858677625656	False	[0 0 0 0 0 0]	[0 0 0 0 0 0]	[0 0 0 0 0 0]	[0 0 0 0 0 0]
92	0.12999999523162842	0.2284991443157196	0.18113401532173157	0.0003373212821315974	0.013074183836579323	0.033953629434108734	False	[1 0 0 0 0 0]	[0 0 0 1 0 0]	[0 0 0 1 0 0]	[0 0 0 1 0 0]
92	0.125	0.286282479763031	0.22868821024894714	0.0004398848977871239	0.005747584626078606	0.05140681564807892	False	[0 0 0 0 0 0]	[0 0 0 0 0 0]	[0 0 0 0 0 0]	[0 0 0 0 0 0]
92	0.13249999284744263	0.2517428994178772	0.2048407793045044	0.0003629745333455503	0.012117587961256504	0.03442153334617615	False	[1 0 0 0 0 0]	[0 0 0 1 0 0]	[0 0 0 1 0 0]	[0 0 0 1 0 0]
92	0.125	0.2892491817474365	0.23179233074188232	0.0004292845551390201	0.00544209498912096	0.051585450768470764	False	[0 0 0 0 0 0]	[0 0 0 0 0 0]	[0 0 0 0 0 0]	[0 0 0 0 0 0]
92	0.14000000059604645	0.2568426728248596	0.21090100705623627	0.000368240027455613	0.01166109461337328	0.033912330865859985	False	[1 0 0 0 0 0]	[0 0 0 1 0 0]	[0 0 0 1 0 0]	[0 0 0 1 0 0]
92	0.125	0.2803054451942444	0.22357702255249023	0.0004235577362123877	0.005585044622421265	0.050719838589429855	False	[0 0 0 0 0 0]	[0 0 0 0 0 0]	[0 0 0 0 0 0]	[0 0 0 0 0 0]
92	0.13500000536441803	0.23886027932167053	0.1930556297302246	0.0003430489741731435	0.012043345719575882	0.03341825306415558	False	[1 0 0 0 0 0]	[0 0 0 1 0 0]	[0 0 0 1 0 0]	[0 0 0 1 0 0]
92	0.1274999976158142	0.2790590822696686	0.22389088571071625	0.0004196779918856919	0.005538975819945335	0.049209561198949814	False	[0 0 0 0 0 0]	[0 0 0 0 0 0]	[0 0 0 0 0 0]	[0 0 0 0 0 0]
92	0.13500000536441803	0.2488420009613037	0.20392844080924988	0.0003674736653920263	0.01112083438783884	0.033425237983465195	False	[1 0 0 0 0 0]	[0 0 0 1 0 0]	[0 0 0 1 0 0]	[0 0 0 1 0 0]
92	0.11999999731779099	0.2828686237335205	0.22645190358161926	0.00042396062053740025	0.005506306886672974	0.05048643797636032	False	[0 0 0 0 0 0]	[0 0 0 0 0 0]	[0 0 0 0 0 0]	[0 0 0 0 0 0]
92	0.15000000596046448	0.26193106174468994	0.21507114171981812	0.0003651202714536339	0.011522862128913403	0.034971944987773895	False	[1 0 0 0 0 0]	[0 0 0 1 0 0]	[0 0 0 1 0 0]	[0 0 0 1 0 0]
92	0.11999999731779099	0.2798636555671692	0.22405003011226654	0.00041334086563438177	0.005827760323882103	0.04957251995801926	False	[0 0 0 0 0 0]	[0 0 0 0 0 0]	[0 0 0 0 0 0]	[0 0 0 0 0 0]
92	0.14000000059604645	0.23554660379886627	0.1886528581380844	0.0003491803363431245	0.01274149864912033	0.0338030569255352	False	[1 0 0 0 0 0]	[0 0 0 1 0 0]	[0 0 0 1 0 0]	[0 0 0 1 0 0]
92	0.11999999731779099	0.2821585536003113	0.22606661915779114	0.00042605819180607796	0.005577343050390482	0.05008852854371071	False	[0 0 0 0 0 0]	[0 0 0 0 0 0]	[0 0 0 0 0 0]	[0 0 0 0 0 0]
92	0.14499999582767487	0.2644326090812683	0.21831300854682922	0.0003903800970874727	0.011328163556754589	0.03440104424953461	False	[1 0 0 0 0 0]	[0 0 0 1 0 0]	[0 0 0 1 0 0]	[0 0 0 1 0 0]
92	0.12250000238418579	0.284352570772171	0.22763371467590332	0.0004432556452229619	0.005666932091116905	0.05060867220163345	False	[0 0 0 0 0 0]	[0 0 0 0 0 0]	[0 0 0 0 0 0]	[0 0 0 0 0 0]
92	0.14249999821186066	0.2268349528312683	0.1805078089237213	0.0003415280079934746	0.01272424217313528	0.03326137363910675	False	[1 0 0 0 0 0]	[0 0 0 1 0 0]	[0 0 0 1 0 0]	[0 0 0 1 0 0]
92	0.11749999970197678	0.2830614149570465	0.22666174173355103	0.00043235832708887756	0.005529632326215506	0.05043769255280495	False	[0 0 0 0 0 0]	[0 0 0 0 0 0]	[0 0 0 0 0 0]	[0 0 0 0 0 0]
92	0.14000000059604645	0.2329532504081726	0.186091810464859	0.00036420492688193917	0.012768639251589775	0.03372860699892044	False	[1 0 0 0 0 0]	[0 0 0 1 0 0]	[0 0 0 1 0 0]	[0 0 0 1 0 0]
92	0.12250000238418579	0.28412729501724243	0.22798961400985718	0.00040627800626680255	0.005498372949659824	0.050233036279678345	False	[0 0 0 0 0 0]	[0 0 0 0 0 0]	[0 0 0 0 0 0]	[0 0 0 0 0 0]
93	0.1274999976158142	0.366005539894104	0.3175692558288574	0.0005230481619946659	0.009824153035879135	0.0380890779197216	False	[1 0 0 0 0 0]	[0 0 0 1 0 0]	[0 0 0 1 0 0]	[0 0 0 1 0 0]
93	0.125	0.2496871054172516	0.19605928659439087	0.00039402543916366994	0.004099951591342688	0.04913383722305298	False	[0 0 0 0 0 0]	[0 0 0 0 0 0]	[0 0 0 0 0 0]	[0 0 0 0 0 0]
93	0.125	0.3441171646118164	0.29456090927124023	0.00047294265823438764	0.010918956249952316	0.03816439211368561	False	[1 0 0 0 0 0]	[0 0 0 1 0 0]	[0 0 0 1 0 0]	[0 0 0 1 0 0]
93	0.11999999731779099	0.24366557598114014	0.1911790668964386	0.00038954251795075834	0.004173819907009602	0.04792314022779465	False	[0 0 0 0 0 0]	[0 0 0 0 0 0]	[0 0 0 0 0 0]	[0 0 0 0 0 0]
93	0.12999999523162842	0.3516075015068054	0.30288752913475037	0.0005173410172574222	0.01045299507677555	0.03774963691830635	False	[1 0 0 0 0 0]	[0 0 0 1 0 0]	[0 0 0 1 0 0]	[0 0 0 1 0 0]
93	0.12250000238418579	0.24616488814353943	0.1933380365371704	0.0003785161243285984	0.0042519960552453995	0.04819633811712265	False	[0 0 0 0 0 0]	[0 0 0 0 0 0]	[0 0 0 0 0 0]	[0 0 0 0 0 0]
93	0.15000000596046448	0.3328920304775238	0.2845574617385864	0.0004901252104900777	0.010936139151453972	0.03690829128026962	False	[1 0 0 0 0 0]	[0 0 0 1 0 0]	[0 0 0 1 0 0]	[0 0 0 1 0 0]
93	0.125	0.25019100308418274	0.19647473096847534	0.00039525062311440706	0.00413557281717658	0.04918544739484787	False	[0 0 0 0 0 0]	[0 0 0 0 0 0]	[0 0 0 0 0 0]	[0 0 0 0 0 0]
93	0.13500000536441803	0.33430445194244385	0.2839091420173645	0.0004667256725952029	0.011780898086726665	0.0381476916372776	False	[1 0 0 0 0 0]	[0 0 0 1 0 0]	[0 0 0 1 0 0]	[0 0 0 1 0 0]
93	0.12999999523162842	0.24602913856506348	0.19284668564796448	0.00037018716102465987	0.004224561154842377	0.04858771711587906	False	[0 0 0 0 0 0]	[0 0 0 0 0 0]	[0 0 0 0 0 0]	[0 0 0 0 0 0]
93	0.13249999284744263	0.30205705761909485	0.2517848610877991	0.00043241691309958696	0.012731545604765415	0.03710821643471718	False	[1 0 0 0 0 0]	[0 0 0 1 0 0]	[0 0 0 1 0 0]	[0 0 0 1 0 0]
93	0.125	0.2423860728740692	0.190715029835701	0.00038008071715012193	0.004049339331686497	0.04724160581827164	False	[0 0 0 0 0 0]	[0 0 0 0 0 0]	[0 0 0 0 0 0]	[0 0 0 0 0 0]
93	0.13750000298023224	0.33331459760665894	0.2838531732559204	0.00047384071513079107	0.011163448914885521	0.03782416135072708	False	[1 0 0 0 0 0]	[0 0 0 1 0 0]	[0 0 0 1 0 0]	[0 0 0 1 0 0]
93	0.12250000238418579	0.2410215139389038	0.18837635219097137	0.00037827101186849177	0.0041643353179097176	0.04810256138443947	False	[0 0 0 0 0 0]	[0 0 0 0 0 0]	[0 0 0 0 0 0]	[0 0 0 0 0 0]
93	0.15000000596046448	0.35376566648483276	0.3053991496562958	0.000535942439455539	0.01030103862285614	0.03752954304218292	False	[1 0 0 0 0 0]	[0 0 0 1 0 0]	[0 0 0 1 0 0]	[0 0 0 1 0 0]
93	0.12250000238418579	0.2381078451871872	0.18580524623394012	0.0003770896000787616	0.004155870992690325	0.047769635915756226	False	[0 0 0 0 0 0]	[0 0 0 0 0 0]	[0 0 0 0 0 0]	[0 0 0 0 0 0]
93	0.15000000596046448	0.36792662739753723	0.3188971281051636	0.0005172151140868664	0.010042906738817692	0.03846936300396919	False	[1 0 0 0 0 0]	[0 0 0 1 0 0]	[0 0 0 1 0 0]	[0 0 0 1 0 0]
93	0.12250000238418579	0.23449422419071198	0.18253621459007263	0.0003866718034259975	0.004252767655998468	0.047318581491708755	False	[0 0 0 0 0 0]	[0 0 0 0 0 0]	[0 0 0 0 0 0]	[0 0 0 0 0 0]
93	0.125	0.2960676848888397	0.24454858899116516	0.00043961021583527327	0.01366455014795065	0.03741494193673134	False	[1 0 0 0 0 0]	[0 0 0 1 0 0]	[0 0 0 1 0 0]	[0 0 0 1 0 0]
93	0.12250000238418579	0.2480037957429886	0.195471853017807	0.00038680961006321013	0.004132128786295652	0.04801301658153534	False	[0 0 0 0 0 0]	[0 0 0 0 0 0]	[0 0 0 0 0 0]	[0 0 0 0 0 0]
93	0.13500000536441803	0.34160852432250977	0.29268985986709595	0.0004924715030938387	0.0106740090996027	0.0377521738409996	False	[1 0 0 0 0 0]	[0 0 0 1 0 0]	[0 0 0 1 0 0]	[0 0 0 1 0 0]
93	0.11999999731779099	0.24644964933395386	0.19352784752845764	0.0004077813064213842	0.00416705384850502	0.04834695905447006	False	[0 0 0 0 0 0]	[0 0 0 0 0 0]	[0 0 0 0 0 0]	[0 0 0 0 0 0]
93	0.1599999964237213	0.31103309988975525	0.2595355212688446	0.00045091661741025746	0.013254859484732151	0.03779181092977524	False	[1 0 0 0 0 0]	[0 0 0 1 0 0]	[0 0 0 1 0 0]	[0 0 0 1 0 0]
93	0.125	0.2413341999053955	0.188455730676651	0.0003868158091790974	0.004215612076222897	0.048276036977767944	False	[0 0 0 0 0 0]	[0 0 0 0 0 0]	[0 0 0 0 0 0]	[0 0 0 0 0 0]
93	0.14249999821186066	0.2981295585632324	0.24812692403793335	0.00042851746547967196	0.01276299450546503	0.03681112080812454	False	[1 0 0 0 0 0]	[0 0 0 1 0 0]	[0 0 0 1 0 0]	[0 0 0 1 0 0]
93	0.12250000238418579	0.2468261420726776	0.1937972605228424	0.00038099431549198925	0.004152819514274597	0.04849506914615631	False	[0 0 0 0 0 0]	[0 0 0 0 0 0]	[0 0 0 0 0 0]	[0 0 0 0 0 0]
93	0.12999999523162842	0.34515607357025146	0.2967122793197632	0.0004961640806868672	0.010542262345552444	0.0374053418636322	False	[1 0 0 0 0 0]	[0 0 0 1 0 0]	[0 0 0 1 0 0]	[0 0 0 1 0 0]
93	0.11999999731779099	0.242409810423851	0.1898125410079956	0.00036638788878917694	0.004284399561583996	0.04794647917151451	False	[0 0 0 0 0 0]	[0 0 0 0 0 0]	[0 0 0 0 0 0]	[0 0 0 0 0 0]
93	0.1274999976158142	0.31473633646965027	0.26569968461990356	0.00047666902537457645	0.011694292537868023	0.0368657223880291	False	[1 0 0 0 0 0]	[0 0 0 1 0 0]	[0 0 0 1 0 0]	[0 0 0 1 0 0]
93	0.12250000238418579	0.24635687470436096	0.19349898397922516	0.000414570007706061	0.004176137037575245	0.048267193138599396	False	[0 0 0 0 0 0]	[0 0 0 0 0 0]	[0 0 0 0 0 0]	[0 0 0 0 0 0]
94	0.13249999284744263	0.3100030720233917	0.2536201775074005	0.0005153457750566304	0.010383060202002525	0.04548449069261551	False	[1 0 0 0 0 0]	[0 0 0 1 0 0]	[0 0 0 1 0 0]	[0 0 0 1 0 0]
94	0.125	0.20685318112373352	0.145287424325943	0.0004056912148371339	0.0033969739452004433	0.05776309221982956	False	[0 0 0 0 0 0]	[0 0 0 0 0 0]	[0 0 0 0 0 0]	[0 0 0 0 0 0]
94	0.13500000536441803	0.295087605714798	0.2352892905473709	0.00046691522584296763	0.01240573264658451	0.04692566394805908	False	[1 0 0 0 0 0]	[0 0 0 1 0 0]	[0 0 0 1 0 0]	[0 0 0 1 0 0]
94	0.11999999731779099	0.19966217875480652	0.13936783373355865	0.0003728118317667395	0.0034217278007417917	0.05649980530142784	False	[0 0 0 0 0 0]	[0 0 0 0 0 0]	[0 0 0 0 0 0]	[0 0 0 0 0 0]
94	0.15000000596046448	0.2875297963619232	0.23028329014778137	0.00048520832206122577	0.011279169470071793	0.045482125133275986	False	[1 0 0 0 0 0]	[0 0 0 1 0 0]	[0 0 0 1 0 0]	[0 0 0 1 0 0]
94	0.12250000238418579	0.2071891576051712	0.1446385532617569	0.0003586263919714838	0.0033978368155658245	0.05879414454102516	False	[0 0 0 0 0 0]	[0 0 0 0 0 0]	[0 0 0 0 0 0]	[0 0 0 0 0 0]
94	0.13750000298023224	0.31472569704055786	0.2577615976333618	0.0005194070981815457	0.010743456892669201	0.045701246708631516	False	[1 0 0 0 0 0]	[0 0 0 1 0 0]	[0 0 0 1 0 0]	[0 0 0 1 0 0]
94	0.125	0.20856884121894836	0.1469171941280365	0.0003557776799425483	0.0033812092151492834	0.05791465938091278	False	[0 0 0 0 0 0]	[0 0 0 0 0 0]	[0 0 0 0 0 0]	[0 0 0 0 0 0]
94	0.13500000536441803	0.35014376044273376	0.2930636405944824	0.0005310453125275671	0.009477797895669937	0.047071266919374466	False	[1 0 0 0 0 0]	[0 0 0 1 0 0]	[0 0 0 1 0 0]	[0 0 0 1 0 0]
94	0.11999999731779099	0.20190314948558807	0.14060580730438232	0.00039065483724698424	0.003460730193182826	0.0574459582567215	False	[0 0 0 0 0 0]	[0 0 0 0 0 0]	[0 0 0 0 0 0]	[0 0 0 0 0 0]
94	0.14000000059604645	0.326771080493927	0.2694286108016968	0.0005306876264512539	0.010097445920109749	0.04671433940529823	False	[1 0 0 0 0 0]	[0 0 0 1 0 0]	[0 0 0 1 0 0]	[0 0 0 1 0 0]
94	0.125	0.198655903339386	0.1385788917541504	0.00034156584297306836	0.0034873676486313343	0.056248076260089874	False	[0 0 0 0 0 0]	[0 0 0 0 0 0]	[0 0 0 0 0 0]	[0 0 0 0 0 0]
94	0.14249999821186066	0.3224151134490967	0.26414892077445984	0.0004926164983771741	0.010557891800999641	0.04721571505069733	False	[1 0 0 0 0 0]	[0 0 0 1 0 0]	[0 0 0 1 0 0]	[0 0 0 1 0 0]
94	0.125	0.2037798911333084	0.14221063256263733	0.0003887857892550528	0.0033717635087668896	0.057808708399534225	False	[0 0 0 0 0 0]	[0 0 0 0 0 0]	[0 0 0 0 0 0]	[0 0 0 0 0 0]
94	0.14000000059604645	0.3441428542137146	0.2854152023792267	0.0005423646653071046	0.010130687616765499	0.04805460572242737	False	[1 0 0 0 0 0]	[0 0 0 1 0 0]	[0 0 0 1 0 0]	[0 0 0 1 0 0]
94	0.125	0.20595437288284302	0.14550405740737915	0.0003418326668906957	0.0033028963953256607	0.05680558830499649	False	[0 0 0 0 0 0]	[0 0 0 0 0 0]	[0 0 0 0 0 0]	[0 0 0 0 0 0]
94	0.14000000059604645	0.30730363726615906	0.2503854036331177	0.0005224066553637385	0.010755588300526142	0.045640237629413605	False	[1 0 0 0 0 0]	[0 0 0 1 0 0]	[0 0 0 1 0 0]	[0 0 0 1 0 0]
94	0.125	0.20277419686317444	0.14173266291618347	0.00037983973743394017	0.0033595063723623753	0.05730217322707176	False	[0 0 0 0 0 0]	[0 0 0 0 0 0]	[0 0 0 0 0 0]	[0 0 0 0 0 0]
94	0.13500000536441803	0.32605451345443726	0.2692948281764984	0.0005478236707858741	0.010027040727436543	0.046184804290533066	False	[1 0 0 0 0 0]	[0 0 0 1 0 0]	[0 0 0 1 0 0]	[0 0 0 1 0 0]
94	0.125	0.20155340433120728	0.140806645154953	0.00038140168180689216	0.0033048782497644424	0.057060472667217255	False	[0 0 0 0 0 0]	[0 0 0 0 0 0]	[0 0 0 0 0 0]	[0 0 0 0 0 0]
94	0.13500000536441803	0.3183985948562622	0.26037389039993286	0.0005106481839902699	0.010599679313600063	0.04691435769200325	False	[1 0 0 0 0 0]	[0 0 0 1 0 0]	[0 0 0 1 0 0]	[0 0 0 1 0 0]
94	0.12999999523162842	0.20396412909030914	0.14277900755405426	0.00039087276672944427	0.003381117479875684	0.05741313099861145	False	[0 0 0 0 0 0]	[0 0 0 0 0 0]	[0 0 0 0 0 0]	[0 0 0 0 0 0]
94	0.13500000536441803	0.30960291624069214	0.25239017605781555	0.00047167413868010044	0.010703418403863907	0.04603765159845352	False	[1 0 0 0 0 0]	[0 0 0 1 0 0]	[0 0 0 1 0 0]	[0 0 0 1 0 0]
94	0.12250000238418579	0.20652052760124207	0.14491184055805206	0.0003624154778663069	0.0033169216476380825	0.05792935565114021	False	[0 0 0 0 0 0]	[0 0 0 0 0 0]	[0 0 0 0 0 0]	[0 0 0 0 0 0]
94	0.14000000059604645	0.2731982171535492	0.21585042774677277	0.0004499428905546665	0.01203167624771595	0.0448661632835865	False	[1 0 0 0 0 0]	[0 0 0 1 0 0]	[0 0 0 1 0 0]	[0 0 0 1 0 0]
94	0.125	0.2069016844034195	0.1448807418346405	0.00036588957300409675	0.0032324979547411203	0.05842256173491478	False	[0 0 0 0 0 0]	[0 0 0 0 0 0]	[0 0 0 0 0 0]	[0 0 0 0 0 0]
94	0.14000000059604645	0.3312074840068817	0.27334606647491455	0.0005050018080510199	0.01015832182019949	0.0471980981528759	False	[1 0 0 0 0 0]	[0 0 0 1 0 0]	[0 0 0 1 0 0]	[0 0 0 1 0 0]
94	0.11999999731779099	0.20708239078521729	0.145137757062912	0.0003822692669928074	0.0034687856677919626	0.058093585073947906	False	[0 0 0 0 0 0]	[0 0 0 0 0 0]	[0 0 0 0 0 0]	[0 0 0 0 0 0]
94	0.14249999821186066	0.2958919405937195	0.23733434081077576	0.0004911384894512594	0.011571536771953106	0.04649491235613823	False	[1 0 0 0 0 0]	[0 0 0 1 0 0]	[0 0 0 1 0 0]	[0 0 0 1 0 0]
94	0.125	0.20660501718521118	0.14516876637935638	0.00037008486106060445	0.003378628520295024	0.057687532156705856	False	[0 0 0 0 0 0]	[0 0 0 0 0 0]	[0 0 0 0 0 0]	[0 0 0 0 0 0]
95	0.13500000536441803	0.313322514295578	0.25673002004623413	0.0004716745752375573	0.010661737993359566	0.04545906186103821	False	[1 0 0 0 0 0]	[0 0 0 1 0 0]	[0 0 0 1 0 0]	[0 0 0 1 0 0]
95	0.12250000238418579	0.22211839258670807	0.16026008129119873	0.00037571508437395096	0.003384832525625825	0.05809776112437248	False	[0 0 0 0 0 0]	[0 0 0 0 0 0]	[0 0 0 0 0 0]	[0 0 0 0 0 0]
95	0.1274999976158142	0.30957645177841187	0.254942387342453	0.00048120689461939037	0.010162224061787128	0.0439906008541584	False	[1 0 0 0 0 0]	[0 0 0 1 0 0]	[0 0 0 1 0 0]	[0 0 0 1 0 0]
95	0.12250000238418579	0.22384046018123627	0.161508709192276	0.00038332404801622033	0.0034495326690375805	0.05849890410900116	False	[0 0 0 0 0 0]	[0 0 0 0 0 0]	[0 0 0 0 0 0]	[0 0 0 0 0 0]
95	0.12999999523162842	0.32775744795799255	0.27033528685569763	0.00045263010542839766	0.010591641999781132	0.046377867460250854	False	[1 0 0 0 0 0]	[0 0 0 1 0 0]	[0 0 0 1 0 0]	[0 0 0 1 0 0]
95	0.11999999731779099	0.2230742871761322	0.161288321018219	0.0003777637903112918	0.0035340767353773117	0.057874131947755814	False	[0 0 0 0 0 0]	[0 0 0 0 0 0]	[0 0 0 0 0 0]	[0 0 0 0 0 0]
95	0.12250000238418579	0.3220517933368683	0.26555120944976807	0.00048568579950369895	0.010604861192405224	0.04541003704071045	False	[1 0 0 0 0 0]	[0 0 0 1 0 0]	[0 0 0 1 0 0]	[0 0 0 1 0 0]
95	0.125	0.22405573725700378	0.16237898170948029	0.0003656157059594989	0.003472754266113043	0.05783838406205177	False	[0 0 0 0 0 0]	[0 0 0 0 0 0]	[0 0 0 0 0 0]	[0 0 0 0 0 0]
95	0.14249999821186066	0.30689650774002075	0.24976910650730133	0.0004728773492388427	0.011268723756074905	0.04538578912615776	False	[1 0 0 0 0 0]	[0 0 0 1 0 0]	[0 0 0 1 0 0]	[0 0 0 1 0 0]
95	0.10999999940395355	0.22377043962478638	0.16169217228889465	0.0003842077567242086	0.003419102169573307	0.05827496200799942	False	[0 0 0 0 0 0]	[0 0 0 0 0 0]	[0 0 0 0 0 0]	[0 0 0 0 0 0]
95	0.14000000059604645	0.34853047132492065	0.2912302613258362	0.0004975720075890422	0.009949480183422565	0.04685314744710922	False	[1 0 0 0 0 0]	[0 0 0 1 0 0]	[0 0 0 1 0 0]	[0 0 0 1 0 0]
95	0.12250000238418579	0.22674912214279175	0.16433893144130707	0.0003676603955682367	0.0035422109067440033	0.058500319719314575	False	[0 0 0 0 0 0]	[0 0 0 0 0 0]	[0 0 0 0 0 0]	[0 0 0 0 0 0]
95	0.14000000059604645	0.34449657797813416	0.28749269247055054	0.0004948590067215264	0.00992981344461441	0.04657921567559242	False	[1 0 0 0 0 0]	[0 0 0 1 0 0]	[0 0 0 1 0 0]	[0 0 0 1 0 0]
95	0.11749999970197678	0.2259417176246643	0.16412755846977234	0.00038401622441597283	0.003373718587681651	0.05805642530322075	False	[0 0 0 0 0 0]	[0 0 0 0 0 0]	[0 0 0 0 0 0]	[0 0 0 0 0 0]
95	0.14499999582767487	0.3366759121417999	0.2806563973426819	0.000503831950481981	0.009790102951228619	0.04572557657957077	False	[1 0 0 0 0 0]	[0 0 0 1 0 0]	[0 0 0 1 0 0]	[0 0 0 1 0 0]
95	0.12250000238418579	0.22531618177890778	0.1628500372171402	0.00038886090624146163	0.003323445562273264	0.058753836899995804	False	[0 0 0 0 0 0]	[0 0 0 0 0 0]	[0 0 0 0 0 0]	[0 0 0 0 0 0]
95	0.14499999582767487	0.3179629445075989	0.2599034309387207	0.0004694695817306638	0.011291890405118465	0.046298131346702576	False	[1 0 0 0 0 0]	[0 0 0 1 0 0]	[0 0 0 1 0 0]	[0 0 0 1 0 0]
95	0.12250000238418579	0.22368882596492767	0.16179729998111725	0.0003659668145701289	0.0034724606666713953	0.058053094893693924	False	[0 0 0 0 0 0]	[0 0 0 0 0 0]	[0 0 0 0 0 0]	[0 0 0 0 0 0]
95	0.14499999582767487	0.31048139929771423	0.2534569501876831	0.00045873771887272596	0.011045755818486214	0.045519959181547165	False	[1 0 0 0 0 0]	[0 0 0 1 0 0]	[0 0 0 1 0 0]	[0 0 0 1 0 0]
95	0.125	0.22067806124687195	0.15886378288269043	0.00037913623964414	0.003481426276266575	0.05795370787382126	False	[0 0 0 0 0 0]	[0 0 0 0 0 0]	[0 0 0 0 0 0]	[0 0 0 0 0 0]
95	0.13750000298023224	0.3512442708015442	0.29355114698410034	0.0005101316492073238	0.010030549019575119	0.047152452170848846	False	[1 0 0 0 0 0]	[0 0 0 1 0 0]	[0 0 0 1 0 0]	[0 0 0 1 0 0]
95	0.12250000238418579	0.22063013911247253	0.1592613011598587	0.0003786481684073806	0.0034537971951067448	0.057536400854587555	False	[0 0 0 0 0 0]	[0 0 0 0 0 0]	[0 0 0 0 0 0]	[0 0 0 0 0 0]
95	0.12999999523162842	0.33555564284324646	0.2780234217643738	0.0005029431194998324	0.010497648268938065	0.04653162136673927	False	[1 0 0 0 0 0]	[0 0 0 1 0 0]	[0 0 0 1 0 0]	[0 0 0 1 0 0]
95	0.12250000238418579	0.2275751680135727	0.1659393161535263	0.0003610102867241949	0.003421399276703596	0.057853441685438156	False	[0 0 0 0 0 0]	[0 0 0 0 0 0]	[0 0 0 0 0 0]	[0 0 0 0 0 0]
95	0.13500000536441803	0.33729884028434753	0.28118836879730225	0.0005063203861936927	0.009890577755868435	0.04571356624364853	False	[1 0 0 0 0 0]	[0 0 0 1 0 0]	[0 0 0 1 0 0]	[0 0 0 1 0 0]
95	0.12250000238418579	0.22437980771064758	0.16237959265708923	0.0003537492884788662	0.00347214681096375	0.05817431956529617	False	[0 0 0 0 0 0]	[0 0 0 0 0 0]	[0 0 0 0 0 0]	[0 0 0 0 0 0]
95	0.13500000536441803	0.34473633766174316	0.28750619292259216	0.0004910918651148677	0.010055209510028362	0.04668385908007622	False	[1 0 0 0 0 0]	[0 0 0 1 0 0]	[0 0 0 1 0 0]	[0 0 0 1 0 0]
95	0.125	0.22827394306659698	0.16629548370838165	0.00036993128014728427	0.0033583571203052998	0.05825015902519226	False	[0 0 0 0 0 0]	[0 0 0 0 0 0]	[0 0 0 0 0 0]	[0 0 0 0 0 0]
95	0.125	0.31860676407814026	0.2616400122642517	0.0004735164693556726	0.010874532163143158	0.0456186942756176	False	[1 0 0 0 0 0]	[0 0 0 1 0 0]	[0 0 0 1 0 0]	[0 0 0 1 0 0]
95	0.12250000238418579	0.2277195006608963	0.1648118793964386	0.0003758371458388865	0.003479333594441414	0.05905245244503021	False	[0 0 0 0 0 0]	[0 0 0 0 0 0]	[0 0 0 0 0 0]	[0 0 0 0 0 0]
96	0.15000000596046448	0.3027041256427765	0.2511913776397705	0.00040509572136215866	0.010279540903866291	0.040828101336956024	False	[1 0 0 0 0 0]	[0 0 0 1 0 0]	[0 0 0 1 0 0]	[0 0 0 1 0 0]
96	0.125	0.23295685648918152	0.17703424394130707	0.00035420211497694254	0.0037039699964225292	0.051864441484212875	False	[0 0 0 0 0 0]	[0 0 0 0 0 0]	[0 0 0 0 0 0]	[0 0 0 0 0 0]
96	0.14000000059604645	0.3180636763572693	0.2668519616127014	0.0004410369147080928	0.009496310725808144	0.04127435386180878	False	[1 0 0 0 0 0]	[0 0 0 1 0 0]	[0 0 0 1 0 0]	[0 0 0 1 0 0]
96	0.12250000238418579	0.23944103717803955	0.1814899742603302	0.000365873595001176	0.0038118145894259214	0.05377337709069252	False	[0 0 0 0 0 0]	[0 0 0 0 0 0]	[0 0 0 0 0 0]	[0 0 0 0 0 0]
96	0.14499999582767487	0.29961875081062317	0.24847541749477386	0.00043077822192572057	0.010275392793118954	0.04043716564774513	False	[1 0 0 0 0 0]	[0 0 0 1 0 0]	[0 0 0 1 0 0]	[0 0 0 1 0 0]
96	0.12250000238418579	0.23720555007457733	0.1793769896030426	0.00035932110040448606	0.0038304810877889395	0.0536387600004673	False	[0 0 0 0 0 0]	[0 0 0 0 0 0]	[0 0 0 0 0 0]	[0 0 0 0 0 0]
96	0.13500000536441803	0.30877891182899475	0.25693678855895996	0.00043224022374488413	0.010139505378901958	0.04127037525177002	False	[1 0 0 0 0 0]	[0 0 0 1 0 0]	[0 0 0 1 0 0]	[0 0 0 1 0 0]
96	0.12999999523162842	0.2338530421257019	0.1761540323495865	0.0003701865498442203	0.003885867539793253	0.05344294756650925	False	[0 0 0 0 0 0]	[0 0 0 0 0 0]	[0 0 0 0 0 0]	[0 0 0 0 0 0]
96	0.13500000536441803	0.3062782883644104	0.2545468509197235	0.000415280694141984	0.010238021612167358	0.0410781055688858	False	[1 0 0 0 0 0]	[0 0 0 1 0 0]	[0 0 0 1 0 0]	[0 0 0 1 0 0]
96	0.11999999731779099	0.24014654755592346	0.18283087015151978	0.00035356139414943755	0.003728569485247135	0.0532335489988327	False	[0 0 0 0 0 0]	[0 0 0 0 0 0]	[0 0 0 0 0 0]	[0 0 0 0 0 0]
96	0.125	0.30784091353416443	0.25859594345092773	0.00045313540613278747	0.009133701212704182	0.039658140391111374	False	[1 0 0 0 0 0]	[0 0 0 1 0 0]	[0 0 0 1 0 0]	[0 0 0 1 0 0]
96	0.11749999970197678	0.2333717793226242	0.17602653801441193	0.00039702781941741705	0.0038413244765251875	0.053106889128685	False	[0 0 0 0 0 0]	[0 0 0 0 0 0]	[0 0 0 0 0 0]	[0 0 0 0 0 0]
96	0.13500000536441803	0.32124578952789307	0.26860588788986206	0.00043966894736513495	0.009959428571164608	0.04224080219864845	False	[1 0 0 0 0 0]	[0 0 0 1 0 0]	[0 0 0 1 0 0]	[0 0 0 1 0 0]
96	0.11500000208616257	0.240726500749588	0.18319500982761383	0.00037413343670777977	0.0036965426988899708	0.05346080660820007	False	[0 0 0 0 0 0]	[0 0 0 0 0 0]	[0 0 0 0 0 0]	[0 0 0 0 0 0]
96	0.12999999523162842	0.3120231330394745	0.2618092894554138	0.00045124010648578405	0.009509504772722721	0.04025309532880783	False	[1 0 0 0 0 0]	[0 0 0 1 0 0]	[0 0 0 1 0 0]	[0 0 0 1 0 0]
96	0.12250000238418579	0.23469629883766174	0.17737704515457153	0.0003529408131726086	0.003830189583823085	0.053136132657527924	False	[0 0 0 0 0 0]	[0 0 0 0 0 0]	[0 0 0 0 0 0]	[0 0 0 0 0 0]
96	0.12999999523162842	0.30002763867378235	0.24910232424736023	0.000433995301136747	0.010086599737405777	0.04040471464395523	False	[1 0 0 0 0 0]	[0 0 0 1 0 0]	[0 0 0 1 0 0]	[0 0 0 1 0 0]
96	0.12250000238418579	0.2390299141407013	0.18147194385528564	0.00036746275145560503	0.0037950645200908184	0.05339544266462326	False	[0 0 0 0 0 0]	[0 0 0 0 0 0]	[0 0 0 0 0 0]	[0 0 0 0 0 0]
96	0.13249999284744263	0.32076478004455566	0.2695988416671753	0.000422107259510085	0.009648320265114307	0.041095491498708725	False	[1 0 0 0 0 0]	[0 0 0 1 0 0]	[0 0 0 1 0 0]	[0 0 0 1 0 0]
96	0.125	0.24212737381458282	0.1843070536851883	0.0003688074357341975	0.0037363958545029163	0.05371512472629547	False	[0 0 0 0 0 0]	[0 0 0 0 0 0]	[0 0 0 0 0 0]	[0 0 0 0 0 0]
96	0.14000000059604645	0.3117772340774536	0.26160311698913574	0.0004443459620233625	0.009349730797111988	0.040380023419857025	False	[1 0 0 0 0 0]	[0 0 0 1 0 0]	[0 0 0 1 0 0]	[0 0 0 1 0 0]
96	0.12250000238418579	0.2394976019859314	0.18150998651981354	0.00036171203828416765	0.0036826706491410732	0.05394323915243149	False	[0 0 0 0 0 0]	[0 0 0 0 0 0]	[0 0 0 0 0 0]	[0 0 0 0 0 0]
96	0.13500000536441803	0.2778261601924896	0.22745327651500702	0.0004244016017764807	0.010512511245906353	0.039435964077711105	False	[1 0 0 0 0 0]	[0 0 0 1 0 0]	[0 0 0 1 0 0]	[0 0 0 1 0 0]
96	0.125	0.23744350671768188	0.1806851029396057	0.0003731548204086721	0.0036516126710921526	0.05273362621665001	False	[0 0 0 0 0 0]	[0 0 0 0 0 0]	[0 0 0 0 0 0]	[0 0 0 0 0 0]
96	0.125	0.29194316267967224	0.24065205454826355	0.00042766655678860843	0.010430630296468735	0.040432821959257126	False	[1 0 0 0 0 0]	[0 0 0 1 0 0]	[0 0 0 1 0 0]	[0 0 0 1 0 0]
96	0.12250000238418579	0.24099139869213104	0.1829948127269745	0.00037015514681115746	0.0037295809015631676	0.05389684438705444	False	[0 0 0 0 0 0]	[0 0 0 0 0 0]	[0 0 0 0 0 0]	[0 0 0 0 0 0]
96	0.13500000536441803	0.3227691054344177	0.2724303603172302	0.0004466867248993367	0.00934477336704731	0.04054728150367737	False	[1 0 0 0 0 0]	[0 0 0 1 0 0]	[0 0 0 1 0 0]	[0 0 0 1 0 0]
96	0.12250000238418579	0.235342875123024	0.178530752658844	0.0003746825677808374	0.003778928192332387	0.05265849456191063	False	[0 0 0 0 0 0]	[0 0 0 0 0 0]	[0 0 0 0 0 0]	[0 0 0 0 0 0]
96	0.1274999976158142	0.29500678181648254	0.24190554022789001	0.00040927057852968574	0.011286430060863495	0.04140552505850792	False	[1 0 0 0 0 0]	[0 0 0 1 0 0]	[0 0 0 1 0 0]	[0 0 0 1 0 0]
96	0.125	0.23404991626739502	0.1775306910276413	0.0003454388352110982	0.0037949574179947376	0.052378833293914795	False	[0 0 0 0 0 0]	[0 0 0 0 0 0]	[0 0 0 0 0 0]	[0 0 0 0 0 0]
97	0.13500000536441803	0.27153876423835754	0.22301402688026428	0.0003752336779143661	0.009770110249519348	0.038379374891519547	False	[1 0 0 0 0 0]	[0 0 0 1 0 0]	[0 0 0 1 0 0]	[0 0 0 1 0 0]
97	0.125	0.2463328242301941	0.19021767377853394	0.00033700503990985453	0.0038783042691648006	0.051899831742048264	False	[0 0 0 0 0 0]	[0 0 0 0 0 0]	[0 0 0 0 0 0]	[0 0 0 0 0 0]
97	0.14000000059604645	0.2717103660106659	0.2241504192352295	0.0003703804686665535	0.009516286663711071	0.03767329081892967	False	[1 0 0 0 0 0]	[0 0 0 1 0 0]	[0 0 0 1 0 0]	[0 0 0 1 0 0]
97	0.12250000238418579	0.24724751710891724	0.19057869911193848	0.0003559681645128876	0.0037714987993240356	0.0525413379073143	False	[0 0 0 0 0 0]	[0 0 0 0 0 0]	[0 0 0 0 0 0]	[0 0 0 0 0 0]
97	0.1274999976158142	0.26861298084259033	0.22171039879322052	0.0003741169348359108	0.009120090864598751	0.037408363074064255	False	[1 0 0 0 0 0]	[0 0 0 1 0 0]	[0 0 0 1 0 0]	[0 0 0 1 0 0]
97	0.12250000238418579	0.24697189033031464	0.19039714336395264	0.00034902311745099723	0.0038580819964408875	0.052367642521858215	False	[0 0 0 0 0 0]	[0 0 0 0 0 0]	[0 0 0 0 0 0]	[0 0 0 0 0 0]
97	0.1525000035762787	0.2781832218170166	0.23187798261642456	0.00038379058241844177	0.008751552551984787	0.03716990351676941	False	[1 0 0 0 0 0]	[0 0 0 1 0 0]	[0 0 0 1 0 0]	[0 0 0 1 0 0]
97	0.11999999731779099	0.2505134344100952	0.19325989484786987	0.0003475496778264642	0.003904342418536544	0.05300163850188255	False	[0 0 0 0 0 0]	[0 0 0 0 0 0]	[0 0 0 0 0 0]	[0 0 0 0 0 0]
97	0.12999999523162842	0.22192510962486267	0.1742902249097824	0.0003535433206707239	0.010988176800310612	0.036293163895606995	False	[1 0 0 0 0 0]	[0 0 0 1 0 0]	[0 0 0 1 0 0]	[0 0 0 1 0 0]
97	0.12250000238418579	0.25246235728263855	0.1954534649848938	0.00034998476621694863	0.0038193596992641687	0.052839551120996475	False	[0 0 0 0 0 0]	[0 0 0 0 0 0]	[0 0 0 0 0 0]	[0 0 0 0 0 0]
97	0.12999999523162842	0.2795741558074951	0.23204448819160461	0.00037528062239289284	0.009163456968963146	0.037990935146808624	False	[1 0 0 0 0 0]	[0 0 0 1 0 0]	[0 0 0 1 0 0]	[0 0 0 1 0 0]
97	0.12250000238418579	0.24273136258125305	0.1864742785692215	0.00036883880966342986	0.0038802558556199074	0.052007995545864105	False	[0 0 0 0 0 0]	[0 0 0 0 0 0]	[0 0 0 0 0 0]	[0 0 0 0 0 0]
97	0.13500000536441803	0.24839405715465546	0.20085296034812927	0.0003501447499729693	0.010147389024496078	0.037043556571006775	False	[1 0 0 0 0 0]	[0 0 0 1 0 0]	[0 0 0 1 0 0]	[0 0 0 1 0 0]
97	0.12250000238418579	0.2511833608150482	0.19384008646011353	0.0003620964998845011	0.003910937812179327	0.05307023227214813	False	[0 0 0 0 0 0]	[0 0 0 0 0 0]	[0 0 0 0 0 0]	[0 0 0 0 0 0]
97	0.13500000536441803	0.24869349598884583	0.20002278685569763	0.0003496171557344496	0.011033717542886734	0.0372873917222023	False	[1 0 0 0 0 0]	[0 0 0 1 0 0]	[0 0 0 1 0 0]	[0 0 0 1 0 0]
97	0.11999999731779099	0.2533643841743469	0.19617240130901337	0.00033524585887789726	0.0038553595077246428	0.053001370280981064	False	[0 0 0 0 0 0]	[0 0 0 0 0 0]	[0 0 0 0 0 0]	[0 0 0 0 0 0]
97	0.14499999582767487	0.26361480355262756	0.21510179340839386	0.0003665527037810534	0.01012488268315792	0.03802158683538437	False	[1 0 0 0 0 0]	[0 0 0 1 0 0]	[0 0 0 1 0 0]	[0 0 0 1 0 0]
97	0.12250000238418579	0.2479076385498047	0.1910257190465927	0.00036379293305799365	0.0037961730267852545	0.05272194743156433	False	[0 0 0 0 0 0]	[0 0 0 0 0 0]	[0 0 0 0 0 0]	[0 0 0 0 0 0]
97	0.14000000059604645	0.28584712743759155	0.23889511823654175	0.00037968577817082405	0.008737137541174889	0.03783518075942993	False	[1 0 0 0 0 0]	[0 0 0 1 0 0]	[0 0 0 1 0 0]	[0 0 0 1 0 0]
97	0.11999999731779099	0.2477114200592041	0.1914379894733429	0.0003572783316485584	0.003916585817933083	0.051999546587467194	False	[0 0 0 0 0 0]	[0 0 0 0 0 0]	[0 0 0 0 0 0]	[0 0 0 0 0 0]
97	0.13500000536441803	0.3016364872455597	0.2548997402191162	0.00040152709698304534	0.008219840005040169	0.038115374743938446	False	[1 0 0 0 0 0]	[0 0 0 1 0 0]	[0 0 0 1 0 0]	[0 0 0 1 0 0]
97	0.125	0.2507931590080261	0.1936115175485611	0.00036899748374707997	0.003908938262611628	0.05290372297167778	False	[0 0 0 0 0 0]	[0 0 0 0 0 0]	[0 0 0 0 0 0]	[0 0 0 0 0 0]
97	0.125	0.24086305499076843	0.1934276819229126	0.00032555829966440797	0.010351712815463543	0.03675809130072594	False	[1 0 0 0 0 0]	[0 0 0 1 0 0]	[0 0 0 1 0 0]	[0 0 0 1 0 0]
97	0.12250000238418579	0.24299393594264984	0.1877930462360382	0.00034298349055461586	0.003875656519085169	0.05098225176334381	False	[0 0 0 0 0 0]	[0 0 0 0 0 0]	[0 0 0 0 0 0]	[0 0 0 0 0 0]
97	0.14000000059604645	0.2678929269313812	0.22073091566562653	0.0003731209726538509	0.009426107630133629	0.03736278414726257	False	[1 0 0 0 0 0]	[0 0 0 1 0 0]	[0 0 0 1 0 0]	[0 0 0 1 0 0]
97	0.125	0.25085383653640747	0.19412055611610413	0.0003302660188637674	0.003858888056129217	0.05254412069916725	False	[0 0 0 0 0 0]	[0 0 0 0 0 0]	[0 0 0 0 0 0]	[0 0 0 0 0 0]
97	0.13500000536441803	0.2570091784000397	0.2111220359802246	0.0003865543403662741	0.0091109499335289	0.036389660090208054	False	[1 0 0 0 0 0]	[0 0 0 1 0 0]	[0 0 0 1 0 0]	[0 0 0 1 0 0]
97	0.125	0.2467910349369049	0.19028577208518982	0.0003444555914029479	0.00394901167601347	0.05221179872751236	False	[0 0 0 0 0 0]	[0 0 0 0 0 0]	[0 0 0 0 0 0]	[0 0 0 0 0 0]
97	0.14000000059604645	0.2734610438346863	0.22561956942081451	0.00036931276554241776	0.009552916511893272	0.03791925311088562	False	[1 0 0 0 0 0]	[0 0 0 1 0 0]	[0 0 0 1 0 0]	[0 0 0 1 0 0]
97	0.11999999731779099	0.24478311836719513	0.1882951557636261	0.0003507359651848674	0.004048682749271393	0.05208854377269745	False	[0 0 0 0 0 0]	[0 0 0 0 0 0]	[0 0 0 0 0 0]	[0 0 0 0 0 0]
